[{"public_metrics": {"retweet_count": 1, "reply_count": 0, "like_count": 0, "quote_count": 0}, "referenced_tweets": [{"type": "retweeted", "id": "1037814165899898880"}], "id": "1038621977060102144", "source": "Twitter for Android", "lang": "es", "entities": {"urls": [{"start": 50, "end": 73, "url": "https://t.co/V42tWXuYtc", "expanded_url": "https://twitter.com/realamberheard/status/1000512130645479426", "display_url": "twitter.com/realamberheard\u2026"}], "mentions": [{"start": 3, "end": 19, "username": "ElDementeParke1", "id": "1161664536711065601"}, {"start": 31, "end": 46, "username": "CharlySegura11", "id": "917961197093249024"}]}, "created_at": "2018-09-09T02:55:50.000Z", "text": "RT @ElDementeParke1: Te hablan @CharlySegura11 :v https://t.co/V42tWXuYtc", "author_id": "917961197093249024", "quoted_tweet": {"public_metrics": {"retweet_count": 129, "reply_count": 33, "like_count": 890, "quote_count": 5}, "id": "1000512130645479426", "source": "Twitter for iPhone", "lang": "en", "entities": {"urls": [{"start": 14, "end": 37, "url": "https://t.co/K0IuVzC8Eg", "expanded_url": "http://www.justjared.com/2018/05/24/amber-heard-launches-fundraiser-to-help-sick-syrian-refugee-child-she-met-on-mission-trip-video/", "display_url": "justjared.com/2018/05/24/amb\u2026", "status": 200, "title": "Amber Heard Launches Fundraiser to Help Sick Syrian Refugee Child She Met on Mission Trip (Video)", "description": "Watch her video", "unwound_url": "https://www.justjared.com/2018/05/24/amber-heard-launches-fundraiser-to-help-sick-syrian-refugee-child-she-met-on-mission-trip-video/"}], "annotations": [{"start": 7, "end": 11, "probability": 0.9869, "type": "Person", "normalized_text": "Jared"}]}, "created_at": "2018-05-26T23:00:55.000Z", "text": "Thanks Jared! https://t.co/K0IuVzC8Eg", "author_id": "807003567605227520", "author": {"description": "Actor and Activist, semi-professional disruptor, ice cream advocate and shameless teacup yorkie-lover", "profile_image_url": "https://pbs.twimg.com/profile_images/1383196364792680448/N8CdupEu_normal.jpg", "id": "807003567605227520", "name": "Amber Heard", "public_metrics": {"followers_count": 190365, "following_count": 220, "tweet_count": 1150, "listed_count": 566}, "username": "realamberheard", "created_at": "2016-12-08T23:26:58.000Z", "location": "Los Angeles, CA", "url": "https://t.co/Ze18Ek9SOI"}}, "author": {"description": "\ud83c\udfb6\ud83c\udfb5 Don't stop for nothing, it's full speed or nothing...\ud83c\udfb5\ud83c\udfb6", "profile_image_url": "https://pbs.twimg.com/profile_images/1380294822787903489/RylyKuhE_normal.jpg", "id": "917961197093249024", "name": "Charly Segura", "public_metrics": {"followers_count": 45, "following_count": 240, "tweet_count": 6949, "listed_count": 0}, "username": "CharlySegura11", "created_at": "2017-10-11T03:52:59.000Z", "location": "Gotham, England", "url": "https://t.co/zmFDmc84hL"}}, {"public_metrics": {"retweet_count": 1, "reply_count": 0, "like_count": 1, "quote_count": 0}, "referenced_tweets": [{"type": "quoted", "id": "1000512130645479426"}], "id": "1037814165899898880", "source": "Twitter for Android", "lang": "es", "entities": {"urls": [{"start": 29, "end": 52, "url": "https://t.co/V42tWXuYtc", "expanded_url": "https://twitter.com/realamberheard/status/1000512130645479426", "display_url": "twitter.com/realamberheard\u2026"}], "mentions": [{"start": 10, "end": 25, "username": "CharlySegura11", "id": "917961197093249024"}]}, "created_at": "2018-09-06T21:25:53.000Z", "text": "Te hablan @CharlySegura11 :v https://t.co/V42tWXuYtc", "author_id": "1016719618730123264", "quoted_tweet": {"public_metrics": {"retweet_count": 129, "reply_count": 33, "like_count": 890, "quote_count": 5}, "id": "1000512130645479426", "source": "Twitter for iPhone", "lang": "en", "entities": {"urls": [{"start": 14, "end": 37, "url": "https://t.co/K0IuVzC8Eg", "expanded_url": "http://www.justjared.com/2018/05/24/amber-heard-launches-fundraiser-to-help-sick-syrian-refugee-child-she-met-on-mission-trip-video/", "display_url": "justjared.com/2018/05/24/amb\u2026", "status": 200, "title": "Amber Heard Launches Fundraiser to Help Sick Syrian Refugee Child She Met on Mission Trip (Video)", "description": "Watch her video", "unwound_url": "https://www.justjared.com/2018/05/24/amber-heard-launches-fundraiser-to-help-sick-syrian-refugee-child-she-met-on-mission-trip-video/"}], "annotations": [{"start": 7, "end": 11, "probability": 0.9869, "type": "Person", "normalized_text": "Jared"}]}, "created_at": "2018-05-26T23:00:55.000Z", "text": "Thanks Jared! https://t.co/K0IuVzC8Eg", "author_id": "807003567605227520", "author": {"description": "Actor and Activist, semi-professional disruptor, ice cream advocate and shameless teacup yorkie-lover", "profile_image_url": "https://pbs.twimg.com/profile_images/1383196364792680448/N8CdupEu_normal.jpg", "id": "807003567605227520", "name": "Amber Heard", "public_metrics": {"followers_count": 190365, "following_count": 220, "tweet_count": 1150, "listed_count": 566}, "username": "realamberheard", "created_at": "2016-12-08T23:26:58.000Z", "location": "Los Angeles, CA", "url": "https://t.co/Ze18Ek9SOI"}}, "author": {"description": "", "profile_image_url": "https://pbs.twimg.com/profile_images/1257718958012067842/3tr9ILPr_normal.jpg", "id": "1016719618730123264", "name": "DMG", "public_metrics": {"followers_count": 11, "following_count": 142, "tweet_count": 59, "listed_count": 0}, "username": "31416_dmg", "created_at": "2018-07-10T16:23:41.000Z", "url": "https://t.co/4Ur7hd41DF"}}, {"public_metrics": {"retweet_count": 0, "reply_count": 0, "like_count": 0, "quote_count": 0}, "referenced_tweets": [{"type": "quoted", "id": "1000512130645479426"}], "id": "1000806111132372992", "source": "Twitter for Android", "lang": "en", "entities": {"urls": [{"start": 40, "end": 63, "url": "https://t.co/5VE0OveL0H", "expanded_url": "https://twitter.com/realamberheard/status/1000512130645479426", "display_url": "twitter.com/realamberheard\u2026"}], "annotations": [{"start": 4, "end": 6, "probability": 0.9575, "type": "Other", "normalized_text": "God"}]}, "created_at": "2018-05-27T18:29:05.000Z", "text": "May God will repay for what u doin sis\ud83d\ude1a https://t.co/5VE0OveL0H", "author_id": "2997247166", "quoted_tweet": {"public_metrics": {"retweet_count": 129, "reply_count": 33, "like_count": 890, "quote_count": 5}, "id": "1000512130645479426", "source": "Twitter for iPhone", "lang": "en", "entities": {"urls": [{"start": 14, "end": 37, "url": "https://t.co/K0IuVzC8Eg", "expanded_url": "http://www.justjared.com/2018/05/24/amber-heard-launches-fundraiser-to-help-sick-syrian-refugee-child-she-met-on-mission-trip-video/", "display_url": "justjared.com/2018/05/24/amb\u2026", "status": 200, "title": "Amber Heard Launches Fundraiser to Help Sick Syrian Refugee Child She Met on Mission Trip (Video)", "description": "Watch her video", "unwound_url": "https://www.justjared.com/2018/05/24/amber-heard-launches-fundraiser-to-help-sick-syrian-refugee-child-she-met-on-mission-trip-video/"}], "annotations": [{"start": 7, "end": 11, "probability": 0.9869, "type": "Person", "normalized_text": "Jared"}]}, "created_at": "2018-05-26T23:00:55.000Z", "text": "Thanks Jared! https://t.co/K0IuVzC8Eg", "author_id": "807003567605227520", "author": {"description": "Actor and Activist, semi-professional disruptor, ice cream advocate and shameless teacup yorkie-lover", "profile_image_url": "https://pbs.twimg.com/profile_images/1383196364792680448/N8CdupEu_normal.jpg", "id": "807003567605227520", "name": "Amber Heard", "public_metrics": {"followers_count": 190365, "following_count": 220, "tweet_count": 1150, "listed_count": 566}, "username": "realamberheard", "created_at": "2016-12-08T23:26:58.000Z", "location": "Los Angeles, CA", "url": "https://t.co/Ze18Ek9SOI"}}, "author": {"description": "Marvel Fan | Keanu Reeves Fan | All About Keanu Reeves | @Ronkillings Wwe R-truth Fan | One Piece | Naruto&Boruto |", "profile_image_url": "https://pbs.twimg.com/profile_images/1287324560660946944/nrrZIXMx_normal.jpg", "id": "2997247166", "name": "Frank RahimSon", "public_metrics": {"followers_count": 195, "following_count": 99, "tweet_count": 2898, "listed_count": 1}, "username": "FrankRahimson", "created_at": "2015-01-26T15:33:30.000Z", "location": "Kuala Lumpur City, Malaysia", "url": "https://t.co/SY7Hfv1qre"}}, {"public_metrics": {"retweet_count": 0, "reply_count": 0, "like_count": 3, "quote_count": 0}, "referenced_tweets": [{"type": "quoted", "id": "1000512130645479426"}], "id": "1000535526947147777", "source": "Twitter Web App", "lang": "en", "entities": {"urls": [{"start": 50, "end": 73, "url": "https://t.co/bdad2XFtX8", "expanded_url": "https://twitter.com/realamberheard/status/1000512130645479426", "display_url": "twitter.com/realamberheard\u2026"}], "annotations": [{"start": 0, "end": 4, "probability": 0.8349, "type": "Person", "normalized_text": "Amber"}]}, "created_at": "2018-05-27T00:33:53.000Z", "text": "Amber Heard is a good person for helping a child! https://t.co/bdad2XFtX8", "author_id": "915680816415559680", "quoted_tweet": {"public_metrics": {"retweet_count": 129, "reply_count": 33, "like_count": 890, "quote_count": 5}, "id": "1000512130645479426", "source": "Twitter for iPhone", "lang": "en", "entities": {"urls": [{"start": 14, "end": 37, "url": "https://t.co/K0IuVzC8Eg", "expanded_url": "http://www.justjared.com/2018/05/24/amber-heard-launches-fundraiser-to-help-sick-syrian-refugee-child-she-met-on-mission-trip-video/", "display_url": "justjared.com/2018/05/24/amb\u2026", "status": 200, "title": "Amber Heard Launches Fundraiser to Help Sick Syrian Refugee Child She Met on Mission Trip (Video)", "description": "Watch her video", "unwound_url": "https://www.justjared.com/2018/05/24/amber-heard-launches-fundraiser-to-help-sick-syrian-refugee-child-she-met-on-mission-trip-video/"}], "annotations": [{"start": 7, "end": 11, "probability": 0.9869, "type": "Person", "normalized_text": "Jared"}]}, "created_at": "2018-05-26T23:00:55.000Z", "text": "Thanks Jared! https://t.co/K0IuVzC8Eg", "author_id": "807003567605227520", "author": {"description": "Actor and Activist, semi-professional disruptor, ice cream advocate and shameless teacup yorkie-lover", "profile_image_url": "https://pbs.twimg.com/profile_images/1383196364792680448/N8CdupEu_normal.jpg", "id": "807003567605227520", "name": "Amber Heard", "public_metrics": {"followers_count": 190365, "following_count": 220, "tweet_count": 1150, "listed_count": 566}, "username": "realamberheard", "created_at": "2016-12-08T23:26:58.000Z", "location": "Los Angeles, CA", "url": "https://t.co/Ze18Ek9SOI"}}, "author": {"description": "", "profile_image_url": "https://pbs.twimg.com/profile_images/1427054562351927297/-nuVP0Zi_normal.jpg", "id": "915680816415559680", "name": "Kevin #BatmanFan", "public_metrics": {"followers_count": 40, "following_count": 227, "tweet_count": 1401, "listed_count": 0}, "username": "HenryAff17", "created_at": "2017-10-04T20:51:33.000Z", "url": ""}}, {"public_metrics": {"retweet_count": 0, "reply_count": 0, "like_count": 2, "quote_count": 0}, "referenced_tweets": [{"type": "quoted", "id": "1000512130645479426"}], "id": "1000523760129241089", "source": "Twitter for iPhone", "lang": "und", "entities": {"urls": [{"start": 15, "end": 38, "url": "https://t.co/gUjSpFtTrx", "expanded_url": "https://twitter.com/realamberheard/status/1000512130645479426", "display_url": "twitter.com/realamberheard\u2026"}], "mentions": [{"start": 0, "end": 9, "username": "JaredEng", "id": "1173831"}]}, "created_at": "2018-05-26T23:47:07.000Z", "text": "@JaredEng !!!! https://t.co/gUjSpFtTrx", "author_id": "99407275", "in_reply_to_user_id": "1173831", "quoted_tweet": {"public_metrics": {"retweet_count": 129, "reply_count": 33, "like_count": 890, "quote_count": 5}, "id": "1000512130645479426", "source": "Twitter for iPhone", "lang": "en", "entities": {"urls": [{"start": 14, "end": 37, "url": "https://t.co/K0IuVzC8Eg", "expanded_url": "http://www.justjared.com/2018/05/24/amber-heard-launches-fundraiser-to-help-sick-syrian-refugee-child-she-met-on-mission-trip-video/", "display_url": "justjared.com/2018/05/24/amb\u2026", "status": 200, "title": "Amber Heard Launches Fundraiser to Help Sick Syrian Refugee Child She Met on Mission Trip (Video)", "description": "Watch her video", "unwound_url": "https://www.justjared.com/2018/05/24/amber-heard-launches-fundraiser-to-help-sick-syrian-refugee-child-she-met-on-mission-trip-video/"}], "annotations": [{"start": 7, "end": 11, "probability": 0.9869, "type": "Person", "normalized_text": "Jared"}]}, "created_at": "2018-05-26T23:00:55.000Z", "text": "Thanks Jared! https://t.co/K0IuVzC8Eg", "author_id": "807003567605227520", "author": {"description": "Actor and Activist, semi-professional disruptor, ice cream advocate and shameless teacup yorkie-lover", "profile_image_url": "https://pbs.twimg.com/profile_images/1383196364792680448/N8CdupEu_normal.jpg", "id": "807003567605227520", "name": "Amber Heard", "public_metrics": {"followers_count": 190365, "following_count": 220, "tweet_count": 1150, "listed_count": 566}, "username": "realamberheard", "created_at": "2016-12-08T23:26:58.000Z", "location": "Los Angeles, CA", "url": "https://t.co/Ze18Ek9SOI"}}, "author": {"description": "Producer & Writer. Cop and a Half 's Devon Butler.", "profile_image_url": "https://pbs.twimg.com/profile_images/1494084928509825024/I2SjPzx0_normal.jpg", "id": "99407275", "name": "Norman D. Golden ll", "public_metrics": {"followers_count": 4529, "following_count": 739, "tweet_count": 137993, "listed_count": 0}, "username": "NormanGoldenll", "created_at": "2009-12-26T02:47:11.000Z", "url": ""}}, {"public_metrics": {"retweet_count": 0, "reply_count": 0, "like_count": 0, "quote_count": 0}, "referenced_tweets": [{"type": "quoted", "id": "1000512130645479426"}], "id": "1000513297735548928", "source": "Twitter for Android", "lang": "en", "entities": {"urls": [{"start": 24, "end": 47, "url": "https://t.co/nCnZzSndOI", "expanded_url": "https://twitter.com/realamberheard/status/1000512130645479426", "display_url": "twitter.com/realamberheard\u2026"}], "mentions": [{"start": 8, "end": 23, "username": "realamberheard", "id": "807003567605227520"}]}, "created_at": "2018-05-26T23:05:33.000Z", "text": "Love it @realamberheard https://t.co/nCnZzSndOI", "author_id": "146365198", "quoted_tweet": {"public_metrics": {"retweet_count": 129, "reply_count": 33, "like_count": 890, "quote_count": 5}, "id": "1000512130645479426", "source": "Twitter for iPhone", "lang": "en", "entities": {"urls": [{"start": 14, "end": 37, "url": "https://t.co/K0IuVzC8Eg", "expanded_url": "http://www.justjared.com/2018/05/24/amber-heard-launches-fundraiser-to-help-sick-syrian-refugee-child-she-met-on-mission-trip-video/", "display_url": "justjared.com/2018/05/24/amb\u2026", "status": 200, "title": "Amber Heard Launches Fundraiser to Help Sick Syrian Refugee Child She Met on Mission Trip (Video)", "description": "Watch her video", "unwound_url": "https://www.justjared.com/2018/05/24/amber-heard-launches-fundraiser-to-help-sick-syrian-refugee-child-she-met-on-mission-trip-video/"}], "annotations": [{"start": 7, "end": 11, "probability": 0.9869, "type": "Person", "normalized_text": "Jared"}]}, "created_at": "2018-05-26T23:00:55.000Z", "text": "Thanks Jared! https://t.co/K0IuVzC8Eg", "author_id": "807003567605227520", "author": {"description": "Actor and Activist, semi-professional disruptor, ice cream advocate and shameless teacup yorkie-lover", "profile_image_url": "https://pbs.twimg.com/profile_images/1383196364792680448/N8CdupEu_normal.jpg", "id": "807003567605227520", "name": "Amber Heard", "public_metrics": {"followers_count": 190365, "following_count": 220, "tweet_count": 1150, "listed_count": 566}, "username": "realamberheard", "created_at": "2016-12-08T23:26:58.000Z", "location": "Los Angeles, CA", "url": "https://t.co/Ze18Ek9SOI"}}, "author": {"description": "YOUNG OLD AND FOOL. Bukan Karyawan Google. Jual Rambak. Do Not Take It Seriously. Tukang Sapu 3,5 Tahun dan setelahnya.\nTokopedia: https://t.co/Fi8GNpiXvG", "profile_image_url": "https://pbs.twimg.com/profile_images/1506310395891437571/bAcoC7uM_normal.jpg", "id": "146365198", "name": "Socio Geeks", "public_metrics": {"followers_count": 14670, "following_count": 737, "tweet_count": 297283, "listed_count": 138}, "username": "sociogeeks_", "created_at": "2010-05-21T07:27:57.000Z", "location": "Belize", "url": "https://t.co/Fhs1fgoqoM"}}]