[{"text": "\u062d\u0644\u0645\u064a \u0642\u0627\u0639\u062f \u064a\u062a\u062d\u0642\u0642 \u0627\u0644\u0643\u0627\u0631\u062f\u0634\u064a\u0627\u0646 \u0648\u0647\u064a\u0631\u062f \u0627\u0646\u0644\u0646\u0644\u0646\u0646\u0644\u0646\u0644\u062a\u0644\u062a\u0644\u062a\u0644\u062a\u0628\u062a\u0628\u062a\u064a\u0627\u064a\u0627\u064a\u0627\u0637\u064a\u0627\u0627\u064a\u0627\u064a\u063a\u0628\u0639\u0628\u0639\u0628\u0639\u0628\u0627\u0627\u0628 https://t.co/NFdApX6nVO", "source": "Twitter for iPhone", "referenced_tweets": [{"type": "quoted", "id": "1002585818949738496"}], "public_metrics": {"retweet_count": 0, "reply_count": 1, "like_count": 0, "quote_count": 0}, "lang": "ar", "id": "1002588907068952576", "created_at": "2018-06-01T16:33:17.000Z", "entities": {"urls": [{"start": 79, "end": 102, "url": "https://t.co/NFdApX6nVO", "expanded_url": "https://twitter.com/realamberheard/status/1002585818949738496", "display_url": "twitter.com/realamberheard\u2026"}]}, "author_id": "967064246755495936", "quoted_tweet": {"text": "@kourtneykardash @sams_usa Much love and thanks to the one and only @kourtneykardash for your huge heart and ongoing support of @sams_usa", "source": "Twitter for iPhone", "referenced_tweets": [{"type": "replied_to", "id": "1002405275939172352"}], "in_reply_to_user_id": "23617610", "public_metrics": {"retweet_count": 26, "reply_count": 4, "like_count": 123, "quote_count": 1}, "lang": "en", "id": "1002585818949738496", "created_at": "2018-06-01T16:21:01.000Z", "entities": {"mentions": [{"start": 0, "end": 16, "username": "kourtneykardash", "id": "23617610"}, {"start": 17, "end": 26, "username": "sams_usa", "id": "471737223"}, {"start": 68, "end": 84, "username": "kourtneykardash", "id": "23617610"}, {"start": 128, "end": 137, "username": "sams_usa", "id": "471737223"}]}, "author_id": "807003567605227520", "author": {"public_metrics": {"followers_count": 190364, "following_count": 220, "tweet_count": 1150, "listed_count": 566}, "location": "Los Angeles, CA", "profile_image_url": "https://pbs.twimg.com/profile_images/1383196364792680448/N8CdupEu_normal.jpg", "url": "https://t.co/Ze18Ek9SOI", "username": "realamberheard", "description": "Actor and Activist, semi-professional disruptor, ice cream advocate and shameless teacup yorkie-lover", "id": "807003567605227520", "name": "Amber Heard", "created_at": "2016-12-08T23:26:58.000Z"}}, "author": {"public_metrics": {"followers_count": 265, "following_count": 256, "tweet_count": 7124, "listed_count": 5}, "profile_image_url": "https://pbs.twimg.com/profile_images/1501955904043995143/VtSTNf7u_normal.jpg", "url": "", "username": "urlilharlot", "description": "dreaming away your life", "id": "967064246755495936", "name": "Ale", "created_at": "2018-02-23T15:50:58.000Z"}}]