[{"lang": "es", "text": "Mientras el golpeador se queja de sus asquerosas adicciones y pendejadas y recibe la l\u00e1stima de sus groupies idiotas, la golpeada lucha por derechos de minor\u00edas en su pa\u00eds.\n\n MUJERON https://t.co/oAXrD1rSY3", "author_id": "23488353", "id": "1010946559738089474", "created_at": "2018-06-24T18:03:36.000Z", "source": "Twitter for Android", "public_metrics": {"retweet_count": 0, "reply_count": 0, "like_count": 0, "quote_count": 0}, "entities": {"urls": [{"start": 183, "end": 206, "url": "https://t.co/oAXrD1rSY3", "expanded_url": "https://twitter.com/realamberheard/status/1010944990309216258", "display_url": "twitter.com/realamberheard\u2026"}]}, "referenced_tweets": [{"type": "quoted", "id": "1010944990309216258"}], "quoted_tweet": {"lang": "und", "text": "#StopSeparatingFamilies https://t.co/Py9sDVK6f9", "author_id": "807003567605227520", "id": "1010944990309216258", "created_at": "2018-06-24T17:57:22.000Z", "source": "Twitter for iPhone", "public_metrics": {"retweet_count": 119, "reply_count": 19, "like_count": 536, "quote_count": 2}, "entities": {"urls": [{"start": 24, "end": 47, "url": "https://t.co/Py9sDVK6f9", "expanded_url": "https://twitter.com/realamberheard/status/1010944990309216258/video/1", "display_url": "pic.twitter.com/Py9sDVK6f9"}], "hashtags": [{"start": 0, "end": 23, "tag": "StopSeparatingFamilies"}]}, "author": {"location": "Los Angeles, CA", "created_at": "2016-12-08T23:26:58.000Z", "id": "807003567605227520", "description": "Actor and Activist, semi-professional disruptor, ice cream advocate and shameless teacup yorkie-lover", "public_metrics": {"followers_count": 190364, "following_count": 220, "tweet_count": 1150, "listed_count": 566}, "username": "realamberheard", "name": "Amber Heard", "url": "https://t.co/Ze18Ek9SOI", "profile_image_url": "https://pbs.twimg.com/profile_images/1383196364792680448/N8CdupEu_normal.jpg"}}, "author": {"location": "Orodruin", "created_at": "2009-03-09T19:44:37.000Z", "id": "23488353", "description": "How can this mean anything to me?\n\n If I really don't feel anything at all?", "public_metrics": {"followers_count": 130, "following_count": 341, "tweet_count": 8362, "listed_count": 2}, "username": "Litool", "name": "Mr. Crowley", "url": "", "profile_image_url": "https://pbs.twimg.com/profile_images/1483707816326184962/2R2R6TXm_normal.jpg"}}]