[{"id": "1010390265167785984", "entities": {"urls": [{"start": 7, "end": 30, "url": "https://t.co/lwDwShqIAX", "expanded_url": "https://twitter.com/realamberheard/status/1010386597878030342", "display_url": "twitter.com/realamberheard\u2026"}]}, "lang": "es", "author_id": "2170892027", "referenced_tweets": [{"type": "quoted", "id": "1010386597878030342"}], "public_metrics": {"retweet_count": 0, "reply_count": 0, "like_count": 1, "quote_count": 0}, "text": "te amo https://t.co/lwDwShqIAX", "created_at": "2018-06-23T05:13:06.000Z", "source": "Twitter for Android", "quoted_tweet": {"in_reply_to_user_id": "342863309", "id": "1010386597878030342", "entities": {"mentions": [{"start": 0, "end": 12, "username": "BetoORourke", "id": "342863309"}]}, "lang": "es", "author_id": "807003567605227520", "referenced_tweets": [{"type": "replied_to", "id": "1010250740391120896"}], "public_metrics": {"retweet_count": 18, "reply_count": 4, "like_count": 134, "quote_count": 1}, "text": "@BetoORourke Gracias por todo su trabajo sin descanso que sigue haciendo para defender la dignidad de nuestros vecinos, amigos y queridos y hasta nuestros principios \u201cAmericanos\u201d", "created_at": "2018-06-23T04:58:31.000Z", "source": "Twitter for iPhone", "author": {"url": "https://t.co/Ze18Ek9SOI", "username": "realamberheard", "description": "Actor and Activist, semi-professional disruptor, ice cream advocate and shameless teacup yorkie-lover", "name": "Amber Heard", "location": "Los Angeles, CA", "created_at": "2016-12-08T23:26:58.000Z", "profile_image_url": "https://pbs.twimg.com/profile_images/1383196364792680448/N8CdupEu_normal.jpg", "public_metrics": {"followers_count": 190364, "following_count": 220, "tweet_count": 1150, "listed_count": 566}, "id": "807003567605227520"}}, "author": {"url": "", "username": "TOZAKICORE", "description": "this is for... all the independent ladies!", "name": "lou \u2661\u0336", "location": "she/her. fan account.", "created_at": "2013-11-06T14:35:45.000Z", "profile_image_url": "https://pbs.twimg.com/profile_images/1506762075409768451/r2Zznq_I_normal.jpg", "public_metrics": {"followers_count": 2268, "following_count": 472, "tweet_count": 163659, "listed_count": 42}, "id": "2170892027"}}]