[{"source": "Twitter Web Client", "author_id": "827604575465197573", "id": "1014255450416713728", "entities": {"urls": [{"start": 54, "end": 77, "url": "https://t.co/B6tAjtPm5R", "expanded_url": "https://twitter.com/realamberheard/status/1014128875008413696", "display_url": "twitter.com/realamberheard\u2026"}]}, "created_at": "2018-07-03T21:11:57.000Z", "public_metrics": {"retweet_count": 0, "reply_count": 0, "like_count": 0, "quote_count": 0}, "text": "BONJOUR AU PAYS DE LA LUMIERE  AMBER T ES UNE LUMIERE https://t.co/B6tAjtPm5R", "lang": "fr", "quoted_tweet": {"source": "Instagram", "author_id": "807003567605227520", "id": "1014128875008413696", "entities": {"urls": [{"start": 14, "end": 37, "url": "https://t.co/h04qiYMl20", "expanded_url": "https://www.instagram.com/p/BkxSRuUgC8H/?utm_source=ig_twitter_share&igshid=1wize08ihts8n", "display_url": "instagram.com/p/BkxSRuUgC8H/\u2026"}]}, "created_at": "2018-07-03T12:49:00.000Z", "public_metrics": {"retweet_count": 24, "reply_count": 43, "like_count": 232, "quote_count": 3}, "text": "Bonjour Paris https://t.co/h04qiYMl20", "lang": "fr", "author": {"description": "Actor and Activist, semi-professional disruptor, ice cream advocate and shameless teacup yorkie-lover", "profile_image_url": "https://pbs.twimg.com/profile_images/1383196364792680448/N8CdupEu_normal.jpg", "name": "Amber Heard", "id": "807003567605227520", "created_at": "2016-12-08T23:26:58.000Z", "url": "https://t.co/Ze18Ek9SOI", "public_metrics": {"followers_count": 190364, "following_count": 220, "tweet_count": 1150, "listed_count": 566}, "location": "Los Angeles, CA", "username": "realamberheard"}}, "author": {"description": "", "profile_image_url": "https://abs.twimg.com/sticky/default_profile_images/default_profile_normal.png", "name": "tayab nacer eddine", "id": "827604575465197573", "created_at": "2017-02-03T19:48:01.000Z", "url": "", "public_metrics": {"followers_count": 30, "following_count": 85, "tweet_count": 9606, "listed_count": 0}, "username": "TayabNacer"}}, {"source": "Twitter for iPhone", "referenced_tweets": [{"type": "quoted", "id": "1014128875008413696"}], "author_id": "482060880", "id": "1014186474722426880", "entities": {"urls": [{"start": 8, "end": 31, "url": "https://t.co/w7k440PyMv", "expanded_url": "https://twitter.com/realamberheard/status/1014128875008413696", "display_url": "twitter.com/realamberheard\u2026"}]}, "created_at": "2018-07-03T16:37:52.000Z", "public_metrics": {"retweet_count": 0, "reply_count": 0, "like_count": 0, "quote_count": 0}, "text": "Pardon. https://t.co/w7k440PyMv", "lang": "en", "quoted_tweet": {"source": "Instagram", "author_id": "807003567605227520", "id": "1014128875008413696", "entities": {"urls": [{"start": 14, "end": 37, "url": "https://t.co/h04qiYMl20", "expanded_url": "https://www.instagram.com/p/BkxSRuUgC8H/?utm_source=ig_twitter_share&igshid=1wize08ihts8n", "display_url": "instagram.com/p/BkxSRuUgC8H/\u2026"}]}, "created_at": "2018-07-03T12:49:00.000Z", "public_metrics": {"retweet_count": 24, "reply_count": 43, "like_count": 232, "quote_count": 3}, "text": "Bonjour Paris https://t.co/h04qiYMl20", "lang": "fr", "author": {"description": "Actor and Activist, semi-professional disruptor, ice cream advocate and shameless teacup yorkie-lover", "profile_image_url": "https://pbs.twimg.com/profile_images/1383196364792680448/N8CdupEu_normal.jpg", "name": "Amber Heard", "id": "807003567605227520", "created_at": "2016-12-08T23:26:58.000Z", "url": "https://t.co/Ze18Ek9SOI", "public_metrics": {"followers_count": 190364, "following_count": 220, "tweet_count": 1150, "listed_count": 566}, "location": "Los Angeles, CA", "username": "realamberheard"}}, "author": {"description": "She saved the world a lot. | Ma\u00eetresse paillettes \u2728", "profile_image_url": "https://pbs.twimg.com/profile_images/1370130052906676228/8GtXbKg2_normal.jpg", "name": "Alicia.", "id": "482060880", "created_at": "2012-02-03T13:45:46.000Z", "url": "", "public_metrics": {"followers_count": 1800, "following_count": 122, "tweet_count": 38697, "listed_count": 20}, "location": "she/her", "username": "alicia_btt"}}, {"source": "Twitter for iPhone", "referenced_tweets": [{"type": "quoted", "id": "1014128875008413696"}], "author_id": "3033438059", "id": "1014130164295495680", "entities": {"urls": [{"start": 3, "end": 26, "url": "https://t.co/kzhWuMxOSN", "expanded_url": "https://twitter.com/realamberheard/status/1014128875008413696", "display_url": "twitter.com/realamberheard\u2026"}]}, "created_at": "2018-07-03T12:54:07.000Z", "public_metrics": {"retweet_count": 0, "reply_count": 0, "like_count": 3, "quote_count": 0}, "text": "oh https://t.co/kzhWuMxOSN", "lang": "und", "quoted_tweet": {"source": "Instagram", "author_id": "807003567605227520", "id": "1014128875008413696", "entities": {"urls": [{"start": 14, "end": 37, "url": "https://t.co/h04qiYMl20", "expanded_url": "https://www.instagram.com/p/BkxSRuUgC8H/?utm_source=ig_twitter_share&igshid=1wize08ihts8n", "display_url": "instagram.com/p/BkxSRuUgC8H/\u2026"}]}, "created_at": "2018-07-03T12:49:00.000Z", "public_metrics": {"retweet_count": 24, "reply_count": 43, "like_count": 232, "quote_count": 3}, "text": "Bonjour Paris https://t.co/h04qiYMl20", "lang": "fr", "author": {"description": "Actor and Activist, semi-professional disruptor, ice cream advocate and shameless teacup yorkie-lover", "profile_image_url": "https://pbs.twimg.com/profile_images/1383196364792680448/N8CdupEu_normal.jpg", "name": "Amber Heard", "id": "807003567605227520", "created_at": "2016-12-08T23:26:58.000Z", "url": "https://t.co/Ze18Ek9SOI", "public_metrics": {"followers_count": 190364, "following_count": 220, "tweet_count": 1150, "listed_count": 566}, "location": "Los Angeles, CA", "username": "realamberheard"}}, "author": {"description": "#FreePalestine", "profile_image_url": "https://pbs.twimg.com/profile_images/1383508518452424706/Hqx8iCc__normal.jpg", "name": "siobhan roy era", "id": "3033438059", "created_at": "2015-02-12T21:05:04.000Z", "url": "", "public_metrics": {"followers_count": 3261, "following_count": 528, "tweet_count": 96603, "listed_count": 65}, "location": "France", "username": "meraquaman"}}]