[{"entities": {"urls": [{"start": 43, "end": 66, "url": "https://t.co/asN9vnuP77", "expanded_url": "https://twitter.com/realamberheard/status/1021525900234383360", "display_url": "twitter.com/realamberheard\u2026"}], "hashtags": [{"start": 31, "end": 42, "tag": "AmberHeard"}]}, "referenced_tweets": [{"type": "quoted", "id": "1021525900234383360"}], "id": "1092001869755383808", "created_at": "2019-02-03T10:08:28.000Z", "text": "She is absolutely beautiful. \ud83d\ude0d #AmberHeard https://t.co/asN9vnuP77", "public_metrics": {"retweet_count": 0, "reply_count": 0, "like_count": 0, "quote_count": 0}, "author_id": "879588534197276672", "lang": "en", "source": "Twitter for Android", "quoted_tweet": {"entities": {"urls": [{"start": 101, "end": 124, "url": "https://t.co/W9Q8bFqyNX", "expanded_url": "https://twitter.com/realamberheard/status/1021525900234383360/photo/1", "display_url": "pic.twitter.com/W9Q8bFqyNX"}], "annotations": [{"start": 50, "end": 66, "probability": 0.3048, "type": "Other", "normalized_text": "Comic-Con madness"}]}, "id": "1021525900234383360", "created_at": "2018-07-23T22:42:08.000Z", "text": "Enjoying watching the crowds from balcony here at Comic-Con madness. Certainly something 2 watch.... https://t.co/W9Q8bFqyNX", "public_metrics": {"retweet_count": 406, "reply_count": 60, "like_count": 3320, "quote_count": 46}, "author_id": "807003567605227520", "lang": "en", "source": "Twitter for iPhone", "author": {"public_metrics": {"followers_count": 190363, "following_count": 220, "tweet_count": 1150, "listed_count": 566}, "created_at": "2016-12-08T23:26:58.000Z", "name": "Amber Heard", "username": "realamberheard", "profile_image_url": "https://pbs.twimg.com/profile_images/1383196364792680448/N8CdupEu_normal.jpg", "location": "Los Angeles, CA", "id": "807003567605227520", "url": "https://t.co/Ze18Ek9SOI", "description": "Actor and Activist, semi-professional disruptor, ice cream advocate and shameless teacup yorkie-lover"}}, "author": {"public_metrics": {"followers_count": 75, "following_count": 330, "tweet_count": 2091, "listed_count": 1}, "created_at": "2017-06-27T06:33:43.000Z", "name": "Bryce Salvati \ud83e\udd81", "username": "GajeelllTheWolf", "profile_image_url": "https://pbs.twimg.com/profile_images/1122240285256237056/rfcMO6BG_normal.jpg", "location": "Somewhere in the world \ud83d\ude09", "id": "879588534197276672", "url": "", "description": "A new life adventure begins. \ud83d\ude38 ESO. Music. Skating. Drums. Architecture.\ud83e\udd18\ud83d\ude3c Italy. \ud83c\uddee\ud83c\uddf9"}}, {"entities": {"urls": [{"start": 23, "end": 46, "url": "https://t.co/d1OfT72m5J", "expanded_url": "https://twitter.com/realamberheard/status/1021525900234383360", "display_url": "twitter.com/realamberheard\u2026"}]}, "referenced_tweets": [{"type": "quoted", "id": "1021525900234383360"}], "id": "1083740372642062336", "created_at": "2019-01-11T15:00:14.000Z", "text": "Me encanta esta ni\u00f1a \ud83d\ude0d https://t.co/d1OfT72m5J", "public_metrics": {"retweet_count": 0, "reply_count": 0, "like_count": 0, "quote_count": 0}, "author_id": "892867923773149184", "lang": "es", "source": "Twitter for Android", "quoted_tweet": {"entities": {"urls": [{"start": 101, "end": 124, "url": "https://t.co/W9Q8bFqyNX", "expanded_url": "https://twitter.com/realamberheard/status/1021525900234383360/photo/1", "display_url": "pic.twitter.com/W9Q8bFqyNX"}], "annotations": [{"start": 50, "end": 66, "probability": 0.3048, "type": "Other", "normalized_text": "Comic-Con madness"}]}, "id": "1021525900234383360", "created_at": "2018-07-23T22:42:08.000Z", "text": "Enjoying watching the crowds from balcony here at Comic-Con madness. Certainly something 2 watch.... https://t.co/W9Q8bFqyNX", "public_metrics": {"retweet_count": 406, "reply_count": 60, "like_count": 3320, "quote_count": 46}, "author_id": "807003567605227520", "lang": "en", "source": "Twitter for iPhone", "author": {"public_metrics": {"followers_count": 190363, "following_count": 220, "tweet_count": 1150, "listed_count": 566}, "created_at": "2016-12-08T23:26:58.000Z", "name": "Amber Heard", "username": "realamberheard", "profile_image_url": "https://pbs.twimg.com/profile_images/1383196364792680448/N8CdupEu_normal.jpg", "location": "Los Angeles, CA", "id": "807003567605227520", "url": "https://t.co/Ze18Ek9SOI", "description": "Actor and Activist, semi-professional disruptor, ice cream advocate and shameless teacup yorkie-lover"}}, "author": {"public_metrics": {"followers_count": 1296, "following_count": 2953, "tweet_count": 135451, "listed_count": 2}, "created_at": "2017-08-02T22:01:16.000Z", "name": ".", "username": "andybarrios09", "profile_image_url": "https://pbs.twimg.com/profile_images/1490799499236761609/lgsqGxwS_normal.jpg", "id": "892867923773149184", "url": "", "description": "Zuleima barrios mi \u00e1ngel eterno\u2764"}}, {"entities": {"urls": [{"start": 28, "end": 51, "url": "https://t.co/1da9IbgYZI", "expanded_url": "https://twitter.com/realamberheard/status/1021525900234383360", "display_url": "twitter.com/realamberheard\u2026"}]}, "referenced_tweets": [{"type": "quoted", "id": "1021525900234383360"}], "id": "1052647218514137092", "created_at": "2018-10-17T19:47:08.000Z", "text": "\u0645\u0633\u0627\u062c \u0644\u0644\u0642\u0644\u0628 \u0648 \u0644\u0644\u0639\u064a\u0646 \u0648 \u0644\u0644\u062d\u064a\u0627\u0629 https://t.co/1da9IbgYZI", "public_metrics": {"retweet_count": 0, "reply_count": 0, "like_count": 0, "quote_count": 0}, "author_id": "326774196", "lang": "ar", "source": "Twitter for iPhone", "quoted_tweet": {"entities": {"urls": [{"start": 101, "end": 124, "url": "https://t.co/W9Q8bFqyNX", "expanded_url": "https://twitter.com/realamberheard/status/1021525900234383360/photo/1", "display_url": "pic.twitter.com/W9Q8bFqyNX"}], "annotations": [{"start": 50, "end": 66, "probability": 0.3048, "type": "Other", "normalized_text": "Comic-Con madness"}]}, "id": "1021525900234383360", "created_at": "2018-07-23T22:42:08.000Z", "text": "Enjoying watching the crowds from balcony here at Comic-Con madness. Certainly something 2 watch.... https://t.co/W9Q8bFqyNX", "public_metrics": {"retweet_count": 406, "reply_count": 60, "like_count": 3320, "quote_count": 46}, "author_id": "807003567605227520", "lang": "en", "source": "Twitter for iPhone", "author": {"public_metrics": {"followers_count": 190363, "following_count": 220, "tweet_count": 1150, "listed_count": 566}, "created_at": "2016-12-08T23:26:58.000Z", "name": "Amber Heard", "username": "realamberheard", "profile_image_url": "https://pbs.twimg.com/profile_images/1383196364792680448/N8CdupEu_normal.jpg", "location": "Los Angeles, CA", "id": "807003567605227520", "url": "https://t.co/Ze18Ek9SOI", "description": "Actor and Activist, semi-professional disruptor, ice cream advocate and shameless teacup yorkie-lover"}}, "author": {"public_metrics": {"followers_count": 194, "following_count": 83, "tweet_count": 12529, "listed_count": 0}, "created_at": "2011-06-30T13:30:16.000Z", "name": "\u0645\u064f\u0635\u0637\u064e\u0641\u0649", "username": "i_mustafax9", "profile_image_url": "https://pbs.twimg.com/profile_images/1321686520563179525/STWcEAqP_normal.jpg", "location": "Qatif ", "id": "326774196", "url": "", "description": "don't take twitter so serious"}}, {"entities": {"urls": [{"start": 11, "end": 34, "url": "https://t.co/3gALpZkGZ4", "expanded_url": "https://twitter.com/realamberheard/status/1021525900234383360", "display_url": "twitter.com/realamberheard\u2026"}]}, "referenced_tweets": [{"type": "quoted", "id": "1021525900234383360"}], "id": "1048518531661291520", "created_at": "2018-10-06T10:21:13.000Z", "text": "My baby\ud83e\udd24\u2764\ufe0f https://t.co/3gALpZkGZ4", "public_metrics": {"retweet_count": 0, "reply_count": 0, "like_count": 0, "quote_count": 0}, "author_id": "858999777081544704", "lang": "en", "source": "Twitter for iPhone", "quoted_tweet": {"entities": {"urls": [{"start": 101, "end": 124, "url": "https://t.co/W9Q8bFqyNX", "expanded_url": "https://twitter.com/realamberheard/status/1021525900234383360/photo/1", "display_url": "pic.twitter.com/W9Q8bFqyNX"}], "annotations": [{"start": 50, "end": 66, "probability": 0.3048, "type": "Other", "normalized_text": "Comic-Con madness"}]}, "id": "1021525900234383360", "created_at": "2018-07-23T22:42:08.000Z", "text": "Enjoying watching the crowds from balcony here at Comic-Con madness. Certainly something 2 watch.... https://t.co/W9Q8bFqyNX", "public_metrics": {"retweet_count": 406, "reply_count": 60, "like_count": 3320, "quote_count": 46}, "author_id": "807003567605227520", "lang": "en", "source": "Twitter for iPhone", "author": {"public_metrics": {"followers_count": 190363, "following_count": 220, "tweet_count": 1150, "listed_count": 566}, "created_at": "2016-12-08T23:26:58.000Z", "name": "Amber Heard", "username": "realamberheard", "profile_image_url": "https://pbs.twimg.com/profile_images/1383196364792680448/N8CdupEu_normal.jpg", "location": "Los Angeles, CA", "id": "807003567605227520", "url": "https://t.co/Ze18Ek9SOI", "description": "Actor and Activist, semi-professional disruptor, ice cream advocate and shameless teacup yorkie-lover"}}, "author": {"public_metrics": {"followers_count": 587, "following_count": 388, "tweet_count": 39614, "listed_count": 0}, "created_at": "2017-05-01T11:01:21.000Z", "name": "ramz", "username": "tararamz", "profile_image_url": "https://pbs.twimg.com/profile_images/1503330080210452480/dFvtbp-f_normal.jpg", "location": "Los Angeles, CA", "id": "858999777081544704", "url": "https://t.co/jxTXR3i2L6", "description": ""}}, {"entities": {"urls": [{"start": 2, "end": 25, "url": "https://t.co/1s4IVCBIQF", "expanded_url": "https://twitter.com/realamberheard/status/1021525900234383360", "display_url": "twitter.com/realamberheard\u2026"}]}, "referenced_tweets": [{"type": "quoted", "id": "1021525900234383360"}], "id": "1024966470772477952", "created_at": "2018-08-02T10:33:44.000Z", "text": "\ud83d\ude0d https://t.co/1s4IVCBIQF", "public_metrics": {"retweet_count": 0, "reply_count": 0, "like_count": 0, "quote_count": 0}, "author_id": "173004900", "lang": "und", "source": "Twitter for iPhone", "quoted_tweet": {"entities": {"urls": [{"start": 101, "end": 124, "url": "https://t.co/W9Q8bFqyNX", "expanded_url": "https://twitter.com/realamberheard/status/1021525900234383360/photo/1", "display_url": "pic.twitter.com/W9Q8bFqyNX"}], "annotations": [{"start": 50, "end": 66, "probability": 0.3048, "type": "Other", "normalized_text": "Comic-Con madness"}]}, "id": "1021525900234383360", "created_at": "2018-07-23T22:42:08.000Z", "text": "Enjoying watching the crowds from balcony here at Comic-Con madness. Certainly something 2 watch.... https://t.co/W9Q8bFqyNX", "public_metrics": {"retweet_count": 406, "reply_count": 60, "like_count": 3320, "quote_count": 46}, "author_id": "807003567605227520", "lang": "en", "source": "Twitter for iPhone", "author": {"public_metrics": {"followers_count": 190363, "following_count": 220, "tweet_count": 1150, "listed_count": 566}, "created_at": "2016-12-08T23:26:58.000Z", "name": "Amber Heard", "username": "realamberheard", "profile_image_url": "https://pbs.twimg.com/profile_images/1383196364792680448/N8CdupEu_normal.jpg", "location": "Los Angeles, CA", "id": "807003567605227520", "url": "https://t.co/Ze18Ek9SOI", "description": "Actor and Activist, semi-professional disruptor, ice cream advocate and shameless teacup yorkie-lover"}}, "author": {"public_metrics": {"followers_count": 331, "following_count": 230, "tweet_count": 21279, "listed_count": 2}, "created_at": "2010-07-31T04:42:25.000Z", "name": "Zarex Boom", "username": "tgzareeq", "profile_image_url": "https://pbs.twimg.com/profile_images/1493223096920449025/tjfB5NkO_normal.jpg", "location": "Malaysia", "id": "173004900", "url": "", "description": "Manusia sedikit kata"}}, {"entities": {"urls": [{"start": 6, "end": 29, "url": "https://t.co/r8wWrGoQEM", "expanded_url": "https://twitter.com/realamberheard/status/1021525900234383360", "display_url": "twitter.com/realamberheard\u2026"}]}, "referenced_tweets": [{"type": "quoted", "id": "1021525900234383360"}], "id": "1022662796004143104", "created_at": "2018-07-27T01:59:45.000Z", "text": "\ud83d\ude0d\ud83d\ude0d\ud83d\ude0d\ud83d\ude0d\ud83d\ude0d https://t.co/r8wWrGoQEM", "public_metrics": {"retweet_count": 0, "reply_count": 0, "like_count": 0, "quote_count": 0}, "author_id": "623259479", "lang": "und", "source": "Twitter for iPhone", "quoted_tweet": {"entities": {"urls": [{"start": 101, "end": 124, "url": "https://t.co/W9Q8bFqyNX", "expanded_url": "https://twitter.com/realamberheard/status/1021525900234383360/photo/1", "display_url": "pic.twitter.com/W9Q8bFqyNX"}], "annotations": [{"start": 50, "end": 66, "probability": 0.3048, "type": "Other", "normalized_text": "Comic-Con madness"}]}, "id": "1021525900234383360", "created_at": "2018-07-23T22:42:08.000Z", "text": "Enjoying watching the crowds from balcony here at Comic-Con madness. Certainly something 2 watch.... https://t.co/W9Q8bFqyNX", "public_metrics": {"retweet_count": 406, "reply_count": 60, "like_count": 3320, "quote_count": 46}, "author_id": "807003567605227520", "lang": "en", "source": "Twitter for iPhone", "author": {"public_metrics": {"followers_count": 190363, "following_count": 220, "tweet_count": 1150, "listed_count": 566}, "created_at": "2016-12-08T23:26:58.000Z", "name": "Amber Heard", "username": "realamberheard", "profile_image_url": "https://pbs.twimg.com/profile_images/1383196364792680448/N8CdupEu_normal.jpg", "location": "Los Angeles, CA", "id": "807003567605227520", "url": "https://t.co/Ze18Ek9SOI", "description": "Actor and Activist, semi-professional disruptor, ice cream advocate and shameless teacup yorkie-lover"}}, "author": {"public_metrics": {"followers_count": 749, "following_count": 790, "tweet_count": 23053, "listed_count": 2}, "created_at": "2012-07-01T00:24:01.000Z", "name": "\ud835\udd7b\ud835\udd86\ud835\udd88\ud835\udd94 \ud835\udd8a\ud835\udd91 \ud835\udd7b\ud835\udd8a\ud835\udd97\ud835\udd8e.", "username": "Yosoyelperi", "profile_image_url": "https://pbs.twimg.com/profile_images/1481691614544285703/Zrf8m4_a_normal.jpg", "location": " Morelia, Michoac\u00e1n, M\u00e9xico.", "id": "623259479", "url": "", "description": "Abogado. Perr\u00f3n y picudo, genio y figura. Canario de coraz\u00f3n \u303d\ufe0f\u2764\ufe0f\ud83d\udc9bMadridista por afici\u00f3n \ud83d\udc99 De River por admiraci\u00f3n \ud83d\udd34\u26aa\ufe0f Aguacateros en el b\u00e1squetbol \ud83c\udfc0"}}, {"entities": {"urls": [{"start": 92, "end": 115, "url": "https://t.co/OY9kbDGEjC", "expanded_url": "https://twitter.com/realamberheard/status/1021525900234383360", "display_url": "twitter.com/realamberheard\u2026"}]}, "referenced_tweets": [{"type": "quoted", "id": "1021525900234383360"}], "id": "1022153671054946306", "created_at": "2018-07-25T16:16:40.000Z", "text": "ME ENCANTA TU BOCA, TU SONRISA, TUS OJOS Y TU CARACTER FUERTE Y PORQUE ERES UNA GRAN MUJER. https://t.co/OY9kbDGEjC", "public_metrics": {"retweet_count": 0, "reply_count": 0, "like_count": 0, "quote_count": 0}, "author_id": "4725007099", "lang": "es", "source": "Twitter Web Client", "quoted_tweet": {"entities": {"urls": [{"start": 101, "end": 124, "url": "https://t.co/W9Q8bFqyNX", "expanded_url": "https://twitter.com/realamberheard/status/1021525900234383360/photo/1", "display_url": "pic.twitter.com/W9Q8bFqyNX"}], "annotations": [{"start": 50, "end": 66, "probability": 0.3048, "type": "Other", "normalized_text": "Comic-Con madness"}]}, "id": "1021525900234383360", "created_at": "2018-07-23T22:42:08.000Z", "text": "Enjoying watching the crowds from balcony here at Comic-Con madness. Certainly something 2 watch.... https://t.co/W9Q8bFqyNX", "public_metrics": {"retweet_count": 406, "reply_count": 60, "like_count": 3320, "quote_count": 46}, "author_id": "807003567605227520", "lang": "en", "source": "Twitter for iPhone", "author": {"public_metrics": {"followers_count": 190363, "following_count": 220, "tweet_count": 1150, "listed_count": 566}, "created_at": "2016-12-08T23:26:58.000Z", "name": "Amber Heard", "username": "realamberheard", "profile_image_url": "https://pbs.twimg.com/profile_images/1383196364792680448/N8CdupEu_normal.jpg", "location": "Los Angeles, CA", "id": "807003567605227520", "url": "https://t.co/Ze18Ek9SOI", "description": "Actor and Activist, semi-professional disruptor, ice cream advocate and shameless teacup yorkie-lover"}}, "author": {"public_metrics": {"followers_count": 10, "following_count": 18, "tweet_count": 1094, "listed_count": 0}, "created_at": "2016-01-07T19:56:52.000Z", "name": "ALEX MARTZ", "username": "01bismark", "profile_image_url": "https://abs.twimg.com/sticky/default_profile_images/default_profile_normal.png", "id": "4725007099", "url": "", "description": ""}}, {"entities": {"urls": [{"start": 22, "end": 45, "url": "https://t.co/a4FwJvl226", "expanded_url": "https://twitter.com/realamberheard/status/1021525900234383360", "display_url": "twitter.com/realamberheard\u2026"}]}, "referenced_tweets": [{"type": "quoted", "id": "1021525900234383360"}], "id": "1021760612408279040", "created_at": "2018-07-24T14:14:48.000Z", "text": "you are really an art https://t.co/a4FwJvl226", "public_metrics": {"retweet_count": 0, "reply_count": 0, "like_count": 0, "quote_count": 0}, "author_id": "888218858", "lang": "en", "source": "Twitter for Android", "quoted_tweet": {"entities": {"urls": [{"start": 101, "end": 124, "url": "https://t.co/W9Q8bFqyNX", "expanded_url": "https://twitter.com/realamberheard/status/1021525900234383360/photo/1", "display_url": "pic.twitter.com/W9Q8bFqyNX"}], "annotations": [{"start": 50, "end": 66, "probability": 0.3048, "type": "Other", "normalized_text": "Comic-Con madness"}]}, "id": "1021525900234383360", "created_at": "2018-07-23T22:42:08.000Z", "text": "Enjoying watching the crowds from balcony here at Comic-Con madness. Certainly something 2 watch.... https://t.co/W9Q8bFqyNX", "public_metrics": {"retweet_count": 406, "reply_count": 60, "like_count": 3320, "quote_count": 46}, "author_id": "807003567605227520", "lang": "en", "source": "Twitter for iPhone", "author": {"public_metrics": {"followers_count": 190363, "following_count": 220, "tweet_count": 1150, "listed_count": 566}, "created_at": "2016-12-08T23:26:58.000Z", "name": "Amber Heard", "username": "realamberheard", "profile_image_url": "https://pbs.twimg.com/profile_images/1383196364792680448/N8CdupEu_normal.jpg", "location": "Los Angeles, CA", "id": "807003567605227520", "url": "https://t.co/Ze18Ek9SOI", "description": "Actor and Activist, semi-professional disruptor, ice cream advocate and shameless teacup yorkie-lover"}}, "author": {"public_metrics": {"followers_count": 293, "following_count": 819, "tweet_count": 29352, "listed_count": 1}, "created_at": "2012-10-18T06:18:09.000Z", "name": "f", "username": "wutheringphi", "profile_image_url": "https://pbs.twimg.com/profile_images/1464970007394148355/3am3s1-L_normal.jpg", "location": "small heath to winterfell", "id": "888218858", "url": "https://t.co/gziCvjBKXA", "description": "Call off your search for your soul or put it on hold again."}}, {"entities": {"urls": [{"start": 3, "end": 26, "url": "https://t.co/mn9xmDg1DY", "expanded_url": "https://twitter.com/realamberheard/status/1021525900234383360", "display_url": "twitter.com/realamberheard\u2026"}]}, "referenced_tweets": [{"type": "quoted", "id": "1021525900234383360"}], "id": "1021718523285000192", "created_at": "2018-07-24T11:27:33.000Z", "text": "\u2764\ufe0f https://t.co/mn9xmDg1DY", "public_metrics": {"retweet_count": 0, "reply_count": 0, "like_count": 0, "quote_count": 0}, "author_id": "112731032", "lang": "und", "source": "Twitter Web Client", "quoted_tweet": {"entities": {"urls": [{"start": 101, "end": 124, "url": "https://t.co/W9Q8bFqyNX", "expanded_url": "https://twitter.com/realamberheard/status/1021525900234383360/photo/1", "display_url": "pic.twitter.com/W9Q8bFqyNX"}], "annotations": [{"start": 50, "end": 66, "probability": 0.3048, "type": "Other", "normalized_text": "Comic-Con madness"}]}, "id": "1021525900234383360", "created_at": "2018-07-23T22:42:08.000Z", "text": "Enjoying watching the crowds from balcony here at Comic-Con madness. Certainly something 2 watch.... https://t.co/W9Q8bFqyNX", "public_metrics": {"retweet_count": 406, "reply_count": 60, "like_count": 3320, "quote_count": 46}, "author_id": "807003567605227520", "lang": "en", "source": "Twitter for iPhone", "author": {"public_metrics": {"followers_count": 190363, "following_count": 220, "tweet_count": 1150, "listed_count": 566}, "created_at": "2016-12-08T23:26:58.000Z", "name": "Amber Heard", "username": "realamberheard", "profile_image_url": "https://pbs.twimg.com/profile_images/1383196364792680448/N8CdupEu_normal.jpg", "location": "Los Angeles, CA", "id": "807003567605227520", "url": "https://t.co/Ze18Ek9SOI", "description": "Actor and Activist, semi-professional disruptor, ice cream advocate and shameless teacup yorkie-lover"}}, "author": {"public_metrics": {"followers_count": 174, "following_count": 532, "tweet_count": 25942, "listed_count": 0}, "created_at": "2010-02-09T14:34:10.000Z", "name": "Usman Shahid", "username": "ucmanshahid", "profile_image_url": "https://pbs.twimg.com/profile_images/1448350590527066120/MRR2ClGN_normal.jpg", "location": "\ud83c\uddf5\ud83c\uddf0\ud83c\uddec\ud83c\udde7", "id": "112731032", "url": "", "description": "Artificial intelligence is no match for natural stupidity. #ManUtd"}}, {"entities": {"urls": [{"start": 8, "end": 31, "url": "https://t.co/sA2iigWc9T", "expanded_url": "https://twitter.com/realamberheard/status/1021525900234383360", "display_url": "twitter.com/realamberheard\u2026"}]}, "referenced_tweets": [{"type": "quoted", "id": "1021525900234383360"}], "id": "1021677827454722049", "created_at": "2018-07-24T08:45:50.000Z", "text": "MY LOVE https://t.co/sA2iigWc9T", "public_metrics": {"retweet_count": 0, "reply_count": 0, "like_count": 0, "quote_count": 0}, "author_id": "3146650072", "lang": "en", "source": "Twitter for Android", "quoted_tweet": {"entities": {"urls": [{"start": 101, "end": 124, "url": "https://t.co/W9Q8bFqyNX", "expanded_url": "https://twitter.com/realamberheard/status/1021525900234383360/photo/1", "display_url": "pic.twitter.com/W9Q8bFqyNX"}], "annotations": [{"start": 50, "end": 66, "probability": 0.3048, "type": "Other", "normalized_text": "Comic-Con madness"}]}, "id": "1021525900234383360", "created_at": "2018-07-23T22:42:08.000Z", "text": "Enjoying watching the crowds from balcony here at Comic-Con madness. Certainly something 2 watch.... https://t.co/W9Q8bFqyNX", "public_metrics": {"retweet_count": 406, "reply_count": 60, "like_count": 3320, "quote_count": 46}, "author_id": "807003567605227520", "lang": "en", "source": "Twitter for iPhone", "author": {"public_metrics": {"followers_count": 190363, "following_count": 220, "tweet_count": 1150, "listed_count": 566}, "created_at": "2016-12-08T23:26:58.000Z", "name": "Amber Heard", "username": "realamberheard", "profile_image_url": "https://pbs.twimg.com/profile_images/1383196364792680448/N8CdupEu_normal.jpg", "location": "Los Angeles, CA", "id": "807003567605227520", "url": "https://t.co/Ze18Ek9SOI", "description": "Actor and Activist, semi-professional disruptor, ice cream advocate and shameless teacup yorkie-lover"}}, "author": {"public_metrics": {"followers_count": 7773, "following_count": 955, "tweet_count": 131592, "listed_count": 63}, "created_at": "2015-04-08T05:08:46.000Z", "name": "kay, ceo of evc", "username": "emilyvaucamp", "profile_image_url": "https://pbs.twimg.com/profile_images/1503441316050395136/G7rwHlhC_normal.jpg", "location": "25\u250ashe/her\u250acomics", "id": "3146650072", "url": "https://t.co/bB4XCwWEnS", "description": "\u201clove you kay!!\u201d - emily vancamp // sharon carter and barbara gordon enjoyer @bestofsharons"}}, {"entities": {"urls": [{"start": 20, "end": 43, "url": "https://t.co/O5gTRSopB6", "expanded_url": "https://twitter.com/realamberheard/status/1021525900234383360", "display_url": "twitter.com/realamberheard\u2026"}], "annotations": [{"start": 0, "end": 4, "probability": 0.8813, "type": "Person", "normalized_text": "amber"}]}, "referenced_tweets": [{"type": "quoted", "id": "1021525900234383360"}], "id": "1021620665412136960", "created_at": "2018-07-24T04:58:42.000Z", "text": "amber voce \u00e9 bonita https://t.co/O5gTRSopB6", "public_metrics": {"retweet_count": 0, "reply_count": 0, "like_count": 0, "quote_count": 0}, "author_id": "536515604", "lang": "pt", "source": "Twitter Web Client", "quoted_tweet": {"entities": {"urls": [{"start": 101, "end": 124, "url": "https://t.co/W9Q8bFqyNX", "expanded_url": "https://twitter.com/realamberheard/status/1021525900234383360/photo/1", "display_url": "pic.twitter.com/W9Q8bFqyNX"}], "annotations": [{"start": 50, "end": 66, "probability": 0.3048, "type": "Other", "normalized_text": "Comic-Con madness"}]}, "id": "1021525900234383360", "created_at": "2018-07-23T22:42:08.000Z", "text": "Enjoying watching the crowds from balcony here at Comic-Con madness. Certainly something 2 watch.... https://t.co/W9Q8bFqyNX", "public_metrics": {"retweet_count": 406, "reply_count": 60, "like_count": 3320, "quote_count": 46}, "author_id": "807003567605227520", "lang": "en", "source": "Twitter for iPhone", "author": {"public_metrics": {"followers_count": 190363, "following_count": 220, "tweet_count": 1150, "listed_count": 566}, "created_at": "2016-12-08T23:26:58.000Z", "name": "Amber Heard", "username": "realamberheard", "profile_image_url": "https://pbs.twimg.com/profile_images/1383196364792680448/N8CdupEu_normal.jpg", "location": "Los Angeles, CA", "id": "807003567605227520", "url": "https://t.co/Ze18Ek9SOI", "description": "Actor and Activist, semi-professional disruptor, ice cream advocate and shameless teacup yorkie-lover"}}, "author": {"public_metrics": {"followers_count": 6806, "following_count": 5300, "tweet_count": 422113, "listed_count": 33}, "created_at": "2012-03-25T18:04:12.000Z", "name": "\ud835\ude42\ud835\ude56\ud835\ude57\ud835\ude67\ud835\ude5e\ud835\ude5a\ud835\ude61 \u2728 \ud83c\udf5e KING ARTHUR", "username": "MultiverseFlash", "profile_image_url": "https://pbs.twimg.com/profile_images/1506764176617836560/u-Za95Gx_normal.jpg", "location": "Belo Horizonte, Brasil", "id": "536515604", "url": "", "description": "#TeamArthurAguiar\n\ud835\udd13\ud835\udd1e\ud835\udd26\ud835\udd2b \ud835\udd26\ud835\udd30 \u211c\ud835\udd22\ud835\udd21\ud835\udd22\ud835\udd2a\ud835\udd2d\ud835\udd31\ud835\udd26\ud835\udd2c\ud835\udd2b \u271d\ufe0f\n\ud835\udc6b\ud835\udc6a\n\ud835\udc47\u210e\ud835\udc52 \ud835\udc39\ud835\udc59\ud835\udc4e\ud835\udc60\u210e \ud835\udc46\ud835\udc61\ud835\udc4e\ud835\udc5b \u26a1\n\ud835\udc35\ud835\udc4e\ud835\udc61\ud835\udc64\ud835\udc5c\ud835\udc5a\ud835\udc4e\ud835\udc5b\n@Cruzeiro\nWWE universe\n(Ele/Dele)"}}, {"entities": {"urls": [{"start": 26, "end": 49, "url": "https://t.co/9yzbKwR4PX", "expanded_url": "https://twitter.com/realamberheard/status/1021525900234383360", "display_url": "twitter.com/realamberheard\u2026"}]}, "referenced_tweets": [{"type": "quoted", "id": "1021525900234383360"}], "id": "1021607893420765185", "created_at": "2018-07-24T04:07:57.000Z", "text": "My beautiful queen! \ud83e\udddc\ud83c\udffb\u200d\u2640\ufe0f https://t.co/9yzbKwR4PX", "public_metrics": {"retweet_count": 0, "reply_count": 0, "like_count": 1, "quote_count": 0}, "author_id": "46795649", "lang": "en", "source": "Twitter for iPhone", "quoted_tweet": {"entities": {"urls": [{"start": 101, "end": 124, "url": "https://t.co/W9Q8bFqyNX", "expanded_url": "https://twitter.com/realamberheard/status/1021525900234383360/photo/1", "display_url": "pic.twitter.com/W9Q8bFqyNX"}], "annotations": [{"start": 50, "end": 66, "probability": 0.3048, "type": "Other", "normalized_text": "Comic-Con madness"}]}, "id": "1021525900234383360", "created_at": "2018-07-23T22:42:08.000Z", "text": "Enjoying watching the crowds from balcony here at Comic-Con madness. Certainly something 2 watch.... https://t.co/W9Q8bFqyNX", "public_metrics": {"retweet_count": 406, "reply_count": 60, "like_count": 3320, "quote_count": 46}, "author_id": "807003567605227520", "lang": "en", "source": "Twitter for iPhone", "author": {"public_metrics": {"followers_count": 190363, "following_count": 220, "tweet_count": 1150, "listed_count": 566}, "created_at": "2016-12-08T23:26:58.000Z", "name": "Amber Heard", "username": "realamberheard", "profile_image_url": "https://pbs.twimg.com/profile_images/1383196364792680448/N8CdupEu_normal.jpg", "location": "Los Angeles, CA", "id": "807003567605227520", "url": "https://t.co/Ze18Ek9SOI", "description": "Actor and Activist, semi-professional disruptor, ice cream advocate and shameless teacup yorkie-lover"}}, "author": {"public_metrics": {"followers_count": 1041, "following_count": 506, "tweet_count": 48084, "listed_count": 28}, "created_at": "2009-06-13T01:29:29.000Z", "name": "Ariel L \ud83e\udddc\u200d\u2640\ufe0f", "username": "ArielOver9000", "profile_image_url": "https://pbs.twimg.com/profile_images/1502909401534976000/0dGDzKD8_normal.jpg", "id": "46795649", "url": "", "description": "A crybaby in love with @Astralgremlin \ud83c\udf3b\ud83d\udda4\ud83d\udc8d always and forever"}}, {"entities": {"urls": [{"start": 4, "end": 27, "url": "https://t.co/cJa61e2zmz", "expanded_url": "https://twitter.com/realamberheard/status/1021525900234383360", "display_url": "twitter.com/realamberheard\u2026"}]}, "referenced_tweets": [{"type": "quoted", "id": "1021525900234383360"}], "id": "1021598568375898113", "created_at": "2018-07-24T03:30:53.000Z", "text": "\u2764\u2764\u2764 https://t.co/cJa61e2zmz", "public_metrics": {"retweet_count": 0, "reply_count": 0, "like_count": 0, "quote_count": 0}, "author_id": "729802466", "lang": "und", "source": "Twitter for Android", "quoted_tweet": {"entities": {"urls": [{"start": 101, "end": 124, "url": "https://t.co/W9Q8bFqyNX", "expanded_url": "https://twitter.com/realamberheard/status/1021525900234383360/photo/1", "display_url": "pic.twitter.com/W9Q8bFqyNX"}], "annotations": [{"start": 50, "end": 66, "probability": 0.3048, "type": "Other", "normalized_text": "Comic-Con madness"}]}, "id": "1021525900234383360", "created_at": "2018-07-23T22:42:08.000Z", "text": "Enjoying watching the crowds from balcony here at Comic-Con madness. Certainly something 2 watch.... https://t.co/W9Q8bFqyNX", "public_metrics": {"retweet_count": 406, "reply_count": 60, "like_count": 3320, "quote_count": 46}, "author_id": "807003567605227520", "lang": "en", "source": "Twitter for iPhone", "author": {"public_metrics": {"followers_count": 190363, "following_count": 220, "tweet_count": 1150, "listed_count": 566}, "created_at": "2016-12-08T23:26:58.000Z", "name": "Amber Heard", "username": "realamberheard", "profile_image_url": "https://pbs.twimg.com/profile_images/1383196364792680448/N8CdupEu_normal.jpg", "location": "Los Angeles, CA", "id": "807003567605227520", "url": "https://t.co/Ze18Ek9SOI", "description": "Actor and Activist, semi-professional disruptor, ice cream advocate and shameless teacup yorkie-lover"}}, "author": {"public_metrics": {"followers_count": 79, "following_count": 694, "tweet_count": 146, "listed_count": 1}, "created_at": "2012-08-01T02:43:45.000Z", "name": "koruhi", "username": "felipeiborra", "profile_image_url": "https://pbs.twimg.com/profile_images/991047783116345350/eHtPkUQS_normal.jpg", "location": "santiago, chile", "id": "729802466", "url": "", "description": "fishing"}}, {"entities": {"urls": [{"start": 11, "end": 34, "url": "https://t.co/VKTIzy7xm7", "expanded_url": "https://twitter.com/realamberheard/status/1021525900234383360", "display_url": "twitter.com/realamberheard\u2026"}]}, "referenced_tweets": [{"type": "quoted", "id": "1021525900234383360"}], "id": "1021587054302511112", "created_at": "2018-07-24T02:45:08.000Z", "text": "\u2764\u2764\u2764\u2764\u2764\u2764\u2764\u2764\u2764\u2764 https://t.co/VKTIzy7xm7", "public_metrics": {"retweet_count": 0, "reply_count": 0, "like_count": 0, "quote_count": 0}, "author_id": "114595850", "lang": "und", "source": "Twitter for Android", "quoted_tweet": {"entities": {"urls": [{"start": 101, "end": 124, "url": "https://t.co/W9Q8bFqyNX", "expanded_url": "https://twitter.com/realamberheard/status/1021525900234383360/photo/1", "display_url": "pic.twitter.com/W9Q8bFqyNX"}], "annotations": [{"start": 50, "end": 66, "probability": 0.3048, "type": "Other", "normalized_text": "Comic-Con madness"}]}, "id": "1021525900234383360", "created_at": "2018-07-23T22:42:08.000Z", "text": "Enjoying watching the crowds from balcony here at Comic-Con madness. Certainly something 2 watch.... https://t.co/W9Q8bFqyNX", "public_metrics": {"retweet_count": 406, "reply_count": 60, "like_count": 3320, "quote_count": 46}, "author_id": "807003567605227520", "lang": "en", "source": "Twitter for iPhone", "author": {"public_metrics": {"followers_count": 190363, "following_count": 220, "tweet_count": 1150, "listed_count": 566}, "created_at": "2016-12-08T23:26:58.000Z", "name": "Amber Heard", "username": "realamberheard", "profile_image_url": "https://pbs.twimg.com/profile_images/1383196364792680448/N8CdupEu_normal.jpg", "location": "Los Angeles, CA", "id": "807003567605227520", "url": "https://t.co/Ze18Ek9SOI", "description": "Actor and Activist, semi-professional disruptor, ice cream advocate and shameless teacup yorkie-lover"}}, "author": {"public_metrics": {"followers_count": 265, "following_count": 786, "tweet_count": 7021, "listed_count": 1}, "created_at": "2010-02-16T00:17:01.000Z", "name": "Luis Reyes", "username": "_luchoalexis", "profile_image_url": "https://pbs.twimg.com/profile_images/1500628576860737536/uuF9qbjP_normal.jpg", "location": "Puerto Montt, Chile", "id": "114595850", "url": "", "description": "Colo-Colo\ud83d\udda4 A.C.A.B. APRUEBO                            Socio del CSD Colo-Colo             #BoricPresidente2022 \ud83c\udf33"}}, {"entities": {"urls": [{"start": 10, "end": 33, "url": "https://t.co/xE2sXN7UQj", "expanded_url": "https://twitter.com/realamberheard/status/1021525900234383360", "display_url": "twitter.com/realamberheard\u2026"}]}, "referenced_tweets": [{"type": "quoted", "id": "1021525900234383360"}], "id": "1021586398980308998", "created_at": "2018-07-24T02:42:32.000Z", "text": "Es tan \ud83d\ude0d\ud83d\ude0d https://t.co/xE2sXN7UQj", "public_metrics": {"retweet_count": 0, "reply_count": 0, "like_count": 0, "quote_count": 0}, "author_id": "77573053", "lang": "es", "source": "Twitter for Android", "quoted_tweet": {"entities": {"urls": [{"start": 101, "end": 124, "url": "https://t.co/W9Q8bFqyNX", "expanded_url": "https://twitter.com/realamberheard/status/1021525900234383360/photo/1", "display_url": "pic.twitter.com/W9Q8bFqyNX"}], "annotations": [{"start": 50, "end": 66, "probability": 0.3048, "type": "Other", "normalized_text": "Comic-Con madness"}]}, "id": "1021525900234383360", "created_at": "2018-07-23T22:42:08.000Z", "text": "Enjoying watching the crowds from balcony here at Comic-Con madness. Certainly something 2 watch.... https://t.co/W9Q8bFqyNX", "public_metrics": {"retweet_count": 406, "reply_count": 60, "like_count": 3320, "quote_count": 46}, "author_id": "807003567605227520", "lang": "en", "source": "Twitter for iPhone", "author": {"public_metrics": {"followers_count": 190363, "following_count": 220, "tweet_count": 1150, "listed_count": 566}, "created_at": "2016-12-08T23:26:58.000Z", "name": "Amber Heard", "username": "realamberheard", "profile_image_url": "https://pbs.twimg.com/profile_images/1383196364792680448/N8CdupEu_normal.jpg", "location": "Los Angeles, CA", "id": "807003567605227520", "url": "https://t.co/Ze18Ek9SOI", "description": "Actor and Activist, semi-professional disruptor, ice cream advocate and shameless teacup yorkie-lover"}}, "author": {"public_metrics": {"followers_count": 1317, "following_count": 297, "tweet_count": 101496, "listed_count": 37}, "created_at": "2009-09-26T20:54:48.000Z", "name": "Arelys \u2665\ufe0f", "username": "BenslerLover", "profile_image_url": "https://pbs.twimg.com/profile_images/1440957258565828610/zUNg0buu_normal.jpg", "location": "Venezuela", "id": "77573053", "url": "", "description": "Elliot: I was afraid if I heard your voice, I wouldn't have been able to leave | Liv you mean the world to me | I love you | It will always be you and I \u2764"}}, {"entities": {"urls": [{"start": 8, "end": 31, "url": "https://t.co/wpfQdvamdg", "expanded_url": "https://twitter.com/realamberheard/status/1021525900234383360", "display_url": "twitter.com/realamberheard\u2026"}]}, "referenced_tweets": [{"type": "quoted", "id": "1021525900234383360"}], "id": "1021571925871652864", "created_at": "2018-07-24T01:45:01.000Z", "text": "A WOMAN https://t.co/wpfQdvamdg", "public_metrics": {"retweet_count": 0, "reply_count": 0, "like_count": 1, "quote_count": 0}, "author_id": "111496133", "lang": "en", "source": "Twitter for iPhone", "quoted_tweet": {"entities": {"urls": [{"start": 101, "end": 124, "url": "https://t.co/W9Q8bFqyNX", "expanded_url": "https://twitter.com/realamberheard/status/1021525900234383360/photo/1", "display_url": "pic.twitter.com/W9Q8bFqyNX"}], "annotations": [{"start": 50, "end": 66, "probability": 0.3048, "type": "Other", "normalized_text": "Comic-Con madness"}]}, "id": "1021525900234383360", "created_at": "2018-07-23T22:42:08.000Z", "text": "Enjoying watching the crowds from balcony here at Comic-Con madness. Certainly something 2 watch.... https://t.co/W9Q8bFqyNX", "public_metrics": {"retweet_count": 406, "reply_count": 60, "like_count": 3320, "quote_count": 46}, "author_id": "807003567605227520", "lang": "en", "source": "Twitter for iPhone", "author": {"public_metrics": {"followers_count": 190363, "following_count": 220, "tweet_count": 1150, "listed_count": 566}, "created_at": "2016-12-08T23:26:58.000Z", "name": "Amber Heard", "username": "realamberheard", "profile_image_url": "https://pbs.twimg.com/profile_images/1383196364792680448/N8CdupEu_normal.jpg", "location": "Los Angeles, CA", "id": "807003567605227520", "url": "https://t.co/Ze18Ek9SOI", "description": "Actor and Activist, semi-professional disruptor, ice cream advocate and shameless teacup yorkie-lover"}}, "author": {"public_metrics": {"followers_count": 2931, "following_count": 618, "tweet_count": 81754, "listed_count": 111}, "created_at": "2010-02-05T03:47:31.000Z", "name": "mel", "username": "beforescnrise", "profile_image_url": "https://pbs.twimg.com/profile_images/1384047886967590921/BAfIDXMG_normal.jpg", "location": "she/her | 27", "id": "111496133", "url": "https://t.co/5B2EzLRSo5", "description": ""}}, {"entities": {"urls": [{"start": 8, "end": 31, "url": "https://t.co/WSKyzS0jK0", "expanded_url": "https://twitter.com/realamberheard/status/1021525900234383360", "display_url": "twitter.com/realamberheard\u2026"}]}, "referenced_tweets": [{"type": "quoted", "id": "1021525900234383360"}], "id": "1021548790652780545", "created_at": "2018-07-24T00:13:05.000Z", "text": "Beauty! https://t.co/WSKyzS0jK0", "public_metrics": {"retweet_count": 0, "reply_count": 0, "like_count": 0, "quote_count": 0}, "author_id": "791953990434947072", "lang": "en", "source": "Twitter for iPhone", "quoted_tweet": {"entities": {"urls": [{"start": 101, "end": 124, "url": "https://t.co/W9Q8bFqyNX", "expanded_url": "https://twitter.com/realamberheard/status/1021525900234383360/photo/1", "display_url": "pic.twitter.com/W9Q8bFqyNX"}], "annotations": [{"start": 50, "end": 66, "probability": 0.3048, "type": "Other", "normalized_text": "Comic-Con madness"}]}, "id": "1021525900234383360", "created_at": "2018-07-23T22:42:08.000Z", "text": "Enjoying watching the crowds from balcony here at Comic-Con madness. Certainly something 2 watch.... https://t.co/W9Q8bFqyNX", "public_metrics": {"retweet_count": 406, "reply_count": 60, "like_count": 3320, "quote_count": 46}, "author_id": "807003567605227520", "lang": "en", "source": "Twitter for iPhone", "author": {"public_metrics": {"followers_count": 190363, "following_count": 220, "tweet_count": 1150, "listed_count": 566}, "created_at": "2016-12-08T23:26:58.000Z", "name": "Amber Heard", "username": "realamberheard", "profile_image_url": "https://pbs.twimg.com/profile_images/1383196364792680448/N8CdupEu_normal.jpg", "location": "Los Angeles, CA", "id": "807003567605227520", "url": "https://t.co/Ze18Ek9SOI", "description": "Actor and Activist, semi-professional disruptor, ice cream advocate and shameless teacup yorkie-lover"}}, "author": {"public_metrics": {"followers_count": 112, "following_count": 214, "tweet_count": 24807, "listed_count": 1}, "created_at": "2016-10-28T10:45:20.000Z", "name": "Moiz", "username": "ezmamaa", "profile_image_url": "https://pbs.twimg.com/profile_images/1481159566301831172/jLtOalXl_normal.jpg", "location": "Oakville, Ontario", "id": "791953990434947072", "url": "", "description": "\ud83d\udd7a\ud83c\udffd\ud83d\udc83\ud83c\udffb\ud83d\udc7b till your shoes fall off | \u0627\u06cc\u0632\u06cc \u0633\u06cc\u0646"}}, {"entities": {"urls": [{"start": 53, "end": 76, "url": "https://t.co/XSqh1tLKqb", "expanded_url": "https://twitter.com/realamberheard/status/1021525900234383360", "display_url": "twitter.com/realamberheard\u2026"}], "hashtags": [{"start": 42, "end": 52, "tag": "QueenMera"}]}, "referenced_tweets": [{"type": "quoted", "id": "1021525900234383360"}], "id": "1021546599485325312", "created_at": "2018-07-24T00:04:23.000Z", "text": "actress and an activist. \na real queen \ud83d\ude4c\ud83c\udffb #QueenMera https://t.co/XSqh1tLKqb", "public_metrics": {"retweet_count": 0, "reply_count": 0, "like_count": 0, "quote_count": 0}, "author_id": "964413415", "lang": "en", "source": "Twitter for iPhone", "quoted_tweet": {"entities": {"urls": [{"start": 101, "end": 124, "url": "https://t.co/W9Q8bFqyNX", "expanded_url": "https://twitter.com/realamberheard/status/1021525900234383360/photo/1", "display_url": "pic.twitter.com/W9Q8bFqyNX"}], "annotations": [{"start": 50, "end": 66, "probability": 0.3048, "type": "Other", "normalized_text": "Comic-Con madness"}]}, "id": "1021525900234383360", "created_at": "2018-07-23T22:42:08.000Z", "text": "Enjoying watching the crowds from balcony here at Comic-Con madness. Certainly something 2 watch.... https://t.co/W9Q8bFqyNX", "public_metrics": {"retweet_count": 406, "reply_count": 60, "like_count": 3320, "quote_count": 46}, "author_id": "807003567605227520", "lang": "en", "source": "Twitter for iPhone", "author": {"public_metrics": {"followers_count": 190363, "following_count": 220, "tweet_count": 1150, "listed_count": 566}, "created_at": "2016-12-08T23:26:58.000Z", "name": "Amber Heard", "username": "realamberheard", "profile_image_url": "https://pbs.twimg.com/profile_images/1383196364792680448/N8CdupEu_normal.jpg", "location": "Los Angeles, CA", "id": "807003567605227520", "url": "https://t.co/Ze18Ek9SOI", "description": "Actor and Activist, semi-professional disruptor, ice cream advocate and shameless teacup yorkie-lover"}}, "author": {"public_metrics": {"followers_count": 362, "following_count": 632, "tweet_count": 20713, "listed_count": 0}, "created_at": "2012-11-22T14:59:12.000Z", "name": "\ud83d\udc7e", "username": "ameerfarhan05", "profile_image_url": "https://pbs.twimg.com/profile_images/1501173121424195585/fK0Ap74U_normal.jpg", "location": "Seremban", "id": "964413415", "url": "", "description": "twitter is not a real place"}}, {"entities": {"urls": [{"start": 4, "end": 27, "url": "https://t.co/DfDD2xrE9l", "expanded_url": "https://twitter.com/realamberheard/status/1021525900234383360", "display_url": "twitter.com/realamberheard\u2026"}]}, "referenced_tweets": [{"type": "quoted", "id": "1021525900234383360"}], "id": "1021544634189795328", "created_at": "2018-07-23T23:56:34.000Z", "text": "\ud83d\ude0d\ud83d\ude0d\ud83d\ude0d https://t.co/DfDD2xrE9l", "public_metrics": {"retweet_count": 0, "reply_count": 0, "like_count": 0, "quote_count": 0}, "author_id": "859954692", "lang": "und", "source": "Twitter for Android", "quoted_tweet": {"entities": {"urls": [{"start": 101, "end": 124, "url": "https://t.co/W9Q8bFqyNX", "expanded_url": "https://twitter.com/realamberheard/status/1021525900234383360/photo/1", "display_url": "pic.twitter.com/W9Q8bFqyNX"}], "annotations": [{"start": 50, "end": 66, "probability": 0.3048, "type": "Other", "normalized_text": "Comic-Con madness"}]}, "id": "1021525900234383360", "created_at": "2018-07-23T22:42:08.000Z", "text": "Enjoying watching the crowds from balcony here at Comic-Con madness. Certainly something 2 watch.... https://t.co/W9Q8bFqyNX", "public_metrics": {"retweet_count": 406, "reply_count": 60, "like_count": 3320, "quote_count": 46}, "author_id": "807003567605227520", "lang": "en", "source": "Twitter for iPhone", "author": {"public_metrics": {"followers_count": 190363, "following_count": 220, "tweet_count": 1150, "listed_count": 566}, "created_at": "2016-12-08T23:26:58.000Z", "name": "Amber Heard", "username": "realamberheard", "profile_image_url": "https://pbs.twimg.com/profile_images/1383196364792680448/N8CdupEu_normal.jpg", "location": "Los Angeles, CA", "id": "807003567605227520", "url": "https://t.co/Ze18Ek9SOI", "description": "Actor and Activist, semi-professional disruptor, ice cream advocate and shameless teacup yorkie-lover"}}, "author": {"public_metrics": {"followers_count": 226, "following_count": 908, "tweet_count": 29639, "listed_count": 6}, "created_at": "2012-10-03T16:28:07.000Z", "name": "koji", "username": "kjsakura", "profile_image_url": "https://pbs.twimg.com/profile_images/779513911120949248/h3STVKnW_normal.jpg", "id": "859954692", "url": "", "description": "Dise\u00f1o Grafico - Gamer - CG Artist"}}, {"entities": {"urls": [{"start": 5, "end": 28, "url": "https://t.co/bt4QoIqRm5", "expanded_url": "https://twitter.com/realamberheard/status/1021525900234383360", "display_url": "twitter.com/realamberheard\u2026"}]}, "referenced_tweets": [{"type": "quoted", "id": "1021525900234383360"}], "id": "1021543449110097921", "created_at": "2018-07-23T23:51:52.000Z", "text": "\u53ef\u611b\u3044\uff01 https://t.co/bt4QoIqRm5", "public_metrics": {"retweet_count": 0, "reply_count": 0, "like_count": 0, "quote_count": 0}, "author_id": "99536051", "lang": "ja", "source": "Twitter for Android", "quoted_tweet": {"entities": {"urls": [{"start": 101, "end": 124, "url": "https://t.co/W9Q8bFqyNX", "expanded_url": "https://twitter.com/realamberheard/status/1021525900234383360/photo/1", "display_url": "pic.twitter.com/W9Q8bFqyNX"}], "annotations": [{"start": 50, "end": 66, "probability": 0.3048, "type": "Other", "normalized_text": "Comic-Con madness"}]}, "id": "1021525900234383360", "created_at": "2018-07-23T22:42:08.000Z", "text": "Enjoying watching the crowds from balcony here at Comic-Con madness. Certainly something 2 watch.... https://t.co/W9Q8bFqyNX", "public_metrics": {"retweet_count": 406, "reply_count": 60, "like_count": 3320, "quote_count": 46}, "author_id": "807003567605227520", "lang": "en", "source": "Twitter for iPhone", "author": {"public_metrics": {"followers_count": 190363, "following_count": 220, "tweet_count": 1150, "listed_count": 566}, "created_at": "2016-12-08T23:26:58.000Z", "name": "Amber Heard", "username": "realamberheard", "profile_image_url": "https://pbs.twimg.com/profile_images/1383196364792680448/N8CdupEu_normal.jpg", "location": "Los Angeles, CA", "id": "807003567605227520", "url": "https://t.co/Ze18Ek9SOI", "description": "Actor and Activist, semi-professional disruptor, ice cream advocate and shameless teacup yorkie-lover"}}, "author": {"public_metrics": {"followers_count": 60, "following_count": 360, "tweet_count": 3737, "listed_count": 0}, "created_at": "2009-12-26T16:51:43.000Z", "name": "Saika \u3061\u3083\u3093", "username": "gionkamen", "profile_image_url": "https://pbs.twimg.com/profile_images/937721928000856064/lkEaMbmi_normal.jpg", "location": "\u5343\u8449\u770c", "id": "99536051", "url": "", "description": "SHINHWA\u4ee5\u676520\u5e74\u3076\u308a\u306bBTS\u6cbc\u306b\u843d\u3061\u305d\u3046\u306a\u304a\u3070\u3055\u3093\u3002\u304a\u53cb\u9054\u307b\u3057\u3044\u3067\u3059\uff01"}}, {"entities": {"urls": [{"start": 23, "end": 46, "url": "https://t.co/6PQXYPgQHQ", "expanded_url": "https://twitter.com/realamberheard/status/1021525900234383360", "display_url": "twitter.com/realamberheard\u2026"}]}, "referenced_tweets": [{"type": "quoted", "id": "1021525900234383360"}], "id": "1021542301963902980", "created_at": "2018-07-23T23:47:18.000Z", "text": "a bicha \u00e9 linda demais https://t.co/6PQXYPgQHQ", "public_metrics": {"retweet_count": 0, "reply_count": 0, "like_count": 0, "quote_count": 0}, "author_id": "529629110", "lang": "pt", "source": "Twitter Web Client", "quoted_tweet": {"entities": {"urls": [{"start": 101, "end": 124, "url": "https://t.co/W9Q8bFqyNX", "expanded_url": "https://twitter.com/realamberheard/status/1021525900234383360/photo/1", "display_url": "pic.twitter.com/W9Q8bFqyNX"}], "annotations": [{"start": 50, "end": 66, "probability": 0.3048, "type": "Other", "normalized_text": "Comic-Con madness"}]}, "id": "1021525900234383360", "created_at": "2018-07-23T22:42:08.000Z", "text": "Enjoying watching the crowds from balcony here at Comic-Con madness. Certainly something 2 watch.... https://t.co/W9Q8bFqyNX", "public_metrics": {"retweet_count": 406, "reply_count": 60, "like_count": 3320, "quote_count": 46}, "author_id": "807003567605227520", "lang": "en", "source": "Twitter for iPhone", "author": {"public_metrics": {"followers_count": 190363, "following_count": 220, "tweet_count": 1150, "listed_count": 566}, "created_at": "2016-12-08T23:26:58.000Z", "name": "Amber Heard", "username": "realamberheard", "profile_image_url": "https://pbs.twimg.com/profile_images/1383196364792680448/N8CdupEu_normal.jpg", "location": "Los Angeles, CA", "id": "807003567605227520", "url": "https://t.co/Ze18Ek9SOI", "description": "Actor and Activist, semi-professional disruptor, ice cream advocate and shameless teacup yorkie-lover"}}, "author": {"public_metrics": {"followers_count": 8120, "following_count": 7333, "tweet_count": 217830, "listed_count": 34}, "created_at": "2012-03-19T18:56:24.000Z", "name": "Jessy \u05d2'\u05e1\u05d9\u05e7\u05d4", "username": "tzuyupicky", "profile_image_url": "https://pbs.twimg.com/profile_images/1506652523775549448/u8w5xlIk_normal.jpg", "location": "weki meki", "id": "529629110", "url": "", "description": "\u2605 twice weki meki animes e dc comics                    \u2022fan account \u2022"}}, {"entities": {"urls": [{"start": 4, "end": 27, "url": "https://t.co/cVAVTOV2Zs", "expanded_url": "https://twitter.com/realamberheard/status/1021525900234383360", "display_url": "twitter.com/realamberheard\u2026"}]}, "referenced_tweets": [{"type": "quoted", "id": "1021525900234383360"}], "id": "1021540730806784000", "created_at": "2018-07-23T23:41:04.000Z", "text": "\ud83e\udd24\u2764\ufe0f https://t.co/cVAVTOV2Zs", "public_metrics": {"retweet_count": 0, "reply_count": 0, "like_count": 0, "quote_count": 0}, "author_id": "3308951869", "lang": "und", "source": "Twitter for iPhone", "quoted_tweet": {"entities": {"urls": [{"start": 101, "end": 124, "url": "https://t.co/W9Q8bFqyNX", "expanded_url": "https://twitter.com/realamberheard/status/1021525900234383360/photo/1", "display_url": "pic.twitter.com/W9Q8bFqyNX"}], "annotations": [{"start": 50, "end": 66, "probability": 0.3048, "type": "Other", "normalized_text": "Comic-Con madness"}]}, "id": "1021525900234383360", "created_at": "2018-07-23T22:42:08.000Z", "text": "Enjoying watching the crowds from balcony here at Comic-Con madness. Certainly something 2 watch.... https://t.co/W9Q8bFqyNX", "public_metrics": {"retweet_count": 406, "reply_count": 60, "like_count": 3320, "quote_count": 46}, "author_id": "807003567605227520", "lang": "en", "source": "Twitter for iPhone", "author": {"public_metrics": {"followers_count": 190363, "following_count": 220, "tweet_count": 1150, "listed_count": 566}, "created_at": "2016-12-08T23:26:58.000Z", "name": "Amber Heard", "username": "realamberheard", "profile_image_url": "https://pbs.twimg.com/profile_images/1383196364792680448/N8CdupEu_normal.jpg", "location": "Los Angeles, CA", "id": "807003567605227520", "url": "https://t.co/Ze18Ek9SOI", "description": "Actor and Activist, semi-professional disruptor, ice cream advocate and shameless teacup yorkie-lover"}}, "author": {"public_metrics": {"followers_count": 87, "following_count": 496, "tweet_count": 5627, "listed_count": 6}, "created_at": "2015-08-07T16:10:07.000Z", "name": "Daniel Salcido", "username": "Daniel_Salcido1", "profile_image_url": "https://pbs.twimg.com/profile_images/1349777314695925760/FaKH2pg0_normal.jpg", "location": "Chihuahua, M\u00e9xico", "id": "3308951869", "url": "", "description": "Apasionado de la F\u00f3rmula 1, piloto virtual #SimRacing y fan de #ChecoPerez #SP11"}}, {"entities": {"urls": [{"start": 14, "end": 37, "url": "https://t.co/NgksEOEidb", "expanded_url": "https://twitter.com/realamberheard/status/1021525900234383360", "display_url": "twitter.com/realamberheard\u2026"}]}, "referenced_tweets": [{"type": "quoted", "id": "1021525900234383360"}], "id": "1021539890608009216", "created_at": "2018-07-23T23:37:43.000Z", "text": "Her nose \ud83d\udc43\ud83c\udffb\ud83d\ude49\ud83d\ude0d https://t.co/NgksEOEidb", "public_metrics": {"retweet_count": 0, "reply_count": 0, "like_count": 0, "quote_count": 0}, "author_id": "1465435776", "lang": "en", "source": "Twitter for iPhone", "quoted_tweet": {"entities": {"urls": [{"start": 101, "end": 124, "url": "https://t.co/W9Q8bFqyNX", "expanded_url": "https://twitter.com/realamberheard/status/1021525900234383360/photo/1", "display_url": "pic.twitter.com/W9Q8bFqyNX"}], "annotations": [{"start": 50, "end": 66, "probability": 0.3048, "type": "Other", "normalized_text": "Comic-Con madness"}]}, "id": "1021525900234383360", "created_at": "2018-07-23T22:42:08.000Z", "text": "Enjoying watching the crowds from balcony here at Comic-Con madness. Certainly something 2 watch.... https://t.co/W9Q8bFqyNX", "public_metrics": {"retweet_count": 406, "reply_count": 60, "like_count": 3320, "quote_count": 46}, "author_id": "807003567605227520", "lang": "en", "source": "Twitter for iPhone", "author": {"public_metrics": {"followers_count": 190363, "following_count": 220, "tweet_count": 1150, "listed_count": 566}, "created_at": "2016-12-08T23:26:58.000Z", "name": "Amber Heard", "username": "realamberheard", "profile_image_url": "https://pbs.twimg.com/profile_images/1383196364792680448/N8CdupEu_normal.jpg", "location": "Los Angeles, CA", "id": "807003567605227520", "url": "https://t.co/Ze18Ek9SOI", "description": "Actor and Activist, semi-professional disruptor, ice cream advocate and shameless teacup yorkie-lover"}}, "author": {"public_metrics": {"followers_count": 1373, "following_count": 3234, "tweet_count": 10932, "listed_count": 5}, "created_at": "2013-05-28T19:10:52.000Z", "name": "ana pau", "username": "anapaudelgado19", "profile_image_url": "https://pbs.twimg.com/profile_images/1480047786938843137/_4USqwxk_normal.jpg", "location": "Saltillo, Coahuila de Zaragoza", "id": "1465435776", "url": "", "description": "curiouser and curiouser"}}, {"entities": {"urls": [{"start": 41, "end": 64, "url": "https://t.co/yeFSTVrOGz", "expanded_url": "https://twitter.com/realamberheard/status/1021525900234383360", "display_url": "twitter.com/realamberheard\u2026"}], "annotations": [{"start": 0, "end": 2, "probability": 0.8287, "type": "Other", "normalized_text": "God"}, {"start": 36, "end": 39, "probability": 0.5189, "type": "Organization", "normalized_text": "SDCC"}]}, "referenced_tweets": [{"type": "quoted", "id": "1021525900234383360"}], "id": "1021530831007952896", "created_at": "2018-07-23T23:01:43.000Z", "text": "God blessed us with her presence at SDCC https://t.co/yeFSTVrOGz", "public_metrics": {"retweet_count": 0, "reply_count": 0, "like_count": 0, "quote_count": 0}, "author_id": "2725320776", "lang": "en", "source": "Twitter for iPhone", "quoted_tweet": {"entities": {"urls": [{"start": 101, "end": 124, "url": "https://t.co/W9Q8bFqyNX", "expanded_url": "https://twitter.com/realamberheard/status/1021525900234383360/photo/1", "display_url": "pic.twitter.com/W9Q8bFqyNX"}], "annotations": [{"start": 50, "end": 66, "probability": 0.3048, "type": "Other", "normalized_text": "Comic-Con madness"}]}, "id": "1021525900234383360", "created_at": "2018-07-23T22:42:08.000Z", "text": "Enjoying watching the crowds from balcony here at Comic-Con madness. Certainly something 2 watch.... https://t.co/W9Q8bFqyNX", "public_metrics": {"retweet_count": 406, "reply_count": 60, "like_count": 3320, "quote_count": 46}, "author_id": "807003567605227520", "lang": "en", "source": "Twitter for iPhone", "author": {"public_metrics": {"followers_count": 190363, "following_count": 220, "tweet_count": 1150, "listed_count": 566}, "created_at": "2016-12-08T23:26:58.000Z", "name": "Amber Heard", "username": "realamberheard", "profile_image_url": "https://pbs.twimg.com/profile_images/1383196364792680448/N8CdupEu_normal.jpg", "location": "Los Angeles, CA", "id": "807003567605227520", "url": "https://t.co/Ze18Ek9SOI", "description": "Actor and Activist, semi-professional disruptor, ice cream advocate and shameless teacup yorkie-lover"}}, "author": {"public_metrics": {"followers_count": 635, "following_count": 382, "tweet_count": 112189, "listed_count": 16}, "created_at": "2014-08-12T03:33:31.000Z", "name": "Ryan", "username": "GeraltAF", "profile_image_url": "https://pbs.twimg.com/profile_images/1365813285514280960/09EXH2SY_normal.jpg", "id": "2725320776", "url": "", "description": "Not financial advice"}}, {"entities": {"urls": [{"start": 18, "end": 41, "url": "https://t.co/CoFAt9BaDx", "expanded_url": "https://twitter.com/realamberheard/status/1021525900234383360", "display_url": "twitter.com/realamberheard\u2026"}]}, "referenced_tweets": [{"type": "quoted", "id": "1021525900234383360"}], "id": "1021529341379969024", "created_at": "2018-07-23T22:55:48.000Z", "text": "Amor plat\u00f3nico... https://t.co/CoFAt9BaDx", "public_metrics": {"retweet_count": 0, "reply_count": 0, "like_count": 0, "quote_count": 0}, "author_id": "272203064", "lang": "es", "source": "Twitter for Android", "quoted_tweet": {"entities": {"urls": [{"start": 101, "end": 124, "url": "https://t.co/W9Q8bFqyNX", "expanded_url": "https://twitter.com/realamberheard/status/1021525900234383360/photo/1", "display_url": "pic.twitter.com/W9Q8bFqyNX"}], "annotations": [{"start": 50, "end": 66, "probability": 0.3048, "type": "Other", "normalized_text": "Comic-Con madness"}]}, "id": "1021525900234383360", "created_at": "2018-07-23T22:42:08.000Z", "text": "Enjoying watching the crowds from balcony here at Comic-Con madness. Certainly something 2 watch.... https://t.co/W9Q8bFqyNX", "public_metrics": {"retweet_count": 406, "reply_count": 60, "like_count": 3320, "quote_count": 46}, "author_id": "807003567605227520", "lang": "en", "source": "Twitter for iPhone", "author": {"public_metrics": {"followers_count": 190363, "following_count": 220, "tweet_count": 1150, "listed_count": 566}, "created_at": "2016-12-08T23:26:58.000Z", "name": "Amber Heard", "username": "realamberheard", "profile_image_url": "https://pbs.twimg.com/profile_images/1383196364792680448/N8CdupEu_normal.jpg", "location": "Los Angeles, CA", "id": "807003567605227520", "url": "https://t.co/Ze18Ek9SOI", "description": "Actor and Activist, semi-professional disruptor, ice cream advocate and shameless teacup yorkie-lover"}}, "author": {"public_metrics": {"followers_count": 592, "following_count": 1062, "tweet_count": 5759, "listed_count": 3}, "created_at": "2011-03-26T01:33:51.000Z", "name": "Gabriel Caipa", "username": "Gabrielhasecas", "profile_image_url": "https://pbs.twimg.com/profile_images/1077245192158220288/vg109d-E_normal.jpg", "location": "Bogota, Colombia", "id": "272203064", "url": "https://t.co/iFAHzRQyhM", "description": "Pap\u00e1 de dos terremotos, esposo en formaci\u00f3n, Escritor, aspirante a cocinero, aprendiz de superheroe, Hincha de Millonarios, fiel del Real Madrid y River Plate."}}, {"entities": {"urls": [{"start": 32, "end": 55, "url": "https://t.co/KliABjW1Io", "expanded_url": "https://twitter.com/realamberheard/status/1021525900234383360", "display_url": "twitter.com/realamberheard\u2026"}], "hashtags": [{"start": 17, "end": 22, "tag": "Mera"}, {"start": 23, "end": 31, "tag": "Aquaman"}]}, "referenced_tweets": [{"type": "quoted", "id": "1021525900234383360"}], "id": "1021528688431702016", "created_at": "2018-07-23T22:53:13.000Z", "text": "Our Queen! \ud83d\ude4c\ud83d\udc51\ud83c\udf0a\ud83d\udd31 \n#Mera #Aquaman https://t.co/KliABjW1Io", "public_metrics": {"retweet_count": 0, "reply_count": 0, "like_count": 0, "quote_count": 0}, "author_id": "149185976", "lang": "en", "source": "Twitter for Android", "quoted_tweet": {"entities": {"urls": [{"start": 101, "end": 124, "url": "https://t.co/W9Q8bFqyNX", "expanded_url": "https://twitter.com/realamberheard/status/1021525900234383360/photo/1", "display_url": "pic.twitter.com/W9Q8bFqyNX"}], "annotations": [{"start": 50, "end": 66, "probability": 0.3048, "type": "Other", "normalized_text": "Comic-Con madness"}]}, "id": "1021525900234383360", "created_at": "2018-07-23T22:42:08.000Z", "text": "Enjoying watching the crowds from balcony here at Comic-Con madness. Certainly something 2 watch.... https://t.co/W9Q8bFqyNX", "public_metrics": {"retweet_count": 406, "reply_count": 60, "like_count": 3320, "quote_count": 46}, "author_id": "807003567605227520", "lang": "en", "source": "Twitter for iPhone", "author": {"public_metrics": {"followers_count": 190363, "following_count": 220, "tweet_count": 1150, "listed_count": 566}, "created_at": "2016-12-08T23:26:58.000Z", "name": "Amber Heard", "username": "realamberheard", "profile_image_url": "https://pbs.twimg.com/profile_images/1383196364792680448/N8CdupEu_normal.jpg", "location": "Los Angeles, CA", "id": "807003567605227520", "url": "https://t.co/Ze18Ek9SOI", "description": "Actor and Activist, semi-professional disruptor, ice cream advocate and shameless teacup yorkie-lover"}}, "author": {"public_metrics": {"followers_count": 1903, "following_count": 3366, "tweet_count": 90236, "listed_count": 61}, "created_at": "2010-05-28T16:49:56.000Z", "name": "Gaby Dorado \ud83c\udde6\ud83c\uddf7\u2077 \ud83d\udc9c | Daughter of Themyscira", "username": "wickedivy", "profile_image_url": "https://pbs.twimg.com/profile_images/1502699228287492096/oRNqMhzg_normal.jpg", "location": "Buenos Aires, Argentina", "id": "149185976", "url": "https://t.co/LQZqq28nA8", "description": "\ub3c4\ub77c\ub3c4 \uac00\ube44 ~Editorial Designer/Web Dev. #BTS, OT7, '79 liner. #DCComics nerd, \u264f. I \u2665 books, music & sarcasm. Fluent in geek. My own opinions. #RestoreTheSnyderVerse"}}, {"entities": {"urls": [{"start": 25, "end": 48, "url": "https://t.co/z9WPZEEA0C", "expanded_url": "https://twitter.com/realamberheard/status/1021525900234383360", "display_url": "twitter.com/realamberheard\u2026"}]}, "referenced_tweets": [{"type": "quoted", "id": "1021525900234383360"}], "id": "1021527599246397440", "created_at": "2018-07-23T22:48:53.000Z", "text": "mds voce euh muito linda https://t.co/z9WPZEEA0C", "public_metrics": {"retweet_count": 0, "reply_count": 0, "like_count": 0, "quote_count": 0}, "author_id": "1609549141", "lang": "pt", "source": "Twitter for Android", "quoted_tweet": {"entities": {"urls": [{"start": 101, "end": 124, "url": "https://t.co/W9Q8bFqyNX", "expanded_url": "https://twitter.com/realamberheard/status/1021525900234383360/photo/1", "display_url": "pic.twitter.com/W9Q8bFqyNX"}], "annotations": [{"start": 50, "end": 66, "probability": 0.3048, "type": "Other", "normalized_text": "Comic-Con madness"}]}, "id": "1021525900234383360", "created_at": "2018-07-23T22:42:08.000Z", "text": "Enjoying watching the crowds from balcony here at Comic-Con madness. Certainly something 2 watch.... https://t.co/W9Q8bFqyNX", "public_metrics": {"retweet_count": 406, "reply_count": 60, "like_count": 3320, "quote_count": 46}, "author_id": "807003567605227520", "lang": "en", "source": "Twitter for iPhone", "author": {"public_metrics": {"followers_count": 190363, "following_count": 220, "tweet_count": 1150, "listed_count": 566}, "created_at": "2016-12-08T23:26:58.000Z", "name": "Amber Heard", "username": "realamberheard", "profile_image_url": "https://pbs.twimg.com/profile_images/1383196364792680448/N8CdupEu_normal.jpg", "location": "Los Angeles, CA", "id": "807003567605227520", "url": "https://t.co/Ze18Ek9SOI", "description": "Actor and Activist, semi-professional disruptor, ice cream advocate and shameless teacup yorkie-lover"}}, "author": {"public_metrics": {"followers_count": 807, "following_count": 333, "tweet_count": 39549, "listed_count": 1}, "created_at": "2013-07-21T02:28:49.000Z", "name": "vivian", "username": "vivianmpascoal", "profile_image_url": "https://pbs.twimg.com/profile_images/1506289128064831488/p8NoZrjh_normal.jpg", "id": "1609549141", "url": "", "description": "all we have to decide is what to do with the time that is given us"}}, {"entities": {"urls": [{"start": 81, "end": 104, "url": "https://t.co/W24Ne7ZwNc", "expanded_url": "https://twitter.com/realamberheard/status/1021525900234383360", "display_url": "twitter.com/realamberheard\u2026"}]}, "referenced_tweets": [{"type": "quoted", "id": "1021525900234383360"}], "id": "1021526832510689280", "created_at": "2018-07-23T22:45:50.000Z", "text": "I can't believe you're in my hometown and I'm stuck at schoolville 500miles away https://t.co/W24Ne7ZwNc", "public_metrics": {"retweet_count": 0, "reply_count": 0, "like_count": 0, "quote_count": 0}, "author_id": "723729905863659520", "lang": "en", "source": "Twitter for iPhone", "quoted_tweet": {"entities": {"urls": [{"start": 101, "end": 124, "url": "https://t.co/W9Q8bFqyNX", "expanded_url": "https://twitter.com/realamberheard/status/1021525900234383360/photo/1", "display_url": "pic.twitter.com/W9Q8bFqyNX"}], "annotations": [{"start": 50, "end": 66, "probability": 0.3048, "type": "Other", "normalized_text": "Comic-Con madness"}]}, "id": "1021525900234383360", "created_at": "2018-07-23T22:42:08.000Z", "text": "Enjoying watching the crowds from balcony here at Comic-Con madness. Certainly something 2 watch.... https://t.co/W9Q8bFqyNX", "public_metrics": {"retweet_count": 406, "reply_count": 60, "like_count": 3320, "quote_count": 46}, "author_id": "807003567605227520", "lang": "en", "source": "Twitter for iPhone", "author": {"public_metrics": {"followers_count": 190363, "following_count": 220, "tweet_count": 1150, "listed_count": 566}, "created_at": "2016-12-08T23:26:58.000Z", "name": "Amber Heard", "username": "realamberheard", "profile_image_url": "https://pbs.twimg.com/profile_images/1383196364792680448/N8CdupEu_normal.jpg", "location": "Los Angeles, CA", "id": "807003567605227520", "url": "https://t.co/Ze18Ek9SOI", "description": "Actor and Activist, semi-professional disruptor, ice cream advocate and shameless teacup yorkie-lover"}}, "author": {"public_metrics": {"followers_count": 535, "following_count": 504, "tweet_count": 31870, "listed_count": 5}, "created_at": "2016-04-23T04:27:10.000Z", "name": "renee \ud83c\udf52\ud83e\udd82", "username": "cherrygeist", "profile_image_url": "https://pbs.twimg.com/profile_images/1458178325310967808/X7a6T6BC_normal.jpg", "location": "California, USA", "id": "723729905863659520", "url": "", "description": "type 1 diabetic with adhd. 25 (she/her)  \u2609\u264f\ufe0e \u263d\u264a\ufe0e \u2191\u2653\ufe0e"}}, {"entities": {"urls": [{"start": 3, "end": 26, "url": "https://t.co/PLllOWhzRL", "expanded_url": "https://twitter.com/realamberheard/status/1021525900234383360", "display_url": "twitter.com/realamberheard\u2026"}]}, "referenced_tweets": [{"type": "quoted", "id": "1021525900234383360"}], "id": "1021526689111789568", "created_at": "2018-07-23T22:45:16.000Z", "text": "\ud83d\ude0d\ud83d\ude18 https://t.co/PLllOWhzRL", "public_metrics": {"retweet_count": 0, "reply_count": 0, "like_count": 0, "quote_count": 0}, "author_id": "27340517", "lang": "und", "source": "Twitter Web App", "quoted_tweet": {"entities": {"urls": [{"start": 101, "end": 124, "url": "https://t.co/W9Q8bFqyNX", "expanded_url": "https://twitter.com/realamberheard/status/1021525900234383360/photo/1", "display_url": "pic.twitter.com/W9Q8bFqyNX"}], "annotations": [{"start": 50, "end": 66, "probability": 0.3048, "type": "Other", "normalized_text": "Comic-Con madness"}]}, "id": "1021525900234383360", "created_at": "2018-07-23T22:42:08.000Z", "text": "Enjoying watching the crowds from balcony here at Comic-Con madness. Certainly something 2 watch.... https://t.co/W9Q8bFqyNX", "public_metrics": {"retweet_count": 406, "reply_count": 60, "like_count": 3320, "quote_count": 46}, "author_id": "807003567605227520", "lang": "en", "source": "Twitter for iPhone", "author": {"public_metrics": {"followers_count": 190363, "following_count": 220, "tweet_count": 1150, "listed_count": 566}, "created_at": "2016-12-08T23:26:58.000Z", "name": "Amber Heard", "username": "realamberheard", "profile_image_url": "https://pbs.twimg.com/profile_images/1383196364792680448/N8CdupEu_normal.jpg", "location": "Los Angeles, CA", "id": "807003567605227520", "url": "https://t.co/Ze18Ek9SOI", "description": "Actor and Activist, semi-professional disruptor, ice cream advocate and shameless teacup yorkie-lover"}}, "author": {"public_metrics": {"followers_count": 1139, "following_count": 905, "tweet_count": 62775, "listed_count": 12}, "created_at": "2009-03-29T00:11:33.000Z", "name": "Boo of the booless \ud83c\udf39", "username": "miquest", "profile_image_url": "https://pbs.twimg.com/profile_images/1218539173398962176/kiFMHcdE_normal.jpg", "location": "LA^ LA^ LAND", "id": "27340517", "url": "https://t.co/tMjnWUhz54", "description": "SC: midasminne1 \n#Consultant #LicTeam @licteam_\n#PR #Publicist #Hybrid \n#MUFC          \nThe hologram of A King & Leader of the Lone Wolves,\nCapricorn,\n\u265b\u267b\u2651"}}, {"entities": {"urls": [{"start": 46, "end": 69, "url": "https://t.co/By9kgz3ki3", "expanded_url": "https://twitter.com/realamberheard/status/1021525900234383360", "display_url": "twitter.com/realamberheard\u2026"}], "annotations": [{"start": 7, "end": 17, "probability": 0.4823, "type": "Person", "normalized_text": "Amber Heard"}]}, "referenced_tweets": [{"type": "quoted", "id": "1021525900234383360"}], "id": "1021526032153632768", "created_at": "2018-07-23T22:42:39.000Z", "text": "My god Amber Heard is so beautifully stunning https://t.co/By9kgz3ki3", "public_metrics": {"retweet_count": 0, "reply_count": 0, "like_count": 2, "quote_count": 0}, "author_id": "1540099022", "lang": "en", "source": "Twitter for iPhone", "quoted_tweet": {"entities": {"urls": [{"start": 101, "end": 124, "url": "https://t.co/W9Q8bFqyNX", "expanded_url": "https://twitter.com/realamberheard/status/1021525900234383360/photo/1", "display_url": "pic.twitter.com/W9Q8bFqyNX"}], "annotations": [{"start": 50, "end": 66, "probability": 0.3048, "type": "Other", "normalized_text": "Comic-Con madness"}]}, "id": "1021525900234383360", "created_at": "2018-07-23T22:42:08.000Z", "text": "Enjoying watching the crowds from balcony here at Comic-Con madness. Certainly something 2 watch.... https://t.co/W9Q8bFqyNX", "public_metrics": {"retweet_count": 406, "reply_count": 60, "like_count": 3320, "quote_count": 46}, "author_id": "807003567605227520", "lang": "en", "source": "Twitter for iPhone", "author": {"public_metrics": {"followers_count": 190363, "following_count": 220, "tweet_count": 1150, "listed_count": 566}, "created_at": "2016-12-08T23:26:58.000Z", "name": "Amber Heard", "username": "realamberheard", "profile_image_url": "https://pbs.twimg.com/profile_images/1383196364792680448/N8CdupEu_normal.jpg", "location": "Los Angeles, CA", "id": "807003567605227520", "url": "https://t.co/Ze18Ek9SOI", "description": "Actor and Activist, semi-professional disruptor, ice cream advocate and shameless teacup yorkie-lover"}}, "author": {"public_metrics": {"followers_count": 221, "following_count": 274, "tweet_count": 62052, "listed_count": 8}, "created_at": "2013-06-23T04:12:35.000Z", "name": "CD III \ud83e\udd87", "username": "EnigmasLight99", "profile_image_url": "https://pbs.twimg.com/profile_images/1470596460928327684/ckBaba9X_normal.jpg", "location": "San Francisco, CA", "id": "1540099022", "url": "https://t.co/0hUGdLkkrK", "description": "I really love comic books, wrestling and Raina \ud83d\udda4 Host of the KAYFABE\u2019D Podcast"}}, {"entities": {"urls": [{"start": 24, "end": 47, "url": "https://t.co/L5EY5aDBsc", "expanded_url": "https://twitter.com/realamberheard/status/1021525900234383360", "display_url": "twitter.com/realamberheard\u2026"}]}, "referenced_tweets": [{"type": "quoted", "id": "1021525900234383360"}], "id": "1021525974066843649", "created_at": "2018-07-23T22:42:25.000Z", "text": "Qu\u2019elle est belle merde https://t.co/L5EY5aDBsc", "public_metrics": {"retweet_count": 0, "reply_count": 0, "like_count": 0, "quote_count": 0}, "author_id": "482060880", "lang": "fr", "source": "Twitter for iPhone", "quoted_tweet": {"entities": {"urls": [{"start": 101, "end": 124, "url": "https://t.co/W9Q8bFqyNX", "expanded_url": "https://twitter.com/realamberheard/status/1021525900234383360/photo/1", "display_url": "pic.twitter.com/W9Q8bFqyNX"}], "annotations": [{"start": 50, "end": 66, "probability": 0.3048, "type": "Other", "normalized_text": "Comic-Con madness"}]}, "id": "1021525900234383360", "created_at": "2018-07-23T22:42:08.000Z", "text": "Enjoying watching the crowds from balcony here at Comic-Con madness. Certainly something 2 watch.... https://t.co/W9Q8bFqyNX", "public_metrics": {"retweet_count": 406, "reply_count": 60, "like_count": 3320, "quote_count": 46}, "author_id": "807003567605227520", "lang": "en", "source": "Twitter for iPhone", "author": {"public_metrics": {"followers_count": 190363, "following_count": 220, "tweet_count": 1150, "listed_count": 566}, "created_at": "2016-12-08T23:26:58.000Z", "name": "Amber Heard", "username": "realamberheard", "profile_image_url": "https://pbs.twimg.com/profile_images/1383196364792680448/N8CdupEu_normal.jpg", "location": "Los Angeles, CA", "id": "807003567605227520", "url": "https://t.co/Ze18Ek9SOI", "description": "Actor and Activist, semi-professional disruptor, ice cream advocate and shameless teacup yorkie-lover"}}, "author": {"public_metrics": {"followers_count": 1800, "following_count": 122, "tweet_count": 38697, "listed_count": 20}, "created_at": "2012-02-03T13:45:46.000Z", "name": "Alicia.", "username": "alicia_btt", "profile_image_url": "https://pbs.twimg.com/profile_images/1370130052906676228/8GtXbKg2_normal.jpg", "location": "she/her", "id": "482060880", "url": "", "description": "She saved the world a lot. | Ma\u00eetresse paillettes \u2728"}}]