[{"id": "1024022930060075008", "entities": {"urls": [{"start": 3, "end": 26, "url": "https://t.co/TMwZ6BC8Xs", "expanded_url": "https://twitter.com/realamberheard/status/1023341646631591937", "display_url": "twitter.com/realamberheard\u2026"}]}, "lang": "und", "author_id": "19030514", "referenced_tweets": [{"type": "quoted", "id": "1023341646631591937"}], "public_metrics": {"retweet_count": 0, "reply_count": 0, "like_count": 0, "quote_count": 0}, "text": "RT https://t.co/TMwZ6BC8Xs", "created_at": "2018-07-30T20:04:26.000Z", "source": "Twitter Web Client", "quoted_tweet": {"id": "1023341646631591937", "entities": {"urls": [{"start": 49, "end": 72, "url": "https://t.co/ms5AGyvkMp", "expanded_url": "https://www.instagram.com/p/BlyvuCMgIEw/?utm_source=ig_twitter_share&igshid=puymw0z7rxp0", "display_url": "instagram.com/p/BlyvuCMgIEw/\u2026", "status": 200, "unwound_url": "https://www.instagram.com/p/BlyvuCMgIEw/?utm_source=ig_twitter_share&igshid=puymw0z7rxp0"}]}, "lang": "en", "author_id": "807003567605227520", "public_metrics": {"retweet_count": 62, "reply_count": 20, "like_count": 376, "quote_count": 3}, "text": "Crowdrise campaign is baaaack! Check link in bio https://t.co/ms5AGyvkMp", "created_at": "2018-07-28T22:57:15.000Z", "source": "Instagram", "author": {"url": "https://t.co/Ze18Ek9SOI", "username": "realamberheard", "description": "Actor and Activist, semi-professional disruptor, ice cream advocate and shameless teacup yorkie-lover", "name": "Amber Heard", "location": "Los Angeles, CA", "created_at": "2016-12-08T23:26:58.000Z", "profile_image_url": "https://pbs.twimg.com/profile_images/1383196364792680448/N8CdupEu_normal.jpg", "public_metrics": {"followers_count": 190363, "following_count": 220, "tweet_count": 1150, "listed_count": 566}, "id": "807003567605227520"}}, "author": {"url": "", "username": "bford2", "description": "Recovering photojournalist and journalist, WordPress user, knit Queen, mountain dweller, Subaru driver, cat servant. #CraigStrong", "name": "Barbara Ford", "location": "Colorado, USA", "created_at": "2009-01-15T17:46:26.000Z", "profile_image_url": "https://pbs.twimg.com/profile_images/1440854453058367500/X8X6jv-K_normal.jpg", "public_metrics": {"followers_count": 221, "following_count": 393, "tweet_count": 9659, "listed_count": 24}, "id": "19030514"}}, {"id": "1023583271400009729", "entities": {"hashtags": [{"start": 9, "end": 17, "tag": "Support"}], "urls": [{"start": 18, "end": 41, "url": "https://t.co/UbVTxs8fev", "expanded_url": "https://twitter.com/realamberheard/status/1023341646631591937", "display_url": "twitter.com/realamberheard\u2026"}]}, "lang": "en", "author_id": "492560597", "referenced_tweets": [{"type": "quoted", "id": "1023341646631591937"}], "public_metrics": {"retweet_count": 0, "reply_count": 0, "like_count": 1, "quote_count": 0}, "text": "Rock on! #Support https://t.co/UbVTxs8fev", "created_at": "2018-07-29T14:57:23.000Z", "source": "Twitter for iPhone", "quoted_tweet": {"id": "1023341646631591937", "entities": {"urls": [{"start": 49, "end": 72, "url": "https://t.co/ms5AGyvkMp", "expanded_url": "https://www.instagram.com/p/BlyvuCMgIEw/?utm_source=ig_twitter_share&igshid=puymw0z7rxp0", "display_url": "instagram.com/p/BlyvuCMgIEw/\u2026", "status": 200, "unwound_url": "https://www.instagram.com/p/BlyvuCMgIEw/?utm_source=ig_twitter_share&igshid=puymw0z7rxp0"}]}, "lang": "en", "author_id": "807003567605227520", "public_metrics": {"retweet_count": 62, "reply_count": 20, "like_count": 376, "quote_count": 3}, "text": "Crowdrise campaign is baaaack! Check link in bio https://t.co/ms5AGyvkMp", "created_at": "2018-07-28T22:57:15.000Z", "source": "Instagram", "author": {"url": "https://t.co/Ze18Ek9SOI", "username": "realamberheard", "description": "Actor and Activist, semi-professional disruptor, ice cream advocate and shameless teacup yorkie-lover", "name": "Amber Heard", "location": "Los Angeles, CA", "created_at": "2016-12-08T23:26:58.000Z", "profile_image_url": "https://pbs.twimg.com/profile_images/1383196364792680448/N8CdupEu_normal.jpg", "public_metrics": {"followers_count": 190363, "following_count": 220, "tweet_count": 1150, "listed_count": 566}, "id": "807003567605227520"}}, "author": {"url": "https://t.co/LL4cXZREcf", "username": "ScrawnyStrange", "description": "Screenwriter | Filmmaker | Creative Collaborator | Comic Writer | Amazon Studios NP | https://t.co/mCgrIX9LYi #LAShortsCollective", "name": "Rolando Joseph Herrera", "location": "USA", "created_at": "2012-02-14T21:23:13.000Z", "profile_image_url": "https://pbs.twimg.com/profile_images/1478828871222906881/bNfsjUEb_normal.jpg", "public_metrics": {"followers_count": 1554, "following_count": 4990, "tweet_count": 20423, "listed_count": 75}, "id": "492560597"}}]