[{"text": "Beautiful picture. https://t.co/2t3Daos121", "lang": "en", "public_metrics": {"retweet_count": 0, "reply_count": 0, "like_count": 0, "quote_count": 0}, "author_id": "3064671053", "created_at": "2018-08-01T12:53:52.000Z", "entities": {"urls": [{"start": 19, "end": 42, "url": "https://t.co/2t3Daos121", "expanded_url": "https://twitter.com/realamberheard/status/1024396292859064323", "display_url": "twitter.com/realamberheard\u2026"}]}, "referenced_tweets": [{"type": "quoted", "id": "1024396292859064323"}], "id": "1024639349458120705", "source": "Twitter Web Client", "quoted_tweet": {"text": "Puppy spooning. Check story for full (or rather, still growing) story...... https://t.co/VJJBAQtZzG", "lang": "en", "public_metrics": {"retweet_count": 40, "reply_count": 17, "like_count": 252, "quote_count": 3}, "author_id": "807003567605227520", "created_at": "2018-07-31T20:48:03.000Z", "entities": {"urls": [{"start": 76, "end": 99, "url": "https://t.co/VJJBAQtZzG", "expanded_url": "https://www.instagram.com/p/Bl6PPM2gI0d/?utm_source=ig_twitter_share&igshid=i2vg6kj73c4j", "display_url": "instagram.com/p/Bl6PPM2gI0d/\u2026"}]}, "id": "1024396292859064323", "source": "Instagram", "author": {"url": "https://t.co/Ze18Ek9SOI", "id": "807003567605227520", "public_metrics": {"followers_count": 190363, "following_count": 220, "tweet_count": 1150, "listed_count": 566}, "created_at": "2016-12-08T23:26:58.000Z", "username": "realamberheard", "description": "Actor and Activist, semi-professional disruptor, ice cream advocate and shameless teacup yorkie-lover", "profile_image_url": "https://pbs.twimg.com/profile_images/1383196364792680448/N8CdupEu_normal.jpg", "name": "Amber Heard", "location": "Los Angeles, CA"}}, "author": {"url": "", "id": "3064671053", "public_metrics": {"followers_count": 697, "following_count": 1826, "tweet_count": 79023, "listed_count": 18}, "created_at": "2015-02-28T02:54:54.000Z", "username": "1570_landa", "description": "I'm a huge fan of the Washington Commanders , I also like the soap DOOL and Amber Heard fan too.", "profile_image_url": "https://pbs.twimg.com/profile_images/742949121938575361/2gdO8v7e_normal.jpg", "name": "Luis Landa", "location": "Maryland, USA"}}, {"text": "morri de amores https://t.co/Am5lNYK3U7", "lang": "pt", "public_metrics": {"retweet_count": 0, "reply_count": 0, "like_count": 0, "quote_count": 0}, "author_id": "2735634628", "created_at": "2018-07-31T20:52:44.000Z", "entities": {"urls": [{"start": 16, "end": 39, "url": "https://t.co/Am5lNYK3U7", "expanded_url": "https://twitter.com/realamberheard/status/1024396292859064323", "display_url": "twitter.com/realamberheard\u2026"}]}, "referenced_tweets": [{"type": "quoted", "id": "1024396292859064323"}], "id": "1024397472154742784", "source": "Twitter for Android", "quoted_tweet": {"text": "Puppy spooning. Check story for full (or rather, still growing) story...... https://t.co/VJJBAQtZzG", "lang": "en", "public_metrics": {"retweet_count": 40, "reply_count": 17, "like_count": 252, "quote_count": 3}, "author_id": "807003567605227520", "created_at": "2018-07-31T20:48:03.000Z", "entities": {"urls": [{"start": 76, "end": 99, "url": "https://t.co/VJJBAQtZzG", "expanded_url": "https://www.instagram.com/p/Bl6PPM2gI0d/?utm_source=ig_twitter_share&igshid=i2vg6kj73c4j", "display_url": "instagram.com/p/Bl6PPM2gI0d/\u2026"}]}, "id": "1024396292859064323", "source": "Instagram", "author": {"url": "https://t.co/Ze18Ek9SOI", "id": "807003567605227520", "public_metrics": {"followers_count": 190363, "following_count": 220, "tweet_count": 1150, "listed_count": 566}, "created_at": "2016-12-08T23:26:58.000Z", "username": "realamberheard", "description": "Actor and Activist, semi-professional disruptor, ice cream advocate and shameless teacup yorkie-lover", "profile_image_url": "https://pbs.twimg.com/profile_images/1383196364792680448/N8CdupEu_normal.jpg", "name": "Amber Heard", "location": "Los Angeles, CA"}}, "author": {"url": "https://t.co/cDdTULl8PJ", "id": "2735634628", "public_metrics": {"followers_count": 1115, "following_count": 383, "tweet_count": 71662, "listed_count": 11}, "created_at": "2014-08-06T23:36:54.000Z", "username": "hauntingporter", "description": "estudando muito pra ser bette porter\n                                                                                                 #sanversmatters |dc/marvel", "profile_image_url": "https://pbs.twimg.com/profile_images/1479555623515836417/b1-n-NuC_normal.jpg", "name": "b"}}, {"text": "NAME HIM SALTY https://t.co/rlBfKL3Uc6", "lang": "en", "public_metrics": {"retweet_count": 0, "reply_count": 0, "like_count": 1, "quote_count": 0}, "author_id": "941912731879272448", "created_at": "2018-07-31T20:48:34.000Z", "entities": {"urls": [{"start": 15, "end": 38, "url": "https://t.co/rlBfKL3Uc6", "expanded_url": "https://twitter.com/realamberheard/status/1024396292859064323", "display_url": "twitter.com/realamberheard\u2026"}]}, "referenced_tweets": [{"type": "quoted", "id": "1024396292859064323"}], "id": "1024396424874680320", "source": "Twitter for iPhone", "quoted_tweet": {"text": "Puppy spooning. Check story for full (or rather, still growing) story...... https://t.co/VJJBAQtZzG", "lang": "en", "public_metrics": {"retweet_count": 40, "reply_count": 17, "like_count": 252, "quote_count": 3}, "author_id": "807003567605227520", "created_at": "2018-07-31T20:48:03.000Z", "entities": {"urls": [{"start": 76, "end": 99, "url": "https://t.co/VJJBAQtZzG", "expanded_url": "https://www.instagram.com/p/Bl6PPM2gI0d/?utm_source=ig_twitter_share&igshid=i2vg6kj73c4j", "display_url": "instagram.com/p/Bl6PPM2gI0d/\u2026"}]}, "id": "1024396292859064323", "source": "Instagram", "author": {"url": "https://t.co/Ze18Ek9SOI", "id": "807003567605227520", "public_metrics": {"followers_count": 190363, "following_count": 220, "tweet_count": 1150, "listed_count": 566}, "created_at": "2016-12-08T23:26:58.000Z", "username": "realamberheard", "description": "Actor and Activist, semi-professional disruptor, ice cream advocate and shameless teacup yorkie-lover", "profile_image_url": "https://pbs.twimg.com/profile_images/1383196364792680448/N8CdupEu_normal.jpg", "name": "Amber Heard", "location": "Los Angeles, CA"}}, "author": {"url": "", "id": "941912731879272448", "public_metrics": {"followers_count": 3065, "following_count": 934, "tweet_count": 38826, "listed_count": 0}, "created_at": "2017-12-16T06:07:49.000Z", "username": "skskkskjsimone", "description": "u ever been tired, red? yeah :) #releasetheayercut", "profile_image_url": "https://pbs.twimg.com/profile_images/1426788364355706884/o2uKkd-h_normal.jpg", "name": "\ud83d\udca4"}}]