[{"created_at": "2018-10-17T16:42:37.000Z", "source": "\u0631\u0628\u0627\u062a \u0647\u0648\u0634\u0645\u0646\u062f \u0639\u0634\u0642", "referenced_tweets": [{"type": "retweeted", "id": "1052600449981792257"}], "entities": {"hashtags": [{"start": 50, "end": 60, "tag": "\u0627\u0645\u0628\u0631_\u0647\u06cc\u0631\u062f"}, {"start": 62, "end": 74, "tag": "amber_heard"}], "urls": [{"start": 75, "end": 98, "url": "https://t.co/IgSMSE7aKp", "expanded_url": "https://twitter.com/realamberheard/status/1026227827874652160", "display_url": "twitter.com/realamberheard\u2026"}], "mentions": [{"start": 3, "end": 13, "username": "zanakaka_", "id": "785401333"}]}, "lang": "fa", "id": "1052600781378150400", "text": "RT @zanakaka_: \u0622\u0642\u0627 \u0645\u0646 \u0631\u0648 \u0627\u06cc\u0634\u0648\u0646 \u06a9\u0631\u0627\u0634 \u062f\u0627\u0631\u0645 :)))))))\n#\u0627\u0645\u0628\u0631_\u0647\u06cc\u0631\u062f \n#amber_heard https://t.co/IgSMSE7aKp", "author_id": "779290491422670848", "public_metrics": {"retweet_count": 1, "reply_count": 0, "like_count": 0, "quote_count": 0}, "quoted_tweet": {"created_at": "2018-08-05T22:05:55.000Z", "source": "Twitter for iPhone", "entities": {"urls": [{"start": 27, "end": 50, "url": "https://t.co/MMlTq1mpLA", "expanded_url": "https://twitter.com/realamberheard/status/1026227827874652160/photo/1", "display_url": "pic.twitter.com/MMlTq1mpLA"}], "mentions": [{"start": 13, "end": 25, "username": "TasyavanRee", "id": "112010583"}]}, "lang": "en", "id": "1026227827874652160", "text": "Portrait by \u2066@TasyavanRee\u2069 https://t.co/MMlTq1mpLA", "author_id": "807003567605227520", "public_metrics": {"retweet_count": 204, "reply_count": 81, "like_count": 1709, "quote_count": 11}, "author": {"url": "https://t.co/Ze18Ek9SOI", "username": "realamberheard", "description": "Actor and Activist, semi-professional disruptor, ice cream advocate and shameless teacup yorkie-lover", "id": "807003567605227520", "location": "Los Angeles, CA", "profile_image_url": "https://pbs.twimg.com/profile_images/1383196364792680448/N8CdupEu_normal.jpg", "created_at": "2016-12-08T23:26:58.000Z", "public_metrics": {"followers_count": 190363, "following_count": 220, "tweet_count": 1150, "listed_count": 566}, "name": "Amber Heard"}}, "author": {"url": "", "username": "love__robot", "description": "", "id": "779290491422670848", "location": "Islamic Republic of Iran", "profile_image_url": "https://pbs.twimg.com/profile_images/786961352434802689/Ac6dLF1t_normal.jpg", "created_at": "2016-09-23T12:05:06.000Z", "public_metrics": {"followers_count": 1651, "following_count": 2, "tweet_count": 133380, "listed_count": 2}, "name": "\u06a9\u0631\u0627\u0634 \u06cc\u0627\u0628"}}, {"created_at": "2018-10-17T16:41:18.000Z", "source": "Twitter for Android", "referenced_tweets": [{"type": "quoted", "id": "1026227827874652160"}], "entities": {"hashtags": [{"start": 35, "end": 45, "tag": "\u0627\u0645\u0628\u0631_\u0647\u06cc\u0631\u062f"}, {"start": 47, "end": 59, "tag": "amber_heard"}], "urls": [{"start": 60, "end": 83, "url": "https://t.co/IgSMSE7aKp", "expanded_url": "https://twitter.com/realamberheard/status/1026227827874652160", "display_url": "twitter.com/realamberheard\u2026"}]}, "lang": "fa", "id": "1052600449981792257", "text": "\u0622\u0642\u0627 \u0645\u0646 \u0631\u0648 \u0627\u06cc\u0634\u0648\u0646 \u06a9\u0631\u0627\u0634 \u062f\u0627\u0631\u0645 :)))))))\n#\u0627\u0645\u0628\u0631_\u0647\u06cc\u0631\u062f \n#amber_heard https://t.co/IgSMSE7aKp", "author_id": "785401333", "public_metrics": {"retweet_count": 1, "reply_count": 0, "like_count": 4, "quote_count": 0}, "quoted_tweet": {"created_at": "2018-08-05T22:05:55.000Z", "source": "Twitter for iPhone", "entities": {"urls": [{"start": 27, "end": 50, "url": "https://t.co/MMlTq1mpLA", "expanded_url": "https://twitter.com/realamberheard/status/1026227827874652160/photo/1", "display_url": "pic.twitter.com/MMlTq1mpLA"}], "mentions": [{"start": 13, "end": 25, "username": "TasyavanRee", "id": "112010583"}]}, "lang": "en", "id": "1026227827874652160", "text": "Portrait by \u2066@TasyavanRee\u2069 https://t.co/MMlTq1mpLA", "author_id": "807003567605227520", "public_metrics": {"retweet_count": 204, "reply_count": 81, "like_count": 1709, "quote_count": 11}, "author": {"url": "https://t.co/Ze18Ek9SOI", "username": "realamberheard", "description": "Actor and Activist, semi-professional disruptor, ice cream advocate and shameless teacup yorkie-lover", "id": "807003567605227520", "location": "Los Angeles, CA", "profile_image_url": "https://pbs.twimg.com/profile_images/1383196364792680448/N8CdupEu_normal.jpg", "created_at": "2016-12-08T23:26:58.000Z", "public_metrics": {"followers_count": 190363, "following_count": 220, "tweet_count": 1150, "listed_count": 566}, "name": "Amber Heard"}}, "author": {"url": "https://t.co/fnhghj22i0", "username": "zanakaka_", "description": "\u200f\u200f\u200f\u200f\u200f\u200f\u200f\u200f\u200f\u0627\u06cc\u0646\u062c\u0627 \u0645\u06cc\u062a\u0648\u0646\u06cc \u0631\u0627\u062d\u062a \u062e\u0648\u062f\u0650 \u062e\u0648\u062f\u062a \u0628\u0627\u0634\u06cc \u0628\u062f\u0648\u0646 \u0627\u06cc\u0646\u06a9\u0647 \u0628\u0647 \u06a9\u0633\u06cc \u0628\u064e\u0631 \u0628\u062e\u0648\u0631\u0647\u060c\n\u0627\u0644\u0628\u062a\u0647 \u0627\u06cc\u0646\u062c\u0627 \u0647\u0645 \u062e\u06cc\u0644\u06cc\u0627 \u062e\u0648\u062f\u0634\u0648\u0646 \u0646\u06cc\u0633\u062a\u0646.\n\u0628\u0647 \u0634\u062f\u062a \u0639\u0644\u0627\u0642\u0645\u0646\u062f \u0628\u0647 \u200e\u200e\u200e\u200e\u200e\u200e#\u0639\u06a9\u0627\u0633\u06cc", "id": "785401333", "location": "saqqez", "profile_image_url": "https://pbs.twimg.com/profile_images/1502761887783477253/LQPdQ2Aa_normal.jpg", "created_at": "2012-08-27T20:18:28.000Z", "public_metrics": {"followers_count": 801, "following_count": 867, "tweet_count": 1919, "listed_count": 0}, "name": "\u0622\u062e\u0631\u06cc\u0646 \u0627\u064e\u0646\u0627\u0631\u0650 \u062f\u0646\u06cc\u0627"}}, {"created_at": "2018-08-17T02:59:35.000Z", "source": "Twitter for iPhone", "referenced_tweets": [{"type": "quoted", "id": "1026227827874652160"}], "entities": {"urls": [{"start": 52, "end": 75, "url": "https://t.co/cofG2kd4TH", "expanded_url": "https://twitter.com/realamberheard/status/1026227827874652160", "display_url": "twitter.com/realamberheard\u2026"}]}, "lang": "es", "id": "1030287999119118337", "text": "Ella a\u00fan no lo sabe pero nos vamos a casar un d\u00eda \ud83d\udda4 https://t.co/cofG2kd4TH", "author_id": "623259479", "public_metrics": {"retweet_count": 0, "reply_count": 0, "like_count": 0, "quote_count": 0}, "quoted_tweet": {"created_at": "2018-08-05T22:05:55.000Z", "source": "Twitter for iPhone", "entities": {"urls": [{"start": 27, "end": 50, "url": "https://t.co/MMlTq1mpLA", "expanded_url": "https://twitter.com/realamberheard/status/1026227827874652160/photo/1", "display_url": "pic.twitter.com/MMlTq1mpLA"}], "mentions": [{"start": 13, "end": 25, "username": "TasyavanRee", "id": "112010583"}]}, "lang": "en", "id": "1026227827874652160", "text": "Portrait by \u2066@TasyavanRee\u2069 https://t.co/MMlTq1mpLA", "author_id": "807003567605227520", "public_metrics": {"retweet_count": 204, "reply_count": 81, "like_count": 1709, "quote_count": 11}, "author": {"url": "https://t.co/Ze18Ek9SOI", "username": "realamberheard", "description": "Actor and Activist, semi-professional disruptor, ice cream advocate and shameless teacup yorkie-lover", "id": "807003567605227520", "location": "Los Angeles, CA", "profile_image_url": "https://pbs.twimg.com/profile_images/1383196364792680448/N8CdupEu_normal.jpg", "created_at": "2016-12-08T23:26:58.000Z", "public_metrics": {"followers_count": 190363, "following_count": 220, "tweet_count": 1150, "listed_count": 566}, "name": "Amber Heard"}}, "author": {"url": "", "username": "Yosoyelperi", "description": "Abogado. Perr\u00f3n y picudo, genio y figura. Canario de coraz\u00f3n \u303d\ufe0f\u2764\ufe0f\ud83d\udc9bMadridista por afici\u00f3n \ud83d\udc99 De River por admiraci\u00f3n \ud83d\udd34\u26aa\ufe0f Aguacateros en el b\u00e1squetbol \ud83c\udfc0", "id": "623259479", "location": " Morelia, Michoac\u00e1n, M\u00e9xico.", "profile_image_url": "https://pbs.twimg.com/profile_images/1481691614544285703/Zrf8m4_a_normal.jpg", "created_at": "2012-07-01T00:24:01.000Z", "public_metrics": {"followers_count": 749, "following_count": 790, "tweet_count": 23053, "listed_count": 2}, "name": "\ud835\udd7b\ud835\udd86\ud835\udd88\ud835\udd94 \ud835\udd8a\ud835\udd91 \ud835\udd7b\ud835\udd8a\ud835\udd97\ud835\udd8e."}}, {"created_at": "2018-08-09T03:27:49.000Z", "source": "Twitter Web App", "referenced_tweets": [{"type": "quoted", "id": "1026227827874652160"}], "entities": {"urls": [{"start": 51, "end": 74, "url": "https://t.co/kXyhsYLKBT", "expanded_url": "https://twitter.com/realamberheard/status/1026227827874652160", "display_url": "twitter.com/realamberheard\u2026"}], "mentions": [{"start": 20, "end": 33, "username": "aquamanmovie", "id": "859174864220938241"}, {"start": 35, "end": 50, "username": "realamberheard", "id": "807003567605227520"}]}, "lang": "es", "id": "1027396002943254529", "text": "Verte muy pronto en @aquamanmovie.\n@realamberheard https://t.co/kXyhsYLKBT", "author_id": "2796301643", "public_metrics": {"retweet_count": 0, "reply_count": 0, "like_count": 1, "quote_count": 0}, "quoted_tweet": {"created_at": "2018-08-05T22:05:55.000Z", "source": "Twitter for iPhone", "entities": {"urls": [{"start": 27, "end": 50, "url": "https://t.co/MMlTq1mpLA", "expanded_url": "https://twitter.com/realamberheard/status/1026227827874652160/photo/1", "display_url": "pic.twitter.com/MMlTq1mpLA"}], "mentions": [{"start": 13, "end": 25, "username": "TasyavanRee", "id": "112010583"}]}, "lang": "en", "id": "1026227827874652160", "text": "Portrait by \u2066@TasyavanRee\u2069 https://t.co/MMlTq1mpLA", "author_id": "807003567605227520", "public_metrics": {"retweet_count": 204, "reply_count": 81, "like_count": 1709, "quote_count": 11}, "author": {"url": "https://t.co/Ze18Ek9SOI", "username": "realamberheard", "description": "Actor and Activist, semi-professional disruptor, ice cream advocate and shameless teacup yorkie-lover", "id": "807003567605227520", "location": "Los Angeles, CA", "profile_image_url": "https://pbs.twimg.com/profile_images/1383196364792680448/N8CdupEu_normal.jpg", "created_at": "2016-12-08T23:26:58.000Z", "public_metrics": {"followers_count": 190363, "following_count": 220, "tweet_count": 1150, "listed_count": 566}, "name": "Amber Heard"}}, "author": {"url": "", "username": "DavidCh215", "description": "\ud83c\udf39No one is born happy, but every one is born with ability to create happiness\ud83c\udf39\n\n\ud83c\udf88Made in Colombia\ud83c\udf88", "id": "2796301643", "location": "Colombia", "profile_image_url": "https://pbs.twimg.com/profile_images/1482922263905189889/BxVDbsEh_normal.jpg", "created_at": "2014-09-30T20:35:59.000Z", "public_metrics": {"followers_count": 89, "following_count": 184, "tweet_count": 2906, "listed_count": 0}, "name": "David Chacon"}}, {"created_at": "2018-08-06T07:34:21.000Z", "source": "Twitter for Android", "referenced_tweets": [{"type": "quoted", "id": "1026227827874652160"}], "entities": {"urls": [{"start": 20, "end": 43, "url": "https://t.co/7s7bCA9E2S", "expanded_url": "https://twitter.com/realamberheard/status/1026227827874652160", "display_url": "twitter.com/realamberheard\u2026"}]}, "lang": "pt", "id": "1026370879872290816", "text": "Huuuuuuuum ent\u00e3o t\u00e1 https://t.co/7s7bCA9E2S", "author_id": "2320419621", "public_metrics": {"retweet_count": 0, "reply_count": 0, "like_count": 0, "quote_count": 0}, "quoted_tweet": {"created_at": "2018-08-05T22:05:55.000Z", "source": "Twitter for iPhone", "entities": {"urls": [{"start": 27, "end": 50, "url": "https://t.co/MMlTq1mpLA", "expanded_url": "https://twitter.com/realamberheard/status/1026227827874652160/photo/1", "display_url": "pic.twitter.com/MMlTq1mpLA"}], "mentions": [{"start": 13, "end": 25, "username": "TasyavanRee", "id": "112010583"}]}, "lang": "en", "id": "1026227827874652160", "text": "Portrait by \u2066@TasyavanRee\u2069 https://t.co/MMlTq1mpLA", "author_id": "807003567605227520", "public_metrics": {"retweet_count": 204, "reply_count": 81, "like_count": 1709, "quote_count": 11}, "author": {"url": "https://t.co/Ze18Ek9SOI", "username": "realamberheard", "description": "Actor and Activist, semi-professional disruptor, ice cream advocate and shameless teacup yorkie-lover", "id": "807003567605227520", "location": "Los Angeles, CA", "profile_image_url": "https://pbs.twimg.com/profile_images/1383196364792680448/N8CdupEu_normal.jpg", "created_at": "2016-12-08T23:26:58.000Z", "public_metrics": {"followers_count": 190363, "following_count": 220, "tweet_count": 1150, "listed_count": 566}, "name": "Amber Heard"}}, "author": {"url": "", "username": "BertinelliHel", "description": "quando eu tenho que acabar com eles, eu acabo\u200b com eles - WW\n\n\n\nshe/her", "id": "2320419621", "location": "Themyscira", "profile_image_url": "https://pbs.twimg.com/profile_images/1463893192110129173/bCtQ2kRR_normal.jpg", "created_at": "2014-02-02T18:04:17.000Z", "public_metrics": {"followers_count": 2537, "following_count": 774, "tweet_count": 114487, "listed_count": 0}, "name": "Faora"}}, {"created_at": "2018-08-05T22:42:16.000Z", "source": "Twitter Web Client", "entities": {"urls": [{"start": 7, "end": 30, "url": "https://t.co/gWZYCfoDVW", "expanded_url": "https://twitter.com/realamberheard/status/1026227827874652160", "display_url": "twitter.com/realamberheard\u2026"}]}, "lang": "fr", "id": "1026236975345483776", "text": "UN ART https://t.co/gWZYCfoDVW", "author_id": "827604575465197573", "public_metrics": {"retweet_count": 0, "reply_count": 0, "like_count": 1, "quote_count": 0}, "quoted_tweet": {"created_at": "2018-08-05T22:05:55.000Z", "source": "Twitter for iPhone", "entities": {"urls": [{"start": 27, "end": 50, "url": "https://t.co/MMlTq1mpLA", "expanded_url": "https://twitter.com/realamberheard/status/1026227827874652160/photo/1", "display_url": "pic.twitter.com/MMlTq1mpLA"}], "mentions": [{"start": 13, "end": 25, "username": "TasyavanRee", "id": "112010583"}]}, "lang": "en", "id": "1026227827874652160", "text": "Portrait by \u2066@TasyavanRee\u2069 https://t.co/MMlTq1mpLA", "author_id": "807003567605227520", "public_metrics": {"retweet_count": 204, "reply_count": 81, "like_count": 1709, "quote_count": 11}, "author": {"url": "https://t.co/Ze18Ek9SOI", "username": "realamberheard", "description": "Actor and Activist, semi-professional disruptor, ice cream advocate and shameless teacup yorkie-lover", "id": "807003567605227520", "location": "Los Angeles, CA", "profile_image_url": "https://pbs.twimg.com/profile_images/1383196364792680448/N8CdupEu_normal.jpg", "created_at": "2016-12-08T23:26:58.000Z", "public_metrics": {"followers_count": 190363, "following_count": 220, "tweet_count": 1150, "listed_count": 566}, "name": "Amber Heard"}}, "author": {"url": "", "username": "TayabNacer", "description": "", "id": "827604575465197573", "profile_image_url": "https://abs.twimg.com/sticky/default_profile_images/default_profile_normal.png", "created_at": "2017-02-03T19:48:01.000Z", "public_metrics": {"followers_count": 30, "following_count": 85, "tweet_count": 9606, "listed_count": 0}, "name": "tayab nacer eddine"}}, {"created_at": "2018-08-05T22:23:31.000Z", "source": "Twitter for Android", "referenced_tweets": [{"type": "quoted", "id": "1026227827874652160"}], "entities": {"urls": [{"start": 20, "end": 43, "url": "https://t.co/wYLknDJGSJ", "expanded_url": "https://twitter.com/realamberheard/status/1026227827874652160?s=19", "display_url": "twitter.com/realamberheard\u2026"}]}, "lang": "pt", "id": "1026232257869230085", "text": "dona do meu cora\u00e7\u00e3o https://t.co/wYLknDJGSJ", "author_id": "875884874535718912", "public_metrics": {"retweet_count": 0, "reply_count": 0, "like_count": 0, "quote_count": 0}, "quoted_tweet": {"created_at": "2018-08-05T22:05:55.000Z", "source": "Twitter for iPhone", "entities": {"urls": [{"start": 27, "end": 50, "url": "https://t.co/MMlTq1mpLA", "expanded_url": "https://twitter.com/realamberheard/status/1026227827874652160/photo/1", "display_url": "pic.twitter.com/MMlTq1mpLA"}], "mentions": [{"start": 13, "end": 25, "username": "TasyavanRee", "id": "112010583"}]}, "lang": "en", "id": "1026227827874652160", "text": "Portrait by \u2066@TasyavanRee\u2069 https://t.co/MMlTq1mpLA", "author_id": "807003567605227520", "public_metrics": {"retweet_count": 204, "reply_count": 81, "like_count": 1709, "quote_count": 11}, "author": {"url": "https://t.co/Ze18Ek9SOI", "username": "realamberheard", "description": "Actor and Activist, semi-professional disruptor, ice cream advocate and shameless teacup yorkie-lover", "id": "807003567605227520", "location": "Los Angeles, CA", "profile_image_url": "https://pbs.twimg.com/profile_images/1383196364792680448/N8CdupEu_normal.jpg", "created_at": "2016-12-08T23:26:58.000Z", "public_metrics": {"followers_count": 190363, "following_count": 220, "tweet_count": 1150, "listed_count": 566}, "name": "Amber Heard"}}, "author": {"url": "", "username": "evanrachxlswood", "description": "what would evan rachel wood do?", "id": "875884874535718912", "location": "ela/dela", "profile_image_url": "https://pbs.twimg.com/profile_images/1386355649324457987/OaHmgKFY_normal.jpg", "created_at": "2017-06-17T01:16:42.000Z", "public_metrics": {"followers_count": 425, "following_count": 400, "tweet_count": 9999, "listed_count": 3}, "name": "lucille sharpe"}}, {"created_at": "2018-08-05T22:12:16.000Z", "source": "Twitter for Android", "referenced_tweets": [{"type": "quoted", "id": "1026227827874652160"}], "entities": {"urls": [{"start": 61, "end": 84, "url": "https://t.co/LRgvz9YFLn", "expanded_url": "https://twitter.com/realamberheard/status/1026227827874652160", "display_url": "twitter.com/realamberheard\u2026"}]}, "lang": "en", "id": "1026229427636723712", "text": "It makes me really happy that they still work together &lt;3 https://t.co/LRgvz9YFLn", "author_id": "392477785", "public_metrics": {"retweet_count": 0, "reply_count": 0, "like_count": 0, "quote_count": 0}, "quoted_tweet": {"created_at": "2018-08-05T22:05:55.000Z", "source": "Twitter for iPhone", "entities": {"urls": [{"start": 27, "end": 50, "url": "https://t.co/MMlTq1mpLA", "expanded_url": "https://twitter.com/realamberheard/status/1026227827874652160/photo/1", "display_url": "pic.twitter.com/MMlTq1mpLA"}], "mentions": [{"start": 13, "end": 25, "username": "TasyavanRee", "id": "112010583"}]}, "lang": "en", "id": "1026227827874652160", "text": "Portrait by \u2066@TasyavanRee\u2069 https://t.co/MMlTq1mpLA", "author_id": "807003567605227520", "public_metrics": {"retweet_count": 204, "reply_count": 81, "like_count": 1709, "quote_count": 11}, "author": {"url": "https://t.co/Ze18Ek9SOI", "username": "realamberheard", "description": "Actor and Activist, semi-professional disruptor, ice cream advocate and shameless teacup yorkie-lover", "id": "807003567605227520", "location": "Los Angeles, CA", "profile_image_url": "https://pbs.twimg.com/profile_images/1383196364792680448/N8CdupEu_normal.jpg", "created_at": "2016-12-08T23:26:58.000Z", "public_metrics": {"followers_count": 190363, "following_count": 220, "tweet_count": 1150, "listed_count": 566}, "name": "Amber Heard"}}, "author": {"url": "", "username": "29j5od92kznriex", "description": "this is a Leslie knope, Wanda maximoff and kaylynn thoms stan account.", "id": "392477785", "location": "UK", "profile_image_url": "https://pbs.twimg.com/profile_images/1379966833902637065/D7gX8Gf7_normal.jpg", "created_at": "2011-10-17T03:15:37.000Z", "public_metrics": {"followers_count": 84, "following_count": 315, "tweet_count": 7448, "listed_count": 0}, "name": "kale inn hq (she/her)"}}]