[{"created_at": "2018-08-12T00:46:03.000Z", "text": "\uc77c\uc0c1\uc774 \ud654\ubcf4\uc2e0 \uc5b8\ub2c8 https://t.co/os4WMRHYry", "source": "Twitter for iPhone", "public_metrics": {"retweet_count": 0, "reply_count": 0, "like_count": 0, "quote_count": 0}, "id": "1028442454146445312", "author_id": "956878741191376896", "lang": "ko", "referenced_tweets": [{"type": "quoted", "id": "1028440959921672192"}], "entities": {"urls": [{"start": 11, "end": 34, "url": "https://t.co/os4WMRHYry", "expanded_url": "https://twitter.com/realamberheard/status/1028440959921672192", "display_url": "twitter.com/realamberheard\u2026"}]}, "quoted_tweet": {"created_at": "2018-08-12T00:40:07.000Z", "text": "Cruisin with bestie hanumanheartyoga @ Los Angeles, California https://t.co/e9fZg5Teod", "entities": {"annotations": [{"start": 39, "end": 61, "probability": 0.794, "type": "Place", "normalized_text": "Los Angeles, California"}], "urls": [{"start": 63, "end": 86, "url": "https://t.co/e9fZg5Teod", "expanded_url": "https://www.instagram.com/p/BmW-do-Av4t/?utm_source=ig_twitter_share&igshid=1u49vnvxhnwx3", "display_url": "instagram.com/p/BmW-do-Av4t/\u2026"}]}, "source": "Instagram", "public_metrics": {"retweet_count": 36, "reply_count": 27, "like_count": 256, "quote_count": 1}, "id": "1028440959921672192", "author_id": "807003567605227520", "lang": "en", "author": {"username": "realamberheard", "id": "807003567605227520", "created_at": "2016-12-08T23:26:58.000Z", "public_metrics": {"followers_count": 190363, "following_count": 220, "tweet_count": 1150, "listed_count": 566}, "name": "Amber Heard", "url": "https://t.co/Ze18Ek9SOI", "location": "Los Angeles, CA", "description": "Actor and Activist, semi-professional disruptor, ice cream advocate and shameless teacup yorkie-lover", "profile_image_url": "https://pbs.twimg.com/profile_images/1383196364792680448/N8CdupEu_normal.jpg"}}, "author": {"username": "Jx299", "id": "956878741191376896", "created_at": "2018-01-26T13:17:24.000Z", "public_metrics": {"followers_count": 47, "following_count": 54, "tweet_count": 1615, "listed_count": 0}, "name": "Jx2", "url": "", "description": "", "profile_image_url": "https://pbs.twimg.com/profile_images/1207629789680373760/aWLfiWTq_normal.jpg"}}]