[{"entities": {"urls": [{"start": 38, "end": 61, "url": "https://t.co/nRPPogWn4d", "expanded_url": "https://twitter.com/realamberheard/status/1042885716525633537", "display_url": "twitter.com/realamberheard\u2026"}], "annotations": [{"start": 24, "end": 29, "probability": 0.7956, "type": "Person", "normalized_text": "dakota"}]}, "lang": "pt", "id": "1042887010183200768", "text": "posta uma fotinho com a dakota mulher https://t.co/nRPPogWn4d", "created_at": "2018-09-20T21:23:33.000Z", "public_metrics": {"retweet_count": 0, "reply_count": 0, "like_count": 1, "quote_count": 0}, "author_id": "851034125465268225", "source": "Twitter for Android", "referenced_tweets": [{"type": "quoted", "id": "1042885716525633537"}], "quoted_tweet": {"entities": {"urls": [{"start": 159, "end": 182, "url": "https://t.co/s88i97vkeK", "expanded_url": "http://weall.vote/newyork", "display_url": "weall.vote/newyork"}, {"start": 228, "end": 251, "url": "https://t.co/9La7naBL4X", "expanded_url": "https://twitter.com/realamberheard/status/1042885716525633537/photo/1", "display_url": "pic.twitter.com/9La7naBL4X"}], "mentions": [{"start": 56, "end": 67, "username": "KeeganMKey", "id": "442237496"}, {"start": 68, "end": 77, "username": "TedAllen", "id": "20066688"}, {"start": 137, "end": 151, "username": "WhenWeAllVote", "id": "1004804740105035777"}], "hashtags": [{"start": 23, "end": 37, "tag": "GlobalCitizen"}, {"start": 183, "end": 197, "tag": "WhenWeAllVote"}], "annotations": [{"start": 116, "end": 130, "probability": 0.7373, "type": "Place", "normalized_text": "Columbus Circle"}]}, "lang": "en", "id": "1042885716525633537", "text": "One last chance to get #GlobalCitizen tickets: Join me, @KeeganMKey @TedAllen and more for a rally this Saturday at Columbus Circle with @WhenWeAllVote  RSVP: https://t.co/s88i97vkeK #WhenWeAllVote, we make our country stronger https://t.co/9La7naBL4X", "created_at": "2018-09-20T21:18:25.000Z", "public_metrics": {"retweet_count": 34, "reply_count": 4, "like_count": 139, "quote_count": 3}, "author_id": "807003567605227520", "source": "Twitter Web Client", "author": {"location": "Los Angeles, CA", "profile_image_url": "https://pbs.twimg.com/profile_images/1383196364792680448/N8CdupEu_normal.jpg", "id": "807003567605227520", "name": "Amber Heard", "created_at": "2016-12-08T23:26:58.000Z", "username": "realamberheard", "url": "https://t.co/Ze18Ek9SOI", "description": "Actor and Activist, semi-professional disruptor, ice cream advocate and shameless teacup yorkie-lover", "public_metrics": {"followers_count": 190363, "following_count": 220, "tweet_count": 1150, "listed_count": 566}}}, "author": {"profile_image_url": "https://pbs.twimg.com/profile_images/1338756248007794689/P6hHGcO__normal.jpg", "id": "851034125465268225", "name": "esmeralda da dakota", "created_at": "2017-04-09T11:28:41.000Z", "username": "dakotesta", "url": "", "description": "my trouble is that I fall in love with every pretty thing. \u2022 fan account", "public_metrics": {"followers_count": 947, "following_count": 734, "tweet_count": 16523, "listed_count": 12}}}]