[{"id": "1045455714712465409", "lang": "en", "author_id": "567232063", "referenced_tweets": [{"type": "retweeted", "id": "1045453822116671489"}], "public_metrics": {"retweet_count": 1, "reply_count": 0, "like_count": 0, "quote_count": 0}, "text": "RT @hallowdmaiden: It's so refreshing when I see another person who has started to realize what a massive piece of shit you are. https://t.\u2026", "created_at": "2018-09-27T23:30:40.000Z", "source": "Twitter for iPad", "quoted_tweet": {"id": "1043983560955363330", "entities": {"hashtags": [{"start": 101, "end": 109, "tag": "2030NOW"}], "mentions": [{"start": 86, "end": 100, "username": "UNHumanRights", "id": "69231187"}], "urls": [{"start": 110, "end": 133, "url": "https://t.co/iAlcvSuP69", "expanded_url": "https://twitter.com/realamberheard/status/1043983560955363330/photo/1", "display_url": "pic.twitter.com/iAlcvSuP69"}]}, "lang": "en", "author_id": "807003567605227520", "public_metrics": {"retweet_count": 66, "reply_count": 23, "like_count": 606, "quote_count": 2}, "text": "It\u2019s so refreshing to be asked intelligent questions &amp; be part of a real dialogue @UNHumanRights #2030NOW https://t.co/iAlcvSuP69", "created_at": "2018-09-23T22:00:51.000Z", "source": "OS X", "author": {"url": "https://t.co/Ze18Ek9SOI", "username": "realamberheard", "description": "Actor and Activist, semi-professional disruptor, ice cream advocate and shameless teacup yorkie-lover", "name": "Amber Heard", "location": "Los Angeles, CA", "created_at": "2016-12-08T23:26:58.000Z", "profile_image_url": "https://pbs.twimg.com/profile_images/1383196364792680448/N8CdupEu_normal.jpg", "public_metrics": {"followers_count": 190363, "following_count": 220, "tweet_count": 1150, "listed_count": 566}, "id": "807003567605227520"}}, "author": {"url": "", "username": "JaninaSamhain", "description": "Johnny Depp devotee \u2764\ufe0f #JohnnyDeppIsGrindelwald #wearewithyouJohnnyDepp #proudofJohnnyDepp #youcantkeepagoodmandown #justiceforJohnnydepp #Grindelwaldsarmy", "name": "Janina #IBelieveHim #justiceforjohnnydepp", "created_at": "2012-04-30T13:36:21.000Z", "profile_image_url": "https://pbs.twimg.com/profile_images/1381993471012085760/rXgj2L8k_normal.png", "public_metrics": {"followers_count": 2236, "following_count": 562, "tweet_count": 195779, "listed_count": 5}, "id": "567232063"}}, {"id": "1045453822116671489", "entities": {"urls": [{"start": 110, "end": 133, "url": "https://t.co/djyFObWVWM", "expanded_url": "https://twitter.com/realamberheard/status/1043983560955363330", "display_url": "twitter.com/realamberheard\u2026"}]}, "lang": "en", "author_id": "2465079218", "referenced_tweets": [{"type": "quoted", "id": "1043983560955363330"}], "public_metrics": {"retweet_count": 1, "reply_count": 2, "like_count": 10, "quote_count": 0}, "text": "It's so refreshing when I see another person who has started to realize what a massive piece of shit you are. https://t.co/djyFObWVWM", "created_at": "2018-09-27T23:23:09.000Z", "source": "Twitter for Android", "quoted_tweet": {"id": "1043983560955363330", "entities": {"hashtags": [{"start": 101, "end": 109, "tag": "2030NOW"}], "mentions": [{"start": 86, "end": 100, "username": "UNHumanRights", "id": "69231187"}], "urls": [{"start": 110, "end": 133, "url": "https://t.co/iAlcvSuP69", "expanded_url": "https://twitter.com/realamberheard/status/1043983560955363330/photo/1", "display_url": "pic.twitter.com/iAlcvSuP69"}]}, "lang": "en", "author_id": "807003567605227520", "public_metrics": {"retweet_count": 66, "reply_count": 23, "like_count": 606, "quote_count": 2}, "text": "It\u2019s so refreshing to be asked intelligent questions &amp; be part of a real dialogue @UNHumanRights #2030NOW https://t.co/iAlcvSuP69", "created_at": "2018-09-23T22:00:51.000Z", "source": "OS X", "author": {"url": "https://t.co/Ze18Ek9SOI", "username": "realamberheard", "description": "Actor and Activist, semi-professional disruptor, ice cream advocate and shameless teacup yorkie-lover", "name": "Amber Heard", "location": "Los Angeles, CA", "created_at": "2016-12-08T23:26:58.000Z", "profile_image_url": "https://pbs.twimg.com/profile_images/1383196364792680448/N8CdupEu_normal.jpg", "public_metrics": {"followers_count": 190363, "following_count": 220, "tweet_count": 1150, "listed_count": 566}, "id": "807003567605227520"}}, "author": {"url": "https://t.co/imzbQnpaXH", "username": "reineyelah", "description": "classic lara croft supremacy. i fucking love you for hating me. wife to noodle. #justiceforjohnnydepp #justiceforsurvivors #istandwithjkrowling", "name": "not haley", "location": "on the precipice.", "created_at": "2014-04-26T20:16:57.000Z", "profile_image_url": "https://pbs.twimg.com/profile_images/1506624478310191113/EEpjan86_normal.jpg", "public_metrics": {"followers_count": 1594, "following_count": 223, "tweet_count": 37208, "listed_count": 3}, "id": "2465079218"}}]