[{"referenced_tweets": [{"type": "quoted", "id": "1046813014714933249"}], "id": "1047176739712061442", "lang": "en", "text": "No one wants your voice heard, Heard. https://t.co/6Ydi98Saxc", "created_at": "2018-10-02T17:29:25.000Z", "source": "Twitter for Android", "author_id": "2465079218", "entities": {"urls": [{"start": 38, "end": 61, "url": "https://t.co/6Ydi98Saxc", "expanded_url": "https://twitter.com/realamberheard/status/1046813014714933249", "display_url": "twitter.com/realamberheard\u2026"}]}, "public_metrics": {"retweet_count": 0, "reply_count": 0, "like_count": 1, "quote_count": 0}, "quoted_tweet": {"entities": {"mentions": [{"start": 123, "end": 133, "username": "JeffFlake", "id": "16056306"}], "hashtags": [{"start": 160, "end": 177, "tag": "BelieveSurvivors"}], "urls": [{"start": 136, "end": 159, "url": "https://t.co/lSIRNVTbsY", "expanded_url": "http://Www.TimeToHearUs.Com", "display_url": "TimeToHearUs.Com"}, {"start": 178, "end": 201, "url": "https://t.co/USTU0YRbBe", "expanded_url": "https://twitter.com/realamberheard/status/1046813014714933249/photo/1", "display_url": "pic.twitter.com/USTU0YRbBe"}], "annotations": [{"start": 24, "end": 29, "probability": 0.9986, "type": "Place", "normalized_text": "Boston"}, {"start": 68, "end": 74, "probability": 0.9753, "type": "Place", "normalized_text": "Arizona"}]}, "id": "1046813014714933249", "lang": "en", "text": "These are Protestors in Boston carrying the names of survivors from Arizona who want to have their voices heard by Senator @JeffFlake . https://t.co/lSIRNVTbsY #BelieveSurvivors https://t.co/USTU0YRbBe", "created_at": "2018-10-01T17:24:06.000Z", "source": "Twitter for iPad", "author_id": "807003567605227520", "public_metrics": {"retweet_count": 48, "reply_count": 10, "like_count": 230, "quote_count": 4}, "author": {"public_metrics": {"followers_count": 190363, "following_count": 220, "tweet_count": 1150, "listed_count": 566}, "created_at": "2016-12-08T23:26:58.000Z", "id": "807003567605227520", "location": "Los Angeles, CA", "name": "Amber Heard", "profile_image_url": "https://pbs.twimg.com/profile_images/1383196364792680448/N8CdupEu_normal.jpg", "username": "realamberheard", "url": "https://t.co/Ze18Ek9SOI", "description": "Actor and Activist, semi-professional disruptor, ice cream advocate and shameless teacup yorkie-lover"}}, "author": {"public_metrics": {"followers_count": 1594, "following_count": 223, "tweet_count": 37208, "listed_count": 3}, "created_at": "2014-04-26T20:16:57.000Z", "id": "2465079218", "location": "on the precipice.", "name": "not haley", "profile_image_url": "https://pbs.twimg.com/profile_images/1506624478310191113/EEpjan86_normal.jpg", "username": "reineyelah", "url": "https://t.co/imzbQnpaXH", "description": "classic lara croft supremacy. i fucking love you for hating me. wife to noodle. #justiceforjohnnydepp #justiceforsurvivors #istandwithjkrowling"}}, {"referenced_tweets": [{"type": "quoted", "id": "1046813014714933249"}], "id": "1046912103083270145", "lang": "und", "text": "\ud83d\ude4b\ud83c\udffd\u200d\u2640\ufe0f https://t.co/19WkoclmIY", "created_at": "2018-10-01T23:57:50.000Z", "source": "Twitter for Android", "author_id": "3677946793", "entities": {"urls": [{"start": 6, "end": 29, "url": "https://t.co/19WkoclmIY", "expanded_url": "https://twitter.com/realamberheard/status/1046813014714933249", "display_url": "twitter.com/realamberheard\u2026"}]}, "public_metrics": {"retweet_count": 0, "reply_count": 0, "like_count": 0, "quote_count": 0}, "quoted_tweet": {"entities": {"mentions": [{"start": 123, "end": 133, "username": "JeffFlake", "id": "16056306"}], "hashtags": [{"start": 160, "end": 177, "tag": "BelieveSurvivors"}], "urls": [{"start": 136, "end": 159, "url": "https://t.co/lSIRNVTbsY", "expanded_url": "http://Www.TimeToHearUs.Com", "display_url": "TimeToHearUs.Com"}, {"start": 178, "end": 201, "url": "https://t.co/USTU0YRbBe", "expanded_url": "https://twitter.com/realamberheard/status/1046813014714933249/photo/1", "display_url": "pic.twitter.com/USTU0YRbBe"}], "annotations": [{"start": 24, "end": 29, "probability": 0.9986, "type": "Place", "normalized_text": "Boston"}, {"start": 68, "end": 74, "probability": 0.9753, "type": "Place", "normalized_text": "Arizona"}]}, "id": "1046813014714933249", "lang": "en", "text": "These are Protestors in Boston carrying the names of survivors from Arizona who want to have their voices heard by Senator @JeffFlake . https://t.co/lSIRNVTbsY #BelieveSurvivors https://t.co/USTU0YRbBe", "created_at": "2018-10-01T17:24:06.000Z", "source": "Twitter for iPad", "author_id": "807003567605227520", "public_metrics": {"retweet_count": 48, "reply_count": 10, "like_count": 230, "quote_count": 4}, "author": {"public_metrics": {"followers_count": 190363, "following_count": 220, "tweet_count": 1150, "listed_count": 566}, "created_at": "2016-12-08T23:26:58.000Z", "id": "807003567605227520", "location": "Los Angeles, CA", "name": "Amber Heard", "profile_image_url": "https://pbs.twimg.com/profile_images/1383196364792680448/N8CdupEu_normal.jpg", "username": "realamberheard", "url": "https://t.co/Ze18Ek9SOI", "description": "Actor and Activist, semi-professional disruptor, ice cream advocate and shameless teacup yorkie-lover"}}, "author": {"public_metrics": {"followers_count": 641, "following_count": 1241, "tweet_count": 16822, "listed_count": 8}, "created_at": "2015-09-25T04:53:49.000Z", "id": "3677946793", "location": "Goodyear AZ via Maryvale", "name": "J\ud83c\udf35", "profile_image_url": "https://pbs.twimg.com/profile_images/1498489424820125701/3EIEtBZu_normal.jpg", "username": "JAC0327", "url": "", "description": "Mom \ud83d\udc6b\nDaughter.Sister.Nina.Tia.etc\n\ud83c\uddfa\ud83c\uddf2\ud83c\uddf2\ud83c\uddfd"}}]