[{"entities": {"urls": [{"start": 43, "end": 66, "url": "https://t.co/0G29Uk422Q", "expanded_url": "https://twitter.com/realamberheard/status/1046838809676173314", "display_url": "twitter.com/realamberheard\u2026"}]}, "lang": "en", "id": "1046901697279275008", "text": "Man he never ceases to amaze me. Just wow. https://t.co/0G29Uk422Q", "created_at": "2018-10-01T23:16:29.000Z", "public_metrics": {"retweet_count": 0, "reply_count": 0, "like_count": 0, "quote_count": 0}, "author_id": "23855430", "source": "Twitter for iPhone", "referenced_tweets": [{"type": "quoted", "id": "1046838809676173314"}], "quoted_tweet": {"entities": {"urls": [{"start": 6, "end": 29, "url": "https://t.co/CF3TrNVTT7", "expanded_url": "https://twitter.com/BuzzFeedNews/status/1046797534767800321", "display_url": "twitter.com/BuzzFeedNews/s\u2026"}], "annotations": [{"start": 0, "end": 4, "probability": 0.892, "type": "Person", "normalized_text": "Jesus"}]}, "lang": "en", "id": "1046838809676173314", "text": "Jesus https://t.co/CF3TrNVTT7", "created_at": "2018-10-01T19:06:36.000Z", "public_metrics": {"retweet_count": 77, "reply_count": 38, "like_count": 476, "quote_count": 6}, "author_id": "807003567605227520", "source": "Twitter for iPhone", "referenced_tweets": [{"type": "quoted", "id": "1046797534767800321"}], "author": {"location": "Los Angeles, CA", "profile_image_url": "https://pbs.twimg.com/profile_images/1383196364792680448/N8CdupEu_normal.jpg", "id": "807003567605227520", "name": "Amber Heard", "created_at": "2016-12-08T23:26:58.000Z", "username": "realamberheard", "url": "https://t.co/Ze18Ek9SOI", "description": "Actor and Activist, semi-professional disruptor, ice cream advocate and shameless teacup yorkie-lover", "public_metrics": {"followers_count": 190363, "following_count": 220, "tweet_count": 1150, "listed_count": 566}}}, "author": {"location": "Portugal Cove-St. Philip's, Newfoundland and Labrador", "profile_image_url": "https://pbs.twimg.com/profile_images/1444692275964129288/KkS5jLTT_normal.jpg", "id": "23855430", "name": "The Gourmet Mama ( Megan Marjorie )", "created_at": "2009-03-11T23:48:58.000Z", "username": "megansmith_1984", "url": "", "description": "snack bitch and finder of all things \u201clost\u201d to three kids, husband and a doodle. The Gourmet Mama. Graduate of CIC. Private Chef", "public_metrics": {"followers_count": 279, "following_count": 1148, "tweet_count": 3756, "listed_count": 1}}}, {"entities": {"urls": [{"start": 27, "end": 50, "url": "https://t.co/djOY5flwlO", "expanded_url": "https://twitter.com/realamberheard/status/1046838809676173314", "display_url": "twitter.com/realamberheard\u2026"}]}, "lang": "en", "id": "1046844297885233154", "text": "Rude no respect whatsoever https://t.co/djOY5flwlO", "created_at": "2018-10-01T19:28:24.000Z", "public_metrics": {"retweet_count": 0, "reply_count": 0, "like_count": 0, "quote_count": 0}, "author_id": "1005880141728370688", "source": "Twitter for iPhone", "referenced_tweets": [{"type": "quoted", "id": "1046838809676173314"}], "quoted_tweet": {"entities": {"urls": [{"start": 6, "end": 29, "url": "https://t.co/CF3TrNVTT7", "expanded_url": "https://twitter.com/BuzzFeedNews/status/1046797534767800321", "display_url": "twitter.com/BuzzFeedNews/s\u2026"}], "annotations": [{"start": 0, "end": 4, "probability": 0.892, "type": "Person", "normalized_text": "Jesus"}]}, "lang": "en", "id": "1046838809676173314", "text": "Jesus https://t.co/CF3TrNVTT7", "created_at": "2018-10-01T19:06:36.000Z", "public_metrics": {"retweet_count": 77, "reply_count": 38, "like_count": 476, "quote_count": 6}, "author_id": "807003567605227520", "source": "Twitter for iPhone", "referenced_tweets": [{"type": "quoted", "id": "1046797534767800321"}], "author": {"location": "Los Angeles, CA", "profile_image_url": "https://pbs.twimg.com/profile_images/1383196364792680448/N8CdupEu_normal.jpg", "id": "807003567605227520", "name": "Amber Heard", "created_at": "2016-12-08T23:26:58.000Z", "username": "realamberheard", "url": "https://t.co/Ze18Ek9SOI", "description": "Actor and Activist, semi-professional disruptor, ice cream advocate and shameless teacup yorkie-lover", "public_metrics": {"followers_count": 190363, "following_count": 220, "tweet_count": 1150, "listed_count": 566}}}, "author": {"location": "Burnet, TX", "profile_image_url": "https://pbs.twimg.com/profile_images/1179598627087499264/empZszDJ_normal.jpg", "id": "1005880141728370688", "name": "Ariana", "created_at": "2018-06-10T18:31:28.000Z", "username": "Adriana28558409", "url": "", "description": "I\u2019am just a simple girl\u2764\ufe0f", "public_metrics": {"followers_count": 32, "following_count": 340, "tweet_count": 1555, "listed_count": 0}}}]