[{"entities": {"hashtags": [{"start": 19, "end": 25, "tag": "Wifey"}, {"start": 51, "end": 64, "tag": "TruthToPower"}, {"start": 74, "end": 79, "tag": "Boss"}], "urls": [{"start": 95, "end": 118, "url": "https://t.co/l9poeiiNjh", "expanded_url": "https://twitter.com/realamberheard/status/1046649023736815616", "display_url": "twitter.com/realamberheard\u2026"}], "mentions": [{"start": 26, "end": 41, "username": "realamberheard", "id": "807003567605227520"}]}, "author_id": "577506502", "lang": "en", "source": "Twitter for iPhone", "referenced_tweets": [{"type": "quoted", "id": "1046649023736815616"}], "created_at": "2018-10-01T22:58:44.000Z", "text": "My beautiful dream #Wifey @realamberheard speaking #TruthToPower like the #Boss she truly is!! https://t.co/l9poeiiNjh", "id": "1046897229833760773", "public_metrics": {"retweet_count": 0, "reply_count": 0, "like_count": 0, "quote_count": 0}, "quoted_tweet": {"author_id": "807003567605227520", "lang": "en", "source": "Twitter for iPhone", "entities": {"urls": [{"start": 39, "end": 62, "url": "https://t.co/OlcGm9sQcY", "expanded_url": "https://twitter.com/realamberheard/status/1046649023736815616/photo/1", "display_url": "pic.twitter.com/OlcGm9sQcY"}], "mentions": [{"start": 27, "end": 37, "username": "JeffFlake", "id": "16056306"}]}, "created_at": "2018-10-01T06:32:27.000Z", "text": "I hope you hear(d)ing us \u2066\u2066@JeffFlake\u2069 https://t.co/OlcGm9sQcY", "id": "1046649023736815616", "public_metrics": {"retweet_count": 57, "reply_count": 20, "like_count": 592, "quote_count": 5}, "author": {"username": "realamberheard", "created_at": "2016-12-08T23:26:58.000Z", "profile_image_url": "https://pbs.twimg.com/profile_images/1383196364792680448/N8CdupEu_normal.jpg", "name": "Amber Heard", "public_metrics": {"followers_count": 190363, "following_count": 220, "tweet_count": 1150, "listed_count": 566}, "description": "Actor and Activist, semi-professional disruptor, ice cream advocate and shameless teacup yorkie-lover", "id": "807003567605227520", "url": "https://t.co/Ze18Ek9SOI", "location": "Los Angeles, CA"}}, "author": {"username": "JokerJMcLovin", "created_at": "2012-05-11T22:14:44.000Z", "profile_image_url": "https://pbs.twimg.com/profile_images/1156784410487709697/E8t_uzVT_normal.jpg", "name": "Joker J. McLovin is Fully Vaccinated", "public_metrics": {"followers_count": 181, "following_count": 2022, "tweet_count": 7464, "listed_count": 0}, "description": "\u201cNah Baby...I\u2019m not taking off my shirt right now! I\u2019m too busy stylin and profilin!\u201d", "id": "577506502", "url": ""}}, {"author_id": "57456937", "lang": "en", "source": "Twitter for iPhone", "in_reply_to_user_id": "724269108", "entities": {"urls": [{"start": 31, "end": 54, "url": "https://t.co/yvMuRrNdxx", "expanded_url": "https://twitter.com/realamberheard/status/1046649023736815616", "display_url": "twitter.com/realamberheard\u2026"}], "mentions": [{"start": 0, "end": 15, "username": "StaffordSophie", "id": "724269108"}]}, "referenced_tweets": [{"type": "quoted", "id": "1046649023736815616"}], "created_at": "2018-10-01T12:49:49.000Z", "text": "@StaffordSophie see she's good https://t.co/yvMuRrNdxx", "id": "1046743991583150080", "public_metrics": {"retweet_count": 0, "reply_count": 0, "like_count": 0, "quote_count": 0}, "quoted_tweet": {"author_id": "807003567605227520", "lang": "en", "source": "Twitter for iPhone", "entities": {"urls": [{"start": 39, "end": 62, "url": "https://t.co/OlcGm9sQcY", "expanded_url": "https://twitter.com/realamberheard/status/1046649023736815616/photo/1", "display_url": "pic.twitter.com/OlcGm9sQcY"}], "mentions": [{"start": 27, "end": 37, "username": "JeffFlake", "id": "16056306"}]}, "created_at": "2018-10-01T06:32:27.000Z", "text": "I hope you hear(d)ing us \u2066\u2066@JeffFlake\u2069 https://t.co/OlcGm9sQcY", "id": "1046649023736815616", "public_metrics": {"retweet_count": 57, "reply_count": 20, "like_count": 592, "quote_count": 5}, "author": {"username": "realamberheard", "created_at": "2016-12-08T23:26:58.000Z", "profile_image_url": "https://pbs.twimg.com/profile_images/1383196364792680448/N8CdupEu_normal.jpg", "name": "Amber Heard", "public_metrics": {"followers_count": 190363, "following_count": 220, "tweet_count": 1150, "listed_count": 566}, "description": "Actor and Activist, semi-professional disruptor, ice cream advocate and shameless teacup yorkie-lover", "id": "807003567605227520", "url": "https://t.co/Ze18Ek9SOI", "location": "Los Angeles, CA"}}, "author": {"username": "dylanstafford66", "created_at": "2009-07-16T21:47:54.000Z", "profile_image_url": "https://pbs.twimg.com/profile_images/1370868940004593669/zm2DzTGn_normal.jpg", "name": "Dylan", "public_metrics": {"followers_count": 359, "following_count": 1544, "tweet_count": 23886, "listed_count": 0}, "description": "", "id": "57456937", "url": ""}}, {"author_id": "3064671053", "lang": "en", "source": "Twitter Web Client", "entities": {"urls": [{"start": 24, "end": 47, "url": "https://t.co/xFCa8ecyiK", "expanded_url": "https://twitter.com/realamberheard/status/1046649023736815616", "display_url": "twitter.com/realamberheard\u2026"}]}, "referenced_tweets": [{"type": "quoted", "id": "1046649023736815616"}], "created_at": "2018-10-01T06:37:30.000Z", "text": "I also hope he did too. https://t.co/xFCa8ecyiK", "id": "1046650292530491393", "public_metrics": {"retweet_count": 0, "reply_count": 0, "like_count": 0, "quote_count": 0}, "quoted_tweet": {"author_id": "807003567605227520", "lang": "en", "source": "Twitter for iPhone", "entities": {"urls": [{"start": 39, "end": 62, "url": "https://t.co/OlcGm9sQcY", "expanded_url": "https://twitter.com/realamberheard/status/1046649023736815616/photo/1", "display_url": "pic.twitter.com/OlcGm9sQcY"}], "mentions": [{"start": 27, "end": 37, "username": "JeffFlake", "id": "16056306"}]}, "created_at": "2018-10-01T06:32:27.000Z", "text": "I hope you hear(d)ing us \u2066\u2066@JeffFlake\u2069 https://t.co/OlcGm9sQcY", "id": "1046649023736815616", "public_metrics": {"retweet_count": 57, "reply_count": 20, "like_count": 592, "quote_count": 5}, "author": {"username": "realamberheard", "created_at": "2016-12-08T23:26:58.000Z", "profile_image_url": "https://pbs.twimg.com/profile_images/1383196364792680448/N8CdupEu_normal.jpg", "name": "Amber Heard", "public_metrics": {"followers_count": 190363, "following_count": 220, "tweet_count": 1150, "listed_count": 566}, "description": "Actor and Activist, semi-professional disruptor, ice cream advocate and shameless teacup yorkie-lover", "id": "807003567605227520", "url": "https://t.co/Ze18Ek9SOI", "location": "Los Angeles, CA"}}, "author": {"username": "1570_landa", "created_at": "2015-02-28T02:54:54.000Z", "profile_image_url": "https://pbs.twimg.com/profile_images/742949121938575361/2gdO8v7e_normal.jpg", "name": "Luis Landa", "public_metrics": {"followers_count": 697, "following_count": 1826, "tweet_count": 79023, "listed_count": 18}, "description": "I'm a huge fan of the Washington Commanders , I also like the soap DOOL and Amber Heard fan too.", "id": "3064671053", "url": "", "location": "Maryland, USA"}}, {"entities": {"hashtags": [{"start": 0, "end": 6, "tag": "MeToo"}, {"start": 7, "end": 15, "tag": "NoMoore"}, {"start": 16, "end": 27, "tag": "NeverMoore"}, {"start": 28, "end": 43, "tag": "EverydaySexism"}], "urls": [{"start": 44, "end": 67, "url": "https://t.co/dPrPhKKlne", "expanded_url": "https://twitter.com/realamberheard/status/1046649023736815616", "display_url": "twitter.com/realamberheard\u2026"}]}, "author_id": "964211466160177155", "lang": "und", "source": "Twitter for iPhone", "referenced_tweets": [{"type": "quoted", "id": "1046649023736815616"}], "created_at": "2018-10-01T06:36:33.000Z", "text": "#MeToo #NoMoore #NeverMoore #EverydaySexism https://t.co/dPrPhKKlne", "id": "1046650055917273094", "public_metrics": {"retweet_count": 0, "reply_count": 0, "like_count": 1, "quote_count": 0}, "quoted_tweet": {"author_id": "807003567605227520", "lang": "en", "source": "Twitter for iPhone", "entities": {"urls": [{"start": 39, "end": 62, "url": "https://t.co/OlcGm9sQcY", "expanded_url": "https://twitter.com/realamberheard/status/1046649023736815616/photo/1", "display_url": "pic.twitter.com/OlcGm9sQcY"}], "mentions": [{"start": 27, "end": 37, "username": "JeffFlake", "id": "16056306"}]}, "created_at": "2018-10-01T06:32:27.000Z", "text": "I hope you hear(d)ing us \u2066\u2066@JeffFlake\u2069 https://t.co/OlcGm9sQcY", "id": "1046649023736815616", "public_metrics": {"retweet_count": 57, "reply_count": 20, "like_count": 592, "quote_count": 5}, "author": {"username": "realamberheard", "created_at": "2016-12-08T23:26:58.000Z", "profile_image_url": "https://pbs.twimg.com/profile_images/1383196364792680448/N8CdupEu_normal.jpg", "name": "Amber Heard", "public_metrics": {"followers_count": 190363, "following_count": 220, "tweet_count": 1150, "listed_count": 566}, "description": "Actor and Activist, semi-professional disruptor, ice cream advocate and shameless teacup yorkie-lover", "id": "807003567605227520", "url": "https://t.co/Ze18Ek9SOI", "location": "Los Angeles, CA"}}, "author": {"username": "GTsarouchis", "created_at": "2018-02-15T18:55:02.000Z", "profile_image_url": "https://pbs.twimg.com/profile_images/1407075783357632512/u8JCCyYy_normal.jpg", "name": "Georgios_Tsarouchis", "public_metrics": {"followers_count": 1454, "following_count": 3658, "tweet_count": 14475, "listed_count": 4}, "description": "", "id": "964211466160177155", "url": ""}}]