[{"referenced_tweets": [{"type": "quoted", "id": "1046954453834878977"}], "id": "1047241571714961408", "lang": "en", "text": "delete this https://t.co/KJiFBVbgoR", "created_at": "2018-10-02T21:47:02.000Z", "source": "Twitter for Android", "author_id": "107728314", "entities": {"urls": [{"start": 12, "end": 35, "url": "https://t.co/KJiFBVbgoR", "expanded_url": "https://twitter.com/realamberheard/status/1046954453834878977", "display_url": "twitter.com/realamberheard\u2026"}]}, "public_metrics": {"retweet_count": 0, "reply_count": 1, "like_count": 0, "quote_count": 0}, "quoted_tweet": {"entities": {"mentions": [{"start": 0, "end": 9, "username": "UN_Women", "id": "17137628"}, {"start": 10, "end": 26, "username": "sanchezcastejon", "id": "68740712"}, {"start": 27, "end": 35, "username": "SpainUN", "id": "209226513"}]}, "referenced_tweets": [{"type": "replied_to", "id": "1046833926336131074"}], "id": "1046954453834878977", "lang": "es", "text": "@UN_Women @sanchezcastejon @SpainUN Espero que el ejemplo que lideres es sea uno que puedan seguir! Andale!", "created_at": "2018-10-02T02:46:07.000Z", "source": "Twitter for iPad", "author_id": "807003567605227520", "in_reply_to_user_id": "17137628", "public_metrics": {"retweet_count": 3, "reply_count": 6, "like_count": 52, "quote_count": 5}, "author": {"public_metrics": {"followers_count": 190363, "following_count": 220, "tweet_count": 1150, "listed_count": 566}, "created_at": "2016-12-08T23:26:58.000Z", "id": "807003567605227520", "location": "Los Angeles, CA", "name": "Amber Heard", "profile_image_url": "https://pbs.twimg.com/profile_images/1383196364792680448/N8CdupEu_normal.jpg", "username": "realamberheard", "url": "https://t.co/Ze18Ek9SOI", "description": "Actor and Activist, semi-professional disruptor, ice cream advocate and shameless teacup yorkie-lover"}}, "author": {"public_metrics": {"followers_count": 583, "following_count": 294, "tweet_count": 34295, "listed_count": 1}, "created_at": "2010-01-23T14:38:40.000Z", "id": "107728314", "location": "\u00bb: 4 8 15 16 23 42 \u2708\ufe0f", "name": "\u1d0d\u1d00\u0280\u026a\u1d00 \ud83e\udde3", "profile_image_url": "https://pbs.twimg.com/profile_images/1500944841689157633/npvhpwPL_normal.jpg", "username": "folkloholic", "url": "", "description": "\u300c Full time depphead + swiftie \u300dIf anything goes wrong, Estopa will be my constant. Una vez le hice una foto a un graffiti y ahora es cultura pop."}}, {"referenced_tweets": [{"type": "quoted", "id": "1046954453834878977"}], "id": "1047040514447593477", "lang": "es", "text": "Amber Heard apoyando a Pedro S\u00e1nchez. Spain wins. https://t.co/ajSZrxZ5rr", "created_at": "2018-10-02T08:28:06.000Z", "source": "Twitter for iPhone", "author_id": "262267348", "entities": {"urls": [{"start": 50, "end": 73, "url": "https://t.co/ajSZrxZ5rr", "expanded_url": "https://twitter.com/realamberheard/status/1046954453834878977", "display_url": "twitter.com/realamberheard\u2026"}], "annotations": [{"start": 0, "end": 10, "probability": 0.6246, "type": "Person", "normalized_text": "Amber Heard"}, {"start": 23, "end": 35, "probability": 0.9849, "type": "Person", "normalized_text": "Pedro S\u00e1nchez"}, {"start": 38, "end": 42, "probability": 0.5814, "type": "Place", "normalized_text": "Spain"}]}, "public_metrics": {"retweet_count": 0, "reply_count": 0, "like_count": 1, "quote_count": 0}, "quoted_tweet": {"entities": {"mentions": [{"start": 0, "end": 9, "username": "UN_Women", "id": "17137628"}, {"start": 10, "end": 26, "username": "sanchezcastejon", "id": "68740712"}, {"start": 27, "end": 35, "username": "SpainUN", "id": "209226513"}]}, "referenced_tweets": [{"type": "replied_to", "id": "1046833926336131074"}], "id": "1046954453834878977", "lang": "es", "text": "@UN_Women @sanchezcastejon @SpainUN Espero que el ejemplo que lideres es sea uno que puedan seguir! Andale!", "created_at": "2018-10-02T02:46:07.000Z", "source": "Twitter for iPad", "author_id": "807003567605227520", "in_reply_to_user_id": "17137628", "public_metrics": {"retweet_count": 3, "reply_count": 6, "like_count": 52, "quote_count": 5}, "author": {"public_metrics": {"followers_count": 190363, "following_count": 220, "tweet_count": 1150, "listed_count": 566}, "created_at": "2016-12-08T23:26:58.000Z", "id": "807003567605227520", "location": "Los Angeles, CA", "name": "Amber Heard", "profile_image_url": "https://pbs.twimg.com/profile_images/1383196364792680448/N8CdupEu_normal.jpg", "username": "realamberheard", "url": "https://t.co/Ze18Ek9SOI", "description": "Actor and Activist, semi-professional disruptor, ice cream advocate and shameless teacup yorkie-lover"}}, "author": {"public_metrics": {"followers_count": 2821, "following_count": 1660, "tweet_count": 97589, "listed_count": 72}, "created_at": "2011-03-07T18:26:40.000Z", "id": "262267348", "location": "she/her | 94z | bangteez", "name": "marta \u2077 \u27ed\u27ec", "profile_image_url": "https://pbs.twimg.com/profile_images/1380192387390136322/Bujk9BfT_normal.jpg", "username": "taeuphxria", "url": "", "description": "\u2570\u2500 \ubc29\ud0c4\uc18c\ub144\ub2e8. \u2661 \u02d7\u02cb #VMIN: you are my soulmate. \u02ca\u02d7 \u2726 back up acc for @mikrokosmxs_"}}]