[{"referenced_tweets": [{"type": "quoted", "id": "1047885705467351040"}], "id": "1224225064645623808", "entities": {"urls": [{"start": 84, "end": 107, "url": "https://t.co/kQUEaz034O", "expanded_url": "https://twitter.com/realamberheard/status/1047885705467351040", "display_url": "twitter.com/realamberheard\u2026"}], "mentions": [{"start": 44, "end": 59, "username": "realamberheard", "id": "807003567605227520"}], "hashtags": [{"start": 62, "end": 83, "tag": "JusticeForJohnnyDepp"}]}, "author_id": "62723042", "created_at": "2020-02-03T06:56:15.000Z", "text": "Even if they are violent, two-faced bullies @realamberheard ? #JusticeForJohnnyDepp https://t.co/kQUEaz034O", "public_metrics": {"retweet_count": 0, "reply_count": 1, "like_count": 0, "quote_count": 0}, "source": "Twitter for iPhone", "lang": "en", "quoted_tweet": {"id": "1047885705467351040", "entities": {"urls": [{"start": 36, "end": 59, "url": "https://t.co/1JX9hvDDW6", "expanded_url": "https://twitter.com/realamberheard/status/1047885705467351040/photo/1", "display_url": "pic.twitter.com/1JX9hvDDW6"}], "hashtags": [{"start": 22, "end": 35, "tag": "believewomen"}]}, "author_id": "807003567605227520", "created_at": "2018-10-04T16:26:35.000Z", "text": "Make your voice heard #believewomen https://t.co/1JX9hvDDW6", "public_metrics": {"retweet_count": 172, "reply_count": 62, "like_count": 975, "quote_count": 19}, "source": "Twitter for iPhone", "lang": "en", "author": {"location": "Los Angeles, CA", "created_at": "2016-12-08T23:26:58.000Z", "profile_image_url": "https://pbs.twimg.com/profile_images/1383196364792680448/N8CdupEu_normal.jpg", "public_metrics": {"followers_count": 190363, "following_count": 220, "tweet_count": 1150, "listed_count": 566}, "url": "https://t.co/Ze18Ek9SOI", "id": "807003567605227520", "name": "Amber Heard", "username": "realamberheard", "description": "Actor and Activist, semi-professional disruptor, ice cream advocate and shameless teacup yorkie-lover"}}, "author": {"created_at": "2009-08-04T04:54:46.000Z", "profile_image_url": "https://pbs.twimg.com/profile_images/354517274/Kristian_Naming_Day_normal.jpg", "public_metrics": {"followers_count": 95, "following_count": 297, "tweet_count": 602, "listed_count": 9}, "url": "", "id": "62723042", "name": "Allan Smith", "username": "allanjs73", "description": "Father of two cool kids, husband to the best wife ever, friends with the best bunch of people I could hope for."}}, {"referenced_tweets": [{"type": "quoted", "id": "1047885705467351040"}], "id": "1053277012553539585", "entities": {"urls": [{"start": 12, "end": 35, "url": "https://t.co/q3tupQv3y9", "expanded_url": "https://twitter.com/realamberheard/status/1047885705467351040", "display_url": "twitter.com/realamberheard\u2026"}]}, "author_id": "62320067", "in_reply_to_user_id": "996256741917536258", "created_at": "2018-10-19T13:29:43.000Z", "text": "@apichaardo https://t.co/q3tupQv3y9", "public_metrics": {"retweet_count": 0, "reply_count": 0, "like_count": 1, "quote_count": 0}, "source": "Twitter for iPhone", "lang": "und", "quoted_tweet": {"id": "1047885705467351040", "entities": {"urls": [{"start": 36, "end": 59, "url": "https://t.co/1JX9hvDDW6", "expanded_url": "https://twitter.com/realamberheard/status/1047885705467351040/photo/1", "display_url": "pic.twitter.com/1JX9hvDDW6"}], "hashtags": [{"start": 22, "end": 35, "tag": "believewomen"}]}, "author_id": "807003567605227520", "created_at": "2018-10-04T16:26:35.000Z", "text": "Make your voice heard #believewomen https://t.co/1JX9hvDDW6", "public_metrics": {"retweet_count": 172, "reply_count": 62, "like_count": 975, "quote_count": 19}, "source": "Twitter for iPhone", "lang": "en", "author": {"location": "Los Angeles, CA", "created_at": "2016-12-08T23:26:58.000Z", "profile_image_url": "https://pbs.twimg.com/profile_images/1383196364792680448/N8CdupEu_normal.jpg", "public_metrics": {"followers_count": 190363, "following_count": 220, "tweet_count": 1150, "listed_count": 566}, "url": "https://t.co/Ze18Ek9SOI", "id": "807003567605227520", "name": "Amber Heard", "username": "realamberheard", "description": "Actor and Activist, semi-professional disruptor, ice cream advocate and shameless teacup yorkie-lover"}}, "author": {"location": "M\u00e9xico D.F ", "created_at": "2009-08-02T18:38:14.000Z", "profile_image_url": "https://pbs.twimg.com/profile_images/1481550367271837698/X7P4xyqN_normal.jpg", "public_metrics": {"followers_count": 329, "following_count": 806, "tweet_count": 14320, "listed_count": 5}, "url": "", "id": "62320067", "name": "Adri P.", "username": "adriianap", "description": "\ud83e\udd0d\u2728"}}, {"referenced_tweets": [{"type": "quoted", "id": "1047885705467351040"}], "id": "1047981321455325184", "entities": {"urls": [{"start": 14, "end": 37, "url": "https://t.co/IJN57YiCxE", "expanded_url": "https://twitter.com/realamberheard/status/1047885705467351040", "display_url": "twitter.com/realamberheard\u2026"}], "hashtags": [{"start": 0, "end": 13, "tag": "BelieveWomen"}]}, "author_id": "2290612849", "created_at": "2018-10-04T22:46:32.000Z", "text": "#BelieveWomen https://t.co/IJN57YiCxE", "public_metrics": {"retweet_count": 0, "reply_count": 0, "like_count": 0, "quote_count": 0}, "source": "Twitter for iPhone", "lang": "und", "quoted_tweet": {"id": "1047885705467351040", "entities": {"urls": [{"start": 36, "end": 59, "url": "https://t.co/1JX9hvDDW6", "expanded_url": "https://twitter.com/realamberheard/status/1047885705467351040/photo/1", "display_url": "pic.twitter.com/1JX9hvDDW6"}], "hashtags": [{"start": 22, "end": 35, "tag": "believewomen"}]}, "author_id": "807003567605227520", "created_at": "2018-10-04T16:26:35.000Z", "text": "Make your voice heard #believewomen https://t.co/1JX9hvDDW6", "public_metrics": {"retweet_count": 172, "reply_count": 62, "like_count": 975, "quote_count": 19}, "source": "Twitter for iPhone", "lang": "en", "author": {"location": "Los Angeles, CA", "created_at": "2016-12-08T23:26:58.000Z", "profile_image_url": "https://pbs.twimg.com/profile_images/1383196364792680448/N8CdupEu_normal.jpg", "public_metrics": {"followers_count": 190363, "following_count": 220, "tweet_count": 1150, "listed_count": 566}, "url": "https://t.co/Ze18Ek9SOI", "id": "807003567605227520", "name": "Amber Heard", "username": "realamberheard", "description": "Actor and Activist, semi-professional disruptor, ice cream advocate and shameless teacup yorkie-lover"}}, "author": {"location": "Charlotte, NC", "created_at": "2014-01-14T04:06:38.000Z", "profile_image_url": "https://pbs.twimg.com/profile_images/989376214497484801/lOfZKR59_normal.jpg", "public_metrics": {"followers_count": 1065, "following_count": 3857, "tweet_count": 18003, "listed_count": 0}, "url": "", "id": "2290612849", "name": "Matthew Reynolds", "username": "MattReynolds615", "description": "Lead by Example. Find Common Ground. @BelmontUniv alum. RVA-NASHTN-CLTNC. My favorite shopping is the grocery store!"}}, {"referenced_tweets": [{"type": "quoted", "id": "1047885705467351040"}], "id": "1047953059735896065", "entities": {"urls": [{"start": 45, "end": 68, "url": "https://t.co/5BUnK2pwl4", "expanded_url": "https://twitter.com/realamberheard/status/1047885705467351040", "display_url": "twitter.com/realamberheard\u2026"}]}, "author_id": "80683350", "created_at": "2018-10-04T20:54:14.000Z", "text": "tattoo this picture on my forehead oh my god https://t.co/5BUnK2pwl4", "public_metrics": {"retweet_count": 0, "reply_count": 0, "like_count": 0, "quote_count": 0}, "source": "Twitter Web Client", "lang": "en", "quoted_tweet": {"id": "1047885705467351040", "entities": {"urls": [{"start": 36, "end": 59, "url": "https://t.co/1JX9hvDDW6", "expanded_url": "https://twitter.com/realamberheard/status/1047885705467351040/photo/1", "display_url": "pic.twitter.com/1JX9hvDDW6"}], "hashtags": [{"start": 22, "end": 35, "tag": "believewomen"}]}, "author_id": "807003567605227520", "created_at": "2018-10-04T16:26:35.000Z", "text": "Make your voice heard #believewomen https://t.co/1JX9hvDDW6", "public_metrics": {"retweet_count": 172, "reply_count": 62, "like_count": 975, "quote_count": 19}, "source": "Twitter for iPhone", "lang": "en", "author": {"location": "Los Angeles, CA", "created_at": "2016-12-08T23:26:58.000Z", "profile_image_url": "https://pbs.twimg.com/profile_images/1383196364792680448/N8CdupEu_normal.jpg", "public_metrics": {"followers_count": 190363, "following_count": 220, "tweet_count": 1150, "listed_count": 566}, "url": "https://t.co/Ze18Ek9SOI", "id": "807003567605227520", "name": "Amber Heard", "username": "realamberheard", "description": "Actor and Activist, semi-professional disruptor, ice cream advocate and shameless teacup yorkie-lover"}}, "author": {"location": "boston, ma", "created_at": "2009-10-07T21:20:07.000Z", "profile_image_url": "https://pbs.twimg.com/profile_images/1504148957404012551/ZZ5inFXt_normal.jpg", "public_metrics": {"followers_count": 1391, "following_count": 570, "tweet_count": 76597, "listed_count": 16}, "url": "", "id": "80683350", "name": "\u02d7\u02cf\u02cb steph \u02ce\u02ca\u02d7 \u30df\u2606", "username": "holymolysteph", "description": "when life gives you lemons, make limoncello \ud83c\udf4b | she/they | \u2650\ufe0e\u263c, \u264d\ufe0e\u263d, \u264f\ufe0e\u2191 | enfp | twenty-four | mjg \u2661\ud83c\udff3\ufe0f\u200d\ud83c\udf08\ud83c\uddf8\ud83c\uddf3\ud83c\uddf8\ud83c\uddfb ig:stephsfilmdiary"}}, {"referenced_tweets": [{"type": "quoted", "id": "1047885705467351040"}], "id": "1047897862753988616", "entities": {"urls": [{"start": 33, "end": 56, "url": "https://t.co/DrNKAyRxlU", "expanded_url": "https://twitter.com/realamberheard/status/1047885705467351040", "display_url": "twitter.com/realamberheard\u2026"}]}, "author_id": "1295911188", "created_at": "2018-10-04T17:14:54.000Z", "text": "Only if there speaking the truth https://t.co/DrNKAyRxlU", "public_metrics": {"retweet_count": 0, "reply_count": 0, "like_count": 0, "quote_count": 0}, "source": "Twitter for Android", "lang": "en", "quoted_tweet": {"id": "1047885705467351040", "entities": {"urls": [{"start": 36, "end": 59, "url": "https://t.co/1JX9hvDDW6", "expanded_url": "https://twitter.com/realamberheard/status/1047885705467351040/photo/1", "display_url": "pic.twitter.com/1JX9hvDDW6"}], "hashtags": [{"start": 22, "end": 35, "tag": "believewomen"}]}, "author_id": "807003567605227520", "created_at": "2018-10-04T16:26:35.000Z", "text": "Make your voice heard #believewomen https://t.co/1JX9hvDDW6", "public_metrics": {"retweet_count": 172, "reply_count": 62, "like_count": 975, "quote_count": 19}, "source": "Twitter for iPhone", "lang": "en", "author": {"location": "Los Angeles, CA", "created_at": "2016-12-08T23:26:58.000Z", "profile_image_url": "https://pbs.twimg.com/profile_images/1383196364792680448/N8CdupEu_normal.jpg", "public_metrics": {"followers_count": 190363, "following_count": 220, "tweet_count": 1150, "listed_count": 566}, "url": "https://t.co/Ze18Ek9SOI", "id": "807003567605227520", "name": "Amber Heard", "username": "realamberheard", "description": "Actor and Activist, semi-professional disruptor, ice cream advocate and shameless teacup yorkie-lover"}}, "author": {"location": "Cyprus", "created_at": "2013-03-24T16:59:44.000Z", "profile_image_url": "https://pbs.twimg.com/profile_images/1357986248347029507/kG9CMYy5_normal.jpg", "public_metrics": {"followers_count": 1616, "following_count": 3752, "tweet_count": 476376, "listed_count": 65}, "url": "", "id": "1295911188", "name": "Mick minas", "username": "MOVIESTVMAD", "description": "ayia Napa reality star I write direct and star in my own plays here in Cyprus I'm still seeing a shrink after 6 months in Hollywood \ud83e\udd23"}}, {"referenced_tweets": [{"type": "quoted", "id": "1047885705467351040"}], "id": "1047897302508232704", "entities": {"urls": [{"start": 121, "end": 144, "url": "https://t.co/GN4cYWbn6d", "expanded_url": "https://twitter.com/realamberheard/status/1047885705467351040", "display_url": "twitter.com/realamberheard\u2026"}], "mentions": [{"start": 0, "end": 15, "username": "realamberheard", "id": "807003567605227520"}], "hashtags": [{"start": 114, "end": 120, "tag": "Queen"}]}, "author_id": "568500874", "in_reply_to_user_id": "807003567605227520", "created_at": "2018-10-04T17:12:40.000Z", "text": "@realamberheard is helping people raise their voices and she\u2019s changing the world by actually making a difference #Queen https://t.co/GN4cYWbn6d", "public_metrics": {"retweet_count": 0, "reply_count": 0, "like_count": 0, "quote_count": 0}, "source": "Twitter for iPhone", "lang": "en", "quoted_tweet": {"id": "1047885705467351040", "entities": {"urls": [{"start": 36, "end": 59, "url": "https://t.co/1JX9hvDDW6", "expanded_url": "https://twitter.com/realamberheard/status/1047885705467351040/photo/1", "display_url": "pic.twitter.com/1JX9hvDDW6"}], "hashtags": [{"start": 22, "end": 35, "tag": "believewomen"}]}, "author_id": "807003567605227520", "created_at": "2018-10-04T16:26:35.000Z", "text": "Make your voice heard #believewomen https://t.co/1JX9hvDDW6", "public_metrics": {"retweet_count": 172, "reply_count": 62, "like_count": 975, "quote_count": 19}, "source": "Twitter for iPhone", "lang": "en", "author": {"location": "Los Angeles, CA", "created_at": "2016-12-08T23:26:58.000Z", "profile_image_url": "https://pbs.twimg.com/profile_images/1383196364792680448/N8CdupEu_normal.jpg", "public_metrics": {"followers_count": 190363, "following_count": 220, "tweet_count": 1150, "listed_count": 566}, "url": "https://t.co/Ze18Ek9SOI", "id": "807003567605227520", "name": "Amber Heard", "username": "realamberheard", "description": "Actor and Activist, semi-professional disruptor, ice cream advocate and shameless teacup yorkie-lover"}}, "author": {"created_at": "2012-05-01T20:06:19.000Z", "profile_image_url": "https://pbs.twimg.com/profile_images/1454186273472663556/4WYCUlAd_normal.jpg", "public_metrics": {"followers_count": 296, "following_count": 259, "tweet_count": 18900, "listed_count": 6}, "url": "https://t.co/EHNqB8yZHa", "id": "568500874", "name": "Sam\u2728Taylors Version", "username": "justice_4amber", "description": "\u201cSilence is complacency \u201d - Amber Heard #JusticeForAmberHeard"}}, {"referenced_tweets": [{"type": "quoted", "id": "1047885705467351040"}], "id": "1047888975913005056", "entities": {"urls": [{"start": 51, "end": 74, "url": "https://t.co/9VR0r9jP77", "expanded_url": "https://twitter.com/realamberheard/status/1047885705467351040", "display_url": "twitter.com/realamberheard\u2026"}], "hashtags": [{"start": 25, "end": 45, "tag": "acreditenasmulheres"}]}, "author_id": "1904830838", "created_at": "2018-10-04T16:39:35.000Z", "text": "\u201cFa\u00e7a sua voz ser ouvida #acreditenasmulheres\u201d. \ud83d\udcaa\ud83c\udffb https://t.co/9VR0r9jP77", "public_metrics": {"retweet_count": 0, "reply_count": 0, "like_count": 6, "quote_count": 0}, "source": "Twitter for iPhone", "lang": "pt", "quoted_tweet": {"id": "1047885705467351040", "entities": {"urls": [{"start": 36, "end": 59, "url": "https://t.co/1JX9hvDDW6", "expanded_url": "https://twitter.com/realamberheard/status/1047885705467351040/photo/1", "display_url": "pic.twitter.com/1JX9hvDDW6"}], "hashtags": [{"start": 22, "end": 35, "tag": "believewomen"}]}, "author_id": "807003567605227520", "created_at": "2018-10-04T16:26:35.000Z", "text": "Make your voice heard #believewomen https://t.co/1JX9hvDDW6", "public_metrics": {"retweet_count": 172, "reply_count": 62, "like_count": 975, "quote_count": 19}, "source": "Twitter for iPhone", "lang": "en", "author": {"location": "Los Angeles, CA", "created_at": "2016-12-08T23:26:58.000Z", "profile_image_url": "https://pbs.twimg.com/profile_images/1383196364792680448/N8CdupEu_normal.jpg", "public_metrics": {"followers_count": 190363, "following_count": 220, "tweet_count": 1150, "listed_count": 566}, "url": "https://t.co/Ze18Ek9SOI", "id": "807003567605227520", "name": "Amber Heard", "username": "realamberheard", "description": "Actor and Activist, semi-professional disruptor, ice cream advocate and shameless teacup yorkie-lover"}}, "author": {"location": "youtube.com/amberheardbrasil", "created_at": "2013-09-25T17:01:29.000Z", "profile_image_url": "https://pbs.twimg.com/profile_images/1322659851433086976/DdbPY2Yt_normal.png", "public_metrics": {"followers_count": 7951, "following_count": 150, "tweet_count": 12509, "listed_count": 33}, "url": "https://t.co/aScwq9xXYm", "id": "1904830838", "name": "Amber Heard Brasil", "username": "AmberHeardBRA", "description": "Fonte brasileira de not\u00edcias sobre a atriz e ativista norte americana, Amber Heard! | @ahbrmedia."}}, {"referenced_tweets": [{"type": "quoted", "id": "1047885705467351040"}], "id": "1047887512285433859", "entities": {"urls": [{"start": 13, "end": 36, "url": "https://t.co/N9w2CpWTfn", "expanded_url": "https://twitter.com/realamberheard/status/1047885705467351040", "display_url": "twitter.com/realamberheard\u2026"}]}, "author_id": "30134456", "created_at": "2018-10-04T16:33:46.000Z", "text": "YASSS QUEEN! https://t.co/N9w2CpWTfn", "public_metrics": {"retweet_count": 0, "reply_count": 0, "like_count": 2, "quote_count": 0}, "source": "Twitter Web Client", "lang": "es", "quoted_tweet": {"id": "1047885705467351040", "entities": {"urls": [{"start": 36, "end": 59, "url": "https://t.co/1JX9hvDDW6", "expanded_url": "https://twitter.com/realamberheard/status/1047885705467351040/photo/1", "display_url": "pic.twitter.com/1JX9hvDDW6"}], "hashtags": [{"start": 22, "end": 35, "tag": "believewomen"}]}, "author_id": "807003567605227520", "created_at": "2018-10-04T16:26:35.000Z", "text": "Make your voice heard #believewomen https://t.co/1JX9hvDDW6", "public_metrics": {"retweet_count": 172, "reply_count": 62, "like_count": 975, "quote_count": 19}, "source": "Twitter for iPhone", "lang": "en", "author": {"location": "Los Angeles, CA", "created_at": "2016-12-08T23:26:58.000Z", "profile_image_url": "https://pbs.twimg.com/profile_images/1383196364792680448/N8CdupEu_normal.jpg", "public_metrics": {"followers_count": 190363, "following_count": 220, "tweet_count": 1150, "listed_count": 566}, "url": "https://t.co/Ze18Ek9SOI", "id": "807003567605227520", "name": "Amber Heard", "username": "realamberheard", "description": "Actor and Activist, semi-professional disruptor, ice cream advocate and shameless teacup yorkie-lover"}}, "author": {"location": "on han solo's lap", "created_at": "2009-04-10T02:21:01.000Z", "profile_image_url": "https://pbs.twimg.com/profile_images/1500104311405268997/bn6tXjHU_normal.jpg", "public_metrics": {"followers_count": 1600, "following_count": 2861, "tweet_count": 92855, "listed_count": 56}, "url": "https://t.co/03GJqv0pQn", "id": "30134456", "name": "n \ud83d\udcab ceo of han \"leias concubine\" solo", "username": "skyswalkerleia", "description": "Nor, \u2721\ufe0f she/they, blm , bi, ADHD WARRIOR, lover of strong ladies. ACTUAL LEIA ORGANA, amatuer illustrator and firm believer in #hansololives"}}, {"referenced_tweets": [{"type": "quoted", "id": "1047885705467351040"}], "id": "1047887336611168256", "entities": {"urls": [{"start": 12, "end": 35, "url": "https://t.co/3E7YWPLSru", "expanded_url": "https://twitter.com/realamberheard/status/1047885705467351040", "display_url": "twitter.com/realamberheard\u2026"}]}, "author_id": "1016126101058400256", "created_at": "2018-10-04T16:33:04.000Z", "text": "come meu cu https://t.co/3E7YWPLSru", "public_metrics": {"retweet_count": 0, "reply_count": 0, "like_count": 0, "quote_count": 0}, "source": "Twitter for iPhone", "lang": "pt", "quoted_tweet": {"id": "1047885705467351040", "entities": {"urls": [{"start": 36, "end": 59, "url": "https://t.co/1JX9hvDDW6", "expanded_url": "https://twitter.com/realamberheard/status/1047885705467351040/photo/1", "display_url": "pic.twitter.com/1JX9hvDDW6"}], "hashtags": [{"start": 22, "end": 35, "tag": "believewomen"}]}, "author_id": "807003567605227520", "created_at": "2018-10-04T16:26:35.000Z", "text": "Make your voice heard #believewomen https://t.co/1JX9hvDDW6", "public_metrics": {"retweet_count": 172, "reply_count": 62, "like_count": 975, "quote_count": 19}, "source": "Twitter for iPhone", "lang": "en", "author": {"location": "Los Angeles, CA", "created_at": "2016-12-08T23:26:58.000Z", "profile_image_url": "https://pbs.twimg.com/profile_images/1383196364792680448/N8CdupEu_normal.jpg", "public_metrics": {"followers_count": 190363, "following_count": 220, "tweet_count": 1150, "listed_count": 566}, "url": "https://t.co/Ze18Ek9SOI", "id": "807003567605227520", "name": "Amber Heard", "username": "realamberheard", "description": "Actor and Activist, semi-professional disruptor, ice cream advocate and shameless teacup yorkie-lover"}}, "author": {"location": "istp", "created_at": "2018-07-09T01:05:15.000Z", "profile_image_url": "https://pbs.twimg.com/profile_images/1436135224648339456/JTfnhc78_normal.jpg", "public_metrics": {"followers_count": 51, "following_count": 81, "tweet_count": 31718, "listed_count": 0}, "url": "", "id": "1016126101058400256", "name": "haytrid hoe", "username": "aprilrudgate", "description": "i love ritalin and i have low self esteem"}}, {"referenced_tweets": [{"type": "quoted", "id": "1047885705467351040"}], "id": "1047886498639609861", "entities": {"urls": [{"start": 16, "end": 39, "url": "https://t.co/4Oqnb4Rkrp", "expanded_url": "https://twitter.com/realamberheard/status/1047885705467351040", "display_url": "twitter.com/realamberheard\u2026"}]}, "author_id": "2240843110", "created_at": "2018-10-04T16:29:44.000Z", "text": "perfeita demais https://t.co/4Oqnb4Rkrp", "public_metrics": {"retweet_count": 0, "reply_count": 0, "like_count": 1, "quote_count": 0}, "source": "Twitter for iPhone", "lang": "pt", "quoted_tweet": {"id": "1047885705467351040", "entities": {"urls": [{"start": 36, "end": 59, "url": "https://t.co/1JX9hvDDW6", "expanded_url": "https://twitter.com/realamberheard/status/1047885705467351040/photo/1", "display_url": "pic.twitter.com/1JX9hvDDW6"}], "hashtags": [{"start": 22, "end": 35, "tag": "believewomen"}]}, "author_id": "807003567605227520", "created_at": "2018-10-04T16:26:35.000Z", "text": "Make your voice heard #believewomen https://t.co/1JX9hvDDW6", "public_metrics": {"retweet_count": 172, "reply_count": 62, "like_count": 975, "quote_count": 19}, "source": "Twitter for iPhone", "lang": "en", "author": {"location": "Los Angeles, CA", "created_at": "2016-12-08T23:26:58.000Z", "profile_image_url": "https://pbs.twimg.com/profile_images/1383196364792680448/N8CdupEu_normal.jpg", "public_metrics": {"followers_count": 190363, "following_count": 220, "tweet_count": 1150, "listed_count": 566}, "url": "https://t.co/Ze18Ek9SOI", "id": "807003567605227520", "name": "Amber Heard", "username": "realamberheard", "description": "Actor and Activist, semi-professional disruptor, ice cream advocate and shameless teacup yorkie-lover"}}, "author": {"location": "she/her", "created_at": "2013-12-24T02:36:10.000Z", "profile_image_url": "https://pbs.twimg.com/profile_images/1504230082717618188/T6fgv5-7_normal.jpg", "public_metrics": {"followers_count": 2416, "following_count": 447, "tweet_count": 170145, "listed_count": 29}, "url": "https://t.co/ruqw3whIXt", "id": "2240843110", "name": "duda", "username": "evelysnhugo", "description": "columbus (2017) dir. kogonada"}}, {"referenced_tweets": [{"type": "quoted", "id": "1047885705467351040"}], "id": "1047886315193286657", "entities": {"urls": [{"start": 27, "end": 50, "url": "https://t.co/Vy1yfoDsNo", "expanded_url": "https://twitter.com/realamberheard/status/1047885705467351040", "display_url": "twitter.com/realamberheard\u2026"}]}, "author_id": "260898190", "created_at": "2018-10-04T16:29:00.000Z", "text": "Essa mulher \u00e9 MARAVILHOSA\ud83d\udc96 https://t.co/Vy1yfoDsNo", "public_metrics": {"retweet_count": 0, "reply_count": 0, "like_count": 0, "quote_count": 0}, "source": "Twitter for Android", "lang": "pt", "quoted_tweet": {"id": "1047885705467351040", "entities": {"urls": [{"start": 36, "end": 59, "url": "https://t.co/1JX9hvDDW6", "expanded_url": "https://twitter.com/realamberheard/status/1047885705467351040/photo/1", "display_url": "pic.twitter.com/1JX9hvDDW6"}], "hashtags": [{"start": 22, "end": 35, "tag": "believewomen"}]}, "author_id": "807003567605227520", "created_at": "2018-10-04T16:26:35.000Z", "text": "Make your voice heard #believewomen https://t.co/1JX9hvDDW6", "public_metrics": {"retweet_count": 172, "reply_count": 62, "like_count": 975, "quote_count": 19}, "source": "Twitter for iPhone", "lang": "en", "author": {"location": "Los Angeles, CA", "created_at": "2016-12-08T23:26:58.000Z", "profile_image_url": "https://pbs.twimg.com/profile_images/1383196364792680448/N8CdupEu_normal.jpg", "public_metrics": {"followers_count": 190363, "following_count": 220, "tweet_count": 1150, "listed_count": 566}, "url": "https://t.co/Ze18Ek9SOI", "id": "807003567605227520", "name": "Amber Heard", "username": "realamberheard", "description": "Actor and Activist, semi-professional disruptor, ice cream advocate and shameless teacup yorkie-lover"}}, "author": {"location": "Macap\u00e1, Brasil", "created_at": "2011-03-04T20:57:45.000Z", "profile_image_url": "https://pbs.twimg.com/profile_images/1506781718124150787/o62NMaS4_normal.jpg", "public_metrics": {"followers_count": 1567, "following_count": 398, "tweet_count": 129599, "listed_count": 15}, "url": "", "id": "260898190", "name": "Mah| on happy hour\ud83c\udf79", "username": "MarleneB_", "description": "De p\u00e9 diante do mundo. De joelhos diante de: S\u00edlvia/Le\u00f3n Navarro,Amber Heard,Bia Arantes,Katy Perry,Melanie Zanetti,Giulio Berruti,Selton M e Mariana Ximenes\u2764"}}]