[{"lang": "en", "text": "WOMP WOMP https://t.co/8DVf4H4Ins", "author_id": "790573629633331201", "id": "1060059042704510976", "created_at": "2018-11-07T06:39:05.000Z", "source": "Twitter for iPad", "public_metrics": {"retweet_count": 0, "reply_count": 0, "like_count": 1, "quote_count": 0}, "entities": {"urls": [{"start": 10, "end": 33, "url": "https://t.co/8DVf4H4Ins", "expanded_url": "https://twitter.com/realamberheard/status/1048737882901549056", "display_url": "twitter.com/realamberheard\u2026"}]}, "referenced_tweets": [{"type": "quoted", "id": "1048737882901549056"}], "quoted_tweet": {"lang": "en", "text": "Yes, exactly. Hear it in the vote. https://t.co/AXW7sLO2hO", "author_id": "807003567605227520", "id": "1048737882901549056", "created_at": "2018-10-07T00:52:50.000Z", "source": "Twitter for iPhone", "public_metrics": {"retweet_count": 84, "reply_count": 22, "like_count": 1167, "quote_count": 3}, "entities": {"urls": [{"start": 35, "end": 58, "url": "https://t.co/AXW7sLO2hO", "expanded_url": "https://twitter.com/TheEllenShow/status/1048672671771189248", "display_url": "twitter.com/TheEllenShow/s\u2026"}]}, "referenced_tweets": [{"type": "quoted", "id": "1048672671771189248"}], "author": {"location": "Los Angeles, CA", "created_at": "2016-12-08T23:26:58.000Z", "id": "807003567605227520", "description": "Actor and Activist, semi-professional disruptor, ice cream advocate and shameless teacup yorkie-lover", "public_metrics": {"followers_count": 190363, "following_count": 220, "tweet_count": 1150, "listed_count": 566}, "username": "realamberheard", "name": "Amber Heard", "url": "https://t.co/Ze18Ek9SOI", "profile_image_url": "https://pbs.twimg.com/profile_images/1383196364792680448/N8CdupEu_normal.jpg"}}, "author": {"created_at": "2016-10-24T15:20:16.000Z", "id": "790573629633331201", "description": "#NeverCompromise", "public_metrics": {"followers_count": 537, "following_count": 185, "tweet_count": 16483, "listed_count": 8}, "username": "1etha1protector", "name": "Jack", "url": "", "profile_image_url": "https://pbs.twimg.com/profile_images/1491998076231430153/tnarggiu_normal.jpg"}}, {"lang": "en", "text": "She didn\u2019t put herself through anything she was paid very well https://t.co/G08yQUEQcG", "author_id": "791851458241171457", "id": "1049092371793805315", "created_at": "2018-10-08T00:21:27.000Z", "source": "Twitter for iPhone", "public_metrics": {"retweet_count": 0, "reply_count": 0, "like_count": 0, "quote_count": 0}, "entities": {"urls": [{"start": 63, "end": 86, "url": "https://t.co/G08yQUEQcG", "expanded_url": "https://twitter.com/realamberheard/status/1048737882901549056", "display_url": "twitter.com/realamberheard\u2026"}]}, "referenced_tweets": [{"type": "quoted", "id": "1048737882901549056"}], "quoted_tweet": {"lang": "en", "text": "Yes, exactly. Hear it in the vote. https://t.co/AXW7sLO2hO", "author_id": "807003567605227520", "id": "1048737882901549056", "created_at": "2018-10-07T00:52:50.000Z", "source": "Twitter for iPhone", "public_metrics": {"retweet_count": 84, "reply_count": 22, "like_count": 1167, "quote_count": 3}, "entities": {"urls": [{"start": 35, "end": 58, "url": "https://t.co/AXW7sLO2hO", "expanded_url": "https://twitter.com/TheEllenShow/status/1048672671771189248", "display_url": "twitter.com/TheEllenShow/s\u2026"}]}, "referenced_tweets": [{"type": "quoted", "id": "1048672671771189248"}], "author": {"location": "Los Angeles, CA", "created_at": "2016-12-08T23:26:58.000Z", "id": "807003567605227520", "description": "Actor and Activist, semi-professional disruptor, ice cream advocate and shameless teacup yorkie-lover", "public_metrics": {"followers_count": 190363, "following_count": 220, "tweet_count": 1150, "listed_count": 566}, "username": "realamberheard", "name": "Amber Heard", "url": "https://t.co/Ze18Ek9SOI", "profile_image_url": "https://pbs.twimg.com/profile_images/1383196364792680448/N8CdupEu_normal.jpg"}}, "author": {"location": "United States", "created_at": "2016-10-28T03:57:54.000Z", "id": "791851458241171457", "description": "", "public_metrics": {"followers_count": 286, "following_count": 815, "tweet_count": 64950, "listed_count": 0}, "username": "lou122Louiss", "name": "lou122 \ud83c\udf4a", "url": "", "profile_image_url": "https://pbs.twimg.com/profile_images/1348089090437226496/8bs2g8b__normal.jpg"}}, {"lang": "en", "text": "RT @hallowdmaiden: I wish we could vote you out of existence.\n\nOr at least into jail. https://t.co/6g8G0OYzF4", "author_id": "874362552930586624", "id": "1049013503779115008", "created_at": "2018-10-07T19:08:03.000Z", "source": "Twitter for iPad", "public_metrics": {"retweet_count": 1, "reply_count": 0, "like_count": 0, "quote_count": 0}, "entities": {"urls": [{"start": 86, "end": 109, "url": "https://t.co/6g8G0OYzF4", "expanded_url": "https://twitter.com/realamberheard/status/1048737882901549056", "display_url": "twitter.com/realamberheard\u2026"}]}, "referenced_tweets": [{"type": "retweeted", "id": "1048949891664424961"}], "quoted_tweet": {"lang": "en", "text": "Yes, exactly. Hear it in the vote. https://t.co/AXW7sLO2hO", "author_id": "807003567605227520", "id": "1048737882901549056", "created_at": "2018-10-07T00:52:50.000Z", "source": "Twitter for iPhone", "public_metrics": {"retweet_count": 84, "reply_count": 22, "like_count": 1167, "quote_count": 3}, "entities": {"urls": [{"start": 35, "end": 58, "url": "https://t.co/AXW7sLO2hO", "expanded_url": "https://twitter.com/TheEllenShow/status/1048672671771189248", "display_url": "twitter.com/TheEllenShow/s\u2026"}]}, "referenced_tweets": [{"type": "quoted", "id": "1048672671771189248"}], "author": {"location": "Los Angeles, CA", "created_at": "2016-12-08T23:26:58.000Z", "id": "807003567605227520", "description": "Actor and Activist, semi-professional disruptor, ice cream advocate and shameless teacup yorkie-lover", "public_metrics": {"followers_count": 190363, "following_count": 220, "tweet_count": 1150, "listed_count": 566}, "username": "realamberheard", "name": "Amber Heard", "url": "https://t.co/Ze18Ek9SOI", "profile_image_url": "https://pbs.twimg.com/profile_images/1383196364792680448/N8CdupEu_normal.jpg"}}, "author": {"created_at": "2017-06-12T20:27:32.000Z", "id": "874362552930586624", "description": "you've got hell's teeth smiling at you || @V0DEVlL", "public_metrics": {"followers_count": 1009, "following_count": 336, "tweet_count": 5443, "listed_count": 9}, "username": "D0PPELHERZ", "name": "THE MARILYN MANSON ARCHIVE", "url": "", "profile_image_url": "https://pbs.twimg.com/profile_images/1133417042005114881/moEDGu0y_normal.jpg"}}, {"lang": "en", "text": "I wish we could vote you out of existence.\n\nOr at least into jail. https://t.co/6g8G0OYzF4", "author_id": "2465079218", "id": "1048949891664424961", "created_at": "2018-10-07T14:55:17.000Z", "source": "Twitter for Android", "public_metrics": {"retweet_count": 1, "reply_count": 0, "like_count": 5, "quote_count": 0}, "entities": {"urls": [{"start": 67, "end": 90, "url": "https://t.co/6g8G0OYzF4", "expanded_url": "https://twitter.com/realamberheard/status/1048737882901549056", "display_url": "twitter.com/realamberheard\u2026"}]}, "referenced_tweets": [{"type": "quoted", "id": "1048737882901549056"}], "quoted_tweet": {"lang": "en", "text": "Yes, exactly. Hear it in the vote. https://t.co/AXW7sLO2hO", "author_id": "807003567605227520", "id": "1048737882901549056", "created_at": "2018-10-07T00:52:50.000Z", "source": "Twitter for iPhone", "public_metrics": {"retweet_count": 84, "reply_count": 22, "like_count": 1167, "quote_count": 3}, "entities": {"urls": [{"start": 35, "end": 58, "url": "https://t.co/AXW7sLO2hO", "expanded_url": "https://twitter.com/TheEllenShow/status/1048672671771189248", "display_url": "twitter.com/TheEllenShow/s\u2026"}]}, "referenced_tweets": [{"type": "quoted", "id": "1048672671771189248"}], "author": {"location": "Los Angeles, CA", "created_at": "2016-12-08T23:26:58.000Z", "id": "807003567605227520", "description": "Actor and Activist, semi-professional disruptor, ice cream advocate and shameless teacup yorkie-lover", "public_metrics": {"followers_count": 190363, "following_count": 220, "tweet_count": 1150, "listed_count": 566}, "username": "realamberheard", "name": "Amber Heard", "url": "https://t.co/Ze18Ek9SOI", "profile_image_url": "https://pbs.twimg.com/profile_images/1383196364792680448/N8CdupEu_normal.jpg"}}, "author": {"location": "on the precipice.", "created_at": "2014-04-26T20:16:57.000Z", "id": "2465079218", "description": "classic lara croft supremacy. i fucking love you for hating me. wife to noodle. #justiceforjohnnydepp #justiceforsurvivors #istandwithjkrowling", "public_metrics": {"followers_count": 1594, "following_count": 223, "tweet_count": 37208, "listed_count": 3}, "username": "reineyelah", "name": "not haley", "url": "https://t.co/imzbQnpaXH", "profile_image_url": "https://pbs.twimg.com/profile_images/1506624478310191113/EEpjan86_normal.jpg"}}]