[{"lang": "und", "text": "#UN #UNHRC #stopviolenceagainstwomen #MeToo\u2060 \u2060 https://t.co/X54EtNHolk", "author_id": "964211466160177155", "id": "1049602050617733121", "created_at": "2018-10-09T10:06:44.000Z", "source": "Twitter for iPhone", "public_metrics": {"retweet_count": 0, "reply_count": 0, "like_count": 2, "quote_count": 0}, "entities": {"urls": [{"start": 47, "end": 70, "url": "https://t.co/X54EtNHolk", "expanded_url": "https://twitter.com/realamberheard/status/1049500109728174080", "display_url": "twitter.com/realamberheard\u2026"}], "hashtags": [{"start": 0, "end": 3, "tag": "UN"}, {"start": 4, "end": 10, "tag": "UNHRC"}, {"start": 11, "end": 36, "tag": "stopviolenceagainstwomen"}, {"start": 37, "end": 43, "tag": "MeToo"}]}, "referenced_tweets": [{"type": "quoted", "id": "1049500109728174080"}], "quoted_tweet": {"lang": "en", "text": "Political courage and moral fortitude at its finest. Go get it @Ocasio2018 ! https://t.co/00Lhk4Eif3", "author_id": "807003567605227520", "id": "1049500109728174080", "created_at": "2018-10-09T03:21:39.000Z", "source": "Twitter for iPhone", "public_metrics": {"retweet_count": 35, "reply_count": 15, "like_count": 270, "quote_count": 1}, "entities": {"urls": [{"start": 77, "end": 100, "url": "https://t.co/00Lhk4Eif3", "expanded_url": "https://twitter.com/AOC/status/1048276569788239872", "display_url": "twitter.com/AOC/status/104\u2026"}]}, "referenced_tweets": [{"type": "quoted", "id": "1048276569788239872"}], "author": {"location": "Los Angeles, CA", "created_at": "2016-12-08T23:26:58.000Z", "id": "807003567605227520", "description": "Actor and Activist, semi-professional disruptor, ice cream advocate and shameless teacup yorkie-lover", "public_metrics": {"followers_count": 190363, "following_count": 220, "tweet_count": 1150, "listed_count": 566}, "username": "realamberheard", "name": "Amber Heard", "url": "https://t.co/Ze18Ek9SOI", "profile_image_url": "https://pbs.twimg.com/profile_images/1383196364792680448/N8CdupEu_normal.jpg"}}, "author": {"created_at": "2018-02-15T18:55:02.000Z", "id": "964211466160177155", "description": "", "public_metrics": {"followers_count": 1454, "following_count": 3658, "tweet_count": 14475, "listed_count": 4}, "username": "GTsarouchis", "name": "Georgios_Tsarouchis", "url": "", "profile_image_url": "https://pbs.twimg.com/profile_images/1407075783357632512/u8JCCyYy_normal.jpg"}}]