[{"entities": {"urls": [{"start": 208, "end": 231, "url": "https://t.co/1X1OAWxxMz", "expanded_url": "https://twitter.com/realamberheard/status/1052719628743368704", "display_url": "twitter.com/realamberheard\u2026"}], "mentions": [{"start": 26, "end": 41, "username": "realamberheard", "id": "807003567605227520"}, {"start": 61, "end": 77, "username": "British_Airways", "id": "18332190"}]}, "lang": "en", "id": "1053763586911174656", "text": "What's the status on this @realamberheard? Do we need to put @British_Airways on blast to light a fire under them? Your fans and their customers want to know if we need to switch airlines next time we fly... https://t.co/1X1OAWxxMz", "created_at": "2018-10-20T21:43:11.000Z", "public_metrics": {"retweet_count": 0, "reply_count": 0, "like_count": 3, "quote_count": 0}, "author_id": "47495880", "source": "Twitter Web Client", "referenced_tweets": [{"type": "quoted", "id": "1052719628743368704"}], "quoted_tweet": {"lang": "en", "entities": {"mentions": [{"start": 0, "end": 16, "username": "British_Airways", "id": "18332190"}, {"start": 208, "end": 224, "username": "British_Airways", "id": "18332190"}]}, "id": "1052719628743368704", "text": "@British_Airways If some1 was as diligent about returning customer\u2019s property as they were @ checking social media then maybe fewer ppl would complain about the lack of accountability &amp; responsibility of @British_Airways in returning property left n their custody", "created_at": "2018-10-18T00:34:52.000Z", "public_metrics": {"retweet_count": 3, "reply_count": 2, "like_count": 13, "quote_count": 1}, "author_id": "807003567605227520", "in_reply_to_user_id": "18332190", "source": "Twitter for iPad", "referenced_tweets": [{"type": "replied_to", "id": "1052665036685099015"}], "author": {"location": "Los Angeles, CA", "profile_image_url": "https://pbs.twimg.com/profile_images/1383196364792680448/N8CdupEu_normal.jpg", "id": "807003567605227520", "name": "Amber Heard", "created_at": "2016-12-08T23:26:58.000Z", "username": "realamberheard", "url": "https://t.co/Ze18Ek9SOI", "description": "Actor and Activist, semi-professional disruptor, ice cream advocate and shameless teacup yorkie-lover", "public_metrics": {"followers_count": 190361, "following_count": 220, "tweet_count": 1150, "listed_count": 566}}}, "author": {"location": "Los Angeles, CA", "profile_image_url": "https://pbs.twimg.com/profile_images/378800000526968506/ba2d2bc448cf91c8994ca0a60860432a_normal.jpeg", "id": "47495880", "name": "Katie", "created_at": "2009-06-16T00:50:13.000Z", "username": "total_silliness", "url": "", "description": "Professional Nap Taker and Nap Dress Wearer. Hoarder of books and red lipstick. She/Her.", "public_metrics": {"followers_count": 384, "following_count": 800, "tweet_count": 19267, "listed_count": 5}}}]