[{"author_id": "2880667249", "lang": "fi", "source": "Twitter for iPhone", "entities": {"urls": [{"start": 8, "end": 31, "url": "https://t.co/cpmaID4tzs", "expanded_url": "https://twitter.com/realamberheard/status/1052739765186031616", "display_url": "twitter.com/realamberheard\u2026"}]}, "referenced_tweets": [{"type": "quoted", "id": "1052739765186031616"}], "created_at": "2018-10-18T02:06:02.000Z", "text": "QWUEEN. https://t.co/cpmaID4tzs", "id": "1052742571896770560", "public_metrics": {"retweet_count": 0, "reply_count": 0, "like_count": 0, "quote_count": 0}, "quoted_tweet": {"author_id": "807003567605227520", "entities": {"annotations": [{"start": 13, "end": 16, "probability": 0.9691, "type": "Person", "normalized_text": "Beto"}], "mentions": [{"start": 0, "end": 12, "username": "BetoORourke", "id": "342863309"}]}, "lang": "en", "source": "Twitter for iPad", "in_reply_to_user_id": "342863309", "referenced_tweets": [{"type": "replied_to", "id": "1052374954514223105"}], "created_at": "2018-10-18T01:54:53.000Z", "text": "@BetoORourke Beto has already won.  Polls catch up. Like the populace. It\u2019s a matter or time.", "id": "1052739765186031616", "public_metrics": {"retweet_count": 5, "reply_count": 3, "like_count": 58, "quote_count": 1}, "author": {"username": "realamberheard", "created_at": "2016-12-08T23:26:58.000Z", "profile_image_url": "https://pbs.twimg.com/profile_images/1383196364792680448/N8CdupEu_normal.jpg", "name": "Amber Heard", "public_metrics": {"followers_count": 190361, "following_count": 220, "tweet_count": 1150, "listed_count": 566}, "description": "Actor and Activist, semi-professional disruptor, ice cream advocate and shameless teacup yorkie-lover", "id": "807003567605227520", "url": "https://t.co/Ze18Ek9SOI", "location": "Los Angeles, CA"}}, "author": {"username": "letalisaranea", "created_at": "2014-10-28T10:43:41.000Z", "profile_image_url": "https://pbs.twimg.com/profile_images/1486548643968655361/GRo9GmaB_normal.png", "name": "\ud800\udec0 *", "public_metrics": {"followers_count": 2278, "following_count": 694, "tweet_count": 9003, "listed_count": 19}, "description": "\u2800\u2800\u2800\u2800 \u2800\u2800\u2800\u2800\u2800 \u2800\u2800\u2800\u2800 \u2800\u2800 \u2800\u2800\u2800 \u2800\u2800\u2800\u2800 \u2800\u2800\u2800\u2800 \u2800\u2800\u2800\u2800 \u2800\u2800 \u2800\u2800\u2800\u2800 \u3164 \u2800 \u3164\u2800\u2800\u3164\u3164\u3164 \u2800\u2800 \u2800\u2800\u2800 \ud835\udc11\ud835\udc0e\ud835\udc0e\ud835\udc12\ud835\udc0a\ud835\udc00\ud835\udc18\ud835\udc00. \u2800\u2800\u2800\u2800\u2800\u2800 \u2800\u2800\u2800\u2800 \u2800\u2800 \u2800\u2800\u2800\u2800 \u2800\u2800\u2800\u2800 \u2800 \u3164\u3164\u3164\u3164\u3164\u3164\u3164\u3164", "id": "2880667249", "url": ""}}]