[{"entities": {"annotations": [{"start": 0, "end": 10, "probability": 0.9967, "type": "Person", "normalized_text": "Johnny Depp"}], "urls": [{"start": 34, "end": 57, "url": "https://t.co/xE9mrlw8MT", "expanded_url": "https://twitter.com/realamberheard/status/1053489547168882688", "display_url": "twitter.com/realamberheard\u2026"}]}, "public_metrics": {"retweet_count": 0, "reply_count": 0, "like_count": 0, "quote_count": 0}, "source": "Twitter for iPhone", "text": "Johnny Depp after you abused him: https://t.co/xE9mrlw8MT", "author_id": "1393389079211827202", "lang": "en", "created_at": "2021-11-23T08:01:52.000Z", "id": "1463055182112051202", "referenced_tweets": [{"type": "quoted", "id": "1053489547168882688"}], "quoted_tweet": {"public_metrics": {"retweet_count": 13, "reply_count": 9, "like_count": 620, "quote_count": 7}, "source": "Twitter for iPhone", "entities": {"mentions": [{"start": 0, "end": 9, "username": "elonmusk", "id": "44196397"}]}, "text": "@elonmusk Ouchie", "author_id": "807003567605227520", "lang": "fr", "created_at": "2018-10-20T03:34:15.000Z", "in_reply_to_user_id": "44196397", "id": "1053489547168882688", "referenced_tweets": [{"type": "replied_to", "id": "1053390822991790083"}], "author": {"username": "realamberheard", "location": "Los Angeles, CA", "description": "Actor and Activist, semi-professional disruptor, ice cream advocate and shameless teacup yorkie-lover", "id": "807003567605227520", "url": "https://t.co/Ze18Ek9SOI", "profile_image_url": "https://pbs.twimg.com/profile_images/1383196364792680448/N8CdupEu_normal.jpg", "name": "Amber Heard", "public_metrics": {"followers_count": 190361, "following_count": 220, "tweet_count": 1150, "listed_count": 566}, "created_at": "2016-12-08T23:26:58.000Z"}}, "author": {"username": "lNT0THENIGHT", "location": "home sweet home", "description": "caught between space and time", "id": "1393389079211827202", "url": "https://t.co/2dPNgmyxOD", "profile_image_url": "https://pbs.twimg.com/profile_images/1506907832007811075/8v1VwcJO_normal.jpg", "name": "Elijah (or illia) Hollywood Era \ud83d\udcf8\ud83d\udcb8", "public_metrics": {"followers_count": 491, "following_count": 1154, "tweet_count": 33066, "listed_count": 5}, "created_at": "2021-05-15T02:13:45.000Z"}}, {"public_metrics": {"retweet_count": 0, "reply_count": 0, "like_count": 0, "quote_count": 0}, "source": "Twitter for Android", "entities": {"urls": [{"start": 7, "end": 30, "url": "https://t.co/r7HzjI3wZ6", "expanded_url": "https://twitter.com/realamberheard/status/1053489547168882688", "display_url": "twitter.com/realamberheard\u2026"}]}, "text": "Ouchie https://t.co/r7HzjI3wZ6", "author_id": "60912960", "lang": "fr", "created_at": "2018-10-20T09:03:30.000Z", "id": "1053572403433943041", "referenced_tweets": [{"type": "quoted", "id": "1053489547168882688"}], "quoted_tweet": {"public_metrics": {"retweet_count": 13, "reply_count": 9, "like_count": 620, "quote_count": 7}, "source": "Twitter for iPhone", "entities": {"mentions": [{"start": 0, "end": 9, "username": "elonmusk", "id": "44196397"}]}, "text": "@elonmusk Ouchie", "author_id": "807003567605227520", "lang": "fr", "created_at": "2018-10-20T03:34:15.000Z", "in_reply_to_user_id": "44196397", "id": "1053489547168882688", "referenced_tweets": [{"type": "replied_to", "id": "1053390822991790083"}], "author": {"username": "realamberheard", "location": "Los Angeles, CA", "description": "Actor and Activist, semi-professional disruptor, ice cream advocate and shameless teacup yorkie-lover", "id": "807003567605227520", "url": "https://t.co/Ze18Ek9SOI", "profile_image_url": "https://pbs.twimg.com/profile_images/1383196364792680448/N8CdupEu_normal.jpg", "name": "Amber Heard", "public_metrics": {"followers_count": 190361, "following_count": 220, "tweet_count": 1150, "listed_count": 566}, "created_at": "2016-12-08T23:26:58.000Z"}}, "author": {"username": "the_Bigandtasty", "location": "Little Pwagmattasquarmsettport", "description": "I am NOT the @TIME 2006 Person of the Year", "id": "60912960", "url": "https://t.co/xG6gAYWMLY", "profile_image_url": "https://pbs.twimg.com/profile_images/1362722850822443009/YDmUfbqq_normal.jpg", "name": "\u064b", "public_metrics": {"followers_count": 377, "following_count": 4639, "tweet_count": 59143, "listed_count": 72}, "created_at": "2009-07-28T14:11:00.000Z"}}, {"public_metrics": {"retweet_count": 0, "reply_count": 0, "like_count": 0, "quote_count": 0}, "source": "Twitter for Android", "entities": {"urls": [{"start": 3, "end": 26, "url": "https://t.co/HS99dqDNwv", "expanded_url": "https://twitter.com/realamberheard/status/1053489547168882688", "display_url": "twitter.com/realamberheard\u2026"}]}, "text": "ai https://t.co/HS99dqDNwv", "author_id": "948994474180476928", "lang": "und", "created_at": "2018-10-20T08:35:05.000Z", "id": "1053565254846894080", "referenced_tweets": [{"type": "quoted", "id": "1053489547168882688"}], "quoted_tweet": {"public_metrics": {"retweet_count": 13, "reply_count": 9, "like_count": 620, "quote_count": 7}, "source": "Twitter for iPhone", "entities": {"mentions": [{"start": 0, "end": 9, "username": "elonmusk", "id": "44196397"}]}, "text": "@elonmusk Ouchie", "author_id": "807003567605227520", "lang": "fr", "created_at": "2018-10-20T03:34:15.000Z", "in_reply_to_user_id": "44196397", "id": "1053489547168882688", "referenced_tweets": [{"type": "replied_to", "id": "1053390822991790083"}], "author": {"username": "realamberheard", "location": "Los Angeles, CA", "description": "Actor and Activist, semi-professional disruptor, ice cream advocate and shameless teacup yorkie-lover", "id": "807003567605227520", "url": "https://t.co/Ze18Ek9SOI", "profile_image_url": "https://pbs.twimg.com/profile_images/1383196364792680448/N8CdupEu_normal.jpg", "name": "Amber Heard", "public_metrics": {"followers_count": 190361, "following_count": 220, "tweet_count": 1150, "listed_count": 566}, "created_at": "2016-12-08T23:26:58.000Z"}}, "author": {"username": "godsuburbia", "location": "they/them \u2022 ele/elu/ela", "description": "intersectional transfeminist, anarcho-communist, the divine masculine in touch with their dark feminine \ud83c\udff3\ufe0f\u200d\ud83c\udf08 n.", "id": "948994474180476928", "url": "", "profile_image_url": "https://pbs.twimg.com/profile_images/1506258500338466817/ZzpZpohi_normal.jpg", "name": "meera", "public_metrics": {"followers_count": 301, "following_count": 294, "tweet_count": 55750, "listed_count": 0}, "created_at": "2018-01-04T19:08:08.000Z"}}, {"public_metrics": {"retweet_count": 0, "reply_count": 0, "like_count": 0, "quote_count": 0}, "source": "Twitter for iPhone", "entities": {"urls": [{"start": 2, "end": 25, "url": "https://t.co/KSnvyTgams", "expanded_url": "https://twitter.com/realamberheard/status/1053489547168882688", "display_url": "twitter.com/realamberheard\u2026"}]}, "text": "\ud83d\ude02 https://t.co/KSnvyTgams", "author_id": "36059277", "lang": "und", "created_at": "2018-10-20T03:52:59.000Z", "id": "1053494260580773893", "referenced_tweets": [{"type": "quoted", "id": "1053489547168882688"}], "quoted_tweet": {"public_metrics": {"retweet_count": 13, "reply_count": 9, "like_count": 620, "quote_count": 7}, "source": "Twitter for iPhone", "entities": {"mentions": [{"start": 0, "end": 9, "username": "elonmusk", "id": "44196397"}]}, "text": "@elonmusk Ouchie", "author_id": "807003567605227520", "lang": "fr", "created_at": "2018-10-20T03:34:15.000Z", "in_reply_to_user_id": "44196397", "id": "1053489547168882688", "referenced_tweets": [{"type": "replied_to", "id": "1053390822991790083"}], "author": {"username": "realamberheard", "location": "Los Angeles, CA", "description": "Actor and Activist, semi-professional disruptor, ice cream advocate and shameless teacup yorkie-lover", "id": "807003567605227520", "url": "https://t.co/Ze18Ek9SOI", "profile_image_url": "https://pbs.twimg.com/profile_images/1383196364792680448/N8CdupEu_normal.jpg", "name": "Amber Heard", "public_metrics": {"followers_count": 190361, "following_count": 220, "tweet_count": 1150, "listed_count": 566}, "created_at": "2016-12-08T23:26:58.000Z"}}, "author": {"username": "zatizaty", "location": "London, England : Malaysia", "description": "To have a good goodbye everytime. Make me happy and I will make you happier.", "id": "36059277", "url": "", "profile_image_url": "https://pbs.twimg.com/profile_images/3720380813/dfcaa952a36cbe7e48884126a4e64537_normal.jpeg", "name": "i.halim", "public_metrics": {"followers_count": 328, "following_count": 932, "tweet_count": 49361, "listed_count": 7}, "created_at": "2009-04-28T13:07:01.000Z"}}]