[{"referenced_tweets": [{"type": "quoted", "id": "1053495992585199616"}], "id": "1053674035668807680", "entities": {"urls": [{"start": 22, "end": 45, "url": "https://t.co/PFRxlbqq0U", "expanded_url": "https://twitter.com/realamberheard/status/1053495992585199616", "display_url": "twitter.com/realamberheard\u2026"}]}, "author_id": "50543620", "created_at": "2018-10-20T15:47:21.000Z", "text": "Delete fortnite queen https://t.co/PFRxlbqq0U", "public_metrics": {"retweet_count": 0, "reply_count": 0, "like_count": 0, "quote_count": 0}, "source": "Twitter for iPhone", "lang": "ht", "quoted_tweet": {"referenced_tweets": [{"type": "replied_to", "id": "1053390822991790083"}], "id": "1053495992585199616", "author_id": "807003567605227520", "entities": {"mentions": [{"start": 0, "end": 9, "username": "elonmusk", "id": "44196397"}]}, "in_reply_to_user_id": "44196397", "created_at": "2018-10-20T03:59:52.000Z", "text": "@elonmusk Doing great", "public_metrics": {"retweet_count": 17, "reply_count": 11, "like_count": 576, "quote_count": 4}, "source": "Twitter for iPhone", "lang": "en", "author": {"location": "Los Angeles, CA", "created_at": "2016-12-08T23:26:58.000Z", "profile_image_url": "https://pbs.twimg.com/profile_images/1383196364792680448/N8CdupEu_normal.jpg", "public_metrics": {"followers_count": 190361, "following_count": 220, "tweet_count": 1150, "listed_count": 566}, "url": "https://t.co/Ze18Ek9SOI", "id": "807003567605227520", "name": "Amber Heard", "username": "realamberheard", "description": "Actor and Activist, semi-professional disruptor, ice cream advocate and shameless teacup yorkie-lover"}}, "author": {"location": "Apokolips", "created_at": "2009-06-25T03:57:08.000Z", "profile_image_url": "https://pbs.twimg.com/profile_images/1484573468280635392/02Mz-Xo9_normal.jpg", "public_metrics": {"followers_count": 1383, "following_count": 3572, "tweet_count": 270204, "listed_count": 51}, "url": "", "id": "50543620", "name": "Cory", "username": "Coryxvx", "description": "I\u2019m alright | Filmmaker | NieR | One Piece | FLCL | Community | Hololive enthusiast | Priv: @YorhaUnit1"}}, {"referenced_tweets": [{"type": "quoted", "id": "1053495992585199616"}], "id": "1053517759542423552", "entities": {"urls": [{"start": 13, "end": 36, "url": "https://t.co/5OSpx9r5uP", "expanded_url": "https://twitter.com/realamberheard/status/1053495992585199616", "display_url": "twitter.com/realamberheard\u2026"}]}, "author_id": "249272451", "created_at": "2018-10-20T05:26:21.000Z", "text": "Marry me ugh https://t.co/5OSpx9r5uP", "public_metrics": {"retweet_count": 0, "reply_count": 0, "like_count": 0, "quote_count": 0}, "source": "Twitter for iPhone", "lang": "en", "quoted_tweet": {"referenced_tweets": [{"type": "replied_to", "id": "1053390822991790083"}], "id": "1053495992585199616", "author_id": "807003567605227520", "entities": {"mentions": [{"start": 0, "end": 9, "username": "elonmusk", "id": "44196397"}]}, "in_reply_to_user_id": "44196397", "created_at": "2018-10-20T03:59:52.000Z", "text": "@elonmusk Doing great", "public_metrics": {"retweet_count": 17, "reply_count": 11, "like_count": 576, "quote_count": 4}, "source": "Twitter for iPhone", "lang": "en", "author": {"location": "Los Angeles, CA", "created_at": "2016-12-08T23:26:58.000Z", "profile_image_url": "https://pbs.twimg.com/profile_images/1383196364792680448/N8CdupEu_normal.jpg", "public_metrics": {"followers_count": 190361, "following_count": 220, "tweet_count": 1150, "listed_count": 566}, "url": "https://t.co/Ze18Ek9SOI", "id": "807003567605227520", "name": "Amber Heard", "username": "realamberheard", "description": "Actor and Activist, semi-professional disruptor, ice cream advocate and shameless teacup yorkie-lover"}}, "author": {"created_at": "2011-02-08T18:25:25.000Z", "profile_image_url": "https://pbs.twimg.com/profile_images/1228224725614088192/TZ1yvbk-_normal.jpg", "public_metrics": {"followers_count": 601, "following_count": 615, "tweet_count": 32403, "listed_count": 0}, "url": "", "id": "249272451", "name": "brianna mae", "username": "SHUTUPPRENDIE", "description": "Train your mind to see the good in everything. cabrini  \u26bd\ufe0f"}}, {"referenced_tweets": [{"type": "quoted", "id": "1053495992585199616"}], "id": "1053497323580350464", "entities": {"urls": [{"start": 4, "end": 27, "url": "https://t.co/6JyDRYAcY2", "expanded_url": "https://twitter.com/realamberheard/status/1053495992585199616", "display_url": "twitter.com/realamberheard\u2026"}]}, "author_id": "926221085837807617", "created_at": "2018-10-20T04:05:09.000Z", "text": "Huh https://t.co/6JyDRYAcY2", "public_metrics": {"retweet_count": 0, "reply_count": 1, "like_count": 0, "quote_count": 0}, "source": "Twitter for iPhone", "lang": "und", "quoted_tweet": {"referenced_tweets": [{"type": "replied_to", "id": "1053390822991790083"}], "id": "1053495992585199616", "author_id": "807003567605227520", "entities": {"mentions": [{"start": 0, "end": 9, "username": "elonmusk", "id": "44196397"}]}, "in_reply_to_user_id": "44196397", "created_at": "2018-10-20T03:59:52.000Z", "text": "@elonmusk Doing great", "public_metrics": {"retweet_count": 17, "reply_count": 11, "like_count": 576, "quote_count": 4}, "source": "Twitter for iPhone", "lang": "en", "author": {"location": "Los Angeles, CA", "created_at": "2016-12-08T23:26:58.000Z", "profile_image_url": "https://pbs.twimg.com/profile_images/1383196364792680448/N8CdupEu_normal.jpg", "public_metrics": {"followers_count": 190361, "following_count": 220, "tweet_count": 1150, "listed_count": 566}, "url": "https://t.co/Ze18Ek9SOI", "id": "807003567605227520", "name": "Amber Heard", "username": "realamberheard", "description": "Actor and Activist, semi-professional disruptor, ice cream advocate and shameless teacup yorkie-lover"}}, "author": {"location": "Sic Parvis Magna:Fire & BIood", "created_at": "2017-11-02T22:54:49.000Z", "profile_image_url": "https://pbs.twimg.com/profile_images/1503687840093581312/qn1IAadz_normal.jpg", "public_metrics": {"followers_count": 2984, "following_count": 455, "tweet_count": 65431, "listed_count": 27}, "url": "", "id": "926221085837807617", "name": "brk \u265e", "username": "boomborks", "description": "#Dune | #Battinson | #RebelMoon vero: @boomborks"}}]