[{"referenced_tweets": [{"type": "quoted", "id": "1053112136476569601"}], "id": "1097820720732819456", "lang": "en", "text": "Throw back to when Amber was walking near my college but I never found her\ud83d\ude14 https://t.co/QwDdFgmFqt", "created_at": "2019-02-19T11:30:31.000Z", "source": "Twitter for Android", "author_id": "3349259680", "entities": {"urls": [{"start": 76, "end": 99, "url": "https://t.co/QwDdFgmFqt", "expanded_url": "https://twitter.com/realamberheard/status/1053112136476569601", "display_url": "twitter.com/realamberheard\u2026"}], "annotations": [{"start": 19, "end": 23, "probability": 0.9887, "type": "Person", "normalized_text": "Amber"}]}, "public_metrics": {"retweet_count": 0, "reply_count": 0, "like_count": 0, "quote_count": 0}, "quoted_tweet": {"id": "1053112136476569601", "lang": "en", "text": "On the way to The Hague to speak about (insert prayer emoji)..... https://t.co/bpv2X9ZPJg", "created_at": "2018-10-19T02:34:33.000Z", "source": "Twitter for iPad", "author_id": "807003567605227520", "entities": {"urls": [{"start": 66, "end": 89, "url": "https://t.co/bpv2X9ZPJg", "expanded_url": "https://twitter.com/realamberheard/status/1053112136476569601/photo/1", "display_url": "pic.twitter.com/bpv2X9ZPJg"}]}, "public_metrics": {"retweet_count": 165, "reply_count": 77, "like_count": 2365, "quote_count": 16}, "author": {"public_metrics": {"followers_count": 190361, "following_count": 220, "tweet_count": 1150, "listed_count": 566}, "created_at": "2016-12-08T23:26:58.000Z", "id": "807003567605227520", "location": "Los Angeles, CA", "name": "Amber Heard", "profile_image_url": "https://pbs.twimg.com/profile_images/1383196364792680448/N8CdupEu_normal.jpg", "username": "realamberheard", "url": "https://t.co/Ze18Ek9SOI", "description": "Actor and Activist, semi-professional disruptor, ice cream advocate and shameless teacup yorkie-lover"}}, "author": {"public_metrics": {"followers_count": 89, "following_count": 37, "tweet_count": 15748, "listed_count": 0}, "created_at": "2015-06-28T15:14:21.000Z", "id": "3349259680", "location": "Ace Chemicals", "name": "\u264e~Jeff~\u264e\u2694\ufe0fRENEW THE IRREGULARS YOU F*CKS\u2694\ufe0f", "profile_image_url": "https://pbs.twimg.com/profile_images/1484222727800164352/g39FVZjL_normal.jpg", "username": "Jeffzzzz64", "url": "https://t.co/mEEOcejyLt", "description": "Rebel Moon embracer\n\ud83c\uddfa\ud83c\udde6\u2665\ufe0f\ud83c\udf0d\nRussia should bomb their own bases to own the libs!\n\nARMYVERSE \ud83d\udcaa\ud83c\udffc\nRENEW #TheIrregulars @netflix\n\n#IStandWithRayFisher"}}, {"referenced_tweets": [{"type": "quoted", "id": "1053112136476569601"}], "id": "1078780165801590785", "lang": "en", "text": "Wow I\u2019m so in love https://t.co/J5W7v5jWPM", "created_at": "2018-12-28T22:30:08.000Z", "source": "Twitter for iPhone", "author_id": "955396994", "entities": {"urls": [{"start": 19, "end": 42, "url": "https://t.co/J5W7v5jWPM", "expanded_url": "https://twitter.com/realamberheard/status/1053112136476569601", "display_url": "twitter.com/realamberheard\u2026"}]}, "public_metrics": {"retweet_count": 0, "reply_count": 0, "like_count": 5, "quote_count": 0}, "quoted_tweet": {"id": "1053112136476569601", "lang": "en", "text": "On the way to The Hague to speak about (insert prayer emoji)..... https://t.co/bpv2X9ZPJg", "created_at": "2018-10-19T02:34:33.000Z", "source": "Twitter for iPad", "author_id": "807003567605227520", "entities": {"urls": [{"start": 66, "end": 89, "url": "https://t.co/bpv2X9ZPJg", "expanded_url": "https://twitter.com/realamberheard/status/1053112136476569601/photo/1", "display_url": "pic.twitter.com/bpv2X9ZPJg"}]}, "public_metrics": {"retweet_count": 165, "reply_count": 77, "like_count": 2365, "quote_count": 16}, "author": {"public_metrics": {"followers_count": 190361, "following_count": 220, "tweet_count": 1150, "listed_count": 566}, "created_at": "2016-12-08T23:26:58.000Z", "id": "807003567605227520", "location": "Los Angeles, CA", "name": "Amber Heard", "profile_image_url": "https://pbs.twimg.com/profile_images/1383196364792680448/N8CdupEu_normal.jpg", "username": "realamberheard", "url": "https://t.co/Ze18Ek9SOI", "description": "Actor and Activist, semi-professional disruptor, ice cream advocate and shameless teacup yorkie-lover"}}, "author": {"public_metrics": {"followers_count": 8566, "following_count": 1384, "tweet_count": 79981, "listed_count": 10}, "created_at": "2012-11-18T12:26:26.000Z", "id": "955396994", "location": "Miami, FL", "name": "samu", "profile_image_url": "https://pbs.twimg.com/profile_images/1407014053944430594/WsQjM-hp_normal.jpg", "username": "samuelzhr", "url": "", "description": "This Never Happened"}}, {"referenced_tweets": [{"type": "quoted", "id": "1053112136476569601"}], "id": "1053410548883308544", "lang": "in", "text": "Jamelik habebsi https://t.co/EcgxfUGuix", "created_at": "2018-10-19T22:20:20.000Z", "source": "Twitter for Android", "author_id": "190367929", "entities": {"urls": [{"start": 16, "end": 39, "url": "https://t.co/EcgxfUGuix", "expanded_url": "https://twitter.com/realamberheard/status/1053112136476569601", "display_url": "twitter.com/realamberheard\u2026"}]}, "public_metrics": {"retweet_count": 0, "reply_count": 0, "like_count": 1, "quote_count": 0}, "quoted_tweet": {"id": "1053112136476569601", "lang": "en", "text": "On the way to The Hague to speak about (insert prayer emoji)..... https://t.co/bpv2X9ZPJg", "created_at": "2018-10-19T02:34:33.000Z", "source": "Twitter for iPad", "author_id": "807003567605227520", "entities": {"urls": [{"start": 66, "end": 89, "url": "https://t.co/bpv2X9ZPJg", "expanded_url": "https://twitter.com/realamberheard/status/1053112136476569601/photo/1", "display_url": "pic.twitter.com/bpv2X9ZPJg"}]}, "public_metrics": {"retweet_count": 165, "reply_count": 77, "like_count": 2365, "quote_count": 16}, "author": {"public_metrics": {"followers_count": 190361, "following_count": 220, "tweet_count": 1150, "listed_count": 566}, "created_at": "2016-12-08T23:26:58.000Z", "id": "807003567605227520", "location": "Los Angeles, CA", "name": "Amber Heard", "profile_image_url": "https://pbs.twimg.com/profile_images/1383196364792680448/N8CdupEu_normal.jpg", "username": "realamberheard", "url": "https://t.co/Ze18Ek9SOI", "description": "Actor and Activist, semi-professional disruptor, ice cream advocate and shameless teacup yorkie-lover"}}, "author": {"public_metrics": {"followers_count": 408, "following_count": 187, "tweet_count": 9297, "listed_count": 7}, "created_at": "2010-09-13T19:40:30.000Z", "id": "190367929", "location": "The Red Forest.", "name": "The Tragic World of moi", "profile_image_url": "https://pbs.twimg.com/profile_images/1458095795706765314/3gP5Dmh1_normal.jpg", "username": "UGLYndDEPRESSED", "url": "", "description": "Series junkie. SWEET TOOTH. Adoptive father of 7. Figurine collector-ish. My life is a series of unfortunate events."}}, {"referenced_tweets": [{"type": "quoted", "id": "1053112136476569601"}], "id": "1053298428971794432", "lang": "en", "text": "My city!!! https://t.co/4k5YhHGwQH", "created_at": "2018-10-19T14:54:49.000Z", "source": "Twitter for Android", "author_id": "2776905541", "entities": {"urls": [{"start": 11, "end": 34, "url": "https://t.co/4k5YhHGwQH", "expanded_url": "https://twitter.com/realamberheard/status/1053112136476569601", "display_url": "twitter.com/realamberheard\u2026"}]}, "public_metrics": {"retweet_count": 0, "reply_count": 0, "like_count": 0, "quote_count": 0}, "quoted_tweet": {"id": "1053112136476569601", "lang": "en", "text": "On the way to The Hague to speak about (insert prayer emoji)..... https://t.co/bpv2X9ZPJg", "created_at": "2018-10-19T02:34:33.000Z", "source": "Twitter for iPad", "author_id": "807003567605227520", "entities": {"urls": [{"start": 66, "end": 89, "url": "https://t.co/bpv2X9ZPJg", "expanded_url": "https://twitter.com/realamberheard/status/1053112136476569601/photo/1", "display_url": "pic.twitter.com/bpv2X9ZPJg"}]}, "public_metrics": {"retweet_count": 165, "reply_count": 77, "like_count": 2365, "quote_count": 16}, "author": {"public_metrics": {"followers_count": 190361, "following_count": 220, "tweet_count": 1150, "listed_count": 566}, "created_at": "2016-12-08T23:26:58.000Z", "id": "807003567605227520", "location": "Los Angeles, CA", "name": "Amber Heard", "profile_image_url": "https://pbs.twimg.com/profile_images/1383196364792680448/N8CdupEu_normal.jpg", "username": "realamberheard", "url": "https://t.co/Ze18Ek9SOI", "description": "Actor and Activist, semi-professional disruptor, ice cream advocate and shameless teacup yorkie-lover"}}, "author": {"public_metrics": {"followers_count": 97, "following_count": 75, "tweet_count": 2872, "listed_count": 1}, "created_at": "2014-08-28T17:44:48.000Z", "id": "2776905541", "location": "Nederland", "name": "GK", "profile_image_url": "https://pbs.twimg.com/profile_images/1505635695922225153/8QHiwiJJ_normal.jpg", "username": "Justice4Arrow", "url": "", "description": "Associate Producer of #ZackSnydersJusticeLeague - 22"}}, {"referenced_tweets": [{"type": "quoted", "id": "1053112136476569601"}], "id": "1053238076447883265", "lang": "es", "text": "Quiero una chaqueta de estas \ud83d\ude1e https://t.co/sxJibFS18V", "created_at": "2018-10-19T10:55:00.000Z", "source": "Twitter Web Client", "author_id": "792460000648101888", "entities": {"urls": [{"start": 31, "end": 54, "url": "https://t.co/sxJibFS18V", "expanded_url": "https://twitter.com/realamberheard/status/1053112136476569601", "display_url": "twitter.com/realamberheard\u2026"}]}, "public_metrics": {"retweet_count": 0, "reply_count": 0, "like_count": 0, "quote_count": 0}, "quoted_tweet": {"id": "1053112136476569601", "lang": "en", "text": "On the way to The Hague to speak about (insert prayer emoji)..... https://t.co/bpv2X9ZPJg", "created_at": "2018-10-19T02:34:33.000Z", "source": "Twitter for iPad", "author_id": "807003567605227520", "entities": {"urls": [{"start": 66, "end": 89, "url": "https://t.co/bpv2X9ZPJg", "expanded_url": "https://twitter.com/realamberheard/status/1053112136476569601/photo/1", "display_url": "pic.twitter.com/bpv2X9ZPJg"}]}, "public_metrics": {"retweet_count": 165, "reply_count": 77, "like_count": 2365, "quote_count": 16}, "author": {"public_metrics": {"followers_count": 190361, "following_count": 220, "tweet_count": 1150, "listed_count": 566}, "created_at": "2016-12-08T23:26:58.000Z", "id": "807003567605227520", "location": "Los Angeles, CA", "name": "Amber Heard", "profile_image_url": "https://pbs.twimg.com/profile_images/1383196364792680448/N8CdupEu_normal.jpg", "username": "realamberheard", "url": "https://t.co/Ze18Ek9SOI", "description": "Actor and Activist, semi-professional disruptor, ice cream advocate and shameless teacup yorkie-lover"}}, "author": {"public_metrics": {"followers_count": 507, "following_count": 667, "tweet_count": 25277, "listed_count": 0}, "created_at": "2016-10-29T20:16:02.000Z", "id": "792460000648101888", "location": "C\u00e1diz, Espa\u00f1a", "name": "pim pam pum\ud83c\udf08\ud83d\udd3b", "profile_image_url": "https://pbs.twimg.com/profile_images/1411650078738092032/ZjYGDjXM_normal.jpg", "username": "digooovayaaa", "url": "", "description": "Little Monster, Antitaurina, Feminista, Roja. No soporto las injusticias, si vienes a joder, te vas jodido. \u2640"}}, {"referenced_tweets": [{"type": "quoted", "id": "1053112136476569601"}], "id": "1053233458137325568", "entities": {"hashtags": [{"start": 13, "end": 25, "tag": "BuenViernes"}, {"start": 26, "end": 37, "tag": "FelizFinde"}, {"start": 38, "end": 51, "tag": "FelizViernes"}, {"start": 52, "end": 68, "tag": "SiFueraSabadoYa"}, {"start": 69, "end": 84, "tag": "SiguemeYTeSigo"}, {"start": 85, "end": 93, "tag": "Aquaman"}], "urls": [{"start": 94, "end": 117, "url": "https://t.co/MCR2clrH7j", "expanded_url": "https://twitter.com/realamberheard/status/1053112136476569601", "display_url": "twitter.com/realamberheard\u2026"}]}, "lang": "es", "text": "Un poema...\n\n#BuenViernes #FelizFinde #FelizViernes #SiFueraSabadoYa #SiguemeYTeSigo #Aquaman https://t.co/MCR2clrH7j", "created_at": "2018-10-19T10:36:39.000Z", "source": "Twitter for Android", "author_id": "2440892274", "public_metrics": {"retweet_count": 0, "reply_count": 0, "like_count": 0, "quote_count": 0}, "quoted_tweet": {"id": "1053112136476569601", "lang": "en", "text": "On the way to The Hague to speak about (insert prayer emoji)..... https://t.co/bpv2X9ZPJg", "created_at": "2018-10-19T02:34:33.000Z", "source": "Twitter for iPad", "author_id": "807003567605227520", "entities": {"urls": [{"start": 66, "end": 89, "url": "https://t.co/bpv2X9ZPJg", "expanded_url": "https://twitter.com/realamberheard/status/1053112136476569601/photo/1", "display_url": "pic.twitter.com/bpv2X9ZPJg"}]}, "public_metrics": {"retweet_count": 165, "reply_count": 77, "like_count": 2365, "quote_count": 16}, "author": {"public_metrics": {"followers_count": 190361, "following_count": 220, "tweet_count": 1150, "listed_count": 566}, "created_at": "2016-12-08T23:26:58.000Z", "id": "807003567605227520", "location": "Los Angeles, CA", "name": "Amber Heard", "profile_image_url": "https://pbs.twimg.com/profile_images/1383196364792680448/N8CdupEu_normal.jpg", "username": "realamberheard", "url": "https://t.co/Ze18Ek9SOI", "description": "Actor and Activist, semi-professional disruptor, ice cream advocate and shameless teacup yorkie-lover"}}, "author": {"public_metrics": {"followers_count": 665, "following_count": 200, "tweet_count": 4536, "listed_count": 0}, "created_at": "2014-04-13T02:35:02.000Z", "id": "2440892274", "location": "Inframundo \ud83d\ude08", "name": "\ud83d\udc80 Tuitlantecuhtli\u2122 \ud83d\udc80", "profile_image_url": "https://pbs.twimg.com/profile_images/1052008805305933824/ltCV0I2r_normal.jpg", "username": "TUITLANTECUHTLI", "url": "", "description": "Se\u00f1or de los twitteros muertos.\n\n\ud83c\uddf2\ud83c\uddfd\n\nAn\u00e9cdotas y memorias para toda la banda."}}, {"referenced_tweets": [{"type": "quoted", "id": "1053112136476569601"}], "id": "1053164551167008768", "lang": "en", "text": "Amber Heard on Twitter https://t.co/MTFK8jJJTm", "created_at": "2018-10-19T06:02:50.000Z", "source": "Facebook", "author_id": "230858639", "entities": {"urls": [{"start": 23, "end": 46, "url": "https://t.co/MTFK8jJJTm", "expanded_url": "https://twitter.com/realamberheard/status/1053112136476569601?s=12", "display_url": "twitter.com/realamberheard\u2026"}], "annotations": [{"start": 0, "end": 4, "probability": 0.8612, "type": "Person", "normalized_text": "Amber"}, {"start": 15, "end": 21, "probability": 0.554, "type": "Product", "normalized_text": "Twitter"}]}, "public_metrics": {"retweet_count": 0, "reply_count": 0, "like_count": 1, "quote_count": 0}, "quoted_tweet": {"id": "1053112136476569601", "lang": "en", "text": "On the way to The Hague to speak about (insert prayer emoji)..... https://t.co/bpv2X9ZPJg", "created_at": "2018-10-19T02:34:33.000Z", "source": "Twitter for iPad", "author_id": "807003567605227520", "entities": {"urls": [{"start": 66, "end": 89, "url": "https://t.co/bpv2X9ZPJg", "expanded_url": "https://twitter.com/realamberheard/status/1053112136476569601/photo/1", "display_url": "pic.twitter.com/bpv2X9ZPJg"}]}, "public_metrics": {"retweet_count": 165, "reply_count": 77, "like_count": 2365, "quote_count": 16}, "author": {"public_metrics": {"followers_count": 190361, "following_count": 220, "tweet_count": 1150, "listed_count": 566}, "created_at": "2016-12-08T23:26:58.000Z", "id": "807003567605227520", "location": "Los Angeles, CA", "name": "Amber Heard", "profile_image_url": "https://pbs.twimg.com/profile_images/1383196364792680448/N8CdupEu_normal.jpg", "username": "realamberheard", "url": "https://t.co/Ze18Ek9SOI", "description": "Actor and Activist, semi-professional disruptor, ice cream advocate and shameless teacup yorkie-lover"}}, "author": {"public_metrics": {"followers_count": 1866, "following_count": 2489, "tweet_count": 155496, "listed_count": 129}, "created_at": "2010-12-26T22:33:30.000Z", "id": "230858639", "location": "The Netherlands ", "name": "FuturistSarah8.0", "profile_image_url": "https://pbs.twimg.com/profile_images/1185158122895224833/yu5oUTcp_normal.jpg", "username": "sarahsynergie", "url": "https://t.co/9NlP4Z3AQp", "description": "Expert8IR Diplomat Cosmologist ScholarshipDesigner WorldLab22 NASA/ MIT/ HonorSociety #MarcelVerweiEMBA #JimKeyes #FutureMakers #HarvardMethod #AstonMartinLover"}}, {"referenced_tweets": [{"type": "quoted", "id": "1053112136476569601"}], "id": "1053137837489577984", "lang": "en", "text": "She's so beautiful \ud83d\ude0d https://t.co/Xc1RYVo85v", "created_at": "2018-10-19T04:16:41.000Z", "source": "Twitter for Android", "author_id": "400412796", "entities": {"urls": [{"start": 21, "end": 44, "url": "https://t.co/Xc1RYVo85v", "expanded_url": "https://twitter.com/realamberheard/status/1053112136476569601", "display_url": "twitter.com/realamberheard\u2026"}]}, "public_metrics": {"retweet_count": 0, "reply_count": 0, "like_count": 0, "quote_count": 0}, "quoted_tweet": {"id": "1053112136476569601", "lang": "en", "text": "On the way to The Hague to speak about (insert prayer emoji)..... https://t.co/bpv2X9ZPJg", "created_at": "2018-10-19T02:34:33.000Z", "source": "Twitter for iPad", "author_id": "807003567605227520", "entities": {"urls": [{"start": 66, "end": 89, "url": "https://t.co/bpv2X9ZPJg", "expanded_url": "https://twitter.com/realamberheard/status/1053112136476569601/photo/1", "display_url": "pic.twitter.com/bpv2X9ZPJg"}]}, "public_metrics": {"retweet_count": 165, "reply_count": 77, "like_count": 2365, "quote_count": 16}, "author": {"public_metrics": {"followers_count": 190361, "following_count": 220, "tweet_count": 1150, "listed_count": 566}, "created_at": "2016-12-08T23:26:58.000Z", "id": "807003567605227520", "location": "Los Angeles, CA", "name": "Amber Heard", "profile_image_url": "https://pbs.twimg.com/profile_images/1383196364792680448/N8CdupEu_normal.jpg", "username": "realamberheard", "url": "https://t.co/Ze18Ek9SOI", "description": "Actor and Activist, semi-professional disruptor, ice cream advocate and shameless teacup yorkie-lover"}}, "author": {"public_metrics": {"followers_count": 408, "following_count": 1063, "tweet_count": 64827, "listed_count": 6}, "created_at": "2011-10-29T00:33:27.000Z", "id": "400412796", "name": "Bia \ud83d\udd2c\ud83c\udf08", "profile_image_url": "https://pbs.twimg.com/profile_images/838798908558016513/1KMunGtT_normal.jpg", "username": "MissBlanc423", "url": "", "description": "Venezolana viviendo en Narnia/\u26a2/ Genio, millonaria, Playboy, fil\u00e1ntropo... wait!"}}, {"referenced_tweets": [{"type": "quoted", "id": "1053112136476569601"}], "id": "1053123094238429184", "lang": "pt", "text": "gente como essa mulher consegue ser t\u00e3o linda? meu deus vc n\u00e3o cansa n\u00e3o ??? \u2764\ufe0f https://t.co/lKpfz7vs7n", "created_at": "2018-10-19T03:18:06.000Z", "source": "Twitter for iPhone", "author_id": "4035014505", "entities": {"urls": [{"start": 80, "end": 103, "url": "https://t.co/lKpfz7vs7n", "expanded_url": "https://twitter.com/realamberheard/status/1053112136476569601", "display_url": "twitter.com/realamberheard\u2026"}]}, "public_metrics": {"retweet_count": 0, "reply_count": 0, "like_count": 0, "quote_count": 0}, "quoted_tweet": {"id": "1053112136476569601", "lang": "en", "text": "On the way to The Hague to speak about (insert prayer emoji)..... https://t.co/bpv2X9ZPJg", "created_at": "2018-10-19T02:34:33.000Z", "source": "Twitter for iPad", "author_id": "807003567605227520", "entities": {"urls": [{"start": 66, "end": 89, "url": "https://t.co/bpv2X9ZPJg", "expanded_url": "https://twitter.com/realamberheard/status/1053112136476569601/photo/1", "display_url": "pic.twitter.com/bpv2X9ZPJg"}]}, "public_metrics": {"retweet_count": 165, "reply_count": 77, "like_count": 2365, "quote_count": 16}, "author": {"public_metrics": {"followers_count": 190361, "following_count": 220, "tweet_count": 1150, "listed_count": 566}, "created_at": "2016-12-08T23:26:58.000Z", "id": "807003567605227520", "location": "Los Angeles, CA", "name": "Amber Heard", "profile_image_url": "https://pbs.twimg.com/profile_images/1383196364792680448/N8CdupEu_normal.jpg", "username": "realamberheard", "url": "https://t.co/Ze18Ek9SOI", "description": "Actor and Activist, semi-professional disruptor, ice cream advocate and shameless teacup yorkie-lover"}}, "author": {"public_metrics": {"followers_count": 8523, "following_count": 8383, "tweet_count": 123618, "listed_count": 36}, "created_at": "2015-10-24T23:54:25.000Z", "id": "4035014505", "location": "selena\u2661\u0337\u0337\u02ce\u02ca\u02d7", "name": "j\u00fali\u0251", "profile_image_url": "https://pbs.twimg.com/profile_images/1485127840156819459/EYwgOVGo_normal.jpg", "username": "greysluvs", "url": "https://t.co/Wuc6K9TR2b", "description": "not pike lawson but his bitch \u2022 fan acc"}}, {"referenced_tweets": [{"type": "retweeted", "id": "1053112262280376320"}], "id": "1053118128543141889", "lang": "en", "text": "RT @worldofmera: Looking beautiful as always \ud83d\udc99 https://t.co/HU7bsHWRvz", "created_at": "2018-10-19T02:58:22.000Z", "source": "Twitter for iPhone", "author_id": "1012908450962202624", "entities": {"urls": [{"start": 47, "end": 70, "url": "https://t.co/HU7bsHWRvz", "expanded_url": "https://twitter.com/realamberheard/status/1053112136476569601", "display_url": "twitter.com/realamberheard\u2026"}]}, "public_metrics": {"retweet_count": 1, "reply_count": 0, "like_count": 0, "quote_count": 0}, "quoted_tweet": {"id": "1053112136476569601", "lang": "en", "text": "On the way to The Hague to speak about (insert prayer emoji)..... https://t.co/bpv2X9ZPJg", "created_at": "2018-10-19T02:34:33.000Z", "source": "Twitter for iPad", "author_id": "807003567605227520", "entities": {"urls": [{"start": 66, "end": 89, "url": "https://t.co/bpv2X9ZPJg", "expanded_url": "https://twitter.com/realamberheard/status/1053112136476569601/photo/1", "display_url": "pic.twitter.com/bpv2X9ZPJg"}]}, "public_metrics": {"retweet_count": 165, "reply_count": 77, "like_count": 2365, "quote_count": 16}, "author": {"public_metrics": {"followers_count": 190361, "following_count": 220, "tweet_count": 1150, "listed_count": 566}, "created_at": "2016-12-08T23:26:58.000Z", "id": "807003567605227520", "location": "Los Angeles, CA", "name": "Amber Heard", "profile_image_url": "https://pbs.twimg.com/profile_images/1383196364792680448/N8CdupEu_normal.jpg", "username": "realamberheard", "url": "https://t.co/Ze18Ek9SOI", "description": "Actor and Activist, semi-professional disruptor, ice cream advocate and shameless teacup yorkie-lover"}}, "author": {"public_metrics": {"followers_count": 1089, "following_count": 3041, "tweet_count": 63717, "listed_count": 5}, "created_at": "2018-06-30T03:59:28.000Z", "id": "1012908450962202624", "location": "Wherever i'm needed ", "name": "Spider-Man", "profile_image_url": "https://pbs.twimg.com/profile_images/1353530014155862016/B-x_c3kC_normal.jpg", "username": "AmazingSpider62", "url": "", "description": "People see me and think they're safer. But it's not really me they're seeing, Probably for the best. #Taken by @thiefblackcat_\ud83d\udda4"}}, {"referenced_tweets": [{"type": "quoted", "id": "1053112136476569601"}], "id": "1053112262280376320", "lang": "en", "text": "Looking beautiful as always \ud83d\udc99 https://t.co/HU7bsHWRvz", "created_at": "2018-10-19T02:35:03.000Z", "source": "Twitter for iPhone", "author_id": "941912731879272448", "entities": {"urls": [{"start": 30, "end": 53, "url": "https://t.co/HU7bsHWRvz", "expanded_url": "https://twitter.com/realamberheard/status/1053112136476569601", "display_url": "twitter.com/realamberheard\u2026"}]}, "public_metrics": {"retweet_count": 1, "reply_count": 0, "like_count": 12, "quote_count": 0}, "quoted_tweet": {"id": "1053112136476569601", "lang": "en", "text": "On the way to The Hague to speak about (insert prayer emoji)..... https://t.co/bpv2X9ZPJg", "created_at": "2018-10-19T02:34:33.000Z", "source": "Twitter for iPad", "author_id": "807003567605227520", "entities": {"urls": [{"start": 66, "end": 89, "url": "https://t.co/bpv2X9ZPJg", "expanded_url": "https://twitter.com/realamberheard/status/1053112136476569601/photo/1", "display_url": "pic.twitter.com/bpv2X9ZPJg"}]}, "public_metrics": {"retweet_count": 165, "reply_count": 77, "like_count": 2365, "quote_count": 16}, "author": {"public_metrics": {"followers_count": 190361, "following_count": 220, "tweet_count": 1150, "listed_count": 566}, "created_at": "2016-12-08T23:26:58.000Z", "id": "807003567605227520", "location": "Los Angeles, CA", "name": "Amber Heard", "profile_image_url": "https://pbs.twimg.com/profile_images/1383196364792680448/N8CdupEu_normal.jpg", "username": "realamberheard", "url": "https://t.co/Ze18Ek9SOI", "description": "Actor and Activist, semi-professional disruptor, ice cream advocate and shameless teacup yorkie-lover"}}, "author": {"public_metrics": {"followers_count": 3065, "following_count": 934, "tweet_count": 38826, "listed_count": 0}, "created_at": "2017-12-16T06:07:49.000Z", "id": "941912731879272448", "name": "\ud83d\udca4", "profile_image_url": "https://pbs.twimg.com/profile_images/1426788364355706884/o2uKkd-h_normal.jpg", "username": "skskkskjsimone", "url": "", "description": "u ever been tired, red? yeah :) #releasetheayercut"}}]