[{"source": "Twitter for Android", "referenced_tweets": [{"type": "quoted", "id": "1059573589647728641"}], "author_id": "1295911188", "id": "1059712598399221760", "entities": {"urls": [{"start": 11, "end": 34, "url": "https://t.co/eO1iRv6WcW", "expanded_url": "https://twitter.com/realamberheard/status/1059573589647728641", "display_url": "twitter.com/realamberheard\u2026"}]}, "created_at": "2018-11-06T07:42:26.000Z", "public_metrics": {"retweet_count": 0, "reply_count": 0, "like_count": 0, "quote_count": 0}, "text": "Yes please https://t.co/eO1iRv6WcW", "lang": "en", "quoted_tweet": {"source": "Twitter for iPhone", "author_id": "807003567605227520", "id": "1059573589647728641", "entities": {"urls": [{"start": 232, "end": 255, "url": "https://t.co/oziLQAVoDp", "expanded_url": "http://crowdrise.com/amberheard", "display_url": "crowdrise.com/amberheard"}], "hashtags": [{"start": 181, "end": 189, "tag": "Aquaman"}], "mentions": [{"start": 34, "end": 47, "username": "aquamanmovie", "id": "859174864220938241"}, {"start": 98, "end": 107, "username": "sams_usa", "id": "471737223"}]}, "created_at": "2018-11-05T22:30:04.000Z", "public_metrics": {"retweet_count": 103, "reply_count": 21, "like_count": 525, "quote_count": 5}, "text": "Join me &amp; fellow cast members @aquamanmovie premiere! Will b a blast &amp; it\u2019s all 2 support @sams_usa which helps refugee children suffering from life-threatening illnesses.\u00a0 #Aquaman Just click on the link in my bio or go to https://t.co/oziLQAVoDp", "lang": "en", "author": {"description": "Actor and Activist, semi-professional disruptor, ice cream advocate and shameless teacup yorkie-lover", "profile_image_url": "https://pbs.twimg.com/profile_images/1383196364792680448/N8CdupEu_normal.jpg", "name": "Amber Heard", "id": "807003567605227520", "created_at": "2016-12-08T23:26:58.000Z", "url": "https://t.co/Ze18Ek9SOI", "public_metrics": {"followers_count": 190361, "following_count": 220, "tweet_count": 1150, "listed_count": 566}, "location": "Los Angeles, CA", "username": "realamberheard"}}, "author": {"description": "ayia Napa reality star I write direct and star in my own plays here in Cyprus I'm still seeing a shrink after 6 months in Hollywood \ud83e\udd23", "profile_image_url": "https://pbs.twimg.com/profile_images/1357986248347029507/kG9CMYy5_normal.jpg", "name": "Mick minas", "id": "1295911188", "created_at": "2013-03-24T16:59:44.000Z", "url": "", "public_metrics": {"followers_count": 1616, "following_count": 3752, "tweet_count": 476375, "listed_count": 65}, "location": "Cyprus", "username": "MOVIESTVMAD"}}, {"source": "Twitter for Android", "entities": {"annotations": [{"start": 26, "end": 27, "probability": 0.9493, "type": "Place", "normalized_text": "US"}], "urls": [{"start": 29, "end": 52, "url": "https://t.co/BkLQxolZqt", "expanded_url": "https://twitter.com/realamberheard/status/1059573589647728641", "display_url": "twitter.com/realamberheard\u2026"}]}, "referenced_tweets": [{"type": "quoted", "id": "1059573589647728641"}], "author_id": "1035364234949869568", "id": "1059581587476467712", "created_at": "2018-11-05T23:01:51.000Z", "public_metrics": {"retweet_count": 0, "reply_count": 0, "like_count": 1, "quote_count": 0}, "text": "Oh man. Wish I was in the US https://t.co/BkLQxolZqt", "lang": "en", "quoted_tweet": {"source": "Twitter for iPhone", "author_id": "807003567605227520", "id": "1059573589647728641", "entities": {"urls": [{"start": 232, "end": 255, "url": "https://t.co/oziLQAVoDp", "expanded_url": "http://crowdrise.com/amberheard", "display_url": "crowdrise.com/amberheard"}], "hashtags": [{"start": 181, "end": 189, "tag": "Aquaman"}], "mentions": [{"start": 34, "end": 47, "username": "aquamanmovie", "id": "859174864220938241"}, {"start": 98, "end": 107, "username": "sams_usa", "id": "471737223"}]}, "created_at": "2018-11-05T22:30:04.000Z", "public_metrics": {"retweet_count": 103, "reply_count": 21, "like_count": 525, "quote_count": 5}, "text": "Join me &amp; fellow cast members @aquamanmovie premiere! Will b a blast &amp; it\u2019s all 2 support @sams_usa which helps refugee children suffering from life-threatening illnesses.\u00a0 #Aquaman Just click on the link in my bio or go to https://t.co/oziLQAVoDp", "lang": "en", "author": {"description": "Actor and Activist, semi-professional disruptor, ice cream advocate and shameless teacup yorkie-lover", "profile_image_url": "https://pbs.twimg.com/profile_images/1383196364792680448/N8CdupEu_normal.jpg", "name": "Amber Heard", "id": "807003567605227520", "created_at": "2016-12-08T23:26:58.000Z", "url": "https://t.co/Ze18Ek9SOI", "public_metrics": {"followers_count": 190361, "following_count": 220, "tweet_count": 1150, "listed_count": 566}, "location": "Los Angeles, CA", "username": "realamberheard"}}, "author": {"description": "Comic Book Worm \ud83d\udcd6\ud83e\udeb1", "profile_image_url": "https://pbs.twimg.com/profile_images/1466863741056675842/KhaDf7EE_normal.jpg", "name": "Ronan The Accuser \ud83e\udd87\ud83e\udd13\ud83c\udde6\ud83c\uddfa", "id": "1035364234949869568", "created_at": "2018-08-31T03:10:44.000Z", "url": "", "public_metrics": {"followers_count": 1703, "following_count": 1559, "tweet_count": 39600, "listed_count": 27}, "location": "Melbourne, Australia ", "username": "ComicsNerd2"}}, {"source": "Twitter for iPhone", "referenced_tweets": [{"type": "quoted", "id": "1059573589647728641"}], "author_id": "730068380602896384", "id": "1059581435156160512", "entities": {"urls": [{"start": 56, "end": 79, "url": "https://t.co/h9IK9hzFdM", "expanded_url": "https://twitter.com/realamberheard/status/1059573589647728641", "display_url": "twitter.com/realamberheard\u2026"}]}, "created_at": "2018-11-05T23:01:14.000Z", "public_metrics": {"retweet_count": 0, "reply_count": 0, "like_count": 0, "quote_count": 0}, "text": "ptm, ya estuvo que no gane, much\u00edsima gente ya dono \ud83d\ude2d\ud83d\ude2d\ud83d\ude2d https://t.co/h9IK9hzFdM", "lang": "es", "quoted_tweet": {"source": "Twitter for iPhone", "author_id": "807003567605227520", "id": "1059573589647728641", "entities": {"urls": [{"start": 232, "end": 255, "url": "https://t.co/oziLQAVoDp", "expanded_url": "http://crowdrise.com/amberheard", "display_url": "crowdrise.com/amberheard"}], "hashtags": [{"start": 181, "end": 189, "tag": "Aquaman"}], "mentions": [{"start": 34, "end": 47, "username": "aquamanmovie", "id": "859174864220938241"}, {"start": 98, "end": 107, "username": "sams_usa", "id": "471737223"}]}, "created_at": "2018-11-05T22:30:04.000Z", "public_metrics": {"retweet_count": 103, "reply_count": 21, "like_count": 525, "quote_count": 5}, "text": "Join me &amp; fellow cast members @aquamanmovie premiere! Will b a blast &amp; it\u2019s all 2 support @sams_usa which helps refugee children suffering from life-threatening illnesses.\u00a0 #Aquaman Just click on the link in my bio or go to https://t.co/oziLQAVoDp", "lang": "en", "author": {"description": "Actor and Activist, semi-professional disruptor, ice cream advocate and shameless teacup yorkie-lover", "profile_image_url": "https://pbs.twimg.com/profile_images/1383196364792680448/N8CdupEu_normal.jpg", "name": "Amber Heard", "id": "807003567605227520", "created_at": "2016-12-08T23:26:58.000Z", "url": "https://t.co/Ze18Ek9SOI", "public_metrics": {"followers_count": 190361, "following_count": 220, "tweet_count": 1150, "listed_count": 566}, "location": "Los Angeles, CA", "username": "realamberheard"}}, "author": {"description": "fangirl de las flans", "profile_image_url": "https://pbs.twimg.com/profile_images/1483082008637190151/vLyA0VXE_normal.jpg", "name": "james blonde", "id": "730068380602896384", "created_at": "2016-05-10T16:14:00.000Z", "url": "", "public_metrics": {"followers_count": 217, "following_count": 252, "tweet_count": 3836, "listed_count": 0}, "username": "pavtherad"}}]