[{"source": "Twitter Web Client", "lang": "en", "public_metrics": {"retweet_count": 0, "reply_count": 0, "like_count": 0, "quote_count": 0}, "created_at": "2018-11-06T07:53:08.000Z", "id": "1059715290886496256", "entities": {"hashtags": [{"start": 28, "end": 41, "tag": "BlueWave2018"}], "urls": [{"start": 42, "end": 65, "url": "https://t.co/msPLnJTArU", "expanded_url": "https://twitter.com/realamberheard/status/1059236315219222529", "display_url": "twitter.com/realamberheard\u2026"}], "annotations": [{"start": 17, "end": 25, "probability": 0.802, "type": "Organization", "normalized_text": "Democrats"}]}, "referenced_tweets": [{"type": "quoted", "id": "1059236315219222529"}], "text": "Yep vote for the Democrats! #BlueWave2018 https://t.co/msPLnJTArU", "author_id": "3064671053", "quoted_tweet": {"source": "Twitter for iPhone", "lang": "en", "public_metrics": {"retweet_count": 128, "reply_count": 28, "like_count": 1184, "quote_count": 5}, "created_at": "2018-11-05T00:09:51.000Z", "id": "1059236315219222529", "entities": {"urls": [{"start": 181, "end": 204, "url": "https://t.co/KM32BVbR5a", "expanded_url": "https://twitter.com/realamberheard/status/1059236315219222529/photo/1", "display_url": "pic.twitter.com/KM32BVbR5a"}]}, "text": "Don\u2019t forget we have 2 days left till this crucial election. Get out there, canvas, phone bank do all you can but most of all exercise your right to VOTE VOTE VOTE!!! November 6th! https://t.co/KM32BVbR5a", "author_id": "807003567605227520", "author": {"created_at": "2016-12-08T23:26:58.000Z", "profile_image_url": "https://pbs.twimg.com/profile_images/1383196364792680448/N8CdupEu_normal.jpg", "url": "https://t.co/Ze18Ek9SOI", "name": "Amber Heard", "location": "Los Angeles, CA", "id": "807003567605227520", "public_metrics": {"followers_count": 190361, "following_count": 220, "tweet_count": 1150, "listed_count": 566}, "description": "Actor and Activist, semi-professional disruptor, ice cream advocate and shameless teacup yorkie-lover", "username": "realamberheard"}}, "author": {"created_at": "2015-02-28T02:54:54.000Z", "profile_image_url": "https://pbs.twimg.com/profile_images/742949121938575361/2gdO8v7e_normal.jpg", "url": "", "name": "Luis Landa", "location": "Maryland, USA", "id": "3064671053", "public_metrics": {"followers_count": 697, "following_count": 1826, "tweet_count": 79023, "listed_count": 18}, "description": "I'm a huge fan of the Washington Commanders , I also like the soap DOOL and Amber Heard fan too.", "username": "1570_landa"}}, {"source": "Twitter for iPhone", "lang": "en", "public_metrics": {"retweet_count": 0, "reply_count": 0, "like_count": 0, "quote_count": 0}, "created_at": "2018-11-05T03:40:28.000Z", "id": "1059289318613831680", "entities": {"urls": [{"start": 32, "end": 55, "url": "https://t.co/Ua9lEEaq3x", "expanded_url": "https://twitter.com/realamberheard/status/1059236315219222529", "display_url": "twitter.com/realamberheard\u2026"}], "annotations": [{"start": 14, "end": 30, "probability": 0.4767, "type": "Organization", "normalized_text": "Queen of Atlantis"}]}, "referenced_tweets": [{"type": "quoted", "id": "1059236315219222529"}], "text": "Listen to the Queen of Atlantis https://t.co/Ua9lEEaq3x", "author_id": "370452926", "quoted_tweet": {"source": "Twitter for iPhone", "lang": "en", "public_metrics": {"retweet_count": 128, "reply_count": 28, "like_count": 1184, "quote_count": 5}, "created_at": "2018-11-05T00:09:51.000Z", "id": "1059236315219222529", "entities": {"urls": [{"start": 181, "end": 204, "url": "https://t.co/KM32BVbR5a", "expanded_url": "https://twitter.com/realamberheard/status/1059236315219222529/photo/1", "display_url": "pic.twitter.com/KM32BVbR5a"}]}, "text": "Don\u2019t forget we have 2 days left till this crucial election. Get out there, canvas, phone bank do all you can but most of all exercise your right to VOTE VOTE VOTE!!! November 6th! https://t.co/KM32BVbR5a", "author_id": "807003567605227520", "author": {"created_at": "2016-12-08T23:26:58.000Z", "profile_image_url": "https://pbs.twimg.com/profile_images/1383196364792680448/N8CdupEu_normal.jpg", "url": "https://t.co/Ze18Ek9SOI", "name": "Amber Heard", "location": "Los Angeles, CA", "id": "807003567605227520", "public_metrics": {"followers_count": 190361, "following_count": 220, "tweet_count": 1150, "listed_count": 566}, "description": "Actor and Activist, semi-professional disruptor, ice cream advocate and shameless teacup yorkie-lover", "username": "realamberheard"}}, "author": {"created_at": "2011-09-09T01:48:50.000Z", "profile_image_url": "https://pbs.twimg.com/profile_images/1506129079598084098/hImSHUuV_normal.jpg", "url": "https://t.co/4wtdyUzq2T", "name": "\u2665La Q\u00fcery-Tetona de Moca\u2665", "location": "Getting headpats from Seojoon", "id": "370452926", "public_metrics": {"followers_count": 389, "following_count": 879, "tweet_count": 31034, "listed_count": 3}, "description": "She/Her \ud83c\uddf5\ud83c\uddf7 \ud83c\udff3\ufe0f\u200d\ud83c\udf08 |25| Biologist-Med Student \ud83e\uddec| -\ud83c\udf43 Shinobi de la Aldea del Perreo \ud83c\udf43- Nanami Kento\u2019s #1 Hoe \ud83e\udd70", "username": "Kerisha_Sama"}}, {"source": "Twitter for Android", "lang": "pt", "public_metrics": {"retweet_count": 0, "reply_count": 0, "like_count": 1, "quote_count": 0}, "created_at": "2018-11-05T01:00:27.000Z", "id": "1059249049180749825", "entities": {"urls": [{"start": 33, "end": 56, "url": "https://t.co/WfRB2qSPgU", "expanded_url": "https://twitter.com/realamberheard/status/1059236315219222529", "display_url": "twitter.com/realamberheard\u2026"}]}, "referenced_tweets": [{"type": "quoted", "id": "1059236315219222529"}], "text": "Lembrou a senha do tt,meu anjo?! https://t.co/WfRB2qSPgU", "author_id": "260898190", "quoted_tweet": {"source": "Twitter for iPhone", "lang": "en", "public_metrics": {"retweet_count": 128, "reply_count": 28, "like_count": 1184, "quote_count": 5}, "created_at": "2018-11-05T00:09:51.000Z", "id": "1059236315219222529", "entities": {"urls": [{"start": 181, "end": 204, "url": "https://t.co/KM32BVbR5a", "expanded_url": "https://twitter.com/realamberheard/status/1059236315219222529/photo/1", "display_url": "pic.twitter.com/KM32BVbR5a"}]}, "text": "Don\u2019t forget we have 2 days left till this crucial election. Get out there, canvas, phone bank do all you can but most of all exercise your right to VOTE VOTE VOTE!!! November 6th! https://t.co/KM32BVbR5a", "author_id": "807003567605227520", "author": {"created_at": "2016-12-08T23:26:58.000Z", "profile_image_url": "https://pbs.twimg.com/profile_images/1383196364792680448/N8CdupEu_normal.jpg", "url": "https://t.co/Ze18Ek9SOI", "name": "Amber Heard", "location": "Los Angeles, CA", "id": "807003567605227520", "public_metrics": {"followers_count": 190361, "following_count": 220, "tweet_count": 1150, "listed_count": 566}, "description": "Actor and Activist, semi-professional disruptor, ice cream advocate and shameless teacup yorkie-lover", "username": "realamberheard"}}, "author": {"created_at": "2011-03-04T20:57:45.000Z", "profile_image_url": "https://pbs.twimg.com/profile_images/1506781718124150787/o62NMaS4_normal.jpg", "url": "", "name": "Mah| on happy hour\ud83c\udf79", "location": "Macap\u00e1, Brasil", "id": "260898190", "public_metrics": {"followers_count": 1567, "following_count": 398, "tweet_count": 129596, "listed_count": 15}, "description": "De p\u00e9 diante do mundo. De joelhos diante de: S\u00edlvia/Le\u00f3n Navarro,Amber Heard,Bia Arantes,Katy Perry,Melanie Zanetti,Giulio Berruti,Selton M e Mariana Ximenes\u2764", "username": "MarleneB_"}}]