[{"entities": {"urls": [{"start": 18, "end": 41, "url": "https://t.co/5fgYjdh9Ta", "expanded_url": "https://twitter.com/realamberheard/status/1060744002775982080", "display_url": "twitter.com/realamberheard\u2026"}]}, "lang": "fi", "id": "1060950942814748672", "text": "GO AWFFFFF QWUEEN https://t.co/5fgYjdh9Ta", "created_at": "2018-11-09T17:43:10.000Z", "public_metrics": {"retweet_count": 0, "reply_count": 0, "like_count": 0, "quote_count": 0}, "author_id": "2880667249", "source": "Twitter for iPhone", "referenced_tweets": [{"type": "quoted", "id": "1060744002775982080"}], "quoted_tweet": {"entities": {"urls": [{"start": 175, "end": 198, "url": "https://t.co/3XhCNDZJXs", "expanded_url": "https://twitter.com/realamberheard/status/1060744002775982080/photo/1", "display_url": "pic.twitter.com/3XhCNDZJXs"}], "mentions": [{"start": 158, "end": 174, "username": "realDonaldTrump", "id": "25073877"}], "hashtags": [{"start": 138, "end": 154, "tag": "CaravanInvasion"}]}, "lang": "en", "id": "1060744002775982080", "text": "307 mass shootings this year (btw, we\u2019re on day 312) and how many have been committed by an immigrant, \u201cillegal\u201d or not? Some threat this #CaravanInvasion is @realDonaldTrump https://t.co/3XhCNDZJXs", "created_at": "2018-11-09T04:00:52.000Z", "public_metrics": {"retweet_count": 46, "reply_count": 20, "like_count": 284, "quote_count": 1}, "author_id": "807003567605227520", "source": "Twitter for iPhone", "author": {"location": "Los Angeles, CA", "profile_image_url": "https://pbs.twimg.com/profile_images/1383196364792680448/N8CdupEu_normal.jpg", "id": "807003567605227520", "name": "Amber Heard", "created_at": "2016-12-08T23:26:58.000Z", "username": "realamberheard", "url": "https://t.co/Ze18Ek9SOI", "description": "Actor and Activist, semi-professional disruptor, ice cream advocate and shameless teacup yorkie-lover", "public_metrics": {"followers_count": 190359, "following_count": 220, "tweet_count": 1150, "listed_count": 566}}}, "author": {"profile_image_url": "https://pbs.twimg.com/profile_images/1486548643968655361/GRo9GmaB_normal.png", "id": "2880667249", "name": "\ud800\udec0 *", "created_at": "2014-10-28T10:43:41.000Z", "username": "letalisaranea", "url": "", "description": "\u2800\u2800\u2800\u2800 \u2800\u2800\u2800\u2800\u2800 \u2800\u2800\u2800\u2800 \u2800\u2800 \u2800\u2800\u2800 \u2800\u2800\u2800\u2800 \u2800\u2800\u2800\u2800 \u2800\u2800\u2800\u2800 \u2800\u2800 \u2800\u2800\u2800\u2800 \u3164 \u2800 \u3164\u2800\u2800\u3164\u3164\u3164 \u2800\u2800 \u2800\u2800\u2800 \ud835\udc11\ud835\udc0e\ud835\udc0e\ud835\udc12\ud835\udc0a\ud835\udc00\ud835\udc18\ud835\udc00. \u2800\u2800\u2800\u2800\u2800\u2800 \u2800\u2800\u2800\u2800 \u2800\u2800 \u2800\u2800\u2800\u2800 \u2800\u2800\u2800\u2800 \u2800 \u3164\u3164\u3164\u3164\u3164\u3164\u3164\u3164", "public_metrics": {"followers_count": 2278, "following_count": 694, "tweet_count": 9003, "listed_count": 19}}}]