[{"author_id": "528252815", "lang": "und", "source": "Twitter for iPhone", "entities": {"urls": [{"start": 3, "end": 26, "url": "https://t.co/ztDuhdgu8z", "expanded_url": "https://twitter.com/realamberheard/status/1060644404304723969", "display_url": "twitter.com/realamberheard\u2026"}]}, "referenced_tweets": [{"type": "quoted", "id": "1060644404304723969"}], "created_at": "2018-11-14T04:19:01.000Z", "text": "\ud83d\udd96\ud83c\udffc https://t.co/ztDuhdgu8z", "id": "1062560508081922048", "public_metrics": {"retweet_count": 0, "reply_count": 0, "like_count": 1, "quote_count": 0}, "quoted_tweet": {"author_id": "807003567605227520", "entities": {"annotations": [{"start": 1, "end": 6, "probability": 0.7529, "type": "Person", "normalized_text": "Pancho"}, {"start": 34, "end": 42, "probability": 0.345, "type": "Person", "normalized_text": "Antrapada"}], "urls": [{"start": 99, "end": 122, "url": "https://t.co/sVeXJqlhCt", "expanded_url": "https://twitter.com/realamberheard/status/1060644404304723969/photo/1", "display_url": "pic.twitter.com/sVeXJqlhCt"}], "mentions": [{"start": 85, "end": 97, "username": "eduardotogi", "id": "478299905"}]}, "lang": "en", "source": "Twitter for iPhone", "created_at": "2018-11-08T21:25:06.000Z", "text": "\u201cPancho\u201d the bad guy in the show \u2018Antrapada\u2019 is one hell of a good guy in real life \u2066@eduardotogi\u2069 https://t.co/sVeXJqlhCt", "id": "1060644404304723969", "public_metrics": {"retweet_count": 26, "reply_count": 12, "like_count": 349, "quote_count": 4}, "author": {"username": "realamberheard", "created_at": "2016-12-08T23:26:58.000Z", "profile_image_url": "https://pbs.twimg.com/profile_images/1383196364792680448/N8CdupEu_normal.jpg", "name": "Amber Heard", "public_metrics": {"followers_count": 190360, "following_count": 220, "tweet_count": 1150, "listed_count": 566}, "description": "Actor and Activist, semi-professional disruptor, ice cream advocate and shameless teacup yorkie-lover", "id": "807003567605227520", "url": "https://t.co/Ze18Ek9SOI", "location": "Los Angeles, CA"}}, "author": {"username": "tachii_rock", "created_at": "2012-03-18T07:21:04.000Z", "profile_image_url": "https://pbs.twimg.com/profile_images/1459288049519636488/NfWp0tKx_normal.jpg", "name": "TachiRock\ud80c\udc80", "public_metrics": {"followers_count": 177, "following_count": 92, "tweet_count": 7779, "listed_count": 21}, "description": "Mecanico Industrial\ud83d\udc77\ud83c\udffc\u200d\u2642\ufe0f | HiphopDancer |Jalan atthirari anni\ud83c\udf19 | Leo\u2019s Dad\ud83d\udc31 | Naturaleza\ud83c\udf43", "id": "528252815", "url": "", "location": "Tampico, Tamaulipas"}}, {"entities": {"hashtags": [{"start": 54, "end": 60, "tag": "MissU"}], "urls": [{"start": 63, "end": 86, "url": "https://t.co/DbmsKYAV8J", "expanded_url": "https://twitter.com/realamberheard/status/1060644404304723969", "display_url": "twitter.com/realamberheard\u2026"}], "mentions": [{"start": 3, "end": 15, "username": "eduardotogi", "id": "478299905"}]}, "author_id": "238189545", "lang": "en", "source": "Twitter for iPhone", "referenced_tweets": [{"type": "retweeted", "id": "1062505170490126336"}], "created_at": "2018-11-14T01:29:05.000Z", "text": "RT @eduardotogi: Thanks a lot sis, unforgettable week #MissU \ud83d\udda4 https://t.co/DbmsKYAV8J", "id": "1062517744036397056", "public_metrics": {"retweet_count": 1, "reply_count": 0, "like_count": 0, "quote_count": 0}, "quoted_tweet": {"author_id": "807003567605227520", "entities": {"annotations": [{"start": 1, "end": 6, "probability": 0.7529, "type": "Person", "normalized_text": "Pancho"}, {"start": 34, "end": 42, "probability": 0.345, "type": "Person", "normalized_text": "Antrapada"}], "urls": [{"start": 99, "end": 122, "url": "https://t.co/sVeXJqlhCt", "expanded_url": "https://twitter.com/realamberheard/status/1060644404304723969/photo/1", "display_url": "pic.twitter.com/sVeXJqlhCt"}], "mentions": [{"start": 85, "end": 97, "username": "eduardotogi", "id": "478299905"}]}, "lang": "en", "source": "Twitter for iPhone", "created_at": "2018-11-08T21:25:06.000Z", "text": "\u201cPancho\u201d the bad guy in the show \u2018Antrapada\u2019 is one hell of a good guy in real life \u2066@eduardotogi\u2069 https://t.co/sVeXJqlhCt", "id": "1060644404304723969", "public_metrics": {"retweet_count": 26, "reply_count": 12, "like_count": 349, "quote_count": 4}, "author": {"username": "realamberheard", "created_at": "2016-12-08T23:26:58.000Z", "profile_image_url": "https://pbs.twimg.com/profile_images/1383196364792680448/N8CdupEu_normal.jpg", "name": "Amber Heard", "public_metrics": {"followers_count": 190360, "following_count": 220, "tweet_count": 1150, "listed_count": 566}, "description": "Actor and Activist, semi-professional disruptor, ice cream advocate and shameless teacup yorkie-lover", "id": "807003567605227520", "url": "https://t.co/Ze18Ek9SOI", "location": "Los Angeles, CA"}}, "author": {"username": "LaLupita_", "created_at": "2011-01-14T15:39:40.000Z", "profile_image_url": "https://pbs.twimg.com/profile_images/1198353627091554305/R5wHlj6r_normal.jpg", "name": "Arianna Guadalupe", "public_metrics": {"followers_count": 223, "following_count": 391, "tweet_count": 10876, "listed_count": 2}, "description": "IG: ariannaguadalupe_", "id": "238189545", "url": ""}}, {"entities": {"hashtags": [{"start": 37, "end": 43, "tag": "MissU"}], "urls": [{"start": 46, "end": 69, "url": "https://t.co/DbmsKYAV8J", "expanded_url": "https://twitter.com/realamberheard/status/1060644404304723969", "display_url": "twitter.com/realamberheard\u2026"}]}, "author_id": "478299905", "lang": "en", "source": "Twitter for Android", "referenced_tweets": [{"type": "quoted", "id": "1060644404304723969"}], "created_at": "2018-11-14T00:39:07.000Z", "text": "Thanks a lot sis, unforgettable week #MissU \ud83d\udda4 https://t.co/DbmsKYAV8J", "id": "1062505170490126336", "public_metrics": {"retweet_count": 1, "reply_count": 0, "like_count": 6, "quote_count": 0}, "quoted_tweet": {"author_id": "807003567605227520", "entities": {"annotations": [{"start": 1, "end": 6, "probability": 0.7529, "type": "Person", "normalized_text": "Pancho"}, {"start": 34, "end": 42, "probability": 0.345, "type": "Person", "normalized_text": "Antrapada"}], "urls": [{"start": 99, "end": 122, "url": "https://t.co/sVeXJqlhCt", "expanded_url": "https://twitter.com/realamberheard/status/1060644404304723969/photo/1", "display_url": "pic.twitter.com/sVeXJqlhCt"}], "mentions": [{"start": 85, "end": 97, "username": "eduardotogi", "id": "478299905"}]}, "lang": "en", "source": "Twitter for iPhone", "created_at": "2018-11-08T21:25:06.000Z", "text": "\u201cPancho\u201d the bad guy in the show \u2018Antrapada\u2019 is one hell of a good guy in real life \u2066@eduardotogi\u2069 https://t.co/sVeXJqlhCt", "id": "1060644404304723969", "public_metrics": {"retweet_count": 26, "reply_count": 12, "like_count": 349, "quote_count": 4}, "author": {"username": "realamberheard", "created_at": "2016-12-08T23:26:58.000Z", "profile_image_url": "https://pbs.twimg.com/profile_images/1383196364792680448/N8CdupEu_normal.jpg", "name": "Amber Heard", "public_metrics": {"followers_count": 190360, "following_count": 220, "tweet_count": 1150, "listed_count": 566}, "description": "Actor and Activist, semi-professional disruptor, ice cream advocate and shameless teacup yorkie-lover", "id": "807003567605227520", "url": "https://t.co/Ze18Ek9SOI", "location": "Los Angeles, CA"}}, "author": {"username": "eduardotogi", "created_at": "2012-01-30T04:00:01.000Z", "profile_image_url": "https://pbs.twimg.com/profile_images/1459956985315557376/1Up5kFxf_normal.jpg", "name": "edwierdo togi \ud80c\udc80", "public_metrics": {"followers_count": 5810, "following_count": 813, "tweet_count": 18594, "listed_count": 19}, "description": "Actor & Cumbia Singer // my music \ud83d\udc49\ud83c\udffd https://t.co/dadswex2lT || Wild West Chronicles NOW on @primevideo || \ud83d\udce7: management@eduardotogi.com", "id": "478299905", "url": "https://t.co/wgnlc9L5eA", "location": "Los Angeles, CA"}}, {"author_id": "1057261911702732800", "lang": "en", "source": "Twitter Web Client", "entities": {"urls": [{"start": 31, "end": 54, "url": "https://t.co/4vZJjFJkK5", "expanded_url": "https://twitter.com/realamberheard/status/1060644404304723969", "display_url": "twitter.com/realamberheard\u2026"}]}, "referenced_tweets": [{"type": "quoted", "id": "1060644404304723969"}], "created_at": "2018-11-12T13:50:18.000Z", "text": "Face - Show me your bubbles )) https://t.co/4vZJjFJkK5", "id": "1061979501784190976", "public_metrics": {"retweet_count": 0, "reply_count": 0, "like_count": 0, "quote_count": 0}, "quoted_tweet": {"author_id": "807003567605227520", "entities": {"annotations": [{"start": 1, "end": 6, "probability": 0.7529, "type": "Person", "normalized_text": "Pancho"}, {"start": 34, "end": 42, "probability": 0.345, "type": "Person", "normalized_text": "Antrapada"}], "urls": [{"start": 99, "end": 122, "url": "https://t.co/sVeXJqlhCt", "expanded_url": "https://twitter.com/realamberheard/status/1060644404304723969/photo/1", "display_url": "pic.twitter.com/sVeXJqlhCt"}], "mentions": [{"start": 85, "end": 97, "username": "eduardotogi", "id": "478299905"}]}, "lang": "en", "source": "Twitter for iPhone", "created_at": "2018-11-08T21:25:06.000Z", "text": "\u201cPancho\u201d the bad guy in the show \u2018Antrapada\u2019 is one hell of a good guy in real life \u2066@eduardotogi\u2069 https://t.co/sVeXJqlhCt", "id": "1060644404304723969", "public_metrics": {"retweet_count": 26, "reply_count": 12, "like_count": 349, "quote_count": 4}, "author": {"username": "realamberheard", "created_at": "2016-12-08T23:26:58.000Z", "profile_image_url": "https://pbs.twimg.com/profile_images/1383196364792680448/N8CdupEu_normal.jpg", "name": "Amber Heard", "public_metrics": {"followers_count": 190360, "following_count": 220, "tweet_count": 1150, "listed_count": 566}, "description": "Actor and Activist, semi-professional disruptor, ice cream advocate and shameless teacup yorkie-lover", "id": "807003567605227520", "url": "https://t.co/Ze18Ek9SOI", "location": "Los Angeles, CA"}}, "author": {"username": "berGxHfnleCrbDd", "created_at": "2018-10-30T13:24:17.000Z", "profile_image_url": "https://pbs.twimg.com/profile_images/1057262618195439618/Bl7fYuiN_normal.jpg", "name": "\u0410\u043b\u0435\u043a\u0441\u0435\u0439 \u0418\u0432\u0430\u043d\u043e\u0432", "public_metrics": {"followers_count": 0, "following_count": 14, "tweet_count": 3, "listed_count": 0}, "description": "i like this", "id": "1057261911702732800", "url": "", "location": "Krasnoyarsk, Russia"}}, {"entities": {"hashtags": [{"start": 0, "end": 17, "tag": "AtrapadaEnImagen"}], "urls": [{"start": 18, "end": 41, "url": "https://t.co/9AywRA8HxU", "expanded_url": "https://twitter.com/realamberheard/status/1060644404304723969", "display_url": "twitter.com/realamberheard\u2026"}]}, "author_id": "260498775", "lang": "und", "source": "Twitter for iPhone", "referenced_tweets": [{"type": "quoted", "id": "1060644404304723969"}], "created_at": "2018-11-09T17:59:23.000Z", "text": "#AtrapadaEnImagen https://t.co/9AywRA8HxU", "id": "1060955021834153986", "public_metrics": {"retweet_count": 0, "reply_count": 0, "like_count": 0, "quote_count": 0}, "quoted_tweet": {"author_id": "807003567605227520", "entities": {"annotations": [{"start": 1, "end": 6, "probability": 0.7529, "type": "Person", "normalized_text": "Pancho"}, {"start": 34, "end": 42, "probability": 0.345, "type": "Person", "normalized_text": "Antrapada"}], "urls": [{"start": 99, "end": 122, "url": "https://t.co/sVeXJqlhCt", "expanded_url": "https://twitter.com/realamberheard/status/1060644404304723969/photo/1", "display_url": "pic.twitter.com/sVeXJqlhCt"}], "mentions": [{"start": 85, "end": 97, "username": "eduardotogi", "id": "478299905"}]}, "lang": "en", "source": "Twitter for iPhone", "created_at": "2018-11-08T21:25:06.000Z", "text": "\u201cPancho\u201d the bad guy in the show \u2018Antrapada\u2019 is one hell of a good guy in real life \u2066@eduardotogi\u2069 https://t.co/sVeXJqlhCt", "id": "1060644404304723969", "public_metrics": {"retweet_count": 26, "reply_count": 12, "like_count": 349, "quote_count": 4}, "author": {"username": "realamberheard", "created_at": "2016-12-08T23:26:58.000Z", "profile_image_url": "https://pbs.twimg.com/profile_images/1383196364792680448/N8CdupEu_normal.jpg", "name": "Amber Heard", "public_metrics": {"followers_count": 190360, "following_count": 220, "tweet_count": 1150, "listed_count": 566}, "description": "Actor and Activist, semi-professional disruptor, ice cream advocate and shameless teacup yorkie-lover", "id": "807003567605227520", "url": "https://t.co/Ze18Ek9SOI", "location": "Los Angeles, CA"}}, "author": {"username": "telenovelo", "created_at": "2011-03-04T00:33:23.000Z", "profile_image_url": "https://pbs.twimg.com/profile_images/760653987959844864/T8MpRTZ1_normal.jpg", "name": "Telenovelo \ud83d\udc90", "public_metrics": {"followers_count": 6984, "following_count": 340, "tweet_count": 107011, "listed_count": 40}, "description": "El Pe\u00f1\u00f3n de la Esperanza", "id": "260498775", "url": "", "location": "Monterrey, Nuevo Le\u00f3n"}}]