[{"author_id": "764700822768758784", "created_at": "2018-11-10T19:06:57.000Z", "referenced_tweets": [{"type": "retweeted", "id": "1060888102061985793"}], "source": "Twitter for Android", "text": "RT @hallowdmaiden: This is hard to read coming from you, because \"powerful\" in your eyes is equated to hitting people. So...I can see how T\u2026", "id": "1061334413328502787", "public_metrics": {"retweet_count": 3, "reply_count": 0, "like_count": 0, "quote_count": 0}, "lang": "en", "quoted_tweet": {"author_id": "807003567605227520", "created_at": "2018-11-07T19:33:51.000Z", "source": "Twitter for iPhone", "text": "Powerful women are always seen as inherently threatening. Apply the same characteristics to a man, it is seen as admirable yet on a women, scary. Why? https://t.co/E17oEEFaSf", "id": "1060254018004570113", "public_metrics": {"retweet_count": 44, "reply_count": 26, "like_count": 234, "quote_count": 5}, "lang": "en", "entities": {"urls": [{"start": 151, "end": 174, "url": "https://t.co/E17oEEFaSf", "expanded_url": "https://www.theatlantic.com/magazine/archive/2018/04/the-nancy-pelosi-problem/554048/", "display_url": "theatlantic.com/magazine/archi\u2026", "images": [{"url": "https://pbs.twimg.com/news_img/1443677449276084231/9A4N8YKj?format=jpg&name=orig", "width": 960, "height": 500}, {"url": "https://pbs.twimg.com/news_img/1443677449276084231/9A4N8YKj?format=jpg&name=150x150", "width": 150, "height": 150}], "status": 200, "title": "The Nancy Pelosi Problem", "description": "The first female speaker of the House has become the most effective congressional leader of modern times\u2014and, not coincidentally, the most vilified.", "unwound_url": "https://www.theatlantic.com/magazine/archive/2018/04/the-nancy-pelosi-problem/554048/"}]}, "author": {"created_at": "2016-12-08T23:26:58.000Z", "name": "Amber Heard", "id": "807003567605227520", "description": "Actor and Activist, semi-professional disruptor, ice cream advocate and shameless teacup yorkie-lover", "profile_image_url": "https://pbs.twimg.com/profile_images/1383196364792680448/N8CdupEu_normal.jpg", "url": "https://t.co/Ze18Ek9SOI", "location": "Los Angeles, CA", "public_metrics": {"followers_count": 190361, "following_count": 220, "tweet_count": 1150, "listed_count": 566}, "username": "realamberheard"}}, "author": {"created_at": "2016-08-14T05:50:58.000Z", "name": "ForDaMik\ud83c\udf69\u2696\ufe0f\u26a1\ud83c\udf49#JohnnyDeppIsInnocent #Justice", "id": "764700822768758784", "description": "Believer in Jesuschrist. I demand respect for all animals. Master degree. La familia \ud83d\udc95Depression is real. \ud83c\udde9\ud83c\uddeaI believe JohnnyDeppINNOCENT. Discord #8630", "profile_image_url": "https://pbs.twimg.com/profile_images/1502638192780005379/iJ_pqmgk_normal.jpg", "url": "", "location": "#JusticeForJohnnyDepp ", "public_metrics": {"followers_count": 1751, "following_count": 3961, "tweet_count": 46519, "listed_count": 7}, "username": "KarMarDanMik"}}, {"author_id": "939220711339646976", "created_at": "2018-11-10T01:06:03.000Z", "referenced_tweets": [{"type": "retweeted", "id": "1060888102061985793"}], "source": "Twitter for iPhone", "text": "RT @hallowdmaiden: This is hard to read coming from you, because \"powerful\" in your eyes is equated to hitting people. So...I can see how T\u2026", "id": "1061062394443714561", "public_metrics": {"retweet_count": 3, "reply_count": 0, "like_count": 0, "quote_count": 0}, "lang": "en", "quoted_tweet": {"author_id": "807003567605227520", "created_at": "2018-11-07T19:33:51.000Z", "source": "Twitter for iPhone", "text": "Powerful women are always seen as inherently threatening. Apply the same characteristics to a man, it is seen as admirable yet on a women, scary. Why? https://t.co/E17oEEFaSf", "id": "1060254018004570113", "public_metrics": {"retweet_count": 44, "reply_count": 26, "like_count": 234, "quote_count": 5}, "lang": "en", "entities": {"urls": [{"start": 151, "end": 174, "url": "https://t.co/E17oEEFaSf", "expanded_url": "https://www.theatlantic.com/magazine/archive/2018/04/the-nancy-pelosi-problem/554048/", "display_url": "theatlantic.com/magazine/archi\u2026", "images": [{"url": "https://pbs.twimg.com/news_img/1443677449276084231/9A4N8YKj?format=jpg&name=orig", "width": 960, "height": 500}, {"url": "https://pbs.twimg.com/news_img/1443677449276084231/9A4N8YKj?format=jpg&name=150x150", "width": 150, "height": 150}], "status": 200, "title": "The Nancy Pelosi Problem", "description": "The first female speaker of the House has become the most effective congressional leader of modern times\u2014and, not coincidentally, the most vilified.", "unwound_url": "https://www.theatlantic.com/magazine/archive/2018/04/the-nancy-pelosi-problem/554048/"}]}, "author": {"created_at": "2016-12-08T23:26:58.000Z", "name": "Amber Heard", "id": "807003567605227520", "description": "Actor and Activist, semi-professional disruptor, ice cream advocate and shameless teacup yorkie-lover", "profile_image_url": "https://pbs.twimg.com/profile_images/1383196364792680448/N8CdupEu_normal.jpg", "url": "https://t.co/Ze18Ek9SOI", "location": "Los Angeles, CA", "public_metrics": {"followers_count": 190361, "following_count": 220, "tweet_count": 1150, "listed_count": 566}, "username": "realamberheard"}}, "author": {"created_at": "2017-12-08T19:50:42.000Z", "name": "Patr\u00edcia Costa", "id": "939220711339646976", "description": "", "profile_image_url": "https://pbs.twimg.com/profile_images/939253775189053440/_ru-nbk8_normal.jpg", "url": "", "public_metrics": {"followers_count": 42, "following_count": 166, "tweet_count": 9047, "listed_count": 0}, "username": "Pattttcostta"}}, {"author_id": "230798089", "created_at": "2018-11-09T16:58:46.000Z", "referenced_tweets": [{"type": "retweeted", "id": "1060888102061985793"}], "source": "Twitter for iPhone", "text": "RT @hallowdmaiden: This is hard to read coming from you, because \"powerful\" in your eyes is equated to hitting people. So...I can see how T\u2026", "id": "1060939768589099008", "public_metrics": {"retweet_count": 3, "reply_count": 0, "like_count": 0, "quote_count": 0}, "lang": "en", "quoted_tweet": {"author_id": "807003567605227520", "created_at": "2018-11-07T19:33:51.000Z", "source": "Twitter for iPhone", "text": "Powerful women are always seen as inherently threatening. Apply the same characteristics to a man, it is seen as admirable yet on a women, scary. Why? https://t.co/E17oEEFaSf", "id": "1060254018004570113", "public_metrics": {"retweet_count": 44, "reply_count": 26, "like_count": 234, "quote_count": 5}, "lang": "en", "entities": {"urls": [{"start": 151, "end": 174, "url": "https://t.co/E17oEEFaSf", "expanded_url": "https://www.theatlantic.com/magazine/archive/2018/04/the-nancy-pelosi-problem/554048/", "display_url": "theatlantic.com/magazine/archi\u2026", "images": [{"url": "https://pbs.twimg.com/news_img/1443677449276084231/9A4N8YKj?format=jpg&name=orig", "width": 960, "height": 500}, {"url": "https://pbs.twimg.com/news_img/1443677449276084231/9A4N8YKj?format=jpg&name=150x150", "width": 150, "height": 150}], "status": 200, "title": "The Nancy Pelosi Problem", "description": "The first female speaker of the House has become the most effective congressional leader of modern times\u2014and, not coincidentally, the most vilified.", "unwound_url": "https://www.theatlantic.com/magazine/archive/2018/04/the-nancy-pelosi-problem/554048/"}]}, "author": {"created_at": "2016-12-08T23:26:58.000Z", "name": "Amber Heard", "id": "807003567605227520", "description": "Actor and Activist, semi-professional disruptor, ice cream advocate and shameless teacup yorkie-lover", "profile_image_url": "https://pbs.twimg.com/profile_images/1383196364792680448/N8CdupEu_normal.jpg", "url": "https://t.co/Ze18Ek9SOI", "location": "Los Angeles, CA", "public_metrics": {"followers_count": 190361, "following_count": 220, "tweet_count": 1150, "listed_count": 566}, "username": "realamberheard"}}, "author": {"created_at": "2010-12-26T18:20:43.000Z", "name": "Ivelina", "id": "230798089", "description": "Fiction keeps me sane in this insane world. #justiceforjohnnydepp", "profile_image_url": "https://pbs.twimg.com/profile_images/1326276558403768321/nWwG21MP_normal.png", "url": "", "public_metrics": {"followers_count": 1146, "following_count": 1135, "tweet_count": 31890, "listed_count": 22}, "username": "vani_echelon"}}, {"author_id": "2465079218", "created_at": "2018-11-09T13:33:28.000Z", "referenced_tweets": [{"type": "quoted", "id": "1060254018004570113"}], "source": "Twitter Web Client", "text": "This is hard to read coming from you, because \"powerful\" in your eyes is equated to hitting people. So...I can see how THAT might be threatening. https://t.co/KL5sQwULJz", "id": "1060888102061985793", "public_metrics": {"retweet_count": 3, "reply_count": 1, "like_count": 8, "quote_count": 0}, "lang": "en", "entities": {"urls": [{"start": 146, "end": 169, "url": "https://t.co/KL5sQwULJz", "expanded_url": "https://twitter.com/realamberheard/status/1060254018004570113", "display_url": "twitter.com/realamberheard\u2026"}]}, "quoted_tweet": {"author_id": "807003567605227520", "created_at": "2018-11-07T19:33:51.000Z", "source": "Twitter for iPhone", "text": "Powerful women are always seen as inherently threatening. Apply the same characteristics to a man, it is seen as admirable yet on a women, scary. Why? https://t.co/E17oEEFaSf", "id": "1060254018004570113", "public_metrics": {"retweet_count": 44, "reply_count": 26, "like_count": 234, "quote_count": 5}, "lang": "en", "entities": {"urls": [{"start": 151, "end": 174, "url": "https://t.co/E17oEEFaSf", "expanded_url": "https://www.theatlantic.com/magazine/archive/2018/04/the-nancy-pelosi-problem/554048/", "display_url": "theatlantic.com/magazine/archi\u2026", "images": [{"url": "https://pbs.twimg.com/news_img/1443677449276084231/9A4N8YKj?format=jpg&name=orig", "width": 960, "height": 500}, {"url": "https://pbs.twimg.com/news_img/1443677449276084231/9A4N8YKj?format=jpg&name=150x150", "width": 150, "height": 150}], "status": 200, "title": "The Nancy Pelosi Problem", "description": "The first female speaker of the House has become the most effective congressional leader of modern times\u2014and, not coincidentally, the most vilified.", "unwound_url": "https://www.theatlantic.com/magazine/archive/2018/04/the-nancy-pelosi-problem/554048/"}]}, "author": {"created_at": "2016-12-08T23:26:58.000Z", "name": "Amber Heard", "id": "807003567605227520", "description": "Actor and Activist, semi-professional disruptor, ice cream advocate and shameless teacup yorkie-lover", "profile_image_url": "https://pbs.twimg.com/profile_images/1383196364792680448/N8CdupEu_normal.jpg", "url": "https://t.co/Ze18Ek9SOI", "location": "Los Angeles, CA", "public_metrics": {"followers_count": 190361, "following_count": 220, "tweet_count": 1150, "listed_count": 566}, "username": "realamberheard"}}, "author": {"created_at": "2014-04-26T20:16:57.000Z", "name": "not haley", "id": "2465079218", "description": "classic lara croft supremacy. i fucking love you for hating me. wife to noodle. #justiceforjohnnydepp #justiceforsurvivors #istandwithjkrowling", "profile_image_url": "https://pbs.twimg.com/profile_images/1506624478310191113/EEpjan86_normal.jpg", "url": "https://t.co/imzbQnpaXH", "location": "on the precipice.", "public_metrics": {"followers_count": 1594, "following_count": 223, "tweet_count": 37208, "listed_count": 3}, "username": "reineyelah"}}, {"author_id": "1527469560", "created_at": "2018-11-08T10:10:31.000Z", "referenced_tweets": [{"type": "quoted", "id": "1060254018004570113"}], "source": "Twitter for iPhone", "text": "Because men are afraid of women especially of strong and powerful women\n\nSexism, misogyny and patriarchy must be DEMOLISHED and ERADICATED from this world https://t.co/1DxJRclliG", "id": "1060474638642372608", "public_metrics": {"retweet_count": 0, "reply_count": 0, "like_count": 3, "quote_count": 0}, "lang": "en", "entities": {"urls": [{"start": 155, "end": 178, "url": "https://t.co/1DxJRclliG", "expanded_url": "https://twitter.com/realamberheard/status/1060254018004570113", "display_url": "twitter.com/realamberheard\u2026"}]}, "quoted_tweet": {"author_id": "807003567605227520", "created_at": "2018-11-07T19:33:51.000Z", "source": "Twitter for iPhone", "text": "Powerful women are always seen as inherently threatening. Apply the same characteristics to a man, it is seen as admirable yet on a women, scary. Why? https://t.co/E17oEEFaSf", "id": "1060254018004570113", "public_metrics": {"retweet_count": 44, "reply_count": 26, "like_count": 234, "quote_count": 5}, "lang": "en", "entities": {"urls": [{"start": 151, "end": 174, "url": "https://t.co/E17oEEFaSf", "expanded_url": "https://www.theatlantic.com/magazine/archive/2018/04/the-nancy-pelosi-problem/554048/", "display_url": "theatlantic.com/magazine/archi\u2026", "images": [{"url": "https://pbs.twimg.com/news_img/1443677449276084231/9A4N8YKj?format=jpg&name=orig", "width": 960, "height": 500}, {"url": "https://pbs.twimg.com/news_img/1443677449276084231/9A4N8YKj?format=jpg&name=150x150", "width": 150, "height": 150}], "status": 200, "title": "The Nancy Pelosi Problem", "description": "The first female speaker of the House has become the most effective congressional leader of modern times\u2014and, not coincidentally, the most vilified.", "unwound_url": "https://www.theatlantic.com/magazine/archive/2018/04/the-nancy-pelosi-problem/554048/"}]}, "author": {"created_at": "2016-12-08T23:26:58.000Z", "name": "Amber Heard", "id": "807003567605227520", "description": "Actor and Activist, semi-professional disruptor, ice cream advocate and shameless teacup yorkie-lover", "profile_image_url": "https://pbs.twimg.com/profile_images/1383196364792680448/N8CdupEu_normal.jpg", "url": "https://t.co/Ze18Ek9SOI", "location": "Los Angeles, CA", "public_metrics": {"followers_count": 190361, "following_count": 220, "tweet_count": 1150, "listed_count": 566}, "username": "realamberheard"}}, "author": {"created_at": "2013-06-18T11:16:57.000Z", "name": "Irma", "id": "1527469560", "description": "Feminist Liberal Women Rights Advocate #MeToo #TimesUp Pro-Choice #BlackLivesMatter // Michelle Williams Brie Larson Leonardo DiCaprio", "profile_image_url": "https://pbs.twimg.com/profile_images/1383757376726048771/8EY4DIbq_normal.jpg", "url": "", "public_metrics": {"followers_count": 305, "following_count": 776, "tweet_count": 29507, "listed_count": 11}, "username": "IrWayLiberal"}}, {"author_id": "1295911188", "created_at": "2018-11-07T19:38:10.000Z", "referenced_tweets": [{"type": "quoted", "id": "1060254018004570113"}], "source": "Twitter for Android", "text": "No Amber that's not true https://t.co/kRUz5N8jHl", "id": "1060255105579171840", "public_metrics": {"retweet_count": 0, "reply_count": 0, "like_count": 0, "quote_count": 0}, "entities": {"annotations": [{"start": 3, "end": 7, "probability": 0.6205, "type": "Person", "normalized_text": "Amber"}], "urls": [{"start": 25, "end": 48, "url": "https://t.co/kRUz5N8jHl", "expanded_url": "https://twitter.com/realamberheard/status/1060254018004570113", "display_url": "twitter.com/realamberheard\u2026"}]}, "lang": "en", "quoted_tweet": {"author_id": "807003567605227520", "created_at": "2018-11-07T19:33:51.000Z", "source": "Twitter for iPhone", "text": "Powerful women are always seen as inherently threatening. Apply the same characteristics to a man, it is seen as admirable yet on a women, scary. Why? https://t.co/E17oEEFaSf", "id": "1060254018004570113", "public_metrics": {"retweet_count": 44, "reply_count": 26, "like_count": 234, "quote_count": 5}, "lang": "en", "entities": {"urls": [{"start": 151, "end": 174, "url": "https://t.co/E17oEEFaSf", "expanded_url": "https://www.theatlantic.com/magazine/archive/2018/04/the-nancy-pelosi-problem/554048/", "display_url": "theatlantic.com/magazine/archi\u2026", "images": [{"url": "https://pbs.twimg.com/news_img/1443677449276084231/9A4N8YKj?format=jpg&name=orig", "width": 960, "height": 500}, {"url": "https://pbs.twimg.com/news_img/1443677449276084231/9A4N8YKj?format=jpg&name=150x150", "width": 150, "height": 150}], "status": 200, "title": "The Nancy Pelosi Problem", "description": "The first female speaker of the House has become the most effective congressional leader of modern times\u2014and, not coincidentally, the most vilified.", "unwound_url": "https://www.theatlantic.com/magazine/archive/2018/04/the-nancy-pelosi-problem/554048/"}]}, "author": {"created_at": "2016-12-08T23:26:58.000Z", "name": "Amber Heard", "id": "807003567605227520", "description": "Actor and Activist, semi-professional disruptor, ice cream advocate and shameless teacup yorkie-lover", "profile_image_url": "https://pbs.twimg.com/profile_images/1383196364792680448/N8CdupEu_normal.jpg", "url": "https://t.co/Ze18Ek9SOI", "location": "Los Angeles, CA", "public_metrics": {"followers_count": 190361, "following_count": 220, "tweet_count": 1150, "listed_count": 566}, "username": "realamberheard"}}, "author": {"created_at": "2013-03-24T16:59:44.000Z", "name": "Mick minas", "id": "1295911188", "description": "ayia Napa reality star I write direct and star in my own plays here in Cyprus I'm still seeing a shrink after 6 months in Hollywood \ud83e\udd23", "profile_image_url": "https://pbs.twimg.com/profile_images/1357986248347029507/kG9CMYy5_normal.jpg", "url": "", "location": "Cyprus", "public_metrics": {"followers_count": 1616, "following_count": 3752, "tweet_count": 476375, "listed_count": 65}, "username": "MOVIESTVMAD"}}, {"author_id": "964387557558468608", "created_at": "2018-11-07T19:34:07.000Z", "referenced_tweets": [{"type": "quoted", "id": "1060254018004570113"}], "source": "Twitter Web Client", "text": "Need a beautiful website for your new company? \nPlease contact here https://t.co/4MiXq8vkQu https://t.co/9reFwBsYnw", "id": "1060254085293600768", "public_metrics": {"retweet_count": 0, "reply_count": 0, "like_count": 0, "quote_count": 0}, "lang": "en", "entities": {"urls": [{"start": 68, "end": 91, "url": "https://t.co/4MiXq8vkQu", "expanded_url": "https://www.fiverr.com/joy_chandra95/build-single-page-responsive-website-using-bootstrap", "display_url": "fiverr.com/joy_chandra95/\u2026"}, {"start": 92, "end": 115, "url": "https://t.co/9reFwBsYnw", "expanded_url": "https://twitter.com/realamberheard/status/1060254018004570113", "display_url": "twitter.com/realamberheard\u2026"}]}, "quoted_tweet": {"author_id": "807003567605227520", "created_at": "2018-11-07T19:33:51.000Z", "source": "Twitter for iPhone", "text": "Powerful women are always seen as inherently threatening. Apply the same characteristics to a man, it is seen as admirable yet on a women, scary. Why? https://t.co/E17oEEFaSf", "id": "1060254018004570113", "public_metrics": {"retweet_count": 44, "reply_count": 26, "like_count": 234, "quote_count": 5}, "lang": "en", "entities": {"urls": [{"start": 151, "end": 174, "url": "https://t.co/E17oEEFaSf", "expanded_url": "https://www.theatlantic.com/magazine/archive/2018/04/the-nancy-pelosi-problem/554048/", "display_url": "theatlantic.com/magazine/archi\u2026", "images": [{"url": "https://pbs.twimg.com/news_img/1443677449276084231/9A4N8YKj?format=jpg&name=orig", "width": 960, "height": 500}, {"url": "https://pbs.twimg.com/news_img/1443677449276084231/9A4N8YKj?format=jpg&name=150x150", "width": 150, "height": 150}], "status": 200, "title": "The Nancy Pelosi Problem", "description": "The first female speaker of the House has become the most effective congressional leader of modern times\u2014and, not coincidentally, the most vilified.", "unwound_url": "https://www.theatlantic.com/magazine/archive/2018/04/the-nancy-pelosi-problem/554048/"}]}, "author": {"created_at": "2016-12-08T23:26:58.000Z", "name": "Amber Heard", "id": "807003567605227520", "description": "Actor and Activist, semi-professional disruptor, ice cream advocate and shameless teacup yorkie-lover", "profile_image_url": "https://pbs.twimg.com/profile_images/1383196364792680448/N8CdupEu_normal.jpg", "url": "https://t.co/Ze18Ek9SOI", "location": "Los Angeles, CA", "public_metrics": {"followers_count": 190361, "following_count": 220, "tweet_count": 1150, "listed_count": 566}, "username": "realamberheard"}}, "author": {"created_at": "2018-02-16T06:34:45.000Z", "name": "Tanzeer Ahmed", "id": "964387557558468608", "description": "Hello,\nI'm Tanzeer.\nI'm a professional web developer.", "profile_image_url": "https://pbs.twimg.com/profile_images/1452878914372657153/ANeqzjW8_normal.jpg", "url": "", "location": "Dhaka, Bangladesh", "public_metrics": {"followers_count": 228, "following_count": 2397, "tweet_count": 1121, "listed_count": 0}, "username": "Tanzeer_95"}}]