[{"referenced_tweets": [{"type": "quoted", "id": "1061719898114600960"}], "id": "1061830753414234114", "entities": {"hashtags": [{"start": 77, "end": 86, "tag": "campfire"}, {"start": 87, "end": 100, "tag": "ParadiseFire"}], "urls": [{"start": 223, "end": 246, "url": "https://t.co/dfBWtGpKPq", "expanded_url": "https://twitter.com/realamberheard/status/1061719898114600960", "display_url": "twitter.com/realamberheard\u2026"}], "annotations": [{"start": 213, "end": 215, "probability": 0.9528, "type": "Other", "normalized_text": "God"}]}, "lang": "en", "text": "I donated come on guys if I can find some money to help all you can help too #campfire #ParadiseFire these firefighters are working so hard around the clock they need us please please give thank you as in advance God bless https://t.co/dfBWtGpKPq", "created_at": "2018-11-12T03:59:14.000Z", "source": "Twitter for iPhone", "author_id": "58383873", "public_metrics": {"retweet_count": 0, "reply_count": 0, "like_count": 0, "quote_count": 0}, "quoted_tweet": {"entities": {"mentions": [{"start": 121, "end": 133, "username": "CAFireFound", "id": "707577738"}], "hashtags": [{"start": 161, "end": 170, "tag": "CampFire"}, {"start": 171, "end": 180, "tag": "HillFire"}, {"start": 181, "end": 193, "tag": "WoolseyFire"}], "urls": [{"start": 137, "end": 160, "url": "https://t.co/J5R9X6hEvs", "expanded_url": "http://cafirefoundation.org", "display_url": "cafirefoundation.org"}]}, "id": "1061719898114600960", "lang": "en", "text": "Thousands of firefighters are bravely battling 3 wildfires and getting people to safety. Help support them and donate to @CAFireFound at https://t.co/J5R9X6hEvs #CampFire #HillFire #WoolseyFire", "created_at": "2018-11-11T20:38:44.000Z", "source": "Twitter for iPhone", "author_id": "807003567605227520", "public_metrics": {"retweet_count": 50, "reply_count": 5, "like_count": 201, "quote_count": 1}, "author": {"public_metrics": {"followers_count": 190359, "following_count": 220, "tweet_count": 1150, "listed_count": 566}, "created_at": "2016-12-08T23:26:58.000Z", "id": "807003567605227520", "location": "Los Angeles, CA", "name": "Amber Heard", "profile_image_url": "https://pbs.twimg.com/profile_images/1383196364792680448/N8CdupEu_normal.jpg", "username": "realamberheard", "url": "https://t.co/Ze18Ek9SOI", "description": "Actor and Activist, semi-professional disruptor, ice cream advocate and shameless teacup yorkie-lover"}}, "author": {"public_metrics": {"followers_count": 3725, "following_count": 4979, "tweet_count": 26024, "listed_count": 4}, "created_at": "2009-07-20T04:00:44.000Z", "id": "58383873", "location": "Decatur, AL", "name": "MsKittyResist #IGotVaccinated", "profile_image_url": "https://pbs.twimg.com/profile_images/1466886832751325186/5RVmTdN-_normal.jpg", "username": "MsKittyresist", "url": "", "description": "#ChronicPainIsHell \ud83c\udf0a\ud83c\udf0a#MomTo3 \ud83e\udd8b #MemeTo7 \ud83e\udd8b#Covid19IsNotAHoax #ThisIsOurShot #resistance #FBR #getvaccinated #FoxIsNotNews #WeCanDoThisTogether"}}]