[{"public_metrics": {"retweet_count": 0, "reply_count": 0, "like_count": 0, "quote_count": 0}, "author_id": "3064671053", "lang": "en", "source": "Twitter Web Client", "created_at": "2018-11-26T08:47:37.000Z", "referenced_tweets": [{"type": "quoted", "id": "1066847422809284610"}], "id": "1066976757373390848", "entities": {"urls": [{"start": 37, "end": 60, "url": "https://t.co/GDhV2TH3Zg", "expanded_url": "https://twitter.com/realamberheard/status/1066847422809284610", "display_url": "twitter.com/realamberheard\u2026"}]}, "text": "I love it when you write in Spanish! https://t.co/GDhV2TH3Zg", "quoted_tweet": {"public_metrics": {"retweet_count": 50, "reply_count": 10, "like_count": 312, "quote_count": 2}, "author_id": "807003567605227520", "lang": "es", "source": "Twitter for iPhone", "created_at": "2018-11-26T00:13:41.000Z", "referenced_tweets": [{"type": "quoted", "id": "1066842211084627968"}], "id": "1066847422809284610", "entities": {"urls": [{"start": 81, "end": 104, "url": "https://t.co/8J0q0M6wrS", "expanded_url": "https://twitter.com/AOC/status/1066842211084627968", "display_url": "twitter.com/AOC/status/106\u2026"}]}, "text": "Ser un refugio no es lo mismo ser un criminal. Por que han sido tratados igual ? https://t.co/8J0q0M6wrS", "author": {"name": "Amber Heard", "profile_image_url": "https://pbs.twimg.com/profile_images/1383196364792680448/N8CdupEu_normal.jpg", "created_at": "2016-12-08T23:26:58.000Z", "description": "Actor and Activist, semi-professional disruptor, ice cream advocate and shameless teacup yorkie-lover", "public_metrics": {"followers_count": 190359, "following_count": 220, "tweet_count": 1150, "listed_count": 566}, "location": "Los Angeles, CA", "id": "807003567605227520", "username": "realamberheard", "url": "https://t.co/Ze18Ek9SOI"}}, "author": {"name": "Luis Landa", "profile_image_url": "https://pbs.twimg.com/profile_images/742949121938575361/2gdO8v7e_normal.jpg", "created_at": "2015-02-28T02:54:54.000Z", "description": "I'm a huge fan of the Washington Commanders , I also like the soap DOOL and Amber Heard fan too.", "public_metrics": {"followers_count": 697, "following_count": 1826, "tweet_count": 79023, "listed_count": 18}, "location": "Maryland, USA", "id": "3064671053", "username": "1570_landa", "url": ""}}, {"entities": {"mentions": [{"start": 20, "end": 35, "username": "realamberheard", "id": "807003567605227520"}], "urls": [{"start": 36, "end": 59, "url": "https://t.co/siiZyYJW11", "expanded_url": "https://twitter.com/realamberheard/status/1066847422809284610", "display_url": "twitter.com/realamberheard\u2026"}]}, "public_metrics": {"retweet_count": 0, "reply_count": 0, "like_count": 1, "quote_count": 0}, "author_id": "938557106105520128", "lang": "es", "source": "Twitter for iPad", "created_at": "2018-11-26T00:17:52.000Z", "referenced_tweets": [{"type": "quoted", "id": "1066847422809284610"}], "id": "1066848474598125568", "text": "Amare por siempre a @realamberheard https://t.co/siiZyYJW11", "quoted_tweet": {"public_metrics": {"retweet_count": 50, "reply_count": 10, "like_count": 312, "quote_count": 2}, "author_id": "807003567605227520", "lang": "es", "source": "Twitter for iPhone", "created_at": "2018-11-26T00:13:41.000Z", "referenced_tweets": [{"type": "quoted", "id": "1066842211084627968"}], "id": "1066847422809284610", "entities": {"urls": [{"start": 81, "end": 104, "url": "https://t.co/8J0q0M6wrS", "expanded_url": "https://twitter.com/AOC/status/1066842211084627968", "display_url": "twitter.com/AOC/status/106\u2026"}]}, "text": "Ser un refugio no es lo mismo ser un criminal. Por que han sido tratados igual ? https://t.co/8J0q0M6wrS", "author": {"name": "Amber Heard", "profile_image_url": "https://pbs.twimg.com/profile_images/1383196364792680448/N8CdupEu_normal.jpg", "created_at": "2016-12-08T23:26:58.000Z", "description": "Actor and Activist, semi-professional disruptor, ice cream advocate and shameless teacup yorkie-lover", "public_metrics": {"followers_count": 190359, "following_count": 220, "tweet_count": 1150, "listed_count": 566}, "location": "Los Angeles, CA", "id": "807003567605227520", "username": "realamberheard", "url": "https://t.co/Ze18Ek9SOI"}}, "author": {"name": "Miguel Hidalgo", "profile_image_url": "https://pbs.twimg.com/profile_images/1462898446965301252/cI4_dk6M_normal.jpg", "created_at": "2017-12-06T23:53:46.000Z", "description": "Founder @deportes100x35, \ud83c\udf93UPRRP, @SportsBizClass alum, podcast host/ sports commentator \ud83c\udf99(exp. LAI \ud83c\udfd0, BSNF \ud83c\udfc0), faith based \ud83d\ude4f", "public_metrics": {"followers_count": 332, "following_count": 449, "tweet_count": 13733, "listed_count": 3}, "id": "938557106105520128", "username": "MiguelHR22", "url": ""}}, {"entities": {"annotations": [{"start": 0, "end": 4, "probability": 0.7608, "type": "Person", "normalized_text": "amber"}], "urls": [{"start": 84, "end": 107, "url": "https://t.co/4ue5YivwxO", "expanded_url": "https://twitter.com/realamberheard/status/1066847422809284610", "display_url": "twitter.com/realamberheard\u2026"}]}, "public_metrics": {"retweet_count": 0, "reply_count": 0, "like_count": 0, "quote_count": 0}, "author_id": "80683350", "lang": "en", "source": "Twitter for iPhone", "created_at": "2018-11-26T00:15:23.000Z", "referenced_tweets": [{"type": "quoted", "id": "1066847422809284610"}], "id": "1066847851962138624", "text": "amber out her flexing her Spanish look at that sentence structure. We stan a queen. https://t.co/4ue5YivwxO", "quoted_tweet": {"public_metrics": {"retweet_count": 50, "reply_count": 10, "like_count": 312, "quote_count": 2}, "author_id": "807003567605227520", "lang": "es", "source": "Twitter for iPhone", "created_at": "2018-11-26T00:13:41.000Z", "referenced_tweets": [{"type": "quoted", "id": "1066842211084627968"}], "id": "1066847422809284610", "entities": {"urls": [{"start": 81, "end": 104, "url": "https://t.co/8J0q0M6wrS", "expanded_url": "https://twitter.com/AOC/status/1066842211084627968", "display_url": "twitter.com/AOC/status/106\u2026"}]}, "text": "Ser un refugio no es lo mismo ser un criminal. Por que han sido tratados igual ? https://t.co/8J0q0M6wrS", "author": {"name": "Amber Heard", "profile_image_url": "https://pbs.twimg.com/profile_images/1383196364792680448/N8CdupEu_normal.jpg", "created_at": "2016-12-08T23:26:58.000Z", "description": "Actor and Activist, semi-professional disruptor, ice cream advocate and shameless teacup yorkie-lover", "public_metrics": {"followers_count": 190359, "following_count": 220, "tweet_count": 1150, "listed_count": 566}, "location": "Los Angeles, CA", "id": "807003567605227520", "username": "realamberheard", "url": "https://t.co/Ze18Ek9SOI"}}, "author": {"name": "\u02d7\u02cf\u02cb steph \u02ce\u02ca\u02d7 \u30df\u2606", "profile_image_url": "https://pbs.twimg.com/profile_images/1504148957404012551/ZZ5inFXt_normal.jpg", "created_at": "2009-10-07T21:20:07.000Z", "description": "when life gives you lemons, make limoncello \ud83c\udf4b | she/they | \u2650\ufe0e\u263c, \u264d\ufe0e\u263d, \u264f\ufe0e\u2191 | enfp | twenty-four | mjg \u2661\ud83c\udff3\ufe0f\u200d\ud83c\udf08\ud83c\uddf8\ud83c\uddf3\ud83c\uddf8\ud83c\uddfb ig:stephsfilmdiary", "public_metrics": {"followers_count": 1391, "following_count": 570, "tweet_count": 76597, "listed_count": 16}, "location": "boston, ma", "id": "80683350", "username": "holymolysteph", "url": ""}}]