[{"lang": "en", "text": "RT @Jo_Leigh: Makes me sick. https://t.co/6nuTRd7HLy", "author_id": "14253658", "id": "1068288079495081984", "created_at": "2018-11-29T23:38:20.000Z", "source": "Twitter for Android", "entities": {"mentions": [{"start": 3, "end": 12, "username": "Jo_Leigh", "id": "16059762"}], "urls": [{"start": 29, "end": 52, "url": "https://t.co/6nuTRd7HLy", "expanded_url": "https://twitter.com/realamberheard/status/1068194235931873280", "display_url": "twitter.com/realamberheard\u2026"}]}, "public_metrics": {"retweet_count": 1, "reply_count": 0, "like_count": 0, "quote_count": 0}, "referenced_tweets": [{"type": "retweeted", "id": "1068285147999600640"}], "quoted_tweet": {"lang": "en", "text": "Transgender immigrant who died in ICE custody was beaten and deprived of medical attention, family says @CNN https://t.co/i0Dog51jIj", "author_id": "807003567605227520", "id": "1068194235931873280", "entities": {"annotations": [{"start": 34, "end": 36, "probability": 0.5044, "type": "Place", "normalized_text": "ICE"}], "mentions": [{"start": 104, "end": 108, "username": "CNN", "id": "759251"}], "urls": [{"start": 109, "end": 132, "url": "https://t.co/i0Dog51jIj", "expanded_url": "https://cnn.it/2ztaHDL", "display_url": "cnn.it/2ztaHDL", "status": 200, "unwound_url": "https://edition.cnn.com/2018/11/27/us/transgender-asylum-seeker-wrongful-death-claim/index.html"}]}, "created_at": "2018-11-29T17:25:26.000Z", "source": "Twitter for iPhone", "public_metrics": {"retweet_count": 67, "reply_count": 13, "like_count": 158, "quote_count": 2}, "author": {"location": "Los Angeles, CA", "created_at": "2016-12-08T23:26:58.000Z", "id": "807003567605227520", "description": "Actor and Activist, semi-professional disruptor, ice cream advocate and shameless teacup yorkie-lover", "public_metrics": {"followers_count": 190358, "following_count": 220, "tweet_count": 1150, "listed_count": 566}, "username": "realamberheard", "name": "Amber Heard", "url": "https://t.co/Ze18Ek9SOI", "profile_image_url": "https://pbs.twimg.com/profile_images/1383196364792680448/N8CdupEu_normal.jpg"}}, "author": {"location": "indiana", "created_at": "2008-03-29T21:44:36.000Z", "id": "14253658", "description": "she/her.", "public_metrics": {"followers_count": 255, "following_count": 435, "tweet_count": 36263, "listed_count": 13}, "username": "inlaterdays", "name": "inlaterdays", "url": "", "profile_image_url": "https://pbs.twimg.com/profile_images/417426280036851712/S2yS8YbY_normal.png"}}, {"lang": "en", "text": "Makes me sick. https://t.co/6nuTRd7HLy", "author_id": "16059762", "id": "1068285147999600640", "created_at": "2018-11-29T23:26:41.000Z", "source": "Twitter Web Client", "public_metrics": {"retweet_count": 1, "reply_count": 0, "like_count": 1, "quote_count": 0}, "entities": {"urls": [{"start": 15, "end": 38, "url": "https://t.co/6nuTRd7HLy", "expanded_url": "https://twitter.com/realamberheard/status/1068194235931873280", "display_url": "twitter.com/realamberheard\u2026"}]}, "referenced_tweets": [{"type": "quoted", "id": "1068194235931873280"}], "quoted_tweet": {"lang": "en", "text": "Transgender immigrant who died in ICE custody was beaten and deprived of medical attention, family says @CNN https://t.co/i0Dog51jIj", "author_id": "807003567605227520", "id": "1068194235931873280", "entities": {"annotations": [{"start": 34, "end": 36, "probability": 0.5044, "type": "Place", "normalized_text": "ICE"}], "mentions": [{"start": 104, "end": 108, "username": "CNN", "id": "759251"}], "urls": [{"start": 109, "end": 132, "url": "https://t.co/i0Dog51jIj", "expanded_url": "https://cnn.it/2ztaHDL", "display_url": "cnn.it/2ztaHDL", "status": 200, "unwound_url": "https://edition.cnn.com/2018/11/27/us/transgender-asylum-seeker-wrongful-death-claim/index.html"}]}, "created_at": "2018-11-29T17:25:26.000Z", "source": "Twitter for iPhone", "public_metrics": {"retweet_count": 67, "reply_count": 13, "like_count": 158, "quote_count": 2}, "author": {"location": "Los Angeles, CA", "created_at": "2016-12-08T23:26:58.000Z", "id": "807003567605227520", "description": "Actor and Activist, semi-professional disruptor, ice cream advocate and shameless teacup yorkie-lover", "public_metrics": {"followers_count": 190358, "following_count": 220, "tweet_count": 1150, "listed_count": 566}, "username": "realamberheard", "name": "Amber Heard", "url": "https://t.co/Ze18Ek9SOI", "profile_image_url": "https://pbs.twimg.com/profile_images/1383196364792680448/N8CdupEu_normal.jpg"}}, "author": {"created_at": "2008-08-30T23:25:14.000Z", "id": "16059762", "description": "I've written a lot of books. But now I'm retired. Still, I hope you'll read my books. Look for the name Jo Leigh. Thank you!  she/her", "public_metrics": {"followers_count": 934, "following_count": 71, "tweet_count": 20358, "listed_count": 68}, "username": "Jo_Leigh", "name": "Jo_Leigh", "url": "", "profile_image_url": "https://pbs.twimg.com/profile_images/1117090060233371648/eoWBTERb_normal.png"}}]