[{"id": "1068621337856479232", "entities": {"urls": [{"start": 0, "end": 23, "url": "https://t.co/vjqX5uQ8z8", "expanded_url": "https://twitter.com/realamberheard/status/1068173770437865472?s=20", "display_url": "twitter.com/realamberheard\u2026"}]}, "lang": "und", "author_id": "899106089052098560", "referenced_tweets": [{"type": "quoted", "id": "1068173770437865472"}], "public_metrics": {"retweet_count": 0, "reply_count": 0, "like_count": 1, "quote_count": 0}, "text": "https://t.co/vjqX5uQ8z8", "created_at": "2018-11-30T21:42:35.000Z", "source": "Twitter Web App", "quoted_tweet": {"id": "1068173770437865472", "entities": {"mentions": [{"start": 83, "end": 96, "username": "ELLEmagazine", "id": "20177423"}], "urls": [{"start": 55, "end": 78, "url": "https://t.co/TFQRR4hYEF", "expanded_url": "https://www.elle.com/culture/movies-tv/a25309336/aquaman-premiere-london-amber-heard/", "display_url": "elle.com/culture/movies\u2026", "images": [{"url": "https://pbs.twimg.com/news_img/1454429480605257735/iBWqnZVa?format=jpg&name=orig", "width": 640, "height": 320}, {"url": "https://pbs.twimg.com/news_img/1454429480605257735/iBWqnZVa?format=jpg&name=150x150", "width": 150, "height": 150}], "status": 200, "title": "Amber Heard Wears a Swim Cap to the 'Aquaman' Premiere", "description": "Water ballet meets Sons of Anarchy? Into it.", "unwound_url": "https://www.elle.com/culture/movies-tv/a25309336/aquaman-premiere-london-amber-heard/"}], "annotations": [{"start": 0, "end": 4, "probability": 0.5818, "type": "Person", "normalized_text": "Amber"}]}, "lang": "en", "author_id": "807003567605227520", "public_metrics": {"retweet_count": 73, "reply_count": 30, "like_count": 642, "quote_count": 4}, "text": "Amber Heard Wears a Swim Cap to the 'Aquaman' Premiere https://t.co/TFQRR4hYEF via @ELLEmagazine", "created_at": "2018-11-29T16:04:07.000Z", "source": "Twitter for iPhone", "author": {"url": "https://t.co/Ze18Ek9SOI", "username": "realamberheard", "description": "Actor and Activist, semi-professional disruptor, ice cream advocate and shameless teacup yorkie-lover", "name": "Amber Heard", "location": "Los Angeles, CA", "created_at": "2016-12-08T23:26:58.000Z", "profile_image_url": "https://pbs.twimg.com/profile_images/1383196364792680448/N8CdupEu_normal.jpg", "public_metrics": {"followers_count": 190358, "following_count": 220, "tweet_count": 1150, "listed_count": 566}, "id": "807003567605227520"}}, "author": {"url": "https://t.co/FHJLzEttag", "username": "SonnyCuban", "description": "Film Industry VC \u00a9\nColombia Pictures \u00a9\nCasa Blanca Studios \u00a9\nCasablanca@SonnyCuban.us\nColombiaPictures@SonnyCuban.us\nCasa Blanca Film Industry Talent Agency \u00a9", "name": "Sonny Cuban \u00a9", "location": "Bogot\u00e1, D.C. & Meta Colombia", "created_at": "2017-08-20T03:09:31.000Z", "profile_image_url": "https://pbs.twimg.com/profile_images/1077128290681450497/oWabL1gm_normal.jpg", "public_metrics": {"followers_count": 1614, "following_count": 1779, "tweet_count": 33421, "listed_count": 2}, "id": "899106089052098560"}}, {"id": "1068352073387909120", "entities": {"urls": [{"start": 17, "end": 40, "url": "https://t.co/U3vtI1stcs", "expanded_url": "https://twitter.com/realamberheard/status/1068173770437865472", "display_url": "twitter.com/realamberheard\u2026"}]}, "lang": "en", "author_id": "2996665732", "referenced_tweets": [{"type": "quoted", "id": "1068173770437865472"}], "public_metrics": {"retweet_count": 0, "reply_count": 0, "like_count": 0, "quote_count": 0}, "text": "Very pretty cool https://t.co/U3vtI1stcs", "created_at": "2018-11-30T03:52:37.000Z", "source": "Twitter for Android", "quoted_tweet": {"id": "1068173770437865472", "entities": {"mentions": [{"start": 83, "end": 96, "username": "ELLEmagazine", "id": "20177423"}], "urls": [{"start": 55, "end": 78, "url": "https://t.co/TFQRR4hYEF", "expanded_url": "https://www.elle.com/culture/movies-tv/a25309336/aquaman-premiere-london-amber-heard/", "display_url": "elle.com/culture/movies\u2026", "images": [{"url": "https://pbs.twimg.com/news_img/1454429480605257735/iBWqnZVa?format=jpg&name=orig", "width": 640, "height": 320}, {"url": "https://pbs.twimg.com/news_img/1454429480605257735/iBWqnZVa?format=jpg&name=150x150", "width": 150, "height": 150}], "status": 200, "title": "Amber Heard Wears a Swim Cap to the 'Aquaman' Premiere", "description": "Water ballet meets Sons of Anarchy? Into it.", "unwound_url": "https://www.elle.com/culture/movies-tv/a25309336/aquaman-premiere-london-amber-heard/"}], "annotations": [{"start": 0, "end": 4, "probability": 0.5818, "type": "Person", "normalized_text": "Amber"}]}, "lang": "en", "author_id": "807003567605227520", "public_metrics": {"retweet_count": 73, "reply_count": 30, "like_count": 642, "quote_count": 4}, "text": "Amber Heard Wears a Swim Cap to the 'Aquaman' Premiere https://t.co/TFQRR4hYEF via @ELLEmagazine", "created_at": "2018-11-29T16:04:07.000Z", "source": "Twitter for iPhone", "author": {"url": "https://t.co/Ze18Ek9SOI", "username": "realamberheard", "description": "Actor and Activist, semi-professional disruptor, ice cream advocate and shameless teacup yorkie-lover", "name": "Amber Heard", "location": "Los Angeles, CA", "created_at": "2016-12-08T23:26:58.000Z", "profile_image_url": "https://pbs.twimg.com/profile_images/1383196364792680448/N8CdupEu_normal.jpg", "public_metrics": {"followers_count": 190358, "following_count": 220, "tweet_count": 1150, "listed_count": 566}, "id": "807003567605227520"}}, "author": {"url": "", "username": "blakjack2003", "description": "", "name": "Erwin Pascal", "created_at": "2015-01-24T21:32:49.000Z", "profile_image_url": "https://pbs.twimg.com/profile_images/559102285054083072/zDP1ocvV_normal.png", "public_metrics": {"followers_count": 96, "following_count": 1514, "tweet_count": 7720, "listed_count": 1}, "id": "2996665732"}}, {"id": "1068192536328572930", "entities": {"urls": [{"start": 22, "end": 45, "url": "https://t.co/a7KHPd5CCx", "expanded_url": "https://twitter.com/realamberheard/status/1068173770437865472", "display_url": "twitter.com/realamberheard\u2026"}]}, "lang": "en", "author_id": "23181530", "referenced_tweets": [{"type": "quoted", "id": "1068173770437865472"}], "public_metrics": {"retweet_count": 0, "reply_count": 0, "like_count": 0, "quote_count": 0}, "text": "And you rocked it \ud83d\udc4d\ud83d\udc4d\u2764 https://t.co/a7KHPd5CCx", "created_at": "2018-11-29T17:18:41.000Z", "source": "UberSocial\u00a9 PRO", "quoted_tweet": {"id": "1068173770437865472", "entities": {"mentions": [{"start": 83, "end": 96, "username": "ELLEmagazine", "id": "20177423"}], "urls": [{"start": 55, "end": 78, "url": "https://t.co/TFQRR4hYEF", "expanded_url": "https://www.elle.com/culture/movies-tv/a25309336/aquaman-premiere-london-amber-heard/", "display_url": "elle.com/culture/movies\u2026", "images": [{"url": "https://pbs.twimg.com/news_img/1454429480605257735/iBWqnZVa?format=jpg&name=orig", "width": 640, "height": 320}, {"url": "https://pbs.twimg.com/news_img/1454429480605257735/iBWqnZVa?format=jpg&name=150x150", "width": 150, "height": 150}], "status": 200, "title": "Amber Heard Wears a Swim Cap to the 'Aquaman' Premiere", "description": "Water ballet meets Sons of Anarchy? Into it.", "unwound_url": "https://www.elle.com/culture/movies-tv/a25309336/aquaman-premiere-london-amber-heard/"}], "annotations": [{"start": 0, "end": 4, "probability": 0.5818, "type": "Person", "normalized_text": "Amber"}]}, "lang": "en", "author_id": "807003567605227520", "public_metrics": {"retweet_count": 73, "reply_count": 30, "like_count": 642, "quote_count": 4}, "text": "Amber Heard Wears a Swim Cap to the 'Aquaman' Premiere https://t.co/TFQRR4hYEF via @ELLEmagazine", "created_at": "2018-11-29T16:04:07.000Z", "source": "Twitter for iPhone", "author": {"url": "https://t.co/Ze18Ek9SOI", "username": "realamberheard", "description": "Actor and Activist, semi-professional disruptor, ice cream advocate and shameless teacup yorkie-lover", "name": "Amber Heard", "location": "Los Angeles, CA", "created_at": "2016-12-08T23:26:58.000Z", "profile_image_url": "https://pbs.twimg.com/profile_images/1383196364792680448/N8CdupEu_normal.jpg", "public_metrics": {"followers_count": 190358, "following_count": 220, "tweet_count": 1150, "listed_count": 566}, "id": "807003567605227520"}}, "author": {"url": "https://t.co/ODggpEiI6L", "username": "MartindeBruin74", "description": "Dutch\n7 april 1974\nAries/Tijger/atheist\r\nI love Twitter/Movies/TVshows\nBodybuilding. \n#RED is my kryptonite", "name": "martin de bruin", "created_at": "2009-03-07T09:55:09.000Z", "profile_image_url": "https://pbs.twimg.com/profile_images/1420445569168855042/1unOABiz_normal.jpg", "public_metrics": {"followers_count": 115, "following_count": 279, "tweet_count": 181158, "listed_count": 13}, "id": "23181530"}}]