[{"public_metrics": {"retweet_count": 0, "reply_count": 0, "like_count": 0, "quote_count": 0}, "referenced_tweets": [{"type": "quoted", "id": "1070814606627651584"}], "id": "1070918315906756608", "source": "Twitter for Android", "lang": "en", "entities": {"urls": [{"start": 27, "end": 50, "url": "https://t.co/Q8zUzqPsx8", "expanded_url": "https://twitter.com/realamberheard/status/1070814606627651584", "display_url": "twitter.com/realamberheard\u2026"}]}, "created_at": "2018-12-07T05:49:57.000Z", "text": "People write stupid shit \ud83d\ude44 https://t.co/Q8zUzqPsx8", "author_id": "827694393486254080", "quoted_tweet": {"public_metrics": {"retweet_count": 100, "reply_count": 42, "like_count": 776, "quote_count": 7}, "id": "1070814606627651584", "source": "Twitter for iPhone", "lang": "en", "entities": {"urls": [{"start": 109, "end": 132, "url": "https://t.co/xxsKzCQcB6", "expanded_url": "https://twitter.com/realamberheard/status/1070814606627651584/photo/1", "display_url": "pic.twitter.com/xxsKzCQcB6"}]}, "created_at": "2018-12-06T22:57:51.000Z", "text": "So, let\u2019s get this straight:            sheer top = \u201cmalfunction\u201d and pinstripes = power?.... ha, who knew!? https://t.co/xxsKzCQcB6", "author_id": "807003567605227520", "author": {"description": "Actor and Activist, semi-professional disruptor, ice cream advocate and shameless teacup yorkie-lover", "profile_image_url": "https://pbs.twimg.com/profile_images/1383196364792680448/N8CdupEu_normal.jpg", "id": "807003567605227520", "name": "Amber Heard", "public_metrics": {"followers_count": 190358, "following_count": 220, "tweet_count": 1150, "listed_count": 566}, "username": "realamberheard", "created_at": "2016-12-08T23:26:58.000Z", "location": "Los Angeles, CA", "url": "https://t.co/Ze18Ek9SOI"}}, "author": {"description": "\ud83d\udc47", "profile_image_url": "https://pbs.twimg.com/profile_images/1233311676788695040/bfhHPD2C_normal.jpg", "id": "827694393486254080", "name": "ASH", "public_metrics": {"followers_count": 25, "following_count": 27, "tweet_count": 5753, "listed_count": 0}, "username": "ashquinn1993", "created_at": "2017-02-04T01:44:56.000Z", "location": "Gold Coast, Queensland", "url": ""}}, {"public_metrics": {"retweet_count": 0, "reply_count": 0, "like_count": 0, "quote_count": 0}, "referenced_tweets": [{"type": "quoted", "id": "1070814606627651584"}], "id": "1070857901156130817", "source": "Twitter for iPhone", "lang": "en", "entities": {"hashtags": [{"start": 51, "end": 56, "tag": "Lodi"}, {"start": 57, "end": 65, "tag": "petmalu"}], "urls": [{"start": 73, "end": 96, "url": "https://t.co/MnQMtRgc6U", "expanded_url": "https://twitter.com/realamberheard/status/1070814606627651584", "display_url": "twitter.com/realamberheard\u2026"}], "mentions": [{"start": 16, "end": 31, "username": "realamberheard", "id": "807003567605227520"}]}, "created_at": "2018-12-07T01:49:53.000Z", "text": "I just love how @realamberheard  speaks her mind!! #Lodi #petmalu \ud83d\ude4c\ud83c\udffc\ud83d\ude4c\ud83c\udffc\ud83d\ude4c\ud83c\udffc https://t.co/MnQMtRgc6U", "author_id": "24875236", "quoted_tweet": {"public_metrics": {"retweet_count": 100, "reply_count": 42, "like_count": 776, "quote_count": 7}, "id": "1070814606627651584", "source": "Twitter for iPhone", "lang": "en", "entities": {"urls": [{"start": 109, "end": 132, "url": "https://t.co/xxsKzCQcB6", "expanded_url": "https://twitter.com/realamberheard/status/1070814606627651584/photo/1", "display_url": "pic.twitter.com/xxsKzCQcB6"}]}, "created_at": "2018-12-06T22:57:51.000Z", "text": "So, let\u2019s get this straight:            sheer top = \u201cmalfunction\u201d and pinstripes = power?.... ha, who knew!? https://t.co/xxsKzCQcB6", "author_id": "807003567605227520", "author": {"description": "Actor and Activist, semi-professional disruptor, ice cream advocate and shameless teacup yorkie-lover", "profile_image_url": "https://pbs.twimg.com/profile_images/1383196364792680448/N8CdupEu_normal.jpg", "id": "807003567605227520", "name": "Amber Heard", "public_metrics": {"followers_count": 190358, "following_count": 220, "tweet_count": 1150, "listed_count": 566}, "username": "realamberheard", "created_at": "2016-12-08T23:26:58.000Z", "location": "Los Angeles, CA", "url": "https://t.co/Ze18Ek9SOI"}}, "author": {"description": "\u2022ARCHITECT\u2022 Book/TV/Movie\u2022 \u2022Fangirl@\u2764\ufe0f\u2022AMANIMMMM\u2022SENCALKAPIMI\u2022HANKER\u2022HandeEr\u00e7el\u2022KeremB\u00fcrsin\u2022TurkishDIZI", "profile_image_url": "https://pbs.twimg.com/profile_images/1490846022532153344/38h5_WiU_normal.jpg", "id": "24875236", "name": "Ash \ud83c\uddf5\ud83c\udded #LeniKiko2022 #KakamPink #Sen\u00c7alKapimi", "public_metrics": {"followers_count": 1011, "following_count": 684, "tweet_count": 63116, "listed_count": 25}, "username": "ashramarch", "created_at": "2009-03-17T12:42:01.000Z", "location": "Queen City of the South", "url": "https://t.co/xWwGsFRNLy"}}, {"public_metrics": {"retweet_count": 0, "reply_count": 0, "like_count": 0, "quote_count": 0}, "referenced_tweets": [{"type": "quoted", "id": "1070814606627651584"}], "id": "1070822359773388800", "source": "Twitter Web Client", "lang": "en", "entities": {"urls": [{"start": 45, "end": 68, "url": "https://t.co/0C4fnvJAuA", "expanded_url": "https://twitter.com/realamberheard/status/1070814606627651584", "display_url": "twitter.com/realamberheard\u2026"}], "annotations": [{"start": 22, "end": 26, "probability": 0.5176, "type": "Person", "normalized_text": "Amber"}]}, "created_at": "2018-12-06T23:28:40.000Z", "text": "Ignore the Daily Fail Amber they are trolls. https://t.co/0C4fnvJAuA", "author_id": "3064671053", "quoted_tweet": {"public_metrics": {"retweet_count": 100, "reply_count": 42, "like_count": 776, "quote_count": 7}, "id": "1070814606627651584", "source": "Twitter for iPhone", "lang": "en", "entities": {"urls": [{"start": 109, "end": 132, "url": "https://t.co/xxsKzCQcB6", "expanded_url": "https://twitter.com/realamberheard/status/1070814606627651584/photo/1", "display_url": "pic.twitter.com/xxsKzCQcB6"}]}, "created_at": "2018-12-06T22:57:51.000Z", "text": "So, let\u2019s get this straight:            sheer top = \u201cmalfunction\u201d and pinstripes = power?.... ha, who knew!? https://t.co/xxsKzCQcB6", "author_id": "807003567605227520", "author": {"description": "Actor and Activist, semi-professional disruptor, ice cream advocate and shameless teacup yorkie-lover", "profile_image_url": "https://pbs.twimg.com/profile_images/1383196364792680448/N8CdupEu_normal.jpg", "id": "807003567605227520", "name": "Amber Heard", "public_metrics": {"followers_count": 190358, "following_count": 220, "tweet_count": 1150, "listed_count": 566}, "username": "realamberheard", "created_at": "2016-12-08T23:26:58.000Z", "location": "Los Angeles, CA", "url": "https://t.co/Ze18Ek9SOI"}}, "author": {"description": "I'm a huge fan of the Washington Commanders , I also like the soap DOOL and Amber Heard fan too.", "profile_image_url": "https://pbs.twimg.com/profile_images/742949121938575361/2gdO8v7e_normal.jpg", "id": "3064671053", "name": "Luis Landa", "public_metrics": {"followers_count": 697, "following_count": 1826, "tweet_count": 79023, "listed_count": 18}, "username": "1570_landa", "created_at": "2015-02-28T02:54:54.000Z", "location": "Maryland, USA", "url": ""}}]