[{"id": "1073391951679025153", "entities": {"urls": [{"start": 200, "end": 223, "url": "https://t.co/Y9wWMWeq4q", "expanded_url": "https://twitter.com/realamberheard/status/1071490715367161857", "display_url": "twitter.com/realamberheard\u2026"}]}, "lang": "en", "author_id": "857673857863430144", "referenced_tweets": [{"type": "quoted", "id": "1071490715367161857"}], "public_metrics": {"retweet_count": 0, "reply_count": 0, "like_count": 0, "quote_count": 0}, "text": "What in the absolute fuck is wrong with people. Someone go send in spec ops to get her out of there because she DOESN\u2019T BELONG IN PRISON AT ALL. I just love the holiday season. Hallelujah. Holy shit. https://t.co/Y9wWMWeq4q", "created_at": "2018-12-14T01:39:18.000Z", "source": "Twitter for iPhone", "quoted_tweet": {"id": "1071490715367161857", "entities": {"hashtags": [{"start": 59, "end": 72, "tag": "CyntoiaBrown"}], "urls": [{"start": 73, "end": 96, "url": "https://t.co/V5fzYigi8i", "expanded_url": "https://twitter.com/MeTooMVMT/status/1071410355736203265", "display_url": "twitter.com/MeTooMVMT/stat\u2026"}]}, "lang": "en", "author_id": "807003567605227520", "referenced_tweets": [{"type": "quoted", "id": "1071410355736203265"}], "public_metrics": {"retweet_count": 39, "reply_count": 6, "like_count": 254, "quote_count": 1}, "text": "This is tragic and complete injustice. My heart breaks for #CyntoiaBrown https://t.co/V5fzYigi8i", "created_at": "2018-12-08T19:44:28.000Z", "source": "Twitter for iPhone", "author": {"url": "https://t.co/Ze18Ek9SOI", "username": "realamberheard", "description": "Actor and Activist, semi-professional disruptor, ice cream advocate and shameless teacup yorkie-lover", "name": "Amber Heard", "location": "Los Angeles, CA", "created_at": "2016-12-08T23:26:58.000Z", "profile_image_url": "https://pbs.twimg.com/profile_images/1383196364792680448/N8CdupEu_normal.jpg", "public_metrics": {"followers_count": 190358, "following_count": 220, "tweet_count": 1150, "listed_count": 566}, "id": "807003567605227520"}}, "author": {"url": "", "username": "beckywiththaa", "description": "I just need some sleep #utsa20??", "name": "Katie.Miick", "location": "San Antonio, TX", "created_at": "2017-04-27T19:12:37.000Z", "profile_image_url": "https://pbs.twimg.com/profile_images/1062101369128132609/n4_urSnS_normal.jpg", "public_metrics": {"followers_count": 42, "following_count": 151, "tweet_count": 569, "listed_count": 2}, "id": "857673857863430144"}}]