[{"referenced_tweets": [{"type": "quoted", "id": "1074933329588174849"}], "id": "1083848808918904832", "entities": {"annotations": [{"start": 52, "end": 59, "probability": 0.3492, "type": "Person", "normalized_text": "Atlantis"}], "urls": [{"start": 64, "end": 87, "url": "https://t.co/pq86OkUSaC", "expanded_url": "https://twitter.com/realamberheard/status/1074933329588174849", "display_url": "twitter.com/realamberheard\u2026"}]}, "author_id": "1013628817896853504", "created_at": "2019-01-11T22:11:07.000Z", "text": "Por que no me llega ella diciendo que la acompa\u00f1e a Atlantis? \ud83d\ude23 https://t.co/pq86OkUSaC", "public_metrics": {"retweet_count": 0, "reply_count": 0, "like_count": 0, "quote_count": 0}, "source": "Twitter for Android", "lang": "es", "quoted_tweet": {"id": "1074933329588174849", "entities": {"urls": [{"start": 0, "end": 23, "url": "https://t.co/XZ4e67VVxL", "expanded_url": "https://www.newsbytesapp.com/timeline/Entertainment/38280/169383/amber-heard-on-aquaman-role-and-women-representation", "display_url": "newsbytesapp.com/timeline/Enter\u2026", "status": 200, "unwound_url": "https://www.newsbytesapp.com/news/entertainment/amber-heard-on-aquaman-role-and-women-representation/story"}]}, "author_id": "807003567605227520", "created_at": "2018-12-18T07:44:11.000Z", "text": "https://t.co/XZ4e67VVxL", "public_metrics": {"retweet_count": 200, "reply_count": 38, "like_count": 1820, "quote_count": 9}, "source": "Twitter for iPhone", "lang": "und", "author": {"location": "Los Angeles, CA", "created_at": "2016-12-08T23:26:58.000Z", "profile_image_url": "https://pbs.twimg.com/profile_images/1383196364792680448/N8CdupEu_normal.jpg", "public_metrics": {"followers_count": 190358, "following_count": 220, "tweet_count": 1150, "listed_count": 566}, "url": "https://t.co/Ze18Ek9SOI", "id": "807003567605227520", "name": "Amber Heard", "username": "realamberheard", "description": "Actor and Activist, semi-professional disruptor, ice cream advocate and shameless teacup yorkie-lover"}}, "author": {"location": "Zaragoza, Espa\u00f1a", "created_at": "2018-07-02T03:41:57.000Z", "profile_image_url": "https://pbs.twimg.com/profile_images/1071538912823255040/MCbl_EIS_normal.jpg", "public_metrics": {"followers_count": 138, "following_count": 387, "tweet_count": 4389, "listed_count": 0}, "url": "", "id": "1013628817896853504", "name": "Carlos Rodriguez", "username": "CarlosRj26", "description": "M\u00e9dico, caf\u00e9, ansiedad, libros, putoCovid,m\u00e1s ansiedad y m\u00e1s m\u00e9dico"}}, {"referenced_tweets": [{"type": "quoted", "id": "1074933329588174849"}], "id": "1078286874634932224", "entities": {"urls": [{"start": 5, "end": 28, "url": "https://t.co/saMYs7pJvG", "expanded_url": "https://twitter.com/realamberheard/status/1074933329588174849", "display_url": "twitter.com/realamberheard\u2026"}]}, "author_id": "944586720317661184", "created_at": "2018-12-27T13:49:59.000Z", "text": "\ud83d\ude4a\ud83d\ude48\ud83d\ude48\ud83d\ude49 https://t.co/saMYs7pJvG", "public_metrics": {"retweet_count": 0, "reply_count": 0, "like_count": 0, "quote_count": 0}, "source": "Twitter for Android", "lang": "und", "quoted_tweet": {"id": "1074933329588174849", "entities": {"urls": [{"start": 0, "end": 23, "url": "https://t.co/XZ4e67VVxL", "expanded_url": "https://www.newsbytesapp.com/timeline/Entertainment/38280/169383/amber-heard-on-aquaman-role-and-women-representation", "display_url": "newsbytesapp.com/timeline/Enter\u2026", "status": 200, "unwound_url": "https://www.newsbytesapp.com/news/entertainment/amber-heard-on-aquaman-role-and-women-representation/story"}]}, "author_id": "807003567605227520", "created_at": "2018-12-18T07:44:11.000Z", "text": "https://t.co/XZ4e67VVxL", "public_metrics": {"retweet_count": 200, "reply_count": 38, "like_count": 1820, "quote_count": 9}, "source": "Twitter for iPhone", "lang": "und", "author": {"location": "Los Angeles, CA", "created_at": "2016-12-08T23:26:58.000Z", "profile_image_url": "https://pbs.twimg.com/profile_images/1383196364792680448/N8CdupEu_normal.jpg", "public_metrics": {"followers_count": 190358, "following_count": 220, "tweet_count": 1150, "listed_count": 566}, "url": "https://t.co/Ze18Ek9SOI", "id": "807003567605227520", "name": "Amber Heard", "username": "realamberheard", "description": "Actor and Activist, semi-professional disruptor, ice cream advocate and shameless teacup yorkie-lover"}}, "author": {"location": "new zealand", "created_at": "2017-12-23T15:13:18.000Z", "profile_image_url": "https://pbs.twimg.com/profile_images/1505957215554867200/FCiETpgk_normal.jpg", "public_metrics": {"followers_count": 303, "following_count": 375, "tweet_count": 10753, "listed_count": 0}, "url": "https://t.co/dMGL8kO71L", "id": "944586720317661184", "name": "NG", "username": "nsyaaafiiq", "description": "\u304d\u3089\u304d\u3089\u661f #GGMU"}}, {"referenced_tweets": [{"type": "quoted", "id": "1074933329588174849"}], "id": "1075249531019653125", "entities": {"urls": [{"start": 9, "end": 32, "url": "https://t.co/WIs3bEXKxl", "expanded_url": "https://twitter.com/realamberheard/status/1074933329588174849", "display_url": "twitter.com/realamberheard\u2026"}]}, "author_id": "285650355", "created_at": "2018-12-19T04:40:40.000Z", "text": "Mantull. https://t.co/WIs3bEXKxl", "public_metrics": {"retweet_count": 0, "reply_count": 0, "like_count": 0, "quote_count": 0}, "source": "Twitter for Android", "lang": "in", "quoted_tweet": {"id": "1074933329588174849", "entities": {"urls": [{"start": 0, "end": 23, "url": "https://t.co/XZ4e67VVxL", "expanded_url": "https://www.newsbytesapp.com/timeline/Entertainment/38280/169383/amber-heard-on-aquaman-role-and-women-representation", "display_url": "newsbytesapp.com/timeline/Enter\u2026", "status": 200, "unwound_url": "https://www.newsbytesapp.com/news/entertainment/amber-heard-on-aquaman-role-and-women-representation/story"}]}, "author_id": "807003567605227520", "created_at": "2018-12-18T07:44:11.000Z", "text": "https://t.co/XZ4e67VVxL", "public_metrics": {"retweet_count": 200, "reply_count": 38, "like_count": 1820, "quote_count": 9}, "source": "Twitter for iPhone", "lang": "und", "author": {"location": "Los Angeles, CA", "created_at": "2016-12-08T23:26:58.000Z", "profile_image_url": "https://pbs.twimg.com/profile_images/1383196364792680448/N8CdupEu_normal.jpg", "public_metrics": {"followers_count": 190358, "following_count": 220, "tweet_count": 1150, "listed_count": 566}, "url": "https://t.co/Ze18Ek9SOI", "id": "807003567605227520", "name": "Amber Heard", "username": "realamberheard", "description": "Actor and Activist, semi-professional disruptor, ice cream advocate and shameless teacup yorkie-lover"}}, "author": {"location": "\u00dcT: -6.2003061,106.953171", "created_at": "2011-04-21T14:55:47.000Z", "profile_image_url": "https://pbs.twimg.com/profile_images/1140854479371169792/LDQHBksY_normal.jpg", "public_metrics": {"followers_count": 200, "following_count": 188, "tweet_count": 9352, "listed_count": 1}, "url": "", "id": "285650355", "name": "Marv", "username": "rumate_marvy", "description": "A"}}, {"referenced_tweets": [{"type": "quoted", "id": "1074933329588174849"}], "id": "1075032642461073409", "entities": {"urls": [{"start": 49, "end": 72, "url": "https://t.co/2dmXeT2Ji1", "expanded_url": "https://twitter.com/realamberheard/status/1074933329588174849", "display_url": "twitter.com/realamberheard\u2026"}]}, "author_id": "3304739889", "created_at": "2018-12-18T14:18:49.000Z", "text": "She's probably the most beautiful woman on Earth https://t.co/2dmXeT2Ji1", "public_metrics": {"retweet_count": 0, "reply_count": 0, "like_count": 0, "quote_count": 0}, "source": "Twitter for Android", "lang": "en", "quoted_tweet": {"id": "1074933329588174849", "entities": {"urls": [{"start": 0, "end": 23, "url": "https://t.co/XZ4e67VVxL", "expanded_url": "https://www.newsbytesapp.com/timeline/Entertainment/38280/169383/amber-heard-on-aquaman-role-and-women-representation", "display_url": "newsbytesapp.com/timeline/Enter\u2026", "status": 200, "unwound_url": "https://www.newsbytesapp.com/news/entertainment/amber-heard-on-aquaman-role-and-women-representation/story"}]}, "author_id": "807003567605227520", "created_at": "2018-12-18T07:44:11.000Z", "text": "https://t.co/XZ4e67VVxL", "public_metrics": {"retweet_count": 200, "reply_count": 38, "like_count": 1820, "quote_count": 9}, "source": "Twitter for iPhone", "lang": "und", "author": {"location": "Los Angeles, CA", "created_at": "2016-12-08T23:26:58.000Z", "profile_image_url": "https://pbs.twimg.com/profile_images/1383196364792680448/N8CdupEu_normal.jpg", "public_metrics": {"followers_count": 190358, "following_count": 220, "tweet_count": 1150, "listed_count": 566}, "url": "https://t.co/Ze18Ek9SOI", "id": "807003567605227520", "name": "Amber Heard", "username": "realamberheard", "description": "Actor and Activist, semi-professional disruptor, ice cream advocate and shameless teacup yorkie-lover"}}, "author": {"location": "Clyde, OH", "created_at": "2015-05-31T16:20:06.000Z", "profile_image_url": "https://pbs.twimg.com/profile_images/1147541341133520898/_qxvpOFk_normal.jpg", "public_metrics": {"followers_count": 185, "following_count": 672, "tweet_count": 22236, "listed_count": 0}, "url": "", "id": "3304739889", "name": "Daddy Dickolas", "username": "midnightnick21", "description": ""}}, {"referenced_tweets": [{"type": "quoted", "id": "1074933329588174849"}], "id": "1074977521433624576", "entities": {"urls": [{"start": 19, "end": 42, "url": "https://t.co/zl1182oFKR", "expanded_url": "https://twitter.com/realamberheard/status/1074933329588174849", "display_url": "twitter.com/realamberheard\u2026"}]}, "author_id": "334639957", "created_at": "2018-12-18T10:39:47.000Z", "text": "That look though \ud83e\udd24 https://t.co/zl1182oFKR", "public_metrics": {"retweet_count": 0, "reply_count": 0, "like_count": 2, "quote_count": 0}, "source": "Twitter for Android", "lang": "en", "quoted_tweet": {"id": "1074933329588174849", "entities": {"urls": [{"start": 0, "end": 23, "url": "https://t.co/XZ4e67VVxL", "expanded_url": "https://www.newsbytesapp.com/timeline/Entertainment/38280/169383/amber-heard-on-aquaman-role-and-women-representation", "display_url": "newsbytesapp.com/timeline/Enter\u2026", "status": 200, "unwound_url": "https://www.newsbytesapp.com/news/entertainment/amber-heard-on-aquaman-role-and-women-representation/story"}]}, "author_id": "807003567605227520", "created_at": "2018-12-18T07:44:11.000Z", "text": "https://t.co/XZ4e67VVxL", "public_metrics": {"retweet_count": 200, "reply_count": 38, "like_count": 1820, "quote_count": 9}, "source": "Twitter for iPhone", "lang": "und", "author": {"location": "Los Angeles, CA", "created_at": "2016-12-08T23:26:58.000Z", "profile_image_url": "https://pbs.twimg.com/profile_images/1383196364792680448/N8CdupEu_normal.jpg", "public_metrics": {"followers_count": 190358, "following_count": 220, "tweet_count": 1150, "listed_count": 566}, "url": "https://t.co/Ze18Ek9SOI", "id": "807003567605227520", "name": "Amber Heard", "username": "realamberheard", "description": "Actor and Activist, semi-professional disruptor, ice cream advocate and shameless teacup yorkie-lover"}}, "author": {"location": "Tiruchirapalli, India", "created_at": "2011-07-13T12:40:07.000Z", "profile_image_url": "https://pbs.twimg.com/profile_images/1366352083830513667/xgUGIuoE_normal.jpg", "public_metrics": {"followers_count": 1362, "following_count": 2929, "tweet_count": 19579, "listed_count": 0}, "url": "https://t.co/vJr82TgyUe", "id": "334639957", "name": "Sridhar", "username": "Batwaynne", "description": "Be whatever you want"}}, {"referenced_tweets": [{"type": "retweeted", "id": "1074962091478372352"}], "id": "1074977215648026624", "entities": {"urls": [{"start": 117, "end": 140, "url": "https://t.co/AfthgVEmJQ", "expanded_url": "https://twitter.com/realamberheard/status/1074933329588174849", "display_url": "twitter.com/realamberheard\u2026"}], "mentions": [{"start": 3, "end": 16, "username": "DasShuvrajit", "id": "1022112398914846721"}, {"start": 32, "end": 47, "username": "realamberheard", "id": "807003567605227520"}], "hashtags": [{"start": 75, "end": 83, "tag": "Aquaman"}, {"start": 84, "end": 100, "tag": "warriorprincess"}, {"start": 101, "end": 116, "tag": "demandequality"}]}, "author_id": "785148392498421760", "created_at": "2018-12-18T10:38:34.000Z", "text": "RT @DasShuvrajit: Can't believe @realamberheard tweeted the story I wrote\n\n#Aquaman #warriorprincess #demandequality https://t.co/AfthgVEmJQ", "public_metrics": {"retweet_count": 1, "reply_count": 0, "like_count": 0, "quote_count": 0}, "source": "Twitter for Android", "lang": "en", "quoted_tweet": {"id": "1074933329588174849", "entities": {"urls": [{"start": 0, "end": 23, "url": "https://t.co/XZ4e67VVxL", "expanded_url": "https://www.newsbytesapp.com/timeline/Entertainment/38280/169383/amber-heard-on-aquaman-role-and-women-representation", "display_url": "newsbytesapp.com/timeline/Enter\u2026", "status": 200, "unwound_url": "https://www.newsbytesapp.com/news/entertainment/amber-heard-on-aquaman-role-and-women-representation/story"}]}, "author_id": "807003567605227520", "created_at": "2018-12-18T07:44:11.000Z", "text": "https://t.co/XZ4e67VVxL", "public_metrics": {"retweet_count": 200, "reply_count": 38, "like_count": 1820, "quote_count": 9}, "source": "Twitter for iPhone", "lang": "und", "author": {"location": "Los Angeles, CA", "created_at": "2016-12-08T23:26:58.000Z", "profile_image_url": "https://pbs.twimg.com/profile_images/1383196364792680448/N8CdupEu_normal.jpg", "public_metrics": {"followers_count": 190358, "following_count": 220, "tweet_count": 1150, "listed_count": 566}, "url": "https://t.co/Ze18Ek9SOI", "id": "807003567605227520", "name": "Amber Heard", "username": "realamberheard", "description": "Actor and Activist, semi-professional disruptor, ice cream advocate and shameless teacup yorkie-lover"}}, "author": {"location": "Bordeaux, France", "created_at": "2016-10-09T16:02:18.000Z", "profile_image_url": "https://pbs.twimg.com/profile_images/1138826096386936837/71Iwj2dh_normal.jpg", "public_metrics": {"followers_count": 736, "following_count": 720, "tweet_count": 49336, "listed_count": 28}, "url": "", "id": "785148392498421760", "name": "Cora Melodie", "username": "CoraMelodie", "description": "Actress/Producer & UNHCR Special Envoy #AngelinaJolie | Actress, Activist & Human Rights Champion @realamberheard | @JeniferOfficiel \n\n#IStandWithYouAmberHeard"}}, {"referenced_tweets": [{"type": "quoted", "id": "1074933329588174849"}], "id": "1074962091478372352", "entities": {"urls": [{"start": 99, "end": 122, "url": "https://t.co/AfthgVEmJQ", "expanded_url": "https://twitter.com/realamberheard/status/1074933329588174849", "display_url": "twitter.com/realamberheard\u2026"}], "mentions": [{"start": 14, "end": 29, "username": "realamberheard", "id": "807003567605227520"}], "hashtags": [{"start": 57, "end": 65, "tag": "Aquaman"}, {"start": 66, "end": 82, "tag": "warriorprincess"}, {"start": 83, "end": 98, "tag": "demandequality"}]}, "author_id": "1022112398914846721", "created_at": "2018-12-18T09:38:29.000Z", "text": "Can't believe @realamberheard tweeted the story I wrote\n\n#Aquaman #warriorprincess #demandequality https://t.co/AfthgVEmJQ", "public_metrics": {"retweet_count": 1, "reply_count": 0, "like_count": 7, "quote_count": 0}, "source": "Twitter for Android", "lang": "en", "quoted_tweet": {"id": "1074933329588174849", "entities": {"urls": [{"start": 0, "end": 23, "url": "https://t.co/XZ4e67VVxL", "expanded_url": "https://www.newsbytesapp.com/timeline/Entertainment/38280/169383/amber-heard-on-aquaman-role-and-women-representation", "display_url": "newsbytesapp.com/timeline/Enter\u2026", "status": 200, "unwound_url": "https://www.newsbytesapp.com/news/entertainment/amber-heard-on-aquaman-role-and-women-representation/story"}]}, "author_id": "807003567605227520", "created_at": "2018-12-18T07:44:11.000Z", "text": "https://t.co/XZ4e67VVxL", "public_metrics": {"retweet_count": 200, "reply_count": 38, "like_count": 1820, "quote_count": 9}, "source": "Twitter for iPhone", "lang": "und", "author": {"location": "Los Angeles, CA", "created_at": "2016-12-08T23:26:58.000Z", "profile_image_url": "https://pbs.twimg.com/profile_images/1383196364792680448/N8CdupEu_normal.jpg", "public_metrics": {"followers_count": 190358, "following_count": 220, "tweet_count": 1150, "listed_count": 566}, "url": "https://t.co/Ze18Ek9SOI", "id": "807003567605227520", "name": "Amber Heard", "username": "realamberheard", "description": "Actor and Activist, semi-professional disruptor, ice cream advocate and shameless teacup yorkie-lover"}}, "author": {"created_at": "2018-07-25T13:32:40.000Z", "profile_image_url": "https://pbs.twimg.com/profile_images/1022115481900273664/Ejndqtod_normal.jpg", "public_metrics": {"followers_count": 33, "following_count": 351, "tweet_count": 166, "listed_count": 0}, "url": "https://t.co/1RmZOzuTLL", "id": "1022112398914846721", "name": "Shuvrajit Das Biswas", "username": "DasShuvrajit", "description": "Post truth\nCopy Editor at Opoyi"}}, {"referenced_tweets": [{"type": "quoted", "id": "1074933329588174849"}], "id": "1074944390009970688", "entities": {"urls": [{"start": 77, "end": 100, "url": "https://t.co/JvZBKRRzWg", "expanded_url": "https://twitter.com/realamberheard/status/1074933329588174849", "display_url": "twitter.com/realamberheard\u2026"}]}, "author_id": "1295911188", "created_at": "2018-12-18T08:28:08.000Z", "text": "I'll click after I finish looking into those deep eyes that tell you so much https://t.co/JvZBKRRzWg", "public_metrics": {"retweet_count": 0, "reply_count": 0, "like_count": 0, "quote_count": 0}, "source": "Twitter for Android", "lang": "en", "quoted_tweet": {"id": "1074933329588174849", "entities": {"urls": [{"start": 0, "end": 23, "url": "https://t.co/XZ4e67VVxL", "expanded_url": "https://www.newsbytesapp.com/timeline/Entertainment/38280/169383/amber-heard-on-aquaman-role-and-women-representation", "display_url": "newsbytesapp.com/timeline/Enter\u2026", "status": 200, "unwound_url": "https://www.newsbytesapp.com/news/entertainment/amber-heard-on-aquaman-role-and-women-representation/story"}]}, "author_id": "807003567605227520", "created_at": "2018-12-18T07:44:11.000Z", "text": "https://t.co/XZ4e67VVxL", "public_metrics": {"retweet_count": 200, "reply_count": 38, "like_count": 1820, "quote_count": 9}, "source": "Twitter for iPhone", "lang": "und", "author": {"location": "Los Angeles, CA", "created_at": "2016-12-08T23:26:58.000Z", "profile_image_url": "https://pbs.twimg.com/profile_images/1383196364792680448/N8CdupEu_normal.jpg", "public_metrics": {"followers_count": 190358, "following_count": 220, "tweet_count": 1150, "listed_count": 566}, "url": "https://t.co/Ze18Ek9SOI", "id": "807003567605227520", "name": "Amber Heard", "username": "realamberheard", "description": "Actor and Activist, semi-professional disruptor, ice cream advocate and shameless teacup yorkie-lover"}}, "author": {"location": "Cyprus", "created_at": "2013-03-24T16:59:44.000Z", "profile_image_url": "https://pbs.twimg.com/profile_images/1357986248347029507/kG9CMYy5_normal.jpg", "public_metrics": {"followers_count": 1616, "following_count": 3752, "tweet_count": 476373, "listed_count": 65}, "url": "", "id": "1295911188", "name": "Mick minas", "username": "MOVIESTVMAD", "description": "ayia Napa reality star I write direct and star in my own plays here in Cyprus I'm still seeing a shrink after 6 months in Hollywood \ud83e\udd23"}}, {"referenced_tweets": [{"type": "quoted", "id": "1074933329588174849"}], "id": "1074943012130582528", "entities": {"urls": [{"start": 21, "end": 44, "url": "https://t.co/uYnMuhcka7", "expanded_url": "https://twitter.com/realamberheard/status/1074933329588174849", "display_url": "twitter.com/realamberheard\u2026"}]}, "author_id": "1074120966605697025", "created_at": "2018-12-18T08:22:40.000Z", "text": "so pretty i love her https://t.co/uYnMuhcka7", "public_metrics": {"retweet_count": 0, "reply_count": 0, "like_count": 1, "quote_count": 0}, "source": "Twitter for iPhone", "lang": "en", "quoted_tweet": {"id": "1074933329588174849", "entities": {"urls": [{"start": 0, "end": 23, "url": "https://t.co/XZ4e67VVxL", "expanded_url": "https://www.newsbytesapp.com/timeline/Entertainment/38280/169383/amber-heard-on-aquaman-role-and-women-representation", "display_url": "newsbytesapp.com/timeline/Enter\u2026", "status": 200, "unwound_url": "https://www.newsbytesapp.com/news/entertainment/amber-heard-on-aquaman-role-and-women-representation/story"}]}, "author_id": "807003567605227520", "created_at": "2018-12-18T07:44:11.000Z", "text": "https://t.co/XZ4e67VVxL", "public_metrics": {"retweet_count": 200, "reply_count": 38, "like_count": 1820, "quote_count": 9}, "source": "Twitter for iPhone", "lang": "und", "author": {"location": "Los Angeles, CA", "created_at": "2016-12-08T23:26:58.000Z", "profile_image_url": "https://pbs.twimg.com/profile_images/1383196364792680448/N8CdupEu_normal.jpg", "public_metrics": {"followers_count": 190358, "following_count": 220, "tweet_count": 1150, "listed_count": 566}, "url": "https://t.co/Ze18Ek9SOI", "id": "807003567605227520", "name": "Amber Heard", "username": "realamberheard", "description": "Actor and Activist, semi-professional disruptor, ice cream advocate and shameless teacup yorkie-lover"}}, "author": {"created_at": "2018-12-16T01:56:09.000Z", "profile_image_url": "https://abs.twimg.com/sticky/default_profile_images/default_profile_normal.png", "public_metrics": {"followers_count": 0, "following_count": 8, "tweet_count": 4, "listed_count": 0}, "url": "", "id": "1074120966605697025", "name": "asyraf", "username": "asyraf14484596", "description": ""}}]