[{"lang": "en", "text": "I saw it yesterday. And I'll it again today. Great movie! I just loved it! Amber is just perfect as Mera! I can't imagine another actress playing this character! James Wan, Momoa and the whole cast did a wonderful job! \n\ud83d\udc4f\ud83d\udc4f\ud83d\udc4f\ud83d\udc4f\ud83d\udc4f https://t.co/ZeEaBNHsdR", "author_id": "938833567756570625", "id": "1076834675660910597", "entities": {"annotations": [{"start": 75, "end": 79, "probability": 0.9761, "type": "Person", "normalized_text": "Amber"}, {"start": 100, "end": 103, "probability": 0.5615, "type": "Person", "normalized_text": "Mera"}, {"start": 162, "end": 170, "probability": 0.983, "type": "Person", "normalized_text": "James Wan"}, {"start": 173, "end": 177, "probability": 0.9724, "type": "Person", "normalized_text": "Momoa"}], "urls": [{"start": 226, "end": 249, "url": "https://t.co/ZeEaBNHsdR", "expanded_url": "https://twitter.com/realamberheard/status/1076632700214112256", "display_url": "twitter.com/realamberheard\u2026"}]}, "created_at": "2018-12-23T13:39:27.000Z", "source": "Twitter Web App", "public_metrics": {"retweet_count": 0, "reply_count": 0, "like_count": 4, "quote_count": 0}, "referenced_tweets": [{"type": "quoted", "id": "1076632700214112256"}], "quoted_tweet": {"lang": "en", "in_reply_to_user_id": "859174864220938241", "text": "@Aquamanmovie is finally here!! https://t.co/iUWTk3uhwz", "author_id": "807003567605227520", "id": "1076632700214112256", "created_at": "2018-12-23T00:16:53.000Z", "source": "Twitter for iPad", "entities": {"mentions": [{"start": 0, "end": 13, "username": "aquamanmovie", "id": "859174864220938241"}], "urls": [{"start": 32, "end": 55, "url": "https://t.co/iUWTk3uhwz", "expanded_url": "https://twitter.com/aquamanmovie/status/1076522761613385728", "display_url": "twitter.com/aquamanmovie/s\u2026"}]}, "public_metrics": {"retweet_count": 108, "reply_count": 47, "like_count": 700, "quote_count": 6}, "referenced_tweets": [{"type": "quoted", "id": "1076522761613385728"}], "author": {"location": "Los Angeles, CA", "created_at": "2016-12-08T23:26:58.000Z", "id": "807003567605227520", "description": "Actor and Activist, semi-professional disruptor, ice cream advocate and shameless teacup yorkie-lover", "public_metrics": {"followers_count": 190357, "following_count": 220, "tweet_count": 1150, "listed_count": 566}, "username": "realamberheard", "name": "Amber Heard", "url": "https://t.co/Ze18Ek9SOI", "profile_image_url": "https://pbs.twimg.com/profile_images/1383196364792680448/N8CdupEu_normal.jpg"}}, "author": {"created_at": "2017-12-07T18:12:20.000Z", "id": "938833567756570625", "description": "Human. Woman. Mother. Psychologist.\nDC fan.\nAdmirer of beautiful talented strong women like Amber Heard, Rihanna, Gal Gadot and Margot Robbie.", "public_metrics": {"followers_count": 153, "following_count": 79, "tweet_count": 5980, "listed_count": 0}, "username": "AnneVL82", "name": "WonderAquaMother", "url": "", "profile_image_url": "https://pbs.twimg.com/profile_images/1325970629020049410/mKHb-6ah_normal.jpg"}}, {"lang": "en", "text": "Best Movie Ever !! Congrats Amber. https://t.co/5Ojw9BXF90", "author_id": "911264531317497856", "id": "1076647710797766659", "entities": {"annotations": [{"start": 28, "end": 32, "probability": 0.9488, "type": "Person", "normalized_text": "Amber"}], "urls": [{"start": 35, "end": 58, "url": "https://t.co/5Ojw9BXF90", "expanded_url": "https://twitter.com/realamberheard/status/1076632700214112256", "display_url": "twitter.com/realamberheard\u2026"}]}, "created_at": "2018-12-23T01:16:32.000Z", "source": "Twitter Web Client", "public_metrics": {"retweet_count": 0, "reply_count": 0, "like_count": 0, "quote_count": 0}, "referenced_tweets": [{"type": "quoted", "id": "1076632700214112256"}], "quoted_tweet": {"lang": "en", "in_reply_to_user_id": "859174864220938241", "text": "@Aquamanmovie is finally here!! https://t.co/iUWTk3uhwz", "author_id": "807003567605227520", "id": "1076632700214112256", "created_at": "2018-12-23T00:16:53.000Z", "source": "Twitter for iPad", "entities": {"mentions": [{"start": 0, "end": 13, "username": "aquamanmovie", "id": "859174864220938241"}], "urls": [{"start": 32, "end": 55, "url": "https://t.co/iUWTk3uhwz", "expanded_url": "https://twitter.com/aquamanmovie/status/1076522761613385728", "display_url": "twitter.com/aquamanmovie/s\u2026"}]}, "public_metrics": {"retweet_count": 108, "reply_count": 47, "like_count": 700, "quote_count": 6}, "referenced_tweets": [{"type": "quoted", "id": "1076522761613385728"}], "author": {"location": "Los Angeles, CA", "created_at": "2016-12-08T23:26:58.000Z", "id": "807003567605227520", "description": "Actor and Activist, semi-professional disruptor, ice cream advocate and shameless teacup yorkie-lover", "public_metrics": {"followers_count": 190357, "following_count": 220, "tweet_count": 1150, "listed_count": 566}, "username": "realamberheard", "name": "Amber Heard", "url": "https://t.co/Ze18Ek9SOI", "profile_image_url": "https://pbs.twimg.com/profile_images/1383196364792680448/N8CdupEu_normal.jpg"}}, "author": {"created_at": "2017-09-22T16:22:49.000Z", "id": "911264531317497856", "description": "", "public_metrics": {"followers_count": 8, "following_count": 88, "tweet_count": 1308, "listed_count": 0}, "username": "lobobarbosanan1", "name": "Airton Fernando", "url": "", "profile_image_url": "https://pbs.twimg.com/profile_images/1060032357913321472/NNqyF06k_normal.jpg"}}, {"lang": "es", "text": "REINA MASTODONTA TITANA FIERA FARAONA https://t.co/1Qu9hxHzwC", "author_id": "101900518", "id": "1076638377104105472", "created_at": "2018-12-23T00:39:26.000Z", "source": "Twitter for Android", "public_metrics": {"retweet_count": 0, "reply_count": 0, "like_count": 4, "quote_count": 0}, "entities": {"urls": [{"start": 38, "end": 61, "url": "https://t.co/1Qu9hxHzwC", "expanded_url": "https://twitter.com/realamberheard/status/1076632700214112256", "display_url": "twitter.com/realamberheard\u2026"}]}, "referenced_tweets": [{"type": "quoted", "id": "1076632700214112256"}], "quoted_tweet": {"lang": "en", "in_reply_to_user_id": "859174864220938241", "text": "@Aquamanmovie is finally here!! https://t.co/iUWTk3uhwz", "author_id": "807003567605227520", "id": "1076632700214112256", "created_at": "2018-12-23T00:16:53.000Z", "source": "Twitter for iPad", "entities": {"mentions": [{"start": 0, "end": 13, "username": "aquamanmovie", "id": "859174864220938241"}], "urls": [{"start": 32, "end": 55, "url": "https://t.co/iUWTk3uhwz", "expanded_url": "https://twitter.com/aquamanmovie/status/1076522761613385728", "display_url": "twitter.com/aquamanmovie/s\u2026"}]}, "public_metrics": {"retweet_count": 108, "reply_count": 47, "like_count": 700, "quote_count": 6}, "referenced_tweets": [{"type": "quoted", "id": "1076522761613385728"}], "author": {"location": "Los Angeles, CA", "created_at": "2016-12-08T23:26:58.000Z", "id": "807003567605227520", "description": "Actor and Activist, semi-professional disruptor, ice cream advocate and shameless teacup yorkie-lover", "public_metrics": {"followers_count": 190357, "following_count": 220, "tweet_count": 1150, "listed_count": 566}, "username": "realamberheard", "name": "Amber Heard", "url": "https://t.co/Ze18Ek9SOI", "profile_image_url": "https://pbs.twimg.com/profile_images/1383196364792680448/N8CdupEu_normal.jpg"}}, "author": {"created_at": "2010-01-05T00:06:08.000Z", "id": "101900518", "description": "She read about people she could never be, and adventures she would never have.\nShe/Her.", "public_metrics": {"followers_count": 761, "following_count": 377, "tweet_count": 199186, "listed_count": 27}, "username": "meradeatlantis", "name": "mera \u2728", "url": "", "profile_image_url": "https://pbs.twimg.com/profile_images/1478866055548256257/eoo666hF_normal.jpg"}}]