[{"author_id": "1888452504", "created_at": "2018-12-23T08:58:53.000Z", "referenced_tweets": [{"type": "quoted", "id": "1076631905661968384"}], "source": "Twitter for iPhone", "text": "Resilience \ud83d\ude0d https://t.co/oXoggzYR68", "id": "1076764065572114432", "public_metrics": {"retweet_count": 0, "reply_count": 0, "like_count": 0, "quote_count": 0}, "lang": "en", "entities": {"urls": [{"start": 13, "end": 36, "url": "https://t.co/oXoggzYR68", "expanded_url": "https://twitter.com/realamberheard/status/1076631905661968384", "display_url": "twitter.com/realamberheard\u2026"}]}, "quoted_tweet": {"author_id": "807003567605227520", "entities": {"hashtags": [{"start": 163, "end": 181, "tag": "theFutureIsFemale"}], "annotations": [{"start": 129, "end": 130, "probability": 0.4231, "type": "Place", "normalized_text": "Za"}, {"start": 154, "end": 159, "probability": 0.7278, "type": "Place", "normalized_text": "Jordan"}], "urls": [{"start": 182, "end": 205, "url": "https://t.co/pR6d7ZHLsM", "expanded_url": "https://twitter.com/UN_Women/status/1076576893401554944", "display_url": "twitter.com/UN_Women/statu\u2026"}]}, "created_at": "2018-12-23T00:13:43.000Z", "referenced_tweets": [{"type": "quoted", "id": "1076576893401554944"}], "source": "Twitter for iPad", "text": "Some of the most incredible forces for growth, resilience and community that I have ever seen were the women I met in and around Za\u2019atari refugee camp in Jordan.  #theFutureIsFemale https://t.co/pR6d7ZHLsM", "id": "1076631905661968384", "public_metrics": {"retweet_count": 74, "reply_count": 20, "like_count": 583, "quote_count": 2}, "lang": "en", "author": {"created_at": "2016-12-08T23:26:58.000Z", "name": "Amber Heard", "id": "807003567605227520", "description": "Actor and Activist, semi-professional disruptor, ice cream advocate and shameless teacup yorkie-lover", "profile_image_url": "https://pbs.twimg.com/profile_images/1383196364792680448/N8CdupEu_normal.jpg", "url": "https://t.co/Ze18Ek9SOI", "location": "Los Angeles, CA", "public_metrics": {"followers_count": 190357, "following_count": 220, "tweet_count": 1150, "listed_count": 566}, "username": "realamberheard"}}, "author": {"created_at": "2013-09-21T02:00:01.000Z", "name": "\ud83c\uddf3\ud83c\uddff", "id": "1888452504", "description": "1 Corinthians 6:9-10", "profile_image_url": "https://pbs.twimg.com/profile_images/1505478748715446274/QKl8SGxP_normal.jpg", "url": "", "location": "New Zealand", "public_metrics": {"followers_count": 35, "following_count": 50, "tweet_count": 11715, "listed_count": 0}, "username": "queenbymaiden"}}, {"author_id": "1295911188", "created_at": "2018-12-23T08:03:43.000Z", "referenced_tweets": [{"type": "quoted", "id": "1076631905661968384"}], "source": "Twitter for Android", "text": "The true strong women of the world not the ones who have every luxury and cry about wanting more https://t.co/kB2voAJuaK", "id": "1076750183323574273", "public_metrics": {"retweet_count": 0, "reply_count": 0, "like_count": 0, "quote_count": 0}, "lang": "en", "entities": {"urls": [{"start": 97, "end": 120, "url": "https://t.co/kB2voAJuaK", "expanded_url": "https://twitter.com/realamberheard/status/1076631905661968384", "display_url": "twitter.com/realamberheard\u2026"}]}, "quoted_tweet": {"author_id": "807003567605227520", "entities": {"hashtags": [{"start": 163, "end": 181, "tag": "theFutureIsFemale"}], "annotations": [{"start": 129, "end": 130, "probability": 0.4231, "type": "Place", "normalized_text": "Za"}, {"start": 154, "end": 159, "probability": 0.7278, "type": "Place", "normalized_text": "Jordan"}], "urls": [{"start": 182, "end": 205, "url": "https://t.co/pR6d7ZHLsM", "expanded_url": "https://twitter.com/UN_Women/status/1076576893401554944", "display_url": "twitter.com/UN_Women/statu\u2026"}]}, "created_at": "2018-12-23T00:13:43.000Z", "referenced_tweets": [{"type": "quoted", "id": "1076576893401554944"}], "source": "Twitter for iPad", "text": "Some of the most incredible forces for growth, resilience and community that I have ever seen were the women I met in and around Za\u2019atari refugee camp in Jordan.  #theFutureIsFemale https://t.co/pR6d7ZHLsM", "id": "1076631905661968384", "public_metrics": {"retweet_count": 74, "reply_count": 20, "like_count": 583, "quote_count": 2}, "lang": "en", "author": {"created_at": "2016-12-08T23:26:58.000Z", "name": "Amber Heard", "id": "807003567605227520", "description": "Actor and Activist, semi-professional disruptor, ice cream advocate and shameless teacup yorkie-lover", "profile_image_url": "https://pbs.twimg.com/profile_images/1383196364792680448/N8CdupEu_normal.jpg", "url": "https://t.co/Ze18Ek9SOI", "location": "Los Angeles, CA", "public_metrics": {"followers_count": 190357, "following_count": 220, "tweet_count": 1150, "listed_count": 566}, "username": "realamberheard"}}, "author": {"created_at": "2013-03-24T16:59:44.000Z", "name": "Mick minas", "id": "1295911188", "description": "ayia Napa reality star I write direct and star in my own plays here in Cyprus I'm still seeing a shrink after 6 months in Hollywood \ud83e\udd23", "profile_image_url": "https://pbs.twimg.com/profile_images/1357986248347029507/kG9CMYy5_normal.jpg", "url": "", "location": "Cyprus", "public_metrics": {"followers_count": 1616, "following_count": 3752, "tweet_count": 476373, "listed_count": 65}, "username": "MOVIESTVMAD"}}]