[{"author_id": "1068827163577778177", "created_at": "2018-12-25T10:03:19.000Z", "public_metrics": {"retweet_count": 0, "reply_count": 0, "like_count": 0, "quote_count": 0}, "entities": {"urls": [{"start": 47, "end": 70, "url": "https://t.co/gLEuUhGWjO", "expanded_url": "https://twitter.com/realamberheard/status/1077406755351552001", "display_url": "twitter.com/realamberheard\u2026"}]}, "text": "Is she about herself?\nWanderer?\ud83e\udd23\ud83e\udd23\ud83e\udd23\ud83e\udd23Ridiculous. https://t.co/gLEuUhGWjO", "source": "Twitter Web Client", "lang": "en", "id": "1077505058445713408", "quoted_tweet": {"author_id": "807003567605227520", "created_at": "2018-12-25T03:32:42.000Z", "public_metrics": {"retweet_count": 96, "reply_count": 32, "like_count": 990, "quote_count": 2}, "entities": {"urls": [{"start": 136, "end": 159, "url": "https://t.co/uXav71YYQ2", "expanded_url": "https://twitter.com/realamberheard/status/1077406755351552001/photo/1", "display_url": "pic.twitter.com/uXav71YYQ2"}], "hashtags": [{"start": 110, "end": 119, "tag": "fl\u00e2neuse"}, {"start": 123, "end": 135, "tag": "laurenelkin"}]}, "text": "Off to a great start already! Perfect reading for (yet another flight) us eternal gypsies know all so well... #fl\u00e2neuse by #laurenelkin https://t.co/uXav71YYQ2", "source": "Twitter for iPhone", "lang": "en", "id": "1077406755351552001", "author": {"username": "realamberheard", "id": "807003567605227520", "profile_image_url": "https://pbs.twimg.com/profile_images/1383196364792680448/N8CdupEu_normal.jpg", "name": "Amber Heard", "created_at": "2016-12-08T23:26:58.000Z", "public_metrics": {"followers_count": 190357, "following_count": 220, "tweet_count": 1150, "listed_count": 566}, "location": "Los Angeles, CA", "description": "Actor and Activist, semi-professional disruptor, ice cream advocate and shameless teacup yorkie-lover", "url": "https://t.co/Ze18Ek9SOI"}}, "author": {"username": "Franche90213092", "id": "1068827163577778177", "profile_image_url": "https://pbs.twimg.com/profile_images/1069131861186752512/PS_vvhId_normal.jpg", "name": "Francheska", "created_at": "2018-12-01T11:20:28.000Z", "public_metrics": {"followers_count": 0, "following_count": 0, "tweet_count": 41, "listed_count": 0}, "description": "", "url": ""}}, {"author_id": "2919924145", "created_at": "2018-12-25T04:22:03.000Z", "public_metrics": {"retweet_count": 0, "reply_count": 0, "like_count": 0, "quote_count": 0}, "entities": {"urls": [{"start": 35, "end": 58, "url": "https://t.co/hhcLFyZ2zl", "expanded_url": "https://twitter.com/realamberheard/status/1077406755351552001", "display_url": "twitter.com/realamberheard\u2026"}]}, "text": "\u0bb5\u0bbe\u0bb4\u0bcd\u0ba4\u0bcd\u0ba4\u0bc1\u0b95\u0bcd\u0b95\u0bb3\u0bcd means \nCongrats \ud83c\udf82\ud83c\udf82\ud83c\udf61\ud83c\udf6b https://t.co/hhcLFyZ2zl", "source": "Twitter for Android", "referenced_tweets": [{"type": "quoted", "id": "1077406755351552001"}], "lang": "und", "id": "1077419174475911169", "quoted_tweet": {"author_id": "807003567605227520", "created_at": "2018-12-25T03:32:42.000Z", "public_metrics": {"retweet_count": 96, "reply_count": 32, "like_count": 990, "quote_count": 2}, "entities": {"urls": [{"start": 136, "end": 159, "url": "https://t.co/uXav71YYQ2", "expanded_url": "https://twitter.com/realamberheard/status/1077406755351552001/photo/1", "display_url": "pic.twitter.com/uXav71YYQ2"}], "hashtags": [{"start": 110, "end": 119, "tag": "fl\u00e2neuse"}, {"start": 123, "end": 135, "tag": "laurenelkin"}]}, "text": "Off to a great start already! Perfect reading for (yet another flight) us eternal gypsies know all so well... #fl\u00e2neuse by #laurenelkin https://t.co/uXav71YYQ2", "source": "Twitter for iPhone", "lang": "en", "id": "1077406755351552001", "author": {"username": "realamberheard", "id": "807003567605227520", "profile_image_url": "https://pbs.twimg.com/profile_images/1383196364792680448/N8CdupEu_normal.jpg", "name": "Amber Heard", "created_at": "2016-12-08T23:26:58.000Z", "public_metrics": {"followers_count": 190357, "following_count": 220, "tweet_count": 1150, "listed_count": 566}, "location": "Los Angeles, CA", "description": "Actor and Activist, semi-professional disruptor, ice cream advocate and shameless teacup yorkie-lover", "url": "https://t.co/Ze18Ek9SOI"}}, "author": {"username": "eravanaa", "id": "2919924145", "profile_image_url": "https://pbs.twimg.com/profile_images/1279773014804975617/tBXJrJa6_normal.jpg", "name": "\u0bae\u0bbe\u0ba4\u0b99\u0bcd\u0b95\u0ba9\u0bcd", "created_at": "2014-12-05T18:20:32.000Z", "public_metrics": {"followers_count": 547, "following_count": 473, "tweet_count": 24010, "listed_count": 2}, "description": "\u0b89\u0ba9\u0bcd\u0ba9\u0bbe\u0bb2\u0bcd \u0b85\u0ba9\u0bcd\u0baa\u0bbe\u0b95 \u0b87\u0bb0\u0bc1\u0b95\u0bcd\u0b95\u0bae\u0bc1\u0b9f\u0bbf\u0baf\u0bb5\u0bbf\u0bb2\u0bcd\u0bb2\u0bc8\u0baf\u0bc6\u0ba9\u0bbf\u0bb2\u0bcd \u0b85\u0bae\u0bc8\u0ba4\u0bbf\u0baf\u0bbe\u0b95 \u0b87\u0bb0\u0bc1...!!", "url": ""}}]