[{"entities": {"urls": [{"start": 73, "end": 96, "url": "https://t.co/9noOypOdDT", "expanded_url": "https://twitter.com/realamberheard/status/1082944710820294656", "display_url": "twitter.com/realamberheard\u2026"}]}, "lang": "en", "id": "1085974822323146752", "text": "Automatic asylum for women who live under medieval guardianship laws = \u2705 https://t.co/9noOypOdDT", "created_at": "2019-01-17T18:59:08.000Z", "public_metrics": {"retweet_count": 0, "reply_count": 0, "like_count": 0, "quote_count": 0}, "author_id": "463320285", "source": "Twitter for iPhone", "referenced_tweets": [{"type": "quoted", "id": "1082944710820294656"}], "quoted_tweet": {"entities": {"urls": [{"start": 247, "end": 270, "url": "https://t.co/K2hWiHzj2T", "expanded_url": "https://twitter.com/realamberheard/status/1082942760213041157", "display_url": "twitter.com/realamberheard\u2026"}], "hashtags": [{"start": 233, "end": 246, "tag": "RahafAlQanun"}]}, "lang": "en", "id": "1082944710820294656", "text": "Guardianship laws are grotesque and idiotic. Anyone who falls under such cruel and absurd hardship should qualify for asylum. Anyone who doesn\u2019t talk about that isn\u2019t paying attention to their own luxury in being able to ignore it.  #RahafAlQanun https://t.co/K2hWiHzj2T", "created_at": "2019-01-09T10:18:33.000Z", "public_metrics": {"retweet_count": 78, "reply_count": 20, "like_count": 781, "quote_count": 5}, "author_id": "807003567605227520", "source": "Twitter for iPad", "referenced_tweets": [{"type": "quoted", "id": "1082942760213041157"}], "author": {"location": "Los Angeles, CA", "profile_image_url": "https://pbs.twimg.com/profile_images/1383196364792680448/N8CdupEu_normal.jpg", "id": "807003567605227520", "name": "Amber Heard", "created_at": "2016-12-08T23:26:58.000Z", "username": "realamberheard", "url": "https://t.co/Ze18Ek9SOI", "description": "Actor and Activist, semi-professional disruptor, ice cream advocate and shameless teacup yorkie-lover", "public_metrics": {"followers_count": 190356, "following_count": 220, "tweet_count": 1150, "listed_count": 566}}}, "author": {"location": "Hackney, London", "profile_image_url": "https://pbs.twimg.com/profile_images/800243735686684673/iXty36dB_normal.jpg", "id": "463320285", "name": "\ud835\udddf\ud835\ude02\ud835\ude00\ud835\uddf5\ud835\udddf\ud835\uddf6\ud835\uddf3\ud835\uddf2 \ud83d\udd1d", "created_at": "2012-01-14T00:01:35.000Z", "username": "GentlemanLondon", "url": "https://t.co/pglBgEqFf5", "description": "\ud835\udde3\ud835\uddf9\ud835\uddee\ud835\ude06\ud835\ude00 \ud835\uddf5\ud835\uddfc\ud835\uddff\ud835\uddff\ud835\uddf6\ud835\uddef\ud835\uddf9\ud835\uddf2 \ud835\ude01\ud835\uddf2\ud835\uddfb\ud835\uddfb\ud835\uddf6\ud835\ude00 \ud835\uddee\ud835\uddfb\ud835\uddf1 \ud835\uddf2\ud835\ude03\ud835\uddf2\ud835\uddfb \ud835\ude04\ud835\uddfc\ud835\uddff\ud835\ude00\ud835\uddf2 \ud835\uddef\ud835\uddf6\ud835\uddf9\ud835\uddf9\ud835\uddf6\ud835\uddee\ud835\uddff\ud835\uddf1\ud835\ude00.", "public_metrics": {"followers_count": 405, "following_count": 285, "tweet_count": 45258, "listed_count": 12}}}, {"entities": {"urls": [{"start": 39, "end": 62, "url": "https://t.co/rhaZnZAoOU", "expanded_url": "https://twitter.com/realamberheard/status/1082944710820294656", "display_url": "twitter.com/realamberheard\u2026"}]}, "lang": "en", "id": "1083231684307279872", "text": "another reason why I like this actress https://t.co/rhaZnZAoOU", "created_at": "2019-01-10T05:18:53.000Z", "public_metrics": {"retweet_count": 0, "reply_count": 0, "like_count": 0, "quote_count": 0}, "author_id": "41959749", "source": "Twitter Web Client", "referenced_tweets": [{"type": "quoted", "id": "1082944710820294656"}], "quoted_tweet": {"entities": {"urls": [{"start": 247, "end": 270, "url": "https://t.co/K2hWiHzj2T", "expanded_url": "https://twitter.com/realamberheard/status/1082942760213041157", "display_url": "twitter.com/realamberheard\u2026"}], "hashtags": [{"start": 233, "end": 246, "tag": "RahafAlQanun"}]}, "lang": "en", "id": "1082944710820294656", "text": "Guardianship laws are grotesque and idiotic. Anyone who falls under such cruel and absurd hardship should qualify for asylum. Anyone who doesn\u2019t talk about that isn\u2019t paying attention to their own luxury in being able to ignore it.  #RahafAlQanun https://t.co/K2hWiHzj2T", "created_at": "2019-01-09T10:18:33.000Z", "public_metrics": {"retweet_count": 78, "reply_count": 20, "like_count": 781, "quote_count": 5}, "author_id": "807003567605227520", "source": "Twitter for iPad", "referenced_tweets": [{"type": "quoted", "id": "1082942760213041157"}], "author": {"location": "Los Angeles, CA", "profile_image_url": "https://pbs.twimg.com/profile_images/1383196364792680448/N8CdupEu_normal.jpg", "id": "807003567605227520", "name": "Amber Heard", "created_at": "2016-12-08T23:26:58.000Z", "username": "realamberheard", "url": "https://t.co/Ze18Ek9SOI", "description": "Actor and Activist, semi-professional disruptor, ice cream advocate and shameless teacup yorkie-lover", "public_metrics": {"followers_count": 190356, "following_count": 220, "tweet_count": 1150, "listed_count": 566}}}, "author": {"location": "Tacoma, WA", "profile_image_url": "https://pbs.twimg.com/profile_images/1041433671868153856/srdiPaT1_normal.jpg", "id": "41959749", "name": "Raymond Scott", "created_at": "2009-05-23T02:52:09.000Z", "username": "Stellarus", "url": "", "description": "", "public_metrics": {"followers_count": 161, "following_count": 1459, "tweet_count": 5740, "listed_count": 0}}}, {"entities": {"urls": [{"start": 2, "end": 25, "url": "https://t.co/EHPFFjH1cp", "expanded_url": "https://twitter.com/realamberheard/status/1082944710820294656", "display_url": "twitter.com/realamberheard\u2026"}]}, "lang": "und", "id": "1082968874402934785", "text": "\ud83d\udc4d https://t.co/EHPFFjH1cp", "created_at": "2019-01-09T11:54:34.000Z", "public_metrics": {"retweet_count": 0, "reply_count": 0, "like_count": 0, "quote_count": 0}, "author_id": "146383105", "source": "Twitter for iPhone", "referenced_tweets": [{"type": "quoted", "id": "1082944710820294656"}], "quoted_tweet": {"entities": {"urls": [{"start": 247, "end": 270, "url": "https://t.co/K2hWiHzj2T", "expanded_url": "https://twitter.com/realamberheard/status/1082942760213041157", "display_url": "twitter.com/realamberheard\u2026"}], "hashtags": [{"start": 233, "end": 246, "tag": "RahafAlQanun"}]}, "lang": "en", "id": "1082944710820294656", "text": "Guardianship laws are grotesque and idiotic. Anyone who falls under such cruel and absurd hardship should qualify for asylum. Anyone who doesn\u2019t talk about that isn\u2019t paying attention to their own luxury in being able to ignore it.  #RahafAlQanun https://t.co/K2hWiHzj2T", "created_at": "2019-01-09T10:18:33.000Z", "public_metrics": {"retweet_count": 78, "reply_count": 20, "like_count": 781, "quote_count": 5}, "author_id": "807003567605227520", "source": "Twitter for iPad", "referenced_tweets": [{"type": "quoted", "id": "1082942760213041157"}], "author": {"location": "Los Angeles, CA", "profile_image_url": "https://pbs.twimg.com/profile_images/1383196364792680448/N8CdupEu_normal.jpg", "id": "807003567605227520", "name": "Amber Heard", "created_at": "2016-12-08T23:26:58.000Z", "username": "realamberheard", "url": "https://t.co/Ze18Ek9SOI", "description": "Actor and Activist, semi-professional disruptor, ice cream advocate and shameless teacup yorkie-lover", "public_metrics": {"followers_count": 190356, "following_count": 220, "tweet_count": 1150, "listed_count": 566}}}, "author": {"profile_image_url": "https://pbs.twimg.com/profile_images/947522023/Ball_uphill_140.140_normal.GIF", "id": "146383105", "name": "On\u00e9simo here", "created_at": "2010-05-21T08:50:35.000Z", "username": "onesimohere", "url": "https://t.co/iA5U9IteZj", "description": "On\u00e9simo Alvarez-Moro: Whatever I think relevant. Personal not business. Retweet \u2260 agreement. Irony \u2e2e is king. I do not automatically refollow!", "public_metrics": {"followers_count": 366, "following_count": 75, "tweet_count": 114781, "listed_count": 182}}}, {"entities": {"urls": [{"start": 24, "end": 47, "url": "https://t.co/t7H1PoyQIG", "expanded_url": "https://twitter.com/realamberheard/status/1082944710820294656", "display_url": "twitter.com/realamberheard\u2026"}]}, "lang": "en", "id": "1082963596265500672", "text": "I'm Agree With You Mera https://t.co/t7H1PoyQIG", "created_at": "2019-01-09T11:33:36.000Z", "public_metrics": {"retweet_count": 0, "reply_count": 0, "like_count": 0, "quote_count": 0}, "author_id": "1074887749243527168", "source": "Twitter for Android", "referenced_tweets": [{"type": "quoted", "id": "1082944710820294656"}], "quoted_tweet": {"entities": {"urls": [{"start": 247, "end": 270, "url": "https://t.co/K2hWiHzj2T", "expanded_url": "https://twitter.com/realamberheard/status/1082942760213041157", "display_url": "twitter.com/realamberheard\u2026"}], "hashtags": [{"start": 233, "end": 246, "tag": "RahafAlQanun"}]}, "lang": "en", "id": "1082944710820294656", "text": "Guardianship laws are grotesque and idiotic. Anyone who falls under such cruel and absurd hardship should qualify for asylum. Anyone who doesn\u2019t talk about that isn\u2019t paying attention to their own luxury in being able to ignore it.  #RahafAlQanun https://t.co/K2hWiHzj2T", "created_at": "2019-01-09T10:18:33.000Z", "public_metrics": {"retweet_count": 78, "reply_count": 20, "like_count": 781, "quote_count": 5}, "author_id": "807003567605227520", "source": "Twitter for iPad", "referenced_tweets": [{"type": "quoted", "id": "1082942760213041157"}], "author": {"location": "Los Angeles, CA", "profile_image_url": "https://pbs.twimg.com/profile_images/1383196364792680448/N8CdupEu_normal.jpg", "id": "807003567605227520", "name": "Amber Heard", "created_at": "2016-12-08T23:26:58.000Z", "username": "realamberheard", "url": "https://t.co/Ze18Ek9SOI", "description": "Actor and Activist, semi-professional disruptor, ice cream advocate and shameless teacup yorkie-lover", "public_metrics": {"followers_count": 190356, "following_count": 220, "tweet_count": 1150, "listed_count": 566}}}, "author": {"profile_image_url": "https://abs.twimg.com/sticky/default_profile_images/default_profile_normal.png", "id": "1074887749243527168", "name": "Navdeep Kumar", "created_at": "2018-12-18T04:43:04.000Z", "username": "Navdeep32184124", "url": "", "description": "", "public_metrics": {"followers_count": 1, "following_count": 54, "tweet_count": 19, "listed_count": 0}}}]