[{"entities": {"mentions": [{"start": 36, "end": 52, "username": "realDonaldTrump", "id": "25073877"}, {"start": 120, "end": 133, "username": "MichellObama", "id": "217768225"}], "urls": [{"start": 146, "end": 169, "url": "https://t.co/L8psxWUeRj", "expanded_url": "https://twitter.com/realamberheard/status/1086063929879494656", "display_url": "twitter.com/realamberheard\u2026"}]}, "referenced_tweets": [{"type": "quoted", "id": "1086063929879494656"}], "id": "1086244209357713409", "lang": "en", "text": "Love your praise and recognition of @realDonaldTrump doing for others his entire life... why in the world would you add @MichellObama at the end? https://t.co/L8psxWUeRj", "created_at": "2019-01-18T12:49:35.000Z", "source": "Twitter for iPhone", "author_id": "24288174", "public_metrics": {"retweet_count": 0, "reply_count": 0, "like_count": 0, "quote_count": 0}, "quoted_tweet": {"entities": {"mentions": [{"start": 189, "end": 203, "username": "MichelleObama", "id": "409486555"}]}, "id": "1086063929879494656", "lang": "en", "text": "\u201cOur greatness has always come from people who expect nothing and take nothing for granted - folks who work hard for what they have, then reach back and help others after them.\u201d Happy bday @MichelleObama", "created_at": "2019-01-18T00:53:13.000Z", "source": "Twitter for iPhone", "author_id": "807003567605227520", "public_metrics": {"retweet_count": 131, "reply_count": 32, "like_count": 1333, "quote_count": 3}, "author": {"public_metrics": {"followers_count": 190355, "following_count": 220, "tweet_count": 1150, "listed_count": 566}, "created_at": "2016-12-08T23:26:58.000Z", "id": "807003567605227520", "location": "Los Angeles, CA", "name": "Amber Heard", "profile_image_url": "https://pbs.twimg.com/profile_images/1383196364792680448/N8CdupEu_normal.jpg", "username": "realamberheard", "url": "https://t.co/Ze18Ek9SOI", "description": "Actor and Activist, semi-professional disruptor, ice cream advocate and shameless teacup yorkie-lover"}}, "author": {"public_metrics": {"followers_count": 121, "following_count": 424, "tweet_count": 11862, "listed_count": 5}, "created_at": "2009-03-14T00:07:40.000Z", "id": "24288174", "location": "USA", "name": "Dean \ud83c\uddfa\ud83c\uddf8", "profile_image_url": "https://pbs.twimg.com/profile_images/1170378596/Uncle_Sam_normal.jpg", "username": "Mentoring1", "url": "", "description": "\u201cI have certain rules I live by. My first rule: I don\u2019t believe anything the government tells me. Nothing. Zero.\u201d   George Carlin"}}, {"referenced_tweets": [{"type": "quoted", "id": "1086063929879494656"}], "id": "1086121897430003712", "lang": "en", "text": "There is a dangerous script Being banded about from this generation it's one rule or your the villain except the fact that were all flawed that were all things take pride in your flaws rather than trying to reach some kind of passive aggressive perfection https://t.co/2v9fJjn6ot", "created_at": "2019-01-18T04:43:34.000Z", "source": "Twitter for Android", "author_id": "1295911188", "entities": {"urls": [{"start": 256, "end": 279, "url": "https://t.co/2v9fJjn6ot", "expanded_url": "https://twitter.com/realamberheard/status/1086063929879494656", "display_url": "twitter.com/realamberheard\u2026"}]}, "public_metrics": {"retweet_count": 0, "reply_count": 0, "like_count": 0, "quote_count": 0}, "quoted_tweet": {"entities": {"mentions": [{"start": 189, "end": 203, "username": "MichelleObama", "id": "409486555"}]}, "id": "1086063929879494656", "lang": "en", "text": "\u201cOur greatness has always come from people who expect nothing and take nothing for granted - folks who work hard for what they have, then reach back and help others after them.\u201d Happy bday @MichelleObama", "created_at": "2019-01-18T00:53:13.000Z", "source": "Twitter for iPhone", "author_id": "807003567605227520", "public_metrics": {"retweet_count": 131, "reply_count": 32, "like_count": 1333, "quote_count": 3}, "author": {"public_metrics": {"followers_count": 190355, "following_count": 220, "tweet_count": 1150, "listed_count": 566}, "created_at": "2016-12-08T23:26:58.000Z", "id": "807003567605227520", "location": "Los Angeles, CA", "name": "Amber Heard", "profile_image_url": "https://pbs.twimg.com/profile_images/1383196364792680448/N8CdupEu_normal.jpg", "username": "realamberheard", "url": "https://t.co/Ze18Ek9SOI", "description": "Actor and Activist, semi-professional disruptor, ice cream advocate and shameless teacup yorkie-lover"}}, "author": {"public_metrics": {"followers_count": 1616, "following_count": 3752, "tweet_count": 476371, "listed_count": 65}, "created_at": "2013-03-24T16:59:44.000Z", "id": "1295911188", "location": "Cyprus", "name": "Mick minas", "profile_image_url": "https://pbs.twimg.com/profile_images/1357986248347029507/kG9CMYy5_normal.jpg", "username": "MOVIESTVMAD", "url": "", "description": "ayia Napa reality star I write direct and star in my own plays here in Cyprus I'm still seeing a shrink after 6 months in Hollywood \ud83e\udd23"}}, {"referenced_tweets": [{"type": "quoted", "id": "1086063929879494656"}], "id": "1086110258072772608", "lang": "en", "text": "Love you m j https://t.co/CMaSYMtEg2", "created_at": "2019-01-18T03:57:19.000Z", "source": "Twitter for Android", "author_id": "1074887749243527168", "entities": {"urls": [{"start": 13, "end": 36, "url": "https://t.co/CMaSYMtEg2", "expanded_url": "https://twitter.com/realamberheard/status/1086063929879494656", "display_url": "twitter.com/realamberheard\u2026"}]}, "public_metrics": {"retweet_count": 0, "reply_count": 0, "like_count": 1, "quote_count": 0}, "quoted_tweet": {"entities": {"mentions": [{"start": 189, "end": 203, "username": "MichelleObama", "id": "409486555"}]}, "id": "1086063929879494656", "lang": "en", "text": "\u201cOur greatness has always come from people who expect nothing and take nothing for granted - folks who work hard for what they have, then reach back and help others after them.\u201d Happy bday @MichelleObama", "created_at": "2019-01-18T00:53:13.000Z", "source": "Twitter for iPhone", "author_id": "807003567605227520", "public_metrics": {"retweet_count": 131, "reply_count": 32, "like_count": 1333, "quote_count": 3}, "author": {"public_metrics": {"followers_count": 190355, "following_count": 220, "tweet_count": 1150, "listed_count": 566}, "created_at": "2016-12-08T23:26:58.000Z", "id": "807003567605227520", "location": "Los Angeles, CA", "name": "Amber Heard", "profile_image_url": "https://pbs.twimg.com/profile_images/1383196364792680448/N8CdupEu_normal.jpg", "username": "realamberheard", "url": "https://t.co/Ze18Ek9SOI", "description": "Actor and Activist, semi-professional disruptor, ice cream advocate and shameless teacup yorkie-lover"}}, "author": {"public_metrics": {"followers_count": 1, "following_count": 54, "tweet_count": 19, "listed_count": 0}, "created_at": "2018-12-18T04:43:04.000Z", "id": "1074887749243527168", "name": "Navdeep Kumar", "profile_image_url": "https://abs.twimg.com/sticky/default_profile_images/default_profile_normal.png", "username": "Navdeep32184124", "url": "", "description": ""}}]