[{"public_metrics": {"retweet_count": 0, "reply_count": 0, "like_count": 0, "quote_count": 0}, "referenced_tweets": [{"type": "quoted", "id": "1088969210825338880"}], "id": "1092142817768603652", "source": "Twitter Web Client", "lang": "und", "entities": {"urls": [{"start": 18, "end": 41, "url": "https://t.co/DpAT5tLJPI", "expanded_url": "https://twitter.com/realamberheard/status/1088969210825338880", "display_url": "twitter.com/realamberheard\u2026"}], "mentions": [{"start": 1, "end": 17, "username": "Resist_Fracking", "id": "3045062896"}]}, "created_at": "2019-02-03T19:28:33.000Z", "text": ".@Resist_Fracking https://t.co/DpAT5tLJPI", "author_id": "2831785538", "quoted_tweet": {"public_metrics": {"retweet_count": 64, "reply_count": 26, "like_count": 483, "quote_count": 3}, "id": "1088969210825338880", "source": "Twitter for iPhone", "lang": "en", "entities": {"hashtags": [{"start": 30, "end": 42, "tag": "womenrights"}, {"start": 89, "end": 95, "tag": "women"}, {"start": 102, "end": 114, "tag": "humanrights"}, {"start": 143, "end": 152, "tag": "fracking"}, {"start": 159, "end": 177, "tag": "fracking4plastics"}], "mentions": [{"start": 189, "end": 198, "username": "UN_Women", "id": "17137628"}, {"start": 199, "end": 210, "username": "UsingCEDAW", "id": "2483451613"}, {"start": 212, "end": 223, "username": "CEDAWYOUTH", "id": "762608199132286976"}], "annotations": [{"start": 0, "end": 1, "probability": 0.8538, "type": "Place", "normalized_text": "UK"}, {"start": 177, "end": 178, "probability": 0.974, "type": "Place", "normalized_text": "UK"}]}, "created_at": "2019-01-26T01:17:46.000Z", "text": "UK gov can't properly protect #womenrights . Only comprehensive ban can properly protect #women &amp; #humanrights from destructive impacts of #fracking &amp; #fracking4plastics in the UK. @UN_Women @UsingCEDAW \n@CEDAWYOUTH", "author_id": "807003567605227520", "author": {"description": "Actor and Activist, semi-professional disruptor, ice cream advocate and shameless teacup yorkie-lover", "profile_image_url": "https://pbs.twimg.com/profile_images/1383196364792680448/N8CdupEu_normal.jpg", "id": "807003567605227520", "name": "Amber Heard", "public_metrics": {"followers_count": 190355, "following_count": 220, "tweet_count": 1150, "listed_count": 566}, "username": "realamberheard", "created_at": "2016-12-08T23:26:58.000Z", "location": "Los Angeles, CA", "url": "https://t.co/Ze18Ek9SOI"}}, "author": {"description": "The leading, global, cutting edge public relations agency based in London. Results oriented. Established in 2004 by Richard J. Hillgrove VI MA FRSA", "profile_image_url": "https://pbs.twimg.com/profile_images/1492527298440052741/xUMJ1tXq_normal.jpg", "id": "2831785538", "name": "6 Hillgrove PR", "public_metrics": {"followers_count": 11710, "following_count": 8706, "tweet_count": 6952, "listed_count": 30}, "username": "6HillgrovePR", "created_at": "2014-09-25T13:16:53.000Z", "location": "London, United Kingdom", "url": "https://t.co/y5e7OYXMLE"}}, {"public_metrics": {"retweet_count": 0, "reply_count": 0, "like_count": 0, "quote_count": 0}, "referenced_tweets": [{"type": "quoted", "id": "1088969210825338880"}], "id": "1089147458104500224", "source": "Twitter Web Client", "lang": "en", "entities": {"urls": [{"start": 27, "end": 50, "url": "https://t.co/BIVAopjmq3", "expanded_url": "https://bit.ly/2DB77tS", "display_url": "bit.ly/2DB77tS"}, {"start": 51, "end": 74, "url": "https://t.co/Wy2LUMOyVm", "expanded_url": "https://twitter.com/realamberheard/status/1088969210825338880", "display_url": "twitter.com/realamberheard\u2026"}]}, "created_at": "2019-01-26T13:06:04.000Z", "text": "Read our joint report here https://t.co/BIVAopjmq3 https://t.co/Wy2LUMOyVm", "author_id": "801427383723106305", "quoted_tweet": {"public_metrics": {"retweet_count": 64, "reply_count": 26, "like_count": 483, "quote_count": 3}, "id": "1088969210825338880", "source": "Twitter for iPhone", "lang": "en", "entities": {"hashtags": [{"start": 30, "end": 42, "tag": "womenrights"}, {"start": 89, "end": 95, "tag": "women"}, {"start": 102, "end": 114, "tag": "humanrights"}, {"start": 143, "end": 152, "tag": "fracking"}, {"start": 159, "end": 177, "tag": "fracking4plastics"}], "mentions": [{"start": 189, "end": 198, "username": "UN_Women", "id": "17137628"}, {"start": 199, "end": 210, "username": "UsingCEDAW", "id": "2483451613"}, {"start": 212, "end": 223, "username": "CEDAWYOUTH", "id": "762608199132286976"}], "annotations": [{"start": 0, "end": 1, "probability": 0.8538, "type": "Place", "normalized_text": "UK"}, {"start": 177, "end": 178, "probability": 0.974, "type": "Place", "normalized_text": "UK"}]}, "created_at": "2019-01-26T01:17:46.000Z", "text": "UK gov can't properly protect #womenrights . Only comprehensive ban can properly protect #women &amp; #humanrights from destructive impacts of #fracking &amp; #fracking4plastics in the UK. @UN_Women @UsingCEDAW \n@CEDAWYOUTH", "author_id": "807003567605227520", "author": {"description": "Actor and Activist, semi-professional disruptor, ice cream advocate and shameless teacup yorkie-lover", "profile_image_url": "https://pbs.twimg.com/profile_images/1383196364792680448/N8CdupEu_normal.jpg", "id": "807003567605227520", "name": "Amber Heard", "public_metrics": {"followers_count": 190355, "following_count": 220, "tweet_count": 1150, "listed_count": 566}, "username": "realamberheard", "created_at": "2016-12-08T23:26:58.000Z", "location": "Los Angeles, CA", "url": "https://t.co/Ze18Ek9SOI"}}, "author": {"description": "#NoFracking #NoLNG Stop #Fracking4plastics campaigner & consultant for climate/environmental protection & energy policy. Posts reflect personal views.", "profile_image_url": "https://pbs.twimg.com/profile_images/1432288006996692995/N-X41R3l_normal.jpg", "id": "801427383723106305", "name": "Andy Gheorghiu", "public_metrics": {"followers_count": 1841, "following_count": 180, "tweet_count": 18937, "listed_count": 56}, "username": "GheorghiuAndy", "created_at": "2016-11-23T14:09:12.000Z", "location": "Nordhessen, Germany", "url": ""}}]