[{"id": "1090457970830274560", "entities": {"urls": [{"start": 5, "end": 28, "url": "https://t.co/24cCtCxKuz", "expanded_url": "https://twitter.com/realamberheard/status/1090457357862166528", "display_url": "twitter.com/realamberheard\u2026"}]}, "lang": "und", "author_id": "1088037113705095168", "referenced_tweets": [{"type": "quoted", "id": "1090457357862166528"}], "public_metrics": {"retweet_count": 0, "reply_count": 0, "like_count": 1, "quote_count": 0}, "text": "\ud83d\ude0d\ud83d\ude0d\ud83d\ude18\ud83d\ude18 https://t.co/24cCtCxKuz", "created_at": "2019-01-30T03:53:34.000Z", "source": "Twitter for Android", "quoted_tweet": {"in_reply_to_user_id": "19697415", "id": "1090457357862166528", "entities": {"hashtags": [{"start": 11, "end": 19, "tag": "ColdBro"}], "mentions": [{"start": 0, "end": 10, "username": "billmaher", "id": "19697415"}]}, "lang": "und", "author_id": "807003567605227520", "referenced_tweets": [{"type": "replied_to", "id": "1089963379840569344"}], "public_metrics": {"retweet_count": 2, "reply_count": 6, "like_count": 89, "quote_count": 1}, "text": "@billmaher #ColdBro", "created_at": "2019-01-30T03:51:08.000Z", "source": "Twitter for iPhone", "author": {"url": "https://t.co/Ze18Ek9SOI", "username": "realamberheard", "description": "Actor and Activist, semi-professional disruptor, ice cream advocate and shameless teacup yorkie-lover", "name": "Amber Heard", "location": "Los Angeles, CA", "created_at": "2016-12-08T23:26:58.000Z", "profile_image_url": "https://pbs.twimg.com/profile_images/1383196364792680448/N8CdupEu_normal.jpg", "public_metrics": {"followers_count": 190355, "following_count": 220, "tweet_count": 1150, "listed_count": 566}, "id": "807003567605227520"}}, "author": {"url": "", "username": "MakwanaAnkit16", "description": "Rise to the throne \ud83d\udd31", "name": "Makwana Ankit", "location": "Ahmadabad City, India", "created_at": "2019-01-23T11:33:57.000Z", "profile_image_url": "https://pbs.twimg.com/profile_images/1089511692147384320/2TxsBP32_normal.jpg", "public_metrics": {"followers_count": 22, "following_count": 1403, "tweet_count": 36, "listed_count": 0}, "id": "1088037113705095168"}}]