[{"source": "Twitter for iPhone", "text": "She beat up n shitted in Johnny Depp bed \ud83d\ude02\ud83d\ude02\ud83d\ude02 https://t.co/XUFQE0vDD0", "lang": "en", "entities": {"annotations": [{"start": 25, "end": 35, "probability": 0.9609, "type": "Person", "normalized_text": "Johnny Depp"}], "urls": [{"start": 45, "end": 68, "url": "https://t.co/XUFQE0vDD0", "expanded_url": "https://twitter.com/realamberheard/status/1090655854360064000", "display_url": "twitter.com/realamberheard\u2026"}]}, "created_at": "2019-03-14T16:23:37.000Z", "public_metrics": {"retweet_count": 0, "reply_count": 0, "like_count": 0, "quote_count": 1}, "author_id": "410761288", "referenced_tweets": [{"type": "quoted", "id": "1090655854360064000"}], "id": "1106229403116339202", "quoted_tweet": {"source": "Twitter for iPhone", "text": "Headed to Tijuana to meet with people on the ground who are living in the middle of the ongoing crisis that still desperately needs our aid, attention &amp; support @thisisabouthumanity https://t.co/JaqCk3Un73", "lang": "en", "entities": {"annotations": [{"start": 10, "end": 16, "probability": 0.9585, "type": "Place", "normalized_text": "Tijuana"}], "urls": [{"start": 186, "end": 209, "url": "https://t.co/JaqCk3Un73", "expanded_url": "https://twitter.com/realamberheard/status/1090655854360064000/photo/1", "display_url": "pic.twitter.com/JaqCk3Un73"}]}, "created_at": "2019-01-30T16:59:53.000Z", "public_metrics": {"retweet_count": 374, "reply_count": 158, "like_count": 4537, "quote_count": 44}, "author_id": "807003567605227520", "id": "1090655854360064000", "author": {"username": "realamberheard", "location": "Los Angeles, CA", "public_metrics": {"followers_count": 190355, "following_count": 220, "tweet_count": 1150, "listed_count": 566}, "name": "Amber Heard", "url": "https://t.co/Ze18Ek9SOI", "id": "807003567605227520", "created_at": "2016-12-08T23:26:58.000Z", "profile_image_url": "https://pbs.twimg.com/profile_images/1383196364792680448/N8CdupEu_normal.jpg", "description": "Actor and Activist, semi-professional disruptor, ice cream advocate and shameless teacup yorkie-lover"}}, "author": {"username": "1RealBadMan", "public_metrics": {"followers_count": 2439, "following_count": 3624, "tweet_count": 128412, "listed_count": 6}, "name": ".", "url": "", "id": "410761288", "created_at": "2011-11-12T14:45:48.000Z", "profile_image_url": "https://pbs.twimg.com/profile_images/1477461436922220548/n6qPewyQ_normal.jpg", "description": ""}}, {"source": "Twitter for iPhone", "text": "RT @ManifestMillen1: If there is one #millennial that has amazing heart and works to its beat is you @realamberheard https://t.co/93B6QDW5ss", "lang": "en", "created_at": "2019-03-12T01:20:29.000Z", "entities": {"mentions": [{"start": 3, "end": 19, "username": "ManifestMillen1", "id": "984639685107507200"}, {"start": 101, "end": 116, "username": "realamberheard", "id": "807003567605227520"}], "urls": [{"start": 117, "end": 140, "url": "https://t.co/93B6QDW5ss", "expanded_url": "https://twitter.com/realamberheard/status/1090655854360064000", "display_url": "twitter.com/realamberheard\u2026"}], "hashtags": [{"start": 37, "end": 48, "tag": "millennial"}]}, "public_metrics": {"retweet_count": 3, "reply_count": 0, "like_count": 0, "quote_count": 0}, "author_id": "1100318449631444992", "referenced_tweets": [{"type": "retweeted", "id": "1090692570819158018"}], "id": "1105277350026117122", "quoted_tweet": {"source": "Twitter for iPhone", "text": "Headed to Tijuana to meet with people on the ground who are living in the middle of the ongoing crisis that still desperately needs our aid, attention &amp; support @thisisabouthumanity https://t.co/JaqCk3Un73", "lang": "en", "entities": {"annotations": [{"start": 10, "end": 16, "probability": 0.9585, "type": "Place", "normalized_text": "Tijuana"}], "urls": [{"start": 186, "end": 209, "url": "https://t.co/JaqCk3Un73", "expanded_url": "https://twitter.com/realamberheard/status/1090655854360064000/photo/1", "display_url": "pic.twitter.com/JaqCk3Un73"}]}, "created_at": "2019-01-30T16:59:53.000Z", "public_metrics": {"retweet_count": 374, "reply_count": 158, "like_count": 4537, "quote_count": 44}, "author_id": "807003567605227520", "id": "1090655854360064000", "author": {"username": "realamberheard", "location": "Los Angeles, CA", "public_metrics": {"followers_count": 190355, "following_count": 220, "tweet_count": 1150, "listed_count": 566}, "name": "Amber Heard", "url": "https://t.co/Ze18Ek9SOI", "id": "807003567605227520", "created_at": "2016-12-08T23:26:58.000Z", "profile_image_url": "https://pbs.twimg.com/profile_images/1383196364792680448/N8CdupEu_normal.jpg", "description": "Actor and Activist, semi-professional disruptor, ice cream advocate and shameless teacup yorkie-lover"}}, "author": {"username": "Matt60083934", "public_metrics": {"followers_count": 10, "following_count": 56, "tweet_count": 181, "listed_count": 0}, "name": "Matt", "url": "", "id": "1100318449631444992", "created_at": "2019-02-26T08:55:36.000Z", "profile_image_url": "https://pbs.twimg.com/profile_images/1100318871502884864/jYvaKpGT_normal.jpg", "description": "married to the woman of my dreams"}}, {"source": "Twitter for iPad", "text": "RT @ManifestMillen1: If there is one #millennial that has amazing heart and works to its beat is you @realamberheard https://t.co/93B6QDW5ss", "lang": "en", "created_at": "2019-02-24T21:08:54.000Z", "entities": {"mentions": [{"start": 3, "end": 19, "username": "ManifestMillen1", "id": "984639685107507200"}, {"start": 101, "end": 116, "username": "realamberheard", "id": "807003567605227520"}], "urls": [{"start": 117, "end": 140, "url": "https://t.co/93B6QDW5ss", "expanded_url": "https://twitter.com/realamberheard/status/1090655854360064000", "display_url": "twitter.com/realamberheard\u2026"}], "hashtags": [{"start": 37, "end": 48, "tag": "millennial"}]}, "public_metrics": {"retweet_count": 3, "reply_count": 0, "like_count": 0, "quote_count": 0}, "author_id": "414221776", "referenced_tweets": [{"type": "retweeted", "id": "1090692570819158018"}], "id": "1099778215810355200", "quoted_tweet": {"source": "Twitter for iPhone", "text": "Headed to Tijuana to meet with people on the ground who are living in the middle of the ongoing crisis that still desperately needs our aid, attention &amp; support @thisisabouthumanity https://t.co/JaqCk3Un73", "lang": "en", "entities": {"annotations": [{"start": 10, "end": 16, "probability": 0.9585, "type": "Place", "normalized_text": "Tijuana"}], "urls": [{"start": 186, "end": 209, "url": "https://t.co/JaqCk3Un73", "expanded_url": "https://twitter.com/realamberheard/status/1090655854360064000/photo/1", "display_url": "pic.twitter.com/JaqCk3Un73"}]}, "created_at": "2019-01-30T16:59:53.000Z", "public_metrics": {"retweet_count": 374, "reply_count": 158, "like_count": 4537, "quote_count": 44}, "author_id": "807003567605227520", "id": "1090655854360064000", "author": {"username": "realamberheard", "location": "Los Angeles, CA", "public_metrics": {"followers_count": 190355, "following_count": 220, "tweet_count": 1150, "listed_count": 566}, "name": "Amber Heard", "url": "https://t.co/Ze18Ek9SOI", "id": "807003567605227520", "created_at": "2016-12-08T23:26:58.000Z", "profile_image_url": "https://pbs.twimg.com/profile_images/1383196364792680448/N8CdupEu_normal.jpg", "description": "Actor and Activist, semi-professional disruptor, ice cream advocate and shameless teacup yorkie-lover"}}, "author": {"username": "BudGothmog44", "location": "Clearwater Fla Florida NY", "public_metrics": {"followers_count": 70907, "following_count": 70627, "tweet_count": 494111, "listed_count": 41}, "name": "Bud", "url": "", "id": "414221776", "created_at": "2011-11-16T19:51:06.000Z", "profile_image_url": "https://pbs.twimg.com/profile_images/1094697699650224128/41FZWRNc_normal.jpg", "description": "77 mar LCSW 49 yr Recovery USAF Vet Atheist Dem fm NJ Ohio Mass Hawaii NY Fla no tweets = block #ResistanceUnited #VoteBlue #ACLU #SPLC #BLM \ud83c\udf0ano DM\u2019s"}}, {"source": "Twitter for iPhone", "text": "\ud83d\ude28\ud83d\ude28\ud83d\ude28\ud83d\ude31\ud83d\ude31\ud83d\ude31 https://t.co/aIaHdFy3ma", "lang": "und", "created_at": "2019-02-01T23:10:11.000Z", "public_metrics": {"retweet_count": 0, "reply_count": 1, "like_count": 2, "quote_count": 0}, "entities": {"urls": [{"start": 7, "end": 30, "url": "https://t.co/aIaHdFy3ma", "expanded_url": "https://twitter.com/realamberheard/status/1090655854360064000", "display_url": "twitter.com/realamberheard\u2026"}]}, "author_id": "1039727555107069952", "referenced_tweets": [{"type": "quoted", "id": "1090655854360064000"}], "id": "1091473817069793281", "quoted_tweet": {"source": "Twitter for iPhone", "text": "Headed to Tijuana to meet with people on the ground who are living in the middle of the ongoing crisis that still desperately needs our aid, attention &amp; support @thisisabouthumanity https://t.co/JaqCk3Un73", "lang": "en", "entities": {"annotations": [{"start": 10, "end": 16, "probability": 0.9585, "type": "Place", "normalized_text": "Tijuana"}], "urls": [{"start": 186, "end": 209, "url": "https://t.co/JaqCk3Un73", "expanded_url": "https://twitter.com/realamberheard/status/1090655854360064000/photo/1", "display_url": "pic.twitter.com/JaqCk3Un73"}]}, "created_at": "2019-01-30T16:59:53.000Z", "public_metrics": {"retweet_count": 374, "reply_count": 158, "like_count": 4537, "quote_count": 44}, "author_id": "807003567605227520", "id": "1090655854360064000", "author": {"username": "realamberheard", "location": "Los Angeles, CA", "public_metrics": {"followers_count": 190355, "following_count": 220, "tweet_count": 1150, "listed_count": 566}, "name": "Amber Heard", "url": "https://t.co/Ze18Ek9SOI", "id": "807003567605227520", "created_at": "2016-12-08T23:26:58.000Z", "profile_image_url": "https://pbs.twimg.com/profile_images/1383196364792680448/N8CdupEu_normal.jpg", "description": "Actor and Activist, semi-professional disruptor, ice cream advocate and shameless teacup yorkie-lover"}}, "author": {"username": "claudialsakno", "public_metrics": {"followers_count": 460, "following_count": 454, "tweet_count": 10234, "listed_count": 0}, "name": "saknovbitch", "url": "", "id": "1039727555107069952", "created_at": "2018-09-12T04:09:01.000Z", "profile_image_url": "https://pbs.twimg.com/profile_images/1498431490912399363/HYZEZjqC_normal.jpg", "description": "professional karaoke singer\ud83c\udfa4"}}, {"source": "Twitter for iPhone", "text": "Estoy en la crisis de los 26 y necesito desesperadamente tu ayuda, atenci\u00f3n y amor, diosa de los mares https://t.co/ihQN8h9CpR", "lang": "es", "created_at": "2019-02-01T06:50:37.000Z", "public_metrics": {"retweet_count": 0, "reply_count": 0, "like_count": 1, "quote_count": 0}, "entities": {"urls": [{"start": 103, "end": 126, "url": "https://t.co/ihQN8h9CpR", "expanded_url": "https://twitter.com/realamberheard/status/1090655854360064000", "display_url": "twitter.com/realamberheard\u2026"}]}, "author_id": "202446358", "referenced_tweets": [{"type": "quoted", "id": "1090655854360064000"}], "id": "1091227303168794626", "quoted_tweet": {"source": "Twitter for iPhone", "text": "Headed to Tijuana to meet with people on the ground who are living in the middle of the ongoing crisis that still desperately needs our aid, attention &amp; support @thisisabouthumanity https://t.co/JaqCk3Un73", "lang": "en", "entities": {"annotations": [{"start": 10, "end": 16, "probability": 0.9585, "type": "Place", "normalized_text": "Tijuana"}], "urls": [{"start": 186, "end": 209, "url": "https://t.co/JaqCk3Un73", "expanded_url": "https://twitter.com/realamberheard/status/1090655854360064000/photo/1", "display_url": "pic.twitter.com/JaqCk3Un73"}]}, "created_at": "2019-01-30T16:59:53.000Z", "public_metrics": {"retweet_count": 374, "reply_count": 158, "like_count": 4537, "quote_count": 44}, "author_id": "807003567605227520", "id": "1090655854360064000", "author": {"username": "realamberheard", "location": "Los Angeles, CA", "public_metrics": {"followers_count": 190355, "following_count": 220, "tweet_count": 1150, "listed_count": 566}, "name": "Amber Heard", "url": "https://t.co/Ze18Ek9SOI", "id": "807003567605227520", "created_at": "2016-12-08T23:26:58.000Z", "profile_image_url": "https://pbs.twimg.com/profile_images/1383196364792680448/N8CdupEu_normal.jpg", "description": "Actor and Activist, semi-professional disruptor, ice cream advocate and shameless teacup yorkie-lover"}}, "author": {"username": "MGuido_", "public_metrics": {"followers_count": 215, "following_count": 558, "tweet_count": 17369, "listed_count": 1}, "name": "guido.", "url": "https://t.co/HtmJEBNipu", "id": "202446358", "created_at": "2010-10-14T01:56:07.000Z", "profile_image_url": "https://pbs.twimg.com/profile_images/1457617923334303744/B6tAfMsQ_normal.jpg", "description": "~ on pursuit of happiness ~"}}, {"source": "Twitter Web Client", "text": "you are an angel, we don't deserve you. https://t.co/GgueC2Qg1c", "lang": "en", "created_at": "2019-01-31T18:52:06.000Z", "public_metrics": {"retweet_count": 0, "reply_count": 0, "like_count": 0, "quote_count": 0}, "entities": {"urls": [{"start": 40, "end": 63, "url": "https://t.co/GgueC2Qg1c", "expanded_url": "https://twitter.com/realamberheard/status/1090655854360064000", "display_url": "twitter.com/realamberheard\u2026"}]}, "author_id": "1560980574", "referenced_tweets": [{"type": "quoted", "id": "1090655854360064000"}], "id": "1091046482264899585", "quoted_tweet": {"source": "Twitter for iPhone", "text": "Headed to Tijuana to meet with people on the ground who are living in the middle of the ongoing crisis that still desperately needs our aid, attention &amp; support @thisisabouthumanity https://t.co/JaqCk3Un73", "lang": "en", "entities": {"annotations": [{"start": 10, "end": 16, "probability": 0.9585, "type": "Place", "normalized_text": "Tijuana"}], "urls": [{"start": 186, "end": 209, "url": "https://t.co/JaqCk3Un73", "expanded_url": "https://twitter.com/realamberheard/status/1090655854360064000/photo/1", "display_url": "pic.twitter.com/JaqCk3Un73"}]}, "created_at": "2019-01-30T16:59:53.000Z", "public_metrics": {"retweet_count": 374, "reply_count": 158, "like_count": 4537, "quote_count": 44}, "author_id": "807003567605227520", "id": "1090655854360064000", "author": {"username": "realamberheard", "location": "Los Angeles, CA", "public_metrics": {"followers_count": 190355, "following_count": 220, "tweet_count": 1150, "listed_count": 566}, "name": "Amber Heard", "url": "https://t.co/Ze18Ek9SOI", "id": "807003567605227520", "created_at": "2016-12-08T23:26:58.000Z", "profile_image_url": "https://pbs.twimg.com/profile_images/1383196364792680448/N8CdupEu_normal.jpg", "description": "Actor and Activist, semi-professional disruptor, ice cream advocate and shameless teacup yorkie-lover"}}, "author": {"username": "timotydrake", "public_metrics": {"followers_count": 1170, "following_count": 302, "tweet_count": 182855, "listed_count": 29}, "name": "\u2018", "url": "https://t.co/XMGTbFoq0e", "id": "1560980574", "created_at": "2013-07-01T17:06:02.000Z", "profile_image_url": "https://pbs.twimg.com/profile_images/1336245579375136768/mJEvZ1FN_normal.jpg", "description": ""}}, {"source": "Twitter for iPhone", "text": "RT @EmilioCaparrs1: Hi @realamberheard!. Last Christmas I saw @aquamanmovie at the cinema!. I loved it!. My congratulations friend!. \ud83d\ude18\ud83d\ude18\ud83d\udc90\ud83d\udc4f\ud83d\udc4f\u2026", "lang": "en", "entities": {"annotations": [{"start": 46, "end": 54, "probability": 0.8552, "type": "Other", "normalized_text": "Christmas"}], "mentions": [{"start": 3, "end": 18, "username": "EmilioCaparrs1", "id": "1158044418"}, {"start": 23, "end": 38, "username": "realamberheard", "id": "807003567605227520"}, {"start": 62, "end": 75, "username": "aquamanmovie", "id": "859174864220938241"}]}, "created_at": "2019-01-31T12:33:28.000Z", "public_metrics": {"retweet_count": 1, "reply_count": 0, "like_count": 0, "quote_count": 0}, "author_id": "183472745", "referenced_tweets": [{"type": "retweeted", "id": "1090765475326373888"}], "id": "1090951196704231424", "quoted_tweet": {"source": "Twitter for iPhone", "text": "Headed to Tijuana to meet with people on the ground who are living in the middle of the ongoing crisis that still desperately needs our aid, attention &amp; support @thisisabouthumanity https://t.co/JaqCk3Un73", "lang": "en", "entities": {"annotations": [{"start": 10, "end": 16, "probability": 0.9585, "type": "Place", "normalized_text": "Tijuana"}], "urls": [{"start": 186, "end": 209, "url": "https://t.co/JaqCk3Un73", "expanded_url": "https://twitter.com/realamberheard/status/1090655854360064000/photo/1", "display_url": "pic.twitter.com/JaqCk3Un73"}]}, "created_at": "2019-01-30T16:59:53.000Z", "public_metrics": {"retweet_count": 374, "reply_count": 158, "like_count": 4537, "quote_count": 44}, "author_id": "807003567605227520", "id": "1090655854360064000", "author": {"username": "realamberheard", "location": "Los Angeles, CA", "public_metrics": {"followers_count": 190355, "following_count": 220, "tweet_count": 1150, "listed_count": 566}, "name": "Amber Heard", "url": "https://t.co/Ze18Ek9SOI", "id": "807003567605227520", "created_at": "2016-12-08T23:26:58.000Z", "profile_image_url": "https://pbs.twimg.com/profile_images/1383196364792680448/N8CdupEu_normal.jpg", "description": "Actor and Activist, semi-professional disruptor, ice cream advocate and shameless teacup yorkie-lover"}}, "author": {"username": "yvonne41277", "location": "Illinois, USA", "public_metrics": {"followers_count": 562, "following_count": 763, "tweet_count": 11758, "listed_count": 0}, "name": "Yvonne", "url": "https://t.co/fCqitDgEmB", "id": "183472745", "created_at": "2010-08-27T02:26:13.000Z", "profile_image_url": "https://pbs.twimg.com/profile_images/899091484498067456/lhtRNqT1_normal.jpg", "description": "Peace Love and Happiness For all \u270c\ufe0f\u270c\ufe0f\u270c\ufe0f https://t.co/D5L1V8LNSp"}}, {"source": "Twitter for Android", "text": "Ll\u00e9venme a Tijuana, necesito su atenci\u00f3n https://t.co/d28iUO4N8b", "lang": "es", "entities": {"annotations": [{"start": 11, "end": 17, "probability": 0.9537, "type": "Place", "normalized_text": "Tijuana"}], "urls": [{"start": 41, "end": 64, "url": "https://t.co/d28iUO4N8b", "expanded_url": "https://twitter.com/realamberheard/status/1090655854360064000", "display_url": "twitter.com/realamberheard\u2026"}]}, "created_at": "2019-01-31T08:49:30.000Z", "public_metrics": {"retweet_count": 0, "reply_count": 0, "like_count": 0, "quote_count": 0}, "author_id": "94726244", "referenced_tweets": [{"type": "quoted", "id": "1090655854360064000"}], "id": "1090894833906937856", "quoted_tweet": {"source": "Twitter for iPhone", "text": "Headed to Tijuana to meet with people on the ground who are living in the middle of the ongoing crisis that still desperately needs our aid, attention &amp; support @thisisabouthumanity https://t.co/JaqCk3Un73", "lang": "en", "entities": {"annotations": [{"start": 10, "end": 16, "probability": 0.9585, "type": "Place", "normalized_text": "Tijuana"}], "urls": [{"start": 186, "end": 209, "url": "https://t.co/JaqCk3Un73", "expanded_url": "https://twitter.com/realamberheard/status/1090655854360064000/photo/1", "display_url": "pic.twitter.com/JaqCk3Un73"}]}, "created_at": "2019-01-30T16:59:53.000Z", "public_metrics": {"retweet_count": 374, "reply_count": 158, "like_count": 4537, "quote_count": 44}, "author_id": "807003567605227520", "id": "1090655854360064000", "author": {"username": "realamberheard", "location": "Los Angeles, CA", "public_metrics": {"followers_count": 190355, "following_count": 220, "tweet_count": 1150, "listed_count": 566}, "name": "Amber Heard", "url": "https://t.co/Ze18Ek9SOI", "id": "807003567605227520", "created_at": "2016-12-08T23:26:58.000Z", "profile_image_url": "https://pbs.twimg.com/profile_images/1383196364792680448/N8CdupEu_normal.jpg", "description": "Actor and Activist, semi-professional disruptor, ice cream advocate and shameless teacup yorkie-lover"}}, "author": {"username": "DiegoIMP", "location": "Pueblo Quieto", "public_metrics": {"followers_count": 221, "following_count": 159, "tweet_count": 5315, "listed_count": 1}, "name": "Diegu\u015b. Deeaygo (Saul Goodman)", "url": "https://t.co/HjLBJ8IHBS", "id": "94726244", "created_at": "2009-12-05T04:46:21.000Z", "profile_image_url": "https://pbs.twimg.com/profile_images/1295024495032500224/8yrzqtxs_normal.jpg", "description": "Comunicaci\u00f3n. UAEM\u00e9x. Amante de los deportes. CZ. Tacos. \ud83d\udc3a"}}, {"source": "Twitter for Android", "text": "Love you, queen! \ud83d\udc51\u2764 https://t.co/apEHyzFVSo", "lang": "en", "created_at": "2019-01-31T07:22:12.000Z", "public_metrics": {"retweet_count": 0, "reply_count": 0, "like_count": 0, "quote_count": 0}, "entities": {"urls": [{"start": 20, "end": 43, "url": "https://t.co/apEHyzFVSo", "expanded_url": "https://twitter.com/realamberheard/status/1090655854360064000", "display_url": "twitter.com/realamberheard\u2026"}]}, "author_id": "1111299104", "referenced_tweets": [{"type": "quoted", "id": "1090655854360064000"}], "id": "1090872860464140290", "quoted_tweet": {"source": "Twitter for iPhone", "text": "Headed to Tijuana to meet with people on the ground who are living in the middle of the ongoing crisis that still desperately needs our aid, attention &amp; support @thisisabouthumanity https://t.co/JaqCk3Un73", "lang": "en", "entities": {"annotations": [{"start": 10, "end": 16, "probability": 0.9585, "type": "Place", "normalized_text": "Tijuana"}], "urls": [{"start": 186, "end": 209, "url": "https://t.co/JaqCk3Un73", "expanded_url": "https://twitter.com/realamberheard/status/1090655854360064000/photo/1", "display_url": "pic.twitter.com/JaqCk3Un73"}]}, "created_at": "2019-01-30T16:59:53.000Z", "public_metrics": {"retweet_count": 374, "reply_count": 158, "like_count": 4537, "quote_count": 44}, "author_id": "807003567605227520", "id": "1090655854360064000", "author": {"username": "realamberheard", "location": "Los Angeles, CA", "public_metrics": {"followers_count": 190355, "following_count": 220, "tweet_count": 1150, "listed_count": 566}, "name": "Amber Heard", "url": "https://t.co/Ze18Ek9SOI", "id": "807003567605227520", "created_at": "2016-12-08T23:26:58.000Z", "profile_image_url": "https://pbs.twimg.com/profile_images/1383196364792680448/N8CdupEu_normal.jpg", "description": "Actor and Activist, semi-professional disruptor, ice cream advocate and shameless teacup yorkie-lover"}}, "author": {"username": "aniastaciaaaa", "location": "Terrasen, Erilea", "public_metrics": {"followers_count": 280, "following_count": 538, "tweet_count": 7684, "listed_count": 1}, "name": "Anya Hiddleston", "url": "https://t.co/Fz4GHDHmkI", "id": "1111299104", "created_at": "2013-01-22T11:31:09.000Z", "profile_image_url": "https://pbs.twimg.com/profile_images/1501249882585137157/zThjxXH2_normal.jpg", "description": "Awesomely weird wanderer | iska"}}, {"source": "Twitter for iPhone", "text": "Bienvenida https://t.co/euamRVyw39", "lang": "es", "created_at": "2019-01-31T04:43:49.000Z", "public_metrics": {"retweet_count": 0, "reply_count": 0, "like_count": 0, "quote_count": 0}, "entities": {"urls": [{"start": 11, "end": 34, "url": "https://t.co/euamRVyw39", "expanded_url": "https://twitter.com/realamberheard/status/1090655854360064000", "display_url": "twitter.com/realamberheard\u2026"}]}, "author_id": "175900519", "referenced_tweets": [{"type": "quoted", "id": "1090655854360064000"}], "id": "1090833003985592320", "quoted_tweet": {"source": "Twitter for iPhone", "text": "Headed to Tijuana to meet with people on the ground who are living in the middle of the ongoing crisis that still desperately needs our aid, attention &amp; support @thisisabouthumanity https://t.co/JaqCk3Un73", "lang": "en", "entities": {"annotations": [{"start": 10, "end": 16, "probability": 0.9585, "type": "Place", "normalized_text": "Tijuana"}], "urls": [{"start": 186, "end": 209, "url": "https://t.co/JaqCk3Un73", "expanded_url": "https://twitter.com/realamberheard/status/1090655854360064000/photo/1", "display_url": "pic.twitter.com/JaqCk3Un73"}]}, "created_at": "2019-01-30T16:59:53.000Z", "public_metrics": {"retweet_count": 374, "reply_count": 158, "like_count": 4537, "quote_count": 44}, "author_id": "807003567605227520", "id": "1090655854360064000", "author": {"username": "realamberheard", "location": "Los Angeles, CA", "public_metrics": {"followers_count": 190355, "following_count": 220, "tweet_count": 1150, "listed_count": 566}, "name": "Amber Heard", "url": "https://t.co/Ze18Ek9SOI", "id": "807003567605227520", "created_at": "2016-12-08T23:26:58.000Z", "profile_image_url": "https://pbs.twimg.com/profile_images/1383196364792680448/N8CdupEu_normal.jpg", "description": "Actor and Activist, semi-professional disruptor, ice cream advocate and shameless teacup yorkie-lover"}}, "author": {"username": "edysanusa", "location": "Tijuana My Love \u2764\ufe0f", "public_metrics": {"followers_count": 65, "following_count": 968, "tweet_count": 3645, "listed_count": 1}, "name": "Eddie Cancino \ud83d\udc4d", "url": "", "id": "175900519", "created_at": "2010-08-07T23:48:25.000Z", "profile_image_url": "https://pbs.twimg.com/profile_images/1349762940610568192/ps86_QQm_normal.jpg", "description": "Mirador de series y pel\u00edculas.\nVideojueguista.\nAmericanista.\nLust for life and Light my fire!\nAventuras espaciales en la isla del Dr. Idiota."}}, {"source": "Twitter for Android", "text": "Beybi https://t.co/iXoPBb2WMX", "lang": "et", "created_at": "2019-01-31T00:49:41.000Z", "public_metrics": {"retweet_count": 0, "reply_count": 0, "like_count": 0, "quote_count": 0}, "entities": {"urls": [{"start": 6, "end": 29, "url": "https://t.co/iXoPBb2WMX", "expanded_url": "https://twitter.com/realamberheard/status/1090655854360064000", "display_url": "twitter.com/realamberheard\u2026"}]}, "author_id": "2823079645", "referenced_tweets": [{"type": "quoted", "id": "1090655854360064000"}], "id": "1090774082616872960", "quoted_tweet": {"source": "Twitter for iPhone", "text": "Headed to Tijuana to meet with people on the ground who are living in the middle of the ongoing crisis that still desperately needs our aid, attention &amp; support @thisisabouthumanity https://t.co/JaqCk3Un73", "lang": "en", "entities": {"annotations": [{"start": 10, "end": 16, "probability": 0.9585, "type": "Place", "normalized_text": "Tijuana"}], "urls": [{"start": 186, "end": 209, "url": "https://t.co/JaqCk3Un73", "expanded_url": "https://twitter.com/realamberheard/status/1090655854360064000/photo/1", "display_url": "pic.twitter.com/JaqCk3Un73"}]}, "created_at": "2019-01-30T16:59:53.000Z", "public_metrics": {"retweet_count": 374, "reply_count": 158, "like_count": 4537, "quote_count": 44}, "author_id": "807003567605227520", "id": "1090655854360064000", "author": {"username": "realamberheard", "location": "Los Angeles, CA", "public_metrics": {"followers_count": 190355, "following_count": 220, "tweet_count": 1150, "listed_count": 566}, "name": "Amber Heard", "url": "https://t.co/Ze18Ek9SOI", "id": "807003567605227520", "created_at": "2016-12-08T23:26:58.000Z", "profile_image_url": "https://pbs.twimg.com/profile_images/1383196364792680448/N8CdupEu_normal.jpg", "description": "Actor and Activist, semi-professional disruptor, ice cream advocate and shameless teacup yorkie-lover"}}, "author": {"username": "mikhail087", "location": "179", "public_metrics": {"followers_count": 981, "following_count": 577, "tweet_count": 50731, "listed_count": 0}, "name": "Mikhail", "url": "", "id": "2823079645", "created_at": "2014-09-21T00:24:04.000Z", "profile_image_url": "https://pbs.twimg.com/profile_images/1503372028786929664/JjY6sTTg_normal.jpg", "description": "help urself down there"}}, {"source": "Twitter for Android", "text": "Hi @realamberheard!. Last Christmas I saw @aquamanmovie at the cinema!. I loved it!. My congratulations friend!. \ud83d\ude18\ud83d\ude18\ud83d\udc90\ud83d\udc4f\ud83d\udc4f \ud83d\udc4f @Diana_Navarro @martamarquez_  @Cristovar_tv @Alexandra_Lamy @CarmenAcai @yvonne41277 @antoniobanderas @bandera_javier @adrianaugarte10 https://t.co/BbrMDlS1nh", "lang": "en", "entities": {"annotations": [{"start": 26, "end": 34, "probability": 0.8661, "type": "Other", "normalized_text": "Christmas"}], "mentions": [{"start": 3, "end": 18, "username": "realamberheard", "id": "807003567605227520"}, {"start": 42, "end": 55, "username": "aquamanmovie", "id": "859174864220938241"}, {"start": 121, "end": 135, "username": "Diana_Navarro", "id": "139585703"}, {"start": 136, "end": 150, "username": "martamarquez_", "id": "517423198"}, {"start": 152, "end": 165, "username": "Cristovar_tv", "id": "356236549"}, {"start": 166, "end": 181, "username": "Alexandra_Lamy", "id": "435845190"}, {"start": 182, "end": 193, "username": "CarmenAcai", "id": "552377846"}, {"start": 194, "end": 206, "username": "yvonne41277", "id": "183472745"}, {"start": 207, "end": 223, "username": "antoniobanderas", "id": "2858807777"}, {"start": 224, "end": 239, "username": "bandera_javier", "id": "3040260740"}, {"start": 240, "end": 256, "username": "adrianaugarte10", "id": "1389011150"}], "urls": [{"start": 257, "end": 280, "url": "https://t.co/BbrMDlS1nh", "expanded_url": "https://twitter.com/realamberheard/status/1090655854360064000", "display_url": "twitter.com/realamberheard\u2026"}]}, "created_at": "2019-01-31T00:15:29.000Z", "public_metrics": {"retweet_count": 1, "reply_count": 0, "like_count": 1, "quote_count": 0}, "author_id": "1158044418", "referenced_tweets": [{"type": "quoted", "id": "1090655854360064000"}], "id": "1090765475326373888", "quoted_tweet": {"source": "Twitter for iPhone", "text": "Headed to Tijuana to meet with people on the ground who are living in the middle of the ongoing crisis that still desperately needs our aid, attention &amp; support @thisisabouthumanity https://t.co/JaqCk3Un73", "lang": "en", "entities": {"annotations": [{"start": 10, "end": 16, "probability": 0.9585, "type": "Place", "normalized_text": "Tijuana"}], "urls": [{"start": 186, "end": 209, "url": "https://t.co/JaqCk3Un73", "expanded_url": "https://twitter.com/realamberheard/status/1090655854360064000/photo/1", "display_url": "pic.twitter.com/JaqCk3Un73"}]}, "created_at": "2019-01-30T16:59:53.000Z", "public_metrics": {"retweet_count": 374, "reply_count": 158, "like_count": 4537, "quote_count": 44}, "author_id": "807003567605227520", "id": "1090655854360064000", "author": {"username": "realamberheard", "location": "Los Angeles, CA", "public_metrics": {"followers_count": 190355, "following_count": 220, "tweet_count": 1150, "listed_count": 566}, "name": "Amber Heard", "url": "https://t.co/Ze18Ek9SOI", "id": "807003567605227520", "created_at": "2016-12-08T23:26:58.000Z", "profile_image_url": "https://pbs.twimg.com/profile_images/1383196364792680448/N8CdupEu_normal.jpg", "description": "Actor and Activist, semi-professional disruptor, ice cream advocate and shameless teacup yorkie-lover"}}, "author": {"username": "EmilioCaparrs1", "location": "Malaga, Spain", "public_metrics": {"followers_count": 1855, "following_count": 5003, "tweet_count": 28488, "listed_count": 25}, "name": "Emilio Caparr\u00f3s", "url": "https://t.co/KFHpMpFoKc", "id": "1158044418", "created_at": "2013-02-07T19:26:54.000Z", "profile_image_url": "https://pbs.twimg.com/profile_images/1285545778937724929/biPQKIo__normal.jpg", "description": "es un estudiante y trabajador malague\u00f1o, es simp\u00e1tico, agradable, apa\u00f1ado y gracioso.Le gusta la m\u00fasica Italiana, la copla,etc."}}, {"source": "Twitter for iPhone", "text": "Pure heart! Adore you! Take care\ud83e\udd70 https://t.co/RLgR45hRIr", "lang": "en", "created_at": "2019-01-31T00:11:23.000Z", "public_metrics": {"retweet_count": 0, "reply_count": 0, "like_count": 0, "quote_count": 0}, "entities": {"urls": [{"start": 34, "end": 57, "url": "https://t.co/RLgR45hRIr", "expanded_url": "https://twitter.com/realamberheard/status/1090655854360064000", "display_url": "twitter.com/realamberheard\u2026"}]}, "author_id": "4768966788", "referenced_tweets": [{"type": "quoted", "id": "1090655854360064000"}], "id": "1090764443116400640", "quoted_tweet": {"source": "Twitter for iPhone", "text": "Headed to Tijuana to meet with people on the ground who are living in the middle of the ongoing crisis that still desperately needs our aid, attention &amp; support @thisisabouthumanity https://t.co/JaqCk3Un73", "lang": "en", "entities": {"annotations": [{"start": 10, "end": 16, "probability": 0.9585, "type": "Place", "normalized_text": "Tijuana"}], "urls": [{"start": 186, "end": 209, "url": "https://t.co/JaqCk3Un73", "expanded_url": "https://twitter.com/realamberheard/status/1090655854360064000/photo/1", "display_url": "pic.twitter.com/JaqCk3Un73"}]}, "created_at": "2019-01-30T16:59:53.000Z", "public_metrics": {"retweet_count": 374, "reply_count": 158, "like_count": 4537, "quote_count": 44}, "author_id": "807003567605227520", "id": "1090655854360064000", "author": {"username": "realamberheard", "location": "Los Angeles, CA", "public_metrics": {"followers_count": 190355, "following_count": 220, "tweet_count": 1150, "listed_count": 566}, "name": "Amber Heard", "url": "https://t.co/Ze18Ek9SOI", "id": "807003567605227520", "created_at": "2016-12-08T23:26:58.000Z", "profile_image_url": "https://pbs.twimg.com/profile_images/1383196364792680448/N8CdupEu_normal.jpg", "description": "Actor and Activist, semi-professional disruptor, ice cream advocate and shameless teacup yorkie-lover"}}, "author": {"username": "liyi128", "location": "\u5c71\u897f, \u4e2d\u534e\u4eba\u6c11\u5171\u548c\u56fd", "public_metrics": {"followers_count": 40, "following_count": 147, "tweet_count": 3346, "listed_count": 0}, "name": "li\u2006yi", "url": "", "id": "4768966788", "created_at": "2016-01-16T15:39:00.000Z", "profile_image_url": "https://pbs.twimg.com/profile_images/1211969631042195456/tcKGeOFt_normal.jpg", "description": "Chinese; Mom; Aquarius; love books,films,music~  heartbeat \ud83d\udc97 LOVE Jessie J~one of the best vocalists ~ Stand up for the Love \ud83d\udc95"}}, {"source": "Twitter for iPhone", "text": "Te amooo por favor pasa a mi rancho a saludar \ud83d\ude2d\ud83e\udd70 https://t.co/NZAwm2jDva", "lang": "es", "created_at": "2019-01-30T22:02:30.000Z", "public_metrics": {"retweet_count": 0, "reply_count": 1, "like_count": 0, "quote_count": 0}, "entities": {"urls": [{"start": 49, "end": 72, "url": "https://t.co/NZAwm2jDva", "expanded_url": "https://twitter.com/realamberheard/status/1090655854360064000", "display_url": "twitter.com/realamberheard\u2026"}]}, "author_id": "771022279199318017", "referenced_tweets": [{"type": "quoted", "id": "1090655854360064000"}], "id": "1090732009608151040", "quoted_tweet": {"source": "Twitter for iPhone", "text": "Headed to Tijuana to meet with people on the ground who are living in the middle of the ongoing crisis that still desperately needs our aid, attention &amp; support @thisisabouthumanity https://t.co/JaqCk3Un73", "lang": "en", "entities": {"annotations": [{"start": 10, "end": 16, "probability": 0.9585, "type": "Place", "normalized_text": "Tijuana"}], "urls": [{"start": 186, "end": 209, "url": "https://t.co/JaqCk3Un73", "expanded_url": "https://twitter.com/realamberheard/status/1090655854360064000/photo/1", "display_url": "pic.twitter.com/JaqCk3Un73"}]}, "created_at": "2019-01-30T16:59:53.000Z", "public_metrics": {"retweet_count": 374, "reply_count": 158, "like_count": 4537, "quote_count": 44}, "author_id": "807003567605227520", "id": "1090655854360064000", "author": {"username": "realamberheard", "location": "Los Angeles, CA", "public_metrics": {"followers_count": 190355, "following_count": 220, "tweet_count": 1150, "listed_count": 566}, "name": "Amber Heard", "url": "https://t.co/Ze18Ek9SOI", "id": "807003567605227520", "created_at": "2016-12-08T23:26:58.000Z", "profile_image_url": "https://pbs.twimg.com/profile_images/1383196364792680448/N8CdupEu_normal.jpg", "description": "Actor and Activist, semi-professional disruptor, ice cream advocate and shameless teacup yorkie-lover"}}, "author": {"username": "Betunxx", "public_metrics": {"followers_count": 107, "following_count": 246, "tweet_count": 1992, "listed_count": 0}, "name": "BatCat", "url": "https://t.co/q9J5rc6ddB", "id": "771022279199318017", "created_at": "2016-08-31T16:30:11.000Z", "profile_image_url": "https://pbs.twimg.com/profile_images/1468701922093719553/ZjowID8a_normal.jpg", "description": "Ilustrador mexa | ENTJ"}}, {"source": "Twitter for iPhone", "text": "Beautiful inside out https://t.co/Viarzg1TTw", "lang": "en", "created_at": "2019-01-30T21:20:07.000Z", "public_metrics": {"retweet_count": 0, "reply_count": 0, "like_count": 0, "quote_count": 0}, "entities": {"urls": [{"start": 21, "end": 44, "url": "https://t.co/Viarzg1TTw", "expanded_url": "https://twitter.com/realamberheard/status/1090655854360064000", "display_url": "twitter.com/realamberheard\u2026"}]}, "author_id": "148154923", "referenced_tweets": [{"type": "quoted", "id": "1090655854360064000"}], "id": "1090721341723021312", "quoted_tweet": {"source": "Twitter for iPhone", "text": "Headed to Tijuana to meet with people on the ground who are living in the middle of the ongoing crisis that still desperately needs our aid, attention &amp; support @thisisabouthumanity https://t.co/JaqCk3Un73", "lang": "en", "entities": {"annotations": [{"start": 10, "end": 16, "probability": 0.9585, "type": "Place", "normalized_text": "Tijuana"}], "urls": [{"start": 186, "end": 209, "url": "https://t.co/JaqCk3Un73", "expanded_url": "https://twitter.com/realamberheard/status/1090655854360064000/photo/1", "display_url": "pic.twitter.com/JaqCk3Un73"}]}, "created_at": "2019-01-30T16:59:53.000Z", "public_metrics": {"retweet_count": 374, "reply_count": 158, "like_count": 4537, "quote_count": 44}, "author_id": "807003567605227520", "id": "1090655854360064000", "author": {"username": "realamberheard", "location": "Los Angeles, CA", "public_metrics": {"followers_count": 190355, "following_count": 220, "tweet_count": 1150, "listed_count": 566}, "name": "Amber Heard", "url": "https://t.co/Ze18Ek9SOI", "id": "807003567605227520", "created_at": "2016-12-08T23:26:58.000Z", "profile_image_url": "https://pbs.twimg.com/profile_images/1383196364792680448/N8CdupEu_normal.jpg", "description": "Actor and Activist, semi-professional disruptor, ice cream advocate and shameless teacup yorkie-lover"}}, "author": {"username": "imhectornavarro", "location": "United States", "public_metrics": {"followers_count": 1989, "following_count": 2756, "tweet_count": 35018, "listed_count": 33}, "name": "Hector Navarro is hype for Obi-Wan Kenobi", "url": "https://t.co/d0D9tqqhBz", "id": "148154923", "created_at": "2010-05-26T00:21:38.000Z", "profile_image_url": "https://pbs.twimg.com/profile_images/1501358544775438338/F1SquoqX_normal.jpg", "description": "I love #Movies and great #TV. Founder of 'Screen Thrill' on Instagram."}}, {"source": "Twitter for iPhone", "text": "GOSH SHAKSBKSB SHES HERE FUCK https://t.co/gW24iMmauF", "lang": "en", "created_at": "2019-01-30T20:59:33.000Z", "public_metrics": {"retweet_count": 0, "reply_count": 0, "like_count": 0, "quote_count": 0}, "entities": {"urls": [{"start": 30, "end": 53, "url": "https://t.co/gW24iMmauF", "expanded_url": "https://twitter.com/realamberheard/status/1090655854360064000", "display_url": "twitter.com/realamberheard\u2026"}]}, "author_id": "160275181", "referenced_tweets": [{"type": "quoted", "id": "1090655854360064000"}], "id": "1090716168661266432", "quoted_tweet": {"source": "Twitter for iPhone", "text": "Headed to Tijuana to meet with people on the ground who are living in the middle of the ongoing crisis that still desperately needs our aid, attention &amp; support @thisisabouthumanity https://t.co/JaqCk3Un73", "lang": "en", "entities": {"annotations": [{"start": 10, "end": 16, "probability": 0.9585, "type": "Place", "normalized_text": "Tijuana"}], "urls": [{"start": 186, "end": 209, "url": "https://t.co/JaqCk3Un73", "expanded_url": "https://twitter.com/realamberheard/status/1090655854360064000/photo/1", "display_url": "pic.twitter.com/JaqCk3Un73"}]}, "created_at": "2019-01-30T16:59:53.000Z", "public_metrics": {"retweet_count": 374, "reply_count": 158, "like_count": 4537, "quote_count": 44}, "author_id": "807003567605227520", "id": "1090655854360064000", "author": {"username": "realamberheard", "location": "Los Angeles, CA", "public_metrics": {"followers_count": 190355, "following_count": 220, "tweet_count": 1150, "listed_count": 566}, "name": "Amber Heard", "url": "https://t.co/Ze18Ek9SOI", "id": "807003567605227520", "created_at": "2016-12-08T23:26:58.000Z", "profile_image_url": "https://pbs.twimg.com/profile_images/1383196364792680448/N8CdupEu_normal.jpg", "description": "Actor and Activist, semi-professional disruptor, ice cream advocate and shameless teacup yorkie-lover"}}, "author": {"username": "ghostsofsoul", "location": "\u00e6", "public_metrics": {"followers_count": 3701, "following_count": 1865, "tweet_count": 147961, "listed_count": 34}, "name": "kj", "url": "https://t.co/dnsFlkm7pZ", "id": "160275181", "created_at": "2010-06-27T18:24:12.000Z", "profile_image_url": "https://pbs.twimg.com/profile_images/1506049284302594055/zJwshWtA_normal.jpg", "description": "lee taemin supremacy"}}, {"source": "Twitter for iPhone", "text": "RT @ManifestMillen1: If there is one #millennial that has amazing heart and works to its beat is you @realamberheard https://t.co/93B6QDW5ss", "lang": "en", "created_at": "2019-01-30T20:31:03.000Z", "entities": {"mentions": [{"start": 3, "end": 19, "username": "ManifestMillen1", "id": "984639685107507200"}, {"start": 101, "end": 116, "username": "realamberheard", "id": "807003567605227520"}], "urls": [{"start": 117, "end": 140, "url": "https://t.co/93B6QDW5ss", "expanded_url": "https://twitter.com/realamberheard/status/1090655854360064000", "display_url": "twitter.com/realamberheard\u2026"}], "hashtags": [{"start": 37, "end": 48, "tag": "millennial"}]}, "public_metrics": {"retweet_count": 3, "reply_count": 0, "like_count": 0, "quote_count": 0}, "author_id": "1054612168941854720", "referenced_tweets": [{"type": "retweeted", "id": "1090692570819158018"}], "id": "1090708997101899776", "quoted_tweet": {"source": "Twitter for iPhone", "text": "Headed to Tijuana to meet with people on the ground who are living in the middle of the ongoing crisis that still desperately needs our aid, attention &amp; support @thisisabouthumanity https://t.co/JaqCk3Un73", "lang": "en", "entities": {"annotations": [{"start": 10, "end": 16, "probability": 0.9585, "type": "Place", "normalized_text": "Tijuana"}], "urls": [{"start": 186, "end": 209, "url": "https://t.co/JaqCk3Un73", "expanded_url": "https://twitter.com/realamberheard/status/1090655854360064000/photo/1", "display_url": "pic.twitter.com/JaqCk3Un73"}]}, "created_at": "2019-01-30T16:59:53.000Z", "public_metrics": {"retweet_count": 374, "reply_count": 158, "like_count": 4537, "quote_count": 44}, "author_id": "807003567605227520", "id": "1090655854360064000", "author": {"username": "realamberheard", "location": "Los Angeles, CA", "public_metrics": {"followers_count": 190355, "following_count": 220, "tweet_count": 1150, "listed_count": 566}, "name": "Amber Heard", "url": "https://t.co/Ze18Ek9SOI", "id": "807003567605227520", "created_at": "2016-12-08T23:26:58.000Z", "profile_image_url": "https://pbs.twimg.com/profile_images/1383196364792680448/N8CdupEu_normal.jpg", "description": "Actor and Activist, semi-professional disruptor, ice cream advocate and shameless teacup yorkie-lover"}}, "author": {"username": "ElisaCa27445411", "location": "Brooklyn, NY", "public_metrics": {"followers_count": 36, "following_count": 93, "tweet_count": 5048, "listed_count": 0}, "name": "Cast-Woods", "url": "", "id": "1054612168941854720", "created_at": "2018-10-23T05:55:09.000Z", "profile_image_url": "https://pbs.twimg.com/profile_images/1302879492428320768/s4FK0IPl_normal.jpg", "description": "life has been so wonderful I spent my entire life teaching"}}, {"source": "Twitter for iPhone", "text": "@realamberheard OMG! Please more girls like you leading the way out on issues that matter to us. it would\u2019ve been so awesome meeting you in person!! \ud83e\udd18\ud83e\udd18\ud83e\udd17 https://t.co/VqrJEbBeyj", "lang": "en", "created_at": "2019-01-30T20:19:54.000Z", "entities": {"mentions": [{"start": 0, "end": 15, "username": "realamberheard", "id": "807003567605227520"}], "urls": [{"start": 153, "end": 176, "url": "https://t.co/VqrJEbBeyj", "expanded_url": "https://twitter.com/realamberheard/status/1090655854360064000", "display_url": "twitter.com/realamberheard\u2026"}]}, "in_reply_to_user_id": "807003567605227520", "public_metrics": {"retweet_count": 0, "reply_count": 0, "like_count": 0, "quote_count": 0}, "author_id": "800083535608459264", "referenced_tweets": [{"type": "quoted", "id": "1090655854360064000"}], "id": "1090706190827323392", "quoted_tweet": {"source": "Twitter for iPhone", "text": "Headed to Tijuana to meet with people on the ground who are living in the middle of the ongoing crisis that still desperately needs our aid, attention &amp; support @thisisabouthumanity https://t.co/JaqCk3Un73", "lang": "en", "entities": {"annotations": [{"start": 10, "end": 16, "probability": 0.9585, "type": "Place", "normalized_text": "Tijuana"}], "urls": [{"start": 186, "end": 209, "url": "https://t.co/JaqCk3Un73", "expanded_url": "https://twitter.com/realamberheard/status/1090655854360064000/photo/1", "display_url": "pic.twitter.com/JaqCk3Un73"}]}, "created_at": "2019-01-30T16:59:53.000Z", "public_metrics": {"retweet_count": 374, "reply_count": 158, "like_count": 4537, "quote_count": 44}, "author_id": "807003567605227520", "id": "1090655854360064000", "author": {"username": "realamberheard", "location": "Los Angeles, CA", "public_metrics": {"followers_count": 190355, "following_count": 220, "tweet_count": 1150, "listed_count": 566}, "name": "Amber Heard", "url": "https://t.co/Ze18Ek9SOI", "id": "807003567605227520", "created_at": "2016-12-08T23:26:58.000Z", "profile_image_url": "https://pbs.twimg.com/profile_images/1383196364792680448/N8CdupEu_normal.jpg", "description": "Actor and Activist, semi-professional disruptor, ice cream advocate and shameless teacup yorkie-lover"}}, "author": {"username": "ZekeSD1", "location": "USMCA", "public_metrics": {"followers_count": 77, "following_count": 932, "tweet_count": 944, "listed_count": 0}, "name": "ZekeM", "url": "", "id": "800083535608459264", "created_at": "2016-11-19T21:09:14.000Z", "profile_image_url": "https://pbs.twimg.com/profile_images/1424884539831197708/yLoJuFRK_normal.jpg", "description": "supporting things that make sense to me \ud83d\ude1c\u270c\ufe0f"}}, {"source": "Twitter Web Client", "text": "YA VES, MAMITA, QUE LAS TIENES PEQUE\u00d1AS, SOLO EN LAS PELICULAS TE LAS PONEN MUY GRANDES, ASI ME GUSTAN COMO SON. TE AMO. https://t.co/lPPmauTLa3", "lang": "es", "created_at": "2019-01-30T19:55:54.000Z", "public_metrics": {"retweet_count": 0, "reply_count": 0, "like_count": 0, "quote_count": 0}, "entities": {"urls": [{"start": 121, "end": 144, "url": "https://t.co/lPPmauTLa3", "expanded_url": "https://twitter.com/realamberheard/status/1090655854360064000", "display_url": "twitter.com/realamberheard\u2026"}]}, "author_id": "4725007099", "referenced_tweets": [{"type": "quoted", "id": "1090655854360064000"}], "id": "1090700149679108101", "quoted_tweet": {"source": "Twitter for iPhone", "text": "Headed to Tijuana to meet with people on the ground who are living in the middle of the ongoing crisis that still desperately needs our aid, attention &amp; support @thisisabouthumanity https://t.co/JaqCk3Un73", "lang": "en", "entities": {"annotations": [{"start": 10, "end": 16, "probability": 0.9585, "type": "Place", "normalized_text": "Tijuana"}], "urls": [{"start": 186, "end": 209, "url": "https://t.co/JaqCk3Un73", "expanded_url": "https://twitter.com/realamberheard/status/1090655854360064000/photo/1", "display_url": "pic.twitter.com/JaqCk3Un73"}]}, "created_at": "2019-01-30T16:59:53.000Z", "public_metrics": {"retweet_count": 374, "reply_count": 158, "like_count": 4537, "quote_count": 44}, "author_id": "807003567605227520", "id": "1090655854360064000", "author": {"username": "realamberheard", "location": "Los Angeles, CA", "public_metrics": {"followers_count": 190355, "following_count": 220, "tweet_count": 1150, "listed_count": 566}, "name": "Amber Heard", "url": "https://t.co/Ze18Ek9SOI", "id": "807003567605227520", "created_at": "2016-12-08T23:26:58.000Z", "profile_image_url": "https://pbs.twimg.com/profile_images/1383196364792680448/N8CdupEu_normal.jpg", "description": "Actor and Activist, semi-professional disruptor, ice cream advocate and shameless teacup yorkie-lover"}}, "author": {"username": "01bismark", "public_metrics": {"followers_count": 10, "following_count": 18, "tweet_count": 1094, "listed_count": 0}, "name": "ALEX MARTZ", "url": "", "id": "4725007099", "created_at": "2016-01-07T19:56:52.000Z", "profile_image_url": "https://abs.twimg.com/sticky/default_profile_images/default_profile_normal.png", "description": ""}}, {"source": "Twitter for iPhone", "text": "RT @comix_mx: @realamberheard you are so incredible and compressive; I really know that all these people is gonna be so lucky for having yo\u2026", "lang": "en", "created_at": "2019-01-30T19:28:20.000Z", "entities": {"mentions": [{"start": 3, "end": 12, "username": "comix_mx", "id": "899837906289737729"}, {"start": 14, "end": 29, "username": "realamberheard", "id": "807003567605227520"}]}, "public_metrics": {"retweet_count": 1, "reply_count": 0, "like_count": 0, "quote_count": 0}, "author_id": "317844159", "referenced_tweets": [{"type": "retweeted", "id": "1090661108829077505"}], "id": "1090693210995863552", "quoted_tweet": {"source": "Twitter for iPhone", "text": "Headed to Tijuana to meet with people on the ground who are living in the middle of the ongoing crisis that still desperately needs our aid, attention &amp; support @thisisabouthumanity https://t.co/JaqCk3Un73", "lang": "en", "entities": {"annotations": [{"start": 10, "end": 16, "probability": 0.9585, "type": "Place", "normalized_text": "Tijuana"}], "urls": [{"start": 186, "end": 209, "url": "https://t.co/JaqCk3Un73", "expanded_url": "https://twitter.com/realamberheard/status/1090655854360064000/photo/1", "display_url": "pic.twitter.com/JaqCk3Un73"}]}, "created_at": "2019-01-30T16:59:53.000Z", "public_metrics": {"retweet_count": 374, "reply_count": 158, "like_count": 4537, "quote_count": 44}, "author_id": "807003567605227520", "id": "1090655854360064000", "author": {"username": "realamberheard", "location": "Los Angeles, CA", "public_metrics": {"followers_count": 190355, "following_count": 220, "tweet_count": 1150, "listed_count": 566}, "name": "Amber Heard", "url": "https://t.co/Ze18Ek9SOI", "id": "807003567605227520", "created_at": "2016-12-08T23:26:58.000Z", "profile_image_url": "https://pbs.twimg.com/profile_images/1383196364792680448/N8CdupEu_normal.jpg", "description": "Actor and Activist, semi-professional disruptor, ice cream advocate and shameless teacup yorkie-lover"}}, "author": {"username": "_mavib", "location": "M\u00e9xico", "public_metrics": {"followers_count": 397, "following_count": 764, "tweet_count": 22314, "listed_count": 2}, "name": "Tincho", "url": "https://t.co/xMcqifC5dv", "id": "317844159", "created_at": "2011-06-15T15:26:33.000Z", "profile_image_url": "https://pbs.twimg.com/profile_images/1297751790205665284/zwNCGjix_normal.jpg", "description": "\ud83d\udca5CEO de @comix_mx y @cinema_cosmic\ud83d\udca5Fisioterapeuta \ud83d\udc0d\u26a1\ufe0f Amante del cine y las series Julio Verne\ud83e\udd0d AMO EL F\u00daTBOL \u26bd\ufe0f"}}, {"source": "Twitter for iPhone", "text": "If there is one #millennial that has amazing heart and works to its beat is you @realamberheard https://t.co/93B6QDW5ss", "lang": "en", "created_at": "2019-01-30T19:25:47.000Z", "entities": {"mentions": [{"start": 80, "end": 95, "username": "realamberheard", "id": "807003567605227520"}], "urls": [{"start": 96, "end": 119, "url": "https://t.co/93B6QDW5ss", "expanded_url": "https://twitter.com/realamberheard/status/1090655854360064000", "display_url": "twitter.com/realamberheard\u2026"}], "hashtags": [{"start": 16, "end": 27, "tag": "millennial"}]}, "public_metrics": {"retweet_count": 3, "reply_count": 0, "like_count": 4, "quote_count": 0}, "author_id": "984639685107507200", "referenced_tweets": [{"type": "quoted", "id": "1090655854360064000"}], "id": "1090692570819158018", "quoted_tweet": {"source": "Twitter for iPhone", "text": "Headed to Tijuana to meet with people on the ground who are living in the middle of the ongoing crisis that still desperately needs our aid, attention &amp; support @thisisabouthumanity https://t.co/JaqCk3Un73", "lang": "en", "entities": {"annotations": [{"start": 10, "end": 16, "probability": 0.9585, "type": "Place", "normalized_text": "Tijuana"}], "urls": [{"start": 186, "end": 209, "url": "https://t.co/JaqCk3Un73", "expanded_url": "https://twitter.com/realamberheard/status/1090655854360064000/photo/1", "display_url": "pic.twitter.com/JaqCk3Un73"}]}, "created_at": "2019-01-30T16:59:53.000Z", "public_metrics": {"retweet_count": 374, "reply_count": 158, "like_count": 4537, "quote_count": 44}, "author_id": "807003567605227520", "id": "1090655854360064000", "author": {"username": "realamberheard", "location": "Los Angeles, CA", "public_metrics": {"followers_count": 190355, "following_count": 220, "tweet_count": 1150, "listed_count": 566}, "name": "Amber Heard", "url": "https://t.co/Ze18Ek9SOI", "id": "807003567605227520", "created_at": "2016-12-08T23:26:58.000Z", "profile_image_url": "https://pbs.twimg.com/profile_images/1383196364792680448/N8CdupEu_normal.jpg", "description": "Actor and Activist, semi-professional disruptor, ice cream advocate and shameless teacup yorkie-lover"}}, "author": {"username": "ManifestMillen1", "location": "Los Angeles, CA", "public_metrics": {"followers_count": 625, "following_count": 777, "tweet_count": 346, "listed_count": 1}, "name": "ManifestMillennial", "url": "", "id": "984639685107507200", "created_at": "2018-04-13T03:49:29.000Z", "profile_image_url": "https://pbs.twimg.com/profile_images/1014678082446286848/j4JZHKye_normal.jpg", "description": "3 decades 1 generation. Millennials r here to instill change. How do we kno somethin won't work if its not given a try?"}}, {"source": "Twitter for Android", "text": "Te amo Amber! \ud83d\ude18\ud83d\udc9b https://t.co/rIggaY1m5a", "lang": "es", "entities": {"annotations": [{"start": 7, "end": 11, "probability": 0.8204, "type": "Person", "normalized_text": "Amber"}], "urls": [{"start": 17, "end": 40, "url": "https://t.co/rIggaY1m5a", "expanded_url": "https://twitter.com/realamberheard/status/1090655854360064000", "display_url": "twitter.com/realamberheard\u2026"}]}, "created_at": "2019-01-30T18:25:51.000Z", "public_metrics": {"retweet_count": 0, "reply_count": 0, "like_count": 0, "quote_count": 0}, "author_id": "67775607", "referenced_tweets": [{"type": "quoted", "id": "1090655854360064000"}], "id": "1090677489230172160", "quoted_tweet": {"source": "Twitter for iPhone", "text": "Headed to Tijuana to meet with people on the ground who are living in the middle of the ongoing crisis that still desperately needs our aid, attention &amp; support @thisisabouthumanity https://t.co/JaqCk3Un73", "lang": "en", "entities": {"annotations": [{"start": 10, "end": 16, "probability": 0.9585, "type": "Place", "normalized_text": "Tijuana"}], "urls": [{"start": 186, "end": 209, "url": "https://t.co/JaqCk3Un73", "expanded_url": "https://twitter.com/realamberheard/status/1090655854360064000/photo/1", "display_url": "pic.twitter.com/JaqCk3Un73"}]}, "created_at": "2019-01-30T16:59:53.000Z", "public_metrics": {"retweet_count": 374, "reply_count": 158, "like_count": 4537, "quote_count": 44}, "author_id": "807003567605227520", "id": "1090655854360064000", "author": {"username": "realamberheard", "location": "Los Angeles, CA", "public_metrics": {"followers_count": 190355, "following_count": 220, "tweet_count": 1150, "listed_count": 566}, "name": "Amber Heard", "url": "https://t.co/Ze18Ek9SOI", "id": "807003567605227520", "created_at": "2016-12-08T23:26:58.000Z", "profile_image_url": "https://pbs.twimg.com/profile_images/1383196364792680448/N8CdupEu_normal.jpg", "description": "Actor and Activist, semi-professional disruptor, ice cream advocate and shameless teacup yorkie-lover"}}, "author": {"username": "amyzenin", "location": "\u2022 \ud83c\uddf2\ud83c\uddfd \u2022", "public_metrics": {"followers_count": 926, "following_count": 639, "tweet_count": 32802, "listed_count": 18}, "name": "\u03b1ime\u00e9 \u0266errera", "url": "https://t.co/pA6MRuYoS9", "id": "67775607", "created_at": "2009-08-22T01:16:32.000Z", "profile_image_url": "https://pbs.twimg.com/profile_images/1501738353963667458/SU6kYdHx_normal.jpg", "description": "\u2022 Comunic\u00f3loga que no ejerce, me quejo de mi existencia y a veces tambi\u00e9n hablo de cine y anime. https://t.co/ibG57POdGr"}}, {"source": "Twitter for iPhone", "text": "La amo \u2764\ufe0f\u2764\ufe0f\u2764\ufe0f\u2764\ufe0f\u2764\ufe0f https://t.co/xRiTYZFmNz", "lang": "es", "created_at": "2019-01-30T18:19:34.000Z", "public_metrics": {"retweet_count": 0, "reply_count": 0, "like_count": 0, "quote_count": 0}, "entities": {"urls": [{"start": 18, "end": 41, "url": "https://t.co/xRiTYZFmNz", "expanded_url": "https://twitter.com/realamberheard/status/1090655854360064000", "display_url": "twitter.com/realamberheard\u2026"}]}, "author_id": "609557561", "referenced_tweets": [{"type": "quoted", "id": "1090655854360064000"}], "id": "1090675904957820928", "quoted_tweet": {"source": "Twitter for iPhone", "text": "Headed to Tijuana to meet with people on the ground who are living in the middle of the ongoing crisis that still desperately needs our aid, attention &amp; support @thisisabouthumanity https://t.co/JaqCk3Un73", "lang": "en", "entities": {"annotations": [{"start": 10, "end": 16, "probability": 0.9585, "type": "Place", "normalized_text": "Tijuana"}], "urls": [{"start": 186, "end": 209, "url": "https://t.co/JaqCk3Un73", "expanded_url": "https://twitter.com/realamberheard/status/1090655854360064000/photo/1", "display_url": "pic.twitter.com/JaqCk3Un73"}]}, "created_at": "2019-01-30T16:59:53.000Z", "public_metrics": {"retweet_count": 374, "reply_count": 158, "like_count": 4537, "quote_count": 44}, "author_id": "807003567605227520", "id": "1090655854360064000", "author": {"username": "realamberheard", "location": "Los Angeles, CA", "public_metrics": {"followers_count": 190355, "following_count": 220, "tweet_count": 1150, "listed_count": 566}, "name": "Amber Heard", "url": "https://t.co/Ze18Ek9SOI", "id": "807003567605227520", "created_at": "2016-12-08T23:26:58.000Z", "profile_image_url": "https://pbs.twimg.com/profile_images/1383196364792680448/N8CdupEu_normal.jpg", "description": "Actor and Activist, semi-professional disruptor, ice cream advocate and shameless teacup yorkie-lover"}}, "author": {"username": "jc_ovando", "location": "San Diego, CA", "public_metrics": {"followers_count": 305, "following_count": 3657, "tweet_count": 37615, "listed_count": 14}, "name": "JC Ovando", "url": "", "id": "609557561", "created_at": "2012-06-16T00:37:36.000Z", "profile_image_url": "https://pbs.twimg.com/profile_images/1468244742911799312/jmyrIvm8_normal.jpg", "description": "A 25 year old San Diegan living the good life. planning to give a marvelous twist to my life. I tweet because it\u2019s a free speech platform."}}, {"source": "Twitter for iPhone", "text": "Fyre festival pt 2? https://t.co/L2F0gRFnHc", "lang": "no", "created_at": "2019-01-30T18:18:24.000Z", "public_metrics": {"retweet_count": 0, "reply_count": 0, "like_count": 0, "quote_count": 0}, "entities": {"urls": [{"start": 20, "end": 43, "url": "https://t.co/L2F0gRFnHc", "expanded_url": "https://twitter.com/realamberheard/status/1090655854360064000", "display_url": "twitter.com/realamberheard\u2026"}]}, "author_id": "64332780", "referenced_tweets": [{"type": "quoted", "id": "1090655854360064000"}], "id": "1090675613290110983", "quoted_tweet": {"source": "Twitter for iPhone", "text": "Headed to Tijuana to meet with people on the ground who are living in the middle of the ongoing crisis that still desperately needs our aid, attention &amp; support @thisisabouthumanity https://t.co/JaqCk3Un73", "lang": "en", "entities": {"annotations": [{"start": 10, "end": 16, "probability": 0.9585, "type": "Place", "normalized_text": "Tijuana"}], "urls": [{"start": 186, "end": 209, "url": "https://t.co/JaqCk3Un73", "expanded_url": "https://twitter.com/realamberheard/status/1090655854360064000/photo/1", "display_url": "pic.twitter.com/JaqCk3Un73"}]}, "created_at": "2019-01-30T16:59:53.000Z", "public_metrics": {"retweet_count": 374, "reply_count": 158, "like_count": 4537, "quote_count": 44}, "author_id": "807003567605227520", "id": "1090655854360064000", "author": {"username": "realamberheard", "location": "Los Angeles, CA", "public_metrics": {"followers_count": 190355, "following_count": 220, "tweet_count": 1150, "listed_count": 566}, "name": "Amber Heard", "url": "https://t.co/Ze18Ek9SOI", "id": "807003567605227520", "created_at": "2016-12-08T23:26:58.000Z", "profile_image_url": "https://pbs.twimg.com/profile_images/1383196364792680448/N8CdupEu_normal.jpg", "description": "Actor and Activist, semi-professional disruptor, ice cream advocate and shameless teacup yorkie-lover"}}, "author": {"username": "_Matty_Ice", "location": "Washington DC", "public_metrics": {"followers_count": 258, "following_count": 801, "tweet_count": 48026, "listed_count": 4}, "name": "Do Not Want", "url": "", "id": "64332780", "created_at": "2009-08-10T04:09:45.000Z", "profile_image_url": "https://pbs.twimg.com/profile_images/1317160421099474945/GTIyxMjP_normal.jpg", "description": "Do. Not. Want."}}, {"source": "Twitter Web Client", "text": "I like those people. https://t.co/yhWp9wlELX", "lang": "en", "created_at": "2019-01-30T18:10:23.000Z", "public_metrics": {"retweet_count": 0, "reply_count": 0, "like_count": 0, "quote_count": 0}, "entities": {"urls": [{"start": 21, "end": 44, "url": "https://t.co/yhWp9wlELX", "expanded_url": "https://twitter.com/realamberheard/status/1090655854360064000", "display_url": "twitter.com/realamberheard\u2026"}]}, "author_id": "1056694714244759552", "referenced_tweets": [{"type": "quoted", "id": "1090655854360064000"}], "id": "1090673596123500544", "quoted_tweet": {"source": "Twitter for iPhone", "text": "Headed to Tijuana to meet with people on the ground who are living in the middle of the ongoing crisis that still desperately needs our aid, attention &amp; support @thisisabouthumanity https://t.co/JaqCk3Un73", "lang": "en", "entities": {"annotations": [{"start": 10, "end": 16, "probability": 0.9585, "type": "Place", "normalized_text": "Tijuana"}], "urls": [{"start": 186, "end": 209, "url": "https://t.co/JaqCk3Un73", "expanded_url": "https://twitter.com/realamberheard/status/1090655854360064000/photo/1", "display_url": "pic.twitter.com/JaqCk3Un73"}]}, "created_at": "2019-01-30T16:59:53.000Z", "public_metrics": {"retweet_count": 374, "reply_count": 158, "like_count": 4537, "quote_count": 44}, "author_id": "807003567605227520", "id": "1090655854360064000", "author": {"username": "realamberheard", "location": "Los Angeles, CA", "public_metrics": {"followers_count": 190355, "following_count": 220, "tweet_count": 1150, "listed_count": 566}, "name": "Amber Heard", "url": "https://t.co/Ze18Ek9SOI", "id": "807003567605227520", "created_at": "2016-12-08T23:26:58.000Z", "profile_image_url": "https://pbs.twimg.com/profile_images/1383196364792680448/N8CdupEu_normal.jpg", "description": "Actor and Activist, semi-professional disruptor, ice cream advocate and shameless teacup yorkie-lover"}}, "author": {"username": "BrandonTalbot10", "public_metrics": {"followers_count": 405, "following_count": 209, "tweet_count": 53218, "listed_count": 5}, "name": "Supermaster51", "url": "https://t.co/60KUnhWOXp", "id": "1056694714244759552", "created_at": "2018-10-28T23:50:27.000Z", "profile_image_url": "https://pbs.twimg.com/profile_images/1495292709770309636/cAcStb6G_normal.jpg", "description": "#WONDERBAT SHIPPER #ReleaseTheWonderBat \n#Celtics FAN \nVIVA WONDERBAT! \nFurthermore, the Power Rangers are my favorites and here's my fanfiction page."}}, {"source": "Twitter for iPhone", "text": "OMG! https://t.co/BuanpOwTB9", "lang": "und", "created_at": "2019-01-30T18:09:06.000Z", "public_metrics": {"retweet_count": 0, "reply_count": 0, "like_count": 0, "quote_count": 0}, "entities": {"urls": [{"start": 5, "end": 28, "url": "https://t.co/BuanpOwTB9", "expanded_url": "https://twitter.com/realamberheard/status/1090655854360064000", "display_url": "twitter.com/realamberheard\u2026"}]}, "author_id": "725434220949037056", "referenced_tweets": [{"type": "quoted", "id": "1090655854360064000"}], "id": "1090673272272736256", "quoted_tweet": {"source": "Twitter for iPhone", "text": "Headed to Tijuana to meet with people on the ground who are living in the middle of the ongoing crisis that still desperately needs our aid, attention &amp; support @thisisabouthumanity https://t.co/JaqCk3Un73", "lang": "en", "entities": {"annotations": [{"start": 10, "end": 16, "probability": 0.9585, "type": "Place", "normalized_text": "Tijuana"}], "urls": [{"start": 186, "end": 209, "url": "https://t.co/JaqCk3Un73", "expanded_url": "https://twitter.com/realamberheard/status/1090655854360064000/photo/1", "display_url": "pic.twitter.com/JaqCk3Un73"}]}, "created_at": "2019-01-30T16:59:53.000Z", "public_metrics": {"retweet_count": 374, "reply_count": 158, "like_count": 4537, "quote_count": 44}, "author_id": "807003567605227520", "id": "1090655854360064000", "author": {"username": "realamberheard", "location": "Los Angeles, CA", "public_metrics": {"followers_count": 190355, "following_count": 220, "tweet_count": 1150, "listed_count": 566}, "name": "Amber Heard", "url": "https://t.co/Ze18Ek9SOI", "id": "807003567605227520", "created_at": "2016-12-08T23:26:58.000Z", "profile_image_url": "https://pbs.twimg.com/profile_images/1383196364792680448/N8CdupEu_normal.jpg", "description": "Actor and Activist, semi-professional disruptor, ice cream advocate and shameless teacup yorkie-lover"}}, "author": {"username": "alvarezjrgus", "public_metrics": {"followers_count": 12, "following_count": 188, "tweet_count": 585, "listed_count": 0}, "name": "Gustavo Alvarez Jr.", "url": "", "id": "725434220949037056", "created_at": "2016-04-27T21:19:30.000Z", "profile_image_url": "https://pbs.twimg.com/profile_images/1344735009068912640/c5WrP9e1_normal.jpg", "description": ""}}, {"source": "Twitter for Android", "text": "LA AMO https://t.co/yIBJS2D5dC", "lang": "es", "created_at": "2019-01-30T18:06:28.000Z", "public_metrics": {"retweet_count": 0, "reply_count": 0, "like_count": 0, "quote_count": 0}, "entities": {"urls": [{"start": 7, "end": 30, "url": "https://t.co/yIBJS2D5dC", "expanded_url": "https://twitter.com/realamberheard/status/1090655854360064000", "display_url": "twitter.com/realamberheard\u2026"}]}, "author_id": "15503466", "referenced_tweets": [{"type": "quoted", "id": "1090655854360064000"}], "id": "1090672610529153025", "quoted_tweet": {"source": "Twitter for iPhone", "text": "Headed to Tijuana to meet with people on the ground who are living in the middle of the ongoing crisis that still desperately needs our aid, attention &amp; support @thisisabouthumanity https://t.co/JaqCk3Un73", "lang": "en", "entities": {"annotations": [{"start": 10, "end": 16, "probability": 0.9585, "type": "Place", "normalized_text": "Tijuana"}], "urls": [{"start": 186, "end": 209, "url": "https://t.co/JaqCk3Un73", "expanded_url": "https://twitter.com/realamberheard/status/1090655854360064000/photo/1", "display_url": "pic.twitter.com/JaqCk3Un73"}]}, "created_at": "2019-01-30T16:59:53.000Z", "public_metrics": {"retweet_count": 374, "reply_count": 158, "like_count": 4537, "quote_count": 44}, "author_id": "807003567605227520", "id": "1090655854360064000", "author": {"username": "realamberheard", "location": "Los Angeles, CA", "public_metrics": {"followers_count": 190355, "following_count": 220, "tweet_count": 1150, "listed_count": 566}, "name": "Amber Heard", "url": "https://t.co/Ze18Ek9SOI", "id": "807003567605227520", "created_at": "2016-12-08T23:26:58.000Z", "profile_image_url": "https://pbs.twimg.com/profile_images/1383196364792680448/N8CdupEu_normal.jpg", "description": "Actor and Activist, semi-professional disruptor, ice cream advocate and shameless teacup yorkie-lover"}}, "author": {"username": "MariolaBoo", "location": "sabbat", "public_metrics": {"followers_count": 332, "following_count": 548, "tweet_count": 64012, "listed_count": 11}, "name": "b\u00f4 \u06de", "url": "", "id": "15503466", "created_at": "2008-07-20T16:39:26.000Z", "profile_image_url": "https://pbs.twimg.com/profile_images/1493502955676385289/TKGNP3mg_normal.jpg", "description": "Brindemos por la tempestad, qui\u00e9n sabe qu\u00e9 vendr\u00e1 detr\u00e1s ( \u0336F\u0336a\u0336n\u0336 \u0336 \u0336Trash account)"}}, {"source": "Twitter for iPhone", "text": "AMBER ESTA EN TIJUANA Y ESTOY TAN CERCA PERO LO QUE M\u00c1S ME LLAMO MI ATENCI\u00d3N ES QUE VA A AYUDAR GENTE QUE LO NECESITA ES HERMOSA POR DENTRO Y POR FUERA https://t.co/aSm8uiBGik", "lang": "es", "entities": {"annotations": [{"start": 0, "end": 4, "probability": 0.5687, "type": "Person", "normalized_text": "AMBER"}, {"start": 14, "end": 20, "probability": 0.9676, "type": "Place", "normalized_text": "TIJUANA"}], "urls": [{"start": 152, "end": 175, "url": "https://t.co/aSm8uiBGik", "expanded_url": "https://twitter.com/realamberheard/status/1090655854360064000", "display_url": "twitter.com/realamberheard\u2026"}]}, "created_at": "2019-01-30T17:32:27.000Z", "public_metrics": {"retweet_count": 0, "reply_count": 0, "like_count": 1, "quote_count": 0}, "author_id": "333519806", "referenced_tweets": [{"type": "quoted", "id": "1090655854360064000"}], "id": "1090664048587407366", "quoted_tweet": {"source": "Twitter for iPhone", "text": "Headed to Tijuana to meet with people on the ground who are living in the middle of the ongoing crisis that still desperately needs our aid, attention &amp; support @thisisabouthumanity https://t.co/JaqCk3Un73", "lang": "en", "entities": {"annotations": [{"start": 10, "end": 16, "probability": 0.9585, "type": "Place", "normalized_text": "Tijuana"}], "urls": [{"start": 186, "end": 209, "url": "https://t.co/JaqCk3Un73", "expanded_url": "https://twitter.com/realamberheard/status/1090655854360064000/photo/1", "display_url": "pic.twitter.com/JaqCk3Un73"}]}, "created_at": "2019-01-30T16:59:53.000Z", "public_metrics": {"retweet_count": 374, "reply_count": 158, "like_count": 4537, "quote_count": 44}, "author_id": "807003567605227520", "id": "1090655854360064000", "author": {"username": "realamberheard", "location": "Los Angeles, CA", "public_metrics": {"followers_count": 190355, "following_count": 220, "tweet_count": 1150, "listed_count": 566}, "name": "Amber Heard", "url": "https://t.co/Ze18Ek9SOI", "id": "807003567605227520", "created_at": "2016-12-08T23:26:58.000Z", "profile_image_url": "https://pbs.twimg.com/profile_images/1383196364792680448/N8CdupEu_normal.jpg", "description": "Actor and Activist, semi-professional disruptor, ice cream advocate and shameless teacup yorkie-lover"}}, "author": {"username": "ohparker_", "public_metrics": {"followers_count": 4633, "following_count": 983, "tweet_count": 51180, "listed_count": 43}, "name": "jean", "url": "", "id": "333519806", "created_at": "2011-07-11T17:26:58.000Z", "profile_image_url": "https://pbs.twimg.com/profile_images/1506721320393879554/EWsdw8O9_normal.jpg", "description": "elizabeth olsen and scarlett johansson lawyer |wifey: @swiftiewidow"}}, {"source": "Twitter for iPhone", "text": "@realamberheard you are so incredible and compressive; I really know that all these people is gonna be so lucky for having you there to help them. \n\u201cThe heroes are not only for movies and comics... there are for the real life\u201d https://t.co/GEVE3AByCe", "lang": "en", "created_at": "2019-01-30T17:20:46.000Z", "entities": {"mentions": [{"start": 0, "end": 15, "username": "realamberheard", "id": "807003567605227520"}], "urls": [{"start": 227, "end": 250, "url": "https://t.co/GEVE3AByCe", "expanded_url": "https://twitter.com/realamberheard/status/1090655854360064000", "display_url": "twitter.com/realamberheard\u2026"}]}, "in_reply_to_user_id": "807003567605227520", "public_metrics": {"retweet_count": 1, "reply_count": 0, "like_count": 3, "quote_count": 0}, "author_id": "899837906289737729", "referenced_tweets": [{"type": "quoted", "id": "1090655854360064000"}], "id": "1090661108829077505", "quoted_tweet": {"source": "Twitter for iPhone", "text": "Headed to Tijuana to meet with people on the ground who are living in the middle of the ongoing crisis that still desperately needs our aid, attention &amp; support @thisisabouthumanity https://t.co/JaqCk3Un73", "lang": "en", "entities": {"annotations": [{"start": 10, "end": 16, "probability": 0.9585, "type": "Place", "normalized_text": "Tijuana"}], "urls": [{"start": 186, "end": 209, "url": "https://t.co/JaqCk3Un73", "expanded_url": "https://twitter.com/realamberheard/status/1090655854360064000/photo/1", "display_url": "pic.twitter.com/JaqCk3Un73"}]}, "created_at": "2019-01-30T16:59:53.000Z", "public_metrics": {"retweet_count": 374, "reply_count": 158, "like_count": 4537, "quote_count": 44}, "author_id": "807003567605227520", "id": "1090655854360064000", "author": {"username": "realamberheard", "location": "Los Angeles, CA", "public_metrics": {"followers_count": 190355, "following_count": 220, "tweet_count": 1150, "listed_count": 566}, "name": "Amber Heard", "url": "https://t.co/Ze18Ek9SOI", "id": "807003567605227520", "created_at": "2016-12-08T23:26:58.000Z", "profile_image_url": "https://pbs.twimg.com/profile_images/1383196364792680448/N8CdupEu_normal.jpg", "description": "Actor and Activist, semi-professional disruptor, ice cream advocate and shameless teacup yorkie-lover"}}, "author": {"username": "comix_mx", "location": "Mexico", "public_metrics": {"followers_count": 20617, "following_count": 200, "tweet_count": 22612, "listed_count": 68}, "name": "\u200eComic Spot", "url": "https://t.co/qb7HyVC4ii", "id": "899837906289737729", "created_at": "2017-08-22T03:37:29.000Z", "profile_image_url": "https://pbs.twimg.com/profile_images/1427503562804932609/P8s36ZUK_normal.jpg", "description": "Noticias recientes/relevantes sobre: Superh\u00e9roes\u2022C\u00f3mics| Cine\u2022TV| Marvel & DC. Contacto:comicspotmex@gmail.com \ud83d\udce9"}}, {"source": "Twitter for iPhone", "text": "how could you not love and appreciate and give her your full support https://t.co/I5Mcz8hIoi", "lang": "en", "created_at": "2019-01-30T17:20:10.000Z", "public_metrics": {"retweet_count": 0, "reply_count": 0, "like_count": 0, "quote_count": 0}, "entities": {"urls": [{"start": 69, "end": 92, "url": "https://t.co/I5Mcz8hIoi", "expanded_url": "https://twitter.com/realamberheard/status/1090655854360064000", "display_url": "twitter.com/realamberheard\u2026"}]}, "author_id": "3065762493", "referenced_tweets": [{"type": "quoted", "id": "1090655854360064000"}], "id": "1090660957108490240", "quoted_tweet": {"source": "Twitter for iPhone", "text": "Headed to Tijuana to meet with people on the ground who are living in the middle of the ongoing crisis that still desperately needs our aid, attention &amp; support @thisisabouthumanity https://t.co/JaqCk3Un73", "lang": "en", "entities": {"annotations": [{"start": 10, "end": 16, "probability": 0.9585, "type": "Place", "normalized_text": "Tijuana"}], "urls": [{"start": 186, "end": 209, "url": "https://t.co/JaqCk3Un73", "expanded_url": "https://twitter.com/realamberheard/status/1090655854360064000/photo/1", "display_url": "pic.twitter.com/JaqCk3Un73"}]}, "created_at": "2019-01-30T16:59:53.000Z", "public_metrics": {"retweet_count": 374, "reply_count": 158, "like_count": 4537, "quote_count": 44}, "author_id": "807003567605227520", "id": "1090655854360064000", "author": {"username": "realamberheard", "location": "Los Angeles, CA", "public_metrics": {"followers_count": 190355, "following_count": 220, "tweet_count": 1150, "listed_count": 566}, "name": "Amber Heard", "url": "https://t.co/Ze18Ek9SOI", "id": "807003567605227520", "created_at": "2016-12-08T23:26:58.000Z", "profile_image_url": "https://pbs.twimg.com/profile_images/1383196364792680448/N8CdupEu_normal.jpg", "description": "Actor and Activist, semi-professional disruptor, ice cream advocate and shameless teacup yorkie-lover"}}, "author": {"username": "heardverse", "location": "Brasil", "public_metrics": {"followers_count": 2806, "following_count": 97, "tweet_count": 32674, "listed_count": 29}, "name": "carol", "url": "https://t.co/YxZgLFMyeQ", "id": "3065762493", "created_at": "2015-03-01T20:14:47.000Z", "profile_image_url": "https://pbs.twimg.com/profile_images/1438347905304256512/kQoJOMWs_normal.jpg", "description": "ur resident amber heard stan"}}, {"source": "Twitter for Android", "text": "Preciosa \ud83d\udc93 https://t.co/7ewpv0tvtT", "lang": "es", "created_at": "2019-01-30T17:19:20.000Z", "public_metrics": {"retweet_count": 0, "reply_count": 0, "like_count": 0, "quote_count": 0}, "entities": {"urls": [{"start": 11, "end": 34, "url": "https://t.co/7ewpv0tvtT", "expanded_url": "https://twitter.com/realamberheard/status/1090655854360064000", "display_url": "twitter.com/realamberheard\u2026"}]}, "author_id": "2810616637", "referenced_tweets": [{"type": "quoted", "id": "1090655854360064000"}], "id": "1090660747032649728", "quoted_tweet": {"source": "Twitter for iPhone", "text": "Headed to Tijuana to meet with people on the ground who are living in the middle of the ongoing crisis that still desperately needs our aid, attention &amp; support @thisisabouthumanity https://t.co/JaqCk3Un73", "lang": "en", "entities": {"annotations": [{"start": 10, "end": 16, "probability": 0.9585, "type": "Place", "normalized_text": "Tijuana"}], "urls": [{"start": 186, "end": 209, "url": "https://t.co/JaqCk3Un73", "expanded_url": "https://twitter.com/realamberheard/status/1090655854360064000/photo/1", "display_url": "pic.twitter.com/JaqCk3Un73"}]}, "created_at": "2019-01-30T16:59:53.000Z", "public_metrics": {"retweet_count": 374, "reply_count": 158, "like_count": 4537, "quote_count": 44}, "author_id": "807003567605227520", "id": "1090655854360064000", "author": {"username": "realamberheard", "location": "Los Angeles, CA", "public_metrics": {"followers_count": 190355, "following_count": 220, "tweet_count": 1150, "listed_count": 566}, "name": "Amber Heard", "url": "https://t.co/Ze18Ek9SOI", "id": "807003567605227520", "created_at": "2016-12-08T23:26:58.000Z", "profile_image_url": "https://pbs.twimg.com/profile_images/1383196364792680448/N8CdupEu_normal.jpg", "description": "Actor and Activist, semi-professional disruptor, ice cream advocate and shameless teacup yorkie-lover"}}, "author": {"username": "f44iryy_", "location": "somewhere in northern italy", "public_metrics": {"followers_count": 1519, "following_count": 2475, "tweet_count": 22513, "listed_count": 2}, "name": "niza \ud83d\udc05", "url": "https://t.co/KKvzfI53zJ", "id": "2810616637", "created_at": "2014-09-15T03:32:22.000Z", "profile_image_url": "https://pbs.twimg.com/profile_images/1504974592892358658/ed4Z-0wL_normal.jpg", "description": "manifesting my own fairytale"}}, {"source": "Twitter for Android", "text": "\u015fap\u015fal https://t.co/UVYahS6YMw", "lang": "tr", "created_at": "2019-01-30T17:16:38.000Z", "public_metrics": {"retweet_count": 0, "reply_count": 0, "like_count": 1, "quote_count": 0}, "entities": {"urls": [{"start": 7, "end": 30, "url": "https://t.co/UVYahS6YMw", "expanded_url": "https://twitter.com/realamberheard/status/1090655854360064000", "display_url": "twitter.com/realamberheard\u2026"}]}, "author_id": "925815850296401922", "referenced_tweets": [{"type": "quoted", "id": "1090655854360064000"}], "id": "1090660067114921984", "quoted_tweet": {"source": "Twitter for iPhone", "text": "Headed to Tijuana to meet with people on the ground who are living in the middle of the ongoing crisis that still desperately needs our aid, attention &amp; support @thisisabouthumanity https://t.co/JaqCk3Un73", "lang": "en", "entities": {"annotations": [{"start": 10, "end": 16, "probability": 0.9585, "type": "Place", "normalized_text": "Tijuana"}], "urls": [{"start": 186, "end": 209, "url": "https://t.co/JaqCk3Un73", "expanded_url": "https://twitter.com/realamberheard/status/1090655854360064000/photo/1", "display_url": "pic.twitter.com/JaqCk3Un73"}]}, "created_at": "2019-01-30T16:59:53.000Z", "public_metrics": {"retweet_count": 374, "reply_count": 158, "like_count": 4537, "quote_count": 44}, "author_id": "807003567605227520", "id": "1090655854360064000", "author": {"username": "realamberheard", "location": "Los Angeles, CA", "public_metrics": {"followers_count": 190355, "following_count": 220, "tweet_count": 1150, "listed_count": 566}, "name": "Amber Heard", "url": "https://t.co/Ze18Ek9SOI", "id": "807003567605227520", "created_at": "2016-12-08T23:26:58.000Z", "profile_image_url": "https://pbs.twimg.com/profile_images/1383196364792680448/N8CdupEu_normal.jpg", "description": "Actor and Activist, semi-professional disruptor, ice cream advocate and shameless teacup yorkie-lover"}}, "author": {"username": "angedelart", "location": "| a casa do sol nascente", "public_metrics": {"followers_count": 223, "following_count": 612, "tweet_count": 7046, "listed_count": 1}, "name": "zatanna.", "url": "https://t.co/gxvDyv3Y3T", "id": "925815850296401922", "created_at": "2017-11-01T20:04:34.000Z", "profile_image_url": "https://pbs.twimg.com/profile_images/1258142811330772993/hR5-E7eO_normal.jpg", "description": "kardelen | \u275dabsence of evidence is not evidence of absence.\u275e\n| https://t.co/mRI57lwy69"}}, {"source": "Twitter for iPhone", "text": "*Flies to Tijuana immediately * https://t.co/gdfR4OVMuG", "lang": "en", "entities": {"annotations": [{"start": 10, "end": 16, "probability": 0.7207, "type": "Place", "normalized_text": "Tijuana"}], "urls": [{"start": 32, "end": 55, "url": "https://t.co/gdfR4OVMuG", "expanded_url": "https://twitter.com/realamberheard/status/1090655854360064000", "display_url": "twitter.com/realamberheard\u2026"}]}, "created_at": "2019-01-30T17:16:04.000Z", "public_metrics": {"retweet_count": 0, "reply_count": 0, "like_count": 2, "quote_count": 0}, "author_id": "14606272", "referenced_tweets": [{"type": "quoted", "id": "1090655854360064000"}], "id": "1090659924672217089", "quoted_tweet": {"source": "Twitter for iPhone", "text": "Headed to Tijuana to meet with people on the ground who are living in the middle of the ongoing crisis that still desperately needs our aid, attention &amp; support @thisisabouthumanity https://t.co/JaqCk3Un73", "lang": "en", "entities": {"annotations": [{"start": 10, "end": 16, "probability": 0.9585, "type": "Place", "normalized_text": "Tijuana"}], "urls": [{"start": 186, "end": 209, "url": "https://t.co/JaqCk3Un73", "expanded_url": "https://twitter.com/realamberheard/status/1090655854360064000/photo/1", "display_url": "pic.twitter.com/JaqCk3Un73"}]}, "created_at": "2019-01-30T16:59:53.000Z", "public_metrics": {"retweet_count": 374, "reply_count": 158, "like_count": 4537, "quote_count": 44}, "author_id": "807003567605227520", "id": "1090655854360064000", "author": {"username": "realamberheard", "location": "Los Angeles, CA", "public_metrics": {"followers_count": 190355, "following_count": 220, "tweet_count": 1150, "listed_count": 566}, "name": "Amber Heard", "url": "https://t.co/Ze18Ek9SOI", "id": "807003567605227520", "created_at": "2016-12-08T23:26:58.000Z", "profile_image_url": "https://pbs.twimg.com/profile_images/1383196364792680448/N8CdupEu_normal.jpg", "description": "Actor and Activist, semi-professional disruptor, ice cream advocate and shameless teacup yorkie-lover"}}, "author": {"username": "thatgirlpablo", "location": "London, Paris, maybe Tokyo.", "public_metrics": {"followers_count": 492, "following_count": 2381, "tweet_count": 24355, "listed_count": 9}, "name": "Tatiana", "url": "https://t.co/cUC5JhSGcl", "id": "14606272", "created_at": "2008-04-30T21:31:39.000Z", "profile_image_url": "https://pbs.twimg.com/profile_images/1495880983140347904/3PUTM-05_normal.jpg", "description": "Croatoan."}}, {"source": "Twitter for iPhone", "text": "@susiiebannion https://t.co/ARYPBajsLb", "lang": "und", "created_at": "2019-01-30T17:13:50.000Z", "in_reply_to_user_id": "157146331", "public_metrics": {"retweet_count": 0, "reply_count": 0, "like_count": 0, "quote_count": 0}, "entities": {"urls": [{"start": 15, "end": 38, "url": "https://t.co/ARYPBajsLb", "expanded_url": "https://twitter.com/realamberheard/status/1090655854360064000", "display_url": "twitter.com/realamberheard\u2026"}]}, "author_id": "879911835281092608", "referenced_tweets": [{"type": "quoted", "id": "1090655854360064000"}], "id": "1090659365642735617", "quoted_tweet": {"source": "Twitter for iPhone", "text": "Headed to Tijuana to meet with people on the ground who are living in the middle of the ongoing crisis that still desperately needs our aid, attention &amp; support @thisisabouthumanity https://t.co/JaqCk3Un73", "lang": "en", "entities": {"annotations": [{"start": 10, "end": 16, "probability": 0.9585, "type": "Place", "normalized_text": "Tijuana"}], "urls": [{"start": 186, "end": 209, "url": "https://t.co/JaqCk3Un73", "expanded_url": "https://twitter.com/realamberheard/status/1090655854360064000/photo/1", "display_url": "pic.twitter.com/JaqCk3Un73"}]}, "created_at": "2019-01-30T16:59:53.000Z", "public_metrics": {"retweet_count": 374, "reply_count": 158, "like_count": 4537, "quote_count": 44}, "author_id": "807003567605227520", "id": "1090655854360064000", "author": {"username": "realamberheard", "location": "Los Angeles, CA", "public_metrics": {"followers_count": 190355, "following_count": 220, "tweet_count": 1150, "listed_count": 566}, "name": "Amber Heard", "url": "https://t.co/Ze18Ek9SOI", "id": "807003567605227520", "created_at": "2016-12-08T23:26:58.000Z", "profile_image_url": "https://pbs.twimg.com/profile_images/1383196364792680448/N8CdupEu_normal.jpg", "description": "Actor and Activist, semi-professional disruptor, ice cream advocate and shameless teacup yorkie-lover"}}, "author": {"username": "itsjuliaholz", "location": "nyc", "public_metrics": {"followers_count": 733, "following_count": 1744, "tweet_count": 48294, "listed_count": 9}, "name": "Julia \u2022 80 days\ud83c\udf88", "url": "", "id": "879911835281092608", "created_at": "2017-06-28T03:58:24.000Z", "profile_image_url": "https://pbs.twimg.com/profile_images/1441919379239702534/CJXMqGOh_normal.jpg", "description": "tx \u2192 nyc \u2022 \u264a\ufe0e \u264f\ufe0e \u264f\ufe0e \u2022 amda nyc mt\u201923 \u2022 she/her/hers"}}, {"source": "Twitter Web Client", "text": "eu amo uma mulher https://t.co/F3EtIAznjR", "lang": "pt", "created_at": "2019-01-30T17:08:18.000Z", "public_metrics": {"retweet_count": 0, "reply_count": 0, "like_count": 0, "quote_count": 0}, "entities": {"urls": [{"start": 18, "end": 41, "url": "https://t.co/F3EtIAznjR", "expanded_url": "https://twitter.com/realamberheard/status/1090655854360064000", "display_url": "twitter.com/realamberheard\u2026"}]}, "author_id": "1015794290", "referenced_tweets": [{"type": "quoted", "id": "1090655854360064000"}], "id": "1090657969824505856", "quoted_tweet": {"source": "Twitter for iPhone", "text": "Headed to Tijuana to meet with people on the ground who are living in the middle of the ongoing crisis that still desperately needs our aid, attention &amp; support @thisisabouthumanity https://t.co/JaqCk3Un73", "lang": "en", "entities": {"annotations": [{"start": 10, "end": 16, "probability": 0.9585, "type": "Place", "normalized_text": "Tijuana"}], "urls": [{"start": 186, "end": 209, "url": "https://t.co/JaqCk3Un73", "expanded_url": "https://twitter.com/realamberheard/status/1090655854360064000/photo/1", "display_url": "pic.twitter.com/JaqCk3Un73"}]}, "created_at": "2019-01-30T16:59:53.000Z", "public_metrics": {"retweet_count": 374, "reply_count": 158, "like_count": 4537, "quote_count": 44}, "author_id": "807003567605227520", "id": "1090655854360064000", "author": {"username": "realamberheard", "location": "Los Angeles, CA", "public_metrics": {"followers_count": 190355, "following_count": 220, "tweet_count": 1150, "listed_count": 566}, "name": "Amber Heard", "url": "https://t.co/Ze18Ek9SOI", "id": "807003567605227520", "created_at": "2016-12-08T23:26:58.000Z", "profile_image_url": "https://pbs.twimg.com/profile_images/1383196364792680448/N8CdupEu_normal.jpg", "description": "Actor and Activist, semi-professional disruptor, ice cream advocate and shameless teacup yorkie-lover"}}, "author": {"username": "malukgf", "location": "Guarulhos, Brasil", "public_metrics": {"followers_count": 745, "following_count": 1208, "tweet_count": 23044, "listed_count": 2}, "name": "malu", "url": "https://t.co/4JzxV3cU0W", "id": "1015794290", "created_at": "2012-12-16T18:23:33.000Z", "profile_image_url": "https://pbs.twimg.com/profile_images/1499961371416485888/uftyGrD7_normal.jpg", "description": "futura subcelebridade | ela-dela | audiovisual 019 usp"}}, {"source": "Twitter for iPhone", "text": "On my way babe. https://t.co/RQHR3cWvCy", "lang": "en", "created_at": "2019-01-30T17:06:50.000Z", "public_metrics": {"retweet_count": 0, "reply_count": 0, "like_count": 0, "quote_count": 0}, "entities": {"urls": [{"start": 16, "end": 39, "url": "https://t.co/RQHR3cWvCy", "expanded_url": "https://twitter.com/realamberheard/status/1090655854360064000", "display_url": "twitter.com/realamberheard\u2026"}]}, "author_id": "2823151808", "referenced_tweets": [{"type": "quoted", "id": "1090655854360064000"}], "id": "1090657600541208576", "quoted_tweet": {"source": "Twitter for iPhone", "text": "Headed to Tijuana to meet with people on the ground who are living in the middle of the ongoing crisis that still desperately needs our aid, attention &amp; support @thisisabouthumanity https://t.co/JaqCk3Un73", "lang": "en", "entities": {"annotations": [{"start": 10, "end": 16, "probability": 0.9585, "type": "Place", "normalized_text": "Tijuana"}], "urls": [{"start": 186, "end": 209, "url": "https://t.co/JaqCk3Un73", "expanded_url": "https://twitter.com/realamberheard/status/1090655854360064000/photo/1", "display_url": "pic.twitter.com/JaqCk3Un73"}]}, "created_at": "2019-01-30T16:59:53.000Z", "public_metrics": {"retweet_count": 374, "reply_count": 158, "like_count": 4537, "quote_count": 44}, "author_id": "807003567605227520", "id": "1090655854360064000", "author": {"username": "realamberheard", "location": "Los Angeles, CA", "public_metrics": {"followers_count": 190355, "following_count": 220, "tweet_count": 1150, "listed_count": 566}, "name": "Amber Heard", "url": "https://t.co/Ze18Ek9SOI", "id": "807003567605227520", "created_at": "2016-12-08T23:26:58.000Z", "profile_image_url": "https://pbs.twimg.com/profile_images/1383196364792680448/N8CdupEu_normal.jpg", "description": "Actor and Activist, semi-professional disruptor, ice cream advocate and shameless teacup yorkie-lover"}}, "author": {"username": "alejandrosldna", "location": "Fort Worth, TX", "public_metrics": {"followers_count": 859, "following_count": 581, "tweet_count": 73895, "listed_count": 14}, "name": "Daniel", "url": "", "id": "2823151808", "created_at": "2014-09-21T01:42:52.000Z", "profile_image_url": "https://pbs.twimg.com/profile_images/1479366484753362944/L36GCb6s_normal.jpg", "description": "Mother\u2019s eyes, Daddy\u2019s nose."}}, {"source": "Twitter for iPhone", "text": "A walking goddess https://t.co/hmhmqrKwgo", "lang": "en", "created_at": "2019-01-30T17:05:15.000Z", "public_metrics": {"retweet_count": 0, "reply_count": 0, "like_count": 0, "quote_count": 0}, "entities": {"urls": [{"start": 18, "end": 41, "url": "https://t.co/hmhmqrKwgo", "expanded_url": "https://twitter.com/realamberheard/status/1090655854360064000", "display_url": "twitter.com/realamberheard\u2026"}]}, "author_id": "440462256", "referenced_tweets": [{"type": "quoted", "id": "1090655854360064000"}], "id": "1090657205987299333", "quoted_tweet": {"source": "Twitter for iPhone", "text": "Headed to Tijuana to meet with people on the ground who are living in the middle of the ongoing crisis that still desperately needs our aid, attention &amp; support @thisisabouthumanity https://t.co/JaqCk3Un73", "lang": "en", "entities": {"annotations": [{"start": 10, "end": 16, "probability": 0.9585, "type": "Place", "normalized_text": "Tijuana"}], "urls": [{"start": 186, "end": 209, "url": "https://t.co/JaqCk3Un73", "expanded_url": "https://twitter.com/realamberheard/status/1090655854360064000/photo/1", "display_url": "pic.twitter.com/JaqCk3Un73"}]}, "created_at": "2019-01-30T16:59:53.000Z", "public_metrics": {"retweet_count": 374, "reply_count": 158, "like_count": 4537, "quote_count": 44}, "author_id": "807003567605227520", "id": "1090655854360064000", "author": {"username": "realamberheard", "location": "Los Angeles, CA", "public_metrics": {"followers_count": 190355, "following_count": 220, "tweet_count": 1150, "listed_count": 566}, "name": "Amber Heard", "url": "https://t.co/Ze18Ek9SOI", "id": "807003567605227520", "created_at": "2016-12-08T23:26:58.000Z", "profile_image_url": "https://pbs.twimg.com/profile_images/1383196364792680448/N8CdupEu_normal.jpg", "description": "Actor and Activist, semi-professional disruptor, ice cream advocate and shameless teacup yorkie-lover"}}, "author": {"username": "hippiejades", "location": "she/him", "public_metrics": {"followers_count": 1970, "following_count": 1117, "tweet_count": 159073, "listed_count": 59}, "name": "auds \ud83e\udd18\ud83c\udffb", "url": "https://t.co/z5eAdziOSv", "id": "440462256", "created_at": "2011-12-19T01:21:26.000Z", "profile_image_url": "https://pbs.twimg.com/profile_images/1502427211793584131/q_HQIFE4_normal.jpg", "description": "Auds/scoob. 24. 70s & theme park enthusiast. lesbian. Multifandom. New vids every Wed & Fri/Sat (link). #blacklivesmatter"}}, {"source": "Twitter for Android", "text": "\ud83d\ude0d\ud83d\ude0d\ud83d\ude0d\ud83d\ude0d https://t.co/LdmSOrWuzd", "lang": "und", "created_at": "2019-01-30T17:04:49.000Z", "public_metrics": {"retweet_count": 0, "reply_count": 0, "like_count": 0, "quote_count": 0}, "entities": {"urls": [{"start": 5, "end": 28, "url": "https://t.co/LdmSOrWuzd", "expanded_url": "https://twitter.com/realamberheard/status/1090655854360064000", "display_url": "twitter.com/realamberheard\u2026"}]}, "author_id": "280814740", "referenced_tweets": [{"type": "quoted", "id": "1090655854360064000"}], "id": "1090657093185622016", "quoted_tweet": {"source": "Twitter for iPhone", "text": "Headed to Tijuana to meet with people on the ground who are living in the middle of the ongoing crisis that still desperately needs our aid, attention &amp; support @thisisabouthumanity https://t.co/JaqCk3Un73", "lang": "en", "entities": {"annotations": [{"start": 10, "end": 16, "probability": 0.9585, "type": "Place", "normalized_text": "Tijuana"}], "urls": [{"start": 186, "end": 209, "url": "https://t.co/JaqCk3Un73", "expanded_url": "https://twitter.com/realamberheard/status/1090655854360064000/photo/1", "display_url": "pic.twitter.com/JaqCk3Un73"}]}, "created_at": "2019-01-30T16:59:53.000Z", "public_metrics": {"retweet_count": 374, "reply_count": 158, "like_count": 4537, "quote_count": 44}, "author_id": "807003567605227520", "id": "1090655854360064000", "author": {"username": "realamberheard", "location": "Los Angeles, CA", "public_metrics": {"followers_count": 190355, "following_count": 220, "tweet_count": 1150, "listed_count": 566}, "name": "Amber Heard", "url": "https://t.co/Ze18Ek9SOI", "id": "807003567605227520", "created_at": "2016-12-08T23:26:58.000Z", "profile_image_url": "https://pbs.twimg.com/profile_images/1383196364792680448/N8CdupEu_normal.jpg", "description": "Actor and Activist, semi-professional disruptor, ice cream advocate and shameless teacup yorkie-lover"}}, "author": {"username": "JoshIker", "location": "Tampico, Tamaulipas", "public_metrics": {"followers_count": 432, "following_count": 421, "tweet_count": 40883, "listed_count": 3}, "name": "Chochua \ud83e\uddd9\ud83c\udffe\u200d\u2642\ufe0f\ud83e\udd96", "url": "https://t.co/IMTnixq4NI", "id": "280814740", "created_at": "2011-04-12T02:30:32.000Z", "profile_image_url": "https://pbs.twimg.com/profile_images/1487300424717721600/AK2NldHQ_normal.jpg", "description": "25. He tenido mis altas y bajas, pero sigo siendo un feliz hijo de puta."}}, {"source": "Twitter Web Client", "text": "perfeita https://t.co/vcOOT5LcUS", "lang": "pt", "created_at": "2019-01-30T17:01:33.000Z", "public_metrics": {"retweet_count": 0, "reply_count": 0, "like_count": 0, "quote_count": 0}, "entities": {"urls": [{"start": 9, "end": 32, "url": "https://t.co/vcOOT5LcUS", "expanded_url": "https://twitter.com/realamberheard/status/1090655854360064000", "display_url": "twitter.com/realamberheard\u2026"}]}, "author_id": "2899628241", "referenced_tweets": [{"type": "quoted", "id": "1090655854360064000"}], "id": "1090656274574950400", "quoted_tweet": {"source": "Twitter for iPhone", "text": "Headed to Tijuana to meet with people on the ground who are living in the middle of the ongoing crisis that still desperately needs our aid, attention &amp; support @thisisabouthumanity https://t.co/JaqCk3Un73", "lang": "en", "entities": {"annotations": [{"start": 10, "end": 16, "probability": 0.9585, "type": "Place", "normalized_text": "Tijuana"}], "urls": [{"start": 186, "end": 209, "url": "https://t.co/JaqCk3Un73", "expanded_url": "https://twitter.com/realamberheard/status/1090655854360064000/photo/1", "display_url": "pic.twitter.com/JaqCk3Un73"}]}, "created_at": "2019-01-30T16:59:53.000Z", "public_metrics": {"retweet_count": 374, "reply_count": 158, "like_count": 4537, "quote_count": 44}, "author_id": "807003567605227520", "id": "1090655854360064000", "author": {"username": "realamberheard", "location": "Los Angeles, CA", "public_metrics": {"followers_count": 190355, "following_count": 220, "tweet_count": 1150, "listed_count": 566}, "name": "Amber Heard", "url": "https://t.co/Ze18Ek9SOI", "id": "807003567605227520", "created_at": "2016-12-08T23:26:58.000Z", "profile_image_url": "https://pbs.twimg.com/profile_images/1383196364792680448/N8CdupEu_normal.jpg", "description": "Actor and Activist, semi-professional disruptor, ice cream advocate and shameless teacup yorkie-lover"}}, "author": {"username": "electraheartly", "location": "Natal, Brazil", "public_metrics": {"followers_count": 1113, "following_count": 1028, "tweet_count": 146147, "listed_count": 5}, "name": "lobisomem rodolfo augusto", "url": "", "id": "2899628241", "created_at": "2014-11-30T19:46:15.000Z", "profile_image_url": "https://pbs.twimg.com/profile_images/1505248001736028169/OxwEuKoc_normal.jpg", "description": "entp/leonina"}}]