[{"referenced_tweets": [{"type": "quoted", "id": "1094757347157659648"}], "id": "1094781643888435200", "lang": "es", "text": "Diosss \ud83d\udc93\ud83d\udc93\ud83d\udc93\ud83d\udd25 https://t.co/giD2ddXaZR", "created_at": "2019-02-11T02:14:18.000Z", "source": "Twitter Web App", "author_id": "67519034", "entities": {"urls": [{"start": 12, "end": 35, "url": "https://t.co/giD2ddXaZR", "expanded_url": "https://twitter.com/realamberheard/status/1094757347157659648", "display_url": "twitter.com/realamberheard\u2026"}]}, "public_metrics": {"retweet_count": 0, "reply_count": 0, "like_count": 0, "quote_count": 0}, "quoted_tweet": {"entities": {"mentions": [{"start": 0, "end": 14, "username": "RogersCapitan", "id": "2942859267"}]}, "referenced_tweets": [{"type": "replied_to", "id": "1094486227808604160"}], "id": "1094757347157659648", "lang": "es", "text": "@RogersCapitan Much\u00edsimas gracias! Besito!", "created_at": "2019-02-11T00:37:45.000Z", "source": "Twitter for iPhone", "author_id": "807003567605227520", "in_reply_to_user_id": "2942859267", "public_metrics": {"retweet_count": 39, "reply_count": 30, "like_count": 804, "quote_count": 10}, "author": {"public_metrics": {"followers_count": 190358, "following_count": 220, "tweet_count": 1150, "listed_count": 566}, "created_at": "2016-12-08T23:26:58.000Z", "id": "807003567605227520", "location": "Los Angeles, CA", "name": "Amber Heard", "profile_image_url": "https://pbs.twimg.com/profile_images/1383196364792680448/N8CdupEu_normal.jpg", "username": "realamberheard", "url": "https://t.co/Ze18Ek9SOI", "description": "Actor and Activist, semi-professional disruptor, ice cream advocate and shameless teacup yorkie-lover"}}, "author": {"public_metrics": {"followers_count": 255, "following_count": 886, "tweet_count": 9989, "listed_count": 0}, "created_at": "2009-08-21T04:03:23.000Z", "id": "67519034", "name": "TorturaChina \ud83c\udf08", "profile_image_url": "https://pbs.twimg.com/profile_images/1505801675881291781/uibH1bBy_normal.jpg", "username": "nuggun", "url": "https://t.co/x9fDryrqI9", "description": "Siempre casi 30"}}, {"referenced_tweets": [{"type": "quoted", "id": "1094757347157659648"}], "id": "1094760890468048897", "lang": "und", "text": "OMGGGGG https://t.co/ZVDThL75ZR", "created_at": "2019-02-11T00:51:50.000Z", "source": "Twitter for Android", "author_id": "3115839192", "entities": {"urls": [{"start": 8, "end": 31, "url": "https://t.co/ZVDThL75ZR", "expanded_url": "https://twitter.com/realamberheard/status/1094757347157659648", "display_url": "twitter.com/realamberheard\u2026"}]}, "public_metrics": {"retweet_count": 0, "reply_count": 0, "like_count": 0, "quote_count": 0}, "quoted_tweet": {"entities": {"mentions": [{"start": 0, "end": 14, "username": "RogersCapitan", "id": "2942859267"}]}, "referenced_tweets": [{"type": "replied_to", "id": "1094486227808604160"}], "id": "1094757347157659648", "lang": "es", "text": "@RogersCapitan Much\u00edsimas gracias! Besito!", "created_at": "2019-02-11T00:37:45.000Z", "source": "Twitter for iPhone", "author_id": "807003567605227520", "in_reply_to_user_id": "2942859267", "public_metrics": {"retweet_count": 39, "reply_count": 30, "like_count": 804, "quote_count": 10}, "author": {"public_metrics": {"followers_count": 190358, "following_count": 220, "tweet_count": 1150, "listed_count": 566}, "created_at": "2016-12-08T23:26:58.000Z", "id": "807003567605227520", "location": "Los Angeles, CA", "name": "Amber Heard", "profile_image_url": "https://pbs.twimg.com/profile_images/1383196364792680448/N8CdupEu_normal.jpg", "username": "realamberheard", "url": "https://t.co/Ze18Ek9SOI", "description": "Actor and Activist, semi-professional disruptor, ice cream advocate and shameless teacup yorkie-lover"}}, "author": {"public_metrics": {"followers_count": 1138, "following_count": 308, "tweet_count": 44453, "listed_count": 4}, "created_at": "2015-03-29T21:31:16.000Z", "id": "3115839192", "name": "kaya.", "profile_image_url": "https://pbs.twimg.com/profile_images/1497971217231458311/qp4a7ACS_normal.jpg", "username": "perfectevolve", "url": "https://t.co/jwLubkSMn9", "description": "i want it, i got it."}}, {"referenced_tweets": [{"type": "quoted", "id": "1094757347157659648"}], "id": "1094759680008687616", "lang": "es", "text": "Nunca en mi perra vida tendr\u00e9 un saludo en espa\u00f1ol de mi esposa. \ud83d\ude2d\ud83d\ude2d https://t.co/LoKztlvXVf", "created_at": "2019-02-11T00:47:02.000Z", "source": "Twitter for Android", "author_id": "222627192", "entities": {"urls": [{"start": 68, "end": 91, "url": "https://t.co/LoKztlvXVf", "expanded_url": "https://twitter.com/realamberheard/status/1094757347157659648", "display_url": "twitter.com/realamberheard\u2026"}]}, "public_metrics": {"retweet_count": 0, "reply_count": 0, "like_count": 0, "quote_count": 0}, "quoted_tweet": {"entities": {"mentions": [{"start": 0, "end": 14, "username": "RogersCapitan", "id": "2942859267"}]}, "referenced_tweets": [{"type": "replied_to", "id": "1094486227808604160"}], "id": "1094757347157659648", "lang": "es", "text": "@RogersCapitan Much\u00edsimas gracias! Besito!", "created_at": "2019-02-11T00:37:45.000Z", "source": "Twitter for iPhone", "author_id": "807003567605227520", "in_reply_to_user_id": "2942859267", "public_metrics": {"retweet_count": 39, "reply_count": 30, "like_count": 804, "quote_count": 10}, "author": {"public_metrics": {"followers_count": 190358, "following_count": 220, "tweet_count": 1150, "listed_count": 566}, "created_at": "2016-12-08T23:26:58.000Z", "id": "807003567605227520", "location": "Los Angeles, CA", "name": "Amber Heard", "profile_image_url": "https://pbs.twimg.com/profile_images/1383196364792680448/N8CdupEu_normal.jpg", "username": "realamberheard", "url": "https://t.co/Ze18Ek9SOI", "description": "Actor and Activist, semi-professional disruptor, ice cream advocate and shameless teacup yorkie-lover"}}, "author": {"public_metrics": {"followers_count": 403, "following_count": 550, "tweet_count": 37784, "listed_count": 3}, "created_at": "2010-12-03T23:44:34.000Z", "id": "222627192", "location": "Quintana Roo, M\u00e9xico", "name": "\ud83c\uddf2\ud83c\uddfdAmor Vincit Omnia", "profile_image_url": "https://pbs.twimg.com/profile_images/1372971519635247104/GFlGJ9cO_normal.jpg", "username": "Azulecter09", "url": "", "description": "No eres tu, eres lo que mi deseo inventa en ti.\u03a8"}}]