[{"id": "1095918690778804224", "source": "Twitter for Android", "lang": "en", "text": "Wow Dom is queen of being noticed by her faves. https://t.co/YrpxQdGPnZ", "referenced_tweets": [{"type": "quoted", "id": "1095912317416464384"}], "public_metrics": {"retweet_count": 0, "reply_count": 0, "like_count": 0, "quote_count": 0}, "entities": {"urls": [{"start": 48, "end": 71, "url": "https://t.co/YrpxQdGPnZ", "expanded_url": "https://twitter.com/realamberheard/status/1095912317416464384", "display_url": "twitter.com/realamberheard\u2026"}], "annotations": [{"start": 4, "end": 6, "probability": 0.8201, "type": "Person", "normalized_text": "Dom"}]}, "author_id": "3162552002", "created_at": "2019-02-14T05:32:31.000Z", "quoted_tweet": {"id": "1095912317416464384", "source": "Twitter for iPhone", "lang": "en", "text": "@CMONPUDDlN Amen.", "referenced_tweets": [{"type": "replied_to", "id": "1095868665403199489"}], "public_metrics": {"retweet_count": 2, "reply_count": 1, "like_count": 45, "quote_count": 2}, "entities": {"mentions": [{"start": 0, "end": 11, "username": "CMONPUDDlN", "id": "77815015"}]}, "in_reply_to_user_id": "77815015", "author_id": "807003567605227520", "created_at": "2019-02-14T05:07:12.000Z", "author": {"location": "Los Angeles, CA", "profile_image_url": "https://pbs.twimg.com/profile_images/1383196364792680448/N8CdupEu_normal.jpg", "name": "Amber Heard", "username": "realamberheard", "created_at": "2016-12-08T23:26:58.000Z", "id": "807003567605227520", "public_metrics": {"followers_count": 190358, "following_count": 220, "tweet_count": 1150, "listed_count": 566}, "url": "https://t.co/Ze18Ek9SOI", "description": "Actor and Activist, semi-professional disruptor, ice cream advocate and shameless teacup yorkie-lover"}}, "author": {"location": "she/her, 24", "profile_image_url": "https://pbs.twimg.com/profile_images/1456205829716148227/9xdJVl2H_normal.jpg", "name": "ivy", "username": "soursofaa", "created_at": "2015-04-18T13:48:14.000Z", "id": "3162552002", "public_metrics": {"followers_count": 280, "following_count": 254, "tweet_count": 56662, "listed_count": 3}, "url": "", "description": "filmwhore sometimes | anitwt | otv & f (mainly amigops) | This acc is my safe space. rant a lil bit too much sometimes. idec"}}]