[{"author_id": "100038683", "created_at": "2020-02-02T16:06:19.000Z", "public_metrics": {"retweet_count": 0, "reply_count": 0, "like_count": 0, "quote_count": 0}, "entities": {"urls": [{"start": 16, "end": 39, "url": "https://t.co/CKf5fo5VxY", "expanded_url": "https://twitter.com/realamberheard/status/1098255713409871873", "display_url": "twitter.com/realamberheard\u2026"}]}, "text": "Well, well... \ud83d\ude02 https://t.co/CKf5fo5VxY", "source": "Twitter for Android", "referenced_tweets": [{"type": "quoted", "id": "1098255713409871873"}], "lang": "en", "id": "1224001105438433283", "quoted_tweet": {"author_id": "807003567605227520", "created_at": "2019-02-20T16:19:01.000Z", "entities": {"annotations": [{"start": 47, "end": 61, "probability": 0.4926, "type": "Organization", "normalized_text": "Catholic Church"}], "urls": [{"start": 159, "end": 182, "url": "https://t.co/w7CS51JOmB", "expanded_url": "https://twitter.com/cnni/status/1098205750248292352", "display_url": "twitter.com/cnni/status/10\u2026"}], "hashtags": [{"start": 24, "end": 30, "tag": "metoo"}, {"start": 134, "end": 158, "tag": "equalopportunityabusers"}]}, "public_metrics": {"retweet_count": 67, "reply_count": 20, "like_count": 597, "quote_count": 2}, "text": "Good to see in the post #metoo mvnt world, the Catholic Church now including women in their (recognized) list of sexual abuse victims #equalopportunityabusers https://t.co/w7CS51JOmB", "source": "Twitter for iPhone", "referenced_tweets": [{"type": "quoted", "id": "1098205750248292352"}], "lang": "en", "id": "1098255713409871873", "author": {"username": "realamberheard", "id": "807003567605227520", "profile_image_url": "https://pbs.twimg.com/profile_images/1383196364792680448/N8CdupEu_normal.jpg", "name": "Amber Heard", "created_at": "2016-12-08T23:26:58.000Z", "public_metrics": {"followers_count": 190358, "following_count": 220, "tweet_count": 1150, "listed_count": 566}, "location": "Los Angeles, CA", "description": "Actor and Activist, semi-professional disruptor, ice cream advocate and shameless teacup yorkie-lover", "url": "https://t.co/Ze18Ek9SOI"}}, "author": {"username": "ChoripanKenobi", "id": "100038683", "profile_image_url": "https://pbs.twimg.com/profile_images/663825638646611968/lf3gWNs8_normal.jpg", "name": "Chorip\u00e1n", "created_at": "2009-12-28T20:23:47.000Z", "public_metrics": {"followers_count": 498, "following_count": 363, "tweet_count": 19316, "listed_count": 2}, "location": "Caracas, Venezuela", "description": "El lado ch\u00e9vere de la fuerza.", "url": "http://t.co/twxHxOtlG0"}}, {"author_id": "305516456", "created_at": "2019-03-12T20:09:27.000Z", "public_metrics": {"retweet_count": 0, "reply_count": 0, "like_count": 1, "quote_count": 0}, "entities": {"urls": [{"start": 50, "end": 73, "url": "https://t.co/DOLvYSxqoD", "expanded_url": "https://twitter.com/realamberheard/status/1098255713409871873", "display_url": "twitter.com/realamberheard\u2026"}]}, "text": "And you are now recognized in our list of abusers https://t.co/DOLvYSxqoD", "source": "Twitter for iPhone", "referenced_tweets": [{"type": "quoted", "id": "1098255713409871873"}], "lang": "en", "id": "1105561462758694912", "quoted_tweet": {"author_id": "807003567605227520", "created_at": "2019-02-20T16:19:01.000Z", "entities": {"annotations": [{"start": 47, "end": 61, "probability": 0.4926, "type": "Organization", "normalized_text": "Catholic Church"}], "urls": [{"start": 159, "end": 182, "url": "https://t.co/w7CS51JOmB", "expanded_url": "https://twitter.com/cnni/status/1098205750248292352", "display_url": "twitter.com/cnni/status/10\u2026"}], "hashtags": [{"start": 24, "end": 30, "tag": "metoo"}, {"start": 134, "end": 158, "tag": "equalopportunityabusers"}]}, "public_metrics": {"retweet_count": 67, "reply_count": 20, "like_count": 597, "quote_count": 2}, "text": "Good to see in the post #metoo mvnt world, the Catholic Church now including women in their (recognized) list of sexual abuse victims #equalopportunityabusers https://t.co/w7CS51JOmB", "source": "Twitter for iPhone", "referenced_tweets": [{"type": "quoted", "id": "1098205750248292352"}], "lang": "en", "id": "1098255713409871873", "author": {"username": "realamberheard", "id": "807003567605227520", "profile_image_url": "https://pbs.twimg.com/profile_images/1383196364792680448/N8CdupEu_normal.jpg", "name": "Amber Heard", "created_at": "2016-12-08T23:26:58.000Z", "public_metrics": {"followers_count": 190358, "following_count": 220, "tweet_count": 1150, "listed_count": 566}, "location": "Los Angeles, CA", "description": "Actor and Activist, semi-professional disruptor, ice cream advocate and shameless teacup yorkie-lover", "url": "https://t.co/Ze18Ek9SOI"}}, "author": {"username": "funmbitoye", "id": "305516456", "profile_image_url": "https://pbs.twimg.com/profile_images/1506693289612877826/tqHXIRdV_normal.jpg", "name": "\u2729 no angel \u2729", "created_at": "2011-05-26T10:47:35.000Z", "public_metrics": {"followers_count": 7302, "following_count": 927, "tweet_count": 90074, "listed_count": 13}, "location": "she/her ", "description": "funmibioguntoye@gmail.com", "url": "https://t.co/luxYeg5pl3"}}]