[{"source": "Twitter Web App", "text": "https://t.co/hmY14v71Hx", "lang": "und", "created_at": "2021-03-29T16:20:24.000Z", "in_reply_to_user_id": "840671280399568896", "public_metrics": {"retweet_count": 0, "reply_count": 1, "like_count": 1, "quote_count": 0}, "entities": {"urls": [{"start": 0, "end": 23, "url": "https://t.co/hmY14v71Hx", "expanded_url": "https://twitter.com/realamberheard/status/1104477799962894337?s=19", "display_url": "twitter.com/realamberheard\u2026"}]}, "author_id": "840671280399568896", "referenced_tweets": [{"type": "quoted", "id": "1104477799962894337"}, {"type": "replied_to", "id": "1376569939717414914"}], "id": "1376569943311978506", "quoted_tweet": {"source": "Twitter for iPhone", "text": "Great conversation here at #SXSW about activism &amp; the work that \u2066@ACLU\u2069 drives forward\u2069 with \u2066@PadmaLakshmi\u2069 and \u2066@ikebarinholtz\u2069 https://t.co/JN57G5z4GO", "lang": "en", "created_at": "2019-03-09T20:23:22.000Z", "entities": {"mentions": [{"start": 69, "end": 74, "username": "ACLU", "id": "13393052"}, {"start": 98, "end": 111, "username": "PadmaLakshmi", "id": "57371662"}, {"start": 118, "end": 132, "username": "ikebarinholtz", "id": "93654953"}], "urls": [{"start": 134, "end": 157, "url": "https://t.co/JN57G5z4GO", "expanded_url": "https://twitter.com/realamberheard/status/1104477799962894337/photo/1", "display_url": "pic.twitter.com/JN57G5z4GO"}], "hashtags": [{"start": 27, "end": 32, "tag": "SXSW"}]}, "public_metrics": {"retweet_count": 69, "reply_count": 37, "like_count": 692, "quote_count": 3}, "author_id": "807003567605227520", "id": "1104477799962894337", "author": {"username": "realamberheard", "location": "Los Angeles, CA", "public_metrics": {"followers_count": 190357, "following_count": 220, "tweet_count": 1150, "listed_count": 566}, "name": "Amber Heard", "url": "https://t.co/Ze18Ek9SOI", "id": "807003567605227520", "created_at": "2016-12-08T23:26:58.000Z", "profile_image_url": "https://pbs.twimg.com/profile_images/1383196364792680448/N8CdupEu_normal.jpg", "description": "Actor and Activist, semi-professional disruptor, ice cream advocate and shameless teacup yorkie-lover"}}, "author": {"username": "alberaudeskid", "location": "Youtube: Izzylovelace", "public_metrics": {"followers_count": 1009, "following_count": 875, "tweet_count": 63928, "listed_count": 13}, "name": "Dawn Granger's gf", "url": "https://t.co/KzAMdR9Ns6", "id": "840671280399568896", "created_at": "2017-03-11T21:10:26.000Z", "profile_image_url": "https://pbs.twimg.com/profile_images/1261708982286258178/oBDrGJrW_normal.jpg", "description": "For being you. Tayna - 24 - Female - Cis - Animal lover \ud83d\udc24\ud83d\udc36 Vidder"}}, {"source": "Twitter for iPhone", "text": "RT @PadmaLakshmi: What an interesting conversation we had @ikebarinholtz &amp; @realamberheard! Thanks to @AnthonyACLU &amp; @aclu #SXSW https://t.\u2026", "lang": "en", "created_at": "2019-03-10T01:31:10.000Z", "entities": {"mentions": [{"start": 3, "end": 16, "username": "PadmaLakshmi", "id": "57371662"}, {"start": 58, "end": 72, "username": "ikebarinholtz", "id": "93654953"}, {"start": 79, "end": 94, "username": "realamberheard", "id": "807003567605227520"}, {"start": 106, "end": 118, "username": "AnthonyACLU", "id": "751512704402223104"}, {"start": 125, "end": 130, "username": "ACLU", "id": "13393052"}], "hashtags": [{"start": 131, "end": 136, "tag": "SXSW"}]}, "public_metrics": {"retweet_count": 13, "reply_count": 0, "like_count": 0, "quote_count": 0}, "author_id": "562156916", "referenced_tweets": [{"type": "retweeted", "id": "1104497750425645060"}], "id": "1104555260616556544", "quoted_tweet": {"source": "Twitter for iPhone", "text": "Great conversation here at #SXSW about activism &amp; the work that \u2066@ACLU\u2069 drives forward\u2069 with \u2066@PadmaLakshmi\u2069 and \u2066@ikebarinholtz\u2069 https://t.co/JN57G5z4GO", "lang": "en", "created_at": "2019-03-09T20:23:22.000Z", "entities": {"mentions": [{"start": 69, "end": 74, "username": "ACLU", "id": "13393052"}, {"start": 98, "end": 111, "username": "PadmaLakshmi", "id": "57371662"}, {"start": 118, "end": 132, "username": "ikebarinholtz", "id": "93654953"}], "urls": [{"start": 134, "end": 157, "url": "https://t.co/JN57G5z4GO", "expanded_url": "https://twitter.com/realamberheard/status/1104477799962894337/photo/1", "display_url": "pic.twitter.com/JN57G5z4GO"}], "hashtags": [{"start": 27, "end": 32, "tag": "SXSW"}]}, "public_metrics": {"retweet_count": 69, "reply_count": 37, "like_count": 692, "quote_count": 3}, "author_id": "807003567605227520", "id": "1104477799962894337", "author": {"username": "realamberheard", "location": "Los Angeles, CA", "public_metrics": {"followers_count": 190357, "following_count": 220, "tweet_count": 1150, "listed_count": 566}, "name": "Amber Heard", "url": "https://t.co/Ze18Ek9SOI", "id": "807003567605227520", "created_at": "2016-12-08T23:26:58.000Z", "profile_image_url": "https://pbs.twimg.com/profile_images/1383196364792680448/N8CdupEu_normal.jpg", "description": "Actor and Activist, semi-professional disruptor, ice cream advocate and shameless teacup yorkie-lover"}}, "author": {"username": "YeahArtj55", "public_metrics": {"followers_count": 505, "following_count": 226, "tweet_count": 6453, "listed_count": 42}, "name": "Shhhh", "url": "https://t.co/1x0vMEwpiA", "id": "562156916", "created_at": "2012-04-24T16:30:52.000Z", "profile_image_url": "https://pbs.twimg.com/profile_images/710655526250545152/2k6xyEDa_normal.jpg", "description": "Generally, when I come to festivals, I just wander freely and see what happens. It\u2019s more than music to us..."}}, {"source": "Twitter for Android", "text": "RT @PadmaLakshmi: What an interesting conversation we had @ikebarinholtz &amp; @realamberheard! Thanks to @AnthonyACLU &amp; @aclu #SXSW https://t.\u2026", "lang": "en", "created_at": "2019-03-10T00:10:06.000Z", "entities": {"mentions": [{"start": 3, "end": 16, "username": "PadmaLakshmi", "id": "57371662"}, {"start": 58, "end": 72, "username": "ikebarinholtz", "id": "93654953"}, {"start": 79, "end": 94, "username": "realamberheard", "id": "807003567605227520"}, {"start": 106, "end": 118, "username": "AnthonyACLU", "id": "751512704402223104"}, {"start": 125, "end": 130, "username": "ACLU", "id": "13393052"}], "hashtags": [{"start": 131, "end": 136, "tag": "SXSW"}]}, "public_metrics": {"retweet_count": 13, "reply_count": 0, "like_count": 0, "quote_count": 0}, "author_id": "885948265019191297", "referenced_tweets": [{"type": "retweeted", "id": "1104497750425645060"}], "id": "1104534858792095754", "quoted_tweet": {"source": "Twitter for iPhone", "text": "Great conversation here at #SXSW about activism &amp; the work that \u2066@ACLU\u2069 drives forward\u2069 with \u2066@PadmaLakshmi\u2069 and \u2066@ikebarinholtz\u2069 https://t.co/JN57G5z4GO", "lang": "en", "created_at": "2019-03-09T20:23:22.000Z", "entities": {"mentions": [{"start": 69, "end": 74, "username": "ACLU", "id": "13393052"}, {"start": 98, "end": 111, "username": "PadmaLakshmi", "id": "57371662"}, {"start": 118, "end": 132, "username": "ikebarinholtz", "id": "93654953"}], "urls": [{"start": 134, "end": 157, "url": "https://t.co/JN57G5z4GO", "expanded_url": "https://twitter.com/realamberheard/status/1104477799962894337/photo/1", "display_url": "pic.twitter.com/JN57G5z4GO"}], "hashtags": [{"start": 27, "end": 32, "tag": "SXSW"}]}, "public_metrics": {"retweet_count": 69, "reply_count": 37, "like_count": 692, "quote_count": 3}, "author_id": "807003567605227520", "id": "1104477799962894337", "author": {"username": "realamberheard", "location": "Los Angeles, CA", "public_metrics": {"followers_count": 190357, "following_count": 220, "tweet_count": 1150, "listed_count": 566}, "name": "Amber Heard", "url": "https://t.co/Ze18Ek9SOI", "id": "807003567605227520", "created_at": "2016-12-08T23:26:58.000Z", "profile_image_url": "https://pbs.twimg.com/profile_images/1383196364792680448/N8CdupEu_normal.jpg", "description": "Actor and Activist, semi-professional disruptor, ice cream advocate and shameless teacup yorkie-lover"}}, "author": {"username": "BluesBrutal660", "public_metrics": {"followers_count": 470, "following_count": 971, "tweet_count": 139051, "listed_count": 1}, "name": "ErickBluesJazz", "url": "", "id": "885948265019191297", "created_at": "2017-07-14T19:45:01.000Z", "profile_image_url": "https://pbs.twimg.com/profile_images/1101260814210654209/14JNi7_v_normal.jpg", "description": "@elavelden @evacedenor @alexmorgan13 @MFernandaYepes @JessicaDecote @BeckyLynchWWE @SophiaBush\n @blancasuarezweb @MsCharlotteWWE @irinabaeva1 @LaceyEvansWWE"}}, {"source": "Twitter Web Client", "text": "RT @PadmaLakshmi: What an interesting conversation we had @ikebarinholtz &amp; @realamberheard! Thanks to @AnthonyACLU &amp; @aclu #SXSW https://t.\u2026", "lang": "en", "created_at": "2019-03-09T23:34:59.000Z", "entities": {"mentions": [{"start": 3, "end": 16, "username": "PadmaLakshmi", "id": "57371662"}, {"start": 58, "end": 72, "username": "ikebarinholtz", "id": "93654953"}, {"start": 79, "end": 94, "username": "realamberheard", "id": "807003567605227520"}, {"start": 106, "end": 118, "username": "AnthonyACLU", "id": "751512704402223104"}, {"start": 125, "end": 130, "username": "ACLU", "id": "13393052"}], "hashtags": [{"start": 131, "end": 136, "tag": "SXSW"}]}, "public_metrics": {"retweet_count": 13, "reply_count": 0, "like_count": 0, "quote_count": 0}, "author_id": "2816882514", "referenced_tweets": [{"type": "retweeted", "id": "1104497750425645060"}], "id": "1104526021343301632", "quoted_tweet": {"source": "Twitter for iPhone", "text": "Great conversation here at #SXSW about activism &amp; the work that \u2066@ACLU\u2069 drives forward\u2069 with \u2066@PadmaLakshmi\u2069 and \u2066@ikebarinholtz\u2069 https://t.co/JN57G5z4GO", "lang": "en", "created_at": "2019-03-09T20:23:22.000Z", "entities": {"mentions": [{"start": 69, "end": 74, "username": "ACLU", "id": "13393052"}, {"start": 98, "end": 111, "username": "PadmaLakshmi", "id": "57371662"}, {"start": 118, "end": 132, "username": "ikebarinholtz", "id": "93654953"}], "urls": [{"start": 134, "end": 157, "url": "https://t.co/JN57G5z4GO", "expanded_url": "https://twitter.com/realamberheard/status/1104477799962894337/photo/1", "display_url": "pic.twitter.com/JN57G5z4GO"}], "hashtags": [{"start": 27, "end": 32, "tag": "SXSW"}]}, "public_metrics": {"retweet_count": 69, "reply_count": 37, "like_count": 692, "quote_count": 3}, "author_id": "807003567605227520", "id": "1104477799962894337", "author": {"username": "realamberheard", "location": "Los Angeles, CA", "public_metrics": {"followers_count": 190357, "following_count": 220, "tweet_count": 1150, "listed_count": 566}, "name": "Amber Heard", "url": "https://t.co/Ze18Ek9SOI", "id": "807003567605227520", "created_at": "2016-12-08T23:26:58.000Z", "profile_image_url": "https://pbs.twimg.com/profile_images/1383196364792680448/N8CdupEu_normal.jpg", "description": "Actor and Activist, semi-professional disruptor, ice cream advocate and shameless teacup yorkie-lover"}}, "author": {"username": "aheardonline", "location": "France", "public_metrics": {"followers_count": 1644, "following_count": 240, "tweet_count": 2531, "listed_count": 0}, "name": "Amber Heard Online", "url": "https://t.co/49OkSol5lV", "id": "2816882514", "created_at": "2014-09-18T12:05:10.000Z", "profile_image_url": "https://pbs.twimg.com/profile_images/1151152023439663104/lA1AM2VN_normal.png", "description": "unofficial french/english source on the wonderful actress @realamberheard, providing you with all the latest news, photos and more! \u2014 this is a FAN ACCOUNT \ud83d\ude18"}}, {"source": "Twitter for Android", "text": "RT @PadmaLakshmi: What an interesting conversation we had @ikebarinholtz &amp; @realamberheard! Thanks to @AnthonyACLU &amp; @aclu #SXSW https://t.\u2026", "lang": "en", "created_at": "2019-03-09T23:13:16.000Z", "entities": {"mentions": [{"start": 3, "end": 16, "username": "PadmaLakshmi", "id": "57371662"}, {"start": 58, "end": 72, "username": "ikebarinholtz", "id": "93654953"}, {"start": 79, "end": 94, "username": "realamberheard", "id": "807003567605227520"}, {"start": 106, "end": 118, "username": "AnthonyACLU", "id": "751512704402223104"}, {"start": 125, "end": 130, "username": "ACLU", "id": "13393052"}], "hashtags": [{"start": 131, "end": 136, "tag": "SXSW"}]}, "public_metrics": {"retweet_count": 13, "reply_count": 0, "like_count": 0, "quote_count": 0}, "author_id": "1050123392102227968", "referenced_tweets": [{"type": "retweeted", "id": "1104497750425645060"}], "id": "1104520559272976384", "quoted_tweet": {"source": "Twitter for iPhone", "text": "Great conversation here at #SXSW about activism &amp; the work that \u2066@ACLU\u2069 drives forward\u2069 with \u2066@PadmaLakshmi\u2069 and \u2066@ikebarinholtz\u2069 https://t.co/JN57G5z4GO", "lang": "en", "created_at": "2019-03-09T20:23:22.000Z", "entities": {"mentions": [{"start": 69, "end": 74, "username": "ACLU", "id": "13393052"}, {"start": 98, "end": 111, "username": "PadmaLakshmi", "id": "57371662"}, {"start": 118, "end": 132, "username": "ikebarinholtz", "id": "93654953"}], "urls": [{"start": 134, "end": 157, "url": "https://t.co/JN57G5z4GO", "expanded_url": "https://twitter.com/realamberheard/status/1104477799962894337/photo/1", "display_url": "pic.twitter.com/JN57G5z4GO"}], "hashtags": [{"start": 27, "end": 32, "tag": "SXSW"}]}, "public_metrics": {"retweet_count": 69, "reply_count": 37, "like_count": 692, "quote_count": 3}, "author_id": "807003567605227520", "id": "1104477799962894337", "author": {"username": "realamberheard", "location": "Los Angeles, CA", "public_metrics": {"followers_count": 190357, "following_count": 220, "tweet_count": 1150, "listed_count": 566}, "name": "Amber Heard", "url": "https://t.co/Ze18Ek9SOI", "id": "807003567605227520", "created_at": "2016-12-08T23:26:58.000Z", "profile_image_url": "https://pbs.twimg.com/profile_images/1383196364792680448/N8CdupEu_normal.jpg", "description": "Actor and Activist, semi-professional disruptor, ice cream advocate and shameless teacup yorkie-lover"}}, "author": {"username": "RealityLove7", "public_metrics": {"followers_count": 240, "following_count": 3831, "tweet_count": 41700, "listed_count": 0}, "name": "Reality Love", "url": "", "id": "1050123392102227968", "created_at": "2018-10-10T20:38:21.000Z", "profile_image_url": "https://pbs.twimg.com/profile_images/1050128689256488960/hSs9Agy6_normal.jpg", "description": "An account that's all Reality Love.Please be kind towards everyone.We all have our own opinions & we all deserve 2 be honored,even if we have different opinions"}}, {"source": "Twitter Web App", "text": "RT @PadmaLakshmi: What an interesting conversation we had @ikebarinholtz &amp; @realamberheard! Thanks to @AnthonyACLU &amp; @aclu #SXSW https://t.\u2026", "lang": "en", "created_at": "2019-03-09T22:58:11.000Z", "entities": {"mentions": [{"start": 3, "end": 16, "username": "PadmaLakshmi", "id": "57371662"}, {"start": 58, "end": 72, "username": "ikebarinholtz", "id": "93654953"}, {"start": 79, "end": 94, "username": "realamberheard", "id": "807003567605227520"}, {"start": 106, "end": 118, "username": "AnthonyACLU", "id": "751512704402223104"}, {"start": 125, "end": 130, "username": "ACLU", "id": "13393052"}], "hashtags": [{"start": 131, "end": 136, "tag": "SXSW"}]}, "public_metrics": {"retweet_count": 13, "reply_count": 0, "like_count": 0, "quote_count": 0}, "author_id": "938833567756570625", "referenced_tweets": [{"type": "retweeted", "id": "1104497750425645060"}], "id": "1104516763214061569", "quoted_tweet": {"source": "Twitter for iPhone", "text": "Great conversation here at #SXSW about activism &amp; the work that \u2066@ACLU\u2069 drives forward\u2069 with \u2066@PadmaLakshmi\u2069 and \u2066@ikebarinholtz\u2069 https://t.co/JN57G5z4GO", "lang": "en", "created_at": "2019-03-09T20:23:22.000Z", "entities": {"mentions": [{"start": 69, "end": 74, "username": "ACLU", "id": "13393052"}, {"start": 98, "end": 111, "username": "PadmaLakshmi", "id": "57371662"}, {"start": 118, "end": 132, "username": "ikebarinholtz", "id": "93654953"}], "urls": [{"start": 134, "end": 157, "url": "https://t.co/JN57G5z4GO", "expanded_url": "https://twitter.com/realamberheard/status/1104477799962894337/photo/1", "display_url": "pic.twitter.com/JN57G5z4GO"}], "hashtags": [{"start": 27, "end": 32, "tag": "SXSW"}]}, "public_metrics": {"retweet_count": 69, "reply_count": 37, "like_count": 692, "quote_count": 3}, "author_id": "807003567605227520", "id": "1104477799962894337", "author": {"username": "realamberheard", "location": "Los Angeles, CA", "public_metrics": {"followers_count": 190357, "following_count": 220, "tweet_count": 1150, "listed_count": 566}, "name": "Amber Heard", "url": "https://t.co/Ze18Ek9SOI", "id": "807003567605227520", "created_at": "2016-12-08T23:26:58.000Z", "profile_image_url": "https://pbs.twimg.com/profile_images/1383196364792680448/N8CdupEu_normal.jpg", "description": "Actor and Activist, semi-professional disruptor, ice cream advocate and shameless teacup yorkie-lover"}}, "author": {"username": "AnneVL82", "public_metrics": {"followers_count": 153, "following_count": 79, "tweet_count": 5980, "listed_count": 0}, "name": "WonderAquaMother", "url": "", "id": "938833567756570625", "created_at": "2017-12-07T18:12:20.000Z", "profile_image_url": "https://pbs.twimg.com/profile_images/1325970629020049410/mKHb-6ah_normal.jpg", "description": "Human. Woman. Mother. Psychologist.\nDC fan.\nAdmirer of beautiful talented strong women like Amber Heard, Rihanna, Gal Gadot and Margot Robbie."}}, {"source": "Tweetbot for i\u039fS", "text": "RT @PadmaLakshmi: What an interesting conversation we had @ikebarinholtz &amp; @realamberheard! Thanks to @AnthonyACLU &amp; @aclu #SXSW https://t.\u2026", "lang": "en", "created_at": "2019-03-09T22:26:55.000Z", "entities": {"mentions": [{"start": 3, "end": 16, "username": "PadmaLakshmi", "id": "57371662"}, {"start": 58, "end": 72, "username": "ikebarinholtz", "id": "93654953"}, {"start": 79, "end": 94, "username": "realamberheard", "id": "807003567605227520"}, {"start": 106, "end": 118, "username": "AnthonyACLU", "id": "751512704402223104"}, {"start": 125, "end": 130, "username": "ACLU", "id": "13393052"}], "hashtags": [{"start": 131, "end": 136, "tag": "SXSW"}]}, "public_metrics": {"retweet_count": 13, "reply_count": 0, "like_count": 0, "quote_count": 0}, "author_id": "2352600679", "referenced_tweets": [{"type": "retweeted", "id": "1104497750425645060"}], "id": "1104508891755307008", "quoted_tweet": {"source": "Twitter for iPhone", "text": "Great conversation here at #SXSW about activism &amp; the work that \u2066@ACLU\u2069 drives forward\u2069 with \u2066@PadmaLakshmi\u2069 and \u2066@ikebarinholtz\u2069 https://t.co/JN57G5z4GO", "lang": "en", "created_at": "2019-03-09T20:23:22.000Z", "entities": {"mentions": [{"start": 69, "end": 74, "username": "ACLU", "id": "13393052"}, {"start": 98, "end": 111, "username": "PadmaLakshmi", "id": "57371662"}, {"start": 118, "end": 132, "username": "ikebarinholtz", "id": "93654953"}], "urls": [{"start": 134, "end": 157, "url": "https://t.co/JN57G5z4GO", "expanded_url": "https://twitter.com/realamberheard/status/1104477799962894337/photo/1", "display_url": "pic.twitter.com/JN57G5z4GO"}], "hashtags": [{"start": 27, "end": 32, "tag": "SXSW"}]}, "public_metrics": {"retweet_count": 69, "reply_count": 37, "like_count": 692, "quote_count": 3}, "author_id": "807003567605227520", "id": "1104477799962894337", "author": {"username": "realamberheard", "location": "Los Angeles, CA", "public_metrics": {"followers_count": 190357, "following_count": 220, "tweet_count": 1150, "listed_count": 566}, "name": "Amber Heard", "url": "https://t.co/Ze18Ek9SOI", "id": "807003567605227520", "created_at": "2016-12-08T23:26:58.000Z", "profile_image_url": "https://pbs.twimg.com/profile_images/1383196364792680448/N8CdupEu_normal.jpg", "description": "Actor and Activist, semi-professional disruptor, ice cream advocate and shameless teacup yorkie-lover"}}, "author": {"username": "therealm0mster", "public_metrics": {"followers_count": 1427, "following_count": 1877, "tweet_count": 90969, "listed_count": 0}, "name": "Science rules, GQP drools. \ud83d\ude37\u270c\ud83c\udffc\ud83c\udf0e\ud83c\udf0f\ud83c\udf0d", "url": "", "id": "2352600679", "created_at": "2014-02-20T02:53:39.000Z", "profile_image_url": "https://pbs.twimg.com/profile_images/1498433660466307074/JWdTYjkP_normal.jpg", "description": "Love creating art, love my hubby, love this planet, love my country. #ClimateCrisis"}}, {"source": "Twitter for iPhone", "text": "RT @PadmaLakshmi: What an interesting conversation we had @ikebarinholtz &amp; @realamberheard! Thanks to @AnthonyACLU &amp; @aclu #SXSW https://t.\u2026", "lang": "en", "created_at": "2019-03-09T21:59:44.000Z", "entities": {"mentions": [{"start": 3, "end": 16, "username": "PadmaLakshmi", "id": "57371662"}, {"start": 58, "end": 72, "username": "ikebarinholtz", "id": "93654953"}, {"start": 79, "end": 94, "username": "realamberheard", "id": "807003567605227520"}, {"start": 106, "end": 118, "username": "AnthonyACLU", "id": "751512704402223104"}, {"start": 125, "end": 130, "username": "ACLU", "id": "13393052"}], "hashtags": [{"start": 131, "end": 136, "tag": "SXSW"}]}, "public_metrics": {"retweet_count": 13, "reply_count": 0, "like_count": 0, "quote_count": 0}, "author_id": "3919740867", "referenced_tweets": [{"type": "retweeted", "id": "1104497750425645060"}], "id": "1104502052376506375", "quoted_tweet": {"source": "Twitter for iPhone", "text": "Great conversation here at #SXSW about activism &amp; the work that \u2066@ACLU\u2069 drives forward\u2069 with \u2066@PadmaLakshmi\u2069 and \u2066@ikebarinholtz\u2069 https://t.co/JN57G5z4GO", "lang": "en", "created_at": "2019-03-09T20:23:22.000Z", "entities": {"mentions": [{"start": 69, "end": 74, "username": "ACLU", "id": "13393052"}, {"start": 98, "end": 111, "username": "PadmaLakshmi", "id": "57371662"}, {"start": 118, "end": 132, "username": "ikebarinholtz", "id": "93654953"}], "urls": [{"start": 134, "end": 157, "url": "https://t.co/JN57G5z4GO", "expanded_url": "https://twitter.com/realamberheard/status/1104477799962894337/photo/1", "display_url": "pic.twitter.com/JN57G5z4GO"}], "hashtags": [{"start": 27, "end": 32, "tag": "SXSW"}]}, "public_metrics": {"retweet_count": 69, "reply_count": 37, "like_count": 692, "quote_count": 3}, "author_id": "807003567605227520", "id": "1104477799962894337", "author": {"username": "realamberheard", "location": "Los Angeles, CA", "public_metrics": {"followers_count": 190357, "following_count": 220, "tweet_count": 1150, "listed_count": 566}, "name": "Amber Heard", "url": "https://t.co/Ze18Ek9SOI", "id": "807003567605227520", "created_at": "2016-12-08T23:26:58.000Z", "profile_image_url": "https://pbs.twimg.com/profile_images/1383196364792680448/N8CdupEu_normal.jpg", "description": "Actor and Activist, semi-professional disruptor, ice cream advocate and shameless teacup yorkie-lover"}}, "author": {"username": "amberheardsourc", "public_metrics": {"followers_count": 3882, "following_count": 89, "tweet_count": 13298, "listed_count": 3}, "name": "Amber Heard Source", "url": "https://t.co/BSavZg4DeP", "id": "3919740867", "created_at": "2015-10-10T16:21:10.000Z", "profile_image_url": "https://pbs.twimg.com/profile_images/1318169449468514305/fPEsSXdl_normal.jpg", "description": "Source dedicated to the gorgeous and talented Texan actress and activist @realamberheard. Online since 2015. \ud83c\uddee\ud83c\uddf9 #WeAreWithYouAmberHeard"}}, {"source": "Twitter for iPhone", "text": "RT @PadmaLakshmi: What an interesting conversation we had @ikebarinholtz &amp; @realamberheard! Thanks to @AnthonyACLU &amp; @aclu #SXSW https://t.\u2026", "lang": "en", "created_at": "2019-03-09T21:51:02.000Z", "entities": {"mentions": [{"start": 3, "end": 16, "username": "PadmaLakshmi", "id": "57371662"}, {"start": 58, "end": 72, "username": "ikebarinholtz", "id": "93654953"}, {"start": 79, "end": 94, "username": "realamberheard", "id": "807003567605227520"}, {"start": 106, "end": 118, "username": "AnthonyACLU", "id": "751512704402223104"}, {"start": 125, "end": 130, "username": "ACLU", "id": "13393052"}], "hashtags": [{"start": 131, "end": 136, "tag": "SXSW"}]}, "public_metrics": {"retweet_count": 13, "reply_count": 0, "like_count": 0, "quote_count": 0}, "author_id": "238259878", "referenced_tweets": [{"type": "retweeted", "id": "1104497750425645060"}], "id": "1104499861330845696", "quoted_tweet": {"source": "Twitter for iPhone", "text": "Great conversation here at #SXSW about activism &amp; the work that \u2066@ACLU\u2069 drives forward\u2069 with \u2066@PadmaLakshmi\u2069 and \u2066@ikebarinholtz\u2069 https://t.co/JN57G5z4GO", "lang": "en", "created_at": "2019-03-09T20:23:22.000Z", "entities": {"mentions": [{"start": 69, "end": 74, "username": "ACLU", "id": "13393052"}, {"start": 98, "end": 111, "username": "PadmaLakshmi", "id": "57371662"}, {"start": 118, "end": 132, "username": "ikebarinholtz", "id": "93654953"}], "urls": [{"start": 134, "end": 157, "url": "https://t.co/JN57G5z4GO", "expanded_url": "https://twitter.com/realamberheard/status/1104477799962894337/photo/1", "display_url": "pic.twitter.com/JN57G5z4GO"}], "hashtags": [{"start": 27, "end": 32, "tag": "SXSW"}]}, "public_metrics": {"retweet_count": 69, "reply_count": 37, "like_count": 692, "quote_count": 3}, "author_id": "807003567605227520", "id": "1104477799962894337", "author": {"username": "realamberheard", "location": "Los Angeles, CA", "public_metrics": {"followers_count": 190357, "following_count": 220, "tweet_count": 1150, "listed_count": 566}, "name": "Amber Heard", "url": "https://t.co/Ze18Ek9SOI", "id": "807003567605227520", "created_at": "2016-12-08T23:26:58.000Z", "profile_image_url": "https://pbs.twimg.com/profile_images/1383196364792680448/N8CdupEu_normal.jpg", "description": "Actor and Activist, semi-professional disruptor, ice cream advocate and shameless teacup yorkie-lover"}}, "author": {"username": "David9280", "location": "Corpus Christi, Texas", "public_metrics": {"followers_count": 766, "following_count": 491, "tweet_count": 121953, "listed_count": 12}, "name": "David Hernandez | DJ DREAMWARE", "url": "https://t.co/0EHwDZIZLa", "id": "238259878", "created_at": "2011-01-14T19:08:07.000Z", "profile_image_url": "https://pbs.twimg.com/profile_images/1402149310989484033/1emJq0af_normal.jpg", "description": "DJ Dreamware | Co-Founder of #LosVibes | Los Vibes IG: @losvibestx | The amount of work you put in now will reflect your futures success!"}}, {"source": "Twitter for iPhone", "text": "RT @PadmaLakshmi: What an interesting conversation we had @ikebarinholtz &amp; @realamberheard! Thanks to @AnthonyACLU &amp; @aclu #SXSW https://t.\u2026", "lang": "en", "created_at": "2019-03-09T21:49:14.000Z", "entities": {"mentions": [{"start": 3, "end": 16, "username": "PadmaLakshmi", "id": "57371662"}, {"start": 58, "end": 72, "username": "ikebarinholtz", "id": "93654953"}, {"start": 79, "end": 94, "username": "realamberheard", "id": "807003567605227520"}, {"start": 106, "end": 118, "username": "AnthonyACLU", "id": "751512704402223104"}, {"start": 125, "end": 130, "username": "ACLU", "id": "13393052"}], "hashtags": [{"start": 131, "end": 136, "tag": "SXSW"}]}, "public_metrics": {"retweet_count": 13, "reply_count": 0, "like_count": 0, "quote_count": 0}, "author_id": "874984340", "referenced_tweets": [{"type": "retweeted", "id": "1104497750425645060"}], "id": "1104499408043950080", "quoted_tweet": {"source": "Twitter for iPhone", "text": "Great conversation here at #SXSW about activism &amp; the work that \u2066@ACLU\u2069 drives forward\u2069 with \u2066@PadmaLakshmi\u2069 and \u2066@ikebarinholtz\u2069 https://t.co/JN57G5z4GO", "lang": "en", "created_at": "2019-03-09T20:23:22.000Z", "entities": {"mentions": [{"start": 69, "end": 74, "username": "ACLU", "id": "13393052"}, {"start": 98, "end": 111, "username": "PadmaLakshmi", "id": "57371662"}, {"start": 118, "end": 132, "username": "ikebarinholtz", "id": "93654953"}], "urls": [{"start": 134, "end": 157, "url": "https://t.co/JN57G5z4GO", "expanded_url": "https://twitter.com/realamberheard/status/1104477799962894337/photo/1", "display_url": "pic.twitter.com/JN57G5z4GO"}], "hashtags": [{"start": 27, "end": 32, "tag": "SXSW"}]}, "public_metrics": {"retweet_count": 69, "reply_count": 37, "like_count": 692, "quote_count": 3}, "author_id": "807003567605227520", "id": "1104477799962894337", "author": {"username": "realamberheard", "location": "Los Angeles, CA", "public_metrics": {"followers_count": 190357, "following_count": 220, "tweet_count": 1150, "listed_count": 566}, "name": "Amber Heard", "url": "https://t.co/Ze18Ek9SOI", "id": "807003567605227520", "created_at": "2016-12-08T23:26:58.000Z", "profile_image_url": "https://pbs.twimg.com/profile_images/1383196364792680448/N8CdupEu_normal.jpg", "description": "Actor and Activist, semi-professional disruptor, ice cream advocate and shameless teacup yorkie-lover"}}, "author": {"username": "animalhugger91", "public_metrics": {"followers_count": 337, "following_count": 315, "tweet_count": 26826, "listed_count": 15}, "name": "Lexi", "url": "", "id": "874984340", "created_at": "2012-10-12T05:22:26.000Z", "profile_image_url": "https://pbs.twimg.com/profile_images/1451763808968523777/qJNzYCWU_normal.jpg", "description": "Here to fangirl about fangirl things. I also retweet a lot of animal stuff and posts to raise social awareness. Beware my page. Pronouns: she/her"}}, {"source": "Twitter for Android", "text": "RT @PadmaLakshmi: What an interesting conversation we had @ikebarinholtz &amp; @realamberheard! Thanks to @AnthonyACLU &amp; @aclu #SXSW https://t.\u2026", "lang": "en", "created_at": "2019-03-09T21:47:45.000Z", "entities": {"mentions": [{"start": 3, "end": 16, "username": "PadmaLakshmi", "id": "57371662"}, {"start": 58, "end": 72, "username": "ikebarinholtz", "id": "93654953"}, {"start": 79, "end": 94, "username": "realamberheard", "id": "807003567605227520"}, {"start": 106, "end": 118, "username": "AnthonyACLU", "id": "751512704402223104"}, {"start": 125, "end": 130, "username": "ACLU", "id": "13393052"}], "hashtags": [{"start": 131, "end": 136, "tag": "SXSW"}]}, "public_metrics": {"retweet_count": 13, "reply_count": 0, "like_count": 0, "quote_count": 0}, "author_id": "4396120342", "referenced_tweets": [{"type": "retweeted", "id": "1104497750425645060"}], "id": "1104499035187146760", "quoted_tweet": {"source": "Twitter for iPhone", "text": "Great conversation here at #SXSW about activism &amp; the work that \u2066@ACLU\u2069 drives forward\u2069 with \u2066@PadmaLakshmi\u2069 and \u2066@ikebarinholtz\u2069 https://t.co/JN57G5z4GO", "lang": "en", "created_at": "2019-03-09T20:23:22.000Z", "entities": {"mentions": [{"start": 69, "end": 74, "username": "ACLU", "id": "13393052"}, {"start": 98, "end": 111, "username": "PadmaLakshmi", "id": "57371662"}, {"start": 118, "end": 132, "username": "ikebarinholtz", "id": "93654953"}], "urls": [{"start": 134, "end": 157, "url": "https://t.co/JN57G5z4GO", "expanded_url": "https://twitter.com/realamberheard/status/1104477799962894337/photo/1", "display_url": "pic.twitter.com/JN57G5z4GO"}], "hashtags": [{"start": 27, "end": 32, "tag": "SXSW"}]}, "public_metrics": {"retweet_count": 69, "reply_count": 37, "like_count": 692, "quote_count": 3}, "author_id": "807003567605227520", "id": "1104477799962894337", "author": {"username": "realamberheard", "location": "Los Angeles, CA", "public_metrics": {"followers_count": 190357, "following_count": 220, "tweet_count": 1150, "listed_count": 566}, "name": "Amber Heard", "url": "https://t.co/Ze18Ek9SOI", "id": "807003567605227520", "created_at": "2016-12-08T23:26:58.000Z", "profile_image_url": "https://pbs.twimg.com/profile_images/1383196364792680448/N8CdupEu_normal.jpg", "description": "Actor and Activist, semi-professional disruptor, ice cream advocate and shameless teacup yorkie-lover"}}, "author": {"username": "stirgussa", "public_metrics": {"followers_count": 677, "following_count": 296, "tweet_count": 58568, "listed_count": 23}, "name": "STIRGUS SACCHETTI", "url": "", "id": "4396120342", "created_at": "2015-12-06T17:21:06.000Z", "profile_image_url": "https://pbs.twimg.com/profile_images/1378175478478082050/UKLiQPuk_normal.jpg", "description": "Only two things are infinite, the universe and human stupidity, and I'm not sure about the former. - Albert Einstein and Me!"}}, {"source": "Twitter for Android", "text": "RT @PadmaLakshmi: What an interesting conversation we had @ikebarinholtz &amp; @realamberheard! Thanks to @AnthonyACLU &amp; @aclu #SXSW https://t.\u2026", "lang": "en", "created_at": "2019-03-09T21:46:30.000Z", "entities": {"mentions": [{"start": 3, "end": 16, "username": "PadmaLakshmi", "id": "57371662"}, {"start": 58, "end": 72, "username": "ikebarinholtz", "id": "93654953"}, {"start": 79, "end": 94, "username": "realamberheard", "id": "807003567605227520"}, {"start": 106, "end": 118, "username": "AnthonyACLU", "id": "751512704402223104"}, {"start": 125, "end": 130, "username": "ACLU", "id": "13393052"}], "hashtags": [{"start": 131, "end": 136, "tag": "SXSW"}]}, "public_metrics": {"retweet_count": 13, "reply_count": 0, "like_count": 0, "quote_count": 0}, "author_id": "79199888", "referenced_tweets": [{"type": "retweeted", "id": "1104497750425645060"}], "id": "1104498722883411968", "quoted_tweet": {"source": "Twitter for iPhone", "text": "Great conversation here at #SXSW about activism &amp; the work that \u2066@ACLU\u2069 drives forward\u2069 with \u2066@PadmaLakshmi\u2069 and \u2066@ikebarinholtz\u2069 https://t.co/JN57G5z4GO", "lang": "en", "created_at": "2019-03-09T20:23:22.000Z", "entities": {"mentions": [{"start": 69, "end": 74, "username": "ACLU", "id": "13393052"}, {"start": 98, "end": 111, "username": "PadmaLakshmi", "id": "57371662"}, {"start": 118, "end": 132, "username": "ikebarinholtz", "id": "93654953"}], "urls": [{"start": 134, "end": 157, "url": "https://t.co/JN57G5z4GO", "expanded_url": "https://twitter.com/realamberheard/status/1104477799962894337/photo/1", "display_url": "pic.twitter.com/JN57G5z4GO"}], "hashtags": [{"start": 27, "end": 32, "tag": "SXSW"}]}, "public_metrics": {"retweet_count": 69, "reply_count": 37, "like_count": 692, "quote_count": 3}, "author_id": "807003567605227520", "id": "1104477799962894337", "author": {"username": "realamberheard", "location": "Los Angeles, CA", "public_metrics": {"followers_count": 190357, "following_count": 220, "tweet_count": 1150, "listed_count": 566}, "name": "Amber Heard", "url": "https://t.co/Ze18Ek9SOI", "id": "807003567605227520", "created_at": "2016-12-08T23:26:58.000Z", "profile_image_url": "https://pbs.twimg.com/profile_images/1383196364792680448/N8CdupEu_normal.jpg", "description": "Actor and Activist, semi-professional disruptor, ice cream advocate and shameless teacup yorkie-lover"}}, "author": {"username": "AmberHeardIT", "location": "Since 2009", "public_metrics": {"followers_count": 7228, "following_count": 344, "tweet_count": 39190, "listed_count": 34}, "name": "Amber Heard Italia Fans", "url": "https://t.co/w3BraCgc4s", "id": "79199888", "created_at": "2009-10-02T14:50:54.000Z", "profile_image_url": "https://pbs.twimg.com/profile_images/1412490122365374481/EAftEZpa_normal.jpg", "description": "First  Italian FANPAGE dedicated to @realamberheard. Follow us for the latest updates, pictures and news! On Amber Heard Italia, u HEARD it first \ud83c\uddee\ud83c\uddf9"}}, {"source": "Twitter for iPhone", "text": "What an interesting conversation we had @ikebarinholtz &amp; @realamberheard! Thanks to @AnthonyACLU &amp; @aclu #SXSW https://t.co/NR4sLGCET3", "lang": "en", "created_at": "2019-03-09T21:42:38.000Z", "entities": {"mentions": [{"start": 40, "end": 54, "username": "ikebarinholtz", "id": "93654953"}, {"start": 61, "end": 76, "username": "realamberheard", "id": "807003567605227520"}, {"start": 88, "end": 100, "username": "AnthonyACLU", "id": "751512704402223104"}, {"start": 107, "end": 112, "username": "ACLU", "id": "13393052"}], "urls": [{"start": 119, "end": 142, "url": "https://t.co/NR4sLGCET3", "expanded_url": "https://twitter.com/realamberheard/status/1104477799962894337", "display_url": "twitter.com/realamberheard\u2026"}], "hashtags": [{"start": 113, "end": 118, "tag": "SXSW"}]}, "public_metrics": {"retweet_count": 13, "reply_count": 9, "like_count": 109, "quote_count": 1}, "author_id": "57371662", "referenced_tweets": [{"type": "quoted", "id": "1104477799962894337"}], "id": "1104497750425645060", "quoted_tweet": {"source": "Twitter for iPhone", "text": "Great conversation here at #SXSW about activism &amp; the work that \u2066@ACLU\u2069 drives forward\u2069 with \u2066@PadmaLakshmi\u2069 and \u2066@ikebarinholtz\u2069 https://t.co/JN57G5z4GO", "lang": "en", "created_at": "2019-03-09T20:23:22.000Z", "entities": {"mentions": [{"start": 69, "end": 74, "username": "ACLU", "id": "13393052"}, {"start": 98, "end": 111, "username": "PadmaLakshmi", "id": "57371662"}, {"start": 118, "end": 132, "username": "ikebarinholtz", "id": "93654953"}], "urls": [{"start": 134, "end": 157, "url": "https://t.co/JN57G5z4GO", "expanded_url": "https://twitter.com/realamberheard/status/1104477799962894337/photo/1", "display_url": "pic.twitter.com/JN57G5z4GO"}], "hashtags": [{"start": 27, "end": 32, "tag": "SXSW"}]}, "public_metrics": {"retweet_count": 69, "reply_count": 37, "like_count": 692, "quote_count": 3}, "author_id": "807003567605227520", "id": "1104477799962894337", "author": {"username": "realamberheard", "location": "Los Angeles, CA", "public_metrics": {"followers_count": 190357, "following_count": 220, "tweet_count": 1150, "listed_count": 566}, "name": "Amber Heard", "url": "https://t.co/Ze18Ek9SOI", "id": "807003567605227520", "created_at": "2016-12-08T23:26:58.000Z", "profile_image_url": "https://pbs.twimg.com/profile_images/1383196364792680448/N8CdupEu_normal.jpg", "description": "Actor and Activist, semi-professional disruptor, ice cream advocate and shameless teacup yorkie-lover"}}, "author": {"username": "PadmaLakshmi", "location": "New York City", "public_metrics": {"followers_count": 796871, "following_count": 2314, "tweet_count": 16424, "listed_count": 6335}, "name": "Padma Lakshmi", "url": "https://t.co/FWHhoL4bo1", "id": "57371662", "created_at": "2009-07-16T16:15:08.000Z", "profile_image_url": "https://pbs.twimg.com/profile_images/1299824352641286144/iEE5sXEq_normal.jpg", "description": "Author, host of @bravotopchef, creator & host of Taste the Nation on @hulu \u2728 Watch our special holiday edition:"}}]