[{"created_at": "2019-03-13T09:54:14.000Z", "source": "Twitter for iPhone", "referenced_tweets": [{"type": "quoted", "id": "1105134657295642624"}], "entities": {"urls": [{"start": 64, "end": 87, "url": "https://t.co/JouY6ASu0j", "expanded_url": "https://twitter.com/realamberheard/status/1105134657295642624", "display_url": "twitter.com/realamberheard\u2026"}]}, "lang": "en", "id": "1105769023898181634", "text": "This is ironic\nConsidering they don't serve tacos in  prison\ud83d\ude2c\ud83d\ude2c\ud83d\ude2c https://t.co/JouY6ASu0j", "author_id": "2655567943", "public_metrics": {"retweet_count": 0, "reply_count": 0, "like_count": 0, "quote_count": 0}, "quoted_tweet": {"created_at": "2019-03-11T15:53:29.000Z", "source": "Twitter for iPhone", "entities": {"hashtags": [{"start": 207, "end": 215, "tag": "noShame"}], "urls": [{"start": 227, "end": 250, "url": "https://t.co/t8CCi1L542", "expanded_url": "https://twitter.com/jonlovett/status/1104815957741064193", "display_url": "twitter.com/jonlovett/stat\u2026"}], "mentions": [{"start": 216, "end": 226, "username": "jonlovett", "id": "174110843"}]}, "lang": "en", "id": "1105134657295642624", "text": "Getting ur last breakfast taco run in on the way to airport at 5am, very Texan. Eating it w/ a knife &amp; fork bc it\u2019s so massive (Oh TX, how Ive missed u...), not.  Not rly a Q but still worth considering #noShame @jonlovett https://t.co/t8CCi1L542", "author_id": "807003567605227520", "public_metrics": {"retweet_count": 28, "reply_count": 79, "like_count": 273, "quote_count": 6}, "author": {"url": "https://t.co/Ze18Ek9SOI", "username": "realamberheard", "description": "Actor and Activist, semi-professional disruptor, ice cream advocate and shameless teacup yorkie-lover", "id": "807003567605227520", "location": "Los Angeles, CA", "profile_image_url": "https://pbs.twimg.com/profile_images/1383196364792680448/N8CdupEu_normal.jpg", "created_at": "2016-12-08T23:26:58.000Z", "public_metrics": {"followers_count": 190357, "following_count": 220, "tweet_count": 1150, "listed_count": 566}, "name": "Amber Heard"}}, "author": {"url": "", "username": "_LucoZade__", "description": "", "id": "2655567943", "profile_image_url": "https://pbs.twimg.com/profile_images/1475404727521210368/Vn7C-m_C_normal.jpg", "created_at": "2014-07-18T03:17:27.000Z", "public_metrics": {"followers_count": 40, "following_count": 45, "tweet_count": 20415, "listed_count": 1}, "name": "Toast Malone"}}, {"created_at": "2019-03-12T19:38:02.000Z", "source": "Twitter for iPhone", "referenced_tweets": [{"type": "quoted", "id": "1105134657295642624"}], "entities": {"urls": [{"start": 17, "end": 40, "url": "https://t.co/HxkD6qWOoI", "expanded_url": "https://twitter.com/realamberheard/status/1105134657295642624", "display_url": "twitter.com/realamberheard\u2026"}]}, "lang": "en", "id": "1105553554268405761", "text": "gtfo of my state https://t.co/HxkD6qWOoI", "author_id": "3441458354", "public_metrics": {"retweet_count": 0, "reply_count": 0, "like_count": 0, "quote_count": 0}, "quoted_tweet": {"created_at": "2019-03-11T15:53:29.000Z", "source": "Twitter for iPhone", "entities": {"hashtags": [{"start": 207, "end": 215, "tag": "noShame"}], "urls": [{"start": 227, "end": 250, "url": "https://t.co/t8CCi1L542", "expanded_url": "https://twitter.com/jonlovett/status/1104815957741064193", "display_url": "twitter.com/jonlovett/stat\u2026"}], "mentions": [{"start": 216, "end": 226, "username": "jonlovett", "id": "174110843"}]}, "lang": "en", "id": "1105134657295642624", "text": "Getting ur last breakfast taco run in on the way to airport at 5am, very Texan. Eating it w/ a knife &amp; fork bc it\u2019s so massive (Oh TX, how Ive missed u...), not.  Not rly a Q but still worth considering #noShame @jonlovett https://t.co/t8CCi1L542", "author_id": "807003567605227520", "public_metrics": {"retweet_count": 28, "reply_count": 79, "like_count": 273, "quote_count": 6}, "author": {"url": "https://t.co/Ze18Ek9SOI", "username": "realamberheard", "description": "Actor and Activist, semi-professional disruptor, ice cream advocate and shameless teacup yorkie-lover", "id": "807003567605227520", "location": "Los Angeles, CA", "profile_image_url": "https://pbs.twimg.com/profile_images/1383196364792680448/N8CdupEu_normal.jpg", "created_at": "2016-12-08T23:26:58.000Z", "public_metrics": {"followers_count": 190357, "following_count": 220, "tweet_count": 1150, "listed_count": 566}, "name": "Amber Heard"}}, "author": {"url": "https://t.co/m9mSX7W2pK", "username": "bluntstarling", "description": "zero time oscar nominee emily blunt", "id": "3441458354", "location": "she/her 22 BLM", "profile_image_url": "https://pbs.twimg.com/profile_images/1412104964458127367/deecw1Id_normal.jpg", "created_at": "2015-09-03T22:30:09.000Z", "public_metrics": {"followers_count": 1310, "following_count": 545, "tweet_count": 50538, "listed_count": 54}, "name": "lys"}}]