[{"referenced_tweets": [{"type": "quoted", "id": "1121529045076910080"}], "id": "1121540064411037696", "lang": "es", "text": "La amo \ud83d\udc9a https://t.co/GqD23DBEiB", "created_at": "2019-04-25T22:22:43.000Z", "source": "Twitter for Android", "author_id": "132059650", "entities": {"urls": [{"start": 9, "end": 32, "url": "https://t.co/GqD23DBEiB", "expanded_url": "https://twitter.com/realamberheard/status/1121529045076910080", "display_url": "twitter.com/realamberheard\u2026"}]}, "public_metrics": {"retweet_count": 0, "reply_count": 0, "like_count": 0, "quote_count": 0}, "quoted_tweet": {"entities": {"mentions": [{"start": 238, "end": 248, "username": "RiseNowUS", "id": "2961466710"}], "urls": [{"start": 249, "end": 272, "url": "https://t.co/aJLkDV4nqM", "expanded_url": "https://twitter.com/ArgentinaUN/status/1121048952391065600", "display_url": "twitter.com/ArgentinaUN/st\u2026"}], "annotations": [{"start": 164, "end": 166, "probability": 0.4307, "type": "Place", "normalized_text": "Amb"}]}, "referenced_tweets": [{"type": "quoted", "id": "1121048952391065600"}], "id": "1121529045076910080", "lang": "es", "text": "Much\u00edsimas gracias por seguir en su compromiso de luchar por las millones de personas quien lo merecen. Admiro que no se tengas miedo de ser l\u00edder en esto. Gracias Amb. Garcia\u00eda Morit\u00e1n y todos quienes nos apoyan en nuestra resoluci\u00f3n UN @RiseNowUS https://t.co/aJLkDV4nqM", "created_at": "2019-04-25T21:38:56.000Z", "source": "Twitter for iPhone", "author_id": "807003567605227520", "public_metrics": {"retweet_count": 68, "reply_count": 41, "like_count": 632, "quote_count": 3}, "author": {"public_metrics": {"followers_count": 190356, "following_count": 220, "tweet_count": 1150, "listed_count": 566}, "created_at": "2016-12-08T23:26:58.000Z", "id": "807003567605227520", "location": "Los Angeles, CA", "name": "Amber Heard", "profile_image_url": "https://pbs.twimg.com/profile_images/1383196364792680448/N8CdupEu_normal.jpg", "username": "realamberheard", "url": "https://t.co/Ze18Ek9SOI", "description": "Actor and Activist, semi-professional disruptor, ice cream advocate and shameless teacup yorkie-lover"}}, "author": {"public_metrics": {"followers_count": 254, "following_count": 392, "tweet_count": 31369, "listed_count": 9}, "created_at": "2010-04-12T04:55:00.000Z", "id": "132059650", "location": "C\u00f3rdoba", "name": "Shorsh", "profile_image_url": "https://pbs.twimg.com/profile_images/1477290906801819652/2Xrv6TWu_normal.jpg", "username": "parkulandia", "url": "https://t.co/am8IEPCfny", "description": "\ud83c\udfb8 Bajista.\n\ud83d\udcfc Algo de producci\u00f3n musical.\n\ud83d\udd8c\ufe0f Dise\u00f1ador gr\u00e1fico. \n\ud83d\udc99 Talleres\n\n\ud83d\udc9b @mclarenf1\n\nhttps://t.co/dCpWjxQoIn"}}, {"referenced_tweets": [{"type": "quoted", "id": "1121529045076910080"}], "id": "1121529389261512706", "lang": "pt", "text": "Aaaaa escrevendo em espanhol \ud83d\ude0d https://t.co/PPCVNwdHGT", "created_at": "2019-04-25T21:40:18.000Z", "source": "Twitter for iPhone", "author_id": "79063018", "entities": {"urls": [{"start": 31, "end": 54, "url": "https://t.co/PPCVNwdHGT", "expanded_url": "https://twitter.com/realamberheard/status/1121529045076910080", "display_url": "twitter.com/realamberheard\u2026"}]}, "public_metrics": {"retweet_count": 0, "reply_count": 0, "like_count": 0, "quote_count": 0}, "quoted_tweet": {"entities": {"mentions": [{"start": 238, "end": 248, "username": "RiseNowUS", "id": "2961466710"}], "urls": [{"start": 249, "end": 272, "url": "https://t.co/aJLkDV4nqM", "expanded_url": "https://twitter.com/ArgentinaUN/status/1121048952391065600", "display_url": "twitter.com/ArgentinaUN/st\u2026"}], "annotations": [{"start": 164, "end": 166, "probability": 0.4307, "type": "Place", "normalized_text": "Amb"}]}, "referenced_tweets": [{"type": "quoted", "id": "1121048952391065600"}], "id": "1121529045076910080", "lang": "es", "text": "Much\u00edsimas gracias por seguir en su compromiso de luchar por las millones de personas quien lo merecen. Admiro que no se tengas miedo de ser l\u00edder en esto. Gracias Amb. Garcia\u00eda Morit\u00e1n y todos quienes nos apoyan en nuestra resoluci\u00f3n UN @RiseNowUS https://t.co/aJLkDV4nqM", "created_at": "2019-04-25T21:38:56.000Z", "source": "Twitter for iPhone", "author_id": "807003567605227520", "public_metrics": {"retweet_count": 68, "reply_count": 41, "like_count": 632, "quote_count": 3}, "author": {"public_metrics": {"followers_count": 190356, "following_count": 220, "tweet_count": 1150, "listed_count": 566}, "created_at": "2016-12-08T23:26:58.000Z", "id": "807003567605227520", "location": "Los Angeles, CA", "name": "Amber Heard", "profile_image_url": "https://pbs.twimg.com/profile_images/1383196364792680448/N8CdupEu_normal.jpg", "username": "realamberheard", "url": "https://t.co/Ze18Ek9SOI", "description": "Actor and Activist, semi-professional disruptor, ice cream advocate and shameless teacup yorkie-lover"}}, "author": {"public_metrics": {"followers_count": 143, "following_count": 96, "tweet_count": 36804, "listed_count": 12}, "created_at": "2009-10-02T01:47:34.000Z", "id": "79063018", "name": "Adriana", "profile_image_url": "https://pbs.twimg.com/profile_images/1463304307672068097/AC6WGWI4_normal.jpg", "username": "aborgesds", "url": "", "description": "Taurina com ascendente em le\u00e3o"}}]