[{"id": "1121864266787762187", "entities": {"hashtags": [{"start": 6, "end": 15, "tag": "Depphead"}, {"start": 183, "end": 193, "tag": "DEPPHEADS"}], "mentions": [{"start": 32, "end": 47, "username": "realamberheard", "id": "807003567605227520"}, {"start": 161, "end": 171, "username": "stirgussa", "id": "4396120342"}], "urls": [{"start": 194, "end": 217, "url": "https://t.co/8Wz6fAaKZI", "expanded_url": "https://twitter.com/realamberheard/status/1121823590096281601", "display_url": "twitter.com/realamberheard\u2026"}]}, "lang": "en", "author_id": "1112756109981421568", "public_metrics": {"retweet_count": 0, "reply_count": 0, "like_count": 1, "quote_count": 0}, "text": "I'm a #Depphead and I will stan @realamberheard if those medical records (or any significant evidence) favors her. I stand by the truth, not by my favorite star @stirgussa PASS IT ON #DEPPHEADS https://t.co/8Wz6fAaKZI", "created_at": "2019-04-26T19:50:59.000Z", "source": "Twitter Web Client", "quoted_tweet": {"id": "1121823590096281601", "entities": {"mentions": [{"start": 28, "end": 39, "username": "oliviamunn", "id": "15888142"}], "urls": [{"start": 260, "end": 283, "url": "https://t.co/WSO0Wo7LfH", "expanded_url": "https://twitter.com/oliviamunn/status/1121267063107014656", "display_url": "twitter.com/oliviamunn/sta\u2026"}]}, "lang": "en", "author_id": "807003567605227520", "referenced_tweets": [{"type": "quoted", "id": "1121267063107014656"}], "public_metrics": {"retweet_count": 36, "reply_count": 19, "like_count": 341, "quote_count": 5}, "text": "Beautiful essay by badass b @oliviamunn calling out the outdated woman shaming culture that has persisted, unchecked, until recently. Its voices like hers, typically resigned 2 bing the silent targets of such vitriol, that r so needed rn 2 change it. Thnk u,O https://t.co/WSO0Wo7LfH", "created_at": "2019-04-26T17:09:21.000Z", "source": "Twitter for iPad", "author": {"url": "https://t.co/Ze18Ek9SOI", "username": "realamberheard", "description": "Actor and Activist, semi-professional disruptor, ice cream advocate and shameless teacup yorkie-lover", "name": "Amber Heard", "location": "Los Angeles, CA", "created_at": "2016-12-08T23:26:58.000Z", "profile_image_url": "https://pbs.twimg.com/profile_images/1383196364792680448/N8CdupEu_normal.jpg", "public_metrics": {"followers_count": 190356, "following_count": 220, "tweet_count": 1150, "listed_count": 566}, "id": "807003567605227520"}}, "author": {"url": "https://t.co/zJ6he1uNoq", "username": "96_lumos", "description": "medical student", "name": "Lumos", "location": "Switzerland ", "created_at": "2019-04-01T16:38:25.000Z", "profile_image_url": "https://pbs.twimg.com/profile_images/1460264624679440387/96MQiiu4_normal.jpg", "public_metrics": {"followers_count": 1496, "following_count": 293, "tweet_count": 66922, "listed_count": 2}, "id": "1112756109981421568"}}, {"id": "1121846879455592448", "entities": {"urls": [{"start": 88, "end": 111, "url": "https://t.co/jYwHPOPGHr", "expanded_url": "https://twitter.com/realamberheard/status/1121823590096281601", "display_url": "twitter.com/realamberheard\u2026"}]}, "lang": "en", "author_id": "3216078659", "referenced_tweets": [{"type": "quoted", "id": "1121823590096281601"}], "public_metrics": {"retweet_count": 0, "reply_count": 0, "like_count": 0, "quote_count": 0}, "text": "Physical attractiveness or beauty isn't all that defines a woman, there's so much more! https://t.co/jYwHPOPGHr", "created_at": "2019-04-26T18:41:53.000Z", "source": "Twitter Web App", "quoted_tweet": {"id": "1121823590096281601", "entities": {"mentions": [{"start": 28, "end": 39, "username": "oliviamunn", "id": "15888142"}], "urls": [{"start": 260, "end": 283, "url": "https://t.co/WSO0Wo7LfH", "expanded_url": "https://twitter.com/oliviamunn/status/1121267063107014656", "display_url": "twitter.com/oliviamunn/sta\u2026"}]}, "lang": "en", "author_id": "807003567605227520", "referenced_tweets": [{"type": "quoted", "id": "1121267063107014656"}], "public_metrics": {"retweet_count": 36, "reply_count": 19, "like_count": 341, "quote_count": 5}, "text": "Beautiful essay by badass b @oliviamunn calling out the outdated woman shaming culture that has persisted, unchecked, until recently. Its voices like hers, typically resigned 2 bing the silent targets of such vitriol, that r so needed rn 2 change it. Thnk u,O https://t.co/WSO0Wo7LfH", "created_at": "2019-04-26T17:09:21.000Z", "source": "Twitter for iPad", "author": {"url": "https://t.co/Ze18Ek9SOI", "username": "realamberheard", "description": "Actor and Activist, semi-professional disruptor, ice cream advocate and shameless teacup yorkie-lover", "name": "Amber Heard", "location": "Los Angeles, CA", "created_at": "2016-12-08T23:26:58.000Z", "profile_image_url": "https://pbs.twimg.com/profile_images/1383196364792680448/N8CdupEu_normal.jpg", "public_metrics": {"followers_count": 190356, "following_count": 220, "tweet_count": 1150, "listed_count": 566}, "id": "807003567605227520"}}, "author": {"url": "", "username": "GGCIR8991", "description": "On the internet, you can be pretty much anything you want, it's just kinda weird that so many people choose to be idiots and assholes", "name": "GGCIR8991", "created_at": "2015-04-28T07:17:35.000Z", "profile_image_url": "https://pbs.twimg.com/profile_images/1501219816522219520/SQVX3N2b_normal.jpg", "public_metrics": {"followers_count": 1462, "following_count": 1323, "tweet_count": 163105, "listed_count": 17}, "id": "3216078659"}}, {"in_reply_to_user_id": "807003567605227520", "id": "1121825068290662406", "entities": {"mentions": [{"start": 0, "end": 15, "username": "realamberheard", "id": "807003567605227520"}], "urls": [{"start": 81, "end": 104, "url": "https://t.co/oTOH6CXrp5", "expanded_url": "https://twitter.com/realamberheard/status/1121823590096281601", "display_url": "twitter.com/realamberheard\u2026"}]}, "lang": "en", "author_id": "1112951345840119808", "referenced_tweets": [{"type": "quoted", "id": "1121823590096281601"}], "public_metrics": {"retweet_count": 0, "reply_count": 0, "like_count": 1, "quote_count": 0}, "text": "@realamberheard love the way you say badass It is likr insife my head 24 hours \ud83d\udc96 https://t.co/oTOH6CXrp5", "created_at": "2019-04-26T17:15:13.000Z", "source": "Twitter for Android", "quoted_tweet": {"id": "1121823590096281601", "entities": {"mentions": [{"start": 28, "end": 39, "username": "oliviamunn", "id": "15888142"}], "urls": [{"start": 260, "end": 283, "url": "https://t.co/WSO0Wo7LfH", "expanded_url": "https://twitter.com/oliviamunn/status/1121267063107014656", "display_url": "twitter.com/oliviamunn/sta\u2026"}]}, "lang": "en", "author_id": "807003567605227520", "referenced_tweets": [{"type": "quoted", "id": "1121267063107014656"}], "public_metrics": {"retweet_count": 36, "reply_count": 19, "like_count": 341, "quote_count": 5}, "text": "Beautiful essay by badass b @oliviamunn calling out the outdated woman shaming culture that has persisted, unchecked, until recently. Its voices like hers, typically resigned 2 bing the silent targets of such vitriol, that r so needed rn 2 change it. Thnk u,O https://t.co/WSO0Wo7LfH", "created_at": "2019-04-26T17:09:21.000Z", "source": "Twitter for iPad", "author": {"url": "https://t.co/Ze18Ek9SOI", "username": "realamberheard", "description": "Actor and Activist, semi-professional disruptor, ice cream advocate and shameless teacup yorkie-lover", "name": "Amber Heard", "location": "Los Angeles, CA", "created_at": "2016-12-08T23:26:58.000Z", "profile_image_url": "https://pbs.twimg.com/profile_images/1383196364792680448/N8CdupEu_normal.jpg", "public_metrics": {"followers_count": 190356, "following_count": 220, "tweet_count": 1150, "listed_count": 566}, "id": "807003567605227520"}}, "author": {"url": "", "username": "RuwanthaSusara", "description": "Undergraduate Software Engineer \ud83d\ude43. Huuuuuuuuuuge Fan Of Amber Heard \ud83e\udd29. #amberheardgang #sacrificingforamber #saveouramberheard \n#wearewithyouamber", "name": "Susara Ruwantha", "location": "Los Angeles, CA", "created_at": "2019-04-02T05:34:13.000Z", "profile_image_url": "https://pbs.twimg.com/profile_images/1112952260827496453/jT2Nmh1z_normal.png", "public_metrics": {"followers_count": 8, "following_count": 54, "tweet_count": 82, "listed_count": 0}, "id": "1112951345840119808"}}]