[{"text": "https://t.co/2g7Jt6HDxA", "lang": "und", "public_metrics": {"retweet_count": 0, "reply_count": 1, "like_count": 1, "quote_count": 0}, "author_id": "840671280399568896", "created_at": "2021-03-29T16:20:20.000Z", "entities": {"urls": [{"start": 0, "end": 23, "url": "https://t.co/2g7Jt6HDxA", "expanded_url": "https://twitter.com/realamberheard/status/1124072955208708099?s=19", "display_url": "twitter.com/realamberheard\u2026"}]}, "referenced_tweets": [{"type": "quoted", "id": "1124072955208708099"}, {"type": "replied_to", "id": "1376569924504670220"}], "id": "1376569928191508489", "in_reply_to_user_id": "840671280399568896", "source": "Twitter Web App", "quoted_tweet": {"text": "From Zaatari refugee camp in Jordan, where 13 yr old Weam lives. She is feeling good &amp; sending a thank you message to everyone who helped her get her life saving treatment. Thank u @sams_usa &amp; everyone who helped get her the help she needed! https://t.co/1bap0DIjK4", "lang": "en", "public_metrics": {"retweet_count": 93, "reply_count": 51, "like_count": 909, "quote_count": 5}, "author_id": "807003567605227520", "created_at": "2019-05-02T22:07:31.000Z", "entities": {"urls": [{"start": 250, "end": 273, "url": "https://t.co/1bap0DIjK4", "expanded_url": "https://twitter.com/realamberheard/status/1124072955208708099/video/1", "display_url": "pic.twitter.com/1bap0DIjK4"}], "annotations": [{"start": 5, "end": 11, "probability": 0.3794, "type": "Place", "normalized_text": "Zaatari"}, {"start": 29, "end": 34, "probability": 0.6476, "type": "Person", "normalized_text": "Jordan"}, {"start": 53, "end": 56, "probability": 0.4341, "type": "Person", "normalized_text": "Weam"}], "mentions": [{"start": 185, "end": 194, "username": "sams_usa", "id": "471737223"}]}, "id": "1124072955208708099", "source": "Twitter for iPhone", "author": {"url": "https://t.co/Ze18Ek9SOI", "id": "807003567605227520", "public_metrics": {"followers_count": 190338, "following_count": 220, "tweet_count": 1149, "listed_count": 567}, "created_at": "2016-12-08T23:26:58.000Z", "username": "realamberheard", "description": "Actor and Activist, semi-professional disruptor, ice cream advocate and shameless teacup yorkie-lover", "profile_image_url": "https://pbs.twimg.com/profile_images/1383196364792680448/N8CdupEu_normal.jpg", "name": "Amber Heard", "location": "Los Angeles, CA"}}, "author": {"url": "https://t.co/KzAMdR9Ns6", "id": "840671280399568896", "public_metrics": {"followers_count": 1009, "following_count": 875, "tweet_count": 63931, "listed_count": 13}, "created_at": "2017-03-11T21:10:26.000Z", "username": "alberaudeskid", "description": "For being you. Tayna - 24 - Female - Cis - Animal lover \ud83d\udc24\ud83d\udc36 Vidder", "profile_image_url": "https://pbs.twimg.com/profile_images/1261708982286258178/oBDrGJrW_normal.jpg", "name": "Dawn Granger's gf", "location": "Youtube: Izzylovelace"}}, {"text": "You are the most beautiful better than you no one https://t.co/k0Fjzv96Wy", "lang": "en", "public_metrics": {"retweet_count": 0, "reply_count": 0, "like_count": 0, "quote_count": 0}, "author_id": "728145505784500226", "created_at": "2019-05-05T07:55:24.000Z", "entities": {"urls": [{"start": 50, "end": 73, "url": "https://t.co/k0Fjzv96Wy", "expanded_url": "https://twitter.com/realamberheard/status/1124072955208708099", "display_url": "twitter.com/realamberheard\u2026"}]}, "referenced_tweets": [{"type": "quoted", "id": "1124072955208708099"}], "id": "1124945678503940096", "source": "Twitter Web App", "quoted_tweet": {"text": "From Zaatari refugee camp in Jordan, where 13 yr old Weam lives. She is feeling good &amp; sending a thank you message to everyone who helped her get her life saving treatment. Thank u @sams_usa &amp; everyone who helped get her the help she needed! https://t.co/1bap0DIjK4", "lang": "en", "public_metrics": {"retweet_count": 93, "reply_count": 51, "like_count": 909, "quote_count": 5}, "author_id": "807003567605227520", "created_at": "2019-05-02T22:07:31.000Z", "entities": {"urls": [{"start": 250, "end": 273, "url": "https://t.co/1bap0DIjK4", "expanded_url": "https://twitter.com/realamberheard/status/1124072955208708099/video/1", "display_url": "pic.twitter.com/1bap0DIjK4"}], "annotations": [{"start": 5, "end": 11, "probability": 0.3794, "type": "Place", "normalized_text": "Zaatari"}, {"start": 29, "end": 34, "probability": 0.6476, "type": "Person", "normalized_text": "Jordan"}, {"start": 53, "end": 56, "probability": 0.4341, "type": "Person", "normalized_text": "Weam"}], "mentions": [{"start": 185, "end": 194, "username": "sams_usa", "id": "471737223"}]}, "id": "1124072955208708099", "source": "Twitter for iPhone", "author": {"url": "https://t.co/Ze18Ek9SOI", "id": "807003567605227520", "public_metrics": {"followers_count": 190338, "following_count": 220, "tweet_count": 1149, "listed_count": 567}, "created_at": "2016-12-08T23:26:58.000Z", "username": "realamberheard", "description": "Actor and Activist, semi-professional disruptor, ice cream advocate and shameless teacup yorkie-lover", "profile_image_url": "https://pbs.twimg.com/profile_images/1383196364792680448/N8CdupEu_normal.jpg", "name": "Amber Heard", "location": "Los Angeles, CA"}}, "author": {"url": "", "id": "728145505784500226", "public_metrics": {"followers_count": 4, "following_count": 8, "tweet_count": 37, "listed_count": 0}, "created_at": "2016-05-05T08:53:11.000Z", "username": "BunnyGodlesBos", "description": "", "profile_image_url": "https://pbs.twimg.com/profile_images/1124945292195921920/TqcN99zz_normal.jpg", "name": "CrackenGodin"}}, {"text": "Thank you @realamberheard for a great humanitarian project! Saving innocent lives one sole at a time @sams_usa https://t.co/HNLJAM0zjM", "lang": "en", "public_metrics": {"retweet_count": 0, "reply_count": 0, "like_count": 0, "quote_count": 0}, "author_id": "2780854799", "created_at": "2019-05-03T00:00:19.000Z", "entities": {"urls": [{"start": 111, "end": 134, "url": "https://t.co/HNLJAM0zjM", "expanded_url": "https://twitter.com/realamberheard/status/1124072955208708099", "display_url": "twitter.com/realamberheard\u2026"}], "mentions": [{"start": 10, "end": 25, "username": "realamberheard", "id": "807003567605227520"}, {"start": 101, "end": 110, "username": "sams_usa", "id": "471737223"}]}, "referenced_tweets": [{"type": "quoted", "id": "1124072955208708099"}], "id": "1124101343336116225", "source": "Twitter for iPhone", "quoted_tweet": {"text": "From Zaatari refugee camp in Jordan, where 13 yr old Weam lives. She is feeling good &amp; sending a thank you message to everyone who helped her get her life saving treatment. Thank u @sams_usa &amp; everyone who helped get her the help she needed! https://t.co/1bap0DIjK4", "lang": "en", "public_metrics": {"retweet_count": 93, "reply_count": 51, "like_count": 909, "quote_count": 5}, "author_id": "807003567605227520", "created_at": "2019-05-02T22:07:31.000Z", "entities": {"urls": [{"start": 250, "end": 273, "url": "https://t.co/1bap0DIjK4", "expanded_url": "https://twitter.com/realamberheard/status/1124072955208708099/video/1", "display_url": "pic.twitter.com/1bap0DIjK4"}], "annotations": [{"start": 5, "end": 11, "probability": 0.3794, "type": "Place", "normalized_text": "Zaatari"}, {"start": 29, "end": 34, "probability": 0.6476, "type": "Person", "normalized_text": "Jordan"}, {"start": 53, "end": 56, "probability": 0.4341, "type": "Person", "normalized_text": "Weam"}], "mentions": [{"start": 185, "end": 194, "username": "sams_usa", "id": "471737223"}]}, "id": "1124072955208708099", "source": "Twitter for iPhone", "author": {"url": "https://t.co/Ze18Ek9SOI", "id": "807003567605227520", "public_metrics": {"followers_count": 190338, "following_count": 220, "tweet_count": 1149, "listed_count": 567}, "created_at": "2016-12-08T23:26:58.000Z", "username": "realamberheard", "description": "Actor and Activist, semi-professional disruptor, ice cream advocate and shameless teacup yorkie-lover", "profile_image_url": "https://pbs.twimg.com/profile_images/1383196364792680448/N8CdupEu_normal.jpg", "name": "Amber Heard", "location": "Los Angeles, CA"}}, "author": {"url": "https://t.co/RXWKDbWIVb", "id": "2780854799", "public_metrics": {"followers_count": 774, "following_count": 1150, "tweet_count": 4593, "listed_count": 9}, "created_at": "2014-09-23T04:02:22.000Z", "username": "BTermanini", "description": "gastroenterologist with Trinity Health. Chairman SAMS Foundation. working for a free & democratic Syria. Early Tesla adaptor/investor, FSD beta tester.", "profile_image_url": "https://pbs.twimg.com/profile_images/936494329828397056/kp-VKj1K_normal.jpg", "name": "Basel Termanini \ud83c\uddfa\ud83c\udde6", "location": "Pittsburgh, PA"}}]