[{"public_metrics": {"retweet_count": 0, "reply_count": 0, "like_count": 0, "quote_count": 0}, "referenced_tweets": [{"type": "quoted", "id": "1125529410549903361"}], "id": "1131746386964287489", "source": "Twitter for Android", "lang": "es", "entities": {"urls": [{"start": 20, "end": 43, "url": "https://t.co/rMwTMUMM3e", "expanded_url": "https://twitter.com/realamberheard/status/1125529410549903361", "display_url": "twitter.com/realamberheard\u2026"}]}, "created_at": "2019-05-24T02:19:00.000Z", "text": "Que hermosa mujer \ud83d\ude0d https://t.co/rMwTMUMM3e", "author_id": "104122453", "quoted_tweet": {"public_metrics": {"retweet_count": 169, "reply_count": 81, "like_count": 2349, "quote_count": 16}, "id": "1125529410549903361", "source": "Twitter for iPhone", "lang": "en", "entities": {"hashtags": [{"start": 66, "end": 86, "tag": "CinderellaLiberator"}], "urls": [{"start": 255, "end": 278, "url": "https://t.co/pVcN2ulWlY", "expanded_url": "https://twitter.com/realamberheard/status/1125529410549903361/photo/1", "display_url": "pic.twitter.com/pVcN2ulWlY"}], "mentions": [{"start": 239, "end": 254, "username": "haymarketbooks", "id": "22846853"}]}, "created_at": "2019-05-06T22:34:57.000Z", "text": "The stories we tell matter, especially the ones we tell our youth #CinderellaLiberator is a stunning exmpl of how talking lizards,cakes, misguided stepsiss &amp; even a prince Nevermind can reframe sum of our most iconic tradtnl narrtives @haymarketbooks https://t.co/pVcN2ulWlY", "author_id": "807003567605227520", "author": {"description": "Actor and Activist, semi-professional disruptor, ice cream advocate and shameless teacup yorkie-lover", "profile_image_url": "https://pbs.twimg.com/profile_images/1383196364792680448/N8CdupEu_normal.jpg", "id": "807003567605227520", "name": "Amber Heard", "public_metrics": {"followers_count": 190338, "following_count": 220, "tweet_count": 1149, "listed_count": 567}, "username": "realamberheard", "created_at": "2016-12-08T23:26:58.000Z", "location": "Los Angeles, CA", "url": "https://t.co/Ze18Ek9SOI"}}, "author": {"description": "Abogado / Me encanta la m\u00fasica cl\u00e1sica / Me quejo de todo.", "profile_image_url": "https://pbs.twimg.com/profile_images/1461889223078948867/mFxUSJoW_normal.jpg", "id": "104122453", "name": "\ud835\udc0c\ud835\udc1a\ud835\udc2e\ud835\udc2a\ud835\udc2e\ud835\udc22\ud835\udc1a\ud835\udc2f\ud835\udc1e\ud835\udc25\ud835\udc28\ud83d\udc41\ufe0f", "public_metrics": {"followers_count": 47, "following_count": 499, "tweet_count": 6244, "listed_count": 0}, "username": "mauxchavez", "created_at": "2010-01-12T10:00:45.000Z", "url": "https://t.co/12oUbOF0Qi"}}, {"public_metrics": {"retweet_count": 0, "reply_count": 0, "like_count": 0, "quote_count": 0}, "referenced_tweets": [{"type": "quoted", "id": "1125529410549903361"}], "id": "1128755226318704642", "source": "Tweetbot for Mac", "lang": "en", "entities": {"urls": [{"start": 170, "end": 193, "url": "https://t.co/zWkVR53mda", "expanded_url": "https://twitter.com/realamberheard/status/1125529410549903361", "display_url": "twitter.com/realamberheard\u2026"}]}, "created_at": "2019-05-15T20:13:11.000Z", "text": "I really enjoyed reading this one with my wife and kid. I didn\u2019t really see any of the changes coming like they did before they happened, and I thought it was beautiful. https://t.co/zWkVR53mda", "author_id": "12795322", "quoted_tweet": {"public_metrics": {"retweet_count": 169, "reply_count": 81, "like_count": 2349, "quote_count": 16}, "id": "1125529410549903361", "source": "Twitter for iPhone", "lang": "en", "entities": {"hashtags": [{"start": 66, "end": 86, "tag": "CinderellaLiberator"}], "urls": [{"start": 255, "end": 278, "url": "https://t.co/pVcN2ulWlY", "expanded_url": "https://twitter.com/realamberheard/status/1125529410549903361/photo/1", "display_url": "pic.twitter.com/pVcN2ulWlY"}], "mentions": [{"start": 239, "end": 254, "username": "haymarketbooks", "id": "22846853"}]}, "created_at": "2019-05-06T22:34:57.000Z", "text": "The stories we tell matter, especially the ones we tell our youth #CinderellaLiberator is a stunning exmpl of how talking lizards,cakes, misguided stepsiss &amp; even a prince Nevermind can reframe sum of our most iconic tradtnl narrtives @haymarketbooks https://t.co/pVcN2ulWlY", "author_id": "807003567605227520", "author": {"description": "Actor and Activist, semi-professional disruptor, ice cream advocate and shameless teacup yorkie-lover", "profile_image_url": "https://pbs.twimg.com/profile_images/1383196364792680448/N8CdupEu_normal.jpg", "id": "807003567605227520", "name": "Amber Heard", "public_metrics": {"followers_count": 190338, "following_count": 220, "tweet_count": 1149, "listed_count": 567}, "username": "realamberheard", "created_at": "2016-12-08T23:26:58.000Z", "location": "Los Angeles, CA", "url": "https://t.co/Ze18Ek9SOI"}}, "author": {"description": "News UX/UI designer and coder. Faith-rooted organizer and abolitionist. Love design, theology, justice, grace. Enjoy coffee, beer, goth, metal. He/him.", "profile_image_url": "https://pbs.twimg.com/profile_images/1084329613822779393/NBqdH1k0_normal.jpg", "id": "12795322", "name": "Jonathan Stegall", "public_metrics": {"followers_count": 1966, "following_count": 946, "tweet_count": 59230, "listed_count": 95}, "username": "jonathanstegall", "created_at": "2008-01-28T18:44:50.000Z", "location": "Minneapolis via Atlanta via FL via NC", "url": "https://t.co/TxCIdYZYGR"}}, {"public_metrics": {"retweet_count": 2, "reply_count": 0, "like_count": 0, "quote_count": 0}, "referenced_tweets": [{"type": "retweeted", "id": "1126085321534259202"}], "id": "1126109662368153600", "source": "Twitter Web Client", "lang": "en", "entities": {"urls": [{"start": 85, "end": 108, "url": "https://t.co/8YQLZYL5jb", "expanded_url": "https://twitter.com/realamberheard/status/1125529410549903361", "display_url": "twitter.com/realamberheard\u2026"}], "annotations": [{"start": 23, "end": 29, "probability": 0.5994, "type": "Person", "normalized_text": "Johnnys"}]}, "created_at": "2019-05-08T13:00:40.000Z", "text": "RT @CaptainEOStan: did Johnnys \"abuse\" make her forget how to spell or something ??? https://t.co/8YQLZYL5jb", "author_id": "1034786807626522624", "quoted_tweet": {"public_metrics": {"retweet_count": 169, "reply_count": 81, "like_count": 2349, "quote_count": 16}, "id": "1125529410549903361", "source": "Twitter for iPhone", "lang": "en", "entities": {"hashtags": [{"start": 66, "end": 86, "tag": "CinderellaLiberator"}], "urls": [{"start": 255, "end": 278, "url": "https://t.co/pVcN2ulWlY", "expanded_url": "https://twitter.com/realamberheard/status/1125529410549903361/photo/1", "display_url": "pic.twitter.com/pVcN2ulWlY"}], "mentions": [{"start": 239, "end": 254, "username": "haymarketbooks", "id": "22846853"}]}, "created_at": "2019-05-06T22:34:57.000Z", "text": "The stories we tell matter, especially the ones we tell our youth #CinderellaLiberator is a stunning exmpl of how talking lizards,cakes, misguided stepsiss &amp; even a prince Nevermind can reframe sum of our most iconic tradtnl narrtives @haymarketbooks https://t.co/pVcN2ulWlY", "author_id": "807003567605227520", "author": {"description": "Actor and Activist, semi-professional disruptor, ice cream advocate and shameless teacup yorkie-lover", "profile_image_url": "https://pbs.twimg.com/profile_images/1383196364792680448/N8CdupEu_normal.jpg", "id": "807003567605227520", "name": "Amber Heard", "public_metrics": {"followers_count": 190338, "following_count": 220, "tweet_count": 1149, "listed_count": 567}, "username": "realamberheard", "created_at": "2016-12-08T23:26:58.000Z", "location": "Los Angeles, CA", "url": "https://t.co/Ze18Ek9SOI"}}, "author": {"description": "She/her. Multi enthusiast. Allergic to idiots. #IStandWithJKRowling #JusticeForJohnnyDepp #BoycottFantasticBeasts #BoycottWarnerBros #DisneyCanKeepTheirAlpacas", "profile_image_url": "https://pbs.twimg.com/profile_images/1502931849626140678/9zQ0EFua_normal.jpg", "id": "1034786807626522624", "name": "Lara Villanelle \ud83d\udc2c\ud83c\udf69\ud83e\udd99| ke spoilers", "public_metrics": {"followers_count": 210, "following_count": 476, "tweet_count": 72548, "listed_count": 1}, "username": "LadyInVermilion", "created_at": "2018-08-29T12:56:15.000Z", "location": "Wherever Adam Waldman lives", "url": ""}}, {"public_metrics": {"retweet_count": 2, "reply_count": 0, "like_count": 0, "quote_count": 0}, "referenced_tweets": [{"type": "retweeted", "id": "1126085321534259202"}], "id": "1126086431816978433", "source": "Twitter for iPhone", "lang": "en", "entities": {"urls": [{"start": 85, "end": 108, "url": "https://t.co/8YQLZYL5jb", "expanded_url": "https://twitter.com/realamberheard/status/1125529410549903361", "display_url": "twitter.com/realamberheard\u2026"}], "annotations": [{"start": 23, "end": 29, "probability": 0.5994, "type": "Person", "normalized_text": "Johnnys"}]}, "created_at": "2019-05-08T11:28:21.000Z", "text": "RT @CaptainEOStan: did Johnnys \"abuse\" make her forget how to spell or something ??? https://t.co/8YQLZYL5jb", "author_id": "1112756109981421568", "quoted_tweet": {"public_metrics": {"retweet_count": 169, "reply_count": 81, "like_count": 2349, "quote_count": 16}, "id": "1125529410549903361", "source": "Twitter for iPhone", "lang": "en", "entities": {"hashtags": [{"start": 66, "end": 86, "tag": "CinderellaLiberator"}], "urls": [{"start": 255, "end": 278, "url": "https://t.co/pVcN2ulWlY", "expanded_url": "https://twitter.com/realamberheard/status/1125529410549903361/photo/1", "display_url": "pic.twitter.com/pVcN2ulWlY"}], "mentions": [{"start": 239, "end": 254, "username": "haymarketbooks", "id": "22846853"}]}, "created_at": "2019-05-06T22:34:57.000Z", "text": "The stories we tell matter, especially the ones we tell our youth #CinderellaLiberator is a stunning exmpl of how talking lizards,cakes, misguided stepsiss &amp; even a prince Nevermind can reframe sum of our most iconic tradtnl narrtives @haymarketbooks https://t.co/pVcN2ulWlY", "author_id": "807003567605227520", "author": {"description": "Actor and Activist, semi-professional disruptor, ice cream advocate and shameless teacup yorkie-lover", "profile_image_url": "https://pbs.twimg.com/profile_images/1383196364792680448/N8CdupEu_normal.jpg", "id": "807003567605227520", "name": "Amber Heard", "public_metrics": {"followers_count": 190338, "following_count": 220, "tweet_count": 1149, "listed_count": 567}, "username": "realamberheard", "created_at": "2016-12-08T23:26:58.000Z", "location": "Los Angeles, CA", "url": "https://t.co/Ze18Ek9SOI"}}, "author": {"description": "medical student", "profile_image_url": "https://pbs.twimg.com/profile_images/1460264624679440387/96MQiiu4_normal.jpg", "id": "1112756109981421568", "name": "Lumos", "public_metrics": {"followers_count": 1496, "following_count": 293, "tweet_count": 66919, "listed_count": 2}, "username": "96_lumos", "created_at": "2019-04-01T16:38:25.000Z", "location": "Switzerland ", "url": "https://t.co/zJ6he1uNoq"}}, {"public_metrics": {"retweet_count": 2, "reply_count": 0, "like_count": 1, "quote_count": 0}, "referenced_tweets": [{"type": "quoted", "id": "1125529410549903361"}], "id": "1126085321534259202", "source": "Twitter for Android", "lang": "en", "entities": {"urls": [{"start": 66, "end": 89, "url": "https://t.co/8YQLZYL5jb", "expanded_url": "https://twitter.com/realamberheard/status/1125529410549903361", "display_url": "twitter.com/realamberheard\u2026"}], "annotations": [{"start": 4, "end": 10, "probability": 0.5306, "type": "Person", "normalized_text": "Johnnys"}]}, "created_at": "2019-05-08T11:23:56.000Z", "text": "did Johnnys \"abuse\" make her forget how to spell or something ??? https://t.co/8YQLZYL5jb", "author_id": "1005683739718967296", "quoted_tweet": {"public_metrics": {"retweet_count": 169, "reply_count": 81, "like_count": 2349, "quote_count": 16}, "id": "1125529410549903361", "source": "Twitter for iPhone", "lang": "en", "entities": {"hashtags": [{"start": 66, "end": 86, "tag": "CinderellaLiberator"}], "urls": [{"start": 255, "end": 278, "url": "https://t.co/pVcN2ulWlY", "expanded_url": "https://twitter.com/realamberheard/status/1125529410549903361/photo/1", "display_url": "pic.twitter.com/pVcN2ulWlY"}], "mentions": [{"start": 239, "end": 254, "username": "haymarketbooks", "id": "22846853"}]}, "created_at": "2019-05-06T22:34:57.000Z", "text": "The stories we tell matter, especially the ones we tell our youth #CinderellaLiberator is a stunning exmpl of how talking lizards,cakes, misguided stepsiss &amp; even a prince Nevermind can reframe sum of our most iconic tradtnl narrtives @haymarketbooks https://t.co/pVcN2ulWlY", "author_id": "807003567605227520", "author": {"description": "Actor and Activist, semi-professional disruptor, ice cream advocate and shameless teacup yorkie-lover", "profile_image_url": "https://pbs.twimg.com/profile_images/1383196364792680448/N8CdupEu_normal.jpg", "id": "807003567605227520", "name": "Amber Heard", "public_metrics": {"followers_count": 190338, "following_count": 220, "tweet_count": 1149, "listed_count": 567}, "username": "realamberheard", "created_at": "2016-12-08T23:26:58.000Z", "location": "Los Angeles, CA", "url": "https://t.co/Ze18Ek9SOI"}}, "author": {"description": "#1 fangs fogarty stan // matching w @humanaturexx & @mjinvincible777", "profile_image_url": "https://pbs.twimg.com/profile_images/1149159668867952640/OvEpt6WX_normal.jpg", "id": "1005683739718967296", "name": "mack \ud83c\udf43", "public_metrics": {"followers_count": 488, "following_count": 0, "tweet_count": 14120, "listed_count": 2}, "username": "fogartyfreak", "created_at": "2018-06-10T05:31:03.000Z", "location": "\ud83d\udc51\ud83d\udc41\ufe0f\u2728", "url": "https://t.co/eGgpcvUX0Q"}}, {"public_metrics": {"retweet_count": 1, "reply_count": 0, "like_count": 0, "quote_count": 0}, "referenced_tweets": [{"type": "retweeted", "id": "1125718239164735489"}], "id": "1125776823386869762", "source": "Twitter for iPhone", "lang": "en", "created_at": "2019-05-07T14:58:05.000Z", "text": "RT @SkLumos: I\u2019m not a native English speaker, can somebody please translate this for me. Is this supposed to make any sense? #AmberHeardIs\u2026", "author_id": "1114810461969629184", "quoted_tweet": {"public_metrics": {"retweet_count": 169, "reply_count": 81, "like_count": 2349, "quote_count": 16}, "id": "1125529410549903361", "source": "Twitter for iPhone", "lang": "en", "entities": {"hashtags": [{"start": 66, "end": 86, "tag": "CinderellaLiberator"}], "urls": [{"start": 255, "end": 278, "url": "https://t.co/pVcN2ulWlY", "expanded_url": "https://twitter.com/realamberheard/status/1125529410549903361/photo/1", "display_url": "pic.twitter.com/pVcN2ulWlY"}], "mentions": [{"start": 239, "end": 254, "username": "haymarketbooks", "id": "22846853"}]}, "created_at": "2019-05-06T22:34:57.000Z", "text": "The stories we tell matter, especially the ones we tell our youth #CinderellaLiberator is a stunning exmpl of how talking lizards,cakes, misguided stepsiss &amp; even a prince Nevermind can reframe sum of our most iconic tradtnl narrtives @haymarketbooks https://t.co/pVcN2ulWlY", "author_id": "807003567605227520", "author": {"description": "Actor and Activist, semi-professional disruptor, ice cream advocate and shameless teacup yorkie-lover", "profile_image_url": "https://pbs.twimg.com/profile_images/1383196364792680448/N8CdupEu_normal.jpg", "id": "807003567605227520", "name": "Amber Heard", "public_metrics": {"followers_count": 190338, "following_count": 220, "tweet_count": 1149, "listed_count": 567}, "username": "realamberheard", "created_at": "2016-12-08T23:26:58.000Z", "location": "Los Angeles, CA", "url": "https://t.co/Ze18Ek9SOI"}}, "author": {"description": "celebrity hoe + a donut", "profile_image_url": "https://pbs.twimg.com/profile_images/1323976947215474689/PhKHlTtJ_normal.png", "id": "1114810461969629184", "name": "\u2665\ud83c\udf69", "public_metrics": {"followers_count": 231, "following_count": 828, "tweet_count": 19396, "listed_count": 1}, "username": "jhnnyrdj", "created_at": "2019-04-07T08:41:41.000Z", "location": "#JohnnyDeppIsInnocent", "url": ""}}, {"public_metrics": {"retweet_count": 1, "reply_count": 0, "like_count": 0, "quote_count": 0}, "referenced_tweets": [{"type": "retweeted", "id": "1125743290513489926"}], "id": "1125775907443105792", "source": "Twitter for iPhone", "lang": "und", "entities": {"hashtags": [{"start": 23, "end": 36, "tag": "PowerOfStory"}, {"start": 39, "end": 53, "tag": "RebeccaSolnit"}], "urls": [{"start": 54, "end": 77, "url": "https://t.co/i2DGgiAH8r", "expanded_url": "https://twitter.com/realamberheard/status/1125529410549903361", "display_url": "twitter.com/realamberheard\u2026"}], "mentions": [{"start": 3, "end": 17, "username": "drewdellinger", "id": "28832219"}]}, "created_at": "2019-05-07T14:54:26.000Z", "text": "RT @drewdellinger: The #PowerOfStory.\n\n#RebeccaSolnit https://t.co/i2DGgiAH8r", "author_id": "370749498", "quoted_tweet": {"public_metrics": {"retweet_count": 169, "reply_count": 81, "like_count": 2349, "quote_count": 16}, "id": "1125529410549903361", "source": "Twitter for iPhone", "lang": "en", "entities": {"hashtags": [{"start": 66, "end": 86, "tag": "CinderellaLiberator"}], "urls": [{"start": 255, "end": 278, "url": "https://t.co/pVcN2ulWlY", "expanded_url": "https://twitter.com/realamberheard/status/1125529410549903361/photo/1", "display_url": "pic.twitter.com/pVcN2ulWlY"}], "mentions": [{"start": 239, "end": 254, "username": "haymarketbooks", "id": "22846853"}]}, "created_at": "2019-05-06T22:34:57.000Z", "text": "The stories we tell matter, especially the ones we tell our youth #CinderellaLiberator is a stunning exmpl of how talking lizards,cakes, misguided stepsiss &amp; even a prince Nevermind can reframe sum of our most iconic tradtnl narrtives @haymarketbooks https://t.co/pVcN2ulWlY", "author_id": "807003567605227520", "author": {"description": "Actor and Activist, semi-professional disruptor, ice cream advocate and shameless teacup yorkie-lover", "profile_image_url": "https://pbs.twimg.com/profile_images/1383196364792680448/N8CdupEu_normal.jpg", "id": "807003567605227520", "name": "Amber Heard", "public_metrics": {"followers_count": 190338, "following_count": 220, "tweet_count": 1149, "listed_count": 567}, "username": "realamberheard", "created_at": "2016-12-08T23:26:58.000Z", "location": "Los Angeles, CA", "url": "https://t.co/Ze18Ek9SOI"}}, "author": {"description": "Trucker. Flying Instructor. DProf @hult_business Inquirer: #Aesthetics #ActionPhenomenology Pitts Aviator: https://t.co/vTBg61IFF5 Valet:@DrQuantumMog", "profile_image_url": "https://pbs.twimg.com/profile_images/1542005608/3019_n_normal.jpg", "id": "370749498", "name": "Paul Stanley", "public_metrics": {"followers_count": 7267, "following_count": 7995, "tweet_count": 100402, "listed_count": 69}, "username": "drpaul_stanley", "created_at": "2011-09-09T15:25:53.000Z", "location": "Tory Dystopia: Mercia sector", "url": "https://t.co/FXe5SLvZur"}}, {"public_metrics": {"retweet_count": 1, "reply_count": 0, "like_count": 1, "quote_count": 0}, "referenced_tweets": [{"type": "quoted", "id": "1125529410549903361"}], "id": "1125743290513489926", "source": "Twitter for iPhone", "lang": "und", "entities": {"hashtags": [{"start": 4, "end": 17, "tag": "PowerOfStory"}, {"start": 20, "end": 34, "tag": "RebeccaSolnit"}], "urls": [{"start": 35, "end": 58, "url": "https://t.co/i2DGgiAH8r", "expanded_url": "https://twitter.com/realamberheard/status/1125529410549903361", "display_url": "twitter.com/realamberheard\u2026"}]}, "created_at": "2019-05-07T12:44:50.000Z", "text": "The #PowerOfStory.\n\n#RebeccaSolnit https://t.co/i2DGgiAH8r", "author_id": "28832219", "quoted_tweet": {"public_metrics": {"retweet_count": 169, "reply_count": 81, "like_count": 2349, "quote_count": 16}, "id": "1125529410549903361", "source": "Twitter for iPhone", "lang": "en", "entities": {"hashtags": [{"start": 66, "end": 86, "tag": "CinderellaLiberator"}], "urls": [{"start": 255, "end": 278, "url": "https://t.co/pVcN2ulWlY", "expanded_url": "https://twitter.com/realamberheard/status/1125529410549903361/photo/1", "display_url": "pic.twitter.com/pVcN2ulWlY"}], "mentions": [{"start": 239, "end": 254, "username": "haymarketbooks", "id": "22846853"}]}, "created_at": "2019-05-06T22:34:57.000Z", "text": "The stories we tell matter, especially the ones we tell our youth #CinderellaLiberator is a stunning exmpl of how talking lizards,cakes, misguided stepsiss &amp; even a prince Nevermind can reframe sum of our most iconic tradtnl narrtives @haymarketbooks https://t.co/pVcN2ulWlY", "author_id": "807003567605227520", "author": {"description": "Actor and Activist, semi-professional disruptor, ice cream advocate and shameless teacup yorkie-lover", "profile_image_url": "https://pbs.twimg.com/profile_images/1383196364792680448/N8CdupEu_normal.jpg", "id": "807003567605227520", "name": "Amber Heard", "public_metrics": {"followers_count": 190338, "following_count": 220, "tweet_count": 1149, "listed_count": 567}, "username": "realamberheard", "created_at": "2016-12-08T23:26:58.000Z", "location": "Los Angeles, CA", "url": "https://t.co/Ze18Ek9SOI"}}, "author": {"description": "PhD.\nAdvisor, The World House Project.\nScholar-in-Residence, @MLK_Institute, 2020-22.\nAuthor, Love Letter to the Milky Way.\nUpcoming book: The Ecological King.", "profile_image_url": "https://pbs.twimg.com/profile_images/1288621279772254209/uZfjvHS4_normal.jpg", "id": "28832219", "name": "Drew Dellinger", "public_metrics": {"followers_count": 3736, "following_count": 5002, "tweet_count": 47762, "listed_count": 0}, "username": "drewdellinger", "created_at": "2009-04-04T17:25:57.000Z", "location": "San Francisco Bay Area", "url": "https://t.co/sSqAamzdca"}}, {"public_metrics": {"retweet_count": 1, "reply_count": 13, "like_count": 6, "quote_count": 0}, "id": "1125718239164735489", "source": "Twitter for iPhone", "lang": "en", "entities": {"hashtags": [{"start": 113, "end": 134, "tag": "AmberHeardIsAnAbuser"}], "urls": [{"start": 135, "end": 158, "url": "https://t.co/hUohuMXJjg", "expanded_url": "https://twitter.com/realamberheard/status/1125529410549903361", "display_url": "twitter.com/realamberheard\u2026"}]}, "created_at": "2019-05-07T11:05:17.000Z", "text": "I\u2019m not a native English speaker, can somebody please translate this for me. Is this supposed to make any sense? #AmberHeardIsAnAbuser https://t.co/hUohuMXJjg", "author_id": "1112756109981421568", "quoted_tweet": {"public_metrics": {"retweet_count": 169, "reply_count": 81, "like_count": 2349, "quote_count": 16}, "id": "1125529410549903361", "source": "Twitter for iPhone", "lang": "en", "entities": {"hashtags": [{"start": 66, "end": 86, "tag": "CinderellaLiberator"}], "urls": [{"start": 255, "end": 278, "url": "https://t.co/pVcN2ulWlY", "expanded_url": "https://twitter.com/realamberheard/status/1125529410549903361/photo/1", "display_url": "pic.twitter.com/pVcN2ulWlY"}], "mentions": [{"start": 239, "end": 254, "username": "haymarketbooks", "id": "22846853"}]}, "created_at": "2019-05-06T22:34:57.000Z", "text": "The stories we tell matter, especially the ones we tell our youth #CinderellaLiberator is a stunning exmpl of how talking lizards,cakes, misguided stepsiss &amp; even a prince Nevermind can reframe sum of our most iconic tradtnl narrtives @haymarketbooks https://t.co/pVcN2ulWlY", "author_id": "807003567605227520", "author": {"description": "Actor and Activist, semi-professional disruptor, ice cream advocate and shameless teacup yorkie-lover", "profile_image_url": "https://pbs.twimg.com/profile_images/1383196364792680448/N8CdupEu_normal.jpg", "id": "807003567605227520", "name": "Amber Heard", "public_metrics": {"followers_count": 190338, "following_count": 220, "tweet_count": 1149, "listed_count": 567}, "username": "realamberheard", "created_at": "2016-12-08T23:26:58.000Z", "location": "Los Angeles, CA", "url": "https://t.co/Ze18Ek9SOI"}}, "author": {"description": "medical student", "profile_image_url": "https://pbs.twimg.com/profile_images/1460264624679440387/96MQiiu4_normal.jpg", "id": "1112756109981421568", "name": "Lumos", "public_metrics": {"followers_count": 1496, "following_count": 293, "tweet_count": 66919, "listed_count": 2}, "username": "96_lumos", "created_at": "2019-04-01T16:38:25.000Z", "location": "Switzerland ", "url": "https://t.co/zJ6he1uNoq"}}, {"public_metrics": {"retweet_count": 0, "reply_count": 0, "like_count": 0, "quote_count": 0}, "referenced_tweets": [{"type": "quoted", "id": "1125529410549903361"}], "id": "1125695979418787840", "source": "Twitter for Android", "lang": "pt", "entities": {"urls": [{"start": 31, "end": 54, "url": "https://t.co/ywyYpqJndX", "expanded_url": "https://twitter.com/realamberheard/status/1125529410549903361", "display_url": "twitter.com/realamberheard\u2026"}]}, "created_at": "2019-05-07T09:36:50.000Z", "text": "Amor da minha vida todinha \ud83e\udd27\u2764\ufe0f https://t.co/ywyYpqJndX", "author_id": "529629110", "quoted_tweet": {"public_metrics": {"retweet_count": 169, "reply_count": 81, "like_count": 2349, "quote_count": 16}, "id": "1125529410549903361", "source": "Twitter for iPhone", "lang": "en", "entities": {"hashtags": [{"start": 66, "end": 86, "tag": "CinderellaLiberator"}], "urls": [{"start": 255, "end": 278, "url": "https://t.co/pVcN2ulWlY", "expanded_url": "https://twitter.com/realamberheard/status/1125529410549903361/photo/1", "display_url": "pic.twitter.com/pVcN2ulWlY"}], "mentions": [{"start": 239, "end": 254, "username": "haymarketbooks", "id": "22846853"}]}, "created_at": "2019-05-06T22:34:57.000Z", "text": "The stories we tell matter, especially the ones we tell our youth #CinderellaLiberator is a stunning exmpl of how talking lizards,cakes, misguided stepsiss &amp; even a prince Nevermind can reframe sum of our most iconic tradtnl narrtives @haymarketbooks https://t.co/pVcN2ulWlY", "author_id": "807003567605227520", "author": {"description": "Actor and Activist, semi-professional disruptor, ice cream advocate and shameless teacup yorkie-lover", "profile_image_url": "https://pbs.twimg.com/profile_images/1383196364792680448/N8CdupEu_normal.jpg", "id": "807003567605227520", "name": "Amber Heard", "public_metrics": {"followers_count": 190338, "following_count": 220, "tweet_count": 1149, "listed_count": 567}, "username": "realamberheard", "created_at": "2016-12-08T23:26:58.000Z", "location": "Los Angeles, CA", "url": "https://t.co/Ze18Ek9SOI"}}, "author": {"description": "\u2605 twice weki meki animes e dc comics                    \u2022fan account \u2022", "profile_image_url": "https://pbs.twimg.com/profile_images/1506652523775549448/u8w5xlIk_normal.jpg", "id": "529629110", "name": "Jessy \u05d2'\u05e1\u05d9\u05e7\u05d4", "public_metrics": {"followers_count": 8121, "following_count": 7332, "tweet_count": 217823, "listed_count": 34}, "username": "tzuyupicky", "created_at": "2012-03-19T18:56:24.000Z", "location": "weki meki", "url": ""}}, {"public_metrics": {"retweet_count": 0, "reply_count": 0, "like_count": 0, "quote_count": 0}, "referenced_tweets": [{"type": "quoted", "id": "1125529410549903361"}], "id": "1125673497815130112", "source": "Twitter for Android", "lang": "es", "entities": {"urls": [{"start": 30, "end": 53, "url": "https://t.co/lYeCMjEX5I", "expanded_url": "https://twitter.com/realamberheard/status/1125529410549903361", "display_url": "twitter.com/realamberheard\u2026"}]}, "created_at": "2019-05-07T08:07:30.000Z", "text": "No puedo con tanta belleza \u2665\ufe0f https://t.co/lYeCMjEX5I", "author_id": "93408046", "quoted_tweet": {"public_metrics": {"retweet_count": 169, "reply_count": 81, "like_count": 2349, "quote_count": 16}, "id": "1125529410549903361", "source": "Twitter for iPhone", "lang": "en", "entities": {"hashtags": [{"start": 66, "end": 86, "tag": "CinderellaLiberator"}], "urls": [{"start": 255, "end": 278, "url": "https://t.co/pVcN2ulWlY", "expanded_url": "https://twitter.com/realamberheard/status/1125529410549903361/photo/1", "display_url": "pic.twitter.com/pVcN2ulWlY"}], "mentions": [{"start": 239, "end": 254, "username": "haymarketbooks", "id": "22846853"}]}, "created_at": "2019-05-06T22:34:57.000Z", "text": "The stories we tell matter, especially the ones we tell our youth #CinderellaLiberator is a stunning exmpl of how talking lizards,cakes, misguided stepsiss &amp; even a prince Nevermind can reframe sum of our most iconic tradtnl narrtives @haymarketbooks https://t.co/pVcN2ulWlY", "author_id": "807003567605227520", "author": {"description": "Actor and Activist, semi-professional disruptor, ice cream advocate and shameless teacup yorkie-lover", "profile_image_url": "https://pbs.twimg.com/profile_images/1383196364792680448/N8CdupEu_normal.jpg", "id": "807003567605227520", "name": "Amber Heard", "public_metrics": {"followers_count": 190338, "following_count": 220, "tweet_count": 1149, "listed_count": 567}, "username": "realamberheard", "created_at": "2016-12-08T23:26:58.000Z", "location": "Los Angeles, CA", "url": "https://t.co/Ze18Ek9SOI"}}, "author": {"description": "Entrenador Nacional de f\u00fatbol\u26bd GS t\u00e9cnico deportivo \ud83e\udd45 love rock \ud83d\udc68\u200d\ud83c\udfa4  bulldog \ud83d\udc36 family fan @Marvel  & @starwars \ud83e\udd13  Madridista de coraz\u00f3n \ud83d\udc97 \ud83c\uddea\ud83c\udde6\ud83c\uddfb\ud83c\uddea", "profile_image_url": "https://pbs.twimg.com/profile_images/1416161030930116609/v5J6dqFM_normal.jpg", "id": "93408046", "name": "V\u00edctor Guzm\u00e1n Moreno", "public_metrics": {"followers_count": 1551, "following_count": 3101, "tweet_count": 34501, "listed_count": 20}, "username": "namzugvic", "created_at": "2009-11-29T14:18:55.000Z", "location": "Saragossa, Spain", "url": "https://t.co/dtALrema14"}}, {"public_metrics": {"retweet_count": 0, "reply_count": 2, "like_count": 2, "quote_count": 0}, "referenced_tweets": [{"type": "quoted", "id": "1125529410549903361"}], "id": "1125619137009426432", "source": "Twitter for Android", "lang": "in", "entities": {"urls": [{"start": 19, "end": 42, "url": "https://t.co/D5LqO5Vq1v", "expanded_url": "https://twitter.com/realamberheard/status/1125529410549903361", "display_url": "twitter.com/realamberheard\u2026"}]}, "created_at": "2019-05-07T04:31:29.000Z", "text": "Aquaman papa nah ? https://t.co/D5LqO5Vq1v", "author_id": "3458543421", "quoted_tweet": {"public_metrics": {"retweet_count": 169, "reply_count": 81, "like_count": 2349, "quote_count": 16}, "id": "1125529410549903361", "source": "Twitter for iPhone", "lang": "en", "entities": {"hashtags": [{"start": 66, "end": 86, "tag": "CinderellaLiberator"}], "urls": [{"start": 255, "end": 278, "url": "https://t.co/pVcN2ulWlY", "expanded_url": "https://twitter.com/realamberheard/status/1125529410549903361/photo/1", "display_url": "pic.twitter.com/pVcN2ulWlY"}], "mentions": [{"start": 239, "end": 254, "username": "haymarketbooks", "id": "22846853"}]}, "created_at": "2019-05-06T22:34:57.000Z", "text": "The stories we tell matter, especially the ones we tell our youth #CinderellaLiberator is a stunning exmpl of how talking lizards,cakes, misguided stepsiss &amp; even a prince Nevermind can reframe sum of our most iconic tradtnl narrtives @haymarketbooks https://t.co/pVcN2ulWlY", "author_id": "807003567605227520", "author": {"description": "Actor and Activist, semi-professional disruptor, ice cream advocate and shameless teacup yorkie-lover", "profile_image_url": "https://pbs.twimg.com/profile_images/1383196364792680448/N8CdupEu_normal.jpg", "id": "807003567605227520", "name": "Amber Heard", "public_metrics": {"followers_count": 190338, "following_count": 220, "tweet_count": 1149, "listed_count": 567}, "username": "realamberheard", "created_at": "2016-12-08T23:26:58.000Z", "location": "Los Angeles, CA", "url": "https://t.co/Ze18Ek9SOI"}}, "author": {"description": "Prabhas || MS Dhoni || Sanju Samson || Cricket || Cinema || MCU ||", "profile_image_url": "https://pbs.twimg.com/profile_images/1501105716383256577/We0FEuXk_normal.jpg", "id": "3458543421", "name": "Nikhil", "public_metrics": {"followers_count": 4727, "following_count": 960, "tweet_count": 91992, "listed_count": 0}, "username": "Attitudist", "created_at": "2015-08-27T14:38:20.000Z", "location": "No Where", "url": ""}}, {"public_metrics": {"retweet_count": 0, "reply_count": 1, "like_count": 1, "quote_count": 0}, "referenced_tweets": [{"type": "quoted", "id": "1125529410549903361"}], "id": "1125610953658134528", "source": "Twitter for Android", "lang": "ta", "entities": {"urls": [{"start": 28, "end": 51, "url": "https://t.co/8ucCzHLBtU", "expanded_url": "https://twitter.com/realamberheard/status/1125529410549903361", "display_url": "twitter.com/realamberheard\u2026"}], "mentions": [{"start": 16, "end": 27, "username": "Parithiist", "id": "541390578"}]}, "created_at": "2019-05-07T03:58:58.000Z", "text": "\u0bae\u0bbe\u0bae\u0bcd\u0bb8\u0bcd  \u0b95\u0bb0\u0bc1\u0bb5\u0bbe\u0b9f\u0bc1\n@Parithiist https://t.co/8ucCzHLBtU", "author_id": "2919924145", "quoted_tweet": {"public_metrics": {"retweet_count": 169, "reply_count": 81, "like_count": 2349, "quote_count": 16}, "id": "1125529410549903361", "source": "Twitter for iPhone", "lang": "en", "entities": {"hashtags": [{"start": 66, "end": 86, "tag": "CinderellaLiberator"}], "urls": [{"start": 255, "end": 278, "url": "https://t.co/pVcN2ulWlY", "expanded_url": "https://twitter.com/realamberheard/status/1125529410549903361/photo/1", "display_url": "pic.twitter.com/pVcN2ulWlY"}], "mentions": [{"start": 239, "end": 254, "username": "haymarketbooks", "id": "22846853"}]}, "created_at": "2019-05-06T22:34:57.000Z", "text": "The stories we tell matter, especially the ones we tell our youth #CinderellaLiberator is a stunning exmpl of how talking lizards,cakes, misguided stepsiss &amp; even a prince Nevermind can reframe sum of our most iconic tradtnl narrtives @haymarketbooks https://t.co/pVcN2ulWlY", "author_id": "807003567605227520", "author": {"description": "Actor and Activist, semi-professional disruptor, ice cream advocate and shameless teacup yorkie-lover", "profile_image_url": "https://pbs.twimg.com/profile_images/1383196364792680448/N8CdupEu_normal.jpg", "id": "807003567605227520", "name": "Amber Heard", "public_metrics": {"followers_count": 190338, "following_count": 220, "tweet_count": 1149, "listed_count": 567}, "username": "realamberheard", "created_at": "2016-12-08T23:26:58.000Z", "location": "Los Angeles, CA", "url": "https://t.co/Ze18Ek9SOI"}}, "author": {"description": "\u0b89\u0ba9\u0bcd\u0ba9\u0bbe\u0bb2\u0bcd \u0b85\u0ba9\u0bcd\u0baa\u0bbe\u0b95 \u0b87\u0bb0\u0bc1\u0b95\u0bcd\u0b95\u0bae\u0bc1\u0b9f\u0bbf\u0baf\u0bb5\u0bbf\u0bb2\u0bcd\u0bb2\u0bc8\u0baf\u0bc6\u0ba9\u0bbf\u0bb2\u0bcd \u0b85\u0bae\u0bc8\u0ba4\u0bbf\u0baf\u0bbe\u0b95 \u0b87\u0bb0\u0bc1...!!", "profile_image_url": "https://pbs.twimg.com/profile_images/1279773014804975617/tBXJrJa6_normal.jpg", "id": "2919924145", "name": "\u0bae\u0bbe\u0ba4\u0b99\u0bcd\u0b95\u0ba9\u0bcd", "public_metrics": {"followers_count": 547, "following_count": 473, "tweet_count": 24010, "listed_count": 0}, "username": "eravanaa", "created_at": "2014-12-05T18:20:32.000Z", "url": ""}}, {"public_metrics": {"retweet_count": 0, "reply_count": 0, "like_count": 0, "quote_count": 0}, "referenced_tweets": [{"type": "quoted", "id": "1125529410549903361"}], "id": "1125556570773790720", "source": "Twitter Web Client", "lang": "en", "entities": {"urls": [{"start": 143, "end": 166, "url": "https://t.co/NLytE3xovw", "expanded_url": "https://twitter.com/realamberheard/status/1125529410549903361", "display_url": "twitter.com/realamberheard\u2026"}]}, "created_at": "2019-05-07T00:22:52.000Z", "text": "\"The stories we tell matter, especially the ones we tell our youth.\" Exactly, because those stories will have a significant influence on them! https://t.co/NLytE3xovw", "author_id": "3216078659", "quoted_tweet": {"public_metrics": {"retweet_count": 169, "reply_count": 81, "like_count": 2349, "quote_count": 16}, "id": "1125529410549903361", "source": "Twitter for iPhone", "lang": "en", "entities": {"hashtags": [{"start": 66, "end": 86, "tag": "CinderellaLiberator"}], "urls": [{"start": 255, "end": 278, "url": "https://t.co/pVcN2ulWlY", "expanded_url": "https://twitter.com/realamberheard/status/1125529410549903361/photo/1", "display_url": "pic.twitter.com/pVcN2ulWlY"}], "mentions": [{"start": 239, "end": 254, "username": "haymarketbooks", "id": "22846853"}]}, "created_at": "2019-05-06T22:34:57.000Z", "text": "The stories we tell matter, especially the ones we tell our youth #CinderellaLiberator is a stunning exmpl of how talking lizards,cakes, misguided stepsiss &amp; even a prince Nevermind can reframe sum of our most iconic tradtnl narrtives @haymarketbooks https://t.co/pVcN2ulWlY", "author_id": "807003567605227520", "author": {"description": "Actor and Activist, semi-professional disruptor, ice cream advocate and shameless teacup yorkie-lover", "profile_image_url": "https://pbs.twimg.com/profile_images/1383196364792680448/N8CdupEu_normal.jpg", "id": "807003567605227520", "name": "Amber Heard", "public_metrics": {"followers_count": 190338, "following_count": 220, "tweet_count": 1149, "listed_count": 567}, "username": "realamberheard", "created_at": "2016-12-08T23:26:58.000Z", "location": "Los Angeles, CA", "url": "https://t.co/Ze18Ek9SOI"}}, "author": {"description": "On the internet, you can be pretty much anything you want, it's just kinda weird that so many people choose to be idiots and assholes", "profile_image_url": "https://pbs.twimg.com/profile_images/1501219816522219520/SQVX3N2b_normal.jpg", "id": "3216078659", "name": "GGCIR8991", "public_metrics": {"followers_count": 1465, "following_count": 1323, "tweet_count": 163095, "listed_count": 17}, "username": "GGCIR8991", "created_at": "2015-04-28T07:17:35.000Z", "url": ""}}, {"public_metrics": {"retweet_count": 0, "reply_count": 0, "like_count": 0, "quote_count": 0}, "referenced_tweets": [{"type": "quoted", "id": "1125529410549903361"}], "id": "1125541678021009409", "source": "Twitter Web Client", "lang": "es", "entities": {"urls": [{"start": 19, "end": 42, "url": "https://t.co/rMnzGuYmt7", "expanded_url": "https://twitter.com/realamberheard/status/1125529410549903361", "display_url": "twitter.com/realamberheard\u2026"}]}, "created_at": "2019-05-06T23:23:42.000Z", "text": "QUE BELLA MI AMOR. https://t.co/rMnzGuYmt7", "author_id": "4725007099", "quoted_tweet": {"public_metrics": {"retweet_count": 169, "reply_count": 81, "like_count": 2349, "quote_count": 16}, "id": "1125529410549903361", "source": "Twitter for iPhone", "lang": "en", "entities": {"hashtags": [{"start": 66, "end": 86, "tag": "CinderellaLiberator"}], "urls": [{"start": 255, "end": 278, "url": "https://t.co/pVcN2ulWlY", "expanded_url": "https://twitter.com/realamberheard/status/1125529410549903361/photo/1", "display_url": "pic.twitter.com/pVcN2ulWlY"}], "mentions": [{"start": 239, "end": 254, "username": "haymarketbooks", "id": "22846853"}]}, "created_at": "2019-05-06T22:34:57.000Z", "text": "The stories we tell matter, especially the ones we tell our youth #CinderellaLiberator is a stunning exmpl of how talking lizards,cakes, misguided stepsiss &amp; even a prince Nevermind can reframe sum of our most iconic tradtnl narrtives @haymarketbooks https://t.co/pVcN2ulWlY", "author_id": "807003567605227520", "author": {"description": "Actor and Activist, semi-professional disruptor, ice cream advocate and shameless teacup yorkie-lover", "profile_image_url": "https://pbs.twimg.com/profile_images/1383196364792680448/N8CdupEu_normal.jpg", "id": "807003567605227520", "name": "Amber Heard", "public_metrics": {"followers_count": 190338, "following_count": 220, "tweet_count": 1149, "listed_count": 567}, "username": "realamberheard", "created_at": "2016-12-08T23:26:58.000Z", "location": "Los Angeles, CA", "url": "https://t.co/Ze18Ek9SOI"}}, "author": {"description": "", "profile_image_url": "https://abs.twimg.com/sticky/default_profile_images/default_profile_normal.png", "id": "4725007099", "name": "ALEX MARTZ", "public_metrics": {"followers_count": 10, "following_count": 18, "tweet_count": 1094, "listed_count": 0}, "username": "01bismark", "created_at": "2016-01-07T19:56:52.000Z", "url": ""}}, {"public_metrics": {"retweet_count": 0, "reply_count": 0, "like_count": 0, "quote_count": 0}, "referenced_tweets": [{"type": "quoted", "id": "1125529410549903361"}], "id": "1125532241927524353", "source": "Twitter Web Client", "lang": "es", "entities": {"urls": [{"start": 14, "end": 37, "url": "https://t.co/SW4248mwWu", "expanded_url": "https://twitter.com/realamberheard/status/1125529410549903361", "display_url": "twitter.com/realamberheard\u2026"}]}, "created_at": "2019-05-06T22:46:12.000Z", "text": "Mera ...!! \u2764\ufe0f https://t.co/SW4248mwWu", "author_id": "1069034514234646528", "quoted_tweet": {"public_metrics": {"retweet_count": 169, "reply_count": 81, "like_count": 2349, "quote_count": 16}, "id": "1125529410549903361", "source": "Twitter for iPhone", "lang": "en", "entities": {"hashtags": [{"start": 66, "end": 86, "tag": "CinderellaLiberator"}], "urls": [{"start": 255, "end": 278, "url": "https://t.co/pVcN2ulWlY", "expanded_url": "https://twitter.com/realamberheard/status/1125529410549903361/photo/1", "display_url": "pic.twitter.com/pVcN2ulWlY"}], "mentions": [{"start": 239, "end": 254, "username": "haymarketbooks", "id": "22846853"}]}, "created_at": "2019-05-06T22:34:57.000Z", "text": "The stories we tell matter, especially the ones we tell our youth #CinderellaLiberator is a stunning exmpl of how talking lizards,cakes, misguided stepsiss &amp; even a prince Nevermind can reframe sum of our most iconic tradtnl narrtives @haymarketbooks https://t.co/pVcN2ulWlY", "author_id": "807003567605227520", "author": {"description": "Actor and Activist, semi-professional disruptor, ice cream advocate and shameless teacup yorkie-lover", "profile_image_url": "https://pbs.twimg.com/profile_images/1383196364792680448/N8CdupEu_normal.jpg", "id": "807003567605227520", "name": "Amber Heard", "public_metrics": {"followers_count": 190338, "following_count": 220, "tweet_count": 1149, "listed_count": 567}, "username": "realamberheard", "created_at": "2016-12-08T23:26:58.000Z", "location": "Los Angeles, CA", "url": "https://t.co/Ze18Ek9SOI"}}, "author": {"description": "#Calisthenics #Iaido #Boxing\ud83e\udd4a\n#DogLover \u2764\ufe0f\ud83d\udc36 #Libertarian\n   \n#AlitaArmy \ud83c\udde6\ud83c\uddf9 \ud83d\udee1\ufe0f\u2694\ufe0f\ud83e\udd8b \n#RestoreTheSnyderVerse \nhttps://t.co/R6rrWtsIZx (currently inactive)", "profile_image_url": "https://pbs.twimg.com/profile_images/1069037527389081600/ugmvoGyc_normal.jpg", "id": "1069034514234646528", "name": "Kowalcik Karl (Charly)", "public_metrics": {"followers_count": 824, "following_count": 1486, "tweet_count": 20276, "listed_count": 3}, "username": "KowalcikK", "created_at": "2018-12-02T01:04:24.000Z", "location": "Vienna, Austria", "url": ""}}, {"public_metrics": {"retweet_count": 0, "reply_count": 0, "like_count": 0, "quote_count": 0}, "referenced_tweets": [{"type": "quoted", "id": "1125529410549903361"}], "id": "1125529610073124864", "source": "Twitter for Android", "lang": "pt", "entities": {"urls": [{"start": 51, "end": 74, "url": "https://t.co/IDpZS20YuI", "expanded_url": "https://twitter.com/realamberheard/status/1125529410549903361", "display_url": "twitter.com/realamberheard\u2026"}]}, "created_at": "2019-05-06T22:35:45.000Z", "text": "Queria voc\u00ea no MET,meu anjinho. Pq me tombaste???? https://t.co/IDpZS20YuI", "author_id": "260898190", "quoted_tweet": {"public_metrics": {"retweet_count": 169, "reply_count": 81, "like_count": 2349, "quote_count": 16}, "id": "1125529410549903361", "source": "Twitter for iPhone", "lang": "en", "entities": {"hashtags": [{"start": 66, "end": 86, "tag": "CinderellaLiberator"}], "urls": [{"start": 255, "end": 278, "url": "https://t.co/pVcN2ulWlY", "expanded_url": "https://twitter.com/realamberheard/status/1125529410549903361/photo/1", "display_url": "pic.twitter.com/pVcN2ulWlY"}], "mentions": [{"start": 239, "end": 254, "username": "haymarketbooks", "id": "22846853"}]}, "created_at": "2019-05-06T22:34:57.000Z", "text": "The stories we tell matter, especially the ones we tell our youth #CinderellaLiberator is a stunning exmpl of how talking lizards,cakes, misguided stepsiss &amp; even a prince Nevermind can reframe sum of our most iconic tradtnl narrtives @haymarketbooks https://t.co/pVcN2ulWlY", "author_id": "807003567605227520", "author": {"description": "Actor and Activist, semi-professional disruptor, ice cream advocate and shameless teacup yorkie-lover", "profile_image_url": "https://pbs.twimg.com/profile_images/1383196364792680448/N8CdupEu_normal.jpg", "id": "807003567605227520", "name": "Amber Heard", "public_metrics": {"followers_count": 190338, "following_count": 220, "tweet_count": 1149, "listed_count": 567}, "username": "realamberheard", "created_at": "2016-12-08T23:26:58.000Z", "location": "Los Angeles, CA", "url": "https://t.co/Ze18Ek9SOI"}}, "author": {"description": "De p\u00e9 diante do mundo. De joelhos diante de: S\u00edlvia/Le\u00f3n Navarro,Amber Heard,Bia Arantes,Katy Perry,Melanie Zanetti,Giulio Berruti,Selton M e Mariana Ximenes\u2764", "profile_image_url": "https://pbs.twimg.com/profile_images/1501533257594294277/y6BGxKOr_normal.jpg", "id": "260898190", "name": "Mah| on happy hour\ud83c\udf79", "public_metrics": {"followers_count": 1568, "following_count": 398, "tweet_count": 129532, "listed_count": 15}, "username": "MarleneB_", "created_at": "2011-03-04T20:57:45.000Z", "location": "Macap\u00e1, Brasil", "url": ""}}]