[{"created_at": "2020-05-01T10:20:38.000Z", "text": "pero maltratame todo lo q quieras dea https://t.co/Awj3dpJ7Pi", "source": "Twitter Web App", "public_metrics": {"retweet_count": 0, "reply_count": 0, "like_count": 1, "quote_count": 0}, "id": "1256166632432558084", "author_id": "3430455135", "lang": "es", "referenced_tweets": [{"type": "quoted", "id": "1125851561718996995"}], "entities": {"urls": [{"start": 38, "end": 61, "url": "https://t.co/Awj3dpJ7Pi", "expanded_url": "https://twitter.com/realamberheard/status/1125851561718996995", "display_url": "twitter.com/realamberheard\u2026"}]}, "quoted_tweet": {"entities": {"mentions": [{"start": 0, "end": 9, "username": "cmclymer", "id": "15907183"}], "urls": [{"start": 15, "end": 38, "url": "https://t.co/fHZuD77fu9", "expanded_url": "https://twitter.com/realamberheard/status/1125851561718996995/photo/1", "display_url": "pic.twitter.com/fHZuD77fu9"}]}, "in_reply_to_user_id": "15907183", "created_at": "2019-05-07T19:55:04.000Z", "text": "@cmclymer Cool https://t.co/fHZuD77fu9", "source": "Twitter for iPhone", "public_metrics": {"retweet_count": 35, "reply_count": 29, "like_count": 612, "quote_count": 10}, "id": "1125851561718996995", "author_id": "807003567605227520", "lang": "en", "referenced_tweets": [{"type": "replied_to", "id": "1125748019838836737"}], "author": {"username": "realamberheard", "id": "807003567605227520", "created_at": "2016-12-08T23:26:58.000Z", "public_metrics": {"followers_count": 190338, "following_count": 220, "tweet_count": 1149, "listed_count": 567}, "name": "Amber Heard", "url": "https://t.co/Ze18Ek9SOI", "location": "Los Angeles, CA", "description": "Actor and Activist, semi-professional disruptor, ice cream advocate and shameless teacup yorkie-lover", "profile_image_url": "https://pbs.twimg.com/profile_images/1383196364792680448/N8CdupEu_normal.jpg"}}, "author": {"username": "TwitchvTenma", "id": "3430455135", "created_at": "2015-08-18T19:54:21.000Z", "public_metrics": {"followers_count": 166, "following_count": 181, "tweet_count": 3341, "listed_count": 2}, "name": "Dylan \u201cTenma\u201d Scarsello", "url": "https://t.co/YyH6koCW5O", "location": "Pilar, Argentina", "description": "\u201cIf one day speed kills me, don\u2019t cry because I was smiling\u201d Business Inquiries: Dscarsello@gmail.com", "profile_image_url": "https://pbs.twimg.com/profile_images/1287524800047591424/8gAFczJl_normal.jpg"}}, {"created_at": "2020-04-22T15:34:29.000Z", "text": "\uc194\uc9c1\ud788 \uc5e0\ubc84\ud5c8\ub4dc \uc8e4\ub098 \uc774\uc058\ub2e4. \uc9c0\uae08\uc740 \ucacc \ub299\uc73c\uc168\ub098. \uc774\uc2ed\ub300\ub54c\uc758 \uadf8\ub140\ub97c \ucca8\ubd24\uc744\ub54c \uc78a\uc744\uc218\uc5c6\ub2e4. \uadf8\ub0e5 \uc778\ud615. \uac8c\ub2e4\uac00 \ubab8\ub9e4\ub3c4 \ub3d9\uc591\uc778\ub4e4\uc774\uc88b\uc544\ud560 \uac00\ub0d8\ud508\uace8\uc120. \ucc29\ub2ec\ub77c\ubd99\uc740 \uac74\uc131\ud53c\ubd80. \ub808\uc774\uccbc\ub9e5\uc544\ub2f4\uc2a4 \ub2f4\uc73c\ub85c \uc774\ubed0\uc11c \ubd80\uc778\ubabb\ud560 \uc5ec\uc778. \uc131\uaca9\uc740 \uc5b4\uca0c\ub4e0 \uc5bc\uad74\ub9cc\ud07c\uc740 \uc5ed\uc2dc\ucd5c\uace0 https://t.co/nlD8N5oKSx", "source": "Twitter for Android", "public_metrics": {"retweet_count": 0, "reply_count": 1, "like_count": 0, "quote_count": 0}, "id": "1252984127587938306", "author_id": "1080036240", "lang": "ko", "referenced_tweets": [{"type": "quoted", "id": "1125851561718996995"}], "entities": {"urls": [{"start": 138, "end": 161, "url": "https://t.co/nlD8N5oKSx", "expanded_url": "https://twitter.com/realamberheard/status/1125851561718996995", "display_url": "twitter.com/realamberheard\u2026"}]}, "quoted_tweet": {"entities": {"mentions": [{"start": 0, "end": 9, "username": "cmclymer", "id": "15907183"}], "urls": [{"start": 15, "end": 38, "url": "https://t.co/fHZuD77fu9", "expanded_url": "https://twitter.com/realamberheard/status/1125851561718996995/photo/1", "display_url": "pic.twitter.com/fHZuD77fu9"}]}, "in_reply_to_user_id": "15907183", "created_at": "2019-05-07T19:55:04.000Z", "text": "@cmclymer Cool https://t.co/fHZuD77fu9", "source": "Twitter for iPhone", "public_metrics": {"retweet_count": 35, "reply_count": 29, "like_count": 612, "quote_count": 10}, "id": "1125851561718996995", "author_id": "807003567605227520", "lang": "en", "referenced_tweets": [{"type": "replied_to", "id": "1125748019838836737"}], "author": {"username": "realamberheard", "id": "807003567605227520", "created_at": "2016-12-08T23:26:58.000Z", "public_metrics": {"followers_count": 190338, "following_count": 220, "tweet_count": 1149, "listed_count": 567}, "name": "Amber Heard", "url": "https://t.co/Ze18Ek9SOI", "location": "Los Angeles, CA", "description": "Actor and Activist, semi-professional disruptor, ice cream advocate and shameless teacup yorkie-lover", "profile_image_url": "https://pbs.twimg.com/profile_images/1383196364792680448/N8CdupEu_normal.jpg"}}, "author": {"username": "youn201212", "id": "1080036240", "created_at": "2013-01-11T15:33:35.000Z", "public_metrics": {"followers_count": 21, "following_count": 24, "tweet_count": 9911, "listed_count": 2}, "name": "\ud478\ub978 \uc232 \ubd84\ud64d \ubc14\ub2e4", "url": "", "description": "", "profile_image_url": "https://pbs.twimg.com/profile_images/1312059676012408832/OWj4zvRT_normal.jpg"}}, {"created_at": "2019-06-13T05:19:45.000Z", "text": "\u2764 https://t.co/D9t00B4Nbu", "source": "Twitter for Android", "public_metrics": {"retweet_count": 0, "reply_count": 0, "like_count": 0, "quote_count": 0}, "id": "1139039632572727298", "author_id": "4861372408", "lang": "und", "referenced_tweets": [{"type": "quoted", "id": "1125851561718996995"}], "entities": {"urls": [{"start": 2, "end": 25, "url": "https://t.co/D9t00B4Nbu", "expanded_url": "https://twitter.com/realamberheard/status/1125851561718996995", "display_url": "twitter.com/realamberheard\u2026"}]}, "quoted_tweet": {"entities": {"mentions": [{"start": 0, "end": 9, "username": "cmclymer", "id": "15907183"}], "urls": [{"start": 15, "end": 38, "url": "https://t.co/fHZuD77fu9", "expanded_url": "https://twitter.com/realamberheard/status/1125851561718996995/photo/1", "display_url": "pic.twitter.com/fHZuD77fu9"}]}, "in_reply_to_user_id": "15907183", "created_at": "2019-05-07T19:55:04.000Z", "text": "@cmclymer Cool https://t.co/fHZuD77fu9", "source": "Twitter for iPhone", "public_metrics": {"retweet_count": 35, "reply_count": 29, "like_count": 612, "quote_count": 10}, "id": "1125851561718996995", "author_id": "807003567605227520", "lang": "en", "referenced_tweets": [{"type": "replied_to", "id": "1125748019838836737"}], "author": {"username": "realamberheard", "id": "807003567605227520", "created_at": "2016-12-08T23:26:58.000Z", "public_metrics": {"followers_count": 190338, "following_count": 220, "tweet_count": 1149, "listed_count": 567}, "name": "Amber Heard", "url": "https://t.co/Ze18Ek9SOI", "location": "Los Angeles, CA", "description": "Actor and Activist, semi-professional disruptor, ice cream advocate and shameless teacup yorkie-lover", "profile_image_url": "https://pbs.twimg.com/profile_images/1383196364792680448/N8CdupEu_normal.jpg"}}, "author": {"username": "A7md_elmorshidy", "id": "4861372408", "created_at": "2016-01-29T19:40:26.000Z", "public_metrics": {"followers_count": 1283, "following_count": 1035, "tweet_count": 13177, "listed_count": 0}, "name": "\u0627\u0644\u0645\u0631\u0634\u062f\u064a \ud83c\uddf5\ud83c\uddf8", "url": "https://t.co/cTzr8m6fkB", "location": "Egypt", "description": "FCIS MU || LVL 2\ud83d\udcbb", "profile_image_url": "https://pbs.twimg.com/profile_images/1505702845902905354/Kr8yWzvf_normal.jpg"}}, {"created_at": "2019-05-08T08:42:15.000Z", "text": "Nalla iruku https://t.co/sngsvCoeBb", "source": "Twitter Web App", "public_metrics": {"retweet_count": 0, "reply_count": 0, "like_count": 0, "quote_count": 0}, "id": "1126044628782682112", "author_id": "3760123872", "lang": "und", "referenced_tweets": [{"type": "quoted", "id": "1125851561718996995"}], "entities": {"urls": [{"start": 12, "end": 35, "url": "https://t.co/sngsvCoeBb", "expanded_url": "https://twitter.com/realamberheard/status/1125851561718996995", "display_url": "twitter.com/realamberheard\u2026"}]}, "quoted_tweet": {"entities": {"mentions": [{"start": 0, "end": 9, "username": "cmclymer", "id": "15907183"}], "urls": [{"start": 15, "end": 38, "url": "https://t.co/fHZuD77fu9", "expanded_url": "https://twitter.com/realamberheard/status/1125851561718996995/photo/1", "display_url": "pic.twitter.com/fHZuD77fu9"}]}, "in_reply_to_user_id": "15907183", "created_at": "2019-05-07T19:55:04.000Z", "text": "@cmclymer Cool https://t.co/fHZuD77fu9", "source": "Twitter for iPhone", "public_metrics": {"retweet_count": 35, "reply_count": 29, "like_count": 612, "quote_count": 10}, "id": "1125851561718996995", "author_id": "807003567605227520", "lang": "en", "referenced_tweets": [{"type": "replied_to", "id": "1125748019838836737"}], "author": {"username": "realamberheard", "id": "807003567605227520", "created_at": "2016-12-08T23:26:58.000Z", "public_metrics": {"followers_count": 190338, "following_count": 220, "tweet_count": 1149, "listed_count": 567}, "name": "Amber Heard", "url": "https://t.co/Ze18Ek9SOI", "location": "Los Angeles, CA", "description": "Actor and Activist, semi-professional disruptor, ice cream advocate and shameless teacup yorkie-lover", "profile_image_url": "https://pbs.twimg.com/profile_images/1383196364792680448/N8CdupEu_normal.jpg"}}, "author": {"username": "D077K", "id": "3760123872", "created_at": "2015-10-02T15:18:57.000Z", "public_metrics": {"followers_count": 10, "following_count": 75, "tweet_count": 20, "listed_count": 0}, "name": "DK", "url": "", "location": "Chennai", "description": "\ud83d\ude04\ud83d\ude03", "profile_image_url": "https://pbs.twimg.com/profile_images/1058594122410442752/k6r_Mf2h_normal.jpg"}}, {"created_at": "2019-05-07T23:16:40.000Z", "text": "Ela usando seu GIF,awwwwn meu anjinho https://t.co/fIRBs0lUuk", "source": "Twitter for Android", "public_metrics": {"retweet_count": 0, "reply_count": 0, "like_count": 0, "quote_count": 0}, "id": "1125902296133591040", "author_id": "260898190", "lang": "pt", "referenced_tweets": [{"type": "quoted", "id": "1125851561718996995"}], "entities": {"urls": [{"start": 38, "end": 61, "url": "https://t.co/fIRBs0lUuk", "expanded_url": "https://twitter.com/realamberheard/status/1125851561718996995", "display_url": "twitter.com/realamberheard\u2026"}]}, "quoted_tweet": {"entities": {"mentions": [{"start": 0, "end": 9, "username": "cmclymer", "id": "15907183"}], "urls": [{"start": 15, "end": 38, "url": "https://t.co/fHZuD77fu9", "expanded_url": "https://twitter.com/realamberheard/status/1125851561718996995/photo/1", "display_url": "pic.twitter.com/fHZuD77fu9"}]}, "in_reply_to_user_id": "15907183", "created_at": "2019-05-07T19:55:04.000Z", "text": "@cmclymer Cool https://t.co/fHZuD77fu9", "source": "Twitter for iPhone", "public_metrics": {"retweet_count": 35, "reply_count": 29, "like_count": 612, "quote_count": 10}, "id": "1125851561718996995", "author_id": "807003567605227520", "lang": "en", "referenced_tweets": [{"type": "replied_to", "id": "1125748019838836737"}], "author": {"username": "realamberheard", "id": "807003567605227520", "created_at": "2016-12-08T23:26:58.000Z", "public_metrics": {"followers_count": 190338, "following_count": 220, "tweet_count": 1149, "listed_count": 567}, "name": "Amber Heard", "url": "https://t.co/Ze18Ek9SOI", "location": "Los Angeles, CA", "description": "Actor and Activist, semi-professional disruptor, ice cream advocate and shameless teacup yorkie-lover", "profile_image_url": "https://pbs.twimg.com/profile_images/1383196364792680448/N8CdupEu_normal.jpg"}}, "author": {"username": "MarleneB_", "id": "260898190", "created_at": "2011-03-04T20:57:45.000Z", "public_metrics": {"followers_count": 1568, "following_count": 398, "tweet_count": 129532, "listed_count": 15}, "name": "Mah| on happy hour\ud83c\udf79", "url": "", "location": "Macap\u00e1, Brasil", "description": "De p\u00e9 diante do mundo. De joelhos diante de: S\u00edlvia/Le\u00f3n Navarro,Amber Heard,Bia Arantes,Katy Perry,Melanie Zanetti,Giulio Berruti,Selton M e Mariana Ximenes\u2764", "profile_image_url": "https://pbs.twimg.com/profile_images/1501533257594294277/y6BGxKOr_normal.jpg"}}, {"created_at": "2019-05-07T22:16:02.000Z", "text": "Usando gif dela mesma #amorproprio https://t.co/kBGkEIOcOG", "source": "Twitter for Android", "public_metrics": {"retweet_count": 0, "reply_count": 0, "like_count": 0, "quote_count": 0}, "id": "1125887036303474689", "author_id": "73542889", "lang": "pt", "entities": {"hashtags": [{"start": 22, "end": 34, "tag": "amorproprio"}], "urls": [{"start": 35, "end": 58, "url": "https://t.co/kBGkEIOcOG", "expanded_url": "https://twitter.com/realamberheard/status/1125851561718996995", "display_url": "twitter.com/realamberheard\u2026"}]}, "referenced_tweets": [{"type": "quoted", "id": "1125851561718996995"}], "quoted_tweet": {"entities": {"mentions": [{"start": 0, "end": 9, "username": "cmclymer", "id": "15907183"}], "urls": [{"start": 15, "end": 38, "url": "https://t.co/fHZuD77fu9", "expanded_url": "https://twitter.com/realamberheard/status/1125851561718996995/photo/1", "display_url": "pic.twitter.com/fHZuD77fu9"}]}, "in_reply_to_user_id": "15907183", "created_at": "2019-05-07T19:55:04.000Z", "text": "@cmclymer Cool https://t.co/fHZuD77fu9", "source": "Twitter for iPhone", "public_metrics": {"retweet_count": 35, "reply_count": 29, "like_count": 612, "quote_count": 10}, "id": "1125851561718996995", "author_id": "807003567605227520", "lang": "en", "referenced_tweets": [{"type": "replied_to", "id": "1125748019838836737"}], "author": {"username": "realamberheard", "id": "807003567605227520", "created_at": "2016-12-08T23:26:58.000Z", "public_metrics": {"followers_count": 190338, "following_count": 220, "tweet_count": 1149, "listed_count": 567}, "name": "Amber Heard", "url": "https://t.co/Ze18Ek9SOI", "location": "Los Angeles, CA", "description": "Actor and Activist, semi-professional disruptor, ice cream advocate and shameless teacup yorkie-lover", "profile_image_url": "https://pbs.twimg.com/profile_images/1383196364792680448/N8CdupEu_normal.jpg"}}, "author": {"username": "pedritaemo", "id": "73542889", "created_at": "2009-09-12T01:55:31.000Z", "public_metrics": {"followers_count": 414, "following_count": 362, "tweet_count": 95407, "listed_count": 28}, "name": "pedrita", "url": "", "location": "Fortaleza, Brasil", "description": "", "profile_image_url": "https://pbs.twimg.com/profile_images/1499204363272830977/QZJiukoU_normal.jpg"}}, {"entities": {"mentions": [{"start": 54, "end": 69, "username": "realamberheard", "id": "807003567605227520"}], "annotations": [{"start": 80, "end": 84, "probability": 0.967, "type": "Person", "normalized_text": "Piper"}], "urls": [{"start": 89, "end": 112, "url": "https://t.co/da72SJXU2T", "expanded_url": "https://twitter.com/realamberheard/status/1125851561718996995", "display_url": "twitter.com/realamberheard\u2026"}]}, "created_at": "2019-05-07T21:55:13.000Z", "text": "Strong, feisty, smart, pretty, and hot, just like you @realamberheard!\u2764\ufe0f I love Piper!\u2764\ufe0f https://t.co/da72SJXU2T", "source": "Twitter Web App", "public_metrics": {"retweet_count": 0, "reply_count": 0, "like_count": 1, "quote_count": 0}, "id": "1125881800541106176", "author_id": "3216078659", "lang": "en", "referenced_tweets": [{"type": "quoted", "id": "1125851561718996995"}], "quoted_tweet": {"entities": {"mentions": [{"start": 0, "end": 9, "username": "cmclymer", "id": "15907183"}], "urls": [{"start": 15, "end": 38, "url": "https://t.co/fHZuD77fu9", "expanded_url": "https://twitter.com/realamberheard/status/1125851561718996995/photo/1", "display_url": "pic.twitter.com/fHZuD77fu9"}]}, "in_reply_to_user_id": "15907183", "created_at": "2019-05-07T19:55:04.000Z", "text": "@cmclymer Cool https://t.co/fHZuD77fu9", "source": "Twitter for iPhone", "public_metrics": {"retweet_count": 35, "reply_count": 29, "like_count": 612, "quote_count": 10}, "id": "1125851561718996995", "author_id": "807003567605227520", "lang": "en", "referenced_tweets": [{"type": "replied_to", "id": "1125748019838836737"}], "author": {"username": "realamberheard", "id": "807003567605227520", "created_at": "2016-12-08T23:26:58.000Z", "public_metrics": {"followers_count": 190338, "following_count": 220, "tweet_count": 1149, "listed_count": 567}, "name": "Amber Heard", "url": "https://t.co/Ze18Ek9SOI", "location": "Los Angeles, CA", "description": "Actor and Activist, semi-professional disruptor, ice cream advocate and shameless teacup yorkie-lover", "profile_image_url": "https://pbs.twimg.com/profile_images/1383196364792680448/N8CdupEu_normal.jpg"}}, "author": {"username": "GGCIR8991", "id": "3216078659", "created_at": "2015-04-28T07:17:35.000Z", "public_metrics": {"followers_count": 1465, "following_count": 1323, "tweet_count": 163095, "listed_count": 17}, "name": "GGCIR8991", "url": "", "description": "On the internet, you can be pretty much anything you want, it's just kinda weird that so many people choose to be idiots and assholes", "profile_image_url": "https://pbs.twimg.com/profile_images/1501219816522219520/SQVX3N2b_normal.jpg"}}, {"created_at": "2019-05-07T21:01:24.000Z", "text": "Amber fazendo ela de meme, amo https://t.co/o58wLloVS0", "entities": {"annotations": [{"start": 0, "end": 4, "probability": 0.9434, "type": "Person", "normalized_text": "Amber"}], "urls": [{"start": 31, "end": 54, "url": "https://t.co/o58wLloVS0", "expanded_url": "https://twitter.com/realamberheard/status/1125851561718996995", "display_url": "twitter.com/realamberheard\u2026"}]}, "source": "Twitter for Android", "public_metrics": {"retweet_count": 0, "reply_count": 0, "like_count": 1, "quote_count": 0}, "id": "1125868256055701509", "author_id": "2320419621", "lang": "pt", "referenced_tweets": [{"type": "quoted", "id": "1125851561718996995"}], "quoted_tweet": {"entities": {"mentions": [{"start": 0, "end": 9, "username": "cmclymer", "id": "15907183"}], "urls": [{"start": 15, "end": 38, "url": "https://t.co/fHZuD77fu9", "expanded_url": "https://twitter.com/realamberheard/status/1125851561718996995/photo/1", "display_url": "pic.twitter.com/fHZuD77fu9"}]}, "in_reply_to_user_id": "15907183", "created_at": "2019-05-07T19:55:04.000Z", "text": "@cmclymer Cool https://t.co/fHZuD77fu9", "source": "Twitter for iPhone", "public_metrics": {"retweet_count": 35, "reply_count": 29, "like_count": 612, "quote_count": 10}, "id": "1125851561718996995", "author_id": "807003567605227520", "lang": "en", "referenced_tweets": [{"type": "replied_to", "id": "1125748019838836737"}], "author": {"username": "realamberheard", "id": "807003567605227520", "created_at": "2016-12-08T23:26:58.000Z", "public_metrics": {"followers_count": 190338, "following_count": 220, "tweet_count": 1149, "listed_count": 567}, "name": "Amber Heard", "url": "https://t.co/Ze18Ek9SOI", "location": "Los Angeles, CA", "description": "Actor and Activist, semi-professional disruptor, ice cream advocate and shameless teacup yorkie-lover", "profile_image_url": "https://pbs.twimg.com/profile_images/1383196364792680448/N8CdupEu_normal.jpg"}}, "author": {"username": "BertinelliHel", "id": "2320419621", "created_at": "2014-02-02T18:04:17.000Z", "public_metrics": {"followers_count": 2536, "following_count": 774, "tweet_count": 114487, "listed_count": 4}, "name": "Faora", "url": "", "location": "Themyscira", "description": "quando eu tenho que acabar com eles, eu acabo\u200b com eles - WW\n\n\n\nshe/her", "profile_image_url": "https://pbs.twimg.com/profile_images/1463893192110129173/bCtQ2kRR_normal.jpg"}}]