[{"created_at": "2019-05-17T07:52:02.000Z", "source": "Twitter Web App", "referenced_tweets": [{"type": "quoted", "id": "1129288370373451776"}], "entities": {"urls": [{"start": 129, "end": 152, "url": "https://t.co/KhVfFD4RLA", "expanded_url": "https://twitter.com/realamberheard/status/1129288370373451776", "display_url": "twitter.com/realamberheard\u2026"}], "annotations": [{"start": 60, "end": 65, "probability": 0.6757, "type": "Place", "normalized_text": "Cannes"}]}, "lang": "en", "id": "1129293482646859777", "text": "You look absolutely gorgeous/stunning all the time there at Cannes. I'm so happy for you that you're having a great time there!\ud83d\udc96 https://t.co/KhVfFD4RLA", "author_id": "3216078659", "public_metrics": {"retweet_count": 0, "reply_count": 0, "like_count": 0, "quote_count": 0}, "quoted_tweet": {"created_at": "2019-05-17T07:31:43.000Z", "source": "Twitter for iPad", "referenced_tweets": [{"type": "quoted", "id": "1128993292748840960"}], "entities": {"urls": [{"start": 12, "end": 35, "url": "https://t.co/48oQ96xGJF", "expanded_url": "https://twitter.com/AP_Fashion/status/1128993292748840960", "display_url": "twitter.com/AP_Fashion/sta\u2026"}]}, "lang": "en", "id": "1129288370373451776", "text": "Canning it! https://t.co/48oQ96xGJF", "author_id": "807003567605227520", "public_metrics": {"retweet_count": 35, "reply_count": 14, "like_count": 361, "quote_count": 3}, "author": {"url": "https://t.co/Ze18Ek9SOI", "username": "realamberheard", "description": "Actor and Activist, semi-professional disruptor, ice cream advocate and shameless teacup yorkie-lover", "id": "807003567605227520", "location": "Los Angeles, CA", "profile_image_url": "https://pbs.twimg.com/profile_images/1383196364792680448/N8CdupEu_normal.jpg", "created_at": "2016-12-08T23:26:58.000Z", "public_metrics": {"followers_count": 190338, "following_count": 220, "tweet_count": 1149, "listed_count": 567}, "name": "Amber Heard"}}, "author": {"url": "", "username": "GGCIR8991", "description": "On the internet, you can be pretty much anything you want, it's just kinda weird that so many people choose to be idiots and assholes", "id": "3216078659", "profile_image_url": "https://pbs.twimg.com/profile_images/1501219816522219520/SQVX3N2b_normal.jpg", "created_at": "2015-04-28T07:17:35.000Z", "public_metrics": {"followers_count": 1465, "following_count": 1323, "tweet_count": 163095, "listed_count": 17}, "name": "GGCIR8991"}}]