[{"text": "RT @daniellecitron: I\u2019m with Amber Heard\u2014@ma_franks\u2019s The Cult of the Constitution is a must read and order. Bracing, brilliant, and more i\u2026", "lang": "en", "public_metrics": {"retweet_count": 1, "reply_count": 0, "like_count": 0, "quote_count": 0}, "author_id": "1011892601941872641", "created_at": "2019-09-24T10:18:12.000Z", "referenced_tweets": [{"type": "retweeted", "id": "1129388249426874370"}], "id": "1176440688516505604", "source": "Twitter for iPhone", "entities": {"annotations": [{"start": 29, "end": 39, "probability": 0.5014, "type": "Person", "normalized_text": "Amber Heard"}, {"start": 54, "end": 81, "probability": 0.7844, "type": "Other", "normalized_text": "The Cult of the Constitution"}], "mentions": [{"start": 3, "end": 18, "username": "daniellecitron", "id": "80944765"}, {"start": 41, "end": 51, "username": "ma_franks", "id": "1930971006"}]}, "quoted_tweet": {"text": "Ordered my copy of @ma_franks The Cult of the Constitution ! Can\u2019t wait to get it! https://t.co/SuYMh1vtXD", "lang": "en", "public_metrics": {"retweet_count": 19, "reply_count": 18, "like_count": 182, "quote_count": 3}, "author_id": "807003567605227520", "created_at": "2019-05-17T09:04:40.000Z", "entities": {"urls": [{"start": 83, "end": 106, "url": "https://t.co/SuYMh1vtXD", "expanded_url": "https://twitter.com/ma_franks/status/1128318676040593411", "display_url": "twitter.com/ma_franks/stat\u2026"}], "mentions": [{"start": 19, "end": 29, "username": "ma_franks", "id": "1930971006"}]}, "referenced_tweets": [{"type": "quoted", "id": "1128318676040593411"}], "id": "1129311762627661824", "source": "Twitter for iPad", "author": {"url": "https://t.co/Ze18Ek9SOI", "id": "807003567605227520", "public_metrics": {"followers_count": 190338, "following_count": 220, "tweet_count": 1149, "listed_count": 567}, "created_at": "2016-12-08T23:26:58.000Z", "username": "realamberheard", "description": "Actor and Activist, semi-professional disruptor, ice cream advocate and shameless teacup yorkie-lover", "profile_image_url": "https://pbs.twimg.com/profile_images/1383196364792680448/N8CdupEu_normal.jpg", "name": "Amber Heard", "location": "Los Angeles, CA"}}, "author": {"url": "", "id": "1011892601941872641", "public_metrics": {"followers_count": 314, "following_count": 124, "tweet_count": 6800, "listed_count": 2}, "created_at": "2018-06-27T08:42:51.000Z", "username": "AmberHeard_best", "description": "We Are With You \u2764\ufe0f @realAmberHeard \u2764\ufe0f", "profile_image_url": "https://pbs.twimg.com/profile_images/1506417096426729472/WObRpxEy_normal.jpg", "name": "Amber Heard"}}, {"text": "I\u2019m with Amber Heard\u2014@ma_franks\u2019s The Cult of the Constitution is a must read and order. Bracing, brilliant, and more important than ever. Now available on Amazon. https://t.co/Dbb7b3wRAh https://t.co/FUTvg6aklK", "lang": "en", "public_metrics": {"retweet_count": 1, "reply_count": 1, "like_count": 13, "quote_count": 0}, "author_id": "80944765", "created_at": "2019-05-17T14:08:36.000Z", "entities": {"urls": [{"start": 164, "end": 187, "url": "https://t.co/Dbb7b3wRAh", "expanded_url": "https://twitter.com/daniellecitron/status/1129388249426874370/photo/1", "display_url": "pic.twitter.com/Dbb7b3wRAh"}, {"start": 188, "end": 211, "url": "https://t.co/FUTvg6aklK", "expanded_url": "https://twitter.com/realamberheard/status/1129311762627661824", "display_url": "twitter.com/realamberheard\u2026"}], "annotations": [{"start": 9, "end": 19, "probability": 0.5289, "type": "Person", "normalized_text": "Amber Heard"}, {"start": 34, "end": 61, "probability": 0.883, "type": "Other", "normalized_text": "The Cult of the Constitution"}, {"start": 156, "end": 161, "probability": 0.5818, "type": "Product", "normalized_text": "Amazon"}], "mentions": [{"start": 21, "end": 31, "username": "ma_franks", "id": "1930971006"}]}, "referenced_tweets": [{"type": "quoted", "id": "1129311762627661824"}], "id": "1129388249426874370", "source": "Twitter for iPhone", "quoted_tweet": {"text": "Ordered my copy of @ma_franks The Cult of the Constitution ! Can\u2019t wait to get it! https://t.co/SuYMh1vtXD", "lang": "en", "public_metrics": {"retweet_count": 19, "reply_count": 18, "like_count": 182, "quote_count": 3}, "author_id": "807003567605227520", "created_at": "2019-05-17T09:04:40.000Z", "entities": {"urls": [{"start": 83, "end": 106, "url": "https://t.co/SuYMh1vtXD", "expanded_url": "https://twitter.com/ma_franks/status/1128318676040593411", "display_url": "twitter.com/ma_franks/stat\u2026"}], "mentions": [{"start": 19, "end": 29, "username": "ma_franks", "id": "1930971006"}]}, "referenced_tweets": [{"type": "quoted", "id": "1128318676040593411"}], "id": "1129311762627661824", "source": "Twitter for iPad", "author": {"url": "https://t.co/Ze18Ek9SOI", "id": "807003567605227520", "public_metrics": {"followers_count": 190338, "following_count": 220, "tweet_count": 1149, "listed_count": 567}, "created_at": "2016-12-08T23:26:58.000Z", "username": "realamberheard", "description": "Actor and Activist, semi-professional disruptor, ice cream advocate and shameless teacup yorkie-lover", "profile_image_url": "https://pbs.twimg.com/profile_images/1383196364792680448/N8CdupEu_normal.jpg", "name": "Amber Heard", "location": "Los Angeles, CA"}}, "author": {"url": "https://t.co/FAabgkfYf7", "id": "80944765", "public_metrics": {"followers_count": 25360, "following_count": 5910, "tweet_count": 22482, "listed_count": 668}, "created_at": "2009-10-08T21:12:01.000Z", "username": "daniellecitron", "description": "@UVALaw Prof, @UVALawTech Dir. | VP, @CCRInitiative | #MacFellow | Hate Crimes in Cyberspace \u201814 | The Fight for Privacy @WWNorton @PenguinUK \u201822 | \ud83c\udf4b \ud83d\udc31", "profile_image_url": "https://pbs.twimg.com/profile_images/1423044646415085571/laaEyqCo_normal.jpg", "name": "Danielle Citron", "location": "Charlottesville, VA"}}, {"text": "Thank you for ordering it, and I can't wait to hear your thoughts! @CCRInitiative https://t.co/jVUNzSIgeN", "lang": "en", "public_metrics": {"retweet_count": 0, "reply_count": 0, "like_count": 10, "quote_count": 0}, "author_id": "1930971006", "created_at": "2019-05-17T09:25:27.000Z", "entities": {"urls": [{"start": 82, "end": 105, "url": "https://t.co/jVUNzSIgeN", "expanded_url": "https://twitter.com/realamberheard/status/1129311762627661824", "display_url": "twitter.com/realamberheard\u2026"}], "mentions": [{"start": 67, "end": 81, "username": "CCRInitiative", "id": "1675936765"}]}, "referenced_tweets": [{"type": "quoted", "id": "1129311762627661824"}], "id": "1129316994690498560", "source": "Twitter Web Client", "quoted_tweet": {"text": "Ordered my copy of @ma_franks The Cult of the Constitution ! Can\u2019t wait to get it! https://t.co/SuYMh1vtXD", "lang": "en", "public_metrics": {"retweet_count": 19, "reply_count": 18, "like_count": 182, "quote_count": 3}, "author_id": "807003567605227520", "created_at": "2019-05-17T09:04:40.000Z", "entities": {"urls": [{"start": 83, "end": 106, "url": "https://t.co/SuYMh1vtXD", "expanded_url": "https://twitter.com/ma_franks/status/1128318676040593411", "display_url": "twitter.com/ma_franks/stat\u2026"}], "mentions": [{"start": 19, "end": 29, "username": "ma_franks", "id": "1930971006"}]}, "referenced_tweets": [{"type": "quoted", "id": "1128318676040593411"}], "id": "1129311762627661824", "source": "Twitter for iPad", "author": {"url": "https://t.co/Ze18Ek9SOI", "id": "807003567605227520", "public_metrics": {"followers_count": 190338, "following_count": 220, "tweet_count": 1149, "listed_count": 567}, "created_at": "2016-12-08T23:26:58.000Z", "username": "realamberheard", "description": "Actor and Activist, semi-professional disruptor, ice cream advocate and shameless teacup yorkie-lover", "profile_image_url": "https://pbs.twimg.com/profile_images/1383196364792680448/N8CdupEu_normal.jpg", "name": "Amber Heard", "location": "Los Angeles, CA"}}, "author": {"url": "", "id": "1930971006", "public_metrics": {"followers_count": 17717, "following_count": 2633, "tweet_count": 9079, "listed_count": 336}, "created_at": "2013-10-03T14:54:14.000Z", "username": "ma_franks", "description": "Author, The Cult of the Constitution @stanfordpress (2020 IPPY Gold Medal and AAP PROSE Award Winner). Law Professor @MiamiLawSchool. President @CCRInitiative.", "profile_image_url": "https://pbs.twimg.com/profile_images/598681192364277761/Ek3fjR3b_normal.jpg", "name": "Dr. Mary Anne Franks"}}]