[{"public_metrics": {"retweet_count": 0, "reply_count": 0, "like_count": 0, "quote_count": 0}, "author_id": "343031571", "lang": "en", "source": "Twitter Web App", "created_at": "2021-01-09T22:53:39.000Z", "referenced_tweets": [{"type": "quoted", "id": "1129379099053568002"}], "id": "1348040267530608640", "entities": {"urls": [{"start": 17, "end": 40, "url": "https://t.co/wz4QD6OgYC", "expanded_url": "https://twitter.com/realamberheard/status/1129379099053568002", "display_url": "twitter.com/realamberheard\u2026"}]}, "text": "You are pathetic https://t.co/wz4QD6OgYC", "quoted_tweet": {"public_metrics": {"retweet_count": 104, "reply_count": 65, "like_count": 518, "quote_count": 16}, "author_id": "807003567605227520", "lang": "en", "source": "Twitter for iPhone", "created_at": "2019-05-17T13:32:14.000Z", "referenced_tweets": [{"type": "quoted", "id": "1129373843099774976"}], "id": "1129379099053568002", "entities": {"urls": [{"start": 228, "end": 251, "url": "https://t.co/mF5SNNj3tg", "expanded_url": "https://twitter.com/OhNoSheTwitnt/status/1129373843099774976", "display_url": "twitter.com/OhNoSheTwitnt/\u2026"}]}, "text": "Intimate partner violence happens behind closed doors. That\u2019s how violence against women works. Burden of proof is already on us just as women, add to that an accusation? Good luck, sister. How much more can we f*k women over?! https://t.co/mF5SNNj3tg", "author": {"name": "Amber Heard", "profile_image_url": "https://pbs.twimg.com/profile_images/1383196364792680448/N8CdupEu_normal.jpg", "created_at": "2016-12-08T23:26:58.000Z", "description": "Actor and Activist, semi-professional disruptor, ice cream advocate and shameless teacup yorkie-lover", "public_metrics": {"followers_count": 190338, "following_count": 220, "tweet_count": 1149, "listed_count": 567}, "location": "Los Angeles, CA", "id": "807003567605227520", "username": "realamberheard", "url": "https://t.co/Ze18Ek9SOI"}}, "author": {"name": "Mary Alexander", "profile_image_url": "https://pbs.twimg.com/profile_images/1339331110514221056/f310p4Pg_normal.jpg", "created_at": "2011-07-26T23:35:53.000Z", "description": "", "public_metrics": {"followers_count": 684, "following_count": 1985, "tweet_count": 3368, "listed_count": 3}, "id": "343031571", "username": "cashmereMary", "url": ""}}, {"entities": {"mentions": [{"start": 39, "end": 54, "username": "realamberheard", "id": "807003567605227520"}], "urls": [{"start": 259, "end": 282, "url": "https://t.co/pbrUuKH3pN", "expanded_url": "https://twitter.com/realamberheard/status/1129379099053568002", "display_url": "twitter.com/realamberheard\u2026"}]}, "public_metrics": {"retweet_count": 0, "reply_count": 0, "like_count": 0, "quote_count": 0}, "author_id": "1645157592", "lang": "en", "source": "Twitter for Android", "created_at": "2020-04-07T01:51:04.000Z", "referenced_tweets": [{"type": "quoted", "id": "1129379099053568002"}], "id": "1247341087397523456", "text": "Good morning everyone except this dumb @realamberheard . Coz of people like you lawmakers around the world will come up with this type of law and genuine aggrieved women will be questioned for onus of proof or on extreme circumstances will face consequences. https://t.co/pbrUuKH3pN", "quoted_tweet": {"public_metrics": {"retweet_count": 104, "reply_count": 65, "like_count": 518, "quote_count": 16}, "author_id": "807003567605227520", "lang": "en", "source": "Twitter for iPhone", "created_at": "2019-05-17T13:32:14.000Z", "referenced_tweets": [{"type": "quoted", "id": "1129373843099774976"}], "id": "1129379099053568002", "entities": {"urls": [{"start": 228, "end": 251, "url": "https://t.co/mF5SNNj3tg", "expanded_url": "https://twitter.com/OhNoSheTwitnt/status/1129373843099774976", "display_url": "twitter.com/OhNoSheTwitnt/\u2026"}]}, "text": "Intimate partner violence happens behind closed doors. That\u2019s how violence against women works. Burden of proof is already on us just as women, add to that an accusation? Good luck, sister. How much more can we f*k women over?! https://t.co/mF5SNNj3tg", "author": {"name": "Amber Heard", "profile_image_url": "https://pbs.twimg.com/profile_images/1383196364792680448/N8CdupEu_normal.jpg", "created_at": "2016-12-08T23:26:58.000Z", "description": "Actor and Activist, semi-professional disruptor, ice cream advocate and shameless teacup yorkie-lover", "public_metrics": {"followers_count": 190338, "following_count": 220, "tweet_count": 1149, "listed_count": 567}, "location": "Los Angeles, CA", "id": "807003567605227520", "username": "realamberheard", "url": "https://t.co/Ze18Ek9SOI"}}, "author": {"name": "dixarth", "profile_image_url": "https://pbs.twimg.com/profile_images/1487373458665525248/wWaFos_v_normal.jpg", "created_at": "2013-08-04T13:02:35.000Z", "description": "It\u2019s about pursuing it rather than waiting to see what comes along.", "public_metrics": {"followers_count": 553, "following_count": 460, "tweet_count": 76159, "listed_count": 15}, "location": "Centaurus A", "id": "1645157592", "username": "dixarth", "url": ""}}, {"public_metrics": {"retweet_count": 0, "reply_count": 0, "like_count": 1, "quote_count": 0}, "author_id": "1220561419051159552", "lang": "en", "source": "Twitter for Android", "created_at": "2020-02-03T04:35:03.000Z", "referenced_tweets": [{"type": "quoted", "id": "1129379099053568002"}], "id": "1224189531093643266", "entities": {"urls": [{"start": 196, "end": 219, "url": "https://t.co/TaeO7vNNnc", "expanded_url": "https://twitter.com/realamberheard/status/1129379099053568002", "display_url": "twitter.com/realamberheard\u2026"}]}, "text": "You. Are. Not. An. Activist. You are a con artist. You're despicable, you're genuinely sickening. There are no words for how much I despise you and all the women like you. I hate you. I hate you. https://t.co/TaeO7vNNnc", "quoted_tweet": {"public_metrics": {"retweet_count": 104, "reply_count": 65, "like_count": 518, "quote_count": 16}, "author_id": "807003567605227520", "lang": "en", "source": "Twitter for iPhone", "created_at": "2019-05-17T13:32:14.000Z", "referenced_tweets": [{"type": "quoted", "id": "1129373843099774976"}], "id": "1129379099053568002", "entities": {"urls": [{"start": 228, "end": 251, "url": "https://t.co/mF5SNNj3tg", "expanded_url": "https://twitter.com/OhNoSheTwitnt/status/1129373843099774976", "display_url": "twitter.com/OhNoSheTwitnt/\u2026"}]}, "text": "Intimate partner violence happens behind closed doors. That\u2019s how violence against women works. Burden of proof is already on us just as women, add to that an accusation? Good luck, sister. How much more can we f*k women over?! https://t.co/mF5SNNj3tg", "author": {"name": "Amber Heard", "profile_image_url": "https://pbs.twimg.com/profile_images/1383196364792680448/N8CdupEu_normal.jpg", "created_at": "2016-12-08T23:26:58.000Z", "description": "Actor and Activist, semi-professional disruptor, ice cream advocate and shameless teacup yorkie-lover", "public_metrics": {"followers_count": 190338, "following_count": 220, "tweet_count": 1149, "listed_count": 567}, "location": "Los Angeles, CA", "id": "807003567605227520", "username": "realamberheard", "url": "https://t.co/Ze18Ek9SOI"}}, "author": {"name": "what", "profile_image_url": "https://pbs.twimg.com/profile_images/1220561713600376837/x-vsvEL1_normal.jpg", "created_at": "2020-01-24T04:18:23.000Z", "description": "clara or whatever", "public_metrics": {"followers_count": 0, "following_count": 1, "tweet_count": 69, "listed_count": 0}, "id": "1220561419051159552", "username": "ckodela01", "url": ""}}, {"entities": {"mentions": [{"start": 3, "end": 14, "username": "amparo_snm", "id": "2895322383"}]}, "public_metrics": {"retweet_count": 1, "reply_count": 0, "like_count": 0, "quote_count": 0}, "author_id": "277513999", "lang": "es", "source": "Twitter for iPhone", "created_at": "2020-02-02T10:28:08.000Z", "referenced_tweets": [{"type": "retweeted", "id": "1223911811902246912"}], "id": "1223915999491231744", "text": "RT @amparo_snm: Qu\u00e9 garr\u00f3n tener que leer a esta TARADA que quiere dar c\u00e1tedra sobre violencia de g\u00e9nero y no tuvo mejor idea que hacer fal\u2026", "quoted_tweet": {"public_metrics": {"retweet_count": 104, "reply_count": 65, "like_count": 518, "quote_count": 16}, "author_id": "807003567605227520", "lang": "en", "source": "Twitter for iPhone", "created_at": "2019-05-17T13:32:14.000Z", "referenced_tweets": [{"type": "quoted", "id": "1129373843099774976"}], "id": "1129379099053568002", "entities": {"urls": [{"start": 228, "end": 251, "url": "https://t.co/mF5SNNj3tg", "expanded_url": "https://twitter.com/OhNoSheTwitnt/status/1129373843099774976", "display_url": "twitter.com/OhNoSheTwitnt/\u2026"}]}, "text": "Intimate partner violence happens behind closed doors. That\u2019s how violence against women works. Burden of proof is already on us just as women, add to that an accusation? Good luck, sister. How much more can we f*k women over?! https://t.co/mF5SNNj3tg", "author": {"name": "Amber Heard", "profile_image_url": "https://pbs.twimg.com/profile_images/1383196364792680448/N8CdupEu_normal.jpg", "created_at": "2016-12-08T23:26:58.000Z", "description": "Actor and Activist, semi-professional disruptor, ice cream advocate and shameless teacup yorkie-lover", "public_metrics": {"followers_count": 190338, "following_count": 220, "tweet_count": 1149, "listed_count": 567}, "location": "Los Angeles, CA", "id": "807003567605227520", "username": "realamberheard", "url": "https://t.co/Ze18Ek9SOI"}}, "author": {"name": "Alfred #RestoreTheSnyderVerse \ud83c\udde6\ud83c\uddf7", "profile_image_url": "https://pbs.twimg.com/profile_images/1502329955451129861/51qjNtKg_normal.jpg", "created_at": "2011-04-05T14:35:57.000Z", "description": "Anti ideolog\u00edas de mierda. #RestoreTheSnyderVerse", "public_metrics": {"followers_count": 73, "following_count": 399, "tweet_count": 33081, "listed_count": 0}, "location": "Peronia", "id": "277513999", "username": "4Lf_R3d", "url": ""}}, {"entities": {"annotations": [{"start": 265, "end": 269, "probability": 0.8485, "type": "Person", "normalized_text": "Amber"}], "urls": [{"start": 271, "end": 294, "url": "https://t.co/16W05u4nHC", "expanded_url": "https://twitter.com/realamberheard/status/1129379099053568002", "display_url": "twitter.com/realamberheard\u2026"}]}, "public_metrics": {"retweet_count": 1, "reply_count": 0, "like_count": 6, "quote_count": 0}, "author_id": "2895322383", "lang": "es", "source": "Twitter for Android", "created_at": "2020-02-02T10:11:29.000Z", "referenced_tweets": [{"type": "quoted", "id": "1129379099053568002"}], "id": "1223911811902246912", "text": "Qu\u00e9 garr\u00f3n tener que leer a esta TARADA que quiere dar c\u00e1tedra sobre violencia de g\u00e9nero y no tuvo mejor idea que hacer falsas acusaciones. Por personas como estas hay mujeres que realmente son agredidas y no pueden alzar la voz por temor a que no les crean. Chau, Amber https://t.co/16W05u4nHC", "quoted_tweet": {"public_metrics": {"retweet_count": 104, "reply_count": 65, "like_count": 518, "quote_count": 16}, "author_id": "807003567605227520", "lang": "en", "source": "Twitter for iPhone", "created_at": "2019-05-17T13:32:14.000Z", "referenced_tweets": [{"type": "quoted", "id": "1129373843099774976"}], "id": "1129379099053568002", "entities": {"urls": [{"start": 228, "end": 251, "url": "https://t.co/mF5SNNj3tg", "expanded_url": "https://twitter.com/OhNoSheTwitnt/status/1129373843099774976", "display_url": "twitter.com/OhNoSheTwitnt/\u2026"}]}, "text": "Intimate partner violence happens behind closed doors. That\u2019s how violence against women works. Burden of proof is already on us just as women, add to that an accusation? Good luck, sister. How much more can we f*k women over?! https://t.co/mF5SNNj3tg", "author": {"name": "Amber Heard", "profile_image_url": "https://pbs.twimg.com/profile_images/1383196364792680448/N8CdupEu_normal.jpg", "created_at": "2016-12-08T23:26:58.000Z", "description": "Actor and Activist, semi-professional disruptor, ice cream advocate and shameless teacup yorkie-lover", "public_metrics": {"followers_count": 190338, "following_count": 220, "tweet_count": 1149, "listed_count": 567}, "location": "Los Angeles, CA", "id": "807003567605227520", "username": "realamberheard", "url": "https://t.co/Ze18Ek9SOI"}}, "author": {"name": "Amparo", "profile_image_url": "https://pbs.twimg.com/profile_images/1461101716531826688/Qkf4-mn1_normal.jpg", "created_at": "2014-11-28T00:33:04.000Z", "description": "", "public_metrics": {"followers_count": 2884, "following_count": 1976, "tweet_count": 19499, "listed_count": 2}, "location": "221B", "id": "2895322383", "username": "amparo_snm", "url": "https://t.co/566Ed9B6zm"}}, {"public_metrics": {"retweet_count": 7, "reply_count": 0, "like_count": 0, "quote_count": 0}, "author_id": "1114810461969629184", "lang": "en", "source": "Twitter for iPhone", "created_at": "2019-05-21T17:42:27.000Z", "referenced_tweets": [{"type": "retweeted", "id": "1130510507855753217"}], "id": "1130891620365291521", "text": "RT @thyquaintwench: I wasn't aware that \"partner\" is a word exclusively used for women. Ms. Heard, where I come from, partner means a perso\u2026", "quoted_tweet": {"public_metrics": {"retweet_count": 104, "reply_count": 65, "like_count": 518, "quote_count": 16}, "author_id": "807003567605227520", "lang": "en", "source": "Twitter for iPhone", "created_at": "2019-05-17T13:32:14.000Z", "referenced_tweets": [{"type": "quoted", "id": "1129373843099774976"}], "id": "1129379099053568002", "entities": {"urls": [{"start": 228, "end": 251, "url": "https://t.co/mF5SNNj3tg", "expanded_url": "https://twitter.com/OhNoSheTwitnt/status/1129373843099774976", "display_url": "twitter.com/OhNoSheTwitnt/\u2026"}]}, "text": "Intimate partner violence happens behind closed doors. That\u2019s how violence against women works. Burden of proof is already on us just as women, add to that an accusation? Good luck, sister. How much more can we f*k women over?! https://t.co/mF5SNNj3tg", "author": {"name": "Amber Heard", "profile_image_url": "https://pbs.twimg.com/profile_images/1383196364792680448/N8CdupEu_normal.jpg", "created_at": "2016-12-08T23:26:58.000Z", "description": "Actor and Activist, semi-professional disruptor, ice cream advocate and shameless teacup yorkie-lover", "public_metrics": {"followers_count": 190338, "following_count": 220, "tweet_count": 1149, "listed_count": 567}, "location": "Los Angeles, CA", "id": "807003567605227520", "username": "realamberheard", "url": "https://t.co/Ze18Ek9SOI"}}, "author": {"name": "\u2665\ud83c\udf69", "profile_image_url": "https://pbs.twimg.com/profile_images/1323976947215474689/PhKHlTtJ_normal.png", "created_at": "2019-04-07T08:41:41.000Z", "description": "celebrity hoe + a donut", "public_metrics": {"followers_count": 231, "following_count": 828, "tweet_count": 19396, "listed_count": 1}, "location": "#JohnnyDeppIsInnocent", "id": "1114810461969629184", "username": "jhnnyrdj", "url": ""}}, {"entities": {"mentions": [{"start": 3, "end": 14, "username": "anaheimyet", "id": "242253097"}], "annotations": [{"start": 74, "end": 80, "probability": 0.9995, "type": "Place", "normalized_text": "Seattle"}]}, "public_metrics": {"retweet_count": 8, "reply_count": 0, "like_count": 0, "quote_count": 0}, "author_id": "1456338349", "lang": "en", "source": "Twitter for Android", "created_at": "2019-05-21T01:31:05.000Z", "referenced_tweets": [{"type": "retweeted", "id": "1130282292440469505"}], "id": "1130647165393674240", "text": "RT @anaheimyet: Sometimes, it happened in public, like, at the airport in Seattle, for example, and the abuser was a woman whose name is Am\u2026", "quoted_tweet": {"public_metrics": {"retweet_count": 104, "reply_count": 65, "like_count": 518, "quote_count": 16}, "author_id": "807003567605227520", "lang": "en", "source": "Twitter for iPhone", "created_at": "2019-05-17T13:32:14.000Z", "referenced_tweets": [{"type": "quoted", "id": "1129373843099774976"}], "id": "1129379099053568002", "entities": {"urls": [{"start": 228, "end": 251, "url": "https://t.co/mF5SNNj3tg", "expanded_url": "https://twitter.com/OhNoSheTwitnt/status/1129373843099774976", "display_url": "twitter.com/OhNoSheTwitnt/\u2026"}]}, "text": "Intimate partner violence happens behind closed doors. That\u2019s how violence against women works. Burden of proof is already on us just as women, add to that an accusation? Good luck, sister. How much more can we f*k women over?! https://t.co/mF5SNNj3tg", "author": {"name": "Amber Heard", "profile_image_url": "https://pbs.twimg.com/profile_images/1383196364792680448/N8CdupEu_normal.jpg", "created_at": "2016-12-08T23:26:58.000Z", "description": "Actor and Activist, semi-professional disruptor, ice cream advocate and shameless teacup yorkie-lover", "public_metrics": {"followers_count": 190338, "following_count": 220, "tweet_count": 1149, "listed_count": 567}, "location": "Los Angeles, CA", "id": "807003567605227520", "username": "realamberheard", "url": "https://t.co/Ze18Ek9SOI"}}, "author": {"name": "ItsPettyRose \ud83d\udc0d", "profile_image_url": "https://pbs.twimg.com/profile_images/1238328427918262272/r75izsZ0_normal.jpg", "created_at": "2013-05-25T08:09:08.000Z", "description": "Kai is crying in Olive Garden", "public_metrics": {"followers_count": 82, "following_count": 358, "tweet_count": 5134, "listed_count": 0}, "location": "Dallas-Fort Worth", "id": "1456338349", "username": "itspettyrose", "url": ""}}, {"entities": {"mentions": [{"start": 3, "end": 14, "username": "anaheimyet", "id": "242253097"}], "annotations": [{"start": 74, "end": 80, "probability": 0.9995, "type": "Place", "normalized_text": "Seattle"}]}, "public_metrics": {"retweet_count": 8, "reply_count": 0, "like_count": 0, "quote_count": 0}, "author_id": "196223922", "lang": "en", "source": "Twitter for Android", "created_at": "2019-05-21T01:21:00.000Z", "referenced_tweets": [{"type": "retweeted", "id": "1130282292440469505"}], "id": "1130644627902652416", "text": "RT @anaheimyet: Sometimes, it happened in public, like, at the airport in Seattle, for example, and the abuser was a woman whose name is Am\u2026", "quoted_tweet": {"public_metrics": {"retweet_count": 104, "reply_count": 65, "like_count": 518, "quote_count": 16}, "author_id": "807003567605227520", "lang": "en", "source": "Twitter for iPhone", "created_at": "2019-05-17T13:32:14.000Z", "referenced_tweets": [{"type": "quoted", "id": "1129373843099774976"}], "id": "1129379099053568002", "entities": {"urls": [{"start": 228, "end": 251, "url": "https://t.co/mF5SNNj3tg", "expanded_url": "https://twitter.com/OhNoSheTwitnt/status/1129373843099774976", "display_url": "twitter.com/OhNoSheTwitnt/\u2026"}]}, "text": "Intimate partner violence happens behind closed doors. That\u2019s how violence against women works. Burden of proof is already on us just as women, add to that an accusation? Good luck, sister. How much more can we f*k women over?! https://t.co/mF5SNNj3tg", "author": {"name": "Amber Heard", "profile_image_url": "https://pbs.twimg.com/profile_images/1383196364792680448/N8CdupEu_normal.jpg", "created_at": "2016-12-08T23:26:58.000Z", "description": "Actor and Activist, semi-professional disruptor, ice cream advocate and shameless teacup yorkie-lover", "public_metrics": {"followers_count": 190338, "following_count": 220, "tweet_count": 1149, "listed_count": 567}, "location": "Los Angeles, CA", "id": "807003567605227520", "username": "realamberheard", "url": "https://t.co/Ze18Ek9SOI"}}, "author": {"name": "Paula Maylia \ud83c\udf69", "profile_image_url": "https://pbs.twimg.com/profile_images/1183191740368457728/lMwiA35A_normal.jpg", "created_at": "2010-09-28T16:33:12.000Z", "description": "", "public_metrics": {"followers_count": 1080, "following_count": 1188, "tweet_count": 3853, "listed_count": 0}, "location": "United Kingdom", "id": "196223922", "username": "xPaulaMayliax", "url": ""}}, {"public_metrics": {"retweet_count": 7, "reply_count": 0, "like_count": 0, "quote_count": 0}, "author_id": "820758960651137024", "lang": "en", "source": "Twitter for Android", "created_at": "2019-05-21T00:28:24.000Z", "referenced_tweets": [{"type": "retweeted", "id": "1130510507855753217"}], "id": "1130631393271111680", "text": "RT @thyquaintwench: I wasn't aware that \"partner\" is a word exclusively used for women. Ms. Heard, where I come from, partner means a perso\u2026", "quoted_tweet": {"public_metrics": {"retweet_count": 104, "reply_count": 65, "like_count": 518, "quote_count": 16}, "author_id": "807003567605227520", "lang": "en", "source": "Twitter for iPhone", "created_at": "2019-05-17T13:32:14.000Z", "referenced_tweets": [{"type": "quoted", "id": "1129373843099774976"}], "id": "1129379099053568002", "entities": {"urls": [{"start": 228, "end": 251, "url": "https://t.co/mF5SNNj3tg", "expanded_url": "https://twitter.com/OhNoSheTwitnt/status/1129373843099774976", "display_url": "twitter.com/OhNoSheTwitnt/\u2026"}]}, "text": "Intimate partner violence happens behind closed doors. That\u2019s how violence against women works. Burden of proof is already on us just as women, add to that an accusation? Good luck, sister. How much more can we f*k women over?! https://t.co/mF5SNNj3tg", "author": {"name": "Amber Heard", "profile_image_url": "https://pbs.twimg.com/profile_images/1383196364792680448/N8CdupEu_normal.jpg", "created_at": "2016-12-08T23:26:58.000Z", "description": "Actor and Activist, semi-professional disruptor, ice cream advocate and shameless teacup yorkie-lover", "public_metrics": {"followers_count": 190338, "following_count": 220, "tweet_count": 1149, "listed_count": 567}, "location": "Los Angeles, CA", "id": "807003567605227520", "username": "realamberheard", "url": "https://t.co/Ze18Ek9SOI"}}, "author": {"name": "Plain Jane", "profile_image_url": "https://pbs.twimg.com/profile_images/1140417817612652544/qCTgMA0z_normal.jpg", "created_at": "2017-01-15T22:26:00.000Z", "description": "A basophobia, Anxiety mess, A watcher not An observer, seeker of the \ud83c\udf75. \ud83c\udf4bFor Hyeongjun, Aspire to be  Nyanko sensei.", "public_metrics": {"followers_count": 40, "following_count": 33, "tweet_count": 1156, "listed_count": 0}, "location": "Land below the wind", "id": "820758960651137024", "username": "pOtatO_is_lifeu", "url": ""}}, {"public_metrics": {"retweet_count": 7, "reply_count": 0, "like_count": 0, "quote_count": 0}, "author_id": "223139140", "lang": "en", "source": "Twitter for iPhone", "created_at": "2019-05-20T23:27:07.000Z", "referenced_tweets": [{"type": "retweeted", "id": "1130510507855753217"}], "id": "1130615970924564480", "text": "RT @thyquaintwench: I wasn't aware that \"partner\" is a word exclusively used for women. Ms. Heard, where I come from, partner means a perso\u2026", "quoted_tweet": {"public_metrics": {"retweet_count": 104, "reply_count": 65, "like_count": 518, "quote_count": 16}, "author_id": "807003567605227520", "lang": "en", "source": "Twitter for iPhone", "created_at": "2019-05-17T13:32:14.000Z", "referenced_tweets": [{"type": "quoted", "id": "1129373843099774976"}], "id": "1129379099053568002", "entities": {"urls": [{"start": 228, "end": 251, "url": "https://t.co/mF5SNNj3tg", "expanded_url": "https://twitter.com/OhNoSheTwitnt/status/1129373843099774976", "display_url": "twitter.com/OhNoSheTwitnt/\u2026"}]}, "text": "Intimate partner violence happens behind closed doors. That\u2019s how violence against women works. Burden of proof is already on us just as women, add to that an accusation? Good luck, sister. How much more can we f*k women over?! https://t.co/mF5SNNj3tg", "author": {"name": "Amber Heard", "profile_image_url": "https://pbs.twimg.com/profile_images/1383196364792680448/N8CdupEu_normal.jpg", "created_at": "2016-12-08T23:26:58.000Z", "description": "Actor and Activist, semi-professional disruptor, ice cream advocate and shameless teacup yorkie-lover", "public_metrics": {"followers_count": 190338, "following_count": 220, "tweet_count": 1149, "listed_count": 567}, "location": "Los Angeles, CA", "id": "807003567605227520", "username": "realamberheard", "url": "https://t.co/Ze18Ek9SOI"}}, "author": {"name": "Winona", "profile_image_url": "https://pbs.twimg.com/profile_images/1505244130061991941/eKRfQfiY_normal.jpg", "created_at": "2010-12-05T14:21:58.000Z", "description": "'Take your broken heart and turn it into art'-*Carrie Fisher* Slytherin with Pride--Winona 4ever-Johnny Depp is Innocent--I'm a queen like a lion \ud83c\udf52-", "public_metrics": {"followers_count": 2968, "following_count": 4550, "tweet_count": 326794, "listed_count": 72}, "location": "School of Witchcraft Hogwarts", "id": "223139140", "username": "LeelaAddams", "url": "https://t.co/XGOASuptvw"}}, {"entities": {"mentions": [{"start": 3, "end": 14, "username": "anaheimyet", "id": "242253097"}], "annotations": [{"start": 74, "end": 80, "probability": 0.9995, "type": "Place", "normalized_text": "Seattle"}]}, "public_metrics": {"retweet_count": 8, "reply_count": 0, "like_count": 0, "quote_count": 0}, "author_id": "67935587", "lang": "en", "source": "Twitter for iPhone", "created_at": "2019-05-20T22:03:28.000Z", "referenced_tweets": [{"type": "retweeted", "id": "1130282292440469505"}], "id": "1130594917019987969", "text": "RT @anaheimyet: Sometimes, it happened in public, like, at the airport in Seattle, for example, and the abuser was a woman whose name is Am\u2026", "quoted_tweet": {"public_metrics": {"retweet_count": 104, "reply_count": 65, "like_count": 518, "quote_count": 16}, "author_id": "807003567605227520", "lang": "en", "source": "Twitter for iPhone", "created_at": "2019-05-17T13:32:14.000Z", "referenced_tweets": [{"type": "quoted", "id": "1129373843099774976"}], "id": "1129379099053568002", "entities": {"urls": [{"start": 228, "end": 251, "url": "https://t.co/mF5SNNj3tg", "expanded_url": "https://twitter.com/OhNoSheTwitnt/status/1129373843099774976", "display_url": "twitter.com/OhNoSheTwitnt/\u2026"}]}, "text": "Intimate partner violence happens behind closed doors. That\u2019s how violence against women works. Burden of proof is already on us just as women, add to that an accusation? Good luck, sister. How much more can we f*k women over?! https://t.co/mF5SNNj3tg", "author": {"name": "Amber Heard", "profile_image_url": "https://pbs.twimg.com/profile_images/1383196364792680448/N8CdupEu_normal.jpg", "created_at": "2016-12-08T23:26:58.000Z", "description": "Actor and Activist, semi-professional disruptor, ice cream advocate and shameless teacup yorkie-lover", "public_metrics": {"followers_count": 190338, "following_count": 220, "tweet_count": 1149, "listed_count": 567}, "location": "Los Angeles, CA", "id": "807003567605227520", "username": "realamberheard", "url": "https://t.co/Ze18Ek9SOI"}}, "author": {"name": "m\u00e1ire \u30df\u2606 \ud83d\udc99\ud83d\udc9b", "profile_image_url": "https://pbs.twimg.com/profile_images/1494336437025579009/BHiXe7w4_normal.jpg", "created_at": "2009-08-22T17:23:12.000Z", "description": "hey there friends, my name is m\u00e1ire. black lives matter. trans lives matter. 26. bigender lesbian. i like cats, taylor swift, call me kevin, and chris colfer.", "public_metrics": {"followers_count": 524, "following_count": 734, "tweet_count": 59258, "listed_count": 5}, "location": "she/they \ud83c\udff4\udb40\udc67\udb40\udc62\udb40\udc73\udb40\udc63\udb40\udc74\udb40\udc7f\ud83c\uddee\ud83c\uddea", "id": "67935587", "username": "CallMeMaire", "url": ""}}, {"public_metrics": {"retweet_count": 7, "reply_count": 0, "like_count": 0, "quote_count": 0}, "author_id": "1563501542", "lang": "en", "source": "Twitter Web App", "created_at": "2019-05-20T19:24:30.000Z", "referenced_tweets": [{"type": "retweeted", "id": "1130510507855753217"}], "id": "1130554914462023680", "text": "RT @thyquaintwench: I wasn't aware that \"partner\" is a word exclusively used for women. Ms. Heard, where I come from, partner means a perso\u2026", "quoted_tweet": {"public_metrics": {"retweet_count": 104, "reply_count": 65, "like_count": 518, "quote_count": 16}, "author_id": "807003567605227520", "lang": "en", "source": "Twitter for iPhone", "created_at": "2019-05-17T13:32:14.000Z", "referenced_tweets": [{"type": "quoted", "id": "1129373843099774976"}], "id": "1129379099053568002", "entities": {"urls": [{"start": 228, "end": 251, "url": "https://t.co/mF5SNNj3tg", "expanded_url": "https://twitter.com/OhNoSheTwitnt/status/1129373843099774976", "display_url": "twitter.com/OhNoSheTwitnt/\u2026"}]}, "text": "Intimate partner violence happens behind closed doors. That\u2019s how violence against women works. Burden of proof is already on us just as women, add to that an accusation? Good luck, sister. How much more can we f*k women over?! https://t.co/mF5SNNj3tg", "author": {"name": "Amber Heard", "profile_image_url": "https://pbs.twimg.com/profile_images/1383196364792680448/N8CdupEu_normal.jpg", "created_at": "2016-12-08T23:26:58.000Z", "description": "Actor and Activist, semi-professional disruptor, ice cream advocate and shameless teacup yorkie-lover", "public_metrics": {"followers_count": 190338, "following_count": 220, "tweet_count": 1149, "listed_count": 567}, "location": "Los Angeles, CA", "id": "807003567605227520", "username": "realamberheard", "url": "https://t.co/Ze18Ek9SOI"}}, "author": {"name": "Jennifer Dillon", "profile_image_url": "https://pbs.twimg.com/profile_images/1430624927456002048/YGEHEaTl_normal.jpg", "created_at": "2013-07-02T15:52:58.000Z", "description": "", "public_metrics": {"followers_count": 143, "following_count": 132, "tweet_count": 3787, "listed_count": 0}, "id": "1563501542", "username": "jdillon_", "url": ""}}, {"public_metrics": {"retweet_count": 7, "reply_count": 0, "like_count": 0, "quote_count": 0}, "author_id": "1034786807626522624", "lang": "en", "source": "Twitter Web Client", "created_at": "2019-05-20T17:30:13.000Z", "referenced_tweets": [{"type": "retweeted", "id": "1130510507855753217"}], "id": "1130526151397523458", "text": "RT @thyquaintwench: I wasn't aware that \"partner\" is a word exclusively used for women. Ms. Heard, where I come from, partner means a perso\u2026", "quoted_tweet": {"public_metrics": {"retweet_count": 104, "reply_count": 65, "like_count": 518, "quote_count": 16}, "author_id": "807003567605227520", "lang": "en", "source": "Twitter for iPhone", "created_at": "2019-05-17T13:32:14.000Z", "referenced_tweets": [{"type": "quoted", "id": "1129373843099774976"}], "id": "1129379099053568002", "entities": {"urls": [{"start": 228, "end": 251, "url": "https://t.co/mF5SNNj3tg", "expanded_url": "https://twitter.com/OhNoSheTwitnt/status/1129373843099774976", "display_url": "twitter.com/OhNoSheTwitnt/\u2026"}]}, "text": "Intimate partner violence happens behind closed doors. That\u2019s how violence against women works. Burden of proof is already on us just as women, add to that an accusation? Good luck, sister. How much more can we f*k women over?! https://t.co/mF5SNNj3tg", "author": {"name": "Amber Heard", "profile_image_url": "https://pbs.twimg.com/profile_images/1383196364792680448/N8CdupEu_normal.jpg", "created_at": "2016-12-08T23:26:58.000Z", "description": "Actor and Activist, semi-professional disruptor, ice cream advocate and shameless teacup yorkie-lover", "public_metrics": {"followers_count": 190338, "following_count": 220, "tweet_count": 1149, "listed_count": 567}, "location": "Los Angeles, CA", "id": "807003567605227520", "username": "realamberheard", "url": "https://t.co/Ze18Ek9SOI"}}, "author": {"name": "Lara Villanelle \ud83d\udc2c\ud83c\udf69\ud83e\udd99| ke spoilers", "profile_image_url": "https://pbs.twimg.com/profile_images/1502931849626140678/9zQ0EFua_normal.jpg", "created_at": "2018-08-29T12:56:15.000Z", "description": "She/her. Multi enthusiast. Allergic to idiots. #IStandWithJKRowling #JusticeForJohnnyDepp #BoycottFantasticBeasts #BoycottWarnerBros #DisneyCanKeepTheirAlpacas", "public_metrics": {"followers_count": 210, "following_count": 476, "tweet_count": 72548, "listed_count": 1}, "location": "Wherever Adam Waldman lives", "id": "1034786807626522624", "username": "LadyInVermilion", "url": ""}}, {"public_metrics": {"retweet_count": 7, "reply_count": 0, "like_count": 0, "quote_count": 0}, "author_id": "567232063", "lang": "en", "source": "Twitter for iPad", "created_at": "2019-05-20T17:07:58.000Z", "referenced_tweets": [{"type": "retweeted", "id": "1130510507855753217"}], "id": "1130520554124009472", "text": "RT @thyquaintwench: I wasn't aware that \"partner\" is a word exclusively used for women. Ms. Heard, where I come from, partner means a perso\u2026", "quoted_tweet": {"public_metrics": {"retweet_count": 104, "reply_count": 65, "like_count": 518, "quote_count": 16}, "author_id": "807003567605227520", "lang": "en", "source": "Twitter for iPhone", "created_at": "2019-05-17T13:32:14.000Z", "referenced_tweets": [{"type": "quoted", "id": "1129373843099774976"}], "id": "1129379099053568002", "entities": {"urls": [{"start": 228, "end": 251, "url": "https://t.co/mF5SNNj3tg", "expanded_url": "https://twitter.com/OhNoSheTwitnt/status/1129373843099774976", "display_url": "twitter.com/OhNoSheTwitnt/\u2026"}]}, "text": "Intimate partner violence happens behind closed doors. That\u2019s how violence against women works. Burden of proof is already on us just as women, add to that an accusation? Good luck, sister. How much more can we f*k women over?! https://t.co/mF5SNNj3tg", "author": {"name": "Amber Heard", "profile_image_url": "https://pbs.twimg.com/profile_images/1383196364792680448/N8CdupEu_normal.jpg", "created_at": "2016-12-08T23:26:58.000Z", "description": "Actor and Activist, semi-professional disruptor, ice cream advocate and shameless teacup yorkie-lover", "public_metrics": {"followers_count": 190338, "following_count": 220, "tweet_count": 1149, "listed_count": 567}, "location": "Los Angeles, CA", "id": "807003567605227520", "username": "realamberheard", "url": "https://t.co/Ze18Ek9SOI"}}, "author": {"name": "Janina #IBelieveHim #justiceforjohnnydepp", "profile_image_url": "https://pbs.twimg.com/profile_images/1381993471012085760/rXgj2L8k_normal.png", "created_at": "2012-04-30T13:36:21.000Z", "description": "Johnny Depp devotee \u2764\ufe0f #JohnnyDeppIsGrindelwald #wearewithyouJohnnyDepp #proudofJohnnyDepp #youcantkeepagoodmandown #justiceforJohnnydepp #Grindelwaldsarmy", "public_metrics": {"followers_count": 2236, "following_count": 562, "tweet_count": 195781, "listed_count": 5}, "id": "567232063", "username": "JaninaSamhain", "url": ""}}, {"public_metrics": {"retweet_count": 7, "reply_count": 3, "like_count": 37, "quote_count": 0}, "author_id": "2465079218", "lang": "en", "source": "Twitter Web Client", "created_at": "2019-05-20T16:28:03.000Z", "referenced_tweets": [{"type": "quoted", "id": "1129379099053568002"}], "id": "1130510507855753217", "entities": {"urls": [{"start": 265, "end": 288, "url": "https://t.co/aqmWTAG4Iq", "expanded_url": "https://twitter.com/realamberheard/status/1129379099053568002", "display_url": "twitter.com/realamberheard\u2026"}]}, "text": "I wasn't aware that \"partner\" is a word exclusively used for women. Ms. Heard, where I come from, partner means a person. And Ms. Heard, where I come from, burden of proof is on all people. \n\nAnd you have no problem accusing men, but when you're faced with one.... https://t.co/aqmWTAG4Iq", "quoted_tweet": {"public_metrics": {"retweet_count": 104, "reply_count": 65, "like_count": 518, "quote_count": 16}, "author_id": "807003567605227520", "lang": "en", "source": "Twitter for iPhone", "created_at": "2019-05-17T13:32:14.000Z", "referenced_tweets": [{"type": "quoted", "id": "1129373843099774976"}], "id": "1129379099053568002", "entities": {"urls": [{"start": 228, "end": 251, "url": "https://t.co/mF5SNNj3tg", "expanded_url": "https://twitter.com/OhNoSheTwitnt/status/1129373843099774976", "display_url": "twitter.com/OhNoSheTwitnt/\u2026"}]}, "text": "Intimate partner violence happens behind closed doors. That\u2019s how violence against women works. Burden of proof is already on us just as women, add to that an accusation? Good luck, sister. How much more can we f*k women over?! https://t.co/mF5SNNj3tg", "author": {"name": "Amber Heard", "profile_image_url": "https://pbs.twimg.com/profile_images/1383196364792680448/N8CdupEu_normal.jpg", "created_at": "2016-12-08T23:26:58.000Z", "description": "Actor and Activist, semi-professional disruptor, ice cream advocate and shameless teacup yorkie-lover", "public_metrics": {"followers_count": 190338, "following_count": 220, "tweet_count": 1149, "listed_count": 567}, "location": "Los Angeles, CA", "id": "807003567605227520", "username": "realamberheard", "url": "https://t.co/Ze18Ek9SOI"}}, "author": {"name": "not haley", "profile_image_url": "https://pbs.twimg.com/profile_images/1506624478310191113/EEpjan86_normal.jpg", "created_at": "2014-04-26T20:16:57.000Z", "description": "classic lara croft supremacy. i fucking love you for hating me. wife to noodle. #justiceforjohnnydepp #justiceforsurvivors #istandwithjkrowling", "public_metrics": {"followers_count": 1594, "following_count": 223, "tweet_count": 37206, "listed_count": 3}, "location": "on the precipice.", "id": "2465079218", "username": "reineyelah", "url": "https://t.co/imzbQnpaXH"}}, {"entities": {"mentions": [{"start": 3, "end": 14, "username": "anaheimyet", "id": "242253097"}], "annotations": [{"start": 74, "end": 80, "probability": 0.9995, "type": "Place", "normalized_text": "Seattle"}]}, "public_metrics": {"retweet_count": 8, "reply_count": 0, "like_count": 0, "quote_count": 0}, "author_id": "561468234", "lang": "en", "source": "Twitter for iPhone", "created_at": "2019-05-20T15:00:35.000Z", "referenced_tweets": [{"type": "retweeted", "id": "1130282292440469505"}], "id": "1130488497603829761", "text": "RT @anaheimyet: Sometimes, it happened in public, like, at the airport in Seattle, for example, and the abuser was a woman whose name is Am\u2026", "quoted_tweet": {"public_metrics": {"retweet_count": 104, "reply_count": 65, "like_count": 518, "quote_count": 16}, "author_id": "807003567605227520", "lang": "en", "source": "Twitter for iPhone", "created_at": "2019-05-17T13:32:14.000Z", "referenced_tweets": [{"type": "quoted", "id": "1129373843099774976"}], "id": "1129379099053568002", "entities": {"urls": [{"start": 228, "end": 251, "url": "https://t.co/mF5SNNj3tg", "expanded_url": "https://twitter.com/OhNoSheTwitnt/status/1129373843099774976", "display_url": "twitter.com/OhNoSheTwitnt/\u2026"}]}, "text": "Intimate partner violence happens behind closed doors. That\u2019s how violence against women works. Burden of proof is already on us just as women, add to that an accusation? Good luck, sister. How much more can we f*k women over?! https://t.co/mF5SNNj3tg", "author": {"name": "Amber Heard", "profile_image_url": "https://pbs.twimg.com/profile_images/1383196364792680448/N8CdupEu_normal.jpg", "created_at": "2016-12-08T23:26:58.000Z", "description": "Actor and Activist, semi-professional disruptor, ice cream advocate and shameless teacup yorkie-lover", "public_metrics": {"followers_count": 190338, "following_count": 220, "tweet_count": 1149, "listed_count": 567}, "location": "Los Angeles, CA", "id": "807003567605227520", "username": "realamberheard", "url": "https://t.co/Ze18Ek9SOI"}}, "author": {"name": "Kevin", "profile_image_url": "https://pbs.twimg.com/profile_images/1346874350549532674/5XbjsKvh_normal.jpg", "created_at": "2012-04-23T19:00:43.000Z", "description": "", "public_metrics": {"followers_count": 734, "following_count": 76, "tweet_count": 34738, "listed_count": 14}, "id": "561468234", "username": "kevin_la44", "url": ""}}, {"entities": {"mentions": [{"start": 3, "end": 14, "username": "anaheimyet", "id": "242253097"}], "annotations": [{"start": 74, "end": 80, "probability": 0.9995, "type": "Place", "normalized_text": "Seattle"}]}, "public_metrics": {"retweet_count": 8, "reply_count": 0, "like_count": 0, "quote_count": 0}, "author_id": "751139318987628545", "lang": "en", "source": "Twitter for Android", "created_at": "2019-05-20T07:00:24.000Z", "referenced_tweets": [{"type": "retweeted", "id": "1130282292440469505"}], "id": "1130367652411707393", "text": "RT @anaheimyet: Sometimes, it happened in public, like, at the airport in Seattle, for example, and the abuser was a woman whose name is Am\u2026", "quoted_tweet": {"public_metrics": {"retweet_count": 104, "reply_count": 65, "like_count": 518, "quote_count": 16}, "author_id": "807003567605227520", "lang": "en", "source": "Twitter for iPhone", "created_at": "2019-05-17T13:32:14.000Z", "referenced_tweets": [{"type": "quoted", "id": "1129373843099774976"}], "id": "1129379099053568002", "entities": {"urls": [{"start": 228, "end": 251, "url": "https://t.co/mF5SNNj3tg", "expanded_url": "https://twitter.com/OhNoSheTwitnt/status/1129373843099774976", "display_url": "twitter.com/OhNoSheTwitnt/\u2026"}]}, "text": "Intimate partner violence happens behind closed doors. That\u2019s how violence against women works. Burden of proof is already on us just as women, add to that an accusation? Good luck, sister. How much more can we f*k women over?! https://t.co/mF5SNNj3tg", "author": {"name": "Amber Heard", "profile_image_url": "https://pbs.twimg.com/profile_images/1383196364792680448/N8CdupEu_normal.jpg", "created_at": "2016-12-08T23:26:58.000Z", "description": "Actor and Activist, semi-professional disruptor, ice cream advocate and shameless teacup yorkie-lover", "public_metrics": {"followers_count": 190338, "following_count": 220, "tweet_count": 1149, "listed_count": 567}, "location": "Los Angeles, CA", "id": "807003567605227520", "username": "realamberheard", "url": "https://t.co/Ze18Ek9SOI"}}, "author": {"name": "CheeryRosie just give Andrew Garfield the Oscar", "profile_image_url": "https://pbs.twimg.com/profile_images/1426489294760316934/5Pws8UNd_normal.jpg", "created_at": "2016-07-07T19:42:24.000Z", "description": "\ud83c\udf69\ud83c\udf69\ud83c\udf69\ud83c\udf69\ud83c\udf69\n\nHere for #JusticeForJohnnyDepp, Jared Padalecki, Rami Malek and stuff \ud83e\udd37\u200d\u2640\ufe0f\ud83e\udd23. Andrew Garfield has once again taken over my life \ud83d\ude0d", "public_metrics": {"followers_count": 568, "following_count": 820, "tweet_count": 28023, "listed_count": 1}, "id": "751139318987628545", "username": "cheeryrosie", "url": ""}}, {"entities": {"mentions": [{"start": 3, "end": 14, "username": "anaheimyet", "id": "242253097"}], "annotations": [{"start": 74, "end": 80, "probability": 0.9995, "type": "Place", "normalized_text": "Seattle"}]}, "public_metrics": {"retweet_count": 8, "reply_count": 0, "like_count": 0, "quote_count": 0}, "author_id": "1106939138849337344", "lang": "en", "source": "Twitter for iPhone", "created_at": "2019-05-20T06:37:05.000Z", "referenced_tweets": [{"type": "retweeted", "id": "1130282292440469505"}], "id": "1130361785637384192", "text": "RT @anaheimyet: Sometimes, it happened in public, like, at the airport in Seattle, for example, and the abuser was a woman whose name is Am\u2026", "quoted_tweet": {"public_metrics": {"retweet_count": 104, "reply_count": 65, "like_count": 518, "quote_count": 16}, "author_id": "807003567605227520", "lang": "en", "source": "Twitter for iPhone", "created_at": "2019-05-17T13:32:14.000Z", "referenced_tweets": [{"type": "quoted", "id": "1129373843099774976"}], "id": "1129379099053568002", "entities": {"urls": [{"start": 228, "end": 251, "url": "https://t.co/mF5SNNj3tg", "expanded_url": "https://twitter.com/OhNoSheTwitnt/status/1129373843099774976", "display_url": "twitter.com/OhNoSheTwitnt/\u2026"}]}, "text": "Intimate partner violence happens behind closed doors. That\u2019s how violence against women works. Burden of proof is already on us just as women, add to that an accusation? Good luck, sister. How much more can we f*k women over?! https://t.co/mF5SNNj3tg", "author": {"name": "Amber Heard", "profile_image_url": "https://pbs.twimg.com/profile_images/1383196364792680448/N8CdupEu_normal.jpg", "created_at": "2016-12-08T23:26:58.000Z", "description": "Actor and Activist, semi-professional disruptor, ice cream advocate and shameless teacup yorkie-lover", "public_metrics": {"followers_count": 190338, "following_count": 220, "tweet_count": 1149, "listed_count": 567}, "location": "Los Angeles, CA", "id": "807003567605227520", "username": "realamberheard", "url": "https://t.co/Ze18Ek9SOI"}}, "author": {"name": "mariantonietta27\ud83c\udf69\ud83c\udf69\ud83c\udf69\ud83c\udf69\ud83c\udf69", "profile_image_url": "https://pbs.twimg.com/profile_images/1290748935917772800/g3lwToSw_normal.jpg", "created_at": "2019-03-16T15:23:51.000Z", "description": "", "public_metrics": {"followers_count": 185, "following_count": 123, "tweet_count": 12824, "listed_count": 0}, "id": "1106939138849337344", "username": "mariant79113798", "url": ""}}, {"entities": {"mentions": [{"start": 3, "end": 14, "username": "anaheimyet", "id": "242253097"}], "annotations": [{"start": 74, "end": 80, "probability": 0.9995, "type": "Place", "normalized_text": "Seattle"}]}, "public_metrics": {"retweet_count": 8, "reply_count": 0, "like_count": 0, "quote_count": 0}, "author_id": "879388941878611968", "lang": "en", "source": "Twitter Web App", "created_at": "2019-05-20T03:22:14.000Z", "referenced_tweets": [{"type": "retweeted", "id": "1130282292440469505"}], "id": "1130312751039991808", "text": "RT @anaheimyet: Sometimes, it happened in public, like, at the airport in Seattle, for example, and the abuser was a woman whose name is Am\u2026", "quoted_tweet": {"public_metrics": {"retweet_count": 104, "reply_count": 65, "like_count": 518, "quote_count": 16}, "author_id": "807003567605227520", "lang": "en", "source": "Twitter for iPhone", "created_at": "2019-05-17T13:32:14.000Z", "referenced_tweets": [{"type": "quoted", "id": "1129373843099774976"}], "id": "1129379099053568002", "entities": {"urls": [{"start": 228, "end": 251, "url": "https://t.co/mF5SNNj3tg", "expanded_url": "https://twitter.com/OhNoSheTwitnt/status/1129373843099774976", "display_url": "twitter.com/OhNoSheTwitnt/\u2026"}]}, "text": "Intimate partner violence happens behind closed doors. That\u2019s how violence against women works. Burden of proof is already on us just as women, add to that an accusation? Good luck, sister. How much more can we f*k women over?! https://t.co/mF5SNNj3tg", "author": {"name": "Amber Heard", "profile_image_url": "https://pbs.twimg.com/profile_images/1383196364792680448/N8CdupEu_normal.jpg", "created_at": "2016-12-08T23:26:58.000Z", "description": "Actor and Activist, semi-professional disruptor, ice cream advocate and shameless teacup yorkie-lover", "public_metrics": {"followers_count": 190338, "following_count": 220, "tweet_count": 1149, "listed_count": 567}, "location": "Los Angeles, CA", "id": "807003567605227520", "username": "realamberheard", "url": "https://t.co/Ze18Ek9SOI"}}, "author": {"name": "goodview", "profile_image_url": "https://pbs.twimg.com/profile_images/881510509471686662/d6y8wBLr_normal.jpg", "created_at": "2017-06-26T17:20:36.000Z", "description": "", "public_metrics": {"followers_count": 208, "following_count": 103, "tweet_count": 75782, "listed_count": 1}, "id": "879388941878611968", "username": "meanchi0421", "url": ""}}, {"entities": {"mentions": [{"start": 3, "end": 14, "username": "anaheimyet", "id": "242253097"}], "annotations": [{"start": 74, "end": 80, "probability": 0.9995, "type": "Place", "normalized_text": "Seattle"}]}, "public_metrics": {"retweet_count": 8, "reply_count": 0, "like_count": 0, "quote_count": 0}, "author_id": "3636994350", "lang": "en", "source": "Twitter for Android", "created_at": "2019-05-20T01:39:26.000Z", "referenced_tweets": [{"type": "retweeted", "id": "1130282292440469505"}], "id": "1130286881462050816", "text": "RT @anaheimyet: Sometimes, it happened in public, like, at the airport in Seattle, for example, and the abuser was a woman whose name is Am\u2026", "quoted_tweet": {"public_metrics": {"retweet_count": 104, "reply_count": 65, "like_count": 518, "quote_count": 16}, "author_id": "807003567605227520", "lang": "en", "source": "Twitter for iPhone", "created_at": "2019-05-17T13:32:14.000Z", "referenced_tweets": [{"type": "quoted", "id": "1129373843099774976"}], "id": "1129379099053568002", "entities": {"urls": [{"start": 228, "end": 251, "url": "https://t.co/mF5SNNj3tg", "expanded_url": "https://twitter.com/OhNoSheTwitnt/status/1129373843099774976", "display_url": "twitter.com/OhNoSheTwitnt/\u2026"}]}, "text": "Intimate partner violence happens behind closed doors. That\u2019s how violence against women works. Burden of proof is already on us just as women, add to that an accusation? Good luck, sister. How much more can we f*k women over?! https://t.co/mF5SNNj3tg", "author": {"name": "Amber Heard", "profile_image_url": "https://pbs.twimg.com/profile_images/1383196364792680448/N8CdupEu_normal.jpg", "created_at": "2016-12-08T23:26:58.000Z", "description": "Actor and Activist, semi-professional disruptor, ice cream advocate and shameless teacup yorkie-lover", "public_metrics": {"followers_count": 190338, "following_count": 220, "tweet_count": 1149, "listed_count": 567}, "location": "Los Angeles, CA", "id": "807003567605227520", "username": "realamberheard", "url": "https://t.co/Ze18Ek9SOI"}}, "author": {"name": "Pomta\u270a", "profile_image_url": "https://pbs.twimg.com/profile_images/1476735211815993344/Qv6lKD8__normal.jpg", "created_at": "2015-09-21T11:07:30.000Z", "description": "#justiceforJohnnyDepp\n#youcantkeepagoodmandown\nTruth Always Wins.\u270a\u2696\ufe0f\nI AM NOT A BOT", "public_metrics": {"followers_count": 4468, "following_count": 2388, "tweet_count": 42679, "listed_count": 19}, "location": "Wonderland", "id": "3636994350", "username": "0517pomta", "url": ""}}, {"entities": {"annotations": [{"start": 58, "end": 64, "probability": 0.9994, "type": "Place", "normalized_text": "Seattle"}, {"start": 121, "end": 125, "probability": 0.8265, "type": "Person", "normalized_text": "Amber"}], "urls": [{"start": 134, "end": 157, "url": "https://t.co/TjPlOYsa3S", "expanded_url": "https://twitter.com/realamberheard/status/1129379099053568002", "display_url": "twitter.com/realamberheard\u2026"}]}, "public_metrics": {"retweet_count": 8, "reply_count": 1, "like_count": 63, "quote_count": 0}, "author_id": "242253097", "lang": "en", "source": "Twitter for iPhone", "created_at": "2019-05-20T01:21:12.000Z", "referenced_tweets": [{"type": "quoted", "id": "1129379099053568002"}], "id": "1130282292440469505", "text": "Sometimes, it happened in public, like, at the airport in Seattle, for example, and the abuser was a woman whose name is Amber Heard. https://t.co/TjPlOYsa3S", "quoted_tweet": {"public_metrics": {"retweet_count": 104, "reply_count": 65, "like_count": 518, "quote_count": 16}, "author_id": "807003567605227520", "lang": "en", "source": "Twitter for iPhone", "created_at": "2019-05-17T13:32:14.000Z", "referenced_tweets": [{"type": "quoted", "id": "1129373843099774976"}], "id": "1129379099053568002", "entities": {"urls": [{"start": 228, "end": 251, "url": "https://t.co/mF5SNNj3tg", "expanded_url": "https://twitter.com/OhNoSheTwitnt/status/1129373843099774976", "display_url": "twitter.com/OhNoSheTwitnt/\u2026"}]}, "text": "Intimate partner violence happens behind closed doors. That\u2019s how violence against women works. Burden of proof is already on us just as women, add to that an accusation? Good luck, sister. How much more can we f*k women over?! https://t.co/mF5SNNj3tg", "author": {"name": "Amber Heard", "profile_image_url": "https://pbs.twimg.com/profile_images/1383196364792680448/N8CdupEu_normal.jpg", "created_at": "2016-12-08T23:26:58.000Z", "description": "Actor and Activist, semi-professional disruptor, ice cream advocate and shameless teacup yorkie-lover", "public_metrics": {"followers_count": 190338, "following_count": 220, "tweet_count": 1149, "listed_count": 567}, "location": "Los Angeles, CA", "id": "807003567605227520", "username": "realamberheard", "url": "https://t.co/Ze18Ek9SOI"}}, "author": {"name": ".", "profile_image_url": "https://pbs.twimg.com/profile_images/1323659424800534529/YunjkwZR_normal.png", "created_at": "2011-01-24T09:58:30.000Z", "description": "", "public_metrics": {"followers_count": 1489, "following_count": 371, "tweet_count": 47334, "listed_count": 8}, "id": "242253097", "username": "anaheimyet", "url": ""}}, {"entities": {"mentions": [{"start": 3, "end": 17, "username": "M1che11ePearl", "id": "1103782066309791751"}], "annotations": [{"start": 51, "end": 65, "probability": 0.409, "type": "Other", "normalized_text": "the Salem witch"}]}, "public_metrics": {"retweet_count": 3, "reply_count": 0, "like_count": 0, "quote_count": 0}, "author_id": "918926767267700736", "lang": "en", "source": "Sarah Flood", "created_at": "2019-05-20T00:12:10.000Z", "referenced_tweets": [{"type": "retweeted", "id": "1130237303950106627"}], "id": "1130264920019394566", "text": "RT @M1che11ePearl: Welcome to tonight\u2019s episode of the Salem witch trials 2019. Tonight we ban due process for all men. What a time to be a\u2026", "quoted_tweet": {"public_metrics": {"retweet_count": 104, "reply_count": 65, "like_count": 518, "quote_count": 16}, "author_id": "807003567605227520", "lang": "en", "source": "Twitter for iPhone", "created_at": "2019-05-17T13:32:14.000Z", "referenced_tweets": [{"type": "quoted", "id": "1129373843099774976"}], "id": "1129379099053568002", "entities": {"urls": [{"start": 228, "end": 251, "url": "https://t.co/mF5SNNj3tg", "expanded_url": "https://twitter.com/OhNoSheTwitnt/status/1129373843099774976", "display_url": "twitter.com/OhNoSheTwitnt/\u2026"}]}, "text": "Intimate partner violence happens behind closed doors. That\u2019s how violence against women works. Burden of proof is already on us just as women, add to that an accusation? Good luck, sister. How much more can we f*k women over?! https://t.co/mF5SNNj3tg", "author": {"name": "Amber Heard", "profile_image_url": "https://pbs.twimg.com/profile_images/1383196364792680448/N8CdupEu_normal.jpg", "created_at": "2016-12-08T23:26:58.000Z", "description": "Actor and Activist, semi-professional disruptor, ice cream advocate and shameless teacup yorkie-lover", "public_metrics": {"followers_count": 190338, "following_count": 220, "tweet_count": 1149, "listed_count": 567}, "location": "Los Angeles, CA", "id": "807003567605227520", "username": "realamberheard", "url": "https://t.co/Ze18Ek9SOI"}}, "author": {"name": "SARAH FLOOD", "profile_image_url": "https://pbs.twimg.com/profile_images/919285076789284864/hpqsrsbU_normal.jpg", "created_at": "2017-10-13T19:49:48.000Z", "description": "SARAH FLOOD IN SALEM MASS by Adriano Shaplin is a feminist sci-fi history play about the events leading up the Salem witch trials. 18 characters.\u2640\ufe0f", "public_metrics": {"followers_count": 92, "following_count": 15, "tweet_count": 7511, "listed_count": 1}, "location": "Salem, MA", "id": "918926767267700736", "username": "sarahfloodplay", "url": "https://t.co/734VarGGFi"}}, {"entities": {"mentions": [{"start": 3, "end": 17, "username": "M1che11ePearl", "id": "1103782066309791751"}], "annotations": [{"start": 51, "end": 65, "probability": 0.409, "type": "Other", "normalized_text": "the Salem witch"}]}, "public_metrics": {"retweet_count": 3, "reply_count": 0, "like_count": 0, "quote_count": 0}, "author_id": "1011506959839739904", "lang": "en", "source": "Twitter for Android", "created_at": "2019-05-19T23:42:14.000Z", "referenced_tweets": [{"type": "retweeted", "id": "1130237303950106627"}], "id": "1130257387305152512", "text": "RT @M1che11ePearl: Welcome to tonight\u2019s episode of the Salem witch trials 2019. Tonight we ban due process for all men. What a time to be a\u2026", "quoted_tweet": {"public_metrics": {"retweet_count": 104, "reply_count": 65, "like_count": 518, "quote_count": 16}, "author_id": "807003567605227520", "lang": "en", "source": "Twitter for iPhone", "created_at": "2019-05-17T13:32:14.000Z", "referenced_tweets": [{"type": "quoted", "id": "1129373843099774976"}], "id": "1129379099053568002", "entities": {"urls": [{"start": 228, "end": 251, "url": "https://t.co/mF5SNNj3tg", "expanded_url": "https://twitter.com/OhNoSheTwitnt/status/1129373843099774976", "display_url": "twitter.com/OhNoSheTwitnt/\u2026"}]}, "text": "Intimate partner violence happens behind closed doors. That\u2019s how violence against women works. Burden of proof is already on us just as women, add to that an accusation? Good luck, sister. How much more can we f*k women over?! https://t.co/mF5SNNj3tg", "author": {"name": "Amber Heard", "profile_image_url": "https://pbs.twimg.com/profile_images/1383196364792680448/N8CdupEu_normal.jpg", "created_at": "2016-12-08T23:26:58.000Z", "description": "Actor and Activist, semi-professional disruptor, ice cream advocate and shameless teacup yorkie-lover", "public_metrics": {"followers_count": 190338, "following_count": 220, "tweet_count": 1149, "listed_count": 567}, "location": "Los Angeles, CA", "id": "807003567605227520", "username": "realamberheard", "url": "https://t.co/Ze18Ek9SOI"}}, "author": {"name": "Danielle Santos", "profile_image_url": "https://pbs.twimg.com/profile_images/1118791783394099200/om-AJfok_normal.jpg", "created_at": "2018-06-26T07:10:26.000Z", "description": "fan of multiple things!\nNot a fan account!", "public_metrics": {"followers_count": 117, "following_count": 164, "tweet_count": 7398, "listed_count": 0}, "location": "California, USA", "id": "1011506959839739904", "username": "DaniChristine92", "url": "https://t.co/ccSKS7qq4c"}}, {"entities": {"mentions": [{"start": 3, "end": 17, "username": "M1che11ePearl", "id": "1103782066309791751"}], "annotations": [{"start": 51, "end": 65, "probability": 0.409, "type": "Other", "normalized_text": "the Salem witch"}]}, "public_metrics": {"retweet_count": 3, "reply_count": 0, "like_count": 0, "quote_count": 0}, "author_id": "1563501542", "lang": "en", "source": "Twitter Web App", "created_at": "2019-05-19T22:34:50.000Z", "referenced_tweets": [{"type": "retweeted", "id": "1130237303950106627"}], "id": "1130240423912398848", "text": "RT @M1che11ePearl: Welcome to tonight\u2019s episode of the Salem witch trials 2019. Tonight we ban due process for all men. What a time to be a\u2026", "quoted_tweet": {"public_metrics": {"retweet_count": 104, "reply_count": 65, "like_count": 518, "quote_count": 16}, "author_id": "807003567605227520", "lang": "en", "source": "Twitter for iPhone", "created_at": "2019-05-17T13:32:14.000Z", "referenced_tweets": [{"type": "quoted", "id": "1129373843099774976"}], "id": "1129379099053568002", "entities": {"urls": [{"start": 228, "end": 251, "url": "https://t.co/mF5SNNj3tg", "expanded_url": "https://twitter.com/OhNoSheTwitnt/status/1129373843099774976", "display_url": "twitter.com/OhNoSheTwitnt/\u2026"}]}, "text": "Intimate partner violence happens behind closed doors. That\u2019s how violence against women works. Burden of proof is already on us just as women, add to that an accusation? Good luck, sister. How much more can we f*k women over?! https://t.co/mF5SNNj3tg", "author": {"name": "Amber Heard", "profile_image_url": "https://pbs.twimg.com/profile_images/1383196364792680448/N8CdupEu_normal.jpg", "created_at": "2016-12-08T23:26:58.000Z", "description": "Actor and Activist, semi-professional disruptor, ice cream advocate and shameless teacup yorkie-lover", "public_metrics": {"followers_count": 190338, "following_count": 220, "tweet_count": 1149, "listed_count": 567}, "location": "Los Angeles, CA", "id": "807003567605227520", "username": "realamberheard", "url": "https://t.co/Ze18Ek9SOI"}}, "author": {"name": "Jennifer Dillon", "profile_image_url": "https://pbs.twimg.com/profile_images/1430624927456002048/YGEHEaTl_normal.jpg", "created_at": "2013-07-02T15:52:58.000Z", "description": "", "public_metrics": {"followers_count": 143, "following_count": 132, "tweet_count": 3787, "listed_count": 0}, "id": "1563501542", "username": "jdillon_", "url": ""}}, {"entities": {"annotations": [{"start": 32, "end": 46, "probability": 0.3273, "type": "Other", "normalized_text": "the Salem witch"}], "urls": [{"start": 139, "end": 162, "url": "https://t.co/Qap7UxrJsK", "expanded_url": "https://twitter.com/realamberheard/status/1129379099053568002", "display_url": "twitter.com/realamberheard\u2026"}], "hashtags": [{"start": 126, "end": 138, "tag": "gaslighting"}]}, "public_metrics": {"retweet_count": 3, "reply_count": 1, "like_count": 4, "quote_count": 0}, "author_id": "1103782066309791751", "lang": "en", "source": "Twitter for iPhone", "created_at": "2019-05-19T22:22:26.000Z", "referenced_tweets": [{"type": "quoted", "id": "1129379099053568002"}], "id": "1130237303950106627", "text": "Welcome to tonight\u2019s episode of the Salem witch trials 2019. Tonight we ban due process for all men. What a time to be alive. #gaslighting https://t.co/Qap7UxrJsK", "quoted_tweet": {"public_metrics": {"retweet_count": 104, "reply_count": 65, "like_count": 518, "quote_count": 16}, "author_id": "807003567605227520", "lang": "en", "source": "Twitter for iPhone", "created_at": "2019-05-17T13:32:14.000Z", "referenced_tweets": [{"type": "quoted", "id": "1129373843099774976"}], "id": "1129379099053568002", "entities": {"urls": [{"start": 228, "end": 251, "url": "https://t.co/mF5SNNj3tg", "expanded_url": "https://twitter.com/OhNoSheTwitnt/status/1129373843099774976", "display_url": "twitter.com/OhNoSheTwitnt/\u2026"}]}, "text": "Intimate partner violence happens behind closed doors. That\u2019s how violence against women works. Burden of proof is already on us just as women, add to that an accusation? Good luck, sister. How much more can we f*k women over?! https://t.co/mF5SNNj3tg", "author": {"name": "Amber Heard", "profile_image_url": "https://pbs.twimg.com/profile_images/1383196364792680448/N8CdupEu_normal.jpg", "created_at": "2016-12-08T23:26:58.000Z", "description": "Actor and Activist, semi-professional disruptor, ice cream advocate and shameless teacup yorkie-lover", "public_metrics": {"followers_count": 190338, "following_count": 220, "tweet_count": 1149, "listed_count": 567}, "location": "Los Angeles, CA", "id": "807003567605227520", "username": "realamberheard", "url": "https://t.co/Ze18Ek9SOI"}}, "author": {"name": "Michelle\ud83d\udc8b\u2764\ufe0f\ud83d\udd78\ud83e\udd40\ud83d\udcd6", "profile_image_url": "https://pbs.twimg.com/profile_images/1103782257377062914/NZ9kKTo1_normal.jpg", "created_at": "2019-03-07T22:18:46.000Z", "description": "", "public_metrics": {"followers_count": 485, "following_count": 246, "tweet_count": 10636, "listed_count": 0}, "id": "1103782066309791751", "username": "M1che11ePearl", "url": ""}}, {"public_metrics": {"retweet_count": 0, "reply_count": 0, "like_count": 1, "quote_count": 0}, "author_id": "3216078659", "lang": "en", "source": "Twitter Web App", "created_at": "2019-05-17T14:00:03.000Z", "referenced_tweets": [{"type": "quoted", "id": "1129379099053568002"}], "id": "1129386100013715456", "entities": {"urls": [{"start": 204, "end": 227, "url": "https://t.co/QjfdXhnQJI", "expanded_url": "https://twitter.com/realamberheard/status/1129379099053568002", "display_url": "twitter.com/realamberheard\u2026"}]}, "text": "The truth is a woman's best weapon; and as long as a woman is telling the truth, it's always fighting the good fight, a fight that she'll win because the truth always comes out in the end no matter what! https://t.co/QjfdXhnQJI", "quoted_tweet": {"public_metrics": {"retweet_count": 104, "reply_count": 65, "like_count": 518, "quote_count": 16}, "author_id": "807003567605227520", "lang": "en", "source": "Twitter for iPhone", "created_at": "2019-05-17T13:32:14.000Z", "referenced_tweets": [{"type": "quoted", "id": "1129373843099774976"}], "id": "1129379099053568002", "entities": {"urls": [{"start": 228, "end": 251, "url": "https://t.co/mF5SNNj3tg", "expanded_url": "https://twitter.com/OhNoSheTwitnt/status/1129373843099774976", "display_url": "twitter.com/OhNoSheTwitnt/\u2026"}]}, "text": "Intimate partner violence happens behind closed doors. That\u2019s how violence against women works. Burden of proof is already on us just as women, add to that an accusation? Good luck, sister. How much more can we f*k women over?! https://t.co/mF5SNNj3tg", "author": {"name": "Amber Heard", "profile_image_url": "https://pbs.twimg.com/profile_images/1383196364792680448/N8CdupEu_normal.jpg", "created_at": "2016-12-08T23:26:58.000Z", "description": "Actor and Activist, semi-professional disruptor, ice cream advocate and shameless teacup yorkie-lover", "public_metrics": {"followers_count": 190338, "following_count": 220, "tweet_count": 1149, "listed_count": 567}, "location": "Los Angeles, CA", "id": "807003567605227520", "username": "realamberheard", "url": "https://t.co/Ze18Ek9SOI"}}, "author": {"name": "GGCIR8991", "profile_image_url": "https://pbs.twimg.com/profile_images/1501219816522219520/SQVX3N2b_normal.jpg", "created_at": "2015-04-28T07:17:35.000Z", "description": "On the internet, you can be pretty much anything you want, it's just kinda weird that so many people choose to be idiots and assholes", "public_metrics": {"followers_count": 1465, "following_count": 1323, "tweet_count": 163095, "listed_count": 17}, "id": "3216078659", "username": "GGCIR8991", "url": ""}}, {"public_metrics": {"retweet_count": 0, "reply_count": 0, "like_count": 0, "quote_count": 0}, "author_id": "260898190", "lang": "pt", "source": "Twitter for Android", "created_at": "2019-05-17T13:34:03.000Z", "referenced_tweets": [{"type": "quoted", "id": "1129379099053568002"}], "id": "1129379555796541441", "entities": {"urls": [{"start": 28, "end": 51, "url": "https://t.co/7d51zJ6NZF", "expanded_url": "https://twitter.com/realamberheard/status/1129379099053568002", "display_url": "twitter.com/realamberheard\u2026"}]}, "text": "Minha filha sabe o que diz! https://t.co/7d51zJ6NZF", "quoted_tweet": {"public_metrics": {"retweet_count": 104, "reply_count": 65, "like_count": 518, "quote_count": 16}, "author_id": "807003567605227520", "lang": "en", "source": "Twitter for iPhone", "created_at": "2019-05-17T13:32:14.000Z", "referenced_tweets": [{"type": "quoted", "id": "1129373843099774976"}], "id": "1129379099053568002", "entities": {"urls": [{"start": 228, "end": 251, "url": "https://t.co/mF5SNNj3tg", "expanded_url": "https://twitter.com/OhNoSheTwitnt/status/1129373843099774976", "display_url": "twitter.com/OhNoSheTwitnt/\u2026"}]}, "text": "Intimate partner violence happens behind closed doors. That\u2019s how violence against women works. Burden of proof is already on us just as women, add to that an accusation? Good luck, sister. How much more can we f*k women over?! https://t.co/mF5SNNj3tg", "author": {"name": "Amber Heard", "profile_image_url": "https://pbs.twimg.com/profile_images/1383196364792680448/N8CdupEu_normal.jpg", "created_at": "2016-12-08T23:26:58.000Z", "description": "Actor and Activist, semi-professional disruptor, ice cream advocate and shameless teacup yorkie-lover", "public_metrics": {"followers_count": 190338, "following_count": 220, "tweet_count": 1149, "listed_count": 567}, "location": "Los Angeles, CA", "id": "807003567605227520", "username": "realamberheard", "url": "https://t.co/Ze18Ek9SOI"}}, "author": {"name": "Mah| on happy hour\ud83c\udf79", "profile_image_url": "https://pbs.twimg.com/profile_images/1501533257594294277/y6BGxKOr_normal.jpg", "created_at": "2011-03-04T20:57:45.000Z", "description": "De p\u00e9 diante do mundo. De joelhos diante de: S\u00edlvia/Le\u00f3n Navarro,Amber Heard,Bia Arantes,Katy Perry,Melanie Zanetti,Giulio Berruti,Selton M e Mariana Ximenes\u2764", "public_metrics": {"followers_count": 1568, "following_count": 398, "tweet_count": 129532, "listed_count": 15}, "location": "Macap\u00e1, Brasil", "id": "260898190", "username": "MarleneB_", "url": ""}}]