[{"public_metrics": {"retweet_count": 0, "reply_count": 0, "like_count": 5, "quote_count": 0}, "referenced_tweets": [{"type": "quoted", "id": "1129166494452113408"}], "id": "1129359227082948609", "source": "Twitter for iPhone", "lang": "en", "entities": {"urls": [{"start": 71, "end": 94, "url": "https://t.co/v29UMfc7vC", "expanded_url": "https://twitter.com/realamberheard/status/1129166494452113408", "display_url": "twitter.com/realamberheard\u2026"}], "annotations": [{"start": 0, "end": 4, "probability": 0.9695, "type": "Person", "normalized_text": "Amber"}]}, "created_at": "2019-05-17T12:13:16.000Z", "text": "Amber Heard roasting misogynistic boors is the definition of aesthetic https://t.co/v29UMfc7vC", "author_id": "1527469560", "quoted_tweet": {"public_metrics": {"retweet_count": 26, "reply_count": 23, "like_count": 119, "quote_count": 16}, "referenced_tweets": [{"type": "replied_to", "id": "1129029011252891648"}], "id": "1129166494452113408", "source": "Twitter for iPhone", "lang": "en", "created_at": "2019-05-16T23:27:25.000Z", "text": "@JeremyDixonDJ @lesbhcnest Good! Just read headlines for 2 months, you\u2019ll learn everything!", "author_id": "807003567605227520", "entities": {"mentions": [{"start": 0, "end": 14, "username": "JeremyDixonDJ", "id": "423442459"}]}, "in_reply_to_user_id": "423442459", "author": {"description": "Actor and Activist, semi-professional disruptor, ice cream advocate and shameless teacup yorkie-lover", "profile_image_url": "https://pbs.twimg.com/profile_images/1383196364792680448/N8CdupEu_normal.jpg", "id": "807003567605227520", "name": "Amber Heard", "public_metrics": {"followers_count": 190338, "following_count": 220, "tweet_count": 1149, "listed_count": 567}, "username": "realamberheard", "created_at": "2016-12-08T23:26:58.000Z", "location": "Los Angeles, CA", "url": "https://t.co/Ze18Ek9SOI"}}, "author": {"description": "Feminist Liberal Women Rights Advocate #MeToo #TimesUp Pro-Choice #BlackLivesMatter // Michelle Williams Brie Larson Leonardo DiCaprio", "profile_image_url": "https://pbs.twimg.com/profile_images/1383757376726048771/8EY4DIbq_normal.jpg", "id": "1527469560", "name": "Irma", "public_metrics": {"followers_count": 305, "following_count": 776, "tweet_count": 29507, "listed_count": 11}, "username": "IrWayLiberal", "created_at": "2013-06-18T11:16:57.000Z", "url": ""}}, {"public_metrics": {"retweet_count": 0, "reply_count": 0, "like_count": 0, "quote_count": 0}, "referenced_tweets": [{"type": "quoted", "id": "1129166494452113408"}], "id": "1129314805318324224", "source": "Twitter for Android", "lang": "tr", "entities": {"urls": [{"start": 14, "end": 37, "url": "https://t.co/fNAWZWizgJ", "expanded_url": "https://twitter.com/realamberheard/status/1129166494452113408", "display_url": "twitter.com/realamberheard\u2026"}]}, "created_at": "2019-05-17T09:16:45.000Z", "text": "AMBER SDFGHKL https://t.co/fNAWZWizgJ", "author_id": "2717305296", "quoted_tweet": {"public_metrics": {"retweet_count": 26, "reply_count": 23, "like_count": 119, "quote_count": 16}, "referenced_tweets": [{"type": "replied_to", "id": "1129029011252891648"}], "id": "1129166494452113408", "source": "Twitter for iPhone", "lang": "en", "created_at": "2019-05-16T23:27:25.000Z", "text": "@JeremyDixonDJ @lesbhcnest Good! Just read headlines for 2 months, you\u2019ll learn everything!", "author_id": "807003567605227520", "entities": {"mentions": [{"start": 0, "end": 14, "username": "JeremyDixonDJ", "id": "423442459"}]}, "in_reply_to_user_id": "423442459", "author": {"description": "Actor and Activist, semi-professional disruptor, ice cream advocate and shameless teacup yorkie-lover", "profile_image_url": "https://pbs.twimg.com/profile_images/1383196364792680448/N8CdupEu_normal.jpg", "id": "807003567605227520", "name": "Amber Heard", "public_metrics": {"followers_count": 190338, "following_count": 220, "tweet_count": 1149, "listed_count": 567}, "username": "realamberheard", "created_at": "2016-12-08T23:26:58.000Z", "location": "Los Angeles, CA", "url": "https://t.co/Ze18Ek9SOI"}}, "author": {"description": "welcome to depression town \ud83c\udff3\ufe0f\u200d\ud83c\udf08\u2728 hablo sola de libros, series, dramas y cosas random", "profile_image_url": "https://pbs.twimg.com/profile_images/1503059856382644227/QPcdkpna_normal.jpg", "id": "2717305296", "name": "luc\u00eda;", "public_metrics": {"followers_count": 10, "following_count": 92, "tweet_count": 9284, "listed_count": 1}, "username": "bluesn_", "created_at": "2014-08-08T15:27:56.000Z", "location": "andaluc\u00eda", "url": ""}}, {"public_metrics": {"retweet_count": 0, "reply_count": 0, "like_count": 0, "quote_count": 0}, "referenced_tweets": [{"type": "quoted", "id": "1129166494452113408"}], "id": "1129254196337889280", "source": "Twitter for Android", "lang": "sv", "entities": {"urls": [{"start": 8, "end": 31, "url": "https://t.co/carXpijOEh", "expanded_url": "https://twitter.com/realamberheard/status/1129166494452113408", "display_url": "twitter.com/realamberheard\u2026"}]}, "created_at": "2019-05-17T05:15:55.000Z", "text": "DRAG HA https://t.co/carXpijOEh", "author_id": "48953382", "quoted_tweet": {"public_metrics": {"retweet_count": 26, "reply_count": 23, "like_count": 119, "quote_count": 16}, "referenced_tweets": [{"type": "replied_to", "id": "1129029011252891648"}], "id": "1129166494452113408", "source": "Twitter for iPhone", "lang": "en", "created_at": "2019-05-16T23:27:25.000Z", "text": "@JeremyDixonDJ @lesbhcnest Good! Just read headlines for 2 months, you\u2019ll learn everything!", "author_id": "807003567605227520", "entities": {"mentions": [{"start": 0, "end": 14, "username": "JeremyDixonDJ", "id": "423442459"}]}, "in_reply_to_user_id": "423442459", "author": {"description": "Actor and Activist, semi-professional disruptor, ice cream advocate and shameless teacup yorkie-lover", "profile_image_url": "https://pbs.twimg.com/profile_images/1383196364792680448/N8CdupEu_normal.jpg", "id": "807003567605227520", "name": "Amber Heard", "public_metrics": {"followers_count": 190338, "following_count": 220, "tweet_count": 1149, "listed_count": 567}, "username": "realamberheard", "created_at": "2016-12-08T23:26:58.000Z", "location": "Los Angeles, CA", "url": "https://t.co/Ze18Ek9SOI"}}, "author": {"description": "cada mes me malpego con algo diferente. ex dc comics shill", "profile_image_url": "https://pbs.twimg.com/profile_images/1375216102020673540/fe9QkQzL_normal.jpg", "id": "48953382", "name": "howly berry", "public_metrics": {"followers_count": 578, "following_count": 91, "tweet_count": 228630, "listed_count": 20}, "username": "rhmxo", "created_at": "2009-06-20T07:29:50.000Z", "location": "\ud83c\uddfb\ud83c\uddea unfortunately", "url": ""}}, {"public_metrics": {"retweet_count": 3, "reply_count": 0, "like_count": 0, "quote_count": 0}, "referenced_tweets": [{"type": "retweeted", "id": "1129228509296168966"}], "id": "1129234196247924737", "source": "Twitter for Android", "lang": "und", "entities": {"urls": [{"start": 20, "end": 43, "url": "https://t.co/PB0MkZrN8j", "expanded_url": "https://twitter.com/realamberheard/status/1129166494452113408", "display_url": "twitter.com/realamberheard\u2026"}], "mentions": [{"start": 3, "end": 18, "username": "jxsticeleagues", "id": "1235599722"}]}, "created_at": "2019-05-17T03:56:27.000Z", "text": "RT @jxsticeleagues: https://t.co/PB0MkZrN8j https://t.co/RndF64AwG3", "author_id": "1590498835", "quoted_tweet": {"public_metrics": {"retweet_count": 26, "reply_count": 23, "like_count": 119, "quote_count": 16}, "referenced_tweets": [{"type": "replied_to", "id": "1129029011252891648"}], "id": "1129166494452113408", "source": "Twitter for iPhone", "lang": "en", "created_at": "2019-05-16T23:27:25.000Z", "text": "@JeremyDixonDJ @lesbhcnest Good! Just read headlines for 2 months, you\u2019ll learn everything!", "author_id": "807003567605227520", "entities": {"mentions": [{"start": 0, "end": 14, "username": "JeremyDixonDJ", "id": "423442459"}]}, "in_reply_to_user_id": "423442459", "author": {"description": "Actor and Activist, semi-professional disruptor, ice cream advocate and shameless teacup yorkie-lover", "profile_image_url": "https://pbs.twimg.com/profile_images/1383196364792680448/N8CdupEu_normal.jpg", "id": "807003567605227520", "name": "Amber Heard", "public_metrics": {"followers_count": 190338, "following_count": 220, "tweet_count": 1149, "listed_count": 567}, "username": "realamberheard", "created_at": "2016-12-08T23:26:58.000Z", "location": "Los Angeles, CA", "url": "https://t.co/Ze18Ek9SOI"}}, "author": {"description": "{ films, tv shows, dc, marvel, lee howon, infinite, figure skating }", "profile_image_url": "https://pbs.twimg.com/profile_images/1505460256490819587/-1SOweKm_normal.jpg", "id": "1590498835", "name": "hum.", "public_metrics": {"followers_count": 2203, "following_count": 558, "tweet_count": 103404, "listed_count": 0}, "username": "hoyablooms", "created_at": "2013-07-13T08:15:30.000Z", "url": "https://t.co/Tf4D9rRPHk"}}, {"public_metrics": {"retweet_count": 0, "reply_count": 0, "like_count": 0, "quote_count": 0}, "referenced_tweets": [{"type": "quoted", "id": "1129166494452113408"}], "id": "1129233139790995456", "source": "Twitter for Android", "lang": "en", "entities": {"urls": [{"start": 9, "end": 32, "url": "https://t.co/YQxVs6mtMT", "expanded_url": "https://twitter.com/realamberheard/status/1129166494452113408", "display_url": "twitter.com/realamberheard\u2026"}], "annotations": [{"start": 0, "end": 6, "probability": 0.5374, "type": "Person", "normalized_text": "Anna ou"}]}, "created_at": "2019-05-17T03:52:15.000Z", "text": "Anna ou- https://t.co/YQxVs6mtMT", "author_id": "762846798247436288", "quoted_tweet": {"public_metrics": {"retweet_count": 26, "reply_count": 23, "like_count": 119, "quote_count": 16}, "referenced_tweets": [{"type": "replied_to", "id": "1129029011252891648"}], "id": "1129166494452113408", "source": "Twitter for iPhone", "lang": "en", "created_at": "2019-05-16T23:27:25.000Z", "text": "@JeremyDixonDJ @lesbhcnest Good! Just read headlines for 2 months, you\u2019ll learn everything!", "author_id": "807003567605227520", "entities": {"mentions": [{"start": 0, "end": 14, "username": "JeremyDixonDJ", "id": "423442459"}]}, "in_reply_to_user_id": "423442459", "author": {"description": "Actor and Activist, semi-professional disruptor, ice cream advocate and shameless teacup yorkie-lover", "profile_image_url": "https://pbs.twimg.com/profile_images/1383196364792680448/N8CdupEu_normal.jpg", "id": "807003567605227520", "name": "Amber Heard", "public_metrics": {"followers_count": 190338, "following_count": 220, "tweet_count": 1149, "listed_count": 567}, "username": "realamberheard", "created_at": "2016-12-08T23:26:58.000Z", "location": "Los Angeles, CA", "url": "https://t.co/Ze18Ek9SOI"}}, "author": {"description": "mos \u2022 bvs \u2022 zsjl \u2022 sm2 \u2022  tasm \u2022 nwh \ud83e\udec2", "profile_image_url": "https://pbs.twimg.com/profile_images/1485138877992087553/UWVy8GMA_normal.jpg", "id": "762846798247436288", "name": "\u2665\ufe0f", "public_metrics": {"followers_count": 1318, "following_count": 238, "tweet_count": 44061, "listed_count": 20}, "username": "margotsharly", "created_at": "2016-08-09T03:03:44.000Z", "location": "she/her ", "url": ""}}, {"public_metrics": {"retweet_count": 0, "reply_count": 0, "like_count": 1, "quote_count": 0}, "referenced_tweets": [{"type": "quoted", "id": "1129166494452113408"}], "id": "1129230482892296192", "source": "Twitter for Android", "lang": "en", "entities": {"urls": [{"start": 33, "end": 56, "url": "https://t.co/ebc3x9wX0r", "expanded_url": "https://twitter.com/realamberheard/status/1129166494452113408", "display_url": "twitter.com/realamberheard\u2026"}], "annotations": [{"start": 24, "end": 29, "probability": 0.7804, "type": "Person", "normalized_text": "Thanos"}]}, "created_at": "2019-05-17T03:41:41.000Z", "text": "Sis snapped harder than Thanos \ud83d\udcaa https://t.co/ebc3x9wX0r", "author_id": "1097091778681946113", "quoted_tweet": {"public_metrics": {"retweet_count": 26, "reply_count": 23, "like_count": 119, "quote_count": 16}, "referenced_tweets": [{"type": "replied_to", "id": "1129029011252891648"}], "id": "1129166494452113408", "source": "Twitter for iPhone", "lang": "en", "created_at": "2019-05-16T23:27:25.000Z", "text": "@JeremyDixonDJ @lesbhcnest Good! Just read headlines for 2 months, you\u2019ll learn everything!", "author_id": "807003567605227520", "entities": {"mentions": [{"start": 0, "end": 14, "username": "JeremyDixonDJ", "id": "423442459"}]}, "in_reply_to_user_id": "423442459", "author": {"description": "Actor and Activist, semi-professional disruptor, ice cream advocate and shameless teacup yorkie-lover", "profile_image_url": "https://pbs.twimg.com/profile_images/1383196364792680448/N8CdupEu_normal.jpg", "id": "807003567605227520", "name": "Amber Heard", "public_metrics": {"followers_count": 190338, "following_count": 220, "tweet_count": 1149, "listed_count": 567}, "username": "realamberheard", "created_at": "2016-12-08T23:26:58.000Z", "location": "Los Angeles, CA", "url": "https://t.co/Ze18Ek9SOI"}}, "author": {"description": "mostly stuff i watched and people i like. occasionally a hater", "profile_image_url": "https://pbs.twimg.com/profile_images/1495053641266475010/0Mg74J0t_normal.jpg", "id": "1097091778681946113", "name": "ayesha", "public_metrics": {"followers_count": 606, "following_count": 366, "tweet_count": 11980, "listed_count": 4}, "username": "scootmcnairyy", "created_at": "2019-02-17T11:13:57.000Z", "location": "free palestine", "url": "https://t.co/HIOdQG9lzr"}}, {"public_metrics": {"retweet_count": 0, "reply_count": 0, "like_count": 1, "quote_count": 0}, "referenced_tweets": [{"type": "quoted", "id": "1129166494452113408"}], "id": "1129229322756091905", "source": "Twitter for iPhone", "lang": "en", "entities": {"urls": [{"start": 22, "end": 45, "url": "https://t.co/EnHFu8Jzrz", "expanded_url": "https://twitter.com/theriseofreylo/status/1129229322756091905/photo/1", "display_url": "pic.twitter.com/EnHFu8Jzrz"}, {"start": 46, "end": 69, "url": "https://t.co/A5LmOELbzL", "expanded_url": "https://twitter.com/realamberheard/status/1129166494452113408", "display_url": "twitter.com/realamberheard\u2026"}], "annotations": [{"start": 0, "end": 4, "probability": 0.9547, "type": "Person", "normalized_text": "Amber"}]}, "created_at": "2019-05-17T03:37:05.000Z", "text": "Amber is DONE playing https://t.co/EnHFu8Jzrz https://t.co/A5LmOELbzL", "author_id": "3197052938", "quoted_tweet": {"public_metrics": {"retweet_count": 26, "reply_count": 23, "like_count": 119, "quote_count": 16}, "referenced_tweets": [{"type": "replied_to", "id": "1129029011252891648"}], "id": "1129166494452113408", "source": "Twitter for iPhone", "lang": "en", "created_at": "2019-05-16T23:27:25.000Z", "text": "@JeremyDixonDJ @lesbhcnest Good! Just read headlines for 2 months, you\u2019ll learn everything!", "author_id": "807003567605227520", "entities": {"mentions": [{"start": 0, "end": 14, "username": "JeremyDixonDJ", "id": "423442459"}]}, "in_reply_to_user_id": "423442459", "author": {"description": "Actor and Activist, semi-professional disruptor, ice cream advocate and shameless teacup yorkie-lover", "profile_image_url": "https://pbs.twimg.com/profile_images/1383196364792680448/N8CdupEu_normal.jpg", "id": "807003567605227520", "name": "Amber Heard", "public_metrics": {"followers_count": 190338, "following_count": 220, "tweet_count": 1149, "listed_count": 567}, "username": "realamberheard", "created_at": "2016-12-08T23:26:58.000Z", "location": "Los Angeles, CA", "url": "https://t.co/Ze18Ek9SOI"}}, "author": {"description": "#THEDARKLING: bow down to \u5973\u5e1d lalisa \u2014 selena. LISA. jisoo. REYLO. *kpop + disney + marvel ANTI.* she/her. #FREEPALESTINE @OnlyMurdersHulu", "profile_image_url": "https://pbs.twimg.com/profile_images/1474860128390107138/ht2sGzaW_normal.jpg", "id": "3197052938", "name": "#1 eremika shipper", "public_metrics": {"followers_count": 478, "following_count": 296, "tweet_count": 72559, "listed_count": 7}, "username": "SELPINKTEA", "created_at": "2015-05-16T06:53:53.000Z", "location": "18+ pls", "url": "https://t.co/w9CVgNXjCn"}}, {"public_metrics": {"retweet_count": 3, "reply_count": 0, "like_count": 0, "quote_count": 0}, "referenced_tweets": [{"type": "retweeted", "id": "1129228509296168966"}], "id": "1129229141503438849", "source": "Twitter for iPhone", "lang": "und", "entities": {"urls": [{"start": 20, "end": 43, "url": "https://t.co/PB0MkZrN8j", "expanded_url": "https://twitter.com/realamberheard/status/1129166494452113408", "display_url": "twitter.com/realamberheard\u2026"}], "mentions": [{"start": 3, "end": 18, "username": "jxsticeleagues", "id": "1235599722"}]}, "created_at": "2019-05-17T03:36:22.000Z", "text": "RT @jxsticeleagues: https://t.co/PB0MkZrN8j https://t.co/RndF64AwG3", "author_id": "3197052938", "quoted_tweet": {"public_metrics": {"retweet_count": 26, "reply_count": 23, "like_count": 119, "quote_count": 16}, "referenced_tweets": [{"type": "replied_to", "id": "1129029011252891648"}], "id": "1129166494452113408", "source": "Twitter for iPhone", "lang": "en", "created_at": "2019-05-16T23:27:25.000Z", "text": "@JeremyDixonDJ @lesbhcnest Good! Just read headlines for 2 months, you\u2019ll learn everything!", "author_id": "807003567605227520", "entities": {"mentions": [{"start": 0, "end": 14, "username": "JeremyDixonDJ", "id": "423442459"}]}, "in_reply_to_user_id": "423442459", "author": {"description": "Actor and Activist, semi-professional disruptor, ice cream advocate and shameless teacup yorkie-lover", "profile_image_url": "https://pbs.twimg.com/profile_images/1383196364792680448/N8CdupEu_normal.jpg", "id": "807003567605227520", "name": "Amber Heard", "public_metrics": {"followers_count": 190338, "following_count": 220, "tweet_count": 1149, "listed_count": 567}, "username": "realamberheard", "created_at": "2016-12-08T23:26:58.000Z", "location": "Los Angeles, CA", "url": "https://t.co/Ze18Ek9SOI"}}, "author": {"description": "#THEDARKLING: bow down to \u5973\u5e1d lalisa \u2014 selena. LISA. jisoo. REYLO. *kpop + disney + marvel ANTI.* she/her. #FREEPALESTINE @OnlyMurdersHulu", "profile_image_url": "https://pbs.twimg.com/profile_images/1474860128390107138/ht2sGzaW_normal.jpg", "id": "3197052938", "name": "#1 eremika shipper", "public_metrics": {"followers_count": 478, "following_count": 296, "tweet_count": 72559, "listed_count": 7}, "username": "SELPINKTEA", "created_at": "2015-05-16T06:53:53.000Z", "location": "18+ pls", "url": "https://t.co/w9CVgNXjCn"}}, {"public_metrics": {"retweet_count": 3, "reply_count": 0, "like_count": 0, "quote_count": 0}, "referenced_tweets": [{"type": "retweeted", "id": "1129228509296168966"}], "id": "1129228683603075073", "source": "Twitter for iPhone", "lang": "und", "entities": {"urls": [{"start": 20, "end": 43, "url": "https://t.co/PB0MkZrN8j", "expanded_url": "https://twitter.com/realamberheard/status/1129166494452113408", "display_url": "twitter.com/realamberheard\u2026"}], "mentions": [{"start": 3, "end": 18, "username": "jxsticeleagues", "id": "1235599722"}]}, "created_at": "2019-05-17T03:34:32.000Z", "text": "RT @jxsticeleagues: https://t.co/PB0MkZrN8j https://t.co/RndF64AwG3", "author_id": "411031635", "quoted_tweet": {"public_metrics": {"retweet_count": 26, "reply_count": 23, "like_count": 119, "quote_count": 16}, "referenced_tweets": [{"type": "replied_to", "id": "1129029011252891648"}], "id": "1129166494452113408", "source": "Twitter for iPhone", "lang": "en", "created_at": "2019-05-16T23:27:25.000Z", "text": "@JeremyDixonDJ @lesbhcnest Good! Just read headlines for 2 months, you\u2019ll learn everything!", "author_id": "807003567605227520", "entities": {"mentions": [{"start": 0, "end": 14, "username": "JeremyDixonDJ", "id": "423442459"}]}, "in_reply_to_user_id": "423442459", "author": {"description": "Actor and Activist, semi-professional disruptor, ice cream advocate and shameless teacup yorkie-lover", "profile_image_url": "https://pbs.twimg.com/profile_images/1383196364792680448/N8CdupEu_normal.jpg", "id": "807003567605227520", "name": "Amber Heard", "public_metrics": {"followers_count": 190338, "following_count": 220, "tweet_count": 1149, "listed_count": 567}, "username": "realamberheard", "created_at": "2016-12-08T23:26:58.000Z", "location": "Los Angeles, CA", "url": "https://t.co/Ze18Ek9SOI"}}, "author": {"description": "", "profile_image_url": "https://pbs.twimg.com/profile_images/1499897825101959168/XcpdVDBt_normal.jpg", "id": "411031635", "name": "pbw", "public_metrics": {"followers_count": 635, "following_count": 620, "tweet_count": 89862, "listed_count": 11}, "username": "darkxknighted", "created_at": "2011-11-12T22:18:46.000Z", "location": "to", "url": "https://t.co/vf3hJa2DvZ"}}, {"public_metrics": {"retweet_count": 0, "reply_count": 0, "like_count": 2, "quote_count": 0}, "referenced_tweets": [{"type": "quoted", "id": "1129166494452113408"}], "id": "1129228654385475584", "source": "Twitter for iPhone", "lang": "en", "entities": {"urls": [{"start": 7, "end": 30, "url": "https://t.co/W1Ore0Og59", "expanded_url": "https://twitter.com/realamberheard/status/1129166494452113408", "display_url": "twitter.com/realamberheard\u2026"}]}, "created_at": "2019-05-17T03:34:25.000Z", "text": "Queen. https://t.co/W1Ore0Og59", "author_id": "411031635", "quoted_tweet": {"public_metrics": {"retweet_count": 26, "reply_count": 23, "like_count": 119, "quote_count": 16}, "referenced_tweets": [{"type": "replied_to", "id": "1129029011252891648"}], "id": "1129166494452113408", "source": "Twitter for iPhone", "lang": "en", "created_at": "2019-05-16T23:27:25.000Z", "text": "@JeremyDixonDJ @lesbhcnest Good! Just read headlines for 2 months, you\u2019ll learn everything!", "author_id": "807003567605227520", "entities": {"mentions": [{"start": 0, "end": 14, "username": "JeremyDixonDJ", "id": "423442459"}]}, "in_reply_to_user_id": "423442459", "author": {"description": "Actor and Activist, semi-professional disruptor, ice cream advocate and shameless teacup yorkie-lover", "profile_image_url": "https://pbs.twimg.com/profile_images/1383196364792680448/N8CdupEu_normal.jpg", "id": "807003567605227520", "name": "Amber Heard", "public_metrics": {"followers_count": 190338, "following_count": 220, "tweet_count": 1149, "listed_count": 567}, "username": "realamberheard", "created_at": "2016-12-08T23:26:58.000Z", "location": "Los Angeles, CA", "url": "https://t.co/Ze18Ek9SOI"}}, "author": {"description": "", "profile_image_url": "https://pbs.twimg.com/profile_images/1499897825101959168/XcpdVDBt_normal.jpg", "id": "411031635", "name": "pbw", "public_metrics": {"followers_count": 635, "following_count": 620, "tweet_count": 89862, "listed_count": 11}, "username": "darkxknighted", "created_at": "2011-11-12T22:18:46.000Z", "location": "to", "url": "https://t.co/vf3hJa2DvZ"}}, {"public_metrics": {"retweet_count": 3, "reply_count": 0, "like_count": 6, "quote_count": 0}, "referenced_tweets": [{"type": "quoted", "id": "1129166494452113408"}], "id": "1129228509296168966", "source": "Twitter for iPhone", "lang": "und", "entities": {"urls": [{"start": 0, "end": 23, "url": "https://t.co/RndF64AwG3", "expanded_url": "https://twitter.com/jxsticeleagues/status/1129228509296168966/photo/1", "display_url": "pic.twitter.com/RndF64AwG3"}, {"start": 24, "end": 47, "url": "https://t.co/PB0MkZrN8j", "expanded_url": "https://twitter.com/realamberheard/status/1129166494452113408", "display_url": "twitter.com/realamberheard\u2026"}]}, "created_at": "2019-05-17T03:33:51.000Z", "text": "https://t.co/RndF64AwG3 https://t.co/PB0MkZrN8j", "author_id": "1235599722", "quoted_tweet": {"public_metrics": {"retweet_count": 26, "reply_count": 23, "like_count": 119, "quote_count": 16}, "referenced_tweets": [{"type": "replied_to", "id": "1129029011252891648"}], "id": "1129166494452113408", "source": "Twitter for iPhone", "lang": "en", "created_at": "2019-05-16T23:27:25.000Z", "text": "@JeremyDixonDJ @lesbhcnest Good! Just read headlines for 2 months, you\u2019ll learn everything!", "author_id": "807003567605227520", "entities": {"mentions": [{"start": 0, "end": 14, "username": "JeremyDixonDJ", "id": "423442459"}]}, "in_reply_to_user_id": "423442459", "author": {"description": "Actor and Activist, semi-professional disruptor, ice cream advocate and shameless teacup yorkie-lover", "profile_image_url": "https://pbs.twimg.com/profile_images/1383196364792680448/N8CdupEu_normal.jpg", "id": "807003567605227520", "name": "Amber Heard", "public_metrics": {"followers_count": 190338, "following_count": 220, "tweet_count": 1149, "listed_count": 567}, "username": "realamberheard", "created_at": "2016-12-08T23:26:58.000Z", "location": "Los Angeles, CA", "url": "https://t.co/Ze18Ek9SOI"}}, "author": {"description": "flop era // BLACK LIVES MATTER", "profile_image_url": "https://pbs.twimg.com/profile_images/1500121182061969415/hQfcd0pY_normal.jpg", "id": "1235599722", "name": "bri SAW THE BATMAN", "public_metrics": {"followers_count": 866, "following_count": 518, "tweet_count": 34006, "listed_count": 10}, "username": "jxsticeleagues", "created_at": "2013-03-02T17:49:59.000Z", "location": "20 she/her", "url": "https://t.co/UpCLoMD85m"}}, {"public_metrics": {"retweet_count": 0, "reply_count": 0, "like_count": 0, "quote_count": 0}, "referenced_tweets": [{"type": "quoted", "id": "1129166494452113408"}], "id": "1129226505417035781", "source": "Twitter Web App", "lang": "en", "entities": {"urls": [{"start": 39, "end": 62, "url": "https://t.co/ANvsVhP914", "expanded_url": "https://twitter.com/realamberheard/status/1129166494452113408", "display_url": "twitter.com/realamberheard\u2026"}]}, "created_at": "2019-05-17T03:25:53.000Z", "text": "I love my Atlantean Queen laying waste https://t.co/ANvsVhP914", "author_id": "1708733114", "quoted_tweet": {"public_metrics": {"retweet_count": 26, "reply_count": 23, "like_count": 119, "quote_count": 16}, "referenced_tweets": [{"type": "replied_to", "id": "1129029011252891648"}], "id": "1129166494452113408", "source": "Twitter for iPhone", "lang": "en", "created_at": "2019-05-16T23:27:25.000Z", "text": "@JeremyDixonDJ @lesbhcnest Good! Just read headlines for 2 months, you\u2019ll learn everything!", "author_id": "807003567605227520", "entities": {"mentions": [{"start": 0, "end": 14, "username": "JeremyDixonDJ", "id": "423442459"}]}, "in_reply_to_user_id": "423442459", "author": {"description": "Actor and Activist, semi-professional disruptor, ice cream advocate and shameless teacup yorkie-lover", "profile_image_url": "https://pbs.twimg.com/profile_images/1383196364792680448/N8CdupEu_normal.jpg", "id": "807003567605227520", "name": "Amber Heard", "public_metrics": {"followers_count": 190338, "following_count": 220, "tweet_count": 1149, "listed_count": 567}, "username": "realamberheard", "created_at": "2016-12-08T23:26:58.000Z", "location": "Los Angeles, CA", "url": "https://t.co/Ze18Ek9SOI"}}, "author": {"description": "In the future... it pays to be more than human.", "profile_image_url": "https://pbs.twimg.com/profile_images/1492545802136346632/nU5pRuhM_normal.jpg", "id": "1708733114", "name": "Niklander is their Nemesis", "public_metrics": {"followers_count": 1068, "following_count": 2789, "tweet_count": 215043, "listed_count": 39}, "username": "niklander2", "created_at": "2013-08-29T01:31:37.000Z", "location": "\u039d\u03af\u03ba\u03b1\u03b9\u03b1, \u0395\u03bb\u03bb\u03ac\u03c2", "url": ""}}, {"public_metrics": {"retweet_count": 0, "reply_count": 0, "like_count": 0, "quote_count": 0}, "referenced_tweets": [{"type": "quoted", "id": "1129166494452113408"}], "id": "1129187373152112643", "source": "Twitter Web Client", "lang": "pt", "entities": {"urls": [{"start": 18, "end": 41, "url": "https://t.co/6MYsJ99rJd", "expanded_url": "https://twitter.com/realamberheard/status/1129166494452113408", "display_url": "twitter.com/realamberheard\u2026"}]}, "created_at": "2019-05-17T00:50:23.000Z", "text": "eu amo uma mulher https://t.co/6MYsJ99rJd", "author_id": "2724444422", "quoted_tweet": {"public_metrics": {"retweet_count": 26, "reply_count": 23, "like_count": 119, "quote_count": 16}, "referenced_tweets": [{"type": "replied_to", "id": "1129029011252891648"}], "id": "1129166494452113408", "source": "Twitter for iPhone", "lang": "en", "created_at": "2019-05-16T23:27:25.000Z", "text": "@JeremyDixonDJ @lesbhcnest Good! Just read headlines for 2 months, you\u2019ll learn everything!", "author_id": "807003567605227520", "entities": {"mentions": [{"start": 0, "end": 14, "username": "JeremyDixonDJ", "id": "423442459"}]}, "in_reply_to_user_id": "423442459", "author": {"description": "Actor and Activist, semi-professional disruptor, ice cream advocate and shameless teacup yorkie-lover", "profile_image_url": "https://pbs.twimg.com/profile_images/1383196364792680448/N8CdupEu_normal.jpg", "id": "807003567605227520", "name": "Amber Heard", "public_metrics": {"followers_count": 190338, "following_count": 220, "tweet_count": 1149, "listed_count": 567}, "username": "realamberheard", "created_at": "2016-12-08T23:26:58.000Z", "location": "Los Angeles, CA", "url": "https://t.co/Ze18Ek9SOI"}}, "author": {"description": "all r&b and hip hop culture", "profile_image_url": "https://pbs.twimg.com/profile_images/1505214911051440135/SZpWBAtg_normal.jpg", "id": "2724444422", "name": "sasa", "public_metrics": {"followers_count": 1231, "following_count": 583, "tweet_count": 61215, "listed_count": 11}, "username": "fkatwyez", "created_at": "2014-08-11T18:27:47.000Z", "url": ""}}, {"public_metrics": {"retweet_count": 0, "reply_count": 0, "like_count": 0, "quote_count": 0}, "referenced_tweets": [{"type": "quoted", "id": "1129166494452113408"}], "id": "1129186030123401222", "source": "Twitter for Android", "lang": "en", "entities": {"urls": [{"start": 17, "end": 40, "url": "https://t.co/9ED4Iyb3Fr", "expanded_url": "https://twitter.com/realamberheard/status/1129166494452113408", "display_url": "twitter.com/realamberheard\u2026"}]}, "created_at": "2019-05-17T00:45:03.000Z", "text": "YES GIRL!!!! ily https://t.co/9ED4Iyb3Fr", "author_id": "815289033890926593", "quoted_tweet": {"public_metrics": {"retweet_count": 26, "reply_count": 23, "like_count": 119, "quote_count": 16}, "referenced_tweets": [{"type": "replied_to", "id": "1129029011252891648"}], "id": "1129166494452113408", "source": "Twitter for iPhone", "lang": "en", "created_at": "2019-05-16T23:27:25.000Z", "text": "@JeremyDixonDJ @lesbhcnest Good! Just read headlines for 2 months, you\u2019ll learn everything!", "author_id": "807003567605227520", "entities": {"mentions": [{"start": 0, "end": 14, "username": "JeremyDixonDJ", "id": "423442459"}]}, "in_reply_to_user_id": "423442459", "author": {"description": "Actor and Activist, semi-professional disruptor, ice cream advocate and shameless teacup yorkie-lover", "profile_image_url": "https://pbs.twimg.com/profile_images/1383196364792680448/N8CdupEu_normal.jpg", "id": "807003567605227520", "name": "Amber Heard", "public_metrics": {"followers_count": 190338, "following_count": 220, "tweet_count": 1149, "listed_count": 567}, "username": "realamberheard", "created_at": "2016-12-08T23:26:58.000Z", "location": "Los Angeles, CA", "url": "https://t.co/Ze18Ek9SOI"}}, "author": {"description": "\u201cIf you only shine light on your flaws, \ud835\udc1a\ud835\udc25\ud835\udc25 \ud835\udc32\ud835\udc28\ud835\udc2e\ud835\udc2b \ud835\udc29\ud835\udc1e\ud835\udc2b\ud835\udc1f\ud835\udc1e\ud835\udc1c\ud835\udc2d\ud835\udc2c will dim.\u201d | @theojbrasil", "profile_image_url": "https://pbs.twimg.com/profile_images/1504521871013908487/mY6Nc8ro_normal.png", "id": "815289033890926593", "name": "kath", "public_metrics": {"followers_count": 953, "following_count": 339, "tweet_count": 19227, "listed_count": 5}, "username": "dantemotini", "created_at": "2016-12-31T20:10:27.000Z", "url": "https://t.co/IsVCERV2YF"}}, {"public_metrics": {"retweet_count": 0, "reply_count": 0, "like_count": 1, "quote_count": 0}, "id": "1129168527661965314", "source": "Twitter for iPhone", "lang": "en", "entities": {"hashtags": [{"start": 59, "end": 78, "tag": "AmberHeardIsAFraud"}, {"start": 79, "end": 100, "tag": "AmberHeardIsAnAbuser"}], "urls": [{"start": 101, "end": 124, "url": "https://t.co/ydLXimIjvo", "expanded_url": "https://twitter.com/realamberheard/status/1129166494452113408", "display_url": "twitter.com/realamberheard\u2026"}]}, "created_at": "2019-05-16T23:35:30.000Z", "text": "So can we expect another meltdown today? I\u2019m feeling lucky #AmberHeardIsAFraud #AmberHeardIsAnAbuser https://t.co/ydLXimIjvo", "author_id": "1112756109981421568", "quoted_tweet": {"public_metrics": {"retweet_count": 26, "reply_count": 23, "like_count": 119, "quote_count": 16}, "referenced_tweets": [{"type": "replied_to", "id": "1129029011252891648"}], "id": "1129166494452113408", "source": "Twitter for iPhone", "lang": "en", "created_at": "2019-05-16T23:27:25.000Z", "text": "@JeremyDixonDJ @lesbhcnest Good! Just read headlines for 2 months, you\u2019ll learn everything!", "author_id": "807003567605227520", "entities": {"mentions": [{"start": 0, "end": 14, "username": "JeremyDixonDJ", "id": "423442459"}]}, "in_reply_to_user_id": "423442459", "author": {"description": "Actor and Activist, semi-professional disruptor, ice cream advocate and shameless teacup yorkie-lover", "profile_image_url": "https://pbs.twimg.com/profile_images/1383196364792680448/N8CdupEu_normal.jpg", "id": "807003567605227520", "name": "Amber Heard", "public_metrics": {"followers_count": 190338, "following_count": 220, "tweet_count": 1149, "listed_count": 567}, "username": "realamberheard", "created_at": "2016-12-08T23:26:58.000Z", "location": "Los Angeles, CA", "url": "https://t.co/Ze18Ek9SOI"}}, "author": {"description": "medical student", "profile_image_url": "https://pbs.twimg.com/profile_images/1460264624679440387/96MQiiu4_normal.jpg", "id": "1112756109981421568", "name": "Lumos", "public_metrics": {"followers_count": 1496, "following_count": 293, "tweet_count": 66919, "listed_count": 2}, "username": "96_lumos", "created_at": "2019-04-01T16:38:25.000Z", "location": "Switzerland ", "url": "https://t.co/zJ6he1uNoq"}}]