[{"entities": {"mentions": [{"start": 8, "end": 20, "username": "brainpicker", "id": "9207632"}], "urls": [{"start": 42, "end": 65, "url": "https://t.co/WRK8FLcqsI", "expanded_url": "https://www.brainpickings.org/2019/05/17/rebecca-solnit-cinderella-liberator/", "display_url": "brainpickings.org/2019/05/17/reb\u2026"}, {"start": 68, "end": 91, "url": "https://t.co/X2QIdphm5L", "expanded_url": "https://twitter.com/realamberheard/status/1130408142641258496", "display_url": "twitter.com/realamberheard\u2026"}]}, "public_metrics": {"retweet_count": 0, "reply_count": 0, "like_count": 0, "quote_count": 0}, "author_id": "2958354993", "lang": "ca", "source": "Twitter Web Client", "created_at": "2019-05-21T13:41:30.000Z", "referenced_tweets": [{"type": "quoted", "id": "1130408142641258496"}], "id": "1130830981865324544", "text": "S/o for @brainpicker &amp; Rebecca Solnit https://t.co/WRK8FLcqsI \u2026 https://t.co/X2QIdphm5L", "quoted_tweet": {"entities": {"mentions": [{"start": 206, "end": 218, "username": "brainpicker", "id": "9207632"}], "annotations": [{"start": 0, "end": 11, "probability": 0.9875, "type": "Person", "normalized_text": "Maria Popova"}, {"start": 70, "end": 83, "probability": 0.9609, "type": "Person", "normalized_text": "Rebecca Solnit"}], "urls": [{"start": 178, "end": 201, "url": "https://t.co/Kph913Jc9P", "expanded_url": "https://www.brainpickings.org/2019/05/17/rebecca-solnit-cinderella-liberator/", "display_url": "brainpickings.org/2019/05/17/reb\u2026", "status": 200, "unwound_url": "https://www.themarginalian.org/2019/05/17/rebecca-solnit-cinderella-liberator/"}]}, "public_metrics": {"retweet_count": 34, "reply_count": 22, "like_count": 358, "quote_count": 5}, "author_id": "807003567605227520", "lang": "en", "source": "Twitter for iPad", "created_at": "2019-05-20T09:41:17.000Z", "id": "1130408142641258496", "text": "Maria Popova writes the most beautiful piece on 1 of favorite writers Rebecca Solnit \u2018on Love, Purposeful Work, and the Meaning of Liberty: An Empowered Retelling of Cinderella\u2019 https://t.co/Kph913Jc9P via @brainpicker", "author": {"name": "Amber Heard", "profile_image_url": "https://pbs.twimg.com/profile_images/1383196364792680448/N8CdupEu_normal.jpg", "created_at": "2016-12-08T23:26:58.000Z", "description": "Actor and Activist, semi-professional disruptor, ice cream advocate and shameless teacup yorkie-lover", "public_metrics": {"followers_count": 190338, "following_count": 220, "tweet_count": 1149, "listed_count": 567}, "location": "Los Angeles, CA", "id": "807003567605227520", "username": "realamberheard", "url": "https://t.co/Ze18Ek9SOI"}}, "author": {"name": "Arts&Humanities HE", "profile_image_url": "https://pbs.twimg.com/profile_images/552487321782583296/KYXwcYdE_normal.png", "created_at": "2015-01-03T12:42:32.000Z", "description": "Arts&Humanities as Higher Education:int'l research group&network;DM to blog https://t.co/90Cew2RGvF. Tweets:Dr Jan Parker,Cambridge;Founder Ed.AHHE", "public_metrics": {"followers_count": 4675, "following_count": 2973, "tweet_count": 22718, "listed_count": 130}, "id": "2958354993", "username": "AHHEresearch", "url": "https://t.co/XUlRMUnHfE"}}, {"entities": {"mentions": [{"start": 41, "end": 55, "username": "brainpickings", "id": "79783264"}], "urls": [{"start": 56, "end": 79, "url": "https://t.co/mJAaJuSsnY", "expanded_url": "https://twitter.com/realamberheard/status/1130408142641258496", "display_url": "twitter.com/realamberheard\u2026"}], "hashtags": [{"start": 22, "end": 36, "tag": "RebeccaSolnit"}]}, "public_metrics": {"retweet_count": 0, "reply_count": 0, "like_count": 0, "quote_count": 0}, "author_id": "2986205609", "lang": "en", "source": "Twitter Web Client", "created_at": "2019-05-21T03:04:30.000Z", "referenced_tweets": [{"type": "quoted", "id": "1130408142641258496"}], "id": "1130670674295574528", "text": "Two of my favorites - #RebeccaSolnit and @brainpickings https://t.co/mJAaJuSsnY", "quoted_tweet": {"entities": {"mentions": [{"start": 206, "end": 218, "username": "brainpicker", "id": "9207632"}], "annotations": [{"start": 0, "end": 11, "probability": 0.9875, "type": "Person", "normalized_text": "Maria Popova"}, {"start": 70, "end": 83, "probability": 0.9609, "type": "Person", "normalized_text": "Rebecca Solnit"}], "urls": [{"start": 178, "end": 201, "url": "https://t.co/Kph913Jc9P", "expanded_url": "https://www.brainpickings.org/2019/05/17/rebecca-solnit-cinderella-liberator/", "display_url": "brainpickings.org/2019/05/17/reb\u2026", "status": 200, "unwound_url": "https://www.themarginalian.org/2019/05/17/rebecca-solnit-cinderella-liberator/"}]}, "public_metrics": {"retweet_count": 34, "reply_count": 22, "like_count": 358, "quote_count": 5}, "author_id": "807003567605227520", "lang": "en", "source": "Twitter for iPad", "created_at": "2019-05-20T09:41:17.000Z", "id": "1130408142641258496", "text": "Maria Popova writes the most beautiful piece on 1 of favorite writers Rebecca Solnit \u2018on Love, Purposeful Work, and the Meaning of Liberty: An Empowered Retelling of Cinderella\u2019 https://t.co/Kph913Jc9P via @brainpicker", "author": {"name": "Amber Heard", "profile_image_url": "https://pbs.twimg.com/profile_images/1383196364792680448/N8CdupEu_normal.jpg", "created_at": "2016-12-08T23:26:58.000Z", "description": "Actor and Activist, semi-professional disruptor, ice cream advocate and shameless teacup yorkie-lover", "public_metrics": {"followers_count": 190338, "following_count": 220, "tweet_count": 1149, "listed_count": 567}, "location": "Los Angeles, CA", "id": "807003567605227520", "username": "realamberheard", "url": "https://t.co/Ze18Ek9SOI"}}, "author": {"name": "BrendaJoycePatterson", "profile_image_url": "https://pbs.twimg.com/profile_images/1368719394659069952/O9p2UL6-_normal.jpg", "created_at": "2015-01-19T19:09:22.000Z", "description": "#WritersDenShow host: https://t.co/9ZYynhB9AW. 2022 & 2019 @LGRWConference attendee. #AWPW2W Mentee, 2018. #DIYMFA Columnist: https://t.co/vQOJUz6cmx. #blog: https://t.co/vQOJUz6cmx", "public_metrics": {"followers_count": 419, "following_count": 640, "tweet_count": 6714, "listed_count": 8}, "location": "Florida, USA", "id": "2986205609", "username": "BJoycePatterson", "url": "https://t.co/8b9BxokDru"}}, {"public_metrics": {"retweet_count": 0, "reply_count": 0, "like_count": 0, "quote_count": 0}, "author_id": "18956652", "lang": "en", "source": "Twitter for iPhone", "created_at": "2019-05-20T18:27:44.000Z", "referenced_tweets": [{"type": "quoted", "id": "1130408142641258496"}], "id": "1130540627211350016", "entities": {"urls": [{"start": 15, "end": 38, "url": "https://t.co/nyPrgxAs86", "expanded_url": "https://twitter.com/realamberheard/status/1130408142641258496", "display_url": "twitter.com/realamberheard\u2026"}]}, "text": "Inspirational! https://t.co/nyPrgxAs86", "quoted_tweet": {"entities": {"mentions": [{"start": 206, "end": 218, "username": "brainpicker", "id": "9207632"}], "annotations": [{"start": 0, "end": 11, "probability": 0.9875, "type": "Person", "normalized_text": "Maria Popova"}, {"start": 70, "end": 83, "probability": 0.9609, "type": "Person", "normalized_text": "Rebecca Solnit"}], "urls": [{"start": 178, "end": 201, "url": "https://t.co/Kph913Jc9P", "expanded_url": "https://www.brainpickings.org/2019/05/17/rebecca-solnit-cinderella-liberator/", "display_url": "brainpickings.org/2019/05/17/reb\u2026", "status": 200, "unwound_url": "https://www.themarginalian.org/2019/05/17/rebecca-solnit-cinderella-liberator/"}]}, "public_metrics": {"retweet_count": 34, "reply_count": 22, "like_count": 358, "quote_count": 5}, "author_id": "807003567605227520", "lang": "en", "source": "Twitter for iPad", "created_at": "2019-05-20T09:41:17.000Z", "id": "1130408142641258496", "text": "Maria Popova writes the most beautiful piece on 1 of favorite writers Rebecca Solnit \u2018on Love, Purposeful Work, and the Meaning of Liberty: An Empowered Retelling of Cinderella\u2019 https://t.co/Kph913Jc9P via @brainpicker", "author": {"name": "Amber Heard", "profile_image_url": "https://pbs.twimg.com/profile_images/1383196364792680448/N8CdupEu_normal.jpg", "created_at": "2016-12-08T23:26:58.000Z", "description": "Actor and Activist, semi-professional disruptor, ice cream advocate and shameless teacup yorkie-lover", "public_metrics": {"followers_count": 190338, "following_count": 220, "tweet_count": 1149, "listed_count": 567}, "location": "Los Angeles, CA", "id": "807003567605227520", "username": "realamberheard", "url": "https://t.co/Ze18Ek9SOI"}}, "author": {"name": "Babu Subramaniam", "profile_image_url": "https://pbs.twimg.com/profile_images/1599197135/269101_2220355029950_1279905379_2666772_7553708_n_normal.jpg", "created_at": "2009-01-13T22:32:12.000Z", "description": "http://t.co/FUgbXRQZ", "public_metrics": {"followers_count": 1587, "following_count": 2684, "tweet_count": 1826, "listed_count": 14}, "location": "Los Angeles, CA", "id": "18956652", "username": "slumdogbabu", "url": "http://t.co/dKfU6wajLc"}}, {"entities": {"annotations": [{"start": 167, "end": 172, "probability": 0.4488, "type": "Place", "normalized_text": "Cannes"}], "urls": [{"start": 267, "end": 290, "url": "https://t.co/PFG4eWYLW7", "expanded_url": "https://twitter.com/realamberheard/status/1130408142641258496", "display_url": "twitter.com/realamberheard\u2026"}]}, "public_metrics": {"retweet_count": 0, "reply_count": 0, "like_count": 0, "quote_count": 0}, "author_id": "3216078659", "lang": "en", "source": "Twitter Web Client", "created_at": "2019-05-20T09:46:51.000Z", "referenced_tweets": [{"type": "quoted", "id": "1130408142641258496"}], "id": "1130409543337332737", "text": "\u201cThere are a lot of people with a lot of ideas about beauty. And love. When you love someone a lot, they just look like love.\u201d You looked so lovely all along there at Cannes, you really have that undeniable glamour that never fails to stun me every single time!\ud83d\udc96\ud83d\udc96\ud83d\udc96\ud83d\udc96\ud83d\udc96 https://t.co/PFG4eWYLW7", "quoted_tweet": {"entities": {"mentions": [{"start": 206, "end": 218, "username": "brainpicker", "id": "9207632"}], "annotations": [{"start": 0, "end": 11, "probability": 0.9875, "type": "Person", "normalized_text": "Maria Popova"}, {"start": 70, "end": 83, "probability": 0.9609, "type": "Person", "normalized_text": "Rebecca Solnit"}], "urls": [{"start": 178, "end": 201, "url": "https://t.co/Kph913Jc9P", "expanded_url": "https://www.brainpickings.org/2019/05/17/rebecca-solnit-cinderella-liberator/", "display_url": "brainpickings.org/2019/05/17/reb\u2026", "status": 200, "unwound_url": "https://www.themarginalian.org/2019/05/17/rebecca-solnit-cinderella-liberator/"}]}, "public_metrics": {"retweet_count": 34, "reply_count": 22, "like_count": 358, "quote_count": 5}, "author_id": "807003567605227520", "lang": "en", "source": "Twitter for iPad", "created_at": "2019-05-20T09:41:17.000Z", "id": "1130408142641258496", "text": "Maria Popova writes the most beautiful piece on 1 of favorite writers Rebecca Solnit \u2018on Love, Purposeful Work, and the Meaning of Liberty: An Empowered Retelling of Cinderella\u2019 https://t.co/Kph913Jc9P via @brainpicker", "author": {"name": "Amber Heard", "profile_image_url": "https://pbs.twimg.com/profile_images/1383196364792680448/N8CdupEu_normal.jpg", "created_at": "2016-12-08T23:26:58.000Z", "description": "Actor and Activist, semi-professional disruptor, ice cream advocate and shameless teacup yorkie-lover", "public_metrics": {"followers_count": 190338, "following_count": 220, "tweet_count": 1149, "listed_count": 567}, "location": "Los Angeles, CA", "id": "807003567605227520", "username": "realamberheard", "url": "https://t.co/Ze18Ek9SOI"}}, "author": {"name": "GGCIR8991", "profile_image_url": "https://pbs.twimg.com/profile_images/1501219816522219520/SQVX3N2b_normal.jpg", "created_at": "2015-04-28T07:17:35.000Z", "description": "On the internet, you can be pretty much anything you want, it's just kinda weird that so many people choose to be idiots and assholes", "public_metrics": {"followers_count": 1465, "following_count": 1323, "tweet_count": 163095, "listed_count": 17}, "id": "3216078659", "username": "GGCIR8991", "url": ""}}]