[{"referenced_tweets": [{"type": "quoted", "id": "1131207744667701248"}, {"type": "replied_to", "id": "1376569916787146752"}], "id": "1376569920562077696", "entities": {"urls": [{"start": 0, "end": 23, "url": "https://t.co/7nHsuUXWUX", "expanded_url": "https://twitter.com/realamberheard/status/1131207744667701248?s=19", "display_url": "twitter.com/realamberheard\u2026"}]}, "author_id": "840671280399568896", "in_reply_to_user_id": "840671280399568896", "created_at": "2021-03-29T16:20:19.000Z", "text": "https://t.co/7nHsuUXWUX", "public_metrics": {"retweet_count": 0, "reply_count": 1, "like_count": 1, "quote_count": 0}, "source": "Twitter Web App", "lang": "und", "quoted_tweet": {"referenced_tweets": [{"type": "quoted", "id": "1130873392297521153"}], "id": "1131207744667701248", "entities": {"annotations": [{"start": 135, "end": 143, "probability": 0.6368, "type": "Person", "normalized_text": "Americans"}], "urls": [{"start": 169, "end": 192, "url": "https://t.co/yex7T77diR", "expanded_url": "https://twitter.com/RepSpeier/status/1130873392297521153", "display_url": "twitter.com/RepSpeier/stat\u2026"}], "mentions": [{"start": 25, "end": 35, "username": "RepSpeier", "id": "24913074"}, {"start": 43, "end": 56, "username": "RepJohnKatko", "id": "2966765501"}, {"start": 154, "end": 168, "username": "CCRInitiative", "id": "1675936765"}]}, "author_id": "807003567605227520", "created_at": "2019-05-22T14:38:37.000Z", "text": "So honored to be joining @RepSpeier  &amp; @RepJohnKatko today to present a federal bill protecting the cyber civil rights of thousands of Americans with @CCRInitiative https://t.co/yex7T77diR", "public_metrics": {"retweet_count": 16, "reply_count": 14, "like_count": 182, "quote_count": 2}, "source": "Twitter for iPhone", "lang": "en", "author": {"location": "Los Angeles, CA", "created_at": "2016-12-08T23:26:58.000Z", "profile_image_url": "https://pbs.twimg.com/profile_images/1383196364792680448/N8CdupEu_normal.jpg", "public_metrics": {"followers_count": 190338, "following_count": 220, "tweet_count": 1149, "listed_count": 567}, "url": "https://t.co/Ze18Ek9SOI", "id": "807003567605227520", "name": "Amber Heard", "username": "realamberheard", "description": "Actor and Activist, semi-professional disruptor, ice cream advocate and shameless teacup yorkie-lover"}}, "author": {"location": "Youtube: Izzylovelace", "created_at": "2017-03-11T21:10:26.000Z", "profile_image_url": "https://pbs.twimg.com/profile_images/1261708982286258178/oBDrGJrW_normal.jpg", "public_metrics": {"followers_count": 1009, "following_count": 875, "tweet_count": 63931, "listed_count": 13}, "url": "https://t.co/KzAMdR9Ns6", "id": "840671280399568896", "name": "Dawn Granger's gf", "username": "alberaudeskid", "description": "For being you. Tayna - 24 - Female - Cis - Animal lover \ud83d\udc24\ud83d\udc36 Vidder"}}, {"referenced_tweets": [{"type": "quoted", "id": "1131207744667701248"}], "id": "1131208179730149377", "entities": {"urls": [{"start": 83, "end": 106, "url": "https://t.co/b396x1yjq7", "expanded_url": "https://twitter.com/realamberheard/status/1131207744667701248", "display_url": "twitter.com/realamberheard\u2026"}]}, "author_id": "3216078659", "created_at": "2019-05-22T14:40:21.000Z", "text": "As one of your loving fans, I'm so proud of you for things like these that you do! https://t.co/b396x1yjq7", "public_metrics": {"retweet_count": 0, "reply_count": 0, "like_count": 0, "quote_count": 0}, "source": "Twitter Web App", "lang": "en", "quoted_tweet": {"referenced_tweets": [{"type": "quoted", "id": "1130873392297521153"}], "id": "1131207744667701248", "entities": {"annotations": [{"start": 135, "end": 143, "probability": 0.6368, "type": "Person", "normalized_text": "Americans"}], "urls": [{"start": 169, "end": 192, "url": "https://t.co/yex7T77diR", "expanded_url": "https://twitter.com/RepSpeier/status/1130873392297521153", "display_url": "twitter.com/RepSpeier/stat\u2026"}], "mentions": [{"start": 25, "end": 35, "username": "RepSpeier", "id": "24913074"}, {"start": 43, "end": 56, "username": "RepJohnKatko", "id": "2966765501"}, {"start": 154, "end": 168, "username": "CCRInitiative", "id": "1675936765"}]}, "author_id": "807003567605227520", "created_at": "2019-05-22T14:38:37.000Z", "text": "So honored to be joining @RepSpeier  &amp; @RepJohnKatko today to present a federal bill protecting the cyber civil rights of thousands of Americans with @CCRInitiative https://t.co/yex7T77diR", "public_metrics": {"retweet_count": 16, "reply_count": 14, "like_count": 182, "quote_count": 2}, "source": "Twitter for iPhone", "lang": "en", "author": {"location": "Los Angeles, CA", "created_at": "2016-12-08T23:26:58.000Z", "profile_image_url": "https://pbs.twimg.com/profile_images/1383196364792680448/N8CdupEu_normal.jpg", "public_metrics": {"followers_count": 190338, "following_count": 220, "tweet_count": 1149, "listed_count": 567}, "url": "https://t.co/Ze18Ek9SOI", "id": "807003567605227520", "name": "Amber Heard", "username": "realamberheard", "description": "Actor and Activist, semi-professional disruptor, ice cream advocate and shameless teacup yorkie-lover"}}, "author": {"created_at": "2015-04-28T07:17:35.000Z", "profile_image_url": "https://pbs.twimg.com/profile_images/1501219816522219520/SQVX3N2b_normal.jpg", "public_metrics": {"followers_count": 1465, "following_count": 1323, "tweet_count": 163095, "listed_count": 17}, "url": "", "id": "3216078659", "name": "GGCIR8991", "username": "GGCIR8991", "description": "On the internet, you can be pretty much anything you want, it's just kinda weird that so many people choose to be idiots and assholes"}}]