[{"referenced_tweets": [{"type": "quoted", "id": "1131209932991340549"}], "id": "1131210596769132544", "lang": "en", "text": "\"Being a woman today means being a warrior.\" You really are a woman warrior; one who's strong, smart, and beautiful with heart!\ud83d\udc96 https://t.co/QFbXBgRyKU", "created_at": "2019-05-22T14:49:57.000Z", "source": "Twitter Web App", "author_id": "3216078659", "entities": {"urls": [{"start": 129, "end": 152, "url": "https://t.co/QFbXBgRyKU", "expanded_url": "https://twitter.com/realamberheard/status/1131209932991340549", "display_url": "twitter.com/realamberheard\u2026"}]}, "public_metrics": {"retweet_count": 0, "reply_count": 0, "like_count": 0, "quote_count": 0}, "quoted_tweet": {"entities": {"mentions": [{"start": 44, "end": 58, "username": "CCRInitiative", "id": "1675936765"}], "hashtags": [{"start": 9, "end": 16, "tag": "SHIELD"}], "urls": [{"start": 59, "end": 82, "url": "https://t.co/I908ap8ZAj", "expanded_url": "https://twitter.com/HollylJacobs/status/1131200107838398464", "display_url": "twitter.com/HollylJacobs/s\u2026"}], "annotations": [{"start": 20, "end": 21, "probability": 0.8541, "type": "Place", "normalized_text": "DC"}]}, "referenced_tweets": [{"type": "quoted", "id": "1131200107838398464"}], "id": "1131209932991340549", "lang": "en", "text": "Bringing #SHIELD to DC!! Happy day, indeed! @CCRInitiative https://t.co/I908ap8ZAj", "created_at": "2019-05-22T14:47:19.000Z", "source": "Twitter for iPhone", "author_id": "807003567605227520", "public_metrics": {"retweet_count": 26, "reply_count": 18, "like_count": 278, "quote_count": 1}, "author": {"public_metrics": {"followers_count": 190338, "following_count": 220, "tweet_count": 1149, "listed_count": 567}, "created_at": "2016-12-08T23:26:58.000Z", "id": "807003567605227520", "location": "Los Angeles, CA", "name": "Amber Heard", "profile_image_url": "https://pbs.twimg.com/profile_images/1383196364792680448/N8CdupEu_normal.jpg", "username": "realamberheard", "url": "https://t.co/Ze18Ek9SOI", "description": "Actor and Activist, semi-professional disruptor, ice cream advocate and shameless teacup yorkie-lover"}}, "author": {"public_metrics": {"followers_count": 1465, "following_count": 1323, "tweet_count": 163095, "listed_count": 17}, "created_at": "2015-04-28T07:17:35.000Z", "id": "3216078659", "name": "GGCIR8991", "profile_image_url": "https://pbs.twimg.com/profile_images/1501219816522219520/SQVX3N2b_normal.jpg", "username": "GGCIR8991", "url": "", "description": "On the internet, you can be pretty much anything you want, it's just kinda weird that so many people choose to be idiots and assholes"}}]