[{"author_id": "196223922", "lang": "en", "source": "Twitter for Android", "referenced_tweets": [{"type": "retweeted", "id": "1134151258271637504"}], "created_at": "2019-05-31T11:26:14.000Z", "text": "RT @sveltevelvet: A (x2), E (x3), O, and U. \n\njust giving you the letters you missed in thank, goodness, whatever, and absolutely. https://\u2026", "entities": {"mentions": [{"start": 3, "end": 16, "username": "sveltevelvet", "id": "1486325158717579264"}]}, "id": "1134420819889807361", "public_metrics": {"retweet_count": 1, "reply_count": 0, "like_count": 0, "quote_count": 0}, "quoted_tweet": {"author_id": "807003567605227520", "lang": "en", "source": "Twitter for iPhone", "in_reply_to_user_id": "178888579", "referenced_tweets": [{"type": "replied_to", "id": "1133048588681060352"}], "created_at": "2019-05-28T04:48:13.000Z", "text": "@gymgrl365 @Nike Thnk goodnss u can literally just say whtver the hell u want-whether it makes absltly no gd sense or not.", "entities": {"mentions": [{"start": 0, "end": 10, "username": "gymgrl365", "id": "178888579"}, {"start": 11, "end": 16, "username": "Nike", "id": "415859364"}]}, "id": "1133233493310353409", "public_metrics": {"retweet_count": 32, "reply_count": 11, "like_count": 1433, "quote_count": 4}, "author": {"username": "realamberheard", "created_at": "2016-12-08T23:26:58.000Z", "profile_image_url": "https://pbs.twimg.com/profile_images/1383196364792680448/N8CdupEu_normal.jpg", "name": "Amber Heard", "public_metrics": {"followers_count": 190338, "following_count": 220, "tweet_count": 1149, "listed_count": 567}, "description": "Actor and Activist, semi-professional disruptor, ice cream advocate and shameless teacup yorkie-lover", "id": "807003567605227520", "url": "https://t.co/Ze18Ek9SOI", "location": "Los Angeles, CA"}}, "author": {"username": "xPaulaMayliax", "created_at": "2010-09-28T16:33:12.000Z", "profile_image_url": "https://pbs.twimg.com/profile_images/1183191740368457728/lMwiA35A_normal.jpg", "name": "Paula Maylia \ud83c\udf69", "public_metrics": {"followers_count": 1080, "following_count": 1188, "tweet_count": 3853, "listed_count": 0}, "description": "", "id": "196223922", "url": "", "location": "United Kingdom"}}, {"author_id": "2465079218", "lang": "en", "source": "Twitter Web Client", "entities": {"urls": [{"start": 113, "end": 136, "url": "https://t.co/9qRZjM5wNH", "expanded_url": "https://twitter.com/realamberheard/status/1133233493310353409", "display_url": "twitter.com/realamberheard\u2026"}]}, "referenced_tweets": [{"type": "quoted", "id": "1133233493310353409"}], "created_at": "2019-05-30T17:35:06.000Z", "text": "A (x2), E (x3), O, and U. \n\njust giving you the letters you missed in thank, goodness, whatever, and absolutely. https://t.co/9qRZjM5wNH", "id": "1134151258271637504", "public_metrics": {"retweet_count": 1, "reply_count": 3, "like_count": 14, "quote_count": 0}, "quoted_tweet": {"author_id": "807003567605227520", "lang": "en", "source": "Twitter for iPhone", "in_reply_to_user_id": "178888579", "referenced_tweets": [{"type": "replied_to", "id": "1133048588681060352"}], "created_at": "2019-05-28T04:48:13.000Z", "text": "@gymgrl365 @Nike Thnk goodnss u can literally just say whtver the hell u want-whether it makes absltly no gd sense or not.", "entities": {"mentions": [{"start": 0, "end": 10, "username": "gymgrl365", "id": "178888579"}, {"start": 11, "end": 16, "username": "Nike", "id": "415859364"}]}, "id": "1133233493310353409", "public_metrics": {"retweet_count": 32, "reply_count": 11, "like_count": 1433, "quote_count": 4}, "author": {"username": "realamberheard", "created_at": "2016-12-08T23:26:58.000Z", "profile_image_url": "https://pbs.twimg.com/profile_images/1383196364792680448/N8CdupEu_normal.jpg", "name": "Amber Heard", "public_metrics": {"followers_count": 190338, "following_count": 220, "tweet_count": 1149, "listed_count": 567}, "description": "Actor and Activist, semi-professional disruptor, ice cream advocate and shameless teacup yorkie-lover", "id": "807003567605227520", "url": "https://t.co/Ze18Ek9SOI", "location": "Los Angeles, CA"}}, "author": {"username": "reineyelah", "created_at": "2014-04-26T20:16:57.000Z", "profile_image_url": "https://pbs.twimg.com/profile_images/1506624478310191113/EEpjan86_normal.jpg", "name": "not haley", "public_metrics": {"followers_count": 1594, "following_count": 223, "tweet_count": 37206, "listed_count": 3}, "description": "classic lara croft supremacy. i fucking love you for hating me. wife to noodle. #justiceforjohnnydepp #justiceforsurvivors #istandwithjkrowling", "id": "2465079218", "url": "https://t.co/imzbQnpaXH", "location": "on the precipice."}}, {"author_id": "762967494499926020", "entities": {"annotations": [{"start": 32, "end": 35, "probability": 0.9268, "type": "Person", "normalized_text": "Depp"}], "urls": [{"start": 93, "end": 116, "url": "https://t.co/XjHJvTo4f7", "expanded_url": "https://twitter.com/realamberheard/status/1133233493310353409", "display_url": "twitter.com/realamberheard\u2026"}]}, "lang": "en", "source": "Twitter for Android", "referenced_tweets": [{"type": "quoted", "id": "1133233493310353409"}], "created_at": "2019-05-28T21:04:59.000Z", "text": "we ain't forget that you framed Depp for domestic violence while being the perp yourself sis https://t.co/XjHJvTo4f7", "id": "1133479303587475456", "public_metrics": {"retweet_count": 0, "reply_count": 0, "like_count": 1, "quote_count": 0}, "quoted_tweet": {"author_id": "807003567605227520", "lang": "en", "source": "Twitter for iPhone", "in_reply_to_user_id": "178888579", "referenced_tweets": [{"type": "replied_to", "id": "1133048588681060352"}], "created_at": "2019-05-28T04:48:13.000Z", "text": "@gymgrl365 @Nike Thnk goodnss u can literally just say whtver the hell u want-whether it makes absltly no gd sense or not.", "entities": {"mentions": [{"start": 0, "end": 10, "username": "gymgrl365", "id": "178888579"}, {"start": 11, "end": 16, "username": "Nike", "id": "415859364"}]}, "id": "1133233493310353409", "public_metrics": {"retweet_count": 32, "reply_count": 11, "like_count": 1433, "quote_count": 4}, "author": {"username": "realamberheard", "created_at": "2016-12-08T23:26:58.000Z", "profile_image_url": "https://pbs.twimg.com/profile_images/1383196364792680448/N8CdupEu_normal.jpg", "name": "Amber Heard", "public_metrics": {"followers_count": 190338, "following_count": 220, "tweet_count": 1149, "listed_count": 567}, "description": "Actor and Activist, semi-professional disruptor, ice cream advocate and shameless teacup yorkie-lover", "id": "807003567605227520", "url": "https://t.co/Ze18Ek9SOI", "location": "Los Angeles, CA"}}, "author": {"username": "_shimlamirch", "created_at": "2016-08-09T11:03:20.000Z", "profile_image_url": "https://pbs.twimg.com/profile_images/1465191055586959364/GYpN19xk_normal.jpg", "name": "bleh", "public_metrics": {"followers_count": 638, "following_count": 439, "tweet_count": 6853, "listed_count": 2}, "description": "actually it is a beautiful life and i have time \u2728", "id": "762967494499926020", "url": "", "location": "void"}}, {"author_id": "750437107919912960", "entities": {"annotations": [{"start": 0, "end": 4, "probability": 0.9455, "type": "Person", "normalized_text": "Amber"}], "urls": [{"start": 27, "end": 50, "url": "https://t.co/XAZb7ZyuW3", "expanded_url": "https://twitter.com/realamberheard/status/1133233493310353409", "display_url": "twitter.com/realamberheard\u2026"}]}, "lang": "en", "source": "Twitter for Android", "referenced_tweets": [{"type": "quoted", "id": "1133233493310353409"}], "created_at": "2019-05-28T16:52:42.000Z", "text": "Amber is dragging today!!! https://t.co/XAZb7ZyuW3", "id": "1133415813522821122", "public_metrics": {"retweet_count": 0, "reply_count": 0, "like_count": 0, "quote_count": 0}, "quoted_tweet": {"author_id": "807003567605227520", "lang": "en", "source": "Twitter for iPhone", "in_reply_to_user_id": "178888579", "referenced_tweets": [{"type": "replied_to", "id": "1133048588681060352"}], "created_at": "2019-05-28T04:48:13.000Z", "text": "@gymgrl365 @Nike Thnk goodnss u can literally just say whtver the hell u want-whether it makes absltly no gd sense or not.", "entities": {"mentions": [{"start": 0, "end": 10, "username": "gymgrl365", "id": "178888579"}, {"start": 11, "end": 16, "username": "Nike", "id": "415859364"}]}, "id": "1133233493310353409", "public_metrics": {"retweet_count": 32, "reply_count": 11, "like_count": 1433, "quote_count": 4}, "author": {"username": "realamberheard", "created_at": "2016-12-08T23:26:58.000Z", "profile_image_url": "https://pbs.twimg.com/profile_images/1383196364792680448/N8CdupEu_normal.jpg", "name": "Amber Heard", "public_metrics": {"followers_count": 190338, "following_count": 220, "tweet_count": 1149, "listed_count": 567}, "description": "Actor and Activist, semi-professional disruptor, ice cream advocate and shameless teacup yorkie-lover", "id": "807003567605227520", "url": "https://t.co/Ze18Ek9SOI", "location": "Los Angeles, CA"}}, "author": {"username": "Hibaniana", "created_at": "2016-07-05T21:12:03.000Z", "profile_image_url": "https://pbs.twimg.com/profile_images/1283292552028987393/alHQ5pvE_normal.jpg", "name": "Princess \ud83c\udf38\ud83d\udca3\ud83d\udd25\ud83c\udf65", "public_metrics": {"followers_count": 632, "following_count": 554, "tweet_count": 80079, "listed_count": 8}, "description": "\ud83c\udf38this is safe place for Sakura stans\ud83d\udcabAnime, music and equality luv blm\ud83d\udda5 mostly MHA Naruto and Fireforce. #currentlyfocusingonschool", "id": "750437107919912960", "url": "", "location": "Canadienne"}}]