[{"author_id": "1132103598504996865", "entities": {"hashtags": [{"start": 101, "end": 119, "tag": "AmberHeardIsALiar"}, {"start": 120, "end": 143, "tag": "AbortionIsAWomansRight"}, {"start": 144, "end": 166, "tag": "johnnydeppisasurvivor"}, {"start": 167, "end": 184, "tag": "FeminismIsCancer"}, {"start": 185, "end": 196, "tag": "AmberHeard"}], "urls": [{"start": 197, "end": 220, "url": "https://t.co/OLHqSplrC2", "expanded_url": "https://twitter.com/realamberheard/status/1133129444300689408", "display_url": "twitter.com/realamberheard\u2026"}]}, "created_at": "2019-05-31T08:15:24.000Z", "referenced_tweets": [{"type": "quoted", "id": "1133129444300689408"}], "source": "Twitter for iPhone", "text": "Daaaaaammmmm girrrllll are you a smoke detector? Because you\u2019re annoying and won\u2019t shut the fuck up. #AmberHeardIsALiar #AbortionIsAWomansRight #johnnydeppisasurvivor #FeminismIsCancer #AmberHeard https://t.co/OLHqSplrC2", "id": "1134372793351458816", "public_metrics": {"retweet_count": 0, "reply_count": 0, "like_count": 0, "quote_count": 0}, "lang": "en", "quoted_tweet": {"author_id": "807003567605227520", "created_at": "2019-05-27T21:54:46.000Z", "referenced_tweets": [{"type": "quoted", "id": "1133123204476788738"}], "source": "Twitter for iPhone", "text": "Unsurprisingly it\u2019s women, esp poor women, who r the ones who must bear the brunt of discriminatory &amp; reckless policies instituted by those who aren\u2019t affected at all by those very same policies. HIS-tory repeats itself again https://t.co/IFtrVFTapP", "id": "1133129444300689408", "public_metrics": {"retweet_count": 43, "reply_count": 27, "like_count": 361, "quote_count": 4}, "lang": "en", "entities": {"urls": [{"start": 230, "end": 253, "url": "https://t.co/IFtrVFTapP", "expanded_url": "https://twitter.com/schemaly/status/1133123204476788738", "display_url": "twitter.com/schemaly/statu\u2026"}]}, "author": {"created_at": "2016-12-08T23:26:58.000Z", "name": "Amber Heard", "id": "807003567605227520", "description": "Actor and Activist, semi-professional disruptor, ice cream advocate and shameless teacup yorkie-lover", "profile_image_url": "https://pbs.twimg.com/profile_images/1383196364792680448/N8CdupEu_normal.jpg", "url": "https://t.co/Ze18Ek9SOI", "location": "Los Angeles, CA", "public_metrics": {"followers_count": 190338, "following_count": 220, "tweet_count": 1149, "listed_count": 567}, "username": "realamberheard"}}, "author": {"created_at": "2019-05-25T01:58:26.000Z", "name": "Realest Theorist", "id": "1132103598504996865", "description": "A politically incorrect voice for the people who hate people \ud83d\ude24", "profile_image_url": "https://pbs.twimg.com/profile_images/1132105829090414592/RQ6hflLu_normal.jpg", "url": "", "public_metrics": {"followers_count": 8, "following_count": 79, "tweet_count": 158, "listed_count": 0}, "username": "TheoristRealest"}}, {"author_id": "1062219892223631360", "entities": {"mentions": [{"start": 3, "end": 16, "username": "sveltevelvet", "id": "1486325158717579264"}]}, "created_at": "2019-05-29T04:02:10.000Z", "referenced_tweets": [{"type": "retweeted", "id": "1133410967365345281"}], "source": "Twitter for iPhone", "text": "RT @sveltevelvet: And humans in general must bear the brunt of your fists and general violent personality. Her-story apparently repeats its\u2026", "id": "1133584289197625344", "public_metrics": {"retweet_count": 2, "reply_count": 0, "like_count": 0, "quote_count": 0}, "lang": "en", "quoted_tweet": {"author_id": "807003567605227520", "created_at": "2019-05-27T21:54:46.000Z", "referenced_tweets": [{"type": "quoted", "id": "1133123204476788738"}], "source": "Twitter for iPhone", "text": "Unsurprisingly it\u2019s women, esp poor women, who r the ones who must bear the brunt of discriminatory &amp; reckless policies instituted by those who aren\u2019t affected at all by those very same policies. HIS-tory repeats itself again https://t.co/IFtrVFTapP", "id": "1133129444300689408", "public_metrics": {"retweet_count": 43, "reply_count": 27, "like_count": 361, "quote_count": 4}, "lang": "en", "entities": {"urls": [{"start": 230, "end": 253, "url": "https://t.co/IFtrVFTapP", "expanded_url": "https://twitter.com/schemaly/status/1133123204476788738", "display_url": "twitter.com/schemaly/statu\u2026"}]}, "author": {"created_at": "2016-12-08T23:26:58.000Z", "name": "Amber Heard", "id": "807003567605227520", "description": "Actor and Activist, semi-professional disruptor, ice cream advocate and shameless teacup yorkie-lover", "profile_image_url": "https://pbs.twimg.com/profile_images/1383196364792680448/N8CdupEu_normal.jpg", "url": "https://t.co/Ze18Ek9SOI", "location": "Los Angeles, CA", "public_metrics": {"followers_count": 190338, "following_count": 220, "tweet_count": 1149, "listed_count": 567}, "username": "realamberheard"}}, "author": {"created_at": "2018-11-13T05:45:32.000Z", "name": "Viri \ud83c\udf42", "id": "1062219892223631360", "description": "I stand by Johnny Depp\n#JohnnyDeppIsInnocent #JusticeForJohnnyDepp", "profile_image_url": "https://pbs.twimg.com/profile_images/1402678426293649408/11XELWYm_normal.jpg", "url": "", "location": "Distrito Federal, M\u00e9xico", "public_metrics": {"followers_count": 889, "following_count": 821, "tweet_count": 79375, "listed_count": 6}, "username": "ViriMZ"}}, {"author_id": "1563501542", "created_at": "2019-05-28T19:33:19.000Z", "referenced_tweets": [{"type": "retweeted", "id": "1133410967365345281"}], "source": "Twitter Web App", "text": "RT @thyquaintwench: And humans in general must bear the brunt of your fists and general violent personality. Her-story apparently repeats i\u2026", "id": "1133456233459986432", "public_metrics": {"retweet_count": 2, "reply_count": 0, "like_count": 0, "quote_count": 0}, "lang": "en", "quoted_tweet": {"author_id": "807003567605227520", "created_at": "2019-05-27T21:54:46.000Z", "referenced_tweets": [{"type": "quoted", "id": "1133123204476788738"}], "source": "Twitter for iPhone", "text": "Unsurprisingly it\u2019s women, esp poor women, who r the ones who must bear the brunt of discriminatory &amp; reckless policies instituted by those who aren\u2019t affected at all by those very same policies. HIS-tory repeats itself again https://t.co/IFtrVFTapP", "id": "1133129444300689408", "public_metrics": {"retweet_count": 43, "reply_count": 27, "like_count": 361, "quote_count": 4}, "lang": "en", "entities": {"urls": [{"start": 230, "end": 253, "url": "https://t.co/IFtrVFTapP", "expanded_url": "https://twitter.com/schemaly/status/1133123204476788738", "display_url": "twitter.com/schemaly/statu\u2026"}]}, "author": {"created_at": "2016-12-08T23:26:58.000Z", "name": "Amber Heard", "id": "807003567605227520", "description": "Actor and Activist, semi-professional disruptor, ice cream advocate and shameless teacup yorkie-lover", "profile_image_url": "https://pbs.twimg.com/profile_images/1383196364792680448/N8CdupEu_normal.jpg", "url": "https://t.co/Ze18Ek9SOI", "location": "Los Angeles, CA", "public_metrics": {"followers_count": 190338, "following_count": 220, "tweet_count": 1149, "listed_count": 567}, "username": "realamberheard"}}, "author": {"created_at": "2013-07-02T15:52:58.000Z", "name": "Jennifer Dillon", "id": "1563501542", "description": "", "profile_image_url": "https://pbs.twimg.com/profile_images/1430624927456002048/YGEHEaTl_normal.jpg", "url": "", "public_metrics": {"followers_count": 143, "following_count": 132, "tweet_count": 3787, "listed_count": 0}, "username": "jdillon_"}}, {"author_id": "2465079218", "created_at": "2019-05-28T16:33:27.000Z", "referenced_tweets": [{"type": "quoted", "id": "1133129444300689408"}], "source": "Twitter Web Client", "text": "And humans in general must bear the brunt of your fists and general violent personality. Her-story apparently repeats itself too. https://t.co/PQ9HJRGtzn", "id": "1133410967365345281", "public_metrics": {"retweet_count": 2, "reply_count": 0, "like_count": 5, "quote_count": 0}, "lang": "en", "entities": {"urls": [{"start": 130, "end": 153, "url": "https://t.co/PQ9HJRGtzn", "expanded_url": "https://twitter.com/realamberheard/status/1133129444300689408", "display_url": "twitter.com/realamberheard\u2026"}]}, "quoted_tweet": {"author_id": "807003567605227520", "created_at": "2019-05-27T21:54:46.000Z", "referenced_tweets": [{"type": "quoted", "id": "1133123204476788738"}], "source": "Twitter for iPhone", "text": "Unsurprisingly it\u2019s women, esp poor women, who r the ones who must bear the brunt of discriminatory &amp; reckless policies instituted by those who aren\u2019t affected at all by those very same policies. HIS-tory repeats itself again https://t.co/IFtrVFTapP", "id": "1133129444300689408", "public_metrics": {"retweet_count": 43, "reply_count": 27, "like_count": 361, "quote_count": 4}, "lang": "en", "entities": {"urls": [{"start": 230, "end": 253, "url": "https://t.co/IFtrVFTapP", "expanded_url": "https://twitter.com/schemaly/status/1133123204476788738", "display_url": "twitter.com/schemaly/statu\u2026"}]}, "author": {"created_at": "2016-12-08T23:26:58.000Z", "name": "Amber Heard", "id": "807003567605227520", "description": "Actor and Activist, semi-professional disruptor, ice cream advocate and shameless teacup yorkie-lover", "profile_image_url": "https://pbs.twimg.com/profile_images/1383196364792680448/N8CdupEu_normal.jpg", "url": "https://t.co/Ze18Ek9SOI", "location": "Los Angeles, CA", "public_metrics": {"followers_count": 190338, "following_count": 220, "tweet_count": 1149, "listed_count": 567}, "username": "realamberheard"}}, "author": {"created_at": "2014-04-26T20:16:57.000Z", "name": "not haley", "id": "2465079218", "description": "classic lara croft supremacy. i fucking love you for hating me. wife to noodle. #justiceforjohnnydepp #justiceforsurvivors #istandwithjkrowling", "profile_image_url": "https://pbs.twimg.com/profile_images/1506624478310191113/EEpjan86_normal.jpg", "url": "https://t.co/imzbQnpaXH", "location": "on the precipice.", "public_metrics": {"followers_count": 1594, "following_count": 223, "tweet_count": 37206, "listed_count": 3}, "username": "reineyelah"}}, {"author_id": "1132103598504996865", "entities": {"hashtags": [{"start": 14, "end": 40, "tag": "abortionisnotawomansright"}, {"start": 41, "end": 62, "tag": "AmberHeardIsAnAbuser"}], "annotations": [{"start": 8, "end": 12, "probability": 0.5511, "type": "Person", "normalized_text": "amber"}], "urls": [{"start": 63, "end": 86, "url": "https://t.co/OLHqSplrC2", "expanded_url": "https://twitter.com/realamberheard/status/1133129444300689408", "display_url": "twitter.com/realamberheard\u2026"}]}, "created_at": "2019-05-27T22:06:00.000Z", "referenced_tweets": [{"type": "quoted", "id": "1133129444300689408"}], "source": "Twitter for iPhone", "text": "Shut up amber #abortionisnotawomansright #AmberHeardIsAnAbuser https://t.co/OLHqSplrC2", "id": "1133132272008192000", "public_metrics": {"retweet_count": 0, "reply_count": 0, "like_count": 0, "quote_count": 0}, "lang": "en", "quoted_tweet": {"author_id": "807003567605227520", "created_at": "2019-05-27T21:54:46.000Z", "referenced_tweets": [{"type": "quoted", "id": "1133123204476788738"}], "source": "Twitter for iPhone", "text": "Unsurprisingly it\u2019s women, esp poor women, who r the ones who must bear the brunt of discriminatory &amp; reckless policies instituted by those who aren\u2019t affected at all by those very same policies. HIS-tory repeats itself again https://t.co/IFtrVFTapP", "id": "1133129444300689408", "public_metrics": {"retweet_count": 43, "reply_count": 27, "like_count": 361, "quote_count": 4}, "lang": "en", "entities": {"urls": [{"start": 230, "end": 253, "url": "https://t.co/IFtrVFTapP", "expanded_url": "https://twitter.com/schemaly/status/1133123204476788738", "display_url": "twitter.com/schemaly/statu\u2026"}]}, "author": {"created_at": "2016-12-08T23:26:58.000Z", "name": "Amber Heard", "id": "807003567605227520", "description": "Actor and Activist, semi-professional disruptor, ice cream advocate and shameless teacup yorkie-lover", "profile_image_url": "https://pbs.twimg.com/profile_images/1383196364792680448/N8CdupEu_normal.jpg", "url": "https://t.co/Ze18Ek9SOI", "location": "Los Angeles, CA", "public_metrics": {"followers_count": 190338, "following_count": 220, "tweet_count": 1149, "listed_count": 567}, "username": "realamberheard"}}, "author": {"created_at": "2019-05-25T01:58:26.000Z", "name": "Realest Theorist", "id": "1132103598504996865", "description": "A politically incorrect voice for the people who hate people \ud83d\ude24", "profile_image_url": "https://pbs.twimg.com/profile_images/1132105829090414592/RQ6hflLu_normal.jpg", "url": "", "public_metrics": {"followers_count": 8, "following_count": 79, "tweet_count": 158, "listed_count": 0}, "username": "TheoristRealest"}}, {"author_id": "3216078659", "created_at": "2019-05-27T22:03:45.000Z", "referenced_tweets": [{"type": "quoted", "id": "1133129444300689408"}], "source": "Twitter Web Client", "text": "Absolutely unfair for women; something really needs to be done about this, and I'm glad that someone like you is speaking out against this one and always standing up for what's right for women, something that I really love about you and so proud of as a fan!\ud83d\udc96\ud83d\udc96\ud83d\udc96\ud83d\udc96\ud83d\udc96 https://t.co/VHlwAYEEnV", "id": "1133131702509875200", "public_metrics": {"retweet_count": 0, "reply_count": 0, "like_count": 0, "quote_count": 0}, "lang": "en", "entities": {"urls": [{"start": 264, "end": 287, "url": "https://t.co/VHlwAYEEnV", "expanded_url": "https://twitter.com/realamberheard/status/1133129444300689408", "display_url": "twitter.com/realamberheard\u2026"}]}, "quoted_tweet": {"author_id": "807003567605227520", "created_at": "2019-05-27T21:54:46.000Z", "referenced_tweets": [{"type": "quoted", "id": "1133123204476788738"}], "source": "Twitter for iPhone", "text": "Unsurprisingly it\u2019s women, esp poor women, who r the ones who must bear the brunt of discriminatory &amp; reckless policies instituted by those who aren\u2019t affected at all by those very same policies. HIS-tory repeats itself again https://t.co/IFtrVFTapP", "id": "1133129444300689408", "public_metrics": {"retweet_count": 43, "reply_count": 27, "like_count": 361, "quote_count": 4}, "lang": "en", "entities": {"urls": [{"start": 230, "end": 253, "url": "https://t.co/IFtrVFTapP", "expanded_url": "https://twitter.com/schemaly/status/1133123204476788738", "display_url": "twitter.com/schemaly/statu\u2026"}]}, "author": {"created_at": "2016-12-08T23:26:58.000Z", "name": "Amber Heard", "id": "807003567605227520", "description": "Actor and Activist, semi-professional disruptor, ice cream advocate and shameless teacup yorkie-lover", "profile_image_url": "https://pbs.twimg.com/profile_images/1383196364792680448/N8CdupEu_normal.jpg", "url": "https://t.co/Ze18Ek9SOI", "location": "Los Angeles, CA", "public_metrics": {"followers_count": 190338, "following_count": 220, "tweet_count": 1149, "listed_count": 567}, "username": "realamberheard"}}, "author": {"created_at": "2015-04-28T07:17:35.000Z", "name": "GGCIR8991", "id": "3216078659", "description": "On the internet, you can be pretty much anything you want, it's just kinda weird that so many people choose to be idiots and assholes", "profile_image_url": "https://pbs.twimg.com/profile_images/1501219816522219520/SQVX3N2b_normal.jpg", "url": "", "public_metrics": {"followers_count": 1465, "following_count": 1323, "tweet_count": 163095, "listed_count": 17}, "username": "GGCIR8991"}}]