[{"source": "Twitter Web App", "in_reply_to_user_id": "840671280399568896", "lang": "und", "public_metrics": {"retweet_count": 0, "reply_count": 1, "like_count": 1, "quote_count": 0}, "created_at": "2021-03-29T16:20:17.000Z", "id": "1376569912915820548", "entities": {"urls": [{"start": 0, "end": 23, "url": "https://t.co/ZxRuUyfyeL", "expanded_url": "https://twitter.com/realamberheard/status/1134958379615416320?s=19", "display_url": "twitter.com/realamberheard\u2026"}]}, "referenced_tweets": [{"type": "quoted", "id": "1134958379615416320"}, {"type": "replied_to", "id": "1376569909216444419"}], "text": "https://t.co/ZxRuUyfyeL", "author_id": "840671280399568896", "quoted_tweet": {"source": "Twitter for iPhone", "in_reply_to_user_id": "30216513", "lang": "en", "public_metrics": {"retweet_count": 28, "reply_count": 22, "like_count": 256, "quote_count": 4}, "created_at": "2019-06-01T23:02:18.000Z", "entities": {"mentions": [{"start": 0, "end": 12, "username": "BradSherman", "id": "30216513"}, {"start": 187, "end": 197, "username": "RepSpeier", "id": "24913074"}, {"start": 198, "end": 211, "username": "RepJohnKatko", "id": "2966765501"}], "hashtags": [{"start": 212, "end": 219, "tag": "SHIELD"}], "urls": [{"start": 225, "end": 248, "url": "https://t.co/ghrNEqCEb5", "expanded_url": "https://twitter.com/realamberheard/status/1134958379615416320/photo/1", "display_url": "pic.twitter.com/ghrNEqCEb5"}], "annotations": [{"start": 46, "end": 62, "probability": 0.4867, "type": "Place", "normalized_text": "Granada Hills, CA"}, {"start": 67, "end": 99, "probability": 0.6114, "type": "Organization", "normalized_text": "Grenada Hills Charter High School"}]}, "id": "1134958379615416320", "text": "@BradSherman town hall happening right now in Granada Hills, CA at Grenada Hills Charter High School. Meet your representatives and ask how they are defending your rights thru bills like @RepSpeier @RepJohnKatko #SHIELD act! https://t.co/ghrNEqCEb5", "author_id": "807003567605227520", "author": {"created_at": "2016-12-08T23:26:58.000Z", "profile_image_url": "https://pbs.twimg.com/profile_images/1383196364792680448/N8CdupEu_normal.jpg", "url": "https://t.co/Ze18Ek9SOI", "name": "Amber Heard", "location": "Los Angeles, CA", "id": "807003567605227520", "public_metrics": {"followers_count": 190338, "following_count": 220, "tweet_count": 1149, "listed_count": 567}, "description": "Actor and Activist, semi-professional disruptor, ice cream advocate and shameless teacup yorkie-lover", "username": "realamberheard"}}, "author": {"created_at": "2017-03-11T21:10:26.000Z", "profile_image_url": "https://pbs.twimg.com/profile_images/1261708982286258178/oBDrGJrW_normal.jpg", "url": "https://t.co/KzAMdR9Ns6", "name": "Dawn Granger's gf", "location": "Youtube: Izzylovelace", "id": "840671280399568896", "public_metrics": {"followers_count": 1009, "following_count": 875, "tweet_count": 63931, "listed_count": 13}, "description": "For being you. Tayna - 24 - Female - Cis - Animal lover \ud83d\udc24\ud83d\udc36 Vidder", "username": "alberaudeskid"}}, {"source": "Twitter Web Client", "lang": "en", "public_metrics": {"retweet_count": 0, "reply_count": 0, "like_count": 1, "quote_count": 0}, "created_at": "2019-06-01T23:12:05.000Z", "id": "1134960841848004609", "entities": {"urls": [{"start": 268, "end": 291, "url": "https://t.co/PL0zgA4C7u", "expanded_url": "https://twitter.com/realamberheard/status/1134958379615416320", "display_url": "twitter.com/realamberheard\u2026"}]}, "referenced_tweets": [{"type": "quoted", "id": "1134958379615416320"}], "text": "You're doing a wonderful job with your platform as an activist to always stand up for what's worth standing up for, and it's just one of the things that I really love about you and so proud of as a fan. You're a real woman warrior and an inspiration for what you do!\ud83d\udc96 https://t.co/PL0zgA4C7u", "author_id": "3216078659", "quoted_tweet": {"source": "Twitter for iPhone", "in_reply_to_user_id": "30216513", "lang": "en", "public_metrics": {"retweet_count": 28, "reply_count": 22, "like_count": 256, "quote_count": 4}, "created_at": "2019-06-01T23:02:18.000Z", "entities": {"mentions": [{"start": 0, "end": 12, "username": "BradSherman", "id": "30216513"}, {"start": 187, "end": 197, "username": "RepSpeier", "id": "24913074"}, {"start": 198, "end": 211, "username": "RepJohnKatko", "id": "2966765501"}], "hashtags": [{"start": 212, "end": 219, "tag": "SHIELD"}], "urls": [{"start": 225, "end": 248, "url": "https://t.co/ghrNEqCEb5", "expanded_url": "https://twitter.com/realamberheard/status/1134958379615416320/photo/1", "display_url": "pic.twitter.com/ghrNEqCEb5"}], "annotations": [{"start": 46, "end": 62, "probability": 0.4867, "type": "Place", "normalized_text": "Granada Hills, CA"}, {"start": 67, "end": 99, "probability": 0.6114, "type": "Organization", "normalized_text": "Grenada Hills Charter High School"}]}, "id": "1134958379615416320", "text": "@BradSherman town hall happening right now in Granada Hills, CA at Grenada Hills Charter High School. Meet your representatives and ask how they are defending your rights thru bills like @RepSpeier @RepJohnKatko #SHIELD act! https://t.co/ghrNEqCEb5", "author_id": "807003567605227520", "author": {"created_at": "2016-12-08T23:26:58.000Z", "profile_image_url": "https://pbs.twimg.com/profile_images/1383196364792680448/N8CdupEu_normal.jpg", "url": "https://t.co/Ze18Ek9SOI", "name": "Amber Heard", "location": "Los Angeles, CA", "id": "807003567605227520", "public_metrics": {"followers_count": 190338, "following_count": 220, "tweet_count": 1149, "listed_count": 567}, "description": "Actor and Activist, semi-professional disruptor, ice cream advocate and shameless teacup yorkie-lover", "username": "realamberheard"}}, "author": {"created_at": "2015-04-28T07:17:35.000Z", "profile_image_url": "https://pbs.twimg.com/profile_images/1501219816522219520/SQVX3N2b_normal.jpg", "url": "", "name": "GGCIR8991", "id": "3216078659", "public_metrics": {"followers_count": 1465, "following_count": 1323, "tweet_count": 163095, "listed_count": 17}, "description": "On the internet, you can be pretty much anything you want, it's just kinda weird that so many people choose to be idiots and assholes", "username": "GGCIR8991"}}]