[{"author_id": "1018579435224641536", "entities": {"hashtags": [{"start": 95, "end": 112, "tag": "BlackLivesMatter"}], "urls": [{"start": 113, "end": 136, "url": "https://t.co/Zrcx1azXqj", "expanded_url": "https://twitter.com/DesmondSabbath/status/1140366463234002950/photo/1", "display_url": "pic.twitter.com/Zrcx1azXqj"}, {"start": 137, "end": 160, "url": "https://t.co/2lLk9RFXnY", "expanded_url": "https://twitter.com/realamberheard/status/1140110942421700608", "display_url": "twitter.com/realamberheard\u2026"}]}, "created_at": "2019-06-16T21:12:06.000Z", "referenced_tweets": [{"type": "quoted", "id": "1140110942421700608"}], "source": "Twitter for iPhone", "text": "This is total bullshit like seriously like why do cops just think that they are above law why? #BlackLivesMatter https://t.co/Zrcx1azXqj https://t.co/2lLk9RFXnY", "id": "1140366463234002950", "public_metrics": {"retweet_count": 0, "reply_count": 0, "like_count": 0, "quote_count": 0}, "lang": "en", "quoted_tweet": {"author_id": "807003567605227520", "entities": {"hashtags": [{"start": 198, "end": 215, "tag": "BlackLivesMatter"}], "urls": [{"start": 216, "end": 239, "url": "https://t.co/XXSsczWqZ6", "expanded_url": "https://twitter.com/mmpadellan/status/1139928336799543297", "display_url": "twitter.com/mmpadellan/sta\u2026"}]}, "created_at": "2019-06-16T04:16:45.000Z", "referenced_tweets": [{"type": "quoted", "id": "1139928336799543297"}], "source": "Twitter for iPhone", "text": "Beyond words...... I\u2019m so heartbroken this is where we (still) are. No need to ask where the accountability lies... When will this be TOO much?! How many times do we need to see the same headline?! #BlackLivesMatter https://t.co/XXSsczWqZ6", "id": "1140110942421700608", "public_metrics": {"retweet_count": 123, "reply_count": 37, "like_count": 654, "quote_count": 6}, "lang": "en", "author": {"created_at": "2016-12-08T23:26:58.000Z", "name": "Amber Heard", "id": "807003567605227520", "description": "Actor and Activist, semi-professional disruptor, ice cream advocate and shameless teacup yorkie-lover", "profile_image_url": "https://pbs.twimg.com/profile_images/1383196364792680448/N8CdupEu_normal.jpg", "url": "https://t.co/Ze18Ek9SOI", "location": "Los Angeles, CA", "public_metrics": {"followers_count": 190338, "following_count": 220, "tweet_count": 1149, "listed_count": 567}, "username": "realamberheard"}}, "author": {"created_at": "2018-07-15T19:33:56.000Z", "name": "Semaj Spencer", "id": "1018579435224641536", "description": "", "profile_image_url": "https://pbs.twimg.com/profile_images/1018580655523835905/IVfYvE2q_normal.jpg", "url": "", "location": "Victorville CA", "public_metrics": {"followers_count": 5, "following_count": 352, "tweet_count": 114, "listed_count": 0}, "username": "DesmondSabbath"}}, {"author_id": "3216078659", "created_at": "2019-06-16T04:56:55.000Z", "referenced_tweets": [{"type": "quoted", "id": "1140110942421700608"}], "source": "Twitter Web App", "text": "I believe there's absolutely no need for those cops to overreact that way. Yes, I totally understand that they're just doing their duty, but to respond in that way for just a cheap toy, that's just not right. https://t.co/2e5osBBVt2", "id": "1140121050333581312", "public_metrics": {"retweet_count": 0, "reply_count": 0, "like_count": 0, "quote_count": 0}, "lang": "en", "entities": {"urls": [{"start": 209, "end": 232, "url": "https://t.co/2e5osBBVt2", "expanded_url": "https://twitter.com/realamberheard/status/1140110942421700608", "display_url": "twitter.com/realamberheard\u2026"}]}, "quoted_tweet": {"author_id": "807003567605227520", "entities": {"hashtags": [{"start": 198, "end": 215, "tag": "BlackLivesMatter"}], "urls": [{"start": 216, "end": 239, "url": "https://t.co/XXSsczWqZ6", "expanded_url": "https://twitter.com/mmpadellan/status/1139928336799543297", "display_url": "twitter.com/mmpadellan/sta\u2026"}]}, "created_at": "2019-06-16T04:16:45.000Z", "referenced_tweets": [{"type": "quoted", "id": "1139928336799543297"}], "source": "Twitter for iPhone", "text": "Beyond words...... I\u2019m so heartbroken this is where we (still) are. No need to ask where the accountability lies... When will this be TOO much?! How many times do we need to see the same headline?! #BlackLivesMatter https://t.co/XXSsczWqZ6", "id": "1140110942421700608", "public_metrics": {"retweet_count": 123, "reply_count": 37, "like_count": 654, "quote_count": 6}, "lang": "en", "author": {"created_at": "2016-12-08T23:26:58.000Z", "name": "Amber Heard", "id": "807003567605227520", "description": "Actor and Activist, semi-professional disruptor, ice cream advocate and shameless teacup yorkie-lover", "profile_image_url": "https://pbs.twimg.com/profile_images/1383196364792680448/N8CdupEu_normal.jpg", "url": "https://t.co/Ze18Ek9SOI", "location": "Los Angeles, CA", "public_metrics": {"followers_count": 190338, "following_count": 220, "tweet_count": 1149, "listed_count": 567}, "username": "realamberheard"}}, "author": {"created_at": "2015-04-28T07:17:35.000Z", "name": "GGCIR8991", "id": "3216078659", "description": "On the internet, you can be pretty much anything you want, it's just kinda weird that so many people choose to be idiots and assholes", "profile_image_url": "https://pbs.twimg.com/profile_images/1501219816522219520/SQVX3N2b_normal.jpg", "url": "", "public_metrics": {"followers_count": 1465, "following_count": 1323, "tweet_count": 163095, "listed_count": 17}, "username": "GGCIR8991"}}, {"author_id": "943828116190855168", "created_at": "2019-06-16T04:36:13.000Z", "referenced_tweets": [{"type": "quoted", "id": "1140110942421700608"}], "source": "Twitter Web Client", "text": "Insanely scared and sad things happenning https://t.co/H7K1Muevyt", "id": "1140115840974503936", "public_metrics": {"retweet_count": 0, "reply_count": 1, "like_count": 1, "quote_count": 0}, "lang": "en", "entities": {"urls": [{"start": 42, "end": 65, "url": "https://t.co/H7K1Muevyt", "expanded_url": "https://twitter.com/realamberheard/status/1140110942421700608", "display_url": "twitter.com/realamberheard\u2026"}]}, "quoted_tweet": {"author_id": "807003567605227520", "entities": {"hashtags": [{"start": 198, "end": 215, "tag": "BlackLivesMatter"}], "urls": [{"start": 216, "end": 239, "url": "https://t.co/XXSsczWqZ6", "expanded_url": "https://twitter.com/mmpadellan/status/1139928336799543297", "display_url": "twitter.com/mmpadellan/sta\u2026"}]}, "created_at": "2019-06-16T04:16:45.000Z", "referenced_tweets": [{"type": "quoted", "id": "1139928336799543297"}], "source": "Twitter for iPhone", "text": "Beyond words...... I\u2019m so heartbroken this is where we (still) are. No need to ask where the accountability lies... When will this be TOO much?! How many times do we need to see the same headline?! #BlackLivesMatter https://t.co/XXSsczWqZ6", "id": "1140110942421700608", "public_metrics": {"retweet_count": 123, "reply_count": 37, "like_count": 654, "quote_count": 6}, "lang": "en", "author": {"created_at": "2016-12-08T23:26:58.000Z", "name": "Amber Heard", "id": "807003567605227520", "description": "Actor and Activist, semi-professional disruptor, ice cream advocate and shameless teacup yorkie-lover", "profile_image_url": "https://pbs.twimg.com/profile_images/1383196364792680448/N8CdupEu_normal.jpg", "url": "https://t.co/Ze18Ek9SOI", "location": "Los Angeles, CA", "public_metrics": {"followers_count": 190338, "following_count": 220, "tweet_count": 1149, "listed_count": 567}, "username": "realamberheard"}}, "author": {"created_at": "2017-12-21T12:58:53.000Z", "name": "\ud835\ude93\ud835\ude9e\ud835\ude9b\ud835\ude8a \ud83d\udc99\ud83d\udc9b", "id": "943828116190855168", "description": "\ud83c\udf08she/her\ud83c\udff3\ufe0f\u200d\ud83c\udf08bitch \ud83d\udda4femme \ud83d\udc1dno lists, please", "profile_image_url": "https://pbs.twimg.com/profile_images/1505730983831941120/QMMmxp-6_normal.png", "url": "https://t.co/EojXhH5OaO", "location": "Osaka,Japan", "public_metrics": {"followers_count": 870, "following_count": 846, "tweet_count": 17852, "listed_count": 0}, "username": "jura_isle"}}]