[{"referenced_tweets": [{"type": "retweeted", "id": "1142469354455539716"}], "id": "1144812470386794496", "author_id": "931024376417406976", "entities": {"mentions": [{"start": 3, "end": 17, "username": "AmberHeardBRA", "id": "1904830838"}], "hashtags": [{"start": 49, "end": 64, "tag": "ChateuLagrande"}]}, "created_at": "2019-06-29T03:38:57.000Z", "text": "RT @AmberHeardBRA: \u201cTive um tempo maravilhoso no #ChateuLagrande hoje depois que apareci de surpresa para uma prova... Foi t\u00e3o divertido! E\u2026", "public_metrics": {"retweet_count": 1, "reply_count": 0, "like_count": 0, "quote_count": 0}, "source": "Twitter for Android", "lang": "pt", "quoted_tweet": {"id": "1142462084086665217", "author_id": "807003567605227520", "created_at": "2019-06-22T15:59:21.000Z", "text": "Had the most amazing time at #ChateauLagrande today after I showed up unannounced for a tasting..... Was so fun. That \u201896 was insane! Thank u!", "entities": {"hashtags": [{"start": 29, "end": 45, "tag": "ChateauLagrande"}]}, "public_metrics": {"retweet_count": 25, "reply_count": 34, "like_count": 445, "quote_count": 4}, "source": "Twitter for iPad", "lang": "en", "author": {"location": "Los Angeles, CA", "created_at": "2016-12-08T23:26:58.000Z", "profile_image_url": "https://pbs.twimg.com/profile_images/1383196364792680448/N8CdupEu_normal.jpg", "public_metrics": {"followers_count": 190338, "following_count": 220, "tweet_count": 1149, "listed_count": 567}, "url": "https://t.co/Ze18Ek9SOI", "id": "807003567605227520", "name": "Amber Heard", "username": "realamberheard", "description": "Actor and Activist, semi-professional disruptor, ice cream advocate and shameless teacup yorkie-lover"}}, "author": {"location": "Santa Catarina, Brasil", "created_at": "2017-11-16T05:01:23.000Z", "profile_image_url": "https://pbs.twimg.com/profile_images/1345882731029397509/UPpPjWkq_normal.jpg", "public_metrics": {"followers_count": 298, "following_count": 238, "tweet_count": 23165, "listed_count": 0}, "url": "", "id": "931024376417406976", "name": "isa \u262a\ufe0f", "username": "coquiandjdah", "description": "\u201cA poesia \u00e9 o que acontece quando nada mais pode.\u201d"}}, {"referenced_tweets": [{"type": "retweeted", "id": "1142462825580781568"}], "id": "1142530888766386176", "entities": {"annotations": [{"start": 71, "end": 81, "probability": 0.3627, "type": "Person", "normalized_text": "Amber Heard"}], "urls": [{"start": 101, "end": 124, "url": "https://t.co/roCDZ3cBpD", "expanded_url": "https://twitter.com/realamberheard/status/1142462084086665217", "display_url": "twitter.com/realamberheard\u2026"}], "mentions": [{"start": 84, "end": 99, "username": "realamberheard", "id": "807003567605227520"}], "hashtags": [{"start": 20, "end": 31, "tag": "TeenChoice"}, {"start": 36, "end": 67, "tag": "ChoiceSciFiFantasyMovieActress"}]}, "author_id": "3216078659", "created_at": "2019-06-22T20:32:45.000Z", "text": "RT @Niceguy9490: My #TeenChoice for #ChoiceSciFiFantasyMovieActress is Amber Heard (@realamberheard) https://t.co/roCDZ3cBpD", "public_metrics": {"retweet_count": 1, "reply_count": 0, "like_count": 0, "quote_count": 0}, "source": "Twitter Web Client", "lang": "en", "quoted_tweet": {"id": "1142462084086665217", "author_id": "807003567605227520", "created_at": "2019-06-22T15:59:21.000Z", "text": "Had the most amazing time at #ChateauLagrande today after I showed up unannounced for a tasting..... Was so fun. That \u201896 was insane! Thank u!", "entities": {"hashtags": [{"start": 29, "end": 45, "tag": "ChateauLagrande"}]}, "public_metrics": {"retweet_count": 25, "reply_count": 34, "like_count": 445, "quote_count": 4}, "source": "Twitter for iPad", "lang": "en", "author": {"location": "Los Angeles, CA", "created_at": "2016-12-08T23:26:58.000Z", "profile_image_url": "https://pbs.twimg.com/profile_images/1383196364792680448/N8CdupEu_normal.jpg", "public_metrics": {"followers_count": 190338, "following_count": 220, "tweet_count": 1149, "listed_count": 567}, "url": "https://t.co/Ze18Ek9SOI", "id": "807003567605227520", "name": "Amber Heard", "username": "realamberheard", "description": "Actor and Activist, semi-professional disruptor, ice cream advocate and shameless teacup yorkie-lover"}}, "author": {"created_at": "2015-04-28T07:17:35.000Z", "profile_image_url": "https://pbs.twimg.com/profile_images/1501219816522219520/SQVX3N2b_normal.jpg", "public_metrics": {"followers_count": 1465, "following_count": 1323, "tweet_count": 163095, "listed_count": 17}, "url": "", "id": "3216078659", "name": "GGCIR8991", "username": "GGCIR8991", "description": "On the internet, you can be pretty much anything you want, it's just kinda weird that so many people choose to be idiots and assholes"}}, {"referenced_tweets": [{"type": "quoted", "id": "1142462084086665217"}], "id": "1142516507697483776", "entities": {"urls": [{"start": 52, "end": 75, "url": "https://t.co/0hmHuDwlDL", "expanded_url": "https://twitter.com/realamberheard/status/1142462084086665217", "display_url": "twitter.com/realamberheard\u2026"}]}, "author_id": "3216078659", "created_at": "2019-06-22T19:35:37.000Z", "text": "Super! I'm glad you're having a great time there!\ud83d\udc96\ud83d\ude4c https://t.co/0hmHuDwlDL", "public_metrics": {"retweet_count": 0, "reply_count": 0, "like_count": 0, "quote_count": 0}, "source": "Twitter Web App", "lang": "en", "quoted_tweet": {"id": "1142462084086665217", "author_id": "807003567605227520", "created_at": "2019-06-22T15:59:21.000Z", "text": "Had the most amazing time at #ChateauLagrande today after I showed up unannounced for a tasting..... Was so fun. That \u201896 was insane! Thank u!", "entities": {"hashtags": [{"start": 29, "end": 45, "tag": "ChateauLagrande"}]}, "public_metrics": {"retweet_count": 25, "reply_count": 34, "like_count": 445, "quote_count": 4}, "source": "Twitter for iPad", "lang": "en", "author": {"location": "Los Angeles, CA", "created_at": "2016-12-08T23:26:58.000Z", "profile_image_url": "https://pbs.twimg.com/profile_images/1383196364792680448/N8CdupEu_normal.jpg", "public_metrics": {"followers_count": 190338, "following_count": 220, "tweet_count": 1149, "listed_count": 567}, "url": "https://t.co/Ze18Ek9SOI", "id": "807003567605227520", "name": "Amber Heard", "username": "realamberheard", "description": "Actor and Activist, semi-professional disruptor, ice cream advocate and shameless teacup yorkie-lover"}}, "author": {"created_at": "2015-04-28T07:17:35.000Z", "profile_image_url": "https://pbs.twimg.com/profile_images/1501219816522219520/SQVX3N2b_normal.jpg", "public_metrics": {"followers_count": 1465, "following_count": 1323, "tweet_count": 163095, "listed_count": 17}, "url": "", "id": "3216078659", "name": "GGCIR8991", "username": "GGCIR8991", "description": "On the internet, you can be pretty much anything you want, it's just kinda weird that so many people choose to be idiots and assholes"}}, {"referenced_tweets": [{"type": "quoted", "id": "1142462084086665217"}], "id": "1142469354455539716", "entities": {"urls": [{"start": 150, "end": 173, "url": "https://t.co/8lq7hOD72f", "expanded_url": "https://twitter.com/realamberheard/status/1142462084086665217", "display_url": "twitter.com/realamberheard\u2026"}], "hashtags": [{"start": 30, "end": 45, "tag": "ChateuLagrande"}]}, "author_id": "1904830838", "created_at": "2019-06-22T16:28:14.000Z", "text": "\u201cTive um tempo maravilhoso no #ChateuLagrande hoje depois que apareci de surpresa para uma prova... Foi t\u00e3o divertido! Esse 96 foi insano! Obrigada!\u201d https://t.co/8lq7hOD72f", "public_metrics": {"retweet_count": 1, "reply_count": 0, "like_count": 5, "quote_count": 0}, "source": "Twitter for iPhone", "lang": "pt", "quoted_tweet": {"id": "1142462084086665217", "author_id": "807003567605227520", "created_at": "2019-06-22T15:59:21.000Z", "text": "Had the most amazing time at #ChateauLagrande today after I showed up unannounced for a tasting..... Was so fun. That \u201896 was insane! Thank u!", "entities": {"hashtags": [{"start": 29, "end": 45, "tag": "ChateauLagrande"}]}, "public_metrics": {"retweet_count": 25, "reply_count": 34, "like_count": 445, "quote_count": 4}, "source": "Twitter for iPad", "lang": "en", "author": {"location": "Los Angeles, CA", "created_at": "2016-12-08T23:26:58.000Z", "profile_image_url": "https://pbs.twimg.com/profile_images/1383196364792680448/N8CdupEu_normal.jpg", "public_metrics": {"followers_count": 190338, "following_count": 220, "tweet_count": 1149, "listed_count": 567}, "url": "https://t.co/Ze18Ek9SOI", "id": "807003567605227520", "name": "Amber Heard", "username": "realamberheard", "description": "Actor and Activist, semi-professional disruptor, ice cream advocate and shameless teacup yorkie-lover"}}, "author": {"location": "youtube.com/amberheardbrasil", "created_at": "2013-09-25T17:01:29.000Z", "profile_image_url": "https://pbs.twimg.com/profile_images/1322659851433086976/DdbPY2Yt_normal.png", "public_metrics": {"followers_count": 7947, "following_count": 150, "tweet_count": 12508, "listed_count": 33}, "url": "https://t.co/aScwq9xXYm", "id": "1904830838", "name": "Amber Heard Brasil", "username": "AmberHeardBRA", "description": "Fonte brasileira de not\u00edcias sobre a atriz e ativista norte americana, Amber Heard! | @ahbrmedia."}}, {"referenced_tweets": [{"type": "quoted", "id": "1142462084086665217"}], "id": "1142462825580781568", "entities": {"annotations": [{"start": 54, "end": 58, "probability": 0.5961, "type": "Person", "normalized_text": "Amber"}], "urls": [{"start": 84, "end": 107, "url": "https://t.co/roCDZ3cBpD", "expanded_url": "https://twitter.com/realamberheard/status/1142462084086665217", "display_url": "twitter.com/realamberheard\u2026"}], "mentions": [{"start": 67, "end": 82, "username": "realamberheard", "id": "807003567605227520"}], "hashtags": [{"start": 3, "end": 14, "tag": "TeenChoice"}, {"start": 19, "end": 50, "tag": "ChoiceSciFiFantasyMovieActress"}]}, "author_id": "940459573105823744", "created_at": "2019-06-22T16:02:18.000Z", "text": "My #TeenChoice for #ChoiceSciFiFantasyMovieActress is Amber Heard (@realamberheard) https://t.co/roCDZ3cBpD", "public_metrics": {"retweet_count": 1, "reply_count": 0, "like_count": 1, "quote_count": 0}, "source": "Twitter for Android", "lang": "en", "quoted_tweet": {"id": "1142462084086665217", "author_id": "807003567605227520", "created_at": "2019-06-22T15:59:21.000Z", "text": "Had the most amazing time at #ChateauLagrande today after I showed up unannounced for a tasting..... Was so fun. That \u201896 was insane! Thank u!", "entities": {"hashtags": [{"start": 29, "end": 45, "tag": "ChateauLagrande"}]}, "public_metrics": {"retweet_count": 25, "reply_count": 34, "like_count": 445, "quote_count": 4}, "source": "Twitter for iPad", "lang": "en", "author": {"location": "Los Angeles, CA", "created_at": "2016-12-08T23:26:58.000Z", "profile_image_url": "https://pbs.twimg.com/profile_images/1383196364792680448/N8CdupEu_normal.jpg", "public_metrics": {"followers_count": 190338, "following_count": 220, "tweet_count": 1149, "listed_count": 567}, "url": "https://t.co/Ze18Ek9SOI", "id": "807003567605227520", "name": "Amber Heard", "username": "realamberheard", "description": "Actor and Activist, semi-professional disruptor, ice cream advocate and shameless teacup yorkie-lover"}}, "author": {"created_at": "2017-12-12T05:53:29.000Z", "profile_image_url": "https://pbs.twimg.com/profile_images/1478739279056556039/0Kn_xg4O_normal.jpg", "public_metrics": {"followers_count": 1373, "following_count": 997, "tweet_count": 37380, "listed_count": 15}, "url": "", "id": "940459573105823744", "name": "MUKUL", "username": "RealMukul", "description": "| \\W/estworld |\n\nhe/him | Fan Account |\n#IStandWithAmberHeard\n#IStandWithUkraine"}}]