[{"text": "I've been friends with #MarkEisner for 35 years - way to go Mark! https://t.co/oimvBA2BIs", "source": "Twitter Web Client", "referenced_tweets": [{"type": "quoted", "id": "1142709645473193984"}], "public_metrics": {"retweet_count": 0, "reply_count": 0, "like_count": 0, "quote_count": 0}, "lang": "en", "id": "1149019119464919042", "created_at": "2019-07-10T18:14:40.000Z", "entities": {"annotations": [{"start": 60, "end": 63, "probability": 0.5693, "type": "Person", "normalized_text": "Mark"}], "urls": [{"start": 66, "end": 89, "url": "https://t.co/oimvBA2BIs", "expanded_url": "https://twitter.com/realamberheard/status/1142709645473193984", "display_url": "twitter.com/realamberheard\u2026"}], "hashtags": [{"start": 23, "end": 34, "tag": "MarkEisner"}]}, "author_id": "936718666116186112", "quoted_tweet": {"text": "If u havent read #MarkEisner \u201cNeruda\u201d yet, do. Even the 2x time around, I couldnt put it down.  N a time of such upheavl &amp; chaos I couldnt help but b thnkful 4 the refreshng reminder of those literary voices tht save us from life by giving us art @eizmarcos", "source": "Twitter for iPad", "public_metrics": {"retweet_count": 22, "reply_count": 20, "like_count": 258, "quote_count": 4}, "lang": "en", "id": "1142709645473193984", "created_at": "2019-06-23T08:23:04.000Z", "entities": {"mentions": [{"start": 251, "end": 261, "username": "eizmarcos", "id": "715286996"}], "annotations": [{"start": 30, "end": 35, "probability": 0.7126, "type": "Person", "normalized_text": "Neruda"}], "hashtags": [{"start": 17, "end": 28, "tag": "MarkEisner"}]}, "author_id": "807003567605227520", "author": {"public_metrics": {"followers_count": 190338, "following_count": 220, "tweet_count": 1149, "listed_count": 567}, "location": "Los Angeles, CA", "profile_image_url": "https://pbs.twimg.com/profile_images/1383196364792680448/N8CdupEu_normal.jpg", "url": "https://t.co/Ze18Ek9SOI", "username": "realamberheard", "description": "Actor and Activist, semi-professional disruptor, ice cream advocate and shameless teacup yorkie-lover", "id": "807003567605227520", "name": "Amber Heard", "created_at": "2016-12-08T23:26:58.000Z"}}, "author": {"public_metrics": {"followers_count": 68, "following_count": 245, "tweet_count": 912, "listed_count": 0}, "location": "Eagle Rock, Los Angeles", "profile_image_url": "https://pbs.twimg.com/profile_images/936781690067763201/Uwld4YwH_normal.jpg", "url": "https://t.co/XwsgMDgVsR", "username": "Headwest_Studio", "description": "LA living, music producing, hockey playing dad. Former owner of Headgear Studio, Brooklyn (1998-2013).", "id": "936718666116186112", "name": "Dan Long", "created_at": "2017-12-01T22:08:28.000Z"}}, {"text": "\ud83d\udcab\ud83d\udcab\ud83d\udcab @eizmarcos \ud83d\udc47\ud83c\udffc https://t.co/MIyv56gcUZ", "source": "Twitter for iPhone", "referenced_tweets": [{"type": "quoted", "id": "1142709645473193984"}], "public_metrics": {"retweet_count": 0, "reply_count": 0, "like_count": 0, "quote_count": 0}, "lang": "und", "id": "1143644902745628673", "created_at": "2019-06-25T22:19:27.000Z", "entities": {"mentions": [{"start": 4, "end": 14, "username": "eizmarcos", "id": "715286996"}], "urls": [{"start": 18, "end": 41, "url": "https://t.co/MIyv56gcUZ", "expanded_url": "https://twitter.com/realamberheard/status/1142709645473193984", "display_url": "twitter.com/realamberheard\u2026"}]}, "author_id": "4638647352", "quoted_tweet": {"text": "If u havent read #MarkEisner \u201cNeruda\u201d yet, do. Even the 2x time around, I couldnt put it down.  N a time of such upheavl &amp; chaos I couldnt help but b thnkful 4 the refreshng reminder of those literary voices tht save us from life by giving us art @eizmarcos", "source": "Twitter for iPad", "public_metrics": {"retweet_count": 22, "reply_count": 20, "like_count": 258, "quote_count": 4}, "lang": "en", "id": "1142709645473193984", "created_at": "2019-06-23T08:23:04.000Z", "entities": {"mentions": [{"start": 251, "end": 261, "username": "eizmarcos", "id": "715286996"}], "annotations": [{"start": 30, "end": 35, "probability": 0.7126, "type": "Person", "normalized_text": "Neruda"}], "hashtags": [{"start": 17, "end": 28, "tag": "MarkEisner"}]}, "author_id": "807003567605227520", "author": {"public_metrics": {"followers_count": 190338, "following_count": 220, "tweet_count": 1149, "listed_count": 567}, "location": "Los Angeles, CA", "profile_image_url": "https://pbs.twimg.com/profile_images/1383196364792680448/N8CdupEu_normal.jpg", "url": "https://t.co/Ze18Ek9SOI", "username": "realamberheard", "description": "Actor and Activist, semi-professional disruptor, ice cream advocate and shameless teacup yorkie-lover", "id": "807003567605227520", "name": "Amber Heard", "created_at": "2016-12-08T23:26:58.000Z"}}, "author": {"public_metrics": {"followers_count": 2340, "following_count": 2291, "tweet_count": 6490, "listed_count": 17}, "location": "Barcelona", "profile_image_url": "https://pbs.twimg.com/profile_images/722464442290556928/gjQ0i73A_normal.jpg", "url": "https://t.co/wntv7CNuyt", "username": "amshulman", "description": "Author of THE AGE OF DISENCHANTMENTS about the Panero family of Spain @eccobooks; co-owner of https://t.co/Kzymm4ePey with @laurenkhamlin; wannabe surfer", "id": "4638647352", "name": "Aaron Shulman", "created_at": "2015-12-23T18:30:14.000Z"}}, {"text": "So awesome. I will be buried in #Neeuda tonight. https://t.co/iWI8gRF13E", "source": "Twitter for iPhone", "referenced_tweets": [{"type": "quoted", "id": "1142709645473193984"}], "public_metrics": {"retweet_count": 0, "reply_count": 0, "like_count": 0, "quote_count": 0}, "lang": "en", "id": "1142955084634107907", "created_at": "2019-06-24T00:38:21.000Z", "entities": {"urls": [{"start": 49, "end": 72, "url": "https://t.co/iWI8gRF13E", "expanded_url": "https://twitter.com/realamberheard/status/1142709645473193984", "display_url": "twitter.com/realamberheard\u2026"}], "hashtags": [{"start": 32, "end": 39, "tag": "Neeuda"}]}, "author_id": "3929192133", "quoted_tweet": {"text": "If u havent read #MarkEisner \u201cNeruda\u201d yet, do. Even the 2x time around, I couldnt put it down.  N a time of such upheavl &amp; chaos I couldnt help but b thnkful 4 the refreshng reminder of those literary voices tht save us from life by giving us art @eizmarcos", "source": "Twitter for iPad", "public_metrics": {"retweet_count": 22, "reply_count": 20, "like_count": 258, "quote_count": 4}, "lang": "en", "id": "1142709645473193984", "created_at": "2019-06-23T08:23:04.000Z", "entities": {"mentions": [{"start": 251, "end": 261, "username": "eizmarcos", "id": "715286996"}], "annotations": [{"start": 30, "end": 35, "probability": 0.7126, "type": "Person", "normalized_text": "Neruda"}], "hashtags": [{"start": 17, "end": 28, "tag": "MarkEisner"}]}, "author_id": "807003567605227520", "author": {"public_metrics": {"followers_count": 190338, "following_count": 220, "tweet_count": 1149, "listed_count": 567}, "location": "Los Angeles, CA", "profile_image_url": "https://pbs.twimg.com/profile_images/1383196364792680448/N8CdupEu_normal.jpg", "url": "https://t.co/Ze18Ek9SOI", "username": "realamberheard", "description": "Actor and Activist, semi-professional disruptor, ice cream advocate and shameless teacup yorkie-lover", "id": "807003567605227520", "name": "Amber Heard", "created_at": "2016-12-08T23:26:58.000Z"}}, "author": {"public_metrics": {"followers_count": 1273, "following_count": 4801, "tweet_count": 5321, "listed_count": 0}, "location": "Florida, USA", "profile_image_url": "https://pbs.twimg.com/profile_images/1254644809098309632/CWSrgHG6_normal.jpg", "url": "https://t.co/8GowPdGSLD", "username": "SherieDemure", "description": "Vegan-\ud83c\udf31ish \ud83c\udf31\ud83c\udf43, literature lover, \ud83d\udcda, new witch \u2764\ufe0f\ud83d\udc8b\ud83d\udda4 I read love poems and sonnets to fall asleep \ud83d\ude1c\u2764\ufe0f\ud83c\udf38 art lover. Basquiat \u2764\ufe0f Andy Warhol,", "id": "3929192133", "name": "Sherie Demure \ud83c\udf43 \ud83c\udf38\ud83c\udf31\ud83c\udf38\ud83c\udf43\ud83d\udd2e", "created_at": "2015-10-11T16:31:06.000Z"}}, {"text": "\"...by giving us art,\" art that's good for us one way or another. https://t.co/iuhpp96F3k", "source": "Twitter Web App", "referenced_tweets": [{"type": "quoted", "id": "1142709645473193984"}], "public_metrics": {"retweet_count": 0, "reply_count": 0, "like_count": 0, "quote_count": 0}, "lang": "en", "id": "1142711191078240257", "created_at": "2019-06-23T08:29:13.000Z", "entities": {"urls": [{"start": 66, "end": 89, "url": "https://t.co/iuhpp96F3k", "expanded_url": "https://twitter.com/realamberheard/status/1142709645473193984", "display_url": "twitter.com/realamberheard\u2026"}]}, "author_id": "3216078659", "quoted_tweet": {"text": "If u havent read #MarkEisner \u201cNeruda\u201d yet, do. Even the 2x time around, I couldnt put it down.  N a time of such upheavl &amp; chaos I couldnt help but b thnkful 4 the refreshng reminder of those literary voices tht save us from life by giving us art @eizmarcos", "source": "Twitter for iPad", "public_metrics": {"retweet_count": 22, "reply_count": 20, "like_count": 258, "quote_count": 4}, "lang": "en", "id": "1142709645473193984", "created_at": "2019-06-23T08:23:04.000Z", "entities": {"mentions": [{"start": 251, "end": 261, "username": "eizmarcos", "id": "715286996"}], "annotations": [{"start": 30, "end": 35, "probability": 0.7126, "type": "Person", "normalized_text": "Neruda"}], "hashtags": [{"start": 17, "end": 28, "tag": "MarkEisner"}]}, "author_id": "807003567605227520", "author": {"public_metrics": {"followers_count": 190338, "following_count": 220, "tweet_count": 1149, "listed_count": 567}, "location": "Los Angeles, CA", "profile_image_url": "https://pbs.twimg.com/profile_images/1383196364792680448/N8CdupEu_normal.jpg", "url": "https://t.co/Ze18Ek9SOI", "username": "realamberheard", "description": "Actor and Activist, semi-professional disruptor, ice cream advocate and shameless teacup yorkie-lover", "id": "807003567605227520", "name": "Amber Heard", "created_at": "2016-12-08T23:26:58.000Z"}}, "author": {"public_metrics": {"followers_count": 1465, "following_count": 1323, "tweet_count": 163095, "listed_count": 17}, "profile_image_url": "https://pbs.twimg.com/profile_images/1501219816522219520/SQVX3N2b_normal.jpg", "url": "", "username": "GGCIR8991", "description": "On the internet, you can be pretty much anything you want, it's just kinda weird that so many people choose to be idiots and assholes", "id": "3216078659", "name": "GGCIR8991", "created_at": "2015-04-28T07:17:35.000Z"}}]