[{"text": "My #TeenChoice for #ChoiceSciFiFantasyMovieActress is no other than #AmberHeard @realamberheard #Mera https://t.co/RFl7HRu5MI", "source": "Twitter Web App", "referenced_tweets": [{"type": "quoted", "id": "1142387036986494976"}], "public_metrics": {"retweet_count": 0, "reply_count": 0, "like_count": 0, "quote_count": 0}, "lang": "en", "id": "1143535643093393408", "created_at": "2019-06-25T15:05:17.000Z", "entities": {"mentions": [{"start": 80, "end": 95, "username": "realamberheard", "id": "807003567605227520"}], "urls": [{"start": 102, "end": 125, "url": "https://t.co/RFl7HRu5MI", "expanded_url": "https://twitter.com/realamberheard/status/1142387036986494976", "display_url": "twitter.com/realamberheard\u2026"}], "hashtags": [{"start": 3, "end": 14, "tag": "TeenChoice"}, {"start": 19, "end": 50, "tag": "ChoiceSciFiFantasyMovieActress"}, {"start": 68, "end": 79, "tag": "AmberHeard"}, {"start": 96, "end": 101, "tag": "Mera"}]}, "author_id": "3216078659", "quoted_tweet": {"text": "So cool! Feel honored that Mera is getting love at #TeenChoiceAwards #ChoiceSciFiFantasyTVActress https://t.co/0vyENnvN9y", "source": "Twitter for iPhone", "public_metrics": {"retweet_count": 108, "reply_count": 158, "like_count": 952, "quote_count": 7}, "lang": "en", "id": "1142387036986494976", "created_at": "2019-06-22T11:01:08.000Z", "entities": {"annotations": [{"start": 27, "end": 30, "probability": 0.7987, "type": "Person", "normalized_text": "Mera"}], "urls": [{"start": 98, "end": 121, "url": "https://t.co/0vyENnvN9y", "expanded_url": "https://variety.com/2019/film/news/teen-choice-awards-nominations-avengers-endgame-riverdale-1203247410/", "display_url": "variety.com/2019/film/news\u2026", "status": 200, "unwound_url": "https://variety.com/2019/film/news/teen-choice-awards-nominations-avengers-endgame-riverdale-1203247410/"}], "hashtags": [{"start": 51, "end": 68, "tag": "TeenChoiceAwards"}, {"start": 69, "end": 97, "tag": "ChoiceSciFiFantasyTVActress"}]}, "author_id": "807003567605227520", "author": {"public_metrics": {"followers_count": 190338, "following_count": 220, "tweet_count": 1149, "listed_count": 567}, "location": "Los Angeles, CA", "profile_image_url": "https://pbs.twimg.com/profile_images/1383196364792680448/N8CdupEu_normal.jpg", "url": "https://t.co/Ze18Ek9SOI", "username": "realamberheard", "description": "Actor and Activist, semi-professional disruptor, ice cream advocate and shameless teacup yorkie-lover", "id": "807003567605227520", "name": "Amber Heard", "created_at": "2016-12-08T23:26:58.000Z"}}, "author": {"public_metrics": {"followers_count": 1465, "following_count": 1323, "tweet_count": 163095, "listed_count": 17}, "profile_image_url": "https://pbs.twimg.com/profile_images/1501219816522219520/SQVX3N2b_normal.jpg", "url": "", "username": "GGCIR8991", "description": "On the internet, you can be pretty much anything you want, it's just kinda weird that so many people choose to be idiots and assholes", "id": "3216078659", "name": "GGCIR8991", "created_at": "2015-04-28T07:17:35.000Z"}}, {"text": "But you not Abuser Heard ! https://t.co/n7j3N52V7x", "source": "Twitter for iPhone", "referenced_tweets": [{"type": "quoted", "id": "1142387036986494976"}], "public_metrics": {"retweet_count": 0, "reply_count": 0, "like_count": 0, "quote_count": 0}, "lang": "en", "id": "1142532054317436934", "created_at": "2019-06-22T20:37:23.000Z", "entities": {"urls": [{"start": 27, "end": 50, "url": "https://t.co/n7j3N52V7x", "expanded_url": "https://twitter.com/realamberheard/status/1142387036986494976", "display_url": "twitter.com/realamberheard\u2026"}]}, "author_id": "1416352825", "quoted_tweet": {"text": "So cool! Feel honored that Mera is getting love at #TeenChoiceAwards #ChoiceSciFiFantasyTVActress https://t.co/0vyENnvN9y", "source": "Twitter for iPhone", "public_metrics": {"retweet_count": 108, "reply_count": 158, "like_count": 952, "quote_count": 7}, "lang": "en", "id": "1142387036986494976", "created_at": "2019-06-22T11:01:08.000Z", "entities": {"annotations": [{"start": 27, "end": 30, "probability": 0.7987, "type": "Person", "normalized_text": "Mera"}], "urls": [{"start": 98, "end": 121, "url": "https://t.co/0vyENnvN9y", "expanded_url": "https://variety.com/2019/film/news/teen-choice-awards-nominations-avengers-endgame-riverdale-1203247410/", "display_url": "variety.com/2019/film/news\u2026", "status": 200, "unwound_url": "https://variety.com/2019/film/news/teen-choice-awards-nominations-avengers-endgame-riverdale-1203247410/"}], "hashtags": [{"start": 51, "end": 68, "tag": "TeenChoiceAwards"}, {"start": 69, "end": 97, "tag": "ChoiceSciFiFantasyTVActress"}]}, "author_id": "807003567605227520", "author": {"public_metrics": {"followers_count": 190338, "following_count": 220, "tweet_count": 1149, "listed_count": 567}, "location": "Los Angeles, CA", "profile_image_url": "https://pbs.twimg.com/profile_images/1383196364792680448/N8CdupEu_normal.jpg", "url": "https://t.co/Ze18Ek9SOI", "username": "realamberheard", "description": "Actor and Activist, semi-professional disruptor, ice cream advocate and shameless teacup yorkie-lover", "id": "807003567605227520", "name": "Amber Heard", "created_at": "2016-12-08T23:26:58.000Z"}}, "author": {"public_metrics": {"followers_count": 813, "following_count": 57, "tweet_count": 43418, "listed_count": 6}, "location": "Riyadh, Kingdom of Saudi Arabia", "profile_image_url": "https://pbs.twimg.com/profile_images/1498408527332880388/5ucIf677_normal.jpg", "url": "", "username": "mashael_f94", "description": "moviesaholic ..! (@iMashaelF94 is my another account )", "id": "1416352825", "name": "\u0645\u0634\u0627\u0639\u0644\ud83c\udfa5\ud83c\udfac", "created_at": "2013-05-09T19:57:28.000Z"}}, {"text": "You deserved it https://t.co/ATB1G6HWKP", "source": "Twitter for Android", "referenced_tweets": [{"type": "quoted", "id": "1142387036986494976"}], "public_metrics": {"retweet_count": 0, "reply_count": 0, "like_count": 0, "quote_count": 0}, "lang": "en", "id": "1142412153002942466", "created_at": "2019-06-22T12:40:56.000Z", "entities": {"urls": [{"start": 16, "end": 39, "url": "https://t.co/ATB1G6HWKP", "expanded_url": "https://twitter.com/realamberheard/status/1142387036986494976", "display_url": "twitter.com/realamberheard\u2026"}]}, "author_id": "2284900040", "quoted_tweet": {"text": "So cool! Feel honored that Mera is getting love at #TeenChoiceAwards #ChoiceSciFiFantasyTVActress https://t.co/0vyENnvN9y", "source": "Twitter for iPhone", "public_metrics": {"retweet_count": 108, "reply_count": 158, "like_count": 952, "quote_count": 7}, "lang": "en", "id": "1142387036986494976", "created_at": "2019-06-22T11:01:08.000Z", "entities": {"annotations": [{"start": 27, "end": 30, "probability": 0.7987, "type": "Person", "normalized_text": "Mera"}], "urls": [{"start": 98, "end": 121, "url": "https://t.co/0vyENnvN9y", "expanded_url": "https://variety.com/2019/film/news/teen-choice-awards-nominations-avengers-endgame-riverdale-1203247410/", "display_url": "variety.com/2019/film/news\u2026", "status": 200, "unwound_url": "https://variety.com/2019/film/news/teen-choice-awards-nominations-avengers-endgame-riverdale-1203247410/"}], "hashtags": [{"start": 51, "end": 68, "tag": "TeenChoiceAwards"}, {"start": 69, "end": 97, "tag": "ChoiceSciFiFantasyTVActress"}]}, "author_id": "807003567605227520", "author": {"public_metrics": {"followers_count": 190338, "following_count": 220, "tweet_count": 1149, "listed_count": 567}, "location": "Los Angeles, CA", "profile_image_url": "https://pbs.twimg.com/profile_images/1383196364792680448/N8CdupEu_normal.jpg", "url": "https://t.co/Ze18Ek9SOI", "username": "realamberheard", "description": "Actor and Activist, semi-professional disruptor, ice cream advocate and shameless teacup yorkie-lover", "id": "807003567605227520", "name": "Amber Heard", "created_at": "2016-12-08T23:26:58.000Z"}}, "author": {"public_metrics": {"followers_count": 822, "following_count": 335, "tweet_count": 80975, "listed_count": 17}, "location": "\ud83c\udf08 Filipinas", "profile_image_url": "https://pbs.twimg.com/profile_images/1460300333369143296/9Xp17M5r_normal.jpg", "url": "", "username": "thykimdom", "description": "bi. peculiar. nihilism.\nuno x mingming \u2764", "id": "2284900040", "name": "k.", "created_at": "2014-01-10T10:48:52.000Z"}}, {"text": "My #TeenChoice for #ChoiceSciFiFantasyMovieActress is no other than Mera #AmberHeard @realamberheard \ud83c\udf0a\ud83c\udf0a\ud83c\udf0a\ud83c\udf0a\ud83c\udf0a https://t.co/RFl7HRu5MI", "source": "Twitter Web App", "referenced_tweets": [{"type": "quoted", "id": "1142387036986494976"}], "public_metrics": {"retweet_count": 0, "reply_count": 0, "like_count": 0, "quote_count": 0}, "lang": "en", "id": "1142392307431329792", "created_at": "2019-06-22T11:22:05.000Z", "entities": {"mentions": [{"start": 85, "end": 100, "username": "realamberheard", "id": "807003567605227520"}], "urls": [{"start": 107, "end": 130, "url": "https://t.co/RFl7HRu5MI", "expanded_url": "https://twitter.com/realamberheard/status/1142387036986494976", "display_url": "twitter.com/realamberheard\u2026"}], "hashtags": [{"start": 3, "end": 14, "tag": "TeenChoice"}, {"start": 19, "end": 50, "tag": "ChoiceSciFiFantasyMovieActress"}, {"start": 73, "end": 84, "tag": "AmberHeard"}]}, "author_id": "3216078659", "quoted_tweet": {"text": "So cool! Feel honored that Mera is getting love at #TeenChoiceAwards #ChoiceSciFiFantasyTVActress https://t.co/0vyENnvN9y", "source": "Twitter for iPhone", "public_metrics": {"retweet_count": 108, "reply_count": 158, "like_count": 952, "quote_count": 7}, "lang": "en", "id": "1142387036986494976", "created_at": "2019-06-22T11:01:08.000Z", "entities": {"annotations": [{"start": 27, "end": 30, "probability": 0.7987, "type": "Person", "normalized_text": "Mera"}], "urls": [{"start": 98, "end": 121, "url": "https://t.co/0vyENnvN9y", "expanded_url": "https://variety.com/2019/film/news/teen-choice-awards-nominations-avengers-endgame-riverdale-1203247410/", "display_url": "variety.com/2019/film/news\u2026", "status": 200, "unwound_url": "https://variety.com/2019/film/news/teen-choice-awards-nominations-avengers-endgame-riverdale-1203247410/"}], "hashtags": [{"start": 51, "end": 68, "tag": "TeenChoiceAwards"}, {"start": 69, "end": 97, "tag": "ChoiceSciFiFantasyTVActress"}]}, "author_id": "807003567605227520", "author": {"public_metrics": {"followers_count": 190338, "following_count": 220, "tweet_count": 1149, "listed_count": 567}, "location": "Los Angeles, CA", "profile_image_url": "https://pbs.twimg.com/profile_images/1383196364792680448/N8CdupEu_normal.jpg", "url": "https://t.co/Ze18Ek9SOI", "username": "realamberheard", "description": "Actor and Activist, semi-professional disruptor, ice cream advocate and shameless teacup yorkie-lover", "id": "807003567605227520", "name": "Amber Heard", "created_at": "2016-12-08T23:26:58.000Z"}}, "author": {"public_metrics": {"followers_count": 1465, "following_count": 1323, "tweet_count": 163095, "listed_count": 17}, "profile_image_url": "https://pbs.twimg.com/profile_images/1501219816522219520/SQVX3N2b_normal.jpg", "url": "", "username": "GGCIR8991", "description": "On the internet, you can be pretty much anything you want, it's just kinda weird that so many people choose to be idiots and assholes", "id": "3216078659", "name": "GGCIR8991", "created_at": "2015-04-28T07:17:35.000Z"}}, {"text": "mis tres pasiones https://t.co/S6MKzbhrsF", "source": "Twitter Web Client", "referenced_tweets": [{"type": "quoted", "id": "1142387036986494976"}], "public_metrics": {"retweet_count": 0, "reply_count": 0, "like_count": 0, "quote_count": 0}, "lang": "en", "id": "1142388842202378242", "created_at": "2019-06-22T11:08:19.000Z", "entities": {"urls": [{"start": 18, "end": 41, "url": "https://t.co/S6MKzbhrsF", "expanded_url": "https://twitter.com/realamberheard/status/1142387036986494976", "display_url": "twitter.com/realamberheard\u2026"}]}, "author_id": "883207045", "quoted_tweet": {"text": "So cool! Feel honored that Mera is getting love at #TeenChoiceAwards #ChoiceSciFiFantasyTVActress https://t.co/0vyENnvN9y", "source": "Twitter for iPhone", "public_metrics": {"retweet_count": 108, "reply_count": 158, "like_count": 952, "quote_count": 7}, "lang": "en", "id": "1142387036986494976", "created_at": "2019-06-22T11:01:08.000Z", "entities": {"annotations": [{"start": 27, "end": 30, "probability": 0.7987, "type": "Person", "normalized_text": "Mera"}], "urls": [{"start": 98, "end": 121, "url": "https://t.co/0vyENnvN9y", "expanded_url": "https://variety.com/2019/film/news/teen-choice-awards-nominations-avengers-endgame-riverdale-1203247410/", "display_url": "variety.com/2019/film/news\u2026", "status": 200, "unwound_url": "https://variety.com/2019/film/news/teen-choice-awards-nominations-avengers-endgame-riverdale-1203247410/"}], "hashtags": [{"start": 51, "end": 68, "tag": "TeenChoiceAwards"}, {"start": 69, "end": 97, "tag": "ChoiceSciFiFantasyTVActress"}]}, "author_id": "807003567605227520", "author": {"public_metrics": {"followers_count": 190338, "following_count": 220, "tweet_count": 1149, "listed_count": 567}, "location": "Los Angeles, CA", "profile_image_url": "https://pbs.twimg.com/profile_images/1383196364792680448/N8CdupEu_normal.jpg", "url": "https://t.co/Ze18Ek9SOI", "username": "realamberheard", "description": "Actor and Activist, semi-professional disruptor, ice cream advocate and shameless teacup yorkie-lover", "id": "807003567605227520", "name": "Amber Heard", "created_at": "2016-12-08T23:26:58.000Z"}}, "author": {"public_metrics": {"followers_count": 144, "following_count": 114, "tweet_count": 75784, "listed_count": 8}, "location": "In the Crown of the Circus Kin", "profile_image_url": "https://pbs.twimg.com/profile_images/952510670376972288/aQjObHb1_normal.jpg", "url": "https://t.co/4tugTQtOno", "username": "fakkis", "description": "Fakkis el huevo y Marina la humana. \u00bfQue hace un sitio como yo en una chica como esta? Mitad bratz, mitad zombie, mitad psicokiller.\nart acc @meygi_", "id": "883207045", "name": "(sher)a\ud83c\udf38", "created_at": "2012-10-15T21:59:38.000Z"}}, {"text": "\ud83e\udd29\ud83d\ude0d https://t.co/iafwBQ97fr", "source": "Twitter for iPhone", "referenced_tweets": [{"type": "quoted", "id": "1142387036986494976"}], "public_metrics": {"retweet_count": 0, "reply_count": 0, "like_count": 0, "quote_count": 0}, "lang": "und", "id": "1142388752569864192", "created_at": "2019-06-22T11:07:57.000Z", "entities": {"urls": [{"start": 3, "end": 26, "url": "https://t.co/iafwBQ97fr", "expanded_url": "https://twitter.com/realamberheard/status/1142387036986494976", "display_url": "twitter.com/realamberheard\u2026"}]}, "author_id": "2927559812", "quoted_tweet": {"text": "So cool! Feel honored that Mera is getting love at #TeenChoiceAwards #ChoiceSciFiFantasyTVActress https://t.co/0vyENnvN9y", "source": "Twitter for iPhone", "public_metrics": {"retweet_count": 108, "reply_count": 158, "like_count": 952, "quote_count": 7}, "lang": "en", "id": "1142387036986494976", "created_at": "2019-06-22T11:01:08.000Z", "entities": {"annotations": [{"start": 27, "end": 30, "probability": 0.7987, "type": "Person", "normalized_text": "Mera"}], "urls": [{"start": 98, "end": 121, "url": "https://t.co/0vyENnvN9y", "expanded_url": "https://variety.com/2019/film/news/teen-choice-awards-nominations-avengers-endgame-riverdale-1203247410/", "display_url": "variety.com/2019/film/news\u2026", "status": 200, "unwound_url": "https://variety.com/2019/film/news/teen-choice-awards-nominations-avengers-endgame-riverdale-1203247410/"}], "hashtags": [{"start": 51, "end": 68, "tag": "TeenChoiceAwards"}, {"start": 69, "end": 97, "tag": "ChoiceSciFiFantasyTVActress"}]}, "author_id": "807003567605227520", "author": {"public_metrics": {"followers_count": 190338, "following_count": 220, "tweet_count": 1149, "listed_count": 567}, "location": "Los Angeles, CA", "profile_image_url": "https://pbs.twimg.com/profile_images/1383196364792680448/N8CdupEu_normal.jpg", "url": "https://t.co/Ze18Ek9SOI", "username": "realamberheard", "description": "Actor and Activist, semi-professional disruptor, ice cream advocate and shameless teacup yorkie-lover", "id": "807003567605227520", "name": "Amber Heard", "created_at": "2016-12-08T23:26:58.000Z"}}, "author": {"public_metrics": {"followers_count": 411, "following_count": 78, "tweet_count": 36382, "listed_count": 1}, "profile_image_url": "https://pbs.twimg.com/profile_images/1445101708799926286/3YqbnZ3B_normal.jpg", "url": "", "username": "Thitiwut96", "description": "", "id": "2927559812", "name": "\u0441\u00b2", "created_at": "2014-12-12T12:37:24.000Z"}}, {"text": "Mera absolutely deserves to be honored, she's a badass/kick-ass stunning superhero, and you did a wonderful job of portraying her. You're simply perfect for portraying Mera!\ud83c\udf1f\ud83d\udc96\ud83c\udf0a https://t.co/RFl7HRu5MI", "source": "Twitter Web App", "referenced_tweets": [{"type": "quoted", "id": "1142387036986494976"}], "public_metrics": {"retweet_count": 0, "reply_count": 0, "like_count": 0, "quote_count": 0}, "lang": "en", "id": "1142387758456983553", "created_at": "2019-06-22T11:04:00.000Z", "entities": {"annotations": [{"start": 168, "end": 171, "probability": 0.4774, "type": "Person", "normalized_text": "Mera"}], "urls": [{"start": 177, "end": 200, "url": "https://t.co/RFl7HRu5MI", "expanded_url": "https://twitter.com/realamberheard/status/1142387036986494976", "display_url": "twitter.com/realamberheard\u2026"}]}, "author_id": "3216078659", "quoted_tweet": {"text": "So cool! Feel honored that Mera is getting love at #TeenChoiceAwards #ChoiceSciFiFantasyTVActress https://t.co/0vyENnvN9y", "source": "Twitter for iPhone", "public_metrics": {"retweet_count": 108, "reply_count": 158, "like_count": 952, "quote_count": 7}, "lang": "en", "id": "1142387036986494976", "created_at": "2019-06-22T11:01:08.000Z", "entities": {"annotations": [{"start": 27, "end": 30, "probability": 0.7987, "type": "Person", "normalized_text": "Mera"}], "urls": [{"start": 98, "end": 121, "url": "https://t.co/0vyENnvN9y", "expanded_url": "https://variety.com/2019/film/news/teen-choice-awards-nominations-avengers-endgame-riverdale-1203247410/", "display_url": "variety.com/2019/film/news\u2026", "status": 200, "unwound_url": "https://variety.com/2019/film/news/teen-choice-awards-nominations-avengers-endgame-riverdale-1203247410/"}], "hashtags": [{"start": 51, "end": 68, "tag": "TeenChoiceAwards"}, {"start": 69, "end": 97, "tag": "ChoiceSciFiFantasyTVActress"}]}, "author_id": "807003567605227520", "author": {"public_metrics": {"followers_count": 190338, "following_count": 220, "tweet_count": 1149, "listed_count": 567}, "location": "Los Angeles, CA", "profile_image_url": "https://pbs.twimg.com/profile_images/1383196364792680448/N8CdupEu_normal.jpg", "url": "https://t.co/Ze18Ek9SOI", "username": "realamberheard", "description": "Actor and Activist, semi-professional disruptor, ice cream advocate and shameless teacup yorkie-lover", "id": "807003567605227520", "name": "Amber Heard", "created_at": "2016-12-08T23:26:58.000Z"}}, "author": {"public_metrics": {"followers_count": 1465, "following_count": 1323, "tweet_count": 163095, "listed_count": 17}, "profile_image_url": "https://pbs.twimg.com/profile_images/1501219816522219520/SQVX3N2b_normal.jpg", "url": "", "username": "GGCIR8991", "description": "On the internet, you can be pretty much anything you want, it's just kinda weird that so many people choose to be idiots and assholes", "id": "3216078659", "name": "GGCIR8991", "created_at": "2015-04-28T07:17:35.000Z"}}, {"text": "My #TeenChoice for #ChoiceSciFiFantasyMovieActress is Amber Heard @realamberheard https://t.co/T3arfsTbTJ https://t.co/ZNrWo77toa", "source": "Twitter for Android", "referenced_tweets": [{"type": "quoted", "id": "1142387036986494976"}], "public_metrics": {"retweet_count": 0, "reply_count": 0, "like_count": 1, "quote_count": 0}, "lang": "en", "id": "1142387319506268160", "created_at": "2019-06-22T11:02:16.000Z", "entities": {"mentions": [{"start": 66, "end": 81, "username": "realamberheard", "id": "807003567605227520"}], "annotations": [{"start": 54, "end": 58, "probability": 0.7164, "type": "Person", "normalized_text": "Amber"}], "urls": [{"start": 82, "end": 105, "url": "https://t.co/T3arfsTbTJ", "expanded_url": "https://twitter.com/Niceguy9490/status/1142387319506268160/photo/1", "display_url": "pic.twitter.com/T3arfsTbTJ"}, {"start": 106, "end": 129, "url": "https://t.co/ZNrWo77toa", "expanded_url": "https://twitter.com/realamberheard/status/1142387036986494976", "display_url": "twitter.com/realamberheard\u2026"}], "hashtags": [{"start": 3, "end": 14, "tag": "TeenChoice"}, {"start": 19, "end": 50, "tag": "ChoiceSciFiFantasyMovieActress"}]}, "author_id": "940459573105823744", "quoted_tweet": {"text": "So cool! Feel honored that Mera is getting love at #TeenChoiceAwards #ChoiceSciFiFantasyTVActress https://t.co/0vyENnvN9y", "source": "Twitter for iPhone", "public_metrics": {"retweet_count": 108, "reply_count": 158, "like_count": 952, "quote_count": 7}, "lang": "en", "id": "1142387036986494976", "created_at": "2019-06-22T11:01:08.000Z", "entities": {"annotations": [{"start": 27, "end": 30, "probability": 0.7987, "type": "Person", "normalized_text": "Mera"}], "urls": [{"start": 98, "end": 121, "url": "https://t.co/0vyENnvN9y", "expanded_url": "https://variety.com/2019/film/news/teen-choice-awards-nominations-avengers-endgame-riverdale-1203247410/", "display_url": "variety.com/2019/film/news\u2026", "status": 200, "unwound_url": "https://variety.com/2019/film/news/teen-choice-awards-nominations-avengers-endgame-riverdale-1203247410/"}], "hashtags": [{"start": 51, "end": 68, "tag": "TeenChoiceAwards"}, {"start": 69, "end": 97, "tag": "ChoiceSciFiFantasyTVActress"}]}, "author_id": "807003567605227520", "author": {"public_metrics": {"followers_count": 190338, "following_count": 220, "tweet_count": 1149, "listed_count": 567}, "location": "Los Angeles, CA", "profile_image_url": "https://pbs.twimg.com/profile_images/1383196364792680448/N8CdupEu_normal.jpg", "url": "https://t.co/Ze18Ek9SOI", "username": "realamberheard", "description": "Actor and Activist, semi-professional disruptor, ice cream advocate and shameless teacup yorkie-lover", "id": "807003567605227520", "name": "Amber Heard", "created_at": "2016-12-08T23:26:58.000Z"}}, "author": {"public_metrics": {"followers_count": 1373, "following_count": 997, "tweet_count": 37380, "listed_count": 15}, "profile_image_url": "https://pbs.twimg.com/profile_images/1478739279056556039/0Kn_xg4O_normal.jpg", "url": "", "username": "RealMukul", "description": "| \\W/estworld |\n\nhe/him | Fan Account |\n#IStandWithAmberHeard\n#IStandWithUkraine", "id": "940459573105823744", "name": "MUKUL", "created_at": "2017-12-12T05:53:29.000Z"}}]