[{"referenced_tweets": [{"type": "quoted", "id": "1144650214986452992"}], "id": "1424370311059755010", "entities": {"urls": [{"start": 42, "end": 65, "url": "https://t.co/VpoEEHOLGb", "expanded_url": "https://twitter.com/realamberheard/status/1144650214986452992", "display_url": "twitter.com/realamberheard\u2026"}]}, "author_id": "1404069508877230080", "created_at": "2021-08-08T14:02:00.000Z", "text": "\uc640 \uc598\ub4e4\uc544\u3160\u3160\u3160 \uace0\uc591\uc774 \ucc45\ud45c\uc9c0\uaecd\uc9c8 \uc0ac\uc774\uc5d0 \ub4e4\uc5b4\uac00\uc787\ub294\uac70 \ubd10\ubc14 \ub108\ubb34\uae30\uc6b0\uc6cc \u3160\u3160 https://t.co/VpoEEHOLGb", "public_metrics": {"retweet_count": 0, "reply_count": 0, "like_count": 0, "quote_count": 0}, "source": "Twitter for iPhone", "lang": "ko", "quoted_tweet": {"id": "1144650214986452992", "entities": {"urls": [{"start": 64, "end": 87, "url": "https://t.co/J0OfEB7d2E", "expanded_url": "https://twitter.com/realamberheard/status/1144650214986452992/photo/1", "display_url": "pic.twitter.com/J0OfEB7d2E"}, {"start": 64, "end": 87, "url": "https://t.co/J0OfEB7d2E", "expanded_url": "https://twitter.com/realamberheard/status/1144650214986452992/photo/1", "display_url": "pic.twitter.com/J0OfEB7d2E"}, {"start": 64, "end": 87, "url": "https://t.co/J0OfEB7d2E", "expanded_url": "https://twitter.com/realamberheard/status/1144650214986452992/photo/1", "display_url": "pic.twitter.com/J0OfEB7d2E"}], "mentions": [{"start": 51, "end": 63, "username": "GrantGinder", "id": "134849087"}]}, "author_id": "807003567605227520", "created_at": "2019-06-28T16:54:12.000Z", "text": "I wasn\u2019t the one who enjoyed this vacation-read by @GrantGinder https://t.co/J0OfEB7d2E", "public_metrics": {"retweet_count": 155, "reply_count": 33, "like_count": 1084, "quote_count": 8}, "source": "Twitter for iPhone", "lang": "en", "author": {"location": "Los Angeles, CA", "created_at": "2016-12-08T23:26:58.000Z", "profile_image_url": "https://pbs.twimg.com/profile_images/1383196364792680448/N8CdupEu_normal.jpg", "public_metrics": {"followers_count": 190338, "following_count": 220, "tweet_count": 1149, "listed_count": 567}, "url": "https://t.co/Ze18Ek9SOI", "id": "807003567605227520", "name": "Amber Heard", "username": "realamberheard", "description": "Actor and Activist, semi-professional disruptor, ice cream advocate and shameless teacup yorkie-lover"}}, "author": {"created_at": "2021-06-13T13:34:01.000Z", "profile_image_url": "https://pbs.twimg.com/profile_images/1476037927834877953/ay47sRTP_normal.jpg", "public_metrics": {"followers_count": 388, "following_count": 93, "tweet_count": 22606, "listed_count": 0}, "url": "", "id": "1404069508877230080", "name": "\uc9d5\uc9d5", "username": "double_zing", "description": "\uc77c\uc0c1\uacc4"}}, {"referenced_tweets": [{"type": "retweeted", "id": "1144651954720784386"}], "id": "1145364245652971521", "entities": {"annotations": [{"start": 17, "end": 21, "probability": 0.9285, "type": "Person", "normalized_text": "AMBER"}], "urls": [{"start": 87, "end": 110, "url": "https://t.co/J4tvLeCM65", "expanded_url": "https://twitter.com/realamberheard/status/1144650214986452992", "display_url": "twitter.com/realamberheard\u2026"}], "mentions": [{"start": 3, "end": 15, "username": "GrantGinder", "id": "134849087"}]}, "author_id": "2902922988", "created_at": "2019-06-30T16:11:30.000Z", "text": "RT @GrantGinder: AMBER HEARD AND A KITTEN BOTH LIKED MY BOOK HAPPY PRIDE MOTHERFUCKERS https://t.co/J4tvLeCM65", "public_metrics": {"retweet_count": 22, "reply_count": 0, "like_count": 0, "quote_count": 0}, "source": "Twitter for iPhone", "lang": "en", "quoted_tweet": {"id": "1144650214986452992", "entities": {"urls": [{"start": 64, "end": 87, "url": "https://t.co/J0OfEB7d2E", "expanded_url": "https://twitter.com/realamberheard/status/1144650214986452992/photo/1", "display_url": "pic.twitter.com/J0OfEB7d2E"}, {"start": 64, "end": 87, "url": "https://t.co/J0OfEB7d2E", "expanded_url": "https://twitter.com/realamberheard/status/1144650214986452992/photo/1", "display_url": "pic.twitter.com/J0OfEB7d2E"}, {"start": 64, "end": 87, "url": "https://t.co/J0OfEB7d2E", "expanded_url": "https://twitter.com/realamberheard/status/1144650214986452992/photo/1", "display_url": "pic.twitter.com/J0OfEB7d2E"}], "mentions": [{"start": 51, "end": 63, "username": "GrantGinder", "id": "134849087"}]}, "author_id": "807003567605227520", "created_at": "2019-06-28T16:54:12.000Z", "text": "I wasn\u2019t the one who enjoyed this vacation-read by @GrantGinder https://t.co/J0OfEB7d2E", "public_metrics": {"retweet_count": 155, "reply_count": 33, "like_count": 1084, "quote_count": 8}, "source": "Twitter for iPhone", "lang": "en", "author": {"location": "Los Angeles, CA", "created_at": "2016-12-08T23:26:58.000Z", "profile_image_url": "https://pbs.twimg.com/profile_images/1383196364792680448/N8CdupEu_normal.jpg", "public_metrics": {"followers_count": 190338, "following_count": 220, "tweet_count": 1149, "listed_count": 567}, "url": "https://t.co/Ze18Ek9SOI", "id": "807003567605227520", "name": "Amber Heard", "username": "realamberheard", "description": "Actor and Activist, semi-professional disruptor, ice cream advocate and shameless teacup yorkie-lover"}}, "author": {"location": "California, USA", "created_at": "2014-11-17T18:06:32.000Z", "profile_image_url": "https://pbs.twimg.com/profile_images/1258630852029722625/en_I8fJr_normal.jpg", "public_metrics": {"followers_count": 245, "following_count": 249, "tweet_count": 22736, "listed_count": 0}, "url": "https://t.co/LfFwv7dL4v", "id": "2902922988", "name": "\ub2e8", "username": "10x_dangineer", "description": "dang engineer"}}, {"referenced_tweets": [{"type": "retweeted", "id": "1144651954720784386"}], "id": "1145304370189361152", "entities": {"annotations": [{"start": 17, "end": 21, "probability": 0.9285, "type": "Person", "normalized_text": "AMBER"}], "urls": [{"start": 87, "end": 110, "url": "https://t.co/J4tvLeCM65", "expanded_url": "https://twitter.com/realamberheard/status/1144650214986452992", "display_url": "twitter.com/realamberheard\u2026"}], "mentions": [{"start": 3, "end": 15, "username": "GrantGinder", "id": "134849087"}]}, "author_id": "1092938733383573504", "created_at": "2019-06-30T12:13:35.000Z", "text": "RT @GrantGinder: AMBER HEARD AND A KITTEN BOTH LIKED MY BOOK HAPPY PRIDE MOTHERFUCKERS https://t.co/J4tvLeCM65", "public_metrics": {"retweet_count": 22, "reply_count": 0, "like_count": 0, "quote_count": 0}, "source": "Twitter Web Client", "lang": "en", "quoted_tweet": {"id": "1144650214986452992", "entities": {"urls": [{"start": 64, "end": 87, "url": "https://t.co/J0OfEB7d2E", "expanded_url": "https://twitter.com/realamberheard/status/1144650214986452992/photo/1", "display_url": "pic.twitter.com/J0OfEB7d2E"}, {"start": 64, "end": 87, "url": "https://t.co/J0OfEB7d2E", "expanded_url": "https://twitter.com/realamberheard/status/1144650214986452992/photo/1", "display_url": "pic.twitter.com/J0OfEB7d2E"}, {"start": 64, "end": 87, "url": "https://t.co/J0OfEB7d2E", "expanded_url": "https://twitter.com/realamberheard/status/1144650214986452992/photo/1", "display_url": "pic.twitter.com/J0OfEB7d2E"}], "mentions": [{"start": 51, "end": 63, "username": "GrantGinder", "id": "134849087"}]}, "author_id": "807003567605227520", "created_at": "2019-06-28T16:54:12.000Z", "text": "I wasn\u2019t the one who enjoyed this vacation-read by @GrantGinder https://t.co/J0OfEB7d2E", "public_metrics": {"retweet_count": 155, "reply_count": 33, "like_count": 1084, "quote_count": 8}, "source": "Twitter for iPhone", "lang": "en", "author": {"location": "Los Angeles, CA", "created_at": "2016-12-08T23:26:58.000Z", "profile_image_url": "https://pbs.twimg.com/profile_images/1383196364792680448/N8CdupEu_normal.jpg", "public_metrics": {"followers_count": 190338, "following_count": 220, "tweet_count": 1149, "listed_count": 567}, "url": "https://t.co/Ze18Ek9SOI", "id": "807003567605227520", "name": "Amber Heard", "username": "realamberheard", "description": "Actor and Activist, semi-professional disruptor, ice cream advocate and shameless teacup yorkie-lover"}}, "author": {"created_at": "2019-02-06T00:11:14.000Z", "profile_image_url": "https://pbs.twimg.com/profile_images/1279204372044558337/NKfL9FQx_normal.jpg", "public_metrics": {"followers_count": 117, "following_count": 304, "tweet_count": 31340, "listed_count": 3}, "url": "", "id": "1092938733383573504", "name": ".", "username": "dianasharleyq", "description": ""}}, {"referenced_tweets": [{"type": "retweeted", "id": "1144651954720784386"}], "id": "1145254161086177280", "entities": {"annotations": [{"start": 17, "end": 21, "probability": 0.9285, "type": "Person", "normalized_text": "AMBER"}], "urls": [{"start": 87, "end": 110, "url": "https://t.co/J4tvLeCM65", "expanded_url": "https://twitter.com/realamberheard/status/1144650214986452992", "display_url": "twitter.com/realamberheard\u2026"}], "mentions": [{"start": 3, "end": 15, "username": "GrantGinder", "id": "134849087"}]}, "author_id": "108604991", "created_at": "2019-06-30T08:54:04.000Z", "text": "RT @GrantGinder: AMBER HEARD AND A KITTEN BOTH LIKED MY BOOK HAPPY PRIDE MOTHERFUCKERS https://t.co/J4tvLeCM65", "public_metrics": {"retweet_count": 22, "reply_count": 0, "like_count": 0, "quote_count": 0}, "source": "Twitter for iPad", "lang": "en", "quoted_tweet": {"id": "1144650214986452992", "entities": {"urls": [{"start": 64, "end": 87, "url": "https://t.co/J0OfEB7d2E", "expanded_url": "https://twitter.com/realamberheard/status/1144650214986452992/photo/1", "display_url": "pic.twitter.com/J0OfEB7d2E"}, {"start": 64, "end": 87, "url": "https://t.co/J0OfEB7d2E", "expanded_url": "https://twitter.com/realamberheard/status/1144650214986452992/photo/1", "display_url": "pic.twitter.com/J0OfEB7d2E"}, {"start": 64, "end": 87, "url": "https://t.co/J0OfEB7d2E", "expanded_url": "https://twitter.com/realamberheard/status/1144650214986452992/photo/1", "display_url": "pic.twitter.com/J0OfEB7d2E"}], "mentions": [{"start": 51, "end": 63, "username": "GrantGinder", "id": "134849087"}]}, "author_id": "807003567605227520", "created_at": "2019-06-28T16:54:12.000Z", "text": "I wasn\u2019t the one who enjoyed this vacation-read by @GrantGinder https://t.co/J0OfEB7d2E", "public_metrics": {"retweet_count": 155, "reply_count": 33, "like_count": 1084, "quote_count": 8}, "source": "Twitter for iPhone", "lang": "en", "author": {"location": "Los Angeles, CA", "created_at": "2016-12-08T23:26:58.000Z", "profile_image_url": "https://pbs.twimg.com/profile_images/1383196364792680448/N8CdupEu_normal.jpg", "public_metrics": {"followers_count": 190338, "following_count": 220, "tweet_count": 1149, "listed_count": 567}, "url": "https://t.co/Ze18Ek9SOI", "id": "807003567605227520", "name": "Amber Heard", "username": "realamberheard", "description": "Actor and Activist, semi-professional disruptor, ice cream advocate and shameless teacup yorkie-lover"}}, "author": {"location": "\ub300\ud55c\ubbfc\uad6d \ud64d\uc131\uad70", "created_at": "2010-01-26T13:31:20.000Z", "profile_image_url": "https://pbs.twimg.com/profile_images/1051768331651317760/i5jtJ1Gr_normal.jpg", "public_metrics": {"followers_count": 238, "following_count": 760, "tweet_count": 70404, "listed_count": 2}, "url": "", "id": "108604991", "name": "\uc0c8\ub9c8\uc744\ud638\uc88b\uc544\uc84c\ub124", "username": "zielkrou", "description": "\ud30c\uc2a4\ud0c0\ud30c\ub9ac\uc548"}}, {"referenced_tweets": [{"type": "retweeted", "id": "1144651954720784386"}], "id": "1145251887957999616", "entities": {"annotations": [{"start": 17, "end": 21, "probability": 0.9285, "type": "Person", "normalized_text": "AMBER"}], "urls": [{"start": 87, "end": 110, "url": "https://t.co/J4tvLeCM65", "expanded_url": "https://twitter.com/realamberheard/status/1144650214986452992", "display_url": "twitter.com/realamberheard\u2026"}], "mentions": [{"start": 3, "end": 15, "username": "GrantGinder", "id": "134849087"}]}, "author_id": "133421105", "created_at": "2019-06-30T08:45:02.000Z", "text": "RT @GrantGinder: AMBER HEARD AND A KITTEN BOTH LIKED MY BOOK HAPPY PRIDE MOTHERFUCKERS https://t.co/J4tvLeCM65", "public_metrics": {"retweet_count": 22, "reply_count": 0, "like_count": 0, "quote_count": 0}, "source": "Twitter for Android", "lang": "en", "quoted_tweet": {"id": "1144650214986452992", "entities": {"urls": [{"start": 64, "end": 87, "url": "https://t.co/J0OfEB7d2E", "expanded_url": "https://twitter.com/realamberheard/status/1144650214986452992/photo/1", "display_url": "pic.twitter.com/J0OfEB7d2E"}, {"start": 64, "end": 87, "url": "https://t.co/J0OfEB7d2E", "expanded_url": "https://twitter.com/realamberheard/status/1144650214986452992/photo/1", "display_url": "pic.twitter.com/J0OfEB7d2E"}, {"start": 64, "end": 87, "url": "https://t.co/J0OfEB7d2E", "expanded_url": "https://twitter.com/realamberheard/status/1144650214986452992/photo/1", "display_url": "pic.twitter.com/J0OfEB7d2E"}], "mentions": [{"start": 51, "end": 63, "username": "GrantGinder", "id": "134849087"}]}, "author_id": "807003567605227520", "created_at": "2019-06-28T16:54:12.000Z", "text": "I wasn\u2019t the one who enjoyed this vacation-read by @GrantGinder https://t.co/J0OfEB7d2E", "public_metrics": {"retweet_count": 155, "reply_count": 33, "like_count": 1084, "quote_count": 8}, "source": "Twitter for iPhone", "lang": "en", "author": {"location": "Los Angeles, CA", "created_at": "2016-12-08T23:26:58.000Z", "profile_image_url": "https://pbs.twimg.com/profile_images/1383196364792680448/N8CdupEu_normal.jpg", "public_metrics": {"followers_count": 190338, "following_count": 220, "tweet_count": 1149, "listed_count": 567}, "url": "https://t.co/Ze18Ek9SOI", "id": "807003567605227520", "name": "Amber Heard", "username": "realamberheard", "description": "Actor and Activist, semi-professional disruptor, ice cream advocate and shameless teacup yorkie-lover"}}, "author": {"created_at": "2010-04-15T19:00:26.000Z", "profile_image_url": "https://pbs.twimg.com/profile_images/1233628743584731136/AWrI5hYa_normal.jpg", "public_metrics": {"followers_count": 10477, "following_count": 1002, "tweet_count": 169976, "listed_count": 0}, "url": "", "id": "133421105", "name": "\ubc31\uc218\uc815\ud83e\udd4a\ud83c\udfca\u200d\u2640\ufe0f\ud83c\udf3f", "username": "gauze_62045", "description": "\uce94\ub4e4, \ub514\ud4e8\uc800, \ube44\ub204\ub294 https://t.co/bDvNmMoogw / \uae08\ud654(2020.09.16~ ) / \ud3ab\ud504\ub80c\uc988 \ucd94\ucc9c\ucf54\ub4dc: PW3VR9CM / #Girls_can_do_anything"}}, {"referenced_tweets": [{"type": "retweeted", "id": "1144651954720784386"}], "id": "1145239808702181376", "entities": {"annotations": [{"start": 17, "end": 21, "probability": 0.9285, "type": "Person", "normalized_text": "AMBER"}], "urls": [{"start": 87, "end": 110, "url": "https://t.co/J4tvLeCM65", "expanded_url": "https://twitter.com/realamberheard/status/1144650214986452992", "display_url": "twitter.com/realamberheard\u2026"}], "mentions": [{"start": 3, "end": 15, "username": "GrantGinder", "id": "134849087"}]}, "author_id": "749249903298093056", "created_at": "2019-06-30T07:57:02.000Z", "text": "RT @GrantGinder: AMBER HEARD AND A KITTEN BOTH LIKED MY BOOK HAPPY PRIDE MOTHERFUCKERS https://t.co/J4tvLeCM65", "public_metrics": {"retweet_count": 22, "reply_count": 0, "like_count": 0, "quote_count": 0}, "source": "Twitter for iPad", "lang": "en", "quoted_tweet": {"id": "1144650214986452992", "entities": {"urls": [{"start": 64, "end": 87, "url": "https://t.co/J0OfEB7d2E", "expanded_url": "https://twitter.com/realamberheard/status/1144650214986452992/photo/1", "display_url": "pic.twitter.com/J0OfEB7d2E"}, {"start": 64, "end": 87, "url": "https://t.co/J0OfEB7d2E", "expanded_url": "https://twitter.com/realamberheard/status/1144650214986452992/photo/1", "display_url": "pic.twitter.com/J0OfEB7d2E"}, {"start": 64, "end": 87, "url": "https://t.co/J0OfEB7d2E", "expanded_url": "https://twitter.com/realamberheard/status/1144650214986452992/photo/1", "display_url": "pic.twitter.com/J0OfEB7d2E"}], "mentions": [{"start": 51, "end": 63, "username": "GrantGinder", "id": "134849087"}]}, "author_id": "807003567605227520", "created_at": "2019-06-28T16:54:12.000Z", "text": "I wasn\u2019t the one who enjoyed this vacation-read by @GrantGinder https://t.co/J0OfEB7d2E", "public_metrics": {"retweet_count": 155, "reply_count": 33, "like_count": 1084, "quote_count": 8}, "source": "Twitter for iPhone", "lang": "en", "author": {"location": "Los Angeles, CA", "created_at": "2016-12-08T23:26:58.000Z", "profile_image_url": "https://pbs.twimg.com/profile_images/1383196364792680448/N8CdupEu_normal.jpg", "public_metrics": {"followers_count": 190338, "following_count": 220, "tweet_count": 1149, "listed_count": 567}, "url": "https://t.co/Ze18Ek9SOI", "id": "807003567605227520", "name": "Amber Heard", "username": "realamberheard", "description": "Actor and Activist, semi-professional disruptor, ice cream advocate and shameless teacup yorkie-lover"}}, "author": {"location": "first class", "created_at": "2016-07-02T14:34:32.000Z", "profile_image_url": "https://pbs.twimg.com/profile_images/1469382956749713408/E-secZxX_normal.jpg", "public_metrics": {"followers_count": 39, "following_count": 576, "tweet_count": 24470, "listed_count": 4}, "url": "", "id": "749249903298093056", "name": "(,\u053e_\u053e,)PB", "username": "penelope7779", "description": "\ud83d\ude45\u200d\u2640\ufe0fWe\u2019ll aways have paris\ud83e\udd1e\u2728\ud83d\udc95"}}, {"referenced_tweets": [{"type": "retweeted", "id": "1144651954720784386"}], "id": "1145231126501347328", "entities": {"annotations": [{"start": 17, "end": 21, "probability": 0.9285, "type": "Person", "normalized_text": "AMBER"}], "urls": [{"start": 87, "end": 110, "url": "https://t.co/J4tvLeCM65", "expanded_url": "https://twitter.com/realamberheard/status/1144650214986452992", "display_url": "twitter.com/realamberheard\u2026"}], "mentions": [{"start": 3, "end": 15, "username": "GrantGinder", "id": "134849087"}]}, "author_id": "1920027500", "created_at": "2019-06-30T07:22:32.000Z", "text": "RT @GrantGinder: AMBER HEARD AND A KITTEN BOTH LIKED MY BOOK HAPPY PRIDE MOTHERFUCKERS https://t.co/J4tvLeCM65", "public_metrics": {"retweet_count": 22, "reply_count": 0, "like_count": 0, "quote_count": 0}, "source": "Twitter Web Client", "lang": "en", "quoted_tweet": {"id": "1144650214986452992", "entities": {"urls": [{"start": 64, "end": 87, "url": "https://t.co/J0OfEB7d2E", "expanded_url": "https://twitter.com/realamberheard/status/1144650214986452992/photo/1", "display_url": "pic.twitter.com/J0OfEB7d2E"}, {"start": 64, "end": 87, "url": "https://t.co/J0OfEB7d2E", "expanded_url": "https://twitter.com/realamberheard/status/1144650214986452992/photo/1", "display_url": "pic.twitter.com/J0OfEB7d2E"}, {"start": 64, "end": 87, "url": "https://t.co/J0OfEB7d2E", "expanded_url": "https://twitter.com/realamberheard/status/1144650214986452992/photo/1", "display_url": "pic.twitter.com/J0OfEB7d2E"}], "mentions": [{"start": 51, "end": 63, "username": "GrantGinder", "id": "134849087"}]}, "author_id": "807003567605227520", "created_at": "2019-06-28T16:54:12.000Z", "text": "I wasn\u2019t the one who enjoyed this vacation-read by @GrantGinder https://t.co/J0OfEB7d2E", "public_metrics": {"retweet_count": 155, "reply_count": 33, "like_count": 1084, "quote_count": 8}, "source": "Twitter for iPhone", "lang": "en", "author": {"location": "Los Angeles, CA", "created_at": "2016-12-08T23:26:58.000Z", "profile_image_url": "https://pbs.twimg.com/profile_images/1383196364792680448/N8CdupEu_normal.jpg", "public_metrics": {"followers_count": 190338, "following_count": 220, "tweet_count": 1149, "listed_count": 567}, "url": "https://t.co/Ze18Ek9SOI", "id": "807003567605227520", "name": "Amber Heard", "username": "realamberheard", "description": "Actor and Activist, semi-professional disruptor, ice cream advocate and shameless teacup yorkie-lover"}}, "author": {"location": "Korea", "created_at": "2013-09-30T13:05:19.000Z", "profile_image_url": "https://pbs.twimg.com/profile_images/1351753139754450944/GvU6S28l_normal.jpg", "public_metrics": {"followers_count": 3818, "following_count": 1021, "tweet_count": 382654, "listed_count": 38}, "url": "", "id": "1920027500", "name": "justme", "username": "justme_relax", "description": "\uc5ec\uc131 \ubbf8\ub514\uc5b4, \uc2a4\ud3ec\uce20 / #WeAreWithYouAmberHeard / @impulseseries, Sacred Lies / \ube44\ud314\ub85c\uc6cc \uc54c\ub9bc OFF"}}, {"referenced_tweets": [{"type": "retweeted", "id": "1144651954720784386"}], "id": "1145230947425628161", "entities": {"annotations": [{"start": 17, "end": 21, "probability": 0.9285, "type": "Person", "normalized_text": "AMBER"}], "urls": [{"start": 87, "end": 110, "url": "https://t.co/J4tvLeCM65", "expanded_url": "https://twitter.com/realamberheard/status/1144650214986452992", "display_url": "twitter.com/realamberheard\u2026"}], "mentions": [{"start": 3, "end": 15, "username": "GrantGinder", "id": "134849087"}]}, "author_id": "3919740867", "created_at": "2019-06-30T07:21:49.000Z", "text": "RT @GrantGinder: AMBER HEARD AND A KITTEN BOTH LIKED MY BOOK HAPPY PRIDE MOTHERFUCKERS https://t.co/J4tvLeCM65", "public_metrics": {"retweet_count": 22, "reply_count": 0, "like_count": 0, "quote_count": 0}, "source": "Twitter for iPhone", "lang": "en", "quoted_tweet": {"id": "1144650214986452992", "entities": {"urls": [{"start": 64, "end": 87, "url": "https://t.co/J0OfEB7d2E", "expanded_url": "https://twitter.com/realamberheard/status/1144650214986452992/photo/1", "display_url": "pic.twitter.com/J0OfEB7d2E"}, {"start": 64, "end": 87, "url": "https://t.co/J0OfEB7d2E", "expanded_url": "https://twitter.com/realamberheard/status/1144650214986452992/photo/1", "display_url": "pic.twitter.com/J0OfEB7d2E"}, {"start": 64, "end": 87, "url": "https://t.co/J0OfEB7d2E", "expanded_url": "https://twitter.com/realamberheard/status/1144650214986452992/photo/1", "display_url": "pic.twitter.com/J0OfEB7d2E"}], "mentions": [{"start": 51, "end": 63, "username": "GrantGinder", "id": "134849087"}]}, "author_id": "807003567605227520", "created_at": "2019-06-28T16:54:12.000Z", "text": "I wasn\u2019t the one who enjoyed this vacation-read by @GrantGinder https://t.co/J0OfEB7d2E", "public_metrics": {"retweet_count": 155, "reply_count": 33, "like_count": 1084, "quote_count": 8}, "source": "Twitter for iPhone", "lang": "en", "author": {"location": "Los Angeles, CA", "created_at": "2016-12-08T23:26:58.000Z", "profile_image_url": "https://pbs.twimg.com/profile_images/1383196364792680448/N8CdupEu_normal.jpg", "public_metrics": {"followers_count": 190338, "following_count": 220, "tweet_count": 1149, "listed_count": 567}, "url": "https://t.co/Ze18Ek9SOI", "id": "807003567605227520", "name": "Amber Heard", "username": "realamberheard", "description": "Actor and Activist, semi-professional disruptor, ice cream advocate and shameless teacup yorkie-lover"}}, "author": {"created_at": "2015-10-10T16:21:10.000Z", "profile_image_url": "https://pbs.twimg.com/profile_images/1318169449468514305/fPEsSXdl_normal.jpg", "public_metrics": {"followers_count": 3882, "following_count": 89, "tweet_count": 13297, "listed_count": 0}, "url": "https://t.co/BSavZg4DeP", "id": "3919740867", "name": "Amber Heard Source", "username": "amberheardsourc", "description": "Source dedicated to the gorgeous and talented Texan actress and activist @realamberheard. Online since 2015. \ud83c\uddee\ud83c\uddf9 #WeAreWithYouAmberHeard"}}, {"referenced_tweets": [{"type": "retweeted", "id": "1144651954720784386"}], "id": "1144975933566328833", "entities": {"annotations": [{"start": 17, "end": 21, "probability": 0.9285, "type": "Person", "normalized_text": "AMBER"}], "urls": [{"start": 87, "end": 110, "url": "https://t.co/J4tvLeCM65", "expanded_url": "https://twitter.com/realamberheard/status/1144650214986452992", "display_url": "twitter.com/realamberheard\u2026"}], "mentions": [{"start": 3, "end": 15, "username": "GrantGinder", "id": "134849087"}]}, "author_id": "878014007520755712", "created_at": "2019-06-29T14:28:29.000Z", "text": "RT @GrantGinder: AMBER HEARD AND A KITTEN BOTH LIKED MY BOOK HAPPY PRIDE MOTHERFUCKERS https://t.co/J4tvLeCM65", "public_metrics": {"retweet_count": 22, "reply_count": 0, "like_count": 0, "quote_count": 0}, "source": "Twitter for iPhone", "lang": "en", "quoted_tweet": {"id": "1144650214986452992", "entities": {"urls": [{"start": 64, "end": 87, "url": "https://t.co/J0OfEB7d2E", "expanded_url": "https://twitter.com/realamberheard/status/1144650214986452992/photo/1", "display_url": "pic.twitter.com/J0OfEB7d2E"}, {"start": 64, "end": 87, "url": "https://t.co/J0OfEB7d2E", "expanded_url": "https://twitter.com/realamberheard/status/1144650214986452992/photo/1", "display_url": "pic.twitter.com/J0OfEB7d2E"}, {"start": 64, "end": 87, "url": "https://t.co/J0OfEB7d2E", "expanded_url": "https://twitter.com/realamberheard/status/1144650214986452992/photo/1", "display_url": "pic.twitter.com/J0OfEB7d2E"}], "mentions": [{"start": 51, "end": 63, "username": "GrantGinder", "id": "134849087"}]}, "author_id": "807003567605227520", "created_at": "2019-06-28T16:54:12.000Z", "text": "I wasn\u2019t the one who enjoyed this vacation-read by @GrantGinder https://t.co/J0OfEB7d2E", "public_metrics": {"retweet_count": 155, "reply_count": 33, "like_count": 1084, "quote_count": 8}, "source": "Twitter for iPhone", "lang": "en", "author": {"location": "Los Angeles, CA", "created_at": "2016-12-08T23:26:58.000Z", "profile_image_url": "https://pbs.twimg.com/profile_images/1383196364792680448/N8CdupEu_normal.jpg", "public_metrics": {"followers_count": 190338, "following_count": 220, "tweet_count": 1149, "listed_count": 567}, "url": "https://t.co/Ze18Ek9SOI", "id": "807003567605227520", "name": "Amber Heard", "username": "realamberheard", "description": "Actor and Activist, semi-professional disruptor, ice cream advocate and shameless teacup yorkie-lover"}}, "author": {"location": "Gotham City", "created_at": "2017-06-22T22:17:06.000Z", "profile_image_url": "https://pbs.twimg.com/profile_images/1284167284563509248/_-O1uX7W_normal.jpg", "public_metrics": {"followers_count": 314, "following_count": 353, "tweet_count": 16008, "listed_count": 0}, "url": "", "id": "878014007520755712", "name": "\ud835\udc04\ud835\udc2b\ud835\udc2f\ud835\udc22\ud835\udc27\ud835\udc21\ud835\udc1a \ud835\udc15\ud835\udc1e\ud835\udc27\ud835\udc1e\ud835\udc27\ud835\udc28\ud835\udc2c\ud835\udc1a", "username": "arkhnivy_", "description": "\u2022 \ud835\udcc5\ud835\udc5c\ud835\udcbe\ud835\udcc8\ud835\udc5c\ud835\udcc3 \ud835\udcbe\ud835\udccb\ud835\udcce \u2022 \u201c \ud835\udd65\ud835\udd59\ud835\udd56 \ud835\udd63\ud835\udd56\ud835\udd52\ud835\udd64\ud835\udd60\ud835\udd5f \ud835\udd5a \ud835\udd52\ud835\udd54\ud835\udd65 \ud835\udd64\ud835\udd66\ud835\udd61\ud835\udd56\ud835\udd63\ud835\udd5a\ud835\udd60\ud835\udd63 \ud835\udd65\ud835\udd60 \ud835\udd56\ud835\udd67\ud835\udd56\ud835\udd63\ud835\udd6a\ud835\udd53\ud835\udd60\ud835\udd55\ud835\udd6a \ud835\udd56\ud835\udd5d\ud835\udd64\ud835\udd56 \ud835\udd5a\ud835\udd64 \ud835\udd53\ud835\udd56\ud835\udd54\ud835\udd52\ud835\udd66\ud835\udd64\ud835\udd56 \ud835\udd5a \ud835\udd52\ud835\udd5e \u201c \u25c8 || fan account"}}, {"referenced_tweets": [{"type": "quoted", "id": "1144650214986452992"}], "id": "1144879939512131586", "entities": {"urls": [{"start": 11, "end": 34, "url": "https://t.co/AeToupkNoP", "expanded_url": "https://twitter.com/realamberheard/status/1144650214986452992", "display_url": "twitter.com/realamberheard\u2026"}]}, "author_id": "245768325", "created_at": "2019-06-29T08:07:03.000Z", "text": "Cuteness X https://t.co/AeToupkNoP", "public_metrics": {"retweet_count": 0, "reply_count": 0, "like_count": 0, "quote_count": 0}, "source": "Twitter for Android", "lang": "en", "quoted_tweet": {"id": "1144650214986452992", "entities": {"urls": [{"start": 64, "end": 87, "url": "https://t.co/J0OfEB7d2E", "expanded_url": "https://twitter.com/realamberheard/status/1144650214986452992/photo/1", "display_url": "pic.twitter.com/J0OfEB7d2E"}, {"start": 64, "end": 87, "url": "https://t.co/J0OfEB7d2E", "expanded_url": "https://twitter.com/realamberheard/status/1144650214986452992/photo/1", "display_url": "pic.twitter.com/J0OfEB7d2E"}, {"start": 64, "end": 87, "url": "https://t.co/J0OfEB7d2E", "expanded_url": "https://twitter.com/realamberheard/status/1144650214986452992/photo/1", "display_url": "pic.twitter.com/J0OfEB7d2E"}], "mentions": [{"start": 51, "end": 63, "username": "GrantGinder", "id": "134849087"}]}, "author_id": "807003567605227520", "created_at": "2019-06-28T16:54:12.000Z", "text": "I wasn\u2019t the one who enjoyed this vacation-read by @GrantGinder https://t.co/J0OfEB7d2E", "public_metrics": {"retweet_count": 155, "reply_count": 33, "like_count": 1084, "quote_count": 8}, "source": "Twitter for iPhone", "lang": "en", "author": {"location": "Los Angeles, CA", "created_at": "2016-12-08T23:26:58.000Z", "profile_image_url": "https://pbs.twimg.com/profile_images/1383196364792680448/N8CdupEu_normal.jpg", "public_metrics": {"followers_count": 190338, "following_count": 220, "tweet_count": 1149, "listed_count": 567}, "url": "https://t.co/Ze18Ek9SOI", "id": "807003567605227520", "name": "Amber Heard", "username": "realamberheard", "description": "Actor and Activist, semi-professional disruptor, ice cream advocate and shameless teacup yorkie-lover"}}, "author": {"location": "Manchester, England", "created_at": "2011-02-01T12:38:20.000Z", "profile_image_url": "https://pbs.twimg.com/profile_images/981283929272602624/-aVjbG5P_normal.jpg", "public_metrics": {"followers_count": 248, "following_count": 247, "tweet_count": 1398, "listed_count": 2}, "url": "", "id": "245768325", "name": "Caroline Pennington", "username": "CarolinePenn14", "description": "Tweets on cats, kittens, donkeys, health and adult social care. Treat others as you would yourself."}}, {"referenced_tweets": [{"type": "retweeted", "id": "1144651954720784386"}], "id": "1144858569675853824", "entities": {"annotations": [{"start": 17, "end": 21, "probability": 0.9285, "type": "Person", "normalized_text": "AMBER"}], "urls": [{"start": 87, "end": 110, "url": "https://t.co/J4tvLeCM65", "expanded_url": "https://twitter.com/realamberheard/status/1144650214986452992", "display_url": "twitter.com/realamberheard\u2026"}], "mentions": [{"start": 3, "end": 15, "username": "GrantGinder", "id": "134849087"}]}, "author_id": "1048679064", "created_at": "2019-06-29T06:42:08.000Z", "text": "RT @GrantGinder: AMBER HEARD AND A KITTEN BOTH LIKED MY BOOK HAPPY PRIDE MOTHERFUCKERS https://t.co/J4tvLeCM65", "public_metrics": {"retweet_count": 22, "reply_count": 0, "like_count": 0, "quote_count": 0}, "source": "Twitter for Android", "lang": "en", "quoted_tweet": {"id": "1144650214986452992", "entities": {"urls": [{"start": 64, "end": 87, "url": "https://t.co/J0OfEB7d2E", "expanded_url": "https://twitter.com/realamberheard/status/1144650214986452992/photo/1", "display_url": "pic.twitter.com/J0OfEB7d2E"}, {"start": 64, "end": 87, "url": "https://t.co/J0OfEB7d2E", "expanded_url": "https://twitter.com/realamberheard/status/1144650214986452992/photo/1", "display_url": "pic.twitter.com/J0OfEB7d2E"}, {"start": 64, "end": 87, "url": "https://t.co/J0OfEB7d2E", "expanded_url": "https://twitter.com/realamberheard/status/1144650214986452992/photo/1", "display_url": "pic.twitter.com/J0OfEB7d2E"}], "mentions": [{"start": 51, "end": 63, "username": "GrantGinder", "id": "134849087"}]}, "author_id": "807003567605227520", "created_at": "2019-06-28T16:54:12.000Z", "text": "I wasn\u2019t the one who enjoyed this vacation-read by @GrantGinder https://t.co/J0OfEB7d2E", "public_metrics": {"retweet_count": 155, "reply_count": 33, "like_count": 1084, "quote_count": 8}, "source": "Twitter for iPhone", "lang": "en", "author": {"location": "Los Angeles, CA", "created_at": "2016-12-08T23:26:58.000Z", "profile_image_url": "https://pbs.twimg.com/profile_images/1383196364792680448/N8CdupEu_normal.jpg", "public_metrics": {"followers_count": 190338, "following_count": 220, "tweet_count": 1149, "listed_count": 567}, "url": "https://t.co/Ze18Ek9SOI", "id": "807003567605227520", "name": "Amber Heard", "username": "realamberheard", "description": "Actor and Activist, semi-professional disruptor, ice cream advocate and shameless teacup yorkie-lover"}}, "author": {"location": "she/her | 25", "created_at": "2012-12-30T19:52:59.000Z", "profile_image_url": "https://pbs.twimg.com/profile_images/1500135075274493958/eJG8fQw6_normal.jpg", "public_metrics": {"followers_count": 872, "following_count": 721, "tweet_count": 33177, "listed_count": 17}, "url": "", "id": "1048679064", "name": "\u02d7\u02cf\u02cb em \u02ce\u02ca\u02d7", "username": "nofckngfighting", "description": "whenever feasible, one should always try to eat the rude."}}, {"referenced_tweets": [{"type": "quoted", "id": "1144650214986452992"}], "id": "1144818827051454465", "entities": {"urls": [{"start": 12, "end": 35, "url": "https://t.co/79yvOYzCFq", "expanded_url": "https://twitter.com/realamberheard/status/1144650214986452992", "display_url": "twitter.com/realamberheard\u2026"}]}, "author_id": "1125310158815387649", "created_at": "2019-06-29T04:04:12.000Z", "text": "Love you!!\ud83d\udc96 https://t.co/79yvOYzCFq", "public_metrics": {"retweet_count": 0, "reply_count": 0, "like_count": 0, "quote_count": 0}, "source": "Twitter for Android", "lang": "en", "quoted_tweet": {"id": "1144650214986452992", "entities": {"urls": [{"start": 64, "end": 87, "url": "https://t.co/J0OfEB7d2E", "expanded_url": "https://twitter.com/realamberheard/status/1144650214986452992/photo/1", "display_url": "pic.twitter.com/J0OfEB7d2E"}, {"start": 64, "end": 87, "url": "https://t.co/J0OfEB7d2E", "expanded_url": "https://twitter.com/realamberheard/status/1144650214986452992/photo/1", "display_url": "pic.twitter.com/J0OfEB7d2E"}, {"start": 64, "end": 87, "url": "https://t.co/J0OfEB7d2E", "expanded_url": "https://twitter.com/realamberheard/status/1144650214986452992/photo/1", "display_url": "pic.twitter.com/J0OfEB7d2E"}], "mentions": [{"start": 51, "end": 63, "username": "GrantGinder", "id": "134849087"}]}, "author_id": "807003567605227520", "created_at": "2019-06-28T16:54:12.000Z", "text": "I wasn\u2019t the one who enjoyed this vacation-read by @GrantGinder https://t.co/J0OfEB7d2E", "public_metrics": {"retweet_count": 155, "reply_count": 33, "like_count": 1084, "quote_count": 8}, "source": "Twitter for iPhone", "lang": "en", "author": {"location": "Los Angeles, CA", "created_at": "2016-12-08T23:26:58.000Z", "profile_image_url": "https://pbs.twimg.com/profile_images/1383196364792680448/N8CdupEu_normal.jpg", "public_metrics": {"followers_count": 190338, "following_count": 220, "tweet_count": 1149, "listed_count": 567}, "url": "https://t.co/Ze18Ek9SOI", "id": "807003567605227520", "name": "Amber Heard", "username": "realamberheard", "description": "Actor and Activist, semi-professional disruptor, ice cream advocate and shameless teacup yorkie-lover"}}, "author": {"location": "National city", "created_at": "2019-05-06T08:03:43.000Z", "profile_image_url": "https://pbs.twimg.com/profile_images/1506261299956940808/A_hVlXCj_normal.jpg", "public_metrics": {"followers_count": 32, "following_count": 217, "tweet_count": 686, "listed_count": 0}, "url": "", "id": "1125310158815387649", "name": "adiz", "username": "adizaudya18", "description": "babu di fineart\u2019ub"}}, {"referenced_tweets": [{"type": "retweeted", "id": "1144651954720784386"}], "id": "1144808042829103104", "entities": {"annotations": [{"start": 17, "end": 21, "probability": 0.9285, "type": "Person", "normalized_text": "AMBER"}], "urls": [{"start": 87, "end": 110, "url": "https://t.co/J4tvLeCM65", "expanded_url": "https://twitter.com/realamberheard/status/1144650214986452992", "display_url": "twitter.com/realamberheard\u2026"}], "mentions": [{"start": 3, "end": 15, "username": "GrantGinder", "id": "134849087"}]}, "author_id": "769940179", "created_at": "2019-06-29T03:21:21.000Z", "text": "RT @GrantGinder: AMBER HEARD AND A KITTEN BOTH LIKED MY BOOK HAPPY PRIDE MOTHERFUCKERS https://t.co/J4tvLeCM65", "public_metrics": {"retweet_count": 22, "reply_count": 0, "like_count": 0, "quote_count": 0}, "source": "Twitter for Android", "lang": "en", "quoted_tweet": {"id": "1144650214986452992", "entities": {"urls": [{"start": 64, "end": 87, "url": "https://t.co/J0OfEB7d2E", "expanded_url": "https://twitter.com/realamberheard/status/1144650214986452992/photo/1", "display_url": "pic.twitter.com/J0OfEB7d2E"}, {"start": 64, "end": 87, "url": "https://t.co/J0OfEB7d2E", "expanded_url": "https://twitter.com/realamberheard/status/1144650214986452992/photo/1", "display_url": "pic.twitter.com/J0OfEB7d2E"}, {"start": 64, "end": 87, "url": "https://t.co/J0OfEB7d2E", "expanded_url": "https://twitter.com/realamberheard/status/1144650214986452992/photo/1", "display_url": "pic.twitter.com/J0OfEB7d2E"}], "mentions": [{"start": 51, "end": 63, "username": "GrantGinder", "id": "134849087"}]}, "author_id": "807003567605227520", "created_at": "2019-06-28T16:54:12.000Z", "text": "I wasn\u2019t the one who enjoyed this vacation-read by @GrantGinder https://t.co/J0OfEB7d2E", "public_metrics": {"retweet_count": 155, "reply_count": 33, "like_count": 1084, "quote_count": 8}, "source": "Twitter for iPhone", "lang": "en", "author": {"location": "Los Angeles, CA", "created_at": "2016-12-08T23:26:58.000Z", "profile_image_url": "https://pbs.twimg.com/profile_images/1383196364792680448/N8CdupEu_normal.jpg", "public_metrics": {"followers_count": 190338, "following_count": 220, "tweet_count": 1149, "listed_count": 567}, "url": "https://t.co/Ze18Ek9SOI", "id": "807003567605227520", "name": "Amber Heard", "username": "realamberheard", "description": "Actor and Activist, semi-professional disruptor, ice cream advocate and shameless teacup yorkie-lover"}}, "author": {"location": "Par\u00e1, Brasil", "created_at": "2012-08-20T17:51:04.000Z", "profile_image_url": "https://pbs.twimg.com/profile_images/1504836121791971328/DgJRJ6mQ_normal.jpg", "public_metrics": {"followers_count": 1690, "following_count": 1484, "tweet_count": 165037, "listed_count": 5}, "url": "", "id": "769940179", "name": "\u2640\ufe0f\ud83e\udee7", "username": "ynasor", "description": "a menina jamais igualada..."}}, {"referenced_tweets": [{"type": "retweeted", "id": "1144651954720784386"}], "id": "1144792659275472896", "entities": {"annotations": [{"start": 17, "end": 21, "probability": 0.9285, "type": "Person", "normalized_text": "AMBER"}], "urls": [{"start": 87, "end": 110, "url": "https://t.co/J4tvLeCM65", "expanded_url": "https://twitter.com/realamberheard/status/1144650214986452992", "display_url": "twitter.com/realamberheard\u2026"}], "mentions": [{"start": 3, "end": 15, "username": "GrantGinder", "id": "134849087"}]}, "author_id": "309296068", "created_at": "2019-06-29T02:20:13.000Z", "text": "RT @GrantGinder: AMBER HEARD AND A KITTEN BOTH LIKED MY BOOK HAPPY PRIDE MOTHERFUCKERS https://t.co/J4tvLeCM65", "public_metrics": {"retweet_count": 22, "reply_count": 0, "like_count": 0, "quote_count": 0}, "source": "Twitter for iPhone", "lang": "en", "quoted_tweet": {"id": "1144650214986452992", "entities": {"urls": [{"start": 64, "end": 87, "url": "https://t.co/J0OfEB7d2E", "expanded_url": "https://twitter.com/realamberheard/status/1144650214986452992/photo/1", "display_url": "pic.twitter.com/J0OfEB7d2E"}, {"start": 64, "end": 87, "url": "https://t.co/J0OfEB7d2E", "expanded_url": "https://twitter.com/realamberheard/status/1144650214986452992/photo/1", "display_url": "pic.twitter.com/J0OfEB7d2E"}, {"start": 64, "end": 87, "url": "https://t.co/J0OfEB7d2E", "expanded_url": "https://twitter.com/realamberheard/status/1144650214986452992/photo/1", "display_url": "pic.twitter.com/J0OfEB7d2E"}], "mentions": [{"start": 51, "end": 63, "username": "GrantGinder", "id": "134849087"}]}, "author_id": "807003567605227520", "created_at": "2019-06-28T16:54:12.000Z", "text": "I wasn\u2019t the one who enjoyed this vacation-read by @GrantGinder https://t.co/J0OfEB7d2E", "public_metrics": {"retweet_count": 155, "reply_count": 33, "like_count": 1084, "quote_count": 8}, "source": "Twitter for iPhone", "lang": "en", "author": {"location": "Los Angeles, CA", "created_at": "2016-12-08T23:26:58.000Z", "profile_image_url": "https://pbs.twimg.com/profile_images/1383196364792680448/N8CdupEu_normal.jpg", "public_metrics": {"followers_count": 190338, "following_count": 220, "tweet_count": 1149, "listed_count": 567}, "url": "https://t.co/Ze18Ek9SOI", "id": "807003567605227520", "name": "Amber Heard", "username": "realamberheard", "description": "Actor and Activist, semi-professional disruptor, ice cream advocate and shameless teacup yorkie-lover"}}, "author": {"location": "I\u2019ll always be with you| bi ", "created_at": "2011-06-01T21:20:41.000Z", "profile_image_url": "https://pbs.twimg.com/profile_images/1494335872770007042/5zaH9MMj_normal.jpg", "public_metrics": {"followers_count": 3003, "following_count": 361, "tweet_count": 193152, "listed_count": 43}, "url": "", "id": "309296068", "name": "Alicia Clark\u2019s wife", "username": "DebnamFabray", "description": "Alycia \ud83c\udf38 Alicia Clark fan account | she/her"}}, {"referenced_tweets": [{"type": "retweeted", "id": "1144651954720784386"}], "id": "1144787189823393792", "entities": {"annotations": [{"start": 17, "end": 21, "probability": 0.9285, "type": "Person", "normalized_text": "AMBER"}], "urls": [{"start": 87, "end": 110, "url": "https://t.co/J4tvLeCM65", "expanded_url": "https://twitter.com/realamberheard/status/1144650214986452992", "display_url": "twitter.com/realamberheard\u2026"}], "mentions": [{"start": 3, "end": 15, "username": "GrantGinder", "id": "134849087"}]}, "author_id": "4824609646", "created_at": "2019-06-29T01:58:29.000Z", "text": "RT @GrantGinder: AMBER HEARD AND A KITTEN BOTH LIKED MY BOOK HAPPY PRIDE MOTHERFUCKERS https://t.co/J4tvLeCM65", "public_metrics": {"retweet_count": 22, "reply_count": 0, "like_count": 0, "quote_count": 0}, "source": "Twitter for iPhone", "lang": "en", "quoted_tweet": {"id": "1144650214986452992", "entities": {"urls": [{"start": 64, "end": 87, "url": "https://t.co/J0OfEB7d2E", "expanded_url": "https://twitter.com/realamberheard/status/1144650214986452992/photo/1", "display_url": "pic.twitter.com/J0OfEB7d2E"}, {"start": 64, "end": 87, "url": "https://t.co/J0OfEB7d2E", "expanded_url": "https://twitter.com/realamberheard/status/1144650214986452992/photo/1", "display_url": "pic.twitter.com/J0OfEB7d2E"}, {"start": 64, "end": 87, "url": "https://t.co/J0OfEB7d2E", "expanded_url": "https://twitter.com/realamberheard/status/1144650214986452992/photo/1", "display_url": "pic.twitter.com/J0OfEB7d2E"}], "mentions": [{"start": 51, "end": 63, "username": "GrantGinder", "id": "134849087"}]}, "author_id": "807003567605227520", "created_at": "2019-06-28T16:54:12.000Z", "text": "I wasn\u2019t the one who enjoyed this vacation-read by @GrantGinder https://t.co/J0OfEB7d2E", "public_metrics": {"retweet_count": 155, "reply_count": 33, "like_count": 1084, "quote_count": 8}, "source": "Twitter for iPhone", "lang": "en", "author": {"location": "Los Angeles, CA", "created_at": "2016-12-08T23:26:58.000Z", "profile_image_url": "https://pbs.twimg.com/profile_images/1383196364792680448/N8CdupEu_normal.jpg", "public_metrics": {"followers_count": 190338, "following_count": 220, "tweet_count": 1149, "listed_count": 567}, "url": "https://t.co/Ze18Ek9SOI", "id": "807003567605227520", "name": "Amber Heard", "username": "realamberheard", "description": "Actor and Activist, semi-professional disruptor, ice cream advocate and shameless teacup yorkie-lover"}}, "author": {"location": "ela/dela | she/her", "created_at": "2016-01-18T16:34:40.000Z", "profile_image_url": "https://pbs.twimg.com/profile_images/1500210550697046018/gPTdkRiu_normal.jpg", "public_metrics": {"followers_count": 297, "following_count": 182, "tweet_count": 101805, "listed_count": 1}, "url": "https://t.co/3Z2VGJ3VGg", "id": "4824609646", "name": "aithusa", "username": "leighthilrwall", "description": "foi quando tudo come\u00e7ou a girar,girar,girar... a\u00ed eu disse berenice segura, n\u00f3s vamos bater."}}, {"referenced_tweets": [{"type": "retweeted", "id": "1144651954720784386"}], "id": "1144753515983560704", "entities": {"annotations": [{"start": 17, "end": 21, "probability": 0.9285, "type": "Person", "normalized_text": "AMBER"}], "urls": [{"start": 87, "end": 110, "url": "https://t.co/J4tvLeCM65", "expanded_url": "https://twitter.com/realamberheard/status/1144650214986452992", "display_url": "twitter.com/realamberheard\u2026"}], "mentions": [{"start": 3, "end": 15, "username": "GrantGinder", "id": "134849087"}]}, "author_id": "47495880", "created_at": "2019-06-28T23:44:41.000Z", "text": "RT @GrantGinder: AMBER HEARD AND A KITTEN BOTH LIKED MY BOOK HAPPY PRIDE MOTHERFUCKERS https://t.co/J4tvLeCM65", "public_metrics": {"retweet_count": 22, "reply_count": 0, "like_count": 0, "quote_count": 0}, "source": "Twitter for iPhone", "lang": "en", "quoted_tweet": {"id": "1144650214986452992", "entities": {"urls": [{"start": 64, "end": 87, "url": "https://t.co/J0OfEB7d2E", "expanded_url": "https://twitter.com/realamberheard/status/1144650214986452992/photo/1", "display_url": "pic.twitter.com/J0OfEB7d2E"}, {"start": 64, "end": 87, "url": "https://t.co/J0OfEB7d2E", "expanded_url": "https://twitter.com/realamberheard/status/1144650214986452992/photo/1", "display_url": "pic.twitter.com/J0OfEB7d2E"}, {"start": 64, "end": 87, "url": "https://t.co/J0OfEB7d2E", "expanded_url": "https://twitter.com/realamberheard/status/1144650214986452992/photo/1", "display_url": "pic.twitter.com/J0OfEB7d2E"}], "mentions": [{"start": 51, "end": 63, "username": "GrantGinder", "id": "134849087"}]}, "author_id": "807003567605227520", "created_at": "2019-06-28T16:54:12.000Z", "text": "I wasn\u2019t the one who enjoyed this vacation-read by @GrantGinder https://t.co/J0OfEB7d2E", "public_metrics": {"retweet_count": 155, "reply_count": 33, "like_count": 1084, "quote_count": 8}, "source": "Twitter for iPhone", "lang": "en", "author": {"location": "Los Angeles, CA", "created_at": "2016-12-08T23:26:58.000Z", "profile_image_url": "https://pbs.twimg.com/profile_images/1383196364792680448/N8CdupEu_normal.jpg", "public_metrics": {"followers_count": 190338, "following_count": 220, "tweet_count": 1149, "listed_count": 567}, "url": "https://t.co/Ze18Ek9SOI", "id": "807003567605227520", "name": "Amber Heard", "username": "realamberheard", "description": "Actor and Activist, semi-professional disruptor, ice cream advocate and shameless teacup yorkie-lover"}}, "author": {"location": "Los Angeles, CA", "created_at": "2009-06-16T00:50:13.000Z", "profile_image_url": "https://pbs.twimg.com/profile_images/378800000526968506/ba2d2bc448cf91c8994ca0a60860432a_normal.jpeg", "public_metrics": {"followers_count": 384, "following_count": 799, "tweet_count": 19268, "listed_count": 5}, "url": "", "id": "47495880", "name": "Katie", "username": "total_silliness", "description": "Professional Nap Taker and Nap Dress Wearer. Hoarder of books and red lipstick. She/Her."}}, {"referenced_tweets": [{"type": "retweeted", "id": "1144651954720784386"}], "id": "1144733324457512961", "entities": {"annotations": [{"start": 17, "end": 21, "probability": 0.9285, "type": "Person", "normalized_text": "AMBER"}], "urls": [{"start": 87, "end": 110, "url": "https://t.co/J4tvLeCM65", "expanded_url": "https://twitter.com/realamberheard/status/1144650214986452992", "display_url": "twitter.com/realamberheard\u2026"}], "mentions": [{"start": 3, "end": 15, "username": "GrantGinder", "id": "134849087"}]}, "author_id": "874984340", "created_at": "2019-06-28T22:24:27.000Z", "text": "RT @GrantGinder: AMBER HEARD AND A KITTEN BOTH LIKED MY BOOK HAPPY PRIDE MOTHERFUCKERS https://t.co/J4tvLeCM65", "public_metrics": {"retweet_count": 22, "reply_count": 0, "like_count": 0, "quote_count": 0}, "source": "Twitter Web App", "lang": "en", "quoted_tweet": {"id": "1144650214986452992", "entities": {"urls": [{"start": 64, "end": 87, "url": "https://t.co/J0OfEB7d2E", "expanded_url": "https://twitter.com/realamberheard/status/1144650214986452992/photo/1", "display_url": "pic.twitter.com/J0OfEB7d2E"}, {"start": 64, "end": 87, "url": "https://t.co/J0OfEB7d2E", "expanded_url": "https://twitter.com/realamberheard/status/1144650214986452992/photo/1", "display_url": "pic.twitter.com/J0OfEB7d2E"}, {"start": 64, "end": 87, "url": "https://t.co/J0OfEB7d2E", "expanded_url": "https://twitter.com/realamberheard/status/1144650214986452992/photo/1", "display_url": "pic.twitter.com/J0OfEB7d2E"}], "mentions": [{"start": 51, "end": 63, "username": "GrantGinder", "id": "134849087"}]}, "author_id": "807003567605227520", "created_at": "2019-06-28T16:54:12.000Z", "text": "I wasn\u2019t the one who enjoyed this vacation-read by @GrantGinder https://t.co/J0OfEB7d2E", "public_metrics": {"retweet_count": 155, "reply_count": 33, "like_count": 1084, "quote_count": 8}, "source": "Twitter for iPhone", "lang": "en", "author": {"location": "Los Angeles, CA", "created_at": "2016-12-08T23:26:58.000Z", "profile_image_url": "https://pbs.twimg.com/profile_images/1383196364792680448/N8CdupEu_normal.jpg", "public_metrics": {"followers_count": 190338, "following_count": 220, "tweet_count": 1149, "listed_count": 567}, "url": "https://t.co/Ze18Ek9SOI", "id": "807003567605227520", "name": "Amber Heard", "username": "realamberheard", "description": "Actor and Activist, semi-professional disruptor, ice cream advocate and shameless teacup yorkie-lover"}}, "author": {"created_at": "2012-10-12T05:22:26.000Z", "profile_image_url": "https://pbs.twimg.com/profile_images/1451763808968523777/qJNzYCWU_normal.jpg", "public_metrics": {"followers_count": 337, "following_count": 315, "tweet_count": 26825, "listed_count": 15}, "url": "", "id": "874984340", "name": "Lexi", "username": "animalhugger91", "description": "Here to fangirl about fangirl things. I also retweet a lot of animal stuff and posts to raise social awareness. Beware my page. Pronouns: she/her"}}, {"referenced_tweets": [{"type": "retweeted", "id": "1144651954720784386"}], "id": "1144732563359113222", "entities": {"annotations": [{"start": 17, "end": 21, "probability": 0.9285, "type": "Person", "normalized_text": "AMBER"}], "urls": [{"start": 87, "end": 110, "url": "https://t.co/J4tvLeCM65", "expanded_url": "https://twitter.com/realamberheard/status/1144650214986452992", "display_url": "twitter.com/realamberheard\u2026"}], "mentions": [{"start": 3, "end": 15, "username": "GrantGinder", "id": "134849087"}]}, "author_id": "768867595814629376", "created_at": "2019-06-28T22:21:25.000Z", "text": "RT @GrantGinder: AMBER HEARD AND A KITTEN BOTH LIKED MY BOOK HAPPY PRIDE MOTHERFUCKERS https://t.co/J4tvLeCM65", "public_metrics": {"retweet_count": 22, "reply_count": 0, "like_count": 0, "quote_count": 0}, "source": "Twitter for iPhone", "lang": "en", "quoted_tweet": {"id": "1144650214986452992", "entities": {"urls": [{"start": 64, "end": 87, "url": "https://t.co/J0OfEB7d2E", "expanded_url": "https://twitter.com/realamberheard/status/1144650214986452992/photo/1", "display_url": "pic.twitter.com/J0OfEB7d2E"}, {"start": 64, "end": 87, "url": "https://t.co/J0OfEB7d2E", "expanded_url": "https://twitter.com/realamberheard/status/1144650214986452992/photo/1", "display_url": "pic.twitter.com/J0OfEB7d2E"}, {"start": 64, "end": 87, "url": "https://t.co/J0OfEB7d2E", "expanded_url": "https://twitter.com/realamberheard/status/1144650214986452992/photo/1", "display_url": "pic.twitter.com/J0OfEB7d2E"}], "mentions": [{"start": 51, "end": 63, "username": "GrantGinder", "id": "134849087"}]}, "author_id": "807003567605227520", "created_at": "2019-06-28T16:54:12.000Z", "text": "I wasn\u2019t the one who enjoyed this vacation-read by @GrantGinder https://t.co/J0OfEB7d2E", "public_metrics": {"retweet_count": 155, "reply_count": 33, "like_count": 1084, "quote_count": 8}, "source": "Twitter for iPhone", "lang": "en", "author": {"location": "Los Angeles, CA", "created_at": "2016-12-08T23:26:58.000Z", "profile_image_url": "https://pbs.twimg.com/profile_images/1383196364792680448/N8CdupEu_normal.jpg", "public_metrics": {"followers_count": 190338, "following_count": 220, "tweet_count": 1149, "listed_count": 567}, "url": "https://t.co/Ze18Ek9SOI", "id": "807003567605227520", "name": "Amber Heard", "username": "realamberheard", "description": "Actor and Activist, semi-professional disruptor, ice cream advocate and shameless teacup yorkie-lover"}}, "author": {"location": "\u3000\u263e\u3000she / her, italy.", "created_at": "2016-08-25T17:48:14.000Z", "profile_image_url": "https://pbs.twimg.com/profile_images/1105519814368468994/XV0CejOv_normal.jpg", "public_metrics": {"followers_count": 193, "following_count": 127, "tweet_count": 5374, "listed_count": 2}, "url": "", "id": "768867595814629376", "name": "\u2729 \u2500 Cloe.", "username": "hexianovae", "description": "\u2661 ruled by uranus and saturn \u2027 dc comics enthusiast, living in a state of dreaming."}}, {"referenced_tweets": [{"type": "retweeted", "id": "1144651954720784386"}], "id": "1144732356097576960", "entities": {"annotations": [{"start": 17, "end": 21, "probability": 0.9285, "type": "Person", "normalized_text": "AMBER"}], "urls": [{"start": 87, "end": 110, "url": "https://t.co/J4tvLeCM65", "expanded_url": "https://twitter.com/realamberheard/status/1144650214986452992", "display_url": "twitter.com/realamberheard\u2026"}], "mentions": [{"start": 3, "end": 15, "username": "GrantGinder", "id": "134849087"}]}, "author_id": "4396120342", "created_at": "2019-06-28T22:20:36.000Z", "text": "RT @GrantGinder: AMBER HEARD AND A KITTEN BOTH LIKED MY BOOK HAPPY PRIDE MOTHERFUCKERS https://t.co/J4tvLeCM65", "public_metrics": {"retweet_count": 22, "reply_count": 0, "like_count": 0, "quote_count": 0}, "source": "Twitter for Android", "lang": "en", "quoted_tweet": {"id": "1144650214986452992", "entities": {"urls": [{"start": 64, "end": 87, "url": "https://t.co/J0OfEB7d2E", "expanded_url": "https://twitter.com/realamberheard/status/1144650214986452992/photo/1", "display_url": "pic.twitter.com/J0OfEB7d2E"}, {"start": 64, "end": 87, "url": "https://t.co/J0OfEB7d2E", "expanded_url": "https://twitter.com/realamberheard/status/1144650214986452992/photo/1", "display_url": "pic.twitter.com/J0OfEB7d2E"}, {"start": 64, "end": 87, "url": "https://t.co/J0OfEB7d2E", "expanded_url": "https://twitter.com/realamberheard/status/1144650214986452992/photo/1", "display_url": "pic.twitter.com/J0OfEB7d2E"}], "mentions": [{"start": 51, "end": 63, "username": "GrantGinder", "id": "134849087"}]}, "author_id": "807003567605227520", "created_at": "2019-06-28T16:54:12.000Z", "text": "I wasn\u2019t the one who enjoyed this vacation-read by @GrantGinder https://t.co/J0OfEB7d2E", "public_metrics": {"retweet_count": 155, "reply_count": 33, "like_count": 1084, "quote_count": 8}, "source": "Twitter for iPhone", "lang": "en", "author": {"location": "Los Angeles, CA", "created_at": "2016-12-08T23:26:58.000Z", "profile_image_url": "https://pbs.twimg.com/profile_images/1383196364792680448/N8CdupEu_normal.jpg", "public_metrics": {"followers_count": 190338, "following_count": 220, "tweet_count": 1149, "listed_count": 567}, "url": "https://t.co/Ze18Ek9SOI", "id": "807003567605227520", "name": "Amber Heard", "username": "realamberheard", "description": "Actor and Activist, semi-professional disruptor, ice cream advocate and shameless teacup yorkie-lover"}}, "author": {"created_at": "2015-12-06T17:21:06.000Z", "profile_image_url": "https://pbs.twimg.com/profile_images/1378175478478082050/UKLiQPuk_normal.jpg", "public_metrics": {"followers_count": 677, "following_count": 296, "tweet_count": 58564, "listed_count": 23}, "url": "", "id": "4396120342", "name": "STIRGUS SACCHETTI", "username": "stirgussa", "description": "Only two things are infinite, the universe and human stupidity, and I'm not sure about the former. - Albert Einstein and Me!"}}, {"referenced_tweets": [{"type": "quoted", "id": "1144650214986452992"}], "id": "1144702514605899777", "entities": {"urls": [{"start": 71, "end": 94, "url": "https://t.co/xAtNdrsbwu", "expanded_url": "https://twitter.com/realamberheard/status/1144650214986452992", "display_url": "twitter.com/realamberheard\u2026"}]}, "author_id": "3216078659", "created_at": "2019-06-28T20:22:01.000Z", "text": "I have a cat of the same exact color. Glad you enjoyed your vacation!\ud83d\udc96 https://t.co/xAtNdrsbwu", "public_metrics": {"retweet_count": 0, "reply_count": 0, "like_count": 0, "quote_count": 0}, "source": "Twitter Web App", "lang": "en", "quoted_tweet": {"id": "1144650214986452992", "entities": {"urls": [{"start": 64, "end": 87, "url": "https://t.co/J0OfEB7d2E", "expanded_url": "https://twitter.com/realamberheard/status/1144650214986452992/photo/1", "display_url": "pic.twitter.com/J0OfEB7d2E"}, {"start": 64, "end": 87, "url": "https://t.co/J0OfEB7d2E", "expanded_url": "https://twitter.com/realamberheard/status/1144650214986452992/photo/1", "display_url": "pic.twitter.com/J0OfEB7d2E"}, {"start": 64, "end": 87, "url": "https://t.co/J0OfEB7d2E", "expanded_url": "https://twitter.com/realamberheard/status/1144650214986452992/photo/1", "display_url": "pic.twitter.com/J0OfEB7d2E"}], "mentions": [{"start": 51, "end": 63, "username": "GrantGinder", "id": "134849087"}]}, "author_id": "807003567605227520", "created_at": "2019-06-28T16:54:12.000Z", "text": "I wasn\u2019t the one who enjoyed this vacation-read by @GrantGinder https://t.co/J0OfEB7d2E", "public_metrics": {"retweet_count": 155, "reply_count": 33, "like_count": 1084, "quote_count": 8}, "source": "Twitter for iPhone", "lang": "en", "author": {"location": "Los Angeles, CA", "created_at": "2016-12-08T23:26:58.000Z", "profile_image_url": "https://pbs.twimg.com/profile_images/1383196364792680448/N8CdupEu_normal.jpg", "public_metrics": {"followers_count": 190338, "following_count": 220, "tweet_count": 1149, "listed_count": 567}, "url": "https://t.co/Ze18Ek9SOI", "id": "807003567605227520", "name": "Amber Heard", "username": "realamberheard", "description": "Actor and Activist, semi-professional disruptor, ice cream advocate and shameless teacup yorkie-lover"}}, "author": {"created_at": "2015-04-28T07:17:35.000Z", "profile_image_url": "https://pbs.twimg.com/profile_images/1501219816522219520/SQVX3N2b_normal.jpg", "public_metrics": {"followers_count": 1465, "following_count": 1323, "tweet_count": 163095, "listed_count": 17}, "url": "", "id": "3216078659", "name": "GGCIR8991", "username": "GGCIR8991", "description": "On the internet, you can be pretty much anything you want, it's just kinda weird that so many people choose to be idiots and assholes"}}, {"referenced_tweets": [{"type": "retweeted", "id": "1144651954720784386"}], "id": "1144678999878246400", "entities": {"annotations": [{"start": 17, "end": 21, "probability": 0.9285, "type": "Person", "normalized_text": "AMBER"}], "urls": [{"start": 87, "end": 110, "url": "https://t.co/J4tvLeCM65", "expanded_url": "https://twitter.com/realamberheard/status/1144650214986452992", "display_url": "twitter.com/realamberheard\u2026"}], "mentions": [{"start": 3, "end": 15, "username": "GrantGinder", "id": "134849087"}]}, "author_id": "785148392498421760", "created_at": "2019-06-28T18:48:35.000Z", "text": "RT @GrantGinder: AMBER HEARD AND A KITTEN BOTH LIKED MY BOOK HAPPY PRIDE MOTHERFUCKERS https://t.co/J4tvLeCM65", "public_metrics": {"retweet_count": 22, "reply_count": 0, "like_count": 0, "quote_count": 0}, "source": "Twitter for Android", "lang": "en", "quoted_tweet": {"id": "1144650214986452992", "entities": {"urls": [{"start": 64, "end": 87, "url": "https://t.co/J0OfEB7d2E", "expanded_url": "https://twitter.com/realamberheard/status/1144650214986452992/photo/1", "display_url": "pic.twitter.com/J0OfEB7d2E"}, {"start": 64, "end": 87, "url": "https://t.co/J0OfEB7d2E", "expanded_url": "https://twitter.com/realamberheard/status/1144650214986452992/photo/1", "display_url": "pic.twitter.com/J0OfEB7d2E"}, {"start": 64, "end": 87, "url": "https://t.co/J0OfEB7d2E", "expanded_url": "https://twitter.com/realamberheard/status/1144650214986452992/photo/1", "display_url": "pic.twitter.com/J0OfEB7d2E"}], "mentions": [{"start": 51, "end": 63, "username": "GrantGinder", "id": "134849087"}]}, "author_id": "807003567605227520", "created_at": "2019-06-28T16:54:12.000Z", "text": "I wasn\u2019t the one who enjoyed this vacation-read by @GrantGinder https://t.co/J0OfEB7d2E", "public_metrics": {"retweet_count": 155, "reply_count": 33, "like_count": 1084, "quote_count": 8}, "source": "Twitter for iPhone", "lang": "en", "author": {"location": "Los Angeles, CA", "created_at": "2016-12-08T23:26:58.000Z", "profile_image_url": "https://pbs.twimg.com/profile_images/1383196364792680448/N8CdupEu_normal.jpg", "public_metrics": {"followers_count": 190338, "following_count": 220, "tweet_count": 1149, "listed_count": 567}, "url": "https://t.co/Ze18Ek9SOI", "id": "807003567605227520", "name": "Amber Heard", "username": "realamberheard", "description": "Actor and Activist, semi-professional disruptor, ice cream advocate and shameless teacup yorkie-lover"}}, "author": {"location": "Bordeaux, France", "created_at": "2016-10-09T16:02:18.000Z", "profile_image_url": "https://pbs.twimg.com/profile_images/1138826096386936837/71Iwj2dh_normal.jpg", "public_metrics": {"followers_count": 735, "following_count": 720, "tweet_count": 49331, "listed_count": 28}, "url": "", "id": "785148392498421760", "name": "Cora Melodie", "username": "CoraMelodie", "description": "Actress/Producer & UNHCR Special Envoy #AngelinaJolie | Actress, Activist & Human Rights Champion @realamberheard | @JeniferOfficiel \n\n#IStandWithYouAmberHeard"}}, {"referenced_tweets": [{"type": "retweeted", "id": "1144651954720784386"}], "id": "1144661698579582976", "entities": {"annotations": [{"start": 17, "end": 21, "probability": 0.9285, "type": "Person", "normalized_text": "AMBER"}], "urls": [{"start": 87, "end": 110, "url": "https://t.co/J4tvLeCM65", "expanded_url": "https://twitter.com/realamberheard/status/1144650214986452992", "display_url": "twitter.com/realamberheard\u2026"}], "mentions": [{"start": 3, "end": 15, "username": "GrantGinder", "id": "134849087"}]}, "author_id": "309758606", "created_at": "2019-06-28T17:39:50.000Z", "text": "RT @GrantGinder: AMBER HEARD AND A KITTEN BOTH LIKED MY BOOK HAPPY PRIDE MOTHERFUCKERS https://t.co/J4tvLeCM65", "public_metrics": {"retweet_count": 22, "reply_count": 0, "like_count": 0, "quote_count": 0}, "source": "Twitter Web Client", "lang": "en", "quoted_tweet": {"id": "1144650214986452992", "entities": {"urls": [{"start": 64, "end": 87, "url": "https://t.co/J0OfEB7d2E", "expanded_url": "https://twitter.com/realamberheard/status/1144650214986452992/photo/1", "display_url": "pic.twitter.com/J0OfEB7d2E"}, {"start": 64, "end": 87, "url": "https://t.co/J0OfEB7d2E", "expanded_url": "https://twitter.com/realamberheard/status/1144650214986452992/photo/1", "display_url": "pic.twitter.com/J0OfEB7d2E"}, {"start": 64, "end": 87, "url": "https://t.co/J0OfEB7d2E", "expanded_url": "https://twitter.com/realamberheard/status/1144650214986452992/photo/1", "display_url": "pic.twitter.com/J0OfEB7d2E"}], "mentions": [{"start": 51, "end": 63, "username": "GrantGinder", "id": "134849087"}]}, "author_id": "807003567605227520", "created_at": "2019-06-28T16:54:12.000Z", "text": "I wasn\u2019t the one who enjoyed this vacation-read by @GrantGinder https://t.co/J0OfEB7d2E", "public_metrics": {"retweet_count": 155, "reply_count": 33, "like_count": 1084, "quote_count": 8}, "source": "Twitter for iPhone", "lang": "en", "author": {"location": "Los Angeles, CA", "created_at": "2016-12-08T23:26:58.000Z", "profile_image_url": "https://pbs.twimg.com/profile_images/1383196364792680448/N8CdupEu_normal.jpg", "public_metrics": {"followers_count": 190338, "following_count": 220, "tweet_count": 1149, "listed_count": 567}, "url": "https://t.co/Ze18Ek9SOI", "id": "807003567605227520", "name": "Amber Heard", "username": "realamberheard", "description": "Actor and Activist, semi-professional disruptor, ice cream advocate and shameless teacup yorkie-lover"}}, "author": {"location": "Los Angeles, CA", "created_at": "2011-06-02T16:32:41.000Z", "profile_image_url": "https://pbs.twimg.com/profile_images/1372575096473149446/reK6Dfy8_normal.jpg", "public_metrics": {"followers_count": 395, "following_count": 717, "tweet_count": 54703, "listed_count": 15}, "url": "", "id": "309758606", "name": "Hopeful, thankful, tired", "username": "T_Bake7", "description": "Reader, editor"}}, {"referenced_tweets": [{"type": "quoted", "id": "1144650214986452992"}], "id": "1144658620296192002", "entities": {"urls": [{"start": 15, "end": 38, "url": "https://t.co/QHb59IdASG", "expanded_url": "https://twitter.com/realamberheard/status/1144650214986452992", "display_url": "twitter.com/realamberheard\u2026"}]}, "author_id": "21456603", "created_at": "2019-06-28T17:27:36.000Z", "text": "Kill me softly https://t.co/QHb59IdASG", "public_metrics": {"retweet_count": 0, "reply_count": 0, "like_count": 0, "quote_count": 0}, "source": "Twitter for iPhone", "lang": "en", "quoted_tweet": {"id": "1144650214986452992", "entities": {"urls": [{"start": 64, "end": 87, "url": "https://t.co/J0OfEB7d2E", "expanded_url": "https://twitter.com/realamberheard/status/1144650214986452992/photo/1", "display_url": "pic.twitter.com/J0OfEB7d2E"}, {"start": 64, "end": 87, "url": "https://t.co/J0OfEB7d2E", "expanded_url": "https://twitter.com/realamberheard/status/1144650214986452992/photo/1", "display_url": "pic.twitter.com/J0OfEB7d2E"}, {"start": 64, "end": 87, "url": "https://t.co/J0OfEB7d2E", "expanded_url": "https://twitter.com/realamberheard/status/1144650214986452992/photo/1", "display_url": "pic.twitter.com/J0OfEB7d2E"}], "mentions": [{"start": 51, "end": 63, "username": "GrantGinder", "id": "134849087"}]}, "author_id": "807003567605227520", "created_at": "2019-06-28T16:54:12.000Z", "text": "I wasn\u2019t the one who enjoyed this vacation-read by @GrantGinder https://t.co/J0OfEB7d2E", "public_metrics": {"retweet_count": 155, "reply_count": 33, "like_count": 1084, "quote_count": 8}, "source": "Twitter for iPhone", "lang": "en", "author": {"location": "Los Angeles, CA", "created_at": "2016-12-08T23:26:58.000Z", "profile_image_url": "https://pbs.twimg.com/profile_images/1383196364792680448/N8CdupEu_normal.jpg", "public_metrics": {"followers_count": 190338, "following_count": 220, "tweet_count": 1149, "listed_count": 567}, "url": "https://t.co/Ze18Ek9SOI", "id": "807003567605227520", "name": "Amber Heard", "username": "realamberheard", "description": "Actor and Activist, semi-professional disruptor, ice cream advocate and shameless teacup yorkie-lover"}}, "author": {"location": "She/her", "created_at": "2009-02-21T02:19:40.000Z", "profile_image_url": "https://pbs.twimg.com/profile_images/1281784399051227136/9k6b9V3n_normal.jpg", "public_metrics": {"followers_count": 153, "following_count": 846, "tweet_count": 9875, "listed_count": 1}, "url": "https://t.co/2ieJ4k5tCT", "id": "21456603", "name": "archer \ud83c\udff9", "username": "violentheart", "description": "Hanging out with the dream king.\nBookseller with all the book talkers under Ray Bradbury"}}, {"referenced_tweets": [{"type": "quoted", "id": "1144650214986452992"}], "id": "1144658324287295498", "entities": {"urls": [{"start": 16, "end": 39, "url": "https://t.co/76vRNiafAD", "expanded_url": "https://twitter.com/realamberheard/status/1144650214986452992", "display_url": "twitter.com/realamberheard\u2026"}]}, "author_id": "344288946", "created_at": "2019-06-28T17:26:25.000Z", "text": "Iti modeusiiiii https://t.co/76vRNiafAD", "public_metrics": {"retweet_count": 0, "reply_count": 0, "like_count": 0, "quote_count": 0}, "source": "Twitter for iPhone", "lang": "eu", "quoted_tweet": {"id": "1144650214986452992", "entities": {"urls": [{"start": 64, "end": 87, "url": "https://t.co/J0OfEB7d2E", "expanded_url": "https://twitter.com/realamberheard/status/1144650214986452992/photo/1", "display_url": "pic.twitter.com/J0OfEB7d2E"}, {"start": 64, "end": 87, "url": "https://t.co/J0OfEB7d2E", "expanded_url": "https://twitter.com/realamberheard/status/1144650214986452992/photo/1", "display_url": "pic.twitter.com/J0OfEB7d2E"}, {"start": 64, "end": 87, "url": "https://t.co/J0OfEB7d2E", "expanded_url": "https://twitter.com/realamberheard/status/1144650214986452992/photo/1", "display_url": "pic.twitter.com/J0OfEB7d2E"}], "mentions": [{"start": 51, "end": 63, "username": "GrantGinder", "id": "134849087"}]}, "author_id": "807003567605227520", "created_at": "2019-06-28T16:54:12.000Z", "text": "I wasn\u2019t the one who enjoyed this vacation-read by @GrantGinder https://t.co/J0OfEB7d2E", "public_metrics": {"retweet_count": 155, "reply_count": 33, "like_count": 1084, "quote_count": 8}, "source": "Twitter for iPhone", "lang": "en", "author": {"location": "Los Angeles, CA", "created_at": "2016-12-08T23:26:58.000Z", "profile_image_url": "https://pbs.twimg.com/profile_images/1383196364792680448/N8CdupEu_normal.jpg", "public_metrics": {"followers_count": 190338, "following_count": 220, "tweet_count": 1149, "listed_count": 567}, "url": "https://t.co/Ze18Ek9SOI", "id": "807003567605227520", "name": "Amber Heard", "username": "realamberheard", "description": "Actor and Activist, semi-professional disruptor, ice cream advocate and shameless teacup yorkie-lover"}}, "author": {"location": "Campinas", "created_at": "2011-07-28T20:48:43.000Z", "profile_image_url": "https://pbs.twimg.com/profile_images/1469076603028361218/2_8TjLcI_normal.jpg", "public_metrics": {"followers_count": 310, "following_count": 308, "tweet_count": 28024, "listed_count": 1}, "url": "", "id": "344288946", "name": "g", "username": "muitavaibi", "description": "lamenta\u00e7\u00f5es e v\u00eddeos de gatinhos"}}, {"referenced_tweets": [{"type": "quoted", "id": "1144650214986452992"}], "id": "1144651954720784386", "entities": {"annotations": [{"start": 0, "end": 4, "probability": 0.9176, "type": "Person", "normalized_text": "AMBER"}], "urls": [{"start": 70, "end": 93, "url": "https://t.co/J4tvLeCM65", "expanded_url": "https://twitter.com/realamberheard/status/1144650214986452992", "display_url": "twitter.com/realamberheard\u2026"}]}, "author_id": "134849087", "created_at": "2019-06-28T17:01:07.000Z", "text": "AMBER HEARD AND A KITTEN BOTH LIKED MY BOOK HAPPY PRIDE MOTHERFUCKERS https://t.co/J4tvLeCM65", "public_metrics": {"retweet_count": 22, "reply_count": 7, "like_count": 122, "quote_count": 0}, "source": "Twitter for iPhone", "lang": "en", "quoted_tweet": {"id": "1144650214986452992", "entities": {"urls": [{"start": 64, "end": 87, "url": "https://t.co/J0OfEB7d2E", "expanded_url": "https://twitter.com/realamberheard/status/1144650214986452992/photo/1", "display_url": "pic.twitter.com/J0OfEB7d2E"}, {"start": 64, "end": 87, "url": "https://t.co/J0OfEB7d2E", "expanded_url": "https://twitter.com/realamberheard/status/1144650214986452992/photo/1", "display_url": "pic.twitter.com/J0OfEB7d2E"}, {"start": 64, "end": 87, "url": "https://t.co/J0OfEB7d2E", "expanded_url": "https://twitter.com/realamberheard/status/1144650214986452992/photo/1", "display_url": "pic.twitter.com/J0OfEB7d2E"}], "mentions": [{"start": 51, "end": 63, "username": "GrantGinder", "id": "134849087"}]}, "author_id": "807003567605227520", "created_at": "2019-06-28T16:54:12.000Z", "text": "I wasn\u2019t the one who enjoyed this vacation-read by @GrantGinder https://t.co/J0OfEB7d2E", "public_metrics": {"retweet_count": 155, "reply_count": 33, "like_count": 1084, "quote_count": 8}, "source": "Twitter for iPhone", "lang": "en", "author": {"location": "Los Angeles, CA", "created_at": "2016-12-08T23:26:58.000Z", "profile_image_url": "https://pbs.twimg.com/profile_images/1383196364792680448/N8CdupEu_normal.jpg", "public_metrics": {"followers_count": 190338, "following_count": 220, "tweet_count": 1149, "listed_count": 567}, "url": "https://t.co/Ze18Ek9SOI", "id": "807003567605227520", "name": "Amber Heard", "username": "realamberheard", "description": "Actor and Activist, semi-professional disruptor, ice cream advocate and shameless teacup yorkie-lover"}}, "author": {"location": "Brooklyn, NY  ", "created_at": "2010-04-19T16:34:37.000Z", "profile_image_url": "https://pbs.twimg.com/profile_images/1410748016517169153/VWNx3e9r_normal.jpg", "public_metrics": {"followers_count": 11986, "following_count": 1662, "tweet_count": 12998, "listed_count": 47}, "url": "https://t.co/rnzSZC3MEE", "id": "134849087", "name": "Grant Ginder", "username": "GrantGinder", "description": "I wrote LET'S NOT DO THAT AGAIN (@HenryHolt) and THE PEOPLE WE HATE AT THE WEDDING (@FlatironBooks) / I teach at NYU. Not for everyone. Very gay."}}, {"referenced_tweets": [{"type": "quoted", "id": "1144650214986452992"}], "id": "1144650371618525184", "entities": {"urls": [{"start": 6, "end": 29, "url": "https://t.co/dhpJCYHQc3", "expanded_url": "https://twitter.com/realamberheard/status/1144650214986452992", "display_url": "twitter.com/realamberheard\u2026"}]}, "author_id": "721724916463235072", "created_at": "2019-06-28T16:54:49.000Z", "text": "| ;-; https://t.co/dhpJCYHQc3", "public_metrics": {"retweet_count": 0, "reply_count": 0, "like_count": 0, "quote_count": 0}, "source": "Twitter for Android", "lang": "und", "quoted_tweet": {"id": "1144650214986452992", "entities": {"urls": [{"start": 64, "end": 87, "url": "https://t.co/J0OfEB7d2E", "expanded_url": "https://twitter.com/realamberheard/status/1144650214986452992/photo/1", "display_url": "pic.twitter.com/J0OfEB7d2E"}, {"start": 64, "end": 87, "url": "https://t.co/J0OfEB7d2E", "expanded_url": "https://twitter.com/realamberheard/status/1144650214986452992/photo/1", "display_url": "pic.twitter.com/J0OfEB7d2E"}, {"start": 64, "end": 87, "url": "https://t.co/J0OfEB7d2E", "expanded_url": "https://twitter.com/realamberheard/status/1144650214986452992/photo/1", "display_url": "pic.twitter.com/J0OfEB7d2E"}], "mentions": [{"start": 51, "end": 63, "username": "GrantGinder", "id": "134849087"}]}, "author_id": "807003567605227520", "created_at": "2019-06-28T16:54:12.000Z", "text": "I wasn\u2019t the one who enjoyed this vacation-read by @GrantGinder https://t.co/J0OfEB7d2E", "public_metrics": {"retweet_count": 155, "reply_count": 33, "like_count": 1084, "quote_count": 8}, "source": "Twitter for iPhone", "lang": "en", "author": {"location": "Los Angeles, CA", "created_at": "2016-12-08T23:26:58.000Z", "profile_image_url": "https://pbs.twimg.com/profile_images/1383196364792680448/N8CdupEu_normal.jpg", "public_metrics": {"followers_count": 190338, "following_count": 220, "tweet_count": 1149, "listed_count": 567}, "url": "https://t.co/Ze18Ek9SOI", "id": "807003567605227520", "name": "Amber Heard", "username": "realamberheard", "description": "Actor and Activist, semi-professional disruptor, ice cream advocate and shameless teacup yorkie-lover"}}, "author": {"location": "Amnesty Bay ; #P\u1d1css\u028fO\u0493S\u1d1b\u1d07\u1d07\u029f", "created_at": "2016-04-17T15:40:03.000Z", "profile_image_url": "https://pbs.twimg.com/profile_images/1144744361156075520/xZqvJA6O_normal.jpg", "public_metrics": {"followers_count": 94, "following_count": 65, "tweet_count": 3516, "listed_count": 1}, "url": "", "id": "721724916463235072", "name": "\ud835\udc00\ud835\udc2b\ud835\udc2d\ud835\udc21\ud835\udc2e\ud835\udc2b \ud835\udc02\ud835\udc2e\ud835\udc2b\ud835\udc2b\ud835\udc32.", "username": "OceansHero_", "description": "\u275b\u2500A son of the land, a king of the seas. I am the protector of the deep.\u275c \u22ee R\u1d07\u1d05\u029c\u1d07\u1d00\u1d05s\ufe50 \u028f\u1d0f\u1d1c \u0262\u1d0f\u1d1b\u1d1b\u1d00 \u029f\u1d0f\u1d20\u1d07 \u00b7\u1d07\u1d0d. \u0ae7 \ud835\udc00\ud835\udc10\ud835\udc14\ud835\udc00\ud835\udc0c\ud835\udc00\ud835\udc0d. \u22b0"}}]