[{"author_id": "3216078659", "created_at": "2019-07-01T00:30:13.000Z", "public_metrics": {"retweet_count": 0, "reply_count": 0, "like_count": 0, "quote_count": 0}, "entities": {"urls": [{"start": 120, "end": 143, "url": "https://t.co/Adif1mM5e3", "expanded_url": "https://twitter.com/realamberheard/status/1145478436456153088", "display_url": "twitter.com/realamberheard\u2026"}]}, "text": "I'm so glad I got a reply from you again, thank you and I love you so damn much! You really are drop-dead gorgeous!\ud83d\ude0d\ud83d\udc96\ud83d\ude0d\ud83d\udc96 https://t.co/Adif1mM5e3", "source": "Twitter Web App", "referenced_tweets": [{"type": "quoted", "id": "1145478436456153088"}], "lang": "en", "id": "1145489751891271680", "quoted_tweet": {"author_id": "807003567605227520", "created_at": "2019-06-30T23:45:15.000Z", "public_metrics": {"retweet_count": 3, "reply_count": 13, "like_count": 47, "quote_count": 2}, "entities": {"urls": [{"start": 88, "end": 111, "url": "https://t.co/uIXRJIu0U1", "expanded_url": "https://twitter.com/realamberheard/status/1145478436456153088/photo/1", "display_url": "pic.twitter.com/uIXRJIu0U1"}]}, "text": "@RAMMF1898 Well, thank you. This is an accurate portrait of me before makeup so... ;  ) https://t.co/uIXRJIu0U1", "source": "Twitter for iPhone", "referenced_tweets": [{"type": "replied_to", "id": "1145456996222525441"}], "lang": "en", "in_reply_to_user_id": "3216078659", "id": "1145478436456153088", "author": {"username": "realamberheard", "id": "807003567605227520", "profile_image_url": "https://pbs.twimg.com/profile_images/1383196364792680448/N8CdupEu_normal.jpg", "name": "Amber Heard", "created_at": "2016-12-08T23:26:58.000Z", "public_metrics": {"followers_count": 190338, "following_count": 220, "tweet_count": 1149, "listed_count": 567}, "location": "Los Angeles, CA", "description": "Actor and Activist, semi-professional disruptor, ice cream advocate and shameless teacup yorkie-lover", "url": "https://t.co/Ze18Ek9SOI"}}, "author": {"username": "GGCIR8991", "id": "3216078659", "profile_image_url": "https://pbs.twimg.com/profile_images/1501219816522219520/SQVX3N2b_normal.jpg", "name": "GGCIR8991", "created_at": "2015-04-28T07:17:35.000Z", "public_metrics": {"followers_count": 1465, "following_count": 1323, "tweet_count": 163095, "listed_count": 17}, "description": "On the internet, you can be pretty much anything you want, it's just kinda weird that so many people choose to be idiots and assholes", "url": ""}}]