[{"created_at": "2019-07-02T00:09:13.000Z", "source": "Twitter Web Client", "referenced_tweets": [{"type": "quoted", "id": "1145842977807511552"}], "entities": {"urls": [{"start": 222, "end": 245, "url": "https://t.co/JYnchnIT74", "expanded_url": "https://twitter.com/realamberheard/status/1145842977807511552", "display_url": "twitter.com/realamberheard\u2026"}], "annotations": [{"start": 51, "end": 55, "probability": 0.9905, "type": "Person", "normalized_text": "Biden"}, {"start": 72, "end": 74, "probability": 0.994, "type": "Organization", "normalized_text": "CNN"}, {"start": 95, "end": 100, "probability": 0.9481, "type": "Person", "normalized_text": "Harris"}, {"start": 106, "end": 115, "probability": 0.8907, "type": "Place", "normalized_text": "California"}, {"start": 153, "end": 158, "probability": 0.6043, "type": "Person", "normalized_text": "Warren"}, {"start": 164, "end": 176, "probability": 0.8598, "type": "Place", "normalized_text": "Massachusetts"}]}, "lang": "en", "id": "1145846853981708288", "text": "\"That represents a 10-point decline in support for Biden since the last CNN poll in May, while Harris, of California, has posted a 9-point increase, and Warren, of Massachusetts, has boosted her support by 8 points.\"\ud83d\udc4f\ud83d\udc4f\ud83d\udc4f\ud83d\udc4f\ud83d\udc4f https://t.co/JYnchnIT74", "author_id": "3216078659", "public_metrics": {"retweet_count": 0, "reply_count": 0, "like_count": 0, "quote_count": 0}, "quoted_tweet": {"created_at": "2019-07-01T23:53:49.000Z", "source": "Twitter for iPad", "entities": {"hashtags": [{"start": 127, "end": 144, "tag": "SansBidenBetches"}], "urls": [{"start": 237, "end": 260, "url": "https://t.co/liOCUghmyA", "expanded_url": "https://cnn.it/2NnmY61", "display_url": "cnn.it/2NnmY61", "status": 403, "unwound_url": "https://cnn.it/2NnmY61"}], "mentions": [{"start": 224, "end": 236, "username": "CNNPolitics", "id": "13850422"}], "annotations": [{"start": 19, "end": 23, "probability": 0.9899, "type": "Person", "normalized_text": "Biden"}, {"start": 146, "end": 148, "probability": 0.8038, "type": "Organization", "normalized_text": "CNN"}, {"start": 156, "end": 161, "probability": 0.9348, "type": "Person", "normalized_text": "Harris"}, {"start": 165, "end": 170, "probability": 0.9335, "type": "Person", "normalized_text": "Warren"}, {"start": 178, "end": 182, "probability": 0.9908, "type": "Person", "normalized_text": "Biden"}]}, "lang": "en", "id": "1145842977807511552", "text": "Ugh.. u don\u2019t need Biden 2 \u201cslide\u201d (or go anywhere, 4 that matter) n order 4 these women 2 have f*ng slaaayed!. .they just DID #SansBidenBetches \nCNN Poll: Harris &amp; Warren rise. Biden slides after 1st Democratic debates @CNNPolitics https://t.co/liOCUghmyA", "author_id": "807003567605227520", "public_metrics": {"retweet_count": 29, "reply_count": 18, "like_count": 202, "quote_count": 1}, "author": {"url": "https://t.co/Ze18Ek9SOI", "username": "realamberheard", "description": "Actor and Activist, semi-professional disruptor, ice cream advocate and shameless teacup yorkie-lover", "id": "807003567605227520", "location": "Los Angeles, CA", "profile_image_url": "https://pbs.twimg.com/profile_images/1383196364792680448/N8CdupEu_normal.jpg", "created_at": "2016-12-08T23:26:58.000Z", "public_metrics": {"followers_count": 190338, "following_count": 220, "tweet_count": 1149, "listed_count": 567}, "name": "Amber Heard"}}, "author": {"url": "", "username": "GGCIR8991", "description": "On the internet, you can be pretty much anything you want, it's just kinda weird that so many people choose to be idiots and assholes", "id": "3216078659", "profile_image_url": "https://pbs.twimg.com/profile_images/1501219816522219520/SQVX3N2b_normal.jpg", "created_at": "2015-04-28T07:17:35.000Z", "public_metrics": {"followers_count": 1465, "following_count": 1323, "tweet_count": 163095, "listed_count": 17}, "name": "GGCIR8991"}}]