[{"created_at": "2019-07-01T10:50:26.000Z", "text": "What is sooo wrong with these people. It takes a coward to wear a mask and beat up on some old guy \ud83d\ude21.  I pray that guy is alright \ud83d\ude4f\ud83d\udcaa\u2764\ufe0f https://t.co/k94m6KYitH", "source": "Twitter for iPhone", "public_metrics": {"retweet_count": 0, "reply_count": 0, "like_count": 0, "quote_count": 0}, "id": "1145645832261242881", "author_id": "1096848147945525248", "lang": "en", "referenced_tweets": [{"type": "quoted", "id": "1145476346568695808"}], "entities": {"urls": [{"start": 135, "end": 158, "url": "https://t.co/k94m6KYitH", "expanded_url": "https://twitter.com/realamberheard/status/1145476346568695808", "display_url": "twitter.com/realamberheard\u2026"}]}, "quoted_tweet": {"entities": {"mentions": [{"start": 0, "end": 10, "username": "stillgray", "id": "16106584"}]}, "in_reply_to_user_id": "16106584", "created_at": "2019-06-30T23:36:57.000Z", "text": "@stillgray This is horrifying", "source": "Twitter for iPhone", "public_metrics": {"retweet_count": 21, "reply_count": 30, "like_count": 632, "quote_count": 4}, "id": "1145476346568695808", "author_id": "807003567605227520", "lang": "en", "referenced_tweets": [{"type": "replied_to", "id": "1145399360726810624"}], "author": {"username": "realamberheard", "id": "807003567605227520", "created_at": "2016-12-08T23:26:58.000Z", "public_metrics": {"followers_count": 190338, "following_count": 220, "tweet_count": 1149, "listed_count": 567}, "name": "Amber Heard", "url": "https://t.co/Ze18Ek9SOI", "location": "Los Angeles, CA", "description": "Actor and Activist, semi-professional disruptor, ice cream advocate and shameless teacup yorkie-lover", "profile_image_url": "https://pbs.twimg.com/profile_images/1383196364792680448/N8CdupEu_normal.jpg"}}, "author": {"username": "JaredSethDiamo1", "id": "1096848147945525248", "created_at": "2019-02-16T19:05:51.000Z", "public_metrics": {"followers_count": 2902, "following_count": 5007, "tweet_count": 40978, "listed_count": 1}, "name": "\u2721\ufe0fWonder Woman Empire \u2693\ufe0f\ud83c\uddfa\ud83c\uddf8\ud83c\uddee\ud83c\uddf1\ud83c\udff3\ufe0f\u200d\ud83c\udf08\u2721\ufe0f", "url": "", "location": "U.S.A", "description": "I am southpaw Jew from Philly, retired 20 years from NAVY, current job as C-130 Aircraft Electrician. I believe ALL women of ALL types are WONDER WOMAN\ud83d\ude45\ud83c\udffb\u200d\u2640\ufe0f\ud83d\udcaa", "profile_image_url": "https://pbs.twimg.com/profile_images/1144951779068665857/YEMW5CyE_normal.jpg"}}, {"created_at": "2019-07-01T00:23:31.000Z", "text": "What's horrifying is the violence initiated and perpetrated by RWNJs, Ne-Nazis and other white supremacist fascists is ignored as if only one side does anything.\n\nhttps://t.co/uOOEuodrYH https://t.co/flB03fhgLA", "entities": {"annotations": [{"start": 70, "end": 77, "probability": 0.6835, "type": "Person", "normalized_text": "Ne-Nazis"}], "urls": [{"start": 163, "end": 186, "url": "https://t.co/uOOEuodrYH", "expanded_url": "https://www.usatoday.com/story/news/nation/2019/06/30/antifa-right-wing-protesters-clash-streets-portland-oregon/1611630001/", "display_url": "usatoday.com/story/news/nat\u2026"}, {"start": 187, "end": 210, "url": "https://t.co/flB03fhgLA", "expanded_url": "https://twitter.com/realamberheard/status/1145476346568695808", "display_url": "twitter.com/realamberheard\u2026"}]}, "source": "Twitter for Android", "public_metrics": {"retweet_count": 0, "reply_count": 0, "like_count": 0, "quote_count": 0}, "id": "1145488063667331073", "author_id": "23380149", "lang": "en", "referenced_tweets": [{"type": "quoted", "id": "1145476346568695808"}], "quoted_tweet": {"entities": {"mentions": [{"start": 0, "end": 10, "username": "stillgray", "id": "16106584"}]}, "in_reply_to_user_id": "16106584", "created_at": "2019-06-30T23:36:57.000Z", "text": "@stillgray This is horrifying", "source": "Twitter for iPhone", "public_metrics": {"retweet_count": 21, "reply_count": 30, "like_count": 632, "quote_count": 4}, "id": "1145476346568695808", "author_id": "807003567605227520", "lang": "en", "referenced_tweets": [{"type": "replied_to", "id": "1145399360726810624"}], "author": {"username": "realamberheard", "id": "807003567605227520", "created_at": "2016-12-08T23:26:58.000Z", "public_metrics": {"followers_count": 190338, "following_count": 220, "tweet_count": 1149, "listed_count": 567}, "name": "Amber Heard", "url": "https://t.co/Ze18Ek9SOI", "location": "Los Angeles, CA", "description": "Actor and Activist, semi-professional disruptor, ice cream advocate and shameless teacup yorkie-lover", "profile_image_url": "https://pbs.twimg.com/profile_images/1383196364792680448/N8CdupEu_normal.jpg"}}, "author": {"username": "robertropars", "id": "23380149", "created_at": "2009-03-09T00:57:20.000Z", "public_metrics": {"followers_count": 6759, "following_count": 6127, "tweet_count": 229275, "listed_count": 377}, "name": "Robert Ropars", "url": "https://t.co/xRX67Y0lnD", "location": "Chicagoland, IL", "description": "Chicago-area author & photographer of nature, architectural, abandoned places, street photography, & portraits. #LoveisLove. #LGBTQIA ally", "profile_image_url": "https://pbs.twimg.com/profile_images/1462779581614673928/kVtIIhd__normal.jpg"}}, {"created_at": "2019-07-01T00:16:13.000Z", "text": "Amber no https://t.co/RRPpZqLXHM", "entities": {"annotations": [{"start": 0, "end": 4, "probability": 0.8927, "type": "Person", "normalized_text": "Amber"}], "urls": [{"start": 9, "end": 32, "url": "https://t.co/RRPpZqLXHM", "expanded_url": "https://twitter.com/realamberheard/status/1145476346568695808", "display_url": "twitter.com/realamberheard\u2026"}]}, "source": "Twitter for Android", "public_metrics": {"retweet_count": 0, "reply_count": 0, "like_count": 0, "quote_count": 0}, "id": "1145486225928683522", "author_id": "2833037784", "lang": "pt", "referenced_tweets": [{"type": "quoted", "id": "1145476346568695808"}], "quoted_tweet": {"entities": {"mentions": [{"start": 0, "end": 10, "username": "stillgray", "id": "16106584"}]}, "in_reply_to_user_id": "16106584", "created_at": "2019-06-30T23:36:57.000Z", "text": "@stillgray This is horrifying", "source": "Twitter for iPhone", "public_metrics": {"retweet_count": 21, "reply_count": 30, "like_count": 632, "quote_count": 4}, "id": "1145476346568695808", "author_id": "807003567605227520", "lang": "en", "referenced_tweets": [{"type": "replied_to", "id": "1145399360726810624"}], "author": {"username": "realamberheard", "id": "807003567605227520", "created_at": "2016-12-08T23:26:58.000Z", "public_metrics": {"followers_count": 190338, "following_count": 220, "tweet_count": 1149, "listed_count": 567}, "name": "Amber Heard", "url": "https://t.co/Ze18Ek9SOI", "location": "Los Angeles, CA", "description": "Actor and Activist, semi-professional disruptor, ice cream advocate and shameless teacup yorkie-lover", "profile_image_url": "https://pbs.twimg.com/profile_images/1383196364792680448/N8CdupEu_normal.jpg"}}, "author": {"username": "jawadphile", "id": "2833037784", "created_at": "2014-09-26T15:41:32.000Z", "public_metrics": {"followers_count": 406, "following_count": 353, "tweet_count": 52016, "listed_count": 10}, "name": "jawad", "url": "", "location": "indo", "description": "he/him | 21", "profile_image_url": "https://pbs.twimg.com/profile_images/1390499553455992832/yVZZBgXw_normal.jpg"}}, {"created_at": "2019-06-30T23:59:57.000Z", "text": "Uuuuuuhhhhhmmmmmm https://t.co/5mOr7IHLRX", "source": "Twitter Web App", "public_metrics": {"retweet_count": 0, "reply_count": 1, "like_count": 2, "quote_count": 0}, "id": "1145482132346802177", "author_id": "3285435380", "lang": "und", "referenced_tweets": [{"type": "quoted", "id": "1145476346568695808"}], "entities": {"urls": [{"start": 18, "end": 41, "url": "https://t.co/5mOr7IHLRX", "expanded_url": "https://twitter.com/realamberheard/status/1145476346568695808", "display_url": "twitter.com/realamberheard\u2026"}]}, "quoted_tweet": {"entities": {"mentions": [{"start": 0, "end": 10, "username": "stillgray", "id": "16106584"}]}, "in_reply_to_user_id": "16106584", "created_at": "2019-06-30T23:36:57.000Z", "text": "@stillgray This is horrifying", "source": "Twitter for iPhone", "public_metrics": {"retweet_count": 21, "reply_count": 30, "like_count": 632, "quote_count": 4}, "id": "1145476346568695808", "author_id": "807003567605227520", "lang": "en", "referenced_tweets": [{"type": "replied_to", "id": "1145399360726810624"}], "author": {"username": "realamberheard", "id": "807003567605227520", "created_at": "2016-12-08T23:26:58.000Z", "public_metrics": {"followers_count": 190338, "following_count": 220, "tweet_count": 1149, "listed_count": 567}, "name": "Amber Heard", "url": "https://t.co/Ze18Ek9SOI", "location": "Los Angeles, CA", "description": "Actor and Activist, semi-professional disruptor, ice cream advocate and shameless teacup yorkie-lover", "profile_image_url": "https://pbs.twimg.com/profile_images/1383196364792680448/N8CdupEu_normal.jpg"}}, "author": {"username": "StormRiderOroro", "id": "3285435380", "created_at": "2015-07-20T13:56:16.000Z", "public_metrics": {"followers_count": 1693, "following_count": 4985, "tweet_count": 92885, "listed_count": 3}, "name": "WhatATwist", "url": "", "location": "\ud83e\udd5a", "description": "Bear in a table suit. \nTable in a bear suit.\n\n\n\n#CashAppInBio $JessiArte", "profile_image_url": "https://pbs.twimg.com/profile_images/1312747157884149762/0Rfb99E4_normal.jpg"}}]