[{"entities": {"annotations": [{"start": 44, "end": 49, "probability": 0.3972, "type": "Organization", "normalized_text": "Antifa"}], "urls": [{"start": 93, "end": 116, "url": "https://t.co/iAL3z2Cayd", "expanded_url": "https://twitter.com/realamberheard/status/1145476686240190464", "display_url": "twitter.com/realamberheard\u2026"}], "mentions": [{"start": 3, "end": 19, "username": "arcticninjapaul", "id": "133404296"}]}, "public_metrics": {"retweet_count": 4, "reply_count": 0, "like_count": 0, "quote_count": 0}, "source": "Twitter for iPhone", "text": "RT @arcticninjapaul: Standard reminder that Antifa are domestic terrorists and nothing more. https://t.co/iAL3z2Cayd", "author_id": "2414216366", "lang": "en", "created_at": "2019-07-01T04:00:42.000Z", "id": "1145542720494231552", "referenced_tweets": [{"type": "retweeted", "id": "1145478198420840449"}], "quoted_tweet": {"public_metrics": {"retweet_count": 44, "reply_count": 26, "like_count": 429, "quote_count": 3}, "source": "Twitter for iPhone", "entities": {"urls": [{"start": 52, "end": 75, "url": "https://t.co/p2cOX3TALa", "expanded_url": "https://twitter.com/michaelshermer/status/1145475449121677312", "display_url": "twitter.com/michaelshermer\u2026"}], "mentions": [{"start": 9, "end": 24, "username": "PortlandPolice", "id": "14604442"}]}, "text": "Um...... @PortlandPolice , what ARE you doing then? https://t.co/p2cOX3TALa", "author_id": "807003567605227520", "lang": "en", "created_at": "2019-06-30T23:38:18.000Z", "id": "1145476686240190464", "referenced_tweets": [{"type": "quoted", "id": "1145475449121677312"}], "author": {"username": "realamberheard", "location": "Los Angeles, CA", "description": "Actor and Activist, semi-professional disruptor, ice cream advocate and shameless teacup yorkie-lover", "id": "807003567605227520", "url": "https://t.co/Ze18Ek9SOI", "profile_image_url": "https://pbs.twimg.com/profile_images/1383196364792680448/N8CdupEu_normal.jpg", "name": "Amber Heard", "public_metrics": {"followers_count": 190338, "following_count": 220, "tweet_count": 1149, "listed_count": 567}, "created_at": "2016-12-08T23:26:58.000Z"}}, "author": {"username": "abhiraj777777", "location": "Guelph, Ontario", "description": "Your average weird Indian writer guy. bisexual and gender-fluid. He/they and sometimes she, follow me on twitch. twitch affliate. 22", "id": "2414216366", "url": "https://t.co/o7BrgRKdul", "profile_image_url": "https://pbs.twimg.com/profile_images/1303509706749743105/XWdojt6t_normal.jpg", "name": "Follow thatcigarguy on twitch", "public_metrics": {"followers_count": 135, "following_count": 394, "tweet_count": 12827, "listed_count": 8}, "created_at": "2014-03-27T13:21:00.000Z"}}, {"entities": {"annotations": [{"start": 44, "end": 49, "probability": 0.3972, "type": "Organization", "normalized_text": "Antifa"}], "urls": [{"start": 93, "end": 116, "url": "https://t.co/iAL3z2Cayd", "expanded_url": "https://twitter.com/realamberheard/status/1145476686240190464", "display_url": "twitter.com/realamberheard\u2026"}], "mentions": [{"start": 3, "end": 19, "username": "arcticninjapaul", "id": "133404296"}]}, "public_metrics": {"retweet_count": 4, "reply_count": 0, "like_count": 0, "quote_count": 0}, "source": "Twitter Web Client", "text": "RT @arcticninjapaul: Standard reminder that Antifa are domestic terrorists and nothing more. https://t.co/iAL3z2Cayd", "author_id": "91145234", "lang": "en", "created_at": "2019-07-01T04:00:28.000Z", "id": "1145542661966827520", "referenced_tweets": [{"type": "retweeted", "id": "1145478198420840449"}], "quoted_tweet": {"public_metrics": {"retweet_count": 44, "reply_count": 26, "like_count": 429, "quote_count": 3}, "source": "Twitter for iPhone", "entities": {"urls": [{"start": 52, "end": 75, "url": "https://t.co/p2cOX3TALa", "expanded_url": "https://twitter.com/michaelshermer/status/1145475449121677312", "display_url": "twitter.com/michaelshermer\u2026"}], "mentions": [{"start": 9, "end": 24, "username": "PortlandPolice", "id": "14604442"}]}, "text": "Um...... @PortlandPolice , what ARE you doing then? https://t.co/p2cOX3TALa", "author_id": "807003567605227520", "lang": "en", "created_at": "2019-06-30T23:38:18.000Z", "id": "1145476686240190464", "referenced_tweets": [{"type": "quoted", "id": "1145475449121677312"}], "author": {"username": "realamberheard", "location": "Los Angeles, CA", "description": "Actor and Activist, semi-professional disruptor, ice cream advocate and shameless teacup yorkie-lover", "id": "807003567605227520", "url": "https://t.co/Ze18Ek9SOI", "profile_image_url": "https://pbs.twimg.com/profile_images/1383196364792680448/N8CdupEu_normal.jpg", "name": "Amber Heard", "public_metrics": {"followers_count": 190338, "following_count": 220, "tweet_count": 1149, "listed_count": 567}, "created_at": "2016-12-08T23:26:58.000Z"}}, "author": {"username": "das8104", "description": "", "id": "91145234", "url": "", "profile_image_url": "https://pbs.twimg.com/profile_images/413021169906769920/o_65bdR8_normal.jpeg", "name": "dan sib", "public_metrics": {"followers_count": 313, "following_count": 3141, "tweet_count": 16269, "listed_count": 2}, "created_at": "2009-11-19T17:09:25.000Z"}}, {"entities": {"annotations": [{"start": 0, "end": 4, "probability": 0.9162, "type": "Person", "normalized_text": "Amber"}], "urls": [{"start": 41, "end": 64, "url": "https://t.co/7TaaFfYgdw", "expanded_url": "https://twitter.com/realamberheard/status/1145476686240190464", "display_url": "twitter.com/realamberheard\u2026"}]}, "public_metrics": {"retweet_count": 0, "reply_count": 0, "like_count": 0, "quote_count": 0}, "source": "Twitter for iPhone", "text": "Amber Heard earning some respect from me https://t.co/7TaaFfYgdw", "author_id": "3318040819", "lang": "en", "created_at": "2019-07-01T00:49:16.000Z", "id": "1145494543258701824", "referenced_tweets": [{"type": "quoted", "id": "1145476686240190464"}], "quoted_tweet": {"public_metrics": {"retweet_count": 44, "reply_count": 26, "like_count": 429, "quote_count": 3}, "source": "Twitter for iPhone", "entities": {"urls": [{"start": 52, "end": 75, "url": "https://t.co/p2cOX3TALa", "expanded_url": "https://twitter.com/michaelshermer/status/1145475449121677312", "display_url": "twitter.com/michaelshermer\u2026"}], "mentions": [{"start": 9, "end": 24, "username": "PortlandPolice", "id": "14604442"}]}, "text": "Um...... @PortlandPolice , what ARE you doing then? https://t.co/p2cOX3TALa", "author_id": "807003567605227520", "lang": "en", "created_at": "2019-06-30T23:38:18.000Z", "id": "1145476686240190464", "referenced_tweets": [{"type": "quoted", "id": "1145475449121677312"}], "author": {"username": "realamberheard", "location": "Los Angeles, CA", "description": "Actor and Activist, semi-professional disruptor, ice cream advocate and shameless teacup yorkie-lover", "id": "807003567605227520", "url": "https://t.co/Ze18Ek9SOI", "profile_image_url": "https://pbs.twimg.com/profile_images/1383196364792680448/N8CdupEu_normal.jpg", "name": "Amber Heard", "public_metrics": {"followers_count": 190338, "following_count": 220, "tweet_count": 1149, "listed_count": 567}, "created_at": "2016-12-08T23:26:58.000Z"}}, "author": {"username": "WarlordAsshat", "location": "Bunker", "description": "Do NOT follow me on trades. I need to #Learn2Trade . Warlord of Idyllwild. Raging liberal. IRA is 100% in TSLA, BYND, UBER, and LYFT He/Her/Stonks", "id": "3318040819", "url": "", "profile_image_url": "https://pbs.twimg.com/profile_images/1501420799248371712/QrMfo5Ls_normal.jpg", "name": "Warlord Asshat", "public_metrics": {"followers_count": 2070, "following_count": 85, "tweet_count": 11310, "listed_count": 43}, "created_at": "2015-08-17T18:17:10.000Z"}}, {"entities": {"annotations": [{"start": 44, "end": 49, "probability": 0.3972, "type": "Organization", "normalized_text": "Antifa"}], "urls": [{"start": 93, "end": 116, "url": "https://t.co/iAL3z2Cayd", "expanded_url": "https://twitter.com/realamberheard/status/1145476686240190464", "display_url": "twitter.com/realamberheard\u2026"}], "mentions": [{"start": 3, "end": 19, "username": "arcticninjapaul", "id": "133404296"}]}, "public_metrics": {"retweet_count": 4, "reply_count": 0, "like_count": 0, "quote_count": 0}, "source": "Twitter for Android", "text": "RT @arcticninjapaul: Standard reminder that Antifa are domestic terrorists and nothing more. https://t.co/iAL3z2Cayd", "author_id": "134135996", "lang": "en", "created_at": "2019-06-30T23:44:50.000Z", "id": "1145478331233644545", "referenced_tweets": [{"type": "retweeted", "id": "1145478198420840449"}], "quoted_tweet": {"public_metrics": {"retweet_count": 44, "reply_count": 26, "like_count": 429, "quote_count": 3}, "source": "Twitter for iPhone", "entities": {"urls": [{"start": 52, "end": 75, "url": "https://t.co/p2cOX3TALa", "expanded_url": "https://twitter.com/michaelshermer/status/1145475449121677312", "display_url": "twitter.com/michaelshermer\u2026"}], "mentions": [{"start": 9, "end": 24, "username": "PortlandPolice", "id": "14604442"}]}, "text": "Um...... @PortlandPolice , what ARE you doing then? https://t.co/p2cOX3TALa", "author_id": "807003567605227520", "lang": "en", "created_at": "2019-06-30T23:38:18.000Z", "id": "1145476686240190464", "referenced_tweets": [{"type": "quoted", "id": "1145475449121677312"}], "author": {"username": "realamberheard", "location": "Los Angeles, CA", "description": "Actor and Activist, semi-professional disruptor, ice cream advocate and shameless teacup yorkie-lover", "id": "807003567605227520", "url": "https://t.co/Ze18Ek9SOI", "profile_image_url": "https://pbs.twimg.com/profile_images/1383196364792680448/N8CdupEu_normal.jpg", "name": "Amber Heard", "public_metrics": {"followers_count": 190338, "following_count": 220, "tweet_count": 1149, "listed_count": 567}, "created_at": "2016-12-08T23:26:58.000Z"}}, "author": {"username": "Jslab425", "description": "", "id": "134135996", "url": "", "profile_image_url": "https://pbs.twimg.com/profile_images/561288826241703937/A6KJ5W2P_normal.png", "name": "Jslab425", "public_metrics": {"followers_count": 369, "following_count": 341, "tweet_count": 14240, "listed_count": 23}, "created_at": "2010-04-17T15:02:04.000Z"}}, {"public_metrics": {"retweet_count": 4, "reply_count": 4, "like_count": 35, "quote_count": 0}, "source": "TweetDeck", "entities": {"urls": [{"start": 72, "end": 95, "url": "https://t.co/iAL3z2Cayd", "expanded_url": "https://twitter.com/realamberheard/status/1145476686240190464", "display_url": "twitter.com/realamberheard\u2026"}]}, "text": "Standard reminder that Antifa are domestic terrorists and nothing more. https://t.co/iAL3z2Cayd", "author_id": "133404296", "lang": "en", "created_at": "2019-06-30T23:44:19.000Z", "id": "1145478198420840449", "referenced_tweets": [{"type": "quoted", "id": "1145476686240190464"}], "quoted_tweet": {"public_metrics": {"retweet_count": 44, "reply_count": 26, "like_count": 429, "quote_count": 3}, "source": "Twitter for iPhone", "entities": {"urls": [{"start": 52, "end": 75, "url": "https://t.co/p2cOX3TALa", "expanded_url": "https://twitter.com/michaelshermer/status/1145475449121677312", "display_url": "twitter.com/michaelshermer\u2026"}], "mentions": [{"start": 9, "end": 24, "username": "PortlandPolice", "id": "14604442"}]}, "text": "Um...... @PortlandPolice , what ARE you doing then? https://t.co/p2cOX3TALa", "author_id": "807003567605227520", "lang": "en", "created_at": "2019-06-30T23:38:18.000Z", "id": "1145476686240190464", "referenced_tweets": [{"type": "quoted", "id": "1145475449121677312"}], "author": {"username": "realamberheard", "location": "Los Angeles, CA", "description": "Actor and Activist, semi-professional disruptor, ice cream advocate and shameless teacup yorkie-lover", "id": "807003567605227520", "url": "https://t.co/Ze18Ek9SOI", "profile_image_url": "https://pbs.twimg.com/profile_images/1383196364792680448/N8CdupEu_normal.jpg", "name": "Amber Heard", "public_metrics": {"followers_count": 190338, "following_count": 220, "tweet_count": 1149, "listed_count": 567}, "created_at": "2016-12-08T23:26:58.000Z"}}, "author": {"username": "arcticninjapaul", "location": "Alaska", "description": "Senior Writer @screenrant | Artist | Combat Veteran | Podcaster | Tundra Wookiee | \u201cComics-loving blogger\u201d | Former EIC @Joblocom | USA \ud83c\uddfa\ud83c\uddf8", "id": "133404296", "url": "https://t.co/cupr8gN5MX", "profile_image_url": "https://pbs.twimg.com/profile_images/1484749943361314816/BmviPLjE_normal.jpg", "name": "Arctic Ninja Paul", "public_metrics": {"followers_count": 6532, "following_count": 576, "tweet_count": 66995, "listed_count": 114}, "created_at": "2010-04-15T18:01:24.000Z"}}]