[{"source": "Twitter for Android", "text": "Check out this a special \"AMAZON GIFT CARDS\" offer..so sign-up this link and make sure to verify your email...https://t.co/8giZu2BlWN https://t.co/ltKsli6PPf", "lang": "en", "entities": {"annotations": [{"start": 26, "end": 31, "probability": 0.4656, "type": "Organization", "normalized_text": "AMAZON"}], "urls": [{"start": 110, "end": 133, "url": "https://t.co/8giZu2BlWN", "expanded_url": "https://ttgg.bid/NAw3t", "display_url": "ttgg.bid/NAw3t"}, {"start": 134, "end": 157, "url": "https://t.co/ltKsli6PPf", "expanded_url": "https://twitter.com/realamberheard/status/1146115585371066369", "display_url": "twitter.com/realamberheard\u2026"}]}, "created_at": "2019-07-07T06:23:51.000Z", "public_metrics": {"retweet_count": 0, "reply_count": 0, "like_count": 0, "quote_count": 0}, "author_id": "1144066121185841152", "referenced_tweets": [{"type": "quoted", "id": "1146115585371066369"}], "id": "1147753073386725378", "quoted_tweet": {"source": "Twitter for iPhone", "text": "\u201cMy night terror is the idea of these 2 old men roaming around on a stage n front of the world bloviating about how they would rule a fantasy world tht existed 40yrs ago..... https://t.co/QBTW3SdYYQ", "lang": "en", "created_at": "2019-07-02T17:57:04.000Z", "public_metrics": {"retweet_count": 21, "reply_count": 18, "like_count": 224, "quote_count": 3}, "entities": {"urls": [{"start": 175, "end": 198, "url": "https://t.co/QBTW3SdYYQ", "expanded_url": "https://www.linkedin.com/content-guest/article/kamala-harris-vs-drinking-heavily-waiting-die-gayle-leslie", "display_url": "linkedin.com/content-guest/\u2026", "status": 200, "unwound_url": "https://www.linkedin.com/content-guest/article/kamala-harris-vs-drinking-heavily-waiting-die-gayle-leslie"}]}, "author_id": "807003567605227520", "id": "1146115585371066369", "author": {"username": "realamberheard", "location": "Los Angeles, CA", "public_metrics": {"followers_count": 190338, "following_count": 220, "tweet_count": 1149, "listed_count": 567}, "name": "Amber Heard", "url": "https://t.co/Ze18Ek9SOI", "id": "807003567605227520", "created_at": "2016-12-08T23:26:58.000Z", "profile_image_url": "https://pbs.twimg.com/profile_images/1383196364792680448/N8CdupEu_normal.jpg", "description": "Actor and Activist, semi-professional disruptor, ice cream advocate and shameless teacup yorkie-lover"}}, "author": {"username": "wart3nz", "location": "California, USA", "public_metrics": {"followers_count": 31, "following_count": 1037, "tweet_count": 2777, "listed_count": 0}, "name": "Cynthia M Smyth", "url": "", "id": "1144066121185841152", "created_at": "2019-06-27T02:13:13.000Z", "profile_image_url": "https://pbs.twimg.com/profile_images/1165958985070997504/HtkDidk6_normal.jpg", "description": "Hi...if u like to \ud83d\udc8fdating with me or \ud83d\udc6blive chating with me so follow my link mention below by doing sign-up my link page and must be verify your email.."}}, {"source": "Twitter for iPhone", "text": "I love every word of this. https://t.co/WVem9kxwrx https://t.co/qm5HhhBZ68", "lang": "en", "created_at": "2019-07-03T00:58:17.000Z", "public_metrics": {"retweet_count": 0, "reply_count": 0, "like_count": 0, "quote_count": 0}, "entities": {"urls": [{"start": 27, "end": 50, "url": "https://t.co/WVem9kxwrx", "expanded_url": "https://www.linkedin.com/pulse/kamala-harris-vs-drinking-heavily-waiting-die-gayle-leslie", "display_url": "linkedin.com/pulse/kamala-h\u2026"}, {"start": 51, "end": 74, "url": "https://t.co/qm5HhhBZ68", "expanded_url": "https://twitter.com/realamberheard/status/1146115585371066369", "display_url": "twitter.com/realamberheard\u2026"}]}, "author_id": "32913667", "referenced_tweets": [{"type": "quoted", "id": "1146115585371066369"}], "id": "1146221591107235840", "quoted_tweet": {"source": "Twitter for iPhone", "text": "\u201cMy night terror is the idea of these 2 old men roaming around on a stage n front of the world bloviating about how they would rule a fantasy world tht existed 40yrs ago..... https://t.co/QBTW3SdYYQ", "lang": "en", "created_at": "2019-07-02T17:57:04.000Z", "public_metrics": {"retweet_count": 21, "reply_count": 18, "like_count": 224, "quote_count": 3}, "entities": {"urls": [{"start": 175, "end": 198, "url": "https://t.co/QBTW3SdYYQ", "expanded_url": "https://www.linkedin.com/content-guest/article/kamala-harris-vs-drinking-heavily-waiting-die-gayle-leslie", "display_url": "linkedin.com/content-guest/\u2026", "status": 200, "unwound_url": "https://www.linkedin.com/content-guest/article/kamala-harris-vs-drinking-heavily-waiting-die-gayle-leslie"}]}, "author_id": "807003567605227520", "id": "1146115585371066369", "author": {"username": "realamberheard", "location": "Los Angeles, CA", "public_metrics": {"followers_count": 190338, "following_count": 220, "tweet_count": 1149, "listed_count": 567}, "name": "Amber Heard", "url": "https://t.co/Ze18Ek9SOI", "id": "807003567605227520", "created_at": "2016-12-08T23:26:58.000Z", "profile_image_url": "https://pbs.twimg.com/profile_images/1383196364792680448/N8CdupEu_normal.jpg", "description": "Actor and Activist, semi-professional disruptor, ice cream advocate and shameless teacup yorkie-lover"}}, "author": {"username": "RedSevenEric", "location": "Washington, DC", "public_metrics": {"followers_count": 6345, "following_count": 1515, "tweet_count": 56998, "listed_count": 356}, "name": "Eric Peterson \ud83d\udc36\u2764\ufe0f\ud83c\udf78", "url": "https://t.co/wEFDmGxy2B", "id": "32913667", "created_at": "2009-04-18T15:27:27.000Z", "profile_image_url": "https://pbs.twimg.com/profile_images/1403202434298695682/clcOUrAp_normal.jpg", "description": "(he/him) I've been a #diversity & #inclusion practitioner for 20 years. Co-host at @RewindPod. My first novel was published 11/21 by @boldstrokebooks."}}, {"source": "Twitter Web App", "text": "Really powerful words!\ud83d\udc4f\ud83d\udc4f https://t.co/AwhFdQbM9X", "lang": "en", "created_at": "2019-07-02T18:11:03.000Z", "public_metrics": {"retweet_count": 0, "reply_count": 0, "like_count": 0, "quote_count": 0}, "entities": {"urls": [{"start": 25, "end": 48, "url": "https://t.co/AwhFdQbM9X", "expanded_url": "https://twitter.com/realamberheard/status/1146115585371066369", "display_url": "twitter.com/realamberheard\u2026"}]}, "author_id": "3216078659", "referenced_tweets": [{"type": "quoted", "id": "1146115585371066369"}], "id": "1146119107625930752", "quoted_tweet": {"source": "Twitter for iPhone", "text": "\u201cMy night terror is the idea of these 2 old men roaming around on a stage n front of the world bloviating about how they would rule a fantasy world tht existed 40yrs ago..... https://t.co/QBTW3SdYYQ", "lang": "en", "created_at": "2019-07-02T17:57:04.000Z", "public_metrics": {"retweet_count": 21, "reply_count": 18, "like_count": 224, "quote_count": 3}, "entities": {"urls": [{"start": 175, "end": 198, "url": "https://t.co/QBTW3SdYYQ", "expanded_url": "https://www.linkedin.com/content-guest/article/kamala-harris-vs-drinking-heavily-waiting-die-gayle-leslie", "display_url": "linkedin.com/content-guest/\u2026", "status": 200, "unwound_url": "https://www.linkedin.com/content-guest/article/kamala-harris-vs-drinking-heavily-waiting-die-gayle-leslie"}]}, "author_id": "807003567605227520", "id": "1146115585371066369", "author": {"username": "realamberheard", "location": "Los Angeles, CA", "public_metrics": {"followers_count": 190338, "following_count": 220, "tweet_count": 1149, "listed_count": 567}, "name": "Amber Heard", "url": "https://t.co/Ze18Ek9SOI", "id": "807003567605227520", "created_at": "2016-12-08T23:26:58.000Z", "profile_image_url": "https://pbs.twimg.com/profile_images/1383196364792680448/N8CdupEu_normal.jpg", "description": "Actor and Activist, semi-professional disruptor, ice cream advocate and shameless teacup yorkie-lover"}}, "author": {"username": "GGCIR8991", "public_metrics": {"followers_count": 1465, "following_count": 1323, "tweet_count": 163095, "listed_count": 17}, "name": "GGCIR8991", "url": "", "id": "3216078659", "created_at": "2015-04-28T07:17:35.000Z", "profile_image_url": "https://pbs.twimg.com/profile_images/1501219816522219520/SQVX3N2b_normal.jpg", "description": "On the internet, you can be pretty much anything you want, it's just kinda weird that so many people choose to be idiots and assholes"}}]