[{"author_id": "3216078659", "entities": {"mentions": [{"start": 88, "end": 93, "username": "ACLU", "id": "13393052"}], "urls": [{"start": 136, "end": 159, "url": "https://t.co/yv4rXU3Jqq", "expanded_url": "https://twitter.com/realamberheard/status/1146387254346211328", "display_url": "twitter.com/realamberheard\u2026"}]}, "created_at": "2019-07-03T12:55:57.000Z", "public_metrics": {"retweet_count": 0, "reply_count": 0, "like_count": 0, "quote_count": 0}, "text": "Just want to say that you're doing a great job as an ambassador for human rights at the @ACLU; and as a fan, I'm just so proud of you!\ud83d\udc96 https://t.co/yv4rXU3Jqq", "source": "Twitter Web App", "referenced_tweets": [{"type": "quoted", "id": "1146387254346211328"}], "lang": "en", "id": "1146402196956704768", "quoted_tweet": {"author_id": "807003567605227520", "entities": {"mentions": [{"start": 0, "end": 5, "username": "ACLU", "id": "13393052"}], "urls": [{"start": 7, "end": 30, "url": "https://t.co/8Vbbly9yJl", "expanded_url": "https://action.aclu.org/petition/congress-hold-cbp-accountable-inhumane-child-detention?ms_aff=NAT&initms_aff=NAT&ms=190628_immigrantrights_detention_0&initms=190628_immigrantrights_detention_0&ms_chan=web&initms_chan=web&redirect=investigateCBP", "display_url": "action.aclu.org/petition/congr\u2026", "status": 200, "unwound_url": "https://action.aclu.org/petition/congress-hold-cbp-accountable-inhumane-child-detention?ms_aff=NAT&initms_aff=NAT&ms=190628_immigrantrights_detention_0&initms=190628_immigrantrights_detention_0&ms_chan=web&initms_chan=web&redirect=investigateCBP"}]}, "created_at": "2019-07-03T11:56:34.000Z", "public_metrics": {"retweet_count": 6, "reply_count": 1, "like_count": 21, "quote_count": 1}, "text": "@ACLU \nhttps://t.co/8Vbbly9yJl", "source": "Twitter for iPad", "lang": "und", "in_reply_to_user_id": "13393052", "id": "1146387254346211328", "author": {"username": "realamberheard", "id": "807003567605227520", "profile_image_url": "https://pbs.twimg.com/profile_images/1383196364792680448/N8CdupEu_normal.jpg", "name": "Amber Heard", "created_at": "2016-12-08T23:26:58.000Z", "public_metrics": {"followers_count": 190338, "following_count": 220, "tweet_count": 1149, "listed_count": 567}, "location": "Los Angeles, CA", "description": "Actor and Activist, semi-professional disruptor, ice cream advocate and shameless teacup yorkie-lover", "url": "https://t.co/Ze18Ek9SOI"}}, "author": {"username": "GGCIR8991", "id": "3216078659", "profile_image_url": "https://pbs.twimg.com/profile_images/1501219816522219520/SQVX3N2b_normal.jpg", "name": "GGCIR8991", "created_at": "2015-04-28T07:17:35.000Z", "public_metrics": {"followers_count": 1465, "following_count": 1323, "tweet_count": 163095, "listed_count": 17}, "description": "On the internet, you can be pretty much anything you want, it's just kinda weird that so many people choose to be idiots and assholes", "url": ""}}]