[{"created_at": "2019-07-26T10:56:41.000Z", "text": "\ud83d\ude25\ud83d\ude25\ud83d\ude25 https://t.co/OqNY1yci7k", "source": "Twitter for iPhone", "public_metrics": {"retweet_count": 0, "reply_count": 0, "like_count": 0, "quote_count": 0}, "id": "1154707101844934656", "author_id": "1096848147945525248", "lang": "und", "referenced_tweets": [{"type": "quoted", "id": "1154670202757558272"}], "entities": {"urls": [{"start": 4, "end": 27, "url": "https://t.co/OqNY1yci7k", "expanded_url": "https://twitter.com/realamberheard/status/1154670202757558272", "display_url": "twitter.com/realamberheard\u2026"}]}, "quoted_tweet": {"created_at": "2019-07-26T08:30:03.000Z", "text": "As long as home is more dangerous than the journey, people will take that risk for a chance..... my heart breaks for the 150+ women, children &amp; men who have lost their lives in the harrowing attempt at a better future https://t.co/DUZbin8WaT", "source": "Twitter for iPhone", "public_metrics": {"retweet_count": 40, "reply_count": 20, "like_count": 305, "quote_count": 3}, "id": "1154670202757558272", "author_id": "807003567605227520", "lang": "en", "referenced_tweets": [{"type": "quoted", "id": "1154412141677621248"}], "entities": {"urls": [{"start": 222, "end": 245, "url": "https://t.co/DUZbin8WaT", "expanded_url": "https://twitter.com/Refugees/status/1154412141677621248", "display_url": "twitter.com/Refugees/statu\u2026"}]}, "author": {"username": "realamberheard", "id": "807003567605227520", "created_at": "2016-12-08T23:26:58.000Z", "public_metrics": {"followers_count": 190338, "following_count": 220, "tweet_count": 1149, "listed_count": 567}, "name": "Amber Heard", "url": "https://t.co/Ze18Ek9SOI", "location": "Los Angeles, CA", "description": "Actor and Activist, semi-professional disruptor, ice cream advocate and shameless teacup yorkie-lover", "profile_image_url": "https://pbs.twimg.com/profile_images/1383196364792680448/N8CdupEu_normal.jpg"}}, "author": {"username": "JaredSethDiamo1", "id": "1096848147945525248", "created_at": "2019-02-16T19:05:51.000Z", "public_metrics": {"followers_count": 2902, "following_count": 5007, "tweet_count": 40978, "listed_count": 1}, "name": "\u2721\ufe0fWonder Woman Empire \u2693\ufe0f\ud83c\uddfa\ud83c\uddf8\ud83c\uddee\ud83c\uddf1\ud83c\udff3\ufe0f\u200d\ud83c\udf08\u2721\ufe0f", "url": "", "location": "U.S.A", "description": "I am southpaw Jew from Philly, retired 20 years from NAVY, current job as C-130 Aircraft Electrician. I believe ALL women of ALL types are WONDER WOMAN\ud83d\ude45\ud83c\udffb\u200d\u2640\ufe0f\ud83d\udcaa", "profile_image_url": "https://pbs.twimg.com/profile_images/1144951779068665857/YEMW5CyE_normal.jpg"}}, {"created_at": "2019-07-26T09:03:14.000Z", "text": "\"As long as home is more dangerous than the journey, people will take that risk for a chance...\" how ironic and sad that home isn't what it's supposed to be!\ud83d\ude14\ud83d\udc94 https://t.co/pxQNufsgwo", "source": "Twitter Web App", "public_metrics": {"retweet_count": 0, "reply_count": 0, "like_count": 0, "quote_count": 0}, "id": "1154678551989276672", "author_id": "3216078659", "lang": "en", "referenced_tweets": [{"type": "quoted", "id": "1154670202757558272"}], "entities": {"urls": [{"start": 160, "end": 183, "url": "https://t.co/pxQNufsgwo", "expanded_url": "https://twitter.com/realamberheard/status/1154670202757558272", "display_url": "twitter.com/realamberheard\u2026"}]}, "quoted_tweet": {"created_at": "2019-07-26T08:30:03.000Z", "text": "As long as home is more dangerous than the journey, people will take that risk for a chance..... my heart breaks for the 150+ women, children &amp; men who have lost their lives in the harrowing attempt at a better future https://t.co/DUZbin8WaT", "source": "Twitter for iPhone", "public_metrics": {"retweet_count": 40, "reply_count": 20, "like_count": 305, "quote_count": 3}, "id": "1154670202757558272", "author_id": "807003567605227520", "lang": "en", "referenced_tweets": [{"type": "quoted", "id": "1154412141677621248"}], "entities": {"urls": [{"start": 222, "end": 245, "url": "https://t.co/DUZbin8WaT", "expanded_url": "https://twitter.com/Refugees/status/1154412141677621248", "display_url": "twitter.com/Refugees/statu\u2026"}]}, "author": {"username": "realamberheard", "id": "807003567605227520", "created_at": "2016-12-08T23:26:58.000Z", "public_metrics": {"followers_count": 190338, "following_count": 220, "tweet_count": 1149, "listed_count": 567}, "name": "Amber Heard", "url": "https://t.co/Ze18Ek9SOI", "location": "Los Angeles, CA", "description": "Actor and Activist, semi-professional disruptor, ice cream advocate and shameless teacup yorkie-lover", "profile_image_url": "https://pbs.twimg.com/profile_images/1383196364792680448/N8CdupEu_normal.jpg"}}, "author": {"username": "GGCIR8991", "id": "3216078659", "created_at": "2015-04-28T07:17:35.000Z", "public_metrics": {"followers_count": 1465, "following_count": 1323, "tweet_count": 163095, "listed_count": 17}, "name": "GGCIR8991", "url": "", "description": "On the internet, you can be pretty much anything you want, it's just kinda weird that so many people choose to be idiots and assholes", "profile_image_url": "https://pbs.twimg.com/profile_images/1501219816522219520/SQVX3N2b_normal.jpg"}}]