[{"entities": {"urls": [{"start": 96, "end": 119, "url": "https://t.co/i1kRfUiqOr", "expanded_url": "https://twitter.com/realamberheard/status/1154742040875425792", "display_url": "twitter.com/realamberheard\u2026"}], "mentions": [{"start": 3, "end": 19, "username": "giffonifilmfest", "id": "73345146"}, {"start": 31, "end": 46, "username": "realamberheard", "id": "807003567605227520"}]}, "lang": "en", "id": "1155423444483346432", "text": "RT @giffonifilmfest: Thank you @realamberheard. Your words have been such an inspiration to us. https://t.co/i1kRfUiqOr", "created_at": "2019-07-28T10:23:10.000Z", "public_metrics": {"retweet_count": 10, "reply_count": 0, "like_count": 0, "quote_count": 0}, "author_id": "322863626", "source": "Twitter for iPhone", "referenced_tweets": [{"type": "retweeted", "id": "1154744456886849537"}], "quoted_tweet": {"entities": {"urls": [{"start": 224, "end": 247, "url": "https://t.co/RVH8QHsFP2", "expanded_url": "https://twitter.com/realamberheard/status/1154742040875425792/photo/1", "display_url": "pic.twitter.com/RVH8QHsFP2"}], "mentions": [{"start": 36, "end": 52, "username": "giffonifilmfest", "id": "73345146"}]}, "lang": "en", "id": "1154742040875425792", "text": "Thank you for the incredible honor \u2066@giffonifilmfest\u2069 . Crazy that the best +most interesting questions I\u2019ve gotten in a very long time came from the young minds of the attendees (who were all under the age of 20)! Thank u! https://t.co/RVH8QHsFP2", "created_at": "2019-07-26T13:15:31.000Z", "public_metrics": {"retweet_count": 96, "reply_count": 61, "like_count": 1248, "quote_count": 6}, "author_id": "807003567605227520", "source": "Twitter for iPad", "author": {"location": "Los Angeles, CA", "profile_image_url": "https://pbs.twimg.com/profile_images/1383196364792680448/N8CdupEu_normal.jpg", "id": "807003567605227520", "name": "Amber Heard", "created_at": "2016-12-08T23:26:58.000Z", "username": "realamberheard", "url": "https://t.co/Ze18Ek9SOI", "description": "Actor and Activist, semi-professional disruptor, ice cream advocate and shameless teacup yorkie-lover", "public_metrics": {"followers_count": 190338, "following_count": 220, "tweet_count": 1149, "listed_count": 567}}}, "author": {"profile_image_url": "https://pbs.twimg.com/profile_images/1502380536010092550/wv9HuBIG_normal.jpg", "id": "322863626", "name": "\u2728\ud835\udcf0\ud835\udcf2\ud835\udcf8\u2728", "created_at": "2011-06-23T21:33:20.000Z", "username": "_giorgia_xcx_", "url": "", "description": "#YouAreHeard #JusticeForAmberHeard #IStandWithAmberHeard - standing by @realamberheard\u2019s side since 2009 \ud83c\udff3\ufe0f\u200d\ud83c\udf08 #spicelover #jlover #freebritney", "public_metrics": {"followers_count": 378, "following_count": 375, "tweet_count": 5420, "listed_count": 3}}}, {"entities": {"urls": [{"start": 96, "end": 119, "url": "https://t.co/i1kRfUiqOr", "expanded_url": "https://twitter.com/realamberheard/status/1154742040875425792", "display_url": "twitter.com/realamberheard\u2026"}], "mentions": [{"start": 3, "end": 19, "username": "giffonifilmfest", "id": "73345146"}, {"start": 31, "end": 46, "username": "realamberheard", "id": "807003567605227520"}]}, "lang": "en", "id": "1155050498098995200", "text": "RT @giffonifilmfest: Thank you @realamberheard. Your words have been such an inspiration to us. https://t.co/i1kRfUiqOr", "created_at": "2019-07-27T09:41:13.000Z", "public_metrics": {"retweet_count": 10, "reply_count": 0, "like_count": 0, "quote_count": 0}, "author_id": "2284900040", "source": "Twitter for Android", "referenced_tweets": [{"type": "retweeted", "id": "1154744456886849537"}], "quoted_tweet": {"entities": {"urls": [{"start": 224, "end": 247, "url": "https://t.co/RVH8QHsFP2", "expanded_url": "https://twitter.com/realamberheard/status/1154742040875425792/photo/1", "display_url": "pic.twitter.com/RVH8QHsFP2"}], "mentions": [{"start": 36, "end": 52, "username": "giffonifilmfest", "id": "73345146"}]}, "lang": "en", "id": "1154742040875425792", "text": "Thank you for the incredible honor \u2066@giffonifilmfest\u2069 . Crazy that the best +most interesting questions I\u2019ve gotten in a very long time came from the young minds of the attendees (who were all under the age of 20)! Thank u! https://t.co/RVH8QHsFP2", "created_at": "2019-07-26T13:15:31.000Z", "public_metrics": {"retweet_count": 96, "reply_count": 61, "like_count": 1248, "quote_count": 6}, "author_id": "807003567605227520", "source": "Twitter for iPad", "author": {"location": "Los Angeles, CA", "profile_image_url": "https://pbs.twimg.com/profile_images/1383196364792680448/N8CdupEu_normal.jpg", "id": "807003567605227520", "name": "Amber Heard", "created_at": "2016-12-08T23:26:58.000Z", "username": "realamberheard", "url": "https://t.co/Ze18Ek9SOI", "description": "Actor and Activist, semi-professional disruptor, ice cream advocate and shameless teacup yorkie-lover", "public_metrics": {"followers_count": 190338, "following_count": 220, "tweet_count": 1149, "listed_count": 567}}}, "author": {"location": "\ud83c\udf08 Filipinas", "profile_image_url": "https://pbs.twimg.com/profile_images/1460300333369143296/9Xp17M5r_normal.jpg", "id": "2284900040", "name": "k.", "created_at": "2014-01-10T10:48:52.000Z", "username": "thykimdom", "url": "", "description": "bi. peculiar. nihilism.\nuno x mingming \u2764", "public_metrics": {"followers_count": 822, "following_count": 335, "tweet_count": 80975, "listed_count": 17}}}, {"entities": {"urls": [{"start": 96, "end": 119, "url": "https://t.co/i1kRfUiqOr", "expanded_url": "https://twitter.com/realamberheard/status/1154742040875425792", "display_url": "twitter.com/realamberheard\u2026"}], "mentions": [{"start": 3, "end": 19, "username": "giffonifilmfest", "id": "73345146"}, {"start": 31, "end": 46, "username": "realamberheard", "id": "807003567605227520"}]}, "lang": "en", "id": "1155013695115878401", "text": "RT @giffonifilmfest: Thank you @realamberheard. Your words have been such an inspiration to us. https://t.co/i1kRfUiqOr", "created_at": "2019-07-27T07:14:58.000Z", "public_metrics": {"retweet_count": 10, "reply_count": 0, "like_count": 0, "quote_count": 0}, "author_id": "3919740867", "source": "Twitter for iPhone", "referenced_tweets": [{"type": "retweeted", "id": "1154744456886849537"}], "quoted_tweet": {"entities": {"urls": [{"start": 224, "end": 247, "url": "https://t.co/RVH8QHsFP2", "expanded_url": "https://twitter.com/realamberheard/status/1154742040875425792/photo/1", "display_url": "pic.twitter.com/RVH8QHsFP2"}], "mentions": [{"start": 36, "end": 52, "username": "giffonifilmfest", "id": "73345146"}]}, "lang": "en", "id": "1154742040875425792", "text": "Thank you for the incredible honor \u2066@giffonifilmfest\u2069 . Crazy that the best +most interesting questions I\u2019ve gotten in a very long time came from the young minds of the attendees (who were all under the age of 20)! Thank u! https://t.co/RVH8QHsFP2", "created_at": "2019-07-26T13:15:31.000Z", "public_metrics": {"retweet_count": 96, "reply_count": 61, "like_count": 1248, "quote_count": 6}, "author_id": "807003567605227520", "source": "Twitter for iPad", "author": {"location": "Los Angeles, CA", "profile_image_url": "https://pbs.twimg.com/profile_images/1383196364792680448/N8CdupEu_normal.jpg", "id": "807003567605227520", "name": "Amber Heard", "created_at": "2016-12-08T23:26:58.000Z", "username": "realamberheard", "url": "https://t.co/Ze18Ek9SOI", "description": "Actor and Activist, semi-professional disruptor, ice cream advocate and shameless teacup yorkie-lover", "public_metrics": {"followers_count": 190338, "following_count": 220, "tweet_count": 1149, "listed_count": 567}}}, "author": {"profile_image_url": "https://pbs.twimg.com/profile_images/1318169449468514305/fPEsSXdl_normal.jpg", "id": "3919740867", "name": "Amber Heard Source", "created_at": "2015-10-10T16:21:10.000Z", "username": "amberheardsourc", "url": "https://t.co/BSavZg4DeP", "description": "Source dedicated to the gorgeous and talented Texan actress and activist @realamberheard. Online since 2015. \ud83c\uddee\ud83c\uddf9 #WeAreWithYouAmberHeard", "public_metrics": {"followers_count": 3882, "following_count": 89, "tweet_count": 13297, "listed_count": 0}}}, {"entities": {"urls": [{"start": 96, "end": 119, "url": "https://t.co/i1kRfUiqOr", "expanded_url": "https://twitter.com/realamberheard/status/1154742040875425792", "display_url": "twitter.com/realamberheard\u2026"}], "mentions": [{"start": 3, "end": 19, "username": "giffonifilmfest", "id": "73345146"}, {"start": 31, "end": 46, "username": "realamberheard", "id": "807003567605227520"}]}, "lang": "en", "id": "1154989957884387328", "text": "RT @giffonifilmfest: Thank you @realamberheard. Your words have been such an inspiration to us. https://t.co/i1kRfUiqOr", "created_at": "2019-07-27T05:40:39.000Z", "public_metrics": {"retweet_count": 10, "reply_count": 0, "like_count": 0, "quote_count": 0}, "author_id": "79199888", "source": "Twitter for Android", "referenced_tweets": [{"type": "retweeted", "id": "1154744456886849537"}], "quoted_tweet": {"entities": {"urls": [{"start": 224, "end": 247, "url": "https://t.co/RVH8QHsFP2", "expanded_url": "https://twitter.com/realamberheard/status/1154742040875425792/photo/1", "display_url": "pic.twitter.com/RVH8QHsFP2"}], "mentions": [{"start": 36, "end": 52, "username": "giffonifilmfest", "id": "73345146"}]}, "lang": "en", "id": "1154742040875425792", "text": "Thank you for the incredible honor \u2066@giffonifilmfest\u2069 . Crazy that the best +most interesting questions I\u2019ve gotten in a very long time came from the young minds of the attendees (who were all under the age of 20)! Thank u! https://t.co/RVH8QHsFP2", "created_at": "2019-07-26T13:15:31.000Z", "public_metrics": {"retweet_count": 96, "reply_count": 61, "like_count": 1248, "quote_count": 6}, "author_id": "807003567605227520", "source": "Twitter for iPad", "author": {"location": "Los Angeles, CA", "profile_image_url": "https://pbs.twimg.com/profile_images/1383196364792680448/N8CdupEu_normal.jpg", "id": "807003567605227520", "name": "Amber Heard", "created_at": "2016-12-08T23:26:58.000Z", "username": "realamberheard", "url": "https://t.co/Ze18Ek9SOI", "description": "Actor and Activist, semi-professional disruptor, ice cream advocate and shameless teacup yorkie-lover", "public_metrics": {"followers_count": 190338, "following_count": 220, "tweet_count": 1149, "listed_count": 567}}}, "author": {"location": "Since 2009", "profile_image_url": "https://pbs.twimg.com/profile_images/1412490122365374481/EAftEZpa_normal.jpg", "id": "79199888", "name": "Amber Heard Italia Fans", "created_at": "2009-10-02T14:50:54.000Z", "username": "AmberHeardIT", "url": "https://t.co/w3BraCgc4s", "description": "First  Italian FANPAGE dedicated to @realamberheard. Follow us for the latest updates, pictures and news! On Amber Heard Italia, u HEARD it first \ud83c\uddee\ud83c\uddf9", "public_metrics": {"followers_count": 7227, "following_count": 345, "tweet_count": 39188, "listed_count": 34}}}, {"entities": {"urls": [{"start": 96, "end": 119, "url": "https://t.co/i1kRfUiqOr", "expanded_url": "https://twitter.com/realamberheard/status/1154742040875425792", "display_url": "twitter.com/realamberheard\u2026"}], "mentions": [{"start": 3, "end": 19, "username": "giffonifilmfest", "id": "73345146"}, {"start": 31, "end": 46, "username": "realamberheard", "id": "807003567605227520"}]}, "lang": "en", "id": "1154964833089019904", "text": "RT @giffonifilmfest: Thank you @realamberheard. Your words have been such an inspiration to us. https://t.co/i1kRfUiqOr", "created_at": "2019-07-27T04:00:49.000Z", "public_metrics": {"retweet_count": 10, "reply_count": 0, "like_count": 0, "quote_count": 0}, "author_id": "4396120342", "source": "Twitter for Android", "referenced_tweets": [{"type": "retweeted", "id": "1154744456886849537"}], "quoted_tweet": {"entities": {"urls": [{"start": 224, "end": 247, "url": "https://t.co/RVH8QHsFP2", "expanded_url": "https://twitter.com/realamberheard/status/1154742040875425792/photo/1", "display_url": "pic.twitter.com/RVH8QHsFP2"}], "mentions": [{"start": 36, "end": 52, "username": "giffonifilmfest", "id": "73345146"}]}, "lang": "en", "id": "1154742040875425792", "text": "Thank you for the incredible honor \u2066@giffonifilmfest\u2069 . Crazy that the best +most interesting questions I\u2019ve gotten in a very long time came from the young minds of the attendees (who were all under the age of 20)! Thank u! https://t.co/RVH8QHsFP2", "created_at": "2019-07-26T13:15:31.000Z", "public_metrics": {"retweet_count": 96, "reply_count": 61, "like_count": 1248, "quote_count": 6}, "author_id": "807003567605227520", "source": "Twitter for iPad", "author": {"location": "Los Angeles, CA", "profile_image_url": "https://pbs.twimg.com/profile_images/1383196364792680448/N8CdupEu_normal.jpg", "id": "807003567605227520", "name": "Amber Heard", "created_at": "2016-12-08T23:26:58.000Z", "username": "realamberheard", "url": "https://t.co/Ze18Ek9SOI", "description": "Actor and Activist, semi-professional disruptor, ice cream advocate and shameless teacup yorkie-lover", "public_metrics": {"followers_count": 190338, "following_count": 220, "tweet_count": 1149, "listed_count": 567}}}, "author": {"profile_image_url": "https://pbs.twimg.com/profile_images/1378175478478082050/UKLiQPuk_normal.jpg", "id": "4396120342", "name": "STIRGUS SACCHETTI", "created_at": "2015-12-06T17:21:06.000Z", "username": "stirgussa", "url": "", "description": "Only two things are infinite, the universe and human stupidity, and I'm not sure about the former. - Albert Einstein and Me!", "public_metrics": {"followers_count": 677, "following_count": 296, "tweet_count": 58564, "listed_count": 23}}}, {"entities": {"urls": [{"start": 217, "end": 240, "url": "https://t.co/jcNlNryt1B", "expanded_url": "https://twitter.com/realamberheard/status/1154742040875425792", "display_url": "twitter.com/realamberheard\u2026"}]}, "lang": "en", "id": "1154872459574702080", "text": "I'm just so happy for you, that award is well-deserved and I just wish you many more awards to come; as well as all the happiness/joy, love, and success in the world. I'm so proud of you and I love you so much!\ud83c\udfc6\ud83c\udf1f\ud83d\udc96\ud83d\ude0d\ud83d\udc4f\ud83d\ude4c https://t.co/jcNlNryt1B", "created_at": "2019-07-26T21:53:45.000Z", "public_metrics": {"retweet_count": 0, "reply_count": 0, "like_count": 0, "quote_count": 0}, "author_id": "3216078659", "source": "Twitter Web App", "referenced_tweets": [{"type": "quoted", "id": "1154742040875425792"}], "quoted_tweet": {"entities": {"urls": [{"start": 224, "end": 247, "url": "https://t.co/RVH8QHsFP2", "expanded_url": "https://twitter.com/realamberheard/status/1154742040875425792/photo/1", "display_url": "pic.twitter.com/RVH8QHsFP2"}], "mentions": [{"start": 36, "end": 52, "username": "giffonifilmfest", "id": "73345146"}]}, "lang": "en", "id": "1154742040875425792", "text": "Thank you for the incredible honor \u2066@giffonifilmfest\u2069 . Crazy that the best +most interesting questions I\u2019ve gotten in a very long time came from the young minds of the attendees (who were all under the age of 20)! Thank u! https://t.co/RVH8QHsFP2", "created_at": "2019-07-26T13:15:31.000Z", "public_metrics": {"retweet_count": 96, "reply_count": 61, "like_count": 1248, "quote_count": 6}, "author_id": "807003567605227520", "source": "Twitter for iPad", "author": {"location": "Los Angeles, CA", "profile_image_url": "https://pbs.twimg.com/profile_images/1383196364792680448/N8CdupEu_normal.jpg", "id": "807003567605227520", "name": "Amber Heard", "created_at": "2016-12-08T23:26:58.000Z", "username": "realamberheard", "url": "https://t.co/Ze18Ek9SOI", "description": "Actor and Activist, semi-professional disruptor, ice cream advocate and shameless teacup yorkie-lover", "public_metrics": {"followers_count": 190338, "following_count": 220, "tweet_count": 1149, "listed_count": 567}}}, "author": {"profile_image_url": "https://pbs.twimg.com/profile_images/1501219816522219520/SQVX3N2b_normal.jpg", "id": "3216078659", "name": "GGCIR8991", "created_at": "2015-04-28T07:17:35.000Z", "username": "GGCIR8991", "url": "", "description": "On the internet, you can be pretty much anything you want, it's just kinda weird that so many people choose to be idiots and assholes", "public_metrics": {"followers_count": 1465, "following_count": 1323, "tweet_count": 163095, "listed_count": 17}}}, {"entities": {"urls": [{"start": 96, "end": 119, "url": "https://t.co/i1kRfUiqOr", "expanded_url": "https://twitter.com/realamberheard/status/1154742040875425792", "display_url": "twitter.com/realamberheard\u2026"}], "mentions": [{"start": 3, "end": 19, "username": "giffonifilmfest", "id": "73345146"}, {"start": 31, "end": 46, "username": "realamberheard", "id": "807003567605227520"}]}, "lang": "en", "id": "1154790496327405574", "text": "RT @giffonifilmfest: Thank you @realamberheard. Your words have been such an inspiration to us. https://t.co/i1kRfUiqOr", "created_at": "2019-07-26T16:28:03.000Z", "public_metrics": {"retweet_count": 10, "reply_count": 0, "like_count": 0, "quote_count": 0}, "author_id": "264184535", "source": "Twitter for Android", "referenced_tweets": [{"type": "retweeted", "id": "1154744456886849537"}], "quoted_tweet": {"entities": {"urls": [{"start": 224, "end": 247, "url": "https://t.co/RVH8QHsFP2", "expanded_url": "https://twitter.com/realamberheard/status/1154742040875425792/photo/1", "display_url": "pic.twitter.com/RVH8QHsFP2"}], "mentions": [{"start": 36, "end": 52, "username": "giffonifilmfest", "id": "73345146"}]}, "lang": "en", "id": "1154742040875425792", "text": "Thank you for the incredible honor \u2066@giffonifilmfest\u2069 . Crazy that the best +most interesting questions I\u2019ve gotten in a very long time came from the young minds of the attendees (who were all under the age of 20)! Thank u! https://t.co/RVH8QHsFP2", "created_at": "2019-07-26T13:15:31.000Z", "public_metrics": {"retweet_count": 96, "reply_count": 61, "like_count": 1248, "quote_count": 6}, "author_id": "807003567605227520", "source": "Twitter for iPad", "author": {"location": "Los Angeles, CA", "profile_image_url": "https://pbs.twimg.com/profile_images/1383196364792680448/N8CdupEu_normal.jpg", "id": "807003567605227520", "name": "Amber Heard", "created_at": "2016-12-08T23:26:58.000Z", "username": "realamberheard", "url": "https://t.co/Ze18Ek9SOI", "description": "Actor and Activist, semi-professional disruptor, ice cream advocate and shameless teacup yorkie-lover", "public_metrics": {"followers_count": 190338, "following_count": 220, "tweet_count": 1149, "listed_count": 567}}}, "author": {"profile_image_url": "https://pbs.twimg.com/profile_images/1383759431725240320/GW65E-Fr_normal.jpg", "id": "264184535", "name": "Gary S \ud83c\uddec\ud83c\udde7 \ud83c\udff4\udb40\udc67\udb40\udc62\udb40\udc65\udb40\udc6e\udb40\udc67\udb40\udc7f", "created_at": "2011-03-11T13:46:29.000Z", "username": "BADWOLF765", "url": "", "description": "I don't have everything I want but I've have everything I need. Thanks for an amazing family. living in the most beautiful part of the UK \ud83c\udff4\udb40\udc67\udb40\udc62\udb40\udc77\udb40\udc6c\udb40\udc73\udb40\udc7f", "public_metrics": {"followers_count": 457, "following_count": 796, "tweet_count": 4529, "listed_count": 3}}}, {"entities": {"urls": [{"start": 190, "end": 213, "url": "https://t.co/O6sFzvJCgB", "expanded_url": "https://twitter.com/piscesdepphead/status/1154780126384721925/photo/1", "display_url": "pic.twitter.com/O6sFzvJCgB"}, {"start": 214, "end": 237, "url": "https://t.co/h8mJllmNfs", "expanded_url": "https://twitter.com/realamberheard/status/1154742040875425792", "display_url": "twitter.com/realamberheard\u2026"}], "hashtags": [{"start": 146, "end": 167, "tag": "AmberHeardIsAnAbuser"}, {"start": 168, "end": 189, "tag": "JohnnyDeppisINNOCENT"}]}, "lang": "en", "id": "1154780126384721925", "text": "I'm gonna let my hero talk for me, cause I feel quite insulted by the fact that she thinks someone under 20 (like me) can't ask good questions :\n\n#AmberHeardIsAnAbuser\n#JohnnyDeppisINNOCENT https://t.co/O6sFzvJCgB https://t.co/h8mJllmNfs", "created_at": "2019-07-26T15:46:51.000Z", "public_metrics": {"retweet_count": 0, "reply_count": 0, "like_count": 4, "quote_count": 0}, "author_id": "4372804715", "source": "Twitter for Android", "referenced_tweets": [{"type": "quoted", "id": "1154742040875425792"}], "quoted_tweet": {"entities": {"urls": [{"start": 224, "end": 247, "url": "https://t.co/RVH8QHsFP2", "expanded_url": "https://twitter.com/realamberheard/status/1154742040875425792/photo/1", "display_url": "pic.twitter.com/RVH8QHsFP2"}], "mentions": [{"start": 36, "end": 52, "username": "giffonifilmfest", "id": "73345146"}]}, "lang": "en", "id": "1154742040875425792", "text": "Thank you for the incredible honor \u2066@giffonifilmfest\u2069 . Crazy that the best +most interesting questions I\u2019ve gotten in a very long time came from the young minds of the attendees (who were all under the age of 20)! Thank u! https://t.co/RVH8QHsFP2", "created_at": "2019-07-26T13:15:31.000Z", "public_metrics": {"retweet_count": 96, "reply_count": 61, "like_count": 1248, "quote_count": 6}, "author_id": "807003567605227520", "source": "Twitter for iPad", "author": {"location": "Los Angeles, CA", "profile_image_url": "https://pbs.twimg.com/profile_images/1383196364792680448/N8CdupEu_normal.jpg", "id": "807003567605227520", "name": "Amber Heard", "created_at": "2016-12-08T23:26:58.000Z", "username": "realamberheard", "url": "https://t.co/Ze18Ek9SOI", "description": "Actor and Activist, semi-professional disruptor, ice cream advocate and shameless teacup yorkie-lover", "public_metrics": {"followers_count": 190338, "following_count": 220, "tweet_count": 1149, "listed_count": 567}}}, "author": {"location": "derry, maine \ud83c\udf88 | ambrose \ud83d\udd6f\ufe0f.", "profile_image_url": "https://pbs.twimg.com/profile_images/1505871453081808899/2d3dDjLD_normal.jpg", "id": "4372804715", "name": "hurricane", "created_at": "2015-12-04T14:09:19.000Z", "username": "lyli_kenobi", "url": "", "description": "#kirstycotton: you got a ticket to hell? \ud83d\udd25\ud83d\udc79 | multifandom | tweets about horror | Lydia, 22 (she/her) bi \ud83c\udff3\ufe0f\u200d\ud83c\udf08 | spanish | priv account \ud83d\udc49\ud83c\udffb @sxtanicpanic \ud83d\udc7b", "public_metrics": {"followers_count": 520, "following_count": 417, "tweet_count": 24928, "listed_count": 12}}}, {"entities": {"urls": [{"start": 96, "end": 119, "url": "https://t.co/i1kRfUiqOr", "expanded_url": "https://twitter.com/realamberheard/status/1154742040875425792", "display_url": "twitter.com/realamberheard\u2026"}], "mentions": [{"start": 3, "end": 19, "username": "giffonifilmfest", "id": "73345146"}, {"start": 31, "end": 46, "username": "realamberheard", "id": "807003567605227520"}]}, "lang": "en", "id": "1154746796725477376", "text": "RT @giffonifilmfest: Thank you @realamberheard. Your words have been such an inspiration to us. https://t.co/i1kRfUiqOr", "created_at": "2019-07-26T13:34:25.000Z", "public_metrics": {"retweet_count": 10, "reply_count": 0, "like_count": 0, "quote_count": 0}, "author_id": "362114915", "source": "Twitter for Android", "referenced_tweets": [{"type": "retweeted", "id": "1154744456886849537"}], "quoted_tweet": {"entities": {"urls": [{"start": 224, "end": 247, "url": "https://t.co/RVH8QHsFP2", "expanded_url": "https://twitter.com/realamberheard/status/1154742040875425792/photo/1", "display_url": "pic.twitter.com/RVH8QHsFP2"}], "mentions": [{"start": 36, "end": 52, "username": "giffonifilmfest", "id": "73345146"}]}, "lang": "en", "id": "1154742040875425792", "text": "Thank you for the incredible honor \u2066@giffonifilmfest\u2069 . Crazy that the best +most interesting questions I\u2019ve gotten in a very long time came from the young minds of the attendees (who were all under the age of 20)! Thank u! https://t.co/RVH8QHsFP2", "created_at": "2019-07-26T13:15:31.000Z", "public_metrics": {"retweet_count": 96, "reply_count": 61, "like_count": 1248, "quote_count": 6}, "author_id": "807003567605227520", "source": "Twitter for iPad", "author": {"location": "Los Angeles, CA", "profile_image_url": "https://pbs.twimg.com/profile_images/1383196364792680448/N8CdupEu_normal.jpg", "id": "807003567605227520", "name": "Amber Heard", "created_at": "2016-12-08T23:26:58.000Z", "username": "realamberheard", "url": "https://t.co/Ze18Ek9SOI", "description": "Actor and Activist, semi-professional disruptor, ice cream advocate and shameless teacup yorkie-lover", "public_metrics": {"followers_count": 190338, "following_count": 220, "tweet_count": 1149, "listed_count": 567}}}, "author": {"location": "Themyscira ", "profile_image_url": "https://pbs.twimg.com/profile_images/1462125019992100865/uj13pzr2_normal.png", "id": "362114915", "name": "simona \u30df\u2606", "created_at": "2011-08-25T21:43:11.000Z", "username": "batofgothams", "url": "https://t.co/6mZanFSnbz", "description": "what I do is not up to you", "public_metrics": {"followers_count": 3637, "following_count": 162, "tweet_count": 103255, "listed_count": 0}}}, {"entities": {"urls": [{"start": 96, "end": 119, "url": "https://t.co/i1kRfUiqOr", "expanded_url": "https://twitter.com/realamberheard/status/1154742040875425792", "display_url": "twitter.com/realamberheard\u2026"}], "mentions": [{"start": 3, "end": 19, "username": "giffonifilmfest", "id": "73345146"}, {"start": 31, "end": 46, "username": "realamberheard", "id": "807003567605227520"}]}, "lang": "en", "id": "1154745626195845123", "text": "RT @giffonifilmfest: Thank you @realamberheard. Your words have been such an inspiration to us. https://t.co/i1kRfUiqOr", "created_at": "2019-07-26T13:29:46.000Z", "public_metrics": {"retweet_count": 10, "reply_count": 0, "like_count": 0, "quote_count": 0}, "author_id": "785148392498421760", "source": "Twitter for Android", "referenced_tweets": [{"type": "retweeted", "id": "1154744456886849537"}], "quoted_tweet": {"entities": {"urls": [{"start": 224, "end": 247, "url": "https://t.co/RVH8QHsFP2", "expanded_url": "https://twitter.com/realamberheard/status/1154742040875425792/photo/1", "display_url": "pic.twitter.com/RVH8QHsFP2"}], "mentions": [{"start": 36, "end": 52, "username": "giffonifilmfest", "id": "73345146"}]}, "lang": "en", "id": "1154742040875425792", "text": "Thank you for the incredible honor \u2066@giffonifilmfest\u2069 . Crazy that the best +most interesting questions I\u2019ve gotten in a very long time came from the young minds of the attendees (who were all under the age of 20)! Thank u! https://t.co/RVH8QHsFP2", "created_at": "2019-07-26T13:15:31.000Z", "public_metrics": {"retweet_count": 96, "reply_count": 61, "like_count": 1248, "quote_count": 6}, "author_id": "807003567605227520", "source": "Twitter for iPad", "author": {"location": "Los Angeles, CA", "profile_image_url": "https://pbs.twimg.com/profile_images/1383196364792680448/N8CdupEu_normal.jpg", "id": "807003567605227520", "name": "Amber Heard", "created_at": "2016-12-08T23:26:58.000Z", "username": "realamberheard", "url": "https://t.co/Ze18Ek9SOI", "description": "Actor and Activist, semi-professional disruptor, ice cream advocate and shameless teacup yorkie-lover", "public_metrics": {"followers_count": 190338, "following_count": 220, "tweet_count": 1149, "listed_count": 567}}}, "author": {"location": "Bordeaux, France", "profile_image_url": "https://pbs.twimg.com/profile_images/1138826096386936837/71Iwj2dh_normal.jpg", "id": "785148392498421760", "name": "Cora Melodie", "created_at": "2016-10-09T16:02:18.000Z", "username": "CoraMelodie", "url": "", "description": "Actress/Producer & UNHCR Special Envoy #AngelinaJolie | Actress, Activist & Human Rights Champion @realamberheard | @JeniferOfficiel \n\n#IStandWithYouAmberHeard", "public_metrics": {"followers_count": 735, "following_count": 720, "tweet_count": 49331, "listed_count": 28}}}, {"entities": {"urls": [{"start": 75, "end": 98, "url": "https://t.co/i1kRfUiqOr", "expanded_url": "https://twitter.com/realamberheard/status/1154742040875425792", "display_url": "twitter.com/realamberheard\u2026"}], "mentions": [{"start": 10, "end": 25, "username": "realamberheard", "id": "807003567605227520"}]}, "lang": "en", "id": "1154744456886849537", "text": "Thank you @realamberheard. Your words have been such an inspiration to us. https://t.co/i1kRfUiqOr", "created_at": "2019-07-26T13:25:07.000Z", "public_metrics": {"retweet_count": 10, "reply_count": 10, "like_count": 39, "quote_count": 2}, "author_id": "73345146", "source": "Twitter for Android", "referenced_tweets": [{"type": "quoted", "id": "1154742040875425792"}], "quoted_tweet": {"entities": {"urls": [{"start": 224, "end": 247, "url": "https://t.co/RVH8QHsFP2", "expanded_url": "https://twitter.com/realamberheard/status/1154742040875425792/photo/1", "display_url": "pic.twitter.com/RVH8QHsFP2"}], "mentions": [{"start": 36, "end": 52, "username": "giffonifilmfest", "id": "73345146"}]}, "lang": "en", "id": "1154742040875425792", "text": "Thank you for the incredible honor \u2066@giffonifilmfest\u2069 . Crazy that the best +most interesting questions I\u2019ve gotten in a very long time came from the young minds of the attendees (who were all under the age of 20)! Thank u! https://t.co/RVH8QHsFP2", "created_at": "2019-07-26T13:15:31.000Z", "public_metrics": {"retweet_count": 96, "reply_count": 61, "like_count": 1248, "quote_count": 6}, "author_id": "807003567605227520", "source": "Twitter for iPad", "author": {"location": "Los Angeles, CA", "profile_image_url": "https://pbs.twimg.com/profile_images/1383196364792680448/N8CdupEu_normal.jpg", "id": "807003567605227520", "name": "Amber Heard", "created_at": "2016-12-08T23:26:58.000Z", "username": "realamberheard", "url": "https://t.co/Ze18Ek9SOI", "description": "Actor and Activist, semi-professional disruptor, ice cream advocate and shameless teacup yorkie-lover", "public_metrics": {"followers_count": 190338, "following_count": 220, "tweet_count": 1149, "listed_count": 567}}}, "author": {"location": "instagram @giffoni_experience", "profile_image_url": "https://pbs.twimg.com/profile_images/1455157721456590858/cBSeK9aC_normal.jpg", "id": "73345146", "name": "Giffoni", "created_at": "2009-09-11T09:04:55.000Z", "username": "giffonifilmfest", "url": "https://t.co/y4gN0WGnWk", "description": "improving the world \u2728 #Giffoni2022 21 \u2022 30 July 2022 \ud83c\udfac\ud83c\udfb6\u2b50\ufe0f\ud83d\udca1\ud83d\udcf1\ud83c\udf0d  More than a festival", "public_metrics": {"followers_count": 46494, "following_count": 184, "tweet_count": 10575, "listed_count": 182}}}, {"entities": {"urls": [{"start": 110, "end": 133, "url": "https://t.co/jcNlNryt1B", "expanded_url": "https://twitter.com/realamberheard/status/1154742040875425792", "display_url": "twitter.com/realamberheard\u2026"}]}, "lang": "en", "id": "1154742542656659457", "text": "I'm so proud of you, that award is simply well-deserved and I just wish you many more like it. I love you!\ud83c\udfc6\ud83c\udf1f\ud83d\udc96 https://t.co/jcNlNryt1B", "created_at": "2019-07-26T13:17:30.000Z", "public_metrics": {"retweet_count": 0, "reply_count": 0, "like_count": 0, "quote_count": 0}, "author_id": "3216078659", "source": "Twitter Web App", "referenced_tweets": [{"type": "quoted", "id": "1154742040875425792"}], "quoted_tweet": {"entities": {"urls": [{"start": 224, "end": 247, "url": "https://t.co/RVH8QHsFP2", "expanded_url": "https://twitter.com/realamberheard/status/1154742040875425792/photo/1", "display_url": "pic.twitter.com/RVH8QHsFP2"}], "mentions": [{"start": 36, "end": 52, "username": "giffonifilmfest", "id": "73345146"}]}, "lang": "en", "id": "1154742040875425792", "text": "Thank you for the incredible honor \u2066@giffonifilmfest\u2069 . Crazy that the best +most interesting questions I\u2019ve gotten in a very long time came from the young minds of the attendees (who were all under the age of 20)! Thank u! https://t.co/RVH8QHsFP2", "created_at": "2019-07-26T13:15:31.000Z", "public_metrics": {"retweet_count": 96, "reply_count": 61, "like_count": 1248, "quote_count": 6}, "author_id": "807003567605227520", "source": "Twitter for iPad", "author": {"location": "Los Angeles, CA", "profile_image_url": "https://pbs.twimg.com/profile_images/1383196364792680448/N8CdupEu_normal.jpg", "id": "807003567605227520", "name": "Amber Heard", "created_at": "2016-12-08T23:26:58.000Z", "username": "realamberheard", "url": "https://t.co/Ze18Ek9SOI", "description": "Actor and Activist, semi-professional disruptor, ice cream advocate and shameless teacup yorkie-lover", "public_metrics": {"followers_count": 190338, "following_count": 220, "tweet_count": 1149, "listed_count": 567}}}, "author": {"profile_image_url": "https://pbs.twimg.com/profile_images/1501219816522219520/SQVX3N2b_normal.jpg", "id": "3216078659", "name": "GGCIR8991", "created_at": "2015-04-28T07:17:35.000Z", "username": "GGCIR8991", "url": "", "description": "On the internet, you can be pretty much anything you want, it's just kinda weird that so many people choose to be idiots and assholes", "public_metrics": {"followers_count": 1465, "following_count": 1323, "tweet_count": 163095, "listed_count": 17}}}]