[{"author_id": "3216078659", "entities": {"annotations": [{"start": 63, "end": 66, "probability": 0.5064, "type": "Person", "normalized_text": "Mera"}], "urls": [{"start": 74, "end": 97, "url": "https://t.co/pPscxXS9Cc", "expanded_url": "https://twitter.com/realamberheard/status/1158922798208901120", "display_url": "twitter.com/realamberheard\u2026"}]}, "lang": "en", "source": "Twitter Web App", "referenced_tweets": [{"type": "quoted", "id": "1158922798208901120"}], "created_at": "2019-08-07T09:22:23.000Z", "text": "Do you know that you just look absolutely stunning and slay as Mera?!\ud83c\udf1f\ud83d\udc96\ud83d\ude0d\ud83c\udf0a https://t.co/pPscxXS9Cc", "id": "1159032026562830336", "public_metrics": {"retweet_count": 0, "reply_count": 0, "like_count": 0, "quote_count": 0}, "quoted_tweet": {"author_id": "807003567605227520", "lang": "en", "source": "Twitter for iPhone", "entities": {"urls": [{"start": 30, "end": 53, "url": "https://t.co/J24JjC3YBk", "expanded_url": "https://twitter.com/nfergus/status/1157834106320744448", "display_url": "twitter.com/nfergus/status\u2026"}]}, "referenced_tweets": [{"type": "quoted", "id": "1157834106320744448"}], "created_at": "2019-08-07T02:08:21.000Z", "text": "Reciprocal completion, it is! https://t.co/J24JjC3YBk", "id": "1158922798208901120", "public_metrics": {"retweet_count": 15, "reply_count": 20, "like_count": 281, "quote_count": 1}, "author": {"username": "realamberheard", "created_at": "2016-12-08T23:26:58.000Z", "profile_image_url": "https://pbs.twimg.com/profile_images/1383196364792680448/N8CdupEu_normal.jpg", "name": "Amber Heard", "public_metrics": {"followers_count": 190338, "following_count": 220, "tweet_count": 1149, "listed_count": 567}, "description": "Actor and Activist, semi-professional disruptor, ice cream advocate and shameless teacup yorkie-lover", "id": "807003567605227520", "url": "https://t.co/Ze18Ek9SOI", "location": "Los Angeles, CA"}}, "author": {"username": "GGCIR8991", "created_at": "2015-04-28T07:17:35.000Z", "profile_image_url": "https://pbs.twimg.com/profile_images/1501219816522219520/SQVX3N2b_normal.jpg", "name": "GGCIR8991", "public_metrics": {"followers_count": 1465, "following_count": 1323, "tweet_count": 163095, "listed_count": 17}, "description": "On the internet, you can be pretty much anything you want, it's just kinda weird that so many people choose to be idiots and assholes", "id": "3216078659", "url": ""}}]