[{"public_metrics": {"retweet_count": 0, "reply_count": 0, "like_count": 0, "quote_count": 0}, "author_id": "3064671053", "lang": "en", "source": "Twitter Web App", "created_at": "2019-09-05T01:39:29.000Z", "referenced_tweets": [{"type": "quoted", "id": "1159221083477876736"}], "id": "1169424780082253826", "entities": {"urls": [{"start": 49, "end": 72, "url": "https://t.co/1a0G8380gX", "expanded_url": "https://twitter.com/realamberheard/status/1159221083477876736", "display_url": "twitter.com/realamberheard\u2026"}]}, "text": "Epic comedy movie, the breakup scene is awesome! https://t.co/1a0G8380gX", "quoted_tweet": {"public_metrics": {"retweet_count": 13, "reply_count": 31, "like_count": 218, "quote_count": 4}, "author_id": "807003567605227520", "lang": "en", "source": "Twitter for iPhone", "created_at": "2019-08-07T21:53:38.000Z", "id": "1159221083477876736", "entities": {"urls": [{"start": 60, "end": 83, "url": "https://t.co/V7BbeYzZAL", "expanded_url": "https://twitter.com/flikflix/status/1158623048204877824", "display_url": "twitter.com/flikflix/statu\u2026"}], "hashtags": [{"start": 32, "end": 49, "tag": "PineappleExpress"}]}, "text": "Wow, how 11 years can fly...... #PineappleExpress lives on! https://t.co/V7BbeYzZAL", "author": {"name": "Amber Heard", "profile_image_url": "https://pbs.twimg.com/profile_images/1383196364792680448/N8CdupEu_normal.jpg", "created_at": "2016-12-08T23:26:58.000Z", "description": "Actor and Activist, semi-professional disruptor, ice cream advocate and shameless teacup yorkie-lover", "public_metrics": {"followers_count": 190338, "following_count": 220, "tweet_count": 1149, "listed_count": 567}, "location": "Los Angeles, CA", "id": "807003567605227520", "username": "realamberheard", "url": "https://t.co/Ze18Ek9SOI"}}, "author": {"name": "Luis Landa", "profile_image_url": "https://pbs.twimg.com/profile_images/742949121938575361/2gdO8v7e_normal.jpg", "created_at": "2015-02-28T02:54:54.000Z", "description": "I'm a huge fan of the Washington Commanders , I also like the soap DOOL and Amber Heard fan too.", "public_metrics": {"followers_count": 697, "following_count": 1826, "tweet_count": 79001, "listed_count": 18}, "location": "Maryland, USA", "id": "3064671053", "username": "1570_landa", "url": ""}}, {"public_metrics": {"retweet_count": 0, "reply_count": 0, "like_count": 2, "quote_count": 0}, "author_id": "4372804715", "lang": "en", "source": "Twitter for Android", "created_at": "2019-08-09T18:24:15.000Z", "referenced_tweets": [{"type": "quoted", "id": "1159221083477876736"}], "id": "1159893168265060353", "entities": {"urls": [{"start": 75, "end": 98, "url": "https://t.co/FFMGQjujM3", "expanded_url": "https://twitter.com/realamberheard/status/1159221083477876736", "display_url": "twitter.com/realamberheard\u2026"}], "hashtags": [{"start": 53, "end": 74, "tag": "JohnnyDeppIsInnocent"}]}, "text": "Wow, how abusers can still be cast in new movies ... #JohnnyDeppIsInnocent https://t.co/FFMGQjujM3", "quoted_tweet": {"public_metrics": {"retweet_count": 13, "reply_count": 31, "like_count": 218, "quote_count": 4}, "author_id": "807003567605227520", "lang": "en", "source": "Twitter for iPhone", "created_at": "2019-08-07T21:53:38.000Z", "id": "1159221083477876736", "entities": {"urls": [{"start": 60, "end": 83, "url": "https://t.co/V7BbeYzZAL", "expanded_url": "https://twitter.com/flikflix/status/1158623048204877824", "display_url": "twitter.com/flikflix/statu\u2026"}], "hashtags": [{"start": 32, "end": 49, "tag": "PineappleExpress"}]}, "text": "Wow, how 11 years can fly...... #PineappleExpress lives on! https://t.co/V7BbeYzZAL", "author": {"name": "Amber Heard", "profile_image_url": "https://pbs.twimg.com/profile_images/1383196364792680448/N8CdupEu_normal.jpg", "created_at": "2016-12-08T23:26:58.000Z", "description": "Actor and Activist, semi-professional disruptor, ice cream advocate and shameless teacup yorkie-lover", "public_metrics": {"followers_count": 190338, "following_count": 220, "tweet_count": 1149, "listed_count": 567}, "location": "Los Angeles, CA", "id": "807003567605227520", "username": "realamberheard", "url": "https://t.co/Ze18Ek9SOI"}}, "author": {"name": "hurricane", "profile_image_url": "https://pbs.twimg.com/profile_images/1505871453081808899/2d3dDjLD_normal.jpg", "created_at": "2015-12-04T14:09:19.000Z", "description": "#kirstycotton: you got a ticket to hell? \ud83d\udd25\ud83d\udc79 | multifandom | tweets about horror | Lydia, 22 (she/her) bi \ud83c\udff3\ufe0f\u200d\ud83c\udf08 | spanish | priv account \ud83d\udc49\ud83c\udffb @sxtanicpanic \ud83d\udc7b", "public_metrics": {"followers_count": 520, "following_count": 417, "tweet_count": 24928, "listed_count": 12}, "location": "derry, maine \ud83c\udf88 | ambrose \ud83d\udd6f\ufe0f.", "id": "4372804715", "username": "lyli_kenobi", "url": ""}}, {"public_metrics": {"retweet_count": 0, "reply_count": 0, "like_count": 0, "quote_count": 0}, "author_id": "3216078659", "lang": "en", "source": "Twitter Web App", "created_at": "2019-08-08T00:27:08.000Z", "referenced_tweets": [{"type": "quoted", "id": "1159221083477876736"}], "id": "1159259714338734080", "entities": {"urls": [{"start": 67, "end": 90, "url": "https://t.co/RBr4mKcKYP", "expanded_url": "https://twitter.com/realamberheard/status/1159221083477876736", "display_url": "twitter.com/realamberheard\u2026"}]}, "text": "One of the funniest comedies of the year 2008, I love that movie!\ud83d\udc96 https://t.co/RBr4mKcKYP", "quoted_tweet": {"public_metrics": {"retweet_count": 13, "reply_count": 31, "like_count": 218, "quote_count": 4}, "author_id": "807003567605227520", "lang": "en", "source": "Twitter for iPhone", "created_at": "2019-08-07T21:53:38.000Z", "id": "1159221083477876736", "entities": {"urls": [{"start": 60, "end": 83, "url": "https://t.co/V7BbeYzZAL", "expanded_url": "https://twitter.com/flikflix/status/1158623048204877824", "display_url": "twitter.com/flikflix/statu\u2026"}], "hashtags": [{"start": 32, "end": 49, "tag": "PineappleExpress"}]}, "text": "Wow, how 11 years can fly...... #PineappleExpress lives on! https://t.co/V7BbeYzZAL", "author": {"name": "Amber Heard", "profile_image_url": "https://pbs.twimg.com/profile_images/1383196364792680448/N8CdupEu_normal.jpg", "created_at": "2016-12-08T23:26:58.000Z", "description": "Actor and Activist, semi-professional disruptor, ice cream advocate and shameless teacup yorkie-lover", "public_metrics": {"followers_count": 190338, "following_count": 220, "tweet_count": 1149, "listed_count": 567}, "location": "Los Angeles, CA", "id": "807003567605227520", "username": "realamberheard", "url": "https://t.co/Ze18Ek9SOI"}}, "author": {"name": "GGCIR8991", "profile_image_url": "https://pbs.twimg.com/profile_images/1501219816522219520/SQVX3N2b_normal.jpg", "created_at": "2015-04-28T07:17:35.000Z", "description": "On the internet, you can be pretty much anything you want, it's just kinda weird that so many people choose to be idiots and assholes", "public_metrics": {"followers_count": 1465, "following_count": 1323, "tweet_count": 163095, "listed_count": 17}, "id": "3216078659", "username": "GGCIR8991", "url": ""}}]