[{"lang": "en", "text": "\"Epstein is gone, but justice must still be served.\" https://t.co/eNBG3VJcMs", "author_id": "3216078659", "id": "1160348914685370368", "entities": {"annotations": [{"start": 1, "end": 7, "probability": 0.9476, "type": "Person", "normalized_text": "Epstein"}], "urls": [{"start": 53, "end": 76, "url": "https://t.co/eNBG3VJcMs", "expanded_url": "https://twitter.com/realamberheard/status/1160323673821196288", "display_url": "twitter.com/realamberheard\u2026"}]}, "created_at": "2019-08-11T00:35:14.000Z", "source": "Twitter Web App", "public_metrics": {"retweet_count": 0, "reply_count": 0, "like_count": 0, "quote_count": 0}, "referenced_tweets": [{"type": "quoted", "id": "1160323673821196288"}], "quoted_tweet": {"lang": "en", "text": "\u201dWe need answers. Lots of them.\u201d What\u2019s known and what\u2019s next after Jeffrey Epstein\u2019s death - The Washington Post https://t.co/vAGhAN51ey", "author_id": "807003567605227520", "id": "1160323673821196288", "entities": {"annotations": [{"start": 68, "end": 82, "probability": 0.9972, "type": "Person", "normalized_text": "Jeffrey Epstein"}, {"start": 94, "end": 112, "probability": 0.6364, "type": "Organization", "normalized_text": "The Washington Post"}], "urls": [{"start": 114, "end": 137, "url": "https://t.co/vAGhAN51ey", "expanded_url": "https://apple.news/AH7Qf8dv6QdmUOp7Qo105ng", "display_url": "apple.news/AH7Qf8dv6QdmUO\u2026", "status": 200, "unwound_url": "https://apple.news/AH7Qf8dv6QdmUOp7Qo105ng"}]}, "created_at": "2019-08-10T22:54:56.000Z", "source": "Twitter for iPhone", "public_metrics": {"retweet_count": 26, "reply_count": 24, "like_count": 265, "quote_count": 5}, "author": {"location": "Los Angeles, CA", "created_at": "2016-12-08T23:26:58.000Z", "id": "807003567605227520", "description": "Actor and Activist, semi-professional disruptor, ice cream advocate and shameless teacup yorkie-lover", "public_metrics": {"followers_count": 190338, "following_count": 220, "tweet_count": 1149, "listed_count": 567}, "username": "realamberheard", "name": "Amber Heard", "url": "https://t.co/Ze18Ek9SOI", "profile_image_url": "https://pbs.twimg.com/profile_images/1383196364792680448/N8CdupEu_normal.jpg"}}, "author": {"created_at": "2015-04-28T07:17:35.000Z", "id": "3216078659", "description": "On the internet, you can be pretty much anything you want, it's just kinda weird that so many people choose to be idiots and assholes", "public_metrics": {"followers_count": 1465, "following_count": 1323, "tweet_count": 163095, "listed_count": 17}, "username": "GGCIR8991", "name": "GGCIR8991", "url": "", "profile_image_url": "https://pbs.twimg.com/profile_images/1501219816522219520/SQVX3N2b_normal.jpg"}}]