[{"entities": {"hashtags": [{"start": 66, "end": 72, "tag": "MeToo"}, {"start": 173, "end": 194, "tag": "amberheardisanabuser"}], "urls": [{"start": 195, "end": 218, "url": "https://t.co/4zzkaeh1MC", "expanded_url": "https://twitter.com/realamberheard/status/1171916959169966082", "display_url": "twitter.com/realamberheard\u2026"}]}, "text": "Why do you need to read it? You already exceptionally scammed the #MeToo movement to fairy accuse a man of abuse to further your own career. How many more tips do you need?\n#amberheardisanabuser https://t.co/4zzkaeh1MC", "lang": "en", "public_metrics": {"retweet_count": 0, "reply_count": 0, "like_count": 1, "quote_count": 0}, "author_id": "1139879876834418688", "created_at": "2019-09-12T21:16:22.000Z", "referenced_tweets": [{"type": "quoted", "id": "1171916959169966082"}], "id": "1172257669920329728", "source": "Twitter for Android", "quoted_tweet": {"text": "So happy this book finally is coming out! I can't wait to read it. Thank u @jodikantor &amp; @mega2e for your tireless dedication to the truth https://t.co/zdfp0jrpRe", "lang": "en", "public_metrics": {"retweet_count": 22, "reply_count": 21, "like_count": 254, "quote_count": 1}, "author_id": "807003567605227520", "created_at": "2019-09-11T22:42:30.000Z", "entities": {"urls": [{"start": 143, "end": 166, "url": "https://t.co/zdfp0jrpRe", "expanded_url": "https://twitter.com/jodikantor/status/1171416299823620098", "display_url": "twitter.com/jodikantor/sta\u2026"}], "mentions": [{"start": 75, "end": 86, "username": "jodikantor", "id": "15891430"}, {"start": 93, "end": 100, "username": "mega2e", "id": "2598231787"}]}, "referenced_tweets": [{"type": "quoted", "id": "1171416299823620098"}], "id": "1171916959169966082", "source": "Twitter Web App", "author": {"url": "https://t.co/Ze18Ek9SOI", "id": "807003567605227520", "public_metrics": {"followers_count": 190338, "following_count": 220, "tweet_count": 1149, "listed_count": 567}, "created_at": "2016-12-08T23:26:58.000Z", "username": "realamberheard", "description": "Actor and Activist, semi-professional disruptor, ice cream advocate and shameless teacup yorkie-lover", "profile_image_url": "https://pbs.twimg.com/profile_images/1383196364792680448/N8CdupEu_normal.jpg", "name": "Amber Heard", "location": "Los Angeles, CA"}}, "author": {"url": "", "id": "1139879876834418688", "public_metrics": {"followers_count": 14, "following_count": 100, "tweet_count": 4047, "listed_count": 0}, "created_at": "2019-06-15T12:58:35.000Z", "username": "EffervescentlyT", "description": "Tired. Angry. Almost 30. The 20's came back and brought all the bullshit with it \ud83c\udf7e\ud83d\ude29", "profile_image_url": "https://pbs.twimg.com/profile_images/1147046938627301377/N_tdYHWz_normal.jpg", "name": "EffervescentlyTired\ud83d\ude34\ud83c\udf0c"}}]