[{"text": "I just think that those who support an organization should not expose themselves in such a way https://t.co/yr3hgjSCeW", "source": "Twitter for Android", "referenced_tweets": [{"type": "quoted", "id": "1173049892521967616"}], "public_metrics": {"retweet_count": 0, "reply_count": 0, "like_count": 0, "quote_count": 0}, "lang": "en", "id": "1175772820405727232", "created_at": "2019-09-22T14:04:19.000Z", "entities": {"urls": [{"start": 95, "end": 118, "url": "https://t.co/yr3hgjSCeW", "expanded_url": "https://twitter.com/realamberheard/status/1173049892521967616", "display_url": "twitter.com/realamberheard\u2026"}]}, "author_id": "1070845686743216128", "quoted_tweet": {"text": "#LaFilletEgo cool cool - love women supporting women!! (Btw-Pls let us know when you\u2019re coming out with your chic new men\u2019s lingerie line) #FreeTheNipp #lafilledo #theDisruptor https://t.co/nosybeYegL", "source": "Twitter for iPhone", "public_metrics": {"retweet_count": 31, "reply_count": 29, "like_count": 354, "quote_count": 3}, "lang": "en", "id": "1173049892521967616", "created_at": "2019-09-15T01:44:23.000Z", "entities": {"urls": [{"start": 177, "end": 200, "url": "https://t.co/nosybeYegL", "expanded_url": "https://twitter.com/realamberheard/status/1173049892521967616/photo/1", "display_url": "pic.twitter.com/nosybeYegL"}], "hashtags": [{"start": 0, "end": 12, "tag": "LaFilletEgo"}, {"start": 139, "end": 151, "tag": "FreeTheNipp"}, {"start": 152, "end": 162, "tag": "lafilledo"}, {"start": 163, "end": 176, "tag": "theDisruptor"}]}, "author_id": "807003567605227520", "author": {"public_metrics": {"followers_count": 190338, "following_count": 220, "tweet_count": 1149, "listed_count": 567}, "location": "Los Angeles, CA", "profile_image_url": "https://pbs.twimg.com/profile_images/1383196364792680448/N8CdupEu_normal.jpg", "url": "https://t.co/Ze18Ek9SOI", "username": "realamberheard", "description": "Actor and Activist, semi-professional disruptor, ice cream advocate and shameless teacup yorkie-lover", "id": "807003567605227520", "name": "Amber Heard", "created_at": "2016-12-08T23:26:58.000Z"}}, "author": {"public_metrics": {"followers_count": 252, "following_count": 2045, "tweet_count": 4563, "listed_count": 0}, "location": "Brasil", "profile_image_url": "https://pbs.twimg.com/profile_images/1188040406468091904/WemPjC0d_normal.jpg", "url": "", "username": "MaylaBrazil", "description": "Brazilian \ud83c\udde7\ud83c\uddf7\ndisabled", "id": "1070845686743216128", "name": "Disabled", "created_at": "2018-12-07T01:01:21.000Z"}}, {"text": "Yeah, right!\ud83d\ude01 #FreeTheNipp https://t.co/dlrBg8pyjq", "source": "Twitter Web App", "referenced_tweets": [{"type": "quoted", "id": "1173049892521967616"}], "public_metrics": {"retweet_count": 0, "reply_count": 0, "like_count": 0, "quote_count": 0}, "lang": "en", "id": "1173055498502803457", "created_at": "2019-09-15T02:06:39.000Z", "entities": {"urls": [{"start": 27, "end": 50, "url": "https://t.co/dlrBg8pyjq", "expanded_url": "https://twitter.com/realamberheard/status/1173049892521967616", "display_url": "twitter.com/realamberheard\u2026"}], "hashtags": [{"start": 14, "end": 26, "tag": "FreeTheNipp"}]}, "author_id": "3216078659", "quoted_tweet": {"text": "#LaFilletEgo cool cool - love women supporting women!! (Btw-Pls let us know when you\u2019re coming out with your chic new men\u2019s lingerie line) #FreeTheNipp #lafilledo #theDisruptor https://t.co/nosybeYegL", "source": "Twitter for iPhone", "public_metrics": {"retweet_count": 31, "reply_count": 29, "like_count": 354, "quote_count": 3}, "lang": "en", "id": "1173049892521967616", "created_at": "2019-09-15T01:44:23.000Z", "entities": {"urls": [{"start": 177, "end": 200, "url": "https://t.co/nosybeYegL", "expanded_url": "https://twitter.com/realamberheard/status/1173049892521967616/photo/1", "display_url": "pic.twitter.com/nosybeYegL"}], "hashtags": [{"start": 0, "end": 12, "tag": "LaFilletEgo"}, {"start": 139, "end": 151, "tag": "FreeTheNipp"}, {"start": 152, "end": 162, "tag": "lafilledo"}, {"start": 163, "end": 176, "tag": "theDisruptor"}]}, "author_id": "807003567605227520", "author": {"public_metrics": {"followers_count": 190338, "following_count": 220, "tweet_count": 1149, "listed_count": 567}, "location": "Los Angeles, CA", "profile_image_url": "https://pbs.twimg.com/profile_images/1383196364792680448/N8CdupEu_normal.jpg", "url": "https://t.co/Ze18Ek9SOI", "username": "realamberheard", "description": "Actor and Activist, semi-professional disruptor, ice cream advocate and shameless teacup yorkie-lover", "id": "807003567605227520", "name": "Amber Heard", "created_at": "2016-12-08T23:26:58.000Z"}}, "author": {"public_metrics": {"followers_count": 1465, "following_count": 1323, "tweet_count": 163095, "listed_count": 17}, "profile_image_url": "https://pbs.twimg.com/profile_images/1501219816522219520/SQVX3N2b_normal.jpg", "url": "", "username": "GGCIR8991", "description": "On the internet, you can be pretty much anything you want, it's just kinda weird that so many people choose to be idiots and assholes", "id": "3216078659", "name": "GGCIR8991", "created_at": "2015-04-28T07:17:35.000Z"}}]