[{"public_metrics": {"retweet_count": 0, "reply_count": 1, "like_count": 1, "quote_count": 0}, "source": "Twitter Web App", "entities": {"urls": [{"start": 0, "end": 23, "url": "https://t.co/6HrARBTptN", "expanded_url": "https://twitter.com/realamberheard/status/1176870900358144002?s=19", "display_url": "twitter.com/realamberheard\u2026"}]}, "text": "https://t.co/6HrARBTptN", "author_id": "840671280399568896", "lang": "und", "created_at": "2021-03-29T16:20:12.000Z", "in_reply_to_user_id": "840671280399568896", "id": "1376569891558469638", "referenced_tweets": [{"type": "quoted", "id": "1176870900358144002"}, {"type": "replied_to", "id": "1376569887758422017"}], "quoted_tweet": {"entities": {"annotations": [{"start": 153, "end": 155, "probability": 0.8868, "type": "Place", "normalized_text": "NYC"}], "urls": [{"start": 239, "end": 262, "url": "https://t.co/SNv81Cto8L", "expanded_url": "https://twitter.com/realamberheard/status/1176870900358144002/photo/1", "display_url": "pic.twitter.com/SNv81Cto8L"}], "mentions": [{"start": 101, "end": 115, "username": "WINdotSystems", "id": "897400658646544384"}, {"start": 211, "end": 214, "username": "UN", "id": "14159148"}, {"start": 221, "end": 237, "username": "thetogetherband", "id": "1087759512709275648"}], "hashtags": [{"start": 157, "end": 162, "tag": "UNGA"}]}, "public_metrics": {"retweet_count": 77, "reply_count": 51, "like_count": 1099, "quote_count": 5}, "source": "Twitter for iPhone", "text": "Happy 2 lend my voice 2 the voiceless 1 billion ppl who live w/o a proof of their identity. Thank u \u2066@WINdotSystems\u2069 4 orgnzng such a great event during NYC #UNGA.Honored 2 b an Ambassador to SDG16+grateful 2 \u2066\u2066@UN\u2069 and \u2066@thetogetherband\u2069 https://t.co/SNv81Cto8L", "author_id": "807003567605227520", "lang": "en", "created_at": "2019-09-25T14:47:42.000Z", "id": "1176870900358144002", "author": {"username": "realamberheard", "location": "Los Angeles, CA", "description": "Actor and Activist, semi-professional disruptor, ice cream advocate and shameless teacup yorkie-lover", "id": "807003567605227520", "url": "https://t.co/Ze18Ek9SOI", "profile_image_url": "https://pbs.twimg.com/profile_images/1383196364792680448/N8CdupEu_normal.jpg", "name": "Amber Heard", "public_metrics": {"followers_count": 190338, "following_count": 220, "tweet_count": 1149, "listed_count": 567}, "created_at": "2016-12-08T23:26:58.000Z"}}, "author": {"username": "alberaudeskid", "location": "Youtube: Izzylovelace", "description": "For being you. Tayna - 24 - Female - Cis - Animal lover \ud83d\udc24\ud83d\udc36 Vidder", "id": "840671280399568896", "url": "https://t.co/KzAMdR9Ns6", "profile_image_url": "https://pbs.twimg.com/profile_images/1261708982286258178/oBDrGJrW_normal.jpg", "name": "Dawn Granger's gf", "public_metrics": {"followers_count": 1009, "following_count": 875, "tweet_count": 63931, "listed_count": 13}, "created_at": "2017-03-11T21:10:26.000Z"}}, {"public_metrics": {"retweet_count": 0, "reply_count": 0, "like_count": 5, "quote_count": 0}, "source": "Twitter for Android", "entities": {"urls": [{"start": 255, "end": 278, "url": "https://t.co/fMP56owx8s", "expanded_url": "https://twitter.com/realamberheard/status/1176870900358144002", "display_url": "twitter.com/realamberheard\u2026"}], "hashtags": [{"start": 139, "end": 145, "tag": "Court"}, {"start": 146, "end": 159, "tag": "February2020"}, {"start": 160, "end": 171, "tag": "AmberHeard"}, {"start": 172, "end": 179, "tag": "abuser"}, {"start": 180, "end": 191, "tag": "JohnnyDepp"}, {"start": 192, "end": 219, "tag": "amberheardabusedjohnnydepp"}, {"start": 220, "end": 241, "tag": "justiceforjohnnydepp"}, {"start": 242, "end": 254, "tag": "ScamberTurd"}]}, "text": "We know you're only doing all this so your legal team can call you a \"humanitarian\" *snort* and try to keep you relevant/out of jail after #Court #February2020 #AmberHeard #abuser #JohnnyDepp #amberheardabusedjohnnydepp #justiceforjohnnydepp #ScamberTurd https://t.co/fMP56owx8s", "author_id": "1139879876834418688", "lang": "en", "created_at": "2019-09-26T00:48:29.000Z", "id": "1177022093302435841", "referenced_tweets": [{"type": "quoted", "id": "1176870900358144002"}], "quoted_tweet": {"entities": {"annotations": [{"start": 153, "end": 155, "probability": 0.8868, "type": "Place", "normalized_text": "NYC"}], "urls": [{"start": 239, "end": 262, "url": "https://t.co/SNv81Cto8L", "expanded_url": "https://twitter.com/realamberheard/status/1176870900358144002/photo/1", "display_url": "pic.twitter.com/SNv81Cto8L"}], "mentions": [{"start": 101, "end": 115, "username": "WINdotSystems", "id": "897400658646544384"}, {"start": 211, "end": 214, "username": "UN", "id": "14159148"}, {"start": 221, "end": 237, "username": "thetogetherband", "id": "1087759512709275648"}], "hashtags": [{"start": 157, "end": 162, "tag": "UNGA"}]}, "public_metrics": {"retweet_count": 77, "reply_count": 51, "like_count": 1099, "quote_count": 5}, "source": "Twitter for iPhone", "text": "Happy 2 lend my voice 2 the voiceless 1 billion ppl who live w/o a proof of their identity. Thank u \u2066@WINdotSystems\u2069 4 orgnzng such a great event during NYC #UNGA.Honored 2 b an Ambassador to SDG16+grateful 2 \u2066\u2066@UN\u2069 and \u2066@thetogetherband\u2069 https://t.co/SNv81Cto8L", "author_id": "807003567605227520", "lang": "en", "created_at": "2019-09-25T14:47:42.000Z", "id": "1176870900358144002", "author": {"username": "realamberheard", "location": "Los Angeles, CA", "description": "Actor and Activist, semi-professional disruptor, ice cream advocate and shameless teacup yorkie-lover", "id": "807003567605227520", "url": "https://t.co/Ze18Ek9SOI", "profile_image_url": "https://pbs.twimg.com/profile_images/1383196364792680448/N8CdupEu_normal.jpg", "name": "Amber Heard", "public_metrics": {"followers_count": 190338, "following_count": 220, "tweet_count": 1149, "listed_count": 567}, "created_at": "2016-12-08T23:26:58.000Z"}}, "author": {"username": "EffervescentlyT", "description": "Tired. Angry. Almost 30. The 20's came back and brought all the bullshit with it \ud83c\udf7e\ud83d\ude29", "id": "1139879876834418688", "url": "", "profile_image_url": "https://pbs.twimg.com/profile_images/1147046938627301377/N_tdYHWz_normal.jpg", "name": "EffervescentlyTired\ud83d\ude34\ud83c\udf0c", "public_metrics": {"followers_count": 14, "following_count": 100, "tweet_count": 4047, "listed_count": 0}, "created_at": "2019-06-15T12:58:35.000Z"}}, {"entities": {"annotations": [{"start": 73, "end": 77, "probability": 0.7459, "type": "Person", "normalized_text": "Amber"}], "mentions": [{"start": 3, "end": 17, "username": "WINdotSystems", "id": "897400658646544384"}, {"start": 85, "end": 100, "username": "realamberheard", "id": "807003567605227520"}], "hashtags": [{"start": 118, "end": 122, "tag": "SDG"}]}, "public_metrics": {"retweet_count": 2, "reply_count": 0, "like_count": 0, "quote_count": 0}, "source": "Twitter for Android", "text": "RT @WINdotSystems: It's a true honor to welcome actress and humanitarian Amber Heard @realamberheard as Ambassador to #SDG Goal 16 on #Iden\u2026", "author_id": "785148392498421760", "lang": "en", "created_at": "2019-09-25T22:33:38.000Z", "id": "1176988158376009729", "referenced_tweets": [{"type": "retweeted", "id": "1176945024271040512"}], "quoted_tweet": {"entities": {"annotations": [{"start": 153, "end": 155, "probability": 0.8868, "type": "Place", "normalized_text": "NYC"}], "urls": [{"start": 239, "end": 262, "url": "https://t.co/SNv81Cto8L", "expanded_url": "https://twitter.com/realamberheard/status/1176870900358144002/photo/1", "display_url": "pic.twitter.com/SNv81Cto8L"}], "mentions": [{"start": 101, "end": 115, "username": "WINdotSystems", "id": "897400658646544384"}, {"start": 211, "end": 214, "username": "UN", "id": "14159148"}, {"start": 221, "end": 237, "username": "thetogetherband", "id": "1087759512709275648"}], "hashtags": [{"start": 157, "end": 162, "tag": "UNGA"}]}, "public_metrics": {"retweet_count": 77, "reply_count": 51, "like_count": 1099, "quote_count": 5}, "source": "Twitter for iPhone", "text": "Happy 2 lend my voice 2 the voiceless 1 billion ppl who live w/o a proof of their identity. Thank u \u2066@WINdotSystems\u2069 4 orgnzng such a great event during NYC #UNGA.Honored 2 b an Ambassador to SDG16+grateful 2 \u2066\u2066@UN\u2069 and \u2066@thetogetherband\u2069 https://t.co/SNv81Cto8L", "author_id": "807003567605227520", "lang": "en", "created_at": "2019-09-25T14:47:42.000Z", "id": "1176870900358144002", "author": {"username": "realamberheard", "location": "Los Angeles, CA", "description": "Actor and Activist, semi-professional disruptor, ice cream advocate and shameless teacup yorkie-lover", "id": "807003567605227520", "url": "https://t.co/Ze18Ek9SOI", "profile_image_url": "https://pbs.twimg.com/profile_images/1383196364792680448/N8CdupEu_normal.jpg", "name": "Amber Heard", "public_metrics": {"followers_count": 190338, "following_count": 220, "tweet_count": 1149, "listed_count": 567}, "created_at": "2016-12-08T23:26:58.000Z"}}, "author": {"username": "CoraMelodie", "location": "Bordeaux, France", "description": "Actress/Producer & UNHCR Special Envoy #AngelinaJolie | Actress, Activist & Human Rights Champion @realamberheard | @JeniferOfficiel \n\n#IStandWithYouAmberHeard", "id": "785148392498421760", "url": "", "profile_image_url": "https://pbs.twimg.com/profile_images/1138826096386936837/71Iwj2dh_normal.jpg", "name": "Cora Melodie", "public_metrics": {"followers_count": 735, "following_count": 720, "tweet_count": 49331, "listed_count": 28}, "created_at": "2016-10-09T16:02:18.000Z"}}, {"entities": {"annotations": [{"start": 73, "end": 77, "probability": 0.7459, "type": "Person", "normalized_text": "Amber"}], "mentions": [{"start": 3, "end": 17, "username": "WINdotSystems", "id": "897400658646544384"}, {"start": 85, "end": 100, "username": "realamberheard", "id": "807003567605227520"}], "hashtags": [{"start": 118, "end": 122, "tag": "SDG"}]}, "public_metrics": {"retweet_count": 2, "reply_count": 0, "like_count": 0, "quote_count": 0}, "source": "Twitter for iPhone", "text": "RT @WINdotSystems: It's a true honor to welcome actress and humanitarian Amber Heard @realamberheard as Ambassador to #SDG Goal 16 on #Iden\u2026", "author_id": "96348369", "lang": "en", "created_at": "2019-09-25T19:48:55.000Z", "id": "1176946703972425728", "referenced_tweets": [{"type": "retweeted", "id": "1176945024271040512"}], "quoted_tweet": {"entities": {"annotations": [{"start": 153, "end": 155, "probability": 0.8868, "type": "Place", "normalized_text": "NYC"}], "urls": [{"start": 239, "end": 262, "url": "https://t.co/SNv81Cto8L", "expanded_url": "https://twitter.com/realamberheard/status/1176870900358144002/photo/1", "display_url": "pic.twitter.com/SNv81Cto8L"}], "mentions": [{"start": 101, "end": 115, "username": "WINdotSystems", "id": "897400658646544384"}, {"start": 211, "end": 214, "username": "UN", "id": "14159148"}, {"start": 221, "end": 237, "username": "thetogetherband", "id": "1087759512709275648"}], "hashtags": [{"start": 157, "end": 162, "tag": "UNGA"}]}, "public_metrics": {"retweet_count": 77, "reply_count": 51, "like_count": 1099, "quote_count": 5}, "source": "Twitter for iPhone", "text": "Happy 2 lend my voice 2 the voiceless 1 billion ppl who live w/o a proof of their identity. Thank u \u2066@WINdotSystems\u2069 4 orgnzng such a great event during NYC #UNGA.Honored 2 b an Ambassador to SDG16+grateful 2 \u2066\u2066@UN\u2069 and \u2066@thetogetherband\u2069 https://t.co/SNv81Cto8L", "author_id": "807003567605227520", "lang": "en", "created_at": "2019-09-25T14:47:42.000Z", "id": "1176870900358144002", "author": {"username": "realamberheard", "location": "Los Angeles, CA", "description": "Actor and Activist, semi-professional disruptor, ice cream advocate and shameless teacup yorkie-lover", "id": "807003567605227520", "url": "https://t.co/Ze18Ek9SOI", "profile_image_url": "https://pbs.twimg.com/profile_images/1383196364792680448/N8CdupEu_normal.jpg", "name": "Amber Heard", "public_metrics": {"followers_count": 190338, "following_count": 220, "tweet_count": 1149, "listed_count": 567}, "created_at": "2016-12-08T23:26:58.000Z"}}, "author": {"username": "marianadahan", "location": "Washington, DC", "description": "Creator of #ID4D @WorldBank |#HumanRights & #Identity nexus- Founder @WINdotSystems |Ambassador @HopeandHomes \ud83d\udc76\ud83c\udffb Love children, including 2 of my own \ud83d\udc69\ud83c\udffb\ud83d\udc69\ud83c\udffb", "id": "96348369", "url": "https://t.co/JBN6PaOOqG", "profile_image_url": "https://pbs.twimg.com/profile_images/558755636800790528/Zcw_AoZU_normal.jpeg", "name": "Mariana Dahan", "public_metrics": {"followers_count": 2495, "following_count": 912, "tweet_count": 2270, "listed_count": 123}, "created_at": "2009-12-12T14:05:52.000Z"}}, {"entities": {"annotations": [{"start": 54, "end": 58, "probability": 0.7536, "type": "Person", "normalized_text": "Amber"}, {"start": 183, "end": 195, "probability": 0.9835, "type": "Person", "normalized_text": "Mariana Dahan"}], "urls": [{"start": 284, "end": 307, "url": "https://t.co/IRzUw9okk2", "expanded_url": "https://twitter.com/realamberheard/status/1176870900358144002", "display_url": "twitter.com/realamberheard\u2026"}], "mentions": [{"start": 66, "end": 81, "username": "realamberheard", "id": "807003567605227520"}, {"start": 197, "end": 210, "username": "marianadahan", "id": "96348369"}, {"start": 263, "end": 266, "username": "UN", "id": "14159148"}, {"start": 267, "end": 283, "username": "thetogetherband", "id": "1087759512709275648"}], "hashtags": [{"start": 99, "end": 103, "tag": "SDG"}, {"start": 115, "end": 124, "tag": "Identity"}, {"start": 158, "end": 163, "tag": "UNGA"}, {"start": 240, "end": 253, "tag": "togetherband"}]}, "public_metrics": {"retweet_count": 2, "reply_count": 4, "like_count": 8, "quote_count": 0}, "source": "Twitter Web App", "text": "It's a true honor to welcome actress and humanitarian Amber Heard @realamberheard as Ambassador to #SDG Goal 16 on #Identity! Such an amazing way to kick-off #UNGA week together with Mariana Dahan @marianadahan and WIN Board Advisors &amp; #togetherband partners @UN @thetogetherband https://t.co/IRzUw9okk2", "author_id": "897400658646544384", "lang": "en", "created_at": "2019-09-25T19:42:15.000Z", "id": "1176945024271040512", "referenced_tweets": [{"type": "quoted", "id": "1176870900358144002"}], "quoted_tweet": {"entities": {"annotations": [{"start": 153, "end": 155, "probability": 0.8868, "type": "Place", "normalized_text": "NYC"}], "urls": [{"start": 239, "end": 262, "url": "https://t.co/SNv81Cto8L", "expanded_url": "https://twitter.com/realamberheard/status/1176870900358144002/photo/1", "display_url": "pic.twitter.com/SNv81Cto8L"}], "mentions": [{"start": 101, "end": 115, "username": "WINdotSystems", "id": "897400658646544384"}, {"start": 211, "end": 214, "username": "UN", "id": "14159148"}, {"start": 221, "end": 237, "username": "thetogetherband", "id": "1087759512709275648"}], "hashtags": [{"start": 157, "end": 162, "tag": "UNGA"}]}, "public_metrics": {"retweet_count": 77, "reply_count": 51, "like_count": 1099, "quote_count": 5}, "source": "Twitter for iPhone", "text": "Happy 2 lend my voice 2 the voiceless 1 billion ppl who live w/o a proof of their identity. Thank u \u2066@WINdotSystems\u2069 4 orgnzng such a great event during NYC #UNGA.Honored 2 b an Ambassador to SDG16+grateful 2 \u2066\u2066@UN\u2069 and \u2066@thetogetherband\u2069 https://t.co/SNv81Cto8L", "author_id": "807003567605227520", "lang": "en", "created_at": "2019-09-25T14:47:42.000Z", "id": "1176870900358144002", "author": {"username": "realamberheard", "location": "Los Angeles, CA", "description": "Actor and Activist, semi-professional disruptor, ice cream advocate and shameless teacup yorkie-lover", "id": "807003567605227520", "url": "https://t.co/Ze18Ek9SOI", "profile_image_url": "https://pbs.twimg.com/profile_images/1383196364792680448/N8CdupEu_normal.jpg", "name": "Amber Heard", "public_metrics": {"followers_count": 190338, "following_count": 220, "tweet_count": 1149, "listed_count": 567}, "created_at": "2016-12-08T23:26:58.000Z"}}, "author": {"username": "WINdotSystems", "description": "We catalyze progress towards universal #identity #ID and secure #digitalidentity #ID4D #GooID systems using #innovation. Connect with us. Be part of it.", "id": "897400658646544384", "url": "https://t.co/sTebJW9NGO", "profile_image_url": "https://pbs.twimg.com/profile_images/897401914349899776/w0Pkviyi_normal.jpg", "name": "World Identity Network (WIN)", "public_metrics": {"followers_count": 701, "following_count": 118, "tweet_count": 357, "listed_count": 28}, "created_at": "2017-08-15T10:12:44.000Z"}}, {"entities": {"annotations": [{"start": 24, "end": 28, "probability": 0.807, "type": "Person", "normalized_text": "Amber"}], "urls": [{"start": 30, "end": 53, "url": "https://t.co/7uHMqV5ovI", "expanded_url": "https://twitter.com/realamberheard/status/1176870900358144002", "display_url": "twitter.com/realamberheard\u2026"}]}, "public_metrics": {"retweet_count": 0, "reply_count": 0, "like_count": 0, "quote_count": 0}, "source": "Twitter for Android", "text": "Ur an incredible person Amber https://t.co/7uHMqV5ovI", "author_id": "765475224968171520", "lang": "en", "created_at": "2019-09-25T15:04:38.000Z", "id": "1176875160412008455", "referenced_tweets": [{"type": "quoted", "id": "1176870900358144002"}], "quoted_tweet": {"entities": {"annotations": [{"start": 153, "end": 155, "probability": 0.8868, "type": "Place", "normalized_text": "NYC"}], "urls": [{"start": 239, "end": 262, "url": "https://t.co/SNv81Cto8L", "expanded_url": "https://twitter.com/realamberheard/status/1176870900358144002/photo/1", "display_url": "pic.twitter.com/SNv81Cto8L"}], "mentions": [{"start": 101, "end": 115, "username": "WINdotSystems", "id": "897400658646544384"}, {"start": 211, "end": 214, "username": "UN", "id": "14159148"}, {"start": 221, "end": 237, "username": "thetogetherband", "id": "1087759512709275648"}], "hashtags": [{"start": 157, "end": 162, "tag": "UNGA"}]}, "public_metrics": {"retweet_count": 77, "reply_count": 51, "like_count": 1099, "quote_count": 5}, "source": "Twitter for iPhone", "text": "Happy 2 lend my voice 2 the voiceless 1 billion ppl who live w/o a proof of their identity. Thank u \u2066@WINdotSystems\u2069 4 orgnzng such a great event during NYC #UNGA.Honored 2 b an Ambassador to SDG16+grateful 2 \u2066\u2066@UN\u2069 and \u2066@thetogetherband\u2069 https://t.co/SNv81Cto8L", "author_id": "807003567605227520", "lang": "en", "created_at": "2019-09-25T14:47:42.000Z", "id": "1176870900358144002", "author": {"username": "realamberheard", "location": "Los Angeles, CA", "description": "Actor and Activist, semi-professional disruptor, ice cream advocate and shameless teacup yorkie-lover", "id": "807003567605227520", "url": "https://t.co/Ze18Ek9SOI", "profile_image_url": "https://pbs.twimg.com/profile_images/1383196364792680448/N8CdupEu_normal.jpg", "name": "Amber Heard", "public_metrics": {"followers_count": 190338, "following_count": 220, "tweet_count": 1149, "listed_count": 567}, "created_at": "2016-12-08T23:26:58.000Z"}}, "author": {"username": "shanellerw98", "location": "Born in Havana Cuba    \ud83c\udde8\ud83c\uddfa", "description": "Shanelle (21), I have suffered and survived MANY TIMES! My main girls are @AlexaBliss_WWE, @TayConti_ and @AnnaJay___ FOREVER A FIREFLY", "id": "765475224968171520", "url": "https://t.co/C0OwkJMfFd", "profile_image_url": "https://pbs.twimg.com/profile_images/1498099903175798790/hl22ljlc_normal.jpg", "name": "Shanelle Morgan", "public_metrics": {"followers_count": 2120, "following_count": 4987, "tweet_count": 24107, "listed_count": 4}, "created_at": "2016-08-16T09:08:10.000Z"}}]