[{"referenced_tweets": [{"type": "retweeted", "id": "1177626182273163266"}], "id": "1177778094381391872", "lang": "en", "text": "RT @sparrabitch: And will that be your only comment for your deposition that was today? I didn't realize they were allowing you to respond\u2026", "created_at": "2019-09-28T02:52:34.000Z", "source": "Twitter Web App", "author_id": "843352918858260480", "public_metrics": {"retweet_count": 1, "reply_count": 0, "like_count": 0, "quote_count": 0}, "quoted_tweet": {"entities": {"mentions": [{"start": 0, "end": 13, "username": "UKUN_NewYork", "id": "145746533"}, {"start": 14, "end": 24, "username": "RiseNowUS", "id": "2961466710"}, {"start": 25, "end": 37, "username": "AaronMHoltz", "id": "139120137"}, {"start": 38, "end": 52, "username": "foreignoffice", "id": "1300912573739663361"}, {"start": 53, "end": 66, "username": "endrapeinwar", "id": "632264909"}, {"start": 67, "end": 74, "username": "EUatUN", "id": "125995973"}]}, "referenced_tweets": [{"type": "replied_to", "id": "1177361998914490368"}], "id": "1177596093498056706", "lang": "en", "text": "@UKUN_NewYork @RiseNowUS @AaronMHoltz @foreignoffice @endrapeinwar @EUatUN And if you have any doubt about it, just check feed below ;  )", "created_at": "2019-09-27T14:49:22.000Z", "source": "Twitter for iPhone", "author_id": "807003567605227520", "in_reply_to_user_id": "145746533", "public_metrics": {"retweet_count": 11, "reply_count": 58, "like_count": 58, "quote_count": 12}, "author": {"public_metrics": {"followers_count": 190338, "following_count": 220, "tweet_count": 1149, "listed_count": 567}, "created_at": "2016-12-08T23:26:58.000Z", "id": "807003567605227520", "location": "Los Angeles, CA", "name": "Amber Heard", "profile_image_url": "https://pbs.twimg.com/profile_images/1383196364792680448/N8CdupEu_normal.jpg", "username": "realamberheard", "url": "https://t.co/Ze18Ek9SOI", "description": "Actor and Activist, semi-professional disruptor, ice cream advocate and shameless teacup yorkie-lover"}}, "author": {"public_metrics": {"followers_count": 506, "following_count": 570, "tweet_count": 36143, "listed_count": 1}, "created_at": "2017-03-19T06:46:19.000Z", "id": "843352918858260480", "location": "black pearl \u26f5\ufe0f ", "name": "melissa", "profile_image_url": "https://pbs.twimg.com/profile_images/1503037820658671625/HhnMLLMM_normal.jpg", "username": "katrinacranes", "url": "", "description": "\ud83c\udf3b you\u2019re acting like you\u2019re innocent but you know what they say. it takes a bitch to know a bitch \u2741 #JusticeforJohnnyDepp #HeardLies"}}, {"referenced_tweets": [{"type": "quoted", "id": "1177596093498056706"}], "id": "1177688164560977920", "lang": "en", "text": "You are over.\n\nWe HEARD enough of your lying kaka https://t.co/KZwtbEoMyE", "created_at": "2019-09-27T20:55:13.000Z", "source": "Twitter for iPhone", "author_id": "1076159677312970752", "entities": {"urls": [{"start": 50, "end": 73, "url": "https://t.co/KZwtbEoMyE", "expanded_url": "https://twitter.com/realamberheard/status/1177596093498056706", "display_url": "twitter.com/realamberheard\u2026"}]}, "public_metrics": {"retweet_count": 0, "reply_count": 0, "like_count": 0, "quote_count": 0}, "quoted_tweet": {"entities": {"mentions": [{"start": 0, "end": 13, "username": "UKUN_NewYork", "id": "145746533"}, {"start": 14, "end": 24, "username": "RiseNowUS", "id": "2961466710"}, {"start": 25, "end": 37, "username": "AaronMHoltz", "id": "139120137"}, {"start": 38, "end": 52, "username": "foreignoffice", "id": "1300912573739663361"}, {"start": 53, "end": 66, "username": "endrapeinwar", "id": "632264909"}, {"start": 67, "end": 74, "username": "EUatUN", "id": "125995973"}]}, "referenced_tweets": [{"type": "replied_to", "id": "1177361998914490368"}], "id": "1177596093498056706", "lang": "en", "text": "@UKUN_NewYork @RiseNowUS @AaronMHoltz @foreignoffice @endrapeinwar @EUatUN And if you have any doubt about it, just check feed below ;  )", "created_at": "2019-09-27T14:49:22.000Z", "source": "Twitter for iPhone", "author_id": "807003567605227520", "in_reply_to_user_id": "145746533", "public_metrics": {"retweet_count": 11, "reply_count": 58, "like_count": 58, "quote_count": 12}, "author": {"public_metrics": {"followers_count": 190338, "following_count": 220, "tweet_count": 1149, "listed_count": 567}, "created_at": "2016-12-08T23:26:58.000Z", "id": "807003567605227520", "location": "Los Angeles, CA", "name": "Amber Heard", "profile_image_url": "https://pbs.twimg.com/profile_images/1383196364792680448/N8CdupEu_normal.jpg", "username": "realamberheard", "url": "https://t.co/Ze18Ek9SOI", "description": "Actor and Activist, semi-professional disruptor, ice cream advocate and shameless teacup yorkie-lover"}}, "author": {"public_metrics": {"followers_count": 1141, "following_count": 1091, "tweet_count": 196440, "listed_count": 13}, "created_at": "2018-12-21T16:57:15.000Z", "id": "1076159677312970752", "location": "Amsterdam Netherlands", "name": "Aylin", "profile_image_url": "https://pbs.twimg.com/profile_images/1503718277494755334/3W09k7Zd_normal.jpg", "username": "ReineDuLeon", "url": "", "description": "I dream being the first princess with autism. Proud zusje of @AvocadoMangoes"}}, {"referenced_tweets": [{"type": "quoted", "id": "1177596093498056706"}], "id": "1177679876821831681", "lang": "en", "text": "Fuck off Hamber ,\ud83d\udc94\ud83d\ude2d https://t.co/OmUgUflGUD", "created_at": "2019-09-27T20:22:17.000Z", "source": "Twitter for Android", "author_id": "1070845686743216128", "entities": {"urls": [{"start": 20, "end": 43, "url": "https://t.co/OmUgUflGUD", "expanded_url": "https://twitter.com/realamberheard/status/1177596093498056706", "display_url": "twitter.com/realamberheard\u2026"}], "annotations": [{"start": 9, "end": 14, "probability": 0.4654, "type": "Person", "normalized_text": "Hamber"}]}, "public_metrics": {"retweet_count": 0, "reply_count": 0, "like_count": 0, "quote_count": 0}, "quoted_tweet": {"entities": {"mentions": [{"start": 0, "end": 13, "username": "UKUN_NewYork", "id": "145746533"}, {"start": 14, "end": 24, "username": "RiseNowUS", "id": "2961466710"}, {"start": 25, "end": 37, "username": "AaronMHoltz", "id": "139120137"}, {"start": 38, "end": 52, "username": "foreignoffice", "id": "1300912573739663361"}, {"start": 53, "end": 66, "username": "endrapeinwar", "id": "632264909"}, {"start": 67, "end": 74, "username": "EUatUN", "id": "125995973"}]}, "referenced_tweets": [{"type": "replied_to", "id": "1177361998914490368"}], "id": "1177596093498056706", "lang": "en", "text": "@UKUN_NewYork @RiseNowUS @AaronMHoltz @foreignoffice @endrapeinwar @EUatUN And if you have any doubt about it, just check feed below ;  )", "created_at": "2019-09-27T14:49:22.000Z", "source": "Twitter for iPhone", "author_id": "807003567605227520", "in_reply_to_user_id": "145746533", "public_metrics": {"retweet_count": 11, "reply_count": 58, "like_count": 58, "quote_count": 12}, "author": {"public_metrics": {"followers_count": 190338, "following_count": 220, "tweet_count": 1149, "listed_count": 567}, "created_at": "2016-12-08T23:26:58.000Z", "id": "807003567605227520", "location": "Los Angeles, CA", "name": "Amber Heard", "profile_image_url": "https://pbs.twimg.com/profile_images/1383196364792680448/N8CdupEu_normal.jpg", "username": "realamberheard", "url": "https://t.co/Ze18Ek9SOI", "description": "Actor and Activist, semi-professional disruptor, ice cream advocate and shameless teacup yorkie-lover"}}, "author": {"public_metrics": {"followers_count": 252, "following_count": 2045, "tweet_count": 4563, "listed_count": 0}, "created_at": "2018-12-07T01:01:21.000Z", "id": "1070845686743216128", "location": "Brasil", "name": "Disabled", "profile_image_url": "https://pbs.twimg.com/profile_images/1188040406468091904/WemPjC0d_normal.jpg", "username": "MaylaBrazil", "url": "", "description": "Brazilian \ud83c\udde7\ud83c\uddf7\ndisabled"}}, {"referenced_tweets": [{"type": "quoted", "id": "1177596093498056706"}], "id": "1177663329445113856", "lang": "en", "text": "You're a liar as proven since you skipped a deposition. Innocent people don't skip shit like that unless you're a fucking piece of shit liar. \ud83e\udd14 https://t.co/psSdUhiowW", "created_at": "2019-09-27T19:16:32.000Z", "source": "Twitter for Android", "author_id": "2715475970", "entities": {"urls": [{"start": 144, "end": 167, "url": "https://t.co/psSdUhiowW", "expanded_url": "https://twitter.com/realamberheard/status/1177596093498056706", "display_url": "twitter.com/realamberheard\u2026"}]}, "public_metrics": {"retweet_count": 0, "reply_count": 0, "like_count": 0, "quote_count": 0}, "quoted_tweet": {"entities": {"mentions": [{"start": 0, "end": 13, "username": "UKUN_NewYork", "id": "145746533"}, {"start": 14, "end": 24, "username": "RiseNowUS", "id": "2961466710"}, {"start": 25, "end": 37, "username": "AaronMHoltz", "id": "139120137"}, {"start": 38, "end": 52, "username": "foreignoffice", "id": "1300912573739663361"}, {"start": 53, "end": 66, "username": "endrapeinwar", "id": "632264909"}, {"start": 67, "end": 74, "username": "EUatUN", "id": "125995973"}]}, "referenced_tweets": [{"type": "replied_to", "id": "1177361998914490368"}], "id": "1177596093498056706", "lang": "en", "text": "@UKUN_NewYork @RiseNowUS @AaronMHoltz @foreignoffice @endrapeinwar @EUatUN And if you have any doubt about it, just check feed below ;  )", "created_at": "2019-09-27T14:49:22.000Z", "source": "Twitter for iPhone", "author_id": "807003567605227520", "in_reply_to_user_id": "145746533", "public_metrics": {"retweet_count": 11, "reply_count": 58, "like_count": 58, "quote_count": 12}, "author": {"public_metrics": {"followers_count": 190338, "following_count": 220, "tweet_count": 1149, "listed_count": 567}, "created_at": "2016-12-08T23:26:58.000Z", "id": "807003567605227520", "location": "Los Angeles, CA", "name": "Amber Heard", "profile_image_url": "https://pbs.twimg.com/profile_images/1383196364792680448/N8CdupEu_normal.jpg", "username": "realamberheard", "url": "https://t.co/Ze18Ek9SOI", "description": "Actor and Activist, semi-professional disruptor, ice cream advocate and shameless teacup yorkie-lover"}}, "author": {"public_metrics": {"followers_count": 308, "following_count": 721, "tweet_count": 31251, "listed_count": 7}, "created_at": "2014-08-07T22:22:15.000Z", "id": "2715475970", "location": "Fort Wayne, IN", "name": "Rebecca//Loki June 9th!", "profile_image_url": "https://pbs.twimg.com/profile_images/1389039970514477060/40AMVj2W_normal.jpg", "username": "dindjarinscape", "url": "", "description": "She/her. Fan acct. In love w/ Bucky Barnes. Disney, MCU & Star Wars lover. Severely depressed. I have more bad days then good days  I'm 21+ Minors don't follow."}}, {"referenced_tweets": [{"type": "quoted", "id": "1177596093498056706"}], "id": "1177661982134001664", "entities": {"hashtags": [{"start": 183, "end": 204, "tag": "JusticeForJohnnyDepp"}], "urls": [{"start": 205, "end": 228, "url": "https://t.co/guIhuMet0G", "expanded_url": "https://twitter.com/EffervescentlyT/status/1177661982134001664/photo/1", "display_url": "pic.twitter.com/guIhuMet0G"}, {"start": 229, "end": 252, "url": "https://t.co/DpRy58E5fk", "expanded_url": "https://twitter.com/realamberheard/status/1177596093498056706", "display_url": "twitter.com/realamberheard\u2026"}]}, "lang": "en", "text": "Imagine being so disgustingly confident after repeatedly violently abusing someone that you can smirk about it and still not be thrown out on your ass in the bin where trash belongs.\n#JusticeForJohnnyDepp https://t.co/guIhuMet0G https://t.co/DpRy58E5fk", "created_at": "2019-09-27T19:11:11.000Z", "source": "Twitter for Android", "author_id": "1139879876834418688", "public_metrics": {"retweet_count": 0, "reply_count": 0, "like_count": 1, "quote_count": 0}, "quoted_tweet": {"entities": {"mentions": [{"start": 0, "end": 13, "username": "UKUN_NewYork", "id": "145746533"}, {"start": 14, "end": 24, "username": "RiseNowUS", "id": "2961466710"}, {"start": 25, "end": 37, "username": "AaronMHoltz", "id": "139120137"}, {"start": 38, "end": 52, "username": "foreignoffice", "id": "1300912573739663361"}, {"start": 53, "end": 66, "username": "endrapeinwar", "id": "632264909"}, {"start": 67, "end": 74, "username": "EUatUN", "id": "125995973"}]}, "referenced_tweets": [{"type": "replied_to", "id": "1177361998914490368"}], "id": "1177596093498056706", "lang": "en", "text": "@UKUN_NewYork @RiseNowUS @AaronMHoltz @foreignoffice @endrapeinwar @EUatUN And if you have any doubt about it, just check feed below ;  )", "created_at": "2019-09-27T14:49:22.000Z", "source": "Twitter for iPhone", "author_id": "807003567605227520", "in_reply_to_user_id": "145746533", "public_metrics": {"retweet_count": 11, "reply_count": 58, "like_count": 58, "quote_count": 12}, "author": {"public_metrics": {"followers_count": 190338, "following_count": 220, "tweet_count": 1149, "listed_count": 567}, "created_at": "2016-12-08T23:26:58.000Z", "id": "807003567605227520", "location": "Los Angeles, CA", "name": "Amber Heard", "profile_image_url": "https://pbs.twimg.com/profile_images/1383196364792680448/N8CdupEu_normal.jpg", "username": "realamberheard", "url": "https://t.co/Ze18Ek9SOI", "description": "Actor and Activist, semi-professional disruptor, ice cream advocate and shameless teacup yorkie-lover"}}, "author": {"public_metrics": {"followers_count": 14, "following_count": 100, "tweet_count": 4047, "listed_count": 0}, "created_at": "2019-06-15T12:58:35.000Z", "id": "1139879876834418688", "name": "EffervescentlyTired\ud83d\ude34\ud83c\udf0c", "profile_image_url": "https://pbs.twimg.com/profile_images/1147046938627301377/N_tdYHWz_normal.jpg", "username": "EffervescentlyT", "url": "", "description": "Tired. Angry. Almost 30. The 20's came back and brought all the bullshit with it \ud83c\udf7e\ud83d\ude29"}}, {"referenced_tweets": [{"type": "quoted", "id": "1177596093498056706"}], "id": "1177626182273163266", "lang": "en", "text": "And will that be your only comment for your deposition that was today? I didn't realize they were allowing you to respond through Twitter now. Huh, the courts sure are changing. https://t.co/7FnCmf2lZX", "created_at": "2019-09-27T16:48:55.000Z", "source": "Twitter Web App", "author_id": "2465079218", "entities": {"urls": [{"start": 178, "end": 201, "url": "https://t.co/7FnCmf2lZX", "expanded_url": "https://twitter.com/realamberheard/status/1177596093498056706", "display_url": "twitter.com/realamberheard\u2026"}], "annotations": [{"start": 130, "end": 136, "probability": 0.6604, "type": "Product", "normalized_text": "Twitter"}]}, "public_metrics": {"retweet_count": 1, "reply_count": 2, "like_count": 21, "quote_count": 0}, "quoted_tweet": {"entities": {"mentions": [{"start": 0, "end": 13, "username": "UKUN_NewYork", "id": "145746533"}, {"start": 14, "end": 24, "username": "RiseNowUS", "id": "2961466710"}, {"start": 25, "end": 37, "username": "AaronMHoltz", "id": "139120137"}, {"start": 38, "end": 52, "username": "foreignoffice", "id": "1300912573739663361"}, {"start": 53, "end": 66, "username": "endrapeinwar", "id": "632264909"}, {"start": 67, "end": 74, "username": "EUatUN", "id": "125995973"}]}, "referenced_tweets": [{"type": "replied_to", "id": "1177361998914490368"}], "id": "1177596093498056706", "lang": "en", "text": "@UKUN_NewYork @RiseNowUS @AaronMHoltz @foreignoffice @endrapeinwar @EUatUN And if you have any doubt about it, just check feed below ;  )", "created_at": "2019-09-27T14:49:22.000Z", "source": "Twitter for iPhone", "author_id": "807003567605227520", "in_reply_to_user_id": "145746533", "public_metrics": {"retweet_count": 11, "reply_count": 58, "like_count": 58, "quote_count": 12}, "author": {"public_metrics": {"followers_count": 190338, "following_count": 220, "tweet_count": 1149, "listed_count": 567}, "created_at": "2016-12-08T23:26:58.000Z", "id": "807003567605227520", "location": "Los Angeles, CA", "name": "Amber Heard", "profile_image_url": "https://pbs.twimg.com/profile_images/1383196364792680448/N8CdupEu_normal.jpg", "username": "realamberheard", "url": "https://t.co/Ze18Ek9SOI", "description": "Actor and Activist, semi-professional disruptor, ice cream advocate and shameless teacup yorkie-lover"}}, "author": {"public_metrics": {"followers_count": 1594, "following_count": 223, "tweet_count": 37206, "listed_count": 3}, "created_at": "2014-04-26T20:16:57.000Z", "id": "2465079218", "location": "on the precipice.", "name": "not haley", "profile_image_url": "https://pbs.twimg.com/profile_images/1506624478310191113/EEpjan86_normal.jpg", "username": "reineyelah", "url": "https://t.co/imzbQnpaXH", "description": "classic lara croft supremacy. i fucking love you for hating me. wife to noodle. #justiceforjohnnydepp #justiceforsurvivors #istandwithjkrowling"}}, {"referenced_tweets": [{"type": "quoted", "id": "1177596093498056706"}], "id": "1177622160208121856", "lang": "en", "text": "Yeah, because ppl tend to check \u2018the worst thing that happen to them\u2019 to get a new update about it, and respond to it baiting for more \u2018worst thing\u2019 coming your way. That\u2019s what all abused victims do, right? https://t.co/zCpwxW8lqU", "created_at": "2019-09-27T16:32:56.000Z", "source": "Twitter for iPhone", "author_id": "242253097", "entities": {"urls": [{"start": 208, "end": 231, "url": "https://t.co/zCpwxW8lqU", "expanded_url": "https://twitter.com/realamberheard/status/1177596093498056706", "display_url": "twitter.com/realamberheard\u2026"}]}, "public_metrics": {"retweet_count": 0, "reply_count": 0, "like_count": 5, "quote_count": 0}, "quoted_tweet": {"entities": {"mentions": [{"start": 0, "end": 13, "username": "UKUN_NewYork", "id": "145746533"}, {"start": 14, "end": 24, "username": "RiseNowUS", "id": "2961466710"}, {"start": 25, "end": 37, "username": "AaronMHoltz", "id": "139120137"}, {"start": 38, "end": 52, "username": "foreignoffice", "id": "1300912573739663361"}, {"start": 53, "end": 66, "username": "endrapeinwar", "id": "632264909"}, {"start": 67, "end": 74, "username": "EUatUN", "id": "125995973"}]}, "referenced_tweets": [{"type": "replied_to", "id": "1177361998914490368"}], "id": "1177596093498056706", "lang": "en", "text": "@UKUN_NewYork @RiseNowUS @AaronMHoltz @foreignoffice @endrapeinwar @EUatUN And if you have any doubt about it, just check feed below ;  )", "created_at": "2019-09-27T14:49:22.000Z", "source": "Twitter for iPhone", "author_id": "807003567605227520", "in_reply_to_user_id": "145746533", "public_metrics": {"retweet_count": 11, "reply_count": 58, "like_count": 58, "quote_count": 12}, "author": {"public_metrics": {"followers_count": 190338, "following_count": 220, "tweet_count": 1149, "listed_count": 567}, "created_at": "2016-12-08T23:26:58.000Z", "id": "807003567605227520", "location": "Los Angeles, CA", "name": "Amber Heard", "profile_image_url": "https://pbs.twimg.com/profile_images/1383196364792680448/N8CdupEu_normal.jpg", "username": "realamberheard", "url": "https://t.co/Ze18Ek9SOI", "description": "Actor and Activist, semi-professional disruptor, ice cream advocate and shameless teacup yorkie-lover"}}, "author": {"public_metrics": {"followers_count": 1489, "following_count": 371, "tweet_count": 47334, "listed_count": 8}, "created_at": "2011-01-24T09:58:30.000Z", "id": "242253097", "name": ".", "profile_image_url": "https://pbs.twimg.com/profile_images/1323659424800534529/YunjkwZR_normal.png", "username": "anaheimyet", "url": "", "description": ""}}, {"referenced_tweets": [{"type": "quoted", "id": "1177596093498056706"}], "id": "1177621157211774982", "lang": "en", "text": "\ud83d\ude09 Because \ud83d\ude09 I'm \ud83d\ude09 a \ud83d\ude09 victim \ud83d\ude09 hehe \ud83d\ude09 y'know \ud83d\ude09 https://t.co/gwQcXiaYS5", "created_at": "2019-09-27T16:28:57.000Z", "source": "Twitter for Android", "author_id": "1053030046422720517", "entities": {"urls": [{"start": 47, "end": 70, "url": "https://t.co/gwQcXiaYS5", "expanded_url": "https://twitter.com/realamberheard/status/1177596093498056706", "display_url": "twitter.com/realamberheard\u2026"}]}, "public_metrics": {"retweet_count": 0, "reply_count": 0, "like_count": 4, "quote_count": 0}, "quoted_tweet": {"entities": {"mentions": [{"start": 0, "end": 13, "username": "UKUN_NewYork", "id": "145746533"}, {"start": 14, "end": 24, "username": "RiseNowUS", "id": "2961466710"}, {"start": 25, "end": 37, "username": "AaronMHoltz", "id": "139120137"}, {"start": 38, "end": 52, "username": "foreignoffice", "id": "1300912573739663361"}, {"start": 53, "end": 66, "username": "endrapeinwar", "id": "632264909"}, {"start": 67, "end": 74, "username": "EUatUN", "id": "125995973"}]}, "referenced_tweets": [{"type": "replied_to", "id": "1177361998914490368"}], "id": "1177596093498056706", "lang": "en", "text": "@UKUN_NewYork @RiseNowUS @AaronMHoltz @foreignoffice @endrapeinwar @EUatUN And if you have any doubt about it, just check feed below ;  )", "created_at": "2019-09-27T14:49:22.000Z", "source": "Twitter for iPhone", "author_id": "807003567605227520", "in_reply_to_user_id": "145746533", "public_metrics": {"retweet_count": 11, "reply_count": 58, "like_count": 58, "quote_count": 12}, "author": {"public_metrics": {"followers_count": 190338, "following_count": 220, "tweet_count": 1149, "listed_count": 567}, "created_at": "2016-12-08T23:26:58.000Z", "id": "807003567605227520", "location": "Los Angeles, CA", "name": "Amber Heard", "profile_image_url": "https://pbs.twimg.com/profile_images/1383196364792680448/N8CdupEu_normal.jpg", "username": "realamberheard", "url": "https://t.co/Ze18Ek9SOI", "description": "Actor and Activist, semi-professional disruptor, ice cream advocate and shameless teacup yorkie-lover"}}, "author": {"public_metrics": {"followers_count": 1345, "following_count": 379, "tweet_count": 11176, "listed_count": 9}, "created_at": "2018-10-18T21:08:22.000Z", "id": "1053030046422720517", "location": "Germany\n", "name": "Nina", "profile_image_url": "https://pbs.twimg.com/profile_images/1431294744924143622/3v9z28my_normal.jpg", "username": "villainimnot", "url": "", "description": "#WeAreWithYouJohnnyDepp"}}]