[{"referenced_tweets": [{"type": "retweeted", "id": "1181703020263989248"}], "id": "1217182289572061186", "author_id": "1011892601941872641", "entities": {"mentions": [{"start": 3, "end": 19, "username": "arbitrary_deten", "id": "1150740588783910914"}], "hashtags": [{"start": 21, "end": 32, "tag": "FreeMarsha"}]}, "created_at": "2020-01-14T20:30:46.000Z", "text": "RT @arbitrary_deten: #FreeMarsha", "public_metrics": {"retweet_count": 6, "reply_count": 0, "like_count": 0, "quote_count": 0}, "source": "Twitter for iPhone", "lang": "und", "quoted_tweet": {"id": "1179177196239409152", "entities": {"urls": [{"start": 138, "end": 161, "url": "https://t.co/ldlEh3BXPQ", "expanded_url": "https://youtu.be/ZBI0oc80p3g", "display_url": "youtu.be/ZBI0oc80p3g", "status": 200, "unwound_url": "https://www.youtube.com/watch?v=ZBI0oc80p3g&feature=youtu.be"}], "mentions": [{"start": 18, "end": 33, "username": "MarshaLazareva", "id": "971353158990647296"}]}, "author_id": "807003567605227520", "created_at": "2019-10-01T23:32:06.000Z", "text": "What happened to \u2066@MarshaLazareva\u2069 is an example of happens to those of us brave (or stupid) enough to stand in the way of our own rights https://t.co/ldlEh3BXPQ", "public_metrics": {"retweet_count": 23, "reply_count": 18, "like_count": 261, "quote_count": 8}, "source": "Twitter for iPad", "lang": "en", "author": {"location": "Los Angeles, CA", "created_at": "2016-12-08T23:26:58.000Z", "profile_image_url": "https://pbs.twimg.com/profile_images/1383196364792680448/N8CdupEu_normal.jpg", "public_metrics": {"followers_count": 190338, "following_count": 220, "tweet_count": 1149, "listed_count": 567}, "url": "https://t.co/Ze18Ek9SOI", "id": "807003567605227520", "name": "Amber Heard", "username": "realamberheard", "description": "Actor and Activist, semi-professional disruptor, ice cream advocate and shameless teacup yorkie-lover"}}, "author": {"created_at": "2018-06-27T08:42:51.000Z", "profile_image_url": "https://pbs.twimg.com/profile_images/1506417096426729472/WObRpxEy_normal.jpg", "public_metrics": {"followers_count": 314, "following_count": 124, "tweet_count": 6800, "listed_count": 2}, "url": "", "id": "1011892601941872641", "name": "Amber Heard", "username": "AmberHeard_best", "description": "We Are With You \u2764\ufe0f @realAmberHeard \u2764\ufe0f"}}, {"referenced_tweets": [{"type": "quoted", "id": "1179177196239409152"}], "id": "1186910330477256706", "entities": {"urls": [{"start": 114, "end": 137, "url": "https://t.co/zr9XwUBwzp", "expanded_url": "https://twitter.com/realamberheard/status/1179177196239409152", "display_url": "twitter.com/realamberheard\u2026"}]}, "author_id": "113460739", "created_at": "2019-10-23T07:40:49.000Z", "text": "\u0414\u0435\u043b\u043e\u043c \u041c\u0430\u0440\u0438\u0438 \u041b\u0430\u0437\u0430\u0440\u0435\u0432\u043e\u0439 \u0437\u0430\u043d\u0438\u043c\u0430\u044e\u0442\u0441\u044f \u0438 \u0433\u043e\u043b\u043b\u0438\u0432\u0443\u0434\u0441\u043a\u0438\u0435 \u043a\u0438\u043d\u043e\u0437\u0432\u0435\u0437\u0434\u044b, \u0438 \u0441\u043f\u0435\u0446\u043f\u0440\u0435\u0434\u0441\u0442\u0430\u0432\u0438\u0442\u0435\u043b\u0438 \u041e\u041e\u041d. \u0412\u0441\u0435 \u043f\u043e\u043d\u0438\u043c\u0430\u044e\u0442 \u0430\u0431\u0441\u0443\u0440\u0434 \u0441\u0438\u0442\u0443\u0430\u0446\u0438\u0438 https://t.co/zr9XwUBwzp", "public_metrics": {"retweet_count": 0, "reply_count": 3, "like_count": 0, "quote_count": 0}, "source": "Twitter for iPhone", "lang": "ru", "quoted_tweet": {"id": "1179177196239409152", "entities": {"urls": [{"start": 138, "end": 161, "url": "https://t.co/ldlEh3BXPQ", "expanded_url": "https://youtu.be/ZBI0oc80p3g", "display_url": "youtu.be/ZBI0oc80p3g", "status": 200, "unwound_url": "https://www.youtube.com/watch?v=ZBI0oc80p3g&feature=youtu.be"}], "mentions": [{"start": 18, "end": 33, "username": "MarshaLazareva", "id": "971353158990647296"}]}, "author_id": "807003567605227520", "created_at": "2019-10-01T23:32:06.000Z", "text": "What happened to \u2066@MarshaLazareva\u2069 is an example of happens to those of us brave (or stupid) enough to stand in the way of our own rights https://t.co/ldlEh3BXPQ", "public_metrics": {"retweet_count": 23, "reply_count": 18, "like_count": 261, "quote_count": 8}, "source": "Twitter for iPad", "lang": "en", "author": {"location": "Los Angeles, CA", "created_at": "2016-12-08T23:26:58.000Z", "profile_image_url": "https://pbs.twimg.com/profile_images/1383196364792680448/N8CdupEu_normal.jpg", "public_metrics": {"followers_count": 190338, "following_count": 220, "tweet_count": 1149, "listed_count": 567}, "url": "https://t.co/Ze18Ek9SOI", "id": "807003567605227520", "name": "Amber Heard", "username": "realamberheard", "description": "Actor and Activist, semi-professional disruptor, ice cream advocate and shameless teacup yorkie-lover"}}, "author": {"location": "\u041f\u0435\u0442\u0435\u0440\u0431\u0443\u0440\u0433-\u041c\u043e\u0441\u043a\u0432\u0430", "created_at": "2010-02-11T20:56:03.000Z", "profile_image_url": "https://pbs.twimg.com/profile_images/1053762578365759490/pplL_ynM_normal.jpg", "public_metrics": {"followers_count": 111910, "following_count": 366, "tweet_count": 29869, "listed_count": 572}, "url": "", "id": "113460739", "name": "\u0421\u0432\u0435\u0442\u043b\u0430\u043d\u0430 \u0416\u0443\u0440\u043e\u0432\u0430", "username": "szhurova", "description": "\u041e\u043b\u0438\u043c\u043f\u0438\u0439\u0441\u043a\u0430\u044f \u0427\u0435\u043c\u043f\u0438\u043e\u043d\u043a\u0430, \u0414\u0435\u043f\u0443\u0442\u0430\u0442 \u0413\u0414, Olympic Champion 2006 speed skating"}}, {"referenced_tweets": [{"type": "retweeted", "id": "1181703020263989248"}], "id": "1182681995874316288", "entities": {"urls": [{"start": 33, "end": 56, "url": "https://t.co/KGDdypPebc", "expanded_url": "https://twitter.com/realamberheard/status/1179177196239409152", "display_url": "twitter.com/realamberheard\u2026"}], "mentions": [{"start": 3, "end": 19, "username": "arbitrary_deten", "id": "1150740588783910914"}], "hashtags": [{"start": 21, "end": 32, "tag": "FreeMarsha"}]}, "author_id": "147283252", "created_at": "2019-10-11T15:38:55.000Z", "text": "RT @arbitrary_deten: #FreeMarsha https://t.co/KGDdypPebc", "public_metrics": {"retweet_count": 6, "reply_count": 0, "like_count": 0, "quote_count": 0}, "source": "Twitter for Android", "lang": "und", "quoted_tweet": {"id": "1179177196239409152", "entities": {"urls": [{"start": 138, "end": 161, "url": "https://t.co/ldlEh3BXPQ", "expanded_url": "https://youtu.be/ZBI0oc80p3g", "display_url": "youtu.be/ZBI0oc80p3g", "status": 200, "unwound_url": "https://www.youtube.com/watch?v=ZBI0oc80p3g&feature=youtu.be"}], "mentions": [{"start": 18, "end": 33, "username": "MarshaLazareva", "id": "971353158990647296"}]}, "author_id": "807003567605227520", "created_at": "2019-10-01T23:32:06.000Z", "text": "What happened to \u2066@MarshaLazareva\u2069 is an example of happens to those of us brave (or stupid) enough to stand in the way of our own rights https://t.co/ldlEh3BXPQ", "public_metrics": {"retweet_count": 23, "reply_count": 18, "like_count": 261, "quote_count": 8}, "source": "Twitter for iPad", "lang": "en", "author": {"location": "Los Angeles, CA", "created_at": "2016-12-08T23:26:58.000Z", "profile_image_url": "https://pbs.twimg.com/profile_images/1383196364792680448/N8CdupEu_normal.jpg", "public_metrics": {"followers_count": 190338, "following_count": 220, "tweet_count": 1149, "listed_count": 567}, "url": "https://t.co/Ze18Ek9SOI", "id": "807003567605227520", "name": "Amber Heard", "username": "realamberheard", "description": "Actor and Activist, semi-professional disruptor, ice cream advocate and shameless teacup yorkie-lover"}}, "author": {"created_at": "2010-05-23T18:19:50.000Z", "profile_image_url": "https://pbs.twimg.com/profile_images/967088883266736129/X8i1lB_B_normal.jpg", "public_metrics": {"followers_count": 71, "following_count": 276, "tweet_count": 4002, "listed_count": 1}, "url": "", "id": "147283252", "name": "Theimagebanks", "username": "Theimagebanks", "description": ""}}, {"referenced_tweets": [{"type": "retweeted", "id": "1181703020263989248"}], "id": "1182262239501459456", "entities": {"urls": [{"start": 33, "end": 56, "url": "https://t.co/KGDdypPebc", "expanded_url": "https://twitter.com/realamberheard/status/1179177196239409152", "display_url": "twitter.com/realamberheard\u2026"}], "mentions": [{"start": 3, "end": 19, "username": "arbitrary_deten", "id": "1150740588783910914"}], "hashtags": [{"start": 21, "end": 32, "tag": "FreeMarsha"}]}, "author_id": "785148392498421760", "created_at": "2019-10-10T11:50:57.000Z", "text": "RT @arbitrary_deten: #FreeMarsha https://t.co/KGDdypPebc", "public_metrics": {"retweet_count": 6, "reply_count": 0, "like_count": 0, "quote_count": 0}, "source": "Twitter for Android", "lang": "und", "quoted_tweet": {"id": "1179177196239409152", "entities": {"urls": [{"start": 138, "end": 161, "url": "https://t.co/ldlEh3BXPQ", "expanded_url": "https://youtu.be/ZBI0oc80p3g", "display_url": "youtu.be/ZBI0oc80p3g", "status": 200, "unwound_url": "https://www.youtube.com/watch?v=ZBI0oc80p3g&feature=youtu.be"}], "mentions": [{"start": 18, "end": 33, "username": "MarshaLazareva", "id": "971353158990647296"}]}, "author_id": "807003567605227520", "created_at": "2019-10-01T23:32:06.000Z", "text": "What happened to \u2066@MarshaLazareva\u2069 is an example of happens to those of us brave (or stupid) enough to stand in the way of our own rights https://t.co/ldlEh3BXPQ", "public_metrics": {"retweet_count": 23, "reply_count": 18, "like_count": 261, "quote_count": 8}, "source": "Twitter for iPad", "lang": "en", "author": {"location": "Los Angeles, CA", "created_at": "2016-12-08T23:26:58.000Z", "profile_image_url": "https://pbs.twimg.com/profile_images/1383196364792680448/N8CdupEu_normal.jpg", "public_metrics": {"followers_count": 190338, "following_count": 220, "tweet_count": 1149, "listed_count": 567}, "url": "https://t.co/Ze18Ek9SOI", "id": "807003567605227520", "name": "Amber Heard", "username": "realamberheard", "description": "Actor and Activist, semi-professional disruptor, ice cream advocate and shameless teacup yorkie-lover"}}, "author": {"location": "Bordeaux, France", "created_at": "2016-10-09T16:02:18.000Z", "profile_image_url": "https://pbs.twimg.com/profile_images/1138826096386936837/71Iwj2dh_normal.jpg", "public_metrics": {"followers_count": 735, "following_count": 720, "tweet_count": 49331, "listed_count": 28}, "url": "", "id": "785148392498421760", "name": "Cora Melodie", "username": "CoraMelodie", "description": "Actress/Producer & UNHCR Special Envoy #AngelinaJolie | Actress, Activist & Human Rights Champion @realamberheard | @JeniferOfficiel \n\n#IStandWithYouAmberHeard"}}, {"referenced_tweets": [{"type": "retweeted", "id": "1181703020263989248"}], "id": "1182029519424823300", "entities": {"urls": [{"start": 33, "end": 56, "url": "https://t.co/KGDdypPebc", "expanded_url": "https://twitter.com/realamberheard/status/1179177196239409152", "display_url": "twitter.com/realamberheard\u2026"}], "mentions": [{"start": 3, "end": 19, "username": "arbitrary_deten", "id": "1150740588783910914"}], "hashtags": [{"start": 21, "end": 32, "tag": "FreeMarsha"}]}, "author_id": "4396120342", "created_at": "2019-10-09T20:26:13.000Z", "text": "RT @arbitrary_deten: #FreeMarsha https://t.co/KGDdypPebc", "public_metrics": {"retweet_count": 6, "reply_count": 0, "like_count": 0, "quote_count": 0}, "source": "Twitter for Android", "lang": "und", "quoted_tweet": {"id": "1179177196239409152", "entities": {"urls": [{"start": 138, "end": 161, "url": "https://t.co/ldlEh3BXPQ", "expanded_url": "https://youtu.be/ZBI0oc80p3g", "display_url": "youtu.be/ZBI0oc80p3g", "status": 200, "unwound_url": "https://www.youtube.com/watch?v=ZBI0oc80p3g&feature=youtu.be"}], "mentions": [{"start": 18, "end": 33, "username": "MarshaLazareva", "id": "971353158990647296"}]}, "author_id": "807003567605227520", "created_at": "2019-10-01T23:32:06.000Z", "text": "What happened to \u2066@MarshaLazareva\u2069 is an example of happens to those of us brave (or stupid) enough to stand in the way of our own rights https://t.co/ldlEh3BXPQ", "public_metrics": {"retweet_count": 23, "reply_count": 18, "like_count": 261, "quote_count": 8}, "source": "Twitter for iPad", "lang": "en", "author": {"location": "Los Angeles, CA", "created_at": "2016-12-08T23:26:58.000Z", "profile_image_url": "https://pbs.twimg.com/profile_images/1383196364792680448/N8CdupEu_normal.jpg", "public_metrics": {"followers_count": 190338, "following_count": 220, "tweet_count": 1149, "listed_count": 567}, "url": "https://t.co/Ze18Ek9SOI", "id": "807003567605227520", "name": "Amber Heard", "username": "realamberheard", "description": "Actor and Activist, semi-professional disruptor, ice cream advocate and shameless teacup yorkie-lover"}}, "author": {"created_at": "2015-12-06T17:21:06.000Z", "profile_image_url": "https://pbs.twimg.com/profile_images/1378175478478082050/UKLiQPuk_normal.jpg", "public_metrics": {"followers_count": 677, "following_count": 296, "tweet_count": 58564, "listed_count": 23}, "url": "", "id": "4396120342", "name": "STIRGUS SACCHETTI", "username": "stirgussa", "description": "Only two things are infinite, the universe and human stupidity, and I'm not sure about the former. - Albert Einstein and Me!"}}, {"referenced_tweets": [{"type": "retweeted", "id": "1181703020263989248"}], "id": "1181727195707756544", "entities": {"urls": [{"start": 33, "end": 56, "url": "https://t.co/KGDdypPebc", "expanded_url": "https://twitter.com/realamberheard/status/1179177196239409152", "display_url": "twitter.com/realamberheard\u2026"}], "mentions": [{"start": 3, "end": 19, "username": "arbitrary_deten", "id": "1150740588783910914"}], "hashtags": [{"start": 21, "end": 32, "tag": "FreeMarsha"}]}, "author_id": "847762217546137600", "created_at": "2019-10-09T00:24:53.000Z", "text": "RT @arbitrary_deten: #FreeMarsha https://t.co/KGDdypPebc", "public_metrics": {"retweet_count": 6, "reply_count": 0, "like_count": 0, "quote_count": 0}, "source": "Twitter for iPhone", "lang": "und", "quoted_tweet": {"id": "1179177196239409152", "entities": {"urls": [{"start": 138, "end": 161, "url": "https://t.co/ldlEh3BXPQ", "expanded_url": "https://youtu.be/ZBI0oc80p3g", "display_url": "youtu.be/ZBI0oc80p3g", "status": 200, "unwound_url": "https://www.youtube.com/watch?v=ZBI0oc80p3g&feature=youtu.be"}], "mentions": [{"start": 18, "end": 33, "username": "MarshaLazareva", "id": "971353158990647296"}]}, "author_id": "807003567605227520", "created_at": "2019-10-01T23:32:06.000Z", "text": "What happened to \u2066@MarshaLazareva\u2069 is an example of happens to those of us brave (or stupid) enough to stand in the way of our own rights https://t.co/ldlEh3BXPQ", "public_metrics": {"retweet_count": 23, "reply_count": 18, "like_count": 261, "quote_count": 8}, "source": "Twitter for iPad", "lang": "en", "author": {"location": "Los Angeles, CA", "created_at": "2016-12-08T23:26:58.000Z", "profile_image_url": "https://pbs.twimg.com/profile_images/1383196364792680448/N8CdupEu_normal.jpg", "public_metrics": {"followers_count": 190338, "following_count": 220, "tweet_count": 1149, "listed_count": 567}, "url": "https://t.co/Ze18Ek9SOI", "id": "807003567605227520", "name": "Amber Heard", "username": "realamberheard", "description": "Actor and Activist, semi-professional disruptor, ice cream advocate and shameless teacup yorkie-lover"}}, "author": {"location": "Worldie.com & International \ud83d\ude80", "created_at": "2017-03-31T10:47:18.000Z", "profile_image_url": "https://pbs.twimg.com/profile_images/1180185247884824576/3Zvt_F6Y_normal.jpg", "public_metrics": {"followers_count": 2653, "following_count": 4555, "tweet_count": 32732, "listed_count": 21}, "url": "https://t.co/7SykGO7PSU", "id": "847762217546137600", "name": "Christina Taft \ud83e\uddecCEO\ud83c\udfd6\ud83c\udfb6\u2708\ufe0f", "username": "XTinaTaft", "description": "#Founder Social Media for Good ~ https://t.co/7SykGO7PSU\ud83d\ude80Better World #CEO\u2708Innovator\ud83c\udf89#Egalitarian\ud83c\udfb8#Entrepreneur\ud83d\udc2c#Tech\ud83c\udfd6#Futurist\ud83d\udca1#Motivationology\u2600\ufe0f#Data\ud83e\udde1#WomenInPower"}}, {"referenced_tweets": [{"type": "retweeted", "id": "1181703020263989248"}], "id": "1181707839439560705", "entities": {"urls": [{"start": 33, "end": 56, "url": "https://t.co/KGDdypPebc", "expanded_url": "https://twitter.com/realamberheard/status/1179177196239409152", "display_url": "twitter.com/realamberheard\u2026"}], "mentions": [{"start": 3, "end": 19, "username": "arbitrary_deten", "id": "1150740588783910914"}], "hashtags": [{"start": 21, "end": 32, "tag": "FreeMarsha"}]}, "author_id": "855471198905536512", "created_at": "2019-10-08T23:07:58.000Z", "text": "RT @arbitrary_deten: #FreeMarsha https://t.co/KGDdypPebc", "public_metrics": {"retweet_count": 6, "reply_count": 0, "like_count": 0, "quote_count": 0}, "source": "Twitter Web App", "lang": "und", "quoted_tweet": {"id": "1179177196239409152", "entities": {"urls": [{"start": 138, "end": 161, "url": "https://t.co/ldlEh3BXPQ", "expanded_url": "https://youtu.be/ZBI0oc80p3g", "display_url": "youtu.be/ZBI0oc80p3g", "status": 200, "unwound_url": "https://www.youtube.com/watch?v=ZBI0oc80p3g&feature=youtu.be"}], "mentions": [{"start": 18, "end": 33, "username": "MarshaLazareva", "id": "971353158990647296"}]}, "author_id": "807003567605227520", "created_at": "2019-10-01T23:32:06.000Z", "text": "What happened to \u2066@MarshaLazareva\u2069 is an example of happens to those of us brave (or stupid) enough to stand in the way of our own rights https://t.co/ldlEh3BXPQ", "public_metrics": {"retweet_count": 23, "reply_count": 18, "like_count": 261, "quote_count": 8}, "source": "Twitter for iPad", "lang": "en", "author": {"location": "Los Angeles, CA", "created_at": "2016-12-08T23:26:58.000Z", "profile_image_url": "https://pbs.twimg.com/profile_images/1383196364792680448/N8CdupEu_normal.jpg", "public_metrics": {"followers_count": 190338, "following_count": 220, "tweet_count": 1149, "listed_count": 567}, "url": "https://t.co/Ze18Ek9SOI", "id": "807003567605227520", "name": "Amber Heard", "username": "realamberheard", "description": "Actor and Activist, semi-professional disruptor, ice cream advocate and shameless teacup yorkie-lover"}}, "author": {"location": "Atlantis  ", "created_at": "2017-04-21T17:20:02.000Z", "profile_image_url": "https://pbs.twimg.com/profile_images/1503082598930735108/a1v51xt6_normal.jpg", "public_metrics": {"followers_count": 68, "following_count": 75, "tweet_count": 5668, "listed_count": 0}, "url": "", "id": "855471198905536512", "name": "PlanetEmerald", "username": "planet_emeraude", "description": "Don't worry about what others think. Most people are always negative,don't let it bother you\ud83c\udf38\ud83c\udf3f\ud83c\udff3\ufe0f\u200d\ud83c\udf08Talking about feelings can and does help people to feel better"}}, {"referenced_tweets": [{"type": "quoted", "id": "1179177196239409152"}], "id": "1181703020263989248", "entities": {"urls": [{"start": 12, "end": 35, "url": "https://t.co/KGDdypPebc", "expanded_url": "https://twitter.com/realamberheard/status/1179177196239409152", "display_url": "twitter.com/realamberheard\u2026"}], "hashtags": [{"start": 0, "end": 11, "tag": "FreeMarsha"}]}, "author_id": "1150740588783910914", "created_at": "2019-10-08T22:48:49.000Z", "text": "#FreeMarsha https://t.co/KGDdypPebc", "public_metrics": {"retweet_count": 6, "reply_count": 0, "like_count": 12, "quote_count": 0}, "source": "Twitter for iPhone", "lang": "und", "quoted_tweet": {"id": "1179177196239409152", "entities": {"urls": [{"start": 138, "end": 161, "url": "https://t.co/ldlEh3BXPQ", "expanded_url": "https://youtu.be/ZBI0oc80p3g", "display_url": "youtu.be/ZBI0oc80p3g", "status": 200, "unwound_url": "https://www.youtube.com/watch?v=ZBI0oc80p3g&feature=youtu.be"}], "mentions": [{"start": 18, "end": 33, "username": "MarshaLazareva", "id": "971353158990647296"}]}, "author_id": "807003567605227520", "created_at": "2019-10-01T23:32:06.000Z", "text": "What happened to \u2066@MarshaLazareva\u2069 is an example of happens to those of us brave (or stupid) enough to stand in the way of our own rights https://t.co/ldlEh3BXPQ", "public_metrics": {"retweet_count": 23, "reply_count": 18, "like_count": 261, "quote_count": 8}, "source": "Twitter for iPad", "lang": "en", "author": {"location": "Los Angeles, CA", "created_at": "2016-12-08T23:26:58.000Z", "profile_image_url": "https://pbs.twimg.com/profile_images/1383196364792680448/N8CdupEu_normal.jpg", "public_metrics": {"followers_count": 190338, "following_count": 220, "tweet_count": 1149, "listed_count": 567}, "url": "https://t.co/Ze18Ek9SOI", "id": "807003567605227520", "name": "Amber Heard", "username": "realamberheard", "description": "Actor and Activist, semi-professional disruptor, ice cream advocate and shameless teacup yorkie-lover"}}, "author": {"location": "Kuwait", "created_at": "2019-07-15T12:15:10.000Z", "profile_image_url": "https://pbs.twimg.com/profile_images/1150777496285196288/DIIbd0_M_normal.jpg", "public_metrics": {"followers_count": 851, "following_count": 982, "tweet_count": 672, "listed_count": 2}, "url": "https://t.co/gKJu29OL79", "id": "1150740588783910914", "name": "Arbitrary Detention", "username": "arbitrary_deten", "description": "A page focusing on arbitrary detention and human rights violations across the world."}}, {"referenced_tweets": [{"type": "quoted", "id": "1179177196239409152"}], "id": "1179452741686583298", "entities": {"urls": [{"start": 36, "end": 59, "url": "https://t.co/Y7ADvu9U3P", "expanded_url": "https://twitter.com/realamberheard/status/1179177196239409152", "display_url": "twitter.com/realamberheard\u2026"}], "mentions": [{"start": 20, "end": 35, "username": "MarshaLazareva", "id": "971353158990647296"}], "hashtags": [{"start": 0, "end": 7, "tag": "Kuwait"}, {"start": 8, "end": 19, "tag": "freeMarsha"}]}, "author_id": "998239139425345536", "created_at": "2019-10-02T17:47:01.000Z", "text": "#Kuwait #freeMarsha @MarshaLazareva https://t.co/Y7ADvu9U3P", "public_metrics": {"retweet_count": 0, "reply_count": 0, "like_count": 1, "quote_count": 0}, "source": "Twitter Web App", "lang": "und", "quoted_tweet": {"id": "1179177196239409152", "entities": {"urls": [{"start": 138, "end": 161, "url": "https://t.co/ldlEh3BXPQ", "expanded_url": "https://youtu.be/ZBI0oc80p3g", "display_url": "youtu.be/ZBI0oc80p3g", "status": 200, "unwound_url": "https://www.youtube.com/watch?v=ZBI0oc80p3g&feature=youtu.be"}], "mentions": [{"start": 18, "end": 33, "username": "MarshaLazareva", "id": "971353158990647296"}]}, "author_id": "807003567605227520", "created_at": "2019-10-01T23:32:06.000Z", "text": "What happened to \u2066@MarshaLazareva\u2069 is an example of happens to those of us brave (or stupid) enough to stand in the way of our own rights https://t.co/ldlEh3BXPQ", "public_metrics": {"retweet_count": 23, "reply_count": 18, "like_count": 261, "quote_count": 8}, "source": "Twitter for iPad", "lang": "en", "author": {"location": "Los Angeles, CA", "created_at": "2016-12-08T23:26:58.000Z", "profile_image_url": "https://pbs.twimg.com/profile_images/1383196364792680448/N8CdupEu_normal.jpg", "public_metrics": {"followers_count": 190338, "following_count": 220, "tweet_count": 1149, "listed_count": 567}, "url": "https://t.co/Ze18Ek9SOI", "id": "807003567605227520", "name": "Amber Heard", "username": "realamberheard", "description": "Actor and Activist, semi-professional disruptor, ice cream advocate and shameless teacup yorkie-lover"}}, "author": {"created_at": "2018-05-20T16:28:52.000Z", "profile_image_url": "https://pbs.twimg.com/profile_images/998245988442636289/jCboEQZn_normal.jpg", "public_metrics": {"followers_count": 443, "following_count": 8, "tweet_count": 264, "listed_count": 1}, "url": "", "id": "998239139425345536", "name": "Mark Williams", "username": "MarkWilliamsJD", "description": "International Private Equity Professional"}}, {"referenced_tweets": [{"type": "quoted", "id": "1179177196239409152"}], "id": "1179445250957271040", "entities": {"annotations": [{"start": 185, "end": 190, "probability": 0.5847, "type": "Person", "normalized_text": "Marsha"}], "urls": [{"start": 197, "end": 220, "url": "https://t.co/S3myQnSVKs", "expanded_url": "https://twitter.com/realamberheard/status/1179177196239409152", "display_url": "twitter.com/realamberheard\u2026"}], "hashtags": [{"start": 5, "end": 20, "tag": "MarshaLazareva"}, {"start": 23, "end": 30, "tag": "Kuwait"}, {"start": 85, "end": 101, "tag": "Doublestandards"}, {"start": 159, "end": 173, "tag": "businesswoman"}, {"start": 177, "end": 188, "tag": "MiddleEast"}]}, "author_id": "847762217546137600", "created_at": "2019-10-02T17:17:15.000Z", "text": "Free #MarshaLazareva!\n\n#Kuwait needs to free her &amp; appreciative of her business. #Doublestandards between her and the man who forged.\n\nKeep being a female #businesswoman in #MiddleEast Marsha! https://t.co/S3myQnSVKs", "public_metrics": {"retweet_count": 0, "reply_count": 0, "like_count": 2, "quote_count": 0}, "source": "Twitter for iPhone", "lang": "en", "quoted_tweet": {"id": "1179177196239409152", "entities": {"urls": [{"start": 138, "end": 161, "url": "https://t.co/ldlEh3BXPQ", "expanded_url": "https://youtu.be/ZBI0oc80p3g", "display_url": "youtu.be/ZBI0oc80p3g", "status": 200, "unwound_url": "https://www.youtube.com/watch?v=ZBI0oc80p3g&feature=youtu.be"}], "mentions": [{"start": 18, "end": 33, "username": "MarshaLazareva", "id": "971353158990647296"}]}, "author_id": "807003567605227520", "created_at": "2019-10-01T23:32:06.000Z", "text": "What happened to \u2066@MarshaLazareva\u2069 is an example of happens to those of us brave (or stupid) enough to stand in the way of our own rights https://t.co/ldlEh3BXPQ", "public_metrics": {"retweet_count": 23, "reply_count": 18, "like_count": 261, "quote_count": 8}, "source": "Twitter for iPad", "lang": "en", "author": {"location": "Los Angeles, CA", "created_at": "2016-12-08T23:26:58.000Z", "profile_image_url": "https://pbs.twimg.com/profile_images/1383196364792680448/N8CdupEu_normal.jpg", "public_metrics": {"followers_count": 190338, "following_count": 220, "tweet_count": 1149, "listed_count": 567}, "url": "https://t.co/Ze18Ek9SOI", "id": "807003567605227520", "name": "Amber Heard", "username": "realamberheard", "description": "Actor and Activist, semi-professional disruptor, ice cream advocate and shameless teacup yorkie-lover"}}, "author": {"location": "Worldie.com & International \ud83d\ude80", "created_at": "2017-03-31T10:47:18.000Z", "profile_image_url": "https://pbs.twimg.com/profile_images/1180185247884824576/3Zvt_F6Y_normal.jpg", "public_metrics": {"followers_count": 2653, "following_count": 4555, "tweet_count": 32732, "listed_count": 21}, "url": "https://t.co/7SykGO7PSU", "id": "847762217546137600", "name": "Christina Taft \ud83e\uddecCEO\ud83c\udfd6\ud83c\udfb6\u2708\ufe0f", "username": "XTinaTaft", "description": "#Founder Social Media for Good ~ https://t.co/7SykGO7PSU\ud83d\ude80Better World #CEO\u2708Innovator\ud83c\udf89#Egalitarian\ud83c\udfb8#Entrepreneur\ud83d\udc2c#Tech\ud83c\udfd6#Futurist\ud83d\udca1#Motivationology\u2600\ufe0f#Data\ud83e\udde1#WomenInPower"}}, {"referenced_tweets": [{"type": "quoted", "id": "1179177196239409152"}], "id": "1179420621148700673", "entities": {"urls": [{"start": 12, "end": 35, "url": "https://t.co/D1RVJN4UwI", "expanded_url": "https://twitter.com/realamberheard/status/1179177196239409152", "display_url": "twitter.com/realamberheard\u2026"}], "hashtags": [{"start": 0, "end": 11, "tag": "FreeMarsha"}]}, "author_id": "2629042332", "created_at": "2019-10-02T15:39:23.000Z", "text": "#FreeMarsha https://t.co/D1RVJN4UwI", "public_metrics": {"retweet_count": 0, "reply_count": 0, "like_count": 0, "quote_count": 0}, "source": "Twitter Web Client", "lang": "und", "quoted_tweet": {"id": "1179177196239409152", "entities": {"urls": [{"start": 138, "end": 161, "url": "https://t.co/ldlEh3BXPQ", "expanded_url": "https://youtu.be/ZBI0oc80p3g", "display_url": "youtu.be/ZBI0oc80p3g", "status": 200, "unwound_url": "https://www.youtube.com/watch?v=ZBI0oc80p3g&feature=youtu.be"}], "mentions": [{"start": 18, "end": 33, "username": "MarshaLazareva", "id": "971353158990647296"}]}, "author_id": "807003567605227520", "created_at": "2019-10-01T23:32:06.000Z", "text": "What happened to \u2066@MarshaLazareva\u2069 is an example of happens to those of us brave (or stupid) enough to stand in the way of our own rights https://t.co/ldlEh3BXPQ", "public_metrics": {"retweet_count": 23, "reply_count": 18, "like_count": 261, "quote_count": 8}, "source": "Twitter for iPad", "lang": "en", "author": {"location": "Los Angeles, CA", "created_at": "2016-12-08T23:26:58.000Z", "profile_image_url": "https://pbs.twimg.com/profile_images/1383196364792680448/N8CdupEu_normal.jpg", "public_metrics": {"followers_count": 190338, "following_count": 220, "tweet_count": 1149, "listed_count": 567}, "url": "https://t.co/Ze18Ek9SOI", "id": "807003567605227520", "name": "Amber Heard", "username": "realamberheard", "description": "Actor and Activist, semi-professional disruptor, ice cream advocate and shameless teacup yorkie-lover"}}, "author": {"created_at": "2014-07-12T19:29:33.000Z", "profile_image_url": "https://pbs.twimg.com/profile_images/488045867429949440/tbgOn0x7_normal.jpeg", "public_metrics": {"followers_count": 605, "following_count": 121, "tweet_count": 211, "listed_count": 0}, "url": "http://t.co/vZozz7HGx7", "id": "2629042332", "name": "Omnia Strategy", "username": "omniastrategy", "description": "A pioneering international law firm specialising in dispute prevention and resolution, providing strategic counsel to governments, corporate and private clients"}}, {"referenced_tweets": [{"type": "quoted", "id": "1179177196239409152"}], "id": "1179384482580828163", "entities": {"urls": [{"start": 247, "end": 270, "url": "https://t.co/VBCsuvb37M", "expanded_url": "https://twitter.com/realamberheard/status/1179177196239409152", "display_url": "twitter.com/realamberheard\u2026"}], "hashtags": [{"start": 131, "end": 149, "tag": "amberheardisaliar"}, {"start": 150, "end": 177, "tag": "amberheardabusedjohnnydepp"}, {"start": 178, "end": 191, "tag": "February2020"}, {"start": 192, "end": 203, "tag": "AmberHeard"}, {"start": 204, "end": 211, "tag": "coward"}, {"start": 212, "end": 224, "tag": "keeprunning"}, {"start": 225, "end": 246, "tag": "justiceforjohnnydepp"}]}, "author_id": "1139879876834418688", "created_at": "2019-10-02T13:15:47.000Z", "text": "Shame the only thing you weakly stand for is your own right to be a scummy abusive leech on society and running away from justice.\n#amberheardisaliar #amberheardabusedjohnnydepp #February2020 #AmberHeard #coward #keeprunning #justiceforjohnnydepp https://t.co/VBCsuvb37M", "public_metrics": {"retweet_count": 0, "reply_count": 0, "like_count": 0, "quote_count": 0}, "source": "Twitter for Android", "lang": "en", "quoted_tweet": {"id": "1179177196239409152", "entities": {"urls": [{"start": 138, "end": 161, "url": "https://t.co/ldlEh3BXPQ", "expanded_url": "https://youtu.be/ZBI0oc80p3g", "display_url": "youtu.be/ZBI0oc80p3g", "status": 200, "unwound_url": "https://www.youtube.com/watch?v=ZBI0oc80p3g&feature=youtu.be"}], "mentions": [{"start": 18, "end": 33, "username": "MarshaLazareva", "id": "971353158990647296"}]}, "author_id": "807003567605227520", "created_at": "2019-10-01T23:32:06.000Z", "text": "What happened to \u2066@MarshaLazareva\u2069 is an example of happens to those of us brave (or stupid) enough to stand in the way of our own rights https://t.co/ldlEh3BXPQ", "public_metrics": {"retweet_count": 23, "reply_count": 18, "like_count": 261, "quote_count": 8}, "source": "Twitter for iPad", "lang": "en", "author": {"location": "Los Angeles, CA", "created_at": "2016-12-08T23:26:58.000Z", "profile_image_url": "https://pbs.twimg.com/profile_images/1383196364792680448/N8CdupEu_normal.jpg", "public_metrics": {"followers_count": 190338, "following_count": 220, "tweet_count": 1149, "listed_count": 567}, "url": "https://t.co/Ze18Ek9SOI", "id": "807003567605227520", "name": "Amber Heard", "username": "realamberheard", "description": "Actor and Activist, semi-professional disruptor, ice cream advocate and shameless teacup yorkie-lover"}}, "author": {"created_at": "2019-06-15T12:58:35.000Z", "profile_image_url": "https://pbs.twimg.com/profile_images/1147046938627301377/N_tdYHWz_normal.jpg", "public_metrics": {"followers_count": 14, "following_count": 100, "tweet_count": 4047, "listed_count": 0}, "url": "", "id": "1139879876834418688", "name": "EffervescentlyTired\ud83d\ude34\ud83c\udf0c", "username": "EffervescentlyT", "description": "Tired. Angry. Almost 30. The 20's came back and brought all the bullshit with it \ud83c\udf7e\ud83d\ude29"}}, {"referenced_tweets": [{"type": "quoted", "id": "1179177196239409152"}], "id": "1179177913981100032", "entities": {"urls": [{"start": 27, "end": 50, "url": "https://t.co/2HKEBLEuLY", "expanded_url": "https://twitter.com/realamberheard/status/1179177196239409152", "display_url": "twitter.com/realamberheard\u2026"}], "hashtags": [{"start": 0, "end": 9, "tag": "champion"}, {"start": 10, "end": 13, "tag": "UN"}, {"start": 14, "end": 26, "tag": "HumanRights"}]}, "author_id": "1962932425", "created_at": "2019-10-01T23:34:57.000Z", "text": "#champion #UN #HumanRights https://t.co/2HKEBLEuLY", "public_metrics": {"retweet_count": 0, "reply_count": 0, "like_count": 0, "quote_count": 0}, "source": "Twitter for iPhone", "lang": "und", "quoted_tweet": {"id": "1179177196239409152", "entities": {"urls": [{"start": 138, "end": 161, "url": "https://t.co/ldlEh3BXPQ", "expanded_url": "https://youtu.be/ZBI0oc80p3g", "display_url": "youtu.be/ZBI0oc80p3g", "status": 200, "unwound_url": "https://www.youtube.com/watch?v=ZBI0oc80p3g&feature=youtu.be"}], "mentions": [{"start": 18, "end": 33, "username": "MarshaLazareva", "id": "971353158990647296"}]}, "author_id": "807003567605227520", "created_at": "2019-10-01T23:32:06.000Z", "text": "What happened to \u2066@MarshaLazareva\u2069 is an example of happens to those of us brave (or stupid) enough to stand in the way of our own rights https://t.co/ldlEh3BXPQ", "public_metrics": {"retweet_count": 23, "reply_count": 18, "like_count": 261, "quote_count": 8}, "source": "Twitter for iPad", "lang": "en", "author": {"location": "Los Angeles, CA", "created_at": "2016-12-08T23:26:58.000Z", "profile_image_url": "https://pbs.twimg.com/profile_images/1383196364792680448/N8CdupEu_normal.jpg", "public_metrics": {"followers_count": 190338, "following_count": 220, "tweet_count": 1149, "listed_count": 567}, "url": "https://t.co/Ze18Ek9SOI", "id": "807003567605227520", "name": "Amber Heard", "username": "realamberheard", "description": "Actor and Activist, semi-professional disruptor, ice cream advocate and shameless teacup yorkie-lover"}}, "author": {"location": "On the road to Skyrim", "created_at": "2013-10-15T15:43:10.000Z", "profile_image_url": "https://pbs.twimg.com/profile_images/1357340265703297025/UcCyzEDL_normal.jpg", "public_metrics": {"followers_count": 170, "following_count": 452, "tweet_count": 3149, "listed_count": 0}, "url": "", "id": "1962932425", "name": "Angie", "username": "Angelfire8787", "description": "Currently being stalked by Mustangs... Spitfire, angel, mischief-made devil... impossible to peg in one basket."}}]