[{"source": "Twitter for Android", "text": "#AmberHeardIsAnAbuser \n#AmberHeardIsALiar\n#AmberHeardIsTheRealAbuser\n#AmberHeardOutOfAquaMan\n#AmberHeardAbusedJohnnyDepp\n#JusticeForJohnnyDepp \n#JohnnyDeppIsInnocent \n#JohnnyDeppDeservesJustice \n#JohnnyDeppIsASurvivor https://t.co/X225QQZaq8", "lang": "und", "created_at": "2020-11-10T11:02:06.000Z", "public_metrics": {"retweet_count": 0, "reply_count": 0, "like_count": 0, "quote_count": 0}, "entities": {"urls": [{"start": 218, "end": 241, "url": "https://t.co/X225QQZaq8", "expanded_url": "https://twitter.com/realamberheard/status/1184696590461571072", "display_url": "twitter.com/realamberheard\u2026"}], "hashtags": [{"start": 0, "end": 21, "tag": "AmberHeardIsAnAbuser"}, {"start": 23, "end": 41, "tag": "AmberHeardIsALiar"}, {"start": 42, "end": 68, "tag": "AmberHeardIsTheRealAbuser"}, {"start": 69, "end": 92, "tag": "AmberHeardOutOfAquaMan"}, {"start": 93, "end": 120, "tag": "AmberHeardAbusedJohnnyDepp"}, {"start": 121, "end": 142, "tag": "JusticeForJohnnyDepp"}, {"start": 144, "end": 165, "tag": "JohnnyDeppIsInnocent"}, {"start": 167, "end": 193, "tag": "JohnnyDeppDeservesJustice"}, {"start": 195, "end": 217, "tag": "JohnnyDeppIsASurvivor"}]}, "author_id": "1286739865728557057", "referenced_tweets": [{"type": "quoted", "id": "1184696590461571072"}], "id": "1326117927179808768", "quoted_tweet": {"source": "Twitter for iPhone", "text": "Dazzling company tonight...... thank you \u2066@RichardDawkins\u2069 \u2066@rdfrs\u2069 for such an incredible opportunity to share the stage with such an important, game-changing mind like you https://t.co/FGFmyeA18P", "lang": "en", "created_at": "2019-10-17T05:04:12.000Z", "entities": {"mentions": [{"start": 42, "end": 57, "username": "RichardDawkins", "id": "15143478"}, {"start": 60, "end": 66, "username": "rdfrs", "id": "138737516"}], "urls": [{"start": 174, "end": 197, "url": "https://t.co/FGFmyeA18P", "expanded_url": "https://twitter.com/realamberheard/status/1184696590461571072/photo/1", "display_url": "pic.twitter.com/FGFmyeA18P"}]}, "public_metrics": {"retweet_count": 35, "reply_count": 10, "like_count": 393, "quote_count": 1}, "author_id": "807003567605227520", "id": "1184696590461571072", "author": {"username": "realamberheard", "location": "Los Angeles, CA", "public_metrics": {"followers_count": 190337, "following_count": 220, "tweet_count": 1149, "listed_count": 567}, "name": "Amber Heard", "url": "https://t.co/Ze18Ek9SOI", "id": "807003567605227520", "created_at": "2016-12-08T23:26:58.000Z", "profile_image_url": "https://pbs.twimg.com/profile_images/1383196364792680448/N8CdupEu_normal.jpg", "description": "Actor and Activist, semi-professional disruptor, ice cream advocate and shameless teacup yorkie-lover"}}, "author": {"username": "SpartanofTweet", "location": "Texas, USA", "public_metrics": {"followers_count": 235, "following_count": 637, "tweet_count": 1198, "listed_count": 0}, "name": "Lady Spartan", "url": "", "id": "1286739865728557057", "created_at": "2020-07-24T19:08:00.000Z", "profile_image_url": "https://pbs.twimg.com/profile_images/1288190703948804096/lZ4DG2o0_normal.jpg", "description": "Raising Awareness of DV on MEN.\n#DomesticViolenceAwareness\n#JusticeForJohnnyDepp"}}]