[{"entities": {"urls": [{"start": 281, "end": 304, "url": "https://t.co/8tj847x0Hv", "expanded_url": "https://twitter.com/realamberheard/status/1188029435548708865", "display_url": "twitter.com/realamberheard\u2026"}], "annotations": [{"start": 45, "end": 55, "probability": 0.963, "type": "Person", "normalized_text": "johnny depp"}], "hashtags": [{"start": 74, "end": 95, "tag": "AmberHeardIsAnAbuser"}, {"start": 97, "end": 115, "tag": "AmberHeardIsALiar"}, {"start": 116, "end": 142, "tag": "AmberHeardIsTheRealAbuser"}, {"start": 143, "end": 166, "tag": "AmberHeardOutOfAquaMan"}, {"start": 167, "end": 194, "tag": "AmberHeardAbusedJohnnyDepp"}, {"start": 195, "end": 216, "tag": "JusticeForJohnnyDepp"}, {"start": 218, "end": 239, "tag": "JohnnyDeppIsInnocent"}, {"start": 241, "end": 267, "tag": "JohnnyDeppDeservesJustice"}, {"start": 269, "end": 280, "tag": "JohnnyDepp"}]}, "referenced_tweets": [{"type": "quoted", "id": "1188029435548708865"}], "id": "1326117622035869698", "created_at": "2020-11-10T11:00:53.000Z", "text": "Our heart is broken because of your abuse to johnny depp!\nYou are crazy.\n\n#AmberHeardIsAnAbuser \n#AmberHeardIsALiar\n#AmberHeardIsTheRealAbuser\n#AmberHeardOutOfAquaMan\n#AmberHeardAbusedJohnnyDepp\n#JusticeForJohnnyDepp \n#JohnnyDeppIsInnocent \n#JohnnyDeppDeservesJustice \n#JohnnyDepp https://t.co/8tj847x0Hv", "public_metrics": {"retweet_count": 0, "reply_count": 0, "like_count": 0, "quote_count": 0}, "author_id": "1286739865728557057", "lang": "en", "source": "Twitter for Android", "quoted_tweet": {"entities": {"urls": [{"start": 190, "end": 213, "url": "https://t.co/S2rBqaOHhx", "expanded_url": "https://rebuildnorthbay.org/donate/", "display_url": "rebuildnorthbay.org/donate/"}, {"start": 283, "end": 306, "url": "https://t.co/mKFrRc2oRG", "expanded_url": "https://twitter.com/realamberheard/status/1188029435548708865/photo/1", "display_url": "pic.twitter.com/mKFrRc2oRG"}, {"start": 283, "end": 306, "url": "https://t.co/mKFrRc2oRG", "expanded_url": "https://twitter.com/realamberheard/status/1188029435548708865/photo/1", "display_url": "pic.twitter.com/mKFrRc2oRG"}], "mentions": [{"start": 241, "end": 257, "username": "RebuildNorthBay", "id": "919697528295014400"}, {"start": 258, "end": 268, "username": "jkatzwine", "id": "3100357004"}], "annotations": [{"start": 25, "end": 30, "probability": 0.6185, "type": "Place", "normalized_text": "Sonoma"}, {"start": 133, "end": 134, "probability": 0.7832, "type": "Place", "normalized_text": "CA"}, {"start": 145, "end": 163, "probability": 0.9632, "type": "Place", "normalized_text": "Northern California"}], "hashtags": [{"start": 214, "end": 226, "tag": "KincadeFire"}, {"start": 227, "end": 240, "tag": "SonomaStrong"}]}, "id": "1188029435548708865", "created_at": "2019-10-26T09:47:44.000Z", "text": "My heart is breaking for Sonoma &amp; all those caught in the aftermath. It\u2019s a tragedy 2 see heaven burn. To help those impacted by the CA fires in Northern California please contribute to https://t.co/S2rBqaOHhx #KincadeFire #SonomaStrong @rebuildnorthbay @jkatzwine @sonomaStrong https://t.co/mKFrRc2oRG", "public_metrics": {"retweet_count": 49, "reply_count": 23, "like_count": 374, "quote_count": 3}, "author_id": "807003567605227520", "lang": "en", "source": "Twitter for iPhone", "author": {"public_metrics": {"followers_count": 190337, "following_count": 220, "tweet_count": 1149, "listed_count": 567}, "created_at": "2016-12-08T23:26:58.000Z", "name": "Amber Heard", "username": "realamberheard", "profile_image_url": "https://pbs.twimg.com/profile_images/1383196364792680448/N8CdupEu_normal.jpg", "location": "Los Angeles, CA", "id": "807003567605227520", "url": "https://t.co/Ze18Ek9SOI", "description": "Actor and Activist, semi-professional disruptor, ice cream advocate and shameless teacup yorkie-lover"}}, "author": {"public_metrics": {"followers_count": 235, "following_count": 637, "tweet_count": 1198, "listed_count": 0}, "created_at": "2020-07-24T19:08:00.000Z", "name": "Lady Spartan", "username": "SpartanofTweet", "profile_image_url": "https://pbs.twimg.com/profile_images/1288190703948804096/lZ4DG2o0_normal.jpg", "location": "Texas, USA", "id": "1286739865728557057", "url": "", "description": "Raising Awareness of DV on MEN.\n#DomesticViolenceAwareness\n#JusticeForJohnnyDepp"}}, {"entities": {"urls": [{"start": 14, "end": 37, "url": "https://t.co/eORyrxyWHC", "expanded_url": "https://twitter.com/realamberheard/status/1188029435548708865", "display_url": "twitter.com/realamberheard\u2026"}]}, "referenced_tweets": [{"type": "quoted", "id": "1188029435548708865"}], "id": "1188230416777519104", "created_at": "2019-10-26T23:06:22.000Z", "text": "Please donate https://t.co/eORyrxyWHC", "public_metrics": {"retweet_count": 0, "reply_count": 0, "like_count": 0, "quote_count": 0}, "author_id": "918149803", "lang": "en", "source": "Twitter Web App", "quoted_tweet": {"entities": {"urls": [{"start": 190, "end": 213, "url": "https://t.co/S2rBqaOHhx", "expanded_url": "https://rebuildnorthbay.org/donate/", "display_url": "rebuildnorthbay.org/donate/"}, {"start": 283, "end": 306, "url": "https://t.co/mKFrRc2oRG", "expanded_url": "https://twitter.com/realamberheard/status/1188029435548708865/photo/1", "display_url": "pic.twitter.com/mKFrRc2oRG"}, {"start": 283, "end": 306, "url": "https://t.co/mKFrRc2oRG", "expanded_url": "https://twitter.com/realamberheard/status/1188029435548708865/photo/1", "display_url": "pic.twitter.com/mKFrRc2oRG"}], "mentions": [{"start": 241, "end": 257, "username": "RebuildNorthBay", "id": "919697528295014400"}, {"start": 258, "end": 268, "username": "jkatzwine", "id": "3100357004"}], "annotations": [{"start": 25, "end": 30, "probability": 0.6185, "type": "Place", "normalized_text": "Sonoma"}, {"start": 133, "end": 134, "probability": 0.7832, "type": "Place", "normalized_text": "CA"}, {"start": 145, "end": 163, "probability": 0.9632, "type": "Place", "normalized_text": "Northern California"}], "hashtags": [{"start": 214, "end": 226, "tag": "KincadeFire"}, {"start": 227, "end": 240, "tag": "SonomaStrong"}]}, "id": "1188029435548708865", "created_at": "2019-10-26T09:47:44.000Z", "text": "My heart is breaking for Sonoma &amp; all those caught in the aftermath. It\u2019s a tragedy 2 see heaven burn. To help those impacted by the CA fires in Northern California please contribute to https://t.co/S2rBqaOHhx #KincadeFire #SonomaStrong @rebuildnorthbay @jkatzwine @sonomaStrong https://t.co/mKFrRc2oRG", "public_metrics": {"retweet_count": 49, "reply_count": 23, "like_count": 374, "quote_count": 3}, "author_id": "807003567605227520", "lang": "en", "source": "Twitter for iPhone", "author": {"public_metrics": {"followers_count": 190337, "following_count": 220, "tweet_count": 1149, "listed_count": 567}, "created_at": "2016-12-08T23:26:58.000Z", "name": "Amber Heard", "username": "realamberheard", "profile_image_url": "https://pbs.twimg.com/profile_images/1383196364792680448/N8CdupEu_normal.jpg", "location": "Los Angeles, CA", "id": "807003567605227520", "url": "https://t.co/Ze18Ek9SOI", "description": "Actor and Activist, semi-professional disruptor, ice cream advocate and shameless teacup yorkie-lover"}}, "author": {"public_metrics": {"followers_count": 23, "following_count": 70, "tweet_count": 168, "listed_count": 0}, "created_at": "2012-11-01T03:12:24.000Z", "name": "jeff seaton", "username": "jeffseaton1", "profile_image_url": "https://pbs.twimg.com/profile_images/2791438233/4b903efa72862559d66db0dba6ea9f3a_normal.jpeg", "location": "??????Florida ", "id": "918149803", "url": "", "description": "do the unexpected and live life like there is no tomorrow !!!!"}}, {"entities": {"urls": [{"start": 10, "end": 33, "url": "https://t.co/4TENLrSHic", "expanded_url": "https://twitter.com/realamberheard/status/1188029435548708865", "display_url": "twitter.com/realamberheard\u2026"}]}, "referenced_tweets": [{"type": "quoted", "id": "1188029435548708865"}], "id": "1188064918781616128", "created_at": "2019-10-26T12:08:44.000Z", "text": "Mine also https://t.co/4TENLrSHic", "public_metrics": {"retweet_count": 0, "reply_count": 0, "like_count": 0, "quote_count": 0}, "author_id": "942432541776195584", "lang": "de", "source": "Twitter for Android", "quoted_tweet": {"entities": {"urls": [{"start": 190, "end": 213, "url": "https://t.co/S2rBqaOHhx", "expanded_url": "https://rebuildnorthbay.org/donate/", "display_url": "rebuildnorthbay.org/donate/"}, {"start": 283, "end": 306, "url": "https://t.co/mKFrRc2oRG", "expanded_url": "https://twitter.com/realamberheard/status/1188029435548708865/photo/1", "display_url": "pic.twitter.com/mKFrRc2oRG"}, {"start": 283, "end": 306, "url": "https://t.co/mKFrRc2oRG", "expanded_url": "https://twitter.com/realamberheard/status/1188029435548708865/photo/1", "display_url": "pic.twitter.com/mKFrRc2oRG"}], "mentions": [{"start": 241, "end": 257, "username": "RebuildNorthBay", "id": "919697528295014400"}, {"start": 258, "end": 268, "username": "jkatzwine", "id": "3100357004"}], "annotations": [{"start": 25, "end": 30, "probability": 0.6185, "type": "Place", "normalized_text": "Sonoma"}, {"start": 133, "end": 134, "probability": 0.7832, "type": "Place", "normalized_text": "CA"}, {"start": 145, "end": 163, "probability": 0.9632, "type": "Place", "normalized_text": "Northern California"}], "hashtags": [{"start": 214, "end": 226, "tag": "KincadeFire"}, {"start": 227, "end": 240, "tag": "SonomaStrong"}]}, "id": "1188029435548708865", "created_at": "2019-10-26T09:47:44.000Z", "text": "My heart is breaking for Sonoma &amp; all those caught in the aftermath. It\u2019s a tragedy 2 see heaven burn. To help those impacted by the CA fires in Northern California please contribute to https://t.co/S2rBqaOHhx #KincadeFire #SonomaStrong @rebuildnorthbay @jkatzwine @sonomaStrong https://t.co/mKFrRc2oRG", "public_metrics": {"retweet_count": 49, "reply_count": 23, "like_count": 374, "quote_count": 3}, "author_id": "807003567605227520", "lang": "en", "source": "Twitter for iPhone", "author": {"public_metrics": {"followers_count": 190337, "following_count": 220, "tweet_count": 1149, "listed_count": 567}, "created_at": "2016-12-08T23:26:58.000Z", "name": "Amber Heard", "username": "realamberheard", "profile_image_url": "https://pbs.twimg.com/profile_images/1383196364792680448/N8CdupEu_normal.jpg", "location": "Los Angeles, CA", "id": "807003567605227520", "url": "https://t.co/Ze18Ek9SOI", "description": "Actor and Activist, semi-professional disruptor, ice cream advocate and shameless teacup yorkie-lover"}}, "author": {"public_metrics": {"followers_count": 19, "following_count": 210, "tweet_count": 1555, "listed_count": 0}, "created_at": "2017-12-17T16:33:22.000Z", "name": "aniket", "username": "7ANIK3T", "profile_image_url": "https://pbs.twimg.com/profile_images/1442503133146464257/6O4rTdN8_normal.jpg", "location": "Nanded, India", "id": "942432541776195584", "url": "", "description": ""}}]