[{"author_id": "127345264", "created_at": "2019-10-28T23:59:41.000Z", "public_metrics": {"retweet_count": 0, "reply_count": 1, "like_count": 0, "quote_count": 0}, "entities": {"urls": [{"start": 103, "end": 126, "url": "https://t.co/dcvTglk736", "expanded_url": "https://twitter.com/realamberheard/status/1188946088398483456?s=21", "display_url": "twitter.com/realamberheard\u2026"}, {"start": 127, "end": 150, "url": "https://t.co/gfTHV0P3Qe", "expanded_url": "https://twitter.com/natasc_/status/1188968611806961668/photo/1", "display_url": "pic.twitter.com/gfTHV0P3Qe"}]}, "text": "@paulampsampaio1 Falando nela olha aqui a rep\u00f3rter foi querer se defender \ud83d\ude02\nA thread q ela falou aqui: https://t.co/dcvTglk736 https://t.co/gfTHV0P3Qe", "source": "Twitter for iPhone", "referenced_tweets": [{"type": "quoted", "id": "1188946088398483456"}, {"type": "replied_to", "id": "1188968258508132354"}], "lang": "pt", "in_reply_to_user_id": "996960570145304576", "id": "1188968611806961668", "quoted_tweet": {"author_id": "807003567605227520", "entities": {"mentions": [{"start": 122, "end": 135, "username": "RepKatieHill", "id": "1068273911224094721"}, {"start": 265, "end": 279, "username": "CCRInitiative", "id": "1675936765"}], "annotations": [{"start": 47, "end": 49, "probability": 0.9927, "type": "Organization", "normalized_text": "CNN"}, {"start": 66, "end": 75, "probability": 0.9928, "type": "Person", "normalized_text": "Katie Hill"}], "hashtags": [{"start": 91, "end": 103, "tag": "revengeporn"}]}, "created_at": "2019-10-28T22:30:11.000Z", "public_metrics": {"retweet_count": 44, "reply_count": 26, "like_count": 379, "quote_count": 1}, "text": "Just watching female correspondents talking on CNN speaking about Katie Hill resignation + #revengeporn. Its not clear if @RepKatieHill broke official policy but it is clear that when her ex used private photos of her w/o her consent, he violated her civil rights. @CCRInitiative", "source": "Twitter for iPhone", "lang": "en", "id": "1188946088398483456", "author": {"username": "realamberheard", "id": "807003567605227520", "profile_image_url": "https://pbs.twimg.com/profile_images/1383196364792680448/N8CdupEu_normal.jpg", "name": "Amber Heard", "created_at": "2016-12-08T23:26:58.000Z", "public_metrics": {"followers_count": 190337, "following_count": 220, "tweet_count": 1149, "listed_count": 567}, "location": "Los Angeles, CA", "description": "Actor and Activist, semi-professional disruptor, ice cream advocate and shameless teacup yorkie-lover", "url": "https://t.co/Ze18Ek9SOI"}}, "author": {"username": "natasc_", "id": "127345264", "profile_image_url": "https://pbs.twimg.com/profile_images/1170310693322711040/Wfhyj24g_normal.jpg", "name": "Nat \ud83e\udd96\ud83d\udc89\u00af\\_(\u30c4)_/\u00af", "created_at": "2010-03-28T22:29:27.000Z", "public_metrics": {"followers_count": 857, "following_count": 2261, "tweet_count": 143019, "listed_count": 20}, "location": "CE, Somewhere Over the Rainbow", "description": "I was born already old and without patience, Benjamin Button style only that mental and without the bonus of actually getting old and turning into Brad Pitt.", "url": ""}}]