[{"text": "SO GAY https://t.co/YHymbNO6si", "lang": "en", "public_metrics": {"retweet_count": 0, "reply_count": 0, "like_count": 0, "quote_count": 0}, "author_id": "25877022", "created_at": "2021-06-16T03:14:09.000Z", "entities": {"urls": [{"start": 7, "end": 30, "url": "https://t.co/YHymbNO6si", "expanded_url": "https://twitter.com/realamberheard/status/1189325638588682240", "display_url": "twitter.com/realamberheard\u2026"}]}, "referenced_tweets": [{"type": "quoted", "id": "1189325638588682240"}], "id": "1405000719883665409", "source": "Twitter for iPhone", "quoted_tweet": {"text": "I\u2019m so gay for this https://t.co/bFjLExX8MY", "lang": "en", "public_metrics": {"retweet_count": 305, "reply_count": 74, "like_count": 2752, "quote_count": 35}, "author_id": "807003567605227520", "created_at": "2019-10-29T23:38:23.000Z", "entities": {"urls": [{"start": 20, "end": 43, "url": "https://t.co/bFjLExX8MY", "expanded_url": "https://twitter.com/nowthisnews/status/1188803350436831232", "display_url": "twitter.com/nowthisnews/st\u2026"}]}, "referenced_tweets": [{"type": "quoted", "id": "1188803350436831232"}], "id": "1189325638588682240", "source": "Twitter for iPhone", "author": {"url": "https://t.co/Ze18Ek9SOI", "id": "807003567605227520", "public_metrics": {"followers_count": 190337, "following_count": 220, "tweet_count": 1149, "listed_count": 567}, "created_at": "2016-12-08T23:26:58.000Z", "username": "realamberheard", "description": "Actor and Activist, semi-professional disruptor, ice cream advocate and shameless teacup yorkie-lover", "profile_image_url": "https://pbs.twimg.com/profile_images/1383196364792680448/N8CdupEu_normal.jpg", "name": "Amber Heard", "location": "Los Angeles, CA"}}, "author": {"url": "", "id": "25877022", "public_metrics": {"followers_count": 1959, "following_count": 2246, "tweet_count": 265798, "listed_count": 1}, "created_at": "2009-03-22T20:46:43.000Z", "username": "muddyinpb", "description": "a very grateful dead head! \u2764\ufe0fSan Diego, Johnny Depp, my Children, and Democracy\ud83c\udfb6. TRUMP IS A TRAITOR", "profile_image_url": "https://pbs.twimg.com/profile_images/1324285720559710208/sLow1ktG_normal.png", "name": "Shelby LaFontaine", "location": "San Diego"}}, {"text": "Brilliant\ud83d\udc4f\ud83d\udc4f\ud83d\udc4f \nI know which I'd rather listen to \ud83d\ude01 https://t.co/s8ZwlgsgrS", "lang": "en", "public_metrics": {"retweet_count": 0, "reply_count": 0, "like_count": 0, "quote_count": 0}, "author_id": "1081687421710991367", "created_at": "2019-10-30T21:51:15.000Z", "entities": {"urls": [{"start": 50, "end": 73, "url": "https://t.co/s8ZwlgsgrS", "expanded_url": "https://twitter.com/realamberheard/status/1189325638588682240", "display_url": "twitter.com/realamberheard\u2026"}]}, "referenced_tweets": [{"type": "quoted", "id": "1189325638588682240"}], "id": "1189661063698145280", "source": "Twitter for Android", "quoted_tweet": {"text": "I\u2019m so gay for this https://t.co/bFjLExX8MY", "lang": "en", "public_metrics": {"retweet_count": 305, "reply_count": 74, "like_count": 2752, "quote_count": 35}, "author_id": "807003567605227520", "created_at": "2019-10-29T23:38:23.000Z", "entities": {"urls": [{"start": 20, "end": 43, "url": "https://t.co/bFjLExX8MY", "expanded_url": "https://twitter.com/nowthisnews/status/1188803350436831232", "display_url": "twitter.com/nowthisnews/st\u2026"}]}, "referenced_tweets": [{"type": "quoted", "id": "1188803350436831232"}], "id": "1189325638588682240", "source": "Twitter for iPhone", "author": {"url": "https://t.co/Ze18Ek9SOI", "id": "807003567605227520", "public_metrics": {"followers_count": 190337, "following_count": 220, "tweet_count": 1149, "listed_count": 567}, "created_at": "2016-12-08T23:26:58.000Z", "username": "realamberheard", "description": "Actor and Activist, semi-professional disruptor, ice cream advocate and shameless teacup yorkie-lover", "profile_image_url": "https://pbs.twimg.com/profile_images/1383196364792680448/N8CdupEu_normal.jpg", "name": "Amber Heard", "location": "Los Angeles, CA"}}, "author": {"url": "", "id": "1081687421710991367", "public_metrics": {"followers_count": 13, "following_count": 198, "tweet_count": 436, "listed_count": 0}, "created_at": "2019-01-05T23:02:32.000Z", "username": "Lisa_parr0tt", "description": "", "profile_image_url": "https://pbs.twimg.com/profile_images/1081907058679734272/tyE_HdCl_normal.jpg", "name": "LisaP"}}, {"text": "eu todo dia: https://t.co/XJYgszzm5F", "lang": "pt", "public_metrics": {"retweet_count": 0, "reply_count": 0, "like_count": 0, "quote_count": 0}, "author_id": "50296171", "created_at": "2019-10-30T14:10:52.000Z", "entities": {"urls": [{"start": 13, "end": 36, "url": "https://t.co/XJYgszzm5F", "expanded_url": "https://twitter.com/realamberheard/status/1189325638588682240", "display_url": "twitter.com/realamberheard\u2026"}]}, "referenced_tweets": [{"type": "quoted", "id": "1189325638588682240"}], "id": "1189545207886483462", "source": "Twitter for Android", "quoted_tweet": {"text": "I\u2019m so gay for this https://t.co/bFjLExX8MY", "lang": "en", "public_metrics": {"retweet_count": 305, "reply_count": 74, "like_count": 2752, "quote_count": 35}, "author_id": "807003567605227520", "created_at": "2019-10-29T23:38:23.000Z", "entities": {"urls": [{"start": 20, "end": 43, "url": "https://t.co/bFjLExX8MY", "expanded_url": "https://twitter.com/nowthisnews/status/1188803350436831232", "display_url": "twitter.com/nowthisnews/st\u2026"}]}, "referenced_tweets": [{"type": "quoted", "id": "1188803350436831232"}], "id": "1189325638588682240", "source": "Twitter for iPhone", "author": {"url": "https://t.co/Ze18Ek9SOI", "id": "807003567605227520", "public_metrics": {"followers_count": 190337, "following_count": 220, "tweet_count": 1149, "listed_count": 567}, "created_at": "2016-12-08T23:26:58.000Z", "username": "realamberheard", "description": "Actor and Activist, semi-professional disruptor, ice cream advocate and shameless teacup yorkie-lover", "profile_image_url": "https://pbs.twimg.com/profile_images/1383196364792680448/N8CdupEu_normal.jpg", "name": "Amber Heard", "location": "Los Angeles, CA"}}, "author": {"url": "https://t.co/t1EtgkiXUz", "id": "50296171", "public_metrics": {"followers_count": 2994, "following_count": 697, "tweet_count": 116546, "listed_count": 122}, "created_at": "2009-06-24T12:54:16.000Z", "username": "ghorbaini", "description": "\u201cmy wife is mindblowing in bed.\u201d", "profile_image_url": "https://pbs.twimg.com/profile_images/1501180531672858625/TUubLimL_normal.jpg", "name": "nali"}}, {"text": "Chillin\u2019, music, sayin\u2019 boo...get him. https://t.co/EcgL5Yn5su", "lang": "en", "public_metrics": {"retweet_count": 0, "reply_count": 0, "like_count": 0, "quote_count": 0}, "author_id": "236952435", "created_at": "2019-10-30T14:03:42.000Z", "entities": {"urls": [{"start": 39, "end": 62, "url": "https://t.co/EcgL5Yn5su", "expanded_url": "https://twitter.com/realamberheard/status/1189325638588682240", "display_url": "twitter.com/realamberheard\u2026"}]}, "referenced_tweets": [{"type": "quoted", "id": "1189325638588682240"}], "id": "1189543404516118528", "source": "Twitter for iPhone", "quoted_tweet": {"text": "I\u2019m so gay for this https://t.co/bFjLExX8MY", "lang": "en", "public_metrics": {"retweet_count": 305, "reply_count": 74, "like_count": 2752, "quote_count": 35}, "author_id": "807003567605227520", "created_at": "2019-10-29T23:38:23.000Z", "entities": {"urls": [{"start": 20, "end": 43, "url": "https://t.co/bFjLExX8MY", "expanded_url": "https://twitter.com/nowthisnews/status/1188803350436831232", "display_url": "twitter.com/nowthisnews/st\u2026"}]}, "referenced_tweets": [{"type": "quoted", "id": "1188803350436831232"}], "id": "1189325638588682240", "source": "Twitter for iPhone", "author": {"url": "https://t.co/Ze18Ek9SOI", "id": "807003567605227520", "public_metrics": {"followers_count": 190337, "following_count": 220, "tweet_count": 1149, "listed_count": 567}, "created_at": "2016-12-08T23:26:58.000Z", "username": "realamberheard", "description": "Actor and Activist, semi-professional disruptor, ice cream advocate and shameless teacup yorkie-lover", "profile_image_url": "https://pbs.twimg.com/profile_images/1383196364792680448/N8CdupEu_normal.jpg", "name": "Amber Heard", "location": "Los Angeles, CA"}}, "author": {"url": "", "id": "236952435", "public_metrics": {"followers_count": 371, "following_count": 1267, "tweet_count": 145552, "listed_count": 1}, "created_at": "2011-01-11T18:58:22.000Z", "username": "Usernamesake", "description": "", "profile_image_url": "https://pbs.twimg.com/profile_images/1500144698568192003/WiizEe87_normal.jpg", "name": "ToQay @\ud83d\ude37 \ud83d\udc9b \ud83d\udc1d \ud83c\uddfa\ud83c\udde6", "location": "heart in Chicago"}}, {"text": "Don't give them the time they think they deserve. Drown them out instead. https://t.co/8VeIOtYI3j", "lang": "en", "public_metrics": {"retweet_count": 0, "reply_count": 0, "like_count": 0, "quote_count": 0}, "author_id": "1187409887824728070", "created_at": "2019-10-30T13:49:03.000Z", "entities": {"urls": [{"start": 74, "end": 97, "url": "https://t.co/8VeIOtYI3j", "expanded_url": "https://twitter.com/realamberheard/status/1189325638588682240", "display_url": "twitter.com/realamberheard\u2026"}]}, "referenced_tweets": [{"type": "quoted", "id": "1189325638588682240"}], "id": "1189539716535701504", "source": "Twitter for Android", "quoted_tweet": {"text": "I\u2019m so gay for this https://t.co/bFjLExX8MY", "lang": "en", "public_metrics": {"retweet_count": 305, "reply_count": 74, "like_count": 2752, "quote_count": 35}, "author_id": "807003567605227520", "created_at": "2019-10-29T23:38:23.000Z", "entities": {"urls": [{"start": 20, "end": 43, "url": "https://t.co/bFjLExX8MY", "expanded_url": "https://twitter.com/nowthisnews/status/1188803350436831232", "display_url": "twitter.com/nowthisnews/st\u2026"}]}, "referenced_tweets": [{"type": "quoted", "id": "1188803350436831232"}], "id": "1189325638588682240", "source": "Twitter for iPhone", "author": {"url": "https://t.co/Ze18Ek9SOI", "id": "807003567605227520", "public_metrics": {"followers_count": 190337, "following_count": 220, "tweet_count": 1149, "listed_count": 567}, "created_at": "2016-12-08T23:26:58.000Z", "username": "realamberheard", "description": "Actor and Activist, semi-professional disruptor, ice cream advocate and shameless teacup yorkie-lover", "profile_image_url": "https://pbs.twimg.com/profile_images/1383196364792680448/N8CdupEu_normal.jpg", "name": "Amber Heard", "location": "Los Angeles, CA"}}, "author": {"url": "https://t.co/WNzwoVtmTz", "id": "1187409887824728070", "public_metrics": {"followers_count": 96, "following_count": 282, "tweet_count": 3009, "listed_count": 0}, "created_at": "2019-10-24T16:46:03.000Z", "username": "official3tan", "description": "\ud835\udde0\ud835\udde8\ud835\udde6\ud835\udddc\ud835\uddd6\ud835\udddc\ud835\uddd4\ud835\udde1 | \ud835\udde3\ud835\udddb\ud835\udde2\ud835\udde7\ud835\udde2\ud835\uddda\ud835\udde5\ud835\uddd4\ud835\udde3\ud835\udddb\ud835\uddd8\ud835\udde5", "profile_image_url": "https://pbs.twimg.com/profile_images/1477515995811962880/xysdD-bE_normal.jpg", "name": "3\ud835\udde7\ud835\uddd4\ud835\udde1", "location": "The Internet"}}, {"text": "Greatest city on the planet \u263a\ufe0f\ud83d\udc4d https://t.co/6zNDBy4OFk", "lang": "en", "public_metrics": {"retweet_count": 0, "reply_count": 0, "like_count": 0, "quote_count": 0}, "author_id": "2334082707", "created_at": "2019-10-30T08:57:27.000Z", "entities": {"urls": [{"start": 32, "end": 55, "url": "https://t.co/6zNDBy4OFk", "expanded_url": "https://twitter.com/realamberheard/status/1189325638588682240", "display_url": "twitter.com/realamberheard\u2026"}]}, "referenced_tweets": [{"type": "quoted", "id": "1189325638588682240"}], "id": "1189466331470598145", "source": "Twitter for Android", "quoted_tweet": {"text": "I\u2019m so gay for this https://t.co/bFjLExX8MY", "lang": "en", "public_metrics": {"retweet_count": 305, "reply_count": 74, "like_count": 2752, "quote_count": 35}, "author_id": "807003567605227520", "created_at": "2019-10-29T23:38:23.000Z", "entities": {"urls": [{"start": 20, "end": 43, "url": "https://t.co/bFjLExX8MY", "expanded_url": "https://twitter.com/nowthisnews/status/1188803350436831232", "display_url": "twitter.com/nowthisnews/st\u2026"}]}, "referenced_tweets": [{"type": "quoted", "id": "1188803350436831232"}], "id": "1189325638588682240", "source": "Twitter for iPhone", "author": {"url": "https://t.co/Ze18Ek9SOI", "id": "807003567605227520", "public_metrics": {"followers_count": 190337, "following_count": 220, "tweet_count": 1149, "listed_count": 567}, "created_at": "2016-12-08T23:26:58.000Z", "username": "realamberheard", "description": "Actor and Activist, semi-professional disruptor, ice cream advocate and shameless teacup yorkie-lover", "profile_image_url": "https://pbs.twimg.com/profile_images/1383196364792680448/N8CdupEu_normal.jpg", "name": "Amber Heard", "location": "Los Angeles, CA"}}, "author": {"url": "https://t.co/NoXHI5IZ4w", "id": "2334082707", "public_metrics": {"followers_count": 931, "following_count": 1166, "tweet_count": 153813, "listed_count": 48}, "created_at": "2014-02-09T17:14:48.000Z", "username": "Somewhataldente", "description": "Running. Coffee. Books. Radio. Partick Thistle. I am the lion on the syrup tin.", "profile_image_url": "https://pbs.twimg.com/profile_images/1473425368057094145/bXg--r0q_normal.jpg", "name": "Bryan", "location": "West Highlands, Scotland."}}, {"text": "This..... \u2764\ufe0f https://t.co/QCa7drqPEf", "lang": "en", "public_metrics": {"retweet_count": 0, "reply_count": 0, "like_count": 0, "quote_count": 0}, "author_id": "807405764989988864", "created_at": "2019-10-30T06:12:09.000Z", "entities": {"urls": [{"start": 13, "end": 36, "url": "https://t.co/QCa7drqPEf", "expanded_url": "https://twitter.com/realamberheard/status/1189325638588682240", "display_url": "twitter.com/realamberheard\u2026"}]}, "referenced_tweets": [{"type": "quoted", "id": "1189325638588682240"}], "id": "1189424732203962368", "source": "Twitter for iPhone", "quoted_tweet": {"text": "I\u2019m so gay for this https://t.co/bFjLExX8MY", "lang": "en", "public_metrics": {"retweet_count": 305, "reply_count": 74, "like_count": 2752, "quote_count": 35}, "author_id": "807003567605227520", "created_at": "2019-10-29T23:38:23.000Z", "entities": {"urls": [{"start": 20, "end": 43, "url": "https://t.co/bFjLExX8MY", "expanded_url": "https://twitter.com/nowthisnews/status/1188803350436831232", "display_url": "twitter.com/nowthisnews/st\u2026"}]}, "referenced_tweets": [{"type": "quoted", "id": "1188803350436831232"}], "id": "1189325638588682240", "source": "Twitter for iPhone", "author": {"url": "https://t.co/Ze18Ek9SOI", "id": "807003567605227520", "public_metrics": {"followers_count": 190337, "following_count": 220, "tweet_count": 1149, "listed_count": 567}, "created_at": "2016-12-08T23:26:58.000Z", "username": "realamberheard", "description": "Actor and Activist, semi-professional disruptor, ice cream advocate and shameless teacup yorkie-lover", "profile_image_url": "https://pbs.twimg.com/profile_images/1383196364792680448/N8CdupEu_normal.jpg", "name": "Amber Heard", "location": "Los Angeles, CA"}}, "author": {"url": "", "id": "807405764989988864", "public_metrics": {"followers_count": 106, "following_count": 415, "tweet_count": 1066, "listed_count": 0}, "created_at": "2016-12-10T02:05:10.000Z", "username": "ProBeautiful87", "description": "F.L.Y. First Love Yourself \ud83c\udf08 Equality \ud83e\udd13 Geek \ud83c\udfc8 Seahawks \ud83d\udc36 My love \u2600\ufe0f Arizona \ud83c\udf32 Washington \ud83e\udde1 Mental Health Advocate.", "profile_image_url": "https://pbs.twimg.com/profile_images/1444462094263336962/3ItRwuuH_normal.jpg", "name": "Nichole", "location": "Phoenix, AZ"}}, {"text": "this is how you protest. https://t.co/8ed5jUHnSU", "lang": "en", "public_metrics": {"retweet_count": 0, "reply_count": 0, "like_count": 1, "quote_count": 0}, "author_id": "18380397", "created_at": "2019-10-30T04:47:17.000Z", "entities": {"urls": [{"start": 25, "end": 48, "url": "https://t.co/8ed5jUHnSU", "expanded_url": "https://twitter.com/realamberheard/status/1189325638588682240", "display_url": "twitter.com/realamberheard\u2026"}]}, "referenced_tweets": [{"type": "quoted", "id": "1189325638588682240"}], "id": "1189403377207300096", "source": "Twitter for Android", "quoted_tweet": {"text": "I\u2019m so gay for this https://t.co/bFjLExX8MY", "lang": "en", "public_metrics": {"retweet_count": 305, "reply_count": 74, "like_count": 2752, "quote_count": 35}, "author_id": "807003567605227520", "created_at": "2019-10-29T23:38:23.000Z", "entities": {"urls": [{"start": 20, "end": 43, "url": "https://t.co/bFjLExX8MY", "expanded_url": "https://twitter.com/nowthisnews/status/1188803350436831232", "display_url": "twitter.com/nowthisnews/st\u2026"}]}, "referenced_tweets": [{"type": "quoted", "id": "1188803350436831232"}], "id": "1189325638588682240", "source": "Twitter for iPhone", "author": {"url": "https://t.co/Ze18Ek9SOI", "id": "807003567605227520", "public_metrics": {"followers_count": 190337, "following_count": 220, "tweet_count": 1149, "listed_count": 567}, "created_at": "2016-12-08T23:26:58.000Z", "username": "realamberheard", "description": "Actor and Activist, semi-professional disruptor, ice cream advocate and shameless teacup yorkie-lover", "profile_image_url": "https://pbs.twimg.com/profile_images/1383196364792680448/N8CdupEu_normal.jpg", "name": "Amber Heard", "location": "Los Angeles, CA"}}, "author": {"url": "", "id": "18380397", "public_metrics": {"followers_count": 698, "following_count": 1934, "tweet_count": 5732, "listed_count": 0}, "created_at": "2008-12-25T22:46:03.000Z", "username": "ohthatsbrian", "description": "he-him/MusicLover/ Anxiety&DepressionSurvivor/100% \ud83c\uddf1\ud83c\uddfa/ @AFCAjax/ @KNVB/@WestHam/ @CopperCityIrons", "profile_image_url": "https://pbs.twimg.com/profile_images/1414057799617703938/J_Bz88Lf_normal.jpg", "name": "briAntifa", "location": "Tempe, AZ"}}, {"text": "Me too! https://t.co/JdMApIXCIL", "lang": "en", "public_metrics": {"retweet_count": 0, "reply_count": 0, "like_count": 0, "quote_count": 0}, "author_id": "2374315063", "created_at": "2019-10-30T04:09:38.000Z", "entities": {"urls": [{"start": 8, "end": 31, "url": "https://t.co/JdMApIXCIL", "expanded_url": "https://twitter.com/realamberheard/status/1189325638588682240", "display_url": "twitter.com/realamberheard\u2026"}]}, "referenced_tweets": [{"type": "quoted", "id": "1189325638588682240"}], "id": "1189393902438158336", "source": "Twitter for iPhone", "quoted_tweet": {"text": "I\u2019m so gay for this https://t.co/bFjLExX8MY", "lang": "en", "public_metrics": {"retweet_count": 305, "reply_count": 74, "like_count": 2752, "quote_count": 35}, "author_id": "807003567605227520", "created_at": "2019-10-29T23:38:23.000Z", "entities": {"urls": [{"start": 20, "end": 43, "url": "https://t.co/bFjLExX8MY", "expanded_url": "https://twitter.com/nowthisnews/status/1188803350436831232", "display_url": "twitter.com/nowthisnews/st\u2026"}]}, "referenced_tweets": [{"type": "quoted", "id": "1188803350436831232"}], "id": "1189325638588682240", "source": "Twitter for iPhone", "author": {"url": "https://t.co/Ze18Ek9SOI", "id": "807003567605227520", "public_metrics": {"followers_count": 190337, "following_count": 220, "tweet_count": 1149, "listed_count": 567}, "created_at": "2016-12-08T23:26:58.000Z", "username": "realamberheard", "description": "Actor and Activist, semi-professional disruptor, ice cream advocate and shameless teacup yorkie-lover", "profile_image_url": "https://pbs.twimg.com/profile_images/1383196364792680448/N8CdupEu_normal.jpg", "name": "Amber Heard", "location": "Los Angeles, CA"}}, "author": {"url": "", "id": "2374315063", "public_metrics": {"followers_count": 144, "following_count": 524, "tweet_count": 7167, "listed_count": 6}, "created_at": "2014-03-05T20:31:35.000Z", "username": "VeeSmittero", "description": "", "profile_image_url": "https://pbs.twimg.com/profile_images/1481424958052089856/QbN8NIVN_normal.jpg", "name": "Vee Smittero", "location": "Niceville, FL"}}, {"text": "Wow! \ud83d\ude01\ud83d\ude01\ud83d\ude01 https://t.co/E4oQkun9XE", "lang": "und", "public_metrics": {"retweet_count": 0, "reply_count": 0, "like_count": 0, "quote_count": 0}, "author_id": "747042291659976704", "created_at": "2019-10-30T03:28:05.000Z", "entities": {"urls": [{"start": 9, "end": 32, "url": "https://t.co/E4oQkun9XE", "expanded_url": "https://twitter.com/realamberheard/status/1189325638588682240", "display_url": "twitter.com/realamberheard\u2026"}]}, "referenced_tweets": [{"type": "quoted", "id": "1189325638588682240"}], "id": "1189383444222173184", "source": "Twitter for Android", "quoted_tweet": {"text": "I\u2019m so gay for this https://t.co/bFjLExX8MY", "lang": "en", "public_metrics": {"retweet_count": 305, "reply_count": 74, "like_count": 2752, "quote_count": 35}, "author_id": "807003567605227520", "created_at": "2019-10-29T23:38:23.000Z", "entities": {"urls": [{"start": 20, "end": 43, "url": "https://t.co/bFjLExX8MY", "expanded_url": "https://twitter.com/nowthisnews/status/1188803350436831232", "display_url": "twitter.com/nowthisnews/st\u2026"}]}, "referenced_tweets": [{"type": "quoted", "id": "1188803350436831232"}], "id": "1189325638588682240", "source": "Twitter for iPhone", "author": {"url": "https://t.co/Ze18Ek9SOI", "id": "807003567605227520", "public_metrics": {"followers_count": 190337, "following_count": 220, "tweet_count": 1149, "listed_count": 567}, "created_at": "2016-12-08T23:26:58.000Z", "username": "realamberheard", "description": "Actor and Activist, semi-professional disruptor, ice cream advocate and shameless teacup yorkie-lover", "profile_image_url": "https://pbs.twimg.com/profile_images/1383196364792680448/N8CdupEu_normal.jpg", "name": "Amber Heard", "location": "Los Angeles, CA"}}, "author": {"url": "", "id": "747042291659976704", "public_metrics": {"followers_count": 3, "following_count": 234, "tweet_count": 239, "listed_count": 0}, "created_at": "2016-06-26T12:22:16.000Z", "username": "SebbGGG", "description": "Le fanatique chantes: 'Ph'nglui mglw'nafh Cthulhu R'lyeh wgah'nagl fhtagn'. Ignorant de l horreur.", "profile_image_url": "https://pbs.twimg.com/profile_images/1504177024826499077/cv_yefzl_normal.jpg", "name": "sebbg", "location": "Saint-J\u00e9r\u00f4me, Qu\u00e9bec"}}, {"text": "That\u2019s my city! https://t.co/EJDixNomfD", "lang": "en", "public_metrics": {"retweet_count": 0, "reply_count": 0, "like_count": 0, "quote_count": 0}, "author_id": "4203795203", "created_at": "2019-10-30T03:09:46.000Z", "entities": {"urls": [{"start": 16, "end": 39, "url": "https://t.co/EJDixNomfD", "expanded_url": "https://twitter.com/realamberheard/status/1189325638588682240", "display_url": "twitter.com/realamberheard\u2026"}]}, "referenced_tweets": [{"type": "quoted", "id": "1189325638588682240"}], "id": "1189378833843212290", "source": "Twitter for iPhone", "quoted_tweet": {"text": "I\u2019m so gay for this https://t.co/bFjLExX8MY", "lang": "en", "public_metrics": {"retweet_count": 305, "reply_count": 74, "like_count": 2752, "quote_count": 35}, "author_id": "807003567605227520", "created_at": "2019-10-29T23:38:23.000Z", "entities": {"urls": [{"start": 20, "end": 43, "url": "https://t.co/bFjLExX8MY", "expanded_url": "https://twitter.com/nowthisnews/status/1188803350436831232", "display_url": "twitter.com/nowthisnews/st\u2026"}]}, "referenced_tweets": [{"type": "quoted", "id": "1188803350436831232"}], "id": "1189325638588682240", "source": "Twitter for iPhone", "author": {"url": "https://t.co/Ze18Ek9SOI", "id": "807003567605227520", "public_metrics": {"followers_count": 190337, "following_count": 220, "tweet_count": 1149, "listed_count": 567}, "created_at": "2016-12-08T23:26:58.000Z", "username": "realamberheard", "description": "Actor and Activist, semi-professional disruptor, ice cream advocate and shameless teacup yorkie-lover", "profile_image_url": "https://pbs.twimg.com/profile_images/1383196364792680448/N8CdupEu_normal.jpg", "name": "Amber Heard", "location": "Los Angeles, CA"}}, "author": {"url": "https://t.co/xTdo5ohw5e", "id": "4203795203", "public_metrics": {"followers_count": 89, "following_count": 539, "tweet_count": 1210, "listed_count": 1}, "created_at": "2015-11-16T18:37:08.000Z", "username": "RodrigoICruz", "description": "NYC BASED ACTOR/CRAZY CAT DAD", "profile_image_url": "https://pbs.twimg.com/profile_images/986366610234634241/6gQXYkbR_normal.jpg", "name": "Rodrigo Ignacio Cruz", "location": "Orange, NJ"}}, {"text": "Love this! https://t.co/zHHIhTcZVi", "lang": "en", "public_metrics": {"retweet_count": 0, "reply_count": 0, "like_count": 0, "quote_count": 0}, "author_id": "2775818410", "created_at": "2019-10-30T02:48:55.000Z", "entities": {"urls": [{"start": 11, "end": 34, "url": "https://t.co/zHHIhTcZVi", "expanded_url": "https://twitter.com/realamberheard/status/1189325638588682240", "display_url": "twitter.com/realamberheard\u2026"}]}, "referenced_tweets": [{"type": "quoted", "id": "1189325638588682240"}], "id": "1189373586185818112", "source": "Twitter for iPhone", "quoted_tweet": {"text": "I\u2019m so gay for this https://t.co/bFjLExX8MY", "lang": "en", "public_metrics": {"retweet_count": 305, "reply_count": 74, "like_count": 2752, "quote_count": 35}, "author_id": "807003567605227520", "created_at": "2019-10-29T23:38:23.000Z", "entities": {"urls": [{"start": 20, "end": 43, "url": "https://t.co/bFjLExX8MY", "expanded_url": "https://twitter.com/nowthisnews/status/1188803350436831232", "display_url": "twitter.com/nowthisnews/st\u2026"}]}, "referenced_tweets": [{"type": "quoted", "id": "1188803350436831232"}], "id": "1189325638588682240", "source": "Twitter for iPhone", "author": {"url": "https://t.co/Ze18Ek9SOI", "id": "807003567605227520", "public_metrics": {"followers_count": 190337, "following_count": 220, "tweet_count": 1149, "listed_count": 567}, "created_at": "2016-12-08T23:26:58.000Z", "username": "realamberheard", "description": "Actor and Activist, semi-professional disruptor, ice cream advocate and shameless teacup yorkie-lover", "profile_image_url": "https://pbs.twimg.com/profile_images/1383196364792680448/N8CdupEu_normal.jpg", "name": "Amber Heard", "location": "Los Angeles, CA"}}, "author": {"url": "", "id": "2775818410", "public_metrics": {"followers_count": 30, "following_count": 635, "tweet_count": 1385, "listed_count": 0}, "created_at": "2014-09-19T13:19:30.000Z", "username": "LespinozLisa", "description": "\u201cI can bear pain myself, he said softly, but I couldna bear yours... \u201c", "profile_image_url": "https://pbs.twimg.com/profile_images/1189210230015614978/kCA-55_o_normal.jpg", "name": "LISA ESPINOZA"}}, {"text": "THE BIBLE SAYS ALL HOMOSEXUALS ARE SAXOPHONE\n(I\u2019m dying) https://t.co/2SeQZR6DPC", "lang": "en", "public_metrics": {"retweet_count": 0, "reply_count": 1, "like_count": 1, "quote_count": 0}, "author_id": "3398386870", "created_at": "2019-10-30T02:00:41.000Z", "entities": {"urls": [{"start": 57, "end": 80, "url": "https://t.co/2SeQZR6DPC", "expanded_url": "https://twitter.com/realamberheard/status/1189325638588682240", "display_url": "twitter.com/realamberheard\u2026"}]}, "referenced_tweets": [{"type": "quoted", "id": "1189325638588682240"}], "id": "1189361450743160833", "source": "Twitter for iPhone", "quoted_tweet": {"text": "I\u2019m so gay for this https://t.co/bFjLExX8MY", "lang": "en", "public_metrics": {"retweet_count": 305, "reply_count": 74, "like_count": 2752, "quote_count": 35}, "author_id": "807003567605227520", "created_at": "2019-10-29T23:38:23.000Z", "entities": {"urls": [{"start": 20, "end": 43, "url": "https://t.co/bFjLExX8MY", "expanded_url": "https://twitter.com/nowthisnews/status/1188803350436831232", "display_url": "twitter.com/nowthisnews/st\u2026"}]}, "referenced_tweets": [{"type": "quoted", "id": "1188803350436831232"}], "id": "1189325638588682240", "source": "Twitter for iPhone", "author": {"url": "https://t.co/Ze18Ek9SOI", "id": "807003567605227520", "public_metrics": {"followers_count": 190337, "following_count": 220, "tweet_count": 1149, "listed_count": 567}, "created_at": "2016-12-08T23:26:58.000Z", "username": "realamberheard", "description": "Actor and Activist, semi-professional disruptor, ice cream advocate and shameless teacup yorkie-lover", "profile_image_url": "https://pbs.twimg.com/profile_images/1383196364792680448/N8CdupEu_normal.jpg", "name": "Amber Heard", "location": "Los Angeles, CA"}}, "author": {"url": "", "id": "3398386870", "public_metrics": {"followers_count": 850, "following_count": 1377, "tweet_count": 37233, "listed_count": 17}, "created_at": "2015-08-01T06:33:29.000Z", "username": "nhallfreelance", "description": "Try to be more assured Try to be more right there Try to be less uptight Try to be more aware", "profile_image_url": "https://pbs.twimg.com/profile_images/1373522723905888258/qr3gralu_normal.jpg", "name": "Nicholas L. Hall", "location": "Houston, TX"}}, {"text": "Bravo. https://t.co/92JdbtLgJq", "lang": "pt", "public_metrics": {"retweet_count": 0, "reply_count": 0, "like_count": 0, "quote_count": 0}, "author_id": "437938238", "created_at": "2019-10-30T00:37:48.000Z", "entities": {"urls": [{"start": 7, "end": 30, "url": "https://t.co/92JdbtLgJq", "expanded_url": "https://twitter.com/realamberheard/status/1189325638588682240", "display_url": "twitter.com/realamberheard\u2026"}]}, "referenced_tweets": [{"type": "quoted", "id": "1189325638588682240"}], "id": "1189340589743136768", "source": "Twitter for iPhone", "quoted_tweet": {"text": "I\u2019m so gay for this https://t.co/bFjLExX8MY", "lang": "en", "public_metrics": {"retweet_count": 305, "reply_count": 74, "like_count": 2752, "quote_count": 35}, "author_id": "807003567605227520", "created_at": "2019-10-29T23:38:23.000Z", "entities": {"urls": [{"start": 20, "end": 43, "url": "https://t.co/bFjLExX8MY", "expanded_url": "https://twitter.com/nowthisnews/status/1188803350436831232", "display_url": "twitter.com/nowthisnews/st\u2026"}]}, "referenced_tweets": [{"type": "quoted", "id": "1188803350436831232"}], "id": "1189325638588682240", "source": "Twitter for iPhone", "author": {"url": "https://t.co/Ze18Ek9SOI", "id": "807003567605227520", "public_metrics": {"followers_count": 190337, "following_count": 220, "tweet_count": 1149, "listed_count": 567}, "created_at": "2016-12-08T23:26:58.000Z", "username": "realamberheard", "description": "Actor and Activist, semi-professional disruptor, ice cream advocate and shameless teacup yorkie-lover", "profile_image_url": "https://pbs.twimg.com/profile_images/1383196364792680448/N8CdupEu_normal.jpg", "name": "Amber Heard", "location": "Los Angeles, CA"}}, "author": {"url": "", "id": "437938238", "public_metrics": {"followers_count": 580, "following_count": 2486, "tweet_count": 14546, "listed_count": 2}, "created_at": "2011-12-16T00:52:18.000Z", "username": "coffin_pittstop", "description": "Mother of 2 full grown adults; just a dropped cake away from losing my ever loving mind.", "profile_image_url": "https://pbs.twimg.com/profile_images/1440739645336129544/4jcjl9qc_normal.jpg", "name": "Lisa \ud83d\udd28 \u26b0\ufe0f \ud83c\uddfa\ud83c\udde6", "location": "Missouri, USA"}}, {"text": "SHE DID NOT JUST TWEET THIS https://t.co/Jg1GCXxX3n", "lang": "en", "public_metrics": {"retweet_count": 0, "reply_count": 0, "like_count": 0, "quote_count": 0}, "author_id": "4001198069", "created_at": "2019-10-30T00:19:38.000Z", "entities": {"urls": [{"start": 28, "end": 51, "url": "https://t.co/Jg1GCXxX3n", "expanded_url": "https://twitter.com/realamberheard/status/1189325638588682240", "display_url": "twitter.com/realamberheard\u2026"}]}, "referenced_tweets": [{"type": "quoted", "id": "1189325638588682240"}], "id": "1189336020904484865", "source": "Twitter for iPhone", "quoted_tweet": {"text": "I\u2019m so gay for this https://t.co/bFjLExX8MY", "lang": "en", "public_metrics": {"retweet_count": 305, "reply_count": 74, "like_count": 2752, "quote_count": 35}, "author_id": "807003567605227520", "created_at": "2019-10-29T23:38:23.000Z", "entities": {"urls": [{"start": 20, "end": 43, "url": "https://t.co/bFjLExX8MY", "expanded_url": "https://twitter.com/nowthisnews/status/1188803350436831232", "display_url": "twitter.com/nowthisnews/st\u2026"}]}, "referenced_tweets": [{"type": "quoted", "id": "1188803350436831232"}], "id": "1189325638588682240", "source": "Twitter for iPhone", "author": {"url": "https://t.co/Ze18Ek9SOI", "id": "807003567605227520", "public_metrics": {"followers_count": 190337, "following_count": 220, "tweet_count": 1149, "listed_count": 567}, "created_at": "2016-12-08T23:26:58.000Z", "username": "realamberheard", "description": "Actor and Activist, semi-professional disruptor, ice cream advocate and shameless teacup yorkie-lover", "profile_image_url": "https://pbs.twimg.com/profile_images/1383196364792680448/N8CdupEu_normal.jpg", "name": "Amber Heard", "location": "Los Angeles, CA"}}, "author": {"url": "", "id": "4001198069", "public_metrics": {"followers_count": 1733, "following_count": 754, "tweet_count": 62015, "listed_count": 59}, "created_at": "2015-10-20T10:08:13.000Z", "username": "bIairchastain", "description": "Girls Girls Girls 21 | She/her \u2640 \u264b\ufe0e", "profile_image_url": "https://pbs.twimg.com/profile_images/1489657027462848512/Ga8qKMEJ_normal.jpg", "name": "Jules \ud83e\udd0d", "location": "Amsterdam, The Netherlands"}}, {"text": "i love this woman so fucking much https://t.co/Qtzir9JdoM", "lang": "en", "public_metrics": {"retweet_count": 0, "reply_count": 0, "like_count": 0, "quote_count": 0}, "author_id": "3065762493", "created_at": "2019-10-30T00:11:18.000Z", "entities": {"urls": [{"start": 34, "end": 57, "url": "https://t.co/Qtzir9JdoM", "expanded_url": "https://twitter.com/realamberheard/status/1189325638588682240", "display_url": "twitter.com/realamberheard\u2026"}]}, "referenced_tweets": [{"type": "quoted", "id": "1189325638588682240"}], "id": "1189333923987361793", "source": "Twitter for iPhone", "quoted_tweet": {"text": "I\u2019m so gay for this https://t.co/bFjLExX8MY", "lang": "en", "public_metrics": {"retweet_count": 305, "reply_count": 74, "like_count": 2752, "quote_count": 35}, "author_id": "807003567605227520", "created_at": "2019-10-29T23:38:23.000Z", "entities": {"urls": [{"start": 20, "end": 43, "url": "https://t.co/bFjLExX8MY", "expanded_url": "https://twitter.com/nowthisnews/status/1188803350436831232", "display_url": "twitter.com/nowthisnews/st\u2026"}]}, "referenced_tweets": [{"type": "quoted", "id": "1188803350436831232"}], "id": "1189325638588682240", "source": "Twitter for iPhone", "author": {"url": "https://t.co/Ze18Ek9SOI", "id": "807003567605227520", "public_metrics": {"followers_count": 190337, "following_count": 220, "tweet_count": 1149, "listed_count": 567}, "created_at": "2016-12-08T23:26:58.000Z", "username": "realamberheard", "description": "Actor and Activist, semi-professional disruptor, ice cream advocate and shameless teacup yorkie-lover", "profile_image_url": "https://pbs.twimg.com/profile_images/1383196364792680448/N8CdupEu_normal.jpg", "name": "Amber Heard", "location": "Los Angeles, CA"}}, "author": {"url": "https://t.co/YxZgLFMyeQ", "id": "3065762493", "public_metrics": {"followers_count": 2808, "following_count": 97, "tweet_count": 32673, "listed_count": 29}, "created_at": "2015-03-01T20:14:47.000Z", "username": "heardverse", "description": "ur resident amber heard stan", "profile_image_url": "https://pbs.twimg.com/profile_images/1438347905304256512/kQoJOMWs_normal.jpg", "name": "carol", "location": "Brasil"}}, {"text": "lost at the guy on the bike. https://t.co/gH87PPhLZt", "lang": "en", "public_metrics": {"retweet_count": 0, "reply_count": 0, "like_count": 2, "quote_count": 0}, "author_id": "116614314", "created_at": "2019-10-30T00:10:57.000Z", "entities": {"urls": [{"start": 29, "end": 52, "url": "https://t.co/gH87PPhLZt", "expanded_url": "https://twitter.com/realamberheard/status/1189325638588682240", "display_url": "twitter.com/realamberheard\u2026"}]}, "referenced_tweets": [{"type": "quoted", "id": "1189325638588682240"}], "id": "1189333832983629825", "source": "Twitter Web App", "quoted_tweet": {"text": "I\u2019m so gay for this https://t.co/bFjLExX8MY", "lang": "en", "public_metrics": {"retweet_count": 305, "reply_count": 74, "like_count": 2752, "quote_count": 35}, "author_id": "807003567605227520", "created_at": "2019-10-29T23:38:23.000Z", "entities": {"urls": [{"start": 20, "end": 43, "url": "https://t.co/bFjLExX8MY", "expanded_url": "https://twitter.com/nowthisnews/status/1188803350436831232", "display_url": "twitter.com/nowthisnews/st\u2026"}]}, "referenced_tweets": [{"type": "quoted", "id": "1188803350436831232"}], "id": "1189325638588682240", "source": "Twitter for iPhone", "author": {"url": "https://t.co/Ze18Ek9SOI", "id": "807003567605227520", "public_metrics": {"followers_count": 190337, "following_count": 220, "tweet_count": 1149, "listed_count": 567}, "created_at": "2016-12-08T23:26:58.000Z", "username": "realamberheard", "description": "Actor and Activist, semi-professional disruptor, ice cream advocate and shameless teacup yorkie-lover", "profile_image_url": "https://pbs.twimg.com/profile_images/1383196364792680448/N8CdupEu_normal.jpg", "name": "Amber Heard", "location": "Los Angeles, CA"}}, "author": {"url": "https://t.co/yZo0jP2rCk", "id": "116614314", "public_metrics": {"followers_count": 470, "following_count": 1182, "tweet_count": 12729, "listed_count": 6}, "created_at": "2010-02-23T02:42:10.000Z", "username": "veganboyjosh", "description": "veg*n homesteader, radio host, pop punk nerd, journeyman dad joke writer. he/him", "profile_image_url": "https://pbs.twimg.com/profile_images/3226193512/650f466254e46744355816365e0e931b_normal.jpeg", "name": "veganboyjosh", "location": "Central Vermont, USA"}}, {"text": "My favorite caption is \u201c(saxophone)\u201d https://t.co/EazOMwKgPh", "lang": "en", "public_metrics": {"retweet_count": 0, "reply_count": 0, "like_count": 1, "quote_count": 0}, "author_id": "19869114", "created_at": "2019-10-30T00:09:29.000Z", "entities": {"urls": [{"start": 37, "end": 60, "url": "https://t.co/EazOMwKgPh", "expanded_url": "https://twitter.com/realamberheard/status/1189325638588682240", "display_url": "twitter.com/realamberheard\u2026"}]}, "referenced_tweets": [{"type": "quoted", "id": "1189325638588682240"}], "id": "1189333464358764550", "source": "Twitter for iPhone", "quoted_tweet": {"text": "I\u2019m so gay for this https://t.co/bFjLExX8MY", "lang": "en", "public_metrics": {"retweet_count": 305, "reply_count": 74, "like_count": 2752, "quote_count": 35}, "author_id": "807003567605227520", "created_at": "2019-10-29T23:38:23.000Z", "entities": {"urls": [{"start": 20, "end": 43, "url": "https://t.co/bFjLExX8MY", "expanded_url": "https://twitter.com/nowthisnews/status/1188803350436831232", "display_url": "twitter.com/nowthisnews/st\u2026"}]}, "referenced_tweets": [{"type": "quoted", "id": "1188803350436831232"}], "id": "1189325638588682240", "source": "Twitter for iPhone", "author": {"url": "https://t.co/Ze18Ek9SOI", "id": "807003567605227520", "public_metrics": {"followers_count": 190337, "following_count": 220, "tweet_count": 1149, "listed_count": 567}, "created_at": "2016-12-08T23:26:58.000Z", "username": "realamberheard", "description": "Actor and Activist, semi-professional disruptor, ice cream advocate and shameless teacup yorkie-lover", "profile_image_url": "https://pbs.twimg.com/profile_images/1383196364792680448/N8CdupEu_normal.jpg", "name": "Amber Heard", "location": "Los Angeles, CA"}}, "author": {"url": "https://t.co/QA1HLVlTnL", "id": "19869114", "public_metrics": {"followers_count": 1171, "following_count": 482, "tweet_count": 76314, "listed_count": 0}, "created_at": "2009-02-01T18:19:33.000Z", "username": "cornax", "description": "she/her", "profile_image_url": "https://pbs.twimg.com/profile_images/1475316439502438400/HyM3sutx_normal.jpg", "name": "Kelly", "location": "Maryland, USA"}}, {"text": "AAA https://t.co/CejNuRivfQ", "lang": "und", "public_metrics": {"retweet_count": 0, "reply_count": 1, "like_count": 0, "quote_count": 0}, "author_id": "739578166537297921", "created_at": "2019-10-30T00:03:31.000Z", "entities": {"urls": [{"start": 4, "end": 27, "url": "https://t.co/CejNuRivfQ", "expanded_url": "https://twitter.com/realamberheard/status/1189325638588682240", "display_url": "twitter.com/realamberheard\u2026"}]}, "referenced_tweets": [{"type": "quoted", "id": "1189325638588682240"}], "id": "1189331964584779784", "source": "Twitter for Android", "quoted_tweet": {"text": "I\u2019m so gay for this https://t.co/bFjLExX8MY", "lang": "en", "public_metrics": {"retweet_count": 305, "reply_count": 74, "like_count": 2752, "quote_count": 35}, "author_id": "807003567605227520", "created_at": "2019-10-29T23:38:23.000Z", "entities": {"urls": [{"start": 20, "end": 43, "url": "https://t.co/bFjLExX8MY", "expanded_url": "https://twitter.com/nowthisnews/status/1188803350436831232", "display_url": "twitter.com/nowthisnews/st\u2026"}]}, "referenced_tweets": [{"type": "quoted", "id": "1188803350436831232"}], "id": "1189325638588682240", "source": "Twitter for iPhone", "author": {"url": "https://t.co/Ze18Ek9SOI", "id": "807003567605227520", "public_metrics": {"followers_count": 190337, "following_count": 220, "tweet_count": 1149, "listed_count": 567}, "created_at": "2016-12-08T23:26:58.000Z", "username": "realamberheard", "description": "Actor and Activist, semi-professional disruptor, ice cream advocate and shameless teacup yorkie-lover", "profile_image_url": "https://pbs.twimg.com/profile_images/1383196364792680448/N8CdupEu_normal.jpg", "name": "Amber Heard", "location": "Los Angeles, CA"}}, "author": {"url": "", "id": "739578166537297921", "public_metrics": {"followers_count": 311, "following_count": 107, "tweet_count": 51081, "listed_count": 5}, "created_at": "2016-06-05T22:02:30.000Z", "username": "crixjt", "description": "", "profile_image_url": "https://pbs.twimg.com/profile_images/1360074366009159680/ICNzjoV1_normal.jpg", "name": "c"}}, {"text": "I'm so gay for you \u2764\ufe0f https://t.co/2RjbqU4Ns4", "lang": "en", "public_metrics": {"retweet_count": 0, "reply_count": 0, "like_count": 1, "quote_count": 0}, "author_id": "1122850945388257280", "created_at": "2019-10-29T23:42:09.000Z", "entities": {"urls": [{"start": 22, "end": 45, "url": "https://t.co/2RjbqU4Ns4", "expanded_url": "https://twitter.com/realamberheard/status/1189325638588682240", "display_url": "twitter.com/realamberheard\u2026"}]}, "referenced_tweets": [{"type": "quoted", "id": "1189325638588682240"}], "id": "1189326584483897349", "source": "Twitter for Android", "quoted_tweet": {"text": "I\u2019m so gay for this https://t.co/bFjLExX8MY", "lang": "en", "public_metrics": {"retweet_count": 305, "reply_count": 74, "like_count": 2752, "quote_count": 35}, "author_id": "807003567605227520", "created_at": "2019-10-29T23:38:23.000Z", "entities": {"urls": [{"start": 20, "end": 43, "url": "https://t.co/bFjLExX8MY", "expanded_url": "https://twitter.com/nowthisnews/status/1188803350436831232", "display_url": "twitter.com/nowthisnews/st\u2026"}]}, "referenced_tweets": [{"type": "quoted", "id": "1188803350436831232"}], "id": "1189325638588682240", "source": "Twitter for iPhone", "author": {"url": "https://t.co/Ze18Ek9SOI", "id": "807003567605227520", "public_metrics": {"followers_count": 190337, "following_count": 220, "tweet_count": 1149, "listed_count": 567}, "created_at": "2016-12-08T23:26:58.000Z", "username": "realamberheard", "description": "Actor and Activist, semi-professional disruptor, ice cream advocate and shameless teacup yorkie-lover", "profile_image_url": "https://pbs.twimg.com/profile_images/1383196364792680448/N8CdupEu_normal.jpg", "name": "Amber Heard", "location": "Los Angeles, CA"}}, "author": {"url": "", "id": "1122850945388257280", "public_metrics": {"followers_count": 114, "following_count": 335, "tweet_count": 9011, "listed_count": 0}, "created_at": "2019-04-29T13:11:41.000Z", "username": "CaraD509", "description": "Love is love ~\nAmo leer, amo las pel\u00edculas de ciencia ficci\u00f3n m\u00e1s si es de s\u00faper h\u00e9roes, amo los c\u00f3mics y amo la fotograf\u00eda.", "profile_image_url": "https://pbs.twimg.com/profile_images/1497026518882689025/pJxX-x6__normal.jpg", "name": "\u15e2Jaz\ud800\udec0", "location": "M\u00e9xico"}}, {"text": "\ud83c\udd70\ufe0f https://t.co/JBlNLM6HzV", "lang": "und", "public_metrics": {"retweet_count": 0, "reply_count": 0, "like_count": 0, "quote_count": 0}, "author_id": "876253874960596992", "created_at": "2019-10-29T23:41:40.000Z", "entities": {"urls": [{"start": 3, "end": 26, "url": "https://t.co/JBlNLM6HzV", "expanded_url": "https://twitter.com/realamberheard/status/1189325638588682240", "display_url": "twitter.com/realamberheard\u2026"}]}, "referenced_tweets": [{"type": "quoted", "id": "1189325638588682240"}], "id": "1189326463532711936", "source": "Twitter for Android", "quoted_tweet": {"text": "I\u2019m so gay for this https://t.co/bFjLExX8MY", "lang": "en", "public_metrics": {"retweet_count": 305, "reply_count": 74, "like_count": 2752, "quote_count": 35}, "author_id": "807003567605227520", "created_at": "2019-10-29T23:38:23.000Z", "entities": {"urls": [{"start": 20, "end": 43, "url": "https://t.co/bFjLExX8MY", "expanded_url": "https://twitter.com/nowthisnews/status/1188803350436831232", "display_url": "twitter.com/nowthisnews/st\u2026"}]}, "referenced_tweets": [{"type": "quoted", "id": "1188803350436831232"}], "id": "1189325638588682240", "source": "Twitter for iPhone", "author": {"url": "https://t.co/Ze18Ek9SOI", "id": "807003567605227520", "public_metrics": {"followers_count": 190337, "following_count": 220, "tweet_count": 1149, "listed_count": 567}, "created_at": "2016-12-08T23:26:58.000Z", "username": "realamberheard", "description": "Actor and Activist, semi-professional disruptor, ice cream advocate and shameless teacup yorkie-lover", "profile_image_url": "https://pbs.twimg.com/profile_images/1383196364792680448/N8CdupEu_normal.jpg", "name": "Amber Heard", "location": "Los Angeles, CA"}}, "author": {"url": "", "id": "876253874960596992", "public_metrics": {"followers_count": 81, "following_count": 91, "tweet_count": 25859, "listed_count": 1}, "created_at": "2017-06-18T01:42:58.000Z", "username": "lavillanellep", "description": "it's not complicated", "profile_image_url": "https://pbs.twimg.com/profile_images/1497047936785518600/3ydypDCg_normal.png", "name": "villanelle \ud83c\udff9\ud83d\udc80", "location": "Villanelle | VI"}}, {"text": "AMBERRRRRRRRR https://t.co/Uzqxf42Ab2", "lang": "en", "public_metrics": {"retweet_count": 0, "reply_count": 0, "like_count": 0, "quote_count": 0}, "author_id": "1003133297495506944", "created_at": "2019-10-29T23:41:38.000Z", "entities": {"urls": [{"start": 14, "end": 37, "url": "https://t.co/Uzqxf42Ab2", "expanded_url": "https://twitter.com/realamberheard/status/1189325638588682240", "display_url": "twitter.com/realamberheard\u2026"}]}, "referenced_tweets": [{"type": "quoted", "id": "1189325638588682240"}], "id": "1189326457513922561", "source": "Twitter for Android", "quoted_tweet": {"text": "I\u2019m so gay for this https://t.co/bFjLExX8MY", "lang": "en", "public_metrics": {"retweet_count": 305, "reply_count": 74, "like_count": 2752, "quote_count": 35}, "author_id": "807003567605227520", "created_at": "2019-10-29T23:38:23.000Z", "entities": {"urls": [{"start": 20, "end": 43, "url": "https://t.co/bFjLExX8MY", "expanded_url": "https://twitter.com/nowthisnews/status/1188803350436831232", "display_url": "twitter.com/nowthisnews/st\u2026"}]}, "referenced_tweets": [{"type": "quoted", "id": "1188803350436831232"}], "id": "1189325638588682240", "source": "Twitter for iPhone", "author": {"url": "https://t.co/Ze18Ek9SOI", "id": "807003567605227520", "public_metrics": {"followers_count": 190337, "following_count": 220, "tweet_count": 1149, "listed_count": 567}, "created_at": "2016-12-08T23:26:58.000Z", "username": "realamberheard", "description": "Actor and Activist, semi-professional disruptor, ice cream advocate and shameless teacup yorkie-lover", "profile_image_url": "https://pbs.twimg.com/profile_images/1383196364792680448/N8CdupEu_normal.jpg", "name": "Amber Heard", "location": "Los Angeles, CA"}}, "author": {"url": "https://t.co/5v5zxId18M", "id": "1003133297495506944", "public_metrics": {"followers_count": 323, "following_count": 137, "tweet_count": 19582, "listed_count": 8}, "created_at": "2018-06-03T04:36:30.000Z", "username": "celiastjamcs", "description": "we're all bored, we're all so tired of everything", "profile_image_url": "https://pbs.twimg.com/profile_images/1503695998329278469/EBFTy2JK_normal.jpg", "name": "\ud83d\udc08\u200d\u2b1b", "location": "fefe. "}}, {"text": "Also gay for this https://t.co/DddeajT8pd", "lang": "en", "public_metrics": {"retweet_count": 0, "reply_count": 0, "like_count": 0, "quote_count": 0}, "author_id": "21456603", "created_at": "2019-10-29T23:41:24.000Z", "entities": {"urls": [{"start": 18, "end": 41, "url": "https://t.co/DddeajT8pd", "expanded_url": "https://twitter.com/realamberheard/status/1189325638588682240", "display_url": "twitter.com/realamberheard\u2026"}]}, "referenced_tweets": [{"type": "quoted", "id": "1189325638588682240"}], "id": "1189326397627621384", "source": "Twitter for iPhone", "quoted_tweet": {"text": "I\u2019m so gay for this https://t.co/bFjLExX8MY", "lang": "en", "public_metrics": {"retweet_count": 305, "reply_count": 74, "like_count": 2752, "quote_count": 35}, "author_id": "807003567605227520", "created_at": "2019-10-29T23:38:23.000Z", "entities": {"urls": [{"start": 20, "end": 43, "url": "https://t.co/bFjLExX8MY", "expanded_url": "https://twitter.com/nowthisnews/status/1188803350436831232", "display_url": "twitter.com/nowthisnews/st\u2026"}]}, "referenced_tweets": [{"type": "quoted", "id": "1188803350436831232"}], "id": "1189325638588682240", "source": "Twitter for iPhone", "author": {"url": "https://t.co/Ze18Ek9SOI", "id": "807003567605227520", "public_metrics": {"followers_count": 190337, "following_count": 220, "tweet_count": 1149, "listed_count": 567}, "created_at": "2016-12-08T23:26:58.000Z", "username": "realamberheard", "description": "Actor and Activist, semi-professional disruptor, ice cream advocate and shameless teacup yorkie-lover", "profile_image_url": "https://pbs.twimg.com/profile_images/1383196364792680448/N8CdupEu_normal.jpg", "name": "Amber Heard", "location": "Los Angeles, CA"}}, "author": {"url": "https://t.co/2ieJ4k5tCT", "id": "21456603", "public_metrics": {"followers_count": 153, "following_count": 846, "tweet_count": 9875, "listed_count": 1}, "created_at": "2009-02-21T02:19:40.000Z", "username": "violentheart", "description": "Hanging out with the dream king.\nBookseller with all the book talkers under Ray Bradbury", "profile_image_url": "https://pbs.twimg.com/profile_images/1281784399051227136/9k6b9V3n_normal.jpg", "name": "archer \ud83c\udff9", "location": "She/her"}}, {"text": "AAAAAAAAAA https://t.co/rCiH0g4Thk", "lang": "und", "public_metrics": {"retweet_count": 0, "reply_count": 0, "like_count": 6, "quote_count": 0}, "author_id": "4112816181", "created_at": "2019-10-29T23:40:03.000Z", "entities": {"urls": [{"start": 11, "end": 34, "url": "https://t.co/rCiH0g4Thk", "expanded_url": "https://twitter.com/realamberheard/status/1189325638588682240", "display_url": "twitter.com/realamberheard\u2026"}]}, "referenced_tweets": [{"type": "quoted", "id": "1189325638588682240"}], "id": "1189326056983056384", "source": "Twitter for Android", "quoted_tweet": {"text": "I\u2019m so gay for this https://t.co/bFjLExX8MY", "lang": "en", "public_metrics": {"retweet_count": 305, "reply_count": 74, "like_count": 2752, "quote_count": 35}, "author_id": "807003567605227520", "created_at": "2019-10-29T23:38:23.000Z", "entities": {"urls": [{"start": 20, "end": 43, "url": "https://t.co/bFjLExX8MY", "expanded_url": "https://twitter.com/nowthisnews/status/1188803350436831232", "display_url": "twitter.com/nowthisnews/st\u2026"}]}, "referenced_tweets": [{"type": "quoted", "id": "1188803350436831232"}], "id": "1189325638588682240", "source": "Twitter for iPhone", "author": {"url": "https://t.co/Ze18Ek9SOI", "id": "807003567605227520", "public_metrics": {"followers_count": 190337, "following_count": 220, "tweet_count": 1149, "listed_count": 567}, "created_at": "2016-12-08T23:26:58.000Z", "username": "realamberheard", "description": "Actor and Activist, semi-professional disruptor, ice cream advocate and shameless teacup yorkie-lover", "profile_image_url": "https://pbs.twimg.com/profile_images/1383196364792680448/N8CdupEu_normal.jpg", "name": "Amber Heard", "location": "Los Angeles, CA"}}, "author": {"url": "https://t.co/HWA9BrQBIA", "id": "4112816181", "public_metrics": {"followers_count": 28226, "following_count": 145, "tweet_count": 147086, "listed_count": 37}, "created_at": "2015-11-04T15:28:55.000Z", "username": "kcestrabao", "description": "", "profile_image_url": "https://pbs.twimg.com/profile_images/1480984647542706179/X6f76ycP_normal.jpg", "name": "honey"}}]