[{"source": "Twitter Web App", "referenced_tweets": [{"type": "quoted", "id": "1189429217865322496"}], "author_id": "1161494522129518593", "id": "1190298740390858752", "entities": {"urls": [{"start": 32, "end": 55, "url": "https://t.co/qAJ5GRd0ud", "expanded_url": "https://twitter.com/realamberheard/status/1189429217865322496", "display_url": "twitter.com/realamberheard\u2026"}], "hashtags": [{"start": 21, "end": 31, "tag": "LockHerUp"}]}, "created_at": "2019-11-01T16:05:09.000Z", "public_metrics": {"retweet_count": 0, "reply_count": 0, "like_count": 0, "quote_count": 0}, "text": "Delete your account. #LockHerUp https://t.co/qAJ5GRd0ud", "lang": "en", "quoted_tweet": {"source": "Twitter for iPhone", "referenced_tweets": [{"type": "quoted", "id": "1189427701934895105"}], "author_id": "807003567605227520", "id": "1189429217865322496", "entities": {"urls": [{"start": 100, "end": 123, "url": "https://t.co/Al1MVggFWP", "expanded_url": "https://twitter.com/guardian/status/1189427701934895105", "display_url": "twitter.com/guardian/statu\u2026"}]}, "created_at": "2019-10-30T06:29:58.000Z", "public_metrics": {"retweet_count": 7, "reply_count": 17, "like_count": 216, "quote_count": 2}, "text": "Oh, I can\u2019t wait to see where this debate goes here.... I for one, will very much enjoy seeing this https://t.co/Al1MVggFWP", "lang": "en", "author": {"description": "Actor and Activist, semi-professional disruptor, ice cream advocate and shameless teacup yorkie-lover", "profile_image_url": "https://pbs.twimg.com/profile_images/1383196364792680448/N8CdupEu_normal.jpg", "name": "Amber Heard", "id": "807003567605227520", "created_at": "2016-12-08T23:26:58.000Z", "url": "https://t.co/Ze18Ek9SOI", "public_metrics": {"followers_count": 190337, "following_count": 220, "tweet_count": 1149, "listed_count": 567}, "location": "Los Angeles, CA", "username": "realamberheard"}}, "author": {"description": "The Devil Himself | Professional Shitposter | THUMPCAST | 20 | Unhinged\n\nTalk shit, get hit. \n\nWatch Unfriended: Dark Web\n\nDiscord: https://t.co/6oVR4uO9dw", "profile_image_url": "https://pbs.twimg.com/profile_images/1499118257583833091/JoBtBLsy_normal.png", "name": "S.K.", "id": "1161494522129518593", "created_at": "2019-08-14T04:27:28.000Z", "url": "", "public_metrics": {"followers_count": 1175, "following_count": 272, "tweet_count": 78897, "listed_count": 16}, "username": "SKComics2"}}, {"source": "Twitter for Android", "referenced_tweets": [{"type": "retweeted", "id": "1189439840514785281"}], "author_id": "2929465251", "id": "1189499310435700736", "created_at": "2019-10-30T11:08:30.000Z", "public_metrics": {"retweet_count": 1, "reply_count": 0, "like_count": 0, "quote_count": 0}, "entities": {"mentions": [{"start": 3, "end": 13, "username": "XTinaTaft", "id": "847762217546137600"}]}, "text": "RT @XTinaTaft: \"33 strippers who participated in study, 32 reported experiencing some form of violence while at work, while 84% reported th\u2026", "lang": "en", "quoted_tweet": {"source": "Twitter for iPhone", "referenced_tweets": [{"type": "quoted", "id": "1189427701934895105"}], "author_id": "807003567605227520", "id": "1189429217865322496", "entities": {"urls": [{"start": 100, "end": 123, "url": "https://t.co/Al1MVggFWP", "expanded_url": "https://twitter.com/guardian/status/1189427701934895105", "display_url": "twitter.com/guardian/statu\u2026"}]}, "created_at": "2019-10-30T06:29:58.000Z", "public_metrics": {"retweet_count": 7, "reply_count": 17, "like_count": 216, "quote_count": 2}, "text": "Oh, I can\u2019t wait to see where this debate goes here.... I for one, will very much enjoy seeing this https://t.co/Al1MVggFWP", "lang": "en", "author": {"description": "Actor and Activist, semi-professional disruptor, ice cream advocate and shameless teacup yorkie-lover", "profile_image_url": "https://pbs.twimg.com/profile_images/1383196364792680448/N8CdupEu_normal.jpg", "name": "Amber Heard", "id": "807003567605227520", "created_at": "2016-12-08T23:26:58.000Z", "url": "https://t.co/Ze18Ek9SOI", "public_metrics": {"followers_count": 190337, "following_count": 220, "tweet_count": 1149, "listed_count": 567}, "location": "Los Angeles, CA", "username": "realamberheard"}}, "author": {"description": "\u201cIt\u2019s not titles who honor men, it\u2019s men who honor titles.\u201d \ud83d\udda4", "profile_image_url": "https://pbs.twimg.com/profile_images/1467654299790544899/9_TGG91v_normal.jpg", "name": "DANIEL BRUMMITT", "id": "2929465251", "created_at": "2014-12-18T13:07:57.000Z", "url": "https://t.co/THkYv5Cr2k", "public_metrics": {"followers_count": 29058, "following_count": 20606, "tweet_count": 236784, "listed_count": 419}, "location": "Hong Kong", "username": "dan__brummitt"}}, {"source": "Twitter Web App", "referenced_tweets": [{"type": "quoted", "id": "1189429217865322496"}], "author_id": "847762217546137600", "id": "1189439840514785281", "entities": {"urls": [{"start": 280, "end": 303, "url": "https://t.co/iaKRNR4xAE", "expanded_url": "https://twitter.com/realamberheard/status/1189429217865322496", "display_url": "twitter.com/realamberheard\u2026"}], "hashtags": [{"start": 214, "end": 223, "tag": "Portland"}, {"start": 255, "end": 264, "tag": "violence"}, {"start": 265, "end": 279, "tag": "workersrights"}]}, "created_at": "2019-10-30T07:12:11.000Z", "public_metrics": {"retweet_count": 1, "reply_count": 0, "like_count": 4, "quote_count": 0}, "text": "\"33 strippers who participated in study, 32 reported experiencing some form of violence while at work, while 84% reported they had experienced \u201cunwanted groping, rape, forced or coerced unwanted sexual acts\u201d\n\nUgh. #Portland - didn't know it had 54 clubs. #violence #workersrights https://t.co/iaKRNR4xAE", "lang": "en", "quoted_tweet": {"source": "Twitter for iPhone", "referenced_tweets": [{"type": "quoted", "id": "1189427701934895105"}], "author_id": "807003567605227520", "id": "1189429217865322496", "entities": {"urls": [{"start": 100, "end": 123, "url": "https://t.co/Al1MVggFWP", "expanded_url": "https://twitter.com/guardian/status/1189427701934895105", "display_url": "twitter.com/guardian/statu\u2026"}]}, "created_at": "2019-10-30T06:29:58.000Z", "public_metrics": {"retweet_count": 7, "reply_count": 17, "like_count": 216, "quote_count": 2}, "text": "Oh, I can\u2019t wait to see where this debate goes here.... I for one, will very much enjoy seeing this https://t.co/Al1MVggFWP", "lang": "en", "author": {"description": "Actor and Activist, semi-professional disruptor, ice cream advocate and shameless teacup yorkie-lover", "profile_image_url": "https://pbs.twimg.com/profile_images/1383196364792680448/N8CdupEu_normal.jpg", "name": "Amber Heard", "id": "807003567605227520", "created_at": "2016-12-08T23:26:58.000Z", "url": "https://t.co/Ze18Ek9SOI", "public_metrics": {"followers_count": 190337, "following_count": 220, "tweet_count": 1149, "listed_count": 567}, "location": "Los Angeles, CA", "username": "realamberheard"}}, "author": {"description": "#Founder Social Media for Good ~ https://t.co/7SykGO7PSU\ud83d\ude80Better World #CEO\u2708Innovator\ud83c\udf89#Egalitarian\ud83c\udfb8#Entrepreneur\ud83d\udc2c#Tech\ud83c\udfd6#Futurist\ud83d\udca1#Motivationology\u2600\ufe0f#Data\ud83e\udde1#WomenInPower", "profile_image_url": "https://pbs.twimg.com/profile_images/1180185247884824576/3Zvt_F6Y_normal.jpg", "name": "Christina Taft \ud83e\uddecCEO\ud83c\udfd6\ud83c\udfb6\u2708\ufe0f", "id": "847762217546137600", "created_at": "2017-03-31T10:47:18.000Z", "url": "https://t.co/7SykGO7PSU", "public_metrics": {"followers_count": 2653, "following_count": 4555, "tweet_count": 32732, "listed_count": 21}, "location": "Worldie.com & International \ud83d\ude80", "username": "XTinaTaft"}}]