[{"source": "Twitter for Android", "lang": "en", "public_metrics": {"retweet_count": 0, "reply_count": 0, "like_count": 1, "quote_count": 0}, "created_at": "2020-08-19T21:57:45.000Z", "id": "1296204734609620993", "entities": {"urls": [{"start": 12, "end": 35, "url": "https://t.co/zurzaxQVAC", "expanded_url": "https://twitter.com/realamberheard/status/1191953723469312001", "display_url": "twitter.com/realamberheard\u2026"}]}, "referenced_tweets": [{"type": "quoted", "id": "1191953723469312001"}], "text": "Full of it. https://t.co/zurzaxQVAC", "author_id": "450253494", "quoted_tweet": {"source": "Twitter for iPhone", "lang": "en", "public_metrics": {"retweet_count": 46, "reply_count": 56, "like_count": 344, "quote_count": 13}, "created_at": "2019-11-06T05:41:27.000Z", "entities": {"mentions": [{"start": 15, "end": 23, "username": "arobach", "id": "284991184"}], "urls": [{"start": 280, "end": 303, "url": "https://t.co/mHn6PlOVRZ", "expanded_url": "https://twitter.com/JamesOKeefeIII/status/1191716801178034180", "display_url": "twitter.com/JamesOKeefeIII\u2026"}]}, "id": "1191953723469312001", "text": "Yes, thank you @arobach !! This is what happens when you go up against powerful men!! The institutions that benefit from them, protect them. Ask any of the numerous reporters attempting 2 cover any of the LATEST \u2018power-assaulters\u2019 and u will see the same damn pattern. Ridiculous https://t.co/mHn6PlOVRZ", "author_id": "807003567605227520", "author": {"created_at": "2016-12-08T23:26:58.000Z", "profile_image_url": "https://pbs.twimg.com/profile_images/1383196364792680448/N8CdupEu_normal.jpg", "url": "https://t.co/Ze18Ek9SOI", "name": "Amber Heard", "location": "Los Angeles, CA", "id": "807003567605227520", "public_metrics": {"followers_count": 190337, "following_count": 220, "tweet_count": 1149, "listed_count": 567}, "description": "Actor and Activist, semi-professional disruptor, ice cream advocate and shameless teacup yorkie-lover", "username": "realamberheard"}}, "author": {"created_at": "2011-12-30T01:48:06.000Z", "profile_image_url": "https://pbs.twimg.com/profile_images/1394959378772631552/XE5GNORs_normal.jpg", "url": "", "name": "meh \ud83e\udd99", "location": "United Kingdom", "id": "450253494", "public_metrics": {"followers_count": 168, "following_count": 489, "tweet_count": 6304, "listed_count": 1}, "description": "", "username": "JustAJDSupporta"}}, {"source": "Twitter for iPhone", "lang": "und", "public_metrics": {"retweet_count": 0, "reply_count": 0, "like_count": 0, "quote_count": 0}, "created_at": "2020-02-02T22:08:53.000Z", "id": "1224092348470255617", "entities": {"urls": [{"start": 0, "end": 23, "url": "https://t.co/D8S1I3PiYz", "expanded_url": "https://twitter.com/JonathanFalcons/status/1224092348470255617/photo/1", "display_url": "pic.twitter.com/D8S1I3PiYz"}, {"start": 24, "end": 47, "url": "https://t.co/iTEUtCPpBp", "expanded_url": "https://twitter.com/realamberheard/status/1191953723469312001", "display_url": "twitter.com/realamberheard\u2026"}]}, "referenced_tweets": [{"type": "quoted", "id": "1191953723469312001"}], "text": "https://t.co/D8S1I3PiYz https://t.co/iTEUtCPpBp", "author_id": "874371727", "quoted_tweet": {"source": "Twitter for iPhone", "lang": "en", "public_metrics": {"retweet_count": 46, "reply_count": 56, "like_count": 344, "quote_count": 13}, "created_at": "2019-11-06T05:41:27.000Z", "entities": {"mentions": [{"start": 15, "end": 23, "username": "arobach", "id": "284991184"}], "urls": [{"start": 280, "end": 303, "url": "https://t.co/mHn6PlOVRZ", "expanded_url": "https://twitter.com/JamesOKeefeIII/status/1191716801178034180", "display_url": "twitter.com/JamesOKeefeIII\u2026"}]}, "id": "1191953723469312001", "text": "Yes, thank you @arobach !! This is what happens when you go up against powerful men!! The institutions that benefit from them, protect them. Ask any of the numerous reporters attempting 2 cover any of the LATEST \u2018power-assaulters\u2019 and u will see the same damn pattern. Ridiculous https://t.co/mHn6PlOVRZ", "author_id": "807003567605227520", "author": {"created_at": "2016-12-08T23:26:58.000Z", "profile_image_url": "https://pbs.twimg.com/profile_images/1383196364792680448/N8CdupEu_normal.jpg", "url": "https://t.co/Ze18Ek9SOI", "name": "Amber Heard", "location": "Los Angeles, CA", "id": "807003567605227520", "public_metrics": {"followers_count": 190337, "following_count": 220, "tweet_count": 1149, "listed_count": 567}, "description": "Actor and Activist, semi-professional disruptor, ice cream advocate and shameless teacup yorkie-lover", "username": "realamberheard"}}, "author": {"created_at": "2012-10-11T21:36:02.000Z", "profile_image_url": "https://pbs.twimg.com/profile_images/1050785867684564993/gBxIsadR_normal.jpg", "url": "", "name": "Jonathan Falcon", "location": "East Coast, USA", "id": "874371727", "public_metrics": {"followers_count": 4175, "following_count": 823, "tweet_count": 111333, "listed_count": 3}, "description": "I swear to Bod that I\u2019m not a got. Leading expert on combatting Blue Anon, avid reader of rooms. Pureblood.", "username": "JonathanFalcons"}}, {"source": "Twitter for iPhone", "lang": "en", "public_metrics": {"retweet_count": 1, "reply_count": 0, "like_count": 0, "quote_count": 0}, "created_at": "2020-02-02T21:52:09.000Z", "entities": {"mentions": [{"start": 3, "end": 19, "username": "TheInvi80692073", "id": "1091339169744515073"}]}, "id": "1224088141218426880", "referenced_tweets": [{"type": "retweeted", "id": "1224071174746976256"}], "text": "RT @TheInvi80692073: Oh how the chickens have come home to roost \ud83d\ude0f", "author_id": "1116510455693021185", "quoted_tweet": {"source": "Twitter for iPhone", "lang": "en", "public_metrics": {"retweet_count": 46, "reply_count": 56, "like_count": 344, "quote_count": 13}, "created_at": "2019-11-06T05:41:27.000Z", "entities": {"mentions": [{"start": 15, "end": 23, "username": "arobach", "id": "284991184"}], "urls": [{"start": 280, "end": 303, "url": "https://t.co/mHn6PlOVRZ", "expanded_url": "https://twitter.com/JamesOKeefeIII/status/1191716801178034180", "display_url": "twitter.com/JamesOKeefeIII\u2026"}]}, "id": "1191953723469312001", "text": "Yes, thank you @arobach !! This is what happens when you go up against powerful men!! The institutions that benefit from them, protect them. Ask any of the numerous reporters attempting 2 cover any of the LATEST \u2018power-assaulters\u2019 and u will see the same damn pattern. Ridiculous https://t.co/mHn6PlOVRZ", "author_id": "807003567605227520", "author": {"created_at": "2016-12-08T23:26:58.000Z", "profile_image_url": "https://pbs.twimg.com/profile_images/1383196364792680448/N8CdupEu_normal.jpg", "url": "https://t.co/Ze18Ek9SOI", "name": "Amber Heard", "location": "Los Angeles, CA", "id": "807003567605227520", "public_metrics": {"followers_count": 190337, "following_count": 220, "tweet_count": 1149, "listed_count": 567}, "description": "Actor and Activist, semi-professional disruptor, ice cream advocate and shameless teacup yorkie-lover", "username": "realamberheard"}}, "author": {"created_at": "2019-04-12T01:16:51.000Z", "profile_image_url": "https://pbs.twimg.com/profile_images/1484600984445849600/phjAOgOZ_normal.jpg", "url": "https://t.co/F6pUiOKYbL", "name": "dadof3", "location": "Earth ", "id": "1116510455693021185", "public_metrics": {"followers_count": 1061, "following_count": 1383, "tweet_count": 59286, "listed_count": 1}, "description": "Single dad & current split family. Experienced female perpetrated DV & coercive control. Believe in equality. dyslexic. retweets are not necessarily approval", "username": "dadof315"}}, {"source": "Twitter Web App", "lang": "en", "public_metrics": {"retweet_count": 1, "reply_count": 0, "like_count": 4, "quote_count": 0}, "created_at": "2020-02-02T20:44:44.000Z", "id": "1224071174746976256", "entities": {"urls": [{"start": 46, "end": 69, "url": "https://t.co/OMr1WGW7yv", "expanded_url": "https://twitter.com/realamberheard/status/1191953723469312001", "display_url": "twitter.com/realamberheard\u2026"}]}, "referenced_tweets": [{"type": "quoted", "id": "1191953723469312001"}], "text": "Oh how the chickens have come home to roost \ud83d\ude0f https://t.co/OMr1WGW7yv", "author_id": "1091339169744515073", "quoted_tweet": {"source": "Twitter for iPhone", "lang": "en", "public_metrics": {"retweet_count": 46, "reply_count": 56, "like_count": 344, "quote_count": 13}, "created_at": "2019-11-06T05:41:27.000Z", "entities": {"mentions": [{"start": 15, "end": 23, "username": "arobach", "id": "284991184"}], "urls": [{"start": 280, "end": 303, "url": "https://t.co/mHn6PlOVRZ", "expanded_url": "https://twitter.com/JamesOKeefeIII/status/1191716801178034180", "display_url": "twitter.com/JamesOKeefeIII\u2026"}]}, "id": "1191953723469312001", "text": "Yes, thank you @arobach !! This is what happens when you go up against powerful men!! The institutions that benefit from them, protect them. Ask any of the numerous reporters attempting 2 cover any of the LATEST \u2018power-assaulters\u2019 and u will see the same damn pattern. Ridiculous https://t.co/mHn6PlOVRZ", "author_id": "807003567605227520", "author": {"created_at": "2016-12-08T23:26:58.000Z", "profile_image_url": "https://pbs.twimg.com/profile_images/1383196364792680448/N8CdupEu_normal.jpg", "url": "https://t.co/Ze18Ek9SOI", "name": "Amber Heard", "location": "Los Angeles, CA", "id": "807003567605227520", "public_metrics": {"followers_count": 190337, "following_count": 220, "tweet_count": 1149, "listed_count": 567}, "description": "Actor and Activist, semi-professional disruptor, ice cream advocate and shameless teacup yorkie-lover", "username": "realamberheard"}}, "author": {"created_at": "2019-02-01T14:15:08.000Z", "profile_image_url": "https://pbs.twimg.com/profile_images/1502383448035528707/QROcWi3__normal.png", "url": "https://t.co/O6P4uxg2uO", "name": "The Invisible Man", "location": "England, United Kingdom", "id": "1091339169744515073", "public_metrics": {"followers_count": 923, "following_count": 297, "tweet_count": 15768, "listed_count": 6}, "description": "A voice for male survivors - invisible men - pro sex workers rights\ud83c\udf02, #JusticeForJohnnyDepp \ud83c\udf69\ud83c\udf69. Retweets not endorsements. All views are mine. #SpreadTheWord", "username": "TheInvi80692073"}}, {"source": "Twitter for Android", "lang": "en", "public_metrics": {"retweet_count": 0, "reply_count": 0, "like_count": 3, "quote_count": 0}, "created_at": "2019-11-09T23:57:19.000Z", "id": "1193316670682484736", "entities": {"hashtags": [{"start": 168, "end": 179, "tag": "AmberHeard"}, {"start": 180, "end": 190, "tag": "lyingturd"}, {"start": 191, "end": 198, "tag": "abuser"}, {"start": 199, "end": 216, "tag": "violentsociopath"}, {"start": 217, "end": 244, "tag": "amberheardabusedjohnnydepp"}, {"start": 245, "end": 250, "tag": "vile"}, {"start": 251, "end": 272, "tag": "JusticeForJohnnyDepp"}], "urls": [{"start": 273, "end": 296, "url": "https://t.co/vd8HtMQJC5", "expanded_url": "https://twitter.com/realamberheard/status/1191953723469312001", "display_url": "twitter.com/realamberheard\u2026"}]}, "referenced_tweets": [{"type": "quoted", "id": "1191953723469312001"}], "text": "You used to at least be a joke. Laughable. Now you're just beyond pathetic. A dying leech scrambling to attach yourself to anything that will save you. It's revolting.\n#AmberHeard #lyingturd #abuser #violentsociopath #amberheardabusedjohnnydepp #vile #JusticeForJohnnyDepp https://t.co/vd8HtMQJC5", "author_id": "1139879876834418688", "quoted_tweet": {"source": "Twitter for iPhone", "lang": "en", "public_metrics": {"retweet_count": 46, "reply_count": 56, "like_count": 344, "quote_count": 13}, "created_at": "2019-11-06T05:41:27.000Z", "entities": {"mentions": [{"start": 15, "end": 23, "username": "arobach", "id": "284991184"}], "urls": [{"start": 280, "end": 303, "url": "https://t.co/mHn6PlOVRZ", "expanded_url": "https://twitter.com/JamesOKeefeIII/status/1191716801178034180", "display_url": "twitter.com/JamesOKeefeIII\u2026"}]}, "id": "1191953723469312001", "text": "Yes, thank you @arobach !! This is what happens when you go up against powerful men!! The institutions that benefit from them, protect them. Ask any of the numerous reporters attempting 2 cover any of the LATEST \u2018power-assaulters\u2019 and u will see the same damn pattern. Ridiculous https://t.co/mHn6PlOVRZ", "author_id": "807003567605227520", "author": {"created_at": "2016-12-08T23:26:58.000Z", "profile_image_url": "https://pbs.twimg.com/profile_images/1383196364792680448/N8CdupEu_normal.jpg", "url": "https://t.co/Ze18Ek9SOI", "name": "Amber Heard", "location": "Los Angeles, CA", "id": "807003567605227520", "public_metrics": {"followers_count": 190337, "following_count": 220, "tweet_count": 1149, "listed_count": 567}, "description": "Actor and Activist, semi-professional disruptor, ice cream advocate and shameless teacup yorkie-lover", "username": "realamberheard"}}, "author": {"created_at": "2019-06-15T12:58:35.000Z", "profile_image_url": "https://pbs.twimg.com/profile_images/1147046938627301377/N_tdYHWz_normal.jpg", "url": "", "name": "EffervescentlyTired\ud83d\ude34\ud83c\udf0c", "id": "1139879876834418688", "public_metrics": {"followers_count": 14, "following_count": 100, "tweet_count": 4047, "listed_count": 0}, "description": "Tired. Angry. Almost 30. The 20's came back and brought all the bullshit with it \ud83c\udf7e\ud83d\ude29", "username": "EffervescentlyT"}}, {"source": "Twitter Web App", "lang": "es", "public_metrics": {"retweet_count": 0, "reply_count": 0, "like_count": 0, "quote_count": 0}, "created_at": "2019-11-06T06:54:19.000Z", "id": "1191972061125709824", "entities": {"urls": [{"start": 16, "end": 39, "url": "https://t.co/CIfCygSUnf", "expanded_url": "https://twitter.com/realamberheard/status/1191953723469312001", "display_url": "twitter.com/realamberheard\u2026"}]}, "referenced_tweets": [{"type": "quoted", "id": "1191953723469312001"}], "text": "Holy guacamole! https://t.co/CIfCygSUnf", "author_id": "65613928", "quoted_tweet": {"source": "Twitter for iPhone", "lang": "en", "public_metrics": {"retweet_count": 46, "reply_count": 56, "like_count": 344, "quote_count": 13}, "created_at": "2019-11-06T05:41:27.000Z", "entities": {"mentions": [{"start": 15, "end": 23, "username": "arobach", "id": "284991184"}], "urls": [{"start": 280, "end": 303, "url": "https://t.co/mHn6PlOVRZ", "expanded_url": "https://twitter.com/JamesOKeefeIII/status/1191716801178034180", "display_url": "twitter.com/JamesOKeefeIII\u2026"}]}, "id": "1191953723469312001", "text": "Yes, thank you @arobach !! This is what happens when you go up against powerful men!! The institutions that benefit from them, protect them. Ask any of the numerous reporters attempting 2 cover any of the LATEST \u2018power-assaulters\u2019 and u will see the same damn pattern. Ridiculous https://t.co/mHn6PlOVRZ", "author_id": "807003567605227520", "author": {"created_at": "2016-12-08T23:26:58.000Z", "profile_image_url": "https://pbs.twimg.com/profile_images/1383196364792680448/N8CdupEu_normal.jpg", "url": "https://t.co/Ze18Ek9SOI", "name": "Amber Heard", "location": "Los Angeles, CA", "id": "807003567605227520", "public_metrics": {"followers_count": 190337, "following_count": 220, "tweet_count": 1149, "listed_count": 567}, "description": "Actor and Activist, semi-professional disruptor, ice cream advocate and shameless teacup yorkie-lover", "username": "realamberheard"}}, "author": {"created_at": "2009-08-14T11:23:44.000Z", "profile_image_url": "https://pbs.twimg.com/profile_images/1466370229160890370/kjT6lrOL_normal.jpg", "url": "https://t.co/qTyRoEhQ1h", "name": "H\u00e9ctor Eduardo", "location": "Grenoble/Monteverde/Austin", "id": "65613928", "public_metrics": {"followers_count": 238, "following_count": 899, "tweet_count": 3072, "listed_count": 12}, "description": "Tico, Longhorn, expat in the French Alps. Outdoors enthusiast/startup collaborator/frustrated guitar player.", "username": "grenobletrejos"}}, {"source": "Twitter for Android", "lang": "und", "public_metrics": {"retweet_count": 0, "reply_count": 0, "like_count": 0, "quote_count": 0}, "created_at": "2019-11-06T05:49:46.000Z", "id": "1191955815227437056", "entities": {"urls": [{"start": 2, "end": 25, "url": "https://t.co/zLmNY0BJ2M", "expanded_url": "https://twitter.com/realamberheard/status/1191953723469312001", "display_url": "twitter.com/realamberheard\u2026"}]}, "referenced_tweets": [{"type": "quoted", "id": "1191953723469312001"}], "text": "\ud83d\udc40 https://t.co/zLmNY0BJ2M", "author_id": "582833287", "quoted_tweet": {"source": "Twitter for iPhone", "lang": "en", "public_metrics": {"retweet_count": 46, "reply_count": 56, "like_count": 344, "quote_count": 13}, "created_at": "2019-11-06T05:41:27.000Z", "entities": {"mentions": [{"start": 15, "end": 23, "username": "arobach", "id": "284991184"}], "urls": [{"start": 280, "end": 303, "url": "https://t.co/mHn6PlOVRZ", "expanded_url": "https://twitter.com/JamesOKeefeIII/status/1191716801178034180", "display_url": "twitter.com/JamesOKeefeIII\u2026"}]}, "id": "1191953723469312001", "text": "Yes, thank you @arobach !! This is what happens when you go up against powerful men!! The institutions that benefit from them, protect them. Ask any of the numerous reporters attempting 2 cover any of the LATEST \u2018power-assaulters\u2019 and u will see the same damn pattern. Ridiculous https://t.co/mHn6PlOVRZ", "author_id": "807003567605227520", "author": {"created_at": "2016-12-08T23:26:58.000Z", "profile_image_url": "https://pbs.twimg.com/profile_images/1383196364792680448/N8CdupEu_normal.jpg", "url": "https://t.co/Ze18Ek9SOI", "name": "Amber Heard", "location": "Los Angeles, CA", "id": "807003567605227520", "public_metrics": {"followers_count": 190337, "following_count": 220, "tweet_count": 1149, "listed_count": 567}, "description": "Actor and Activist, semi-professional disruptor, ice cream advocate and shameless teacup yorkie-lover", "username": "realamberheard"}}, "author": {"created_at": "2012-05-17T14:36:06.000Z", "profile_image_url": "https://pbs.twimg.com/profile_images/1504394605047029763/UseIefIP_normal.jpg", "url": "", "name": "huggy\ud83c\uddfa\ud83c\udde6\ud83c\udf40", "location": "Hamilton", "id": "582833287", "public_metrics": {"followers_count": 202, "following_count": 1554, "tweet_count": 2482, "listed_count": 0}, "description": "Cheery happy guy, love the celtic\ud83c\uddee\ud83c\uddea, \ud83d\udc40z on the prize\u262f\ufe0f\u270c\ud83e\udd2b", "username": "huggybhoy"}}]