[{"entities": {"mentions": [{"start": 100, "end": 107, "username": "Change", "id": "15947602"}], "urls": [{"start": 72, "end": 95, "url": "https://t.co/wdGStX9Joa", "expanded_url": "http://chng.it/fhb6GrLc", "display_url": "chng.it/fhb6GrLc", "status": 200, "unwound_url": "https://www.change.org/p/l-or%C3%A9al-remove-amber-heard-as-l-or%C3%A9al-spokeperson?recruiter=944159810&utm_source=share_petition&utm_medium=twitter&utm_campaign=psf_combo_share_initial&utm_term=psf_combo_share_abi&recruited_by_id=455c3b30-4c39-11e9-b047-dbd776670672"}, {"start": 108, "end": 131, "url": "https://t.co/5XwpTSrolz", "expanded_url": "https://twitter.com/realamberheard/status/1196210715956109312", "display_url": "twitter.com/realamberheard\u2026"}]}, "public_metrics": {"retweet_count": 0, "reply_count": 0, "like_count": 0, "quote_count": 0}, "author_id": "2921341901", "lang": "fr", "source": "Twitter for iPhone", "created_at": "2019-11-18T00:12:50.000Z", "referenced_tweets": [{"type": "quoted", "id": "1196210715956109312"}], "id": "1196219679242670085", "text": "L'Or\u00e9al: Remove Amber Heard as L'Or\u00e9al spokeperson - Sign the Petition! https://t.co/wdGStX9Joa via @Change https://t.co/5XwpTSrolz", "quoted_tweet": {"entities": {"mentions": [{"start": 85, "end": 93, "username": "nytimes", "id": "807095"}], "urls": [{"start": 95, "end": 118, "url": "https://t.co/m9aFBTpM74", "expanded_url": "https://twitter.com/realamberheard/status/1196210715956109312/photo/1", "display_url": "pic.twitter.com/m9aFBTpM74"}]}, "public_metrics": {"retweet_count": 52, "reply_count": 59, "like_count": 701, "quote_count": 3}, "author_id": "807003567605227520", "lang": "en", "source": "Twitter for iPhone", "created_at": "2019-11-17T23:37:13.000Z", "id": "1196210715956109312", "text": "Well this is the first time I\u2019ve ever been interested in the sports section of the \u2066\u2066@nytimes\u2069 https://t.co/m9aFBTpM74", "author": {"name": "Amber Heard", "profile_image_url": "https://pbs.twimg.com/profile_images/1383196364792680448/N8CdupEu_normal.jpg", "created_at": "2016-12-08T23:26:58.000Z", "description": "Actor and Activist, semi-professional disruptor, ice cream advocate and shameless teacup yorkie-lover", "public_metrics": {"followers_count": 190337, "following_count": 220, "tweet_count": 1149, "listed_count": 567}, "location": "Los Angeles, CA", "id": "807003567605227520", "username": "realamberheard", "url": "https://t.co/Ze18Ek9SOI"}}, "author": {"name": "BTV \ud83d\udda4", "profile_image_url": "https://pbs.twimg.com/profile_images/1275847963735134208/8o2XhQSl_normal.jpg", "created_at": "2014-12-14T13:01:15.000Z", "description": "rich in love principally \u2022\u2022 2nd account: @bekallevictoria", "public_metrics": {"followers_count": 238, "following_count": 109, "tweet_count": 5176, "listed_count": 0}, "location": "Lgbtland \ud83c\udff3\ufe0f\u200d\ud83c\udf08", "id": "2921341901", "username": "VBekalle", "url": ""}}, {"public_metrics": {"retweet_count": 0, "reply_count": 0, "like_count": 2, "quote_count": 0}, "author_id": "73237187", "lang": "es", "source": "Twitter for Android", "created_at": "2019-11-17T23:39:25.000Z", "referenced_tweets": [{"type": "quoted", "id": "1196210715956109312"}], "id": "1196211267259772930", "entities": {"urls": [{"start": 46, "end": 69, "url": "https://t.co/iOdpNFlaQU", "expanded_url": "https://twitter.com/realamberheard/status/1196210715956109312", "display_url": "twitter.com/realamberheard\u2026"}], "hashtags": [{"start": 23, "end": 43, "tag": "ReleaseTheSnyderCut"}]}, "text": "Pens\u00e9 que era algo del #ReleaseTheSnyderCut \ud83d\ude02 https://t.co/iOdpNFlaQU", "quoted_tweet": {"entities": {"mentions": [{"start": 85, "end": 93, "username": "nytimes", "id": "807095"}], "urls": [{"start": 95, "end": 118, "url": "https://t.co/m9aFBTpM74", "expanded_url": "https://twitter.com/realamberheard/status/1196210715956109312/photo/1", "display_url": "pic.twitter.com/m9aFBTpM74"}]}, "public_metrics": {"retweet_count": 52, "reply_count": 59, "like_count": 701, "quote_count": 3}, "author_id": "807003567605227520", "lang": "en", "source": "Twitter for iPhone", "created_at": "2019-11-17T23:37:13.000Z", "id": "1196210715956109312", "text": "Well this is the first time I\u2019ve ever been interested in the sports section of the \u2066\u2066@nytimes\u2069 https://t.co/m9aFBTpM74", "author": {"name": "Amber Heard", "profile_image_url": "https://pbs.twimg.com/profile_images/1383196364792680448/N8CdupEu_normal.jpg", "created_at": "2016-12-08T23:26:58.000Z", "description": "Actor and Activist, semi-professional disruptor, ice cream advocate and shameless teacup yorkie-lover", "public_metrics": {"followers_count": 190337, "following_count": 220, "tweet_count": 1149, "listed_count": 567}, "location": "Los Angeles, CA", "id": "807003567605227520", "username": "realamberheard", "url": "https://t.co/Ze18Ek9SOI"}}, "author": {"name": "\uff33\uff41\uff4d\uff55\uff45\uff4c", "profile_image_url": "https://pbs.twimg.com/profile_images/1493734536240193552/Wxxn82Pe_normal.jpg", "created_at": "2009-09-10T22:21:49.000Z", "description": "Fan de muchas cosas. \u2728", "public_metrics": {"followers_count": 31797, "following_count": 20937, "tweet_count": 311490, "listed_count": 115}, "location": "Caracas, Venezuela", "id": "73237187", "username": "samuantuabreu", "url": ""}}]