[{"text": "This is profoundly powerful \ud83d\udc4a\ud83d\udc4a https://t.co/9IhvUbe0UO", "lang": "en", "public_metrics": {"retweet_count": 0, "reply_count": 0, "like_count": 0, "quote_count": 0}, "author_id": "2679006249", "created_at": "2020-08-01T04:02:03.000Z", "entities": {"urls": [{"start": 31, "end": 54, "url": "https://t.co/9IhvUbe0UO", "expanded_url": "https://twitter.com/realamberheard/status/1196484693929029632", "display_url": "twitter.com/realamberheard\u2026"}]}, "referenced_tweets": [{"type": "quoted", "id": "1196484693929029632"}], "id": "1289411044671012864", "source": "Twitter Web App", "quoted_tweet": {"text": "I \u201cgive a damn\u201d about you, Chanel Miller....and all the \u2018damns\u2019 you remind me everyday, we give ourselves in coming forward, in surviving, the damns that are given 2 those speak, 2 those who r silent, those who can say, \u201cI am with you\u201d.  I give a damn. Thank you. https://t.co/Tz0NYltkWj", "lang": "en", "public_metrics": {"retweet_count": 74, "reply_count": 64, "like_count": 538, "quote_count": 10}, "author_id": "807003567605227520", "created_at": "2019-11-18T17:45:55.000Z", "entities": {"urls": [{"start": 264, "end": 287, "url": "https://t.co/Tz0NYltkWj", "expanded_url": "https://twitter.com/UN_Women/status/1196416864798294016", "display_url": "twitter.com/UN_Women/statu\u2026"}], "annotations": [{"start": 27, "end": 39, "probability": 0.9965, "type": "Person", "normalized_text": "Chanel Miller"}]}, "referenced_tweets": [{"type": "quoted", "id": "1196416864798294016"}], "id": "1196484693929029632", "source": "Twitter for iPhone", "author": {"url": "https://t.co/Ze18Ek9SOI", "id": "807003567605227520", "public_metrics": {"followers_count": 190337, "following_count": 220, "tweet_count": 1149, "listed_count": 567}, "created_at": "2016-12-08T23:26:58.000Z", "username": "realamberheard", "description": "Actor and Activist, semi-professional disruptor, ice cream advocate and shameless teacup yorkie-lover", "profile_image_url": "https://pbs.twimg.com/profile_images/1383196364792680448/N8CdupEu_normal.jpg", "name": "Amber Heard", "location": "Los Angeles, CA"}}, "author": {"url": "", "id": "2679006249", "public_metrics": {"followers_count": 120, "following_count": 1113, "tweet_count": 5340, "listed_count": 0}, "created_at": "2014-07-06T12:23:41.000Z", "username": "LetukaLesedi", "description": "The reason I exercise is for the quality of life I enjoy - have courage & be kind  Mosia Motobatsi", "profile_image_url": "https://pbs.twimg.com/profile_images/1354394776360132609/OnLQ9lj__normal.jpg", "name": "Lesedi Letuka - Ntate wa Tebo le Londie\u262f\ud83c\udfb2", "location": "Matatiele | Gauteng | World \ud83c\uddff"}}, {"text": "I \u201cgive a damn about you\u201d Amber Heard\nThe abuse you endured by Johnny Depp is an absolute monstrosity \n\nI believe you and I applaud your bravery https://t.co/ZmFbxNCIQZ", "lang": "en", "public_metrics": {"retweet_count": 0, "reply_count": 0, "like_count": 0, "quote_count": 0}, "author_id": "1527469560", "created_at": "2019-11-20T08:35:02.000Z", "entities": {"urls": [{"start": 145, "end": 168, "url": "https://t.co/ZmFbxNCIQZ", "expanded_url": "https://twitter.com/realamberheard/status/1196484693929029632", "display_url": "twitter.com/realamberheard\u2026"}], "annotations": [{"start": 26, "end": 30, "probability": 0.8678, "type": "Person", "normalized_text": "Amber"}, {"start": 63, "end": 73, "probability": 0.9961, "type": "Person", "normalized_text": "Johnny Depp"}]}, "referenced_tweets": [{"type": "quoted", "id": "1196484693929029632"}], "id": "1197070836106252288", "source": "Twitter for iPhone", "quoted_tweet": {"text": "I \u201cgive a damn\u201d about you, Chanel Miller....and all the \u2018damns\u2019 you remind me everyday, we give ourselves in coming forward, in surviving, the damns that are given 2 those speak, 2 those who r silent, those who can say, \u201cI am with you\u201d.  I give a damn. Thank you. https://t.co/Tz0NYltkWj", "lang": "en", "public_metrics": {"retweet_count": 74, "reply_count": 64, "like_count": 538, "quote_count": 10}, "author_id": "807003567605227520", "created_at": "2019-11-18T17:45:55.000Z", "entities": {"urls": [{"start": 264, "end": 287, "url": "https://t.co/Tz0NYltkWj", "expanded_url": "https://twitter.com/UN_Women/status/1196416864798294016", "display_url": "twitter.com/UN_Women/statu\u2026"}], "annotations": [{"start": 27, "end": 39, "probability": 0.9965, "type": "Person", "normalized_text": "Chanel Miller"}]}, "referenced_tweets": [{"type": "quoted", "id": "1196416864798294016"}], "id": "1196484693929029632", "source": "Twitter for iPhone", "author": {"url": "https://t.co/Ze18Ek9SOI", "id": "807003567605227520", "public_metrics": {"followers_count": 190337, "following_count": 220, "tweet_count": 1149, "listed_count": 567}, "created_at": "2016-12-08T23:26:58.000Z", "username": "realamberheard", "description": "Actor and Activist, semi-professional disruptor, ice cream advocate and shameless teacup yorkie-lover", "profile_image_url": "https://pbs.twimg.com/profile_images/1383196364792680448/N8CdupEu_normal.jpg", "name": "Amber Heard", "location": "Los Angeles, CA"}}, "author": {"url": "", "id": "1527469560", "public_metrics": {"followers_count": 305, "following_count": 776, "tweet_count": 29507, "listed_count": 11}, "created_at": "2013-06-18T11:16:57.000Z", "username": "IrWayLiberal", "description": "Feminist Liberal Women Rights Advocate #MeToo #TimesUp Pro-Choice #BlackLivesMatter // Michelle Williams Brie Larson Leonardo DiCaprio", "profile_image_url": "https://pbs.twimg.com/profile_images/1383757376726048771/8EY4DIbq_normal.jpg", "name": "Irma"}}, {"entities": {"hashtags": [{"start": 16, "end": 27, "tag": "Iamwithyou"}], "urls": [{"start": 30, "end": 53, "url": "https://t.co/2GRuqjPIvS", "expanded_url": "https://twitter.com/realamberheard/status/1196484693929029632", "display_url": "twitter.com/realamberheard\u2026"}]}, "text": "I \u201cgive a damn\u201d #Iamwithyou \ud83d\ude4f https://t.co/2GRuqjPIvS", "lang": "en", "public_metrics": {"retweet_count": 0, "reply_count": 0, "like_count": 0, "quote_count": 0}, "author_id": "548443295", "created_at": "2019-11-19T08:53:45.000Z", "referenced_tweets": [{"type": "quoted", "id": "1196484693929029632"}], "id": "1196713159878479874", "source": "Twitter for iPad", "quoted_tweet": {"text": "I \u201cgive a damn\u201d about you, Chanel Miller....and all the \u2018damns\u2019 you remind me everyday, we give ourselves in coming forward, in surviving, the damns that are given 2 those speak, 2 those who r silent, those who can say, \u201cI am with you\u201d.  I give a damn. Thank you. https://t.co/Tz0NYltkWj", "lang": "en", "public_metrics": {"retweet_count": 74, "reply_count": 64, "like_count": 538, "quote_count": 10}, "author_id": "807003567605227520", "created_at": "2019-11-18T17:45:55.000Z", "entities": {"urls": [{"start": 264, "end": 287, "url": "https://t.co/Tz0NYltkWj", "expanded_url": "https://twitter.com/UN_Women/status/1196416864798294016", "display_url": "twitter.com/UN_Women/statu\u2026"}], "annotations": [{"start": 27, "end": 39, "probability": 0.9965, "type": "Person", "normalized_text": "Chanel Miller"}]}, "referenced_tweets": [{"type": "quoted", "id": "1196416864798294016"}], "id": "1196484693929029632", "source": "Twitter for iPhone", "author": {"url": "https://t.co/Ze18Ek9SOI", "id": "807003567605227520", "public_metrics": {"followers_count": 190337, "following_count": 220, "tweet_count": 1149, "listed_count": 567}, "created_at": "2016-12-08T23:26:58.000Z", "username": "realamberheard", "description": "Actor and Activist, semi-professional disruptor, ice cream advocate and shameless teacup yorkie-lover", "profile_image_url": "https://pbs.twimg.com/profile_images/1383196364792680448/N8CdupEu_normal.jpg", "name": "Amber Heard", "location": "Los Angeles, CA"}}, "author": {"url": "", "id": "548443295", "public_metrics": {"followers_count": 4150, "following_count": 79, "tweet_count": 3874, "listed_count": 2}, "created_at": "2012-04-08T13:58:18.000Z", "username": "nartim12", "description": "Trustee, Women\u2019s Interlink Foundation. Member, Women\u2019s Advisory Committee at United Nations Women", "profile_image_url": "https://pbs.twimg.com/profile_images/1497161844724805654/W5gMD7CS_normal.jpg", "name": "Nilina", "location": "London"}}, {"entities": {"hashtags": [{"start": 0, "end": 11, "tag": "igiveadamn"}], "urls": [{"start": 25, "end": 48, "url": "https://t.co/ry80YHM61S", "expanded_url": "https://twitter.com/realamberheard/status/1196484693929029632", "display_url": "twitter.com/realamberheard\u2026"}]}, "text": "#igiveadamn@chanelmiller https://t.co/ry80YHM61S", "lang": "und", "public_metrics": {"retweet_count": 0, "reply_count": 0, "like_count": 0, "quote_count": 0}, "author_id": "3544647681", "created_at": "2019-11-19T01:14:17.000Z", "referenced_tweets": [{"type": "quoted", "id": "1196484693929029632"}], "id": "1196597529070186496", "source": "Twitter for iPhone", "quoted_tweet": {"text": "I \u201cgive a damn\u201d about you, Chanel Miller....and all the \u2018damns\u2019 you remind me everyday, we give ourselves in coming forward, in surviving, the damns that are given 2 those speak, 2 those who r silent, those who can say, \u201cI am with you\u201d.  I give a damn. Thank you. https://t.co/Tz0NYltkWj", "lang": "en", "public_metrics": {"retweet_count": 74, "reply_count": 64, "like_count": 538, "quote_count": 10}, "author_id": "807003567605227520", "created_at": "2019-11-18T17:45:55.000Z", "entities": {"urls": [{"start": 264, "end": 287, "url": "https://t.co/Tz0NYltkWj", "expanded_url": "https://twitter.com/UN_Women/status/1196416864798294016", "display_url": "twitter.com/UN_Women/statu\u2026"}], "annotations": [{"start": 27, "end": 39, "probability": 0.9965, "type": "Person", "normalized_text": "Chanel Miller"}]}, "referenced_tweets": [{"type": "quoted", "id": "1196416864798294016"}], "id": "1196484693929029632", "source": "Twitter for iPhone", "author": {"url": "https://t.co/Ze18Ek9SOI", "id": "807003567605227520", "public_metrics": {"followers_count": 190337, "following_count": 220, "tweet_count": 1149, "listed_count": 567}, "created_at": "2016-12-08T23:26:58.000Z", "username": "realamberheard", "description": "Actor and Activist, semi-professional disruptor, ice cream advocate and shameless teacup yorkie-lover", "profile_image_url": "https://pbs.twimg.com/profile_images/1383196364792680448/N8CdupEu_normal.jpg", "name": "Amber Heard", "location": "Los Angeles, CA"}}, "author": {"url": "", "id": "3544647681", "public_metrics": {"followers_count": 3, "following_count": 101, "tweet_count": 4204, "listed_count": 1}, "created_at": "2015-09-04T12:34:50.000Z", "username": "fmv300", "description": "", "profile_image_url": "https://abs.twimg.com/sticky/default_profile_images/default_profile_normal.png", "name": "Vmf300"}}, {"entities": {"hashtags": [{"start": 59, "end": 70, "tag": "AmberHeard"}, {"start": 72, "end": 89, "tag": "amberisoverparty"}, {"start": 90, "end": 111, "tag": "AmberHeardIsAnAbuser"}, {"start": 112, "end": 139, "tag": "AmberHeardAbusedJohnnyDepp"}], "urls": [{"start": 140, "end": 163, "url": "https://t.co/7MZblaLTRZ", "expanded_url": "https://twitter.com/EffervescentlyT/status/1196587956921782272/photo/1", "display_url": "pic.twitter.com/7MZblaLTRZ"}, {"start": 164, "end": 187, "url": "https://t.co/xQ44FvNZQ9", "expanded_url": "https://twitter.com/realamberheard/status/1196484693929029632", "display_url": "twitter.com/realamberheard\u2026"}]}, "text": "Looks at that previous \"nobody cares about you\" tweet from #AmberHeard \n#amberisoverparty #AmberHeardIsAnAbuser #AmberHeardAbusedJohnnyDepp https://t.co/7MZblaLTRZ https://t.co/xQ44FvNZQ9", "lang": "en", "public_metrics": {"retweet_count": 0, "reply_count": 0, "like_count": 3, "quote_count": 0}, "author_id": "1139879876834418688", "created_at": "2019-11-19T00:36:15.000Z", "referenced_tweets": [{"type": "quoted", "id": "1196484693929029632"}], "id": "1196587956921782272", "source": "Twitter for Android", "quoted_tweet": {"text": "I \u201cgive a damn\u201d about you, Chanel Miller....and all the \u2018damns\u2019 you remind me everyday, we give ourselves in coming forward, in surviving, the damns that are given 2 those speak, 2 those who r silent, those who can say, \u201cI am with you\u201d.  I give a damn. Thank you. https://t.co/Tz0NYltkWj", "lang": "en", "public_metrics": {"retweet_count": 74, "reply_count": 64, "like_count": 538, "quote_count": 10}, "author_id": "807003567605227520", "created_at": "2019-11-18T17:45:55.000Z", "entities": {"urls": [{"start": 264, "end": 287, "url": "https://t.co/Tz0NYltkWj", "expanded_url": "https://twitter.com/UN_Women/status/1196416864798294016", "display_url": "twitter.com/UN_Women/statu\u2026"}], "annotations": [{"start": 27, "end": 39, "probability": 0.9965, "type": "Person", "normalized_text": "Chanel Miller"}]}, "referenced_tweets": [{"type": "quoted", "id": "1196416864798294016"}], "id": "1196484693929029632", "source": "Twitter for iPhone", "author": {"url": "https://t.co/Ze18Ek9SOI", "id": "807003567605227520", "public_metrics": {"followers_count": 190337, "following_count": 220, "tweet_count": 1149, "listed_count": 567}, "created_at": "2016-12-08T23:26:58.000Z", "username": "realamberheard", "description": "Actor and Activist, semi-professional disruptor, ice cream advocate and shameless teacup yorkie-lover", "profile_image_url": "https://pbs.twimg.com/profile_images/1383196364792680448/N8CdupEu_normal.jpg", "name": "Amber Heard", "location": "Los Angeles, CA"}}, "author": {"url": "", "id": "1139879876834418688", "public_metrics": {"followers_count": 14, "following_count": 100, "tweet_count": 4047, "listed_count": 0}, "created_at": "2019-06-15T12:58:35.000Z", "username": "EffervescentlyT", "description": "Tired. Angry. Almost 30. The 20's came back and brought all the bullshit with it \ud83c\udf7e\ud83d\ude29", "profile_image_url": "https://pbs.twimg.com/profile_images/1147046938627301377/N_tdYHWz_normal.jpg", "name": "EffervescentlyTired\ud83d\ude34\ud83c\udf0c"}}]