[{"author_id": "229915007", "entities": {"mentions": [{"start": 3, "end": 15, "username": "Mirghasem91", "id": "949252522178416646"}], "urls": [{"start": 44, "end": 67, "url": "https://t.co/2QzbVu2i4r", "expanded_url": "https://twitter.com/realamberheard/status/1197277371742728193", "display_url": "twitter.com/realamberheard\u2026"}]}, "created_at": "2020-02-03T13:26:03.000Z", "public_metrics": {"retweet_count": 1, "reply_count": 0, "like_count": 0, "quote_count": 0}, "text": "RT @Mirghasem91: \u06a9\u062a\u0627\u0628 \u0645\u0627 \u0631\u0627 \u0646\u062c\u0627\u062a \u062e\u0648\u0627\u0647\u062f \u062f\u0627\u062f. https://t.co/2QzbVu2i4r https://t.co/mHBS5McL4i", "source": "Twitter Web App", "referenced_tweets": [{"type": "retweeted", "id": "1224319556887420928"}], "lang": "fa", "id": "1224323162260766721", "quoted_tweet": {"author_id": "807003567605227520", "created_at": "2019-11-20T22:15:44.000Z", "entities": {"annotations": [{"start": 20, "end": 32, "probability": 0.9795, "type": "Person", "normalized_text": "Chanel Miller"}, {"start": 232, "end": 237, "probability": 0.7381, "type": "Person", "normalized_text": "Chanel"}], "urls": [{"start": 293, "end": 316, "url": "https://t.co/EmxMKZGkli", "expanded_url": "https://twitter.com/realamberheard/status/1197277371742728193/photo/1", "display_url": "pic.twitter.com/EmxMKZGkli"}, {"start": 317, "end": 340, "url": "https://t.co/KCRWMbM4My", "expanded_url": "https://twitter.com/realamberheard/status/1197275745187500032", "display_url": "twitter.com/realamberheard\u2026"}]}, "public_metrics": {"retweet_count": 69, "reply_count": 89, "like_count": 756, "quote_count": 10}, "text": "If you haven\u2019t read Chanel Miller\u2019s book, KNOW MY NAME, do. Its the most beautiful, honest &amp; powerful love letter to survivors &amp; the society and systems we r often failed by, and should be required reading for all of us. Thank you, Chanel, for your unwavering bravery &amp; resilience https://t.co/EmxMKZGkli https://t.co/KCRWMbM4My", "source": "Twitter for iPhone", "referenced_tweets": [{"type": "quoted", "id": "1197275745187500032"}], "lang": "en", "id": "1197277371742728193", "author": {"username": "realamberheard", "id": "807003567605227520", "profile_image_url": "https://pbs.twimg.com/profile_images/1383196364792680448/N8CdupEu_normal.jpg", "name": "Amber Heard", "created_at": "2016-12-08T23:26:58.000Z", "public_metrics": {"followers_count": 190337, "following_count": 220, "tweet_count": 1149, "listed_count": 567}, "location": "Los Angeles, CA", "description": "Actor and Activist, semi-professional disruptor, ice cream advocate and shameless teacup yorkie-lover", "url": "https://t.co/Ze18Ek9SOI"}}, "author": {"username": "Adelide535", "id": "229915007", "profile_image_url": "https://pbs.twimg.com/profile_images/1017729136440246272/-rrPNURS_normal.jpg", "name": "Dinvandeo", "created_at": "2010-12-23T17:57:26.000Z", "public_metrics": {"followers_count": 537, "following_count": 147, "tweet_count": 11306, "listed_count": 2}, "description": "\u200f\u200f\u200f\u200f\u0639\u0636\u0648 \u0646\u0627\u0638\u0631", "url": "https://t.co/zy18UfEW5D"}}, {"author_id": "949252522178416646", "created_at": "2020-02-03T13:11:43.000Z", "public_metrics": {"retweet_count": 1, "reply_count": 1, "like_count": 17, "quote_count": 0}, "entities": {"urls": [{"start": 27, "end": 50, "url": "https://t.co/mHBS5McL4i", "expanded_url": "https://twitter.com/Mirghasem91/status/1224319556887420928/photo/1", "display_url": "pic.twitter.com/mHBS5McL4i"}, {"start": 27, "end": 50, "url": "https://t.co/mHBS5McL4i", "expanded_url": "https://twitter.com/Mirghasem91/status/1224319556887420928/photo/1", "display_url": "pic.twitter.com/mHBS5McL4i"}, {"start": 51, "end": 74, "url": "https://t.co/2QzbVu2i4r", "expanded_url": "https://twitter.com/realamberheard/status/1197277371742728193", "display_url": "twitter.com/realamberheard\u2026"}]}, "text": "\u06a9\u062a\u0627\u0628 \u0645\u0627 \u0631\u0627 \u0646\u062c\u0627\u062a \u062e\u0648\u0627\u0647\u062f \u062f\u0627\u062f. https://t.co/mHBS5McL4i https://t.co/2QzbVu2i4r", "source": "Twitter for Android", "referenced_tweets": [{"type": "quoted", "id": "1197277371742728193"}], "lang": "fa", "id": "1224319556887420928", "quoted_tweet": {"author_id": "807003567605227520", "created_at": "2019-11-20T22:15:44.000Z", "entities": {"annotations": [{"start": 20, "end": 32, "probability": 0.9795, "type": "Person", "normalized_text": "Chanel Miller"}, {"start": 232, "end": 237, "probability": 0.7381, "type": "Person", "normalized_text": "Chanel"}], "urls": [{"start": 293, "end": 316, "url": "https://t.co/EmxMKZGkli", "expanded_url": "https://twitter.com/realamberheard/status/1197277371742728193/photo/1", "display_url": "pic.twitter.com/EmxMKZGkli"}, {"start": 317, "end": 340, "url": "https://t.co/KCRWMbM4My", "expanded_url": "https://twitter.com/realamberheard/status/1197275745187500032", "display_url": "twitter.com/realamberheard\u2026"}]}, "public_metrics": {"retweet_count": 69, "reply_count": 89, "like_count": 756, "quote_count": 10}, "text": "If you haven\u2019t read Chanel Miller\u2019s book, KNOW MY NAME, do. Its the most beautiful, honest &amp; powerful love letter to survivors &amp; the society and systems we r often failed by, and should be required reading for all of us. Thank you, Chanel, for your unwavering bravery &amp; resilience https://t.co/EmxMKZGkli https://t.co/KCRWMbM4My", "source": "Twitter for iPhone", "referenced_tweets": [{"type": "quoted", "id": "1197275745187500032"}], "lang": "en", "id": "1197277371742728193", "author": {"username": "realamberheard", "id": "807003567605227520", "profile_image_url": "https://pbs.twimg.com/profile_images/1383196364792680448/N8CdupEu_normal.jpg", "name": "Amber Heard", "created_at": "2016-12-08T23:26:58.000Z", "public_metrics": {"followers_count": 190337, "following_count": 220, "tweet_count": 1149, "listed_count": 567}, "location": "Los Angeles, CA", "description": "Actor and Activist, semi-professional disruptor, ice cream advocate and shameless teacup yorkie-lover", "url": "https://t.co/Ze18Ek9SOI"}}, "author": {"username": "Mirghasem91", "id": "949252522178416646", "profile_image_url": "https://pbs.twimg.com/profile_images/1301056243121913857/GebMX57z_normal.jpg", "name": "\u0637\u0628\u06cc\u0639\u06cc", "created_at": "2018-01-05T12:13:32.000Z", "public_metrics": {"followers_count": 524, "following_count": 316, "tweet_count": 14892, "listed_count": 4}, "description": "", "url": ""}}, {"author_id": "2838019362", "created_at": "2020-02-02T02:04:35.000Z", "public_metrics": {"retweet_count": 0, "reply_count": 1, "like_count": 0, "quote_count": 0}, "entities": {"urls": [{"start": 32, "end": 55, "url": "https://t.co/KmDG5uaLj2", "expanded_url": "https://twitter.com/realamberheard/status/1197277371742728193", "display_url": "twitter.com/realamberheard\u2026"}]}, "text": "The IRONY of this is beyond me. https://t.co/KmDG5uaLj2", "source": "Twitter for iPhone", "referenced_tweets": [{"type": "quoted", "id": "1197277371742728193"}], "lang": "en", "id": "1223789276443185152", "quoted_tweet": {"author_id": "807003567605227520", "created_at": "2019-11-20T22:15:44.000Z", "entities": {"annotations": [{"start": 20, "end": 32, "probability": 0.9795, "type": "Person", "normalized_text": "Chanel Miller"}, {"start": 232, "end": 237, "probability": 0.7381, "type": "Person", "normalized_text": "Chanel"}], "urls": [{"start": 293, "end": 316, "url": "https://t.co/EmxMKZGkli", "expanded_url": "https://twitter.com/realamberheard/status/1197277371742728193/photo/1", "display_url": "pic.twitter.com/EmxMKZGkli"}, {"start": 317, "end": 340, "url": "https://t.co/KCRWMbM4My", "expanded_url": "https://twitter.com/realamberheard/status/1197275745187500032", "display_url": "twitter.com/realamberheard\u2026"}]}, "public_metrics": {"retweet_count": 69, "reply_count": 89, "like_count": 756, "quote_count": 10}, "text": "If you haven\u2019t read Chanel Miller\u2019s book, KNOW MY NAME, do. Its the most beautiful, honest &amp; powerful love letter to survivors &amp; the society and systems we r often failed by, and should be required reading for all of us. Thank you, Chanel, for your unwavering bravery &amp; resilience https://t.co/EmxMKZGkli https://t.co/KCRWMbM4My", "source": "Twitter for iPhone", "referenced_tweets": [{"type": "quoted", "id": "1197275745187500032"}], "lang": "en", "id": "1197277371742728193", "author": {"username": "realamberheard", "id": "807003567605227520", "profile_image_url": "https://pbs.twimg.com/profile_images/1383196364792680448/N8CdupEu_normal.jpg", "name": "Amber Heard", "created_at": "2016-12-08T23:26:58.000Z", "public_metrics": {"followers_count": 190337, "following_count": 220, "tweet_count": 1149, "listed_count": 567}, "location": "Los Angeles, CA", "description": "Actor and Activist, semi-professional disruptor, ice cream advocate and shameless teacup yorkie-lover", "url": "https://t.co/Ze18Ek9SOI"}}, "author": {"username": "MahanMaroosi", "id": "2838019362", "profile_image_url": "https://pbs.twimg.com/profile_images/1220597548747915268/mGenZtAE_normal.jpg", "name": "Mahan Maroosi", "created_at": "2014-10-02T13:48:59.000Z", "public_metrics": {"followers_count": 40, "following_count": 380, "tweet_count": 266, "listed_count": 1}, "location": "Australia", "description": "", "url": ""}}, {"author_id": "50543620", "created_at": "2019-11-21T12:28:01.000Z", "public_metrics": {"retweet_count": 0, "reply_count": 0, "like_count": 0, "quote_count": 0}, "entities": {"urls": [{"start": 18, "end": 41, "url": "https://t.co/JK6rVDVFwW", "expanded_url": "https://twitter.com/realamberheard/status/1197277371742728193", "display_url": "twitter.com/realamberheard\u2026"}]}, "text": "How is she so hot https://t.co/JK6rVDVFwW", "source": "Twitter for iPhone", "referenced_tweets": [{"type": "quoted", "id": "1197277371742728193"}], "lang": "en", "id": "1197491856667492352", "quoted_tweet": {"author_id": "807003567605227520", "created_at": "2019-11-20T22:15:44.000Z", "entities": {"annotations": [{"start": 20, "end": 32, "probability": 0.9795, "type": "Person", "normalized_text": "Chanel Miller"}, {"start": 232, "end": 237, "probability": 0.7381, "type": "Person", "normalized_text": "Chanel"}], "urls": [{"start": 293, "end": 316, "url": "https://t.co/EmxMKZGkli", "expanded_url": "https://twitter.com/realamberheard/status/1197277371742728193/photo/1", "display_url": "pic.twitter.com/EmxMKZGkli"}, {"start": 317, "end": 340, "url": "https://t.co/KCRWMbM4My", "expanded_url": "https://twitter.com/realamberheard/status/1197275745187500032", "display_url": "twitter.com/realamberheard\u2026"}]}, "public_metrics": {"retweet_count": 69, "reply_count": 89, "like_count": 756, "quote_count": 10}, "text": "If you haven\u2019t read Chanel Miller\u2019s book, KNOW MY NAME, do. Its the most beautiful, honest &amp; powerful love letter to survivors &amp; the society and systems we r often failed by, and should be required reading for all of us. Thank you, Chanel, for your unwavering bravery &amp; resilience https://t.co/EmxMKZGkli https://t.co/KCRWMbM4My", "source": "Twitter for iPhone", "referenced_tweets": [{"type": "quoted", "id": "1197275745187500032"}], "lang": "en", "id": "1197277371742728193", "author": {"username": "realamberheard", "id": "807003567605227520", "profile_image_url": "https://pbs.twimg.com/profile_images/1383196364792680448/N8CdupEu_normal.jpg", "name": "Amber Heard", "created_at": "2016-12-08T23:26:58.000Z", "public_metrics": {"followers_count": 190337, "following_count": 220, "tweet_count": 1149, "listed_count": 567}, "location": "Los Angeles, CA", "description": "Actor and Activist, semi-professional disruptor, ice cream advocate and shameless teacup yorkie-lover", "url": "https://t.co/Ze18Ek9SOI"}}, "author": {"username": "Coryxvx", "id": "50543620", "profile_image_url": "https://pbs.twimg.com/profile_images/1484573468280635392/02Mz-Xo9_normal.jpg", "name": "Cory", "created_at": "2009-06-25T03:57:08.000Z", "public_metrics": {"followers_count": 1383, "following_count": 3568, "tweet_count": 270160, "listed_count": 51}, "location": "Apokolips", "description": "I\u2019m alright | Filmmaker | NieR | One Piece | FLCL | Community | Hololive enthusiast | Priv: @YorhaUnit1", "url": ""}}, {"author_id": "847762217546137600", "entities": {"mentions": [{"start": 267, "end": 278, "username": "Geekthedog", "id": "80546748"}], "urls": [{"start": 216, "end": 239, "url": "https://t.co/UK3HyAN5wm", "expanded_url": "https://www.change.org/p/amber-heard-supporters-we-support-amber-heard-in-aquaman-2", "display_url": "change.org/p/amber-heard-\u2026", "images": [{"url": "https://pbs.twimg.com/news_img/1494017228496273408/270Bu8bc?format=jpg&name=orig", "width": 1431, "height": 804}, {"url": "https://pbs.twimg.com/news_img/1494017228496273408/270Bu8bc?format=jpg&name=150x150", "width": 150, "height": 150}], "status": 200, "title": "Sign the Petition", "description": "Support Amber Heard in Aquaman 2, Her Life, and Public Safety to Save Lives", "unwound_url": "https://www.change.org/p/support-amber-heard-in-aquaman-2-her-life-and-public-safety-to-save-lives-warner-bros-mera-loreal-united-nations-aclu"}, {"start": 279, "end": 302, "url": "https://t.co/sON5qJYB16", "expanded_url": "https://twitter.com/realamberheard/status/1197277371742728193", "display_url": "twitter.com/realamberheard\u2026"}], "hashtags": [{"start": 23, "end": 34, "tag": "AmberHeard"}, {"start": 58, "end": 71, "tag": "ChanelMiller"}, {"start": 173, "end": 184, "tag": "AmberHeard"}, {"start": 188, "end": 196, "tag": "Aquaman"}, {"start": 197, "end": 206, "tag": "Aquaman2"}]}, "created_at": "2019-11-21T06:57:01.000Z", "public_metrics": {"retweet_count": 0, "reply_count": 0, "like_count": 2, "quote_count": 0}, "text": "That's so awesome that #AmberHeard read \"Know my name\" by #ChanelMiller. I haven't, but she also read her story on 60 minutes recently. \n\nMore people have signed We Support #AmberHeard in #Aquaman #Aquaman2 petition https://t.co/UK3HyAN5wm\n\nLol she posted this twice @geekthedog https://t.co/sON5qJYB16", "source": "Twitter Web App", "referenced_tweets": [{"type": "quoted", "id": "1197277371742728193"}], "lang": "en", "id": "1197408557223669761", "quoted_tweet": {"author_id": "807003567605227520", "created_at": "2019-11-20T22:15:44.000Z", "entities": {"annotations": [{"start": 20, "end": 32, "probability": 0.9795, "type": "Person", "normalized_text": "Chanel Miller"}, {"start": 232, "end": 237, "probability": 0.7381, "type": "Person", "normalized_text": "Chanel"}], "urls": [{"start": 293, "end": 316, "url": "https://t.co/EmxMKZGkli", "expanded_url": "https://twitter.com/realamberheard/status/1197277371742728193/photo/1", "display_url": "pic.twitter.com/EmxMKZGkli"}, {"start": 317, "end": 340, "url": "https://t.co/KCRWMbM4My", "expanded_url": "https://twitter.com/realamberheard/status/1197275745187500032", "display_url": "twitter.com/realamberheard\u2026"}]}, "public_metrics": {"retweet_count": 69, "reply_count": 89, "like_count": 756, "quote_count": 10}, "text": "If you haven\u2019t read Chanel Miller\u2019s book, KNOW MY NAME, do. Its the most beautiful, honest &amp; powerful love letter to survivors &amp; the society and systems we r often failed by, and should be required reading for all of us. Thank you, Chanel, for your unwavering bravery &amp; resilience https://t.co/EmxMKZGkli https://t.co/KCRWMbM4My", "source": "Twitter for iPhone", "referenced_tweets": [{"type": "quoted", "id": "1197275745187500032"}], "lang": "en", "id": "1197277371742728193", "author": {"username": "realamberheard", "id": "807003567605227520", "profile_image_url": "https://pbs.twimg.com/profile_images/1383196364792680448/N8CdupEu_normal.jpg", "name": "Amber Heard", "created_at": "2016-12-08T23:26:58.000Z", "public_metrics": {"followers_count": 190337, "following_count": 220, "tweet_count": 1149, "listed_count": 567}, "location": "Los Angeles, CA", "description": "Actor and Activist, semi-professional disruptor, ice cream advocate and shameless teacup yorkie-lover", "url": "https://t.co/Ze18Ek9SOI"}}, "author": {"username": "XTinaTaft", "id": "847762217546137600", "profile_image_url": "https://pbs.twimg.com/profile_images/1180185247884824576/3Zvt_F6Y_normal.jpg", "name": "Christina Taft \ud83e\uddecCEO\ud83c\udfd6\ud83c\udfb6\u2708\ufe0f", "created_at": "2017-03-31T10:47:18.000Z", "public_metrics": {"followers_count": 2653, "following_count": 4555, "tweet_count": 32732, "listed_count": 21}, "location": "Worldie.com & International \ud83d\ude80", "description": "#Founder Social Media for Good ~ https://t.co/7SykGO7PSU\ud83d\ude80Better World #CEO\u2708Innovator\ud83c\udf89#Egalitarian\ud83c\udfb8#Entrepreneur\ud83d\udc2c#Tech\ud83c\udfd6#Futurist\ud83d\udca1#Motivationology\u2600\ufe0f#Data\ud83e\udde1#WomenInPower", "url": "https://t.co/7SykGO7PSU"}}, {"author_id": "1139879876834418688", "created_at": "2019-11-21T02:19:03.000Z", "public_metrics": {"retweet_count": 0, "reply_count": 0, "like_count": 1, "quote_count": 0}, "entities": {"urls": [{"start": 226, "end": 249, "url": "https://t.co/NLMAicN7gC", "expanded_url": "https://twitter.com/realamberheard/status/1197277371742728193", "display_url": "twitter.com/realamberheard\u2026"}], "hashtags": [{"start": 0, "end": 11, "tag": "AmberHeard"}, {"start": 204, "end": 225, "tag": "AmberHeardIsAnAbuser"}]}, "text": "#AmberHeard is not a victim. She is not a survivor. She has not been \"failed\" by the system. She is a violent serial abuser who has manipulated people to continue to harass and abuse her victims for her. #AmberHeardIsAnAbuser https://t.co/NLMAicN7gC", "source": "Twitter for Android", "referenced_tweets": [{"type": "quoted", "id": "1197277371742728193"}], "lang": "en", "id": "1197338603535233025", "quoted_tweet": {"author_id": "807003567605227520", "created_at": "2019-11-20T22:15:44.000Z", "entities": {"annotations": [{"start": 20, "end": 32, "probability": 0.9795, "type": "Person", "normalized_text": "Chanel Miller"}, {"start": 232, "end": 237, "probability": 0.7381, "type": "Person", "normalized_text": "Chanel"}], "urls": [{"start": 293, "end": 316, "url": "https://t.co/EmxMKZGkli", "expanded_url": "https://twitter.com/realamberheard/status/1197277371742728193/photo/1", "display_url": "pic.twitter.com/EmxMKZGkli"}, {"start": 317, "end": 340, "url": "https://t.co/KCRWMbM4My", "expanded_url": "https://twitter.com/realamberheard/status/1197275745187500032", "display_url": "twitter.com/realamberheard\u2026"}]}, "public_metrics": {"retweet_count": 69, "reply_count": 89, "like_count": 756, "quote_count": 10}, "text": "If you haven\u2019t read Chanel Miller\u2019s book, KNOW MY NAME, do. Its the most beautiful, honest &amp; powerful love letter to survivors &amp; the society and systems we r often failed by, and should be required reading for all of us. Thank you, Chanel, for your unwavering bravery &amp; resilience https://t.co/EmxMKZGkli https://t.co/KCRWMbM4My", "source": "Twitter for iPhone", "referenced_tweets": [{"type": "quoted", "id": "1197275745187500032"}], "lang": "en", "id": "1197277371742728193", "author": {"username": "realamberheard", "id": "807003567605227520", "profile_image_url": "https://pbs.twimg.com/profile_images/1383196364792680448/N8CdupEu_normal.jpg", "name": "Amber Heard", "created_at": "2016-12-08T23:26:58.000Z", "public_metrics": {"followers_count": 190337, "following_count": 220, "tweet_count": 1149, "listed_count": 567}, "location": "Los Angeles, CA", "description": "Actor and Activist, semi-professional disruptor, ice cream advocate and shameless teacup yorkie-lover", "url": "https://t.co/Ze18Ek9SOI"}}, "author": {"username": "EffervescentlyT", "id": "1139879876834418688", "profile_image_url": "https://pbs.twimg.com/profile_images/1147046938627301377/N_tdYHWz_normal.jpg", "name": "EffervescentlyTired\ud83d\ude34\ud83c\udf0c", "created_at": "2019-06-15T12:58:35.000Z", "public_metrics": {"followers_count": 14, "following_count": 100, "tweet_count": 4047, "listed_count": 0}, "description": "Tired. Angry. Almost 30. The 20's came back and brought all the bullshit with it \ud83c\udf7e\ud83d\ude29", "url": ""}}, {"author_id": "2689744611", "created_at": "2019-11-20T23:25:22.000Z", "public_metrics": {"retweet_count": 0, "reply_count": 0, "like_count": 0, "quote_count": 0}, "entities": {"urls": [{"start": 24, "end": 47, "url": "https://t.co/q38Q1Q3k1z", "expanded_url": "https://twitter.com/realamberheard/status/1197277371742728193", "display_url": "twitter.com/realamberheard\u2026"}]}, "text": "She is the perfect lady https://t.co/q38Q1Q3k1z", "source": "Twitter for Android", "referenced_tweets": [{"type": "quoted", "id": "1197277371742728193"}], "lang": "en", "id": "1197294896983560192", "quoted_tweet": {"author_id": "807003567605227520", "created_at": "2019-11-20T22:15:44.000Z", "entities": {"annotations": [{"start": 20, "end": 32, "probability": 0.9795, "type": "Person", "normalized_text": "Chanel Miller"}, {"start": 232, "end": 237, "probability": 0.7381, "type": "Person", "normalized_text": "Chanel"}], "urls": [{"start": 293, "end": 316, "url": "https://t.co/EmxMKZGkli", "expanded_url": "https://twitter.com/realamberheard/status/1197277371742728193/photo/1", "display_url": "pic.twitter.com/EmxMKZGkli"}, {"start": 317, "end": 340, "url": "https://t.co/KCRWMbM4My", "expanded_url": "https://twitter.com/realamberheard/status/1197275745187500032", "display_url": "twitter.com/realamberheard\u2026"}]}, "public_metrics": {"retweet_count": 69, "reply_count": 89, "like_count": 756, "quote_count": 10}, "text": "If you haven\u2019t read Chanel Miller\u2019s book, KNOW MY NAME, do. Its the most beautiful, honest &amp; powerful love letter to survivors &amp; the society and systems we r often failed by, and should be required reading for all of us. Thank you, Chanel, for your unwavering bravery &amp; resilience https://t.co/EmxMKZGkli https://t.co/KCRWMbM4My", "source": "Twitter for iPhone", "referenced_tweets": [{"type": "quoted", "id": "1197275745187500032"}], "lang": "en", "id": "1197277371742728193", "author": {"username": "realamberheard", "id": "807003567605227520", "profile_image_url": "https://pbs.twimg.com/profile_images/1383196364792680448/N8CdupEu_normal.jpg", "name": "Amber Heard", "created_at": "2016-12-08T23:26:58.000Z", "public_metrics": {"followers_count": 190337, "following_count": 220, "tweet_count": 1149, "listed_count": 567}, "location": "Los Angeles, CA", "description": "Actor and Activist, semi-professional disruptor, ice cream advocate and shameless teacup yorkie-lover", "url": "https://t.co/Ze18Ek9SOI"}}, "author": {"username": "Panquee_", "id": "2689744611", "profile_image_url": "https://pbs.twimg.com/profile_images/1456581222277296140/DXfyEa08_normal.jpg", "name": "Charlie", "created_at": "2014-07-09T04:36:34.000Z", "public_metrics": {"followers_count": 54, "following_count": 105, "tweet_count": 22757, "listed_count": 0}, "location": "GuateMaya", "description": "Patterns.\ud83c\udf1e\ud83e\udd81\ud83d\udc7d", "url": ""}}]