[{"id": "1397693442847879170", "source": "Twitter for iPhone", "lang": "en", "text": "Ratioooo https://t.co/cslOAu2WnQ https://t.co/wWo8fV25tP", "referenced_tweets": [{"type": "quoted", "id": "1197790520879149056"}], "public_metrics": {"retweet_count": 0, "reply_count": 0, "like_count": 9, "quote_count": 0}, "entities": {"urls": [{"start": 9, "end": 32, "url": "https://t.co/cslOAu2WnQ", "expanded_url": "https://twitter.com/TurdInTheWind18/status/1397693442847879170/video/1", "display_url": "pic.twitter.com/cslOAu2WnQ"}, {"start": 33, "end": 56, "url": "https://t.co/wWo8fV25tP", "expanded_url": "https://twitter.com/realamberheard/status/1197790520879149056", "display_url": "twitter.com/realamberheard\u2026"}]}, "author_id": "1315065975289589760", "created_at": "2021-05-26T23:17:39.000Z", "quoted_tweet": {"id": "1197790520879149056", "source": "Twitter for iPhone", "lang": "es", "text": "@Enrique62175188 Creo que vas encantar!! Haz lo pronto, es buen\u00edsimo", "referenced_tweets": [{"type": "replied_to", "id": "1197319239541174278"}], "public_metrics": {"retweet_count": 2, "reply_count": 2, "like_count": 23, "quote_count": 2}, "entities": {"mentions": [{"start": 0, "end": 16, "username": "Enrique62175188", "id": "1120114201404506112"}]}, "in_reply_to_user_id": "1120114201404506112", "author_id": "807003567605227520", "created_at": "2019-11-22T08:14:48.000Z", "author": {"location": "Los Angeles, CA", "profile_image_url": "https://pbs.twimg.com/profile_images/1383196364792680448/N8CdupEu_normal.jpg", "name": "Amber Heard", "username": "realamberheard", "created_at": "2016-12-08T23:26:58.000Z", "id": "807003567605227520", "public_metrics": {"followers_count": 190337, "following_count": 220, "tweet_count": 1149, "listed_count": 567}, "url": "https://t.co/Ze18Ek9SOI", "description": "Actor and Activist, semi-professional disruptor, ice cream advocate and shameless teacup yorkie-lover"}}, "author": {"location": "The Life Foundation", "profile_image_url": "https://pbs.twimg.com/profile_images/1478413944847056902/f3mG5fOm_normal.jpg", "name": "Daily TurdInTheWind18 (on a follow limit, sorry)", "username": "TurgInTheWind18", "created_at": "2020-10-10T23:05:52.000Z", "id": "1315065975289589760", "public_metrics": {"followers_count": 2705, "following_count": 5001, "tweet_count": 19823, "listed_count": 25}, "url": "", "description": "I post stuff!| People can\u2019t handle my swag so follow me to be cool"}}, {"id": "1197955386214625280", "source": "Twitter for iPhone", "lang": "ar", "text": "\u0645\u0646\u062c\u062f \u0628\u0645\u0648\u062a \u0636\u062d\u0643 \u0639\u0634\u0627\u0646 \u062a\u0643\u0644\u0645 \u0627\u0633\u0628\u0627\u0646\u064a \u0645\u0639\u0627\u0647 \u0648\u0647\u064a \u062a\u0648\u0647\u0627 \u0645\u062a\u0639\u0644\u0645\u0647 \u0631\u062f\u062a \u0639\u0644\u064a\u0647\ud83d\ude2d https://t.co/6ubhoJ0Cez", "referenced_tweets": [{"type": "quoted", "id": "1197790520879149056"}], "public_metrics": {"retweet_count": 0, "reply_count": 0, "like_count": 0, "quote_count": 0}, "entities": {"urls": [{"start": 62, "end": 85, "url": "https://t.co/6ubhoJ0Cez", "expanded_url": "https://twitter.com/realamberheard/status/1197790520879149056", "display_url": "twitter.com/realamberheard\u2026"}]}, "author_id": "967064246755495936", "created_at": "2019-11-22T19:09:55.000Z", "quoted_tweet": {"id": "1197790520879149056", "source": "Twitter for iPhone", "lang": "es", "text": "@Enrique62175188 Creo que vas encantar!! Haz lo pronto, es buen\u00edsimo", "referenced_tweets": [{"type": "replied_to", "id": "1197319239541174278"}], "public_metrics": {"retweet_count": 2, "reply_count": 2, "like_count": 23, "quote_count": 2}, "entities": {"mentions": [{"start": 0, "end": 16, "username": "Enrique62175188", "id": "1120114201404506112"}]}, "in_reply_to_user_id": "1120114201404506112", "author_id": "807003567605227520", "created_at": "2019-11-22T08:14:48.000Z", "author": {"location": "Los Angeles, CA", "profile_image_url": "https://pbs.twimg.com/profile_images/1383196364792680448/N8CdupEu_normal.jpg", "name": "Amber Heard", "username": "realamberheard", "created_at": "2016-12-08T23:26:58.000Z", "id": "807003567605227520", "public_metrics": {"followers_count": 190337, "following_count": 220, "tweet_count": 1149, "listed_count": 567}, "url": "https://t.co/Ze18Ek9SOI", "description": "Actor and Activist, semi-professional disruptor, ice cream advocate and shameless teacup yorkie-lover"}}, "author": {"profile_image_url": "https://pbs.twimg.com/profile_images/1501955904043995143/VtSTNf7u_normal.jpg", "name": "Ale", "username": "urlilharlot", "created_at": "2018-02-23T15:50:58.000Z", "id": "967064246755495936", "public_metrics": {"followers_count": 267, "following_count": 258, "tweet_count": 7123, "listed_count": 5}, "url": "", "description": "dreaming away your life"}}]