[{"source": "Twitter for Android", "referenced_tweets": [{"type": "quoted", "id": "1197790233657393152"}], "author_id": "2283709238", "id": "1391793025328762881", "entities": {"urls": [{"start": 11, "end": 34, "url": "https://t.co/goJEC8O2SN", "expanded_url": "https://twitter.com/realamberheard/status/1197790233657393152", "display_url": "twitter.com/realamberheard\u2026"}]}, "created_at": "2021-05-10T16:31:30.000Z", "public_metrics": {"retweet_count": 0, "reply_count": 0, "like_count": 3, "quote_count": 0}, "text": "Stfu+ratio https://t.co/goJEC8O2SN", "lang": "en", "quoted_tweet": {"in_reply_to_user_id": "906105427632373761", "source": "Twitter for iPhone", "referenced_tweets": [{"type": "replied_to", "id": "1197758786351648768"}], "author_id": "807003567605227520", "id": "1197790233657393152", "created_at": "2019-11-22T08:13:40.000Z", "public_metrics": {"retweet_count": 2, "reply_count": 3, "like_count": 25, "quote_count": 1}, "entities": {"mentions": [{"start": 15, "end": 30, "username": "Caradelevingne", "id": "321970500"}]}, "text": "@coolkrni_venk @Caradelevingne Happiest birthday to you!!", "lang": "en", "author": {"description": "Actor and Activist, semi-professional disruptor, ice cream advocate and shameless teacup yorkie-lover", "profile_image_url": "https://pbs.twimg.com/profile_images/1383196364792680448/N8CdupEu_normal.jpg", "name": "Amber Heard", "id": "807003567605227520", "created_at": "2016-12-08T23:26:58.000Z", "url": "https://t.co/Ze18Ek9SOI", "public_metrics": {"followers_count": 190337, "following_count": 220, "tweet_count": 1149, "listed_count": 567}, "location": "Los Angeles, CA", "username": "realamberheard"}}, "author": {"description": "25 Romans, Doms and Tejs. Family.\nPOC account", "profile_image_url": "https://pbs.twimg.com/profile_images/1480268562627497988/u4EB8KSB_normal.jpg", "name": "Zero to Hero", "id": "2283709238", "created_at": "2014-01-09T15:07:54.000Z", "url": "", "public_metrics": {"followers_count": 3204, "following_count": 1412, "tweet_count": 240115, "listed_count": 86}, "location": "Freeland", "username": "ZeroReax"}}]