[{"created_at": "2021-03-30T20:28:36.000Z", "source": "Twitter for Android", "referenced_tweets": [{"type": "retweeted", "id": "1376729593026121736"}], "lang": "en", "id": "1376994792991756294", "entities": {"mentions": [{"start": 3, "end": 19, "username": "micha_eljackson", "id": "1132844956375224320"}]}, "text": "RT @micha_eljackson: my babe \ud83d\ude0d\ud83e\udd7a", "author_id": "1036524755392909312", "public_metrics": {"retweet_count": 1, "reply_count": 0, "like_count": 0, "quote_count": 0}, "quoted_tweet": {"created_at": "2019-12-03T02:39:40.000Z", "source": "Twitter for iPhone", "entities": {"urls": [{"start": 60, "end": 83, "url": "https://t.co/5iW8hAloNu", "expanded_url": "https://twitter.com/realamberheard/status/1201692446557532160/photo/1", "display_url": "pic.twitter.com/5iW8hAloNu"}]}, "lang": "en", "id": "1201692446557532160", "text": "I think I need to find a way to make this my \u2018away message\u2019 https://t.co/5iW8hAloNu", "author_id": "807003567605227520", "public_metrics": {"retweet_count": 137, "reply_count": 279, "like_count": 2090, "quote_count": 41}, "author": {"url": "https://t.co/Ze18Ek9SOI", "username": "realamberheard", "description": "Actor and Activist, semi-professional disruptor, ice cream advocate and shameless teacup yorkie-lover", "id": "807003567605227520", "location": "Los Angeles, CA", "profile_image_url": "https://pbs.twimg.com/profile_images/1383196364792680448/N8CdupEu_normal.jpg", "created_at": "2016-12-08T23:26:58.000Z", "public_metrics": {"followers_count": 190336, "following_count": 220, "tweet_count": 1149, "listed_count": 567}, "name": "Amber Heard"}}, "author": {"url": "", "username": "galwlarson", "description": "Uma pessoa que posta tudo q gosta e d\u00e1 opini\u00f5es -ele/dele.{fan account}", "id": "1036524755392909312", "profile_image_url": "https://pbs.twimg.com/profile_images/1414356084794535942/e2sLt2Bd_normal.jpg", "created_at": "2018-09-03T08:02:14.000Z", "public_metrics": {"followers_count": 2924, "following_count": 0, "tweet_count": 170443, "listed_count": 16}, "name": "Vit\u235fr \u2735\u15e2 Alycia' s BDAY"}}, {"created_at": "2021-03-30T02:54:48.000Z", "source": "Twitter for iPhone", "referenced_tweets": [{"type": "quoted", "id": "1201692446557532160"}], "entities": {"urls": [{"start": 11, "end": 34, "url": "https://t.co/1TN2MJ7fie", "expanded_url": "https://twitter.com/realamberheard/status/1201692446557532160", "display_url": "twitter.com/realamberheard\u2026"}]}, "lang": "en", "id": "1376729593026121736", "text": "my babe \ud83d\ude0d\ud83e\udd7a https://t.co/1TN2MJ7fie", "author_id": "4299951629", "public_metrics": {"retweet_count": 1, "reply_count": 0, "like_count": 4, "quote_count": 0}, "quoted_tweet": {"created_at": "2019-12-03T02:39:40.000Z", "source": "Twitter for iPhone", "entities": {"urls": [{"start": 60, "end": 83, "url": "https://t.co/5iW8hAloNu", "expanded_url": "https://twitter.com/realamberheard/status/1201692446557532160/photo/1", "display_url": "pic.twitter.com/5iW8hAloNu"}]}, "lang": "en", "id": "1201692446557532160", "text": "I think I need to find a way to make this my \u2018away message\u2019 https://t.co/5iW8hAloNu", "author_id": "807003567605227520", "public_metrics": {"retweet_count": 137, "reply_count": 279, "like_count": 2090, "quote_count": 41}, "author": {"url": "https://t.co/Ze18Ek9SOI", "username": "realamberheard", "description": "Actor and Activist, semi-professional disruptor, ice cream advocate and shameless teacup yorkie-lover", "id": "807003567605227520", "location": "Los Angeles, CA", "profile_image_url": "https://pbs.twimg.com/profile_images/1383196364792680448/N8CdupEu_normal.jpg", "created_at": "2016-12-08T23:26:58.000Z", "public_metrics": {"followers_count": 190336, "following_count": 220, "tweet_count": 1149, "listed_count": 567}, "name": "Amber Heard"}}, "author": {"url": "", "username": "a_mberheard", "description": "mj hp star wars marvel dc star trek ahs barbie disney awae rbd \u2022 go vegan - hufflepuff - she/her", "id": "4299951629", "location": "amber follows ", "profile_image_url": "https://pbs.twimg.com/profile_images/1498833526938087425/Ue_rfCYx_normal.jpg", "created_at": "2015-11-27T20:51:48.000Z", "public_metrics": {"followers_count": 22258, "following_count": 17567, "tweet_count": 96315, "listed_count": 55}, "name": "lari kurator #thebatman"}}, {"created_at": "2020-08-23T15:26:41.000Z", "source": "Twitter for Android", "referenced_tweets": [{"type": "quoted", "id": "1201692446557532160"}], "entities": {"urls": [{"start": 29, "end": 52, "url": "https://t.co/RMsbhTk0x2", "expanded_url": "https://twitter.com/realamberheard/status/1201692446557532160", "display_url": "twitter.com/realamberheard\u2026"}], "annotations": [{"start": 0, "end": 13, "probability": 0.4032, "type": "Person", "normalized_text": "Meraaa Aquaman"}]}, "lang": "en", "id": "1297555870792916992", "text": "Meraaa Aquaman. So beautiful https://t.co/RMsbhTk0x2", "author_id": "1256062847408173056", "public_metrics": {"retweet_count": 0, "reply_count": 0, "like_count": 0, "quote_count": 0}, "quoted_tweet": {"created_at": "2019-12-03T02:39:40.000Z", "source": "Twitter for iPhone", "entities": {"urls": [{"start": 60, "end": 83, "url": "https://t.co/5iW8hAloNu", "expanded_url": "https://twitter.com/realamberheard/status/1201692446557532160/photo/1", "display_url": "pic.twitter.com/5iW8hAloNu"}]}, "lang": "en", "id": "1201692446557532160", "text": "I think I need to find a way to make this my \u2018away message\u2019 https://t.co/5iW8hAloNu", "author_id": "807003567605227520", "public_metrics": {"retweet_count": 137, "reply_count": 279, "like_count": 2090, "quote_count": 41}, "author": {"url": "https://t.co/Ze18Ek9SOI", "username": "realamberheard", "description": "Actor and Activist, semi-professional disruptor, ice cream advocate and shameless teacup yorkie-lover", "id": "807003567605227520", "location": "Los Angeles, CA", "profile_image_url": "https://pbs.twimg.com/profile_images/1383196364792680448/N8CdupEu_normal.jpg", "created_at": "2016-12-08T23:26:58.000Z", "public_metrics": {"followers_count": 190336, "following_count": 220, "tweet_count": 1149, "listed_count": 567}, "name": "Amber Heard"}}, "author": {"url": "", "username": "Rizallzzz", "description": "yellow\u26a1", "id": "1256062847408173056", "location": "East Borneo, Indonesia", "profile_image_url": "https://pbs.twimg.com/profile_images/1402925660608237572/L6z15Elp_normal.jpg", "created_at": "2020-05-01T03:28:27.000Z", "public_metrics": {"followers_count": 9, "following_count": 90, "tweet_count": 922, "listed_count": 0}, "name": "Olivier Giroud"}}, {"created_at": "2020-07-08T19:25:46.000Z", "source": "Twitter for Android", "referenced_tweets": [{"type": "quoted", "id": "1201692446557532160"}], "entities": {"urls": [{"start": 49, "end": 72, "url": "https://t.co/H1e5iMDhOC", "expanded_url": "https://twitter.com/realamberheard/status/1201692446557532160", "display_url": "twitter.com/realamberheard\u2026"}]}, "lang": "en", "id": "1280946195079352322", "text": "Hopefully you won't make poo-poo in the library. https://t.co/H1e5iMDhOC", "author_id": "1057843903859228674", "public_metrics": {"retweet_count": 0, "reply_count": 0, "like_count": 0, "quote_count": 0}, "quoted_tweet": {"created_at": "2019-12-03T02:39:40.000Z", "source": "Twitter for iPhone", "entities": {"urls": [{"start": 60, "end": 83, "url": "https://t.co/5iW8hAloNu", "expanded_url": "https://twitter.com/realamberheard/status/1201692446557532160/photo/1", "display_url": "pic.twitter.com/5iW8hAloNu"}]}, "lang": "en", "id": "1201692446557532160", "text": "I think I need to find a way to make this my \u2018away message\u2019 https://t.co/5iW8hAloNu", "author_id": "807003567605227520", "public_metrics": {"retweet_count": 137, "reply_count": 279, "like_count": 2090, "quote_count": 41}, "author": {"url": "https://t.co/Ze18Ek9SOI", "username": "realamberheard", "description": "Actor and Activist, semi-professional disruptor, ice cream advocate and shameless teacup yorkie-lover", "id": "807003567605227520", "location": "Los Angeles, CA", "profile_image_url": "https://pbs.twimg.com/profile_images/1383196364792680448/N8CdupEu_normal.jpg", "created_at": "2016-12-08T23:26:58.000Z", "public_metrics": {"followers_count": 190336, "following_count": 220, "tweet_count": 1149, "listed_count": 567}, "name": "Amber Heard"}}, "author": {"url": "", "username": "Baris_mz", "description": "Zu alt f\u00fcr den Scheiss.", "id": "1057843903859228674", "location": "RLP", "profile_image_url": "https://pbs.twimg.com/profile_images/1142484515547467778/M-3eCi8C_normal.jpg", "created_at": "2018-11-01T03:56:55.000Z", "public_metrics": {"followers_count": 11, "following_count": 146, "tweet_count": 1122, "listed_count": 0}, "name": "Barbarisch"}}, {"created_at": "2020-05-24T22:36:19.000Z", "source": "Twitter for iPhone", "referenced_tweets": [{"type": "quoted", "id": "1201692446557532160"}], "entities": {"urls": [{"start": 78, "end": 101, "url": "https://t.co/0xrZY5die8", "expanded_url": "https://twitter.com/realamberheard/status/1201692446557532160", "display_url": "twitter.com/realamberheard\u2026"}]}, "lang": "en", "id": "1264686693153554432", "text": "The celebrities always find away to show an eye in every photo that they take https://t.co/0xrZY5die8", "author_id": "929520676649574400", "public_metrics": {"retweet_count": 0, "reply_count": 0, "like_count": 0, "quote_count": 0}, "quoted_tweet": {"created_at": "2019-12-03T02:39:40.000Z", "source": "Twitter for iPhone", "entities": {"urls": [{"start": 60, "end": 83, "url": "https://t.co/5iW8hAloNu", "expanded_url": "https://twitter.com/realamberheard/status/1201692446557532160/photo/1", "display_url": "pic.twitter.com/5iW8hAloNu"}]}, "lang": "en", "id": "1201692446557532160", "text": "I think I need to find a way to make this my \u2018away message\u2019 https://t.co/5iW8hAloNu", "author_id": "807003567605227520", "public_metrics": {"retweet_count": 137, "reply_count": 279, "like_count": 2090, "quote_count": 41}, "author": {"url": "https://t.co/Ze18Ek9SOI", "username": "realamberheard", "description": "Actor and Activist, semi-professional disruptor, ice cream advocate and shameless teacup yorkie-lover", "id": "807003567605227520", "location": "Los Angeles, CA", "profile_image_url": "https://pbs.twimg.com/profile_images/1383196364792680448/N8CdupEu_normal.jpg", "created_at": "2016-12-08T23:26:58.000Z", "public_metrics": {"followers_count": 190336, "following_count": 220, "tweet_count": 1149, "listed_count": 567}, "name": "Amber Heard"}}, "author": {"url": "https://t.co/pj3BcBtZv5", "username": "Ced_717", "description": "Singer\ud83c\udfa4 LightWorker \ud83d\udcab Chi\u2708\ufe0fAZ", "id": "929520676649574400", "location": "Ascending to 5D Earth ", "profile_image_url": "https://pbs.twimg.com/profile_images/1391134133489836034/NIm2JiGt_normal.jpg", "created_at": "2017-11-12T01:26:14.000Z", "public_metrics": {"followers_count": 122, "following_count": 431, "tweet_count": 24109, "listed_count": 0}, "name": "Ced"}}, {"created_at": "2020-05-21T15:46:19.000Z", "source": "Twitter for iPhone", "referenced_tweets": [{"type": "quoted", "id": "1201692446557532160"}], "entities": {"urls": [{"start": 54, "end": 77, "url": "https://t.co/sEx4KI3a8F", "expanded_url": "https://twitter.com/realamberheard/status/1201692446557532160", "display_url": "twitter.com/realamberheard\u2026"}]}, "lang": "en", "id": "1263496352081883137", "text": "There\u2019s plenty of books in jail. You\u2019ll have a blast. https://t.co/sEx4KI3a8F", "author_id": "369139011", "public_metrics": {"retweet_count": 0, "reply_count": 0, "like_count": 0, "quote_count": 0}, "quoted_tweet": {"created_at": "2019-12-03T02:39:40.000Z", "source": "Twitter for iPhone", "entities": {"urls": [{"start": 60, "end": 83, "url": "https://t.co/5iW8hAloNu", "expanded_url": "https://twitter.com/realamberheard/status/1201692446557532160/photo/1", "display_url": "pic.twitter.com/5iW8hAloNu"}]}, "lang": "en", "id": "1201692446557532160", "text": "I think I need to find a way to make this my \u2018away message\u2019 https://t.co/5iW8hAloNu", "author_id": "807003567605227520", "public_metrics": {"retweet_count": 137, "reply_count": 279, "like_count": 2090, "quote_count": 41}, "author": {"url": "https://t.co/Ze18Ek9SOI", "username": "realamberheard", "description": "Actor and Activist, semi-professional disruptor, ice cream advocate and shameless teacup yorkie-lover", "id": "807003567605227520", "location": "Los Angeles, CA", "profile_image_url": "https://pbs.twimg.com/profile_images/1383196364792680448/N8CdupEu_normal.jpg", "created_at": "2016-12-08T23:26:58.000Z", "public_metrics": {"followers_count": 190336, "following_count": 220, "tweet_count": 1149, "listed_count": 567}, "name": "Amber Heard"}}, "author": {"url": "", "username": "DamLovesHam", "description": "", "id": "369139011", "profile_image_url": "https://pbs.twimg.com/profile_images/1473475085117931521/GDx94ElM_normal.jpg", "created_at": "2011-09-06T20:55:25.000Z", "public_metrics": {"followers_count": 537, "following_count": 79, "tweet_count": 30486, "listed_count": 2}, "name": "DAMO"}}, {"created_at": "2020-05-04T02:44:11.000Z", "source": "Twitter for Android", "referenced_tweets": [{"type": "quoted", "id": "1201692446557532160"}], "entities": {"urls": [{"start": 48, "end": 71, "url": "https://t.co/BOQp869beo", "expanded_url": "https://twitter.com/realamberheard/status/1201692446557532160", "display_url": "twitter.com/realamberheard\u2026"}]}, "lang": "es", "id": "1257138926046851072", "text": "Alguien sabe por que esta mujer es tan hermosa? https://t.co/BOQp869beo", "author_id": "2712944723", "public_metrics": {"retweet_count": 0, "reply_count": 0, "like_count": 2, "quote_count": 0}, "quoted_tweet": {"created_at": "2019-12-03T02:39:40.000Z", "source": "Twitter for iPhone", "entities": {"urls": [{"start": 60, "end": 83, "url": "https://t.co/5iW8hAloNu", "expanded_url": "https://twitter.com/realamberheard/status/1201692446557532160/photo/1", "display_url": "pic.twitter.com/5iW8hAloNu"}]}, "lang": "en", "id": "1201692446557532160", "text": "I think I need to find a way to make this my \u2018away message\u2019 https://t.co/5iW8hAloNu", "author_id": "807003567605227520", "public_metrics": {"retweet_count": 137, "reply_count": 279, "like_count": 2090, "quote_count": 41}, "author": {"url": "https://t.co/Ze18Ek9SOI", "username": "realamberheard", "description": "Actor and Activist, semi-professional disruptor, ice cream advocate and shameless teacup yorkie-lover", "id": "807003567605227520", "location": "Los Angeles, CA", "profile_image_url": "https://pbs.twimg.com/profile_images/1383196364792680448/N8CdupEu_normal.jpg", "created_at": "2016-12-08T23:26:58.000Z", "public_metrics": {"followers_count": 190336, "following_count": 220, "tweet_count": 1149, "listed_count": 567}, "name": "Amber Heard"}}, "author": {"url": "", "username": "JuanTejeda97", "description": "", "id": "2712944723", "profile_image_url": "https://pbs.twimg.com/profile_images/1229148426052538378/QJisXvFI_normal.jpg", "created_at": "2014-07-15T17:10:18.000Z", "public_metrics": {"followers_count": 31, "following_count": 50, "tweet_count": 169, "listed_count": 0}, "name": "JuanTejeda"}}, {"created_at": "2020-04-23T03:30:23.000Z", "source": "Twitter Web App", "referenced_tweets": [{"type": "quoted", "id": "1201692446557532160"}], "entities": {"urls": [{"start": 16, "end": 39, "url": "https://t.co/7MB502TkOR", "expanded_url": "https://twitter.com/realamberheard/status/1201692446557532160", "display_url": "twitter.com/realamberheard\u2026"}], "annotations": [{"start": 0, "end": 4, "probability": 0.6958, "type": "Person", "normalized_text": "Amber"}]}, "lang": "en", "id": "1253164285825626112", "text": "Amber Heard \ud83c\udfa5\ud83d\udcf9\ud83c\udfac https://t.co/7MB502TkOR", "author_id": "1239294055659560964", "public_metrics": {"retweet_count": 0, "reply_count": 0, "like_count": 0, "quote_count": 0}, "quoted_tweet": {"created_at": "2019-12-03T02:39:40.000Z", "source": "Twitter for iPhone", "entities": {"urls": [{"start": 60, "end": 83, "url": "https://t.co/5iW8hAloNu", "expanded_url": "https://twitter.com/realamberheard/status/1201692446557532160/photo/1", "display_url": "pic.twitter.com/5iW8hAloNu"}]}, "lang": "en", "id": "1201692446557532160", "text": "I think I need to find a way to make this my \u2018away message\u2019 https://t.co/5iW8hAloNu", "author_id": "807003567605227520", "public_metrics": {"retweet_count": 137, "reply_count": 279, "like_count": 2090, "quote_count": 41}, "author": {"url": "https://t.co/Ze18Ek9SOI", "username": "realamberheard", "description": "Actor and Activist, semi-professional disruptor, ice cream advocate and shameless teacup yorkie-lover", "id": "807003567605227520", "location": "Los Angeles, CA", "profile_image_url": "https://pbs.twimg.com/profile_images/1383196364792680448/N8CdupEu_normal.jpg", "created_at": "2016-12-08T23:26:58.000Z", "public_metrics": {"followers_count": 190336, "following_count": 220, "tweet_count": 1149, "listed_count": 567}, "name": "Amber Heard"}}, "author": {"url": "https://t.co/k3HfNOVbdW", "username": "GustavoTolaba12", "description": "Electronics, Cars repair, Languages, Literature, History, Law student, Biology, Chemistry, Physics, Drawing,...etc", "id": "1239294055659560964", "location": "San M. de Tucuman, Argentina", "profile_image_url": "https://pbs.twimg.com/profile_images/1239294572901122049/MiAUTDkY_normal.jpg", "created_at": "2020-03-15T20:55:30.000Z", "public_metrics": {"followers_count": 9, "following_count": 13, "tweet_count": 63, "listed_count": 0}, "name": "Gustavo Tolaba"}}, {"created_at": "2020-04-18T14:10:17.000Z", "source": "Twitter Web App", "referenced_tweets": [{"type": "quoted", "id": "1201692446557532160"}], "entities": {"urls": [{"start": 27, "end": 50, "url": "https://t.co/2dNl7mCNMy", "expanded_url": "https://twitter.com/realamberheard/status/1201692446557532160", "display_url": "twitter.com/realamberheard\u2026"}]}, "lang": "en", "id": "1251513385994289154", "text": "Happy Birthday22-4-1986\n\n$ https://t.co/2dNl7mCNMy", "author_id": "1028713955349483520", "public_metrics": {"retweet_count": 0, "reply_count": 0, "like_count": 0, "quote_count": 0}, "quoted_tweet": {"created_at": "2019-12-03T02:39:40.000Z", "source": "Twitter for iPhone", "entities": {"urls": [{"start": 60, "end": 83, "url": "https://t.co/5iW8hAloNu", "expanded_url": "https://twitter.com/realamberheard/status/1201692446557532160/photo/1", "display_url": "pic.twitter.com/5iW8hAloNu"}]}, "lang": "en", "id": "1201692446557532160", "text": "I think I need to find a way to make this my \u2018away message\u2019 https://t.co/5iW8hAloNu", "author_id": "807003567605227520", "public_metrics": {"retweet_count": 137, "reply_count": 279, "like_count": 2090, "quote_count": 41}, "author": {"url": "https://t.co/Ze18Ek9SOI", "username": "realamberheard", "description": "Actor and Activist, semi-professional disruptor, ice cream advocate and shameless teacup yorkie-lover", "id": "807003567605227520", "location": "Los Angeles, CA", "profile_image_url": "https://pbs.twimg.com/profile_images/1383196364792680448/N8CdupEu_normal.jpg", "created_at": "2016-12-08T23:26:58.000Z", "public_metrics": {"followers_count": 190336, "following_count": 220, "tweet_count": 1149, "listed_count": 567}, "name": "Amber Heard"}}, "author": {"url": "", "username": "HusseinMetwaly6", "description": "", "id": "1028713955349483520", "location": "Cairo, Egypt", "profile_image_url": "https://pbs.twimg.com/profile_images/1326591213332557825/EbZ2Pf4T_normal.jpg", "created_at": "2018-08-12T18:44:54.000Z", "public_metrics": {"followers_count": 6, "following_count": 138, "tweet_count": 2518, "listed_count": 0}, "name": "Hu. Me."}}, {"created_at": "2020-04-12T13:04:09.000Z", "source": "Twitter Web App", "referenced_tweets": [{"type": "quoted", "id": "1201692446557532160"}], "entities": {"urls": [{"start": 6, "end": 29, "url": "https://t.co/I5Q6zJxltt", "expanded_url": "https://twitter.com/realamberheard/status/1201692446557532160", "display_url": "twitter.com/realamberheard\u2026"}]}, "lang": "en", "id": "1249322415244464130", "text": "Cute! https://t.co/I5Q6zJxltt", "author_id": "23453951", "public_metrics": {"retweet_count": 0, "reply_count": 0, "like_count": 0, "quote_count": 0}, "quoted_tweet": {"created_at": "2019-12-03T02:39:40.000Z", "source": "Twitter for iPhone", "entities": {"urls": [{"start": 60, "end": 83, "url": "https://t.co/5iW8hAloNu", "expanded_url": "https://twitter.com/realamberheard/status/1201692446557532160/photo/1", "display_url": "pic.twitter.com/5iW8hAloNu"}]}, "lang": "en", "id": "1201692446557532160", "text": "I think I need to find a way to make this my \u2018away message\u2019 https://t.co/5iW8hAloNu", "author_id": "807003567605227520", "public_metrics": {"retweet_count": 137, "reply_count": 279, "like_count": 2090, "quote_count": 41}, "author": {"url": "https://t.co/Ze18Ek9SOI", "username": "realamberheard", "description": "Actor and Activist, semi-professional disruptor, ice cream advocate and shameless teacup yorkie-lover", "id": "807003567605227520", "location": "Los Angeles, CA", "profile_image_url": "https://pbs.twimg.com/profile_images/1383196364792680448/N8CdupEu_normal.jpg", "created_at": "2016-12-08T23:26:58.000Z", "public_metrics": {"followers_count": 190336, "following_count": 220, "tweet_count": 1149, "listed_count": 567}, "name": "Amber Heard"}}, "author": {"url": "https://t.co/s2gMNBhHm9", "username": "siddmn4u1", "description": "https://t.co/In7vBJVt1H. Instrumentation - CUSAT, India\nMS Physics- UWA, Australia, \nTechnical Associate IBM \nSystems Engineer- TCS\nCo-Founder\nArea Property Manager- Nestaway", "id": "23453951", "location": "Bengaluru, Karnataka", "profile_image_url": "https://pbs.twimg.com/profile_images/1250532229844856834/9W2vEugx_normal.jpg", "created_at": "2009-03-09T16:19:06.000Z", "public_metrics": {"followers_count": 168, "following_count": 885, "tweet_count": 675, "listed_count": 15}, "name": "Siddartha S Verma (nickname- Sid)"}}, {"created_at": "2020-03-28T14:56:12.000Z", "source": "Twitter for Android", "referenced_tweets": [{"type": "quoted", "id": "1201692446557532160"}], "entities": {"hashtags": [{"start": 0, "end": 14, "tag": "\u062f\u0631\u062e\u0627\u0646\u0647\u200c\u0628\u0645\u0627\u0646\u06cc\u0645"}, {"start": 16, "end": 29, "tag": "\u06a9\u062a\u0627\u0628\u200c\u0628\u062e\u0648\u0627\u0646\u06cc\u0645"}], "urls": [{"start": 30, "end": 53, "url": "https://t.co/mVLvZP5ls5", "expanded_url": "https://twitter.com/realamberheard/status/1201692446557532160", "display_url": "twitter.com/realamberheard\u2026"}]}, "lang": "und", "id": "1243914795612549120", "text": "#\u062f\u0631\u062e\u0627\u0646\u0647\u200c\u0628\u0645\u0627\u0646\u06cc\u0645 \n#\u06a9\u062a\u0627\u0628\u200c\u0628\u062e\u0648\u0627\u0646\u06cc\u0645 https://t.co/mVLvZP5ls5", "author_id": "949252522178416646", "public_metrics": {"retweet_count": 0, "reply_count": 0, "like_count": 12, "quote_count": 0}, "quoted_tweet": {"created_at": "2019-12-03T02:39:40.000Z", "source": "Twitter for iPhone", "entities": {"urls": [{"start": 60, "end": 83, "url": "https://t.co/5iW8hAloNu", "expanded_url": "https://twitter.com/realamberheard/status/1201692446557532160/photo/1", "display_url": "pic.twitter.com/5iW8hAloNu"}]}, "lang": "en", "id": "1201692446557532160", "text": "I think I need to find a way to make this my \u2018away message\u2019 https://t.co/5iW8hAloNu", "author_id": "807003567605227520", "public_metrics": {"retweet_count": 137, "reply_count": 279, "like_count": 2090, "quote_count": 41}, "author": {"url": "https://t.co/Ze18Ek9SOI", "username": "realamberheard", "description": "Actor and Activist, semi-professional disruptor, ice cream advocate and shameless teacup yorkie-lover", "id": "807003567605227520", "location": "Los Angeles, CA", "profile_image_url": "https://pbs.twimg.com/profile_images/1383196364792680448/N8CdupEu_normal.jpg", "created_at": "2016-12-08T23:26:58.000Z", "public_metrics": {"followers_count": 190336, "following_count": 220, "tweet_count": 1149, "listed_count": 567}, "name": "Amber Heard"}}, "author": {"url": "", "username": "Mirghasem91", "description": "", "id": "949252522178416646", "profile_image_url": "https://pbs.twimg.com/profile_images/1301056243121913857/GebMX57z_normal.jpg", "created_at": "2018-01-05T12:13:32.000Z", "public_metrics": {"followers_count": 524, "following_count": 316, "tweet_count": 14892, "listed_count": 4}, "name": "\u0637\u0628\u06cc\u0639\u06cc"}}, {"created_at": "2020-03-01T10:52:36.000Z", "source": "Twitter for Android", "referenced_tweets": [{"type": "quoted", "id": "1201692446557532160"}], "entities": {"urls": [{"start": 3, "end": 26, "url": "https://t.co/V2I6wjEPi4", "expanded_url": "https://twitter.com/realamberheard/status/1201692446557532160", "display_url": "twitter.com/realamberheard\u2026"}]}, "lang": "und", "id": "1234069018052456450", "text": "\u2615\ud83d\udcda https://t.co/V2I6wjEPi4", "author_id": "29198219", "public_metrics": {"retweet_count": 0, "reply_count": 0, "like_count": 0, "quote_count": 0}, "quoted_tweet": {"created_at": "2019-12-03T02:39:40.000Z", "source": "Twitter for iPhone", "entities": {"urls": [{"start": 60, "end": 83, "url": "https://t.co/5iW8hAloNu", "expanded_url": "https://twitter.com/realamberheard/status/1201692446557532160/photo/1", "display_url": "pic.twitter.com/5iW8hAloNu"}]}, "lang": "en", "id": "1201692446557532160", "text": "I think I need to find a way to make this my \u2018away message\u2019 https://t.co/5iW8hAloNu", "author_id": "807003567605227520", "public_metrics": {"retweet_count": 137, "reply_count": 279, "like_count": 2090, "quote_count": 41}, "author": {"url": "https://t.co/Ze18Ek9SOI", "username": "realamberheard", "description": "Actor and Activist, semi-professional disruptor, ice cream advocate and shameless teacup yorkie-lover", "id": "807003567605227520", "location": "Los Angeles, CA", "profile_image_url": "https://pbs.twimg.com/profile_images/1383196364792680448/N8CdupEu_normal.jpg", "created_at": "2016-12-08T23:26:58.000Z", "public_metrics": {"followers_count": 190336, "following_count": 220, "tweet_count": 1149, "listed_count": 567}, "name": "Amber Heard"}}, "author": {"url": "", "username": "80sbabeeAngel", "description": "Mother \u2661 \nSurvivor \ud83c\udf3b\n'80s baby \ud83d\ude0e\nEvil never wins \u2661\nPraise Jesus Christ \ud83d\ude4f\u271d\u271e\u271d", "id": "29198219", "location": "Queensland, Australia \ud83d\udc1a", "profile_image_url": "https://pbs.twimg.com/profile_images/1496738447834648576/WkaoEZwt_normal.jpg", "created_at": "2009-04-06T13:22:12.000Z", "public_metrics": {"followers_count": 2147, "following_count": 396, "tweet_count": 495542, "listed_count": 252}, "name": "\ud83d\udd47 Megan"}}, {"created_at": "2020-02-13T23:09:51.000Z", "source": "Twitter for Android", "referenced_tweets": [{"type": "quoted", "id": "1201692446557532160"}], "entities": {"urls": [{"start": 34, "end": 57, "url": "https://t.co/xSOYgW36me", "expanded_url": "https://twitter.com/realamberheard/status/1201692446557532160", "display_url": "twitter.com/realamberheard\u2026"}]}, "lang": "pt", "id": "1228093959844630530", "text": "nojo eu tenho \u00e9 dessa mulher aqui https://t.co/xSOYgW36me", "author_id": "1146534316048048130", "public_metrics": {"retweet_count": 0, "reply_count": 0, "like_count": 1, "quote_count": 0}, "quoted_tweet": {"created_at": "2019-12-03T02:39:40.000Z", "source": "Twitter for iPhone", "entities": {"urls": [{"start": 60, "end": 83, "url": "https://t.co/5iW8hAloNu", "expanded_url": "https://twitter.com/realamberheard/status/1201692446557532160/photo/1", "display_url": "pic.twitter.com/5iW8hAloNu"}]}, "lang": "en", "id": "1201692446557532160", "text": "I think I need to find a way to make this my \u2018away message\u2019 https://t.co/5iW8hAloNu", "author_id": "807003567605227520", "public_metrics": {"retweet_count": 137, "reply_count": 279, "like_count": 2090, "quote_count": 41}, "author": {"url": "https://t.co/Ze18Ek9SOI", "username": "realamberheard", "description": "Actor and Activist, semi-professional disruptor, ice cream advocate and shameless teacup yorkie-lover", "id": "807003567605227520", "location": "Los Angeles, CA", "profile_image_url": "https://pbs.twimg.com/profile_images/1383196364792680448/N8CdupEu_normal.jpg", "created_at": "2016-12-08T23:26:58.000Z", "public_metrics": {"followers_count": 190336, "following_count": 220, "tweet_count": 1149, "listed_count": 567}, "name": "Amber Heard"}}, "author": {"url": "", "username": "eduarda44e", "description": "", "id": "1146534316048048130", "location": "Senador Canedo, Brasil", "profile_image_url": "https://pbs.twimg.com/profile_images/1305948751853506561/Gj52-UP6_normal.jpg", "created_at": "2019-07-03T21:40:57.000Z", "public_metrics": {"followers_count": 316, "following_count": 838, "tweet_count": 1079, "listed_count": 0}, "name": "duda"}}, {"created_at": "2020-02-09T00:30:30.000Z", "source": "Twitter for Android", "referenced_tweets": [{"type": "quoted", "id": "1201692446557532160"}], "entities": {"hashtags": [{"start": 46, "end": 68, "tag": "AmberHeardIsCancelled"}], "urls": [{"start": 69, "end": 92, "url": "https://t.co/LF1qOpLKPY", "expanded_url": "https://twitter.com/realamberheard/status/1201692446557532160", "display_url": "twitter.com/realamberheard\u2026"}]}, "lang": "en", "id": "1226302318519386114", "text": "Start with your apology to your ex husband .  #AmberHeardIsCancelled https://t.co/LF1qOpLKPY", "author_id": "549580945", "public_metrics": {"retweet_count": 0, "reply_count": 0, "like_count": 2, "quote_count": 0}, "quoted_tweet": {"created_at": "2019-12-03T02:39:40.000Z", "source": "Twitter for iPhone", "entities": {"urls": [{"start": 60, "end": 83, "url": "https://t.co/5iW8hAloNu", "expanded_url": "https://twitter.com/realamberheard/status/1201692446557532160/photo/1", "display_url": "pic.twitter.com/5iW8hAloNu"}]}, "lang": "en", "id": "1201692446557532160", "text": "I think I need to find a way to make this my \u2018away message\u2019 https://t.co/5iW8hAloNu", "author_id": "807003567605227520", "public_metrics": {"retweet_count": 137, "reply_count": 279, "like_count": 2090, "quote_count": 41}, "author": {"url": "https://t.co/Ze18Ek9SOI", "username": "realamberheard", "description": "Actor and Activist, semi-professional disruptor, ice cream advocate and shameless teacup yorkie-lover", "id": "807003567605227520", "location": "Los Angeles, CA", "profile_image_url": "https://pbs.twimg.com/profile_images/1383196364792680448/N8CdupEu_normal.jpg", "created_at": "2016-12-08T23:26:58.000Z", "public_metrics": {"followers_count": 190336, "following_count": 220, "tweet_count": 1149, "listed_count": 567}, "name": "Amber Heard"}}, "author": {"url": "", "username": "blxckcorazon", "description": "III.VII.MMXXII", "id": "549580945", "profile_image_url": "https://pbs.twimg.com/profile_images/1501026929209745413/vqdQJuvL_normal.jpg", "created_at": "2012-04-09T21:58:15.000Z", "public_metrics": {"followers_count": 425, "following_count": 294, "tweet_count": 29161, "listed_count": 0}, "name": "Abel\u2764\ufe0f\u200d\ud83d\udd25"}}, {"created_at": "2020-02-05T00:39:01.000Z", "source": "Twitter for Android", "referenced_tweets": [{"type": "quoted", "id": "1201692446557532160"}], "entities": {"urls": [{"start": 33, "end": 56, "url": "https://t.co/5ioghOt8DN", "expanded_url": "https://twitter.com/realamberheard/status/1201692446557532160", "display_url": "twitter.com/realamberheard\u2026"}]}, "lang": "es", "id": "1224854906361864197", "text": "Necesitas es un psiquiatra amiga https://t.co/5ioghOt8DN", "author_id": "1213250860911710208", "public_metrics": {"retweet_count": 0, "reply_count": 0, "like_count": 0, "quote_count": 0}, "quoted_tweet": {"created_at": "2019-12-03T02:39:40.000Z", "source": "Twitter for iPhone", "entities": {"urls": [{"start": 60, "end": 83, "url": "https://t.co/5iW8hAloNu", "expanded_url": "https://twitter.com/realamberheard/status/1201692446557532160/photo/1", "display_url": "pic.twitter.com/5iW8hAloNu"}]}, "lang": "en", "id": "1201692446557532160", "text": "I think I need to find a way to make this my \u2018away message\u2019 https://t.co/5iW8hAloNu", "author_id": "807003567605227520", "public_metrics": {"retweet_count": 137, "reply_count": 279, "like_count": 2090, "quote_count": 41}, "author": {"url": "https://t.co/Ze18Ek9SOI", "username": "realamberheard", "description": "Actor and Activist, semi-professional disruptor, ice cream advocate and shameless teacup yorkie-lover", "id": "807003567605227520", "location": "Los Angeles, CA", "profile_image_url": "https://pbs.twimg.com/profile_images/1383196364792680448/N8CdupEu_normal.jpg", "created_at": "2016-12-08T23:26:58.000Z", "public_metrics": {"followers_count": 190336, "following_count": 220, "tweet_count": 1149, "listed_count": 567}, "name": "Amber Heard"}}, "author": {"url": "", "username": "DeeeeIta", "description": "el que tuitea no soy yo, es un ni\u00f1o asi\u00e1tico que contrato por horas", "id": "1213250860911710208", "profile_image_url": "https://pbs.twimg.com/profile_images/1501069203713007617/y-Fe50lX_normal.jpg", "created_at": "2020-01-04T00:09:00.000Z", "public_metrics": {"followers_count": 1786, "following_count": 198, "tweet_count": 4929, "listed_count": 5}, "name": "Rond\u00f3n"}}, {"created_at": "2020-02-02T18:24:51.000Z", "source": "Twitter for Android", "referenced_tweets": [{"type": "quoted", "id": "1201692446557532160"}], "entities": {"urls": [{"start": 70, "end": 93, "url": "https://t.co/tWrc5h2rXJ", "expanded_url": "https://twitter.com/realamberheard/status/1201692446557532160", "display_url": "twitter.com/realamberheard\u2026"}]}, "lang": "en", "id": "1224035971030630400", "text": "YOU STUPID CUNT. LOOK AT YOU. ACTING ALL SMART AND ALL. YOU DUMB FUCK https://t.co/tWrc5h2rXJ", "author_id": "1267126856", "public_metrics": {"retweet_count": 0, "reply_count": 0, "like_count": 0, "quote_count": 0}, "quoted_tweet": {"created_at": "2019-12-03T02:39:40.000Z", "source": "Twitter for iPhone", "entities": {"urls": [{"start": 60, "end": 83, "url": "https://t.co/5iW8hAloNu", "expanded_url": "https://twitter.com/realamberheard/status/1201692446557532160/photo/1", "display_url": "pic.twitter.com/5iW8hAloNu"}]}, "lang": "en", "id": "1201692446557532160", "text": "I think I need to find a way to make this my \u2018away message\u2019 https://t.co/5iW8hAloNu", "author_id": "807003567605227520", "public_metrics": {"retweet_count": 137, "reply_count": 279, "like_count": 2090, "quote_count": 41}, "author": {"url": "https://t.co/Ze18Ek9SOI", "username": "realamberheard", "description": "Actor and Activist, semi-professional disruptor, ice cream advocate and shameless teacup yorkie-lover", "id": "807003567605227520", "location": "Los Angeles, CA", "profile_image_url": "https://pbs.twimg.com/profile_images/1383196364792680448/N8CdupEu_normal.jpg", "created_at": "2016-12-08T23:26:58.000Z", "public_metrics": {"followers_count": 190336, "following_count": 220, "tweet_count": 1149, "listed_count": 567}, "name": "Amber Heard"}}, "author": {"url": "", "username": "NeilBes12", "description": "y o u n g, rlmp \u2764\ufe0f", "id": "1267126856", "location": "ill city", "profile_image_url": "https://pbs.twimg.com/profile_images/1469618849251139587/92FiPHaa_normal.jpg", "created_at": "2013-03-14T13:52:43.000Z", "public_metrics": {"followers_count": 854, "following_count": 899, "tweet_count": 47480, "listed_count": 3}, "name": "yo bitch"}}, {"created_at": "2020-02-02T17:12:37.000Z", "source": "Twitter Web App", "referenced_tweets": [{"type": "quoted", "id": "1201692446557532160"}], "entities": {"urls": [{"start": 59, "end": 82, "url": "https://t.co/cb96mnx6QE", "expanded_url": "https://twitter.com/realamberheard/status/1201692446557532160", "display_url": "twitter.com/realamberheard\u2026"}]}, "lang": "fa", "id": "1224017794372599808", "text": "\u062a\u0648 \u0628\u0627\u06cc\u062f \u06af\u06cc\u0631 \u062c\u0627\u0646\u06cc \u0627\u0632 \u062c\u0646\u0633 \u0633\u06cc\u0646\u0633 \u0645\u06cc\u0648\u0641\u062a\u0627\u062f\u06cc \u0646\u0647 \u062f\u067e!!!\n\u0634\u0644 \u0646\u0627\u0645\u0648\u0633!!! https://t.co/cb96mnx6QE", "author_id": "1105433297545584641", "public_metrics": {"retweet_count": 0, "reply_count": 0, "like_count": 2, "quote_count": 0}, "quoted_tweet": {"created_at": "2019-12-03T02:39:40.000Z", "source": "Twitter for iPhone", "entities": {"urls": [{"start": 60, "end": 83, "url": "https://t.co/5iW8hAloNu", "expanded_url": "https://twitter.com/realamberheard/status/1201692446557532160/photo/1", "display_url": "pic.twitter.com/5iW8hAloNu"}]}, "lang": "en", "id": "1201692446557532160", "text": "I think I need to find a way to make this my \u2018away message\u2019 https://t.co/5iW8hAloNu", "author_id": "807003567605227520", "public_metrics": {"retweet_count": 137, "reply_count": 279, "like_count": 2090, "quote_count": 41}, "author": {"url": "https://t.co/Ze18Ek9SOI", "username": "realamberheard", "description": "Actor and Activist, semi-professional disruptor, ice cream advocate and shameless teacup yorkie-lover", "id": "807003567605227520", "location": "Los Angeles, CA", "profile_image_url": "https://pbs.twimg.com/profile_images/1383196364792680448/N8CdupEu_normal.jpg", "created_at": "2016-12-08T23:26:58.000Z", "public_metrics": {"followers_count": 190336, "following_count": 220, "tweet_count": 1149, "listed_count": 567}, "name": "Amber Heard"}}, "author": {"url": "https://t.co/rn94iaeiC6", "username": "amiir_rza", "description": "NFB\u264a\nNFG!", "id": "1105433297545584641", "location": "somewhere smoking", "profile_image_url": "https://pbs.twimg.com/profile_images/1474558435349905410/ofFPD4XC_normal.jpg", "created_at": "2019-03-12T11:40:10.000Z", "public_metrics": {"followers_count": 2946, "following_count": 2916, "tweet_count": 9396, "listed_count": 1}, "name": "\u06a9\u064f\u0646\u062a \u0645\u064f\u0646\u062a \u0648\u06cc\u0646\u0633\u062a\u0648\u0646\ud83c\udc04"}}, {"created_at": "2020-02-02T14:32:12.000Z", "source": "Twitter for iPhone", "referenced_tweets": [{"type": "retweeted", "id": "1223830159880531968"}], "lang": "en", "id": "1223977420748922881", "entities": {"mentions": [{"start": 3, "end": 19, "username": "EmoScottPilgrim", "id": "913389622989901826"}]}, "text": "RT @EmoScottPilgrim: \u201cTaking a break from cutting my husbands fingers off to enjoy literature\u201d fucking hell", "author_id": "913389622989901826", "public_metrics": {"retweet_count": 1, "reply_count": 0, "like_count": 0, "quote_count": 0}, "quoted_tweet": {"created_at": "2019-12-03T02:39:40.000Z", "source": "Twitter for iPhone", "entities": {"urls": [{"start": 60, "end": 83, "url": "https://t.co/5iW8hAloNu", "expanded_url": "https://twitter.com/realamberheard/status/1201692446557532160/photo/1", "display_url": "pic.twitter.com/5iW8hAloNu"}]}, "lang": "en", "id": "1201692446557532160", "text": "I think I need to find a way to make this my \u2018away message\u2019 https://t.co/5iW8hAloNu", "author_id": "807003567605227520", "public_metrics": {"retweet_count": 137, "reply_count": 279, "like_count": 2090, "quote_count": 41}, "author": {"url": "https://t.co/Ze18Ek9SOI", "username": "realamberheard", "description": "Actor and Activist, semi-professional disruptor, ice cream advocate and shameless teacup yorkie-lover", "id": "807003567605227520", "location": "Los Angeles, CA", "profile_image_url": "https://pbs.twimg.com/profile_images/1383196364792680448/N8CdupEu_normal.jpg", "created_at": "2016-12-08T23:26:58.000Z", "public_metrics": {"followers_count": 190336, "following_count": 220, "tweet_count": 1149, "listed_count": 567}, "name": "Amber Heard"}}, "author": {"url": "https://t.co/yCWf9mdV4v", "username": "EmoScottPilgrim", "description": "Bi\u202220\u2022He/Him\u2022Aspiring Comic Writer\u2022DC Young Animal Fan\u2022Cowan/Tynion IV/Giffen/Simone/King/Morrison/Lemire/DeMatteis Fan\u2022Emo Kid\u2022 KMM\ud83d\udc98\u2022\u238a", "id": "913389622989901826", "location": "The Embassy of JLInternational", "profile_image_url": "https://pbs.twimg.com/profile_images/1399846670251085825/1DpOglS2_normal.png", "created_at": "2017-09-28T13:07:10.000Z", "public_metrics": {"followers_count": 1416, "following_count": 4991, "tweet_count": 152289, "listed_count": 0}, "name": "B\u042fINGB\u039b\u0421\u041aC\u042f\u039b\u0412C\u00d8\u042f\u04152\u238a21"}}, {"created_at": "2020-02-02T09:06:07.000Z", "source": "Twitter for Android", "referenced_tweets": [{"type": "quoted", "id": "1201692446557532160"}], "entities": {"urls": [{"start": 40, "end": 63, "url": "https://t.co/mnxDXjnLqQ", "expanded_url": "https://twitter.com/realamberheard/status/1201692446557532160", "display_url": "twitter.com/realamberheard\u2026"}]}, "lang": "en", "id": "1223895358671151105", "text": "Animal\nSavage \nBeast \nBitch\nCock sucker https://t.co/mnxDXjnLqQ", "author_id": "848129753487994880", "public_metrics": {"retweet_count": 0, "reply_count": 0, "like_count": 0, "quote_count": 0}, "quoted_tweet": {"created_at": "2019-12-03T02:39:40.000Z", "source": "Twitter for iPhone", "entities": {"urls": [{"start": 60, "end": 83, "url": "https://t.co/5iW8hAloNu", "expanded_url": "https://twitter.com/realamberheard/status/1201692446557532160/photo/1", "display_url": "pic.twitter.com/5iW8hAloNu"}]}, "lang": "en", "id": "1201692446557532160", "text": "I think I need to find a way to make this my \u2018away message\u2019 https://t.co/5iW8hAloNu", "author_id": "807003567605227520", "public_metrics": {"retweet_count": 137, "reply_count": 279, "like_count": 2090, "quote_count": 41}, "author": {"url": "https://t.co/Ze18Ek9SOI", "username": "realamberheard", "description": "Actor and Activist, semi-professional disruptor, ice cream advocate and shameless teacup yorkie-lover", "id": "807003567605227520", "location": "Los Angeles, CA", "profile_image_url": "https://pbs.twimg.com/profile_images/1383196364792680448/N8CdupEu_normal.jpg", "created_at": "2016-12-08T23:26:58.000Z", "public_metrics": {"followers_count": 190336, "following_count": 220, "tweet_count": 1149, "listed_count": 567}, "name": "Amber Heard"}}, "author": {"url": "", "username": "zokaolmolk3", "description": "", "id": "848129753487994880", "profile_image_url": "https://pbs.twimg.com/profile_images/1505522246126907396/eW2rLP7c_normal.jpg", "created_at": "2017-04-01T11:07:45.000Z", "public_metrics": {"followers_count": 924, "following_count": 390, "tweet_count": 37972, "listed_count": 5}, "name": "Bay \u03b6\u03bf\u03ba\u03b1\u03bf\u03bb\u03bc\u03bf\u03bb\u03ba"}}, {"created_at": "2020-02-02T09:01:01.000Z", "source": "Twitter Web App", "referenced_tweets": [{"type": "quoted", "id": "1201692446557532160"}], "entities": {"urls": [{"start": 90, "end": 113, "url": "https://t.co/9VBl1YLzhd", "expanded_url": "https://twitter.com/realamberheard/status/1201692446557532160", "display_url": "twitter.com/realamberheard\u2026"}]}, "lang": "fa", "id": "1223894079098052609", "text": "\u0639\u0644\u06cc \u0627\u06cc\u062d\u0627\u0644\u064c\u060c \u0642\u0628\u0644\u0647\u200c\u0639\u0627\u0644\u0645 \u0636\u0639\u06cc\u0641\u06af\u0627\u0646 \u0646\u062d\u06cc\u0641\u0647 \u0648\u062d\u0634\u06cc \u0631\u0627 \u0628\u06cc\u0634\u062a\u0631 \u062f\u0648\u0633\u062a \u0645\u06cc\u200c\u062f\u0627\u0631\u0646\u062f\u060c \u062d\u062a\u06cc \u0628\u0647 \u0642\u06cc\u0645\u062a \u0627\u0646\u06af\u0634\u062a \u0645\u0628\u0627\u0631\u06a9\u0647 https://t.co/9VBl1YLzhd", "author_id": "1612255874", "public_metrics": {"retweet_count": 0, "reply_count": 0, "like_count": 22, "quote_count": 0}, "quoted_tweet": {"created_at": "2019-12-03T02:39:40.000Z", "source": "Twitter for iPhone", "entities": {"urls": [{"start": 60, "end": 83, "url": "https://t.co/5iW8hAloNu", "expanded_url": "https://twitter.com/realamberheard/status/1201692446557532160/photo/1", "display_url": "pic.twitter.com/5iW8hAloNu"}]}, "lang": "en", "id": "1201692446557532160", "text": "I think I need to find a way to make this my \u2018away message\u2019 https://t.co/5iW8hAloNu", "author_id": "807003567605227520", "public_metrics": {"retweet_count": 137, "reply_count": 279, "like_count": 2090, "quote_count": 41}, "author": {"url": "https://t.co/Ze18Ek9SOI", "username": "realamberheard", "description": "Actor and Activist, semi-professional disruptor, ice cream advocate and shameless teacup yorkie-lover", "id": "807003567605227520", "location": "Los Angeles, CA", "profile_image_url": "https://pbs.twimg.com/profile_images/1383196364792680448/N8CdupEu_normal.jpg", "created_at": "2016-12-08T23:26:58.000Z", "public_metrics": {"followers_count": 190336, "following_count": 220, "tweet_count": 1149, "listed_count": 567}, "name": "Amber Heard"}}, "author": {"url": "", "username": "GhebleAlam", "description": "\u200f\u0642\u0628\u0644\u0647 \u0639\u0627\u0644\u0645 \u062f\u0631 \u0627\u06cc\u0648\u0627\u0646 \u0635\u0627\u062d\u0628\u0642\u0631\u0627\u0646\u06cc\u0647 \u0631\u0648\u06cc \u062a\u062e\u062a \u0648\u0644\u0648 \u0634\u062f\u0647\u060c \u0637\u0648\u0639\u06cc\u062a \u0645\u06cc\u0641\u0631\u0645\u0627\u06cc\u0646\u062f", "id": "1612255874", "location": "\u0642\u0631\u06cc\u0647 \u0637\u0647\u0631\u0627\u0646", "profile_image_url": "https://pbs.twimg.com/profile_images/1036628126862856193/TVenfecS_normal.jpg", "created_at": "2013-07-22T07:21:16.000Z", "public_metrics": {"followers_count": 9072, "following_count": 474, "tweet_count": 14897, "listed_count": 32}, "name": "\u0642\u0628\u0644\u0647 \u0639\u0627\u0644\u0645"}}, {"created_at": "2020-02-02T04:47:02.000Z", "source": "Twitter for iPhone", "referenced_tweets": [{"type": "quoted", "id": "1201692446557532160"}], "entities": {"urls": [{"start": 87, "end": 110, "url": "https://t.co/hPtnOLQrve", "expanded_url": "https://twitter.com/realamberheard/status/1201692446557532160", "display_url": "twitter.com/realamberheard\u2026"}]}, "lang": "en", "id": "1223830159880531968", "text": "\u201cTaking a break from cutting my husbands fingers off to enjoy literature\u201d fucking hell https://t.co/hPtnOLQrve", "author_id": "913389622989901826", "public_metrics": {"retweet_count": 1, "reply_count": 1, "like_count": 6, "quote_count": 0}, "quoted_tweet": {"created_at": "2019-12-03T02:39:40.000Z", "source": "Twitter for iPhone", "entities": {"urls": [{"start": 60, "end": 83, "url": "https://t.co/5iW8hAloNu", "expanded_url": "https://twitter.com/realamberheard/status/1201692446557532160/photo/1", "display_url": "pic.twitter.com/5iW8hAloNu"}]}, "lang": "en", "id": "1201692446557532160", "text": "I think I need to find a way to make this my \u2018away message\u2019 https://t.co/5iW8hAloNu", "author_id": "807003567605227520", "public_metrics": {"retweet_count": 137, "reply_count": 279, "like_count": 2090, "quote_count": 41}, "author": {"url": "https://t.co/Ze18Ek9SOI", "username": "realamberheard", "description": "Actor and Activist, semi-professional disruptor, ice cream advocate and shameless teacup yorkie-lover", "id": "807003567605227520", "location": "Los Angeles, CA", "profile_image_url": "https://pbs.twimg.com/profile_images/1383196364792680448/N8CdupEu_normal.jpg", "created_at": "2016-12-08T23:26:58.000Z", "public_metrics": {"followers_count": 190336, "following_count": 220, "tweet_count": 1149, "listed_count": 567}, "name": "Amber Heard"}}, "author": {"url": "https://t.co/yCWf9mdV4v", "username": "EmoScottPilgrim", "description": "Bi\u202220\u2022He/Him\u2022Aspiring Comic Writer\u2022DC Young Animal Fan\u2022Cowan/Tynion IV/Giffen/Simone/King/Morrison/Lemire/DeMatteis Fan\u2022Emo Kid\u2022 KMM\ud83d\udc98\u2022\u238a", "id": "913389622989901826", "location": "The Embassy of JLInternational", "profile_image_url": "https://pbs.twimg.com/profile_images/1399846670251085825/1DpOglS2_normal.png", "created_at": "2017-09-28T13:07:10.000Z", "public_metrics": {"followers_count": 1416, "following_count": 4991, "tweet_count": 152289, "listed_count": 0}, "name": "B\u042fINGB\u039b\u0421\u041aC\u042f\u039b\u0412C\u00d8\u042f\u04152\u238a21"}}, {"created_at": "2020-02-01T19:52:37.000Z", "source": "Twitter for Android", "referenced_tweets": [{"type": "quoted", "id": "1201692446557532160"}], "entities": {"urls": [{"start": 33, "end": 56, "url": "https://t.co/52gxgPlWr8", "expanded_url": "https://twitter.com/realamberheard/status/1201692446557532160", "display_url": "twitter.com/realamberheard\u2026"}]}, "lang": "en", "id": "1223695670781120514", "text": "\"Away to prison message\"\ud83c\udf81\ud83c\udf81\ud83d\udc83\ud83c\udffe\ud83d\udc83\ud83c\udffe\ud83d\udc83\ud83c\udffe https://t.co/52gxgPlWr8", "author_id": "84040217", "public_metrics": {"retweet_count": 0, "reply_count": 0, "like_count": 0, "quote_count": 0}, "quoted_tweet": {"created_at": "2019-12-03T02:39:40.000Z", "source": "Twitter for iPhone", "entities": {"urls": [{"start": 60, "end": 83, "url": "https://t.co/5iW8hAloNu", "expanded_url": "https://twitter.com/realamberheard/status/1201692446557532160/photo/1", "display_url": "pic.twitter.com/5iW8hAloNu"}]}, "lang": "en", "id": "1201692446557532160", "text": "I think I need to find a way to make this my \u2018away message\u2019 https://t.co/5iW8hAloNu", "author_id": "807003567605227520", "public_metrics": {"retweet_count": 137, "reply_count": 279, "like_count": 2090, "quote_count": 41}, "author": {"url": "https://t.co/Ze18Ek9SOI", "username": "realamberheard", "description": "Actor and Activist, semi-professional disruptor, ice cream advocate and shameless teacup yorkie-lover", "id": "807003567605227520", "location": "Los Angeles, CA", "profile_image_url": "https://pbs.twimg.com/profile_images/1383196364792680448/N8CdupEu_normal.jpg", "created_at": "2016-12-08T23:26:58.000Z", "public_metrics": {"followers_count": 190336, "following_count": 220, "tweet_count": 1149, "listed_count": 567}, "name": "Amber Heard"}}, "author": {"url": "", "username": "ilu_Billions", "description": "You always know where you stand with me. Procurement/Admin & Finance/HR/Mediator & Conciliator/Facilitator/Moderator/snr. student\u2026I make things happen!", "id": "84040217", "location": "Where the Lord leads, i'll go.", "profile_image_url": "https://pbs.twimg.com/profile_images/1475062920715325442/TTvSG2JW_normal.jpg", "created_at": "2009-10-21T09:23:33.000Z", "public_metrics": {"followers_count": 3067, "following_count": 490, "tweet_count": 231641, "listed_count": 17}, "name": "Don't stain my white."}}, {"created_at": "2019-12-17T01:30:49.000Z", "source": "Twitter Web App", "referenced_tweets": [{"type": "quoted", "id": "1201692446557532160"}], "entities": {"urls": [{"start": 213, "end": 236, "url": "https://t.co/QHrUosorAV", "expanded_url": "https://twitter.com/realamberheard/status/1201692446557532160", "display_url": "twitter.com/realamberheard\u2026"}], "mentions": [{"start": 30, "end": 45, "username": "realamberheard", "id": "807003567605227520"}, {"start": 188, "end": 195, "username": "Lbaini", "id": "226216564"}], "annotations": [{"start": 109, "end": 113, "probability": 0.8984, "type": "Person", "normalized_text": "Amber"}]}, "lang": "es", "id": "1206748550295642112", "text": "El dia que entre al perfil de @realamberheard y vea que dice \"Te sigue\", me caigo de upite. XD\nCompart\u00ed esta Amber leyendo para que el canal \"Ese tipo con un libro\" tenga tantos subs como @Lbaini (sorry Baini) XD https://t.co/QHrUosorAV", "author_id": "930295991735144449", "public_metrics": {"retweet_count": 0, "reply_count": 0, "like_count": 2, "quote_count": 0}, "quoted_tweet": {"created_at": "2019-12-03T02:39:40.000Z", "source": "Twitter for iPhone", "entities": {"urls": [{"start": 60, "end": 83, "url": "https://t.co/5iW8hAloNu", "expanded_url": "https://twitter.com/realamberheard/status/1201692446557532160/photo/1", "display_url": "pic.twitter.com/5iW8hAloNu"}]}, "lang": "en", "id": "1201692446557532160", "text": "I think I need to find a way to make this my \u2018away message\u2019 https://t.co/5iW8hAloNu", "author_id": "807003567605227520", "public_metrics": {"retweet_count": 137, "reply_count": 279, "like_count": 2090, "quote_count": 41}, "author": {"url": "https://t.co/Ze18Ek9SOI", "username": "realamberheard", "description": "Actor and Activist, semi-professional disruptor, ice cream advocate and shameless teacup yorkie-lover", "id": "807003567605227520", "location": "Los Angeles, CA", "profile_image_url": "https://pbs.twimg.com/profile_images/1383196364792680448/N8CdupEu_normal.jpg", "created_at": "2016-12-08T23:26:58.000Z", "public_metrics": {"followers_count": 190336, "following_count": 220, "tweet_count": 1149, "listed_count": 567}, "name": "Amber Heard"}}, "author": {"url": "https://t.co/caw3wNyLpW", "username": "VRotaheche", "description": "Escritor, lector, fan\u00e1tico de los c\u00f3mics y de @StephenKing. Tengo mi canal #esetipoconunlibro donde publico rese\u00f1as, bios, y podcasts.", "id": "930295991735144449", "location": "Esquel, Argentina", "profile_image_url": "https://pbs.twimg.com/profile_images/1303423351659134977/Ma-e7wXi_normal.jpg", "created_at": "2017-11-14T04:47:03.000Z", "public_metrics": {"followers_count": 598, "following_count": 1439, "tweet_count": 8106, "listed_count": 4}, "name": "V\u00edctor Hugo Rotaheche (Ese Tipo Con Un Libro)"}}, {"created_at": "2019-12-05T06:10:21.000Z", "source": "Twitter for Android", "referenced_tweets": [{"type": "quoted", "id": "1201692446557532160"}], "entities": {"hashtags": [{"start": 69, "end": 89, "tag": "uglyhoforanuglyhoax"}, {"start": 90, "end": 111, "tag": "AmberHeardIsAnAbuser"}], "urls": [{"start": 112, "end": 135, "url": "https://t.co/vzkeT7VUIt", "expanded_url": "https://twitter.com/realamberheard/status/1201692446557532160", "display_url": "twitter.com/realamberheard\u2026"}], "annotations": [{"start": 15, "end": 23, "probability": 0.5122, "type": "Other", "normalized_text": "Gone Girl"}]}, "lang": "en", "id": "1202470241625726976", "text": "What, reading \"Gone Girl\" again to try and get your next hoax right? #uglyhoforanuglyhoax #AmberHeardIsAnAbuser https://t.co/vzkeT7VUIt", "author_id": "1139879876834418688", "public_metrics": {"retweet_count": 0, "reply_count": 0, "like_count": 1, "quote_count": 0}, "quoted_tweet": {"created_at": "2019-12-03T02:39:40.000Z", "source": "Twitter for iPhone", "entities": {"urls": [{"start": 60, "end": 83, "url": "https://t.co/5iW8hAloNu", "expanded_url": "https://twitter.com/realamberheard/status/1201692446557532160/photo/1", "display_url": "pic.twitter.com/5iW8hAloNu"}]}, "lang": "en", "id": "1201692446557532160", "text": "I think I need to find a way to make this my \u2018away message\u2019 https://t.co/5iW8hAloNu", "author_id": "807003567605227520", "public_metrics": {"retweet_count": 137, "reply_count": 279, "like_count": 2090, "quote_count": 41}, "author": {"url": "https://t.co/Ze18Ek9SOI", "username": "realamberheard", "description": "Actor and Activist, semi-professional disruptor, ice cream advocate and shameless teacup yorkie-lover", "id": "807003567605227520", "location": "Los Angeles, CA", "profile_image_url": "https://pbs.twimg.com/profile_images/1383196364792680448/N8CdupEu_normal.jpg", "created_at": "2016-12-08T23:26:58.000Z", "public_metrics": {"followers_count": 190336, "following_count": 220, "tweet_count": 1149, "listed_count": 567}, "name": "Amber Heard"}}, "author": {"url": "", "username": "EffervescentlyT", "description": "Tired. Angry. Almost 30. The 20's came back and brought all the bullshit with it \ud83c\udf7e\ud83d\ude29", "id": "1139879876834418688", "profile_image_url": "https://pbs.twimg.com/profile_images/1147046938627301377/N_tdYHWz_normal.jpg", "created_at": "2019-06-15T12:58:35.000Z", "public_metrics": {"followers_count": 14, "following_count": 100, "tweet_count": 4047, "listed_count": 0}, "name": "EffervescentlyTired\ud83d\ude34\ud83c\udf0c"}}, {"created_at": "2019-12-03T23:36:24.000Z", "source": "Twitter for iPhone", "referenced_tweets": [{"type": "quoted", "id": "1201692446557532160"}], "entities": {"urls": [{"start": 155, "end": 178, "url": "https://t.co/lRSpTutnbg", "expanded_url": "https://twitter.com/realamberheard/status/1201692446557532160", "display_url": "twitter.com/realamberheard\u2026"}], "mentions": [{"start": 50, "end": 65, "username": "realamberheard", "id": "807003567605227520"}]}, "lang": "en", "id": "1202008716012326912", "text": "I think this is the sexiest photo I\u2019ve ever seen, @realamberheard. A ridiculously beautiful woman surrounded by books. That\u2019s my dream date. lol You rule. https://t.co/lRSpTutnbg", "author_id": "24285915", "public_metrics": {"retweet_count": 0, "reply_count": 0, "like_count": 0, "quote_count": 0}, "quoted_tweet": {"created_at": "2019-12-03T02:39:40.000Z", "source": "Twitter for iPhone", "entities": {"urls": [{"start": 60, "end": 83, "url": "https://t.co/5iW8hAloNu", "expanded_url": "https://twitter.com/realamberheard/status/1201692446557532160/photo/1", "display_url": "pic.twitter.com/5iW8hAloNu"}]}, "lang": "en", "id": "1201692446557532160", "text": "I think I need to find a way to make this my \u2018away message\u2019 https://t.co/5iW8hAloNu", "author_id": "807003567605227520", "public_metrics": {"retweet_count": 137, "reply_count": 279, "like_count": 2090, "quote_count": 41}, "author": {"url": "https://t.co/Ze18Ek9SOI", "username": "realamberheard", "description": "Actor and Activist, semi-professional disruptor, ice cream advocate and shameless teacup yorkie-lover", "id": "807003567605227520", "location": "Los Angeles, CA", "profile_image_url": "https://pbs.twimg.com/profile_images/1383196364792680448/N8CdupEu_normal.jpg", "created_at": "2016-12-08T23:26:58.000Z", "public_metrics": {"followers_count": 190336, "following_count": 220, "tweet_count": 1149, "listed_count": 567}, "name": "Amber Heard"}}, "author": {"url": "", "username": "rustyhammer55", "description": "Writer, \u201d21 Miles to Heartbreak Hill\u201d - Owner, Cronin & Associates.", "id": "24285915", "location": "West Roxbury, MA", "profile_image_url": "https://pbs.twimg.com/profile_images/477979961002057730/p0E5pMf3_normal.jpeg", "created_at": "2009-03-13T23:54:38.000Z", "public_metrics": {"followers_count": 124, "following_count": 171, "tweet_count": 1313, "listed_count": 6}, "name": "Ed Cronin"}}, {"created_at": "2019-12-03T22:24:29.000Z", "source": "Twitter for Android", "referenced_tweets": [{"type": "quoted", "id": "1201692446557532160"}], "entities": {"urls": [{"start": 33, "end": 56, "url": "https://t.co/RtlGvTOVXw", "expanded_url": "https://twitter.com/realamberheard/status/1201692446557532160", "display_url": "twitter.com/realamberheard\u2026"}]}, "lang": "en", "id": "1201990617816956928", "text": "Away message? More like go away. https://t.co/RtlGvTOVXw", "author_id": "75687745", "public_metrics": {"retweet_count": 0, "reply_count": 1, "like_count": 2, "quote_count": 0}, "quoted_tweet": {"created_at": "2019-12-03T02:39:40.000Z", "source": "Twitter for iPhone", "entities": {"urls": [{"start": 60, "end": 83, "url": "https://t.co/5iW8hAloNu", "expanded_url": "https://twitter.com/realamberheard/status/1201692446557532160/photo/1", "display_url": "pic.twitter.com/5iW8hAloNu"}]}, "lang": "en", "id": "1201692446557532160", "text": "I think I need to find a way to make this my \u2018away message\u2019 https://t.co/5iW8hAloNu", "author_id": "807003567605227520", "public_metrics": {"retweet_count": 137, "reply_count": 279, "like_count": 2090, "quote_count": 41}, "author": {"url": "https://t.co/Ze18Ek9SOI", "username": "realamberheard", "description": "Actor and Activist, semi-professional disruptor, ice cream advocate and shameless teacup yorkie-lover", "id": "807003567605227520", "location": "Los Angeles, CA", "profile_image_url": "https://pbs.twimg.com/profile_images/1383196364792680448/N8CdupEu_normal.jpg", "created_at": "2016-12-08T23:26:58.000Z", "public_metrics": {"followers_count": 190336, "following_count": 220, "tweet_count": 1149, "listed_count": 567}, "name": "Amber Heard"}}, "author": {"url": "", "username": "Eelectric_Diva", "description": "\ud83c\udded\ud83c\uddf2\u2626\ud83c\udf69 \nSeyfo1915\nOthurayto\ud83e\udd0d\ud83d\udc99\ud83d\udc9b\u2764\ud83e\udd0d\n.every genocide matters.\n.everyone matters.\n\n\u0710\u072c\u072a\u0710", "id": "75687745", "location": "Australia", "profile_image_url": "https://pbs.twimg.com/profile_images/1214830913369935873/t2rz84pb_normal.jpg", "created_at": "2009-09-20T01:16:38.000Z", "public_metrics": {"followers_count": 358, "following_count": 787, "tweet_count": 30466, "listed_count": 0}, "name": "Azrael \u2764\ud83d\udc99\u2600\ufe0f\ud83d\udc99\u2764\u0710\u072c\u072a\u0710"}}, {"created_at": "2019-12-03T19:37:28.000Z", "source": "Twitter Web App", "referenced_tweets": [{"type": "quoted", "id": "1201692446557532160"}], "entities": {"hashtags": [{"start": 7, "end": 18, "tag": "AmberHeard"}, {"start": 44, "end": 50, "tag": "movie"}, {"start": 67, "end": 76, "tag": "PRODUCER"}, {"start": 101, "end": 110, "tag": "futurism"}, {"start": 115, "end": 124, "tag": "equality"}, {"start": 129, "end": 140, "tag": "AmberHeard"}, {"start": 141, "end": 157, "tag": "IStandWithAmber"}, {"start": 166, "end": 184, "tag": "IStandWithMelissa"}, {"start": 185, "end": 199, "tag": "MelisaBenoist"}, {"start": 202, "end": 215, "tag": "BetterFuture"}, {"start": 216, "end": 235, "tag": "GenerationEquality"}], "urls": [{"start": 236, "end": 259, "url": "https://t.co/cwWr8VNnDm", "expanded_url": "https://twitter.com/realamberheard/status/1201692446557532160", "display_url": "twitter.com/realamberheard\u2026"}]}, "lang": "en", "id": "1201948583773106176", "text": "Gooooo #AmberHeard... the FEMALE produced a #movie!!! Female movie #PRODUCER!!! \n\nWe erase fear with #futurism and #equality!! \n\n#AmberHeard #IStandWithAmber (alert) #IStandWithMelissa #MelisaBenoist \n\n#BetterFuture #GenerationEquality https://t.co/cwWr8VNnDm", "author_id": "847762217546137600", "public_metrics": {"retweet_count": 0, "reply_count": 0, "like_count": 2, "quote_count": 0}, "quoted_tweet": {"created_at": "2019-12-03T02:39:40.000Z", "source": "Twitter for iPhone", "entities": {"urls": [{"start": 60, "end": 83, "url": "https://t.co/5iW8hAloNu", "expanded_url": "https://twitter.com/realamberheard/status/1201692446557532160/photo/1", "display_url": "pic.twitter.com/5iW8hAloNu"}]}, "lang": "en", "id": "1201692446557532160", "text": "I think I need to find a way to make this my \u2018away message\u2019 https://t.co/5iW8hAloNu", "author_id": "807003567605227520", "public_metrics": {"retweet_count": 137, "reply_count": 279, "like_count": 2090, "quote_count": 41}, "author": {"url": "https://t.co/Ze18Ek9SOI", "username": "realamberheard", "description": "Actor and Activist, semi-professional disruptor, ice cream advocate and shameless teacup yorkie-lover", "id": "807003567605227520", "location": "Los Angeles, CA", "profile_image_url": "https://pbs.twimg.com/profile_images/1383196364792680448/N8CdupEu_normal.jpg", "created_at": "2016-12-08T23:26:58.000Z", "public_metrics": {"followers_count": 190336, "following_count": 220, "tweet_count": 1149, "listed_count": 567}, "name": "Amber Heard"}}, "author": {"url": "https://t.co/7SykGO7PSU", "username": "XTinaTaft", "description": "#Founder Social Media for Good ~ https://t.co/7SykGO7PSU\ud83d\ude80Better World #CEO\u2708Innovator\ud83c\udf89#Egalitarian\ud83c\udfb8#Entrepreneur\ud83d\udc2c#Tech\ud83c\udfd6#Futurist\ud83d\udca1#Motivationology\u2600\ufe0f#Data\ud83e\udde1#WomenInPower", "id": "847762217546137600", "location": "Worldie.com & International \ud83d\ude80", "profile_image_url": "https://pbs.twimg.com/profile_images/1180185247884824576/3Zvt_F6Y_normal.jpg", "created_at": "2017-03-31T10:47:18.000Z", "public_metrics": {"followers_count": 2653, "following_count": 4555, "tweet_count": 32732, "listed_count": 21}, "name": "Christina Taft \ud83e\uddecCEO\ud83c\udfd6\ud83c\udfb6\u2708\ufe0f"}}, {"created_at": "2019-12-03T05:24:48.000Z", "source": "Twitter Web App", "referenced_tweets": [{"type": "quoted", "id": "1201692446557532160"}], "entities": {"urls": [{"start": 23, "end": 46, "url": "https://t.co/rS2dQh12Fx", "expanded_url": "https://twitter.com/realamberheard/status/1201692446557532160", "display_url": "twitter.com/realamberheard\u2026"}]}, "lang": "en", "id": "1201734003495227399", "text": "LOL that's very funny! https://t.co/rS2dQh12Fx", "author_id": "3064671053", "public_metrics": {"retweet_count": 0, "reply_count": 0, "like_count": 0, "quote_count": 0}, "quoted_tweet": {"created_at": "2019-12-03T02:39:40.000Z", "source": "Twitter for iPhone", "entities": {"urls": [{"start": 60, "end": 83, "url": "https://t.co/5iW8hAloNu", "expanded_url": "https://twitter.com/realamberheard/status/1201692446557532160/photo/1", "display_url": "pic.twitter.com/5iW8hAloNu"}]}, "lang": "en", "id": "1201692446557532160", "text": "I think I need to find a way to make this my \u2018away message\u2019 https://t.co/5iW8hAloNu", "author_id": "807003567605227520", "public_metrics": {"retweet_count": 137, "reply_count": 279, "like_count": 2090, "quote_count": 41}, "author": {"url": "https://t.co/Ze18Ek9SOI", "username": "realamberheard", "description": "Actor and Activist, semi-professional disruptor, ice cream advocate and shameless teacup yorkie-lover", "id": "807003567605227520", "location": "Los Angeles, CA", "profile_image_url": "https://pbs.twimg.com/profile_images/1383196364792680448/N8CdupEu_normal.jpg", "created_at": "2016-12-08T23:26:58.000Z", "public_metrics": {"followers_count": 190336, "following_count": 220, "tweet_count": 1149, "listed_count": 567}, "name": "Amber Heard"}}, "author": {"url": "", "username": "1570_landa", "description": "I'm a huge fan of the Washington Commanders , I also like the soap DOOL and Amber Heard fan too.", "id": "3064671053", "location": "Maryland, USA", "profile_image_url": "https://pbs.twimg.com/profile_images/742949121938575361/2gdO8v7e_normal.jpg", "created_at": "2015-02-28T02:54:54.000Z", "public_metrics": {"followers_count": 697, "following_count": 1826, "tweet_count": 79001, "listed_count": 18}, "name": "Luis Landa"}}, {"created_at": "2019-12-03T04:20:02.000Z", "source": "Twitter for Android", "referenced_tweets": [{"type": "quoted", "id": "1201692446557532160"}], "entities": {"urls": [{"start": 47, "end": 70, "url": "https://t.co/99XtTSYdrY", "expanded_url": "https://twitter.com/realamberheard/status/1201692446557532160", "display_url": "twitter.com/realamberheard\u2026"}], "annotations": [{"start": 38, "end": 43, "probability": 0.9494, "type": "Person", "normalized_text": "Camila"}]}, "lang": "pt", "id": "1201717707441410050", "text": "Ela t\u00e1 cuidando bem da biblioteca pra Camila.. https://t.co/99XtTSYdrY", "author_id": "294794443", "public_metrics": {"retweet_count": 0, "reply_count": 0, "like_count": 0, "quote_count": 0}, "quoted_tweet": {"created_at": "2019-12-03T02:39:40.000Z", "source": "Twitter for iPhone", "entities": {"urls": [{"start": 60, "end": 83, "url": "https://t.co/5iW8hAloNu", "expanded_url": "https://twitter.com/realamberheard/status/1201692446557532160/photo/1", "display_url": "pic.twitter.com/5iW8hAloNu"}]}, "lang": "en", "id": "1201692446557532160", "text": "I think I need to find a way to make this my \u2018away message\u2019 https://t.co/5iW8hAloNu", "author_id": "807003567605227520", "public_metrics": {"retweet_count": 137, "reply_count": 279, "like_count": 2090, "quote_count": 41}, "author": {"url": "https://t.co/Ze18Ek9SOI", "username": "realamberheard", "description": "Actor and Activist, semi-professional disruptor, ice cream advocate and shameless teacup yorkie-lover", "id": "807003567605227520", "location": "Los Angeles, CA", "profile_image_url": "https://pbs.twimg.com/profile_images/1383196364792680448/N8CdupEu_normal.jpg", "created_at": "2016-12-08T23:26:58.000Z", "public_metrics": {"followers_count": 190336, "following_count": 220, "tweet_count": 1149, "listed_count": 567}, "name": "Amber Heard"}}, "author": {"url": "", "username": "oie_patricia", "description": "", "id": "294794443", "location": "Bragan\u00e7a Paulista, S\u00e3o Paulo", "profile_image_url": "https://pbs.twimg.com/profile_images/1455346670024208388/Vn79u_OZ_normal.jpg", "created_at": "2011-05-07T19:49:38.000Z", "public_metrics": {"followers_count": 261, "following_count": 218, "tweet_count": 20257, "listed_count": 0}, "name": "\ud835\udd7b\ud835\udd86\ud835\udd99\ud835\udd97\u00ed\ud835\udd88\ud835\udd8e\ud835\udd86"}}]