[{"author_id": "703815368662347776", "created_at": "2020-02-28T18:29:20.000Z", "referenced_tweets": [{"type": "quoted", "id": "1202085963494838272"}], "source": "Twitter Web App", "text": "In defense of AH ppl don't get what it's like in a abusive partnership. I would lash out bcuz I wanted him to know I refused to be treated badly. Him picking apart my looks ect. https://t.co/8X6eaZoYj0", "id": "1233459184789786624", "public_metrics": {"retweet_count": 0, "reply_count": 0, "like_count": 0, "quote_count": 0}, "lang": "en", "entities": {"urls": [{"start": 178, "end": 201, "url": "https://t.co/8X6eaZoYj0", "expanded_url": "https://twitter.com/realamberheard/status/1202085963494838272", "display_url": "twitter.com/realamberheard\u2026"}]}, "quoted_tweet": {"author_id": "807003567605227520", "entities": {"mentions": [{"start": 131, "end": 145, "username": "CCRInitiative", "id": "1675936765"}], "urls": [{"start": 146, "end": 169, "url": "https://t.co/HB5K8C4dPs", "expanded_url": "https://twitter.com/CCRInitiative/status/1201939190814052354", "display_url": "twitter.com/CCRInitiative/\u2026"}]}, "created_at": "2019-12-04T04:43:22.000Z", "referenced_tweets": [{"type": "quoted", "id": "1201939190814052354"}], "source": "Twitter for iPhone", "text": "Give where it counts..... thank you for all of the generous support &amp; love for an org that is so near &amp; dear to my heart!  @CCRInitiative https://t.co/HB5K8C4dPs", "id": "1202085963494838272", "public_metrics": {"retweet_count": 32, "reply_count": 121, "like_count": 333, "quote_count": 9}, "lang": "en", "author": {"created_at": "2016-12-08T23:26:58.000Z", "name": "Amber Heard", "id": "807003567605227520", "description": "Actor and Activist, semi-professional disruptor, ice cream advocate and shameless teacup yorkie-lover", "profile_image_url": "https://pbs.twimg.com/profile_images/1383196364792680448/N8CdupEu_normal.jpg", "url": "https://t.co/Ze18Ek9SOI", "location": "Los Angeles, CA", "public_metrics": {"followers_count": 190336, "following_count": 220, "tweet_count": 1149, "listed_count": 567}, "username": "realamberheard"}}, "author": {"created_at": "2016-02-28T05:33:54.000Z", "name": "Salem Mayhem", "id": "703815368662347776", "description": "Burlesque name given to me by a veteran burly dancer.  Loves, art, Dance, Horror, Star Wars, anything Paranormal. All things Nerdy", "profile_image_url": "https://pbs.twimg.com/profile_images/1450399925313753092/fanG3rVU_normal.jpg", "url": "", "public_metrics": {"followers_count": 324, "following_count": 1255, "tweet_count": 2818, "listed_count": 4}, "username": "salem_mayhem"}}, {"author_id": "1058035858618675201", "entities": {"mentions": [{"start": 3, "end": 12, "username": "BeanHoly", "id": "1068780070850957312"}]}, "created_at": "2020-02-03T05:25:49.000Z", "referenced_tweets": [{"type": "retweeted", "id": "1224188970545885184"}], "source": "Twitter for Android", "text": "RT @BeanHoly: Verily, this tweet did not agree well did it? If only those pesky audio recordings where never made public....\n\nHypocrisy at\u2026", "id": "1224202306608140288", "public_metrics": {"retweet_count": 2, "reply_count": 0, "like_count": 0, "quote_count": 0}, "lang": "en", "quoted_tweet": {"author_id": "807003567605227520", "entities": {"mentions": [{"start": 131, "end": 145, "username": "CCRInitiative", "id": "1675936765"}], "urls": [{"start": 146, "end": 169, "url": "https://t.co/HB5K8C4dPs", "expanded_url": "https://twitter.com/CCRInitiative/status/1201939190814052354", "display_url": "twitter.com/CCRInitiative/\u2026"}]}, "created_at": "2019-12-04T04:43:22.000Z", "referenced_tweets": [{"type": "quoted", "id": "1201939190814052354"}], "source": "Twitter for iPhone", "text": "Give where it counts..... thank you for all of the generous support &amp; love for an org that is so near &amp; dear to my heart!  @CCRInitiative https://t.co/HB5K8C4dPs", "id": "1202085963494838272", "public_metrics": {"retweet_count": 32, "reply_count": 121, "like_count": 333, "quote_count": 9}, "lang": "en", "author": {"created_at": "2016-12-08T23:26:58.000Z", "name": "Amber Heard", "id": "807003567605227520", "description": "Actor and Activist, semi-professional disruptor, ice cream advocate and shameless teacup yorkie-lover", "profile_image_url": "https://pbs.twimg.com/profile_images/1383196364792680448/N8CdupEu_normal.jpg", "url": "https://t.co/Ze18Ek9SOI", "location": "Los Angeles, CA", "public_metrics": {"followers_count": 190336, "following_count": 220, "tweet_count": 1149, "listed_count": 567}, "username": "realamberheard"}}, "author": {"created_at": "2018-11-01T16:39:40.000Z", "name": "Rick Wright He/Him", "id": "1058035858618675201", "description": "#MST3K #Svengoolie #TheLastDriveIn Fan of horror flicks and cheesy movies. Independent. No DMs", "profile_image_url": "https://pbs.twimg.com/profile_images/1485200332766412801/5oN6uZLL_normal.png", "url": "", "location": "Akron, OH", "public_metrics": {"followers_count": 10560, "following_count": 10760, "tweet_count": 345263, "listed_count": 24}, "username": "RickWrightNow"}}, {"author_id": "3167517703", "entities": {"mentions": [{"start": 3, "end": 12, "username": "BeanHoly", "id": "1068780070850957312"}]}, "created_at": "2020-02-03T05:12:43.000Z", "referenced_tweets": [{"type": "retweeted", "id": "1224188970545885184"}], "source": "Twitter for Android", "text": "RT @BeanHoly: Verily, this tweet did not agree well did it? If only those pesky audio recordings where never made public....\n\nHypocrisy at\u2026", "id": "1224199013043462147", "public_metrics": {"retweet_count": 2, "reply_count": 0, "like_count": 0, "quote_count": 0}, "lang": "en", "quoted_tweet": {"author_id": "807003567605227520", "entities": {"mentions": [{"start": 131, "end": 145, "username": "CCRInitiative", "id": "1675936765"}], "urls": [{"start": 146, "end": 169, "url": "https://t.co/HB5K8C4dPs", "expanded_url": "https://twitter.com/CCRInitiative/status/1201939190814052354", "display_url": "twitter.com/CCRInitiative/\u2026"}]}, "created_at": "2019-12-04T04:43:22.000Z", "referenced_tweets": [{"type": "quoted", "id": "1201939190814052354"}], "source": "Twitter for iPhone", "text": "Give where it counts..... thank you for all of the generous support &amp; love for an org that is so near &amp; dear to my heart!  @CCRInitiative https://t.co/HB5K8C4dPs", "id": "1202085963494838272", "public_metrics": {"retweet_count": 32, "reply_count": 121, "like_count": 333, "quote_count": 9}, "lang": "en", "author": {"created_at": "2016-12-08T23:26:58.000Z", "name": "Amber Heard", "id": "807003567605227520", "description": "Actor and Activist, semi-professional disruptor, ice cream advocate and shameless teacup yorkie-lover", "profile_image_url": "https://pbs.twimg.com/profile_images/1383196364792680448/N8CdupEu_normal.jpg", "url": "https://t.co/Ze18Ek9SOI", "location": "Los Angeles, CA", "public_metrics": {"followers_count": 190336, "following_count": 220, "tweet_count": 1149, "listed_count": 567}, "username": "realamberheard"}}, "author": {"created_at": "2015-04-22T14:14:36.000Z", "name": "Levisaurus Rex", "id": "3167517703", "description": "#Satanist, #Bisexual, #Anarchist, Navy veteran, #DV6", "profile_image_url": "https://pbs.twimg.com/profile_images/1490785437153177603/4f9WWPj1_normal.jpg", "url": "", "location": "Texas, USA", "public_metrics": {"followers_count": 3255, "following_count": 3078, "tweet_count": 61052, "listed_count": 13}, "username": "levi_bullen"}}, {"author_id": "1068780070850957312", "created_at": "2020-02-03T04:32:49.000Z", "referenced_tweets": [{"type": "quoted", "id": "1202085963494838272"}], "source": "Twitter for Android", "text": "Verily, this tweet did not agree well did it? If only those pesky audio recordings where never made public....\n\nHypocrisy at its finest my children. https://t.co/9rYTHHQwG8", "id": "1224188970545885184", "public_metrics": {"retweet_count": 2, "reply_count": 1, "like_count": 5, "quote_count": 0}, "lang": "en", "entities": {"urls": [{"start": 149, "end": 172, "url": "https://t.co/9rYTHHQwG8", "expanded_url": "https://twitter.com/realamberheard/status/1202085963494838272", "display_url": "twitter.com/realamberheard\u2026"}]}, "quoted_tweet": {"author_id": "807003567605227520", "entities": {"mentions": [{"start": 131, "end": 145, "username": "CCRInitiative", "id": "1675936765"}], "urls": [{"start": 146, "end": 169, "url": "https://t.co/HB5K8C4dPs", "expanded_url": "https://twitter.com/CCRInitiative/status/1201939190814052354", "display_url": "twitter.com/CCRInitiative/\u2026"}]}, "created_at": "2019-12-04T04:43:22.000Z", "referenced_tweets": [{"type": "quoted", "id": "1201939190814052354"}], "source": "Twitter for iPhone", "text": "Give where it counts..... thank you for all of the generous support &amp; love for an org that is so near &amp; dear to my heart!  @CCRInitiative https://t.co/HB5K8C4dPs", "id": "1202085963494838272", "public_metrics": {"retweet_count": 32, "reply_count": 121, "like_count": 333, "quote_count": 9}, "lang": "en", "author": {"created_at": "2016-12-08T23:26:58.000Z", "name": "Amber Heard", "id": "807003567605227520", "description": "Actor and Activist, semi-professional disruptor, ice cream advocate and shameless teacup yorkie-lover", "profile_image_url": "https://pbs.twimg.com/profile_images/1383196364792680448/N8CdupEu_normal.jpg", "url": "https://t.co/Ze18Ek9SOI", "location": "Los Angeles, CA", "public_metrics": {"followers_count": 190336, "following_count": 220, "tweet_count": 1149, "listed_count": 567}, "username": "realamberheard"}}, "author": {"created_at": "2018-12-01T08:13:20.000Z", "name": "The Holy Bean", "id": "1068780070850957312", "description": "I am God. Well, your god. Okay,  the only God that's listening.  Drink deeply of my holy brew,  and rejoice!", "profile_image_url": "https://pbs.twimg.com/profile_images/1216451832689676288/BbRGxVUi_normal.jpg", "url": "", "location": "Heaven ", "public_metrics": {"followers_count": 257, "following_count": 39, "tweet_count": 3579, "listed_count": 2}, "username": "BeanHoly"}}, {"author_id": "1493886836", "created_at": "2020-02-02T14:44:00.000Z", "referenced_tweets": [{"type": "quoted", "id": "1202085963494838272"}], "source": "Twitter for Android", "text": "You really have some damn nerve. https://t.co/z7zMQPO5ug", "id": "1223980393055051778", "public_metrics": {"retweet_count": 0, "reply_count": 0, "like_count": 0, "quote_count": 0}, "lang": "en", "entities": {"urls": [{"start": 33, "end": 56, "url": "https://t.co/z7zMQPO5ug", "expanded_url": "https://twitter.com/realamberheard/status/1202085963494838272", "display_url": "twitter.com/realamberheard\u2026"}]}, "quoted_tweet": {"author_id": "807003567605227520", "entities": {"mentions": [{"start": 131, "end": 145, "username": "CCRInitiative", "id": "1675936765"}], "urls": [{"start": 146, "end": 169, "url": "https://t.co/HB5K8C4dPs", "expanded_url": "https://twitter.com/CCRInitiative/status/1201939190814052354", "display_url": "twitter.com/CCRInitiative/\u2026"}]}, "created_at": "2019-12-04T04:43:22.000Z", "referenced_tweets": [{"type": "quoted", "id": "1201939190814052354"}], "source": "Twitter for iPhone", "text": "Give where it counts..... thank you for all of the generous support &amp; love for an org that is so near &amp; dear to my heart!  @CCRInitiative https://t.co/HB5K8C4dPs", "id": "1202085963494838272", "public_metrics": {"retweet_count": 32, "reply_count": 121, "like_count": 333, "quote_count": 9}, "lang": "en", "author": {"created_at": "2016-12-08T23:26:58.000Z", "name": "Amber Heard", "id": "807003567605227520", "description": "Actor and Activist, semi-professional disruptor, ice cream advocate and shameless teacup yorkie-lover", "profile_image_url": "https://pbs.twimg.com/profile_images/1383196364792680448/N8CdupEu_normal.jpg", "url": "https://t.co/Ze18Ek9SOI", "location": "Los Angeles, CA", "public_metrics": {"followers_count": 190336, "following_count": 220, "tweet_count": 1149, "listed_count": 567}, "username": "realamberheard"}}, "author": {"created_at": "2013-06-08T20:49:11.000Z", "name": "Liberal Taco Tits", "id": "1493886836", "description": "Mommy to the strongest, most beautiful micropreemie, Evelyn Reese. Braves, Flyers, Eagles, Britney Spears, Slim Jim enthusiast, Liberal #ImWithHer #IScrub", "profile_image_url": "https://pbs.twimg.com/profile_images/1499667718517280772/YyGI5KjY_normal.jpg", "url": "https://t.co/4ctYhXLIhI", "location": "Erie", "public_metrics": {"followers_count": 2805, "following_count": 3977, "tweet_count": 104902, "listed_count": 32}, "username": "amandagiroux28"}}, {"author_id": "4557203427", "entities": {"mentions": [{"start": 3, "end": 13, "username": "XTinaTaft", "id": "847762217546137600"}], "hashtags": [{"start": 72, "end": 77, "tag": "Lyft"}, {"start": 78, "end": 90, "tag": "selfdriving"}]}, "created_at": "2019-12-06T10:22:04.000Z", "referenced_tweets": [{"type": "retweeted", "id": "1202888777653374976"}], "source": "wiomax_cn2", "text": "RT @XTinaTaft: Sensor boxes in CARS should NOT cost 500 million as this #Lyft #selfdriving car developer claimed. \n\nAlso, I fix my brakes o\u2026", "id": "1202895978388500481", "public_metrics": {"retweet_count": 1, "reply_count": 0, "like_count": 0, "quote_count": 0}, "lang": "en", "quoted_tweet": {"author_id": "807003567605227520", "entities": {"mentions": [{"start": 131, "end": 145, "username": "CCRInitiative", "id": "1675936765"}], "urls": [{"start": 146, "end": 169, "url": "https://t.co/HB5K8C4dPs", "expanded_url": "https://twitter.com/CCRInitiative/status/1201939190814052354", "display_url": "twitter.com/CCRInitiative/\u2026"}]}, "created_at": "2019-12-04T04:43:22.000Z", "referenced_tweets": [{"type": "quoted", "id": "1201939190814052354"}], "source": "Twitter for iPhone", "text": "Give where it counts..... thank you for all of the generous support &amp; love for an org that is so near &amp; dear to my heart!  @CCRInitiative https://t.co/HB5K8C4dPs", "id": "1202085963494838272", "public_metrics": {"retweet_count": 32, "reply_count": 121, "like_count": 333, "quote_count": 9}, "lang": "en", "author": {"created_at": "2016-12-08T23:26:58.000Z", "name": "Amber Heard", "id": "807003567605227520", "description": "Actor and Activist, semi-professional disruptor, ice cream advocate and shameless teacup yorkie-lover", "profile_image_url": "https://pbs.twimg.com/profile_images/1383196364792680448/N8CdupEu_normal.jpg", "url": "https://t.co/Ze18Ek9SOI", "location": "Los Angeles, CA", "public_metrics": {"followers_count": 190336, "following_count": 220, "tweet_count": 1149, "listed_count": 567}, "username": "realamberheard"}}, "author": {"created_at": "2015-12-21T13:18:30.000Z", "name": "WioNavi", "id": "4557203427", "description": "Focus on future #urbanmobility, #sharedmobility #smartmobility and #transportation.", "profile_image_url": "https://pbs.twimg.com/profile_images/756157098627506177/Y74zY208_normal.jpg", "url": "", "location": "United States", "public_metrics": {"followers_count": 2269, "following_count": 843, "tweet_count": 58733, "listed_count": 1227}, "username": "wiomax_cn"}}, {"author_id": "847762217546137600", "entities": {"hashtags": [{"start": 57, "end": 62, "tag": "Lyft"}, {"start": 63, "end": 75, "tag": "selfdriving"}, {"start": 129, "end": 133, "tag": "BMW"}, {"start": 159, "end": 163, "tag": "IoT"}, {"start": 228, "end": 239, "tag": "AmberHeard"}], "urls": [{"start": 285, "end": 308, "url": "https://t.co/5uRoxJuxxq", "expanded_url": "https://twitter.com/realamberheard/status/1202085963494838272", "display_url": "twitter.com/realamberheard\u2026"}]}, "created_at": "2019-12-06T09:53:27.000Z", "referenced_tweets": [{"type": "quoted", "id": "1202085963494838272"}], "source": "Twitter Web App", "text": "Sensor boxes in CARS should NOT cost 500 million as this #Lyft #selfdriving car developer claimed. \n\nAlso, I fix my brakes on my #BMW. \n\nOne day there will be #IoT to rescue! End of story...\n\nBe safer in your CARS... \n\n\ud83e\udd37\u200d\u2640\ufe0f\ud83e\udd37\u200d\u2640\ufe0f #AmberHeard\n\nI hope this case closes so ppl move Forward https://t.co/5uRoxJuxxq", "id": "1202888777653374976", "public_metrics": {"retweet_count": 1, "reply_count": 0, "like_count": 4, "quote_count": 0}, "lang": "en", "quoted_tweet": {"author_id": "807003567605227520", "entities": {"mentions": [{"start": 131, "end": 145, "username": "CCRInitiative", "id": "1675936765"}], "urls": [{"start": 146, "end": 169, "url": "https://t.co/HB5K8C4dPs", "expanded_url": "https://twitter.com/CCRInitiative/status/1201939190814052354", "display_url": "twitter.com/CCRInitiative/\u2026"}]}, "created_at": "2019-12-04T04:43:22.000Z", "referenced_tweets": [{"type": "quoted", "id": "1201939190814052354"}], "source": "Twitter for iPhone", "text": "Give where it counts..... thank you for all of the generous support &amp; love for an org that is so near &amp; dear to my heart!  @CCRInitiative https://t.co/HB5K8C4dPs", "id": "1202085963494838272", "public_metrics": {"retweet_count": 32, "reply_count": 121, "like_count": 333, "quote_count": 9}, "lang": "en", "author": {"created_at": "2016-12-08T23:26:58.000Z", "name": "Amber Heard", "id": "807003567605227520", "description": "Actor and Activist, semi-professional disruptor, ice cream advocate and shameless teacup yorkie-lover", "profile_image_url": "https://pbs.twimg.com/profile_images/1383196364792680448/N8CdupEu_normal.jpg", "url": "https://t.co/Ze18Ek9SOI", "location": "Los Angeles, CA", "public_metrics": {"followers_count": 190336, "following_count": 220, "tweet_count": 1149, "listed_count": 567}, "username": "realamberheard"}}, "author": {"created_at": "2017-03-31T10:47:18.000Z", "name": "Christina Taft \ud83e\uddecCEO\ud83c\udfd6\ud83c\udfb6\u2708\ufe0f", "id": "847762217546137600", "description": "#Founder Social Media for Good ~ https://t.co/7SykGO7PSU\ud83d\ude80Better World #CEO\u2708Innovator\ud83c\udf89#Egalitarian\ud83c\udfb8#Entrepreneur\ud83d\udc2c#Tech\ud83c\udfd6#Futurist\ud83d\udca1#Motivationology\u2600\ufe0f#Data\ud83e\udde1#WomenInPower", "profile_image_url": "https://pbs.twimg.com/profile_images/1180185247884824576/3Zvt_F6Y_normal.jpg", "url": "https://t.co/7SykGO7PSU", "location": "Worldie.com & International \ud83d\ude80", "public_metrics": {"followers_count": 2653, "following_count": 4555, "tweet_count": 32732, "listed_count": 21}, "username": "XTinaTaft"}}]