[{"id": "1329266461890678785", "source": "Twitter for iPhone", "lang": "en", "text": "Fuck you amber, who gave you the twitter password https://t.co/e9n4g5nIYM", "referenced_tweets": [{"type": "quoted", "id": "1263659972786716673"}], "public_metrics": {"retweet_count": 0, "reply_count": 0, "like_count": 1, "quote_count": 0}, "entities": {"urls": [{"start": 50, "end": 73, "url": "https://t.co/e9n4g5nIYM", "expanded_url": "https://twitter.com/realamberheard/status/1263659972786716673", "display_url": "twitter.com/realamberheard\u2026"}], "annotations": [{"start": 9, "end": 13, "probability": 0.7096, "type": "Person", "normalized_text": "amber"}, {"start": 33, "end": 39, "probability": 0.689, "type": "Product", "normalized_text": "twitter"}]}, "author_id": "1307487660840157184", "created_at": "2020-11-19T03:33:15.000Z", "quoted_tweet": {"id": "1263659972786716673", "source": "Twitter Web App", "lang": "en", "text": "@PrincessKeriana spot on....", "referenced_tweets": [{"type": "replied_to", "id": "1263657286238482435"}], "public_metrics": {"retweet_count": 7, "reply_count": 115, "like_count": 58, "quote_count": 6}, "entities": {"mentions": [{"start": 0, "end": 16, "username": "princesskeriana", "id": "1333006770323787777"}]}, "in_reply_to_user_id": "874672736794140673", "author_id": "807003567605227520", "created_at": "2020-05-22T02:36:29.000Z", "author": {"location": "Los Angeles, CA", "profile_image_url": "https://pbs.twimg.com/profile_images/1383196364792680448/N8CdupEu_normal.jpg", "name": "Amber Heard", "username": "realamberheard", "created_at": "2016-12-08T23:26:58.000Z", "id": "807003567605227520", "public_metrics": {"followers_count": 190336, "following_count": 220, "tweet_count": 1149, "listed_count": 567}, "url": "https://t.co/Ze18Ek9SOI", "description": "Actor and Activist, semi-professional disruptor, ice cream advocate and shameless teacup yorkie-lover"}}, "author": {"profile_image_url": "https://pbs.twimg.com/profile_images/1307489182684606466/ZQbNm2NL_normal.jpg", "name": "Chug Bingus", "username": "bingus_chug", "created_at": "2020-09-20T01:12:18.000Z", "id": "1307487660840157184", "public_metrics": {"followers_count": 3, "following_count": 2, "tweet_count": 75, "listed_count": 0}, "url": "", "description": ""}}, {"id": "1277885989193764864", "source": "Twitter for Android", "lang": "en", "text": "This bitch is replying to people on her actual Twitter saying they're #cyberbullying her. \n\nAfter telling Johnny Depp he was a \"baby\" after she physically slapped him.\n\nREALLY BITCH. REALLY. https://t.co/idV6pkgfhA https://t.co/NIpcyLigyc", "referenced_tweets": [{"type": "quoted", "id": "1263659972786716673"}], "public_metrics": {"retweet_count": 0, "reply_count": 0, "like_count": 1, "quote_count": 0}, "entities": {"urls": [{"start": 191, "end": 214, "url": "https://t.co/idV6pkgfhA", "expanded_url": "https://twitter.com/TinyBoxTink/status/1277885989193764864/photo/1", "display_url": "pic.twitter.com/idV6pkgfhA"}, {"start": 215, "end": 238, "url": "https://t.co/NIpcyLigyc", "expanded_url": "https://twitter.com/realamberheard/status/1263659972786716673", "display_url": "twitter.com/realamberheard\u2026"}], "hashtags": [{"start": 70, "end": 84, "tag": "cyberbullying"}], "annotations": [{"start": 47, "end": 53, "probability": 0.8242, "type": "Product", "normalized_text": "Twitter"}, {"start": 106, "end": 116, "probability": 0.9956, "type": "Person", "normalized_text": "Johnny Depp"}]}, "author_id": "18668766", "created_at": "2020-06-30T08:45:36.000Z", "quoted_tweet": {"id": "1263659972786716673", "source": "Twitter Web App", "lang": "en", "text": "@PrincessKeriana spot on....", "referenced_tweets": [{"type": "replied_to", "id": "1263657286238482435"}], "public_metrics": {"retweet_count": 7, "reply_count": 115, "like_count": 58, "quote_count": 6}, "entities": {"mentions": [{"start": 0, "end": 16, "username": "princesskeriana", "id": "1333006770323787777"}]}, "in_reply_to_user_id": "874672736794140673", "author_id": "807003567605227520", "created_at": "2020-05-22T02:36:29.000Z", "author": {"location": "Los Angeles, CA", "profile_image_url": "https://pbs.twimg.com/profile_images/1383196364792680448/N8CdupEu_normal.jpg", "name": "Amber Heard", "username": "realamberheard", "created_at": "2016-12-08T23:26:58.000Z", "id": "807003567605227520", "public_metrics": {"followers_count": 190336, "following_count": 220, "tweet_count": 1149, "listed_count": 567}, "url": "https://t.co/Ze18Ek9SOI", "description": "Actor and Activist, semi-professional disruptor, ice cream advocate and shameless teacup yorkie-lover"}}, "author": {"location": "Dallas, TX", "profile_image_url": "https://pbs.twimg.com/profile_images/1505439390184607747/2C9joySw_normal.png", "name": "\u2665\ufe0f\ud835\udd3d\ud835\udd5a\u2665\ufe0f", "username": "TinyBoxTink", "created_at": "2009-01-06T09:47:38.000Z", "id": "18668766", "public_metrics": {"followers_count": 436, "following_count": 1188, "tweet_count": 52863, "listed_count": 17}, "url": "https://t.co/bD0L0N9wjg", "description": "\ud835\udce3\ud835\udcf1\ud835\udcee \ud835\udcfd\ud835\udcf1\ud835\udcf8\ud835\udcfe\ud835\udcf0\ud835\udcf1\ud835\udcfd \ud835\udcf8\ud835\udcef \ud835\udcf7\ud835\udcf8\ud835\udcfd \ud835\udceb\ud835\udcee\ud835\udcf2\ud835\udcf7\ud835\udcf0 \ud835\udcf6\ud835\udcf8\ud835\udcfd\ud835\udcf2\ud835\udcff\ud835\udcea\ud835\udcfd\ud835\udcee\ud835\udced \ud835\udceb\ud835\udd02 \ud835\udcee\ud835\udd01\ud835\udcfd\ud835\udcee\ud835\udcfb\ud835\udcf7\ud835\udcea\ud835\udcf5 \ud835\udcff\ud835\udcea\ud835\udcf5\ud835\udcf2\ud835\udced\ud835\udcea\ud835\udcfd\ud835\udcf2\ud835\udcf8\ud835\udcf7 \ud835\udcf2\ud835\udcfc \ud835\udcea\ud835\udcf5\ud835\udcf6\ud835\udcf8\ud835\udcfc\ud835\udcfd \ud835\udcfe\ud835\udcf7\ud835\udcef\ud835\udcea\ud835\udcfd\ud835\udcf1\ud835\udcf8\ud835\udcf6\ud835\udcea\ud835\udceb\ud835\udcf5\ud835\udcee"}}, {"id": "1266794247690375169", "source": "Twitter for iPhone", "lang": "en", "text": "Amber, the first and last love of my life, my heart beats for you, without you, life has no meaning for me, you are the whole reason for my life\u2665\ufe0f\u2665\ufe0f\u2665\ufe0f\u2665\ufe0f\u2665\ufe0f\u2665\ufe0f\u2665\ufe0f\u2665\ufe0f\u2665\ufe0f https://t.co/aQ0gx3ikqv", "referenced_tweets": [{"type": "quoted", "id": "1263659972786716673"}], "public_metrics": {"retweet_count": 0, "reply_count": 1, "like_count": 0, "quote_count": 0}, "entities": {"urls": [{"start": 163, "end": 186, "url": "https://t.co/aQ0gx3ikqv", "expanded_url": "https://twitter.com/realamberheard/status/1263659972786716673", "display_url": "twitter.com/realamberheard\u2026"}], "annotations": [{"start": 0, "end": 4, "probability": 0.9135, "type": "Person", "normalized_text": "Amber"}]}, "author_id": "1252557073033953280", "created_at": "2020-05-30T18:10:59.000Z", "quoted_tweet": {"id": "1263659972786716673", "source": "Twitter Web App", "lang": "en", "text": "@PrincessKeriana spot on....", "referenced_tweets": [{"type": "replied_to", "id": "1263657286238482435"}], "public_metrics": {"retweet_count": 7, "reply_count": 115, "like_count": 58, "quote_count": 6}, "entities": {"mentions": [{"start": 0, "end": 16, "username": "princesskeriana", "id": "1333006770323787777"}]}, "in_reply_to_user_id": "874672736794140673", "author_id": "807003567605227520", "created_at": "2020-05-22T02:36:29.000Z", "author": {"location": "Los Angeles, CA", "profile_image_url": "https://pbs.twimg.com/profile_images/1383196364792680448/N8CdupEu_normal.jpg", "name": "Amber Heard", "username": "realamberheard", "created_at": "2016-12-08T23:26:58.000Z", "id": "807003567605227520", "public_metrics": {"followers_count": 190336, "following_count": 220, "tweet_count": 1149, "listed_count": 567}, "url": "https://t.co/Ze18Ek9SOI", "description": "Actor and Activist, semi-professional disruptor, ice cream advocate and shameless teacup yorkie-lover"}}, "author": {"profile_image_url": "https://pbs.twimg.com/profile_images/1252557426475315200/q4InRVD0_normal.jpg", "name": "mahdi", "username": "mahdi12979811", "created_at": "2020-04-21T11:17:51.000Z", "id": "1252557073033953280", "public_metrics": {"followers_count": 4, "following_count": 5, "tweet_count": 295, "listed_count": 0}, "url": "", "description": "Because the end result is not the work of the world / as if you are not, be happy. @realamberheard \u2764\ufe0f My love is Amber Heard she is my \u2665\ufe0f"}}, {"id": "1266793368434159619", "source": "Twitter for iPhone", "lang": "en", "text": "You are my whole world, Amber, you are the only love of my life https://t.co/aQ0gx3ikqv", "referenced_tweets": [{"type": "quoted", "id": "1263659972786716673"}], "public_metrics": {"retweet_count": 0, "reply_count": 0, "like_count": 1, "quote_count": 0}, "entities": {"urls": [{"start": 64, "end": 87, "url": "https://t.co/aQ0gx3ikqv", "expanded_url": "https://twitter.com/realamberheard/status/1263659972786716673", "display_url": "twitter.com/realamberheard\u2026"}], "annotations": [{"start": 24, "end": 28, "probability": 0.9363, "type": "Person", "normalized_text": "Amber"}]}, "author_id": "1252557073033953280", "created_at": "2020-05-30T18:07:29.000Z", "quoted_tweet": {"id": "1263659972786716673", "source": "Twitter Web App", "lang": "en", "text": "@PrincessKeriana spot on....", "referenced_tweets": [{"type": "replied_to", "id": "1263657286238482435"}], "public_metrics": {"retweet_count": 7, "reply_count": 115, "like_count": 58, "quote_count": 6}, "entities": {"mentions": [{"start": 0, "end": 16, "username": "princesskeriana", "id": "1333006770323787777"}]}, "in_reply_to_user_id": "874672736794140673", "author_id": "807003567605227520", "created_at": "2020-05-22T02:36:29.000Z", "author": {"location": "Los Angeles, CA", "profile_image_url": "https://pbs.twimg.com/profile_images/1383196364792680448/N8CdupEu_normal.jpg", "name": "Amber Heard", "username": "realamberheard", "created_at": "2016-12-08T23:26:58.000Z", "id": "807003567605227520", "public_metrics": {"followers_count": 190336, "following_count": 220, "tweet_count": 1149, "listed_count": 567}, "url": "https://t.co/Ze18Ek9SOI", "description": "Actor and Activist, semi-professional disruptor, ice cream advocate and shameless teacup yorkie-lover"}}, "author": {"profile_image_url": "https://pbs.twimg.com/profile_images/1252557426475315200/q4InRVD0_normal.jpg", "name": "mahdi", "username": "mahdi12979811", "created_at": "2020-04-21T11:17:51.000Z", "id": "1252557073033953280", "public_metrics": {"followers_count": 4, "following_count": 5, "tweet_count": 295, "listed_count": 0}, "url": "", "description": "Because the end result is not the work of the world / as if you are not, be happy. @realamberheard \u2764\ufe0f My love is Amber Heard she is my \u2665\ufe0f"}}, {"id": "1263706633336532993", "source": "Twitter for iPad", "lang": "en", "text": "Stop playing the victim. \ud83d\ude42 #AmberHeard #AmberHeardIsAnAbuser #AmberHeardIsALiar https://t.co/zE4Iu4AZF9", "referenced_tweets": [{"type": "quoted", "id": "1263659972786716673"}], "public_metrics": {"retweet_count": 0, "reply_count": 0, "like_count": 0, "quote_count": 0}, "entities": {"urls": [{"start": 80, "end": 103, "url": "https://t.co/zE4Iu4AZF9", "expanded_url": "https://twitter.com/realamberheard/status/1263659972786716673", "display_url": "twitter.com/realamberheard\u2026"}], "hashtags": [{"start": 27, "end": 38, "tag": "AmberHeard"}, {"start": 39, "end": 60, "tag": "AmberHeardIsAnAbuser"}, {"start": 61, "end": 79, "tag": "AmberHeardIsALiar"}]}, "author_id": "146876398", "created_at": "2020-05-22T05:41:54.000Z", "quoted_tweet": {"id": "1263659972786716673", "source": "Twitter Web App", "lang": "en", "text": "@PrincessKeriana spot on....", "referenced_tweets": [{"type": "replied_to", "id": "1263657286238482435"}], "public_metrics": {"retweet_count": 7, "reply_count": 115, "like_count": 58, "quote_count": 6}, "entities": {"mentions": [{"start": 0, "end": 16, "username": "princesskeriana", "id": "1333006770323787777"}]}, "in_reply_to_user_id": "874672736794140673", "author_id": "807003567605227520", "created_at": "2020-05-22T02:36:29.000Z", "author": {"location": "Los Angeles, CA", "profile_image_url": "https://pbs.twimg.com/profile_images/1383196364792680448/N8CdupEu_normal.jpg", "name": "Amber Heard", "username": "realamberheard", "created_at": "2016-12-08T23:26:58.000Z", "id": "807003567605227520", "public_metrics": {"followers_count": 190336, "following_count": 220, "tweet_count": 1149, "listed_count": 567}, "url": "https://t.co/Ze18Ek9SOI", "description": "Actor and Activist, semi-professional disruptor, ice cream advocate and shameless teacup yorkie-lover"}}, "author": {"profile_image_url": "https://pbs.twimg.com/profile_images/1505394847699505154/1ssaPozb_normal.jpg", "name": "\ud83c\udf4e\u25c9\u25ce \ud835\ude77\ud835\udea2\ud835\ude99\ud835\ude8e \ud835\ude79\ud835\ude8a\ud835\udea2\ud835\ude91 \u25ce\u25c9\ud83c\udf4e", "username": "hyper_buzzer", "created_at": "2010-05-22T15:35:30.000Z", "id": "146876398", "public_metrics": {"followers_count": 95, "following_count": 206, "tweet_count": 65610, "listed_count": 0}, "url": "", "description": "\u22c6 \u270e \u033c Honey Jae \ud83d\ude3a\ufe46\ud80c\ude13 \ud83d\udc31\ud83c\udf51"}}]