[{"entities": {"mentions": [{"start": 3, "end": 18, "username": "LebowskiJohnny", "id": "1275306553894154241"}]}, "referenced_tweets": [{"type": "retweeted", "id": "1293979049749024774"}], "id": "1294348579595837440", "lang": "en", "text": "RT @LebowskiJohnny: Odd to see a violent abuser upset by violence", "created_at": "2020-08-14T19:02:03.000Z", "source": "Twitter for iPhone", "author_id": "1231334039610646528", "public_metrics": {"retweet_count": 6, "reply_count": 0, "like_count": 0, "quote_count": 0}, "quoted_tweet": {"entities": {"mentions": [{"start": 48, "end": 64, "username": "IntegrityforUSA", "id": "887874084024877058"}], "urls": [{"start": 175, "end": 198, "url": "https://t.co/M5uG7bIfKN", "expanded_url": "https://bit.ly/ifavideo", "display_url": "bit.ly/ifavideo", "status": 403, "unwound_url": "https://bit.ly/ifavideo"}], "annotations": [{"start": 22, "end": 36, "probability": 0.6085, "type": "Place", "normalized_text": "Charlottesville"}]}, "id": "1293838353981247488", "lang": "en", "text": "Three years after the Charlottesville violence, @IntegrityForUSA is preparing to put the neo-Nazis and white supremacists responsible on trial \u2013 and put them out of business. https://t.co/M5uG7bIfKN", "created_at": "2020-08-13T09:14:36.000Z", "source": "Twitter for iPhone", "author_id": "807003567605227520", "public_metrics": {"retweet_count": 67, "reply_count": 222, "like_count": 368, "quote_count": 12}, "author": {"public_metrics": {"followers_count": 190336, "following_count": 220, "tweet_count": 1149, "listed_count": 567}, "created_at": "2016-12-08T23:26:58.000Z", "id": "807003567605227520", "location": "Los Angeles, CA", "name": "Amber Heard", "profile_image_url": "https://pbs.twimg.com/profile_images/1383196364792680448/N8CdupEu_normal.jpg", "username": "realamberheard", "url": "https://t.co/Ze18Ek9SOI", "description": "Actor and Activist, semi-professional disruptor, ice cream advocate and shameless teacup yorkie-lover"}}, "author": {"public_metrics": {"followers_count": 693, "following_count": 454, "tweet_count": 7863, "listed_count": 7}, "created_at": "2020-02-22T21:45:01.000Z", "id": "1231334039610646528", "location": "new acc: @artdec0ke", "name": "inez || willy wonkas wife", "profile_image_url": "https://pbs.twimg.com/profile_images/1467605990795366403/awn_1ZeK_normal.jpg", "username": "deppsgable", "url": "", "description": "17|| willy wonka enthusiast"}}, {"entities": {"mentions": [{"start": 3, "end": 12, "username": "madxdepp", "id": "771362902674669569"}], "urls": [{"start": 14, "end": 37, "url": "https://t.co/8QBY2IiK7Y", "expanded_url": "https://twitter.com/madxdepp/status/1294247948113645569/photo/1", "display_url": "pic.twitter.com/8QBY2IiK7Y"}]}, "referenced_tweets": [{"type": "retweeted", "id": "1294247948113645569"}], "id": "1294348462876655616", "lang": "und", "text": "RT @madxdepp: https://t.co/8QBY2IiK7Y", "created_at": "2020-08-14T19:01:36.000Z", "source": "Twitter for iPhone", "author_id": "1231334039610646528", "public_metrics": {"retweet_count": 1, "reply_count": 0, "like_count": 0, "quote_count": 0}, "quoted_tweet": {"entities": {"mentions": [{"start": 48, "end": 64, "username": "IntegrityforUSA", "id": "887874084024877058"}], "urls": [{"start": 175, "end": 198, "url": "https://t.co/M5uG7bIfKN", "expanded_url": "https://bit.ly/ifavideo", "display_url": "bit.ly/ifavideo", "status": 403, "unwound_url": "https://bit.ly/ifavideo"}], "annotations": [{"start": 22, "end": 36, "probability": 0.6085, "type": "Place", "normalized_text": "Charlottesville"}]}, "id": "1293838353981247488", "lang": "en", "text": "Three years after the Charlottesville violence, @IntegrityForUSA is preparing to put the neo-Nazis and white supremacists responsible on trial \u2013 and put them out of business. https://t.co/M5uG7bIfKN", "created_at": "2020-08-13T09:14:36.000Z", "source": "Twitter for iPhone", "author_id": "807003567605227520", "public_metrics": {"retweet_count": 67, "reply_count": 222, "like_count": 368, "quote_count": 12}, "author": {"public_metrics": {"followers_count": 190336, "following_count": 220, "tweet_count": 1149, "listed_count": 567}, "created_at": "2016-12-08T23:26:58.000Z", "id": "807003567605227520", "location": "Los Angeles, CA", "name": "Amber Heard", "profile_image_url": "https://pbs.twimg.com/profile_images/1383196364792680448/N8CdupEu_normal.jpg", "username": "realamberheard", "url": "https://t.co/Ze18Ek9SOI", "description": "Actor and Activist, semi-professional disruptor, ice cream advocate and shameless teacup yorkie-lover"}}, "author": {"public_metrics": {"followers_count": 693, "following_count": 454, "tweet_count": 7863, "listed_count": 7}, "created_at": "2020-02-22T21:45:01.000Z", "id": "1231334039610646528", "location": "new acc: @artdec0ke", "name": "inez || willy wonkas wife", "profile_image_url": "https://pbs.twimg.com/profile_images/1467605990795366403/awn_1ZeK_normal.jpg", "username": "deppsgable", "url": "", "description": "17|| willy wonka enthusiast"}}, {"entities": {"mentions": [{"start": 3, "end": 18, "username": "PrinConsuella_", "id": "987240830351151104"}, {"start": 75, "end": 91, "username": "IntegrityforUSA", "id": "887874084024877058"}]}, "referenced_tweets": [{"type": "retweeted", "id": "1294163116322885632"}], "id": "1294283637655994372", "lang": "en", "text": "RT @PrinConsuella_: The racist abuser trying to pretend she's an activist. @IntegrityforUSA, you should want nothing with this woman.", "created_at": "2020-08-14T14:44:00.000Z", "source": "Twitter for iPhone", "author_id": "939220711339646976", "public_metrics": {"retweet_count": 1, "reply_count": 0, "like_count": 0, "quote_count": 0}, "quoted_tweet": {"entities": {"mentions": [{"start": 48, "end": 64, "username": "IntegrityforUSA", "id": "887874084024877058"}], "urls": [{"start": 175, "end": 198, "url": "https://t.co/M5uG7bIfKN", "expanded_url": "https://bit.ly/ifavideo", "display_url": "bit.ly/ifavideo", "status": 403, "unwound_url": "https://bit.ly/ifavideo"}], "annotations": [{"start": 22, "end": 36, "probability": 0.6085, "type": "Place", "normalized_text": "Charlottesville"}]}, "id": "1293838353981247488", "lang": "en", "text": "Three years after the Charlottesville violence, @IntegrityForUSA is preparing to put the neo-Nazis and white supremacists responsible on trial \u2013 and put them out of business. https://t.co/M5uG7bIfKN", "created_at": "2020-08-13T09:14:36.000Z", "source": "Twitter for iPhone", "author_id": "807003567605227520", "public_metrics": {"retweet_count": 67, "reply_count": 222, "like_count": 368, "quote_count": 12}, "author": {"public_metrics": {"followers_count": 190336, "following_count": 220, "tweet_count": 1149, "listed_count": 567}, "created_at": "2016-12-08T23:26:58.000Z", "id": "807003567605227520", "location": "Los Angeles, CA", "name": "Amber Heard", "profile_image_url": "https://pbs.twimg.com/profile_images/1383196364792680448/N8CdupEu_normal.jpg", "username": "realamberheard", "url": "https://t.co/Ze18Ek9SOI", "description": "Actor and Activist, semi-professional disruptor, ice cream advocate and shameless teacup yorkie-lover"}}, "author": {"public_metrics": {"followers_count": 42, "following_count": 166, "tweet_count": 9047, "listed_count": 0}, "created_at": "2017-12-08T19:50:42.000Z", "id": "939220711339646976", "name": "Patr\u00edcia Costa", "profile_image_url": "https://pbs.twimg.com/profile_images/939253775189053440/_ru-nbk8_normal.jpg", "username": "Pattttcostta", "url": "", "description": ""}}, {"entities": {"mentions": [{"start": 3, "end": 18, "username": "LebowskiJohnny", "id": "1275306553894154241"}]}, "referenced_tweets": [{"type": "retweeted", "id": "1293979049749024774"}], "id": "1294275974259863555", "lang": "en", "text": "RT @LebowskiJohnny: Odd to see a violent abuser upset by violence", "created_at": "2020-08-14T14:13:33.000Z", "source": "Twitter for iPhone", "author_id": "37315639", "public_metrics": {"retweet_count": 6, "reply_count": 0, "like_count": 0, "quote_count": 0}, "quoted_tweet": {"entities": {"mentions": [{"start": 48, "end": 64, "username": "IntegrityforUSA", "id": "887874084024877058"}], "urls": [{"start": 175, "end": 198, "url": "https://t.co/M5uG7bIfKN", "expanded_url": "https://bit.ly/ifavideo", "display_url": "bit.ly/ifavideo", "status": 403, "unwound_url": "https://bit.ly/ifavideo"}], "annotations": [{"start": 22, "end": 36, "probability": 0.6085, "type": "Place", "normalized_text": "Charlottesville"}]}, "id": "1293838353981247488", "lang": "en", "text": "Three years after the Charlottesville violence, @IntegrityForUSA is preparing to put the neo-Nazis and white supremacists responsible on trial \u2013 and put them out of business. https://t.co/M5uG7bIfKN", "created_at": "2020-08-13T09:14:36.000Z", "source": "Twitter for iPhone", "author_id": "807003567605227520", "public_metrics": {"retweet_count": 67, "reply_count": 222, "like_count": 368, "quote_count": 12}, "author": {"public_metrics": {"followers_count": 190336, "following_count": 220, "tweet_count": 1149, "listed_count": 567}, "created_at": "2016-12-08T23:26:58.000Z", "id": "807003567605227520", "location": "Los Angeles, CA", "name": "Amber Heard", "profile_image_url": "https://pbs.twimg.com/profile_images/1383196364792680448/N8CdupEu_normal.jpg", "username": "realamberheard", "url": "https://t.co/Ze18Ek9SOI", "description": "Actor and Activist, semi-professional disruptor, ice cream advocate and shameless teacup yorkie-lover"}}, "author": {"public_metrics": {"followers_count": 618, "following_count": 302, "tweet_count": 13885, "listed_count": 10}, "created_at": "2009-05-03T00:06:17.000Z", "id": "37315639", "location": "   mirkwood (she/her)", "name": "brittney \ud83c\uddfa\ud83c\udde6", "profile_image_url": "https://pbs.twimg.com/profile_images/1498946908022198273/P1J5_bag_normal.jpg", "username": "brittannia_a", "url": "", "description": "\u201cwield your heart, and the world will tremble.\u201d | mtg player + book reviewer \u02d1\u0f04\u0618 \u06ea\u06ea\u06eb\u06eb. \ud83d\udcd6: 23/50"}}, {"referenced_tweets": [{"type": "quoted", "id": "1293838353981247488"}], "id": "1294247948113645569", "lang": "und", "text": "https://t.co/8QBY2IiK7Y https://t.co/kWLBNQMnaA", "created_at": "2020-08-14T12:22:11.000Z", "source": "Twitter for iPhone", "author_id": "771362902674669569", "entities": {"urls": [{"start": 0, "end": 23, "url": "https://t.co/8QBY2IiK7Y", "expanded_url": "https://twitter.com/madxdepp/status/1294247948113645569/photo/1", "display_url": "pic.twitter.com/8QBY2IiK7Y"}, {"start": 24, "end": 47, "url": "https://t.co/kWLBNQMnaA", "expanded_url": "https://twitter.com/realamberheard/status/1293838353981247488", "display_url": "twitter.com/realamberheard\u2026"}]}, "public_metrics": {"retweet_count": 1, "reply_count": 0, "like_count": 2, "quote_count": 0}, "quoted_tweet": {"entities": {"mentions": [{"start": 48, "end": 64, "username": "IntegrityforUSA", "id": "887874084024877058"}], "urls": [{"start": 175, "end": 198, "url": "https://t.co/M5uG7bIfKN", "expanded_url": "https://bit.ly/ifavideo", "display_url": "bit.ly/ifavideo", "status": 403, "unwound_url": "https://bit.ly/ifavideo"}], "annotations": [{"start": 22, "end": 36, "probability": 0.6085, "type": "Place", "normalized_text": "Charlottesville"}]}, "id": "1293838353981247488", "lang": "en", "text": "Three years after the Charlottesville violence, @IntegrityForUSA is preparing to put the neo-Nazis and white supremacists responsible on trial \u2013 and put them out of business. https://t.co/M5uG7bIfKN", "created_at": "2020-08-13T09:14:36.000Z", "source": "Twitter for iPhone", "author_id": "807003567605227520", "public_metrics": {"retweet_count": 67, "reply_count": 222, "like_count": 368, "quote_count": 12}, "author": {"public_metrics": {"followers_count": 190336, "following_count": 220, "tweet_count": 1149, "listed_count": 567}, "created_at": "2016-12-08T23:26:58.000Z", "id": "807003567605227520", "location": "Los Angeles, CA", "name": "Amber Heard", "profile_image_url": "https://pbs.twimg.com/profile_images/1383196364792680448/N8CdupEu_normal.jpg", "username": "realamberheard", "url": "https://t.co/Ze18Ek9SOI", "description": "Actor and Activist, semi-professional disruptor, ice cream advocate and shameless teacup yorkie-lover"}}, "author": {"public_metrics": {"followers_count": 149, "following_count": 266, "tweet_count": 7952, "listed_count": 1}, "created_at": "2016-09-01T15:03:42.000Z", "id": "771362902674669569", "location": "she/her {18}", "name": "aubs - playing revelations / replaying rdr2", "profile_image_url": "https://pbs.twimg.com/profile_images/1484192368332967938/_wdmxMgA_normal.jpg", "username": "madxdepp", "url": "https://t.co/mYQzmIAE9C", "description": "\u02da \u0f18\u2661 \u22c6\uff61\u02dabe loyal to what matters\u02da \u0f18\u2661 \u22c6\uff61\u02da mainly rdr - lis - twdg - re - johnny depp #johnnydeppisinnocent"}}, {"entities": {"mentions": [{"start": 0, "end": 15, "username": "realamberheard", "id": "807003567605227520"}], "urls": [{"start": 35, "end": 58, "url": "https://t.co/OSJTBWgfFc", "expanded_url": "https://twitter.com/Marcyjeanisnot1/status/1294219546920980480/photo/1", "display_url": "pic.twitter.com/OSJTBWgfFc"}, {"start": 35, "end": 58, "url": "https://t.co/OSJTBWgfFc", "expanded_url": "https://twitter.com/Marcyjeanisnot1/status/1294219546920980480/photo/1", "display_url": "pic.twitter.com/OSJTBWgfFc"}, {"start": 35, "end": 58, "url": "https://t.co/OSJTBWgfFc", "expanded_url": "https://twitter.com/Marcyjeanisnot1/status/1294219546920980480/photo/1", "display_url": "pic.twitter.com/OSJTBWgfFc"}, {"start": 59, "end": 82, "url": "https://t.co/tYANPE9tSe", "expanded_url": "https://twitter.com/realamberheard/status/1293838353981247488", "display_url": "twitter.com/realamberheard\u2026"}]}, "referenced_tweets": [{"type": "quoted", "id": "1293838353981247488"}], "id": "1294219546920980480", "lang": "en", "text": "@realamberheard okay there racist. https://t.co/OSJTBWgfFc https://t.co/tYANPE9tSe", "created_at": "2020-08-14T10:29:20.000Z", "source": "Twitter for Android", "author_id": "1244364625489072128", "in_reply_to_user_id": "807003567605227520", "public_metrics": {"retweet_count": 0, "reply_count": 0, "like_count": 2, "quote_count": 0}, "quoted_tweet": {"entities": {"mentions": [{"start": 48, "end": 64, "username": "IntegrityforUSA", "id": "887874084024877058"}], "urls": [{"start": 175, "end": 198, "url": "https://t.co/M5uG7bIfKN", "expanded_url": "https://bit.ly/ifavideo", "display_url": "bit.ly/ifavideo", "status": 403, "unwound_url": "https://bit.ly/ifavideo"}], "annotations": [{"start": 22, "end": 36, "probability": 0.6085, "type": "Place", "normalized_text": "Charlottesville"}]}, "id": "1293838353981247488", "lang": "en", "text": "Three years after the Charlottesville violence, @IntegrityForUSA is preparing to put the neo-Nazis and white supremacists responsible on trial \u2013 and put them out of business. https://t.co/M5uG7bIfKN", "created_at": "2020-08-13T09:14:36.000Z", "source": "Twitter for iPhone", "author_id": "807003567605227520", "public_metrics": {"retweet_count": 67, "reply_count": 222, "like_count": 368, "quote_count": 12}, "author": {"public_metrics": {"followers_count": 190336, "following_count": 220, "tweet_count": 1149, "listed_count": 567}, "created_at": "2016-12-08T23:26:58.000Z", "id": "807003567605227520", "location": "Los Angeles, CA", "name": "Amber Heard", "profile_image_url": "https://pbs.twimg.com/profile_images/1383196364792680448/N8CdupEu_normal.jpg", "username": "realamberheard", "url": "https://t.co/Ze18Ek9SOI", "description": "Actor and Activist, semi-professional disruptor, ice cream advocate and shameless teacup yorkie-lover"}}, "author": {"public_metrics": {"followers_count": 31, "following_count": 74, "tweet_count": 2009, "listed_count": 0}, "created_at": "2020-03-29T20:43:52.000Z", "id": "1244364625489072128", "name": "Marcyjeanisnotmylover", "profile_image_url": "https://pbs.twimg.com/profile_images/1281396247249780736/KtoQN9JX_normal.jpg", "username": "Marcyjeanisnot1", "url": "", "description": ""}}, {"entities": {"mentions": [{"start": 3, "end": 17, "username": "JusticeSquad2", "id": "1259964873246531585"}], "hashtags": [{"start": 113, "end": 123, "tag": "amberturd"}]}, "referenced_tweets": [{"type": "retweeted", "id": "1293984449139372032"}], "id": "1294194852268187648", "lang": "en", "text": "RT @JusticeSquad2: The only thing you deserve to lecture people about is the effects of NOT being potty trained. #amberturd", "created_at": "2020-08-14T08:51:12.000Z", "source": "Twitter for Android", "author_id": "1243815018220535809", "public_metrics": {"retweet_count": 3, "reply_count": 0, "like_count": 0, "quote_count": 0}, "quoted_tweet": {"entities": {"mentions": [{"start": 48, "end": 64, "username": "IntegrityforUSA", "id": "887874084024877058"}], "urls": [{"start": 175, "end": 198, "url": "https://t.co/M5uG7bIfKN", "expanded_url": "https://bit.ly/ifavideo", "display_url": "bit.ly/ifavideo", "status": 403, "unwound_url": "https://bit.ly/ifavideo"}], "annotations": [{"start": 22, "end": 36, "probability": 0.6085, "type": "Place", "normalized_text": "Charlottesville"}]}, "id": "1293838353981247488", "lang": "en", "text": "Three years after the Charlottesville violence, @IntegrityForUSA is preparing to put the neo-Nazis and white supremacists responsible on trial \u2013 and put them out of business. https://t.co/M5uG7bIfKN", "created_at": "2020-08-13T09:14:36.000Z", "source": "Twitter for iPhone", "author_id": "807003567605227520", "public_metrics": {"retweet_count": 67, "reply_count": 222, "like_count": 368, "quote_count": 12}, "author": {"public_metrics": {"followers_count": 190336, "following_count": 220, "tweet_count": 1149, "listed_count": 567}, "created_at": "2016-12-08T23:26:58.000Z", "id": "807003567605227520", "location": "Los Angeles, CA", "name": "Amber Heard", "profile_image_url": "https://pbs.twimg.com/profile_images/1383196364792680448/N8CdupEu_normal.jpg", "username": "realamberheard", "url": "https://t.co/Ze18Ek9SOI", "description": "Actor and Activist, semi-professional disruptor, ice cream advocate and shameless teacup yorkie-lover"}}, "author": {"public_metrics": {"followers_count": 638, "following_count": 2087, "tweet_count": 46977, "listed_count": 3}, "created_at": "2020-03-28T08:20:34.000Z", "id": "1243815018220535809", "name": "Liono", "profile_image_url": "https://pbs.twimg.com/profile_images/1485559174649970693/fVYpQR91_normal.jpg", "username": "f_liono", "url": "", "description": "A God gifted asshole. Not my fault that I am an asshole, it comes naturally."}}, {"referenced_tweets": [{"type": "quoted", "id": "1293838353981247488"}], "id": "1294193982298152960", "lang": "en", "text": "She is shameless. https://t.co/NJKKtapKgL", "created_at": "2020-08-14T08:47:44.000Z", "source": "Twitter for Android", "author_id": "1243815018220535809", "entities": {"urls": [{"start": 18, "end": 41, "url": "https://t.co/NJKKtapKgL", "expanded_url": "https://twitter.com/realamberheard/status/1293838353981247488", "display_url": "twitter.com/realamberheard\u2026"}]}, "public_metrics": {"retweet_count": 0, "reply_count": 0, "like_count": 0, "quote_count": 0}, "quoted_tweet": {"entities": {"mentions": [{"start": 48, "end": 64, "username": "IntegrityforUSA", "id": "887874084024877058"}], "urls": [{"start": 175, "end": 198, "url": "https://t.co/M5uG7bIfKN", "expanded_url": "https://bit.ly/ifavideo", "display_url": "bit.ly/ifavideo", "status": 403, "unwound_url": "https://bit.ly/ifavideo"}], "annotations": [{"start": 22, "end": 36, "probability": 0.6085, "type": "Place", "normalized_text": "Charlottesville"}]}, "id": "1293838353981247488", "lang": "en", "text": "Three years after the Charlottesville violence, @IntegrityForUSA is preparing to put the neo-Nazis and white supremacists responsible on trial \u2013 and put them out of business. https://t.co/M5uG7bIfKN", "created_at": "2020-08-13T09:14:36.000Z", "source": "Twitter for iPhone", "author_id": "807003567605227520", "public_metrics": {"retweet_count": 67, "reply_count": 222, "like_count": 368, "quote_count": 12}, "author": {"public_metrics": {"followers_count": 190336, "following_count": 220, "tweet_count": 1149, "listed_count": 567}, "created_at": "2016-12-08T23:26:58.000Z", "id": "807003567605227520", "location": "Los Angeles, CA", "name": "Amber Heard", "profile_image_url": "https://pbs.twimg.com/profile_images/1383196364792680448/N8CdupEu_normal.jpg", "username": "realamberheard", "url": "https://t.co/Ze18Ek9SOI", "description": "Actor and Activist, semi-professional disruptor, ice cream advocate and shameless teacup yorkie-lover"}}, "author": {"public_metrics": {"followers_count": 638, "following_count": 2087, "tweet_count": 46977, "listed_count": 3}, "created_at": "2020-03-28T08:20:34.000Z", "id": "1243815018220535809", "name": "Liono", "profile_image_url": "https://pbs.twimg.com/profile_images/1485559174649970693/fVYpQR91_normal.jpg", "username": "f_liono", "url": "", "description": "A God gifted asshole. Not my fault that I am an asshole, it comes naturally."}}, {"entities": {"mentions": [{"start": 3, "end": 18, "username": "LebowskiJohnny", "id": "1275306553894154241"}]}, "referenced_tweets": [{"type": "retweeted", "id": "1293979049749024774"}], "id": "1294187020776955904", "lang": "en", "text": "RT @LebowskiJohnny: Odd to see a violent abuser upset by violence", "created_at": "2020-08-14T08:20:05.000Z", "source": "Twitter for Android", "author_id": "998570303189127168", "public_metrics": {"retweet_count": 6, "reply_count": 0, "like_count": 0, "quote_count": 0}, "quoted_tweet": {"entities": {"mentions": [{"start": 48, "end": 64, "username": "IntegrityforUSA", "id": "887874084024877058"}], "urls": [{"start": 175, "end": 198, "url": "https://t.co/M5uG7bIfKN", "expanded_url": "https://bit.ly/ifavideo", "display_url": "bit.ly/ifavideo", "status": 403, "unwound_url": "https://bit.ly/ifavideo"}], "annotations": [{"start": 22, "end": 36, "probability": 0.6085, "type": "Place", "normalized_text": "Charlottesville"}]}, "id": "1293838353981247488", "lang": "en", "text": "Three years after the Charlottesville violence, @IntegrityForUSA is preparing to put the neo-Nazis and white supremacists responsible on trial \u2013 and put them out of business. https://t.co/M5uG7bIfKN", "created_at": "2020-08-13T09:14:36.000Z", "source": "Twitter for iPhone", "author_id": "807003567605227520", "public_metrics": {"retweet_count": 67, "reply_count": 222, "like_count": 368, "quote_count": 12}, "author": {"public_metrics": {"followers_count": 190336, "following_count": 220, "tweet_count": 1149, "listed_count": 567}, "created_at": "2016-12-08T23:26:58.000Z", "id": "807003567605227520", "location": "Los Angeles, CA", "name": "Amber Heard", "profile_image_url": "https://pbs.twimg.com/profile_images/1383196364792680448/N8CdupEu_normal.jpg", "username": "realamberheard", "url": "https://t.co/Ze18Ek9SOI", "description": "Actor and Activist, semi-professional disruptor, ice cream advocate and shameless teacup yorkie-lover"}}, "author": {"public_metrics": {"followers_count": 97, "following_count": 378, "tweet_count": 3616, "listed_count": 0}, "created_at": "2018-05-21T14:24:47.000Z", "id": "998570303189127168", "location": "Perth, Western Australia", "name": "Elsa", "profile_image_url": "https://pbs.twimg.com/profile_images/1373749043239792643/L7ysd7sE_normal.jpg", "username": "Elza29572296", "url": "", "description": "We never know what people may be going through, just be kind and gentle.  Remember it's not a bad life, just a bad day.... \ud83e\udd8b\ud83e\udd8b\ud83e\udd8b"}}, {"entities": {"mentions": [{"start": 55, "end": 71, "username": "IntegrityforUSA", "id": "887874084024877058"}], "urls": [{"start": 114, "end": 137, "url": "https://t.co/HkFIZYepBm", "expanded_url": "https://twitter.com/realamberheard/status/1293838353981247488", "display_url": "twitter.com/realamberheard\u2026"}]}, "id": "1294163116322885632", "lang": "en", "text": "The racist abuser trying to pretend she's an activist. @IntegrityforUSA, you should want nothing with this woman. https://t.co/HkFIZYepBm", "created_at": "2020-08-14T06:45:05.000Z", "source": "Twitter Web App", "author_id": "987240830351151104", "public_metrics": {"retweet_count": 1, "reply_count": 1, "like_count": 5, "quote_count": 0}, "quoted_tweet": {"entities": {"mentions": [{"start": 48, "end": 64, "username": "IntegrityforUSA", "id": "887874084024877058"}], "urls": [{"start": 175, "end": 198, "url": "https://t.co/M5uG7bIfKN", "expanded_url": "https://bit.ly/ifavideo", "display_url": "bit.ly/ifavideo", "status": 403, "unwound_url": "https://bit.ly/ifavideo"}], "annotations": [{"start": 22, "end": 36, "probability": 0.6085, "type": "Place", "normalized_text": "Charlottesville"}]}, "id": "1293838353981247488", "lang": "en", "text": "Three years after the Charlottesville violence, @IntegrityForUSA is preparing to put the neo-Nazis and white supremacists responsible on trial \u2013 and put them out of business. https://t.co/M5uG7bIfKN", "created_at": "2020-08-13T09:14:36.000Z", "source": "Twitter for iPhone", "author_id": "807003567605227520", "public_metrics": {"retweet_count": 67, "reply_count": 222, "like_count": 368, "quote_count": 12}, "author": {"public_metrics": {"followers_count": 190336, "following_count": 220, "tweet_count": 1149, "listed_count": 567}, "created_at": "2016-12-08T23:26:58.000Z", "id": "807003567605227520", "location": "Los Angeles, CA", "name": "Amber Heard", "profile_image_url": "https://pbs.twimg.com/profile_images/1383196364792680448/N8CdupEu_normal.jpg", "username": "realamberheard", "url": "https://t.co/Ze18Ek9SOI", "description": "Actor and Activist, semi-professional disruptor, ice cream advocate and shameless teacup yorkie-lover"}}, "author": {"public_metrics": {"followers_count": 1277, "following_count": 585, "tweet_count": 43939, "listed_count": 9}, "created_at": "2018-04-20T08:05:30.000Z", "id": "987240830351151104", "location": "Berlin", "name": "Princess Consuela Bananahammock", "profile_image_url": "https://pbs.twimg.com/profile_images/1503038618918653954/SZJIMu_6_normal.jpg", "username": "PrinConsuella_", "url": "", "description": "Carioca in Berlin \ud83c\udde7\ud83c\uddf7 \ud83c\udde9\ud83c\uddea \nThe living embodiment of shower thoughts \ud83d\ude11\n#TruthWins #JusticeForJohnnyDepp"}}, {"entities": {"mentions": [{"start": 3, "end": 18, "username": "LebowskiJohnny", "id": "1275306553894154241"}]}, "referenced_tweets": [{"type": "retweeted", "id": "1293979049749024774"}], "id": "1294154077933309952", "lang": "en", "text": "RT @LebowskiJohnny: Odd to see a violent abuser upset by violence", "created_at": "2020-08-14T06:09:11.000Z", "source": "Twitter for Android", "author_id": "1216073394116079617", "public_metrics": {"retweet_count": 6, "reply_count": 0, "like_count": 0, "quote_count": 0}, "quoted_tweet": {"entities": {"mentions": [{"start": 48, "end": 64, "username": "IntegrityforUSA", "id": "887874084024877058"}], "urls": [{"start": 175, "end": 198, "url": "https://t.co/M5uG7bIfKN", "expanded_url": "https://bit.ly/ifavideo", "display_url": "bit.ly/ifavideo", "status": 403, "unwound_url": "https://bit.ly/ifavideo"}], "annotations": [{"start": 22, "end": 36, "probability": 0.6085, "type": "Place", "normalized_text": "Charlottesville"}]}, "id": "1293838353981247488", "lang": "en", "text": "Three years after the Charlottesville violence, @IntegrityForUSA is preparing to put the neo-Nazis and white supremacists responsible on trial \u2013 and put them out of business. https://t.co/M5uG7bIfKN", "created_at": "2020-08-13T09:14:36.000Z", "source": "Twitter for iPhone", "author_id": "807003567605227520", "public_metrics": {"retweet_count": 67, "reply_count": 222, "like_count": 368, "quote_count": 12}, "author": {"public_metrics": {"followers_count": 190336, "following_count": 220, "tweet_count": 1149, "listed_count": 567}, "created_at": "2016-12-08T23:26:58.000Z", "id": "807003567605227520", "location": "Los Angeles, CA", "name": "Amber Heard", "profile_image_url": "https://pbs.twimg.com/profile_images/1383196364792680448/N8CdupEu_normal.jpg", "username": "realamberheard", "url": "https://t.co/Ze18Ek9SOI", "description": "Actor and Activist, semi-professional disruptor, ice cream advocate and shameless teacup yorkie-lover"}}, "author": {"public_metrics": {"followers_count": 173, "following_count": 21, "tweet_count": 22777, "listed_count": 1}, "created_at": "2020-01-11T19:04:50.000Z", "id": "1216073394116079617", "name": "\ud83c\udff4\u200d\u2620\ufe0f Angel Depp \ud83c\udff4\u200d\u2620\ufe0f", "profile_image_url": "https://pbs.twimg.com/profile_images/1502683376918183943/OWGRBXzx_normal.jpg", "username": "VioletFuchsia", "url": "", "description": "I love cats and Johnny Depp. Also a BIG fan of Andrew Garfield and other magical peeps #JusticeForJohnnyDepp \ud83d\ude4f  \n*\u2605,\u00b0* Positive Vibes, Love and Light \u00b0\u2605* \u3002"}}, {"entities": {"mentions": [{"start": 3, "end": 17, "username": "JusticeSquad2", "id": "1259964873246531585"}], "hashtags": [{"start": 113, "end": 123, "tag": "amberturd"}]}, "referenced_tweets": [{"type": "retweeted", "id": "1293984449139372032"}], "id": "1294148766904328193", "lang": "en", "text": "RT @JusticeSquad2: The only thing you deserve to lecture people about is the effects of NOT being potty trained. #amberturd", "created_at": "2020-08-14T05:48:04.000Z", "source": "Twitter for Android", "author_id": "1280433210854383617", "public_metrics": {"retweet_count": 3, "reply_count": 0, "like_count": 0, "quote_count": 0}, "quoted_tweet": {"entities": {"mentions": [{"start": 48, "end": 64, "username": "IntegrityforUSA", "id": "887874084024877058"}], "urls": [{"start": 175, "end": 198, "url": "https://t.co/M5uG7bIfKN", "expanded_url": "https://bit.ly/ifavideo", "display_url": "bit.ly/ifavideo", "status": 403, "unwound_url": "https://bit.ly/ifavideo"}], "annotations": [{"start": 22, "end": 36, "probability": 0.6085, "type": "Place", "normalized_text": "Charlottesville"}]}, "id": "1293838353981247488", "lang": "en", "text": "Three years after the Charlottesville violence, @IntegrityForUSA is preparing to put the neo-Nazis and white supremacists responsible on trial \u2013 and put them out of business. https://t.co/M5uG7bIfKN", "created_at": "2020-08-13T09:14:36.000Z", "source": "Twitter for iPhone", "author_id": "807003567605227520", "public_metrics": {"retweet_count": 67, "reply_count": 222, "like_count": 368, "quote_count": 12}, "author": {"public_metrics": {"followers_count": 190336, "following_count": 220, "tweet_count": 1149, "listed_count": 567}, "created_at": "2016-12-08T23:26:58.000Z", "id": "807003567605227520", "location": "Los Angeles, CA", "name": "Amber Heard", "profile_image_url": "https://pbs.twimg.com/profile_images/1383196364792680448/N8CdupEu_normal.jpg", "username": "realamberheard", "url": "https://t.co/Ze18Ek9SOI", "description": "Actor and Activist, semi-professional disruptor, ice cream advocate and shameless teacup yorkie-lover"}}, "author": {"public_metrics": {"followers_count": 525, "following_count": 314, "tweet_count": 35817, "listed_count": 2}, "created_at": "2020-07-07T09:27:51.000Z", "id": "1280433210854383617", "name": "danijela", "profile_image_url": "https://pbs.twimg.com/profile_images/1502968834415865857/hClRSnuO_normal.jpg", "username": "dahliaratchett", "url": "", "description": "there is nothing more truly artistic than to love people/ go and watch MINAMATA/ levi ackerman"}}, {"referenced_tweets": [{"type": "quoted", "id": "1293838353981247488"}], "id": "1294110955895283712", "lang": "en", "text": "Ahhh, so you\u2019re a selective racist? https://t.co/PchzOUUNwu", "created_at": "2020-08-14T03:17:49.000Z", "source": "Twitter for iPhone", "author_id": "37315639", "entities": {"urls": [{"start": 36, "end": 59, "url": "https://t.co/PchzOUUNwu", "expanded_url": "https://twitter.com/realamberheard/status/1293838353981247488", "display_url": "twitter.com/realamberheard\u2026"}]}, "public_metrics": {"retweet_count": 0, "reply_count": 0, "like_count": 3, "quote_count": 0}, "quoted_tweet": {"entities": {"mentions": [{"start": 48, "end": 64, "username": "IntegrityforUSA", "id": "887874084024877058"}], "urls": [{"start": 175, "end": 198, "url": "https://t.co/M5uG7bIfKN", "expanded_url": "https://bit.ly/ifavideo", "display_url": "bit.ly/ifavideo", "status": 403, "unwound_url": "https://bit.ly/ifavideo"}], "annotations": [{"start": 22, "end": 36, "probability": 0.6085, "type": "Place", "normalized_text": "Charlottesville"}]}, "id": "1293838353981247488", "lang": "en", "text": "Three years after the Charlottesville violence, @IntegrityForUSA is preparing to put the neo-Nazis and white supremacists responsible on trial \u2013 and put them out of business. https://t.co/M5uG7bIfKN", "created_at": "2020-08-13T09:14:36.000Z", "source": "Twitter for iPhone", "author_id": "807003567605227520", "public_metrics": {"retweet_count": 67, "reply_count": 222, "like_count": 368, "quote_count": 12}, "author": {"public_metrics": {"followers_count": 190336, "following_count": 220, "tweet_count": 1149, "listed_count": 567}, "created_at": "2016-12-08T23:26:58.000Z", "id": "807003567605227520", "location": "Los Angeles, CA", "name": "Amber Heard", "profile_image_url": "https://pbs.twimg.com/profile_images/1383196364792680448/N8CdupEu_normal.jpg", "username": "realamberheard", "url": "https://t.co/Ze18Ek9SOI", "description": "Actor and Activist, semi-professional disruptor, ice cream advocate and shameless teacup yorkie-lover"}}, "author": {"public_metrics": {"followers_count": 618, "following_count": 302, "tweet_count": 13885, "listed_count": 10}, "created_at": "2009-05-03T00:06:17.000Z", "id": "37315639", "location": "   mirkwood (she/her)", "name": "brittney \ud83c\uddfa\ud83c\udde6", "profile_image_url": "https://pbs.twimg.com/profile_images/1498946908022198273/P1J5_bag_normal.jpg", "username": "brittannia_a", "url": "", "description": "\u201cwield your heart, and the world will tremble.\u201d | mtg player + book reviewer \u02d1\u0f04\u0618 \u06ea\u06ea\u06eb\u06eb. \ud83d\udcd6: 23/50"}}, {"referenced_tweets": [{"type": "quoted", "id": "1293838353981247488"}], "id": "1294083964198502401", "entities": {"hashtags": [{"start": 175, "end": 181, "tag": "metoo"}, {"start": 194, "end": 210, "tag": "believeallwomen"}, {"start": 215, "end": 223, "tag": "TimesUp"}], "urls": [{"start": 239, "end": 262, "url": "https://t.co/H1i61iuw7h", "expanded_url": "https://twitter.com/realamberheard/status/1293838353981247488", "display_url": "twitter.com/realamberheard\u2026"}]}, "lang": "en", "text": "She needs to f'n STOP!!! She is a f'n racist herself! She is a delusional POS. She pretends to support these movements while being the very person they are against. Same with #metoo...same with #believeallwomen and #TimesUp She is VILE!!! https://t.co/H1i61iuw7h", "created_at": "2020-08-14T01:30:34.000Z", "source": "Twitter for Android", "author_id": "3310129411", "public_metrics": {"retweet_count": 1, "reply_count": 2, "like_count": 4, "quote_count": 0}, "quoted_tweet": {"entities": {"mentions": [{"start": 48, "end": 64, "username": "IntegrityforUSA", "id": "887874084024877058"}], "urls": [{"start": 175, "end": 198, "url": "https://t.co/M5uG7bIfKN", "expanded_url": "https://bit.ly/ifavideo", "display_url": "bit.ly/ifavideo", "status": 403, "unwound_url": "https://bit.ly/ifavideo"}], "annotations": [{"start": 22, "end": 36, "probability": 0.6085, "type": "Place", "normalized_text": "Charlottesville"}]}, "id": "1293838353981247488", "lang": "en", "text": "Three years after the Charlottesville violence, @IntegrityForUSA is preparing to put the neo-Nazis and white supremacists responsible on trial \u2013 and put them out of business. https://t.co/M5uG7bIfKN", "created_at": "2020-08-13T09:14:36.000Z", "source": "Twitter for iPhone", "author_id": "807003567605227520", "public_metrics": {"retweet_count": 67, "reply_count": 222, "like_count": 368, "quote_count": 12}, "author": {"public_metrics": {"followers_count": 190336, "following_count": 220, "tweet_count": 1149, "listed_count": 567}, "created_at": "2016-12-08T23:26:58.000Z", "id": "807003567605227520", "location": "Los Angeles, CA", "name": "Amber Heard", "profile_image_url": "https://pbs.twimg.com/profile_images/1383196364792680448/N8CdupEu_normal.jpg", "username": "realamberheard", "url": "https://t.co/Ze18Ek9SOI", "description": "Actor and Activist, semi-professional disruptor, ice cream advocate and shameless teacup yorkie-lover"}}, "author": {"public_metrics": {"followers_count": 134, "following_count": 543, "tweet_count": 5109, "listed_count": 0}, "created_at": "2015-08-09T01:09:57.000Z", "id": "3310129411", "name": "Melanie Lorimor", "profile_image_url": "https://pbs.twimg.com/profile_images/844431035622461441/a9ekRMqC_normal.jpg", "username": "MelanieLorimor", "url": "", "description": "Love to read. Love to research."}}, {"entities": {"mentions": [{"start": 3, "end": 18, "username": "LebowskiJohnny", "id": "1275306553894154241"}]}, "referenced_tweets": [{"type": "retweeted", "id": "1293979049749024774"}], "id": "1294055659323916289", "lang": "en", "text": "RT @LebowskiJohnny: Odd to see a violent abuser upset by violence", "created_at": "2020-08-13T23:38:06.000Z", "source": "Twitter for iPhone", "author_id": "939220711339646976", "public_metrics": {"retweet_count": 6, "reply_count": 0, "like_count": 0, "quote_count": 0}, "quoted_tweet": {"entities": {"mentions": [{"start": 48, "end": 64, "username": "IntegrityforUSA", "id": "887874084024877058"}], "urls": [{"start": 175, "end": 198, "url": "https://t.co/M5uG7bIfKN", "expanded_url": "https://bit.ly/ifavideo", "display_url": "bit.ly/ifavideo", "status": 403, "unwound_url": "https://bit.ly/ifavideo"}], "annotations": [{"start": 22, "end": 36, "probability": 0.6085, "type": "Place", "normalized_text": "Charlottesville"}]}, "id": "1293838353981247488", "lang": "en", "text": "Three years after the Charlottesville violence, @IntegrityForUSA is preparing to put the neo-Nazis and white supremacists responsible on trial \u2013 and put them out of business. https://t.co/M5uG7bIfKN", "created_at": "2020-08-13T09:14:36.000Z", "source": "Twitter for iPhone", "author_id": "807003567605227520", "public_metrics": {"retweet_count": 67, "reply_count": 222, "like_count": 368, "quote_count": 12}, "author": {"public_metrics": {"followers_count": 190336, "following_count": 220, "tweet_count": 1149, "listed_count": 567}, "created_at": "2016-12-08T23:26:58.000Z", "id": "807003567605227520", "location": "Los Angeles, CA", "name": "Amber Heard", "profile_image_url": "https://pbs.twimg.com/profile_images/1383196364792680448/N8CdupEu_normal.jpg", "username": "realamberheard", "url": "https://t.co/Ze18Ek9SOI", "description": "Actor and Activist, semi-professional disruptor, ice cream advocate and shameless teacup yorkie-lover"}}, "author": {"public_metrics": {"followers_count": 42, "following_count": 166, "tweet_count": 9047, "listed_count": 0}, "created_at": "2017-12-08T19:50:42.000Z", "id": "939220711339646976", "name": "Patr\u00edcia Costa", "profile_image_url": "https://pbs.twimg.com/profile_images/939253775189053440/_ru-nbk8_normal.jpg", "username": "Pattttcostta", "url": "", "description": ""}}, {"referenced_tweets": [{"type": "retweeted", "id": "1294032746491322374"}], "id": "1294033560073113601", "lang": "en", "text": "RT @Rahul_Albus: Says the white supremacists.\nBring more bots. Likes and retweets are very less.", "created_at": "2020-08-13T22:10:17.000Z", "source": "Twitter for iPhone", "author_id": "1293250794624614402", "public_metrics": {"retweet_count": 1, "reply_count": 0, "like_count": 0, "quote_count": 0}, "quoted_tweet": {"entities": {"mentions": [{"start": 48, "end": 64, "username": "IntegrityforUSA", "id": "887874084024877058"}], "urls": [{"start": 175, "end": 198, "url": "https://t.co/M5uG7bIfKN", "expanded_url": "https://bit.ly/ifavideo", "display_url": "bit.ly/ifavideo", "status": 403, "unwound_url": "https://bit.ly/ifavideo"}], "annotations": [{"start": 22, "end": 36, "probability": 0.6085, "type": "Place", "normalized_text": "Charlottesville"}]}, "id": "1293838353981247488", "lang": "en", "text": "Three years after the Charlottesville violence, @IntegrityForUSA is preparing to put the neo-Nazis and white supremacists responsible on trial \u2013 and put them out of business. https://t.co/M5uG7bIfKN", "created_at": "2020-08-13T09:14:36.000Z", "source": "Twitter for iPhone", "author_id": "807003567605227520", "public_metrics": {"retweet_count": 67, "reply_count": 222, "like_count": 368, "quote_count": 12}, "author": {"public_metrics": {"followers_count": 190336, "following_count": 220, "tweet_count": 1149, "listed_count": 567}, "created_at": "2016-12-08T23:26:58.000Z", "id": "807003567605227520", "location": "Los Angeles, CA", "name": "Amber Heard", "profile_image_url": "https://pbs.twimg.com/profile_images/1383196364792680448/N8CdupEu_normal.jpg", "username": "realamberheard", "url": "https://t.co/Ze18Ek9SOI", "description": "Actor and Activist, semi-professional disruptor, ice cream advocate and shameless teacup yorkie-lover"}}, "author": {"public_metrics": {"followers_count": 1588, "following_count": 980, "tweet_count": 32746, "listed_count": 10}, "created_at": "2020-08-11T18:20:00.000Z", "id": "1293250794624614402", "name": "Annabel Depphead \u2b50\ufe0f\u2b50\ufe0f", "profile_image_url": "https://pbs.twimg.com/profile_images/1503490496928305154/-v_9TeFX_normal.jpg", "username": "mrsdepp_head", "url": "", "description": ""}}, {"referenced_tweets": [{"type": "quoted", "id": "1293838353981247488"}], "id": "1294032746491322374", "lang": "en", "text": "Says the white supremacists.\nBring more bots. Likes and retweets are very less. https://t.co/ZfLdqRliae", "created_at": "2020-08-13T22:07:03.000Z", "source": "Twitter Web App", "author_id": "2289779038", "entities": {"urls": [{"start": 80, "end": 103, "url": "https://t.co/ZfLdqRliae", "expanded_url": "https://twitter.com/realamberheard/status/1293838353981247488", "display_url": "twitter.com/realamberheard\u2026"}]}, "public_metrics": {"retweet_count": 1, "reply_count": 0, "like_count": 18, "quote_count": 0}, "quoted_tweet": {"entities": {"mentions": [{"start": 48, "end": 64, "username": "IntegrityforUSA", "id": "887874084024877058"}], "urls": [{"start": 175, "end": 198, "url": "https://t.co/M5uG7bIfKN", "expanded_url": "https://bit.ly/ifavideo", "display_url": "bit.ly/ifavideo", "status": 403, "unwound_url": "https://bit.ly/ifavideo"}], "annotations": [{"start": 22, "end": 36, "probability": 0.6085, "type": "Place", "normalized_text": "Charlottesville"}]}, "id": "1293838353981247488", "lang": "en", "text": "Three years after the Charlottesville violence, @IntegrityForUSA is preparing to put the neo-Nazis and white supremacists responsible on trial \u2013 and put them out of business. https://t.co/M5uG7bIfKN", "created_at": "2020-08-13T09:14:36.000Z", "source": "Twitter for iPhone", "author_id": "807003567605227520", "public_metrics": {"retweet_count": 67, "reply_count": 222, "like_count": 368, "quote_count": 12}, "author": {"public_metrics": {"followers_count": 190336, "following_count": 220, "tweet_count": 1149, "listed_count": 567}, "created_at": "2016-12-08T23:26:58.000Z", "id": "807003567605227520", "location": "Los Angeles, CA", "name": "Amber Heard", "profile_image_url": "https://pbs.twimg.com/profile_images/1383196364792680448/N8CdupEu_normal.jpg", "username": "realamberheard", "url": "https://t.co/Ze18Ek9SOI", "description": "Actor and Activist, semi-professional disruptor, ice cream advocate and shameless teacup yorkie-lover"}}, "author": {"public_metrics": {"followers_count": 1238, "following_count": 99, "tweet_count": 14598, "listed_count": 2}, "created_at": "2014-01-18T14:37:38.000Z", "id": "2289779038", "location": "SPECTRE ", "name": "Ernst Stavro Blofeld", "profile_image_url": "https://pbs.twimg.com/profile_images/1494386881353568257/hvX4tU0s_normal.jpg", "username": "SPECTRE_Chief", "url": "", "description": "Me, It was all me, It has always been me, the author of all your pain \ud83d\udc80\n\nJohnny Depp is a survivor #JusticeForJohnnyDepp \n\n\ud83d\udda4Johnny Depp"}}, {"entities": {"mentions": [{"start": 3, "end": 18, "username": "LebowskiJohnny", "id": "1275306553894154241"}]}, "referenced_tweets": [{"type": "retweeted", "id": "1293979049749024774"}], "id": "1294002906878939140", "lang": "en", "text": "RT @LebowskiJohnny: Odd to see a violent abuser upset by violence", "created_at": "2020-08-13T20:08:29.000Z", "source": "Twitter for Android", "author_id": "1235540314078748672", "public_metrics": {"retweet_count": 6, "reply_count": 0, "like_count": 0, "quote_count": 0}, "quoted_tweet": {"entities": {"mentions": [{"start": 48, "end": 64, "username": "IntegrityforUSA", "id": "887874084024877058"}], "urls": [{"start": 175, "end": 198, "url": "https://t.co/M5uG7bIfKN", "expanded_url": "https://bit.ly/ifavideo", "display_url": "bit.ly/ifavideo", "status": 403, "unwound_url": "https://bit.ly/ifavideo"}], "annotations": [{"start": 22, "end": 36, "probability": 0.6085, "type": "Place", "normalized_text": "Charlottesville"}]}, "id": "1293838353981247488", "lang": "en", "text": "Three years after the Charlottesville violence, @IntegrityForUSA is preparing to put the neo-Nazis and white supremacists responsible on trial \u2013 and put them out of business. https://t.co/M5uG7bIfKN", "created_at": "2020-08-13T09:14:36.000Z", "source": "Twitter for iPhone", "author_id": "807003567605227520", "public_metrics": {"retweet_count": 67, "reply_count": 222, "like_count": 368, "quote_count": 12}, "author": {"public_metrics": {"followers_count": 190336, "following_count": 220, "tweet_count": 1149, "listed_count": 567}, "created_at": "2016-12-08T23:26:58.000Z", "id": "807003567605227520", "location": "Los Angeles, CA", "name": "Amber Heard", "profile_image_url": "https://pbs.twimg.com/profile_images/1383196364792680448/N8CdupEu_normal.jpg", "username": "realamberheard", "url": "https://t.co/Ze18Ek9SOI", "description": "Actor and Activist, semi-professional disruptor, ice cream advocate and shameless teacup yorkie-lover"}}, "author": {"public_metrics": {"followers_count": 204, "following_count": 135, "tweet_count": 9068, "listed_count": 0}, "created_at": "2020-03-05T12:19:12.000Z", "id": "1235540314078748672", "location": "Outskirts of Pootleville", "name": "Smutty McPootler", "profile_image_url": "https://pbs.twimg.com/profile_images/1502666303047442433/UxGX8YBy_normal.jpg", "username": "SarahMkII1", "url": "", "description": "Came back to Twitter for #justiceforJohnnyDepp, staying on Twitter for #F1 \nIf I tell you anything else about me, trust me, you won't like me....."}}, {"entities": {"mentions": [{"start": 3, "end": 17, "username": "JusticeSquad2", "id": "1259964873246531585"}], "hashtags": [{"start": 113, "end": 123, "tag": "amberturd"}]}, "referenced_tweets": [{"type": "retweeted", "id": "1293984449139372032"}], "id": "1294002901103177729", "lang": "en", "text": "RT @JusticeSquad2: The only thing you deserve to lecture people about is the effects of NOT being potty trained. #amberturd", "created_at": "2020-08-13T20:08:27.000Z", "source": "Twitter for Android", "author_id": "1149079030223667201", "public_metrics": {"retweet_count": 3, "reply_count": 0, "like_count": 0, "quote_count": 0}, "quoted_tweet": {"entities": {"mentions": [{"start": 48, "end": 64, "username": "IntegrityforUSA", "id": "887874084024877058"}], "urls": [{"start": 175, "end": 198, "url": "https://t.co/M5uG7bIfKN", "expanded_url": "https://bit.ly/ifavideo", "display_url": "bit.ly/ifavideo", "status": 403, "unwound_url": "https://bit.ly/ifavideo"}], "annotations": [{"start": 22, "end": 36, "probability": 0.6085, "type": "Place", "normalized_text": "Charlottesville"}]}, "id": "1293838353981247488", "lang": "en", "text": "Three years after the Charlottesville violence, @IntegrityForUSA is preparing to put the neo-Nazis and white supremacists responsible on trial \u2013 and put them out of business. https://t.co/M5uG7bIfKN", "created_at": "2020-08-13T09:14:36.000Z", "source": "Twitter for iPhone", "author_id": "807003567605227520", "public_metrics": {"retweet_count": 67, "reply_count": 222, "like_count": 368, "quote_count": 12}, "author": {"public_metrics": {"followers_count": 190336, "following_count": 220, "tweet_count": 1149, "listed_count": 567}, "created_at": "2016-12-08T23:26:58.000Z", "id": "807003567605227520", "location": "Los Angeles, CA", "name": "Amber Heard", "profile_image_url": "https://pbs.twimg.com/profile_images/1383196364792680448/N8CdupEu_normal.jpg", "username": "realamberheard", "url": "https://t.co/Ze18Ek9SOI", "description": "Actor and Activist, semi-professional disruptor, ice cream advocate and shameless teacup yorkie-lover"}}, "author": {"public_metrics": {"followers_count": 143, "following_count": 157, "tweet_count": 21815, "listed_count": 3}, "created_at": "2019-07-10T22:12:44.000Z", "id": "1149079030223667201", "name": "Danielle", "profile_image_url": "https://pbs.twimg.com/profile_images/1234556349033246720/PrwUnRSG_normal.jpg", "username": "ChrisRoque1992", "url": "", "description": "My account. I'm not Russian and I am not a bot! \nMultifandom! \ud83d\udda4\n#RestoreTheSnyderVerse \n#ReleaseTheAyerCut \n#JusticeForJohnnyDepp"}}, {"referenced_tweets": [{"type": "quoted", "id": "1293838353981247488"}], "id": "1293984449139372032", "entities": {"hashtags": [{"start": 94, "end": 104, "tag": "amberturd"}], "urls": [{"start": 105, "end": 128, "url": "https://t.co/P8nWOkZs5A", "expanded_url": "https://twitter.com/realamberheard/status/1293838353981247488", "display_url": "twitter.com/realamberheard\u2026"}]}, "lang": "en", "text": "The only thing you deserve to lecture people about is the effects of NOT being potty trained. #amberturd https://t.co/P8nWOkZs5A", "created_at": "2020-08-13T18:55:08.000Z", "source": "Twitter Web App", "author_id": "1259964873246531585", "public_metrics": {"retweet_count": 3, "reply_count": 2, "like_count": 41, "quote_count": 0}, "quoted_tweet": {"entities": {"mentions": [{"start": 48, "end": 64, "username": "IntegrityforUSA", "id": "887874084024877058"}], "urls": [{"start": 175, "end": 198, "url": "https://t.co/M5uG7bIfKN", "expanded_url": "https://bit.ly/ifavideo", "display_url": "bit.ly/ifavideo", "status": 403, "unwound_url": "https://bit.ly/ifavideo"}], "annotations": [{"start": 22, "end": 36, "probability": 0.6085, "type": "Place", "normalized_text": "Charlottesville"}]}, "id": "1293838353981247488", "lang": "en", "text": "Three years after the Charlottesville violence, @IntegrityForUSA is preparing to put the neo-Nazis and white supremacists responsible on trial \u2013 and put them out of business. https://t.co/M5uG7bIfKN", "created_at": "2020-08-13T09:14:36.000Z", "source": "Twitter for iPhone", "author_id": "807003567605227520", "public_metrics": {"retweet_count": 67, "reply_count": 222, "like_count": 368, "quote_count": 12}, "author": {"public_metrics": {"followers_count": 190336, "following_count": 220, "tweet_count": 1149, "listed_count": 567}, "created_at": "2016-12-08T23:26:58.000Z", "id": "807003567605227520", "location": "Los Angeles, CA", "name": "Amber Heard", "profile_image_url": "https://pbs.twimg.com/profile_images/1383196364792680448/N8CdupEu_normal.jpg", "username": "realamberheard", "url": "https://t.co/Ze18Ek9SOI", "description": "Actor and Activist, semi-professional disruptor, ice cream advocate and shameless teacup yorkie-lover"}}, "author": {"public_metrics": {"followers_count": 1166, "following_count": 533, "tweet_count": 17702, "listed_count": 8}, "created_at": "2020-05-11T21:53:36.000Z", "id": "1259964873246531585", "name": "Justice4ALL", "profile_image_url": "https://pbs.twimg.com/profile_images/1475629625854214144/w8vgrU36_normal.jpg", "username": "JusticeSquad2", "url": "", "description": "\u201c Fuggetaboutit \u201c"}}, {"referenced_tweets": [{"type": "quoted", "id": "1293838353981247488"}], "id": "1293979049749024774", "lang": "en", "text": "Odd to see a violent abuser upset by violence https://t.co/xY0aSDHJKz", "created_at": "2020-08-13T18:33:41.000Z", "source": "Twitter for iPhone", "author_id": "1275306553894154241", "entities": {"urls": [{"start": 46, "end": 69, "url": "https://t.co/xY0aSDHJKz", "expanded_url": "https://twitter.com/realamberheard/status/1293838353981247488", "display_url": "twitter.com/realamberheard\u2026"}]}, "public_metrics": {"retweet_count": 6, "reply_count": 1, "like_count": 65, "quote_count": 1}, "quoted_tweet": {"entities": {"mentions": [{"start": 48, "end": 64, "username": "IntegrityforUSA", "id": "887874084024877058"}], "urls": [{"start": 175, "end": 198, "url": "https://t.co/M5uG7bIfKN", "expanded_url": "https://bit.ly/ifavideo", "display_url": "bit.ly/ifavideo", "status": 403, "unwound_url": "https://bit.ly/ifavideo"}], "annotations": [{"start": 22, "end": 36, "probability": 0.6085, "type": "Place", "normalized_text": "Charlottesville"}]}, "id": "1293838353981247488", "lang": "en", "text": "Three years after the Charlottesville violence, @IntegrityForUSA is preparing to put the neo-Nazis and white supremacists responsible on trial \u2013 and put them out of business. https://t.co/M5uG7bIfKN", "created_at": "2020-08-13T09:14:36.000Z", "source": "Twitter for iPhone", "author_id": "807003567605227520", "public_metrics": {"retweet_count": 67, "reply_count": 222, "like_count": 368, "quote_count": 12}, "author": {"public_metrics": {"followers_count": 190336, "following_count": 220, "tweet_count": 1149, "listed_count": 567}, "created_at": "2016-12-08T23:26:58.000Z", "id": "807003567605227520", "location": "Los Angeles, CA", "name": "Amber Heard", "profile_image_url": "https://pbs.twimg.com/profile_images/1383196364792680448/N8CdupEu_normal.jpg", "username": "realamberheard", "url": "https://t.co/Ze18Ek9SOI", "description": "Actor and Activist, semi-professional disruptor, ice cream advocate and shameless teacup yorkie-lover"}}, "author": {"public_metrics": {"followers_count": 385, "following_count": 369, "tweet_count": 7454, "listed_count": 1}, "created_at": "2020-06-23T05:56:05.000Z", "id": "1275306553894154241", "name": "Johnny Lebowski", "profile_image_url": "https://pbs.twimg.com/profile_images/1493485829448245250/oKBjGfzp_normal.jpg", "username": "LebowskiJohnny", "url": "", "description": "we live in a society where a day sober is a day wasted #JusticeforJohnnyDepp"}}, {"entities": {"mentions": [{"start": 3, "end": 18, "username": "GayleThomson13", "id": "971536182969384960"}]}, "referenced_tweets": [{"type": "retweeted", "id": "1293935785327157249"}], "id": "1293937079475408897", "lang": "en", "text": "RT @GayleThomson13: Please! Enough is enough!", "created_at": "2020-08-13T15:46:54.000Z", "source": "Twitter for Android", "author_id": "971536182969384960", "public_metrics": {"retweet_count": 1, "reply_count": 0, "like_count": 0, "quote_count": 0}, "quoted_tweet": {"entities": {"mentions": [{"start": 48, "end": 64, "username": "IntegrityforUSA", "id": "887874084024877058"}], "urls": [{"start": 175, "end": 198, "url": "https://t.co/M5uG7bIfKN", "expanded_url": "https://bit.ly/ifavideo", "display_url": "bit.ly/ifavideo", "status": 403, "unwound_url": "https://bit.ly/ifavideo"}], "annotations": [{"start": 22, "end": 36, "probability": 0.6085, "type": "Place", "normalized_text": "Charlottesville"}]}, "id": "1293838353981247488", "lang": "en", "text": "Three years after the Charlottesville violence, @IntegrityForUSA is preparing to put the neo-Nazis and white supremacists responsible on trial \u2013 and put them out of business. https://t.co/M5uG7bIfKN", "created_at": "2020-08-13T09:14:36.000Z", "source": "Twitter for iPhone", "author_id": "807003567605227520", "public_metrics": {"retweet_count": 67, "reply_count": 222, "like_count": 368, "quote_count": 12}, "author": {"public_metrics": {"followers_count": 190336, "following_count": 220, "tweet_count": 1149, "listed_count": 567}, "created_at": "2016-12-08T23:26:58.000Z", "id": "807003567605227520", "location": "Los Angeles, CA", "name": "Amber Heard", "profile_image_url": "https://pbs.twimg.com/profile_images/1383196364792680448/N8CdupEu_normal.jpg", "username": "realamberheard", "url": "https://t.co/Ze18Ek9SOI", "description": "Actor and Activist, semi-professional disruptor, ice cream advocate and shameless teacup yorkie-lover"}}, "author": {"public_metrics": {"followers_count": 3549, "following_count": 3532, "tweet_count": 135433, "listed_count": 2}, "created_at": "2018-03-08T00:00:51.000Z", "id": "971536182969384960", "location": "Ottawa, Canada", "name": "Gayle Thomson", "profile_image_url": "https://pbs.twimg.com/profile_images/1184446640859557888/9iMxd3ym_normal.jpg", "username": "GayleThomson13", "url": "", "description": "Politicial Science! l do not answer DM's. I calls 'em as l see em. Please care for the animals, they feel too.#lStandWithTrudeau\n\ud83c\udde8\ud83c\udde6\ud83c\uddfa\ud83c\uddf2 BLACK LIVES MATTER"}}, {"referenced_tweets": [{"type": "quoted", "id": "1293838353981247488"}], "id": "1293935785327157249", "lang": "en", "text": "Please! Enough is enough! https://t.co/QiDbKfhKRK", "created_at": "2020-08-13T15:41:46.000Z", "source": "Twitter for Android", "author_id": "971536182969384960", "entities": {"urls": [{"start": 26, "end": 49, "url": "https://t.co/QiDbKfhKRK", "expanded_url": "https://twitter.com/realamberheard/status/1293838353981247488", "display_url": "twitter.com/realamberheard\u2026"}]}, "public_metrics": {"retweet_count": 1, "reply_count": 0, "like_count": 7, "quote_count": 0}, "quoted_tweet": {"entities": {"mentions": [{"start": 48, "end": 64, "username": "IntegrityforUSA", "id": "887874084024877058"}], "urls": [{"start": 175, "end": 198, "url": "https://t.co/M5uG7bIfKN", "expanded_url": "https://bit.ly/ifavideo", "display_url": "bit.ly/ifavideo", "status": 403, "unwound_url": "https://bit.ly/ifavideo"}], "annotations": [{"start": 22, "end": 36, "probability": 0.6085, "type": "Place", "normalized_text": "Charlottesville"}]}, "id": "1293838353981247488", "lang": "en", "text": "Three years after the Charlottesville violence, @IntegrityForUSA is preparing to put the neo-Nazis and white supremacists responsible on trial \u2013 and put them out of business. https://t.co/M5uG7bIfKN", "created_at": "2020-08-13T09:14:36.000Z", "source": "Twitter for iPhone", "author_id": "807003567605227520", "public_metrics": {"retweet_count": 67, "reply_count": 222, "like_count": 368, "quote_count": 12}, "author": {"public_metrics": {"followers_count": 190336, "following_count": 220, "tweet_count": 1149, "listed_count": 567}, "created_at": "2016-12-08T23:26:58.000Z", "id": "807003567605227520", "location": "Los Angeles, CA", "name": "Amber Heard", "profile_image_url": "https://pbs.twimg.com/profile_images/1383196364792680448/N8CdupEu_normal.jpg", "username": "realamberheard", "url": "https://t.co/Ze18Ek9SOI", "description": "Actor and Activist, semi-professional disruptor, ice cream advocate and shameless teacup yorkie-lover"}}, "author": {"public_metrics": {"followers_count": 3549, "following_count": 3532, "tweet_count": 135433, "listed_count": 2}, "created_at": "2018-03-08T00:00:51.000Z", "id": "971536182969384960", "location": "Ottawa, Canada", "name": "Gayle Thomson", "profile_image_url": "https://pbs.twimg.com/profile_images/1184446640859557888/9iMxd3ym_normal.jpg", "username": "GayleThomson13", "url": "", "description": "Politicial Science! l do not answer DM's. I calls 'em as l see em. Please care for the animals, they feel too.#lStandWithTrudeau\n\ud83c\udde8\ud83c\udde6\ud83c\uddfa\ud83c\uddf2 BLACK LIVES MATTER"}}]