[{"author_id": "1252557073033953280", "created_at": "2020-08-29T16:52:12.000Z", "referenced_tweets": [{"type": "quoted", "id": "1297365435667505152"}], "source": "Twitter for iPhone", "text": "Amber you are my heart \u2764\ufe0f\u2764\ufe0f\u2764\ufe0f\u2764\ufe0f\u2764\ufe0f\u2764\ufe0f\u2764\ufe0f\u2764\ufe0f\u2764\ufe0f\u2764\ufe0f https://t.co/KvMfoeFn7h", "id": "1299751719341973504", "public_metrics": {"retweet_count": 0, "reply_count": 0, "like_count": 0, "quote_count": 0}, "entities": {"annotations": [{"start": 0, "end": 4, "probability": 0.9562, "type": "Person", "normalized_text": "Amber"}], "urls": [{"start": 44, "end": 67, "url": "https://t.co/KvMfoeFn7h", "expanded_url": "https://twitter.com/realamberheard/status/1297365435667505152", "display_url": "twitter.com/realamberheard\u2026"}]}, "lang": "en", "quoted_tweet": {"author_id": "807003567605227520", "created_at": "2020-08-23T02:49:58.000Z", "referenced_tweets": [{"type": "replied_to", "id": "1296979194258305024"}], "source": "Twitter for iPhone", "in_reply_to_user_id": "807003567605227520", "text": "Ha! me *trying* to be funny with IG caption like a damn fool. Of course I somehow typo the operative word \u2018beach\u2019 outta there. Yeah, I meant \u201cbeautiful BEACH\u201d but cool..... \ud83d\ude44", "id": "1297365435667505152", "public_metrics": {"retweet_count": 16, "reply_count": 146, "like_count": 324, "quote_count": 10}, "lang": "en", "author": {"created_at": "2016-12-08T23:26:58.000Z", "name": "Amber Heard", "id": "807003567605227520", "description": "Actor and Activist, semi-professional disruptor, ice cream advocate and shameless teacup yorkie-lover", "profile_image_url": "https://pbs.twimg.com/profile_images/1383196364792680448/N8CdupEu_normal.jpg", "url": "https://t.co/Ze18Ek9SOI", "location": "Los Angeles, CA", "public_metrics": {"followers_count": 190336, "following_count": 220, "tweet_count": 1149, "listed_count": 567}, "username": "realamberheard"}}, "author": {"created_at": "2020-04-21T11:17:51.000Z", "name": "mahdi", "id": "1252557073033953280", "description": "Because the end result is not the work of the world / as if you are not, be happy. @realamberheard \u2764\ufe0f My love is Amber Heard she is my \u2665\ufe0f", "profile_image_url": "https://pbs.twimg.com/profile_images/1252557426475315200/q4InRVD0_normal.jpg", "url": "", "public_metrics": {"followers_count": 4, "following_count": 5, "tweet_count": 295, "listed_count": 0}, "username": "mahdi12979811"}}, {"author_id": "3267537390", "created_at": "2020-08-28T06:11:28.000Z", "referenced_tweets": [{"type": "quoted", "id": "1297365435667505152"}], "source": "Twitter for iPhone", "text": "You are a pathatic person I think the first tym you hit him he should hv walked out on you that would hvsaved him all trouble he is going through now.simply I work very closely with DV victims my dear you are nt a victim but sure an abuser change ur ways  it\u2019s nt late even now https://t.co/jUaEWnpmKt", "id": "1299228083581460481", "public_metrics": {"retweet_count": 0, "reply_count": 0, "like_count": 0, "quote_count": 0}, "lang": "en", "entities": {"urls": [{"start": 278, "end": 301, "url": "https://t.co/jUaEWnpmKt", "expanded_url": "https://twitter.com/realamberheard/status/1297365435667505152", "display_url": "twitter.com/realamberheard\u2026"}]}, "quoted_tweet": {"author_id": "807003567605227520", "created_at": "2020-08-23T02:49:58.000Z", "referenced_tweets": [{"type": "replied_to", "id": "1296979194258305024"}], "source": "Twitter for iPhone", "in_reply_to_user_id": "807003567605227520", "text": "Ha! me *trying* to be funny with IG caption like a damn fool. Of course I somehow typo the operative word \u2018beach\u2019 outta there. Yeah, I meant \u201cbeautiful BEACH\u201d but cool..... \ud83d\ude44", "id": "1297365435667505152", "public_metrics": {"retweet_count": 16, "reply_count": 146, "like_count": 324, "quote_count": 10}, "lang": "en", "author": {"created_at": "2016-12-08T23:26:58.000Z", "name": "Amber Heard", "id": "807003567605227520", "description": "Actor and Activist, semi-professional disruptor, ice cream advocate and shameless teacup yorkie-lover", "profile_image_url": "https://pbs.twimg.com/profile_images/1383196364792680448/N8CdupEu_normal.jpg", "url": "https://t.co/Ze18Ek9SOI", "location": "Los Angeles, CA", "public_metrics": {"followers_count": 190336, "following_count": 220, "tweet_count": 1149, "listed_count": 567}, "username": "realamberheard"}}, "author": {"created_at": "2015-07-04T01:36:26.000Z", "name": "Haadi", "id": "3267537390", "description": "angel of paradise.....money doesn\u2019t change ppl but on the other hand it reveals who you are!!!!!!!!a daughter and a proud Saudi Arabian .Respect to my tribe ...", "profile_image_url": "https://pbs.twimg.com/profile_images/1494767951655800832/s5OIB7Cq_normal.jpg", "url": "", "public_metrics": {"followers_count": 157, "following_count": 1559, "tweet_count": 9010, "listed_count": 0}, "username": "parrie_princess"}}, {"author_id": "3267537390", "created_at": "2020-08-28T06:08:42.000Z", "referenced_tweets": [{"type": "quoted", "id": "1297365435667505152"}], "source": "Twitter for iPhone", "text": "You disgraced all DV victims who survived the abuse you insulted them all  n distroyed all@paths they could come n tl abt their abusers bcus here after if they can provide evidence they will b thrown back to ditch you did this crime to the apologize to them 1st https://t.co/jUaEWnpmKt", "id": "1299227388878888960", "public_metrics": {"retweet_count": 0, "reply_count": 0, "like_count": 0, "quote_count": 0}, "lang": "en", "entities": {"urls": [{"start": 262, "end": 285, "url": "https://t.co/jUaEWnpmKt", "expanded_url": "https://twitter.com/realamberheard/status/1297365435667505152", "display_url": "twitter.com/realamberheard\u2026"}]}, "quoted_tweet": {"author_id": "807003567605227520", "created_at": "2020-08-23T02:49:58.000Z", "referenced_tweets": [{"type": "replied_to", "id": "1296979194258305024"}], "source": "Twitter for iPhone", "in_reply_to_user_id": "807003567605227520", "text": "Ha! me *trying* to be funny with IG caption like a damn fool. Of course I somehow typo the operative word \u2018beach\u2019 outta there. Yeah, I meant \u201cbeautiful BEACH\u201d but cool..... \ud83d\ude44", "id": "1297365435667505152", "public_metrics": {"retweet_count": 16, "reply_count": 146, "like_count": 324, "quote_count": 10}, "lang": "en", "author": {"created_at": "2016-12-08T23:26:58.000Z", "name": "Amber Heard", "id": "807003567605227520", "description": "Actor and Activist, semi-professional disruptor, ice cream advocate and shameless teacup yorkie-lover", "profile_image_url": "https://pbs.twimg.com/profile_images/1383196364792680448/N8CdupEu_normal.jpg", "url": "https://t.co/Ze18Ek9SOI", "location": "Los Angeles, CA", "public_metrics": {"followers_count": 190336, "following_count": 220, "tweet_count": 1149, "listed_count": 567}, "username": "realamberheard"}}, "author": {"created_at": "2015-07-04T01:36:26.000Z", "name": "Haadi", "id": "3267537390", "description": "angel of paradise.....money doesn\u2019t change ppl but on the other hand it reveals who you are!!!!!!!!a daughter and a proud Saudi Arabian .Respect to my tribe ...", "profile_image_url": "https://pbs.twimg.com/profile_images/1494767951655800832/s5OIB7Cq_normal.jpg", "url": "", "public_metrics": {"followers_count": 157, "following_count": 1559, "tweet_count": 9010, "listed_count": 0}, "username": "parrie_princess"}}, {"author_id": "1232336570214240256", "created_at": "2020-08-23T14:34:24.000Z", "referenced_tweets": [{"type": "quoted", "id": "1297365435667505152"}], "source": "Twitter for iPhone", "text": "https://t.co/1dCbYGVBKV https://t.co/xj9ZyYYf4V", "id": "1297542712921657346", "public_metrics": {"retweet_count": 0, "reply_count": 1, "like_count": 0, "quote_count": 0}, "lang": "und", "entities": {"urls": [{"start": 0, "end": 23, "url": "https://t.co/1dCbYGVBKV", "expanded_url": "https://twitter.com/CultStitch/status/1297542712921657346/photo/1", "display_url": "pic.twitter.com/1dCbYGVBKV"}, {"start": 24, "end": 47, "url": "https://t.co/xj9ZyYYf4V", "expanded_url": "https://twitter.com/realamberheard/status/1297365435667505152", "display_url": "twitter.com/realamberheard\u2026"}]}, "quoted_tweet": {"author_id": "807003567605227520", "created_at": "2020-08-23T02:49:58.000Z", "referenced_tweets": [{"type": "replied_to", "id": "1296979194258305024"}], "source": "Twitter for iPhone", "in_reply_to_user_id": "807003567605227520", "text": "Ha! me *trying* to be funny with IG caption like a damn fool. Of course I somehow typo the operative word \u2018beach\u2019 outta there. Yeah, I meant \u201cbeautiful BEACH\u201d but cool..... \ud83d\ude44", "id": "1297365435667505152", "public_metrics": {"retweet_count": 16, "reply_count": 146, "like_count": 324, "quote_count": 10}, "lang": "en", "author": {"created_at": "2016-12-08T23:26:58.000Z", "name": "Amber Heard", "id": "807003567605227520", "description": "Actor and Activist, semi-professional disruptor, ice cream advocate and shameless teacup yorkie-lover", "profile_image_url": "https://pbs.twimg.com/profile_images/1383196364792680448/N8CdupEu_normal.jpg", "url": "https://t.co/Ze18Ek9SOI", "location": "Los Angeles, CA", "public_metrics": {"followers_count": 190336, "following_count": 220, "tweet_count": 1149, "listed_count": 567}, "username": "realamberheard"}}, "author": {"created_at": "2020-02-25T16:08:35.000Z", "name": "stitch_cult \ud83c\udff4", "id": "1232336570214240256", "description": "", "profile_image_url": "https://pbs.twimg.com/profile_images/1505278090804699137/aBtiKnnM_normal.jpg", "url": "", "public_metrics": {"followers_count": 645, "following_count": 334, "tweet_count": 31190, "listed_count": 1}, "username": "cult_STITCH"}}, {"author_id": "752240630282215428", "created_at": "2020-08-23T10:27:54.000Z", "referenced_tweets": [{"type": "quoted", "id": "1297365435667505152"}], "source": "Twitter for Android", "text": "this is all she had to say and announce aftwr last night \"100M$\" role , who still doesn't believe she is kicked out of Hollywood https://t.co/u2E80NRJme", "id": "1297480677861007361", "public_metrics": {"retweet_count": 0, "reply_count": 0, "like_count": 2, "quote_count": 0}, "entities": {"annotations": [{"start": 119, "end": 127, "probability": 0.6346, "type": "Place", "normalized_text": "Hollywood"}], "urls": [{"start": 129, "end": 152, "url": "https://t.co/u2E80NRJme", "expanded_url": "https://twitter.com/realamberheard/status/1297365435667505152", "display_url": "twitter.com/realamberheard\u2026"}]}, "lang": "en", "quoted_tweet": {"author_id": "807003567605227520", "created_at": "2020-08-23T02:49:58.000Z", "referenced_tweets": [{"type": "replied_to", "id": "1296979194258305024"}], "source": "Twitter for iPhone", "in_reply_to_user_id": "807003567605227520", "text": "Ha! me *trying* to be funny with IG caption like a damn fool. Of course I somehow typo the operative word \u2018beach\u2019 outta there. Yeah, I meant \u201cbeautiful BEACH\u201d but cool..... \ud83d\ude44", "id": "1297365435667505152", "public_metrics": {"retweet_count": 16, "reply_count": 146, "like_count": 324, "quote_count": 10}, "lang": "en", "author": {"created_at": "2016-12-08T23:26:58.000Z", "name": "Amber Heard", "id": "807003567605227520", "description": "Actor and Activist, semi-professional disruptor, ice cream advocate and shameless teacup yorkie-lover", "profile_image_url": "https://pbs.twimg.com/profile_images/1383196364792680448/N8CdupEu_normal.jpg", "url": "https://t.co/Ze18Ek9SOI", "location": "Los Angeles, CA", "public_metrics": {"followers_count": 190336, "following_count": 220, "tweet_count": 1149, "listed_count": 567}, "username": "realamberheard"}}, "author": {"created_at": "2016-07-10T20:38:37.000Z", "name": "H\u00f6d@", "id": "752240630282215428", "description": "", "profile_image_url": "https://pbs.twimg.com/profile_images/1391022624122232832/89QDjgZb_normal.jpg", "url": "", "location": "Cairo, Egypt", "public_metrics": {"followers_count": 220, "following_count": 515, "tweet_count": 2054, "listed_count": 1}, "username": "Bib_liophile"}}, {"author_id": "3146650072", "created_at": "2020-08-23T08:10:17.000Z", "referenced_tweets": [{"type": "quoted", "id": "1297365435667505152"}], "source": "Twitter for Android", "text": "my favorite dork https://t.co/r4LSbdVnz9", "id": "1297446046746857477", "public_metrics": {"retweet_count": 0, "reply_count": 0, "like_count": 0, "quote_count": 0}, "lang": "en", "entities": {"urls": [{"start": 17, "end": 40, "url": "https://t.co/r4LSbdVnz9", "expanded_url": "https://twitter.com/realamberheard/status/1297365435667505152", "display_url": "twitter.com/realamberheard\u2026"}]}, "quoted_tweet": {"author_id": "807003567605227520", "created_at": "2020-08-23T02:49:58.000Z", "referenced_tweets": [{"type": "replied_to", "id": "1296979194258305024"}], "source": "Twitter for iPhone", "in_reply_to_user_id": "807003567605227520", "text": "Ha! me *trying* to be funny with IG caption like a damn fool. Of course I somehow typo the operative word \u2018beach\u2019 outta there. Yeah, I meant \u201cbeautiful BEACH\u201d but cool..... \ud83d\ude44", "id": "1297365435667505152", "public_metrics": {"retweet_count": 16, "reply_count": 146, "like_count": 324, "quote_count": 10}, "lang": "en", "author": {"created_at": "2016-12-08T23:26:58.000Z", "name": "Amber Heard", "id": "807003567605227520", "description": "Actor and Activist, semi-professional disruptor, ice cream advocate and shameless teacup yorkie-lover", "profile_image_url": "https://pbs.twimg.com/profile_images/1383196364792680448/N8CdupEu_normal.jpg", "url": "https://t.co/Ze18Ek9SOI", "location": "Los Angeles, CA", "public_metrics": {"followers_count": 190336, "following_count": 220, "tweet_count": 1149, "listed_count": 567}, "username": "realamberheard"}}, "author": {"created_at": "2015-04-08T05:08:46.000Z", "name": "kay, ceo of evc", "id": "3146650072", "description": "\u201clove you kay!!\u201d - emily vancamp // sharon carter and barbara gordon enjoyer @bestofsharons", "profile_image_url": "https://pbs.twimg.com/profile_images/1503441316050395136/G7rwHlhC_normal.jpg", "url": "https://t.co/bB4XCwWEnS", "location": "25\u250ashe/her\u250acomics", "public_metrics": {"followers_count": 7774, "following_count": 956, "tweet_count": 131579, "listed_count": 63}, "username": "emilyvaucamp"}}, {"author_id": "53131445", "created_at": "2020-08-23T03:34:29.000Z", "referenced_tweets": [{"type": "quoted", "id": "1297365435667505152"}], "source": "Twitter for Android", "text": "you are too pure for this world \u2764 https://t.co/hNbSKukueK", "id": "1297376640574590977", "public_metrics": {"retweet_count": 0, "reply_count": 0, "like_count": 2, "quote_count": 0}, "lang": "en", "entities": {"urls": [{"start": 34, "end": 57, "url": "https://t.co/hNbSKukueK", "expanded_url": "https://twitter.com/realamberheard/status/1297365435667505152", "display_url": "twitter.com/realamberheard\u2026"}]}, "quoted_tweet": {"author_id": "807003567605227520", "created_at": "2020-08-23T02:49:58.000Z", "referenced_tweets": [{"type": "replied_to", "id": "1296979194258305024"}], "source": "Twitter for iPhone", "in_reply_to_user_id": "807003567605227520", "text": "Ha! me *trying* to be funny with IG caption like a damn fool. Of course I somehow typo the operative word \u2018beach\u2019 outta there. Yeah, I meant \u201cbeautiful BEACH\u201d but cool..... \ud83d\ude44", "id": "1297365435667505152", "public_metrics": {"retweet_count": 16, "reply_count": 146, "like_count": 324, "quote_count": 10}, "lang": "en", "author": {"created_at": "2016-12-08T23:26:58.000Z", "name": "Amber Heard", "id": "807003567605227520", "description": "Actor and Activist, semi-professional disruptor, ice cream advocate and shameless teacup yorkie-lover", "profile_image_url": "https://pbs.twimg.com/profile_images/1383196364792680448/N8CdupEu_normal.jpg", "url": "https://t.co/Ze18Ek9SOI", "location": "Los Angeles, CA", "public_metrics": {"followers_count": 190336, "following_count": 220, "tweet_count": 1149, "listed_count": 567}, "username": "realamberheard"}}, "author": {"created_at": "2009-07-02T17:40:58.000Z", "name": "henrique, o amore\u1d56\u02b0\u1d47 \ud83c\udfae", "id": "53131445", "description": "I'll be there for you when the rain starts to pour, i'l be there for you like I've been there before. \n\nfan account", "profile_image_url": "https://pbs.twimg.com/profile_images/1506126403967897603/jP_z1irz_normal.jpg", "url": "https://t.co/jRoaS4w2fa", "location": "\ud83d\udc92\ud83e\udea6\ud83c\udf7b\ud83e\udda9", "public_metrics": {"followers_count": 7242, "following_count": 695, "tweet_count": 410496, "listed_count": 91}, "username": "piczoli"}}, {"author_id": "3065762493", "created_at": "2020-08-23T03:28:55.000Z", "referenced_tweets": [{"type": "quoted", "id": "1297365435667505152"}], "source": "Twitter for iPhone", "text": "pls she\u2019s the loml https://t.co/EezSZPopoQ", "id": "1297375239299629058", "public_metrics": {"retweet_count": 0, "reply_count": 0, "like_count": 6, "quote_count": 0}, "lang": "en", "entities": {"urls": [{"start": 19, "end": 42, "url": "https://t.co/EezSZPopoQ", "expanded_url": "https://twitter.com/realamberheard/status/1297365435667505152", "display_url": "twitter.com/realamberheard\u2026"}]}, "quoted_tweet": {"author_id": "807003567605227520", "created_at": "2020-08-23T02:49:58.000Z", "referenced_tweets": [{"type": "replied_to", "id": "1296979194258305024"}], "source": "Twitter for iPhone", "in_reply_to_user_id": "807003567605227520", "text": "Ha! me *trying* to be funny with IG caption like a damn fool. Of course I somehow typo the operative word \u2018beach\u2019 outta there. Yeah, I meant \u201cbeautiful BEACH\u201d but cool..... \ud83d\ude44", "id": "1297365435667505152", "public_metrics": {"retweet_count": 16, "reply_count": 146, "like_count": 324, "quote_count": 10}, "lang": "en", "author": {"created_at": "2016-12-08T23:26:58.000Z", "name": "Amber Heard", "id": "807003567605227520", "description": "Actor and Activist, semi-professional disruptor, ice cream advocate and shameless teacup yorkie-lover", "profile_image_url": "https://pbs.twimg.com/profile_images/1383196364792680448/N8CdupEu_normal.jpg", "url": "https://t.co/Ze18Ek9SOI", "location": "Los Angeles, CA", "public_metrics": {"followers_count": 190336, "following_count": 220, "tweet_count": 1149, "listed_count": 567}, "username": "realamberheard"}}, "author": {"created_at": "2015-03-01T20:14:47.000Z", "name": "carol", "id": "3065762493", "description": "ur resident amber heard stan", "profile_image_url": "https://pbs.twimg.com/profile_images/1438347905304256512/kQoJOMWs_normal.jpg", "url": "https://t.co/YxZgLFMyeQ", "location": "Brasil", "public_metrics": {"followers_count": 2808, "following_count": 97, "tweet_count": 32673, "listed_count": 29}, "username": "heardverse"}}, {"author_id": "1090048967294046210", "created_at": "2020-08-23T03:07:23.000Z", "referenced_tweets": [{"type": "quoted", "id": "1297365435667505152"}], "source": "Twitter for Android", "text": "a gente precisa proteger ela de todo o mal no mundo, n\u00e3o existe ser mais fofo e precioso que ela \ud83d\ude14\ud83d\udc96 https://t.co/lqHxITAC07", "id": "1297369818337808387", "public_metrics": {"retweet_count": 0, "reply_count": 0, "like_count": 6, "quote_count": 0}, "lang": "pt", "entities": {"urls": [{"start": 100, "end": 123, "url": "https://t.co/lqHxITAC07", "expanded_url": "https://twitter.com/realamberheard/status/1297365435667505152", "display_url": "twitter.com/realamberheard\u2026"}]}, "quoted_tweet": {"author_id": "807003567605227520", "created_at": "2020-08-23T02:49:58.000Z", "referenced_tweets": [{"type": "replied_to", "id": "1296979194258305024"}], "source": "Twitter for iPhone", "in_reply_to_user_id": "807003567605227520", "text": "Ha! me *trying* to be funny with IG caption like a damn fool. Of course I somehow typo the operative word \u2018beach\u2019 outta there. Yeah, I meant \u201cbeautiful BEACH\u201d but cool..... \ud83d\ude44", "id": "1297365435667505152", "public_metrics": {"retweet_count": 16, "reply_count": 146, "like_count": 324, "quote_count": 10}, "lang": "en", "author": {"created_at": "2016-12-08T23:26:58.000Z", "name": "Amber Heard", "id": "807003567605227520", "description": "Actor and Activist, semi-professional disruptor, ice cream advocate and shameless teacup yorkie-lover", "profile_image_url": "https://pbs.twimg.com/profile_images/1383196364792680448/N8CdupEu_normal.jpg", "url": "https://t.co/Ze18Ek9SOI", "location": "Los Angeles, CA", "public_metrics": {"followers_count": 190336, "following_count": 220, "tweet_count": 1149, "listed_count": 567}, "username": "realamberheard"}}, "author": {"created_at": "2019-01-29T00:48:20.000Z", "name": "juridico samantha groves", "id": "1090048967294046210", "description": "\u00edsis\u2019s pr manager", "profile_image_url": "https://pbs.twimg.com/profile_images/1506339725539434501/nrfggH-Y_normal.jpg", "url": "https://t.co/7RsSpQQPQD", "public_metrics": {"followers_count": 1119, "following_count": 1134, "tweet_count": 18555, "listed_count": 2}, "username": "katewler"}}, {"author_id": "1129076551444828160", "created_at": "2020-08-23T03:06:08.000Z", "referenced_tweets": [{"type": "quoted", "id": "1297365435667505152"}], "source": "Twitter for Android", "text": "caras ela eh t\u00e3o preciosa sabe https://t.co/yeuWyivHgG", "id": "1297369504981430272", "public_metrics": {"retweet_count": 0, "reply_count": 0, "like_count": 2, "quote_count": 0}, "lang": "pt", "entities": {"urls": [{"start": 31, "end": 54, "url": "https://t.co/yeuWyivHgG", "expanded_url": "https://twitter.com/realamberheard/status/1297365435667505152", "display_url": "twitter.com/realamberheard\u2026"}]}, "quoted_tweet": {"author_id": "807003567605227520", "created_at": "2020-08-23T02:49:58.000Z", "referenced_tweets": [{"type": "replied_to", "id": "1296979194258305024"}], "source": "Twitter for iPhone", "in_reply_to_user_id": "807003567605227520", "text": "Ha! me *trying* to be funny with IG caption like a damn fool. Of course I somehow typo the operative word \u2018beach\u2019 outta there. Yeah, I meant \u201cbeautiful BEACH\u201d but cool..... \ud83d\ude44", "id": "1297365435667505152", "public_metrics": {"retweet_count": 16, "reply_count": 146, "like_count": 324, "quote_count": 10}, "lang": "en", "author": {"created_at": "2016-12-08T23:26:58.000Z", "name": "Amber Heard", "id": "807003567605227520", "description": "Actor and Activist, semi-professional disruptor, ice cream advocate and shameless teacup yorkie-lover", "profile_image_url": "https://pbs.twimg.com/profile_images/1383196364792680448/N8CdupEu_normal.jpg", "url": "https://t.co/Ze18Ek9SOI", "location": "Los Angeles, CA", "public_metrics": {"followers_count": 190336, "following_count": 220, "tweet_count": 1149, "listed_count": 567}, "username": "realamberheard"}}, "author": {"created_at": "2019-05-16T17:30:01.000Z", "name": "arthemis \u26a2\ufe0e", "id": "1129076551444828160", "description": "#Will: You wanna know my plan? My plan is i love you.", "profile_image_url": "https://pbs.twimg.com/profile_images/1505602014729981958/xYiIy3vW_normal.jpg", "url": "https://t.co/d3tlZH5Ydf", "location": "kalinda sharma's bed", "public_metrics": {"followers_count": 1064, "following_count": 710, "tweet_count": 48211, "listed_count": 13}, "username": "eastofleigh"}}, {"author_id": "735830642089414656", "created_at": "2020-08-23T02:55:25.000Z", "referenced_tweets": [{"type": "quoted", "id": "1297365435667505152"}], "source": "Twitter for Android", "text": "Era por isso que eu n\u00e3o tinha ententido bem kkkkk ou ent\u00e3o por que eu sou meio lerda mesmo ne https://t.co/Nl68a7R8rR", "id": "1297366808899522561", "public_metrics": {"retweet_count": 0, "reply_count": 0, "like_count": 0, "quote_count": 0}, "lang": "pt", "entities": {"urls": [{"start": 94, "end": 117, "url": "https://t.co/Nl68a7R8rR", "expanded_url": "https://twitter.com/realamberheard/status/1297365435667505152", "display_url": "twitter.com/realamberheard\u2026"}]}, "quoted_tweet": {"author_id": "807003567605227520", "created_at": "2020-08-23T02:49:58.000Z", "referenced_tweets": [{"type": "replied_to", "id": "1296979194258305024"}], "source": "Twitter for iPhone", "in_reply_to_user_id": "807003567605227520", "text": "Ha! me *trying* to be funny with IG caption like a damn fool. Of course I somehow typo the operative word \u2018beach\u2019 outta there. Yeah, I meant \u201cbeautiful BEACH\u201d but cool..... \ud83d\ude44", "id": "1297365435667505152", "public_metrics": {"retweet_count": 16, "reply_count": 146, "like_count": 324, "quote_count": 10}, "lang": "en", "author": {"created_at": "2016-12-08T23:26:58.000Z", "name": "Amber Heard", "id": "807003567605227520", "description": "Actor and Activist, semi-professional disruptor, ice cream advocate and shameless teacup yorkie-lover", "profile_image_url": "https://pbs.twimg.com/profile_images/1383196364792680448/N8CdupEu_normal.jpg", "url": "https://t.co/Ze18Ek9SOI", "location": "Los Angeles, CA", "public_metrics": {"followers_count": 190336, "following_count": 220, "tweet_count": 1149, "listed_count": 567}, "username": "realamberheard"}}, "author": {"created_at": "2016-05-26T13:51:10.000Z", "name": "gaby \u02ac", "id": "735830642089414656", "description": "#DIANA: \u00e9 dif\u00edcil esquecer uma afrodite moderna se erguendo do mar. (ela/dela)", "profile_image_url": "https://pbs.twimg.com/profile_images/1505592658957410309/PtIcbX4-_normal.jpg", "url": "", "location": "themyscira ", "public_metrics": {"followers_count": 2686, "following_count": 2354, "tweet_count": 39124, "listed_count": 19}, "username": "wondymera"}}]