[{"entities": {"urls": [{"start": 166, "end": 189, "url": "https://t.co/uj3MlXwEug", "expanded_url": "https://twitter.com/realamberheard/status/1300575628324794368", "display_url": "twitter.com/realamberheard\u2026"}], "mentions": [{"start": 81, "end": 96, "username": "realamberheard", "id": "807003567605227520"}], "hashtags": [{"start": 98, "end": 119, "tag": "AmberHeardIsAnAbuser"}, {"start": 121, "end": 142, "tag": "JohnnyDeppIsInnocent"}, {"start": 144, "end": 165, "tag": "JusticeForJohhnyDepp"}]}, "referenced_tweets": [{"type": "quoted", "id": "1300575628324794368"}], "id": "1339288910711709698", "created_at": "2020-12-16T19:18:53.000Z", "text": "I'll be damned if I sit through that movie watching your 79% plastic filled face @realamberheard \n#AmberHeardIsAnAbuser \n#JohnnyDeppIsInnocent \n#JusticeForJohhnyDepp https://t.co/uj3MlXwEug", "public_metrics": {"retweet_count": 0, "reply_count": 0, "like_count": 1, "quote_count": 0}, "author_id": "1330298385878966274", "lang": "en", "source": "Twitter for Android", "quoted_tweet": {"entities": {"urls": [{"start": 0, "end": 23, "url": "https://t.co/ta0Lf7S7JI", "expanded_url": "https://twitter.com/realamberheard/status/1300575628324794368/video/1", "display_url": "pic.twitter.com/ta0Lf7S7JI"}]}, "id": "1300575628324794368", "created_at": "2020-08-31T23:26:07.000Z", "text": "https://t.co/ta0Lf7S7JI", "public_metrics": {"retweet_count": 127, "reply_count": 354, "like_count": 1026, "quote_count": 31}, "author_id": "807003567605227520", "lang": "und", "source": "Twitter for iPhone", "author": {"public_metrics": {"followers_count": 190336, "following_count": 220, "tweet_count": 1149, "listed_count": 567}, "created_at": "2016-12-08T23:26:58.000Z", "name": "Amber Heard", "username": "realamberheard", "profile_image_url": "https://pbs.twimg.com/profile_images/1383196364792680448/N8CdupEu_normal.jpg", "location": "Los Angeles, CA", "id": "807003567605227520", "url": "https://t.co/Ze18Ek9SOI", "description": "Actor and Activist, semi-professional disruptor, ice cream advocate and shameless teacup yorkie-lover"}}, "author": {"public_metrics": {"followers_count": 109, "following_count": 500, "tweet_count": 863, "listed_count": 0}, "created_at": "2020-11-21T23:54:10.000Z", "name": "Black Dahlia\ud83c\udf39", "username": "semieyahJesters", "profile_image_url": "https://pbs.twimg.com/profile_images/1376576621201797121/HmwfdnN1_normal.jpg", "location": "Soon, Hollywood ", "id": "1330298385878966274", "url": "https://t.co/bhRQjMb43R", "description": "She/her \n\nFuture Thespian and Animal Lover \u270c\ud83c\udffe\ud83d\udda4\n\n#lgbtq \ud83c\udff3\ufe0f\u200d\ud83c\udf08\n\n#JohnnyDepp\n\n#fightglobalwarming"}}, {"entities": {"urls": [{"start": 124, "end": 147, "url": "https://t.co/uVaMMO4MFp", "expanded_url": "https://twitter.com/realamberheard/status/1300575628324794368", "display_url": "twitter.com/realamberheard\u2026"}], "annotations": [{"start": 42, "end": 52, "probability": 0.764, "type": "Other", "normalized_text": "AMBER HEARD"}, {"start": 110, "end": 121, "probability": 0.7326, "type": "Person", "normalized_text": "Stephen King"}]}, "referenced_tweets": [{"type": "quoted", "id": "1300575628324794368"}], "id": "1324787304003735552", "created_at": "2020-11-06T18:54:41.000Z", "text": "Empezar\u00e9 mi BOICOT\n\nNO VEAN ESTA SERIE DE AMBER HEARD.\n\nVean la miniserie original de 1994 o lean el libro de Stephen King. https://t.co/uVaMMO4MFp", "public_metrics": {"retweet_count": 0, "reply_count": 0, "like_count": 0, "quote_count": 0}, "author_id": "150904761", "lang": "es", "source": "Twitter for Android", "quoted_tweet": {"entities": {"urls": [{"start": 0, "end": 23, "url": "https://t.co/ta0Lf7S7JI", "expanded_url": "https://twitter.com/realamberheard/status/1300575628324794368/video/1", "display_url": "pic.twitter.com/ta0Lf7S7JI"}]}, "id": "1300575628324794368", "created_at": "2020-08-31T23:26:07.000Z", "text": "https://t.co/ta0Lf7S7JI", "public_metrics": {"retweet_count": 127, "reply_count": 354, "like_count": 1026, "quote_count": 31}, "author_id": "807003567605227520", "lang": "und", "source": "Twitter for iPhone", "author": {"public_metrics": {"followers_count": 190336, "following_count": 220, "tweet_count": 1149, "listed_count": 567}, "created_at": "2016-12-08T23:26:58.000Z", "name": "Amber Heard", "username": "realamberheard", "profile_image_url": "https://pbs.twimg.com/profile_images/1383196364792680448/N8CdupEu_normal.jpg", "location": "Los Angeles, CA", "id": "807003567605227520", "url": "https://t.co/Ze18Ek9SOI", "description": "Actor and Activist, semi-professional disruptor, ice cream advocate and shameless teacup yorkie-lover"}}, "author": {"public_metrics": {"followers_count": 77, "following_count": 409, "tweet_count": 1534, "listed_count": 2}, "created_at": "2010-06-02T03:28:51.000Z", "name": "Maye", "username": "mayewalker", "profile_image_url": "https://pbs.twimg.com/profile_images/685963841834893312/5NXPG6A4_normal.jpg", "location": "que te importa", "id": "150904761", "url": "", "description": ""}}, {"referenced_tweets": [{"type": "retweeted", "id": "1304532786104197126"}], "id": "1304534070412673030", "created_at": "2020-09-11T21:35:34.000Z", "text": "RT @HoodSocialism: Girl.....", "public_metrics": {"retweet_count": 1, "reply_count": 0, "like_count": 0, "quote_count": 0}, "author_id": "945100996040122368", "lang": "en", "source": "Twitter for iPhone", "quoted_tweet": {"entities": {"urls": [{"start": 0, "end": 23, "url": "https://t.co/ta0Lf7S7JI", "expanded_url": "https://twitter.com/realamberheard/status/1300575628324794368/video/1", "display_url": "pic.twitter.com/ta0Lf7S7JI"}]}, "id": "1300575628324794368", "created_at": "2020-08-31T23:26:07.000Z", "text": "https://t.co/ta0Lf7S7JI", "public_metrics": {"retweet_count": 127, "reply_count": 354, "like_count": 1026, "quote_count": 31}, "author_id": "807003567605227520", "lang": "und", "source": "Twitter for iPhone", "author": {"public_metrics": {"followers_count": 190336, "following_count": 220, "tweet_count": 1149, "listed_count": 567}, "created_at": "2016-12-08T23:26:58.000Z", "name": "Amber Heard", "username": "realamberheard", "profile_image_url": "https://pbs.twimg.com/profile_images/1383196364792680448/N8CdupEu_normal.jpg", "location": "Los Angeles, CA", "id": "807003567605227520", "url": "https://t.co/Ze18Ek9SOI", "description": "Actor and Activist, semi-professional disruptor, ice cream advocate and shameless teacup yorkie-lover"}}, "author": {"public_metrics": {"followers_count": 481, "following_count": 2133, "tweet_count": 120699, "listed_count": 0}, "created_at": "2017-12-25T01:16:51.000Z", "name": "CB\ud83d\ude37", "username": "dykehalfbaked", "profile_image_url": "https://pbs.twimg.com/profile_images/1372039545932353538/RqXC5RqL_normal.jpg", "location": "House Arrest 2020", "id": "945100996040122368", "url": "", "description": "BLACK LIVES MATTER, PERIOD. I will die for my black friends and family! I stand with those who fight against oppression. *OCD/ADHD/BiPolar/PTSD/Anxiety*"}}, {"entities": {"urls": [{"start": 10, "end": 33, "url": "https://t.co/9VzX7TChbd", "expanded_url": "https://twitter.com/realamberheard/status/1300575628324794368", "display_url": "twitter.com/realamberheard\u2026"}]}, "referenced_tweets": [{"type": "quoted", "id": "1300575628324794368"}], "id": "1304532786104197126", "created_at": "2020-09-11T21:30:27.000Z", "text": "Girl..... https://t.co/9VzX7TChbd", "public_metrics": {"retweet_count": 1, "reply_count": 1, "like_count": 5, "quote_count": 0}, "author_id": "1029393334677250048", "lang": "en", "source": "Twitter for iPhone", "quoted_tweet": {"entities": {"urls": [{"start": 0, "end": 23, "url": "https://t.co/ta0Lf7S7JI", "expanded_url": "https://twitter.com/realamberheard/status/1300575628324794368/video/1", "display_url": "pic.twitter.com/ta0Lf7S7JI"}]}, "id": "1300575628324794368", "created_at": "2020-08-31T23:26:07.000Z", "text": "https://t.co/ta0Lf7S7JI", "public_metrics": {"retweet_count": 127, "reply_count": 354, "like_count": 1026, "quote_count": 31}, "author_id": "807003567605227520", "lang": "und", "source": "Twitter for iPhone", "author": {"public_metrics": {"followers_count": 190336, "following_count": 220, "tweet_count": 1149, "listed_count": 567}, "created_at": "2016-12-08T23:26:58.000Z", "name": "Amber Heard", "username": "realamberheard", "profile_image_url": "https://pbs.twimg.com/profile_images/1383196364792680448/N8CdupEu_normal.jpg", "location": "Los Angeles, CA", "id": "807003567605227520", "url": "https://t.co/Ze18Ek9SOI", "description": "Actor and Activist, semi-professional disruptor, ice cream advocate and shameless teacup yorkie-lover"}}, "author": {"public_metrics": {"followers_count": 15237, "following_count": 589, "tweet_count": 171052, "listed_count": 56}, "created_at": "2018-08-14T15:44:30.000Z", "name": "Bella Goth", "username": "HotCommieGal", "profile_image_url": "https://pbs.twimg.com/profile_images/1502702074110390282/VhG24RG7_normal.jpg", "location": "Pallet Town", "id": "1029393334677250048", "url": "", "description": "Anime Connoisseur| Horror Film Fanatic| 27| Womanist| She/Her| \u262d"}}, {"entities": {"urls": [{"start": 102, "end": 125, "url": "https://t.co/zL3ygvp5ZT", "expanded_url": "https://twitter.com/realamberheard/status/1300575628324794368", "display_url": "twitter.com/realamberheard\u2026"}], "annotations": [{"start": 77, "end": 81, "probability": 0.5483, "type": "Person", "normalized_text": "Amber"}]}, "referenced_tweets": [{"type": "retweeted", "id": "1300752732467453952"}], "id": "1301182202416431104", "created_at": "2020-09-02T15:36:26.000Z", "text": "RT @janiesgun_: Boycott this movie if you're are against domestic violences.\nAmber Heard is an ABUSER https://t.co/zL3ygvp5ZT", "public_metrics": {"retweet_count": 8, "reply_count": 0, "like_count": 0, "quote_count": 0}, "author_id": "1295780313973567488", "lang": "en", "source": "Twitter Web App", "quoted_tweet": {"entities": {"urls": [{"start": 0, "end": 23, "url": "https://t.co/ta0Lf7S7JI", "expanded_url": "https://twitter.com/realamberheard/status/1300575628324794368/video/1", "display_url": "pic.twitter.com/ta0Lf7S7JI"}]}, "id": "1300575628324794368", "created_at": "2020-08-31T23:26:07.000Z", "text": "https://t.co/ta0Lf7S7JI", "public_metrics": {"retweet_count": 127, "reply_count": 354, "like_count": 1026, "quote_count": 31}, "author_id": "807003567605227520", "lang": "und", "source": "Twitter for iPhone", "author": {"public_metrics": {"followers_count": 190336, "following_count": 220, "tweet_count": 1149, "listed_count": 567}, "created_at": "2016-12-08T23:26:58.000Z", "name": "Amber Heard", "username": "realamberheard", "profile_image_url": "https://pbs.twimg.com/profile_images/1383196364792680448/N8CdupEu_normal.jpg", "location": "Los Angeles, CA", "id": "807003567605227520", "url": "https://t.co/Ze18Ek9SOI", "description": "Actor and Activist, semi-professional disruptor, ice cream advocate and shameless teacup yorkie-lover"}}, "author": {"public_metrics": {"followers_count": 72, "following_count": 226, "tweet_count": 4601, "listed_count": 0}, "created_at": "2020-08-18T17:51:30.000Z", "name": "Nana\ud83e\udd40La", "username": "Ioannalag1", "profile_image_url": "https://pbs.twimg.com/profile_images/1323359621587849216/QNf81n_9_normal.jpg", "location": "UK", "id": "1295780313973567488", "url": "", "description": ""}}, {"entities": {"urls": [{"start": 0, "end": 23, "url": "https://t.co/hczLTMAtay", "expanded_url": "https://twitter.com/AylinDodogan/status/1301107453480841221/photo/1", "display_url": "pic.twitter.com/hczLTMAtay"}, {"start": 24, "end": 47, "url": "https://t.co/62DJHDxrsI", "expanded_url": "https://twitter.com/realamberheard/status/1300575628324794368", "display_url": "twitter.com/realamberheard\u2026"}]}, "referenced_tweets": [{"type": "quoted", "id": "1300575628324794368"}], "id": "1301107453480841221", "created_at": "2020-09-02T10:39:24.000Z", "text": "https://t.co/hczLTMAtay https://t.co/62DJHDxrsI", "public_metrics": {"retweet_count": 0, "reply_count": 0, "like_count": 2, "quote_count": 0}, "author_id": "1076159677312970752", "lang": "und", "source": "Twitter for iPhone", "quoted_tweet": {"entities": {"urls": [{"start": 0, "end": 23, "url": "https://t.co/ta0Lf7S7JI", "expanded_url": "https://twitter.com/realamberheard/status/1300575628324794368/video/1", "display_url": "pic.twitter.com/ta0Lf7S7JI"}]}, "id": "1300575628324794368", "created_at": "2020-08-31T23:26:07.000Z", "text": "https://t.co/ta0Lf7S7JI", "public_metrics": {"retweet_count": 127, "reply_count": 354, "like_count": 1026, "quote_count": 31}, "author_id": "807003567605227520", "lang": "und", "source": "Twitter for iPhone", "author": {"public_metrics": {"followers_count": 190336, "following_count": 220, "tweet_count": 1149, "listed_count": 567}, "created_at": "2016-12-08T23:26:58.000Z", "name": "Amber Heard", "username": "realamberheard", "profile_image_url": "https://pbs.twimg.com/profile_images/1383196364792680448/N8CdupEu_normal.jpg", "location": "Los Angeles, CA", "id": "807003567605227520", "url": "https://t.co/Ze18Ek9SOI", "description": "Actor and Activist, semi-professional disruptor, ice cream advocate and shameless teacup yorkie-lover"}}, "author": {"public_metrics": {"followers_count": 1141, "following_count": 1091, "tweet_count": 196432, "listed_count": 13}, "created_at": "2018-12-21T16:57:15.000Z", "name": "Aylin", "username": "ReineDuLeon", "profile_image_url": "https://pbs.twimg.com/profile_images/1503718277494755334/3W09k7Zd_normal.jpg", "location": "Amsterdam Netherlands", "id": "1076159677312970752", "url": "", "description": "I dream being the first princess with autism. Proud zusje of @AvocadoMangoes"}}, {"entities": {"urls": [{"start": 15, "end": 38, "url": "https://t.co/DDXKDWNUTO", "expanded_url": "https://twitter.com/realamberheard/status/1300575628324794368", "display_url": "twitter.com/realamberheard\u2026"}]}, "referenced_tweets": [{"type": "quoted", "id": "1300575628324794368"}], "id": "1300932795708002304", "created_at": "2020-09-01T23:05:23.000Z", "text": "Looks amazing! https://t.co/DDXKDWNUTO", "public_metrics": {"retweet_count": 0, "reply_count": 0, "like_count": 0, "quote_count": 0}, "author_id": "1297900626278379520", "lang": "en", "source": "Twitter Web App", "quoted_tweet": {"entities": {"urls": [{"start": 0, "end": 23, "url": "https://t.co/ta0Lf7S7JI", "expanded_url": "https://twitter.com/realamberheard/status/1300575628324794368/video/1", "display_url": "pic.twitter.com/ta0Lf7S7JI"}]}, "id": "1300575628324794368", "created_at": "2020-08-31T23:26:07.000Z", "text": "https://t.co/ta0Lf7S7JI", "public_metrics": {"retweet_count": 127, "reply_count": 354, "like_count": 1026, "quote_count": 31}, "author_id": "807003567605227520", "lang": "und", "source": "Twitter for iPhone", "author": {"public_metrics": {"followers_count": 190336, "following_count": 220, "tweet_count": 1149, "listed_count": 567}, "created_at": "2016-12-08T23:26:58.000Z", "name": "Amber Heard", "username": "realamberheard", "profile_image_url": "https://pbs.twimg.com/profile_images/1383196364792680448/N8CdupEu_normal.jpg", "location": "Los Angeles, CA", "id": "807003567605227520", "url": "https://t.co/Ze18Ek9SOI", "description": "Actor and Activist, semi-professional disruptor, ice cream advocate and shameless teacup yorkie-lover"}}, "author": {"public_metrics": {"followers_count": 18, "following_count": 40, "tweet_count": 250, "listed_count": 0}, "created_at": "2020-08-24T14:16:45.000Z", "name": "Kate", "username": "QueenOfTheSea35", "profile_image_url": "https://pbs.twimg.com/profile_images/1297902438289031168/PVdeb2Gg_normal.jpg", "id": "1297900626278379520", "url": "", "description": "Queen Mera"}}, {"referenced_tweets": [{"type": "retweeted", "id": "1300752732467453952"}], "id": "1300872794356490257", "created_at": "2020-09-01T19:06:57.000Z", "text": "RT @janiesgun_: Boycott this movie if you're are against domestic violences.\nAmber Heard is an ABUSER", "public_metrics": {"retweet_count": 8, "reply_count": 0, "like_count": 0, "quote_count": 0}, "author_id": "1107034681294372864", "lang": "en", "entities": {"annotations": [{"start": 77, "end": 81, "probability": 0.5856, "type": "Person", "normalized_text": "Amber"}]}, "source": "Twitter for Android", "quoted_tweet": {"entities": {"urls": [{"start": 0, "end": 23, "url": "https://t.co/ta0Lf7S7JI", "expanded_url": "https://twitter.com/realamberheard/status/1300575628324794368/video/1", "display_url": "pic.twitter.com/ta0Lf7S7JI"}]}, "id": "1300575628324794368", "created_at": "2020-08-31T23:26:07.000Z", "text": "https://t.co/ta0Lf7S7JI", "public_metrics": {"retweet_count": 127, "reply_count": 354, "like_count": 1026, "quote_count": 31}, "author_id": "807003567605227520", "lang": "und", "source": "Twitter for iPhone", "author": {"public_metrics": {"followers_count": 190336, "following_count": 220, "tweet_count": 1149, "listed_count": 567}, "created_at": "2016-12-08T23:26:58.000Z", "name": "Amber Heard", "username": "realamberheard", "profile_image_url": "https://pbs.twimg.com/profile_images/1383196364792680448/N8CdupEu_normal.jpg", "location": "Los Angeles, CA", "id": "807003567605227520", "url": "https://t.co/Ze18Ek9SOI", "description": "Actor and Activist, semi-professional disruptor, ice cream advocate and shameless teacup yorkie-lover"}}, "author": {"public_metrics": {"followers_count": 47, "following_count": 78, "tweet_count": 2716, "listed_count": 0}, "created_at": "2019-03-16T21:43:30.000Z", "name": "Mary Sue Destroyer", "username": "bluebanksta", "profile_image_url": "https://pbs.twimg.com/profile_images/1129339009916964864/8z2Vn2Z9_normal.jpg", "location": "Boulogne-Billancourt, France", "id": "1107034681294372864", "url": "", "description": "Facts don't lie, People do \n#JusticeForJohnnyDepp\n#MJINNOCENT"}}, {"referenced_tweets": [{"type": "retweeted", "id": "1300752732467453952"}], "id": "1300837069544185857", "created_at": "2020-09-01T16:45:00.000Z", "text": "RT @janiesgun_: Boycott this movie if you're are against domestic violences.\nAmber Heard is an ABUSER", "public_metrics": {"retweet_count": 8, "reply_count": 0, "like_count": 0, "quote_count": 0}, "author_id": "1222595951161942016", "lang": "en", "entities": {"annotations": [{"start": 77, "end": 81, "probability": 0.5856, "type": "Person", "normalized_text": "Amber"}]}, "source": "Twitter for iPhone", "quoted_tweet": {"entities": {"urls": [{"start": 0, "end": 23, "url": "https://t.co/ta0Lf7S7JI", "expanded_url": "https://twitter.com/realamberheard/status/1300575628324794368/video/1", "display_url": "pic.twitter.com/ta0Lf7S7JI"}]}, "id": "1300575628324794368", "created_at": "2020-08-31T23:26:07.000Z", "text": "https://t.co/ta0Lf7S7JI", "public_metrics": {"retweet_count": 127, "reply_count": 354, "like_count": 1026, "quote_count": 31}, "author_id": "807003567605227520", "lang": "und", "source": "Twitter for iPhone", "author": {"public_metrics": {"followers_count": 190336, "following_count": 220, "tweet_count": 1149, "listed_count": 567}, "created_at": "2016-12-08T23:26:58.000Z", "name": "Amber Heard", "username": "realamberheard", "profile_image_url": "https://pbs.twimg.com/profile_images/1383196364792680448/N8CdupEu_normal.jpg", "location": "Los Angeles, CA", "id": "807003567605227520", "url": "https://t.co/Ze18Ek9SOI", "description": "Actor and Activist, semi-professional disruptor, ice cream advocate and shameless teacup yorkie-lover"}}, "author": {"public_metrics": {"followers_count": 18, "following_count": 121, "tweet_count": 1088, "listed_count": 0}, "created_at": "2020-01-29T19:03:00.000Z", "name": "Nobody", "username": "justiceforJD3", "profile_image_url": "https://pbs.twimg.com/profile_images/1375062264139677703/gJkl1g4-_normal.jpg", "location": "France", "id": "1222595951161942016", "url": "", "description": "NO 'fuckin' REASON \ud83c\udccf\ud83c\udff3\ufe0f\u200d\ud83c\udf08#JusticeForJohnnyDepp"}}, {"referenced_tweets": [{"type": "retweeted", "id": "1300752732467453952"}], "id": "1300803713297252353", "created_at": "2020-09-01T14:32:27.000Z", "text": "RT @janiesgun_: Boycott this movie if you're are against domestic violences.\nAmber Heard is an ABUSER", "public_metrics": {"retweet_count": 8, "reply_count": 0, "like_count": 0, "quote_count": 0}, "author_id": "772149172086636545", "lang": "en", "entities": {"annotations": [{"start": 77, "end": 81, "probability": 0.5856, "type": "Person", "normalized_text": "Amber"}]}, "source": "Twitter for Android", "quoted_tweet": {"entities": {"urls": [{"start": 0, "end": 23, "url": "https://t.co/ta0Lf7S7JI", "expanded_url": "https://twitter.com/realamberheard/status/1300575628324794368/video/1", "display_url": "pic.twitter.com/ta0Lf7S7JI"}]}, "id": "1300575628324794368", "created_at": "2020-08-31T23:26:07.000Z", "text": "https://t.co/ta0Lf7S7JI", "public_metrics": {"retweet_count": 127, "reply_count": 354, "like_count": 1026, "quote_count": 31}, "author_id": "807003567605227520", "lang": "und", "source": "Twitter for iPhone", "author": {"public_metrics": {"followers_count": 190336, "following_count": 220, "tweet_count": 1149, "listed_count": 567}, "created_at": "2016-12-08T23:26:58.000Z", "name": "Amber Heard", "username": "realamberheard", "profile_image_url": "https://pbs.twimg.com/profile_images/1383196364792680448/N8CdupEu_normal.jpg", "location": "Los Angeles, CA", "id": "807003567605227520", "url": "https://t.co/Ze18Ek9SOI", "description": "Actor and Activist, semi-professional disruptor, ice cream advocate and shameless teacup yorkie-lover"}}, "author": {"public_metrics": {"followers_count": 1108, "following_count": 5005, "tweet_count": 178862, "listed_count": 13}, "created_at": "2016-09-03T19:08:03.000Z", "name": "Harsh Kohli", "username": "HarshKohli09", "profile_image_url": "https://pbs.twimg.com/profile_images/1138832370268823553/NvAJ7bRD_normal.jpg", "id": "772149172086636545", "url": "", "description": ""}}, {"entities": {"urls": [{"start": 64, "end": 87, "url": "https://t.co/OMEmutzCYA", "expanded_url": "https://twitter.com/realamberheard/status/1300575628324794368", "display_url": "twitter.com/realamberheard\u2026"}], "mentions": [{"start": 3, "end": 12, "username": "Lepplady", "id": "29229904"}]}, "referenced_tweets": [{"type": "retweeted", "id": "1300600516700000261"}], "id": "1300795011412434947", "created_at": "2020-09-01T13:57:52.000Z", "text": "RT @Lepplady: Is Turd anywhere in this preview that she posted? https://t.co/OMEmutzCYA", "public_metrics": {"retweet_count": 3, "reply_count": 0, "like_count": 0, "quote_count": 0}, "author_id": "567232063", "lang": "en", "source": "Twitter Web App", "quoted_tweet": {"entities": {"urls": [{"start": 0, "end": 23, "url": "https://t.co/ta0Lf7S7JI", "expanded_url": "https://twitter.com/realamberheard/status/1300575628324794368/video/1", "display_url": "pic.twitter.com/ta0Lf7S7JI"}]}, "id": "1300575628324794368", "created_at": "2020-08-31T23:26:07.000Z", "text": "https://t.co/ta0Lf7S7JI", "public_metrics": {"retweet_count": 127, "reply_count": 354, "like_count": 1026, "quote_count": 31}, "author_id": "807003567605227520", "lang": "und", "source": "Twitter for iPhone", "author": {"public_metrics": {"followers_count": 190336, "following_count": 220, "tweet_count": 1149, "listed_count": 567}, "created_at": "2016-12-08T23:26:58.000Z", "name": "Amber Heard", "username": "realamberheard", "profile_image_url": "https://pbs.twimg.com/profile_images/1383196364792680448/N8CdupEu_normal.jpg", "location": "Los Angeles, CA", "id": "807003567605227520", "url": "https://t.co/Ze18Ek9SOI", "description": "Actor and Activist, semi-professional disruptor, ice cream advocate and shameless teacup yorkie-lover"}}, "author": {"public_metrics": {"followers_count": 2236, "following_count": 562, "tweet_count": 195781, "listed_count": 5}, "created_at": "2012-04-30T13:36:21.000Z", "name": "Janina #IBelieveHim #justiceforjohnnydepp", "username": "JaninaSamhain", "profile_image_url": "https://pbs.twimg.com/profile_images/1381993471012085760/rXgj2L8k_normal.png", "id": "567232063", "url": "", "description": "Johnny Depp devotee \u2764\ufe0f #JohnnyDeppIsGrindelwald #wearewithyouJohnnyDepp #proudofJohnnyDepp #youcantkeepagoodmandown #justiceforJohnnydepp #Grindelwaldsarmy"}}, {"entities": {"urls": [{"start": 11, "end": 34, "url": "https://t.co/irBuOKuABu", "expanded_url": "https://twitter.com/realamberheard/status/1300575628324794368", "display_url": "twitter.com/realamberheard\u2026"}]}, "referenced_tweets": [{"type": "quoted", "id": "1300575628324794368"}], "id": "1300789375303913472", "created_at": "2020-09-01T13:35:29.000Z", "text": "Where you? https://t.co/irBuOKuABu", "public_metrics": {"retweet_count": 0, "reply_count": 0, "like_count": 2, "quote_count": 0}, "author_id": "1181546954775334912", "lang": "en", "source": "Twitter Web App", "quoted_tweet": {"entities": {"urls": [{"start": 0, "end": 23, "url": "https://t.co/ta0Lf7S7JI", "expanded_url": "https://twitter.com/realamberheard/status/1300575628324794368/video/1", "display_url": "pic.twitter.com/ta0Lf7S7JI"}]}, "id": "1300575628324794368", "created_at": "2020-08-31T23:26:07.000Z", "text": "https://t.co/ta0Lf7S7JI", "public_metrics": {"retweet_count": 127, "reply_count": 354, "like_count": 1026, "quote_count": 31}, "author_id": "807003567605227520", "lang": "und", "source": "Twitter for iPhone", "author": {"public_metrics": {"followers_count": 190336, "following_count": 220, "tweet_count": 1149, "listed_count": 567}, "created_at": "2016-12-08T23:26:58.000Z", "name": "Amber Heard", "username": "realamberheard", "profile_image_url": "https://pbs.twimg.com/profile_images/1383196364792680448/N8CdupEu_normal.jpg", "location": "Los Angeles, CA", "id": "807003567605227520", "url": "https://t.co/Ze18Ek9SOI", "description": "Actor and Activist, semi-professional disruptor, ice cream advocate and shameless teacup yorkie-lover"}}, "author": {"public_metrics": {"followers_count": 120, "following_count": 151, "tweet_count": 11970, "listed_count": 1}, "created_at": "2019-10-08T12:28:51.000Z", "name": "Diyaneil Dimann", "username": "Mandiyanle", "profile_image_url": "https://pbs.twimg.com/profile_images/1502285246355873800/K9l9THRE_normal.jpg", "location": "Earth.", "id": "1181546954775334912", "url": "", "description": "i'm tired of my shits and dramas so i decided to worship some artists and fictional characters, \n\ni mean stan..."}}, {"referenced_tweets": [{"type": "retweeted", "id": "1300752732467453952"}], "id": "1300788504687976449", "created_at": "2020-09-01T13:32:01.000Z", "text": "RT @janiesgun_: Boycott this movie if you're are against domestic violences.\nAmber Heard is an ABUSER", "public_metrics": {"retweet_count": 8, "reply_count": 0, "like_count": 0, "quote_count": 0}, "author_id": "871847364318945281", "lang": "en", "entities": {"annotations": [{"start": 77, "end": 81, "probability": 0.5856, "type": "Person", "normalized_text": "Amber"}]}, "source": "Twitter for Android", "quoted_tweet": {"entities": {"urls": [{"start": 0, "end": 23, "url": "https://t.co/ta0Lf7S7JI", "expanded_url": "https://twitter.com/realamberheard/status/1300575628324794368/video/1", "display_url": "pic.twitter.com/ta0Lf7S7JI"}]}, "id": "1300575628324794368", "created_at": "2020-08-31T23:26:07.000Z", "text": "https://t.co/ta0Lf7S7JI", "public_metrics": {"retweet_count": 127, "reply_count": 354, "like_count": 1026, "quote_count": 31}, "author_id": "807003567605227520", "lang": "und", "source": "Twitter for iPhone", "author": {"public_metrics": {"followers_count": 190336, "following_count": 220, "tweet_count": 1149, "listed_count": 567}, "created_at": "2016-12-08T23:26:58.000Z", "name": "Amber Heard", "username": "realamberheard", "profile_image_url": "https://pbs.twimg.com/profile_images/1383196364792680448/N8CdupEu_normal.jpg", "location": "Los Angeles, CA", "id": "807003567605227520", "url": "https://t.co/Ze18Ek9SOI", "description": "Actor and Activist, semi-professional disruptor, ice cream advocate and shameless teacup yorkie-lover"}}, "author": {"public_metrics": {"followers_count": 164, "following_count": 1004, "tweet_count": 26943, "listed_count": 0}, "created_at": "2017-06-05T21:53:04.000Z", "name": "Don't Stop Me Now \ud83d\udc51", "username": "Justine_Prl7", "profile_image_url": "https://pbs.twimg.com/profile_images/1480248804205076480/x5nItpAs_normal.jpg", "location": "Paris, France", "id": "871847364318945281", "url": "", "description": "V. \ud83d\udc98 |22yo|"}}, {"referenced_tweets": [{"type": "retweeted", "id": "1300752732467453952"}], "id": "1300784905975029762", "created_at": "2020-09-01T13:17:43.000Z", "text": "RT @janiesgun_: Boycott this movie if you're are against domestic violences.\nAmber Heard is an ABUSER", "public_metrics": {"retweet_count": 8, "reply_count": 0, "like_count": 0, "quote_count": 0}, "author_id": "464424709", "lang": "en", "entities": {"annotations": [{"start": 77, "end": 81, "probability": 0.5856, "type": "Person", "normalized_text": "Amber"}]}, "source": "Twitter for iPhone", "quoted_tweet": {"entities": {"urls": [{"start": 0, "end": 23, "url": "https://t.co/ta0Lf7S7JI", "expanded_url": "https://twitter.com/realamberheard/status/1300575628324794368/video/1", "display_url": "pic.twitter.com/ta0Lf7S7JI"}]}, "id": "1300575628324794368", "created_at": "2020-08-31T23:26:07.000Z", "text": "https://t.co/ta0Lf7S7JI", "public_metrics": {"retweet_count": 127, "reply_count": 354, "like_count": 1026, "quote_count": 31}, "author_id": "807003567605227520", "lang": "und", "source": "Twitter for iPhone", "author": {"public_metrics": {"followers_count": 190336, "following_count": 220, "tweet_count": 1149, "listed_count": 567}, "created_at": "2016-12-08T23:26:58.000Z", "name": "Amber Heard", "username": "realamberheard", "profile_image_url": "https://pbs.twimg.com/profile_images/1383196364792680448/N8CdupEu_normal.jpg", "location": "Los Angeles, CA", "id": "807003567605227520", "url": "https://t.co/Ze18Ek9SOI", "description": "Actor and Activist, semi-professional disruptor, ice cream advocate and shameless teacup yorkie-lover"}}, "author": {"public_metrics": {"followers_count": 536, "following_count": 934, "tweet_count": 73538, "listed_count": 4}, "created_at": "2012-01-15T06:30:31.000Z", "name": "\u2729\u22c6\u02d6 \ud83c\udd5c\ud83c\udd54\ud83c\udd56 \u02d6\u22c6\u2729", "username": "DJusticeforj", "profile_image_url": "https://pbs.twimg.com/profile_images/1502817245541842944/B-d0TTr3_normal.jpg", "location": "Earth", "id": "464424709", "url": "", "description": "\ud835\udc00\ud835\udc27 \ud835\udc1e\ud835\udc32\ud835\udc1e \ud835\udc1f\ud835\udc28\ud835\udc2b \ud835\udc1a\ud835\udc27 \ud835\udc1e\ud835\udc32\ud835\udc1e \ud835\udc1a\ud835\udc27\ud835\udc1d \ud835\udc1a \ud835\udc2d\ud835\udc28\ud835\udc28\ud835\udc2d\ud835\udc21 \ud835\udc1f\ud835\udc28\ud835\udc2b \ud835\udc1a \ud835\udc2d\ud835\udc28\ud835\udc28\ud835\udc2d\ud835\udc21 #\ud835\udc09\ud835\udc2e\ud835\udc2c\ud835\udc2d\ud835\udc22\ud835\udc1c\ud835\udc1e\ud835\udc05\ud835\udc28\ud835\udc2b\ud835\udc09\ud835\udc28\ud835\udc21\ud835\udc27\ud835\udc27\ud835\udc32\ud835\udc03\ud835\udc1e\ud835\udc29\ud835\udc29 #\ud835\udc00\ud835\udc26\ud835\udc1b\ud835\udc1e\ud835\udc2b\ud835\udc07\ud835\udc1e\ud835\udc1a\ud835\udc2b\ud835\udc1d\ud835\udc25\ud835\udc2c\ud835\udc00\ud835\udc0b\ud835\udc22\ud835\udc1a\ud835\udc2b"}}, {"referenced_tweets": [{"type": "retweeted", "id": "1300752732467453952"}], "id": "1300773162410483715", "created_at": "2020-09-01T12:31:03.000Z", "text": "RT @janiesgun_: Boycott this movie if you're are against domestic violences.\nAmber Heard is an ABUSER", "public_metrics": {"retweet_count": 8, "reply_count": 0, "like_count": 0, "quote_count": 0}, "author_id": "2324712304", "lang": "en", "entities": {"annotations": [{"start": 77, "end": 81, "probability": 0.5856, "type": "Person", "normalized_text": "Amber"}]}, "source": "Twitter for Android", "quoted_tweet": {"entities": {"urls": [{"start": 0, "end": 23, "url": "https://t.co/ta0Lf7S7JI", "expanded_url": "https://twitter.com/realamberheard/status/1300575628324794368/video/1", "display_url": "pic.twitter.com/ta0Lf7S7JI"}]}, "id": "1300575628324794368", "created_at": "2020-08-31T23:26:07.000Z", "text": "https://t.co/ta0Lf7S7JI", "public_metrics": {"retweet_count": 127, "reply_count": 354, "like_count": 1026, "quote_count": 31}, "author_id": "807003567605227520", "lang": "und", "source": "Twitter for iPhone", "author": {"public_metrics": {"followers_count": 190336, "following_count": 220, "tweet_count": 1149, "listed_count": 567}, "created_at": "2016-12-08T23:26:58.000Z", "name": "Amber Heard", "username": "realamberheard", "profile_image_url": "https://pbs.twimg.com/profile_images/1383196364792680448/N8CdupEu_normal.jpg", "location": "Los Angeles, CA", "id": "807003567605227520", "url": "https://t.co/Ze18Ek9SOI", "description": "Actor and Activist, semi-professional disruptor, ice cream advocate and shameless teacup yorkie-lover"}}, "author": {"public_metrics": {"followers_count": 1873, "following_count": 117, "tweet_count": 310521, "listed_count": 139}, "created_at": "2014-02-04T20:54:32.000Z", "name": "\u064b", "username": "dreamydepp", "profile_image_url": "https://pbs.twimg.com/profile_images/1505346313881272320/kY9Nw5G7_normal.jpg", "id": "2324712304", "url": "", "description": "dude,never forget until justice is done.            #JusticeForJohnnyDepp"}}, {"entities": {"urls": [{"start": 86, "end": 109, "url": "https://t.co/zL3ygvp5ZT", "expanded_url": "https://twitter.com/realamberheard/status/1300575628324794368", "display_url": "twitter.com/realamberheard\u2026"}], "annotations": [{"start": 60, "end": 65, "probability": 0.3977, "type": "Person", "normalized_text": "Amber"}]}, "id": "1300752732467453952", "created_at": "2020-09-01T11:09:52.000Z", "text": "Boycott this movie if you're are against domestic violences.\nAmber Heard is an ABUSER https://t.co/zL3ygvp5ZT", "public_metrics": {"retweet_count": 8, "reply_count": 0, "like_count": 24, "quote_count": 0}, "author_id": "1024747857704878080", "lang": "en", "source": "Twitter for Android", "quoted_tweet": {"entities": {"urls": [{"start": 0, "end": 23, "url": "https://t.co/ta0Lf7S7JI", "expanded_url": "https://twitter.com/realamberheard/status/1300575628324794368/video/1", "display_url": "pic.twitter.com/ta0Lf7S7JI"}]}, "id": "1300575628324794368", "created_at": "2020-08-31T23:26:07.000Z", "text": "https://t.co/ta0Lf7S7JI", "public_metrics": {"retweet_count": 127, "reply_count": 354, "like_count": 1026, "quote_count": 31}, "author_id": "807003567605227520", "lang": "und", "source": "Twitter for iPhone", "author": {"public_metrics": {"followers_count": 190336, "following_count": 220, "tweet_count": 1149, "listed_count": 567}, "created_at": "2016-12-08T23:26:58.000Z", "name": "Amber Heard", "username": "realamberheard", "profile_image_url": "https://pbs.twimg.com/profile_images/1383196364792680448/N8CdupEu_normal.jpg", "location": "Los Angeles, CA", "id": "807003567605227520", "url": "https://t.co/Ze18Ek9SOI", "description": "Actor and Activist, semi-professional disruptor, ice cream advocate and shameless teacup yorkie-lover"}}, "author": {"public_metrics": {"followers_count": 2982, "following_count": 380, "tweet_count": 9063, "listed_count": 2}, "created_at": "2018-08-01T20:05:02.000Z", "name": "elisa \ud83c\uddeb\ud83c\uddf7", "username": "deppressead", "profile_image_url": "https://pbs.twimg.com/profile_images/1500866082978021385/k8JV5A61_normal.jpg", "location": "Paris, France", "id": "1024747857704878080", "url": "", "description": "Primary school teacher \ud83d\udc69\u200d\ud83c\udfeb Depphead & truth seeker"}}, {"entities": {"urls": [{"start": 52, "end": 75, "url": "https://t.co/yStitTJIN9", "expanded_url": "https://twitter.com/realamberheard/status/1300575628324794368", "display_url": "twitter.com/realamberheard\u2026"}]}, "referenced_tweets": [{"type": "quoted", "id": "1300575628324794368"}], "id": "1300728066038063104", "created_at": "2020-09-01T09:31:51.000Z", "text": "LMAO SHE IS SHARING A TRAILER SHE\u2019S NOT EVEN IN \ud83e\udd23\ud83e\udd23\ud83e\udd23 https://t.co/yStitTJIN9", "public_metrics": {"retweet_count": 0, "reply_count": 1, "like_count": 17, "quote_count": 0}, "author_id": "1279084967084122113", "lang": "en", "source": "Twitter for iPhone", "quoted_tweet": {"entities": {"urls": [{"start": 0, "end": 23, "url": "https://t.co/ta0Lf7S7JI", "expanded_url": "https://twitter.com/realamberheard/status/1300575628324794368/video/1", "display_url": "pic.twitter.com/ta0Lf7S7JI"}]}, "id": "1300575628324794368", "created_at": "2020-08-31T23:26:07.000Z", "text": "https://t.co/ta0Lf7S7JI", "public_metrics": {"retweet_count": 127, "reply_count": 354, "like_count": 1026, "quote_count": 31}, "author_id": "807003567605227520", "lang": "und", "source": "Twitter for iPhone", "author": {"public_metrics": {"followers_count": 190336, "following_count": 220, "tweet_count": 1149, "listed_count": 567}, "created_at": "2016-12-08T23:26:58.000Z", "name": "Amber Heard", "username": "realamberheard", "profile_image_url": "https://pbs.twimg.com/profile_images/1383196364792680448/N8CdupEu_normal.jpg", "location": "Los Angeles, CA", "id": "807003567605227520", "url": "https://t.co/Ze18Ek9SOI", "description": "Actor and Activist, semi-professional disruptor, ice cream advocate and shameless teacup yorkie-lover"}}, "author": {"public_metrics": {"followers_count": 1281, "following_count": 78, "tweet_count": 7745, "listed_count": 12}, "created_at": "2020-07-03T16:10:14.000Z", "name": "z\ud83d\udcab", "username": "daisylandq", "profile_image_url": "https://pbs.twimg.com/profile_images/1431320054923087872/rdRcti8r_normal.jpg", "id": "1279084967084122113", "url": "", "description": "\u1d0f\u1d20\u1d07\u0280\u1d1b\u029c\u026a\u0274\u1d0b\u1d07\u0280 \u2022 \u026a \u1d1b\u1d21\u1d07\u1d07\u1d1b \u1d00\u0274\u1d05 \ua731\u1d1b\u1d1c\ua730\ua730"}}, {"entities": {"urls": [{"start": 84, "end": 107, "url": "https://t.co/MSYAU11oBb", "expanded_url": "https://twitter.com/realamberheard/status/1300575628324794368", "display_url": "twitter.com/realamberheard\u2026"}], "hashtags": [{"start": 43, "end": 66, "tag": "WeJustDontLikeYouAmber"}]}, "referenced_tweets": [{"type": "quoted", "id": "1300575628324794368"}], "id": "1300701540261531650", "created_at": "2020-09-01T07:46:27.000Z", "text": "Don't worry guys.....This trailer is safe. #WeJustDontLikeYouAmber is not in it \ud83d\ude02\ud83d\ude02\ud83d\udc8b https://t.co/MSYAU11oBb", "public_metrics": {"retweet_count": 0, "reply_count": 0, "like_count": 2, "quote_count": 0}, "author_id": "145150641", "lang": "en", "source": "Twitter Web App", "quoted_tweet": {"entities": {"urls": [{"start": 0, "end": 23, "url": "https://t.co/ta0Lf7S7JI", "expanded_url": "https://twitter.com/realamberheard/status/1300575628324794368/video/1", "display_url": "pic.twitter.com/ta0Lf7S7JI"}]}, "id": "1300575628324794368", "created_at": "2020-08-31T23:26:07.000Z", "text": "https://t.co/ta0Lf7S7JI", "public_metrics": {"retweet_count": 127, "reply_count": 354, "like_count": 1026, "quote_count": 31}, "author_id": "807003567605227520", "lang": "und", "source": "Twitter for iPhone", "author": {"public_metrics": {"followers_count": 190336, "following_count": 220, "tweet_count": 1149, "listed_count": 567}, "created_at": "2016-12-08T23:26:58.000Z", "name": "Amber Heard", "username": "realamberheard", "profile_image_url": "https://pbs.twimg.com/profile_images/1383196364792680448/N8CdupEu_normal.jpg", "location": "Los Angeles, CA", "id": "807003567605227520", "url": "https://t.co/Ze18Ek9SOI", "description": "Actor and Activist, semi-professional disruptor, ice cream advocate and shameless teacup yorkie-lover"}}, "author": {"public_metrics": {"followers_count": 734, "following_count": 579, "tweet_count": 33218, "listed_count": 2}, "created_at": "2010-05-18T07:05:35.000Z", "name": "TheMadRatterAlpaca \ud83c\udde9\ud83c\uddf0\ud83c\udde9\ud83c\uddf0 \ud83d\udc00\ud83e\udd99 \ud83e\udd55\ud83d\udc9c Gwennafran \u264a", "username": "Gwennafran", "profile_image_url": "https://pbs.twimg.com/profile_images/1503345414048731144/8ZgCUTMD_normal.jpg", "location": " Denmark. Gemini ", "id": "145150641", "url": "", "description": "I stand with #JohnnyDepp Because #TruthWins and #JusticeForJohnnyDepp is coming. Mother of Rats: Thor, Loki, Luke, Han and Chewie \ud83d\udc00\ud83d\udc00\ud83d\udc00\ud83d\udc00\ud83d\udc00\ud83d\udc9c\ud83d\udc9c\ud83d\udc9c Music lover"}}, {"entities": {"urls": [{"start": 97, "end": 120, "url": "https://t.co/eZfSK8Khpd", "expanded_url": "https://twitter.com/realamberheard/status/1300575628324794368", "display_url": "twitter.com/realamberheard\u2026"}]}, "id": "1300697068563058689", "created_at": "2020-09-01T07:28:41.000Z", "text": "Whoever made this trailer is a genius. They know if she appeared in it no one is gonna watch \ud83e\udd23\ud83e\udd23\ud83e\udd2d https://t.co/eZfSK8Khpd", "public_metrics": {"retweet_count": 0, "reply_count": 5, "like_count": 36, "quote_count": 0}, "author_id": "1196815898981605377", "lang": "en", "source": "Twitter for iPhone", "quoted_tweet": {"entities": {"urls": [{"start": 0, "end": 23, "url": "https://t.co/ta0Lf7S7JI", "expanded_url": "https://twitter.com/realamberheard/status/1300575628324794368/video/1", "display_url": "pic.twitter.com/ta0Lf7S7JI"}]}, "id": "1300575628324794368", "created_at": "2020-08-31T23:26:07.000Z", "text": "https://t.co/ta0Lf7S7JI", "public_metrics": {"retweet_count": 127, "reply_count": 354, "like_count": 1026, "quote_count": 31}, "author_id": "807003567605227520", "lang": "und", "source": "Twitter for iPhone", "author": {"public_metrics": {"followers_count": 190336, "following_count": 220, "tweet_count": 1149, "listed_count": 567}, "created_at": "2016-12-08T23:26:58.000Z", "name": "Amber Heard", "username": "realamberheard", "profile_image_url": "https://pbs.twimg.com/profile_images/1383196364792680448/N8CdupEu_normal.jpg", "location": "Los Angeles, CA", "id": "807003567605227520", "url": "https://t.co/Ze18Ek9SOI", "description": "Actor and Activist, semi-professional disruptor, ice cream advocate and shameless teacup yorkie-lover"}}, "author": {"public_metrics": {"followers_count": 1003, "following_count": 402, "tweet_count": 23155, "listed_count": 3}, "created_at": "2019-11-19T15:42:09.000Z", "name": "Mariam", "username": "mimasdiaries", "profile_image_url": "https://pbs.twimg.com/profile_images/1505637575607869440/E--KfD7p_normal.jpg", "location": "Hogwarts", "id": "1196815898981605377", "url": "https://t.co/mFd9rCI7nT", "description": "MBA. whiny friend of Rey and Co #JusticeForJohnnyDepp #FreePalestine"}}, {"entities": {"urls": [{"start": 0, "end": 23, "url": "https://t.co/z82FqgaqfM", "expanded_url": "https://bit.ly/2GaOIb2", "display_url": "bit.ly/2GaOIb2"}, {"start": 24, "end": 47, "url": "https://t.co/5ClEPMst3W", "expanded_url": "https://twitter.com/realamberheard/status/1300575628324794368", "display_url": "twitter.com/realamberheard\u2026"}]}, "referenced_tweets": [{"type": "quoted", "id": "1300575628324794368"}], "id": "1300695374361812992", "created_at": "2020-09-01T07:21:57.000Z", "text": "https://t.co/z82FqgaqfM https://t.co/5ClEPMst3W", "public_metrics": {"retweet_count": 0, "reply_count": 0, "like_count": 0, "quote_count": 0}, "author_id": "1287396038764974082", "lang": "und", "source": "Twitter Web App", "quoted_tweet": {"entities": {"urls": [{"start": 0, "end": 23, "url": "https://t.co/ta0Lf7S7JI", "expanded_url": "https://twitter.com/realamberheard/status/1300575628324794368/video/1", "display_url": "pic.twitter.com/ta0Lf7S7JI"}]}, "id": "1300575628324794368", "created_at": "2020-08-31T23:26:07.000Z", "text": "https://t.co/ta0Lf7S7JI", "public_metrics": {"retweet_count": 127, "reply_count": 354, "like_count": 1026, "quote_count": 31}, "author_id": "807003567605227520", "lang": "und", "source": "Twitter for iPhone", "author": {"public_metrics": {"followers_count": 190336, "following_count": 220, "tweet_count": 1149, "listed_count": 567}, "created_at": "2016-12-08T23:26:58.000Z", "name": "Amber Heard", "username": "realamberheard", "profile_image_url": "https://pbs.twimg.com/profile_images/1383196364792680448/N8CdupEu_normal.jpg", "location": "Los Angeles, CA", "id": "807003567605227520", "url": "https://t.co/Ze18Ek9SOI", "description": "Actor and Activist, semi-professional disruptor, ice cream advocate and shameless teacup yorkie-lover"}}, "author": {"public_metrics": {"followers_count": 27, "following_count": 257, "tweet_count": 4284, "listed_count": 0}, "created_at": "2020-07-26T14:36:39.000Z", "name": "Amazon Gift Card", "username": "NiloySa54718514", "profile_image_url": "https://pbs.twimg.com/profile_images/1301926871148371968/c_PaIrin_normal.jpg", "location": "Ohio, USA", "id": "1287396038764974082", "url": "https://t.co/jbkYfkXsZc", "description": "https://t.co/izD4ZhaU86\nhttps://t.co/6wbg5qNX5l \nhttps://t.co/7Es6gQzJ2Z"}}, {"entities": {"urls": [{"start": 238, "end": 261, "url": "https://t.co/wMgwEWTS3V", "expanded_url": "https://twitter.com/realamberheard/status/1300575628324794368", "display_url": "twitter.com/realamberheard\u2026"}], "mentions": [{"start": 0, "end": 12, "username": "StephenKing", "id": "2233154425"}], "hashtags": [{"start": 184, "end": 205, "tag": "JusticeForJohnnyDepp"}, {"start": 206, "end": 215, "tag": "TheStand"}, {"start": 216, "end": 237, "tag": "AmberHeardIsAnAbuser"}]}, "in_reply_to_user_id": "2233154425", "referenced_tweets": [{"type": "quoted", "id": "1300575628324794368"}], "id": "1300690344120639488", "created_at": "2020-09-01T07:01:58.000Z", "text": "@StephenKing maestro I'm so sorry you have to be associated with this lying abuser (even if she just \"plays\" a small part). Hang on tight, it's just a miniseries, it won't last long\u2764\ufe0f #JusticeForJohnnyDepp\n#TheStand #AmberHeardIsAnAbuser https://t.co/wMgwEWTS3V", "public_metrics": {"retweet_count": 0, "reply_count": 0, "like_count": 2, "quote_count": 0}, "author_id": "2514618167", "lang": "en", "source": "Twitter Web App", "quoted_tweet": {"entities": {"urls": [{"start": 0, "end": 23, "url": "https://t.co/ta0Lf7S7JI", "expanded_url": "https://twitter.com/realamberheard/status/1300575628324794368/video/1", "display_url": "pic.twitter.com/ta0Lf7S7JI"}]}, "id": "1300575628324794368", "created_at": "2020-08-31T23:26:07.000Z", "text": "https://t.co/ta0Lf7S7JI", "public_metrics": {"retweet_count": 127, "reply_count": 354, "like_count": 1026, "quote_count": 31}, "author_id": "807003567605227520", "lang": "und", "source": "Twitter for iPhone", "author": {"public_metrics": {"followers_count": 190336, "following_count": 220, "tweet_count": 1149, "listed_count": 567}, "created_at": "2016-12-08T23:26:58.000Z", "name": "Amber Heard", "username": "realamberheard", "profile_image_url": "https://pbs.twimg.com/profile_images/1383196364792680448/N8CdupEu_normal.jpg", "location": "Los Angeles, CA", "id": "807003567605227520", "url": "https://t.co/Ze18Ek9SOI", "description": "Actor and Activist, semi-professional disruptor, ice cream advocate and shameless teacup yorkie-lover"}}, "author": {"public_metrics": {"followers_count": 148, "following_count": 539, "tweet_count": 6749, "listed_count": 1}, "created_at": "2014-04-28T11:48:27.000Z", "name": "Andrea Deledda", "username": "deadel98", "profile_image_url": "https://pbs.twimg.com/profile_images/1366068858344398853/0x2xB73G_normal.jpg", "location": "Justice Seeker", "id": "2514618167", "url": "", "description": "On this corrupt platform for 3 reasons: to share the truth about Depp and Michael Jackson, to defend them against the press, and to watch dog videos\ud83d\udc15"}}, {"entities": {"urls": [{"start": 65, "end": 88, "url": "https://t.co/sukmxpoWp4", "expanded_url": "https://twitter.com/realamberheard/status/1300575628324794368", "display_url": "twitter.com/realamberheard\u2026"}], "hashtags": [{"start": 21, "end": 30, "tag": "TheStand"}]}, "referenced_tweets": [{"type": "quoted", "id": "1300575628324794368"}], "id": "1300680935592128517", "created_at": "2020-09-01T06:24:35.000Z", "text": "Okaaaaay. Wann kommt #TheStand nach Deutschland? Mega Bock drauf https://t.co/sukmxpoWp4", "public_metrics": {"retweet_count": 0, "reply_count": 0, "like_count": 0, "quote_count": 0}, "author_id": "90151188", "lang": "de", "source": "Tweetbot for i\u039fS", "quoted_tweet": {"entities": {"urls": [{"start": 0, "end": 23, "url": "https://t.co/ta0Lf7S7JI", "expanded_url": "https://twitter.com/realamberheard/status/1300575628324794368/video/1", "display_url": "pic.twitter.com/ta0Lf7S7JI"}]}, "id": "1300575628324794368", "created_at": "2020-08-31T23:26:07.000Z", "text": "https://t.co/ta0Lf7S7JI", "public_metrics": {"retweet_count": 127, "reply_count": 354, "like_count": 1026, "quote_count": 31}, "author_id": "807003567605227520", "lang": "und", "source": "Twitter for iPhone", "author": {"public_metrics": {"followers_count": 190336, "following_count": 220, "tweet_count": 1149, "listed_count": 567}, "created_at": "2016-12-08T23:26:58.000Z", "name": "Amber Heard", "username": "realamberheard", "profile_image_url": "https://pbs.twimg.com/profile_images/1383196364792680448/N8CdupEu_normal.jpg", "location": "Los Angeles, CA", "id": "807003567605227520", "url": "https://t.co/Ze18Ek9SOI", "description": "Actor and Activist, semi-professional disruptor, ice cream advocate and shameless teacup yorkie-lover"}}, "author": {"public_metrics": {"followers_count": 319, "following_count": 586, "tweet_count": 37951, "listed_count": 41}, "created_at": "2009-11-15T12:20:07.000Z", "name": "Marxsen", "username": "NecroManson1", "profile_image_url": "https://pbs.twimg.com/profile_images/1053586384437547008/RfT4UIeG_normal.jpg", "location": "Germany", "id": "90151188", "url": "https://t.co/HXOX5aKpXh", "description": "Gamer | Serienjunkie | Sports\u00fcchtig | Metalhead | Guitarist | #H96 \u26ab\ufe0f\u26aa\ufe0f\ud83d\udc9a  | #GoPackGo \ud83d\udc9a\ud83d\udc9b | #rbtv"}}, {"entities": {"urls": [{"start": 119, "end": 142, "url": "https://t.co/uePnxQ6JFt", "expanded_url": "https://twitter.com/realamberheard/status/1300575628324794368", "display_url": "twitter.com/realamberheard\u2026"}], "annotations": [{"start": 31, "end": 35, "probability": 0.9588, "type": "Person", "normalized_text": "Amber"}]}, "referenced_tweets": [{"type": "quoted", "id": "1300575628324794368"}], "id": "1300657919478784001", "created_at": "2020-09-01T04:53:07.000Z", "text": "Didn't see you in that trailer Amber? I wonder why? *cough* blacklisted *cough* PR liability *cough* horrible actress. https://t.co/uePnxQ6JFt", "public_metrics": {"retweet_count": 0, "reply_count": 1, "like_count": 19, "quote_count": 0}, "author_id": "1259964873246531585", "lang": "en", "source": "Twitter Web App", "quoted_tweet": {"entities": {"urls": [{"start": 0, "end": 23, "url": "https://t.co/ta0Lf7S7JI", "expanded_url": "https://twitter.com/realamberheard/status/1300575628324794368/video/1", "display_url": "pic.twitter.com/ta0Lf7S7JI"}]}, "id": "1300575628324794368", "created_at": "2020-08-31T23:26:07.000Z", "text": "https://t.co/ta0Lf7S7JI", "public_metrics": {"retweet_count": 127, "reply_count": 354, "like_count": 1026, "quote_count": 31}, "author_id": "807003567605227520", "lang": "und", "source": "Twitter for iPhone", "author": {"public_metrics": {"followers_count": 190336, "following_count": 220, "tweet_count": 1149, "listed_count": 567}, "created_at": "2016-12-08T23:26:58.000Z", "name": "Amber Heard", "username": "realamberheard", "profile_image_url": "https://pbs.twimg.com/profile_images/1383196364792680448/N8CdupEu_normal.jpg", "location": "Los Angeles, CA", "id": "807003567605227520", "url": "https://t.co/Ze18Ek9SOI", "description": "Actor and Activist, semi-professional disruptor, ice cream advocate and shameless teacup yorkie-lover"}}, "author": {"public_metrics": {"followers_count": 1166, "following_count": 533, "tweet_count": 17702, "listed_count": 8}, "created_at": "2020-05-11T21:53:36.000Z", "name": "Justice4ALL", "username": "JusticeSquad2", "profile_image_url": "https://pbs.twimg.com/profile_images/1475629625854214144/w8vgrU36_normal.jpg", "id": "1259964873246531585", "url": "", "description": "\u201c Fuggetaboutit \u201c"}}, {"entities": {"urls": [{"start": 28, "end": 51, "url": "https://t.co/pKoa7G3qEm", "expanded_url": "https://twitter.com/realamberheard/status/1300575628324794368", "display_url": "twitter.com/realamberheard\u2026"}]}, "referenced_tweets": [{"type": "quoted", "id": "1300575628324794368"}], "id": "1300653816795201536", "created_at": "2020-09-01T04:36:49.000Z", "text": "Can\u2019t wait to watch this! \ud83e\udd29 https://t.co/pKoa7G3qEm", "public_metrics": {"retweet_count": 0, "reply_count": 0, "like_count": 0, "quote_count": 0}, "author_id": "1262574006214918145", "lang": "en", "source": "Twitter for iPhone", "quoted_tweet": {"entities": {"urls": [{"start": 0, "end": 23, "url": "https://t.co/ta0Lf7S7JI", "expanded_url": "https://twitter.com/realamberheard/status/1300575628324794368/video/1", "display_url": "pic.twitter.com/ta0Lf7S7JI"}]}, "id": "1300575628324794368", "created_at": "2020-08-31T23:26:07.000Z", "text": "https://t.co/ta0Lf7S7JI", "public_metrics": {"retweet_count": 127, "reply_count": 354, "like_count": 1026, "quote_count": 31}, "author_id": "807003567605227520", "lang": "und", "source": "Twitter for iPhone", "author": {"public_metrics": {"followers_count": 190336, "following_count": 220, "tweet_count": 1149, "listed_count": 567}, "created_at": "2016-12-08T23:26:58.000Z", "name": "Amber Heard", "username": "realamberheard", "profile_image_url": "https://pbs.twimg.com/profile_images/1383196364792680448/N8CdupEu_normal.jpg", "location": "Los Angeles, CA", "id": "807003567605227520", "url": "https://t.co/Ze18Ek9SOI", "description": "Actor and Activist, semi-professional disruptor, ice cream advocate and shameless teacup yorkie-lover"}}, "author": {"public_metrics": {"followers_count": 24, "following_count": 211, "tweet_count": 728, "listed_count": 0}, "created_at": "2020-05-19T02:41:37.000Z", "name": "LOVIEx2015", "username": "loviex2015", "profile_image_url": "https://pbs.twimg.com/profile_images/1262586904169467904/Vs5KABlk_normal.jpg", "id": "1262574006214918145", "url": "", "description": ""}}, {"entities": {"urls": [{"start": 86, "end": 109, "url": "https://t.co/vM2vridzP7", "expanded_url": "https://twitter.com/realamberheard/status/1300575628324794368", "display_url": "twitter.com/realamberheard\u2026"}]}, "referenced_tweets": [{"type": "quoted", "id": "1300575628324794368"}], "id": "1300648434337067008", "created_at": "2020-09-01T04:15:26.000Z", "text": "Si se ve buena. Se me olvid\u00f3 el nombre de la actriz pero tiene siglos que no la ve\u00eda. https://t.co/vM2vridzP7", "public_metrics": {"retweet_count": 0, "reply_count": 0, "like_count": 0, "quote_count": 0}, "author_id": "1122850945388257280", "lang": "es", "source": "Twitter for Android", "quoted_tweet": {"entities": {"urls": [{"start": 0, "end": 23, "url": "https://t.co/ta0Lf7S7JI", "expanded_url": "https://twitter.com/realamberheard/status/1300575628324794368/video/1", "display_url": "pic.twitter.com/ta0Lf7S7JI"}]}, "id": "1300575628324794368", "created_at": "2020-08-31T23:26:07.000Z", "text": "https://t.co/ta0Lf7S7JI", "public_metrics": {"retweet_count": 127, "reply_count": 354, "like_count": 1026, "quote_count": 31}, "author_id": "807003567605227520", "lang": "und", "source": "Twitter for iPhone", "author": {"public_metrics": {"followers_count": 190336, "following_count": 220, "tweet_count": 1149, "listed_count": 567}, "created_at": "2016-12-08T23:26:58.000Z", "name": "Amber Heard", "username": "realamberheard", "profile_image_url": "https://pbs.twimg.com/profile_images/1383196364792680448/N8CdupEu_normal.jpg", "location": "Los Angeles, CA", "id": "807003567605227520", "url": "https://t.co/Ze18Ek9SOI", "description": "Actor and Activist, semi-professional disruptor, ice cream advocate and shameless teacup yorkie-lover"}}, "author": {"public_metrics": {"followers_count": 113, "following_count": 335, "tweet_count": 9011, "listed_count": 0}, "created_at": "2019-04-29T13:11:41.000Z", "name": "\u15e2Jaz\ud800\udec0", "username": "CaraD509", "profile_image_url": "https://pbs.twimg.com/profile_images/1497026518882689025/pJxX-x6__normal.jpg", "location": "M\u00e9xico", "id": "1122850945388257280", "url": "", "description": "Love is love ~\nAmo leer, amo las pel\u00edculas de ciencia ficci\u00f3n m\u00e1s si es de s\u00faper h\u00e9roes, amo los c\u00f3mics y amo la fotograf\u00eda."}}, {"entities": {"urls": [{"start": 41, "end": 64, "url": "https://t.co/UYc2NGYmPF", "expanded_url": "https://twitter.com/realamberheard/status/1300575628324794368", "display_url": "twitter.com/realamberheard\u2026"}]}, "referenced_tweets": [{"type": "quoted", "id": "1300575628324794368"}], "id": "1300641898982449153", "created_at": "2020-09-01T03:49:28.000Z", "text": "Good morning everyone this looks scary \ud83d\ude31 https://t.co/UYc2NGYmPF", "public_metrics": {"retweet_count": 0, "reply_count": 0, "like_count": 0, "quote_count": 0}, "author_id": "1295911188", "lang": "en", "source": "Twitter for Android", "quoted_tweet": {"entities": {"urls": [{"start": 0, "end": 23, "url": "https://t.co/ta0Lf7S7JI", "expanded_url": "https://twitter.com/realamberheard/status/1300575628324794368/video/1", "display_url": "pic.twitter.com/ta0Lf7S7JI"}]}, "id": "1300575628324794368", "created_at": "2020-08-31T23:26:07.000Z", "text": "https://t.co/ta0Lf7S7JI", "public_metrics": {"retweet_count": 127, "reply_count": 354, "like_count": 1026, "quote_count": 31}, "author_id": "807003567605227520", "lang": "und", "source": "Twitter for iPhone", "author": {"public_metrics": {"followers_count": 190336, "following_count": 220, "tweet_count": 1149, "listed_count": 567}, "created_at": "2016-12-08T23:26:58.000Z", "name": "Amber Heard", "username": "realamberheard", "profile_image_url": "https://pbs.twimg.com/profile_images/1383196364792680448/N8CdupEu_normal.jpg", "location": "Los Angeles, CA", "id": "807003567605227520", "url": "https://t.co/Ze18Ek9SOI", "description": "Actor and Activist, semi-professional disruptor, ice cream advocate and shameless teacup yorkie-lover"}}, "author": {"public_metrics": {"followers_count": 1616, "following_count": 3752, "tweet_count": 476210, "listed_count": 65}, "created_at": "2013-03-24T16:59:44.000Z", "name": "Mick minas", "username": "MOVIESTVMAD", "profile_image_url": "https://pbs.twimg.com/profile_images/1357986248347029507/kG9CMYy5_normal.jpg", "location": "Cyprus", "id": "1295911188", "url": "", "description": "ayia Napa reality star I write direct and star in my own plays here in Cyprus I'm still seeing a shrink after 6 months in Hollywood \ud83e\udd23"}}, {"entities": {"urls": [{"start": 100, "end": 123, "url": "https://t.co/lz12YqmqOs", "expanded_url": "https://twitter.com/realamberheard/status/1300575628324794368", "display_url": "twitter.com/realamberheard\u2026"}]}, "referenced_tweets": [{"type": "quoted", "id": "1300575628324794368"}], "id": "1300632575195648005", "created_at": "2020-09-01T03:12:25.000Z", "text": "The creators of this trailer know that if they show the abuser's face, people will turn away lol \ud83d\ude2d\ud83e\udd23 https://t.co/lz12YqmqOs", "public_metrics": {"retweet_count": 0, "reply_count": 1, "like_count": 21, "quote_count": 0}, "author_id": "1184744670326214657", "lang": "en", "source": "Twitter for Android", "quoted_tweet": {"entities": {"urls": [{"start": 0, "end": 23, "url": "https://t.co/ta0Lf7S7JI", "expanded_url": "https://twitter.com/realamberheard/status/1300575628324794368/video/1", "display_url": "pic.twitter.com/ta0Lf7S7JI"}]}, "id": "1300575628324794368", "created_at": "2020-08-31T23:26:07.000Z", "text": "https://t.co/ta0Lf7S7JI", "public_metrics": {"retweet_count": 127, "reply_count": 354, "like_count": 1026, "quote_count": 31}, "author_id": "807003567605227520", "lang": "und", "source": "Twitter for iPhone", "author": {"public_metrics": {"followers_count": 190336, "following_count": 220, "tweet_count": 1149, "listed_count": 567}, "created_at": "2016-12-08T23:26:58.000Z", "name": "Amber Heard", "username": "realamberheard", "profile_image_url": "https://pbs.twimg.com/profile_images/1383196364792680448/N8CdupEu_normal.jpg", "location": "Los Angeles, CA", "id": "807003567605227520", "url": "https://t.co/Ze18Ek9SOI", "description": "Actor and Activist, semi-professional disruptor, ice cream advocate and shameless teacup yorkie-lover"}}, "author": {"public_metrics": {"followers_count": 277, "following_count": 412, "tweet_count": 8026, "listed_count": 0}, "created_at": "2019-10-17T08:15:29.000Z", "name": "\ud835\udd88\ud835\udd9f\ud835\udd86\ud835\udd92 \ud83c\udf38", "username": "ceceisoverparty", "profile_image_url": "https://pbs.twimg.com/profile_images/1468834094104469505/L2Pv4L3b_normal.jpg", "location": "6353 Juan Tabo Apt. 6", "id": "1184744670326214657", "url": "", "description": "proud member of taylor swift's first 22.5k tiktok followers"}}, {"referenced_tweets": [{"type": "retweeted", "id": "1300600516700000261"}], "id": "1300621897961410561", "created_at": "2020-09-01T02:29:59.000Z", "entities": {"mentions": [{"start": 3, "end": 12, "username": "Lepplady", "id": "29229904"}]}, "text": "RT @Lepplady: Is Turd anywhere in this preview that she posted?", "public_metrics": {"retweet_count": 3, "reply_count": 0, "like_count": 0, "quote_count": 0}, "author_id": "3267537390", "lang": "en", "source": "Twitter for iPhone", "quoted_tweet": {"entities": {"urls": [{"start": 0, "end": 23, "url": "https://t.co/ta0Lf7S7JI", "expanded_url": "https://twitter.com/realamberheard/status/1300575628324794368/video/1", "display_url": "pic.twitter.com/ta0Lf7S7JI"}]}, "id": "1300575628324794368", "created_at": "2020-08-31T23:26:07.000Z", "text": "https://t.co/ta0Lf7S7JI", "public_metrics": {"retweet_count": 127, "reply_count": 354, "like_count": 1026, "quote_count": 31}, "author_id": "807003567605227520", "lang": "und", "source": "Twitter for iPhone", "author": {"public_metrics": {"followers_count": 190336, "following_count": 220, "tweet_count": 1149, "listed_count": 567}, "created_at": "2016-12-08T23:26:58.000Z", "name": "Amber Heard", "username": "realamberheard", "profile_image_url": "https://pbs.twimg.com/profile_images/1383196364792680448/N8CdupEu_normal.jpg", "location": "Los Angeles, CA", "id": "807003567605227520", "url": "https://t.co/Ze18Ek9SOI", "description": "Actor and Activist, semi-professional disruptor, ice cream advocate and shameless teacup yorkie-lover"}}, "author": {"public_metrics": {"followers_count": 157, "following_count": 1559, "tweet_count": 9010, "listed_count": 0}, "created_at": "2015-07-04T01:36:26.000Z", "name": "Haadi", "username": "parrie_princess", "profile_image_url": "https://pbs.twimg.com/profile_images/1494767951655800832/s5OIB7Cq_normal.jpg", "id": "3267537390", "url": "", "description": "angel of paradise.....money doesn\u2019t change ppl but on the other hand it reveals who you are!!!!!!!!a daughter and a proud Saudi Arabian .Respect to my tribe ..."}}, {"referenced_tweets": [{"type": "retweeted", "id": "1300601625724280835"}], "id": "1300621649457315840", "created_at": "2020-09-01T02:29:00.000Z", "text": "RT @YouDidNotExist: tweeting a trailer where there\u2019s no even a second of your scenes \u2014 \ud83d\udc80", "public_metrics": {"retweet_count": 2, "reply_count": 0, "like_count": 0, "quote_count": 0}, "author_id": "918976951913713664", "lang": "en", "source": "Twitter for iPhone", "quoted_tweet": {"entities": {"urls": [{"start": 0, "end": 23, "url": "https://t.co/ta0Lf7S7JI", "expanded_url": "https://twitter.com/realamberheard/status/1300575628324794368/video/1", "display_url": "pic.twitter.com/ta0Lf7S7JI"}]}, "id": "1300575628324794368", "created_at": "2020-08-31T23:26:07.000Z", "text": "https://t.co/ta0Lf7S7JI", "public_metrics": {"retweet_count": 127, "reply_count": 354, "like_count": 1026, "quote_count": 31}, "author_id": "807003567605227520", "lang": "und", "source": "Twitter for iPhone", "author": {"public_metrics": {"followers_count": 190336, "following_count": 220, "tweet_count": 1149, "listed_count": 567}, "created_at": "2016-12-08T23:26:58.000Z", "name": "Amber Heard", "username": "realamberheard", "profile_image_url": "https://pbs.twimg.com/profile_images/1383196364792680448/N8CdupEu_normal.jpg", "location": "Los Angeles, CA", "id": "807003567605227520", "url": "https://t.co/Ze18Ek9SOI", "description": "Actor and Activist, semi-professional disruptor, ice cream advocate and shameless teacup yorkie-lover"}}, "author": {"public_metrics": {"followers_count": 1253, "following_count": 30, "tweet_count": 130569, "listed_count": 5}, "created_at": "2017-10-13T23:09:13.000Z", "name": "omgjackiesparrow", "username": "omgjackiesparr1", "profile_image_url": "https://pbs.twimg.com/profile_images/1323347944007847937/XYusQczp_normal.png", "id": "918976951913713664", "url": "https://t.co/XSwYlH0QVX", "description": "#WeAreWithYouJohnnyDepp"}}, {"entities": {"urls": [{"start": 53, "end": 76, "url": "https://t.co/L4ZfATNHWy", "expanded_url": "https://twitter.com/realamberheard/status/1300575628324794368", "display_url": "twitter.com/realamberheard\u2026"}], "annotations": [{"start": 46, "end": 51, "probability": 0.9163, "type": "Person", "normalized_text": "Johnny"}]}, "referenced_tweets": [{"type": "quoted", "id": "1300575628324794368"}], "id": "1300607038238621701", "created_at": "2020-09-01T01:30:56.000Z", "text": "They should of recast you for what you did to Johnny https://t.co/L4ZfATNHWy", "public_metrics": {"retweet_count": 0, "reply_count": 0, "like_count": 2, "quote_count": 0}, "author_id": "277985926", "lang": "en", "source": "Twitter for Android", "quoted_tweet": {"entities": {"urls": [{"start": 0, "end": 23, "url": "https://t.co/ta0Lf7S7JI", "expanded_url": "https://twitter.com/realamberheard/status/1300575628324794368/video/1", "display_url": "pic.twitter.com/ta0Lf7S7JI"}]}, "id": "1300575628324794368", "created_at": "2020-08-31T23:26:07.000Z", "text": "https://t.co/ta0Lf7S7JI", "public_metrics": {"retweet_count": 127, "reply_count": 354, "like_count": 1026, "quote_count": 31}, "author_id": "807003567605227520", "lang": "und", "source": "Twitter for iPhone", "author": {"public_metrics": {"followers_count": 190336, "following_count": 220, "tweet_count": 1149, "listed_count": 567}, "created_at": "2016-12-08T23:26:58.000Z", "name": "Amber Heard", "username": "realamberheard", "profile_image_url": "https://pbs.twimg.com/profile_images/1383196364792680448/N8CdupEu_normal.jpg", "location": "Los Angeles, CA", "id": "807003567605227520", "url": "https://t.co/Ze18Ek9SOI", "description": "Actor and Activist, semi-professional disruptor, ice cream advocate and shameless teacup yorkie-lover"}}, "author": {"public_metrics": {"followers_count": 189, "following_count": 663, "tweet_count": 14395, "listed_count": 4}, "created_at": "2011-04-06T11:21:33.000Z", "name": "Mugiwara\ud83d\udc52\ud83d\udc51\ud83d\udc1d 5th Yonko", "username": "JosefNovachrono", "profile_image_url": "https://pbs.twimg.com/profile_images/1014629861078568960/pCCrDh5C_normal.jpg", "location": "San Junipero, Mirror Black", "id": "277985926", "url": "https://t.co/Q9wieEFlEJ", "description": "RL verified\nSIC MVNDVS CREATVS EST\nCan-Ka No Rey\ud83c\udf39Ka like a wind\nRIP Papi RIP Uncle Pat\ud83d\udc9c\nLLJ Yams MAC\nRip Stan Lee\ud83d\udc9c\nXbox: Kaptiinkush\nPSN: Khaybet\n\u30b8\u30e7\u30bb\u30d5\u30fb\u30da\u30ec\u30b9"}}, {"entities": {"urls": [{"start": 53, "end": 76, "url": "https://t.co/JbBiIO84s4", "expanded_url": "https://twitter.com/realamberheard/status/1300575628324794368", "display_url": "twitter.com/realamberheard\u2026"}], "mentions": [{"start": 0, "end": 14, "username": "An_elf_pirate", "id": "953077628059226113"}, {"start": 15, "end": 31, "username": "TheInfamousOne6", "id": "1225199590439190529"}]}, "in_reply_to_user_id": "953077628059226113", "referenced_tweets": [{"type": "quoted", "id": "1300575628324794368"}, {"type": "replied_to", "id": "1300601517662183430"}], "id": "1300601860563152896", "created_at": "2020-09-01T01:10:22.000Z", "text": "@An_elf_pirate @TheInfamousOne6 Not only on insta. \ud83d\ude05 https://t.co/JbBiIO84s4", "public_metrics": {"retweet_count": 0, "reply_count": 3, "like_count": 4, "quote_count": 0}, "author_id": "1243930694289633280", "lang": "en", "source": "Twitter for iPhone", "quoted_tweet": {"entities": {"urls": [{"start": 0, "end": 23, "url": "https://t.co/ta0Lf7S7JI", "expanded_url": "https://twitter.com/realamberheard/status/1300575628324794368/video/1", "display_url": "pic.twitter.com/ta0Lf7S7JI"}]}, "id": "1300575628324794368", "created_at": "2020-08-31T23:26:07.000Z", "text": "https://t.co/ta0Lf7S7JI", "public_metrics": {"retweet_count": 127, "reply_count": 354, "like_count": 1026, "quote_count": 31}, "author_id": "807003567605227520", "lang": "und", "source": "Twitter for iPhone", "author": {"public_metrics": {"followers_count": 190336, "following_count": 220, "tweet_count": 1149, "listed_count": 567}, "created_at": "2016-12-08T23:26:58.000Z", "name": "Amber Heard", "username": "realamberheard", "profile_image_url": "https://pbs.twimg.com/profile_images/1383196364792680448/N8CdupEu_normal.jpg", "location": "Los Angeles, CA", "id": "807003567605227520", "url": "https://t.co/Ze18Ek9SOI", "description": "Actor and Activist, semi-professional disruptor, ice cream advocate and shameless teacup yorkie-lover"}}, "author": {"public_metrics": {"followers_count": 4049, "following_count": 670, "tweet_count": 21300, "listed_count": 27}, "created_at": "2020-03-28T15:59:50.000Z", "name": "carpe", "username": "salveogvm", "profile_image_url": "https://pbs.twimg.com/profile_images/1467539187561861122/LZIiC7b6_normal.jpg", "location": "under johnny\u2019s fedora", "id": "1243930694289633280", "url": "", "description": "one part outrage. one part justice. three parts rum. mix well."}}, {"entities": {"urls": [{"start": 69, "end": 92, "url": "https://t.co/JbBiIOpFQE", "expanded_url": "https://twitter.com/realamberheard/status/1300575628324794368", "display_url": "twitter.com/realamberheard\u2026"}]}, "referenced_tweets": [{"type": "quoted", "id": "1300575628324794368"}], "id": "1300601625724280835", "created_at": "2020-09-01T01:09:26.000Z", "text": "tweeting a trailer where there\u2019s no even a second of your scenes \u2014 \ud83d\udc80 https://t.co/JbBiIOpFQE", "public_metrics": {"retweet_count": 2, "reply_count": 2, "like_count": 15, "quote_count": 0}, "author_id": "1243930694289633280", "lang": "en", "source": "Twitter for iPhone", "quoted_tweet": {"entities": {"urls": [{"start": 0, "end": 23, "url": "https://t.co/ta0Lf7S7JI", "expanded_url": "https://twitter.com/realamberheard/status/1300575628324794368/video/1", "display_url": "pic.twitter.com/ta0Lf7S7JI"}]}, "id": "1300575628324794368", "created_at": "2020-08-31T23:26:07.000Z", "text": "https://t.co/ta0Lf7S7JI", "public_metrics": {"retweet_count": 127, "reply_count": 354, "like_count": 1026, "quote_count": 31}, "author_id": "807003567605227520", "lang": "und", "source": "Twitter for iPhone", "author": {"public_metrics": {"followers_count": 190336, "following_count": 220, "tweet_count": 1149, "listed_count": 567}, "created_at": "2016-12-08T23:26:58.000Z", "name": "Amber Heard", "username": "realamberheard", "profile_image_url": "https://pbs.twimg.com/profile_images/1383196364792680448/N8CdupEu_normal.jpg", "location": "Los Angeles, CA", "id": "807003567605227520", "url": "https://t.co/Ze18Ek9SOI", "description": "Actor and Activist, semi-professional disruptor, ice cream advocate and shameless teacup yorkie-lover"}}, "author": {"public_metrics": {"followers_count": 4049, "following_count": 670, "tweet_count": 21300, "listed_count": 27}, "created_at": "2020-03-28T15:59:50.000Z", "name": "carpe", "username": "salveogvm", "profile_image_url": "https://pbs.twimg.com/profile_images/1467539187561861122/LZIiC7b6_normal.jpg", "location": "under johnny\u2019s fedora", "id": "1243930694289633280", "url": "", "description": "one part outrage. one part justice. three parts rum. mix well."}}, {"entities": {"urls": [{"start": 50, "end": 73, "url": "https://t.co/OMEmutzCYA", "expanded_url": "https://twitter.com/realamberheard/status/1300575628324794368", "display_url": "twitter.com/realamberheard\u2026"}]}, "id": "1300600516700000261", "created_at": "2020-09-01T01:05:01.000Z", "text": "Is Turd anywhere in this preview that she posted? https://t.co/OMEmutzCYA", "public_metrics": {"retweet_count": 3, "reply_count": 19, "like_count": 90, "quote_count": 0}, "author_id": "29229904", "lang": "en", "source": "Twitter Web App", "quoted_tweet": {"entities": {"urls": [{"start": 0, "end": 23, "url": "https://t.co/ta0Lf7S7JI", "expanded_url": "https://twitter.com/realamberheard/status/1300575628324794368/video/1", "display_url": "pic.twitter.com/ta0Lf7S7JI"}]}, "id": "1300575628324794368", "created_at": "2020-08-31T23:26:07.000Z", "text": "https://t.co/ta0Lf7S7JI", "public_metrics": {"retweet_count": 127, "reply_count": 354, "like_count": 1026, "quote_count": 31}, "author_id": "807003567605227520", "lang": "und", "source": "Twitter for iPhone", "author": {"public_metrics": {"followers_count": 190336, "following_count": 220, "tweet_count": 1149, "listed_count": 567}, "created_at": "2016-12-08T23:26:58.000Z", "name": "Amber Heard", "username": "realamberheard", "profile_image_url": "https://pbs.twimg.com/profile_images/1383196364792680448/N8CdupEu_normal.jpg", "location": "Los Angeles, CA", "id": "807003567605227520", "url": "https://t.co/Ze18Ek9SOI", "description": "Actor and Activist, semi-professional disruptor, ice cream advocate and shameless teacup yorkie-lover"}}, "author": {"public_metrics": {"followers_count": 2727, "following_count": 931, "tweet_count": 14843, "listed_count": 10}, "created_at": "2009-04-06T16:06:16.000Z", "name": "Jeannie Depp", "username": "Lepplady", "profile_image_url": "https://pbs.twimg.com/profile_images/949089886350426113/ZuRB41tg_normal.jpg", "location": "Baton Rouge", "id": "29229904", "url": "https://t.co/7hDfFZUdqg", "description": "Waiting patiently to see #JusticeForJohnnyDepp."}}, {"entities": {"urls": [{"start": 18, "end": 41, "url": "https://t.co/3DinwZ8IKL", "expanded_url": "https://twitter.com/realamberheard/status/1300575628324794368", "display_url": "twitter.com/realamberheard\u2026"}]}, "referenced_tweets": [{"type": "quoted", "id": "1300575628324794368"}], "id": "1300578270023475200", "created_at": "2020-08-31T23:36:37.000Z", "text": "booked and busy \ud83d\udc85 https://t.co/3DinwZ8IKL", "public_metrics": {"retweet_count": 0, "reply_count": 0, "like_count": 0, "quote_count": 0}, "author_id": "444870551", "lang": "en", "source": "Twitter for Android", "quoted_tweet": {"entities": {"urls": [{"start": 0, "end": 23, "url": "https://t.co/ta0Lf7S7JI", "expanded_url": "https://twitter.com/realamberheard/status/1300575628324794368/video/1", "display_url": "pic.twitter.com/ta0Lf7S7JI"}]}, "id": "1300575628324794368", "created_at": "2020-08-31T23:26:07.000Z", "text": "https://t.co/ta0Lf7S7JI", "public_metrics": {"retweet_count": 127, "reply_count": 354, "like_count": 1026, "quote_count": 31}, "author_id": "807003567605227520", "lang": "und", "source": "Twitter for iPhone", "author": {"public_metrics": {"followers_count": 190336, "following_count": 220, "tweet_count": 1149, "listed_count": 567}, "created_at": "2016-12-08T23:26:58.000Z", "name": "Amber Heard", "username": "realamberheard", "profile_image_url": "https://pbs.twimg.com/profile_images/1383196364792680448/N8CdupEu_normal.jpg", "location": "Los Angeles, CA", "id": "807003567605227520", "url": "https://t.co/Ze18Ek9SOI", "description": "Actor and Activist, semi-professional disruptor, ice cream advocate and shameless teacup yorkie-lover"}}, "author": {"public_metrics": {"followers_count": 587, "following_count": 286, "tweet_count": 215357, "listed_count": 13}, "created_at": "2011-12-23T18:52:24.000Z", "name": "aizen", "username": "wondernino_", "profile_image_url": "https://pbs.twimg.com/profile_images/1433852275030642690/KwTPeafZ_normal.jpg", "location": "i hate it here", "id": "444870551", "url": "https://t.co/FtXWtToryb", "description": "mis retweets son m\u00e1s interesantes."}}, {"entities": {"urls": [{"start": 20, "end": 43, "url": "https://t.co/prNuUeULJE", "expanded_url": "https://twitter.com/realamberheard/status/1300575628324794368", "display_url": "twitter.com/realamberheard\u2026"}]}, "referenced_tweets": [{"type": "quoted", "id": "1300575628324794368"}], "id": "1300577034251440134", "created_at": "2020-08-31T23:31:43.000Z", "text": "Looks intriguing... https://t.co/prNuUeULJE", "public_metrics": {"retweet_count": 0, "reply_count": 0, "like_count": 0, "quote_count": 0}, "author_id": "1226225851383066624", "lang": "en", "source": "Twitter for Android", "quoted_tweet": {"entities": {"urls": [{"start": 0, "end": 23, "url": "https://t.co/ta0Lf7S7JI", "expanded_url": "https://twitter.com/realamberheard/status/1300575628324794368/video/1", "display_url": "pic.twitter.com/ta0Lf7S7JI"}]}, "id": "1300575628324794368", "created_at": "2020-08-31T23:26:07.000Z", "text": "https://t.co/ta0Lf7S7JI", "public_metrics": {"retweet_count": 127, "reply_count": 354, "like_count": 1026, "quote_count": 31}, "author_id": "807003567605227520", "lang": "und", "source": "Twitter for iPhone", "author": {"public_metrics": {"followers_count": 190336, "following_count": 220, "tweet_count": 1149, "listed_count": 567}, "created_at": "2016-12-08T23:26:58.000Z", "name": "Amber Heard", "username": "realamberheard", "profile_image_url": "https://pbs.twimg.com/profile_images/1383196364792680448/N8CdupEu_normal.jpg", "location": "Los Angeles, CA", "id": "807003567605227520", "url": "https://t.co/Ze18Ek9SOI", "description": "Actor and Activist, semi-professional disruptor, ice cream advocate and shameless teacup yorkie-lover"}}, "author": {"public_metrics": {"followers_count": 186, "following_count": 990, "tweet_count": 9880, "listed_count": 2}, "created_at": "2020-02-08T19:27:03.000Z", "name": "AintNobody\ud83d\uddff", "username": "NotNobody5", "profile_image_url": "https://pbs.twimg.com/profile_images/1226226655045279744/UhKK5ckP_normal.jpg", "location": "South East, England", "id": "1226225851383066624", "url": "", "description": "living long and prosperous. a Trekkie through and through"}}, {"entities": {"urls": [{"start": 69, "end": 92, "url": "https://t.co/MvvFHqC4yu", "expanded_url": "https://twitter.com/realamberheard/status/1300575628324794368", "display_url": "twitter.com/realamberheard\u2026"}]}, "referenced_tweets": [{"type": "quoted", "id": "1300575628324794368"}], "id": "1300576967557873669", "created_at": "2020-08-31T23:31:27.000Z", "text": "NON VEDO L\u2019ORA! Oggi ho sclerato troppo! VOGLIO AMBER NEL TRAILER \ud83d\ude0d\ud83d\ude2d https://t.co/MvvFHqC4yu", "public_metrics": {"retweet_count": 0, "reply_count": 0, "like_count": 0, "quote_count": 0}, "author_id": "1511538595", "lang": "it", "source": "Twitter for iPhone", "quoted_tweet": {"entities": {"urls": [{"start": 0, "end": 23, "url": "https://t.co/ta0Lf7S7JI", "expanded_url": "https://twitter.com/realamberheard/status/1300575628324794368/video/1", "display_url": "pic.twitter.com/ta0Lf7S7JI"}]}, "id": "1300575628324794368", "created_at": "2020-08-31T23:26:07.000Z", "text": "https://t.co/ta0Lf7S7JI", "public_metrics": {"retweet_count": 127, "reply_count": 354, "like_count": 1026, "quote_count": 31}, "author_id": "807003567605227520", "lang": "und", "source": "Twitter for iPhone", "author": {"public_metrics": {"followers_count": 190336, "following_count": 220, "tweet_count": 1149, "listed_count": 567}, "created_at": "2016-12-08T23:26:58.000Z", "name": "Amber Heard", "username": "realamberheard", "profile_image_url": "https://pbs.twimg.com/profile_images/1383196364792680448/N8CdupEu_normal.jpg", "location": "Los Angeles, CA", "id": "807003567605227520", "url": "https://t.co/Ze18Ek9SOI", "description": "Actor and Activist, semi-professional disruptor, ice cream advocate and shameless teacup yorkie-lover"}}, "author": {"public_metrics": {"followers_count": 1909, "following_count": 1576, "tweet_count": 20184, "listed_count": 1}, "created_at": "2013-06-12T20:14:05.000Z", "name": "\ud835\uddd8\ud835\ude03\ud835\uddee", "username": "cillianheard", "profile_image_url": "https://pbs.twimg.com/profile_images/1496121639217553410/bkF4pl2c_normal.jpg", "id": "1511538595", "url": "", "description": "she/her - 20 yrs -, Meghan Markle, Amber Heard, Alicia Vikander, Tom Hardy, Cillian Murphy Stan Acc"}}, {"entities": {"urls": [{"start": 15, "end": 38, "url": "https://t.co/Lcy1Ibwj0D", "expanded_url": "https://twitter.com/realamberheard/status/1300575628324794368", "display_url": "twitter.com/realamberheard\u2026"}]}, "referenced_tweets": [{"type": "quoted", "id": "1300575628324794368"}], "id": "1300575898157101058", "created_at": "2020-08-31T23:27:12.000Z", "text": "Awesome.....\ud83e\udd29\ud83e\udd29 https://t.co/Lcy1Ibwj0D", "public_metrics": {"retweet_count": 0, "reply_count": 0, "like_count": 0, "quote_count": 0}, "author_id": "3306106196", "lang": "en", "source": "Twitter for iPhone", "quoted_tweet": {"entities": {"urls": [{"start": 0, "end": 23, "url": "https://t.co/ta0Lf7S7JI", "expanded_url": "https://twitter.com/realamberheard/status/1300575628324794368/video/1", "display_url": "pic.twitter.com/ta0Lf7S7JI"}]}, "id": "1300575628324794368", "created_at": "2020-08-31T23:26:07.000Z", "text": "https://t.co/ta0Lf7S7JI", "public_metrics": {"retweet_count": 127, "reply_count": 354, "like_count": 1026, "quote_count": 31}, "author_id": "807003567605227520", "lang": "und", "source": "Twitter for iPhone", "author": {"public_metrics": {"followers_count": 190336, "following_count": 220, "tweet_count": 1149, "listed_count": 567}, "created_at": "2016-12-08T23:26:58.000Z", "name": "Amber Heard", "username": "realamberheard", "profile_image_url": "https://pbs.twimg.com/profile_images/1383196364792680448/N8CdupEu_normal.jpg", "location": "Los Angeles, CA", "id": "807003567605227520", "url": "https://t.co/Ze18Ek9SOI", "description": "Actor and Activist, semi-professional disruptor, ice cream advocate and shameless teacup yorkie-lover"}}, "author": {"public_metrics": {"followers_count": 71, "following_count": 255, "tweet_count": 1393, "listed_count": 4}, "created_at": "2015-08-04T14:31:06.000Z", "name": "Just_Abdulahad \ud83c\uddf5\ud83c\uddf8", "username": "me_da_abdulahad", "profile_image_url": "https://pbs.twimg.com/profile_images/1395113004941852674/iVfkAbRw_normal.jpg", "location": "Karachi, Pakistan", "id": "3306106196", "url": "https://t.co/ZprerFtGa3", "description": "??\nDevelism\n\n\nI know its i"}}]