[{"entities": {"mentions": [{"start": 32, "end": 47, "username": "realamberheard", "id": "807003567605227520"}], "urls": [{"start": 48, "end": 71, "url": "https://t.co/pFlR8Df79t", "expanded_url": "https://twitter.com/realamberheard/status/1314035793753595905", "display_url": "twitter.com/realamberheard\u2026"}]}, "referenced_tweets": [{"type": "quoted", "id": "1314035793753595905"}], "id": "1326186352942014464", "lang": "en", "text": "Flies are attracted to shit tho @realamberheard https://t.co/pFlR8Df79t", "created_at": "2020-11-10T15:34:00.000Z", "source": "Twitter for Android", "author_id": "1326179719868370944", "public_metrics": {"retweet_count": 0, "reply_count": 0, "like_count": 0, "quote_count": 0}, "quoted_tweet": {"referenced_tweets": [{"type": "quoted", "id": "1314027446363131904"}], "id": "1314035793753595905", "lang": "en", "text": "Pr-ence of the Flies  \ud83d\udc51 https://t.co/6f8UiyBdg1", "created_at": "2020-10-08T02:52:01.000Z", "source": "Twitter for iPhone", "author_id": "807003567605227520", "entities": {"urls": [{"start": 24, "end": 47, "url": "https://t.co/6f8UiyBdg1", "expanded_url": "https://twitter.com/StephenKing/status/1314027446363131904", "display_url": "twitter.com/StephenKing/st\u2026"}]}, "public_metrics": {"retweet_count": 27, "reply_count": 364, "like_count": 369, "quote_count": 11}, "author": {"public_metrics": {"followers_count": 190336, "following_count": 220, "tweet_count": 1149, "listed_count": 567}, "created_at": "2016-12-08T23:26:58.000Z", "id": "807003567605227520", "location": "Los Angeles, CA", "name": "Amber Heard", "profile_image_url": "https://pbs.twimg.com/profile_images/1383196364792680448/N8CdupEu_normal.jpg", "username": "realamberheard", "url": "https://t.co/Ze18Ek9SOI", "description": "Actor and Activist, semi-professional disruptor, ice cream advocate and shameless teacup yorkie-lover"}}, "author": {"public_metrics": {"followers_count": 0, "following_count": 0, "tweet_count": 27, "listed_count": 0}, "created_at": "2020-11-10T15:07:51.000Z", "id": "1326179719868370944", "name": "Ino Yamanaka \ud83d\udda4", "profile_image_url": "https://pbs.twimg.com/profile_images/1347914380973805568/3uXpnpny_normal.jpg", "username": "inoinoyamayama", "url": "", "description": ""}}, {"referenced_tweets": [{"type": "quoted", "id": "1314035793753595905"}], "id": "1320997634493075459", "lang": "en", "text": "Aren\u2019t you supposed to be in prison for domestic violence? https://t.co/J8aGLUKU3X https://t.co/ahAB6zCTi5", "created_at": "2020-10-27T07:55:53.000Z", "source": "Twitter for iPhone", "author_id": "3306458769", "entities": {"urls": [{"start": 59, "end": 82, "url": "https://t.co/J8aGLUKU3X", "expanded_url": "https://twitter.com/exalted_cactus/status/1320997634493075459/photo/1", "display_url": "pic.twitter.com/J8aGLUKU3X"}, {"start": 83, "end": 106, "url": "https://t.co/ahAB6zCTi5", "expanded_url": "https://twitter.com/realamberheard/status/1314035793753595905", "display_url": "twitter.com/realamberheard\u2026"}]}, "public_metrics": {"retweet_count": 0, "reply_count": 0, "like_count": 1, "quote_count": 0}, "quoted_tweet": {"referenced_tweets": [{"type": "quoted", "id": "1314027446363131904"}], "id": "1314035793753595905", "lang": "en", "text": "Pr-ence of the Flies  \ud83d\udc51 https://t.co/6f8UiyBdg1", "created_at": "2020-10-08T02:52:01.000Z", "source": "Twitter for iPhone", "author_id": "807003567605227520", "entities": {"urls": [{"start": 24, "end": 47, "url": "https://t.co/6f8UiyBdg1", "expanded_url": "https://twitter.com/StephenKing/status/1314027446363131904", "display_url": "twitter.com/StephenKing/st\u2026"}]}, "public_metrics": {"retweet_count": 27, "reply_count": 364, "like_count": 369, "quote_count": 11}, "author": {"public_metrics": {"followers_count": 190336, "following_count": 220, "tweet_count": 1149, "listed_count": 567}, "created_at": "2016-12-08T23:26:58.000Z", "id": "807003567605227520", "location": "Los Angeles, CA", "name": "Amber Heard", "profile_image_url": "https://pbs.twimg.com/profile_images/1383196364792680448/N8CdupEu_normal.jpg", "username": "realamberheard", "url": "https://t.co/Ze18Ek9SOI", "description": "Actor and Activist, semi-professional disruptor, ice cream advocate and shameless teacup yorkie-lover"}}, "author": {"public_metrics": {"followers_count": 432, "following_count": 473, "tweet_count": 5726, "listed_count": 17}, "created_at": "2015-06-02T10:54:42.000Z", "id": "3306458769", "location": "Neverland", "name": "Sam_\ud83e\udd8a", "profile_image_url": "https://pbs.twimg.com/profile_images/1434074061118836739/0yKtSLx6_normal.jpg", "username": "exalted_cactus", "url": "", "description": "Artist and architecture student #endsars. #endbadgovernance. \ud83c\uddf3\ud83c\uddec"}}, {"referenced_tweets": [{"type": "quoted", "id": "1314035793753595905"}], "id": "1314841539168923649", "lang": "en", "text": "No one likes you https://t.co/NMK04GZHFy", "created_at": "2020-10-10T08:13:46.000Z", "source": "Twitter for iPhone", "author_id": "1076159677312970752", "entities": {"urls": [{"start": 17, "end": 40, "url": "https://t.co/NMK04GZHFy", "expanded_url": "https://twitter.com/realamberheard/status/1314035793753595905", "display_url": "twitter.com/realamberheard\u2026"}]}, "public_metrics": {"retweet_count": 0, "reply_count": 0, "like_count": 1, "quote_count": 0}, "quoted_tweet": {"referenced_tweets": [{"type": "quoted", "id": "1314027446363131904"}], "id": "1314035793753595905", "lang": "en", "text": "Pr-ence of the Flies  \ud83d\udc51 https://t.co/6f8UiyBdg1", "created_at": "2020-10-08T02:52:01.000Z", "source": "Twitter for iPhone", "author_id": "807003567605227520", "entities": {"urls": [{"start": 24, "end": 47, "url": "https://t.co/6f8UiyBdg1", "expanded_url": "https://twitter.com/StephenKing/status/1314027446363131904", "display_url": "twitter.com/StephenKing/st\u2026"}]}, "public_metrics": {"retweet_count": 27, "reply_count": 364, "like_count": 369, "quote_count": 11}, "author": {"public_metrics": {"followers_count": 190336, "following_count": 220, "tweet_count": 1149, "listed_count": 567}, "created_at": "2016-12-08T23:26:58.000Z", "id": "807003567605227520", "location": "Los Angeles, CA", "name": "Amber Heard", "profile_image_url": "https://pbs.twimg.com/profile_images/1383196364792680448/N8CdupEu_normal.jpg", "username": "realamberheard", "url": "https://t.co/Ze18Ek9SOI", "description": "Actor and Activist, semi-professional disruptor, ice cream advocate and shameless teacup yorkie-lover"}}, "author": {"public_metrics": {"followers_count": 1141, "following_count": 1091, "tweet_count": 196431, "listed_count": 13}, "created_at": "2018-12-21T16:57:15.000Z", "id": "1076159677312970752", "location": "Amsterdam Netherlands", "name": "Aylin", "profile_image_url": "https://pbs.twimg.com/profile_images/1503718277494755334/3W09k7Zd_normal.jpg", "username": "ReineDuLeon", "url": "", "description": "I dream being the first princess with autism. Proud zusje of @AvocadoMangoes"}}, {"referenced_tweets": [{"type": "quoted", "id": "1314035793753595905"}], "id": "1314135097432514560", "lang": "en", "text": "When somebody attempts at a play on words......and epically fails \ud83d\ude02\ud83d\ude02\ud83d\ude02\ud83d\ude02. Jesus christ that is bad. https://t.co/StEQKkXQMY", "created_at": "2020-10-08T09:26:37.000Z", "source": "Twitter for Android", "author_id": "80818410", "entities": {"urls": [{"start": 98, "end": 121, "url": "https://t.co/StEQKkXQMY", "expanded_url": "https://twitter.com/realamberheard/status/1314035793753595905", "display_url": "twitter.com/realamberheard\u2026"}], "annotations": [{"start": 76, "end": 80, "probability": 0.8166, "type": "Person", "normalized_text": "Jesus"}]}, "public_metrics": {"retweet_count": 0, "reply_count": 0, "like_count": 4, "quote_count": 0}, "quoted_tweet": {"referenced_tweets": [{"type": "quoted", "id": "1314027446363131904"}], "id": "1314035793753595905", "lang": "en", "text": "Pr-ence of the Flies  \ud83d\udc51 https://t.co/6f8UiyBdg1", "created_at": "2020-10-08T02:52:01.000Z", "source": "Twitter for iPhone", "author_id": "807003567605227520", "entities": {"urls": [{"start": 24, "end": 47, "url": "https://t.co/6f8UiyBdg1", "expanded_url": "https://twitter.com/StephenKing/status/1314027446363131904", "display_url": "twitter.com/StephenKing/st\u2026"}]}, "public_metrics": {"retweet_count": 27, "reply_count": 364, "like_count": 369, "quote_count": 11}, "author": {"public_metrics": {"followers_count": 190336, "following_count": 220, "tweet_count": 1149, "listed_count": 567}, "created_at": "2016-12-08T23:26:58.000Z", "id": "807003567605227520", "location": "Los Angeles, CA", "name": "Amber Heard", "profile_image_url": "https://pbs.twimg.com/profile_images/1383196364792680448/N8CdupEu_normal.jpg", "username": "realamberheard", "url": "https://t.co/Ze18Ek9SOI", "description": "Actor and Activist, semi-professional disruptor, ice cream advocate and shameless teacup yorkie-lover"}}, "author": {"public_metrics": {"followers_count": 744, "following_count": 481, "tweet_count": 10033, "listed_count": 4}, "created_at": "2009-10-08T10:34:47.000Z", "id": "80818410", "location": "England, United Kingdom", "name": "The code is more what you call guidelines", "profile_image_url": "https://pbs.twimg.com/profile_images/1504021429083381761/bfNHg1bn_normal.jpg", "username": "depphead_savvy_", "url": "", "description": "The problem is not the problem. The problem is your attitude about the problem. Do you understand?"}}, {"referenced_tweets": [{"type": "quoted", "id": "1314035793753595905"}], "id": "1314040375196016641", "lang": "en", "text": "O M G tooo good! https://t.co/djCfYIBUwd", "created_at": "2020-10-08T03:10:13.000Z", "source": "Twitter for iPhone", "author_id": "20294410", "entities": {"urls": [{"start": 17, "end": 40, "url": "https://t.co/djCfYIBUwd", "expanded_url": "https://twitter.com/realamberheard/status/1314035793753595905", "display_url": "twitter.com/realamberheard\u2026"}]}, "public_metrics": {"retweet_count": 0, "reply_count": 0, "like_count": 0, "quote_count": 0}, "quoted_tweet": {"referenced_tweets": [{"type": "quoted", "id": "1314027446363131904"}], "id": "1314035793753595905", "lang": "en", "text": "Pr-ence of the Flies  \ud83d\udc51 https://t.co/6f8UiyBdg1", "created_at": "2020-10-08T02:52:01.000Z", "source": "Twitter for iPhone", "author_id": "807003567605227520", "entities": {"urls": [{"start": 24, "end": 47, "url": "https://t.co/6f8UiyBdg1", "expanded_url": "https://twitter.com/StephenKing/status/1314027446363131904", "display_url": "twitter.com/StephenKing/st\u2026"}]}, "public_metrics": {"retweet_count": 27, "reply_count": 364, "like_count": 369, "quote_count": 11}, "author": {"public_metrics": {"followers_count": 190336, "following_count": 220, "tweet_count": 1149, "listed_count": 567}, "created_at": "2016-12-08T23:26:58.000Z", "id": "807003567605227520", "location": "Los Angeles, CA", "name": "Amber Heard", "profile_image_url": "https://pbs.twimg.com/profile_images/1383196364792680448/N8CdupEu_normal.jpg", "username": "realamberheard", "url": "https://t.co/Ze18Ek9SOI", "description": "Actor and Activist, semi-professional disruptor, ice cream advocate and shameless teacup yorkie-lover"}}, "author": {"public_metrics": {"followers_count": 757, "following_count": 1539, "tweet_count": 6014, "listed_count": 27}, "created_at": "2009-02-07T04:45:02.000Z", "id": "20294410", "location": "Santa Monica, CA", "name": "Nitish Kannan", "profile_image_url": "https://pbs.twimg.com/profile_images/526272543343509504/Yh7pl_Mw_normal.jpeg", "username": "nitut1", "url": "https://t.co/lAjgMKGtPg", "description": "I'm Nitish, CEO of https://t.co/aUoScglITZ, screenwriter, independent producer universal, and speaker author and futurist. https://t.co/QOEAUbyF1b"}}]