[{"public_metrics": {"retweet_count": 1, "reply_count": 0, "like_count": 0, "quote_count": 0}, "source": "Twitter for Android", "entities": {"mentions": [{"start": 3, "end": 12, "username": "ZeroReax", "id": "2283709238"}]}, "text": "RT @ZeroReax: He's shit and so are you", "author_id": "829901988360048641", "lang": "en", "created_at": "2021-05-13T12:59:56.000Z", "id": "1392826949270007815", "referenced_tweets": [{"type": "retweeted", "id": "1392826267993583616"}], "quoted_tweet": {"entities": {"annotations": [{"start": 0, "end": 4, "probability": 0.9544, "type": "Person", "normalized_text": "Pence"}], "hashtags": [{"start": 61, "end": 70, "tag": "VPDebate"}]}, "public_metrics": {"retweet_count": 36, "reply_count": 144, "like_count": 413, "quote_count": 9}, "source": "Twitter for iPhone", "text": "Pence\u2019s fly-bye is perhaps the greatest thing I\u2019ve ever seen #VPDebate", "author_id": "807003567605227520", "lang": "en", "created_at": "2020-10-08T02:20:41.000Z", "id": "1314027909808484352", "author": {"username": "realamberheard", "location": "Los Angeles, CA", "description": "Actor and Activist, semi-professional disruptor, ice cream advocate and shameless teacup yorkie-lover", "id": "807003567605227520", "url": "https://t.co/Ze18Ek9SOI", "profile_image_url": "https://pbs.twimg.com/profile_images/1383196364792680448/N8CdupEu_normal.jpg", "name": "Amber Heard", "public_metrics": {"followers_count": 190336, "following_count": 220, "tweet_count": 1149, "listed_count": 567}, "created_at": "2016-12-08T23:26:58.000Z"}}, "author": {"username": "lesbobomb", "location": "leslie, 18, SHE \ud83c\udff3\u200d\u26a7", "description": "they bombing on my lesbo.                                                           @boobeeu \u2661\u26a2", "id": "829901988360048641", "url": "https://t.co/ELRHQLrbmH", "profile_image_url": "https://pbs.twimg.com/profile_images/1493816206566039557/TUSonBOp_normal.jpg", "name": "\u30ec\u30b9\u30dc\u30dc\u3002", "public_metrics": {"followers_count": 3372, "following_count": 1619, "tweet_count": 94113, "listed_count": 40}, "created_at": "2017-02-10T03:57:07.000Z"}}, {"public_metrics": {"retweet_count": 1, "reply_count": 0, "like_count": 4, "quote_count": 0}, "source": "Twitter for Android", "entities": {"urls": [{"start": 25, "end": 48, "url": "https://t.co/Fgdfxsgu0t", "expanded_url": "https://twitter.com/realamberheard/status/1314027909808484352", "display_url": "twitter.com/realamberheard\u2026"}]}, "text": "He's shit and so are you https://t.co/Fgdfxsgu0t", "author_id": "2283709238", "lang": "en", "created_at": "2021-05-13T12:57:14.000Z", "id": "1392826267993583616", "referenced_tweets": [{"type": "quoted", "id": "1314027909808484352"}], "quoted_tweet": {"entities": {"annotations": [{"start": 0, "end": 4, "probability": 0.9544, "type": "Person", "normalized_text": "Pence"}], "hashtags": [{"start": 61, "end": 70, "tag": "VPDebate"}]}, "public_metrics": {"retweet_count": 36, "reply_count": 144, "like_count": 413, "quote_count": 9}, "source": "Twitter for iPhone", "text": "Pence\u2019s fly-bye is perhaps the greatest thing I\u2019ve ever seen #VPDebate", "author_id": "807003567605227520", "lang": "en", "created_at": "2020-10-08T02:20:41.000Z", "id": "1314027909808484352", "author": {"username": "realamberheard", "location": "Los Angeles, CA", "description": "Actor and Activist, semi-professional disruptor, ice cream advocate and shameless teacup yorkie-lover", "id": "807003567605227520", "url": "https://t.co/Ze18Ek9SOI", "profile_image_url": "https://pbs.twimg.com/profile_images/1383196364792680448/N8CdupEu_normal.jpg", "name": "Amber Heard", "public_metrics": {"followers_count": 190336, "following_count": 220, "tweet_count": 1149, "listed_count": 567}, "created_at": "2016-12-08T23:26:58.000Z"}}, "author": {"username": "ZeroReax", "location": "Freeland", "description": "25 Romans, Doms and Tejs. Family.\nPOC account", "id": "2283709238", "url": "", "profile_image_url": "https://pbs.twimg.com/profile_images/1480268562627497988/u4EB8KSB_normal.jpg", "name": "Zero to Hero", "public_metrics": {"followers_count": 3204, "following_count": 1412, "tweet_count": 240115, "listed_count": 86}, "created_at": "2014-01-09T15:07:54.000Z"}}, {"public_metrics": {"retweet_count": 0, "reply_count": 0, "like_count": 0, "quote_count": 0}, "source": "Twitter for iPhone", "entities": {"urls": [{"start": 130, "end": 153, "url": "https://t.co/eGzuQi5gU0", "expanded_url": "https://twitter.com/realamberheard/status/1314027909808484352", "display_url": "twitter.com/realamberheard\u2026"}]}, "text": "You know what would be better? If you were thrown into prison for violently abusing your husband and then acting like the victim. https://t.co/eGzuQi5gU0", "author_id": "1007989560633012224", "lang": "en", "created_at": "2020-11-02T17:50:33.000Z", "id": "1323321614088335360", "referenced_tweets": [{"type": "quoted", "id": "1314027909808484352"}], "quoted_tweet": {"entities": {"annotations": [{"start": 0, "end": 4, "probability": 0.9544, "type": "Person", "normalized_text": "Pence"}], "hashtags": [{"start": 61, "end": 70, "tag": "VPDebate"}]}, "public_metrics": {"retweet_count": 36, "reply_count": 144, "like_count": 413, "quote_count": 9}, "source": "Twitter for iPhone", "text": "Pence\u2019s fly-bye is perhaps the greatest thing I\u2019ve ever seen #VPDebate", "author_id": "807003567605227520", "lang": "en", "created_at": "2020-10-08T02:20:41.000Z", "id": "1314027909808484352", "author": {"username": "realamberheard", "location": "Los Angeles, CA", "description": "Actor and Activist, semi-professional disruptor, ice cream advocate and shameless teacup yorkie-lover", "id": "807003567605227520", "url": "https://t.co/Ze18Ek9SOI", "profile_image_url": "https://pbs.twimg.com/profile_images/1383196364792680448/N8CdupEu_normal.jpg", "name": "Amber Heard", "public_metrics": {"followers_count": 190336, "following_count": 220, "tweet_count": 1149, "listed_count": 567}, "created_at": "2016-12-08T23:26:58.000Z"}}, "author": {"username": "samaannthaaa", "description": "trying my best", "id": "1007989560633012224", "url": "", "profile_image_url": "https://pbs.twimg.com/profile_images/1276029772523397120/w7o1-rap_normal.jpg", "name": "S \ud83e\udd8b", "public_metrics": {"followers_count": 19, "following_count": 117, "tweet_count": 1618, "listed_count": 0}, "created_at": "2018-06-16T14:13:33.000Z"}}, {"public_metrics": {"retweet_count": 0, "reply_count": 0, "like_count": 0, "quote_count": 0}, "source": "Twitter Web App", "entities": {"urls": [{"start": 15, "end": 38, "url": "https://t.co/adhWQc985H", "expanded_url": "https://twitter.com/realamberheard/status/1314027909808484352", "display_url": "twitter.com/realamberheard\u2026"}]}, "text": "FUCKING ABUSER https://t.co/adhWQc985H", "author_id": "2282539902", "lang": "en", "created_at": "2020-11-02T13:46:35.000Z", "id": "1323260216717299718", "referenced_tweets": [{"type": "quoted", "id": "1314027909808484352"}], "quoted_tweet": {"entities": {"annotations": [{"start": 0, "end": 4, "probability": 0.9544, "type": "Person", "normalized_text": "Pence"}], "hashtags": [{"start": 61, "end": 70, "tag": "VPDebate"}]}, "public_metrics": {"retweet_count": 36, "reply_count": 144, "like_count": 413, "quote_count": 9}, "source": "Twitter for iPhone", "text": "Pence\u2019s fly-bye is perhaps the greatest thing I\u2019ve ever seen #VPDebate", "author_id": "807003567605227520", "lang": "en", "created_at": "2020-10-08T02:20:41.000Z", "id": "1314027909808484352", "author": {"username": "realamberheard", "location": "Los Angeles, CA", "description": "Actor and Activist, semi-professional disruptor, ice cream advocate and shameless teacup yorkie-lover", "id": "807003567605227520", "url": "https://t.co/Ze18Ek9SOI", "profile_image_url": "https://pbs.twimg.com/profile_images/1383196364792680448/N8CdupEu_normal.jpg", "name": "Amber Heard", "public_metrics": {"followers_count": 190336, "following_count": 220, "tweet_count": 1149, "listed_count": 567}, "created_at": "2016-12-08T23:26:58.000Z"}}, "author": {"username": "Lorena64D", "description": "", "id": "2282539902", "url": "", "profile_image_url": "https://pbs.twimg.com/profile_images/1357482358279180289/5kvN2Zc1_normal.jpg", "name": "L", "public_metrics": {"followers_count": 778, "following_count": 514, "tweet_count": 31284, "listed_count": 5}, "created_at": "2014-01-08T19:19:35.000Z"}}, {"entities": {"annotations": [{"start": 54, "end": 59, "probability": 0.5811, "type": "Person", "normalized_text": "Kamala"}, {"start": 122, "end": 135, "probability": 0.5016, "type": "Product", "normalized_text": "YouTube Ambwer"}, {"start": 192, "end": 198, "probability": 0.582, "type": "Product", "normalized_text": "YouTube"}, {"start": 204, "end": 210, "probability": 0.702, "type": "Product", "normalized_text": "Twitter"}], "urls": [{"start": 280, "end": 303, "url": "https://t.co/5CYENO9YLV", "expanded_url": "https://twitter.com/realamberheard/status/1314027909808484352", "display_url": "twitter.com/realamberheard\u2026"}]}, "public_metrics": {"retweet_count": 0, "reply_count": 0, "like_count": 0, "quote_count": 0}, "source": "Twitter for iPad", "text": "Yeah, because everything he said just flew right over Kamala\u2019s head. \ud83d\ude02. I just watched a video from a content creator on YouTube Ambwer is trying to get a lot of information to get a list of YouTube and Twitter\u2019s Doxed? It could be You! If you\u2019re not a hardcore leftist. Tac car. https://t.co/5CYENO9YLV", "author_id": "1580248584", "lang": "en", "created_at": "2020-10-15T05:25:41.000Z", "id": "1316611179259858944", "referenced_tweets": [{"type": "quoted", "id": "1314027909808484352"}], "quoted_tweet": {"entities": {"annotations": [{"start": 0, "end": 4, "probability": 0.9544, "type": "Person", "normalized_text": "Pence"}], "hashtags": [{"start": 61, "end": 70, "tag": "VPDebate"}]}, "public_metrics": {"retweet_count": 36, "reply_count": 144, "like_count": 413, "quote_count": 9}, "source": "Twitter for iPhone", "text": "Pence\u2019s fly-bye is perhaps the greatest thing I\u2019ve ever seen #VPDebate", "author_id": "807003567605227520", "lang": "en", "created_at": "2020-10-08T02:20:41.000Z", "id": "1314027909808484352", "author": {"username": "realamberheard", "location": "Los Angeles, CA", "description": "Actor and Activist, semi-professional disruptor, ice cream advocate and shameless teacup yorkie-lover", "id": "807003567605227520", "url": "https://t.co/Ze18Ek9SOI", "profile_image_url": "https://pbs.twimg.com/profile_images/1383196364792680448/N8CdupEu_normal.jpg", "name": "Amber Heard", "public_metrics": {"followers_count": 190336, "following_count": 220, "tweet_count": 1149, "listed_count": 567}, "created_at": "2016-12-08T23:26:58.000Z"}}, "author": {"username": "musicmaster316", "location": "New England ", "description": "#musician #Singer/songwriter #musicteacher #performer #military.", "id": "1580248584", "url": "", "profile_image_url": "https://pbs.twimg.com/profile_images/790340070330998784/O6odNTTL_normal.jpg", "name": "Music Man", "public_metrics": {"followers_count": 256, "following_count": 1685, "tweet_count": 18203, "listed_count": 1}, "created_at": "2013-07-09T12:39:51.000Z"}}, {"entities": {"annotations": [{"start": 21, "end": 25, "probability": 0.3346, "type": "Other", "normalized_text": "\u30a2\u30af\u30a2\u30de\u30f3"}, {"start": 28, "end": 35, "probability": 0.7725, "type": "Person", "normalized_text": "\u30a2\u30f3\u30d0\u30fc\u30fb\u30cf\u30fc\u30c9"}, {"start": 37, "end": 42, "probability": 0.3244, "type": "Person", "normalized_text": "\u30c8\u30e9\u30f3\u30d7\u653f\u6a29"}, {"start": 75, "end": 79, "probability": 0.3535, "type": "Place", "normalized_text": "\u30e6\u30bf\u5dde\u7acb\u5927"}], "mentions": [{"start": 3, "end": 13, "username": "Extra_Cia", "id": "1063938512175562752"}]}, "public_metrics": {"retweet_count": 3, "reply_count": 0, "like_count": 0, "quote_count": 0}, "source": "Twitter for Android", "text": "RT @Extra_Cia: 1/2. \u300c\u30a2\u30af\u30a2\u30de\u30f3\u300d\u306e\u30a2\u30f3\u30d0\u30fc\u30fb\u30cf\u30fc\u30c9\u3082\u30c8\u30e9\u30f3\u30d7\u653f\u6a29\u306e\ud83d\udca9\u306b\u305f\u304b\u3063\u305f\u30cf\u30a8\u306b\u5927\u30a6\u30b1\u203c\ufe0f\ud83d\ude02\n\n\u30bd\u30eb\u30c8\u30fb\u30ec\u30a4\u30af\u30fb\u30b7\u30c6\u30a3\u306e\u30e6\u30bf\u5dde\u7acb\u5927\u3067\u672c\u65e5\u306e10\u67087\u65e5\uff08\u6c34\uff09\u306b\u884c\u308f\u308c\u305f\u526f\u5927\u7d71\u9818\u5019\u88dc\u306e\u8a0e\u8ad6\u4f1a\u3067\u3001\u3067\u3063\u304b\u3044\ud83d\udca9\u898b\u3044\u3064\u3051\u305f\u30c3\u203c\ufe0f\u3068\u3070\u304b\u308a\u306b\u98db\u3093\u3067\u304d\u305f\u30cf\u30a8\u304c\u3001\u60aa\u306e\u526f\u5927\u7d71\u2026", "author_id": "924845924760690688", "lang": "ja", "created_at": "2020-10-08T04:14:08.000Z", "id": "1314056458372182019", "referenced_tweets": [{"type": "retweeted", "id": "1314040637683953664"}], "quoted_tweet": {"entities": {"annotations": [{"start": 0, "end": 4, "probability": 0.9544, "type": "Person", "normalized_text": "Pence"}], "hashtags": [{"start": 61, "end": 70, "tag": "VPDebate"}]}, "public_metrics": {"retweet_count": 36, "reply_count": 144, "like_count": 413, "quote_count": 9}, "source": "Twitter for iPhone", "text": "Pence\u2019s fly-bye is perhaps the greatest thing I\u2019ve ever seen #VPDebate", "author_id": "807003567605227520", "lang": "en", "created_at": "2020-10-08T02:20:41.000Z", "id": "1314027909808484352", "author": {"username": "realamberheard", "location": "Los Angeles, CA", "description": "Actor and Activist, semi-professional disruptor, ice cream advocate and shameless teacup yorkie-lover", "id": "807003567605227520", "url": "https://t.co/Ze18Ek9SOI", "profile_image_url": "https://pbs.twimg.com/profile_images/1383196364792680448/N8CdupEu_normal.jpg", "name": "Amber Heard", "public_metrics": {"followers_count": 190336, "following_count": 220, "tweet_count": 1149, "listed_count": 567}, "created_at": "2016-12-08T23:26:58.000Z"}}, "author": {"username": "osarunobaba", "location": "Japan Asakusa Tokyo", "description": "Asthma&Allergi,lazy&timid,music&gig,Giallo\ud83c\udfa5\ud83c\udf9e\ufe0f\ud83c\udfacDario Argento,John H Carpenter,Tom Six,RobZombie,Goblin,RAMMSTEIN,George A.Romero,daria nicolodi.\ud83d\udc97", "id": "924845924760690688", "url": "", "profile_image_url": "https://pbs.twimg.com/profile_images/1178037743735070720/33hFoiRi_normal.jpg", "name": "Osarunobaba\ud83d\udc35\ud83d\udc12", "public_metrics": {"followers_count": 864, "following_count": 2353, "tweet_count": 218660, "listed_count": 15}, "created_at": "2017-10-30T03:50:26.000Z"}}, {"entities": {"annotations": [{"start": 6, "end": 10, "probability": 0.4956, "type": "Other", "normalized_text": "\u30a2\u30af\u30a2\u30de\u30f3"}, {"start": 13, "end": 20, "probability": 0.7947, "type": "Person", "normalized_text": "\u30a2\u30f3\u30d0\u30fc\u30fb\u30cf\u30fc\u30c9"}, {"start": 22, "end": 27, "probability": 0.3813, "type": "Person", "normalized_text": "\u30c8\u30e9\u30f3\u30d7\u653f\u6a29"}, {"start": 60, "end": 64, "probability": 0.3265, "type": "Place", "normalized_text": "\u30e6\u30bf\u5dde\u7acb\u5927"}], "urls": [{"start": 142, "end": 165, "url": "https://t.co/fVavtoobmq", "expanded_url": "https://twitter.com/Extra_Cia/status/1314040637683953664/photo/1", "display_url": "pic.twitter.com/fVavtoobmq"}, {"start": 166, "end": 189, "url": "https://t.co/S5pNSA7ch2", "expanded_url": "https://twitter.com/realamberheard/status/1314027909808484352", "display_url": "twitter.com/realamberheard\u2026"}]}, "public_metrics": {"retweet_count": 3, "reply_count": 1, "like_count": 1, "quote_count": 0}, "source": "Twitter Web App", "text": "1/2. \u300c\u30a2\u30af\u30a2\u30de\u30f3\u300d\u306e\u30a2\u30f3\u30d0\u30fc\u30fb\u30cf\u30fc\u30c9\u3082\u30c8\u30e9\u30f3\u30d7\u653f\u6a29\u306e\ud83d\udca9\u306b\u305f\u304b\u3063\u305f\u30cf\u30a8\u306b\u5927\u30a6\u30b1\u203c\ufe0f\ud83d\ude02\n\n\u30bd\u30eb\u30c8\u30fb\u30ec\u30a4\u30af\u30fb\u30b7\u30c6\u30a3\u306e\u30e6\u30bf\u5dde\u7acb\u5927\u3067\u672c\u65e5\u306e10\u67087\u65e5\uff08\u6c34\uff09\u306b\u884c\u308f\u308c\u305f\u526f\u5927\u7d71\u9818\u5019\u88dc\u306e\u8a0e\u8ad6\u4f1a\u3067\u3001\u3067\u3063\u304b\u3044\ud83d\udca9\u898b\u3044\u3064\u3051\u305f\u30c3\u203c\ufe0f\u3068\u3070\u304b\u308a\u306b\u98db\u3093\u3067\u304d\u305f\u30cf\u30a8\u304c\u3001\u60aa\u306e\u526f\u5927\u7d71\u9818\u306e\u30da\u30f3\u30b9\u306e\u982d\u306b\u305f\u304b\u3063\u305f\u3053\u3068\u304b\u3089\u2026 https://t.co/fVavtoobmq https://t.co/S5pNSA7ch2", "author_id": "1063938512175562752", "lang": "ja", "created_at": "2020-10-08T03:11:16.000Z", "id": "1314040637683953664", "referenced_tweets": [{"type": "quoted", "id": "1314027909808484352"}], "quoted_tweet": {"entities": {"annotations": [{"start": 0, "end": 4, "probability": 0.9544, "type": "Person", "normalized_text": "Pence"}], "hashtags": [{"start": 61, "end": 70, "tag": "VPDebate"}]}, "public_metrics": {"retweet_count": 36, "reply_count": 144, "like_count": 413, "quote_count": 9}, "source": "Twitter for iPhone", "text": "Pence\u2019s fly-bye is perhaps the greatest thing I\u2019ve ever seen #VPDebate", "author_id": "807003567605227520", "lang": "en", "created_at": "2020-10-08T02:20:41.000Z", "id": "1314027909808484352", "author": {"username": "realamberheard", "location": "Los Angeles, CA", "description": "Actor and Activist, semi-professional disruptor, ice cream advocate and shameless teacup yorkie-lover", "id": "807003567605227520", "url": "https://t.co/Ze18Ek9SOI", "profile_image_url": "https://pbs.twimg.com/profile_images/1383196364792680448/N8CdupEu_normal.jpg", "name": "Amber Heard", "public_metrics": {"followers_count": 190336, "following_count": 220, "tweet_count": 1149, "listed_count": 567}, "created_at": "2016-12-08T23:26:58.000Z"}}, "author": {"username": "Extra_Cia", "description": "@CiaMovieNews has been keeping you up to date with the latest entertainment news on Hollywood Movies, TV, Celebrity since 2007.\nFounder/Writer @CIA_Billy", "id": "1063938512175562752", "url": "https://t.co/A1dKOd2w8v", "profile_image_url": "https://pbs.twimg.com/profile_images/1065470870888443904/l-5bpPhJ_normal.jpg", "name": "CIA\ud83c\udf1fMovie News+", "public_metrics": {"followers_count": 1463, "following_count": 64, "tweet_count": 13445, "listed_count": 0}, "created_at": "2018-11-17T23:34:43.000Z"}}, {"public_metrics": {"retweet_count": 0, "reply_count": 5, "like_count": 11, "quote_count": 0}, "source": "Twitter for iPhone", "entities": {"urls": [{"start": 5, "end": 28, "url": "https://t.co/8yyDKBuNuY", "expanded_url": "https://twitter.com/realamberheard/status/1314027909808484352", "display_url": "twitter.com/realamberheard\u2026"}]}, "text": "\ud83d\ude02\ud83e\udd23\ud83d\ude02\ud83e\udd23 https://t.co/8yyDKBuNuY", "author_id": "2429478240", "lang": "und", "created_at": "2020-10-08T02:21:26.000Z", "id": "1314028096585191426", "referenced_tweets": [{"type": "quoted", "id": "1314027909808484352"}], "quoted_tweet": {"entities": {"annotations": [{"start": 0, "end": 4, "probability": 0.9544, "type": "Person", "normalized_text": "Pence"}], "hashtags": [{"start": 61, "end": 70, "tag": "VPDebate"}]}, "public_metrics": {"retweet_count": 36, "reply_count": 144, "like_count": 413, "quote_count": 9}, "source": "Twitter for iPhone", "text": "Pence\u2019s fly-bye is perhaps the greatest thing I\u2019ve ever seen #VPDebate", "author_id": "807003567605227520", "lang": "en", "created_at": "2020-10-08T02:20:41.000Z", "id": "1314027909808484352", "author": {"username": "realamberheard", "location": "Los Angeles, CA", "description": "Actor and Activist, semi-professional disruptor, ice cream advocate and shameless teacup yorkie-lover", "id": "807003567605227520", "url": "https://t.co/Ze18Ek9SOI", "profile_image_url": "https://pbs.twimg.com/profile_images/1383196364792680448/N8CdupEu_normal.jpg", "name": "Amber Heard", "public_metrics": {"followers_count": 190336, "following_count": 220, "tweet_count": 1149, "listed_count": 567}, "created_at": "2016-12-08T23:26:58.000Z"}}, "author": {"username": "HollylJacobs", "location": "Miami, FL", "description": "@CCRInitiative Founder, 2018 L\u2019Oreal Paris Women of Worth Honoree. Civil rights, tech, data, research, music, and truth enthusiast. Opinions are my own.", "id": "2429478240", "url": "https://t.co/l2vO6jyqib", "profile_image_url": "https://pbs.twimg.com/profile_images/1428694825243713539/GSAxDK3x_normal.jpg", "name": "Dr. Holly Jacobs", "public_metrics": {"followers_count": 1307, "following_count": 475, "tweet_count": 1822, "listed_count": 27}, "created_at": "2014-04-05T21:39:27.000Z"}}]