[{"text": "https://t.co/7119l1pdEh https://t.co/Pfw4FG17mp", "lang": "und", "public_metrics": {"retweet_count": 0, "reply_count": 0, "like_count": 0, "quote_count": 0}, "author_id": "1127213302151569408", "created_at": "2020-11-07T10:00:44.000Z", "entities": {"urls": [{"start": 0, "end": 23, "url": "https://t.co/7119l1pdEh", "expanded_url": "https://twitter.com/rogue_not/status/1325015320818495489/photo/1", "display_url": "pic.twitter.com/7119l1pdEh"}, {"start": 24, "end": 47, "url": "https://t.co/Pfw4FG17mp", "expanded_url": "https://twitter.com/realamberheard/status/1314033249702748160", "display_url": "twitter.com/realamberheard\u2026"}]}, "referenced_tweets": [{"type": "quoted", "id": "1314033249702748160"}], "id": "1325015320818495489", "source": "Twitter for iPhone", "quoted_tweet": {"text": "@ABC news correspondent just said @KamalaHarris was \u201cspicy\u201d !? Chiles are spicy. Strong women with firm opinions &amp; the ability to actually articulate them ....?  Not edible \ud83c\udf36", "lang": "en", "public_metrics": {"retweet_count": 14, "reply_count": 58, "like_count": 60, "quote_count": 10}, "author_id": "807003567605227520", "created_at": "2020-10-08T02:41:54.000Z", "id": "1314033249702748160", "in_reply_to_user_id": "28785486", "source": "Twitter for iPhone", "entities": {"mentions": [{"start": 0, "end": 4, "username": "ABC", "id": "28785486"}, {"start": 34, "end": 47, "username": "KamalaHarris", "id": "30354991"}]}, "author": {"url": "https://t.co/Ze18Ek9SOI", "id": "807003567605227520", "public_metrics": {"followers_count": 190336, "following_count": 220, "tweet_count": 1149, "listed_count": 567}, "created_at": "2016-12-08T23:26:58.000Z", "username": "realamberheard", "description": "Actor and Activist, semi-professional disruptor, ice cream advocate and shameless teacup yorkie-lover", "profile_image_url": "https://pbs.twimg.com/profile_images/1383196364792680448/N8CdupEu_normal.jpg", "name": "Amber Heard", "location": "Los Angeles, CA"}}, "author": {"url": "", "id": "1127213302151569408", "public_metrics": {"followers_count": 4, "following_count": 25, "tweet_count": 11, "listed_count": 0}, "created_at": "2019-05-11T14:06:08.000Z", "username": "rogue_not", "description": "", "profile_image_url": "https://pbs.twimg.com/profile_images/1478169988108374024/IDfu13y6_normal.jpg", "name": "NOT_Vogue"}}, {"text": "@realamberheard says the woman who continuously uses the N word.(Too bad for you, your text messages were made public.) Stereotypes Mexicans as \"the help.\" (Your words.)Has lied about being abused in order to further your \"career\" in Hollywood. Pathetic. https://t.co/EMQ7Fvmg77", "lang": "en", "public_metrics": {"retweet_count": 0, "reply_count": 0, "like_count": 0, "quote_count": 0}, "author_id": "1018992396", "created_at": "2020-11-01T05:47:18.000Z", "entities": {"urls": [{"start": 255, "end": 278, "url": "https://t.co/EMQ7Fvmg77", "expanded_url": "https://twitter.com/realamberheard/status/1314033249702748160", "display_url": "twitter.com/realamberheard\u2026"}], "annotations": [{"start": 234, "end": 242, "probability": 0.9022, "type": "Place", "normalized_text": "Hollywood"}], "mentions": [{"start": 0, "end": 15, "username": "realamberheard", "id": "807003567605227520"}]}, "referenced_tweets": [{"type": "quoted", "id": "1314033249702748160"}], "id": "1322777212248969218", "in_reply_to_user_id": "807003567605227520", "source": "Twitter for Android", "quoted_tweet": {"text": "@ABC news correspondent just said @KamalaHarris was \u201cspicy\u201d !? Chiles are spicy. Strong women with firm opinions &amp; the ability to actually articulate them ....?  Not edible \ud83c\udf36", "lang": "en", "public_metrics": {"retweet_count": 14, "reply_count": 58, "like_count": 60, "quote_count": 10}, "author_id": "807003567605227520", "created_at": "2020-10-08T02:41:54.000Z", "id": "1314033249702748160", "in_reply_to_user_id": "28785486", "source": "Twitter for iPhone", "entities": {"mentions": [{"start": 0, "end": 4, "username": "ABC", "id": "28785486"}, {"start": 34, "end": 47, "username": "KamalaHarris", "id": "30354991"}]}, "author": {"url": "https://t.co/Ze18Ek9SOI", "id": "807003567605227520", "public_metrics": {"followers_count": 190336, "following_count": 220, "tweet_count": 1149, "listed_count": 567}, "created_at": "2016-12-08T23:26:58.000Z", "username": "realamberheard", "description": "Actor and Activist, semi-professional disruptor, ice cream advocate and shameless teacup yorkie-lover", "profile_image_url": "https://pbs.twimg.com/profile_images/1383196364792680448/N8CdupEu_normal.jpg", "name": "Amber Heard", "location": "Los Angeles, CA"}}, "author": {"url": "", "id": "1018992396", "public_metrics": {"followers_count": 408, "following_count": 714, "tweet_count": 4914, "listed_count": 7}, "created_at": "2012-12-18T04:40:57.000Z", "username": "gbluebelle", "description": "Dreamer. Coffee Lover. Mexicana \ud83c\uddf2\ud83c\uddfd", "profile_image_url": "https://pbs.twimg.com/profile_images/1494166164632576002/JAieAd8F_normal.jpg", "name": "Gabby", "location": "Orange, CA"}}, {"text": "Her tweets always read like she was wasted when she wrote them... https://t.co/jFjQwuSWb6", "lang": "en", "public_metrics": {"retweet_count": 0, "reply_count": 2, "like_count": 9, "quote_count": 0}, "author_id": "1117062790945148934", "created_at": "2020-10-22T12:55:55.000Z", "entities": {"urls": [{"start": 66, "end": 89, "url": "https://t.co/jFjQwuSWb6", "expanded_url": "https://twitter.com/realamberheard/status/1314033249702748160", "display_url": "twitter.com/realamberheard\u2026"}]}, "id": "1319261198374866946", "source": "Twitter for Android", "quoted_tweet": {"text": "@ABC news correspondent just said @KamalaHarris was \u201cspicy\u201d !? Chiles are spicy. Strong women with firm opinions &amp; the ability to actually articulate them ....?  Not edible \ud83c\udf36", "lang": "en", "public_metrics": {"retweet_count": 14, "reply_count": 58, "like_count": 60, "quote_count": 10}, "author_id": "807003567605227520", "created_at": "2020-10-08T02:41:54.000Z", "id": "1314033249702748160", "in_reply_to_user_id": "28785486", "source": "Twitter for iPhone", "entities": {"mentions": [{"start": 0, "end": 4, "username": "ABC", "id": "28785486"}, {"start": 34, "end": 47, "username": "KamalaHarris", "id": "30354991"}]}, "author": {"url": "https://t.co/Ze18Ek9SOI", "id": "807003567605227520", "public_metrics": {"followers_count": 190336, "following_count": 220, "tweet_count": 1149, "listed_count": 567}, "created_at": "2016-12-08T23:26:58.000Z", "username": "realamberheard", "description": "Actor and Activist, semi-professional disruptor, ice cream advocate and shameless teacup yorkie-lover", "profile_image_url": "https://pbs.twimg.com/profile_images/1383196364792680448/N8CdupEu_normal.jpg", "name": "Amber Heard", "location": "Los Angeles, CA"}}, "author": {"url": "", "id": "1117062790945148934", "public_metrics": {"followers_count": 594, "following_count": 164, "tweet_count": 29734, "listed_count": 3}, "created_at": "2019-04-13T13:51:38.000Z", "username": "Isuckatbeingag1", "description": "I'm just here to watch a real novela unfold and ask questions", "profile_image_url": "https://pbs.twimg.com/profile_images/1194835999668555776/gPQLYfNw_normal.jpg", "name": "Isuckatbeingagirl\ud83c\udff4\u200d\u2620\ufe0f"}}, {"entities": {"hashtags": [{"start": 179, "end": 202, "tag": "WeJustDontLikeYouAmber"}], "urls": [{"start": 203, "end": 226, "url": "https://t.co/cX88mZTae2", "expanded_url": "https://twitter.com/realamberheard/status/1314033249702748160", "display_url": "twitter.com/realamberheard\u2026"}]}, "text": "You know it's laughable when you talk about how 'women have the ability to articulate opinions.' You can't articulate in ONE sentence when you explain YOUR opinion. Oh the irony. #WeJustDontLikeYouAmber https://t.co/cX88mZTae2", "lang": "en", "public_metrics": {"retweet_count": 0, "reply_count": 0, "like_count": 0, "quote_count": 0}, "author_id": "1264157042274643968", "created_at": "2020-10-22T12:39:01.000Z", "referenced_tweets": [{"type": "quoted", "id": "1314033249702748160"}], "id": "1319256948399890434", "source": "Twitter for Android", "quoted_tweet": {"text": "@ABC news correspondent just said @KamalaHarris was \u201cspicy\u201d !? Chiles are spicy. Strong women with firm opinions &amp; the ability to actually articulate them ....?  Not edible \ud83c\udf36", "lang": "en", "public_metrics": {"retweet_count": 14, "reply_count": 58, "like_count": 60, "quote_count": 10}, "author_id": "807003567605227520", "created_at": "2020-10-08T02:41:54.000Z", "id": "1314033249702748160", "in_reply_to_user_id": "28785486", "source": "Twitter for iPhone", "entities": {"mentions": [{"start": 0, "end": 4, "username": "ABC", "id": "28785486"}, {"start": 34, "end": 47, "username": "KamalaHarris", "id": "30354991"}]}, "author": {"url": "https://t.co/Ze18Ek9SOI", "id": "807003567605227520", "public_metrics": {"followers_count": 190336, "following_count": 220, "tweet_count": 1149, "listed_count": 567}, "created_at": "2016-12-08T23:26:58.000Z", "username": "realamberheard", "description": "Actor and Activist, semi-professional disruptor, ice cream advocate and shameless teacup yorkie-lover", "profile_image_url": "https://pbs.twimg.com/profile_images/1383196364792680448/N8CdupEu_normal.jpg", "name": "Amber Heard", "location": "Los Angeles, CA"}}, "author": {"url": "", "id": "1264157042274643968", "public_metrics": {"followers_count": 55, "following_count": 41, "tweet_count": 3300, "listed_count": 1}, "created_at": "2020-05-23T11:32:40.000Z", "username": "NeyPork", "description": "'All that I'm living for all that I'm dying for\nall that I can't ignore alone at night-' Evanescence \u2620\ud83d\udc41\ud83d\udda4", "profile_image_url": "https://pbs.twimg.com/profile_images/1400797565885505537/HSQZgdV8_normal.jpg", "name": "Pork_ney", "location": "United Kingdom"}}, {"text": "Turd is like that person who tries to sound smart and articulate but just isn't https://t.co/a1okQX1pJA", "lang": "en", "public_metrics": {"retweet_count": 0, "reply_count": 0, "like_count": 7, "quote_count": 0}, "author_id": "1184744670326214657", "created_at": "2020-10-22T07:17:05.000Z", "entities": {"urls": [{"start": 80, "end": 103, "url": "https://t.co/a1okQX1pJA", "expanded_url": "https://twitter.com/realamberheard/status/1314033249702748160", "display_url": "twitter.com/realamberheard\u2026"}]}, "referenced_tweets": [{"type": "quoted", "id": "1314033249702748160"}], "id": "1319175928618967044", "source": "Twitter Web App", "quoted_tweet": {"text": "@ABC news correspondent just said @KamalaHarris was \u201cspicy\u201d !? Chiles are spicy. Strong women with firm opinions &amp; the ability to actually articulate them ....?  Not edible \ud83c\udf36", "lang": "en", "public_metrics": {"retweet_count": 14, "reply_count": 58, "like_count": 60, "quote_count": 10}, "author_id": "807003567605227520", "created_at": "2020-10-08T02:41:54.000Z", "id": "1314033249702748160", "in_reply_to_user_id": "28785486", "source": "Twitter for iPhone", "entities": {"mentions": [{"start": 0, "end": 4, "username": "ABC", "id": "28785486"}, {"start": 34, "end": 47, "username": "KamalaHarris", "id": "30354991"}]}, "author": {"url": "https://t.co/Ze18Ek9SOI", "id": "807003567605227520", "public_metrics": {"followers_count": 190336, "following_count": 220, "tweet_count": 1149, "listed_count": 567}, "created_at": "2016-12-08T23:26:58.000Z", "username": "realamberheard", "description": "Actor and Activist, semi-professional disruptor, ice cream advocate and shameless teacup yorkie-lover", "profile_image_url": "https://pbs.twimg.com/profile_images/1383196364792680448/N8CdupEu_normal.jpg", "name": "Amber Heard", "location": "Los Angeles, CA"}}, "author": {"url": "", "id": "1184744670326214657", "public_metrics": {"followers_count": 277, "following_count": 412, "tweet_count": 8026, "listed_count": 0}, "created_at": "2019-10-17T08:15:29.000Z", "username": "ceceisoverparty", "description": "proud member of taylor swift's first 22.5k tiktok followers", "profile_image_url": "https://pbs.twimg.com/profile_images/1468834094104469505/L2Pv4L3b_normal.jpg", "name": "\ud835\udd88\ud835\udd9f\ud835\udd86\ud835\udd92 \ud83c\udf38", "location": "6353 Juan Tabo Apt. 6"}}, {"text": "She has the audacity to @ Kamala even tho she uses the N-word. You\u2019re a racist person, go away. https://t.co/uTRgSMNH6m", "lang": "en", "public_metrics": {"retweet_count": 0, "reply_count": 1, "like_count": 2, "quote_count": 0}, "author_id": "37315639", "created_at": "2020-10-22T01:11:59.000Z", "entities": {"urls": [{"start": 96, "end": 119, "url": "https://t.co/uTRgSMNH6m", "expanded_url": "https://twitter.com/realamberheard/status/1314033249702748160", "display_url": "twitter.com/realamberheard\u2026"}]}, "referenced_tweets": [{"type": "quoted", "id": "1314033249702748160"}], "id": "1319084051165106176", "source": "Twitter for iPhone", "quoted_tweet": {"text": "@ABC news correspondent just said @KamalaHarris was \u201cspicy\u201d !? Chiles are spicy. Strong women with firm opinions &amp; the ability to actually articulate them ....?  Not edible \ud83c\udf36", "lang": "en", "public_metrics": {"retweet_count": 14, "reply_count": 58, "like_count": 60, "quote_count": 10}, "author_id": "807003567605227520", "created_at": "2020-10-08T02:41:54.000Z", "id": "1314033249702748160", "in_reply_to_user_id": "28785486", "source": "Twitter for iPhone", "entities": {"mentions": [{"start": 0, "end": 4, "username": "ABC", "id": "28785486"}, {"start": 34, "end": 47, "username": "KamalaHarris", "id": "30354991"}]}, "author": {"url": "https://t.co/Ze18Ek9SOI", "id": "807003567605227520", "public_metrics": {"followers_count": 190336, "following_count": 220, "tweet_count": 1149, "listed_count": 567}, "created_at": "2016-12-08T23:26:58.000Z", "username": "realamberheard", "description": "Actor and Activist, semi-professional disruptor, ice cream advocate and shameless teacup yorkie-lover", "profile_image_url": "https://pbs.twimg.com/profile_images/1383196364792680448/N8CdupEu_normal.jpg", "name": "Amber Heard", "location": "Los Angeles, CA"}}, "author": {"url": "", "id": "37315639", "public_metrics": {"followers_count": 618, "following_count": 302, "tweet_count": 13884, "listed_count": 10}, "created_at": "2009-05-03T00:06:17.000Z", "username": "brittannia_a", "description": "\u201cwield your heart, and the world will tremble.\u201d | mtg player + book reviewer \u02d1\u0f04\u0618 \u06ea\u06ea\u06eb\u06eb. \ud83d\udcd6: 23/50", "profile_image_url": "https://pbs.twimg.com/profile_images/1498946908022198273/P1J5_bag_normal.jpg", "name": "brittney \ud83c\uddfa\ud83c\udde6", "location": "   mirkwood (she/her)"}}, {"text": "I think we know that? https://t.co/LDWgjILprl", "lang": "en", "public_metrics": {"retweet_count": 0, "reply_count": 0, "like_count": 0, "quote_count": 0}, "author_id": "1580248584", "created_at": "2020-10-15T05:28:37.000Z", "entities": {"urls": [{"start": 22, "end": 45, "url": "https://t.co/LDWgjILprl", "expanded_url": "https://twitter.com/realamberheard/status/1314033249702748160", "display_url": "twitter.com/realamberheard\u2026"}]}, "referenced_tweets": [{"type": "quoted", "id": "1314033249702748160"}], "id": "1316611916463321088", "source": "Twitter for iPad", "quoted_tweet": {"text": "@ABC news correspondent just said @KamalaHarris was \u201cspicy\u201d !? Chiles are spicy. Strong women with firm opinions &amp; the ability to actually articulate them ....?  Not edible \ud83c\udf36", "lang": "en", "public_metrics": {"retweet_count": 14, "reply_count": 58, "like_count": 60, "quote_count": 10}, "author_id": "807003567605227520", "created_at": "2020-10-08T02:41:54.000Z", "id": "1314033249702748160", "in_reply_to_user_id": "28785486", "source": "Twitter for iPhone", "entities": {"mentions": [{"start": 0, "end": 4, "username": "ABC", "id": "28785486"}, {"start": 34, "end": 47, "username": "KamalaHarris", "id": "30354991"}]}, "author": {"url": "https://t.co/Ze18Ek9SOI", "id": "807003567605227520", "public_metrics": {"followers_count": 190336, "following_count": 220, "tweet_count": 1149, "listed_count": 567}, "created_at": "2016-12-08T23:26:58.000Z", "username": "realamberheard", "description": "Actor and Activist, semi-professional disruptor, ice cream advocate and shameless teacup yorkie-lover", "profile_image_url": "https://pbs.twimg.com/profile_images/1383196364792680448/N8CdupEu_normal.jpg", "name": "Amber Heard", "location": "Los Angeles, CA"}}, "author": {"url": "", "id": "1580248584", "public_metrics": {"followers_count": 256, "following_count": 1685, "tweet_count": 18203, "listed_count": 1}, "created_at": "2013-07-09T12:39:51.000Z", "username": "musicmaster316", "description": "#musician #Singer/songwriter #musicteacher #performer #military.", "profile_image_url": "https://pbs.twimg.com/profile_images/790340070330998784/O6odNTTL_normal.jpg", "name": "Music Man", "location": "New England "}}, {"text": "Also would they have called her spicy if she wasn\u2019t a woc? Probably not... https://t.co/CNbjigytmX", "lang": "en", "public_metrics": {"retweet_count": 0, "reply_count": 0, "like_count": 4, "quote_count": 0}, "author_id": "907714208489291776", "created_at": "2020-10-08T03:41:39.000Z", "entities": {"urls": [{"start": 75, "end": 98, "url": "https://t.co/CNbjigytmX", "expanded_url": "https://twitter.com/realamberheard/status/1314033249702748160", "display_url": "twitter.com/realamberheard\u2026"}]}, "referenced_tweets": [{"type": "quoted", "id": "1314033249702748160"}], "id": "1314048285435326464", "source": "Twitter for iPhone", "quoted_tweet": {"text": "@ABC news correspondent just said @KamalaHarris was \u201cspicy\u201d !? Chiles are spicy. Strong women with firm opinions &amp; the ability to actually articulate them ....?  Not edible \ud83c\udf36", "lang": "en", "public_metrics": {"retweet_count": 14, "reply_count": 58, "like_count": 60, "quote_count": 10}, "author_id": "807003567605227520", "created_at": "2020-10-08T02:41:54.000Z", "id": "1314033249702748160", "in_reply_to_user_id": "28785486", "source": "Twitter for iPhone", "entities": {"mentions": [{"start": 0, "end": 4, "username": "ABC", "id": "28785486"}, {"start": 34, "end": 47, "username": "KamalaHarris", "id": "30354991"}]}, "author": {"url": "https://t.co/Ze18Ek9SOI", "id": "807003567605227520", "public_metrics": {"followers_count": 190336, "following_count": 220, "tweet_count": 1149, "listed_count": 567}, "created_at": "2016-12-08T23:26:58.000Z", "username": "realamberheard", "description": "Actor and Activist, semi-professional disruptor, ice cream advocate and shameless teacup yorkie-lover", "profile_image_url": "https://pbs.twimg.com/profile_images/1383196364792680448/N8CdupEu_normal.jpg", "name": "Amber Heard", "location": "Los Angeles, CA"}}, "author": {"url": "", "id": "907714208489291776", "public_metrics": {"followers_count": 658, "following_count": 720, "tweet_count": 55391, "listed_count": 7}, "created_at": "2017-09-12T21:15:06.000Z", "username": "atjogialove", "description": "get over here- she\u2019s my pal (she/her)", "profile_image_url": "https://pbs.twimg.com/profile_images/1477194891675328514/flYMQutS_normal.jpg", "name": "liv \ud83c\udf3b", "location": "Home Again "}}, {"text": "i love her https://t.co/65Tfhvujb4", "lang": "en", "public_metrics": {"retweet_count": 0, "reply_count": 0, "like_count": 7, "quote_count": 0}, "author_id": "3065762493", "created_at": "2020-10-08T03:37:21.000Z", "entities": {"urls": [{"start": 11, "end": 34, "url": "https://t.co/65Tfhvujb4", "expanded_url": "https://twitter.com/realamberheard/status/1314033249702748160", "display_url": "twitter.com/realamberheard\u2026"}]}, "referenced_tweets": [{"type": "quoted", "id": "1314033249702748160"}], "id": "1314047202566828033", "source": "Twitter for iPhone", "quoted_tweet": {"text": "@ABC news correspondent just said @KamalaHarris was \u201cspicy\u201d !? Chiles are spicy. Strong women with firm opinions &amp; the ability to actually articulate them ....?  Not edible \ud83c\udf36", "lang": "en", "public_metrics": {"retweet_count": 14, "reply_count": 58, "like_count": 60, "quote_count": 10}, "author_id": "807003567605227520", "created_at": "2020-10-08T02:41:54.000Z", "id": "1314033249702748160", "in_reply_to_user_id": "28785486", "source": "Twitter for iPhone", "entities": {"mentions": [{"start": 0, "end": 4, "username": "ABC", "id": "28785486"}, {"start": 34, "end": 47, "username": "KamalaHarris", "id": "30354991"}]}, "author": {"url": "https://t.co/Ze18Ek9SOI", "id": "807003567605227520", "public_metrics": {"followers_count": 190336, "following_count": 220, "tweet_count": 1149, "listed_count": 567}, "created_at": "2016-12-08T23:26:58.000Z", "username": "realamberheard", "description": "Actor and Activist, semi-professional disruptor, ice cream advocate and shameless teacup yorkie-lover", "profile_image_url": "https://pbs.twimg.com/profile_images/1383196364792680448/N8CdupEu_normal.jpg", "name": "Amber Heard", "location": "Los Angeles, CA"}}, "author": {"url": "https://t.co/YxZgLFMyeQ", "id": "3065762493", "public_metrics": {"followers_count": 2808, "following_count": 97, "tweet_count": 32673, "listed_count": 29}, "created_at": "2015-03-01T20:14:47.000Z", "username": "heardverse", "description": "ur resident amber heard stan", "profile_image_url": "https://pbs.twimg.com/profile_images/1438347905304256512/kQoJOMWs_normal.jpg", "name": "carol", "location": "Brasil"}}]