[{"created_at": "2021-02-22T20:37:39.000Z", "text": "I'd love to see an interview of her talking about a book she likely used as a prop. https://t.co/40P6K9PwxM", "source": "Twitter for iPhone", "public_metrics": {"retweet_count": 0, "reply_count": 1, "like_count": 1, "quote_count": 0}, "id": "1363951108746485762", "author_id": "1251326256320253954", "lang": "en", "referenced_tweets": [{"type": "quoted", "id": "1322669662388187136"}], "entities": {"urls": [{"start": 84, "end": 107, "url": "https://t.co/40P6K9PwxM", "expanded_url": "https://twitter.com/realamberheard/status/1322669662388187136", "display_url": "twitter.com/realamberheard\u2026"}]}, "quoted_tweet": {"created_at": "2020-10-31T22:39:56.000Z", "text": "Love what u have to say. I feel On Tyranny should be required reading for all Americans https://t.co/z5fiBvJabm", "entities": {"annotations": [{"start": 78, "end": 86, "probability": 0.5533, "type": "Person", "normalized_text": "Americans"}], "urls": [{"start": 88, "end": 111, "url": "https://t.co/z5fiBvJabm", "expanded_url": "https://twitter.com/TimothyDSnyder/status/1322546681842421766", "display_url": "twitter.com/TimothyDSnyder\u2026"}]}, "source": "Twitter for iPhone", "public_metrics": {"retweet_count": 18, "reply_count": 475, "like_count": 421, "quote_count": 33}, "id": "1322669662388187136", "author_id": "807003567605227520", "lang": "en", "referenced_tweets": [{"type": "quoted", "id": "1322546681842421766"}], "author": {"username": "realamberheard", "id": "807003567605227520", "created_at": "2016-12-08T23:26:58.000Z", "public_metrics": {"followers_count": 190336, "following_count": 220, "tweet_count": 1149, "listed_count": 567}, "name": "Amber Heard", "url": "https://t.co/Ze18Ek9SOI", "location": "Los Angeles, CA", "description": "Actor and Activist, semi-professional disruptor, ice cream advocate and shameless teacup yorkie-lover", "profile_image_url": "https://pbs.twimg.com/profile_images/1383196364792680448/N8CdupEu_normal.jpg"}}, "author": {"username": "MarieWatsen", "id": "1251326256320253954", "created_at": "2020-04-18T01:47:08.000Z", "public_metrics": {"followers_count": 865, "following_count": 345, "tweet_count": 4302, "listed_count": 0}, "name": "Marie Watson", "url": "", "location": "Earth", "description": "Blogger| House Stark| Coffee Enthusiast", "profile_image_url": "https://pbs.twimg.com/profile_images/1450608606395584515/9I4x32uy_normal.jpg"}}, {"created_at": "2021-01-14T05:34:17.000Z", "text": "Odd. Isn't that what your doing to someone right now ? https://t.co/CdrxCB2PR2", "source": "Twitter for Android", "public_metrics": {"retweet_count": 0, "reply_count": 0, "like_count": 0, "quote_count": 0}, "id": "1349590640259026944", "author_id": "3278353267", "lang": "en", "referenced_tweets": [{"type": "quoted", "id": "1322669662388187136"}], "entities": {"urls": [{"start": 55, "end": 78, "url": "https://t.co/CdrxCB2PR2", "expanded_url": "https://twitter.com/realamberheard/status/1322669662388187136", "display_url": "twitter.com/realamberheard\u2026"}]}, "quoted_tweet": {"created_at": "2020-10-31T22:39:56.000Z", "text": "Love what u have to say. I feel On Tyranny should be required reading for all Americans https://t.co/z5fiBvJabm", "entities": {"annotations": [{"start": 78, "end": 86, "probability": 0.5533, "type": "Person", "normalized_text": "Americans"}], "urls": [{"start": 88, "end": 111, "url": "https://t.co/z5fiBvJabm", "expanded_url": "https://twitter.com/TimothyDSnyder/status/1322546681842421766", "display_url": "twitter.com/TimothyDSnyder\u2026"}]}, "source": "Twitter for iPhone", "public_metrics": {"retweet_count": 18, "reply_count": 475, "like_count": 421, "quote_count": 33}, "id": "1322669662388187136", "author_id": "807003567605227520", "lang": "en", "referenced_tweets": [{"type": "quoted", "id": "1322546681842421766"}], "author": {"username": "realamberheard", "id": "807003567605227520", "created_at": "2016-12-08T23:26:58.000Z", "public_metrics": {"followers_count": 190336, "following_count": 220, "tweet_count": 1149, "listed_count": 567}, "name": "Amber Heard", "url": "https://t.co/Ze18Ek9SOI", "location": "Los Angeles, CA", "description": "Actor and Activist, semi-professional disruptor, ice cream advocate and shameless teacup yorkie-lover", "profile_image_url": "https://pbs.twimg.com/profile_images/1383196364792680448/N8CdupEu_normal.jpg"}}, "author": {"username": "NathalieNixson", "id": "3278353267", "created_at": "2015-07-13T08:07:29.000Z", "public_metrics": {"followers_count": 26, "following_count": 249, "tweet_count": 2276, "listed_count": 0}, "name": "Nathalie Nixson", "url": "", "description": "muahahhhaaahhhaaa", "profile_image_url": "https://pbs.twimg.com/profile_images/620504969981005824/GaNKc96F_normal.jpg"}}, {"created_at": "2021-01-08T04:06:05.000Z", "text": "Love what you have to say about giving $7million settlement money to a children\u2019s hospital but donated none of it \ud83d\udd76\ud83e\udd0f\ud83c\udffc\ud83d\ude0e https://t.co/k064TOwDtT", "source": "Twitter for iPhone", "public_metrics": {"retweet_count": 0, "reply_count": 0, "like_count": 0, "quote_count": 0}, "id": "1347394117584769030", "author_id": "1252270790063636484", "lang": "en", "referenced_tweets": [{"type": "quoted", "id": "1322669662388187136"}], "entities": {"urls": [{"start": 119, "end": 142, "url": "https://t.co/k064TOwDtT", "expanded_url": "https://twitter.com/realamberheard/status/1322669662388187136", "display_url": "twitter.com/realamberheard\u2026"}]}, "quoted_tweet": {"created_at": "2020-10-31T22:39:56.000Z", "text": "Love what u have to say. I feel On Tyranny should be required reading for all Americans https://t.co/z5fiBvJabm", "entities": {"annotations": [{"start": 78, "end": 86, "probability": 0.5533, "type": "Person", "normalized_text": "Americans"}], "urls": [{"start": 88, "end": 111, "url": "https://t.co/z5fiBvJabm", "expanded_url": "https://twitter.com/TimothyDSnyder/status/1322546681842421766", "display_url": "twitter.com/TimothyDSnyder\u2026"}]}, "source": "Twitter for iPhone", "public_metrics": {"retweet_count": 18, "reply_count": 475, "like_count": 421, "quote_count": 33}, "id": "1322669662388187136", "author_id": "807003567605227520", "lang": "en", "referenced_tweets": [{"type": "quoted", "id": "1322546681842421766"}], "author": {"username": "realamberheard", "id": "807003567605227520", "created_at": "2016-12-08T23:26:58.000Z", "public_metrics": {"followers_count": 190336, "following_count": 220, "tweet_count": 1149, "listed_count": 567}, "name": "Amber Heard", "url": "https://t.co/Ze18Ek9SOI", "location": "Los Angeles, CA", "description": "Actor and Activist, semi-professional disruptor, ice cream advocate and shameless teacup yorkie-lover", "profile_image_url": "https://pbs.twimg.com/profile_images/1383196364792680448/N8CdupEu_normal.jpg"}}, "author": {"username": "tashaverrall_xo", "id": "1252270790063636484", "created_at": "2020-04-20T16:20:06.000Z", "public_metrics": {"followers_count": 8, "following_count": 75, "tweet_count": 380, "listed_count": 0}, "name": "Natasha \ud83e\udd0d", "url": "", "description": "it\u2019s coming home- Martin Luther KIng", "profile_image_url": "https://pbs.twimg.com/profile_images/1403795380937150464/cHDcbZZB_normal.jpg"}}, {"created_at": "2020-11-07T11:06:36.000Z", "text": "Cunt \ud83d\udc47 https://t.co/opCkDDCMAK", "source": "Twitter for Android", "public_metrics": {"retweet_count": 0, "reply_count": 0, "like_count": 0, "quote_count": 0}, "id": "1325031897597087745", "author_id": "19727399", "lang": "in", "referenced_tweets": [{"type": "quoted", "id": "1322669662388187136"}], "entities": {"urls": [{"start": 7, "end": 30, "url": "https://t.co/opCkDDCMAK", "expanded_url": "https://twitter.com/realamberheard/status/1322669662388187136", "display_url": "twitter.com/realamberheard\u2026"}]}, "quoted_tweet": {"created_at": "2020-10-31T22:39:56.000Z", "text": "Love what u have to say. I feel On Tyranny should be required reading for all Americans https://t.co/z5fiBvJabm", "entities": {"annotations": [{"start": 78, "end": 86, "probability": 0.5533, "type": "Person", "normalized_text": "Americans"}], "urls": [{"start": 88, "end": 111, "url": "https://t.co/z5fiBvJabm", "expanded_url": "https://twitter.com/TimothyDSnyder/status/1322546681842421766", "display_url": "twitter.com/TimothyDSnyder\u2026"}]}, "source": "Twitter for iPhone", "public_metrics": {"retweet_count": 18, "reply_count": 475, "like_count": 421, "quote_count": 33}, "id": "1322669662388187136", "author_id": "807003567605227520", "lang": "en", "referenced_tweets": [{"type": "quoted", "id": "1322546681842421766"}], "author": {"username": "realamberheard", "id": "807003567605227520", "created_at": "2016-12-08T23:26:58.000Z", "public_metrics": {"followers_count": 190336, "following_count": 220, "tweet_count": 1149, "listed_count": 567}, "name": "Amber Heard", "url": "https://t.co/Ze18Ek9SOI", "location": "Los Angeles, CA", "description": "Actor and Activist, semi-professional disruptor, ice cream advocate and shameless teacup yorkie-lover", "profile_image_url": "https://pbs.twimg.com/profile_images/1383196364792680448/N8CdupEu_normal.jpg"}}, "author": {"username": "mustidram", "id": "19727399", "created_at": "2009-01-29T19:11:00.000Z", "public_metrics": {"followers_count": 459, "following_count": 1030, "tweet_count": 12600, "listed_count": 6}, "name": "Muckiest Roman", "url": "", "location": "The Shire, UK. ", "description": "TOYMRAFD.", "profile_image_url": "https://pbs.twimg.com/profile_images/1449374568238489601/hHSiEVXs_normal.jpg"}}, {"created_at": "2020-11-06T23:45:46.000Z", "text": "fuck you, you abusive piece of shit https://t.co/9TMKO98fFD", "source": "Twitter Web App", "public_metrics": {"retweet_count": 0, "reply_count": 0, "like_count": 2, "quote_count": 0}, "id": "1324860556872986624", "author_id": "1250800995375947776", "lang": "en", "referenced_tweets": [{"type": "quoted", "id": "1322669662388187136"}], "entities": {"urls": [{"start": 36, "end": 59, "url": "https://t.co/9TMKO98fFD", "expanded_url": "https://twitter.com/realamberheard/status/1322669662388187136", "display_url": "twitter.com/realamberheard\u2026"}]}, "quoted_tweet": {"created_at": "2020-10-31T22:39:56.000Z", "text": "Love what u have to say. I feel On Tyranny should be required reading for all Americans https://t.co/z5fiBvJabm", "entities": {"annotations": [{"start": 78, "end": 86, "probability": 0.5533, "type": "Person", "normalized_text": "Americans"}], "urls": [{"start": 88, "end": 111, "url": "https://t.co/z5fiBvJabm", "expanded_url": "https://twitter.com/TimothyDSnyder/status/1322546681842421766", "display_url": "twitter.com/TimothyDSnyder\u2026"}]}, "source": "Twitter for iPhone", "public_metrics": {"retweet_count": 18, "reply_count": 475, "like_count": 421, "quote_count": 33}, "id": "1322669662388187136", "author_id": "807003567605227520", "lang": "en", "referenced_tweets": [{"type": "quoted", "id": "1322546681842421766"}], "author": {"username": "realamberheard", "id": "807003567605227520", "created_at": "2016-12-08T23:26:58.000Z", "public_metrics": {"followers_count": 190336, "following_count": 220, "tweet_count": 1149, "listed_count": 567}, "name": "Amber Heard", "url": "https://t.co/Ze18Ek9SOI", "location": "Los Angeles, CA", "description": "Actor and Activist, semi-professional disruptor, ice cream advocate and shameless teacup yorkie-lover", "profile_image_url": "https://pbs.twimg.com/profile_images/1383196364792680448/N8CdupEu_normal.jpg"}}, "author": {"username": "madiswylie", "id": "1250800995375947776", "created_at": "2020-04-16T14:59:35.000Z", "public_metrics": {"followers_count": 1074, "following_count": 1357, "tweet_count": 76622, "listed_count": 36}, "name": "Jayda (jules defender)", "url": "", "location": " black, bi, 17, neurodivergent", "description": "Jules antis dni (she/they)\nnot a safe space for rafe cameron stans", "profile_image_url": "https://pbs.twimg.com/profile_images/1481031129465606144/3WTfnEz1_normal.jpg"}}, {"created_at": "2020-11-06T18:38:34.000Z", "text": "FUCK YOU https://t.co/CWbsIgVsdX", "source": "Twitter for Android", "public_metrics": {"retweet_count": 0, "reply_count": 0, "like_count": 0, "quote_count": 0}, "id": "1324783250062147585", "author_id": "947057699749089280", "lang": "en", "referenced_tweets": [{"type": "quoted", "id": "1322669662388187136"}], "entities": {"urls": [{"start": 9, "end": 32, "url": "https://t.co/CWbsIgVsdX", "expanded_url": "https://twitter.com/realamberheard/status/1322669662388187136", "display_url": "twitter.com/realamberheard\u2026"}]}, "quoted_tweet": {"created_at": "2020-10-31T22:39:56.000Z", "text": "Love what u have to say. I feel On Tyranny should be required reading for all Americans https://t.co/z5fiBvJabm", "entities": {"annotations": [{"start": 78, "end": 86, "probability": 0.5533, "type": "Person", "normalized_text": "Americans"}], "urls": [{"start": 88, "end": 111, "url": "https://t.co/z5fiBvJabm", "expanded_url": "https://twitter.com/TimothyDSnyder/status/1322546681842421766", "display_url": "twitter.com/TimothyDSnyder\u2026"}]}, "source": "Twitter for iPhone", "public_metrics": {"retweet_count": 18, "reply_count": 475, "like_count": 421, "quote_count": 33}, "id": "1322669662388187136", "author_id": "807003567605227520", "lang": "en", "referenced_tweets": [{"type": "quoted", "id": "1322546681842421766"}], "author": {"username": "realamberheard", "id": "807003567605227520", "created_at": "2016-12-08T23:26:58.000Z", "public_metrics": {"followers_count": 190336, "following_count": 220, "tweet_count": 1149, "listed_count": 567}, "name": "Amber Heard", "url": "https://t.co/Ze18Ek9SOI", "location": "Los Angeles, CA", "description": "Actor and Activist, semi-professional disruptor, ice cream advocate and shameless teacup yorkie-lover", "profile_image_url": "https://pbs.twimg.com/profile_images/1383196364792680448/N8CdupEu_normal.jpg"}}, "author": {"username": "MoomooVii", "id": "947057699749089280", "created_at": "2017-12-30T10:52:05.000Z", "public_metrics": {"followers_count": 1772, "following_count": 763, "tweet_count": 33867, "listed_count": 5}, "name": "Mamamoo", "url": "", "description": "\ud83c\udff3\ufe0f\u200d\ud83c\udf08 Mamamoo made themselves.", "profile_image_url": "https://pbs.twimg.com/profile_images/1376712292470034432/C-WZM2Xq_normal.jpg"}}, {"created_at": "2020-11-06T12:46:36.000Z", "text": "Quien lo dijo? La que abuso y difamo a su marido, es una hip\u00f3crita. https://t.co/FoBxxruMUR", "source": "Twitter for Android", "public_metrics": {"retweet_count": 0, "reply_count": 0, "like_count": 0, "quote_count": 0}, "id": "1324694673991020547", "author_id": "1220028788718931970", "lang": "es", "referenced_tweets": [{"type": "quoted", "id": "1322669662388187136"}], "entities": {"urls": [{"start": 68, "end": 91, "url": "https://t.co/FoBxxruMUR", "expanded_url": "https://twitter.com/realamberheard/status/1322669662388187136", "display_url": "twitter.com/realamberheard\u2026"}]}, "quoted_tweet": {"created_at": "2020-10-31T22:39:56.000Z", "text": "Love what u have to say. I feel On Tyranny should be required reading for all Americans https://t.co/z5fiBvJabm", "entities": {"annotations": [{"start": 78, "end": 86, "probability": 0.5533, "type": "Person", "normalized_text": "Americans"}], "urls": [{"start": 88, "end": 111, "url": "https://t.co/z5fiBvJabm", "expanded_url": "https://twitter.com/TimothyDSnyder/status/1322546681842421766", "display_url": "twitter.com/TimothyDSnyder\u2026"}]}, "source": "Twitter for iPhone", "public_metrics": {"retweet_count": 18, "reply_count": 475, "like_count": 421, "quote_count": 33}, "id": "1322669662388187136", "author_id": "807003567605227520", "lang": "en", "referenced_tweets": [{"type": "quoted", "id": "1322546681842421766"}], "author": {"username": "realamberheard", "id": "807003567605227520", "created_at": "2016-12-08T23:26:58.000Z", "public_metrics": {"followers_count": 190336, "following_count": 220, "tweet_count": 1149, "listed_count": 567}, "name": "Amber Heard", "url": "https://t.co/Ze18Ek9SOI", "location": "Los Angeles, CA", "description": "Actor and Activist, semi-professional disruptor, ice cream advocate and shameless teacup yorkie-lover", "profile_image_url": "https://pbs.twimg.com/profile_images/1383196364792680448/N8CdupEu_normal.jpg"}}, "author": {"username": "AdrianaBelenHu1", "id": "1220028788718931970", "created_at": "2020-01-22T17:02:17.000Z", "public_metrics": {"followers_count": 18, "following_count": 90, "tweet_count": 419, "listed_count": 0}, "name": "Adri_1360", "url": "", "description": "", "profile_image_url": "https://pbs.twimg.com/profile_images/1311801405146005504/yXItWQ5Y_normal.jpg"}}, {"created_at": "2020-11-06T02:40:07.000Z", "text": "#AmberHeardIsALiar\n#FuckTheSun\n#fuckamberheard  \ud83d\udca9\n#JusticeForJohhnyDepp  \ud83e\udd0d https://t.co/qHK81Xmcp8", "source": "Twitter for Android", "public_metrics": {"retweet_count": 0, "reply_count": 0, "like_count": 1, "quote_count": 0}, "id": "1324542048628838405", "author_id": "1323256624665010176", "lang": "und", "entities": {"hashtags": [{"start": 0, "end": 18, "tag": "AmberHeardIsALiar"}, {"start": 19, "end": 30, "tag": "FuckTheSun"}, {"start": 31, "end": 46, "tag": "fuckamberheard"}, {"start": 50, "end": 71, "tag": "JusticeForJohhnyDepp"}], "urls": [{"start": 75, "end": 98, "url": "https://t.co/qHK81Xmcp8", "expanded_url": "https://twitter.com/realamberheard/status/1322669662388187136", "display_url": "twitter.com/realamberheard\u2026"}]}, "referenced_tweets": [{"type": "quoted", "id": "1322669662388187136"}], "quoted_tweet": {"created_at": "2020-10-31T22:39:56.000Z", "text": "Love what u have to say. I feel On Tyranny should be required reading for all Americans https://t.co/z5fiBvJabm", "entities": {"annotations": [{"start": 78, "end": 86, "probability": 0.5533, "type": "Person", "normalized_text": "Americans"}], "urls": [{"start": 88, "end": 111, "url": "https://t.co/z5fiBvJabm", "expanded_url": "https://twitter.com/TimothyDSnyder/status/1322546681842421766", "display_url": "twitter.com/TimothyDSnyder\u2026"}]}, "source": "Twitter for iPhone", "public_metrics": {"retweet_count": 18, "reply_count": 475, "like_count": 421, "quote_count": 33}, "id": "1322669662388187136", "author_id": "807003567605227520", "lang": "en", "referenced_tweets": [{"type": "quoted", "id": "1322546681842421766"}], "author": {"username": "realamberheard", "id": "807003567605227520", "created_at": "2016-12-08T23:26:58.000Z", "public_metrics": {"followers_count": 190336, "following_count": 220, "tweet_count": 1149, "listed_count": 567}, "name": "Amber Heard", "url": "https://t.co/Ze18Ek9SOI", "location": "Los Angeles, CA", "description": "Actor and Activist, semi-professional disruptor, ice cream advocate and shameless teacup yorkie-lover", "profile_image_url": "https://pbs.twimg.com/profile_images/1383196364792680448/N8CdupEu_normal.jpg"}}, "author": {"username": "ikimixn", "id": "1323256624665010176", "created_at": "2020-11-02T13:32:47.000Z", "public_metrics": {"followers_count": 1, "following_count": 12, "tweet_count": 57, "listed_count": 0}, "name": "\u110f\u1175\u1106\u1175\u110b\u1163", "url": "", "location": "United States", "description": "\u27ed\u27ec\u2606\uff9f.*\uff65\uff61\uff9f\u2727*\u3002.\uff61*\u2661", "profile_image_url": "https://pbs.twimg.com/profile_images/1409403976932601862/am8GkYTI_normal.jpg"}}, {"created_at": "2020-11-06T02:39:24.000Z", "text": "#JohnnyDeppDeservesJustice\n#JohnnyDeppIsASurvivor\n#JohnnyDeppIsInnocent\n#JusticeForJohhnyDepp\n#WeBelieveYouJohnny\n#JusticeForJohhnyDepp\n#WeBelieveYouJohnny \n#JohnnyDeppIsInnocent\n#AmberHeardIsALiar\n#FuckTheSun\n#fuckamberheard\n#AmberHeardIsAnAbuser\n#WeBelieveYouJohnnyDepp https://t.co/qHK81Xmcp8", "source": "Twitter for Android", "public_metrics": {"retweet_count": 0, "reply_count": 0, "like_count": 1, "quote_count": 1}, "id": "1324541865828536320", "author_id": "1323256624665010176", "lang": "und", "entities": {"hashtags": [{"start": 0, "end": 26, "tag": "JohnnyDeppDeservesJustice"}, {"start": 27, "end": 49, "tag": "JohnnyDeppIsASurvivor"}, {"start": 50, "end": 71, "tag": "JohnnyDeppIsInnocent"}, {"start": 72, "end": 93, "tag": "JusticeForJohhnyDepp"}, {"start": 94, "end": 113, "tag": "WeBelieveYouJohnny"}, {"start": 114, "end": 135, "tag": "JusticeForJohhnyDepp"}, {"start": 136, "end": 155, "tag": "WeBelieveYouJohnny"}, {"start": 157, "end": 178, "tag": "JohnnyDeppIsInnocent"}, {"start": 179, "end": 197, "tag": "AmberHeardIsALiar"}, {"start": 198, "end": 209, "tag": "FuckTheSun"}, {"start": 210, "end": 225, "tag": "fuckamberheard"}, {"start": 226, "end": 247, "tag": "AmberHeardIsAnAbuser"}, {"start": 248, "end": 271, "tag": "WeBelieveYouJohnnyDepp"}], "urls": [{"start": 272, "end": 295, "url": "https://t.co/qHK81Xmcp8", "expanded_url": "https://twitter.com/realamberheard/status/1322669662388187136", "display_url": "twitter.com/realamberheard\u2026"}]}, "referenced_tweets": [{"type": "quoted", "id": "1322669662388187136"}], "quoted_tweet": {"created_at": "2020-10-31T22:39:56.000Z", "text": "Love what u have to say. I feel On Tyranny should be required reading for all Americans https://t.co/z5fiBvJabm", "entities": {"annotations": [{"start": 78, "end": 86, "probability": 0.5533, "type": "Person", "normalized_text": "Americans"}], "urls": [{"start": 88, "end": 111, "url": "https://t.co/z5fiBvJabm", "expanded_url": "https://twitter.com/TimothyDSnyder/status/1322546681842421766", "display_url": "twitter.com/TimothyDSnyder\u2026"}]}, "source": "Twitter for iPhone", "public_metrics": {"retweet_count": 18, "reply_count": 475, "like_count": 421, "quote_count": 33}, "id": "1322669662388187136", "author_id": "807003567605227520", "lang": "en", "referenced_tweets": [{"type": "quoted", "id": "1322546681842421766"}], "author": {"username": "realamberheard", "id": "807003567605227520", "created_at": "2016-12-08T23:26:58.000Z", "public_metrics": {"followers_count": 190336, "following_count": 220, "tweet_count": 1149, "listed_count": 567}, "name": "Amber Heard", "url": "https://t.co/Ze18Ek9SOI", "location": "Los Angeles, CA", "description": "Actor and Activist, semi-professional disruptor, ice cream advocate and shameless teacup yorkie-lover", "profile_image_url": "https://pbs.twimg.com/profile_images/1383196364792680448/N8CdupEu_normal.jpg"}}, "author": {"username": "ikimixn", "id": "1323256624665010176", "created_at": "2020-11-02T13:32:47.000Z", "public_metrics": {"followers_count": 1, "following_count": 12, "tweet_count": 57, "listed_count": 0}, "name": "\u110f\u1175\u1106\u1175\u110b\u1163", "url": "", "location": "United States", "description": "\u27ed\u27ec\u2606\uff9f.*\uff65\uff61\uff9f\u2727*\u3002.\uff61*\u2661", "profile_image_url": "https://pbs.twimg.com/profile_images/1409403976932601862/am8GkYTI_normal.jpg"}}, {"created_at": "2020-11-04T20:58:18.000Z", "text": "#AmberHeardIsAnAbuser https://t.co/3GoizBAqDK", "source": "Twitter for Android", "public_metrics": {"retweet_count": 0, "reply_count": 0, "like_count": 0, "quote_count": 0}, "id": "1324093637819461632", "author_id": "1286739865728557057", "lang": "und", "entities": {"hashtags": [{"start": 0, "end": 21, "tag": "AmberHeardIsAnAbuser"}], "urls": [{"start": 22, "end": 45, "url": "https://t.co/3GoizBAqDK", "expanded_url": "https://twitter.com/realamberheard/status/1322669662388187136", "display_url": "twitter.com/realamberheard\u2026"}]}, "referenced_tweets": [{"type": "quoted", "id": "1322669662388187136"}], "quoted_tweet": {"created_at": "2020-10-31T22:39:56.000Z", "text": "Love what u have to say. I feel On Tyranny should be required reading for all Americans https://t.co/z5fiBvJabm", "entities": {"annotations": [{"start": 78, "end": 86, "probability": 0.5533, "type": "Person", "normalized_text": "Americans"}], "urls": [{"start": 88, "end": 111, "url": "https://t.co/z5fiBvJabm", "expanded_url": "https://twitter.com/TimothyDSnyder/status/1322546681842421766", "display_url": "twitter.com/TimothyDSnyder\u2026"}]}, "source": "Twitter for iPhone", "public_metrics": {"retweet_count": 18, "reply_count": 475, "like_count": 421, "quote_count": 33}, "id": "1322669662388187136", "author_id": "807003567605227520", "lang": "en", "referenced_tweets": [{"type": "quoted", "id": "1322546681842421766"}], "author": {"username": "realamberheard", "id": "807003567605227520", "created_at": "2016-12-08T23:26:58.000Z", "public_metrics": {"followers_count": 190336, "following_count": 220, "tweet_count": 1149, "listed_count": 567}, "name": "Amber Heard", "url": "https://t.co/Ze18Ek9SOI", "location": "Los Angeles, CA", "description": "Actor and Activist, semi-professional disruptor, ice cream advocate and shameless teacup yorkie-lover", "profile_image_url": "https://pbs.twimg.com/profile_images/1383196364792680448/N8CdupEu_normal.jpg"}}, "author": {"username": "SpartanofTweet", "id": "1286739865728557057", "created_at": "2020-07-24T19:08:00.000Z", "public_metrics": {"followers_count": 235, "following_count": 637, "tweet_count": 1198, "listed_count": 0}, "name": "Lady Spartan", "url": "", "location": "Texas, USA", "description": "Raising Awareness of DV on MEN.\n#DomesticViolenceAwareness\n#JusticeForJohnnyDepp", "profile_image_url": "https://pbs.twimg.com/profile_images/1288190703948804096/lZ4DG2o0_normal.jpg"}}, {"created_at": "2020-11-03T12:57:45.000Z", "text": "Everyone heard the evidence and recordings where you admitted to attacking / punching Depp so if a court says he's a wife beater then you're technically ( beyond any doubt) a husband beater - as heard in Court. #AmberHeardIsAnAbuser #AmberHeardIsALiar https://t.co/nPEtJDrGQW", "entities": {"annotations": [{"start": 86, "end": 89, "probability": 0.9663, "type": "Person", "normalized_text": "Depp"}], "hashtags": [{"start": 211, "end": 232, "tag": "AmberHeardIsAnAbuser"}, {"start": 233, "end": 251, "tag": "AmberHeardIsALiar"}], "urls": [{"start": 252, "end": 275, "url": "https://t.co/nPEtJDrGQW", "expanded_url": "https://twitter.com/realamberheard/status/1322669662388187136", "display_url": "twitter.com/realamberheard\u2026"}]}, "source": "Twitter for Android", "public_metrics": {"retweet_count": 0, "reply_count": 0, "like_count": 1, "quote_count": 0}, "id": "1323610317952344067", "author_id": "1159191174294454273", "lang": "en", "referenced_tweets": [{"type": "quoted", "id": "1322669662388187136"}], "quoted_tweet": {"created_at": "2020-10-31T22:39:56.000Z", "text": "Love what u have to say. I feel On Tyranny should be required reading for all Americans https://t.co/z5fiBvJabm", "entities": {"annotations": [{"start": 78, "end": 86, "probability": 0.5533, "type": "Person", "normalized_text": "Americans"}], "urls": [{"start": 88, "end": 111, "url": "https://t.co/z5fiBvJabm", "expanded_url": "https://twitter.com/TimothyDSnyder/status/1322546681842421766", "display_url": "twitter.com/TimothyDSnyder\u2026"}]}, "source": "Twitter for iPhone", "public_metrics": {"retweet_count": 18, "reply_count": 475, "like_count": 421, "quote_count": 33}, "id": "1322669662388187136", "author_id": "807003567605227520", "lang": "en", "referenced_tweets": [{"type": "quoted", "id": "1322546681842421766"}], "author": {"username": "realamberheard", "id": "807003567605227520", "created_at": "2016-12-08T23:26:58.000Z", "public_metrics": {"followers_count": 190336, "following_count": 220, "tweet_count": 1149, "listed_count": 567}, "name": "Amber Heard", "url": "https://t.co/Ze18Ek9SOI", "location": "Los Angeles, CA", "description": "Actor and Activist, semi-professional disruptor, ice cream advocate and shameless teacup yorkie-lover", "profile_image_url": "https://pbs.twimg.com/profile_images/1383196364792680448/N8CdupEu_normal.jpg"}}, "author": {"username": "Bukowski20191", "id": "1159191174294454273", "created_at": "2019-08-07T19:54:47.000Z", "public_metrics": {"followers_count": 1196, "following_count": 1894, "tweet_count": 33343, "listed_count": 0}, "name": "Mr \ud835\udc05ender lives at number 7 \u24cb #BeReal.", "url": "", "location": "England near Wales", "description": "Musician \ud83c\udf3f\ud83c\udfb6\u2728 Returning from the summerland. \n#Queen R.E.M #TheCure LedZep #TheCardiacs JeffBuckley #TheBand JimiHendrix #Tool BenHarper", "profile_image_url": "https://pbs.twimg.com/profile_images/1276269007952379905/pnKLX1cI_normal.jpg"}}, {"created_at": "2020-11-03T06:25:34.000Z", "text": "I HOPE HOLLYWOOD WILL NEVER HIRE YOU! https://t.co/FUl3N1jTRr", "entities": {"annotations": [{"start": 7, "end": 15, "probability": 0.5732, "type": "Place", "normalized_text": "HOLLYWOOD"}], "urls": [{"start": 38, "end": 61, "url": "https://t.co/FUl3N1jTRr", "expanded_url": "https://twitter.com/realamberheard/status/1322669662388187136", "display_url": "twitter.com/realamberheard\u2026"}]}, "source": "Twitter for Android", "public_metrics": {"retweet_count": 0, "reply_count": 0, "like_count": 0, "quote_count": 0}, "id": "1323511619289165824", "author_id": "76854469", "lang": "en", "referenced_tweets": [{"type": "quoted", "id": "1322669662388187136"}], "quoted_tweet": {"created_at": "2020-10-31T22:39:56.000Z", "text": "Love what u have to say. I feel On Tyranny should be required reading for all Americans https://t.co/z5fiBvJabm", "entities": {"annotations": [{"start": 78, "end": 86, "probability": 0.5533, "type": "Person", "normalized_text": "Americans"}], "urls": [{"start": 88, "end": 111, "url": "https://t.co/z5fiBvJabm", "expanded_url": "https://twitter.com/TimothyDSnyder/status/1322546681842421766", "display_url": "twitter.com/TimothyDSnyder\u2026"}]}, "source": "Twitter for iPhone", "public_metrics": {"retweet_count": 18, "reply_count": 475, "like_count": 421, "quote_count": 33}, "id": "1322669662388187136", "author_id": "807003567605227520", "lang": "en", "referenced_tweets": [{"type": "quoted", "id": "1322546681842421766"}], "author": {"username": "realamberheard", "id": "807003567605227520", "created_at": "2016-12-08T23:26:58.000Z", "public_metrics": {"followers_count": 190336, "following_count": 220, "tweet_count": 1149, "listed_count": 567}, "name": "Amber Heard", "url": "https://t.co/Ze18Ek9SOI", "location": "Los Angeles, CA", "description": "Actor and Activist, semi-professional disruptor, ice cream advocate and shameless teacup yorkie-lover", "profile_image_url": "https://pbs.twimg.com/profile_images/1383196364792680448/N8CdupEu_normal.jpg"}}, "author": {"username": "yooproblem_", "id": "76854469", "created_at": "2009-09-24T04:23:00.000Z", "public_metrics": {"followers_count": 276, "following_count": 272, "tweet_count": 7096, "listed_count": 5}, "name": "\u1d00\u1d1b\u1d07 \u1d0b\u1d00\u0280\u1d0d\ua731 \ud83c\udf40 \u0299\u0274\ua731 \u1d00\u1d04\u1d04\u1d1b \ud83d\udc3b\ud83c\udf3c", "url": "https://t.co/E6tZfKNOtj", "location": "philippines", "description": "\ud83c\udf3c Proof of Transactions #AteKarmsFeedback\n\ud83c\udf3c Bentables:   https://t.co/hTtqouRBXe", "profile_image_url": "https://pbs.twimg.com/profile_images/1498325606341099522/CRzsE7Ga_normal.jpg"}}, {"created_at": "2020-11-03T05:26:08.000Z", "text": "abusive cunt, rot in hell https://t.co/XTL5wQZvK5", "source": "Twitter for iPhone", "public_metrics": {"retweet_count": 0, "reply_count": 0, "like_count": 0, "quote_count": 0}, "id": "1323496661457367042", "author_id": "1288498758762680326", "lang": "en", "referenced_tweets": [{"type": "quoted", "id": "1322669662388187136"}], "entities": {"urls": [{"start": 26, "end": 49, "url": "https://t.co/XTL5wQZvK5", "expanded_url": "https://twitter.com/realamberheard/status/1322669662388187136", "display_url": "twitter.com/realamberheard\u2026"}]}, "quoted_tweet": {"created_at": "2020-10-31T22:39:56.000Z", "text": "Love what u have to say. I feel On Tyranny should be required reading for all Americans https://t.co/z5fiBvJabm", "entities": {"annotations": [{"start": 78, "end": 86, "probability": 0.5533, "type": "Person", "normalized_text": "Americans"}], "urls": [{"start": 88, "end": 111, "url": "https://t.co/z5fiBvJabm", "expanded_url": "https://twitter.com/TimothyDSnyder/status/1322546681842421766", "display_url": "twitter.com/TimothyDSnyder\u2026"}]}, "source": "Twitter for iPhone", "public_metrics": {"retweet_count": 18, "reply_count": 475, "like_count": 421, "quote_count": 33}, "id": "1322669662388187136", "author_id": "807003567605227520", "lang": "en", "referenced_tweets": [{"type": "quoted", "id": "1322546681842421766"}], "author": {"username": "realamberheard", "id": "807003567605227520", "created_at": "2016-12-08T23:26:58.000Z", "public_metrics": {"followers_count": 190336, "following_count": 220, "tweet_count": 1149, "listed_count": 567}, "name": "Amber Heard", "url": "https://t.co/Ze18Ek9SOI", "location": "Los Angeles, CA", "description": "Actor and Activist, semi-professional disruptor, ice cream advocate and shameless teacup yorkie-lover", "profile_image_url": "https://pbs.twimg.com/profile_images/1383196364792680448/N8CdupEu_normal.jpg"}}, "author": {"username": "gardenwallmoon", "id": "1288498758762680326", "created_at": "2020-07-29T15:37:12.000Z", "public_metrics": {"followers_count": 113, "following_count": 184, "tweet_count": 901, "listed_count": 0}, "name": "ches \u2764\ufe0f\u200d\ud83d\udd25", "url": "", "location": "Los Angeles, CA", "description": "#LARRIE: but daddy i love him \u2661 || ot5 - larrie || she/her || 23", "profile_image_url": "https://pbs.twimg.com/profile_images/1503452786469445634/qRsC1UXZ_normal.jpg"}}, {"created_at": "2020-11-02T11:40:00.000Z", "text": "Go to prison https://t.co/lMdYsxHzYt", "source": "Twitter for Android", "public_metrics": {"retweet_count": 0, "reply_count": 0, "like_count": 0, "quote_count": 0}, "id": "1323228360789512194", "author_id": "1305749496287039488", "lang": "en", "referenced_tweets": [{"type": "quoted", "id": "1322669662388187136"}], "entities": {"urls": [{"start": 13, "end": 36, "url": "https://t.co/lMdYsxHzYt", "expanded_url": "https://twitter.com/realamberheard/status/1322669662388187136", "display_url": "twitter.com/realamberheard\u2026"}]}, "quoted_tweet": {"created_at": "2020-10-31T22:39:56.000Z", "text": "Love what u have to say. I feel On Tyranny should be required reading for all Americans https://t.co/z5fiBvJabm", "entities": {"annotations": [{"start": 78, "end": 86, "probability": 0.5533, "type": "Person", "normalized_text": "Americans"}], "urls": [{"start": 88, "end": 111, "url": "https://t.co/z5fiBvJabm", "expanded_url": "https://twitter.com/TimothyDSnyder/status/1322546681842421766", "display_url": "twitter.com/TimothyDSnyder\u2026"}]}, "source": "Twitter for iPhone", "public_metrics": {"retweet_count": 18, "reply_count": 475, "like_count": 421, "quote_count": 33}, "id": "1322669662388187136", "author_id": "807003567605227520", "lang": "en", "referenced_tweets": [{"type": "quoted", "id": "1322546681842421766"}], "author": {"username": "realamberheard", "id": "807003567605227520", "created_at": "2016-12-08T23:26:58.000Z", "public_metrics": {"followers_count": 190336, "following_count": 220, "tweet_count": 1149, "listed_count": 567}, "name": "Amber Heard", "url": "https://t.co/Ze18Ek9SOI", "location": "Los Angeles, CA", "description": "Actor and Activist, semi-professional disruptor, ice cream advocate and shameless teacup yorkie-lover", "profile_image_url": "https://pbs.twimg.com/profile_images/1383196364792680448/N8CdupEu_normal.jpg"}}, "author": {"username": "sagemodewo1f", "id": "1305749496287039488", "created_at": "2020-09-15T06:05:20.000Z", "public_metrics": {"followers_count": 352, "following_count": 1509, "tweet_count": 18526, "listed_count": 4}, "name": "\u26e7Sage\u26e7", "url": "", "description": "#blacklivesmatter #joyconboyz he/him she/her \ud83c\udff3\ufe0f\u200d\ud83c\udf08|@cumshroom|#1 kiwinator |@kerokeropekopon|", "profile_image_url": "https://pbs.twimg.com/profile_images/1478142665275285508/hBNt5klM_normal.jpg"}}, {"created_at": "2020-11-02T11:16:33.000Z", "text": "you\u2019d know all about tyranny, wouldn\u2019t you amber. #AmberHeardIsAnAbuser https://t.co/03EHj9SoBb", "source": "Twitter for iPhone", "public_metrics": {"retweet_count": 0, "reply_count": 0, "like_count": 21, "quote_count": 0}, "id": "1323222461610164226", "author_id": "20188060", "lang": "en", "entities": {"hashtags": [{"start": 50, "end": 71, "tag": "AmberHeardIsAnAbuser"}], "urls": [{"start": 72, "end": 95, "url": "https://t.co/03EHj9SoBb", "expanded_url": "https://twitter.com/realamberheard/status/1322669662388187136", "display_url": "twitter.com/realamberheard\u2026"}]}, "referenced_tweets": [{"type": "quoted", "id": "1322669662388187136"}], "quoted_tweet": {"created_at": "2020-10-31T22:39:56.000Z", "text": "Love what u have to say. I feel On Tyranny should be required reading for all Americans https://t.co/z5fiBvJabm", "entities": {"annotations": [{"start": 78, "end": 86, "probability": 0.5533, "type": "Person", "normalized_text": "Americans"}], "urls": [{"start": 88, "end": 111, "url": "https://t.co/z5fiBvJabm", "expanded_url": "https://twitter.com/TimothyDSnyder/status/1322546681842421766", "display_url": "twitter.com/TimothyDSnyder\u2026"}]}, "source": "Twitter for iPhone", "public_metrics": {"retweet_count": 18, "reply_count": 475, "like_count": 421, "quote_count": 33}, "id": "1322669662388187136", "author_id": "807003567605227520", "lang": "en", "referenced_tweets": [{"type": "quoted", "id": "1322546681842421766"}], "author": {"username": "realamberheard", "id": "807003567605227520", "created_at": "2016-12-08T23:26:58.000Z", "public_metrics": {"followers_count": 190336, "following_count": 220, "tweet_count": 1149, "listed_count": 567}, "name": "Amber Heard", "url": "https://t.co/Ze18Ek9SOI", "location": "Los Angeles, CA", "description": "Actor and Activist, semi-professional disruptor, ice cream advocate and shameless teacup yorkie-lover", "profile_image_url": "https://pbs.twimg.com/profile_images/1383196364792680448/N8CdupEu_normal.jpg"}}, "author": {"username": "dekashoko", "id": "20188060", "created_at": "2009-02-05T21:05:12.000Z", "public_metrics": {"followers_count": 6654, "following_count": 135, "tweet_count": 65323, "listed_count": 82}, "name": "Chlo\u00eb \ud83c\uddfa\ud83c\udde6", "url": "", "location": "England", "description": "animation/games art graduate and enthusiast. diploma in equine management. retweets aren't endorsements.", "profile_image_url": "https://pbs.twimg.com/profile_images/1475891782747627529/ymEjwJiK_normal.jpg"}}, {"created_at": "2020-11-02T11:01:17.000Z", "text": "RT @TalkOfTheJock1: Johnny may have lost his libel case against the Sun because the judge is a damn fool, but you are still scum. #JusticeF\u2026", "entities": {"annotations": [{"start": 20, "end": 25, "probability": 0.9653, "type": "Person", "normalized_text": "Johnny"}]}, "source": "Twitter for Android", "public_metrics": {"retweet_count": 1, "reply_count": 0, "like_count": 0, "quote_count": 0}, "id": "1323218617576677376", "author_id": "703207732061429760", "lang": "en", "referenced_tweets": [{"type": "retweeted", "id": "1323217918193270787"}], "quoted_tweet": {"created_at": "2020-10-31T22:39:56.000Z", "text": "Love what u have to say. I feel On Tyranny should be required reading for all Americans https://t.co/z5fiBvJabm", "entities": {"annotations": [{"start": 78, "end": 86, "probability": 0.5533, "type": "Person", "normalized_text": "Americans"}], "urls": [{"start": 88, "end": 111, "url": "https://t.co/z5fiBvJabm", "expanded_url": "https://twitter.com/TimothyDSnyder/status/1322546681842421766", "display_url": "twitter.com/TimothyDSnyder\u2026"}]}, "source": "Twitter for iPhone", "public_metrics": {"retweet_count": 18, "reply_count": 475, "like_count": 421, "quote_count": 33}, "id": "1322669662388187136", "author_id": "807003567605227520", "lang": "en", "referenced_tweets": [{"type": "quoted", "id": "1322546681842421766"}], "author": {"username": "realamberheard", "id": "807003567605227520", "created_at": "2016-12-08T23:26:58.000Z", "public_metrics": {"followers_count": 190336, "following_count": 220, "tweet_count": 1149, "listed_count": 567}, "name": "Amber Heard", "url": "https://t.co/Ze18Ek9SOI", "location": "Los Angeles, CA", "description": "Actor and Activist, semi-professional disruptor, ice cream advocate and shameless teacup yorkie-lover", "profile_image_url": "https://pbs.twimg.com/profile_images/1383196364792680448/N8CdupEu_normal.jpg"}}, "author": {"username": "TheDongoBot", "id": "703207732061429760", "created_at": "2016-02-26T13:19:23.000Z", "public_metrics": {"followers_count": 449, "following_count": 251, "tweet_count": 29232, "listed_count": 0}, "name": "DongoBot \ud83c\uddfa\ud83c\udde6", "url": "", "location": "Scotland, United Kingdom", "description": "Fallout Youtubing - investor - counter balance forklift licensed, ladies - owns a pair of step ladders.\n\n#youtube #fallout4 #falloutnewvegas", "profile_image_url": "https://pbs.twimg.com/profile_images/1386697411058356229/ZMKkNtAj_normal.jpg"}}, {"created_at": "2020-11-02T10:58:30.000Z", "text": "Johnny may have lost his libel case against the Sun because the judge is a damn fool, but you are still scum. #JusticeForJohnnyDepp #AmberHeardIsAnAbuser https://t.co/72egKEaWlN", "entities": {"annotations": [{"start": 0, "end": 5, "probability": 0.9692, "type": "Person", "normalized_text": "Johnny"}], "hashtags": [{"start": 110, "end": 131, "tag": "JusticeForJohnnyDepp"}, {"start": 132, "end": 153, "tag": "AmberHeardIsAnAbuser"}], "urls": [{"start": 154, "end": 177, "url": "https://t.co/72egKEaWlN", "expanded_url": "https://twitter.com/realamberheard/status/1322669662388187136", "display_url": "twitter.com/realamberheard\u2026"}]}, "source": "Twitter for Android", "public_metrics": {"retweet_count": 1, "reply_count": 0, "like_count": 0, "quote_count": 0}, "id": "1323217918193270787", "author_id": "1038748901707276289", "lang": "en", "referenced_tweets": [{"type": "quoted", "id": "1322669662388187136"}], "quoted_tweet": {"created_at": "2020-10-31T22:39:56.000Z", "text": "Love what u have to say. I feel On Tyranny should be required reading for all Americans https://t.co/z5fiBvJabm", "entities": {"annotations": [{"start": 78, "end": 86, "probability": 0.5533, "type": "Person", "normalized_text": "Americans"}], "urls": [{"start": 88, "end": 111, "url": "https://t.co/z5fiBvJabm", "expanded_url": "https://twitter.com/TimothyDSnyder/status/1322546681842421766", "display_url": "twitter.com/TimothyDSnyder\u2026"}]}, "source": "Twitter for iPhone", "public_metrics": {"retweet_count": 18, "reply_count": 475, "like_count": 421, "quote_count": 33}, "id": "1322669662388187136", "author_id": "807003567605227520", "lang": "en", "referenced_tweets": [{"type": "quoted", "id": "1322546681842421766"}], "author": {"username": "realamberheard", "id": "807003567605227520", "created_at": "2016-12-08T23:26:58.000Z", "public_metrics": {"followers_count": 190336, "following_count": 220, "tweet_count": 1149, "listed_count": 567}, "name": "Amber Heard", "url": "https://t.co/Ze18Ek9SOI", "location": "Los Angeles, CA", "description": "Actor and Activist, semi-professional disruptor, ice cream advocate and shameless teacup yorkie-lover", "profile_image_url": "https://pbs.twimg.com/profile_images/1383196364792680448/N8CdupEu_normal.jpg"}}, "author": {"username": "ChumungusOfOld", "id": "1038748901707276289", "created_at": "2018-09-09T11:20:12.000Z", "public_metrics": {"followers_count": 117, "following_count": 195, "tweet_count": 3018, "listed_count": 1}, "name": "Chumungus.", "url": "", "location": "Scotland, United Kingdom", "description": "Let's get this over with. Not #religious, not into footie, I like darts.", "profile_image_url": "https://pbs.twimg.com/profile_images/1216829543555706885/CKPkC8-a_normal.jpg"}}, {"entities": {"mentions": [{"start": 3, "end": 15, "username": "GenevieDEPP", "id": "1285093383325667328"}], "annotations": [{"start": 17, "end": 21, "probability": 0.8767, "type": "Person", "normalized_text": "Amber"}, {"start": 44, "end": 49, "probability": 0.9499, "type": "Person", "normalized_text": "Johnny"}], "hashtags": [{"start": 66, "end": 92, "tag": "TheSunBigLoserinDeppTrial"}]}, "created_at": "2020-11-02T01:17:28.000Z", "text": "RT @GenevieDEPP: Amber Heard\u2019s tyranny over Johnny will end soon. #TheSunBigLoserinDeppTrial", "source": "Twitter for Android", "public_metrics": {"retweet_count": 1, "reply_count": 0, "like_count": 0, "quote_count": 0}, "id": "1323071695574499329", "author_id": "1084825453259644928", "lang": "en", "referenced_tweets": [{"type": "retweeted", "id": "1323047375036801024"}], "quoted_tweet": {"created_at": "2020-10-31T22:39:56.000Z", "text": "Love what u have to say. I feel On Tyranny should be required reading for all Americans https://t.co/z5fiBvJabm", "entities": {"annotations": [{"start": 78, "end": 86, "probability": 0.5533, "type": "Person", "normalized_text": "Americans"}], "urls": [{"start": 88, "end": 111, "url": "https://t.co/z5fiBvJabm", "expanded_url": "https://twitter.com/TimothyDSnyder/status/1322546681842421766", "display_url": "twitter.com/TimothyDSnyder\u2026"}]}, "source": "Twitter for iPhone", "public_metrics": {"retweet_count": 18, "reply_count": 475, "like_count": 421, "quote_count": 33}, "id": "1322669662388187136", "author_id": "807003567605227520", "lang": "en", "referenced_tweets": [{"type": "quoted", "id": "1322546681842421766"}], "author": {"username": "realamberheard", "id": "807003567605227520", "created_at": "2016-12-08T23:26:58.000Z", "public_metrics": {"followers_count": 190336, "following_count": 220, "tweet_count": 1149, "listed_count": 567}, "name": "Amber Heard", "url": "https://t.co/Ze18Ek9SOI", "location": "Los Angeles, CA", "description": "Actor and Activist, semi-professional disruptor, ice cream advocate and shameless teacup yorkie-lover", "profile_image_url": "https://pbs.twimg.com/profile_images/1383196364792680448/N8CdupEu_normal.jpg"}}, "author": {"username": "Shulyna1", "id": "1084825453259644928", "created_at": "2019-01-14T14:51:57.000Z", "public_metrics": {"followers_count": 192, "following_count": 207, "tweet_count": 46077, "listed_count": 1}, "name": "Shulyna", "url": "https://t.co/JiSAheqmo5", "location": "Bs. As, Argentina", "description": "Abogada-Libriana\n#JusticeforJohnnyDepp", "profile_image_url": "https://pbs.twimg.com/profile_images/1470965197066186756/9HH-0U8d_normal.jpg"}}, {"created_at": "2020-11-01T23:40:49.000Z", "text": "Amber Heard\u2019s tyranny over Johnny will end soon. #TheSunBigLoserinDeppTrial https://t.co/crEbPYHNwW", "entities": {"annotations": [{"start": 0, "end": 10, "probability": 0.4562, "type": "Person", "normalized_text": "Amber Heard"}, {"start": 27, "end": 32, "probability": 0.9172, "type": "Person", "normalized_text": "Johnny"}], "hashtags": [{"start": 49, "end": 75, "tag": "TheSunBigLoserinDeppTrial"}], "urls": [{"start": 76, "end": 99, "url": "https://t.co/crEbPYHNwW", "expanded_url": "https://twitter.com/realamberheard/status/1322669662388187136", "display_url": "twitter.com/realamberheard\u2026"}]}, "source": "Twitter for iPhone", "public_metrics": {"retweet_count": 1, "reply_count": 1, "like_count": 8, "quote_count": 0}, "id": "1323047375036801024", "author_id": "1285093383325667328", "lang": "en", "quoted_tweet": {"created_at": "2020-10-31T22:39:56.000Z", "text": "Love what u have to say. I feel On Tyranny should be required reading for all Americans https://t.co/z5fiBvJabm", "entities": {"annotations": [{"start": 78, "end": 86, "probability": 0.5533, "type": "Person", "normalized_text": "Americans"}], "urls": [{"start": 88, "end": 111, "url": "https://t.co/z5fiBvJabm", "expanded_url": "https://twitter.com/TimothyDSnyder/status/1322546681842421766", "display_url": "twitter.com/TimothyDSnyder\u2026"}]}, "source": "Twitter for iPhone", "public_metrics": {"retweet_count": 18, "reply_count": 475, "like_count": 421, "quote_count": 33}, "id": "1322669662388187136", "author_id": "807003567605227520", "lang": "en", "referenced_tweets": [{"type": "quoted", "id": "1322546681842421766"}], "author": {"username": "realamberheard", "id": "807003567605227520", "created_at": "2016-12-08T23:26:58.000Z", "public_metrics": {"followers_count": 190336, "following_count": 220, "tweet_count": 1149, "listed_count": 567}, "name": "Amber Heard", "url": "https://t.co/Ze18Ek9SOI", "location": "Los Angeles, CA", "description": "Actor and Activist, semi-professional disruptor, ice cream advocate and shameless teacup yorkie-lover", "profile_image_url": "https://pbs.twimg.com/profile_images/1383196364792680448/N8CdupEu_normal.jpg"}}, "author": {"username": "GenevieDEPP", "id": "1285093383325667328", "created_at": "2020-07-20T06:05:24.000Z", "public_metrics": {"followers_count": 791, "following_count": 1436, "tweet_count": 32696, "listed_count": 2}, "name": "Genna4justice\u2696\ufe0f\ud83c\udf0f\ud83c\udff4\u200d\u2620\ufe0f", "url": "", "location": "A real person in the USA ", "description": "#JUSTICEFORJOHNNYDEPP", "profile_image_url": "https://abs.twimg.com/sticky/default_profile_images/default_profile_normal.png"}}, {"created_at": "2020-11-01T19:36:56.000Z", "text": "Is this a joke? Not at the abuser talking about tyranny, better stay quiet, your pathetic attempt of showing you are woke is not fooling anyone.\n See you tomorrow abuser\n#JusticeForJohnnyDepp \n#AmberHeardIsAnAbuser https://t.co/mrjQYTefUI", "source": "Twitter for Android", "public_metrics": {"retweet_count": 0, "reply_count": 0, "like_count": 0, "quote_count": 0}, "id": "1322985998070984705", "author_id": "1149525193699688448", "lang": "en", "entities": {"hashtags": [{"start": 170, "end": 191, "tag": "JusticeForJohnnyDepp"}, {"start": 193, "end": 214, "tag": "AmberHeardIsAnAbuser"}], "urls": [{"start": 215, "end": 238, "url": "https://t.co/mrjQYTefUI", "expanded_url": "https://twitter.com/realamberheard/status/1322669662388187136", "display_url": "twitter.com/realamberheard\u2026"}]}, "referenced_tweets": [{"type": "quoted", "id": "1322669662388187136"}], "quoted_tweet": {"created_at": "2020-10-31T22:39:56.000Z", "text": "Love what u have to say. I feel On Tyranny should be required reading for all Americans https://t.co/z5fiBvJabm", "entities": {"annotations": [{"start": 78, "end": 86, "probability": 0.5533, "type": "Person", "normalized_text": "Americans"}], "urls": [{"start": 88, "end": 111, "url": "https://t.co/z5fiBvJabm", "expanded_url": "https://twitter.com/TimothyDSnyder/status/1322546681842421766", "display_url": "twitter.com/TimothyDSnyder\u2026"}]}, "source": "Twitter for iPhone", "public_metrics": {"retweet_count": 18, "reply_count": 475, "like_count": 421, "quote_count": 33}, "id": "1322669662388187136", "author_id": "807003567605227520", "lang": "en", "referenced_tweets": [{"type": "quoted", "id": "1322546681842421766"}], "author": {"username": "realamberheard", "id": "807003567605227520", "created_at": "2016-12-08T23:26:58.000Z", "public_metrics": {"followers_count": 190336, "following_count": 220, "tweet_count": 1149, "listed_count": 567}, "name": "Amber Heard", "url": "https://t.co/Ze18Ek9SOI", "location": "Los Angeles, CA", "description": "Actor and Activist, semi-professional disruptor, ice cream advocate and shameless teacup yorkie-lover", "profile_image_url": "https://pbs.twimg.com/profile_images/1383196364792680448/N8CdupEu_normal.jpg"}}, "author": {"username": "HaydeeVIPiKONIC", "id": "1149525193699688448", "created_at": "2019-07-12T03:45:38.000Z", "public_metrics": {"followers_count": 190, "following_count": 228, "tweet_count": 7481, "listed_count": 1}, "name": "Haydee\u00b3\u2075\ud83c\udf40", "url": "", "description": "iKONIC/VIP OT5/Teume/Johnny Depp supporter\n#TREASURE\n#BIGBANG\n#iKON", "profile_image_url": "https://pbs.twimg.com/profile_images/1417537343683190797/ljcea5zN_normal.jpg"}}, {"created_at": "2020-11-01T10:56:18.000Z", "text": "Really?\ud83e\udd28 https://t.co/y3Vhw4eiE2", "source": "Twitter for Android", "public_metrics": {"retweet_count": 0, "reply_count": 0, "like_count": 1, "quote_count": 0}, "id": "1322854975819665409", "author_id": "1298460954481643522", "lang": "en", "referenced_tweets": [{"type": "quoted", "id": "1322669662388187136"}], "entities": {"urls": [{"start": 9, "end": 32, "url": "https://t.co/y3Vhw4eiE2", "expanded_url": "https://twitter.com/realamberheard/status/1322669662388187136", "display_url": "twitter.com/realamberheard\u2026"}]}, "quoted_tweet": {"created_at": "2020-10-31T22:39:56.000Z", "text": "Love what u have to say. I feel On Tyranny should be required reading for all Americans https://t.co/z5fiBvJabm", "entities": {"annotations": [{"start": 78, "end": 86, "probability": 0.5533, "type": "Person", "normalized_text": "Americans"}], "urls": [{"start": 88, "end": 111, "url": "https://t.co/z5fiBvJabm", "expanded_url": "https://twitter.com/TimothyDSnyder/status/1322546681842421766", "display_url": "twitter.com/TimothyDSnyder\u2026"}]}, "source": "Twitter for iPhone", "public_metrics": {"retweet_count": 18, "reply_count": 475, "like_count": 421, "quote_count": 33}, "id": "1322669662388187136", "author_id": "807003567605227520", "lang": "en", "referenced_tweets": [{"type": "quoted", "id": "1322546681842421766"}], "author": {"username": "realamberheard", "id": "807003567605227520", "created_at": "2016-12-08T23:26:58.000Z", "public_metrics": {"followers_count": 190336, "following_count": 220, "tweet_count": 1149, "listed_count": 567}, "name": "Amber Heard", "url": "https://t.co/Ze18Ek9SOI", "location": "Los Angeles, CA", "description": "Actor and Activist, semi-professional disruptor, ice cream advocate and shameless teacup yorkie-lover", "profile_image_url": "https://pbs.twimg.com/profile_images/1383196364792680448/N8CdupEu_normal.jpg"}}, "author": {"username": "ToughSeed", "id": "1298460954481643522", "created_at": "2020-08-26T03:24:29.000Z", "public_metrics": {"followers_count": 123, "following_count": 198, "tweet_count": 2075, "listed_count": 1}, "name": "The Seed Of Truth", "url": "", "location": "Land Of The Brave", "description": "Johnny Depp is innocent\ud83c\udff4\u200d\u2620\ufe0f\nFree Palestine \ud83c\uddf5\ud83c\uddf8", "profile_image_url": "https://pbs.twimg.com/profile_images/1440005109254066186/E-YYrxs6_normal.jpg"}}, {"created_at": "2020-11-01T05:16:48.000Z", "text": "Tick tock, time's flying, abuser https://t.co/vwuzjlVPsD https://t.co/VLuljA1ecF", "source": "Twitter for Android", "public_metrics": {"retweet_count": 0, "reply_count": 0, "like_count": 3, "quote_count": 0}, "id": "1322769537574588418", "author_id": "1285982960135667720", "lang": "en", "referenced_tweets": [{"type": "quoted", "id": "1322669662388187136"}], "entities": {"urls": [{"start": 33, "end": 56, "url": "https://t.co/vwuzjlVPsD", "expanded_url": "https://twitter.com/1d_ft_glee/status/1322769537574588418/photo/1", "display_url": "pic.twitter.com/vwuzjlVPsD"}, {"start": 57, "end": 80, "url": "https://t.co/VLuljA1ecF", "expanded_url": "https://twitter.com/realamberheard/status/1322669662388187136", "display_url": "twitter.com/realamberheard\u2026"}]}, "quoted_tweet": {"created_at": "2020-10-31T22:39:56.000Z", "text": "Love what u have to say. I feel On Tyranny should be required reading for all Americans https://t.co/z5fiBvJabm", "entities": {"annotations": [{"start": 78, "end": 86, "probability": 0.5533, "type": "Person", "normalized_text": "Americans"}], "urls": [{"start": 88, "end": 111, "url": "https://t.co/z5fiBvJabm", "expanded_url": "https://twitter.com/TimothyDSnyder/status/1322546681842421766", "display_url": "twitter.com/TimothyDSnyder\u2026"}]}, "source": "Twitter for iPhone", "public_metrics": {"retweet_count": 18, "reply_count": 475, "like_count": 421, "quote_count": 33}, "id": "1322669662388187136", "author_id": "807003567605227520", "lang": "en", "referenced_tweets": [{"type": "quoted", "id": "1322546681842421766"}], "author": {"username": "realamberheard", "id": "807003567605227520", "created_at": "2016-12-08T23:26:58.000Z", "public_metrics": {"followers_count": 190336, "following_count": 220, "tweet_count": 1149, "listed_count": 567}, "name": "Amber Heard", "url": "https://t.co/Ze18Ek9SOI", "location": "Los Angeles, CA", "description": "Actor and Activist, semi-professional disruptor, ice cream advocate and shameless teacup yorkie-lover", "profile_image_url": "https://pbs.twimg.com/profile_images/1383196364792680448/N8CdupEu_normal.jpg"}}, "author": {"username": "dxpplinson", "id": "1285982960135667720", "created_at": "2020-07-22T17:00:14.000Z", "public_metrics": {"followers_count": 554, "following_count": 701, "tweet_count": 19824, "listed_count": 5}, "name": "Emma\u30df\u2606", "url": "https://t.co/ao3nqj8ie2", "location": "they/she (MOOTS ONLY)", "description": "\u2501\n\ua9c1(#LOUIS: I fucking love you all)\ua9c2                                              \u21ba CBYF/CBYI \u273f", "profile_image_url": "https://pbs.twimg.com/profile_images/1489153317213200384/lq0DeZv6_normal.jpg"}}, {"created_at": "2020-11-01T04:35:55.000Z", "text": "#Abuser. https://t.co/DmwrSDwpCS", "source": "Twitter for Android", "public_metrics": {"retweet_count": 0, "reply_count": 0, "like_count": 3, "quote_count": 0}, "id": "1322759249055805440", "author_id": "41534323", "lang": "und", "entities": {"hashtags": [{"start": 0, "end": 7, "tag": "Abuser"}], "urls": [{"start": 9, "end": 32, "url": "https://t.co/DmwrSDwpCS", "expanded_url": "https://twitter.com/realamberheard/status/1322669662388187136", "display_url": "twitter.com/realamberheard\u2026"}]}, "referenced_tweets": [{"type": "quoted", "id": "1322669662388187136"}], "quoted_tweet": {"created_at": "2020-10-31T22:39:56.000Z", "text": "Love what u have to say. I feel On Tyranny should be required reading for all Americans https://t.co/z5fiBvJabm", "entities": {"annotations": [{"start": 78, "end": 86, "probability": 0.5533, "type": "Person", "normalized_text": "Americans"}], "urls": [{"start": 88, "end": 111, "url": "https://t.co/z5fiBvJabm", "expanded_url": "https://twitter.com/TimothyDSnyder/status/1322546681842421766", "display_url": "twitter.com/TimothyDSnyder\u2026"}]}, "source": "Twitter for iPhone", "public_metrics": {"retweet_count": 18, "reply_count": 475, "like_count": 421, "quote_count": 33}, "id": "1322669662388187136", "author_id": "807003567605227520", "lang": "en", "referenced_tweets": [{"type": "quoted", "id": "1322546681842421766"}], "author": {"username": "realamberheard", "id": "807003567605227520", "created_at": "2016-12-08T23:26:58.000Z", "public_metrics": {"followers_count": 190336, "following_count": 220, "tweet_count": 1149, "listed_count": 567}, "name": "Amber Heard", "url": "https://t.co/Ze18Ek9SOI", "location": "Los Angeles, CA", "description": "Actor and Activist, semi-professional disruptor, ice cream advocate and shameless teacup yorkie-lover", "profile_image_url": "https://pbs.twimg.com/profile_images/1383196364792680448/N8CdupEu_normal.jpg"}}, "author": {"username": "supercoachzen", "id": "41534323", "created_at": "2009-05-21T05:14:12.000Z", "public_metrics": {"followers_count": 955, "following_count": 4998, "tweet_count": 8075, "listed_count": 3}, "name": "Coach Zen", "url": "https://t.co/LPXWa50fGN", "location": "Republic of the Philippines", "description": "Vocal Coach. HIV Counselor/Life Coach.\n\nLevel 1 Mental Health Trauma Practitioner.\n\n@MenCouragePH @gottabefamous2", "profile_image_url": "https://pbs.twimg.com/profile_images/1482406866835894272/7woKOcfF_normal.jpg"}}, {"entities": {"mentions": [{"start": 3, "end": 16, "username": "brittannia_a", "id": "37315639"}]}, "created_at": "2020-11-01T00:27:52.000Z", "text": "RT @brittannia_a: I have actually read this wonderful book. The fact that this scum bag tries to act like she doesn\u2019t contribute to society\u2026", "source": "Twitter for Android", "public_metrics": {"retweet_count": 2, "reply_count": 0, "like_count": 0, "quote_count": 0}, "id": "1322696827733483521", "author_id": "829019765238820864", "lang": "en", "referenced_tweets": [{"type": "retweeted", "id": "1322694363248381952"}], "quoted_tweet": {"created_at": "2020-10-31T22:39:56.000Z", "text": "Love what u have to say. I feel On Tyranny should be required reading for all Americans https://t.co/z5fiBvJabm", "entities": {"annotations": [{"start": 78, "end": 86, "probability": 0.5533, "type": "Person", "normalized_text": "Americans"}], "urls": [{"start": 88, "end": 111, "url": "https://t.co/z5fiBvJabm", "expanded_url": "https://twitter.com/TimothyDSnyder/status/1322546681842421766", "display_url": "twitter.com/TimothyDSnyder\u2026"}]}, "source": "Twitter for iPhone", "public_metrics": {"retweet_count": 18, "reply_count": 475, "like_count": 421, "quote_count": 33}, "id": "1322669662388187136", "author_id": "807003567605227520", "lang": "en", "referenced_tweets": [{"type": "quoted", "id": "1322546681842421766"}], "author": {"username": "realamberheard", "id": "807003567605227520", "created_at": "2016-12-08T23:26:58.000Z", "public_metrics": {"followers_count": 190336, "following_count": 220, "tweet_count": 1149, "listed_count": 567}, "name": "Amber Heard", "url": "https://t.co/Ze18Ek9SOI", "location": "Los Angeles, CA", "description": "Actor and Activist, semi-professional disruptor, ice cream advocate and shameless teacup yorkie-lover", "profile_image_url": "https://pbs.twimg.com/profile_images/1383196364792680448/N8CdupEu_normal.jpg"}}, "author": {"username": "thatNortherner1", "id": "829019765238820864", "created_at": "2017-02-07T17:31:29.000Z", "public_metrics": {"followers_count": 806, "following_count": 640, "tweet_count": 58199, "listed_count": 2}, "name": "Cherry B - \ud83d\udc99-\ud83d\udc9c-\u2764", "url": "https://t.co/JRZ7vAjSH5", "location": "North West, England", "description": "Your mother is a hamster and your father smells like elderberries! #TransRightsAreHumanRights #JusticeForJohnnyDepp", "profile_image_url": "https://pbs.twimg.com/profile_images/1491927408194244618/uCXU3yyE_normal.jpg"}}, {"entities": {"mentions": [{"start": 3, "end": 16, "username": "brittannia_a", "id": "37315639"}]}, "created_at": "2020-11-01T00:20:48.000Z", "text": "RT @brittannia_a: I have actually read this wonderful book. The fact that this scum bag tries to act like she doesn\u2019t contribute to society\u2026", "source": "Twitter Web App", "public_metrics": {"retweet_count": 2, "reply_count": 0, "like_count": 0, "quote_count": 0}, "id": "1322695048350322690", "author_id": "1241722538713059330", "lang": "en", "referenced_tweets": [{"type": "retweeted", "id": "1322694363248381952"}], "quoted_tweet": {"created_at": "2020-10-31T22:39:56.000Z", "text": "Love what u have to say. I feel On Tyranny should be required reading for all Americans https://t.co/z5fiBvJabm", "entities": {"annotations": [{"start": 78, "end": 86, "probability": 0.5533, "type": "Person", "normalized_text": "Americans"}], "urls": [{"start": 88, "end": 111, "url": "https://t.co/z5fiBvJabm", "expanded_url": "https://twitter.com/TimothyDSnyder/status/1322546681842421766", "display_url": "twitter.com/TimothyDSnyder\u2026"}]}, "source": "Twitter for iPhone", "public_metrics": {"retweet_count": 18, "reply_count": 475, "like_count": 421, "quote_count": 33}, "id": "1322669662388187136", "author_id": "807003567605227520", "lang": "en", "referenced_tweets": [{"type": "quoted", "id": "1322546681842421766"}], "author": {"username": "realamberheard", "id": "807003567605227520", "created_at": "2016-12-08T23:26:58.000Z", "public_metrics": {"followers_count": 190336, "following_count": 220, "tweet_count": 1149, "listed_count": 567}, "name": "Amber Heard", "url": "https://t.co/Ze18Ek9SOI", "location": "Los Angeles, CA", "description": "Actor and Activist, semi-professional disruptor, ice cream advocate and shameless teacup yorkie-lover", "profile_image_url": "https://pbs.twimg.com/profile_images/1383196364792680448/N8CdupEu_normal.jpg"}}, "author": {"username": "DeppsAlien", "id": "1241722538713059330", "created_at": "2020-03-22T13:45:27.000Z", "public_metrics": {"followers_count": 616, "following_count": 1069, "tweet_count": 17184, "listed_count": 6}, "name": "Andrea/Andy \ud83d\udda4\ud83d\udc7d", "url": "", "description": "18 years old\nMother \nShe/her\nPansexual \n#JusticeForJohnnyDepp #BlackLivesMatter #StopAsianHate", "profile_image_url": "https://pbs.twimg.com/profile_images/1431968898195369989/CpJRR7tb_normal.jpg"}}, {"created_at": "2020-11-01T00:18:05.000Z", "text": "I have actually read this wonderful book. The fact that this scum bag tries to act like she doesn\u2019t contribute to society in a negative way by weaponizing her rich status to control and suppress others, is absolutely disgusting. YOU are a tyrant, Amber Heard. https://t.co/1iut3ShXbL", "entities": {"annotations": [{"start": 247, "end": 257, "probability": 0.4843, "type": "Person", "normalized_text": "Amber Heard"}], "urls": [{"start": 260, "end": 283, "url": "https://t.co/1iut3ShXbL", "expanded_url": "https://twitter.com/realamberheard/status/1322669662388187136", "display_url": "twitter.com/realamberheard\u2026"}]}, "source": "Twitter for iPhone", "public_metrics": {"retweet_count": 2, "reply_count": 0, "like_count": 16, "quote_count": 0}, "id": "1322694363248381952", "author_id": "37315639", "lang": "en", "referenced_tweets": [{"type": "quoted", "id": "1322669662388187136"}], "quoted_tweet": {"created_at": "2020-10-31T22:39:56.000Z", "text": "Love what u have to say. I feel On Tyranny should be required reading for all Americans https://t.co/z5fiBvJabm", "entities": {"annotations": [{"start": 78, "end": 86, "probability": 0.5533, "type": "Person", "normalized_text": "Americans"}], "urls": [{"start": 88, "end": 111, "url": "https://t.co/z5fiBvJabm", "expanded_url": "https://twitter.com/TimothyDSnyder/status/1322546681842421766", "display_url": "twitter.com/TimothyDSnyder\u2026"}]}, "source": "Twitter for iPhone", "public_metrics": {"retweet_count": 18, "reply_count": 475, "like_count": 421, "quote_count": 33}, "id": "1322669662388187136", "author_id": "807003567605227520", "lang": "en", "referenced_tweets": [{"type": "quoted", "id": "1322546681842421766"}], "author": {"username": "realamberheard", "id": "807003567605227520", "created_at": "2016-12-08T23:26:58.000Z", "public_metrics": {"followers_count": 190336, "following_count": 220, "tweet_count": 1149, "listed_count": 567}, "name": "Amber Heard", "url": "https://t.co/Ze18Ek9SOI", "location": "Los Angeles, CA", "description": "Actor and Activist, semi-professional disruptor, ice cream advocate and shameless teacup yorkie-lover", "profile_image_url": "https://pbs.twimg.com/profile_images/1383196364792680448/N8CdupEu_normal.jpg"}}, "author": {"username": "brittannia_a", "id": "37315639", "created_at": "2009-05-03T00:06:17.000Z", "public_metrics": {"followers_count": 618, "following_count": 302, "tweet_count": 13884, "listed_count": 10}, "name": "brittney \ud83c\uddfa\ud83c\udde6", "url": "", "location": "   mirkwood (she/her)", "description": "\u201cwield your heart, and the world will tremble.\u201d | mtg player + book reviewer \u02d1\u0f04\u0618 \u06ea\u06ea\u06eb\u06eb. \ud83d\udcd6: 23/50", "profile_image_url": "https://pbs.twimg.com/profile_images/1498946908022198273/P1J5_bag_normal.jpg"}}, {"entities": {"mentions": [{"start": 3, "end": 14, "username": "StevieJRaw", "id": "1016592291694239744"}], "annotations": [{"start": 47, "end": 51, "probability": 0.8216, "type": "Person", "normalized_text": "Amber"}], "hashtags": [{"start": 55, "end": 76, "tag": "JusticeForJohnnyDepp"}]}, "created_at": "2020-10-31T23:01:04.000Z", "text": "RT @StevieJRaw: We know all about your tyranny Amber!!\n#JusticeForJohnnyDepp", "source": "Twitter for iPad", "public_metrics": {"retweet_count": 2, "reply_count": 0, "like_count": 0, "quote_count": 0}, "id": "1322674984066625536", "author_id": "887317370", "lang": "en", "referenced_tweets": [{"type": "retweeted", "id": "1322672107059249152"}], "quoted_tweet": {"created_at": "2020-10-31T22:39:56.000Z", "text": "Love what u have to say. I feel On Tyranny should be required reading for all Americans https://t.co/z5fiBvJabm", "entities": {"annotations": [{"start": 78, "end": 86, "probability": 0.5533, "type": "Person", "normalized_text": "Americans"}], "urls": [{"start": 88, "end": 111, "url": "https://t.co/z5fiBvJabm", "expanded_url": "https://twitter.com/TimothyDSnyder/status/1322546681842421766", "display_url": "twitter.com/TimothyDSnyder\u2026"}]}, "source": "Twitter for iPhone", "public_metrics": {"retweet_count": 18, "reply_count": 475, "like_count": 421, "quote_count": 33}, "id": "1322669662388187136", "author_id": "807003567605227520", "lang": "en", "referenced_tweets": [{"type": "quoted", "id": "1322546681842421766"}], "author": {"username": "realamberheard", "id": "807003567605227520", "created_at": "2016-12-08T23:26:58.000Z", "public_metrics": {"followers_count": 190336, "following_count": 220, "tweet_count": 1149, "listed_count": 567}, "name": "Amber Heard", "url": "https://t.co/Ze18Ek9SOI", "location": "Los Angeles, CA", "description": "Actor and Activist, semi-professional disruptor, ice cream advocate and shameless teacup yorkie-lover", "profile_image_url": "https://pbs.twimg.com/profile_images/1383196364792680448/N8CdupEu_normal.jpg"}}, "author": {"username": "SweetChastityYT", "id": "887317370", "created_at": "2012-10-17T18:20:22.000Z", "public_metrics": {"followers_count": 488, "following_count": 416, "tweet_count": 16778, "listed_count": 3}, "name": "SweetChastity", "url": "", "description": "Woman who loves video games, dogs, #JusticeForJohnny and Jason Momoa (notice #JusticeForJohnny comes before Aquaman star)", "profile_image_url": "https://pbs.twimg.com/profile_images/1475642668432642054/1Rlv-YVi_normal.jpg"}}, {"entities": {"mentions": [{"start": 3, "end": 14, "username": "StevieJRaw", "id": "1016592291694239744"}], "annotations": [{"start": 47, "end": 51, "probability": 0.8216, "type": "Person", "normalized_text": "Amber"}], "hashtags": [{"start": 55, "end": 76, "tag": "JusticeForJohnnyDepp"}]}, "created_at": "2020-10-31T22:50:41.000Z", "text": "RT @StevieJRaw: We know all about your tyranny Amber!!\n#JusticeForJohnnyDepp", "source": "Twitter for iPhone", "public_metrics": {"retweet_count": 2, "reply_count": 0, "like_count": 0, "quote_count": 0}, "id": "1322672371031924736", "author_id": "1295571678005563392", "lang": "en", "referenced_tweets": [{"type": "retweeted", "id": "1322672107059249152"}], "quoted_tweet": {"created_at": "2020-10-31T22:39:56.000Z", "text": "Love what u have to say. I feel On Tyranny should be required reading for all Americans https://t.co/z5fiBvJabm", "entities": {"annotations": [{"start": 78, "end": 86, "probability": 0.5533, "type": "Person", "normalized_text": "Americans"}], "urls": [{"start": 88, "end": 111, "url": "https://t.co/z5fiBvJabm", "expanded_url": "https://twitter.com/TimothyDSnyder/status/1322546681842421766", "display_url": "twitter.com/TimothyDSnyder\u2026"}]}, "source": "Twitter for iPhone", "public_metrics": {"retweet_count": 18, "reply_count": 475, "like_count": 421, "quote_count": 33}, "id": "1322669662388187136", "author_id": "807003567605227520", "lang": "en", "referenced_tweets": [{"type": "quoted", "id": "1322546681842421766"}], "author": {"username": "realamberheard", "id": "807003567605227520", "created_at": "2016-12-08T23:26:58.000Z", "public_metrics": {"followers_count": 190336, "following_count": 220, "tweet_count": 1149, "listed_count": 567}, "name": "Amber Heard", "url": "https://t.co/Ze18Ek9SOI", "location": "Los Angeles, CA", "description": "Actor and Activist, semi-professional disruptor, ice cream advocate and shameless teacup yorkie-lover", "profile_image_url": "https://pbs.twimg.com/profile_images/1383196364792680448/N8CdupEu_normal.jpg"}}, "author": {"username": "roselind_tei", "id": "1295571678005563392", "created_at": "2020-08-18T04:02:32.000Z", "public_metrics": {"followers_count": 266, "following_count": 804, "tweet_count": 667, "listed_count": 0}, "name": "Roselind", "url": "", "location": "Sarawak, Malaysia", "description": "MSc/BSc in Cognitive Science-Computation. I never dreamed about success. I worked for it.", "profile_image_url": "https://pbs.twimg.com/profile_images/1341724310449229824/mIJ81x0i_normal.jpg"}}, {"created_at": "2020-10-31T22:49:39.000Z", "text": "We know all about your tyranny Amber!!\n#JusticeForJohnnyDepp https://t.co/BBUVeEXlzC", "entities": {"annotations": [{"start": 31, "end": 35, "probability": 0.7598, "type": "Person", "normalized_text": "Amber"}], "hashtags": [{"start": 39, "end": 60, "tag": "JusticeForJohnnyDepp"}], "urls": [{"start": 61, "end": 84, "url": "https://t.co/BBUVeEXlzC", "expanded_url": "https://twitter.com/realamberheard/status/1322669662388187136", "display_url": "twitter.com/realamberheard\u2026"}]}, "source": "Twitter for iPhone", "public_metrics": {"retweet_count": 2, "reply_count": 0, "like_count": 32, "quote_count": 0}, "id": "1322672107059249152", "author_id": "1016592291694239744", "lang": "en", "referenced_tweets": [{"type": "quoted", "id": "1322669662388187136"}], "quoted_tweet": {"created_at": "2020-10-31T22:39:56.000Z", "text": "Love what u have to say. I feel On Tyranny should be required reading for all Americans https://t.co/z5fiBvJabm", "entities": {"annotations": [{"start": 78, "end": 86, "probability": 0.5533, "type": "Person", "normalized_text": "Americans"}], "urls": [{"start": 88, "end": 111, "url": "https://t.co/z5fiBvJabm", "expanded_url": "https://twitter.com/TimothyDSnyder/status/1322546681842421766", "display_url": "twitter.com/TimothyDSnyder\u2026"}]}, "source": "Twitter for iPhone", "public_metrics": {"retweet_count": 18, "reply_count": 475, "like_count": 421, "quote_count": 33}, "id": "1322669662388187136", "author_id": "807003567605227520", "lang": "en", "referenced_tweets": [{"type": "quoted", "id": "1322546681842421766"}], "author": {"username": "realamberheard", "id": "807003567605227520", "created_at": "2016-12-08T23:26:58.000Z", "public_metrics": {"followers_count": 190336, "following_count": 220, "tweet_count": 1149, "listed_count": 567}, "name": "Amber Heard", "url": "https://t.co/Ze18Ek9SOI", "location": "Los Angeles, CA", "description": "Actor and Activist, semi-professional disruptor, ice cream advocate and shameless teacup yorkie-lover", "profile_image_url": "https://pbs.twimg.com/profile_images/1383196364792680448/N8CdupEu_normal.jpg"}}, "author": {"username": "StevieJRaw", "id": "1016592291694239744", "created_at": "2018-07-10T07:57:44.000Z", "public_metrics": {"followers_count": 2987, "following_count": 243, "tweet_count": 11790, "listed_count": 20}, "name": "\ud83c\udff4\u200d\u2620\ufe0fStevie J Raw\ud83c\udff4\u200d\u2620\ufe0f", "url": "https://t.co/4UfILCavSD", "location": "Australia", "description": "Truth and Justice Must Prevail. #justiceforjohnnydepp #johnnydeppisinnocent #StevieJRaw #cancelcancelculture", "profile_image_url": "https://pbs.twimg.com/profile_images/1419234195214270470/VwWcqhjc_normal.jpg"}}]