[{"entities": {"hashtags": [{"start": 203, "end": 227, "tag": "HappyBirthdayAmberHeard"}], "annotations": [{"start": 37, "end": 44, "probability": 0.9888, "type": "Person", "normalized_text": "Angelina"}, {"start": 60, "end": 63, "probability": 0.998, "type": "Person", "normalized_text": "Brad"}, {"start": 158, "end": 170, "probability": 0.9366, "type": "Person", "normalized_text": "Howard Hughes"}, {"start": 194, "end": 198, "probability": 0.5583, "type": "Person", "normalized_text": "Amber"}], "urls": [{"start": 284, "end": 307, "url": "https://t.co/mjqPEFzdd2", "expanded_url": "https://twitter.com/realamberheard/status/1340035918216843265", "display_url": "twitter.com/realamberheard\u2026"}], "mentions": [{"start": 0, "end": 9, "username": "elonmusk", "id": "44196397"}, {"start": 10, "end": 21, "username": "AndrewYang", "id": "2228878592"}, {"start": 22, "end": 36, "username": "alexisohanian", "id": "811350"}]}, "author_id": "1369451382701498371", "lang": "en", "source": "Twitter Web App", "in_reply_to_user_id": "44196397", "referenced_tweets": [{"type": "quoted", "id": "1340035918216843265"}], "created_at": "2021-04-22T20:55:52.000Z", "text": "@elonmusk @AndrewYang @alexisohanian Angelina broke up with Brad because he being weird doing some spousal thing to her adoptive family too\n\nLeo in Aviator = Howard Hughes \u2708\ufe0fbetter!\n\nPrayer for Amber \ud83d\ude4f  #HappyBirthdayAmberHeard \nPeace &amp; Prayers to Armenian Christian believers \u271d\ufe0f https://t.co/mjqPEFzdd2", "id": "1385336574166982657", "public_metrics": {"retweet_count": 0, "reply_count": 2, "like_count": 2, "quote_count": 0}, "quoted_tweet": {"author_id": "807003567605227520", "entities": {"annotations": [{"start": 19, "end": 23, "probability": 0.9434, "type": "Person", "normalized_text": "Jesse"}], "urls": [{"start": 131, "end": 154, "url": "https://t.co/7GdHRBCAf4", "expanded_url": "https://live-winespectrum.pantheonsite.io/winemaker-of-the-year/", "display_url": "live-winespectrum.pantheonsite.io/winemaker-of-t\u2026"}], "mentions": [{"start": 39, "end": 53, "username": "ApertureWines", "id": "4823194572"}, {"start": 75, "end": 91, "username": "thesettingwines", "id": "801278880208162817"}]}, "lang": "en", "source": "Twitter for iPhone", "created_at": "2020-12-18T20:47:14.000Z", "text": "Glasses up to you, Jesse!!! Hell yes  \u2066@ApertureWines\u2069\n@devilproodwines\n\u2066\u2066\u2066@thesettingwines\u2069 Winemaker of the Year | Wine Spectrum https://t.co/7GdHRBCAf4", "id": "1340035918216843265", "public_metrics": {"retweet_count": 44, "reply_count": 925, "like_count": 447, "quote_count": 20}, "author": {"username": "realamberheard", "created_at": "2016-12-08T23:26:58.000Z", "profile_image_url": "https://pbs.twimg.com/profile_images/1383196364792680448/N8CdupEu_normal.jpg", "name": "Amber Heard", "public_metrics": {"followers_count": 190337, "following_count": 220, "tweet_count": 1149, "listed_count": 567}, "description": "Actor and Activist, semi-professional disruptor, ice cream advocate and shameless teacup yorkie-lover", "id": "807003567605227520", "url": "https://t.co/Ze18Ek9SOI", "location": "Los Angeles, CA"}}, "author": {"username": "SaveAsianLives", "created_at": "2021-03-10T00:53:52.000Z", "profile_image_url": "https://pbs.twimg.com/profile_images/1369462042764091394/y5mgovpV_normal.jpg", "name": "ASIAN LIVES MATTER! A.L.M.S.\ud83d\udc72\ud83e\udde2 \u271d\ufe0f\ud83d\ude4f#StopAAPIHate", "public_metrics": {"followers_count": 900, "following_count": 3065, "tweet_count": 10116, "listed_count": 3}, "description": "Asian Lives Matter Services Hero #AsianLivesMatter #ALMS #AndrewYangForNYC #StopAAPIHate #StopAsianhate #StopAsianHateCrimes #APAHM\nhttps://t.co/zVT1IcDK7F\u2026", "id": "1369451382701498371", "url": "https://t.co/uQ6MRTghDR", "location": "https://archive.is/cH2pF"}}, {"author_id": "1198769067261415425", "lang": "en", "source": "Twitter for iPhone", "entities": {"urls": [{"start": 36, "end": 59, "url": "https://t.co/qNLeI2lJ2P", "expanded_url": "https://twitter.com/realamberheard/status/1340035918216843265", "display_url": "twitter.com/realamberheard\u2026"}]}, "referenced_tweets": [{"type": "quoted", "id": "1340035918216843265"}], "created_at": "2021-02-01T03:57:29.000Z", "text": "a nightmare, i hope she has tonight https://t.co/qNLeI2lJ2P", "id": "1356089262572261381", "public_metrics": {"retweet_count": 0, "reply_count": 0, "like_count": 4, "quote_count": 0}, "quoted_tweet": {"author_id": "807003567605227520", "entities": {"annotations": [{"start": 19, "end": 23, "probability": 0.9434, "type": "Person", "normalized_text": "Jesse"}], "urls": [{"start": 131, "end": 154, "url": "https://t.co/7GdHRBCAf4", "expanded_url": "https://live-winespectrum.pantheonsite.io/winemaker-of-the-year/", "display_url": "live-winespectrum.pantheonsite.io/winemaker-of-t\u2026"}], "mentions": [{"start": 39, "end": 53, "username": "ApertureWines", "id": "4823194572"}, {"start": 75, "end": 91, "username": "thesettingwines", "id": "801278880208162817"}]}, "lang": "en", "source": "Twitter for iPhone", "created_at": "2020-12-18T20:47:14.000Z", "text": "Glasses up to you, Jesse!!! Hell yes  \u2066@ApertureWines\u2069\n@devilproodwines\n\u2066\u2066\u2066@thesettingwines\u2069 Winemaker of the Year | Wine Spectrum https://t.co/7GdHRBCAf4", "id": "1340035918216843265", "public_metrics": {"retweet_count": 44, "reply_count": 925, "like_count": 447, "quote_count": 20}, "author": {"username": "realamberheard", "created_at": "2016-12-08T23:26:58.000Z", "profile_image_url": "https://pbs.twimg.com/profile_images/1383196364792680448/N8CdupEu_normal.jpg", "name": "Amber Heard", "public_metrics": {"followers_count": 190337, "following_count": 220, "tweet_count": 1149, "listed_count": 567}, "description": "Actor and Activist, semi-professional disruptor, ice cream advocate and shameless teacup yorkie-lover", "id": "807003567605227520", "url": "https://t.co/Ze18Ek9SOI", "location": "Los Angeles, CA"}}, "author": {"username": "yodababyraphead", "created_at": "2019-11-25T01:03:32.000Z", "profile_image_url": "https://pbs.twimg.com/profile_images/1325593063268478976/HcICiPUd_normal.jpg", "name": "grogu the hip-hop head \u200e\u235f", "public_metrics": {"followers_count": 3670, "following_count": 184, "tweet_count": 6674, "listed_count": 11}, "description": "not affiliated with the mandalorian or disney plus in any way. 8/28/20 \ud83d\udc94", "id": "1198769067261415425", "url": "https://t.co/yei681kIet", "location": "razor crest"}}, {"author_id": "1035367433991856128", "entities": {"annotations": [{"start": 66, "end": 71, "probability": 0.9407, "type": "Person", "normalized_text": "Johnny"}], "urls": [{"start": 120, "end": 143, "url": "https://t.co/dVUg6KhKy5", "expanded_url": "https://twitter.com/realamberheard/status/1340035918216843265", "display_url": "twitter.com/realamberheard\u2026"}]}, "lang": "en", "source": "Twitter for iPhone", "referenced_tweets": [{"type": "quoted", "id": "1340035918216843265"}], "created_at": "2021-01-21T16:18:25.000Z", "text": "Nah, she doesn\u2019t have a drinking problem. If she does, it must be Johnny\u2019s fault.... just Blame him for everything..... https://t.co/dVUg6KhKy5", "id": "1352289457563697152", "public_metrics": {"retweet_count": 0, "reply_count": 0, "like_count": 8, "quote_count": 1}, "quoted_tweet": {"author_id": "807003567605227520", "entities": {"annotations": [{"start": 19, "end": 23, "probability": 0.9434, "type": "Person", "normalized_text": "Jesse"}], "urls": [{"start": 131, "end": 154, "url": "https://t.co/7GdHRBCAf4", "expanded_url": "https://live-winespectrum.pantheonsite.io/winemaker-of-the-year/", "display_url": "live-winespectrum.pantheonsite.io/winemaker-of-t\u2026"}], "mentions": [{"start": 39, "end": 53, "username": "ApertureWines", "id": "4823194572"}, {"start": 75, "end": 91, "username": "thesettingwines", "id": "801278880208162817"}]}, "lang": "en", "source": "Twitter for iPhone", "created_at": "2020-12-18T20:47:14.000Z", "text": "Glasses up to you, Jesse!!! Hell yes  \u2066@ApertureWines\u2069\n@devilproodwines\n\u2066\u2066\u2066@thesettingwines\u2069 Winemaker of the Year | Wine Spectrum https://t.co/7GdHRBCAf4", "id": "1340035918216843265", "public_metrics": {"retweet_count": 44, "reply_count": 925, "like_count": 447, "quote_count": 20}, "author": {"username": "realamberheard", "created_at": "2016-12-08T23:26:58.000Z", "profile_image_url": "https://pbs.twimg.com/profile_images/1383196364792680448/N8CdupEu_normal.jpg", "name": "Amber Heard", "public_metrics": {"followers_count": 190337, "following_count": 220, "tweet_count": 1149, "listed_count": 567}, "description": "Actor and Activist, semi-professional disruptor, ice cream advocate and shameless teacup yorkie-lover", "id": "807003567605227520", "url": "https://t.co/Ze18Ek9SOI", "location": "Los Angeles, CA"}}, "author": {"username": "wars_everything", "created_at": "2018-08-31T03:23:27.000Z", "profile_image_url": "https://pbs.twimg.com/profile_images/1497017108290580481/Ovh15uwp_normal.jpg", "name": "Rob\u2019s Rules", "public_metrics": {"followers_count": 1790, "following_count": 1844, "tweet_count": 11416, "listed_count": 8}, "description": "On my YouTube channel I cover Johnny Depp Case,Entertainment, Spider Man, Star Wars, Livestreams, Rumors,Movies, news and much more !!!", "id": "1035367433991856128", "url": "https://t.co/j7LhuKvpSI", "location": "United States"}}, {"author_id": "1072000274", "lang": "en", "source": "Twitter Web App", "entities": {"urls": [{"start": 64, "end": 87, "url": "https://t.co/rtEJzJEwTM", "expanded_url": "https://twitter.com/realamberheard/status/1340035918216843265", "display_url": "twitter.com/realamberheard\u2026"}]}, "referenced_tweets": [{"type": "quoted", "id": "1340035918216843265"}], "created_at": "2021-01-15T04:20:28.000Z", "text": "The same way your hands were up to the best actor in the world? https://t.co/rtEJzJEwTM", "id": "1349934453121015811", "public_metrics": {"retweet_count": 0, "reply_count": 0, "like_count": 1, "quote_count": 0}, "quoted_tweet": {"author_id": "807003567605227520", "entities": {"annotations": [{"start": 19, "end": 23, "probability": 0.9434, "type": "Person", "normalized_text": "Jesse"}], "urls": [{"start": 131, "end": 154, "url": "https://t.co/7GdHRBCAf4", "expanded_url": "https://live-winespectrum.pantheonsite.io/winemaker-of-the-year/", "display_url": "live-winespectrum.pantheonsite.io/winemaker-of-t\u2026"}], "mentions": [{"start": 39, "end": 53, "username": "ApertureWines", "id": "4823194572"}, {"start": 75, "end": 91, "username": "thesettingwines", "id": "801278880208162817"}]}, "lang": "en", "source": "Twitter for iPhone", "created_at": "2020-12-18T20:47:14.000Z", "text": "Glasses up to you, Jesse!!! Hell yes  \u2066@ApertureWines\u2069\n@devilproodwines\n\u2066\u2066\u2066@thesettingwines\u2069 Winemaker of the Year | Wine Spectrum https://t.co/7GdHRBCAf4", "id": "1340035918216843265", "public_metrics": {"retweet_count": 44, "reply_count": 925, "like_count": 447, "quote_count": 20}, "author": {"username": "realamberheard", "created_at": "2016-12-08T23:26:58.000Z", "profile_image_url": "https://pbs.twimg.com/profile_images/1383196364792680448/N8CdupEu_normal.jpg", "name": "Amber Heard", "public_metrics": {"followers_count": 190337, "following_count": 220, "tweet_count": 1149, "listed_count": 567}, "description": "Actor and Activist, semi-professional disruptor, ice cream advocate and shameless teacup yorkie-lover", "id": "807003567605227520", "url": "https://t.co/Ze18Ek9SOI", "location": "Los Angeles, CA"}}, "author": {"username": "eyemabadbih", "created_at": "2013-01-08T21:07:54.000Z", "profile_image_url": "https://pbs.twimg.com/profile_images/1151716991696347136/-2CjFGId_normal.jpg", "name": "iontlikeyou\u0432iTCH", "public_metrics": {"followers_count": 129, "following_count": 24, "tweet_count": 15, "listed_count": 0}, "description": "future lawyer |\nMara Moonilal |\nMy glock will mock your flock", "id": "1072000274", "url": ""}}, {"entities": {"hashtags": [{"start": 49, "end": 70, "tag": "JusticeForJohnnyDepp"}, {"start": 72, "end": 98, "tag": "AmberHeardIsTheRealAbuser"}], "urls": [{"start": 99, "end": 122, "url": "https://t.co/VtZSZPjmy6", "expanded_url": "https://twitter.com/raiizeuk/status/1344256601851621379/photo/1", "display_url": "pic.twitter.com/VtZSZPjmy6"}], "mentions": [{"start": 3, "end": 12, "username": "raiizeuk", "id": "3068876033"}]}, "author_id": "998039596935008257", "lang": "en", "source": "Twitter for iPhone", "referenced_tweets": [{"type": "retweeted", "id": "1344256601851621379"}], "created_at": "2021-01-07T21:27:59.000Z", "text": "RT @raiizeuk: Funny how it's all connected huh? \n#JusticeForJohnnyDepp \n#AmberHeardIsTheRealAbuser https://t.co/VtZSZPjmy6", "id": "1347293932258922496", "public_metrics": {"retweet_count": 1, "reply_count": 0, "like_count": 0, "quote_count": 0}, "quoted_tweet": {"author_id": "807003567605227520", "entities": {"annotations": [{"start": 19, "end": 23, "probability": 0.9434, "type": "Person", "normalized_text": "Jesse"}], "urls": [{"start": 131, "end": 154, "url": "https://t.co/7GdHRBCAf4", "expanded_url": "https://live-winespectrum.pantheonsite.io/winemaker-of-the-year/", "display_url": "live-winespectrum.pantheonsite.io/winemaker-of-t\u2026"}], "mentions": [{"start": 39, "end": 53, "username": "ApertureWines", "id": "4823194572"}, {"start": 75, "end": 91, "username": "thesettingwines", "id": "801278880208162817"}]}, "lang": "en", "source": "Twitter for iPhone", "created_at": "2020-12-18T20:47:14.000Z", "text": "Glasses up to you, Jesse!!! Hell yes  \u2066@ApertureWines\u2069\n@devilproodwines\n\u2066\u2066\u2066@thesettingwines\u2069 Winemaker of the Year | Wine Spectrum https://t.co/7GdHRBCAf4", "id": "1340035918216843265", "public_metrics": {"retweet_count": 44, "reply_count": 925, "like_count": 447, "quote_count": 20}, "author": {"username": "realamberheard", "created_at": "2016-12-08T23:26:58.000Z", "profile_image_url": "https://pbs.twimg.com/profile_images/1383196364792680448/N8CdupEu_normal.jpg", "name": "Amber Heard", "public_metrics": {"followers_count": 190337, "following_count": 220, "tweet_count": 1149, "listed_count": 567}, "description": "Actor and Activist, semi-professional disruptor, ice cream advocate and shameless teacup yorkie-lover", "id": "807003567605227520", "url": "https://t.co/Ze18Ek9SOI", "location": "Los Angeles, CA"}}, "author": {"username": "iheartaadya", "created_at": "2018-05-20T03:15:57.000Z", "profile_image_url": "https://pbs.twimg.com/profile_images/1492332503939518464/Ukf9AMDM_normal.jpg", "name": "Aadya", "public_metrics": {"followers_count": 78, "following_count": 231, "tweet_count": 6621, "listed_count": 1}, "description": "", "id": "998039596935008257", "url": "", "location": "Your moms house"}}, {"entities": {"hashtags": [{"start": 95, "end": 116, "tag": "JusticeForJohnnyDepp"}, {"start": 117, "end": 134, "tag": "NoExcuseForAbuse"}, {"start": 135, "end": 150, "tag": "survivorsunite"}], "urls": [{"start": 151, "end": 174, "url": "https://t.co/kLn7YFjbsp", "expanded_url": "https://twitter.com/realamberheard/status/1340035918216843265", "display_url": "twitter.com/realamberheard\u2026"}]}, "author_id": "900147296", "lang": "en", "source": "Twitter for iPhone", "referenced_tweets": [{"type": "quoted", "id": "1340035918216843265"}], "created_at": "2020-12-30T22:35:37.000Z", "text": "Well, those are three wines I WILL NOT be drinking. You belong in prison with other abusers \ud83d\udd95\ud83c\udffb\n#JusticeForJohnnyDepp #NoExcuseForAbuse #survivorsunite https://t.co/kLn7YFjbsp", "id": "1344411851266916353", "public_metrics": {"retweet_count": 0, "reply_count": 0, "like_count": 6, "quote_count": 0}, "quoted_tweet": {"author_id": "807003567605227520", "entities": {"annotations": [{"start": 19, "end": 23, "probability": 0.9434, "type": "Person", "normalized_text": "Jesse"}], "urls": [{"start": 131, "end": 154, "url": "https://t.co/7GdHRBCAf4", "expanded_url": "https://live-winespectrum.pantheonsite.io/winemaker-of-the-year/", "display_url": "live-winespectrum.pantheonsite.io/winemaker-of-t\u2026"}], "mentions": [{"start": 39, "end": 53, "username": "ApertureWines", "id": "4823194572"}, {"start": 75, "end": 91, "username": "thesettingwines", "id": "801278880208162817"}]}, "lang": "en", "source": "Twitter for iPhone", "created_at": "2020-12-18T20:47:14.000Z", "text": "Glasses up to you, Jesse!!! Hell yes  \u2066@ApertureWines\u2069\n@devilproodwines\n\u2066\u2066\u2066@thesettingwines\u2069 Winemaker of the Year | Wine Spectrum https://t.co/7GdHRBCAf4", "id": "1340035918216843265", "public_metrics": {"retweet_count": 44, "reply_count": 925, "like_count": 447, "quote_count": 20}, "author": {"username": "realamberheard", "created_at": "2016-12-08T23:26:58.000Z", "profile_image_url": "https://pbs.twimg.com/profile_images/1383196364792680448/N8CdupEu_normal.jpg", "name": "Amber Heard", "public_metrics": {"followers_count": 190337, "following_count": 220, "tweet_count": 1149, "listed_count": 567}, "description": "Actor and Activist, semi-professional disruptor, ice cream advocate and shameless teacup yorkie-lover", "id": "807003567605227520", "url": "https://t.co/Ze18Ek9SOI", "location": "Los Angeles, CA"}}, "author": {"username": "Art_Of_Egodram", "created_at": "2012-10-23T16:08:31.000Z", "profile_image_url": "https://pbs.twimg.com/profile_images/1097689481862352896/LKBYjViR_normal.jpg", "name": "Rider Of The Beast", "public_metrics": {"followers_count": 1369, "following_count": 785, "tweet_count": 35825, "listed_count": 57}, "description": "\"Mystery, Babylon the Great, Mother of Harlots & Abominations of the Earth\" ~ #artist #poet #iraqveteran", "id": "900147296", "url": "https://t.co/fjTX7wcoLr", "location": "Fayetteville, Arkansas"}}, {"entities": {"hashtags": [{"start": 35, "end": 56, "tag": "JusticeForJohnnyDepp"}, {"start": 58, "end": 84, "tag": "AmberHeardIsTheRealAbuser"}], "urls": [{"start": 85, "end": 108, "url": "https://t.co/VtZSZPjmy6", "expanded_url": "https://twitter.com/raiizeuk/status/1344256601851621379/photo/1", "display_url": "pic.twitter.com/VtZSZPjmy6"}, {"start": 109, "end": 132, "url": "https://t.co/nnG6G0gnO5", "expanded_url": "https://twitter.com/realamberheard/status/1340035918216843265", "display_url": "twitter.com/realamberheard\u2026"}]}, "author_id": "3068876033", "lang": "en", "source": "Twitter for Android", "referenced_tweets": [{"type": "quoted", "id": "1340035918216843265"}], "created_at": "2020-12-30T12:18:43.000Z", "text": "Funny how it's all connected huh? \n#JusticeForJohnnyDepp \n#AmberHeardIsTheRealAbuser https://t.co/VtZSZPjmy6 https://t.co/nnG6G0gnO5", "id": "1344256601851621379", "public_metrics": {"retweet_count": 1, "reply_count": 0, "like_count": 4, "quote_count": 0}, "quoted_tweet": {"author_id": "807003567605227520", "entities": {"annotations": [{"start": 19, "end": 23, "probability": 0.9434, "type": "Person", "normalized_text": "Jesse"}], "urls": [{"start": 131, "end": 154, "url": "https://t.co/7GdHRBCAf4", "expanded_url": "https://live-winespectrum.pantheonsite.io/winemaker-of-the-year/", "display_url": "live-winespectrum.pantheonsite.io/winemaker-of-t\u2026"}], "mentions": [{"start": 39, "end": 53, "username": "ApertureWines", "id": "4823194572"}, {"start": 75, "end": 91, "username": "thesettingwines", "id": "801278880208162817"}]}, "lang": "en", "source": "Twitter for iPhone", "created_at": "2020-12-18T20:47:14.000Z", "text": "Glasses up to you, Jesse!!! Hell yes  \u2066@ApertureWines\u2069\n@devilproodwines\n\u2066\u2066\u2066@thesettingwines\u2069 Winemaker of the Year | Wine Spectrum https://t.co/7GdHRBCAf4", "id": "1340035918216843265", "public_metrics": {"retweet_count": 44, "reply_count": 925, "like_count": 447, "quote_count": 20}, "author": {"username": "realamberheard", "created_at": "2016-12-08T23:26:58.000Z", "profile_image_url": "https://pbs.twimg.com/profile_images/1383196364792680448/N8CdupEu_normal.jpg", "name": "Amber Heard", "public_metrics": {"followers_count": 190337, "following_count": 220, "tweet_count": 1149, "listed_count": 567}, "description": "Actor and Activist, semi-professional disruptor, ice cream advocate and shameless teacup yorkie-lover", "id": "807003567605227520", "url": "https://t.co/Ze18Ek9SOI", "location": "Los Angeles, CA"}}, "author": {"username": "raiizeuk", "created_at": "2015-03-03T23:55:42.000Z", "profile_image_url": "https://pbs.twimg.com/profile_images/1485387965085978630/buMerlnK_normal.jpg", "name": "R\u039bIIZE", "public_metrics": {"followers_count": 1407, "following_count": 4358, "tweet_count": 6103, "listed_count": 6}, "description": "\ud83d\ude80\ud83c\udf1f'The A-Star\u2019\ud83c\udf1f OUT NOW! \ud83d\udd1c THE TECHNOVERZE JUNE 29TH \ud83d\udc4a\ud83c\udffb\ud83d\udc80|\u2022Producer, DJ, Drummer & Graphics Designer from Warminster\ud83c\uddec\ud83c\udde7 Born in Cape Town\ud83c\uddff\ud83c\udde6", "id": "3068876033", "url": "https://t.co/bVddwPQCcI", "location": "England, United Kingdom"}}, {"author_id": "384156991", "lang": "en", "source": "Twitter for iPhone", "entities": {"urls": [{"start": 95, "end": 118, "url": "https://t.co/CmOYBXWPg5", "expanded_url": "https://twitter.com/realamberheard/status/1340035918216843265", "display_url": "twitter.com/realamberheard\u2026"}]}, "referenced_tweets": [{"type": "quoted", "id": "1340035918216843265"}], "created_at": "2020-12-28T22:42:21.000Z", "text": "This must be the selection of wines she likes to drink before she abuses her significant other https://t.co/CmOYBXWPg5", "id": "1343688767266115584", "public_metrics": {"retweet_count": 0, "reply_count": 0, "like_count": 2, "quote_count": 0}, "quoted_tweet": {"author_id": "807003567605227520", "entities": {"annotations": [{"start": 19, "end": 23, "probability": 0.9434, "type": "Person", "normalized_text": "Jesse"}], "urls": [{"start": 131, "end": 154, "url": "https://t.co/7GdHRBCAf4", "expanded_url": "https://live-winespectrum.pantheonsite.io/winemaker-of-the-year/", "display_url": "live-winespectrum.pantheonsite.io/winemaker-of-t\u2026"}], "mentions": [{"start": 39, "end": 53, "username": "ApertureWines", "id": "4823194572"}, {"start": 75, "end": 91, "username": "thesettingwines", "id": "801278880208162817"}]}, "lang": "en", "source": "Twitter for iPhone", "created_at": "2020-12-18T20:47:14.000Z", "text": "Glasses up to you, Jesse!!! Hell yes  \u2066@ApertureWines\u2069\n@devilproodwines\n\u2066\u2066\u2066@thesettingwines\u2069 Winemaker of the Year | Wine Spectrum https://t.co/7GdHRBCAf4", "id": "1340035918216843265", "public_metrics": {"retweet_count": 44, "reply_count": 925, "like_count": 447, "quote_count": 20}, "author": {"username": "realamberheard", "created_at": "2016-12-08T23:26:58.000Z", "profile_image_url": "https://pbs.twimg.com/profile_images/1383196364792680448/N8CdupEu_normal.jpg", "name": "Amber Heard", "public_metrics": {"followers_count": 190337, "following_count": 220, "tweet_count": 1149, "listed_count": 567}, "description": "Actor and Activist, semi-professional disruptor, ice cream advocate and shameless teacup yorkie-lover", "id": "807003567605227520", "url": "https://t.co/Ze18Ek9SOI", "location": "Los Angeles, CA"}}, "author": {"username": "Chris_Ruthless", "created_at": "2011-10-03T05:19:39.000Z", "profile_image_url": "https://pbs.twimg.com/profile_images/1252699137297936386/DigFDNpY_normal.jpg", "name": "Ruthless", "public_metrics": {"followers_count": 130, "following_count": 180, "tweet_count": 3407, "listed_count": 3}, "description": "Youtuber/streamer, the goal is to build a community that feels like a group of friends having a good time.", "id": "384156991", "url": "https://t.co/2d5Mih1rUe"}}, {"author_id": "1232781316514598913", "lang": "en", "source": "Twitter Web App", "entities": {"urls": [{"start": 27, "end": 50, "url": "https://t.co/QwYu86z9Qc", "expanded_url": "https://twitter.com/realamberheard/status/1340035918216843265", "display_url": "twitter.com/realamberheard\u2026"}]}, "referenced_tweets": [{"type": "quoted", "id": "1340035918216843265"}], "created_at": "2020-12-26T16:59:46.000Z", "text": "fuck off you piece of shit https://t.co/QwYu86z9Qc", "id": "1342877780376223744", "public_metrics": {"retweet_count": 0, "reply_count": 0, "like_count": 5, "quote_count": 0}, "quoted_tweet": {"author_id": "807003567605227520", "entities": {"annotations": [{"start": 19, "end": 23, "probability": 0.9434, "type": "Person", "normalized_text": "Jesse"}], "urls": [{"start": 131, "end": 154, "url": "https://t.co/7GdHRBCAf4", "expanded_url": "https://live-winespectrum.pantheonsite.io/winemaker-of-the-year/", "display_url": "live-winespectrum.pantheonsite.io/winemaker-of-t\u2026"}], "mentions": [{"start": 39, "end": 53, "username": "ApertureWines", "id": "4823194572"}, {"start": 75, "end": 91, "username": "thesettingwines", "id": "801278880208162817"}]}, "lang": "en", "source": "Twitter for iPhone", "created_at": "2020-12-18T20:47:14.000Z", "text": "Glasses up to you, Jesse!!! Hell yes  \u2066@ApertureWines\u2069\n@devilproodwines\n\u2066\u2066\u2066@thesettingwines\u2069 Winemaker of the Year | Wine Spectrum https://t.co/7GdHRBCAf4", "id": "1340035918216843265", "public_metrics": {"retweet_count": 44, "reply_count": 925, "like_count": 447, "quote_count": 20}, "author": {"username": "realamberheard", "created_at": "2016-12-08T23:26:58.000Z", "profile_image_url": "https://pbs.twimg.com/profile_images/1383196364792680448/N8CdupEu_normal.jpg", "name": "Amber Heard", "public_metrics": {"followers_count": 190337, "following_count": 220, "tweet_count": 1149, "listed_count": 567}, "description": "Actor and Activist, semi-professional disruptor, ice cream advocate and shameless teacup yorkie-lover", "id": "807003567605227520", "url": "https://t.co/Ze18Ek9SOI", "location": "Los Angeles, CA"}}, "author": {"username": "problemzgatme", "created_at": "2020-02-26T21:35:53.000Z", "profile_image_url": "https://pbs.twimg.com/profile_images/1481495758692130822/vUQpkFk5_normal.jpg", "name": "mellow", "public_metrics": {"followers_count": 229, "following_count": 345, "tweet_count": 6636, "listed_count": 5}, "description": "!", "id": "1232781316514598913", "url": ""}}, {"author_id": "1115088720015704065", "lang": "en", "source": "Twitter Web App", "entities": {"urls": [{"start": 100, "end": 123, "url": "https://t.co/rcIwzD0phd", "expanded_url": "https://twitter.com/realamberheard/status/1340035918216843265", "display_url": "twitter.com/realamberheard\u2026"}], "mentions": [{"start": 3, "end": 17, "username": "ThatSwampyBoi", "id": "1003084532080365568"}]}, "referenced_tweets": [{"type": "retweeted", "id": "1341502732717461512"}], "created_at": "2020-12-24T22:56:48.000Z", "text": "RT @ThatSwampyBoi: Didn't you allegedly break off part of your husband's finger with a wine bottle? https://t.co/rcIwzD0phd", "id": "1342242853632688128", "public_metrics": {"retweet_count": 1, "reply_count": 0, "like_count": 0, "quote_count": 0}, "quoted_tweet": {"author_id": "807003567605227520", "entities": {"annotations": [{"start": 19, "end": 23, "probability": 0.9434, "type": "Person", "normalized_text": "Jesse"}], "urls": [{"start": 131, "end": 154, "url": "https://t.co/7GdHRBCAf4", "expanded_url": "https://live-winespectrum.pantheonsite.io/winemaker-of-the-year/", "display_url": "live-winespectrum.pantheonsite.io/winemaker-of-t\u2026"}], "mentions": [{"start": 39, "end": 53, "username": "ApertureWines", "id": "4823194572"}, {"start": 75, "end": 91, "username": "thesettingwines", "id": "801278880208162817"}]}, "lang": "en", "source": "Twitter for iPhone", "created_at": "2020-12-18T20:47:14.000Z", "text": "Glasses up to you, Jesse!!! Hell yes  \u2066@ApertureWines\u2069\n@devilproodwines\n\u2066\u2066\u2066@thesettingwines\u2069 Winemaker of the Year | Wine Spectrum https://t.co/7GdHRBCAf4", "id": "1340035918216843265", "public_metrics": {"retweet_count": 44, "reply_count": 925, "like_count": 447, "quote_count": 20}, "author": {"username": "realamberheard", "created_at": "2016-12-08T23:26:58.000Z", "profile_image_url": "https://pbs.twimg.com/profile_images/1383196364792680448/N8CdupEu_normal.jpg", "name": "Amber Heard", "public_metrics": {"followers_count": 190337, "following_count": 220, "tweet_count": 1149, "listed_count": 567}, "description": "Actor and Activist, semi-professional disruptor, ice cream advocate and shameless teacup yorkie-lover", "id": "807003567605227520", "url": "https://t.co/Ze18Ek9SOI", "location": "Los Angeles, CA"}}, "author": {"username": "RaYIzDeD", "created_at": "2019-04-08T03:07:22.000Z", "profile_image_url": "https://pbs.twimg.com/profile_images/1480381207548346370/bRvoTbt5_normal.jpg", "name": "RaYIzDeD", "public_metrics": {"followers_count": 149, "following_count": 377, "tweet_count": 838, "listed_count": 2}, "description": "Twitch Affiliate ~ Schedule to come soon ~ https://t.co/SYTZZWZRX8 Instagram: @ rayizdedsmokes Snapchat: @ rayizded #fuckAmberHeard", "id": "1115088720015704065", "url": "https://t.co/SYTZZWZRX8", "location": "Watsonville, CA"}}, {"author_id": "1003084532080365568", "lang": "en", "source": "Twitter for Android", "entities": {"urls": [{"start": 81, "end": 104, "url": "https://t.co/rcIwzD0phd", "expanded_url": "https://twitter.com/realamberheard/status/1340035918216843265", "display_url": "twitter.com/realamberheard\u2026"}]}, "referenced_tweets": [{"type": "quoted", "id": "1340035918216843265"}], "created_at": "2020-12-22T21:55:50.000Z", "text": "Didn't you allegedly break off part of your husband's finger with a wine bottle? https://t.co/rcIwzD0phd", "id": "1341502732717461512", "public_metrics": {"retweet_count": 1, "reply_count": 1, "like_count": 17, "quote_count": 0}, "quoted_tweet": {"author_id": "807003567605227520", "entities": {"annotations": [{"start": 19, "end": 23, "probability": 0.9434, "type": "Person", "normalized_text": "Jesse"}], "urls": [{"start": 131, "end": 154, "url": "https://t.co/7GdHRBCAf4", "expanded_url": "https://live-winespectrum.pantheonsite.io/winemaker-of-the-year/", "display_url": "live-winespectrum.pantheonsite.io/winemaker-of-t\u2026"}], "mentions": [{"start": 39, "end": 53, "username": "ApertureWines", "id": "4823194572"}, {"start": 75, "end": 91, "username": "thesettingwines", "id": "801278880208162817"}]}, "lang": "en", "source": "Twitter for iPhone", "created_at": "2020-12-18T20:47:14.000Z", "text": "Glasses up to you, Jesse!!! Hell yes  \u2066@ApertureWines\u2069\n@devilproodwines\n\u2066\u2066\u2066@thesettingwines\u2069 Winemaker of the Year | Wine Spectrum https://t.co/7GdHRBCAf4", "id": "1340035918216843265", "public_metrics": {"retweet_count": 44, "reply_count": 925, "like_count": 447, "quote_count": 20}, "author": {"username": "realamberheard", "created_at": "2016-12-08T23:26:58.000Z", "profile_image_url": "https://pbs.twimg.com/profile_images/1383196364792680448/N8CdupEu_normal.jpg", "name": "Amber Heard", "public_metrics": {"followers_count": 190337, "following_count": 220, "tweet_count": 1149, "listed_count": 567}, "description": "Actor and Activist, semi-professional disruptor, ice cream advocate and shameless teacup yorkie-lover", "id": "807003567605227520", "url": "https://t.co/Ze18Ek9SOI", "location": "Los Angeles, CA"}}, "author": {"username": "ThatSwampyBoi", "created_at": "2018-06-03T01:22:43.000Z", "profile_image_url": "https://pbs.twimg.com/profile_images/1478041740481380353/F9AzD7JN_normal.jpg", "name": "Swampy Boi", "public_metrics": {"followers_count": 144, "following_count": 157, "tweet_count": 3174, "listed_count": 3}, "description": "\ud83c\udfaeTwitch Affiliate and Doggo Father\ud83d\udc36\n\nIt's always Modelo time, foo.\ud83c\udf7b\n\n\ud83d\udc55Shop Swampy Boi Merch\nhttps://t.co/JnbCTd6JxM", "id": "1003084532080365568", "url": "https://t.co/D4o4Ulm2cP"}}, {"entities": {"hashtags": [{"start": 15, "end": 29, "tag": "UnitedNations"}], "annotations": [{"start": 135, "end": 138, "probability": 0.5937, "type": "Place", "normalized_text": "Leba"}], "mentions": [{"start": 3, "end": 13, "username": "Eskarina9", "id": "1256036805411037186"}]}, "author_id": "1285093383325667328", "lang": "en", "source": "Twitter for iPhone", "referenced_tweets": [{"type": "retweeted", "id": "1340322726939136000"}], "created_at": "2020-12-19T17:41:24.000Z", "text": "RT @Eskarina9: #UnitedNations today is migrants day. Your ambassador is busy advertising wines. I am sure you regret that paid trip to Leba\u2026", "id": "1340351542361112576", "public_metrics": {"retweet_count": 1, "reply_count": 0, "like_count": 0, "quote_count": 0}, "quoted_tweet": {"author_id": "807003567605227520", "entities": {"annotations": [{"start": 19, "end": 23, "probability": 0.9434, "type": "Person", "normalized_text": "Jesse"}], "urls": [{"start": 131, "end": 154, "url": "https://t.co/7GdHRBCAf4", "expanded_url": "https://live-winespectrum.pantheonsite.io/winemaker-of-the-year/", "display_url": "live-winespectrum.pantheonsite.io/winemaker-of-t\u2026"}], "mentions": [{"start": 39, "end": 53, "username": "ApertureWines", "id": "4823194572"}, {"start": 75, "end": 91, "username": "thesettingwines", "id": "801278880208162817"}]}, "lang": "en", "source": "Twitter for iPhone", "created_at": "2020-12-18T20:47:14.000Z", "text": "Glasses up to you, Jesse!!! Hell yes  \u2066@ApertureWines\u2069\n@devilproodwines\n\u2066\u2066\u2066@thesettingwines\u2069 Winemaker of the Year | Wine Spectrum https://t.co/7GdHRBCAf4", "id": "1340035918216843265", "public_metrics": {"retweet_count": 44, "reply_count": 925, "like_count": 447, "quote_count": 20}, "author": {"username": "realamberheard", "created_at": "2016-12-08T23:26:58.000Z", "profile_image_url": "https://pbs.twimg.com/profile_images/1383196364792680448/N8CdupEu_normal.jpg", "name": "Amber Heard", "public_metrics": {"followers_count": 190337, "following_count": 220, "tweet_count": 1149, "listed_count": 567}, "description": "Actor and Activist, semi-professional disruptor, ice cream advocate and shameless teacup yorkie-lover", "id": "807003567605227520", "url": "https://t.co/Ze18Ek9SOI", "location": "Los Angeles, CA"}}, "author": {"username": "GenevieDEPP", "created_at": "2020-07-20T06:05:24.000Z", "profile_image_url": "https://abs.twimg.com/sticky/default_profile_images/default_profile_normal.png", "name": "Genna4justice\u2696\ufe0f\ud83c\udf0f\ud83c\udff4\u200d\u2620\ufe0f", "public_metrics": {"followers_count": 791, "following_count": 1436, "tweet_count": 32696, "listed_count": 2}, "description": "#JUSTICEFORJOHNNYDEPP", "id": "1285093383325667328", "url": "", "location": "A real person in the USA "}}, {"entities": {"hashtags": [{"start": 0, "end": 14, "tag": "UnitedNations"}], "annotations": [{"start": 120, "end": 126, "probability": 0.982, "type": "Place", "normalized_text": "Lebanon"}, {"start": 143, "end": 148, "probability": 0.4723, "type": "Place", "normalized_text": "Syrian"}], "urls": [{"start": 160, "end": 183, "url": "https://t.co/emtQqBaO7V", "expanded_url": "https://twitter.com/realamberheard/status/1340035918216843265", "display_url": "twitter.com/realamberheard\u2026"}]}, "author_id": "1256036805411037186", "lang": "en", "source": "Twitter for Android", "referenced_tweets": [{"type": "quoted", "id": "1340035918216843265"}], "created_at": "2020-12-19T15:46:54.000Z", "text": "#UnitedNations today is migrants day. Your ambassador is busy advertising wines. I am sure you regret that paid trip to Lebanon for support to Syrian migrants. https://t.co/emtQqBaO7V", "id": "1340322726939136000", "public_metrics": {"retweet_count": 1, "reply_count": 0, "like_count": 31, "quote_count": 2}, "quoted_tweet": {"author_id": "807003567605227520", "entities": {"annotations": [{"start": 19, "end": 23, "probability": 0.9434, "type": "Person", "normalized_text": "Jesse"}], "urls": [{"start": 131, "end": 154, "url": "https://t.co/7GdHRBCAf4", "expanded_url": "https://live-winespectrum.pantheonsite.io/winemaker-of-the-year/", "display_url": "live-winespectrum.pantheonsite.io/winemaker-of-t\u2026"}], "mentions": [{"start": 39, "end": 53, "username": "ApertureWines", "id": "4823194572"}, {"start": 75, "end": 91, "username": "thesettingwines", "id": "801278880208162817"}]}, "lang": "en", "source": "Twitter for iPhone", "created_at": "2020-12-18T20:47:14.000Z", "text": "Glasses up to you, Jesse!!! Hell yes  \u2066@ApertureWines\u2069\n@devilproodwines\n\u2066\u2066\u2066@thesettingwines\u2069 Winemaker of the Year | Wine Spectrum https://t.co/7GdHRBCAf4", "id": "1340035918216843265", "public_metrics": {"retweet_count": 44, "reply_count": 925, "like_count": 447, "quote_count": 20}, "author": {"username": "realamberheard", "created_at": "2016-12-08T23:26:58.000Z", "profile_image_url": "https://pbs.twimg.com/profile_images/1383196364792680448/N8CdupEu_normal.jpg", "name": "Amber Heard", "public_metrics": {"followers_count": 190337, "following_count": 220, "tweet_count": 1149, "listed_count": 567}, "description": "Actor and Activist, semi-professional disruptor, ice cream advocate and shameless teacup yorkie-lover", "id": "807003567605227520", "url": "https://t.co/Ze18Ek9SOI", "location": "Los Angeles, CA"}}, "author": {"username": "Eskarina9", "created_at": "2020-05-01T01:44:57.000Z", "profile_image_url": "https://pbs.twimg.com/profile_images/1463185153031868422/aIIqNgod_normal.jpg", "name": "Eskarina", "public_metrics": {"followers_count": 795, "following_count": 843, "tweet_count": 21693, "listed_count": 0}, "description": "You are going to fart on my balls.", "id": "1256036805411037186", "url": ""}}, {"author_id": "1318881139420004352", "lang": "en", "source": "Twitter for Android", "entities": {"urls": [{"start": 38, "end": 61, "url": "https://t.co/fQHfeXdQoC", "expanded_url": "https://twitter.com/MR3O_O/status/1340043154007994369/photo/1", "display_url": "pic.twitter.com/fQHfeXdQoC"}, {"start": 62, "end": 85, "url": "https://t.co/PV5LRisQ8L", "expanded_url": "https://twitter.com/realamberheard/status/1340035918216843265", "display_url": "twitter.com/realamberheard\u2026"}]}, "referenced_tweets": [{"type": "quoted", "id": "1340035918216843265"}], "created_at": "2020-12-18T21:15:59.000Z", "text": "How can i be fine without you\n\u2764\ufe0f\u2764\ufe0f\u2764\ufe0f\ud83c\udf77 https://t.co/fQHfeXdQoC https://t.co/PV5LRisQ8L", "id": "1340043154007994369", "public_metrics": {"retweet_count": 0, "reply_count": 0, "like_count": 0, "quote_count": 0}, "quoted_tweet": {"author_id": "807003567605227520", "entities": {"annotations": [{"start": 19, "end": 23, "probability": 0.9434, "type": "Person", "normalized_text": "Jesse"}], "urls": [{"start": 131, "end": 154, "url": "https://t.co/7GdHRBCAf4", "expanded_url": "https://live-winespectrum.pantheonsite.io/winemaker-of-the-year/", "display_url": "live-winespectrum.pantheonsite.io/winemaker-of-t\u2026"}], "mentions": [{"start": 39, "end": 53, "username": "ApertureWines", "id": "4823194572"}, {"start": 75, "end": 91, "username": "thesettingwines", "id": "801278880208162817"}]}, "lang": "en", "source": "Twitter for iPhone", "created_at": "2020-12-18T20:47:14.000Z", "text": "Glasses up to you, Jesse!!! Hell yes  \u2066@ApertureWines\u2069\n@devilproodwines\n\u2066\u2066\u2066@thesettingwines\u2069 Winemaker of the Year | Wine Spectrum https://t.co/7GdHRBCAf4", "id": "1340035918216843265", "public_metrics": {"retweet_count": 44, "reply_count": 925, "like_count": 447, "quote_count": 20}, "author": {"username": "realamberheard", "created_at": "2016-12-08T23:26:58.000Z", "profile_image_url": "https://pbs.twimg.com/profile_images/1383196364792680448/N8CdupEu_normal.jpg", "name": "Amber Heard", "public_metrics": {"followers_count": 190337, "following_count": 220, "tweet_count": 1149, "listed_count": 567}, "description": "Actor and Activist, semi-professional disruptor, ice cream advocate and shameless teacup yorkie-lover", "id": "807003567605227520", "url": "https://t.co/Ze18Ek9SOI", "location": "Los Angeles, CA"}}, "author": {"username": "addicted2shady", "created_at": "2020-10-21T11:45:59.000Z", "profile_image_url": "https://pbs.twimg.com/profile_images/1462531105731526659/7br3lS79_normal.jpg", "name": "\u2764\ufe0f\u200d\ud83d\udd25\ud835\udc11\ud835\udc1a\ud835\udc29\ud835\udc06\ud835\udc0e\ud835\udc03\u2764\ufe0f\u200d\ud83d\udd25", "public_metrics": {"followers_count": 131, "following_count": 310, "tweet_count": 1745, "listed_count": 1}, "description": "\ud835\udc12\ud835\udc1a\ud835\udc30 \ud835\udc26\ud835\udc32 \ud835\udc28\ud835\udc25\ud835\udc1d \ud835\udc2c\ud835\udc30\ud835\udc1e\ud835\udc1a\ud835\udc2d\ud835\udc21\ud835\udc1e\ud835\udc1a\ud835\udc2b\ud835\udc2d, \ud835\udc2c\ud835\udc1a\ud835\udc22\ud835\udc1d \ud835\udc07\ud835\udc28\ud835\udc27\ud835\udc1e\ud835\udc32 \ud835\udc22\ud835\udc26 \ud835\udc1b\ud835\udc1a\ud835\udc1c\ud835\udc24... \ud835\udc23\ud835\udc2e\ud835\udc2c\ud835\udc2d \ud835\udc2c\ud835\udc28 \ud835\udc32\ud835\udc28\ud835\udc2e \ud835\udc1d\ud835\udc28\ud835\udc27\ud835\udc2d \ud835\udc1d\ud835\udc22\ud835\udc1e \ud835\udc1a\ud835\udc25\ud835\udc28\ud835\udc27\ud835\udc1e | 18 | \u2642\ufe0f", "id": "1318881139420004352", "url": "", "location": "\ud835\udc12\ud835\udc21\ud835\udc1a\ud835\udc1d\ud835\udc32\ud835\udc0b\ud835\udc1a\ud835\udc27\ud835\udc1d"}}]