[{"source": "Twitter for Android", "lang": "en", "public_metrics": {"retweet_count": 3, "reply_count": 0, "like_count": 0, "quote_count": 0}, "created_at": "2021-03-21T03:01:40.000Z", "entities": {"mentions": [{"start": 3, "end": 15, "username": "MeganLouise", "id": "46879838"}]}, "id": "1373469834193870848", "referenced_tweets": [{"type": "retweeted", "id": "1357350837807271938"}], "text": "RT @MeganLouise: You\u2019ve literally lied about being abused, stole a rape survivors story, lied about donating money to dying children, commi\u2026", "author_id": "440821722", "quoted_tweet": {"source": "Twitter for iPhone", "in_reply_to_user_id": "54476519", "lang": "en", "public_metrics": {"retweet_count": 16, "reply_count": 107, "like_count": 117, "quote_count": 7}, "created_at": "2021-02-04T09:00:04.000Z", "entities": {"mentions": [{"start": 0, "end": 11, "username": "Eve_Barlow", "id": "54476519"}], "annotations": [{"start": 12, "end": 14, "probability": 0.7345, "type": "Other", "normalized_text": "God"}]}, "id": "1357252573191806978", "referenced_tweets": [{"type": "replied_to", "id": "1357246661177712642"}], "text": "@Eve_Barlow God, I\u2019d have a field day with this one", "author_id": "807003567605227520", "author": {"created_at": "2016-12-08T23:26:58.000Z", "profile_image_url": "https://pbs.twimg.com/profile_images/1383196364792680448/N8CdupEu_normal.jpg", "url": "https://t.co/Ze18Ek9SOI", "name": "Amber Heard", "location": "Los Angeles, CA", "id": "807003567605227520", "public_metrics": {"followers_count": 190337, "following_count": 220, "tweet_count": 1149, "listed_count": 567}, "description": "Actor and Activist, semi-professional disruptor, ice cream advocate and shameless teacup yorkie-lover", "username": "realamberheard"}}, "author": {"created_at": "2011-12-19T13:04:16.000Z", "profile_image_url": "https://pbs.twimg.com/profile_images/1458912595449200648/FZrHge6W_normal.jpg", "url": "https://t.co/8RxhAHOMPH", "name": "\u2661\u2e38 ej \u2e38\u2661", "location": "sheff \ud80c\udd9d \ud80c\udd9f \ud80c\udd9e she/her \u00d7 22 ", "id": "440821722", "public_metrics": {"followers_count": 6679, "following_count": 5693, "tweet_count": 67039, "listed_count": 32}, "description": "tattoo apprentice: @InkItEJ \u00d7 backup: @OhMyEJ", "username": "OhMyEmz"}}, {"source": "Twitter for Android", "lang": "en", "public_metrics": {"retweet_count": 3, "reply_count": 0, "like_count": 0, "quote_count": 0}, "created_at": "2021-02-04T22:44:26.000Z", "entities": {"mentions": [{"start": 3, "end": 15, "username": "MeganLouise", "id": "46879838"}]}, "id": "1357460030468075523", "referenced_tweets": [{"type": "retweeted", "id": "1357350837807271938"}], "text": "RT @MeganLouise: You\u2019ve literally lied about being abused, stole a rape survivors story, lied about donating money to dying children, commi\u2026", "author_id": "1311226207279738880", "quoted_tweet": {"source": "Twitter for iPhone", "in_reply_to_user_id": "54476519", "lang": "en", "public_metrics": {"retweet_count": 16, "reply_count": 107, "like_count": 117, "quote_count": 7}, "created_at": "2021-02-04T09:00:04.000Z", "entities": {"mentions": [{"start": 0, "end": 11, "username": "Eve_Barlow", "id": "54476519"}], "annotations": [{"start": 12, "end": 14, "probability": 0.7345, "type": "Other", "normalized_text": "God"}]}, "id": "1357252573191806978", "referenced_tweets": [{"type": "replied_to", "id": "1357246661177712642"}], "text": "@Eve_Barlow God, I\u2019d have a field day with this one", "author_id": "807003567605227520", "author": {"created_at": "2016-12-08T23:26:58.000Z", "profile_image_url": "https://pbs.twimg.com/profile_images/1383196364792680448/N8CdupEu_normal.jpg", "url": "https://t.co/Ze18Ek9SOI", "name": "Amber Heard", "location": "Los Angeles, CA", "id": "807003567605227520", "public_metrics": {"followers_count": 190337, "following_count": 220, "tweet_count": 1149, "listed_count": 567}, "description": "Actor and Activist, semi-professional disruptor, ice cream advocate and shameless teacup yorkie-lover", "username": "realamberheard"}}, "author": {"created_at": "2020-09-30T08:47:59.000Z", "profile_image_url": "https://pbs.twimg.com/profile_images/1485027172712652802/0CoDLUIO_normal.jpg", "url": "", "name": "\ud83c\udf40Lisa Urban\u2664\u2075\ud83c\udf40", "id": "1311226207279738880", "public_metrics": {"followers_count": 301, "following_count": 398, "tweet_count": 14464, "listed_count": 2}, "description": "BIGB5NG \n\n''I haven't changed.The surroundings changed, I haven't changed at all.''\u2664\n\ud83d\udc9b\ud83d\udc9b\ud83d\udc9b\ud83d\udc9b\ud83d\udc9b\nvipblackjack", "username": "LisaUrban20"}}, {"source": "Twitter for iPhone", "lang": "en", "public_metrics": {"retweet_count": 1, "reply_count": 0, "like_count": 0, "quote_count": 0}, "created_at": "2021-02-04T17:49:12.000Z", "entities": {"mentions": [{"start": 3, "end": 19, "username": "SweetChastityYT", "id": "887317370"}], "annotations": [{"start": 30, "end": 44, "probability": 0.9898, "type": "Person", "normalized_text": "Melissa Benoist"}, {"start": 111, "end": 116, "probability": 0.8742, "type": "Product", "normalized_text": "iPhone"}]}, "id": "1357385735456833542", "referenced_tweets": [{"type": "retweeted", "id": "1357375429200519174"}], "text": "RT @SweetChastityYT: So am I!\nMelissa Benoist recounts the injuries she got from being hit in the face with an iPhone: broken nose, eye swo\u2026", "author_id": "1268806087748313088", "quoted_tweet": {"source": "Twitter for iPhone", "in_reply_to_user_id": "54476519", "lang": "en", "public_metrics": {"retweet_count": 16, "reply_count": 107, "like_count": 117, "quote_count": 7}, "created_at": "2021-02-04T09:00:04.000Z", "entities": {"mentions": [{"start": 0, "end": 11, "username": "Eve_Barlow", "id": "54476519"}], "annotations": [{"start": 12, "end": 14, "probability": 0.7345, "type": "Other", "normalized_text": "God"}]}, "id": "1357252573191806978", "referenced_tweets": [{"type": "replied_to", "id": "1357246661177712642"}], "text": "@Eve_Barlow God, I\u2019d have a field day with this one", "author_id": "807003567605227520", "author": {"created_at": "2016-12-08T23:26:58.000Z", "profile_image_url": "https://pbs.twimg.com/profile_images/1383196364792680448/N8CdupEu_normal.jpg", "url": "https://t.co/Ze18Ek9SOI", "name": "Amber Heard", "location": "Los Angeles, CA", "id": "807003567605227520", "public_metrics": {"followers_count": 190337, "following_count": 220, "tweet_count": 1149, "listed_count": 567}, "description": "Actor and Activist, semi-professional disruptor, ice cream advocate and shameless teacup yorkie-lover", "username": "realamberheard"}}, "author": {"created_at": "2020-06-05T07:25:45.000Z", "profile_image_url": "https://pbs.twimg.com/profile_images/1344733427283746817/aq5ksPxt_normal.jpg", "url": "", "name": "charlottemms", "id": "1268806087748313088", "public_metrics": {"followers_count": 8, "following_count": 33, "tweet_count": 982, "listed_count": 0}, "description": "#justiceforjohnnydepp", "username": "charlottemms1"}}, {"source": "Twitter for Android", "lang": "en", "public_metrics": {"retweet_count": 1, "reply_count": 0, "like_count": 2, "quote_count": 0}, "created_at": "2021-02-04T17:08:15.000Z", "id": "1357375429200519174", "entities": {"urls": [{"start": 211, "end": 234, "url": "https://t.co/aR73tBpIrz", "expanded_url": "https://twitter.com/SweetChastityYT/status/1357375429200519174/photo/1", "display_url": "pic.twitter.com/aR73tBpIrz"}, {"start": 235, "end": 258, "url": "https://t.co/t8ZQtuuBNj", "expanded_url": "https://twitter.com/realamberheard/status/1357252573191806978", "display_url": "twitter.com/realamberheard\u2026"}], "annotations": [{"start": 9, "end": 23, "probability": 0.9898, "type": "Person", "normalized_text": "Melissa Benoist"}, {"start": 90, "end": 95, "probability": 0.9059, "type": "Product", "normalized_text": "iPhone"}, {"start": 149, "end": 159, "probability": 0.5802, "type": "Person", "normalized_text": "Amber Heard"}, {"start": 188, "end": 193, "probability": 0.9283, "type": "Product", "normalized_text": "iPhone"}]}, "referenced_tweets": [{"type": "quoted", "id": "1357252573191806978"}], "text": "So am I!\nMelissa Benoist recounts the injuries she got from being hit in the face with an iPhone: broken nose, eye swollen shut, fat lip, torn iris. Amber Heard claims she got hit with an iPhone and gets a zit! https://t.co/aR73tBpIrz https://t.co/t8ZQtuuBNj", "author_id": "887317370", "quoted_tweet": {"source": "Twitter for iPhone", "in_reply_to_user_id": "54476519", "lang": "en", "public_metrics": {"retweet_count": 16, "reply_count": 107, "like_count": 117, "quote_count": 7}, "created_at": "2021-02-04T09:00:04.000Z", "entities": {"mentions": [{"start": 0, "end": 11, "username": "Eve_Barlow", "id": "54476519"}], "annotations": [{"start": 12, "end": 14, "probability": 0.7345, "type": "Other", "normalized_text": "God"}]}, "id": "1357252573191806978", "referenced_tweets": [{"type": "replied_to", "id": "1357246661177712642"}], "text": "@Eve_Barlow God, I\u2019d have a field day with this one", "author_id": "807003567605227520", "author": {"created_at": "2016-12-08T23:26:58.000Z", "profile_image_url": "https://pbs.twimg.com/profile_images/1383196364792680448/N8CdupEu_normal.jpg", "url": "https://t.co/Ze18Ek9SOI", "name": "Amber Heard", "location": "Los Angeles, CA", "id": "807003567605227520", "public_metrics": {"followers_count": 190337, "following_count": 220, "tweet_count": 1149, "listed_count": 567}, "description": "Actor and Activist, semi-professional disruptor, ice cream advocate and shameless teacup yorkie-lover", "username": "realamberheard"}}, "author": {"created_at": "2012-10-17T18:20:22.000Z", "profile_image_url": "https://pbs.twimg.com/profile_images/1475642668432642054/1Rlv-YVi_normal.jpg", "url": "", "name": "SweetChastity", "id": "887317370", "public_metrics": {"followers_count": 488, "following_count": 416, "tweet_count": 16777, "listed_count": 3}, "description": "Woman who loves video games, dogs, #JusticeForJohnny and Jason Momoa (notice #JusticeForJohnny comes before Aquaman star)", "username": "SweetChastityYT"}}, {"source": "Twitter for iPhone", "lang": "en", "public_metrics": {"retweet_count": 3, "reply_count": 0, "like_count": 0, "quote_count": 0}, "created_at": "2021-02-04T15:55:03.000Z", "entities": {"mentions": [{"start": 3, "end": 15, "username": "MeganLouise", "id": "46879838"}]}, "id": "1357357007280377857", "referenced_tweets": [{"type": "retweeted", "id": "1357350837807271938"}], "text": "RT @MeganLouise: You\u2019ve literally lied about being abused, stole a rape survivors story, lied about donating money to dying children, commi\u2026", "author_id": "1051508194021801984", "quoted_tweet": {"source": "Twitter for iPhone", "in_reply_to_user_id": "54476519", "lang": "en", "public_metrics": {"retweet_count": 16, "reply_count": 107, "like_count": 117, "quote_count": 7}, "created_at": "2021-02-04T09:00:04.000Z", "entities": {"mentions": [{"start": 0, "end": 11, "username": "Eve_Barlow", "id": "54476519"}], "annotations": [{"start": 12, "end": 14, "probability": 0.7345, "type": "Other", "normalized_text": "God"}]}, "id": "1357252573191806978", "referenced_tweets": [{"type": "replied_to", "id": "1357246661177712642"}], "text": "@Eve_Barlow God, I\u2019d have a field day with this one", "author_id": "807003567605227520", "author": {"created_at": "2016-12-08T23:26:58.000Z", "profile_image_url": "https://pbs.twimg.com/profile_images/1383196364792680448/N8CdupEu_normal.jpg", "url": "https://t.co/Ze18Ek9SOI", "name": "Amber Heard", "location": "Los Angeles, CA", "id": "807003567605227520", "public_metrics": {"followers_count": 190337, "following_count": 220, "tweet_count": 1149, "listed_count": 567}, "description": "Actor and Activist, semi-professional disruptor, ice cream advocate and shameless teacup yorkie-lover", "username": "realamberheard"}}, "author": {"created_at": "2018-10-14T16:21:04.000Z", "profile_image_url": "https://pbs.twimg.com/profile_images/1051509047050952704/gw0TzaVB_normal.jpg", "url": "https://t.co/X4CS9NiABV", "name": "Ashlee", "location": "\ud83c\uddfa\ud83c\uddf8", "id": "1051508194021801984", "public_metrics": {"followers_count": 4, "following_count": 36, "tweet_count": 465, "listed_count": 0}, "description": "I like wrestling, Harley Quinn and Riverdale \ud83c\udf52 Dont expect much from this, I\u2019m just here to re tweet things \ud83d\ude43", "username": "_Ashleejames_"}}, {"source": "Twitter for iPhone", "lang": "en", "public_metrics": {"retweet_count": 3, "reply_count": 2, "like_count": 16, "quote_count": 0}, "created_at": "2021-02-04T15:30:32.000Z", "id": "1357350837807271938", "entities": {"urls": [{"start": 266, "end": 289, "url": "https://t.co/T5CiF1A92G", "expanded_url": "https://twitter.com/realamberheard/status/1357252573191806978", "display_url": "twitter.com/realamberheard\u2026"}]}, "referenced_tweets": [{"type": "quoted", "id": "1357252573191806978"}], "text": "You\u2019ve literally lied about being abused, stole a rape survivors story, lied about donating money to dying children, committed perjury (at least) twice.\nWhy don\u2019t you shut the hell up for once, and worry about not getting caught in your own web of lies once again \ud83d\udd78 https://t.co/T5CiF1A92G", "author_id": "46879838", "quoted_tweet": {"source": "Twitter for iPhone", "in_reply_to_user_id": "54476519", "lang": "en", "public_metrics": {"retweet_count": 16, "reply_count": 107, "like_count": 117, "quote_count": 7}, "created_at": "2021-02-04T09:00:04.000Z", "entities": {"mentions": [{"start": 0, "end": 11, "username": "Eve_Barlow", "id": "54476519"}], "annotations": [{"start": 12, "end": 14, "probability": 0.7345, "type": "Other", "normalized_text": "God"}]}, "id": "1357252573191806978", "referenced_tweets": [{"type": "replied_to", "id": "1357246661177712642"}], "text": "@Eve_Barlow God, I\u2019d have a field day with this one", "author_id": "807003567605227520", "author": {"created_at": "2016-12-08T23:26:58.000Z", "profile_image_url": "https://pbs.twimg.com/profile_images/1383196364792680448/N8CdupEu_normal.jpg", "url": "https://t.co/Ze18Ek9SOI", "name": "Amber Heard", "location": "Los Angeles, CA", "id": "807003567605227520", "public_metrics": {"followers_count": 190337, "following_count": 220, "tweet_count": 1149, "listed_count": 567}, "description": "Actor and Activist, semi-professional disruptor, ice cream advocate and shameless teacup yorkie-lover", "username": "realamberheard"}}, "author": {"created_at": "2009-06-13T12:47:47.000Z", "profile_image_url": "https://pbs.twimg.com/profile_images/1504018827838861314/8ianraF7_normal.jpg", "url": "https://t.co/NlmWvWwZXi", "name": "Megan Louise \ud83c\udf3b", "location": "Adelaide, South Australia", "id": "46879838", "public_metrics": {"followers_count": 1424, "following_count": 100, "tweet_count": 10365, "listed_count": 15}, "description": "\u2764\ufe0f\u200d\ud83d\udd25 Sono fuori del testa \ud83c\udf99@cultkillthrill podcast \ud83e\udd8b Instagram; Megan.Louise \ud83d\udc98 She/Her", "username": "MeganLouise"}}, {"source": "Twitter for Android", "lang": "en", "public_metrics": {"retweet_count": 0, "reply_count": 0, "like_count": 2, "quote_count": 0}, "created_at": "2021-02-04T15:07:30.000Z", "id": "1357345041249804294", "entities": {"urls": [{"start": 40, "end": 63, "url": "https://t.co/sKjTmObkJ1", "expanded_url": "https://twitter.com/realamberheard/status/1357252573191806978", "display_url": "twitter.com/realamberheard\u2026"}], "annotations": [{"start": 0, "end": 2, "probability": 0.8825, "type": "Other", "normalized_text": "God"}]}, "referenced_tweets": [{"type": "quoted", "id": "1357252573191806978"}], "text": "God please give judgment to this woman. https://t.co/sKjTmObkJ1", "author_id": "1175002040998563841", "quoted_tweet": {"source": "Twitter for iPhone", "in_reply_to_user_id": "54476519", "lang": "en", "public_metrics": {"retweet_count": 16, "reply_count": 107, "like_count": 117, "quote_count": 7}, "created_at": "2021-02-04T09:00:04.000Z", "entities": {"mentions": [{"start": 0, "end": 11, "username": "Eve_Barlow", "id": "54476519"}], "annotations": [{"start": 12, "end": 14, "probability": 0.7345, "type": "Other", "normalized_text": "God"}]}, "id": "1357252573191806978", "referenced_tweets": [{"type": "replied_to", "id": "1357246661177712642"}], "text": "@Eve_Barlow God, I\u2019d have a field day with this one", "author_id": "807003567605227520", "author": {"created_at": "2016-12-08T23:26:58.000Z", "profile_image_url": "https://pbs.twimg.com/profile_images/1383196364792680448/N8CdupEu_normal.jpg", "url": "https://t.co/Ze18Ek9SOI", "name": "Amber Heard", "location": "Los Angeles, CA", "id": "807003567605227520", "public_metrics": {"followers_count": 190337, "following_count": 220, "tweet_count": 1149, "listed_count": 567}, "description": "Actor and Activist, semi-professional disruptor, ice cream advocate and shameless teacup yorkie-lover", "username": "realamberheard"}}, "author": {"created_at": "2019-09-20T11:01:56.000Z", "profile_image_url": "https://pbs.twimg.com/profile_images/1387071732704419840/LKFykt_V_normal.jpg", "url": "", "name": "Junko", "id": "1175002040998563841", "public_metrics": {"followers_count": 505, "following_count": 284, "tweet_count": 23699, "listed_count": 2}, "description": "Movies, music, pictures, poetry.\ud83d\udda4\nEncounter with many people\ud83d\udc9e\n\nSupport the truth.\n#JonnyDepp #JusticeForJohnnyDepp\n\nThe lie is not true.\n#AmberHeardisAnAbuser", "username": "Junkot94638419"}}, {"source": "Twitter for Android", "lang": "en", "public_metrics": {"retweet_count": 0, "reply_count": 0, "like_count": 2, "quote_count": 0}, "created_at": "2021-02-04T14:20:25.000Z", "id": "1357333190008950784", "entities": {"hashtags": [{"start": 153, "end": 174, "tag": "JusticeForJohhnyDepp"}], "urls": [{"start": 175, "end": 198, "url": "https://t.co/uxRkIpAmC1", "expanded_url": "https://twitter.com/realamberheard/status/1357252573191806978", "display_url": "twitter.com/realamberheard\u2026"}]}, "referenced_tweets": [{"type": "quoted", "id": "1357252573191806978"}], "text": "you steal from children, abuse people and animals, and my stomach acts up better than you on screen when i am sick, please sit this one out...in a cell. #JusticeForJohhnyDepp https://t.co/uxRkIpAmC1", "author_id": "1277737361925828609", "quoted_tweet": {"source": "Twitter for iPhone", "in_reply_to_user_id": "54476519", "lang": "en", "public_metrics": {"retweet_count": 16, "reply_count": 107, "like_count": 117, "quote_count": 7}, "created_at": "2021-02-04T09:00:04.000Z", "entities": {"mentions": [{"start": 0, "end": 11, "username": "Eve_Barlow", "id": "54476519"}], "annotations": [{"start": 12, "end": 14, "probability": 0.7345, "type": "Other", "normalized_text": "God"}]}, "id": "1357252573191806978", "referenced_tweets": [{"type": "replied_to", "id": "1357246661177712642"}], "text": "@Eve_Barlow God, I\u2019d have a field day with this one", "author_id": "807003567605227520", "author": {"created_at": "2016-12-08T23:26:58.000Z", "profile_image_url": "https://pbs.twimg.com/profile_images/1383196364792680448/N8CdupEu_normal.jpg", "url": "https://t.co/Ze18Ek9SOI", "name": "Amber Heard", "location": "Los Angeles, CA", "id": "807003567605227520", "public_metrics": {"followers_count": 190337, "following_count": 220, "tweet_count": 1149, "listed_count": 567}, "description": "Actor and Activist, semi-professional disruptor, ice cream advocate and shameless teacup yorkie-lover", "username": "realamberheard"}}, "author": {"created_at": "2020-06-29T22:55:18.000Z", "profile_image_url": "https://pbs.twimg.com/profile_images/1460562389884018691/HqR0KJ-T_normal.jpg", "url": "", "name": "don't hurt yourself, big boy.", "location": "justiceforjohnnydepp", "id": "1277737361925828609", "public_metrics": {"followers_count": 425, "following_count": 181, "tweet_count": 7176, "listed_count": 0}, "description": "fan acc + fuck @realamberheard.", "username": "tasintroybolton"}}]