[{"text": "my Amber Heard https://t.co/5V3MOCVScf", "public_metrics": {"retweet_count": 0, "reply_count": 1, "like_count": 1, "quote_count": 0}, "entities": {"annotations": [{"start": 3, "end": 7, "probability": 0.6846, "type": "Person", "normalized_text": "Amber"}], "urls": [{"start": 15, "end": 38, "url": "https://t.co/5V3MOCVScf", "expanded_url": "https://twitter.com/realamberheard/status/1444312173984075777", "display_url": "twitter.com/realamberheard\u2026"}]}, "created_at": "2021-12-08T21:02:39.000Z", "id": "1468687490139754504", "referenced_tweets": [{"type": "quoted", "id": "1444312173984075777"}], "author_id": "1468025911165751296", "source": "Twitter Web App", "lang": "en", "quoted_tweet": {"text": "https://t.co/gD5uYRvUGl", "in_reply_to_user_id": "807003567605227520", "public_metrics": {"retweet_count": 92, "reply_count": 14, "like_count": 1466, "quote_count": 32}, "entities": {"urls": [{"start": 0, "end": 23, "url": "https://t.co/gD5uYRvUGl", "expanded_url": "https://twitter.com/realamberheard/status/1444312173984075777/video/1", "display_url": "pic.twitter.com/gD5uYRvUGl"}]}, "created_at": "2021-10-02T14:43:50.000Z", "id": "1444312173984075777", "referenced_tweets": [{"type": "replied_to", "id": "1444312145554984962"}], "author_id": "807003567605227520", "source": "Twitter for iPhone", "lang": "und", "author": {"description": "Actor and Activist, semi-professional disruptor, ice cream advocate and shameless teacup yorkie-lover", "location": "Los Angeles, CA", "id": "807003567605227520", "profile_image_url": "https://pbs.twimg.com/profile_images/1383196364792680448/N8CdupEu_normal.jpg", "url": "https://t.co/Ze18Ek9SOI", "name": "Amber Heard", "public_metrics": {"followers_count": 190316, "following_count": 220, "tweet_count": 1149, "listed_count": 567}, "username": "realamberheard", "created_at": "2016-12-08T23:26:58.000Z"}}, "author": {"description": "Ja", "location": "Kostrzyn nad Odr\u0105, Poland", "id": "1468025911165751296", "profile_image_url": "https://pbs.twimg.com/profile_images/1468031076853600257/gLSMRBXc_normal.jpg", "url": "", "name": "Aga G\u00f3recka", "public_metrics": {"followers_count": 3, "following_count": 168, "tweet_count": 126, "listed_count": 0}, "username": "Aga_Gorecka86", "created_at": "2021-12-07T01:14:03.000Z"}}, {"text": "Yikes! \ud83d\ude2c https://t.co/rPaTVw5HTw https://t.co/3vgRZHug4q", "public_metrics": {"retweet_count": 0, "reply_count": 0, "like_count": 1, "quote_count": 0}, "entities": {"urls": [{"start": 9, "end": 32, "url": "https://t.co/rPaTVw5HTw", "expanded_url": "https://twitter.com/Stephan76215148/status/1457920800833560576/photo/1", "display_url": "pic.twitter.com/rPaTVw5HTw"}, {"start": 33, "end": 56, "url": "https://t.co/3vgRZHug4q", "expanded_url": "https://twitter.com/realamberheard/status/1444312173984075777", "display_url": "twitter.com/realamberheard\u2026"}]}, "created_at": "2021-11-09T03:59:40.000Z", "id": "1457920800833560576", "referenced_tweets": [{"type": "quoted", "id": "1444312173984075777"}], "author_id": "1027990519769714688", "source": "Twitter Web App", "lang": "en", "quoted_tweet": {"text": "https://t.co/gD5uYRvUGl", "in_reply_to_user_id": "807003567605227520", "public_metrics": {"retweet_count": 92, "reply_count": 14, "like_count": 1466, "quote_count": 32}, "entities": {"urls": [{"start": 0, "end": 23, "url": "https://t.co/gD5uYRvUGl", "expanded_url": "https://twitter.com/realamberheard/status/1444312173984075777/video/1", "display_url": "pic.twitter.com/gD5uYRvUGl"}]}, "created_at": "2021-10-02T14:43:50.000Z", "id": "1444312173984075777", "referenced_tweets": [{"type": "replied_to", "id": "1444312145554984962"}], "author_id": "807003567605227520", "source": "Twitter for iPhone", "lang": "und", "author": {"description": "Actor and Activist, semi-professional disruptor, ice cream advocate and shameless teacup yorkie-lover", "location": "Los Angeles, CA", "id": "807003567605227520", "profile_image_url": "https://pbs.twimg.com/profile_images/1383196364792680448/N8CdupEu_normal.jpg", "url": "https://t.co/Ze18Ek9SOI", "name": "Amber Heard", "public_metrics": {"followers_count": 190316, "following_count": 220, "tweet_count": 1149, "listed_count": 567}, "username": "realamberheard", "created_at": "2016-12-08T23:26:58.000Z"}}, "author": {"description": "\ud83d\udc30\ud83e\udd55I Am A #MichaelJackson, #JohnnyDepp, And #MarilynManson Fan Forever And Refuse To Give Up! #BelieveMen\ud83d\udc30\ud83e\udd55Please Follow @Stepha1Birthday!\ud83c\udf82", "location": "Illinois, USA\u2764\ud83e\udd0d\ud83d\udc99", "id": "1027990519769714688", "profile_image_url": "https://pbs.twimg.com/profile_images/1504656500924502029/1c5ZOu-d_normal.jpg", "url": "", "name": "Stephanie Brown \u2728#SavingGrindelwald\u2728", "public_metrics": {"followers_count": 2553, "following_count": 5003, "tweet_count": 81533, "listed_count": 5}, "username": "Stephan76215148", "created_at": "2018-08-10T18:50:13.000Z"}}, {"text": "You look beautiful https://t.co/2HUtwZETIJ", "public_metrics": {"retweet_count": 0, "reply_count": 0, "like_count": 0, "quote_count": 0}, "entities": {"urls": [{"start": 19, "end": 42, "url": "https://t.co/2HUtwZETIJ", "expanded_url": "https://twitter.com/realamberheard/status/1444312173984075777", "display_url": "twitter.com/realamberheard\u2026"}]}, "created_at": "2021-10-29T11:41:35.000Z", "id": "1454050778302361600", "referenced_tweets": [{"type": "quoted", "id": "1444312173984075777"}], "author_id": "1357027208095793153", "source": "Twitter Web App", "lang": "en", "quoted_tweet": {"text": "https://t.co/gD5uYRvUGl", "in_reply_to_user_id": "807003567605227520", "public_metrics": {"retweet_count": 92, "reply_count": 14, "like_count": 1466, "quote_count": 32}, "entities": {"urls": [{"start": 0, "end": 23, "url": "https://t.co/gD5uYRvUGl", "expanded_url": "https://twitter.com/realamberheard/status/1444312173984075777/video/1", "display_url": "pic.twitter.com/gD5uYRvUGl"}]}, "created_at": "2021-10-02T14:43:50.000Z", "id": "1444312173984075777", "referenced_tweets": [{"type": "replied_to", "id": "1444312145554984962"}], "author_id": "807003567605227520", "source": "Twitter for iPhone", "lang": "und", "author": {"description": "Actor and Activist, semi-professional disruptor, ice cream advocate and shameless teacup yorkie-lover", "location": "Los Angeles, CA", "id": "807003567605227520", "profile_image_url": "https://pbs.twimg.com/profile_images/1383196364792680448/N8CdupEu_normal.jpg", "url": "https://t.co/Ze18Ek9SOI", "name": "Amber Heard", "public_metrics": {"followers_count": 190316, "following_count": 220, "tweet_count": 1149, "listed_count": 567}, "username": "realamberheard", "created_at": "2016-12-08T23:26:58.000Z"}}, "author": {"description": "having fun with friends", "id": "1357027208095793153", "profile_image_url": "https://pbs.twimg.com/profile_images/1357027911245643780/Htb04-YL_normal.jpg", "url": "", "name": "Shemanice", "public_metrics": {"followers_count": 0, "following_count": 4, "tweet_count": 8, "listed_count": 0}, "username": "Shemanice1", "created_at": "2021-02-03T18:05:16.000Z"}}, {"text": "Favourite \ud83d\udc9c https://t.co/otGlx5LEPa", "public_metrics": {"retweet_count": 0, "reply_count": 0, "like_count": 0, "quote_count": 0}, "entities": {"urls": [{"start": 12, "end": 35, "url": "https://t.co/otGlx5LEPa", "expanded_url": "https://twitter.com/realamberheard/status/1444312173984075777", "display_url": "twitter.com/realamberheard\u2026"}]}, "created_at": "2021-10-11T11:16:03.000Z", "id": "1447521372348063745", "referenced_tweets": [{"type": "quoted", "id": "1444312173984075777"}], "author_id": "1334234885041504257", "source": "Twitter for Android", "lang": "en", "quoted_tweet": {"text": "https://t.co/gD5uYRvUGl", "in_reply_to_user_id": "807003567605227520", "public_metrics": {"retweet_count": 92, "reply_count": 14, "like_count": 1466, "quote_count": 32}, "entities": {"urls": [{"start": 0, "end": 23, "url": "https://t.co/gD5uYRvUGl", "expanded_url": "https://twitter.com/realamberheard/status/1444312173984075777/video/1", "display_url": "pic.twitter.com/gD5uYRvUGl"}]}, "created_at": "2021-10-02T14:43:50.000Z", "id": "1444312173984075777", "referenced_tweets": [{"type": "replied_to", "id": "1444312145554984962"}], "author_id": "807003567605227520", "source": "Twitter for iPhone", "lang": "und", "author": {"description": "Actor and Activist, semi-professional disruptor, ice cream advocate and shameless teacup yorkie-lover", "location": "Los Angeles, CA", "id": "807003567605227520", "profile_image_url": "https://pbs.twimg.com/profile_images/1383196364792680448/N8CdupEu_normal.jpg", "url": "https://t.co/Ze18Ek9SOI", "name": "Amber Heard", "public_metrics": {"followers_count": 190316, "following_count": 220, "tweet_count": 1149, "listed_count": 567}, "username": "realamberheard", "created_at": "2016-12-08T23:26:58.000Z"}}, "author": {"description": "\ud835\udc12\ud835\udc2d\ud835\udc2e\ud835\udc1d\ud835\udc1e\ud835\udc27\ud835\udc2d | \ud835\udc16\ud835\udc2b\ud835\udc22\ud835\udc2d\ud835\udc1e\ud835\udc2b | \ud835\udc0c\ud835\udc2e\ud835\udc2c\ud835\udc22\ud835\udc1c \ud835\udc22\ud835\udc2c \ud835\udc25\ud835\udc28\ud835\udc2f\ud835\udc1e | \ud835\udc05\ud835\udc1a\ud835\udc26\ud835\udc22\ud835\udc25\ud835\udc32 \ud835\udc22\ud835\udc2c \ud835\udc26\ud835\udc28\ud835\udc2c\ud835\udc2d \ud835\udc22\ud835\udc26\ud835\udc29\ud835\udc28\ud835\udc2b\ud835\udc2d\ud835\udc1a\ud835\udc27\ud835\udc2d | \ud835\udc01\ud835\udc1e\ud835\udc25\ud835\udc22\ud835\udc1e\ud835\udc2f\ud835\udc1e \ud835\udc0e\ud835\udc27 \ud835\udc00\ud835\udc25\ud835\udc25\ud835\udc1a\ud835\udc21 | \ud835\udc01\ud835\udc2b\ud835\udc28\ud835\udc24\ud835\udc1e\ud835\udc27 Heart |", "location": "Karachi, Pakistan", "id": "1334234885041504257", "profile_image_url": "https://pbs.twimg.com/profile_images/1430555570277285889/LoqqT_AT_normal.jpg", "url": "", "name": "\ud835\udc01 \ud835\udc00 \ud835\udc19 \ud835\udc0c \ud835\udc00\ud83c\udf39", "public_metrics": {"followers_count": 70, "following_count": 52, "tweet_count": 344, "listed_count": 0}, "username": "realBazma", "created_at": "2020-12-02T20:36:26.000Z"}}, {"text": "RT @AliceZ86866073: Guess if Loreal will take the initiative to release your relevant information.\n\n#AmberHeardIsALiar\n#FireAmberHeard\n#Boy\u2026", "entities": {"mentions": [{"start": 3, "end": 18, "username": "AliceZ86866073", "id": "1141365320130543616"}], "annotations": [{"start": 29, "end": 34, "probability": 0.5077, "type": "Organization", "normalized_text": "Loreal"}], "hashtags": [{"start": 100, "end": 118, "tag": "AmberHeardIsALiar"}, {"start": 119, "end": 134, "tag": "FireAmberHeard"}]}, "public_metrics": {"retweet_count": 1, "reply_count": 0, "like_count": 0, "quote_count": 0}, "created_at": "2021-10-04T18:07:31.000Z", "id": "1445088205125062656", "referenced_tweets": [{"type": "retweeted", "id": "1444356204210184192"}], "author_id": "4279375408", "source": "Twitter for Android", "lang": "en", "quoted_tweet": {"text": "https://t.co/gD5uYRvUGl", "in_reply_to_user_id": "807003567605227520", "public_metrics": {"retweet_count": 92, "reply_count": 14, "like_count": 1466, "quote_count": 32}, "entities": {"urls": [{"start": 0, "end": 23, "url": "https://t.co/gD5uYRvUGl", "expanded_url": "https://twitter.com/realamberheard/status/1444312173984075777/video/1", "display_url": "pic.twitter.com/gD5uYRvUGl"}]}, "created_at": "2021-10-02T14:43:50.000Z", "id": "1444312173984075777", "referenced_tweets": [{"type": "replied_to", "id": "1444312145554984962"}], "author_id": "807003567605227520", "source": "Twitter for iPhone", "lang": "und", "author": {"description": "Actor and Activist, semi-professional disruptor, ice cream advocate and shameless teacup yorkie-lover", "location": "Los Angeles, CA", "id": "807003567605227520", "profile_image_url": "https://pbs.twimg.com/profile_images/1383196364792680448/N8CdupEu_normal.jpg", "url": "https://t.co/Ze18Ek9SOI", "name": "Amber Heard", "public_metrics": {"followers_count": 190316, "following_count": 220, "tweet_count": 1149, "listed_count": 567}, "username": "realamberheard", "created_at": "2016-12-08T23:26:58.000Z"}}, "author": {"description": "Dragon Age Deus Ex. Old Thief fan.\n Johnny Depp Rob Downey Jnr\nKeanu Reeves Bruce Lee Fan etc", "location": "Southampton, Hants, UK", "id": "4279375408", "profile_image_url": "https://pbs.twimg.com/profile_images/1484106455884120065/eRuJyYa2_normal.jpg", "url": "", "name": "Sophia Stuart-Watts", "public_metrics": {"followers_count": 291, "following_count": 860, "tweet_count": 28888, "listed_count": 4}, "username": "SophiaStuartJr", "created_at": "2015-11-25T23:22:04.000Z"}}, {"text": "Ragazzi giuro che non riesco a crederci \nCio\u00e8 stesso viso e stessa postura \nAlmeno Annabel sa come mettere le gambe \ud83d\ude02\nNon realizzo nemmeno la coincidenza dei loro nomi\nVero? @realamberheard \nAnche lo stesso stilista \ud83d\ude31\n#JusticeForJohnnyDepp https://t.co/FeJG9LkkZZ https://t.co/d9FYDS8OLm", "entities": {"mentions": [{"start": 174, "end": 189, "username": "realamberheard", "id": "807003567605227520"}], "hashtags": [{"start": 218, "end": 239, "tag": "JusticeForJohnnyDepp"}], "urls": [{"start": 240, "end": 263, "url": "https://t.co/FeJG9LkkZZ", "expanded_url": "https://twitter.com/SimonaFranza94/status/1444800849390223365/photo/1", "display_url": "pic.twitter.com/FeJG9LkkZZ"}, {"start": 264, "end": 287, "url": "https://t.co/d9FYDS8OLm", "expanded_url": "https://twitter.com/realamberheard/status/1444312173984075777", "display_url": "twitter.com/realamberheard\u2026"}]}, "public_metrics": {"retweet_count": 0, "reply_count": 1, "like_count": 0, "quote_count": 0}, "created_at": "2021-10-03T23:05:40.000Z", "id": "1444800849390223365", "referenced_tweets": [{"type": "quoted", "id": "1444312173984075777"}], "author_id": "2418900078", "source": "Twitter for Android", "lang": "it", "quoted_tweet": {"text": "https://t.co/gD5uYRvUGl", "in_reply_to_user_id": "807003567605227520", "public_metrics": {"retweet_count": 92, "reply_count": 14, "like_count": 1466, "quote_count": 32}, "entities": {"urls": [{"start": 0, "end": 23, "url": "https://t.co/gD5uYRvUGl", "expanded_url": "https://twitter.com/realamberheard/status/1444312173984075777/video/1", "display_url": "pic.twitter.com/gD5uYRvUGl"}]}, "created_at": "2021-10-02T14:43:50.000Z", "id": "1444312173984075777", "referenced_tweets": [{"type": "replied_to", "id": "1444312145554984962"}], "author_id": "807003567605227520", "source": "Twitter for iPhone", "lang": "und", "author": {"description": "Actor and Activist, semi-professional disruptor, ice cream advocate and shameless teacup yorkie-lover", "location": "Los Angeles, CA", "id": "807003567605227520", "profile_image_url": "https://pbs.twimg.com/profile_images/1383196364792680448/N8CdupEu_normal.jpg", "url": "https://t.co/Ze18Ek9SOI", "name": "Amber Heard", "public_metrics": {"followers_count": 190316, "following_count": 220, "tweet_count": 1149, "listed_count": 567}, "username": "realamberheard", "created_at": "2016-12-08T23:26:58.000Z"}}, "author": {"description": "\u2764 JUVENTUS JUSTIN JOHNNY \ud83d\ude0d \nSKIKKERIINA 94 \ud83d\ude0d\u2764", "location": "Italia", "id": "2418900078", "profile_image_url": "https://pbs.twimg.com/profile_images/1496609055552557067/Ex9RPaeQ_normal.jpg", "url": "", "name": "Simona Franza\ud83c\uddee\ud83c\uddf9\ud83c\udde8\ud83c\udde6", "public_metrics": {"followers_count": 1538, "following_count": 1614, "tweet_count": 26121, "listed_count": 31}, "username": "SimonaFranza94", "created_at": "2014-03-30T12:02:19.000Z"}}, {"text": "Urlalo al mondo intero \nAmber fatti ascoltare \nRimarrai sola\nTi ruberanno la scena \nTi odieranno tutti\nPiangerai in un angolo \nMentri vedrai la tua gemella in passerella \ud83d\udcaa\nRicordi queste parole? \ud83d\udd1d\n@realamberheard \n#JusticeForJohnnyDepp https://t.co/wrFY6g7SvR https://t.co/d9FYDS8OLm", "entities": {"mentions": [{"start": 197, "end": 212, "username": "realamberheard", "id": "807003567605227520"}], "hashtags": [{"start": 214, "end": 235, "tag": "JusticeForJohnnyDepp"}], "urls": [{"start": 236, "end": 259, "url": "https://t.co/wrFY6g7SvR", "expanded_url": "https://twitter.com/SimonaFranza94/status/1444792740911403011/photo/1", "display_url": "pic.twitter.com/wrFY6g7SvR"}, {"start": 260, "end": 283, "url": "https://t.co/d9FYDS8OLm", "expanded_url": "https://twitter.com/realamberheard/status/1444312173984075777", "display_url": "twitter.com/realamberheard\u2026"}]}, "public_metrics": {"retweet_count": 0, "reply_count": 1, "like_count": 0, "quote_count": 0}, "created_at": "2021-10-03T22:33:27.000Z", "id": "1444792740911403011", "referenced_tweets": [{"type": "quoted", "id": "1444312173984075777"}], "author_id": "2418900078", "source": "Twitter for Android", "lang": "it", "quoted_tweet": {"text": "https://t.co/gD5uYRvUGl", "in_reply_to_user_id": "807003567605227520", "public_metrics": {"retweet_count": 92, "reply_count": 14, "like_count": 1466, "quote_count": 32}, "entities": {"urls": [{"start": 0, "end": 23, "url": "https://t.co/gD5uYRvUGl", "expanded_url": "https://twitter.com/realamberheard/status/1444312173984075777/video/1", "display_url": "pic.twitter.com/gD5uYRvUGl"}]}, "created_at": "2021-10-02T14:43:50.000Z", "id": "1444312173984075777", "referenced_tweets": [{"type": "replied_to", "id": "1444312145554984962"}], "author_id": "807003567605227520", "source": "Twitter for iPhone", "lang": "und", "author": {"description": "Actor and Activist, semi-professional disruptor, ice cream advocate and shameless teacup yorkie-lover", "location": "Los Angeles, CA", "id": "807003567605227520", "profile_image_url": "https://pbs.twimg.com/profile_images/1383196364792680448/N8CdupEu_normal.jpg", "url": "https://t.co/Ze18Ek9SOI", "name": "Amber Heard", "public_metrics": {"followers_count": 190316, "following_count": 220, "tweet_count": 1149, "listed_count": 567}, "username": "realamberheard", "created_at": "2016-12-08T23:26:58.000Z"}}, "author": {"description": "\u2764 JUVENTUS JUSTIN JOHNNY \ud83d\ude0d \nSKIKKERIINA 94 \ud83d\ude0d\u2764", "location": "Italia", "id": "2418900078", "profile_image_url": "https://pbs.twimg.com/profile_images/1496609055552557067/Ex9RPaeQ_normal.jpg", "url": "", "name": "Simona Franza\ud83c\uddee\ud83c\uddf9\ud83c\udde8\ud83c\udde6", "public_metrics": {"followers_count": 1538, "following_count": 1614, "tweet_count": 26121, "listed_count": 31}, "username": "SimonaFranza94", "created_at": "2014-03-30T12:02:19.000Z"}}, {"text": "RT @Krougg: Omw to gaslight johnny depp and ruin his life and career", "entities": {"mentions": [{"start": 3, "end": 10, "username": "Krougg", "id": "1076826276"}], "annotations": [{"start": 19, "end": 38, "probability": 0.7478, "type": "Person", "normalized_text": "gaslight johnny depp"}]}, "public_metrics": {"retweet_count": 2, "reply_count": 0, "like_count": 0, "quote_count": 0}, "created_at": "2021-10-03T11:28:31.000Z", "id": "1444625408620699649", "referenced_tweets": [{"type": "retweeted", "id": "1444623430716952582"}], "author_id": "1398184931214475269", "source": "Twitter for iPhone", "lang": "en", "quoted_tweet": {"text": "https://t.co/gD5uYRvUGl", "in_reply_to_user_id": "807003567605227520", "public_metrics": {"retweet_count": 92, "reply_count": 14, "like_count": 1466, "quote_count": 32}, "entities": {"urls": [{"start": 0, "end": 23, "url": "https://t.co/gD5uYRvUGl", "expanded_url": "https://twitter.com/realamberheard/status/1444312173984075777/video/1", "display_url": "pic.twitter.com/gD5uYRvUGl"}]}, "created_at": "2021-10-02T14:43:50.000Z", "id": "1444312173984075777", "referenced_tweets": [{"type": "replied_to", "id": "1444312145554984962"}], "author_id": "807003567605227520", "source": "Twitter for iPhone", "lang": "und", "author": {"description": "Actor and Activist, semi-professional disruptor, ice cream advocate and shameless teacup yorkie-lover", "location": "Los Angeles, CA", "id": "807003567605227520", "profile_image_url": "https://pbs.twimg.com/profile_images/1383196364792680448/N8CdupEu_normal.jpg", "url": "https://t.co/Ze18Ek9SOI", "name": "Amber Heard", "public_metrics": {"followers_count": 190316, "following_count": 220, "tweet_count": 1149, "listed_count": 567}, "username": "realamberheard", "created_at": "2016-12-08T23:26:58.000Z"}}, "author": {"description": "Casi 30 a\u00f1azos de ira, shitpost y sangre roja. Hago dibujitos y welo peste (veo anime) Icon de @Mhuyo", "id": "1398184931214475269", "profile_image_url": "https://pbs.twimg.com/profile_images/1497248911702073389/AXbezy2u_normal.jpg", "url": "", "name": "Van DeMierda", "public_metrics": {"followers_count": 173, "following_count": 388, "tweet_count": 23240, "listed_count": 1}, "username": "SopleteHumano", "created_at": "2021-05-28T07:50:58.000Z"}}, {"text": "Omw to gaslight johnny depp and ruin his life and career https://t.co/xaHsnHcPtK", "public_metrics": {"retweet_count": 2, "reply_count": 0, "like_count": 5, "quote_count": 1}, "entities": {"annotations": [{"start": 7, "end": 26, "probability": 0.6012, "type": "Person", "normalized_text": "gaslight johnny depp"}], "urls": [{"start": 57, "end": 80, "url": "https://t.co/xaHsnHcPtK", "expanded_url": "https://twitter.com/realamberheard/status/1444312173984075777", "display_url": "twitter.com/realamberheard\u2026"}]}, "created_at": "2021-10-03T11:20:40.000Z", "id": "1444623430716952582", "referenced_tweets": [{"type": "quoted", "id": "1444312173984075777"}], "author_id": "1076826276", "source": "Twitter for Android", "lang": "en", "quoted_tweet": {"text": "https://t.co/gD5uYRvUGl", "in_reply_to_user_id": "807003567605227520", "public_metrics": {"retweet_count": 92, "reply_count": 14, "like_count": 1466, "quote_count": 32}, "entities": {"urls": [{"start": 0, "end": 23, "url": "https://t.co/gD5uYRvUGl", "expanded_url": "https://twitter.com/realamberheard/status/1444312173984075777/video/1", "display_url": "pic.twitter.com/gD5uYRvUGl"}]}, "created_at": "2021-10-02T14:43:50.000Z", "id": "1444312173984075777", "referenced_tweets": [{"type": "replied_to", "id": "1444312145554984962"}], "author_id": "807003567605227520", "source": "Twitter for iPhone", "lang": "und", "author": {"description": "Actor and Activist, semi-professional disruptor, ice cream advocate and shameless teacup yorkie-lover", "location": "Los Angeles, CA", "id": "807003567605227520", "profile_image_url": "https://pbs.twimg.com/profile_images/1383196364792680448/N8CdupEu_normal.jpg", "url": "https://t.co/Ze18Ek9SOI", "name": "Amber Heard", "public_metrics": {"followers_count": 190316, "following_count": 220, "tweet_count": 1149, "listed_count": 567}, "username": "realamberheard", "created_at": "2016-12-08T23:26:58.000Z"}}, "author": {"description": "\ud83d\ude0e", "location": "Almer\u00eda, Spain", "id": "1076826276", "profile_image_url": "https://pbs.twimg.com/profile_images/1456382998752935937/1I5oyOPn_normal.jpg", "url": "https://t.co/HmsQ01mzrR", "name": "Heraldo de la Ruina", "public_metrics": {"followers_count": 414, "following_count": 426, "tweet_count": 127233, "listed_count": 6}, "username": "Krougg", "created_at": "2013-01-10T15:07:53.000Z"}}, {"text": "Risata da strega \ud83d\ude02\ud83d\ude02\ud83d\ude02 \n@realamberheard \n#JusticeForJohnnyDepp https://t.co/d9FYDS8OLm", "entities": {"mentions": [{"start": 22, "end": 37, "username": "realamberheard", "id": "807003567605227520"}], "hashtags": [{"start": 39, "end": 60, "tag": "JusticeForJohnnyDepp"}], "urls": [{"start": 61, "end": 84, "url": "https://t.co/d9FYDS8OLm", "expanded_url": "https://twitter.com/realamberheard/status/1444312173984075777", "display_url": "twitter.com/realamberheard\u2026"}]}, "public_metrics": {"retweet_count": 0, "reply_count": 0, "like_count": 0, "quote_count": 0}, "created_at": "2021-10-03T08:29:37.000Z", "id": "1444580385774579719", "referenced_tweets": [{"type": "quoted", "id": "1444312173984075777"}], "author_id": "2418900078", "source": "Twitter for Android", "lang": "it", "quoted_tweet": {"text": "https://t.co/gD5uYRvUGl", "in_reply_to_user_id": "807003567605227520", "public_metrics": {"retweet_count": 92, "reply_count": 14, "like_count": 1466, "quote_count": 32}, "entities": {"urls": [{"start": 0, "end": 23, "url": "https://t.co/gD5uYRvUGl", "expanded_url": "https://twitter.com/realamberheard/status/1444312173984075777/video/1", "display_url": "pic.twitter.com/gD5uYRvUGl"}]}, "created_at": "2021-10-02T14:43:50.000Z", "id": "1444312173984075777", "referenced_tweets": [{"type": "replied_to", "id": "1444312145554984962"}], "author_id": "807003567605227520", "source": "Twitter for iPhone", "lang": "und", "author": {"description": "Actor and Activist, semi-professional disruptor, ice cream advocate and shameless teacup yorkie-lover", "location": "Los Angeles, CA", "id": "807003567605227520", "profile_image_url": "https://pbs.twimg.com/profile_images/1383196364792680448/N8CdupEu_normal.jpg", "url": "https://t.co/Ze18Ek9SOI", "name": "Amber Heard", "public_metrics": {"followers_count": 190316, "following_count": 220, "tweet_count": 1149, "listed_count": 567}, "username": "realamberheard", "created_at": "2016-12-08T23:26:58.000Z"}}, "author": {"description": "\u2764 JUVENTUS JUSTIN JOHNNY \ud83d\ude0d \nSKIKKERIINA 94 \ud83d\ude0d\u2764", "location": "Italia", "id": "2418900078", "profile_image_url": "https://pbs.twimg.com/profile_images/1496609055552557067/Ex9RPaeQ_normal.jpg", "url": "", "name": "Simona Franza\ud83c\uddee\ud83c\uddf9\ud83c\udde8\ud83c\udde6", "public_metrics": {"followers_count": 1538, "following_count": 1614, "tweet_count": 26121, "listed_count": 31}, "username": "SimonaFranza94", "created_at": "2014-03-30T12:02:19.000Z"}}, {"text": "RT @Leichtperlig2: PR and marketing (and movie) disaster Amber Heard. #Loreal #LorealParis #parisfashionweek2021 #ParisFashionWeek #AmberHe\u2026", "entities": {"mentions": [{"start": 3, "end": 17, "username": "Leichtperlig2", "id": "1376113613228945409"}], "annotations": [{"start": 57, "end": 61, "probability": 0.5559, "type": "Person", "normalized_text": "Amber"}], "hashtags": [{"start": 70, "end": 77, "tag": "Loreal"}, {"start": 78, "end": 90, "tag": "LorealParis"}, {"start": 91, "end": 112, "tag": "parisfashionweek2021"}, {"start": 113, "end": 130, "tag": "ParisFashionWeek"}]}, "public_metrics": {"retweet_count": 2, "reply_count": 0, "like_count": 0, "quote_count": 0}, "created_at": "2021-10-02T23:14:08.000Z", "id": "1444440593699061763", "referenced_tweets": [{"type": "retweeted", "id": "1444336332793393152"}], "author_id": "1363630915298148353", "source": "Twitter Web App", "lang": "en", "quoted_tweet": {"text": "https://t.co/gD5uYRvUGl", "in_reply_to_user_id": "807003567605227520", "public_metrics": {"retweet_count": 92, "reply_count": 14, "like_count": 1466, "quote_count": 32}, "entities": {"urls": [{"start": 0, "end": 23, "url": "https://t.co/gD5uYRvUGl", "expanded_url": "https://twitter.com/realamberheard/status/1444312173984075777/video/1", "display_url": "pic.twitter.com/gD5uYRvUGl"}]}, "created_at": "2021-10-02T14:43:50.000Z", "id": "1444312173984075777", "referenced_tweets": [{"type": "replied_to", "id": "1444312145554984962"}], "author_id": "807003567605227520", "source": "Twitter for iPhone", "lang": "und", "author": {"description": "Actor and Activist, semi-professional disruptor, ice cream advocate and shameless teacup yorkie-lover", "location": "Los Angeles, CA", "id": "807003567605227520", "profile_image_url": "https://pbs.twimg.com/profile_images/1383196364792680448/N8CdupEu_normal.jpg", "url": "https://t.co/Ze18Ek9SOI", "name": "Amber Heard", "public_metrics": {"followers_count": 190316, "following_count": 220, "tweet_count": 1149, "listed_count": 567}, "username": "realamberheard", "created_at": "2016-12-08T23:26:58.000Z"}}, "author": {"description": "I feel that Johnny Depp deserves justice because he has been treated unjustly!\nI will block anyone posting threatening or violent tweets!", "location": "Gonzales,La", "id": "1363630915298148353", "profile_image_url": "https://pbs.twimg.com/profile_images/1377657792933269508/KGlpnmd6_normal.jpg", "url": "", "name": "LL", "public_metrics": {"followers_count": 591, "following_count": 596, "tweet_count": 119635, "listed_count": 0}, "username": "la77465262", "created_at": "2021-02-21T23:25:30.000Z"}}, {"text": "RT @Leichtperlig2: PR and marketing (and movie) disaster Amber Heard. #Loreal #LorealParis #parisfashionweek2021 #ParisFashionWeek #AmberHe\u2026", "entities": {"mentions": [{"start": 3, "end": 17, "username": "Leichtperlig2", "id": "1376113613228945409"}], "annotations": [{"start": 57, "end": 61, "probability": 0.5559, "type": "Person", "normalized_text": "Amber"}], "hashtags": [{"start": 70, "end": 77, "tag": "Loreal"}, {"start": 78, "end": 90, "tag": "LorealParis"}, {"start": 91, "end": 112, "tag": "parisfashionweek2021"}, {"start": 113, "end": 130, "tag": "ParisFashionWeek"}]}, "public_metrics": {"retweet_count": 2, "reply_count": 0, "like_count": 0, "quote_count": 0}, "created_at": "2021-10-02T23:04:29.000Z", "id": "1444438163028537344", "referenced_tweets": [{"type": "retweeted", "id": "1444336332793393152"}], "author_id": "1315500398728208384", "source": "Twitter Web App", "lang": "en", "quoted_tweet": {"text": "https://t.co/gD5uYRvUGl", "in_reply_to_user_id": "807003567605227520", "public_metrics": {"retweet_count": 92, "reply_count": 14, "like_count": 1466, "quote_count": 32}, "entities": {"urls": [{"start": 0, "end": 23, "url": "https://t.co/gD5uYRvUGl", "expanded_url": "https://twitter.com/realamberheard/status/1444312173984075777/video/1", "display_url": "pic.twitter.com/gD5uYRvUGl"}]}, "created_at": "2021-10-02T14:43:50.000Z", "id": "1444312173984075777", "referenced_tweets": [{"type": "replied_to", "id": "1444312145554984962"}], "author_id": "807003567605227520", "source": "Twitter for iPhone", "lang": "und", "author": {"description": "Actor and Activist, semi-professional disruptor, ice cream advocate and shameless teacup yorkie-lover", "location": "Los Angeles, CA", "id": "807003567605227520", "profile_image_url": "https://pbs.twimg.com/profile_images/1383196364792680448/N8CdupEu_normal.jpg", "url": "https://t.co/Ze18Ek9SOI", "name": "Amber Heard", "public_metrics": {"followers_count": 190316, "following_count": 220, "tweet_count": 1149, "listed_count": 567}, "username": "realamberheard", "created_at": "2016-12-08T23:26:58.000Z"}}, "author": {"description": "On rebound from Bott exile of 2020. This is my new acct. Member since 2009. Love Classic Rock & Movies. JD patron since the 80's. I am not a bot! ?'s ask me!", "location": "Seattle, WA", "id": "1315500398728208384", "profile_image_url": "https://pbs.twimg.com/profile_images/1380363917373759490/bbZlABUd_normal.jpg", "url": "", "name": "Cheryl Drake \ud83c\uddfa\ud83c\uddf8\ud83d\udc9c\ud83d\udc9c", "public_metrics": {"followers_count": 964, "following_count": 435, "tweet_count": 86971, "listed_count": 7}, "username": "CherylD59995761", "created_at": "2020-10-12T03:52:22.000Z"}}, {"text": "LMAO She literally stood in this alley with Eve , trying to look casual while dropping little brown blobs as she goes \ud83d\ude02\ud83e\udd23\ud83d\ude02 https://t.co/7V9qZMiIYj https://t.co/B5AWRMuaqR", "public_metrics": {"retweet_count": 0, "reply_count": 0, "like_count": 1, "quote_count": 0}, "entities": {"annotations": [{"start": 44, "end": 46, "probability": 0.6532, "type": "Person", "normalized_text": "Eve"}], "urls": [{"start": 122, "end": 145, "url": "https://t.co/7V9qZMiIYj", "expanded_url": "https://twitter.com/ElanaVital3/status/1444437052515360774/photo/1", "display_url": "pic.twitter.com/7V9qZMiIYj"}, {"start": 146, "end": 169, "url": "https://t.co/B5AWRMuaqR", "expanded_url": "https://twitter.com/realamberheard/status/1444312173984075777", "display_url": "twitter.com/realamberheard\u2026"}]}, "created_at": "2021-10-02T23:00:04.000Z", "id": "1444437052515360774", "referenced_tweets": [{"type": "quoted", "id": "1444312173984075777"}], "author_id": "1280263828220063747", "source": "Twitter for Android", "lang": "en", "quoted_tweet": {"text": "https://t.co/gD5uYRvUGl", "in_reply_to_user_id": "807003567605227520", "public_metrics": {"retweet_count": 92, "reply_count": 14, "like_count": 1466, "quote_count": 32}, "entities": {"urls": [{"start": 0, "end": 23, "url": "https://t.co/gD5uYRvUGl", "expanded_url": "https://twitter.com/realamberheard/status/1444312173984075777/video/1", "display_url": "pic.twitter.com/gD5uYRvUGl"}]}, "created_at": "2021-10-02T14:43:50.000Z", "id": "1444312173984075777", "referenced_tweets": [{"type": "replied_to", "id": "1444312145554984962"}], "author_id": "807003567605227520", "source": "Twitter for iPhone", "lang": "und", "author": {"description": "Actor and Activist, semi-professional disruptor, ice cream advocate and shameless teacup yorkie-lover", "location": "Los Angeles, CA", "id": "807003567605227520", "profile_image_url": "https://pbs.twimg.com/profile_images/1383196364792680448/N8CdupEu_normal.jpg", "url": "https://t.co/Ze18Ek9SOI", "name": "Amber Heard", "public_metrics": {"followers_count": 190316, "following_count": 220, "tweet_count": 1149, "listed_count": 567}, "username": "realamberheard", "created_at": "2016-12-08T23:26:58.000Z"}}, "author": {"description": "Art Model, circus clown and writer, Advanced Reiki practitioner, witch and bitch.", "id": "1280263828220063747", "profile_image_url": "https://pbs.twimg.com/profile_images/1493611998474608641/WuUFGX-j_normal.jpg", "url": "", "name": "Elana V", "public_metrics": {"followers_count": 323, "following_count": 468, "tweet_count": 10931, "listed_count": 2}, "username": "ElanaVital3", "created_at": "2020-07-06T22:14:27.000Z"}}, {"text": "\u0645\u06cc\u06af\u0646 \u062d\u0648\u0631\u06cc \u0647\u0627 \u0628\u0647\u0634\u062a\u06cc \u0627\u06cc\u0646\u062c\u0648\u0631\u06cc \u0645\u06cc \u06cc\u0627\u0646 \u0627\u0633\u062a\u0642\u0628\u0627\u0644\u062a. https://t.co/91j3YndfRT", "public_metrics": {"retweet_count": 0, "reply_count": 8, "like_count": 27, "quote_count": 0}, "entities": {"urls": [{"start": 44, "end": 67, "url": "https://t.co/91j3YndfRT", "expanded_url": "https://twitter.com/realamberheard/status/1444312173984075777", "display_url": "twitter.com/realamberheard\u2026"}]}, "created_at": "2021-10-02T22:36:36.000Z", "id": "1444431146264272896", "referenced_tweets": [{"type": "quoted", "id": "1444312173984075777"}], "author_id": "1299425695068827649", "source": "Twitter Web App", "lang": "fa", "quoted_tweet": {"text": "https://t.co/gD5uYRvUGl", "in_reply_to_user_id": "807003567605227520", "public_metrics": {"retweet_count": 92, "reply_count": 14, "like_count": 1466, "quote_count": 32}, "entities": {"urls": [{"start": 0, "end": 23, "url": "https://t.co/gD5uYRvUGl", "expanded_url": "https://twitter.com/realamberheard/status/1444312173984075777/video/1", "display_url": "pic.twitter.com/gD5uYRvUGl"}]}, "created_at": "2021-10-02T14:43:50.000Z", "id": "1444312173984075777", "referenced_tweets": [{"type": "replied_to", "id": "1444312145554984962"}], "author_id": "807003567605227520", "source": "Twitter for iPhone", "lang": "und", "author": {"description": "Actor and Activist, semi-professional disruptor, ice cream advocate and shameless teacup yorkie-lover", "location": "Los Angeles, CA", "id": "807003567605227520", "profile_image_url": "https://pbs.twimg.com/profile_images/1383196364792680448/N8CdupEu_normal.jpg", "url": "https://t.co/Ze18Ek9SOI", "name": "Amber Heard", "public_metrics": {"followers_count": 190316, "following_count": 220, "tweet_count": 1149, "listed_count": 567}, "username": "realamberheard", "created_at": "2016-12-08T23:26:58.000Z"}}, "author": {"description": "#Btc #ETH #Bnb", "location": "Mars", "id": "1299425695068827649", "profile_image_url": "https://pbs.twimg.com/profile_images/1445905077764386820/rY5nnqi__normal.jpg", "url": "https://t.co/yN2JqQ97ch", "name": "Ar@sh", "public_metrics": {"followers_count": 1614, "following_count": 946, "tweet_count": 9975, "listed_count": 9}, "username": "Bloodywine0", "created_at": "2020-08-28T19:16:58.000Z"}}, {"text": "Ooof this look, I am deceased. https://t.co/j2Xd4tRYmu", "public_metrics": {"retweet_count": 0, "reply_count": 1, "like_count": 0, "quote_count": 0}, "entities": {"urls": [{"start": 31, "end": 54, "url": "https://t.co/j2Xd4tRYmu", "expanded_url": "https://twitter.com/realamberheard/status/1444312173984075777", "display_url": "twitter.com/realamberheard\u2026"}]}, "created_at": "2021-10-02T22:19:24.000Z", "id": "1444426818052767745", "referenced_tweets": [{"type": "quoted", "id": "1444312173984075777"}], "author_id": "1054511684142825473", "source": "Twitter for Android", "lang": "en", "quoted_tweet": {"text": "https://t.co/gD5uYRvUGl", "in_reply_to_user_id": "807003567605227520", "public_metrics": {"retweet_count": 92, "reply_count": 14, "like_count": 1466, "quote_count": 32}, "entities": {"urls": [{"start": 0, "end": 23, "url": "https://t.co/gD5uYRvUGl", "expanded_url": "https://twitter.com/realamberheard/status/1444312173984075777/video/1", "display_url": "pic.twitter.com/gD5uYRvUGl"}]}, "created_at": "2021-10-02T14:43:50.000Z", "id": "1444312173984075777", "referenced_tweets": [{"type": "replied_to", "id": "1444312145554984962"}], "author_id": "807003567605227520", "source": "Twitter for iPhone", "lang": "und", "author": {"description": "Actor and Activist, semi-professional disruptor, ice cream advocate and shameless teacup yorkie-lover", "location": "Los Angeles, CA", "id": "807003567605227520", "profile_image_url": "https://pbs.twimg.com/profile_images/1383196364792680448/N8CdupEu_normal.jpg", "url": "https://t.co/Ze18Ek9SOI", "name": "Amber Heard", "public_metrics": {"followers_count": 190316, "following_count": 220, "tweet_count": 1149, "listed_count": 567}, "username": "realamberheard", "created_at": "2016-12-08T23:26:58.000Z"}}, "author": {"description": "Author. She/Her. If you're a rando in my mentions being annoying, you owe me $50. #IStandWithAmberHeard #SavePalestine\n#10028Children", "location": "unceded Kwantlen territory", "id": "1054511684142825473", "profile_image_url": "https://pbs.twimg.com/profile_images/1449810744036364288/OhWx2lb-_normal.jpg", "url": "https://t.co/X9MizKmLrq", "name": "\ud83e\udddc\u200d\u2640\ufe0f Katelynn the drowning mermaid", "public_metrics": {"followers_count": 686, "following_count": 719, "tweet_count": 94516, "listed_count": 11}, "username": "FrostedSiren", "created_at": "2018-10-22T23:15:52.000Z"}}, {"text": "RT @heardbenoist: I CANT SHES THE LOML", "entities": {"mentions": [{"start": 3, "end": 16, "username": "heardbenoist", "id": "1454244615570214918"}]}, "public_metrics": {"retweet_count": 2, "reply_count": 0, "like_count": 0, "quote_count": 0}, "created_at": "2021-10-02T22:16:38.000Z", "id": "1444426121034932225", "referenced_tweets": [{"type": "retweeted", "id": "1444345658937384976"}], "author_id": "1329620700701736962", "source": "Twitter for Android", "lang": "en", "quoted_tweet": {"text": "https://t.co/gD5uYRvUGl", "in_reply_to_user_id": "807003567605227520", "public_metrics": {"retweet_count": 92, "reply_count": 14, "like_count": 1466, "quote_count": 32}, "entities": {"urls": [{"start": 0, "end": 23, "url": "https://t.co/gD5uYRvUGl", "expanded_url": "https://twitter.com/realamberheard/status/1444312173984075777/video/1", "display_url": "pic.twitter.com/gD5uYRvUGl"}]}, "created_at": "2021-10-02T14:43:50.000Z", "id": "1444312173984075777", "referenced_tweets": [{"type": "replied_to", "id": "1444312145554984962"}], "author_id": "807003567605227520", "source": "Twitter for iPhone", "lang": "und", "author": {"description": "Actor and Activist, semi-professional disruptor, ice cream advocate and shameless teacup yorkie-lover", "location": "Los Angeles, CA", "id": "807003567605227520", "profile_image_url": "https://pbs.twimg.com/profile_images/1383196364792680448/N8CdupEu_normal.jpg", "url": "https://t.co/Ze18Ek9SOI", "name": "Amber Heard", "public_metrics": {"followers_count": 190316, "following_count": 220, "tweet_count": 1149, "listed_count": 567}, "username": "realamberheard", "created_at": "2016-12-08T23:26:58.000Z"}}, "author": {"description": "I am Proud Supporting Amber Heard,Vegan \ud83c\udf31, Public Figures,Power Rangers, Pride \ud83c\udff3\ufe0f\u200d\ud83c\udf08", "id": "1329620700701736962", "profile_image_url": "https://pbs.twimg.com/profile_images/1482902773435797506/c9x6tz16_normal.jpg", "url": "", "name": "Jim Coleman", "public_metrics": {"followers_count": 178, "following_count": 1485, "tweet_count": 40179, "listed_count": 0}, "username": "homemakervegan", "created_at": "2020-11-20T03:01:15.000Z"}}, {"text": "RT @cillianheard: LOOK AT HER", "entities": {"mentions": [{"start": 3, "end": 16, "username": "cillianheard", "id": "1511538595"}]}, "public_metrics": {"retweet_count": 1, "reply_count": 0, "like_count": 0, "quote_count": 0}, "created_at": "2021-10-02T22:16:16.000Z", "id": "1444426030232444928", "referenced_tweets": [{"type": "retweeted", "id": "1444313039826825216"}], "author_id": "1329620700701736962", "source": "Twitter for Android", "lang": "en", "quoted_tweet": {"text": "https://t.co/gD5uYRvUGl", "in_reply_to_user_id": "807003567605227520", "public_metrics": {"retweet_count": 92, "reply_count": 14, "like_count": 1466, "quote_count": 32}, "entities": {"urls": [{"start": 0, "end": 23, "url": "https://t.co/gD5uYRvUGl", "expanded_url": "https://twitter.com/realamberheard/status/1444312173984075777/video/1", "display_url": "pic.twitter.com/gD5uYRvUGl"}]}, "created_at": "2021-10-02T14:43:50.000Z", "id": "1444312173984075777", "referenced_tweets": [{"type": "replied_to", "id": "1444312145554984962"}], "author_id": "807003567605227520", "source": "Twitter for iPhone", "lang": "und", "author": {"description": "Actor and Activist, semi-professional disruptor, ice cream advocate and shameless teacup yorkie-lover", "location": "Los Angeles, CA", "id": "807003567605227520", "profile_image_url": "https://pbs.twimg.com/profile_images/1383196364792680448/N8CdupEu_normal.jpg", "url": "https://t.co/Ze18Ek9SOI", "name": "Amber Heard", "public_metrics": {"followers_count": 190316, "following_count": 220, "tweet_count": 1149, "listed_count": 567}, "username": "realamberheard", "created_at": "2016-12-08T23:26:58.000Z"}}, "author": {"description": "I am Proud Supporting Amber Heard,Vegan \ud83c\udf31, Public Figures,Power Rangers, Pride \ud83c\udff3\ufe0f\u200d\ud83c\udf08", "id": "1329620700701736962", "profile_image_url": "https://pbs.twimg.com/profile_images/1482902773435797506/c9x6tz16_normal.jpg", "url": "", "name": "Jim Coleman", "public_metrics": {"followers_count": 178, "following_count": 1485, "tweet_count": 40179, "listed_count": 0}, "username": "homemakervegan", "created_at": "2020-11-20T03:01:15.000Z"}}, {"text": "RT @heardbenoist: I CANT SHES THE LOML", "entities": {"mentions": [{"start": 3, "end": 16, "username": "heardbenoist", "id": "1454244615570214918"}]}, "public_metrics": {"retweet_count": 2, "reply_count": 0, "like_count": 0, "quote_count": 0}, "created_at": "2021-10-02T20:10:38.000Z", "id": "1444394414663688194", "referenced_tweets": [{"type": "retweeted", "id": "1444345658937384976"}], "author_id": "1433079948088991745", "source": "Twitter for Android", "lang": "en", "quoted_tweet": {"text": "https://t.co/gD5uYRvUGl", "in_reply_to_user_id": "807003567605227520", "public_metrics": {"retweet_count": 92, "reply_count": 14, "like_count": 1466, "quote_count": 32}, "entities": {"urls": [{"start": 0, "end": 23, "url": "https://t.co/gD5uYRvUGl", "expanded_url": "https://twitter.com/realamberheard/status/1444312173984075777/video/1", "display_url": "pic.twitter.com/gD5uYRvUGl"}]}, "created_at": "2021-10-02T14:43:50.000Z", "id": "1444312173984075777", "referenced_tweets": [{"type": "replied_to", "id": "1444312145554984962"}], "author_id": "807003567605227520", "source": "Twitter for iPhone", "lang": "und", "author": {"description": "Actor and Activist, semi-professional disruptor, ice cream advocate and shameless teacup yorkie-lover", "location": "Los Angeles, CA", "id": "807003567605227520", "profile_image_url": "https://pbs.twimg.com/profile_images/1383196364792680448/N8CdupEu_normal.jpg", "url": "https://t.co/Ze18Ek9SOI", "name": "Amber Heard", "public_metrics": {"followers_count": 190316, "following_count": 220, "tweet_count": 1149, "listed_count": 567}, "username": "realamberheard", "created_at": "2016-12-08T23:26:58.000Z"}}, "author": {"description": "Kanha", "location": "Republic of Mauritius", "id": "1433079948088991745", "profile_image_url": "https://pbs.twimg.com/profile_images/1433083719846273026/vGSQxIf4_normal.jpg", "url": "", "name": "Sirish Sew", "public_metrics": {"followers_count": 38, "following_count": 1512, "tweet_count": 303, "listed_count": 5}, "username": "SewSirish", "created_at": "2021-09-01T14:51:14.000Z"}}, {"text": "Guess if Loreal will take the initiative to release your relevant information.\n\n#AmberHeardIsALiar\n#FireAmberHeard\n#BoycottLoreal https://t.co/KTqUSywREd https://t.co/zLL6QZJ1lh", "public_metrics": {"retweet_count": 1, "reply_count": 1, "like_count": 7, "quote_count": 0}, "entities": {"annotations": [{"start": 9, "end": 14, "probability": 0.5085, "type": "Organization", "normalized_text": "Loreal"}], "hashtags": [{"start": 80, "end": 98, "tag": "AmberHeardIsALiar"}, {"start": 99, "end": 114, "tag": "FireAmberHeard"}, {"start": 115, "end": 129, "tag": "BoycottLoreal"}], "urls": [{"start": 130, "end": 153, "url": "https://t.co/KTqUSywREd", "expanded_url": "https://twitter.com/AliceZ86866073/status/1444356204210184192/photo/1", "display_url": "pic.twitter.com/KTqUSywREd"}, {"start": 154, "end": 177, "url": "https://t.co/zLL6QZJ1lh", "expanded_url": "https://twitter.com/realamberheard/status/1444312173984075777", "display_url": "twitter.com/realamberheard\u2026"}]}, "created_at": "2021-10-02T17:38:48.000Z", "id": "1444356204210184192", "referenced_tweets": [{"type": "quoted", "id": "1444312173984075777"}], "author_id": "1141365320130543616", "source": "Twitter for iPhone", "lang": "en", "quoted_tweet": {"text": "https://t.co/gD5uYRvUGl", "in_reply_to_user_id": "807003567605227520", "public_metrics": {"retweet_count": 92, "reply_count": 14, "like_count": 1466, "quote_count": 32}, "entities": {"urls": [{"start": 0, "end": 23, "url": "https://t.co/gD5uYRvUGl", "expanded_url": "https://twitter.com/realamberheard/status/1444312173984075777/video/1", "display_url": "pic.twitter.com/gD5uYRvUGl"}]}, "created_at": "2021-10-02T14:43:50.000Z", "id": "1444312173984075777", "referenced_tweets": [{"type": "replied_to", "id": "1444312145554984962"}], "author_id": "807003567605227520", "source": "Twitter for iPhone", "lang": "und", "author": {"description": "Actor and Activist, semi-professional disruptor, ice cream advocate and shameless teacup yorkie-lover", "location": "Los Angeles, CA", "id": "807003567605227520", "profile_image_url": "https://pbs.twimg.com/profile_images/1383196364792680448/N8CdupEu_normal.jpg", "url": "https://t.co/Ze18Ek9SOI", "name": "Amber Heard", "public_metrics": {"followers_count": 190316, "following_count": 220, "tweet_count": 1149, "listed_count": 567}, "username": "realamberheard", "created_at": "2016-12-08T23:26:58.000Z"}}, "author": {"description": "#JusticeForJohnnyDepp", "id": "1141365320130543616", "profile_image_url": "https://pbs.twimg.com/profile_images/1496473702380179456/RqcbJbRy_normal.jpg", "url": "", "name": "Alice", "public_metrics": {"followers_count": 72, "following_count": 92, "tweet_count": 2229, "listed_count": 0}, "username": "AliceZ86866073", "created_at": "2019-06-19T15:21:12.000Z"}}, {"text": "Trip https://t.co/ZwXRQ8EkI9", "public_metrics": {"retweet_count": 0, "reply_count": 1, "like_count": 1, "quote_count": 0}, "entities": {"urls": [{"start": 5, "end": 28, "url": "https://t.co/ZwXRQ8EkI9", "expanded_url": "https://twitter.com/realamberheard/status/1444312173984075777", "display_url": "twitter.com/realamberheard\u2026"}]}, "created_at": "2021-10-02T17:36:10.000Z", "id": "1444355541501947908", "referenced_tweets": [{"type": "quoted", "id": "1444312173984075777"}], "author_id": "4158369429", "source": "Twitter for iPhone", "lang": "en", "quoted_tweet": {"text": "https://t.co/gD5uYRvUGl", "in_reply_to_user_id": "807003567605227520", "public_metrics": {"retweet_count": 92, "reply_count": 14, "like_count": 1466, "quote_count": 32}, "entities": {"urls": [{"start": 0, "end": 23, "url": "https://t.co/gD5uYRvUGl", "expanded_url": "https://twitter.com/realamberheard/status/1444312173984075777/video/1", "display_url": "pic.twitter.com/gD5uYRvUGl"}]}, "created_at": "2021-10-02T14:43:50.000Z", "id": "1444312173984075777", "referenced_tweets": [{"type": "replied_to", "id": "1444312145554984962"}], "author_id": "807003567605227520", "source": "Twitter for iPhone", "lang": "und", "author": {"description": "Actor and Activist, semi-professional disruptor, ice cream advocate and shameless teacup yorkie-lover", "location": "Los Angeles, CA", "id": "807003567605227520", "profile_image_url": "https://pbs.twimg.com/profile_images/1383196364792680448/N8CdupEu_normal.jpg", "url": "https://t.co/Ze18Ek9SOI", "name": "Amber Heard", "public_metrics": {"followers_count": 190316, "following_count": 220, "tweet_count": 1149, "listed_count": 567}, "username": "realamberheard", "created_at": "2016-12-08T23:26:58.000Z"}}, "author": {"description": "\ud835\udcd2\ud835\udcee\ud835\udcf8 \ud835\udcf8\ud835\udcef \ud835\udcf1\ud835\udcea\ud835\udcfd\ud835\udcf2\ud835\udcf7\ud835\udcf0 \ud835\udcd0\ud835\udcf6\ud835\udceb\ud835\udcee\ud835\udcfb \ud835\udcd7\ud835\udcee\ud835\udcea\ud835\udcfb\ud835\udced. // \ud835\udce2\ud835\udcfd\ud835\udcfb\ud835\udcee\ud835\udcea\ud835\udcf6 \ud835\udcd3\ud835\udcea\ud835\udcf7\ud835\udcec\ud835\udcf2\ud835\udcf7\ud835\udcf0 \ud835\udd00\ud835\udcf2\ud835\udcfd\ud835\udcf1 \ud835\udcfd\ud835\udcf1\ud835\udcee \ud835\udcd3\ud835\udcee\ud835\udcff\ud835\udcf2\ud835\udcf5... \ud835\udcfd\ud835\udcf1\ud835\udcee \ud835\udcea\ud835\udcfb\ud835\udcfd \ud835\udcf8\ud835\udcef \ud835\udcfc\ud835\udcfd\ud835\udcea\ud835\udcfb\ud835\udcfd\ud835\udcf2\ud835\udcf7\ud835\udcf0 \ud835\udcf8\ud835\udcff\ud835\udcee\ud835\udcfb. \ud83e\udd0d\ud83d\udda4", "id": "4158369429", "profile_image_url": "https://pbs.twimg.com/profile_images/1478504269712134148/2dXXzaRZ_normal.jpg", "url": "", "name": "\ud835\udced\ud835\udd00\ud835\udcfd\ud835\udced\ud835\udcfd\ud835\udcea\ud835\udcf8\ud835\udcfc\ud835\udcf8", "public_metrics": {"followers_count": 244, "following_count": 161, "tweet_count": 9301, "listed_count": 2}, "username": "planetaintshit", "created_at": "2015-11-10T18:55:34.000Z"}}, {"text": "I CANT SHES THE LOML https://t.co/qRZrNm5mTc", "public_metrics": {"retweet_count": 2, "reply_count": 2, "like_count": 20, "quote_count": 0}, "entities": {"urls": [{"start": 21, "end": 44, "url": "https://t.co/qRZrNm5mTc", "expanded_url": "https://twitter.com/realamberheard/status/1444312173984075777", "display_url": "twitter.com/realamberheard\u2026"}]}, "created_at": "2021-10-02T16:56:54.000Z", "id": "1444345658937384976", "referenced_tweets": [{"type": "quoted", "id": "1444312173984075777"}], "author_id": "3065762493", "source": "Twitter for iPhone", "lang": "en", "quoted_tweet": {"text": "https://t.co/gD5uYRvUGl", "in_reply_to_user_id": "807003567605227520", "public_metrics": {"retweet_count": 92, "reply_count": 14, "like_count": 1466, "quote_count": 32}, "entities": {"urls": [{"start": 0, "end": 23, "url": "https://t.co/gD5uYRvUGl", "expanded_url": "https://twitter.com/realamberheard/status/1444312173984075777/video/1", "display_url": "pic.twitter.com/gD5uYRvUGl"}]}, "created_at": "2021-10-02T14:43:50.000Z", "id": "1444312173984075777", "referenced_tweets": [{"type": "replied_to", "id": "1444312145554984962"}], "author_id": "807003567605227520", "source": "Twitter for iPhone", "lang": "und", "author": {"description": "Actor and Activist, semi-professional disruptor, ice cream advocate and shameless teacup yorkie-lover", "location": "Los Angeles, CA", "id": "807003567605227520", "profile_image_url": "https://pbs.twimg.com/profile_images/1383196364792680448/N8CdupEu_normal.jpg", "url": "https://t.co/Ze18Ek9SOI", "name": "Amber Heard", "public_metrics": {"followers_count": 190316, "following_count": 220, "tweet_count": 1149, "listed_count": 567}, "username": "realamberheard", "created_at": "2016-12-08T23:26:58.000Z"}}, "author": {"description": "ur resident amber heard stan", "location": "Brasil", "id": "3065762493", "profile_image_url": "https://pbs.twimg.com/profile_images/1438347905304256512/kQoJOMWs_normal.jpg", "url": "https://t.co/YxZgLFMyeQ", "name": "carol", "public_metrics": {"followers_count": 2809, "following_count": 97, "tweet_count": 32673, "listed_count": 29}, "username": "heardverse", "created_at": "2015-03-01T20:14:47.000Z"}}, {"text": "PR and marketing (and movie) disaster Amber Heard. #Loreal #LorealParis #parisfashionweek2021 #ParisFashionWeek #AmberHeard \n#Aquaman2 \n#JohnnyDepp https://t.co/wPo6IWYjAp https://t.co/aSHdnNjHIc", "public_metrics": {"retweet_count": 2, "reply_count": 0, "like_count": 5, "quote_count": 1}, "entities": {"hashtags": [{"start": 51, "end": 58, "tag": "Loreal"}, {"start": 59, "end": 71, "tag": "LorealParis"}, {"start": 72, "end": 93, "tag": "parisfashionweek2021"}, {"start": 94, "end": 111, "tag": "ParisFashionWeek"}, {"start": 112, "end": 123, "tag": "AmberHeard"}, {"start": 125, "end": 134, "tag": "Aquaman2"}, {"start": 136, "end": 147, "tag": "JohnnyDepp"}], "urls": [{"start": 148, "end": 171, "url": "https://t.co/wPo6IWYjAp", "expanded_url": "https://twitter.com/Leichtperlig2/status/1444336332793393152/photo/1", "display_url": "pic.twitter.com/wPo6IWYjAp"}, {"start": 172, "end": 195, "url": "https://t.co/aSHdnNjHIc", "expanded_url": "https://twitter.com/realamberheard/status/1444312173984075777", "display_url": "twitter.com/realamberheard\u2026"}]}, "created_at": "2021-10-02T16:19:50.000Z", "id": "1444336332793393152", "referenced_tweets": [{"type": "quoted", "id": "1444312173984075777"}], "author_id": "1376113613228945409", "source": "Twitter Web App", "lang": "en", "quoted_tweet": {"text": "https://t.co/gD5uYRvUGl", "in_reply_to_user_id": "807003567605227520", "public_metrics": {"retweet_count": 92, "reply_count": 14, "like_count": 1466, "quote_count": 32}, "entities": {"urls": [{"start": 0, "end": 23, "url": "https://t.co/gD5uYRvUGl", "expanded_url": "https://twitter.com/realamberheard/status/1444312173984075777/video/1", "display_url": "pic.twitter.com/gD5uYRvUGl"}]}, "created_at": "2021-10-02T14:43:50.000Z", "id": "1444312173984075777", "referenced_tweets": [{"type": "replied_to", "id": "1444312145554984962"}], "author_id": "807003567605227520", "source": "Twitter for iPhone", "lang": "und", "author": {"description": "Actor and Activist, semi-professional disruptor, ice cream advocate and shameless teacup yorkie-lover", "location": "Los Angeles, CA", "id": "807003567605227520", "profile_image_url": "https://pbs.twimg.com/profile_images/1383196364792680448/N8CdupEu_normal.jpg", "url": "https://t.co/Ze18Ek9SOI", "name": "Amber Heard", "public_metrics": {"followers_count": 190316, "following_count": 220, "tweet_count": 1149, "listed_count": 567}, "username": "realamberheard", "created_at": "2016-12-08T23:26:58.000Z"}}, "author": {"description": "", "id": "1376113613228945409", "profile_image_url": "https://abs.twimg.com/sticky/default_profile_images/default_profile_normal.png", "url": "", "name": "Leichtperlig", "public_metrics": {"followers_count": 60, "following_count": 0, "tweet_count": 3393, "listed_count": 3}, "username": "Leichtperlig2", "created_at": "2021-03-28T10:07:46.000Z"}}, {"text": "incrivel como essa mulher anda no luxo https://t.co/DVUJxLMrQf", "public_metrics": {"retweet_count": 0, "reply_count": 0, "like_count": 0, "quote_count": 0}, "entities": {"urls": [{"start": 39, "end": 62, "url": "https://t.co/DVUJxLMrQf", "expanded_url": "https://twitter.com/realamberheard/status/1444312173984075777", "display_url": "twitter.com/realamberheard\u2026"}]}, "created_at": "2021-10-02T15:22:51.000Z", "id": "1444321990463086596", "referenced_tweets": [{"type": "quoted", "id": "1444312173984075777"}], "author_id": "536515604", "source": "Twitter Web App", "lang": "pt", "quoted_tweet": {"text": "https://t.co/gD5uYRvUGl", "in_reply_to_user_id": "807003567605227520", "public_metrics": {"retweet_count": 92, "reply_count": 14, "like_count": 1466, "quote_count": 32}, "entities": {"urls": [{"start": 0, "end": 23, "url": "https://t.co/gD5uYRvUGl", "expanded_url": "https://twitter.com/realamberheard/status/1444312173984075777/video/1", "display_url": "pic.twitter.com/gD5uYRvUGl"}]}, "created_at": "2021-10-02T14:43:50.000Z", "id": "1444312173984075777", "referenced_tweets": [{"type": "replied_to", "id": "1444312145554984962"}], "author_id": "807003567605227520", "source": "Twitter for iPhone", "lang": "und", "author": {"description": "Actor and Activist, semi-professional disruptor, ice cream advocate and shameless teacup yorkie-lover", "location": "Los Angeles, CA", "id": "807003567605227520", "profile_image_url": "https://pbs.twimg.com/profile_images/1383196364792680448/N8CdupEu_normal.jpg", "url": "https://t.co/Ze18Ek9SOI", "name": "Amber Heard", "public_metrics": {"followers_count": 190316, "following_count": 220, "tweet_count": 1149, "listed_count": 567}, "username": "realamberheard", "created_at": "2016-12-08T23:26:58.000Z"}}, "author": {"description": "#TeamArthurAguiar\n\ud835\udd13\ud835\udd1e\ud835\udd26\ud835\udd2b \ud835\udd26\ud835\udd30 \u211c\ud835\udd22\ud835\udd21\ud835\udd22\ud835\udd2a\ud835\udd2d\ud835\udd31\ud835\udd26\ud835\udd2c\ud835\udd2b \u271d\ufe0f\n\ud835\udc6b\ud835\udc6a\n\ud835\udc47\u210e\ud835\udc52 \ud835\udc39\ud835\udc59\ud835\udc4e\ud835\udc60\u210e \ud835\udc46\ud835\udc61\ud835\udc4e\ud835\udc5b \u26a1\n\ud835\udc35\ud835\udc4e\ud835\udc61\ud835\udc64\ud835\udc5c\ud835\udc5a\ud835\udc4e\ud835\udc5b\n@Cruzeiro\nWWE universe\n(Ele/Dele)", "location": "Belo Horizonte, Brasil", "id": "536515604", "profile_image_url": "https://pbs.twimg.com/profile_images/1506400140759908360/3PU0ue8b_normal.jpg", "url": "", "name": "\ud835\ude42\ud835\ude56\ud835\ude57\ud835\ude67\ud835\ude5e\ud835\ude5a\ud835\ude61 \u2728 \ud83c\udf5e KING ARTHUR", "public_metrics": {"followers_count": 6805, "following_count": 5302, "tweet_count": 421899, "listed_count": 33}, "username": "MultiverseFlash", "created_at": "2012-03-25T18:04:12.000Z"}}, {"text": "A melhor modelo do mundo\u2764\ud83d\udda4\u2764\ud83d\udda4 https://t.co/pXnhmJUte1", "public_metrics": {"retweet_count": 0, "reply_count": 1, "like_count": 4, "quote_count": 0}, "entities": {"urls": [{"start": 29, "end": 52, "url": "https://t.co/pXnhmJUte1", "expanded_url": "https://twitter.com/realamberheard/status/1444312173984075777", "display_url": "twitter.com/realamberheard\u2026"}]}, "created_at": "2021-10-02T15:20:21.000Z", "id": "1444321361560842246", "referenced_tweets": [{"type": "quoted", "id": "1444312173984075777"}], "author_id": "1031863937351016448", "source": "Twitter for Android", "lang": "pt", "quoted_tweet": {"text": "https://t.co/gD5uYRvUGl", "in_reply_to_user_id": "807003567605227520", "public_metrics": {"retweet_count": 92, "reply_count": 14, "like_count": 1466, "quote_count": 32}, "entities": {"urls": [{"start": 0, "end": 23, "url": "https://t.co/gD5uYRvUGl", "expanded_url": "https://twitter.com/realamberheard/status/1444312173984075777/video/1", "display_url": "pic.twitter.com/gD5uYRvUGl"}]}, "created_at": "2021-10-02T14:43:50.000Z", "id": "1444312173984075777", "referenced_tweets": [{"type": "replied_to", "id": "1444312145554984962"}], "author_id": "807003567605227520", "source": "Twitter for iPhone", "lang": "und", "author": {"description": "Actor and Activist, semi-professional disruptor, ice cream advocate and shameless teacup yorkie-lover", "location": "Los Angeles, CA", "id": "807003567605227520", "profile_image_url": "https://pbs.twimg.com/profile_images/1383196364792680448/N8CdupEu_normal.jpg", "url": "https://t.co/Ze18Ek9SOI", "name": "Amber Heard", "public_metrics": {"followers_count": 190316, "following_count": 220, "tweet_count": 1149, "listed_count": 567}, "username": "realamberheard", "created_at": "2016-12-08T23:26:58.000Z"}}, "author": {"description": "Lucas", "location": "S\u00e3o Gon\u00e7alo, Brasil", "id": "1031863937351016448", "profile_image_url": "https://pbs.twimg.com/profile_images/1503087049544450053/dxOs96UO_normal.jpg", "url": "", "name": "f\u00e3 da s\u00e9tima arte", "public_metrics": {"followers_count": 137, "following_count": 606, "tweet_count": 840, "listed_count": 1}, "username": "Lucassi22156474", "created_at": "2018-08-21T11:21:48.000Z"}}, {"text": "amando ela postando quase todo dia de novo https://t.co/mBdBAVKyO1", "public_metrics": {"retweet_count": 0, "reply_count": 0, "like_count": 0, "quote_count": 0}, "entities": {"urls": [{"start": 43, "end": 66, "url": "https://t.co/mBdBAVKyO1", "expanded_url": "https://twitter.com/realamberheard/status/1444312173984075777", "display_url": "twitter.com/realamberheard\u2026"}]}, "created_at": "2021-10-02T15:19:10.000Z", "id": "1444321065296072704", "referenced_tweets": [{"type": "quoted", "id": "1444312173984075777"}], "author_id": "1029848294737031171", "source": "Twitter for iPhone", "lang": "pt", "quoted_tweet": {"text": "https://t.co/gD5uYRvUGl", "in_reply_to_user_id": "807003567605227520", "public_metrics": {"retweet_count": 92, "reply_count": 14, "like_count": 1466, "quote_count": 32}, "entities": {"urls": [{"start": 0, "end": 23, "url": "https://t.co/gD5uYRvUGl", "expanded_url": "https://twitter.com/realamberheard/status/1444312173984075777/video/1", "display_url": "pic.twitter.com/gD5uYRvUGl"}]}, "created_at": "2021-10-02T14:43:50.000Z", "id": "1444312173984075777", "referenced_tweets": [{"type": "replied_to", "id": "1444312145554984962"}], "author_id": "807003567605227520", "source": "Twitter for iPhone", "lang": "und", "author": {"description": "Actor and Activist, semi-professional disruptor, ice cream advocate and shameless teacup yorkie-lover", "location": "Los Angeles, CA", "id": "807003567605227520", "profile_image_url": "https://pbs.twimg.com/profile_images/1383196364792680448/N8CdupEu_normal.jpg", "url": "https://t.co/Ze18Ek9SOI", "name": "Amber Heard", "public_metrics": {"followers_count": 190316, "following_count": 220, "tweet_count": 1149, "listed_count": 567}, "username": "realamberheard", "created_at": "2016-12-08T23:26:58.000Z"}}, "author": {"description": "", "location": "snk manga spoilers ", "id": "1029848294737031171", "profile_image_url": "https://pbs.twimg.com/profile_images/1503901966363209734/4Iax2ZJa_normal.jpg", "url": "", "name": "lu\u00eds", "public_metrics": {"followers_count": 9822, "following_count": 1214, "tweet_count": 21537, "listed_count": 0}, "username": "amberIeonhart", "created_at": "2018-08-15T21:52:21.000Z"}}, {"text": "love u princess https://t.co/XbenazGiXR", "public_metrics": {"retweet_count": 0, "reply_count": 1, "like_count": 5, "quote_count": 0}, "entities": {"urls": [{"start": 16, "end": 39, "url": "https://t.co/XbenazGiXR", "expanded_url": "https://twitter.com/realamberheard/status/1444312173984075777", "display_url": "twitter.com/realamberheard\u2026"}]}, "created_at": "2021-10-02T15:02:47.000Z", "id": "1444316940969906176", "referenced_tweets": [{"type": "quoted", "id": "1444312173984075777"}], "author_id": "1002402585247133701", "source": "Twitter Web App", "lang": "en", "quoted_tweet": {"text": "https://t.co/gD5uYRvUGl", "in_reply_to_user_id": "807003567605227520", "public_metrics": {"retweet_count": 92, "reply_count": 14, "like_count": 1466, "quote_count": 32}, "entities": {"urls": [{"start": 0, "end": 23, "url": "https://t.co/gD5uYRvUGl", "expanded_url": "https://twitter.com/realamberheard/status/1444312173984075777/video/1", "display_url": "pic.twitter.com/gD5uYRvUGl"}]}, "created_at": "2021-10-02T14:43:50.000Z", "id": "1444312173984075777", "referenced_tweets": [{"type": "replied_to", "id": "1444312145554984962"}], "author_id": "807003567605227520", "source": "Twitter for iPhone", "lang": "und", "author": {"description": "Actor and Activist, semi-professional disruptor, ice cream advocate and shameless teacup yorkie-lover", "location": "Los Angeles, CA", "id": "807003567605227520", "profile_image_url": "https://pbs.twimg.com/profile_images/1383196364792680448/N8CdupEu_normal.jpg", "url": "https://t.co/Ze18Ek9SOI", "name": "Amber Heard", "public_metrics": {"followers_count": 190316, "following_count": 220, "tweet_count": 1149, "listed_count": 567}, "username": "realamberheard", "created_at": "2016-12-08T23:26:58.000Z"}}, "author": {"description": "Katherine Elizabeth McGrath \u20221983\u2022", "location": "Meltie", "id": "1002402585247133701", "profile_image_url": "https://pbs.twimg.com/profile_images/1506439260911681538/nVrezaEF_normal.jpg", "url": "", "name": "yazi", "public_metrics": {"followers_count": 5548, "following_count": 510, "tweet_count": 111587, "listed_count": 9}, "username": "favmcgrath", "created_at": "2018-06-01T04:12:54.000Z"}}, {"text": "o semblante de uma pessoa com emprego em hollywood https://t.co/39mkF1Wvmb", "public_metrics": {"retweet_count": 0, "reply_count": 1, "like_count": 2, "quote_count": 0}, "entities": {"annotations": [{"start": 41, "end": 49, "probability": 0.4717, "type": "Place", "normalized_text": "hollywood"}], "urls": [{"start": 51, "end": 74, "url": "https://t.co/39mkF1Wvmb", "expanded_url": "https://twitter.com/realamberheard/status/1444312173984075777", "display_url": "twitter.com/realamberheard\u2026"}]}, "created_at": "2021-10-02T14:59:49.000Z", "id": "1444316195092582406", "referenced_tweets": [{"type": "quoted", "id": "1444312173984075777"}], "author_id": "1425083462881525763", "source": "Twitter for Android", "lang": "pt", "quoted_tweet": {"text": "https://t.co/gD5uYRvUGl", "in_reply_to_user_id": "807003567605227520", "public_metrics": {"retweet_count": 92, "reply_count": 14, "like_count": 1466, "quote_count": 32}, "entities": {"urls": [{"start": 0, "end": 23, "url": "https://t.co/gD5uYRvUGl", "expanded_url": "https://twitter.com/realamberheard/status/1444312173984075777/video/1", "display_url": "pic.twitter.com/gD5uYRvUGl"}]}, "created_at": "2021-10-02T14:43:50.000Z", "id": "1444312173984075777", "referenced_tweets": [{"type": "replied_to", "id": "1444312145554984962"}], "author_id": "807003567605227520", "source": "Twitter for iPhone", "lang": "und", "author": {"description": "Actor and Activist, semi-professional disruptor, ice cream advocate and shameless teacup yorkie-lover", "location": "Los Angeles, CA", "id": "807003567605227520", "profile_image_url": "https://pbs.twimg.com/profile_images/1383196364792680448/N8CdupEu_normal.jpg", "url": "https://t.co/Ze18Ek9SOI", "name": "Amber Heard", "public_metrics": {"followers_count": 190316, "following_count": 220, "tweet_count": 1149, "listed_count": 567}, "username": "realamberheard", "created_at": "2016-12-08T23:26:58.000Z"}}, "author": {"description": "dolor y gloria (2019)", "id": "1425083462881525763", "profile_image_url": "https://pbs.twimg.com/profile_images/1506489484170481665/PKZAzPAF_normal.jpg", "url": "https://t.co/b7Ht4HNDSY", "name": "dr. mathy caldas", "public_metrics": {"followers_count": 453, "following_count": 438, "tweet_count": 6497, "listed_count": 0}, "username": "quietplacs", "created_at": "2021-08-10T13:16:09.000Z"}}, {"text": "Can any body in the amber Heard fan page please  tell her to follow back me because she followes you https://t.co/QaCd3xr8GC", "public_metrics": {"retweet_count": 0, "reply_count": 1, "like_count": 0, "quote_count": 0}, "entities": {"urls": [{"start": 101, "end": 124, "url": "https://t.co/QaCd3xr8GC", "expanded_url": "https://twitter.com/realamberheard/status/1444312173984075777", "display_url": "twitter.com/realamberheard\u2026"}]}, "created_at": "2021-10-02T14:53:19.000Z", "id": "1444314559049654285", "referenced_tweets": [{"type": "quoted", "id": "1444312173984075777"}], "author_id": "1343427273064546306", "source": "Twitter for Android", "lang": "en", "quoted_tweet": {"text": "https://t.co/gD5uYRvUGl", "in_reply_to_user_id": "807003567605227520", "public_metrics": {"retweet_count": 92, "reply_count": 14, "like_count": 1466, "quote_count": 32}, "entities": {"urls": [{"start": 0, "end": 23, "url": "https://t.co/gD5uYRvUGl", "expanded_url": "https://twitter.com/realamberheard/status/1444312173984075777/video/1", "display_url": "pic.twitter.com/gD5uYRvUGl"}]}, "created_at": "2021-10-02T14:43:50.000Z", "id": "1444312173984075777", "referenced_tweets": [{"type": "replied_to", "id": "1444312145554984962"}], "author_id": "807003567605227520", "source": "Twitter for iPhone", "lang": "und", "author": {"description": "Actor and Activist, semi-professional disruptor, ice cream advocate and shameless teacup yorkie-lover", "location": "Los Angeles, CA", "id": "807003567605227520", "profile_image_url": "https://pbs.twimg.com/profile_images/1383196364792680448/N8CdupEu_normal.jpg", "url": "https://t.co/Ze18Ek9SOI", "name": "Amber Heard", "public_metrics": {"followers_count": 190316, "following_count": 220, "tweet_count": 1149, "listed_count": 567}, "username": "realamberheard", "created_at": "2016-12-08T23:26:58.000Z"}}, "author": {"description": "Die heart fan of Ravi teja  \ud83e\udd29 thala", "id": "1343427273064546306", "profile_image_url": "https://pbs.twimg.com/profile_images/1443200847119147012/ESkiCe9p_normal.jpg", "url": "", "name": "Kalyan Ravi teja", "public_metrics": {"followers_count": 264, "following_count": 437, "tweet_count": 5151, "listed_count": 0}, "username": "Kalyan40953564", "created_at": "2020-12-28T05:23:27.000Z"}}, {"text": "Fuck off, you lying abuser. \ud83e\udd22\ud83e\udd22\ud83e\udd22 https://t.co/3TqJXFndxS", "public_metrics": {"retweet_count": 0, "reply_count": 0, "like_count": 7, "quote_count": 0}, "entities": {"urls": [{"start": 32, "end": 55, "url": "https://t.co/3TqJXFndxS", "expanded_url": "https://twitter.com/realamberheard/status/1444312173984075777", "display_url": "twitter.com/realamberheard\u2026"}]}, "created_at": "2021-10-02T14:53:03.000Z", "id": "1444314493476118532", "referenced_tweets": [{"type": "quoted", "id": "1444312173984075777"}], "author_id": "1439095720477331463", "source": "Twitter Web App", "lang": "en", "quoted_tweet": {"text": "https://t.co/gD5uYRvUGl", "in_reply_to_user_id": "807003567605227520", "public_metrics": {"retweet_count": 92, "reply_count": 14, "like_count": 1466, "quote_count": 32}, "entities": {"urls": [{"start": 0, "end": 23, "url": "https://t.co/gD5uYRvUGl", "expanded_url": "https://twitter.com/realamberheard/status/1444312173984075777/video/1", "display_url": "pic.twitter.com/gD5uYRvUGl"}]}, "created_at": "2021-10-02T14:43:50.000Z", "id": "1444312173984075777", "referenced_tweets": [{"type": "replied_to", "id": "1444312145554984962"}], "author_id": "807003567605227520", "source": "Twitter for iPhone", "lang": "und", "author": {"description": "Actor and Activist, semi-professional disruptor, ice cream advocate and shameless teacup yorkie-lover", "location": "Los Angeles, CA", "id": "807003567605227520", "profile_image_url": "https://pbs.twimg.com/profile_images/1383196364792680448/N8CdupEu_normal.jpg", "url": "https://t.co/Ze18Ek9SOI", "name": "Amber Heard", "public_metrics": {"followers_count": 190316, "following_count": 220, "tweet_count": 1149, "listed_count": 567}, "username": "realamberheard", "created_at": "2016-12-08T23:26:58.000Z"}}, "author": {"description": "Johnny Depp is innocent, and I believe and support him unequivocally. \ud83d\ude4f #AmberHeardIsALiar #JusticeForJohnnyDepp #WeAreWithYouJohnnyDepp", "location": "South West England", "id": "1439095720477331463", "profile_image_url": "https://pbs.twimg.com/profile_images/1506353620677181446/wIHNoyxQ_normal.jpg", "url": "", "name": "Angie Fay", "public_metrics": {"followers_count": 218, "following_count": 238, "tweet_count": 2741, "listed_count": 0}, "username": "AngieFB", "created_at": "2021-09-18T05:15:43.000Z"}}, {"text": "Her whole look \ud83e\udd29 oh she's ready to walk the runway! https://t.co/uIS0NBybrx", "public_metrics": {"retweet_count": 1, "reply_count": 0, "like_count": 16, "quote_count": 0}, "entities": {"urls": [{"start": 52, "end": 75, "url": "https://t.co/uIS0NBybrx", "expanded_url": "https://twitter.com/realamberheard/status/1444312173984075777", "display_url": "twitter.com/realamberheard\u2026"}]}, "created_at": "2021-10-02T14:48:54.000Z", "id": "1444313449207635975", "referenced_tweets": [{"type": "quoted", "id": "1444312173984075777"}], "author_id": "1218875845621813248", "source": "Twitter for Android", "lang": "en", "quoted_tweet": {"text": "https://t.co/gD5uYRvUGl", "in_reply_to_user_id": "807003567605227520", "public_metrics": {"retweet_count": 92, "reply_count": 14, "like_count": 1466, "quote_count": 32}, "entities": {"urls": [{"start": 0, "end": 23, "url": "https://t.co/gD5uYRvUGl", "expanded_url": "https://twitter.com/realamberheard/status/1444312173984075777/video/1", "display_url": "pic.twitter.com/gD5uYRvUGl"}]}, "created_at": "2021-10-02T14:43:50.000Z", "id": "1444312173984075777", "referenced_tweets": [{"type": "replied_to", "id": "1444312145554984962"}], "author_id": "807003567605227520", "source": "Twitter for iPhone", "lang": "und", "author": {"description": "Actor and Activist, semi-professional disruptor, ice cream advocate and shameless teacup yorkie-lover", "location": "Los Angeles, CA", "id": "807003567605227520", "profile_image_url": "https://pbs.twimg.com/profile_images/1383196364792680448/N8CdupEu_normal.jpg", "url": "https://t.co/Ze18Ek9SOI", "name": "Amber Heard", "public_metrics": {"followers_count": 190316, "following_count": 220, "tweet_count": 1149, "listed_count": 567}, "username": "realamberheard", "created_at": "2016-12-08T23:26:58.000Z"}}, "author": {"description": "I ain't no candle in the wind..", "id": "1218875845621813248", "profile_image_url": "https://pbs.twimg.com/profile_images/1390235831848243201/T_7wbP8Z_normal.png", "url": "", "name": "CARMEN", "public_metrics": {"followers_count": 548, "following_count": 437, "tweet_count": 1247, "listed_count": 1}, "username": "Ego_death18", "created_at": "2020-01-19T12:40:29.000Z"}}, {"text": "LOOK AT HER https://t.co/CD9Y5pW04y", "public_metrics": {"retweet_count": 1, "reply_count": 0, "like_count": 4, "quote_count": 0}, "entities": {"urls": [{"start": 12, "end": 35, "url": "https://t.co/CD9Y5pW04y", "expanded_url": "https://twitter.com/realamberheard/status/1444312173984075777", "display_url": "twitter.com/realamberheard\u2026"}]}, "created_at": "2021-10-02T14:47:17.000Z", "id": "1444313039826825216", "referenced_tweets": [{"type": "quoted", "id": "1444312173984075777"}], "author_id": "1511538595", "source": "Twitter for iPhone", "lang": "en", "quoted_tweet": {"text": "https://t.co/gD5uYRvUGl", "in_reply_to_user_id": "807003567605227520", "public_metrics": {"retweet_count": 92, "reply_count": 14, "like_count": 1466, "quote_count": 32}, "entities": {"urls": [{"start": 0, "end": 23, "url": "https://t.co/gD5uYRvUGl", "expanded_url": "https://twitter.com/realamberheard/status/1444312173984075777/video/1", "display_url": "pic.twitter.com/gD5uYRvUGl"}]}, "created_at": "2021-10-02T14:43:50.000Z", "id": "1444312173984075777", "referenced_tweets": [{"type": "replied_to", "id": "1444312145554984962"}], "author_id": "807003567605227520", "source": "Twitter for iPhone", "lang": "und", "author": {"description": "Actor and Activist, semi-professional disruptor, ice cream advocate and shameless teacup yorkie-lover", "location": "Los Angeles, CA", "id": "807003567605227520", "profile_image_url": "https://pbs.twimg.com/profile_images/1383196364792680448/N8CdupEu_normal.jpg", "url": "https://t.co/Ze18Ek9SOI", "name": "Amber Heard", "public_metrics": {"followers_count": 190316, "following_count": 220, "tweet_count": 1149, "listed_count": 567}, "username": "realamberheard", "created_at": "2016-12-08T23:26:58.000Z"}}, "author": {"description": "she/her - 20 yrs -, Meghan Markle, Amber Heard, Alicia Vikander, Tom Hardy, Cillian Murphy Stan Acc", "id": "1511538595", "profile_image_url": "https://pbs.twimg.com/profile_images/1496121639217553410/bkF4pl2c_normal.jpg", "url": "", "name": "\ud835\uddd8\ud835\ude03\ud835\uddee", "public_metrics": {"followers_count": 1909, "following_count": 1576, "tweet_count": 20183, "listed_count": 1}, "username": "cillianheard", "created_at": "2013-06-12T20:14:05.000Z"}}, {"text": "Najja\u010da riba u Holivudu realno https://t.co/zkX4M41x40", "public_metrics": {"retweet_count": 0, "reply_count": 0, "like_count": 0, "quote_count": 0}, "entities": {"urls": [{"start": 31, "end": 54, "url": "https://t.co/zkX4M41x40", "expanded_url": "https://twitter.com/realamberheard/status/1444312173984075777", "display_url": "twitter.com/realamberheard\u2026"}]}, "created_at": "2021-10-02T14:45:58.000Z", "id": "1444312710536126471", "referenced_tweets": [{"type": "quoted", "id": "1444312173984075777"}], "author_id": "1363136012898172939", "source": "Twitter for Android", "lang": "und", "quoted_tweet": {"text": "https://t.co/gD5uYRvUGl", "in_reply_to_user_id": "807003567605227520", "public_metrics": {"retweet_count": 92, "reply_count": 14, "like_count": 1466, "quote_count": 32}, "entities": {"urls": [{"start": 0, "end": 23, "url": "https://t.co/gD5uYRvUGl", "expanded_url": "https://twitter.com/realamberheard/status/1444312173984075777/video/1", "display_url": "pic.twitter.com/gD5uYRvUGl"}]}, "created_at": "2021-10-02T14:43:50.000Z", "id": "1444312173984075777", "referenced_tweets": [{"type": "replied_to", "id": "1444312145554984962"}], "author_id": "807003567605227520", "source": "Twitter for iPhone", "lang": "und", "author": {"description": "Actor and Activist, semi-professional disruptor, ice cream advocate and shameless teacup yorkie-lover", "location": "Los Angeles, CA", "id": "807003567605227520", "profile_image_url": "https://pbs.twimg.com/profile_images/1383196364792680448/N8CdupEu_normal.jpg", "url": "https://t.co/Ze18Ek9SOI", "name": "Amber Heard", "public_metrics": {"followers_count": 190316, "following_count": 220, "tweet_count": 1149, "listed_count": 567}, "username": "realamberheard", "created_at": "2016-12-08T23:26:58.000Z"}}, "author": {"description": "#fkcz \ud83d\udd34\u26aa\nSrbin\ud83c\uddf7\ud83c\uddf8", "id": "1363136012898172939", "profile_image_url": "https://pbs.twimg.com/profile_images/1493649050712879105/ZE1NAWJK_normal.jpg", "url": "", "name": "Uncle Charlie", "public_metrics": {"followers_count": 375, "following_count": 649, "tweet_count": 3821, "listed_count": 2}, "username": "__crni96", "created_at": "2021-02-20T14:38:54.000Z"}}, {"text": "O PODER DA MAMACITA https://t.co/f1Ic1K6LED", "public_metrics": {"retweet_count": 0, "reply_count": 1, "like_count": 1, "quote_count": 0}, "entities": {"urls": [{"start": 20, "end": 43, "url": "https://t.co/f1Ic1K6LED", "expanded_url": "https://twitter.com/realamberheard/status/1444312173984075777", "display_url": "twitter.com/realamberheard\u2026"}]}, "created_at": "2021-10-02T14:45:22.000Z", "id": "1444312557993484288", "referenced_tweets": [{"type": "quoted", "id": "1444312173984075777"}], "author_id": "1283123991193034759", "source": "Twitter for Android", "lang": "pt", "quoted_tweet": {"text": "https://t.co/gD5uYRvUGl", "in_reply_to_user_id": "807003567605227520", "public_metrics": {"retweet_count": 92, "reply_count": 14, "like_count": 1466, "quote_count": 32}, "entities": {"urls": [{"start": 0, "end": 23, "url": "https://t.co/gD5uYRvUGl", "expanded_url": "https://twitter.com/realamberheard/status/1444312173984075777/video/1", "display_url": "pic.twitter.com/gD5uYRvUGl"}]}, "created_at": "2021-10-02T14:43:50.000Z", "id": "1444312173984075777", "referenced_tweets": [{"type": "replied_to", "id": "1444312145554984962"}], "author_id": "807003567605227520", "source": "Twitter for iPhone", "lang": "und", "author": {"description": "Actor and Activist, semi-professional disruptor, ice cream advocate and shameless teacup yorkie-lover", "location": "Los Angeles, CA", "id": "807003567605227520", "profile_image_url": "https://pbs.twimg.com/profile_images/1383196364792680448/N8CdupEu_normal.jpg", "url": "https://t.co/Ze18Ek9SOI", "name": "Amber Heard", "public_metrics": {"followers_count": 190316, "following_count": 220, "tweet_count": 1149, "listed_count": 567}, "username": "realamberheard", "created_at": "2016-12-08T23:26:58.000Z"}}, "author": {"description": "#MERA: let the bastard come.", "location": "summerland ", "id": "1283123991193034759", "profile_image_url": "https://pbs.twimg.com/profile_images/1497677492424822789/DmyfqXcA_normal.png", "url": "", "name": "vita | ke spoilers", "public_metrics": {"followers_count": 694, "following_count": 630, "tweet_count": 26479, "listed_count": 15}, "username": "jzmindelrio", "created_at": "2020-07-14T19:40:01.000Z"}}]