[{"text": "A Camila a menor sos https://t.co/1I4Fndz3S7", "entities": {"annotations": [{"start": 2, "end": 7, "probability": 0.9738, "type": "Person", "normalized_text": "Camila"}], "urls": [{"start": 21, "end": 44, "url": "https://t.co/1I4Fndz3S7", "expanded_url": "https://twitter.com/realamberheard/status/1445261467880771584", "display_url": "twitter.com/realamberheard\u2026"}]}, "created_at": "2021-10-24T19:19:45.000Z", "public_metrics": {"retweet_count": 0, "reply_count": 0, "like_count": 0, "quote_count": 0}, "source": "Twitter for iPhone", "referenced_tweets": [{"type": "quoted", "id": "1445261467880771584"}], "author_id": "3164473109", "id": "1452354140198342667", "lang": "es", "quoted_tweet": {"text": "https://t.co/laVNnAOejX", "created_at": "2021-10-05T05:36:00.000Z", "public_metrics": {"retweet_count": 115, "reply_count": 2, "like_count": 1243, "quote_count": 15}, "source": "Twitter for iPhone", "referenced_tweets": [{"type": "replied_to", "id": "1445261456270929924"}], "entities": {"urls": [{"start": 0, "end": 23, "url": "https://t.co/laVNnAOejX", "expanded_url": "https://twitter.com/realamberheard/status/1445261467880771584/photo/1", "display_url": "pic.twitter.com/laVNnAOejX"}, {"start": 0, "end": 23, "url": "https://t.co/laVNnAOejX", "expanded_url": "https://twitter.com/realamberheard/status/1445261467880771584/photo/1", "display_url": "pic.twitter.com/laVNnAOejX"}]}, "author_id": "807003567605227520", "in_reply_to_user_id": "807003567605227520", "id": "1445261467880771584", "lang": "und", "author": {"created_at": "2016-12-08T23:26:58.000Z", "profile_image_url": "https://pbs.twimg.com/profile_images/1383196364792680448/N8CdupEu_normal.jpg", "url": "https://t.co/Ze18Ek9SOI", "name": "Amber Heard", "description": "Actor and Activist, semi-professional disruptor, ice cream advocate and shameless teacup yorkie-lover", "public_metrics": {"followers_count": 190316, "following_count": 220, "tweet_count": 1149, "listed_count": 567}, "username": "realamberheard", "id": "807003567605227520", "location": "Los Angeles, CA"}}, "author": {"created_at": "2015-04-13T15:17:45.000Z", "profile_image_url": "https://pbs.twimg.com/profile_images/1506403330993577998/A_YJr8RP_normal.jpg", "url": "", "name": "No", "description": "\u201cI\u2019m such a mystery to me. How could I be known by anybody?\u201d \u2014 Brie Larson \u2022 ele/dele/he/him/his", "public_metrics": {"followers_count": 63, "following_count": 63, "tweet_count": 4429, "listed_count": 1}, "username": "margotalent", "id": "3164473109", "location": "\u01dd\u028c\u0250 uoo\u026f\u028e\u01dduo\u0265"}}, {"text": "RT @OlgaRom22: Congratulations!  You're the only one getting booed at fashion week.", "created_at": "2021-10-08T04:53:54.000Z", "public_metrics": {"retweet_count": 3, "reply_count": 0, "like_count": 0, "quote_count": 0}, "source": "Twitter for iPhone", "referenced_tweets": [{"type": "retweeted", "id": "1445299240209731587"}], "author_id": "1213952347828670464", "id": "1446338038104215578", "lang": "en", "quoted_tweet": {"text": "https://t.co/laVNnAOejX", "created_at": "2021-10-05T05:36:00.000Z", "public_metrics": {"retweet_count": 115, "reply_count": 2, "like_count": 1243, "quote_count": 15}, "source": "Twitter for iPhone", "referenced_tweets": [{"type": "replied_to", "id": "1445261456270929924"}], "entities": {"urls": [{"start": 0, "end": 23, "url": "https://t.co/laVNnAOejX", "expanded_url": "https://twitter.com/realamberheard/status/1445261467880771584/photo/1", "display_url": "pic.twitter.com/laVNnAOejX"}, {"start": 0, "end": 23, "url": "https://t.co/laVNnAOejX", "expanded_url": "https://twitter.com/realamberheard/status/1445261467880771584/photo/1", "display_url": "pic.twitter.com/laVNnAOejX"}]}, "author_id": "807003567605227520", "in_reply_to_user_id": "807003567605227520", "id": "1445261467880771584", "lang": "und", "author": {"created_at": "2016-12-08T23:26:58.000Z", "profile_image_url": "https://pbs.twimg.com/profile_images/1383196364792680448/N8CdupEu_normal.jpg", "url": "https://t.co/Ze18Ek9SOI", "name": "Amber Heard", "description": "Actor and Activist, semi-professional disruptor, ice cream advocate and shameless teacup yorkie-lover", "public_metrics": {"followers_count": 190316, "following_count": 220, "tweet_count": 1149, "listed_count": 567}, "username": "realamberheard", "id": "807003567605227520", "location": "Los Angeles, CA"}}, "author": {"created_at": "2020-01-05T22:36:28.000Z", "profile_image_url": "https://pbs.twimg.com/profile_images/1504368562261086213/9sKZRN6k_normal.jpg", "url": "https://t.co/opFxR1KPRG", "name": "\u2661 . kat .\u2661 \u30fb \u3002 \u3002\u30fb\u309c \u2661", "description": "@stanfess", "public_metrics": {"followers_count": 1021, "following_count": 1023, "tweet_count": 42497, "listed_count": 5}, "username": "virgodaydream", "id": "1213952347828670464", "location": "she/her"}}, {"text": "the first pic\ud83e\udd22\ud83e\udd22\ud83e\udd22 amber AND camila??? i know it stinks https://t.co/RV00PEEjOG", "entities": {"annotations": [{"start": 20, "end": 24, "probability": 0.8642, "type": "Person", "normalized_text": "amber"}, {"start": 30, "end": 35, "probability": 0.9695, "type": "Person", "normalized_text": "camila"}], "urls": [{"start": 54, "end": 77, "url": "https://t.co/RV00PEEjOG", "expanded_url": "https://twitter.com/realamberheard/status/1445261467880771584", "display_url": "twitter.com/realamberheard\u2026"}]}, "created_at": "2021-10-08T04:52:38.000Z", "public_metrics": {"retweet_count": 0, "reply_count": 1, "like_count": 3, "quote_count": 0}, "source": "Twitter for iPhone", "referenced_tweets": [{"type": "quoted", "id": "1445261467880771584"}], "author_id": "1213952347828670464", "id": "1446337718879932457", "lang": "en", "quoted_tweet": {"text": "https://t.co/laVNnAOejX", "created_at": "2021-10-05T05:36:00.000Z", "public_metrics": {"retweet_count": 115, "reply_count": 2, "like_count": 1243, "quote_count": 15}, "source": "Twitter for iPhone", "referenced_tweets": [{"type": "replied_to", "id": "1445261456270929924"}], "entities": {"urls": [{"start": 0, "end": 23, "url": "https://t.co/laVNnAOejX", "expanded_url": "https://twitter.com/realamberheard/status/1445261467880771584/photo/1", "display_url": "pic.twitter.com/laVNnAOejX"}, {"start": 0, "end": 23, "url": "https://t.co/laVNnAOejX", "expanded_url": "https://twitter.com/realamberheard/status/1445261467880771584/photo/1", "display_url": "pic.twitter.com/laVNnAOejX"}]}, "author_id": "807003567605227520", "in_reply_to_user_id": "807003567605227520", "id": "1445261467880771584", "lang": "und", "author": {"created_at": "2016-12-08T23:26:58.000Z", "profile_image_url": "https://pbs.twimg.com/profile_images/1383196364792680448/N8CdupEu_normal.jpg", "url": "https://t.co/Ze18Ek9SOI", "name": "Amber Heard", "description": "Actor and Activist, semi-professional disruptor, ice cream advocate and shameless teacup yorkie-lover", "public_metrics": {"followers_count": 190316, "following_count": 220, "tweet_count": 1149, "listed_count": 567}, "username": "realamberheard", "id": "807003567605227520", "location": "Los Angeles, CA"}}, "author": {"created_at": "2020-01-05T22:36:28.000Z", "profile_image_url": "https://pbs.twimg.com/profile_images/1504368562261086213/9sKZRN6k_normal.jpg", "url": "https://t.co/opFxR1KPRG", "name": "\u2661 . kat .\u2661 \u30fb \u3002 \u3002\u30fb\u309c \u2661", "description": "@stanfess", "public_metrics": {"followers_count": 1021, "following_count": 1023, "tweet_count": 42497, "listed_count": 5}, "username": "virgodaydream", "id": "1213952347828670464", "location": "she/her"}}, {"text": "@realamberheard e suas irm\u00e3s da @lorealparis . https://t.co/kC7YNsm0IF", "created_at": "2021-10-05T13:20:31.000Z", "public_metrics": {"retweet_count": 0, "reply_count": 0, "like_count": 1, "quote_count": 0}, "source": "Twitter for Android", "referenced_tweets": [{"type": "quoted", "id": "1445261467880771584"}], "entities": {"urls": [{"start": 47, "end": 70, "url": "https://t.co/kC7YNsm0IF", "expanded_url": "https://twitter.com/realamberheard/status/1445261467880771584", "display_url": "twitter.com/realamberheard\u2026"}], "mentions": [{"start": 0, "end": 15, "username": "realamberheard", "id": "807003567605227520"}, {"start": 32, "end": 44, "username": "lorealparis", "id": "269842159"}]}, "author_id": "1031863937351016448", "in_reply_to_user_id": "807003567605227520", "id": "1445378367839166466", "lang": "pt", "quoted_tweet": {"text": "https://t.co/laVNnAOejX", "created_at": "2021-10-05T05:36:00.000Z", "public_metrics": {"retweet_count": 115, "reply_count": 2, "like_count": 1243, "quote_count": 15}, "source": "Twitter for iPhone", "referenced_tweets": [{"type": "replied_to", "id": "1445261456270929924"}], "entities": {"urls": [{"start": 0, "end": 23, "url": "https://t.co/laVNnAOejX", "expanded_url": "https://twitter.com/realamberheard/status/1445261467880771584/photo/1", "display_url": "pic.twitter.com/laVNnAOejX"}, {"start": 0, "end": 23, "url": "https://t.co/laVNnAOejX", "expanded_url": "https://twitter.com/realamberheard/status/1445261467880771584/photo/1", "display_url": "pic.twitter.com/laVNnAOejX"}]}, "author_id": "807003567605227520", "in_reply_to_user_id": "807003567605227520", "id": "1445261467880771584", "lang": "und", "author": {"created_at": "2016-12-08T23:26:58.000Z", "profile_image_url": "https://pbs.twimg.com/profile_images/1383196364792680448/N8CdupEu_normal.jpg", "url": "https://t.co/Ze18Ek9SOI", "name": "Amber Heard", "description": "Actor and Activist, semi-professional disruptor, ice cream advocate and shameless teacup yorkie-lover", "public_metrics": {"followers_count": 190316, "following_count": 220, "tweet_count": 1149, "listed_count": 567}, "username": "realamberheard", "id": "807003567605227520", "location": "Los Angeles, CA"}}, "author": {"created_at": "2018-08-21T11:21:48.000Z", "profile_image_url": "https://pbs.twimg.com/profile_images/1503087049544450053/dxOs96UO_normal.jpg", "url": "", "name": "f\u00e3 da s\u00e9tima arte", "description": "Lucas", "public_metrics": {"followers_count": 137, "following_count": 606, "tweet_count": 840, "listed_count": 1}, "username": "Lucassi22156474", "id": "1031863937351016448", "location": "S\u00e3o Gon\u00e7alo, Brasil"}}, {"text": "Beauty, my favorite. \u2764\ufe0f\u2764\ufe0f\u2764\ufe0f https://t.co/QNQu7QCtRa", "created_at": "2021-10-05T11:01:31.000Z", "public_metrics": {"retweet_count": 0, "reply_count": 0, "like_count": 5, "quote_count": 0}, "source": "Twitter for Android", "referenced_tweets": [{"type": "quoted", "id": "1445261467880771584"}], "entities": {"urls": [{"start": 28, "end": 51, "url": "https://t.co/QNQu7QCtRa", "expanded_url": "https://twitter.com/realamberheard/status/1445261467880771584", "display_url": "twitter.com/realamberheard\u2026"}]}, "author_id": "1360751881933508612", "id": "1445343387943641089", "lang": "en", "quoted_tweet": {"text": "https://t.co/laVNnAOejX", "created_at": "2021-10-05T05:36:00.000Z", "public_metrics": {"retweet_count": 115, "reply_count": 2, "like_count": 1243, "quote_count": 15}, "source": "Twitter for iPhone", "referenced_tweets": [{"type": "replied_to", "id": "1445261456270929924"}], "entities": {"urls": [{"start": 0, "end": 23, "url": "https://t.co/laVNnAOejX", "expanded_url": "https://twitter.com/realamberheard/status/1445261467880771584/photo/1", "display_url": "pic.twitter.com/laVNnAOejX"}, {"start": 0, "end": 23, "url": "https://t.co/laVNnAOejX", "expanded_url": "https://twitter.com/realamberheard/status/1445261467880771584/photo/1", "display_url": "pic.twitter.com/laVNnAOejX"}]}, "author_id": "807003567605227520", "in_reply_to_user_id": "807003567605227520", "id": "1445261467880771584", "lang": "und", "author": {"created_at": "2016-12-08T23:26:58.000Z", "profile_image_url": "https://pbs.twimg.com/profile_images/1383196364792680448/N8CdupEu_normal.jpg", "url": "https://t.co/Ze18Ek9SOI", "name": "Amber Heard", "description": "Actor and Activist, semi-professional disruptor, ice cream advocate and shameless teacup yorkie-lover", "public_metrics": {"followers_count": 190316, "following_count": 220, "tweet_count": 1149, "listed_count": 567}, "username": "realamberheard", "id": "807003567605227520", "location": "Los Angeles, CA"}}, "author": {"created_at": "2021-02-14T00:45:26.000Z", "profile_image_url": "https://pbs.twimg.com/profile_images/1443521210793484297/eKuDEQuc_normal.jpg", "url": "", "name": "Sweety", "description": "23", "public_metrics": {"followers_count": 138, "following_count": 92, "tweet_count": 772, "listed_count": 0}, "username": "SweetyKate4", "id": "1360751881933508612", "location": "Saint Petersburg, Russia"}}, {"text": "Amber, of course, could not stop with the beauty injections ... in vain.  Such beautiful facial features were, and now all swollen and blurred ...\ud83e\udd2e https://t.co/Gw6gvfIhu9", "created_at": "2021-10-05T10:39:13.000Z", "public_metrics": {"retweet_count": 0, "reply_count": 0, "like_count": 3, "quote_count": 0}, "source": "Twitter for Android", "referenced_tweets": [{"type": "quoted", "id": "1445261467880771584"}], "entities": {"urls": [{"start": 148, "end": 171, "url": "https://t.co/Gw6gvfIhu9", "expanded_url": "https://twitter.com/realamberheard/status/1445261467880771584", "display_url": "twitter.com/realamberheard\u2026"}]}, "author_id": "1426573705057128448", "id": "1445337774891098122", "lang": "en", "quoted_tweet": {"text": "https://t.co/laVNnAOejX", "created_at": "2021-10-05T05:36:00.000Z", "public_metrics": {"retweet_count": 115, "reply_count": 2, "like_count": 1243, "quote_count": 15}, "source": "Twitter for iPhone", "referenced_tweets": [{"type": "replied_to", "id": "1445261456270929924"}], "entities": {"urls": [{"start": 0, "end": 23, "url": "https://t.co/laVNnAOejX", "expanded_url": "https://twitter.com/realamberheard/status/1445261467880771584/photo/1", "display_url": "pic.twitter.com/laVNnAOejX"}, {"start": 0, "end": 23, "url": "https://t.co/laVNnAOejX", "expanded_url": "https://twitter.com/realamberheard/status/1445261467880771584/photo/1", "display_url": "pic.twitter.com/laVNnAOejX"}]}, "author_id": "807003567605227520", "in_reply_to_user_id": "807003567605227520", "id": "1445261467880771584", "lang": "und", "author": {"created_at": "2016-12-08T23:26:58.000Z", "profile_image_url": "https://pbs.twimg.com/profile_images/1383196364792680448/N8CdupEu_normal.jpg", "url": "https://t.co/Ze18Ek9SOI", "name": "Amber Heard", "description": "Actor and Activist, semi-professional disruptor, ice cream advocate and shameless teacup yorkie-lover", "public_metrics": {"followers_count": 190316, "following_count": 220, "tweet_count": 1149, "listed_count": 567}, "username": "realamberheard", "id": "807003567605227520", "location": "Los Angeles, CA"}}, "author": {"created_at": "2021-08-14T15:57:41.000Z", "profile_image_url": "https://pbs.twimg.com/profile_images/1432369090295910405/wkYCvtZ-_normal.jpg", "url": "", "name": "Nastya", "description": "", "public_metrics": {"followers_count": 8, "following_count": 10, "tweet_count": 133, "listed_count": 0}, "username": "Klusha67874410", "id": "1426573705057128448"}}, {"text": "RT @OlgaRom22: Congratulations!  You're the only one getting booed at fashion week.", "created_at": "2021-10-05T09:45:28.000Z", "public_metrics": {"retweet_count": 3, "reply_count": 0, "like_count": 0, "quote_count": 0}, "source": "Twitter for Android", "referenced_tweets": [{"type": "retweeted", "id": "1445299240209731587"}], "author_id": "1375451442828472324", "id": "1445324247883202560", "lang": "en", "quoted_tweet": {"text": "https://t.co/laVNnAOejX", "created_at": "2021-10-05T05:36:00.000Z", "public_metrics": {"retweet_count": 115, "reply_count": 2, "like_count": 1243, "quote_count": 15}, "source": "Twitter for iPhone", "referenced_tweets": [{"type": "replied_to", "id": "1445261456270929924"}], "entities": {"urls": [{"start": 0, "end": 23, "url": "https://t.co/laVNnAOejX", "expanded_url": "https://twitter.com/realamberheard/status/1445261467880771584/photo/1", "display_url": "pic.twitter.com/laVNnAOejX"}, {"start": 0, "end": 23, "url": "https://t.co/laVNnAOejX", "expanded_url": "https://twitter.com/realamberheard/status/1445261467880771584/photo/1", "display_url": "pic.twitter.com/laVNnAOejX"}]}, "author_id": "807003567605227520", "in_reply_to_user_id": "807003567605227520", "id": "1445261467880771584", "lang": "und", "author": {"created_at": "2016-12-08T23:26:58.000Z", "profile_image_url": "https://pbs.twimg.com/profile_images/1383196364792680448/N8CdupEu_normal.jpg", "url": "https://t.co/Ze18Ek9SOI", "name": "Amber Heard", "description": "Actor and Activist, semi-professional disruptor, ice cream advocate and shameless teacup yorkie-lover", "public_metrics": {"followers_count": 190316, "following_count": 220, "tweet_count": 1149, "listed_count": 567}, "username": "realamberheard", "id": "807003567605227520", "location": "Los Angeles, CA"}}, "author": {"created_at": "2021-03-26T14:16:13.000Z", "profile_image_url": "https://pbs.twimg.com/profile_images/1465212474999910405/WutB6wRm_normal.jpg", "url": "", "name": "Rose99", "description": "I accept myself \ud83d\ude0e\ud83d\udda4", "public_metrics": {"followers_count": 26, "following_count": 172, "tweet_count": 1434, "listed_count": 0}, "username": "Rose44537545", "id": "1375451442828472324"}}, {"text": "RT @OlgaRom22: Congratulations!  You're the only one getting booed at fashion week.", "created_at": "2021-10-05T09:29:22.000Z", "public_metrics": {"retweet_count": 3, "reply_count": 0, "like_count": 0, "quote_count": 0}, "source": "Twitter for Android", "referenced_tweets": [{"type": "retweeted", "id": "1445299240209731587"}], "author_id": "1168691760861782016", "id": "1445320196118433792", "lang": "en", "quoted_tweet": {"text": "https://t.co/laVNnAOejX", "created_at": "2021-10-05T05:36:00.000Z", "public_metrics": {"retweet_count": 115, "reply_count": 2, "like_count": 1243, "quote_count": 15}, "source": "Twitter for iPhone", "referenced_tweets": [{"type": "replied_to", "id": "1445261456270929924"}], "entities": {"urls": [{"start": 0, "end": 23, "url": "https://t.co/laVNnAOejX", "expanded_url": "https://twitter.com/realamberheard/status/1445261467880771584/photo/1", "display_url": "pic.twitter.com/laVNnAOejX"}, {"start": 0, "end": 23, "url": "https://t.co/laVNnAOejX", "expanded_url": "https://twitter.com/realamberheard/status/1445261467880771584/photo/1", "display_url": "pic.twitter.com/laVNnAOejX"}]}, "author_id": "807003567605227520", "in_reply_to_user_id": "807003567605227520", "id": "1445261467880771584", "lang": "und", "author": {"created_at": "2016-12-08T23:26:58.000Z", "profile_image_url": "https://pbs.twimg.com/profile_images/1383196364792680448/N8CdupEu_normal.jpg", "url": "https://t.co/Ze18Ek9SOI", "name": "Amber Heard", "description": "Actor and Activist, semi-professional disruptor, ice cream advocate and shameless teacup yorkie-lover", "public_metrics": {"followers_count": 190316, "following_count": 220, "tweet_count": 1149, "listed_count": 567}, "username": "realamberheard", "id": "807003567605227520", "location": "Los Angeles, CA"}}, "author": {"created_at": "2019-09-03T01:07:53.000Z", "profile_image_url": "https://pbs.twimg.com/profile_images/1486546004174385152/5fYnxZ6p_normal.jpg", "url": "", "name": "Movement We Are Not Robots Latin America \ud83e\udd16\ud83d\udc30", "description": "This projets started when Johnny Depp was blamed for paying support for himself on Twitter and to which the fans respond \ud83d\udc49\ud83c\udffd We Are Real Not Robots", "public_metrics": {"followers_count": 222, "following_count": 318, "tweet_count": 4123, "listed_count": 0}, "username": "1_robots", "id": "1168691760861782016"}}, {"text": "Congratulations!  You're the only one getting booed at fashion week. https://t.co/TdXFEMWBSc", "created_at": "2021-10-05T08:06:05.000Z", "public_metrics": {"retweet_count": 3, "reply_count": 1, "like_count": 22, "quote_count": 0}, "source": "Twitter for Android", "referenced_tweets": [{"type": "quoted", "id": "1445261467880771584"}], "entities": {"urls": [{"start": 69, "end": 92, "url": "https://t.co/TdXFEMWBSc", "expanded_url": "https://twitter.com/realamberheard/status/1445261467880771584", "display_url": "twitter.com/realamberheard\u2026"}]}, "author_id": "1282534162352807936", "id": "1445299240209731587", "lang": "en", "quoted_tweet": {"text": "https://t.co/laVNnAOejX", "created_at": "2021-10-05T05:36:00.000Z", "public_metrics": {"retweet_count": 115, "reply_count": 2, "like_count": 1243, "quote_count": 15}, "source": "Twitter for iPhone", "referenced_tweets": [{"type": "replied_to", "id": "1445261456270929924"}], "entities": {"urls": [{"start": 0, "end": 23, "url": "https://t.co/laVNnAOejX", "expanded_url": "https://twitter.com/realamberheard/status/1445261467880771584/photo/1", "display_url": "pic.twitter.com/laVNnAOejX"}, {"start": 0, "end": 23, "url": "https://t.co/laVNnAOejX", "expanded_url": "https://twitter.com/realamberheard/status/1445261467880771584/photo/1", "display_url": "pic.twitter.com/laVNnAOejX"}]}, "author_id": "807003567605227520", "in_reply_to_user_id": "807003567605227520", "id": "1445261467880771584", "lang": "und", "author": {"created_at": "2016-12-08T23:26:58.000Z", "profile_image_url": "https://pbs.twimg.com/profile_images/1383196364792680448/N8CdupEu_normal.jpg", "url": "https://t.co/Ze18Ek9SOI", "name": "Amber Heard", "description": "Actor and Activist, semi-professional disruptor, ice cream advocate and shameless teacup yorkie-lover", "public_metrics": {"followers_count": 190316, "following_count": 220, "tweet_count": 1149, "listed_count": 567}, "username": "realamberheard", "id": "807003567605227520", "location": "Los Angeles, CA"}}, "author": {"created_at": "2020-07-13T04:35:59.000Z", "profile_image_url": "https://pbs.twimg.com/profile_images/1499688455080714241/0Xro9P-5_normal.jpg", "url": "", "name": "LinnRu4", "description": "#NoWar \ud83c\uddf7\ud83c\uddfa\u2764\ufe0f\ud83c\uddfa\ud83c\udde6\nA person is considered innocent until proven guilty. I support real victims of violence, SA, rape. #JusticeForJohnnyDepp, #MJinnocent", "public_metrics": {"followers_count": 187, "following_count": 50, "tweet_count": 12966, "listed_count": 1}, "username": "linnru4", "id": "1282534162352807936", "location": "\u0412 \u043c\u0438\u0440\u0435"}}, {"text": "STAY AWAY FROM AISHWARYA RAI, TURD!!! \ud83e\udd2c\ud83e\udd2c\ud83e\udd2c\n\n#BoycottLOrealParisUSA #AmberHeardIsARacist https://t.co/c6GhwZWHQS", "entities": {"annotations": [{"start": 15, "end": 27, "probability": 0.6654, "type": "Person", "normalized_text": "AISHWARYA RAI"}], "urls": [{"start": 87, "end": 110, "url": "https://t.co/c6GhwZWHQS", "expanded_url": "https://twitter.com/realamberheard/status/1445261467880771584", "display_url": "twitter.com/realamberheard\u2026"}], "hashtags": [{"start": 43, "end": 65, "tag": "BoycottLOrealParisUSA"}, {"start": 66, "end": 86, "tag": "AmberHeardIsARacist"}]}, "created_at": "2021-10-05T07:13:57.000Z", "public_metrics": {"retweet_count": 0, "reply_count": 1, "like_count": 3, "quote_count": 0}, "source": "Twitter Web App", "referenced_tweets": [{"type": "quoted", "id": "1445261467880771584"}], "author_id": "1290825148929474561", "id": "1445286120036569096", "lang": "en", "quoted_tweet": {"text": "https://t.co/laVNnAOejX", "created_at": "2021-10-05T05:36:00.000Z", "public_metrics": {"retweet_count": 115, "reply_count": 2, "like_count": 1243, "quote_count": 15}, "source": "Twitter for iPhone", "referenced_tweets": [{"type": "replied_to", "id": "1445261456270929924"}], "entities": {"urls": [{"start": 0, "end": 23, "url": "https://t.co/laVNnAOejX", "expanded_url": "https://twitter.com/realamberheard/status/1445261467880771584/photo/1", "display_url": "pic.twitter.com/laVNnAOejX"}, {"start": 0, "end": 23, "url": "https://t.co/laVNnAOejX", "expanded_url": "https://twitter.com/realamberheard/status/1445261467880771584/photo/1", "display_url": "pic.twitter.com/laVNnAOejX"}]}, "author_id": "807003567605227520", "in_reply_to_user_id": "807003567605227520", "id": "1445261467880771584", "lang": "und", "author": {"created_at": "2016-12-08T23:26:58.000Z", "profile_image_url": "https://pbs.twimg.com/profile_images/1383196364792680448/N8CdupEu_normal.jpg", "url": "https://t.co/Ze18Ek9SOI", "name": "Amber Heard", "description": "Actor and Activist, semi-professional disruptor, ice cream advocate and shameless teacup yorkie-lover", "public_metrics": {"followers_count": 190316, "following_count": 220, "tweet_count": 1149, "listed_count": 567}, "username": "realamberheard", "id": "807003567605227520", "location": "Los Angeles, CA"}}, "author": {"created_at": "2020-08-05T01:41:22.000Z", "profile_image_url": "https://pbs.twimg.com/profile_images/1505769213687857153/6_hvEYNX_normal.jpg", "url": "", "name": "Butterfly Supremacy\ud83e\udd8b", "description": "Time is the substance I am made of. Time is a river which sweeps me along, but I am the river, it is a fire which consumes me, but I am the fire\n\n She/Her", "public_metrics": {"followers_count": 285, "following_count": 149, "tweet_count": 44205, "listed_count": 1}, "username": "DevaMarie", "id": "1290825148929474561", "location": "Vancouver, Canada"}}, {"text": "#AmberHeard\n#AishwaryaRai\nParis Fashion Show https://t.co/OLMdHYnxUr", "entities": {"annotations": [{"start": 26, "end": 43, "probability": 0.4622, "type": "Other", "normalized_text": "Paris Fashion Show"}], "urls": [{"start": 45, "end": 68, "url": "https://t.co/OLMdHYnxUr", "expanded_url": "https://twitter.com/realamberheard/status/1445261467880771584", "display_url": "twitter.com/realamberheard\u2026"}], "hashtags": [{"start": 0, "end": 11, "tag": "AmberHeard"}, {"start": 12, "end": 25, "tag": "AishwaryaRai"}]}, "created_at": "2021-10-05T06:12:43.000Z", "public_metrics": {"retweet_count": 0, "reply_count": 1, "like_count": 0, "quote_count": 0}, "source": "Twitter for Android", "referenced_tweets": [{"type": "quoted", "id": "1445261467880771584"}], "author_id": "127886623", "id": "1445270708121006085", "lang": "en", "quoted_tweet": {"text": "https://t.co/laVNnAOejX", "created_at": "2021-10-05T05:36:00.000Z", "public_metrics": {"retweet_count": 115, "reply_count": 2, "like_count": 1243, "quote_count": 15}, "source": "Twitter for iPhone", "referenced_tweets": [{"type": "replied_to", "id": "1445261456270929924"}], "entities": {"urls": [{"start": 0, "end": 23, "url": "https://t.co/laVNnAOejX", "expanded_url": "https://twitter.com/realamberheard/status/1445261467880771584/photo/1", "display_url": "pic.twitter.com/laVNnAOejX"}, {"start": 0, "end": 23, "url": "https://t.co/laVNnAOejX", "expanded_url": "https://twitter.com/realamberheard/status/1445261467880771584/photo/1", "display_url": "pic.twitter.com/laVNnAOejX"}]}, "author_id": "807003567605227520", "in_reply_to_user_id": "807003567605227520", "id": "1445261467880771584", "lang": "und", "author": {"created_at": "2016-12-08T23:26:58.000Z", "profile_image_url": "https://pbs.twimg.com/profile_images/1383196364792680448/N8CdupEu_normal.jpg", "url": "https://t.co/Ze18Ek9SOI", "name": "Amber Heard", "description": "Actor and Activist, semi-professional disruptor, ice cream advocate and shameless teacup yorkie-lover", "public_metrics": {"followers_count": 190316, "following_count": 220, "tweet_count": 1149, "listed_count": 567}, "username": "realamberheard", "id": "807003567605227520", "location": "Los Angeles, CA"}}, "author": {"created_at": "2010-03-30T14:44:06.000Z", "profile_image_url": "https://pbs.twimg.com/profile_images/1506490517969727494/rluWyPYB_normal.jpg", "url": "", "name": "Happy Birthday Kangana \u2665\ufe0f", "description": "What you feel inside, that reflects outside. The body is Transient -\nAishwarya Rai", "public_metrics": {"followers_count": 1309, "following_count": 99, "tweet_count": 165444, "listed_count": 1}, "username": "ashya_yadav", "id": "127886623", "location": "Asia"}}, {"text": "Dollie post too\ud83e\udd7a https://t.co/OrpA2pxuzK", "created_at": "2021-10-05T06:09:17.000Z", "public_metrics": {"retweet_count": 0, "reply_count": 0, "like_count": 2, "quote_count": 0}, "source": "Twitter for Android", "referenced_tweets": [{"type": "quoted", "id": "1445261467880771584"}], "entities": {"urls": [{"start": 17, "end": 40, "url": "https://t.co/OrpA2pxuzK", "expanded_url": "https://twitter.com/realamberheard/status/1445261467880771584", "display_url": "twitter.com/realamberheard\u2026"}]}, "author_id": "949527290601357314", "id": "1445269845398855683", "lang": "en", "quoted_tweet": {"text": "https://t.co/laVNnAOejX", "created_at": "2021-10-05T05:36:00.000Z", "public_metrics": {"retweet_count": 115, "reply_count": 2, "like_count": 1243, "quote_count": 15}, "source": "Twitter for iPhone", "referenced_tweets": [{"type": "replied_to", "id": "1445261456270929924"}], "entities": {"urls": [{"start": 0, "end": 23, "url": "https://t.co/laVNnAOejX", "expanded_url": "https://twitter.com/realamberheard/status/1445261467880771584/photo/1", "display_url": "pic.twitter.com/laVNnAOejX"}, {"start": 0, "end": 23, "url": "https://t.co/laVNnAOejX", "expanded_url": "https://twitter.com/realamberheard/status/1445261467880771584/photo/1", "display_url": "pic.twitter.com/laVNnAOejX"}]}, "author_id": "807003567605227520", "in_reply_to_user_id": "807003567605227520", "id": "1445261467880771584", "lang": "und", "author": {"created_at": "2016-12-08T23:26:58.000Z", "profile_image_url": "https://pbs.twimg.com/profile_images/1383196364792680448/N8CdupEu_normal.jpg", "url": "https://t.co/Ze18Ek9SOI", "name": "Amber Heard", "description": "Actor and Activist, semi-professional disruptor, ice cream advocate and shameless teacup yorkie-lover", "public_metrics": {"followers_count": 190316, "following_count": 220, "tweet_count": 1149, "listed_count": 567}, "username": "realamberheard", "id": "807003567605227520", "location": "Los Angeles, CA"}}, "author": {"created_at": "2018-01-06T06:25:22.000Z", "profile_image_url": "https://pbs.twimg.com/profile_images/1504039709130993667/qQ-G6j1Z_normal.jpg", "url": "", "name": "Mohabbatein\ud83d\udc31", "description": "SRK, Hrithik Roshan, Madhuri Dixit and Aishwarya Rai are ultimate Kings and Queens \ud83e\udd70", "public_metrics": {"followers_count": 1389, "following_count": 985, "tweet_count": 104069, "listed_count": 1}, "username": "sidharth0800", "id": "949527290601357314", "location": "New Delhi"}}, {"text": "Best woman lady loreal paris https://t.co/tTX48ZptbM", "created_at": "2021-10-05T05:49:54.000Z", "public_metrics": {"retweet_count": 0, "reply_count": 1, "like_count": 0, "quote_count": 0}, "source": "Twitter for iPhone", "referenced_tweets": [{"type": "quoted", "id": "1445261467880771584"}], "entities": {"urls": [{"start": 29, "end": 52, "url": "https://t.co/tTX48ZptbM", "expanded_url": "https://twitter.com/realamberheard/status/1445261467880771584", "display_url": "twitter.com/realamberheard\u2026"}]}, "author_id": "149824656", "id": "1445264965812711428", "lang": "en", "quoted_tweet": {"text": "https://t.co/laVNnAOejX", "created_at": "2021-10-05T05:36:00.000Z", "public_metrics": {"retweet_count": 115, "reply_count": 2, "like_count": 1243, "quote_count": 15}, "source": "Twitter for iPhone", "referenced_tweets": [{"type": "replied_to", "id": "1445261456270929924"}], "entities": {"urls": [{"start": 0, "end": 23, "url": "https://t.co/laVNnAOejX", "expanded_url": "https://twitter.com/realamberheard/status/1445261467880771584/photo/1", "display_url": "pic.twitter.com/laVNnAOejX"}, {"start": 0, "end": 23, "url": "https://t.co/laVNnAOejX", "expanded_url": "https://twitter.com/realamberheard/status/1445261467880771584/photo/1", "display_url": "pic.twitter.com/laVNnAOejX"}]}, "author_id": "807003567605227520", "in_reply_to_user_id": "807003567605227520", "id": "1445261467880771584", "lang": "und", "author": {"created_at": "2016-12-08T23:26:58.000Z", "profile_image_url": "https://pbs.twimg.com/profile_images/1383196364792680448/N8CdupEu_normal.jpg", "url": "https://t.co/Ze18Ek9SOI", "name": "Amber Heard", "description": "Actor and Activist, semi-professional disruptor, ice cream advocate and shameless teacup yorkie-lover", "public_metrics": {"followers_count": 190316, "following_count": 220, "tweet_count": 1149, "listed_count": 567}, "username": "realamberheard", "id": "807003567605227520", "location": "Los Angeles, CA"}}, "author": {"created_at": "2010-05-30T09:36:08.000Z", "profile_image_url": "https://pbs.twimg.com/profile_images/1357882500924596225/Lotlx_-v_normal.jpg", "url": "https://t.co/dLT7yvsET9", "name": "Jesus Christ (\u0645\u062d\u0645\u062f\u0627\u0642\u0628\u0627\u0644)", "description": "The second coming of #Jesus Christ \u0950 \u271e \u0627\u0644\u0644\u0647 \n@iqku_ @lovebeuponyou #GOD", "public_metrics": {"followers_count": 946, "following_count": 4873, "tweet_count": 36560, "listed_count": 8}, "username": "jiesuschrist", "id": "149824656", "location": "Earth and The Heaven \u2764"}}, {"text": "yes queen https://t.co/lgmirHr51W", "created_at": "2021-10-05T05:49:03.000Z", "public_metrics": {"retweet_count": 0, "reply_count": 0, "like_count": 0, "quote_count": 0}, "source": "Twitter for iPhone", "referenced_tweets": [{"type": "quoted", "id": "1445261467880771584"}], "entities": {"urls": [{"start": 10, "end": 33, "url": "https://t.co/lgmirHr51W", "expanded_url": "https://twitter.com/realamberheard/status/1445261467880771584", "display_url": "twitter.com/realamberheard\u2026"}]}, "author_id": "1029848294737031171", "id": "1445264751777439749", "lang": "en", "quoted_tweet": {"text": "https://t.co/laVNnAOejX", "created_at": "2021-10-05T05:36:00.000Z", "public_metrics": {"retweet_count": 115, "reply_count": 2, "like_count": 1243, "quote_count": 15}, "source": "Twitter for iPhone", "referenced_tweets": [{"type": "replied_to", "id": "1445261456270929924"}], "entities": {"urls": [{"start": 0, "end": 23, "url": "https://t.co/laVNnAOejX", "expanded_url": "https://twitter.com/realamberheard/status/1445261467880771584/photo/1", "display_url": "pic.twitter.com/laVNnAOejX"}, {"start": 0, "end": 23, "url": "https://t.co/laVNnAOejX", "expanded_url": "https://twitter.com/realamberheard/status/1445261467880771584/photo/1", "display_url": "pic.twitter.com/laVNnAOejX"}]}, "author_id": "807003567605227520", "in_reply_to_user_id": "807003567605227520", "id": "1445261467880771584", "lang": "und", "author": {"created_at": "2016-12-08T23:26:58.000Z", "profile_image_url": "https://pbs.twimg.com/profile_images/1383196364792680448/N8CdupEu_normal.jpg", "url": "https://t.co/Ze18Ek9SOI", "name": "Amber Heard", "description": "Actor and Activist, semi-professional disruptor, ice cream advocate and shameless teacup yorkie-lover", "public_metrics": {"followers_count": 190316, "following_count": 220, "tweet_count": 1149, "listed_count": 567}, "username": "realamberheard", "id": "807003567605227520", "location": "Los Angeles, CA"}}, "author": {"created_at": "2018-08-15T21:52:21.000Z", "profile_image_url": "https://pbs.twimg.com/profile_images/1503901966363209734/4Iax2ZJa_normal.jpg", "url": "", "name": "lu\u00eds", "description": "", "public_metrics": {"followers_count": 9822, "following_count": 1214, "tweet_count": 21537, "listed_count": 0}, "username": "amberIeonhart", "id": "1029848294737031171", "location": "snk manga spoilers "}}, {"text": "#LovelinessBreak \nI LOVE this outfit!! \ud83e\udd70\ud83e\udd70\ud83e\udd70\ud83e\udd70\ud83e\udd70 https://t.co/TZOArLcV6e", "created_at": "2021-10-05T05:37:59.000Z", "public_metrics": {"retweet_count": 0, "reply_count": 0, "like_count": 0, "quote_count": 0}, "source": "Twitter for Android", "referenced_tweets": [{"type": "quoted", "id": "1445261467880771584"}], "entities": {"urls": [{"start": 45, "end": 68, "url": "https://t.co/TZOArLcV6e", "expanded_url": "https://twitter.com/realamberheard/status/1445261467880771584", "display_url": "twitter.com/realamberheard\u2026"}], "hashtags": [{"start": 0, "end": 16, "tag": "LovelinessBreak"}]}, "author_id": "960785661660975104", "id": "1445261968860909571", "lang": "en", "quoted_tweet": {"text": "https://t.co/laVNnAOejX", "created_at": "2021-10-05T05:36:00.000Z", "public_metrics": {"retweet_count": 115, "reply_count": 2, "like_count": 1243, "quote_count": 15}, "source": "Twitter for iPhone", "referenced_tweets": [{"type": "replied_to", "id": "1445261456270929924"}], "entities": {"urls": [{"start": 0, "end": 23, "url": "https://t.co/laVNnAOejX", "expanded_url": "https://twitter.com/realamberheard/status/1445261467880771584/photo/1", "display_url": "pic.twitter.com/laVNnAOejX"}, {"start": 0, "end": 23, "url": "https://t.co/laVNnAOejX", "expanded_url": "https://twitter.com/realamberheard/status/1445261467880771584/photo/1", "display_url": "pic.twitter.com/laVNnAOejX"}]}, "author_id": "807003567605227520", "in_reply_to_user_id": "807003567605227520", "id": "1445261467880771584", "lang": "und", "author": {"created_at": "2016-12-08T23:26:58.000Z", "profile_image_url": "https://pbs.twimg.com/profile_images/1383196364792680448/N8CdupEu_normal.jpg", "url": "https://t.co/Ze18Ek9SOI", "name": "Amber Heard", "description": "Actor and Activist, semi-professional disruptor, ice cream advocate and shameless teacup yorkie-lover", "public_metrics": {"followers_count": 190316, "following_count": 220, "tweet_count": 1149, "listed_count": 567}, "username": "realamberheard", "id": "807003567605227520", "location": "Los Angeles, CA"}}, "author": {"created_at": "2018-02-06T08:02:07.000Z", "profile_image_url": "https://pbs.twimg.com/profile_images/1018287862331117569/SE5T2P3F_normal.jpg", "url": "", "name": "\ud83d\udc32DOfAquarius", "description": "**COVID SUCKS\ud83d\ude16**\nI \ud83d\udc9e ELON MUSK.  #MechAquarius - my project to build the upper body robotic exoskeleton I need to have full use of my arms & hands again.", "public_metrics": {"followers_count": 2325, "following_count": 4187, "tweet_count": 189305, "listed_count": 33}, "username": "DOfaquarius", "id": "960785661660975104", "location": "#TeamElon"}}, {"text": "icon https://t.co/qMnzjYahHZ", "created_at": "2021-10-05T05:36:12.000Z", "public_metrics": {"retweet_count": 0, "reply_count": 0, "like_count": 0, "quote_count": 0}, "source": "Twitter for iPhone", "referenced_tweets": [{"type": "quoted", "id": "1445261467880771584"}], "entities": {"urls": [{"start": 5, "end": 28, "url": "https://t.co/qMnzjYahHZ", "expanded_url": "https://twitter.com/realamberheard/status/1445261467880771584", "display_url": "twitter.com/realamberheard\u2026"}]}, "author_id": "2266118430", "id": "1445261519323901953", "lang": "es", "quoted_tweet": {"text": "https://t.co/laVNnAOejX", "created_at": "2021-10-05T05:36:00.000Z", "public_metrics": {"retweet_count": 115, "reply_count": 2, "like_count": 1243, "quote_count": 15}, "source": "Twitter for iPhone", "referenced_tweets": [{"type": "replied_to", "id": "1445261456270929924"}], "entities": {"urls": [{"start": 0, "end": 23, "url": "https://t.co/laVNnAOejX", "expanded_url": "https://twitter.com/realamberheard/status/1445261467880771584/photo/1", "display_url": "pic.twitter.com/laVNnAOejX"}, {"start": 0, "end": 23, "url": "https://t.co/laVNnAOejX", "expanded_url": "https://twitter.com/realamberheard/status/1445261467880771584/photo/1", "display_url": "pic.twitter.com/laVNnAOejX"}]}, "author_id": "807003567605227520", "in_reply_to_user_id": "807003567605227520", "id": "1445261467880771584", "lang": "und", "author": {"created_at": "2016-12-08T23:26:58.000Z", "profile_image_url": "https://pbs.twimg.com/profile_images/1383196364792680448/N8CdupEu_normal.jpg", "url": "https://t.co/Ze18Ek9SOI", "name": "Amber Heard", "description": "Actor and Activist, semi-professional disruptor, ice cream advocate and shameless teacup yorkie-lover", "public_metrics": {"followers_count": 190316, "following_count": 220, "tweet_count": 1149, "listed_count": 567}, "username": "realamberheard", "id": "807003567605227520", "location": "Los Angeles, CA"}}, "author": {"created_at": "2013-12-28T16:19:53.000Z", "profile_image_url": "https://pbs.twimg.com/profile_images/1500963994009575425/pRMeHjix_normal.jpg", "url": "", "name": "matty, invincible gatekeeper", "description": "#SELINAKYLE: I could fix him, but where\u2019s the fun in that? @badpostitans // read aquamen (2022)", "public_metrics": {"followers_count": 14079, "following_count": 710, "tweet_count": 53857, "listed_count": 83}, "username": "godlycia", "id": "2266118430", "location": "25, white, trans (genderfluid) she/they, dc, invincible, marvel, video games #IStandWithAmberHeard"}}]