[{"text": "\u2764\ufe0f https://t.co/GV6nmZRouB", "created_at": "2021-11-01T18:00:29.000Z", "public_metrics": {"retweet_count": 0, "reply_count": 0, "like_count": 0, "quote_count": 0}, "source": "Twitter for iPhone", "referenced_tweets": [{"type": "quoted", "id": "1453454826323447811"}], "entities": {"urls": [{"start": 3, "end": 26, "url": "https://t.co/GV6nmZRouB", "expanded_url": "https://twitter.com/realamberheard/status/1453454826323447811", "display_url": "twitter.com/realamberheard\u2026"}]}, "author_id": "1029848294737031171", "id": "1455233297857007616", "lang": "und", "quoted_tweet": {"text": "@kathygriffin No one can say that better than you\ud83d\udc8b", "created_at": "2021-10-27T20:13:29.000Z", "public_metrics": {"retweet_count": 10, "reply_count": 0, "like_count": 150, "quote_count": 8}, "source": "Twitter for iPhone", "referenced_tweets": [{"type": "replied_to", "id": "1453434370614726656"}], "author_id": "807003567605227520", "in_reply_to_user_id": "21148293", "id": "1453454826323447811", "lang": "en", "entities": {"mentions": [{"start": 0, "end": 13, "username": "kathygriffin", "id": "21148293"}]}, "author": {"created_at": "2016-12-08T23:26:58.000Z", "profile_image_url": "https://pbs.twimg.com/profile_images/1383196364792680448/N8CdupEu_normal.jpg", "url": "https://t.co/Ze18Ek9SOI", "name": "Amber Heard", "description": "Actor and Activist, semi-professional disruptor, ice cream advocate and shameless teacup yorkie-lover", "public_metrics": {"followers_count": 190316, "following_count": 220, "tweet_count": 1149, "listed_count": 567}, "username": "realamberheard", "id": "807003567605227520", "location": "Los Angeles, CA"}}, "author": {"created_at": "2018-08-15T21:52:21.000Z", "profile_image_url": "https://pbs.twimg.com/profile_images/1503901966363209734/4Iax2ZJa_normal.jpg", "url": "", "name": "lu\u00eds", "description": "", "public_metrics": {"followers_count": 9822, "following_count": 1214, "tweet_count": 21537, "listed_count": 0}, "username": "amberIeonhart", "id": "1029848294737031171", "location": "snk manga spoilers "}}, {"text": "Redheads are the best, you are the WORST https://t.co/W8zoVAeFzk", "created_at": "2021-10-28T12:30:11.000Z", "public_metrics": {"retweet_count": 0, "reply_count": 0, "like_count": 7, "quote_count": 0}, "source": "Twitter for Android", "referenced_tweets": [{"type": "quoted", "id": "1453454826323447811"}], "entities": {"urls": [{"start": 41, "end": 64, "url": "https://t.co/W8zoVAeFzk", "expanded_url": "https://twitter.com/realamberheard/status/1453454826323447811", "display_url": "twitter.com/realamberheard\u2026"}]}, "author_id": "1231252446", "id": "1453700621479993357", "lang": "en", "quoted_tweet": {"text": "@kathygriffin No one can say that better than you\ud83d\udc8b", "created_at": "2021-10-27T20:13:29.000Z", "public_metrics": {"retweet_count": 10, "reply_count": 0, "like_count": 150, "quote_count": 8}, "source": "Twitter for iPhone", "referenced_tweets": [{"type": "replied_to", "id": "1453434370614726656"}], "author_id": "807003567605227520", "in_reply_to_user_id": "21148293", "id": "1453454826323447811", "lang": "en", "entities": {"mentions": [{"start": 0, "end": 13, "username": "kathygriffin", "id": "21148293"}]}, "author": {"created_at": "2016-12-08T23:26:58.000Z", "profile_image_url": "https://pbs.twimg.com/profile_images/1383196364792680448/N8CdupEu_normal.jpg", "url": "https://t.co/Ze18Ek9SOI", "name": "Amber Heard", "description": "Actor and Activist, semi-professional disruptor, ice cream advocate and shameless teacup yorkie-lover", "public_metrics": {"followers_count": 190316, "following_count": 220, "tweet_count": 1149, "listed_count": 567}, "username": "realamberheard", "id": "807003567605227520", "location": "Los Angeles, CA"}}, "author": {"created_at": "2013-03-01T20:17:55.000Z", "profile_image_url": "https://pbs.twimg.com/profile_images/1504643524976947229/iKIFCFkG_normal.jpg", "url": "https://t.co/usikZIccIB", "name": "oddinary girl", "description": "Tiny Hot Topic Bitch - Pocket Sized Depphead - Psychologist - Scorpio - INFP - Gryffindor - Stark - Paramore - Army - Stay. \n\n#JusticeForJohnnyDepp", "public_metrics": {"followers_count": 465, "following_count": 780, "tweet_count": 6227, "listed_count": 3}, "username": "cat_a_estranha", "id": "1231252446"}}, {"text": "Can you say \u201cAltered Metadata\u201d at least 20 times? https://t.co/WBNplPr20j", "created_at": "2021-10-28T01:03:53.000Z", "public_metrics": {"retweet_count": 0, "reply_count": 0, "like_count": 8, "quote_count": 0}, "source": "Twitter for iPhone", "referenced_tweets": [{"type": "quoted", "id": "1453454826323447811"}], "entities": {"urls": [{"start": 50, "end": 73, "url": "https://t.co/WBNplPr20j", "expanded_url": "https://twitter.com/realamberheard/status/1453454826323447811", "display_url": "twitter.com/realamberheard\u2026"}]}, "author_id": "1211131476122558465", "id": "1453527907326779396", "lang": "en", "quoted_tweet": {"text": "@kathygriffin No one can say that better than you\ud83d\udc8b", "created_at": "2021-10-27T20:13:29.000Z", "public_metrics": {"retweet_count": 10, "reply_count": 0, "like_count": 150, "quote_count": 8}, "source": "Twitter for iPhone", "referenced_tweets": [{"type": "replied_to", "id": "1453434370614726656"}], "author_id": "807003567605227520", "in_reply_to_user_id": "21148293", "id": "1453454826323447811", "lang": "en", "entities": {"mentions": [{"start": 0, "end": 13, "username": "kathygriffin", "id": "21148293"}]}, "author": {"created_at": "2016-12-08T23:26:58.000Z", "profile_image_url": "https://pbs.twimg.com/profile_images/1383196364792680448/N8CdupEu_normal.jpg", "url": "https://t.co/Ze18Ek9SOI", "name": "Amber Heard", "description": "Actor and Activist, semi-professional disruptor, ice cream advocate and shameless teacup yorkie-lover", "public_metrics": {"followers_count": 190316, "following_count": 220, "tweet_count": 1149, "listed_count": 567}, "username": "realamberheard", "id": "807003567605227520", "location": "Los Angeles, CA"}}, "author": {"created_at": "2019-12-29T03:47:14.000Z", "profile_image_url": "https://pbs.twimg.com/profile_images/1484299746420281346/C3-IVib2_normal.jpg", "url": "", "name": "BecNotTheBot \ud83c\udf69", "description": "#justiceforJohnnyDepp #powerofthesmall #thefouragreements #lawofAttraction #poweofnow #chiefTecumseh #The3boxes #TheGodOfSpinoza", "public_metrics": {"followers_count": 428, "following_count": 679, "tweet_count": 11540, "listed_count": 0}, "username": "Rebecca91921211", "id": "1211131476122558465"}}, {"text": "https://t.co/SqL8slK1K3 https://t.co/JevbiHomCD", "created_at": "2021-10-27T20:19:01.000Z", "public_metrics": {"retweet_count": 0, "reply_count": 1, "like_count": 0, "quote_count": 0}, "source": "Twitter for Android", "referenced_tweets": [{"type": "quoted", "id": "1453454826323447811"}], "entities": {"urls": [{"start": 0, "end": 23, "url": "https://t.co/SqL8slK1K3", "expanded_url": "https://twitter.com/xKathxk/status/1453456220967239685/photo/1", "display_url": "pic.twitter.com/SqL8slK1K3"}, {"start": 24, "end": 47, "url": "https://t.co/JevbiHomCD", "expanded_url": "https://twitter.com/realamberheard/status/1453454826323447811", "display_url": "twitter.com/realamberheard\u2026"}]}, "author_id": "181720099", "id": "1453456220967239685", "lang": "und", "quoted_tweet": {"text": "@kathygriffin No one can say that better than you\ud83d\udc8b", "created_at": "2021-10-27T20:13:29.000Z", "public_metrics": {"retweet_count": 10, "reply_count": 0, "like_count": 150, "quote_count": 8}, "source": "Twitter for iPhone", "referenced_tweets": [{"type": "replied_to", "id": "1453434370614726656"}], "author_id": "807003567605227520", "in_reply_to_user_id": "21148293", "id": "1453454826323447811", "lang": "en", "entities": {"mentions": [{"start": 0, "end": 13, "username": "kathygriffin", "id": "21148293"}]}, "author": {"created_at": "2016-12-08T23:26:58.000Z", "profile_image_url": "https://pbs.twimg.com/profile_images/1383196364792680448/N8CdupEu_normal.jpg", "url": "https://t.co/Ze18Ek9SOI", "name": "Amber Heard", "description": "Actor and Activist, semi-professional disruptor, ice cream advocate and shameless teacup yorkie-lover", "public_metrics": {"followers_count": 190316, "following_count": 220, "tweet_count": 1149, "listed_count": 567}, "username": "realamberheard", "id": "807003567605227520", "location": "Los Angeles, CA"}}, "author": {"created_at": "2010-08-22T22:19:38.000Z", "profile_image_url": "https://pbs.twimg.com/profile_images/1499180146456031233/ldV5A68U_normal.jpg", "url": "", "name": "Kathy \ud83e\udd0d\ud83c\udf33\ud83c\udf33", "description": "Team La Mera Mera, Amber Heard fangirl, The Witcher, Titans, Marvel, DC, Amber Heard fangirl AGAIN \ud83e\udd70\ud83d\udc3a\ud83d\udd4a\ufe0f\u2694\ufe0f\n@aheardlatino", "public_metrics": {"followers_count": 568, "following_count": 1095, "tweet_count": 20050, "listed_count": 5}, "username": "xKathxk", "id": "181720099", "location": "All Around The World"}}]