[{"created_at": "2017-04-29T16:38:23.000Z", "source": "IFTTT", "referenced_tweets": [{"type": "quoted", "id": "856296558081359872"}], "entities": {"urls": [{"start": 0, "end": 23, "url": "https://t.co/UUrKMKuOGv", "expanded_url": "https://twitter.com/Emperatriz1827/status/858358526934212608", "display_url": "twitter.com/Emperatriz1827\u2026"}, {"start": 24, "end": 47, "url": "https://t.co/iPer1ap5jf", "expanded_url": "http://bit.ly/2qjNcWN", "display_url": "bit.ly/2qjNcWN", "images": [{"url": "https://pbs.twimg.com/news_img/1488593256468393990/8lclk33a?format=jpg&name=orig", "width": 1200, "height": 675}, {"url": "https://pbs.twimg.com/news_img/1488593256468393990/8lclk33a?format=jpg&name=150x150", "width": 150, "height": 150}], "status": 200, "title": "Bikes, bikes and bikes in M\u00fcnster - StreetPhoto24.com", "description": "350 albums and 5000 photos Street photos, street portraits, people in the street. Photos are from Germany, especially North Germany, M\u00fcnster.", "unwound_url": "https://streetphoto24.com/"}]}, "lang": "und", "id": "858359822877589504", "text": "https://t.co/UUrKMKuOGv https://t.co/iPer1ap5jf em", "author_id": "4418271387", "public_metrics": {"retweet_count": 0, "reply_count": 0, "like_count": 0, "quote_count": 0}, "quoted_tweet": {"created_at": "2017-04-23T23:59:43.000Z", "source": "Twitter for iPhone", "referenced_tweets": [{"type": "quoted", "id": "856292321364631554"}], "entities": {"urls": [{"start": 7, "end": 30, "url": "https://t.co/YDfQ8Ue1aq", "expanded_url": "https://twitter.com/elonmusk/status/856292321364631554", "display_url": "twitter.com/elonmusk/statu\u2026"}]}, "lang": "en", "id": "856296558081359872", "text": "Cheeky https://t.co/YDfQ8Ue1aq", "author_id": "807003567605227520", "public_metrics": {"retweet_count": 108, "reply_count": 53, "like_count": 641, "quote_count": 14}, "author": {"url": "https://t.co/Ze18Ek9SOI", "username": "realamberheard", "description": "Actor and Activist, semi-professional disruptor, ice cream advocate and shameless teacup yorkie-lover", "id": "807003567605227520", "location": "Los Angeles, CA", "profile_image_url": "https://pbs.twimg.com/profile_images/1383196364792680448/N8CdupEu_normal.jpg", "created_at": "2016-12-08T23:26:58.000Z", "public_metrics": {"followers_count": 190362, "following_count": 220, "tweet_count": 1150, "listed_count": 566}, "name": "Amber Heard"}}, "author": {"url": "https://t.co/GIppujElcx", "username": "SPhoto24", "description": "Look at my blog, 350 albums with 5000 street photos, currently a lot of photos of Germany.", "id": "4418271387", "location": "M\u00fcnster", "profile_image_url": "https://pbs.twimg.com/profile_images/1360297654182432771/lvLMNdT4_normal.jpg", "created_at": "2015-12-08T18:22:42.000Z", "public_metrics": {"followers_count": 5906, "following_count": 5940, "tweet_count": 504709, "listed_count": 126}, "name": "StreetPhoto24"}}, {"created_at": "2017-04-25T10:14:52.000Z", "source": "Twitter Web Client", "referenced_tweets": [{"type": "quoted", "id": "856296558081359872"}], "entities": {"urls": [{"start": 81, "end": 104, "url": "https://t.co/53LQThzAjy", "expanded_url": "https://twitter.com/realamberheard/status/856296558081359872", "display_url": "twitter.com/realamberheard\u2026"}], "annotations": [{"start": 33, "end": 43, "probability": 0.8667, "type": "Person", "normalized_text": "Amber Heard"}, {"start": 49, "end": 57, "probability": 0.9502, "type": "Person", "normalized_text": "Elon Musk"}]}, "lang": "en", "id": "856813756050964480", "text": "So finally after so many rumors..Amber Heard and Elon Musk made it official !!\ud83d\ude0b\ud83d\ude0b https://t.co/53LQThzAjy", "author_id": "115211773", "public_metrics": {"retweet_count": 0, "reply_count": 0, "like_count": 0, "quote_count": 0}, "quoted_tweet": {"created_at": "2017-04-23T23:59:43.000Z", "source": "Twitter for iPhone", "referenced_tweets": [{"type": "quoted", "id": "856292321364631554"}], "entities": {"urls": [{"start": 7, "end": 30, "url": "https://t.co/YDfQ8Ue1aq", "expanded_url": "https://twitter.com/elonmusk/status/856292321364631554", "display_url": "twitter.com/elonmusk/statu\u2026"}]}, "lang": "en", "id": "856296558081359872", "text": "Cheeky https://t.co/YDfQ8Ue1aq", "author_id": "807003567605227520", "public_metrics": {"retweet_count": 108, "reply_count": 53, "like_count": 641, "quote_count": 14}, "author": {"url": "https://t.co/Ze18Ek9SOI", "username": "realamberheard", "description": "Actor and Activist, semi-professional disruptor, ice cream advocate and shameless teacup yorkie-lover", "id": "807003567605227520", "location": "Los Angeles, CA", "profile_image_url": "https://pbs.twimg.com/profile_images/1383196364792680448/N8CdupEu_normal.jpg", "created_at": "2016-12-08T23:26:58.000Z", "public_metrics": {"followers_count": 190362, "following_count": 220, "tweet_count": 1150, "listed_count": 566}, "name": "Amber Heard"}}, "author": {"url": "https://t.co/Z7dkFhWgAX", "username": "dr_psychamy", "description": "Head & Consultant Molecular Imaging,NuclearMedwiki,\n\u270fMD SGPGI\n\ud83c\udf93Molecular Imaging,PET/CT & PET/MRI    https://t.co/4DnEwFClMC", "id": "115211773", "location": "India", "profile_image_url": "https://pbs.twimg.com/profile_images/1192950634313502722/7vLzbC9V_normal.jpg", "created_at": "2010-02-17T23:54:36.000Z", "public_metrics": {"followers_count": 1619, "following_count": 994, "tweet_count": 13061, "listed_count": 18}, "name": "Amit Singh"}}, {"created_at": "2017-04-24T18:36:30.000Z", "source": "Twitter for Android", "referenced_tweets": [{"type": "quoted", "id": "856296558081359872"}, {"type": "replied_to", "id": "856576783843545093"}], "entities": {"urls": [{"start": 4, "end": 27, "url": "https://t.co/JNIGmMfLde", "expanded_url": "https://twitter.com/realamberheard/status/856296558081359872", "display_url": "twitter.com/realamberheard\u2026"}]}, "lang": "und", "id": "856577608481480706", "in_reply_to_user_id": "318146792", "text": "Aye\nhttps://t.co/JNIGmMfLde", "author_id": "318146792", "public_metrics": {"retweet_count": 0, "reply_count": 0, "like_count": 0, "quote_count": 0}, "quoted_tweet": {"created_at": "2017-04-23T23:59:43.000Z", "source": "Twitter for iPhone", "referenced_tweets": [{"type": "quoted", "id": "856292321364631554"}], "entities": {"urls": [{"start": 7, "end": 30, "url": "https://t.co/YDfQ8Ue1aq", "expanded_url": "https://twitter.com/elonmusk/status/856292321364631554", "display_url": "twitter.com/elonmusk/statu\u2026"}]}, "lang": "en", "id": "856296558081359872", "text": "Cheeky https://t.co/YDfQ8Ue1aq", "author_id": "807003567605227520", "public_metrics": {"retweet_count": 108, "reply_count": 53, "like_count": 641, "quote_count": 14}, "author": {"url": "https://t.co/Ze18Ek9SOI", "username": "realamberheard", "description": "Actor and Activist, semi-professional disruptor, ice cream advocate and shameless teacup yorkie-lover", "id": "807003567605227520", "location": "Los Angeles, CA", "profile_image_url": "https://pbs.twimg.com/profile_images/1383196364792680448/N8CdupEu_normal.jpg", "created_at": "2016-12-08T23:26:58.000Z", "public_metrics": {"followers_count": 190362, "following_count": 220, "tweet_count": 1150, "listed_count": 566}, "name": "Amber Heard"}}, "author": {"url": "", "username": "scatterbrrained", "description": "I suffer from lifelong, irrepressible sweet tooth problems.", "id": "318146792", "profile_image_url": "https://pbs.twimg.com/profile_images/1148293755470061569/N4A6YWiy_normal.jpg", "created_at": "2011-06-16T01:34:18.000Z", "public_metrics": {"followers_count": 534, "following_count": 424, "tweet_count": 46442, "listed_count": 3}, "name": "."}}, {"created_at": "2017-04-24T17:27:49.000Z", "source": "Twitter Web Client", "referenced_tweets": [{"type": "quoted", "id": "856296558081359872"}], "entities": {"hashtags": [{"start": 0, "end": 6, "tag": "music"}, {"start": 23, "end": 26, "tag": "np"}, {"start": 51, "end": 63, "tag": "MusicMonday"}, {"start": 75, "end": 86, "tag": "WangoTango"}, {"start": 87, "end": 99, "tag": "WeenieRoast"}, {"start": 112, "end": 129, "tag": "mondaymotivation"}, {"start": 130, "end": 138, "tag": "ATLISac"}], "urls": [{"start": 27, "end": 50, "url": "https://t.co/7AZ8tbOzLU", "expanded_url": "http://www.datpiff.com/Havoc-Hendrix-Murray-mixtape.840859.html", "display_url": "datpiff.com/Havoc-Hendrix-\u2026"}, {"start": 139, "end": 162, "url": "https://t.co/shUKhJwuSq", "expanded_url": "https://twitter.com/realamberheard/status/856296558081359872", "display_url": "twitter.com/realamberheard\u2026"}]}, "lang": "en", "id": "856560320399130628", "text": "#music datpiff mixtape #np https://t.co/7AZ8tbOzLU #MusicMonday MKTGNATION #WangoTango #WeenieRoast Confederate #mondaymotivation\n#ATLISac https://t.co/shUKhJwuSq", "author_id": "837518672797155328", "public_metrics": {"retweet_count": 0, "reply_count": 0, "like_count": 0, "quote_count": 0}, "quoted_tweet": {"created_at": "2017-04-23T23:59:43.000Z", "source": "Twitter for iPhone", "referenced_tweets": [{"type": "quoted", "id": "856292321364631554"}], "entities": {"urls": [{"start": 7, "end": 30, "url": "https://t.co/YDfQ8Ue1aq", "expanded_url": "https://twitter.com/elonmusk/status/856292321364631554", "display_url": "twitter.com/elonmusk/statu\u2026"}]}, "lang": "en", "id": "856296558081359872", "text": "Cheeky https://t.co/YDfQ8Ue1aq", "author_id": "807003567605227520", "public_metrics": {"retweet_count": 108, "reply_count": 53, "like_count": 641, "quote_count": 14}, "author": {"url": "https://t.co/Ze18Ek9SOI", "username": "realamberheard", "description": "Actor and Activist, semi-professional disruptor, ice cream advocate and shameless teacup yorkie-lover", "id": "807003567605227520", "location": "Los Angeles, CA", "profile_image_url": "https://pbs.twimg.com/profile_images/1383196364792680448/N8CdupEu_normal.jpg", "created_at": "2016-12-08T23:26:58.000Z", "public_metrics": {"followers_count": 190362, "following_count": 220, "tweet_count": 1150, "listed_count": 566}, "name": "Amber Heard"}}, "author": {"url": "", "username": "Havok_Hendrix", "description": "", "id": "837518672797155328", "profile_image_url": "https://pbs.twimg.com/profile_images/837519804911144960/DlWeXlzh_normal.jpg", "created_at": "2017-03-03T04:23:06.000Z", "public_metrics": {"followers_count": 157, "following_count": 2208, "tweet_count": 2057, "listed_count": 2}, "name": "Havok"}}, {"created_at": "2017-04-24T17:10:31.000Z", "source": "Twitter for iPhone", "referenced_tweets": [{"type": "quoted", "id": "856296558081359872"}], "entities": {"urls": [{"start": 47, "end": 70, "url": "https://t.co/yH7b4DQbIN", "expanded_url": "https://twitter.com/realamberheard/status/856296558081359872", "display_url": "twitter.com/realamberheard\u2026"}], "annotations": [{"start": 22, "end": 35, "probability": 0.7788, "type": "Person", "normalized_text": "evelyne brochu"}]}, "lang": "en", "id": "856555969043603457", "text": "i just read this with evelyne brochu's voice i https://t.co/yH7b4DQbIN", "author_id": "293397603", "public_metrics": {"retweet_count": 0, "reply_count": 0, "like_count": 1, "quote_count": 0}, "quoted_tweet": {"created_at": "2017-04-23T23:59:43.000Z", "source": "Twitter for iPhone", "referenced_tweets": [{"type": "quoted", "id": "856292321364631554"}], "entities": {"urls": [{"start": 7, "end": 30, "url": "https://t.co/YDfQ8Ue1aq", "expanded_url": "https://twitter.com/elonmusk/status/856292321364631554", "display_url": "twitter.com/elonmusk/statu\u2026"}]}, "lang": "en", "id": "856296558081359872", "text": "Cheeky https://t.co/YDfQ8Ue1aq", "author_id": "807003567605227520", "public_metrics": {"retweet_count": 108, "reply_count": 53, "like_count": 641, "quote_count": 14}, "author": {"url": "https://t.co/Ze18Ek9SOI", "username": "realamberheard", "description": "Actor and Activist, semi-professional disruptor, ice cream advocate and shameless teacup yorkie-lover", "id": "807003567605227520", "location": "Los Angeles, CA", "profile_image_url": "https://pbs.twimg.com/profile_images/1383196364792680448/N8CdupEu_normal.jpg", "created_at": "2016-12-08T23:26:58.000Z", "public_metrics": {"followers_count": 190362, "following_count": 220, "tweet_count": 1150, "listed_count": 566}, "name": "Amber Heard"}}, "author": {"url": "https://t.co/euQmPZCxbG", "username": "WAVYlNTERLUDE", "description": "she/they \ud83e\udd8b 20", "id": "293397603", "location": "sagittarius \u263c leo\u263d scorpio \u21e1", "profile_image_url": "https://pbs.twimg.com/profile_images/1443778864866496513/ww8ldiiM_normal.jpg", "created_at": "2011-05-05T08:38:10.000Z", "public_metrics": {"followers_count": 850, "following_count": 429, "tweet_count": 65702, "listed_count": 6}, "name": "lin"}}, {"created_at": "2017-04-24T16:31:47.000Z", "source": "Twitter for iPhone", "entities": {"urls": [{"start": 39, "end": 62, "url": "https://t.co/xhjnsrPc0c", "expanded_url": "https://twitter.com/realamberheard/status/856296558081359872", "display_url": "twitter.com/realamberheard\u2026"}]}, "lang": "en", "id": "856546219308589056", "text": "Good luck to him! He's gonna need it \ud83d\ude02 https://t.co/xhjnsrPc0c", "author_id": "84688393", "public_metrics": {"retweet_count": 0, "reply_count": 0, "like_count": 2, "quote_count": 0}, "quoted_tweet": {"created_at": "2017-04-23T23:59:43.000Z", "source": "Twitter for iPhone", "referenced_tweets": [{"type": "quoted", "id": "856292321364631554"}], "entities": {"urls": [{"start": 7, "end": 30, "url": "https://t.co/YDfQ8Ue1aq", "expanded_url": "https://twitter.com/elonmusk/status/856292321364631554", "display_url": "twitter.com/elonmusk/statu\u2026"}]}, "lang": "en", "id": "856296558081359872", "text": "Cheeky https://t.co/YDfQ8Ue1aq", "author_id": "807003567605227520", "public_metrics": {"retweet_count": 108, "reply_count": 53, "like_count": 641, "quote_count": 14}, "author": {"url": "https://t.co/Ze18Ek9SOI", "username": "realamberheard", "description": "Actor and Activist, semi-professional disruptor, ice cream advocate and shameless teacup yorkie-lover", "id": "807003567605227520", "location": "Los Angeles, CA", "profile_image_url": "https://pbs.twimg.com/profile_images/1383196364792680448/N8CdupEu_normal.jpg", "created_at": "2016-12-08T23:26:58.000Z", "public_metrics": {"followers_count": 190362, "following_count": 220, "tweet_count": 1150, "listed_count": 566}, "name": "Amber Heard"}}, "author": {"url": "https://t.co/1G4JtmIIb7", "username": "I_Love_Depp", "description": "\u27a1\ufe0f\ud83d\udda4\u2019Just keep moving forward\u2019\ud83d\udda4-\ud835\udca5\ud835\udc5c\ud835\udcbd\ud835\udcc3\ud835\udcc3\ud835\udcce \ud835\udc9f\ud835\udc52\ud835\udcc5\ud835\udcc5 \ud83c\udfac \u2665\ufe0f HBC \u2763\ufe0f\u2ae9\u2763\ufe0f Tim Burton \ud83d\udda4\u264a\ufe0f\u2763\ufe0f@LFC\u26bd\ufe0f#YNWA #DontBuyTheSun #JFT97", "id": "84688393", "location": "Northern Ireland", "profile_image_url": "https://pbs.twimg.com/profile_images/1506235048235778057/EDsJTH6r_normal.jpg", "created_at": "2009-10-23T21:04:08.000Z", "public_metrics": {"followers_count": 3203, "following_count": 836, "tweet_count": 58120, "listed_count": 19}, "name": "Laur\u00ebn\ud83e\udd40\ud83d\udda4"}}, {"created_at": "2017-04-24T11:02:51.000Z", "source": "Twitter Web Client", "referenced_tweets": [{"type": "quoted", "id": "856296558081359872"}], "entities": {"urls": [{"start": 35, "end": 58, "url": "https://t.co/5YcI0HsRQT", "expanded_url": "https://twitter.com/realamberheard/status/856296558081359872", "display_url": "twitter.com/realamberheard\u2026"}]}, "lang": "pt", "id": "856463440701009921", "text": "amiga, n\u00e3o faz assim que eu shippo https://t.co/5YcI0HsRQT", "author_id": "70827224", "public_metrics": {"retweet_count": 0, "reply_count": 0, "like_count": 0, "quote_count": 0}, "quoted_tweet": {"created_at": "2017-04-23T23:59:43.000Z", "source": "Twitter for iPhone", "referenced_tweets": [{"type": "quoted", "id": "856292321364631554"}], "entities": {"urls": [{"start": 7, "end": 30, "url": "https://t.co/YDfQ8Ue1aq", "expanded_url": "https://twitter.com/elonmusk/status/856292321364631554", "display_url": "twitter.com/elonmusk/statu\u2026"}]}, "lang": "en", "id": "856296558081359872", "text": "Cheeky https://t.co/YDfQ8Ue1aq", "author_id": "807003567605227520", "public_metrics": {"retweet_count": 108, "reply_count": 53, "like_count": 641, "quote_count": 14}, "author": {"url": "https://t.co/Ze18Ek9SOI", "username": "realamberheard", "description": "Actor and Activist, semi-professional disruptor, ice cream advocate and shameless teacup yorkie-lover", "id": "807003567605227520", "location": "Los Angeles, CA", "profile_image_url": "https://pbs.twimg.com/profile_images/1383196364792680448/N8CdupEu_normal.jpg", "created_at": "2016-12-08T23:26:58.000Z", "public_metrics": {"followers_count": 190362, "following_count": 220, "tweet_count": 1150, "listed_count": 566}, "name": "Amber Heard"}}, "author": {"url": "", "username": "leticiabahr", "description": "", "id": "70827224", "profile_image_url": "https://pbs.twimg.com/profile_images/1467918348331757569/1Izn5Xfz_normal.jpg", "created_at": "2009-09-02T00:06:05.000Z", "public_metrics": {"followers_count": 261, "following_count": 496, "tweet_count": 18538, "listed_count": 3}, "name": "Let\u00edcia"}}, {"created_at": "2017-04-24T10:11:51.000Z", "source": "Twitter for iPhone", "referenced_tweets": [{"type": "quoted", "id": "856296558081359872"}], "entities": {"hashtags": [{"start": 123, "end": 128, "tag": "Depp"}, {"start": 129, "end": 144, "tag": "SayNoToBullies"}], "urls": [{"start": 145, "end": 168, "url": "https://t.co/U3QyMHVirE", "expanded_url": "https://twitter.com/realamberheard/status/856296558081359872", "display_url": "twitter.com/realamberheard\u2026"}], "annotations": [{"start": 12, "end": 16, "probability": 0.5103, "type": "Person", "normalized_text": "Amber"}]}, "lang": "en", "id": "856450605845540864", "text": "Good on you Amber Heard\ud83d\udc4f\ud83c\udffb \nYou have settled for younger; wealthier; more powerful &amp; definitely...sexy.\nGlad you out of #Depp\n#SayNoToBullies https://t.co/U3QyMHVirE", "author_id": "728111577002450944", "public_metrics": {"retweet_count": 0, "reply_count": 0, "like_count": 0, "quote_count": 0}, "quoted_tweet": {"created_at": "2017-04-23T23:59:43.000Z", "source": "Twitter for iPhone", "referenced_tweets": [{"type": "quoted", "id": "856292321364631554"}], "entities": {"urls": [{"start": 7, "end": 30, "url": "https://t.co/YDfQ8Ue1aq", "expanded_url": "https://twitter.com/elonmusk/status/856292321364631554", "display_url": "twitter.com/elonmusk/statu\u2026"}]}, "lang": "en", "id": "856296558081359872", "text": "Cheeky https://t.co/YDfQ8Ue1aq", "author_id": "807003567605227520", "public_metrics": {"retweet_count": 108, "reply_count": 53, "like_count": 641, "quote_count": 14}, "author": {"url": "https://t.co/Ze18Ek9SOI", "username": "realamberheard", "description": "Actor and Activist, semi-professional disruptor, ice cream advocate and shameless teacup yorkie-lover", "id": "807003567605227520", "location": "Los Angeles, CA", "profile_image_url": "https://pbs.twimg.com/profile_images/1383196364792680448/N8CdupEu_normal.jpg", "created_at": "2016-12-08T23:26:58.000Z", "public_metrics": {"followers_count": 190362, "following_count": 220, "tweet_count": 1150, "listed_count": 566}, "name": "Amber Heard"}}, "author": {"url": "", "username": "sharmz16", "description": "Advocate  against bullying... No to injustice", "id": "728111577002450944", "location": "Global Ambassador", "profile_image_url": "https://pbs.twimg.com/profile_images/728113806769950720/7e0UOTLE_normal.jpg", "created_at": "2016-05-05T06:38:22.000Z", "public_metrics": {"followers_count": 24, "following_count": 188, "tweet_count": 66, "listed_count": 1}, "name": "buddiesnotbullies"}}, {"created_at": "2017-04-24T09:25:28.000Z", "source": "Twitter for Android", "referenced_tweets": [{"type": "quoted", "id": "856296558081359872"}], "entities": {"urls": [{"start": 58, "end": 81, "url": "https://t.co/NtFEZeDcAz", "expanded_url": "https://twitter.com/realamberheard/status/856296558081359872", "display_url": "twitter.com/realamberheard\u2026"}]}, "lang": "tr", "id": "856438932543868928", "text": "Elon bu kari senin paranin pesinde yigidim ben sene diyem https://t.co/NtFEZeDcAz", "author_id": "3058239446", "public_metrics": {"retweet_count": 0, "reply_count": 0, "like_count": 0, "quote_count": 0}, "quoted_tweet": {"created_at": "2017-04-23T23:59:43.000Z", "source": "Twitter for iPhone", "referenced_tweets": [{"type": "quoted", "id": "856292321364631554"}], "entities": {"urls": [{"start": 7, "end": 30, "url": "https://t.co/YDfQ8Ue1aq", "expanded_url": "https://twitter.com/elonmusk/status/856292321364631554", "display_url": "twitter.com/elonmusk/statu\u2026"}]}, "lang": "en", "id": "856296558081359872", "text": "Cheeky https://t.co/YDfQ8Ue1aq", "author_id": "807003567605227520", "public_metrics": {"retweet_count": 108, "reply_count": 53, "like_count": 641, "quote_count": 14}, "author": {"url": "https://t.co/Ze18Ek9SOI", "username": "realamberheard", "description": "Actor and Activist, semi-professional disruptor, ice cream advocate and shameless teacup yorkie-lover", "id": "807003567605227520", "location": "Los Angeles, CA", "profile_image_url": "https://pbs.twimg.com/profile_images/1383196364792680448/N8CdupEu_normal.jpg", "created_at": "2016-12-08T23:26:58.000Z", "public_metrics": {"followers_count": 190362, "following_count": 220, "tweet_count": 1150, "listed_count": 566}, "name": "Amber Heard"}}, "author": {"url": "", "username": "ozturks94", "description": "", "id": "3058239446", "profile_image_url": "https://pbs.twimg.com/profile_images/1505222522962391043/BViBIBvq_normal.jpg", "created_at": "2015-03-02T20:39:07.000Z", "public_metrics": {"followers_count": 151, "following_count": 325, "tweet_count": 11305, "listed_count": 2}, "name": "\u00f6zt\u00fcrk"}}, {"created_at": "2017-04-24T00:07:37.000Z", "source": "Twitter for iPad", "referenced_tweets": [{"type": "quoted", "id": "856296558081359872"}], "entities": {"urls": [{"start": 13, "end": 36, "url": "https://t.co/2N6RoxyTsP", "expanded_url": "https://twitter.com/realamberheard/status/856296558081359872", "display_url": "twitter.com/realamberheard\u2026"}]}, "lang": "en", "id": "856298547582570496", "text": "Red lips \ud83d\udc8b\ud83d\udc8b\ud83d\udc8b https://t.co/2N6RoxyTsP", "author_id": "3225709965", "public_metrics": {"retweet_count": 0, "reply_count": 0, "like_count": 0, "quote_count": 0}, "quoted_tweet": {"created_at": "2017-04-23T23:59:43.000Z", "source": "Twitter for iPhone", "referenced_tweets": [{"type": "quoted", "id": "856292321364631554"}], "entities": {"urls": [{"start": 7, "end": 30, "url": "https://t.co/YDfQ8Ue1aq", "expanded_url": "https://twitter.com/elonmusk/status/856292321364631554", "display_url": "twitter.com/elonmusk/statu\u2026"}]}, "lang": "en", "id": "856296558081359872", "text": "Cheeky https://t.co/YDfQ8Ue1aq", "author_id": "807003567605227520", "public_metrics": {"retweet_count": 108, "reply_count": 53, "like_count": 641, "quote_count": 14}, "author": {"url": "https://t.co/Ze18Ek9SOI", "username": "realamberheard", "description": "Actor and Activist, semi-professional disruptor, ice cream advocate and shameless teacup yorkie-lover", "id": "807003567605227520", "location": "Los Angeles, CA", "profile_image_url": "https://pbs.twimg.com/profile_images/1383196364792680448/N8CdupEu_normal.jpg", "created_at": "2016-12-08T23:26:58.000Z", "public_metrics": {"followers_count": 190362, "following_count": 220, "tweet_count": 1150, "listed_count": 566}, "name": "Amber Heard"}}, "author": {"url": "", "username": "xtinasarrival", "description": "One hyperfixation at time. She/her", "id": "3225709965", "location": "Brazil", "profile_image_url": "https://pbs.twimg.com/profile_images/1506686593679167494/YctkC0hX_normal.jpg", "created_at": "2015-05-01T02:25:08.000Z", "public_metrics": {"followers_count": 505, "following_count": 383, "tweet_count": 55695, "listed_count": 8}, "name": "Jam"}}, {"created_at": "2017-04-24T00:02:43.000Z", "source": "Twitter for iPhone", "referenced_tweets": [{"type": "quoted", "id": "856296558081359872"}], "entities": {"urls": [{"start": 32, "end": 55, "url": "https://t.co/5KyjX7Cek1", "expanded_url": "https://twitter.com/realamberheard/status/856296558081359872", "display_url": "twitter.com/realamberheard\u2026"}]}, "lang": "pt", "id": "856297313714798599", "text": "Shippando fortemente esse casal https://t.co/5KyjX7Cek1", "author_id": "103653538", "public_metrics": {"retweet_count": 0, "reply_count": 0, "like_count": 0, "quote_count": 0}, "quoted_tweet": {"created_at": "2017-04-23T23:59:43.000Z", "source": "Twitter for iPhone", "referenced_tweets": [{"type": "quoted", "id": "856292321364631554"}], "entities": {"urls": [{"start": 7, "end": 30, "url": "https://t.co/YDfQ8Ue1aq", "expanded_url": "https://twitter.com/elonmusk/status/856292321364631554", "display_url": "twitter.com/elonmusk/statu\u2026"}]}, "lang": "en", "id": "856296558081359872", "text": "Cheeky https://t.co/YDfQ8Ue1aq", "author_id": "807003567605227520", "public_metrics": {"retweet_count": 108, "reply_count": 53, "like_count": 641, "quote_count": 14}, "author": {"url": "https://t.co/Ze18Ek9SOI", "username": "realamberheard", "description": "Actor and Activist, semi-professional disruptor, ice cream advocate and shameless teacup yorkie-lover", "id": "807003567605227520", "location": "Los Angeles, CA", "profile_image_url": "https://pbs.twimg.com/profile_images/1383196364792680448/N8CdupEu_normal.jpg", "created_at": "2016-12-08T23:26:58.000Z", "public_metrics": {"followers_count": 190362, "following_count": 220, "tweet_count": 1150, "listed_count": 566}, "name": "Amber Heard"}}, "author": {"url": "https://t.co/TDq8PERlXy", "username": "wannabeherdeira", "description": "RI, direito e tudo que h\u00e1 de ruim. A real shit show at the fuck factory.", "id": "103653538", "profile_image_url": "https://pbs.twimg.com/profile_images/1482537065254371333/A17lXxZH_normal.jpg", "created_at": "2010-01-10T20:06:09.000Z", "public_metrics": {"followers_count": 236, "following_count": 241, "tweet_count": 32734, "listed_count": 3}, "name": "ana carolina"}}, {"created_at": "2017-04-24T00:00:43.000Z", "source": "Twitter for iPhone", "referenced_tweets": [{"type": "quoted", "id": "856296558081359872"}], "entities": {"urls": [{"start": 33, "end": 56, "url": "https://t.co/Uw1XOagUsf", "expanded_url": "https://twitter.com/realamberheard/status/856296558081359872", "display_url": "twitter.com/realamberheard\u2026"}]}, "lang": "fr", "id": "856296812193472513", "text": "elle confirme leurs relation!!!! https://t.co/Uw1XOagUsf", "author_id": "564823986", "public_metrics": {"retweet_count": 0, "reply_count": 0, "like_count": 0, "quote_count": 0}, "quoted_tweet": {"created_at": "2017-04-23T23:59:43.000Z", "source": "Twitter for iPhone", "referenced_tweets": [{"type": "quoted", "id": "856292321364631554"}], "entities": {"urls": [{"start": 7, "end": 30, "url": "https://t.co/YDfQ8Ue1aq", "expanded_url": "https://twitter.com/elonmusk/status/856292321364631554", "display_url": "twitter.com/elonmusk/statu\u2026"}]}, "lang": "en", "id": "856296558081359872", "text": "Cheeky https://t.co/YDfQ8Ue1aq", "author_id": "807003567605227520", "public_metrics": {"retweet_count": 108, "reply_count": 53, "like_count": 641, "quote_count": 14}, "author": {"url": "https://t.co/Ze18Ek9SOI", "username": "realamberheard", "description": "Actor and Activist, semi-professional disruptor, ice cream advocate and shameless teacup yorkie-lover", "id": "807003567605227520", "location": "Los Angeles, CA", "profile_image_url": "https://pbs.twimg.com/profile_images/1383196364792680448/N8CdupEu_normal.jpg", "created_at": "2016-12-08T23:26:58.000Z", "public_metrics": {"followers_count": 190362, "following_count": 220, "tweet_count": 1150, "listed_count": 566}, "name": "Amber Heard"}}, "author": {"url": "https://t.co/3OwoITRqMZ", "username": "bvtcat", "description": "23. she/her. I may not know love, but I know snacks. \u2022\u25e1\u2022", "id": "564823986", "location": "not seoul anymore", "profile_image_url": "https://pbs.twimg.com/profile_images/1478850489206943744/Jzu2w_JD_normal.jpg", "created_at": "2012-04-27T16:31:32.000Z", "public_metrics": {"followers_count": 1114, "following_count": 344, "tweet_count": 199742, "listed_count": 0}, "name": "c \u2022\u25e1\u2022 \ud83c\udf4a"}}]