[{"created_at": "2017-05-12T15:38:14.000Z", "text": "Fav photoshoot ever \ud83d\ude0d https://t.co/I8TLpQyNmx", "source": "Twitter for Android", "public_metrics": {"retweet_count": 0, "reply_count": 0, "like_count": 0, "quote_count": 0}, "id": "863055726901682176", "author_id": "364021443", "lang": "en", "referenced_tweets": [{"type": "quoted", "id": "863033936296816640"}], "entities": {"urls": [{"start": 22, "end": 45, "url": "https://t.co/I8TLpQyNmx", "expanded_url": "https://twitter.com/realamberheard/status/863033936296816640", "display_url": "twitter.com/realamberheard\u2026"}]}, "quoted_tweet": {"entities": {"mentions": [{"start": 128, "end": 140, "username": "TasyavanRee", "id": "112010583"}], "hashtags": [{"start": 94, "end": 98, "tag": "fbf"}], "urls": [{"start": 99, "end": 122, "url": "https://t.co/AN6DMK5KQn", "expanded_url": "https://youtu.be/oAv5e3skFv4", "display_url": "youtu.be/oAv5e3skFv4", "status": 200, "unwound_url": "https://www.youtube.com/watch?v=oAv5e3skFv4&feature=youtu.be"}]}, "created_at": "2017-05-12T14:11:39.000Z", "text": "When a typical Tuesday turns into a spontaneous video shoot.\u00a0It was either this or Thai food. #fbf https://t.co/AN6DMK5KQn \ud83d\udcf8/\ud83c\udfa5: @TasyavanRee", "source": "Twitter for iPhone", "public_metrics": {"retweet_count": 100, "reply_count": 47, "like_count": 321, "quote_count": 10}, "id": "863033936296816640", "author_id": "807003567605227520", "lang": "en", "author": {"username": "realamberheard", "id": "807003567605227520", "created_at": "2016-12-08T23:26:58.000Z", "public_metrics": {"followers_count": 190362, "following_count": 220, "tweet_count": 1150, "listed_count": 566}, "name": "Amber Heard", "url": "https://t.co/Ze18Ek9SOI", "location": "Los Angeles, CA", "description": "Actor and Activist, semi-professional disruptor, ice cream advocate and shameless teacup yorkie-lover", "profile_image_url": "https://pbs.twimg.com/profile_images/1383196364792680448/N8CdupEu_normal.jpg"}}, "author": {"username": "deusinabsenti", "id": "364021443", "created_at": "2011-08-29T02:20:52.000Z", "public_metrics": {"followers_count": 977, "following_count": 74, "tweet_count": 107527, "listed_count": 13}, "name": "\ud83d\udcac", "url": "", "location": "sociedade esportiva palmeiras", "description": "my mind's like a deadly disease.", "profile_image_url": "https://pbs.twimg.com/profile_images/1465089164899241985/WTym8EhO_normal.jpg"}}, {"created_at": "2017-05-12T15:12:03.000Z", "text": "YOU'RE DOING AMAZING SWEETIE https://t.co/OFHP8PUzpd", "source": "Twitter Web Client", "public_metrics": {"retweet_count": 0, "reply_count": 0, "like_count": 1, "quote_count": 0}, "id": "863049137519906816", "author_id": "759574899589603333", "lang": "en", "referenced_tweets": [{"type": "quoted", "id": "863033936296816640"}], "entities": {"urls": [{"start": 29, "end": 52, "url": "https://t.co/OFHP8PUzpd", "expanded_url": "https://twitter.com/realamberheard/status/863033936296816640", "display_url": "twitter.com/realamberheard\u2026"}]}, "quoted_tweet": {"entities": {"mentions": [{"start": 128, "end": 140, "username": "TasyavanRee", "id": "112010583"}], "hashtags": [{"start": 94, "end": 98, "tag": "fbf"}], "urls": [{"start": 99, "end": 122, "url": "https://t.co/AN6DMK5KQn", "expanded_url": "https://youtu.be/oAv5e3skFv4", "display_url": "youtu.be/oAv5e3skFv4", "status": 200, "unwound_url": "https://www.youtube.com/watch?v=oAv5e3skFv4&feature=youtu.be"}]}, "created_at": "2017-05-12T14:11:39.000Z", "text": "When a typical Tuesday turns into a spontaneous video shoot.\u00a0It was either this or Thai food. #fbf https://t.co/AN6DMK5KQn \ud83d\udcf8/\ud83c\udfa5: @TasyavanRee", "source": "Twitter for iPhone", "public_metrics": {"retweet_count": 100, "reply_count": 47, "like_count": 321, "quote_count": 10}, "id": "863033936296816640", "author_id": "807003567605227520", "lang": "en", "author": {"username": "realamberheard", "id": "807003567605227520", "created_at": "2016-12-08T23:26:58.000Z", "public_metrics": {"followers_count": 190362, "following_count": 220, "tweet_count": 1150, "listed_count": 566}, "name": "Amber Heard", "url": "https://t.co/Ze18Ek9SOI", "location": "Los Angeles, CA", "description": "Actor and Activist, semi-professional disruptor, ice cream advocate and shameless teacup yorkie-lover", "profile_image_url": "https://pbs.twimg.com/profile_images/1383196364792680448/N8CdupEu_normal.jpg"}}, "author": {"username": "royaIvelvet", "id": "759574899589603333", "created_at": "2016-07-31T02:22:23.000Z", "public_metrics": {"followers_count": 554, "following_count": 70, "tweet_count": 121251, "listed_count": 13}, "name": "\ud83d\udd73\ufe0f", "url": "", "location": "she/her 26", "description": "do not follow if you're a minor \ud83d\ude4f\ud83c\udffc", "profile_image_url": "https://pbs.twimg.com/profile_images/1504479980079570950/5o1xbioS_normal.jpg"}}, {"created_at": "2017-05-12T14:29:29.000Z", "text": "WHAT A BLESSING https://t.co/UfSKZ4A6KM", "source": "Twitter for Android", "public_metrics": {"retweet_count": 0, "reply_count": 0, "like_count": 0, "quote_count": 0}, "id": "863038423631888385", "author_id": "494083141", "lang": "en", "referenced_tweets": [{"type": "quoted", "id": "863033936296816640"}], "entities": {"urls": [{"start": 16, "end": 39, "url": "https://t.co/UfSKZ4A6KM", "expanded_url": "https://twitter.com/realamberheard/status/863033936296816640", "display_url": "twitter.com/realamberheard\u2026"}]}, "quoted_tweet": {"entities": {"mentions": [{"start": 128, "end": 140, "username": "TasyavanRee", "id": "112010583"}], "hashtags": [{"start": 94, "end": 98, "tag": "fbf"}], "urls": [{"start": 99, "end": 122, "url": "https://t.co/AN6DMK5KQn", "expanded_url": "https://youtu.be/oAv5e3skFv4", "display_url": "youtu.be/oAv5e3skFv4", "status": 200, "unwound_url": "https://www.youtube.com/watch?v=oAv5e3skFv4&feature=youtu.be"}]}, "created_at": "2017-05-12T14:11:39.000Z", "text": "When a typical Tuesday turns into a spontaneous video shoot.\u00a0It was either this or Thai food. #fbf https://t.co/AN6DMK5KQn \ud83d\udcf8/\ud83c\udfa5: @TasyavanRee", "source": "Twitter for iPhone", "public_metrics": {"retweet_count": 100, "reply_count": 47, "like_count": 321, "quote_count": 10}, "id": "863033936296816640", "author_id": "807003567605227520", "lang": "en", "author": {"username": "realamberheard", "id": "807003567605227520", "created_at": "2016-12-08T23:26:58.000Z", "public_metrics": {"followers_count": 190362, "following_count": 220, "tweet_count": 1150, "listed_count": 566}, "name": "Amber Heard", "url": "https://t.co/Ze18Ek9SOI", "location": "Los Angeles, CA", "description": "Actor and Activist, semi-professional disruptor, ice cream advocate and shameless teacup yorkie-lover", "profile_image_url": "https://pbs.twimg.com/profile_images/1383196364792680448/N8CdupEu_normal.jpg"}}, "author": {"username": "barbarianclexa", "id": "494083141", "created_at": "2012-02-16T14:14:39.000Z", "public_metrics": {"followers_count": 432, "following_count": 443, "tweet_count": 105196, "listed_count": 5}, "name": "edy \ud83c\udf42 HEARTSTOPPER!!", "url": "", "location": "Spain", "description": "they/she. 24. dice goblin. |-/ d&d boosts my serotonin levels. |SPA/ENG|", "profile_image_url": "https://pbs.twimg.com/profile_images/1489699529456762886/8JdttqaI_normal.jpg"}}, {"created_at": "2017-05-12T14:24:53.000Z", "text": "she will be the death of me https://t.co/IYrGisvdUs", "source": "Twitter for Android", "public_metrics": {"retweet_count": 0, "reply_count": 0, "like_count": 1, "quote_count": 0}, "id": "863037268667367425", "author_id": "247872007", "lang": "en", "referenced_tweets": [{"type": "quoted", "id": "863033936296816640"}], "entities": {"urls": [{"start": 28, "end": 51, "url": "https://t.co/IYrGisvdUs", "expanded_url": "https://twitter.com/realamberheard/status/863033936296816640", "display_url": "twitter.com/realamberheard\u2026"}]}, "quoted_tweet": {"entities": {"mentions": [{"start": 128, "end": 140, "username": "TasyavanRee", "id": "112010583"}], "hashtags": [{"start": 94, "end": 98, "tag": "fbf"}], "urls": [{"start": 99, "end": 122, "url": "https://t.co/AN6DMK5KQn", "expanded_url": "https://youtu.be/oAv5e3skFv4", "display_url": "youtu.be/oAv5e3skFv4", "status": 200, "unwound_url": "https://www.youtube.com/watch?v=oAv5e3skFv4&feature=youtu.be"}]}, "created_at": "2017-05-12T14:11:39.000Z", "text": "When a typical Tuesday turns into a spontaneous video shoot.\u00a0It was either this or Thai food. #fbf https://t.co/AN6DMK5KQn \ud83d\udcf8/\ud83c\udfa5: @TasyavanRee", "source": "Twitter for iPhone", "public_metrics": {"retweet_count": 100, "reply_count": 47, "like_count": 321, "quote_count": 10}, "id": "863033936296816640", "author_id": "807003567605227520", "lang": "en", "author": {"username": "realamberheard", "id": "807003567605227520", "created_at": "2016-12-08T23:26:58.000Z", "public_metrics": {"followers_count": 190362, "following_count": 220, "tweet_count": 1150, "listed_count": 566}, "name": "Amber Heard", "url": "https://t.co/Ze18Ek9SOI", "location": "Los Angeles, CA", "description": "Actor and Activist, semi-professional disruptor, ice cream advocate and shameless teacup yorkie-lover", "profile_image_url": "https://pbs.twimg.com/profile_images/1383196364792680448/N8CdupEu_normal.jpg"}}, "author": {"username": "scarletwitchs", "id": "247872007", "created_at": "2011-02-05T19:09:21.000Z", "public_metrics": {"followers_count": 1011, "following_count": 622, "tweet_count": 101476, "listed_count": 30}, "name": "\ud835\ude9c\ud835\ude8a\ud835\ude97\ud835\ude8d\ud835\ude9b\ud835\ude8a \ud83d\udc33\ud83c\udf19", "url": "", "description": "\u2014 \ud835\ude2a \ud835\ude22\ud835\ude2e \ud835\ude35\ud835\ude30 \ud835\ude23\ud835\ude26 \ud835\ude22 \ud835\ude2c\ud835\ude2a\ud835\ude2f\ud835\ude28 \ud835\ude30\ud835\ude27 \ud835\ude22 \ud835\ude33\ud835\ude36\ud835\ude2a\ud835\ude2f\ud835\ude26\ud835\ude25 \ud835\ude38\ud835\ude30\ud835\ude33\ud835\ude2d\ud835\ude25, \ud835\ude22\ud835\ude2f\ud835\ude25 \ud835\ude2a \ud835\ude34\ud835\ude29\ud835\ude22\ud835\ude2d\ud835\ude2d \ud835\ude2f\ud835\ude26\ud835\ude37\ud835\ude26\ud835\ude33 \ud835\ude25\ud835\ude2a\ud835\ude26.", "profile_image_url": "https://pbs.twimg.com/profile_images/1503110785073037312/4Zq607Fd_normal.jpg"}}, {"created_at": "2017-05-12T14:21:39.000Z", "text": "oh wow.... i am straight https://t.co/uy2Bz6ZZxU", "source": "Twitter Web Client", "public_metrics": {"retweet_count": 0, "reply_count": 1, "like_count": 5, "quote_count": 0}, "id": "863036453558906880", "author_id": "3878153465", "lang": "en", "referenced_tweets": [{"type": "quoted", "id": "863033936296816640"}], "entities": {"urls": [{"start": 25, "end": 48, "url": "https://t.co/uy2Bz6ZZxU", "expanded_url": "https://twitter.com/realamberheard/status/863033936296816640", "display_url": "twitter.com/realamberheard\u2026"}]}, "quoted_tweet": {"entities": {"mentions": [{"start": 128, "end": 140, "username": "TasyavanRee", "id": "112010583"}], "hashtags": [{"start": 94, "end": 98, "tag": "fbf"}], "urls": [{"start": 99, "end": 122, "url": "https://t.co/AN6DMK5KQn", "expanded_url": "https://youtu.be/oAv5e3skFv4", "display_url": "youtu.be/oAv5e3skFv4", "status": 200, "unwound_url": "https://www.youtube.com/watch?v=oAv5e3skFv4&feature=youtu.be"}]}, "created_at": "2017-05-12T14:11:39.000Z", "text": "When a typical Tuesday turns into a spontaneous video shoot.\u00a0It was either this or Thai food. #fbf https://t.co/AN6DMK5KQn \ud83d\udcf8/\ud83c\udfa5: @TasyavanRee", "source": "Twitter for iPhone", "public_metrics": {"retweet_count": 100, "reply_count": 47, "like_count": 321, "quote_count": 10}, "id": "863033936296816640", "author_id": "807003567605227520", "lang": "en", "author": {"username": "realamberheard", "id": "807003567605227520", "created_at": "2016-12-08T23:26:58.000Z", "public_metrics": {"followers_count": 190362, "following_count": 220, "tweet_count": 1150, "listed_count": 566}, "name": "Amber Heard", "url": "https://t.co/Ze18Ek9SOI", "location": "Los Angeles, CA", "description": "Actor and Activist, semi-professional disruptor, ice cream advocate and shameless teacup yorkie-lover", "profile_image_url": "https://pbs.twimg.com/profile_images/1383196364792680448/N8CdupEu_normal.jpg"}}, "author": {"username": "hoechlbeard", "id": "3878153465", "created_at": "2015-10-06T06:34:21.000Z", "public_metrics": {"followers_count": 169, "following_count": 243, "tweet_count": 10647, "listed_count": 4}, "name": "Max \ud83c\udf50", "url": "", "description": "warrior? haha no i am a worrier. i worry about everything.", "profile_image_url": "https://pbs.twimg.com/profile_images/1328233086140735488/_1de3sIM_normal.jpg"}}]