[{"source": "Twitter Web Client", "lang": "en", "public_metrics": {"retweet_count": 0, "reply_count": 0, "like_count": 0, "quote_count": 0}, "created_at": "2017-05-17T13:16:57.000Z", "id": "864832111773077504", "entities": {"urls": [{"start": 10, "end": 33, "url": "https://t.co/dLdxjduVuJ", "expanded_url": "https://twitter.com/realamberheard/status/864488542608609281", "display_url": "twitter.com/realamberheard\u2026"}]}, "referenced_tweets": [{"type": "quoted", "id": "864488542608609281"}], "text": "wow queen https://t.co/dLdxjduVuJ", "author_id": "53025097", "quoted_tweet": {"source": "Twitter for iPhone", "lang": "und", "public_metrics": {"retweet_count": 45, "reply_count": 25, "like_count": 180, "quote_count": 3}, "created_at": "2017-05-16T14:31:44.000Z", "id": "864488542608609281", "entities": {"urls": [{"start": 0, "end": 23, "url": "https://t.co/Yly3Z63bgP", "expanded_url": "http://m.dw.com/en/blasphemy-allegations-the-new-way-of-muzzling-free-speech-in-south-asia/a-38675677", "display_url": "m.dw.com/en/blasphemy-a\u2026", "unwound_url": "http://www.dw.com/en/blasphemy-allegations-the-new-way-of-muzzling-free-speech-in-south-asia/a-38675677"}]}, "text": "https://t.co/Yly3Z63bgP", "author_id": "807003567605227520", "author": {"created_at": "2016-12-08T23:26:58.000Z", "profile_image_url": "https://pbs.twimg.com/profile_images/1383196364792680448/N8CdupEu_normal.jpg", "url": "https://t.co/Ze18Ek9SOI", "name": "Amber Heard", "location": "Los Angeles, CA", "id": "807003567605227520", "public_metrics": {"followers_count": 190362, "following_count": 220, "tweet_count": 1150, "listed_count": 566}, "description": "Actor and Activist, semi-professional disruptor, ice cream advocate and shameless teacup yorkie-lover", "username": "realamberheard"}}, "author": {"created_at": "2009-07-02T10:13:30.000Z", "profile_image_url": "https://pbs.twimg.com/profile_images/1343997822635413504/gezWOBZs_normal.jpg", "url": "", "name": "(\u25e1\ufe4f\u25e1\ud83c\udf3b)", "id": "53025097", "public_metrics": {"followers_count": 219, "following_count": 193, "tweet_count": 57154, "listed_count": 0}, "description": "girlemployee.", "username": "hanqrrtn"}}, {"source": "Twitter for Android", "lang": "en", "public_metrics": {"retweet_count": 0, "reply_count": 0, "like_count": 0, "quote_count": 0}, "created_at": "2017-05-16T14:55:02.000Z", "id": "864494406195449856", "entities": {"urls": [{"start": 53, "end": 76, "url": "https://t.co/5jMA2rquI5", "expanded_url": "https://twitter.com/realamberheard/status/864488542608609281", "display_url": "twitter.com/realamberheard\u2026"}]}, "referenced_tweets": [{"type": "quoted", "id": "864488542608609281"}], "text": "worth reading and sharing. fearing freedom of speech https://t.co/5jMA2rquI5", "author_id": "2284900040", "quoted_tweet": {"source": "Twitter for iPhone", "lang": "und", "public_metrics": {"retweet_count": 45, "reply_count": 25, "like_count": 180, "quote_count": 3}, "created_at": "2017-05-16T14:31:44.000Z", "id": "864488542608609281", "entities": {"urls": [{"start": 0, "end": 23, "url": "https://t.co/Yly3Z63bgP", "expanded_url": "http://m.dw.com/en/blasphemy-allegations-the-new-way-of-muzzling-free-speech-in-south-asia/a-38675677", "display_url": "m.dw.com/en/blasphemy-a\u2026", "unwound_url": "http://www.dw.com/en/blasphemy-allegations-the-new-way-of-muzzling-free-speech-in-south-asia/a-38675677"}]}, "text": "https://t.co/Yly3Z63bgP", "author_id": "807003567605227520", "author": {"created_at": "2016-12-08T23:26:58.000Z", "profile_image_url": "https://pbs.twimg.com/profile_images/1383196364792680448/N8CdupEu_normal.jpg", "url": "https://t.co/Ze18Ek9SOI", "name": "Amber Heard", "location": "Los Angeles, CA", "id": "807003567605227520", "public_metrics": {"followers_count": 190362, "following_count": 220, "tweet_count": 1150, "listed_count": 566}, "description": "Actor and Activist, semi-professional disruptor, ice cream advocate and shameless teacup yorkie-lover", "username": "realamberheard"}}, "author": {"created_at": "2014-01-10T10:48:52.000Z", "profile_image_url": "https://pbs.twimg.com/profile_images/1460300333369143296/9Xp17M5r_normal.jpg", "url": "", "name": "k.", "location": "\ud83c\udf08 Filipinas", "id": "2284900040", "public_metrics": {"followers_count": 822, "following_count": 336, "tweet_count": 81002, "listed_count": 17}, "description": "bi. peculiar. nihilism.\nuno x mingming \u2764", "username": "thykimdom"}}, {"source": "Twitter for iPhone", "lang": "en", "public_metrics": {"retweet_count": 0, "reply_count": 0, "like_count": 0, "quote_count": 0}, "created_at": "2017-05-16T14:36:29.000Z", "id": "864489735498080256", "entities": {"urls": [{"start": 11, "end": 34, "url": "https://t.co/cfrGbBpxBm", "expanded_url": "https://twitter.com/realamberheard/status/864488542608609281", "display_url": "twitter.com/realamberheard\u2026"}]}, "referenced_tweets": [{"type": "quoted", "id": "864488542608609281"}], "text": "Woke queen https://t.co/cfrGbBpxBm", "author_id": "712097614687145986", "quoted_tweet": {"source": "Twitter for iPhone", "lang": "und", "public_metrics": {"retweet_count": 45, "reply_count": 25, "like_count": 180, "quote_count": 3}, "created_at": "2017-05-16T14:31:44.000Z", "id": "864488542608609281", "entities": {"urls": [{"start": 0, "end": 23, "url": "https://t.co/Yly3Z63bgP", "expanded_url": "http://m.dw.com/en/blasphemy-allegations-the-new-way-of-muzzling-free-speech-in-south-asia/a-38675677", "display_url": "m.dw.com/en/blasphemy-a\u2026", "unwound_url": "http://www.dw.com/en/blasphemy-allegations-the-new-way-of-muzzling-free-speech-in-south-asia/a-38675677"}]}, "text": "https://t.co/Yly3Z63bgP", "author_id": "807003567605227520", "author": {"created_at": "2016-12-08T23:26:58.000Z", "profile_image_url": "https://pbs.twimg.com/profile_images/1383196364792680448/N8CdupEu_normal.jpg", "url": "https://t.co/Ze18Ek9SOI", "name": "Amber Heard", "location": "Los Angeles, CA", "id": "807003567605227520", "public_metrics": {"followers_count": 190362, "following_count": 220, "tweet_count": 1150, "listed_count": 566}, "description": "Actor and Activist, semi-professional disruptor, ice cream advocate and shameless teacup yorkie-lover", "username": "realamberheard"}}, "author": {"created_at": "2016-03-22T02:04:36.000Z", "profile_image_url": "https://pbs.twimg.com/profile_images/1506563293913096198/Gs2ywN8K_normal.jpg", "url": "", "name": "amandaa \ud83d\udc96 \u263b \ud83d\udd29", "location": "26 \u2022 bi \u2022 she/they \u2022 \ud83c\uddf2\ud83c\uddfd\ud83c\uddfa\ud83c\uddf8", "id": "712097614687145986", "public_metrics": {"followers_count": 4545, "following_count": 4999, "tweet_count": 438211, "listed_count": 165}, "description": "demi + a bunch of kpop, occasional films & kdramas,, also dodgers || multi || spanglish", "username": "dwaekkijoon"}}]