[{"referenced_tweets": [{"type": "quoted", "id": "873353803147366400"}], "id": "884308444555210752", "entities": {"urls": [{"start": 28, "end": 51, "url": "https://t.co/SdbA9a62pc", "expanded_url": "https://twitter.com/realamberheard/status/873353803147366400", "display_url": "twitter.com/realamberheard\u2026"}]}, "author_id": "869691102370160640", "created_at": "2017-07-10T07:08:57.000Z", "text": "inclusive queen \ud83d\ude2d a bicon \ud83d\ude2d https://t.co/SdbA9a62pc", "public_metrics": {"retweet_count": 0, "reply_count": 0, "like_count": 0, "quote_count": 0}, "source": "Twitter for iPhone", "lang": "en", "quoted_tweet": {"id": "873353803147366400", "entities": {"annotations": [{"start": 42, "end": 67, "probability": 0.3425, "type": "Person", "normalized_text": "LGBTQIAndmoreletterstocome"}], "urls": [{"start": 117, "end": 140, "url": "https://t.co/NaBie9y4xh", "expanded_url": "http://spoti.fi/2sbYql5", "display_url": "spoti.fi/2sbYql5", "status": 200, "unwound_url": "https://open.spotify.com/playlist/37i9dQZF1DX8OJXzQbSTEc"}], "mentions": [{"start": 84, "end": 92, "username": "Spotify", "id": "17230018"}], "hashtags": [{"start": 21, "end": 26, "tag": "LGBT"}, {"start": 106, "end": 116, "tag": "Pride2017"}]}, "author_id": "807003567605227520", "created_at": "2017-06-10T01:39:07.000Z", "text": "Proud 2 stand w/ the #LGBT community, aka LGBTQIAndmoreletterstocome.  Check out my @Spotify playlist for #Pride2017 https://t.co/NaBie9y4xh", "public_metrics": {"retweet_count": 205, "reply_count": 40, "like_count": 604, "quote_count": 32}, "source": "Twitter for iPhone", "lang": "en", "author": {"location": "Los Angeles, CA", "created_at": "2016-12-08T23:26:58.000Z", "profile_image_url": "https://pbs.twimg.com/profile_images/1383196364792680448/N8CdupEu_normal.jpg", "public_metrics": {"followers_count": 190364, "following_count": 220, "tweet_count": 1150, "listed_count": 566}, "url": "https://t.co/Ze18Ek9SOI", "id": "807003567605227520", "name": "Amber Heard", "username": "realamberheard", "description": "Actor and Activist, semi-professional disruptor, ice cream advocate and shameless teacup yorkie-lover"}}, "author": {"location": "New York, NY", "created_at": "2017-05-30T23:04:51.000Z", "profile_image_url": "https://pbs.twimg.com/profile_images/1305294420137443331/lmc9zTAn_normal.jpg", "public_metrics": {"followers_count": 49, "following_count": 45, "tweet_count": 2224, "listed_count": 1}, "url": "", "id": "869691102370160640", "name": "\ud83d\udc99\u26c5\ufe0f\ud83d\udc99", "username": "jukejamjustin", "description": ".....and everyone's watching. // \ud83d\udc78\ud83c\udffe // Just a fan account. Not affiliated with Justin Bieber."}}, {"referenced_tweets": [{"type": "quoted", "id": "873353803147366400"}], "id": "878730398544547840", "entities": {"urls": [{"start": 140, "end": 163, "url": "https://t.co/t3nmaWa0lf", "expanded_url": "https://twitter.com/realamberheard/status/873353803147366400", "display_url": "twitter.com/realamberheard\u2026"}]}, "author_id": "18474869", "created_at": "2017-06-24T21:43:47.000Z", "text": "This woman is 0 representation of \"pride\" rather someone who exploits the plight of others while engaging in behavior questionable herself! https://t.co/t3nmaWa0lf", "public_metrics": {"retweet_count": 0, "reply_count": 0, "like_count": 1, "quote_count": 0}, "source": "Twitter Web App", "lang": "en", "quoted_tweet": {"id": "873353803147366400", "entities": {"annotations": [{"start": 42, "end": 67, "probability": 0.3425, "type": "Person", "normalized_text": "LGBTQIAndmoreletterstocome"}], "urls": [{"start": 117, "end": 140, "url": "https://t.co/NaBie9y4xh", "expanded_url": "http://spoti.fi/2sbYql5", "display_url": "spoti.fi/2sbYql5", "status": 200, "unwound_url": "https://open.spotify.com/playlist/37i9dQZF1DX8OJXzQbSTEc"}], "mentions": [{"start": 84, "end": 92, "username": "Spotify", "id": "17230018"}], "hashtags": [{"start": 21, "end": 26, "tag": "LGBT"}, {"start": 106, "end": 116, "tag": "Pride2017"}]}, "author_id": "807003567605227520", "created_at": "2017-06-10T01:39:07.000Z", "text": "Proud 2 stand w/ the #LGBT community, aka LGBTQIAndmoreletterstocome.  Check out my @Spotify playlist for #Pride2017 https://t.co/NaBie9y4xh", "public_metrics": {"retweet_count": 205, "reply_count": 40, "like_count": 604, "quote_count": 32}, "source": "Twitter for iPhone", "lang": "en", "author": {"location": "Los Angeles, CA", "created_at": "2016-12-08T23:26:58.000Z", "profile_image_url": "https://pbs.twimg.com/profile_images/1383196364792680448/N8CdupEu_normal.jpg", "public_metrics": {"followers_count": 190364, "following_count": 220, "tweet_count": 1150, "listed_count": 566}, "url": "https://t.co/Ze18Ek9SOI", "id": "807003567605227520", "name": "Amber Heard", "username": "realamberheard", "description": "Actor and Activist, semi-professional disruptor, ice cream advocate and shameless teacup yorkie-lover"}}, "author": {"location": "Lower Lake CA", "created_at": "2008-12-30T10:58:15.000Z", "profile_image_url": "https://pbs.twimg.com/profile_images/834541725649563648/mB_UvViP_normal.jpg", "public_metrics": {"followers_count": 64, "following_count": 0, "tweet_count": 450, "listed_count": 0}, "url": "", "id": "18474869", "name": "nclgemini", "username": "nclgemini", "description": "My Mom. My man. My dog.\nTesla owner, animal advocate,  Inferno Hot Pilates junkie and studio manager at Hot Yoga Calistoga!"}}, {"referenced_tweets": [{"type": "quoted", "id": "873353803147366400"}], "id": "878310656075759616", "entities": {"urls": [{"start": 10, "end": 33, "url": "https://t.co/hll58KASPe", "expanded_url": "https://twitter.com/realamberheard/status/873353803147366400", "display_url": "twitter.com/realamberheard\u2026"}]}, "author_id": "2411704664", "created_at": "2017-06-23T17:55:53.000Z", "text": "NO MEU CU https://t.co/hll58KASPe", "public_metrics": {"retweet_count": 0, "reply_count": 0, "like_count": 0, "quote_count": 0}, "source": "Twitter Web Client", "lang": "pt", "quoted_tweet": {"id": "873353803147366400", "entities": {"annotations": [{"start": 42, "end": 67, "probability": 0.3425, "type": "Person", "normalized_text": "LGBTQIAndmoreletterstocome"}], "urls": [{"start": 117, "end": 140, "url": "https://t.co/NaBie9y4xh", "expanded_url": "http://spoti.fi/2sbYql5", "display_url": "spoti.fi/2sbYql5", "status": 200, "unwound_url": "https://open.spotify.com/playlist/37i9dQZF1DX8OJXzQbSTEc"}], "mentions": [{"start": 84, "end": 92, "username": "Spotify", "id": "17230018"}], "hashtags": [{"start": 21, "end": 26, "tag": "LGBT"}, {"start": 106, "end": 116, "tag": "Pride2017"}]}, "author_id": "807003567605227520", "created_at": "2017-06-10T01:39:07.000Z", "text": "Proud 2 stand w/ the #LGBT community, aka LGBTQIAndmoreletterstocome.  Check out my @Spotify playlist for #Pride2017 https://t.co/NaBie9y4xh", "public_metrics": {"retweet_count": 205, "reply_count": 40, "like_count": 604, "quote_count": 32}, "source": "Twitter for iPhone", "lang": "en", "author": {"location": "Los Angeles, CA", "created_at": "2016-12-08T23:26:58.000Z", "profile_image_url": "https://pbs.twimg.com/profile_images/1383196364792680448/N8CdupEu_normal.jpg", "public_metrics": {"followers_count": 190364, "following_count": 220, "tweet_count": 1150, "listed_count": 566}, "url": "https://t.co/Ze18Ek9SOI", "id": "807003567605227520", "name": "Amber Heard", "username": "realamberheard", "description": "Actor and Activist, semi-professional disruptor, ice cream advocate and shameless teacup yorkie-lover"}}, "author": {"location": "she/her", "created_at": "2014-03-25T23:46:00.000Z", "profile_image_url": "https://pbs.twimg.com/profile_images/1446994438673289217/akqVp1DG_normal.jpg", "public_metrics": {"followers_count": 992, "following_count": 179, "tweet_count": 127556, "listed_count": 12}, "url": "", "id": "2411704664", "name": "aninha", "username": "liIyjamexs", "description": ""}}, {"referenced_tweets": [{"type": "quoted", "id": "873353803147366400"}], "id": "873902788090093568", "entities": {"urls": [{"start": 18, "end": 41, "url": "https://t.co/rljXkqqJt9", "expanded_url": "https://twitter.com/realamberheard/status/873353803147366400", "display_url": "twitter.com/realamberheard\u2026"}]}, "author_id": "1463020278", "created_at": "2017-06-11T14:00:35.000Z", "text": "well. what a pity https://t.co/rljXkqqJt9", "public_metrics": {"retweet_count": 0, "reply_count": 0, "like_count": 0, "quote_count": 0}, "source": "Twitter for iPhone", "lang": "en", "quoted_tweet": {"id": "873353803147366400", "entities": {"annotations": [{"start": 42, "end": 67, "probability": 0.3425, "type": "Person", "normalized_text": "LGBTQIAndmoreletterstocome"}], "urls": [{"start": 117, "end": 140, "url": "https://t.co/NaBie9y4xh", "expanded_url": "http://spoti.fi/2sbYql5", "display_url": "spoti.fi/2sbYql5", "status": 200, "unwound_url": "https://open.spotify.com/playlist/37i9dQZF1DX8OJXzQbSTEc"}], "mentions": [{"start": 84, "end": 92, "username": "Spotify", "id": "17230018"}], "hashtags": [{"start": 21, "end": 26, "tag": "LGBT"}, {"start": 106, "end": 116, "tag": "Pride2017"}]}, "author_id": "807003567605227520", "created_at": "2017-06-10T01:39:07.000Z", "text": "Proud 2 stand w/ the #LGBT community, aka LGBTQIAndmoreletterstocome.  Check out my @Spotify playlist for #Pride2017 https://t.co/NaBie9y4xh", "public_metrics": {"retweet_count": 205, "reply_count": 40, "like_count": 604, "quote_count": 32}, "source": "Twitter for iPhone", "lang": "en", "author": {"location": "Los Angeles, CA", "created_at": "2016-12-08T23:26:58.000Z", "profile_image_url": "https://pbs.twimg.com/profile_images/1383196364792680448/N8CdupEu_normal.jpg", "public_metrics": {"followers_count": 190364, "following_count": 220, "tweet_count": 1150, "listed_count": 566}, "url": "https://t.co/Ze18Ek9SOI", "id": "807003567605227520", "name": "Amber Heard", "username": "realamberheard", "description": "Actor and Activist, semi-professional disruptor, ice cream advocate and shameless teacup yorkie-lover"}}, "author": {"location": "19 \u2022 esp/eng ", "created_at": "2013-05-27T20:12:02.000Z", "profile_image_url": "https://pbs.twimg.com/profile_images/1398002311629312005/DEdjBJVf_normal.jpg", "public_metrics": {"followers_count": 5204, "following_count": 241, "tweet_count": 93233, "listed_count": 59}, "url": "https://t.co/wxMNGAPUGO", "id": "1463020278", "name": "\ud835\udd86\ud835\udd91\ud835\udd92\ud835\udd86", "username": "futvrecorpse", "description": "m\u00e5neskin | arctic monkeys | marvel"}}, {"referenced_tweets": [{"type": "quoted", "id": "873353803147366400"}], "id": "873896580306395136", "entities": {"urls": [{"start": 9, "end": 32, "url": "https://t.co/O2CxTlwgmS", "expanded_url": "https://twitter.com/realamberheard/status/873353803147366400", "display_url": "twitter.com/realamberheard\u2026"}]}, "author_id": "596744389", "created_at": "2017-06-11T13:35:55.000Z", "text": "pero que https://t.co/O2CxTlwgmS", "public_metrics": {"retweet_count": 0, "reply_count": 0, "like_count": 0, "quote_count": 0}, "source": "Twitter for iPhone", "lang": "es", "quoted_tweet": {"id": "873353803147366400", "entities": {"annotations": [{"start": 42, "end": 67, "probability": 0.3425, "type": "Person", "normalized_text": "LGBTQIAndmoreletterstocome"}], "urls": [{"start": 117, "end": 140, "url": "https://t.co/NaBie9y4xh", "expanded_url": "http://spoti.fi/2sbYql5", "display_url": "spoti.fi/2sbYql5", "status": 200, "unwound_url": "https://open.spotify.com/playlist/37i9dQZF1DX8OJXzQbSTEc"}], "mentions": [{"start": 84, "end": 92, "username": "Spotify", "id": "17230018"}], "hashtags": [{"start": 21, "end": 26, "tag": "LGBT"}, {"start": 106, "end": 116, "tag": "Pride2017"}]}, "author_id": "807003567605227520", "created_at": "2017-06-10T01:39:07.000Z", "text": "Proud 2 stand w/ the #LGBT community, aka LGBTQIAndmoreletterstocome.  Check out my @Spotify playlist for #Pride2017 https://t.co/NaBie9y4xh", "public_metrics": {"retweet_count": 205, "reply_count": 40, "like_count": 604, "quote_count": 32}, "source": "Twitter for iPhone", "lang": "en", "author": {"location": "Los Angeles, CA", "created_at": "2016-12-08T23:26:58.000Z", "profile_image_url": "https://pbs.twimg.com/profile_images/1383196364792680448/N8CdupEu_normal.jpg", "public_metrics": {"followers_count": 190364, "following_count": 220, "tweet_count": 1150, "listed_count": 566}, "url": "https://t.co/Ze18Ek9SOI", "id": "807003567605227520", "name": "Amber Heard", "username": "realamberheard", "description": "Actor and Activist, semi-professional disruptor, ice cream advocate and shameless teacup yorkie-lover"}}, "author": {"location": "she/her", "created_at": "2012-06-01T19:40:39.000Z", "profile_image_url": "https://pbs.twimg.com/profile_images/1463820053439262721/Wp6-88DT_normal.jpg", "public_metrics": {"followers_count": 551, "following_count": 70, "tweet_count": 193387, "listed_count": 19}, "url": "", "id": "596744389", "name": "mon", "username": "folkewer", "description": "\ud835\ude2a \ud835\ude24\ud835\ude22\ud835\ude2f'\ud835\ude35 \ud835\ude24\ud835\ude30\ud835\ude2f\ud835\ude24\ud835\ude26\ud835\ude2a\ud835\ude37\ud835\ude26 \ud835\ude22 \ud835\ude36\ud835\ude2f\ud835\ude2a\ud835\ude37\ud835\ude26\ud835\ude33\ud835\ude34\ud835\ude26 \ud835\ude38\ud835\ude2a\ud835\ude35\ud835\ude29\ud835\ude30\ud835\ude36\ud835\ude35 \ud835\ude3a\ud835\ude30\ud835\ude36 - \ud835\ude29\ud835\ude22\ud835\ude33\ud835\ude33\ud835\ude30\ud835\ude38\ud835\ude29\ud835\ude22\ud835\ude33\ud835\ude2c \ud835\ude2f\ud835\ude30\ud835\ude2f\ud835\ude22\ud835\ude28\ud835\ude26\ud835\ude34\ud835\ude2a\ud835\ude2e\ud835\ude36\ud835\ude34 \ud835\ude35\ud835\ude30 \ud835\ude28\ud835\ude2a\ud835\ude25\ud835\ude26\ud835\ude30\ud835\ude2f \ud835\ude2f\ud835\ude22\ud835\ude37"}}, {"referenced_tweets": [{"type": "quoted", "id": "873353803147366400"}], "id": "873693746080104449", "entities": {"urls": [{"start": 22, "end": 45, "url": "https://t.co/Fx3j4FEMv9", "expanded_url": "https://twitter.com/realamberheard/status/873353803147366400", "display_url": "twitter.com/realamberheard\u2026"}]}, "author_id": "712097614687145986", "created_at": "2017-06-11T00:09:56.000Z", "text": "So proud of you honey https://t.co/Fx3j4FEMv9", "public_metrics": {"retweet_count": 0, "reply_count": 0, "like_count": 0, "quote_count": 0}, "source": "Twitter for Android", "lang": "en", "quoted_tweet": {"id": "873353803147366400", "entities": {"annotations": [{"start": 42, "end": 67, "probability": 0.3425, "type": "Person", "normalized_text": "LGBTQIAndmoreletterstocome"}], "urls": [{"start": 117, "end": 140, "url": "https://t.co/NaBie9y4xh", "expanded_url": "http://spoti.fi/2sbYql5", "display_url": "spoti.fi/2sbYql5", "status": 200, "unwound_url": "https://open.spotify.com/playlist/37i9dQZF1DX8OJXzQbSTEc"}], "mentions": [{"start": 84, "end": 92, "username": "Spotify", "id": "17230018"}], "hashtags": [{"start": 21, "end": 26, "tag": "LGBT"}, {"start": 106, "end": 116, "tag": "Pride2017"}]}, "author_id": "807003567605227520", "created_at": "2017-06-10T01:39:07.000Z", "text": "Proud 2 stand w/ the #LGBT community, aka LGBTQIAndmoreletterstocome.  Check out my @Spotify playlist for #Pride2017 https://t.co/NaBie9y4xh", "public_metrics": {"retweet_count": 205, "reply_count": 40, "like_count": 604, "quote_count": 32}, "source": "Twitter for iPhone", "lang": "en", "author": {"location": "Los Angeles, CA", "created_at": "2016-12-08T23:26:58.000Z", "profile_image_url": "https://pbs.twimg.com/profile_images/1383196364792680448/N8CdupEu_normal.jpg", "public_metrics": {"followers_count": 190364, "following_count": 220, "tweet_count": 1150, "listed_count": 566}, "url": "https://t.co/Ze18Ek9SOI", "id": "807003567605227520", "name": "Amber Heard", "username": "realamberheard", "description": "Actor and Activist, semi-professional disruptor, ice cream advocate and shameless teacup yorkie-lover"}}, "author": {"location": "26 \u2022 bi \u2022 she/they \u2022 \ud83c\uddf2\ud83c\uddfd\ud83c\uddfa\ud83c\uddf8", "created_at": "2016-03-22T02:04:36.000Z", "profile_image_url": "https://pbs.twimg.com/profile_images/1506563293913096198/Gs2ywN8K_normal.jpg", "public_metrics": {"followers_count": 4545, "following_count": 4999, "tweet_count": 438211, "listed_count": 165}, "url": "", "id": "712097614687145986", "name": "amandaa \ud83d\udc96 \u263b \ud83d\udd29", "username": "dwaekkijoon", "description": "demi + a bunch of kpop, occasional films & kdramas,, also dodgers || multi || spanglish"}}, {"referenced_tweets": [{"type": "quoted", "id": "873353803147366400"}], "id": "873612308249018369", "entities": {"annotations": [{"start": 10, "end": 14, "probability": 0.6399, "type": "Person", "normalized_text": "Amber"}], "urls": [{"start": 44, "end": 67, "url": "https://t.co/8EEzPtcSLp", "expanded_url": "https://twitter.com/realamberheard/status/873353803147366400", "display_url": "twitter.com/realamberheard\u2026"}]}, "author_id": "816480562248609792", "in_reply_to_user_id": "2974663187", "created_at": "2017-06-10T18:46:19.000Z", "text": "@selxswrm Amber, apoyando a la comunidad \ud83d\ude0d\u2764 https://t.co/8EEzPtcSLp", "public_metrics": {"retweet_count": 0, "reply_count": 1, "like_count": 1, "quote_count": 0}, "source": "Twitter for Android", "lang": "es", "quoted_tweet": {"id": "873353803147366400", "entities": {"annotations": [{"start": 42, "end": 67, "probability": 0.3425, "type": "Person", "normalized_text": "LGBTQIAndmoreletterstocome"}], "urls": [{"start": 117, "end": 140, "url": "https://t.co/NaBie9y4xh", "expanded_url": "http://spoti.fi/2sbYql5", "display_url": "spoti.fi/2sbYql5", "status": 200, "unwound_url": "https://open.spotify.com/playlist/37i9dQZF1DX8OJXzQbSTEc"}], "mentions": [{"start": 84, "end": 92, "username": "Spotify", "id": "17230018"}], "hashtags": [{"start": 21, "end": 26, "tag": "LGBT"}, {"start": 106, "end": 116, "tag": "Pride2017"}]}, "author_id": "807003567605227520", "created_at": "2017-06-10T01:39:07.000Z", "text": "Proud 2 stand w/ the #LGBT community, aka LGBTQIAndmoreletterstocome.  Check out my @Spotify playlist for #Pride2017 https://t.co/NaBie9y4xh", "public_metrics": {"retweet_count": 205, "reply_count": 40, "like_count": 604, "quote_count": 32}, "source": "Twitter for iPhone", "lang": "en", "author": {"location": "Los Angeles, CA", "created_at": "2016-12-08T23:26:58.000Z", "profile_image_url": "https://pbs.twimg.com/profile_images/1383196364792680448/N8CdupEu_normal.jpg", "public_metrics": {"followers_count": 190364, "following_count": 220, "tweet_count": 1150, "listed_count": 566}, "url": "https://t.co/Ze18Ek9SOI", "id": "807003567605227520", "name": "Amber Heard", "username": "realamberheard", "description": "Actor and Activist, semi-professional disruptor, ice cream advocate and shameless teacup yorkie-lover"}}, "author": {"location": "Panam\u00e1", "created_at": "2017-01-04T03:05:10.000Z", "profile_image_url": "https://pbs.twimg.com/profile_images/1505294616211476489/jmFk6TZk_normal.jpg", "public_metrics": {"followers_count": 1063, "following_count": 3618, "tweet_count": 35220, "listed_count": 7}, "url": "", "id": "816480562248609792", "name": "Kevin\ud83c\udff3\ufe0f\u200d\ud83c\udf08", "username": "kevsatoru", "description": "One Piece\u2728"}}, {"referenced_tweets": [{"type": "quoted", "id": "873353803147366400"}], "id": "873608812577435648", "entities": {"urls": [{"start": 11, "end": 34, "url": "https://t.co/CWBgDmHjpm", "expanded_url": "https://twitter.com/realamberheard/status/873353803147366400", "display_url": "twitter.com/realamberheard\u2026"}]}, "author_id": "99769830", "created_at": "2017-06-10T18:32:26.000Z", "text": "an icon \ud83c\udf08\ud83d\udc97 https://t.co/CWBgDmHjpm", "public_metrics": {"retweet_count": 0, "reply_count": 0, "like_count": 0, "quote_count": 0}, "source": "Twitter for iPhone", "lang": "en", "quoted_tweet": {"id": "873353803147366400", "entities": {"annotations": [{"start": 42, "end": 67, "probability": 0.3425, "type": "Person", "normalized_text": "LGBTQIAndmoreletterstocome"}], "urls": [{"start": 117, "end": 140, "url": "https://t.co/NaBie9y4xh", "expanded_url": "http://spoti.fi/2sbYql5", "display_url": "spoti.fi/2sbYql5", "status": 200, "unwound_url": "https://open.spotify.com/playlist/37i9dQZF1DX8OJXzQbSTEc"}], "mentions": [{"start": 84, "end": 92, "username": "Spotify", "id": "17230018"}], "hashtags": [{"start": 21, "end": 26, "tag": "LGBT"}, {"start": 106, "end": 116, "tag": "Pride2017"}]}, "author_id": "807003567605227520", "created_at": "2017-06-10T01:39:07.000Z", "text": "Proud 2 stand w/ the #LGBT community, aka LGBTQIAndmoreletterstocome.  Check out my @Spotify playlist for #Pride2017 https://t.co/NaBie9y4xh", "public_metrics": {"retweet_count": 205, "reply_count": 40, "like_count": 604, "quote_count": 32}, "source": "Twitter for iPhone", "lang": "en", "author": {"location": "Los Angeles, CA", "created_at": "2016-12-08T23:26:58.000Z", "profile_image_url": "https://pbs.twimg.com/profile_images/1383196364792680448/N8CdupEu_normal.jpg", "public_metrics": {"followers_count": 190364, "following_count": 220, "tweet_count": 1150, "listed_count": 566}, "url": "https://t.co/Ze18Ek9SOI", "id": "807003567605227520", "name": "Amber Heard", "username": "realamberheard", "description": "Actor and Activist, semi-professional disruptor, ice cream advocate and shameless teacup yorkie-lover"}}, "author": {"location": "swiftie | dc \ud83e\ude90", "created_at": "2009-12-27T19:47:24.000Z", "profile_image_url": "https://pbs.twimg.com/profile_images/1477849736820396033/9NGzjbIG_normal.jpg", "public_metrics": {"followers_count": 3870, "following_count": 1389, "tweet_count": 79767, "listed_count": 105}, "url": "https://t.co/mf88X0ASZY", "id": "99769830", "name": "rach", "username": "gyllenrobbie", "description": "blade runner 2049 stan | 25 | she/her | cinephile"}}, {"referenced_tweets": [{"type": "quoted", "id": "873353803147366400"}], "id": "873428747713519616", "entities": {"urls": [{"start": 56, "end": 79, "url": "https://t.co/P3ybz4fZHb", "expanded_url": "https://twitter.com/realamberheard/status/873353803147366400", "display_url": "twitter.com/realamberheard\u2026"}]}, "author_id": "3020948872", "created_at": "2017-06-10T06:36:55.000Z", "text": "I love you? So much? Wish you were coming to la pride \ud83d\udc95 https://t.co/P3ybz4fZHb", "public_metrics": {"retweet_count": 0, "reply_count": 0, "like_count": 0, "quote_count": 0}, "source": "Twitter for iPhone", "lang": "en", "quoted_tweet": {"id": "873353803147366400", "entities": {"annotations": [{"start": 42, "end": 67, "probability": 0.3425, "type": "Person", "normalized_text": "LGBTQIAndmoreletterstocome"}], "urls": [{"start": 117, "end": 140, "url": "https://t.co/NaBie9y4xh", "expanded_url": "http://spoti.fi/2sbYql5", "display_url": "spoti.fi/2sbYql5", "status": 200, "unwound_url": "https://open.spotify.com/playlist/37i9dQZF1DX8OJXzQbSTEc"}], "mentions": [{"start": 84, "end": 92, "username": "Spotify", "id": "17230018"}], "hashtags": [{"start": 21, "end": 26, "tag": "LGBT"}, {"start": 106, "end": 116, "tag": "Pride2017"}]}, "author_id": "807003567605227520", "created_at": "2017-06-10T01:39:07.000Z", "text": "Proud 2 stand w/ the #LGBT community, aka LGBTQIAndmoreletterstocome.  Check out my @Spotify playlist for #Pride2017 https://t.co/NaBie9y4xh", "public_metrics": {"retweet_count": 205, "reply_count": 40, "like_count": 604, "quote_count": 32}, "source": "Twitter for iPhone", "lang": "en", "author": {"location": "Los Angeles, CA", "created_at": "2016-12-08T23:26:58.000Z", "profile_image_url": "https://pbs.twimg.com/profile_images/1383196364792680448/N8CdupEu_normal.jpg", "public_metrics": {"followers_count": 190364, "following_count": 220, "tweet_count": 1150, "listed_count": 566}, "url": "https://t.co/Ze18Ek9SOI", "id": "807003567605227520", "name": "Amber Heard", "username": "realamberheard", "description": "Actor and Activist, semi-professional disruptor, ice cream advocate and shameless teacup yorkie-lover"}}, "author": {"location": "she/her | bi | los angeles", "created_at": "2015-02-06T02:33:33.000Z", "profile_image_url": "https://pbs.twimg.com/profile_images/1503915273262276609/rF_aI3zR_normal.jpg", "public_metrics": {"followers_count": 1367, "following_count": 517, "tweet_count": 52401, "listed_count": 22}, "url": "", "id": "3020948872", "name": "isabel / ke spoilers", "username": "cheekyflorence", "description": "a multi-fandom mess // 27"}}, {"referenced_tweets": [{"type": "quoted", "id": "873353803147366400"}], "id": "873370906613215234", "entities": {"urls": [{"start": 8, "end": 31, "url": "https://t.co/ivEgZ7kvKx", "expanded_url": "https://twitter.com/realamberheard/status/873353803147366400", "display_url": "twitter.com/realamberheard\u2026"}]}, "author_id": "2906824641", "created_at": "2017-06-10T02:47:05.000Z", "text": "A WOMAN https://t.co/ivEgZ7kvKx", "public_metrics": {"retweet_count": 0, "reply_count": 0, "like_count": 1, "quote_count": 0}, "source": "Twitter for iPhone", "lang": "en", "quoted_tweet": {"id": "873353803147366400", "entities": {"annotations": [{"start": 42, "end": 67, "probability": 0.3425, "type": "Person", "normalized_text": "LGBTQIAndmoreletterstocome"}], "urls": [{"start": 117, "end": 140, "url": "https://t.co/NaBie9y4xh", "expanded_url": "http://spoti.fi/2sbYql5", "display_url": "spoti.fi/2sbYql5", "status": 200, "unwound_url": "https://open.spotify.com/playlist/37i9dQZF1DX8OJXzQbSTEc"}], "mentions": [{"start": 84, "end": 92, "username": "Spotify", "id": "17230018"}], "hashtags": [{"start": 21, "end": 26, "tag": "LGBT"}, {"start": 106, "end": 116, "tag": "Pride2017"}]}, "author_id": "807003567605227520", "created_at": "2017-06-10T01:39:07.000Z", "text": "Proud 2 stand w/ the #LGBT community, aka LGBTQIAndmoreletterstocome.  Check out my @Spotify playlist for #Pride2017 https://t.co/NaBie9y4xh", "public_metrics": {"retweet_count": 205, "reply_count": 40, "like_count": 604, "quote_count": 32}, "source": "Twitter for iPhone", "lang": "en", "author": {"location": "Los Angeles, CA", "created_at": "2016-12-08T23:26:58.000Z", "profile_image_url": "https://pbs.twimg.com/profile_images/1383196364792680448/N8CdupEu_normal.jpg", "public_metrics": {"followers_count": 190364, "following_count": 220, "tweet_count": 1150, "listed_count": 566}, "url": "https://t.co/Ze18Ek9SOI", "id": "807003567605227520", "name": "Amber Heard", "username": "realamberheard", "description": "Actor and Activist, semi-professional disruptor, ice cream advocate and shameless teacup yorkie-lover"}}, "author": {"location": "BLM", "created_at": "2014-12-05T21:03:22.000Z", "profile_image_url": "https://pbs.twimg.com/profile_images/1336424440595419136/h1ulQy3d_normal.jpg", "public_metrics": {"followers_count": 370, "following_count": 290, "tweet_count": 9789, "listed_count": 0}, "url": "https://t.co/ScNVY5d91C", "id": "2906824641", "name": "\ud835\udc26\ud835\udc1a\ud835\udc2b\ud835\udc22\ud835\udc1a \u30de\u30ea\u30a2", "username": "softpenelopeprk", "description": "I do everything on purpose"}}, {"referenced_tweets": [{"type": "quoted", "id": "873353803147366400"}], "id": "873364480406822913", "entities": {"urls": [{"start": 16, "end": 39, "url": "https://t.co/XzyIkVfbVr", "expanded_url": "https://twitter.com/realamberheard/status/873353803147366400", "display_url": "twitter.com/realamberheard\u2026"}]}, "author_id": "1932971822", "created_at": "2017-06-10T02:21:33.000Z", "text": "aaaaa to amando https://t.co/XzyIkVfbVr", "public_metrics": {"retweet_count": 0, "reply_count": 0, "like_count": 0, "quote_count": 0}, "source": "Twitter for Android", "lang": "pt", "quoted_tweet": {"id": "873353803147366400", "entities": {"annotations": [{"start": 42, "end": 67, "probability": 0.3425, "type": "Person", "normalized_text": "LGBTQIAndmoreletterstocome"}], "urls": [{"start": 117, "end": 140, "url": "https://t.co/NaBie9y4xh", "expanded_url": "http://spoti.fi/2sbYql5", "display_url": "spoti.fi/2sbYql5", "status": 200, "unwound_url": "https://open.spotify.com/playlist/37i9dQZF1DX8OJXzQbSTEc"}], "mentions": [{"start": 84, "end": 92, "username": "Spotify", "id": "17230018"}], "hashtags": [{"start": 21, "end": 26, "tag": "LGBT"}, {"start": 106, "end": 116, "tag": "Pride2017"}]}, "author_id": "807003567605227520", "created_at": "2017-06-10T01:39:07.000Z", "text": "Proud 2 stand w/ the #LGBT community, aka LGBTQIAndmoreletterstocome.  Check out my @Spotify playlist for #Pride2017 https://t.co/NaBie9y4xh", "public_metrics": {"retweet_count": 205, "reply_count": 40, "like_count": 604, "quote_count": 32}, "source": "Twitter for iPhone", "lang": "en", "author": {"location": "Los Angeles, CA", "created_at": "2016-12-08T23:26:58.000Z", "profile_image_url": "https://pbs.twimg.com/profile_images/1383196364792680448/N8CdupEu_normal.jpg", "public_metrics": {"followers_count": 190364, "following_count": 220, "tweet_count": 1150, "listed_count": 566}, "url": "https://t.co/Ze18Ek9SOI", "id": "807003567605227520", "name": "Amber Heard", "username": "realamberheard", "description": "Actor and Activist, semi-professional disruptor, ice cream advocate and shameless teacup yorkie-lover"}}, "author": {"location": "\u025e films \u2219 dc comics \u2219 bs", "created_at": "2013-10-04T03:58:47.000Z", "profile_image_url": "https://pbs.twimg.com/profile_images/1498079704963764230/ti3c0Uj8_normal.jpg", "public_metrics": {"followers_count": 1899, "following_count": 824, "tweet_count": 141030, "listed_count": 38}, "url": "https://t.co/EEpbNJczqk", "id": "1932971822", "name": "thais \ud83d\udc08\u200d\u2b1b", "username": "spearsxfilms", "description": "\ud835\udc70 \ud835\udc88\ud835\udc90 \ud835\udc95\ud835\udc89\ud835\udc93\ud835\udc90\ud835\udc96\ud835\udc88\ud835\udc89 \ud835\udc8d\ud835\udc8a\ud835\udc87\ud835\udc86 \ud835\udc8d\ud835\udc8a\ud835\udc8c\ud835\udc86 \ud835\udc82 \ud835\udc72\ud835\udc82\ud835\udc93\ud835\udc82\ud835\udc95\ud835\udc86 \ud835\udc72\ud835\udc8a\ud835\udc85.\u263d"}}, {"referenced_tweets": [{"type": "quoted", "id": "873353803147366400"}], "id": "873362725124046849", "entities": {"urls": [{"start": 22, "end": 45, "url": "https://t.co/nETVrlptFQ", "expanded_url": "https://twitter.com/realamberheard/status/873353803147366400", "display_url": "twitter.com/realamberheard\u2026"}]}, "author_id": "840319786089365504", "created_at": "2017-06-10T02:14:34.000Z", "text": "playlist de qualidade https://t.co/nETVrlptFQ", "public_metrics": {"retweet_count": 0, "reply_count": 0, "like_count": 0, "quote_count": 0}, "source": "Twitter for iPhone", "lang": "pt", "quoted_tweet": {"id": "873353803147366400", "entities": {"annotations": [{"start": 42, "end": 67, "probability": 0.3425, "type": "Person", "normalized_text": "LGBTQIAndmoreletterstocome"}], "urls": [{"start": 117, "end": 140, "url": "https://t.co/NaBie9y4xh", "expanded_url": "http://spoti.fi/2sbYql5", "display_url": "spoti.fi/2sbYql5", "status": 200, "unwound_url": "https://open.spotify.com/playlist/37i9dQZF1DX8OJXzQbSTEc"}], "mentions": [{"start": 84, "end": 92, "username": "Spotify", "id": "17230018"}], "hashtags": [{"start": 21, "end": 26, "tag": "LGBT"}, {"start": 106, "end": 116, "tag": "Pride2017"}]}, "author_id": "807003567605227520", "created_at": "2017-06-10T01:39:07.000Z", "text": "Proud 2 stand w/ the #LGBT community, aka LGBTQIAndmoreletterstocome.  Check out my @Spotify playlist for #Pride2017 https://t.co/NaBie9y4xh", "public_metrics": {"retweet_count": 205, "reply_count": 40, "like_count": 604, "quote_count": 32}, "source": "Twitter for iPhone", "lang": "en", "author": {"location": "Los Angeles, CA", "created_at": "2016-12-08T23:26:58.000Z", "profile_image_url": "https://pbs.twimg.com/profile_images/1383196364792680448/N8CdupEu_normal.jpg", "public_metrics": {"followers_count": 190364, "following_count": 220, "tweet_count": 1150, "listed_count": 566}, "url": "https://t.co/Ze18Ek9SOI", "id": "807003567605227520", "name": "Amber Heard", "username": "realamberheard", "description": "Actor and Activist, semi-professional disruptor, ice cream advocate and shameless teacup yorkie-lover"}}, "author": {"location": "gabi \ud83e\udd0d", "created_at": "2017-03-10T21:53:44.000Z", "profile_image_url": "https://pbs.twimg.com/profile_images/1506498012025135104/wbVRfzlF_normal.jpg", "public_metrics": {"followers_count": 333, "following_count": 236, "tweet_count": 119875, "listed_count": 13}, "url": "", "id": "840319786089365504", "name": "THACY", "username": "teiguk", "description": "jungkook my bf & taehyung my bff!!"}}, {"referenced_tweets": [{"type": "quoted", "id": "873353803147366400"}], "id": "873360531360538625", "entities": {"urls": [{"start": 25, "end": 48, "url": "https://t.co/3R8yXJJ0p8", "expanded_url": "https://twitter.com/realamberheard/status/873353803147366400", "display_url": "twitter.com/realamberheard\u2026"}]}, "author_id": "2471530693", "created_at": "2017-06-10T02:05:51.000Z", "text": "saved the lgbt community https://t.co/3R8yXJJ0p8", "public_metrics": {"retweet_count": 0, "reply_count": 0, "like_count": 0, "quote_count": 0}, "source": "Twitter Web Client", "lang": "en", "quoted_tweet": {"id": "873353803147366400", "entities": {"annotations": [{"start": 42, "end": 67, "probability": 0.3425, "type": "Person", "normalized_text": "LGBTQIAndmoreletterstocome"}], "urls": [{"start": 117, "end": 140, "url": "https://t.co/NaBie9y4xh", "expanded_url": "http://spoti.fi/2sbYql5", "display_url": "spoti.fi/2sbYql5", "status": 200, "unwound_url": "https://open.spotify.com/playlist/37i9dQZF1DX8OJXzQbSTEc"}], "mentions": [{"start": 84, "end": 92, "username": "Spotify", "id": "17230018"}], "hashtags": [{"start": 21, "end": 26, "tag": "LGBT"}, {"start": 106, "end": 116, "tag": "Pride2017"}]}, "author_id": "807003567605227520", "created_at": "2017-06-10T01:39:07.000Z", "text": "Proud 2 stand w/ the #LGBT community, aka LGBTQIAndmoreletterstocome.  Check out my @Spotify playlist for #Pride2017 https://t.co/NaBie9y4xh", "public_metrics": {"retweet_count": 205, "reply_count": 40, "like_count": 604, "quote_count": 32}, "source": "Twitter for iPhone", "lang": "en", "author": {"location": "Los Angeles, CA", "created_at": "2016-12-08T23:26:58.000Z", "profile_image_url": "https://pbs.twimg.com/profile_images/1383196364792680448/N8CdupEu_normal.jpg", "public_metrics": {"followers_count": 190364, "following_count": 220, "tweet_count": 1150, "listed_count": 566}, "url": "https://t.co/Ze18Ek9SOI", "id": "807003567605227520", "name": "Amber Heard", "username": "realamberheard", "description": "Actor and Activist, semi-professional disruptor, ice cream advocate and shameless teacup yorkie-lover"}}, "author": {"location": "chile", "created_at": "2014-04-30T21:31:33.000Z", "profile_image_url": "https://pbs.twimg.com/profile_images/1367563449585328129/ijIRTE6w_normal.jpg", "public_metrics": {"followers_count": 1429, "following_count": 281, "tweet_count": 53033, "listed_count": 11}, "url": "", "id": "2471530693", "name": "camila", "username": "dimeIlo", "description": "girls just wanna have fun. she/her."}}, {"referenced_tweets": [{"type": "quoted", "id": "873353803147366400"}], "id": "873360280423612417", "entities": {"urls": [{"start": 36, "end": 59, "url": "https://t.co/oh46FGns4N", "expanded_url": "https://twitter.com/realamberheard/status/873353803147366400", "display_url": "twitter.com/realamberheard\u2026"}]}, "author_id": "417556016", "created_at": "2017-06-10T02:04:51.000Z", "text": "QUEEN OF LGBTQIAndmoreletterstocome https://t.co/oh46FGns4N", "public_metrics": {"retweet_count": 0, "reply_count": 0, "like_count": 0, "quote_count": 0}, "source": "Twitter for iPhone", "lang": "en", "quoted_tweet": {"id": "873353803147366400", "entities": {"annotations": [{"start": 42, "end": 67, "probability": 0.3425, "type": "Person", "normalized_text": "LGBTQIAndmoreletterstocome"}], "urls": [{"start": 117, "end": 140, "url": "https://t.co/NaBie9y4xh", "expanded_url": "http://spoti.fi/2sbYql5", "display_url": "spoti.fi/2sbYql5", "status": 200, "unwound_url": "https://open.spotify.com/playlist/37i9dQZF1DX8OJXzQbSTEc"}], "mentions": [{"start": 84, "end": 92, "username": "Spotify", "id": "17230018"}], "hashtags": [{"start": 21, "end": 26, "tag": "LGBT"}, {"start": 106, "end": 116, "tag": "Pride2017"}]}, "author_id": "807003567605227520", "created_at": "2017-06-10T01:39:07.000Z", "text": "Proud 2 stand w/ the #LGBT community, aka LGBTQIAndmoreletterstocome.  Check out my @Spotify playlist for #Pride2017 https://t.co/NaBie9y4xh", "public_metrics": {"retweet_count": 205, "reply_count": 40, "like_count": 604, "quote_count": 32}, "source": "Twitter for iPhone", "lang": "en", "author": {"location": "Los Angeles, CA", "created_at": "2016-12-08T23:26:58.000Z", "profile_image_url": "https://pbs.twimg.com/profile_images/1383196364792680448/N8CdupEu_normal.jpg", "public_metrics": {"followers_count": 190364, "following_count": 220, "tweet_count": 1150, "listed_count": 566}, "url": "https://t.co/Ze18Ek9SOI", "id": "807003567605227520", "name": "Amber Heard", "username": "realamberheard", "description": "Actor and Activist, semi-professional disruptor, ice cream advocate and shameless teacup yorkie-lover"}}, "author": {"location": "she/her | nz | 21+", "created_at": "2011-11-21T03:02:09.000Z", "profile_image_url": "https://pbs.twimg.com/profile_images/1390509404164927489/JtzWeAwh_normal.jpg", "public_metrics": {"followers_count": 4360, "following_count": 174, "tweet_count": 107350, "listed_count": 32}, "url": "", "id": "417556016", "name": "liv", "username": "lalisalycia", "description": "\ud83d\udda4 naya \u30df\u2606\u2022 blackpink \u2022 lexa \u2022 anna kendrick \u2022"}}, {"referenced_tweets": [{"type": "quoted", "id": "873353803147366400"}], "id": "873359816634269696", "entities": {"urls": [{"start": 22, "end": 45, "url": "https://t.co/ebl6v9L41d", "expanded_url": "https://twitter.com/realamberheard/status/873353803147366400", "display_url": "twitter.com/realamberheard\u2026"}]}, "author_id": "344288946", "created_at": "2017-06-10T02:03:01.000Z", "text": "Mulher maravilhosa n\u00e9 https://t.co/ebl6v9L41d", "public_metrics": {"retweet_count": 0, "reply_count": 0, "like_count": 0, "quote_count": 0}, "source": "Twitter for Android", "lang": "pt", "quoted_tweet": {"id": "873353803147366400", "entities": {"annotations": [{"start": 42, "end": 67, "probability": 0.3425, "type": "Person", "normalized_text": "LGBTQIAndmoreletterstocome"}], "urls": [{"start": 117, "end": 140, "url": "https://t.co/NaBie9y4xh", "expanded_url": "http://spoti.fi/2sbYql5", "display_url": "spoti.fi/2sbYql5", "status": 200, "unwound_url": "https://open.spotify.com/playlist/37i9dQZF1DX8OJXzQbSTEc"}], "mentions": [{"start": 84, "end": 92, "username": "Spotify", "id": "17230018"}], "hashtags": [{"start": 21, "end": 26, "tag": "LGBT"}, {"start": 106, "end": 116, "tag": "Pride2017"}]}, "author_id": "807003567605227520", "created_at": "2017-06-10T01:39:07.000Z", "text": "Proud 2 stand w/ the #LGBT community, aka LGBTQIAndmoreletterstocome.  Check out my @Spotify playlist for #Pride2017 https://t.co/NaBie9y4xh", "public_metrics": {"retweet_count": 205, "reply_count": 40, "like_count": 604, "quote_count": 32}, "source": "Twitter for iPhone", "lang": "en", "author": {"location": "Los Angeles, CA", "created_at": "2016-12-08T23:26:58.000Z", "profile_image_url": "https://pbs.twimg.com/profile_images/1383196364792680448/N8CdupEu_normal.jpg", "public_metrics": {"followers_count": 190364, "following_count": 220, "tweet_count": 1150, "listed_count": 566}, "url": "https://t.co/Ze18Ek9SOI", "id": "807003567605227520", "name": "Amber Heard", "username": "realamberheard", "description": "Actor and Activist, semi-professional disruptor, ice cream advocate and shameless teacup yorkie-lover"}}, "author": {"location": "Campinas", "created_at": "2011-07-28T20:48:43.000Z", "profile_image_url": "https://pbs.twimg.com/profile_images/1469076603028361218/2_8TjLcI_normal.jpg", "public_metrics": {"followers_count": 310, "following_count": 308, "tweet_count": 28025, "listed_count": 1}, "url": "", "id": "344288946", "name": "g", "username": "muitavaibi", "description": "lamenta\u00e7\u00f5es e v\u00eddeos de gatinhos"}}, {"referenced_tweets": [{"type": "quoted", "id": "873353803147366400"}], "id": "873354180651606018", "entities": {"urls": [{"start": 9, "end": 32, "url": "https://t.co/aHy6AwrrdQ", "expanded_url": "https://twitter.com/realamberheard/status/873353803147366400", "display_url": "twitter.com/realamberheard\u2026"}]}, "author_id": "780057055235305473", "created_at": "2017-06-10T01:40:37.000Z", "text": "Dinlenir https://t.co/aHy6AwrrdQ", "public_metrics": {"retweet_count": 0, "reply_count": 0, "like_count": 0, "quote_count": 0}, "source": "Twitter for Android", "lang": "tr", "quoted_tweet": {"id": "873353803147366400", "entities": {"annotations": [{"start": 42, "end": 67, "probability": 0.3425, "type": "Person", "normalized_text": "LGBTQIAndmoreletterstocome"}], "urls": [{"start": 117, "end": 140, "url": "https://t.co/NaBie9y4xh", "expanded_url": "http://spoti.fi/2sbYql5", "display_url": "spoti.fi/2sbYql5", "status": 200, "unwound_url": "https://open.spotify.com/playlist/37i9dQZF1DX8OJXzQbSTEc"}], "mentions": [{"start": 84, "end": 92, "username": "Spotify", "id": "17230018"}], "hashtags": [{"start": 21, "end": 26, "tag": "LGBT"}, {"start": 106, "end": 116, "tag": "Pride2017"}]}, "author_id": "807003567605227520", "created_at": "2017-06-10T01:39:07.000Z", "text": "Proud 2 stand w/ the #LGBT community, aka LGBTQIAndmoreletterstocome.  Check out my @Spotify playlist for #Pride2017 https://t.co/NaBie9y4xh", "public_metrics": {"retweet_count": 205, "reply_count": 40, "like_count": 604, "quote_count": 32}, "source": "Twitter for iPhone", "lang": "en", "author": {"location": "Los Angeles, CA", "created_at": "2016-12-08T23:26:58.000Z", "profile_image_url": "https://pbs.twimg.com/profile_images/1383196364792680448/N8CdupEu_normal.jpg", "public_metrics": {"followers_count": 190364, "following_count": 220, "tweet_count": 1150, "listed_count": 566}, "url": "https://t.co/Ze18Ek9SOI", "id": "807003567605227520", "name": "Amber Heard", "username": "realamberheard", "description": "Actor and Activist, semi-professional disruptor, ice cream advocate and shameless teacup yorkie-lover"}}, "author": {"created_at": "2016-09-25T14:51:09.000Z", "profile_image_url": "https://pbs.twimg.com/profile_images/890859210833088513/yXv5zqqj_normal.jpg", "public_metrics": {"followers_count": 137, "following_count": 443, "tweet_count": 20731, "listed_count": 0}, "url": "", "id": "780057055235305473", "name": "cem", "username": "Quantumcarbure", "description": "Bu hesab\u0131n sahibi kendinden nefret ediyor. #T\u0131marhaneArmy"}}]