[{"id": "940961359306678272", "source": "Twitter Web Client", "lang": "en", "text": "Should be good and funny. https://t.co/sb5TBJdCc2", "referenced_tweets": [{"type": "quoted", "id": "880172354701111297"}], "public_metrics": {"retweet_count": 0, "reply_count": 0, "like_count": 0, "quote_count": 0}, "entities": {"urls": [{"start": 26, "end": 49, "url": "https://t.co/sb5TBJdCc2", "expanded_url": "https://twitter.com/realamberheard/status/880172354701111297", "display_url": "twitter.com/realamberheard\u2026"}]}, "author_id": "3064671053", "created_at": "2017-12-13T15:07:24.000Z", "quoted_tweet": {"id": "880172354701111297", "source": "Twitter for iPhone", "lang": "en", "text": "I Do...Until I Don't.  In theaters September 1st \nhttps://t.co/jVow4PII1Y", "public_metrics": {"retweet_count": 83, "reply_count": 37, "like_count": 318, "quote_count": 4}, "entities": {"urls": [{"start": 50, "end": 73, "url": "https://t.co/jVow4PII1Y", "expanded_url": "http://ew.com/movies/2017/06/27/i-do-until-i-dont-trailer-lake-bell/", "display_url": "ew.com/movies/2017/06\u2026", "status": 200, "unwound_url": "https://ew.com/movies/2017/06/27/i-do-until-i-dont-trailer-lake-bell/"}]}, "author_id": "807003567605227520", "created_at": "2017-06-28T21:13:36.000Z", "author": {"location": "Los Angeles, CA", "profile_image_url": "https://pbs.twimg.com/profile_images/1383196364792680448/N8CdupEu_normal.jpg", "name": "Amber Heard", "username": "realamberheard", "created_at": "2016-12-08T23:26:58.000Z", "id": "807003567605227520", "public_metrics": {"followers_count": 190364, "following_count": 220, "tweet_count": 1150, "listed_count": 566}, "url": "https://t.co/Ze18Ek9SOI", "description": "Actor and Activist, semi-professional disruptor, ice cream advocate and shameless teacup yorkie-lover"}}, "author": {"location": "Maryland, USA", "profile_image_url": "https://pbs.twimg.com/profile_images/742949121938575361/2gdO8v7e_normal.jpg", "name": "Luis Landa", "username": "1570_landa", "created_at": "2015-02-28T02:54:54.000Z", "id": "3064671053", "public_metrics": {"followers_count": 697, "following_count": 1826, "tweet_count": 79023, "listed_count": 18}, "url": "", "description": "I'm a huge fan of the Washington Commanders , I also like the soap DOOL and Amber Heard fan too."}}]