[{"text": "Oh my god \ud83d\ude0d https://t.co/DYxU8dSNcn", "source": "Twitter Web Client", "referenced_tweets": [{"type": "quoted", "id": "958852620801593344"}], "public_metrics": {"retweet_count": 0, "reply_count": 1, "like_count": 4, "quote_count": 0}, "lang": "en", "id": "958860688885211136", "created_at": "2018-02-01T00:32:57.000Z", "entities": {"urls": [{"start": 12, "end": 35, "url": "https://t.co/DYxU8dSNcn", "expanded_url": "https://twitter.com/realamberheard/status/958852620801593344", "display_url": "twitter.com/realamberheard\u2026"}]}, "author_id": "590851666", "quoted_tweet": {"text": "@AmberHeardRus @jasinboland @amberheard @chrishemsworth @creepypuppet @MarkRuffalo @TaikaWaititi Couldn't agree more! ha!", "source": "Twitter Web Client", "referenced_tweets": [{"type": "replied_to", "id": "947948129264992256"}], "in_reply_to_user_id": "590851666", "public_metrics": {"retweet_count": 13, "reply_count": 2, "like_count": 42, "quote_count": 1}, "lang": "en", "id": "958852620801593344", "created_at": "2018-02-01T00:00:54.000Z", "entities": {"mentions": [{"start": 0, "end": 14, "username": "AmberHeardRus", "id": "590851666"}, {"start": 15, "end": 27, "username": "jasinboland", "id": "177159061"}, {"start": 28, "end": 39, "username": "amberheard", "id": "373614207"}, {"start": 40, "end": 55, "username": "chrishemsworth", "id": "3063032281"}, {"start": 56, "end": 69, "username": "creepypuppet", "id": "1245129879248605186"}, {"start": 70, "end": 82, "username": "MarkRuffalo", "id": "47285504"}, {"start": 83, "end": 96, "username": "TaikaWaititi", "id": "95610041"}]}, "author_id": "807003567605227520", "author": {"public_metrics": {"followers_count": 190364, "following_count": 220, "tweet_count": 1150, "listed_count": 566}, "location": "Los Angeles, CA", "profile_image_url": "https://pbs.twimg.com/profile_images/1383196364792680448/N8CdupEu_normal.jpg", "url": "https://t.co/Ze18Ek9SOI", "username": "realamberheard", "description": "Actor and Activist, semi-professional disruptor, ice cream advocate and shameless teacup yorkie-lover", "id": "807003567605227520", "name": "Amber Heard", "created_at": "2016-12-08T23:26:58.000Z"}}, "author": {"public_metrics": {"followers_count": 1740, "following_count": 46, "tweet_count": 3751, "listed_count": 7}, "location": "All \u00a9 go to their owners", "profile_image_url": "https://pbs.twimg.com/profile_images/1473769429691506692/cJVGyTUo_normal.png", "url": "https://t.co/WoQhigMNEu", "username": "AmberHeardRus", "description": "Your best source dedicated to the gorgeous actress and activist Amber Heard. Follow for all the latest news, photos and more! More info in our VK community.", "id": "590851666", "name": "Amber Heard Russia", "created_at": "2012-05-26T11:47:26.000Z"}}]