[{"author_id": "4396120342", "entities": {"annotations": [{"start": 16, "end": 20, "probability": 0.8921, "type": "Person", "normalized_text": "Amber"}, {"start": 88, "end": 96, "probability": 0.6149, "type": "Product", "normalized_text": "instagram"}], "urls": [{"start": 104, "end": 127, "url": "https://t.co/szLFTPPjh8", "expanded_url": "https://twitter.com/realamberheard/status/994752993210896385?s=20", "display_url": "twitter.com/realamberheard\u2026"}], "mentions": [{"start": 0, "end": 15, "username": "sarahmcgbeauty", "id": "945854884007567360"}]}, "lang": "en", "source": "Twitter Web App", "in_reply_to_user_id": "793623386605907968", "referenced_tweets": [{"type": "quoted", "id": "994752993210896385"}, {"type": "replied_to", "id": "995146215145791488"}], "created_at": "2018-05-12T04:50:44.000Z", "text": "@sarahmcgbeauty Amber Heard thanked the designer of the crown in a couple of tweets and instagram btw \ud83d\ude0a\nhttps://t.co/szLFTPPjh8", "id": "995164347860246529", "public_metrics": {"retweet_count": 0, "reply_count": 0, "like_count": 0, "quote_count": 0}, "quoted_tweet": {"author_id": "807003567605227520", "lang": "en", "source": "Twitter for iPhone", "in_reply_to_user_id": "109261764", "referenced_tweets": [{"type": "replied_to", "id": "994245033640448002"}], "created_at": "2018-05-11T01:36:09.000Z", "text": "@apaticoshop Thank you for making my look truly shine. If it weren\u2019t for the DIY genuis of ppl like you, this would have impossible ~ thank you!!!", "entities": {"mentions": [{"start": 0, "end": 12, "username": "apaticoshop", "id": "109261764"}]}, "id": "994752993210896385", "public_metrics": {"retweet_count": 22, "reply_count": 6, "like_count": 149, "quote_count": 1}, "author": {"username": "realamberheard", "created_at": "2016-12-08T23:26:58.000Z", "profile_image_url": "https://pbs.twimg.com/profile_images/1383196364792680448/N8CdupEu_normal.jpg", "name": "Amber Heard", "public_metrics": {"followers_count": 190364, "following_count": 220, "tweet_count": 1150, "listed_count": 566}, "description": "Actor and Activist, semi-professional disruptor, ice cream advocate and shameless teacup yorkie-lover", "id": "807003567605227520", "url": "https://t.co/Ze18Ek9SOI", "location": "Los Angeles, CA"}}, "author": {"username": "stirgussa", "created_at": "2015-12-06T17:21:06.000Z", "profile_image_url": "https://pbs.twimg.com/profile_images/1378175478478082050/UKLiQPuk_normal.jpg", "name": "STIRGUS SACCHETTI", "public_metrics": {"followers_count": 677, "following_count": 296, "tweet_count": 58568, "listed_count": 0}, "description": "Only two things are infinite, the universe and human stupidity, and I'm not sure about the former. - Albert Einstein and Me!", "id": "4396120342", "url": ""}}, {"author_id": "3064671053", "lang": "en", "source": "Twitter Web Client", "entities": {"urls": [{"start": 36, "end": 59, "url": "https://t.co/Vc419bMwbC", "expanded_url": "https://twitter.com/realamberheard/status/994752993210896385", "display_url": "twitter.com/realamberheard\u2026"}]}, "referenced_tweets": [{"type": "quoted", "id": "994752993210896385"}], "created_at": "2018-05-11T01:55:32.000Z", "text": "We are very happy and proud of you! https://t.co/Vc419bMwbC", "id": "994757868472754176", "public_metrics": {"retweet_count": 0, "reply_count": 0, "like_count": 0, "quote_count": 0}, "quoted_tweet": {"author_id": "807003567605227520", "lang": "en", "source": "Twitter for iPhone", "in_reply_to_user_id": "109261764", "referenced_tweets": [{"type": "replied_to", "id": "994245033640448002"}], "created_at": "2018-05-11T01:36:09.000Z", "text": "@apaticoshop Thank you for making my look truly shine. If it weren\u2019t for the DIY genuis of ppl like you, this would have impossible ~ thank you!!!", "entities": {"mentions": [{"start": 0, "end": 12, "username": "apaticoshop", "id": "109261764"}]}, "id": "994752993210896385", "public_metrics": {"retweet_count": 22, "reply_count": 6, "like_count": 149, "quote_count": 1}, "author": {"username": "realamberheard", "created_at": "2016-12-08T23:26:58.000Z", "profile_image_url": "https://pbs.twimg.com/profile_images/1383196364792680448/N8CdupEu_normal.jpg", "name": "Amber Heard", "public_metrics": {"followers_count": 190364, "following_count": 220, "tweet_count": 1150, "listed_count": 566}, "description": "Actor and Activist, semi-professional disruptor, ice cream advocate and shameless teacup yorkie-lover", "id": "807003567605227520", "url": "https://t.co/Ze18Ek9SOI", "location": "Los Angeles, CA"}}, "author": {"username": "1570_landa", "created_at": "2015-02-28T02:54:54.000Z", "profile_image_url": "https://pbs.twimg.com/profile_images/742949121938575361/2gdO8v7e_normal.jpg", "name": "Luis Landa", "public_metrics": {"followers_count": 697, "following_count": 1826, "tweet_count": 79023, "listed_count": 18}, "description": "I'm a huge fan of the Washington Commanders , I also like the soap DOOL and Amber Heard fan too.", "id": "3064671053", "url": "", "location": "Maryland, USA"}}]