[{"id": "999824563755147264", "entities": {"urls": [{"start": 86, "end": 109, "url": "https://t.co/3oE19XSI2R", "expanded_url": "https://twitter.com/realamberheard/status/999735992604024833", "display_url": "twitter.com/realamberheard\u2026"}]}, "lang": "en", "author_id": "174571891", "referenced_tweets": [{"type": "quoted", "id": "999735992604024833"}], "public_metrics": {"retweet_count": 0, "reply_count": 0, "like_count": 2, "quote_count": 0}, "text": "Even a dollar helps. Please help save this child\u2019s life. Anything you can give helps. https://t.co/3oE19XSI2R", "created_at": "2018-05-25T01:28:46.000Z", "source": "Twitter for iPhone", "quoted_tweet": {"id": "999735992604024833", "entities": {"urls": [{"start": 96, "end": 119, "url": "https://t.co/Cyn22f0Qzr", "expanded_url": "https://www.crowdrise.com/o/en/campaign/amberheard", "display_url": "crowdrise.com/o/en/campaign/\u2026", "status": 200, "title": "GoFundMe: #1 Fundraising Platform for Crowdfunding", "description": "GoFundMe: The most trusted online fundraising platform for any need or dream. Start a crowdfunding fundraiser in 5 minutes. Get help. Give kindness.", "unwound_url": "https://www.gofundme.com/"}]}, "lang": "en", "author_id": "807003567605227520", "public_metrics": {"retweet_count": 147, "reply_count": 17, "like_count": 567, "quote_count": 6}, "text": "Together we can save the life of a 12 year old Syrian Refugee named Weam - Link in bio or go to https://t.co/Cyn22f0Qzr", "created_at": "2018-05-24T19:36:49.000Z", "source": "Twitter for iPhone", "author": {"url": "https://t.co/Ze18Ek9SOI", "username": "realamberheard", "description": "Actor and Activist, semi-professional disruptor, ice cream advocate and shameless teacup yorkie-lover", "name": "Amber Heard", "location": "Los Angeles, CA", "created_at": "2016-12-08T23:26:58.000Z", "profile_image_url": "https://pbs.twimg.com/profile_images/1383196364792680448/N8CdupEu_normal.jpg", "public_metrics": {"followers_count": 190365, "following_count": 220, "tweet_count": 1150, "listed_count": 566}, "id": "807003567605227520"}}, "author": {"url": "https://t.co/7Yjtqulz7P", "username": "sonia_hawkss", "description": "ceo of the bottle rockettes #LupitasDad #suns #CJ23  \ud83d\udc9c\ud83e\udde1\ud83d\udc9c\ud83e\udde1", "name": "sonia hawks \ud83d\ude80", "location": "The Bronze", "created_at": "2010-08-04T07:28:44.000Z", "profile_image_url": "https://pbs.twimg.com/profile_images/943344520644542466/Sh3FziTn_normal.jpg", "public_metrics": {"followers_count": 2089, "following_count": 1203, "tweet_count": 94559, "listed_count": 15}, "id": "174571891"}}, {"id": "999794008032333824", "entities": {"urls": [{"start": 49, "end": 72, "url": "https://t.co/KyA9Qxi2Ke", "expanded_url": "https://twitter.com/realamberheard/status/999735992604024833", "display_url": "twitter.com/realamberheard\u2026"}]}, "lang": "en", "author_id": "41126083", "referenced_tweets": [{"type": "quoted", "id": "999735992604024833"}], "public_metrics": {"retweet_count": 0, "reply_count": 0, "like_count": 0, "quote_count": 0}, "text": "Hoping to spread the word for this anyway I can. https://t.co/KyA9Qxi2Ke", "created_at": "2018-05-24T23:27:21.000Z", "source": "Twitter for Android", "quoted_tweet": {"id": "999735992604024833", "entities": {"urls": [{"start": 96, "end": 119, "url": "https://t.co/Cyn22f0Qzr", "expanded_url": "https://www.crowdrise.com/o/en/campaign/amberheard", "display_url": "crowdrise.com/o/en/campaign/\u2026", "status": 200, "title": "GoFundMe: #1 Fundraising Platform for Crowdfunding", "description": "GoFundMe: The most trusted online fundraising platform for any need or dream. Start a crowdfunding fundraiser in 5 minutes. Get help. Give kindness.", "unwound_url": "https://www.gofundme.com/"}]}, "lang": "en", "author_id": "807003567605227520", "public_metrics": {"retweet_count": 147, "reply_count": 17, "like_count": 567, "quote_count": 6}, "text": "Together we can save the life of a 12 year old Syrian Refugee named Weam - Link in bio or go to https://t.co/Cyn22f0Qzr", "created_at": "2018-05-24T19:36:49.000Z", "source": "Twitter for iPhone", "author": {"url": "https://t.co/Ze18Ek9SOI", "username": "realamberheard", "description": "Actor and Activist, semi-professional disruptor, ice cream advocate and shameless teacup yorkie-lover", "name": "Amber Heard", "location": "Los Angeles, CA", "created_at": "2016-12-08T23:26:58.000Z", "profile_image_url": "https://pbs.twimg.com/profile_images/1383196364792680448/N8CdupEu_normal.jpg", "public_metrics": {"followers_count": 190365, "following_count": 220, "tweet_count": 1150, "listed_count": 566}, "id": "807003567605227520"}}, "author": {"url": "http://t.co/fMJ6asZdOo", "username": "SalvationWriter", "description": "Writing my heart out to show what's in my heart. In it for the glory.", "name": "Nick Astrinakis", "location": "Places Underrated ", "created_at": "2009-05-19T14:31:17.000Z", "profile_image_url": "https://pbs.twimg.com/profile_images/839631118630449152/z_VmzGQ7_normal.jpg", "public_metrics": {"followers_count": 203, "following_count": 1884, "tweet_count": 10247, "listed_count": 12}, "id": "41126083"}}, {"id": "999785231044501504", "entities": {"urls": [{"start": 36, "end": 59, "url": "https://t.co/K6FYiYHF7a", "expanded_url": "https://twitter.com/realamberheard/status/999735992604024833", "display_url": "twitter.com/realamberheard\u2026"}]}, "lang": "fr", "author_id": "827604575465197573", "public_metrics": {"retweet_count": 0, "reply_count": 0, "like_count": 0, "quote_count": 0}, "text": "AMBER T ES UNE FEMME EXTRAORDINAIRE https://t.co/K6FYiYHF7a", "created_at": "2018-05-24T22:52:28.000Z", "source": "Twitter Web Client", "quoted_tweet": {"id": "999735992604024833", "entities": {"urls": [{"start": 96, "end": 119, "url": "https://t.co/Cyn22f0Qzr", "expanded_url": "https://www.crowdrise.com/o/en/campaign/amberheard", "display_url": "crowdrise.com/o/en/campaign/\u2026", "status": 200, "title": "GoFundMe: #1 Fundraising Platform for Crowdfunding", "description": "GoFundMe: The most trusted online fundraising platform for any need or dream. Start a crowdfunding fundraiser in 5 minutes. Get help. Give kindness.", "unwound_url": "https://www.gofundme.com/"}]}, "lang": "en", "author_id": "807003567605227520", "public_metrics": {"retweet_count": 147, "reply_count": 17, "like_count": 567, "quote_count": 6}, "text": "Together we can save the life of a 12 year old Syrian Refugee named Weam - Link in bio or go to https://t.co/Cyn22f0Qzr", "created_at": "2018-05-24T19:36:49.000Z", "source": "Twitter for iPhone", "author": {"url": "https://t.co/Ze18Ek9SOI", "username": "realamberheard", "description": "Actor and Activist, semi-professional disruptor, ice cream advocate and shameless teacup yorkie-lover", "name": "Amber Heard", "location": "Los Angeles, CA", "created_at": "2016-12-08T23:26:58.000Z", "profile_image_url": "https://pbs.twimg.com/profile_images/1383196364792680448/N8CdupEu_normal.jpg", "public_metrics": {"followers_count": 190365, "following_count": 220, "tweet_count": 1150, "listed_count": 566}, "id": "807003567605227520"}}, "author": {"url": "", "username": "TayabNacer", "description": "", "name": "tayab nacer eddine", "created_at": "2017-02-03T19:48:01.000Z", "profile_image_url": "https://abs.twimg.com/sticky/default_profile_images/default_profile_normal.png", "public_metrics": {"followers_count": 30, "following_count": 85, "tweet_count": 9606, "listed_count": 0}, "id": "827604575465197573"}}]