[{"in_reply_to_user_id": "2831154010", "id": "1251279361044410369", "entities": {"mentions": [{"start": 0, "end": 15, "username": "realamberheard", "id": "807003567605227520"}, {"start": 16, "end": 32, "username": "JenSiebelNewsom", "id": "327684727"}, {"start": 33, "end": 48, "username": "CharlizeAfrica", "id": "72915722"}, {"start": 49, "end": 60, "username": "RalphNader", "id": "77314692"}, {"start": 61, "end": 69, "username": "jjz1600", "id": "392884284"}, {"start": 70, "end": 84, "username": "BernieSanders", "id": "216776631"}, {"start": 85, "end": 97, "username": "zehavagalon", "id": "884063996"}, {"start": 98, "end": 109, "username": "simonerzim", "id": "259158556"}, {"start": 110, "end": 123, "username": "DrRJKavanagh", "id": "1607352380"}, {"start": 124, "end": 136, "username": "NaomiAKlein", "id": "189376144"}, {"start": 137, "end": 148, "username": "ggreenwald", "id": "16076032"}, {"start": 162, "end": 172, "username": "CBHessick", "id": "3097134196"}, {"start": 173, "end": 183, "username": "peterdaou", "id": "18464266"}, {"start": 184, "end": 197, "username": "_whitneywebb", "id": "765241482974470144"}, {"start": 198, "end": 205, "username": "danawt", "id": "43197818"}, {"start": 206, "end": 218, "username": "paleofuture", "id": "16877374"}, {"start": 219, "end": 227, "username": "mtaibbi", "id": "38271276"}, {"start": 228, "end": 240, "username": "DarrellIssa", "id": "22509548"}, {"start": 313, "end": 326, "username": "KamalaHarris", "id": "30354991"}], "urls": [{"start": 328, "end": 351, "url": "https://t.co/Il2MJMATME", "expanded_url": "https://twitter.com/tomjohn266/status/1251279361044410369/photo/1", "display_url": "pic.twitter.com/Il2MJMATME"}], "annotations": [{"start": 303, "end": 311, "probability": 0.3274, "type": "Person", "normalized_text": "DA Kamala"}]}, "lang": "en", "author_id": "2831154010", "referenced_tweets": [{"type": "replied_to", "id": "1250752869952712704"}], "public_metrics": {"retweet_count": 0, "reply_count": 0, "like_count": 0, "quote_count": 1}, "text": "@realamberheard @JenSiebelNewsom @CharlizeAfrica @RalphNader\n@jjz1600\n@BernieSanders\n@zehavagalon\n@simonerzim\n@DrRJKavanagh\n@NaomiAKlein\n@ggreenwald\n@jimmysllama\n@CBHessick\n@peterdaou\n@_whitneywebb\n@danawt\n@paleofuture\n@mtaibbi\n@DarrellIssa\n\nCan justice be served when you are in close contact with the DA Kamala @KamalaHarris? https://t.co/Il2MJMATME", "created_at": "2020-04-17T22:40:21.000Z", "source": "Twitter Web App", "replied_tweet": {"id": "1000512130645479426", "entities": {"urls": [{"start": 14, "end": 37, "url": "https://t.co/K0IuVzC8Eg", "expanded_url": "http://www.justjared.com/2018/05/24/amber-heard-launches-fundraiser-to-help-sick-syrian-refugee-child-she-met-on-mission-trip-video/", "display_url": "justjared.com/2018/05/24/amb\u2026", "status": 200, "title": "Amber Heard Launches Fundraiser to Help Sick Syrian Refugee Child She Met on Mission Trip (Video)", "description": "Watch her video", "unwound_url": "https://www.justjared.com/2018/05/24/amber-heard-launches-fundraiser-to-help-sick-syrian-refugee-child-she-met-on-mission-trip-video/"}], "annotations": [{"start": 7, "end": 11, "probability": 0.9869, "type": "Person", "normalized_text": "Jared"}]}, "lang": "en", "author_id": "807003567605227520", "public_metrics": {"retweet_count": 129, "reply_count": 33, "like_count": 891, "quote_count": 5}, "text": "Thanks Jared! https://t.co/K0IuVzC8Eg", "created_at": "2018-05-26T23:00:55.000Z", "source": "Twitter for iPhone", "author": {"url": "https://t.co/Ze18Ek9SOI", "username": "realamberheard", "description": "Actor and Activist, semi-professional disruptor, ice cream advocate and shameless teacup yorkie-lover", "name": "Amber Heard", "location": "Los Angeles, CA", "created_at": "2016-12-08T23:26:58.000Z", "profile_image_url": "https://pbs.twimg.com/profile_images/1383196364792680448/N8CdupEu_normal.jpg", "public_metrics": {"followers_count": 190464, "following_count": 220, "tweet_count": 1151, "listed_count": 567}, "id": "807003567605227520"}}, "author": {"url": "", "username": "tomjohn266", "description": "Likud Zionist Hikmat el-Shihabi was Kissinger's spy, destroyed Syria & Lebanon. Zionists preach love while their driving force is Hate, forced me change my name", "name": "Tom John - \ud83c\udf0eNoH8", "location": "United States", "created_at": "2014-10-15T05:03:25.000Z", "profile_image_url": "https://pbs.twimg.com/profile_images/821388057823694848/bz_qUZbW_normal.jpg", "public_metrics": {"followers_count": 108, "following_count": 213, "tweet_count": 8548, "listed_count": 0}, "id": "2831154010"}}, {"in_reply_to_user_id": "807003567605227520", "id": "1250752869952712704", "entities": {"hashtags": [{"start": 211, "end": 222, "tag": "JohnnyDepp"}], "mentions": [{"start": 0, "end": 15, "username": "realamberheard", "id": "807003567605227520"}, {"start": 16, "end": 32, "username": "JenSiebelNewsom", "id": "327684727"}, {"start": 33, "end": 48, "username": "CharlizeAfrica", "id": "72915722"}], "urls": [{"start": 271, "end": 294, "url": "https://t.co/skCuYLSDH1", "expanded_url": "https://www.ibtimes.com/amber-heard-could-face-3-years-imprisonment-if-found-guilty-faking-evidence-2953787", "display_url": "ibtimes.com/amber-heard-co\u2026"}]}, "lang": "en", "author_id": "2831154010", "referenced_tweets": [{"type": "replied_to", "id": "1000512130645479426"}], "public_metrics": {"retweet_count": 0, "reply_count": 1, "like_count": 0, "quote_count": 0}, "text": "@realamberheard @JenSiebelNewsom\n@CharlizeAfrica\n\nPens lifted\nPapers dried off\nHOPE was ..\nJust a four-letter word\nBut now people can see\nHate\nShe masked by acting\nLying\nThe Dark heart\nWhite woman\nThe Fraud\n\u2022\n\u2022\n#JohnnyDepp is innocent\nShe stinks from a distance\n\u00c7'est La\nhttps://t.co/skCuYLSDH1", "created_at": "2020-04-16T11:48:16.000Z", "source": "Twitter Web App", "replied_tweet": {"id": "1000512130645479426", "entities": {"urls": [{"start": 14, "end": 37, "url": "https://t.co/K0IuVzC8Eg", "expanded_url": "http://www.justjared.com/2018/05/24/amber-heard-launches-fundraiser-to-help-sick-syrian-refugee-child-she-met-on-mission-trip-video/", "display_url": "justjared.com/2018/05/24/amb\u2026", "status": 200, "title": "Amber Heard Launches Fundraiser to Help Sick Syrian Refugee Child She Met on Mission Trip (Video)", "description": "Watch her video", "unwound_url": "https://www.justjared.com/2018/05/24/amber-heard-launches-fundraiser-to-help-sick-syrian-refugee-child-she-met-on-mission-trip-video/"}], "annotations": [{"start": 7, "end": 11, "probability": 0.9869, "type": "Person", "normalized_text": "Jared"}]}, "lang": "en", "author_id": "807003567605227520", "public_metrics": {"retweet_count": 129, "reply_count": 33, "like_count": 891, "quote_count": 5}, "text": "Thanks Jared! https://t.co/K0IuVzC8Eg", "created_at": "2018-05-26T23:00:55.000Z", "source": "Twitter for iPhone", "author": {"url": "https://t.co/Ze18Ek9SOI", "username": "realamberheard", "description": "Actor and Activist, semi-professional disruptor, ice cream advocate and shameless teacup yorkie-lover", "name": "Amber Heard", "location": "Los Angeles, CA", "created_at": "2016-12-08T23:26:58.000Z", "profile_image_url": "https://pbs.twimg.com/profile_images/1383196364792680448/N8CdupEu_normal.jpg", "public_metrics": {"followers_count": 190464, "following_count": 220, "tweet_count": 1151, "listed_count": 567}, "id": "807003567605227520"}}, "author": {"url": "", "username": "tomjohn266", "description": "Likud Zionist Hikmat el-Shihabi was Kissinger's spy, destroyed Syria & Lebanon. Zionists preach love while their driving force is Hate, forced me change my name", "name": "Tom John - \ud83c\udf0eNoH8", "location": "United States", "created_at": "2014-10-15T05:03:25.000Z", "profile_image_url": "https://pbs.twimg.com/profile_images/821388057823694848/bz_qUZbW_normal.jpg", "public_metrics": {"followers_count": 108, "following_count": 213, "tweet_count": 8548, "listed_count": 0}, "id": "2831154010"}}, {"in_reply_to_user_id": "807003567605227520", "id": "1005111527563841536", "entities": {"mentions": [{"start": 0, "end": 15, "username": "realamberheard", "id": "807003567605227520"}], "urls": [{"start": 16, "end": 39, "url": "https://t.co/JTRCC0nmZD", "expanded_url": "http://www.tmz.com/2016/06/07/amber-heard-domestic-violence-arrest-partner-tasya-van-ree/", "display_url": "tmz.com/2016/06/07/amb\u2026"}]}, "lang": "und", "author_id": "962378172347092993", "referenced_tweets": [{"type": "replied_to", "id": "1000512130645479426"}], "public_metrics": {"retweet_count": 0, "reply_count": 0, "like_count": 1, "quote_count": 0}, "text": "@realamberheard https://t.co/JTRCC0nmZD", "created_at": "2018-06-08T15:37:16.000Z", "source": "Twitter Web Client", "replied_tweet": {"id": "1000512130645479426", "entities": {"urls": [{"start": 14, "end": 37, "url": "https://t.co/K0IuVzC8Eg", "expanded_url": "http://www.justjared.com/2018/05/24/amber-heard-launches-fundraiser-to-help-sick-syrian-refugee-child-she-met-on-mission-trip-video/", "display_url": "justjared.com/2018/05/24/amb\u2026", "status": 200, "title": "Amber Heard Launches Fundraiser to Help Sick Syrian Refugee Child She Met on Mission Trip (Video)", "description": "Watch her video", "unwound_url": "https://www.justjared.com/2018/05/24/amber-heard-launches-fundraiser-to-help-sick-syrian-refugee-child-she-met-on-mission-trip-video/"}], "annotations": [{"start": 7, "end": 11, "probability": 0.9869, "type": "Person", "normalized_text": "Jared"}]}, "lang": "en", "author_id": "807003567605227520", "public_metrics": {"retweet_count": 129, "reply_count": 33, "like_count": 891, "quote_count": 5}, "text": "Thanks Jared! https://t.co/K0IuVzC8Eg", "created_at": "2018-05-26T23:00:55.000Z", "source": "Twitter for iPhone", "author": {"url": "https://t.co/Ze18Ek9SOI", "username": "realamberheard", "description": "Actor and Activist, semi-professional disruptor, ice cream advocate and shameless teacup yorkie-lover", "name": "Amber Heard", "location": "Los Angeles, CA", "created_at": "2016-12-08T23:26:58.000Z", "profile_image_url": "https://pbs.twimg.com/profile_images/1383196364792680448/N8CdupEu_normal.jpg", "public_metrics": {"followers_count": 190464, "following_count": 220, "tweet_count": 1151, "listed_count": 567}, "id": "807003567605227520"}}, "author": {"url": "", "username": "bulmasolo1221", "description": "", "name": "\u30d6\u30eb\u30de\u30c8\u30e9\u30f3\u30af\u30b9", "location": "China-cho, Kagoshima", "created_at": "2018-02-10T17:30:11.000Z", "profile_image_url": "https://pbs.twimg.com/profile_images/1017439735478878210/loDtBDF8_normal.jpg", "public_metrics": {"followers_count": 110, "following_count": 1166, "tweet_count": 5227, "listed_count": 0}, "id": "962378172347092993"}}, {"in_reply_to_user_id": "807003567605227520", "id": "1003607624821157888", "entities": {"mentions": [{"start": 0, "end": 15, "username": "realamberheard", "id": "807003567605227520"}]}, "lang": "en", "author_id": "442273670", "referenced_tweets": [{"type": "replied_to", "id": "1000512130645479426"}], "public_metrics": {"retweet_count": 0, "reply_count": 0, "like_count": 0, "quote_count": 0}, "text": "@realamberheard congrats \ud83c\udf89\ud83c\udf88 and thx!!", "created_at": "2018-06-04T12:01:18.000Z", "source": "Twitter for iPhone", "replied_tweet": {"id": "1000512130645479426", "entities": {"urls": [{"start": 14, "end": 37, "url": "https://t.co/K0IuVzC8Eg", "expanded_url": "http://www.justjared.com/2018/05/24/amber-heard-launches-fundraiser-to-help-sick-syrian-refugee-child-she-met-on-mission-trip-video/", "display_url": "justjared.com/2018/05/24/amb\u2026", "status": 200, "title": "Amber Heard Launches Fundraiser to Help Sick Syrian Refugee Child She Met on Mission Trip (Video)", "description": "Watch her video", "unwound_url": "https://www.justjared.com/2018/05/24/amber-heard-launches-fundraiser-to-help-sick-syrian-refugee-child-she-met-on-mission-trip-video/"}], "annotations": [{"start": 7, "end": 11, "probability": 0.9869, "type": "Person", "normalized_text": "Jared"}]}, "lang": "en", "author_id": "807003567605227520", "public_metrics": {"retweet_count": 129, "reply_count": 33, "like_count": 891, "quote_count": 5}, "text": "Thanks Jared! https://t.co/K0IuVzC8Eg", "created_at": "2018-05-26T23:00:55.000Z", "source": "Twitter for iPhone", "author": {"url": "https://t.co/Ze18Ek9SOI", "username": "realamberheard", "description": "Actor and Activist, semi-professional disruptor, ice cream advocate and shameless teacup yorkie-lover", "name": "Amber Heard", "location": "Los Angeles, CA", "created_at": "2016-12-08T23:26:58.000Z", "profile_image_url": "https://pbs.twimg.com/profile_images/1383196364792680448/N8CdupEu_normal.jpg", "public_metrics": {"followers_count": 190464, "following_count": 220, "tweet_count": 1151, "listed_count": 567}, "id": "807003567605227520"}}, "author": {"url": "https://t.co/f7ZlYKLLPj", "username": "pierbenedetto", "description": "It\u2019s already too late to die young...", "name": "Pierre-Ben Varoclier", "location": "Paris, France", "created_at": "2011-12-20T23:13:54.000Z", "profile_image_url": "https://pbs.twimg.com/profile_images/856671111182004225/GKGw82Kq_normal.jpg", "public_metrics": {"followers_count": 241, "following_count": 377, "tweet_count": 2739, "listed_count": 8}, "id": "442273670"}}, {"in_reply_to_user_id": "807003567605227520", "id": "1003145447219912705", "entities": {"mentions": [{"start": 0, "end": 15, "username": "realamberheard", "id": "807003567605227520"}], "urls": [{"start": 157, "end": 180, "url": "https://t.co/8IihJMrS5T", "expanded_url": "https://en.m.wikipedia.org/wiki/Gelendzhik", "display_url": "en.m.wikipedia.org/wiki/Gelendzhik", "status": 200, "unwound_url": "https://en.m.wikipedia.org/wiki/Gelendzhik"}, {"start": 181, "end": 204, "url": "https://t.co/m9bo5EPFhP", "expanded_url": "https://healer-vitaly.com", "display_url": "healer-vitaly.com", "status": 200, "unwound_url": "https://healer-vitaly.com"}], "annotations": [{"start": 29, "end": 41, "probability": 0.3466, "type": "Person", "normalized_text": "Bioenergetics"}, {"start": 76, "end": 125, "probability": 0.3776, "type": "Product", "normalized_text": "Cleansing from Negative Polivtsev Vitaliy Healer"}]}, "lang": "en", "author_id": "1224195229", "referenced_tweets": [{"type": "replied_to", "id": "1000512130645479426"}], "public_metrics": {"retweet_count": 0, "reply_count": 0, "like_count": 0, "quote_count": 0}, "text": "@realamberheard Healing with Bioenergetics\nAt a distance with the photograph\nCleansing from Negative\nPolivtsev  Vitaliy\nHealer-Bioenergetic\n+7(929)85-000-23\nhttps://t.co/8IihJMrS5T\nhttps://t.co/m9bo5EPFhP", "created_at": "2018-06-03T05:24:46.000Z", "source": "Twitter Web Client", "replied_tweet": {"id": "1000512130645479426", "entities": {"urls": [{"start": 14, "end": 37, "url": "https://t.co/K0IuVzC8Eg", "expanded_url": "http://www.justjared.com/2018/05/24/amber-heard-launches-fundraiser-to-help-sick-syrian-refugee-child-she-met-on-mission-trip-video/", "display_url": "justjared.com/2018/05/24/amb\u2026", "status": 200, "title": "Amber Heard Launches Fundraiser to Help Sick Syrian Refugee Child She Met on Mission Trip (Video)", "description": "Watch her video", "unwound_url": "https://www.justjared.com/2018/05/24/amber-heard-launches-fundraiser-to-help-sick-syrian-refugee-child-she-met-on-mission-trip-video/"}], "annotations": [{"start": 7, "end": 11, "probability": 0.9869, "type": "Person", "normalized_text": "Jared"}]}, "lang": "en", "author_id": "807003567605227520", "public_metrics": {"retweet_count": 129, "reply_count": 33, "like_count": 891, "quote_count": 5}, "text": "Thanks Jared! https://t.co/K0IuVzC8Eg", "created_at": "2018-05-26T23:00:55.000Z", "source": "Twitter for iPhone", "author": {"url": "https://t.co/Ze18Ek9SOI", "username": "realamberheard", "description": "Actor and Activist, semi-professional disruptor, ice cream advocate and shameless teacup yorkie-lover", "name": "Amber Heard", "location": "Los Angeles, CA", "created_at": "2016-12-08T23:26:58.000Z", "profile_image_url": "https://pbs.twimg.com/profile_images/1383196364792680448/N8CdupEu_normal.jpg", "public_metrics": {"followers_count": 190464, "following_count": 220, "tweet_count": 1151, "listed_count": 567}, "id": "807003567605227520"}}, "author": {"url": "https://t.co/J4lzB4anXH", "username": "vitalycelitel", "description": "\u0412\u0438\u0442\u0430\u043b\u0438\u0439 \u0410\u043b\u0442\u0430\u0439\u0441\u043a\u0438\u0439. \u0426\u0435\u043b\u0438\u0442\u0435\u043b\u044c\u0441\u0442\u0432\u043e \u043d\u0430 \u0440\u0430\u0441\u0441\u0442\u043e\u044f\u043d\u0438\u0438, \u043f\u043e \u0444\u043e\u0442\u043e\u0433\u0440\u0430\u0444\u0438\u0438. \u0421\u043d\u044f\u0442\u0438\u0435 \u043f\u043e\u0440\u0447\u0438 \u0438 \u0432\u044b\u0441\u0435\u043b\u0435\u043d\u0438\u0435 \u0441\u0443\u0449\u043d\u043e\u0441\u0442\u0438. https://t.co/J4lzB4anXH", "name": "\u0412\u0438\u0442\u0430\u043b\u0438\u0439 \u0410\u043b\u0442\u0430\u0439\u0441\u043a\u0438\u0439", "location": "\u041c\u043e\u0441\u043a\u0432\u0430, \u0420\u043e\u0441\u0441\u0438\u044f", "created_at": "2013-02-27T09:52:50.000Z", "profile_image_url": "https://pbs.twimg.com/profile_images/1365544968983576582/wyLJzE5d_normal.jpg", "public_metrics": {"followers_count": 1233, "following_count": 4, "tweet_count": 606, "listed_count": 0}, "id": "1224195229"}}, {"in_reply_to_user_id": "807003567605227520", "id": "1002480669300350977", "entities": {"mentions": [{"start": 0, "end": 15, "username": "realamberheard", "id": "807003567605227520"}]}, "lang": "ru", "author_id": "393873072", "referenced_tweets": [{"type": "replied_to", "id": "1000512130645479426"}], "public_metrics": {"retweet_count": 0, "reply_count": 0, "like_count": 0, "quote_count": 0}, "text": "@realamberheard \u041a\u0440\u0430\u0441\u0438\u0432\u0430\u044f \u0434\u0435\u0432\u043e\u0447\u043a\u0430", "created_at": "2018-06-01T09:23:11.000Z", "source": "Twitter Web Client", "replied_tweet": {"id": "1000512130645479426", "entities": {"urls": [{"start": 14, "end": 37, "url": "https://t.co/K0IuVzC8Eg", "expanded_url": "http://www.justjared.com/2018/05/24/amber-heard-launches-fundraiser-to-help-sick-syrian-refugee-child-she-met-on-mission-trip-video/", "display_url": "justjared.com/2018/05/24/amb\u2026", "status": 200, "title": "Amber Heard Launches Fundraiser to Help Sick Syrian Refugee Child She Met on Mission Trip (Video)", "description": "Watch her video", "unwound_url": "https://www.justjared.com/2018/05/24/amber-heard-launches-fundraiser-to-help-sick-syrian-refugee-child-she-met-on-mission-trip-video/"}], "annotations": [{"start": 7, "end": 11, "probability": 0.9869, "type": "Person", "normalized_text": "Jared"}]}, "lang": "en", "author_id": "807003567605227520", "public_metrics": {"retweet_count": 129, "reply_count": 33, "like_count": 891, "quote_count": 5}, "text": "Thanks Jared! https://t.co/K0IuVzC8Eg", "created_at": "2018-05-26T23:00:55.000Z", "source": "Twitter for iPhone", "author": {"url": "https://t.co/Ze18Ek9SOI", "username": "realamberheard", "description": "Actor and Activist, semi-professional disruptor, ice cream advocate and shameless teacup yorkie-lover", "name": "Amber Heard", "location": "Los Angeles, CA", "created_at": "2016-12-08T23:26:58.000Z", "profile_image_url": "https://pbs.twimg.com/profile_images/1383196364792680448/N8CdupEu_normal.jpg", "public_metrics": {"followers_count": 190464, "following_count": 220, "tweet_count": 1151, "listed_count": 567}, "id": "807003567605227520"}}, "author": {"url": "", "username": "AndreyVershkov", "description": "\u044d\u0442\u043e \u044f!", "name": "\u0410\u043d\u0434\u0440\u0435\u0439 \u0420\u0443\u0441\u043e\u0432", "location": "\u041c\u043e\u0441\u043a\u0432\u0430", "created_at": "2011-10-19T06:40:45.000Z", "profile_image_url": "https://pbs.twimg.com/profile_images/1597591009/x_a6137ecd_normal.jpg", "public_metrics": {"followers_count": 0, "following_count": 0, "tweet_count": 73, "listed_count": 0}, "id": "393873072"}}, {"in_reply_to_user_id": "807003567605227520", "id": "1002232404063457280", "entities": {"mentions": [{"start": 0, "end": 15, "username": "realamberheard", "id": "807003567605227520"}]}, "lang": "en", "author_id": "2471919439", "referenced_tweets": [{"type": "replied_to", "id": "1000512130645479426"}], "public_metrics": {"retweet_count": 0, "reply_count": 0, "like_count": 0, "quote_count": 0}, "text": "@realamberheard Bae lops u", "created_at": "2018-05-31T16:56:40.000Z", "source": "Twitter for Android", "replied_tweet": {"id": "1000512130645479426", "entities": {"urls": [{"start": 14, "end": 37, "url": "https://t.co/K0IuVzC8Eg", "expanded_url": "http://www.justjared.com/2018/05/24/amber-heard-launches-fundraiser-to-help-sick-syrian-refugee-child-she-met-on-mission-trip-video/", "display_url": "justjared.com/2018/05/24/amb\u2026", "status": 200, "title": "Amber Heard Launches Fundraiser to Help Sick Syrian Refugee Child She Met on Mission Trip (Video)", "description": "Watch her video", "unwound_url": "https://www.justjared.com/2018/05/24/amber-heard-launches-fundraiser-to-help-sick-syrian-refugee-child-she-met-on-mission-trip-video/"}], "annotations": [{"start": 7, "end": 11, "probability": 0.9869, "type": "Person", "normalized_text": "Jared"}]}, "lang": "en", "author_id": "807003567605227520", "public_metrics": {"retweet_count": 129, "reply_count": 33, "like_count": 891, "quote_count": 5}, "text": "Thanks Jared! https://t.co/K0IuVzC8Eg", "created_at": "2018-05-26T23:00:55.000Z", "source": "Twitter for iPhone", "author": {"url": "https://t.co/Ze18Ek9SOI", "username": "realamberheard", "description": "Actor and Activist, semi-professional disruptor, ice cream advocate and shameless teacup yorkie-lover", "name": "Amber Heard", "location": "Los Angeles, CA", "created_at": "2016-12-08T23:26:58.000Z", "profile_image_url": "https://pbs.twimg.com/profile_images/1383196364792680448/N8CdupEu_normal.jpg", "public_metrics": {"followers_count": 190464, "following_count": 220, "tweet_count": 1151, "listed_count": 567}, "id": "807003567605227520"}}, "author": {"url": "", "username": "theofficialkbr", "description": "charming , cute and sweet boy ,", "name": "The Official KBR", "location": "New York, USA", "created_at": "2014-05-01T04:12:42.000Z", "profile_image_url": "https://pbs.twimg.com/profile_images/984614345517797376/fZSLVTGu_normal.jpg", "public_metrics": {"followers_count": 28, "following_count": 503, "tweet_count": 697, "listed_count": 0}, "id": "2471919439"}}, {"in_reply_to_user_id": "807003567605227520", "id": "1001416831830147075", "entities": {"mentions": [{"start": 0, "end": 15, "username": "realamberheard", "id": "807003567605227520"}]}, "lang": "en", "author_id": "786216319163043841", "referenced_tweets": [{"type": "replied_to", "id": "1000512130645479426"}], "public_metrics": {"retweet_count": 0, "reply_count": 0, "like_count": 0, "quote_count": 0}, "text": "@realamberheard Beautiful \ud83d\ude0d\ud83d\ude0d\ud83d\ude0d...i love you crush \ud83d\ude0a\ud83d\ude0a\ud83d\ude0a", "created_at": "2018-05-29T10:55:52.000Z", "source": "Twitter Web App", "replied_tweet": {"id": "1000512130645479426", "entities": {"urls": [{"start": 14, "end": 37, "url": "https://t.co/K0IuVzC8Eg", "expanded_url": "http://www.justjared.com/2018/05/24/amber-heard-launches-fundraiser-to-help-sick-syrian-refugee-child-she-met-on-mission-trip-video/", "display_url": "justjared.com/2018/05/24/amb\u2026", "status": 200, "title": "Amber Heard Launches Fundraiser to Help Sick Syrian Refugee Child She Met on Mission Trip (Video)", "description": "Watch her video", "unwound_url": "https://www.justjared.com/2018/05/24/amber-heard-launches-fundraiser-to-help-sick-syrian-refugee-child-she-met-on-mission-trip-video/"}], "annotations": [{"start": 7, "end": 11, "probability": 0.9869, "type": "Person", "normalized_text": "Jared"}]}, "lang": "en", "author_id": "807003567605227520", "public_metrics": {"retweet_count": 129, "reply_count": 33, "like_count": 891, "quote_count": 5}, "text": "Thanks Jared! https://t.co/K0IuVzC8Eg", "created_at": "2018-05-26T23:00:55.000Z", "source": "Twitter for iPhone", "author": {"url": "https://t.co/Ze18Ek9SOI", "username": "realamberheard", "description": "Actor and Activist, semi-professional disruptor, ice cream advocate and shameless teacup yorkie-lover", "name": "Amber Heard", "location": "Los Angeles, CA", "created_at": "2016-12-08T23:26:58.000Z", "profile_image_url": "https://pbs.twimg.com/profile_images/1383196364792680448/N8CdupEu_normal.jpg", "public_metrics": {"followers_count": 190464, "following_count": 220, "tweet_count": 1151, "listed_count": 567}, "id": "807003567605227520"}}, "author": {"url": "", "username": "JorenPunzalan", "description": "I love those people who feel no shame in saying SORRY those type of people are the best", "name": "im MJ", "location": "calamba laguna", "created_at": "2016-10-12T14:45:52.000Z", "profile_image_url": "https://pbs.twimg.com/profile_images/786219660156862464/dNcHkA-2_normal.jpg", "public_metrics": {"followers_count": 18, "following_count": 82, "tweet_count": 116, "listed_count": 0}, "id": "786216319163043841"}}, {"in_reply_to_user_id": "807003567605227520", "id": "1001333194053087232", "entities": {"mentions": [{"start": 0, "end": 15, "username": "realamberheard", "id": "807003567605227520"}], "urls": [{"start": 50, "end": 73, "url": "https://t.co/EtTy18aRiC", "expanded_url": "https://twitter.com/bouzidmohammed6/status/1001333194053087232/photo/1", "display_url": "pic.twitter.com/EtTy18aRiC"}], "annotations": [{"start": 44, "end": 48, "probability": 0.6074, "type": "Person", "normalized_text": "amber"}]}, "lang": "en", "author_id": "978625552792850433", "referenced_tweets": [{"type": "replied_to", "id": "1000512130645479426"}], "public_metrics": {"retweet_count": 0, "reply_count": 0, "like_count": 0, "quote_count": 0}, "text": "@realamberheard I'm from Algerie I love you amber https://t.co/EtTy18aRiC", "created_at": "2018-05-29T05:23:31.000Z", "source": "Twitter for iPhone", "replied_tweet": {"id": "1000512130645479426", "entities": {"urls": [{"start": 14, "end": 37, "url": "https://t.co/K0IuVzC8Eg", "expanded_url": "http://www.justjared.com/2018/05/24/amber-heard-launches-fundraiser-to-help-sick-syrian-refugee-child-she-met-on-mission-trip-video/", "display_url": "justjared.com/2018/05/24/amb\u2026", "status": 200, "title": "Amber Heard Launches Fundraiser to Help Sick Syrian Refugee Child She Met on Mission Trip (Video)", "description": "Watch her video", "unwound_url": "https://www.justjared.com/2018/05/24/amber-heard-launches-fundraiser-to-help-sick-syrian-refugee-child-she-met-on-mission-trip-video/"}], "annotations": [{"start": 7, "end": 11, "probability": 0.9869, "type": "Person", "normalized_text": "Jared"}]}, "lang": "en", "author_id": "807003567605227520", "public_metrics": {"retweet_count": 129, "reply_count": 33, "like_count": 891, "quote_count": 5}, "text": "Thanks Jared! https://t.co/K0IuVzC8Eg", "created_at": "2018-05-26T23:00:55.000Z", "source": "Twitter for iPhone", "author": {"url": "https://t.co/Ze18Ek9SOI", "username": "realamberheard", "description": "Actor and Activist, semi-professional disruptor, ice cream advocate and shameless teacup yorkie-lover", "name": "Amber Heard", "location": "Los Angeles, CA", "created_at": "2016-12-08T23:26:58.000Z", "profile_image_url": "https://pbs.twimg.com/profile_images/1383196364792680448/N8CdupEu_normal.jpg", "public_metrics": {"followers_count": 190464, "following_count": 220, "tweet_count": 1151, "listed_count": 567}, "id": "807003567605227520"}}, "author": {"url": "", "username": "bouzidmohammed6", "description": "", "name": "bouzid mohammed", "location": "Algiers                       ", "created_at": "2018-03-27T13:31:28.000Z", "profile_image_url": "https://pbs.twimg.com/profile_images/1446290866872758274/juWAu3pv_normal.jpg", "public_metrics": {"followers_count": 1, "following_count": 73, "tweet_count": 97, "listed_count": 0}, "id": "978625552792850433"}}, {"in_reply_to_user_id": "807003567605227520", "id": "1001158034431922176", "entities": {"mentions": [{"start": 0, "end": 15, "username": "realamberheard", "id": "807003567605227520"}]}, "lang": "en", "author_id": "186236802", "referenced_tweets": [{"type": "replied_to", "id": "1000512130645479426"}], "public_metrics": {"retweet_count": 0, "reply_count": 0, "like_count": 0, "quote_count": 0}, "text": "@realamberheard thank you for caring", "created_at": "2018-05-28T17:47:30.000Z", "source": "Twitter for iPhone", "replied_tweet": {"id": "1000512130645479426", "entities": {"urls": [{"start": 14, "end": 37, "url": "https://t.co/K0IuVzC8Eg", "expanded_url": "http://www.justjared.com/2018/05/24/amber-heard-launches-fundraiser-to-help-sick-syrian-refugee-child-she-met-on-mission-trip-video/", "display_url": "justjared.com/2018/05/24/amb\u2026", "status": 200, "title": "Amber Heard Launches Fundraiser to Help Sick Syrian Refugee Child She Met on Mission Trip (Video)", "description": "Watch her video", "unwound_url": "https://www.justjared.com/2018/05/24/amber-heard-launches-fundraiser-to-help-sick-syrian-refugee-child-she-met-on-mission-trip-video/"}], "annotations": [{"start": 7, "end": 11, "probability": 0.9869, "type": "Person", "normalized_text": "Jared"}]}, "lang": "en", "author_id": "807003567605227520", "public_metrics": {"retweet_count": 129, "reply_count": 33, "like_count": 891, "quote_count": 5}, "text": "Thanks Jared! https://t.co/K0IuVzC8Eg", "created_at": "2018-05-26T23:00:55.000Z", "source": "Twitter for iPhone", "author": {"url": "https://t.co/Ze18Ek9SOI", "username": "realamberheard", "description": "Actor and Activist, semi-professional disruptor, ice cream advocate and shameless teacup yorkie-lover", "name": "Amber Heard", "location": "Los Angeles, CA", "created_at": "2016-12-08T23:26:58.000Z", "profile_image_url": "https://pbs.twimg.com/profile_images/1383196364792680448/N8CdupEu_normal.jpg", "public_metrics": {"followers_count": 190464, "following_count": 220, "tweet_count": 1151, "listed_count": 567}, "id": "807003567605227520"}}, "author": {"url": "", "username": "leaabboudx", "description": "25-teacher\ud83c\uddf1\ud83c\udde7\ud83c\udde8\ud83c\udde6// you make flowers grow in the saddest parts of me // aspiring poet and author\u270c\ud83c\udffb", "name": "lea abboud\u270c\ufe0f", "created_at": "2010-09-02T22:49:59.000Z", "profile_image_url": "https://pbs.twimg.com/profile_images/1353912945445662720/XqeH_EG6_normal.jpg", "public_metrics": {"followers_count": 663, "following_count": 724, "tweet_count": 25018, "listed_count": 17}, "id": "186236802"}}, {"in_reply_to_user_id": "807003567605227520", "id": "1000780201779957760", "entities": {"mentions": [{"start": 0, "end": 15, "username": "realamberheard", "id": "807003567605227520"}], "annotations": [{"start": 22, "end": 26, "probability": 0.9827, "type": "Person", "normalized_text": "Amber"}, {"start": 138, "end": 147, "probability": 0.9855, "type": "Person", "normalized_text": "Juan David"}, {"start": 213, "end": 219, "probability": 0.5671, "type": "Person", "normalized_text": "Aquaman"}]}, "lang": "en", "author_id": "518562857", "referenced_tweets": [{"type": "replied_to", "id": "1000512130645479426"}], "public_metrics": {"retweet_count": 0, "reply_count": 0, "like_count": 1, "quote_count": 0}, "text": "@realamberheard Hello Amber, today is my birthday, your greatest Venezuelan fan, and nothing would make me happier than a \"Happy Birthday Juan David\" wanted by my favorite actress in this world, YOU, my Mera from Aquaman!\nWith a lot of love \u2764", "created_at": "2018-05-27T16:46:08.000Z", "source": "Twitter for Android", "replied_tweet": {"id": "1000512130645479426", "entities": {"urls": [{"start": 14, "end": 37, "url": "https://t.co/K0IuVzC8Eg", "expanded_url": "http://www.justjared.com/2018/05/24/amber-heard-launches-fundraiser-to-help-sick-syrian-refugee-child-she-met-on-mission-trip-video/", "display_url": "justjared.com/2018/05/24/amb\u2026", "status": 200, "title": "Amber Heard Launches Fundraiser to Help Sick Syrian Refugee Child She Met on Mission Trip (Video)", "description": "Watch her video", "unwound_url": "https://www.justjared.com/2018/05/24/amber-heard-launches-fundraiser-to-help-sick-syrian-refugee-child-she-met-on-mission-trip-video/"}], "annotations": [{"start": 7, "end": 11, "probability": 0.9869, "type": "Person", "normalized_text": "Jared"}]}, "lang": "en", "author_id": "807003567605227520", "public_metrics": {"retweet_count": 129, "reply_count": 33, "like_count": 891, "quote_count": 5}, "text": "Thanks Jared! https://t.co/K0IuVzC8Eg", "created_at": "2018-05-26T23:00:55.000Z", "source": "Twitter for iPhone", "author": {"url": "https://t.co/Ze18Ek9SOI", "username": "realamberheard", "description": "Actor and Activist, semi-professional disruptor, ice cream advocate and shameless teacup yorkie-lover", "name": "Amber Heard", "location": "Los Angeles, CA", "created_at": "2016-12-08T23:26:58.000Z", "profile_image_url": "https://pbs.twimg.com/profile_images/1383196364792680448/N8CdupEu_normal.jpg", "public_metrics": {"followers_count": 190464, "following_count": 220, "tweet_count": 1151, "listed_count": 567}, "id": "807003567605227520"}}, "author": {"url": "https://t.co/epFQuRWEaY", "username": "juandavidrrz", "description": "cantautor, violinista \u26a1\ufe0f subo covers en mi instagram: juandavidrrz y tiktok: juandavidrr", "name": "Juan David Rojas", "location": "Lecher\u00eda, Venezuela", "created_at": "2012-03-08T14:50:22.000Z", "profile_image_url": "https://pbs.twimg.com/profile_images/1372972229533765633/fGyRmfqb_normal.jpg", "public_metrics": {"followers_count": 3973, "following_count": 3999, "tweet_count": 29673, "listed_count": 19}, "id": "518562857"}}, {"in_reply_to_user_id": "807003567605227520", "id": "1000731793199333377", "entities": {"mentions": [{"start": 0, "end": 15, "username": "realamberheard", "id": "807003567605227520"}, {"start": 16, "end": 26, "username": "JustJared", "id": "19538986"}]}, "lang": "en", "author_id": "746656921273405440", "referenced_tweets": [{"type": "replied_to", "id": "1000512130645479426"}], "public_metrics": {"retweet_count": 0, "reply_count": 0, "like_count": 1, "quote_count": 0}, "text": "@realamberheard @JustJared \nYou're so beautiful", "created_at": "2018-05-27T13:33:46.000Z", "source": "Twitter for Android", "replied_tweet": {"id": "1000512130645479426", "entities": {"urls": [{"start": 14, "end": 37, "url": "https://t.co/K0IuVzC8Eg", "expanded_url": "http://www.justjared.com/2018/05/24/amber-heard-launches-fundraiser-to-help-sick-syrian-refugee-child-she-met-on-mission-trip-video/", "display_url": "justjared.com/2018/05/24/amb\u2026", "status": 200, "title": "Amber Heard Launches Fundraiser to Help Sick Syrian Refugee Child She Met on Mission Trip (Video)", "description": "Watch her video", "unwound_url": "https://www.justjared.com/2018/05/24/amber-heard-launches-fundraiser-to-help-sick-syrian-refugee-child-she-met-on-mission-trip-video/"}], "annotations": [{"start": 7, "end": 11, "probability": 0.9869, "type": "Person", "normalized_text": "Jared"}]}, "lang": "en", "author_id": "807003567605227520", "public_metrics": {"retweet_count": 129, "reply_count": 33, "like_count": 891, "quote_count": 5}, "text": "Thanks Jared! https://t.co/K0IuVzC8Eg", "created_at": "2018-05-26T23:00:55.000Z", "source": "Twitter for iPhone", "author": {"url": "https://t.co/Ze18Ek9SOI", "username": "realamberheard", "description": "Actor and Activist, semi-professional disruptor, ice cream advocate and shameless teacup yorkie-lover", "name": "Amber Heard", "location": "Los Angeles, CA", "created_at": "2016-12-08T23:26:58.000Z", "profile_image_url": "https://pbs.twimg.com/profile_images/1383196364792680448/N8CdupEu_normal.jpg", "public_metrics": {"followers_count": 190464, "following_count": 220, "tweet_count": 1151, "listed_count": 567}, "id": "807003567605227520"}}, "author": {"url": "", "username": "MAliAsghar13", "description": "", "name": "M Bin Ali", "created_at": "2016-06-25T10:50:57.000Z", "profile_image_url": "https://pbs.twimg.com/profile_images/1303550337048023045/Yq0tRf9U_normal.jpg", "public_metrics": {"followers_count": 0, "following_count": 71, "tweet_count": 67, "listed_count": 0}, "id": "746656921273405440"}}, {"in_reply_to_user_id": "807003567605227520", "id": "1000617780872433664", "entities": {"mentions": [{"start": 0, "end": 15, "username": "realamberheard", "id": "807003567605227520"}]}, "lang": "und", "author_id": "728274848754110464", "referenced_tweets": [{"type": "replied_to", "id": "1000512130645479426"}], "public_metrics": {"retweet_count": 0, "reply_count": 0, "like_count": 0, "quote_count": 0}, "text": "@realamberheard \u2600\ufe0f\ud83c\udf1e\ud83d\udc4d", "created_at": "2018-05-27T06:00:44.000Z", "source": "Twitter Web Client", "replied_tweet": {"id": "1000512130645479426", "entities": {"urls": [{"start": 14, "end": 37, "url": "https://t.co/K0IuVzC8Eg", "expanded_url": "http://www.justjared.com/2018/05/24/amber-heard-launches-fundraiser-to-help-sick-syrian-refugee-child-she-met-on-mission-trip-video/", "display_url": "justjared.com/2018/05/24/amb\u2026", "status": 200, "title": "Amber Heard Launches Fundraiser to Help Sick Syrian Refugee Child She Met on Mission Trip (Video)", "description": "Watch her video", "unwound_url": "https://www.justjared.com/2018/05/24/amber-heard-launches-fundraiser-to-help-sick-syrian-refugee-child-she-met-on-mission-trip-video/"}], "annotations": [{"start": 7, "end": 11, "probability": 0.9869, "type": "Person", "normalized_text": "Jared"}]}, "lang": "en", "author_id": "807003567605227520", "public_metrics": {"retweet_count": 129, "reply_count": 33, "like_count": 891, "quote_count": 5}, "text": "Thanks Jared! https://t.co/K0IuVzC8Eg", "created_at": "2018-05-26T23:00:55.000Z", "source": "Twitter for iPhone", "author": {"url": "https://t.co/Ze18Ek9SOI", "username": "realamberheard", "description": "Actor and Activist, semi-professional disruptor, ice cream advocate and shameless teacup yorkie-lover", "name": "Amber Heard", "location": "Los Angeles, CA", "created_at": "2016-12-08T23:26:58.000Z", "profile_image_url": "https://pbs.twimg.com/profile_images/1383196364792680448/N8CdupEu_normal.jpg", "public_metrics": {"followers_count": 190464, "following_count": 220, "tweet_count": 1151, "listed_count": 567}, "id": "807003567605227520"}}, "author": {"url": "", "username": "norbert_kukla", "description": "Who lives my dream?.Sto cercando,,Who borrow money?,-\"Startup-Application\"-5.000.-80.000.\u20ac. SK14 8330 0000 0027 0199 3526./SWIFT-FIOZSKBAXXX.,Grazie,Thank.", "name": "Norbert", "location": "Bratislava", "created_at": "2016-05-05T17:27:09.000Z", "profile_image_url": "https://pbs.twimg.com/profile_images/1499739852870492171/pCwXQNgW_normal.jpg", "public_metrics": {"followers_count": 734, "following_count": 5007, "tweet_count": 23200, "listed_count": 50}, "id": "728274848754110464"}}, {"in_reply_to_user_id": "807003567605227520", "id": "1000543611560214528", "entities": {"mentions": [{"start": 0, "end": 15, "username": "realamberheard", "id": "807003567605227520"}]}, "lang": "en", "author_id": "924388863161794560", "referenced_tweets": [{"type": "replied_to", "id": "1000512130645479426"}], "public_metrics": {"retweet_count": 0, "reply_count": 0, "like_count": 3, "quote_count": 0}, "text": "@realamberheard That\u2019s our Mera, saving the world.", "created_at": "2018-05-27T01:06:00.000Z", "source": "Twitter Web App", "replied_tweet": {"id": "1000512130645479426", "entities": {"urls": [{"start": 14, "end": 37, "url": "https://t.co/K0IuVzC8Eg", "expanded_url": "http://www.justjared.com/2018/05/24/amber-heard-launches-fundraiser-to-help-sick-syrian-refugee-child-she-met-on-mission-trip-video/", "display_url": "justjared.com/2018/05/24/amb\u2026", "status": 200, "title": "Amber Heard Launches Fundraiser to Help Sick Syrian Refugee Child She Met on Mission Trip (Video)", "description": "Watch her video", "unwound_url": "https://www.justjared.com/2018/05/24/amber-heard-launches-fundraiser-to-help-sick-syrian-refugee-child-she-met-on-mission-trip-video/"}], "annotations": [{"start": 7, "end": 11, "probability": 0.9869, "type": "Person", "normalized_text": "Jared"}]}, "lang": "en", "author_id": "807003567605227520", "public_metrics": {"retweet_count": 129, "reply_count": 33, "like_count": 891, "quote_count": 5}, "text": "Thanks Jared! https://t.co/K0IuVzC8Eg", "created_at": "2018-05-26T23:00:55.000Z", "source": "Twitter for iPhone", "author": {"url": "https://t.co/Ze18Ek9SOI", "username": "realamberheard", "description": "Actor and Activist, semi-professional disruptor, ice cream advocate and shameless teacup yorkie-lover", "name": "Amber Heard", "location": "Los Angeles, CA", "created_at": "2016-12-08T23:26:58.000Z", "profile_image_url": "https://pbs.twimg.com/profile_images/1383196364792680448/N8CdupEu_normal.jpg", "public_metrics": {"followers_count": 190464, "following_count": 220, "tweet_count": 1151, "listed_count": 567}, "id": "807003567605227520"}}, "author": {"url": "", "username": "DrDc989", "description": "#DC Junkie. (DC Comics, DCEU, DCUNIVERSE )\nNow the voice of Martain Manhunter \ud83d\udc7d@JLMotionComic. #RestoreTheSnyderverse\nOpinions ( THERE ARE MANY ) are personal", "name": "@DrDc Steppinwolf Support Club No Desaads allowed", "location": "Metropolis | Gotham City | Central City | Emerald City | Detroit?", "created_at": "2017-10-28T21:34:14.000Z", "profile_image_url": "https://pbs.twimg.com/profile_images/1374834176063647758/zSqtcGj2_normal.jpg", "public_metrics": {"followers_count": 271, "following_count": 817, "tweet_count": 14860, "listed_count": 2}, "id": "924388863161794560"}}, {"in_reply_to_user_id": "807003567605227520", "id": "1000542055456788480", "entities": {"mentions": [{"start": 0, "end": 15, "username": "realamberheard", "id": "807003567605227520"}]}, "lang": "en", "author_id": "805282321138118656", "referenced_tweets": [{"type": "replied_to", "id": "1000512130645479426"}], "public_metrics": {"retweet_count": 0, "reply_count": 0, "like_count": 0, "quote_count": 0}, "text": "@realamberheard Amazing", "created_at": "2018-05-27T00:59:49.000Z", "source": "Twitter for Android", "replied_tweet": {"id": "1000512130645479426", "entities": {"urls": [{"start": 14, "end": 37, "url": "https://t.co/K0IuVzC8Eg", "expanded_url": "http://www.justjared.com/2018/05/24/amber-heard-launches-fundraiser-to-help-sick-syrian-refugee-child-she-met-on-mission-trip-video/", "display_url": "justjared.com/2018/05/24/amb\u2026", "status": 200, "title": "Amber Heard Launches Fundraiser to Help Sick Syrian Refugee Child She Met on Mission Trip (Video)", "description": "Watch her video", "unwound_url": "https://www.justjared.com/2018/05/24/amber-heard-launches-fundraiser-to-help-sick-syrian-refugee-child-she-met-on-mission-trip-video/"}], "annotations": [{"start": 7, "end": 11, "probability": 0.9869, "type": "Person", "normalized_text": "Jared"}]}, "lang": "en", "author_id": "807003567605227520", "public_metrics": {"retweet_count": 129, "reply_count": 33, "like_count": 891, "quote_count": 5}, "text": "Thanks Jared! https://t.co/K0IuVzC8Eg", "created_at": "2018-05-26T23:00:55.000Z", "source": "Twitter for iPhone", "author": {"url": "https://t.co/Ze18Ek9SOI", "username": "realamberheard", "description": "Actor and Activist, semi-professional disruptor, ice cream advocate and shameless teacup yorkie-lover", "name": "Amber Heard", "location": "Los Angeles, CA", "created_at": "2016-12-08T23:26:58.000Z", "profile_image_url": "https://pbs.twimg.com/profile_images/1383196364792680448/N8CdupEu_normal.jpg", "public_metrics": {"followers_count": 190464, "following_count": 220, "tweet_count": 1151, "listed_count": 567}, "id": "807003567605227520"}}, "author": {"url": "", "username": "DornellRyan", "description": "Hip-Hop/Rap R&B/Soul Entertainment NFL NBA Sports WWE News Dance/Electronic Celebrity News Actors & Actresses TV Stars Movies TV Shows Arts & Culture", "name": "Ryan Dornell Hasty", "created_at": "2016-12-04T05:27:21.000Z", "profile_image_url": "https://pbs.twimg.com/profile_images/815221764817043460/ZcVWAOHJ_normal.jpg", "public_metrics": {"followers_count": 347, "following_count": 4777, "tweet_count": 5787, "listed_count": 6}, "id": "805282321138118656"}}, {"in_reply_to_user_id": "807003567605227520", "id": "1000522566765826049", "entities": {"mentions": [{"start": 0, "end": 15, "username": "realamberheard", "id": "807003567605227520"}, {"start": 27, "end": 36, "username": "JaredEng", "id": "1173831"}], "urls": [{"start": 37, "end": 60, "url": "https://t.co/C10bAM6DbU", "expanded_url": "https://twitter.com/stirgussa/status/1000522566765826049/photo/1", "display_url": "pic.twitter.com/C10bAM6DbU"}]}, "lang": "en", "author_id": "4396120342", "referenced_tweets": [{"type": "replied_to", "id": "1000512130645479426"}], "public_metrics": {"retweet_count": 0, "reply_count": 0, "like_count": 3, "quote_count": 0}, "text": "@realamberheard Supportive @JaredEng https://t.co/C10bAM6DbU", "created_at": "2018-05-26T23:42:23.000Z", "source": "Twitter for Android", "replied_tweet": {"id": "1000512130645479426", "entities": {"urls": [{"start": 14, "end": 37, "url": "https://t.co/K0IuVzC8Eg", "expanded_url": "http://www.justjared.com/2018/05/24/amber-heard-launches-fundraiser-to-help-sick-syrian-refugee-child-she-met-on-mission-trip-video/", "display_url": "justjared.com/2018/05/24/amb\u2026", "status": 200, "title": "Amber Heard Launches Fundraiser to Help Sick Syrian Refugee Child She Met on Mission Trip (Video)", "description": "Watch her video", "unwound_url": "https://www.justjared.com/2018/05/24/amber-heard-launches-fundraiser-to-help-sick-syrian-refugee-child-she-met-on-mission-trip-video/"}], "annotations": [{"start": 7, "end": 11, "probability": 0.9869, "type": "Person", "normalized_text": "Jared"}]}, "lang": "en", "author_id": "807003567605227520", "public_metrics": {"retweet_count": 129, "reply_count": 33, "like_count": 891, "quote_count": 5}, "text": "Thanks Jared! https://t.co/K0IuVzC8Eg", "created_at": "2018-05-26T23:00:55.000Z", "source": "Twitter for iPhone", "author": {"url": "https://t.co/Ze18Ek9SOI", "username": "realamberheard", "description": "Actor and Activist, semi-professional disruptor, ice cream advocate and shameless teacup yorkie-lover", "name": "Amber Heard", "location": "Los Angeles, CA", "created_at": "2016-12-08T23:26:58.000Z", "profile_image_url": "https://pbs.twimg.com/profile_images/1383196364792680448/N8CdupEu_normal.jpg", "public_metrics": {"followers_count": 190464, "following_count": 220, "tweet_count": 1151, "listed_count": 567}, "id": "807003567605227520"}}, "author": {"url": "", "username": "stirgussa", "description": "Only two things are infinite, the universe and human stupidity, and I'm not sure about the former. - Albert Einstein and Me!", "name": "STIRGUS SACCHETTI", "created_at": "2015-12-06T17:21:06.000Z", "profile_image_url": "https://pbs.twimg.com/profile_images/1378175478478082050/UKLiQPuk_normal.jpg", "public_metrics": {"followers_count": 678, "following_count": 296, "tweet_count": 58624, "listed_count": 26}, "id": "4396120342"}}, {"in_reply_to_user_id": "807003567605227520", "id": "1000521043440734209", "entities": {"mentions": [{"start": 0, "end": 15, "username": "realamberheard", "id": "807003567605227520"}]}, "lang": "en", "author_id": "23744271", "referenced_tweets": [{"type": "replied_to", "id": "1000512130645479426"}], "public_metrics": {"retweet_count": 0, "reply_count": 0, "like_count": 2, "quote_count": 0}, "text": "@realamberheard My respects you are an amazing woman", "created_at": "2018-05-26T23:36:20.000Z", "source": "Twitter Web Client", "replied_tweet": {"id": "1000512130645479426", "entities": {"urls": [{"start": 14, "end": 37, "url": "https://t.co/K0IuVzC8Eg", "expanded_url": "http://www.justjared.com/2018/05/24/amber-heard-launches-fundraiser-to-help-sick-syrian-refugee-child-she-met-on-mission-trip-video/", "display_url": "justjared.com/2018/05/24/amb\u2026", "status": 200, "title": "Amber Heard Launches Fundraiser to Help Sick Syrian Refugee Child She Met on Mission Trip (Video)", "description": "Watch her video", "unwound_url": "https://www.justjared.com/2018/05/24/amber-heard-launches-fundraiser-to-help-sick-syrian-refugee-child-she-met-on-mission-trip-video/"}], "annotations": [{"start": 7, "end": 11, "probability": 0.9869, "type": "Person", "normalized_text": "Jared"}]}, "lang": "en", "author_id": "807003567605227520", "public_metrics": {"retweet_count": 129, "reply_count": 33, "like_count": 891, "quote_count": 5}, "text": "Thanks Jared! https://t.co/K0IuVzC8Eg", "created_at": "2018-05-26T23:00:55.000Z", "source": "Twitter for iPhone", "author": {"url": "https://t.co/Ze18Ek9SOI", "username": "realamberheard", "description": "Actor and Activist, semi-professional disruptor, ice cream advocate and shameless teacup yorkie-lover", "name": "Amber Heard", "location": "Los Angeles, CA", "created_at": "2016-12-08T23:26:58.000Z", "profile_image_url": "https://pbs.twimg.com/profile_images/1383196364792680448/N8CdupEu_normal.jpg", "public_metrics": {"followers_count": 190464, "following_count": 220, "tweet_count": 1151, "listed_count": 567}, "id": "807003567605227520"}}, "author": {"url": "https://t.co/904QjkEJ4E", "username": "Mirakenic", "description": "Viviendo la vida como medianamente puedo.. mordiendo cada instante.. rodeado de gente maravillosa.", "name": "Miguel Garcia", "location": "Madrid", "created_at": "2009-03-11T10:25:16.000Z", "profile_image_url": "https://pbs.twimg.com/profile_images/1497317002142179338/OJvkoSL4_normal.jpg", "public_metrics": {"followers_count": 632, "following_count": 4987, "tweet_count": 49808, "listed_count": 17}, "id": "23744271"}}, {"in_reply_to_user_id": "807003567605227520", "id": "1000517438100951040", "entities": {"mentions": [{"start": 0, "end": 15, "username": "realamberheard", "id": "807003567605227520"}]}, "lang": "en", "author_id": "3336633526", "referenced_tweets": [{"type": "replied_to", "id": "1000512130645479426"}], "public_metrics": {"retweet_count": 0, "reply_count": 0, "like_count": 2, "quote_count": 0}, "text": "@realamberheard Keep doing what you do. You are an INCREDIBLE human being.", "created_at": "2018-05-26T23:22:00.000Z", "source": "Twitter for Android", "replied_tweet": {"id": "1000512130645479426", "entities": {"urls": [{"start": 14, "end": 37, "url": "https://t.co/K0IuVzC8Eg", "expanded_url": "http://www.justjared.com/2018/05/24/amber-heard-launches-fundraiser-to-help-sick-syrian-refugee-child-she-met-on-mission-trip-video/", "display_url": "justjared.com/2018/05/24/amb\u2026", "status": 200, "title": "Amber Heard Launches Fundraiser to Help Sick Syrian Refugee Child She Met on Mission Trip (Video)", "description": "Watch her video", "unwound_url": "https://www.justjared.com/2018/05/24/amber-heard-launches-fundraiser-to-help-sick-syrian-refugee-child-she-met-on-mission-trip-video/"}], "annotations": [{"start": 7, "end": 11, "probability": 0.9869, "type": "Person", "normalized_text": "Jared"}]}, "lang": "en", "author_id": "807003567605227520", "public_metrics": {"retweet_count": 129, "reply_count": 33, "like_count": 891, "quote_count": 5}, "text": "Thanks Jared! https://t.co/K0IuVzC8Eg", "created_at": "2018-05-26T23:00:55.000Z", "source": "Twitter for iPhone", "author": {"url": "https://t.co/Ze18Ek9SOI", "username": "realamberheard", "description": "Actor and Activist, semi-professional disruptor, ice cream advocate and shameless teacup yorkie-lover", "name": "Amber Heard", "location": "Los Angeles, CA", "created_at": "2016-12-08T23:26:58.000Z", "profile_image_url": "https://pbs.twimg.com/profile_images/1383196364792680448/N8CdupEu_normal.jpg", "public_metrics": {"followers_count": 190464, "following_count": 220, "tweet_count": 1151, "listed_count": 567}, "id": "807003567605227520"}}, "author": {"url": "", "username": "HahnShoLobo", "description": "A brief bio. Fitness lover. Taekwondo'er. Writer. Artist. Photographer. Video Editor. Web Dev. Gamer. Cosplayer. Collector. Reader. YouTuber. Welcome all. \ud83e\udd19\ud83c\udffd", "name": "K\u0245M\ua75a\u0245N F\u0245HKUM\ua75a\u0245M KH\u0245N - E01 #RestoreTheSnyderVerse", "location": "England, United Kingdom", "created_at": "2015-06-20T10:14:25.000Z", "profile_image_url": "https://pbs.twimg.com/profile_images/1333551893142974465/Jdkisgn4_normal.jpg", "public_metrics": {"followers_count": 269, "following_count": 601, "tweet_count": 13692, "listed_count": 39}, "id": "3336633526"}}, {"in_reply_to_user_id": "807003567605227520", "id": "1000516327130456064", "entities": {"mentions": [{"start": 0, "end": 15, "username": "realamberheard", "id": "807003567605227520"}], "annotations": [{"start": 53, "end": 57, "probability": 0.9612, "type": "Person", "normalized_text": "Amber"}]}, "lang": "en", "author_id": "785148392498421760", "referenced_tweets": [{"type": "replied_to", "id": "1000512130645479426"}], "public_metrics": {"retweet_count": 0, "reply_count": 0, "like_count": 3, "quote_count": 0}, "text": "@realamberheard We love an amazing woman \u2764 Thank you Amber for everything you do for others \ud83d\ude4f", "created_at": "2018-05-26T23:17:35.000Z", "source": "Twitter for Android", "replied_tweet": {"id": "1000512130645479426", "entities": {"urls": [{"start": 14, "end": 37, "url": "https://t.co/K0IuVzC8Eg", "expanded_url": "http://www.justjared.com/2018/05/24/amber-heard-launches-fundraiser-to-help-sick-syrian-refugee-child-she-met-on-mission-trip-video/", "display_url": "justjared.com/2018/05/24/amb\u2026", "status": 200, "title": "Amber Heard Launches Fundraiser to Help Sick Syrian Refugee Child She Met on Mission Trip (Video)", "description": "Watch her video", "unwound_url": "https://www.justjared.com/2018/05/24/amber-heard-launches-fundraiser-to-help-sick-syrian-refugee-child-she-met-on-mission-trip-video/"}], "annotations": [{"start": 7, "end": 11, "probability": 0.9869, "type": "Person", "normalized_text": "Jared"}]}, "lang": "en", "author_id": "807003567605227520", "public_metrics": {"retweet_count": 129, "reply_count": 33, "like_count": 891, "quote_count": 5}, "text": "Thanks Jared! https://t.co/K0IuVzC8Eg", "created_at": "2018-05-26T23:00:55.000Z", "source": "Twitter for iPhone", "author": {"url": "https://t.co/Ze18Ek9SOI", "username": "realamberheard", "description": "Actor and Activist, semi-professional disruptor, ice cream advocate and shameless teacup yorkie-lover", "name": "Amber Heard", "location": "Los Angeles, CA", "created_at": "2016-12-08T23:26:58.000Z", "profile_image_url": "https://pbs.twimg.com/profile_images/1383196364792680448/N8CdupEu_normal.jpg", "public_metrics": {"followers_count": 190464, "following_count": 220, "tweet_count": 1151, "listed_count": 567}, "id": "807003567605227520"}}, "author": {"url": "", "username": "CoraMelodie", "description": "Actress/Producer & UNHCR Special Envoy #AngelinaJolie | Actress, Activist & Human Rights Champion @realamberheard | @JeniferOfficiel \n\n#IStandWithYouAmberHeard", "name": "Cora Melodie", "location": "Bordeaux, France", "created_at": "2016-10-09T16:02:18.000Z", "profile_image_url": "https://pbs.twimg.com/profile_images/1138826096386936837/71Iwj2dh_normal.jpg", "public_metrics": {"followers_count": 738, "following_count": 720, "tweet_count": 49396, "listed_count": 28}, "id": "785148392498421760"}}, {"in_reply_to_user_id": "807003567605227520", "id": "1000514852706807809", "entities": {"mentions": [{"start": 0, "end": 15, "username": "realamberheard", "id": "807003567605227520"}]}, "lang": "fr", "author_id": "827604575465197573", "referenced_tweets": [{"type": "replied_to", "id": "1000512130645479426"}], "public_metrics": {"retweet_count": 0, "reply_count": 0, "like_count": 1, "quote_count": 0}, "text": "@realamberheard NOUS TE SUIVRONS AMBER POUR TES CAUSES", "created_at": "2018-05-26T23:11:44.000Z", "source": "Twitter Web Client", "replied_tweet": {"id": "1000512130645479426", "entities": {"urls": [{"start": 14, "end": 37, "url": "https://t.co/K0IuVzC8Eg", "expanded_url": "http://www.justjared.com/2018/05/24/amber-heard-launches-fundraiser-to-help-sick-syrian-refugee-child-she-met-on-mission-trip-video/", "display_url": "justjared.com/2018/05/24/amb\u2026", "status": 200, "title": "Amber Heard Launches Fundraiser to Help Sick Syrian Refugee Child She Met on Mission Trip (Video)", "description": "Watch her video", "unwound_url": "https://www.justjared.com/2018/05/24/amber-heard-launches-fundraiser-to-help-sick-syrian-refugee-child-she-met-on-mission-trip-video/"}], "annotations": [{"start": 7, "end": 11, "probability": 0.9869, "type": "Person", "normalized_text": "Jared"}]}, "lang": "en", "author_id": "807003567605227520", "public_metrics": {"retweet_count": 129, "reply_count": 33, "like_count": 891, "quote_count": 5}, "text": "Thanks Jared! https://t.co/K0IuVzC8Eg", "created_at": "2018-05-26T23:00:55.000Z", "source": "Twitter for iPhone", "author": {"url": "https://t.co/Ze18Ek9SOI", "username": "realamberheard", "description": "Actor and Activist, semi-professional disruptor, ice cream advocate and shameless teacup yorkie-lover", "name": "Amber Heard", "location": "Los Angeles, CA", "created_at": "2016-12-08T23:26:58.000Z", "profile_image_url": "https://pbs.twimg.com/profile_images/1383196364792680448/N8CdupEu_normal.jpg", "public_metrics": {"followers_count": 190464, "following_count": 220, "tweet_count": 1151, "listed_count": 567}, "id": "807003567605227520"}}, "author": {"url": "", "username": "TayabNacer", "description": "", "name": "tayab nacer eddine", "created_at": "2017-02-03T19:48:01.000Z", "profile_image_url": "https://abs.twimg.com/sticky/default_profile_images/default_profile_normal.png", "public_metrics": {"followers_count": 30, "following_count": 85, "tweet_count": 9606, "listed_count": 0}, "id": "827604575465197573"}}, {"in_reply_to_user_id": "807003567605227520", "id": "1000514081948880896", "entities": {"mentions": [{"start": 0, "end": 15, "username": "realamberheard", "id": "807003567605227520"}]}, "lang": "en", "author_id": "309296068", "referenced_tweets": [{"type": "replied_to", "id": "1000512130645479426"}], "public_metrics": {"retweet_count": 0, "reply_count": 0, "like_count": 2, "quote_count": 0}, "text": "@realamberheard Queen of charity", "created_at": "2018-05-26T23:08:40.000Z", "source": "Twitter for iPhone", "replied_tweet": {"id": "1000512130645479426", "entities": {"urls": [{"start": 14, "end": 37, "url": "https://t.co/K0IuVzC8Eg", "expanded_url": "http://www.justjared.com/2018/05/24/amber-heard-launches-fundraiser-to-help-sick-syrian-refugee-child-she-met-on-mission-trip-video/", "display_url": "justjared.com/2018/05/24/amb\u2026", "status": 200, "title": "Amber Heard Launches Fundraiser to Help Sick Syrian Refugee Child She Met on Mission Trip (Video)", "description": "Watch her video", "unwound_url": "https://www.justjared.com/2018/05/24/amber-heard-launches-fundraiser-to-help-sick-syrian-refugee-child-she-met-on-mission-trip-video/"}], "annotations": [{"start": 7, "end": 11, "probability": 0.9869, "type": "Person", "normalized_text": "Jared"}]}, "lang": "en", "author_id": "807003567605227520", "public_metrics": {"retweet_count": 129, "reply_count": 33, "like_count": 891, "quote_count": 5}, "text": "Thanks Jared! https://t.co/K0IuVzC8Eg", "created_at": "2018-05-26T23:00:55.000Z", "source": "Twitter for iPhone", "author": {"url": "https://t.co/Ze18Ek9SOI", "username": "realamberheard", "description": "Actor and Activist, semi-professional disruptor, ice cream advocate and shameless teacup yorkie-lover", "name": "Amber Heard", "location": "Los Angeles, CA", "created_at": "2016-12-08T23:26:58.000Z", "profile_image_url": "https://pbs.twimg.com/profile_images/1383196364792680448/N8CdupEu_normal.jpg", "public_metrics": {"followers_count": 190464, "following_count": 220, "tweet_count": 1151, "listed_count": 567}, "id": "807003567605227520"}}, "author": {"url": "", "username": "DebnamFabray", "description": "Alycia \ud83c\udf38 Alicia Clark fan account | she/her", "name": "Alicia Clark\u2019s wife", "location": "I\u2019ll always be with you| bi ", "created_at": "2011-06-01T21:20:41.000Z", "profile_image_url": "https://pbs.twimg.com/profile_images/1494335872770007042/5zaH9MMj_normal.jpg", "public_metrics": {"followers_count": 3001, "following_count": 363, "tweet_count": 193219, "listed_count": 0}, "id": "309296068"}}, {"in_reply_to_user_id": "807003567605227520", "id": "1000513468703920128", "entities": {"mentions": [{"start": 0, "end": 15, "username": "realamberheard", "id": "807003567605227520"}]}, "lang": "en", "author_id": "967064246755495936", "referenced_tweets": [{"type": "replied_to", "id": "1000512130645479426"}], "public_metrics": {"retweet_count": 0, "reply_count": 0, "like_count": 0, "quote_count": 0}, "text": "@realamberheard Love you", "created_at": "2018-05-26T23:06:14.000Z", "source": "Twitter for iPhone", "replied_tweet": {"id": "1000512130645479426", "entities": {"urls": [{"start": 14, "end": 37, "url": "https://t.co/K0IuVzC8Eg", "expanded_url": "http://www.justjared.com/2018/05/24/amber-heard-launches-fundraiser-to-help-sick-syrian-refugee-child-she-met-on-mission-trip-video/", "display_url": "justjared.com/2018/05/24/amb\u2026", "status": 200, "title": "Amber Heard Launches Fundraiser to Help Sick Syrian Refugee Child She Met on Mission Trip (Video)", "description": "Watch her video", "unwound_url": "https://www.justjared.com/2018/05/24/amber-heard-launches-fundraiser-to-help-sick-syrian-refugee-child-she-met-on-mission-trip-video/"}], "annotations": [{"start": 7, "end": 11, "probability": 0.9869, "type": "Person", "normalized_text": "Jared"}]}, "lang": "en", "author_id": "807003567605227520", "public_metrics": {"retweet_count": 129, "reply_count": 33, "like_count": 891, "quote_count": 5}, "text": "Thanks Jared! https://t.co/K0IuVzC8Eg", "created_at": "2018-05-26T23:00:55.000Z", "source": "Twitter for iPhone", "author": {"url": "https://t.co/Ze18Ek9SOI", "username": "realamberheard", "description": "Actor and Activist, semi-professional disruptor, ice cream advocate and shameless teacup yorkie-lover", "name": "Amber Heard", "location": "Los Angeles, CA", "created_at": "2016-12-08T23:26:58.000Z", "profile_image_url": "https://pbs.twimg.com/profile_images/1383196364792680448/N8CdupEu_normal.jpg", "public_metrics": {"followers_count": 190464, "following_count": 220, "tweet_count": 1151, "listed_count": 567}, "id": "807003567605227520"}}, "author": {"url": "", "username": "urlilharlot", "description": "dreaming away your life", "name": "Ale", "created_at": "2018-02-23T15:50:58.000Z", "profile_image_url": "https://pbs.twimg.com/profile_images/1501955904043995143/VtSTNf7u_normal.jpg", "public_metrics": {"followers_count": 268, "following_count": 259, "tweet_count": 7124, "listed_count": 5}, "id": "967064246755495936"}}, {"in_reply_to_user_id": "807003567605227520", "id": "1000513378606108672", "entities": {"mentions": [{"start": 0, "end": 15, "username": "realamberheard", "id": "807003567605227520"}]}, "lang": "en", "author_id": "874984340", "referenced_tweets": [{"type": "replied_to", "id": "1000512130645479426"}], "public_metrics": {"retweet_count": 0, "reply_count": 0, "like_count": 0, "quote_count": 0}, "text": "@realamberheard You\u2019re incredible!! \u2764\ufe0f", "created_at": "2018-05-26T23:05:52.000Z", "source": "Twitter for iPhone", "replied_tweet": {"id": "1000512130645479426", "entities": {"urls": [{"start": 14, "end": 37, "url": "https://t.co/K0IuVzC8Eg", "expanded_url": "http://www.justjared.com/2018/05/24/amber-heard-launches-fundraiser-to-help-sick-syrian-refugee-child-she-met-on-mission-trip-video/", "display_url": "justjared.com/2018/05/24/amb\u2026", "status": 200, "title": "Amber Heard Launches Fundraiser to Help Sick Syrian Refugee Child She Met on Mission Trip (Video)", "description": "Watch her video", "unwound_url": "https://www.justjared.com/2018/05/24/amber-heard-launches-fundraiser-to-help-sick-syrian-refugee-child-she-met-on-mission-trip-video/"}], "annotations": [{"start": 7, "end": 11, "probability": 0.9869, "type": "Person", "normalized_text": "Jared"}]}, "lang": "en", "author_id": "807003567605227520", "public_metrics": {"retweet_count": 129, "reply_count": 33, "like_count": 891, "quote_count": 5}, "text": "Thanks Jared! https://t.co/K0IuVzC8Eg", "created_at": "2018-05-26T23:00:55.000Z", "source": "Twitter for iPhone", "author": {"url": "https://t.co/Ze18Ek9SOI", "username": "realamberheard", "description": "Actor and Activist, semi-professional disruptor, ice cream advocate and shameless teacup yorkie-lover", "name": "Amber Heard", "location": "Los Angeles, CA", "created_at": "2016-12-08T23:26:58.000Z", "profile_image_url": "https://pbs.twimg.com/profile_images/1383196364792680448/N8CdupEu_normal.jpg", "public_metrics": {"followers_count": 190464, "following_count": 220, "tweet_count": 1151, "listed_count": 567}, "id": "807003567605227520"}}, "author": {"url": "", "username": "animalhugger91", "description": "Here to fangirl about fangirl things. I also retweet a lot of animal stuff and posts to raise social awareness. Beware my page. Pronouns: she/her", "name": "Lexi", "created_at": "2012-10-12T05:22:26.000Z", "profile_image_url": "https://pbs.twimg.com/profile_images/1451763808968523777/qJNzYCWU_normal.jpg", "public_metrics": {"followers_count": 338, "following_count": 315, "tweet_count": 26825, "listed_count": 15}, "id": "874984340"}}, {"in_reply_to_user_id": "807003567605227520", "id": "1000512908588036096", "entities": {"mentions": [{"start": 0, "end": 15, "username": "realamberheard", "id": "807003567605227520"}]}, "lang": "en", "author_id": "979293106704039938", "referenced_tweets": [{"type": "replied_to", "id": "1000512130645479426"}], "public_metrics": {"retweet_count": 0, "reply_count": 0, "like_count": 0, "quote_count": 0}, "text": "@realamberheard Word, Heard.", "created_at": "2018-05-26T23:04:00.000Z", "source": "Twitter Web App", "replied_tweet": {"id": "1000512130645479426", "entities": {"urls": [{"start": 14, "end": 37, "url": "https://t.co/K0IuVzC8Eg", "expanded_url": "http://www.justjared.com/2018/05/24/amber-heard-launches-fundraiser-to-help-sick-syrian-refugee-child-she-met-on-mission-trip-video/", "display_url": "justjared.com/2018/05/24/amb\u2026", "status": 200, "title": "Amber Heard Launches Fundraiser to Help Sick Syrian Refugee Child She Met on Mission Trip (Video)", "description": "Watch her video", "unwound_url": "https://www.justjared.com/2018/05/24/amber-heard-launches-fundraiser-to-help-sick-syrian-refugee-child-she-met-on-mission-trip-video/"}], "annotations": [{"start": 7, "end": 11, "probability": 0.9869, "type": "Person", "normalized_text": "Jared"}]}, "lang": "en", "author_id": "807003567605227520", "public_metrics": {"retweet_count": 129, "reply_count": 33, "like_count": 891, "quote_count": 5}, "text": "Thanks Jared! https://t.co/K0IuVzC8Eg", "created_at": "2018-05-26T23:00:55.000Z", "source": "Twitter for iPhone", "author": {"url": "https://t.co/Ze18Ek9SOI", "username": "realamberheard", "description": "Actor and Activist, semi-professional disruptor, ice cream advocate and shameless teacup yorkie-lover", "name": "Amber Heard", "location": "Los Angeles, CA", "created_at": "2016-12-08T23:26:58.000Z", "profile_image_url": "https://pbs.twimg.com/profile_images/1383196364792680448/N8CdupEu_normal.jpg", "public_metrics": {"followers_count": 190464, "following_count": 220, "tweet_count": 1151, "listed_count": 567}, "id": "807003567605227520"}}, "author": {"url": "", "username": "JesseBarthalem1", "description": "Musician, artist, fanboy, aspiring writer and aspiring filmmaker. Someday I\u2019m gonna be a REAL boy! (Pinocchio) \ud83d\ude06\ud83e\udd18", "name": "Jesse Barthalemew Atkins", "location": "Boise Idaho", "created_at": "2018-03-29T09:44:05.000Z", "profile_image_url": "https://pbs.twimg.com/profile_images/1472840269213011971/kYI8wum4_normal.jpg", "public_metrics": {"followers_count": 257, "following_count": 747, "tweet_count": 13076, "listed_count": 0}, "id": "979293106704039938"}}, {"in_reply_to_user_id": "807003567605227520", "id": "1000512511106482176", "entities": {"mentions": [{"start": 0, "end": 15, "username": "realamberheard", "id": "807003567605227520"}]}, "lang": "en", "author_id": "4204211255", "referenced_tweets": [{"type": "replied_to", "id": "1000512130645479426"}], "public_metrics": {"retweet_count": 0, "reply_count": 0, "like_count": 1, "quote_count": 0}, "text": "@realamberheard queen my love \u2764\u2764\u2764", "created_at": "2018-05-26T23:02:25.000Z", "source": "Twitter for Android", "replied_tweet": {"id": "1000512130645479426", "entities": {"urls": [{"start": 14, "end": 37, "url": "https://t.co/K0IuVzC8Eg", "expanded_url": "http://www.justjared.com/2018/05/24/amber-heard-launches-fundraiser-to-help-sick-syrian-refugee-child-she-met-on-mission-trip-video/", "display_url": "justjared.com/2018/05/24/amb\u2026", "status": 200, "title": "Amber Heard Launches Fundraiser to Help Sick Syrian Refugee Child She Met on Mission Trip (Video)", "description": "Watch her video", "unwound_url": "https://www.justjared.com/2018/05/24/amber-heard-launches-fundraiser-to-help-sick-syrian-refugee-child-she-met-on-mission-trip-video/"}], "annotations": [{"start": 7, "end": 11, "probability": 0.9869, "type": "Person", "normalized_text": "Jared"}]}, "lang": "en", "author_id": "807003567605227520", "public_metrics": {"retweet_count": 129, "reply_count": 33, "like_count": 891, "quote_count": 5}, "text": "Thanks Jared! https://t.co/K0IuVzC8Eg", "created_at": "2018-05-26T23:00:55.000Z", "source": "Twitter for iPhone", "author": {"url": "https://t.co/Ze18Ek9SOI", "username": "realamberheard", "description": "Actor and Activist, semi-professional disruptor, ice cream advocate and shameless teacup yorkie-lover", "name": "Amber Heard", "location": "Los Angeles, CA", "created_at": "2016-12-08T23:26:58.000Z", "profile_image_url": "https://pbs.twimg.com/profile_images/1383196364792680448/N8CdupEu_normal.jpg", "public_metrics": {"followers_count": 190464, "following_count": 220, "tweet_count": 1151, "listed_count": 567}, "id": "807003567605227520"}}, "author": {"url": "", "username": "dakotarias", "description": "\ud835\ude8b\ud835\ude8e \ud835\ude9c\ud835\ude9d\ud835\ude9b\ud835\ude98\ud835\ude97\ud835\ude90 \ud835\ude8a\ud835\ude97\ud835\ude8d \ud835\ude8b\ud835\ude9b\ud835\ude8a\ud835\ude9f\ud835\ude8e \u2020", "name": "mi", "location": "actores, books, ecv.", "created_at": "2015-11-16T19:47:59.000Z", "profile_image_url": "https://pbs.twimg.com/profile_images/1507128865436614668/pBGJYljr_normal.jpg", "public_metrics": {"followers_count": 2501, "following_count": 935, "tweet_count": 137354, "listed_count": 22}, "id": "4204211255"}}, {"in_reply_to_user_id": "807003567605227520", "id": "1000512476923006979", "entities": {"mentions": [{"start": 0, "end": 15, "username": "realamberheard", "id": "807003567605227520"}]}, "lang": "en", "author_id": "2497054393", "referenced_tweets": [{"type": "replied_to", "id": "1000512130645479426"}], "public_metrics": {"retweet_count": 0, "reply_count": 0, "like_count": 1, "quote_count": 0}, "text": "@realamberheard YOU ARE AMAZING", "created_at": "2018-05-26T23:02:17.000Z", "source": "Twitter for iPhone", "replied_tweet": {"id": "1000512130645479426", "entities": {"urls": [{"start": 14, "end": 37, "url": "https://t.co/K0IuVzC8Eg", "expanded_url": "http://www.justjared.com/2018/05/24/amber-heard-launches-fundraiser-to-help-sick-syrian-refugee-child-she-met-on-mission-trip-video/", "display_url": "justjared.com/2018/05/24/amb\u2026", "status": 200, "title": "Amber Heard Launches Fundraiser to Help Sick Syrian Refugee Child She Met on Mission Trip (Video)", "description": "Watch her video", "unwound_url": "https://www.justjared.com/2018/05/24/amber-heard-launches-fundraiser-to-help-sick-syrian-refugee-child-she-met-on-mission-trip-video/"}], "annotations": [{"start": 7, "end": 11, "probability": 0.9869, "type": "Person", "normalized_text": "Jared"}]}, "lang": "en", "author_id": "807003567605227520", "public_metrics": {"retweet_count": 129, "reply_count": 33, "like_count": 891, "quote_count": 5}, "text": "Thanks Jared! https://t.co/K0IuVzC8Eg", "created_at": "2018-05-26T23:00:55.000Z", "source": "Twitter for iPhone", "author": {"url": "https://t.co/Ze18Ek9SOI", "username": "realamberheard", "description": "Actor and Activist, semi-professional disruptor, ice cream advocate and shameless teacup yorkie-lover", "name": "Amber Heard", "location": "Los Angeles, CA", "created_at": "2016-12-08T23:26:58.000Z", "profile_image_url": "https://pbs.twimg.com/profile_images/1383196364792680448/N8CdupEu_normal.jpg", "public_metrics": {"followers_count": 190464, "following_count": 220, "tweet_count": 1151, "listed_count": 567}, "id": "807003567605227520"}}, "author": {"url": "", "username": "commanderburger", "description": "\u201cSharon Carter\u2019s back!\u201d \u2014 EVC, 2019 / Comic Book Elitist\u2122 / Feminist / \u201cThat doesn\u2019t mean anything \u2014 @capsharons.\u201d", "name": "danna \u2728", "location": "she/her", "created_at": "2014-05-15T19:50:24.000Z", "profile_image_url": "https://pbs.twimg.com/profile_images/1503765520713191427/3k5Yor2A_normal.jpg", "public_metrics": {"followers_count": 823, "following_count": 650, "tweet_count": 30298, "listed_count": 35}, "id": "2497054393"}}]