[{"referenced_tweets": [{"type": "replied_to", "id": "1016756887562346496"}], "id": "1018760180819996673", "entities": {"annotations": [{"start": 77, "end": 80, "probability": 0.9829, "type": "Person", "normalized_text": "Cruz"}, {"start": 220, "end": 224, "probability": 0.9969, "type": "Person", "normalized_text": "Trump"}], "mentions": [{"start": 0, "end": 15, "username": "realamberheard", "id": "807003567605227520"}, {"start": 16, "end": 28, "username": "POLITICOMag", "id": "1548489476"}]}, "author_id": "316775459", "in_reply_to_user_id": "807003567605227520", "created_at": "2018-07-16T07:32:09.000Z", "text": "@realamberheard @POLITICOMag Amber, I'm a big fan of yours, and you can have Cruz lose and get replaced by whoever you want....even a liberal.  I like you enough that I don't mind.  But please don't ask me/us to replace Trump.", "public_metrics": {"retweet_count": 0, "reply_count": 0, "like_count": 0, "quote_count": 0}, "source": "Twitter Web Client", "lang": "en", "replied_tweet": {"id": "1016756887562346496", "entities": {"annotations": [{"start": 0, "end": 3, "probability": 0.858, "type": "Person", "normalized_text": "Beto"}, {"start": 18, "end": 22, "probability": 0.7257, "type": "Place", "normalized_text": "Texas"}], "urls": [{"start": 24, "end": 47, "url": "https://t.co/puZPTc1UZf", "expanded_url": "https://politi.co/2uhbZ1o", "display_url": "politi.co/2uhbZ1o", "images": [{"url": "https://pbs.twimg.com/news_img/1464452715199832067/jo8S4uat?format=jpg&name=orig", "width": 1160, "height": 629}, {"url": "https://pbs.twimg.com/news_img/1464452715199832067/jo8S4uat?format=jpg&name=150x150", "width": 150, "height": 150}], "status": 200, "title": "Beto-mania Sweeps Texas", "description": "Ted Cruz\u2019s long-shot challenger is drawing riotous crowds. Is it enough?", "unwound_url": "https://www.politico.com/magazine/story/2018/07/09/beto-mania-sweeps-texas-218961/"}], "mentions": [{"start": 52, "end": 64, "username": "POLITICOMag", "id": "1548489476"}]}, "author_id": "807003567605227520", "created_at": "2018-07-10T18:51:47.000Z", "text": "Beto-mania Sweeps Texas https://t.co/puZPTc1UZf via @politicomag", "public_metrics": {"retweet_count": 23, "reply_count": 4, "like_count": 118, "quote_count": 0}, "source": "Twitter for iPhone", "lang": "en", "author": {"location": "Los Angeles, CA", "created_at": "2016-12-08T23:26:58.000Z", "profile_image_url": "https://pbs.twimg.com/profile_images/1383196364792680448/N8CdupEu_normal.jpg", "public_metrics": {"followers_count": 190464, "following_count": 220, "tweet_count": 1151, "listed_count": 567}, "url": "https://t.co/Ze18Ek9SOI", "id": "807003567605227520", "name": "Amber Heard", "username": "realamberheard", "description": "Actor and Activist, semi-professional disruptor, ice cream advocate and shameless teacup yorkie-lover"}}, "author": {"location": "Champlin, MN", "created_at": "2011-06-13T23:22:34.000Z", "profile_image_url": "https://pbs.twimg.com/profile_images/1100851027475976194/KsQk52Nm_normal.jpg", "public_metrics": {"followers_count": 25, "following_count": 80, "tweet_count": 2292, "listed_count": 0}, "url": "", "id": "316775459", "name": "Jason Michael", "username": "jasonmichael4", "description": "You know me...I do WHAT I want, WHEN I want."}}, {"referenced_tweets": [{"type": "replied_to", "id": "1017382868044210176"}], "id": "1017385548682547201", "entities": {"annotations": [{"start": 100, "end": 108, "probability": 0.9909, "type": "Place", "normalized_text": "Hollywood"}], "urls": [{"start": 321, "end": 344, "url": "https://t.co/6z2N4UrNv8", "expanded_url": "https://twitter.com/TexasGal1125/status/1017385548682547201/photo/1", "display_url": "pic.twitter.com/6z2N4UrNv8"}], "mentions": [{"start": 0, "end": 15, "username": "realamberheard", "id": "807003567605227520"}, {"start": 16, "end": 28, "username": "POLITICOMag", "id": "1548489476"}], "hashtags": [{"start": 220, "end": 223, "tag": "2A"}]}, "author_id": "128403359", "in_reply_to_user_id": "128403359", "created_at": "2018-07-12T12:29:51.000Z", "text": "@realamberheard @POLITICOMag It sure must be nice to have walls &amp; gates around your houses there in Hollywood &amp; bodyguards with guns to protect you. \n\nBc you\u2019re an ACTOR /activist for illegals/open borders &amp; #2A rights being taken away from other citizens. Doesn\u2019t really seem fair you\u2019re protected, does it! https://t.co/6z2N4UrNv8", "public_metrics": {"retweet_count": 0, "reply_count": 0, "like_count": 1, "quote_count": 0}, "source": "Twitter for iPhone", "lang": "en", "replied_tweet": {"id": "1016756887562346496", "entities": {"annotations": [{"start": 0, "end": 3, "probability": 0.858, "type": "Person", "normalized_text": "Beto"}, {"start": 18, "end": 22, "probability": 0.7257, "type": "Place", "normalized_text": "Texas"}], "urls": [{"start": 24, "end": 47, "url": "https://t.co/puZPTc1UZf", "expanded_url": "https://politi.co/2uhbZ1o", "display_url": "politi.co/2uhbZ1o", "images": [{"url": "https://pbs.twimg.com/news_img/1464452715199832067/jo8S4uat?format=jpg&name=orig", "width": 1160, "height": 629}, {"url": "https://pbs.twimg.com/news_img/1464452715199832067/jo8S4uat?format=jpg&name=150x150", "width": 150, "height": 150}], "status": 200, "title": "Beto-mania Sweeps Texas", "description": "Ted Cruz\u2019s long-shot challenger is drawing riotous crowds. Is it enough?", "unwound_url": "https://www.politico.com/magazine/story/2018/07/09/beto-mania-sweeps-texas-218961/"}], "mentions": [{"start": 52, "end": 64, "username": "POLITICOMag", "id": "1548489476"}]}, "author_id": "807003567605227520", "created_at": "2018-07-10T18:51:47.000Z", "text": "Beto-mania Sweeps Texas https://t.co/puZPTc1UZf via @politicomag", "public_metrics": {"retweet_count": 23, "reply_count": 4, "like_count": 118, "quote_count": 0}, "source": "Twitter for iPhone", "lang": "en", "author": {"location": "Los Angeles, CA", "created_at": "2016-12-08T23:26:58.000Z", "profile_image_url": "https://pbs.twimg.com/profile_images/1383196364792680448/N8CdupEu_normal.jpg", "public_metrics": {"followers_count": 190464, "following_count": 220, "tweet_count": 1151, "listed_count": 567}, "url": "https://t.co/Ze18Ek9SOI", "id": "807003567605227520", "name": "Amber Heard", "username": "realamberheard", "description": "Actor and Activist, semi-professional disruptor, ice cream advocate and shameless teacup yorkie-lover"}}, "author": {"location": "Texas, USA", "created_at": "2010-04-01T01:16:08.000Z", "profile_image_url": "https://pbs.twimg.com/profile_images/1004679524406251521/zpOkkHkg_normal.jpg", "public_metrics": {"followers_count": 3027, "following_count": 3237, "tweet_count": 16253, "listed_count": 4}, "url": "", "id": "128403359", "name": "Soldier in GOD\u2019s Army", "username": "TexasGal1125", "description": "Christian Conservative! #PATRIOT \ud83c\uddfa\ud83c\uddf8 I do Animal Rescue, I love \ud83d\udc36 and I\u2019m a \u2728STEELERS GIRL! Army Proud"}}, {"referenced_tweets": [{"type": "replied_to", "id": "1016756887562346496"}], "id": "1017382868044210176", "entities": {"annotations": [{"start": 36, "end": 46, "probability": 0.9846, "type": "Place", "normalized_text": "San Antonio"}, {"start": 183, "end": 190, "probability": 0.8442, "type": "Person", "normalized_text": "TED CRUZ"}], "urls": [{"start": 316, "end": 339, "url": "https://t.co/87wwb5y5MT", "expanded_url": "https://twitter.com/TexasGal1125/status/1017382868044210176/photo/1", "display_url": "pic.twitter.com/87wwb5y5MT"}], "mentions": [{"start": 0, "end": 15, "username": "realamberheard", "id": "807003567605227520"}, {"start": 16, "end": 28, "username": "POLITICOMag", "id": "1548489476"}]}, "author_id": "128403359", "in_reply_to_user_id": "807003567605227520", "created_at": "2018-07-12T12:19:12.000Z", "text": "@realamberheard @POLITICOMag I\u2019m in San Antonio with all the illegals committing crimes, DWIs killing people, sex trafficking, rape &amp; murder. We don\u2019t have walls around our houses! \n\nTED CRUZ WILL REMAIN A TX SENATOR, he\u2019s for LEGAL immigration! He will keep his Senate seat &amp; you can take that to the bank! https://t.co/87wwb5y5MT", "public_metrics": {"retweet_count": 0, "reply_count": 1, "like_count": 0, "quote_count": 0}, "source": "Twitter for iPhone", "lang": "en", "replied_tweet": {"id": "1016756887562346496", "entities": {"annotations": [{"start": 0, "end": 3, "probability": 0.858, "type": "Person", "normalized_text": "Beto"}, {"start": 18, "end": 22, "probability": 0.7257, "type": "Place", "normalized_text": "Texas"}], "urls": [{"start": 24, "end": 47, "url": "https://t.co/puZPTc1UZf", "expanded_url": "https://politi.co/2uhbZ1o", "display_url": "politi.co/2uhbZ1o", "images": [{"url": "https://pbs.twimg.com/news_img/1464452715199832067/jo8S4uat?format=jpg&name=orig", "width": 1160, "height": 629}, {"url": "https://pbs.twimg.com/news_img/1464452715199832067/jo8S4uat?format=jpg&name=150x150", "width": 150, "height": 150}], "status": 200, "title": "Beto-mania Sweeps Texas", "description": "Ted Cruz\u2019s long-shot challenger is drawing riotous crowds. Is it enough?", "unwound_url": "https://www.politico.com/magazine/story/2018/07/09/beto-mania-sweeps-texas-218961/"}], "mentions": [{"start": 52, "end": 64, "username": "POLITICOMag", "id": "1548489476"}]}, "author_id": "807003567605227520", "created_at": "2018-07-10T18:51:47.000Z", "text": "Beto-mania Sweeps Texas https://t.co/puZPTc1UZf via @politicomag", "public_metrics": {"retweet_count": 23, "reply_count": 4, "like_count": 118, "quote_count": 0}, "source": "Twitter for iPhone", "lang": "en", "author": {"location": "Los Angeles, CA", "created_at": "2016-12-08T23:26:58.000Z", "profile_image_url": "https://pbs.twimg.com/profile_images/1383196364792680448/N8CdupEu_normal.jpg", "public_metrics": {"followers_count": 190464, "following_count": 220, "tweet_count": 1151, "listed_count": 567}, "url": "https://t.co/Ze18Ek9SOI", "id": "807003567605227520", "name": "Amber Heard", "username": "realamberheard", "description": "Actor and Activist, semi-professional disruptor, ice cream advocate and shameless teacup yorkie-lover"}}, "author": {"location": "Texas, USA", "created_at": "2010-04-01T01:16:08.000Z", "profile_image_url": "https://pbs.twimg.com/profile_images/1004679524406251521/zpOkkHkg_normal.jpg", "public_metrics": {"followers_count": 3027, "following_count": 3237, "tweet_count": 16253, "listed_count": 4}, "url": "", "id": "128403359", "name": "Soldier in GOD\u2019s Army", "username": "TexasGal1125", "description": "Christian Conservative! #PATRIOT \ud83c\uddfa\ud83c\uddf8 I do Animal Rescue, I love \ud83d\udc36 and I\u2019m a \u2728STEELERS GIRL! Army Proud"}}, {"referenced_tweets": [{"type": "replied_to", "id": "1016756887562346496"}], "id": "1016778423786561539", "entities": {"annotations": [{"start": 50, "end": 60, "probability": 0.9882, "type": "Person", "normalized_text": "Pete Wilson"}], "mentions": [{"start": 0, "end": 15, "username": "realamberheard", "id": "807003567605227520"}, {"start": 16, "end": 28, "username": "POLITICOMag", "id": "1548489476"}]}, "author_id": "989638850141044736", "in_reply_to_user_id": "807003567605227520", "created_at": "2018-07-10T20:17:21.000Z", "text": "@realamberheard @POLITICOMag What about The great Pete Wilson", "public_metrics": {"retweet_count": 0, "reply_count": 0, "like_count": 0, "quote_count": 0}, "source": "Twitter for Android", "lang": "en", "replied_tweet": {"id": "1016756887562346496", "entities": {"annotations": [{"start": 0, "end": 3, "probability": 0.858, "type": "Person", "normalized_text": "Beto"}, {"start": 18, "end": 22, "probability": 0.7257, "type": "Place", "normalized_text": "Texas"}], "urls": [{"start": 24, "end": 47, "url": "https://t.co/puZPTc1UZf", "expanded_url": "https://politi.co/2uhbZ1o", "display_url": "politi.co/2uhbZ1o", "images": [{"url": "https://pbs.twimg.com/news_img/1464452715199832067/jo8S4uat?format=jpg&name=orig", "width": 1160, "height": 629}, {"url": "https://pbs.twimg.com/news_img/1464452715199832067/jo8S4uat?format=jpg&name=150x150", "width": 150, "height": 150}], "status": 200, "title": "Beto-mania Sweeps Texas", "description": "Ted Cruz\u2019s long-shot challenger is drawing riotous crowds. Is it enough?", "unwound_url": "https://www.politico.com/magazine/story/2018/07/09/beto-mania-sweeps-texas-218961/"}], "mentions": [{"start": 52, "end": 64, "username": "POLITICOMag", "id": "1548489476"}]}, "author_id": "807003567605227520", "created_at": "2018-07-10T18:51:47.000Z", "text": "Beto-mania Sweeps Texas https://t.co/puZPTc1UZf via @politicomag", "public_metrics": {"retweet_count": 23, "reply_count": 4, "like_count": 118, "quote_count": 0}, "source": "Twitter for iPhone", "lang": "en", "author": {"location": "Los Angeles, CA", "created_at": "2016-12-08T23:26:58.000Z", "profile_image_url": "https://pbs.twimg.com/profile_images/1383196364792680448/N8CdupEu_normal.jpg", "public_metrics": {"followers_count": 190464, "following_count": 220, "tweet_count": 1151, "listed_count": 567}, "url": "https://t.co/Ze18Ek9SOI", "id": "807003567605227520", "name": "Amber Heard", "username": "realamberheard", "description": "Actor and Activist, semi-professional disruptor, ice cream advocate and shameless teacup yorkie-lover"}}, "author": {"location": "Hollister id", "created_at": "2018-04-26T22:54:23.000Z", "profile_image_url": "https://pbs.twimg.com/profile_images/1263286426906419201/6yilfmBk_normal.jpg", "public_metrics": {"followers_count": 153, "following_count": 944, "tweet_count": 6435, "listed_count": 0}, "url": "", "id": "989638850141044736", "name": "Wild Bill Cody", "username": "WilliamCShephe2", "description": "Powerlifter from twinfalls id athlete and a mason .18+content 208   3086979 & tour nude \nyou can paint me making a movie looking for talents"}}, {"referenced_tweets": [{"type": "replied_to", "id": "1016756887562346496"}], "id": "1016757573549285376", "entities": {"annotations": [{"start": 34, "end": 38, "probability": 0.9682, "type": "Person", "normalized_text": "Amber"}], "mentions": [{"start": 0, "end": 15, "username": "realamberheard", "id": "807003567605227520"}, {"start": 16, "end": 28, "username": "POLITICOMag", "id": "1548489476"}]}, "author_id": "989633741114003456", "in_reply_to_user_id": "807003567605227520", "created_at": "2018-07-10T18:54:30.000Z", "text": "@realamberheard @POLITICOMag Dear Amber, may we always reach out to the children first and foremost my freind!! \ud83d\ude06\ud83d\ude06\ud83d\ude18\ud83d\ude18", "public_metrics": {"retweet_count": 0, "reply_count": 0, "like_count": 1, "quote_count": 0}, "source": "Twitter for Android", "lang": "en", "replied_tweet": {"id": "1016756887562346496", "entities": {"annotations": [{"start": 0, "end": 3, "probability": 0.858, "type": "Person", "normalized_text": "Beto"}, {"start": 18, "end": 22, "probability": 0.7257, "type": "Place", "normalized_text": "Texas"}], "urls": [{"start": 24, "end": 47, "url": "https://t.co/puZPTc1UZf", "expanded_url": "https://politi.co/2uhbZ1o", "display_url": "politi.co/2uhbZ1o", "images": [{"url": "https://pbs.twimg.com/news_img/1464452715199832067/jo8S4uat?format=jpg&name=orig", "width": 1160, "height": 629}, {"url": "https://pbs.twimg.com/news_img/1464452715199832067/jo8S4uat?format=jpg&name=150x150", "width": 150, "height": 150}], "status": 200, "title": "Beto-mania Sweeps Texas", "description": "Ted Cruz\u2019s long-shot challenger is drawing riotous crowds. Is it enough?", "unwound_url": "https://www.politico.com/magazine/story/2018/07/09/beto-mania-sweeps-texas-218961/"}], "mentions": [{"start": 52, "end": 64, "username": "POLITICOMag", "id": "1548489476"}]}, "author_id": "807003567605227520", "created_at": "2018-07-10T18:51:47.000Z", "text": "Beto-mania Sweeps Texas https://t.co/puZPTc1UZf via @politicomag", "public_metrics": {"retweet_count": 23, "reply_count": 4, "like_count": 118, "quote_count": 0}, "source": "Twitter for iPhone", "lang": "en", "author": {"location": "Los Angeles, CA", "created_at": "2016-12-08T23:26:58.000Z", "profile_image_url": "https://pbs.twimg.com/profile_images/1383196364792680448/N8CdupEu_normal.jpg", "public_metrics": {"followers_count": 190464, "following_count": 220, "tweet_count": 1151, "listed_count": 567}, "url": "https://t.co/Ze18Ek9SOI", "id": "807003567605227520", "name": "Amber Heard", "username": "realamberheard", "description": "Actor and Activist, semi-professional disruptor, ice cream advocate and shameless teacup yorkie-lover"}}, "author": {"location": "Long Island,new York", "created_at": "2018-04-26T22:34:05.000Z", "profile_image_url": "https://abs.twimg.com/sticky/default_profile_images/default_profile_normal.png", "public_metrics": {"followers_count": 39, "following_count": 269, "tweet_count": 44974, "listed_count": 0}, "url": "", "id": "989633741114003456", "name": "Paulwalwanis", "username": "Paulwalwanis7", "description": "Comedy,counselor"}}]