[{"referenced_tweets": [{"type": "replied_to", "id": "1021926786337320961"}], "id": "1023614571263787008", "author_id": "380161082", "entities": {"mentions": [{"start": 0, "end": 15, "username": "realamberheard", "id": "807003567605227520"}], "hashtags": [{"start": 48, "end": 66, "tag": "queennicolekidman"}]}, "in_reply_to_user_id": "807003567605227520", "created_at": "2018-07-29T17:01:46.000Z", "text": "@realamberheard See 1 Queen &amp; 1 Dramaqueen. #queennicolekidman", "public_metrics": {"retweet_count": 0, "reply_count": 0, "like_count": 0, "quote_count": 0}, "source": "Twitter Web Client", "lang": "fi", "replied_tweet": {"id": "1021926786337320961", "entities": {"urls": [{"start": 9, "end": 32, "url": "https://t.co/PDVQew3Ssi", "expanded_url": "https://www.instagram.com/p/BlosW1kA6R1/?utm_source=ig_twitter_share&igshid=5s5qlshmoah6", "display_url": "instagram.com/p/BlosW1kA6R1/\u2026"}]}, "author_id": "807003567605227520", "created_at": "2018-07-25T01:15:07.000Z", "text": "Queening https://t.co/PDVQew3Ssi", "public_metrics": {"retweet_count": 59, "reply_count": 8, "like_count": 354, "quote_count": 2}, "source": "Instagram", "lang": "en", "author": {"location": "Los Angeles, CA", "created_at": "2016-12-08T23:26:58.000Z", "profile_image_url": "https://pbs.twimg.com/profile_images/1383196364792680448/N8CdupEu_normal.jpg", "public_metrics": {"followers_count": 190464, "following_count": 220, "tweet_count": 1151, "listed_count": 567}, "url": "https://t.co/Ze18Ek9SOI", "id": "807003567605227520", "name": "Amber Heard", "username": "realamberheard", "description": "Actor and Activist, semi-professional disruptor, ice cream advocate and shameless teacup yorkie-lover"}}, "author": {"location": "Germany ", "created_at": "2011-09-26T05:22:10.000Z", "profile_image_url": "https://pbs.twimg.com/profile_images/1495066976435281930/ZYgHQZQh_normal.jpg", "public_metrics": {"followers_count": 177, "following_count": 298, "tweet_count": 1019, "listed_count": 0}, "url": "", "id": "380161082", "name": "\u2640\ud83c\udff9Andromeda\ud83d\udc41\ufe0f\u2640\ud83d\udc9c\ud83e\udd0d\ud83d\udc9a", "username": "andromedas_erbe", "description": "\u2640\ufe0f Before coffee in a bad mood, \"gelesene\" Frau, selbstidentifzierte Feministin, Mother of 2, \nFan-Account #justiceforjohnnydepp"}}, {"referenced_tweets": [{"type": "replied_to", "id": "1021926786337320961"}], "id": "1022301008637116416", "entities": {"annotations": [{"start": 37, "end": 42, "probability": 0.9981, "type": "Person", "normalized_text": "Nicole"}, {"start": 45, "end": 49, "probability": 0.9905, "type": "Person", "normalized_text": "Amber"}], "mentions": [{"start": 0, "end": 15, "username": "realamberheard", "id": "807003567605227520"}]}, "author_id": "944709059009236995", "in_reply_to_user_id": "807003567605227520", "created_at": "2018-07-26T02:02:08.000Z", "text": "@realamberheard Great pic of you and Nicole, Amber! Hope you're doing fine!", "public_metrics": {"retweet_count": 0, "reply_count": 0, "like_count": 0, "quote_count": 0}, "source": "Twitter Web Client", "lang": "en", "replied_tweet": {"id": "1021926786337320961", "entities": {"urls": [{"start": 9, "end": 32, "url": "https://t.co/PDVQew3Ssi", "expanded_url": "https://www.instagram.com/p/BlosW1kA6R1/?utm_source=ig_twitter_share&igshid=5s5qlshmoah6", "display_url": "instagram.com/p/BlosW1kA6R1/\u2026"}]}, "author_id": "807003567605227520", "created_at": "2018-07-25T01:15:07.000Z", "text": "Queening https://t.co/PDVQew3Ssi", "public_metrics": {"retweet_count": 59, "reply_count": 8, "like_count": 354, "quote_count": 2}, "source": "Instagram", "lang": "en", "author": {"location": "Los Angeles, CA", "created_at": "2016-12-08T23:26:58.000Z", "profile_image_url": "https://pbs.twimg.com/profile_images/1383196364792680448/N8CdupEu_normal.jpg", "public_metrics": {"followers_count": 190464, "following_count": 220, "tweet_count": 1151, "listed_count": 567}, "url": "https://t.co/Ze18Ek9SOI", "id": "807003567605227520", "name": "Amber Heard", "username": "realamberheard", "description": "Actor and Activist, semi-professional disruptor, ice cream advocate and shameless teacup yorkie-lover"}}, "author": {"location": "America", "created_at": "2017-12-23T23:19:26.000Z", "profile_image_url": "https://pbs.twimg.com/profile_images/944714163955277824/fojDhz5H_normal.jpg", "public_metrics": {"followers_count": 189, "following_count": 1276, "tweet_count": 20039, "listed_count": 0}, "url": "", "id": "944709059009236995", "name": "Patrick", "username": "Patrick_USofA", "description": "Kentucky native, voracious reader, mathematician. Believer, music lover."}}, {"referenced_tweets": [{"type": "replied_to", "id": "1021926786337320961"}], "id": "1021953128319483904", "author_id": "1294835346", "entities": {"mentions": [{"start": 0, "end": 15, "username": "realamberheard", "id": "807003567605227520"}]}, "in_reply_to_user_id": "807003567605227520", "created_at": "2018-07-25T02:59:47.000Z", "text": "@realamberheard 2 beautiful and talented ladies \ud83d\ude0d", "public_metrics": {"retweet_count": 0, "reply_count": 0, "like_count": 0, "quote_count": 0}, "source": "Twitter for iPhone", "lang": "en", "replied_tweet": {"id": "1021926786337320961", "entities": {"urls": [{"start": 9, "end": 32, "url": "https://t.co/PDVQew3Ssi", "expanded_url": "https://www.instagram.com/p/BlosW1kA6R1/?utm_source=ig_twitter_share&igshid=5s5qlshmoah6", "display_url": "instagram.com/p/BlosW1kA6R1/\u2026"}]}, "author_id": "807003567605227520", "created_at": "2018-07-25T01:15:07.000Z", "text": "Queening https://t.co/PDVQew3Ssi", "public_metrics": {"retweet_count": 59, "reply_count": 8, "like_count": 354, "quote_count": 2}, "source": "Instagram", "lang": "en", "author": {"location": "Los Angeles, CA", "created_at": "2016-12-08T23:26:58.000Z", "profile_image_url": "https://pbs.twimg.com/profile_images/1383196364792680448/N8CdupEu_normal.jpg", "public_metrics": {"followers_count": 190464, "following_count": 220, "tweet_count": 1151, "listed_count": 567}, "url": "https://t.co/Ze18Ek9SOI", "id": "807003567605227520", "name": "Amber Heard", "username": "realamberheard", "description": "Actor and Activist, semi-professional disruptor, ice cream advocate and shameless teacup yorkie-lover"}}, "author": {"location": "Sydney, New South Wales", "created_at": "2013-03-24T11:18:46.000Z", "profile_image_url": "https://pbs.twimg.com/profile_images/1236170394979065856/iXBeI_9l_normal.jpg", "public_metrics": {"followers_count": 1727, "following_count": 1574, "tweet_count": 67376, "listed_count": 7}, "url": "", "id": "1294835346", "name": "Adam", "username": "AdsB81", "description": "A single guy living in Sydney. I'm just here to make you smile."}}, {"referenced_tweets": [{"type": "replied_to", "id": "1021926786337320961"}], "id": "1021944852353822720", "entities": {"annotations": [{"start": 66, "end": 74, "probability": 0.5078, "type": "Product", "normalized_text": "instagram"}], "urls": [{"start": 86, "end": 109, "url": "https://t.co/Wy3IJVxHo7", "expanded_url": "https://twitter.com/stirgussa/status/1021944852353822720/photo/1", "display_url": "pic.twitter.com/Wy3IJVxHo7"}], "mentions": [{"start": 0, "end": 15, "username": "realamberheard", "id": "807003567605227520"}]}, "author_id": "4396120342", "in_reply_to_user_id": "807003567605227520", "created_at": "2018-07-25T02:26:54.000Z", "text": "@realamberheard She loves you too...\nShe uploaded this pic to her instagram stories \ud83d\udc47 https://t.co/Wy3IJVxHo7", "public_metrics": {"retweet_count": 0, "reply_count": 0, "like_count": 6, "quote_count": 0}, "source": "Twitter for Android", "lang": "en", "replied_tweet": {"id": "1021926786337320961", "entities": {"urls": [{"start": 9, "end": 32, "url": "https://t.co/PDVQew3Ssi", "expanded_url": "https://www.instagram.com/p/BlosW1kA6R1/?utm_source=ig_twitter_share&igshid=5s5qlshmoah6", "display_url": "instagram.com/p/BlosW1kA6R1/\u2026"}]}, "author_id": "807003567605227520", "created_at": "2018-07-25T01:15:07.000Z", "text": "Queening https://t.co/PDVQew3Ssi", "public_metrics": {"retweet_count": 59, "reply_count": 8, "like_count": 354, "quote_count": 2}, "source": "Instagram", "lang": "en", "author": {"location": "Los Angeles, CA", "created_at": "2016-12-08T23:26:58.000Z", "profile_image_url": "https://pbs.twimg.com/profile_images/1383196364792680448/N8CdupEu_normal.jpg", "public_metrics": {"followers_count": 190464, "following_count": 220, "tweet_count": 1151, "listed_count": 567}, "url": "https://t.co/Ze18Ek9SOI", "id": "807003567605227520", "name": "Amber Heard", "username": "realamberheard", "description": "Actor and Activist, semi-professional disruptor, ice cream advocate and shameless teacup yorkie-lover"}}, "author": {"created_at": "2015-12-06T17:21:06.000Z", "profile_image_url": "https://pbs.twimg.com/profile_images/1378175478478082050/UKLiQPuk_normal.jpg", "public_metrics": {"followers_count": 678, "following_count": 296, "tweet_count": 58624, "listed_count": 26}, "url": "", "id": "4396120342", "name": "STIRGUS SACCHETTI", "username": "stirgussa", "description": "Only two things are infinite, the universe and human stupidity, and I'm not sure about the former. - Albert Einstein and Me!"}}, {"referenced_tweets": [{"type": "replied_to", "id": "1021926786337320961"}], "id": "1021927032073150464", "author_id": "874984340", "entities": {"mentions": [{"start": 0, "end": 15, "username": "realamberheard", "id": "807003567605227520"}]}, "in_reply_to_user_id": "807003567605227520", "created_at": "2018-07-25T01:16:05.000Z", "text": "@realamberheard My two favorites! I can't wait to see you on screen together! (I hope you share a scene!)", "public_metrics": {"retweet_count": 0, "reply_count": 0, "like_count": 1, "quote_count": 0}, "source": "Twitter Web Client", "lang": "en", "replied_tweet": {"id": "1021926786337320961", "entities": {"urls": [{"start": 9, "end": 32, "url": "https://t.co/PDVQew3Ssi", "expanded_url": "https://www.instagram.com/p/BlosW1kA6R1/?utm_source=ig_twitter_share&igshid=5s5qlshmoah6", "display_url": "instagram.com/p/BlosW1kA6R1/\u2026"}]}, "author_id": "807003567605227520", "created_at": "2018-07-25T01:15:07.000Z", "text": "Queening https://t.co/PDVQew3Ssi", "public_metrics": {"retweet_count": 59, "reply_count": 8, "like_count": 354, "quote_count": 2}, "source": "Instagram", "lang": "en", "author": {"location": "Los Angeles, CA", "created_at": "2016-12-08T23:26:58.000Z", "profile_image_url": "https://pbs.twimg.com/profile_images/1383196364792680448/N8CdupEu_normal.jpg", "public_metrics": {"followers_count": 190464, "following_count": 220, "tweet_count": 1151, "listed_count": 567}, "url": "https://t.co/Ze18Ek9SOI", "id": "807003567605227520", "name": "Amber Heard", "username": "realamberheard", "description": "Actor and Activist, semi-professional disruptor, ice cream advocate and shameless teacup yorkie-lover"}}, "author": {"created_at": "2012-10-12T05:22:26.000Z", "profile_image_url": "https://pbs.twimg.com/profile_images/1451763808968523777/qJNzYCWU_normal.jpg", "public_metrics": {"followers_count": 338, "following_count": 315, "tweet_count": 26825, "listed_count": 15}, "url": "", "id": "874984340", "name": "Lexi", "username": "animalhugger91", "description": "Here to fangirl about fangirl things. I also retweet a lot of animal stuff and posts to raise social awareness. Beware my page. Pronouns: she/her"}}]