[{"public_metrics": {"retweet_count": 0, "reply_count": 0, "like_count": 0, "quote_count": 0}, "source": "Twitter for Android", "entities": {"mentions": [{"start": 0, "end": 15, "username": "realamberheard", "id": "807003567605227520"}]}, "text": "@realamberheard So nice  am waiting this movie", "author_id": "1043834614643609600", "lang": "en", "created_at": "2018-09-23T19:57:45.000Z", "in_reply_to_user_id": "807003567605227520", "id": "1043952579754020865", "referenced_tweets": [{"type": "replied_to", "id": "1024633941666541568"}], "replied_tweet": {"public_metrics": {"retweet_count": 229, "reply_count": 21, "like_count": 1370, "quote_count": 5}, "source": "Twitter for iPhone", "entities": {"urls": [{"start": 0, "end": 23, "url": "https://t.co/oFiSmztWbC", "expanded_url": "https://twitter.com/aquamanmovie/status/1024323842775236608", "display_url": "twitter.com/aquamanmovie/s\u2026"}]}, "text": "https://t.co/oFiSmztWbC", "author_id": "807003567605227520", "lang": "und", "created_at": "2018-08-01T12:32:23.000Z", "id": "1024633941666541568", "referenced_tweets": [{"type": "quoted", "id": "1024323842775236608"}], "author": {"username": "realamberheard", "location": "Los Angeles, CA", "description": "Actor and Activist, semi-professional disruptor, ice cream advocate and shameless teacup yorkie-lover", "id": "807003567605227520", "url": "https://t.co/Ze18Ek9SOI", "profile_image_url": "https://pbs.twimg.com/profile_images/1383196364792680448/N8CdupEu_normal.jpg", "name": "Amber Heard", "public_metrics": {"followers_count": 190464, "following_count": 220, "tweet_count": 1151, "listed_count": 567}, "created_at": "2016-12-08T23:26:58.000Z"}}, "author": {"username": "Mubashi12545881", "location": "Lahore, Pakistan", "description": "I love pakistan", "id": "1043834614643609600", "url": "", "profile_image_url": "https://pbs.twimg.com/profile_images/1043949592855957505/lvjGNM_3_normal.jpg", "name": "Mubashir jutt", "public_metrics": {"followers_count": 2, "following_count": 1, "tweet_count": 28, "listed_count": 0}, "created_at": "2018-09-23T12:09:00.000Z"}}, {"public_metrics": {"retweet_count": 0, "reply_count": 0, "like_count": 0, "quote_count": 0}, "source": "Twitter for iPhone", "entities": {"mentions": [{"start": 27, "end": 42, "username": "realamberheard", "id": "807003567605227520"}]}, "text": "@msybcg17872 @ToddIsntDead @realamberheard No because she admitted she hitting him you nut, she\u2019s a horrible person and husband beater whom admitted to hitting him and even had witnesses who didn\u2019t believe her, Plus she tainted him through the whole thing", "author_id": "836322118820327425", "lang": "en", "created_at": "2018-08-06T16:16:39.000Z", "in_reply_to_user_id": "885820259663396864", "id": "1026502322384461825", "referenced_tweets": [{"type": "replied_to", "id": "1026356357564313602"}], "replied_tweet": {"public_metrics": {"retweet_count": 229, "reply_count": 21, "like_count": 1370, "quote_count": 5}, "source": "Twitter for iPhone", "entities": {"urls": [{"start": 0, "end": 23, "url": "https://t.co/oFiSmztWbC", "expanded_url": "https://twitter.com/aquamanmovie/status/1024323842775236608", "display_url": "twitter.com/aquamanmovie/s\u2026"}]}, "text": "https://t.co/oFiSmztWbC", "author_id": "807003567605227520", "lang": "und", "created_at": "2018-08-01T12:32:23.000Z", "id": "1024633941666541568", "referenced_tweets": [{"type": "quoted", "id": "1024323842775236608"}], "author": {"username": "realamberheard", "location": "Los Angeles, CA", "description": "Actor and Activist, semi-professional disruptor, ice cream advocate and shameless teacup yorkie-lover", "id": "807003567605227520", "url": "https://t.co/Ze18Ek9SOI", "profile_image_url": "https://pbs.twimg.com/profile_images/1383196364792680448/N8CdupEu_normal.jpg", "name": "Amber Heard", "public_metrics": {"followers_count": 190464, "following_count": 220, "tweet_count": 1151, "listed_count": 567}, "created_at": "2016-12-08T23:26:58.000Z"}}, "author": {"username": "ItLeakingbyMe", "location": "Location: Unknown ", "description": "who adds a bio?", "id": "836322118820327425", "url": "https://t.co/nhnvzpxIzP", "profile_image_url": "https://pbs.twimg.com/profile_images/1025084496130007041/iwTz4vHc_normal.jpg", "name": "Red", "public_metrics": {"followers_count": 49, "following_count": 163, "tweet_count": 5543, "listed_count": 0}, "created_at": "2017-02-27T21:08:26.000Z"}}, {"public_metrics": {"retweet_count": 0, "reply_count": 0, "like_count": 0, "quote_count": 0}, "source": "Twitter for iPhone", "entities": {"urls": [{"start": 85, "end": 108, "url": "https://t.co/RXEOJN5ppB", "expanded_url": "https://twitter.com/ItLeakingbyMe/status/1026149085324238848/photo/1", "display_url": "pic.twitter.com/RXEOJN5ppB"}], "mentions": [{"start": 27, "end": 42, "username": "realamberheard", "id": "807003567605227520"}]}, "text": "@msybcg17872 @ToddIsntDead @realamberheard Right....she doesn\u2019t even believe herself https://t.co/RXEOJN5ppB", "author_id": "836322118820327425", "lang": "en", "created_at": "2018-08-05T16:53:01.000Z", "in_reply_to_user_id": "885820259663396864", "id": "1026149085324238848", "referenced_tweets": [{"type": "replied_to", "id": "1025793793910435840"}], "replied_tweet": {"public_metrics": {"retweet_count": 229, "reply_count": 21, "like_count": 1370, "quote_count": 5}, "source": "Twitter for iPhone", "entities": {"urls": [{"start": 0, "end": 23, "url": "https://t.co/oFiSmztWbC", "expanded_url": "https://twitter.com/aquamanmovie/status/1024323842775236608", "display_url": "twitter.com/aquamanmovie/s\u2026"}]}, "text": "https://t.co/oFiSmztWbC", "author_id": "807003567605227520", "lang": "und", "created_at": "2018-08-01T12:32:23.000Z", "id": "1024633941666541568", "referenced_tweets": [{"type": "quoted", "id": "1024323842775236608"}], "author": {"username": "realamberheard", "location": "Los Angeles, CA", "description": "Actor and Activist, semi-professional disruptor, ice cream advocate and shameless teacup yorkie-lover", "id": "807003567605227520", "url": "https://t.co/Ze18Ek9SOI", "profile_image_url": "https://pbs.twimg.com/profile_images/1383196364792680448/N8CdupEu_normal.jpg", "name": "Amber Heard", "public_metrics": {"followers_count": 190464, "following_count": 220, "tweet_count": 1151, "listed_count": 567}, "created_at": "2016-12-08T23:26:58.000Z"}}, "author": {"username": "ItLeakingbyMe", "location": "Location: Unknown ", "description": "who adds a bio?", "id": "836322118820327425", "url": "https://t.co/nhnvzpxIzP", "profile_image_url": "https://pbs.twimg.com/profile_images/1025084496130007041/iwTz4vHc_normal.jpg", "name": "Red", "public_metrics": {"followers_count": 49, "following_count": 163, "tweet_count": 5543, "listed_count": 0}, "created_at": "2017-02-27T21:08:26.000Z"}}, {"entities": {"annotations": [{"start": 40, "end": 44, "probability": 0.8194, "type": "Person", "normalized_text": "amber"}], "mentions": [{"start": 14, "end": 29, "username": "realamberheard", "id": "807003567605227520"}]}, "public_metrics": {"retweet_count": 0, "reply_count": 0, "like_count": 0, "quote_count": 0}, "source": "Twitter for iPhone", "text": "@ToddIsntDead @realamberheard No I mean amber heard is a horrible human", "author_id": "836322118820327425", "lang": "en", "created_at": "2018-08-05T16:51:40.000Z", "in_reply_to_user_id": "4825497586", "id": "1026148746327994368", "referenced_tweets": [{"type": "replied_to", "id": "1025884488742645760"}], "replied_tweet": {"public_metrics": {"retweet_count": 229, "reply_count": 21, "like_count": 1370, "quote_count": 5}, "source": "Twitter for iPhone", "entities": {"urls": [{"start": 0, "end": 23, "url": "https://t.co/oFiSmztWbC", "expanded_url": "https://twitter.com/aquamanmovie/status/1024323842775236608", "display_url": "twitter.com/aquamanmovie/s\u2026"}]}, "text": "https://t.co/oFiSmztWbC", "author_id": "807003567605227520", "lang": "und", "created_at": "2018-08-01T12:32:23.000Z", "id": "1024633941666541568", "referenced_tweets": [{"type": "quoted", "id": "1024323842775236608"}], "author": {"username": "realamberheard", "location": "Los Angeles, CA", "description": "Actor and Activist, semi-professional disruptor, ice cream advocate and shameless teacup yorkie-lover", "id": "807003567605227520", "url": "https://t.co/Ze18Ek9SOI", "profile_image_url": "https://pbs.twimg.com/profile_images/1383196364792680448/N8CdupEu_normal.jpg", "name": "Amber Heard", "public_metrics": {"followers_count": 190464, "following_count": 220, "tweet_count": 1151, "listed_count": 567}, "created_at": "2016-12-08T23:26:58.000Z"}}, "author": {"username": "ItLeakingbyMe", "location": "Location: Unknown ", "description": "who adds a bio?", "id": "836322118820327425", "url": "https://t.co/nhnvzpxIzP", "profile_image_url": "https://pbs.twimg.com/profile_images/1025084496130007041/iwTz4vHc_normal.jpg", "name": "Red", "public_metrics": {"followers_count": 49, "following_count": 163, "tweet_count": 5543, "listed_count": 0}, "created_at": "2017-02-27T21:08:26.000Z"}}, {"entities": {"annotations": [{"start": 88, "end": 91, "probability": 0.7351, "type": "Person", "normalized_text": "Depp"}], "mentions": [{"start": 0, "end": 13, "username": "StarDetector", "id": "972748267803955200"}, {"start": 14, "end": 29, "username": "realamberheard", "id": "807003567605227520"}]}, "public_metrics": {"retweet_count": 0, "reply_count": 0, "like_count": 0, "quote_count": 0}, "source": "Twitter Web App", "text": "@StarDetector @realamberheard For a few more million dollars (since u took nothing from Depp) and for us fans....don't eat much for just 5 more years.  3 Aquaman movies.  I'm not eating much either....being in shape is good.", "author_id": "316775459", "lang": "en", "created_at": "2018-08-05T15:56:32.000Z", "in_reply_to_user_id": "972748267803955200", "id": "1026134868646940672", "referenced_tweets": [{"type": "replied_to", "id": "1025360379990355969"}], "replied_tweet": {"public_metrics": {"retweet_count": 229, "reply_count": 21, "like_count": 1370, "quote_count": 5}, "source": "Twitter for iPhone", "entities": {"urls": [{"start": 0, "end": 23, "url": "https://t.co/oFiSmztWbC", "expanded_url": "https://twitter.com/aquamanmovie/status/1024323842775236608", "display_url": "twitter.com/aquamanmovie/s\u2026"}]}, "text": "https://t.co/oFiSmztWbC", "author_id": "807003567605227520", "lang": "und", "created_at": "2018-08-01T12:32:23.000Z", "id": "1024633941666541568", "referenced_tweets": [{"type": "quoted", "id": "1024323842775236608"}], "author": {"username": "realamberheard", "location": "Los Angeles, CA", "description": "Actor and Activist, semi-professional disruptor, ice cream advocate and shameless teacup yorkie-lover", "id": "807003567605227520", "url": "https://t.co/Ze18Ek9SOI", "profile_image_url": "https://pbs.twimg.com/profile_images/1383196364792680448/N8CdupEu_normal.jpg", "name": "Amber Heard", "public_metrics": {"followers_count": 190464, "following_count": 220, "tweet_count": 1151, "listed_count": 567}, "created_at": "2016-12-08T23:26:58.000Z"}}, "author": {"username": "jasonmichael4", "location": "Champlin, MN", "description": "You know me...I do WHAT I want, WHEN I want.", "id": "316775459", "url": "", "profile_image_url": "https://pbs.twimg.com/profile_images/1100851027475976194/KsQk52Nm_normal.jpg", "name": "Jason Michael", "public_metrics": {"followers_count": 25, "following_count": 80, "tweet_count": 2292, "listed_count": 0}, "created_at": "2011-06-13T23:22:34.000Z"}}, {"entities": {"annotations": [{"start": 78, "end": 93, "probability": 0.5374, "type": "Other", "normalized_text": "Aquaman tsunamis"}], "mentions": [{"start": 0, "end": 15, "username": "realamberheard", "id": "807003567605227520"}]}, "public_metrics": {"retweet_count": 0, "reply_count": 0, "like_count": 0, "quote_count": 0}, "source": "Twitter Web App", "text": "@realamberheard \"Bringing adventure to life\" is very lame lol.  It should be \"Aquaman tsunamis into theaters on Dec 21\".", "author_id": "316775459", "lang": "en", "created_at": "2018-08-05T15:51:20.000Z", "in_reply_to_user_id": "807003567605227520", "id": "1026133561789894656", "referenced_tweets": [{"type": "replied_to", "id": "1024633941666541568"}], "replied_tweet": {"public_metrics": {"retweet_count": 229, "reply_count": 21, "like_count": 1370, "quote_count": 5}, "source": "Twitter for iPhone", "entities": {"urls": [{"start": 0, "end": 23, "url": "https://t.co/oFiSmztWbC", "expanded_url": "https://twitter.com/aquamanmovie/status/1024323842775236608", "display_url": "twitter.com/aquamanmovie/s\u2026"}]}, "text": "https://t.co/oFiSmztWbC", "author_id": "807003567605227520", "lang": "und", "created_at": "2018-08-01T12:32:23.000Z", "id": "1024633941666541568", "referenced_tweets": [{"type": "quoted", "id": "1024323842775236608"}], "author": {"username": "realamberheard", "location": "Los Angeles, CA", "description": "Actor and Activist, semi-professional disruptor, ice cream advocate and shameless teacup yorkie-lover", "id": "807003567605227520", "url": "https://t.co/Ze18Ek9SOI", "profile_image_url": "https://pbs.twimg.com/profile_images/1383196364792680448/N8CdupEu_normal.jpg", "name": "Amber Heard", "public_metrics": {"followers_count": 190464, "following_count": 220, "tweet_count": 1151, "listed_count": 567}, "created_at": "2016-12-08T23:26:58.000Z"}}, "author": {"username": "jasonmichael4", "location": "Champlin, MN", "description": "You know me...I do WHAT I want, WHEN I want.", "id": "316775459", "url": "", "profile_image_url": "https://pbs.twimg.com/profile_images/1100851027475976194/KsQk52Nm_normal.jpg", "name": "Jason Michael", "public_metrics": {"followers_count": 25, "following_count": 80, "tweet_count": 2292, "listed_count": 0}, "created_at": "2011-06-13T23:22:34.000Z"}}, {"public_metrics": {"retweet_count": 0, "reply_count": 0, "like_count": 0, "quote_count": 0}, "source": "Twitter Web Client", "entities": {"mentions": [{"start": 14, "end": 28, "username": "ItLeakingbyMe", "id": "836322118820327425"}, {"start": 29, "end": 44, "username": "realamberheard", "id": "807003567605227520"}]}, "text": "@ToddIsntDead @ItLeakingbyMe @realamberheard Oh, I almost forgot. She's an intimate partner abuser! She's as ugly as ugly can get, inside and out.", "author_id": "745798442199351296", "lang": "en", "created_at": "2018-08-05T07:53:11.000Z", "in_reply_to_user_id": "4825497586", "id": "1026013233235353600", "referenced_tweets": [{"type": "replied_to", "id": "1025884488742645760"}], "replied_tweet": {"public_metrics": {"retweet_count": 229, "reply_count": 21, "like_count": 1370, "quote_count": 5}, "source": "Twitter for iPhone", "entities": {"urls": [{"start": 0, "end": 23, "url": "https://t.co/oFiSmztWbC", "expanded_url": "https://twitter.com/aquamanmovie/status/1024323842775236608", "display_url": "twitter.com/aquamanmovie/s\u2026"}]}, "text": "https://t.co/oFiSmztWbC", "author_id": "807003567605227520", "lang": "und", "created_at": "2018-08-01T12:32:23.000Z", "id": "1024633941666541568", "referenced_tweets": [{"type": "quoted", "id": "1024323842775236608"}], "author": {"username": "realamberheard", "location": "Los Angeles, CA", "description": "Actor and Activist, semi-professional disruptor, ice cream advocate and shameless teacup yorkie-lover", "id": "807003567605227520", "url": "https://t.co/Ze18Ek9SOI", "profile_image_url": "https://pbs.twimg.com/profile_images/1383196364792680448/N8CdupEu_normal.jpg", "name": "Amber Heard", "public_metrics": {"followers_count": 190464, "following_count": 220, "tweet_count": 1151, "listed_count": 567}, "created_at": "2016-12-08T23:26:58.000Z"}}, "author": {"username": "mightbearia", "description": "The way to keep a lover is by loving them. - Leo Buscaglia", "id": "745798442199351296", "url": "", "profile_image_url": "https://pbs.twimg.com/profile_images/886770035972165632/eTI9PxsA_normal.jpg", "name": "aria two", "public_metrics": {"followers_count": 4, "following_count": 21, "tweet_count": 20014, "listed_count": 2}, "created_at": "2016-06-23T01:59:39.000Z"}}, {"public_metrics": {"retweet_count": 0, "reply_count": 0, "like_count": 1, "quote_count": 0}, "source": "Twitter Web Client", "entities": {"mentions": [{"start": 14, "end": 28, "username": "ItLeakingbyMe", "id": "836322118820327425"}, {"start": 29, "end": 44, "username": "realamberheard", "id": "807003567605227520"}]}, "text": "@ToddIsntDead @ItLeakingbyMe @realamberheard She's a two-bit charlatan pretending anything to be noticed. She's also the absolute worst actress in the world. Could someone please tell her to put her clothes on and keep them on?She \"almost\" had awardrobemalfunction. Two days later she made sure. Both boobs saggy to the floor", "author_id": "745798442199351296", "lang": "en", "created_at": "2018-08-05T07:52:14.000Z", "in_reply_to_user_id": "4825497586", "id": "1026012991576322048", "referenced_tweets": [{"type": "replied_to", "id": "1025884488742645760"}], "replied_tweet": {"public_metrics": {"retweet_count": 229, "reply_count": 21, "like_count": 1370, "quote_count": 5}, "source": "Twitter for iPhone", "entities": {"urls": [{"start": 0, "end": 23, "url": "https://t.co/oFiSmztWbC", "expanded_url": "https://twitter.com/aquamanmovie/status/1024323842775236608", "display_url": "twitter.com/aquamanmovie/s\u2026"}]}, "text": "https://t.co/oFiSmztWbC", "author_id": "807003567605227520", "lang": "und", "created_at": "2018-08-01T12:32:23.000Z", "id": "1024633941666541568", "referenced_tweets": [{"type": "quoted", "id": "1024323842775236608"}], "author": {"username": "realamberheard", "location": "Los Angeles, CA", "description": "Actor and Activist, semi-professional disruptor, ice cream advocate and shameless teacup yorkie-lover", "id": "807003567605227520", "url": "https://t.co/Ze18Ek9SOI", "profile_image_url": "https://pbs.twimg.com/profile_images/1383196364792680448/N8CdupEu_normal.jpg", "name": "Amber Heard", "public_metrics": {"followers_count": 190464, "following_count": 220, "tweet_count": 1151, "listed_count": 567}, "created_at": "2016-12-08T23:26:58.000Z"}}, "author": {"username": "mightbearia", "description": "The way to keep a lover is by loving them. - Leo Buscaglia", "id": "745798442199351296", "url": "", "profile_image_url": "https://pbs.twimg.com/profile_images/886770035972165632/eTI9PxsA_normal.jpg", "name": "aria two", "public_metrics": {"followers_count": 4, "following_count": 21, "tweet_count": 20014, "listed_count": 2}, "created_at": "2016-06-23T01:59:39.000Z"}}, {"entities": {"annotations": [{"start": 68, "end": 72, "probability": 0.9177, "type": "Person", "normalized_text": "Amber"}, {"start": 103, "end": 105, "probability": 0.9245, "type": "Other", "normalized_text": "God"}], "mentions": [{"start": 0, "end": 15, "username": "realamberheard", "id": "807003567605227520"}]}, "public_metrics": {"retweet_count": 0, "reply_count": 0, "like_count": 0, "quote_count": 0}, "source": "Twitter Web Client", "text": "@realamberheard I'm sure it'll be good and that you're great in it, Amber. Happy Friday to you! \ud83d\udcaa May God bless you.", "author_id": "944709059009236995", "lang": "en", "created_at": "2018-08-04T02:17:56.000Z", "in_reply_to_user_id": "807003567605227520", "id": "1025566475464187904", "referenced_tweets": [{"type": "replied_to", "id": "1024633941666541568"}], "replied_tweet": {"public_metrics": {"retweet_count": 229, "reply_count": 21, "like_count": 1370, "quote_count": 5}, "source": "Twitter for iPhone", "entities": {"urls": [{"start": 0, "end": 23, "url": "https://t.co/oFiSmztWbC", "expanded_url": "https://twitter.com/aquamanmovie/status/1024323842775236608", "display_url": "twitter.com/aquamanmovie/s\u2026"}]}, "text": "https://t.co/oFiSmztWbC", "author_id": "807003567605227520", "lang": "und", "created_at": "2018-08-01T12:32:23.000Z", "id": "1024633941666541568", "referenced_tweets": [{"type": "quoted", "id": "1024323842775236608"}], "author": {"username": "realamberheard", "location": "Los Angeles, CA", "description": "Actor and Activist, semi-professional disruptor, ice cream advocate and shameless teacup yorkie-lover", "id": "807003567605227520", "url": "https://t.co/Ze18Ek9SOI", "profile_image_url": "https://pbs.twimg.com/profile_images/1383196364792680448/N8CdupEu_normal.jpg", "name": "Amber Heard", "public_metrics": {"followers_count": 190464, "following_count": 220, "tweet_count": 1151, "listed_count": 567}, "created_at": "2016-12-08T23:26:58.000Z"}}, "author": {"username": "Patrick_USofA", "location": "America", "description": "Kentucky native, voracious reader, mathematician. Believer, music lover.", "id": "944709059009236995", "url": "", "profile_image_url": "https://pbs.twimg.com/profile_images/944714163955277824/fojDhz5H_normal.jpg", "name": "Patrick", "public_metrics": {"followers_count": 189, "following_count": 1276, "tweet_count": 20039, "listed_count": 0}, "created_at": "2017-12-23T23:19:26.000Z"}}, {"entities": {"annotations": [{"start": 23, "end": 27, "probability": 0.5736, "type": "Person", "normalized_text": "Amber"}], "urls": [{"start": 81, "end": 104, "url": "https://t.co/CKZdPeaHBr", "expanded_url": "https://twitter.com/StarDetector/status/1025360379990355969/photo/1", "display_url": "pic.twitter.com/CKZdPeaHBr"}, {"start": 81, "end": 104, "url": "https://t.co/CKZdPeaHBr", "expanded_url": "https://twitter.com/StarDetector/status/1025360379990355969/photo/1", "display_url": "pic.twitter.com/CKZdPeaHBr"}], "mentions": [{"start": 0, "end": 15, "username": "realamberheard", "id": "807003567605227520"}], "hashtags": [{"start": 60, "end": 71, "tag": "AmberHeard"}, {"start": 72, "end": 80, "tag": "Aquaman"}]}, "public_metrics": {"retweet_count": 0, "reply_count": 1, "like_count": 4, "quote_count": 0}, "source": "Twitter Web App", "text": "@realamberheard One Of Amber Heard Most Beautiful Pictures. #AmberHeard #Aquaman https://t.co/CKZdPeaHBr", "author_id": "972748267803955200", "lang": "en", "created_at": "2018-08-03T12:38:59.000Z", "in_reply_to_user_id": "807003567605227520", "id": "1025360379990355969", "referenced_tweets": [{"type": "replied_to", "id": "1024633941666541568"}], "replied_tweet": {"public_metrics": {"retweet_count": 229, "reply_count": 21, "like_count": 1370, "quote_count": 5}, "source": "Twitter for iPhone", "entities": {"urls": [{"start": 0, "end": 23, "url": "https://t.co/oFiSmztWbC", "expanded_url": "https://twitter.com/aquamanmovie/status/1024323842775236608", "display_url": "twitter.com/aquamanmovie/s\u2026"}]}, "text": "https://t.co/oFiSmztWbC", "author_id": "807003567605227520", "lang": "und", "created_at": "2018-08-01T12:32:23.000Z", "id": "1024633941666541568", "referenced_tweets": [{"type": "quoted", "id": "1024323842775236608"}], "author": {"username": "realamberheard", "location": "Los Angeles, CA", "description": "Actor and Activist, semi-professional disruptor, ice cream advocate and shameless teacup yorkie-lover", "id": "807003567605227520", "url": "https://t.co/Ze18Ek9SOI", "profile_image_url": "https://pbs.twimg.com/profile_images/1383196364792680448/N8CdupEu_normal.jpg", "name": "Amber Heard", "public_metrics": {"followers_count": 190464, "following_count": 220, "tweet_count": 1151, "listed_count": 567}, "created_at": "2016-12-08T23:26:58.000Z"}}, "author": {"username": "StarDetector", "description": "", "id": "972748267803955200", "url": "https://t.co/yKypuKG6wm", "profile_image_url": "https://pbs.twimg.com/profile_images/972877269151592448/FUhKJ2y3_normal.jpg", "name": "Star Detector", "public_metrics": {"followers_count": 229, "following_count": 62, "tweet_count": 1188, "listed_count": 2}, "created_at": "2018-03-11T08:17:14.000Z"}}, {"public_metrics": {"retweet_count": 0, "reply_count": 0, "like_count": 0, "quote_count": 0}, "source": "Twitter Web Client", "entities": {"mentions": [{"start": 0, "end": 15, "username": "realamberheard", "id": "807003567605227520"}], "hashtags": [{"start": 16, "end": 28, "tag": "IBelieveHim"}]}, "text": "@realamberheard #IBelieveHim", "author_id": "1578797610", "lang": "und", "created_at": "2018-08-03T05:31:01.000Z", "in_reply_to_user_id": "807003567605227520", "id": "1025252677935136768", "referenced_tweets": [{"type": "replied_to", "id": "1024633941666541568"}], "replied_tweet": {"public_metrics": {"retweet_count": 229, "reply_count": 21, "like_count": 1370, "quote_count": 5}, "source": "Twitter for iPhone", "entities": {"urls": [{"start": 0, "end": 23, "url": "https://t.co/oFiSmztWbC", "expanded_url": "https://twitter.com/aquamanmovie/status/1024323842775236608", "display_url": "twitter.com/aquamanmovie/s\u2026"}]}, "text": "https://t.co/oFiSmztWbC", "author_id": "807003567605227520", "lang": "und", "created_at": "2018-08-01T12:32:23.000Z", "id": "1024633941666541568", "referenced_tweets": [{"type": "quoted", "id": "1024323842775236608"}], "author": {"username": "realamberheard", "location": "Los Angeles, CA", "description": "Actor and Activist, semi-professional disruptor, ice cream advocate and shameless teacup yorkie-lover", "id": "807003567605227520", "url": "https://t.co/Ze18Ek9SOI", "profile_image_url": "https://pbs.twimg.com/profile_images/1383196364792680448/N8CdupEu_normal.jpg", "name": "Amber Heard", "public_metrics": {"followers_count": 190464, "following_count": 220, "tweet_count": 1151, "listed_count": 567}, "created_at": "2016-12-08T23:26:58.000Z"}}, "author": {"username": "jusciammarook", "description": "", "id": "1578797610", "url": "", "profile_image_url": "https://pbs.twimg.com/profile_images/1459421313571991552/1SAlyaUt_normal.jpg", "name": "Julieta Sciammaro", "public_metrics": {"followers_count": 1166, "following_count": 2985, "tweet_count": 22746, "listed_count": 0}, "created_at": "2013-07-08T22:52:16.000Z"}}, {"entities": {"annotations": [{"start": 23, "end": 27, "probability": 0.9811, "type": "Person", "normalized_text": "Amber"}], "mentions": [{"start": 0, "end": 15, "username": "realamberheard", "id": "807003567605227520"}]}, "public_metrics": {"retweet_count": 0, "reply_count": 0, "like_count": 0, "quote_count": 0}, "source": "Twitter for Android", "text": "@realamberheard Thanks Amber!  All time fav!", "author_id": "37091740", "lang": "en", "created_at": "2018-08-03T04:09:54.000Z", "in_reply_to_user_id": "807003567605227520", "id": "1025232263682842624", "referenced_tweets": [{"type": "replied_to", "id": "1024633941666541568"}], "replied_tweet": {"public_metrics": {"retweet_count": 229, "reply_count": 21, "like_count": 1370, "quote_count": 5}, "source": "Twitter for iPhone", "entities": {"urls": [{"start": 0, "end": 23, "url": "https://t.co/oFiSmztWbC", "expanded_url": "https://twitter.com/aquamanmovie/status/1024323842775236608", "display_url": "twitter.com/aquamanmovie/s\u2026"}]}, "text": "https://t.co/oFiSmztWbC", "author_id": "807003567605227520", "lang": "und", "created_at": "2018-08-01T12:32:23.000Z", "id": "1024633941666541568", "referenced_tweets": [{"type": "quoted", "id": "1024323842775236608"}], "author": {"username": "realamberheard", "location": "Los Angeles, CA", "description": "Actor and Activist, semi-professional disruptor, ice cream advocate and shameless teacup yorkie-lover", "id": "807003567605227520", "url": "https://t.co/Ze18Ek9SOI", "profile_image_url": "https://pbs.twimg.com/profile_images/1383196364792680448/N8CdupEu_normal.jpg", "name": "Amber Heard", "public_metrics": {"followers_count": 190464, "following_count": 220, "tweet_count": 1151, "listed_count": 567}, "created_at": "2016-12-08T23:26:58.000Z"}}, "author": {"username": "thomaskepner", "description": "The One after the Super Bowl and Show me the Money!!", "id": "37091740", "url": "", "profile_image_url": "https://pbs.twimg.com/profile_images/840342079637086208/yoOafXTJ_normal.jpg", "name": "Thomas James Kepner", "public_metrics": {"followers_count": 287, "following_count": 2020, "tweet_count": 9133, "listed_count": 1}, "created_at": "2009-05-02T00:39:56.000Z"}}, {"public_metrics": {"retweet_count": 0, "reply_count": 0, "like_count": 2, "quote_count": 0}, "source": "Twitter Web Client", "entities": {"mentions": [{"start": 0, "end": 15, "username": "realamberheard", "id": "807003567605227520"}], "hashtags": [{"start": 16, "end": 28, "tag": "IBelieveHim"}, {"start": 29, "end": 40, "tag": "JohnnyDepp"}, {"start": 41, "end": 52, "tag": "StayStrong"}]}, "text": "@realamberheard #IBelieveHim #JohnnyDepp #StayStrong\ud83d\udc97\u2764\ufe0f", "author_id": "1712863160", "lang": "und", "created_at": "2018-08-02T23:38:42.000Z", "in_reply_to_user_id": "807003567605227520", "id": "1025164016623251456", "referenced_tweets": [{"type": "replied_to", "id": "1024633941666541568"}], "replied_tweet": {"public_metrics": {"retweet_count": 229, "reply_count": 21, "like_count": 1370, "quote_count": 5}, "source": "Twitter for iPhone", "entities": {"urls": [{"start": 0, "end": 23, "url": "https://t.co/oFiSmztWbC", "expanded_url": "https://twitter.com/aquamanmovie/status/1024323842775236608", "display_url": "twitter.com/aquamanmovie/s\u2026"}]}, "text": "https://t.co/oFiSmztWbC", "author_id": "807003567605227520", "lang": "und", "created_at": "2018-08-01T12:32:23.000Z", "id": "1024633941666541568", "referenced_tweets": [{"type": "quoted", "id": "1024323842775236608"}], "author": {"username": "realamberheard", "location": "Los Angeles, CA", "description": "Actor and Activist, semi-professional disruptor, ice cream advocate and shameless teacup yorkie-lover", "id": "807003567605227520", "url": "https://t.co/Ze18Ek9SOI", "profile_image_url": "https://pbs.twimg.com/profile_images/1383196364792680448/N8CdupEu_normal.jpg", "name": "Amber Heard", "public_metrics": {"followers_count": 190464, "following_count": 220, "tweet_count": 1151, "listed_count": 567}, "created_at": "2016-12-08T23:26:58.000Z"}}, "author": {"username": "FroggyHiggins", "location": "New York, NY", "description": "fan of journalism and the free press #Democracy#BlackLivesMatter #PracticeCompassion#FeedTheHungry#ShelterTheHomeless#ProsecuteTrump#STOPRussianWarOnEukraine", "id": "1712863160", "url": "", "profile_image_url": "https://pbs.twimg.com/profile_images/605091070385528832/yufE7exG_normal.jpg", "name": "froggy \ud83d\udde3\ud83c\udf3b\ud83c\uddfa\ud83c\udde6\ud83c\uddfa\ud83c\uddf8", "public_metrics": {"followers_count": 683, "following_count": 1983, "tweet_count": 28962, "listed_count": 1}, "created_at": "2013-08-30T14:12:11.000Z"}}, {"public_metrics": {"retweet_count": 0, "reply_count": 1, "like_count": 0, "quote_count": 0}, "source": "Twitter for iPhone", "entities": {"mentions": [{"start": 14, "end": 29, "username": "realamberheard", "id": "807003567605227520"}]}, "text": "@ToddIsntDead @realamberheard Not anymore..", "author_id": "836322118820327425", "lang": "en", "created_at": "2018-08-02T23:34:22.000Z", "in_reply_to_user_id": "4825497586", "id": "1025162924548075521", "referenced_tweets": [{"type": "replied_to", "id": "1024635269662822401"}], "replied_tweet": {"public_metrics": {"retweet_count": 229, "reply_count": 21, "like_count": 1370, "quote_count": 5}, "source": "Twitter for iPhone", "entities": {"urls": [{"start": 0, "end": 23, "url": "https://t.co/oFiSmztWbC", "expanded_url": "https://twitter.com/aquamanmovie/status/1024323842775236608", "display_url": "twitter.com/aquamanmovie/s\u2026"}]}, "text": "https://t.co/oFiSmztWbC", "author_id": "807003567605227520", "lang": "und", "created_at": "2018-08-01T12:32:23.000Z", "id": "1024633941666541568", "referenced_tweets": [{"type": "quoted", "id": "1024323842775236608"}], "author": {"username": "realamberheard", "location": "Los Angeles, CA", "description": "Actor and Activist, semi-professional disruptor, ice cream advocate and shameless teacup yorkie-lover", "id": "807003567605227520", "url": "https://t.co/Ze18Ek9SOI", "profile_image_url": "https://pbs.twimg.com/profile_images/1383196364792680448/N8CdupEu_normal.jpg", "name": "Amber Heard", "public_metrics": {"followers_count": 190464, "following_count": 220, "tweet_count": 1151, "listed_count": 567}, "created_at": "2016-12-08T23:26:58.000Z"}}, "author": {"username": "ItLeakingbyMe", "location": "Location: Unknown ", "description": "who adds a bio?", "id": "836322118820327425", "url": "https://t.co/nhnvzpxIzP", "profile_image_url": "https://pbs.twimg.com/profile_images/1025084496130007041/iwTz4vHc_normal.jpg", "name": "Red", "public_metrics": {"followers_count": 49, "following_count": 163, "tweet_count": 5543, "listed_count": 0}, "created_at": "2017-02-27T21:08:26.000Z"}}, {"public_metrics": {"retweet_count": 0, "reply_count": 0, "like_count": 0, "quote_count": 0}, "source": "Twitter for iPhone", "entities": {"urls": [{"start": 16, "end": 39, "url": "https://t.co/CG5uVyvHu7", "expanded_url": "http://comicbook.com/dc/2018/08/01/amber-heard-mera-s-power-set-aquaman-/", "display_url": "comicbook.com/dc/2018/08/01/\u2026"}], "mentions": [{"start": 0, "end": 15, "username": "realamberheard", "id": "807003567605227520"}], "hashtags": [{"start": 61, "end": 66, "tag": "mera"}]}, "text": "@realamberheard https://t.co/CG5uVyvHu7       Thats my queen #mera talking y\u2019all \ud83e\udd18\ud83c\udffc\ud83e\udd18\ud83c\udffc\ud83e\udd18\ud83c\udffc\ud83e\udd18\ud83c\udffc\ud83e\udd18\ud83c\udffc\ud83e\udd18\ud83c\udffc", "author_id": "934546354033983489", "lang": "en", "created_at": "2018-08-02T08:47:10.000Z", "in_reply_to_user_id": "807003567605227520", "id": "1024939651805536258", "referenced_tweets": [{"type": "replied_to", "id": "1024633941666541568"}], "replied_tweet": {"public_metrics": {"retweet_count": 229, "reply_count": 21, "like_count": 1370, "quote_count": 5}, "source": "Twitter for iPhone", "entities": {"urls": [{"start": 0, "end": 23, "url": "https://t.co/oFiSmztWbC", "expanded_url": "https://twitter.com/aquamanmovie/status/1024323842775236608", "display_url": "twitter.com/aquamanmovie/s\u2026"}]}, "text": "https://t.co/oFiSmztWbC", "author_id": "807003567605227520", "lang": "und", "created_at": "2018-08-01T12:32:23.000Z", "id": "1024633941666541568", "referenced_tweets": [{"type": "quoted", "id": "1024323842775236608"}], "author": {"username": "realamberheard", "location": "Los Angeles, CA", "description": "Actor and Activist, semi-professional disruptor, ice cream advocate and shameless teacup yorkie-lover", "id": "807003567605227520", "url": "https://t.co/Ze18Ek9SOI", "profile_image_url": "https://pbs.twimg.com/profile_images/1383196364792680448/N8CdupEu_normal.jpg", "name": "Amber Heard", "public_metrics": {"followers_count": 190464, "following_count": 220, "tweet_count": 1151, "listed_count": 567}, "created_at": "2016-12-08T23:26:58.000Z"}}, "author": {"username": "ClarkMustaine", "description": "Nerd, metalhead, manager", "id": "934546354033983489", "url": "", "profile_image_url": "https://pbs.twimg.com/profile_images/937711779878019073/RJiao3Bd_normal.jpg", "name": "Clark Mustaine", "public_metrics": {"followers_count": 39, "following_count": 165, "tweet_count": 4170, "listed_count": 0}, "created_at": "2017-11-25T22:16:28.000Z"}}, {"public_metrics": {"retweet_count": 0, "reply_count": 0, "like_count": 0, "quote_count": 0}, "source": "Twitter for iPhone", "entities": {"mentions": [{"start": 13, "end": 28, "username": "realamberheard", "id": "807003567605227520"}]}, "text": "@yousif_jess @realamberheard If you want too !", "author_id": "990480823278161920", "lang": "en", "created_at": "2018-08-01T20:59:36.000Z", "in_reply_to_user_id": "808988088", "id": "1024761586924236800", "referenced_tweets": [{"type": "replied_to", "id": "1024639337592320000"}], "replied_tweet": {"public_metrics": {"retweet_count": 229, "reply_count": 21, "like_count": 1370, "quote_count": 5}, "source": "Twitter for iPhone", "entities": {"urls": [{"start": 0, "end": 23, "url": "https://t.co/oFiSmztWbC", "expanded_url": "https://twitter.com/aquamanmovie/status/1024323842775236608", "display_url": "twitter.com/aquamanmovie/s\u2026"}]}, "text": "https://t.co/oFiSmztWbC", "author_id": "807003567605227520", "lang": "und", "created_at": "2018-08-01T12:32:23.000Z", "id": "1024633941666541568", "referenced_tweets": [{"type": "quoted", "id": "1024323842775236608"}], "author": {"username": "realamberheard", "location": "Los Angeles, CA", "description": "Actor and Activist, semi-professional disruptor, ice cream advocate and shameless teacup yorkie-lover", "id": "807003567605227520", "url": "https://t.co/Ze18Ek9SOI", "profile_image_url": "https://pbs.twimg.com/profile_images/1383196364792680448/N8CdupEu_normal.jpg", "name": "Amber Heard", "public_metrics": {"followers_count": 190464, "following_count": 220, "tweet_count": 1151, "listed_count": 567}, "created_at": "2016-12-08T23:26:58.000Z"}}, "author": {"username": "CPoli13", "location": "Sydney, New South Wales", "description": "", "id": "990480823278161920", "url": "", "profile_image_url": "https://pbs.twimg.com/profile_images/990481810525073408/-yifVqZf_normal.jpg", "name": "C_Poli", "public_metrics": {"followers_count": 2, "following_count": 270, "tweet_count": 678, "listed_count": 0}, "created_at": "2018-04-29T06:40:05.000Z"}}, {"public_metrics": {"retweet_count": 0, "reply_count": 0, "like_count": 0, "quote_count": 0}, "source": "Twitter for Android", "entities": {"mentions": [{"start": 0, "end": 15, "username": "realamberheard", "id": "807003567605227520"}]}, "text": "@realamberheard LEGEND", "author_id": "3146650072", "lang": "en", "created_at": "2018-08-01T20:04:39.000Z", "in_reply_to_user_id": "807003567605227520", "id": "1024747759780462593", "referenced_tweets": [{"type": "replied_to", "id": "1024633941666541568"}], "replied_tweet": {"public_metrics": {"retweet_count": 229, "reply_count": 21, "like_count": 1370, "quote_count": 5}, "source": "Twitter for iPhone", "entities": {"urls": [{"start": 0, "end": 23, "url": "https://t.co/oFiSmztWbC", "expanded_url": "https://twitter.com/aquamanmovie/status/1024323842775236608", "display_url": "twitter.com/aquamanmovie/s\u2026"}]}, "text": "https://t.co/oFiSmztWbC", "author_id": "807003567605227520", "lang": "und", "created_at": "2018-08-01T12:32:23.000Z", "id": "1024633941666541568", "referenced_tweets": [{"type": "quoted", "id": "1024323842775236608"}], "author": {"username": "realamberheard", "location": "Los Angeles, CA", "description": "Actor and Activist, semi-professional disruptor, ice cream advocate and shameless teacup yorkie-lover", "id": "807003567605227520", "url": "https://t.co/Ze18Ek9SOI", "profile_image_url": "https://pbs.twimg.com/profile_images/1383196364792680448/N8CdupEu_normal.jpg", "name": "Amber Heard", "public_metrics": {"followers_count": 190464, "following_count": 220, "tweet_count": 1151, "listed_count": 567}, "created_at": "2016-12-08T23:26:58.000Z"}}, "author": {"username": "emilyvaucamp", "location": "25\u250ashe/her\u250acomics", "description": "\u201clove you kay!!\u201d - emily vancamp // sharon carter and barbara gordon enjoyer @bestofsharons", "id": "3146650072", "url": "https://t.co/bB4XCwWEnS", "profile_image_url": "https://pbs.twimg.com/profile_images/1503441316050395136/G7rwHlhC_normal.jpg", "name": "kay, ceo of evc", "public_metrics": {"followers_count": 7773, "following_count": 957, "tweet_count": 131604, "listed_count": 63}, "created_at": "2015-04-08T05:08:46.000Z"}}, {"public_metrics": {"retweet_count": 0, "reply_count": 0, "like_count": 0, "quote_count": 0}, "source": "Twitter for Android", "entities": {"mentions": [{"start": 0, "end": 15, "username": "realamberheard", "id": "807003567605227520"}]}, "text": "@realamberheard Magnifique", "author_id": "827604575465197573", "lang": "fr", "created_at": "2018-08-01T17:48:07.000Z", "in_reply_to_user_id": "807003567605227520", "id": "1024713400004345862", "referenced_tweets": [{"type": "replied_to", "id": "1024633941666541568"}], "replied_tweet": {"public_metrics": {"retweet_count": 229, "reply_count": 21, "like_count": 1370, "quote_count": 5}, "source": "Twitter for iPhone", "entities": {"urls": [{"start": 0, "end": 23, "url": "https://t.co/oFiSmztWbC", "expanded_url": "https://twitter.com/aquamanmovie/status/1024323842775236608", "display_url": "twitter.com/aquamanmovie/s\u2026"}]}, "text": "https://t.co/oFiSmztWbC", "author_id": "807003567605227520", "lang": "und", "created_at": "2018-08-01T12:32:23.000Z", "id": "1024633941666541568", "referenced_tweets": [{"type": "quoted", "id": "1024323842775236608"}], "author": {"username": "realamberheard", "location": "Los Angeles, CA", "description": "Actor and Activist, semi-professional disruptor, ice cream advocate and shameless teacup yorkie-lover", "id": "807003567605227520", "url": "https://t.co/Ze18Ek9SOI", "profile_image_url": "https://pbs.twimg.com/profile_images/1383196364792680448/N8CdupEu_normal.jpg", "name": "Amber Heard", "public_metrics": {"followers_count": 190464, "following_count": 220, "tweet_count": 1151, "listed_count": 567}, "created_at": "2016-12-08T23:26:58.000Z"}}, "author": {"username": "TayabNacer", "description": "", "id": "827604575465197573", "url": "", "profile_image_url": "https://abs.twimg.com/sticky/default_profile_images/default_profile_normal.png", "name": "tayab nacer eddine", "public_metrics": {"followers_count": 30, "following_count": 85, "tweet_count": 9606, "listed_count": 0}, "created_at": "2017-02-03T19:48:01.000Z"}}, {"public_metrics": {"retweet_count": 0, "reply_count": 0, "like_count": 0, "quote_count": 0}, "source": "Twitter for iPhone", "entities": {"mentions": [{"start": 0, "end": 15, "username": "realamberheard", "id": "807003567605227520"}]}, "text": "@realamberheard Oh god! Cool this!!!", "author_id": "2215419986", "lang": "en", "created_at": "2018-08-01T17:19:34.000Z", "in_reply_to_user_id": "807003567605227520", "id": "1024706214805028864", "referenced_tweets": [{"type": "replied_to", "id": "1024633941666541568"}], "replied_tweet": {"public_metrics": {"retweet_count": 229, "reply_count": 21, "like_count": 1370, "quote_count": 5}, "source": "Twitter for iPhone", "entities": {"urls": [{"start": 0, "end": 23, "url": "https://t.co/oFiSmztWbC", "expanded_url": "https://twitter.com/aquamanmovie/status/1024323842775236608", "display_url": "twitter.com/aquamanmovie/s\u2026"}]}, "text": "https://t.co/oFiSmztWbC", "author_id": "807003567605227520", "lang": "und", "created_at": "2018-08-01T12:32:23.000Z", "id": "1024633941666541568", "referenced_tweets": [{"type": "quoted", "id": "1024323842775236608"}], "author": {"username": "realamberheard", "location": "Los Angeles, CA", "description": "Actor and Activist, semi-professional disruptor, ice cream advocate and shameless teacup yorkie-lover", "id": "807003567605227520", "url": "https://t.co/Ze18Ek9SOI", "profile_image_url": "https://pbs.twimg.com/profile_images/1383196364792680448/N8CdupEu_normal.jpg", "name": "Amber Heard", "public_metrics": {"followers_count": 190464, "following_count": 220, "tweet_count": 1151, "listed_count": 567}, "created_at": "2016-12-08T23:26:58.000Z"}}, "author": {"username": "LeeLjhardwick", "location": "Birmingham, UK  ;-)", "description": "", "id": "2215419986", "url": "", "profile_image_url": "https://pbs.twimg.com/profile_images/1224025850565341185/JFrIalNc_normal.jpg", "name": "Lee hardwick", "public_metrics": {"followers_count": 603, "following_count": 2202, "tweet_count": 125149, "listed_count": 46}, "created_at": "2013-11-26T09:26:19.000Z"}}, {"public_metrics": {"retweet_count": 0, "reply_count": 0, "like_count": 3, "quote_count": 0}, "source": "Twitter for Android", "entities": {"mentions": [{"start": 0, "end": 15, "username": "realamberheard", "id": "807003567605227520"}]}, "text": "@realamberheard That's a good poster \ud83d\udc4d", "author_id": "4396120342", "lang": "en", "created_at": "2018-08-01T14:00:30.000Z", "in_reply_to_user_id": "807003567605227520", "id": "1024656117354430466", "referenced_tweets": [{"type": "replied_to", "id": "1024633941666541568"}], "replied_tweet": {"public_metrics": {"retweet_count": 229, "reply_count": 21, "like_count": 1370, "quote_count": 5}, "source": "Twitter for iPhone", "entities": {"urls": [{"start": 0, "end": 23, "url": "https://t.co/oFiSmztWbC", "expanded_url": "https://twitter.com/aquamanmovie/status/1024323842775236608", "display_url": "twitter.com/aquamanmovie/s\u2026"}]}, "text": "https://t.co/oFiSmztWbC", "author_id": "807003567605227520", "lang": "und", "created_at": "2018-08-01T12:32:23.000Z", "id": "1024633941666541568", "referenced_tweets": [{"type": "quoted", "id": "1024323842775236608"}], "author": {"username": "realamberheard", "location": "Los Angeles, CA", "description": "Actor and Activist, semi-professional disruptor, ice cream advocate and shameless teacup yorkie-lover", "id": "807003567605227520", "url": "https://t.co/Ze18Ek9SOI", "profile_image_url": "https://pbs.twimg.com/profile_images/1383196364792680448/N8CdupEu_normal.jpg", "name": "Amber Heard", "public_metrics": {"followers_count": 190464, "following_count": 220, "tweet_count": 1151, "listed_count": 567}, "created_at": "2016-12-08T23:26:58.000Z"}}, "author": {"username": "stirgussa", "description": "Only two things are infinite, the universe and human stupidity, and I'm not sure about the former. - Albert Einstein and Me!", "id": "4396120342", "url": "", "profile_image_url": "https://pbs.twimg.com/profile_images/1378175478478082050/UKLiQPuk_normal.jpg", "name": "STIRGUS SACCHETTI", "public_metrics": {"followers_count": 678, "following_count": 296, "tweet_count": 58624, "listed_count": 26}, "created_at": "2015-12-06T17:21:06.000Z"}}, {"public_metrics": {"retweet_count": 0, "reply_count": 1, "like_count": 0, "quote_count": 0}, "source": "Twitter for iPhone", "entities": {"mentions": [{"start": 0, "end": 15, "username": "realamberheard", "id": "807003567605227520"}, {"start": 16, "end": 24, "username": "CPoli13", "id": "990480823278161920"}]}, "text": "@realamberheard @CPoli13 we watch this when it comes out??", "author_id": "808988088", "lang": "en", "created_at": "2018-08-01T12:53:49.000Z", "in_reply_to_user_id": "807003567605227520", "id": "1024639337592320000", "referenced_tweets": [{"type": "replied_to", "id": "1024633941666541568"}], "replied_tweet": {"public_metrics": {"retweet_count": 229, "reply_count": 21, "like_count": 1370, "quote_count": 5}, "source": "Twitter for iPhone", "entities": {"urls": [{"start": 0, "end": 23, "url": "https://t.co/oFiSmztWbC", "expanded_url": "https://twitter.com/aquamanmovie/status/1024323842775236608", "display_url": "twitter.com/aquamanmovie/s\u2026"}]}, "text": "https://t.co/oFiSmztWbC", "author_id": "807003567605227520", "lang": "und", "created_at": "2018-08-01T12:32:23.000Z", "id": "1024633941666541568", "referenced_tweets": [{"type": "quoted", "id": "1024323842775236608"}], "author": {"username": "realamberheard", "location": "Los Angeles, CA", "description": "Actor and Activist, semi-professional disruptor, ice cream advocate and shameless teacup yorkie-lover", "id": "807003567605227520", "url": "https://t.co/Ze18Ek9SOI", "profile_image_url": "https://pbs.twimg.com/profile_images/1383196364792680448/N8CdupEu_normal.jpg", "name": "Amber Heard", "public_metrics": {"followers_count": 190464, "following_count": 220, "tweet_count": 1151, "listed_count": 567}, "created_at": "2016-12-08T23:26:58.000Z"}}, "author": {"username": "JessYousif", "description": "", "id": "808988088", "url": "", "profile_image_url": "https://pbs.twimg.com/profile_images/607888485526077440/bFEh3X9a_normal.jpg", "name": "Jessica", "public_metrics": {"followers_count": 4, "following_count": 340, "tweet_count": 1060, "listed_count": 0}, "created_at": "2012-09-07T14:38:55.000Z"}}, {"entities": {"annotations": [{"start": 19, "end": 23, "probability": 0.9579, "type": "Person", "normalized_text": "Amber"}, {"start": 34, "end": 42, "probability": 0.3482, "type": "Person", "normalized_text": "Comic Con"}, {"start": 47, "end": 52, "probability": 0.9972, "type": "Place", "normalized_text": "Brazil"}, {"start": 70, "end": 76, "probability": 0.993, "type": "Place", "normalized_text": "America"}], "mentions": [{"start": 0, "end": 15, "username": "realamberheard", "id": "807003567605227520"}]}, "public_metrics": {"retweet_count": 0, "reply_count": 0, "like_count": 0, "quote_count": 0}, "source": "Twitter for Android", "text": "@realamberheard Hi Amber, come to Comic Con in Brazil (the biggest in America), it will take place in early December. Xo", "author_id": "178095291", "lang": "en", "created_at": "2018-08-01T12:44:45.000Z", "in_reply_to_user_id": "807003567605227520", "id": "1024637056092459009", "referenced_tweets": [{"type": "replied_to", "id": "1024633941666541568"}], "replied_tweet": {"public_metrics": {"retweet_count": 229, "reply_count": 21, "like_count": 1370, "quote_count": 5}, "source": "Twitter for iPhone", "entities": {"urls": [{"start": 0, "end": 23, "url": "https://t.co/oFiSmztWbC", "expanded_url": "https://twitter.com/aquamanmovie/status/1024323842775236608", "display_url": "twitter.com/aquamanmovie/s\u2026"}]}, "text": "https://t.co/oFiSmztWbC", "author_id": "807003567605227520", "lang": "und", "created_at": "2018-08-01T12:32:23.000Z", "id": "1024633941666541568", "referenced_tweets": [{"type": "quoted", "id": "1024323842775236608"}], "author": {"username": "realamberheard", "location": "Los Angeles, CA", "description": "Actor and Activist, semi-professional disruptor, ice cream advocate and shameless teacup yorkie-lover", "id": "807003567605227520", "url": "https://t.co/Ze18Ek9SOI", "profile_image_url": "https://pbs.twimg.com/profile_images/1383196364792680448/N8CdupEu_normal.jpg", "name": "Amber Heard", "public_metrics": {"followers_count": 190464, "following_count": 220, "tweet_count": 1151, "listed_count": 567}, "created_at": "2016-12-08T23:26:58.000Z"}}, "author": {"username": "crewatwarpower", "location": "Br", "description": "", "id": "178095291", "url": "", "profile_image_url": "https://pbs.twimg.com/profile_images/1477803431565926405/LfL7RLMP_normal.jpg", "name": "kNIGHT", "public_metrics": {"followers_count": 65, "following_count": 409, "tweet_count": 1357, "listed_count": 2}, "created_at": "2010-08-13T21:30:16.000Z"}}, {"public_metrics": {"retweet_count": 0, "reply_count": 0, "like_count": 6, "quote_count": 1}, "source": "Twitter for iPhone", "entities": {"mentions": [{"start": 0, "end": 15, "username": "realamberheard", "id": "807003567605227520"}]}, "text": "@realamberheard Ive never been more excited about a film before!! All bcs of youuuu \u2764\ufe0f hopefully see u at a European premiere I hope \ud83e\udd1e\ud83c\udffb", "author_id": "49303675", "lang": "en", "created_at": "2018-08-01T12:40:43.000Z", "in_reply_to_user_id": "807003567605227520", "id": "1024636042404683777", "referenced_tweets": [{"type": "replied_to", "id": "1024633941666541568"}], "replied_tweet": {"public_metrics": {"retweet_count": 229, "reply_count": 21, "like_count": 1370, "quote_count": 5}, "source": "Twitter for iPhone", "entities": {"urls": [{"start": 0, "end": 23, "url": "https://t.co/oFiSmztWbC", "expanded_url": "https://twitter.com/aquamanmovie/status/1024323842775236608", "display_url": "twitter.com/aquamanmovie/s\u2026"}]}, "text": "https://t.co/oFiSmztWbC", "author_id": "807003567605227520", "lang": "und", "created_at": "2018-08-01T12:32:23.000Z", "id": "1024633941666541568", "referenced_tweets": [{"type": "quoted", "id": "1024323842775236608"}], "author": {"username": "realamberheard", "location": "Los Angeles, CA", "description": "Actor and Activist, semi-professional disruptor, ice cream advocate and shameless teacup yorkie-lover", "id": "807003567605227520", "url": "https://t.co/Ze18Ek9SOI", "profile_image_url": "https://pbs.twimg.com/profile_images/1383196364792680448/N8CdupEu_normal.jpg", "name": "Amber Heard", "public_metrics": {"followers_count": 190464, "following_count": 220, "tweet_count": 1151, "listed_count": 567}, "created_at": "2016-12-08T23:26:58.000Z"}}, "author": {"username": "maybonnevier", "location": "Sweden", "description": "\u201cout. for. a. walk. bitch \ud83e\udd19\ud83c\udffb\u201d -Spike, Buffy s5e5. Catmom x 2 and fangirl x a lot", "id": "49303675", "url": "", "profile_image_url": "https://pbs.twimg.com/profile_images/1495740552364670980/JFFPLq6P_normal.jpg", "name": "May\ud83d\udc0a\ud83d\udc9e", "public_metrics": {"followers_count": 445, "following_count": 146, "tweet_count": 44808, "listed_count": 18}, "created_at": "2009-06-21T12:28:44.000Z"}}, {"entities": {"annotations": [{"start": 118, "end": 127, "probability": 0.8476, "type": "Person", "normalized_text": "Queen Mera"}], "mentions": [{"start": 0, "end": 15, "username": "realamberheard", "id": "807003567605227520"}], "hashtags": [{"start": 134, "end": 142, "tag": "Aquaman"}]}, "public_metrics": {"retweet_count": 0, "reply_count": 0, "like_count": 2, "quote_count": 0}, "source": "Twitter Web Client", "text": "@realamberheard Can't wait! for December to come!! poster is cool, you look majestic in it\ud83d\ude0d\ud83d\ude0d Looking forward to see Queen Mera in the #Aquaman\ud83d\udc99\ud83d\udc99\ud83d\udc99\ud83d\udc99", "author_id": "4883689452", "lang": "en", "created_at": "2018-08-01T12:38:23.000Z", "in_reply_to_user_id": "807003567605227520", "id": "1024635451569623042", "referenced_tweets": [{"type": "replied_to", "id": "1024633941666541568"}], "replied_tweet": {"public_metrics": {"retweet_count": 229, "reply_count": 21, "like_count": 1370, "quote_count": 5}, "source": "Twitter for iPhone", "entities": {"urls": [{"start": 0, "end": 23, "url": "https://t.co/oFiSmztWbC", "expanded_url": "https://twitter.com/aquamanmovie/status/1024323842775236608", "display_url": "twitter.com/aquamanmovie/s\u2026"}]}, "text": "https://t.co/oFiSmztWbC", "author_id": "807003567605227520", "lang": "und", "created_at": "2018-08-01T12:32:23.000Z", "id": "1024633941666541568", "referenced_tweets": [{"type": "quoted", "id": "1024323842775236608"}], "author": {"username": "realamberheard", "location": "Los Angeles, CA", "description": "Actor and Activist, semi-professional disruptor, ice cream advocate and shameless teacup yorkie-lover", "id": "807003567605227520", "url": "https://t.co/Ze18Ek9SOI", "profile_image_url": "https://pbs.twimg.com/profile_images/1383196364792680448/N8CdupEu_normal.jpg", "name": "Amber Heard", "public_metrics": {"followers_count": 190464, "following_count": 220, "tweet_count": 1151, "listed_count": 567}, "created_at": "2016-12-08T23:26:58.000Z"}}, "author": {"username": "santi_care", "description": "2002.03.15~2019.12.03\u2764", "id": "4883689452", "url": "", "profile_image_url": "https://pbs.twimg.com/profile_images/1238129820367613952/SaC0RiXN_normal.jpg", "name": "\uc54c\ub809\uc2a4\ud83e\uddf6", "public_metrics": {"followers_count": 781, "following_count": 164, "tweet_count": 89684, "listed_count": 0}, "created_at": "2016-02-09T16:10:59.000Z"}}, {"public_metrics": {"retweet_count": 0, "reply_count": 0, "like_count": 2, "quote_count": 1}, "source": "Twitter for Android", "entities": {"mentions": [{"start": 0, "end": 15, "username": "realamberheard", "id": "807003567605227520"}]}, "text": "@realamberheard BEST MERA EVER", "author_id": "2431923445", "lang": "en", "created_at": "2018-08-01T12:37:35.000Z", "in_reply_to_user_id": "807003567605227520", "id": "1024635253468684288", "referenced_tweets": [{"type": "replied_to", "id": "1024633941666541568"}], "replied_tweet": {"public_metrics": {"retweet_count": 229, "reply_count": 21, "like_count": 1370, "quote_count": 5}, "source": "Twitter for iPhone", "entities": {"urls": [{"start": 0, "end": 23, "url": "https://t.co/oFiSmztWbC", "expanded_url": "https://twitter.com/aquamanmovie/status/1024323842775236608", "display_url": "twitter.com/aquamanmovie/s\u2026"}]}, "text": "https://t.co/oFiSmztWbC", "author_id": "807003567605227520", "lang": "und", "created_at": "2018-08-01T12:32:23.000Z", "id": "1024633941666541568", "referenced_tweets": [{"type": "quoted", "id": "1024323842775236608"}], "author": {"username": "realamberheard", "location": "Los Angeles, CA", "description": "Actor and Activist, semi-professional disruptor, ice cream advocate and shameless teacup yorkie-lover", "id": "807003567605227520", "url": "https://t.co/Ze18Ek9SOI", "profile_image_url": "https://pbs.twimg.com/profile_images/1383196364792680448/N8CdupEu_normal.jpg", "name": "Amber Heard", "public_metrics": {"followers_count": 190464, "following_count": 220, "tweet_count": 1151, "listed_count": 567}, "created_at": "2016-12-08T23:26:58.000Z"}}, "author": {"username": "notaquawxman", "location": "#\u1d21\u1d0f\u0274\u1d05\u1d07\u0280\u1d0d\u1d07\u0280\u1d00 ; #\u1d18\u1d0f\u1d0a\u1d0b\u1d07\u0274", "description": "\u2770 \uff2d\uff25\uff32\uff21 \uff2f\uff26 \uff38\uff25\uff22\uff25\uff2c\u2771 \u27a2 \u0493\u1d0f\u0280\u1d0d\u1d07\u0280 \u1d18\u0280\u026a\u0274\u1d04\u1d07ss \u293f \u03d9\u1d1c\u1d07\u1d07\u0274 \u1d0f\u0493 \u1d00\u1d1b\u029f\u1d00\u0274\u1d1b\u026as \u276b \u1d05\u1d07\u0493\u026a\u0274\u026a\u1d1b\u1d07\u029f\u028f \u0274\u1d0f\u1d1b \u1d00\u03d9\u1d1c\u1d00\u1d21\u1d0f\u1d0d\u1d00\u0274 \u1d0f\u0280 \u1d00 \u1d0d\u1d07\u0280\u1d0d\u1d00\u026a\u1d05 \u22ee \u275b You don't\u00a0know\u00a0me at\u00a0all. None\u00a0of you do. \u275c\u3164\u2501\u2501\u3164\u026a s\u1d00\u026a\u1d05 \u1d05\u1d0f\u0274'\u1d1b\ufe57", "id": "2431923445", "url": "https://t.co/fqiALGxeOE", "profile_image_url": "https://pbs.twimg.com/profile_images/1204164296340574211/bAbb1Br8_normal.jpg", "name": "\u200d \u200d\u200d\u200d \u200d\u200d \u200d\u200d\u200d \u200d \u200d\ud835\udc0c\ud835\udc04\ud835\udc11\ud835\udc00.", "public_metrics": {"followers_count": 928, "following_count": 354, "tweet_count": 41444, "listed_count": 0}, "created_at": "2014-04-07T11:43:53.000Z"}}, {"public_metrics": {"retweet_count": 0, "reply_count": 0, "like_count": 0, "quote_count": 0}, "source": "Twitter for Android", "entities": {"mentions": [{"start": 0, "end": 15, "username": "realamberheard", "id": "807003567605227520"}]}, "text": "@realamberheard I cant wait to see you in the movie \ud83d\ude0d", "author_id": "1002223156403240961", "lang": "en", "created_at": "2018-08-01T12:35:52.000Z", "in_reply_to_user_id": "807003567605227520", "id": "1024634819223928832", "referenced_tweets": [{"type": "replied_to", "id": "1024633941666541568"}], "replied_tweet": {"public_metrics": {"retweet_count": 229, "reply_count": 21, "like_count": 1370, "quote_count": 5}, "source": "Twitter for iPhone", "entities": {"urls": [{"start": 0, "end": 23, "url": "https://t.co/oFiSmztWbC", "expanded_url": "https://twitter.com/aquamanmovie/status/1024323842775236608", "display_url": "twitter.com/aquamanmovie/s\u2026"}]}, "text": "https://t.co/oFiSmztWbC", "author_id": "807003567605227520", "lang": "und", "created_at": "2018-08-01T12:32:23.000Z", "id": "1024633941666541568", "referenced_tweets": [{"type": "quoted", "id": "1024323842775236608"}], "author": {"username": "realamberheard", "location": "Los Angeles, CA", "description": "Actor and Activist, semi-professional disruptor, ice cream advocate and shameless teacup yorkie-lover", "id": "807003567605227520", "url": "https://t.co/Ze18Ek9SOI", "profile_image_url": "https://pbs.twimg.com/profile_images/1383196364792680448/N8CdupEu_normal.jpg", "name": "Amber Heard", "public_metrics": {"followers_count": 190464, "following_count": 220, "tweet_count": 1151, "listed_count": 567}, "created_at": "2016-12-08T23:26:58.000Z"}}, "author": {"username": "Tomzwafi", "location": "Los Pollos Hermanos ", "description": "\u0641\u064e\u0635\u064e\u0628\u0652\u0631\u064c \u062c\u064e\u0645\u0650\u064a\u0644\u064c \u0648\u064e\u0627\u0644\u0644\u064e\u0651\u0647\u064f \u0627\u0644\u0652\u0645\u064f\u0633\u0652\u062a\u064e\u0639\u064e\u0627\u0646\u064f \u0639\u064e\u0644\u064e\u0649 \u0645\u064e\u0627 \u062a\u064e\u0635\u0650\u0641\u064f\u0648\u0646\u064e. | UQU University", "id": "1002223156403240961", "url": "https://t.co/FCdHRVUPxT", "profile_image_url": "https://pbs.twimg.com/profile_images/1505914056967868417/pVSpadBT_normal.jpg", "name": "Hatem. \u200f\u2d35", "public_metrics": {"followers_count": 56, "following_count": 105, "tweet_count": 1914, "listed_count": 0}, "created_at": "2018-05-31T16:19:55.000Z"}}, {"public_metrics": {"retweet_count": 0, "reply_count": 0, "like_count": 0, "quote_count": 0}, "source": "Twitter for Android", "entities": {"mentions": [{"start": 0, "end": 15, "username": "realamberheard", "id": "807003567605227520"}]}, "text": "@realamberheard Can't wait to see you killing it", "author_id": "250190451", "lang": "en", "created_at": "2018-08-01T12:33:58.000Z", "in_reply_to_user_id": "807003567605227520", "id": "1024634339655471104", "referenced_tweets": [{"type": "replied_to", "id": "1024633941666541568"}], "replied_tweet": {"public_metrics": {"retweet_count": 229, "reply_count": 21, "like_count": 1370, "quote_count": 5}, "source": "Twitter for iPhone", "entities": {"urls": [{"start": 0, "end": 23, "url": "https://t.co/oFiSmztWbC", "expanded_url": "https://twitter.com/aquamanmovie/status/1024323842775236608", "display_url": "twitter.com/aquamanmovie/s\u2026"}]}, "text": "https://t.co/oFiSmztWbC", "author_id": "807003567605227520", "lang": "und", "created_at": "2018-08-01T12:32:23.000Z", "id": "1024633941666541568", "referenced_tweets": [{"type": "quoted", "id": "1024323842775236608"}], "author": {"username": "realamberheard", "location": "Los Angeles, CA", "description": "Actor and Activist, semi-professional disruptor, ice cream advocate and shameless teacup yorkie-lover", "id": "807003567605227520", "url": "https://t.co/Ze18Ek9SOI", "profile_image_url": "https://pbs.twimg.com/profile_images/1383196364792680448/N8CdupEu_normal.jpg", "name": "Amber Heard", "public_metrics": {"followers_count": 190464, "following_count": 220, "tweet_count": 1151, "listed_count": 567}, "created_at": "2016-12-08T23:26:58.000Z"}}, "author": {"username": "yokkyokii", "location": "\u221e", "description": "yulyulk's | blackbear | Barbi | Ari\u2661 | RV | Models | a dreamer", "id": "250190451", "url": "", "profile_image_url": "https://pbs.twimg.com/profile_images/612995236847947776/qaCtWgHS_normal.jpg", "name": "\u014dpm\u03b5\u2532ko\u03b3\u25e1 \u0308\ud83d\udc25\ud83d\udc30", "public_metrics": {"followers_count": 1550, "following_count": 638, "tweet_count": 334054, "listed_count": 21}, "created_at": "2011-02-10T16:11:52.000Z"}}, {"public_metrics": {"retweet_count": 0, "reply_count": 0, "like_count": 0, "quote_count": 0}, "source": "Twitter for iPhone", "entities": {"mentions": [{"start": 0, "end": 15, "username": "realamberheard", "id": "807003567605227520"}]}, "text": "@realamberheard Make the contest worldwide", "author_id": "3033438059", "lang": "en", "created_at": "2018-08-01T12:33:53.000Z", "in_reply_to_user_id": "807003567605227520", "id": "1024634321381064705", "referenced_tweets": [{"type": "replied_to", "id": "1024633941666541568"}], "replied_tweet": {"public_metrics": {"retweet_count": 229, "reply_count": 21, "like_count": 1370, "quote_count": 5}, "source": "Twitter for iPhone", "entities": {"urls": [{"start": 0, "end": 23, "url": "https://t.co/oFiSmztWbC", "expanded_url": "https://twitter.com/aquamanmovie/status/1024323842775236608", "display_url": "twitter.com/aquamanmovie/s\u2026"}]}, "text": "https://t.co/oFiSmztWbC", "author_id": "807003567605227520", "lang": "und", "created_at": "2018-08-01T12:32:23.000Z", "id": "1024633941666541568", "referenced_tweets": [{"type": "quoted", "id": "1024323842775236608"}], "author": {"username": "realamberheard", "location": "Los Angeles, CA", "description": "Actor and Activist, semi-professional disruptor, ice cream advocate and shameless teacup yorkie-lover", "id": "807003567605227520", "url": "https://t.co/Ze18Ek9SOI", "profile_image_url": "https://pbs.twimg.com/profile_images/1383196364792680448/N8CdupEu_normal.jpg", "name": "Amber Heard", "public_metrics": {"followers_count": 190464, "following_count": 220, "tweet_count": 1151, "listed_count": 567}, "created_at": "2016-12-08T23:26:58.000Z"}}, "author": {"username": "meraquaman", "location": "France", "description": "#FreePalestine", "id": "3033438059", "url": "", "profile_image_url": "https://pbs.twimg.com/profile_images/1383508518452424706/Hqx8iCc__normal.jpg", "name": "siobhan roy era", "public_metrics": {"followers_count": 3257, "following_count": 527, "tweet_count": 96608, "listed_count": 65}, "created_at": "2015-02-12T21:05:04.000Z"}}, {"public_metrics": {"retweet_count": 0, "reply_count": 0, "like_count": 0, "quote_count": 0}, "source": "Twitter Web App", "entities": {"mentions": [{"start": 0, "end": 15, "username": "realamberheard", "id": "807003567605227520"}]}, "text": "@realamberheard Awesome!!\ud83d\ude0d", "author_id": "949978737218543616", "lang": "en", "created_at": "2018-08-01T12:33:47.000Z", "in_reply_to_user_id": "807003567605227520", "id": "1024634293706846208", "referenced_tweets": [{"type": "replied_to", "id": "1024633941666541568"}], "replied_tweet": {"public_metrics": {"retweet_count": 229, "reply_count": 21, "like_count": 1370, "quote_count": 5}, "source": "Twitter for iPhone", "entities": {"urls": [{"start": 0, "end": 23, "url": "https://t.co/oFiSmztWbC", "expanded_url": "https://twitter.com/aquamanmovie/status/1024323842775236608", "display_url": "twitter.com/aquamanmovie/s\u2026"}]}, "text": "https://t.co/oFiSmztWbC", "author_id": "807003567605227520", "lang": "und", "created_at": "2018-08-01T12:32:23.000Z", "id": "1024633941666541568", "referenced_tweets": [{"type": "quoted", "id": "1024323842775236608"}], "author": {"username": "realamberheard", "location": "Los Angeles, CA", "description": "Actor and Activist, semi-professional disruptor, ice cream advocate and shameless teacup yorkie-lover", "id": "807003567605227520", "url": "https://t.co/Ze18Ek9SOI", "profile_image_url": "https://pbs.twimg.com/profile_images/1383196364792680448/N8CdupEu_normal.jpg", "name": "Amber Heard", "public_metrics": {"followers_count": 190464, "following_count": 220, "tweet_count": 1151, "listed_count": 567}, "created_at": "2016-12-08T23:26:58.000Z"}}, "author": {"username": "Pineapplefruitz", "description": "", "id": "949978737218543616", "url": "", "profile_image_url": "https://pbs.twimg.com/profile_images/1348214861667307520/KQ8EZ0MS_normal.jpg", "name": "Mel\ud83c\udded\ud83c\uddf2\ud83c\udf4d\ud83c\udf49", "public_metrics": {"followers_count": 79, "following_count": 54, "tweet_count": 3305, "listed_count": 0}, "created_at": "2018-01-07T12:19:15.000Z"}}]