[{"author_id": "989633741114003456", "entities": {"mentions": [{"start": 0, "end": 15, "username": "realamberheard", "id": "807003567605227520"}], "annotations": [{"start": 21, "end": 25, "probability": 0.9226, "type": "Person", "normalized_text": "amber"}]}, "created_at": "2018-09-13T05:01:02.000Z", "referenced_tweets": [{"type": "replied_to", "id": "1037126552478044160"}], "source": "Twitter for Android", "in_reply_to_user_id": "807003567605227520", "text": "@realamberheard Dear amber,I hope you had a happy day my freind ,good night!!", "id": "1040103035505127424", "public_metrics": {"retweet_count": 0, "reply_count": 0, "like_count": 1, "quote_count": 0}, "lang": "en", "replied_tweet": {"author_id": "807003567605227520", "created_at": "2018-09-04T23:49:54.000Z", "source": "Twitter Web Client", "text": "\"Broken Retablo for Being on My Back, My Feet Bare &amp; in the Air\" by Joe Jim\u00e9nez https://t.co/pG96hTSA9B", "id": "1037125633829031936", "public_metrics": {"retweet_count": 31, "reply_count": 7, "like_count": 168, "quote_count": 1}, "entities": {"annotations": [{"start": 1, "end": 62, "probability": 0.4838, "type": "Other", "normalized_text": "Broken Retablo for Being on My Back, My Feet Bare & in the Air"}, {"start": 68, "end": 78, "probability": 0.9949, "type": "Person", "normalized_text": "Joe Jim\u00e9nez"}], "urls": [{"start": 84, "end": 107, "url": "https://t.co/pG96hTSA9B", "expanded_url": "http://createsend.com/t/y-E81F258A3432838C", "display_url": "createsend.com/t/y-E81F258A34\u2026", "status": 200, "unwound_url": "http://createsend.com/t/y-E81F258A3432838C"}]}, "lang": "en", "author": {"created_at": "2016-12-08T23:26:58.000Z", "name": "Amber Heard", "id": "807003567605227520", "description": "Actor and Activist, semi-professional disruptor, ice cream advocate and shameless teacup yorkie-lover", "profile_image_url": "https://pbs.twimg.com/profile_images/1383196364792680448/N8CdupEu_normal.jpg", "url": "https://t.co/Ze18Ek9SOI", "location": "Los Angeles, CA", "public_metrics": {"followers_count": 190464, "following_count": 220, "tweet_count": 1151, "listed_count": 567}, "username": "realamberheard"}}, "author": {"created_at": "2018-04-26T22:34:05.000Z", "name": "Paulwalwanis", "id": "989633741114003456", "description": "Comedy,counselor", "profile_image_url": "https://abs.twimg.com/sticky/default_profile_images/default_profile_normal.png", "url": "", "location": "Long Island,new York", "public_metrics": {"followers_count": 39, "following_count": 269, "tweet_count": 44974, "listed_count": 0}, "username": "Paulwalwanis7"}}, {"author_id": "316775459", "entities": {"mentions": [{"start": 0, "end": 15, "username": "realamberheard", "id": "807003567605227520"}], "annotations": [{"start": 62, "end": 67, "probability": 0.9941, "type": "Person", "normalized_text": "Amanda"}, {"start": 118, "end": 124, "probability": 0.8856, "type": "Person", "normalized_text": "Jimenez"}, {"start": 143, "end": 154, "probability": 0.8689, "type": "Person", "normalized_text": "Kirk Cousins"}]}, "created_at": "2018-09-12T17:45:24.000Z", "referenced_tweets": [{"type": "replied_to", "id": "1037125633829031936"}], "source": "Twitter Web App", "in_reply_to_user_id": "807003567605227520", "text": "@realamberheard Let me try the written word\nCause yeah I like Amanda Heard\nNo surprise, I mean who doesn't\nBut F this Jimenez dude lol, I like Kirk Cousins", "id": "1039933005014491136", "public_metrics": {"retweet_count": 0, "reply_count": 0, "like_count": 0, "quote_count": 0}, "lang": "en", "replied_tweet": {"author_id": "807003567605227520", "created_at": "2018-09-04T23:49:54.000Z", "source": "Twitter Web Client", "text": "\"Broken Retablo for Being on My Back, My Feet Bare &amp; in the Air\" by Joe Jim\u00e9nez https://t.co/pG96hTSA9B", "id": "1037125633829031936", "public_metrics": {"retweet_count": 31, "reply_count": 7, "like_count": 168, "quote_count": 1}, "entities": {"annotations": [{"start": 1, "end": 62, "probability": 0.4838, "type": "Other", "normalized_text": "Broken Retablo for Being on My Back, My Feet Bare & in the Air"}, {"start": 68, "end": 78, "probability": 0.9949, "type": "Person", "normalized_text": "Joe Jim\u00e9nez"}], "urls": [{"start": 84, "end": 107, "url": "https://t.co/pG96hTSA9B", "expanded_url": "http://createsend.com/t/y-E81F258A3432838C", "display_url": "createsend.com/t/y-E81F258A34\u2026", "status": 200, "unwound_url": "http://createsend.com/t/y-E81F258A3432838C"}]}, "lang": "en", "author": {"created_at": "2016-12-08T23:26:58.000Z", "name": "Amber Heard", "id": "807003567605227520", "description": "Actor and Activist, semi-professional disruptor, ice cream advocate and shameless teacup yorkie-lover", "profile_image_url": "https://pbs.twimg.com/profile_images/1383196364792680448/N8CdupEu_normal.jpg", "url": "https://t.co/Ze18Ek9SOI", "location": "Los Angeles, CA", "public_metrics": {"followers_count": 190464, "following_count": 220, "tweet_count": 1151, "listed_count": 567}, "username": "realamberheard"}}, "author": {"created_at": "2011-06-13T23:22:34.000Z", "name": "Jason Michael", "id": "316775459", "description": "You know me...I do WHAT I want, WHEN I want.", "profile_image_url": "https://pbs.twimg.com/profile_images/1100851027475976194/KsQk52Nm_normal.jpg", "url": "", "location": "Champlin, MN", "public_metrics": {"followers_count": 25, "following_count": 80, "tweet_count": 2292, "listed_count": 0}, "username": "jasonmichael4"}}, {"author_id": "316775459", "entities": {"mentions": [{"start": 0, "end": 15, "username": "realamberheard", "id": "807003567605227520"}], "annotations": [{"start": 38, "end": 50, "probability": 0.9969, "type": "Person", "normalized_text": "Aaron Rodgers"}, {"start": 102, "end": 108, "probability": 0.9618, "type": "Organization", "normalized_text": "Vikings"}]}, "created_at": "2018-09-12T08:45:06.000Z", "referenced_tweets": [{"type": "replied_to", "id": "1037126552478044160"}], "source": "Twitter Web App", "in_reply_to_user_id": "807003567605227520", "text": "@realamberheard I'll be inspired when Aaron Rodgers' feet are up in the air with vibration....from my Vikings ending his season again this Sunday.", "id": "1039797036399448066", "public_metrics": {"retweet_count": 0, "reply_count": 0, "like_count": 0, "quote_count": 0}, "lang": "en", "replied_tweet": {"author_id": "807003567605227520", "created_at": "2018-09-04T23:49:54.000Z", "source": "Twitter Web Client", "text": "\"Broken Retablo for Being on My Back, My Feet Bare &amp; in the Air\" by Joe Jim\u00e9nez https://t.co/pG96hTSA9B", "id": "1037125633829031936", "public_metrics": {"retweet_count": 31, "reply_count": 7, "like_count": 168, "quote_count": 1}, "entities": {"annotations": [{"start": 1, "end": 62, "probability": 0.4838, "type": "Other", "normalized_text": "Broken Retablo for Being on My Back, My Feet Bare & in the Air"}, {"start": 68, "end": 78, "probability": 0.9949, "type": "Person", "normalized_text": "Joe Jim\u00e9nez"}], "urls": [{"start": 84, "end": 107, "url": "https://t.co/pG96hTSA9B", "expanded_url": "http://createsend.com/t/y-E81F258A3432838C", "display_url": "createsend.com/t/y-E81F258A34\u2026", "status": 200, "unwound_url": "http://createsend.com/t/y-E81F258A3432838C"}]}, "lang": "en", "author": {"created_at": "2016-12-08T23:26:58.000Z", "name": "Amber Heard", "id": "807003567605227520", "description": "Actor and Activist, semi-professional disruptor, ice cream advocate and shameless teacup yorkie-lover", "profile_image_url": "https://pbs.twimg.com/profile_images/1383196364792680448/N8CdupEu_normal.jpg", "url": "https://t.co/Ze18Ek9SOI", "location": "Los Angeles, CA", "public_metrics": {"followers_count": 190464, "following_count": 220, "tweet_count": 1151, "listed_count": 567}, "username": "realamberheard"}}, "author": {"created_at": "2011-06-13T23:22:34.000Z", "name": "Jason Michael", "id": "316775459", "description": "You know me...I do WHAT I want, WHEN I want.", "profile_image_url": "https://pbs.twimg.com/profile_images/1100851027475976194/KsQk52Nm_normal.jpg", "url": "", "location": "Champlin, MN", "public_metrics": {"followers_count": 25, "following_count": 80, "tweet_count": 2292, "listed_count": 0}, "username": "jasonmichael4"}}, {"author_id": "989633741114003456", "entities": {"mentions": [{"start": 0, "end": 15, "username": "realamberheard", "id": "807003567605227520"}], "annotations": [{"start": 21, "end": 25, "probability": 0.9822, "type": "Person", "normalized_text": "Amber"}]}, "created_at": "2018-09-09T04:00:51.000Z", "referenced_tweets": [{"type": "replied_to", "id": "1037126552478044160"}], "source": "Twitter for Android", "in_reply_to_user_id": "807003567605227520", "text": "@realamberheard Dear Amber, I hope you.had a happy day my freind,good night!!!\ud83d\ude09\ud83d\ude09\ud83d\ude44\ud83d\ude44", "id": "1038638336917872640", "public_metrics": {"retweet_count": 0, "reply_count": 0, "like_count": 1, "quote_count": 0}, "lang": "en", "replied_tweet": {"author_id": "807003567605227520", "created_at": "2018-09-04T23:49:54.000Z", "source": "Twitter Web Client", "text": "\"Broken Retablo for Being on My Back, My Feet Bare &amp; in the Air\" by Joe Jim\u00e9nez https://t.co/pG96hTSA9B", "id": "1037125633829031936", "public_metrics": {"retweet_count": 31, "reply_count": 7, "like_count": 168, "quote_count": 1}, "entities": {"annotations": [{"start": 1, "end": 62, "probability": 0.4838, "type": "Other", "normalized_text": "Broken Retablo for Being on My Back, My Feet Bare & in the Air"}, {"start": 68, "end": 78, "probability": 0.9949, "type": "Person", "normalized_text": "Joe Jim\u00e9nez"}], "urls": [{"start": 84, "end": 107, "url": "https://t.co/pG96hTSA9B", "expanded_url": "http://createsend.com/t/y-E81F258A3432838C", "display_url": "createsend.com/t/y-E81F258A34\u2026", "status": 200, "unwound_url": "http://createsend.com/t/y-E81F258A3432838C"}]}, "lang": "en", "author": {"created_at": "2016-12-08T23:26:58.000Z", "name": "Amber Heard", "id": "807003567605227520", "description": "Actor and Activist, semi-professional disruptor, ice cream advocate and shameless teacup yorkie-lover", "profile_image_url": "https://pbs.twimg.com/profile_images/1383196364792680448/N8CdupEu_normal.jpg", "url": "https://t.co/Ze18Ek9SOI", "location": "Los Angeles, CA", "public_metrics": {"followers_count": 190464, "following_count": 220, "tweet_count": 1151, "listed_count": 567}, "username": "realamberheard"}}, "author": {"created_at": "2018-04-26T22:34:05.000Z", "name": "Paulwalwanis", "id": "989633741114003456", "description": "Comedy,counselor", "profile_image_url": "https://abs.twimg.com/sticky/default_profile_images/default_profile_normal.png", "url": "", "location": "Long Island,new York", "public_metrics": {"followers_count": 39, "following_count": 269, "tweet_count": 44974, "listed_count": 0}, "username": "Paulwalwanis7"}}, {"author_id": "1010108106716733441", "entities": {"mentions": [{"start": 0, "end": 15, "username": "realamberheard", "id": "807003567605227520"}]}, "created_at": "2018-09-07T21:36:59.000Z", "referenced_tweets": [{"type": "replied_to", "id": "1037126552478044160"}], "source": "Twitter Web App", "in_reply_to_user_id": "807003567605227520", "text": "@realamberheard You are awesome ! I want you in my movie !", "id": "1038179345389510657", "public_metrics": {"retweet_count": 0, "reply_count": 0, "like_count": 1, "quote_count": 0}, "lang": "en", "replied_tweet": {"author_id": "807003567605227520", "created_at": "2018-09-04T23:49:54.000Z", "source": "Twitter Web Client", "text": "\"Broken Retablo for Being on My Back, My Feet Bare &amp; in the Air\" by Joe Jim\u00e9nez https://t.co/pG96hTSA9B", "id": "1037125633829031936", "public_metrics": {"retweet_count": 31, "reply_count": 7, "like_count": 168, "quote_count": 1}, "entities": {"annotations": [{"start": 1, "end": 62, "probability": 0.4838, "type": "Other", "normalized_text": "Broken Retablo for Being on My Back, My Feet Bare & in the Air"}, {"start": 68, "end": 78, "probability": 0.9949, "type": "Person", "normalized_text": "Joe Jim\u00e9nez"}], "urls": [{"start": 84, "end": 107, "url": "https://t.co/pG96hTSA9B", "expanded_url": "http://createsend.com/t/y-E81F258A3432838C", "display_url": "createsend.com/t/y-E81F258A34\u2026", "status": 200, "unwound_url": "http://createsend.com/t/y-E81F258A3432838C"}]}, "lang": "en", "author": {"created_at": "2016-12-08T23:26:58.000Z", "name": "Amber Heard", "id": "807003567605227520", "description": "Actor and Activist, semi-professional disruptor, ice cream advocate and shameless teacup yorkie-lover", "profile_image_url": "https://pbs.twimg.com/profile_images/1383196364792680448/N8CdupEu_normal.jpg", "url": "https://t.co/Ze18Ek9SOI", "location": "Los Angeles, CA", "public_metrics": {"followers_count": 190464, "following_count": 220, "tweet_count": 1151, "listed_count": 567}, "username": "realamberheard"}}, "author": {"created_at": "2018-06-22T10:31:54.000Z", "name": "Lisa Marie Reed", "id": "1010108106716733441", "description": "I LOVE GOD, COUNTRY ,  The Ethical Treatment of Animals!\u2764\ufe0f", "profile_image_url": "https://pbs.twimg.com/profile_images/1010111326985654272/Ef9QyAst_normal.jpg", "url": "https://t.co/J3kqc7ytTy", "location": "Mount Dora, FL", "public_metrics": {"followers_count": 318, "following_count": 1167, "tweet_count": 997, "listed_count": 0}, "username": "LisaMarieReed6"}}, {"author_id": "989633741114003456", "entities": {"mentions": [{"start": 0, "end": 15, "username": "realamberheard", "id": "807003567605227520"}], "annotations": [{"start": 21, "end": 25, "probability": 0.9361, "type": "Person", "normalized_text": "amber"}]}, "created_at": "2018-09-06T22:53:57.000Z", "referenced_tweets": [{"type": "replied_to", "id": "1037126552478044160"}], "source": "Twitter for Android", "in_reply_to_user_id": "807003567605227520", "text": "@realamberheard Dear amber,I hope your having a happy day freind !!\ud83d\ude09\ud83d\ude09\ud83d\ude44\ud83d\ude44", "id": "1037836328795336704", "public_metrics": {"retweet_count": 0, "reply_count": 0, "like_count": 1, "quote_count": 0}, "lang": "en", "replied_tweet": {"author_id": "807003567605227520", "created_at": "2018-09-04T23:49:54.000Z", "source": "Twitter Web Client", "text": "\"Broken Retablo for Being on My Back, My Feet Bare &amp; in the Air\" by Joe Jim\u00e9nez https://t.co/pG96hTSA9B", "id": "1037125633829031936", "public_metrics": {"retweet_count": 31, "reply_count": 7, "like_count": 168, "quote_count": 1}, "entities": {"annotations": [{"start": 1, "end": 62, "probability": 0.4838, "type": "Other", "normalized_text": "Broken Retablo for Being on My Back, My Feet Bare & in the Air"}, {"start": 68, "end": 78, "probability": 0.9949, "type": "Person", "normalized_text": "Joe Jim\u00e9nez"}], "urls": [{"start": 84, "end": 107, "url": "https://t.co/pG96hTSA9B", "expanded_url": "http://createsend.com/t/y-E81F258A3432838C", "display_url": "createsend.com/t/y-E81F258A34\u2026", "status": 200, "unwound_url": "http://createsend.com/t/y-E81F258A3432838C"}]}, "lang": "en", "author": {"created_at": "2016-12-08T23:26:58.000Z", "name": "Amber Heard", "id": "807003567605227520", "description": "Actor and Activist, semi-professional disruptor, ice cream advocate and shameless teacup yorkie-lover", "profile_image_url": "https://pbs.twimg.com/profile_images/1383196364792680448/N8CdupEu_normal.jpg", "url": "https://t.co/Ze18Ek9SOI", "location": "Los Angeles, CA", "public_metrics": {"followers_count": 190464, "following_count": 220, "tweet_count": 1151, "listed_count": 567}, "username": "realamberheard"}}, "author": {"created_at": "2018-04-26T22:34:05.000Z", "name": "Paulwalwanis", "id": "989633741114003456", "description": "Comedy,counselor", "profile_image_url": "https://abs.twimg.com/sticky/default_profile_images/default_profile_normal.png", "url": "", "location": "Long Island,new York", "public_metrics": {"followers_count": 39, "following_count": 269, "tweet_count": 44974, "listed_count": 0}, "username": "Paulwalwanis7"}}, {"author_id": "195671723", "entities": {"mentions": [{"start": 0, "end": 15, "username": "realamberheard", "id": "807003567605227520"}]}, "created_at": "2018-09-06T10:10:52.000Z", "referenced_tweets": [{"type": "replied_to", "id": "1037125633829031936"}], "source": "Twitter Web App", "in_reply_to_user_id": "807003567605227520", "text": "@realamberheard Have u read Milk and honey? \ud83d\udc69\ud83c\udffb\u200d\ud83c\udf93\ud83d\udcdd\ud83d\udc4c", "id": "1037644290703470592", "public_metrics": {"retweet_count": 0, "reply_count": 0, "like_count": 0, "quote_count": 0}, "lang": "en", "replied_tweet": {"author_id": "807003567605227520", "created_at": "2018-09-04T23:49:54.000Z", "source": "Twitter Web Client", "text": "\"Broken Retablo for Being on My Back, My Feet Bare &amp; in the Air\" by Joe Jim\u00e9nez https://t.co/pG96hTSA9B", "id": "1037125633829031936", "public_metrics": {"retweet_count": 31, "reply_count": 7, "like_count": 168, "quote_count": 1}, "entities": {"annotations": [{"start": 1, "end": 62, "probability": 0.4838, "type": "Other", "normalized_text": "Broken Retablo for Being on My Back, My Feet Bare & in the Air"}, {"start": 68, "end": 78, "probability": 0.9949, "type": "Person", "normalized_text": "Joe Jim\u00e9nez"}], "urls": [{"start": 84, "end": 107, "url": "https://t.co/pG96hTSA9B", "expanded_url": "http://createsend.com/t/y-E81F258A3432838C", "display_url": "createsend.com/t/y-E81F258A34\u2026", "status": 200, "unwound_url": "http://createsend.com/t/y-E81F258A3432838C"}]}, "lang": "en", "author": {"created_at": "2016-12-08T23:26:58.000Z", "name": "Amber Heard", "id": "807003567605227520", "description": "Actor and Activist, semi-professional disruptor, ice cream advocate and shameless teacup yorkie-lover", "profile_image_url": "https://pbs.twimg.com/profile_images/1383196364792680448/N8CdupEu_normal.jpg", "url": "https://t.co/Ze18Ek9SOI", "location": "Los Angeles, CA", "public_metrics": {"followers_count": 190464, "following_count": 220, "tweet_count": 1151, "listed_count": 567}, "username": "realamberheard"}}, "author": {"created_at": "2010-09-27T08:57:03.000Z", "name": "\u00a9\ud83d\udcf2\ud83c\udf0d_textmedia \ud83c\uddfa\ud83c\udde6", "id": "195671723", "description": "R & D Media - @Ulster Uni Fd Art @UniSouthWales - (UWCN) - BA(Hons) Culture & Media @QUBelfast MA Film Theory/Practice. U.N. PhotoGmetric & stuff.", "profile_image_url": "https://pbs.twimg.com/profile_images/1501504525735276544/iygkXVOO_normal.jpg", "url": "https://t.co/3nSd16ElEt", "public_metrics": {"followers_count": 664, "following_count": 1337, "tweet_count": 19669, "listed_count": 51}, "username": "_textmedia"}}, {"author_id": "1015895004554854400", "entities": {"mentions": [{"start": 0, "end": 15, "username": "realamberheard", "id": "807003567605227520"}]}, "created_at": "2018-09-06T02:13:10.000Z", "referenced_tweets": [{"type": "replied_to", "id": "1037126552478044160"}], "source": "Twitter Web Client", "in_reply_to_user_id": "807003567605227520", "text": "@realamberheard fuck them all", "id": "1037524074765922304", "public_metrics": {"retweet_count": 0, "reply_count": 0, "like_count": 0, "quote_count": 0}, "lang": "en", "replied_tweet": {"author_id": "807003567605227520", "created_at": "2018-09-04T23:49:54.000Z", "source": "Twitter Web Client", "text": "\"Broken Retablo for Being on My Back, My Feet Bare &amp; in the Air\" by Joe Jim\u00e9nez https://t.co/pG96hTSA9B", "id": "1037125633829031936", "public_metrics": {"retweet_count": 31, "reply_count": 7, "like_count": 168, "quote_count": 1}, "entities": {"annotations": [{"start": 1, "end": 62, "probability": 0.4838, "type": "Other", "normalized_text": "Broken Retablo for Being on My Back, My Feet Bare & in the Air"}, {"start": 68, "end": 78, "probability": 0.9949, "type": "Person", "normalized_text": "Joe Jim\u00e9nez"}], "urls": [{"start": 84, "end": 107, "url": "https://t.co/pG96hTSA9B", "expanded_url": "http://createsend.com/t/y-E81F258A3432838C", "display_url": "createsend.com/t/y-E81F258A34\u2026", "status": 200, "unwound_url": "http://createsend.com/t/y-E81F258A3432838C"}]}, "lang": "en", "author": {"created_at": "2016-12-08T23:26:58.000Z", "name": "Amber Heard", "id": "807003567605227520", "description": "Actor and Activist, semi-professional disruptor, ice cream advocate and shameless teacup yorkie-lover", "profile_image_url": "https://pbs.twimg.com/profile_images/1383196364792680448/N8CdupEu_normal.jpg", "url": "https://t.co/Ze18Ek9SOI", "location": "Los Angeles, CA", "public_metrics": {"followers_count": 190464, "following_count": 220, "tweet_count": 1151, "listed_count": 567}, "username": "realamberheard"}}, "author": {"created_at": "2018-07-08T09:46:58.000Z", "name": "Morning Star", "id": "1015895004554854400", "description": "just art and love \nthanks", "profile_image_url": "https://pbs.twimg.com/profile_images/1048514323293917184/JLN1SVw5_normal.jpg", "url": "", "public_metrics": {"followers_count": 19, "following_count": 765, "tweet_count": 628, "listed_count": 0}, "username": "vukasinmartino2"}}, {"author_id": "3146650072", "entities": {"mentions": [{"start": 0, "end": 15, "username": "realamberheard", "id": "807003567605227520"}]}, "created_at": "2018-09-05T07:02:50.000Z", "referenced_tweets": [{"type": "replied_to", "id": "1037125633829031936"}], "source": "Twitter for Android", "in_reply_to_user_id": "807003567605227520", "text": "@realamberheard i love u", "id": "1037234583811420161", "public_metrics": {"retweet_count": 0, "reply_count": 0, "like_count": 0, "quote_count": 0}, "lang": "en", "replied_tweet": {"author_id": "807003567605227520", "created_at": "2018-09-04T23:49:54.000Z", "source": "Twitter Web Client", "text": "\"Broken Retablo for Being on My Back, My Feet Bare &amp; in the Air\" by Joe Jim\u00e9nez https://t.co/pG96hTSA9B", "id": "1037125633829031936", "public_metrics": {"retweet_count": 31, "reply_count": 7, "like_count": 168, "quote_count": 1}, "entities": {"annotations": [{"start": 1, "end": 62, "probability": 0.4838, "type": "Other", "normalized_text": "Broken Retablo for Being on My Back, My Feet Bare & in the Air"}, {"start": 68, "end": 78, "probability": 0.9949, "type": "Person", "normalized_text": "Joe Jim\u00e9nez"}], "urls": [{"start": 84, "end": 107, "url": "https://t.co/pG96hTSA9B", "expanded_url": "http://createsend.com/t/y-E81F258A3432838C", "display_url": "createsend.com/t/y-E81F258A34\u2026", "status": 200, "unwound_url": "http://createsend.com/t/y-E81F258A3432838C"}]}, "lang": "en", "author": {"created_at": "2016-12-08T23:26:58.000Z", "name": "Amber Heard", "id": "807003567605227520", "description": "Actor and Activist, semi-professional disruptor, ice cream advocate and shameless teacup yorkie-lover", "profile_image_url": "https://pbs.twimg.com/profile_images/1383196364792680448/N8CdupEu_normal.jpg", "url": "https://t.co/Ze18Ek9SOI", "location": "Los Angeles, CA", "public_metrics": {"followers_count": 190464, "following_count": 220, "tweet_count": 1151, "listed_count": 567}, "username": "realamberheard"}}, "author": {"created_at": "2015-04-08T05:08:46.000Z", "name": "kay, ceo of evc", "id": "3146650072", "description": "\u201clove you kay!!\u201d - emily vancamp // sharon carter and barbara gordon enjoyer @bestofsharons", "profile_image_url": "https://pbs.twimg.com/profile_images/1503441316050395136/G7rwHlhC_normal.jpg", "url": "https://t.co/bB4XCwWEnS", "location": "25\u250ashe/her\u250acomics", "public_metrics": {"followers_count": 7773, "following_count": 957, "tweet_count": 131604, "listed_count": 63}, "username": "emilyvaucamp"}}, {"author_id": "4396120342", "entities": {"mentions": [{"start": 0, "end": 15, "username": "realamberheard", "id": "807003567605227520"}], "urls": [{"start": 50, "end": 73, "url": "https://t.co/Ae0SsruUf6", "expanded_url": "https://twitter.com/stirgussa/status/1037130559951171589/photo/1", "display_url": "pic.twitter.com/Ae0SsruUf6"}]}, "created_at": "2018-09-05T00:09:29.000Z", "referenced_tweets": [{"type": "replied_to", "id": "1037126552478044160"}], "source": "Twitter for Android", "in_reply_to_user_id": "807003567605227520", "text": "@realamberheard Thanks for sharing it, My Queen \ud83d\udc4d https://t.co/Ae0SsruUf6", "id": "1037130559951171589", "public_metrics": {"retweet_count": 0, "reply_count": 0, "like_count": 3, "quote_count": 0}, "lang": "en", "replied_tweet": {"author_id": "807003567605227520", "created_at": "2018-09-04T23:49:54.000Z", "source": "Twitter Web Client", "text": "\"Broken Retablo for Being on My Back, My Feet Bare &amp; in the Air\" by Joe Jim\u00e9nez https://t.co/pG96hTSA9B", "id": "1037125633829031936", "public_metrics": {"retweet_count": 31, "reply_count": 7, "like_count": 168, "quote_count": 1}, "entities": {"annotations": [{"start": 1, "end": 62, "probability": 0.4838, "type": "Other", "normalized_text": "Broken Retablo for Being on My Back, My Feet Bare & in the Air"}, {"start": 68, "end": 78, "probability": 0.9949, "type": "Person", "normalized_text": "Joe Jim\u00e9nez"}], "urls": [{"start": 84, "end": 107, "url": "https://t.co/pG96hTSA9B", "expanded_url": "http://createsend.com/t/y-E81F258A3432838C", "display_url": "createsend.com/t/y-E81F258A34\u2026", "status": 200, "unwound_url": "http://createsend.com/t/y-E81F258A3432838C"}]}, "lang": "en", "author": {"created_at": "2016-12-08T23:26:58.000Z", "name": "Amber Heard", "id": "807003567605227520", "description": "Actor and Activist, semi-professional disruptor, ice cream advocate and shameless teacup yorkie-lover", "profile_image_url": "https://pbs.twimg.com/profile_images/1383196364792680448/N8CdupEu_normal.jpg", "url": "https://t.co/Ze18Ek9SOI", "location": "Los Angeles, CA", "public_metrics": {"followers_count": 190464, "following_count": 220, "tweet_count": 1151, "listed_count": 567}, "username": "realamberheard"}}, "author": {"created_at": "2015-12-06T17:21:06.000Z", "name": "STIRGUS SACCHETTI", "id": "4396120342", "description": "Only two things are infinite, the universe and human stupidity, and I'm not sure about the former. - Albert Einstein and Me!", "profile_image_url": "https://pbs.twimg.com/profile_images/1378175478478082050/UKLiQPuk_normal.jpg", "url": "", "public_metrics": {"followers_count": 678, "following_count": 296, "tweet_count": 58624, "listed_count": 26}, "username": "stirgussa"}}, {"author_id": "875884874535718912", "entities": {"mentions": [{"start": 0, "end": 15, "username": "realamberheard", "id": "807003567605227520"}]}, "created_at": "2018-09-05T00:06:35.000Z", "referenced_tweets": [{"type": "replied_to", "id": "1037125633829031936"}], "source": "Twitter for Android", "in_reply_to_user_id": "807003567605227520", "text": "@realamberheard love you so so so much \ud83d\udc9e", "id": "1037129833455738880", "public_metrics": {"retweet_count": 0, "reply_count": 0, "like_count": 1, "quote_count": 0}, "lang": "en", "replied_tweet": {"author_id": "807003567605227520", "created_at": "2018-09-04T23:49:54.000Z", "source": "Twitter Web Client", "text": "\"Broken Retablo for Being on My Back, My Feet Bare &amp; in the Air\" by Joe Jim\u00e9nez https://t.co/pG96hTSA9B", "id": "1037125633829031936", "public_metrics": {"retweet_count": 31, "reply_count": 7, "like_count": 168, "quote_count": 1}, "entities": {"annotations": [{"start": 1, "end": 62, "probability": 0.4838, "type": "Other", "normalized_text": "Broken Retablo for Being on My Back, My Feet Bare & in the Air"}, {"start": 68, "end": 78, "probability": 0.9949, "type": "Person", "normalized_text": "Joe Jim\u00e9nez"}], "urls": [{"start": 84, "end": 107, "url": "https://t.co/pG96hTSA9B", "expanded_url": "http://createsend.com/t/y-E81F258A3432838C", "display_url": "createsend.com/t/y-E81F258A34\u2026", "status": 200, "unwound_url": "http://createsend.com/t/y-E81F258A3432838C"}]}, "lang": "en", "author": {"created_at": "2016-12-08T23:26:58.000Z", "name": "Amber Heard", "id": "807003567605227520", "description": "Actor and Activist, semi-professional disruptor, ice cream advocate and shameless teacup yorkie-lover", "profile_image_url": "https://pbs.twimg.com/profile_images/1383196364792680448/N8CdupEu_normal.jpg", "url": "https://t.co/Ze18Ek9SOI", "location": "Los Angeles, CA", "public_metrics": {"followers_count": 190464, "following_count": 220, "tweet_count": 1151, "listed_count": 567}, "username": "realamberheard"}}, "author": {"created_at": "2017-06-17T01:16:42.000Z", "name": "lucille sharpe", "id": "875884874535718912", "description": "what would evan rachel wood do?", "profile_image_url": "https://pbs.twimg.com/profile_images/1386355649324457987/OaHmgKFY_normal.jpg", "url": "", "location": "ela/dela", "public_metrics": {"followers_count": 423, "following_count": 398, "tweet_count": 9999, "listed_count": 3}, "username": "evanrachxlswood"}}, {"author_id": "898355545", "entities": {"mentions": [{"start": 0, "end": 15, "username": "realamberheard", "id": "807003567605227520"}]}, "created_at": "2018-09-05T00:04:08.000Z", "referenced_tweets": [{"type": "replied_to", "id": "1037126552478044160"}], "source": "Twitter for Android", "in_reply_to_user_id": "807003567605227520", "text": "@realamberheard Hi baby love you so much, that's it.", "id": "1037129214296838144", "public_metrics": {"retweet_count": 0, "reply_count": 0, "like_count": 1, "quote_count": 0}, "lang": "en", "replied_tweet": {"author_id": "807003567605227520", "created_at": "2018-09-04T23:49:54.000Z", "source": "Twitter Web Client", "text": "\"Broken Retablo for Being on My Back, My Feet Bare &amp; in the Air\" by Joe Jim\u00e9nez https://t.co/pG96hTSA9B", "id": "1037125633829031936", "public_metrics": {"retweet_count": 31, "reply_count": 7, "like_count": 168, "quote_count": 1}, "entities": {"annotations": [{"start": 1, "end": 62, "probability": 0.4838, "type": "Other", "normalized_text": "Broken Retablo for Being on My Back, My Feet Bare & in the Air"}, {"start": 68, "end": 78, "probability": 0.9949, "type": "Person", "normalized_text": "Joe Jim\u00e9nez"}], "urls": [{"start": 84, "end": 107, "url": "https://t.co/pG96hTSA9B", "expanded_url": "http://createsend.com/t/y-E81F258A3432838C", "display_url": "createsend.com/t/y-E81F258A34\u2026", "status": 200, "unwound_url": "http://createsend.com/t/y-E81F258A3432838C"}]}, "lang": "en", "author": {"created_at": "2016-12-08T23:26:58.000Z", "name": "Amber Heard", "id": "807003567605227520", "description": "Actor and Activist, semi-professional disruptor, ice cream advocate and shameless teacup yorkie-lover", "profile_image_url": "https://pbs.twimg.com/profile_images/1383196364792680448/N8CdupEu_normal.jpg", "url": "https://t.co/Ze18Ek9SOI", "location": "Los Angeles, CA", "public_metrics": {"followers_count": 190464, "following_count": 220, "tweet_count": 1151, "listed_count": 567}, "username": "realamberheard"}}, "author": {"created_at": "2012-10-22T20:29:37.000Z", "name": "isabella", "id": "898355545", "description": "amber laura heard, isabella khair hadid and more (fan account)", "profile_image_url": "https://pbs.twimg.com/profile_images/1503899903982030850/oHmD6R3N_normal.jpg", "url": "https://t.co/XQNPeWEUfS", "location": "amber follows ", "public_metrics": {"followers_count": 1211, "following_count": 499, "tweet_count": 32355, "listed_count": 3}, "username": "heardfairy"}}, {"author_id": "898355545", "entities": {"mentions": [{"start": 0, "end": 15, "username": "realamberheard", "id": "807003567605227520"}]}, "created_at": "2018-09-05T00:00:22.000Z", "referenced_tweets": [{"type": "replied_to", "id": "1037126552478044160"}], "source": "Twitter for Android", "in_reply_to_user_id": "807003567605227520", "text": "@realamberheard Its so beautiful omg i love it", "id": "1037128267059417088", "public_metrics": {"retweet_count": 0, "reply_count": 0, "like_count": 1, "quote_count": 0}, "lang": "en", "replied_tweet": {"author_id": "807003567605227520", "created_at": "2018-09-04T23:49:54.000Z", "source": "Twitter Web Client", "text": "\"Broken Retablo for Being on My Back, My Feet Bare &amp; in the Air\" by Joe Jim\u00e9nez https://t.co/pG96hTSA9B", "id": "1037125633829031936", "public_metrics": {"retweet_count": 31, "reply_count": 7, "like_count": 168, "quote_count": 1}, "entities": {"annotations": [{"start": 1, "end": 62, "probability": 0.4838, "type": "Other", "normalized_text": "Broken Retablo for Being on My Back, My Feet Bare & in the Air"}, {"start": 68, "end": 78, "probability": 0.9949, "type": "Person", "normalized_text": "Joe Jim\u00e9nez"}], "urls": [{"start": 84, "end": 107, "url": "https://t.co/pG96hTSA9B", "expanded_url": "http://createsend.com/t/y-E81F258A3432838C", "display_url": "createsend.com/t/y-E81F258A34\u2026", "status": 200, "unwound_url": "http://createsend.com/t/y-E81F258A3432838C"}]}, "lang": "en", "author": {"created_at": "2016-12-08T23:26:58.000Z", "name": "Amber Heard", "id": "807003567605227520", "description": "Actor and Activist, semi-professional disruptor, ice cream advocate and shameless teacup yorkie-lover", "profile_image_url": "https://pbs.twimg.com/profile_images/1383196364792680448/N8CdupEu_normal.jpg", "url": "https://t.co/Ze18Ek9SOI", "location": "Los Angeles, CA", "public_metrics": {"followers_count": 190464, "following_count": 220, "tweet_count": 1151, "listed_count": 567}, "username": "realamberheard"}}, "author": {"created_at": "2012-10-22T20:29:37.000Z", "name": "isabella", "id": "898355545", "description": "amber laura heard, isabella khair hadid and more (fan account)", "profile_image_url": "https://pbs.twimg.com/profile_images/1503899903982030850/oHmD6R3N_normal.jpg", "url": "https://t.co/XQNPeWEUfS", "location": "amber follows ", "public_metrics": {"followers_count": 1211, "following_count": 499, "tweet_count": 32355, "listed_count": 3}, "username": "heardfairy"}}, {"author_id": "989633741114003456", "entities": {"mentions": [{"start": 0, "end": 15, "username": "realamberheard", "id": "807003567605227520"}], "annotations": [{"start": 21, "end": 25, "probability": 0.9383, "type": "Person", "normalized_text": "amber"}]}, "created_at": "2018-09-04T23:54:10.000Z", "referenced_tweets": [{"type": "replied_to", "id": "1037125633829031936"}], "source": "Twitter for Android", "in_reply_to_user_id": "807003567605227520", "text": "@realamberheard Dear amber,hope you had a happy day my freind !!\ud83d\ude36\ud83d\ude36\ud83d\ude44\ud83d\ude44", "id": "1037126708997054464", "public_metrics": {"retweet_count": 0, "reply_count": 0, "like_count": 1, "quote_count": 0}, "lang": "en", "replied_tweet": {"author_id": "807003567605227520", "created_at": "2018-09-04T23:49:54.000Z", "source": "Twitter Web Client", "text": "\"Broken Retablo for Being on My Back, My Feet Bare &amp; in the Air\" by Joe Jim\u00e9nez https://t.co/pG96hTSA9B", "id": "1037125633829031936", "public_metrics": {"retweet_count": 31, "reply_count": 7, "like_count": 168, "quote_count": 1}, "entities": {"annotations": [{"start": 1, "end": 62, "probability": 0.4838, "type": "Other", "normalized_text": "Broken Retablo for Being on My Back, My Feet Bare & in the Air"}, {"start": 68, "end": 78, "probability": 0.9949, "type": "Person", "normalized_text": "Joe Jim\u00e9nez"}], "urls": [{"start": 84, "end": 107, "url": "https://t.co/pG96hTSA9B", "expanded_url": "http://createsend.com/t/y-E81F258A3432838C", "display_url": "createsend.com/t/y-E81F258A34\u2026", "status": 200, "unwound_url": "http://createsend.com/t/y-E81F258A3432838C"}]}, "lang": "en", "author": {"created_at": "2016-12-08T23:26:58.000Z", "name": "Amber Heard", "id": "807003567605227520", "description": "Actor and Activist, semi-professional disruptor, ice cream advocate and shameless teacup yorkie-lover", "profile_image_url": "https://pbs.twimg.com/profile_images/1383196364792680448/N8CdupEu_normal.jpg", "url": "https://t.co/Ze18Ek9SOI", "location": "Los Angeles, CA", "public_metrics": {"followers_count": 190464, "following_count": 220, "tweet_count": 1151, "listed_count": 567}, "username": "realamberheard"}}, "author": {"created_at": "2018-04-26T22:34:05.000Z", "name": "Paulwalwanis", "id": "989633741114003456", "description": "Comedy,counselor", "profile_image_url": "https://abs.twimg.com/sticky/default_profile_images/default_profile_normal.png", "url": "", "location": "Long Island,new York", "public_metrics": {"followers_count": 39, "following_count": 269, "tweet_count": 44974, "listed_count": 0}, "username": "Paulwalwanis7"}}, {"author_id": "807003567605227520", "created_at": "2018-09-04T23:53:33.000Z", "referenced_tweets": [{"type": "replied_to", "id": "1037125633829031936"}], "source": "Twitter for iPhone", "in_reply_to_user_id": "807003567605227520", "text": "Love this inspired piece of poetry by Joe Jim\u00e9nez", "id": "1037126552478044160", "public_metrics": {"retweet_count": 20, "reply_count": 12, "like_count": 140, "quote_count": 1}, "entities": {"annotations": [{"start": 38, "end": 48, "probability": 0.9946, "type": "Person", "normalized_text": "Joe Jim\u00e9nez"}]}, "lang": "en", "replied_tweet": {"author_id": "807003567605227520", "created_at": "2018-09-04T23:49:54.000Z", "source": "Twitter Web Client", "text": "\"Broken Retablo for Being on My Back, My Feet Bare &amp; in the Air\" by Joe Jim\u00e9nez https://t.co/pG96hTSA9B", "id": "1037125633829031936", "public_metrics": {"retweet_count": 31, "reply_count": 7, "like_count": 168, "quote_count": 1}, "entities": {"annotations": [{"start": 1, "end": 62, "probability": 0.4838, "type": "Other", "normalized_text": "Broken Retablo for Being on My Back, My Feet Bare & in the Air"}, {"start": 68, "end": 78, "probability": 0.9949, "type": "Person", "normalized_text": "Joe Jim\u00e9nez"}], "urls": [{"start": 84, "end": 107, "url": "https://t.co/pG96hTSA9B", "expanded_url": "http://createsend.com/t/y-E81F258A3432838C", "display_url": "createsend.com/t/y-E81F258A34\u2026", "status": 200, "unwound_url": "http://createsend.com/t/y-E81F258A3432838C"}]}, "lang": "en", "author": {"created_at": "2016-12-08T23:26:58.000Z", "name": "Amber Heard", "id": "807003567605227520", "description": "Actor and Activist, semi-professional disruptor, ice cream advocate and shameless teacup yorkie-lover", "profile_image_url": "https://pbs.twimg.com/profile_images/1383196364792680448/N8CdupEu_normal.jpg", "url": "https://t.co/Ze18Ek9SOI", "location": "Los Angeles, CA", "public_metrics": {"followers_count": 190464, "following_count": 220, "tweet_count": 1151, "listed_count": 567}, "username": "realamberheard"}}, "author": {"created_at": "2016-12-08T23:26:58.000Z", "name": "Amber Heard", "id": "807003567605227520", "description": "Actor and Activist, semi-professional disruptor, ice cream advocate and shameless teacup yorkie-lover", "profile_image_url": "https://pbs.twimg.com/profile_images/1383196364792680448/N8CdupEu_normal.jpg", "url": "https://t.co/Ze18Ek9SOI", "location": "Los Angeles, CA", "public_metrics": {"followers_count": 190464, "following_count": 220, "tweet_count": 1151, "listed_count": 567}, "username": "realamberheard"}}]