[{"source": "Twitter for Android", "text": "@realamberheard @UNHumanRights Dear amber,a excellent leader is always ready to teach their followers my freind!!", "lang": "en", "entities": {"annotations": [{"start": 36, "end": 40, "probability": 0.8305, "type": "Person", "normalized_text": "amber"}], "mentions": [{"start": 0, "end": 15, "username": "realamberheard", "id": "807003567605227520"}, {"start": 16, "end": 30, "username": "UNHumanRights", "id": "69231187"}]}, "created_at": "2018-10-09T00:14:41.000Z", "in_reply_to_user_id": "807003567605227520", "public_metrics": {"retweet_count": 0, "reply_count": 0, "like_count": 1, "quote_count": 0}, "author_id": "989633741114003456", "referenced_tweets": [{"type": "replied_to", "id": "1043983560955363330"}], "id": "1049453058269356033", "replied_tweet": {"source": "OS X", "text": "It\u2019s so refreshing to be asked intelligent questions &amp; be part of a real dialogue @UNHumanRights #2030NOW https://t.co/iAlcvSuP69", "lang": "en", "created_at": "2018-09-23T22:00:51.000Z", "entities": {"mentions": [{"start": 86, "end": 100, "username": "UNHumanRights", "id": "69231187"}], "urls": [{"start": 110, "end": 133, "url": "https://t.co/iAlcvSuP69", "expanded_url": "https://twitter.com/realamberheard/status/1043983560955363330/photo/1", "display_url": "pic.twitter.com/iAlcvSuP69"}], "hashtags": [{"start": 101, "end": 109, "tag": "2030NOW"}]}, "public_metrics": {"retweet_count": 66, "reply_count": 23, "like_count": 606, "quote_count": 2}, "author_id": "807003567605227520", "id": "1043983560955363330", "author": {"username": "realamberheard", "location": "Los Angeles, CA", "public_metrics": {"followers_count": 190463, "following_count": 220, "tweet_count": 1151, "listed_count": 567}, "name": "Amber Heard", "url": "https://t.co/Ze18Ek9SOI", "id": "807003567605227520", "created_at": "2016-12-08T23:26:58.000Z", "profile_image_url": "https://pbs.twimg.com/profile_images/1383196364792680448/N8CdupEu_normal.jpg", "description": "Actor and Activist, semi-professional disruptor, ice cream advocate and shameless teacup yorkie-lover"}}, "author": {"username": "Paulwalwanis7", "location": "Long Island,new York", "public_metrics": {"followers_count": 39, "following_count": 269, "tweet_count": 44974, "listed_count": 0}, "name": "Paulwalwanis", "url": "", "id": "989633741114003456", "created_at": "2018-04-26T22:34:05.000Z", "profile_image_url": "https://abs.twimg.com/sticky/default_profile_images/default_profile_normal.png", "description": "Comedy,counselor"}}, {"source": "Twitter Web App", "text": "@realamberheard @UNHumanRights Is it a joke? Is Amber Heard part of UN?", "lang": "en", "entities": {"annotations": [{"start": 48, "end": 52, "probability": 0.9415, "type": "Person", "normalized_text": "Amber"}], "mentions": [{"start": 0, "end": 15, "username": "realamberheard", "id": "807003567605227520"}, {"start": 16, "end": 30, "username": "UNHumanRights", "id": "69231187"}]}, "created_at": "2018-09-28T15:18:23.000Z", "in_reply_to_user_id": "807003567605227520", "public_metrics": {"retweet_count": 0, "reply_count": 0, "like_count": 1, "quote_count": 0}, "author_id": "824320076946014211", "referenced_tweets": [{"type": "replied_to", "id": "1043983560955363330"}], "id": "1045694214271639552", "replied_tweet": {"source": "OS X", "text": "It\u2019s so refreshing to be asked intelligent questions &amp; be part of a real dialogue @UNHumanRights #2030NOW https://t.co/iAlcvSuP69", "lang": "en", "created_at": "2018-09-23T22:00:51.000Z", "entities": {"mentions": [{"start": 86, "end": 100, "username": "UNHumanRights", "id": "69231187"}], "urls": [{"start": 110, "end": 133, "url": "https://t.co/iAlcvSuP69", "expanded_url": "https://twitter.com/realamberheard/status/1043983560955363330/photo/1", "display_url": "pic.twitter.com/iAlcvSuP69"}], "hashtags": [{"start": 101, "end": 109, "tag": "2030NOW"}]}, "public_metrics": {"retweet_count": 66, "reply_count": 23, "like_count": 606, "quote_count": 2}, "author_id": "807003567605227520", "id": "1043983560955363330", "author": {"username": "realamberheard", "location": "Los Angeles, CA", "public_metrics": {"followers_count": 190463, "following_count": 220, "tweet_count": 1151, "listed_count": 567}, "name": "Amber Heard", "url": "https://t.co/Ze18Ek9SOI", "id": "807003567605227520", "created_at": "2016-12-08T23:26:58.000Z", "profile_image_url": "https://pbs.twimg.com/profile_images/1383196364792680448/N8CdupEu_normal.jpg", "description": "Actor and Activist, semi-professional disruptor, ice cream advocate and shameless teacup yorkie-lover"}}, "author": {"username": "wiedmarcel1", "public_metrics": {"followers_count": 13, "following_count": 50, "tweet_count": 597, "listed_count": 0}, "name": "marcel wiedmayer", "url": "", "id": "824320076946014211", "created_at": "2017-01-25T18:16:36.000Z", "profile_image_url": "https://pbs.twimg.com/profile_images/824324699819769856/ZDi9SWfd_normal.jpg", "description": ""}}, {"source": "Twitter for Android", "text": "@realamberheard @UNHumanRights Yeah this is good 90% see how media whore you are.. But they did already know about easy amber two...did you know your last once...opsy easy", "lang": "en", "created_at": "2018-09-27T20:14:39.000Z", "entities": {"mentions": [{"start": 0, "end": 15, "username": "realamberheard", "id": "807003567605227520"}, {"start": 16, "end": 30, "username": "UNHumanRights", "id": "69231187"}]}, "in_reply_to_user_id": "807003567605227520", "public_metrics": {"retweet_count": 1, "reply_count": 0, "like_count": 4, "quote_count": 0}, "author_id": "1045359070708985856", "referenced_tweets": [{"type": "replied_to", "id": "1043983560955363330"}], "id": "1045406385842901002", "replied_tweet": {"source": "OS X", "text": "It\u2019s so refreshing to be asked intelligent questions &amp; be part of a real dialogue @UNHumanRights #2030NOW https://t.co/iAlcvSuP69", "lang": "en", "created_at": "2018-09-23T22:00:51.000Z", "entities": {"mentions": [{"start": 86, "end": 100, "username": "UNHumanRights", "id": "69231187"}], "urls": [{"start": 110, "end": 133, "url": "https://t.co/iAlcvSuP69", "expanded_url": "https://twitter.com/realamberheard/status/1043983560955363330/photo/1", "display_url": "pic.twitter.com/iAlcvSuP69"}], "hashtags": [{"start": 101, "end": 109, "tag": "2030NOW"}]}, "public_metrics": {"retweet_count": 66, "reply_count": 23, "like_count": 606, "quote_count": 2}, "author_id": "807003567605227520", "id": "1043983560955363330", "author": {"username": "realamberheard", "location": "Los Angeles, CA", "public_metrics": {"followers_count": 190463, "following_count": 220, "tweet_count": 1151, "listed_count": 567}, "name": "Amber Heard", "url": "https://t.co/Ze18Ek9SOI", "id": "807003567605227520", "created_at": "2016-12-08T23:26:58.000Z", "profile_image_url": "https://pbs.twimg.com/profile_images/1383196364792680448/N8CdupEu_normal.jpg", "description": "Actor and Activist, semi-professional disruptor, ice cream advocate and shameless teacup yorkie-lover"}}, "author": {"username": "MaJones62272154", "location": "Eveywhere", "public_metrics": {"followers_count": 4, "following_count": 10, "tweet_count": 29, "listed_count": 0}, "name": "Ms.Jones", "url": "", "id": "1045359070708985856", "created_at": "2018-09-27T17:06:39.000Z", "profile_image_url": "https://pbs.twimg.com/profile_images/1045410421770002442/sOdJx4wE_normal.jpg", "description": "you can always choose who you want to be ! \ud83d\ude08\ud83d\ude07\nproud member in BBAH club \u2764"}}, {"source": "Twitter for Android", "text": "@realamberheard @UNHumanRights Dear amber,how about hot pockets rather than hot mics,ha,ha!!!\ud83d\ude1b\ud83d\ude1b\ud83d\ude1b", "lang": "en", "entities": {"annotations": [{"start": 36, "end": 40, "probability": 0.7871, "type": "Person", "normalized_text": "amber"}], "mentions": [{"start": 0, "end": 15, "username": "realamberheard", "id": "807003567605227520"}, {"start": 16, "end": 30, "username": "UNHumanRights", "id": "69231187"}]}, "created_at": "2018-09-26T18:32:31.000Z", "in_reply_to_user_id": "807003567605227520", "public_metrics": {"retweet_count": 0, "reply_count": 0, "like_count": 1, "quote_count": 0}, "author_id": "989633741114003456", "referenced_tweets": [{"type": "replied_to", "id": "1043983560955363330"}], "id": "1045018293105512448", "replied_tweet": {"source": "OS X", "text": "It\u2019s so refreshing to be asked intelligent questions &amp; be part of a real dialogue @UNHumanRights #2030NOW https://t.co/iAlcvSuP69", "lang": "en", "created_at": "2018-09-23T22:00:51.000Z", "entities": {"mentions": [{"start": 86, "end": 100, "username": "UNHumanRights", "id": "69231187"}], "urls": [{"start": 110, "end": 133, "url": "https://t.co/iAlcvSuP69", "expanded_url": "https://twitter.com/realamberheard/status/1043983560955363330/photo/1", "display_url": "pic.twitter.com/iAlcvSuP69"}], "hashtags": [{"start": 101, "end": 109, "tag": "2030NOW"}]}, "public_metrics": {"retweet_count": 66, "reply_count": 23, "like_count": 606, "quote_count": 2}, "author_id": "807003567605227520", "id": "1043983560955363330", "author": {"username": "realamberheard", "location": "Los Angeles, CA", "public_metrics": {"followers_count": 190463, "following_count": 220, "tweet_count": 1151, "listed_count": 567}, "name": "Amber Heard", "url": "https://t.co/Ze18Ek9SOI", "id": "807003567605227520", "created_at": "2016-12-08T23:26:58.000Z", "profile_image_url": "https://pbs.twimg.com/profile_images/1383196364792680448/N8CdupEu_normal.jpg", "description": "Actor and Activist, semi-professional disruptor, ice cream advocate and shameless teacup yorkie-lover"}}, "author": {"username": "Paulwalwanis7", "location": "Long Island,new York", "public_metrics": {"followers_count": 39, "following_count": 269, "tweet_count": 44974, "listed_count": 0}, "name": "Paulwalwanis", "url": "", "id": "989633741114003456", "created_at": "2018-04-26T22:34:05.000Z", "profile_image_url": "https://abs.twimg.com/sticky/default_profile_images/default_profile_normal.png", "description": "Comedy,counselor"}}, {"source": "Twitter for iPad", "text": "@realamberheard @UNHumanRights Be a voice for Iranians rights. #IraniansWantRegimeChange", "lang": "en", "created_at": "2018-09-25T16:48:48.000Z", "entities": {"mentions": [{"start": 0, "end": 15, "username": "realamberheard", "id": "807003567605227520"}, {"start": 16, "end": 30, "username": "UNHumanRights", "id": "69231187"}], "hashtags": [{"start": 63, "end": 88, "tag": "IraniansWantRegimeChange"}]}, "in_reply_to_user_id": "807003567605227520", "public_metrics": {"retweet_count": 0, "reply_count": 0, "like_count": 0, "quote_count": 0}, "author_id": "1004369656369549312", "referenced_tweets": [{"type": "replied_to", "id": "1043983560955363330"}], "id": "1044629804685946881", "replied_tweet": {"source": "OS X", "text": "It\u2019s so refreshing to be asked intelligent questions &amp; be part of a real dialogue @UNHumanRights #2030NOW https://t.co/iAlcvSuP69", "lang": "en", "created_at": "2018-09-23T22:00:51.000Z", "entities": {"mentions": [{"start": 86, "end": 100, "username": "UNHumanRights", "id": "69231187"}], "urls": [{"start": 110, "end": 133, "url": "https://t.co/iAlcvSuP69", "expanded_url": "https://twitter.com/realamberheard/status/1043983560955363330/photo/1", "display_url": "pic.twitter.com/iAlcvSuP69"}], "hashtags": [{"start": 101, "end": 109, "tag": "2030NOW"}]}, "public_metrics": {"retweet_count": 66, "reply_count": 23, "like_count": 606, "quote_count": 2}, "author_id": "807003567605227520", "id": "1043983560955363330", "author": {"username": "realamberheard", "location": "Los Angeles, CA", "public_metrics": {"followers_count": 190463, "following_count": 220, "tweet_count": 1151, "listed_count": 567}, "name": "Amber Heard", "url": "https://t.co/Ze18Ek9SOI", "id": "807003567605227520", "created_at": "2016-12-08T23:26:58.000Z", "profile_image_url": "https://pbs.twimg.com/profile_images/1383196364792680448/N8CdupEu_normal.jpg", "description": "Actor and Activist, semi-professional disruptor, ice cream advocate and shameless teacup yorkie-lover"}}, "author": {"username": "judahbenhurrr", "location": "casablanca", "public_metrics": {"followers_count": 320, "following_count": 1065, "tweet_count": 3549, "listed_count": 1}, "name": "\u0631\u06cc\u06a9 \u0628\u0644\u0650\u06cc\u0646", "url": "", "id": "1004369656369549312", "created_at": "2018-06-06T14:29:21.000Z", "profile_image_url": "https://pbs.twimg.com/profile_images/1470341409521737728/gtRKIObV_normal.jpg", "description": ""}}, {"source": "Twitter for Android", "text": "@realamberheard @UNHumanRights Dear amber ,hey!! I hope you had a happy day my freind!!", "lang": "en", "entities": {"annotations": [{"start": 36, "end": 40, "probability": 0.8285, "type": "Person", "normalized_text": "amber"}], "mentions": [{"start": 0, "end": 15, "username": "realamberheard", "id": "807003567605227520"}, {"start": 16, "end": 30, "username": "UNHumanRights", "id": "69231187"}]}, "created_at": "2018-09-24T23:50:08.000Z", "in_reply_to_user_id": "807003567605227520", "public_metrics": {"retweet_count": 0, "reply_count": 1, "like_count": 1, "quote_count": 0}, "author_id": "989633741114003456", "referenced_tweets": [{"type": "replied_to", "id": "1043983560955363330"}], "id": "1044373447437094912", "replied_tweet": {"source": "OS X", "text": "It\u2019s so refreshing to be asked intelligent questions &amp; be part of a real dialogue @UNHumanRights #2030NOW https://t.co/iAlcvSuP69", "lang": "en", "created_at": "2018-09-23T22:00:51.000Z", "entities": {"mentions": [{"start": 86, "end": 100, "username": "UNHumanRights", "id": "69231187"}], "urls": [{"start": 110, "end": 133, "url": "https://t.co/iAlcvSuP69", "expanded_url": "https://twitter.com/realamberheard/status/1043983560955363330/photo/1", "display_url": "pic.twitter.com/iAlcvSuP69"}], "hashtags": [{"start": 101, "end": 109, "tag": "2030NOW"}]}, "public_metrics": {"retweet_count": 66, "reply_count": 23, "like_count": 606, "quote_count": 2}, "author_id": "807003567605227520", "id": "1043983560955363330", "author": {"username": "realamberheard", "location": "Los Angeles, CA", "public_metrics": {"followers_count": 190463, "following_count": 220, "tweet_count": 1151, "listed_count": 567}, "name": "Amber Heard", "url": "https://t.co/Ze18Ek9SOI", "id": "807003567605227520", "created_at": "2016-12-08T23:26:58.000Z", "profile_image_url": "https://pbs.twimg.com/profile_images/1383196364792680448/N8CdupEu_normal.jpg", "description": "Actor and Activist, semi-professional disruptor, ice cream advocate and shameless teacup yorkie-lover"}}, "author": {"username": "Paulwalwanis7", "location": "Long Island,new York", "public_metrics": {"followers_count": 39, "following_count": 269, "tweet_count": 44974, "listed_count": 0}, "name": "Paulwalwanis", "url": "", "id": "989633741114003456", "created_at": "2018-04-26T22:34:05.000Z", "profile_image_url": "https://abs.twimg.com/sticky/default_profile_images/default_profile_normal.png", "description": "Comedy,counselor"}}, {"source": "Twitter for Android", "text": "@realamberheard @UNHumanRights Tu es intelligente Amber tu sais ou mettre tes r\u00e9ponses merci je t aime", "lang": "fr", "created_at": "2018-09-24T18:45:20.000Z", "entities": {"mentions": [{"start": 0, "end": 15, "username": "realamberheard", "id": "807003567605227520"}, {"start": 16, "end": 30, "username": "UNHumanRights", "id": "69231187"}]}, "in_reply_to_user_id": "807003567605227520", "public_metrics": {"retweet_count": 0, "reply_count": 0, "like_count": 3, "quote_count": 0}, "author_id": "827604575465197573", "referenced_tweets": [{"type": "replied_to", "id": "1043983560955363330"}], "id": "1044296744723533826", "replied_tweet": {"source": "OS X", "text": "It\u2019s so refreshing to be asked intelligent questions &amp; be part of a real dialogue @UNHumanRights #2030NOW https://t.co/iAlcvSuP69", "lang": "en", "created_at": "2018-09-23T22:00:51.000Z", "entities": {"mentions": [{"start": 86, "end": 100, "username": "UNHumanRights", "id": "69231187"}], "urls": [{"start": 110, "end": 133, "url": "https://t.co/iAlcvSuP69", "expanded_url": "https://twitter.com/realamberheard/status/1043983560955363330/photo/1", "display_url": "pic.twitter.com/iAlcvSuP69"}], "hashtags": [{"start": 101, "end": 109, "tag": "2030NOW"}]}, "public_metrics": {"retweet_count": 66, "reply_count": 23, "like_count": 606, "quote_count": 2}, "author_id": "807003567605227520", "id": "1043983560955363330", "author": {"username": "realamberheard", "location": "Los Angeles, CA", "public_metrics": {"followers_count": 190463, "following_count": 220, "tweet_count": 1151, "listed_count": 567}, "name": "Amber Heard", "url": "https://t.co/Ze18Ek9SOI", "id": "807003567605227520", "created_at": "2016-12-08T23:26:58.000Z", "profile_image_url": "https://pbs.twimg.com/profile_images/1383196364792680448/N8CdupEu_normal.jpg", "description": "Actor and Activist, semi-professional disruptor, ice cream advocate and shameless teacup yorkie-lover"}}, "author": {"username": "TayabNacer", "public_metrics": {"followers_count": 30, "following_count": 85, "tweet_count": 9606, "listed_count": 0}, "name": "tayab nacer eddine", "url": "", "id": "827604575465197573", "created_at": "2017-02-03T19:48:01.000Z", "profile_image_url": "https://abs.twimg.com/sticky/default_profile_images/default_profile_normal.png", "description": ""}}, {"source": "Twitter Web Client", "text": "@realamberheard @UNHumanRights Admire you, Amber!", "lang": "en", "entities": {"annotations": [{"start": 43, "end": 47, "probability": 0.9334, "type": "Person", "normalized_text": "Amber"}], "mentions": [{"start": 0, "end": 15, "username": "realamberheard", "id": "807003567605227520"}, {"start": 16, "end": 30, "username": "UNHumanRights", "id": "69231187"}]}, "created_at": "2018-09-24T09:48:41.000Z", "in_reply_to_user_id": "807003567605227520", "public_metrics": {"retweet_count": 0, "reply_count": 1, "like_count": 1, "quote_count": 0}, "author_id": "531670422", "referenced_tweets": [{"type": "replied_to", "id": "1043983560955363330"}], "id": "1044161692341587969", "replied_tweet": {"source": "OS X", "text": "It\u2019s so refreshing to be asked intelligent questions &amp; be part of a real dialogue @UNHumanRights #2030NOW https://t.co/iAlcvSuP69", "lang": "en", "created_at": "2018-09-23T22:00:51.000Z", "entities": {"mentions": [{"start": 86, "end": 100, "username": "UNHumanRights", "id": "69231187"}], "urls": [{"start": 110, "end": 133, "url": "https://t.co/iAlcvSuP69", "expanded_url": "https://twitter.com/realamberheard/status/1043983560955363330/photo/1", "display_url": "pic.twitter.com/iAlcvSuP69"}], "hashtags": [{"start": 101, "end": 109, "tag": "2030NOW"}]}, "public_metrics": {"retweet_count": 66, "reply_count": 23, "like_count": 606, "quote_count": 2}, "author_id": "807003567605227520", "id": "1043983560955363330", "author": {"username": "realamberheard", "location": "Los Angeles, CA", "public_metrics": {"followers_count": 190463, "following_count": 220, "tweet_count": 1151, "listed_count": 567}, "name": "Amber Heard", "url": "https://t.co/Ze18Ek9SOI", "id": "807003567605227520", "created_at": "2016-12-08T23:26:58.000Z", "profile_image_url": "https://pbs.twimg.com/profile_images/1383196364792680448/N8CdupEu_normal.jpg", "description": "Actor and Activist, semi-professional disruptor, ice cream advocate and shameless teacup yorkie-lover"}}, "author": {"username": "dentsekhovich", "public_metrics": {"followers_count": 4, "following_count": 17, "tweet_count": 774, "listed_count": 0}, "name": "Denis Tsekhovich", "url": "https://t.co/PPW1cnJMU1", "id": "531670422", "created_at": "2012-03-20T19:51:33.000Z", "profile_image_url": "https://pbs.twimg.com/profile_images/1436275515103526917/SFik1VLu_normal.jpg", "description": ""}}, {"source": "Twitter for iPhone", "text": "@realamberheard @UNHumanRights I heard amazing things! I had to work, but I can\u2019t wait to see it when I get home (if someone uploaded it \u2764\ufe0f). Thanks for caring so much. It\u2019s really inspiring!", "lang": "en", "created_at": "2018-09-24T00:18:55.000Z", "entities": {"mentions": [{"start": 0, "end": 15, "username": "realamberheard", "id": "807003567605227520"}, {"start": 16, "end": 30, "username": "UNHumanRights", "id": "69231187"}]}, "in_reply_to_user_id": "807003567605227520", "public_metrics": {"retweet_count": 0, "reply_count": 0, "like_count": 6, "quote_count": 0}, "author_id": "874984340", "referenced_tweets": [{"type": "replied_to", "id": "1043983560955363330"}], "id": "1044018307093925888", "replied_tweet": {"source": "OS X", "text": "It\u2019s so refreshing to be asked intelligent questions &amp; be part of a real dialogue @UNHumanRights #2030NOW https://t.co/iAlcvSuP69", "lang": "en", "created_at": "2018-09-23T22:00:51.000Z", "entities": {"mentions": [{"start": 86, "end": 100, "username": "UNHumanRights", "id": "69231187"}], "urls": [{"start": 110, "end": 133, "url": "https://t.co/iAlcvSuP69", "expanded_url": "https://twitter.com/realamberheard/status/1043983560955363330/photo/1", "display_url": "pic.twitter.com/iAlcvSuP69"}], "hashtags": [{"start": 101, "end": 109, "tag": "2030NOW"}]}, "public_metrics": {"retweet_count": 66, "reply_count": 23, "like_count": 606, "quote_count": 2}, "author_id": "807003567605227520", "id": "1043983560955363330", "author": {"username": "realamberheard", "location": "Los Angeles, CA", "public_metrics": {"followers_count": 190463, "following_count": 220, "tweet_count": 1151, "listed_count": 567}, "name": "Amber Heard", "url": "https://t.co/Ze18Ek9SOI", "id": "807003567605227520", "created_at": "2016-12-08T23:26:58.000Z", "profile_image_url": "https://pbs.twimg.com/profile_images/1383196364792680448/N8CdupEu_normal.jpg", "description": "Actor and Activist, semi-professional disruptor, ice cream advocate and shameless teacup yorkie-lover"}}, "author": {"username": "animalhugger91", "public_metrics": {"followers_count": 338, "following_count": 315, "tweet_count": 26825, "listed_count": 15}, "name": "Lexi", "url": "", "id": "874984340", "created_at": "2012-10-12T05:22:26.000Z", "profile_image_url": "https://pbs.twimg.com/profile_images/1451763808968523777/qJNzYCWU_normal.jpg", "description": "Here to fangirl about fangirl things. I also retweet a lot of animal stuff and posts to raise social awareness. Beware my page. Pronouns: she/her"}}, {"source": "Twitter for Android", "text": "@realamberheard @UNHumanRights What's wrong with Aquaman quesyons? JK you are such an inspiration", "lang": "en", "entities": {"annotations": [{"start": 49, "end": 55, "probability": 0.8243, "type": "Person", "normalized_text": "Aquaman"}], "mentions": [{"start": 0, "end": 15, "username": "realamberheard", "id": "807003567605227520"}, {"start": 16, "end": 30, "username": "UNHumanRights", "id": "69231187"}]}, "created_at": "2018-09-23T22:56:59.000Z", "in_reply_to_user_id": "807003567605227520", "public_metrics": {"retweet_count": 0, "reply_count": 0, "like_count": 1, "quote_count": 0}, "author_id": "886802756312350720", "referenced_tweets": [{"type": "replied_to", "id": "1043983560955363330"}], "id": "1043997685533949953", "replied_tweet": {"source": "OS X", "text": "It\u2019s so refreshing to be asked intelligent questions &amp; be part of a real dialogue @UNHumanRights #2030NOW https://t.co/iAlcvSuP69", "lang": "en", "created_at": "2018-09-23T22:00:51.000Z", "entities": {"mentions": [{"start": 86, "end": 100, "username": "UNHumanRights", "id": "69231187"}], "urls": [{"start": 110, "end": 133, "url": "https://t.co/iAlcvSuP69", "expanded_url": "https://twitter.com/realamberheard/status/1043983560955363330/photo/1", "display_url": "pic.twitter.com/iAlcvSuP69"}], "hashtags": [{"start": 101, "end": 109, "tag": "2030NOW"}]}, "public_metrics": {"retweet_count": 66, "reply_count": 23, "like_count": 606, "quote_count": 2}, "author_id": "807003567605227520", "id": "1043983560955363330", "author": {"username": "realamberheard", "location": "Los Angeles, CA", "public_metrics": {"followers_count": 190463, "following_count": 220, "tweet_count": 1151, "listed_count": 567}, "name": "Amber Heard", "url": "https://t.co/Ze18Ek9SOI", "id": "807003567605227520", "created_at": "2016-12-08T23:26:58.000Z", "profile_image_url": "https://pbs.twimg.com/profile_images/1383196364792680448/N8CdupEu_normal.jpg", "description": "Actor and Activist, semi-professional disruptor, ice cream advocate and shameless teacup yorkie-lover"}}, "author": {"username": "Ruloman2009", "location": "Juarez", "public_metrics": {"followers_count": 8, "following_count": 113, "tweet_count": 431, "listed_count": 0}, "name": "Rulo", "url": "", "id": "886802756312350720", "created_at": "2017-07-17T04:20:27.000Z", "profile_image_url": "https://pbs.twimg.com/profile_images/1049488899012055040/2Obmakgy_normal.jpg", "description": "Don't follow me I'm boring (wink wink)"}}, {"source": "Twitter for Android", "text": "@realamberheard @UNHumanRights It must be so boring to be asked always \"who are you wearing?\" Instead of some real questions \ud83d\ude06\n\nBut yeah, this are the questions that really matters \ud83d\udc4d", "lang": "en", "created_at": "2018-09-23T22:49:31.000Z", "entities": {"mentions": [{"start": 0, "end": 15, "username": "realamberheard", "id": "807003567605227520"}, {"start": 16, "end": 30, "username": "UNHumanRights", "id": "69231187"}]}, "in_reply_to_user_id": "807003567605227520", "public_metrics": {"retweet_count": 0, "reply_count": 0, "like_count": 5, "quote_count": 0}, "author_id": "4396120342", "referenced_tweets": [{"type": "replied_to", "id": "1043983560955363330"}], "id": "1043995806750187521", "replied_tweet": {"source": "OS X", "text": "It\u2019s so refreshing to be asked intelligent questions &amp; be part of a real dialogue @UNHumanRights #2030NOW https://t.co/iAlcvSuP69", "lang": "en", "created_at": "2018-09-23T22:00:51.000Z", "entities": {"mentions": [{"start": 86, "end": 100, "username": "UNHumanRights", "id": "69231187"}], "urls": [{"start": 110, "end": 133, "url": "https://t.co/iAlcvSuP69", "expanded_url": "https://twitter.com/realamberheard/status/1043983560955363330/photo/1", "display_url": "pic.twitter.com/iAlcvSuP69"}], "hashtags": [{"start": 101, "end": 109, "tag": "2030NOW"}]}, "public_metrics": {"retweet_count": 66, "reply_count": 23, "like_count": 606, "quote_count": 2}, "author_id": "807003567605227520", "id": "1043983560955363330", "author": {"username": "realamberheard", "location": "Los Angeles, CA", "public_metrics": {"followers_count": 190463, "following_count": 220, "tweet_count": 1151, "listed_count": 567}, "name": "Amber Heard", "url": "https://t.co/Ze18Ek9SOI", "id": "807003567605227520", "created_at": "2016-12-08T23:26:58.000Z", "profile_image_url": "https://pbs.twimg.com/profile_images/1383196364792680448/N8CdupEu_normal.jpg", "description": "Actor and Activist, semi-professional disruptor, ice cream advocate and shameless teacup yorkie-lover"}}, "author": {"username": "stirgussa", "public_metrics": {"followers_count": 678, "following_count": 296, "tweet_count": 58624, "listed_count": 26}, "name": "STIRGUS SACCHETTI", "url": "", "id": "4396120342", "created_at": "2015-12-06T17:21:06.000Z", "profile_image_url": "https://pbs.twimg.com/profile_images/1378175478478082050/UKLiQPuk_normal.jpg", "description": "Only two things are infinite, the universe and human stupidity, and I'm not sure about the former. - Albert Einstein and Me!"}}, {"source": "Twitter for Android", "text": "@realamberheard @UNHumanRights https://t.co/ICC9f3HOcJ", "lang": "und", "created_at": "2018-09-23T22:05:56.000Z", "entities": {"mentions": [{"start": 0, "end": 15, "username": "realamberheard", "id": "807003567605227520"}, {"start": 16, "end": 30, "username": "UNHumanRights", "id": "69231187"}], "urls": [{"start": 31, "end": 54, "url": "https://t.co/ICC9f3HOcJ", "expanded_url": "https://twitter.com/swimethan/status/1043984840553418752/photo/1", "display_url": "pic.twitter.com/ICC9f3HOcJ"}]}, "in_reply_to_user_id": "807003567605227520", "public_metrics": {"retweet_count": 0, "reply_count": 0, "like_count": 2, "quote_count": 0}, "author_id": "64137996", "referenced_tweets": [{"type": "replied_to", "id": "1043983560955363330"}], "id": "1043984840553418752", "replied_tweet": {"source": "OS X", "text": "It\u2019s so refreshing to be asked intelligent questions &amp; be part of a real dialogue @UNHumanRights #2030NOW https://t.co/iAlcvSuP69", "lang": "en", "created_at": "2018-09-23T22:00:51.000Z", "entities": {"mentions": [{"start": 86, "end": 100, "username": "UNHumanRights", "id": "69231187"}], "urls": [{"start": 110, "end": 133, "url": "https://t.co/iAlcvSuP69", "expanded_url": "https://twitter.com/realamberheard/status/1043983560955363330/photo/1", "display_url": "pic.twitter.com/iAlcvSuP69"}], "hashtags": [{"start": 101, "end": 109, "tag": "2030NOW"}]}, "public_metrics": {"retweet_count": 66, "reply_count": 23, "like_count": 606, "quote_count": 2}, "author_id": "807003567605227520", "id": "1043983560955363330", "author": {"username": "realamberheard", "location": "Los Angeles, CA", "public_metrics": {"followers_count": 190463, "following_count": 220, "tweet_count": 1151, "listed_count": 567}, "name": "Amber Heard", "url": "https://t.co/Ze18Ek9SOI", "id": "807003567605227520", "created_at": "2016-12-08T23:26:58.000Z", "profile_image_url": "https://pbs.twimg.com/profile_images/1383196364792680448/N8CdupEu_normal.jpg", "description": "Actor and Activist, semi-professional disruptor, ice cream advocate and shameless teacup yorkie-lover"}}, "author": {"username": "swimethan", "location": "Fourth World", "public_metrics": {"followers_count": 879, "following_count": 2819, "tweet_count": 126458, "listed_count": 51}, "name": "ethan\ud83c\uddf5\ud83c\udded", "url": "", "id": "64137996", "created_at": "2009-08-09T08:22:43.000Z", "profile_image_url": "https://pbs.twimg.com/profile_images/1270255366836649984/wK55jA4Z_normal.jpg", "description": "DC/Marvel/Cinephile/KPOP and currently surviving life"}}, {"source": "Twitter for Android", "text": "@realamberheard @UNHumanRights Dear amber,we all live in a critical time my freind !!", "lang": "en", "entities": {"annotations": [{"start": 36, "end": 40, "probability": 0.8389, "type": "Person", "normalized_text": "amber"}], "mentions": [{"start": 0, "end": 15, "username": "realamberheard", "id": "807003567605227520"}, {"start": 16, "end": 30, "username": "UNHumanRights", "id": "69231187"}]}, "created_at": "2018-09-23T22:04:17.000Z", "in_reply_to_user_id": "807003567605227520", "public_metrics": {"retweet_count": 0, "reply_count": 0, "like_count": 2, "quote_count": 0}, "author_id": "989633741114003456", "referenced_tweets": [{"type": "replied_to", "id": "1043983560955363330"}], "id": "1043984421559422977", "replied_tweet": {"source": "OS X", "text": "It\u2019s so refreshing to be asked intelligent questions &amp; be part of a real dialogue @UNHumanRights #2030NOW https://t.co/iAlcvSuP69", "lang": "en", "created_at": "2018-09-23T22:00:51.000Z", "entities": {"mentions": [{"start": 86, "end": 100, "username": "UNHumanRights", "id": "69231187"}], "urls": [{"start": 110, "end": 133, "url": "https://t.co/iAlcvSuP69", "expanded_url": "https://twitter.com/realamberheard/status/1043983560955363330/photo/1", "display_url": "pic.twitter.com/iAlcvSuP69"}], "hashtags": [{"start": 101, "end": 109, "tag": "2030NOW"}]}, "public_metrics": {"retweet_count": 66, "reply_count": 23, "like_count": 606, "quote_count": 2}, "author_id": "807003567605227520", "id": "1043983560955363330", "author": {"username": "realamberheard", "location": "Los Angeles, CA", "public_metrics": {"followers_count": 190463, "following_count": 220, "tweet_count": 1151, "listed_count": 567}, "name": "Amber Heard", "url": "https://t.co/Ze18Ek9SOI", "id": "807003567605227520", "created_at": "2016-12-08T23:26:58.000Z", "profile_image_url": "https://pbs.twimg.com/profile_images/1383196364792680448/N8CdupEu_normal.jpg", "description": "Actor and Activist, semi-professional disruptor, ice cream advocate and shameless teacup yorkie-lover"}}, "author": {"username": "Paulwalwanis7", "location": "Long Island,new York", "public_metrics": {"followers_count": 39, "following_count": 269, "tweet_count": 44974, "listed_count": 0}, "name": "Paulwalwanis", "url": "", "id": "989633741114003456", "created_at": "2018-04-26T22:34:05.000Z", "profile_image_url": "https://abs.twimg.com/sticky/default_profile_images/default_profile_normal.png", "description": "Comedy,counselor"}}, {"source": "Twitter for Android", "text": "@realamberheard @UNHumanRights Such an inspiring conversation... You were awesome as usual! So proud of you \ud83d\udc95 \ud83d\udcaa", "lang": "en", "created_at": "2018-09-23T22:02:38.000Z", "entities": {"mentions": [{"start": 0, "end": 15, "username": "realamberheard", "id": "807003567605227520"}, {"start": 16, "end": 30, "username": "UNHumanRights", "id": "69231187"}]}, "in_reply_to_user_id": "807003567605227520", "public_metrics": {"retweet_count": 0, "reply_count": 0, "like_count": 9, "quote_count": 0}, "author_id": "79199888", "referenced_tweets": [{"type": "replied_to", "id": "1043983560955363330"}], "id": "1043984007782944773", "replied_tweet": {"source": "OS X", "text": "It\u2019s so refreshing to be asked intelligent questions &amp; be part of a real dialogue @UNHumanRights #2030NOW https://t.co/iAlcvSuP69", "lang": "en", "created_at": "2018-09-23T22:00:51.000Z", "entities": {"mentions": [{"start": 86, "end": 100, "username": "UNHumanRights", "id": "69231187"}], "urls": [{"start": 110, "end": 133, "url": "https://t.co/iAlcvSuP69", "expanded_url": "https://twitter.com/realamberheard/status/1043983560955363330/photo/1", "display_url": "pic.twitter.com/iAlcvSuP69"}], "hashtags": [{"start": 101, "end": 109, "tag": "2030NOW"}]}, "public_metrics": {"retweet_count": 66, "reply_count": 23, "like_count": 606, "quote_count": 2}, "author_id": "807003567605227520", "id": "1043983560955363330", "author": {"username": "realamberheard", "location": "Los Angeles, CA", "public_metrics": {"followers_count": 190463, "following_count": 220, "tweet_count": 1151, "listed_count": 567}, "name": "Amber Heard", "url": "https://t.co/Ze18Ek9SOI", "id": "807003567605227520", "created_at": "2016-12-08T23:26:58.000Z", "profile_image_url": "https://pbs.twimg.com/profile_images/1383196364792680448/N8CdupEu_normal.jpg", "description": "Actor and Activist, semi-professional disruptor, ice cream advocate and shameless teacup yorkie-lover"}}, "author": {"username": "AmberHeardIT", "location": "Since 2009", "public_metrics": {"followers_count": 7234, "following_count": 344, "tweet_count": 39219, "listed_count": 34}, "name": "Amber Heard Italia Fans", "url": "https://t.co/w3BraCgc4s", "id": "79199888", "created_at": "2009-10-02T14:50:54.000Z", "profile_image_url": "https://pbs.twimg.com/profile_images/1412490122365374481/EAftEZpa_normal.jpg", "description": "First  Italian FANPAGE dedicated to @realamberheard. Follow us for the latest updates, pictures and news! On Amber Heard Italia, u HEARD it first \ud83c\uddee\ud83c\uddf9"}}, {"source": "Twitter for Android", "text": "@realamberheard @UNHumanRights I wish I could ask intelligent questions.", "lang": "en", "created_at": "2018-09-23T22:02:09.000Z", "entities": {"mentions": [{"start": 0, "end": 15, "username": "realamberheard", "id": "807003567605227520"}, {"start": 16, "end": 30, "username": "UNHumanRights", "id": "69231187"}]}, "in_reply_to_user_id": "807003567605227520", "public_metrics": {"retweet_count": 0, "reply_count": 0, "like_count": 2, "quote_count": 0}, "author_id": "2431923445", "referenced_tweets": [{"type": "replied_to", "id": "1043983560955363330"}], "id": "1043983885225332738", "replied_tweet": {"source": "OS X", "text": "It\u2019s so refreshing to be asked intelligent questions &amp; be part of a real dialogue @UNHumanRights #2030NOW https://t.co/iAlcvSuP69", "lang": "en", "created_at": "2018-09-23T22:00:51.000Z", "entities": {"mentions": [{"start": 86, "end": 100, "username": "UNHumanRights", "id": "69231187"}], "urls": [{"start": 110, "end": 133, "url": "https://t.co/iAlcvSuP69", "expanded_url": "https://twitter.com/realamberheard/status/1043983560955363330/photo/1", "display_url": "pic.twitter.com/iAlcvSuP69"}], "hashtags": [{"start": 101, "end": 109, "tag": "2030NOW"}]}, "public_metrics": {"retweet_count": 66, "reply_count": 23, "like_count": 606, "quote_count": 2}, "author_id": "807003567605227520", "id": "1043983560955363330", "author": {"username": "realamberheard", "location": "Los Angeles, CA", "public_metrics": {"followers_count": 190463, "following_count": 220, "tweet_count": 1151, "listed_count": 567}, "name": "Amber Heard", "url": "https://t.co/Ze18Ek9SOI", "id": "807003567605227520", "created_at": "2016-12-08T23:26:58.000Z", "profile_image_url": "https://pbs.twimg.com/profile_images/1383196364792680448/N8CdupEu_normal.jpg", "description": "Actor and Activist, semi-professional disruptor, ice cream advocate and shameless teacup yorkie-lover"}}, "author": {"username": "notaquawxman", "location": "#\u1d21\u1d0f\u0274\u1d05\u1d07\u0280\u1d0d\u1d07\u0280\u1d00 ; #\u1d18\u1d0f\u1d0a\u1d0b\u1d07\u0274", "public_metrics": {"followers_count": 928, "following_count": 354, "tweet_count": 41444, "listed_count": 0}, "name": "\u200d \u200d\u200d\u200d \u200d\u200d \u200d\u200d\u200d \u200d \u200d\ud835\udc0c\ud835\udc04\ud835\udc11\ud835\udc00.", "url": "https://t.co/fqiALGxeOE", "id": "2431923445", "created_at": "2014-04-07T11:43:53.000Z", "profile_image_url": "https://pbs.twimg.com/profile_images/1204164296340574211/bAbb1Br8_normal.jpg", "description": "\u2770 \uff2d\uff25\uff32\uff21 \uff2f\uff26 \uff38\uff25\uff22\uff25\uff2c\u2771 \u27a2 \u0493\u1d0f\u0280\u1d0d\u1d07\u0280 \u1d18\u0280\u026a\u0274\u1d04\u1d07ss \u293f \u03d9\u1d1c\u1d07\u1d07\u0274 \u1d0f\u0493 \u1d00\u1d1b\u029f\u1d00\u0274\u1d1b\u026as \u276b \u1d05\u1d07\u0493\u026a\u0274\u026a\u1d1b\u1d07\u029f\u028f \u0274\u1d0f\u1d1b \u1d00\u03d9\u1d1c\u1d00\u1d21\u1d0f\u1d0d\u1d00\u0274 \u1d0f\u0280 \u1d00 \u1d0d\u1d07\u0280\u1d0d\u1d00\u026a\u1d05 \u22ee \u275b You don't\u00a0know\u00a0me at\u00a0all. None\u00a0of you do. \u275c\u3164\u2501\u2501\u3164\u026a s\u1d00\u026a\u1d05 \u1d05\u1d0f\u0274'\u1d1b\ufe57"}}, {"source": "Twitter Web App", "text": "@realamberheard @UNHumanRights 12 more years", "lang": "en", "created_at": "2018-09-23T22:02:00.000Z", "entities": {"mentions": [{"start": 0, "end": 15, "username": "realamberheard", "id": "807003567605227520"}, {"start": 16, "end": 30, "username": "UNHumanRights", "id": "69231187"}]}, "in_reply_to_user_id": "807003567605227520", "public_metrics": {"retweet_count": 0, "reply_count": 0, "like_count": 1, "quote_count": 0}, "author_id": "3396651072", "referenced_tweets": [{"type": "replied_to", "id": "1043983560955363330"}], "id": "1043983848910901248", "replied_tweet": {"source": "OS X", "text": "It\u2019s so refreshing to be asked intelligent questions &amp; be part of a real dialogue @UNHumanRights #2030NOW https://t.co/iAlcvSuP69", "lang": "en", "created_at": "2018-09-23T22:00:51.000Z", "entities": {"mentions": [{"start": 86, "end": 100, "username": "UNHumanRights", "id": "69231187"}], "urls": [{"start": 110, "end": 133, "url": "https://t.co/iAlcvSuP69", "expanded_url": "https://twitter.com/realamberheard/status/1043983560955363330/photo/1", "display_url": "pic.twitter.com/iAlcvSuP69"}], "hashtags": [{"start": 101, "end": 109, "tag": "2030NOW"}]}, "public_metrics": {"retweet_count": 66, "reply_count": 23, "like_count": 606, "quote_count": 2}, "author_id": "807003567605227520", "id": "1043983560955363330", "author": {"username": "realamberheard", "location": "Los Angeles, CA", "public_metrics": {"followers_count": 190463, "following_count": 220, "tweet_count": 1151, "listed_count": 567}, "name": "Amber Heard", "url": "https://t.co/Ze18Ek9SOI", "id": "807003567605227520", "created_at": "2016-12-08T23:26:58.000Z", "profile_image_url": "https://pbs.twimg.com/profile_images/1383196364792680448/N8CdupEu_normal.jpg", "description": "Actor and Activist, semi-professional disruptor, ice cream advocate and shameless teacup yorkie-lover"}}, "author": {"username": "iloveas5es", "location": "akhand bharat hindurashtra", "public_metrics": {"followers_count": 27, "following_count": 4, "tweet_count": 2433, "listed_count": 0}, "name": "Narendrini modi chanchad", "url": "", "id": "3396651072", "created_at": "2015-08-30T21:27:23.000Z", "profile_image_url": "https://pbs.twimg.com/profile_images/1367676046737215494/HCSMv3S5_normal.jpg", "description": "d/o narendra modi. mother: unknown. nickname: kanganaroo Ranaut. I have won 3 national awards and a PadmaShri. Sanghi. anti-national, a total hypocrite. sista\ud83e\udd2e"}}]