[{"entities": {"mentions": [{"start": 0, "end": 15, "username": "realamberheard", "id": "807003567605227520"}]}, "referenced_tweets": [{"type": "replied_to", "id": "1045406519741886464"}], "id": "1047583350020603905", "lang": "en", "text": "@realamberheard She was way more believable than the snorting buffoon who presented himself afterwards", "created_at": "2018-10-03T20:25:08.000Z", "source": "Twitter for Android", "author_id": "743237473", "in_reply_to_user_id": "807003567605227520", "public_metrics": {"retweet_count": 0, "reply_count": 0, "like_count": 0, "quote_count": 0}, "replied_tweet": {"referenced_tweets": [{"type": "quoted", "id": "1045381489624473600"}], "id": "1045406519741886464", "entities": {"hashtags": [{"start": 222, "end": 242, "tag": "ChristineBlaseyFord"}, {"start": 244, "end": 257, "tag": "BelieveWomen"}], "urls": [{"start": 258, "end": 281, "url": "https://t.co/lOq1SzAhhj", "expanded_url": "https://twitter.com/BBCWorld/status/1045381489624473600", "display_url": "twitter.com/BBCWorld/statu\u2026"}], "annotations": [{"start": 5, "end": 14, "probability": 0.9762, "type": "Person", "normalized_text": "Mr. Graham"}]}, "lang": "en", "text": "Yes, Mr. Graham, maybe next time this lady will be so \u201cnice\u201d as to get assaulted in front of plenty of witnesses so that the next guy to be nominated is not subjected to such an inconvenient and grueling process as this.. #ChristineBlaseyFord  #BelieveWomen https://t.co/lOq1SzAhhj", "created_at": "2018-09-27T20:15:11.000Z", "source": "Twitter for iPhone", "author_id": "807003567605227520", "public_metrics": {"retweet_count": 82, "reply_count": 16, "like_count": 371, "quote_count": 4}, "author": {"public_metrics": {"followers_count": 190463, "following_count": 220, "tweet_count": 1151, "listed_count": 567}, "created_at": "2016-12-08T23:26:58.000Z", "id": "807003567605227520", "location": "Los Angeles, CA", "name": "Amber Heard", "profile_image_url": "https://pbs.twimg.com/profile_images/1383196364792680448/N8CdupEu_normal.jpg", "username": "realamberheard", "url": "https://t.co/Ze18Ek9SOI", "description": "Actor and Activist, semi-professional disruptor, ice cream advocate and shameless teacup yorkie-lover"}}, "author": {"public_metrics": {"followers_count": 1418, "following_count": 1924, "tweet_count": 63116, "listed_count": 0}, "created_at": "2012-08-07T16:33:29.000Z", "id": "743237473", "location": "Nr Chester, UK", "name": "Neil John", "profile_image_url": "https://pbs.twimg.com/profile_images/893241628839641088/t1VtN0Na_normal.jpg", "username": "giz69mo42", "url": "https://t.co/niKCuGKBaV", "description": "Genuine nice guy, but adventurous. Tried more than most and seeking new adventures. Writes books. Makes Videos"}}, {"entities": {"mentions": [{"start": 0, "end": 15, "username": "realamberheard", "id": "807003567605227520"}, {"start": 16, "end": 28, "username": "CoraMelodie", "id": "785148392498421760"}], "urls": [{"start": 239, "end": 262, "url": "https://t.co/oixyAwW5zo", "expanded_url": "https://twitter.com/kali_sunde/status/1046581213287403520/photo/1", "display_url": "pic.twitter.com/oixyAwW5zo"}], "annotations": [{"start": 191, "end": 200, "probability": 0.9263, "type": "Place", "normalized_text": "Charleston"}]}, "referenced_tweets": [{"type": "replied_to", "id": "1045406519741886464"}], "id": "1046581213287403520", "lang": "en", "text": "@realamberheard @CoraMelodie I am so embarrassed that he is a representative from my state \ud83d\ude1e Luckily we aren\u2019t all as stupid and insensitive as he is (at least not in the larger cities like Charleston). \ud83e\udd1e\ud83c\udffc we can make a big change soon \ud83e\udd1e\ud83c\udffc https://t.co/oixyAwW5zo", "created_at": "2018-10-01T02:03:00.000Z", "source": "Twitter for iPhone", "author_id": "558226459", "in_reply_to_user_id": "807003567605227520", "public_metrics": {"retweet_count": 0, "reply_count": 0, "like_count": 0, "quote_count": 0}, "replied_tweet": {"referenced_tweets": [{"type": "quoted", "id": "1045381489624473600"}], "id": "1045406519741886464", "entities": {"hashtags": [{"start": 222, "end": 242, "tag": "ChristineBlaseyFord"}, {"start": 244, "end": 257, "tag": "BelieveWomen"}], "urls": [{"start": 258, "end": 281, "url": "https://t.co/lOq1SzAhhj", "expanded_url": "https://twitter.com/BBCWorld/status/1045381489624473600", "display_url": "twitter.com/BBCWorld/statu\u2026"}], "annotations": [{"start": 5, "end": 14, "probability": 0.9762, "type": "Person", "normalized_text": "Mr. Graham"}]}, "lang": "en", "text": "Yes, Mr. Graham, maybe next time this lady will be so \u201cnice\u201d as to get assaulted in front of plenty of witnesses so that the next guy to be nominated is not subjected to such an inconvenient and grueling process as this.. #ChristineBlaseyFord  #BelieveWomen https://t.co/lOq1SzAhhj", "created_at": "2018-09-27T20:15:11.000Z", "source": "Twitter for iPhone", "author_id": "807003567605227520", "public_metrics": {"retweet_count": 82, "reply_count": 16, "like_count": 371, "quote_count": 4}, "author": {"public_metrics": {"followers_count": 190463, "following_count": 220, "tweet_count": 1151, "listed_count": 567}, "created_at": "2016-12-08T23:26:58.000Z", "id": "807003567605227520", "location": "Los Angeles, CA", "name": "Amber Heard", "profile_image_url": "https://pbs.twimg.com/profile_images/1383196364792680448/N8CdupEu_normal.jpg", "username": "realamberheard", "url": "https://t.co/Ze18Ek9SOI", "description": "Actor and Activist, semi-professional disruptor, ice cream advocate and shameless teacup yorkie-lover"}}, "author": {"public_metrics": {"followers_count": 161, "following_count": 401, "tweet_count": 5167, "listed_count": 3}, "created_at": "2012-04-20T01:43:24.000Z", "id": "558226459", "name": "Kali \u2728\ud83c\udff3\ufe0f\u200d\ud83c\udf08\ud83d\udd2e", "profile_image_url": "https://pbs.twimg.com/profile_images/1364809431943434240/v8lqRb6s_normal.jpg", "username": "mother_flerken", "url": "", "description": "26, I tweet/retweet a lot of gay and feminist stuff, I\u2019ve got a lot of plants, and I love my \u201868 Mustang more than most people. She/her"}}, {"entities": {"mentions": [{"start": 0, "end": 10, "username": "jetoffset", "id": "1385771598616023042"}, {"start": 11, "end": 24, "username": "itfansofdepp", "id": "1140751670772674560"}, {"start": 25, "end": 35, "username": "stirgussa", "id": "4396120342"}, {"start": 36, "end": 51, "username": "realamberheard", "id": "807003567605227520"}], "hashtags": [{"start": 118, "end": 135, "tag": "AmberHeardAbuser"}]}, "referenced_tweets": [{"type": "replied_to", "id": "1045759414156840960"}], "id": "1046561706024013824", "lang": "en", "text": "@jetoffset @itfansofdepp @stirgussa @realamberheard This! Court docs, record, letter, emails and a lawsuit prove that #AmberHeardAbuser is an abuser, aggressive, liar, blackmailer, plead guilty for falisifying docs and was accused for conspiring against a producer", "created_at": "2018-10-01T00:45:29.000Z", "source": "Twitter Web App", "author_id": "802472225270022144", "in_reply_to_user_id": "1025072124472512515", "public_metrics": {"retweet_count": 0, "reply_count": 0, "like_count": 1, "quote_count": 0}, "replied_tweet": {"referenced_tweets": [{"type": "quoted", "id": "1045381489624473600"}], "id": "1045406519741886464", "entities": {"hashtags": [{"start": 222, "end": 242, "tag": "ChristineBlaseyFord"}, {"start": 244, "end": 257, "tag": "BelieveWomen"}], "urls": [{"start": 258, "end": 281, "url": "https://t.co/lOq1SzAhhj", "expanded_url": "https://twitter.com/BBCWorld/status/1045381489624473600", "display_url": "twitter.com/BBCWorld/statu\u2026"}], "annotations": [{"start": 5, "end": 14, "probability": 0.9762, "type": "Person", "normalized_text": "Mr. Graham"}]}, "lang": "en", "text": "Yes, Mr. Graham, maybe next time this lady will be so \u201cnice\u201d as to get assaulted in front of plenty of witnesses so that the next guy to be nominated is not subjected to such an inconvenient and grueling process as this.. #ChristineBlaseyFord  #BelieveWomen https://t.co/lOq1SzAhhj", "created_at": "2018-09-27T20:15:11.000Z", "source": "Twitter for iPhone", "author_id": "807003567605227520", "public_metrics": {"retweet_count": 82, "reply_count": 16, "like_count": 371, "quote_count": 4}, "author": {"public_metrics": {"followers_count": 190463, "following_count": 220, "tweet_count": 1151, "listed_count": 567}, "created_at": "2016-12-08T23:26:58.000Z", "id": "807003567605227520", "location": "Los Angeles, CA", "name": "Amber Heard", "profile_image_url": "https://pbs.twimg.com/profile_images/1383196364792680448/N8CdupEu_normal.jpg", "username": "realamberheard", "url": "https://t.co/Ze18Ek9SOI", "description": "Actor and Activist, semi-professional disruptor, ice cream advocate and shameless teacup yorkie-lover"}}, "author": {"public_metrics": {"followers_count": 362, "following_count": 651, "tweet_count": 23722, "listed_count": 2}, "created_at": "2016-11-26T11:21:02.000Z", "id": "802472225270022144", "name": "Nicole sztin", "profile_image_url": "https://pbs.twimg.com/profile_images/1323376204984971265/UBx-HbKj_normal.png", "username": "nz688", "url": "", "description": ""}}, {"entities": {"mentions": [{"start": 11, "end": 26, "username": "realamberheard", "id": "807003567605227520"}]}, "referenced_tweets": [{"type": "replied_to", "id": "1045651539812061184"}], "id": "1045685961416478721", "lang": "en", "text": "@lucy_w997 @realamberheard Leave her alone u fcking rat", "created_at": "2018-09-28T14:45:35.000Z", "source": "Twitter for iPhone", "author_id": "309296068", "in_reply_to_user_id": "855122921186107393", "public_metrics": {"retweet_count": 0, "reply_count": 1, "like_count": 1, "quote_count": 0}, "replied_tweet": {"referenced_tweets": [{"type": "quoted", "id": "1045381489624473600"}], "id": "1045406519741886464", "entities": {"hashtags": [{"start": 222, "end": 242, "tag": "ChristineBlaseyFord"}, {"start": 244, "end": 257, "tag": "BelieveWomen"}], "urls": [{"start": 258, "end": 281, "url": "https://t.co/lOq1SzAhhj", "expanded_url": "https://twitter.com/BBCWorld/status/1045381489624473600", "display_url": "twitter.com/BBCWorld/statu\u2026"}], "annotations": [{"start": 5, "end": 14, "probability": 0.9762, "type": "Person", "normalized_text": "Mr. Graham"}]}, "lang": "en", "text": "Yes, Mr. Graham, maybe next time this lady will be so \u201cnice\u201d as to get assaulted in front of plenty of witnesses so that the next guy to be nominated is not subjected to such an inconvenient and grueling process as this.. #ChristineBlaseyFord  #BelieveWomen https://t.co/lOq1SzAhhj", "created_at": "2018-09-27T20:15:11.000Z", "source": "Twitter for iPhone", "author_id": "807003567605227520", "public_metrics": {"retweet_count": 82, "reply_count": 16, "like_count": 371, "quote_count": 4}, "author": {"public_metrics": {"followers_count": 190463, "following_count": 220, "tweet_count": 1151, "listed_count": 567}, "created_at": "2016-12-08T23:26:58.000Z", "id": "807003567605227520", "location": "Los Angeles, CA", "name": "Amber Heard", "profile_image_url": "https://pbs.twimg.com/profile_images/1383196364792680448/N8CdupEu_normal.jpg", "username": "realamberheard", "url": "https://t.co/Ze18Ek9SOI", "description": "Actor and Activist, semi-professional disruptor, ice cream advocate and shameless teacup yorkie-lover"}}, "author": {"public_metrics": {"followers_count": 3001, "following_count": 363, "tweet_count": 193219, "listed_count": 0}, "created_at": "2011-06-01T21:20:41.000Z", "id": "309296068", "location": "I\u2019ll always be with you| bi ", "name": "Alicia Clark\u2019s wife", "profile_image_url": "https://pbs.twimg.com/profile_images/1494335872770007042/5zaH9MMj_normal.jpg", "username": "DebnamFabray", "url": "", "description": "Alycia \ud83c\udf38 Alicia Clark fan account | she/her"}}, {"entities": {"mentions": [{"start": 0, "end": 15, "username": "realamberheard", "id": "807003567605227520"}], "annotations": [{"start": 74, "end": 113, "probability": 0.5697, "type": "Product", "normalized_text": "Golden Oil Stretch Marks Massage Therapy"}]}, "referenced_tweets": [{"type": "replied_to", "id": "1045406519741886464"}], "id": "1045433548541440001", "lang": "en", "text": "@realamberheard Hi hope you are well. I successfully run a business named Golden Oil Stretch Marks Massage Therapy. This treatment defies science. I would love an opportunity to prove science wrong. When can I provide my service? I would love to do a collaboration with you. Thank you", "created_at": "2018-09-27T22:02:35.000Z", "source": "Twitter for Android", "author_id": "1038386291619053569", "in_reply_to_user_id": "807003567605227520", "public_metrics": {"retweet_count": 0, "reply_count": 0, "like_count": 0, "quote_count": 0}, "replied_tweet": {"referenced_tweets": [{"type": "quoted", "id": "1045381489624473600"}], "id": "1045406519741886464", "entities": {"hashtags": [{"start": 222, "end": 242, "tag": "ChristineBlaseyFord"}, {"start": 244, "end": 257, "tag": "BelieveWomen"}], "urls": [{"start": 258, "end": 281, "url": "https://t.co/lOq1SzAhhj", "expanded_url": "https://twitter.com/BBCWorld/status/1045381489624473600", "display_url": "twitter.com/BBCWorld/statu\u2026"}], "annotations": [{"start": 5, "end": 14, "probability": 0.9762, "type": "Person", "normalized_text": "Mr. Graham"}]}, "lang": "en", "text": "Yes, Mr. Graham, maybe next time this lady will be so \u201cnice\u201d as to get assaulted in front of plenty of witnesses so that the next guy to be nominated is not subjected to such an inconvenient and grueling process as this.. #ChristineBlaseyFord  #BelieveWomen https://t.co/lOq1SzAhhj", "created_at": "2018-09-27T20:15:11.000Z", "source": "Twitter for iPhone", "author_id": "807003567605227520", "public_metrics": {"retweet_count": 82, "reply_count": 16, "like_count": 371, "quote_count": 4}, "author": {"public_metrics": {"followers_count": 190463, "following_count": 220, "tweet_count": 1151, "listed_count": 567}, "created_at": "2016-12-08T23:26:58.000Z", "id": "807003567605227520", "location": "Los Angeles, CA", "name": "Amber Heard", "profile_image_url": "https://pbs.twimg.com/profile_images/1383196364792680448/N8CdupEu_normal.jpg", "username": "realamberheard", "url": "https://t.co/Ze18Ek9SOI", "description": "Actor and Activist, semi-professional disruptor, ice cream advocate and shameless teacup yorkie-lover"}}, "author": {"public_metrics": {"followers_count": 40, "following_count": 90, "tweet_count": 4822, "listed_count": 4}, "created_at": "2018-09-08T11:19:18.000Z", "id": "1038386291619053569", "location": "Huddersfield, England", "name": "Golden Oil Massage Therapy", "profile_image_url": "https://pbs.twimg.com/profile_images/1134530741570871296/gtgWksXz_normal.png", "username": "GoldenOilMassa1", "url": "https://t.co/BXVCOoZ11t", "description": "Exclusive all-in-one solutions for preventing and diminishing #wrinkles fine lines, #stretchmarks, skin blemishes,pigmentation marks. #skincare #beauty #Skin"}}, {"entities": {"mentions": [{"start": 0, "end": 15, "username": "realamberheard", "id": "807003567605227520"}]}, "referenced_tweets": [{"type": "replied_to", "id": "1045406519741886464"}], "id": "1045430827419668480", "lang": "en", "text": "@realamberheard Thank you! I am so disgusted by this whole thing.", "created_at": "2018-09-27T21:51:47.000Z", "source": "Twitter Web Client", "author_id": "2165717942", "in_reply_to_user_id": "807003567605227520", "public_metrics": {"retweet_count": 0, "reply_count": 0, "like_count": 2, "quote_count": 0}, "replied_tweet": {"referenced_tweets": [{"type": "quoted", "id": "1045381489624473600"}], "id": "1045406519741886464", "entities": {"hashtags": [{"start": 222, "end": 242, "tag": "ChristineBlaseyFord"}, {"start": 244, "end": 257, "tag": "BelieveWomen"}], "urls": [{"start": 258, "end": 281, "url": "https://t.co/lOq1SzAhhj", "expanded_url": "https://twitter.com/BBCWorld/status/1045381489624473600", "display_url": "twitter.com/BBCWorld/statu\u2026"}], "annotations": [{"start": 5, "end": 14, "probability": 0.9762, "type": "Person", "normalized_text": "Mr. Graham"}]}, "lang": "en", "text": "Yes, Mr. Graham, maybe next time this lady will be so \u201cnice\u201d as to get assaulted in front of plenty of witnesses so that the next guy to be nominated is not subjected to such an inconvenient and grueling process as this.. #ChristineBlaseyFord  #BelieveWomen https://t.co/lOq1SzAhhj", "created_at": "2018-09-27T20:15:11.000Z", "source": "Twitter for iPhone", "author_id": "807003567605227520", "public_metrics": {"retweet_count": 82, "reply_count": 16, "like_count": 371, "quote_count": 4}, "author": {"public_metrics": {"followers_count": 190463, "following_count": 220, "tweet_count": 1151, "listed_count": 567}, "created_at": "2016-12-08T23:26:58.000Z", "id": "807003567605227520", "location": "Los Angeles, CA", "name": "Amber Heard", "profile_image_url": "https://pbs.twimg.com/profile_images/1383196364792680448/N8CdupEu_normal.jpg", "username": "realamberheard", "url": "https://t.co/Ze18Ek9SOI", "description": "Actor and Activist, semi-professional disruptor, ice cream advocate and shameless teacup yorkie-lover"}}, "author": {"public_metrics": {"followers_count": 6984, "following_count": 2750, "tweet_count": 8155, "listed_count": 0}, "created_at": "2013-10-31T00:33:24.000Z", "id": "2165717942", "location": "United States", "name": "Poet Nicole D'Sett\u0113mi \ud83d\udc06", "profile_image_url": "https://pbs.twimg.com/profile_images/1078811374619373568/pPXqd-Qb_normal.jpg", "username": "poeticabeauvoir", "url": "https://t.co/PMEAIHa7gG", "description": "\ud83d\udd38\ud83d\udd4bNovelist of #Addictarium\u2122\ud83d\udd4b\ud83d\udd38\ud83d\udd8a\ufe0f\"I live like a poet & I'll die like a poet.\"           \u2796Bob Dylan"}}, {"entities": {"mentions": [{"start": 0, "end": 15, "username": "realamberheard", "id": "807003567605227520"}], "annotations": [{"start": 26, "end": 30, "probability": 0.9653, "type": "Person", "normalized_text": "Amber"}]}, "referenced_tweets": [{"type": "replied_to", "id": "1045406519741886464"}], "id": "1045430563476316160", "lang": "en", "text": "@realamberheard Well said Amber!", "created_at": "2018-09-27T21:50:44.000Z", "source": "Twitter for Android", "author_id": "79199888", "in_reply_to_user_id": "807003567605227520", "public_metrics": {"retweet_count": 1, "reply_count": 0, "like_count": 4, "quote_count": 0}, "replied_tweet": {"referenced_tweets": [{"type": "quoted", "id": "1045381489624473600"}], "id": "1045406519741886464", "entities": {"hashtags": [{"start": 222, "end": 242, "tag": "ChristineBlaseyFord"}, {"start": 244, "end": 257, "tag": "BelieveWomen"}], "urls": [{"start": 258, "end": 281, "url": "https://t.co/lOq1SzAhhj", "expanded_url": "https://twitter.com/BBCWorld/status/1045381489624473600", "display_url": "twitter.com/BBCWorld/statu\u2026"}], "annotations": [{"start": 5, "end": 14, "probability": 0.9762, "type": "Person", "normalized_text": "Mr. Graham"}]}, "lang": "en", "text": "Yes, Mr. Graham, maybe next time this lady will be so \u201cnice\u201d as to get assaulted in front of plenty of witnesses so that the next guy to be nominated is not subjected to such an inconvenient and grueling process as this.. #ChristineBlaseyFord  #BelieveWomen https://t.co/lOq1SzAhhj", "created_at": "2018-09-27T20:15:11.000Z", "source": "Twitter for iPhone", "author_id": "807003567605227520", "public_metrics": {"retweet_count": 82, "reply_count": 16, "like_count": 371, "quote_count": 4}, "author": {"public_metrics": {"followers_count": 190463, "following_count": 220, "tweet_count": 1151, "listed_count": 567}, "created_at": "2016-12-08T23:26:58.000Z", "id": "807003567605227520", "location": "Los Angeles, CA", "name": "Amber Heard", "profile_image_url": "https://pbs.twimg.com/profile_images/1383196364792680448/N8CdupEu_normal.jpg", "username": "realamberheard", "url": "https://t.co/Ze18Ek9SOI", "description": "Actor and Activist, semi-professional disruptor, ice cream advocate and shameless teacup yorkie-lover"}}, "author": {"public_metrics": {"followers_count": 7234, "following_count": 344, "tweet_count": 39219, "listed_count": 34}, "created_at": "2009-10-02T14:50:54.000Z", "id": "79199888", "location": "Since 2009", "name": "Amber Heard Italia Fans", "profile_image_url": "https://pbs.twimg.com/profile_images/1412490122365374481/EAftEZpa_normal.jpg", "username": "AmberHeardIT", "url": "https://t.co/w3BraCgc4s", "description": "First  Italian FANPAGE dedicated to @realamberheard. Follow us for the latest updates, pictures and news! On Amber Heard Italia, u HEARD it first \ud83c\uddee\ud83c\uddf9"}}, {"entities": {"mentions": [{"start": 0, "end": 15, "username": "realamberheard", "id": "807003567605227520"}], "annotations": [{"start": 16, "end": 29, "probability": 0.9966, "type": "Person", "normalized_text": "Lindsey Graham"}]}, "referenced_tweets": [{"type": "replied_to", "id": "1045406519741886464"}], "id": "1045417687101378560", "lang": "en", "text": "@realamberheard Lindsey Graham is nothing but a scumbag", "created_at": "2018-09-27T20:59:34.000Z", "source": "Twitter for Android", "author_id": "707211147632623616", "in_reply_to_user_id": "807003567605227520", "public_metrics": {"retweet_count": 0, "reply_count": 0, "like_count": 0, "quote_count": 0}, "replied_tweet": {"referenced_tweets": [{"type": "quoted", "id": "1045381489624473600"}], "id": "1045406519741886464", "entities": {"hashtags": [{"start": 222, "end": 242, "tag": "ChristineBlaseyFord"}, {"start": 244, "end": 257, "tag": "BelieveWomen"}], "urls": [{"start": 258, "end": 281, "url": "https://t.co/lOq1SzAhhj", "expanded_url": "https://twitter.com/BBCWorld/status/1045381489624473600", "display_url": "twitter.com/BBCWorld/statu\u2026"}], "annotations": [{"start": 5, "end": 14, "probability": 0.9762, "type": "Person", "normalized_text": "Mr. Graham"}]}, "lang": "en", "text": "Yes, Mr. Graham, maybe next time this lady will be so \u201cnice\u201d as to get assaulted in front of plenty of witnesses so that the next guy to be nominated is not subjected to such an inconvenient and grueling process as this.. #ChristineBlaseyFord  #BelieveWomen https://t.co/lOq1SzAhhj", "created_at": "2018-09-27T20:15:11.000Z", "source": "Twitter for iPhone", "author_id": "807003567605227520", "public_metrics": {"retweet_count": 82, "reply_count": 16, "like_count": 371, "quote_count": 4}, "author": {"public_metrics": {"followers_count": 190463, "following_count": 220, "tweet_count": 1151, "listed_count": 567}, "created_at": "2016-12-08T23:26:58.000Z", "id": "807003567605227520", "location": "Los Angeles, CA", "name": "Amber Heard", "profile_image_url": "https://pbs.twimg.com/profile_images/1383196364792680448/N8CdupEu_normal.jpg", "username": "realamberheard", "url": "https://t.co/Ze18Ek9SOI", "description": "Actor and Activist, semi-professional disruptor, ice cream advocate and shameless teacup yorkie-lover"}}, "author": {"public_metrics": {"followers_count": 62, "following_count": 459, "tweet_count": 14302, "listed_count": 0}, "created_at": "2016-03-08T14:27:31.000Z", "id": "707211147632623616", "location": "Brooklyn, NY home of Kings", "name": "tony\ud83d\ude0e", "profile_image_url": "https://pbs.twimg.com/profile_images/989598100951060481/n9QCQNEZ_normal.jpg", "username": "Tonyotr313", "url": "", "description": ""}}, {"entities": {"mentions": [{"start": 0, "end": 15, "username": "realamberheard", "id": "807003567605227520"}]}, "referenced_tweets": [{"type": "replied_to", "id": "1045406519741886464"}], "id": "1045416089990123520", "lang": "fr", "text": "@realamberheard ON ESPERE BIEN DE CHANGER ON TIENS A AMBER", "created_at": "2018-09-27T20:53:13.000Z", "source": "Twitter Web Client", "author_id": "827604575465197573", "in_reply_to_user_id": "807003567605227520", "public_metrics": {"retweet_count": 0, "reply_count": 0, "like_count": 1, "quote_count": 0}, "replied_tweet": {"referenced_tweets": [{"type": "quoted", "id": "1045381489624473600"}], "id": "1045406519741886464", "entities": {"hashtags": [{"start": 222, "end": 242, "tag": "ChristineBlaseyFord"}, {"start": 244, "end": 257, "tag": "BelieveWomen"}], "urls": [{"start": 258, "end": 281, "url": "https://t.co/lOq1SzAhhj", "expanded_url": "https://twitter.com/BBCWorld/status/1045381489624473600", "display_url": "twitter.com/BBCWorld/statu\u2026"}], "annotations": [{"start": 5, "end": 14, "probability": 0.9762, "type": "Person", "normalized_text": "Mr. Graham"}]}, "lang": "en", "text": "Yes, Mr. Graham, maybe next time this lady will be so \u201cnice\u201d as to get assaulted in front of plenty of witnesses so that the next guy to be nominated is not subjected to such an inconvenient and grueling process as this.. #ChristineBlaseyFord  #BelieveWomen https://t.co/lOq1SzAhhj", "created_at": "2018-09-27T20:15:11.000Z", "source": "Twitter for iPhone", "author_id": "807003567605227520", "public_metrics": {"retweet_count": 82, "reply_count": 16, "like_count": 371, "quote_count": 4}, "author": {"public_metrics": {"followers_count": 190463, "following_count": 220, "tweet_count": 1151, "listed_count": 567}, "created_at": "2016-12-08T23:26:58.000Z", "id": "807003567605227520", "location": "Los Angeles, CA", "name": "Amber Heard", "profile_image_url": "https://pbs.twimg.com/profile_images/1383196364792680448/N8CdupEu_normal.jpg", "username": "realamberheard", "url": "https://t.co/Ze18Ek9SOI", "description": "Actor and Activist, semi-professional disruptor, ice cream advocate and shameless teacup yorkie-lover"}}, "author": {"public_metrics": {"followers_count": 30, "following_count": 85, "tweet_count": 9606, "listed_count": 0}, "created_at": "2017-02-03T19:48:01.000Z", "id": "827604575465197573", "name": "tayab nacer eddine", "profile_image_url": "https://abs.twimg.com/sticky/default_profile_images/default_profile_normal.png", "username": "TayabNacer", "url": "", "description": ""}}, {"entities": {"mentions": [{"start": 0, "end": 15, "username": "realamberheard", "id": "807003567605227520"}]}, "referenced_tweets": [{"type": "replied_to", "id": "1045406519741886464"}], "id": "1045413795240333312", "lang": "en", "text": "@realamberheard Tell him, Queen!!\n\nSo true \ud83d\ude15\n\nEvery abuser abuses in front of many witnesses of course \ud83d\ude11", "created_at": "2018-09-27T20:44:06.000Z", "source": "Twitter for Android", "author_id": "4396120342", "in_reply_to_user_id": "807003567605227520", "public_metrics": {"retweet_count": 0, "reply_count": 0, "like_count": 4, "quote_count": 0}, "replied_tweet": {"referenced_tweets": [{"type": "quoted", "id": "1045381489624473600"}], "id": "1045406519741886464", "entities": {"hashtags": [{"start": 222, "end": 242, "tag": "ChristineBlaseyFord"}, {"start": 244, "end": 257, "tag": "BelieveWomen"}], "urls": [{"start": 258, "end": 281, "url": "https://t.co/lOq1SzAhhj", "expanded_url": "https://twitter.com/BBCWorld/status/1045381489624473600", "display_url": "twitter.com/BBCWorld/statu\u2026"}], "annotations": [{"start": 5, "end": 14, "probability": 0.9762, "type": "Person", "normalized_text": "Mr. Graham"}]}, "lang": "en", "text": "Yes, Mr. Graham, maybe next time this lady will be so \u201cnice\u201d as to get assaulted in front of plenty of witnesses so that the next guy to be nominated is not subjected to such an inconvenient and grueling process as this.. #ChristineBlaseyFord  #BelieveWomen https://t.co/lOq1SzAhhj", "created_at": "2018-09-27T20:15:11.000Z", "source": "Twitter for iPhone", "author_id": "807003567605227520", "public_metrics": {"retweet_count": 82, "reply_count": 16, "like_count": 371, "quote_count": 4}, "author": {"public_metrics": {"followers_count": 190463, "following_count": 220, "tweet_count": 1151, "listed_count": 567}, "created_at": "2016-12-08T23:26:58.000Z", "id": "807003567605227520", "location": "Los Angeles, CA", "name": "Amber Heard", "profile_image_url": "https://pbs.twimg.com/profile_images/1383196364792680448/N8CdupEu_normal.jpg", "username": "realamberheard", "url": "https://t.co/Ze18Ek9SOI", "description": "Actor and Activist, semi-professional disruptor, ice cream advocate and shameless teacup yorkie-lover"}}, "author": {"public_metrics": {"followers_count": 678, "following_count": 296, "tweet_count": 58624, "listed_count": 26}, "created_at": "2015-12-06T17:21:06.000Z", "id": "4396120342", "name": "STIRGUS SACCHETTI", "profile_image_url": "https://pbs.twimg.com/profile_images/1378175478478082050/UKLiQPuk_normal.jpg", "username": "stirgussa", "url": "", "description": "Only two things are infinite, the universe and human stupidity, and I'm not sure about the former. - Albert Einstein and Me!"}}, {"entities": {"mentions": [{"start": 0, "end": 15, "username": "realamberheard", "id": "807003567605227520"}], "annotations": [{"start": 26, "end": 34, "probability": 0.9458, "type": "Organization", "normalized_text": "Sac State"}, {"start": 154, "end": 170, "probability": 0.9557, "type": "Organization", "normalized_text": "Sac State Hornets"}]}, "referenced_tweets": [{"type": "replied_to", "id": "1045406519741886464"}], "id": "1045409949692526593", "lang": "en", "text": "@realamberheard I work at Sac State registering students to vote for the upcoming midterm. would you consider recording a quick shout-out calling out the Sac State Hornets telling them to register to vote?", "created_at": "2018-09-27T20:28:49.000Z", "source": "Twitter for iPhone", "author_id": "2369256504", "in_reply_to_user_id": "807003567605227520", "public_metrics": {"retweet_count": 0, "reply_count": 0, "like_count": 0, "quote_count": 0}, "replied_tweet": {"referenced_tweets": [{"type": "quoted", "id": "1045381489624473600"}], "id": "1045406519741886464", "entities": {"hashtags": [{"start": 222, "end": 242, "tag": "ChristineBlaseyFord"}, {"start": 244, "end": 257, "tag": "BelieveWomen"}], "urls": [{"start": 258, "end": 281, "url": "https://t.co/lOq1SzAhhj", "expanded_url": "https://twitter.com/BBCWorld/status/1045381489624473600", "display_url": "twitter.com/BBCWorld/statu\u2026"}], "annotations": [{"start": 5, "end": 14, "probability": 0.9762, "type": "Person", "normalized_text": "Mr. Graham"}]}, "lang": "en", "text": "Yes, Mr. Graham, maybe next time this lady will be so \u201cnice\u201d as to get assaulted in front of plenty of witnesses so that the next guy to be nominated is not subjected to such an inconvenient and grueling process as this.. #ChristineBlaseyFord  #BelieveWomen https://t.co/lOq1SzAhhj", "created_at": "2018-09-27T20:15:11.000Z", "source": "Twitter for iPhone", "author_id": "807003567605227520", "public_metrics": {"retweet_count": 82, "reply_count": 16, "like_count": 371, "quote_count": 4}, "author": {"public_metrics": {"followers_count": 190463, "following_count": 220, "tweet_count": 1151, "listed_count": 567}, "created_at": "2016-12-08T23:26:58.000Z", "id": "807003567605227520", "location": "Los Angeles, CA", "name": "Amber Heard", "profile_image_url": "https://pbs.twimg.com/profile_images/1383196364792680448/N8CdupEu_normal.jpg", "username": "realamberheard", "url": "https://t.co/Ze18Ek9SOI", "description": "Actor and Activist, semi-professional disruptor, ice cream advocate and shameless teacup yorkie-lover"}}, "author": {"public_metrics": {"followers_count": 335, "following_count": 365, "tweet_count": 67172, "listed_count": 16}, "created_at": "2014-03-02T18:51:51.000Z", "id": "2369256504", "location": "29 | she/her | queer/bi", "name": "danielle\ud83c\udf08", "profile_image_url": "https://pbs.twimg.com/profile_images/1501057700439879681/2EuUCZBC_normal.jpg", "username": "crimsondynamo_", "url": "https://t.co/baol1VIw3T", "description": "fully vaxxed, never relaxed"}}, {"entities": {"mentions": [{"start": 0, "end": 15, "username": "realamberheard", "id": "807003567605227520"}], "annotations": [{"start": 21, "end": 25, "probability": 0.922, "type": "Person", "normalized_text": "Amber"}]}, "referenced_tweets": [{"type": "replied_to", "id": "1045406519741886464"}], "id": "1045409185582571520", "lang": "en", "text": "@realamberheard True Amber, well said!", "created_at": "2018-09-27T20:25:47.000Z", "source": "Twitter for Android", "author_id": "975059171828678656", "in_reply_to_user_id": "807003567605227520", "public_metrics": {"retweet_count": 0, "reply_count": 0, "like_count": 1, "quote_count": 0}, "replied_tweet": {"referenced_tweets": [{"type": "quoted", "id": "1045381489624473600"}], "id": "1045406519741886464", "entities": {"hashtags": [{"start": 222, "end": 242, "tag": "ChristineBlaseyFord"}, {"start": 244, "end": 257, "tag": "BelieveWomen"}], "urls": [{"start": 258, "end": 281, "url": "https://t.co/lOq1SzAhhj", "expanded_url": "https://twitter.com/BBCWorld/status/1045381489624473600", "display_url": "twitter.com/BBCWorld/statu\u2026"}], "annotations": [{"start": 5, "end": 14, "probability": 0.9762, "type": "Person", "normalized_text": "Mr. Graham"}]}, "lang": "en", "text": "Yes, Mr. Graham, maybe next time this lady will be so \u201cnice\u201d as to get assaulted in front of plenty of witnesses so that the next guy to be nominated is not subjected to such an inconvenient and grueling process as this.. #ChristineBlaseyFord  #BelieveWomen https://t.co/lOq1SzAhhj", "created_at": "2018-09-27T20:15:11.000Z", "source": "Twitter for iPhone", "author_id": "807003567605227520", "public_metrics": {"retweet_count": 82, "reply_count": 16, "like_count": 371, "quote_count": 4}, "author": {"public_metrics": {"followers_count": 190463, "following_count": 220, "tweet_count": 1151, "listed_count": 567}, "created_at": "2016-12-08T23:26:58.000Z", "id": "807003567605227520", "location": "Los Angeles, CA", "name": "Amber Heard", "profile_image_url": "https://pbs.twimg.com/profile_images/1383196364792680448/N8CdupEu_normal.jpg", "username": "realamberheard", "url": "https://t.co/Ze18Ek9SOI", "description": "Actor and Activist, semi-professional disruptor, ice cream advocate and shameless teacup yorkie-lover"}}, "author": {"public_metrics": {"followers_count": 53, "following_count": 440, "tweet_count": 1328, "listed_count": 1}, "created_at": "2018-03-17T17:19:57.000Z", "id": "975059171828678656", "location": "United States", "name": "Christopher J Maldonado", "profile_image_url": "https://pbs.twimg.com/profile_images/1251706938703790080/PmocqLP1_normal.jpg", "username": "Christo29550414", "url": "https://t.co/vzDZLZl7X3", "description": "CEO- CNRMed Consulting of CA. / One of the Original Founders of Wound Pros, LLC. / r Regional Vice President of S&M Executive- earned status 90-100% Gen. Rev."}}, {"entities": {"mentions": [{"start": 0, "end": 15, "username": "realamberheard", "id": "807003567605227520"}]}, "referenced_tweets": [{"type": "replied_to", "id": "1045406519741886464"}], "id": "1045409090212524032", "lang": "en", "text": "@realamberheard She remembers how many beers she had but not the date, time, location, the number of people that were there, or how she got to or from the party.", "created_at": "2018-09-27T20:25:24.000Z", "source": "Twitter for iPhone", "author_id": "1001668123454595072", "in_reply_to_user_id": "807003567605227520", "public_metrics": {"retweet_count": 0, "reply_count": 0, "like_count": 3, "quote_count": 0}, "replied_tweet": {"referenced_tweets": [{"type": "quoted", "id": "1045381489624473600"}], "id": "1045406519741886464", "entities": {"hashtags": [{"start": 222, "end": 242, "tag": "ChristineBlaseyFord"}, {"start": 244, "end": 257, "tag": "BelieveWomen"}], "urls": [{"start": 258, "end": 281, "url": "https://t.co/lOq1SzAhhj", "expanded_url": "https://twitter.com/BBCWorld/status/1045381489624473600", "display_url": "twitter.com/BBCWorld/statu\u2026"}], "annotations": [{"start": 5, "end": 14, "probability": 0.9762, "type": "Person", "normalized_text": "Mr. Graham"}]}, "lang": "en", "text": "Yes, Mr. Graham, maybe next time this lady will be so \u201cnice\u201d as to get assaulted in front of plenty of witnesses so that the next guy to be nominated is not subjected to such an inconvenient and grueling process as this.. #ChristineBlaseyFord  #BelieveWomen https://t.co/lOq1SzAhhj", "created_at": "2018-09-27T20:15:11.000Z", "source": "Twitter for iPhone", "author_id": "807003567605227520", "public_metrics": {"retweet_count": 82, "reply_count": 16, "like_count": 371, "quote_count": 4}, "author": {"public_metrics": {"followers_count": 190463, "following_count": 220, "tweet_count": 1151, "listed_count": 567}, "created_at": "2016-12-08T23:26:58.000Z", "id": "807003567605227520", "location": "Los Angeles, CA", "name": "Amber Heard", "profile_image_url": "https://pbs.twimg.com/profile_images/1383196364792680448/N8CdupEu_normal.jpg", "username": "realamberheard", "url": "https://t.co/Ze18Ek9SOI", "description": "Actor and Activist, semi-professional disruptor, ice cream advocate and shameless teacup yorkie-lover"}}, "author": {"public_metrics": {"followers_count": 5, "following_count": 134, "tweet_count": 3766, "listed_count": 1}, "created_at": "2018-05-30T03:34:25.000Z", "id": "1001668123454595072", "name": "Sawyer", "profile_image_url": "https://pbs.twimg.com/profile_images/1006747037021491201/OkgE-g84_normal.jpg", "username": "Sawyer26428403", "url": "", "description": ""}}, {"entities": {"mentions": [{"start": 0, "end": 15, "username": "realamberheard", "id": "807003567605227520"}], "urls": [{"start": 16, "end": 39, "url": "https://t.co/pZK0Pl88E0", "expanded_url": "https://twitter.com/animalhugger91/status/1045407612437766151/photo/1", "display_url": "pic.twitter.com/pZK0Pl88E0"}]}, "referenced_tweets": [{"type": "replied_to", "id": "1045406519741886464"}], "id": "1045407612437766151", "lang": "und", "text": "@realamberheard https://t.co/pZK0Pl88E0", "created_at": "2018-09-27T20:19:32.000Z", "source": "Twitter for iPhone", "author_id": "874984340", "in_reply_to_user_id": "807003567605227520", "public_metrics": {"retweet_count": 0, "reply_count": 0, "like_count": 0, "quote_count": 0}, "replied_tweet": {"referenced_tweets": [{"type": "quoted", "id": "1045381489624473600"}], "id": "1045406519741886464", "entities": {"hashtags": [{"start": 222, "end": 242, "tag": "ChristineBlaseyFord"}, {"start": 244, "end": 257, "tag": "BelieveWomen"}], "urls": [{"start": 258, "end": 281, "url": "https://t.co/lOq1SzAhhj", "expanded_url": "https://twitter.com/BBCWorld/status/1045381489624473600", "display_url": "twitter.com/BBCWorld/statu\u2026"}], "annotations": [{"start": 5, "end": 14, "probability": 0.9762, "type": "Person", "normalized_text": "Mr. Graham"}]}, "lang": "en", "text": "Yes, Mr. Graham, maybe next time this lady will be so \u201cnice\u201d as to get assaulted in front of plenty of witnesses so that the next guy to be nominated is not subjected to such an inconvenient and grueling process as this.. #ChristineBlaseyFord  #BelieveWomen https://t.co/lOq1SzAhhj", "created_at": "2018-09-27T20:15:11.000Z", "source": "Twitter for iPhone", "author_id": "807003567605227520", "public_metrics": {"retweet_count": 82, "reply_count": 16, "like_count": 371, "quote_count": 4}, "author": {"public_metrics": {"followers_count": 190463, "following_count": 220, "tweet_count": 1151, "listed_count": 567}, "created_at": "2016-12-08T23:26:58.000Z", "id": "807003567605227520", "location": "Los Angeles, CA", "name": "Amber Heard", "profile_image_url": "https://pbs.twimg.com/profile_images/1383196364792680448/N8CdupEu_normal.jpg", "username": "realamberheard", "url": "https://t.co/Ze18Ek9SOI", "description": "Actor and Activist, semi-professional disruptor, ice cream advocate and shameless teacup yorkie-lover"}}, "author": {"public_metrics": {"followers_count": 338, "following_count": 315, "tweet_count": 26825, "listed_count": 15}, "created_at": "2012-10-12T05:22:26.000Z", "id": "874984340", "name": "Lexi", "profile_image_url": "https://pbs.twimg.com/profile_images/1451763808968523777/qJNzYCWU_normal.jpg", "username": "animalhugger91", "url": "", "description": "Here to fangirl about fangirl things. I also retweet a lot of animal stuff and posts to raise social awareness. Beware my page. Pronouns: she/her"}}]