[{"referenced_tweets": [{"type": "replied_to", "id": "1046452900904488960"}], "id": "1046586357336793088", "author_id": "20294410", "entities": {"mentions": [{"start": 0, "end": 15, "username": "realamberheard", "id": "807003567605227520"}]}, "in_reply_to_user_id": "807003567605227520", "created_at": "2018-10-01T02:23:26.000Z", "text": "@realamberheard So amazing", "public_metrics": {"retweet_count": 0, "reply_count": 0, "like_count": 0, "quote_count": 0}, "source": "Twitter for iPhone", "lang": "en", "replied_tweet": {"id": "1046452900904488960", "entities": {"annotations": [{"start": 111, "end": 128, "probability": 0.8329, "type": "Person", "normalized_text": "Senator Jeff Flake"}, {"start": 153, "end": 166, "probability": 0.4429, "type": "Organization", "normalized_text": "Global Citizen"}], "urls": [{"start": 190, "end": 213, "url": "https://t.co/nkuBUXb5UH", "expanded_url": "https://www.instagram.com/p/BoW9iOSg7j-/?utm_source=ig_twitter_share&igshid=tmj3eht03y35", "display_url": "instagram.com/p/BoW9iOSg7j-/\u2026", "status": 429, "title": "Login \u2022 Instagram", "description": "Welcome back to Instagram. Sign in to check out what your friends, family & interests have been capturing & sharing around the world.", "unwound_url": "https://www.instagram.com/accounts/login/"}]}, "author_id": "807003567605227520", "created_at": "2018-09-30T17:33:08.000Z", "text": "Moved by the emotional events and inspiring women who spoke truth to power this week, I felt compelled to stop Senator Jeff Flake after we both spoke at Global Citizen yesterday. I thanked\u2026 https://t.co/nkuBUXb5UH", "public_metrics": {"retweet_count": 33, "reply_count": 9, "like_count": 244, "quote_count": 0}, "source": "Instagram", "lang": "en", "author": {"location": "Los Angeles, CA", "created_at": "2016-12-08T23:26:58.000Z", "profile_image_url": "https://pbs.twimg.com/profile_images/1383196364792680448/N8CdupEu_normal.jpg", "public_metrics": {"followers_count": 190463, "following_count": 220, "tweet_count": 1151, "listed_count": 567}, "url": "https://t.co/Ze18Ek9SOI", "id": "807003567605227520", "name": "Amber Heard", "username": "realamberheard", "description": "Actor and Activist, semi-professional disruptor, ice cream advocate and shameless teacup yorkie-lover"}}, "author": {"location": "Santa Monica, CA", "created_at": "2009-02-07T04:45:02.000Z", "profile_image_url": "https://pbs.twimg.com/profile_images/526272543343509504/Yh7pl_Mw_normal.jpeg", "public_metrics": {"followers_count": 757, "following_count": 1539, "tweet_count": 6015, "listed_count": 27}, "url": "https://t.co/lAjgMKGtPg", "id": "20294410", "name": "Nitish Kannan", "username": "nitut1", "description": "I'm Nitish, CEO of https://t.co/aUoScglITZ, screenwriter, independent producer universal, and speaker author and futurist. https://t.co/QOEAUbyF1b"}}, {"referenced_tweets": [{"type": "replied_to", "id": "1046452900904488960"}], "id": "1046522212868448256", "author_id": "124685977", "entities": {"mentions": [{"start": 0, "end": 15, "username": "realamberheard", "id": "807003567605227520"}]}, "in_reply_to_user_id": "807003567605227520", "created_at": "2018-09-30T22:08:33.000Z", "text": "@realamberheard positive reinforcement that he did the right thing \ud83d\udc95", "public_metrics": {"retweet_count": 0, "reply_count": 0, "like_count": 0, "quote_count": 0}, "source": "Twitter Web Client", "lang": "en", "replied_tweet": {"id": "1046452900904488960", "entities": {"annotations": [{"start": 111, "end": 128, "probability": 0.8329, "type": "Person", "normalized_text": "Senator Jeff Flake"}, {"start": 153, "end": 166, "probability": 0.4429, "type": "Organization", "normalized_text": "Global Citizen"}], "urls": [{"start": 190, "end": 213, "url": "https://t.co/nkuBUXb5UH", "expanded_url": "https://www.instagram.com/p/BoW9iOSg7j-/?utm_source=ig_twitter_share&igshid=tmj3eht03y35", "display_url": "instagram.com/p/BoW9iOSg7j-/\u2026", "status": 429, "title": "Login \u2022 Instagram", "description": "Welcome back to Instagram. Sign in to check out what your friends, family & interests have been capturing & sharing around the world.", "unwound_url": "https://www.instagram.com/accounts/login/"}]}, "author_id": "807003567605227520", "created_at": "2018-09-30T17:33:08.000Z", "text": "Moved by the emotional events and inspiring women who spoke truth to power this week, I felt compelled to stop Senator Jeff Flake after we both spoke at Global Citizen yesterday. I thanked\u2026 https://t.co/nkuBUXb5UH", "public_metrics": {"retweet_count": 33, "reply_count": 9, "like_count": 244, "quote_count": 0}, "source": "Instagram", "lang": "en", "author": {"location": "Los Angeles, CA", "created_at": "2016-12-08T23:26:58.000Z", "profile_image_url": "https://pbs.twimg.com/profile_images/1383196364792680448/N8CdupEu_normal.jpg", "public_metrics": {"followers_count": 190463, "following_count": 220, "tweet_count": 1151, "listed_count": 567}, "url": "https://t.co/Ze18Ek9SOI", "id": "807003567605227520", "name": "Amber Heard", "username": "realamberheard", "description": "Actor and Activist, semi-professional disruptor, ice cream advocate and shameless teacup yorkie-lover"}}, "author": {"created_at": "2010-03-20T06:32:36.000Z", "profile_image_url": "https://pbs.twimg.com/profile_images/938453982829199360/PO53hO8w_normal.jpg", "public_metrics": {"followers_count": 151, "following_count": 1152, "tweet_count": 2234, "listed_count": 3}, "url": "", "id": "124685977", "name": "flossy", "username": "dentitexx", "description": ""}}, {"referenced_tweets": [{"type": "replied_to", "id": "1046452900904488960"}], "id": "1046484720039723009", "author_id": "557102228", "entities": {"mentions": [{"start": 0, "end": 15, "username": "realamberheard", "id": "807003567605227520"}]}, "in_reply_to_user_id": "807003567605227520", "created_at": "2018-09-30T19:39:34.000Z", "text": "@realamberheard I admire how brave you are.", "public_metrics": {"retweet_count": 0, "reply_count": 0, "like_count": 1, "quote_count": 0}, "source": "Twitter for Android", "lang": "en", "replied_tweet": {"id": "1046452900904488960", "entities": {"annotations": [{"start": 111, "end": 128, "probability": 0.8329, "type": "Person", "normalized_text": "Senator Jeff Flake"}, {"start": 153, "end": 166, "probability": 0.4429, "type": "Organization", "normalized_text": "Global Citizen"}], "urls": [{"start": 190, "end": 213, "url": "https://t.co/nkuBUXb5UH", "expanded_url": "https://www.instagram.com/p/BoW9iOSg7j-/?utm_source=ig_twitter_share&igshid=tmj3eht03y35", "display_url": "instagram.com/p/BoW9iOSg7j-/\u2026", "status": 429, "title": "Login \u2022 Instagram", "description": "Welcome back to Instagram. Sign in to check out what your friends, family & interests have been capturing & sharing around the world.", "unwound_url": "https://www.instagram.com/accounts/login/"}]}, "author_id": "807003567605227520", "created_at": "2018-09-30T17:33:08.000Z", "text": "Moved by the emotional events and inspiring women who spoke truth to power this week, I felt compelled to stop Senator Jeff Flake after we both spoke at Global Citizen yesterday. I thanked\u2026 https://t.co/nkuBUXb5UH", "public_metrics": {"retweet_count": 33, "reply_count": 9, "like_count": 244, "quote_count": 0}, "source": "Instagram", "lang": "en", "author": {"location": "Los Angeles, CA", "created_at": "2016-12-08T23:26:58.000Z", "profile_image_url": "https://pbs.twimg.com/profile_images/1383196364792680448/N8CdupEu_normal.jpg", "public_metrics": {"followers_count": 190463, "following_count": 220, "tweet_count": 1151, "listed_count": 567}, "url": "https://t.co/Ze18Ek9SOI", "id": "807003567605227520", "name": "Amber Heard", "username": "realamberheard", "description": "Actor and Activist, semi-professional disruptor, ice cream advocate and shameless teacup yorkie-lover"}}, "author": {"location": "France", "created_at": "2012-04-18T18:25:38.000Z", "profile_image_url": "https://pbs.twimg.com/profile_images/1442704202837417984/vlOWafqE_normal.jpg", "public_metrics": {"followers_count": 149, "following_count": 53, "tweet_count": 10448, "listed_count": 3}, "url": "", "id": "557102228", "name": "mad woman", "username": "WeAreLovely", "description": "{ Feminist & Humanist }"}}, {"referenced_tweets": [{"type": "replied_to", "id": "1046452900904488960"}], "id": "1046467480301051904", "author_id": "874984340", "entities": {"mentions": [{"start": 0, "end": 15, "username": "realamberheard", "id": "807003567605227520"}]}, "in_reply_to_user_id": "807003567605227520", "created_at": "2018-09-30T18:31:04.000Z", "text": "@realamberheard Thank you for speaking to him. I was upset to see him there all things considered. Thanks for having a cool head and speaking to him face to face. \u2764\ufe0f", "public_metrics": {"retweet_count": 0, "reply_count": 0, "like_count": 4, "quote_count": 0}, "source": "Twitter for iPhone", "lang": "en", "replied_tweet": {"id": "1046452900904488960", "entities": {"annotations": [{"start": 111, "end": 128, "probability": 0.8329, "type": "Person", "normalized_text": "Senator Jeff Flake"}, {"start": 153, "end": 166, "probability": 0.4429, "type": "Organization", "normalized_text": "Global Citizen"}], "urls": [{"start": 190, "end": 213, "url": "https://t.co/nkuBUXb5UH", "expanded_url": "https://www.instagram.com/p/BoW9iOSg7j-/?utm_source=ig_twitter_share&igshid=tmj3eht03y35", "display_url": "instagram.com/p/BoW9iOSg7j-/\u2026", "status": 429, "title": "Login \u2022 Instagram", "description": "Welcome back to Instagram. Sign in to check out what your friends, family & interests have been capturing & sharing around the world.", "unwound_url": "https://www.instagram.com/accounts/login/"}]}, "author_id": "807003567605227520", "created_at": "2018-09-30T17:33:08.000Z", "text": "Moved by the emotional events and inspiring women who spoke truth to power this week, I felt compelled to stop Senator Jeff Flake after we both spoke at Global Citizen yesterday. I thanked\u2026 https://t.co/nkuBUXb5UH", "public_metrics": {"retweet_count": 33, "reply_count": 9, "like_count": 244, "quote_count": 0}, "source": "Instagram", "lang": "en", "author": {"location": "Los Angeles, CA", "created_at": "2016-12-08T23:26:58.000Z", "profile_image_url": "https://pbs.twimg.com/profile_images/1383196364792680448/N8CdupEu_normal.jpg", "public_metrics": {"followers_count": 190463, "following_count": 220, "tweet_count": 1151, "listed_count": 567}, "url": "https://t.co/Ze18Ek9SOI", "id": "807003567605227520", "name": "Amber Heard", "username": "realamberheard", "description": "Actor and Activist, semi-professional disruptor, ice cream advocate and shameless teacup yorkie-lover"}}, "author": {"created_at": "2012-10-12T05:22:26.000Z", "profile_image_url": "https://pbs.twimg.com/profile_images/1451763808968523777/qJNzYCWU_normal.jpg", "public_metrics": {"followers_count": 338, "following_count": 315, "tweet_count": 26825, "listed_count": 15}, "url": "", "id": "874984340", "name": "Lexi", "username": "animalhugger91", "description": "Here to fangirl about fangirl things. I also retweet a lot of animal stuff and posts to raise social awareness. Beware my page. Pronouns: she/her"}}, {"referenced_tweets": [{"type": "replied_to", "id": "1046452900904488960"}], "id": "1046460954396020742", "entities": {"annotations": [{"start": 67, "end": 71, "probability": 0.9463, "type": "Person", "normalized_text": "Amber"}], "mentions": [{"start": 0, "end": 15, "username": "realamberheard", "id": "807003567605227520"}]}, "author_id": "79199888", "in_reply_to_user_id": "807003567605227520", "created_at": "2018-09-30T18:05:08.000Z", "text": "@realamberheard Everything you are doing is so powerful, thank you Amber for keeping fighting and inspiring so many people with your activism! So proud to support you and all these bravery victims! No one  can  silence them \ud83d\udcaa", "public_metrics": {"retweet_count": 0, "reply_count": 0, "like_count": 3, "quote_count": 0}, "source": "Twitter for Android", "lang": "en", "replied_tweet": {"id": "1046452900904488960", "entities": {"annotations": [{"start": 111, "end": 128, "probability": 0.8329, "type": "Person", "normalized_text": "Senator Jeff Flake"}, {"start": 153, "end": 166, "probability": 0.4429, "type": "Organization", "normalized_text": "Global Citizen"}], "urls": [{"start": 190, "end": 213, "url": "https://t.co/nkuBUXb5UH", "expanded_url": "https://www.instagram.com/p/BoW9iOSg7j-/?utm_source=ig_twitter_share&igshid=tmj3eht03y35", "display_url": "instagram.com/p/BoW9iOSg7j-/\u2026", "status": 429, "title": "Login \u2022 Instagram", "description": "Welcome back to Instagram. Sign in to check out what your friends, family & interests have been capturing & sharing around the world.", "unwound_url": "https://www.instagram.com/accounts/login/"}]}, "author_id": "807003567605227520", "created_at": "2018-09-30T17:33:08.000Z", "text": "Moved by the emotional events and inspiring women who spoke truth to power this week, I felt compelled to stop Senator Jeff Flake after we both spoke at Global Citizen yesterday. I thanked\u2026 https://t.co/nkuBUXb5UH", "public_metrics": {"retweet_count": 33, "reply_count": 9, "like_count": 244, "quote_count": 0}, "source": "Instagram", "lang": "en", "author": {"location": "Los Angeles, CA", "created_at": "2016-12-08T23:26:58.000Z", "profile_image_url": "https://pbs.twimg.com/profile_images/1383196364792680448/N8CdupEu_normal.jpg", "public_metrics": {"followers_count": 190463, "following_count": 220, "tweet_count": 1151, "listed_count": 567}, "url": "https://t.co/Ze18Ek9SOI", "id": "807003567605227520", "name": "Amber Heard", "username": "realamberheard", "description": "Actor and Activist, semi-professional disruptor, ice cream advocate and shameless teacup yorkie-lover"}}, "author": {"location": "Since 2009", "created_at": "2009-10-02T14:50:54.000Z", "profile_image_url": "https://pbs.twimg.com/profile_images/1412490122365374481/EAftEZpa_normal.jpg", "public_metrics": {"followers_count": 7234, "following_count": 344, "tweet_count": 39219, "listed_count": 34}, "url": "https://t.co/w3BraCgc4s", "id": "79199888", "name": "Amber Heard Italia Fans", "username": "AmberHeardIT", "description": "First  Italian FANPAGE dedicated to @realamberheard. Follow us for the latest updates, pictures and news! On Amber Heard Italia, u HEARD it first \ud83c\uddee\ud83c\uddf9"}}, {"referenced_tweets": [{"type": "replied_to", "id": "1046452900904488960"}], "id": "1046458459833737216", "author_id": "4396120342", "entities": {"mentions": [{"start": 0, "end": 15, "username": "realamberheard", "id": "807003567605227520"}]}, "in_reply_to_user_id": "807003567605227520", "created_at": "2018-09-30T17:55:13.000Z", "text": "@realamberheard You're an unstoppable force of nature!!\n\nAnd I couldn't be prouder of you and how you keep fighting for every victim and making your voice to be \"heard\", with bravery, not matter who or what \ud83d\udc4f\n\nYou're an inspiring woman and I couldn't be prouder to be your supporter \ud83d\udc4d\ud83d\udc4f", "public_metrics": {"retweet_count": 0, "reply_count": 0, "like_count": 4, "quote_count": 0}, "source": "Twitter for Android", "lang": "en", "replied_tweet": {"id": "1046452900904488960", "entities": {"annotations": [{"start": 111, "end": 128, "probability": 0.8329, "type": "Person", "normalized_text": "Senator Jeff Flake"}, {"start": 153, "end": 166, "probability": 0.4429, "type": "Organization", "normalized_text": "Global Citizen"}], "urls": [{"start": 190, "end": 213, "url": "https://t.co/nkuBUXb5UH", "expanded_url": "https://www.instagram.com/p/BoW9iOSg7j-/?utm_source=ig_twitter_share&igshid=tmj3eht03y35", "display_url": "instagram.com/p/BoW9iOSg7j-/\u2026", "status": 429, "title": "Login \u2022 Instagram", "description": "Welcome back to Instagram. Sign in to check out what your friends, family & interests have been capturing & sharing around the world.", "unwound_url": "https://www.instagram.com/accounts/login/"}]}, "author_id": "807003567605227520", "created_at": "2018-09-30T17:33:08.000Z", "text": "Moved by the emotional events and inspiring women who spoke truth to power this week, I felt compelled to stop Senator Jeff Flake after we both spoke at Global Citizen yesterday. I thanked\u2026 https://t.co/nkuBUXb5UH", "public_metrics": {"retweet_count": 33, "reply_count": 9, "like_count": 244, "quote_count": 0}, "source": "Instagram", "lang": "en", "author": {"location": "Los Angeles, CA", "created_at": "2016-12-08T23:26:58.000Z", "profile_image_url": "https://pbs.twimg.com/profile_images/1383196364792680448/N8CdupEu_normal.jpg", "public_metrics": {"followers_count": 190463, "following_count": 220, "tweet_count": 1151, "listed_count": 567}, "url": "https://t.co/Ze18Ek9SOI", "id": "807003567605227520", "name": "Amber Heard", "username": "realamberheard", "description": "Actor and Activist, semi-professional disruptor, ice cream advocate and shameless teacup yorkie-lover"}}, "author": {"created_at": "2015-12-06T17:21:06.000Z", "profile_image_url": "https://pbs.twimg.com/profile_images/1378175478478082050/UKLiQPuk_normal.jpg", "public_metrics": {"followers_count": 678, "following_count": 296, "tweet_count": 58624, "listed_count": 26}, "url": "", "id": "4396120342", "name": "STIRGUS SACCHETTI", "username": "stirgussa", "description": "Only two things are infinite, the universe and human stupidity, and I'm not sure about the former. - Albert Einstein and Me!"}}, {"referenced_tweets": [{"type": "replied_to", "id": "1046452900904488960"}], "id": "1046453892953919488", "entities": {"annotations": [{"start": 21, "end": 25, "probability": 0.7513, "type": "Person", "normalized_text": "amber"}], "mentions": [{"start": 0, "end": 15, "username": "realamberheard", "id": "807003567605227520"}]}, "author_id": "989633741114003456", "in_reply_to_user_id": "807003567605227520", "created_at": "2018-09-30T17:37:04.000Z", "text": "@realamberheard Dear amber,these elected officials are their to assist as citizens I write  them always,dear!!", "public_metrics": {"retweet_count": 0, "reply_count": 0, "like_count": 1, "quote_count": 0}, "source": "Twitter for Android", "lang": "en", "replied_tweet": {"id": "1046452900904488960", "entities": {"annotations": [{"start": 111, "end": 128, "probability": 0.8329, "type": "Person", "normalized_text": "Senator Jeff Flake"}, {"start": 153, "end": 166, "probability": 0.4429, "type": "Organization", "normalized_text": "Global Citizen"}], "urls": [{"start": 190, "end": 213, "url": "https://t.co/nkuBUXb5UH", "expanded_url": "https://www.instagram.com/p/BoW9iOSg7j-/?utm_source=ig_twitter_share&igshid=tmj3eht03y35", "display_url": "instagram.com/p/BoW9iOSg7j-/\u2026", "status": 429, "title": "Login \u2022 Instagram", "description": "Welcome back to Instagram. Sign in to check out what your friends, family & interests have been capturing & sharing around the world.", "unwound_url": "https://www.instagram.com/accounts/login/"}]}, "author_id": "807003567605227520", "created_at": "2018-09-30T17:33:08.000Z", "text": "Moved by the emotional events and inspiring women who spoke truth to power this week, I felt compelled to stop Senator Jeff Flake after we both spoke at Global Citizen yesterday. I thanked\u2026 https://t.co/nkuBUXb5UH", "public_metrics": {"retweet_count": 33, "reply_count": 9, "like_count": 244, "quote_count": 0}, "source": "Instagram", "lang": "en", "author": {"location": "Los Angeles, CA", "created_at": "2016-12-08T23:26:58.000Z", "profile_image_url": "https://pbs.twimg.com/profile_images/1383196364792680448/N8CdupEu_normal.jpg", "public_metrics": {"followers_count": 190463, "following_count": 220, "tweet_count": 1151, "listed_count": 567}, "url": "https://t.co/Ze18Ek9SOI", "id": "807003567605227520", "name": "Amber Heard", "username": "realamberheard", "description": "Actor and Activist, semi-professional disruptor, ice cream advocate and shameless teacup yorkie-lover"}}, "author": {"location": "Long Island,new York", "created_at": "2018-04-26T22:34:05.000Z", "profile_image_url": "https://abs.twimg.com/sticky/default_profile_images/default_profile_normal.png", "public_metrics": {"followers_count": 39, "following_count": 269, "tweet_count": 44974, "listed_count": 0}, "url": "", "id": "989633741114003456", "name": "Paulwalwanis", "username": "Paulwalwanis7", "description": "Comedy,counselor"}}]