[{"source": "Twitter for Android", "in_reply_to_user_id": "807003567605227520", "lang": "en", "public_metrics": {"retweet_count": 0, "reply_count": 0, "like_count": 0, "quote_count": 0}, "created_at": "2018-10-03T01:23:42.000Z", "entities": {"mentions": [{"start": 0, "end": 15, "username": "realamberheard", "id": "807003567605227520"}]}, "id": "1047296100774727680", "referenced_tweets": [{"type": "replied_to", "id": "1046838809676173314"}], "text": "@realamberheard Let me (us) know how e can help?", "author_id": "37091740", "replied_tweet": {"source": "Twitter for iPhone", "lang": "en", "public_metrics": {"retweet_count": 77, "reply_count": 38, "like_count": 476, "quote_count": 6}, "created_at": "2018-10-01T19:06:36.000Z", "id": "1046838809676173314", "entities": {"urls": [{"start": 6, "end": 29, "url": "https://t.co/CF3TrNVTT7", "expanded_url": "https://twitter.com/BuzzFeedNews/status/1046797534767800321", "display_url": "twitter.com/BuzzFeedNews/s\u2026"}], "annotations": [{"start": 0, "end": 4, "probability": 0.892, "type": "Person", "normalized_text": "Jesus"}]}, "referenced_tweets": [{"type": "quoted", "id": "1046797534767800321"}], "text": "Jesus https://t.co/CF3TrNVTT7", "author_id": "807003567605227520", "author": {"created_at": "2016-12-08T23:26:58.000Z", "profile_image_url": "https://pbs.twimg.com/profile_images/1383196364792680448/N8CdupEu_normal.jpg", "url": "https://t.co/Ze18Ek9SOI", "name": "Amber Heard", "location": "Los Angeles, CA", "id": "807003567605227520", "public_metrics": {"followers_count": 190463, "following_count": 220, "tweet_count": 1151, "listed_count": 567}, "description": "Actor and Activist, semi-professional disruptor, ice cream advocate and shameless teacup yorkie-lover", "username": "realamberheard"}}, "author": {"created_at": "2009-05-02T00:39:56.000Z", "profile_image_url": "https://pbs.twimg.com/profile_images/840342079637086208/yoOafXTJ_normal.jpg", "url": "", "name": "Thomas James Kepner", "id": "37091740", "public_metrics": {"followers_count": 287, "following_count": 2020, "tweet_count": 9133, "listed_count": 1}, "description": "The One after the Super Bowl and Show me the Money!!", "username": "thomaskepner"}}, {"source": "Twitter for Android", "in_reply_to_user_id": "23494080", "lang": "en", "public_metrics": {"retweet_count": 0, "reply_count": 0, "like_count": 0, "quote_count": 0}, "created_at": "2018-10-02T12:24:30.000Z", "entities": {"mentions": [{"start": 0, "end": 14, "username": "RealKevinNash", "id": "23494080"}, {"start": 15, "end": 30, "username": "realamberheard", "id": "807003567605227520"}]}, "id": "1047100008674332672", "referenced_tweets": [{"type": "replied_to", "id": "1047015388054216704"}], "text": "@RealKevinNash @realamberheard We are living in a movie sir...", "author_id": "1038220229455831041", "replied_tweet": {"source": "Twitter for iPhone", "lang": "en", "public_metrics": {"retweet_count": 77, "reply_count": 38, "like_count": 476, "quote_count": 6}, "created_at": "2018-10-01T19:06:36.000Z", "id": "1046838809676173314", "entities": {"urls": [{"start": 6, "end": 29, "url": "https://t.co/CF3TrNVTT7", "expanded_url": "https://twitter.com/BuzzFeedNews/status/1046797534767800321", "display_url": "twitter.com/BuzzFeedNews/s\u2026"}], "annotations": [{"start": 0, "end": 4, "probability": 0.892, "type": "Person", "normalized_text": "Jesus"}]}, "referenced_tweets": [{"type": "quoted", "id": "1046797534767800321"}], "text": "Jesus https://t.co/CF3TrNVTT7", "author_id": "807003567605227520", "author": {"created_at": "2016-12-08T23:26:58.000Z", "profile_image_url": "https://pbs.twimg.com/profile_images/1383196364792680448/N8CdupEu_normal.jpg", "url": "https://t.co/Ze18Ek9SOI", "name": "Amber Heard", "location": "Los Angeles, CA", "id": "807003567605227520", "public_metrics": {"followers_count": 190463, "following_count": 220, "tweet_count": 1151, "listed_count": 567}, "description": "Actor and Activist, semi-professional disruptor, ice cream advocate and shameless teacup yorkie-lover", "username": "realamberheard"}}, "author": {"created_at": "2018-09-08T00:19:26.000Z", "profile_image_url": "https://pbs.twimg.com/profile_images/1038222250938384384/56JvZpHc_normal.jpg", "url": "", "name": "Matt Blankenship", "id": "1038220229455831041", "public_metrics": {"followers_count": 17, "following_count": 407, "tweet_count": 155, "listed_count": 0}, "description": "", "username": "MattBlankensh10"}}, {"source": "Tweetbot for i\u039fS", "in_reply_to_user_id": "807003567605227520", "lang": "en", "public_metrics": {"retweet_count": 0, "reply_count": 0, "like_count": 0, "quote_count": 0}, "created_at": "2018-10-02T12:23:55.000Z", "entities": {"mentions": [{"start": 0, "end": 15, "username": "realamberheard", "id": "807003567605227520"}]}, "id": "1047099859839389701", "referenced_tweets": [{"type": "replied_to", "id": "1046838809676173314"}], "text": "@realamberheard How the hell did we end up here?", "author_id": "220493385", "replied_tweet": {"source": "Twitter for iPhone", "lang": "en", "public_metrics": {"retweet_count": 77, "reply_count": 38, "like_count": 476, "quote_count": 6}, "created_at": "2018-10-01T19:06:36.000Z", "id": "1046838809676173314", "entities": {"urls": [{"start": 6, "end": 29, "url": "https://t.co/CF3TrNVTT7", "expanded_url": "https://twitter.com/BuzzFeedNews/status/1046797534767800321", "display_url": "twitter.com/BuzzFeedNews/s\u2026"}], "annotations": [{"start": 0, "end": 4, "probability": 0.892, "type": "Person", "normalized_text": "Jesus"}]}, "referenced_tweets": [{"type": "quoted", "id": "1046797534767800321"}], "text": "Jesus https://t.co/CF3TrNVTT7", "author_id": "807003567605227520", "author": {"created_at": "2016-12-08T23:26:58.000Z", "profile_image_url": "https://pbs.twimg.com/profile_images/1383196364792680448/N8CdupEu_normal.jpg", "url": "https://t.co/Ze18Ek9SOI", "name": "Amber Heard", "location": "Los Angeles, CA", "id": "807003567605227520", "public_metrics": {"followers_count": 190463, "following_count": 220, "tweet_count": 1151, "listed_count": 567}, "description": "Actor and Activist, semi-professional disruptor, ice cream advocate and shameless teacup yorkie-lover", "username": "realamberheard"}}, "author": {"created_at": "2010-11-27T23:34:12.000Z", "profile_image_url": "https://pbs.twimg.com/profile_images/667444544884097024/LmtnYLwU_normal.jpg", "url": "https://t.co/70pDySB16q", "name": "Jason - Cranky Coder", "location": "TN", "id": "220493385", "public_metrics": {"followers_count": 175, "following_count": 209, "tweet_count": 5642, "listed_count": 41}, "description": "https://t.co/T7BEbtgKSv \u2026  Patreon: https://t.co/g89kBRcJGs Website: https://t.co/Zo54xKe7dm", "username": "crankycoderblog"}}, {"source": "Twitter for iPhone", "in_reply_to_user_id": "807003567605227520", "lang": "en", "public_metrics": {"retweet_count": 0, "reply_count": 0, "like_count": 0, "quote_count": 0}, "created_at": "2018-10-02T11:24:23.000Z", "entities": {"mentions": [{"start": 0, "end": 15, "username": "realamberheard", "id": "807003567605227520"}]}, "id": "1047084876095049728", "referenced_tweets": [{"type": "replied_to", "id": "1046838809676173314"}], "text": "@realamberheard Stick to acting", "author_id": "3013091173", "replied_tweet": {"source": "Twitter for iPhone", "lang": "en", "public_metrics": {"retweet_count": 77, "reply_count": 38, "like_count": 476, "quote_count": 6}, "created_at": "2018-10-01T19:06:36.000Z", "id": "1046838809676173314", "entities": {"urls": [{"start": 6, "end": 29, "url": "https://t.co/CF3TrNVTT7", "expanded_url": "https://twitter.com/BuzzFeedNews/status/1046797534767800321", "display_url": "twitter.com/BuzzFeedNews/s\u2026"}], "annotations": [{"start": 0, "end": 4, "probability": 0.892, "type": "Person", "normalized_text": "Jesus"}]}, "referenced_tweets": [{"type": "quoted", "id": "1046797534767800321"}], "text": "Jesus https://t.co/CF3TrNVTT7", "author_id": "807003567605227520", "author": {"created_at": "2016-12-08T23:26:58.000Z", "profile_image_url": "https://pbs.twimg.com/profile_images/1383196364792680448/N8CdupEu_normal.jpg", "url": "https://t.co/Ze18Ek9SOI", "name": "Amber Heard", "location": "Los Angeles, CA", "id": "807003567605227520", "public_metrics": {"followers_count": 190463, "following_count": 220, "tweet_count": 1151, "listed_count": 567}, "description": "Actor and Activist, semi-professional disruptor, ice cream advocate and shameless teacup yorkie-lover", "username": "realamberheard"}}, "author": {"created_at": "2015-02-08T05:50:20.000Z", "profile_image_url": "https://pbs.twimg.com/profile_images/1507182409724628992/Z9ZsI4yo_normal.jpg", "url": "", "name": "iamspeed", "id": "3013091173", "public_metrics": {"followers_count": 45, "following_count": 495, "tweet_count": 1637, "listed_count": 1}, "description": "#savereddeadonline #holdubisoftaccountable #fucknfts", "username": "you_were_my_bro"}}, {"source": "Twitter for iPhone", "in_reply_to_user_id": "23494080", "lang": "en", "public_metrics": {"retweet_count": 0, "reply_count": 0, "like_count": 0, "quote_count": 0}, "created_at": "2018-10-02T07:01:40.000Z", "entities": {"mentions": [{"start": 0, "end": 14, "username": "RealKevinNash", "id": "23494080"}, {"start": 15, "end": 30, "username": "realamberheard", "id": "807003567605227520"}], "annotations": [{"start": 31, "end": 35, "probability": 0.9995, "type": "Person", "normalized_text": "Trump"}]}, "id": "1047018761793036288", "referenced_tweets": [{"type": "replied_to", "id": "1047015388054216704"}], "text": "@RealKevinNash @realamberheard Trump is his own worst enemy !\nNeeds to one else to fuck things up lmao", "author_id": "61999675", "replied_tweet": {"source": "Twitter for iPhone", "lang": "en", "public_metrics": {"retweet_count": 77, "reply_count": 38, "like_count": 476, "quote_count": 6}, "created_at": "2018-10-01T19:06:36.000Z", "id": "1046838809676173314", "entities": {"urls": [{"start": 6, "end": 29, "url": "https://t.co/CF3TrNVTT7", "expanded_url": "https://twitter.com/BuzzFeedNews/status/1046797534767800321", "display_url": "twitter.com/BuzzFeedNews/s\u2026"}], "annotations": [{"start": 0, "end": 4, "probability": 0.892, "type": "Person", "normalized_text": "Jesus"}]}, "referenced_tweets": [{"type": "quoted", "id": "1046797534767800321"}], "text": "Jesus https://t.co/CF3TrNVTT7", "author_id": "807003567605227520", "author": {"created_at": "2016-12-08T23:26:58.000Z", "profile_image_url": "https://pbs.twimg.com/profile_images/1383196364792680448/N8CdupEu_normal.jpg", "url": "https://t.co/Ze18Ek9SOI", "name": "Amber Heard", "location": "Los Angeles, CA", "id": "807003567605227520", "public_metrics": {"followers_count": 190463, "following_count": 220, "tweet_count": 1151, "listed_count": 567}, "description": "Actor and Activist, semi-professional disruptor, ice cream advocate and shameless teacup yorkie-lover", "username": "realamberheard"}}, "author": {"created_at": "2009-08-01T09:10:33.000Z", "profile_image_url": "https://pbs.twimg.com/profile_images/1382122222890881025/L50ncMpF_normal.jpg", "url": "", "name": "Barry Atkins \ud83c\uddfa\ud83c\udde6", "id": "61999675", "public_metrics": {"followers_count": 81, "following_count": 274, "tweet_count": 11945, "listed_count": 0}, "description": "Crows supporter since day1. Redlegs supporter since birth and My Family and Friends mean most to me !", "username": "bazzz66"}}, {"source": "Twitter for Android", "in_reply_to_user_id": "807003567605227520", "lang": "en", "public_metrics": {"retweet_count": 0, "reply_count": 2, "like_count": 28, "quote_count": 0}, "created_at": "2018-10-02T06:48:15.000Z", "entities": {"mentions": [{"start": 0, "end": 15, "username": "realamberheard", "id": "807003567605227520"}]}, "id": "1047015388054216704", "referenced_tweets": [{"type": "replied_to", "id": "1046838809676173314"}], "text": "@realamberheard Love the press minutes saying of course you're not thanking me. Twilight zone on a minute to minute basis", "author_id": "23494080", "replied_tweet": {"source": "Twitter for iPhone", "lang": "en", "public_metrics": {"retweet_count": 77, "reply_count": 38, "like_count": 476, "quote_count": 6}, "created_at": "2018-10-01T19:06:36.000Z", "id": "1046838809676173314", "entities": {"urls": [{"start": 6, "end": 29, "url": "https://t.co/CF3TrNVTT7", "expanded_url": "https://twitter.com/BuzzFeedNews/status/1046797534767800321", "display_url": "twitter.com/BuzzFeedNews/s\u2026"}], "annotations": [{"start": 0, "end": 4, "probability": 0.892, "type": "Person", "normalized_text": "Jesus"}]}, "referenced_tweets": [{"type": "quoted", "id": "1046797534767800321"}], "text": "Jesus https://t.co/CF3TrNVTT7", "author_id": "807003567605227520", "author": {"created_at": "2016-12-08T23:26:58.000Z", "profile_image_url": "https://pbs.twimg.com/profile_images/1383196364792680448/N8CdupEu_normal.jpg", "url": "https://t.co/Ze18Ek9SOI", "name": "Amber Heard", "location": "Los Angeles, CA", "id": "807003567605227520", "public_metrics": {"followers_count": 190463, "following_count": 220, "tweet_count": 1151, "listed_count": 567}, "description": "Actor and Activist, semi-professional disruptor, ice cream advocate and shameless teacup yorkie-lover", "username": "realamberheard"}}, "author": {"created_at": "2009-03-09T20:21:02.000Z", "profile_image_url": "https://pbs.twimg.com/profile_images/1504001376610922499/ADEXcixF_normal.jpg", "url": "", "name": "Kevin Nash", "location": "Florida,Detroit", "id": "23494080", "public_metrics": {"followers_count": 1024179, "following_count": 1587, "tweet_count": 12096, "listed_count": 3609}, "description": "Insomniac, Detroit born,Native American. Army veteran,Centrist Democrat. Actor. 2x H.O.F wrestler. LBGTQ advocate.Instagram @realkevinnash No Facebook", "username": "RealKevinNash"}}, {"source": "Twitter for Android", "in_reply_to_user_id": "980465623514992640", "lang": "en", "public_metrics": {"retweet_count": 0, "reply_count": 0, "like_count": 1, "quote_count": 0}, "created_at": "2018-10-02T04:56:09.000Z", "id": "1046987174191738881", "referenced_tweets": [{"type": "replied_to", "id": "1046894891576512512"}], "entities": {"annotations": [{"start": 31, "end": 41, "probability": 0.6169, "type": "Person", "normalized_text": "Donald Duck"}]}, "text": "@ImranHu08928677 No offense to Donald Duck. \ud83d\ude09", "author_id": "206668845", "replied_tweet": {"source": "Twitter for iPhone", "lang": "en", "public_metrics": {"retweet_count": 77, "reply_count": 38, "like_count": 476, "quote_count": 6}, "created_at": "2018-10-01T19:06:36.000Z", "id": "1046838809676173314", "entities": {"urls": [{"start": 6, "end": 29, "url": "https://t.co/CF3TrNVTT7", "expanded_url": "https://twitter.com/BuzzFeedNews/status/1046797534767800321", "display_url": "twitter.com/BuzzFeedNews/s\u2026"}], "annotations": [{"start": 0, "end": 4, "probability": 0.892, "type": "Person", "normalized_text": "Jesus"}]}, "referenced_tweets": [{"type": "quoted", "id": "1046797534767800321"}], "text": "Jesus https://t.co/CF3TrNVTT7", "author_id": "807003567605227520", "author": {"created_at": "2016-12-08T23:26:58.000Z", "profile_image_url": "https://pbs.twimg.com/profile_images/1383196364792680448/N8CdupEu_normal.jpg", "url": "https://t.co/Ze18Ek9SOI", "name": "Amber Heard", "location": "Los Angeles, CA", "id": "807003567605227520", "public_metrics": {"followers_count": 190463, "following_count": 220, "tweet_count": 1151, "listed_count": 567}, "description": "Actor and Activist, semi-professional disruptor, ice cream advocate and shameless teacup yorkie-lover", "username": "realamberheard"}}, "author": {"created_at": "2010-10-23T13:12:40.000Z", "profile_image_url": "https://pbs.twimg.com/profile_images/1500236954083991560/TMU86HMx_normal.jpg", "url": "https://t.co/RNHWAfxAGZ", "name": "Ren\u00e9 Iedema", "location": "\ud83c\uddf3\ud83c\uddf1", "id": "206668845", "public_metrics": {"followers_count": 1039, "following_count": 4983, "tweet_count": 105635, "listed_count": 101}, "description": "Fan of: @Tiesto & @Eminem \u2022 Favorite #Trance DJ / Producer: @FerryCorsten", "username": "ReidMeane"}}, {"source": "Twitter for iPhone", "in_reply_to_user_id": "807003567605227520", "lang": "es", "public_metrics": {"retweet_count": 0, "reply_count": 0, "like_count": 0, "quote_count": 0}, "created_at": "2018-10-02T04:40:25.000Z", "entities": {"mentions": [{"start": 0, "end": 15, "username": "realamberheard", "id": "807003567605227520"}], "annotations": [{"start": 16, "end": 20, "probability": 0.9908, "type": "Person", "normalized_text": "Jesus"}, {"start": 23, "end": 27, "probability": 0.9457, "type": "Person", "normalized_text": "maria"}, {"start": 31, "end": 34, "probability": 0.9436, "type": "Person", "normalized_text": "Jos\u00e9"}]}, "id": "1046983215406288897", "referenced_tweets": [{"type": "replied_to", "id": "1046838809676173314"}], "text": "@realamberheard Jesus, maria y Jos\u00e9.", "author_id": "490983455", "replied_tweet": {"source": "Twitter for iPhone", "lang": "en", "public_metrics": {"retweet_count": 77, "reply_count": 38, "like_count": 476, "quote_count": 6}, "created_at": "2018-10-01T19:06:36.000Z", "id": "1046838809676173314", "entities": {"urls": [{"start": 6, "end": 29, "url": "https://t.co/CF3TrNVTT7", "expanded_url": "https://twitter.com/BuzzFeedNews/status/1046797534767800321", "display_url": "twitter.com/BuzzFeedNews/s\u2026"}], "annotations": [{"start": 0, "end": 4, "probability": 0.892, "type": "Person", "normalized_text": "Jesus"}]}, "referenced_tweets": [{"type": "quoted", "id": "1046797534767800321"}], "text": "Jesus https://t.co/CF3TrNVTT7", "author_id": "807003567605227520", "author": {"created_at": "2016-12-08T23:26:58.000Z", "profile_image_url": "https://pbs.twimg.com/profile_images/1383196364792680448/N8CdupEu_normal.jpg", "url": "https://t.co/Ze18Ek9SOI", "name": "Amber Heard", "location": "Los Angeles, CA", "id": "807003567605227520", "public_metrics": {"followers_count": 190463, "following_count": 220, "tweet_count": 1151, "listed_count": 567}, "description": "Actor and Activist, semi-professional disruptor, ice cream advocate and shameless teacup yorkie-lover", "username": "realamberheard"}}, "author": {"created_at": "2012-02-13T03:54:27.000Z", "profile_image_url": "https://pbs.twimg.com/profile_images/1424022541434163208/PHSeVnLP_normal.jpg", "url": "", "name": "sa\u00fa \u05e9\u05d0\u05d5\u05dc (no soy un bot)", "id": "490983455", "public_metrics": {"followers_count": 145, "following_count": 318, "tweet_count": 22490, "listed_count": 0}, "description": "Un d\u00eda tus mentiras llegar\u00e1n muy lejos, pero no podr\u00e1s alcanzarme.", "username": "sec1386"}}, {"source": "Twitter for iPad", "in_reply_to_user_id": "807003567605227520", "lang": "en", "public_metrics": {"retweet_count": 0, "reply_count": 0, "like_count": 0, "quote_count": 0}, "created_at": "2018-10-02T04:01:47.000Z", "entities": {"mentions": [{"start": 0, "end": 15, "username": "realamberheard", "id": "807003567605227520"}]}, "id": "1046973493588439045", "referenced_tweets": [{"type": "replied_to", "id": "1046838809676173314"}], "text": "@realamberheard Unusual word choice for an atheist.", "author_id": "3587098273", "replied_tweet": {"source": "Twitter for iPhone", "lang": "en", "public_metrics": {"retweet_count": 77, "reply_count": 38, "like_count": 476, "quote_count": 6}, "created_at": "2018-10-01T19:06:36.000Z", "id": "1046838809676173314", "entities": {"urls": [{"start": 6, "end": 29, "url": "https://t.co/CF3TrNVTT7", "expanded_url": "https://twitter.com/BuzzFeedNews/status/1046797534767800321", "display_url": "twitter.com/BuzzFeedNews/s\u2026"}], "annotations": [{"start": 0, "end": 4, "probability": 0.892, "type": "Person", "normalized_text": "Jesus"}]}, "referenced_tweets": [{"type": "quoted", "id": "1046797534767800321"}], "text": "Jesus https://t.co/CF3TrNVTT7", "author_id": "807003567605227520", "author": {"created_at": "2016-12-08T23:26:58.000Z", "profile_image_url": "https://pbs.twimg.com/profile_images/1383196364792680448/N8CdupEu_normal.jpg", "url": "https://t.co/Ze18Ek9SOI", "name": "Amber Heard", "location": "Los Angeles, CA", "id": "807003567605227520", "public_metrics": {"followers_count": 190463, "following_count": 220, "tweet_count": 1151, "listed_count": 567}, "description": "Actor and Activist, semi-professional disruptor, ice cream advocate and shameless teacup yorkie-lover", "username": "realamberheard"}}, "author": {"created_at": "2015-09-16T21:57:46.000Z", "profile_image_url": "https://abs.twimg.com/sticky/default_profile_images/default_profile_normal.png", "url": "", "name": "Creocon", "id": "3587098273", "public_metrics": {"followers_count": 0, "following_count": 1, "tweet_count": 9, "listed_count": 0}, "description": "", "username": "Creoconholdings"}}, {"source": "Twitter for iPhone", "in_reply_to_user_id": "807003567605227520", "lang": "en", "public_metrics": {"retweet_count": 0, "reply_count": 0, "like_count": 0, "quote_count": 0}, "created_at": "2018-10-02T01:52:43.000Z", "entities": {"mentions": [{"start": 0, "end": 15, "username": "realamberheard", "id": "807003567605227520"}]}, "id": "1046941011673587712", "referenced_tweets": [{"type": "replied_to", "id": "1046838809676173314"}], "text": "@realamberheard That\u2019s comedy", "author_id": "578121409", "replied_tweet": {"source": "Twitter for iPhone", "lang": "en", "public_metrics": {"retweet_count": 77, "reply_count": 38, "like_count": 476, "quote_count": 6}, "created_at": "2018-10-01T19:06:36.000Z", "id": "1046838809676173314", "entities": {"urls": [{"start": 6, "end": 29, "url": "https://t.co/CF3TrNVTT7", "expanded_url": "https://twitter.com/BuzzFeedNews/status/1046797534767800321", "display_url": "twitter.com/BuzzFeedNews/s\u2026"}], "annotations": [{"start": 0, "end": 4, "probability": 0.892, "type": "Person", "normalized_text": "Jesus"}]}, "referenced_tweets": [{"type": "quoted", "id": "1046797534767800321"}], "text": "Jesus https://t.co/CF3TrNVTT7", "author_id": "807003567605227520", "author": {"created_at": "2016-12-08T23:26:58.000Z", "profile_image_url": "https://pbs.twimg.com/profile_images/1383196364792680448/N8CdupEu_normal.jpg", "url": "https://t.co/Ze18Ek9SOI", "name": "Amber Heard", "location": "Los Angeles, CA", "id": "807003567605227520", "public_metrics": {"followers_count": 190463, "following_count": 220, "tweet_count": 1151, "listed_count": 567}, "description": "Actor and Activist, semi-professional disruptor, ice cream advocate and shameless teacup yorkie-lover", "username": "realamberheard"}}, "author": {"created_at": "2012-05-12T14:46:50.000Z", "profile_image_url": "https://pbs.twimg.com/profile_images/1387604027572097024/yhJzqNQW_normal.jpg", "url": "", "name": "levans / Patriot Fan", "location": "Indianapolis, IN", "id": "578121409", "public_metrics": {"followers_count": 268, "following_count": 511, "tweet_count": 7464, "listed_count": 0}, "description": "I'm spirit led, educated and work hard with more concern with how you love your family, friends and neighbors than whether you drink, smoke or cuss", "username": "levans20"}}, {"source": "Twitter for iPhone", "in_reply_to_user_id": "807003567605227520", "lang": "en", "public_metrics": {"retweet_count": 0, "reply_count": 0, "like_count": 0, "quote_count": 0}, "created_at": "2018-10-02T01:51:23.000Z", "entities": {"mentions": [{"start": 0, "end": 15, "username": "realamberheard", "id": "807003567605227520"}]}, "id": "1046940677412720652", "referenced_tweets": [{"type": "replied_to", "id": "1046838809676173314"}], "text": "@realamberheard This is repulsive.  Why the entire press corps doesn\u2019t just get up and leave is beyond me.", "author_id": "24829880", "replied_tweet": {"source": "Twitter for iPhone", "lang": "en", "public_metrics": {"retweet_count": 77, "reply_count": 38, "like_count": 476, "quote_count": 6}, "created_at": "2018-10-01T19:06:36.000Z", "id": "1046838809676173314", "entities": {"urls": [{"start": 6, "end": 29, "url": "https://t.co/CF3TrNVTT7", "expanded_url": "https://twitter.com/BuzzFeedNews/status/1046797534767800321", "display_url": "twitter.com/BuzzFeedNews/s\u2026"}], "annotations": [{"start": 0, "end": 4, "probability": 0.892, "type": "Person", "normalized_text": "Jesus"}]}, "referenced_tweets": [{"type": "quoted", "id": "1046797534767800321"}], "text": "Jesus https://t.co/CF3TrNVTT7", "author_id": "807003567605227520", "author": {"created_at": "2016-12-08T23:26:58.000Z", "profile_image_url": "https://pbs.twimg.com/profile_images/1383196364792680448/N8CdupEu_normal.jpg", "url": "https://t.co/Ze18Ek9SOI", "name": "Amber Heard", "location": "Los Angeles, CA", "id": "807003567605227520", "public_metrics": {"followers_count": 190463, "following_count": 220, "tweet_count": 1151, "listed_count": 567}, "description": "Actor and Activist, semi-professional disruptor, ice cream advocate and shameless teacup yorkie-lover", "username": "realamberheard"}}, "author": {"created_at": "2009-03-17T03:12:35.000Z", "profile_image_url": "https://pbs.twimg.com/profile_images/1452627928483831814/c_ILjBgj_normal.jpg", "url": "https://t.co/QnxknLwxpN", "name": "Wendy Jacobson", "location": "New York, NY", "id": "24829880", "public_metrics": {"followers_count": 6672, "following_count": 6275, "tweet_count": 53269, "listed_count": 7}, "description": "Space Laser \u26a1\ufe0f mom \ud83d\udc69\u200d\ud83d\udc66\u200d\ud83d\udc66atheist comedy politics writer flaneur #Succession https://t.co/EqUpK7N5eG Beloved Barry pic by @DavidLei", "username": "whazittoya"}}, {"source": "Twitter for iPhone", "in_reply_to_user_id": "807003567605227520", "lang": "en", "public_metrics": {"retweet_count": 0, "reply_count": 0, "like_count": 0, "quote_count": 0}, "created_at": "2018-10-01T22:56:50.000Z", "entities": {"mentions": [{"start": 0, "end": 15, "username": "realamberheard", "id": "807003567605227520"}], "hashtags": [{"start": 55, "end": 67, "tag": "Republicans"}, {"start": 84, "end": 90, "tag": "MeToo"}, {"start": 101, "end": 110, "tag": "BlueWave"}, {"start": 111, "end": 118, "tag": "Resist"}]}, "id": "1046896749455921152", "referenced_tweets": [{"type": "replied_to", "id": "1046838809676173314"}], "text": "@realamberheard How in the world did that display HELP #Republicans in this current #MeToo climate?\n\n#BlueWave #Resist", "author_id": "577506502", "replied_tweet": {"source": "Twitter for iPhone", "lang": "en", "public_metrics": {"retweet_count": 77, "reply_count": 38, "like_count": 476, "quote_count": 6}, "created_at": "2018-10-01T19:06:36.000Z", "id": "1046838809676173314", "entities": {"urls": [{"start": 6, "end": 29, "url": "https://t.co/CF3TrNVTT7", "expanded_url": "https://twitter.com/BuzzFeedNews/status/1046797534767800321", "display_url": "twitter.com/BuzzFeedNews/s\u2026"}], "annotations": [{"start": 0, "end": 4, "probability": 0.892, "type": "Person", "normalized_text": "Jesus"}]}, "referenced_tweets": [{"type": "quoted", "id": "1046797534767800321"}], "text": "Jesus https://t.co/CF3TrNVTT7", "author_id": "807003567605227520", "author": {"created_at": "2016-12-08T23:26:58.000Z", "profile_image_url": "https://pbs.twimg.com/profile_images/1383196364792680448/N8CdupEu_normal.jpg", "url": "https://t.co/Ze18Ek9SOI", "name": "Amber Heard", "location": "Los Angeles, CA", "id": "807003567605227520", "public_metrics": {"followers_count": 190463, "following_count": 220, "tweet_count": 1151, "listed_count": 567}, "description": "Actor and Activist, semi-professional disruptor, ice cream advocate and shameless teacup yorkie-lover", "username": "realamberheard"}}, "author": {"created_at": "2012-05-11T22:14:44.000Z", "profile_image_url": "https://pbs.twimg.com/profile_images/1156784410487709697/E8t_uzVT_normal.jpg", "url": "", "name": "Joker J. McLovin is Fully Vaccinated", "id": "577506502", "public_metrics": {"followers_count": 181, "following_count": 2021, "tweet_count": 7464, "listed_count": 4}, "description": "\u201cNah Baby...I\u2019m not taking off my shirt right now! I\u2019m too busy stylin and profilin!\u201d", "username": "JokerJMcLovin"}}, {"source": "Twitter for Android", "in_reply_to_user_id": "206668845", "lang": "en", "public_metrics": {"retweet_count": 0, "reply_count": 1, "like_count": 1, "quote_count": 0}, "created_at": "2018-10-01T22:49:27.000Z", "entities": {"mentions": [{"start": 0, "end": 10, "username": "ReidMeane", "id": "206668845"}, {"start": 11, "end": 26, "username": "realamberheard", "id": "807003567605227520"}], "hashtags": [{"start": 79, "end": 89, "tag": "FuckTrump"}], "annotations": [{"start": 47, "end": 57, "probability": 0.8027, "type": "Person", "normalized_text": "Donald Duck"}]}, "id": "1046894891576512512", "referenced_tweets": [{"type": "replied_to", "id": "1046870388318396416"}], "text": "@ReidMeane @realamberheard That's an insult to Donald Duck himself \ud83d\ude02 but yeah, #FuckTrump", "author_id": "980465623514992640", "replied_tweet": {"source": "Twitter for iPhone", "lang": "en", "public_metrics": {"retweet_count": 77, "reply_count": 38, "like_count": 476, "quote_count": 6}, "created_at": "2018-10-01T19:06:36.000Z", "id": "1046838809676173314", "entities": {"urls": [{"start": 6, "end": 29, "url": "https://t.co/CF3TrNVTT7", "expanded_url": "https://twitter.com/BuzzFeedNews/status/1046797534767800321", "display_url": "twitter.com/BuzzFeedNews/s\u2026"}], "annotations": [{"start": 0, "end": 4, "probability": 0.892, "type": "Person", "normalized_text": "Jesus"}]}, "referenced_tweets": [{"type": "quoted", "id": "1046797534767800321"}], "text": "Jesus https://t.co/CF3TrNVTT7", "author_id": "807003567605227520", "author": {"created_at": "2016-12-08T23:26:58.000Z", "profile_image_url": "https://pbs.twimg.com/profile_images/1383196364792680448/N8CdupEu_normal.jpg", "url": "https://t.co/Ze18Ek9SOI", "name": "Amber Heard", "location": "Los Angeles, CA", "id": "807003567605227520", "public_metrics": {"followers_count": 190463, "following_count": 220, "tweet_count": 1151, "listed_count": 567}, "description": "Actor and Activist, semi-professional disruptor, ice cream advocate and shameless teacup yorkie-lover", "username": "realamberheard"}}, "author": {"created_at": "2018-04-01T15:23:15.000Z", "profile_image_url": "https://pbs.twimg.com/profile_images/1506959176098099207/0PqZSBvP_normal.jpg", "url": "https://t.co/EIG61KCKa2", "name": "Imran #MakeTASM3", "location": "formerly General Steppenwolf", "id": "980465623514992640", "public_metrics": {"followers_count": 787, "following_count": 1925, "tweet_count": 58687, "listed_count": 4}, "description": "Self-loathing piece of shit, fan of Marvel, DC, Anime, Star Wars...etc | Voice Actor -\n#IStandWithRayFisher #IStandWithRubyRose", "username": "YoItsImran"}}, {"source": "Twitter for Android", "in_reply_to_user_id": "807003567605227520", "lang": "en", "public_metrics": {"retweet_count": 0, "reply_count": 0, "like_count": 1, "quote_count": 0}, "created_at": "2018-10-01T21:28:25.000Z", "entities": {"mentions": [{"start": 0, "end": 15, "username": "realamberheard", "id": "807003567605227520"}]}, "id": "1046874499084247040", "referenced_tweets": [{"type": "replied_to", "id": "1046838809676173314"}], "text": "@realamberheard What kind of message does that send out to kids? That its ok to berrate and verbally bully a woman? Guys an utter asshole.", "author_id": "282943865", "replied_tweet": {"source": "Twitter for iPhone", "lang": "en", "public_metrics": {"retweet_count": 77, "reply_count": 38, "like_count": 476, "quote_count": 6}, "created_at": "2018-10-01T19:06:36.000Z", "id": "1046838809676173314", "entities": {"urls": [{"start": 6, "end": 29, "url": "https://t.co/CF3TrNVTT7", "expanded_url": "https://twitter.com/BuzzFeedNews/status/1046797534767800321", "display_url": "twitter.com/BuzzFeedNews/s\u2026"}], "annotations": [{"start": 0, "end": 4, "probability": 0.892, "type": "Person", "normalized_text": "Jesus"}]}, "referenced_tweets": [{"type": "quoted", "id": "1046797534767800321"}], "text": "Jesus https://t.co/CF3TrNVTT7", "author_id": "807003567605227520", "author": {"created_at": "2016-12-08T23:26:58.000Z", "profile_image_url": "https://pbs.twimg.com/profile_images/1383196364792680448/N8CdupEu_normal.jpg", "url": "https://t.co/Ze18Ek9SOI", "name": "Amber Heard", "location": "Los Angeles, CA", "id": "807003567605227520", "public_metrics": {"followers_count": 190463, "following_count": 220, "tweet_count": 1151, "listed_count": 567}, "description": "Actor and Activist, semi-professional disruptor, ice cream advocate and shameless teacup yorkie-lover", "username": "realamberheard"}}, "author": {"created_at": "2011-04-16T07:48:13.000Z", "profile_image_url": "https://pbs.twimg.com/profile_images/1241286936569851904/aXkso5SJ_normal.jpg", "url": "https://t.co/QGqklSrstB", "name": "Nigel Hay", "location": "Gold Coast, QLD,  Australia", "id": "282943865", "public_metrics": {"followers_count": 166, "following_count": 503, "tweet_count": 36276, "listed_count": 7}, "description": "Coffeeholic, Chocoholic, Like Fantasy Art, Good Food Sunshine and a good Movie. Battlestar Galactica, Star Wars, Star Trek, Formula 1, Most Music Genres", "username": "hawkbs65"}}, {"source": "Twitter for Android", "in_reply_to_user_id": "807003567605227520", "lang": "en", "public_metrics": {"retweet_count": 0, "reply_count": 1, "like_count": 0, "quote_count": 0}, "created_at": "2018-10-01T21:12:05.000Z", "entities": {"mentions": [{"start": 0, "end": 15, "username": "realamberheard", "id": "807003567605227520"}], "urls": [{"start": 53, "end": 76, "url": "https://t.co/8oAV75pIZg", "expanded_url": "https://twitter.com/ReidMeane/status/1046870388318396416/photo/1", "display_url": "pic.twitter.com/8oAV75pIZg"}], "annotations": [{"start": 30, "end": 35, "probability": 0.9916, "type": "Person", "normalized_text": "Donald"}, {"start": 44, "end": 48, "probability": 0.9594, "type": "Person", "normalized_text": "Trump"}]}, "id": "1046870388318396416", "referenced_tweets": [{"type": "replied_to", "id": "1046838809676173314"}], "text": "@realamberheard I really HATE Donald 'Duck' Trump! \ud83d\ude21 https://t.co/8oAV75pIZg", "author_id": "206668845", "replied_tweet": {"source": "Twitter for iPhone", "lang": "en", "public_metrics": {"retweet_count": 77, "reply_count": 38, "like_count": 476, "quote_count": 6}, "created_at": "2018-10-01T19:06:36.000Z", "id": "1046838809676173314", "entities": {"urls": [{"start": 6, "end": 29, "url": "https://t.co/CF3TrNVTT7", "expanded_url": "https://twitter.com/BuzzFeedNews/status/1046797534767800321", "display_url": "twitter.com/BuzzFeedNews/s\u2026"}], "annotations": [{"start": 0, "end": 4, "probability": 0.892, "type": "Person", "normalized_text": "Jesus"}]}, "referenced_tweets": [{"type": "quoted", "id": "1046797534767800321"}], "text": "Jesus https://t.co/CF3TrNVTT7", "author_id": "807003567605227520", "author": {"created_at": "2016-12-08T23:26:58.000Z", "profile_image_url": "https://pbs.twimg.com/profile_images/1383196364792680448/N8CdupEu_normal.jpg", "url": "https://t.co/Ze18Ek9SOI", "name": "Amber Heard", "location": "Los Angeles, CA", "id": "807003567605227520", "public_metrics": {"followers_count": 190463, "following_count": 220, "tweet_count": 1151, "listed_count": 567}, "description": "Actor and Activist, semi-professional disruptor, ice cream advocate and shameless teacup yorkie-lover", "username": "realamberheard"}}, "author": {"created_at": "2010-10-23T13:12:40.000Z", "profile_image_url": "https://pbs.twimg.com/profile_images/1500236954083991560/TMU86HMx_normal.jpg", "url": "https://t.co/RNHWAfxAGZ", "name": "Ren\u00e9 Iedema", "location": "\ud83c\uddf3\ud83c\uddf1", "id": "206668845", "public_metrics": {"followers_count": 1039, "following_count": 4983, "tweet_count": 105635, "listed_count": 101}, "description": "Fan of: @Tiesto & @Eminem \u2022 Favorite #Trance DJ / Producer: @FerryCorsten", "username": "ReidMeane"}}, {"source": "Twitter for iPhone", "in_reply_to_user_id": "807003567605227520", "lang": "en", "public_metrics": {"retweet_count": 0, "reply_count": 0, "like_count": 0, "quote_count": 0}, "created_at": "2018-10-01T21:05:02.000Z", "entities": {"mentions": [{"start": 0, "end": 15, "username": "realamberheard", "id": "807003567605227520"}], "annotations": [{"start": 30, "end": 34, "probability": 0.9541, "type": "Person", "normalized_text": "Jesus"}]}, "id": "1046868614194708480", "referenced_tweets": [{"type": "replied_to", "id": "1046838809676173314"}], "text": "@realamberheard They all need Jesus", "author_id": "42757591", "replied_tweet": {"source": "Twitter for iPhone", "lang": "en", "public_metrics": {"retweet_count": 77, "reply_count": 38, "like_count": 476, "quote_count": 6}, "created_at": "2018-10-01T19:06:36.000Z", "id": "1046838809676173314", "entities": {"urls": [{"start": 6, "end": 29, "url": "https://t.co/CF3TrNVTT7", "expanded_url": "https://twitter.com/BuzzFeedNews/status/1046797534767800321", "display_url": "twitter.com/BuzzFeedNews/s\u2026"}], "annotations": [{"start": 0, "end": 4, "probability": 0.892, "type": "Person", "normalized_text": "Jesus"}]}, "referenced_tweets": [{"type": "quoted", "id": "1046797534767800321"}], "text": "Jesus https://t.co/CF3TrNVTT7", "author_id": "807003567605227520", "author": {"created_at": "2016-12-08T23:26:58.000Z", "profile_image_url": "https://pbs.twimg.com/profile_images/1383196364792680448/N8CdupEu_normal.jpg", "url": "https://t.co/Ze18Ek9SOI", "name": "Amber Heard", "location": "Los Angeles, CA", "id": "807003567605227520", "public_metrics": {"followers_count": 190463, "following_count": 220, "tweet_count": 1151, "listed_count": 567}, "description": "Actor and Activist, semi-professional disruptor, ice cream advocate and shameless teacup yorkie-lover", "username": "realamberheard"}}, "author": {"created_at": "2009-05-26T23:41:43.000Z", "profile_image_url": "https://pbs.twimg.com/profile_images/1389842527084154884/uQMF1BMA_normal.jpg", "url": "", "name": "&", "id": "42757591", "public_metrics": {"followers_count": 190, "following_count": 603, "tweet_count": 15369, "listed_count": 6}, "description": "\ud83c\udf43", "username": "Drew_Vincent1"}}, {"source": "Twitter for Android", "in_reply_to_user_id": "807003567605227520", "lang": "en", "public_metrics": {"retweet_count": 0, "reply_count": 0, "like_count": 0, "quote_count": 0}, "created_at": "2018-10-01T20:40:17.000Z", "entities": {"mentions": [{"start": 0, "end": 15, "username": "realamberheard", "id": "807003567605227520"}]}, "id": "1046862387679256576", "referenced_tweets": [{"type": "replied_to", "id": "1046838809676173314"}], "text": "@realamberheard I knows her he knows her from other times.", "author_id": "2771392841", "replied_tweet": {"source": "Twitter for iPhone", "lang": "en", "public_metrics": {"retweet_count": 77, "reply_count": 38, "like_count": 476, "quote_count": 6}, "created_at": "2018-10-01T19:06:36.000Z", "id": "1046838809676173314", "entities": {"urls": [{"start": 6, "end": 29, "url": "https://t.co/CF3TrNVTT7", "expanded_url": "https://twitter.com/BuzzFeedNews/status/1046797534767800321", "display_url": "twitter.com/BuzzFeedNews/s\u2026"}], "annotations": [{"start": 0, "end": 4, "probability": 0.892, "type": "Person", "normalized_text": "Jesus"}]}, "referenced_tweets": [{"type": "quoted", "id": "1046797534767800321"}], "text": "Jesus https://t.co/CF3TrNVTT7", "author_id": "807003567605227520", "author": {"created_at": "2016-12-08T23:26:58.000Z", "profile_image_url": "https://pbs.twimg.com/profile_images/1383196364792680448/N8CdupEu_normal.jpg", "url": "https://t.co/Ze18Ek9SOI", "name": "Amber Heard", "location": "Los Angeles, CA", "id": "807003567605227520", "public_metrics": {"followers_count": 190463, "following_count": 220, "tweet_count": 1151, "listed_count": 567}, "description": "Actor and Activist, semi-professional disruptor, ice cream advocate and shameless teacup yorkie-lover", "username": "realamberheard"}}, "author": {"created_at": "2014-09-15T18:44:11.000Z", "profile_image_url": "https://pbs.twimg.com/profile_images/511586511146721281/A9lNYCNk_normal.jpeg", "url": "", "name": "James Adcock", "id": "2771392841", "public_metrics": {"followers_count": 30, "following_count": 251, "tweet_count": 6338, "listed_count": 0}, "description": "", "username": "jpjamesadcock"}}, {"source": "Twitter Web Client", "in_reply_to_user_id": "807003567605227520", "lang": "en", "public_metrics": {"retweet_count": 0, "reply_count": 0, "like_count": 0, "quote_count": 0}, "created_at": "2018-10-01T20:12:01.000Z", "entities": {"mentions": [{"start": 0, "end": 15, "username": "realamberheard", "id": "807003567605227520"}]}, "id": "1046855274470957056", "referenced_tweets": [{"type": "replied_to", "id": "1046838809676173314"}], "text": "@realamberheard christ", "author_id": "124685977", "replied_tweet": {"source": "Twitter for iPhone", "lang": "en", "public_metrics": {"retweet_count": 77, "reply_count": 38, "like_count": 476, "quote_count": 6}, "created_at": "2018-10-01T19:06:36.000Z", "id": "1046838809676173314", "entities": {"urls": [{"start": 6, "end": 29, "url": "https://t.co/CF3TrNVTT7", "expanded_url": "https://twitter.com/BuzzFeedNews/status/1046797534767800321", "display_url": "twitter.com/BuzzFeedNews/s\u2026"}], "annotations": [{"start": 0, "end": 4, "probability": 0.892, "type": "Person", "normalized_text": "Jesus"}]}, "referenced_tweets": [{"type": "quoted", "id": "1046797534767800321"}], "text": "Jesus https://t.co/CF3TrNVTT7", "author_id": "807003567605227520", "author": {"created_at": "2016-12-08T23:26:58.000Z", "profile_image_url": "https://pbs.twimg.com/profile_images/1383196364792680448/N8CdupEu_normal.jpg", "url": "https://t.co/Ze18Ek9SOI", "name": "Amber Heard", "location": "Los Angeles, CA", "id": "807003567605227520", "public_metrics": {"followers_count": 190463, "following_count": 220, "tweet_count": 1151, "listed_count": 567}, "description": "Actor and Activist, semi-professional disruptor, ice cream advocate and shameless teacup yorkie-lover", "username": "realamberheard"}}, "author": {"created_at": "2010-03-20T06:32:36.000Z", "profile_image_url": "https://pbs.twimg.com/profile_images/938453982829199360/PO53hO8w_normal.jpg", "url": "", "name": "flossy", "id": "124685977", "public_metrics": {"followers_count": 151, "following_count": 1152, "tweet_count": 2234, "listed_count": 3}, "description": "", "username": "dentitexx"}}, {"source": "Twitter for Android", "in_reply_to_user_id": "807003567605227520", "lang": "en", "public_metrics": {"retweet_count": 0, "reply_count": 0, "like_count": 1, "quote_count": 0}, "created_at": "2018-10-01T20:00:49.000Z", "entities": {"mentions": [{"start": 0, "end": 15, "username": "realamberheard", "id": "807003567605227520"}]}, "id": "1046852455139594240", "referenced_tweets": [{"type": "replied_to", "id": "1046838809676173314"}], "text": "@realamberheard He's so embarrassing \ud83d\ude10", "author_id": "4396120342", "replied_tweet": {"source": "Twitter for iPhone", "lang": "en", "public_metrics": {"retweet_count": 77, "reply_count": 38, "like_count": 476, "quote_count": 6}, "created_at": "2018-10-01T19:06:36.000Z", "id": "1046838809676173314", "entities": {"urls": [{"start": 6, "end": 29, "url": "https://t.co/CF3TrNVTT7", "expanded_url": "https://twitter.com/BuzzFeedNews/status/1046797534767800321", "display_url": "twitter.com/BuzzFeedNews/s\u2026"}], "annotations": [{"start": 0, "end": 4, "probability": 0.892, "type": "Person", "normalized_text": "Jesus"}]}, "referenced_tweets": [{"type": "quoted", "id": "1046797534767800321"}], "text": "Jesus https://t.co/CF3TrNVTT7", "author_id": "807003567605227520", "author": {"created_at": "2016-12-08T23:26:58.000Z", "profile_image_url": "https://pbs.twimg.com/profile_images/1383196364792680448/N8CdupEu_normal.jpg", "url": "https://t.co/Ze18Ek9SOI", "name": "Amber Heard", "location": "Los Angeles, CA", "id": "807003567605227520", "public_metrics": {"followers_count": 190463, "following_count": 220, "tweet_count": 1151, "listed_count": 567}, "description": "Actor and Activist, semi-professional disruptor, ice cream advocate and shameless teacup yorkie-lover", "username": "realamberheard"}}, "author": {"created_at": "2015-12-06T17:21:06.000Z", "profile_image_url": "https://pbs.twimg.com/profile_images/1378175478478082050/UKLiQPuk_normal.jpg", "url": "", "name": "STIRGUS SACCHETTI", "id": "4396120342", "public_metrics": {"followers_count": 678, "following_count": 296, "tweet_count": 58624, "listed_count": 26}, "description": "Only two things are infinite, the universe and human stupidity, and I'm not sure about the former. - Albert Einstein and Me!", "username": "stirgussa"}}, {"source": "Twitter Web Client", "in_reply_to_user_id": "807003567605227520", "lang": "en", "public_metrics": {"retweet_count": 0, "reply_count": 0, "like_count": 4, "quote_count": 0}, "created_at": "2018-10-01T19:49:15.000Z", "entities": {"mentions": [{"start": 0, "end": 15, "username": "realamberheard", "id": "807003567605227520"}]}, "id": "1046849543806099457", "referenced_tweets": [{"type": "replied_to", "id": "1046838809676173314"}], "text": "@realamberheard He embarrasses himself every day.", "author_id": "3064671053", "replied_tweet": {"source": "Twitter for iPhone", "lang": "en", "public_metrics": {"retweet_count": 77, "reply_count": 38, "like_count": 476, "quote_count": 6}, "created_at": "2018-10-01T19:06:36.000Z", "id": "1046838809676173314", "entities": {"urls": [{"start": 6, "end": 29, "url": "https://t.co/CF3TrNVTT7", "expanded_url": "https://twitter.com/BuzzFeedNews/status/1046797534767800321", "display_url": "twitter.com/BuzzFeedNews/s\u2026"}], "annotations": [{"start": 0, "end": 4, "probability": 0.892, "type": "Person", "normalized_text": "Jesus"}]}, "referenced_tweets": [{"type": "quoted", "id": "1046797534767800321"}], "text": "Jesus https://t.co/CF3TrNVTT7", "author_id": "807003567605227520", "author": {"created_at": "2016-12-08T23:26:58.000Z", "profile_image_url": "https://pbs.twimg.com/profile_images/1383196364792680448/N8CdupEu_normal.jpg", "url": "https://t.co/Ze18Ek9SOI", "name": "Amber Heard", "location": "Los Angeles, CA", "id": "807003567605227520", "public_metrics": {"followers_count": 190463, "following_count": 220, "tweet_count": 1151, "listed_count": 567}, "description": "Actor and Activist, semi-professional disruptor, ice cream advocate and shameless teacup yorkie-lover", "username": "realamberheard"}}, "author": {"created_at": "2015-02-28T02:54:54.000Z", "profile_image_url": "https://pbs.twimg.com/profile_images/742949121938575361/2gdO8v7e_normal.jpg", "url": "", "name": "Luis Landa", "location": "Maryland, USA", "id": "3064671053", "public_metrics": {"followers_count": 697, "following_count": 1826, "tweet_count": 79065, "listed_count": 18}, "description": "I'm a huge fan of the Washington Commanders , I also like the soap DOOL and Amber Heard fan too.", "username": "1570_landa"}}, {"source": "Twitter Web Client", "in_reply_to_user_id": "468777589", "lang": "en", "public_metrics": {"retweet_count": 0, "reply_count": 0, "like_count": 0, "quote_count": 0}, "created_at": "2018-10-01T19:44:50.000Z", "entities": {"mentions": [{"start": 0, "end": 13, "username": "WMB72buckeye", "id": "468777589"}, {"start": 14, "end": 29, "username": "realamberheard", "id": "807003567605227520"}], "annotations": [{"start": 34, "end": 40, "probability": 0.5787, "type": "Person", "normalized_text": "Lucifer"}]}, "id": "1046848431036219393", "referenced_tweets": [{"type": "replied_to", "id": "1046843939410595840"}], "text": "@WMB72buckeye @realamberheard Nah Lucifer has higher standards", "author_id": "40618915", "replied_tweet": {"source": "Twitter for iPhone", "lang": "en", "public_metrics": {"retweet_count": 77, "reply_count": 38, "like_count": 476, "quote_count": 6}, "created_at": "2018-10-01T19:06:36.000Z", "id": "1046838809676173314", "entities": {"urls": [{"start": 6, "end": 29, "url": "https://t.co/CF3TrNVTT7", "expanded_url": "https://twitter.com/BuzzFeedNews/status/1046797534767800321", "display_url": "twitter.com/BuzzFeedNews/s\u2026"}], "annotations": [{"start": 0, "end": 4, "probability": 0.892, "type": "Person", "normalized_text": "Jesus"}]}, "referenced_tweets": [{"type": "quoted", "id": "1046797534767800321"}], "text": "Jesus https://t.co/CF3TrNVTT7", "author_id": "807003567605227520", "author": {"created_at": "2016-12-08T23:26:58.000Z", "profile_image_url": "https://pbs.twimg.com/profile_images/1383196364792680448/N8CdupEu_normal.jpg", "url": "https://t.co/Ze18Ek9SOI", "name": "Amber Heard", "location": "Los Angeles, CA", "id": "807003567605227520", "public_metrics": {"followers_count": 190463, "following_count": 220, "tweet_count": 1151, "listed_count": 567}, "description": "Actor and Activist, semi-professional disruptor, ice cream advocate and shameless teacup yorkie-lover", "username": "realamberheard"}}, "author": {"created_at": "2009-05-17T06:18:10.000Z", "profile_image_url": "https://pbs.twimg.com/profile_images/215527023/catsi_normal.jpg", "url": "", "name": "Catseye563", "location": "Dark side of the moon", "id": "40618915", "public_metrics": {"followers_count": 94, "following_count": 310, "tweet_count": 6391, "listed_count": 6}, "description": "Slayer of ebil dragon windmill thingys, Rider of Pengys, natural disaster in the making, chaos personified, I like donuts. =^_^=", "username": "Catsi563"}}, {"source": "Twitter for iPhone", "in_reply_to_user_id": "874984340", "lang": "en", "public_metrics": {"retweet_count": 0, "reply_count": 0, "like_count": 3, "quote_count": 0}, "created_at": "2018-10-01T19:36:58.000Z", "entities": {"mentions": [{"start": 0, "end": 15, "username": "animalhugger91", "id": "874984340"}, {"start": 16, "end": 31, "username": "realamberheard", "id": "807003567605227520"}]}, "id": "1046846452272631809", "referenced_tweets": [{"type": "replied_to", "id": "1046845993034108929"}], "text": "@animalhugger91 @realamberheard I just can\u2019t process that he is still in office. Something needs to be done.", "author_id": "558226459", "replied_tweet": {"source": "Twitter for iPhone", "lang": "en", "public_metrics": {"retweet_count": 77, "reply_count": 38, "like_count": 476, "quote_count": 6}, "created_at": "2018-10-01T19:06:36.000Z", "id": "1046838809676173314", "entities": {"urls": [{"start": 6, "end": 29, "url": "https://t.co/CF3TrNVTT7", "expanded_url": "https://twitter.com/BuzzFeedNews/status/1046797534767800321", "display_url": "twitter.com/BuzzFeedNews/s\u2026"}], "annotations": [{"start": 0, "end": 4, "probability": 0.892, "type": "Person", "normalized_text": "Jesus"}]}, "referenced_tweets": [{"type": "quoted", "id": "1046797534767800321"}], "text": "Jesus https://t.co/CF3TrNVTT7", "author_id": "807003567605227520", "author": {"created_at": "2016-12-08T23:26:58.000Z", "profile_image_url": "https://pbs.twimg.com/profile_images/1383196364792680448/N8CdupEu_normal.jpg", "url": "https://t.co/Ze18Ek9SOI", "name": "Amber Heard", "location": "Los Angeles, CA", "id": "807003567605227520", "public_metrics": {"followers_count": 190463, "following_count": 220, "tweet_count": 1151, "listed_count": 567}, "description": "Actor and Activist, semi-professional disruptor, ice cream advocate and shameless teacup yorkie-lover", "username": "realamberheard"}}, "author": {"created_at": "2012-04-20T01:43:24.000Z", "profile_image_url": "https://pbs.twimg.com/profile_images/1364809431943434240/v8lqRb6s_normal.jpg", "url": "", "name": "Kali \u2728\ud83c\udff3\ufe0f\u200d\ud83c\udf08\ud83d\udd2e", "id": "558226459", "public_metrics": {"followers_count": 161, "following_count": 401, "tweet_count": 5167, "listed_count": 3}, "description": "26, I tweet/retweet a lot of gay and feminist stuff, I\u2019ve got a lot of plants, and I love my \u201868 Mustang more than most people. She/her", "username": "mother_flerken"}}, {"source": "Twitter for iPhone", "in_reply_to_user_id": "807003567605227520", "lang": "en", "public_metrics": {"retweet_count": 0, "reply_count": 1, "like_count": 2, "quote_count": 0}, "created_at": "2018-10-01T19:35:08.000Z", "entities": {"mentions": [{"start": 0, "end": 15, "username": "realamberheard", "id": "807003567605227520"}, {"start": 16, "end": 27, "username": "kali_sunde", "id": "1212398808740483072"}]}, "id": "1046845993034108929", "referenced_tweets": [{"type": "replied_to", "id": "1046838809676173314"}], "text": "@realamberheard @kali_sunde He\u2019s despicable.", "author_id": "874984340", "replied_tweet": {"source": "Twitter for iPhone", "lang": "en", "public_metrics": {"retweet_count": 77, "reply_count": 38, "like_count": 476, "quote_count": 6}, "created_at": "2018-10-01T19:06:36.000Z", "id": "1046838809676173314", "entities": {"urls": [{"start": 6, "end": 29, "url": "https://t.co/CF3TrNVTT7", "expanded_url": "https://twitter.com/BuzzFeedNews/status/1046797534767800321", "display_url": "twitter.com/BuzzFeedNews/s\u2026"}], "annotations": [{"start": 0, "end": 4, "probability": 0.892, "type": "Person", "normalized_text": "Jesus"}]}, "referenced_tweets": [{"type": "quoted", "id": "1046797534767800321"}], "text": "Jesus https://t.co/CF3TrNVTT7", "author_id": "807003567605227520", "author": {"created_at": "2016-12-08T23:26:58.000Z", "profile_image_url": "https://pbs.twimg.com/profile_images/1383196364792680448/N8CdupEu_normal.jpg", "url": "https://t.co/Ze18Ek9SOI", "name": "Amber Heard", "location": "Los Angeles, CA", "id": "807003567605227520", "public_metrics": {"followers_count": 190463, "following_count": 220, "tweet_count": 1151, "listed_count": 567}, "description": "Actor and Activist, semi-professional disruptor, ice cream advocate and shameless teacup yorkie-lover", "username": "realamberheard"}}, "author": {"created_at": "2012-10-12T05:22:26.000Z", "profile_image_url": "https://pbs.twimg.com/profile_images/1451763808968523777/qJNzYCWU_normal.jpg", "url": "", "name": "Lexi", "id": "874984340", "public_metrics": {"followers_count": 338, "following_count": 315, "tweet_count": 26825, "listed_count": 15}, "description": "Here to fangirl about fangirl things. I also retweet a lot of animal stuff and posts to raise social awareness. Beware my page. Pronouns: she/her", "username": "animalhugger91"}}, {"source": "Twitter Web App", "in_reply_to_user_id": "807003567605227520", "lang": "en", "public_metrics": {"retweet_count": 0, "reply_count": 0, "like_count": 0, "quote_count": 0}, "created_at": "2018-10-01T19:22:32.000Z", "entities": {"mentions": [{"start": 0, "end": 15, "username": "realamberheard", "id": "807003567605227520"}]}, "id": "1046842818960842755", "referenced_tweets": [{"type": "replied_to", "id": "1046838809676173314"}], "text": "@realamberheard Orange rat's scared", "author_id": "3396651072", "replied_tweet": {"source": "Twitter for iPhone", "lang": "en", "public_metrics": {"retweet_count": 77, "reply_count": 38, "like_count": 476, "quote_count": 6}, "created_at": "2018-10-01T19:06:36.000Z", "id": "1046838809676173314", "entities": {"urls": [{"start": 6, "end": 29, "url": "https://t.co/CF3TrNVTT7", "expanded_url": "https://twitter.com/BuzzFeedNews/status/1046797534767800321", "display_url": "twitter.com/BuzzFeedNews/s\u2026"}], "annotations": [{"start": 0, "end": 4, "probability": 0.892, "type": "Person", "normalized_text": "Jesus"}]}, "referenced_tweets": [{"type": "quoted", "id": "1046797534767800321"}], "text": "Jesus https://t.co/CF3TrNVTT7", "author_id": "807003567605227520", "author": {"created_at": "2016-12-08T23:26:58.000Z", "profile_image_url": "https://pbs.twimg.com/profile_images/1383196364792680448/N8CdupEu_normal.jpg", "url": "https://t.co/Ze18Ek9SOI", "name": "Amber Heard", "location": "Los Angeles, CA", "id": "807003567605227520", "public_metrics": {"followers_count": 190463, "following_count": 220, "tweet_count": 1151, "listed_count": 567}, "description": "Actor and Activist, semi-professional disruptor, ice cream advocate and shameless teacup yorkie-lover", "username": "realamberheard"}}, "author": {"created_at": "2015-08-30T21:27:23.000Z", "profile_image_url": "https://pbs.twimg.com/profile_images/1367676046737215494/HCSMv3S5_normal.jpg", "url": "", "name": "Narendrini modi chanchad", "location": "akhand bharat hindurashtra", "id": "3396651072", "public_metrics": {"followers_count": 27, "following_count": 4, "tweet_count": 2433, "listed_count": 0}, "description": "d/o narendra modi. mother: unknown. nickname: kanganaroo Ranaut. I have won 3 national awards and a PadmaShri. Sanghi. anti-national, a total hypocrite. sista\ud83e\udd2e", "username": "iloveas5es"}}, {"source": "Twitter for Android", "in_reply_to_user_id": "807003567605227520", "lang": "en", "public_metrics": {"retweet_count": 0, "reply_count": 0, "like_count": 0, "quote_count": 0}, "created_at": "2018-10-01T19:16:06.000Z", "entities": {"mentions": [{"start": 0, "end": 15, "username": "realamberheard", "id": "807003567605227520"}]}, "id": "1046841200861466626", "referenced_tweets": [{"type": "replied_to", "id": "1046838809676173314"}], "text": "@realamberheard I dont mind answering... then immediately goes next question haha", "author_id": "3304739889", "replied_tweet": {"source": "Twitter for iPhone", "lang": "en", "public_metrics": {"retweet_count": 77, "reply_count": 38, "like_count": 476, "quote_count": 6}, "created_at": "2018-10-01T19:06:36.000Z", "id": "1046838809676173314", "entities": {"urls": [{"start": 6, "end": 29, "url": "https://t.co/CF3TrNVTT7", "expanded_url": "https://twitter.com/BuzzFeedNews/status/1046797534767800321", "display_url": "twitter.com/BuzzFeedNews/s\u2026"}], "annotations": [{"start": 0, "end": 4, "probability": 0.892, "type": "Person", "normalized_text": "Jesus"}]}, "referenced_tweets": [{"type": "quoted", "id": "1046797534767800321"}], "text": "Jesus https://t.co/CF3TrNVTT7", "author_id": "807003567605227520", "author": {"created_at": "2016-12-08T23:26:58.000Z", "profile_image_url": "https://pbs.twimg.com/profile_images/1383196364792680448/N8CdupEu_normal.jpg", "url": "https://t.co/Ze18Ek9SOI", "name": "Amber Heard", "location": "Los Angeles, CA", "id": "807003567605227520", "public_metrics": {"followers_count": 190463, "following_count": 220, "tweet_count": 1151, "listed_count": 567}, "description": "Actor and Activist, semi-professional disruptor, ice cream advocate and shameless teacup yorkie-lover", "username": "realamberheard"}}, "author": {"created_at": "2015-05-31T16:20:06.000Z", "profile_image_url": "https://pbs.twimg.com/profile_images/1147541341133520898/_qxvpOFk_normal.jpg", "url": "", "name": "Daddy Dickolas", "location": "Clyde, OH", "id": "3304739889", "public_metrics": {"followers_count": 185, "following_count": 672, "tweet_count": 22236, "listed_count": 0}, "description": "", "username": "midnightnick21"}}, {"source": "Twitter for Android", "in_reply_to_user_id": "807003567605227520", "lang": "en", "public_metrics": {"retweet_count": 0, "reply_count": 0, "like_count": 0, "quote_count": 0}, "created_at": "2018-10-01T19:13:56.000Z", "entities": {"mentions": [{"start": 0, "end": 15, "username": "realamberheard", "id": "807003567605227520"}]}, "id": "1046840657577480192", "referenced_tweets": [{"type": "replied_to", "id": "1046838809676173314"}], "text": "@realamberheard Somewhere in heaven", "author_id": "2885552583", "replied_tweet": {"source": "Twitter for iPhone", "lang": "en", "public_metrics": {"retweet_count": 77, "reply_count": 38, "like_count": 476, "quote_count": 6}, "created_at": "2018-10-01T19:06:36.000Z", "id": "1046838809676173314", "entities": {"urls": [{"start": 6, "end": 29, "url": "https://t.co/CF3TrNVTT7", "expanded_url": "https://twitter.com/BuzzFeedNews/status/1046797534767800321", "display_url": "twitter.com/BuzzFeedNews/s\u2026"}], "annotations": [{"start": 0, "end": 4, "probability": 0.892, "type": "Person", "normalized_text": "Jesus"}]}, "referenced_tweets": [{"type": "quoted", "id": "1046797534767800321"}], "text": "Jesus https://t.co/CF3TrNVTT7", "author_id": "807003567605227520", "author": {"created_at": "2016-12-08T23:26:58.000Z", "profile_image_url": "https://pbs.twimg.com/profile_images/1383196364792680448/N8CdupEu_normal.jpg", "url": "https://t.co/Ze18Ek9SOI", "name": "Amber Heard", "location": "Los Angeles, CA", "id": "807003567605227520", "public_metrics": {"followers_count": 190463, "following_count": 220, "tweet_count": 1151, "listed_count": 567}, "description": "Actor and Activist, semi-professional disruptor, ice cream advocate and shameless teacup yorkie-lover", "username": "realamberheard"}}, "author": {"created_at": "2014-11-20T12:56:35.000Z", "profile_image_url": "https://pbs.twimg.com/profile_images/1458289825996546053/h6c1PP3N_normal.jpg", "url": "", "name": "\ud83d\ude07Conviction\ud83d\udc7c\ud83c\udded\ud83c\uddf0\ud83c\udde8\ud83c\uddf3\ud83c\uddfa\ud83c\uddf3\ud83c\uddec\ud83c\udde7\ud83d\udc94\ud83d\udc93\ud83d\udc9e\ud83d\udc96\ud83d\udcac\ud83d\udc02\ud83d\udc14\ud83d\udc0d", "location": "Yorkshire & London \ud83d\udc49 SW1A ", "id": "2885552583", "public_metrics": {"followers_count": 198, "following_count": 476, "tweet_count": 50028, "listed_count": 11}, "description": "Eye2brain_Listen!\nJust&honour, men,women&children, _ _ _ _near miss_ _ _hav ur say! alcohol&NHS Drug's,Abuse, Negligence,Trauma,RDA&\nIncompetence,VTE,Purpose \ud83d\udc04", "username": "leonasdad"}}, {"source": "Twitter Web Client", "in_reply_to_user_id": "807003567605227520", "lang": "en", "public_metrics": {"retweet_count": 0, "reply_count": 0, "like_count": 5, "quote_count": 0}, "created_at": "2018-10-01T19:12:19.000Z", "entities": {"mentions": [{"start": 0, "end": 15, "username": "realamberheard", "id": "807003567605227520"}]}, "id": "1046840251329781760", "referenced_tweets": [{"type": "replied_to", "id": "1046838809676173314"}], "text": "@realamberheard You have a disgrace of a human being as president", "author_id": "23744271", "replied_tweet": {"source": "Twitter for iPhone", "lang": "en", "public_metrics": {"retweet_count": 77, "reply_count": 38, "like_count": 476, "quote_count": 6}, "created_at": "2018-10-01T19:06:36.000Z", "id": "1046838809676173314", "entities": {"urls": [{"start": 6, "end": 29, "url": "https://t.co/CF3TrNVTT7", "expanded_url": "https://twitter.com/BuzzFeedNews/status/1046797534767800321", "display_url": "twitter.com/BuzzFeedNews/s\u2026"}], "annotations": [{"start": 0, "end": 4, "probability": 0.892, "type": "Person", "normalized_text": "Jesus"}]}, "referenced_tweets": [{"type": "quoted", "id": "1046797534767800321"}], "text": "Jesus https://t.co/CF3TrNVTT7", "author_id": "807003567605227520", "author": {"created_at": "2016-12-08T23:26:58.000Z", "profile_image_url": "https://pbs.twimg.com/profile_images/1383196364792680448/N8CdupEu_normal.jpg", "url": "https://t.co/Ze18Ek9SOI", "name": "Amber Heard", "location": "Los Angeles, CA", "id": "807003567605227520", "public_metrics": {"followers_count": 190463, "following_count": 220, "tweet_count": 1151, "listed_count": 567}, "description": "Actor and Activist, semi-professional disruptor, ice cream advocate and shameless teacup yorkie-lover", "username": "realamberheard"}}, "author": {"created_at": "2009-03-11T10:25:16.000Z", "profile_image_url": "https://pbs.twimg.com/profile_images/1497317002142179338/OJvkoSL4_normal.jpg", "url": "https://t.co/904QjkEJ4E", "name": "Miguel Garcia", "location": "Madrid", "id": "23744271", "public_metrics": {"followers_count": 632, "following_count": 4987, "tweet_count": 49807, "listed_count": 17}, "description": "Viviendo la vida como medianamente puedo.. mordiendo cada instante.. rodeado de gente maravillosa.", "username": "Mirakenic"}}, {"source": "Twitter Web Client", "in_reply_to_user_id": "807003567605227520", "lang": "en", "public_metrics": {"retweet_count": 0, "reply_count": 0, "like_count": 1, "quote_count": 0}, "created_at": "2018-10-01T19:11:07.000Z", "entities": {"mentions": [{"start": 0, "end": 15, "username": "realamberheard", "id": "807003567605227520"}]}, "id": "1046839947695722498", "referenced_tweets": [{"type": "replied_to", "id": "1046838809676173314"}], "text": "@realamberheard Dudes a shit human being.", "author_id": "2311100409", "replied_tweet": {"source": "Twitter for iPhone", "lang": "en", "public_metrics": {"retweet_count": 77, "reply_count": 38, "like_count": 476, "quote_count": 6}, "created_at": "2018-10-01T19:06:36.000Z", "id": "1046838809676173314", "entities": {"urls": [{"start": 6, "end": 29, "url": "https://t.co/CF3TrNVTT7", "expanded_url": "https://twitter.com/BuzzFeedNews/status/1046797534767800321", "display_url": "twitter.com/BuzzFeedNews/s\u2026"}], "annotations": [{"start": 0, "end": 4, "probability": 0.892, "type": "Person", "normalized_text": "Jesus"}]}, "referenced_tweets": [{"type": "quoted", "id": "1046797534767800321"}], "text": "Jesus https://t.co/CF3TrNVTT7", "author_id": "807003567605227520", "author": {"created_at": "2016-12-08T23:26:58.000Z", "profile_image_url": "https://pbs.twimg.com/profile_images/1383196364792680448/N8CdupEu_normal.jpg", "url": "https://t.co/Ze18Ek9SOI", "name": "Amber Heard", "location": "Los Angeles, CA", "id": "807003567605227520", "public_metrics": {"followers_count": 190463, "following_count": 220, "tweet_count": 1151, "listed_count": 567}, "description": "Actor and Activist, semi-professional disruptor, ice cream advocate and shameless teacup yorkie-lover", "username": "realamberheard"}}, "author": {"created_at": "2014-01-29T03:47:54.000Z", "profile_image_url": "https://pbs.twimg.com/profile_images/1384195311434801153/jAUzoxYa_normal.jpg", "url": "", "name": "Talia Al Ghul Deserves Better! #StopTheTaliaHate", "location": "Gotham City", "id": "2311100409", "public_metrics": {"followers_count": 1309, "following_count": 1611, "tweet_count": 43032, "listed_count": 16}, "description": "I fight and talk about things I love passionately. Can't deal with it, See ya! |#TaliaAlGhulDeservesBetter |#NoLaurelNoArrow #STOPTHETALIAHATE #TheSecretSociety", "username": "DemonsDaughter"}}, {"source": "Twitter for iPhone", "in_reply_to_user_id": "807003567605227520", "lang": "en", "public_metrics": {"retweet_count": 0, "reply_count": 0, "like_count": 1, "quote_count": 0}, "created_at": "2018-10-01T19:10:53.000Z", "entities": {"mentions": [{"start": 0, "end": 15, "username": "realamberheard", "id": "807003567605227520"}], "annotations": [{"start": 180, "end": 181, "probability": 0.5345, "type": "Place", "normalized_text": "US"}, {"start": 287, "end": 291, "probability": 0.7269, "type": "Person", "normalized_text": "POTUS"}]}, "id": "1046839889738784768", "referenced_tweets": [{"type": "replied_to", "id": "1046838809676173314"}], "text": "@realamberheard It\u2019s crazy...Wonder how she managed to hold her temper and not leave  the Q&amp;A session straightaway...what striked me the most though was the fact that participants/US administration just behind him simply nudge in a way that shows they welcomed that kind of comment from POTUS...", "author_id": "964211466160177155", "replied_tweet": {"source": "Twitter for iPhone", "lang": "en", "public_metrics": {"retweet_count": 77, "reply_count": 38, "like_count": 476, "quote_count": 6}, "created_at": "2018-10-01T19:06:36.000Z", "id": "1046838809676173314", "entities": {"urls": [{"start": 6, "end": 29, "url": "https://t.co/CF3TrNVTT7", "expanded_url": "https://twitter.com/BuzzFeedNews/status/1046797534767800321", "display_url": "twitter.com/BuzzFeedNews/s\u2026"}], "annotations": [{"start": 0, "end": 4, "probability": 0.892, "type": "Person", "normalized_text": "Jesus"}]}, "referenced_tweets": [{"type": "quoted", "id": "1046797534767800321"}], "text": "Jesus https://t.co/CF3TrNVTT7", "author_id": "807003567605227520", "author": {"created_at": "2016-12-08T23:26:58.000Z", "profile_image_url": "https://pbs.twimg.com/profile_images/1383196364792680448/N8CdupEu_normal.jpg", "url": "https://t.co/Ze18Ek9SOI", "name": "Amber Heard", "location": "Los Angeles, CA", "id": "807003567605227520", "public_metrics": {"followers_count": 190463, "following_count": 220, "tweet_count": 1151, "listed_count": 567}, "description": "Actor and Activist, semi-professional disruptor, ice cream advocate and shameless teacup yorkie-lover", "username": "realamberheard"}}, "author": {"created_at": "2018-02-15T18:55:02.000Z", "profile_image_url": "https://pbs.twimg.com/profile_images/1407075783357632512/u8JCCyYy_normal.jpg", "url": "", "name": "Georgios_Tsarouchis", "id": "964211466160177155", "public_metrics": {"followers_count": 1454, "following_count": 3662, "tweet_count": 14501, "listed_count": 4}, "description": "", "username": "GTsarouchis"}}, {"source": "Twitter for Android", "in_reply_to_user_id": "807003567605227520", "lang": "en", "public_metrics": {"retweet_count": 0, "reply_count": 0, "like_count": 0, "quote_count": 0}, "created_at": "2018-10-01T19:10:38.000Z", "entities": {"mentions": [{"start": 0, "end": 15, "username": "realamberheard", "id": "807003567605227520"}]}, "id": "1046839827767992320", "referenced_tweets": [{"type": "replied_to", "id": "1046838809676173314"}], "text": "@realamberheard No mutual respect. NONE WHATSOEVER", "author_id": "410700731", "replied_tweet": {"source": "Twitter for iPhone", "lang": "en", "public_metrics": {"retweet_count": 77, "reply_count": 38, "like_count": 476, "quote_count": 6}, "created_at": "2018-10-01T19:06:36.000Z", "id": "1046838809676173314", "entities": {"urls": [{"start": 6, "end": 29, "url": "https://t.co/CF3TrNVTT7", "expanded_url": "https://twitter.com/BuzzFeedNews/status/1046797534767800321", "display_url": "twitter.com/BuzzFeedNews/s\u2026"}], "annotations": [{"start": 0, "end": 4, "probability": 0.892, "type": "Person", "normalized_text": "Jesus"}]}, "referenced_tweets": [{"type": "quoted", "id": "1046797534767800321"}], "text": "Jesus https://t.co/CF3TrNVTT7", "author_id": "807003567605227520", "author": {"created_at": "2016-12-08T23:26:58.000Z", "profile_image_url": "https://pbs.twimg.com/profile_images/1383196364792680448/N8CdupEu_normal.jpg", "url": "https://t.co/Ze18Ek9SOI", "name": "Amber Heard", "location": "Los Angeles, CA", "id": "807003567605227520", "public_metrics": {"followers_count": 190463, "following_count": 220, "tweet_count": 1151, "listed_count": 567}, "description": "Actor and Activist, semi-professional disruptor, ice cream advocate and shameless teacup yorkie-lover", "username": "realamberheard"}}, "author": {"created_at": "2011-11-12T13:04:03.000Z", "profile_image_url": "https://pbs.twimg.com/profile_images/1498509286149922816/R5dczp9d_normal.jpg", "url": "", "name": "Uche Maduaburochukwu Udedibia\ud83c\uddfa\ud83c\udde6", "location": "\ud83c\udf0d ", "id": "410700731", "public_metrics": {"followers_count": 192, "following_count": 4201, "tweet_count": 21329, "listed_count": 2}, "description": "It's VERY OKAY to take The Leap Of Faith. The Faith part comes later", "username": "TheUrchMan"}}, {"source": "Twitter for Android", "in_reply_to_user_id": "807003567605227520", "lang": "en", "public_metrics": {"retweet_count": 0, "reply_count": 0, "like_count": 1, "quote_count": 0}, "created_at": "2018-10-01T19:09:27.000Z", "entities": {"mentions": [{"start": 0, "end": 15, "username": "realamberheard", "id": "807003567605227520"}], "annotations": [{"start": 21, "end": 25, "probability": 0.8788, "type": "Person", "normalized_text": "amber"}]}, "id": "1046839527401086977", "referenced_tweets": [{"type": "replied_to", "id": "1046838809676173314"}], "text": "@realamberheard Dear amber,its a two way street you speak then I listen its conversations!!", "author_id": "989633741114003456", "replied_tweet": {"source": "Twitter for iPhone", "lang": "en", "public_metrics": {"retweet_count": 77, "reply_count": 38, "like_count": 476, "quote_count": 6}, "created_at": "2018-10-01T19:06:36.000Z", "id": "1046838809676173314", "entities": {"urls": [{"start": 6, "end": 29, "url": "https://t.co/CF3TrNVTT7", "expanded_url": "https://twitter.com/BuzzFeedNews/status/1046797534767800321", "display_url": "twitter.com/BuzzFeedNews/s\u2026"}], "annotations": [{"start": 0, "end": 4, "probability": 0.892, "type": "Person", "normalized_text": "Jesus"}]}, "referenced_tweets": [{"type": "quoted", "id": "1046797534767800321"}], "text": "Jesus https://t.co/CF3TrNVTT7", "author_id": "807003567605227520", "author": {"created_at": "2016-12-08T23:26:58.000Z", "profile_image_url": "https://pbs.twimg.com/profile_images/1383196364792680448/N8CdupEu_normal.jpg", "url": "https://t.co/Ze18Ek9SOI", "name": "Amber Heard", "location": "Los Angeles, CA", "id": "807003567605227520", "public_metrics": {"followers_count": 190463, "following_count": 220, "tweet_count": 1151, "listed_count": 567}, "description": "Actor and Activist, semi-professional disruptor, ice cream advocate and shameless teacup yorkie-lover", "username": "realamberheard"}}, "author": {"created_at": "2018-04-26T22:34:05.000Z", "profile_image_url": "https://abs.twimg.com/sticky/default_profile_images/default_profile_normal.png", "url": "", "name": "Paulwalwanis", "location": "Long Island,new York", "id": "989633741114003456", "public_metrics": {"followers_count": 39, "following_count": 269, "tweet_count": 44974, "listed_count": 0}, "description": "Comedy,counselor", "username": "Paulwalwanis7"}}, {"source": "Twitter for Android", "in_reply_to_user_id": "807003567605227520", "lang": "en", "public_metrics": {"retweet_count": 0, "reply_count": 0, "like_count": 0, "quote_count": 0}, "created_at": "2018-10-01T19:08:24.000Z", "entities": {"mentions": [{"start": 0, "end": 15, "username": "realamberheard", "id": "807003567605227520"}]}, "id": "1046839261830504448", "referenced_tweets": [{"type": "replied_to", "id": "1046838809676173314"}], "text": "@realamberheard Disgusting.", "author_id": "2431923445", "replied_tweet": {"source": "Twitter for iPhone", "lang": "en", "public_metrics": {"retweet_count": 77, "reply_count": 38, "like_count": 476, "quote_count": 6}, "created_at": "2018-10-01T19:06:36.000Z", "id": "1046838809676173314", "entities": {"urls": [{"start": 6, "end": 29, "url": "https://t.co/CF3TrNVTT7", "expanded_url": "https://twitter.com/BuzzFeedNews/status/1046797534767800321", "display_url": "twitter.com/BuzzFeedNews/s\u2026"}], "annotations": [{"start": 0, "end": 4, "probability": 0.892, "type": "Person", "normalized_text": "Jesus"}]}, "referenced_tweets": [{"type": "quoted", "id": "1046797534767800321"}], "text": "Jesus https://t.co/CF3TrNVTT7", "author_id": "807003567605227520", "author": {"created_at": "2016-12-08T23:26:58.000Z", "profile_image_url": "https://pbs.twimg.com/profile_images/1383196364792680448/N8CdupEu_normal.jpg", "url": "https://t.co/Ze18Ek9SOI", "name": "Amber Heard", "location": "Los Angeles, CA", "id": "807003567605227520", "public_metrics": {"followers_count": 190463, "following_count": 220, "tweet_count": 1151, "listed_count": 567}, "description": "Actor and Activist, semi-professional disruptor, ice cream advocate and shameless teacup yorkie-lover", "username": "realamberheard"}}, "author": {"created_at": "2014-04-07T11:43:53.000Z", "profile_image_url": "https://pbs.twimg.com/profile_images/1204164296340574211/bAbb1Br8_normal.jpg", "url": "https://t.co/fqiALGxeOE", "name": "\u200d \u200d\u200d\u200d \u200d\u200d \u200d\u200d\u200d \u200d \u200d\ud835\udc0c\ud835\udc04\ud835\udc11\ud835\udc00.", "location": "#\u1d21\u1d0f\u0274\u1d05\u1d07\u0280\u1d0d\u1d07\u0280\u1d00 ; #\u1d18\u1d0f\u1d0a\u1d0b\u1d07\u0274", "id": "2431923445", "public_metrics": {"followers_count": 928, "following_count": 354, "tweet_count": 41444, "listed_count": 0}, "description": "\u2770 \uff2d\uff25\uff32\uff21 \uff2f\uff26 \uff38\uff25\uff22\uff25\uff2c\u2771 \u27a2 \u0493\u1d0f\u0280\u1d0d\u1d07\u0280 \u1d18\u0280\u026a\u0274\u1d04\u1d07ss \u293f \u03d9\u1d1c\u1d07\u1d07\u0274 \u1d0f\u0493 \u1d00\u1d1b\u029f\u1d00\u0274\u1d1b\u026as \u276b \u1d05\u1d07\u0493\u026a\u0274\u026a\u1d1b\u1d07\u029f\u028f \u0274\u1d0f\u1d1b \u1d00\u03d9\u1d1c\u1d00\u1d21\u1d0f\u1d0d\u1d00\u0274 \u1d0f\u0280 \u1d00 \u1d0d\u1d07\u0280\u1d0d\u1d00\u026a\u1d05 \u22ee \u275b You don't\u00a0know\u00a0me at\u00a0all. None\u00a0of you do. \u275c\u3164\u2501\u2501\u3164\u026a s\u1d00\u026a\u1d05 \u1d05\u1d0f\u0274'\u1d1b\ufe57", "username": "notaquawxman"}}, {"source": "Twitter for iPhone", "in_reply_to_user_id": "807003567605227520", "lang": "en", "public_metrics": {"retweet_count": 0, "reply_count": 0, "like_count": 2, "quote_count": 0}, "created_at": "2018-10-01T19:07:47.000Z", "entities": {"mentions": [{"start": 0, "end": 15, "username": "realamberheard", "id": "807003567605227520"}]}, "id": "1046839110151888898", "referenced_tweets": [{"type": "replied_to", "id": "1046838809676173314"}], "text": "@realamberheard W t f.............. hes so disrespectful and disgusting", "author_id": "49303675", "replied_tweet": {"source": "Twitter for iPhone", "lang": "en", "public_metrics": {"retweet_count": 77, "reply_count": 38, "like_count": 476, "quote_count": 6}, "created_at": "2018-10-01T19:06:36.000Z", "id": "1046838809676173314", "entities": {"urls": [{"start": 6, "end": 29, "url": "https://t.co/CF3TrNVTT7", "expanded_url": "https://twitter.com/BuzzFeedNews/status/1046797534767800321", "display_url": "twitter.com/BuzzFeedNews/s\u2026"}], "annotations": [{"start": 0, "end": 4, "probability": 0.892, "type": "Person", "normalized_text": "Jesus"}]}, "referenced_tweets": [{"type": "quoted", "id": "1046797534767800321"}], "text": "Jesus https://t.co/CF3TrNVTT7", "author_id": "807003567605227520", "author": {"created_at": "2016-12-08T23:26:58.000Z", "profile_image_url": "https://pbs.twimg.com/profile_images/1383196364792680448/N8CdupEu_normal.jpg", "url": "https://t.co/Ze18Ek9SOI", "name": "Amber Heard", "location": "Los Angeles, CA", "id": "807003567605227520", "public_metrics": {"followers_count": 190463, "following_count": 220, "tweet_count": 1151, "listed_count": 567}, "description": "Actor and Activist, semi-professional disruptor, ice cream advocate and shameless teacup yorkie-lover", "username": "realamberheard"}}, "author": {"created_at": "2009-06-21T12:28:44.000Z", "profile_image_url": "https://pbs.twimg.com/profile_images/1495740552364670980/JFFPLq6P_normal.jpg", "url": "", "name": "May\ud83d\udc0a\ud83d\udc9e", "location": "Sweden", "id": "49303675", "public_metrics": {"followers_count": 445, "following_count": 146, "tweet_count": 44808, "listed_count": 18}, "description": "\u201cout. for. a. walk. bitch \ud83e\udd19\ud83c\udffb\u201d -Spike, Buffy s5e5. Catmom x 2 and fangirl x a lot", "username": "maybonnevier"}}]