[{"in_reply_to_user_id": "807003567605227520", "referenced_tweets": [{"type": "replied_to", "id": "1048008407079444487"}], "id": "1050098805151072263", "created_at": "2018-10-10T19:00:39.000Z", "entities": {"mentions": [{"start": 0, "end": 15, "username": "realamberheard", "id": "807003567605227520"}, {"start": 16, "end": 26, "username": "JeffFlake", "id": "16056306"}]}, "text": "@realamberheard @JeffFlake \ud83e\udd2e\ud83e\udd2e\ud83e\udd2e", "public_metrics": {"retweet_count": 0, "reply_count": 0, "like_count": 0, "quote_count": 0}, "author_id": "51505733", "lang": "und", "source": "Twitter for Android", "replied_tweet": {"entities": {"urls": [{"start": 269, "end": 292, "url": "https://t.co/HtQtpIheIA", "expanded_url": "https://twitter.com/realamberheard/status/1048008407079444487/photo/1", "display_url": "pic.twitter.com/HtQtpIheIA"}], "mentions": [{"start": 0, "end": 10, "username": "JeffFlake", "id": "16056306"}]}, "in_reply_to_user_id": "16056306", "id": "1048008407079444487", "created_at": "2018-10-05T00:34:09.000Z", "text": "@JeffFlake I\u2019d like to thank u &amp; the generosity of the hard-working, intelligent &amp; compassionate aids &amp; staff u have wrking n ur office, w/ whom i had the honor &amp; pleasure of spending most of my day. Thnx 4 hearing your constituents who r survivors too https://t.co/HtQtpIheIA", "public_metrics": {"retweet_count": 9, "reply_count": 8, "like_count": 93, "quote_count": 0}, "author_id": "807003567605227520", "lang": "en", "source": "Twitter for iPhone", "author": {"public_metrics": {"followers_count": 190463, "following_count": 220, "tweet_count": 1151, "listed_count": 567}, "created_at": "2016-12-08T23:26:58.000Z", "name": "Amber Heard", "username": "realamberheard", "profile_image_url": "https://pbs.twimg.com/profile_images/1383196364792680448/N8CdupEu_normal.jpg", "location": "Los Angeles, CA", "id": "807003567605227520", "url": "https://t.co/Ze18Ek9SOI", "description": "Actor and Activist, semi-professional disruptor, ice cream advocate and shameless teacup yorkie-lover"}}, "author": {"public_metrics": {"followers_count": 115, "following_count": 120, "tweet_count": 490, "listed_count": 0}, "created_at": "2009-06-27T17:59:49.000Z", "name": "\uaa97\uaa9c\uaa91\uaa96\uaab6\uaaae\uaa8a", "username": "YvMalou", "profile_image_url": "https://pbs.twimg.com/profile_images/1496569615366987782/hEsWQ1jD_normal.jpg", "location": "Deutschland", "id": "51505733", "url": "https://t.co/kkIXpKywP8", "description": "\uff47\uff45\uff52\uff4d\uff41\uff4e  \uff41\uff52\uff54\uff49\uff53\uff54\n\n\u25ac\n\uaa91\ua838\u194a\uaac0\u1994 \uaa91\uaac0\u1994\ua838\uaa96\n\u25aa\ud835\ude7f\ud835\ude98\ud835\ude9b\ud835\ude9d\ud835\ude9b\ud835\ude8a\ud835\ude92\ud835\ude9d\n\u25aa\ud835\ude75\ud835\ude8a\ud835\ude97\ud835\ude8a\ud835\ude9b\ud835\ude9d\n\u25aa\ud835\ude86\ud835\ude92\ud835\ude95\ud835\ude8d\ud835\ude95\ud835\ude92\ud835\ude8f\ud835\ude8e \n\u25aa\ud835\ude70\ud835\ude8b\ud835\ude9c\ud835\ude9d\ud835\ude9b\ud835\ude8a\ud835\ude8c\ud835\ude9d"}}, {"in_reply_to_user_id": "807003567605227520", "referenced_tweets": [{"type": "replied_to", "id": "1048008407079444487"}], "id": "1048712754729766912", "created_at": "2018-10-06T23:12:59.000Z", "entities": {"mentions": [{"start": 0, "end": 15, "username": "realamberheard", "id": "807003567605227520"}, {"start": 16, "end": 26, "username": "JeffFlake", "id": "16056306"}]}, "text": "@realamberheard @JeffFlake He flaked as usual", "public_metrics": {"retweet_count": 0, "reply_count": 0, "like_count": 0, "quote_count": 0}, "author_id": "4706768387", "lang": "en", "source": "Twitter for iPhone", "replied_tweet": {"entities": {"urls": [{"start": 269, "end": 292, "url": "https://t.co/HtQtpIheIA", "expanded_url": "https://twitter.com/realamberheard/status/1048008407079444487/photo/1", "display_url": "pic.twitter.com/HtQtpIheIA"}], "mentions": [{"start": 0, "end": 10, "username": "JeffFlake", "id": "16056306"}]}, "in_reply_to_user_id": "16056306", "id": "1048008407079444487", "created_at": "2018-10-05T00:34:09.000Z", "text": "@JeffFlake I\u2019d like to thank u &amp; the generosity of the hard-working, intelligent &amp; compassionate aids &amp; staff u have wrking n ur office, w/ whom i had the honor &amp; pleasure of spending most of my day. Thnx 4 hearing your constituents who r survivors too https://t.co/HtQtpIheIA", "public_metrics": {"retweet_count": 9, "reply_count": 8, "like_count": 93, "quote_count": 0}, "author_id": "807003567605227520", "lang": "en", "source": "Twitter for iPhone", "author": {"public_metrics": {"followers_count": 190463, "following_count": 220, "tweet_count": 1151, "listed_count": 567}, "created_at": "2016-12-08T23:26:58.000Z", "name": "Amber Heard", "username": "realamberheard", "profile_image_url": "https://pbs.twimg.com/profile_images/1383196364792680448/N8CdupEu_normal.jpg", "location": "Los Angeles, CA", "id": "807003567605227520", "url": "https://t.co/Ze18Ek9SOI", "description": "Actor and Activist, semi-professional disruptor, ice cream advocate and shameless teacup yorkie-lover"}}, "author": {"public_metrics": {"followers_count": 476, "following_count": 3878, "tweet_count": 36469, "listed_count": 0}, "created_at": "2016-01-04T17:20:45.000Z", "name": "Stock Hunter", "username": "stockhunter8", "profile_image_url": "https://pbs.twimg.com/profile_images/1239001987179360257/G9gvILcX_normal.jpg", "id": "4706768387", "url": "", "description": "love the stock market and investing. anti trump not just because he's republican but because of his character and what that says about certain segment of US"}}, {"in_reply_to_user_id": "807003567605227520", "referenced_tweets": [{"type": "replied_to", "id": "1048008407079444487"}], "id": "1048534095083577344", "created_at": "2018-10-06T11:23:03.000Z", "entities": {"mentions": [{"start": 0, "end": 15, "username": "realamberheard", "id": "807003567605227520"}, {"start": 16, "end": 26, "username": "JeffFlake", "id": "16056306"}], "annotations": [{"start": 27, "end": 36, "probability": 0.9966, "type": "Person", "normalized_text": "Jeff Flake"}]}, "text": "@realamberheard @JeffFlake Jeff Flake is a coward. A pathetic, coward who made sure he gave himself cover to vote Yes, by calling for an investigation that he knew would be a complete farce\n\nI'm running out of ways to properly articulate just how incredibly disgusting these people are\n\nShame on him", "public_metrics": {"retweet_count": 0, "reply_count": 0, "like_count": 0, "quote_count": 0}, "author_id": "875871892145446912", "lang": "en", "source": "Twitter for Android", "replied_tweet": {"entities": {"urls": [{"start": 269, "end": 292, "url": "https://t.co/HtQtpIheIA", "expanded_url": "https://twitter.com/realamberheard/status/1048008407079444487/photo/1", "display_url": "pic.twitter.com/HtQtpIheIA"}], "mentions": [{"start": 0, "end": 10, "username": "JeffFlake", "id": "16056306"}]}, "in_reply_to_user_id": "16056306", "id": "1048008407079444487", "created_at": "2018-10-05T00:34:09.000Z", "text": "@JeffFlake I\u2019d like to thank u &amp; the generosity of the hard-working, intelligent &amp; compassionate aids &amp; staff u have wrking n ur office, w/ whom i had the honor &amp; pleasure of spending most of my day. Thnx 4 hearing your constituents who r survivors too https://t.co/HtQtpIheIA", "public_metrics": {"retweet_count": 9, "reply_count": 8, "like_count": 93, "quote_count": 0}, "author_id": "807003567605227520", "lang": "en", "source": "Twitter for iPhone", "author": {"public_metrics": {"followers_count": 190463, "following_count": 220, "tweet_count": 1151, "listed_count": 567}, "created_at": "2016-12-08T23:26:58.000Z", "name": "Amber Heard", "username": "realamberheard", "profile_image_url": "https://pbs.twimg.com/profile_images/1383196364792680448/N8CdupEu_normal.jpg", "location": "Los Angeles, CA", "id": "807003567605227520", "url": "https://t.co/Ze18Ek9SOI", "description": "Actor and Activist, semi-professional disruptor, ice cream advocate and shameless teacup yorkie-lover"}}, "author": {"public_metrics": {"followers_count": 344, "following_count": 285, "tweet_count": 30595, "listed_count": 3}, "created_at": "2017-06-17T00:25:06.000Z", "name": "Self hating Ole Miss fan", "username": "FictionalFacts2", "profile_image_url": "https://pbs.twimg.com/profile_images/1060668783424126976/1oTNxJaN_normal.jpg", "id": "875871892145446912", "url": "", "description": "Fucks to give = 0"}}]