[{"public_metrics": {"retweet_count": 0, "reply_count": 0, "like_count": 0, "quote_count": 0}, "source": "Twitter for iPhone", "entities": {"urls": [{"start": 59, "end": 82, "url": "https://t.co/E0jAJoj7rb", "expanded_url": "https://www.gofundme.com/help-with-legal-battle", "display_url": "gofundme.com/help-with-lega\u2026"}], "mentions": [{"start": 0, "end": 15, "username": "realamberheard", "id": "807003567605227520"}], "hashtags": [{"start": 98, "end": 108, "tag": "bemyvoice"}, {"start": 109, "end": 118, "tag": "kindness"}, {"start": 120, "end": 133, "tag": "crowdfunding"}, {"start": 134, "end": 144, "tag": "HearMeToo"}, {"start": 146, "end": 153, "tag": "endVAW"}, {"start": 154, "end": 169, "tag": "orangetheworld"}, {"start": 170, "end": 176, "tag": "nomas"}, {"start": 177, "end": 195, "tag": "letsmakesomenoise"}, {"start": 196, "end": 199, "tag": "RT"}, {"start": 200, "end": 209, "tag": "gofundme"}, {"start": 210, "end": 217, "tag": "donate"}, {"start": 218, "end": 224, "tag": "viral"}, {"start": 225, "end": 240, "tag": "kindnesspledge"}]}, "text": "@realamberheard Let's make this campaign fly like a rocket https://t.co/E0jAJoj7rb thank you \ud83d\ude4f\ud83c\udffd \u2764\ufe0f#bemyvoice #kindness  #crowdfunding #HearMeToo  #endVAW #orangetheworld #nomas #letsmakesomenoise #RT #gofundme #donate #viral #kindnesspledge", "author_id": "338486610", "lang": "en", "created_at": "2018-10-16T22:28:43.000Z", "in_reply_to_user_id": "807003567605227520", "id": "1052325491489820672", "referenced_tweets": [{"type": "replied_to", "id": "1048929862378041351"}], "replied_tweet": {"public_metrics": {"retweet_count": 29, "reply_count": 12, "like_count": 208, "quote_count": 1}, "source": "Twitter for iPhone", "entities": {"urls": [{"start": 214, "end": 237, "url": "https://t.co/PTVLbgYy9O", "expanded_url": "https://twitter.com/behindyourback/status/1047849221532147712", "display_url": "twitter.com/behindyourback\u2026"}]}, "text": "Heartfelt and poignant article about part of the female experience.  I hope we continue to poke at the system that keeps us (and everyone) held down. I\u2019m feeling so much for women today. Head held high despite.... https://t.co/PTVLbgYy9O", "author_id": "807003567605227520", "lang": "en", "created_at": "2018-10-07T13:35:42.000Z", "id": "1048929862378041351", "referenced_tweets": [{"type": "quoted", "id": "1047849221532147712"}], "author": {"username": "realamberheard", "location": "Los Angeles, CA", "description": "Actor and Activist, semi-professional disruptor, ice cream advocate and shameless teacup yorkie-lover", "id": "807003567605227520", "url": "https://t.co/Ze18Ek9SOI", "profile_image_url": "https://pbs.twimg.com/profile_images/1383196364792680448/N8CdupEu_normal.jpg", "name": "Amber Heard", "public_metrics": {"followers_count": 190463, "following_count": 220, "tweet_count": 1151, "listed_count": 567}, "created_at": "2016-12-08T23:26:58.000Z"}}, "author": {"username": "c_raluca", "description": "#homeopathy #homeopathicinfluencer #healthylife", "id": "338486610", "url": "https://t.co/62oKGkmCyg", "profile_image_url": "https://pbs.twimg.com/profile_images/1087477368258736131/ntWQ7m7z_normal.jpg", "name": "homeopathiclifestyle", "public_metrics": {"followers_count": 350, "following_count": 0, "tweet_count": 3377, "listed_count": 5}, "created_at": "2011-07-19T17:12:22.000Z"}}, {"entities": {"annotations": [{"start": 37, "end": 54, "probability": 0.9856, "type": "Person", "normalized_text": "Juanita Broaddrick"}], "mentions": [{"start": 0, "end": 15, "username": "realamberheard", "id": "807003567605227520"}]}, "public_metrics": {"retweet_count": 0, "reply_count": 0, "like_count": 0, "quote_count": 0}, "source": "Twitter for Android", "text": "@realamberheard your story parallels Juanita Broaddrick's..Both;  in terms of having been victimized;physically/sexually assaulted; then;...initially allowing urselves to be bullied into silence because the(URS;hers) abuser is a powerful,influential;well-connected man.", "author_id": "545455811", "lang": "en", "created_at": "2018-10-10T19:06:00.000Z", "in_reply_to_user_id": "807003567605227520", "id": "1050100148846686208", "referenced_tweets": [{"type": "replied_to", "id": "1048929862378041351"}], "replied_tweet": {"public_metrics": {"retweet_count": 29, "reply_count": 12, "like_count": 208, "quote_count": 1}, "source": "Twitter for iPhone", "entities": {"urls": [{"start": 214, "end": 237, "url": "https://t.co/PTVLbgYy9O", "expanded_url": "https://twitter.com/behindyourback/status/1047849221532147712", "display_url": "twitter.com/behindyourback\u2026"}]}, "text": "Heartfelt and poignant article about part of the female experience.  I hope we continue to poke at the system that keeps us (and everyone) held down. I\u2019m feeling so much for women today. Head held high despite.... https://t.co/PTVLbgYy9O", "author_id": "807003567605227520", "lang": "en", "created_at": "2018-10-07T13:35:42.000Z", "id": "1048929862378041351", "referenced_tweets": [{"type": "quoted", "id": "1047849221532147712"}], "author": {"username": "realamberheard", "location": "Los Angeles, CA", "description": "Actor and Activist, semi-professional disruptor, ice cream advocate and shameless teacup yorkie-lover", "id": "807003567605227520", "url": "https://t.co/Ze18Ek9SOI", "profile_image_url": "https://pbs.twimg.com/profile_images/1383196364792680448/N8CdupEu_normal.jpg", "name": "Amber Heard", "public_metrics": {"followers_count": 190463, "following_count": 220, "tweet_count": 1151, "listed_count": 567}, "created_at": "2016-12-08T23:26:58.000Z"}}, "author": {"username": "lizziebeeeee", "location": "Georgia, USA", "description": "#AdoptAShelterPet\n#AnimalEqualRights\n#Neurodiversity\n#SimulationTheory\n#FreeKevinTrudeau\n#vegan", "id": "545455811", "url": "", "profile_image_url": "https://pbs.twimg.com/profile_images/1243565539718574086/QP2lfSU8_normal.jpg", "name": "Kitty, Princess of Litterboxess", "public_metrics": {"followers_count": 1146, "following_count": 4119, "tweet_count": 8402, "listed_count": 2}, "created_at": "2012-04-04T21:31:46.000Z"}}, {"public_metrics": {"retweet_count": 0, "reply_count": 0, "like_count": 6, "quote_count": 0}, "source": "Twitter for iPad", "entities": {"mentions": [{"start": 0, "end": 15, "username": "realamberheard", "id": "807003567605227520"}]}, "text": "@realamberheard You are a liar stop standing up for women who are victims you know nothing about the cause. You really are an embarrassment to DV victims", "author_id": "737595989645656064", "lang": "en", "created_at": "2018-10-07T23:42:26.000Z", "in_reply_to_user_id": "807003567605227520", "id": "1049082552600940544", "referenced_tweets": [{"type": "replied_to", "id": "1048929862378041351"}], "replied_tweet": {"public_metrics": {"retweet_count": 29, "reply_count": 12, "like_count": 208, "quote_count": 1}, "source": "Twitter for iPhone", "entities": {"urls": [{"start": 214, "end": 237, "url": "https://t.co/PTVLbgYy9O", "expanded_url": "https://twitter.com/behindyourback/status/1047849221532147712", "display_url": "twitter.com/behindyourback\u2026"}]}, "text": "Heartfelt and poignant article about part of the female experience.  I hope we continue to poke at the system that keeps us (and everyone) held down. I\u2019m feeling so much for women today. Head held high despite.... https://t.co/PTVLbgYy9O", "author_id": "807003567605227520", "lang": "en", "created_at": "2018-10-07T13:35:42.000Z", "id": "1048929862378041351", "referenced_tweets": [{"type": "quoted", "id": "1047849221532147712"}], "author": {"username": "realamberheard", "location": "Los Angeles, CA", "description": "Actor and Activist, semi-professional disruptor, ice cream advocate and shameless teacup yorkie-lover", "id": "807003567605227520", "url": "https://t.co/Ze18Ek9SOI", "profile_image_url": "https://pbs.twimg.com/profile_images/1383196364792680448/N8CdupEu_normal.jpg", "name": "Amber Heard", "public_metrics": {"followers_count": 190463, "following_count": 220, "tweet_count": 1151, "listed_count": 567}, "created_at": "2016-12-08T23:26:58.000Z"}}, "author": {"username": "cdfree333", "description": "#justiceforjohnny\n#truth always wins\nDead Head\nLife is to short enjoy the ride", "id": "737595989645656064", "url": "", "profile_image_url": "https://pbs.twimg.com/profile_images/1308222665275117568/FicJWxTq_normal.jpg", "name": "cdfree333", "public_metrics": {"followers_count": 835, "following_count": 1870, "tweet_count": 2985, "listed_count": 1}, "created_at": "2016-05-31T10:46:02.000Z"}}, {"public_metrics": {"retweet_count": 0, "reply_count": 0, "like_count": 0, "quote_count": 0}, "source": "Twitter Web App", "entities": {"mentions": [{"start": 0, "end": 15, "username": "realamberheard", "id": "807003567605227520"}]}, "text": "@realamberheard \u2764\ufe0f\u2764\ufe0f\u2764\ufe0f\u2764\ufe0f", "author_id": "31455711", "lang": "und", "created_at": "2018-10-07T21:21:14.000Z", "in_reply_to_user_id": "807003567605227520", "id": "1049047017614397440", "referenced_tweets": [{"type": "replied_to", "id": "1048929862378041351"}], "replied_tweet": {"public_metrics": {"retweet_count": 29, "reply_count": 12, "like_count": 208, "quote_count": 1}, "source": "Twitter for iPhone", "entities": {"urls": [{"start": 214, "end": 237, "url": "https://t.co/PTVLbgYy9O", "expanded_url": "https://twitter.com/behindyourback/status/1047849221532147712", "display_url": "twitter.com/behindyourback\u2026"}]}, "text": "Heartfelt and poignant article about part of the female experience.  I hope we continue to poke at the system that keeps us (and everyone) held down. I\u2019m feeling so much for women today. Head held high despite.... https://t.co/PTVLbgYy9O", "author_id": "807003567605227520", "lang": "en", "created_at": "2018-10-07T13:35:42.000Z", "id": "1048929862378041351", "referenced_tweets": [{"type": "quoted", "id": "1047849221532147712"}], "author": {"username": "realamberheard", "location": "Los Angeles, CA", "description": "Actor and Activist, semi-professional disruptor, ice cream advocate and shameless teacup yorkie-lover", "id": "807003567605227520", "url": "https://t.co/Ze18Ek9SOI", "profile_image_url": "https://pbs.twimg.com/profile_images/1383196364792680448/N8CdupEu_normal.jpg", "name": "Amber Heard", "public_metrics": {"followers_count": 190463, "following_count": 220, "tweet_count": 1151, "listed_count": 567}, "created_at": "2016-12-08T23:26:58.000Z"}}, "author": {"username": "behindyourback", "location": "so far around the bend", "description": "Americans for Tax Fairness Campaign Dir. Tax March co-founder. Contributor to The Onion. Words at McSweeneys, New Yorker, et al. Views my own. quintmaura@ gmail", "id": "31455711", "url": "https://t.co/8CgRiUmRf9", "profile_image_url": "https://pbs.twimg.com/profile_images/1464608504271052808/EuoF__FJ_normal.jpg", "name": "maura quint", "public_metrics": {"followers_count": 123627, "following_count": 1279, "tweet_count": 69506, "listed_count": 1605}, "created_at": "2009-04-15T17:03:17.000Z"}}, {"public_metrics": {"retweet_count": 0, "reply_count": 0, "like_count": 11, "quote_count": 0}, "source": "Twitter for Android", "entities": {"mentions": [{"start": 0, "end": 15, "username": "realamberheard", "id": "807003567605227520"}], "hashtags": [{"start": 132, "end": 146, "tag": "Karmaisabitch"}]}, "text": "@realamberheard Despite you being a lying gold-digger? He's fighting back! You're going to be exposed for the fraud you truly are!! #Karmaisabitch", "author_id": "833003599797956612", "lang": "en", "created_at": "2018-10-07T20:54:44.000Z", "in_reply_to_user_id": "807003567605227520", "id": "1049040351845994496", "referenced_tweets": [{"type": "replied_to", "id": "1048929862378041351"}], "replied_tweet": {"public_metrics": {"retweet_count": 29, "reply_count": 12, "like_count": 208, "quote_count": 1}, "source": "Twitter for iPhone", "entities": {"urls": [{"start": 214, "end": 237, "url": "https://t.co/PTVLbgYy9O", "expanded_url": "https://twitter.com/behindyourback/status/1047849221532147712", "display_url": "twitter.com/behindyourback\u2026"}]}, "text": "Heartfelt and poignant article about part of the female experience.  I hope we continue to poke at the system that keeps us (and everyone) held down. I\u2019m feeling so much for women today. Head held high despite.... https://t.co/PTVLbgYy9O", "author_id": "807003567605227520", "lang": "en", "created_at": "2018-10-07T13:35:42.000Z", "id": "1048929862378041351", "referenced_tweets": [{"type": "quoted", "id": "1047849221532147712"}], "author": {"username": "realamberheard", "location": "Los Angeles, CA", "description": "Actor and Activist, semi-professional disruptor, ice cream advocate and shameless teacup yorkie-lover", "id": "807003567605227520", "url": "https://t.co/Ze18Ek9SOI", "profile_image_url": "https://pbs.twimg.com/profile_images/1383196364792680448/N8CdupEu_normal.jpg", "name": "Amber Heard", "public_metrics": {"followers_count": 190463, "following_count": 220, "tweet_count": 1151, "listed_count": 567}, "created_at": "2016-12-08T23:26:58.000Z"}}, "author": {"username": "JdeppLove", "location": "The Bat Cave", "description": "Fan account appreciating the \ud83d\udc96 & artistic genius of #MyFavoriteVampire Tommy Henriksen\ud83e\udd18 \ud83d\udc9c JD \ud83d\udc9cHollywood Vampires Rock! \n\u26a1\ud83d\udc7d", "id": "833003599797956612", "url": "", "profile_image_url": "https://pbs.twimg.com/profile_images/1169448698234855424/kANH9ivi_normal.jpg", "name": "JDeppLove \ud83d\udc9a\ud83d\udc7d\ud83d\udc80\ud83d\udc9c", "public_metrics": {"followers_count": 1099, "following_count": 190, "tweet_count": 18761, "listed_count": 2}, "created_at": "2017-02-18T17:21:49.000Z"}}, {"public_metrics": {"retweet_count": 0, "reply_count": 0, "like_count": 6, "quote_count": 0}, "source": "Twitter for iPhone", "entities": {"urls": [{"start": 64, "end": 87, "url": "https://t.co/j0K0iwjGMY", "expanded_url": "https://twitter.com/Sawyer26428403/status/1049017005200867330/photo/1", "display_url": "pic.twitter.com/j0K0iwjGMY"}], "mentions": [{"start": 0, "end": 15, "username": "realamberheard", "id": "807003567605227520"}]}, "text": "@realamberheard Stop trying to hold immigrants down you racist. https://t.co/j0K0iwjGMY", "author_id": "1001668123454595072", "lang": "en", "created_at": "2018-10-07T19:21:58.000Z", "in_reply_to_user_id": "807003567605227520", "id": "1049017005200867330", "referenced_tweets": [{"type": "replied_to", "id": "1048929862378041351"}], "replied_tweet": {"public_metrics": {"retweet_count": 29, "reply_count": 12, "like_count": 208, "quote_count": 1}, "source": "Twitter for iPhone", "entities": {"urls": [{"start": 214, "end": 237, "url": "https://t.co/PTVLbgYy9O", "expanded_url": "https://twitter.com/behindyourback/status/1047849221532147712", "display_url": "twitter.com/behindyourback\u2026"}]}, "text": "Heartfelt and poignant article about part of the female experience.  I hope we continue to poke at the system that keeps us (and everyone) held down. I\u2019m feeling so much for women today. Head held high despite.... https://t.co/PTVLbgYy9O", "author_id": "807003567605227520", "lang": "en", "created_at": "2018-10-07T13:35:42.000Z", "id": "1048929862378041351", "referenced_tweets": [{"type": "quoted", "id": "1047849221532147712"}], "author": {"username": "realamberheard", "location": "Los Angeles, CA", "description": "Actor and Activist, semi-professional disruptor, ice cream advocate and shameless teacup yorkie-lover", "id": "807003567605227520", "url": "https://t.co/Ze18Ek9SOI", "profile_image_url": "https://pbs.twimg.com/profile_images/1383196364792680448/N8CdupEu_normal.jpg", "name": "Amber Heard", "public_metrics": {"followers_count": 190463, "following_count": 220, "tweet_count": 1151, "listed_count": 567}, "created_at": "2016-12-08T23:26:58.000Z"}}, "author": {"username": "Sawyer26428403", "description": "", "id": "1001668123454595072", "url": "", "profile_image_url": "https://pbs.twimg.com/profile_images/1006747037021491201/OkgE-g84_normal.jpg", "name": "Sawyer", "public_metrics": {"followers_count": 5, "following_count": 134, "tweet_count": 3766, "listed_count": 1}, "created_at": "2018-05-30T03:34:25.000Z"}}, {"public_metrics": {"retweet_count": 0, "reply_count": 0, "like_count": 0, "quote_count": 0}, "source": "Twitter for Android", "entities": {"mentions": [{"start": 0, "end": 15, "username": "realamberheard", "id": "807003567605227520"}]}, "text": "@realamberheard Thanks for sharing this article \ud83d\udc4d\n\nStay strong \ud83d\udcaa", "author_id": "4396120342", "lang": "en", "created_at": "2018-10-07T14:40:43.000Z", "in_reply_to_user_id": "807003567605227520", "id": "1048946228313042947", "referenced_tweets": [{"type": "replied_to", "id": "1048929862378041351"}], "replied_tweet": {"public_metrics": {"retweet_count": 29, "reply_count": 12, "like_count": 208, "quote_count": 1}, "source": "Twitter for iPhone", "entities": {"urls": [{"start": 214, "end": 237, "url": "https://t.co/PTVLbgYy9O", "expanded_url": "https://twitter.com/behindyourback/status/1047849221532147712", "display_url": "twitter.com/behindyourback\u2026"}]}, "text": "Heartfelt and poignant article about part of the female experience.  I hope we continue to poke at the system that keeps us (and everyone) held down. I\u2019m feeling so much for women today. Head held high despite.... https://t.co/PTVLbgYy9O", "author_id": "807003567605227520", "lang": "en", "created_at": "2018-10-07T13:35:42.000Z", "id": "1048929862378041351", "referenced_tweets": [{"type": "quoted", "id": "1047849221532147712"}], "author": {"username": "realamberheard", "location": "Los Angeles, CA", "description": "Actor and Activist, semi-professional disruptor, ice cream advocate and shameless teacup yorkie-lover", "id": "807003567605227520", "url": "https://t.co/Ze18Ek9SOI", "profile_image_url": "https://pbs.twimg.com/profile_images/1383196364792680448/N8CdupEu_normal.jpg", "name": "Amber Heard", "public_metrics": {"followers_count": 190463, "following_count": 220, "tweet_count": 1151, "listed_count": 567}, "created_at": "2016-12-08T23:26:58.000Z"}}, "author": {"username": "stirgussa", "description": "Only two things are infinite, the universe and human stupidity, and I'm not sure about the former. - Albert Einstein and Me!", "id": "4396120342", "url": "", "profile_image_url": "https://pbs.twimg.com/profile_images/1378175478478082050/UKLiQPuk_normal.jpg", "name": "STIRGUS SACCHETTI", "public_metrics": {"followers_count": 678, "following_count": 296, "tweet_count": 58624, "listed_count": 26}, "created_at": "2015-12-06T17:21:06.000Z"}}]