[{"in_reply_to_user_id": "2885552583", "source": "Twitter for Android", "referenced_tweets": [{"type": "replied_to", "id": "1052850521265070080"}], "author_id": "2885552583", "id": "1052852010976985089", "entities": {"urls": [{"start": 33, "end": 56, "url": "https://t.co/z0aHK5emuF", "expanded_url": "https://twitter.com/leonasdad/status/1052852010976985089/photo/1", "display_url": "pic.twitter.com/z0aHK5emuF"}], "mentions": [{"start": 0, "end": 15, "username": "realamberheard", "id": "807003567605227520"}, {"start": 16, "end": 32, "username": "British_Airways", "id": "18332190"}]}, "created_at": "2018-10-18T09:20:55.000Z", "public_metrics": {"retweet_count": 0, "reply_count": 0, "like_count": 0, "quote_count": 0}, "text": "@realamberheard @British_Airways https://t.co/z0aHK5emuF", "lang": "und", "replied_tweet": {"source": "Twitter for iPhone", "referenced_tweets": [{"type": "quoted", "id": "1052207715479691264"}], "author_id": "807003567605227520", "id": "1052653400020709376", "entities": {"urls": [{"start": 104, "end": 127, "url": "https://t.co/OGBqvAh6rA", "expanded_url": "https://twitter.com/realamberheard/status/1052207715479691264", "display_url": "twitter.com/realamberheard\u2026"}], "mentions": [{"start": 85, "end": 101, "username": "British_Airways", "id": "18332190"}]}, "created_at": "2018-10-17T20:11:42.000Z", "public_metrics": {"retweet_count": 22, "reply_count": 13, "like_count": 247, "quote_count": 0}, "text": "Okay, here we go, day 2 of mix and match (with the help of a free t shirt) thanks to @British_Airways ! https://t.co/OGBqvAh6rA", "lang": "en", "author": {"description": "Actor and Activist, semi-professional disruptor, ice cream advocate and shameless teacup yorkie-lover", "profile_image_url": "https://pbs.twimg.com/profile_images/1383196364792680448/N8CdupEu_normal.jpg", "name": "Amber Heard", "id": "807003567605227520", "created_at": "2016-12-08T23:26:58.000Z", "url": "https://t.co/Ze18Ek9SOI", "public_metrics": {"followers_count": 190463, "following_count": 220, "tweet_count": 1151, "listed_count": 567}, "location": "Los Angeles, CA", "username": "realamberheard"}}, "author": {"description": "Eye2brain_Listen!\nJust&honour, men,women&children, _ _ _ _near miss_ _ _hav ur say! alcohol&NHS Drug's,Abuse, Negligence,Trauma,RDA&\nIncompetence,VTE,Purpose \ud83d\udc04", "profile_image_url": "https://pbs.twimg.com/profile_images/1458289825996546053/h6c1PP3N_normal.jpg", "name": "\ud83d\ude07Conviction\ud83d\udc7c\ud83c\udded\ud83c\uddf0\ud83c\udde8\ud83c\uddf3\ud83c\uddfa\ud83c\uddf3\ud83c\uddec\ud83c\udde7\ud83d\udc94\ud83d\udc93\ud83d\udc9e\ud83d\udc96\ud83d\udcac\ud83d\udc02\ud83d\udc14\ud83d\udc0d", "id": "2885552583", "created_at": "2014-11-20T12:56:35.000Z", "url": "", "public_metrics": {"followers_count": 198, "following_count": 476, "tweet_count": 50028, "listed_count": 11}, "location": "Yorkshire & London \ud83d\udc49 SW1A ", "username": "leonasdad"}}, {"in_reply_to_user_id": "807003567605227520", "source": "Twitter for Android", "referenced_tweets": [{"type": "replied_to", "id": "1052653400020709376"}], "author_id": "2885552583", "id": "1052850521265070080", "created_at": "2018-10-18T09:14:59.000Z", "public_metrics": {"retweet_count": 0, "reply_count": 1, "like_count": 0, "quote_count": 0}, "entities": {"mentions": [{"start": 0, "end": 15, "username": "realamberheard", "id": "807003567605227520"}, {"start": 16, "end": 32, "username": "British_Airways", "id": "18332190"}]}, "text": "@realamberheard @British_Airways Those interested in bilateral &amp; unilateral method actress research into subject matter, (is the sense in) 'getting it' wiv/lines spoken in 80s-90s-00s cockney accent, reaching &amp; looking back and saying...\n\n'give it some'\n\n.plenty of time to rest, relax &amp; flush the laterals later", "lang": "en", "replied_tweet": {"source": "Twitter for iPhone", "referenced_tweets": [{"type": "quoted", "id": "1052207715479691264"}], "author_id": "807003567605227520", "id": "1052653400020709376", "entities": {"urls": [{"start": 104, "end": 127, "url": "https://t.co/OGBqvAh6rA", "expanded_url": "https://twitter.com/realamberheard/status/1052207715479691264", "display_url": "twitter.com/realamberheard\u2026"}], "mentions": [{"start": 85, "end": 101, "username": "British_Airways", "id": "18332190"}]}, "created_at": "2018-10-17T20:11:42.000Z", "public_metrics": {"retweet_count": 22, "reply_count": 13, "like_count": 247, "quote_count": 0}, "text": "Okay, here we go, day 2 of mix and match (with the help of a free t shirt) thanks to @British_Airways ! https://t.co/OGBqvAh6rA", "lang": "en", "author": {"description": "Actor and Activist, semi-professional disruptor, ice cream advocate and shameless teacup yorkie-lover", "profile_image_url": "https://pbs.twimg.com/profile_images/1383196364792680448/N8CdupEu_normal.jpg", "name": "Amber Heard", "id": "807003567605227520", "created_at": "2016-12-08T23:26:58.000Z", "url": "https://t.co/Ze18Ek9SOI", "public_metrics": {"followers_count": 190463, "following_count": 220, "tweet_count": 1151, "listed_count": 567}, "location": "Los Angeles, CA", "username": "realamberheard"}}, "author": {"description": "Eye2brain_Listen!\nJust&honour, men,women&children, _ _ _ _near miss_ _ _hav ur say! alcohol&NHS Drug's,Abuse, Negligence,Trauma,RDA&\nIncompetence,VTE,Purpose \ud83d\udc04", "profile_image_url": "https://pbs.twimg.com/profile_images/1458289825996546053/h6c1PP3N_normal.jpg", "name": "\ud83d\ude07Conviction\ud83d\udc7c\ud83c\udded\ud83c\uddf0\ud83c\udde8\ud83c\uddf3\ud83c\uddfa\ud83c\uddf3\ud83c\uddec\ud83c\udde7\ud83d\udc94\ud83d\udc93\ud83d\udc9e\ud83d\udc96\ud83d\udcac\ud83d\udc02\ud83d\udc14\ud83d\udc0d", "id": "2885552583", "created_at": "2014-11-20T12:56:35.000Z", "url": "", "public_metrics": {"followers_count": 198, "following_count": 476, "tweet_count": 50028, "listed_count": 11}, "location": "Yorkshire & London \ud83d\udc49 SW1A ", "username": "leonasdad"}}, {"in_reply_to_user_id": "807003567605227520", "source": "Twitter for iPhone", "referenced_tweets": [{"type": "replied_to", "id": "1052653400020709376"}], "author_id": "109067463", "id": "1052809264119582721", "created_at": "2018-10-18T06:31:03.000Z", "public_metrics": {"retweet_count": 0, "reply_count": 0, "like_count": 0, "quote_count": 0}, "entities": {"mentions": [{"start": 0, "end": 15, "username": "realamberheard", "id": "807003567605227520"}, {"start": 16, "end": 32, "username": "British_Airways", "id": "18332190"}, {"start": 33, "end": 49, "username": "British_Airways", "id": "18332190"}]}, "text": "@realamberheard @British_Airways @British_Airways where is our bag?!!! It would be nice if a representative would call with an update!!!", "lang": "en", "replied_tweet": {"source": "Twitter for iPhone", "referenced_tweets": [{"type": "quoted", "id": "1052207715479691264"}], "author_id": "807003567605227520", "id": "1052653400020709376", "entities": {"urls": [{"start": 104, "end": 127, "url": "https://t.co/OGBqvAh6rA", "expanded_url": "https://twitter.com/realamberheard/status/1052207715479691264", "display_url": "twitter.com/realamberheard\u2026"}], "mentions": [{"start": 85, "end": 101, "username": "British_Airways", "id": "18332190"}]}, "created_at": "2018-10-17T20:11:42.000Z", "public_metrics": {"retweet_count": 22, "reply_count": 13, "like_count": 247, "quote_count": 0}, "text": "Okay, here we go, day 2 of mix and match (with the help of a free t shirt) thanks to @British_Airways ! https://t.co/OGBqvAh6rA", "lang": "en", "author": {"description": "Actor and Activist, semi-professional disruptor, ice cream advocate and shameless teacup yorkie-lover", "profile_image_url": "https://pbs.twimg.com/profile_images/1383196364792680448/N8CdupEu_normal.jpg", "name": "Amber Heard", "id": "807003567605227520", "created_at": "2016-12-08T23:26:58.000Z", "url": "https://t.co/Ze18Ek9SOI", "public_metrics": {"followers_count": 190463, "following_count": 220, "tweet_count": 1151, "listed_count": 567}, "location": "Los Angeles, CA", "username": "realamberheard"}}, "author": {"description": "Todd Krim - I connect celebrities with charities around the globe! \ud83d\ude4f\ud83c\udf0d\ud83d\udc9c Founder of @TheKrimGroup", "profile_image_url": "https://pbs.twimg.com/profile_images/1441966934333952000/ww7_PpOz_normal.jpg", "name": "Todd Krim aka \"Mr. Charity\"", "id": "109067463", "created_at": "2010-01-27T21:48:26.000Z", "url": "https://t.co/ENA1J5sqvk", "public_metrics": {"followers_count": 4380, "following_count": 4272, "tweet_count": 40391, "listed_count": 0}, "location": "\u00dcT: 34.240436,-119.25722", "username": "ToddKrim"}}, {"in_reply_to_user_id": "807003567605227520", "source": "Twitter Web App", "referenced_tweets": [{"type": "replied_to", "id": "1052653400020709376"}], "author_id": "1050721822092812289", "id": "1052675580557189120", "entities": {"urls": [{"start": 204, "end": 227, "url": "https://t.co/D101DYmODf", "expanded_url": "https://twitter.com/SusanFaria5/status/1052675580557189120/photo/1", "display_url": "pic.twitter.com/D101DYmODf"}], "mentions": [{"start": 0, "end": 15, "username": "realamberheard", "id": "807003567605227520"}, {"start": 16, "end": 32, "username": "British_Airways", "id": "18332190"}]}, "created_at": "2018-10-17T21:39:50.000Z", "public_metrics": {"retweet_count": 0, "reply_count": 0, "like_count": 1, "quote_count": 0}, "text": "@realamberheard @British_Airways What about wrecking homes? What about the couples child?\nActivism starts with our own action. Respecting families should be one no matter how deep the \u201cpocketbook\u201d May be https://t.co/D101DYmODf", "lang": "en", "replied_tweet": {"source": "Twitter for iPhone", "referenced_tweets": [{"type": "quoted", "id": "1052207715479691264"}], "author_id": "807003567605227520", "id": "1052653400020709376", "entities": {"urls": [{"start": 104, "end": 127, "url": "https://t.co/OGBqvAh6rA", "expanded_url": "https://twitter.com/realamberheard/status/1052207715479691264", "display_url": "twitter.com/realamberheard\u2026"}], "mentions": [{"start": 85, "end": 101, "username": "British_Airways", "id": "18332190"}]}, "created_at": "2018-10-17T20:11:42.000Z", "public_metrics": {"retweet_count": 22, "reply_count": 13, "like_count": 247, "quote_count": 0}, "text": "Okay, here we go, day 2 of mix and match (with the help of a free t shirt) thanks to @British_Airways ! https://t.co/OGBqvAh6rA", "lang": "en", "author": {"description": "Actor and Activist, semi-professional disruptor, ice cream advocate and shameless teacup yorkie-lover", "profile_image_url": "https://pbs.twimg.com/profile_images/1383196364792680448/N8CdupEu_normal.jpg", "name": "Amber Heard", "id": "807003567605227520", "created_at": "2016-12-08T23:26:58.000Z", "url": "https://t.co/Ze18Ek9SOI", "public_metrics": {"followers_count": 190463, "following_count": 220, "tweet_count": 1151, "listed_count": 567}, "location": "Los Angeles, CA", "username": "realamberheard"}}, "author": {"description": "\u2022\u273f Johnny is definition of love \u273f\u2022", "profile_image_url": "https://pbs.twimg.com/profile_images/1340701831975096320/g92j12jM_normal.jpg", "name": "Susan", "id": "1050721822092812289", "created_at": "2018-10-12T12:16:18.000Z", "url": "", "public_metrics": {"followers_count": 412, "following_count": 300, "tweet_count": 12987, "listed_count": 1}, "location": "#ibelievehim", "username": "teamdepp_"}}, {"in_reply_to_user_id": "356234364", "source": "Twitter Web App", "referenced_tweets": [{"type": "replied_to", "id": "1052654308548857856"}], "author_id": "1050721822092812289", "id": "1052663486285791232", "created_at": "2018-10-17T20:51:47.000Z", "public_metrics": {"retweet_count": 0, "reply_count": 0, "like_count": 0, "quote_count": 0}, "entities": {"mentions": [{"start": 0, "end": 13, "username": "TamaraJJason", "id": "356234364"}, {"start": 14, "end": 29, "username": "realamberheard", "id": "807003567605227520"}, {"start": 30, "end": 46, "username": "British_Airways", "id": "18332190"}]}, "text": "@TamaraJJason @realamberheard @British_Airways She didn\u2019t..... she blocked you. Sorry", "lang": "en", "replied_tweet": {"source": "Twitter for iPhone", "referenced_tweets": [{"type": "quoted", "id": "1052207715479691264"}], "author_id": "807003567605227520", "id": "1052653400020709376", "entities": {"urls": [{"start": 104, "end": 127, "url": "https://t.co/OGBqvAh6rA", "expanded_url": "https://twitter.com/realamberheard/status/1052207715479691264", "display_url": "twitter.com/realamberheard\u2026"}], "mentions": [{"start": 85, "end": 101, "username": "British_Airways", "id": "18332190"}]}, "created_at": "2018-10-17T20:11:42.000Z", "public_metrics": {"retweet_count": 22, "reply_count": 13, "like_count": 247, "quote_count": 0}, "text": "Okay, here we go, day 2 of mix and match (with the help of a free t shirt) thanks to @British_Airways ! https://t.co/OGBqvAh6rA", "lang": "en", "author": {"description": "Actor and Activist, semi-professional disruptor, ice cream advocate and shameless teacup yorkie-lover", "profile_image_url": "https://pbs.twimg.com/profile_images/1383196364792680448/N8CdupEu_normal.jpg", "name": "Amber Heard", "id": "807003567605227520", "created_at": "2016-12-08T23:26:58.000Z", "url": "https://t.co/Ze18Ek9SOI", "public_metrics": {"followers_count": 190463, "following_count": 220, "tweet_count": 1151, "listed_count": 567}, "location": "Los Angeles, CA", "username": "realamberheard"}}, "author": {"description": "\u2022\u273f Johnny is definition of love \u273f\u2022", "profile_image_url": "https://pbs.twimg.com/profile_images/1340701831975096320/g92j12jM_normal.jpg", "name": "Susan", "id": "1050721822092812289", "created_at": "2018-10-12T12:16:18.000Z", "url": "", "public_metrics": {"followers_count": 412, "following_count": 300, "tweet_count": 12987, "listed_count": 1}, "location": "#ibelievehim", "username": "teamdepp_"}}, {"in_reply_to_user_id": "807003567605227520", "source": "UberSocial for Android", "referenced_tweets": [{"type": "replied_to", "id": "1052653400020709376"}], "author_id": "23181530", "id": "1052660895040585728", "created_at": "2018-10-17T20:41:29.000Z", "public_metrics": {"retweet_count": 0, "reply_count": 0, "like_count": 0, "quote_count": 0}, "entities": {"mentions": [{"start": 0, "end": 15, "username": "realamberheard", "id": "807003567605227520"}]}, "text": "@realamberheard welcome in my country \ud83d\udc4b\ud83d\udc4b\u2764", "lang": "en", "replied_tweet": {"source": "Twitter for iPhone", "referenced_tweets": [{"type": "quoted", "id": "1052207715479691264"}], "author_id": "807003567605227520", "id": "1052653400020709376", "entities": {"urls": [{"start": 104, "end": 127, "url": "https://t.co/OGBqvAh6rA", "expanded_url": "https://twitter.com/realamberheard/status/1052207715479691264", "display_url": "twitter.com/realamberheard\u2026"}], "mentions": [{"start": 85, "end": 101, "username": "British_Airways", "id": "18332190"}]}, "created_at": "2018-10-17T20:11:42.000Z", "public_metrics": {"retweet_count": 22, "reply_count": 13, "like_count": 247, "quote_count": 0}, "text": "Okay, here we go, day 2 of mix and match (with the help of a free t shirt) thanks to @British_Airways ! https://t.co/OGBqvAh6rA", "lang": "en", "author": {"description": "Actor and Activist, semi-professional disruptor, ice cream advocate and shameless teacup yorkie-lover", "profile_image_url": "https://pbs.twimg.com/profile_images/1383196364792680448/N8CdupEu_normal.jpg", "name": "Amber Heard", "id": "807003567605227520", "created_at": "2016-12-08T23:26:58.000Z", "url": "https://t.co/Ze18Ek9SOI", "public_metrics": {"followers_count": 190463, "following_count": 220, "tweet_count": 1151, "listed_count": 567}, "location": "Los Angeles, CA", "username": "realamberheard"}}, "author": {"description": "Dutch\n7 april 1974\nAries/Tijger/atheist\r\nI love Twitter/Movies/TVshows\nBodybuilding. \n#RED is my kryptonite", "profile_image_url": "https://pbs.twimg.com/profile_images/1420445569168855042/1unOABiz_normal.jpg", "name": "martin de bruin", "id": "23181530", "created_at": "2009-03-07T09:55:09.000Z", "url": "https://t.co/ODggpEiI6L", "public_metrics": {"followers_count": 115, "following_count": 279, "tweet_count": 181183, "listed_count": 13}, "username": "MartindeBruin74"}}, {"in_reply_to_user_id": "807003567605227520", "source": "Twitter for Android", "referenced_tweets": [{"type": "replied_to", "id": "1052653400020709376"}], "author_id": "4396120342", "id": "1052654757041659905", "entities": {"urls": [{"start": 119, "end": 142, "url": "https://t.co/qfYxeUdyCY", "expanded_url": "https://twitter.com/stirgussa/status/1052654757041659905/photo/1", "display_url": "pic.twitter.com/qfYxeUdyCY"}], "mentions": [{"start": 0, "end": 15, "username": "realamberheard", "id": "807003567605227520"}, {"start": 16, "end": 32, "username": "British_Airways", "id": "18332190"}, {"start": 44, "end": 60, "username": "British_Airways", "id": "18332190"}, {"start": 100, "end": 116, "username": "British_Airways", "id": "18332190"}]}, "created_at": "2018-10-17T20:17:06.000Z", "public_metrics": {"retweet_count": 0, "reply_count": 0, "like_count": 1, "quote_count": 0}, "text": "@realamberheard @British_Airways So i guess @British_Airways still doesn't returns your luggage? \ud83d\ude12\n\n@British_Airways : https://t.co/qfYxeUdyCY", "lang": "en", "replied_tweet": {"source": "Twitter for iPhone", "referenced_tweets": [{"type": "quoted", "id": "1052207715479691264"}], "author_id": "807003567605227520", "id": "1052653400020709376", "entities": {"urls": [{"start": 104, "end": 127, "url": "https://t.co/OGBqvAh6rA", "expanded_url": "https://twitter.com/realamberheard/status/1052207715479691264", "display_url": "twitter.com/realamberheard\u2026"}], "mentions": [{"start": 85, "end": 101, "username": "British_Airways", "id": "18332190"}]}, "created_at": "2018-10-17T20:11:42.000Z", "public_metrics": {"retweet_count": 22, "reply_count": 13, "like_count": 247, "quote_count": 0}, "text": "Okay, here we go, day 2 of mix and match (with the help of a free t shirt) thanks to @British_Airways ! https://t.co/OGBqvAh6rA", "lang": "en", "author": {"description": "Actor and Activist, semi-professional disruptor, ice cream advocate and shameless teacup yorkie-lover", "profile_image_url": "https://pbs.twimg.com/profile_images/1383196364792680448/N8CdupEu_normal.jpg", "name": "Amber Heard", "id": "807003567605227520", "created_at": "2016-12-08T23:26:58.000Z", "url": "https://t.co/Ze18Ek9SOI", "public_metrics": {"followers_count": 190463, "following_count": 220, "tweet_count": 1151, "listed_count": 567}, "location": "Los Angeles, CA", "username": "realamberheard"}}, "author": {"description": "Only two things are infinite, the universe and human stupidity, and I'm not sure about the former. - Albert Einstein and Me!", "profile_image_url": "https://pbs.twimg.com/profile_images/1378175478478082050/UKLiQPuk_normal.jpg", "name": "STIRGUS SACCHETTI", "id": "4396120342", "created_at": "2015-12-06T17:21:06.000Z", "url": "", "public_metrics": {"followers_count": 678, "following_count": 296, "tweet_count": 58624, "listed_count": 26}, "username": "stirgussa"}}, {"in_reply_to_user_id": "807003567605227520", "source": "Twitter for Android", "referenced_tweets": [{"type": "replied_to", "id": "1052653400020709376"}], "author_id": "785148392498421760", "id": "1052654472416116737", "created_at": "2018-10-17T20:15:58.000Z", "public_metrics": {"retweet_count": 0, "reply_count": 0, "like_count": 0, "quote_count": 0}, "entities": {"mentions": [{"start": 0, "end": 15, "username": "realamberheard", "id": "807003567605227520"}, {"start": 16, "end": 32, "username": "British_Airways", "id": "18332190"}]}, "text": "@realamberheard @British_Airways \ud83d\ude05\ud83d\ude05\ud83d\ude05", "lang": "und", "replied_tweet": {"source": "Twitter for iPhone", "referenced_tweets": [{"type": "quoted", "id": "1052207715479691264"}], "author_id": "807003567605227520", "id": "1052653400020709376", "entities": {"urls": [{"start": 104, "end": 127, "url": "https://t.co/OGBqvAh6rA", "expanded_url": "https://twitter.com/realamberheard/status/1052207715479691264", "display_url": "twitter.com/realamberheard\u2026"}], "mentions": [{"start": 85, "end": 101, "username": "British_Airways", "id": "18332190"}]}, "created_at": "2018-10-17T20:11:42.000Z", "public_metrics": {"retweet_count": 22, "reply_count": 13, "like_count": 247, "quote_count": 0}, "text": "Okay, here we go, day 2 of mix and match (with the help of a free t shirt) thanks to @British_Airways ! https://t.co/OGBqvAh6rA", "lang": "en", "author": {"description": "Actor and Activist, semi-professional disruptor, ice cream advocate and shameless teacup yorkie-lover", "profile_image_url": "https://pbs.twimg.com/profile_images/1383196364792680448/N8CdupEu_normal.jpg", "name": "Amber Heard", "id": "807003567605227520", "created_at": "2016-12-08T23:26:58.000Z", "url": "https://t.co/Ze18Ek9SOI", "public_metrics": {"followers_count": 190463, "following_count": 220, "tweet_count": 1151, "listed_count": 567}, "location": "Los Angeles, CA", "username": "realamberheard"}}, "author": {"description": "Actress/Producer & UNHCR Special Envoy #AngelinaJolie | Actress, Activist & Human Rights Champion @realamberheard | @JeniferOfficiel \n\n#IStandWithYouAmberHeard", "profile_image_url": "https://pbs.twimg.com/profile_images/1138826096386936837/71Iwj2dh_normal.jpg", "name": "Cora Melodie", "id": "785148392498421760", "created_at": "2016-10-09T16:02:18.000Z", "url": "", "public_metrics": {"followers_count": 738, "following_count": 720, "tweet_count": 49396, "listed_count": 28}, "location": "Bordeaux, France", "username": "CoraMelodie"}}, {"in_reply_to_user_id": "807003567605227520", "source": "Twitter Web Client", "entities": {"annotations": [{"start": 59, "end": 73, "probability": 0.9313, "type": "Person", "normalized_text": "Carmen Sandiego"}, {"start": 116, "end": 120, "probability": 0.8654, "type": "Person", "normalized_text": "Amber"}], "mentions": [{"start": 0, "end": 15, "username": "realamberheard", "id": "807003567605227520"}, {"start": 16, "end": 32, "username": "British_Airways", "id": "18332190"}]}, "referenced_tweets": [{"type": "replied_to", "id": "1052653400020709376"}], "author_id": "874984340", "id": "1052654118408519680", "created_at": "2018-10-17T20:14:33.000Z", "public_metrics": {"retweet_count": 0, "reply_count": 0, "like_count": 2, "quote_count": 0}, "text": "@realamberheard @British_Airways A less stylish version of Carmen Sandiego, I see. ;)\n\n*hums* Where in the world is Amber's missing luggage?", "lang": "en", "replied_tweet": {"source": "Twitter for iPhone", "referenced_tweets": [{"type": "quoted", "id": "1052207715479691264"}], "author_id": "807003567605227520", "id": "1052653400020709376", "entities": {"urls": [{"start": 104, "end": 127, "url": "https://t.co/OGBqvAh6rA", "expanded_url": "https://twitter.com/realamberheard/status/1052207715479691264", "display_url": "twitter.com/realamberheard\u2026"}], "mentions": [{"start": 85, "end": 101, "username": "British_Airways", "id": "18332190"}]}, "created_at": "2018-10-17T20:11:42.000Z", "public_metrics": {"retweet_count": 22, "reply_count": 13, "like_count": 247, "quote_count": 0}, "text": "Okay, here we go, day 2 of mix and match (with the help of a free t shirt) thanks to @British_Airways ! https://t.co/OGBqvAh6rA", "lang": "en", "author": {"description": "Actor and Activist, semi-professional disruptor, ice cream advocate and shameless teacup yorkie-lover", "profile_image_url": "https://pbs.twimg.com/profile_images/1383196364792680448/N8CdupEu_normal.jpg", "name": "Amber Heard", "id": "807003567605227520", "created_at": "2016-12-08T23:26:58.000Z", "url": "https://t.co/Ze18Ek9SOI", "public_metrics": {"followers_count": 190463, "following_count": 220, "tweet_count": 1151, "listed_count": 567}, "location": "Los Angeles, CA", "username": "realamberheard"}}, "author": {"description": "Here to fangirl about fangirl things. I also retweet a lot of animal stuff and posts to raise social awareness. Beware my page. Pronouns: she/her", "profile_image_url": "https://pbs.twimg.com/profile_images/1451763808968523777/qJNzYCWU_normal.jpg", "name": "Lexi", "id": "874984340", "created_at": "2012-10-12T05:22:26.000Z", "url": "", "public_metrics": {"followers_count": 338, "following_count": 315, "tweet_count": 26825, "listed_count": 15}, "username": "animalhugger91"}}, {"in_reply_to_user_id": "807003567605227520", "source": "Twitter for iPhone", "referenced_tweets": [{"type": "replied_to", "id": "1052653400020709376"}], "author_id": "510635275", "id": "1052653898819719168", "created_at": "2018-10-17T20:13:41.000Z", "public_metrics": {"retweet_count": 0, "reply_count": 0, "like_count": 0, "quote_count": 0}, "entities": {"mentions": [{"start": 0, "end": 15, "username": "realamberheard", "id": "807003567605227520"}, {"start": 16, "end": 32, "username": "British_Airways", "id": "18332190"}]}, "text": "@realamberheard @British_Airways Are you okay? Are you drinking enough water? Are you sleeping well? Take care honey, love ya", "lang": "en", "replied_tweet": {"source": "Twitter for iPhone", "referenced_tweets": [{"type": "quoted", "id": "1052207715479691264"}], "author_id": "807003567605227520", "id": "1052653400020709376", "entities": {"urls": [{"start": 104, "end": 127, "url": "https://t.co/OGBqvAh6rA", "expanded_url": "https://twitter.com/realamberheard/status/1052207715479691264", "display_url": "twitter.com/realamberheard\u2026"}], "mentions": [{"start": 85, "end": 101, "username": "British_Airways", "id": "18332190"}]}, "created_at": "2018-10-17T20:11:42.000Z", "public_metrics": {"retweet_count": 22, "reply_count": 13, "like_count": 247, "quote_count": 0}, "text": "Okay, here we go, day 2 of mix and match (with the help of a free t shirt) thanks to @British_Airways ! https://t.co/OGBqvAh6rA", "lang": "en", "author": {"description": "Actor and Activist, semi-professional disruptor, ice cream advocate and shameless teacup yorkie-lover", "profile_image_url": "https://pbs.twimg.com/profile_images/1383196364792680448/N8CdupEu_normal.jpg", "name": "Amber Heard", "id": "807003567605227520", "created_at": "2016-12-08T23:26:58.000Z", "url": "https://t.co/Ze18Ek9SOI", "public_metrics": {"followers_count": 190463, "following_count": 220, "tweet_count": 1151, "listed_count": 567}, "location": "Los Angeles, CA", "username": "realamberheard"}}, "author": {"description": "(she/her) aaron warner supremacist | sophiet shelleyhennig stephaniecorneliussen amberheard kayascods hero_ft annatodd and not you", "profile_image_url": "https://pbs.twimg.com/profile_images/1471267521311514631/DKzf_wnd_normal.jpg", "name": "biah", "id": "510635275", "created_at": "2012-03-01T18:20:56.000Z", "url": "https://t.co/bxksupKdPu", "public_metrics": {"followers_count": 2535, "following_count": 472, "tweet_count": 117944, "listed_count": 31}, "location": "terrasen | velaris ", "username": "aelingalathniuz"}}, {"in_reply_to_user_id": "807003567605227520", "source": "Twitter for iPhone", "referenced_tweets": [{"type": "replied_to", "id": "1052653400020709376"}], "author_id": "49303675", "id": "1052653802585755648", "entities": {"urls": [{"start": 97, "end": 120, "url": "https://t.co/0qMRYnQlyz", "expanded_url": "https://twitter.com/maybonnevier/status/1052653802585755648/photo/1", "display_url": "pic.twitter.com/0qMRYnQlyz"}], "mentions": [{"start": 0, "end": 15, "username": "realamberheard", "id": "807003567605227520"}, {"start": 16, "end": 32, "username": "British_Airways", "id": "18332190"}, {"start": 80, "end": 96, "username": "British_Airways", "id": "18332190"}]}, "created_at": "2018-10-17T20:13:18.000Z", "public_metrics": {"retweet_count": 0, "reply_count": 0, "like_count": 1, "quote_count": 0}, "text": "@realamberheard @British_Airways You havent gotten your bag back YET? naaahuuuu @British_Airways https://t.co/0qMRYnQlyz", "lang": "en", "replied_tweet": {"source": "Twitter for iPhone", "referenced_tweets": [{"type": "quoted", "id": "1052207715479691264"}], "author_id": "807003567605227520", "id": "1052653400020709376", "entities": {"urls": [{"start": 104, "end": 127, "url": "https://t.co/OGBqvAh6rA", "expanded_url": "https://twitter.com/realamberheard/status/1052207715479691264", "display_url": "twitter.com/realamberheard\u2026"}], "mentions": [{"start": 85, "end": 101, "username": "British_Airways", "id": "18332190"}]}, "created_at": "2018-10-17T20:11:42.000Z", "public_metrics": {"retweet_count": 22, "reply_count": 13, "like_count": 247, "quote_count": 0}, "text": "Okay, here we go, day 2 of mix and match (with the help of a free t shirt) thanks to @British_Airways ! https://t.co/OGBqvAh6rA", "lang": "en", "author": {"description": "Actor and Activist, semi-professional disruptor, ice cream advocate and shameless teacup yorkie-lover", "profile_image_url": "https://pbs.twimg.com/profile_images/1383196364792680448/N8CdupEu_normal.jpg", "name": "Amber Heard", "id": "807003567605227520", "created_at": "2016-12-08T23:26:58.000Z", "url": "https://t.co/Ze18Ek9SOI", "public_metrics": {"followers_count": 190463, "following_count": 220, "tweet_count": 1151, "listed_count": 567}, "location": "Los Angeles, CA", "username": "realamberheard"}}, "author": {"description": "\u201cout. for. a. walk. bitch \ud83e\udd19\ud83c\udffb\u201d -Spike, Buffy s5e5. Catmom x 2 and fangirl x a lot", "profile_image_url": "https://pbs.twimg.com/profile_images/1495740552364670980/JFFPLq6P_normal.jpg", "name": "May\ud83d\udc0a\ud83d\udc9e", "id": "49303675", "created_at": "2009-06-21T12:28:44.000Z", "url": "", "public_metrics": {"followers_count": 445, "following_count": 146, "tweet_count": 44808, "listed_count": 18}, "location": "Sweden", "username": "maybonnevier"}}]