[{"entities": {"mentions": [{"start": 0, "end": 15, "username": "realamberheard", "id": "807003567605227520"}, {"start": 16, "end": 29, "username": "PadmaLakshmi", "id": "57371662"}]}, "public_metrics": {"retweet_count": 0, "reply_count": 0, "like_count": 0, "quote_count": 0}, "author_id": "785148392498421760", "lang": "und", "source": "Twitter for Android", "created_at": "2018-10-19T01:23:10.000Z", "referenced_tweets": [{"type": "replied_to", "id": "1052726854908596227"}], "id": "1053094170787803136", "in_reply_to_user_id": "807003567605227520", "text": "@realamberheard @PadmaLakshmi \ud83e\udd23\ud83e\udd23", "replied_tweet": {"entities": {"mentions": [{"start": 4, "end": 17, "username": "PadmaLakshmi", "id": "57371662"}], "urls": [{"start": 66, "end": 89, "url": "https://t.co/2M4Dsj3RqS", "expanded_url": "https://twitter.com/PadmaLakshmi/status/1052724553259118592", "display_url": "twitter.com/PadmaLakshmi/s\u2026"}]}, "public_metrics": {"retweet_count": 14, "reply_count": 13, "like_count": 159, "quote_count": 0}, "author_id": "807003567605227520", "lang": "en", "source": "Twitter for iPad", "created_at": "2018-10-18T01:03:35.000Z", "referenced_tweets": [{"type": "quoted", "id": "1052724553259118592"}], "id": "1052726854908596227", "text": "How @PadmaLakshmi  got actual footage, I will never know.... #007 https://t.co/2M4Dsj3RqS", "author": {"name": "Amber Heard", "profile_image_url": "https://pbs.twimg.com/profile_images/1383196364792680448/N8CdupEu_normal.jpg", "created_at": "2016-12-08T23:26:58.000Z", "description": "Actor and Activist, semi-professional disruptor, ice cream advocate and shameless teacup yorkie-lover", "public_metrics": {"followers_count": 190463, "following_count": 220, "tweet_count": 1151, "listed_count": 567}, "location": "Los Angeles, CA", "id": "807003567605227520", "username": "realamberheard", "url": "https://t.co/Ze18Ek9SOI"}}, "author": {"name": "Cora Melodie", "profile_image_url": "https://pbs.twimg.com/profile_images/1138826096386936837/71Iwj2dh_normal.jpg", "created_at": "2016-10-09T16:02:18.000Z", "description": "Actress/Producer & UNHCR Special Envoy #AngelinaJolie | Actress, Activist & Human Rights Champion @realamberheard | @JeniferOfficiel \n\n#IStandWithYouAmberHeard", "public_metrics": {"followers_count": 738, "following_count": 720, "tweet_count": 49396, "listed_count": 28}, "location": "Bordeaux, France", "id": "785148392498421760", "username": "CoraMelodie", "url": ""}}, {"entities": {"mentions": [{"start": 0, "end": 15, "username": "realamberheard", "id": "807003567605227520"}, {"start": 16, "end": 29, "username": "PadmaLakshmi", "id": "57371662"}]}, "public_metrics": {"retweet_count": 0, "reply_count": 0, "like_count": 0, "quote_count": 0}, "author_id": "1957274666", "lang": "en", "source": "Twitter for iPhone", "created_at": "2018-10-18T15:02:10.000Z", "referenced_tweets": [{"type": "replied_to", "id": "1052726854908596227"}], "id": "1052937888931954688", "in_reply_to_user_id": "807003567605227520", "text": "@realamberheard @PadmaLakshmi Funny Padma! Thanks!", "replied_tweet": {"entities": {"mentions": [{"start": 4, "end": 17, "username": "PadmaLakshmi", "id": "57371662"}], "urls": [{"start": 66, "end": 89, "url": "https://t.co/2M4Dsj3RqS", "expanded_url": "https://twitter.com/PadmaLakshmi/status/1052724553259118592", "display_url": "twitter.com/PadmaLakshmi/s\u2026"}]}, "public_metrics": {"retweet_count": 14, "reply_count": 13, "like_count": 159, "quote_count": 0}, "author_id": "807003567605227520", "lang": "en", "source": "Twitter for iPad", "created_at": "2018-10-18T01:03:35.000Z", "referenced_tweets": [{"type": "quoted", "id": "1052724553259118592"}], "id": "1052726854908596227", "text": "How @PadmaLakshmi  got actual footage, I will never know.... #007 https://t.co/2M4Dsj3RqS", "author": {"name": "Amber Heard", "profile_image_url": "https://pbs.twimg.com/profile_images/1383196364792680448/N8CdupEu_normal.jpg", "created_at": "2016-12-08T23:26:58.000Z", "description": "Actor and Activist, semi-professional disruptor, ice cream advocate and shameless teacup yorkie-lover", "public_metrics": {"followers_count": 190463, "following_count": 220, "tweet_count": 1151, "listed_count": 567}, "location": "Los Angeles, CA", "id": "807003567605227520", "username": "realamberheard", "url": "https://t.co/Ze18Ek9SOI"}}, "author": {"name": "Kent", "profile_image_url": "https://pbs.twimg.com/profile_images/1468348733175832580/yNruhanS_normal.jpg", "created_at": "2013-10-12T18:46:05.000Z", "description": "Retiring academic Librarian, (retiring to bedlam). Looking for gig(s). When you\u2019ve hit a creative wall. Motivator, perspective  enhancer, & lit review capable.", "public_metrics": {"followers_count": 72, "following_count": 556, "tweet_count": 10130, "listed_count": 2}, "location": "Chicago, IL", "id": "1957274666", "username": "CarrKent", "url": ""}}, {"entities": {"mentions": [{"start": 0, "end": 15, "username": "realamberheard", "id": "807003567605227520"}, {"start": 16, "end": 29, "username": "PadmaLakshmi", "id": "57371662"}]}, "public_metrics": {"retweet_count": 0, "reply_count": 0, "like_count": 0, "quote_count": 0}, "author_id": "79199888", "lang": "und", "source": "Twitter for Android", "created_at": "2018-10-18T05:33:37.000Z", "referenced_tweets": [{"type": "replied_to", "id": "1052726854908596227"}], "id": "1052794810464133120", "in_reply_to_user_id": "807003567605227520", "text": "@realamberheard @PadmaLakshmi \ud83d\ude02\ud83d\ude02", "replied_tweet": {"entities": {"mentions": [{"start": 4, "end": 17, "username": "PadmaLakshmi", "id": "57371662"}], "urls": [{"start": 66, "end": 89, "url": "https://t.co/2M4Dsj3RqS", "expanded_url": "https://twitter.com/PadmaLakshmi/status/1052724553259118592", "display_url": "twitter.com/PadmaLakshmi/s\u2026"}]}, "public_metrics": {"retweet_count": 14, "reply_count": 13, "like_count": 159, "quote_count": 0}, "author_id": "807003567605227520", "lang": "en", "source": "Twitter for iPad", "created_at": "2018-10-18T01:03:35.000Z", "referenced_tweets": [{"type": "quoted", "id": "1052724553259118592"}], "id": "1052726854908596227", "text": "How @PadmaLakshmi  got actual footage, I will never know.... #007 https://t.co/2M4Dsj3RqS", "author": {"name": "Amber Heard", "profile_image_url": "https://pbs.twimg.com/profile_images/1383196364792680448/N8CdupEu_normal.jpg", "created_at": "2016-12-08T23:26:58.000Z", "description": "Actor and Activist, semi-professional disruptor, ice cream advocate and shameless teacup yorkie-lover", "public_metrics": {"followers_count": 190463, "following_count": 220, "tweet_count": 1151, "listed_count": 567}, "location": "Los Angeles, CA", "id": "807003567605227520", "username": "realamberheard", "url": "https://t.co/Ze18Ek9SOI"}}, "author": {"name": "Amber Heard Italia Fans", "profile_image_url": "https://pbs.twimg.com/profile_images/1412490122365374481/EAftEZpa_normal.jpg", "created_at": "2009-10-02T14:50:54.000Z", "description": "First  Italian FANPAGE dedicated to @realamberheard. Follow us for the latest updates, pictures and news! On Amber Heard Italia, u HEARD it first \ud83c\uddee\ud83c\uddf9", "public_metrics": {"followers_count": 7234, "following_count": 344, "tweet_count": 39219, "listed_count": 34}, "location": "Since 2009", "id": "79199888", "username": "AmberHeardIT", "url": "https://t.co/w3BraCgc4s"}}, {"entities": {"mentions": [{"start": 0, "end": 15, "username": "realamberheard", "id": "807003567605227520"}, {"start": 16, "end": 29, "username": "PadmaLakshmi", "id": "57371662"}], "urls": [{"start": 89, "end": 112, "url": "https://t.co/G3FJN4cPva", "expanded_url": "https://twitter.com/tridog57/status/1052745196197306368/photo/1", "display_url": "pic.twitter.com/G3FJN4cPva"}]}, "public_metrics": {"retweet_count": 0, "reply_count": 0, "like_count": 0, "quote_count": 0}, "author_id": "2466595837", "lang": "en", "source": "Twitter for iPad", "created_at": "2018-10-18T02:16:28.000Z", "referenced_tweets": [{"type": "replied_to", "id": "1052726854908596227"}], "id": "1052745196197306368", "in_reply_to_user_id": "807003567605227520", "text": "@realamberheard @PadmaLakshmi It\u2019s a great likeness.  Although this is a better match. \ud83d\ude0f https://t.co/G3FJN4cPva", "replied_tweet": {"entities": {"mentions": [{"start": 4, "end": 17, "username": "PadmaLakshmi", "id": "57371662"}], "urls": [{"start": 66, "end": 89, "url": "https://t.co/2M4Dsj3RqS", "expanded_url": "https://twitter.com/PadmaLakshmi/status/1052724553259118592", "display_url": "twitter.com/PadmaLakshmi/s\u2026"}]}, "public_metrics": {"retweet_count": 14, "reply_count": 13, "like_count": 159, "quote_count": 0}, "author_id": "807003567605227520", "lang": "en", "source": "Twitter for iPad", "created_at": "2018-10-18T01:03:35.000Z", "referenced_tweets": [{"type": "quoted", "id": "1052724553259118592"}], "id": "1052726854908596227", "text": "How @PadmaLakshmi  got actual footage, I will never know.... #007 https://t.co/2M4Dsj3RqS", "author": {"name": "Amber Heard", "profile_image_url": "https://pbs.twimg.com/profile_images/1383196364792680448/N8CdupEu_normal.jpg", "created_at": "2016-12-08T23:26:58.000Z", "description": "Actor and Activist, semi-professional disruptor, ice cream advocate and shameless teacup yorkie-lover", "public_metrics": {"followers_count": 190463, "following_count": 220, "tweet_count": 1151, "listed_count": 567}, "location": "Los Angeles, CA", "id": "807003567605227520", "username": "realamberheard", "url": "https://t.co/Ze18Ek9SOI"}}, "author": {"name": "Hazen B.Markoe", "profile_image_url": "https://pbs.twimg.com/profile_images/1352313361552310275/h9vrIn04_normal.jpg", "created_at": "2014-04-27T19:55:53.000Z", "description": "Actor, director, sometime photographer, unrepentant punster, and all around nice guy.  ;-)", "public_metrics": {"followers_count": 868, "following_count": 1620, "tweet_count": 129506, "listed_count": 13}, "location": "Minneapolis,  MN", "id": "2466595837", "username": "tridog57", "url": ""}}, {"entities": {"mentions": [{"start": 0, "end": 15, "username": "realamberheard", "id": "807003567605227520"}, {"start": 16, "end": 29, "username": "PadmaLakshmi", "id": "57371662"}], "annotations": [{"start": 44, "end": 46, "probability": 0.959, "type": "Person", "normalized_text": "Ted"}, {"start": 79, "end": 82, "probability": 0.9754, "type": "Person", "normalized_text": "Beto"}, {"start": 258, "end": 270, "probability": 0.7115, "type": "Person", "normalized_text": "Austin Powers"}], "hashtags": [{"start": 230, "end": 244, "tag": "JillMasterson"}]}, "public_metrics": {"retweet_count": 0, "reply_count": 0, "like_count": 0, "quote_count": 0}, "author_id": "41126083", "lang": "en", "source": "Twitter for Android", "created_at": "2018-10-18T02:04:31.000Z", "referenced_tweets": [{"type": "replied_to", "id": "1052726854908596227"}], "id": "1052742189283860481", "in_reply_to_user_id": "807003567605227520", "text": "@realamberheard @PadmaLakshmi Haha, sums up Ted Lose quite nicely! Pulling for Beto alright &amp; I believe he's gonna get the win. That &amp; while on the subject, #007 ain't shit until he somehow finds a way to bring the dreamy #JillMasterson back to life. Unless Austin Powers knows how to make that happen instead!", "replied_tweet": {"entities": {"mentions": [{"start": 4, "end": 17, "username": "PadmaLakshmi", "id": "57371662"}], "urls": [{"start": 66, "end": 89, "url": "https://t.co/2M4Dsj3RqS", "expanded_url": "https://twitter.com/PadmaLakshmi/status/1052724553259118592", "display_url": "twitter.com/PadmaLakshmi/s\u2026"}]}, "public_metrics": {"retweet_count": 14, "reply_count": 13, "like_count": 159, "quote_count": 0}, "author_id": "807003567605227520", "lang": "en", "source": "Twitter for iPad", "created_at": "2018-10-18T01:03:35.000Z", "referenced_tweets": [{"type": "quoted", "id": "1052724553259118592"}], "id": "1052726854908596227", "text": "How @PadmaLakshmi  got actual footage, I will never know.... #007 https://t.co/2M4Dsj3RqS", "author": {"name": "Amber Heard", "profile_image_url": "https://pbs.twimg.com/profile_images/1383196364792680448/N8CdupEu_normal.jpg", "created_at": "2016-12-08T23:26:58.000Z", "description": "Actor and Activist, semi-professional disruptor, ice cream advocate and shameless teacup yorkie-lover", "public_metrics": {"followers_count": 190463, "following_count": 220, "tweet_count": 1151, "listed_count": 567}, "location": "Los Angeles, CA", "id": "807003567605227520", "username": "realamberheard", "url": "https://t.co/Ze18Ek9SOI"}}, "author": {"name": "Nick Astrinakis", "profile_image_url": "https://pbs.twimg.com/profile_images/839631118630449152/z_VmzGQ7_normal.jpg", "created_at": "2009-05-19T14:31:17.000Z", "description": "Writing my heart out to show what's in my heart. In it for the glory.", "public_metrics": {"followers_count": 203, "following_count": 1884, "tweet_count": 10247, "listed_count": 12}, "location": "Places Underrated ", "id": "41126083", "username": "SalvationWriter", "url": "http://t.co/fMJ6asZdOo"}}, {"entities": {"mentions": [{"start": 0, "end": 15, "username": "realamberheard", "id": "807003567605227520"}, {"start": 16, "end": 29, "username": "PadmaLakshmi", "id": "57371662"}], "annotations": [{"start": 30, "end": 42, "probability": 0.4171, "type": "Person", "normalized_text": "Austin Powers"}]}, "public_metrics": {"retweet_count": 0, "reply_count": 0, "like_count": 0, "quote_count": 0}, "author_id": "802784532290306048", "lang": "en", "source": "Twitter for Android", "created_at": "2018-10-18T01:28:57.000Z", "referenced_tweets": [{"type": "replied_to", "id": "1052726854908596227"}], "id": "1052733240287596545", "in_reply_to_user_id": "807003567605227520", "text": "@realamberheard @PadmaLakshmi Austin Powers, not #007 .", "replied_tweet": {"entities": {"mentions": [{"start": 4, "end": 17, "username": "PadmaLakshmi", "id": "57371662"}], "urls": [{"start": 66, "end": 89, "url": "https://t.co/2M4Dsj3RqS", "expanded_url": "https://twitter.com/PadmaLakshmi/status/1052724553259118592", "display_url": "twitter.com/PadmaLakshmi/s\u2026"}]}, "public_metrics": {"retweet_count": 14, "reply_count": 13, "like_count": 159, "quote_count": 0}, "author_id": "807003567605227520", "lang": "en", "source": "Twitter for iPad", "created_at": "2018-10-18T01:03:35.000Z", "referenced_tweets": [{"type": "quoted", "id": "1052724553259118592"}], "id": "1052726854908596227", "text": "How @PadmaLakshmi  got actual footage, I will never know.... #007 https://t.co/2M4Dsj3RqS", "author": {"name": "Amber Heard", "profile_image_url": "https://pbs.twimg.com/profile_images/1383196364792680448/N8CdupEu_normal.jpg", "created_at": "2016-12-08T23:26:58.000Z", "description": "Actor and Activist, semi-professional disruptor, ice cream advocate and shameless teacup yorkie-lover", "public_metrics": {"followers_count": 190463, "following_count": 220, "tweet_count": 1151, "listed_count": 567}, "location": "Los Angeles, CA", "id": "807003567605227520", "username": "realamberheard", "url": "https://t.co/Ze18Ek9SOI"}}, "author": {"name": "Sean Mukherjee", "profile_image_url": "https://pbs.twimg.com/profile_images/1494059113227210761/4IV4S5Kt_normal.jpg", "created_at": "2016-11-27T08:02:02.000Z", "description": "Sean Mukherjee - \nhttps://t.co/57y9HWCcxU \ud83c\uddec\ud83c\udde7) British Producer/Director with creative passion,  Entrepreneur, infinite possibilities. Go fowards.", "public_metrics": {"followers_count": 158, "following_count": 944, "tweet_count": 13715, "listed_count": 0}, "location": "Oxford, England, UK.", "id": "802784532290306048", "username": "SeanMukherjeeUK", "url": "https://t.co/6cE9kdJYlS"}}, {"entities": {"mentions": [{"start": 0, "end": 15, "username": "realamberheard", "id": "807003567605227520"}, {"start": 16, "end": 29, "username": "PadmaLakshmi", "id": "57371662"}], "annotations": [{"start": 33, "end": 42, "probability": 0.9977, "type": "Person", "normalized_text": "Mike Myers"}, {"start": 57, "end": 64, "probability": 0.9891, "type": "Person", "normalized_text": "Ted Cruz"}, {"start": 92, "end": 95, "probability": 0.4418, "type": "Person", "normalized_text": "Emmy"}, {"start": 104, "end": 106, "probability": 0.4341, "type": "Other", "normalized_text": "SNL"}]}, "public_metrics": {"retweet_count": 0, "reply_count": 0, "like_count": 0, "quote_count": 0}, "author_id": "1014286717", "lang": "en", "source": "Twitter for iPhone", "created_at": "2018-10-18T01:18:49.000Z", "referenced_tweets": [{"type": "replied_to", "id": "1052726854908596227"}], "id": "1052730686757588992", "in_reply_to_user_id": "807003567605227520", "text": "@realamberheard @PadmaLakshmi If Mike Myers doesn\u2019t play Ted Cruz in a movie or at least an Emmy-worthy SNL sketch, we as a civilization have failed.", "replied_tweet": {"entities": {"mentions": [{"start": 4, "end": 17, "username": "PadmaLakshmi", "id": "57371662"}], "urls": [{"start": 66, "end": 89, "url": "https://t.co/2M4Dsj3RqS", "expanded_url": "https://twitter.com/PadmaLakshmi/status/1052724553259118592", "display_url": "twitter.com/PadmaLakshmi/s\u2026"}]}, "public_metrics": {"retweet_count": 14, "reply_count": 13, "like_count": 159, "quote_count": 0}, "author_id": "807003567605227520", "lang": "en", "source": "Twitter for iPad", "created_at": "2018-10-18T01:03:35.000Z", "referenced_tweets": [{"type": "quoted", "id": "1052724553259118592"}], "id": "1052726854908596227", "text": "How @PadmaLakshmi  got actual footage, I will never know.... #007 https://t.co/2M4Dsj3RqS", "author": {"name": "Amber Heard", "profile_image_url": "https://pbs.twimg.com/profile_images/1383196364792680448/N8CdupEu_normal.jpg", "created_at": "2016-12-08T23:26:58.000Z", "description": "Actor and Activist, semi-professional disruptor, ice cream advocate and shameless teacup yorkie-lover", "public_metrics": {"followers_count": 190463, "following_count": 220, "tweet_count": 1151, "listed_count": 567}, "location": "Los Angeles, CA", "id": "807003567605227520", "username": "realamberheard", "url": "https://t.co/Ze18Ek9SOI"}}, "author": {"name": "Josh Gilbert, Occasional Artist", "profile_image_url": "https://pbs.twimg.com/profile_images/1480762099970322434/E3xbFsO5_normal.jpg", "created_at": "2012-12-16T01:47:19.000Z", "description": "Spends way more time tweeting about movies than making art, and maybe one day he'll fix that. Frustrated owner of Hero the Happy Tabby.", "public_metrics": {"followers_count": 663, "following_count": 416, "tweet_count": 65463, "listed_count": 82}, "location": "The River of Dreams", "id": "1014286717", "username": "ShokXoneStudios", "url": "https://t.co/n8CvpOslJQ"}}, {"entities": {"mentions": [{"start": 0, "end": 15, "username": "realamberheard", "id": "807003567605227520"}, {"start": 16, "end": 29, "username": "PadmaLakshmi", "id": "57371662"}]}, "public_metrics": {"retweet_count": 0, "reply_count": 0, "like_count": 0, "quote_count": 0}, "author_id": "4706768387", "lang": "en", "source": "Twitter for iPhone", "created_at": "2018-10-18T01:13:12.000Z", "referenced_tweets": [{"type": "replied_to", "id": "1052726854908596227"}], "id": "1052729275445665792", "in_reply_to_user_id": "807003567605227520", "text": "@realamberheard @PadmaLakshmi Big surge in people registering to vote!", "replied_tweet": {"entities": {"mentions": [{"start": 4, "end": 17, "username": "PadmaLakshmi", "id": "57371662"}], "urls": [{"start": 66, "end": 89, "url": "https://t.co/2M4Dsj3RqS", "expanded_url": "https://twitter.com/PadmaLakshmi/status/1052724553259118592", "display_url": "twitter.com/PadmaLakshmi/s\u2026"}]}, "public_metrics": {"retweet_count": 14, "reply_count": 13, "like_count": 159, "quote_count": 0}, "author_id": "807003567605227520", "lang": "en", "source": "Twitter for iPad", "created_at": "2018-10-18T01:03:35.000Z", "referenced_tweets": [{"type": "quoted", "id": "1052724553259118592"}], "id": "1052726854908596227", "text": "How @PadmaLakshmi  got actual footage, I will never know.... #007 https://t.co/2M4Dsj3RqS", "author": {"name": "Amber Heard", "profile_image_url": "https://pbs.twimg.com/profile_images/1383196364792680448/N8CdupEu_normal.jpg", "created_at": "2016-12-08T23:26:58.000Z", "description": "Actor and Activist, semi-professional disruptor, ice cream advocate and shameless teacup yorkie-lover", "public_metrics": {"followers_count": 190463, "following_count": 220, "tweet_count": 1151, "listed_count": 567}, "location": "Los Angeles, CA", "id": "807003567605227520", "username": "realamberheard", "url": "https://t.co/Ze18Ek9SOI"}}, "author": {"name": "Stock Hunter", "profile_image_url": "https://pbs.twimg.com/profile_images/1239001987179360257/G9gvILcX_normal.jpg", "created_at": "2016-01-04T17:20:45.000Z", "description": "love the stock market and investing. anti trump not just because he's republican but because of his character and what that says about certain segment of US", "public_metrics": {"followers_count": 476, "following_count": 3878, "tweet_count": 36469, "listed_count": 0}, "id": "4706768387", "username": "stockhunter8", "url": ""}}, {"entities": {"mentions": [{"start": 0, "end": 15, "username": "realamberheard", "id": "807003567605227520"}, {"start": 16, "end": 29, "username": "PadmaLakshmi", "id": "57371662"}], "urls": [{"start": 33, "end": 56, "url": "https://t.co/3hBK8Y9mE7", "expanded_url": "https://twitter.com/stirgussa/status/1052728295354236929/photo/1", "display_url": "pic.twitter.com/3hBK8Y9mE7"}]}, "public_metrics": {"retweet_count": 0, "reply_count": 0, "like_count": 0, "quote_count": 0}, "author_id": "4396120342", "lang": "und", "source": "Twitter for Android", "created_at": "2018-10-18T01:09:19.000Z", "referenced_tweets": [{"type": "replied_to", "id": "1052726854908596227"}], "id": "1052728295354236929", "in_reply_to_user_id": "807003567605227520", "text": "@realamberheard @PadmaLakshmi \ud83d\ude02\ud83d\ude02 https://t.co/3hBK8Y9mE7", "replied_tweet": {"entities": {"mentions": [{"start": 4, "end": 17, "username": "PadmaLakshmi", "id": "57371662"}], "urls": [{"start": 66, "end": 89, "url": "https://t.co/2M4Dsj3RqS", "expanded_url": "https://twitter.com/PadmaLakshmi/status/1052724553259118592", "display_url": "twitter.com/PadmaLakshmi/s\u2026"}]}, "public_metrics": {"retweet_count": 14, "reply_count": 13, "like_count": 159, "quote_count": 0}, "author_id": "807003567605227520", "lang": "en", "source": "Twitter for iPad", "created_at": "2018-10-18T01:03:35.000Z", "referenced_tweets": [{"type": "quoted", "id": "1052724553259118592"}], "id": "1052726854908596227", "text": "How @PadmaLakshmi  got actual footage, I will never know.... #007 https://t.co/2M4Dsj3RqS", "author": {"name": "Amber Heard", "profile_image_url": "https://pbs.twimg.com/profile_images/1383196364792680448/N8CdupEu_normal.jpg", "created_at": "2016-12-08T23:26:58.000Z", "description": "Actor and Activist, semi-professional disruptor, ice cream advocate and shameless teacup yorkie-lover", "public_metrics": {"followers_count": 190463, "following_count": 220, "tweet_count": 1151, "listed_count": 567}, "location": "Los Angeles, CA", "id": "807003567605227520", "username": "realamberheard", "url": "https://t.co/Ze18Ek9SOI"}}, "author": {"name": "STIRGUS SACCHETTI", "profile_image_url": "https://pbs.twimg.com/profile_images/1378175478478082050/UKLiQPuk_normal.jpg", "created_at": "2015-12-06T17:21:06.000Z", "description": "Only two things are infinite, the universe and human stupidity, and I'm not sure about the former. - Albert Einstein and Me!", "public_metrics": {"followers_count": 678, "following_count": 296, "tweet_count": 58624, "listed_count": 26}, "id": "4396120342", "username": "stirgussa", "url": ""}}, {"entities": {"mentions": [{"start": 0, "end": 15, "username": "realamberheard", "id": "807003567605227520"}, {"start": 16, "end": 29, "username": "PadmaLakshmi", "id": "57371662"}]}, "public_metrics": {"retweet_count": 0, "reply_count": 0, "like_count": 0, "quote_count": 0}, "author_id": "1001668123454595072", "lang": "en", "source": "Twitter for iPhone", "created_at": "2018-10-18T01:06:57.000Z", "referenced_tweets": [{"type": "replied_to", "id": "1052726854908596227"}], "id": "1052727700480294913", "in_reply_to_user_id": "807003567605227520", "text": "@realamberheard @PadmaLakshmi Well is he isn\u2019t an alcoholic that drives around drunk and runs from the police after getting busted. I guess he\u2019s got that going for him.", "replied_tweet": {"entities": {"mentions": [{"start": 4, "end": 17, "username": "PadmaLakshmi", "id": "57371662"}], "urls": [{"start": 66, "end": 89, "url": "https://t.co/2M4Dsj3RqS", "expanded_url": "https://twitter.com/PadmaLakshmi/status/1052724553259118592", "display_url": "twitter.com/PadmaLakshmi/s\u2026"}]}, "public_metrics": {"retweet_count": 14, "reply_count": 13, "like_count": 159, "quote_count": 0}, "author_id": "807003567605227520", "lang": "en", "source": "Twitter for iPad", "created_at": "2018-10-18T01:03:35.000Z", "referenced_tweets": [{"type": "quoted", "id": "1052724553259118592"}], "id": "1052726854908596227", "text": "How @PadmaLakshmi  got actual footage, I will never know.... #007 https://t.co/2M4Dsj3RqS", "author": {"name": "Amber Heard", "profile_image_url": "https://pbs.twimg.com/profile_images/1383196364792680448/N8CdupEu_normal.jpg", "created_at": "2016-12-08T23:26:58.000Z", "description": "Actor and Activist, semi-professional disruptor, ice cream advocate and shameless teacup yorkie-lover", "public_metrics": {"followers_count": 190463, "following_count": 220, "tweet_count": 1151, "listed_count": 567}, "location": "Los Angeles, CA", "id": "807003567605227520", "username": "realamberheard", "url": "https://t.co/Ze18Ek9SOI"}}, "author": {"name": "Sawyer", "profile_image_url": "https://pbs.twimg.com/profile_images/1006747037021491201/OkgE-g84_normal.jpg", "created_at": "2018-05-30T03:34:25.000Z", "description": "", "public_metrics": {"followers_count": 5, "following_count": 134, "tweet_count": 3766, "listed_count": 1}, "id": "1001668123454595072", "username": "Sawyer26428403", "url": ""}}, {"entities": {"mentions": [{"start": 0, "end": 15, "username": "realamberheard", "id": "807003567605227520"}, {"start": 16, "end": 29, "username": "PadmaLakshmi", "id": "57371662"}]}, "public_metrics": {"retweet_count": 0, "reply_count": 0, "like_count": 0, "quote_count": 0}, "author_id": "874984340", "lang": "und", "source": "Twitter for iPhone", "created_at": "2018-10-18T01:04:10.000Z", "referenced_tweets": [{"type": "replied_to", "id": "1052726854908596227"}], "id": "1052727003059752960", "in_reply_to_user_id": "807003567605227520", "text": "@realamberheard @PadmaLakshmi Omg! \ud83d\ude02\ud83d\ude02\ud83d\ude02", "replied_tweet": {"entities": {"mentions": [{"start": 4, "end": 17, "username": "PadmaLakshmi", "id": "57371662"}], "urls": [{"start": 66, "end": 89, "url": "https://t.co/2M4Dsj3RqS", "expanded_url": "https://twitter.com/PadmaLakshmi/status/1052724553259118592", "display_url": "twitter.com/PadmaLakshmi/s\u2026"}]}, "public_metrics": {"retweet_count": 14, "reply_count": 13, "like_count": 159, "quote_count": 0}, "author_id": "807003567605227520", "lang": "en", "source": "Twitter for iPad", "created_at": "2018-10-18T01:03:35.000Z", "referenced_tweets": [{"type": "quoted", "id": "1052724553259118592"}], "id": "1052726854908596227", "text": "How @PadmaLakshmi  got actual footage, I will never know.... #007 https://t.co/2M4Dsj3RqS", "author": {"name": "Amber Heard", "profile_image_url": "https://pbs.twimg.com/profile_images/1383196364792680448/N8CdupEu_normal.jpg", "created_at": "2016-12-08T23:26:58.000Z", "description": "Actor and Activist, semi-professional disruptor, ice cream advocate and shameless teacup yorkie-lover", "public_metrics": {"followers_count": 190463, "following_count": 220, "tweet_count": 1151, "listed_count": 567}, "location": "Los Angeles, CA", "id": "807003567605227520", "username": "realamberheard", "url": "https://t.co/Ze18Ek9SOI"}}, "author": {"name": "Lexi", "profile_image_url": "https://pbs.twimg.com/profile_images/1451763808968523777/qJNzYCWU_normal.jpg", "created_at": "2012-10-12T05:22:26.000Z", "description": "Here to fangirl about fangirl things. I also retweet a lot of animal stuff and posts to raise social awareness. Beware my page. Pronouns: she/her", "public_metrics": {"followers_count": 338, "following_count": 315, "tweet_count": 26825, "listed_count": 15}, "id": "874984340", "username": "animalhugger91", "url": ""}}, {"entities": {"mentions": [{"start": 0, "end": 15, "username": "realamberheard", "id": "807003567605227520"}]}, "public_metrics": {"retweet_count": 0, "reply_count": 0, "like_count": 5, "quote_count": 0}, "author_id": "57371662", "lang": "en", "source": "Twitter for iPhone", "created_at": "2018-10-18T01:04:08.000Z", "referenced_tweets": [{"type": "replied_to", "id": "1052726854908596227"}], "id": "1052726993429639169", "in_reply_to_user_id": "807003567605227520", "text": "@realamberheard \ud83d\ude02\ud83d\ude02 from the vault, my dear", "replied_tweet": {"entities": {"mentions": [{"start": 4, "end": 17, "username": "PadmaLakshmi", "id": "57371662"}], "urls": [{"start": 66, "end": 89, "url": "https://t.co/2M4Dsj3RqS", "expanded_url": "https://twitter.com/PadmaLakshmi/status/1052724553259118592", "display_url": "twitter.com/PadmaLakshmi/s\u2026"}]}, "public_metrics": {"retweet_count": 14, "reply_count": 13, "like_count": 159, "quote_count": 0}, "author_id": "807003567605227520", "lang": "en", "source": "Twitter for iPad", "created_at": "2018-10-18T01:03:35.000Z", "referenced_tweets": [{"type": "quoted", "id": "1052724553259118592"}], "id": "1052726854908596227", "text": "How @PadmaLakshmi  got actual footage, I will never know.... #007 https://t.co/2M4Dsj3RqS", "author": {"name": "Amber Heard", "profile_image_url": "https://pbs.twimg.com/profile_images/1383196364792680448/N8CdupEu_normal.jpg", "created_at": "2016-12-08T23:26:58.000Z", "description": "Actor and Activist, semi-professional disruptor, ice cream advocate and shameless teacup yorkie-lover", "public_metrics": {"followers_count": 190463, "following_count": 220, "tweet_count": 1151, "listed_count": 567}, "location": "Los Angeles, CA", "id": "807003567605227520", "username": "realamberheard", "url": "https://t.co/Ze18Ek9SOI"}}, "author": {"name": "Padma Lakshmi", "profile_image_url": "https://pbs.twimg.com/profile_images/1299824352641286144/iEE5sXEq_normal.jpg", "created_at": "2009-07-16T16:15:08.000Z", "description": "Author, host of @bravotopchef, creator & host of Taste the Nation on @hulu \u2728 Watch our special holiday edition:", "public_metrics": {"followers_count": 796873, "following_count": 2314, "tweet_count": 16432, "listed_count": 6335}, "location": "New York City", "id": "57371662", "username": "PadmaLakshmi", "url": "https://t.co/FWHhoL4bo1"}}]