[{"author_id": "1045529399339053056", "entities": {"mentions": [{"start": 0, "end": 15, "username": "realamberheard", "id": "807003567605227520"}]}, "created_at": "2019-01-14T15:49:50.000Z", "public_metrics": {"retweet_count": 0, "reply_count": 0, "like_count": 0, "quote_count": 0}, "text": "@realamberheard Beautifull i like", "source": "Twitter for Android", "referenced_tweets": [{"type": "replied_to", "id": "1052287808084369414"}], "lang": "en", "in_reply_to_user_id": "807003567605227520", "id": "1084840020165488640", "replied_tweet": {"author_id": "807003567605227520", "entities": {"mentions": [{"start": 6, "end": 22, "username": "realDonaldTrump", "id": "25073877"}], "annotations": [{"start": 82, "end": 90, "probability": 0.9402, "type": "Person", "normalized_text": "Catherine"}], "urls": [{"start": 109, "end": 132, "url": "https://t.co/FaCEGjYDwm", "expanded_url": "https://goo.gl/images/pvQ5Tz", "display_url": "goo.gl/images/pvQ5Tz"}]}, "created_at": "2018-10-16T19:57:53.000Z", "public_metrics": {"retweet_count": 17, "reply_count": 6, "like_count": 129, "quote_count": 0}, "text": "Well, @realDonaldTrump never has claimed to be the first at anything but at least Catherine was truly Great  https://t.co/FaCEGjYDwm", "source": "Twitter for iPhone", "lang": "en", "id": "1052287536398241794", "author": {"username": "realamberheard", "id": "807003567605227520", "profile_image_url": "https://pbs.twimg.com/profile_images/1383196364792680448/N8CdupEu_normal.jpg", "name": "Amber Heard", "created_at": "2016-12-08T23:26:58.000Z", "public_metrics": {"followers_count": 190463, "following_count": 220, "tweet_count": 1151, "listed_count": 567}, "location": "Los Angeles, CA", "description": "Actor and Activist, semi-professional disruptor, ice cream advocate and shameless teacup yorkie-lover", "url": "https://t.co/Ze18Ek9SOI"}}, "author": {"username": "Krishna57960334", "id": "1045529399339053056", "profile_image_url": "https://abs.twimg.com/sticky/default_profile_images/default_profile_normal.png", "name": "Krishna Bhagwan Saha", "created_at": "2018-09-28T04:23:28.000Z", "public_metrics": {"followers_count": 1, "following_count": 56, "tweet_count": 300, "listed_count": 0}, "description": "", "url": ""}}, {"author_id": "356234364", "entities": {"mentions": [{"start": 0, "end": 15, "username": "realamberheard", "id": "807003567605227520"}, {"start": 125, "end": 140, "username": "realamberheard", "id": "807003567605227520"}]}, "created_at": "2018-10-19T23:36:44.000Z", "public_metrics": {"retweet_count": 0, "reply_count": 0, "like_count": 0, "quote_count": 0}, "text": "@realamberheard very humanitarian and eloquent way to express your opinion, no violence or bullying at all at that statement @realamberheard", "source": "Twitter Web Client", "referenced_tweets": [{"type": "replied_to", "id": "1052287808084369414"}], "lang": "en", "in_reply_to_user_id": "807003567605227520", "id": "1053429774113296384", "replied_tweet": {"author_id": "807003567605227520", "entities": {"mentions": [{"start": 6, "end": 22, "username": "realDonaldTrump", "id": "25073877"}], "annotations": [{"start": 82, "end": 90, "probability": 0.9402, "type": "Person", "normalized_text": "Catherine"}], "urls": [{"start": 109, "end": 132, "url": "https://t.co/FaCEGjYDwm", "expanded_url": "https://goo.gl/images/pvQ5Tz", "display_url": "goo.gl/images/pvQ5Tz"}]}, "created_at": "2018-10-16T19:57:53.000Z", "public_metrics": {"retweet_count": 17, "reply_count": 6, "like_count": 129, "quote_count": 0}, "text": "Well, @realDonaldTrump never has claimed to be the first at anything but at least Catherine was truly Great  https://t.co/FaCEGjYDwm", "source": "Twitter for iPhone", "lang": "en", "id": "1052287536398241794", "author": {"username": "realamberheard", "id": "807003567605227520", "profile_image_url": "https://pbs.twimg.com/profile_images/1383196364792680448/N8CdupEu_normal.jpg", "name": "Amber Heard", "created_at": "2016-12-08T23:26:58.000Z", "public_metrics": {"followers_count": 190463, "following_count": 220, "tweet_count": 1151, "listed_count": 567}, "location": "Los Angeles, CA", "description": "Actor and Activist, semi-professional disruptor, ice cream advocate and shameless teacup yorkie-lover", "url": "https://t.co/Ze18Ek9SOI"}}, "author": {"username": "TamaraJJason", "id": "356234364", "profile_image_url": "https://pbs.twimg.com/profile_images/1516900513/26026_106760589352122_100000545443911_149100_1897301_n_normal.jpg", "name": "Tamara J.J", "created_at": "2011-08-16T15:02:49.000Z", "public_metrics": {"followers_count": 67, "following_count": 83, "tweet_count": 586, "listed_count": 1}, "location": "New York, USA", "description": "#bioengineering Therapeutic area director @JNJGlobalHealth", "url": ""}}, {"author_id": "1050721822092812289", "entities": {"mentions": [{"start": 17, "end": 32, "username": "realamberheard", "id": "807003567605227520"}], "annotations": [{"start": 33, "end": 37, "probability": 0.9815, "type": "Person", "normalized_text": "Amber"}], "urls": [{"start": 135, "end": 158, "url": "https://t.co/Uvj2Wa81WE", "expanded_url": "https://twitter.com/SusanFaria5/status/1052486107181531138/photo/1", "display_url": "pic.twitter.com/Uvj2Wa81WE"}, {"start": 135, "end": 158, "url": "https://t.co/Uvj2Wa81WE", "expanded_url": "https://twitter.com/SusanFaria5/status/1052486107181531138/photo/1", "display_url": "pic.twitter.com/Uvj2Wa81WE"}]}, "created_at": "2018-10-17T09:06:56.000Z", "public_metrics": {"retweet_count": 0, "reply_count": 0, "like_count": 8, "quote_count": 0}, "text": "@RobertJauregui7 @realamberheard Amber isn\u2019t the right fit to speak the truth since she\u2019s a confessed liar and also dates married guys https://t.co/Uvj2Wa81WE", "source": "Twitter Web App", "referenced_tweets": [{"type": "replied_to", "id": "1052289604282458112"}], "lang": "en", "in_reply_to_user_id": "1016802918635376640", "id": "1052486107181531138", "replied_tweet": {"author_id": "807003567605227520", "entities": {"mentions": [{"start": 6, "end": 22, "username": "realDonaldTrump", "id": "25073877"}], "annotations": [{"start": 82, "end": 90, "probability": 0.9402, "type": "Person", "normalized_text": "Catherine"}], "urls": [{"start": 109, "end": 132, "url": "https://t.co/FaCEGjYDwm", "expanded_url": "https://goo.gl/images/pvQ5Tz", "display_url": "goo.gl/images/pvQ5Tz"}]}, "created_at": "2018-10-16T19:57:53.000Z", "public_metrics": {"retweet_count": 17, "reply_count": 6, "like_count": 129, "quote_count": 0}, "text": "Well, @realDonaldTrump never has claimed to be the first at anything but at least Catherine was truly Great  https://t.co/FaCEGjYDwm", "source": "Twitter for iPhone", "lang": "en", "id": "1052287536398241794", "author": {"username": "realamberheard", "id": "807003567605227520", "profile_image_url": "https://pbs.twimg.com/profile_images/1383196364792680448/N8CdupEu_normal.jpg", "name": "Amber Heard", "created_at": "2016-12-08T23:26:58.000Z", "public_metrics": {"followers_count": 190463, "following_count": 220, "tweet_count": 1151, "listed_count": 567}, "location": "Los Angeles, CA", "description": "Actor and Activist, semi-professional disruptor, ice cream advocate and shameless teacup yorkie-lover", "url": "https://t.co/Ze18Ek9SOI"}}, "author": {"username": "teamdepp_", "id": "1050721822092812289", "profile_image_url": "https://pbs.twimg.com/profile_images/1340701831975096320/g92j12jM_normal.jpg", "name": "Susan", "created_at": "2018-10-12T12:16:18.000Z", "public_metrics": {"followers_count": 412, "following_count": 300, "tweet_count": 12987, "listed_count": 1}, "location": "#ibelievehim", "description": "\u2022\u273f Johnny is definition of love \u273f\u2022", "url": ""}}, {"author_id": "1050721822092812289", "entities": {"mentions": [{"start": 0, "end": 15, "username": "realamberheard", "id": "807003567605227520"}, {"start": 16, "end": 32, "username": "realDonaldTrump", "id": "25073877"}], "urls": [{"start": 210, "end": 233, "url": "https://t.co/0a9EF1LgbD", "expanded_url": "https://twitter.com/SusanFaria5/status/1052485410574802944/photo/1", "display_url": "pic.twitter.com/0a9EF1LgbD"}, {"start": 210, "end": 233, "url": "https://t.co/0a9EF1LgbD", "expanded_url": "https://twitter.com/SusanFaria5/status/1052485410574802944/photo/1", "display_url": "pic.twitter.com/0a9EF1LgbD"}]}, "created_at": "2018-10-17T09:04:10.000Z", "public_metrics": {"retweet_count": 0, "reply_count": 0, "like_count": 0, "quote_count": 0}, "text": "@realamberheard @realDonaldTrump What about wrecking homes? \nWhat about the tiny child? \nActivism should start with your own actions \nRespecting ur \u201csisters\u201d husband should be one of them.\nPS. Ur not my sister https://t.co/0a9EF1LgbD", "source": "Twitter Web App", "referenced_tweets": [{"type": "replied_to", "id": "1052287536398241794"}], "lang": "en", "in_reply_to_user_id": "807003567605227520", "id": "1052485410574802944", "replied_tweet": {"author_id": "807003567605227520", "entities": {"mentions": [{"start": 6, "end": 22, "username": "realDonaldTrump", "id": "25073877"}], "annotations": [{"start": 82, "end": 90, "probability": 0.9402, "type": "Person", "normalized_text": "Catherine"}], "urls": [{"start": 109, "end": 132, "url": "https://t.co/FaCEGjYDwm", "expanded_url": "https://goo.gl/images/pvQ5Tz", "display_url": "goo.gl/images/pvQ5Tz"}]}, "created_at": "2018-10-16T19:57:53.000Z", "public_metrics": {"retweet_count": 17, "reply_count": 6, "like_count": 129, "quote_count": 0}, "text": "Well, @realDonaldTrump never has claimed to be the first at anything but at least Catherine was truly Great  https://t.co/FaCEGjYDwm", "source": "Twitter for iPhone", "lang": "en", "id": "1052287536398241794", "author": {"username": "realamberheard", "id": "807003567605227520", "profile_image_url": "https://pbs.twimg.com/profile_images/1383196364792680448/N8CdupEu_normal.jpg", "name": "Amber Heard", "created_at": "2016-12-08T23:26:58.000Z", "public_metrics": {"followers_count": 190463, "following_count": 220, "tweet_count": 1151, "listed_count": 567}, "location": "Los Angeles, CA", "description": "Actor and Activist, semi-professional disruptor, ice cream advocate and shameless teacup yorkie-lover", "url": "https://t.co/Ze18Ek9SOI"}}, "author": {"username": "teamdepp_", "id": "1050721822092812289", "profile_image_url": "https://pbs.twimg.com/profile_images/1340701831975096320/g92j12jM_normal.jpg", "name": "Susan", "created_at": "2018-10-12T12:16:18.000Z", "public_metrics": {"followers_count": 412, "following_count": 300, "tweet_count": 12987, "listed_count": 1}, "location": "#ibelievehim", "description": "\u2022\u273f Johnny is definition of love \u273f\u2022", "url": ""}}, {"author_id": "2885552583", "entities": {"mentions": [{"start": 0, "end": 15, "username": "realamberheard", "id": "807003567605227520"}], "hashtags": [{"start": 29, "end": 33, "tag": "tag"}, {"start": 37, "end": 47, "tag": "Horseface"}]}, "created_at": "2018-10-16T22:52:18.000Z", "public_metrics": {"retweet_count": 0, "reply_count": 0, "like_count": 0, "quote_count": 0}, "text": "@realamberheard What sort of #tag is #Horseface? \n\nYour mum, wow.", "source": "Twitter for Android", "referenced_tweets": [{"type": "replied_to", "id": "1052287808084369414"}], "lang": "en", "in_reply_to_user_id": "807003567605227520", "id": "1052331429999173632", "replied_tweet": {"author_id": "807003567605227520", "entities": {"mentions": [{"start": 6, "end": 22, "username": "realDonaldTrump", "id": "25073877"}], "annotations": [{"start": 82, "end": 90, "probability": 0.9402, "type": "Person", "normalized_text": "Catherine"}], "urls": [{"start": 109, "end": 132, "url": "https://t.co/FaCEGjYDwm", "expanded_url": "https://goo.gl/images/pvQ5Tz", "display_url": "goo.gl/images/pvQ5Tz"}]}, "created_at": "2018-10-16T19:57:53.000Z", "public_metrics": {"retweet_count": 17, "reply_count": 6, "like_count": 129, "quote_count": 0}, "text": "Well, @realDonaldTrump never has claimed to be the first at anything but at least Catherine was truly Great  https://t.co/FaCEGjYDwm", "source": "Twitter for iPhone", "lang": "en", "id": "1052287536398241794", "author": {"username": "realamberheard", "id": "807003567605227520", "profile_image_url": "https://pbs.twimg.com/profile_images/1383196364792680448/N8CdupEu_normal.jpg", "name": "Amber Heard", "created_at": "2016-12-08T23:26:58.000Z", "public_metrics": {"followers_count": 190463, "following_count": 220, "tweet_count": 1151, "listed_count": 567}, "location": "Los Angeles, CA", "description": "Actor and Activist, semi-professional disruptor, ice cream advocate and shameless teacup yorkie-lover", "url": "https://t.co/Ze18Ek9SOI"}}, "author": {"username": "leonasdad", "id": "2885552583", "profile_image_url": "https://pbs.twimg.com/profile_images/1458289825996546053/h6c1PP3N_normal.jpg", "name": "\ud83d\ude07Conviction\ud83d\udc7c\ud83c\udded\ud83c\uddf0\ud83c\udde8\ud83c\uddf3\ud83c\uddfa\ud83c\uddf3\ud83c\uddec\ud83c\udde7\ud83d\udc94\ud83d\udc93\ud83d\udc9e\ud83d\udc96\ud83d\udcac\ud83d\udc02\ud83d\udc14\ud83d\udc0d", "created_at": "2014-11-20T12:56:35.000Z", "public_metrics": {"followers_count": 198, "following_count": 476, "tweet_count": 50028, "listed_count": 11}, "location": "Yorkshire & London \ud83d\udc49 SW1A ", "description": "Eye2brain_Listen!\nJust&honour, men,women&children, _ _ _ _near miss_ _ _hav ur say! alcohol&NHS Drug's,Abuse, Negligence,Trauma,RDA&\nIncompetence,VTE,Purpose \ud83d\udc04", "url": ""}}, {"author_id": "734214522270035968", "entities": {"mentions": [{"start": 0, "end": 15, "username": "realamberheard", "id": "807003567605227520"}], "annotations": [{"start": 21, "end": 25, "probability": 0.5002, "type": "Person", "normalized_text": "amber"}]}, "created_at": "2018-10-16T20:29:21.000Z", "public_metrics": {"retweet_count": 0, "reply_count": 0, "like_count": 0, "quote_count": 0}, "text": "@realamberheard Nice amber", "source": "Twitter for Android", "referenced_tweets": [{"type": "replied_to", "id": "1052287808084369414"}], "lang": "en", "in_reply_to_user_id": "807003567605227520", "id": "1052295453650427906", "replied_tweet": {"author_id": "807003567605227520", "entities": {"mentions": [{"start": 6, "end": 22, "username": "realDonaldTrump", "id": "25073877"}], "annotations": [{"start": 82, "end": 90, "probability": 0.9402, "type": "Person", "normalized_text": "Catherine"}], "urls": [{"start": 109, "end": 132, "url": "https://t.co/FaCEGjYDwm", "expanded_url": "https://goo.gl/images/pvQ5Tz", "display_url": "goo.gl/images/pvQ5Tz"}]}, "created_at": "2018-10-16T19:57:53.000Z", "public_metrics": {"retweet_count": 17, "reply_count": 6, "like_count": 129, "quote_count": 0}, "text": "Well, @realDonaldTrump never has claimed to be the first at anything but at least Catherine was truly Great  https://t.co/FaCEGjYDwm", "source": "Twitter for iPhone", "lang": "en", "id": "1052287536398241794", "author": {"username": "realamberheard", "id": "807003567605227520", "profile_image_url": "https://pbs.twimg.com/profile_images/1383196364792680448/N8CdupEu_normal.jpg", "name": "Amber Heard", "created_at": "2016-12-08T23:26:58.000Z", "public_metrics": {"followers_count": 190463, "following_count": 220, "tweet_count": 1151, "listed_count": 567}, "location": "Los Angeles, CA", "description": "Actor and Activist, semi-professional disruptor, ice cream advocate and shameless teacup yorkie-lover", "url": "https://t.co/Ze18Ek9SOI"}}, "author": {"username": "MehrMubashir", "id": "734214522270035968", "profile_image_url": "https://pbs.twimg.com/profile_images/1051301872257118209/sjJaXSP0_normal.jpg", "name": "Mehr Mubashir Jutt", "created_at": "2016-05-22T02:49:17.000Z", "public_metrics": {"followers_count": 19, "following_count": 20, "tweet_count": 46, "listed_count": 0}, "location": "Mian Channun, Pakistan", "description": "Sports News Music Entertainment", "url": ""}}, {"author_id": "1049636108450062337", "entities": {"mentions": [{"start": 0, "end": 15, "username": "realamberheard", "id": "807003567605227520"}, {"start": 16, "end": 32, "username": "realDonaldTrump", "id": "25073877"}], "annotations": [{"start": 54, "end": 58, "probability": 0.9882, "type": "Person", "normalized_text": "trump"}]}, "created_at": "2018-10-16T20:22:38.000Z", "public_metrics": {"retweet_count": 0, "reply_count": 0, "like_count": 0, "quote_count": 0}, "text": "@realamberheard @realDonaldTrump I\u2019m confused are u a trump fan or not?", "source": "Twitter for iPhone", "referenced_tweets": [{"type": "replied_to", "id": "1052287536398241794"}], "lang": "en", "in_reply_to_user_id": "807003567605227520", "id": "1052293763941453824", "replied_tweet": {"author_id": "807003567605227520", "entities": {"mentions": [{"start": 6, "end": 22, "username": "realDonaldTrump", "id": "25073877"}], "annotations": [{"start": 82, "end": 90, "probability": 0.9402, "type": "Person", "normalized_text": "Catherine"}], "urls": [{"start": 109, "end": 132, "url": "https://t.co/FaCEGjYDwm", "expanded_url": "https://goo.gl/images/pvQ5Tz", "display_url": "goo.gl/images/pvQ5Tz"}]}, "created_at": "2018-10-16T19:57:53.000Z", "public_metrics": {"retweet_count": 17, "reply_count": 6, "like_count": 129, "quote_count": 0}, "text": "Well, @realDonaldTrump never has claimed to be the first at anything but at least Catherine was truly Great  https://t.co/FaCEGjYDwm", "source": "Twitter for iPhone", "lang": "en", "id": "1052287536398241794", "author": {"username": "realamberheard", "id": "807003567605227520", "profile_image_url": "https://pbs.twimg.com/profile_images/1383196364792680448/N8CdupEu_normal.jpg", "name": "Amber Heard", "created_at": "2016-12-08T23:26:58.000Z", "public_metrics": {"followers_count": 190463, "following_count": 220, "tweet_count": 1151, "listed_count": 567}, "location": "Los Angeles, CA", "description": "Actor and Activist, semi-professional disruptor, ice cream advocate and shameless teacup yorkie-lover", "url": "https://t.co/Ze18Ek9SOI"}}, "author": {"username": "Esteban88213696", "id": "1049636108450062337", "profile_image_url": "https://pbs.twimg.com/profile_images/1368315749098487816/uAwmL1vz_normal.jpg", "name": "El Mero Patron", "created_at": "2018-10-09T12:22:04.000Z", "public_metrics": {"followers_count": 7, "following_count": 29, "tweet_count": 1901, "listed_count": 0}, "location": "saiyan/human", "description": "I was promised the keys to an empire", "url": ""}}, {"author_id": "4396120342", "entities": {"mentions": [{"start": 0, "end": 15, "username": "realamberheard", "id": "807003567605227520"}]}, "created_at": "2018-10-16T20:10:23.000Z", "public_metrics": {"retweet_count": 0, "reply_count": 0, "like_count": 5, "quote_count": 0}, "text": "@realamberheard He's such a sad joke of a man\n\nIf he were my president i would be so ashamed!", "source": "Twitter for Android", "referenced_tweets": [{"type": "replied_to", "id": "1052287808084369414"}], "lang": "en", "in_reply_to_user_id": "807003567605227520", "id": "1052290680700186625", "replied_tweet": {"author_id": "807003567605227520", "entities": {"mentions": [{"start": 6, "end": 22, "username": "realDonaldTrump", "id": "25073877"}], "annotations": [{"start": 82, "end": 90, "probability": 0.9402, "type": "Person", "normalized_text": "Catherine"}], "urls": [{"start": 109, "end": 132, "url": "https://t.co/FaCEGjYDwm", "expanded_url": "https://goo.gl/images/pvQ5Tz", "display_url": "goo.gl/images/pvQ5Tz"}]}, "created_at": "2018-10-16T19:57:53.000Z", "public_metrics": {"retweet_count": 17, "reply_count": 6, "like_count": 129, "quote_count": 0}, "text": "Well, @realDonaldTrump never has claimed to be the first at anything but at least Catherine was truly Great  https://t.co/FaCEGjYDwm", "source": "Twitter for iPhone", "lang": "en", "id": "1052287536398241794", "author": {"username": "realamberheard", "id": "807003567605227520", "profile_image_url": "https://pbs.twimg.com/profile_images/1383196364792680448/N8CdupEu_normal.jpg", "name": "Amber Heard", "created_at": "2016-12-08T23:26:58.000Z", "public_metrics": {"followers_count": 190463, "following_count": 220, "tweet_count": 1151, "listed_count": 567}, "location": "Los Angeles, CA", "description": "Actor and Activist, semi-professional disruptor, ice cream advocate and shameless teacup yorkie-lover", "url": "https://t.co/Ze18Ek9SOI"}}, "author": {"username": "stirgussa", "id": "4396120342", "profile_image_url": "https://pbs.twimg.com/profile_images/1378175478478082050/UKLiQPuk_normal.jpg", "name": "STIRGUS SACCHETTI", "created_at": "2015-12-06T17:21:06.000Z", "public_metrics": {"followers_count": 678, "following_count": 296, "tweet_count": 58624, "listed_count": 26}, "description": "Only two things are infinite, the universe and human stupidity, and I'm not sure about the former. - Albert Einstein and Me!", "url": ""}}, {"author_id": "989633741114003456", "entities": {"mentions": [{"start": 0, "end": 15, "username": "realamberheard", "id": "807003567605227520"}, {"start": 16, "end": 32, "username": "realDonaldTrump", "id": "25073877"}], "annotations": [{"start": 38, "end": 42, "probability": 0.8604, "type": "Person", "normalized_text": "amber"}, {"start": 65, "end": 73, "probability": 0.9886, "type": "Place", "normalized_text": "Amsterdam"}]}, "created_at": "2018-10-16T20:01:00.000Z", "public_metrics": {"retweet_count": 0, "reply_count": 0, "like_count": 1, "quote_count": 0}, "text": "@realamberheard @realDonaldTrump Dear amber,have a happy time in Amsterdam it's so wonderfull my freind!!", "source": "Twitter for Android", "referenced_tweets": [{"type": "replied_to", "id": "1052287536398241794"}], "lang": "en", "in_reply_to_user_id": "807003567605227520", "id": "1052288317339897862", "replied_tweet": {"author_id": "807003567605227520", "entities": {"mentions": [{"start": 6, "end": 22, "username": "realDonaldTrump", "id": "25073877"}], "annotations": [{"start": 82, "end": 90, "probability": 0.9402, "type": "Person", "normalized_text": "Catherine"}], "urls": [{"start": 109, "end": 132, "url": "https://t.co/FaCEGjYDwm", "expanded_url": "https://goo.gl/images/pvQ5Tz", "display_url": "goo.gl/images/pvQ5Tz"}]}, "created_at": "2018-10-16T19:57:53.000Z", "public_metrics": {"retweet_count": 17, "reply_count": 6, "like_count": 129, "quote_count": 0}, "text": "Well, @realDonaldTrump never has claimed to be the first at anything but at least Catherine was truly Great  https://t.co/FaCEGjYDwm", "source": "Twitter for iPhone", "lang": "en", "id": "1052287536398241794", "author": {"username": "realamberheard", "id": "807003567605227520", "profile_image_url": "https://pbs.twimg.com/profile_images/1383196364792680448/N8CdupEu_normal.jpg", "name": "Amber Heard", "created_at": "2016-12-08T23:26:58.000Z", "public_metrics": {"followers_count": 190463, "following_count": 220, "tweet_count": 1151, "listed_count": 567}, "location": "Los Angeles, CA", "description": "Actor and Activist, semi-professional disruptor, ice cream advocate and shameless teacup yorkie-lover", "url": "https://t.co/Ze18Ek9SOI"}}, "author": {"username": "Paulwalwanis7", "id": "989633741114003456", "profile_image_url": "https://abs.twimg.com/sticky/default_profile_images/default_profile_normal.png", "name": "Paulwalwanis", "created_at": "2018-04-26T22:34:05.000Z", "public_metrics": {"followers_count": 39, "following_count": 269, "tweet_count": 44974, "listed_count": 0}, "location": "Long Island,new York", "description": "Comedy,counselor", "url": ""}}, {"author_id": "807003567605227520", "created_at": "2018-10-16T19:58:58.000Z", "public_metrics": {"retweet_count": 4, "reply_count": 6, "like_count": 82, "quote_count": 1}, "text": "#Horseface , wow.", "source": "Twitter for iPhone", "referenced_tweets": [{"type": "replied_to", "id": "1052287536398241794"}], "lang": "und", "in_reply_to_user_id": "807003567605227520", "entities": {"hashtags": [{"start": 0, "end": 10, "tag": "Horseface"}]}, "id": "1052287808084369414", "replied_tweet": {"author_id": "807003567605227520", "entities": {"mentions": [{"start": 6, "end": 22, "username": "realDonaldTrump", "id": "25073877"}], "annotations": [{"start": 82, "end": 90, "probability": 0.9402, "type": "Person", "normalized_text": "Catherine"}], "urls": [{"start": 109, "end": 132, "url": "https://t.co/FaCEGjYDwm", "expanded_url": "https://goo.gl/images/pvQ5Tz", "display_url": "goo.gl/images/pvQ5Tz"}]}, "created_at": "2018-10-16T19:57:53.000Z", "public_metrics": {"retweet_count": 17, "reply_count": 6, "like_count": 129, "quote_count": 0}, "text": "Well, @realDonaldTrump never has claimed to be the first at anything but at least Catherine was truly Great  https://t.co/FaCEGjYDwm", "source": "Twitter for iPhone", "lang": "en", "id": "1052287536398241794", "author": {"username": "realamberheard", "id": "807003567605227520", "profile_image_url": "https://pbs.twimg.com/profile_images/1383196364792680448/N8CdupEu_normal.jpg", "name": "Amber Heard", "created_at": "2016-12-08T23:26:58.000Z", "public_metrics": {"followers_count": 190463, "following_count": 220, "tweet_count": 1151, "listed_count": 567}, "location": "Los Angeles, CA", "description": "Actor and Activist, semi-professional disruptor, ice cream advocate and shameless teacup yorkie-lover", "url": "https://t.co/Ze18Ek9SOI"}}, "author": {"username": "realamberheard", "id": "807003567605227520", "profile_image_url": "https://pbs.twimg.com/profile_images/1383196364792680448/N8CdupEu_normal.jpg", "name": "Amber Heard", "created_at": "2016-12-08T23:26:58.000Z", "public_metrics": {"followers_count": 190463, "following_count": 220, "tweet_count": 1151, "listed_count": 567}, "location": "Los Angeles, CA", "description": "Actor and Activist, semi-professional disruptor, ice cream advocate and shameless teacup yorkie-lover", "url": "https://t.co/Ze18Ek9SOI"}}]