[{"public_metrics": {"retweet_count": 0, "reply_count": 0, "like_count": 1, "quote_count": 0}, "referenced_tweets": [{"type": "replied_to", "id": "1056289651839954956"}], "id": "1059214369848930304", "source": "Twitter for Android", "lang": "en", "created_at": "2018-11-04T22:42:39.000Z", "text": "@realamberheard @BetoORourke \"End phony Jap\" anagram: \"A Johnny Depp!\"", "author_id": "1645883737", "entities": {"mentions": [{"start": 0, "end": 15, "username": "realamberheard", "id": "807003567605227520"}, {"start": 16, "end": 28, "username": "BetoORourke", "id": "342863309"}], "annotations": [{"start": 57, "end": 67, "probability": 0.9253, "type": "Person", "normalized_text": "Johnny Depp"}]}, "in_reply_to_user_id": "807003567605227520", "replied_tweet": {"public_metrics": {"retweet_count": 87, "reply_count": 42, "like_count": 722, "quote_count": 7}, "id": "1056289651839954956", "source": "Twitter for iPhone", "lang": "en", "entities": {"hashtags": [{"start": 62, "end": 79, "tag": "samuellgrandpark"}], "urls": [{"start": 95, "end": 118, "url": "https://t.co/g2n5ksh8iW", "expanded_url": "https://twitter.com/realamberheard/status/1056289651839954956/photo/1", "display_url": "pic.twitter.com/g2n5ksh8iW"}], "mentions": [{"start": 46, "end": 58, "username": "BetoORourke", "id": "342863309"}], "annotations": [{"start": 3, "end": 11, "probability": 0.8653, "type": "Place", "normalized_text": "Dallas TX"}, {"start": 39, "end": 43, "probability": 0.9378, "type": "Place", "normalized_text": "Texas"}, {"start": 83, "end": 88, "probability": 0.9994, "type": "Place", "normalized_text": "Dallas"}, {"start": 91, "end": 92, "probability": 0.914, "type": "Place", "normalized_text": "TX"}]}, "created_at": "2018-10-27T21:00:52.000Z", "text": "In Dallas TX talk! Showing support for Texas\u2019 @BetoORourke in #samuellgrandpark in Dallas, TX! https://t.co/g2n5ksh8iW", "author_id": "807003567605227520", "author": {"description": "Actor and Activist, semi-professional disruptor, ice cream advocate and shameless teacup yorkie-lover", "profile_image_url": "https://pbs.twimg.com/profile_images/1383196364792680448/N8CdupEu_normal.jpg", "id": "807003567605227520", "name": "Amber Heard", "public_metrics": {"followers_count": 190462, "following_count": 220, "tweet_count": 1151, "listed_count": 567}, "username": "realamberheard", "created_at": "2016-12-08T23:26:58.000Z", "location": "Los Angeles, CA", "url": "https://t.co/Ze18Ek9SOI"}}, "author": {"description": "", "profile_image_url": "https://pbs.twimg.com/profile_images/378800000367392630/b6b337504b75e1a45f6cea41f7a2f165_normal.jpeg", "id": "1645883737", "name": "Jacob worm", "public_metrics": {"followers_count": 5, "following_count": 50, "tweet_count": 326, "listed_count": 0}, "username": "niglesh1", "created_at": "2013-08-04T18:36:18.000Z", "url": ""}}, {"public_metrics": {"retweet_count": 0, "reply_count": 0, "like_count": 0, "quote_count": 0}, "referenced_tweets": [{"type": "replied_to", "id": "1056289651839954956"}], "id": "1057211068072767488", "source": "Twitter for Android", "lang": "en", "entities": {"urls": [{"start": 66, "end": 89, "url": "https://t.co/uDYPHrxHI9", "expanded_url": "https://twitter.com/lilimay98/status/1057211068072767488/photo/1", "display_url": "pic.twitter.com/uDYPHrxHI9"}], "mentions": [{"start": 0, "end": 15, "username": "realamberheard", "id": "807003567605227520"}, {"start": 16, "end": 28, "username": "BetoORourke", "id": "342863309"}, {"start": 49, "end": 64, "username": "realamberheard", "id": "807003567605227520"}]}, "created_at": "2018-10-30T10:02:15.000Z", "text": "@realamberheard @BetoORourke And what about that @realamberheard? https://t.co/uDYPHrxHI9", "author_id": "951081870170689541", "in_reply_to_user_id": "807003567605227520", "replied_tweet": {"public_metrics": {"retweet_count": 87, "reply_count": 42, "like_count": 722, "quote_count": 7}, "id": "1056289651839954956", "source": "Twitter for iPhone", "lang": "en", "entities": {"hashtags": [{"start": 62, "end": 79, "tag": "samuellgrandpark"}], "urls": [{"start": 95, "end": 118, "url": "https://t.co/g2n5ksh8iW", "expanded_url": "https://twitter.com/realamberheard/status/1056289651839954956/photo/1", "display_url": "pic.twitter.com/g2n5ksh8iW"}], "mentions": [{"start": 46, "end": 58, "username": "BetoORourke", "id": "342863309"}], "annotations": [{"start": 3, "end": 11, "probability": 0.8653, "type": "Place", "normalized_text": "Dallas TX"}, {"start": 39, "end": 43, "probability": 0.9378, "type": "Place", "normalized_text": "Texas"}, {"start": 83, "end": 88, "probability": 0.9994, "type": "Place", "normalized_text": "Dallas"}, {"start": 91, "end": 92, "probability": 0.914, "type": "Place", "normalized_text": "TX"}]}, "created_at": "2018-10-27T21:00:52.000Z", "text": "In Dallas TX talk! Showing support for Texas\u2019 @BetoORourke in #samuellgrandpark in Dallas, TX! https://t.co/g2n5ksh8iW", "author_id": "807003567605227520", "author": {"description": "Actor and Activist, semi-professional disruptor, ice cream advocate and shameless teacup yorkie-lover", "profile_image_url": "https://pbs.twimg.com/profile_images/1383196364792680448/N8CdupEu_normal.jpg", "id": "807003567605227520", "name": "Amber Heard", "public_metrics": {"followers_count": 190462, "following_count": 220, "tweet_count": 1151, "listed_count": 567}, "username": "realamberheard", "created_at": "2016-12-08T23:26:58.000Z", "location": "Los Angeles, CA", "url": "https://t.co/Ze18Ek9SOI"}}, "author": {"description": "Triumph Bonneville Babe \ud83c\udfcd\ufe0f\ud83d\udca8\n I was told there would be cake \ud83c\udf82\n Horse Rider \ud83d\udc34\n Sarcastic Pain in the Ass", "profile_image_url": "https://pbs.twimg.com/profile_images/1375190560667930625/Kip3eVS4_normal.jpg", "id": "951081870170689541", "name": "Lady Gypsy", "public_metrics": {"followers_count": 35, "following_count": 236, "tweet_count": 1060, "listed_count": 1}, "username": "lilimay98", "created_at": "2018-01-10T13:22:42.000Z", "location": "Monaco", "url": ""}}, {"public_metrics": {"retweet_count": 0, "reply_count": 0, "like_count": 0, "quote_count": 0}, "referenced_tweets": [{"type": "replied_to", "id": "1056289651839954956"}], "id": "1056833632944488450", "source": "Twitter for Android", "lang": "en", "created_at": "2018-10-29T09:02:27.000Z", "text": "@realamberheard @BetoORourke Sibdv", "author_id": "489055008", "entities": {"mentions": [{"start": 0, "end": 15, "username": "realamberheard", "id": "807003567605227520"}, {"start": 16, "end": 28, "username": "BetoORourke", "id": "342863309"}]}, "in_reply_to_user_id": "807003567605227520", "replied_tweet": {"public_metrics": {"retweet_count": 87, "reply_count": 42, "like_count": 722, "quote_count": 7}, "id": "1056289651839954956", "source": "Twitter for iPhone", "lang": "en", "entities": {"hashtags": [{"start": 62, "end": 79, "tag": "samuellgrandpark"}], "urls": [{"start": 95, "end": 118, "url": "https://t.co/g2n5ksh8iW", "expanded_url": "https://twitter.com/realamberheard/status/1056289651839954956/photo/1", "display_url": "pic.twitter.com/g2n5ksh8iW"}], "mentions": [{"start": 46, "end": 58, "username": "BetoORourke", "id": "342863309"}], "annotations": [{"start": 3, "end": 11, "probability": 0.8653, "type": "Place", "normalized_text": "Dallas TX"}, {"start": 39, "end": 43, "probability": 0.9378, "type": "Place", "normalized_text": "Texas"}, {"start": 83, "end": 88, "probability": 0.9994, "type": "Place", "normalized_text": "Dallas"}, {"start": 91, "end": 92, "probability": 0.914, "type": "Place", "normalized_text": "TX"}]}, "created_at": "2018-10-27T21:00:52.000Z", "text": "In Dallas TX talk! Showing support for Texas\u2019 @BetoORourke in #samuellgrandpark in Dallas, TX! https://t.co/g2n5ksh8iW", "author_id": "807003567605227520", "author": {"description": "Actor and Activist, semi-professional disruptor, ice cream advocate and shameless teacup yorkie-lover", "profile_image_url": "https://pbs.twimg.com/profile_images/1383196364792680448/N8CdupEu_normal.jpg", "id": "807003567605227520", "name": "Amber Heard", "public_metrics": {"followers_count": 190462, "following_count": 220, "tweet_count": 1151, "listed_count": 567}, "username": "realamberheard", "created_at": "2016-12-08T23:26:58.000Z", "location": "Los Angeles, CA", "url": "https://t.co/Ze18Ek9SOI"}}, "author": {"description": "Don't overthink & enjoy your life!", "profile_image_url": "https://pbs.twimg.com/profile_images/1282678300465401857/jzhAVQp4_normal.jpg", "id": "489055008", "name": "yuisingingfan", "public_metrics": {"followers_count": 160, "following_count": 74, "tweet_count": 24672, "listed_count": 0}, "username": "SileZero", "created_at": "2012-02-11T04:12:17.000Z", "location": "NYC ", "url": ""}}, {"public_metrics": {"retweet_count": 0, "reply_count": 0, "like_count": 0, "quote_count": 0}, "referenced_tweets": [{"type": "replied_to", "id": "1056289651839954956"}], "id": "1056833617689788416", "source": "Twitter for Android", "lang": "en", "created_at": "2018-10-29T09:02:24.000Z", "text": "@realamberheard @BetoORourke Thought you have more followers caring! Aquaman will save your career! Iprendrivjsipmedip", "author_id": "489055008", "entities": {"mentions": [{"start": 0, "end": 15, "username": "realamberheard", "id": "807003567605227520"}, {"start": 16, "end": 28, "username": "BetoORourke", "id": "342863309"}], "annotations": [{"start": 69, "end": 75, "probability": 0.7954, "type": "Person", "normalized_text": "Aquaman"}]}, "in_reply_to_user_id": "807003567605227520", "replied_tweet": {"public_metrics": {"retweet_count": 87, "reply_count": 42, "like_count": 722, "quote_count": 7}, "id": "1056289651839954956", "source": "Twitter for iPhone", "lang": "en", "entities": {"hashtags": [{"start": 62, "end": 79, "tag": "samuellgrandpark"}], "urls": [{"start": 95, "end": 118, "url": "https://t.co/g2n5ksh8iW", "expanded_url": "https://twitter.com/realamberheard/status/1056289651839954956/photo/1", "display_url": "pic.twitter.com/g2n5ksh8iW"}], "mentions": [{"start": 46, "end": 58, "username": "BetoORourke", "id": "342863309"}], "annotations": [{"start": 3, "end": 11, "probability": 0.8653, "type": "Place", "normalized_text": "Dallas TX"}, {"start": 39, "end": 43, "probability": 0.9378, "type": "Place", "normalized_text": "Texas"}, {"start": 83, "end": 88, "probability": 0.9994, "type": "Place", "normalized_text": "Dallas"}, {"start": 91, "end": 92, "probability": 0.914, "type": "Place", "normalized_text": "TX"}]}, "created_at": "2018-10-27T21:00:52.000Z", "text": "In Dallas TX talk! Showing support for Texas\u2019 @BetoORourke in #samuellgrandpark in Dallas, TX! https://t.co/g2n5ksh8iW", "author_id": "807003567605227520", "author": {"description": "Actor and Activist, semi-professional disruptor, ice cream advocate and shameless teacup yorkie-lover", "profile_image_url": "https://pbs.twimg.com/profile_images/1383196364792680448/N8CdupEu_normal.jpg", "id": "807003567605227520", "name": "Amber Heard", "public_metrics": {"followers_count": 190462, "following_count": 220, "tweet_count": 1151, "listed_count": 567}, "username": "realamberheard", "created_at": "2016-12-08T23:26:58.000Z", "location": "Los Angeles, CA", "url": "https://t.co/Ze18Ek9SOI"}}, "author": {"description": "Don't overthink & enjoy your life!", "profile_image_url": "https://pbs.twimg.com/profile_images/1282678300465401857/jzhAVQp4_normal.jpg", "id": "489055008", "name": "yuisingingfan", "public_metrics": {"followers_count": 160, "following_count": 74, "tweet_count": 24672, "listed_count": 0}, "username": "SileZero", "created_at": "2012-02-11T04:12:17.000Z", "location": "NYC ", "url": ""}}, {"public_metrics": {"retweet_count": 0, "reply_count": 0, "like_count": 1, "quote_count": 0}, "referenced_tweets": [{"type": "replied_to", "id": "1056289651839954956"}], "id": "1056833407269912576", "source": "Twitter for Android", "lang": "en", "created_at": "2018-10-29T09:01:33.000Z", "text": "@realamberheard @BetoORourke You look much happier in 07 with pineapple express interview! Naive optimistic promiscuous provocative non prude teen! Hollywood entertainment shady side change you to be depress and cynical with deep protective voice! Real issue don't matter with entertainment ring ppl support", "author_id": "489055008", "entities": {"mentions": [{"start": 0, "end": 15, "username": "realamberheard", "id": "807003567605227520"}, {"start": 16, "end": 28, "username": "BetoORourke", "id": "342863309"}]}, "in_reply_to_user_id": "807003567605227520", "replied_tweet": {"public_metrics": {"retweet_count": 87, "reply_count": 42, "like_count": 722, "quote_count": 7}, "id": "1056289651839954956", "source": "Twitter for iPhone", "lang": "en", "entities": {"hashtags": [{"start": 62, "end": 79, "tag": "samuellgrandpark"}], "urls": [{"start": 95, "end": 118, "url": "https://t.co/g2n5ksh8iW", "expanded_url": "https://twitter.com/realamberheard/status/1056289651839954956/photo/1", "display_url": "pic.twitter.com/g2n5ksh8iW"}], "mentions": [{"start": 46, "end": 58, "username": "BetoORourke", "id": "342863309"}], "annotations": [{"start": 3, "end": 11, "probability": 0.8653, "type": "Place", "normalized_text": "Dallas TX"}, {"start": 39, "end": 43, "probability": 0.9378, "type": "Place", "normalized_text": "Texas"}, {"start": 83, "end": 88, "probability": 0.9994, "type": "Place", "normalized_text": "Dallas"}, {"start": 91, "end": 92, "probability": 0.914, "type": "Place", "normalized_text": "TX"}]}, "created_at": "2018-10-27T21:00:52.000Z", "text": "In Dallas TX talk! Showing support for Texas\u2019 @BetoORourke in #samuellgrandpark in Dallas, TX! https://t.co/g2n5ksh8iW", "author_id": "807003567605227520", "author": {"description": "Actor and Activist, semi-professional disruptor, ice cream advocate and shameless teacup yorkie-lover", "profile_image_url": "https://pbs.twimg.com/profile_images/1383196364792680448/N8CdupEu_normal.jpg", "id": "807003567605227520", "name": "Amber Heard", "public_metrics": {"followers_count": 190462, "following_count": 220, "tweet_count": 1151, "listed_count": 567}, "username": "realamberheard", "created_at": "2016-12-08T23:26:58.000Z", "location": "Los Angeles, CA", "url": "https://t.co/Ze18Ek9SOI"}}, "author": {"description": "Don't overthink & enjoy your life!", "profile_image_url": "https://pbs.twimg.com/profile_images/1282678300465401857/jzhAVQp4_normal.jpg", "id": "489055008", "name": "yuisingingfan", "public_metrics": {"followers_count": 160, "following_count": 74, "tweet_count": 24672, "listed_count": 0}, "username": "SileZero", "created_at": "2012-02-11T04:12:17.000Z", "location": "NYC ", "url": ""}}, {"public_metrics": {"retweet_count": 0, "reply_count": 0, "like_count": 1, "quote_count": 0}, "referenced_tweets": [{"type": "replied_to", "id": "1056289651839954956"}], "id": "1056706397574959104", "source": "Twitter Web Client", "lang": "en", "created_at": "2018-10-29T00:36:52.000Z", "text": "@realamberheard @BetoORourke OMG. You is so awesome. I'm brazilian and I understand over when you speek in Spanish. You speek very well. Good luck in this mission.", "author_id": "1424262085", "entities": {"mentions": [{"start": 0, "end": 15, "username": "realamberheard", "id": "807003567605227520"}, {"start": 16, "end": 28, "username": "BetoORourke", "id": "342863309"}]}, "in_reply_to_user_id": "807003567605227520", "replied_tweet": {"public_metrics": {"retweet_count": 87, "reply_count": 42, "like_count": 722, "quote_count": 7}, "id": "1056289651839954956", "source": "Twitter for iPhone", "lang": "en", "entities": {"hashtags": [{"start": 62, "end": 79, "tag": "samuellgrandpark"}], "urls": [{"start": 95, "end": 118, "url": "https://t.co/g2n5ksh8iW", "expanded_url": "https://twitter.com/realamberheard/status/1056289651839954956/photo/1", "display_url": "pic.twitter.com/g2n5ksh8iW"}], "mentions": [{"start": 46, "end": 58, "username": "BetoORourke", "id": "342863309"}], "annotations": [{"start": 3, "end": 11, "probability": 0.8653, "type": "Place", "normalized_text": "Dallas TX"}, {"start": 39, "end": 43, "probability": 0.9378, "type": "Place", "normalized_text": "Texas"}, {"start": 83, "end": 88, "probability": 0.9994, "type": "Place", "normalized_text": "Dallas"}, {"start": 91, "end": 92, "probability": 0.914, "type": "Place", "normalized_text": "TX"}]}, "created_at": "2018-10-27T21:00:52.000Z", "text": "In Dallas TX talk! Showing support for Texas\u2019 @BetoORourke in #samuellgrandpark in Dallas, TX! https://t.co/g2n5ksh8iW", "author_id": "807003567605227520", "author": {"description": "Actor and Activist, semi-professional disruptor, ice cream advocate and shameless teacup yorkie-lover", "profile_image_url": "https://pbs.twimg.com/profile_images/1383196364792680448/N8CdupEu_normal.jpg", "id": "807003567605227520", "name": "Amber Heard", "public_metrics": {"followers_count": 190462, "following_count": 220, "tweet_count": 1151, "listed_count": 567}, "username": "realamberheard", "created_at": "2016-12-08T23:26:58.000Z", "location": "Los Angeles, CA", "url": "https://t.co/Ze18Ek9SOI"}}, "author": {"description": "", "profile_image_url": "https://pbs.twimg.com/profile_images/1244711410946408451/x_8GHdRa_normal.jpg", "id": "1424262085", "name": "Dacio Ferreira", "public_metrics": {"followers_count": 63, "following_count": 829, "tweet_count": 1783, "listed_count": 5}, "username": "dacio_ferreira", "created_at": "2013-05-12T23:38:17.000Z", "url": ""}}, {"public_metrics": {"retweet_count": 0, "reply_count": 0, "like_count": 2, "quote_count": 0}, "referenced_tweets": [{"type": "replied_to", "id": "1056289651839954956"}], "id": "1056700546160250880", "source": "Twitter for Android", "lang": "en", "created_at": "2018-10-29T00:13:37.000Z", "text": "@realamberheard @BetoORourke Dear amber ,I hope you had a happy day my freind your appreciated always!!", "author_id": "989633741114003456", "entities": {"mentions": [{"start": 0, "end": 15, "username": "realamberheard", "id": "807003567605227520"}, {"start": 16, "end": 28, "username": "BetoORourke", "id": "342863309"}], "annotations": [{"start": 34, "end": 38, "probability": 0.8815, "type": "Person", "normalized_text": "amber"}]}, "in_reply_to_user_id": "807003567605227520", "replied_tweet": {"public_metrics": {"retweet_count": 87, "reply_count": 42, "like_count": 722, "quote_count": 7}, "id": "1056289651839954956", "source": "Twitter for iPhone", "lang": "en", "entities": {"hashtags": [{"start": 62, "end": 79, "tag": "samuellgrandpark"}], "urls": [{"start": 95, "end": 118, "url": "https://t.co/g2n5ksh8iW", "expanded_url": "https://twitter.com/realamberheard/status/1056289651839954956/photo/1", "display_url": "pic.twitter.com/g2n5ksh8iW"}], "mentions": [{"start": 46, "end": 58, "username": "BetoORourke", "id": "342863309"}], "annotations": [{"start": 3, "end": 11, "probability": 0.8653, "type": "Place", "normalized_text": "Dallas TX"}, {"start": 39, "end": 43, "probability": 0.9378, "type": "Place", "normalized_text": "Texas"}, {"start": 83, "end": 88, "probability": 0.9994, "type": "Place", "normalized_text": "Dallas"}, {"start": 91, "end": 92, "probability": 0.914, "type": "Place", "normalized_text": "TX"}]}, "created_at": "2018-10-27T21:00:52.000Z", "text": "In Dallas TX talk! Showing support for Texas\u2019 @BetoORourke in #samuellgrandpark in Dallas, TX! https://t.co/g2n5ksh8iW", "author_id": "807003567605227520", "author": {"description": "Actor and Activist, semi-professional disruptor, ice cream advocate and shameless teacup yorkie-lover", "profile_image_url": "https://pbs.twimg.com/profile_images/1383196364792680448/N8CdupEu_normal.jpg", "id": "807003567605227520", "name": "Amber Heard", "public_metrics": {"followers_count": 190462, "following_count": 220, "tweet_count": 1151, "listed_count": 567}, "username": "realamberheard", "created_at": "2016-12-08T23:26:58.000Z", "location": "Los Angeles, CA", "url": "https://t.co/Ze18Ek9SOI"}}, "author": {"description": "Comedy,counselor", "profile_image_url": "https://abs.twimg.com/sticky/default_profile_images/default_profile_normal.png", "id": "989633741114003456", "name": "Paulwalwanis", "public_metrics": {"followers_count": 39, "following_count": 269, "tweet_count": 44974, "listed_count": 0}, "username": "Paulwalwanis7", "created_at": "2018-04-26T22:34:05.000Z", "location": "Long Island,new York", "url": ""}}, {"public_metrics": {"retweet_count": 0, "reply_count": 0, "like_count": 1, "quote_count": 0}, "referenced_tweets": [{"type": "replied_to", "id": "1056289651839954956"}], "id": "1056609787171999752", "source": "Twitter Web Client", "lang": "pt", "created_at": "2018-10-28T18:12:58.000Z", "text": "@realamberheard @BetoORourke linda, sem defeitos.", "author_id": "297317136", "entities": {"mentions": [{"start": 0, "end": 15, "username": "realamberheard", "id": "807003567605227520"}, {"start": 16, "end": 28, "username": "BetoORourke", "id": "342863309"}]}, "in_reply_to_user_id": "807003567605227520", "replied_tweet": {"public_metrics": {"retweet_count": 87, "reply_count": 42, "like_count": 722, "quote_count": 7}, "id": "1056289651839954956", "source": "Twitter for iPhone", "lang": "en", "entities": {"hashtags": [{"start": 62, "end": 79, "tag": "samuellgrandpark"}], "urls": [{"start": 95, "end": 118, "url": "https://t.co/g2n5ksh8iW", "expanded_url": "https://twitter.com/realamberheard/status/1056289651839954956/photo/1", "display_url": "pic.twitter.com/g2n5ksh8iW"}], "mentions": [{"start": 46, "end": 58, "username": "BetoORourke", "id": "342863309"}], "annotations": [{"start": 3, "end": 11, "probability": 0.8653, "type": "Place", "normalized_text": "Dallas TX"}, {"start": 39, "end": 43, "probability": 0.9378, "type": "Place", "normalized_text": "Texas"}, {"start": 83, "end": 88, "probability": 0.9994, "type": "Place", "normalized_text": "Dallas"}, {"start": 91, "end": 92, "probability": 0.914, "type": "Place", "normalized_text": "TX"}]}, "created_at": "2018-10-27T21:00:52.000Z", "text": "In Dallas TX talk! Showing support for Texas\u2019 @BetoORourke in #samuellgrandpark in Dallas, TX! https://t.co/g2n5ksh8iW", "author_id": "807003567605227520", "author": {"description": "Actor and Activist, semi-professional disruptor, ice cream advocate and shameless teacup yorkie-lover", "profile_image_url": "https://pbs.twimg.com/profile_images/1383196364792680448/N8CdupEu_normal.jpg", "id": "807003567605227520", "name": "Amber Heard", "public_metrics": {"followers_count": 190462, "following_count": 220, "tweet_count": 1151, "listed_count": 567}, "username": "realamberheard", "created_at": "2016-12-08T23:26:58.000Z", "location": "Los Angeles, CA", "url": "https://t.co/Ze18Ek9SOI"}}, "author": {"description": "LINGUIST. Childless adult who watches TV just to fill a void. Ted Lasso spokesperson.", "profile_image_url": "https://pbs.twimg.com/profile_images/1500589207881986051/RtbKdmM7_normal.jpg", "id": "297317136", "name": "thay the creator", "public_metrics": {"followers_count": 2782, "following_count": 1392, "tweet_count": 262878, "listed_count": 27}, "username": "freaksngeekz", "created_at": "2011-05-12T09:34:52.000Z", "location": "at home", "url": ""}}, {"public_metrics": {"retweet_count": 5, "reply_count": 0, "like_count": 32, "quote_count": 0}, "referenced_tweets": [{"type": "replied_to", "id": "1056289651839954956"}], "id": "1056574967113007105", "source": "Twitter for iPhone", "lang": "en", "entities": {"urls": [{"start": 142, "end": 165, "url": "https://t.co/hNU866ZVWb", "expanded_url": "https://twitter.com/shari_w_j/status/1056574967113007105/photo/1", "display_url": "pic.twitter.com/hNU866ZVWb"}], "mentions": [{"start": 0, "end": 15, "username": "realamberheard", "id": "807003567605227520"}, {"start": 16, "end": 28, "username": "BetoORourke", "id": "342863309"}], "annotations": [{"start": 66, "end": 69, "probability": 0.973, "type": "Person", "normalized_text": "Beto"}]}, "created_at": "2018-10-28T15:54:37.000Z", "text": "@realamberheard @BetoORourke Nice to see you yesterday supporting Beto!! Great speech! Inspiring and beautiful, and your Spanish was perfect! https://t.co/hNU866ZVWb", "author_id": "29226100", "in_reply_to_user_id": "807003567605227520", "replied_tweet": {"public_metrics": {"retweet_count": 87, "reply_count": 42, "like_count": 722, "quote_count": 7}, "id": "1056289651839954956", "source": "Twitter for iPhone", "lang": "en", "entities": {"hashtags": [{"start": 62, "end": 79, "tag": "samuellgrandpark"}], "urls": [{"start": 95, "end": 118, "url": "https://t.co/g2n5ksh8iW", "expanded_url": "https://twitter.com/realamberheard/status/1056289651839954956/photo/1", "display_url": "pic.twitter.com/g2n5ksh8iW"}], "mentions": [{"start": 46, "end": 58, "username": "BetoORourke", "id": "342863309"}], "annotations": [{"start": 3, "end": 11, "probability": 0.8653, "type": "Place", "normalized_text": "Dallas TX"}, {"start": 39, "end": 43, "probability": 0.9378, "type": "Place", "normalized_text": "Texas"}, {"start": 83, "end": 88, "probability": 0.9994, "type": "Place", "normalized_text": "Dallas"}, {"start": 91, "end": 92, "probability": 0.914, "type": "Place", "normalized_text": "TX"}]}, "created_at": "2018-10-27T21:00:52.000Z", "text": "In Dallas TX talk! Showing support for Texas\u2019 @BetoORourke in #samuellgrandpark in Dallas, TX! https://t.co/g2n5ksh8iW", "author_id": "807003567605227520", "author": {"description": "Actor and Activist, semi-professional disruptor, ice cream advocate and shameless teacup yorkie-lover", "profile_image_url": "https://pbs.twimg.com/profile_images/1383196364792680448/N8CdupEu_normal.jpg", "id": "807003567605227520", "name": "Amber Heard", "public_metrics": {"followers_count": 190462, "following_count": 220, "tweet_count": 1151, "listed_count": 567}, "username": "realamberheard", "created_at": "2016-12-08T23:26:58.000Z", "location": "Los Angeles, CA", "url": "https://t.co/Ze18Ek9SOI"}}, "author": {"description": "Social Justice Advocate. Minimalist Athlete. At Home Musician. Technologist. Wine Lover. #MFFL.", "profile_image_url": "https://pbs.twimg.com/profile_images/1311070177442893825/dKqfUIVw_normal.jpg", "id": "29226100", "name": "Lucy Groove", "public_metrics": {"followers_count": 301, "following_count": 430, "tweet_count": 8376, "listed_count": 0}, "username": "shari_w_j", "created_at": "2009-04-06T15:47:57.000Z", "location": "Dallas", "url": ""}}, {"public_metrics": {"retweet_count": 0, "reply_count": 0, "like_count": 4, "quote_count": 0}, "referenced_tweets": [{"type": "replied_to", "id": "1056335481665921025"}], "id": "1056573369766871040", "source": "Twitter for iPhone", "lang": "en", "created_at": "2018-10-28T15:48:16.000Z", "text": "@mfakhoury @realamberheard @BetoORourke Lol i found a bot", "author_id": "1129374620", "entities": {"mentions": [{"start": 0, "end": 10, "username": "mfakhoury", "id": "56433341"}, {"start": 11, "end": 26, "username": "realamberheard", "id": "807003567605227520"}, {"start": 27, "end": 39, "username": "BetoORourke", "id": "342863309"}]}, "in_reply_to_user_id": "56433341", "replied_tweet": {"public_metrics": {"retweet_count": 87, "reply_count": 42, "like_count": 722, "quote_count": 7}, "id": "1056289651839954956", "source": "Twitter for iPhone", "lang": "en", "entities": {"hashtags": [{"start": 62, "end": 79, "tag": "samuellgrandpark"}], "urls": [{"start": 95, "end": 118, "url": "https://t.co/g2n5ksh8iW", "expanded_url": "https://twitter.com/realamberheard/status/1056289651839954956/photo/1", "display_url": "pic.twitter.com/g2n5ksh8iW"}], "mentions": [{"start": 46, "end": 58, "username": "BetoORourke", "id": "342863309"}], "annotations": [{"start": 3, "end": 11, "probability": 0.8653, "type": "Place", "normalized_text": "Dallas TX"}, {"start": 39, "end": 43, "probability": 0.9378, "type": "Place", "normalized_text": "Texas"}, {"start": 83, "end": 88, "probability": 0.9994, "type": "Place", "normalized_text": "Dallas"}, {"start": 91, "end": 92, "probability": 0.914, "type": "Place", "normalized_text": "TX"}]}, "created_at": "2018-10-27T21:00:52.000Z", "text": "In Dallas TX talk! Showing support for Texas\u2019 @BetoORourke in #samuellgrandpark in Dallas, TX! https://t.co/g2n5ksh8iW", "author_id": "807003567605227520", "author": {"description": "Actor and Activist, semi-professional disruptor, ice cream advocate and shameless teacup yorkie-lover", "profile_image_url": "https://pbs.twimg.com/profile_images/1383196364792680448/N8CdupEu_normal.jpg", "id": "807003567605227520", "name": "Amber Heard", "public_metrics": {"followers_count": 190462, "following_count": 220, "tweet_count": 1151, "listed_count": 567}, "username": "realamberheard", "created_at": "2016-12-08T23:26:58.000Z", "location": "Los Angeles, CA", "url": "https://t.co/Ze18Ek9SOI"}}, "author": {"description": "More often than not I'm thinking about elsewhere | \u201cI read so I can live more than one life in more than one place.\u201d Anne Tyler", "profile_image_url": "https://pbs.twimg.com/profile_images/1027377327326613504/4XkDzszM_normal.jpg", "id": "1129374620", "name": "gabz", "public_metrics": {"followers_count": 83, "following_count": 35, "tweet_count": 15492, "listed_count": 4}, "username": "GabbyLLRocha", "created_at": "2013-01-28T22:20:58.000Z", "location": "TX and a million other places", "url": "https://t.co/sJnoqVfh7U"}}, {"public_metrics": {"retweet_count": 0, "reply_count": 0, "like_count": 0, "quote_count": 0}, "referenced_tweets": [{"type": "replied_to", "id": "1056289651839954956"}], "id": "1056517529739423746", "source": "Twitter Web Client", "lang": "en", "entities": {"urls": [{"start": 129, "end": 152, "url": "https://t.co/hPsbLMY3tf", "expanded_url": "https://twitter.com/realgarilano/status/1056517529739423746/photo/1", "display_url": "pic.twitter.com/hPsbLMY3tf"}], "mentions": [{"start": 0, "end": 15, "username": "realamberheard", "id": "807003567605227520"}, {"start": 16, "end": 28, "username": "BetoORourke", "id": "342863309"}], "annotations": [{"start": 29, "end": 33, "probability": 0.8676, "type": "Person", "normalized_text": "Amber"}]}, "created_at": "2018-10-28T12:06:22.000Z", "text": "@realamberheard @BetoORourke Amber , thought you might like to read the truth about hauntings. Not to many famous women authors. https://t.co/hPsbLMY3tf", "author_id": "349787339", "in_reply_to_user_id": "807003567605227520", "replied_tweet": {"public_metrics": {"retweet_count": 87, "reply_count": 42, "like_count": 722, "quote_count": 7}, "id": "1056289651839954956", "source": "Twitter for iPhone", "lang": "en", "entities": {"hashtags": [{"start": 62, "end": 79, "tag": "samuellgrandpark"}], "urls": [{"start": 95, "end": 118, "url": "https://t.co/g2n5ksh8iW", "expanded_url": "https://twitter.com/realamberheard/status/1056289651839954956/photo/1", "display_url": "pic.twitter.com/g2n5ksh8iW"}], "mentions": [{"start": 46, "end": 58, "username": "BetoORourke", "id": "342863309"}], "annotations": [{"start": 3, "end": 11, "probability": 0.8653, "type": "Place", "normalized_text": "Dallas TX"}, {"start": 39, "end": 43, "probability": 0.9378, "type": "Place", "normalized_text": "Texas"}, {"start": 83, "end": 88, "probability": 0.9994, "type": "Place", "normalized_text": "Dallas"}, {"start": 91, "end": 92, "probability": 0.914, "type": "Place", "normalized_text": "TX"}]}, "created_at": "2018-10-27T21:00:52.000Z", "text": "In Dallas TX talk! Showing support for Texas\u2019 @BetoORourke in #samuellgrandpark in Dallas, TX! https://t.co/g2n5ksh8iW", "author_id": "807003567605227520", "author": {"description": "Actor and Activist, semi-professional disruptor, ice cream advocate and shameless teacup yorkie-lover", "profile_image_url": "https://pbs.twimg.com/profile_images/1383196364792680448/N8CdupEu_normal.jpg", "id": "807003567605227520", "name": "Amber Heard", "public_metrics": {"followers_count": 190462, "following_count": 220, "tweet_count": 1151, "listed_count": 567}, "username": "realamberheard", "created_at": "2016-12-08T23:26:58.000Z", "location": "Los Angeles, CA", "url": "https://t.co/Ze18Ek9SOI"}}, "author": {"description": "#Jesus #Bible #hauntings #haunted #paranormal #hauntedhouses #demons #paranormalinvestigator #ghost \n#hauntinghelp", "profile_image_url": "https://pbs.twimg.com/profile_images/1037496579341541376/jxJh31tZ_normal.jpg", "id": "349787339", "name": "Helena V. Garilano", "public_metrics": {"followers_count": 2072, "following_count": 2115, "tweet_count": 4804, "listed_count": 0}, "username": "realgarilano", "created_at": "2011-08-06T18:01:12.000Z", "location": "Bayonne, New Jersey , USA", "url": "https://t.co/4gnx2d9ghx"}}, {"public_metrics": {"retweet_count": 0, "reply_count": 0, "like_count": 3, "quote_count": 0}, "referenced_tweets": [{"type": "replied_to", "id": "1056289651839954956"}], "id": "1056406753175367680", "source": "Twitter for iPhone", "lang": "en", "created_at": "2018-10-28T04:46:11.000Z", "text": "@realamberheard @DarbyPhillipps @BetoORourke Them boots wow! \ud83d\udd25 \ud83d\udd25 \ud83d\udd25", "author_id": "404537970", "entities": {"mentions": [{"start": 0, "end": 15, "username": "realamberheard", "id": "807003567605227520"}, {"start": 16, "end": 31, "username": "DarbyPhillipps", "id": "973648788115124224"}, {"start": 32, "end": 44, "username": "BetoORourke", "id": "342863309"}]}, "in_reply_to_user_id": "807003567605227520", "replied_tweet": {"public_metrics": {"retweet_count": 87, "reply_count": 42, "like_count": 722, "quote_count": 7}, "id": "1056289651839954956", "source": "Twitter for iPhone", "lang": "en", "entities": {"hashtags": [{"start": 62, "end": 79, "tag": "samuellgrandpark"}], "urls": [{"start": 95, "end": 118, "url": "https://t.co/g2n5ksh8iW", "expanded_url": "https://twitter.com/realamberheard/status/1056289651839954956/photo/1", "display_url": "pic.twitter.com/g2n5ksh8iW"}], "mentions": [{"start": 46, "end": 58, "username": "BetoORourke", "id": "342863309"}], "annotations": [{"start": 3, "end": 11, "probability": 0.8653, "type": "Place", "normalized_text": "Dallas TX"}, {"start": 39, "end": 43, "probability": 0.9378, "type": "Place", "normalized_text": "Texas"}, {"start": 83, "end": 88, "probability": 0.9994, "type": "Place", "normalized_text": "Dallas"}, {"start": 91, "end": 92, "probability": 0.914, "type": "Place", "normalized_text": "TX"}]}, "created_at": "2018-10-27T21:00:52.000Z", "text": "In Dallas TX talk! Showing support for Texas\u2019 @BetoORourke in #samuellgrandpark in Dallas, TX! https://t.co/g2n5ksh8iW", "author_id": "807003567605227520", "author": {"description": "Actor and Activist, semi-professional disruptor, ice cream advocate and shameless teacup yorkie-lover", "profile_image_url": "https://pbs.twimg.com/profile_images/1383196364792680448/N8CdupEu_normal.jpg", "id": "807003567605227520", "name": "Amber Heard", "public_metrics": {"followers_count": 190462, "following_count": 220, "tweet_count": 1151, "listed_count": 567}, "username": "realamberheard", "created_at": "2016-12-08T23:26:58.000Z", "location": "Los Angeles, CA", "url": "https://t.co/Ze18Ek9SOI"}}, "author": {"description": "Woman, Mom, Wife, NYC, Theatre, #Science #noReligion #kindnessFirst Bravery is not the absence of fear, but acting in the face of it.", "profile_image_url": "https://pbs.twimg.com/profile_images/1017637228518965248/kFBsZ7Lm_normal.jpg", "id": "404537970", "name": "M Maloney \ud83c\uddfa\ud83c\uddf8", "public_metrics": {"followers_count": 3375, "following_count": 4222, "tweet_count": 18596, "listed_count": 4}, "username": "MaloneyMonica", "created_at": "2011-11-04T02:09:48.000Z", "location": "New York, USA", "url": ""}}, {"public_metrics": {"retweet_count": 0, "reply_count": 0, "like_count": 1, "quote_count": 0}, "referenced_tweets": [{"type": "replied_to", "id": "1056289651839954956"}], "id": "1056403722706829312", "source": "Twitter for iPhone", "lang": "en", "created_at": "2018-10-28T04:34:09.000Z", "text": "@realamberheard @BetoORourke You\u2019re too cool for that guy", "author_id": "421563064", "entities": {"mentions": [{"start": 0, "end": 15, "username": "realamberheard", "id": "807003567605227520"}, {"start": 16, "end": 28, "username": "BetoORourke", "id": "342863309"}]}, "in_reply_to_user_id": "807003567605227520", "replied_tweet": {"public_metrics": {"retweet_count": 87, "reply_count": 42, "like_count": 722, "quote_count": 7}, "id": "1056289651839954956", "source": "Twitter for iPhone", "lang": "en", "entities": {"hashtags": [{"start": 62, "end": 79, "tag": "samuellgrandpark"}], "urls": [{"start": 95, "end": 118, "url": "https://t.co/g2n5ksh8iW", "expanded_url": "https://twitter.com/realamberheard/status/1056289651839954956/photo/1", "display_url": "pic.twitter.com/g2n5ksh8iW"}], "mentions": [{"start": 46, "end": 58, "username": "BetoORourke", "id": "342863309"}], "annotations": [{"start": 3, "end": 11, "probability": 0.8653, "type": "Place", "normalized_text": "Dallas TX"}, {"start": 39, "end": 43, "probability": 0.9378, "type": "Place", "normalized_text": "Texas"}, {"start": 83, "end": 88, "probability": 0.9994, "type": "Place", "normalized_text": "Dallas"}, {"start": 91, "end": 92, "probability": 0.914, "type": "Place", "normalized_text": "TX"}]}, "created_at": "2018-10-27T21:00:52.000Z", "text": "In Dallas TX talk! Showing support for Texas\u2019 @BetoORourke in #samuellgrandpark in Dallas, TX! https://t.co/g2n5ksh8iW", "author_id": "807003567605227520", "author": {"description": "Actor and Activist, semi-professional disruptor, ice cream advocate and shameless teacup yorkie-lover", "profile_image_url": "https://pbs.twimg.com/profile_images/1383196364792680448/N8CdupEu_normal.jpg", "id": "807003567605227520", "name": "Amber Heard", "public_metrics": {"followers_count": 190462, "following_count": 220, "tweet_count": 1151, "listed_count": 567}, "username": "realamberheard", "created_at": "2016-12-08T23:26:58.000Z", "location": "Los Angeles, CA", "url": "https://t.co/Ze18Ek9SOI"}}, "author": {"description": "The baseball field awoken my soul \u26be\ufe0f \ud83e\udde0 On God ima be the flyest. Sucker for sunset beach \ud83c\udfdd walks\ud83c\udf19\ud83c\udfa7\u2b50\ufe0f", "profile_image_url": "https://pbs.twimg.com/profile_images/964504421651615744/PXqvrTUN_normal.jpg", "id": "421563064", "name": "Dan Garza Stark The One And Only", "public_metrics": {"followers_count": 360, "following_count": 3017, "tweet_count": 35974, "listed_count": 8}, "username": "MrDanStark", "created_at": "2011-11-26T03:22:29.000Z", "location": "Malibu, CA", "url": ""}}, {"public_metrics": {"retweet_count": 0, "reply_count": 0, "like_count": 5, "quote_count": 0}, "referenced_tweets": [{"type": "replied_to", "id": "1056289651839954956"}], "id": "1056401617837285376", "source": "Twitter Web Client", "lang": "en", "created_at": "2018-10-28T04:25:47.000Z", "text": "@realamberheard @BetoORourke Thanks for coming to Texas and supporting a really great candidate and getting people to vote!", "author_id": "21133066", "entities": {"mentions": [{"start": 0, "end": 15, "username": "realamberheard", "id": "807003567605227520"}, {"start": 16, "end": 28, "username": "BetoORourke", "id": "342863309"}], "annotations": [{"start": 50, "end": 54, "probability": 0.964, "type": "Place", "normalized_text": "Texas"}]}, "in_reply_to_user_id": "807003567605227520", "replied_tweet": {"public_metrics": {"retweet_count": 87, "reply_count": 42, "like_count": 722, "quote_count": 7}, "id": "1056289651839954956", "source": "Twitter for iPhone", "lang": "en", "entities": {"hashtags": [{"start": 62, "end": 79, "tag": "samuellgrandpark"}], "urls": [{"start": 95, "end": 118, "url": "https://t.co/g2n5ksh8iW", "expanded_url": "https://twitter.com/realamberheard/status/1056289651839954956/photo/1", "display_url": "pic.twitter.com/g2n5ksh8iW"}], "mentions": [{"start": 46, "end": 58, "username": "BetoORourke", "id": "342863309"}], "annotations": [{"start": 3, "end": 11, "probability": 0.8653, "type": "Place", "normalized_text": "Dallas TX"}, {"start": 39, "end": 43, "probability": 0.9378, "type": "Place", "normalized_text": "Texas"}, {"start": 83, "end": 88, "probability": 0.9994, "type": "Place", "normalized_text": "Dallas"}, {"start": 91, "end": 92, "probability": 0.914, "type": "Place", "normalized_text": "TX"}]}, "created_at": "2018-10-27T21:00:52.000Z", "text": "In Dallas TX talk! Showing support for Texas\u2019 @BetoORourke in #samuellgrandpark in Dallas, TX! https://t.co/g2n5ksh8iW", "author_id": "807003567605227520", "author": {"description": "Actor and Activist, semi-professional disruptor, ice cream advocate and shameless teacup yorkie-lover", "profile_image_url": "https://pbs.twimg.com/profile_images/1383196364792680448/N8CdupEu_normal.jpg", "id": "807003567605227520", "name": "Amber Heard", "public_metrics": {"followers_count": 190462, "following_count": 220, "tweet_count": 1151, "listed_count": 567}, "username": "realamberheard", "created_at": "2016-12-08T23:26:58.000Z", "location": "Los Angeles, CA", "url": "https://t.co/Ze18Ek9SOI"}}, "author": {"description": "\ud83c\udff3\ufe0f\u200d\ud83c\udf08Gender rebel. Rainbow Award Winner & Bestseller. Eine Kleine Press. \ud83c\udff3\ufe0f\u200d\u26a7\ufe0f In Vineyard Veritas, a queer cozy mystery w/@thursdayeuclid", "profile_image_url": "https://pbs.twimg.com/profile_images/1295963972387180544/zT0G8mkd_normal.jpg", "id": "21133066", "name": "\u2734\ufe0fBeto for TX Gov: it's life or death \ud83c\udff3\ufe0f\u200d\ud83c\udf08\ud83c\udff3\ufe0f\u200d\u26a7\ufe0f", "public_metrics": {"followers_count": 1106, "following_count": 928, "tweet_count": 63381, "listed_count": 48}, "username": "clancynacht", "created_at": "2009-02-17T21:31:58.000Z", "url": "https://t.co/UN7ee6OpHT"}}, {"public_metrics": {"retweet_count": 0, "reply_count": 0, "like_count": 1, "quote_count": 0}, "referenced_tweets": [{"type": "replied_to", "id": "1056289651839954956"}], "id": "1056393986921938945", "source": "Twitter Web Client", "lang": "en", "created_at": "2018-10-28T03:55:27.000Z", "text": "@realamberheard @BetoORourke You are simply the most amazing woman ever", "author_id": "875022170", "entities": {"mentions": [{"start": 0, "end": 15, "username": "realamberheard", "id": "807003567605227520"}, {"start": 16, "end": 28, "username": "BetoORourke", "id": "342863309"}]}, "in_reply_to_user_id": "807003567605227520", "replied_tweet": {"public_metrics": {"retweet_count": 87, "reply_count": 42, "like_count": 722, "quote_count": 7}, "id": "1056289651839954956", "source": "Twitter for iPhone", "lang": "en", "entities": {"hashtags": [{"start": 62, "end": 79, "tag": "samuellgrandpark"}], "urls": [{"start": 95, "end": 118, "url": "https://t.co/g2n5ksh8iW", "expanded_url": "https://twitter.com/realamberheard/status/1056289651839954956/photo/1", "display_url": "pic.twitter.com/g2n5ksh8iW"}], "mentions": [{"start": 46, "end": 58, "username": "BetoORourke", "id": "342863309"}], "annotations": [{"start": 3, "end": 11, "probability": 0.8653, "type": "Place", "normalized_text": "Dallas TX"}, {"start": 39, "end": 43, "probability": 0.9378, "type": "Place", "normalized_text": "Texas"}, {"start": 83, "end": 88, "probability": 0.9994, "type": "Place", "normalized_text": "Dallas"}, {"start": 91, "end": 92, "probability": 0.914, "type": "Place", "normalized_text": "TX"}]}, "created_at": "2018-10-27T21:00:52.000Z", "text": "In Dallas TX talk! Showing support for Texas\u2019 @BetoORourke in #samuellgrandpark in Dallas, TX! https://t.co/g2n5ksh8iW", "author_id": "807003567605227520", "author": {"description": "Actor and Activist, semi-professional disruptor, ice cream advocate and shameless teacup yorkie-lover", "profile_image_url": "https://pbs.twimg.com/profile_images/1383196364792680448/N8CdupEu_normal.jpg", "id": "807003567605227520", "name": "Amber Heard", "public_metrics": {"followers_count": 190462, "following_count": 220, "tweet_count": 1151, "listed_count": 567}, "username": "realamberheard", "created_at": "2016-12-08T23:26:58.000Z", "location": "Los Angeles, CA", "url": "https://t.co/Ze18Ek9SOI"}}, "author": {"description": "A Racist, Orange faced Dictator in Our White House demands our #Resistance and Defiance. #VoteBlueNoMatterWho #Uniteblue #NotMyPresident Viva La Resistance", "profile_image_url": "https://pbs.twimg.com/profile_images/1246226085454495745/Egy6b4Lw_normal.jpg", "id": "875022170", "name": "IShallResist", "public_metrics": {"followers_count": 5790, "following_count": 5432, "tweet_count": 98371, "listed_count": 34}, "username": "IShallResist", "created_at": "2012-10-12T05:55:20.000Z", "location": "USA", "url": ""}}, {"public_metrics": {"retweet_count": 0, "reply_count": 1, "like_count": 1, "quote_count": 0}, "referenced_tweets": [{"type": "replied_to", "id": "1056289651839954956"}], "id": "1056393572424077313", "source": "Twitter for iPhone", "lang": "en", "created_at": "2018-10-28T03:53:49.000Z", "text": "@realamberheard @BetoORourke Amber go Red", "author_id": "578121409", "entities": {"mentions": [{"start": 0, "end": 15, "username": "realamberheard", "id": "807003567605227520"}, {"start": 16, "end": 28, "username": "BetoORourke", "id": "342863309"}], "annotations": [{"start": 29, "end": 33, "probability": 0.6439, "type": "Person", "normalized_text": "Amber"}]}, "in_reply_to_user_id": "807003567605227520", "replied_tweet": {"public_metrics": {"retweet_count": 87, "reply_count": 42, "like_count": 722, "quote_count": 7}, "id": "1056289651839954956", "source": "Twitter for iPhone", "lang": "en", "entities": {"hashtags": [{"start": 62, "end": 79, "tag": "samuellgrandpark"}], "urls": [{"start": 95, "end": 118, "url": "https://t.co/g2n5ksh8iW", "expanded_url": "https://twitter.com/realamberheard/status/1056289651839954956/photo/1", "display_url": "pic.twitter.com/g2n5ksh8iW"}], "mentions": [{"start": 46, "end": 58, "username": "BetoORourke", "id": "342863309"}], "annotations": [{"start": 3, "end": 11, "probability": 0.8653, "type": "Place", "normalized_text": "Dallas TX"}, {"start": 39, "end": 43, "probability": 0.9378, "type": "Place", "normalized_text": "Texas"}, {"start": 83, "end": 88, "probability": 0.9994, "type": "Place", "normalized_text": "Dallas"}, {"start": 91, "end": 92, "probability": 0.914, "type": "Place", "normalized_text": "TX"}]}, "created_at": "2018-10-27T21:00:52.000Z", "text": "In Dallas TX talk! Showing support for Texas\u2019 @BetoORourke in #samuellgrandpark in Dallas, TX! https://t.co/g2n5ksh8iW", "author_id": "807003567605227520", "author": {"description": "Actor and Activist, semi-professional disruptor, ice cream advocate and shameless teacup yorkie-lover", "profile_image_url": "https://pbs.twimg.com/profile_images/1383196364792680448/N8CdupEu_normal.jpg", "id": "807003567605227520", "name": "Amber Heard", "public_metrics": {"followers_count": 190462, "following_count": 220, "tweet_count": 1151, "listed_count": 567}, "username": "realamberheard", "created_at": "2016-12-08T23:26:58.000Z", "location": "Los Angeles, CA", "url": "https://t.co/Ze18Ek9SOI"}}, "author": {"description": "I'm spirit led, educated and work hard with more concern with how you love your family, friends and neighbors than whether you drink, smoke or cuss", "profile_image_url": "https://pbs.twimg.com/profile_images/1387604027572097024/yhJzqNQW_normal.jpg", "id": "578121409", "name": "levans / Patriot Fan", "public_metrics": {"followers_count": 268, "following_count": 511, "tweet_count": 7464, "listed_count": 0}, "username": "levans20", "created_at": "2012-05-12T14:46:50.000Z", "location": "Indianapolis, IN", "url": ""}}, {"public_metrics": {"retweet_count": 0, "reply_count": 0, "like_count": 2, "quote_count": 0}, "referenced_tweets": [{"type": "replied_to", "id": "1056376924887568384"}], "id": "1056393029542645760", "source": "Twitter for iPhone", "lang": "en", "created_at": "2018-10-28T03:51:39.000Z", "text": "@RealJPTX @realamberheard @BetoORourke Wahoo!!  Good for you, Jerry!!  \ud83d\uddf3", "author_id": "2381216310", "entities": {"mentions": [{"start": 10, "end": 25, "username": "realamberheard", "id": "807003567605227520"}, {"start": 26, "end": 38, "username": "BetoORourke", "id": "342863309"}], "annotations": [{"start": 62, "end": 66, "probability": 0.9721, "type": "Person", "normalized_text": "Jerry"}]}, "in_reply_to_user_id": "975721548538662912", "replied_tweet": {"public_metrics": {"retweet_count": 87, "reply_count": 42, "like_count": 722, "quote_count": 7}, "id": "1056289651839954956", "source": "Twitter for iPhone", "lang": "en", "entities": {"hashtags": [{"start": 62, "end": 79, "tag": "samuellgrandpark"}], "urls": [{"start": 95, "end": 118, "url": "https://t.co/g2n5ksh8iW", "expanded_url": "https://twitter.com/realamberheard/status/1056289651839954956/photo/1", "display_url": "pic.twitter.com/g2n5ksh8iW"}], "mentions": [{"start": 46, "end": 58, "username": "BetoORourke", "id": "342863309"}], "annotations": [{"start": 3, "end": 11, "probability": 0.8653, "type": "Place", "normalized_text": "Dallas TX"}, {"start": 39, "end": 43, "probability": 0.9378, "type": "Place", "normalized_text": "Texas"}, {"start": 83, "end": 88, "probability": 0.9994, "type": "Place", "normalized_text": "Dallas"}, {"start": 91, "end": 92, "probability": 0.914, "type": "Place", "normalized_text": "TX"}]}, "created_at": "2018-10-27T21:00:52.000Z", "text": "In Dallas TX talk! Showing support for Texas\u2019 @BetoORourke in #samuellgrandpark in Dallas, TX! https://t.co/g2n5ksh8iW", "author_id": "807003567605227520", "author": {"description": "Actor and Activist, semi-professional disruptor, ice cream advocate and shameless teacup yorkie-lover", "profile_image_url": "https://pbs.twimg.com/profile_images/1383196364792680448/N8CdupEu_normal.jpg", "id": "807003567605227520", "name": "Amber Heard", "public_metrics": {"followers_count": 190462, "following_count": 220, "tweet_count": 1151, "listed_count": 567}, "username": "realamberheard", "created_at": "2016-12-08T23:26:58.000Z", "location": "Los Angeles, CA", "url": "https://t.co/Ze18Ek9SOI"}}, "author": {"description": "Wife, mom, breast cancer RESEARCH advocate (that\u2019s NOT Komen), Iowa Hawkeyes & Dallas sports fan. Bright blue dot in a sad sea of red.", "profile_image_url": "https://pbs.twimg.com/profile_images/1334632332553297923/T_lZBcMT_normal.jpg", "id": "2381216310", "name": "HawkeyeInDallas", "public_metrics": {"followers_count": 2030, "following_count": 779, "tweet_count": 33770, "listed_count": 9}, "username": "HawkeyeInDallas", "created_at": "2014-03-10T00:12:25.000Z", "location": "Frisco, TX", "url": ""}}, {"public_metrics": {"retweet_count": 0, "reply_count": 0, "like_count": 1, "quote_count": 0}, "referenced_tweets": [{"type": "replied_to", "id": "1056289651839954956"}], "id": "1056368137115918338", "source": "Twitter for iPhone", "lang": "und", "created_at": "2018-10-28T02:12:44.000Z", "text": "@realamberheard @BetoORourke \u0111ep/", "author_id": "711917271149469696", "entities": {"mentions": [{"start": 0, "end": 15, "username": "realamberheard", "id": "807003567605227520"}, {"start": 16, "end": 28, "username": "BetoORourke", "id": "342863309"}]}, "in_reply_to_user_id": "807003567605227520", "replied_tweet": {"public_metrics": {"retweet_count": 87, "reply_count": 42, "like_count": 722, "quote_count": 7}, "id": "1056289651839954956", "source": "Twitter for iPhone", "lang": "en", "entities": {"hashtags": [{"start": 62, "end": 79, "tag": "samuellgrandpark"}], "urls": [{"start": 95, "end": 118, "url": "https://t.co/g2n5ksh8iW", "expanded_url": "https://twitter.com/realamberheard/status/1056289651839954956/photo/1", "display_url": "pic.twitter.com/g2n5ksh8iW"}], "mentions": [{"start": 46, "end": 58, "username": "BetoORourke", "id": "342863309"}], "annotations": [{"start": 3, "end": 11, "probability": 0.8653, "type": "Place", "normalized_text": "Dallas TX"}, {"start": 39, "end": 43, "probability": 0.9378, "type": "Place", "normalized_text": "Texas"}, {"start": 83, "end": 88, "probability": 0.9994, "type": "Place", "normalized_text": "Dallas"}, {"start": 91, "end": 92, "probability": 0.914, "type": "Place", "normalized_text": "TX"}]}, "created_at": "2018-10-27T21:00:52.000Z", "text": "In Dallas TX talk! Showing support for Texas\u2019 @BetoORourke in #samuellgrandpark in Dallas, TX! https://t.co/g2n5ksh8iW", "author_id": "807003567605227520", "author": {"description": "Actor and Activist, semi-professional disruptor, ice cream advocate and shameless teacup yorkie-lover", "profile_image_url": "https://pbs.twimg.com/profile_images/1383196364792680448/N8CdupEu_normal.jpg", "id": "807003567605227520", "name": "Amber Heard", "public_metrics": {"followers_count": 190462, "following_count": 220, "tweet_count": 1151, "listed_count": 567}, "username": "realamberheard", "created_at": "2016-12-08T23:26:58.000Z", "location": "Los Angeles, CA", "url": "https://t.co/Ze18Ek9SOI"}}, "author": {"description": "m\u1ecdi th\u1ee9 \u0111\u1ec1u c\u00f3 hai m\u1eb7t- nh\u01b0ng t\u00f4i CM se thanh m\u00f4t m\u1eb7t\ud83d\ude00!", "profile_image_url": "https://pbs.twimg.com/profile_images/1283954141543317505/py_dIiRk_normal.jpg", "id": "711917271149469696", "name": "KT", "public_metrics": {"followers_count": 95, "following_count": 47, "tweet_count": 1180, "listed_count": 0}, "username": "KT53951142", "created_at": "2016-03-21T14:07:59.000Z", "location": "Vi\u1ec7t Nam", "url": ""}}, {"public_metrics": {"retweet_count": 0, "reply_count": 0, "like_count": 0, "quote_count": 0}, "referenced_tweets": [{"type": "replied_to", "id": "1056289651839954956"}], "id": "1056352322375372800", "source": "Twitter Web Client", "lang": "und", "entities": {"urls": [{"start": 29, "end": 52, "url": "https://t.co/tFQSn4AucE", "expanded_url": "https://www.gofundme.com/Ashley-has-Brain-Cancer", "display_url": "gofundme.com/Ashley-has-Bra\u2026"}], "mentions": [{"start": 0, "end": 15, "username": "realamberheard", "id": "807003567605227520"}, {"start": 16, "end": 28, "username": "BetoORourke", "id": "342863309"}]}, "created_at": "2018-10-28T01:09:54.000Z", "text": "@realamberheard @BetoORourke https://t.co/tFQSn4AucE", "author_id": "1055259283309379584", "in_reply_to_user_id": "807003567605227520", "replied_tweet": {"public_metrics": {"retweet_count": 87, "reply_count": 42, "like_count": 722, "quote_count": 7}, "id": "1056289651839954956", "source": "Twitter for iPhone", "lang": "en", "entities": {"hashtags": [{"start": 62, "end": 79, "tag": "samuellgrandpark"}], "urls": [{"start": 95, "end": 118, "url": "https://t.co/g2n5ksh8iW", "expanded_url": "https://twitter.com/realamberheard/status/1056289651839954956/photo/1", "display_url": "pic.twitter.com/g2n5ksh8iW"}], "mentions": [{"start": 46, "end": 58, "username": "BetoORourke", "id": "342863309"}], "annotations": [{"start": 3, "end": 11, "probability": 0.8653, "type": "Place", "normalized_text": "Dallas TX"}, {"start": 39, "end": 43, "probability": 0.9378, "type": "Place", "normalized_text": "Texas"}, {"start": 83, "end": 88, "probability": 0.9994, "type": "Place", "normalized_text": "Dallas"}, {"start": 91, "end": 92, "probability": 0.914, "type": "Place", "normalized_text": "TX"}]}, "created_at": "2018-10-27T21:00:52.000Z", "text": "In Dallas TX talk! Showing support for Texas\u2019 @BetoORourke in #samuellgrandpark in Dallas, TX! https://t.co/g2n5ksh8iW", "author_id": "807003567605227520", "author": {"description": "Actor and Activist, semi-professional disruptor, ice cream advocate and shameless teacup yorkie-lover", "profile_image_url": "https://pbs.twimg.com/profile_images/1383196364792680448/N8CdupEu_normal.jpg", "id": "807003567605227520", "name": "Amber Heard", "public_metrics": {"followers_count": 190462, "following_count": 220, "tweet_count": 1151, "listed_count": 567}, "username": "realamberheard", "created_at": "2016-12-08T23:26:58.000Z", "location": "Los Angeles, CA", "url": "https://t.co/Ze18Ek9SOI"}}, "author": {"description": "Helping my best friend Ashley in her last days.", "profile_image_url": "https://pbs.twimg.com/profile_images/1055259387974086656/ROEaZG7C_normal.jpg", "id": "1055259283309379584", "name": "Ashley has Brain Cancer", "public_metrics": {"followers_count": 1, "following_count": 2, "tweet_count": 316, "listed_count": 0}, "username": "AshleyCancer", "created_at": "2018-10-25T00:46:33.000Z", "url": ""}}, {"public_metrics": {"retweet_count": 0, "reply_count": 0, "like_count": 1, "quote_count": 0}, "referenced_tweets": [{"type": "replied_to", "id": "1056289651839954956"}], "id": "1056349974072643584", "source": "Twitter for Android", "lang": "und", "entities": {"urls": [{"start": 29, "end": 52, "url": "https://t.co/48w095seie", "expanded_url": "https://twitter.com/NathanAntonyBr1/status/1056349974072643584/photo/1", "display_url": "pic.twitter.com/48w095seie"}], "mentions": [{"start": 0, "end": 15, "username": "realamberheard", "id": "807003567605227520"}, {"start": 16, "end": 28, "username": "BetoORourke", "id": "342863309"}]}, "created_at": "2018-10-28T01:00:34.000Z", "text": "@realamberheard @BetoORourke https://t.co/48w095seie", "author_id": "795486453094617088", "in_reply_to_user_id": "807003567605227520", "replied_tweet": {"public_metrics": {"retweet_count": 87, "reply_count": 42, "like_count": 722, "quote_count": 7}, "id": "1056289651839954956", "source": "Twitter for iPhone", "lang": "en", "entities": {"hashtags": [{"start": 62, "end": 79, "tag": "samuellgrandpark"}], "urls": [{"start": 95, "end": 118, "url": "https://t.co/g2n5ksh8iW", "expanded_url": "https://twitter.com/realamberheard/status/1056289651839954956/photo/1", "display_url": "pic.twitter.com/g2n5ksh8iW"}], "mentions": [{"start": 46, "end": 58, "username": "BetoORourke", "id": "342863309"}], "annotations": [{"start": 3, "end": 11, "probability": 0.8653, "type": "Place", "normalized_text": "Dallas TX"}, {"start": 39, "end": 43, "probability": 0.9378, "type": "Place", "normalized_text": "Texas"}, {"start": 83, "end": 88, "probability": 0.9994, "type": "Place", "normalized_text": "Dallas"}, {"start": 91, "end": 92, "probability": 0.914, "type": "Place", "normalized_text": "TX"}]}, "created_at": "2018-10-27T21:00:52.000Z", "text": "In Dallas TX talk! Showing support for Texas\u2019 @BetoORourke in #samuellgrandpark in Dallas, TX! https://t.co/g2n5ksh8iW", "author_id": "807003567605227520", "author": {"description": "Actor and Activist, semi-professional disruptor, ice cream advocate and shameless teacup yorkie-lover", "profile_image_url": "https://pbs.twimg.com/profile_images/1383196364792680448/N8CdupEu_normal.jpg", "id": "807003567605227520", "name": "Amber Heard", "public_metrics": {"followers_count": 190462, "following_count": 220, "tweet_count": 1151, "listed_count": 567}, "username": "realamberheard", "created_at": "2016-12-08T23:26:58.000Z", "location": "Los Angeles, CA", "url": "https://t.co/Ze18Ek9SOI"}}, "author": {"description": "1 Kilo of steak demolished! Best 28.50\u20ac ever spent!\u2764YNWA\u2764Benidorm\u2764The Sopranos\u2764don'tbuytheS*n\u2764\n\u2764Boycott Ubisoft games\u2764Money Heist\u2764TFC\u2764Fuck the Tories\ud83d\udc99", "profile_image_url": "https://pbs.twimg.com/profile_images/1497647692452966408/V5wDygE3_normal.jpg", "id": "795486453094617088", "name": "\u2b50\u2b50Nathan\u2b50\u2b50B\ud83d\udd2bown\u2b50\u2b50", "public_metrics": {"followers_count": 298, "following_count": 1251, "tweet_count": 18810, "listed_count": 3}, "username": "19Meridian77", "created_at": "2016-11-07T04:42:04.000Z", "location": "Tamworth", "url": ""}}, {"public_metrics": {"retweet_count": 0, "reply_count": 1, "like_count": 4, "quote_count": 0}, "referenced_tweets": [{"type": "replied_to", "id": "1056289651839954956"}], "id": "1056335481665921025", "source": "Twitter Web App", "lang": "en", "created_at": "2018-10-28T00:02:59.000Z", "text": "@realamberheard @BetoORourke The only reason that you are in movies is not because you're talented because you have zero talent I studied acting for 15 years you're horrible is because you happen to be a good-looking woman on the outside but a terrible one on the inside I could see right through you.", "author_id": "56433341", "entities": {"mentions": [{"start": 0, "end": 15, "username": "realamberheard", "id": "807003567605227520"}, {"start": 16, "end": 28, "username": "BetoORourke", "id": "342863309"}]}, "in_reply_to_user_id": "807003567605227520", "replied_tweet": {"public_metrics": {"retweet_count": 87, "reply_count": 42, "like_count": 722, "quote_count": 7}, "id": "1056289651839954956", "source": "Twitter for iPhone", "lang": "en", "entities": {"hashtags": [{"start": 62, "end": 79, "tag": "samuellgrandpark"}], "urls": [{"start": 95, "end": 118, "url": "https://t.co/g2n5ksh8iW", "expanded_url": "https://twitter.com/realamberheard/status/1056289651839954956/photo/1", "display_url": "pic.twitter.com/g2n5ksh8iW"}], "mentions": [{"start": 46, "end": 58, "username": "BetoORourke", "id": "342863309"}], "annotations": [{"start": 3, "end": 11, "probability": 0.8653, "type": "Place", "normalized_text": "Dallas TX"}, {"start": 39, "end": 43, "probability": 0.9378, "type": "Place", "normalized_text": "Texas"}, {"start": 83, "end": 88, "probability": 0.9994, "type": "Place", "normalized_text": "Dallas"}, {"start": 91, "end": 92, "probability": 0.914, "type": "Place", "normalized_text": "TX"}]}, "created_at": "2018-10-27T21:00:52.000Z", "text": "In Dallas TX talk! Showing support for Texas\u2019 @BetoORourke in #samuellgrandpark in Dallas, TX! https://t.co/g2n5ksh8iW", "author_id": "807003567605227520", "author": {"description": "Actor and Activist, semi-professional disruptor, ice cream advocate and shameless teacup yorkie-lover", "profile_image_url": "https://pbs.twimg.com/profile_images/1383196364792680448/N8CdupEu_normal.jpg", "id": "807003567605227520", "name": "Amber Heard", "public_metrics": {"followers_count": 190462, "following_count": 220, "tweet_count": 1151, "listed_count": 567}, "username": "realamberheard", "created_at": "2016-12-08T23:26:58.000Z", "location": "Los Angeles, CA", "url": "https://t.co/Ze18Ek9SOI"}}, "author": {"description": "I'm a singer-songwriter that brings many cultures and musical genres together. Check out my website, and find me on YouTube.", "profile_image_url": "https://pbs.twimg.com/profile_images/1185582115913699328/6QMP-aek_normal.jpg", "id": "56433341", "name": "Mary Fakhoury", "public_metrics": {"followers_count": 14473, "following_count": 14140, "tweet_count": 4762, "listed_count": 101}, "username": "mfakhoury", "created_at": "2009-07-13T17:24:57.000Z", "location": "Chicago, IL", "url": "https://t.co/q48bVjzfxD"}}, {"public_metrics": {"retweet_count": 0, "reply_count": 0, "like_count": 5, "quote_count": 0}, "referenced_tweets": [{"type": "replied_to", "id": "1056289651839954956"}], "id": "1056335360198930432", "source": "Twitter Web App", "lang": "en", "created_at": "2018-10-28T00:02:30.000Z", "text": "@realamberheard @BetoORourke I'm sorry but you're just the most fake person on the planet you totally use Johnny Depp I don't believe a word that you're saying about abuse and you're just disgusting you are a oh my God vile person just vile with zero acting skills you're only famous and in movies because of.", "author_id": "56433341", "entities": {"mentions": [{"start": 0, "end": 15, "username": "realamberheard", "id": "807003567605227520"}, {"start": 16, "end": 28, "username": "BetoORourke", "id": "342863309"}], "annotations": [{"start": 106, "end": 116, "probability": 0.9871, "type": "Person", "normalized_text": "Johnny Depp"}, {"start": 215, "end": 217, "probability": 0.853, "type": "Other", "normalized_text": "God"}]}, "in_reply_to_user_id": "807003567605227520", "replied_tweet": {"public_metrics": {"retweet_count": 87, "reply_count": 42, "like_count": 722, "quote_count": 7}, "id": "1056289651839954956", "source": "Twitter for iPhone", "lang": "en", "entities": {"hashtags": [{"start": 62, "end": 79, "tag": "samuellgrandpark"}], "urls": [{"start": 95, "end": 118, "url": "https://t.co/g2n5ksh8iW", "expanded_url": "https://twitter.com/realamberheard/status/1056289651839954956/photo/1", "display_url": "pic.twitter.com/g2n5ksh8iW"}], "mentions": [{"start": 46, "end": 58, "username": "BetoORourke", "id": "342863309"}], "annotations": [{"start": 3, "end": 11, "probability": 0.8653, "type": "Place", "normalized_text": "Dallas TX"}, {"start": 39, "end": 43, "probability": 0.9378, "type": "Place", "normalized_text": "Texas"}, {"start": 83, "end": 88, "probability": 0.9994, "type": "Place", "normalized_text": "Dallas"}, {"start": 91, "end": 92, "probability": 0.914, "type": "Place", "normalized_text": "TX"}]}, "created_at": "2018-10-27T21:00:52.000Z", "text": "In Dallas TX talk! Showing support for Texas\u2019 @BetoORourke in #samuellgrandpark in Dallas, TX! https://t.co/g2n5ksh8iW", "author_id": "807003567605227520", "author": {"description": "Actor and Activist, semi-professional disruptor, ice cream advocate and shameless teacup yorkie-lover", "profile_image_url": "https://pbs.twimg.com/profile_images/1383196364792680448/N8CdupEu_normal.jpg", "id": "807003567605227520", "name": "Amber Heard", "public_metrics": {"followers_count": 190462, "following_count": 220, "tweet_count": 1151, "listed_count": 567}, "username": "realamberheard", "created_at": "2016-12-08T23:26:58.000Z", "location": "Los Angeles, CA", "url": "https://t.co/Ze18Ek9SOI"}}, "author": {"description": "I'm a singer-songwriter that brings many cultures and musical genres together. Check out my website, and find me on YouTube.", "profile_image_url": "https://pbs.twimg.com/profile_images/1185582115913699328/6QMP-aek_normal.jpg", "id": "56433341", "name": "Mary Fakhoury", "public_metrics": {"followers_count": 14473, "following_count": 14140, "tweet_count": 4762, "listed_count": 101}, "username": "mfakhoury", "created_at": "2009-07-13T17:24:57.000Z", "location": "Chicago, IL", "url": "https://t.co/q48bVjzfxD"}}, {"public_metrics": {"retweet_count": 0, "reply_count": 0, "like_count": 2, "quote_count": 0}, "referenced_tweets": [{"type": "replied_to", "id": "1056289651839954956"}], "id": "1056304626264408064", "source": "Twitter for Android", "lang": "en", "entities": {"hashtags": [{"start": 54, "end": 64, "tag": "oralepues"}], "mentions": [{"start": 0, "end": 15, "username": "realamberheard", "id": "807003567605227520"}, {"start": 16, "end": 28, "username": "BetoORourke", "id": "342863309"}]}, "created_at": "2018-10-27T22:00:22.000Z", "text": "@realamberheard @BetoORourke Your Spanish was great!! #oralepues", "author_id": "150040125", "in_reply_to_user_id": "807003567605227520", "replied_tweet": {"public_metrics": {"retweet_count": 87, "reply_count": 42, "like_count": 722, "quote_count": 7}, "id": "1056289651839954956", "source": "Twitter for iPhone", "lang": "en", "entities": {"hashtags": [{"start": 62, "end": 79, "tag": "samuellgrandpark"}], "urls": [{"start": 95, "end": 118, "url": "https://t.co/g2n5ksh8iW", "expanded_url": "https://twitter.com/realamberheard/status/1056289651839954956/photo/1", "display_url": "pic.twitter.com/g2n5ksh8iW"}], "mentions": [{"start": 46, "end": 58, "username": "BetoORourke", "id": "342863309"}], "annotations": [{"start": 3, "end": 11, "probability": 0.8653, "type": "Place", "normalized_text": "Dallas TX"}, {"start": 39, "end": 43, "probability": 0.9378, "type": "Place", "normalized_text": "Texas"}, {"start": 83, "end": 88, "probability": 0.9994, "type": "Place", "normalized_text": "Dallas"}, {"start": 91, "end": 92, "probability": 0.914, "type": "Place", "normalized_text": "TX"}]}, "created_at": "2018-10-27T21:00:52.000Z", "text": "In Dallas TX talk! Showing support for Texas\u2019 @BetoORourke in #samuellgrandpark in Dallas, TX! https://t.co/g2n5ksh8iW", "author_id": "807003567605227520", "author": {"description": "Actor and Activist, semi-professional disruptor, ice cream advocate and shameless teacup yorkie-lover", "profile_image_url": "https://pbs.twimg.com/profile_images/1383196364792680448/N8CdupEu_normal.jpg", "id": "807003567605227520", "name": "Amber Heard", "public_metrics": {"followers_count": 190462, "following_count": 220, "tweet_count": 1151, "listed_count": 567}, "username": "realamberheard", "created_at": "2016-12-08T23:26:58.000Z", "location": "Los Angeles, CA", "url": "https://t.co/Ze18Ek9SOI"}}, "author": {"description": "I'm Daisy. Soy Daisy.", "profile_image_url": "https://pbs.twimg.com/profile_images/1378081140/SAM_2967_128x160_normal.jpg", "id": "150040125", "name": "Daisy", "public_metrics": {"followers_count": 178, "following_count": 240, "tweet_count": 8466, "listed_count": 5}, "username": "dangdaisy", "created_at": "2010-05-30T22:47:41.000Z", "location": "Addison, TX", "url": ""}}, {"public_metrics": {"retweet_count": 0, "reply_count": 0, "like_count": 0, "quote_count": 0}, "referenced_tweets": [{"type": "replied_to", "id": "1056289651839954956"}], "id": "1056302793114484736", "source": "Twitter Web Client", "lang": "en", "entities": {"urls": [{"start": 64, "end": 87, "url": "https://t.co/0YgjDK7PFz", "expanded_url": "https://twitter.com/realamberheard/status/1056289651839954956/photo/1", "display_url": "pic.twitter.com/0YgjDK7PFz"}], "mentions": [{"start": 0, "end": 15, "username": "realamberheard", "id": "807003567605227520"}, {"start": 16, "end": 28, "username": "BetoORourke", "id": "342863309"}, {"start": 29, "end": 44, "username": "realamberheard", "id": "807003567605227520"}]}, "created_at": "2018-10-27T21:53:05.000Z", "text": "@realamberheard @BetoORourke @realamberheard Pure beauty!!! \ud83d\udc96\ud83d\udc96\ud83d\udc96 https://t.co/0YgjDK7PFz", "author_id": "889508051123941376", "in_reply_to_user_id": "807003567605227520", "replied_tweet": {"public_metrics": {"retweet_count": 87, "reply_count": 42, "like_count": 722, "quote_count": 7}, "id": "1056289651839954956", "source": "Twitter for iPhone", "lang": "en", "entities": {"hashtags": [{"start": 62, "end": 79, "tag": "samuellgrandpark"}], "urls": [{"start": 95, "end": 118, "url": "https://t.co/g2n5ksh8iW", "expanded_url": "https://twitter.com/realamberheard/status/1056289651839954956/photo/1", "display_url": "pic.twitter.com/g2n5ksh8iW"}], "mentions": [{"start": 46, "end": 58, "username": "BetoORourke", "id": "342863309"}], "annotations": [{"start": 3, "end": 11, "probability": 0.8653, "type": "Place", "normalized_text": "Dallas TX"}, {"start": 39, "end": 43, "probability": 0.9378, "type": "Place", "normalized_text": "Texas"}, {"start": 83, "end": 88, "probability": 0.9994, "type": "Place", "normalized_text": "Dallas"}, {"start": 91, "end": 92, "probability": 0.914, "type": "Place", "normalized_text": "TX"}]}, "created_at": "2018-10-27T21:00:52.000Z", "text": "In Dallas TX talk! Showing support for Texas\u2019 @BetoORourke in #samuellgrandpark in Dallas, TX! https://t.co/g2n5ksh8iW", "author_id": "807003567605227520", "author": {"description": "Actor and Activist, semi-professional disruptor, ice cream advocate and shameless teacup yorkie-lover", "profile_image_url": "https://pbs.twimg.com/profile_images/1383196364792680448/N8CdupEu_normal.jpg", "id": "807003567605227520", "name": "Amber Heard", "public_metrics": {"followers_count": 190462, "following_count": 220, "tweet_count": 1151, "listed_count": 567}, "username": "realamberheard", "created_at": "2016-12-08T23:26:58.000Z", "location": "Los Angeles, CA", "url": "https://t.co/Ze18Ek9SOI"}}, "author": {"description": "", "profile_image_url": "https://pbs.twimg.com/profile_images/889516653213515777/adv7N1F9_normal.jpg", "id": "889508051123941376", "name": "Mario Marquez", "public_metrics": {"followers_count": 5, "following_count": 210, "tweet_count": 12367, "listed_count": 0}, "username": "Maritouy", "created_at": "2017-07-24T15:30:20.000Z", "url": ""}}, {"public_metrics": {"retweet_count": 0, "reply_count": 0, "like_count": 0, "quote_count": 0}, "referenced_tweets": [{"type": "replied_to", "id": "1056289651839954956"}], "id": "1056302759773913088", "source": "Twitter Web Client", "lang": "en", "created_at": "2018-10-27T21:52:57.000Z", "text": "@realamberheard @BetoORourke Amber, you're going to have to find worse clothes than that and cover your face to blend-in with that dweeb LOL.", "author_id": "316775459", "entities": {"mentions": [{"start": 0, "end": 15, "username": "realamberheard", "id": "807003567605227520"}, {"start": 16, "end": 28, "username": "BetoORourke", "id": "342863309"}], "annotations": [{"start": 29, "end": 33, "probability": 0.9039, "type": "Person", "normalized_text": "Amber"}]}, "in_reply_to_user_id": "807003567605227520", "replied_tweet": {"public_metrics": {"retweet_count": 87, "reply_count": 42, "like_count": 722, "quote_count": 7}, "id": "1056289651839954956", "source": "Twitter for iPhone", "lang": "en", "entities": {"hashtags": [{"start": 62, "end": 79, "tag": "samuellgrandpark"}], "urls": [{"start": 95, "end": 118, "url": "https://t.co/g2n5ksh8iW", "expanded_url": "https://twitter.com/realamberheard/status/1056289651839954956/photo/1", "display_url": "pic.twitter.com/g2n5ksh8iW"}], "mentions": [{"start": 46, "end": 58, "username": "BetoORourke", "id": "342863309"}], "annotations": [{"start": 3, "end": 11, "probability": 0.8653, "type": "Place", "normalized_text": "Dallas TX"}, {"start": 39, "end": 43, "probability": 0.9378, "type": "Place", "normalized_text": "Texas"}, {"start": 83, "end": 88, "probability": 0.9994, "type": "Place", "normalized_text": "Dallas"}, {"start": 91, "end": 92, "probability": 0.914, "type": "Place", "normalized_text": "TX"}]}, "created_at": "2018-10-27T21:00:52.000Z", "text": "In Dallas TX talk! Showing support for Texas\u2019 @BetoORourke in #samuellgrandpark in Dallas, TX! https://t.co/g2n5ksh8iW", "author_id": "807003567605227520", "author": {"description": "Actor and Activist, semi-professional disruptor, ice cream advocate and shameless teacup yorkie-lover", "profile_image_url": "https://pbs.twimg.com/profile_images/1383196364792680448/N8CdupEu_normal.jpg", "id": "807003567605227520", "name": "Amber Heard", "public_metrics": {"followers_count": 190462, "following_count": 220, "tweet_count": 1151, "listed_count": 567}, "username": "realamberheard", "created_at": "2016-12-08T23:26:58.000Z", "location": "Los Angeles, CA", "url": "https://t.co/Ze18Ek9SOI"}}, "author": {"description": "You know me...I do WHAT I want, WHEN I want.", "profile_image_url": "https://pbs.twimg.com/profile_images/1100851027475976194/KsQk52Nm_normal.jpg", "id": "316775459", "name": "Jason Michael", "public_metrics": {"followers_count": 25, "following_count": 80, "tweet_count": 2292, "listed_count": 0}, "username": "jasonmichael4", "created_at": "2011-06-13T23:22:34.000Z", "location": "Champlin, MN", "url": ""}}, {"public_metrics": {"retweet_count": 0, "reply_count": 0, "like_count": 1, "quote_count": 0}, "referenced_tweets": [{"type": "replied_to", "id": "1056289651839954956"}], "id": "1056301050481819648", "source": "Twitter Web Client", "lang": "en", "created_at": "2018-10-27T21:46:10.000Z", "text": "@realamberheard @BetoORourke He looks like the 40-Year-Old Virgin with less muscles.  Like he never lifted weights in his life.", "author_id": "316775459", "entities": {"mentions": [{"start": 0, "end": 15, "username": "realamberheard", "id": "807003567605227520"}, {"start": 16, "end": 28, "username": "BetoORourke", "id": "342863309"}]}, "in_reply_to_user_id": "807003567605227520", "replied_tweet": {"public_metrics": {"retweet_count": 87, "reply_count": 42, "like_count": 722, "quote_count": 7}, "id": "1056289651839954956", "source": "Twitter for iPhone", "lang": "en", "entities": {"hashtags": [{"start": 62, "end": 79, "tag": "samuellgrandpark"}], "urls": [{"start": 95, "end": 118, "url": "https://t.co/g2n5ksh8iW", "expanded_url": "https://twitter.com/realamberheard/status/1056289651839954956/photo/1", "display_url": "pic.twitter.com/g2n5ksh8iW"}], "mentions": [{"start": 46, "end": 58, "username": "BetoORourke", "id": "342863309"}], "annotations": [{"start": 3, "end": 11, "probability": 0.8653, "type": "Place", "normalized_text": "Dallas TX"}, {"start": 39, "end": 43, "probability": 0.9378, "type": "Place", "normalized_text": "Texas"}, {"start": 83, "end": 88, "probability": 0.9994, "type": "Place", "normalized_text": "Dallas"}, {"start": 91, "end": 92, "probability": 0.914, "type": "Place", "normalized_text": "TX"}]}, "created_at": "2018-10-27T21:00:52.000Z", "text": "In Dallas TX talk! Showing support for Texas\u2019 @BetoORourke in #samuellgrandpark in Dallas, TX! https://t.co/g2n5ksh8iW", "author_id": "807003567605227520", "author": {"description": "Actor and Activist, semi-professional disruptor, ice cream advocate and shameless teacup yorkie-lover", "profile_image_url": "https://pbs.twimg.com/profile_images/1383196364792680448/N8CdupEu_normal.jpg", "id": "807003567605227520", "name": "Amber Heard", "public_metrics": {"followers_count": 190462, "following_count": 220, "tweet_count": 1151, "listed_count": 567}, "username": "realamberheard", "created_at": "2016-12-08T23:26:58.000Z", "location": "Los Angeles, CA", "url": "https://t.co/Ze18Ek9SOI"}}, "author": {"description": "You know me...I do WHAT I want, WHEN I want.", "profile_image_url": "https://pbs.twimg.com/profile_images/1100851027475976194/KsQk52Nm_normal.jpg", "id": "316775459", "name": "Jason Michael", "public_metrics": {"followers_count": 25, "following_count": 80, "tweet_count": 2292, "listed_count": 0}, "username": "jasonmichael4", "created_at": "2011-06-13T23:22:34.000Z", "location": "Champlin, MN", "url": ""}}, {"public_metrics": {"retweet_count": 0, "reply_count": 0, "like_count": 1, "quote_count": 0}, "referenced_tweets": [{"type": "replied_to", "id": "1056289651839954956"}], "id": "1056300041672052736", "source": "Twitter for Android", "lang": "en", "entities": {"urls": [{"start": 38, "end": 61, "url": "https://t.co/mXPkNm77jR", "expanded_url": "https://twitter.com/ambshearxd/status/1056300041672052736/photo/1", "display_url": "pic.twitter.com/mXPkNm77jR"}], "mentions": [{"start": 0, "end": 15, "username": "realamberheard", "id": "807003567605227520"}, {"start": 16, "end": 28, "username": "BetoORourke", "id": "342863309"}]}, "created_at": "2018-10-27T21:42:09.000Z", "text": "@realamberheard @BetoORourke love you https://t.co/mXPkNm77jR", "author_id": "875884874535718912", "in_reply_to_user_id": "807003567605227520", "replied_tweet": {"public_metrics": {"retweet_count": 87, "reply_count": 42, "like_count": 722, "quote_count": 7}, "id": "1056289651839954956", "source": "Twitter for iPhone", "lang": "en", "entities": {"hashtags": [{"start": 62, "end": 79, "tag": "samuellgrandpark"}], "urls": [{"start": 95, "end": 118, "url": "https://t.co/g2n5ksh8iW", "expanded_url": "https://twitter.com/realamberheard/status/1056289651839954956/photo/1", "display_url": "pic.twitter.com/g2n5ksh8iW"}], "mentions": [{"start": 46, "end": 58, "username": "BetoORourke", "id": "342863309"}], "annotations": [{"start": 3, "end": 11, "probability": 0.8653, "type": "Place", "normalized_text": "Dallas TX"}, {"start": 39, "end": 43, "probability": 0.9378, "type": "Place", "normalized_text": "Texas"}, {"start": 83, "end": 88, "probability": 0.9994, "type": "Place", "normalized_text": "Dallas"}, {"start": 91, "end": 92, "probability": 0.914, "type": "Place", "normalized_text": "TX"}]}, "created_at": "2018-10-27T21:00:52.000Z", "text": "In Dallas TX talk! Showing support for Texas\u2019 @BetoORourke in #samuellgrandpark in Dallas, TX! https://t.co/g2n5ksh8iW", "author_id": "807003567605227520", "author": {"description": "Actor and Activist, semi-professional disruptor, ice cream advocate and shameless teacup yorkie-lover", "profile_image_url": "https://pbs.twimg.com/profile_images/1383196364792680448/N8CdupEu_normal.jpg", "id": "807003567605227520", "name": "Amber Heard", "public_metrics": {"followers_count": 190462, "following_count": 220, "tweet_count": 1151, "listed_count": 567}, "username": "realamberheard", "created_at": "2016-12-08T23:26:58.000Z", "location": "Los Angeles, CA", "url": "https://t.co/Ze18Ek9SOI"}}, "author": {"description": "what would evan rachel wood do?", "profile_image_url": "https://pbs.twimg.com/profile_images/1386355649324457987/OaHmgKFY_normal.jpg", "id": "875884874535718912", "name": "lucille sharpe", "public_metrics": {"followers_count": 423, "following_count": 398, "tweet_count": 9999, "listed_count": 3}, "username": "evanrachxlswood", "created_at": "2017-06-17T01:16:42.000Z", "location": "ela/dela", "url": ""}}, {"public_metrics": {"retweet_count": 0, "reply_count": 0, "like_count": 5, "quote_count": 0}, "referenced_tweets": [{"type": "replied_to", "id": "1056289651839954956"}], "id": "1056297433129353216", "source": "Twitter for Android", "lang": "en", "entities": {"urls": [{"start": 45, "end": 68, "url": "https://t.co/x4pQanC8WK", "expanded_url": "https://twitter.com/lawhuman/status/1056297433129353216/photo/1", "display_url": "pic.twitter.com/x4pQanC8WK"}], "mentions": [{"start": 0, "end": 15, "username": "realamberheard", "id": "807003567605227520"}, {"start": 16, "end": 28, "username": "BetoORourke", "id": "342863309"}]}, "created_at": "2018-10-27T21:31:47.000Z", "text": "@realamberheard @BetoORourke Can't trust you https://t.co/x4pQanC8WK", "author_id": "721177319579123712", "in_reply_to_user_id": "807003567605227520", "replied_tweet": {"public_metrics": {"retweet_count": 87, "reply_count": 42, "like_count": 722, "quote_count": 7}, "id": "1056289651839954956", "source": "Twitter for iPhone", "lang": "en", "entities": {"hashtags": [{"start": 62, "end": 79, "tag": "samuellgrandpark"}], "urls": [{"start": 95, "end": 118, "url": "https://t.co/g2n5ksh8iW", "expanded_url": "https://twitter.com/realamberheard/status/1056289651839954956/photo/1", "display_url": "pic.twitter.com/g2n5ksh8iW"}], "mentions": [{"start": 46, "end": 58, "username": "BetoORourke", "id": "342863309"}], "annotations": [{"start": 3, "end": 11, "probability": 0.8653, "type": "Place", "normalized_text": "Dallas TX"}, {"start": 39, "end": 43, "probability": 0.9378, "type": "Place", "normalized_text": "Texas"}, {"start": 83, "end": 88, "probability": 0.9994, "type": "Place", "normalized_text": "Dallas"}, {"start": 91, "end": 92, "probability": 0.914, "type": "Place", "normalized_text": "TX"}]}, "created_at": "2018-10-27T21:00:52.000Z", "text": "In Dallas TX talk! Showing support for Texas\u2019 @BetoORourke in #samuellgrandpark in Dallas, TX! https://t.co/g2n5ksh8iW", "author_id": "807003567605227520", "author": {"description": "Actor and Activist, semi-professional disruptor, ice cream advocate and shameless teacup yorkie-lover", "profile_image_url": "https://pbs.twimg.com/profile_images/1383196364792680448/N8CdupEu_normal.jpg", "id": "807003567605227520", "name": "Amber Heard", "public_metrics": {"followers_count": 190462, "following_count": 220, "tweet_count": 1151, "listed_count": 567}, "username": "realamberheard", "created_at": "2016-12-08T23:26:58.000Z", "location": "Los Angeles, CA", "url": "https://t.co/Ze18Ek9SOI"}}, "author": {"description": "Advocate\nBanarasi\nBHUite\nDreamer\nScorpion", "profile_image_url": "https://pbs.twimg.com/profile_images/1494568683418505216/uCnCi2dc_normal.jpg", "id": "721177319579123712", "name": "Rahul", "public_metrics": {"followers_count": 89, "following_count": 1406, "tweet_count": 13906, "listed_count": 0}, "username": "advsharmajii", "created_at": "2016-04-16T03:24:06.000Z", "location": "Varanasi, India", "url": ""}}, {"public_metrics": {"retweet_count": 0, "reply_count": 0, "like_count": 2, "quote_count": 0}, "referenced_tweets": [{"type": "replied_to", "id": "1056289651839954956"}], "id": "1056292005423259649", "source": "Twitter for Android", "lang": "en", "created_at": "2018-10-27T21:10:13.000Z", "text": "@realamberheard @BetoORourke Dear amber,have a happy weekend in nice sunny warm Texas my freinds !! \ud83e\udd17\ud83e\udd17\ud83d\ude1a\ud83d\ude1a", "author_id": "989633741114003456", "entities": {"mentions": [{"start": 0, "end": 15, "username": "realamberheard", "id": "807003567605227520"}, {"start": 16, "end": 28, "username": "BetoORourke", "id": "342863309"}], "annotations": [{"start": 34, "end": 38, "probability": 0.8299, "type": "Person", "normalized_text": "amber"}, {"start": 80, "end": 84, "probability": 0.9478, "type": "Place", "normalized_text": "Texas"}]}, "in_reply_to_user_id": "807003567605227520", "replied_tweet": {"public_metrics": {"retweet_count": 87, "reply_count": 42, "like_count": 722, "quote_count": 7}, "id": "1056289651839954956", "source": "Twitter for iPhone", "lang": "en", "entities": {"hashtags": [{"start": 62, "end": 79, "tag": "samuellgrandpark"}], "urls": [{"start": 95, "end": 118, "url": "https://t.co/g2n5ksh8iW", "expanded_url": "https://twitter.com/realamberheard/status/1056289651839954956/photo/1", "display_url": "pic.twitter.com/g2n5ksh8iW"}], "mentions": [{"start": 46, "end": 58, "username": "BetoORourke", "id": "342863309"}], "annotations": [{"start": 3, "end": 11, "probability": 0.8653, "type": "Place", "normalized_text": "Dallas TX"}, {"start": 39, "end": 43, "probability": 0.9378, "type": "Place", "normalized_text": "Texas"}, {"start": 83, "end": 88, "probability": 0.9994, "type": "Place", "normalized_text": "Dallas"}, {"start": 91, "end": 92, "probability": 0.914, "type": "Place", "normalized_text": "TX"}]}, "created_at": "2018-10-27T21:00:52.000Z", "text": "In Dallas TX talk! Showing support for Texas\u2019 @BetoORourke in #samuellgrandpark in Dallas, TX! https://t.co/g2n5ksh8iW", "author_id": "807003567605227520", "author": {"description": "Actor and Activist, semi-professional disruptor, ice cream advocate and shameless teacup yorkie-lover", "profile_image_url": "https://pbs.twimg.com/profile_images/1383196364792680448/N8CdupEu_normal.jpg", "id": "807003567605227520", "name": "Amber Heard", "public_metrics": {"followers_count": 190462, "following_count": 220, "tweet_count": 1151, "listed_count": 567}, "username": "realamberheard", "created_at": "2016-12-08T23:26:58.000Z", "location": "Los Angeles, CA", "url": "https://t.co/Ze18Ek9SOI"}}, "author": {"description": "Comedy,counselor", "profile_image_url": "https://abs.twimg.com/sticky/default_profile_images/default_profile_normal.png", "id": "989633741114003456", "name": "Paulwalwanis", "public_metrics": {"followers_count": 39, "following_count": 269, "tweet_count": 44974, "listed_count": 0}, "username": "Paulwalwanis7", "created_at": "2018-04-26T22:34:05.000Z", "location": "Long Island,new York", "url": ""}}, {"public_metrics": {"retweet_count": 0, "reply_count": 0, "like_count": 1, "quote_count": 0}, "referenced_tweets": [{"type": "replied_to", "id": "1056289651839954956"}], "id": "1056291478538989570", "source": "Twitter Web Client", "lang": "en", "created_at": "2018-10-27T21:08:08.000Z", "text": "@realamberheard @BetoORourke lucky man got the snap", "author_id": "3391661073", "entities": {"mentions": [{"start": 0, "end": 15, "username": "realamberheard", "id": "807003567605227520"}, {"start": 16, "end": 28, "username": "BetoORourke", "id": "342863309"}]}, "in_reply_to_user_id": "807003567605227520", "replied_tweet": {"public_metrics": {"retweet_count": 87, "reply_count": 42, "like_count": 722, "quote_count": 7}, "id": "1056289651839954956", "source": "Twitter for iPhone", "lang": "en", "entities": {"hashtags": [{"start": 62, "end": 79, "tag": "samuellgrandpark"}], "urls": [{"start": 95, "end": 118, "url": "https://t.co/g2n5ksh8iW", "expanded_url": "https://twitter.com/realamberheard/status/1056289651839954956/photo/1", "display_url": "pic.twitter.com/g2n5ksh8iW"}], "mentions": [{"start": 46, "end": 58, "username": "BetoORourke", "id": "342863309"}], "annotations": [{"start": 3, "end": 11, "probability": 0.8653, "type": "Place", "normalized_text": "Dallas TX"}, {"start": 39, "end": 43, "probability": 0.9378, "type": "Place", "normalized_text": "Texas"}, {"start": 83, "end": 88, "probability": 0.9994, "type": "Place", "normalized_text": "Dallas"}, {"start": 91, "end": 92, "probability": 0.914, "type": "Place", "normalized_text": "TX"}]}, "created_at": "2018-10-27T21:00:52.000Z", "text": "In Dallas TX talk! Showing support for Texas\u2019 @BetoORourke in #samuellgrandpark in Dallas, TX! https://t.co/g2n5ksh8iW", "author_id": "807003567605227520", "author": {"description": "Actor and Activist, semi-professional disruptor, ice cream advocate and shameless teacup yorkie-lover", "profile_image_url": "https://pbs.twimg.com/profile_images/1383196364792680448/N8CdupEu_normal.jpg", "id": "807003567605227520", "name": "Amber Heard", "public_metrics": {"followers_count": 190462, "following_count": 220, "tweet_count": 1151, "listed_count": 567}, "username": "realamberheard", "created_at": "2016-12-08T23:26:58.000Z", "location": "Los Angeles, CA", "url": "https://t.co/Ze18Ek9SOI"}}, "author": {"description": "script writer and web developer.. @galgadot and #katemckinnon diehard fan\nmovie lover.. \nlove humor.. \nOye not on mee \nfb: https://t.co/U15cZSdZwT", "profile_image_url": "https://pbs.twimg.com/profile_images/1064887738401353728/Yl6SpnN__normal.jpg", "id": "3391661073", "name": "FoxVeeR", "public_metrics": {"followers_count": 27, "following_count": 538, "tweet_count": 1028, "listed_count": 0}, "username": "ankhaniveera", "created_at": "2015-07-28T09:00:20.000Z", "location": "Kakinada, India", "url": ""}}, {"public_metrics": {"retweet_count": 0, "reply_count": 0, "like_count": 6, "quote_count": 0}, "referenced_tweets": [{"type": "replied_to", "id": "1056289651839954956"}], "id": "1056291319088324608", "source": "Twitter for Android", "lang": "en", "created_at": "2018-10-27T21:07:30.000Z", "text": "@realamberheard @BetoORourke You and \"cardboard\" Beto look great \ud83d\ude05\ud83d\udc4d", "author_id": "4396120342", "entities": {"mentions": [{"start": 0, "end": 15, "username": "realamberheard", "id": "807003567605227520"}, {"start": 16, "end": 28, "username": "BetoORourke", "id": "342863309"}], "annotations": [{"start": 49, "end": 52, "probability": 0.919, "type": "Person", "normalized_text": "Beto"}]}, "in_reply_to_user_id": "807003567605227520", "replied_tweet": {"public_metrics": {"retweet_count": 87, "reply_count": 42, "like_count": 722, "quote_count": 7}, "id": "1056289651839954956", "source": "Twitter for iPhone", "lang": "en", "entities": {"hashtags": [{"start": 62, "end": 79, "tag": "samuellgrandpark"}], "urls": [{"start": 95, "end": 118, "url": "https://t.co/g2n5ksh8iW", "expanded_url": "https://twitter.com/realamberheard/status/1056289651839954956/photo/1", "display_url": "pic.twitter.com/g2n5ksh8iW"}], "mentions": [{"start": 46, "end": 58, "username": "BetoORourke", "id": "342863309"}], "annotations": [{"start": 3, "end": 11, "probability": 0.8653, "type": "Place", "normalized_text": "Dallas TX"}, {"start": 39, "end": 43, "probability": 0.9378, "type": "Place", "normalized_text": "Texas"}, {"start": 83, "end": 88, "probability": 0.9994, "type": "Place", "normalized_text": "Dallas"}, {"start": 91, "end": 92, "probability": 0.914, "type": "Place", "normalized_text": "TX"}]}, "created_at": "2018-10-27T21:00:52.000Z", "text": "In Dallas TX talk! Showing support for Texas\u2019 @BetoORourke in #samuellgrandpark in Dallas, TX! https://t.co/g2n5ksh8iW", "author_id": "807003567605227520", "author": {"description": "Actor and Activist, semi-professional disruptor, ice cream advocate and shameless teacup yorkie-lover", "profile_image_url": "https://pbs.twimg.com/profile_images/1383196364792680448/N8CdupEu_normal.jpg", "id": "807003567605227520", "name": "Amber Heard", "public_metrics": {"followers_count": 190462, "following_count": 220, "tweet_count": 1151, "listed_count": 567}, "username": "realamberheard", "created_at": "2016-12-08T23:26:58.000Z", "location": "Los Angeles, CA", "url": "https://t.co/Ze18Ek9SOI"}}, "author": {"description": "Only two things are infinite, the universe and human stupidity, and I'm not sure about the former. - Albert Einstein and Me!", "profile_image_url": "https://pbs.twimg.com/profile_images/1378175478478082050/UKLiQPuk_normal.jpg", "id": "4396120342", "name": "STIRGUS SACCHETTI", "public_metrics": {"followers_count": 678, "following_count": 296, "tweet_count": 58624, "listed_count": 26}, "username": "stirgussa", "created_at": "2015-12-06T17:21:06.000Z", "url": ""}}, {"public_metrics": {"retweet_count": 0, "reply_count": 0, "like_count": 2, "quote_count": 0}, "referenced_tweets": [{"type": "replied_to", "id": "1056289651839954956"}], "id": "1056291136468381697", "source": "Twitter Web Client", "lang": "en", "created_at": "2018-10-27T21:06:46.000Z", "text": "@realamberheard @BetoORourke How to Become a Legend of humor:  2 steps \ud83d\ude01\ud83d\udc4d1 beto + 1 heard", "author_id": "855471198905536512", "entities": {"mentions": [{"start": 0, "end": 15, "username": "realamberheard", "id": "807003567605227520"}, {"start": 16, "end": 28, "username": "BetoORourke", "id": "342863309"}]}, "in_reply_to_user_id": "807003567605227520", "replied_tweet": {"public_metrics": {"retweet_count": 87, "reply_count": 42, "like_count": 722, "quote_count": 7}, "id": "1056289651839954956", "source": "Twitter for iPhone", "lang": "en", "entities": {"hashtags": [{"start": 62, "end": 79, "tag": "samuellgrandpark"}], "urls": [{"start": 95, "end": 118, "url": "https://t.co/g2n5ksh8iW", "expanded_url": "https://twitter.com/realamberheard/status/1056289651839954956/photo/1", "display_url": "pic.twitter.com/g2n5ksh8iW"}], "mentions": [{"start": 46, "end": 58, "username": "BetoORourke", "id": "342863309"}], "annotations": [{"start": 3, "end": 11, "probability": 0.8653, "type": "Place", "normalized_text": "Dallas TX"}, {"start": 39, "end": 43, "probability": 0.9378, "type": "Place", "normalized_text": "Texas"}, {"start": 83, "end": 88, "probability": 0.9994, "type": "Place", "normalized_text": "Dallas"}, {"start": 91, "end": 92, "probability": 0.914, "type": "Place", "normalized_text": "TX"}]}, "created_at": "2018-10-27T21:00:52.000Z", "text": "In Dallas TX talk! Showing support for Texas\u2019 @BetoORourke in #samuellgrandpark in Dallas, TX! https://t.co/g2n5ksh8iW", "author_id": "807003567605227520", "author": {"description": "Actor and Activist, semi-professional disruptor, ice cream advocate and shameless teacup yorkie-lover", "profile_image_url": "https://pbs.twimg.com/profile_images/1383196364792680448/N8CdupEu_normal.jpg", "id": "807003567605227520", "name": "Amber Heard", "public_metrics": {"followers_count": 190462, "following_count": 220, "tweet_count": 1151, "listed_count": 567}, "username": "realamberheard", "created_at": "2016-12-08T23:26:58.000Z", "location": "Los Angeles, CA", "url": "https://t.co/Ze18Ek9SOI"}}, "author": {"description": "Don't worry about what others think. Most people are always negative,don't let it bother you\ud83c\udf38\ud83c\udf3f\ud83c\udff3\ufe0f\u200d\ud83c\udf08Talking about feelings can and does help people to feel better", "profile_image_url": "https://pbs.twimg.com/profile_images/1503082598930735108/a1v51xt6_normal.jpg", "id": "855471198905536512", "name": "PlanetEmerald", "public_metrics": {"followers_count": 68, "following_count": 75, "tweet_count": 5673, "listed_count": 0}, "username": "planet_emeraude", "created_at": "2017-04-21T17:20:02.000Z", "location": "Atlantis  ", "url": ""}}, {"public_metrics": {"retweet_count": 0, "reply_count": 0, "like_count": 1, "quote_count": 0}, "referenced_tweets": [{"type": "replied_to", "id": "1056289651839954956"}], "id": "1056289937182650368", "source": "Twitter for iPhone", "lang": "es", "created_at": "2018-10-27T21:02:00.000Z", "text": "@realamberheard @BetoORourke Yasss, Queen!!!", "author_id": "874984340", "entities": {"mentions": [{"start": 0, "end": 15, "username": "realamberheard", "id": "807003567605227520"}, {"start": 16, "end": 28, "username": "BetoORourke", "id": "342863309"}]}, "in_reply_to_user_id": "807003567605227520", "replied_tweet": {"public_metrics": {"retweet_count": 87, "reply_count": 42, "like_count": 722, "quote_count": 7}, "id": "1056289651839954956", "source": "Twitter for iPhone", "lang": "en", "entities": {"hashtags": [{"start": 62, "end": 79, "tag": "samuellgrandpark"}], "urls": [{"start": 95, "end": 118, "url": "https://t.co/g2n5ksh8iW", "expanded_url": "https://twitter.com/realamberheard/status/1056289651839954956/photo/1", "display_url": "pic.twitter.com/g2n5ksh8iW"}], "mentions": [{"start": 46, "end": 58, "username": "BetoORourke", "id": "342863309"}], "annotations": [{"start": 3, "end": 11, "probability": 0.8653, "type": "Place", "normalized_text": "Dallas TX"}, {"start": 39, "end": 43, "probability": 0.9378, "type": "Place", "normalized_text": "Texas"}, {"start": 83, "end": 88, "probability": 0.9994, "type": "Place", "normalized_text": "Dallas"}, {"start": 91, "end": 92, "probability": 0.914, "type": "Place", "normalized_text": "TX"}]}, "created_at": "2018-10-27T21:00:52.000Z", "text": "In Dallas TX talk! Showing support for Texas\u2019 @BetoORourke in #samuellgrandpark in Dallas, TX! https://t.co/g2n5ksh8iW", "author_id": "807003567605227520", "author": {"description": "Actor and Activist, semi-professional disruptor, ice cream advocate and shameless teacup yorkie-lover", "profile_image_url": "https://pbs.twimg.com/profile_images/1383196364792680448/N8CdupEu_normal.jpg", "id": "807003567605227520", "name": "Amber Heard", "public_metrics": {"followers_count": 190462, "following_count": 220, "tweet_count": 1151, "listed_count": 567}, "username": "realamberheard", "created_at": "2016-12-08T23:26:58.000Z", "location": "Los Angeles, CA", "url": "https://t.co/Ze18Ek9SOI"}}, "author": {"description": "Here to fangirl about fangirl things. I also retweet a lot of animal stuff and posts to raise social awareness. Beware my page. Pronouns: she/her", "profile_image_url": "https://pbs.twimg.com/profile_images/1451763808968523777/qJNzYCWU_normal.jpg", "id": "874984340", "name": "Lexi", "public_metrics": {"followers_count": 338, "following_count": 315, "tweet_count": 26825, "listed_count": 15}, "username": "animalhugger91", "created_at": "2012-10-12T05:22:26.000Z", "url": ""}}]