[{"in_reply_to_user_id": "807003567605227520", "referenced_tweets": [{"type": "replied_to", "id": "1056168356716445697"}], "id": "1064941059136987136", "created_at": "2018-11-20T17:58:28.000Z", "entities": {"mentions": [{"start": 0, "end": 15, "username": "realamberheard", "id": "807003567605227520"}]}, "text": "@realamberheard Well, I think you're correct on that.", "public_metrics": {"retweet_count": 0, "reply_count": 0, "like_count": 0, "quote_count": 0}, "author_id": "980879692101234690", "lang": "en", "source": "Twitter for Android", "replied_tweet": {"id": "1056168356716445697", "created_at": "2018-10-27T12:58:53.000Z", "entities": {"mentions": [{"start": 89, "end": 101, "username": "BetoORourke", "id": "342863309"}], "annotations": [{"start": 13, "end": 18, "probability": 0.9493, "type": "Place", "normalized_text": "Dallas"}, {"start": 43, "end": 47, "probability": 0.9388, "type": "Place", "normalized_text": "Texas"}]}, "text": "On my way to Dallas to show my support for Texas\u2019 hope for change and true leadership in @BetoORourke", "public_metrics": {"retweet_count": 36, "reply_count": 16, "like_count": 331, "quote_count": 3}, "author_id": "807003567605227520", "lang": "en", "source": "Twitter for iPhone", "author": {"public_metrics": {"followers_count": 190462, "following_count": 220, "tweet_count": 1151, "listed_count": 567}, "created_at": "2016-12-08T23:26:58.000Z", "name": "Amber Heard", "username": "realamberheard", "profile_image_url": "https://pbs.twimg.com/profile_images/1383196364792680448/N8CdupEu_normal.jpg", "location": "Los Angeles, CA", "id": "807003567605227520", "url": "https://t.co/Ze18Ek9SOI", "description": "Actor and Activist, semi-professional disruptor, ice cream advocate and shameless teacup yorkie-lover"}}, "author": {"public_metrics": {"followers_count": 4, "following_count": 71, "tweet_count": 271, "listed_count": 0}, "created_at": "2018-04-02T18:48:37.000Z", "name": "Randt Lopez", "username": "randtl3010", "profile_image_url": "https://pbs.twimg.com/profile_images/1159530245407555584/aIlqffOX_normal.jpg", "location": "Hanahan, SC", "id": "980879692101234690", "url": "", "description": "living the best life possible across my favorite city: Hanahan, SC."}}, {"in_reply_to_user_id": "807003567605227520", "referenced_tweets": [{"type": "replied_to", "id": "1056168356716445697"}], "id": "1058201237072445440", "created_at": "2018-11-02T03:36:50.000Z", "entities": {"mentions": [{"start": 0, "end": 15, "username": "realamberheard", "id": "807003567605227520"}, {"start": 16, "end": 28, "username": "BetoORourke", "id": "342863309"}], "annotations": [{"start": 50, "end": 62, "probability": 0.9973, "type": "Person", "normalized_text": "Beto O'Rourke"}]}, "text": "@realamberheard @BetoORourke I can't believe that Beto O'Rourke would be mad enough to actually invite you, so you must have gone on your own accord.", "public_metrics": {"retweet_count": 0, "reply_count": 0, "like_count": 0, "quote_count": 0}, "author_id": "1039099909524189184", "lang": "en", "source": "Twitter Web Client", "replied_tweet": {"id": "1056168356716445697", "created_at": "2018-10-27T12:58:53.000Z", "entities": {"mentions": [{"start": 89, "end": 101, "username": "BetoORourke", "id": "342863309"}], "annotations": [{"start": 13, "end": 18, "probability": 0.9493, "type": "Place", "normalized_text": "Dallas"}, {"start": 43, "end": 47, "probability": 0.9388, "type": "Place", "normalized_text": "Texas"}]}, "text": "On my way to Dallas to show my support for Texas\u2019 hope for change and true leadership in @BetoORourke", "public_metrics": {"retweet_count": 36, "reply_count": 16, "like_count": 331, "quote_count": 3}, "author_id": "807003567605227520", "lang": "en", "source": "Twitter for iPhone", "author": {"public_metrics": {"followers_count": 190462, "following_count": 220, "tweet_count": 1151, "listed_count": 567}, "created_at": "2016-12-08T23:26:58.000Z", "name": "Amber Heard", "username": "realamberheard", "profile_image_url": "https://pbs.twimg.com/profile_images/1383196364792680448/N8CdupEu_normal.jpg", "location": "Los Angeles, CA", "id": "807003567605227520", "url": "https://t.co/Ze18Ek9SOI", "description": "Actor and Activist, semi-professional disruptor, ice cream advocate and shameless teacup yorkie-lover"}}, "author": {"public_metrics": {"followers_count": 0, "following_count": 0, "tweet_count": 50, "listed_count": 0}, "created_at": "2018-09-10T10:34:58.000Z", "name": "jasmine tea", "username": "jasmine53953233", "profile_image_url": "https://abs.twimg.com/sticky/default_profile_images/default_profile_normal.png", "id": "1039099909524189184", "url": "", "description": ""}}, {"in_reply_to_user_id": "807003567605227520", "referenced_tweets": [{"type": "replied_to", "id": "1056168356716445697"}], "id": "1057658252027142144", "created_at": "2018-10-31T15:39:12.000Z", "entities": {"mentions": [{"start": 0, "end": 15, "username": "realamberheard", "id": "807003567605227520"}, {"start": 16, "end": 28, "username": "BetoORourke", "id": "342863309"}]}, "text": "@realamberheard @BetoORourke Watch your husbands girls! If caught she may accuse him of trying to beat her!", "public_metrics": {"retweet_count": 0, "reply_count": 0, "like_count": 0, "quote_count": 0}, "author_id": "838759868920127488", "lang": "en", "source": "Twitter for iPhone", "replied_tweet": {"id": "1056168356716445697", "created_at": "2018-10-27T12:58:53.000Z", "entities": {"mentions": [{"start": 89, "end": 101, "username": "BetoORourke", "id": "342863309"}], "annotations": [{"start": 13, "end": 18, "probability": 0.9493, "type": "Place", "normalized_text": "Dallas"}, {"start": 43, "end": 47, "probability": 0.9388, "type": "Place", "normalized_text": "Texas"}]}, "text": "On my way to Dallas to show my support for Texas\u2019 hope for change and true leadership in @BetoORourke", "public_metrics": {"retweet_count": 36, "reply_count": 16, "like_count": 331, "quote_count": 3}, "author_id": "807003567605227520", "lang": "en", "source": "Twitter for iPhone", "author": {"public_metrics": {"followers_count": 190462, "following_count": 220, "tweet_count": 1151, "listed_count": 567}, "created_at": "2016-12-08T23:26:58.000Z", "name": "Amber Heard", "username": "realamberheard", "profile_image_url": "https://pbs.twimg.com/profile_images/1383196364792680448/N8CdupEu_normal.jpg", "location": "Los Angeles, CA", "id": "807003567605227520", "url": "https://t.co/Ze18Ek9SOI", "description": "Actor and Activist, semi-professional disruptor, ice cream advocate and shameless teacup yorkie-lover"}}, "author": {"public_metrics": {"followers_count": 84, "following_count": 721, "tweet_count": 3538, "listed_count": 0}, "created_at": "2017-03-06T14:35:10.000Z", "name": "\ud83c\uddec\ud83c\udde7\u2618\ufe0fmizz williams\u2618\ufe0f\ud83c\uddec\ud83c\udde7", "username": "xmizz_williamsx", "profile_image_url": "https://pbs.twimg.com/profile_images/975084209751691266/CgLePv_R_normal.jpg", "location": "England, United Kingdom", "id": "838759868920127488", "url": "", "description": "standing up for what\u2019s right while being shafted by the government"}}, {"in_reply_to_user_id": "807003567605227520", "referenced_tweets": [{"type": "replied_to", "id": "1056168356716445697"}], "id": "1056263183109931008", "created_at": "2018-10-27T19:15:41.000Z", "entities": {"mentions": [{"start": 0, "end": 15, "username": "realamberheard", "id": "807003567605227520"}, {"start": 16, "end": 28, "username": "BetoORourke", "id": "342863309"}]}, "text": "@realamberheard @BetoORourke I can\u2019t wait to vote next friday and show my support", "public_metrics": {"retweet_count": 0, "reply_count": 0, "like_count": 0, "quote_count": 0}, "author_id": "284750812", "lang": "en", "source": "Twitter for iPhone", "replied_tweet": {"id": "1056168356716445697", "created_at": "2018-10-27T12:58:53.000Z", "entities": {"mentions": [{"start": 89, "end": 101, "username": "BetoORourke", "id": "342863309"}], "annotations": [{"start": 13, "end": 18, "probability": 0.9493, "type": "Place", "normalized_text": "Dallas"}, {"start": 43, "end": 47, "probability": 0.9388, "type": "Place", "normalized_text": "Texas"}]}, "text": "On my way to Dallas to show my support for Texas\u2019 hope for change and true leadership in @BetoORourke", "public_metrics": {"retweet_count": 36, "reply_count": 16, "like_count": 331, "quote_count": 3}, "author_id": "807003567605227520", "lang": "en", "source": "Twitter for iPhone", "author": {"public_metrics": {"followers_count": 190462, "following_count": 220, "tweet_count": 1151, "listed_count": 567}, "created_at": "2016-12-08T23:26:58.000Z", "name": "Amber Heard", "username": "realamberheard", "profile_image_url": "https://pbs.twimg.com/profile_images/1383196364792680448/N8CdupEu_normal.jpg", "location": "Los Angeles, CA", "id": "807003567605227520", "url": "https://t.co/Ze18Ek9SOI", "description": "Actor and Activist, semi-professional disruptor, ice cream advocate and shameless teacup yorkie-lover"}}, "author": {"public_metrics": {"followers_count": 706, "following_count": 185, "tweet_count": 78700, "listed_count": 20}, "created_at": "2011-04-19T22:18:44.000Z", "name": "riddle me this\u2754", "username": "uprisingenvoys", "profile_image_url": "https://pbs.twimg.com/profile_images/1440721289757401090/ReGDUL13_normal.jpg", "location": "\ud83c\udff3\ufe0f\u200d\ud83c\udf08\u270a\ud83c\udffe\u270d\ud83c\udffe", "id": "284750812", "url": "https://t.co/dbGUqjtb9R", "description": "there is no escape, we pay for the violence of our ancestors~ dune"}}, {"in_reply_to_user_id": "807003567605227520", "referenced_tweets": [{"type": "replied_to", "id": "1056168356716445697"}], "id": "1056255028158173191", "created_at": "2018-10-27T18:43:17.000Z", "entities": {"mentions": [{"start": 0, "end": 15, "username": "realamberheard", "id": "807003567605227520"}, {"start": 16, "end": 28, "username": "BetoORourke", "id": "342863309"}], "annotations": [{"start": 37, "end": 43, "probability": 0.9728, "type": "Place", "normalized_text": "Houston"}]}, "text": "@realamberheard @BetoORourke Come to Houston, Queen", "public_metrics": {"retweet_count": 0, "reply_count": 0, "like_count": 0, "quote_count": 0}, "author_id": "2739640174", "lang": "en", "source": "Twitter for Android", "replied_tweet": {"id": "1056168356716445697", "created_at": "2018-10-27T12:58:53.000Z", "entities": {"mentions": [{"start": 89, "end": 101, "username": "BetoORourke", "id": "342863309"}], "annotations": [{"start": 13, "end": 18, "probability": 0.9493, "type": "Place", "normalized_text": "Dallas"}, {"start": 43, "end": 47, "probability": 0.9388, "type": "Place", "normalized_text": "Texas"}]}, "text": "On my way to Dallas to show my support for Texas\u2019 hope for change and true leadership in @BetoORourke", "public_metrics": {"retweet_count": 36, "reply_count": 16, "like_count": 331, "quote_count": 3}, "author_id": "807003567605227520", "lang": "en", "source": "Twitter for iPhone", "author": {"public_metrics": {"followers_count": 190462, "following_count": 220, "tweet_count": 1151, "listed_count": 567}, "created_at": "2016-12-08T23:26:58.000Z", "name": "Amber Heard", "username": "realamberheard", "profile_image_url": "https://pbs.twimg.com/profile_images/1383196364792680448/N8CdupEu_normal.jpg", "location": "Los Angeles, CA", "id": "807003567605227520", "url": "https://t.co/Ze18Ek9SOI", "description": "Actor and Activist, semi-professional disruptor, ice cream advocate and shameless teacup yorkie-lover"}}, "author": {"public_metrics": {"followers_count": 897, "following_count": 644, "tweet_count": 56413, "listed_count": 30}, "created_at": "2014-08-11T04:06:50.000Z", "name": "moreo costanza", "username": "SoHelpMeMoreo", "profile_image_url": "https://pbs.twimg.com/profile_images/1488217281243058178/XB7brGGH_normal.jpg", "location": "he/they 22 bi", "id": "2739640174", "url": "https://t.co/CjWzrynquO", "description": "refreshingly soft and creamy. malewife"}}, {"in_reply_to_user_id": "807003567605227520", "referenced_tweets": [{"type": "replied_to", "id": "1056168356716445697"}], "id": "1056245111665975297", "created_at": "2018-10-27T18:03:53.000Z", "entities": {"mentions": [{"start": 0, "end": 15, "username": "realamberheard", "id": "807003567605227520"}, {"start": 16, "end": 28, "username": "BetoORourke", "id": "342863309"}], "annotations": [{"start": 45, "end": 49, "probability": 0.9622, "type": "Place", "normalized_text": "Texas"}]}, "text": "@realamberheard @BetoORourke I wish to visit Texas", "public_metrics": {"retweet_count": 0, "reply_count": 0, "like_count": 0, "quote_count": 0}, "author_id": "712733232", "lang": "en", "source": "Twitter for iPhone", "replied_tweet": {"id": "1056168356716445697", "created_at": "2018-10-27T12:58:53.000Z", "entities": {"mentions": [{"start": 89, "end": 101, "username": "BetoORourke", "id": "342863309"}], "annotations": [{"start": 13, "end": 18, "probability": 0.9493, "type": "Place", "normalized_text": "Dallas"}, {"start": 43, "end": 47, "probability": 0.9388, "type": "Place", "normalized_text": "Texas"}]}, "text": "On my way to Dallas to show my support for Texas\u2019 hope for change and true leadership in @BetoORourke", "public_metrics": {"retweet_count": 36, "reply_count": 16, "like_count": 331, "quote_count": 3}, "author_id": "807003567605227520", "lang": "en", "source": "Twitter for iPhone", "author": {"public_metrics": {"followers_count": 190462, "following_count": 220, "tweet_count": 1151, "listed_count": 567}, "created_at": "2016-12-08T23:26:58.000Z", "name": "Amber Heard", "username": "realamberheard", "profile_image_url": "https://pbs.twimg.com/profile_images/1383196364792680448/N8CdupEu_normal.jpg", "location": "Los Angeles, CA", "id": "807003567605227520", "url": "https://t.co/Ze18Ek9SOI", "description": "Actor and Activist, semi-professional disruptor, ice cream advocate and shameless teacup yorkie-lover"}}, "author": {"public_metrics": {"followers_count": 18, "following_count": 4, "tweet_count": 142, "listed_count": 0}, "created_at": "2012-07-23T16:53:21.000Z", "name": "Maroos", "username": "MobinaGharine", "profile_image_url": "https://pbs.twimg.com/profile_images/1309266319003484167/ZlqGhNDf_normal.jpg", "location": "Tehran/Iran", "id": "712733232", "url": "https://t.co/sXI6IGjw3h", "description": "Visual artist\nElectric guitar player\npianist"}}, {"in_reply_to_user_id": "807003567605227520", "referenced_tweets": [{"type": "replied_to", "id": "1056168356716445697"}], "id": "1056201142823280645", "created_at": "2018-10-27T15:09:10.000Z", "entities": {"mentions": [{"start": 0, "end": 15, "username": "realamberheard", "id": "807003567605227520"}, {"start": 16, "end": 28, "username": "BetoORourke", "id": "342863309"}]}, "text": "@realamberheard @BetoORourke Yes! Love it!!", "public_metrics": {"retweet_count": 0, "reply_count": 0, "like_count": 0, "quote_count": 0}, "author_id": "874984340", "lang": "en", "source": "Twitter for iPhone", "replied_tweet": {"id": "1056168356716445697", "created_at": "2018-10-27T12:58:53.000Z", "entities": {"mentions": [{"start": 89, "end": 101, "username": "BetoORourke", "id": "342863309"}], "annotations": [{"start": 13, "end": 18, "probability": 0.9493, "type": "Place", "normalized_text": "Dallas"}, {"start": 43, "end": 47, "probability": 0.9388, "type": "Place", "normalized_text": "Texas"}]}, "text": "On my way to Dallas to show my support for Texas\u2019 hope for change and true leadership in @BetoORourke", "public_metrics": {"retweet_count": 36, "reply_count": 16, "like_count": 331, "quote_count": 3}, "author_id": "807003567605227520", "lang": "en", "source": "Twitter for iPhone", "author": {"public_metrics": {"followers_count": 190462, "following_count": 220, "tweet_count": 1151, "listed_count": 567}, "created_at": "2016-12-08T23:26:58.000Z", "name": "Amber Heard", "username": "realamberheard", "profile_image_url": "https://pbs.twimg.com/profile_images/1383196364792680448/N8CdupEu_normal.jpg", "location": "Los Angeles, CA", "id": "807003567605227520", "url": "https://t.co/Ze18Ek9SOI", "description": "Actor and Activist, semi-professional disruptor, ice cream advocate and shameless teacup yorkie-lover"}}, "author": {"public_metrics": {"followers_count": 338, "following_count": 315, "tweet_count": 26825, "listed_count": 15}, "created_at": "2012-10-12T05:22:26.000Z", "name": "Lexi", "username": "animalhugger91", "profile_image_url": "https://pbs.twimg.com/profile_images/1451763808968523777/qJNzYCWU_normal.jpg", "id": "874984340", "url": "", "description": "Here to fangirl about fangirl things. I also retweet a lot of animal stuff and posts to raise social awareness. Beware my page. Pronouns: she/her"}}, {"in_reply_to_user_id": "807003567605227520", "referenced_tweets": [{"type": "replied_to", "id": "1056168356716445697"}], "id": "1056192875485118465", "created_at": "2018-10-27T14:36:19.000Z", "entities": {"mentions": [{"start": 0, "end": 15, "username": "realamberheard", "id": "807003567605227520"}, {"start": 16, "end": 28, "username": "BetoORourke", "id": "342863309"}, {"start": 29, "end": 43, "username": "Yo_its_Kaelyn", "id": "2760856717"}]}, "text": "@realamberheard @BetoORourke @Yo_its_Kaelyn", "public_metrics": {"retweet_count": 0, "reply_count": 0, "like_count": 1, "quote_count": 0}, "author_id": "186677561", "lang": "und", "source": "Twitter for iPhone", "replied_tweet": {"id": "1056168356716445697", "created_at": "2018-10-27T12:58:53.000Z", "entities": {"mentions": [{"start": 89, "end": 101, "username": "BetoORourke", "id": "342863309"}], "annotations": [{"start": 13, "end": 18, "probability": 0.9493, "type": "Place", "normalized_text": "Dallas"}, {"start": 43, "end": 47, "probability": 0.9388, "type": "Place", "normalized_text": "Texas"}]}, "text": "On my way to Dallas to show my support for Texas\u2019 hope for change and true leadership in @BetoORourke", "public_metrics": {"retweet_count": 36, "reply_count": 16, "like_count": 331, "quote_count": 3}, "author_id": "807003567605227520", "lang": "en", "source": "Twitter for iPhone", "author": {"public_metrics": {"followers_count": 190462, "following_count": 220, "tweet_count": 1151, "listed_count": 567}, "created_at": "2016-12-08T23:26:58.000Z", "name": "Amber Heard", "username": "realamberheard", "profile_image_url": "https://pbs.twimg.com/profile_images/1383196364792680448/N8CdupEu_normal.jpg", "location": "Los Angeles, CA", "id": "807003567605227520", "url": "https://t.co/Ze18Ek9SOI", "description": "Actor and Activist, semi-professional disruptor, ice cream advocate and shameless teacup yorkie-lover"}}, "author": {"public_metrics": {"followers_count": 664, "following_count": 592, "tweet_count": 170813, "listed_count": 75}, "created_at": "2010-09-04T02:44:50.000Z", "name": "Joy Puder", "username": "JoyPuder", "profile_image_url": "https://pbs.twimg.com/profile_images/839893017653825536/V_OvfAYp_normal.jpg", "id": "186677561", "url": "", "description": ""}}, {"in_reply_to_user_id": "807003567605227520", "referenced_tweets": [{"type": "replied_to", "id": "1056168356716445697"}], "id": "1056192412824027136", "created_at": "2018-10-27T14:34:28.000Z", "entities": {"mentions": [{"start": 0, "end": 15, "username": "realamberheard", "id": "807003567605227520"}, {"start": 16, "end": 28, "username": "BetoORourke", "id": "342863309"}], "hashtags": [{"start": 44, "end": 66, "tag": "VoteBlueToSaveAmerica"}, {"start": 67, "end": 76, "tag": "VoteBeto"}]}, "text": "@realamberheard @BetoORourke Go get 'em!!!  #VoteBlueToSaveAmerica #VoteBeto", "public_metrics": {"retweet_count": 0, "reply_count": 0, "like_count": 0, "quote_count": 0}, "author_id": "2466595837", "lang": "en", "source": "Twitter for Android", "replied_tweet": {"id": "1056168356716445697", "created_at": "2018-10-27T12:58:53.000Z", "entities": {"mentions": [{"start": 89, "end": 101, "username": "BetoORourke", "id": "342863309"}], "annotations": [{"start": 13, "end": 18, "probability": 0.9493, "type": "Place", "normalized_text": "Dallas"}, {"start": 43, "end": 47, "probability": 0.9388, "type": "Place", "normalized_text": "Texas"}]}, "text": "On my way to Dallas to show my support for Texas\u2019 hope for change and true leadership in @BetoORourke", "public_metrics": {"retweet_count": 36, "reply_count": 16, "like_count": 331, "quote_count": 3}, "author_id": "807003567605227520", "lang": "en", "source": "Twitter for iPhone", "author": {"public_metrics": {"followers_count": 190462, "following_count": 220, "tweet_count": 1151, "listed_count": 567}, "created_at": "2016-12-08T23:26:58.000Z", "name": "Amber Heard", "username": "realamberheard", "profile_image_url": "https://pbs.twimg.com/profile_images/1383196364792680448/N8CdupEu_normal.jpg", "location": "Los Angeles, CA", "id": "807003567605227520", "url": "https://t.co/Ze18Ek9SOI", "description": "Actor and Activist, semi-professional disruptor, ice cream advocate and shameless teacup yorkie-lover"}}, "author": {"public_metrics": {"followers_count": 868, "following_count": 1620, "tweet_count": 129506, "listed_count": 13}, "created_at": "2014-04-27T19:55:53.000Z", "name": "Hazen B.Markoe", "username": "tridog57", "profile_image_url": "https://pbs.twimg.com/profile_images/1352313361552310275/h9vrIn04_normal.jpg", "location": "Minneapolis,  MN", "id": "2466595837", "url": "", "description": "Actor, director, sometime photographer, unrepentant punster, and all around nice guy.  ;-)"}}, {"in_reply_to_user_id": "807003567605227520", "referenced_tweets": [{"type": "replied_to", "id": "1056168356716445697"}], "id": "1056175113018720257", "created_at": "2018-10-27T13:25:44.000Z", "entities": {"mentions": [{"start": 0, "end": 15, "username": "realamberheard", "id": "807003567605227520"}, {"start": 16, "end": 28, "username": "BetoORourke", "id": "342863309"}], "hashtags": [{"start": 29, "end": 39, "tag": "earlyvote"}]}, "text": "@realamberheard @BetoORourke #earlyvote \ud83d\udcaa", "public_metrics": {"retweet_count": 0, "reply_count": 0, "like_count": 5, "quote_count": 0}, "author_id": "79199888", "lang": "und", "source": "Twitter for Android", "replied_tweet": {"id": "1056168356716445697", "created_at": "2018-10-27T12:58:53.000Z", "entities": {"mentions": [{"start": 89, "end": 101, "username": "BetoORourke", "id": "342863309"}], "annotations": [{"start": 13, "end": 18, "probability": 0.9493, "type": "Place", "normalized_text": "Dallas"}, {"start": 43, "end": 47, "probability": 0.9388, "type": "Place", "normalized_text": "Texas"}]}, "text": "On my way to Dallas to show my support for Texas\u2019 hope for change and true leadership in @BetoORourke", "public_metrics": {"retweet_count": 36, "reply_count": 16, "like_count": 331, "quote_count": 3}, "author_id": "807003567605227520", "lang": "en", "source": "Twitter for iPhone", "author": {"public_metrics": {"followers_count": 190462, "following_count": 220, "tweet_count": 1151, "listed_count": 567}, "created_at": "2016-12-08T23:26:58.000Z", "name": "Amber Heard", "username": "realamberheard", "profile_image_url": "https://pbs.twimg.com/profile_images/1383196364792680448/N8CdupEu_normal.jpg", "location": "Los Angeles, CA", "id": "807003567605227520", "url": "https://t.co/Ze18Ek9SOI", "description": "Actor and Activist, semi-professional disruptor, ice cream advocate and shameless teacup yorkie-lover"}}, "author": {"public_metrics": {"followers_count": 7234, "following_count": 344, "tweet_count": 39219, "listed_count": 34}, "created_at": "2009-10-02T14:50:54.000Z", "name": "Amber Heard Italia Fans", "username": "AmberHeardIT", "profile_image_url": "https://pbs.twimg.com/profile_images/1412490122365374481/EAftEZpa_normal.jpg", "location": "Since 2009", "id": "79199888", "url": "https://t.co/w3BraCgc4s", "description": "First  Italian FANPAGE dedicated to @realamberheard. Follow us for the latest updates, pictures and news! On Amber Heard Italia, u HEARD it first \ud83c\uddee\ud83c\uddf9"}}, {"in_reply_to_user_id": "807003567605227520", "referenced_tweets": [{"type": "replied_to", "id": "1056168356716445697"}], "id": "1056172622965178368", "created_at": "2018-10-27T13:15:50.000Z", "entities": {"mentions": [{"start": 0, "end": 15, "username": "realamberheard", "id": "807003567605227520"}, {"start": 16, "end": 28, "username": "BetoORourke", "id": "342863309"}]}, "text": "@realamberheard @BetoORourke Ily", "public_metrics": {"retweet_count": 0, "reply_count": 0, "like_count": 0, "quote_count": 0}, "author_id": "1053663627926884352", "lang": "und", "source": "Twitter for Android", "replied_tweet": {"id": "1056168356716445697", "created_at": "2018-10-27T12:58:53.000Z", "entities": {"mentions": [{"start": 89, "end": 101, "username": "BetoORourke", "id": "342863309"}], "annotations": [{"start": 13, "end": 18, "probability": 0.9493, "type": "Place", "normalized_text": "Dallas"}, {"start": 43, "end": 47, "probability": 0.9388, "type": "Place", "normalized_text": "Texas"}]}, "text": "On my way to Dallas to show my support for Texas\u2019 hope for change and true leadership in @BetoORourke", "public_metrics": {"retweet_count": 36, "reply_count": 16, "like_count": 331, "quote_count": 3}, "author_id": "807003567605227520", "lang": "en", "source": "Twitter for iPhone", "author": {"public_metrics": {"followers_count": 190462, "following_count": 220, "tweet_count": 1151, "listed_count": 567}, "created_at": "2016-12-08T23:26:58.000Z", "name": "Amber Heard", "username": "realamberheard", "profile_image_url": "https://pbs.twimg.com/profile_images/1383196364792680448/N8CdupEu_normal.jpg", "location": "Los Angeles, CA", "id": "807003567605227520", "url": "https://t.co/Ze18Ek9SOI", "description": "Actor and Activist, semi-professional disruptor, ice cream advocate and shameless teacup yorkie-lover"}}, "author": {"public_metrics": {"followers_count": 2, "following_count": 602, "tweet_count": 11898, "listed_count": 0}, "created_at": "2018-10-20T15:05:59.000Z", "name": "Neesh", "username": "19bheberly", "profile_image_url": "https://pbs.twimg.com/profile_images/1096333566747668480/dlCqnvff_normal.jpg", "id": "1053663627926884352", "url": "", "description": "Basta Dun Ako sa Masarap"}}, {"entities": {"urls": [{"start": 66, "end": 89, "url": "https://t.co/goQefSWHhl", "expanded_url": "https://twitter.com/stirgussa/status/1056170949983326209/photo/1", "display_url": "pic.twitter.com/goQefSWHhl"}], "mentions": [{"start": 0, "end": 15, "username": "realamberheard", "id": "807003567605227520"}, {"start": 16, "end": 28, "username": "BetoORourke", "id": "342863309"}]}, "in_reply_to_user_id": "807003567605227520", "referenced_tweets": [{"type": "replied_to", "id": "1056168356716445697"}], "id": "1056170949983326209", "created_at": "2018-10-27T13:09:11.000Z", "text": "@realamberheard @BetoORourke Have a good time voting, everyone! \ud83d\udc4d https://t.co/goQefSWHhl", "public_metrics": {"retweet_count": 0, "reply_count": 0, "like_count": 4, "quote_count": 0}, "author_id": "4396120342", "lang": "en", "source": "Twitter for Android", "replied_tweet": {"id": "1056168356716445697", "created_at": "2018-10-27T12:58:53.000Z", "entities": {"mentions": [{"start": 89, "end": 101, "username": "BetoORourke", "id": "342863309"}], "annotations": [{"start": 13, "end": 18, "probability": 0.9493, "type": "Place", "normalized_text": "Dallas"}, {"start": 43, "end": 47, "probability": 0.9388, "type": "Place", "normalized_text": "Texas"}]}, "text": "On my way to Dallas to show my support for Texas\u2019 hope for change and true leadership in @BetoORourke", "public_metrics": {"retweet_count": 36, "reply_count": 16, "like_count": 331, "quote_count": 3}, "author_id": "807003567605227520", "lang": "en", "source": "Twitter for iPhone", "author": {"public_metrics": {"followers_count": 190462, "following_count": 220, "tweet_count": 1151, "listed_count": 567}, "created_at": "2016-12-08T23:26:58.000Z", "name": "Amber Heard", "username": "realamberheard", "profile_image_url": "https://pbs.twimg.com/profile_images/1383196364792680448/N8CdupEu_normal.jpg", "location": "Los Angeles, CA", "id": "807003567605227520", "url": "https://t.co/Ze18Ek9SOI", "description": "Actor and Activist, semi-professional disruptor, ice cream advocate and shameless teacup yorkie-lover"}}, "author": {"public_metrics": {"followers_count": 678, "following_count": 296, "tweet_count": 58624, "listed_count": 26}, "created_at": "2015-12-06T17:21:06.000Z", "name": "STIRGUS SACCHETTI", "username": "stirgussa", "profile_image_url": "https://pbs.twimg.com/profile_images/1378175478478082050/UKLiQPuk_normal.jpg", "id": "4396120342", "url": "", "description": "Only two things are infinite, the universe and human stupidity, and I'm not sure about the former. - Albert Einstein and Me!"}}, {"in_reply_to_user_id": "807003567605227520", "referenced_tweets": [{"type": "replied_to", "id": "1056168356716445697"}], "id": "1056169711703130112", "created_at": "2018-10-27T13:04:16.000Z", "entities": {"mentions": [{"start": 0, "end": 15, "username": "realamberheard", "id": "807003567605227520"}, {"start": 16, "end": 28, "username": "BetoORourke", "id": "342863309"}, {"start": 122, "end": 130, "username": "tedcruz", "id": "23022687"}], "annotations": [{"start": 29, "end": 32, "probability": 0.9405, "type": "Person", "normalized_text": "Beto"}, {"start": 47, "end": 51, "probability": 0.9384, "type": "Place", "normalized_text": "Texas"}, {"start": 79, "end": 101, "probability": 0.3423, "type": "Organization", "normalized_text": "Texas Chainsaw Massacre"}], "hashtags": [{"start": 131, "end": 140, "tag": "VoteCruz"}]}, "text": "@realamberheard @BetoORourke Beto will destroy Texas. It will literally be The Texas Chainsaw Massacre, if he is elected. @tedcruz #VoteCruz", "public_metrics": {"retweet_count": 0, "reply_count": 0, "like_count": 1, "quote_count": 0}, "author_id": "23471481", "lang": "en", "source": "Twitter Web Client", "replied_tweet": {"id": "1056168356716445697", "created_at": "2018-10-27T12:58:53.000Z", "entities": {"mentions": [{"start": 89, "end": 101, "username": "BetoORourke", "id": "342863309"}], "annotations": [{"start": 13, "end": 18, "probability": 0.9493, "type": "Place", "normalized_text": "Dallas"}, {"start": 43, "end": 47, "probability": 0.9388, "type": "Place", "normalized_text": "Texas"}]}, "text": "On my way to Dallas to show my support for Texas\u2019 hope for change and true leadership in @BetoORourke", "public_metrics": {"retweet_count": 36, "reply_count": 16, "like_count": 331, "quote_count": 3}, "author_id": "807003567605227520", "lang": "en", "source": "Twitter for iPhone", "author": {"public_metrics": {"followers_count": 190462, "following_count": 220, "tweet_count": 1151, "listed_count": 567}, "created_at": "2016-12-08T23:26:58.000Z", "name": "Amber Heard", "username": "realamberheard", "profile_image_url": "https://pbs.twimg.com/profile_images/1383196364792680448/N8CdupEu_normal.jpg", "location": "Los Angeles, CA", "id": "807003567605227520", "url": "https://t.co/Ze18Ek9SOI", "description": "Actor and Activist, semi-professional disruptor, ice cream advocate and shameless teacup yorkie-lover"}}, "author": {"public_metrics": {"followers_count": 302, "following_count": 2337, "tweet_count": 21039, "listed_count": 5}, "created_at": "2009-03-09T18:00:39.000Z", "name": "CR007", "username": "soopnoopchoop", "profile_image_url": "https://pbs.twimg.com/profile_images/1436682022794182656/zqRw6Tm__normal.jpg", "id": "23471481", "url": "", "description": ""}}, {"in_reply_to_user_id": "807003567605227520", "referenced_tweets": [{"type": "replied_to", "id": "1056168356716445697"}], "id": "1056168958661980160", "created_at": "2018-10-27T13:01:17.000Z", "entities": {"mentions": [{"start": 0, "end": 15, "username": "realamberheard", "id": "807003567605227520"}, {"start": 16, "end": 28, "username": "BetoORourke", "id": "342863309"}], "hashtags": [{"start": 29, "end": 33, "tag": "Eww"}]}, "text": "@realamberheard @BetoORourke #Eww", "public_metrics": {"retweet_count": 0, "reply_count": 0, "like_count": 0, "quote_count": 0}, "author_id": "846920496897806336", "lang": "und", "source": "Twitter Web App", "replied_tweet": {"id": "1056168356716445697", "created_at": "2018-10-27T12:58:53.000Z", "entities": {"mentions": [{"start": 89, "end": 101, "username": "BetoORourke", "id": "342863309"}], "annotations": [{"start": 13, "end": 18, "probability": 0.9493, "type": "Place", "normalized_text": "Dallas"}, {"start": 43, "end": 47, "probability": 0.9388, "type": "Place", "normalized_text": "Texas"}]}, "text": "On my way to Dallas to show my support for Texas\u2019 hope for change and true leadership in @BetoORourke", "public_metrics": {"retweet_count": 36, "reply_count": 16, "like_count": 331, "quote_count": 3}, "author_id": "807003567605227520", "lang": "en", "source": "Twitter for iPhone", "author": {"public_metrics": {"followers_count": 190462, "following_count": 220, "tweet_count": 1151, "listed_count": 567}, "created_at": "2016-12-08T23:26:58.000Z", "name": "Amber Heard", "username": "realamberheard", "profile_image_url": "https://pbs.twimg.com/profile_images/1383196364792680448/N8CdupEu_normal.jpg", "location": "Los Angeles, CA", "id": "807003567605227520", "url": "https://t.co/Ze18Ek9SOI", "description": "Actor and Activist, semi-professional disruptor, ice cream advocate and shameless teacup yorkie-lover"}}, "author": {"public_metrics": {"followers_count": 632, "following_count": 1785, "tweet_count": 20620, "listed_count": 8}, "created_at": "2017-03-29T03:02:36.000Z", "name": "Ashley Dionne", "username": "TaxationIsLame", "profile_image_url": "https://pbs.twimg.com/profile_images/1430653177678925826/aWe1N62X_normal.jpg", "location": "Michigan, USA", "id": "846920496897806336", "url": "", "description": "I'm Ash. I'm a freedom-loving American.\ud83c\uddfa\ud83c\uddf8 \ud83c\uddee\ud83c\uddf1\nhttps://t.co/4q74Hgbhoo\u2026\nYoutube: AshTheMovieGeek|"}}]