[{"entities": {"urls": [{"start": 29, "end": 52, "url": "https://t.co/lMUGhJqmPG", "expanded_url": "https://twitter.com/1985thiago/status/1068439309760503808/photo/1", "display_url": "pic.twitter.com/lMUGhJqmPG"}], "mentions": [{"start": 0, "end": 15, "username": "realamberheard", "id": "807003567605227520"}, {"start": 16, "end": 28, "username": "eduardotogi", "id": "478299905"}]}, "lang": "und", "id": "1068439309760503808", "text": "@realamberheard @eduardotogi https://t.co/lMUGhJqmPG", "created_at": "2018-11-30T09:39:16.000Z", "public_metrics": {"retweet_count": 0, "reply_count": 0, "like_count": 0, "quote_count": 0}, "author_id": "52845791", "in_reply_to_user_id": "807003567605227520", "source": "Twitter for Android", "referenced_tweets": [{"type": "replied_to", "id": "1060644404304723969"}], "replied_tweet": {"entities": {"urls": [{"start": 99, "end": 122, "url": "https://t.co/sVeXJqlhCt", "expanded_url": "https://twitter.com/realamberheard/status/1060644404304723969/photo/1", "display_url": "pic.twitter.com/sVeXJqlhCt"}], "mentions": [{"start": 85, "end": 97, "username": "eduardotogi", "id": "478299905"}], "annotations": [{"start": 1, "end": 6, "probability": 0.7529, "type": "Person", "normalized_text": "Pancho"}, {"start": 34, "end": 42, "probability": 0.345, "type": "Person", "normalized_text": "Antrapada"}]}, "lang": "en", "id": "1060644404304723969", "text": "\u201cPancho\u201d the bad guy in the show \u2018Antrapada\u2019 is one hell of a good guy in real life \u2066@eduardotogi\u2069 https://t.co/sVeXJqlhCt", "created_at": "2018-11-08T21:25:06.000Z", "public_metrics": {"retweet_count": 26, "reply_count": 12, "like_count": 349, "quote_count": 4}, "author_id": "807003567605227520", "source": "Twitter for iPhone", "author": {"location": "Los Angeles, CA", "profile_image_url": "https://pbs.twimg.com/profile_images/1383196364792680448/N8CdupEu_normal.jpg", "id": "807003567605227520", "name": "Amber Heard", "created_at": "2016-12-08T23:26:58.000Z", "username": "realamberheard", "url": "https://t.co/Ze18Ek9SOI", "description": "Actor and Activist, semi-professional disruptor, ice cream advocate and shameless teacup yorkie-lover", "public_metrics": {"followers_count": 190462, "following_count": 220, "tweet_count": 1151, "listed_count": 567}}}, "author": {"profile_image_url": "https://pbs.twimg.com/profile_images/1503902208777244674/qnP34miv_normal.jpg", "id": "52845791", "name": "thiago", "created_at": "2009-07-01T20:47:11.000Z", "username": "1985thiago", "url": "", "description": "", "public_metrics": {"followers_count": 241, "following_count": 3062, "tweet_count": 17114, "listed_count": 0}}}, {"lang": "en", "entities": {"mentions": [{"start": 0, "end": 15, "username": "realamberheard", "id": "807003567605227520"}, {"start": 16, "end": 28, "username": "eduardotogi", "id": "478299905"}]}, "id": "1064117240902156298", "text": "@realamberheard @eduardotogi terrible actress \ud83e\udd22", "created_at": "2018-11-18T11:24:55.000Z", "public_metrics": {"retweet_count": 0, "reply_count": 0, "like_count": 2, "quote_count": 0}, "author_id": "899643976105566209", "in_reply_to_user_id": "807003567605227520", "source": "Twitter for iPhone", "referenced_tweets": [{"type": "replied_to", "id": "1060644404304723969"}], "replied_tweet": {"entities": {"urls": [{"start": 99, "end": 122, "url": "https://t.co/sVeXJqlhCt", "expanded_url": "https://twitter.com/realamberheard/status/1060644404304723969/photo/1", "display_url": "pic.twitter.com/sVeXJqlhCt"}], "mentions": [{"start": 85, "end": 97, "username": "eduardotogi", "id": "478299905"}], "annotations": [{"start": 1, "end": 6, "probability": 0.7529, "type": "Person", "normalized_text": "Pancho"}, {"start": 34, "end": 42, "probability": 0.345, "type": "Person", "normalized_text": "Antrapada"}]}, "lang": "en", "id": "1060644404304723969", "text": "\u201cPancho\u201d the bad guy in the show \u2018Antrapada\u2019 is one hell of a good guy in real life \u2066@eduardotogi\u2069 https://t.co/sVeXJqlhCt", "created_at": "2018-11-08T21:25:06.000Z", "public_metrics": {"retweet_count": 26, "reply_count": 12, "like_count": 349, "quote_count": 4}, "author_id": "807003567605227520", "source": "Twitter for iPhone", "author": {"location": "Los Angeles, CA", "profile_image_url": "https://pbs.twimg.com/profile_images/1383196364792680448/N8CdupEu_normal.jpg", "id": "807003567605227520", "name": "Amber Heard", "created_at": "2016-12-08T23:26:58.000Z", "username": "realamberheard", "url": "https://t.co/Ze18Ek9SOI", "description": "Actor and Activist, semi-professional disruptor, ice cream advocate and shameless teacup yorkie-lover", "public_metrics": {"followers_count": 190462, "following_count": 220, "tweet_count": 1151, "listed_count": 567}}}, "author": {"location": "Meredith Grey + Ellen Pompeo \u2765", "profile_image_url": "https://pbs.twimg.com/profile_images/1505706948120956929/88xGsEMR_normal.jpg", "id": "899643976105566209", "name": "pompom/ no off", "created_at": "2017-08-21T14:46:53.000Z", "username": "pompeopx", "url": "", "description": "forever with you \u2765", "public_metrics": {"followers_count": 1503, "following_count": 2705, "tweet_count": 7916, "listed_count": 1}}}, {"lang": "en", "entities": {"mentions": [{"start": 0, "end": 15, "username": "realamberheard", "id": "807003567605227520"}, {"start": 16, "end": 28, "username": "eduardotogi", "id": "478299905"}]}, "id": "1060713543715053569", "text": "@realamberheard @eduardotogi the smug on your face is obvious! you are gonna choke on your lies soon! take home the illegals, provide room and board, medical care WITH YOUR OWN MONEY, and than talk about humanity!  you don't practice what you preach!  but, a low IQ does not do much! such low class you are!", "created_at": "2018-11-09T01:59:50.000Z", "public_metrics": {"retweet_count": 0, "reply_count": 0, "like_count": 1, "quote_count": 0}, "author_id": "1060627835805622272", "in_reply_to_user_id": "807003567605227520", "source": "Twitter Web Client", "referenced_tweets": [{"type": "replied_to", "id": "1060644404304723969"}], "replied_tweet": {"entities": {"urls": [{"start": 99, "end": 122, "url": "https://t.co/sVeXJqlhCt", "expanded_url": "https://twitter.com/realamberheard/status/1060644404304723969/photo/1", "display_url": "pic.twitter.com/sVeXJqlhCt"}], "mentions": [{"start": 85, "end": 97, "username": "eduardotogi", "id": "478299905"}], "annotations": [{"start": 1, "end": 6, "probability": 0.7529, "type": "Person", "normalized_text": "Pancho"}, {"start": 34, "end": 42, "probability": 0.345, "type": "Person", "normalized_text": "Antrapada"}]}, "lang": "en", "id": "1060644404304723969", "text": "\u201cPancho\u201d the bad guy in the show \u2018Antrapada\u2019 is one hell of a good guy in real life \u2066@eduardotogi\u2069 https://t.co/sVeXJqlhCt", "created_at": "2018-11-08T21:25:06.000Z", "public_metrics": {"retweet_count": 26, "reply_count": 12, "like_count": 349, "quote_count": 4}, "author_id": "807003567605227520", "source": "Twitter for iPhone", "author": {"location": "Los Angeles, CA", "profile_image_url": "https://pbs.twimg.com/profile_images/1383196364792680448/N8CdupEu_normal.jpg", "id": "807003567605227520", "name": "Amber Heard", "created_at": "2016-12-08T23:26:58.000Z", "username": "realamberheard", "url": "https://t.co/Ze18Ek9SOI", "description": "Actor and Activist, semi-professional disruptor, ice cream advocate and shameless teacup yorkie-lover", "public_metrics": {"followers_count": 190462, "following_count": 220, "tweet_count": 1151, "listed_count": 567}}}, "author": {"profile_image_url": "https://abs.twimg.com/sticky/default_profile_images/default_profile_normal.png", "id": "1060627835805622272", "name": "vanilla.s", "created_at": "2018-11-08T20:19:16.000Z", "username": "vanilla19377666", "url": "", "description": "", "public_metrics": {"followers_count": 1, "following_count": 0, "tweet_count": 19, "listed_count": 0}}}, {"lang": "en", "entities": {"mentions": [{"start": 0, "end": 15, "username": "realamberheard", "id": "807003567605227520"}, {"start": 16, "end": 28, "username": "eduardotogi", "id": "478299905"}]}, "id": "1060710392014356480", "text": "@realamberheard @eduardotogi donate your own money, stupid!  don't ask people to support a cause you don't give a shit about!  you are so irrelevant, boring, fake, no class, no elegance, nothing authentic about you!  ruthless viper underneath that cheap makeup!  the bigger the climb, the bigger the fall!", "created_at": "2018-11-09T01:47:19.000Z", "public_metrics": {"retweet_count": 0, "reply_count": 0, "like_count": 1, "quote_count": 0}, "author_id": "1060627835805622272", "in_reply_to_user_id": "807003567605227520", "source": "Twitter Web Client", "referenced_tweets": [{"type": "replied_to", "id": "1060644404304723969"}], "replied_tweet": {"entities": {"urls": [{"start": 99, "end": 122, "url": "https://t.co/sVeXJqlhCt", "expanded_url": "https://twitter.com/realamberheard/status/1060644404304723969/photo/1", "display_url": "pic.twitter.com/sVeXJqlhCt"}], "mentions": [{"start": 85, "end": 97, "username": "eduardotogi", "id": "478299905"}], "annotations": [{"start": 1, "end": 6, "probability": 0.7529, "type": "Person", "normalized_text": "Pancho"}, {"start": 34, "end": 42, "probability": 0.345, "type": "Person", "normalized_text": "Antrapada"}]}, "lang": "en", "id": "1060644404304723969", "text": "\u201cPancho\u201d the bad guy in the show \u2018Antrapada\u2019 is one hell of a good guy in real life \u2066@eduardotogi\u2069 https://t.co/sVeXJqlhCt", "created_at": "2018-11-08T21:25:06.000Z", "public_metrics": {"retweet_count": 26, "reply_count": 12, "like_count": 349, "quote_count": 4}, "author_id": "807003567605227520", "source": "Twitter for iPhone", "author": {"location": "Los Angeles, CA", "profile_image_url": "https://pbs.twimg.com/profile_images/1383196364792680448/N8CdupEu_normal.jpg", "id": "807003567605227520", "name": "Amber Heard", "created_at": "2016-12-08T23:26:58.000Z", "username": "realamberheard", "url": "https://t.co/Ze18Ek9SOI", "description": "Actor and Activist, semi-professional disruptor, ice cream advocate and shameless teacup yorkie-lover", "public_metrics": {"followers_count": 190462, "following_count": 220, "tweet_count": 1151, "listed_count": 567}}}, "author": {"profile_image_url": "https://abs.twimg.com/sticky/default_profile_images/default_profile_normal.png", "id": "1060627835805622272", "name": "vanilla.s", "created_at": "2018-11-08T20:19:16.000Z", "username": "vanilla19377666", "url": "", "description": "", "public_metrics": {"followers_count": 1, "following_count": 0, "tweet_count": 19, "listed_count": 0}}}, {"lang": "en", "entities": {"mentions": [{"start": 0, "end": 15, "username": "realamberheard", "id": "807003567605227520"}, {"start": 16, "end": 28, "username": "eduardotogi", "id": "478299905"}]}, "id": "1060707859611021313", "text": "@realamberheard @eduardotogi publicity stunt! you pay all media outlets to fabricate your image as a sweet girl, and to cover up for your vile actions, so you can fool the world you care?  I HAVE  NAMES , AND THE AMOUNT OF MONEY THEY GET PAID TO DO THAT!  PLUS OTHER ILLEGAL ACTIONS  YOU DO, FOR PUBLICITY!!!", "created_at": "2018-11-09T01:37:15.000Z", "public_metrics": {"retweet_count": 0, "reply_count": 0, "like_count": 1, "quote_count": 0}, "author_id": "1060627835805622272", "in_reply_to_user_id": "807003567605227520", "source": "Twitter Web Client", "referenced_tweets": [{"type": "replied_to", "id": "1060644404304723969"}], "replied_tweet": {"entities": {"urls": [{"start": 99, "end": 122, "url": "https://t.co/sVeXJqlhCt", "expanded_url": "https://twitter.com/realamberheard/status/1060644404304723969/photo/1", "display_url": "pic.twitter.com/sVeXJqlhCt"}], "mentions": [{"start": 85, "end": 97, "username": "eduardotogi", "id": "478299905"}], "annotations": [{"start": 1, "end": 6, "probability": 0.7529, "type": "Person", "normalized_text": "Pancho"}, {"start": 34, "end": 42, "probability": 0.345, "type": "Person", "normalized_text": "Antrapada"}]}, "lang": "en", "id": "1060644404304723969", "text": "\u201cPancho\u201d the bad guy in the show \u2018Antrapada\u2019 is one hell of a good guy in real life \u2066@eduardotogi\u2069 https://t.co/sVeXJqlhCt", "created_at": "2018-11-08T21:25:06.000Z", "public_metrics": {"retweet_count": 26, "reply_count": 12, "like_count": 349, "quote_count": 4}, "author_id": "807003567605227520", "source": "Twitter for iPhone", "author": {"location": "Los Angeles, CA", "profile_image_url": "https://pbs.twimg.com/profile_images/1383196364792680448/N8CdupEu_normal.jpg", "id": "807003567605227520", "name": "Amber Heard", "created_at": "2016-12-08T23:26:58.000Z", "username": "realamberheard", "url": "https://t.co/Ze18Ek9SOI", "description": "Actor and Activist, semi-professional disruptor, ice cream advocate and shameless teacup yorkie-lover", "public_metrics": {"followers_count": 190462, "following_count": 220, "tweet_count": 1151, "listed_count": 567}}}, "author": {"profile_image_url": "https://abs.twimg.com/sticky/default_profile_images/default_profile_normal.png", "id": "1060627835805622272", "name": "vanilla.s", "created_at": "2018-11-08T20:19:16.000Z", "username": "vanilla19377666", "url": "", "description": "", "public_metrics": {"followers_count": 1, "following_count": 0, "tweet_count": 19, "listed_count": 0}}}, {"lang": "en", "entities": {"mentions": [{"start": 0, "end": 15, "username": "realamberheard", "id": "807003567605227520"}, {"start": 16, "end": 28, "username": "eduardotogi", "id": "478299905"}]}, "id": "1060705102590238720", "text": "@realamberheard @eduardotogi are you on meds? did you purchese all your illegal drugs already?  lol, joy to the world, you are getting laid tonight!! plus the blow jobs!  flat chested nobody!  and chicken legs! and botox face!  all fake, such as your charities events!! you don't give a shit on human rights!", "created_at": "2018-11-09T01:26:18.000Z", "public_metrics": {"retweet_count": 0, "reply_count": 0, "like_count": 1, "quote_count": 0}, "author_id": "1060627835805622272", "in_reply_to_user_id": "807003567605227520", "source": "Twitter Web Client", "referenced_tweets": [{"type": "replied_to", "id": "1060644404304723969"}], "replied_tweet": {"entities": {"urls": [{"start": 99, "end": 122, "url": "https://t.co/sVeXJqlhCt", "expanded_url": "https://twitter.com/realamberheard/status/1060644404304723969/photo/1", "display_url": "pic.twitter.com/sVeXJqlhCt"}], "mentions": [{"start": 85, "end": 97, "username": "eduardotogi", "id": "478299905"}], "annotations": [{"start": 1, "end": 6, "probability": 0.7529, "type": "Person", "normalized_text": "Pancho"}, {"start": 34, "end": 42, "probability": 0.345, "type": "Person", "normalized_text": "Antrapada"}]}, "lang": "en", "id": "1060644404304723969", "text": "\u201cPancho\u201d the bad guy in the show \u2018Antrapada\u2019 is one hell of a good guy in real life \u2066@eduardotogi\u2069 https://t.co/sVeXJqlhCt", "created_at": "2018-11-08T21:25:06.000Z", "public_metrics": {"retweet_count": 26, "reply_count": 12, "like_count": 349, "quote_count": 4}, "author_id": "807003567605227520", "source": "Twitter for iPhone", "author": {"location": "Los Angeles, CA", "profile_image_url": "https://pbs.twimg.com/profile_images/1383196364792680448/N8CdupEu_normal.jpg", "id": "807003567605227520", "name": "Amber Heard", "created_at": "2016-12-08T23:26:58.000Z", "username": "realamberheard", "url": "https://t.co/Ze18Ek9SOI", "description": "Actor and Activist, semi-professional disruptor, ice cream advocate and shameless teacup yorkie-lover", "public_metrics": {"followers_count": 190462, "following_count": 220, "tweet_count": 1151, "listed_count": 567}}}, "author": {"profile_image_url": "https://abs.twimg.com/sticky/default_profile_images/default_profile_normal.png", "id": "1060627835805622272", "name": "vanilla.s", "created_at": "2018-11-08T20:19:16.000Z", "username": "vanilla19377666", "url": "", "description": "", "public_metrics": {"followers_count": 1, "following_count": 0, "tweet_count": 19, "listed_count": 0}}}, {"lang": "en", "entities": {"mentions": [{"start": 0, "end": 15, "username": "realamberheard", "id": "807003567605227520"}, {"start": 16, "end": 28, "username": "eduardotogi", "id": "478299905"}]}, "id": "1060680982666321920", "text": "@realamberheard @eduardotogi Did u hit him and shat on his bed?", "created_at": "2018-11-08T23:50:27.000Z", "public_metrics": {"retweet_count": 0, "reply_count": 0, "like_count": 4, "quote_count": 0}, "author_id": "939220711339646976", "in_reply_to_user_id": "807003567605227520", "source": "Twitter for iPhone", "referenced_tweets": [{"type": "replied_to", "id": "1060644404304723969"}], "replied_tweet": {"entities": {"urls": [{"start": 99, "end": 122, "url": "https://t.co/sVeXJqlhCt", "expanded_url": "https://twitter.com/realamberheard/status/1060644404304723969/photo/1", "display_url": "pic.twitter.com/sVeXJqlhCt"}], "mentions": [{"start": 85, "end": 97, "username": "eduardotogi", "id": "478299905"}], "annotations": [{"start": 1, "end": 6, "probability": 0.7529, "type": "Person", "normalized_text": "Pancho"}, {"start": 34, "end": 42, "probability": 0.345, "type": "Person", "normalized_text": "Antrapada"}]}, "lang": "en", "id": "1060644404304723969", "text": "\u201cPancho\u201d the bad guy in the show \u2018Antrapada\u2019 is one hell of a good guy in real life \u2066@eduardotogi\u2069 https://t.co/sVeXJqlhCt", "created_at": "2018-11-08T21:25:06.000Z", "public_metrics": {"retweet_count": 26, "reply_count": 12, "like_count": 349, "quote_count": 4}, "author_id": "807003567605227520", "source": "Twitter for iPhone", "author": {"location": "Los Angeles, CA", "profile_image_url": "https://pbs.twimg.com/profile_images/1383196364792680448/N8CdupEu_normal.jpg", "id": "807003567605227520", "name": "Amber Heard", "created_at": "2016-12-08T23:26:58.000Z", "username": "realamberheard", "url": "https://t.co/Ze18Ek9SOI", "description": "Actor and Activist, semi-professional disruptor, ice cream advocate and shameless teacup yorkie-lover", "public_metrics": {"followers_count": 190462, "following_count": 220, "tweet_count": 1151, "listed_count": 567}}}, "author": {"profile_image_url": "https://pbs.twimg.com/profile_images/939253775189053440/_ru-nbk8_normal.jpg", "id": "939220711339646976", "name": "Patr\u00edcia Costa", "created_at": "2017-12-08T19:50:42.000Z", "username": "Pattttcostta", "url": "", "description": "", "public_metrics": {"followers_count": 42, "following_count": 165, "tweet_count": 9043, "listed_count": 0}}}, {"lang": "es", "entities": {"mentions": [{"start": 0, "end": 15, "username": "realamberheard", "id": "807003567605227520"}, {"start": 16, "end": 28, "username": "eduardotogi", "id": "478299905"}], "annotations": [{"start": 35, "end": 39, "probability": 0.8566, "type": "Person", "normalized_text": "Amber"}, {"start": 62, "end": 69, "probability": 0.8605, "type": "Person", "normalized_text": "Panchito"}, {"start": 75, "end": 79, "probability": 0.493, "type": "Person", "normalized_text": "Amber"}]}, "id": "1060648620494675968", "text": "@realamberheard @eduardotogi Vamos Amber!! \n\nDile con cari\u00f1o \"Panchito\"! \n\nAmber es Mera-villosa!", "created_at": "2018-11-08T21:41:51.000Z", "public_metrics": {"retweet_count": 2, "reply_count": 0, "like_count": 2, "quote_count": 0}, "author_id": "404674059", "in_reply_to_user_id": "807003567605227520", "source": "Twitter Web App", "referenced_tweets": [{"type": "replied_to", "id": "1060644404304723969"}], "replied_tweet": {"entities": {"urls": [{"start": 99, "end": 122, "url": "https://t.co/sVeXJqlhCt", "expanded_url": "https://twitter.com/realamberheard/status/1060644404304723969/photo/1", "display_url": "pic.twitter.com/sVeXJqlhCt"}], "mentions": [{"start": 85, "end": 97, "username": "eduardotogi", "id": "478299905"}], "annotations": [{"start": 1, "end": 6, "probability": 0.7529, "type": "Person", "normalized_text": "Pancho"}, {"start": 34, "end": 42, "probability": 0.345, "type": "Person", "normalized_text": "Antrapada"}]}, "lang": "en", "id": "1060644404304723969", "text": "\u201cPancho\u201d the bad guy in the show \u2018Antrapada\u2019 is one hell of a good guy in real life \u2066@eduardotogi\u2069 https://t.co/sVeXJqlhCt", "created_at": "2018-11-08T21:25:06.000Z", "public_metrics": {"retweet_count": 26, "reply_count": 12, "like_count": 349, "quote_count": 4}, "author_id": "807003567605227520", "source": "Twitter for iPhone", "author": {"location": "Los Angeles, CA", "profile_image_url": "https://pbs.twimg.com/profile_images/1383196364792680448/N8CdupEu_normal.jpg", "id": "807003567605227520", "name": "Amber Heard", "created_at": "2016-12-08T23:26:58.000Z", "username": "realamberheard", "url": "https://t.co/Ze18Ek9SOI", "description": "Actor and Activist, semi-professional disruptor, ice cream advocate and shameless teacup yorkie-lover", "public_metrics": {"followers_count": 190462, "following_count": 220, "tweet_count": 1151, "listed_count": 567}}}, "author": {"location": "Mexico\ud83c\uddf2\ud83c\uddfd", "profile_image_url": "https://pbs.twimg.com/profile_images/1320204384375132162/7SOJE4iC_normal.jpg", "id": "404674059", "name": "Moises Arias (Moy Jr)", "created_at": "2011-11-04T07:52:11.000Z", "username": "MoyAriasMEXICO", "url": "", "description": "Science\ud83d\udcda\ud83d\udd2d\ud83d\udd2cLover\ud83d\udc68\u200d\ud83d\udd2c\u2764, Metallurgical Eng,\u2661DCFan,\ud83d\udda4HeavyMetal, Hard Rock&Cool\u270cMusic!\nCF Monterrey, Bayern M\u00fcnchen & VanCity Whitecaps*\n\n\u2764Mom(+), Dad(+) & Sis", "public_metrics": {"followers_count": 666, "following_count": 3465, "tweet_count": 74611, "listed_count": 7}}}, {"entities": {"urls": [{"start": 54, "end": 77, "url": "https://t.co/v1qHg9GckJ", "expanded_url": "https://twitter.com/stirgussa/status/1060647522690125825/photo/1", "display_url": "pic.twitter.com/v1qHg9GckJ"}], "mentions": [{"start": 0, "end": 15, "username": "realamberheard", "id": "807003567605227520"}, {"start": 16, "end": 28, "username": "eduardotogi", "id": "478299905"}]}, "lang": "en", "id": "1060647522690125825", "text": "@realamberheard @eduardotogi You're two good humans \ud83d\ude0a https://t.co/v1qHg9GckJ", "created_at": "2018-11-08T21:37:29.000Z", "public_metrics": {"retweet_count": 2, "reply_count": 0, "like_count": 2, "quote_count": 0}, "author_id": "4396120342", "in_reply_to_user_id": "807003567605227520", "source": "Twitter for Android", "referenced_tweets": [{"type": "replied_to", "id": "1060644404304723969"}], "replied_tweet": {"entities": {"urls": [{"start": 99, "end": 122, "url": "https://t.co/sVeXJqlhCt", "expanded_url": "https://twitter.com/realamberheard/status/1060644404304723969/photo/1", "display_url": "pic.twitter.com/sVeXJqlhCt"}], "mentions": [{"start": 85, "end": 97, "username": "eduardotogi", "id": "478299905"}], "annotations": [{"start": 1, "end": 6, "probability": 0.7529, "type": "Person", "normalized_text": "Pancho"}, {"start": 34, "end": 42, "probability": 0.345, "type": "Person", "normalized_text": "Antrapada"}]}, "lang": "en", "id": "1060644404304723969", "text": "\u201cPancho\u201d the bad guy in the show \u2018Antrapada\u2019 is one hell of a good guy in real life \u2066@eduardotogi\u2069 https://t.co/sVeXJqlhCt", "created_at": "2018-11-08T21:25:06.000Z", "public_metrics": {"retweet_count": 26, "reply_count": 12, "like_count": 349, "quote_count": 4}, "author_id": "807003567605227520", "source": "Twitter for iPhone", "author": {"location": "Los Angeles, CA", "profile_image_url": "https://pbs.twimg.com/profile_images/1383196364792680448/N8CdupEu_normal.jpg", "id": "807003567605227520", "name": "Amber Heard", "created_at": "2016-12-08T23:26:58.000Z", "username": "realamberheard", "url": "https://t.co/Ze18Ek9SOI", "description": "Actor and Activist, semi-professional disruptor, ice cream advocate and shameless teacup yorkie-lover", "public_metrics": {"followers_count": 190462, "following_count": 220, "tweet_count": 1151, "listed_count": 567}}}, "author": {"profile_image_url": "https://pbs.twimg.com/profile_images/1378175478478082050/UKLiQPuk_normal.jpg", "id": "4396120342", "name": "STIRGUS SACCHETTI", "created_at": "2015-12-06T17:21:06.000Z", "username": "stirgussa", "url": "", "description": "Only two things are infinite, the universe and human stupidity, and I'm not sure about the former. - Albert Einstein and Me!", "public_metrics": {"followers_count": 678, "following_count": 296, "tweet_count": 58624, "listed_count": 26}}}, {"lang": "en", "entities": {"mentions": [{"start": 0, "end": 15, "username": "realamberheard", "id": "807003567605227520"}, {"start": 16, "end": 28, "username": "eduardotogi", "id": "478299905"}]}, "id": "1060646150649376768", "text": "@realamberheard @eduardotogi You both look stoned. A true activist.", "created_at": "2018-11-08T21:32:02.000Z", "public_metrics": {"retweet_count": 0, "reply_count": 0, "like_count": 2, "quote_count": 0}, "author_id": "311125639", "in_reply_to_user_id": "807003567605227520", "source": "Twitter for iPhone", "referenced_tweets": [{"type": "replied_to", "id": "1060644404304723969"}], "replied_tweet": {"entities": {"urls": [{"start": 99, "end": 122, "url": "https://t.co/sVeXJqlhCt", "expanded_url": "https://twitter.com/realamberheard/status/1060644404304723969/photo/1", "display_url": "pic.twitter.com/sVeXJqlhCt"}], "mentions": [{"start": 85, "end": 97, "username": "eduardotogi", "id": "478299905"}], "annotations": [{"start": 1, "end": 6, "probability": 0.7529, "type": "Person", "normalized_text": "Pancho"}, {"start": 34, "end": 42, "probability": 0.345, "type": "Person", "normalized_text": "Antrapada"}]}, "lang": "en", "id": "1060644404304723969", "text": "\u201cPancho\u201d the bad guy in the show \u2018Antrapada\u2019 is one hell of a good guy in real life \u2066@eduardotogi\u2069 https://t.co/sVeXJqlhCt", "created_at": "2018-11-08T21:25:06.000Z", "public_metrics": {"retweet_count": 26, "reply_count": 12, "like_count": 349, "quote_count": 4}, "author_id": "807003567605227520", "source": "Twitter for iPhone", "author": {"location": "Los Angeles, CA", "profile_image_url": "https://pbs.twimg.com/profile_images/1383196364792680448/N8CdupEu_normal.jpg", "id": "807003567605227520", "name": "Amber Heard", "created_at": "2016-12-08T23:26:58.000Z", "username": "realamberheard", "url": "https://t.co/Ze18Ek9SOI", "description": "Actor and Activist, semi-professional disruptor, ice cream advocate and shameless teacup yorkie-lover", "public_metrics": {"followers_count": 190462, "following_count": 220, "tweet_count": 1151, "listed_count": 567}}}, "author": {"location": "L.S.U.", "profile_image_url": "https://pbs.twimg.com/profile_images/1035433346430468096/ZNR_kdw2_normal.jpg", "id": "311125639", "name": "Shannon", "created_at": "2011-06-04T23:05:03.000Z", "username": "acidpulse1", "url": "", "description": "1st Corinthians 1:18 ; Romans 10:9", "public_metrics": {"followers_count": 19, "following_count": 277, "tweet_count": 1836, "listed_count": 0}}}]