[{"author_id": "52845791", "lang": "und", "source": "Twitter for Android", "in_reply_to_user_id": "807003567605227520", "entities": {"urls": [{"start": 16, "end": 39, "url": "https://t.co/7fD7EOLuH3", "expanded_url": "https://twitter.com/1985thiago/status/1068439231167688704/photo/1", "display_url": "pic.twitter.com/7fD7EOLuH3"}], "mentions": [{"start": 0, "end": 15, "username": "realamberheard", "id": "807003567605227520"}]}, "referenced_tweets": [{"type": "replied_to", "id": "1060687558600990726"}], "created_at": "2018-11-30T09:38:58.000Z", "text": "@realamberheard https://t.co/7fD7EOLuH3", "id": "1068439231167688704", "public_metrics": {"retweet_count": 0, "reply_count": 0, "like_count": 0, "quote_count": 0}, "replied_tweet": {"author_id": "807003567605227520", "lang": "es", "source": "Twitter for iPhone", "entities": {"urls": [{"start": 142, "end": 165, "url": "https://t.co/vK4YbHqMlP", "expanded_url": "https://t.co/vK4YbHqMlP", "display_url": "t.co/vK4YbHqMlP"}]}, "created_at": "2018-11-09T00:16:35.000Z", "text": "El placer hacer fue completamente la m\u00eda! Gracias por todo el trabajo, el cari\u00f1o y el amor les dan cada d\u00eda tantos quien les necesitan lo m\u00e1s https://t.co/vK4YbHqMlP", "id": "1060687558600990726", "public_metrics": {"retweet_count": 62, "reply_count": 23, "like_count": 451, "quote_count": 9}, "author": {"username": "realamberheard", "created_at": "2016-12-08T23:26:58.000Z", "profile_image_url": "https://pbs.twimg.com/profile_images/1383196364792680448/N8CdupEu_normal.jpg", "name": "Amber Heard", "public_metrics": {"followers_count": 190462, "following_count": 220, "tweet_count": 1151, "listed_count": 567}, "description": "Actor and Activist, semi-professional disruptor, ice cream advocate and shameless teacup yorkie-lover", "id": "807003567605227520", "url": "https://t.co/Ze18Ek9SOI", "location": "Los Angeles, CA"}}, "author": {"username": "1985thiago", "created_at": "2009-07-01T20:47:11.000Z", "profile_image_url": "https://pbs.twimg.com/profile_images/1503902208777244674/qnP34miv_normal.jpg", "name": "thiago", "public_metrics": {"followers_count": 241, "following_count": 3062, "tweet_count": 17114, "listed_count": 0}, "description": "", "id": "52845791", "url": ""}}, {"author_id": "4143668607", "entities": {"annotations": [{"start": 28, "end": 32, "probability": 0.9608, "type": "Person", "normalized_text": "Amber"}], "mentions": [{"start": 0, "end": 15, "username": "realamberheard", "id": "807003567605227520"}]}, "lang": "es", "source": "Twitter Web App", "in_reply_to_user_id": "807003567605227520", "referenced_tweets": [{"type": "replied_to", "id": "1060687558600990726"}], "created_at": "2018-11-26T18:07:42.000Z", "text": "@realamberheard Eres genial Amber \ud83d\ude0d\ud83d\ude0d", "id": "1067117707076747265", "public_metrics": {"retweet_count": 0, "reply_count": 0, "like_count": 0, "quote_count": 0}, "replied_tweet": {"author_id": "807003567605227520", "lang": "es", "source": "Twitter for iPhone", "entities": {"urls": [{"start": 142, "end": 165, "url": "https://t.co/vK4YbHqMlP", "expanded_url": "https://t.co/vK4YbHqMlP", "display_url": "t.co/vK4YbHqMlP"}]}, "created_at": "2018-11-09T00:16:35.000Z", "text": "El placer hacer fue completamente la m\u00eda! Gracias por todo el trabajo, el cari\u00f1o y el amor les dan cada d\u00eda tantos quien les necesitan lo m\u00e1s https://t.co/vK4YbHqMlP", "id": "1060687558600990726", "public_metrics": {"retweet_count": 62, "reply_count": 23, "like_count": 451, "quote_count": 9}, "author": {"username": "realamberheard", "created_at": "2016-12-08T23:26:58.000Z", "profile_image_url": "https://pbs.twimg.com/profile_images/1383196364792680448/N8CdupEu_normal.jpg", "name": "Amber Heard", "public_metrics": {"followers_count": 190462, "following_count": 220, "tweet_count": 1151, "listed_count": 567}, "description": "Actor and Activist, semi-professional disruptor, ice cream advocate and shameless teacup yorkie-lover", "id": "807003567605227520", "url": "https://t.co/Ze18Ek9SOI", "location": "Los Angeles, CA"}}, "author": {"username": "_EliMad", "created_at": "2015-11-08T19:01:05.000Z", "profile_image_url": "https://pbs.twimg.com/profile_images/1490821857884446720/oM_agVkr_normal.jpg", "name": "\ud83d\udc9b\ud83d\udc99\u2764", "public_metrics": {"followers_count": 747, "following_count": 508, "tweet_count": 28030, "listed_count": 0}, "description": "\u2764\u26bd\ufe0f\n\n@realmadrid\ud83c\udfc6\ud83c\udff3 \n@FCFSeleccionCol \ud83c\udde8\ud83c\uddf4 \n\u210d\ud835\udd38\ud835\udd43\ud835\udd38 \ud835\udd44\ud835\udd38\ud835\udd3b\u211d\ud835\udd40\ud835\udd3b\n\nSiempre apoyando la Paz \ud83d\udd4a nunca la guerra", "id": "4143668607", "url": ""}}, {"author_id": "90999966", "lang": "en", "source": "Twitter for Android", "in_reply_to_user_id": "807003567605227520", "referenced_tweets": [{"type": "replied_to", "id": "1060687558600990726"}], "created_at": "2018-11-09T23:57:49.000Z", "text": "@realamberheard Love ya! \ud83d\udc9c", "entities": {"mentions": [{"start": 0, "end": 15, "username": "realamberheard", "id": "807003567605227520"}]}, "id": "1061045223344750597", "public_metrics": {"retweet_count": 0, "reply_count": 0, "like_count": 0, "quote_count": 0}, "replied_tweet": {"author_id": "807003567605227520", "lang": "es", "source": "Twitter for iPhone", "entities": {"urls": [{"start": 142, "end": 165, "url": "https://t.co/vK4YbHqMlP", "expanded_url": "https://t.co/vK4YbHqMlP", "display_url": "t.co/vK4YbHqMlP"}]}, "created_at": "2018-11-09T00:16:35.000Z", "text": "El placer hacer fue completamente la m\u00eda! Gracias por todo el trabajo, el cari\u00f1o y el amor les dan cada d\u00eda tantos quien les necesitan lo m\u00e1s https://t.co/vK4YbHqMlP", "id": "1060687558600990726", "public_metrics": {"retweet_count": 62, "reply_count": 23, "like_count": 451, "quote_count": 9}, "author": {"username": "realamberheard", "created_at": "2016-12-08T23:26:58.000Z", "profile_image_url": "https://pbs.twimg.com/profile_images/1383196364792680448/N8CdupEu_normal.jpg", "name": "Amber Heard", "public_metrics": {"followers_count": 190462, "following_count": 220, "tweet_count": 1151, "listed_count": 567}, "description": "Actor and Activist, semi-professional disruptor, ice cream advocate and shameless teacup yorkie-lover", "id": "807003567605227520", "url": "https://t.co/Ze18Ek9SOI", "location": "Los Angeles, CA"}}, "author": {"username": "LuaRaven90", "created_at": "2009-11-19T00:47:27.000Z", "profile_image_url": "https://pbs.twimg.com/profile_images/1496700746762534912/I6Mvtm4Q_normal.jpg", "name": "L\u00faa Rav\u00e9n \ud83c\uddf2\ud83c\uddfd\ud83c\udff3\ufe0f\u200d\u26a7\ufe0f", "public_metrics": {"followers_count": 705, "following_count": 2163, "tweet_count": 56933, "listed_count": 7}, "description": "\ud83d\udda4\ud83d\udda4\ud83d\udda4 she/her\n-Mexican \ud83c\uddf2\ud83c\uddfd\n-Trans woman \ud83c\udff3\ufe0f\u200d\u26a7\ufe0f\n-Lesbian \ud83d\udc6d\n-Japanophile \ud83c\uddef\ud83c\uddf5\ud83d\udc79\ud83c\udfef\ud83c\udfee\ud83c\udf8e\ud83c\udf8c", "id": "90999966", "url": ""}}, {"author_id": "3159585352", "lang": "en", "source": "Twitter for iPhone", "in_reply_to_user_id": "807003567605227520", "referenced_tweets": [{"type": "replied_to", "id": "1060687558600990726"}], "created_at": "2018-11-09T17:08:16.000Z", "text": "@realamberheard My respect for you \ud83d\udc4f\ud83c\udffc\ud83d\udc4f\ud83c\udffc\ud83d\udc4f\ud83c\udffc\ud83d\udc4f\ud83c\udffc", "entities": {"mentions": [{"start": 0, "end": 15, "username": "realamberheard", "id": "807003567605227520"}]}, "id": "1060942158734204929", "public_metrics": {"retweet_count": 0, "reply_count": 0, "like_count": 0, "quote_count": 0}, "replied_tweet": {"author_id": "807003567605227520", "lang": "es", "source": "Twitter for iPhone", "entities": {"urls": [{"start": 142, "end": 165, "url": "https://t.co/vK4YbHqMlP", "expanded_url": "https://t.co/vK4YbHqMlP", "display_url": "t.co/vK4YbHqMlP"}]}, "created_at": "2018-11-09T00:16:35.000Z", "text": "El placer hacer fue completamente la m\u00eda! Gracias por todo el trabajo, el cari\u00f1o y el amor les dan cada d\u00eda tantos quien les necesitan lo m\u00e1s https://t.co/vK4YbHqMlP", "id": "1060687558600990726", "public_metrics": {"retweet_count": 62, "reply_count": 23, "like_count": 451, "quote_count": 9}, "author": {"username": "realamberheard", "created_at": "2016-12-08T23:26:58.000Z", "profile_image_url": "https://pbs.twimg.com/profile_images/1383196364792680448/N8CdupEu_normal.jpg", "name": "Amber Heard", "public_metrics": {"followers_count": 190462, "following_count": 220, "tweet_count": 1151, "listed_count": 567}, "description": "Actor and Activist, semi-professional disruptor, ice cream advocate and shameless teacup yorkie-lover", "id": "807003567605227520", "url": "https://t.co/Ze18Ek9SOI", "location": "Los Angeles, CA"}}, "author": {"username": "bladimirreyes31", "created_at": "2015-04-12T12:24:05.000Z", "profile_image_url": "https://pbs.twimg.com/profile_images/1405579874572591114/-Mh9SfVs_normal.jpg", "name": "King", "public_metrics": {"followers_count": 37, "following_count": 86, "tweet_count": 6478, "listed_count": 0}, "description": "", "id": "3159585352", "url": ""}}, {"author_id": "2563414822", "lang": "es", "source": "Twitter for Android", "in_reply_to_user_id": "807003567605227520", "referenced_tweets": [{"type": "replied_to", "id": "1060687558600990726"}], "created_at": "2018-11-09T15:19:08.000Z", "text": "@realamberheard Hermosa y de buen corazon \ud83d\ude0d\ud83d\ude0d\ud83d\ude0d\ud83d\ude0d\ud83d\ude0d", "entities": {"mentions": [{"start": 0, "end": 15, "username": "realamberheard", "id": "807003567605227520"}]}, "id": "1060914694553243648", "public_metrics": {"retweet_count": 0, "reply_count": 0, "like_count": 0, "quote_count": 0}, "replied_tweet": {"author_id": "807003567605227520", "lang": "es", "source": "Twitter for iPhone", "entities": {"urls": [{"start": 142, "end": 165, "url": "https://t.co/vK4YbHqMlP", "expanded_url": "https://t.co/vK4YbHqMlP", "display_url": "t.co/vK4YbHqMlP"}]}, "created_at": "2018-11-09T00:16:35.000Z", "text": "El placer hacer fue completamente la m\u00eda! Gracias por todo el trabajo, el cari\u00f1o y el amor les dan cada d\u00eda tantos quien les necesitan lo m\u00e1s https://t.co/vK4YbHqMlP", "id": "1060687558600990726", "public_metrics": {"retweet_count": 62, "reply_count": 23, "like_count": 451, "quote_count": 9}, "author": {"username": "realamberheard", "created_at": "2016-12-08T23:26:58.000Z", "profile_image_url": "https://pbs.twimg.com/profile_images/1383196364792680448/N8CdupEu_normal.jpg", "name": "Amber Heard", "public_metrics": {"followers_count": 190462, "following_count": 220, "tweet_count": 1151, "listed_count": 567}, "description": "Actor and Activist, semi-professional disruptor, ice cream advocate and shameless teacup yorkie-lover", "id": "807003567605227520", "url": "https://t.co/Ze18Ek9SOI", "location": "Los Angeles, CA"}}, "author": {"username": "milcoantonio", "created_at": "2014-05-25T12:35:41.000Z", "profile_image_url": "https://pbs.twimg.com/profile_images/963441337591877632/yc2hsJEU_normal.jpg", "name": "milcoantonio", "public_metrics": {"followers_count": 73, "following_count": 561, "tweet_count": 3046, "listed_count": 0}, "description": "", "id": "2563414822", "url": ""}}, {"author_id": "976352029630083072", "lang": "en", "source": "Twitter for Android", "in_reply_to_user_id": "807003567605227520", "referenced_tweets": [{"type": "replied_to", "id": "1060687558600990726"}], "created_at": "2018-11-09T11:47:55.000Z", "text": "@realamberheard Great work mam", "entities": {"mentions": [{"start": 0, "end": 15, "username": "realamberheard", "id": "807003567605227520"}]}, "id": "1060861537986895872", "public_metrics": {"retweet_count": 0, "reply_count": 0, "like_count": 0, "quote_count": 0}, "replied_tweet": {"author_id": "807003567605227520", "lang": "es", "source": "Twitter for iPhone", "entities": {"urls": [{"start": 142, "end": 165, "url": "https://t.co/vK4YbHqMlP", "expanded_url": "https://t.co/vK4YbHqMlP", "display_url": "t.co/vK4YbHqMlP"}]}, "created_at": "2018-11-09T00:16:35.000Z", "text": "El placer hacer fue completamente la m\u00eda! Gracias por todo el trabajo, el cari\u00f1o y el amor les dan cada d\u00eda tantos quien les necesitan lo m\u00e1s https://t.co/vK4YbHqMlP", "id": "1060687558600990726", "public_metrics": {"retweet_count": 62, "reply_count": 23, "like_count": 451, "quote_count": 9}, "author": {"username": "realamberheard", "created_at": "2016-12-08T23:26:58.000Z", "profile_image_url": "https://pbs.twimg.com/profile_images/1383196364792680448/N8CdupEu_normal.jpg", "name": "Amber Heard", "public_metrics": {"followers_count": 190462, "following_count": 220, "tweet_count": 1151, "listed_count": 567}, "description": "Actor and Activist, semi-professional disruptor, ice cream advocate and shameless teacup yorkie-lover", "id": "807003567605227520", "url": "https://t.co/Ze18Ek9SOI", "location": "Los Angeles, CA"}}, "author": {"username": "Sonu07370038", "created_at": "2018-03-21T06:57:18.000Z", "profile_image_url": "https://pbs.twimg.com/profile_images/1466404038459604997/DgkFOWUM_normal.jpg", "name": "Sonu", "public_metrics": {"followers_count": 8, "following_count": 196, "tweet_count": 101, "listed_count": 0}, "description": "As free as the ocean", "id": "976352029630083072", "url": "", "location": "Meerut, India"}}, {"author_id": "356647326", "lang": "en", "source": "Twitter for iPhone", "in_reply_to_user_id": "807003567605227520", "referenced_tweets": [{"type": "replied_to", "id": "1060687558600990726"}], "created_at": "2018-11-09T05:34:59.000Z", "text": "@realamberheard The fact that your Spanish is impeccable...like i admire you even more now", "entities": {"mentions": [{"start": 0, "end": 15, "username": "realamberheard", "id": "807003567605227520"}]}, "id": "1060767687142445063", "public_metrics": {"retweet_count": 0, "reply_count": 0, "like_count": 0, "quote_count": 0}, "replied_tweet": {"author_id": "807003567605227520", "lang": "es", "source": "Twitter for iPhone", "entities": {"urls": [{"start": 142, "end": 165, "url": "https://t.co/vK4YbHqMlP", "expanded_url": "https://t.co/vK4YbHqMlP", "display_url": "t.co/vK4YbHqMlP"}]}, "created_at": "2018-11-09T00:16:35.000Z", "text": "El placer hacer fue completamente la m\u00eda! Gracias por todo el trabajo, el cari\u00f1o y el amor les dan cada d\u00eda tantos quien les necesitan lo m\u00e1s https://t.co/vK4YbHqMlP", "id": "1060687558600990726", "public_metrics": {"retweet_count": 62, "reply_count": 23, "like_count": 451, "quote_count": 9}, "author": {"username": "realamberheard", "created_at": "2016-12-08T23:26:58.000Z", "profile_image_url": "https://pbs.twimg.com/profile_images/1383196364792680448/N8CdupEu_normal.jpg", "name": "Amber Heard", "public_metrics": {"followers_count": 190462, "following_count": 220, "tweet_count": 1151, "listed_count": 567}, "description": "Actor and Activist, semi-professional disruptor, ice cream advocate and shameless teacup yorkie-lover", "id": "807003567605227520", "url": "https://t.co/Ze18Ek9SOI", "location": "Los Angeles, CA"}}, "author": {"username": "PapiReubs", "created_at": "2011-08-17T04:45:08.000Z", "profile_image_url": "https://pbs.twimg.com/profile_images/1463279007022170116/l-eqy_5N_normal.jpg", "name": "Reubs", "public_metrics": {"followers_count": 1250, "following_count": 614, "tweet_count": 362472, "listed_count": 124}, "description": "Adventurer. Aspiring Chef. Gooner. Spike Spiegel enthusiast. I take my whiskey neat. Mental health matters #100T", "id": "356647326", "url": "https://t.co/Mj4mZP3MRd", "location": "Foodie in Fairfax, VA"}}, {"author_id": "1040884454", "entities": {"annotations": [{"start": 26, "end": 30, "probability": 0.8257, "type": "Person", "normalized_text": "Amber"}], "mentions": [{"start": 0, "end": 15, "username": "realamberheard", "id": "807003567605227520"}]}, "lang": "pt", "source": "Twitter for Android", "in_reply_to_user_id": "807003567605227520", "referenced_tweets": [{"type": "replied_to", "id": "1060687558600990726"}], "created_at": "2018-11-09T04:52:53.000Z", "text": "@realamberheard Te admiro Amber!!\ud83d\udc4f\ud83d\udc4f\ud83d\udc4f", "id": "1060757091772653568", "public_metrics": {"retweet_count": 0, "reply_count": 0, "like_count": 0, "quote_count": 0}, "replied_tweet": {"author_id": "807003567605227520", "lang": "es", "source": "Twitter for iPhone", "entities": {"urls": [{"start": 142, "end": 165, "url": "https://t.co/vK4YbHqMlP", "expanded_url": "https://t.co/vK4YbHqMlP", "display_url": "t.co/vK4YbHqMlP"}]}, "created_at": "2018-11-09T00:16:35.000Z", "text": "El placer hacer fue completamente la m\u00eda! Gracias por todo el trabajo, el cari\u00f1o y el amor les dan cada d\u00eda tantos quien les necesitan lo m\u00e1s https://t.co/vK4YbHqMlP", "id": "1060687558600990726", "public_metrics": {"retweet_count": 62, "reply_count": 23, "like_count": 451, "quote_count": 9}, "author": {"username": "realamberheard", "created_at": "2016-12-08T23:26:58.000Z", "profile_image_url": "https://pbs.twimg.com/profile_images/1383196364792680448/N8CdupEu_normal.jpg", "name": "Amber Heard", "public_metrics": {"followers_count": 190462, "following_count": 220, "tweet_count": 1151, "listed_count": 567}, "description": "Actor and Activist, semi-professional disruptor, ice cream advocate and shameless teacup yorkie-lover", "id": "807003567605227520", "url": "https://t.co/Ze18Ek9SOI", "location": "Los Angeles, CA"}}, "author": {"username": "JluisSnchez", "created_at": "2012-12-27T23:50:27.000Z", "profile_image_url": "https://pbs.twimg.com/profile_images/1457175511977897985/G3Cji3R2_normal.jpg", "name": "Luis S\u00e1nchez", "public_metrics": {"followers_count": 37, "following_count": 366, "tweet_count": 2153, "listed_count": 0}, "description": "CDMX, \ud83c\uddf2\ud83c\uddfd. LAE, FCA, UNAM. Buen bailar\u00edn jejeje.", "id": "1040884454", "url": ""}}, {"author_id": "1253325044", "lang": "en", "source": "Twitter for Android", "in_reply_to_user_id": "807003567605227520", "referenced_tweets": [{"type": "replied_to", "id": "1060687558600990726"}], "created_at": "2018-11-09T02:11:06.000Z", "text": "@realamberheard This world dont deserve all your love mera!", "entities": {"mentions": [{"start": 0, "end": 15, "username": "realamberheard", "id": "807003567605227520"}]}, "id": "1060716379874066433", "public_metrics": {"retweet_count": 0, "reply_count": 0, "like_count": 1, "quote_count": 0}, "replied_tweet": {"author_id": "807003567605227520", "lang": "es", "source": "Twitter for iPhone", "entities": {"urls": [{"start": 142, "end": 165, "url": "https://t.co/vK4YbHqMlP", "expanded_url": "https://t.co/vK4YbHqMlP", "display_url": "t.co/vK4YbHqMlP"}]}, "created_at": "2018-11-09T00:16:35.000Z", "text": "El placer hacer fue completamente la m\u00eda! Gracias por todo el trabajo, el cari\u00f1o y el amor les dan cada d\u00eda tantos quien les necesitan lo m\u00e1s https://t.co/vK4YbHqMlP", "id": "1060687558600990726", "public_metrics": {"retweet_count": 62, "reply_count": 23, "like_count": 451, "quote_count": 9}, "author": {"username": "realamberheard", "created_at": "2016-12-08T23:26:58.000Z", "profile_image_url": "https://pbs.twimg.com/profile_images/1383196364792680448/N8CdupEu_normal.jpg", "name": "Amber Heard", "public_metrics": {"followers_count": 190462, "following_count": 220, "tweet_count": 1151, "listed_count": 567}, "description": "Actor and Activist, semi-professional disruptor, ice cream advocate and shameless teacup yorkie-lover", "id": "807003567605227520", "url": "https://t.co/Ze18Ek9SOI", "location": "Los Angeles, CA"}}, "author": {"username": "VKBscbdx", "created_at": "2013-03-09T03:44:42.000Z", "profile_image_url": "https://pbs.twimg.com/profile_images/1335645593444618240/YMkd0bov_normal.jpg", "name": "Detective Kratos \uea00", "public_metrics": {"followers_count": 150, "following_count": 672, "tweet_count": 4178, "listed_count": 0}, "description": "Club Am\u00e9rica la\npatria del f\u00fatbol\n#RestoreTheSnyderverse", "id": "1253325044", "url": "https://t.co/SHnO5QToX9", "location": "Planeta Vegeta"}}, {"author_id": "1424262085", "lang": "pt", "source": "Twitter Web Client", "in_reply_to_user_id": "807003567605227520", "referenced_tweets": [{"type": "replied_to", "id": "1060687558600990726"}], "created_at": "2018-11-09T01:41:20.000Z", "text": "@realamberheard Parab\u00e9ns pela iniciativa.", "entities": {"mentions": [{"start": 0, "end": 15, "username": "realamberheard", "id": "807003567605227520"}]}, "id": "1060708888683651072", "public_metrics": {"retweet_count": 0, "reply_count": 0, "like_count": 0, "quote_count": 0}, "replied_tweet": {"author_id": "807003567605227520", "lang": "es", "source": "Twitter for iPhone", "entities": {"urls": [{"start": 142, "end": 165, "url": "https://t.co/vK4YbHqMlP", "expanded_url": "https://t.co/vK4YbHqMlP", "display_url": "t.co/vK4YbHqMlP"}]}, "created_at": "2018-11-09T00:16:35.000Z", "text": "El placer hacer fue completamente la m\u00eda! Gracias por todo el trabajo, el cari\u00f1o y el amor les dan cada d\u00eda tantos quien les necesitan lo m\u00e1s https://t.co/vK4YbHqMlP", "id": "1060687558600990726", "public_metrics": {"retweet_count": 62, "reply_count": 23, "like_count": 451, "quote_count": 9}, "author": {"username": "realamberheard", "created_at": "2016-12-08T23:26:58.000Z", "profile_image_url": "https://pbs.twimg.com/profile_images/1383196364792680448/N8CdupEu_normal.jpg", "name": "Amber Heard", "public_metrics": {"followers_count": 190462, "following_count": 220, "tweet_count": 1151, "listed_count": 567}, "description": "Actor and Activist, semi-professional disruptor, ice cream advocate and shameless teacup yorkie-lover", "id": "807003567605227520", "url": "https://t.co/Ze18Ek9SOI", "location": "Los Angeles, CA"}}, "author": {"username": "dacio_ferreira", "created_at": "2013-05-12T23:38:17.000Z", "profile_image_url": "https://pbs.twimg.com/profile_images/1244711410946408451/x_8GHdRa_normal.jpg", "name": "Dacio Ferreira", "public_metrics": {"followers_count": 63, "following_count": 829, "tweet_count": 1783, "listed_count": 5}, "description": "", "id": "1424262085", "url": ""}}, {"author_id": "60135568", "lang": "es", "source": "Twitter for iPhone", "in_reply_to_user_id": "807003567605227520", "referenced_tweets": [{"type": "replied_to", "id": "1060687558600990726"}], "created_at": "2018-11-09T01:20:27.000Z", "text": "@realamberheard Eres grandiosa \ud83c\udf38", "entities": {"mentions": [{"start": 0, "end": 15, "username": "realamberheard", "id": "807003567605227520"}]}, "id": "1060703633476632576", "public_metrics": {"retweet_count": 0, "reply_count": 0, "like_count": 0, "quote_count": 0}, "replied_tweet": {"author_id": "807003567605227520", "lang": "es", "source": "Twitter for iPhone", "entities": {"urls": [{"start": 142, "end": 165, "url": "https://t.co/vK4YbHqMlP", "expanded_url": "https://t.co/vK4YbHqMlP", "display_url": "t.co/vK4YbHqMlP"}]}, "created_at": "2018-11-09T00:16:35.000Z", "text": "El placer hacer fue completamente la m\u00eda! Gracias por todo el trabajo, el cari\u00f1o y el amor les dan cada d\u00eda tantos quien les necesitan lo m\u00e1s https://t.co/vK4YbHqMlP", "id": "1060687558600990726", "public_metrics": {"retweet_count": 62, "reply_count": 23, "like_count": 451, "quote_count": 9}, "author": {"username": "realamberheard", "created_at": "2016-12-08T23:26:58.000Z", "profile_image_url": "https://pbs.twimg.com/profile_images/1383196364792680448/N8CdupEu_normal.jpg", "name": "Amber Heard", "public_metrics": {"followers_count": 190462, "following_count": 220, "tweet_count": 1151, "listed_count": 567}, "description": "Actor and Activist, semi-professional disruptor, ice cream advocate and shameless teacup yorkie-lover", "id": "807003567605227520", "url": "https://t.co/Ze18Ek9SOI", "location": "Los Angeles, CA"}}, "author": {"username": "loribethcaba", "created_at": "2009-07-25T19:57:59.000Z", "profile_image_url": "https://pbs.twimg.com/profile_images/1501955952727117836/GAIeU6hi_normal.jpg", "name": "Lory", "public_metrics": {"followers_count": 1394, "following_count": 204, "tweet_count": 31993, "listed_count": 9}, "description": "Escribo cosas que se quedan cortas | \ud83d\udcf9 | \ud83c\udfac/\ud83c\udf78 @mystoryplace @mystoryplace_es", "id": "60135568", "url": "https://t.co/tXvF5NT3a0", "location": "Dominican Republic"}}, {"author_id": "785148392498421760", "lang": "und", "source": "Twitter Web Client", "in_reply_to_user_id": "807003567605227520", "referenced_tweets": [{"type": "replied_to", "id": "1060687558600990726"}], "created_at": "2018-11-09T01:04:43.000Z", "text": "@realamberheard \u2764\ufe0f\u2764\ufe0f\u2764\ufe0f", "entities": {"mentions": [{"start": 0, "end": 15, "username": "realamberheard", "id": "807003567605227520"}]}, "id": "1060699672774434817", "public_metrics": {"retweet_count": 0, "reply_count": 0, "like_count": 1, "quote_count": 0}, "replied_tweet": {"author_id": "807003567605227520", "lang": "es", "source": "Twitter for iPhone", "entities": {"urls": [{"start": 142, "end": 165, "url": "https://t.co/vK4YbHqMlP", "expanded_url": "https://t.co/vK4YbHqMlP", "display_url": "t.co/vK4YbHqMlP"}]}, "created_at": "2018-11-09T00:16:35.000Z", "text": "El placer hacer fue completamente la m\u00eda! Gracias por todo el trabajo, el cari\u00f1o y el amor les dan cada d\u00eda tantos quien les necesitan lo m\u00e1s https://t.co/vK4YbHqMlP", "id": "1060687558600990726", "public_metrics": {"retweet_count": 62, "reply_count": 23, "like_count": 451, "quote_count": 9}, "author": {"username": "realamberheard", "created_at": "2016-12-08T23:26:58.000Z", "profile_image_url": "https://pbs.twimg.com/profile_images/1383196364792680448/N8CdupEu_normal.jpg", "name": "Amber Heard", "public_metrics": {"followers_count": 190462, "following_count": 220, "tweet_count": 1151, "listed_count": 567}, "description": "Actor and Activist, semi-professional disruptor, ice cream advocate and shameless teacup yorkie-lover", "id": "807003567605227520", "url": "https://t.co/Ze18Ek9SOI", "location": "Los Angeles, CA"}}, "author": {"username": "CoraMelodie", "created_at": "2016-10-09T16:02:18.000Z", "profile_image_url": "https://pbs.twimg.com/profile_images/1138826096386936837/71Iwj2dh_normal.jpg", "name": "Cora Melodie", "public_metrics": {"followers_count": 738, "following_count": 720, "tweet_count": 49396, "listed_count": 28}, "description": "Actress/Producer & UNHCR Special Envoy #AngelinaJolie | Actress, Activist & Human Rights Champion @realamberheard | @JeniferOfficiel \n\n#IStandWithYouAmberHeard", "id": "785148392498421760", "url": "", "location": "Bordeaux, France"}}, {"author_id": "207201098", "lang": "en", "source": "Twitter for Android", "in_reply_to_user_id": "807003567605227520", "referenced_tweets": [{"type": "replied_to", "id": "1060687558600990726"}], "created_at": "2018-11-09T00:58:42.000Z", "text": "@realamberheard Ur spanish need some refinement but it's very good! Glad to have u here.", "entities": {"mentions": [{"start": 0, "end": 15, "username": "realamberheard", "id": "807003567605227520"}]}, "id": "1060698160060760064", "public_metrics": {"retweet_count": 0, "reply_count": 0, "like_count": 0, "quote_count": 0}, "replied_tweet": {"author_id": "807003567605227520", "lang": "es", "source": "Twitter for iPhone", "entities": {"urls": [{"start": 142, "end": 165, "url": "https://t.co/vK4YbHqMlP", "expanded_url": "https://t.co/vK4YbHqMlP", "display_url": "t.co/vK4YbHqMlP"}]}, "created_at": "2018-11-09T00:16:35.000Z", "text": "El placer hacer fue completamente la m\u00eda! Gracias por todo el trabajo, el cari\u00f1o y el amor les dan cada d\u00eda tantos quien les necesitan lo m\u00e1s https://t.co/vK4YbHqMlP", "id": "1060687558600990726", "public_metrics": {"retweet_count": 62, "reply_count": 23, "like_count": 451, "quote_count": 9}, "author": {"username": "realamberheard", "created_at": "2016-12-08T23:26:58.000Z", "profile_image_url": "https://pbs.twimg.com/profile_images/1383196364792680448/N8CdupEu_normal.jpg", "name": "Amber Heard", "public_metrics": {"followers_count": 190462, "following_count": 220, "tweet_count": 1151, "listed_count": 567}, "description": "Actor and Activist, semi-professional disruptor, ice cream advocate and shameless teacup yorkie-lover", "id": "807003567605227520", "url": "https://t.co/Ze18Ek9SOI", "location": "Los Angeles, CA"}}, "author": {"username": "FormerOximoron", "created_at": "2010-10-24T19:35:02.000Z", "profile_image_url": "https://pbs.twimg.com/profile_images/1292938434831626241/TX8cgxA5_normal.jpg", "name": "not even ballin'", "public_metrics": {"followers_count": 116, "following_count": 299, "tweet_count": 32279, "listed_count": 9}, "description": "No soy interesante, si esperas encontrar contenido as\u00ed est\u00e1s en el lugar equivocado. Yo solo prometo RT's llenos de dank memes y ocasionalmente alg\u00fan tweet m\u00edo.", "id": "207201098", "url": "", "location": "CDMX. "}}, {"author_id": "262185643", "lang": "en", "source": "Twitter for iPhone", "in_reply_to_user_id": "807003567605227520", "referenced_tweets": [{"type": "replied_to", "id": "1060687558600990726"}], "created_at": "2018-11-09T00:41:27.000Z", "text": "@realamberheard Respect!!", "entities": {"mentions": [{"start": 0, "end": 15, "username": "realamberheard", "id": "807003567605227520"}]}, "id": "1060693818025086977", "public_metrics": {"retweet_count": 0, "reply_count": 0, "like_count": 0, "quote_count": 0}, "replied_tweet": {"author_id": "807003567605227520", "lang": "es", "source": "Twitter for iPhone", "entities": {"urls": [{"start": 142, "end": 165, "url": "https://t.co/vK4YbHqMlP", "expanded_url": "https://t.co/vK4YbHqMlP", "display_url": "t.co/vK4YbHqMlP"}]}, "created_at": "2018-11-09T00:16:35.000Z", "text": "El placer hacer fue completamente la m\u00eda! Gracias por todo el trabajo, el cari\u00f1o y el amor les dan cada d\u00eda tantos quien les necesitan lo m\u00e1s https://t.co/vK4YbHqMlP", "id": "1060687558600990726", "public_metrics": {"retweet_count": 62, "reply_count": 23, "like_count": 451, "quote_count": 9}, "author": {"username": "realamberheard", "created_at": "2016-12-08T23:26:58.000Z", "profile_image_url": "https://pbs.twimg.com/profile_images/1383196364792680448/N8CdupEu_normal.jpg", "name": "Amber Heard", "public_metrics": {"followers_count": 190462, "following_count": 220, "tweet_count": 1151, "listed_count": 567}, "description": "Actor and Activist, semi-professional disruptor, ice cream advocate and shameless teacup yorkie-lover", "id": "807003567605227520", "url": "https://t.co/Ze18Ek9SOI", "location": "Los Angeles, CA"}}, "author": {"username": "ammcanizares", "created_at": "2011-03-07T14:57:37.000Z", "profile_image_url": "https://pbs.twimg.com/profile_images/1326274421166891008/zZinBvvP_normal.jpg", "name": "Ana Maria Morales C", "public_metrics": {"followers_count": 1759, "following_count": 3208, "tweet_count": 21542, "listed_count": 15}, "description": "Wildlife Biologist & Falconer || Raptors || Birding || Canopy || Views are my own. Coarse language, reader discretion is advised. @fada_crarsi PGRC #WomeninSTEM", "id": "262185643", "url": "https://t.co/sh1R0fJqSK", "location": "USA / Colombia"}}, {"author_id": "1054026369565319168", "entities": {"annotations": [{"start": 54, "end": 58, "probability": 0.9389, "type": "Person", "normalized_text": "amber"}], "mentions": [{"start": 0, "end": 15, "username": "realamberheard", "id": "807003567605227520"}]}, "lang": "en", "source": "Twitter for iPhone", "in_reply_to_user_id": "807003567605227520", "referenced_tweets": [{"type": "replied_to", "id": "1060687558600990726"}], "created_at": "2018-11-09T00:31:43.000Z", "text": "@realamberheard You sure are doing good things I vote amber heard first woman president!", "id": "1060691368190734336", "public_metrics": {"retweet_count": 0, "reply_count": 0, "like_count": 0, "quote_count": 0}, "replied_tweet": {"author_id": "807003567605227520", "lang": "es", "source": "Twitter for iPhone", "entities": {"urls": [{"start": 142, "end": 165, "url": "https://t.co/vK4YbHqMlP", "expanded_url": "https://t.co/vK4YbHqMlP", "display_url": "t.co/vK4YbHqMlP"}]}, "created_at": "2018-11-09T00:16:35.000Z", "text": "El placer hacer fue completamente la m\u00eda! Gracias por todo el trabajo, el cari\u00f1o y el amor les dan cada d\u00eda tantos quien les necesitan lo m\u00e1s https://t.co/vK4YbHqMlP", "id": "1060687558600990726", "public_metrics": {"retweet_count": 62, "reply_count": 23, "like_count": 451, "quote_count": 9}, "author": {"username": "realamberheard", "created_at": "2016-12-08T23:26:58.000Z", "profile_image_url": "https://pbs.twimg.com/profile_images/1383196364792680448/N8CdupEu_normal.jpg", "name": "Amber Heard", "public_metrics": {"followers_count": 190462, "following_count": 220, "tweet_count": 1151, "listed_count": 567}, "description": "Actor and Activist, semi-professional disruptor, ice cream advocate and shameless teacup yorkie-lover", "id": "807003567605227520", "url": "https://t.co/Ze18Ek9SOI", "location": "Los Angeles, CA"}}, "author": {"username": "austinchittim1", "created_at": "2018-10-21T15:07:24.000Z", "profile_image_url": "https://pbs.twimg.com/profile_images/1500241909805199360/bFyBAHrt_normal.jpg", "name": "@austinchittim", "public_metrics": {"followers_count": 3905, "following_count": 4555, "tweet_count": 36190, "listed_count": 4}, "description": "Uncle Rico Flair, family man, roofer,realtor, founder of @rr7on7shootout, actor, longhorn fan, filmmaker, football junkie, Tx Twitter court jester", "id": "1054026369565319168", "url": "https://t.co/y11quFrIWJ", "location": "Austin, TX"}}, {"author_id": "828258654", "lang": "es", "source": "Twitter for Android", "in_reply_to_user_id": "807003567605227520", "referenced_tweets": [{"type": "replied_to", "id": "1060687558600990726"}], "created_at": "2018-11-09T00:25:37.000Z", "text": "@realamberheard Hermosa mujer, te queremos. Mera!!!\nBeautiful Woman, we love you, Mera!!!", "entities": {"mentions": [{"start": 0, "end": 15, "username": "realamberheard", "id": "807003567605227520"}]}, "id": "1060689831607627781", "public_metrics": {"retweet_count": 0, "reply_count": 0, "like_count": 0, "quote_count": 0}, "replied_tweet": {"author_id": "807003567605227520", "lang": "es", "source": "Twitter for iPhone", "entities": {"urls": [{"start": 142, "end": 165, "url": "https://t.co/vK4YbHqMlP", "expanded_url": "https://t.co/vK4YbHqMlP", "display_url": "t.co/vK4YbHqMlP"}]}, "created_at": "2018-11-09T00:16:35.000Z", "text": "El placer hacer fue completamente la m\u00eda! Gracias por todo el trabajo, el cari\u00f1o y el amor les dan cada d\u00eda tantos quien les necesitan lo m\u00e1s https://t.co/vK4YbHqMlP", "id": "1060687558600990726", "public_metrics": {"retweet_count": 62, "reply_count": 23, "like_count": 451, "quote_count": 9}, "author": {"username": "realamberheard", "created_at": "2016-12-08T23:26:58.000Z", "profile_image_url": "https://pbs.twimg.com/profile_images/1383196364792680448/N8CdupEu_normal.jpg", "name": "Amber Heard", "public_metrics": {"followers_count": 190462, "following_count": 220, "tweet_count": 1151, "listed_count": 567}, "description": "Actor and Activist, semi-professional disruptor, ice cream advocate and shameless teacup yorkie-lover", "id": "807003567605227520", "url": "https://t.co/Ze18Ek9SOI", "location": "Los Angeles, CA"}}, "author": {"username": "carlosmarruder", "created_at": "2012-09-17T03:35:04.000Z", "profile_image_url": "https://pbs.twimg.com/profile_images/1048395978594635776/MAS_gFj3_normal.jpg", "name": "Charles J.", "public_metrics": {"followers_count": 75, "following_count": 1657, "tweet_count": 1729, "listed_count": 0}, "description": "", "id": "828258654", "url": "", "location": "Mexico"}}, {"entities": {"hashtags": [{"start": 198, "end": 206, "tag": "Gracias"}, {"start": 207, "end": 212, "tag": "Mera"}, {"start": 213, "end": 219, "tag": "Amber"}, {"start": 220, "end": 228, "tag": "Aquaman"}, {"start": 229, "end": 236, "tag": "Mexico"}], "annotations": [{"start": 105, "end": 110, "probability": 0.7742, "type": "Place", "normalized_text": "Mexico"}, {"start": 173, "end": 177, "probability": 0.721, "type": "Person", "normalized_text": "Amber"}], "mentions": [{"start": 0, "end": 15, "username": "realamberheard", "id": "807003567605227520"}]}, "author_id": "404674059", "lang": "es", "source": "Twitter Web App", "in_reply_to_user_id": "807003567605227520", "referenced_tweets": [{"type": "replied_to", "id": "1060687558600990726"}], "created_at": "2018-11-09T00:24:13.000Z", "text": "@realamberheard Realmente es necesario que haya mas personas como tu con una labor humanitaria y de  \u2764!\n\nMexico Siempre Te Recibir\u00e1 con los brazos abiertos!\n\ud83d\udc50\ud83c\uddf2\ud83c\uddfd\n\nGracias Amber!!\nEres Mera-villosa!\n\n#Gracias #Mera #Amber #Aquaman #Mexico", "id": "1060689479718047744", "public_metrics": {"retweet_count": 0, "reply_count": 0, "like_count": 0, "quote_count": 0}, "replied_tweet": {"author_id": "807003567605227520", "lang": "es", "source": "Twitter for iPhone", "entities": {"urls": [{"start": 142, "end": 165, "url": "https://t.co/vK4YbHqMlP", "expanded_url": "https://t.co/vK4YbHqMlP", "display_url": "t.co/vK4YbHqMlP"}]}, "created_at": "2018-11-09T00:16:35.000Z", "text": "El placer hacer fue completamente la m\u00eda! Gracias por todo el trabajo, el cari\u00f1o y el amor les dan cada d\u00eda tantos quien les necesitan lo m\u00e1s https://t.co/vK4YbHqMlP", "id": "1060687558600990726", "public_metrics": {"retweet_count": 62, "reply_count": 23, "like_count": 451, "quote_count": 9}, "author": {"username": "realamberheard", "created_at": "2016-12-08T23:26:58.000Z", "profile_image_url": "https://pbs.twimg.com/profile_images/1383196364792680448/N8CdupEu_normal.jpg", "name": "Amber Heard", "public_metrics": {"followers_count": 190462, "following_count": 220, "tweet_count": 1151, "listed_count": 567}, "description": "Actor and Activist, semi-professional disruptor, ice cream advocate and shameless teacup yorkie-lover", "id": "807003567605227520", "url": "https://t.co/Ze18Ek9SOI", "location": "Los Angeles, CA"}}, "author": {"username": "MoyAriasMEXICO", "created_at": "2011-11-04T07:52:11.000Z", "profile_image_url": "https://pbs.twimg.com/profile_images/1320204384375132162/7SOJE4iC_normal.jpg", "name": "Moises Arias (Moy Jr)", "public_metrics": {"followers_count": 666, "following_count": 3465, "tweet_count": 74611, "listed_count": 7}, "description": "Science\ud83d\udcda\ud83d\udd2d\ud83d\udd2cLover\ud83d\udc68\u200d\ud83d\udd2c\u2764, Metallurgical Eng,\u2661DCFan,\ud83d\udda4HeavyMetal, Hard Rock&Cool\u270cMusic!\nCF Monterrey, Bayern M\u00fcnchen & VanCity Whitecaps*\n\n\u2764Mom(+), Dad(+) & Sis", "id": "404674059", "url": "", "location": "Mexico\ud83c\uddf2\ud83c\uddfd"}}, {"author_id": "23744271", "lang": "en", "source": "Twitter Web Client", "in_reply_to_user_id": "807003567605227520", "referenced_tweets": [{"type": "replied_to", "id": "1060687558600990726"}], "created_at": "2018-11-09T00:24:03.000Z", "text": "@realamberheard You are so great proud of you", "entities": {"mentions": [{"start": 0, "end": 15, "username": "realamberheard", "id": "807003567605227520"}]}, "id": "1060689440002203650", "public_metrics": {"retweet_count": 0, "reply_count": 0, "like_count": 0, "quote_count": 0}, "replied_tweet": {"author_id": "807003567605227520", "lang": "es", "source": "Twitter for iPhone", "entities": {"urls": [{"start": 142, "end": 165, "url": "https://t.co/vK4YbHqMlP", "expanded_url": "https://t.co/vK4YbHqMlP", "display_url": "t.co/vK4YbHqMlP"}]}, "created_at": "2018-11-09T00:16:35.000Z", "text": "El placer hacer fue completamente la m\u00eda! Gracias por todo el trabajo, el cari\u00f1o y el amor les dan cada d\u00eda tantos quien les necesitan lo m\u00e1s https://t.co/vK4YbHqMlP", "id": "1060687558600990726", "public_metrics": {"retweet_count": 62, "reply_count": 23, "like_count": 451, "quote_count": 9}, "author": {"username": "realamberheard", "created_at": "2016-12-08T23:26:58.000Z", "profile_image_url": "https://pbs.twimg.com/profile_images/1383196364792680448/N8CdupEu_normal.jpg", "name": "Amber Heard", "public_metrics": {"followers_count": 190462, "following_count": 220, "tweet_count": 1151, "listed_count": 567}, "description": "Actor and Activist, semi-professional disruptor, ice cream advocate and shameless teacup yorkie-lover", "id": "807003567605227520", "url": "https://t.co/Ze18Ek9SOI", "location": "Los Angeles, CA"}}, "author": {"username": "Mirakenic", "created_at": "2009-03-11T10:25:16.000Z", "profile_image_url": "https://pbs.twimg.com/profile_images/1497317002142179338/OJvkoSL4_normal.jpg", "name": "Miguel Garcia", "public_metrics": {"followers_count": 632, "following_count": 4987, "tweet_count": 49807, "listed_count": 17}, "description": "Viviendo la vida como medianamente puedo.. mordiendo cada instante.. rodeado de gente maravillosa.", "id": "23744271", "url": "https://t.co/904QjkEJ4E", "location": "Madrid"}}, {"author_id": "81942740", "lang": "en", "source": "Twitter for iPhone", "in_reply_to_user_id": "807003567605227520", "referenced_tweets": [{"type": "replied_to", "id": "1060687558600990726"}], "created_at": "2018-11-09T00:20:46.000Z", "text": "@realamberheard ugh ily queen", "entities": {"mentions": [{"start": 0, "end": 15, "username": "realamberheard", "id": "807003567605227520"}]}, "id": "1060688613317492736", "public_metrics": {"retweet_count": 0, "reply_count": 0, "like_count": 1, "quote_count": 0}, "replied_tweet": {"author_id": "807003567605227520", "lang": "es", "source": "Twitter for iPhone", "entities": {"urls": [{"start": 142, "end": 165, "url": "https://t.co/vK4YbHqMlP", "expanded_url": "https://t.co/vK4YbHqMlP", "display_url": "t.co/vK4YbHqMlP"}]}, "created_at": "2018-11-09T00:16:35.000Z", "text": "El placer hacer fue completamente la m\u00eda! Gracias por todo el trabajo, el cari\u00f1o y el amor les dan cada d\u00eda tantos quien les necesitan lo m\u00e1s https://t.co/vK4YbHqMlP", "id": "1060687558600990726", "public_metrics": {"retweet_count": 62, "reply_count": 23, "like_count": 451, "quote_count": 9}, "author": {"username": "realamberheard", "created_at": "2016-12-08T23:26:58.000Z", "profile_image_url": "https://pbs.twimg.com/profile_images/1383196364792680448/N8CdupEu_normal.jpg", "name": "Amber Heard", "public_metrics": {"followers_count": 190462, "following_count": 220, "tweet_count": 1151, "listed_count": 567}, "description": "Actor and Activist, semi-professional disruptor, ice cream advocate and shameless teacup yorkie-lover", "id": "807003567605227520", "url": "https://t.co/Ze18Ek9SOI", "location": "Los Angeles, CA"}}, "author": {"username": "bitchdatsgucci", "created_at": "2009-10-12T22:16:46.000Z", "profile_image_url": "https://pbs.twimg.com/profile_images/1348625370476642305/dqiH02W5_normal.jpg", "name": "nat", "public_metrics": {"followers_count": 3439, "following_count": 600, "tweet_count": 6625, "listed_count": 39}, "description": "ig:@itsnatrue", "id": "81942740", "url": "", "location": "nyc. "}}, {"author_id": "433051884", "lang": "und", "source": "Twitter for iPad", "in_reply_to_user_id": "807003567605227520", "referenced_tweets": [{"type": "replied_to", "id": "1060687558600990726"}], "created_at": "2018-11-09T00:20:40.000Z", "text": "@realamberheard Awe", "entities": {"mentions": [{"start": 0, "end": 15, "username": "realamberheard", "id": "807003567605227520"}]}, "id": "1060688585710399488", "public_metrics": {"retweet_count": 0, "reply_count": 0, "like_count": 0, "quote_count": 0}, "replied_tweet": {"author_id": "807003567605227520", "lang": "es", "source": "Twitter for iPhone", "entities": {"urls": [{"start": 142, "end": 165, "url": "https://t.co/vK4YbHqMlP", "expanded_url": "https://t.co/vK4YbHqMlP", "display_url": "t.co/vK4YbHqMlP"}]}, "created_at": "2018-11-09T00:16:35.000Z", "text": "El placer hacer fue completamente la m\u00eda! Gracias por todo el trabajo, el cari\u00f1o y el amor les dan cada d\u00eda tantos quien les necesitan lo m\u00e1s https://t.co/vK4YbHqMlP", "id": "1060687558600990726", "public_metrics": {"retweet_count": 62, "reply_count": 23, "like_count": 451, "quote_count": 9}, "author": {"username": "realamberheard", "created_at": "2016-12-08T23:26:58.000Z", "profile_image_url": "https://pbs.twimg.com/profile_images/1383196364792680448/N8CdupEu_normal.jpg", "name": "Amber Heard", "public_metrics": {"followers_count": 190462, "following_count": 220, "tweet_count": 1151, "listed_count": 567}, "description": "Actor and Activist, semi-professional disruptor, ice cream advocate and shameless teacup yorkie-lover", "id": "807003567605227520", "url": "https://t.co/Ze18Ek9SOI", "location": "Los Angeles, CA"}}, "author": {"username": "canrugger", "created_at": "2011-12-10T02:49:29.000Z", "profile_image_url": "https://pbs.twimg.com/profile_images/1300873813828145154/e_B0sCsV_normal.jpg", "name": "Patrick (He/Him) #BlackLivesMatter #StopAsianHate", "public_metrics": {"followers_count": 804, "following_count": 2037, "tweet_count": 337433, "listed_count": 0}, "description": "Traveler,rebel scum,influencer,photographer,pain in the ass & things not fit to print.I'll just keep doing what I'm doing,the rest of the world will come around", "id": "433051884", "url": "", "location": "Traveling"}}, {"author_id": "2880667249", "entities": {"annotations": [{"start": 52, "end": 62, "probability": 0.8588, "type": "Person", "normalized_text": "Amber Heard"}], "mentions": [{"start": 0, "end": 15, "username": "realamberheard", "id": "807003567605227520"}]}, "lang": "es", "source": "Twitter for iPhone", "in_reply_to_user_id": "807003567605227520", "referenced_tweets": [{"type": "replied_to", "id": "1060687558600990726"}], "created_at": "2018-11-09T00:19:21.000Z", "text": "@realamberheard Mi amor, mi actriz favorita. Te amo Amber Heard.", "id": "1060688256944218113", "public_metrics": {"retweet_count": 0, "reply_count": 0, "like_count": 0, "quote_count": 0}, "replied_tweet": {"author_id": "807003567605227520", "lang": "es", "source": "Twitter for iPhone", "entities": {"urls": [{"start": 142, "end": 165, "url": "https://t.co/vK4YbHqMlP", "expanded_url": "https://t.co/vK4YbHqMlP", "display_url": "t.co/vK4YbHqMlP"}]}, "created_at": "2018-11-09T00:16:35.000Z", "text": "El placer hacer fue completamente la m\u00eda! Gracias por todo el trabajo, el cari\u00f1o y el amor les dan cada d\u00eda tantos quien les necesitan lo m\u00e1s https://t.co/vK4YbHqMlP", "id": "1060687558600990726", "public_metrics": {"retweet_count": 62, "reply_count": 23, "like_count": 451, "quote_count": 9}, "author": {"username": "realamberheard", "created_at": "2016-12-08T23:26:58.000Z", "profile_image_url": "https://pbs.twimg.com/profile_images/1383196364792680448/N8CdupEu_normal.jpg", "name": "Amber Heard", "public_metrics": {"followers_count": 190462, "following_count": 220, "tweet_count": 1151, "listed_count": 567}, "description": "Actor and Activist, semi-professional disruptor, ice cream advocate and shameless teacup yorkie-lover", "id": "807003567605227520", "url": "https://t.co/Ze18Ek9SOI", "location": "Los Angeles, CA"}}, "author": {"username": "letalisaranea", "created_at": "2014-10-28T10:43:41.000Z", "profile_image_url": "https://pbs.twimg.com/profile_images/1486548643968655361/GRo9GmaB_normal.png", "name": "\ud800\udec0 *", "public_metrics": {"followers_count": 2280, "following_count": 697, "tweet_count": 9017, "listed_count": 19}, "description": "\u2800\u2800\u2800\u2800 \u2800\u2800\u2800\u2800\u2800 \u2800\u2800\u2800\u2800 \u2800\u2800 \u2800\u2800\u2800 \u2800\u2800\u2800\u2800 \u2800\u2800\u2800\u2800 \u2800\u2800\u2800\u2800 \u2800\u2800\ud835\udce6\u210e\ud835\udc4e\ud835\udc61\ud835\udc52\ud835\udc63\ud835\udc52\ud835\udc5f \ud835\udc5c\ud835\udc62\ud835\udc5f \ud835\udc60\ud835\udc5c\ud835\udc62\ud835\udc59\ud835\udc60 \ud835\udc4e\ud835\udc5f\ud835\udc52 \ud835\udc5a\ud835\udc4e\ud835\udc51\ud835\udc52 \ud835\udc5c\ud835\udc53 , @crueIpunisher \u2800\u2800\u2800\u2800\u2800\u2800 \u2800\u2800\u2800\u2800 \u2800\u2800 \u2800\u2800\u2800\u2800 \u2800\u2800\u2800\u2800 \u2800 \u3164\u3164\u3164\u3164\u3164\u3164\u3164\u3164", "id": "2880667249", "url": ""}}, {"author_id": "409356084", "lang": "es", "source": "Twitter Web Client", "in_reply_to_user_id": "807003567605227520", "referenced_tweets": [{"type": "replied_to", "id": "1060687558600990726"}], "created_at": "2018-11-09T00:18:37.000Z", "text": "@realamberheard buen espa\u00f1ol", "entities": {"mentions": [{"start": 0, "end": 15, "username": "realamberheard", "id": "807003567605227520"}]}, "id": "1060688073418260481", "public_metrics": {"retweet_count": 0, "reply_count": 0, "like_count": 1, "quote_count": 0}, "replied_tweet": {"author_id": "807003567605227520", "lang": "es", "source": "Twitter for iPhone", "entities": {"urls": [{"start": 142, "end": 165, "url": "https://t.co/vK4YbHqMlP", "expanded_url": "https://t.co/vK4YbHqMlP", "display_url": "t.co/vK4YbHqMlP"}]}, "created_at": "2018-11-09T00:16:35.000Z", "text": "El placer hacer fue completamente la m\u00eda! Gracias por todo el trabajo, el cari\u00f1o y el amor les dan cada d\u00eda tantos quien les necesitan lo m\u00e1s https://t.co/vK4YbHqMlP", "id": "1060687558600990726", "public_metrics": {"retweet_count": 62, "reply_count": 23, "like_count": 451, "quote_count": 9}, "author": {"username": "realamberheard", "created_at": "2016-12-08T23:26:58.000Z", "profile_image_url": "https://pbs.twimg.com/profile_images/1383196364792680448/N8CdupEu_normal.jpg", "name": "Amber Heard", "public_metrics": {"followers_count": 190462, "following_count": 220, "tweet_count": 1151, "listed_count": 567}, "description": "Actor and Activist, semi-professional disruptor, ice cream advocate and shameless teacup yorkie-lover", "id": "807003567605227520", "url": "https://t.co/Ze18Ek9SOI", "location": "Los Angeles, CA"}}, "author": {"username": "justben1987", "created_at": "2011-11-10T16:35:29.000Z", "profile_image_url": "https://pbs.twimg.com/profile_images/925561487233560576/ttaIVooY_normal.jpg", "name": "Ben", "public_metrics": {"followers_count": 1276, "following_count": 3979, "tweet_count": 56380, "listed_count": 30}, "description": "Gaming, Politik, Sarkasmus\n\nhttps://t.co/kmFrcr1pdU", "id": "409356084", "url": "https://t.co/kmFrcr1pdU", "location": "Luzern, Schweiz"}}]