[{"source": "Twitter for iPhone", "in_reply_to_user_id": "807003567605227520", "lang": "ja", "public_metrics": {"retweet_count": 1, "reply_count": 0, "like_count": 2, "quote_count": 0}, "created_at": "2018-11-14T05:59:46.000Z", "entities": {"mentions": [{"start": 0, "end": 15, "username": "realamberheard", "id": "807003567605227520"}], "hashtags": [{"start": 53, "end": 61, "tag": "\u30a2\u30f3\u30d0\u30fc\u30cf\u30fc\u30c9"}, {"start": 62, "end": 73, "tag": "Amberheard"}]}, "id": "1062585864906108928", "referenced_tweets": [{"type": "replied_to", "id": "1061822103530467329"}], "text": "@realamberheard \u308f\u305f\u3057\u3001\u5973\u512a\u3088\u3063\u3066\u8a00\u3063\u3066\u308b\u3001\u507d\u5973\u4e8b\u5b9f\u5a5a\u8a50\u6b3a\u5e2b\u3002\u5973\u512a\u3063\u3066\u8a00\u3046\u81ea\u4f53\u507d\u3063\u3066\u308b\u3002\n#\u30a2\u30f3\u30d0\u30fc\u30cf\u30fc\u30c9\n#Amberheard", "author_id": "409949112", "replied_tweet": {"source": "Twitter for iPhone", "lang": "en", "public_metrics": {"retweet_count": 68, "reply_count": 39, "like_count": 542, "quote_count": 1}, "created_at": "2018-11-12T03:24:51.000Z", "id": "1061822103530467329", "entities": {"hashtags": [{"start": 239, "end": 251, "tag": "nipplepower"}]}, "text": "Yes, a woman without a shirt was protesting. And......? From passive aggressive comments from self-proclaimed feminists to downright shameless chauvinists the debate has really been reduced to the slight of a nipple (or 2)?! My goodness!  #nipplepower !", "author_id": "807003567605227520", "author": {"created_at": "2016-12-08T23:26:58.000Z", "profile_image_url": "https://pbs.twimg.com/profile_images/1383196364792680448/N8CdupEu_normal.jpg", "url": "https://t.co/Ze18Ek9SOI", "name": "Amber Heard", "location": "Los Angeles, CA", "id": "807003567605227520", "public_metrics": {"followers_count": 190462, "following_count": 220, "tweet_count": 1151, "listed_count": 567}, "description": "Actor and Activist, semi-professional disruptor, ice cream advocate and shameless teacup yorkie-lover", "username": "realamberheard"}}, "author": {"created_at": "2011-11-11T12:49:14.000Z", "profile_image_url": "https://pbs.twimg.com/profile_images/1349672363646885890/QtqsxUKi_normal.jpg", "url": "https://t.co/R0Y6X3cKtH", "name": "#JunKumagai #\u718a\u8c37\u6df3 #JK #Jun\u2640\ud83c\uddef\ud83c\uddf5\ud83c\udf0f\u3000\u3010\u516c\u5f0f\u3011\u3010Formality\u3011", "location": "EARTH", "id": "409949112", "public_metrics": {"followers_count": 8525, "following_count": 8197, "tweet_count": 380654, "listed_count": 45}, "description": "Junhearts\u4ee3\u8868/Gemologist,GIA(\u30a2\u30e1\u30ea\u30ab\u5b9d\u77f3\u5b66\u4f1a)/LastMissLily\u6c96\u6c38\u826f\u90e8\u5cf6\u306e\u767e\u5408\u306e\u524d\u30e2\u30c7\u30eb/former firstclass cook(\u30ea\u30fc\u30ac\u30ed\u30a4\u30e4\u30eb\u30db\u30c6\u30eb\u306e\u524d\u8abf\u7406\u88dc\u52a9)\ud83c\udfe8/WhittierCollege,homestay/minne/\u5a5a\u6d3b\u4e2d", "username": "jk_Junhearts"}}, {"source": "Twitter Web Client", "in_reply_to_user_id": "807003567605227520", "lang": "en", "public_metrics": {"retweet_count": 0, "reply_count": 0, "like_count": 3, "quote_count": 0}, "created_at": "2018-11-14T05:56:49.000Z", "entities": {"mentions": [{"start": 0, "end": 15, "username": "realamberheard", "id": "807003567605227520"}]}, "id": "1062585120551526400", "referenced_tweets": [{"type": "replied_to", "id": "1061822103530467329"}], "text": "@realamberheard heard is an abuser", "author_id": "1060924512869498880", "replied_tweet": {"source": "Twitter for iPhone", "lang": "en", "public_metrics": {"retweet_count": 68, "reply_count": 39, "like_count": 542, "quote_count": 1}, "created_at": "2018-11-12T03:24:51.000Z", "id": "1061822103530467329", "entities": {"hashtags": [{"start": 239, "end": 251, "tag": "nipplepower"}]}, "text": "Yes, a woman without a shirt was protesting. And......? From passive aggressive comments from self-proclaimed feminists to downright shameless chauvinists the debate has really been reduced to the slight of a nipple (or 2)?! My goodness!  #nipplepower !", "author_id": "807003567605227520", "author": {"created_at": "2016-12-08T23:26:58.000Z", "profile_image_url": "https://pbs.twimg.com/profile_images/1383196364792680448/N8CdupEu_normal.jpg", "url": "https://t.co/Ze18Ek9SOI", "name": "Amber Heard", "location": "Los Angeles, CA", "id": "807003567605227520", "public_metrics": {"followers_count": 190462, "following_count": 220, "tweet_count": 1151, "listed_count": 567}, "description": "Actor and Activist, semi-professional disruptor, ice cream advocate and shameless teacup yorkie-lover", "username": "realamberheard"}}, "author": {"created_at": "2018-11-09T15:58:09.000Z", "profile_image_url": "https://pbs.twimg.com/profile_images/1129009080356548608/ctc3mWVl_normal.jpg", "url": "", "name": "Olga Lazareva We are with you Johnny Depp", "location": "Russia", "id": "1060924512869498880", "public_metrics": {"followers_count": 41, "following_count": 88, "tweet_count": 902, "listed_count": 0}, "description": "Deppheads", "username": "OlgaLaz53133428"}}, {"source": "Twitter for iPhone", "in_reply_to_user_id": "807003567605227520", "lang": "en", "public_metrics": {"retweet_count": 1, "reply_count": 0, "like_count": 3, "quote_count": 0}, "created_at": "2018-11-14T05:48:52.000Z", "entities": {"mentions": [{"start": 0, "end": 15, "username": "realamberheard", "id": "807003567605227520"}], "annotations": [{"start": 48, "end": 53, "probability": 0.5381, "type": "Person", "normalized_text": "Johnny"}]}, "id": "1062583121223180288", "referenced_tweets": [{"type": "replied_to", "id": "1061822103530467329"}], "text": "@realamberheard Malicious marriage cheater. My  Johnny makes his body and mind scratchy, and at the end of the phrase it is a collection of valuables, I will not go hand in hand. There is no perfect crime. I will not forgive you for your entire life. Look.\ud83d\ude21\ud83d\ude21", "author_id": "409949112", "replied_tweet": {"source": "Twitter for iPhone", "lang": "en", "public_metrics": {"retweet_count": 68, "reply_count": 39, "like_count": 542, "quote_count": 1}, "created_at": "2018-11-12T03:24:51.000Z", "id": "1061822103530467329", "entities": {"hashtags": [{"start": 239, "end": 251, "tag": "nipplepower"}]}, "text": "Yes, a woman without a shirt was protesting. And......? From passive aggressive comments from self-proclaimed feminists to downright shameless chauvinists the debate has really been reduced to the slight of a nipple (or 2)?! My goodness!  #nipplepower !", "author_id": "807003567605227520", "author": {"created_at": "2016-12-08T23:26:58.000Z", "profile_image_url": "https://pbs.twimg.com/profile_images/1383196364792680448/N8CdupEu_normal.jpg", "url": "https://t.co/Ze18Ek9SOI", "name": "Amber Heard", "location": "Los Angeles, CA", "id": "807003567605227520", "public_metrics": {"followers_count": 190462, "following_count": 220, "tweet_count": 1151, "listed_count": 567}, "description": "Actor and Activist, semi-professional disruptor, ice cream advocate and shameless teacup yorkie-lover", "username": "realamberheard"}}, "author": {"created_at": "2011-11-11T12:49:14.000Z", "profile_image_url": "https://pbs.twimg.com/profile_images/1349672363646885890/QtqsxUKi_normal.jpg", "url": "https://t.co/R0Y6X3cKtH", "name": "#JunKumagai #\u718a\u8c37\u6df3 #JK #Jun\u2640\ud83c\uddef\ud83c\uddf5\ud83c\udf0f\u3000\u3010\u516c\u5f0f\u3011\u3010Formality\u3011", "location": "EARTH", "id": "409949112", "public_metrics": {"followers_count": 8525, "following_count": 8197, "tweet_count": 380654, "listed_count": 45}, "description": "Junhearts\u4ee3\u8868/Gemologist,GIA(\u30a2\u30e1\u30ea\u30ab\u5b9d\u77f3\u5b66\u4f1a)/LastMissLily\u6c96\u6c38\u826f\u90e8\u5cf6\u306e\u767e\u5408\u306e\u524d\u30e2\u30c7\u30eb/former firstclass cook(\u30ea\u30fc\u30ac\u30ed\u30a4\u30e4\u30eb\u30db\u30c6\u30eb\u306e\u524d\u8abf\u7406\u88dc\u52a9)\ud83c\udfe8/WhittierCollege,homestay/minne/\u5a5a\u6d3b\u4e2d", "username": "jk_Junhearts"}}, {"source": "Twitter for iPhone", "in_reply_to_user_id": "807003567605227520", "lang": "en", "public_metrics": {"retweet_count": 0, "reply_count": 0, "like_count": 2, "quote_count": 0}, "created_at": "2018-11-14T05:47:43.000Z", "entities": {"mentions": [{"start": 0, "end": 15, "username": "realamberheard", "id": "807003567605227520"}]}, "id": "1062582831522533378", "referenced_tweets": [{"type": "replied_to", "id": "1061822103530467329"}], "text": "@realamberheard Malicious marriage cheater. My  J ohnny makes his body and mind scratchy, and at the end of the phrase it is a collection of valuables, I will not go hand in hand. There is no perfect crime. I will not forgive you for your entire life. Look.\ud83d\ude21\ud83d\ude21", "author_id": "409949112", "replied_tweet": {"source": "Twitter for iPhone", "lang": "en", "public_metrics": {"retweet_count": 68, "reply_count": 39, "like_count": 542, "quote_count": 1}, "created_at": "2018-11-12T03:24:51.000Z", "id": "1061822103530467329", "entities": {"hashtags": [{"start": 239, "end": 251, "tag": "nipplepower"}]}, "text": "Yes, a woman without a shirt was protesting. And......? From passive aggressive comments from self-proclaimed feminists to downright shameless chauvinists the debate has really been reduced to the slight of a nipple (or 2)?! My goodness!  #nipplepower !", "author_id": "807003567605227520", "author": {"created_at": "2016-12-08T23:26:58.000Z", "profile_image_url": "https://pbs.twimg.com/profile_images/1383196364792680448/N8CdupEu_normal.jpg", "url": "https://t.co/Ze18Ek9SOI", "name": "Amber Heard", "location": "Los Angeles, CA", "id": "807003567605227520", "public_metrics": {"followers_count": 190462, "following_count": 220, "tweet_count": 1151, "listed_count": 567}, "description": "Actor and Activist, semi-professional disruptor, ice cream advocate and shameless teacup yorkie-lover", "username": "realamberheard"}}, "author": {"created_at": "2011-11-11T12:49:14.000Z", "profile_image_url": "https://pbs.twimg.com/profile_images/1349672363646885890/QtqsxUKi_normal.jpg", "url": "https://t.co/R0Y6X3cKtH", "name": "#JunKumagai #\u718a\u8c37\u6df3 #JK #Jun\u2640\ud83c\uddef\ud83c\uddf5\ud83c\udf0f\u3000\u3010\u516c\u5f0f\u3011\u3010Formality\u3011", "location": "EARTH", "id": "409949112", "public_metrics": {"followers_count": 8525, "following_count": 8197, "tweet_count": 380654, "listed_count": 45}, "description": "Junhearts\u4ee3\u8868/Gemologist,GIA(\u30a2\u30e1\u30ea\u30ab\u5b9d\u77f3\u5b66\u4f1a)/LastMissLily\u6c96\u6c38\u826f\u90e8\u5cf6\u306e\u767e\u5408\u306e\u524d\u30e2\u30c7\u30eb/former firstclass cook(\u30ea\u30fc\u30ac\u30ed\u30a4\u30e4\u30eb\u30db\u30c6\u30eb\u306e\u524d\u8abf\u7406\u88dc\u52a9)\ud83c\udfe8/WhittierCollege,homestay/minne/\u5a5a\u6d3b\u4e2d", "username": "jk_Junhearts"}}, {"source": "Twitter for Android", "in_reply_to_user_id": "807003567605227520", "lang": "en", "public_metrics": {"retweet_count": 0, "reply_count": 0, "like_count": 1, "quote_count": 0}, "created_at": "2018-11-13T22:06:47.000Z", "entities": {"mentions": [{"start": 0, "end": 15, "username": "realamberheard", "id": "807003567605227520"}], "annotations": [{"start": 21, "end": 25, "probability": 0.922, "type": "Person", "normalized_text": "amber"}]}, "id": "1062466832899149825", "referenced_tweets": [{"type": "replied_to", "id": "1061822103530467329"}], "text": "@realamberheard Dear amber,have a very happy day with your excellent work my freind!!", "author_id": "989633741114003456", "replied_tweet": {"source": "Twitter for iPhone", "lang": "en", "public_metrics": {"retweet_count": 68, "reply_count": 39, "like_count": 542, "quote_count": 1}, "created_at": "2018-11-12T03:24:51.000Z", "id": "1061822103530467329", "entities": {"hashtags": [{"start": 239, "end": 251, "tag": "nipplepower"}]}, "text": "Yes, a woman without a shirt was protesting. And......? From passive aggressive comments from self-proclaimed feminists to downright shameless chauvinists the debate has really been reduced to the slight of a nipple (or 2)?! My goodness!  #nipplepower !", "author_id": "807003567605227520", "author": {"created_at": "2016-12-08T23:26:58.000Z", "profile_image_url": "https://pbs.twimg.com/profile_images/1383196364792680448/N8CdupEu_normal.jpg", "url": "https://t.co/Ze18Ek9SOI", "name": "Amber Heard", "location": "Los Angeles, CA", "id": "807003567605227520", "public_metrics": {"followers_count": 190462, "following_count": 220, "tweet_count": 1151, "listed_count": 567}, "description": "Actor and Activist, semi-professional disruptor, ice cream advocate and shameless teacup yorkie-lover", "username": "realamberheard"}}, "author": {"created_at": "2018-04-26T22:34:05.000Z", "profile_image_url": "https://abs.twimg.com/sticky/default_profile_images/default_profile_normal.png", "url": "", "name": "Paulwalwanis", "location": "Long Island,new York", "id": "989633741114003456", "public_metrics": {"followers_count": 39, "following_count": 269, "tweet_count": 44974, "listed_count": 0}, "description": "Comedy,counselor", "username": "Paulwalwanis7"}}, {"source": "Twitter Web Client", "in_reply_to_user_id": "807003567605227520", "lang": "en", "public_metrics": {"retweet_count": 0, "reply_count": 0, "like_count": 1, "quote_count": 0}, "created_at": "2018-11-13T17:53:06.000Z", "entities": {"mentions": [{"start": 0, "end": 15, "username": "realamberheard", "id": "807003567605227520"}], "hashtags": [{"start": 37, "end": 58, "tag": "amberheardisanabuser"}]}, "id": "1062402990320087040", "referenced_tweets": [{"type": "replied_to", "id": "1061822103530467329"}], "text": "@realamberheard amberheardisanabuser #amberheardisanabuser\ud83e\udd27\ud83e\udd27\ud83e\udd27\ud83e\udd27\ud83e\udd27\ud83e\udd27\ud83e\udd27\ud83e\udd27\ud83e\udd27\ud83e\udd27", "author_id": "1060924512869498880", "replied_tweet": {"source": "Twitter for iPhone", "lang": "en", "public_metrics": {"retweet_count": 68, "reply_count": 39, "like_count": 542, "quote_count": 1}, "created_at": "2018-11-12T03:24:51.000Z", "id": "1061822103530467329", "entities": {"hashtags": [{"start": 239, "end": 251, "tag": "nipplepower"}]}, "text": "Yes, a woman without a shirt was protesting. And......? From passive aggressive comments from self-proclaimed feminists to downright shameless chauvinists the debate has really been reduced to the slight of a nipple (or 2)?! My goodness!  #nipplepower !", "author_id": "807003567605227520", "author": {"created_at": "2016-12-08T23:26:58.000Z", "profile_image_url": "https://pbs.twimg.com/profile_images/1383196364792680448/N8CdupEu_normal.jpg", "url": "https://t.co/Ze18Ek9SOI", "name": "Amber Heard", "location": "Los Angeles, CA", "id": "807003567605227520", "public_metrics": {"followers_count": 190462, "following_count": 220, "tweet_count": 1151, "listed_count": 567}, "description": "Actor and Activist, semi-professional disruptor, ice cream advocate and shameless teacup yorkie-lover", "username": "realamberheard"}}, "author": {"created_at": "2018-11-09T15:58:09.000Z", "profile_image_url": "https://pbs.twimg.com/profile_images/1129009080356548608/ctc3mWVl_normal.jpg", "url": "", "name": "Olga Lazareva We are with you Johnny Depp", "location": "Russia", "id": "1060924512869498880", "public_metrics": {"followers_count": 41, "following_count": 88, "tweet_count": 902, "listed_count": 0}, "description": "Deppheads", "username": "OlgaLaz53133428"}}, {"source": "Twitter Web Client", "in_reply_to_user_id": "807003567605227520", "lang": "und", "public_metrics": {"retweet_count": 0, "reply_count": 0, "like_count": 0, "quote_count": 0}, "created_at": "2018-11-13T16:29:57.000Z", "entities": {"mentions": [{"start": 0, "end": 15, "username": "realamberheard", "id": "807003567605227520"}], "urls": [{"start": 16, "end": 39, "url": "https://t.co/ZdrH3nOlTy", "expanded_url": "https://youtu.be/GyLkg3uDe1c", "display_url": "youtu.be/GyLkg3uDe1c", "images": [{"url": "https://pbs.twimg.com/news_img/1497154847761518592/yo5k1Pyg?format=jpg&name=orig", "width": 1280, "height": 720}, {"url": "https://pbs.twimg.com/news_img/1497154847761518592/yo5k1Pyg?format=jpg&name=150x150", "width": 150, "height": 150}], "status": 200, "title": "Awake: The Life of Yogananda Official Trailer 1 (2014) - Documentary HD", "description": "Subscribe to TRAILERS: http://bit.ly/sxaw6hSubscribe to COMING SOON: http://bit.ly/H2vZUnSubscribe to INDIE & FILM FESTIVALS: http://bit.ly/1wbkfYgLike us on...", "unwound_url": "https://www.youtube.com/watch?v=GyLkg3uDe1c&feature=youtu.be"}]}, "id": "1062382064941522945", "referenced_tweets": [{"type": "replied_to", "id": "1061822103530467329"}], "text": "@realamberheard https://t.co/ZdrH3nOlTy", "author_id": "729085032061538304", "replied_tweet": {"source": "Twitter for iPhone", "lang": "en", "public_metrics": {"retweet_count": 68, "reply_count": 39, "like_count": 542, "quote_count": 1}, "created_at": "2018-11-12T03:24:51.000Z", "id": "1061822103530467329", "entities": {"hashtags": [{"start": 239, "end": 251, "tag": "nipplepower"}]}, "text": "Yes, a woman without a shirt was protesting. And......? From passive aggressive comments from self-proclaimed feminists to downright shameless chauvinists the debate has really been reduced to the slight of a nipple (or 2)?! My goodness!  #nipplepower !", "author_id": "807003567605227520", "author": {"created_at": "2016-12-08T23:26:58.000Z", "profile_image_url": "https://pbs.twimg.com/profile_images/1383196364792680448/N8CdupEu_normal.jpg", "url": "https://t.co/Ze18Ek9SOI", "name": "Amber Heard", "location": "Los Angeles, CA", "id": "807003567605227520", "public_metrics": {"followers_count": 190462, "following_count": 220, "tweet_count": 1151, "listed_count": 567}, "description": "Actor and Activist, semi-professional disruptor, ice cream advocate and shameless teacup yorkie-lover", "username": "realamberheard"}}, "author": {"created_at": "2016-05-07T23:06:32.000Z", "profile_image_url": "https://pbs.twimg.com/profile_images/729089689911615488/T8tB5HkC_normal.jpg", "url": "https://t.co/E69UUDhAUv", "name": "sathya sai baba", "location": "everywhere", "id": "729085032061538304", "public_metrics": {"followers_count": 262, "following_count": 2027, "tweet_count": 14453, "listed_count": 6}, "description": "What is Truth ?                         https://t.co/kerTzzRdET", "username": "saibabalives"}}, {"source": "Twitter for Android", "in_reply_to_user_id": "771304237276000256", "lang": "en", "public_metrics": {"retweet_count": 0, "reply_count": 0, "like_count": 1, "quote_count": 0}, "created_at": "2018-11-13T15:40:03.000Z", "entities": {"mentions": [{"start": 0, "end": 16, "username": "poeticabeauvoir", "id": "2165717942"}, {"start": 17, "end": 32, "username": "realamberheard", "id": "807003567605227520"}]}, "id": "1062369508612964352", "referenced_tweets": [{"type": "replied_to", "id": "1062369230358626306"}], "text": "@poeticabeauvoir @realamberheard And why am I an embarrassment to women? What have I done? U r just a sore woman who wants to cry about the status of the society", "author_id": "771304237276000256", "replied_tweet": {"source": "Twitter for iPhone", "lang": "en", "public_metrics": {"retweet_count": 68, "reply_count": 39, "like_count": 542, "quote_count": 1}, "created_at": "2018-11-12T03:24:51.000Z", "id": "1061822103530467329", "entities": {"hashtags": [{"start": 239, "end": 251, "tag": "nipplepower"}]}, "text": "Yes, a woman without a shirt was protesting. And......? From passive aggressive comments from self-proclaimed feminists to downright shameless chauvinists the debate has really been reduced to the slight of a nipple (or 2)?! My goodness!  #nipplepower !", "author_id": "807003567605227520", "author": {"created_at": "2016-12-08T23:26:58.000Z", "profile_image_url": "https://pbs.twimg.com/profile_images/1383196364792680448/N8CdupEu_normal.jpg", "url": "https://t.co/Ze18Ek9SOI", "name": "Amber Heard", "location": "Los Angeles, CA", "id": "807003567605227520", "public_metrics": {"followers_count": 190462, "following_count": 220, "tweet_count": 1151, "listed_count": 567}, "description": "Actor and Activist, semi-professional disruptor, ice cream advocate and shameless teacup yorkie-lover", "username": "realamberheard"}}, "author": {"created_at": "2016-09-01T11:10:35.000Z", "profile_image_url": "https://pbs.twimg.com/profile_images/938789805151870976/gkYQAL3P_normal.jpg", "url": "", "name": "GreenLightning", "id": "771304237276000256", "public_metrics": {"followers_count": 97, "following_count": 199, "tweet_count": 25842, "listed_count": 2}, "description": "| GT: LightRefractor. | I love to watch movies | Also follow just for the sake of it.... #ReleaseTheSnyderCut", "username": "PacficRim23"}}, {"source": "Twitter for Android", "in_reply_to_user_id": "2165717942", "lang": "en", "public_metrics": {"retweet_count": 0, "reply_count": 1, "like_count": 0, "quote_count": 0}, "created_at": "2018-11-13T15:38:57.000Z", "entities": {"mentions": [{"start": 0, "end": 16, "username": "poeticabeauvoir", "id": "2165717942"}, {"start": 17, "end": 32, "username": "realamberheard", "id": "807003567605227520"}]}, "id": "1062369230358626306", "referenced_tweets": [{"type": "replied_to", "id": "1062317408919150593"}], "text": "@poeticabeauvoir @realamberheard I am not offended by nipples fyi I just stated the fact. As I said 'It is what it is' and I did not make the rules. If u wanna run around the town shirtless I couldn't care less. U better go do that now and when u get arrested u can come back here and hit me with all hate u want", "author_id": "771304237276000256", "replied_tweet": {"source": "Twitter for iPhone", "lang": "en", "public_metrics": {"retweet_count": 68, "reply_count": 39, "like_count": 542, "quote_count": 1}, "created_at": "2018-11-12T03:24:51.000Z", "id": "1061822103530467329", "entities": {"hashtags": [{"start": 239, "end": 251, "tag": "nipplepower"}]}, "text": "Yes, a woman without a shirt was protesting. And......? From passive aggressive comments from self-proclaimed feminists to downright shameless chauvinists the debate has really been reduced to the slight of a nipple (or 2)?! My goodness!  #nipplepower !", "author_id": "807003567605227520", "author": {"created_at": "2016-12-08T23:26:58.000Z", "profile_image_url": "https://pbs.twimg.com/profile_images/1383196364792680448/N8CdupEu_normal.jpg", "url": "https://t.co/Ze18Ek9SOI", "name": "Amber Heard", "location": "Los Angeles, CA", "id": "807003567605227520", "public_metrics": {"followers_count": 190462, "following_count": 220, "tweet_count": 1151, "listed_count": 567}, "description": "Actor and Activist, semi-professional disruptor, ice cream advocate and shameless teacup yorkie-lover", "username": "realamberheard"}}, "author": {"created_at": "2016-09-01T11:10:35.000Z", "profile_image_url": "https://pbs.twimg.com/profile_images/938789805151870976/gkYQAL3P_normal.jpg", "url": "", "name": "GreenLightning", "id": "771304237276000256", "public_metrics": {"followers_count": 97, "following_count": 199, "tweet_count": 25842, "listed_count": 2}, "description": "| GT: LightRefractor. | I love to watch movies | Also follow just for the sake of it.... #ReleaseTheSnyderCut", "username": "PacficRim23"}}, {"source": "Twitter Web App", "in_reply_to_user_id": "807003567605227520", "lang": "en", "public_metrics": {"retweet_count": 0, "reply_count": 0, "like_count": 0, "quote_count": 0}, "created_at": "2018-11-13T14:53:47.000Z", "entities": {"mentions": [{"start": 0, "end": 15, "username": "realamberheard", "id": "807003567605227520"}]}, "id": "1062357864046620673", "referenced_tweets": [{"type": "replied_to", "id": "1061822103530467329"}], "text": "@realamberheard My guess the opposing side is using this to steer away from the issue... that is how it usually works. I still owe ft worth 700 for setting my backpack on the sidewalk during a protest", "author_id": "1048681219746140162", "replied_tweet": {"source": "Twitter for iPhone", "lang": "en", "public_metrics": {"retweet_count": 68, "reply_count": 39, "like_count": 542, "quote_count": 1}, "created_at": "2018-11-12T03:24:51.000Z", "id": "1061822103530467329", "entities": {"hashtags": [{"start": 239, "end": 251, "tag": "nipplepower"}]}, "text": "Yes, a woman without a shirt was protesting. And......? From passive aggressive comments from self-proclaimed feminists to downright shameless chauvinists the debate has really been reduced to the slight of a nipple (or 2)?! My goodness!  #nipplepower !", "author_id": "807003567605227520", "author": {"created_at": "2016-12-08T23:26:58.000Z", "profile_image_url": "https://pbs.twimg.com/profile_images/1383196364792680448/N8CdupEu_normal.jpg", "url": "https://t.co/Ze18Ek9SOI", "name": "Amber Heard", "location": "Los Angeles, CA", "id": "807003567605227520", "public_metrics": {"followers_count": 190462, "following_count": 220, "tweet_count": 1151, "listed_count": 567}, "description": "Actor and Activist, semi-professional disruptor, ice cream advocate and shameless teacup yorkie-lover", "username": "realamberheard"}}, "author": {"created_at": "2018-10-06T21:07:41.000Z", "profile_image_url": "https://pbs.twimg.com/profile_images/1502321336148008967/R8OT5wEP_normal.jpg", "url": "", "name": "Kevin Endicott", "location": "United States", "id": "1048681219746140162", "public_metrics": {"followers_count": 66711, "following_count": 57143, "tweet_count": 74969, "listed_count": 66}, "description": "Equality is the only way to create a better future.....\n\n#PickASide\n#RaiseAFist", "username": "TheRealKevinTE"}}, {"source": "Twitter Web Client", "in_reply_to_user_id": "771304237276000256", "lang": "en", "public_metrics": {"retweet_count": 0, "reply_count": 0, "like_count": 0, "quote_count": 0}, "created_at": "2018-11-13T12:12:36.000Z", "entities": {"mentions": [{"start": 0, "end": 12, "username": "PacficRim23", "id": "771304237276000256"}, {"start": 13, "end": 28, "username": "realamberheard", "id": "807003567605227520"}]}, "id": "1062317302106992640", "referenced_tweets": [{"type": "replied_to", "id": "1062280688714403840"}], "text": "@PacficRim23 @realamberheard No honey, if you are offended by a nipple you need a life. Spend 24 hours with a rockstar and complain about 1 nipple. Well, 2. \ud83d\ude44 Hell, take a college art class and complain.", "author_id": "2165717942", "replied_tweet": {"source": "Twitter for iPhone", "lang": "en", "public_metrics": {"retweet_count": 68, "reply_count": 39, "like_count": 542, "quote_count": 1}, "created_at": "2018-11-12T03:24:51.000Z", "id": "1061822103530467329", "entities": {"hashtags": [{"start": 239, "end": 251, "tag": "nipplepower"}]}, "text": "Yes, a woman without a shirt was protesting. And......? From passive aggressive comments from self-proclaimed feminists to downright shameless chauvinists the debate has really been reduced to the slight of a nipple (or 2)?! My goodness!  #nipplepower !", "author_id": "807003567605227520", "author": {"created_at": "2016-12-08T23:26:58.000Z", "profile_image_url": "https://pbs.twimg.com/profile_images/1383196364792680448/N8CdupEu_normal.jpg", "url": "https://t.co/Ze18Ek9SOI", "name": "Amber Heard", "location": "Los Angeles, CA", "id": "807003567605227520", "public_metrics": {"followers_count": 190462, "following_count": 220, "tweet_count": 1151, "listed_count": 567}, "description": "Actor and Activist, semi-professional disruptor, ice cream advocate and shameless teacup yorkie-lover", "username": "realamberheard"}}, "author": {"created_at": "2013-10-31T00:33:24.000Z", "profile_image_url": "https://pbs.twimg.com/profile_images/1078811374619373568/pPXqd-Qb_normal.jpg", "url": "https://t.co/PMEAIHa7gG", "name": "Poet Nicole D'Sett\u0113mi \ud83d\udc06", "location": "United States", "id": "2165717942", "public_metrics": {"followers_count": 6984, "following_count": 2750, "tweet_count": 8155, "listed_count": 0}, "description": "\ud83d\udd38\ud83d\udd4bNovelist of #Addictarium\u2122\ud83d\udd4b\ud83d\udd38\ud83d\udd8a\ufe0f\"I live like a poet & I'll die like a poet.\"           \u2796Bob Dylan", "username": "poeticabeauvoir"}}, {"source": "Twitter Web Client", "in_reply_to_user_id": "807003567605227520", "lang": "en", "public_metrics": {"retweet_count": 0, "reply_count": 0, "like_count": 1, "quote_count": 0}, "created_at": "2018-11-13T11:00:01.000Z", "entities": {"mentions": [{"start": 0, "end": 15, "username": "realamberheard", "id": "807003567605227520"}], "annotations": [{"start": 89, "end": 92, "probability": 0.6092, "type": "Person", "normalized_text": "D.T."}]}, "id": "1062299034705125377", "referenced_tweets": [{"type": "replied_to", "id": "1061822103530467329"}], "text": "@realamberheard And what is about you? Would you like to protest without a shirt against D.T.?", "author_id": "1059433249917857792", "replied_tweet": {"source": "Twitter for iPhone", "lang": "en", "public_metrics": {"retweet_count": 68, "reply_count": 39, "like_count": 542, "quote_count": 1}, "created_at": "2018-11-12T03:24:51.000Z", "id": "1061822103530467329", "entities": {"hashtags": [{"start": 239, "end": 251, "tag": "nipplepower"}]}, "text": "Yes, a woman without a shirt was protesting. And......? From passive aggressive comments from self-proclaimed feminists to downright shameless chauvinists the debate has really been reduced to the slight of a nipple (or 2)?! My goodness!  #nipplepower !", "author_id": "807003567605227520", "author": {"created_at": "2016-12-08T23:26:58.000Z", "profile_image_url": "https://pbs.twimg.com/profile_images/1383196364792680448/N8CdupEu_normal.jpg", "url": "https://t.co/Ze18Ek9SOI", "name": "Amber Heard", "location": "Los Angeles, CA", "id": "807003567605227520", "public_metrics": {"followers_count": 190462, "following_count": 220, "tweet_count": 1151, "listed_count": 567}, "description": "Actor and Activist, semi-professional disruptor, ice cream advocate and shameless teacup yorkie-lover", "username": "realamberheard"}}, "author": {"created_at": "2018-11-05T13:12:24.000Z", "profile_image_url": "https://abs.twimg.com/sticky/default_profile_images/default_profile_normal.png", "url": "", "name": "adhaehreh", "location": "Germany", "id": "1059433249917857792", "public_metrics": {"followers_count": 0, "following_count": 0, "tweet_count": 11, "listed_count": 0}, "description": "Someone who want to make our planet a mite more peaceful.", "username": "Vincent53509731"}}, {"source": "Twitter for Android", "in_reply_to_user_id": "771304237276000256", "lang": "en", "public_metrics": {"retweet_count": 0, "reply_count": 1, "like_count": 0, "quote_count": 0}, "created_at": "2018-11-13T09:47:07.000Z", "entities": {"mentions": [{"start": 0, "end": 16, "username": "poeticabeauvoir", "id": "2165717942"}, {"start": 17, "end": 32, "username": "realamberheard", "id": "807003567605227520"}], "annotations": [{"start": 72, "end": 74, "probability": 0.8712, "type": "Other", "normalized_text": "God"}]}, "id": "1062280688714403840", "referenced_tweets": [{"type": "replied_to", "id": "1062280445616779264"}], "text": "@poeticabeauvoir @realamberheard And I really don't see why u said \n'Oh God, get a life'\n \nI wasn't even talking to u. And if u r so offended by that then u must go and get a life", "author_id": "771304237276000256", "replied_tweet": {"source": "Twitter for iPhone", "lang": "en", "public_metrics": {"retweet_count": 68, "reply_count": 39, "like_count": 542, "quote_count": 1}, "created_at": "2018-11-12T03:24:51.000Z", "id": "1061822103530467329", "entities": {"hashtags": [{"start": 239, "end": 251, "tag": "nipplepower"}]}, "text": "Yes, a woman without a shirt was protesting. And......? From passive aggressive comments from self-proclaimed feminists to downright shameless chauvinists the debate has really been reduced to the slight of a nipple (or 2)?! My goodness!  #nipplepower !", "author_id": "807003567605227520", "author": {"created_at": "2016-12-08T23:26:58.000Z", "profile_image_url": "https://pbs.twimg.com/profile_images/1383196364792680448/N8CdupEu_normal.jpg", "url": "https://t.co/Ze18Ek9SOI", "name": "Amber Heard", "location": "Los Angeles, CA", "id": "807003567605227520", "public_metrics": {"followers_count": 190462, "following_count": 220, "tweet_count": 1151, "listed_count": 567}, "description": "Actor and Activist, semi-professional disruptor, ice cream advocate and shameless teacup yorkie-lover", "username": "realamberheard"}}, "author": {"created_at": "2016-09-01T11:10:35.000Z", "profile_image_url": "https://pbs.twimg.com/profile_images/938789805151870976/gkYQAL3P_normal.jpg", "url": "", "name": "GreenLightning", "id": "771304237276000256", "public_metrics": {"followers_count": 97, "following_count": 199, "tweet_count": 25842, "listed_count": 2}, "description": "| GT: LightRefractor. | I love to watch movies | Also follow just for the sake of it.... #ReleaseTheSnyderCut", "username": "PacficRim23"}}, {"source": "Twitter for Android", "in_reply_to_user_id": "2165717942", "lang": "en", "public_metrics": {"retweet_count": 0, "reply_count": 1, "like_count": 0, "quote_count": 0}, "created_at": "2018-11-13T09:46:09.000Z", "entities": {"mentions": [{"start": 0, "end": 16, "username": "poeticabeauvoir", "id": "2165717942"}, {"start": 17, "end": 32, "username": "realamberheard", "id": "807003567605227520"}]}, "id": "1062280445616779264", "referenced_tweets": [{"type": "replied_to", "id": "1062006754337263618"}], "text": "@poeticabeauvoir @realamberheard I find that indecent too, at a level. But there isn't anything I can do about. And it's not my fault that how the society's rules have been built for centuries. If they make it legal for women to go shirtless in public, I won't complain at all. But for now, it is what it is", "author_id": "771304237276000256", "replied_tweet": {"source": "Twitter for iPhone", "lang": "en", "public_metrics": {"retweet_count": 68, "reply_count": 39, "like_count": 542, "quote_count": 1}, "created_at": "2018-11-12T03:24:51.000Z", "id": "1061822103530467329", "entities": {"hashtags": [{"start": 239, "end": 251, "tag": "nipplepower"}]}, "text": "Yes, a woman without a shirt was protesting. And......? From passive aggressive comments from self-proclaimed feminists to downright shameless chauvinists the debate has really been reduced to the slight of a nipple (or 2)?! My goodness!  #nipplepower !", "author_id": "807003567605227520", "author": {"created_at": "2016-12-08T23:26:58.000Z", "profile_image_url": "https://pbs.twimg.com/profile_images/1383196364792680448/N8CdupEu_normal.jpg", "url": "https://t.co/Ze18Ek9SOI", "name": "Amber Heard", "location": "Los Angeles, CA", "id": "807003567605227520", "public_metrics": {"followers_count": 190462, "following_count": 220, "tweet_count": 1151, "listed_count": 567}, "description": "Actor and Activist, semi-professional disruptor, ice cream advocate and shameless teacup yorkie-lover", "username": "realamberheard"}}, "author": {"created_at": "2016-09-01T11:10:35.000Z", "profile_image_url": "https://pbs.twimg.com/profile_images/938789805151870976/gkYQAL3P_normal.jpg", "url": "", "name": "GreenLightning", "id": "771304237276000256", "public_metrics": {"followers_count": 97, "following_count": 199, "tweet_count": 25842, "listed_count": 2}, "description": "| GT: LightRefractor. | I love to watch movies | Also follow just for the sake of it.... #ReleaseTheSnyderCut", "username": "PacficRim23"}}, {"source": "Twitter for Android", "in_reply_to_user_id": "807003567605227520", "lang": "en", "public_metrics": {"retweet_count": 0, "reply_count": 0, "like_count": 1, "quote_count": 0}, "created_at": "2018-11-12T22:13:30.000Z", "entities": {"mentions": [{"start": 0, "end": 15, "username": "realamberheard", "id": "807003567605227520"}], "annotations": [{"start": 21, "end": 25, "probability": 0.9433, "type": "Person", "normalized_text": "amber"}]}, "id": "1062106135736541184", "referenced_tweets": [{"type": "replied_to", "id": "1061822103530467329"}], "text": "@realamberheard Dear amber ,I hope your having a happy day my freind !! \ud83e\udd17\ud83e\udd17\ud83d\ude1a\ud83e\udd17", "author_id": "989633741114003456", "replied_tweet": {"source": "Twitter for iPhone", "lang": "en", "public_metrics": {"retweet_count": 68, "reply_count": 39, "like_count": 542, "quote_count": 1}, "created_at": "2018-11-12T03:24:51.000Z", "id": "1061822103530467329", "entities": {"hashtags": [{"start": 239, "end": 251, "tag": "nipplepower"}]}, "text": "Yes, a woman without a shirt was protesting. And......? From passive aggressive comments from self-proclaimed feminists to downright shameless chauvinists the debate has really been reduced to the slight of a nipple (or 2)?! My goodness!  #nipplepower !", "author_id": "807003567605227520", "author": {"created_at": "2016-12-08T23:26:58.000Z", "profile_image_url": "https://pbs.twimg.com/profile_images/1383196364792680448/N8CdupEu_normal.jpg", "url": "https://t.co/Ze18Ek9SOI", "name": "Amber Heard", "location": "Los Angeles, CA", "id": "807003567605227520", "public_metrics": {"followers_count": 190462, "following_count": 220, "tweet_count": 1151, "listed_count": 567}, "description": "Actor and Activist, semi-professional disruptor, ice cream advocate and shameless teacup yorkie-lover", "username": "realamberheard"}}, "author": {"created_at": "2018-04-26T22:34:05.000Z", "profile_image_url": "https://abs.twimg.com/sticky/default_profile_images/default_profile_normal.png", "url": "", "name": "Paulwalwanis", "location": "Long Island,new York", "id": "989633741114003456", "public_metrics": {"followers_count": 39, "following_count": 269, "tweet_count": 44974, "listed_count": 0}, "description": "Comedy,counselor", "username": "Paulwalwanis7"}}, {"source": "Twitter Web Client", "in_reply_to_user_id": "771304237276000256", "lang": "en", "public_metrics": {"retweet_count": 0, "reply_count": 1, "like_count": 2, "quote_count": 0}, "created_at": "2018-11-12T15:38:36.000Z", "entities": {"mentions": [{"start": 0, "end": 12, "username": "PacficRim23", "id": "771304237276000256"}, {"start": 13, "end": 28, "username": "realamberheard", "id": "807003567605227520"}]}, "id": "1062006754337263618", "referenced_tweets": [{"type": "replied_to", "id": "1061929791891226624"}], "text": "@PacficRim23 @realamberheard Oh god, GET a life. The entire point is it's not a woman's right but is a man's. How is that equality? Bet you don't care when men are shirtless, that isn't indecent, right??? And, you're a clown if you think THAT is equality. It's a FACT it isn't equal.", "author_id": "2165717942", "replied_tweet": {"source": "Twitter for iPhone", "lang": "en", "public_metrics": {"retweet_count": 68, "reply_count": 39, "like_count": 542, "quote_count": 1}, "created_at": "2018-11-12T03:24:51.000Z", "id": "1061822103530467329", "entities": {"hashtags": [{"start": 239, "end": 251, "tag": "nipplepower"}]}, "text": "Yes, a woman without a shirt was protesting. And......? From passive aggressive comments from self-proclaimed feminists to downright shameless chauvinists the debate has really been reduced to the slight of a nipple (or 2)?! My goodness!  #nipplepower !", "author_id": "807003567605227520", "author": {"created_at": "2016-12-08T23:26:58.000Z", "profile_image_url": "https://pbs.twimg.com/profile_images/1383196364792680448/N8CdupEu_normal.jpg", "url": "https://t.co/Ze18Ek9SOI", "name": "Amber Heard", "location": "Los Angeles, CA", "id": "807003567605227520", "public_metrics": {"followers_count": 190462, "following_count": 220, "tweet_count": 1151, "listed_count": 567}, "description": "Actor and Activist, semi-professional disruptor, ice cream advocate and shameless teacup yorkie-lover", "username": "realamberheard"}}, "author": {"created_at": "2013-10-31T00:33:24.000Z", "profile_image_url": "https://pbs.twimg.com/profile_images/1078811374619373568/pPXqd-Qb_normal.jpg", "url": "https://t.co/PMEAIHa7gG", "name": "Poet Nicole D'Sett\u0113mi \ud83d\udc06", "location": "United States", "id": "2165717942", "public_metrics": {"followers_count": 6984, "following_count": 2750, "tweet_count": 8155, "listed_count": 0}, "description": "\ud83d\udd38\ud83d\udd4bNovelist of #Addictarium\u2122\ud83d\udd4b\ud83d\udd38\ud83d\udd8a\ufe0f\"I live like a poet & I'll die like a poet.\"           \u2796Bob Dylan", "username": "poeticabeauvoir"}}, {"source": "Twitter for iPhone", "in_reply_to_user_id": "807003567605227520", "lang": "en", "public_metrics": {"retweet_count": 0, "reply_count": 0, "like_count": 0, "quote_count": 0}, "created_at": "2018-11-12T14:24:47.000Z", "entities": {"mentions": [{"start": 0, "end": 15, "username": "realamberheard", "id": "807003567605227520"}], "annotations": [{"start": 19, "end": 23, "probability": 0.9765, "type": "Person", "normalized_text": "Amber"}, {"start": 35, "end": 41, "probability": 0.9672, "type": "Place", "normalized_text": "Beijing"}]}, "id": "1061988181397135360", "referenced_tweets": [{"type": "replied_to", "id": "1061822103530467329"}], "text": "@realamberheard Hi Amber, see u in Beijing this week.", "author_id": "3234095695", "replied_tweet": {"source": "Twitter for iPhone", "lang": "en", "public_metrics": {"retweet_count": 68, "reply_count": 39, "like_count": 542, "quote_count": 1}, "created_at": "2018-11-12T03:24:51.000Z", "id": "1061822103530467329", "entities": {"hashtags": [{"start": 239, "end": 251, "tag": "nipplepower"}]}, "text": "Yes, a woman without a shirt was protesting. And......? From passive aggressive comments from self-proclaimed feminists to downright shameless chauvinists the debate has really been reduced to the slight of a nipple (or 2)?! My goodness!  #nipplepower !", "author_id": "807003567605227520", "author": {"created_at": "2016-12-08T23:26:58.000Z", "profile_image_url": "https://pbs.twimg.com/profile_images/1383196364792680448/N8CdupEu_normal.jpg", "url": "https://t.co/Ze18Ek9SOI", "name": "Amber Heard", "location": "Los Angeles, CA", "id": "807003567605227520", "public_metrics": {"followers_count": 190462, "following_count": 220, "tweet_count": 1151, "listed_count": 567}, "description": "Actor and Activist, semi-professional disruptor, ice cream advocate and shameless teacup yorkie-lover", "username": "realamberheard"}}, "author": {"created_at": "2015-06-02T19:45:31.000Z", "profile_image_url": "https://pbs.twimg.com/profile_images/605822808438898690/6xoDIAOb_normal.png", "url": "", "name": "Xiaotong", "id": "3234095695", "public_metrics": {"followers_count": 7, "following_count": 163, "tweet_count": 5, "listed_count": 0}, "description": "", "username": "xiaotongcheng"}}, {"source": "Twitter for iPhone", "in_reply_to_user_id": "807003567605227520", "lang": "en", "public_metrics": {"retweet_count": 0, "reply_count": 0, "like_count": 1, "quote_count": 0}, "created_at": "2018-11-12T13:46:07.000Z", "entities": {"mentions": [{"start": 0, "end": 15, "username": "realamberheard", "id": "807003567605227520"}]}, "id": "1061978450351677441", "referenced_tweets": [{"type": "replied_to", "id": "1061822103530467329"}], "text": "@realamberheard I\u2019m more concerned at the fact the street was covered with security (blue coats) and yet allowed someone to get so close to the vehicle. I\u2019m all about boobs and protest but wtf guys?!  You had one job!", "author_id": "919619331922608128", "replied_tweet": {"source": "Twitter for iPhone", "lang": "en", "public_metrics": {"retweet_count": 68, "reply_count": 39, "like_count": 542, "quote_count": 1}, "created_at": "2018-11-12T03:24:51.000Z", "id": "1061822103530467329", "entities": {"hashtags": [{"start": 239, "end": 251, "tag": "nipplepower"}]}, "text": "Yes, a woman without a shirt was protesting. And......? From passive aggressive comments from self-proclaimed feminists to downright shameless chauvinists the debate has really been reduced to the slight of a nipple (or 2)?! My goodness!  #nipplepower !", "author_id": "807003567605227520", "author": {"created_at": "2016-12-08T23:26:58.000Z", "profile_image_url": "https://pbs.twimg.com/profile_images/1383196364792680448/N8CdupEu_normal.jpg", "url": "https://t.co/Ze18Ek9SOI", "name": "Amber Heard", "location": "Los Angeles, CA", "id": "807003567605227520", "public_metrics": {"followers_count": 190462, "following_count": 220, "tweet_count": 1151, "listed_count": 567}, "description": "Actor and Activist, semi-professional disruptor, ice cream advocate and shameless teacup yorkie-lover", "username": "realamberheard"}}, "author": {"created_at": "2017-10-15T17:41:49.000Z", "profile_image_url": "https://pbs.twimg.com/profile_images/1133610235866705920/0LFnVdTr_normal.jpg", "url": "", "name": "Mr.Stimmy\ud83c\udf65", "id": "919619331922608128", "public_metrics": {"followers_count": 108, "following_count": 244, "tweet_count": 4568, "listed_count": 0}, "description": "Small circles prevent squares.", "username": "DisGuyRealz"}}, {"source": "Twitter for Android", "in_reply_to_user_id": "807003567605227520", "lang": "in", "public_metrics": {"retweet_count": 0, "reply_count": 0, "like_count": 0, "quote_count": 0}, "created_at": "2018-11-12T10:50:23.000Z", "entities": {"mentions": [{"start": 0, "end": 15, "username": "realamberheard", "id": "807003567605227520"}]}, "id": "1061934225677418496", "referenced_tweets": [{"type": "replied_to", "id": "1061822103530467329"}], "text": "@realamberheard vaaq", "author_id": "931478756019003394", "replied_tweet": {"source": "Twitter for iPhone", "lang": "en", "public_metrics": {"retweet_count": 68, "reply_count": 39, "like_count": 542, "quote_count": 1}, "created_at": "2018-11-12T03:24:51.000Z", "id": "1061822103530467329", "entities": {"hashtags": [{"start": 239, "end": 251, "tag": "nipplepower"}]}, "text": "Yes, a woman without a shirt was protesting. And......? From passive aggressive comments from self-proclaimed feminists to downright shameless chauvinists the debate has really been reduced to the slight of a nipple (or 2)?! My goodness!  #nipplepower !", "author_id": "807003567605227520", "author": {"created_at": "2016-12-08T23:26:58.000Z", "profile_image_url": "https://pbs.twimg.com/profile_images/1383196364792680448/N8CdupEu_normal.jpg", "url": "https://t.co/Ze18Ek9SOI", "name": "Amber Heard", "location": "Los Angeles, CA", "id": "807003567605227520", "public_metrics": {"followers_count": 190462, "following_count": 220, "tweet_count": 1151, "listed_count": 567}, "description": "Actor and Activist, semi-professional disruptor, ice cream advocate and shameless teacup yorkie-lover", "username": "realamberheard"}}, "author": {"created_at": "2017-11-17T11:06:56.000Z", "profile_image_url": "https://abs.twimg.com/sticky/default_profile_images/default_profile_normal.png", "url": "", "name": "Pramodawadhiya Awadhiya", "id": "931478756019003394", "public_metrics": {"followers_count": 1, "following_count": 77, "tweet_count": 86, "listed_count": 0}, "description": "", "username": "pramodawadhiya"}}, {"source": "Twitter for Android", "in_reply_to_user_id": "807003567605227520", "lang": "en", "public_metrics": {"retweet_count": 1, "reply_count": 1, "like_count": 2, "quote_count": 0}, "created_at": "2018-11-12T10:32:46.000Z", "entities": {"mentions": [{"start": 0, "end": 15, "username": "realamberheard", "id": "807003567605227520"}]}, "id": "1061929791891226624", "referenced_tweets": [{"type": "replied_to", "id": "1061822103530467329"}], "text": "@realamberheard I mean if you wanna protest without a shirt, it's clearly deliberate and public indecency. U know the society's rules, and if u wanna defer them, fine. But don't act like it's your right or anything.", "author_id": "771304237276000256", "replied_tweet": {"source": "Twitter for iPhone", "lang": "en", "public_metrics": {"retweet_count": 68, "reply_count": 39, "like_count": 542, "quote_count": 1}, "created_at": "2018-11-12T03:24:51.000Z", "id": "1061822103530467329", "entities": {"hashtags": [{"start": 239, "end": 251, "tag": "nipplepower"}]}, "text": "Yes, a woman without a shirt was protesting. And......? From passive aggressive comments from self-proclaimed feminists to downright shameless chauvinists the debate has really been reduced to the slight of a nipple (or 2)?! My goodness!  #nipplepower !", "author_id": "807003567605227520", "author": {"created_at": "2016-12-08T23:26:58.000Z", "profile_image_url": "https://pbs.twimg.com/profile_images/1383196364792680448/N8CdupEu_normal.jpg", "url": "https://t.co/Ze18Ek9SOI", "name": "Amber Heard", "location": "Los Angeles, CA", "id": "807003567605227520", "public_metrics": {"followers_count": 190462, "following_count": 220, "tweet_count": 1151, "listed_count": 567}, "description": "Actor and Activist, semi-professional disruptor, ice cream advocate and shameless teacup yorkie-lover", "username": "realamberheard"}}, "author": {"created_at": "2016-09-01T11:10:35.000Z", "profile_image_url": "https://pbs.twimg.com/profile_images/938789805151870976/gkYQAL3P_normal.jpg", "url": "", "name": "GreenLightning", "id": "771304237276000256", "public_metrics": {"followers_count": 97, "following_count": 199, "tweet_count": 25842, "listed_count": 2}, "description": "| GT: LightRefractor. | I love to watch movies | Also follow just for the sake of it.... #ReleaseTheSnyderCut", "username": "PacficRim23"}}, {"source": "Twitter for Android", "in_reply_to_user_id": "807003567605227520", "lang": "en", "public_metrics": {"retweet_count": 1, "reply_count": 0, "like_count": 2, "quote_count": 0}, "created_at": "2018-11-12T10:30:09.000Z", "entities": {"mentions": [{"start": 0, "end": 15, "username": "realamberheard", "id": "807003567605227520"}]}, "id": "1061929132588552192", "referenced_tweets": [{"type": "replied_to", "id": "1061822103530467329"}], "text": "@realamberheard Ur statement is confusing. I don't know anyone who has only one nipple.", "author_id": "771304237276000256", "replied_tweet": {"source": "Twitter for iPhone", "lang": "en", "public_metrics": {"retweet_count": 68, "reply_count": 39, "like_count": 542, "quote_count": 1}, "created_at": "2018-11-12T03:24:51.000Z", "id": "1061822103530467329", "entities": {"hashtags": [{"start": 239, "end": 251, "tag": "nipplepower"}]}, "text": "Yes, a woman without a shirt was protesting. And......? From passive aggressive comments from self-proclaimed feminists to downright shameless chauvinists the debate has really been reduced to the slight of a nipple (or 2)?! My goodness!  #nipplepower !", "author_id": "807003567605227520", "author": {"created_at": "2016-12-08T23:26:58.000Z", "profile_image_url": "https://pbs.twimg.com/profile_images/1383196364792680448/N8CdupEu_normal.jpg", "url": "https://t.co/Ze18Ek9SOI", "name": "Amber Heard", "location": "Los Angeles, CA", "id": "807003567605227520", "public_metrics": {"followers_count": 190462, "following_count": 220, "tweet_count": 1151, "listed_count": 567}, "description": "Actor and Activist, semi-professional disruptor, ice cream advocate and shameless teacup yorkie-lover", "username": "realamberheard"}}, "author": {"created_at": "2016-09-01T11:10:35.000Z", "profile_image_url": "https://pbs.twimg.com/profile_images/938789805151870976/gkYQAL3P_normal.jpg", "url": "", "name": "GreenLightning", "id": "771304237276000256", "public_metrics": {"followers_count": 97, "following_count": 199, "tweet_count": 25842, "listed_count": 2}, "description": "| GT: LightRefractor. | I love to watch movies | Also follow just for the sake of it.... #ReleaseTheSnyderCut", "username": "PacficRim23"}}, {"source": "Twitter for iPhone", "in_reply_to_user_id": "807003567605227520", "lang": "und", "public_metrics": {"retweet_count": 0, "reply_count": 0, "like_count": 1, "quote_count": 0}, "created_at": "2018-11-12T07:59:22.000Z", "entities": {"mentions": [{"start": 0, "end": 15, "username": "realamberheard", "id": "807003567605227520"}]}, "id": "1061891187521478656", "referenced_tweets": [{"type": "replied_to", "id": "1061822103530467329"}], "text": "@realamberheard \ud83d\ude06", "author_id": "1033220323787694080", "replied_tweet": {"source": "Twitter for iPhone", "lang": "en", "public_metrics": {"retweet_count": 68, "reply_count": 39, "like_count": 542, "quote_count": 1}, "created_at": "2018-11-12T03:24:51.000Z", "id": "1061822103530467329", "entities": {"hashtags": [{"start": 239, "end": 251, "tag": "nipplepower"}]}, "text": "Yes, a woman without a shirt was protesting. And......? From passive aggressive comments from self-proclaimed feminists to downright shameless chauvinists the debate has really been reduced to the slight of a nipple (or 2)?! My goodness!  #nipplepower !", "author_id": "807003567605227520", "author": {"created_at": "2016-12-08T23:26:58.000Z", "profile_image_url": "https://pbs.twimg.com/profile_images/1383196364792680448/N8CdupEu_normal.jpg", "url": "https://t.co/Ze18Ek9SOI", "name": "Amber Heard", "location": "Los Angeles, CA", "id": "807003567605227520", "public_metrics": {"followers_count": 190462, "following_count": 220, "tweet_count": 1151, "listed_count": 567}, "description": "Actor and Activist, semi-professional disruptor, ice cream advocate and shameless teacup yorkie-lover", "username": "realamberheard"}}, "author": {"created_at": "2018-08-25T05:11:36.000Z", "profile_image_url": "https://abs.twimg.com/sticky/default_profile_images/default_profile_normal.png", "url": "", "name": "lynda jensen", "location": "California, USA", "id": "1033220323787694080", "public_metrics": {"followers_count": 18, "following_count": 45, "tweet_count": 1036, "listed_count": 0}, "description": "", "username": "lyndaje28770189"}}, {"source": "Twitter for iPhone", "in_reply_to_user_id": "807003567605227520", "lang": "und", "public_metrics": {"retweet_count": 0, "reply_count": 0, "like_count": 0, "quote_count": 0}, "created_at": "2018-11-12T06:50:53.000Z", "entities": {"mentions": [{"start": 0, "end": 15, "username": "realamberheard", "id": "807003567605227520"}]}, "id": "1061873954049191936", "referenced_tweets": [{"type": "replied_to", "id": "1061822103530467329"}], "text": "@realamberheard \ud83d\ude2d", "author_id": "891976336163688448", "replied_tweet": {"source": "Twitter for iPhone", "lang": "en", "public_metrics": {"retweet_count": 68, "reply_count": 39, "like_count": 542, "quote_count": 1}, "created_at": "2018-11-12T03:24:51.000Z", "id": "1061822103530467329", "entities": {"hashtags": [{"start": 239, "end": 251, "tag": "nipplepower"}]}, "text": "Yes, a woman without a shirt was protesting. And......? From passive aggressive comments from self-proclaimed feminists to downright shameless chauvinists the debate has really been reduced to the slight of a nipple (or 2)?! My goodness!  #nipplepower !", "author_id": "807003567605227520", "author": {"created_at": "2016-12-08T23:26:58.000Z", "profile_image_url": "https://pbs.twimg.com/profile_images/1383196364792680448/N8CdupEu_normal.jpg", "url": "https://t.co/Ze18Ek9SOI", "name": "Amber Heard", "location": "Los Angeles, CA", "id": "807003567605227520", "public_metrics": {"followers_count": 190462, "following_count": 220, "tweet_count": 1151, "listed_count": 567}, "description": "Actor and Activist, semi-professional disruptor, ice cream advocate and shameless teacup yorkie-lover", "username": "realamberheard"}}, "author": {"created_at": "2017-07-31T10:58:25.000Z", "profile_image_url": "https://pbs.twimg.com/profile_images/1496886812039651341/dL_brPOT_normal.jpg", "url": "", "name": "\u1d30\u1d3c\u1d3e\u1d3e\u1d35\u1d3c \ud83d\udc38", "location": "France", "id": "891976336163688448", "public_metrics": {"followers_count": 216, "following_count": 441, "tweet_count": 6202, "listed_count": 1}, "description": "\ud83d\udc3e Monster/Trixer/Kyger/JoJo \ud83c\udf52Digital artist \ud83d\udc9c\u1d1b\u029c\u1d07\u028f-s\u029c\u1d07 - ASD-ADHDer", "username": "grigiomonster6"}}, {"source": "Twitter for iPhone", "in_reply_to_user_id": "807003567605227520", "lang": "en", "public_metrics": {"retweet_count": 0, "reply_count": 0, "like_count": 0, "quote_count": 0}, "created_at": "2018-11-12T06:07:55.000Z", "entities": {"mentions": [{"start": 0, "end": 15, "username": "realamberheard", "id": "807003567605227520"}, {"start": 49, "end": 60, "username": "WilsonCobb", "id": "105549811"}]}, "id": "1061863137358553088", "referenced_tweets": [{"type": "replied_to", "id": "1061822103530467329"}], "text": "@realamberheard Going to support her on this one @WilsonCobb", "author_id": "25637175", "replied_tweet": {"source": "Twitter for iPhone", "lang": "en", "public_metrics": {"retweet_count": 68, "reply_count": 39, "like_count": 542, "quote_count": 1}, "created_at": "2018-11-12T03:24:51.000Z", "id": "1061822103530467329", "entities": {"hashtags": [{"start": 239, "end": 251, "tag": "nipplepower"}]}, "text": "Yes, a woman without a shirt was protesting. And......? From passive aggressive comments from self-proclaimed feminists to downright shameless chauvinists the debate has really been reduced to the slight of a nipple (or 2)?! My goodness!  #nipplepower !", "author_id": "807003567605227520", "author": {"created_at": "2016-12-08T23:26:58.000Z", "profile_image_url": "https://pbs.twimg.com/profile_images/1383196364792680448/N8CdupEu_normal.jpg", "url": "https://t.co/Ze18Ek9SOI", "name": "Amber Heard", "location": "Los Angeles, CA", "id": "807003567605227520", "public_metrics": {"followers_count": 190462, "following_count": 220, "tweet_count": 1151, "listed_count": 567}, "description": "Actor and Activist, semi-professional disruptor, ice cream advocate and shameless teacup yorkie-lover", "username": "realamberheard"}}, "author": {"created_at": "2009-03-21T04:08:13.000Z", "profile_image_url": "https://pbs.twimg.com/profile_images/1060657694883876864/QgfXQgVf_normal.jpg", "url": "", "name": "Will Gro", "location": "Dallas, Texas", "id": "25637175", "public_metrics": {"followers_count": 927, "following_count": 1652, "tweet_count": 10334, "listed_count": 25}, "description": "Human In Dallas TX", "username": "Willradiorun"}}, {"source": "Twitter for Android", "in_reply_to_user_id": "807003567605227520", "lang": "und", "public_metrics": {"retweet_count": 0, "reply_count": 0, "like_count": 5, "quote_count": 0}, "created_at": "2018-11-12T04:52:54.000Z", "entities": {"mentions": [{"start": 0, "end": 15, "username": "realamberheard", "id": "807003567605227520"}], "urls": [{"start": 16, "end": 39, "url": "https://t.co/p1SrbO2Y71", "expanded_url": "https://twitter.com/stirgussa/status/1061844261128298496/photo/1", "display_url": "pic.twitter.com/p1SrbO2Y71"}]}, "id": "1061844261128298496", "referenced_tweets": [{"type": "replied_to", "id": "1061822103530467329"}], "text": "@realamberheard https://t.co/p1SrbO2Y71", "author_id": "4396120342", "replied_tweet": {"source": "Twitter for iPhone", "lang": "en", "public_metrics": {"retweet_count": 68, "reply_count": 39, "like_count": 542, "quote_count": 1}, "created_at": "2018-11-12T03:24:51.000Z", "id": "1061822103530467329", "entities": {"hashtags": [{"start": 239, "end": 251, "tag": "nipplepower"}]}, "text": "Yes, a woman without a shirt was protesting. And......? From passive aggressive comments from self-proclaimed feminists to downright shameless chauvinists the debate has really been reduced to the slight of a nipple (or 2)?! My goodness!  #nipplepower !", "author_id": "807003567605227520", "author": {"created_at": "2016-12-08T23:26:58.000Z", "profile_image_url": "https://pbs.twimg.com/profile_images/1383196364792680448/N8CdupEu_normal.jpg", "url": "https://t.co/Ze18Ek9SOI", "name": "Amber Heard", "location": "Los Angeles, CA", "id": "807003567605227520", "public_metrics": {"followers_count": 190462, "following_count": 220, "tweet_count": 1151, "listed_count": 567}, "description": "Actor and Activist, semi-professional disruptor, ice cream advocate and shameless teacup yorkie-lover", "username": "realamberheard"}}, "author": {"created_at": "2015-12-06T17:21:06.000Z", "profile_image_url": "https://pbs.twimg.com/profile_images/1378175478478082050/UKLiQPuk_normal.jpg", "url": "", "name": "STIRGUS SACCHETTI", "id": "4396120342", "public_metrics": {"followers_count": 678, "following_count": 296, "tweet_count": 58624, "listed_count": 26}, "description": "Only two things are infinite, the universe and human stupidity, and I'm not sure about the former. - Albert Einstein and Me!", "username": "stirgussa"}}, {"source": "Twitter for iPhone", "in_reply_to_user_id": "807003567605227520", "lang": "en", "public_metrics": {"retweet_count": 0, "reply_count": 0, "like_count": 2, "quote_count": 0}, "created_at": "2018-11-12T04:41:04.000Z", "entities": {"mentions": [{"start": 0, "end": 15, "username": "realamberheard", "id": "807003567605227520"}]}, "id": "1061841281914150912", "referenced_tweets": [{"type": "replied_to", "id": "1061822103530467329"}], "text": "@realamberheard Show yours then if u feel that way", "author_id": "84266850", "replied_tweet": {"source": "Twitter for iPhone", "lang": "en", "public_metrics": {"retweet_count": 68, "reply_count": 39, "like_count": 542, "quote_count": 1}, "created_at": "2018-11-12T03:24:51.000Z", "id": "1061822103530467329", "entities": {"hashtags": [{"start": 239, "end": 251, "tag": "nipplepower"}]}, "text": "Yes, a woman without a shirt was protesting. And......? From passive aggressive comments from self-proclaimed feminists to downright shameless chauvinists the debate has really been reduced to the slight of a nipple (or 2)?! My goodness!  #nipplepower !", "author_id": "807003567605227520", "author": {"created_at": "2016-12-08T23:26:58.000Z", "profile_image_url": "https://pbs.twimg.com/profile_images/1383196364792680448/N8CdupEu_normal.jpg", "url": "https://t.co/Ze18Ek9SOI", "name": "Amber Heard", "location": "Los Angeles, CA", "id": "807003567605227520", "public_metrics": {"followers_count": 190462, "following_count": 220, "tweet_count": 1151, "listed_count": 567}, "description": "Actor and Activist, semi-professional disruptor, ice cream advocate and shameless teacup yorkie-lover", "username": "realamberheard"}}, "author": {"created_at": "2009-10-22T07:31:01.000Z", "profile_image_url": "https://pbs.twimg.com/profile_images/1428025941104672777/yCmwE9Jw_normal.jpg", "url": "", "name": "Steven Ferreira", "location": "Massachusetts, USA", "id": "84266850", "public_metrics": {"followers_count": 76, "following_count": 708, "tweet_count": 1847, "listed_count": 1}, "description": "I am a 1x bee \ud83d\udc1d sting survivor.", "username": "ferreira0925"}}, {"source": "Twitter for Android", "in_reply_to_user_id": "807003567605227520", "lang": "en", "public_metrics": {"retweet_count": 0, "reply_count": 0, "like_count": 1, "quote_count": 0}, "created_at": "2018-11-12T04:38:13.000Z", "entities": {"mentions": [{"start": 0, "end": 15, "username": "realamberheard", "id": "807003567605227520"}], "annotations": [{"start": 21, "end": 25, "probability": 0.9197, "type": "Person", "normalized_text": "amber"}]}, "id": "1061840566504382464", "referenced_tweets": [{"type": "replied_to", "id": "1061822103530467329"}], "text": "@realamberheard Dear amber ,is it not freedom of expression without a shirt?? \ud83d\ude1b\ud83d\ude1b", "author_id": "989633741114003456", "replied_tweet": {"source": "Twitter for iPhone", "lang": "en", "public_metrics": {"retweet_count": 68, "reply_count": 39, "like_count": 542, "quote_count": 1}, "created_at": "2018-11-12T03:24:51.000Z", "id": "1061822103530467329", "entities": {"hashtags": [{"start": 239, "end": 251, "tag": "nipplepower"}]}, "text": "Yes, a woman without a shirt was protesting. And......? From passive aggressive comments from self-proclaimed feminists to downright shameless chauvinists the debate has really been reduced to the slight of a nipple (or 2)?! My goodness!  #nipplepower !", "author_id": "807003567605227520", "author": {"created_at": "2016-12-08T23:26:58.000Z", "profile_image_url": "https://pbs.twimg.com/profile_images/1383196364792680448/N8CdupEu_normal.jpg", "url": "https://t.co/Ze18Ek9SOI", "name": "Amber Heard", "location": "Los Angeles, CA", "id": "807003567605227520", "public_metrics": {"followers_count": 190462, "following_count": 220, "tweet_count": 1151, "listed_count": 567}, "description": "Actor and Activist, semi-professional disruptor, ice cream advocate and shameless teacup yorkie-lover", "username": "realamberheard"}}, "author": {"created_at": "2018-04-26T22:34:05.000Z", "profile_image_url": "https://abs.twimg.com/sticky/default_profile_images/default_profile_normal.png", "url": "", "name": "Paulwalwanis", "location": "Long Island,new York", "id": "989633741114003456", "public_metrics": {"followers_count": 39, "following_count": 269, "tweet_count": 44974, "listed_count": 0}, "description": "Comedy,counselor", "username": "Paulwalwanis7"}}, {"source": "Twitter for iPhone", "in_reply_to_user_id": "807003567605227520", "lang": "en", "public_metrics": {"retweet_count": 0, "reply_count": 0, "like_count": 0, "quote_count": 0}, "created_at": "2018-11-12T04:24:22.000Z", "entities": {"mentions": [{"start": 0, "end": 15, "username": "realamberheard", "id": "807003567605227520"}, {"start": 16, "end": 29, "username": "justme_relax", "id": "1920027500"}]}, "id": "1061837080739758080", "referenced_tweets": [{"type": "replied_to", "id": "1061822103530467329"}], "text": "@realamberheard @justme_relax Love you \u2764\ufe0f", "author_id": "962614873036177409", "replied_tweet": {"source": "Twitter for iPhone", "lang": "en", "public_metrics": {"retweet_count": 68, "reply_count": 39, "like_count": 542, "quote_count": 1}, "created_at": "2018-11-12T03:24:51.000Z", "id": "1061822103530467329", "entities": {"hashtags": [{"start": 239, "end": 251, "tag": "nipplepower"}]}, "text": "Yes, a woman without a shirt was protesting. And......? From passive aggressive comments from self-proclaimed feminists to downright shameless chauvinists the debate has really been reduced to the slight of a nipple (or 2)?! My goodness!  #nipplepower !", "author_id": "807003567605227520", "author": {"created_at": "2016-12-08T23:26:58.000Z", "profile_image_url": "https://pbs.twimg.com/profile_images/1383196364792680448/N8CdupEu_normal.jpg", "url": "https://t.co/Ze18Ek9SOI", "name": "Amber Heard", "location": "Los Angeles, CA", "id": "807003567605227520", "public_metrics": {"followers_count": 190462, "following_count": 220, "tweet_count": 1151, "listed_count": 567}, "description": "Actor and Activist, semi-professional disruptor, ice cream advocate and shameless teacup yorkie-lover", "username": "realamberheard"}}, "author": {"created_at": "2018-02-11T09:10:45.000Z", "profile_image_url": "https://pbs.twimg.com/profile_images/1346498474435465216/PpRVV3QJ_normal.jpg", "url": "", "name": "\ud83d\udecc\u3142\ud83e\ude70", "location": "free palestine", "id": "962614873036177409", "public_metrics": {"followers_count": 169, "following_count": 275, "tweet_count": 9907, "listed_count": 0}, "description": "\uc0e4\uc774 \ub808\uc988\ube44\uc5b8", "username": "bosiragi"}}, {"source": "Twitter for iPhone", "in_reply_to_user_id": "807003567605227520", "lang": "en", "public_metrics": {"retweet_count": 0, "reply_count": 0, "like_count": 0, "quote_count": 0}, "created_at": "2018-11-12T04:04:48.000Z", "entities": {"mentions": [{"start": 0, "end": 15, "username": "realamberheard", "id": "807003567605227520"}]}, "id": "1061832154802503680", "referenced_tweets": [{"type": "replied_to", "id": "1061822103530467329"}], "text": "@realamberheard QUEEN. THANK YOU FOR SPEAKING IT OUT LOUD!", "author_id": "737654972955955200", "replied_tweet": {"source": "Twitter for iPhone", "lang": "en", "public_metrics": {"retweet_count": 68, "reply_count": 39, "like_count": 542, "quote_count": 1}, "created_at": "2018-11-12T03:24:51.000Z", "id": "1061822103530467329", "entities": {"hashtags": [{"start": 239, "end": 251, "tag": "nipplepower"}]}, "text": "Yes, a woman without a shirt was protesting. And......? From passive aggressive comments from self-proclaimed feminists to downright shameless chauvinists the debate has really been reduced to the slight of a nipple (or 2)?! My goodness!  #nipplepower !", "author_id": "807003567605227520", "author": {"created_at": "2016-12-08T23:26:58.000Z", "profile_image_url": "https://pbs.twimg.com/profile_images/1383196364792680448/N8CdupEu_normal.jpg", "url": "https://t.co/Ze18Ek9SOI", "name": "Amber Heard", "location": "Los Angeles, CA", "id": "807003567605227520", "public_metrics": {"followers_count": 190462, "following_count": 220, "tweet_count": 1151, "listed_count": 567}, "description": "Actor and Activist, semi-professional disruptor, ice cream advocate and shameless teacup yorkie-lover", "username": "realamberheard"}}, "author": {"created_at": "2016-05-31T14:40:25.000Z", "profile_image_url": "https://pbs.twimg.com/profile_images/1399528249978458118/SwlyfONi_normal.jpg", "url": "", "name": "priscilla. \u2728", "location": "M\u00e9xico", "id": "737654972955955200", "public_metrics": {"followers_count": 96, "following_count": 424, "tweet_count": 9508, "listed_count": 0}, "description": "ingenier\u00eda en sistemas; podr\u00eda decirse que soy cin\u00e9fila y una bookworm. mi pasatiempo es quejarme del clima y escuchar a mcr mientras tomo malas decisiones.", "username": "ItsAVxmpaneze"}}, {"source": "Twitter Web Client", "in_reply_to_user_id": "807003567605227520", "lang": "en", "public_metrics": {"retweet_count": 0, "reply_count": 0, "like_count": 1, "quote_count": 0}, "created_at": "2018-11-12T03:51:13.000Z", "entities": {"mentions": [{"start": 0, "end": 15, "username": "realamberheard", "id": "807003567605227520"}], "annotations": [{"start": 36, "end": 40, "probability": 0.974, "type": "Person", "normalized_text": "Amber"}]}, "id": "1061828739368210433", "referenced_tweets": [{"type": "replied_to", "id": "1061822103530467329"}], "text": "@realamberheard I guess I missed it Amber but seems to me it had to take a lot of Courage for the woman so I'd say she deserves respect not criticism.", "author_id": "875022170", "replied_tweet": {"source": "Twitter for iPhone", "lang": "en", "public_metrics": {"retweet_count": 68, "reply_count": 39, "like_count": 542, "quote_count": 1}, "created_at": "2018-11-12T03:24:51.000Z", "id": "1061822103530467329", "entities": {"hashtags": [{"start": 239, "end": 251, "tag": "nipplepower"}]}, "text": "Yes, a woman without a shirt was protesting. And......? From passive aggressive comments from self-proclaimed feminists to downright shameless chauvinists the debate has really been reduced to the slight of a nipple (or 2)?! My goodness!  #nipplepower !", "author_id": "807003567605227520", "author": {"created_at": "2016-12-08T23:26:58.000Z", "profile_image_url": "https://pbs.twimg.com/profile_images/1383196364792680448/N8CdupEu_normal.jpg", "url": "https://t.co/Ze18Ek9SOI", "name": "Amber Heard", "location": "Los Angeles, CA", "id": "807003567605227520", "public_metrics": {"followers_count": 190462, "following_count": 220, "tweet_count": 1151, "listed_count": 567}, "description": "Actor and Activist, semi-professional disruptor, ice cream advocate and shameless teacup yorkie-lover", "username": "realamberheard"}}, "author": {"created_at": "2012-10-12T05:55:20.000Z", "profile_image_url": "https://pbs.twimg.com/profile_images/1246226085454495745/Egy6b4Lw_normal.jpg", "url": "", "name": "IShallResist", "location": "USA", "id": "875022170", "public_metrics": {"followers_count": 5790, "following_count": 5432, "tweet_count": 98371, "listed_count": 34}, "description": "A Racist, Orange faced Dictator in Our White House demands our #Resistance and Defiance. #VoteBlueNoMatterWho #Uniteblue #NotMyPresident Viva La Resistance", "username": "IShallResist"}}, {"source": "Twitter Web Client", "in_reply_to_user_id": "807003567605227520", "lang": "en", "public_metrics": {"retweet_count": 0, "reply_count": 0, "like_count": 1, "quote_count": 0}, "created_at": "2018-11-12T03:41:09.000Z", "entities": {"mentions": [{"start": 0, "end": 15, "username": "realamberheard", "id": "807003567605227520"}], "annotations": [{"start": 124, "end": 133, "probability": 0.498, "type": "Other", "normalized_text": "Super Bowl"}, {"start": 181, "end": 196, "probability": 0.4542, "type": "Other", "normalized_text": "Grand Theft Auto"}]}, "id": "1061826206037827585", "referenced_tweets": [{"type": "replied_to", "id": "1061822103530467329"}], "text": "@realamberheard Remember how absurd it was when the whole country freaked out over the millisecond of exposed nipple at the Super Bowl about 12 or so years ago? Yet commercials for Grand Theft Auto no one has a problem with", "author_id": "729650769637593089", "replied_tweet": {"source": "Twitter for iPhone", "lang": "en", "public_metrics": {"retweet_count": 68, "reply_count": 39, "like_count": 542, "quote_count": 1}, "created_at": "2018-11-12T03:24:51.000Z", "id": "1061822103530467329", "entities": {"hashtags": [{"start": 239, "end": 251, "tag": "nipplepower"}]}, "text": "Yes, a woman without a shirt was protesting. And......? From passive aggressive comments from self-proclaimed feminists to downright shameless chauvinists the debate has really been reduced to the slight of a nipple (or 2)?! My goodness!  #nipplepower !", "author_id": "807003567605227520", "author": {"created_at": "2016-12-08T23:26:58.000Z", "profile_image_url": "https://pbs.twimg.com/profile_images/1383196364792680448/N8CdupEu_normal.jpg", "url": "https://t.co/Ze18Ek9SOI", "name": "Amber Heard", "location": "Los Angeles, CA", "id": "807003567605227520", "public_metrics": {"followers_count": 190462, "following_count": 220, "tweet_count": 1151, "listed_count": 567}, "description": "Actor and Activist, semi-professional disruptor, ice cream advocate and shameless teacup yorkie-lover", "username": "realamberheard"}}, "author": {"created_at": "2016-05-09T12:34:34.000Z", "profile_image_url": "https://pbs.twimg.com/profile_images/1099894541337927681/wPwSn3wC_normal.png", "url": "", "name": "Rusty Cohle", "id": "729650769637593089", "public_metrics": {"followers_count": 250, "following_count": 1241, "tweet_count": 11597, "listed_count": 0}, "description": "NFL handicapper. Survivor leagues and over/unders are my $pecialty\nNYGiants\nNYRangers\nBoston Celtics\nBoston Red Sox", "username": "NYG4248"}}, {"source": "Twitter for Android", "in_reply_to_user_id": "807003567605227520", "lang": "en", "public_metrics": {"retweet_count": 0, "reply_count": 0, "like_count": 2, "quote_count": 0}, "created_at": "2018-11-12T03:31:25.000Z", "entities": {"mentions": [{"start": 0, "end": 15, "username": "realamberheard", "id": "807003567605227520"}]}, "id": "1061823756383866880", "referenced_tweets": [{"type": "replied_to", "id": "1061822103530467329"}], "text": "@realamberheard That \"or two?\" part \ud83d\ude02\ud83d\ude02 But you are right! It's ridiculous how society makes such a fuss about women's nipples. They're just part of our bodies \ud83e\udd37\u200d\u2640\ufe0f", "author_id": "1920027500", "replied_tweet": {"source": "Twitter for iPhone", "lang": "en", "public_metrics": {"retweet_count": 68, "reply_count": 39, "like_count": 542, "quote_count": 1}, "created_at": "2018-11-12T03:24:51.000Z", "id": "1061822103530467329", "entities": {"hashtags": [{"start": 239, "end": 251, "tag": "nipplepower"}]}, "text": "Yes, a woman without a shirt was protesting. And......? From passive aggressive comments from self-proclaimed feminists to downright shameless chauvinists the debate has really been reduced to the slight of a nipple (or 2)?! My goodness!  #nipplepower !", "author_id": "807003567605227520", "author": {"created_at": "2016-12-08T23:26:58.000Z", "profile_image_url": "https://pbs.twimg.com/profile_images/1383196364792680448/N8CdupEu_normal.jpg", "url": "https://t.co/Ze18Ek9SOI", "name": "Amber Heard", "location": "Los Angeles, CA", "id": "807003567605227520", "public_metrics": {"followers_count": 190462, "following_count": 220, "tweet_count": 1151, "listed_count": 567}, "description": "Actor and Activist, semi-professional disruptor, ice cream advocate and shameless teacup yorkie-lover", "username": "realamberheard"}}, "author": {"created_at": "2013-09-30T13:05:19.000Z", "profile_image_url": "https://pbs.twimg.com/profile_images/1351753139754450944/GvU6S28l_normal.jpg", "url": "", "name": "justme", "location": "Korea", "id": "1920027500", "public_metrics": {"followers_count": 3818, "following_count": 1020, "tweet_count": 382726, "listed_count": 38}, "description": "\uc5ec\uc131 \ubbf8\ub514\uc5b4, \uc2a4\ud3ec\uce20 / #WeAreWithYouAmberHeard / @impulseseries, Sacred Lies / \ube44\ud314\ub85c\uc6cc \uc54c\ub9bc OFF", "username": "justme_relax"}}, {"source": "Twitter for Android", "in_reply_to_user_id": "807003567605227520", "lang": "en", "public_metrics": {"retweet_count": 0, "reply_count": 0, "like_count": 1, "quote_count": 0}, "created_at": "2018-11-12T03:28:18.000Z", "entities": {"mentions": [{"start": 0, "end": 15, "username": "realamberheard", "id": "807003567605227520"}], "annotations": [{"start": 21, "end": 25, "probability": 0.8824, "type": "Person", "normalized_text": "amber"}]}, "id": "1061822970388201472", "referenced_tweets": [{"type": "replied_to", "id": "1061822103530467329"}], "text": "@realamberheard Dear.amber ,yes she was arrested for protesting my freind!!", "author_id": "989633741114003456", "replied_tweet": {"source": "Twitter for iPhone", "lang": "en", "public_metrics": {"retweet_count": 68, "reply_count": 39, "like_count": 542, "quote_count": 1}, "created_at": "2018-11-12T03:24:51.000Z", "id": "1061822103530467329", "entities": {"hashtags": [{"start": 239, "end": 251, "tag": "nipplepower"}]}, "text": "Yes, a woman without a shirt was protesting. And......? From passive aggressive comments from self-proclaimed feminists to downright shameless chauvinists the debate has really been reduced to the slight of a nipple (or 2)?! My goodness!  #nipplepower !", "author_id": "807003567605227520", "author": {"created_at": "2016-12-08T23:26:58.000Z", "profile_image_url": "https://pbs.twimg.com/profile_images/1383196364792680448/N8CdupEu_normal.jpg", "url": "https://t.co/Ze18Ek9SOI", "name": "Amber Heard", "location": "Los Angeles, CA", "id": "807003567605227520", "public_metrics": {"followers_count": 190462, "following_count": 220, "tweet_count": 1151, "listed_count": 567}, "description": "Actor and Activist, semi-professional disruptor, ice cream advocate and shameless teacup yorkie-lover", "username": "realamberheard"}}, "author": {"created_at": "2018-04-26T22:34:05.000Z", "profile_image_url": "https://abs.twimg.com/sticky/default_profile_images/default_profile_normal.png", "url": "", "name": "Paulwalwanis", "location": "Long Island,new York", "id": "989633741114003456", "public_metrics": {"followers_count": 39, "following_count": 269, "tweet_count": 44974, "listed_count": 0}, "description": "Comedy,counselor", "username": "Paulwalwanis7"}}, {"source": "Twitter for iPhone", "in_reply_to_user_id": "807003567605227520", "lang": "en", "public_metrics": {"retweet_count": 0, "reply_count": 0, "like_count": 0, "quote_count": 0}, "created_at": "2018-11-12T03:28:05.000Z", "entities": {"mentions": [{"start": 0, "end": 15, "username": "realamberheard", "id": "807003567605227520"}]}, "id": "1061822915220594694", "referenced_tweets": [{"type": "replied_to", "id": "1061822103530467329"}], "text": "@realamberheard Well said! Not to mention how impressive her kidneys were. Very nice. You go girl!", "author_id": "4843940806", "replied_tweet": {"source": "Twitter for iPhone", "lang": "en", "public_metrics": {"retweet_count": 68, "reply_count": 39, "like_count": 542, "quote_count": 1}, "created_at": "2018-11-12T03:24:51.000Z", "id": "1061822103530467329", "entities": {"hashtags": [{"start": 239, "end": 251, "tag": "nipplepower"}]}, "text": "Yes, a woman without a shirt was protesting. And......? From passive aggressive comments from self-proclaimed feminists to downright shameless chauvinists the debate has really been reduced to the slight of a nipple (or 2)?! My goodness!  #nipplepower !", "author_id": "807003567605227520", "author": {"created_at": "2016-12-08T23:26:58.000Z", "profile_image_url": "https://pbs.twimg.com/profile_images/1383196364792680448/N8CdupEu_normal.jpg", "url": "https://t.co/Ze18Ek9SOI", "name": "Amber Heard", "location": "Los Angeles, CA", "id": "807003567605227520", "public_metrics": {"followers_count": 190462, "following_count": 220, "tweet_count": 1151, "listed_count": 567}, "description": "Actor and Activist, semi-professional disruptor, ice cream advocate and shameless teacup yorkie-lover", "username": "realamberheard"}}, "author": {"created_at": "2016-01-25T01:02:50.000Z", "profile_image_url": "https://pbs.twimg.com/profile_images/1389774673978736648/Pei9Ekci_normal.jpg", "url": "", "name": "THEE Honorable Grandma \ud83c\udf77", "location": "Sweet Land of Liberty", "id": "4843940806", "public_metrics": {"followers_count": 6857, "following_count": 5753, "tweet_count": 66070, "listed_count": 44}, "description": "#BlackLivesMatter is not a radical statement. No racists allowed. Anti racism zone! #VoteBlue \ud83c\uddfa\ud83c\uddf8 #IamAmerican \ud83d\udcaf", "username": "JoeKamalaTicket"}}, {"source": "Twitter for Android", "in_reply_to_user_id": "807003567605227520", "lang": "en", "public_metrics": {"retweet_count": 1, "reply_count": 0, "like_count": 2, "quote_count": 0}, "created_at": "2018-11-12T03:28:05.000Z", "entities": {"mentions": [{"start": 0, "end": 15, "username": "realamberheard", "id": "807003567605227520"}], "urls": [{"start": 30, "end": 53, "url": "https://t.co/SAMQmVdnux", "expanded_url": "https://twitter.com/SuperheroPOLL/status/1061822913819611136/video/1", "display_url": "pic.twitter.com/SAMQmVdnux"}]}, "id": "1061822913819611136", "referenced_tweets": [{"type": "replied_to", "id": "1061822103530467329"}], "text": "@realamberheard Stupid people https://t.co/SAMQmVdnux", "author_id": "4051649473", "replied_tweet": {"source": "Twitter for iPhone", "lang": "en", "public_metrics": {"retweet_count": 68, "reply_count": 39, "like_count": 542, "quote_count": 1}, "created_at": "2018-11-12T03:24:51.000Z", "id": "1061822103530467329", "entities": {"hashtags": [{"start": 239, "end": 251, "tag": "nipplepower"}]}, "text": "Yes, a woman without a shirt was protesting. And......? From passive aggressive comments from self-proclaimed feminists to downright shameless chauvinists the debate has really been reduced to the slight of a nipple (or 2)?! My goodness!  #nipplepower !", "author_id": "807003567605227520", "author": {"created_at": "2016-12-08T23:26:58.000Z", "profile_image_url": "https://pbs.twimg.com/profile_images/1383196364792680448/N8CdupEu_normal.jpg", "url": "https://t.co/Ze18Ek9SOI", "name": "Amber Heard", "location": "Los Angeles, CA", "id": "807003567605227520", "public_metrics": {"followers_count": 190462, "following_count": 220, "tweet_count": 1151, "listed_count": 567}, "description": "Actor and Activist, semi-professional disruptor, ice cream advocate and shameless teacup yorkie-lover", "username": "realamberheard"}}, "author": {"created_at": "2015-10-28T23:39:36.000Z", "profile_image_url": "https://pbs.twimg.com/profile_images/1375086602796552204/k6euILMC_normal.jpg", "url": "https://t.co/pbKOzqgFST", "name": "SuperheroPOLL! #SHPOLL22", "location": "Minnesota, USA", "id": "4051649473", "public_metrics": {"followers_count": 16866, "following_count": 11339, "tweet_count": 197881, "listed_count": 160}, "description": "POLLS\ud83d\udca5#SHPOLL22 Comic Book Movie News & Polls | CBMs Pop Culture SciFi Horror Toys \u2694#MOTU Collector own @MoviesMatrix @CBMsMatrix @StarWarsMatrix @Skeleternia", "username": "SuperheroPOLL"}}, {"source": "Twitter for iPhone", "in_reply_to_user_id": "807003567605227520", "lang": "en", "public_metrics": {"retweet_count": 1, "reply_count": 0, "like_count": 8, "quote_count": 0}, "created_at": "2018-11-12T03:27:31.000Z", "entities": {"mentions": [{"start": 0, "end": 15, "username": "realamberheard", "id": "807003567605227520"}]}, "id": "1061822771674705920", "referenced_tweets": [{"type": "replied_to", "id": "1061822103530467329"}], "text": "@realamberheard Say it louder for the people in the back! \ud83d\ude4c\ud83c\udffb", "author_id": "874984340", "replied_tweet": {"source": "Twitter for iPhone", "lang": "en", "public_metrics": {"retweet_count": 68, "reply_count": 39, "like_count": 542, "quote_count": 1}, "created_at": "2018-11-12T03:24:51.000Z", "id": "1061822103530467329", "entities": {"hashtags": [{"start": 239, "end": 251, "tag": "nipplepower"}]}, "text": "Yes, a woman without a shirt was protesting. And......? From passive aggressive comments from self-proclaimed feminists to downright shameless chauvinists the debate has really been reduced to the slight of a nipple (or 2)?! My goodness!  #nipplepower !", "author_id": "807003567605227520", "author": {"created_at": "2016-12-08T23:26:58.000Z", "profile_image_url": "https://pbs.twimg.com/profile_images/1383196364792680448/N8CdupEu_normal.jpg", "url": "https://t.co/Ze18Ek9SOI", "name": "Amber Heard", "location": "Los Angeles, CA", "id": "807003567605227520", "public_metrics": {"followers_count": 190462, "following_count": 220, "tweet_count": 1151, "listed_count": 567}, "description": "Actor and Activist, semi-professional disruptor, ice cream advocate and shameless teacup yorkie-lover", "username": "realamberheard"}}, "author": {"created_at": "2012-10-12T05:22:26.000Z", "profile_image_url": "https://pbs.twimg.com/profile_images/1451763808968523777/qJNzYCWU_normal.jpg", "url": "", "name": "Lexi", "id": "874984340", "public_metrics": {"followers_count": 338, "following_count": 315, "tweet_count": 26825, "listed_count": 15}, "description": "Here to fangirl about fangirl things. I also retweet a lot of animal stuff and posts to raise social awareness. Beware my page. Pronouns: she/her", "username": "animalhugger91"}}, {"source": "Twitter for Android", "in_reply_to_user_id": "807003567605227520", "lang": "en", "public_metrics": {"retweet_count": 0, "reply_count": 0, "like_count": 0, "quote_count": 0}, "created_at": "2018-11-12T03:27:09.000Z", "entities": {"mentions": [{"start": 0, "end": 15, "username": "realamberheard", "id": "807003567605227520"}]}, "id": "1061822682512154624", "referenced_tweets": [{"type": "replied_to", "id": "1061822103530467329"}], "text": "@realamberheard Brutal but real", "author_id": "62674462", "replied_tweet": {"source": "Twitter for iPhone", "lang": "en", "public_metrics": {"retweet_count": 68, "reply_count": 39, "like_count": 542, "quote_count": 1}, "created_at": "2018-11-12T03:24:51.000Z", "id": "1061822103530467329", "entities": {"hashtags": [{"start": 239, "end": 251, "tag": "nipplepower"}]}, "text": "Yes, a woman without a shirt was protesting. And......? From passive aggressive comments from self-proclaimed feminists to downright shameless chauvinists the debate has really been reduced to the slight of a nipple (or 2)?! My goodness!  #nipplepower !", "author_id": "807003567605227520", "author": {"created_at": "2016-12-08T23:26:58.000Z", "profile_image_url": "https://pbs.twimg.com/profile_images/1383196364792680448/N8CdupEu_normal.jpg", "url": "https://t.co/Ze18Ek9SOI", "name": "Amber Heard", "location": "Los Angeles, CA", "id": "807003567605227520", "public_metrics": {"followers_count": 190462, "following_count": 220, "tweet_count": 1151, "listed_count": 567}, "description": "Actor and Activist, semi-professional disruptor, ice cream advocate and shameless teacup yorkie-lover", "username": "realamberheard"}}, "author": {"created_at": "2009-08-04T01:01:55.000Z", "profile_image_url": "https://pbs.twimg.com/profile_images/3375785134/56f240c7cf25daf094945428d20ea74d_normal.png", "url": "https://t.co/V74gLWfdSZ", "name": "gordon shumway", "location": "El Nuevo Reino de Leon  ", "id": "62674462", "public_metrics": {"followers_count": 343, "following_count": 1318, "tweet_count": 34572, "listed_count": 0}, "description": "De Melmac, Dentista de profesi\u00f3n ,   #Chicharronero de la U  de Coraz\u00f3n (7*), Leer , M\u00fasica , Cultura Under.", "username": "_drBal"}}, {"source": "Twitter for iPhone", "in_reply_to_user_id": "807003567605227520", "lang": "en", "public_metrics": {"retweet_count": 0, "reply_count": 0, "like_count": 0, "quote_count": 0}, "created_at": "2018-11-12T03:26:12.000Z", "entities": {"mentions": [{"start": 0, "end": 15, "username": "realamberheard", "id": "807003567605227520"}]}, "id": "1061822442652557312", "referenced_tweets": [{"type": "replied_to", "id": "1061822103530467329"}], "text": "@realamberheard A nice set is a nice set \ud83e\udd37\u200d\u2640\ufe0f", "author_id": "1849330669", "replied_tweet": {"source": "Twitter for iPhone", "lang": "en", "public_metrics": {"retweet_count": 68, "reply_count": 39, "like_count": 542, "quote_count": 1}, "created_at": "2018-11-12T03:24:51.000Z", "id": "1061822103530467329", "entities": {"hashtags": [{"start": 239, "end": 251, "tag": "nipplepower"}]}, "text": "Yes, a woman without a shirt was protesting. And......? From passive aggressive comments from self-proclaimed feminists to downright shameless chauvinists the debate has really been reduced to the slight of a nipple (or 2)?! My goodness!  #nipplepower !", "author_id": "807003567605227520", "author": {"created_at": "2016-12-08T23:26:58.000Z", "profile_image_url": "https://pbs.twimg.com/profile_images/1383196364792680448/N8CdupEu_normal.jpg", "url": "https://t.co/Ze18Ek9SOI", "name": "Amber Heard", "location": "Los Angeles, CA", "id": "807003567605227520", "public_metrics": {"followers_count": 190462, "following_count": 220, "tweet_count": 1151, "listed_count": 567}, "description": "Actor and Activist, semi-professional disruptor, ice cream advocate and shameless teacup yorkie-lover", "username": "realamberheard"}}, "author": {"created_at": "2013-09-09T20:10:49.000Z", "profile_image_url": "https://pbs.twimg.com/profile_images/1451634782996152328/H9Dz14TT_normal.jpg", "url": "", "name": "Sadie Stormborn \ud83e\udd13", "location": "Tennessee, USA", "id": "1849330669", "public_metrics": {"followers_count": 3780, "following_count": 1413, "tweet_count": 12909, "listed_count": 13}, "description": "Geneticist \ud83e\uddec * Storm Chaser\ud83c\udf2a*Trekkie \ud83d\udd96* C.E.O. \u270d * Self-Proclaimed Queen of the Nerds\ud83e\udd13 * LEGION M FILMS * #dearMoonCrew #dogearmy IG@sadiestormborncosplay", "username": "SadieStormborn"}}]