[{"lang": "en", "entities": {"mentions": [{"start": 0, "end": 13, "username": "JoPo89531436", "id": "1014053628557094912"}, {"start": 14, "end": 29, "username": "realamberheard", "id": "807003567605227520"}, {"start": 30, "end": 39, "username": "sapinker", "id": "107225267"}], "annotations": [{"start": 44, "end": 57, "probability": 0.7484, "type": "Person", "normalized_text": "Unstoppable421"}, {"start": 75, "end": 78, "probability": 0.9314, "type": "Person", "normalized_text": "Depp"}]}, "id": "1445742200361394191", "text": "@JoPo89531436 @realamberheard @sapinker Wow Unstoppable421 used to support Depp. I wonder how much she got paid to change her mind..", "created_at": "2021-10-06T13:26:15.000Z", "public_metrics": {"retweet_count": 0, "reply_count": 0, "like_count": 0, "quote_count": 0}, "author_id": "1210968744962379777", "in_reply_to_user_id": "1014053628557094912", "source": "Twitter Web App", "referenced_tweets": [{"type": "replied_to", "id": "1062950093610016768"}], "replied_tweet": {"entities": {"urls": [{"start": 196, "end": 219, "url": "https://t.co/lZCwin63BC", "expanded_url": "https://twitter.com/RichardDawkins/status/1061737651420696576", "display_url": "twitter.com/RichardDawkins\u2026"}], "mentions": [{"start": 60, "end": 69, "username": "sapinker", "id": "107225267"}], "annotations": [{"start": 4, "end": 12, "probability": 0.3372, "type": "Other", "normalized_text": "Moral Arc"}, {"start": 86, "end": 105, "probability": 0.3506, "type": "Other", "normalized_text": "Angels of Our Nature"}]}, "lang": "en", "id": "1062880908829696001", "text": "The Moral Arc is one of the best books I\u2019ve read. His, like @sapinker \u2018s novel Better Angels of Our Nature is truly a mastery of literature, information and resonance on the nature of our nature. https://t.co/lZCwin63BC", "created_at": "2018-11-15T01:32:10.000Z", "public_metrics": {"retweet_count": 22, "reply_count": 8, "like_count": 152, "quote_count": 1}, "author_id": "807003567605227520", "source": "Twitter for iPhone", "referenced_tweets": [{"type": "quoted", "id": "1061737651420696576"}], "author": {"location": "Los Angeles, CA", "profile_image_url": "https://pbs.twimg.com/profile_images/1383196364792680448/N8CdupEu_normal.jpg", "id": "807003567605227520", "name": "Amber Heard", "created_at": "2016-12-08T23:26:58.000Z", "username": "realamberheard", "url": "https://t.co/Ze18Ek9SOI", "description": "Actor and Activist, semi-professional disruptor, ice cream advocate and shameless teacup yorkie-lover", "public_metrics": {"followers_count": 190462, "following_count": 220, "tweet_count": 1151, "listed_count": 567}}}, "author": {"location": "Europe ", "profile_image_url": "https://pbs.twimg.com/profile_images/1434220597291139073/5YmibToa_normal.jpg", "id": "1210968744962379777", "name": "amb", "created_at": "2019-12-28T17:00:33.000Z", "username": "Amber010103", "url": "", "description": "2017 Survivor \ud83c\udf97\nNature\ud83c\udf31\nTravel\u2708\nConcerts\ud83e\udd18\ud83c\udffc\n\nNot a bot.", "public_metrics": {"followers_count": 153, "following_count": 233, "tweet_count": 2923, "listed_count": 1}}}, {"lang": "en", "entities": {"mentions": [{"start": 0, "end": 15, "username": "realamberheard", "id": "807003567605227520"}, {"start": 16, "end": 25, "username": "sapinker", "id": "107225267"}], "annotations": [{"start": 96, "end": 146, "probability": 0.2993, "type": "Other", "normalized_text": "Hauntings Why They Happen and How to Help Yourself"}, {"start": 155, "end": 172, "probability": 0.8326, "type": "Person", "normalized_text": "Helena V. Garilano"}, {"start": 177, "end": 182, "probability": 0.6021, "type": "Organization", "normalized_text": "Amazon"}]}, "id": "1063078669424431105", "text": "@realamberheard @sapinker I have written a book you might like. It's based on my own experience.\nHauntings Why They Happen and How to Help Yourself Author Helena V. Garilano on Amazon", "created_at": "2018-11-15T14:38:00.000Z", "public_metrics": {"retweet_count": 0, "reply_count": 0, "like_count": 1, "quote_count": 0}, "author_id": "349787339", "in_reply_to_user_id": "807003567605227520", "source": "Twitter Web Client", "referenced_tweets": [{"type": "replied_to", "id": "1062880908829696001"}], "replied_tweet": {"entities": {"urls": [{"start": 196, "end": 219, "url": "https://t.co/lZCwin63BC", "expanded_url": "https://twitter.com/RichardDawkins/status/1061737651420696576", "display_url": "twitter.com/RichardDawkins\u2026"}], "mentions": [{"start": 60, "end": 69, "username": "sapinker", "id": "107225267"}], "annotations": [{"start": 4, "end": 12, "probability": 0.3372, "type": "Other", "normalized_text": "Moral Arc"}, {"start": 86, "end": 105, "probability": 0.3506, "type": "Other", "normalized_text": "Angels of Our Nature"}]}, "lang": "en", "id": "1062880908829696001", "text": "The Moral Arc is one of the best books I\u2019ve read. His, like @sapinker \u2018s novel Better Angels of Our Nature is truly a mastery of literature, information and resonance on the nature of our nature. https://t.co/lZCwin63BC", "created_at": "2018-11-15T01:32:10.000Z", "public_metrics": {"retweet_count": 22, "reply_count": 8, "like_count": 152, "quote_count": 1}, "author_id": "807003567605227520", "source": "Twitter for iPhone", "referenced_tweets": [{"type": "quoted", "id": "1061737651420696576"}], "author": {"location": "Los Angeles, CA", "profile_image_url": "https://pbs.twimg.com/profile_images/1383196364792680448/N8CdupEu_normal.jpg", "id": "807003567605227520", "name": "Amber Heard", "created_at": "2016-12-08T23:26:58.000Z", "username": "realamberheard", "url": "https://t.co/Ze18Ek9SOI", "description": "Actor and Activist, semi-professional disruptor, ice cream advocate and shameless teacup yorkie-lover", "public_metrics": {"followers_count": 190462, "following_count": 220, "tweet_count": 1151, "listed_count": 567}}}, "author": {"location": "Bayonne, New Jersey , USA", "profile_image_url": "https://pbs.twimg.com/profile_images/1037496579341541376/jxJh31tZ_normal.jpg", "id": "349787339", "name": "Helena V. Garilano", "created_at": "2011-08-06T18:01:12.000Z", "username": "realgarilano", "url": "https://t.co/4gnx2d9ghx", "description": "#Jesus #Bible #hauntings #haunted #paranormal #hauntedhouses #demons #paranormalinvestigator #ghost \n#hauntinghelp", "public_metrics": {"followers_count": 2072, "following_count": 2115, "tweet_count": 4804, "listed_count": 0}}}, {"lang": "en", "entities": {"mentions": [{"start": 0, "end": 15, "username": "realamberheard", "id": "807003567605227520"}, {"start": 16, "end": 25, "username": "sapinker", "id": "107225267"}], "annotations": [{"start": 77, "end": 90, "probability": 0.9901, "type": "Person", "normalized_text": "Jeffrey Archer"}, {"start": 101, "end": 112, "probability": 0.9929, "type": "Person", "normalized_text": "John Grisham"}, {"start": 160, "end": 168, "probability": 0.973, "type": "Person", "normalized_text": "Dan Brown"}]}, "id": "1063049524069859328", "text": "@realamberheard @sapinker The best book I ever read was the fourth estate by Jeffrey Archer. However John Grisham is my favourite author( and I absolutely hate Dan Brown)", "created_at": "2018-11-15T12:42:11.000Z", "public_metrics": {"retweet_count": 0, "reply_count": 0, "like_count": 0, "quote_count": 0}, "author_id": "771304237276000256", "in_reply_to_user_id": "807003567605227520", "source": "Twitter for Android", "referenced_tweets": [{"type": "replied_to", "id": "1062880908829696001"}], "replied_tweet": {"entities": {"urls": [{"start": 196, "end": 219, "url": "https://t.co/lZCwin63BC", "expanded_url": "https://twitter.com/RichardDawkins/status/1061737651420696576", "display_url": "twitter.com/RichardDawkins\u2026"}], "mentions": [{"start": 60, "end": 69, "username": "sapinker", "id": "107225267"}], "annotations": [{"start": 4, "end": 12, "probability": 0.3372, "type": "Other", "normalized_text": "Moral Arc"}, {"start": 86, "end": 105, "probability": 0.3506, "type": "Other", "normalized_text": "Angels of Our Nature"}]}, "lang": "en", "id": "1062880908829696001", "text": "The Moral Arc is one of the best books I\u2019ve read. His, like @sapinker \u2018s novel Better Angels of Our Nature is truly a mastery of literature, information and resonance on the nature of our nature. https://t.co/lZCwin63BC", "created_at": "2018-11-15T01:32:10.000Z", "public_metrics": {"retweet_count": 22, "reply_count": 8, "like_count": 152, "quote_count": 1}, "author_id": "807003567605227520", "source": "Twitter for iPhone", "referenced_tweets": [{"type": "quoted", "id": "1061737651420696576"}], "author": {"location": "Los Angeles, CA", "profile_image_url": "https://pbs.twimg.com/profile_images/1383196364792680448/N8CdupEu_normal.jpg", "id": "807003567605227520", "name": "Amber Heard", "created_at": "2016-12-08T23:26:58.000Z", "username": "realamberheard", "url": "https://t.co/Ze18Ek9SOI", "description": "Actor and Activist, semi-professional disruptor, ice cream advocate and shameless teacup yorkie-lover", "public_metrics": {"followers_count": 190462, "following_count": 220, "tweet_count": 1151, "listed_count": 567}}}, "author": {"profile_image_url": "https://pbs.twimg.com/profile_images/938789805151870976/gkYQAL3P_normal.jpg", "id": "771304237276000256", "name": "GreenLightning", "created_at": "2016-09-01T11:10:35.000Z", "username": "PacficRim23", "url": "", "description": "| GT: LightRefractor. | I love to watch movies | Also follow just for the sake of it.... #ReleaseTheSnyderCut", "public_metrics": {"followers_count": 97, "following_count": 199, "tweet_count": 25842, "listed_count": 2}}}, {"lang": "en", "entities": {"mentions": [{"start": 0, "end": 15, "username": "realamberheard", "id": "807003567605227520"}, {"start": 16, "end": 25, "username": "sapinker", "id": "107225267"}]}, "id": "1063030454616494081", "text": "@realamberheard @sapinker heard abuser heard abuser heard abuser heard abuser", "created_at": "2018-11-15T11:26:25.000Z", "public_metrics": {"retweet_count": 0, "reply_count": 0, "like_count": 3, "quote_count": 0}, "author_id": "1060924512869498880", "in_reply_to_user_id": "807003567605227520", "source": "Twitter Web Client", "referenced_tweets": [{"type": "replied_to", "id": "1062880908829696001"}], "replied_tweet": {"entities": {"urls": [{"start": 196, "end": 219, "url": "https://t.co/lZCwin63BC", "expanded_url": "https://twitter.com/RichardDawkins/status/1061737651420696576", "display_url": "twitter.com/RichardDawkins\u2026"}], "mentions": [{"start": 60, "end": 69, "username": "sapinker", "id": "107225267"}], "annotations": [{"start": 4, "end": 12, "probability": 0.3372, "type": "Other", "normalized_text": "Moral Arc"}, {"start": 86, "end": 105, "probability": 0.3506, "type": "Other", "normalized_text": "Angels of Our Nature"}]}, "lang": "en", "id": "1062880908829696001", "text": "The Moral Arc is one of the best books I\u2019ve read. His, like @sapinker \u2018s novel Better Angels of Our Nature is truly a mastery of literature, information and resonance on the nature of our nature. https://t.co/lZCwin63BC", "created_at": "2018-11-15T01:32:10.000Z", "public_metrics": {"retweet_count": 22, "reply_count": 8, "like_count": 152, "quote_count": 1}, "author_id": "807003567605227520", "source": "Twitter for iPhone", "referenced_tweets": [{"type": "quoted", "id": "1061737651420696576"}], "author": {"location": "Los Angeles, CA", "profile_image_url": "https://pbs.twimg.com/profile_images/1383196364792680448/N8CdupEu_normal.jpg", "id": "807003567605227520", "name": "Amber Heard", "created_at": "2016-12-08T23:26:58.000Z", "username": "realamberheard", "url": "https://t.co/Ze18Ek9SOI", "description": "Actor and Activist, semi-professional disruptor, ice cream advocate and shameless teacup yorkie-lover", "public_metrics": {"followers_count": 190462, "following_count": 220, "tweet_count": 1151, "listed_count": 567}}}, "author": {"location": "Russia", "profile_image_url": "https://pbs.twimg.com/profile_images/1129009080356548608/ctc3mWVl_normal.jpg", "id": "1060924512869498880", "name": "Olga Lazareva We are with you Johnny Depp", "created_at": "2018-11-09T15:58:09.000Z", "username": "OlgaLaz53133428", "url": "", "description": "Deppheads", "public_metrics": {"followers_count": 41, "following_count": 88, "tweet_count": 902, "listed_count": 0}}}, {"lang": "en", "entities": {"mentions": [{"start": 0, "end": 15, "username": "realamberheard", "id": "807003567605227520"}, {"start": 16, "end": 25, "username": "sapinker", "id": "107225267"}], "annotations": [{"start": 44, "end": 49, "probability": 0.966, "type": "Person", "normalized_text": "Johnny"}]}, "id": "1063029959378251776", "text": "@realamberheard @sapinker Spit your poison. Johnny will prove it in court", "created_at": "2018-11-15T11:24:27.000Z", "public_metrics": {"retweet_count": 0, "reply_count": 0, "like_count": 2, "quote_count": 0}, "author_id": "1060924512869498880", "in_reply_to_user_id": "807003567605227520", "source": "Twitter Web Client", "referenced_tweets": [{"type": "replied_to", "id": "1062880908829696001"}], "replied_tweet": {"entities": {"urls": [{"start": 196, "end": 219, "url": "https://t.co/lZCwin63BC", "expanded_url": "https://twitter.com/RichardDawkins/status/1061737651420696576", "display_url": "twitter.com/RichardDawkins\u2026"}], "mentions": [{"start": 60, "end": 69, "username": "sapinker", "id": "107225267"}], "annotations": [{"start": 4, "end": 12, "probability": 0.3372, "type": "Other", "normalized_text": "Moral Arc"}, {"start": 86, "end": 105, "probability": 0.3506, "type": "Other", "normalized_text": "Angels of Our Nature"}]}, "lang": "en", "id": "1062880908829696001", "text": "The Moral Arc is one of the best books I\u2019ve read. His, like @sapinker \u2018s novel Better Angels of Our Nature is truly a mastery of literature, information and resonance on the nature of our nature. https://t.co/lZCwin63BC", "created_at": "2018-11-15T01:32:10.000Z", "public_metrics": {"retweet_count": 22, "reply_count": 8, "like_count": 152, "quote_count": 1}, "author_id": "807003567605227520", "source": "Twitter for iPhone", "referenced_tweets": [{"type": "quoted", "id": "1061737651420696576"}], "author": {"location": "Los Angeles, CA", "profile_image_url": "https://pbs.twimg.com/profile_images/1383196364792680448/N8CdupEu_normal.jpg", "id": "807003567605227520", "name": "Amber Heard", "created_at": "2016-12-08T23:26:58.000Z", "username": "realamberheard", "url": "https://t.co/Ze18Ek9SOI", "description": "Actor and Activist, semi-professional disruptor, ice cream advocate and shameless teacup yorkie-lover", "public_metrics": {"followers_count": 190462, "following_count": 220, "tweet_count": 1151, "listed_count": 567}}}, "author": {"location": "Russia", "profile_image_url": "https://pbs.twimg.com/profile_images/1129009080356548608/ctc3mWVl_normal.jpg", "id": "1060924512869498880", "name": "Olga Lazareva We are with you Johnny Depp", "created_at": "2018-11-09T15:58:09.000Z", "username": "OlgaLaz53133428", "url": "", "description": "Deppheads", "public_metrics": {"followers_count": 41, "following_count": 88, "tweet_count": 902, "listed_count": 0}}}, {"entities": {"urls": [{"start": 26, "end": 49, "url": "https://t.co/BhKJajqI0X", "expanded_url": "https://twitter.com/stirgussa/status/1062885425893793792/photo/1", "display_url": "pic.twitter.com/BhKJajqI0X"}], "mentions": [{"start": 0, "end": 15, "username": "realamberheard", "id": "807003567605227520"}, {"start": 16, "end": 25, "username": "sapinker", "id": "107225267"}]}, "lang": "und", "id": "1062885425893793792", "text": "@realamberheard @sapinker https://t.co/BhKJajqI0X", "created_at": "2018-11-15T01:50:07.000Z", "public_metrics": {"retweet_count": 0, "reply_count": 0, "like_count": 2, "quote_count": 0}, "author_id": "4396120342", "in_reply_to_user_id": "807003567605227520", "source": "Twitter for Android", "referenced_tweets": [{"type": "replied_to", "id": "1062880908829696001"}], "replied_tweet": {"entities": {"urls": [{"start": 196, "end": 219, "url": "https://t.co/lZCwin63BC", "expanded_url": "https://twitter.com/RichardDawkins/status/1061737651420696576", "display_url": "twitter.com/RichardDawkins\u2026"}], "mentions": [{"start": 60, "end": 69, "username": "sapinker", "id": "107225267"}], "annotations": [{"start": 4, "end": 12, "probability": 0.3372, "type": "Other", "normalized_text": "Moral Arc"}, {"start": 86, "end": 105, "probability": 0.3506, "type": "Other", "normalized_text": "Angels of Our Nature"}]}, "lang": "en", "id": "1062880908829696001", "text": "The Moral Arc is one of the best books I\u2019ve read. His, like @sapinker \u2018s novel Better Angels of Our Nature is truly a mastery of literature, information and resonance on the nature of our nature. https://t.co/lZCwin63BC", "created_at": "2018-11-15T01:32:10.000Z", "public_metrics": {"retweet_count": 22, "reply_count": 8, "like_count": 152, "quote_count": 1}, "author_id": "807003567605227520", "source": "Twitter for iPhone", "referenced_tweets": [{"type": "quoted", "id": "1061737651420696576"}], "author": {"location": "Los Angeles, CA", "profile_image_url": "https://pbs.twimg.com/profile_images/1383196364792680448/N8CdupEu_normal.jpg", "id": "807003567605227520", "name": "Amber Heard", "created_at": "2016-12-08T23:26:58.000Z", "username": "realamberheard", "url": "https://t.co/Ze18Ek9SOI", "description": "Actor and Activist, semi-professional disruptor, ice cream advocate and shameless teacup yorkie-lover", "public_metrics": {"followers_count": 190462, "following_count": 220, "tweet_count": 1151, "listed_count": 567}}}, "author": {"profile_image_url": "https://pbs.twimg.com/profile_images/1378175478478082050/UKLiQPuk_normal.jpg", "id": "4396120342", "name": "STIRGUS SACCHETTI", "created_at": "2015-12-06T17:21:06.000Z", "username": "stirgussa", "url": "", "description": "Only two things are infinite, the universe and human stupidity, and I'm not sure about the former. - Albert Einstein and Me!", "public_metrics": {"followers_count": 678, "following_count": 296, "tweet_count": 58624, "listed_count": 26}}}, {"lang": "en", "entities": {"mentions": [{"start": 0, "end": 15, "username": "realamberheard", "id": "807003567605227520"}, {"start": 16, "end": 25, "username": "sapinker", "id": "107225267"}], "annotations": [{"start": 31, "end": 35, "probability": 0.842, "type": "Person", "normalized_text": "amber"}]}, "id": "1062881414960558081", "text": "@realamberheard @sapinker Dear amber,looking to watch new aquaman movie my freinds!!\ud83d\ude44\ud83d\ude44\ud83e\udd17\ud83e\udd17", "created_at": "2018-11-15T01:34:11.000Z", "public_metrics": {"retweet_count": 0, "reply_count": 0, "like_count": 1, "quote_count": 0}, "author_id": "989633741114003456", "in_reply_to_user_id": "807003567605227520", "source": "Twitter for Android", "referenced_tweets": [{"type": "replied_to", "id": "1062880908829696001"}], "replied_tweet": {"entities": {"urls": [{"start": 196, "end": 219, "url": "https://t.co/lZCwin63BC", "expanded_url": "https://twitter.com/RichardDawkins/status/1061737651420696576", "display_url": "twitter.com/RichardDawkins\u2026"}], "mentions": [{"start": 60, "end": 69, "username": "sapinker", "id": "107225267"}], "annotations": [{"start": 4, "end": 12, "probability": 0.3372, "type": "Other", "normalized_text": "Moral Arc"}, {"start": 86, "end": 105, "probability": 0.3506, "type": "Other", "normalized_text": "Angels of Our Nature"}]}, "lang": "en", "id": "1062880908829696001", "text": "The Moral Arc is one of the best books I\u2019ve read. His, like @sapinker \u2018s novel Better Angels of Our Nature is truly a mastery of literature, information and resonance on the nature of our nature. https://t.co/lZCwin63BC", "created_at": "2018-11-15T01:32:10.000Z", "public_metrics": {"retweet_count": 22, "reply_count": 8, "like_count": 152, "quote_count": 1}, "author_id": "807003567605227520", "source": "Twitter for iPhone", "referenced_tweets": [{"type": "quoted", "id": "1061737651420696576"}], "author": {"location": "Los Angeles, CA", "profile_image_url": "https://pbs.twimg.com/profile_images/1383196364792680448/N8CdupEu_normal.jpg", "id": "807003567605227520", "name": "Amber Heard", "created_at": "2016-12-08T23:26:58.000Z", "username": "realamberheard", "url": "https://t.co/Ze18Ek9SOI", "description": "Actor and Activist, semi-professional disruptor, ice cream advocate and shameless teacup yorkie-lover", "public_metrics": {"followers_count": 190462, "following_count": 220, "tweet_count": 1151, "listed_count": 567}}}, "author": {"location": "Long Island,new York", "profile_image_url": "https://abs.twimg.com/sticky/default_profile_images/default_profile_normal.png", "id": "989633741114003456", "name": "Paulwalwanis", "created_at": "2018-04-26T22:34:05.000Z", "username": "Paulwalwanis7", "url": "", "description": "Comedy,counselor", "public_metrics": {"followers_count": 39, "following_count": 269, "tweet_count": 44974, "listed_count": 0}}}]