[{"entities": {"mentions": [{"start": 0, "end": 15, "username": "realamberheard", "id": "807003567605227520"}]}, "referenced_tweets": [{"type": "replied_to", "id": "1068320670654844930"}], "id": "1068537214534148096", "lang": "en", "text": "@realamberheard I'd have no issue. \ud83d\ude00", "created_at": "2018-11-30T16:08:19.000Z", "source": "Twitter for Android", "author_id": "2466595837", "in_reply_to_user_id": "807003567605227520", "public_metrics": {"retweet_count": 0, "reply_count": 0, "like_count": 0, "quote_count": 0}, "replied_tweet": {"referenced_tweets": [{"type": "quoted", "id": "1068245423435870208"}], "id": "1068320670654844930", "lang": "en", "text": "Um, unless you think things are going just \u201cgreat\u201d right now, then yeah, I think that may be an acceptable proposition..... https://t.co/Kqs6g5gSa4", "created_at": "2018-11-30T01:47:50.000Z", "source": "Twitter for iPhone", "author_id": "807003567605227520", "entities": {"urls": [{"start": 124, "end": 147, "url": "https://t.co/Kqs6g5gSa4", "expanded_url": "https://twitter.com/PadmaLakshmi/status/1068245423435870208", "display_url": "twitter.com/PadmaLakshmi/s\u2026"}]}, "public_metrics": {"retweet_count": 10, "reply_count": 9, "like_count": 146, "quote_count": 0}, "author": {"public_metrics": {"followers_count": 190462, "following_count": 220, "tweet_count": 1151, "listed_count": 567}, "created_at": "2016-12-08T23:26:58.000Z", "id": "807003567605227520", "location": "Los Angeles, CA", "name": "Amber Heard", "profile_image_url": "https://pbs.twimg.com/profile_images/1383196364792680448/N8CdupEu_normal.jpg", "username": "realamberheard", "url": "https://t.co/Ze18Ek9SOI", "description": "Actor and Activist, semi-professional disruptor, ice cream advocate and shameless teacup yorkie-lover"}}, "author": {"public_metrics": {"followers_count": 868, "following_count": 1620, "tweet_count": 129506, "listed_count": 13}, "created_at": "2014-04-27T19:55:53.000Z", "id": "2466595837", "location": "Minneapolis,  MN", "name": "Hazen B.Markoe", "profile_image_url": "https://pbs.twimg.com/profile_images/1352313361552310275/h9vrIn04_normal.jpg", "username": "tridog57", "url": "", "description": "Actor, director, sometime photographer, unrepentant punster, and all around nice guy.  ;-)"}}, {"entities": {"mentions": [{"start": 0, "end": 15, "username": "realamberheard", "id": "807003567605227520"}]}, "referenced_tweets": [{"type": "replied_to", "id": "1068320670654844930"}], "id": "1068407377873891328", "lang": "en", "text": "@realamberheard You should run for President no joke. I support you \ud83d\udcaf", "created_at": "2018-11-30T07:32:23.000Z", "source": "Twitter for iPhone", "author_id": "20294410", "in_reply_to_user_id": "807003567605227520", "public_metrics": {"retweet_count": 0, "reply_count": 0, "like_count": 2, "quote_count": 0}, "replied_tweet": {"referenced_tweets": [{"type": "quoted", "id": "1068245423435870208"}], "id": "1068320670654844930", "lang": "en", "text": "Um, unless you think things are going just \u201cgreat\u201d right now, then yeah, I think that may be an acceptable proposition..... https://t.co/Kqs6g5gSa4", "created_at": "2018-11-30T01:47:50.000Z", "source": "Twitter for iPhone", "author_id": "807003567605227520", "entities": {"urls": [{"start": 124, "end": 147, "url": "https://t.co/Kqs6g5gSa4", "expanded_url": "https://twitter.com/PadmaLakshmi/status/1068245423435870208", "display_url": "twitter.com/PadmaLakshmi/s\u2026"}]}, "public_metrics": {"retweet_count": 10, "reply_count": 9, "like_count": 146, "quote_count": 0}, "author": {"public_metrics": {"followers_count": 190462, "following_count": 220, "tweet_count": 1151, "listed_count": 567}, "created_at": "2016-12-08T23:26:58.000Z", "id": "807003567605227520", "location": "Los Angeles, CA", "name": "Amber Heard", "profile_image_url": "https://pbs.twimg.com/profile_images/1383196364792680448/N8CdupEu_normal.jpg", "username": "realamberheard", "url": "https://t.co/Ze18Ek9SOI", "description": "Actor and Activist, semi-professional disruptor, ice cream advocate and shameless teacup yorkie-lover"}}, "author": {"public_metrics": {"followers_count": 757, "following_count": 1539, "tweet_count": 6015, "listed_count": 27}, "created_at": "2009-02-07T04:45:02.000Z", "id": "20294410", "location": "Santa Monica, CA", "name": "Nitish Kannan", "profile_image_url": "https://pbs.twimg.com/profile_images/526272543343509504/Yh7pl_Mw_normal.jpeg", "username": "nitut1", "url": "https://t.co/lAjgMKGtPg", "description": "I'm Nitish, CEO of https://t.co/aUoScglITZ, screenwriter, independent producer universal, and speaker author and futurist. https://t.co/QOEAUbyF1b"}}, {"entities": {"mentions": [{"start": 0, "end": 15, "username": "realamberheard", "id": "807003567605227520"}], "annotations": [{"start": 110, "end": 117, "probability": 0.7885, "type": "Organization", "normalized_text": "Fox News"}]}, "referenced_tweets": [{"type": "replied_to", "id": "1068320670654844930"}], "id": "1068406037034737664", "lang": "en", "text": "@realamberheard We need good leadership, male or female. I don't feel either is inherently good or bad. Watch Fox News and you'll see 50 blonde women who'd give any man a run for their money in depravity.", "created_at": "2018-11-30T07:27:03.000Z", "source": "Twitter Web Client", "author_id": "63994761", "in_reply_to_user_id": "807003567605227520", "public_metrics": {"retweet_count": 0, "reply_count": 0, "like_count": 2, "quote_count": 0}, "replied_tweet": {"referenced_tweets": [{"type": "quoted", "id": "1068245423435870208"}], "id": "1068320670654844930", "lang": "en", "text": "Um, unless you think things are going just \u201cgreat\u201d right now, then yeah, I think that may be an acceptable proposition..... https://t.co/Kqs6g5gSa4", "created_at": "2018-11-30T01:47:50.000Z", "source": "Twitter for iPhone", "author_id": "807003567605227520", "entities": {"urls": [{"start": 124, "end": 147, "url": "https://t.co/Kqs6g5gSa4", "expanded_url": "https://twitter.com/PadmaLakshmi/status/1068245423435870208", "display_url": "twitter.com/PadmaLakshmi/s\u2026"}]}, "public_metrics": {"retweet_count": 10, "reply_count": 9, "like_count": 146, "quote_count": 0}, "author": {"public_metrics": {"followers_count": 190462, "following_count": 220, "tweet_count": 1151, "listed_count": 567}, "created_at": "2016-12-08T23:26:58.000Z", "id": "807003567605227520", "location": "Los Angeles, CA", "name": "Amber Heard", "profile_image_url": "https://pbs.twimg.com/profile_images/1383196364792680448/N8CdupEu_normal.jpg", "username": "realamberheard", "url": "https://t.co/Ze18Ek9SOI", "description": "Actor and Activist, semi-professional disruptor, ice cream advocate and shameless teacup yorkie-lover"}}, "author": {"public_metrics": {"followers_count": 785, "following_count": 710, "tweet_count": 23412, "listed_count": 20}, "created_at": "2009-08-08T16:29:56.000Z", "id": "63994761", "location": "At Home", "name": "TonicMole", "profile_image_url": "https://pbs.twimg.com/profile_images/1056374080855793664/rX9_pqgb_normal.jpg", "username": "tonicmole", "url": "", "description": "The Tonicmole. I make mods for Fallout, Skyrim, Sims, Saints Row. I\u2019m an animator, artist, and so on."}}, {"entities": {"mentions": [{"start": 0, "end": 15, "username": "realamberheard", "id": "807003567605227520"}], "hashtags": [{"start": 85, "end": 93, "tag": "Aquaman"}]}, "referenced_tweets": [{"type": "replied_to", "id": "1068320670654844930"}], "id": "1068369576264634369", "lang": "en", "text": "@realamberheard Wrote a very correct point. And one thing you look very beautiful in #Aquaman movie. Lu \ud83d\udc97\ud83d\udc97\ud83d\udc97\ud83d\udc97\ud83d\udc97\ud83d\udc97\ud83d\udc97\ud83d\udc97\ud83d\udc97\ud83d\udc97\ud83d\udc97\ud83d\udc97", "created_at": "2018-11-30T05:02:10.000Z", "source": "Twitter Web Client", "author_id": "982754226748051458", "in_reply_to_user_id": "807003567605227520", "public_metrics": {"retweet_count": 0, "reply_count": 0, "like_count": 1, "quote_count": 0}, "replied_tweet": {"referenced_tweets": [{"type": "quoted", "id": "1068245423435870208"}], "id": "1068320670654844930", "lang": "en", "text": "Um, unless you think things are going just \u201cgreat\u201d right now, then yeah, I think that may be an acceptable proposition..... https://t.co/Kqs6g5gSa4", "created_at": "2018-11-30T01:47:50.000Z", "source": "Twitter for iPhone", "author_id": "807003567605227520", "entities": {"urls": [{"start": 124, "end": 147, "url": "https://t.co/Kqs6g5gSa4", "expanded_url": "https://twitter.com/PadmaLakshmi/status/1068245423435870208", "display_url": "twitter.com/PadmaLakshmi/s\u2026"}]}, "public_metrics": {"retweet_count": 10, "reply_count": 9, "like_count": 146, "quote_count": 0}, "author": {"public_metrics": {"followers_count": 190462, "following_count": 220, "tweet_count": 1151, "listed_count": 567}, "created_at": "2016-12-08T23:26:58.000Z", "id": "807003567605227520", "location": "Los Angeles, CA", "name": "Amber Heard", "profile_image_url": "https://pbs.twimg.com/profile_images/1383196364792680448/N8CdupEu_normal.jpg", "username": "realamberheard", "url": "https://t.co/Ze18Ek9SOI", "description": "Actor and Activist, semi-professional disruptor, ice cream advocate and shameless teacup yorkie-lover"}}, "author": {"public_metrics": {"followers_count": 25, "following_count": 197, "tweet_count": 642, "listed_count": 0}, "created_at": "2018-04-07T22:57:21.000Z", "id": "982754226748051458", "location": "Lucknow", "name": "Ankur", "profile_image_url": "https://pbs.twimg.com/profile_images/1262062046243434496/2Z7WzMjj_normal.jpg", "username": "cube01010101011", "url": "https://t.co/TloyzCVlYb", "description": "Felt so alive when we locked eyes\nWe felt in love in"}}, {"entities": {"mentions": [{"start": 0, "end": 15, "username": "realamberheard", "id": "807003567605227520"}]}, "referenced_tweets": [{"type": "replied_to", "id": "1068320670654844930"}], "id": "1068338912232464384", "lang": "en", "text": "@realamberheard it will certainly be a great opportunity for women to show that they will be better able to lead the world than men \ud83d\ude4c But they are not ready for that yet... Women give them a scare \ud83d\ude0f\ud83d\udcaa", "created_at": "2018-11-30T03:00:20.000Z", "source": "Twitter Web Client", "author_id": "785148392498421760", "in_reply_to_user_id": "807003567605227520", "public_metrics": {"retweet_count": 0, "reply_count": 0, "like_count": 2, "quote_count": 0}, "replied_tweet": {"referenced_tweets": [{"type": "quoted", "id": "1068245423435870208"}], "id": "1068320670654844930", "lang": "en", "text": "Um, unless you think things are going just \u201cgreat\u201d right now, then yeah, I think that may be an acceptable proposition..... https://t.co/Kqs6g5gSa4", "created_at": "2018-11-30T01:47:50.000Z", "source": "Twitter for iPhone", "author_id": "807003567605227520", "entities": {"urls": [{"start": 124, "end": 147, "url": "https://t.co/Kqs6g5gSa4", "expanded_url": "https://twitter.com/PadmaLakshmi/status/1068245423435870208", "display_url": "twitter.com/PadmaLakshmi/s\u2026"}]}, "public_metrics": {"retweet_count": 10, "reply_count": 9, "like_count": 146, "quote_count": 0}, "author": {"public_metrics": {"followers_count": 190462, "following_count": 220, "tweet_count": 1151, "listed_count": 567}, "created_at": "2016-12-08T23:26:58.000Z", "id": "807003567605227520", "location": "Los Angeles, CA", "name": "Amber Heard", "profile_image_url": "https://pbs.twimg.com/profile_images/1383196364792680448/N8CdupEu_normal.jpg", "username": "realamberheard", "url": "https://t.co/Ze18Ek9SOI", "description": "Actor and Activist, semi-professional disruptor, ice cream advocate and shameless teacup yorkie-lover"}}, "author": {"public_metrics": {"followers_count": 738, "following_count": 720, "tweet_count": 49396, "listed_count": 28}, "created_at": "2016-10-09T16:02:18.000Z", "id": "785148392498421760", "location": "Bordeaux, France", "name": "Cora Melodie", "profile_image_url": "https://pbs.twimg.com/profile_images/1138826096386936837/71Iwj2dh_normal.jpg", "username": "CoraMelodie", "url": "", "description": "Actress/Producer & UNHCR Special Envoy #AngelinaJolie | Actress, Activist & Human Rights Champion @realamberheard | @JeniferOfficiel \n\n#IStandWithYouAmberHeard"}}, {"entities": {"mentions": [{"start": 0, "end": 15, "username": "realamberheard", "id": "807003567605227520"}], "urls": [{"start": 86, "end": 109, "url": "https://t.co/7dZyq8F7Xy", "expanded_url": "https://twitter.com/stirgussa/status/1068330169692246016/photo/1", "display_url": "pic.twitter.com/7dZyq8F7Xy"}]}, "referenced_tweets": [{"type": "replied_to", "id": "1068320670654844930"}], "id": "1068330169692246016", "lang": "en", "text": "@realamberheard The world needs a different kind of leadership...So yeah, I approve \u263a https://t.co/7dZyq8F7Xy", "created_at": "2018-11-30T02:25:35.000Z", "source": "Twitter for Android", "author_id": "4396120342", "in_reply_to_user_id": "807003567605227520", "public_metrics": {"retweet_count": 0, "reply_count": 0, "like_count": 1, "quote_count": 0}, "replied_tweet": {"referenced_tweets": [{"type": "quoted", "id": "1068245423435870208"}], "id": "1068320670654844930", "lang": "en", "text": "Um, unless you think things are going just \u201cgreat\u201d right now, then yeah, I think that may be an acceptable proposition..... https://t.co/Kqs6g5gSa4", "created_at": "2018-11-30T01:47:50.000Z", "source": "Twitter for iPhone", "author_id": "807003567605227520", "entities": {"urls": [{"start": 124, "end": 147, "url": "https://t.co/Kqs6g5gSa4", "expanded_url": "https://twitter.com/PadmaLakshmi/status/1068245423435870208", "display_url": "twitter.com/PadmaLakshmi/s\u2026"}]}, "public_metrics": {"retweet_count": 10, "reply_count": 9, "like_count": 146, "quote_count": 0}, "author": {"public_metrics": {"followers_count": 190462, "following_count": 220, "tweet_count": 1151, "listed_count": 567}, "created_at": "2016-12-08T23:26:58.000Z", "id": "807003567605227520", "location": "Los Angeles, CA", "name": "Amber Heard", "profile_image_url": "https://pbs.twimg.com/profile_images/1383196364792680448/N8CdupEu_normal.jpg", "username": "realamberheard", "url": "https://t.co/Ze18Ek9SOI", "description": "Actor and Activist, semi-professional disruptor, ice cream advocate and shameless teacup yorkie-lover"}}, "author": {"public_metrics": {"followers_count": 678, "following_count": 296, "tweet_count": 58624, "listed_count": 26}, "created_at": "2015-12-06T17:21:06.000Z", "id": "4396120342", "name": "STIRGUS SACCHETTI", "profile_image_url": "https://pbs.twimg.com/profile_images/1378175478478082050/UKLiQPuk_normal.jpg", "username": "stirgussa", "url": "", "description": "Only two things are infinite, the universe and human stupidity, and I'm not sure about the former. - Albert Einstein and Me!"}}, {"entities": {"mentions": [{"start": 0, "end": 15, "username": "realamberheard", "id": "807003567605227520"}], "annotations": [{"start": 21, "end": 25, "probability": 0.8398, "type": "Person", "normalized_text": "amber"}]}, "referenced_tweets": [{"type": "replied_to", "id": "1068320670654844930"}], "id": "1068321446735294464", "lang": "en", "text": "@realamberheard Dear amber, never let the nations fool you they like this wicked system my freind!!", "created_at": "2018-11-30T01:50:56.000Z", "source": "Twitter for Android", "author_id": "989633741114003456", "in_reply_to_user_id": "807003567605227520", "public_metrics": {"retweet_count": 0, "reply_count": 0, "like_count": 1, "quote_count": 0}, "replied_tweet": {"referenced_tweets": [{"type": "quoted", "id": "1068245423435870208"}], "id": "1068320670654844930", "lang": "en", "text": "Um, unless you think things are going just \u201cgreat\u201d right now, then yeah, I think that may be an acceptable proposition..... https://t.co/Kqs6g5gSa4", "created_at": "2018-11-30T01:47:50.000Z", "source": "Twitter for iPhone", "author_id": "807003567605227520", "entities": {"urls": [{"start": 124, "end": 147, "url": "https://t.co/Kqs6g5gSa4", "expanded_url": "https://twitter.com/PadmaLakshmi/status/1068245423435870208", "display_url": "twitter.com/PadmaLakshmi/s\u2026"}]}, "public_metrics": {"retweet_count": 10, "reply_count": 9, "like_count": 146, "quote_count": 0}, "author": {"public_metrics": {"followers_count": 190462, "following_count": 220, "tweet_count": 1151, "listed_count": 567}, "created_at": "2016-12-08T23:26:58.000Z", "id": "807003567605227520", "location": "Los Angeles, CA", "name": "Amber Heard", "profile_image_url": "https://pbs.twimg.com/profile_images/1383196364792680448/N8CdupEu_normal.jpg", "username": "realamberheard", "url": "https://t.co/Ze18Ek9SOI", "description": "Actor and Activist, semi-professional disruptor, ice cream advocate and shameless teacup yorkie-lover"}}, "author": {"public_metrics": {"followers_count": 39, "following_count": 269, "tweet_count": 44974, "listed_count": 0}, "created_at": "2018-04-26T22:34:05.000Z", "id": "989633741114003456", "location": "Long Island,new York", "name": "Paulwalwanis", "profile_image_url": "https://abs.twimg.com/sticky/default_profile_images/default_profile_normal.png", "username": "Paulwalwanis7", "url": "", "description": "Comedy,counselor"}}]