[{"referenced_tweets": [{"type": "replied_to", "id": "1071145516065386496"}], "id": "1071161590613831680", "author_id": "261204195", "entities": {"mentions": [{"start": 0, "end": 16, "username": "DebbieCaliforni", "id": "1403693394"}, {"start": 17, "end": 32, "username": "realamberheard", "id": "807003567605227520"}]}, "in_reply_to_user_id": "1403693394", "created_at": "2018-12-07T21:56:39.000Z", "text": "@DebbieCaliforni @realamberheard shes a bad human for lying for financial gain", "public_metrics": {"retweet_count": 0, "reply_count": 0, "like_count": 0, "quote_count": 0}, "source": "Twitter for iPhone", "lang": "en", "replied_tweet": {"referenced_tweets": [{"type": "quoted", "id": "1068187839756754944"}], "id": "1068321436408971264", "entities": {"urls": [{"start": 181, "end": 204, "url": "https://t.co/YwoE0X7EsO", "expanded_url": "https://twitter.com/UNHumanRights/status/1068187839756754944", "display_url": "twitter.com/UNHumanRights/\u2026"}]}, "author_id": "807003567605227520", "created_at": "2018-11-30T01:50:53.000Z", "text": "Proud to stand with and for so many women who know how important this call &amp; conversation are.... violence against women (or violence of any kind) is not political. It\u2019s human. https://t.co/YwoE0X7EsO", "public_metrics": {"retweet_count": 90, "reply_count": 26, "like_count": 426, "quote_count": 4}, "source": "Twitter for iPhone", "lang": "en", "author": {"location": "Los Angeles, CA", "created_at": "2016-12-08T23:26:58.000Z", "profile_image_url": "https://pbs.twimg.com/profile_images/1383196364792680448/N8CdupEu_normal.jpg", "public_metrics": {"followers_count": 190462, "following_count": 220, "tweet_count": 1151, "listed_count": 567}, "url": "https://t.co/Ze18Ek9SOI", "id": "807003567605227520", "name": "Amber Heard", "username": "realamberheard", "description": "Actor and Activist, semi-professional disruptor, ice cream advocate and shameless teacup yorkie-lover"}}, "author": {"location": "Vancouver, British Columbia", "created_at": "2011-03-05T13:26:24.000Z", "profile_image_url": "https://pbs.twimg.com/profile_images/1496695543338188811/R3S-NEbd_normal.jpg", "public_metrics": {"followers_count": 824, "following_count": 89, "tweet_count": 48435, "listed_count": 11}, "url": "", "id": "261204195", "name": "R", "username": "_ramifications", "description": "sovereign ."}}, {"referenced_tweets": [{"type": "replied_to", "id": "1068321436408971264"}], "id": "1071145516065386496", "author_id": "1403693394", "entities": {"mentions": [{"start": 0, "end": 15, "username": "realamberheard", "id": "807003567605227520"}]}, "in_reply_to_user_id": "807003567605227520", "created_at": "2018-12-07T20:52:46.000Z", "text": "@realamberheard I guess lying is OK tho.....", "public_metrics": {"retweet_count": 0, "reply_count": 1, "like_count": 1, "quote_count": 0}, "source": "Twitter for iPhone", "lang": "en", "replied_tweet": {"referenced_tweets": [{"type": "quoted", "id": "1068187839756754944"}], "id": "1068321436408971264", "entities": {"urls": [{"start": 181, "end": 204, "url": "https://t.co/YwoE0X7EsO", "expanded_url": "https://twitter.com/UNHumanRights/status/1068187839756754944", "display_url": "twitter.com/UNHumanRights/\u2026"}]}, "author_id": "807003567605227520", "created_at": "2018-11-30T01:50:53.000Z", "text": "Proud to stand with and for so many women who know how important this call &amp; conversation are.... violence against women (or violence of any kind) is not political. It\u2019s human. https://t.co/YwoE0X7EsO", "public_metrics": {"retweet_count": 90, "reply_count": 26, "like_count": 426, "quote_count": 4}, "source": "Twitter for iPhone", "lang": "en", "author": {"location": "Los Angeles, CA", "created_at": "2016-12-08T23:26:58.000Z", "profile_image_url": "https://pbs.twimg.com/profile_images/1383196364792680448/N8CdupEu_normal.jpg", "public_metrics": {"followers_count": 190462, "following_count": 220, "tweet_count": 1151, "listed_count": 567}, "url": "https://t.co/Ze18Ek9SOI", "id": "807003567605227520", "name": "Amber Heard", "username": "realamberheard", "description": "Actor and Activist, semi-professional disruptor, ice cream advocate and shameless teacup yorkie-lover"}}, "author": {"created_at": "2013-05-05T00:29:40.000Z", "profile_image_url": "https://pbs.twimg.com/profile_images/591861020957609984/HjksYfqg_normal.jpg", "public_metrics": {"followers_count": 10, "following_count": 36, "tweet_count": 241, "listed_count": 0}, "url": "", "id": "1403693394", "name": "Debbie L. Milburn", "username": "DebbieCaliforni", "description": "Navigating the land mines of modern life! BTW, who said \u201cpeace and love\u201d was ONLY a 60\u2019s thing.....\ud83e\udd37\u200d\u2640\ufe0f"}}, {"referenced_tweets": [{"type": "replied_to", "id": "1068586901114945536"}], "id": "1070836017282859009", "author_id": "1004573482166956032", "entities": {"mentions": [{"start": 0, "end": 11, "username": "sexymanfat", "id": "54522749"}, {"start": 12, "end": 27, "username": "realamberheard", "id": "807003567605227520"}]}, "in_reply_to_user_id": "54522749", "created_at": "2018-12-07T00:22:56.000Z", "text": "@sexymanfat @realamberheard Did she really block you for that? Must\u2019ve hit a nerve!", "public_metrics": {"retweet_count": 0, "reply_count": 0, "like_count": 0, "quote_count": 0}, "source": "Twitter Web App", "lang": "en", "replied_tweet": {"referenced_tweets": [{"type": "quoted", "id": "1068187839756754944"}], "id": "1068321436408971264", "entities": {"urls": [{"start": 181, "end": 204, "url": "https://t.co/YwoE0X7EsO", "expanded_url": "https://twitter.com/UNHumanRights/status/1068187839756754944", "display_url": "twitter.com/UNHumanRights/\u2026"}]}, "author_id": "807003567605227520", "created_at": "2018-11-30T01:50:53.000Z", "text": "Proud to stand with and for so many women who know how important this call &amp; conversation are.... violence against women (or violence of any kind) is not political. It\u2019s human. https://t.co/YwoE0X7EsO", "public_metrics": {"retweet_count": 90, "reply_count": 26, "like_count": 426, "quote_count": 4}, "source": "Twitter for iPhone", "lang": "en", "author": {"location": "Los Angeles, CA", "created_at": "2016-12-08T23:26:58.000Z", "profile_image_url": "https://pbs.twimg.com/profile_images/1383196364792680448/N8CdupEu_normal.jpg", "public_metrics": {"followers_count": 190462, "following_count": 220, "tweet_count": 1151, "listed_count": 567}, "url": "https://t.co/Ze18Ek9SOI", "id": "807003567605227520", "name": "Amber Heard", "username": "realamberheard", "description": "Actor and Activist, semi-professional disruptor, ice cream advocate and shameless teacup yorkie-lover"}}, "author": {"created_at": "2018-06-07T03:59:17.000Z", "profile_image_url": "https://pbs.twimg.com/profile_images/1090330816809439234/et4x38t-_normal.jpg", "public_metrics": {"followers_count": 0, "following_count": 21, "tweet_count": 96, "listed_count": 0}, "url": "", "id": "1004573482166956032", "name": "Warren obb", "username": "ObbWarren", "description": ""}}, {"referenced_tweets": [{"type": "replied_to", "id": "1068321436408971264"}], "id": "1069011528794468352", "author_id": "855471198905536512", "entities": {"mentions": [{"start": 0, "end": 15, "username": "realamberheard", "id": "807003567605227520"}, {"start": 85, "end": 99, "username": "UNHumanRights", "id": "69231187"}], "hashtags": [{"start": 44, "end": 68, "tag": "EndViolenceAgainstwomen"}, {"start": 69, "end": 84, "tag": "OrangeTheWorld"}]}, "in_reply_to_user_id": "807003567605227520", "created_at": "2018-12-01T23:33:04.000Z", "text": "@realamberheard All together we are a force #EndViolenceAgainstwomen #OrangeTheWorld @UNHumanRights", "public_metrics": {"retweet_count": 0, "reply_count": 0, "like_count": 1, "quote_count": 0}, "source": "Twitter Web App", "lang": "en", "replied_tweet": {"referenced_tweets": [{"type": "quoted", "id": "1068187839756754944"}], "id": "1068321436408971264", "entities": {"urls": [{"start": 181, "end": 204, "url": "https://t.co/YwoE0X7EsO", "expanded_url": "https://twitter.com/UNHumanRights/status/1068187839756754944", "display_url": "twitter.com/UNHumanRights/\u2026"}]}, "author_id": "807003567605227520", "created_at": "2018-11-30T01:50:53.000Z", "text": "Proud to stand with and for so many women who know how important this call &amp; conversation are.... violence against women (or violence of any kind) is not political. It\u2019s human. https://t.co/YwoE0X7EsO", "public_metrics": {"retweet_count": 90, "reply_count": 26, "like_count": 426, "quote_count": 4}, "source": "Twitter for iPhone", "lang": "en", "author": {"location": "Los Angeles, CA", "created_at": "2016-12-08T23:26:58.000Z", "profile_image_url": "https://pbs.twimg.com/profile_images/1383196364792680448/N8CdupEu_normal.jpg", "public_metrics": {"followers_count": 190462, "following_count": 220, "tweet_count": 1151, "listed_count": 567}, "url": "https://t.co/Ze18Ek9SOI", "id": "807003567605227520", "name": "Amber Heard", "username": "realamberheard", "description": "Actor and Activist, semi-professional disruptor, ice cream advocate and shameless teacup yorkie-lover"}}, "author": {"location": "Atlantis  ", "created_at": "2017-04-21T17:20:02.000Z", "profile_image_url": "https://pbs.twimg.com/profile_images/1503082598930735108/a1v51xt6_normal.jpg", "public_metrics": {"followers_count": 68, "following_count": 75, "tweet_count": 5673, "listed_count": 0}, "url": "", "id": "855471198905536512", "name": "PlanetEmerald", "username": "planet_emeraude", "description": "Don't worry about what others think. Most people are always negative,don't let it bother you\ud83c\udf38\ud83c\udf3f\ud83c\udff3\ufe0f\u200d\ud83c\udf08Talking about feelings can and does help people to feel better"}}, {"referenced_tweets": [{"type": "replied_to", "id": "1068321436408971264"}], "id": "1068862097629552640", "author_id": "122438600", "entities": {"mentions": [{"start": 0, "end": 15, "username": "realamberheard", "id": "807003567605227520"}]}, "in_reply_to_user_id": "807003567605227520", "created_at": "2018-12-01T13:39:17.000Z", "text": "@realamberheard Orgulho? De qu\u00ea? De ser agressora e fingir que se preocupa com os outros? T\u00e1 bom!!!", "public_metrics": {"retweet_count": 0, "reply_count": 0, "like_count": 1, "quote_count": 0}, "source": "Twitter for Android", "lang": "pt", "replied_tweet": {"referenced_tweets": [{"type": "quoted", "id": "1068187839756754944"}], "id": "1068321436408971264", "entities": {"urls": [{"start": 181, "end": 204, "url": "https://t.co/YwoE0X7EsO", "expanded_url": "https://twitter.com/UNHumanRights/status/1068187839756754944", "display_url": "twitter.com/UNHumanRights/\u2026"}]}, "author_id": "807003567605227520", "created_at": "2018-11-30T01:50:53.000Z", "text": "Proud to stand with and for so many women who know how important this call &amp; conversation are.... violence against women (or violence of any kind) is not political. It\u2019s human. https://t.co/YwoE0X7EsO", "public_metrics": {"retweet_count": 90, "reply_count": 26, "like_count": 426, "quote_count": 4}, "source": "Twitter for iPhone", "lang": "en", "author": {"location": "Los Angeles, CA", "created_at": "2016-12-08T23:26:58.000Z", "profile_image_url": "https://pbs.twimg.com/profile_images/1383196364792680448/N8CdupEu_normal.jpg", "public_metrics": {"followers_count": 190462, "following_count": 220, "tweet_count": 1151, "listed_count": 567}, "url": "https://t.co/Ze18Ek9SOI", "id": "807003567605227520", "name": "Amber Heard", "username": "realamberheard", "description": "Actor and Activist, semi-professional disruptor, ice cream advocate and shameless teacup yorkie-lover"}}, "author": {"location": "Minas Gerais, Brasil", "created_at": "2010-03-12T18:19:22.000Z", "profile_image_url": "https://pbs.twimg.com/profile_images/1323828022504349696/fLmtN3qU_normal.png", "public_metrics": {"followers_count": 2173, "following_count": 2351, "tweet_count": 22994, "listed_count": 10}, "url": "", "id": "122438600", "name": "Fabi \ud83c\udde7\ud83c\uddf7 #IBelieveHim \ud83c\udf69\u2694\ufe0f\ud83d\udee1\ufe0f\u2696\ufe0f", "username": "reagandepp", "description": "Johnny Depp \u2022 Jim Morrison \u2022 Wilson Sideral \u2022RHCP \u00b7 Jensen Ackles \u00b7 Sebastian Bach \u00b7 Keanu Reeves . Supernatural \u2022 Arquivo X . Doors . Eriberto Le\u00e3o"}}, {"referenced_tweets": [{"type": "replied_to", "id": "1068773940653252608"}], "id": "1068782689677975552", "entities": {"urls": [{"start": 96, "end": 119, "url": "https://t.co/Oa0tMWEyR2", "expanded_url": "https://twitter.com/stirgussa/status/1068782689677975552/photo/1", "display_url": "pic.twitter.com/Oa0tMWEyR2"}], "mentions": [{"start": 0, "end": 15, "username": "JudyHanneKaren", "id": "2743744952"}, {"start": 16, "end": 31, "username": "realamberheard", "id": "807003567605227520"}]}, "author_id": "4396120342", "in_reply_to_user_id": "2743744952", "created_at": "2018-12-01T08:23:44.000Z", "text": "@JudyHanneKaren @realamberheard She doesn't need to do it...her ex is the first to defend her \ud83d\udc47 https://t.co/Oa0tMWEyR2", "public_metrics": {"retweet_count": 0, "reply_count": 0, "like_count": 2, "quote_count": 0}, "source": "Twitter for Android", "lang": "en", "replied_tweet": {"referenced_tweets": [{"type": "quoted", "id": "1068187839756754944"}], "id": "1068321436408971264", "entities": {"urls": [{"start": 181, "end": 204, "url": "https://t.co/YwoE0X7EsO", "expanded_url": "https://twitter.com/UNHumanRights/status/1068187839756754944", "display_url": "twitter.com/UNHumanRights/\u2026"}]}, "author_id": "807003567605227520", "created_at": "2018-11-30T01:50:53.000Z", "text": "Proud to stand with and for so many women who know how important this call &amp; conversation are.... violence against women (or violence of any kind) is not political. It\u2019s human. https://t.co/YwoE0X7EsO", "public_metrics": {"retweet_count": 90, "reply_count": 26, "like_count": 426, "quote_count": 4}, "source": "Twitter for iPhone", "lang": "en", "author": {"location": "Los Angeles, CA", "created_at": "2016-12-08T23:26:58.000Z", "profile_image_url": "https://pbs.twimg.com/profile_images/1383196364792680448/N8CdupEu_normal.jpg", "public_metrics": {"followers_count": 190462, "following_count": 220, "tweet_count": 1151, "listed_count": 567}, "url": "https://t.co/Ze18Ek9SOI", "id": "807003567605227520", "name": "Amber Heard", "username": "realamberheard", "description": "Actor and Activist, semi-professional disruptor, ice cream advocate and shameless teacup yorkie-lover"}}, "author": {"created_at": "2015-12-06T17:21:06.000Z", "profile_image_url": "https://pbs.twimg.com/profile_images/1378175478478082050/UKLiQPuk_normal.jpg", "public_metrics": {"followers_count": 678, "following_count": 296, "tweet_count": 58624, "listed_count": 26}, "url": "", "id": "4396120342", "name": "STIRGUS SACCHETTI", "username": "stirgussa", "description": "Only two things are infinite, the universe and human stupidity, and I'm not sure about the former. - Albert Einstein and Me!"}}, {"referenced_tweets": [{"type": "replied_to", "id": "1068321436408971264"}], "id": "1068773940653252608", "author_id": "2743744952", "entities": {"mentions": [{"start": 0, "end": 15, "username": "realamberheard", "id": "807003567605227520"}]}, "in_reply_to_user_id": "807003567605227520", "created_at": "2018-12-01T07:48:58.000Z", "text": "@realamberheard You were arrested for abusing your ex girlfriend! What a joke! So...you\u2019re apologising for what you did?", "public_metrics": {"retweet_count": 0, "reply_count": 1, "like_count": 6, "quote_count": 0}, "source": "Twitter for iPhone", "lang": "en", "replied_tweet": {"referenced_tweets": [{"type": "quoted", "id": "1068187839756754944"}], "id": "1068321436408971264", "entities": {"urls": [{"start": 181, "end": 204, "url": "https://t.co/YwoE0X7EsO", "expanded_url": "https://twitter.com/UNHumanRights/status/1068187839756754944", "display_url": "twitter.com/UNHumanRights/\u2026"}]}, "author_id": "807003567605227520", "created_at": "2018-11-30T01:50:53.000Z", "text": "Proud to stand with and for so many women who know how important this call &amp; conversation are.... violence against women (or violence of any kind) is not political. It\u2019s human. https://t.co/YwoE0X7EsO", "public_metrics": {"retweet_count": 90, "reply_count": 26, "like_count": 426, "quote_count": 4}, "source": "Twitter for iPhone", "lang": "en", "author": {"location": "Los Angeles, CA", "created_at": "2016-12-08T23:26:58.000Z", "profile_image_url": "https://pbs.twimg.com/profile_images/1383196364792680448/N8CdupEu_normal.jpg", "public_metrics": {"followers_count": 190462, "following_count": 220, "tweet_count": 1151, "listed_count": 567}, "url": "https://t.co/Ze18Ek9SOI", "id": "807003567605227520", "name": "Amber Heard", "username": "realamberheard", "description": "Actor and Activist, semi-professional disruptor, ice cream advocate and shameless teacup yorkie-lover"}}, "author": {"location": "Hong Kong", "created_at": "2014-08-19T02:27:28.000Z", "profile_image_url": "https://pbs.twimg.com/profile_images/1506219369193304064/J3K6o-gg_normal.jpg", "public_metrics": {"followers_count": 147, "following_count": 178, "tweet_count": 1109, "listed_count": 1}, "url": "", "id": "2743744952", "name": "TheNobodies", "username": "JudyHanneKaren", "description": "Depphead, Muser and Marilyn Manson fans from Hong Kong    #JusticeForJohnnyDepp #justiceformarilynmanson"}}, {"referenced_tweets": [{"type": "replied_to", "id": "1068631964230520833"}], "id": "1068735774273748992", "author_id": "4396120342", "entities": {"mentions": [{"start": 14, "end": 27, "username": "Willradiorun", "id": "25637175"}, {"start": 28, "end": 42, "username": "josetorres17_", "id": "1396147920"}, {"start": 43, "end": 58, "username": "realamberheard", "id": "807003567605227520"}]}, "in_reply_to_user_id": "749711750786912256", "created_at": "2018-12-01T05:17:19.000Z", "text": "@ellascott233 @Willradiorun @josetorres17_ @realamberheard She doesn't block nor read any of you pathetic trolls...She has a social media manager who blocks all of you \ud83d\ude09", "public_metrics": {"retweet_count": 0, "reply_count": 0, "like_count": 0, "quote_count": 0}, "source": "Twitter for Android", "lang": "en", "replied_tweet": {"referenced_tweets": [{"type": "quoted", "id": "1068187839756754944"}], "id": "1068321436408971264", "entities": {"urls": [{"start": 181, "end": 204, "url": "https://t.co/YwoE0X7EsO", "expanded_url": "https://twitter.com/UNHumanRights/status/1068187839756754944", "display_url": "twitter.com/UNHumanRights/\u2026"}]}, "author_id": "807003567605227520", "created_at": "2018-11-30T01:50:53.000Z", "text": "Proud to stand with and for so many women who know how important this call &amp; conversation are.... violence against women (or violence of any kind) is not political. It\u2019s human. https://t.co/YwoE0X7EsO", "public_metrics": {"retweet_count": 90, "reply_count": 26, "like_count": 426, "quote_count": 4}, "source": "Twitter for iPhone", "lang": "en", "author": {"location": "Los Angeles, CA", "created_at": "2016-12-08T23:26:58.000Z", "profile_image_url": "https://pbs.twimg.com/profile_images/1383196364792680448/N8CdupEu_normal.jpg", "public_metrics": {"followers_count": 190462, "following_count": 220, "tweet_count": 1151, "listed_count": 567}, "url": "https://t.co/Ze18Ek9SOI", "id": "807003567605227520", "name": "Amber Heard", "username": "realamberheard", "description": "Actor and Activist, semi-professional disruptor, ice cream advocate and shameless teacup yorkie-lover"}}, "author": {"created_at": "2015-12-06T17:21:06.000Z", "profile_image_url": "https://pbs.twimg.com/profile_images/1378175478478082050/UKLiQPuk_normal.jpg", "public_metrics": {"followers_count": 678, "following_count": 296, "tweet_count": 58624, "listed_count": 26}, "url": "", "id": "4396120342", "name": "STIRGUS SACCHETTI", "username": "stirgussa", "description": "Only two things are infinite, the universe and human stupidity, and I'm not sure about the former. - Albert Einstein and Me!"}}, {"referenced_tweets": [{"type": "replied_to", "id": "1068632767657840641"}], "id": "1068644921618378753", "author_id": "749711750786912256", "entities": {"mentions": [{"start": 0, "end": 14, "username": "josetorres17_", "id": "1396147920"}, {"start": 15, "end": 28, "username": "Willradiorun", "id": "25637175"}, {"start": 29, "end": 44, "username": "realamberheard", "id": "807003567605227520"}]}, "in_reply_to_user_id": "1396147920", "created_at": "2018-11-30T23:16:18.000Z", "text": "@josetorres17_ @Willradiorun @realamberheard Truth hurts I guess.", "public_metrics": {"retweet_count": 0, "reply_count": 0, "like_count": 2, "quote_count": 0}, "source": "Twitter Web Client", "lang": "en", "replied_tweet": {"referenced_tweets": [{"type": "quoted", "id": "1068187839756754944"}], "id": "1068321436408971264", "entities": {"urls": [{"start": 181, "end": 204, "url": "https://t.co/YwoE0X7EsO", "expanded_url": "https://twitter.com/UNHumanRights/status/1068187839756754944", "display_url": "twitter.com/UNHumanRights/\u2026"}]}, "author_id": "807003567605227520", "created_at": "2018-11-30T01:50:53.000Z", "text": "Proud to stand with and for so many women who know how important this call &amp; conversation are.... violence against women (or violence of any kind) is not political. It\u2019s human. https://t.co/YwoE0X7EsO", "public_metrics": {"retweet_count": 90, "reply_count": 26, "like_count": 426, "quote_count": 4}, "source": "Twitter for iPhone", "lang": "en", "author": {"location": "Los Angeles, CA", "created_at": "2016-12-08T23:26:58.000Z", "profile_image_url": "https://pbs.twimg.com/profile_images/1383196364792680448/N8CdupEu_normal.jpg", "public_metrics": {"followers_count": 190462, "following_count": 220, "tweet_count": 1151, "listed_count": 567}, "url": "https://t.co/Ze18Ek9SOI", "id": "807003567605227520", "name": "Amber Heard", "username": "realamberheard", "description": "Actor and Activist, semi-professional disruptor, ice cream advocate and shameless teacup yorkie-lover"}}, "author": {"location": "Citizen of Nowhere", "created_at": "2016-07-03T21:09:45.000Z", "profile_image_url": "https://pbs.twimg.com/profile_images/1505108476384755713/VV43vCu1_normal.jpg", "public_metrics": {"followers_count": 1781, "following_count": 2387, "tweet_count": 28368, "listed_count": 4}, "url": "", "id": "749711750786912256", "name": "You know it makes sense KPSS \ud83d\udc9a\ud83e\udd0d\ud83d\udc9c", "username": "NeverTheSun23", "description": "Riding the 4th wave! Show me the 3rd gamete! Reading #medialaw, #istandwithrosieduffield #justiceforjohnnydepp was falsely accused! Pronouns: WTAF/GTFO/IDGAF"}}, {"referenced_tweets": [{"type": "replied_to", "id": "1068630867562635264"}], "id": "1068632767657840641", "author_id": "1396147920", "entities": {"mentions": [{"start": 0, "end": 13, "username": "Willradiorun", "id": "25637175"}, {"start": 28, "end": 43, "username": "realamberheard", "id": "807003567605227520"}]}, "in_reply_to_user_id": "25637175", "created_at": "2018-11-30T22:28:00.000Z", "text": "@Willradiorun @ellascott233 @realamberheard I'm blocked too wtf \ud83d\ude2d\ud83d\ude02", "public_metrics": {"retweet_count": 0, "reply_count": 1, "like_count": 2, "quote_count": 0}, "source": "Twitter for Android", "lang": "en", "replied_tweet": {"referenced_tweets": [{"type": "quoted", "id": "1068187839756754944"}], "id": "1068321436408971264", "entities": {"urls": [{"start": 181, "end": 204, "url": "https://t.co/YwoE0X7EsO", "expanded_url": "https://twitter.com/UNHumanRights/status/1068187839756754944", "display_url": "twitter.com/UNHumanRights/\u2026"}]}, "author_id": "807003567605227520", "created_at": "2018-11-30T01:50:53.000Z", "text": "Proud to stand with and for so many women who know how important this call &amp; conversation are.... violence against women (or violence of any kind) is not political. It\u2019s human. https://t.co/YwoE0X7EsO", "public_metrics": {"retweet_count": 90, "reply_count": 26, "like_count": 426, "quote_count": 4}, "source": "Twitter for iPhone", "lang": "en", "author": {"location": "Los Angeles, CA", "created_at": "2016-12-08T23:26:58.000Z", "profile_image_url": "https://pbs.twimg.com/profile_images/1383196364792680448/N8CdupEu_normal.jpg", "public_metrics": {"followers_count": 190462, "following_count": 220, "tweet_count": 1151, "listed_count": 567}, "url": "https://t.co/Ze18Ek9SOI", "id": "807003567605227520", "name": "Amber Heard", "username": "realamberheard", "description": "Actor and Activist, semi-professional disruptor, ice cream advocate and shameless teacup yorkie-lover"}}, "author": {"created_at": "2013-05-02T03:29:24.000Z", "profile_image_url": "https://pbs.twimg.com/profile_images/1267341610934812679/LLi0xzMj_normal.jpg", "public_metrics": {"followers_count": 130, "following_count": 464, "tweet_count": 2354, "listed_count": 0}, "url": "", "id": "1396147920", "name": "Jose Torres", "username": "josetorres17_", "description": "IG: jt.alpha"}}, {"referenced_tweets": [{"type": "replied_to", "id": "1068630867562635264"}], "id": "1068631964230520833", "author_id": "749711750786912256", "entities": {"mentions": [{"start": 0, "end": 13, "username": "Willradiorun", "id": "25637175"}, {"start": 14, "end": 28, "username": "josetorres17_", "id": "1396147920"}, {"start": 29, "end": 44, "username": "realamberheard", "id": "807003567605227520"}]}, "in_reply_to_user_id": "25637175", "created_at": "2018-11-30T22:24:49.000Z", "text": "@Willradiorun @josetorres17_ @realamberheard Finally blocked me!", "public_metrics": {"retweet_count": 0, "reply_count": 1, "like_count": 0, "quote_count": 0}, "source": "Twitter for iPhone", "lang": "en", "replied_tweet": {"referenced_tweets": [{"type": "quoted", "id": "1068187839756754944"}], "id": "1068321436408971264", "entities": {"urls": [{"start": 181, "end": 204, "url": "https://t.co/YwoE0X7EsO", "expanded_url": "https://twitter.com/UNHumanRights/status/1068187839756754944", "display_url": "twitter.com/UNHumanRights/\u2026"}]}, "author_id": "807003567605227520", "created_at": "2018-11-30T01:50:53.000Z", "text": "Proud to stand with and for so many women who know how important this call &amp; conversation are.... violence against women (or violence of any kind) is not political. It\u2019s human. https://t.co/YwoE0X7EsO", "public_metrics": {"retweet_count": 90, "reply_count": 26, "like_count": 426, "quote_count": 4}, "source": "Twitter for iPhone", "lang": "en", "author": {"location": "Los Angeles, CA", "created_at": "2016-12-08T23:26:58.000Z", "profile_image_url": "https://pbs.twimg.com/profile_images/1383196364792680448/N8CdupEu_normal.jpg", "public_metrics": {"followers_count": 190462, "following_count": 220, "tweet_count": 1151, "listed_count": 567}, "url": "https://t.co/Ze18Ek9SOI", "id": "807003567605227520", "name": "Amber Heard", "username": "realamberheard", "description": "Actor and Activist, semi-professional disruptor, ice cream advocate and shameless teacup yorkie-lover"}}, "author": {"location": "Citizen of Nowhere", "created_at": "2016-07-03T21:09:45.000Z", "profile_image_url": "https://pbs.twimg.com/profile_images/1505108476384755713/VV43vCu1_normal.jpg", "public_metrics": {"followers_count": 1781, "following_count": 2387, "tweet_count": 28368, "listed_count": 4}, "url": "", "id": "749711750786912256", "name": "You know it makes sense KPSS \ud83d\udc9a\ud83e\udd0d\ud83d\udc9c", "username": "NeverTheSun23", "description": "Riding the 4th wave! Show me the 3rd gamete! Reading #medialaw, #istandwithrosieduffield #justiceforjohnnydepp was falsely accused! Pronouns: WTAF/GTFO/IDGAF"}}, {"referenced_tweets": [{"type": "replied_to", "id": "1068477061877170176"}], "id": "1068631703709761537", "author_id": "749711750786912256", "entities": {"mentions": [{"start": 0, "end": 14, "username": "josetorres17_", "id": "1396147920"}, {"start": 15, "end": 28, "username": "Willradiorun", "id": "25637175"}, {"start": 29, "end": 44, "username": "realamberheard", "id": "807003567605227520"}]}, "in_reply_to_user_id": "749711750786912256", "created_at": "2018-11-30T22:23:47.000Z", "text": "@josetorres17_ @Willradiorun @realamberheard Ha been blocked now.", "public_metrics": {"retweet_count": 0, "reply_count": 0, "like_count": 0, "quote_count": 0}, "source": "Twitter for iPhone", "lang": "en", "replied_tweet": {"referenced_tweets": [{"type": "quoted", "id": "1068187839756754944"}], "id": "1068321436408971264", "entities": {"urls": [{"start": 181, "end": 204, "url": "https://t.co/YwoE0X7EsO", "expanded_url": "https://twitter.com/UNHumanRights/status/1068187839756754944", "display_url": "twitter.com/UNHumanRights/\u2026"}]}, "author_id": "807003567605227520", "created_at": "2018-11-30T01:50:53.000Z", "text": "Proud to stand with and for so many women who know how important this call &amp; conversation are.... violence against women (or violence of any kind) is not political. It\u2019s human. https://t.co/YwoE0X7EsO", "public_metrics": {"retweet_count": 90, "reply_count": 26, "like_count": 426, "quote_count": 4}, "source": "Twitter for iPhone", "lang": "en", "author": {"location": "Los Angeles, CA", "created_at": "2016-12-08T23:26:58.000Z", "profile_image_url": "https://pbs.twimg.com/profile_images/1383196364792680448/N8CdupEu_normal.jpg", "public_metrics": {"followers_count": 190462, "following_count": 220, "tweet_count": 1151, "listed_count": 567}, "url": "https://t.co/Ze18Ek9SOI", "id": "807003567605227520", "name": "Amber Heard", "username": "realamberheard", "description": "Actor and Activist, semi-professional disruptor, ice cream advocate and shameless teacup yorkie-lover"}}, "author": {"location": "Citizen of Nowhere", "created_at": "2016-07-03T21:09:45.000Z", "profile_image_url": "https://pbs.twimg.com/profile_images/1505108476384755713/VV43vCu1_normal.jpg", "public_metrics": {"followers_count": 1781, "following_count": 2387, "tweet_count": 28368, "listed_count": 4}, "url": "", "id": "749711750786912256", "name": "You know it makes sense KPSS \ud83d\udc9a\ud83e\udd0d\ud83d\udc9c", "username": "NeverTheSun23", "description": "Riding the 4th wave! Show me the 3rd gamete! Reading #medialaw, #istandwithrosieduffield #justiceforjohnnydepp was falsely accused! Pronouns: WTAF/GTFO/IDGAF"}}, {"referenced_tweets": [{"type": "replied_to", "id": "1068477061877170176"}], "id": "1068630867562635264", "entities": {"urls": [{"start": 66, "end": 89, "url": "https://t.co/TWsMDladde", "expanded_url": "https://twitter.com/Willradiorun/status/1068630867562635264/photo/1", "display_url": "pic.twitter.com/TWsMDladde"}], "mentions": [{"start": 14, "end": 28, "username": "josetorres17_", "id": "1396147920"}, {"start": 29, "end": 44, "username": "realamberheard", "id": "807003567605227520"}]}, "author_id": "25637175", "in_reply_to_user_id": "749711750786912256", "created_at": "2018-11-30T22:20:27.000Z", "text": "@ellascott233 @josetorres17_ @realamberheard Well she blocked me. https://t.co/TWsMDladde", "public_metrics": {"retweet_count": 0, "reply_count": 2, "like_count": 3, "quote_count": 0}, "source": "Twitter for iPhone", "lang": "en", "replied_tweet": {"referenced_tweets": [{"type": "quoted", "id": "1068187839756754944"}], "id": "1068321436408971264", "entities": {"urls": [{"start": 181, "end": 204, "url": "https://t.co/YwoE0X7EsO", "expanded_url": "https://twitter.com/UNHumanRights/status/1068187839756754944", "display_url": "twitter.com/UNHumanRights/\u2026"}]}, "author_id": "807003567605227520", "created_at": "2018-11-30T01:50:53.000Z", "text": "Proud to stand with and for so many women who know how important this call &amp; conversation are.... violence against women (or violence of any kind) is not political. It\u2019s human. https://t.co/YwoE0X7EsO", "public_metrics": {"retweet_count": 90, "reply_count": 26, "like_count": 426, "quote_count": 4}, "source": "Twitter for iPhone", "lang": "en", "author": {"location": "Los Angeles, CA", "created_at": "2016-12-08T23:26:58.000Z", "profile_image_url": "https://pbs.twimg.com/profile_images/1383196364792680448/N8CdupEu_normal.jpg", "public_metrics": {"followers_count": 190462, "following_count": 220, "tweet_count": 1151, "listed_count": 567}, "url": "https://t.co/Ze18Ek9SOI", "id": "807003567605227520", "name": "Amber Heard", "username": "realamberheard", "description": "Actor and Activist, semi-professional disruptor, ice cream advocate and shameless teacup yorkie-lover"}}, "author": {"location": "Dallas, Texas", "created_at": "2009-03-21T04:08:13.000Z", "profile_image_url": "https://pbs.twimg.com/profile_images/1060657694883876864/QgfXQgVf_normal.jpg", "public_metrics": {"followers_count": 927, "following_count": 1652, "tweet_count": 10334, "listed_count": 25}, "url": "", "id": "25637175", "name": "Will Gro", "username": "Willradiorun", "description": "Human In Dallas TX"}}, {"referenced_tweets": [{"type": "replied_to", "id": "1068532389478113280"}], "id": "1068611276140658688", "entities": {"annotations": [{"start": 170, "end": 178, "probability": 0.5275, "type": "Place", "normalized_text": "Hollywood"}], "mentions": [{"start": 0, "end": 15, "username": "realamberheard", "id": "807003567605227520"}]}, "author_id": "567232063", "in_reply_to_user_id": "567232063", "created_at": "2018-11-30T21:02:36.000Z", "text": "@realamberheard You said you had nothing to gain and everything to lose. Were you raking about what you wanted from him in your blackmail letter? Someone take her out of Hollywood! She has no right to be there.", "public_metrics": {"retweet_count": 0, "reply_count": 0, "like_count": 8, "quote_count": 0}, "source": "Twitter for iPad", "lang": "en", "replied_tweet": {"referenced_tweets": [{"type": "quoted", "id": "1068187839756754944"}], "id": "1068321436408971264", "entities": {"urls": [{"start": 181, "end": 204, "url": "https://t.co/YwoE0X7EsO", "expanded_url": "https://twitter.com/UNHumanRights/status/1068187839756754944", "display_url": "twitter.com/UNHumanRights/\u2026"}]}, "author_id": "807003567605227520", "created_at": "2018-11-30T01:50:53.000Z", "text": "Proud to stand with and for so many women who know how important this call &amp; conversation are.... violence against women (or violence of any kind) is not political. It\u2019s human. https://t.co/YwoE0X7EsO", "public_metrics": {"retweet_count": 90, "reply_count": 26, "like_count": 426, "quote_count": 4}, "source": "Twitter for iPhone", "lang": "en", "author": {"location": "Los Angeles, CA", "created_at": "2016-12-08T23:26:58.000Z", "profile_image_url": "https://pbs.twimg.com/profile_images/1383196364792680448/N8CdupEu_normal.jpg", "public_metrics": {"followers_count": 190462, "following_count": 220, "tweet_count": 1151, "listed_count": 567}, "url": "https://t.co/Ze18Ek9SOI", "id": "807003567605227520", "name": "Amber Heard", "username": "realamberheard", "description": "Actor and Activist, semi-professional disruptor, ice cream advocate and shameless teacup yorkie-lover"}}, "author": {"created_at": "2012-04-30T13:36:21.000Z", "profile_image_url": "https://pbs.twimg.com/profile_images/1381993471012085760/rXgj2L8k_normal.png", "public_metrics": {"followers_count": 2236, "following_count": 562, "tweet_count": 195803, "listed_count": 5}, "url": "", "id": "567232063", "name": "Janina #IBelieveHim #justiceforjohnnydepp", "username": "JaninaSamhain", "description": "Johnny Depp devotee \u2764\ufe0f #JohnnyDeppIsGrindelwald #wearewithyouJohnnyDepp #proudofJohnnyDepp #youcantkeepagoodmandown #justiceforJohnnydepp #Grindelwaldsarmy"}}, {"referenced_tweets": [{"type": "replied_to", "id": "1068321436408971264"}], "id": "1068594977729589248", "entities": {"annotations": [{"start": 196, "end": 209, "probability": 0.9246, "type": "Place", "normalized_text": "Northern Kenya"}], "urls": [{"start": 274, "end": 297, "url": "https://t.co/Zv3VfGmLb4", "expanded_url": "https://www.globalgiving.org/projects/empower-100-pastoralist-girls-in-northern-kenya/", "display_url": "globalgiving.org/projects/empow\u2026", "status": 200, "unwound_url": "https://www.globalgiving.org/projects/empower-100-pastoralist-girls-in-northern-kenya/"}], "mentions": [{"start": 0, "end": 15, "username": "realamberheard", "id": "807003567605227520"}, {"start": 16, "end": 25, "username": "UN_Women", "id": "17137628"}]}, "author_id": "1048293390176149504", "in_reply_to_user_id": "807003567605227520", "created_at": "2018-11-30T19:57:50.000Z", "text": "@realamberheard @UN_Women Keep up the good work.\n\nKindly join me today to give to a noble cause via donations and connecting us with friends.\n\n \ud83c\udf97\ufe0f I just gave to Empower 100 Pastoralist Girls in Northern Kenya! Please join me in this cause to ensure it succeeds.  \n\nclick;\n\nhttps://t.co/Zv3VfGmLb4\n\nThanks", "public_metrics": {"retweet_count": 0, "reply_count": 0, "like_count": 0, "quote_count": 0}, "source": "Twitter Web App", "lang": "en", "replied_tweet": {"referenced_tweets": [{"type": "quoted", "id": "1068187839756754944"}], "id": "1068321436408971264", "entities": {"urls": [{"start": 181, "end": 204, "url": "https://t.co/YwoE0X7EsO", "expanded_url": "https://twitter.com/UNHumanRights/status/1068187839756754944", "display_url": "twitter.com/UNHumanRights/\u2026"}]}, "author_id": "807003567605227520", "created_at": "2018-11-30T01:50:53.000Z", "text": "Proud to stand with and for so many women who know how important this call &amp; conversation are.... violence against women (or violence of any kind) is not political. It\u2019s human. https://t.co/YwoE0X7EsO", "public_metrics": {"retweet_count": 90, "reply_count": 26, "like_count": 426, "quote_count": 4}, "source": "Twitter for iPhone", "lang": "en", "author": {"location": "Los Angeles, CA", "created_at": "2016-12-08T23:26:58.000Z", "profile_image_url": "https://pbs.twimg.com/profile_images/1383196364792680448/N8CdupEu_normal.jpg", "public_metrics": {"followers_count": 190462, "following_count": 220, "tweet_count": 1151, "listed_count": 567}, "url": "https://t.co/Ze18Ek9SOI", "id": "807003567605227520", "name": "Amber Heard", "username": "realamberheard", "description": "Actor and Activist, semi-professional disruptor, ice cream advocate and shameless teacup yorkie-lover"}}, "author": {"location": "Marsabit", "created_at": "2018-10-05T19:26:35.000Z", "profile_image_url": "https://pbs.twimg.com/profile_images/1053330756687351808/eAAqdTAu_normal.jpg", "public_metrics": {"followers_count": 63, "following_count": 74, "tweet_count": 50, "listed_count": 0}, "url": "https://t.co/yck3dkeHIB", "id": "1048293390176149504", "name": "Bilinga", "username": "Bilinga13", "description": "Teacher cum Information Scientist"}}, {"referenced_tweets": [{"type": "replied_to", "id": "1068321436408971264"}], "id": "1068582036061995010", "author_id": "728274848754110464", "entities": {"mentions": [{"start": 0, "end": 15, "username": "realamberheard", "id": "807003567605227520"}]}, "in_reply_to_user_id": "807003567605227520", "created_at": "2018-11-30T19:06:25.000Z", "text": "@realamberheard Investor for me Pleas,,,,", "public_metrics": {"retweet_count": 0, "reply_count": 0, "like_count": 0, "quote_count": 0}, "source": "Twitter Web Client", "lang": "en", "replied_tweet": {"referenced_tweets": [{"type": "quoted", "id": "1068187839756754944"}], "id": "1068321436408971264", "entities": {"urls": [{"start": 181, "end": 204, "url": "https://t.co/YwoE0X7EsO", "expanded_url": "https://twitter.com/UNHumanRights/status/1068187839756754944", "display_url": "twitter.com/UNHumanRights/\u2026"}]}, "author_id": "807003567605227520", "created_at": "2018-11-30T01:50:53.000Z", "text": "Proud to stand with and for so many women who know how important this call &amp; conversation are.... violence against women (or violence of any kind) is not political. It\u2019s human. https://t.co/YwoE0X7EsO", "public_metrics": {"retweet_count": 90, "reply_count": 26, "like_count": 426, "quote_count": 4}, "source": "Twitter for iPhone", "lang": "en", "author": {"location": "Los Angeles, CA", "created_at": "2016-12-08T23:26:58.000Z", "profile_image_url": "https://pbs.twimg.com/profile_images/1383196364792680448/N8CdupEu_normal.jpg", "public_metrics": {"followers_count": 190462, "following_count": 220, "tweet_count": 1151, "listed_count": 567}, "url": "https://t.co/Ze18Ek9SOI", "id": "807003567605227520", "name": "Amber Heard", "username": "realamberheard", "description": "Actor and Activist, semi-professional disruptor, ice cream advocate and shameless teacup yorkie-lover"}}, "author": {"location": "Bratislava", "created_at": "2016-05-05T17:27:09.000Z", "profile_image_url": "https://pbs.twimg.com/profile_images/1499739852870492171/pCwXQNgW_normal.jpg", "public_metrics": {"followers_count": 734, "following_count": 5007, "tweet_count": 23200, "listed_count": 50}, "url": "", "id": "728274848754110464", "name": "Norbert", "username": "norbert_kukla", "description": "Who lives my dream?.Sto cercando,,Who borrow money?,-\"Startup-Application\"-5.000.-80.000.\u20ac. SK14 8330 0000 0027 0199 3526./SWIFT-FIOZSKBAXXX.,Grazie,Thank."}}, {"referenced_tweets": [{"type": "replied_to", "id": "1068321436408971264"}], "id": "1068559670506414080", "author_id": "931287546260279296", "entities": {"mentions": [{"start": 0, "end": 15, "username": "realamberheard", "id": "807003567605227520"}]}, "in_reply_to_user_id": "807003567605227520", "created_at": "2018-11-30T17:37:32.000Z", "text": "@realamberheard What a joke", "public_metrics": {"retweet_count": 0, "reply_count": 0, "like_count": 9, "quote_count": 0}, "source": "Twitter for Android", "lang": "en", "replied_tweet": {"referenced_tweets": [{"type": "quoted", "id": "1068187839756754944"}], "id": "1068321436408971264", "entities": {"urls": [{"start": 181, "end": 204, "url": "https://t.co/YwoE0X7EsO", "expanded_url": "https://twitter.com/UNHumanRights/status/1068187839756754944", "display_url": "twitter.com/UNHumanRights/\u2026"}]}, "author_id": "807003567605227520", "created_at": "2018-11-30T01:50:53.000Z", "text": "Proud to stand with and for so many women who know how important this call &amp; conversation are.... violence against women (or violence of any kind) is not political. It\u2019s human. https://t.co/YwoE0X7EsO", "public_metrics": {"retweet_count": 90, "reply_count": 26, "like_count": 426, "quote_count": 4}, "source": "Twitter for iPhone", "lang": "en", "author": {"location": "Los Angeles, CA", "created_at": "2016-12-08T23:26:58.000Z", "profile_image_url": "https://pbs.twimg.com/profile_images/1383196364792680448/N8CdupEu_normal.jpg", "public_metrics": {"followers_count": 190462, "following_count": 220, "tweet_count": 1151, "listed_count": 567}, "url": "https://t.co/Ze18Ek9SOI", "id": "807003567605227520", "name": "Amber Heard", "username": "realamberheard", "description": "Actor and Activist, semi-professional disruptor, ice cream advocate and shameless teacup yorkie-lover"}}, "author": {"location": "London, England", "created_at": "2017-11-16T22:27:08.000Z", "profile_image_url": "https://pbs.twimg.com/profile_images/1488482059278589954/k-wgPnLH_normal.jpg", "public_metrics": {"followers_count": 138, "following_count": 898, "tweet_count": 4021, "listed_count": 0}, "url": "https://t.co/tqLcyYBy0R", "id": "931287546260279296", "name": "Mara Henry", "username": "MaraHenry13", "description": "Storyteller. Truth Seeker. Feminist. Cactus Enthusiast. \ud83c\udf35\nshe/her/hers\n\n#BlackLivesMatter \n#SayTheirNames"}}, {"referenced_tweets": [{"type": "replied_to", "id": "1068409421062115328"}], "id": "1068539496319393792", "entities": {"urls": [{"start": 68, "end": 91, "url": "https://t.co/jvmnmEK5q6", "expanded_url": "https://twitter.com/cheeryrosie/status/1068539496319393792/photo/1", "display_url": "pic.twitter.com/jvmnmEK5q6"}], "mentions": [{"start": 0, "end": 11, "username": "sexymanfat", "id": "54522749"}, {"start": 12, "end": 25, "username": "vani_echelon", "id": "230798089"}, {"start": 26, "end": 41, "username": "realamberheard", "id": "807003567605227520"}]}, "author_id": "751139318987628545", "in_reply_to_user_id": "54522749", "created_at": "2018-11-30T16:17:23.000Z", "text": "@sexymanfat @vani_echelon @realamberheard Yep. Can you say awkward! https://t.co/jvmnmEK5q6", "public_metrics": {"retweet_count": 0, "reply_count": 0, "like_count": 6, "quote_count": 0}, "source": "Twitter for Android", "lang": "en", "replied_tweet": {"referenced_tweets": [{"type": "quoted", "id": "1068187839756754944"}], "id": "1068321436408971264", "entities": {"urls": [{"start": 181, "end": 204, "url": "https://t.co/YwoE0X7EsO", "expanded_url": "https://twitter.com/UNHumanRights/status/1068187839756754944", "display_url": "twitter.com/UNHumanRights/\u2026"}]}, "author_id": "807003567605227520", "created_at": "2018-11-30T01:50:53.000Z", "text": "Proud to stand with and for so many women who know how important this call &amp; conversation are.... violence against women (or violence of any kind) is not political. It\u2019s human. https://t.co/YwoE0X7EsO", "public_metrics": {"retweet_count": 90, "reply_count": 26, "like_count": 426, "quote_count": 4}, "source": "Twitter for iPhone", "lang": "en", "author": {"location": "Los Angeles, CA", "created_at": "2016-12-08T23:26:58.000Z", "profile_image_url": "https://pbs.twimg.com/profile_images/1383196364792680448/N8CdupEu_normal.jpg", "public_metrics": {"followers_count": 190462, "following_count": 220, "tweet_count": 1151, "listed_count": 567}, "url": "https://t.co/Ze18Ek9SOI", "id": "807003567605227520", "name": "Amber Heard", "username": "realamberheard", "description": "Actor and Activist, semi-professional disruptor, ice cream advocate and shameless teacup yorkie-lover"}}, "author": {"created_at": "2016-07-07T19:42:24.000Z", "profile_image_url": "https://pbs.twimg.com/profile_images/1426489294760316934/5Pws8UNd_normal.jpg", "public_metrics": {"followers_count": 568, "following_count": 822, "tweet_count": 28037, "listed_count": 1}, "url": "", "id": "751139318987628545", "name": "CheeryRosie just give Andrew Garfield the Oscar", "username": "cheeryrosie", "description": "\ud83c\udf69\ud83c\udf69\ud83c\udf69\ud83c\udf69\ud83c\udf69\n\nHere for #JusticeForJohnnyDepp, Jared Padalecki, Rami Malek and stuff \ud83e\udd37\u200d\u2640\ufe0f\ud83e\udd23. Andrew Garfield has once again taken over my life \ud83d\ude0d"}}, {"referenced_tweets": [{"type": "replied_to", "id": "1068321436408971264"}], "id": "1068532389478113280", "entities": {"annotations": [{"start": 49, "end": 54, "probability": 0.9667, "type": "Person", "normalized_text": "Johnny"}], "mentions": [{"start": 0, "end": 15, "username": "realamberheard", "id": "807003567605227520"}]}, "author_id": "567232063", "in_reply_to_user_id": "807003567605227520", "created_at": "2018-11-30T15:49:08.000Z", "text": "@realamberheard Actions speak louder than words! Johnny is the advocate, not you!", "public_metrics": {"retweet_count": 0, "reply_count": 1, "like_count": 12, "quote_count": 0}, "source": "Twitter for iPad", "lang": "en", "replied_tweet": {"referenced_tweets": [{"type": "quoted", "id": "1068187839756754944"}], "id": "1068321436408971264", "entities": {"urls": [{"start": 181, "end": 204, "url": "https://t.co/YwoE0X7EsO", "expanded_url": "https://twitter.com/UNHumanRights/status/1068187839756754944", "display_url": "twitter.com/UNHumanRights/\u2026"}]}, "author_id": "807003567605227520", "created_at": "2018-11-30T01:50:53.000Z", "text": "Proud to stand with and for so many women who know how important this call &amp; conversation are.... violence against women (or violence of any kind) is not political. It\u2019s human. https://t.co/YwoE0X7EsO", "public_metrics": {"retweet_count": 90, "reply_count": 26, "like_count": 426, "quote_count": 4}, "source": "Twitter for iPhone", "lang": "en", "author": {"location": "Los Angeles, CA", "created_at": "2016-12-08T23:26:58.000Z", "profile_image_url": "https://pbs.twimg.com/profile_images/1383196364792680448/N8CdupEu_normal.jpg", "public_metrics": {"followers_count": 190462, "following_count": 220, "tweet_count": 1151, "listed_count": 567}, "url": "https://t.co/Ze18Ek9SOI", "id": "807003567605227520", "name": "Amber Heard", "username": "realamberheard", "description": "Actor and Activist, semi-professional disruptor, ice cream advocate and shameless teacup yorkie-lover"}}, "author": {"created_at": "2012-04-30T13:36:21.000Z", "profile_image_url": "https://pbs.twimg.com/profile_images/1381993471012085760/rXgj2L8k_normal.png", "public_metrics": {"followers_count": 2236, "following_count": 562, "tweet_count": 195803, "listed_count": 5}, "url": "", "id": "567232063", "name": "Janina #IBelieveHim #justiceforjohnnydepp", "username": "JaninaSamhain", "description": "Johnny Depp devotee \u2764\ufe0f #JohnnyDeppIsGrindelwald #wearewithyouJohnnyDepp #proudofJohnnyDepp #youcantkeepagoodmandown #justiceforJohnnydepp #Grindelwaldsarmy"}}, {"referenced_tweets": [{"type": "replied_to", "id": "1068321436408971264"}], "id": "1068532091426615296", "entities": {"annotations": [{"start": 114, "end": 119, "probability": 0.9916, "type": "Person", "normalized_text": "Johnny"}, {"start": 142, "end": 146, "probability": 0.9766, "type": "Person", "normalized_text": "Tasya"}], "mentions": [{"start": 0, "end": 15, "username": "realamberheard", "id": "807003567605227520"}]}, "author_id": "567232063", "in_reply_to_user_id": "807003567605227520", "created_at": "2018-11-30T15:47:57.000Z", "text": "@realamberheard \u201cViolence against women or violence of any kind\u201d so are you finally acknowledging that you abused Johnny just like you abused Tasya? You see the good he does for his fans and friends every day. All you do is sit on your ass and say the same shit over and over like a broken record", "public_metrics": {"retweet_count": 0, "reply_count": 0, "like_count": 12, "quote_count": 0}, "source": "Twitter for iPad", "lang": "en", "replied_tweet": {"referenced_tweets": [{"type": "quoted", "id": "1068187839756754944"}], "id": "1068321436408971264", "entities": {"urls": [{"start": 181, "end": 204, "url": "https://t.co/YwoE0X7EsO", "expanded_url": "https://twitter.com/UNHumanRights/status/1068187839756754944", "display_url": "twitter.com/UNHumanRights/\u2026"}]}, "author_id": "807003567605227520", "created_at": "2018-11-30T01:50:53.000Z", "text": "Proud to stand with and for so many women who know how important this call &amp; conversation are.... violence against women (or violence of any kind) is not political. It\u2019s human. https://t.co/YwoE0X7EsO", "public_metrics": {"retweet_count": 90, "reply_count": 26, "like_count": 426, "quote_count": 4}, "source": "Twitter for iPhone", "lang": "en", "author": {"location": "Los Angeles, CA", "created_at": "2016-12-08T23:26:58.000Z", "profile_image_url": "https://pbs.twimg.com/profile_images/1383196364792680448/N8CdupEu_normal.jpg", "public_metrics": {"followers_count": 190462, "following_count": 220, "tweet_count": 1151, "listed_count": 567}, "url": "https://t.co/Ze18Ek9SOI", "id": "807003567605227520", "name": "Amber Heard", "username": "realamberheard", "description": "Actor and Activist, semi-professional disruptor, ice cream advocate and shameless teacup yorkie-lover"}}, "author": {"created_at": "2012-04-30T13:36:21.000Z", "profile_image_url": "https://pbs.twimg.com/profile_images/1381993471012085760/rXgj2L8k_normal.png", "public_metrics": {"followers_count": 2236, "following_count": 562, "tweet_count": 195803, "listed_count": 5}, "url": "", "id": "567232063", "name": "Janina #IBelieveHim #justiceforjohnnydepp", "username": "JaninaSamhain", "description": "Johnny Depp devotee \u2764\ufe0f #JohnnyDeppIsGrindelwald #wearewithyouJohnnyDepp #proudofJohnnyDepp #youcantkeepagoodmandown #justiceforJohnnydepp #Grindelwaldsarmy"}}, {"referenced_tweets": [{"type": "replied_to", "id": "1068321436408971264"}], "id": "1068489862062489606", "author_id": "322081493", "entities": {"mentions": [{"start": 0, "end": 15, "username": "realamberheard", "id": "807003567605227520"}]}, "in_reply_to_user_id": "807003567605227520", "created_at": "2018-11-30T13:00:09.000Z", "text": "@realamberheard Well, hope a few learn and slow down when they see a snowplow at the overpass in front of them", "public_metrics": {"retweet_count": 0, "reply_count": 0, "like_count": 0, "quote_count": 0}, "source": "Twitter for iPhone", "lang": "en", "replied_tweet": {"referenced_tweets": [{"type": "quoted", "id": "1068187839756754944"}], "id": "1068321436408971264", "entities": {"urls": [{"start": 181, "end": 204, "url": "https://t.co/YwoE0X7EsO", "expanded_url": "https://twitter.com/UNHumanRights/status/1068187839756754944", "display_url": "twitter.com/UNHumanRights/\u2026"}]}, "author_id": "807003567605227520", "created_at": "2018-11-30T01:50:53.000Z", "text": "Proud to stand with and for so many women who know how important this call &amp; conversation are.... violence against women (or violence of any kind) is not political. It\u2019s human. https://t.co/YwoE0X7EsO", "public_metrics": {"retweet_count": 90, "reply_count": 26, "like_count": 426, "quote_count": 4}, "source": "Twitter for iPhone", "lang": "en", "author": {"location": "Los Angeles, CA", "created_at": "2016-12-08T23:26:58.000Z", "profile_image_url": "https://pbs.twimg.com/profile_images/1383196364792680448/N8CdupEu_normal.jpg", "public_metrics": {"followers_count": 190462, "following_count": 220, "tweet_count": 1151, "listed_count": 567}, "url": "https://t.co/Ze18Ek9SOI", "id": "807003567605227520", "name": "Amber Heard", "username": "realamberheard", "description": "Actor and Activist, semi-professional disruptor, ice cream advocate and shameless teacup yorkie-lover"}}, "author": {"location": "Panama, Panam\u00e1", "created_at": "2011-06-22T16:13:52.000Z", "profile_image_url": "https://pbs.twimg.com/profile_images/1275560212657815553/WCR8yhEZ_normal.jpg", "public_metrics": {"followers_count": 127, "following_count": 223, "tweet_count": 6078, "listed_count": 3}, "url": "https://t.co/X3JPvMQMJP", "id": "322081493", "name": "Alvaro Soto", "username": "AlvaroSoto13", "description": "Panamanian Portrait and Comercial Photographer. Proud and respectful of my roots and true to myself."}}, {"referenced_tweets": [{"type": "replied_to", "id": "1068321436408971264"}], "id": "1068489745339219978", "author_id": "227593142", "entities": {"mentions": [{"start": 0, "end": 15, "username": "realamberheard", "id": "807003567605227520"}]}, "in_reply_to_user_id": "807003567605227520", "created_at": "2018-11-30T12:59:41.000Z", "text": "@realamberheard stand against violence, but not against using it,you have no right to stand up for anyone, least of all DV victims/survivors .... you should never be asked to spokesperson women\u2019s rights, you are truly the worst example and put those rights back by decades", "public_metrics": {"retweet_count": 0, "reply_count": 0, "like_count": 1, "quote_count": 0}, "source": "Twitter for iPhone", "lang": "en", "replied_tweet": {"referenced_tweets": [{"type": "quoted", "id": "1068187839756754944"}], "id": "1068321436408971264", "entities": {"urls": [{"start": 181, "end": 204, "url": "https://t.co/YwoE0X7EsO", "expanded_url": "https://twitter.com/UNHumanRights/status/1068187839756754944", "display_url": "twitter.com/UNHumanRights/\u2026"}]}, "author_id": "807003567605227520", "created_at": "2018-11-30T01:50:53.000Z", "text": "Proud to stand with and for so many women who know how important this call &amp; conversation are.... violence against women (or violence of any kind) is not political. It\u2019s human. https://t.co/YwoE0X7EsO", "public_metrics": {"retweet_count": 90, "reply_count": 26, "like_count": 426, "quote_count": 4}, "source": "Twitter for iPhone", "lang": "en", "author": {"location": "Los Angeles, CA", "created_at": "2016-12-08T23:26:58.000Z", "profile_image_url": "https://pbs.twimg.com/profile_images/1383196364792680448/N8CdupEu_normal.jpg", "public_metrics": {"followers_count": 190462, "following_count": 220, "tweet_count": 1151, "listed_count": 567}, "url": "https://t.co/Ze18Ek9SOI", "id": "807003567605227520", "name": "Amber Heard", "username": "realamberheard", "description": "Actor and Activist, semi-professional disruptor, ice cream advocate and shameless teacup yorkie-lover"}}, "author": {"location": "Bolton, England", "created_at": "2010-12-17T07:16:25.000Z", "profile_image_url": "https://pbs.twimg.com/profile_images/1489190835862347780/oh3lfDk4_normal.jpg", "public_metrics": {"followers_count": 147, "following_count": 201, "tweet_count": 3613, "listed_count": 1}, "url": "", "id": "227593142", "name": "Gilbert's_Grape\ud83c\udf47", "username": "madcoworwhat", "description": "Love Entertainment, Movies, Rock Music, Tattoos.. deppaholic.... Work hard, play harder... x"}}, {"referenced_tweets": [{"type": "replied_to", "id": "1068321436408971264"}], "id": "1068477594113318913", "entities": {"urls": [{"start": 16, "end": 39, "url": "https://t.co/dqpKNweFP3", "expanded_url": "https://twitter.com/ellascott233/status/1068477594113318913/photo/1", "display_url": "pic.twitter.com/dqpKNweFP3"}], "mentions": [{"start": 0, "end": 15, "username": "realamberheard", "id": "807003567605227520"}]}, "author_id": "749711750786912256", "in_reply_to_user_id": "807003567605227520", "created_at": "2018-11-30T12:11:24.000Z", "text": "@realamberheard https://t.co/dqpKNweFP3", "public_metrics": {"retweet_count": 1, "reply_count": 0, "like_count": 11, "quote_count": 0}, "source": "Twitter for iPhone", "lang": "und", "replied_tweet": {"referenced_tweets": [{"type": "quoted", "id": "1068187839756754944"}], "id": "1068321436408971264", "entities": {"urls": [{"start": 181, "end": 204, "url": "https://t.co/YwoE0X7EsO", "expanded_url": "https://twitter.com/UNHumanRights/status/1068187839756754944", "display_url": "twitter.com/UNHumanRights/\u2026"}]}, "author_id": "807003567605227520", "created_at": "2018-11-30T01:50:53.000Z", "text": "Proud to stand with and for so many women who know how important this call &amp; conversation are.... violence against women (or violence of any kind) is not political. It\u2019s human. https://t.co/YwoE0X7EsO", "public_metrics": {"retweet_count": 90, "reply_count": 26, "like_count": 426, "quote_count": 4}, "source": "Twitter for iPhone", "lang": "en", "author": {"location": "Los Angeles, CA", "created_at": "2016-12-08T23:26:58.000Z", "profile_image_url": "https://pbs.twimg.com/profile_images/1383196364792680448/N8CdupEu_normal.jpg", "public_metrics": {"followers_count": 190462, "following_count": 220, "tweet_count": 1151, "listed_count": 567}, "url": "https://t.co/Ze18Ek9SOI", "id": "807003567605227520", "name": "Amber Heard", "username": "realamberheard", "description": "Actor and Activist, semi-professional disruptor, ice cream advocate and shameless teacup yorkie-lover"}}, "author": {"location": "Citizen of Nowhere", "created_at": "2016-07-03T21:09:45.000Z", "profile_image_url": "https://pbs.twimg.com/profile_images/1505108476384755713/VV43vCu1_normal.jpg", "public_metrics": {"followers_count": 1781, "following_count": 2387, "tweet_count": 28368, "listed_count": 4}, "url": "", "id": "749711750786912256", "name": "You know it makes sense KPSS \ud83d\udc9a\ud83e\udd0d\ud83d\udc9c", "username": "NeverTheSun23", "description": "Riding the 4th wave! Show me the 3rd gamete! Reading #medialaw, #istandwithrosieduffield #justiceforjohnnydepp was falsely accused! Pronouns: WTAF/GTFO/IDGAF"}}, {"referenced_tweets": [{"type": "replied_to", "id": "1068409421062115328"}], "id": "1068477242563588097", "author_id": "749711750786912256", "entities": {"mentions": [{"start": 0, "end": 11, "username": "sexymanfat", "id": "54522749"}, {"start": 12, "end": 27, "username": "realamberheard", "id": "807003567605227520"}]}, "in_reply_to_user_id": "54522749", "created_at": "2018-11-30T12:10:00.000Z", "text": "@sexymanfat @realamberheard Yep two of them!", "public_metrics": {"retweet_count": 0, "reply_count": 0, "like_count": 10, "quote_count": 0}, "source": "Twitter for iPhone", "lang": "en", "replied_tweet": {"referenced_tweets": [{"type": "quoted", "id": "1068187839756754944"}], "id": "1068321436408971264", "entities": {"urls": [{"start": 181, "end": 204, "url": "https://t.co/YwoE0X7EsO", "expanded_url": "https://twitter.com/UNHumanRights/status/1068187839756754944", "display_url": "twitter.com/UNHumanRights/\u2026"}]}, "author_id": "807003567605227520", "created_at": "2018-11-30T01:50:53.000Z", "text": "Proud to stand with and for so many women who know how important this call &amp; conversation are.... violence against women (or violence of any kind) is not political. It\u2019s human. https://t.co/YwoE0X7EsO", "public_metrics": {"retweet_count": 90, "reply_count": 26, "like_count": 426, "quote_count": 4}, "source": "Twitter for iPhone", "lang": "en", "author": {"location": "Los Angeles, CA", "created_at": "2016-12-08T23:26:58.000Z", "profile_image_url": "https://pbs.twimg.com/profile_images/1383196364792680448/N8CdupEu_normal.jpg", "public_metrics": {"followers_count": 190462, "following_count": 220, "tweet_count": 1151, "listed_count": 567}, "url": "https://t.co/Ze18Ek9SOI", "id": "807003567605227520", "name": "Amber Heard", "username": "realamberheard", "description": "Actor and Activist, semi-professional disruptor, ice cream advocate and shameless teacup yorkie-lover"}}, "author": {"location": "Citizen of Nowhere", "created_at": "2016-07-03T21:09:45.000Z", "profile_image_url": "https://pbs.twimg.com/profile_images/1505108476384755713/VV43vCu1_normal.jpg", "public_metrics": {"followers_count": 1781, "following_count": 2387, "tweet_count": 28368, "listed_count": 4}, "url": "", "id": "749711750786912256", "name": "You know it makes sense KPSS \ud83d\udc9a\ud83e\udd0d\ud83d\udc9c", "username": "NeverTheSun23", "description": "Riding the 4th wave! Show me the 3rd gamete! Reading #medialaw, #istandwithrosieduffield #justiceforjohnnydepp was falsely accused! Pronouns: WTAF/GTFO/IDGAF"}}, {"referenced_tweets": [{"type": "replied_to", "id": "1068450398690783233"}], "id": "1068477061877170176", "author_id": "749711750786912256", "entities": {"mentions": [{"start": 0, "end": 14, "username": "josetorres17_", "id": "1396147920"}, {"start": 15, "end": 28, "username": "Willradiorun", "id": "25637175"}, {"start": 29, "end": 44, "username": "realamberheard", "id": "807003567605227520"}]}, "in_reply_to_user_id": "1396147920", "created_at": "2018-11-30T12:09:17.000Z", "text": "@josetorres17_ @Willradiorun @realamberheard Precisely! It\u2019s a joke, she\u2019s a hypocrite of the highest order. And she can\u2019t act!", "public_metrics": {"retweet_count": 1, "reply_count": 2, "like_count": 13, "quote_count": 0}, "source": "Twitter for iPhone", "lang": "en", "replied_tweet": {"referenced_tweets": [{"type": "quoted", "id": "1068187839756754944"}], "id": "1068321436408971264", "entities": {"urls": [{"start": 181, "end": 204, "url": "https://t.co/YwoE0X7EsO", "expanded_url": "https://twitter.com/UNHumanRights/status/1068187839756754944", "display_url": "twitter.com/UNHumanRights/\u2026"}]}, "author_id": "807003567605227520", "created_at": "2018-11-30T01:50:53.000Z", "text": "Proud to stand with and for so many women who know how important this call &amp; conversation are.... violence against women (or violence of any kind) is not political. It\u2019s human. https://t.co/YwoE0X7EsO", "public_metrics": {"retweet_count": 90, "reply_count": 26, "like_count": 426, "quote_count": 4}, "source": "Twitter for iPhone", "lang": "en", "author": {"location": "Los Angeles, CA", "created_at": "2016-12-08T23:26:58.000Z", "profile_image_url": "https://pbs.twimg.com/profile_images/1383196364792680448/N8CdupEu_normal.jpg", "public_metrics": {"followers_count": 190462, "following_count": 220, "tweet_count": 1151, "listed_count": 567}, "url": "https://t.co/Ze18Ek9SOI", "id": "807003567605227520", "name": "Amber Heard", "username": "realamberheard", "description": "Actor and Activist, semi-professional disruptor, ice cream advocate and shameless teacup yorkie-lover"}}, "author": {"location": "Citizen of Nowhere", "created_at": "2016-07-03T21:09:45.000Z", "profile_image_url": "https://pbs.twimg.com/profile_images/1505108476384755713/VV43vCu1_normal.jpg", "public_metrics": {"followers_count": 1781, "following_count": 2387, "tweet_count": 28368, "listed_count": 4}, "url": "", "id": "749711750786912256", "name": "You know it makes sense KPSS \ud83d\udc9a\ud83e\udd0d\ud83d\udc9c", "username": "NeverTheSun23", "description": "Riding the 4th wave! Show me the 3rd gamete! Reading #medialaw, #istandwithrosieduffield #justiceforjohnnydepp was falsely accused! Pronouns: WTAF/GTFO/IDGAF"}}, {"referenced_tweets": [{"type": "replied_to", "id": "1068321436408971264"}], "id": "1068461933857263617", "author_id": "1050523101790920704", "entities": {"mentions": [{"start": 0, "end": 15, "username": "realamberheard", "id": "807003567605227520"}]}, "in_reply_to_user_id": "807003567605227520", "created_at": "2018-11-30T11:09:10.000Z", "text": "@realamberheard Stop it you make me sick\ud83e\udd2e\ud83e\udd2e\ud83e\udd2e\ud83e\udd2e\ud83e\udd2e\ud83e\udd2e\ud83e\udd2e\ud83e\udd2e\ud83e\udd2e\ud83e\udd2e\ud83e\udd2e\ud83e\udd2e\ud83e\udd2e\ud83e\udd2e\ud83e\udd2e\ud83e\udd2e\ud83e\udd2e\ud83e\udd2e\ud83e\udd2e\ud83e\udd2e\ud83e\udd2e\ud83e\udd2e\ud83e\udd2e\ud83e\udd2e\ud83e\udd2e\ud83e\udd2e\ud83e\udd2e\ud83e\udd2e\ud83e\udd2e\ud83e\udd2e\ud83e\udd2e\ud83e\udd2e\ud83e\udd2e\ud83e\udd2e\ud83e\udd2e\ud83e\udd2e\ud83e\udd2e\ud83e\udd2e\ud83e\udd2e\ud83e\udd2e\ud83e\udd2e\ud83e\udd2e\ud83e\udd2e\ud83e\udd2e\ud83e\udd2e\ud83e\udd2e\ud83e\udd2e\ud83e\udd2e", "public_metrics": {"retweet_count": 1, "reply_count": 0, "like_count": 17, "quote_count": 0}, "source": "Twitter for iPhone", "lang": "en", "replied_tweet": {"referenced_tweets": [{"type": "quoted", "id": "1068187839756754944"}], "id": "1068321436408971264", "entities": {"urls": [{"start": 181, "end": 204, "url": "https://t.co/YwoE0X7EsO", "expanded_url": "https://twitter.com/UNHumanRights/status/1068187839756754944", "display_url": "twitter.com/UNHumanRights/\u2026"}]}, "author_id": "807003567605227520", "created_at": "2018-11-30T01:50:53.000Z", "text": "Proud to stand with and for so many women who know how important this call &amp; conversation are.... violence against women (or violence of any kind) is not political. It\u2019s human. https://t.co/YwoE0X7EsO", "public_metrics": {"retweet_count": 90, "reply_count": 26, "like_count": 426, "quote_count": 4}, "source": "Twitter for iPhone", "lang": "en", "author": {"location": "Los Angeles, CA", "created_at": "2016-12-08T23:26:58.000Z", "profile_image_url": "https://pbs.twimg.com/profile_images/1383196364792680448/N8CdupEu_normal.jpg", "public_metrics": {"followers_count": 190462, "following_count": 220, "tweet_count": 1151, "listed_count": 567}, "url": "https://t.co/Ze18Ek9SOI", "id": "807003567605227520", "name": "Amber Heard", "username": "realamberheard", "description": "Actor and Activist, semi-professional disruptor, ice cream advocate and shameless teacup yorkie-lover"}}, "author": {"location": "Islamic Republic of Iran", "created_at": "2018-10-11T23:06:40.000Z", "profile_image_url": "https://pbs.twimg.com/profile_images/1323324433822408704/awzZrzsA_normal.png", "public_metrics": {"followers_count": 301, "following_count": 423, "tweet_count": 21690, "listed_count": 0}, "url": "", "id": "1050523101790920704", "name": "Voodoo_doll waldman", "username": "Voodie2", "description": "#justiceforjohnnydepp \u201cThe truth will come out in all of this and I will be standing on the other side of the roaring rapids. I hope other people will too\u201d"}}, {"referenced_tweets": [{"type": "replied_to", "id": "1068435192191361024"}], "id": "1068450398690783233", "entities": {"annotations": [{"start": 45, "end": 46, "probability": 0.5434, "type": "Product", "normalized_text": "IG"}], "mentions": [{"start": 0, "end": 13, "username": "Willradiorun", "id": "25637175"}, {"start": 14, "end": 29, "username": "realamberheard", "id": "807003567605227520"}]}, "author_id": "1396147920", "in_reply_to_user_id": "25637175", "created_at": "2018-11-30T10:23:20.000Z", "text": "@Willradiorun @realamberheard I said this on IG and she blocked me \ud83d\ude2d\ud83d\ude02", "public_metrics": {"retweet_count": 0, "reply_count": 1, "like_count": 6, "quote_count": 0}, "source": "Twitter for Android", "lang": "en", "replied_tweet": {"referenced_tweets": [{"type": "quoted", "id": "1068187839756754944"}], "id": "1068321436408971264", "entities": {"urls": [{"start": 181, "end": 204, "url": "https://t.co/YwoE0X7EsO", "expanded_url": "https://twitter.com/UNHumanRights/status/1068187839756754944", "display_url": "twitter.com/UNHumanRights/\u2026"}]}, "author_id": "807003567605227520", "created_at": "2018-11-30T01:50:53.000Z", "text": "Proud to stand with and for so many women who know how important this call &amp; conversation are.... violence against women (or violence of any kind) is not political. It\u2019s human. https://t.co/YwoE0X7EsO", "public_metrics": {"retweet_count": 90, "reply_count": 26, "like_count": 426, "quote_count": 4}, "source": "Twitter for iPhone", "lang": "en", "author": {"location": "Los Angeles, CA", "created_at": "2016-12-08T23:26:58.000Z", "profile_image_url": "https://pbs.twimg.com/profile_images/1383196364792680448/N8CdupEu_normal.jpg", "public_metrics": {"followers_count": 190462, "following_count": 220, "tweet_count": 1151, "listed_count": 567}, "url": "https://t.co/Ze18Ek9SOI", "id": "807003567605227520", "name": "Amber Heard", "username": "realamberheard", "description": "Actor and Activist, semi-professional disruptor, ice cream advocate and shameless teacup yorkie-lover"}}, "author": {"created_at": "2013-05-02T03:29:24.000Z", "profile_image_url": "https://pbs.twimg.com/profile_images/1267341610934812679/LLi0xzMj_normal.jpg", "public_metrics": {"followers_count": 130, "following_count": 464, "tweet_count": 2354, "listed_count": 0}, "url": "", "id": "1396147920", "name": "Jose Torres", "username": "josetorres17_", "description": "IG: jt.alpha"}}, {"referenced_tweets": [{"type": "replied_to", "id": "1068321436408971264"}], "id": "1068435192191361024", "entities": {"urls": [{"start": 119, "end": 142, "url": "https://t.co/rlwTXq2pqK", "expanded_url": "https://twitter.com/Willradiorun/status/1068435192191361024/photo/1", "display_url": "pic.twitter.com/rlwTXq2pqK"}], "mentions": [{"start": 0, "end": 15, "username": "realamberheard", "id": "807003567605227520"}]}, "author_id": "25637175", "in_reply_to_user_id": "807003567605227520", "created_at": "2018-11-30T09:22:55.000Z", "text": "@realamberheard When does someone who was arrested for domestic violence get to be a spokesperson for that very thing? https://t.co/rlwTXq2pqK", "public_metrics": {"retweet_count": 2, "reply_count": 1, "like_count": 26, "quote_count": 0}, "source": "Twitter for iPhone", "lang": "en", "replied_tweet": {"referenced_tweets": [{"type": "quoted", "id": "1068187839756754944"}], "id": "1068321436408971264", "entities": {"urls": [{"start": 181, "end": 204, "url": "https://t.co/YwoE0X7EsO", "expanded_url": "https://twitter.com/UNHumanRights/status/1068187839756754944", "display_url": "twitter.com/UNHumanRights/\u2026"}]}, "author_id": "807003567605227520", "created_at": "2018-11-30T01:50:53.000Z", "text": "Proud to stand with and for so many women who know how important this call &amp; conversation are.... violence against women (or violence of any kind) is not political. It\u2019s human. https://t.co/YwoE0X7EsO", "public_metrics": {"retweet_count": 90, "reply_count": 26, "like_count": 426, "quote_count": 4}, "source": "Twitter for iPhone", "lang": "en", "author": {"location": "Los Angeles, CA", "created_at": "2016-12-08T23:26:58.000Z", "profile_image_url": "https://pbs.twimg.com/profile_images/1383196364792680448/N8CdupEu_normal.jpg", "public_metrics": {"followers_count": 190462, "following_count": 220, "tweet_count": 1151, "listed_count": 567}, "url": "https://t.co/Ze18Ek9SOI", "id": "807003567605227520", "name": "Amber Heard", "username": "realamberheard", "description": "Actor and Activist, semi-professional disruptor, ice cream advocate and shameless teacup yorkie-lover"}}, "author": {"location": "Dallas, Texas", "created_at": "2009-03-21T04:08:13.000Z", "profile_image_url": "https://pbs.twimg.com/profile_images/1060657694883876864/QgfXQgVf_normal.jpg", "public_metrics": {"followers_count": 927, "following_count": 1652, "tweet_count": 10334, "listed_count": 25}, "url": "", "id": "25637175", "name": "Will Gro", "username": "Willradiorun", "description": "Human In Dallas TX"}}, {"referenced_tweets": [{"type": "replied_to", "id": "1068321436408971264"}], "id": "1068342976773058560", "author_id": "785148392498421760", "entities": {"mentions": [{"start": 0, "end": 15, "username": "realamberheard", "id": "807003567605227520"}]}, "in_reply_to_user_id": "807003567605227520", "created_at": "2018-11-30T03:16:29.000Z", "text": "@realamberheard I can't be more proud to love and support such a brave and strong woman like you. \ud83d\udcaa\u00a0You are an inspiration for women, and even more for all those who have known or who still suffer this violence and who remain traumatized or who continue to suffer in silence \u2764\ufe0f\u2764\ufe0f", "public_metrics": {"retweet_count": 0, "reply_count": 0, "like_count": 3, "quote_count": 0}, "source": "Twitter Web Client", "lang": "en", "replied_tweet": {"referenced_tweets": [{"type": "quoted", "id": "1068187839756754944"}], "id": "1068321436408971264", "entities": {"urls": [{"start": 181, "end": 204, "url": "https://t.co/YwoE0X7EsO", "expanded_url": "https://twitter.com/UNHumanRights/status/1068187839756754944", "display_url": "twitter.com/UNHumanRights/\u2026"}]}, "author_id": "807003567605227520", "created_at": "2018-11-30T01:50:53.000Z", "text": "Proud to stand with and for so many women who know how important this call &amp; conversation are.... violence against women (or violence of any kind) is not political. It\u2019s human. https://t.co/YwoE0X7EsO", "public_metrics": {"retweet_count": 90, "reply_count": 26, "like_count": 426, "quote_count": 4}, "source": "Twitter for iPhone", "lang": "en", "author": {"location": "Los Angeles, CA", "created_at": "2016-12-08T23:26:58.000Z", "profile_image_url": "https://pbs.twimg.com/profile_images/1383196364792680448/N8CdupEu_normal.jpg", "public_metrics": {"followers_count": 190462, "following_count": 220, "tweet_count": 1151, "listed_count": 567}, "url": "https://t.co/Ze18Ek9SOI", "id": "807003567605227520", "name": "Amber Heard", "username": "realamberheard", "description": "Actor and Activist, semi-professional disruptor, ice cream advocate and shameless teacup yorkie-lover"}}, "author": {"location": "Bordeaux, France", "created_at": "2016-10-09T16:02:18.000Z", "profile_image_url": "https://pbs.twimg.com/profile_images/1138826096386936837/71Iwj2dh_normal.jpg", "public_metrics": {"followers_count": 738, "following_count": 720, "tweet_count": 49396, "listed_count": 28}, "url": "", "id": "785148392498421760", "name": "Cora Melodie", "username": "CoraMelodie", "description": "Actress/Producer & UNHCR Special Envoy #AngelinaJolie | Actress, Activist & Human Rights Champion @realamberheard | @JeniferOfficiel \n\n#IStandWithYouAmberHeard"}}, {"referenced_tweets": [{"type": "replied_to", "id": "1068321436408971264"}], "id": "1068332899043368961", "author_id": "875884874535718912", "entities": {"mentions": [{"start": 0, "end": 15, "username": "realamberheard", "id": "807003567605227520"}]}, "in_reply_to_user_id": "807003567605227520", "created_at": "2018-11-30T02:36:26.000Z", "text": "@realamberheard proud of you", "public_metrics": {"retweet_count": 0, "reply_count": 0, "like_count": 1, "quote_count": 0}, "source": "Twitter Web Client", "lang": "en", "replied_tweet": {"referenced_tweets": [{"type": "quoted", "id": "1068187839756754944"}], "id": "1068321436408971264", "entities": {"urls": [{"start": 181, "end": 204, "url": "https://t.co/YwoE0X7EsO", "expanded_url": "https://twitter.com/UNHumanRights/status/1068187839756754944", "display_url": "twitter.com/UNHumanRights/\u2026"}]}, "author_id": "807003567605227520", "created_at": "2018-11-30T01:50:53.000Z", "text": "Proud to stand with and for so many women who know how important this call &amp; conversation are.... violence against women (or violence of any kind) is not political. It\u2019s human. https://t.co/YwoE0X7EsO", "public_metrics": {"retweet_count": 90, "reply_count": 26, "like_count": 426, "quote_count": 4}, "source": "Twitter for iPhone", "lang": "en", "author": {"location": "Los Angeles, CA", "created_at": "2016-12-08T23:26:58.000Z", "profile_image_url": "https://pbs.twimg.com/profile_images/1383196364792680448/N8CdupEu_normal.jpg", "public_metrics": {"followers_count": 190462, "following_count": 220, "tweet_count": 1151, "listed_count": 567}, "url": "https://t.co/Ze18Ek9SOI", "id": "807003567605227520", "name": "Amber Heard", "username": "realamberheard", "description": "Actor and Activist, semi-professional disruptor, ice cream advocate and shameless teacup yorkie-lover"}}, "author": {"location": "ela/dela", "created_at": "2017-06-17T01:16:42.000Z", "profile_image_url": "https://pbs.twimg.com/profile_images/1386355649324457987/OaHmgKFY_normal.jpg", "public_metrics": {"followers_count": 423, "following_count": 398, "tweet_count": 9999, "listed_count": 3}, "url": "", "id": "875884874535718912", "name": "lucille sharpe", "username": "evanrachxlswood", "description": "what would evan rachel wood do?"}}, {"referenced_tweets": [{"type": "replied_to", "id": "1068321436408971264"}], "id": "1068329553410605057", "author_id": "4396120342", "entities": {"mentions": [{"start": 0, "end": 15, "username": "realamberheard", "id": "807003567605227520"}]}, "in_reply_to_user_id": "807003567605227520", "created_at": "2018-11-30T02:23:08.000Z", "text": "@realamberheard I couldn't be prouder than to stan behind a brave woman who's using her voice not only to speak by herself but also for many other women that are suffering in silence \ud83d\udc4d\ud83d\ude0a", "public_metrics": {"retweet_count": 0, "reply_count": 0, "like_count": 3, "quote_count": 0}, "source": "Twitter for Android", "lang": "en", "replied_tweet": {"referenced_tweets": [{"type": "quoted", "id": "1068187839756754944"}], "id": "1068321436408971264", "entities": {"urls": [{"start": 181, "end": 204, "url": "https://t.co/YwoE0X7EsO", "expanded_url": "https://twitter.com/UNHumanRights/status/1068187839756754944", "display_url": "twitter.com/UNHumanRights/\u2026"}]}, "author_id": "807003567605227520", "created_at": "2018-11-30T01:50:53.000Z", "text": "Proud to stand with and for so many women who know how important this call &amp; conversation are.... violence against women (or violence of any kind) is not political. It\u2019s human. https://t.co/YwoE0X7EsO", "public_metrics": {"retweet_count": 90, "reply_count": 26, "like_count": 426, "quote_count": 4}, "source": "Twitter for iPhone", "lang": "en", "author": {"location": "Los Angeles, CA", "created_at": "2016-12-08T23:26:58.000Z", "profile_image_url": "https://pbs.twimg.com/profile_images/1383196364792680448/N8CdupEu_normal.jpg", "public_metrics": {"followers_count": 190462, "following_count": 220, "tweet_count": 1151, "listed_count": 567}, "url": "https://t.co/Ze18Ek9SOI", "id": "807003567605227520", "name": "Amber Heard", "username": "realamberheard", "description": "Actor and Activist, semi-professional disruptor, ice cream advocate and shameless teacup yorkie-lover"}}, "author": {"created_at": "2015-12-06T17:21:06.000Z", "profile_image_url": "https://pbs.twimg.com/profile_images/1378175478478082050/UKLiQPuk_normal.jpg", "public_metrics": {"followers_count": 678, "following_count": 296, "tweet_count": 58624, "listed_count": 26}, "url": "", "id": "4396120342", "name": "STIRGUS SACCHETTI", "username": "stirgussa", "description": "Only two things are infinite, the universe and human stupidity, and I'm not sure about the former. - Albert Einstein and Me!"}}, {"referenced_tweets": [{"type": "replied_to", "id": "1068321436408971264"}], "id": "1068322265757073408", "entities": {"annotations": [{"start": 21, "end": 25, "probability": 0.8635, "type": "Person", "normalized_text": "amber"}], "mentions": [{"start": 0, "end": 15, "username": "realamberheard", "id": "807003567605227520"}]}, "author_id": "989633741114003456", "in_reply_to_user_id": "807003567605227520", "created_at": "2018-11-30T01:54:11.000Z", "text": "@realamberheard Dear amber,your a very strong leader for all woman's equal protective rights your appreciated my freind!@", "public_metrics": {"retweet_count": 0, "reply_count": 0, "like_count": 1, "quote_count": 0}, "source": "Twitter for Android", "lang": "en", "replied_tweet": {"referenced_tweets": [{"type": "quoted", "id": "1068187839756754944"}], "id": "1068321436408971264", "entities": {"urls": [{"start": 181, "end": 204, "url": "https://t.co/YwoE0X7EsO", "expanded_url": "https://twitter.com/UNHumanRights/status/1068187839756754944", "display_url": "twitter.com/UNHumanRights/\u2026"}]}, "author_id": "807003567605227520", "created_at": "2018-11-30T01:50:53.000Z", "text": "Proud to stand with and for so many women who know how important this call &amp; conversation are.... violence against women (or violence of any kind) is not political. It\u2019s human. https://t.co/YwoE0X7EsO", "public_metrics": {"retweet_count": 90, "reply_count": 26, "like_count": 426, "quote_count": 4}, "source": "Twitter for iPhone", "lang": "en", "author": {"location": "Los Angeles, CA", "created_at": "2016-12-08T23:26:58.000Z", "profile_image_url": "https://pbs.twimg.com/profile_images/1383196364792680448/N8CdupEu_normal.jpg", "public_metrics": {"followers_count": 190462, "following_count": 220, "tweet_count": 1151, "listed_count": 567}, "url": "https://t.co/Ze18Ek9SOI", "id": "807003567605227520", "name": "Amber Heard", "username": "realamberheard", "description": "Actor and Activist, semi-professional disruptor, ice cream advocate and shameless teacup yorkie-lover"}}, "author": {"location": "Long Island,new York", "created_at": "2018-04-26T22:34:05.000Z", "profile_image_url": "https://abs.twimg.com/sticky/default_profile_images/default_profile_normal.png", "public_metrics": {"followers_count": 39, "following_count": 269, "tweet_count": 44974, "listed_count": 0}, "url": "", "id": "989633741114003456", "name": "Paulwalwanis", "username": "Paulwalwanis7", "description": "Comedy,counselor"}}, {"referenced_tweets": [{"type": "replied_to", "id": "1068321436408971264"}], "id": "1068322024295202818", "author_id": "276097327", "entities": {"mentions": [{"start": 0, "end": 15, "username": "realamberheard", "id": "807003567605227520"}]}, "in_reply_to_user_id": "807003567605227520", "created_at": "2018-11-30T01:53:13.000Z", "text": "@realamberheard Linda \ud83d\ude31", "public_metrics": {"retweet_count": 0, "reply_count": 0, "like_count": 0, "quote_count": 0}, "source": "Twitter for Android", "lang": "pt", "replied_tweet": {"referenced_tweets": [{"type": "quoted", "id": "1068187839756754944"}], "id": "1068321436408971264", "entities": {"urls": [{"start": 181, "end": 204, "url": "https://t.co/YwoE0X7EsO", "expanded_url": "https://twitter.com/UNHumanRights/status/1068187839756754944", "display_url": "twitter.com/UNHumanRights/\u2026"}]}, "author_id": "807003567605227520", "created_at": "2018-11-30T01:50:53.000Z", "text": "Proud to stand with and for so many women who know how important this call &amp; conversation are.... violence against women (or violence of any kind) is not political. It\u2019s human. https://t.co/YwoE0X7EsO", "public_metrics": {"retweet_count": 90, "reply_count": 26, "like_count": 426, "quote_count": 4}, "source": "Twitter for iPhone", "lang": "en", "author": {"location": "Los Angeles, CA", "created_at": "2016-12-08T23:26:58.000Z", "profile_image_url": "https://pbs.twimg.com/profile_images/1383196364792680448/N8CdupEu_normal.jpg", "public_metrics": {"followers_count": 190462, "following_count": 220, "tweet_count": 1151, "listed_count": 567}, "url": "https://t.co/Ze18Ek9SOI", "id": "807003567605227520", "name": "Amber Heard", "username": "realamberheard", "description": "Actor and Activist, semi-professional disruptor, ice cream advocate and shameless teacup yorkie-lover"}}, "author": {"created_at": "2011-04-02T16:59:58.000Z", "profile_image_url": "https://pbs.twimg.com/profile_images/1418708491246743555/55L7MdoH_normal.jpg", "public_metrics": {"followers_count": 6, "following_count": 109, "tweet_count": 1669, "listed_count": 0}, "url": "", "id": "276097327", "name": "Le\u00f4nidas Junior", "username": "leonidasdiamant", "description": "Corretor de Imoveis no Estado do SP\ne Gamer na horas vagas ."}}]