[{"in_reply_to_user_id": "807003567605227520", "source": "Twitter Web Client", "referenced_tweets": [{"type": "replied_to", "id": "1068617812636241920"}], "author_id": "2271947402", "id": "1076311213116657664", "created_at": "2018-12-22T02:59:24.000Z", "public_metrics": {"retweet_count": 0, "reply_count": 0, "like_count": 0, "quote_count": 0}, "entities": {"mentions": [{"start": 0, "end": 15, "username": "realamberheard", "id": "807003567605227520"}]}, "text": "@realamberheard BEAUTIFUL!", "lang": "en", "replied_tweet": {"source": "Twitter for iPhone", "author_id": "807003567605227520", "id": "1068617812636241920", "entities": {"urls": [{"start": 43, "end": 66, "url": "https://t.co/giSqTHVzJz", "expanded_url": "https://twitter.com/realamberheard/status/1068617812636241920/photo/1", "display_url": "pic.twitter.com/giSqTHVzJz"}], "hashtags": [{"start": 31, "end": 42, "tag": "PorterEDIT"}]}, "created_at": "2018-11-30T21:28:35.000Z", "public_metrics": {"retweet_count": 169, "reply_count": 35, "like_count": 1384, "quote_count": 13}, "text": "December 2018 | PORTER X EDIT \n#PorterEDIT https://t.co/giSqTHVzJz", "lang": "pt", "author": {"description": "Actor and Activist, semi-professional disruptor, ice cream advocate and shameless teacup yorkie-lover", "profile_image_url": "https://pbs.twimg.com/profile_images/1383196364792680448/N8CdupEu_normal.jpg", "name": "Amber Heard", "id": "807003567605227520", "created_at": "2016-12-08T23:26:58.000Z", "url": "https://t.co/Ze18Ek9SOI", "public_metrics": {"followers_count": 190462, "following_count": 220, "tweet_count": 1151, "listed_count": 567}, "location": "Los Angeles, CA", "username": "realamberheard"}}, "author": {"description": "", "profile_image_url": "https://pbs.twimg.com/profile_images/1180411509211586565/CWabApaq_normal.png", "name": "Tim Oland", "id": "2271947402", "created_at": "2014-01-01T18:21:44.000Z", "url": "", "public_metrics": {"followers_count": 16, "following_count": 118, "tweet_count": 304, "listed_count": 0}, "location": "Wisconsin, USA", "username": "max53130"}}, {"in_reply_to_user_id": "807003567605227520", "source": "Twitter Web App", "referenced_tweets": [{"type": "replied_to", "id": "1068617812636241920"}], "author_id": "142513162", "id": "1073766689144229888", "created_at": "2018-12-15T02:28:22.000Z", "public_metrics": {"retweet_count": 0, "reply_count": 0, "like_count": 0, "quote_count": 0}, "entities": {"mentions": [{"start": 0, "end": 15, "username": "realamberheard", "id": "807003567605227520"}]}, "text": "@realamberheard \u2764\ud83d\ude0d", "lang": "und", "replied_tweet": {"source": "Twitter for iPhone", "author_id": "807003567605227520", "id": "1068617812636241920", "entities": {"urls": [{"start": 43, "end": 66, "url": "https://t.co/giSqTHVzJz", "expanded_url": "https://twitter.com/realamberheard/status/1068617812636241920/photo/1", "display_url": "pic.twitter.com/giSqTHVzJz"}], "hashtags": [{"start": 31, "end": 42, "tag": "PorterEDIT"}]}, "created_at": "2018-11-30T21:28:35.000Z", "public_metrics": {"retweet_count": 169, "reply_count": 35, "like_count": 1384, "quote_count": 13}, "text": "December 2018 | PORTER X EDIT \n#PorterEDIT https://t.co/giSqTHVzJz", "lang": "pt", "author": {"description": "Actor and Activist, semi-professional disruptor, ice cream advocate and shameless teacup yorkie-lover", "profile_image_url": "https://pbs.twimg.com/profile_images/1383196364792680448/N8CdupEu_normal.jpg", "name": "Amber Heard", "id": "807003567605227520", "created_at": "2016-12-08T23:26:58.000Z", "url": "https://t.co/Ze18Ek9SOI", "public_metrics": {"followers_count": 190462, "following_count": 220, "tweet_count": 1151, "listed_count": 567}, "location": "Los Angeles, CA", "username": "realamberheard"}}, "author": {"description": "", "profile_image_url": "https://pbs.twimg.com/profile_images/1486165979679932418/HeQNf3YM_normal.jpg", "name": "DANI-EL \u262f", "id": "142513162", "created_at": "2010-05-11T02:29:43.000Z", "url": "", "public_metrics": {"followers_count": 972, "following_count": 4998, "tweet_count": 102475, "listed_count": 25}, "location": "Edenian ", "username": "Cass_WT"}}, {"in_reply_to_user_id": "807003567605227520", "source": "Twitter for Android", "referenced_tweets": [{"type": "replied_to", "id": "1068617812636241920"}], "author_id": "416634207", "id": "1069019834518724608", "created_at": "2018-12-02T00:06:04.000Z", "public_metrics": {"retweet_count": 0, "reply_count": 0, "like_count": 0, "quote_count": 0}, "entities": {"mentions": [{"start": 0, "end": 15, "username": "realamberheard", "id": "807003567605227520"}, {"start": 27, "end": 42, "username": "realamberheard", "id": "807003567605227520"}]}, "text": "@realamberheard I love you @realamberheard", "lang": "en", "replied_tweet": {"source": "Twitter for iPhone", "author_id": "807003567605227520", "id": "1068617812636241920", "entities": {"urls": [{"start": 43, "end": 66, "url": "https://t.co/giSqTHVzJz", "expanded_url": "https://twitter.com/realamberheard/status/1068617812636241920/photo/1", "display_url": "pic.twitter.com/giSqTHVzJz"}], "hashtags": [{"start": 31, "end": 42, "tag": "PorterEDIT"}]}, "created_at": "2018-11-30T21:28:35.000Z", "public_metrics": {"retweet_count": 169, "reply_count": 35, "like_count": 1384, "quote_count": 13}, "text": "December 2018 | PORTER X EDIT \n#PorterEDIT https://t.co/giSqTHVzJz", "lang": "pt", "author": {"description": "Actor and Activist, semi-professional disruptor, ice cream advocate and shameless teacup yorkie-lover", "profile_image_url": "https://pbs.twimg.com/profile_images/1383196364792680448/N8CdupEu_normal.jpg", "name": "Amber Heard", "id": "807003567605227520", "created_at": "2016-12-08T23:26:58.000Z", "url": "https://t.co/Ze18Ek9SOI", "public_metrics": {"followers_count": 190462, "following_count": 220, "tweet_count": 1151, "listed_count": 567}, "location": "Los Angeles, CA", "username": "realamberheard"}}, "author": {"description": "I work in finance so I'm probably really boring", "profile_image_url": "https://pbs.twimg.com/profile_images/1066871357890330624/Ss9GBiUS_normal.jpg", "name": "Omar Ahmed", "id": "416634207", "created_at": "2011-11-19T23:21:00.000Z", "url": "", "public_metrics": {"followers_count": 92, "following_count": 138, "tweet_count": 3881, "listed_count": 0}, "username": "oahmed93"}}, {"in_reply_to_user_id": "807003567605227520", "source": "Twitter for Android", "referenced_tweets": [{"type": "replied_to", "id": "1068617812636241920"}], "author_id": "2513786716", "id": "1068892826635812864", "created_at": "2018-12-01T15:41:23.000Z", "public_metrics": {"retweet_count": 0, "reply_count": 0, "like_count": 0, "quote_count": 0}, "entities": {"mentions": [{"start": 0, "end": 15, "username": "realamberheard", "id": "807003567605227520"}]}, "text": "@realamberheard My queen\ud83d\ude0d\ud83d\udd31", "lang": "en", "replied_tweet": {"source": "Twitter for iPhone", "author_id": "807003567605227520", "id": "1068617812636241920", "entities": {"urls": [{"start": 43, "end": 66, "url": "https://t.co/giSqTHVzJz", "expanded_url": "https://twitter.com/realamberheard/status/1068617812636241920/photo/1", "display_url": "pic.twitter.com/giSqTHVzJz"}], "hashtags": [{"start": 31, "end": 42, "tag": "PorterEDIT"}]}, "created_at": "2018-11-30T21:28:35.000Z", "public_metrics": {"retweet_count": 169, "reply_count": 35, "like_count": 1384, "quote_count": 13}, "text": "December 2018 | PORTER X EDIT \n#PorterEDIT https://t.co/giSqTHVzJz", "lang": "pt", "author": {"description": "Actor and Activist, semi-professional disruptor, ice cream advocate and shameless teacup yorkie-lover", "profile_image_url": "https://pbs.twimg.com/profile_images/1383196364792680448/N8CdupEu_normal.jpg", "name": "Amber Heard", "id": "807003567605227520", "created_at": "2016-12-08T23:26:58.000Z", "url": "https://t.co/Ze18Ek9SOI", "public_metrics": {"followers_count": 190462, "following_count": 220, "tweet_count": 1151, "listed_count": 567}, "location": "Los Angeles, CA", "username": "realamberheard"}}, "author": {"description": "kyle rayner stan\ud83d\uded0", "profile_image_url": "https://pbs.twimg.com/profile_images/1499474870555533316/3k-7Rviv_normal.jpg", "name": "kai\u2078\u2074", "id": "2513786716", "created_at": "2014-04-28T02:20:35.000Z", "url": "", "public_metrics": {"followers_count": 4213, "following_count": 3037, "tweet_count": 28686, "listed_count": 12}, "location": "gotham \ud83c\udde8\ud83c\uddf1", "username": "xbatwing"}}, {"in_reply_to_user_id": "807003567605227520", "source": "Twitter for Android", "referenced_tweets": [{"type": "replied_to", "id": "1068617812636241920"}], "author_id": "2209638374", "id": "1068872858820997120", "created_at": "2018-12-01T14:22:02.000Z", "public_metrics": {"retweet_count": 0, "reply_count": 0, "like_count": 0, "quote_count": 0}, "entities": {"mentions": [{"start": 0, "end": 15, "username": "realamberheard", "id": "807003567605227520"}]}, "text": "@realamberheard queen", "lang": "en", "replied_tweet": {"source": "Twitter for iPhone", "author_id": "807003567605227520", "id": "1068617812636241920", "entities": {"urls": [{"start": 43, "end": 66, "url": "https://t.co/giSqTHVzJz", "expanded_url": "https://twitter.com/realamberheard/status/1068617812636241920/photo/1", "display_url": "pic.twitter.com/giSqTHVzJz"}], "hashtags": [{"start": 31, "end": 42, "tag": "PorterEDIT"}]}, "created_at": "2018-11-30T21:28:35.000Z", "public_metrics": {"retweet_count": 169, "reply_count": 35, "like_count": 1384, "quote_count": 13}, "text": "December 2018 | PORTER X EDIT \n#PorterEDIT https://t.co/giSqTHVzJz", "lang": "pt", "author": {"description": "Actor and Activist, semi-professional disruptor, ice cream advocate and shameless teacup yorkie-lover", "profile_image_url": "https://pbs.twimg.com/profile_images/1383196364792680448/N8CdupEu_normal.jpg", "name": "Amber Heard", "id": "807003567605227520", "created_at": "2016-12-08T23:26:58.000Z", "url": "https://t.co/Ze18Ek9SOI", "public_metrics": {"followers_count": 190462, "following_count": 220, "tweet_count": 1151, "listed_count": 567}, "location": "Los Angeles, CA", "username": "realamberheard"}}, "author": {"description": "\u2014 \ud835\ude91\ud835\ude8a\ud835\ude97\ud835\ude90 \ud835\ude98\ud835\ude97. \ud835\ude92\ud835\ude9d \ud835\ude90\ud835\ude8e\ud835\ude9d\ud835\ude9c \ud835\ude8e\ud835\ude8a\ud835\ude9c\ud835\ude92\ud835\ude8e\ud835\ude9b, \ud835\ude8a\ud835\ude97\ud835\ude8d \ud835\ude9d\ud835\ude91\ud835\ude8e\ud835\ude97 \ud835\ude92\ud835\ude9d \ud835\ude90\ud835\ude8e\ud835\ude9d\ud835\ude9c \ud835\ude98\ud835\ude94\ud835\ude8a\ud835\udea2, \ud835\ude8a\ud835\ude97\ud835\ude8d \ud835\ude9d\ud835\ude91\ud835\ude8e\ud835\ude97 \ud835\ude92\ud835\ude9d \ud835\ude8f\ud835\ude8e\ud835\ude8e\ud835\ude95\ud835\ude9c \ud835\ude95\ud835\ude92\ud835\ude94\ud835\ude8e \ud835\ude8f\ud835\ude9b\ud835\ude8e\ud835\ude8e\ud835\ude8d\ud835\ude98\ud835\ude96", "profile_image_url": "https://pbs.twimg.com/profile_images/1506319056634269696/YF91925Y_normal.jpg", "name": "\ud835\udcc7\ud835\udc5c\ud835\udcc8\ud835\udc52 \u2766", "id": "2209638374", "created_at": "2013-11-22T22:44:31.000Z", "url": "", "public_metrics": {"followers_count": 2692, "following_count": 306, "tweet_count": 37258, "listed_count": 13}, "location": "24, midlands, postgrad \ud83d\udc8c", "username": "tauriels"}}, {"in_reply_to_user_id": "807003567605227520", "source": "Twitter Web Client", "entities": {"annotations": [{"start": 96, "end": 104, "probability": 0.9952, "type": "Other", "normalized_text": "Christmas"}, {"start": 192, "end": 198, "probability": 0.4715, "type": "Other", "normalized_text": "Aquaman"}], "mentions": [{"start": 0, "end": 15, "username": "realamberheard", "id": "807003567605227520"}]}, "referenced_tweets": [{"type": "replied_to", "id": "1068617812636241920"}], "author_id": "4923128929", "id": "1068832227340025856", "created_at": "2018-12-01T11:40:35.000Z", "public_metrics": {"retweet_count": 0, "reply_count": 0, "like_count": 0, "quote_count": 0}, "text": "@realamberheard ... a very mesmerizing gaze. ....December is shaping up to be a truly wonderful Christmas with these upcoming magazine articles plus a starring role in the groundbreaking film Aquaman!!!.....can`t wait!!!!!!", "lang": "en", "replied_tweet": {"source": "Twitter for iPhone", "author_id": "807003567605227520", "id": "1068617812636241920", "entities": {"urls": [{"start": 43, "end": 66, "url": "https://t.co/giSqTHVzJz", "expanded_url": "https://twitter.com/realamberheard/status/1068617812636241920/photo/1", "display_url": "pic.twitter.com/giSqTHVzJz"}], "hashtags": [{"start": 31, "end": 42, "tag": "PorterEDIT"}]}, "created_at": "2018-11-30T21:28:35.000Z", "public_metrics": {"retweet_count": 169, "reply_count": 35, "like_count": 1384, "quote_count": 13}, "text": "December 2018 | PORTER X EDIT \n#PorterEDIT https://t.co/giSqTHVzJz", "lang": "pt", "author": {"description": "Actor and Activist, semi-professional disruptor, ice cream advocate and shameless teacup yorkie-lover", "profile_image_url": "https://pbs.twimg.com/profile_images/1383196364792680448/N8CdupEu_normal.jpg", "name": "Amber Heard", "id": "807003567605227520", "created_at": "2016-12-08T23:26:58.000Z", "url": "https://t.co/Ze18Ek9SOI", "public_metrics": {"followers_count": 190462, "following_count": 220, "tweet_count": 1151, "listed_count": 567}, "location": "Los Angeles, CA", "username": "realamberheard"}}, "author": {"description": "", "profile_image_url": "https://abs.twimg.com/sticky/default_profile_images/default_profile_normal.png", "name": "roberto varro", "id": "4923128929", "created_at": "2016-02-18T00:14:02.000Z", "url": "", "public_metrics": {"followers_count": 20, "following_count": 100, "tweet_count": 1490, "listed_count": 0}, "username": "roberto4u2"}}, {"in_reply_to_user_id": "807003567605227520", "source": "Twitter for iPhone", "referenced_tweets": [{"type": "replied_to", "id": "1068617812636241920"}], "author_id": "759412941821272064", "id": "1068830245753679872", "created_at": "2018-12-01T11:32:43.000Z", "public_metrics": {"retweet_count": 0, "reply_count": 0, "like_count": 0, "quote_count": 0}, "entities": {"mentions": [{"start": 0, "end": 15, "username": "realamberheard", "id": "807003567605227520"}]}, "text": "@realamberheard I'm dead\ud83d\udc80\ud83e\udd2f\ud83d\ude0d\u2764\ufe0f", "lang": "en", "replied_tweet": {"source": "Twitter for iPhone", "author_id": "807003567605227520", "id": "1068617812636241920", "entities": {"urls": [{"start": 43, "end": 66, "url": "https://t.co/giSqTHVzJz", "expanded_url": "https://twitter.com/realamberheard/status/1068617812636241920/photo/1", "display_url": "pic.twitter.com/giSqTHVzJz"}], "hashtags": [{"start": 31, "end": 42, "tag": "PorterEDIT"}]}, "created_at": "2018-11-30T21:28:35.000Z", "public_metrics": {"retweet_count": 169, "reply_count": 35, "like_count": 1384, "quote_count": 13}, "text": "December 2018 | PORTER X EDIT \n#PorterEDIT https://t.co/giSqTHVzJz", "lang": "pt", "author": {"description": "Actor and Activist, semi-professional disruptor, ice cream advocate and shameless teacup yorkie-lover", "profile_image_url": "https://pbs.twimg.com/profile_images/1383196364792680448/N8CdupEu_normal.jpg", "name": "Amber Heard", "id": "807003567605227520", "created_at": "2016-12-08T23:26:58.000Z", "url": "https://t.co/Ze18Ek9SOI", "public_metrics": {"followers_count": 190462, "following_count": 220, "tweet_count": 1151, "listed_count": 567}, "location": "Los Angeles, CA", "username": "realamberheard"}}, "author": {"description": "Just a normal guy who is studying Veterinary Medicine at IAUT", "profile_image_url": "https://pbs.twimg.com/profile_images/1400099845080297482/3PvKqMtB_normal.jpg", "name": "Ali", "id": "759412941821272064", "created_at": "2016-07-30T15:38:49.000Z", "url": "", "public_metrics": {"followers_count": 57, "following_count": 418, "tweet_count": 551, "listed_count": 0}, "location": "Iran, Mashhad", "username": "aliderakhshand"}}, {"in_reply_to_user_id": "807003567605227520", "source": "Twitter Web Client", "entities": {"annotations": [{"start": 34, "end": 38, "probability": 0.9055, "type": "Person", "normalized_text": "Amber"}, {"start": 45, "end": 47, "probability": 0.9042, "type": "Other", "normalized_text": "God"}], "mentions": [{"start": 0, "end": 15, "username": "realamberheard", "id": "807003567605227520"}]}, "referenced_tweets": [{"type": "replied_to", "id": "1068617812636241920"}], "author_id": "944709059009236995", "id": "1068667326915055616", "created_at": "2018-12-01T00:45:20.000Z", "public_metrics": {"retweet_count": 0, "reply_count": 0, "like_count": 0, "quote_count": 0}, "text": "@realamberheard Congrats on this, Amber. May God bless you. Happy Friday!", "lang": "en", "replied_tweet": {"source": "Twitter for iPhone", "author_id": "807003567605227520", "id": "1068617812636241920", "entities": {"urls": [{"start": 43, "end": 66, "url": "https://t.co/giSqTHVzJz", "expanded_url": "https://twitter.com/realamberheard/status/1068617812636241920/photo/1", "display_url": "pic.twitter.com/giSqTHVzJz"}], "hashtags": [{"start": 31, "end": 42, "tag": "PorterEDIT"}]}, "created_at": "2018-11-30T21:28:35.000Z", "public_metrics": {"retweet_count": 169, "reply_count": 35, "like_count": 1384, "quote_count": 13}, "text": "December 2018 | PORTER X EDIT \n#PorterEDIT https://t.co/giSqTHVzJz", "lang": "pt", "author": {"description": "Actor and Activist, semi-professional disruptor, ice cream advocate and shameless teacup yorkie-lover", "profile_image_url": "https://pbs.twimg.com/profile_images/1383196364792680448/N8CdupEu_normal.jpg", "name": "Amber Heard", "id": "807003567605227520", "created_at": "2016-12-08T23:26:58.000Z", "url": "https://t.co/Ze18Ek9SOI", "public_metrics": {"followers_count": 190462, "following_count": 220, "tweet_count": 1151, "listed_count": 567}, "location": "Los Angeles, CA", "username": "realamberheard"}}, "author": {"description": "Kentucky native, voracious reader, mathematician. Believer, music lover.", "profile_image_url": "https://pbs.twimg.com/profile_images/944714163955277824/fojDhz5H_normal.jpg", "name": "Patrick", "id": "944709059009236995", "created_at": "2017-12-23T23:19:26.000Z", "url": "", "public_metrics": {"followers_count": 189, "following_count": 1276, "tweet_count": 20039, "listed_count": 0}, "location": "America", "username": "Patrick_USofA"}}, {"in_reply_to_user_id": "807003567605227520", "source": "Twitter Web Client", "referenced_tweets": [{"type": "replied_to", "id": "1068617812636241920"}], "author_id": "171258652", "id": "1068644783281897475", "created_at": "2018-11-30T23:15:45.000Z", "public_metrics": {"retweet_count": 0, "reply_count": 0, "like_count": 0, "quote_count": 0}, "entities": {"mentions": [{"start": 0, "end": 15, "username": "realamberheard", "id": "807003567605227520"}]}, "text": "@realamberheard \ud83d\ude0a\u2764\ud83c\udf39\ud83c\udf39\ud83d\udca5\ud83d\ude0a", "lang": "und", "replied_tweet": {"source": "Twitter for iPhone", "author_id": "807003567605227520", "id": "1068617812636241920", "entities": {"urls": [{"start": 43, "end": 66, "url": "https://t.co/giSqTHVzJz", "expanded_url": "https://twitter.com/realamberheard/status/1068617812636241920/photo/1", "display_url": "pic.twitter.com/giSqTHVzJz"}], "hashtags": [{"start": 31, "end": 42, "tag": "PorterEDIT"}]}, "created_at": "2018-11-30T21:28:35.000Z", "public_metrics": {"retweet_count": 169, "reply_count": 35, "like_count": 1384, "quote_count": 13}, "text": "December 2018 | PORTER X EDIT \n#PorterEDIT https://t.co/giSqTHVzJz", "lang": "pt", "author": {"description": "Actor and Activist, semi-professional disruptor, ice cream advocate and shameless teacup yorkie-lover", "profile_image_url": "https://pbs.twimg.com/profile_images/1383196364792680448/N8CdupEu_normal.jpg", "name": "Amber Heard", "id": "807003567605227520", "created_at": "2016-12-08T23:26:58.000Z", "url": "https://t.co/Ze18Ek9SOI", "public_metrics": {"followers_count": 190462, "following_count": 220, "tweet_count": 1151, "listed_count": 567}, "location": "Los Angeles, CA", "username": "realamberheard"}}, "author": {"description": "funny and Artist.", "profile_image_url": "https://pbs.twimg.com/profile_images/1326264893847330817/oHG7D2Vz_normal.jpg", "name": "Tyler", "id": "171258652", "created_at": "2010-07-26T23:14:07.000Z", "url": "", "public_metrics": {"followers_count": 356, "following_count": 3941, "tweet_count": 17072, "listed_count": 3}, "location": "Norfolk/ Virginia beach va", "username": "TFR2006"}}, {"in_reply_to_user_id": "807003567605227520", "source": "Twitter for iPhone", "referenced_tweets": [{"type": "replied_to", "id": "1068617812636241920"}], "author_id": "406002566", "id": "1068643685183774722", "created_at": "2018-11-30T23:11:23.000Z", "entities": {"hashtags": [{"start": 31, "end": 44, "tag": "AquamanMovie"}], "mentions": [{"start": 0, "end": 15, "username": "realamberheard", "id": "807003567605227520"}]}, "public_metrics": {"retweet_count": 0, "reply_count": 0, "like_count": 0, "quote_count": 0}, "text": "@realamberheard Can\u2019t wait for #AquamanMovie trailer looks amazing!!!", "lang": "en", "replied_tweet": {"source": "Twitter for iPhone", "author_id": "807003567605227520", "id": "1068617812636241920", "entities": {"urls": [{"start": 43, "end": 66, "url": "https://t.co/giSqTHVzJz", "expanded_url": "https://twitter.com/realamberheard/status/1068617812636241920/photo/1", "display_url": "pic.twitter.com/giSqTHVzJz"}], "hashtags": [{"start": 31, "end": 42, "tag": "PorterEDIT"}]}, "created_at": "2018-11-30T21:28:35.000Z", "public_metrics": {"retweet_count": 169, "reply_count": 35, "like_count": 1384, "quote_count": 13}, "text": "December 2018 | PORTER X EDIT \n#PorterEDIT https://t.co/giSqTHVzJz", "lang": "pt", "author": {"description": "Actor and Activist, semi-professional disruptor, ice cream advocate and shameless teacup yorkie-lover", "profile_image_url": "https://pbs.twimg.com/profile_images/1383196364792680448/N8CdupEu_normal.jpg", "name": "Amber Heard", "id": "807003567605227520", "created_at": "2016-12-08T23:26:58.000Z", "url": "https://t.co/Ze18Ek9SOI", "public_metrics": {"followers_count": 190462, "following_count": 220, "tweet_count": 1151, "listed_count": 567}, "location": "Los Angeles, CA", "username": "realamberheard"}}, "author": {"description": "True Manchester United fan and loves my family!!!", "profile_image_url": "https://pbs.twimg.com/profile_images/1284922753993383936/YmCHb0we_normal.jpg", "name": "Harry Fasham", "id": "406002566", "created_at": "2011-11-06T03:33:56.000Z", "url": "", "public_metrics": {"followers_count": 225, "following_count": 667, "tweet_count": 20931, "listed_count": 0}, "location": "UK", "username": "Fash92"}}, {"in_reply_to_user_id": "807003567605227520", "source": "Twitter Web Client", "referenced_tweets": [{"type": "replied_to", "id": "1068617812636241920"}], "author_id": "31246100", "id": "1068639553953677312", "created_at": "2018-11-30T22:54:58.000Z", "public_metrics": {"retweet_count": 0, "reply_count": 0, "like_count": 0, "quote_count": 0}, "entities": {"mentions": [{"start": 0, "end": 15, "username": "realamberheard", "id": "807003567605227520"}]}, "text": "@realamberheard Heyyy", "lang": "und", "replied_tweet": {"source": "Twitter for iPhone", "author_id": "807003567605227520", "id": "1068617812636241920", "entities": {"urls": [{"start": 43, "end": 66, "url": "https://t.co/giSqTHVzJz", "expanded_url": "https://twitter.com/realamberheard/status/1068617812636241920/photo/1", "display_url": "pic.twitter.com/giSqTHVzJz"}], "hashtags": [{"start": 31, "end": 42, "tag": "PorterEDIT"}]}, "created_at": "2018-11-30T21:28:35.000Z", "public_metrics": {"retweet_count": 169, "reply_count": 35, "like_count": 1384, "quote_count": 13}, "text": "December 2018 | PORTER X EDIT \n#PorterEDIT https://t.co/giSqTHVzJz", "lang": "pt", "author": {"description": "Actor and Activist, semi-professional disruptor, ice cream advocate and shameless teacup yorkie-lover", "profile_image_url": "https://pbs.twimg.com/profile_images/1383196364792680448/N8CdupEu_normal.jpg", "name": "Amber Heard", "id": "807003567605227520", "created_at": "2016-12-08T23:26:58.000Z", "url": "https://t.co/Ze18Ek9SOI", "public_metrics": {"followers_count": 190462, "following_count": 220, "tweet_count": 1151, "listed_count": 567}, "location": "Los Angeles, CA", "username": "realamberheard"}}, "author": {"description": "Hello, Stranger.", "profile_image_url": "https://pbs.twimg.com/profile_images/2808054717/5ecfa1760364097f333fcb0d337f6928_normal.jpeg", "name": "Christina Sky", "id": "31246100", "created_at": "2009-04-14T22:21:03.000Z", "url": "", "public_metrics": {"followers_count": 240, "following_count": 468, "tweet_count": 20145, "listed_count": 8}, "location": "Between here and there", "username": "ChristinaSky"}}, {"in_reply_to_user_id": "807003567605227520", "source": "Twitter for iPhone", "referenced_tweets": [{"type": "replied_to", "id": "1068617812636241920"}], "author_id": "81942740", "id": "1068632147458707459", "created_at": "2018-11-30T22:25:32.000Z", "public_metrics": {"retweet_count": 0, "reply_count": 0, "like_count": 0, "quote_count": 0}, "entities": {"mentions": [{"start": 0, "end": 15, "username": "realamberheard", "id": "807003567605227520"}]}, "text": "@realamberheard ugh yes queen \ud83d\ude0d", "lang": "en", "replied_tweet": {"source": "Twitter for iPhone", "author_id": "807003567605227520", "id": "1068617812636241920", "entities": {"urls": [{"start": 43, "end": 66, "url": "https://t.co/giSqTHVzJz", "expanded_url": "https://twitter.com/realamberheard/status/1068617812636241920/photo/1", "display_url": "pic.twitter.com/giSqTHVzJz"}], "hashtags": [{"start": 31, "end": 42, "tag": "PorterEDIT"}]}, "created_at": "2018-11-30T21:28:35.000Z", "public_metrics": {"retweet_count": 169, "reply_count": 35, "like_count": 1384, "quote_count": 13}, "text": "December 2018 | PORTER X EDIT \n#PorterEDIT https://t.co/giSqTHVzJz", "lang": "pt", "author": {"description": "Actor and Activist, semi-professional disruptor, ice cream advocate and shameless teacup yorkie-lover", "profile_image_url": "https://pbs.twimg.com/profile_images/1383196364792680448/N8CdupEu_normal.jpg", "name": "Amber Heard", "id": "807003567605227520", "created_at": "2016-12-08T23:26:58.000Z", "url": "https://t.co/Ze18Ek9SOI", "public_metrics": {"followers_count": 190462, "following_count": 220, "tweet_count": 1151, "listed_count": 567}, "location": "Los Angeles, CA", "username": "realamberheard"}}, "author": {"description": "ig:@itsnatrue", "profile_image_url": "https://pbs.twimg.com/profile_images/1348625370476642305/dqiH02W5_normal.jpg", "name": "nat", "id": "81942740", "created_at": "2009-10-12T22:16:46.000Z", "url": "", "public_metrics": {"followers_count": 3439, "following_count": 600, "tweet_count": 6625, "listed_count": 39}, "location": "nyc. ", "username": "bitchdatsgucci"}}, {"in_reply_to_user_id": "807003567605227520", "source": "Twitter Web Client", "referenced_tweets": [{"type": "replied_to", "id": "1068617812636241920"}], "author_id": "728274848754110464", "id": "1068631228545417216", "created_at": "2018-11-30T22:21:53.000Z", "public_metrics": {"retweet_count": 0, "reply_count": 0, "like_count": 0, "quote_count": 0}, "entities": {"mentions": [{"start": 0, "end": 15, "username": "realamberheard", "id": "807003567605227520"}]}, "text": "@realamberheard \ud83d\ude09", "lang": "und", "replied_tweet": {"source": "Twitter for iPhone", "author_id": "807003567605227520", "id": "1068617812636241920", "entities": {"urls": [{"start": 43, "end": 66, "url": "https://t.co/giSqTHVzJz", "expanded_url": "https://twitter.com/realamberheard/status/1068617812636241920/photo/1", "display_url": "pic.twitter.com/giSqTHVzJz"}], "hashtags": [{"start": 31, "end": 42, "tag": "PorterEDIT"}]}, "created_at": "2018-11-30T21:28:35.000Z", "public_metrics": {"retweet_count": 169, "reply_count": 35, "like_count": 1384, "quote_count": 13}, "text": "December 2018 | PORTER X EDIT \n#PorterEDIT https://t.co/giSqTHVzJz", "lang": "pt", "author": {"description": "Actor and Activist, semi-professional disruptor, ice cream advocate and shameless teacup yorkie-lover", "profile_image_url": "https://pbs.twimg.com/profile_images/1383196364792680448/N8CdupEu_normal.jpg", "name": "Amber Heard", "id": "807003567605227520", "created_at": "2016-12-08T23:26:58.000Z", "url": "https://t.co/Ze18Ek9SOI", "public_metrics": {"followers_count": 190462, "following_count": 220, "tweet_count": 1151, "listed_count": 567}, "location": "Los Angeles, CA", "username": "realamberheard"}}, "author": {"description": "Who lives my dream?.Sto cercando,,Who borrow money?,-\"Startup-Application\"-5.000.-80.000.\u20ac. SK14 8330 0000 0027 0199 3526./SWIFT-FIOZSKBAXXX.,Grazie,Thank.", "profile_image_url": "https://pbs.twimg.com/profile_images/1499739852870492171/pCwXQNgW_normal.jpg", "name": "Norbert", "id": "728274848754110464", "created_at": "2016-05-05T17:27:09.000Z", "url": "", "public_metrics": {"followers_count": 734, "following_count": 5007, "tweet_count": 23200, "listed_count": 50}, "location": "Bratislava", "username": "norbert_kukla"}}, {"in_reply_to_user_id": "807003567605227520", "source": "Twitter for Android", "referenced_tweets": [{"type": "replied_to", "id": "1068617812636241920"}], "author_id": "4396120342", "id": "1068630966648938496", "entities": {"urls": [{"start": 16, "end": 39, "url": "https://t.co/FJAUIFyniZ", "expanded_url": "https://twitter.com/stirgussa/status/1068630966648938496/photo/1", "display_url": "pic.twitter.com/FJAUIFyniZ"}], "mentions": [{"start": 0, "end": 15, "username": "realamberheard", "id": "807003567605227520"}]}, "created_at": "2018-11-30T22:20:51.000Z", "public_metrics": {"retweet_count": 0, "reply_count": 0, "like_count": 0, "quote_count": 0}, "text": "@realamberheard https://t.co/FJAUIFyniZ", "lang": "und", "replied_tweet": {"source": "Twitter for iPhone", "author_id": "807003567605227520", "id": "1068617812636241920", "entities": {"urls": [{"start": 43, "end": 66, "url": "https://t.co/giSqTHVzJz", "expanded_url": "https://twitter.com/realamberheard/status/1068617812636241920/photo/1", "display_url": "pic.twitter.com/giSqTHVzJz"}], "hashtags": [{"start": 31, "end": 42, "tag": "PorterEDIT"}]}, "created_at": "2018-11-30T21:28:35.000Z", "public_metrics": {"retweet_count": 169, "reply_count": 35, "like_count": 1384, "quote_count": 13}, "text": "December 2018 | PORTER X EDIT \n#PorterEDIT https://t.co/giSqTHVzJz", "lang": "pt", "author": {"description": "Actor and Activist, semi-professional disruptor, ice cream advocate and shameless teacup yorkie-lover", "profile_image_url": "https://pbs.twimg.com/profile_images/1383196364792680448/N8CdupEu_normal.jpg", "name": "Amber Heard", "id": "807003567605227520", "created_at": "2016-12-08T23:26:58.000Z", "url": "https://t.co/Ze18Ek9SOI", "public_metrics": {"followers_count": 190462, "following_count": 220, "tweet_count": 1151, "listed_count": 567}, "location": "Los Angeles, CA", "username": "realamberheard"}}, "author": {"description": "Only two things are infinite, the universe and human stupidity, and I'm not sure about the former. - Albert Einstein and Me!", "profile_image_url": "https://pbs.twimg.com/profile_images/1378175478478082050/UKLiQPuk_normal.jpg", "name": "STIRGUS SACCHETTI", "id": "4396120342", "created_at": "2015-12-06T17:21:06.000Z", "url": "", "public_metrics": {"followers_count": 678, "following_count": 296, "tweet_count": 58624, "listed_count": 26}, "username": "stirgussa"}}, {"in_reply_to_user_id": "807003567605227520", "source": "Twitter Web Client", "referenced_tweets": [{"type": "replied_to", "id": "1068617812636241920"}], "author_id": "379420971", "id": "1068630274328666113", "created_at": "2018-11-30T22:18:06.000Z", "public_metrics": {"retweet_count": 0, "reply_count": 0, "like_count": 1, "quote_count": 0}, "entities": {"mentions": [{"start": 0, "end": 15, "username": "realamberheard", "id": "807003567605227520"}]}, "text": "@realamberheard girl, you are on a roll with those magazine spreads \u2764\ufe0f", "lang": "en", "replied_tweet": {"source": "Twitter for iPhone", "author_id": "807003567605227520", "id": "1068617812636241920", "entities": {"urls": [{"start": 43, "end": 66, "url": "https://t.co/giSqTHVzJz", "expanded_url": "https://twitter.com/realamberheard/status/1068617812636241920/photo/1", "display_url": "pic.twitter.com/giSqTHVzJz"}], "hashtags": [{"start": 31, "end": 42, "tag": "PorterEDIT"}]}, "created_at": "2018-11-30T21:28:35.000Z", "public_metrics": {"retweet_count": 169, "reply_count": 35, "like_count": 1384, "quote_count": 13}, "text": "December 2018 | PORTER X EDIT \n#PorterEDIT https://t.co/giSqTHVzJz", "lang": "pt", "author": {"description": "Actor and Activist, semi-professional disruptor, ice cream advocate and shameless teacup yorkie-lover", "profile_image_url": "https://pbs.twimg.com/profile_images/1383196364792680448/N8CdupEu_normal.jpg", "name": "Amber Heard", "id": "807003567605227520", "created_at": "2016-12-08T23:26:58.000Z", "url": "https://t.co/Ze18Ek9SOI", "public_metrics": {"followers_count": 190462, "following_count": 220, "tweet_count": 1151, "listed_count": 567}, "location": "Los Angeles, CA", "username": "realamberheard"}}, "author": {"description": "Covering beauty and wellness for @glossyco. Probably a Parisian bobo. emma[at]glossy[dot]co", "profile_image_url": "https://pbs.twimg.com/profile_images/1559723573/John-singer-Sargent--Madame-X-by-Savio-s-Vintage-Art-qpps_269257724327623.MD.jpg_157.825_214_normal.jpg", "name": "Duchess FancyPants", "id": "379420971", "created_at": "2011-09-24T23:03:52.000Z", "url": "https://t.co/aukfRvMwF8", "public_metrics": {"followers_count": 506, "following_count": 330, "tweet_count": 7305, "listed_count": 19}, "location": "United States", "username": "EmmaSandler"}}, {"in_reply_to_user_id": "807003567605227520", "source": "Twitter Web Client", "referenced_tweets": [{"type": "replied_to", "id": "1068617812636241920"}], "author_id": "728274848754110464", "id": "1068629725185220608", "created_at": "2018-11-30T22:15:55.000Z", "public_metrics": {"retweet_count": 0, "reply_count": 0, "like_count": 0, "quote_count": 0}, "entities": {"mentions": [{"start": 0, "end": 15, "username": "realamberheard", "id": "807003567605227520"}]}, "text": "@realamberheard \ud83c\udf1e", "lang": "und", "replied_tweet": {"source": "Twitter for iPhone", "author_id": "807003567605227520", "id": "1068617812636241920", "entities": {"urls": [{"start": 43, "end": 66, "url": "https://t.co/giSqTHVzJz", "expanded_url": "https://twitter.com/realamberheard/status/1068617812636241920/photo/1", "display_url": "pic.twitter.com/giSqTHVzJz"}], "hashtags": [{"start": 31, "end": 42, "tag": "PorterEDIT"}]}, "created_at": "2018-11-30T21:28:35.000Z", "public_metrics": {"retweet_count": 169, "reply_count": 35, "like_count": 1384, "quote_count": 13}, "text": "December 2018 | PORTER X EDIT \n#PorterEDIT https://t.co/giSqTHVzJz", "lang": "pt", "author": {"description": "Actor and Activist, semi-professional disruptor, ice cream advocate and shameless teacup yorkie-lover", "profile_image_url": "https://pbs.twimg.com/profile_images/1383196364792680448/N8CdupEu_normal.jpg", "name": "Amber Heard", "id": "807003567605227520", "created_at": "2016-12-08T23:26:58.000Z", "url": "https://t.co/Ze18Ek9SOI", "public_metrics": {"followers_count": 190462, "following_count": 220, "tweet_count": 1151, "listed_count": 567}, "location": "Los Angeles, CA", "username": "realamberheard"}}, "author": {"description": "Who lives my dream?.Sto cercando,,Who borrow money?,-\"Startup-Application\"-5.000.-80.000.\u20ac. SK14 8330 0000 0027 0199 3526./SWIFT-FIOZSKBAXXX.,Grazie,Thank.", "profile_image_url": "https://pbs.twimg.com/profile_images/1499739852870492171/pCwXQNgW_normal.jpg", "name": "Norbert", "id": "728274848754110464", "created_at": "2016-05-05T17:27:09.000Z", "url": "", "public_metrics": {"followers_count": 734, "following_count": 5007, "tweet_count": 23200, "listed_count": 50}, "location": "Bratislava", "username": "norbert_kukla"}}, {"in_reply_to_user_id": "807003567605227520", "source": "Twitter for iPhone", "referenced_tweets": [{"type": "replied_to", "id": "1068617812636241920"}], "author_id": "336199694", "id": "1068629295659130882", "created_at": "2018-11-30T22:14:12.000Z", "public_metrics": {"retweet_count": 0, "reply_count": 0, "like_count": 1, "quote_count": 0}, "entities": {"mentions": [{"start": 0, "end": 15, "username": "realamberheard", "id": "807003567605227520"}]}, "text": "@realamberheard You look mean. \ud83d\ude2c", "lang": "en", "replied_tweet": {"source": "Twitter for iPhone", "author_id": "807003567605227520", "id": "1068617812636241920", "entities": {"urls": [{"start": 43, "end": 66, "url": "https://t.co/giSqTHVzJz", "expanded_url": "https://twitter.com/realamberheard/status/1068617812636241920/photo/1", "display_url": "pic.twitter.com/giSqTHVzJz"}], "hashtags": [{"start": 31, "end": 42, "tag": "PorterEDIT"}]}, "created_at": "2018-11-30T21:28:35.000Z", "public_metrics": {"retweet_count": 169, "reply_count": 35, "like_count": 1384, "quote_count": 13}, "text": "December 2018 | PORTER X EDIT \n#PorterEDIT https://t.co/giSqTHVzJz", "lang": "pt", "author": {"description": "Actor and Activist, semi-professional disruptor, ice cream advocate and shameless teacup yorkie-lover", "profile_image_url": "https://pbs.twimg.com/profile_images/1383196364792680448/N8CdupEu_normal.jpg", "name": "Amber Heard", "id": "807003567605227520", "created_at": "2016-12-08T23:26:58.000Z", "url": "https://t.co/Ze18Ek9SOI", "public_metrics": {"followers_count": 190462, "following_count": 220, "tweet_count": 1151, "listed_count": 567}, "location": "Los Angeles, CA", "username": "realamberheard"}}, "author": {"description": "I love films. \ud83c\udf9e", "profile_image_url": "https://pbs.twimg.com/profile_images/1453923162329059328/M68EsjY9_normal.jpg", "name": "Bruce Crawford", "id": "336199694", "created_at": "2011-07-15T22:17:31.000Z", "url": "", "public_metrics": {"followers_count": 256, "following_count": 333, "tweet_count": 7602, "listed_count": 2}, "location": "Odessa, TX", "username": "BruceCrawford"}}, {"in_reply_to_user_id": "807003567605227520", "source": "Twitter for iPhone", "referenced_tweets": [{"type": "replied_to", "id": "1068617812636241920"}], "author_id": "215396640", "id": "1068622933378195456", "entities": {"urls": [{"start": 16, "end": 39, "url": "https://t.co/0Qu9xeLgGh", "expanded_url": "https://twitter.com/ultraeviolence/status/1068622933378195456/photo/1", "display_url": "pic.twitter.com/0Qu9xeLgGh"}], "mentions": [{"start": 0, "end": 15, "username": "realamberheard", "id": "807003567605227520"}]}, "created_at": "2018-11-30T21:48:56.000Z", "public_metrics": {"retweet_count": 0, "reply_count": 0, "like_count": 0, "quote_count": 0}, "text": "@realamberheard https://t.co/0Qu9xeLgGh", "lang": "und", "replied_tweet": {"source": "Twitter for iPhone", "author_id": "807003567605227520", "id": "1068617812636241920", "entities": {"urls": [{"start": 43, "end": 66, "url": "https://t.co/giSqTHVzJz", "expanded_url": "https://twitter.com/realamberheard/status/1068617812636241920/photo/1", "display_url": "pic.twitter.com/giSqTHVzJz"}], "hashtags": [{"start": 31, "end": 42, "tag": "PorterEDIT"}]}, "created_at": "2018-11-30T21:28:35.000Z", "public_metrics": {"retweet_count": 169, "reply_count": 35, "like_count": 1384, "quote_count": 13}, "text": "December 2018 | PORTER X EDIT \n#PorterEDIT https://t.co/giSqTHVzJz", "lang": "pt", "author": {"description": "Actor and Activist, semi-professional disruptor, ice cream advocate and shameless teacup yorkie-lover", "profile_image_url": "https://pbs.twimg.com/profile_images/1383196364792680448/N8CdupEu_normal.jpg", "name": "Amber Heard", "id": "807003567605227520", "created_at": "2016-12-08T23:26:58.000Z", "url": "https://t.co/Ze18Ek9SOI", "public_metrics": {"followers_count": 190462, "following_count": 220, "tweet_count": 1151, "listed_count": 567}, "location": "Los Angeles, CA", "username": "realamberheard"}}, "author": {"description": "the pretty reckless", "profile_image_url": "https://pbs.twimg.com/profile_images/1506552594881298437/qJvgsZOD_normal.jpg", "name": "luna", "id": "215396640", "created_at": "2010-11-13T20:37:52.000Z", "url": "", "public_metrics": {"followers_count": 996, "following_count": 94, "tweet_count": 294337, "listed_count": 32}, "username": "ultraeviolence"}}, {"in_reply_to_user_id": "807003567605227520", "source": "Twitter for iPhone", "referenced_tweets": [{"type": "replied_to", "id": "1068617812636241920"}], "author_id": "874984340", "id": "1068622362877337600", "entities": {"urls": [{"start": 25, "end": 48, "url": "https://t.co/7Y51RxFg9O", "expanded_url": "https://twitter.com/animalhugger91/status/1068622362877337600/photo/1", "display_url": "pic.twitter.com/7Y51RxFg9O"}], "mentions": [{"start": 0, "end": 15, "username": "realamberheard", "id": "807003567605227520"}]}, "created_at": "2018-11-30T21:46:40.000Z", "public_metrics": {"retweet_count": 0, "reply_count": 0, "like_count": 1, "quote_count": 0}, "text": "@realamberheard Go girl! https://t.co/7Y51RxFg9O", "lang": "en", "replied_tweet": {"source": "Twitter for iPhone", "author_id": "807003567605227520", "id": "1068617812636241920", "entities": {"urls": [{"start": 43, "end": 66, "url": "https://t.co/giSqTHVzJz", "expanded_url": "https://twitter.com/realamberheard/status/1068617812636241920/photo/1", "display_url": "pic.twitter.com/giSqTHVzJz"}], "hashtags": [{"start": 31, "end": 42, "tag": "PorterEDIT"}]}, "created_at": "2018-11-30T21:28:35.000Z", "public_metrics": {"retweet_count": 169, "reply_count": 35, "like_count": 1384, "quote_count": 13}, "text": "December 2018 | PORTER X EDIT \n#PorterEDIT https://t.co/giSqTHVzJz", "lang": "pt", "author": {"description": "Actor and Activist, semi-professional disruptor, ice cream advocate and shameless teacup yorkie-lover", "profile_image_url": "https://pbs.twimg.com/profile_images/1383196364792680448/N8CdupEu_normal.jpg", "name": "Amber Heard", "id": "807003567605227520", "created_at": "2016-12-08T23:26:58.000Z", "url": "https://t.co/Ze18Ek9SOI", "public_metrics": {"followers_count": 190462, "following_count": 220, "tweet_count": 1151, "listed_count": 567}, "location": "Los Angeles, CA", "username": "realamberheard"}}, "author": {"description": "Here to fangirl about fangirl things. I also retweet a lot of animal stuff and posts to raise social awareness. Beware my page. Pronouns: she/her", "profile_image_url": "https://pbs.twimg.com/profile_images/1451763808968523777/qJNzYCWU_normal.jpg", "name": "Lexi", "id": "874984340", "created_at": "2012-10-12T05:22:26.000Z", "url": "", "public_metrics": {"followers_count": 338, "following_count": 315, "tweet_count": 26825, "listed_count": 15}, "username": "animalhugger91"}}, {"in_reply_to_user_id": "807003567605227520", "source": "Twitter for iPhone", "referenced_tweets": [{"type": "replied_to", "id": "1068617812636241920"}], "author_id": "3919740867", "id": "1068619849021181952", "entities": {"urls": [{"start": 26, "end": 49, "url": "https://t.co/ZuSZtMyXVB", "expanded_url": "https://twitter.com/dailyamberheard/status/1068619849021181952/photo/1", "display_url": "pic.twitter.com/ZuSZtMyXVB"}], "mentions": [{"start": 0, "end": 15, "username": "realamberheard", "id": "807003567605227520"}]}, "created_at": "2018-11-30T21:36:40.000Z", "public_metrics": {"retweet_count": 0, "reply_count": 0, "like_count": 6, "quote_count": 0}, "text": "@realamberheard Slay babe https://t.co/ZuSZtMyXVB", "lang": "en", "replied_tweet": {"source": "Twitter for iPhone", "author_id": "807003567605227520", "id": "1068617812636241920", "entities": {"urls": [{"start": 43, "end": 66, "url": "https://t.co/giSqTHVzJz", "expanded_url": "https://twitter.com/realamberheard/status/1068617812636241920/photo/1", "display_url": "pic.twitter.com/giSqTHVzJz"}], "hashtags": [{"start": 31, "end": 42, "tag": "PorterEDIT"}]}, "created_at": "2018-11-30T21:28:35.000Z", "public_metrics": {"retweet_count": 169, "reply_count": 35, "like_count": 1384, "quote_count": 13}, "text": "December 2018 | PORTER X EDIT \n#PorterEDIT https://t.co/giSqTHVzJz", "lang": "pt", "author": {"description": "Actor and Activist, semi-professional disruptor, ice cream advocate and shameless teacup yorkie-lover", "profile_image_url": "https://pbs.twimg.com/profile_images/1383196364792680448/N8CdupEu_normal.jpg", "name": "Amber Heard", "id": "807003567605227520", "created_at": "2016-12-08T23:26:58.000Z", "url": "https://t.co/Ze18Ek9SOI", "public_metrics": {"followers_count": 190462, "following_count": 220, "tweet_count": 1151, "listed_count": 567}, "location": "Los Angeles, CA", "username": "realamberheard"}}, "author": {"description": "Source dedicated to the gorgeous and talented Texan actress and activist @realamberheard. Online since 2015. \ud83c\uddee\ud83c\uddf9 #WeAreWithYouAmberHeard", "profile_image_url": "https://pbs.twimg.com/profile_images/1318169449468514305/fPEsSXdl_normal.jpg", "name": "Amber Heard Source", "id": "3919740867", "created_at": "2015-10-10T16:21:10.000Z", "url": "https://t.co/BSavZg4DeP", "public_metrics": {"followers_count": 3880, "following_count": 89, "tweet_count": 13308, "listed_count": 3}, "username": "amberheardsourc"}}, {"in_reply_to_user_id": "807003567605227520", "source": "Twitter for iPhone", "referenced_tweets": [{"type": "replied_to", "id": "1068617812636241920"}], "author_id": "1117151059", "id": "1068619383625388040", "entities": {"urls": [{"start": 16, "end": 39, "url": "https://t.co/Rlz881zqQv", "expanded_url": "https://twitter.com/aqmeraheard/status/1068619383625388040/photo/1", "display_url": "pic.twitter.com/Rlz881zqQv"}], "mentions": [{"start": 0, "end": 15, "username": "realamberheard", "id": "807003567605227520"}]}, "created_at": "2018-11-30T21:34:49.000Z", "public_metrics": {"retweet_count": 0, "reply_count": 0, "like_count": 0, "quote_count": 0}, "text": "@realamberheard https://t.co/Rlz881zqQv", "lang": "und", "replied_tweet": {"source": "Twitter for iPhone", "author_id": "807003567605227520", "id": "1068617812636241920", "entities": {"urls": [{"start": 43, "end": 66, "url": "https://t.co/giSqTHVzJz", "expanded_url": "https://twitter.com/realamberheard/status/1068617812636241920/photo/1", "display_url": "pic.twitter.com/giSqTHVzJz"}], "hashtags": [{"start": 31, "end": 42, "tag": "PorterEDIT"}]}, "created_at": "2018-11-30T21:28:35.000Z", "public_metrics": {"retweet_count": 169, "reply_count": 35, "like_count": 1384, "quote_count": 13}, "text": "December 2018 | PORTER X EDIT \n#PorterEDIT https://t.co/giSqTHVzJz", "lang": "pt", "author": {"description": "Actor and Activist, semi-professional disruptor, ice cream advocate and shameless teacup yorkie-lover", "profile_image_url": "https://pbs.twimg.com/profile_images/1383196364792680448/N8CdupEu_normal.jpg", "name": "Amber Heard", "id": "807003567605227520", "created_at": "2016-12-08T23:26:58.000Z", "url": "https://t.co/Ze18Ek9SOI", "public_metrics": {"followers_count": 190462, "following_count": 220, "tweet_count": 1151, "listed_count": 567}, "location": "Los Angeles, CA", "username": "realamberheard"}}, "author": {"description": "i will get over it i just gotta be dramatic first | \u043b\u043e\u0445\u0438 \u0442\u0430\u043d\u0446\u0443\u044e\u0442 \u043b\u0430\u043c\u0431\u0430\u0434\u0443, \u0430 \u043c\u044b \u0442\u0430\u043d\u0446\u0443\u0435\u043c \u0447\u0438\u0442\u0443 \u0434\u0440\u0438\u0442\u0443", "profile_image_url": "https://pbs.twimg.com/profile_images/1484986468867190786/hOm_fB1Y_normal.jpg", "name": "Ri \ud83e\ude90", "id": "1117151059", "created_at": "2013-01-24T16:06:36.000Z", "url": "", "public_metrics": {"followers_count": 262, "following_count": 71, "tweet_count": 68533, "listed_count": 0}, "location": "\ud83c\uddf7\ud83c\uddfa \u2022 \u2649\ufe0e \u2022 \u2695", "username": "aqmeraheard"}}, {"in_reply_to_user_id": "807003567605227520", "source": "Twitter for iPhone", "referenced_tweets": [{"type": "replied_to", "id": "1068617812636241920"}], "author_id": "1534854001", "id": "1068618856644730881", "created_at": "2018-11-30T21:32:44.000Z", "public_metrics": {"retweet_count": 0, "reply_count": 0, "like_count": 0, "quote_count": 0}, "entities": {"mentions": [{"start": 0, "end": 15, "username": "realamberheard", "id": "807003567605227520"}]}, "text": "@realamberheard uuu super cute fire bb", "lang": "en", "replied_tweet": {"source": "Twitter for iPhone", "author_id": "807003567605227520", "id": "1068617812636241920", "entities": {"urls": [{"start": 43, "end": 66, "url": "https://t.co/giSqTHVzJz", "expanded_url": "https://twitter.com/realamberheard/status/1068617812636241920/photo/1", "display_url": "pic.twitter.com/giSqTHVzJz"}], "hashtags": [{"start": 31, "end": 42, "tag": "PorterEDIT"}]}, "created_at": "2018-11-30T21:28:35.000Z", "public_metrics": {"retweet_count": 169, "reply_count": 35, "like_count": 1384, "quote_count": 13}, "text": "December 2018 | PORTER X EDIT \n#PorterEDIT https://t.co/giSqTHVzJz", "lang": "pt", "author": {"description": "Actor and Activist, semi-professional disruptor, ice cream advocate and shameless teacup yorkie-lover", "profile_image_url": "https://pbs.twimg.com/profile_images/1383196364792680448/N8CdupEu_normal.jpg", "name": "Amber Heard", "id": "807003567605227520", "created_at": "2016-12-08T23:26:58.000Z", "url": "https://t.co/Ze18Ek9SOI", "public_metrics": {"followers_count": 190462, "following_count": 220, "tweet_count": 1151, "listed_count": 567}, "location": "Los Angeles, CA", "username": "realamberheard"}}, "author": {"description": "charlize theron.", "profile_image_url": "https://pbs.twimg.com/profile_images/1421420491936501763/gQ3zGhps_normal.jpg", "name": "m", "id": "1534854001", "created_at": "2013-06-20T19:51:01.000Z", "url": "https://t.co/RHPQQ3rOEp", "public_metrics": {"followers_count": 2444, "following_count": 349, "tweet_count": 188987, "listed_count": 31}, "location": "\ud83e\ude90", "username": "lovemyaniston"}}, {"in_reply_to_user_id": "807003567605227520", "source": "Twitter for iPhone", "referenced_tweets": [{"type": "replied_to", "id": "1068617812636241920"}], "author_id": "2904970409", "id": "1068618751514419201", "created_at": "2018-11-30T21:32:18.000Z", "public_metrics": {"retweet_count": 0, "reply_count": 0, "like_count": 0, "quote_count": 0}, "entities": {"mentions": [{"start": 0, "end": 15, "username": "realamberheard", "id": "807003567605227520"}]}, "text": "@realamberheard Well done!", "lang": "en", "replied_tweet": {"source": "Twitter for iPhone", "author_id": "807003567605227520", "id": "1068617812636241920", "entities": {"urls": [{"start": 43, "end": 66, "url": "https://t.co/giSqTHVzJz", "expanded_url": "https://twitter.com/realamberheard/status/1068617812636241920/photo/1", "display_url": "pic.twitter.com/giSqTHVzJz"}], "hashtags": [{"start": 31, "end": 42, "tag": "PorterEDIT"}]}, "created_at": "2018-11-30T21:28:35.000Z", "public_metrics": {"retweet_count": 169, "reply_count": 35, "like_count": 1384, "quote_count": 13}, "text": "December 2018 | PORTER X EDIT \n#PorterEDIT https://t.co/giSqTHVzJz", "lang": "pt", "author": {"description": "Actor and Activist, semi-professional disruptor, ice cream advocate and shameless teacup yorkie-lover", "profile_image_url": "https://pbs.twimg.com/profile_images/1383196364792680448/N8CdupEu_normal.jpg", "name": "Amber Heard", "id": "807003567605227520", "created_at": "2016-12-08T23:26:58.000Z", "url": "https://t.co/Ze18Ek9SOI", "public_metrics": {"followers_count": 190462, "following_count": 220, "tweet_count": 1151, "listed_count": 567}, "location": "Los Angeles, CA", "username": "realamberheard"}}, "author": {"description": "She/her\nI like movies & tv shows, like a lot.", "profile_image_url": "https://pbs.twimg.com/profile_images/1264206605500981249/DGKDM3VR_normal.jpg", "name": "Brigitte Krause", "id": "2904970409", "created_at": "2014-12-04T11:42:00.000Z", "url": "https://t.co/hpMzvuw38D", "public_metrics": {"followers_count": 781, "following_count": 1895, "tweet_count": 27028, "listed_count": 61}, "location": "London, England", "username": "TheBrigitteEdit"}}, {"in_reply_to_user_id": "807003567605227520", "source": "Twitter for Android", "referenced_tweets": [{"type": "replied_to", "id": "1068617812636241920"}], "author_id": "2724444422", "id": "1068618694690000896", "created_at": "2018-11-30T21:32:05.000Z", "public_metrics": {"retweet_count": 0, "reply_count": 0, "like_count": 3, "quote_count": 0}, "entities": {"mentions": [{"start": 0, "end": 15, "username": "realamberheard", "id": "807003567605227520"}]}, "text": "@realamberheard so many covers this month\nwhat a proud\nshine my queen \u2764", "lang": "en", "replied_tweet": {"source": "Twitter for iPhone", "author_id": "807003567605227520", "id": "1068617812636241920", "entities": {"urls": [{"start": 43, "end": 66, "url": "https://t.co/giSqTHVzJz", "expanded_url": "https://twitter.com/realamberheard/status/1068617812636241920/photo/1", "display_url": "pic.twitter.com/giSqTHVzJz"}], "hashtags": [{"start": 31, "end": 42, "tag": "PorterEDIT"}]}, "created_at": "2018-11-30T21:28:35.000Z", "public_metrics": {"retweet_count": 169, "reply_count": 35, "like_count": 1384, "quote_count": 13}, "text": "December 2018 | PORTER X EDIT \n#PorterEDIT https://t.co/giSqTHVzJz", "lang": "pt", "author": {"description": "Actor and Activist, semi-professional disruptor, ice cream advocate and shameless teacup yorkie-lover", "profile_image_url": "https://pbs.twimg.com/profile_images/1383196364792680448/N8CdupEu_normal.jpg", "name": "Amber Heard", "id": "807003567605227520", "created_at": "2016-12-08T23:26:58.000Z", "url": "https://t.co/Ze18Ek9SOI", "public_metrics": {"followers_count": 190462, "following_count": 220, "tweet_count": 1151, "listed_count": 567}, "location": "Los Angeles, CA", "username": "realamberheard"}}, "author": {"description": "all r&b and hip hop culture", "profile_image_url": "https://pbs.twimg.com/profile_images/1505214911051440135/SZpWBAtg_normal.jpg", "name": "sasa", "id": "2724444422", "created_at": "2014-08-11T18:27:47.000Z", "url": "", "public_metrics": {"followers_count": 1230, "following_count": 583, "tweet_count": 61217, "listed_count": 11}, "username": "fkatwyez"}}, {"in_reply_to_user_id": "807003567605227520", "source": "Twitter Web Client", "referenced_tweets": [{"type": "replied_to", "id": "1068617812636241920"}], "author_id": "45998239", "id": "1068618372974239745", "created_at": "2018-11-30T21:30:48.000Z", "public_metrics": {"retweet_count": 0, "reply_count": 0, "like_count": 0, "quote_count": 0}, "entities": {"mentions": [{"start": 0, "end": 15, "username": "realamberheard", "id": "807003567605227520"}]}, "text": "@realamberheard Hermosa \ud83d\ude0d", "lang": "es", "replied_tweet": {"source": "Twitter for iPhone", "author_id": "807003567605227520", "id": "1068617812636241920", "entities": {"urls": [{"start": 43, "end": 66, "url": "https://t.co/giSqTHVzJz", "expanded_url": "https://twitter.com/realamberheard/status/1068617812636241920/photo/1", "display_url": "pic.twitter.com/giSqTHVzJz"}], "hashtags": [{"start": 31, "end": 42, "tag": "PorterEDIT"}]}, "created_at": "2018-11-30T21:28:35.000Z", "public_metrics": {"retweet_count": 169, "reply_count": 35, "like_count": 1384, "quote_count": 13}, "text": "December 2018 | PORTER X EDIT \n#PorterEDIT https://t.co/giSqTHVzJz", "lang": "pt", "author": {"description": "Actor and Activist, semi-professional disruptor, ice cream advocate and shameless teacup yorkie-lover", "profile_image_url": "https://pbs.twimg.com/profile_images/1383196364792680448/N8CdupEu_normal.jpg", "name": "Amber Heard", "id": "807003567605227520", "created_at": "2016-12-08T23:26:58.000Z", "url": "https://t.co/Ze18Ek9SOI", "public_metrics": {"followers_count": 190462, "following_count": 220, "tweet_count": 1151, "listed_count": 567}, "location": "Los Angeles, CA", "username": "realamberheard"}}, "author": {"description": "Si buscas dentro de mi encontrar\u00e1s un pa\u00eds viviendo en la luna\ud83c\udf1b \u2022 Amante del caf\u00e9 \u2615 \u2022 Belifan \ud83d\udc78\ud83c\udffc y Batmanlover \ud83e\udd87  @belindapop me sigui\u00f3 05/10/15", "profile_image_url": "https://pbs.twimg.com/profile_images/1080930152245125120/fPmKp3Zx_normal.jpg", "name": "\ud835\udc75\ud835\udc86\u0301\ud835\udc94\ud835\udc95\ud835\udc90\ud835\udc93, \ud835\udc79\ud835\udc86\ud835\udc9a \ud835\udc85\ud835\udc86 \ud835\udc6e\ud835\udc86\ud835\udc8f\ud835\udc90\ud835\udc97\ud835\udc8a\ud835\udc82 \ud83e\udd34\ud83c\udffb", "id": "45998239", "created_at": "2009-06-10T01:08:45.000Z", "url": "https://t.co/U4EPVOzzL7", "public_metrics": {"followers_count": 722, "following_count": 2855, "tweet_count": 9323, "listed_count": 0}, "location": "Escobedo, Nuevo Le\u00f3n", "username": "Neztorciento"}}, {"in_reply_to_user_id": "807003567605227520", "source": "Twitter Web Client", "referenced_tweets": [{"type": "replied_to", "id": "1068617812636241920"}], "author_id": "14721782", "id": "1068618254598488066", "created_at": "2018-11-30T21:30:20.000Z", "public_metrics": {"retweet_count": 0, "reply_count": 0, "like_count": 0, "quote_count": 0}, "entities": {"mentions": [{"start": 0, "end": 15, "username": "realamberheard", "id": "807003567605227520"}]}, "text": "@realamberheard Nice!", "lang": "en", "replied_tweet": {"source": "Twitter for iPhone", "author_id": "807003567605227520", "id": "1068617812636241920", "entities": {"urls": [{"start": 43, "end": 66, "url": "https://t.co/giSqTHVzJz", "expanded_url": "https://twitter.com/realamberheard/status/1068617812636241920/photo/1", "display_url": "pic.twitter.com/giSqTHVzJz"}], "hashtags": [{"start": 31, "end": 42, "tag": "PorterEDIT"}]}, "created_at": "2018-11-30T21:28:35.000Z", "public_metrics": {"retweet_count": 169, "reply_count": 35, "like_count": 1384, "quote_count": 13}, "text": "December 2018 | PORTER X EDIT \n#PorterEDIT https://t.co/giSqTHVzJz", "lang": "pt", "author": {"description": "Actor and Activist, semi-professional disruptor, ice cream advocate and shameless teacup yorkie-lover", "profile_image_url": "https://pbs.twimg.com/profile_images/1383196364792680448/N8CdupEu_normal.jpg", "name": "Amber Heard", "id": "807003567605227520", "created_at": "2016-12-08T23:26:58.000Z", "url": "https://t.co/Ze18Ek9SOI", "public_metrics": {"followers_count": 190462, "following_count": 220, "tweet_count": 1151, "listed_count": 567}, "location": "Los Angeles, CA", "username": "realamberheard"}}, "author": {"description": "i'm more from what you'd call inner time....", "profile_image_url": "https://pbs.twimg.com/profile_images/54000633/Tubular3_normal.jpg", "name": "eliazar", "id": "14721782", "created_at": "2008-05-10T05:24:59.000Z", "url": "", "public_metrics": {"followers_count": 88, "following_count": 408, "tweet_count": 10926, "listed_count": 2}, "location": "quantum space / foundations of stone", "username": "eliazar"}}, {"in_reply_to_user_id": "807003567605227520", "source": "Twitter for Android", "entities": {"annotations": [{"start": 21, "end": 25, "probability": 0.942, "type": "Person", "normalized_text": "amber"}], "mentions": [{"start": 0, "end": 15, "username": "realamberheard", "id": "807003567605227520"}]}, "referenced_tweets": [{"type": "replied_to", "id": "1068617812636241920"}], "author_id": "989633741114003456", "id": "1068618212936433664", "created_at": "2018-11-30T21:30:10.000Z", "public_metrics": {"retweet_count": 0, "reply_count": 0, "like_count": 1, "quote_count": 0}, "text": "@realamberheard Dear amber,so very nice photo my freind almost a new year 2019!", "lang": "en", "replied_tweet": {"source": "Twitter for iPhone", "author_id": "807003567605227520", "id": "1068617812636241920", "entities": {"urls": [{"start": 43, "end": 66, "url": "https://t.co/giSqTHVzJz", "expanded_url": "https://twitter.com/realamberheard/status/1068617812636241920/photo/1", "display_url": "pic.twitter.com/giSqTHVzJz"}], "hashtags": [{"start": 31, "end": 42, "tag": "PorterEDIT"}]}, "created_at": "2018-11-30T21:28:35.000Z", "public_metrics": {"retweet_count": 169, "reply_count": 35, "like_count": 1384, "quote_count": 13}, "text": "December 2018 | PORTER X EDIT \n#PorterEDIT https://t.co/giSqTHVzJz", "lang": "pt", "author": {"description": "Actor and Activist, semi-professional disruptor, ice cream advocate and shameless teacup yorkie-lover", "profile_image_url": "https://pbs.twimg.com/profile_images/1383196364792680448/N8CdupEu_normal.jpg", "name": "Amber Heard", "id": "807003567605227520", "created_at": "2016-12-08T23:26:58.000Z", "url": "https://t.co/Ze18Ek9SOI", "public_metrics": {"followers_count": 190462, "following_count": 220, "tweet_count": 1151, "listed_count": 567}, "location": "Los Angeles, CA", "username": "realamberheard"}}, "author": {"description": "Comedy,counselor", "profile_image_url": "https://abs.twimg.com/sticky/default_profile_images/default_profile_normal.png", "name": "Paulwalwanis", "id": "989633741114003456", "created_at": "2018-04-26T22:34:05.000Z", "url": "", "public_metrics": {"followers_count": 39, "following_count": 269, "tweet_count": 44974, "listed_count": 0}, "location": "Long Island,new York", "username": "Paulwalwanis7"}}, {"in_reply_to_user_id": "807003567605227520", "source": "Twitter for iPad", "referenced_tweets": [{"type": "replied_to", "id": "1068617812636241920"}], "author_id": "868981182", "id": "1068618155893895173", "created_at": "2018-11-30T21:29:56.000Z", "public_metrics": {"retweet_count": 0, "reply_count": 0, "like_count": 0, "quote_count": 0}, "entities": {"mentions": [{"start": 0, "end": 15, "username": "realamberheard", "id": "807003567605227520"}]}, "text": "@realamberheard Gorgeous x", "lang": "en", "replied_tweet": {"source": "Twitter for iPhone", "author_id": "807003567605227520", "id": "1068617812636241920", "entities": {"urls": [{"start": 43, "end": 66, "url": "https://t.co/giSqTHVzJz", "expanded_url": "https://twitter.com/realamberheard/status/1068617812636241920/photo/1", "display_url": "pic.twitter.com/giSqTHVzJz"}], "hashtags": [{"start": 31, "end": 42, "tag": "PorterEDIT"}]}, "created_at": "2018-11-30T21:28:35.000Z", "public_metrics": {"retweet_count": 169, "reply_count": 35, "like_count": 1384, "quote_count": 13}, "text": "December 2018 | PORTER X EDIT \n#PorterEDIT https://t.co/giSqTHVzJz", "lang": "pt", "author": {"description": "Actor and Activist, semi-professional disruptor, ice cream advocate and shameless teacup yorkie-lover", "profile_image_url": "https://pbs.twimg.com/profile_images/1383196364792680448/N8CdupEu_normal.jpg", "name": "Amber Heard", "id": "807003567605227520", "created_at": "2016-12-08T23:26:58.000Z", "url": "https://t.co/Ze18Ek9SOI", "public_metrics": {"followers_count": 190462, "following_count": 220, "tweet_count": 1151, "listed_count": 567}, "location": "Los Angeles, CA", "username": "realamberheard"}}, "author": {"description": "Rat mom. Horror lover. Animal activist. I love wine.", "profile_image_url": "https://pbs.twimg.com/profile_images/1492211310645366787/o8gwYCaA_normal.jpg", "name": "Kelly", "id": "868981182", "created_at": "2012-10-09T01:13:24.000Z", "url": "", "public_metrics": {"followers_count": 118, "following_count": 197, "tweet_count": 3738, "listed_count": 0}, "location": "UK", "username": "kellyland4747"}}, {"in_reply_to_user_id": "807003567605227520", "source": "Twitter for Android", "referenced_tweets": [{"type": "replied_to", "id": "1068617812636241920"}], "author_id": "276097327", "id": "1068617928432656384", "created_at": "2018-11-30T21:29:02.000Z", "public_metrics": {"retweet_count": 0, "reply_count": 0, "like_count": 0, "quote_count": 0}, "entities": {"mentions": [{"start": 0, "end": 15, "username": "realamberheard", "id": "807003567605227520"}]}, "text": "@realamberheard Te Amo.", "lang": "es", "replied_tweet": {"source": "Twitter for iPhone", "author_id": "807003567605227520", "id": "1068617812636241920", "entities": {"urls": [{"start": 43, "end": 66, "url": "https://t.co/giSqTHVzJz", "expanded_url": "https://twitter.com/realamberheard/status/1068617812636241920/photo/1", "display_url": "pic.twitter.com/giSqTHVzJz"}], "hashtags": [{"start": 31, "end": 42, "tag": "PorterEDIT"}]}, "created_at": "2018-11-30T21:28:35.000Z", "public_metrics": {"retweet_count": 169, "reply_count": 35, "like_count": 1384, "quote_count": 13}, "text": "December 2018 | PORTER X EDIT \n#PorterEDIT https://t.co/giSqTHVzJz", "lang": "pt", "author": {"description": "Actor and Activist, semi-professional disruptor, ice cream advocate and shameless teacup yorkie-lover", "profile_image_url": "https://pbs.twimg.com/profile_images/1383196364792680448/N8CdupEu_normal.jpg", "name": "Amber Heard", "id": "807003567605227520", "created_at": "2016-12-08T23:26:58.000Z", "url": "https://t.co/Ze18Ek9SOI", "public_metrics": {"followers_count": 190462, "following_count": 220, "tweet_count": 1151, "listed_count": 567}, "location": "Los Angeles, CA", "username": "realamberheard"}}, "author": {"description": "Corretor de Imoveis no Estado do SP\ne Gamer na horas vagas .", "profile_image_url": "https://pbs.twimg.com/profile_images/1418708491246743555/55L7MdoH_normal.jpg", "name": "Le\u00f4nidas Junior", "id": "276097327", "created_at": "2011-04-02T16:59:58.000Z", "url": "", "public_metrics": {"followers_count": 6, "following_count": 109, "tweet_count": 1669, "listed_count": 0}, "username": "leonidasdiamant"}}]