[{"entities": {"mentions": [{"start": 0, "end": 15, "username": "realamberheard", "id": "807003567605227520"}, {"start": 16, "end": 31, "username": "LOrealParisUSA", "id": "87222643"}, {"start": 32, "end": 44, "username": "EvaLongoria", "id": "110827653"}, {"start": 45, "end": 59, "username": "ajanaomi_king", "id": "361226047"}, {"start": 60, "end": 76, "username": "AndieMacDowell3", "id": "1482913775774842883"}]}, "public_metrics": {"retweet_count": 0, "reply_count": 0, "like_count": 0, "quote_count": 0}, "author_id": "918467691534368768", "lang": "en", "source": "Twitter for Android", "created_at": "2018-12-08T03:11:58.000Z", "referenced_tweets": [{"type": "replied_to", "id": "1070764473378635778"}], "id": "1071240942907260928", "in_reply_to_user_id": "807003567605227520", "text": "@realamberheard @LOrealParisUSA @EvaLongoria @ajanaomi_king @AndieMacDowell3 U r the best \n....amber", "replied_tweet": {"entities": {"mentions": [{"start": 41, "end": 56, "username": "LOrealParisUSA", "id": "87222643"}, {"start": 82, "end": 94, "username": "EvaLongoria", "id": "110827653"}, {"start": 97, "end": 111, "username": "ajanaomi_king", "id": "361226047"}, {"start": 114, "end": 130, "username": "AndieMacDowell3", "id": "1482913775774842883"}], "urls": [{"start": 132, "end": 155, "url": "https://t.co/MCpDKOduLz", "expanded_url": "https://twitter.com/realamberheard/status/1070764473378635778/photo/1", "display_url": "pic.twitter.com/MCpDKOduLz"}]}, "public_metrics": {"retweet_count": 56, "reply_count": 8, "like_count": 527, "quote_count": 0}, "author_id": "807003567605227520", "lang": "en", "source": "Twitter for iPhone", "created_at": "2018-12-06T19:38:38.000Z", "id": "1070764473378635778", "text": "Had the most inspiring evening with the \u2066@LOrealParisUSA\u2069 family and my WOW-crew \u2066@EvaLongoria\u2069 \u2066@ajanaomi_king\u2069 \u2066@AndieMacDowell3\u2069 https://t.co/MCpDKOduLz", "author": {"name": "Amber Heard", "profile_image_url": "https://pbs.twimg.com/profile_images/1383196364792680448/N8CdupEu_normal.jpg", "created_at": "2016-12-08T23:26:58.000Z", "description": "Actor and Activist, semi-professional disruptor, ice cream advocate and shameless teacup yorkie-lover", "public_metrics": {"followers_count": 190462, "following_count": 220, "tweet_count": 1151, "listed_count": 567}, "location": "Los Angeles, CA", "id": "807003567605227520", "username": "realamberheard", "url": "https://t.co/Ze18Ek9SOI"}}, "author": {"name": "vipin kaushik", "profile_image_url": "https://pbs.twimg.com/profile_images/1244218211421179904/IZqLw92v_normal.jpg", "created_at": "2017-10-12T13:25:36.000Z", "description": "EX-NCC CADET \ud83d\udc6e\ud83c\udffb\u200d\ud83c\uddee\ud83c\uddf3...... BUSCADOR", "public_metrics": {"followers_count": 3, "following_count": 68, "tweet_count": 235, "listed_count": 0}, "location": "Gurgaon", "id": "918467691534368768", "username": "vipinkaushik93", "url": "https://t.co/dwIRURYF41"}}, {"entities": {"mentions": [{"start": 0, "end": 15, "username": "realamberheard", "id": "807003567605227520"}, {"start": 16, "end": 31, "username": "LOrealParisUSA", "id": "87222643"}, {"start": 32, "end": 44, "username": "EvaLongoria", "id": "110827653"}, {"start": 45, "end": 59, "username": "ajanaomi_king", "id": "361226047"}, {"start": 60, "end": 76, "username": "AndieMacDowell3", "id": "1482913775774842883"}], "hashtags": [{"start": 126, "end": 143, "tag": "immigrantsrights"}]}, "public_metrics": {"retweet_count": 0, "reply_count": 0, "like_count": 3, "quote_count": 0}, "author_id": "1067547001842212866", "lang": "en", "source": "Twitter for iPhone", "created_at": "2018-12-07T02:12:04.000Z", "referenced_tweets": [{"type": "replied_to", "id": "1070764473378635778"}], "id": "1070863483548381185", "in_reply_to_user_id": "807003567605227520", "text": "@realamberheard @LOrealParisUSA @EvaLongoria @ajanaomi_king @AndieMacDowell3 Looking beautiful. Thank you for your support of #immigrantsrights.", "replied_tweet": {"entities": {"mentions": [{"start": 41, "end": 56, "username": "LOrealParisUSA", "id": "87222643"}, {"start": 82, "end": 94, "username": "EvaLongoria", "id": "110827653"}, {"start": 97, "end": 111, "username": "ajanaomi_king", "id": "361226047"}, {"start": 114, "end": 130, "username": "AndieMacDowell3", "id": "1482913775774842883"}], "urls": [{"start": 132, "end": 155, "url": "https://t.co/MCpDKOduLz", "expanded_url": "https://twitter.com/realamberheard/status/1070764473378635778/photo/1", "display_url": "pic.twitter.com/MCpDKOduLz"}]}, "public_metrics": {"retweet_count": 56, "reply_count": 8, "like_count": 527, "quote_count": 0}, "author_id": "807003567605227520", "lang": "en", "source": "Twitter for iPhone", "created_at": "2018-12-06T19:38:38.000Z", "id": "1070764473378635778", "text": "Had the most inspiring evening with the \u2066@LOrealParisUSA\u2069 family and my WOW-crew \u2066@EvaLongoria\u2069 \u2066@ajanaomi_king\u2069 \u2066@AndieMacDowell3\u2069 https://t.co/MCpDKOduLz", "author": {"name": "Amber Heard", "profile_image_url": "https://pbs.twimg.com/profile_images/1383196364792680448/N8CdupEu_normal.jpg", "created_at": "2016-12-08T23:26:58.000Z", "description": "Actor and Activist, semi-professional disruptor, ice cream advocate and shameless teacup yorkie-lover", "public_metrics": {"followers_count": 190462, "following_count": 220, "tweet_count": 1151, "listed_count": 567}, "location": "Los Angeles, CA", "id": "807003567605227520", "username": "realamberheard", "url": "https://t.co/Ze18Ek9SOI"}}, "author": {"name": "Alicia Gelernt", "profile_image_url": "https://pbs.twimg.com/profile_images/1067553916978634752/q95kkpyF_normal.jpg", "created_at": "2018-11-27T22:33:34.000Z", "description": "Mom, Wife, Communications strategist, entertainment, civil rights, public interest, politics, sports. Tweets are my own, not those of @NobleMediaUSA", "public_metrics": {"followers_count": 35, "following_count": 50, "tweet_count": 57, "listed_count": 0}, "location": "Manhattan, NY", "id": "1067547001842212866", "username": "AliciaGelernt", "url": "https://t.co/mVc4wGiyjg"}}, {"entities": {"mentions": [{"start": 0, "end": 15, "username": "realamberheard", "id": "807003567605227520"}, {"start": 16, "end": 31, "username": "LOrealParisUSA", "id": "87222643"}, {"start": 32, "end": 44, "username": "EvaLongoria", "id": "110827653"}, {"start": 45, "end": 59, "username": "ajanaomi_king", "id": "361226047"}, {"start": 60, "end": 76, "username": "AndieMacDowell3", "id": "1482913775774842883"}]}, "public_metrics": {"retweet_count": 0, "reply_count": 0, "like_count": 2, "quote_count": 0}, "author_id": "4396120342", "lang": "en", "source": "Twitter for Android", "created_at": "2018-12-07T01:19:33.000Z", "referenced_tweets": [{"type": "replied_to", "id": "1070764473378635778"}], "id": "1070850264591155201", "in_reply_to_user_id": "807003567605227520", "text": "@realamberheard @LOrealParisUSA @EvaLongoria @ajanaomi_king @AndieMacDowell3 You're quite the \"family\" \ud83d\ude0a\ud83d\udc4d\n\nLove to see all these intelligent, strong, inspiring women, working together and supporting each other", "replied_tweet": {"entities": {"mentions": [{"start": 41, "end": 56, "username": "LOrealParisUSA", "id": "87222643"}, {"start": 82, "end": 94, "username": "EvaLongoria", "id": "110827653"}, {"start": 97, "end": 111, "username": "ajanaomi_king", "id": "361226047"}, {"start": 114, "end": 130, "username": "AndieMacDowell3", "id": "1482913775774842883"}], "urls": [{"start": 132, "end": 155, "url": "https://t.co/MCpDKOduLz", "expanded_url": "https://twitter.com/realamberheard/status/1070764473378635778/photo/1", "display_url": "pic.twitter.com/MCpDKOduLz"}]}, "public_metrics": {"retweet_count": 56, "reply_count": 8, "like_count": 527, "quote_count": 0}, "author_id": "807003567605227520", "lang": "en", "source": "Twitter for iPhone", "created_at": "2018-12-06T19:38:38.000Z", "id": "1070764473378635778", "text": "Had the most inspiring evening with the \u2066@LOrealParisUSA\u2069 family and my WOW-crew \u2066@EvaLongoria\u2069 \u2066@ajanaomi_king\u2069 \u2066@AndieMacDowell3\u2069 https://t.co/MCpDKOduLz", "author": {"name": "Amber Heard", "profile_image_url": "https://pbs.twimg.com/profile_images/1383196364792680448/N8CdupEu_normal.jpg", "created_at": "2016-12-08T23:26:58.000Z", "description": "Actor and Activist, semi-professional disruptor, ice cream advocate and shameless teacup yorkie-lover", "public_metrics": {"followers_count": 190462, "following_count": 220, "tweet_count": 1151, "listed_count": 567}, "location": "Los Angeles, CA", "id": "807003567605227520", "username": "realamberheard", "url": "https://t.co/Ze18Ek9SOI"}}, "author": {"name": "STIRGUS SACCHETTI", "profile_image_url": "https://pbs.twimg.com/profile_images/1378175478478082050/UKLiQPuk_normal.jpg", "created_at": "2015-12-06T17:21:06.000Z", "description": "Only two things are infinite, the universe and human stupidity, and I'm not sure about the former. - Albert Einstein and Me!", "public_metrics": {"followers_count": 678, "following_count": 296, "tweet_count": 58624, "listed_count": 26}, "id": "4396120342", "username": "stirgussa", "url": ""}}, {"entities": {"mentions": [{"start": 0, "end": 15, "username": "realamberheard", "id": "807003567605227520"}, {"start": 16, "end": 31, "username": "LOrealParisUSA", "id": "87222643"}, {"start": 32, "end": 44, "username": "EvaLongoria", "id": "110827653"}, {"start": 45, "end": 59, "username": "ajanaomi_king", "id": "361226047"}, {"start": 60, "end": 76, "username": "AndieMacDowell3", "id": "1482913775774842883"}]}, "public_metrics": {"retweet_count": 0, "reply_count": 0, "like_count": 1, "quote_count": 0}, "author_id": "874984340", "lang": "en", "source": "Twitter for iPhone", "created_at": "2018-12-06T21:05:08.000Z", "referenced_tweets": [{"type": "replied_to", "id": "1070764473378635778"}], "id": "1070786241589899268", "in_reply_to_user_id": "807003567605227520", "text": "@realamberheard @LOrealParisUSA @EvaLongoria @ajanaomi_king @AndieMacDowell3 Amazing!! You have earned this! You have such a powerful voice! \u2764\ufe0f", "replied_tweet": {"entities": {"mentions": [{"start": 41, "end": 56, "username": "LOrealParisUSA", "id": "87222643"}, {"start": 82, "end": 94, "username": "EvaLongoria", "id": "110827653"}, {"start": 97, "end": 111, "username": "ajanaomi_king", "id": "361226047"}, {"start": 114, "end": 130, "username": "AndieMacDowell3", "id": "1482913775774842883"}], "urls": [{"start": 132, "end": 155, "url": "https://t.co/MCpDKOduLz", "expanded_url": "https://twitter.com/realamberheard/status/1070764473378635778/photo/1", "display_url": "pic.twitter.com/MCpDKOduLz"}]}, "public_metrics": {"retweet_count": 56, "reply_count": 8, "like_count": 527, "quote_count": 0}, "author_id": "807003567605227520", "lang": "en", "source": "Twitter for iPhone", "created_at": "2018-12-06T19:38:38.000Z", "id": "1070764473378635778", "text": "Had the most inspiring evening with the \u2066@LOrealParisUSA\u2069 family and my WOW-crew \u2066@EvaLongoria\u2069 \u2066@ajanaomi_king\u2069 \u2066@AndieMacDowell3\u2069 https://t.co/MCpDKOduLz", "author": {"name": "Amber Heard", "profile_image_url": "https://pbs.twimg.com/profile_images/1383196364792680448/N8CdupEu_normal.jpg", "created_at": "2016-12-08T23:26:58.000Z", "description": "Actor and Activist, semi-professional disruptor, ice cream advocate and shameless teacup yorkie-lover", "public_metrics": {"followers_count": 190462, "following_count": 220, "tweet_count": 1151, "listed_count": 567}, "location": "Los Angeles, CA", "id": "807003567605227520", "username": "realamberheard", "url": "https://t.co/Ze18Ek9SOI"}}, "author": {"name": "Lexi", "profile_image_url": "https://pbs.twimg.com/profile_images/1451763808968523777/qJNzYCWU_normal.jpg", "created_at": "2012-10-12T05:22:26.000Z", "description": "Here to fangirl about fangirl things. I also retweet a lot of animal stuff and posts to raise social awareness. Beware my page. Pronouns: she/her", "public_metrics": {"followers_count": 338, "following_count": 315, "tweet_count": 26825, "listed_count": 15}, "id": "874984340", "username": "animalhugger91", "url": ""}}, {"entities": {"mentions": [{"start": 0, "end": 15, "username": "realamberheard", "id": "807003567605227520"}, {"start": 16, "end": 31, "username": "LOrealParisUSA", "id": "87222643"}, {"start": 32, "end": 44, "username": "EvaLongoria", "id": "110827653"}, {"start": 45, "end": 59, "username": "ajanaomi_king", "id": "361226047"}, {"start": 60, "end": 76, "username": "AndieMacDowell3", "id": "1482913775774842883"}], "annotations": [{"start": 87, "end": 91, "probability": 0.7032, "type": "Person", "normalized_text": "AMBER"}]}, "public_metrics": {"retweet_count": 0, "reply_count": 0, "like_count": 0, "quote_count": 0}, "author_id": "276097327", "lang": "pt", "source": "Twitter for Android", "created_at": "2018-12-06T20:23:40.000Z", "referenced_tweets": [{"type": "replied_to", "id": "1070764473378635778"}], "id": "1070775803095453696", "in_reply_to_user_id": "807003567605227520", "text": "@realamberheard @LOrealParisUSA @EvaLongoria @ajanaomi_king @AndieMacDowell3 Vc \u00e9 foda AMBER , est\u00e1s um espet\u00e1culo .vc me deixa nas nuvens de imagina\u00e7\u00e3o .", "replied_tweet": {"entities": {"mentions": [{"start": 41, "end": 56, "username": "LOrealParisUSA", "id": "87222643"}, {"start": 82, "end": 94, "username": "EvaLongoria", "id": "110827653"}, {"start": 97, "end": 111, "username": "ajanaomi_king", "id": "361226047"}, {"start": 114, "end": 130, "username": "AndieMacDowell3", "id": "1482913775774842883"}], "urls": [{"start": 132, "end": 155, "url": "https://t.co/MCpDKOduLz", "expanded_url": "https://twitter.com/realamberheard/status/1070764473378635778/photo/1", "display_url": "pic.twitter.com/MCpDKOduLz"}]}, "public_metrics": {"retweet_count": 56, "reply_count": 8, "like_count": 527, "quote_count": 0}, "author_id": "807003567605227520", "lang": "en", "source": "Twitter for iPhone", "created_at": "2018-12-06T19:38:38.000Z", "id": "1070764473378635778", "text": "Had the most inspiring evening with the \u2066@LOrealParisUSA\u2069 family and my WOW-crew \u2066@EvaLongoria\u2069 \u2066@ajanaomi_king\u2069 \u2066@AndieMacDowell3\u2069 https://t.co/MCpDKOduLz", "author": {"name": "Amber Heard", "profile_image_url": "https://pbs.twimg.com/profile_images/1383196364792680448/N8CdupEu_normal.jpg", "created_at": "2016-12-08T23:26:58.000Z", "description": "Actor and Activist, semi-professional disruptor, ice cream advocate and shameless teacup yorkie-lover", "public_metrics": {"followers_count": 190462, "following_count": 220, "tweet_count": 1151, "listed_count": 567}, "location": "Los Angeles, CA", "id": "807003567605227520", "username": "realamberheard", "url": "https://t.co/Ze18Ek9SOI"}}, "author": {"name": "Le\u00f4nidas Junior", "profile_image_url": "https://pbs.twimg.com/profile_images/1418708491246743555/55L7MdoH_normal.jpg", "created_at": "2011-04-02T16:59:58.000Z", "description": "Corretor de Imoveis no Estado do SP\ne Gamer na horas vagas .", "public_metrics": {"followers_count": 6, "following_count": 109, "tweet_count": 1669, "listed_count": 0}, "id": "276097327", "username": "leonidasdiamant", "url": ""}}, {"entities": {"mentions": [{"start": 0, "end": 15, "username": "realamberheard", "id": "807003567605227520"}, {"start": 16, "end": 31, "username": "LOrealParisUSA", "id": "87222643"}, {"start": 32, "end": 44, "username": "EvaLongoria", "id": "110827653"}, {"start": 45, "end": 59, "username": "ajanaomi_king", "id": "361226047"}, {"start": 60, "end": 76, "username": "AndieMacDowell3", "id": "1482913775774842883"}]}, "public_metrics": {"retweet_count": 0, "reply_count": 0, "like_count": 2, "quote_count": 0}, "author_id": "785148392498421760", "lang": "en", "source": "Twitter for Android", "created_at": "2018-12-06T19:41:02.000Z", "referenced_tweets": [{"type": "replied_to", "id": "1070764473378635778"}], "id": "1070765074489466882", "in_reply_to_user_id": "807003567605227520", "text": "@realamberheard @LOrealParisUSA @EvaLongoria @ajanaomi_king @AndieMacDowell3 So inspiring women... And we are so proud that you are one of them \ud83d\ude0d\ud83d\udcaa\u2764", "replied_tweet": {"entities": {"mentions": [{"start": 41, "end": 56, "username": "LOrealParisUSA", "id": "87222643"}, {"start": 82, "end": 94, "username": "EvaLongoria", "id": "110827653"}, {"start": 97, "end": 111, "username": "ajanaomi_king", "id": "361226047"}, {"start": 114, "end": 130, "username": "AndieMacDowell3", "id": "1482913775774842883"}], "urls": [{"start": 132, "end": 155, "url": "https://t.co/MCpDKOduLz", "expanded_url": "https://twitter.com/realamberheard/status/1070764473378635778/photo/1", "display_url": "pic.twitter.com/MCpDKOduLz"}]}, "public_metrics": {"retweet_count": 56, "reply_count": 8, "like_count": 527, "quote_count": 0}, "author_id": "807003567605227520", "lang": "en", "source": "Twitter for iPhone", "created_at": "2018-12-06T19:38:38.000Z", "id": "1070764473378635778", "text": "Had the most inspiring evening with the \u2066@LOrealParisUSA\u2069 family and my WOW-crew \u2066@EvaLongoria\u2069 \u2066@ajanaomi_king\u2069 \u2066@AndieMacDowell3\u2069 https://t.co/MCpDKOduLz", "author": {"name": "Amber Heard", "profile_image_url": "https://pbs.twimg.com/profile_images/1383196364792680448/N8CdupEu_normal.jpg", "created_at": "2016-12-08T23:26:58.000Z", "description": "Actor and Activist, semi-professional disruptor, ice cream advocate and shameless teacup yorkie-lover", "public_metrics": {"followers_count": 190462, "following_count": 220, "tweet_count": 1151, "listed_count": 567}, "location": "Los Angeles, CA", "id": "807003567605227520", "username": "realamberheard", "url": "https://t.co/Ze18Ek9SOI"}}, "author": {"name": "Cora Melodie", "profile_image_url": "https://pbs.twimg.com/profile_images/1138826096386936837/71Iwj2dh_normal.jpg", "created_at": "2016-10-09T16:02:18.000Z", "description": "Actress/Producer & UNHCR Special Envoy #AngelinaJolie | Actress, Activist & Human Rights Champion @realamberheard | @JeniferOfficiel \n\n#IStandWithYouAmberHeard", "public_metrics": {"followers_count": 738, "following_count": 720, "tweet_count": 49396, "listed_count": 28}, "location": "Bordeaux, France", "id": "785148392498421760", "username": "CoraMelodie", "url": ""}}, {"entities": {"mentions": [{"start": 0, "end": 15, "username": "realamberheard", "id": "807003567605227520"}, {"start": 16, "end": 31, "username": "LOrealParisUSA", "id": "87222643"}, {"start": 32, "end": 44, "username": "EvaLongoria", "id": "110827653"}, {"start": 45, "end": 59, "username": "ajanaomi_king", "id": "361226047"}, {"start": 60, "end": 76, "username": "AndieMacDowell3", "id": "1482913775774842883"}], "annotations": [{"start": 82, "end": 86, "probability": 0.8937, "type": "Person", "normalized_text": "amber"}]}, "public_metrics": {"retweet_count": 0, "reply_count": 1, "like_count": 2, "quote_count": 0}, "author_id": "989633741114003456", "lang": "en", "source": "Twitter for Android", "created_at": "2018-12-06T19:39:55.000Z", "referenced_tweets": [{"type": "replied_to", "id": "1070764473378635778"}], "id": "1070764794771312640", "in_reply_to_user_id": "807003567605227520", "text": "@realamberheard @LOrealParisUSA @EvaLongoria @ajanaomi_king @AndieMacDowell3 Dear amber,so very pretty photo my freinds!!,\ud83e\udd17\ud83e\udd17\ud83d\ude1a\ud83d\ude1a", "replied_tweet": {"entities": {"mentions": [{"start": 41, "end": 56, "username": "LOrealParisUSA", "id": "87222643"}, {"start": 82, "end": 94, "username": "EvaLongoria", "id": "110827653"}, {"start": 97, "end": 111, "username": "ajanaomi_king", "id": "361226047"}, {"start": 114, "end": 130, "username": "AndieMacDowell3", "id": "1482913775774842883"}], "urls": [{"start": 132, "end": 155, "url": "https://t.co/MCpDKOduLz", "expanded_url": "https://twitter.com/realamberheard/status/1070764473378635778/photo/1", "display_url": "pic.twitter.com/MCpDKOduLz"}]}, "public_metrics": {"retweet_count": 56, "reply_count": 8, "like_count": 527, "quote_count": 0}, "author_id": "807003567605227520", "lang": "en", "source": "Twitter for iPhone", "created_at": "2018-12-06T19:38:38.000Z", "id": "1070764473378635778", "text": "Had the most inspiring evening with the \u2066@LOrealParisUSA\u2069 family and my WOW-crew \u2066@EvaLongoria\u2069 \u2066@ajanaomi_king\u2069 \u2066@AndieMacDowell3\u2069 https://t.co/MCpDKOduLz", "author": {"name": "Amber Heard", "profile_image_url": "https://pbs.twimg.com/profile_images/1383196364792680448/N8CdupEu_normal.jpg", "created_at": "2016-12-08T23:26:58.000Z", "description": "Actor and Activist, semi-professional disruptor, ice cream advocate and shameless teacup yorkie-lover", "public_metrics": {"followers_count": 190462, "following_count": 220, "tweet_count": 1151, "listed_count": 567}, "location": "Los Angeles, CA", "id": "807003567605227520", "username": "realamberheard", "url": "https://t.co/Ze18Ek9SOI"}}, "author": {"name": "Paulwalwanis", "profile_image_url": "https://abs.twimg.com/sticky/default_profile_images/default_profile_normal.png", "created_at": "2018-04-26T22:34:05.000Z", "description": "Comedy,counselor", "public_metrics": {"followers_count": 39, "following_count": 269, "tweet_count": 44974, "listed_count": 0}, "location": "Long Island,new York", "id": "989633741114003456", "username": "Paulwalwanis7", "url": ""}}]