[{"author_id": "596321188", "entities": {"mentions": [{"start": 0, "end": 10, "username": "teamdepp_", "id": "1050721822092812289"}, {"start": 11, "end": 26, "username": "realamberheard", "id": "807003567605227520"}, {"start": 27, "end": 36, "username": "UN_Women", "id": "17137628"}, {"start": 37, "end": 51, "username": "UNHumanRights", "id": "69231187"}, {"start": 52, "end": 65, "username": "aquamanmovie", "id": "859174864220938241"}]}, "created_at": "2021-06-15T16:50:21.000Z", "public_metrics": {"retweet_count": 1, "reply_count": 0, "like_count": 4, "quote_count": 1}, "text": "@teamdepp_ @realamberheard @UN_Women @UNHumanRights @aquamanmovie 2021 and she still refuses to deliver the documents, same story\u2026 if you have tons of evidence evidence then why ignore it and want to trow the case out.\ud83e\udd14 Answer: no evidence, it was a hoax against a innocent man.", "source": "Twitter for iPhone", "referenced_tweets": [{"type": "replied_to", "id": "1072275468269707265"}], "lang": "en", "in_reply_to_user_id": "1050721822092812289", "id": "1404843735557492745", "replied_tweet": {"author_id": "807003567605227520", "entities": {"mentions": [{"start": 130, "end": 139, "username": "UN_Women", "id": "17137628"}, {"start": 142, "end": 156, "username": "UNHumanRights", "id": "69231187"}], "urls": [{"start": 158, "end": 181, "url": "https://t.co/pAzdUdkvy1", "expanded_url": "https://twitter.com/realamberheard/status/1071515763997986816/photo/1", "display_url": "pic.twitter.com/pAzdUdkvy1"}]}, "created_at": "2018-12-08T21:24:00.000Z", "public_metrics": {"retweet_count": 79, "reply_count": 19, "like_count": 281, "quote_count": 3}, "text": "UN Women did this elegant &amp; swift breakdown of one of the most prevalent, ubiquitous &amp; invisible pandemics that exists.  \u2066@UN_Women\u2069 \u2066@UNHumanRights\u2069 https://t.co/pAzdUdkvy1", "source": "Twitter for iPhone", "lang": "en", "id": "1071515763997986816", "author": {"username": "realamberheard", "id": "807003567605227520", "profile_image_url": "https://pbs.twimg.com/profile_images/1383196364792680448/N8CdupEu_normal.jpg", "name": "Amber Heard", "created_at": "2016-12-08T23:26:58.000Z", "public_metrics": {"followers_count": 190462, "following_count": 220, "tweet_count": 1151, "listed_count": 567}, "location": "Los Angeles, CA", "description": "Actor and Activist, semi-professional disruptor, ice cream advocate and shameless teacup yorkie-lover", "url": "https://t.co/Ze18Ek9SOI"}}, "author": {"username": "envienvienvi", "id": "596321188", "profile_image_url": "https://pbs.twimg.com/profile_images/1400138317409226753/bh4EXZ2O_normal.jpg", "name": "\ud83c\udf40\ud83c\uddf3\ud83c\uddf1", "created_at": "2012-06-01T10:00:02.000Z", "public_metrics": {"followers_count": 260, "following_count": 1617, "tweet_count": 5185, "listed_count": 1}, "description": "", "url": ""}}, {"author_id": "596321188", "entities": {"mentions": [{"start": 0, "end": 15, "username": "realamberheard", "id": "807003567605227520"}, {"start": 16, "end": 25, "username": "UN_Women", "id": "17137628"}, {"start": 26, "end": 40, "username": "UNHumanRights", "id": "69231187"}, {"start": 63, "end": 72, "username": "UN_Women", "id": "17137628"}, {"start": 117, "end": 131, "username": "UNHumanRights", "id": "69231187"}], "annotations": [{"start": 163, "end": 166, "probability": 0.7542, "type": "Organization", "normalized_text": "ACLU"}, {"start": 203, "end": 217, "probability": 0.7939, "type": "Organization", "normalized_text": "Washington Post"}]}, "created_at": "2021-06-15T16:45:05.000Z", "public_metrics": {"retweet_count": 0, "reply_count": 0, "like_count": 1, "quote_count": 1}, "text": "@realamberheard @UN_Women @UNHumanRights Is this women still a @UN_Women ambassador? How is it possible she became a @UNHumanRights advocate and spokesperson? Did ACLU arrange it with her article of the Washington Post? We have so much questions \ud83e\udd14 Who donate for her title?", "source": "Twitter for iPhone", "referenced_tweets": [{"type": "replied_to", "id": "1071515763997986816"}], "lang": "en", "in_reply_to_user_id": "807003567605227520", "id": "1404842410237169675", "replied_tweet": {"author_id": "807003567605227520", "entities": {"mentions": [{"start": 130, "end": 139, "username": "UN_Women", "id": "17137628"}, {"start": 142, "end": 156, "username": "UNHumanRights", "id": "69231187"}], "urls": [{"start": 158, "end": 181, "url": "https://t.co/pAzdUdkvy1", "expanded_url": "https://twitter.com/realamberheard/status/1071515763997986816/photo/1", "display_url": "pic.twitter.com/pAzdUdkvy1"}]}, "created_at": "2018-12-08T21:24:00.000Z", "public_metrics": {"retweet_count": 79, "reply_count": 19, "like_count": 281, "quote_count": 3}, "text": "UN Women did this elegant &amp; swift breakdown of one of the most prevalent, ubiquitous &amp; invisible pandemics that exists.  \u2066@UN_Women\u2069 \u2066@UNHumanRights\u2069 https://t.co/pAzdUdkvy1", "source": "Twitter for iPhone", "lang": "en", "id": "1071515763997986816", "author": {"username": "realamberheard", "id": "807003567605227520", "profile_image_url": "https://pbs.twimg.com/profile_images/1383196364792680448/N8CdupEu_normal.jpg", "name": "Amber Heard", "created_at": "2016-12-08T23:26:58.000Z", "public_metrics": {"followers_count": 190462, "following_count": 220, "tweet_count": 1151, "listed_count": 567}, "location": "Los Angeles, CA", "description": "Actor and Activist, semi-professional disruptor, ice cream advocate and shameless teacup yorkie-lover", "url": "https://t.co/Ze18Ek9SOI"}}, "author": {"username": "envienvienvi", "id": "596321188", "profile_image_url": "https://pbs.twimg.com/profile_images/1400138317409226753/bh4EXZ2O_normal.jpg", "name": "\ud83c\udf40\ud83c\uddf3\ud83c\uddf1", "created_at": "2012-06-01T10:00:02.000Z", "public_metrics": {"followers_count": 260, "following_count": 1617, "tweet_count": 5185, "listed_count": 1}, "description": "", "url": ""}}, {"author_id": "1706010907", "entities": {"mentions": [{"start": 0, "end": 15, "username": "realamberheard", "id": "807003567605227520"}, {"start": 16, "end": 25, "username": "UN_Women", "id": "17137628"}, {"start": 26, "end": 40, "username": "UNHumanRights", "id": "69231187"}]}, "created_at": "2019-03-16T16:17:31.000Z", "public_metrics": {"retweet_count": 0, "reply_count": 0, "like_count": 0, "quote_count": 0}, "text": "@realamberheard @UN_Women @UNHumanRights Is there any stats on un men being abused by women ?", "source": "Twitter for Android", "referenced_tweets": [{"type": "replied_to", "id": "1071515763997986816"}], "lang": "en", "in_reply_to_user_id": "807003567605227520", "id": "1106952646378881024", "replied_tweet": {"author_id": "807003567605227520", "entities": {"mentions": [{"start": 130, "end": 139, "username": "UN_Women", "id": "17137628"}, {"start": 142, "end": 156, "username": "UNHumanRights", "id": "69231187"}], "urls": [{"start": 158, "end": 181, "url": "https://t.co/pAzdUdkvy1", "expanded_url": "https://twitter.com/realamberheard/status/1071515763997986816/photo/1", "display_url": "pic.twitter.com/pAzdUdkvy1"}]}, "created_at": "2018-12-08T21:24:00.000Z", "public_metrics": {"retweet_count": 79, "reply_count": 19, "like_count": 281, "quote_count": 3}, "text": "UN Women did this elegant &amp; swift breakdown of one of the most prevalent, ubiquitous &amp; invisible pandemics that exists.  \u2066@UN_Women\u2069 \u2066@UNHumanRights\u2069 https://t.co/pAzdUdkvy1", "source": "Twitter for iPhone", "lang": "en", "id": "1071515763997986816", "author": {"username": "realamberheard", "id": "807003567605227520", "profile_image_url": "https://pbs.twimg.com/profile_images/1383196364792680448/N8CdupEu_normal.jpg", "name": "Amber Heard", "created_at": "2016-12-08T23:26:58.000Z", "public_metrics": {"followers_count": 190462, "following_count": 220, "tweet_count": 1151, "listed_count": 567}, "location": "Los Angeles, CA", "description": "Actor and Activist, semi-professional disruptor, ice cream advocate and shameless teacup yorkie-lover", "url": "https://t.co/Ze18Ek9SOI"}}, "author": {"username": "friggle3", "id": "1706010907", "profile_image_url": "https://pbs.twimg.com/profile_images/1498884116103806977/httwOGxc_normal.jpg", "name": "Melainia_", "created_at": "2013-08-28T00:59:47.000Z", "public_metrics": {"followers_count": 801, "following_count": 832, "tweet_count": 8331, "listed_count": 4}, "location": "Where the Wild Things Roam", "description": "En $mlnty1", "url": ""}}, {"author_id": "3297315778", "entities": {"mentions": [{"start": 0, "end": 15, "username": "realamberheard", "id": "807003567605227520"}, {"start": 16, "end": 25, "username": "UN_Women", "id": "17137628"}, {"start": 26, "end": 40, "username": "UNHumanRights", "id": "69231187"}]}, "created_at": "2018-12-23T07:09:11.000Z", "public_metrics": {"retweet_count": 0, "reply_count": 0, "like_count": 0, "quote_count": 0}, "text": "@realamberheard @UN_Women @UNHumanRights \ud83d\udc95", "source": "Twitter for iPhone", "referenced_tweets": [{"type": "replied_to", "id": "1071515763997986816"}], "lang": "und", "in_reply_to_user_id": "807003567605227520", "id": "1076736459317465088", "replied_tweet": {"author_id": "807003567605227520", "entities": {"mentions": [{"start": 130, "end": 139, "username": "UN_Women", "id": "17137628"}, {"start": 142, "end": 156, "username": "UNHumanRights", "id": "69231187"}], "urls": [{"start": 158, "end": 181, "url": "https://t.co/pAzdUdkvy1", "expanded_url": "https://twitter.com/realamberheard/status/1071515763997986816/photo/1", "display_url": "pic.twitter.com/pAzdUdkvy1"}]}, "created_at": "2018-12-08T21:24:00.000Z", "public_metrics": {"retweet_count": 79, "reply_count": 19, "like_count": 281, "quote_count": 3}, "text": "UN Women did this elegant &amp; swift breakdown of one of the most prevalent, ubiquitous &amp; invisible pandemics that exists.  \u2066@UN_Women\u2069 \u2066@UNHumanRights\u2069 https://t.co/pAzdUdkvy1", "source": "Twitter for iPhone", "lang": "en", "id": "1071515763997986816", "author": {"username": "realamberheard", "id": "807003567605227520", "profile_image_url": "https://pbs.twimg.com/profile_images/1383196364792680448/N8CdupEu_normal.jpg", "name": "Amber Heard", "created_at": "2016-12-08T23:26:58.000Z", "public_metrics": {"followers_count": 190462, "following_count": 220, "tweet_count": 1151, "listed_count": 567}, "location": "Los Angeles, CA", "description": "Actor and Activist, semi-professional disruptor, ice cream advocate and shameless teacup yorkie-lover", "url": "https://t.co/Ze18Ek9SOI"}}, "author": {"username": "ELetriz85", "id": "3297315778", "profile_image_url": "https://pbs.twimg.com/profile_images/1469801865089105930/DImrxrz6_normal.jpg", "name": "\u2661\u2605Ellie'z Madness\u2661\u2605", "created_at": "2015-05-25T00:56:34.000Z", "public_metrics": {"followers_count": 386, "following_count": 383, "tweet_count": 4856, "listed_count": 18}, "location": "Summerville, SC", "description": "Join the Madness Single mama learning to love life. do more then just exist!", "url": ""}}, {"author_id": "1047628248111300610", "entities": {"mentions": [{"start": 0, "end": 10, "username": "stirgussa", "id": "4396120342"}, {"start": 11, "end": 26, "username": "realamberheard", "id": "807003567605227520"}, {"start": 27, "end": 36, "username": "UN_Women", "id": "17137628"}, {"start": 37, "end": 51, "username": "UNHumanRights", "id": "69231187"}], "annotations": [{"start": 52, "end": 56, "probability": 0.9225, "type": "Person", "normalized_text": "Tasya"}, {"start": 67, "end": 72, "probability": 0.692, "type": "Person", "normalized_text": "Amber"}]}, "created_at": "2018-12-15T00:15:44.000Z", "public_metrics": {"retweet_count": 0, "reply_count": 0, "like_count": 1, "quote_count": 0}, "text": "@stirgussa @realamberheard @UN_Women @UNHumanRights Tasya defended Amber\nIs it a matriarchy?", "source": "Twitter Web App", "referenced_tweets": [{"type": "replied_to", "id": "1071520596570370050"}], "lang": "en", "in_reply_to_user_id": "4396120342", "id": "1073733308029263873", "replied_tweet": {"author_id": "807003567605227520", "entities": {"mentions": [{"start": 130, "end": 139, "username": "UN_Women", "id": "17137628"}, {"start": 142, "end": 156, "username": "UNHumanRights", "id": "69231187"}], "urls": [{"start": 158, "end": 181, "url": "https://t.co/pAzdUdkvy1", "expanded_url": "https://twitter.com/realamberheard/status/1071515763997986816/photo/1", "display_url": "pic.twitter.com/pAzdUdkvy1"}]}, "created_at": "2018-12-08T21:24:00.000Z", "public_metrics": {"retweet_count": 79, "reply_count": 19, "like_count": 281, "quote_count": 3}, "text": "UN Women did this elegant &amp; swift breakdown of one of the most prevalent, ubiquitous &amp; invisible pandemics that exists.  \u2066@UN_Women\u2069 \u2066@UNHumanRights\u2069 https://t.co/pAzdUdkvy1", "source": "Twitter for iPhone", "lang": "en", "id": "1071515763997986816", "author": {"username": "realamberheard", "id": "807003567605227520", "profile_image_url": "https://pbs.twimg.com/profile_images/1383196364792680448/N8CdupEu_normal.jpg", "name": "Amber Heard", "created_at": "2016-12-08T23:26:58.000Z", "public_metrics": {"followers_count": 190462, "following_count": 220, "tweet_count": 1151, "listed_count": 567}, "location": "Los Angeles, CA", "description": "Actor and Activist, semi-professional disruptor, ice cream advocate and shameless teacup yorkie-lover", "url": "https://t.co/Ze18Ek9SOI"}}, "author": {"username": "RitaAngels2", "id": "1047628248111300610", "profile_image_url": "https://pbs.twimg.com/profile_images/1323368096443236353/kb7zwLie_normal.png", "name": "Rita Angels", "created_at": "2018-10-03T23:23:33.000Z", "public_metrics": {"followers_count": 37, "following_count": 65, "tweet_count": 9376, "listed_count": 0}, "description": "", "url": ""}}, {"author_id": "1048681219746140162", "entities": {"mentions": [{"start": 0, "end": 15, "username": "realamberheard", "id": "807003567605227520"}, {"start": 16, "end": 25, "username": "UN_Women", "id": "17137628"}, {"start": 26, "end": 40, "username": "UNHumanRights", "id": "69231187"}], "urls": [{"start": 82, "end": 105, "url": "https://t.co/ul43pYVXzq", "expanded_url": "https://slate.com/news-and-politics/2018/12/baylor-rape-trial-fraternity-president-plea-deal.html", "display_url": "slate.com/news-and-polit\u2026"}]}, "created_at": "2018-12-12T16:15:00.000Z", "public_metrics": {"retweet_count": 0, "reply_count": 0, "like_count": 0, "quote_count": 0}, "text": "@realamberheard @UN_Women @UNHumanRights Have you seen this.. this is an outrage\n\nhttps://t.co/ul43pYVXzq", "source": "Twitter Web App", "referenced_tweets": [{"type": "replied_to", "id": "1071515763997986816"}], "lang": "en", "in_reply_to_user_id": "807003567605227520", "id": "1072887553848684544", "replied_tweet": {"author_id": "807003567605227520", "entities": {"mentions": [{"start": 130, "end": 139, "username": "UN_Women", "id": "17137628"}, {"start": 142, "end": 156, "username": "UNHumanRights", "id": "69231187"}], "urls": [{"start": 158, "end": 181, "url": "https://t.co/pAzdUdkvy1", "expanded_url": "https://twitter.com/realamberheard/status/1071515763997986816/photo/1", "display_url": "pic.twitter.com/pAzdUdkvy1"}]}, "created_at": "2018-12-08T21:24:00.000Z", "public_metrics": {"retweet_count": 79, "reply_count": 19, "like_count": 281, "quote_count": 3}, "text": "UN Women did this elegant &amp; swift breakdown of one of the most prevalent, ubiquitous &amp; invisible pandemics that exists.  \u2066@UN_Women\u2069 \u2066@UNHumanRights\u2069 https://t.co/pAzdUdkvy1", "source": "Twitter for iPhone", "lang": "en", "id": "1071515763997986816", "author": {"username": "realamberheard", "id": "807003567605227520", "profile_image_url": "https://pbs.twimg.com/profile_images/1383196364792680448/N8CdupEu_normal.jpg", "name": "Amber Heard", "created_at": "2016-12-08T23:26:58.000Z", "public_metrics": {"followers_count": 190462, "following_count": 220, "tweet_count": 1151, "listed_count": 567}, "location": "Los Angeles, CA", "description": "Actor and Activist, semi-professional disruptor, ice cream advocate and shameless teacup yorkie-lover", "url": "https://t.co/Ze18Ek9SOI"}}, "author": {"username": "TheRealKevinTE", "id": "1048681219746140162", "profile_image_url": "https://pbs.twimg.com/profile_images/1502321336148008967/R8OT5wEP_normal.jpg", "name": "Kevin Endicott", "created_at": "2018-10-06T21:07:41.000Z", "public_metrics": {"followers_count": 66711, "following_count": 57143, "tweet_count": 74969, "listed_count": 66}, "location": "United States", "description": "Equality is the only way to create a better future.....\n\n#PickASide\n#RaiseAFist", "url": ""}}, {"author_id": "1050721822092812289", "entities": {"mentions": [{"start": 0, "end": 15, "username": "realamberheard", "id": "807003567605227520"}, {"start": 16, "end": 25, "username": "UN_Women", "id": "17137628"}, {"start": 26, "end": 40, "username": "UNHumanRights", "id": "69231187"}], "urls": [{"start": 41, "end": 64, "url": "https://t.co/ngCC7nTBVd", "expanded_url": "https://twitter.com/SusanFaria5/status/1072275468269707265/photo/1", "display_url": "pic.twitter.com/ngCC7nTBVd"}]}, "created_at": "2018-12-10T23:42:48.000Z", "public_metrics": {"retweet_count": 0, "reply_count": 1, "like_count": 2, "quote_count": 0}, "text": "@realamberheard @UN_Women @UNHumanRights https://t.co/ngCC7nTBVd", "source": "Twitter Web App", "referenced_tweets": [{"type": "replied_to", "id": "1072117198582439936"}], "lang": "und", "in_reply_to_user_id": "1050721822092812289", "id": "1072275468269707265", "replied_tweet": {"author_id": "807003567605227520", "entities": {"mentions": [{"start": 130, "end": 139, "username": "UN_Women", "id": "17137628"}, {"start": 142, "end": 156, "username": "UNHumanRights", "id": "69231187"}], "urls": [{"start": 158, "end": 181, "url": "https://t.co/pAzdUdkvy1", "expanded_url": "https://twitter.com/realamberheard/status/1071515763997986816/photo/1", "display_url": "pic.twitter.com/pAzdUdkvy1"}]}, "created_at": "2018-12-08T21:24:00.000Z", "public_metrics": {"retweet_count": 79, "reply_count": 19, "like_count": 281, "quote_count": 3}, "text": "UN Women did this elegant &amp; swift breakdown of one of the most prevalent, ubiquitous &amp; invisible pandemics that exists.  \u2066@UN_Women\u2069 \u2066@UNHumanRights\u2069 https://t.co/pAzdUdkvy1", "source": "Twitter for iPhone", "lang": "en", "id": "1071515763997986816", "author": {"username": "realamberheard", "id": "807003567605227520", "profile_image_url": "https://pbs.twimg.com/profile_images/1383196364792680448/N8CdupEu_normal.jpg", "name": "Amber Heard", "created_at": "2016-12-08T23:26:58.000Z", "public_metrics": {"followers_count": 190462, "following_count": 220, "tweet_count": 1151, "listed_count": 567}, "location": "Los Angeles, CA", "description": "Actor and Activist, semi-professional disruptor, ice cream advocate and shameless teacup yorkie-lover", "url": "https://t.co/Ze18Ek9SOI"}}, "author": {"username": "teamdepp_", "id": "1050721822092812289", "profile_image_url": "https://pbs.twimg.com/profile_images/1340701831975096320/g92j12jM_normal.jpg", "name": "Susan", "created_at": "2018-10-12T12:16:18.000Z", "public_metrics": {"followers_count": 412, "following_count": 300, "tweet_count": 12987, "listed_count": 1}, "location": "#ibelievehim", "description": "\u2022\u273f Johnny is definition of love \u273f\u2022", "url": ""}}, {"author_id": "922105738692001792", "entities": {"mentions": [{"start": 0, "end": 15, "username": "realamberheard", "id": "807003567605227520"}, {"start": 16, "end": 25, "username": "UN_Women", "id": "17137628"}, {"start": 26, "end": 40, "username": "UNHumanRights", "id": "69231187"}]}, "created_at": "2018-12-10T13:43:08.000Z", "public_metrics": {"retweet_count": 0, "reply_count": 0, "like_count": 1, "quote_count": 0}, "text": "@realamberheard @UN_Women @UNHumanRights I was molested at 11 by my half-brother, but I told immediately, my dad put him out of the house. My mom believed her son instead of me. It took her 30+ years to finally believe me. At 16 I ran away and was raped by a truck driver, (stranger), at 18 I was raped by a boyfriend", "source": "Twitter Web Client", "referenced_tweets": [{"type": "replied_to", "id": "1071515763997986816"}], "lang": "en", "in_reply_to_user_id": "807003567605227520", "id": "1072124556943519745", "replied_tweet": {"author_id": "807003567605227520", "entities": {"mentions": [{"start": 130, "end": 139, "username": "UN_Women", "id": "17137628"}, {"start": 142, "end": 156, "username": "UNHumanRights", "id": "69231187"}], "urls": [{"start": 158, "end": 181, "url": "https://t.co/pAzdUdkvy1", "expanded_url": "https://twitter.com/realamberheard/status/1071515763997986816/photo/1", "display_url": "pic.twitter.com/pAzdUdkvy1"}]}, "created_at": "2018-12-08T21:24:00.000Z", "public_metrics": {"retweet_count": 79, "reply_count": 19, "like_count": 281, "quote_count": 3}, "text": "UN Women did this elegant &amp; swift breakdown of one of the most prevalent, ubiquitous &amp; invisible pandemics that exists.  \u2066@UN_Women\u2069 \u2066@UNHumanRights\u2069 https://t.co/pAzdUdkvy1", "source": "Twitter for iPhone", "lang": "en", "id": "1071515763997986816", "author": {"username": "realamberheard", "id": "807003567605227520", "profile_image_url": "https://pbs.twimg.com/profile_images/1383196364792680448/N8CdupEu_normal.jpg", "name": "Amber Heard", "created_at": "2016-12-08T23:26:58.000Z", "public_metrics": {"followers_count": 190462, "following_count": 220, "tweet_count": 1151, "listed_count": 567}, "location": "Los Angeles, CA", "description": "Actor and Activist, semi-professional disruptor, ice cream advocate and shameless teacup yorkie-lover", "url": "https://t.co/Ze18Ek9SOI"}}, "author": {"username": "ShockaNayNay1", "id": "922105738692001792", "profile_image_url": "https://pbs.twimg.com/profile_images/1351142627308171273/mOJi9zqq_normal.jpg", "name": "Carla Park", "created_at": "2017-10-22T14:21:54.000Z", "public_metrics": {"followers_count": 148, "following_count": 1026, "tweet_count": 1945, "listed_count": 0}, "location": "Woodstock, GA", "description": "Love animals , Stephen Colbert and John Oliver.  Love Music my era 60-70-80! Love horror , thriller, survival and some Christian movies. Love WWAM & Leon Lush.", "url": ""}}, {"author_id": "1050721822092812289", "entities": {"mentions": [{"start": 0, "end": 15, "username": "realamberheard", "id": "807003567605227520"}, {"start": 16, "end": 25, "username": "UN_Women", "id": "17137628"}, {"start": 26, "end": 40, "username": "UNHumanRights", "id": "69231187"}], "urls": [{"start": 41, "end": 64, "url": "https://t.co/qWhFppkhxc", "expanded_url": "https://twitter.com/SusanFaria5/status/1067568629229776898?s=20", "display_url": "twitter.com/SusanFaria5/st\u2026"}]}, "created_at": "2018-12-10T13:13:53.000Z", "public_metrics": {"retweet_count": 0, "reply_count": 1, "like_count": 1, "quote_count": 0}, "text": "@realamberheard @UN_Women @UNHumanRights https://t.co/qWhFppkhxc", "source": "Twitter Web App", "referenced_tweets": [{"type": "quoted", "id": "1067568629229776898"}, {"type": "replied_to", "id": "1071515763997986816"}], "lang": "und", "in_reply_to_user_id": "807003567605227520", "id": "1072117198582439936", "replied_tweet": {"author_id": "807003567605227520", "entities": {"mentions": [{"start": 130, "end": 139, "username": "UN_Women", "id": "17137628"}, {"start": 142, "end": 156, "username": "UNHumanRights", "id": "69231187"}], "urls": [{"start": 158, "end": 181, "url": "https://t.co/pAzdUdkvy1", "expanded_url": "https://twitter.com/realamberheard/status/1071515763997986816/photo/1", "display_url": "pic.twitter.com/pAzdUdkvy1"}]}, "created_at": "2018-12-08T21:24:00.000Z", "public_metrics": {"retweet_count": 79, "reply_count": 19, "like_count": 281, "quote_count": 3}, "text": "UN Women did this elegant &amp; swift breakdown of one of the most prevalent, ubiquitous &amp; invisible pandemics that exists.  \u2066@UN_Women\u2069 \u2066@UNHumanRights\u2069 https://t.co/pAzdUdkvy1", "source": "Twitter for iPhone", "lang": "en", "id": "1071515763997986816", "author": {"username": "realamberheard", "id": "807003567605227520", "profile_image_url": "https://pbs.twimg.com/profile_images/1383196364792680448/N8CdupEu_normal.jpg", "name": "Amber Heard", "created_at": "2016-12-08T23:26:58.000Z", "public_metrics": {"followers_count": 190462, "following_count": 220, "tweet_count": 1151, "listed_count": 567}, "location": "Los Angeles, CA", "description": "Actor and Activist, semi-professional disruptor, ice cream advocate and shameless teacup yorkie-lover", "url": "https://t.co/Ze18Ek9SOI"}}, "author": {"username": "teamdepp_", "id": "1050721822092812289", "profile_image_url": "https://pbs.twimg.com/profile_images/1340701831975096320/g92j12jM_normal.jpg", "name": "Susan", "created_at": "2018-10-12T12:16:18.000Z", "public_metrics": {"followers_count": 412, "following_count": 300, "tweet_count": 12987, "listed_count": 1}, "location": "#ibelievehim", "description": "\u2022\u273f Johnny is definition of love \u273f\u2022", "url": ""}}, {"author_id": "847499813943787520", "entities": {"mentions": [{"start": 0, "end": 15, "username": "realamberheard", "id": "807003567605227520"}, {"start": 16, "end": 25, "username": "UN_Women", "id": "17137628"}, {"start": 26, "end": 40, "username": "UNHumanRights", "id": "69231187"}], "annotations": [{"start": 56, "end": 60, "probability": 0.9937, "type": "Place", "normalized_text": "China"}], "urls": [{"start": 130, "end": 153, "url": "https://t.co/yTdE7BvxoI", "expanded_url": "https://twitter.com/8yySBcaDpqTuW1N/status/1072029683867365376/photo/1", "display_url": "pic.twitter.com/yTdE7BvxoI"}]}, "created_at": "2018-12-10T07:26:08.000Z", "public_metrics": {"retweet_count": 0, "reply_count": 0, "like_count": 0, "quote_count": 0}, "text": "@realamberheard @UN_Women @UNHumanRights You are hot in China after the movie sea king was released\uff01\u201c\u76db\u4e16\u7f8e\u989c\u201dIt's called in Chinese\u3002 https://t.co/yTdE7BvxoI", "source": "Twitter for iPhone", "referenced_tweets": [{"type": "replied_to", "id": "1071515763997986816"}], "lang": "en", "in_reply_to_user_id": "807003567605227520", "id": "1072029683867365376", "replied_tweet": {"author_id": "807003567605227520", "entities": {"mentions": [{"start": 130, "end": 139, "username": "UN_Women", "id": "17137628"}, {"start": 142, "end": 156, "username": "UNHumanRights", "id": "69231187"}], "urls": [{"start": 158, "end": 181, "url": "https://t.co/pAzdUdkvy1", "expanded_url": "https://twitter.com/realamberheard/status/1071515763997986816/photo/1", "display_url": "pic.twitter.com/pAzdUdkvy1"}]}, "created_at": "2018-12-08T21:24:00.000Z", "public_metrics": {"retweet_count": 79, "reply_count": 19, "like_count": 281, "quote_count": 3}, "text": "UN Women did this elegant &amp; swift breakdown of one of the most prevalent, ubiquitous &amp; invisible pandemics that exists.  \u2066@UN_Women\u2069 \u2066@UNHumanRights\u2069 https://t.co/pAzdUdkvy1", "source": "Twitter for iPhone", "lang": "en", "id": "1071515763997986816", "author": {"username": "realamberheard", "id": "807003567605227520", "profile_image_url": "https://pbs.twimg.com/profile_images/1383196364792680448/N8CdupEu_normal.jpg", "name": "Amber Heard", "created_at": "2016-12-08T23:26:58.000Z", "public_metrics": {"followers_count": 190462, "following_count": 220, "tweet_count": 1151, "listed_count": 567}, "location": "Los Angeles, CA", "description": "Actor and Activist, semi-professional disruptor, ice cream advocate and shameless teacup yorkie-lover", "url": "https://t.co/Ze18Ek9SOI"}}, "author": {"username": "8yySBcaDpqTuW1N", "id": "847499813943787520", "profile_image_url": "https://pbs.twimg.com/profile_images/893113407087431684/TqmPcdBi_normal.jpg", "name": "\u5a01\u5c14\u00b7\u53f2\u5bc6\u65af", "created_at": "2017-03-30T17:24:36.000Z", "public_metrics": {"followers_count": 25, "following_count": 128, "tweet_count": 64, "listed_count": 0}, "location": "Teresa, Calabarzon", "description": "", "url": ""}}, {"author_id": "1320312534", "entities": {"mentions": [{"start": 0, "end": 15, "username": "realamberheard", "id": "807003567605227520"}, {"start": 16, "end": 25, "username": "UN_Women", "id": "17137628"}, {"start": 26, "end": 40, "username": "UNHumanRights", "id": "69231187"}]}, "created_at": "2018-12-09T15:17:04.000Z", "public_metrics": {"retweet_count": 0, "reply_count": 0, "like_count": 0, "quote_count": 0}, "text": "@realamberheard @UN_Women @UNHumanRights I just watched the movie\uff0cI am your fan now", "source": "Twitter Web Client", "referenced_tweets": [{"type": "replied_to", "id": "1071515763997986816"}], "lang": "en", "in_reply_to_user_id": "807003567605227520", "id": "1071785810997854209", "replied_tweet": {"author_id": "807003567605227520", "entities": {"mentions": [{"start": 130, "end": 139, "username": "UN_Women", "id": "17137628"}, {"start": 142, "end": 156, "username": "UNHumanRights", "id": "69231187"}], "urls": [{"start": 158, "end": 181, "url": "https://t.co/pAzdUdkvy1", "expanded_url": "https://twitter.com/realamberheard/status/1071515763997986816/photo/1", "display_url": "pic.twitter.com/pAzdUdkvy1"}]}, "created_at": "2018-12-08T21:24:00.000Z", "public_metrics": {"retweet_count": 79, "reply_count": 19, "like_count": 281, "quote_count": 3}, "text": "UN Women did this elegant &amp; swift breakdown of one of the most prevalent, ubiquitous &amp; invisible pandemics that exists.  \u2066@UN_Women\u2069 \u2066@UNHumanRights\u2069 https://t.co/pAzdUdkvy1", "source": "Twitter for iPhone", "lang": "en", "id": "1071515763997986816", "author": {"username": "realamberheard", "id": "807003567605227520", "profile_image_url": "https://pbs.twimg.com/profile_images/1383196364792680448/N8CdupEu_normal.jpg", "name": "Amber Heard", "created_at": "2016-12-08T23:26:58.000Z", "public_metrics": {"followers_count": 190462, "following_count": 220, "tweet_count": 1151, "listed_count": 567}, "location": "Los Angeles, CA", "description": "Actor and Activist, semi-professional disruptor, ice cream advocate and shameless teacup yorkie-lover", "url": "https://t.co/Ze18Ek9SOI"}}, "author": {"username": "efan38", "id": "1320312534", "profile_image_url": "https://pbs.twimg.com/profile_images/828456388586115072/Z0ZOu647_normal.jpg", "name": "efan38", "created_at": "2013-04-01T13:18:41.000Z", "public_metrics": {"followers_count": 9, "following_count": 369, "tweet_count": 174, "listed_count": 1}, "description": "", "url": ""}}, {"author_id": "1048681219746140162", "entities": {"mentions": [{"start": 0, "end": 15, "username": "realamberheard", "id": "807003567605227520"}, {"start": 16, "end": 25, "username": "UN_Women", "id": "17137628"}, {"start": 26, "end": 40, "username": "UNHumanRights", "id": "69231187"}]}, "created_at": "2018-12-09T00:32:19.000Z", "public_metrics": {"retweet_count": 0, "reply_count": 0, "like_count": 0, "quote_count": 0}, "text": "@realamberheard @UN_Women @UNHumanRights I just can not understand this.. I've tried to read and study this topic and how women are mistreated in the home at work and even by the judicial system and the numbers seem to be growing.. how is this such a tragic problem?????", "source": "Twitter Web App", "referenced_tweets": [{"type": "replied_to", "id": "1071515763997986816"}], "lang": "en", "in_reply_to_user_id": "807003567605227520", "id": "1071563154298232832", "replied_tweet": {"author_id": "807003567605227520", "entities": {"mentions": [{"start": 130, "end": 139, "username": "UN_Women", "id": "17137628"}, {"start": 142, "end": 156, "username": "UNHumanRights", "id": "69231187"}], "urls": [{"start": 158, "end": 181, "url": "https://t.co/pAzdUdkvy1", "expanded_url": "https://twitter.com/realamberheard/status/1071515763997986816/photo/1", "display_url": "pic.twitter.com/pAzdUdkvy1"}]}, "created_at": "2018-12-08T21:24:00.000Z", "public_metrics": {"retweet_count": 79, "reply_count": 19, "like_count": 281, "quote_count": 3}, "text": "UN Women did this elegant &amp; swift breakdown of one of the most prevalent, ubiquitous &amp; invisible pandemics that exists.  \u2066@UN_Women\u2069 \u2066@UNHumanRights\u2069 https://t.co/pAzdUdkvy1", "source": "Twitter for iPhone", "lang": "en", "id": "1071515763997986816", "author": {"username": "realamberheard", "id": "807003567605227520", "profile_image_url": "https://pbs.twimg.com/profile_images/1383196364792680448/N8CdupEu_normal.jpg", "name": "Amber Heard", "created_at": "2016-12-08T23:26:58.000Z", "public_metrics": {"followers_count": 190462, "following_count": 220, "tweet_count": 1151, "listed_count": 567}, "location": "Los Angeles, CA", "description": "Actor and Activist, semi-professional disruptor, ice cream advocate and shameless teacup yorkie-lover", "url": "https://t.co/Ze18Ek9SOI"}}, "author": {"username": "TheRealKevinTE", "id": "1048681219746140162", "profile_image_url": "https://pbs.twimg.com/profile_images/1502321336148008967/R8OT5wEP_normal.jpg", "name": "Kevin Endicott", "created_at": "2018-10-06T21:07:41.000Z", "public_metrics": {"followers_count": 66711, "following_count": 57143, "tweet_count": 74969, "listed_count": 66}, "location": "United States", "description": "Equality is the only way to create a better future.....\n\n#PickASide\n#RaiseAFist", "url": ""}}, {"author_id": "1022129684723707904", "entities": {"mentions": [{"start": 0, "end": 15, "username": "realamberheard", "id": "807003567605227520"}, {"start": 16, "end": 25, "username": "UN_Women", "id": "17137628"}, {"start": 26, "end": 40, "username": "UNHumanRights", "id": "69231187"}]}, "created_at": "2018-12-09T00:21:46.000Z", "public_metrics": {"retweet_count": 0, "reply_count": 0, "like_count": 0, "quote_count": 0}, "text": "@realamberheard @UN_Women @UNHumanRights So true and sorry for the  women and  families to go  through that . Great job on the  movie  add me", "source": "Twitter for Android", "referenced_tweets": [{"type": "replied_to", "id": "1071515763997986816"}], "lang": "en", "in_reply_to_user_id": "807003567605227520", "id": "1071560501367357440", "replied_tweet": {"author_id": "807003567605227520", "entities": {"mentions": [{"start": 130, "end": 139, "username": "UN_Women", "id": "17137628"}, {"start": 142, "end": 156, "username": "UNHumanRights", "id": "69231187"}], "urls": [{"start": 158, "end": 181, "url": "https://t.co/pAzdUdkvy1", "expanded_url": "https://twitter.com/realamberheard/status/1071515763997986816/photo/1", "display_url": "pic.twitter.com/pAzdUdkvy1"}]}, "created_at": "2018-12-08T21:24:00.000Z", "public_metrics": {"retweet_count": 79, "reply_count": 19, "like_count": 281, "quote_count": 3}, "text": "UN Women did this elegant &amp; swift breakdown of one of the most prevalent, ubiquitous &amp; invisible pandemics that exists.  \u2066@UN_Women\u2069 \u2066@UNHumanRights\u2069 https://t.co/pAzdUdkvy1", "source": "Twitter for iPhone", "lang": "en", "id": "1071515763997986816", "author": {"username": "realamberheard", "id": "807003567605227520", "profile_image_url": "https://pbs.twimg.com/profile_images/1383196364792680448/N8CdupEu_normal.jpg", "name": "Amber Heard", "created_at": "2016-12-08T23:26:58.000Z", "public_metrics": {"followers_count": 190462, "following_count": 220, "tweet_count": 1151, "listed_count": 567}, "location": "Los Angeles, CA", "description": "Actor and Activist, semi-professional disruptor, ice cream advocate and shameless teacup yorkie-lover", "url": "https://t.co/Ze18Ek9SOI"}}, "author": {"username": "CrHohimer", "id": "1022129684723707904", "profile_image_url": "https://pbs.twimg.com/profile_images/1321122771510898691/4Ybym5Xs_normal.jpg", "name": "Graven and Izzy", "created_at": "2018-07-25T14:41:21.000Z", "public_metrics": {"followers_count": 434, "following_count": 3026, "tweet_count": 4116, "listed_count": 0}, "location": "United States", "description": "", "url": ""}}, {"author_id": "4396120342", "entities": {"mentions": [{"start": 0, "end": 15, "username": "realamberheard", "id": "807003567605227520"}, {"start": 16, "end": 25, "username": "UN_Women", "id": "17137628"}, {"start": 26, "end": 40, "username": "UNHumanRights", "id": "69231187"}], "hashtags": [{"start": 286, "end": 301, "tag": "fuckpatriarchy"}]}, "created_at": "2018-12-08T21:43:12.000Z", "public_metrics": {"retweet_count": 0, "reply_count": 1, "like_count": 1, "quote_count": 0}, "text": "@realamberheard @UN_Women @UNHumanRights \ud83d\ude22\nSo sad this \"pandemic\" isn't  getting enough attention\n \nAlso its very unnerving that, despite the fact that most women could experience domestic violence during their lifetime, still many women are the first to come out to defend the abusers #fuckpatriarchy", "source": "Twitter for Android", "referenced_tweets": [{"type": "replied_to", "id": "1071515763997986816"}], "lang": "en", "in_reply_to_user_id": "807003567605227520", "id": "1071520596570370050", "replied_tweet": {"author_id": "807003567605227520", "entities": {"mentions": [{"start": 130, "end": 139, "username": "UN_Women", "id": "17137628"}, {"start": 142, "end": 156, "username": "UNHumanRights", "id": "69231187"}], "urls": [{"start": 158, "end": 181, "url": "https://t.co/pAzdUdkvy1", "expanded_url": "https://twitter.com/realamberheard/status/1071515763997986816/photo/1", "display_url": "pic.twitter.com/pAzdUdkvy1"}]}, "created_at": "2018-12-08T21:24:00.000Z", "public_metrics": {"retweet_count": 79, "reply_count": 19, "like_count": 281, "quote_count": 3}, "text": "UN Women did this elegant &amp; swift breakdown of one of the most prevalent, ubiquitous &amp; invisible pandemics that exists.  \u2066@UN_Women\u2069 \u2066@UNHumanRights\u2069 https://t.co/pAzdUdkvy1", "source": "Twitter for iPhone", "lang": "en", "id": "1071515763997986816", "author": {"username": "realamberheard", "id": "807003567605227520", "profile_image_url": "https://pbs.twimg.com/profile_images/1383196364792680448/N8CdupEu_normal.jpg", "name": "Amber Heard", "created_at": "2016-12-08T23:26:58.000Z", "public_metrics": {"followers_count": 190462, "following_count": 220, "tweet_count": 1151, "listed_count": 567}, "location": "Los Angeles, CA", "description": "Actor and Activist, semi-professional disruptor, ice cream advocate and shameless teacup yorkie-lover", "url": "https://t.co/Ze18Ek9SOI"}}, "author": {"username": "stirgussa", "id": "4396120342", "profile_image_url": "https://pbs.twimg.com/profile_images/1378175478478082050/UKLiQPuk_normal.jpg", "name": "STIRGUS SACCHETTI", "created_at": "2015-12-06T17:21:06.000Z", "public_metrics": {"followers_count": 678, "following_count": 296, "tweet_count": 58624, "listed_count": 26}, "description": "Only two things are infinite, the universe and human stupidity, and I'm not sure about the former. - Albert Einstein and Me!", "url": ""}}, {"author_id": "4923128929", "entities": {"mentions": [{"start": 0, "end": 15, "username": "realamberheard", "id": "807003567605227520"}, {"start": 16, "end": 25, "username": "UN_Women", "id": "17137628"}, {"start": 26, "end": 40, "username": "UNHumanRights", "id": "69231187"}]}, "created_at": "2018-12-08T21:38:06.000Z", "public_metrics": {"retweet_count": 0, "reply_count": 0, "like_count": 1, "quote_count": 0}, "text": "@realamberheard @UN_Women @UNHumanRights ......how can we be talking about LOVE and  KILLED in the same context??!!!.....this madness has to end!!...", "source": "Twitter Web Client", "referenced_tweets": [{"type": "replied_to", "id": "1071515763997986816"}], "lang": "en", "in_reply_to_user_id": "807003567605227520", "id": "1071519309900496896", "replied_tweet": {"author_id": "807003567605227520", "entities": {"mentions": [{"start": 130, "end": 139, "username": "UN_Women", "id": "17137628"}, {"start": 142, "end": 156, "username": "UNHumanRights", "id": "69231187"}], "urls": [{"start": 158, "end": 181, "url": "https://t.co/pAzdUdkvy1", "expanded_url": "https://twitter.com/realamberheard/status/1071515763997986816/photo/1", "display_url": "pic.twitter.com/pAzdUdkvy1"}]}, "created_at": "2018-12-08T21:24:00.000Z", "public_metrics": {"retweet_count": 79, "reply_count": 19, "like_count": 281, "quote_count": 3}, "text": "UN Women did this elegant &amp; swift breakdown of one of the most prevalent, ubiquitous &amp; invisible pandemics that exists.  \u2066@UN_Women\u2069 \u2066@UNHumanRights\u2069 https://t.co/pAzdUdkvy1", "source": "Twitter for iPhone", "lang": "en", "id": "1071515763997986816", "author": {"username": "realamberheard", "id": "807003567605227520", "profile_image_url": "https://pbs.twimg.com/profile_images/1383196364792680448/N8CdupEu_normal.jpg", "name": "Amber Heard", "created_at": "2016-12-08T23:26:58.000Z", "public_metrics": {"followers_count": 190462, "following_count": 220, "tweet_count": 1151, "listed_count": 567}, "location": "Los Angeles, CA", "description": "Actor and Activist, semi-professional disruptor, ice cream advocate and shameless teacup yorkie-lover", "url": "https://t.co/Ze18Ek9SOI"}}, "author": {"username": "roberto4u2", "id": "4923128929", "profile_image_url": "https://abs.twimg.com/sticky/default_profile_images/default_profile_normal.png", "name": "roberto varro", "created_at": "2016-02-18T00:14:02.000Z", "public_metrics": {"followers_count": 20, "following_count": 100, "tweet_count": 1490, "listed_count": 0}, "description": "", "url": ""}}, {"author_id": "2885552583", "entities": {"mentions": [{"start": 0, "end": 15, "username": "realamberheard", "id": "807003567605227520"}, {"start": 16, "end": 25, "username": "UN_Women", "id": "17137628"}, {"start": 26, "end": 40, "username": "UNHumanRights", "id": "69231187"}], "urls": [{"start": 41, "end": 64, "url": "https://t.co/ezC7vwhQYs", "expanded_url": "https://twitter.com/NHSEngland/status/1066029206872707072?s=19", "display_url": "twitter.com/NHSEngland/sta\u2026"}]}, "created_at": "2018-12-08T21:30:01.000Z", "public_metrics": {"retweet_count": 0, "reply_count": 0, "like_count": 0, "quote_count": 0}, "text": "@realamberheard @UN_Women @UNHumanRights https://t.co/ezC7vwhQYs", "source": "Twitter for Android", "referenced_tweets": [{"type": "quoted", "id": "1066029206872707072"}, {"type": "replied_to", "id": "1071515763997986816"}], "lang": "und", "in_reply_to_user_id": "807003567605227520", "id": "1071517276845867008", "replied_tweet": {"author_id": "807003567605227520", "entities": {"mentions": [{"start": 130, "end": 139, "username": "UN_Women", "id": "17137628"}, {"start": 142, "end": 156, "username": "UNHumanRights", "id": "69231187"}], "urls": [{"start": 158, "end": 181, "url": "https://t.co/pAzdUdkvy1", "expanded_url": "https://twitter.com/realamberheard/status/1071515763997986816/photo/1", "display_url": "pic.twitter.com/pAzdUdkvy1"}]}, "created_at": "2018-12-08T21:24:00.000Z", "public_metrics": {"retweet_count": 79, "reply_count": 19, "like_count": 281, "quote_count": 3}, "text": "UN Women did this elegant &amp; swift breakdown of one of the most prevalent, ubiquitous &amp; invisible pandemics that exists.  \u2066@UN_Women\u2069 \u2066@UNHumanRights\u2069 https://t.co/pAzdUdkvy1", "source": "Twitter for iPhone", "lang": "en", "id": "1071515763997986816", "author": {"username": "realamberheard", "id": "807003567605227520", "profile_image_url": "https://pbs.twimg.com/profile_images/1383196364792680448/N8CdupEu_normal.jpg", "name": "Amber Heard", "created_at": "2016-12-08T23:26:58.000Z", "public_metrics": {"followers_count": 190462, "following_count": 220, "tweet_count": 1151, "listed_count": 567}, "location": "Los Angeles, CA", "description": "Actor and Activist, semi-professional disruptor, ice cream advocate and shameless teacup yorkie-lover", "url": "https://t.co/Ze18Ek9SOI"}}, "author": {"username": "leonasdad", "id": "2885552583", "profile_image_url": "https://pbs.twimg.com/profile_images/1458289825996546053/h6c1PP3N_normal.jpg", "name": "\ud83d\ude07Conviction\ud83d\udc7c\ud83c\udded\ud83c\uddf0\ud83c\udde8\ud83c\uddf3\ud83c\uddfa\ud83c\uddf3\ud83c\uddec\ud83c\udde7\ud83d\udc94\ud83d\udc93\ud83d\udc9e\ud83d\udc96\ud83d\udcac\ud83d\udc02\ud83d\udc14\ud83d\udc0d", "created_at": "2014-11-20T12:56:35.000Z", "public_metrics": {"followers_count": 198, "following_count": 476, "tweet_count": 50028, "listed_count": 11}, "location": "Yorkshire & London \ud83d\udc49 SW1A ", "description": "Eye2brain_Listen!\nJust&honour, men,women&children, _ _ _ _near miss_ _ _hav ur say! alcohol&NHS Drug's,Abuse, Negligence,Trauma,RDA&\nIncompetence,VTE,Purpose \ud83d\udc04", "url": ""}}]