[{"entities": {"annotations": [{"start": 98, "end": 103, "probability": 0.9986, "type": "Place", "normalized_text": "France"}], "mentions": [{"start": 0, "end": 15, "username": "realamberheard", "id": "807003567605227520"}]}, "public_metrics": {"retweet_count": 0, "reply_count": 0, "like_count": 0, "quote_count": 0}, "source": "Twitter for Android", "text": "@realamberheard Total injustice. Our system is broken and until we hit the streets like people in France, not much will change.", "author_id": "1072355767880216577", "lang": "en", "created_at": "2018-12-11T05:40:29.000Z", "in_reply_to_user_id": "807003567605227520", "id": "1072365485516308481", "referenced_tweets": [{"type": "replied_to", "id": "1071490715367161857"}], "replied_tweet": {"public_metrics": {"retweet_count": 39, "reply_count": 6, "like_count": 254, "quote_count": 1}, "source": "Twitter for iPhone", "entities": {"urls": [{"start": 73, "end": 96, "url": "https://t.co/V5fzYigi8i", "expanded_url": "https://twitter.com/MeTooMVMT/status/1071410355736203265", "display_url": "twitter.com/MeTooMVMT/stat\u2026"}], "hashtags": [{"start": 59, "end": 72, "tag": "CyntoiaBrown"}]}, "text": "This is tragic and complete injustice. My heart breaks for #CyntoiaBrown https://t.co/V5fzYigi8i", "author_id": "807003567605227520", "lang": "en", "created_at": "2018-12-08T19:44:28.000Z", "id": "1071490715367161857", "referenced_tweets": [{"type": "quoted", "id": "1071410355736203265"}], "author": {"username": "realamberheard", "location": "Los Angeles, CA", "description": "Actor and Activist, semi-professional disruptor, ice cream advocate and shameless teacup yorkie-lover", "id": "807003567605227520", "url": "https://t.co/Ze18Ek9SOI", "profile_image_url": "https://pbs.twimg.com/profile_images/1383196364792680448/N8CdupEu_normal.jpg", "name": "Amber Heard", "public_metrics": {"followers_count": 190462, "following_count": 220, "tweet_count": 1151, "listed_count": 567}, "created_at": "2016-12-08T23:26:58.000Z"}}, "author": {"username": "DarkTalonEnter1", "description": "Movie buff, critic, fan", "id": "1072355767880216577", "url": "", "profile_image_url": "https://pbs.twimg.com/profile_images/1072361864083005442/0h811ONV_normal.jpg", "name": "Dark Talon Entertainment", "public_metrics": {"followers_count": 9, "following_count": 239, "tweet_count": 30, "listed_count": 0}, "created_at": "2018-12-11T05:01:53.000Z"}}, {"public_metrics": {"retweet_count": 0, "reply_count": 0, "like_count": 0, "quote_count": 0}, "source": "Twitter Web App", "entities": {"mentions": [{"start": 0, "end": 15, "username": "realamberheard", "id": "807003567605227520"}]}, "text": "@realamberheard I've been watching investigation discovery and this has been a injustice for women since the beginning.. this is more than tragic this is worse than words can describe", "author_id": "1048681219746140162", "lang": "en", "created_at": "2018-12-08T23:53:10.000Z", "in_reply_to_user_id": "807003567605227520", "id": "1071553303006330882", "referenced_tweets": [{"type": "replied_to", "id": "1071490715367161857"}], "replied_tweet": {"public_metrics": {"retweet_count": 39, "reply_count": 6, "like_count": 254, "quote_count": 1}, "source": "Twitter for iPhone", "entities": {"urls": [{"start": 73, "end": 96, "url": "https://t.co/V5fzYigi8i", "expanded_url": "https://twitter.com/MeTooMVMT/status/1071410355736203265", "display_url": "twitter.com/MeTooMVMT/stat\u2026"}], "hashtags": [{"start": 59, "end": 72, "tag": "CyntoiaBrown"}]}, "text": "This is tragic and complete injustice. My heart breaks for #CyntoiaBrown https://t.co/V5fzYigi8i", "author_id": "807003567605227520", "lang": "en", "created_at": "2018-12-08T19:44:28.000Z", "id": "1071490715367161857", "referenced_tweets": [{"type": "quoted", "id": "1071410355736203265"}], "author": {"username": "realamberheard", "location": "Los Angeles, CA", "description": "Actor and Activist, semi-professional disruptor, ice cream advocate and shameless teacup yorkie-lover", "id": "807003567605227520", "url": "https://t.co/Ze18Ek9SOI", "profile_image_url": "https://pbs.twimg.com/profile_images/1383196364792680448/N8CdupEu_normal.jpg", "name": "Amber Heard", "public_metrics": {"followers_count": 190462, "following_count": 220, "tweet_count": 1151, "listed_count": 567}, "created_at": "2016-12-08T23:26:58.000Z"}}, "author": {"username": "TheRealKevinTE", "location": "United States", "description": "Equality is the only way to create a better future.....\n\n#PickASide\n#RaiseAFist", "id": "1048681219746140162", "url": "", "profile_image_url": "https://pbs.twimg.com/profile_images/1502321336148008967/R8OT5wEP_normal.jpg", "name": "Kevin Endicott", "public_metrics": {"followers_count": 66711, "following_count": 57143, "tweet_count": 74969, "listed_count": 66}, "created_at": "2018-10-06T21:07:41.000Z"}}, {"public_metrics": {"retweet_count": 0, "reply_count": 0, "like_count": 2, "quote_count": 0}, "source": "Twitter for iPad", "entities": {"mentions": [{"start": 0, "end": 15, "username": "realamberheard", "id": "807003567605227520"}]}, "text": "@realamberheard This is a travesty and downright inhuman.  That this lady is suffering for defending herself is outrageous.  Who do we reach out to cry out against this?", "author_id": "2466595837", "lang": "en", "created_at": "2018-12-08T20:22:01.000Z", "in_reply_to_user_id": "807003567605227520", "id": "1071500163166941186", "referenced_tweets": [{"type": "replied_to", "id": "1071490715367161857"}], "replied_tweet": {"public_metrics": {"retweet_count": 39, "reply_count": 6, "like_count": 254, "quote_count": 1}, "source": "Twitter for iPhone", "entities": {"urls": [{"start": 73, "end": 96, "url": "https://t.co/V5fzYigi8i", "expanded_url": "https://twitter.com/MeTooMVMT/status/1071410355736203265", "display_url": "twitter.com/MeTooMVMT/stat\u2026"}], "hashtags": [{"start": 59, "end": 72, "tag": "CyntoiaBrown"}]}, "text": "This is tragic and complete injustice. My heart breaks for #CyntoiaBrown https://t.co/V5fzYigi8i", "author_id": "807003567605227520", "lang": "en", "created_at": "2018-12-08T19:44:28.000Z", "id": "1071490715367161857", "referenced_tweets": [{"type": "quoted", "id": "1071410355736203265"}], "author": {"username": "realamberheard", "location": "Los Angeles, CA", "description": "Actor and Activist, semi-professional disruptor, ice cream advocate and shameless teacup yorkie-lover", "id": "807003567605227520", "url": "https://t.co/Ze18Ek9SOI", "profile_image_url": "https://pbs.twimg.com/profile_images/1383196364792680448/N8CdupEu_normal.jpg", "name": "Amber Heard", "public_metrics": {"followers_count": 190462, "following_count": 220, "tweet_count": 1151, "listed_count": 567}, "created_at": "2016-12-08T23:26:58.000Z"}}, "author": {"username": "tridog57", "location": "Minneapolis,  MN", "description": "Actor, director, sometime photographer, unrepentant punster, and all around nice guy.  ;-)", "id": "2466595837", "url": "", "profile_image_url": "https://pbs.twimg.com/profile_images/1352313361552310275/h9vrIn04_normal.jpg", "name": "Hazen B.Markoe", "public_metrics": {"followers_count": 868, "following_count": 1620, "tweet_count": 129506, "listed_count": 13}, "created_at": "2014-04-27T19:55:53.000Z"}}, {"public_metrics": {"retweet_count": 0, "reply_count": 0, "like_count": 0, "quote_count": 0}, "source": "Twitter for iPhone", "entities": {"mentions": [{"start": 0, "end": 15, "username": "realamberheard", "id": "807003567605227520"}]}, "text": "@realamberheard Your justice system is really shitty...", "author_id": "50842212", "lang": "en", "created_at": "2018-12-08T20:01:27.000Z", "in_reply_to_user_id": "807003567605227520", "id": "1071494988725395457", "referenced_tweets": [{"type": "replied_to", "id": "1071490715367161857"}], "replied_tweet": {"public_metrics": {"retweet_count": 39, "reply_count": 6, "like_count": 254, "quote_count": 1}, "source": "Twitter for iPhone", "entities": {"urls": [{"start": 73, "end": 96, "url": "https://t.co/V5fzYigi8i", "expanded_url": "https://twitter.com/MeTooMVMT/status/1071410355736203265", "display_url": "twitter.com/MeTooMVMT/stat\u2026"}], "hashtags": [{"start": 59, "end": 72, "tag": "CyntoiaBrown"}]}, "text": "This is tragic and complete injustice. My heart breaks for #CyntoiaBrown https://t.co/V5fzYigi8i", "author_id": "807003567605227520", "lang": "en", "created_at": "2018-12-08T19:44:28.000Z", "id": "1071490715367161857", "referenced_tweets": [{"type": "quoted", "id": "1071410355736203265"}], "author": {"username": "realamberheard", "location": "Los Angeles, CA", "description": "Actor and Activist, semi-professional disruptor, ice cream advocate and shameless teacup yorkie-lover", "id": "807003567605227520", "url": "https://t.co/Ze18Ek9SOI", "profile_image_url": "https://pbs.twimg.com/profile_images/1383196364792680448/N8CdupEu_normal.jpg", "name": "Amber Heard", "public_metrics": {"followers_count": 190462, "following_count": 220, "tweet_count": 1151, "listed_count": 567}, "created_at": "2016-12-08T23:26:58.000Z"}}, "author": {"username": "mdgrinbaud", "location": "Ile-de-France, France", "description": "\"Time is the fire in which we burn\". #unemusiquedefilmparjour ex-91141, m\u00e9nager de moins de 50 ans. Mi-homme mi-labrador.", "id": "50842212", "url": "", "profile_image_url": "https://pbs.twimg.com/profile_images/1486683780328955904/l1SwD6FX_normal.jpg", "name": "Max-David Grinbaud\ud83d\udd96", "public_metrics": {"followers_count": 1489, "following_count": 1290, "tweet_count": 64309, "listed_count": 8}, "created_at": "2009-06-26T00:34:27.000Z"}}, {"public_metrics": {"retweet_count": 0, "reply_count": 0, "like_count": 1, "quote_count": 0}, "source": "Twitter for Android", "entities": {"urls": [{"start": 18, "end": 41, "url": "https://t.co/oGC1OxSDAV", "expanded_url": "https://twitter.com/stirgussa/status/1071492278244511746/photo/1", "display_url": "pic.twitter.com/oGC1OxSDAV"}], "mentions": [{"start": 0, "end": 15, "username": "realamberheard", "id": "807003567605227520"}]}, "text": "@realamberheard \ud83d\ude22 https://t.co/oGC1OxSDAV", "author_id": "4396120342", "lang": "und", "created_at": "2018-12-08T19:50:41.000Z", "in_reply_to_user_id": "807003567605227520", "id": "1071492278244511746", "referenced_tweets": [{"type": "replied_to", "id": "1071490715367161857"}], "replied_tweet": {"public_metrics": {"retweet_count": 39, "reply_count": 6, "like_count": 254, "quote_count": 1}, "source": "Twitter for iPhone", "entities": {"urls": [{"start": 73, "end": 96, "url": "https://t.co/V5fzYigi8i", "expanded_url": "https://twitter.com/MeTooMVMT/status/1071410355736203265", "display_url": "twitter.com/MeTooMVMT/stat\u2026"}], "hashtags": [{"start": 59, "end": 72, "tag": "CyntoiaBrown"}]}, "text": "This is tragic and complete injustice. My heart breaks for #CyntoiaBrown https://t.co/V5fzYigi8i", "author_id": "807003567605227520", "lang": "en", "created_at": "2018-12-08T19:44:28.000Z", "id": "1071490715367161857", "referenced_tweets": [{"type": "quoted", "id": "1071410355736203265"}], "author": {"username": "realamberheard", "location": "Los Angeles, CA", "description": "Actor and Activist, semi-professional disruptor, ice cream advocate and shameless teacup yorkie-lover", "id": "807003567605227520", "url": "https://t.co/Ze18Ek9SOI", "profile_image_url": "https://pbs.twimg.com/profile_images/1383196364792680448/N8CdupEu_normal.jpg", "name": "Amber Heard", "public_metrics": {"followers_count": 190462, "following_count": 220, "tweet_count": 1151, "listed_count": 567}, "created_at": "2016-12-08T23:26:58.000Z"}}, "author": {"username": "stirgussa", "description": "Only two things are infinite, the universe and human stupidity, and I'm not sure about the former. - Albert Einstein and Me!", "id": "4396120342", "url": "", "profile_image_url": "https://pbs.twimg.com/profile_images/1378175478478082050/UKLiQPuk_normal.jpg", "name": "STIRGUS SACCHETTI", "public_metrics": {"followers_count": 678, "following_count": 296, "tweet_count": 58624, "listed_count": 26}, "created_at": "2015-12-06T17:21:06.000Z"}}, {"public_metrics": {"retweet_count": 0, "reply_count": 0, "like_count": 2, "quote_count": 0}, "source": "Twitter Web Client", "entities": {"urls": [{"start": 74, "end": 97, "url": "https://t.co/QCx1u0Ri8V", "expanded_url": "https://twitter.com/MANOLITHIS/status/1071491633445777409/photo/1", "display_url": "pic.twitter.com/QCx1u0Ri8V"}], "mentions": [{"start": 0, "end": 15, "username": "realamberheard", "id": "807003567605227520"}, {"start": 50, "end": 65, "username": "realamberheard", "id": "807003567605227520"}]}, "text": "@realamberheard GOD BLESS  CYNTOIA BROW AND YOU   @realamberheard ....\u00a1\u00a1\u00a1 https://t.co/QCx1u0Ri8V", "author_id": "161368964", "lang": "en", "created_at": "2018-12-08T19:48:07.000Z", "in_reply_to_user_id": "807003567605227520", "id": "1071491633445777409", "referenced_tweets": [{"type": "replied_to", "id": "1071490715367161857"}], "replied_tweet": {"public_metrics": {"retweet_count": 39, "reply_count": 6, "like_count": 254, "quote_count": 1}, "source": "Twitter for iPhone", "entities": {"urls": [{"start": 73, "end": 96, "url": "https://t.co/V5fzYigi8i", "expanded_url": "https://twitter.com/MeTooMVMT/status/1071410355736203265", "display_url": "twitter.com/MeTooMVMT/stat\u2026"}], "hashtags": [{"start": 59, "end": 72, "tag": "CyntoiaBrown"}]}, "text": "This is tragic and complete injustice. My heart breaks for #CyntoiaBrown https://t.co/V5fzYigi8i", "author_id": "807003567605227520", "lang": "en", "created_at": "2018-12-08T19:44:28.000Z", "id": "1071490715367161857", "referenced_tweets": [{"type": "quoted", "id": "1071410355736203265"}], "author": {"username": "realamberheard", "location": "Los Angeles, CA", "description": "Actor and Activist, semi-professional disruptor, ice cream advocate and shameless teacup yorkie-lover", "id": "807003567605227520", "url": "https://t.co/Ze18Ek9SOI", "profile_image_url": "https://pbs.twimg.com/profile_images/1383196364792680448/N8CdupEu_normal.jpg", "name": "Amber Heard", "public_metrics": {"followers_count": 190462, "following_count": 220, "tweet_count": 1151, "listed_count": 567}, "created_at": "2016-12-08T23:26:58.000Z"}}, "author": {"username": "MANOLITHIS", "location": "CUENCA - ECUADOR", "description": "[   YO  SOY   LA  VOZ  DEL PUEBLO ]", "id": "161368964", "url": "", "profile_image_url": "https://pbs.twimg.com/profile_images/687978323134296064/4P9vN9Wk_normal.png", "name": "MANOLO  ANDRADE", "public_metrics": {"followers_count": 245, "following_count": 157, "tweet_count": 11104, "listed_count": 2}, "created_at": "2010-06-30T17:34:20.000Z"}}]