[{"in_reply_to_user_id": "807003567605227520", "id": "1076443683191349248", "entities": {"mentions": [{"start": 0, "end": 15, "username": "realamberheard", "id": "807003567605227520"}, {"start": 16, "end": 32, "username": "realDonaldTrump", "id": "25073877"}]}, "lang": "en", "author_id": "1073007090245890050", "referenced_tweets": [{"type": "replied_to", "id": "1073543440292564992"}], "public_metrics": {"retweet_count": 0, "reply_count": 0, "like_count": 1, "quote_count": 0}, "text": "@realamberheard @realDonaldTrump I'm very impressed with what you did\ud83d\udda4\ud83d\udda4\ud83d\udda4\ud83d\udcaf", "created_at": "2018-12-22T11:45:48.000Z", "source": "Twitter for Android", "replied_tweet": {"id": "1073543440292564992", "entities": {"mentions": [{"start": 105, "end": 121, "username": "realDonaldTrump", "id": "25073877"}], "urls": [{"start": 157, "end": 180, "url": "https://t.co/eteJTlcpxD", "expanded_url": "https://apple.news/A3fMXpYoGSzmqDEXnL9bFiQ", "display_url": "apple.news/A3fMXpYoGSzmqD\u2026", "status": 200, "unwound_url": "https://apple.news/A3fMXpYoGSzmqDEXnL9bFiQ"}], "annotations": [{"start": 65, "end": 83, "probability": 0.5807, "type": "Organization", "normalized_text": "The Washington Post"}]}, "lang": "en", "author_id": "807003567605227520", "public_metrics": {"retweet_count": 47, "reply_count": 14, "like_count": 303, "quote_count": 4}, "text": "7-year-old in Border Patrol custody dies of dehydration, shock - The Washington Post - thanks to the \u2066\u2066\u2066\u2066@realDonaldTrump\u2069 \u2018s war on all those \u201cbad hombres\u201d https://t.co/eteJTlcpxD", "created_at": "2018-12-14T11:41:16.000Z", "source": "Twitter for iPad", "author": {"url": "https://t.co/Ze18Ek9SOI", "username": "realamberheard", "description": "Actor and Activist, semi-professional disruptor, ice cream advocate and shameless teacup yorkie-lover", "name": "Amber Heard", "location": "Los Angeles, CA", "created_at": "2016-12-08T23:26:58.000Z", "profile_image_url": "https://pbs.twimg.com/profile_images/1383196364792680448/N8CdupEu_normal.jpg", "public_metrics": {"followers_count": 190462, "following_count": 220, "tweet_count": 1151, "listed_count": 567}, "id": "807003567605227520"}}, "author": {"url": "", "username": "gadingdwi6", "description": "", "name": "dingdwi", "created_at": "2018-12-13T00:10:00.000Z", "profile_image_url": "https://pbs.twimg.com/profile_images/1288338359023046656/IWF4sacJ_normal.jpg", "public_metrics": {"followers_count": 19, "following_count": 59, "tweet_count": 3, "listed_count": 0}, "id": "1073007090245890050"}}, {"in_reply_to_user_id": "37091740", "id": "1074441625517010945", "entities": {"mentions": [{"start": 0, "end": 13, "username": "thomaskepner", "id": "37091740"}, {"start": 14, "end": 29, "username": "realamberheard", "id": "807003567605227520"}, {"start": 30, "end": 46, "username": "realDonaldTrump", "id": "25073877"}], "urls": [{"start": 47, "end": 70, "url": "https://t.co/C5ZECAzCZz", "expanded_url": "https://pjmedia.com/trending/six-reasons-why-barack-obama-is-the-worst-president-in-history/", "display_url": "pjmedia.com/trending/six-r\u2026"}]}, "lang": "en", "author_id": "3105670638", "referenced_tweets": [{"type": "replied_to", "id": "1074181042863370242"}], "public_metrics": {"retweet_count": 0, "reply_count": 0, "like_count": 0, "quote_count": 0}, "text": "@thomaskepner @realamberheard @realDonaldTrump https://t.co/C5ZECAzCZz Better than the preceeding 8-year period.", "created_at": "2018-12-16T23:10:20.000Z", "source": "Twitter Web Client", "replied_tweet": {"id": "1073543440292564992", "entities": {"mentions": [{"start": 105, "end": 121, "username": "realDonaldTrump", "id": "25073877"}], "urls": [{"start": 157, "end": 180, "url": "https://t.co/eteJTlcpxD", "expanded_url": "https://apple.news/A3fMXpYoGSzmqDEXnL9bFiQ", "display_url": "apple.news/A3fMXpYoGSzmqD\u2026", "status": 200, "unwound_url": "https://apple.news/A3fMXpYoGSzmqDEXnL9bFiQ"}], "annotations": [{"start": 65, "end": 83, "probability": 0.5807, "type": "Organization", "normalized_text": "The Washington Post"}]}, "lang": "en", "author_id": "807003567605227520", "public_metrics": {"retweet_count": 47, "reply_count": 14, "like_count": 303, "quote_count": 4}, "text": "7-year-old in Border Patrol custody dies of dehydration, shock - The Washington Post - thanks to the \u2066\u2066\u2066\u2066@realDonaldTrump\u2069 \u2018s war on all those \u201cbad hombres\u201d https://t.co/eteJTlcpxD", "created_at": "2018-12-14T11:41:16.000Z", "source": "Twitter for iPad", "author": {"url": "https://t.co/Ze18Ek9SOI", "username": "realamberheard", "description": "Actor and Activist, semi-professional disruptor, ice cream advocate and shameless teacup yorkie-lover", "name": "Amber Heard", "location": "Los Angeles, CA", "created_at": "2016-12-08T23:26:58.000Z", "profile_image_url": "https://pbs.twimg.com/profile_images/1383196364792680448/N8CdupEu_normal.jpg", "public_metrics": {"followers_count": 190462, "following_count": 220, "tweet_count": 1151, "listed_count": 567}, "id": "807003567605227520"}}, "author": {"url": "", "username": "adamwarlock12", "description": "", "name": "Adam Wardlow", "created_at": "2015-03-24T01:55:40.000Z", "profile_image_url": "https://abs.twimg.com/sticky/default_profile_images/default_profile_normal.png", "public_metrics": {"followers_count": 37, "following_count": 57, "tweet_count": 3511, "listed_count": 0}, "id": "3105670638"}}, {"in_reply_to_user_id": "780093846285905920", "id": "1074439397968211968", "entities": {"mentions": [{"start": 0, "end": 16, "username": "SanaPirzada2016", "id": "780093846285905920"}, {"start": 17, "end": 32, "username": "realamberheard", "id": "807003567605227520"}, {"start": 33, "end": 49, "username": "realDonaldTrump", "id": "25073877"}], "urls": [{"start": 50, "end": 73, "url": "https://t.co/wW8V8Fcw5G", "expanded_url": "https://www.cnn.com/2018/12/15/us/guatemalan-girls-father/index.html", "display_url": "cnn.com/2018/12/15/us/\u2026"}], "annotations": [{"start": 100, "end": 108, "probability": 0.6281, "type": "Person", "normalized_text": "Americans"}]}, "lang": "en", "author_id": "3105670638", "referenced_tweets": [{"type": "replied_to", "id": "1073572566109995008"}], "public_metrics": {"retweet_count": 0, "reply_count": 0, "like_count": 0, "quote_count": 0}, "text": "@SanaPirzada2016 @realamberheard @realDonaldTrump https://t.co/wW8V8Fcw5G Nobody's fault, like some Americans who called the ambulance. They tried their best to save her and failed.", "created_at": "2018-12-16T23:01:29.000Z", "source": "Twitter Web Client", "replied_tweet": {"id": "1073543440292564992", "entities": {"mentions": [{"start": 105, "end": 121, "username": "realDonaldTrump", "id": "25073877"}], "urls": [{"start": 157, "end": 180, "url": "https://t.co/eteJTlcpxD", "expanded_url": "https://apple.news/A3fMXpYoGSzmqDEXnL9bFiQ", "display_url": "apple.news/A3fMXpYoGSzmqD\u2026", "status": 200, "unwound_url": "https://apple.news/A3fMXpYoGSzmqDEXnL9bFiQ"}], "annotations": [{"start": 65, "end": 83, "probability": 0.5807, "type": "Organization", "normalized_text": "The Washington Post"}]}, "lang": "en", "author_id": "807003567605227520", "public_metrics": {"retweet_count": 47, "reply_count": 14, "like_count": 303, "quote_count": 4}, "text": "7-year-old in Border Patrol custody dies of dehydration, shock - The Washington Post - thanks to the \u2066\u2066\u2066\u2066@realDonaldTrump\u2069 \u2018s war on all those \u201cbad hombres\u201d https://t.co/eteJTlcpxD", "created_at": "2018-12-14T11:41:16.000Z", "source": "Twitter for iPad", "author": {"url": "https://t.co/Ze18Ek9SOI", "username": "realamberheard", "description": "Actor and Activist, semi-professional disruptor, ice cream advocate and shameless teacup yorkie-lover", "name": "Amber Heard", "location": "Los Angeles, CA", "created_at": "2016-12-08T23:26:58.000Z", "profile_image_url": "https://pbs.twimg.com/profile_images/1383196364792680448/N8CdupEu_normal.jpg", "public_metrics": {"followers_count": 190462, "following_count": 220, "tweet_count": 1151, "listed_count": 567}, "id": "807003567605227520"}}, "author": {"url": "", "username": "adamwarlock12", "description": "", "name": "Adam Wardlow", "created_at": "2015-03-24T01:55:40.000Z", "profile_image_url": "https://abs.twimg.com/sticky/default_profile_images/default_profile_normal.png", "public_metrics": {"followers_count": 37, "following_count": 57, "tweet_count": 3511, "listed_count": 0}, "id": "3105670638"}}, {"in_reply_to_user_id": "807003567605227520", "id": "1074438377900888064", "entities": {"mentions": [{"start": 0, "end": 15, "username": "realamberheard", "id": "807003567605227520"}, {"start": 16, "end": 32, "username": "realDonaldTrump", "id": "25073877"}], "urls": [{"start": 33, "end": 56, "url": "https://t.co/wW8V8Fcw5G", "expanded_url": "https://www.cnn.com/2018/12/15/us/guatemalan-girls-father/index.html", "display_url": "cnn.com/2018/12/15/us/\u2026"}], "annotations": [{"start": 172, "end": 176, "probability": 0.936, "type": "Person", "normalized_text": "Trump"}]}, "lang": "en", "author_id": "3105670638", "referenced_tweets": [{"type": "replied_to", "id": "1073543440292564992"}], "public_metrics": {"retweet_count": 0, "reply_count": 0, "like_count": 0, "quote_count": 0}, "text": "@realamberheard @realDonaldTrump https://t.co/wW8V8Fcw5G This seems to say her dad and the authorities tried their best to save her, but failed, nobody at fault. \"Murderer Trump,\" no way!", "created_at": "2018-12-16T22:57:26.000Z", "source": "Twitter Web Client", "replied_tweet": {"id": "1073543440292564992", "entities": {"mentions": [{"start": 105, "end": 121, "username": "realDonaldTrump", "id": "25073877"}], "urls": [{"start": 157, "end": 180, "url": "https://t.co/eteJTlcpxD", "expanded_url": "https://apple.news/A3fMXpYoGSzmqDEXnL9bFiQ", "display_url": "apple.news/A3fMXpYoGSzmqD\u2026", "status": 200, "unwound_url": "https://apple.news/A3fMXpYoGSzmqDEXnL9bFiQ"}], "annotations": [{"start": 65, "end": 83, "probability": 0.5807, "type": "Organization", "normalized_text": "The Washington Post"}]}, "lang": "en", "author_id": "807003567605227520", "public_metrics": {"retweet_count": 47, "reply_count": 14, "like_count": 303, "quote_count": 4}, "text": "7-year-old in Border Patrol custody dies of dehydration, shock - The Washington Post - thanks to the \u2066\u2066\u2066\u2066@realDonaldTrump\u2069 \u2018s war on all those \u201cbad hombres\u201d https://t.co/eteJTlcpxD", "created_at": "2018-12-14T11:41:16.000Z", "source": "Twitter for iPad", "author": {"url": "https://t.co/Ze18Ek9SOI", "username": "realamberheard", "description": "Actor and Activist, semi-professional disruptor, ice cream advocate and shameless teacup yorkie-lover", "name": "Amber Heard", "location": "Los Angeles, CA", "created_at": "2016-12-08T23:26:58.000Z", "profile_image_url": "https://pbs.twimg.com/profile_images/1383196364792680448/N8CdupEu_normal.jpg", "public_metrics": {"followers_count": 190462, "following_count": 220, "tweet_count": 1151, "listed_count": 567}, "id": "807003567605227520"}}, "author": {"url": "", "username": "adamwarlock12", "description": "", "name": "Adam Wardlow", "created_at": "2015-03-24T01:55:40.000Z", "profile_image_url": "https://abs.twimg.com/sticky/default_profile_images/default_profile_normal.png", "public_metrics": {"followers_count": 37, "following_count": 57, "tweet_count": 3511, "listed_count": 0}, "id": "3105670638"}}, {"in_reply_to_user_id": "807003567605227520", "id": "1074181042863370242", "entities": {"mentions": [{"start": 0, "end": 15, "username": "realamberheard", "id": "807003567605227520"}, {"start": 16, "end": 32, "username": "realDonaldTrump", "id": "25073877"}]}, "lang": "en", "author_id": "37091740", "referenced_tweets": [{"type": "replied_to", "id": "1073543440292564992"}], "public_metrics": {"retweet_count": 0, "reply_count": 1, "like_count": 0, "quote_count": 0}, "text": "@realamberheard @realDonaldTrump I am still in shock. I am so glad you forward these stories so as a society we learn to never repeat this awful 4 year era we are all trapped in. Our voices need to unite!", "created_at": "2018-12-16T05:54:52.000Z", "source": "Twitter for Android", "replied_tweet": {"id": "1073543440292564992", "entities": {"mentions": [{"start": 105, "end": 121, "username": "realDonaldTrump", "id": "25073877"}], "urls": [{"start": 157, "end": 180, "url": "https://t.co/eteJTlcpxD", "expanded_url": "https://apple.news/A3fMXpYoGSzmqDEXnL9bFiQ", "display_url": "apple.news/A3fMXpYoGSzmqD\u2026", "status": 200, "unwound_url": "https://apple.news/A3fMXpYoGSzmqDEXnL9bFiQ"}], "annotations": [{"start": 65, "end": 83, "probability": 0.5807, "type": "Organization", "normalized_text": "The Washington Post"}]}, "lang": "en", "author_id": "807003567605227520", "public_metrics": {"retweet_count": 47, "reply_count": 14, "like_count": 303, "quote_count": 4}, "text": "7-year-old in Border Patrol custody dies of dehydration, shock - The Washington Post - thanks to the \u2066\u2066\u2066\u2066@realDonaldTrump\u2069 \u2018s war on all those \u201cbad hombres\u201d https://t.co/eteJTlcpxD", "created_at": "2018-12-14T11:41:16.000Z", "source": "Twitter for iPad", "author": {"url": "https://t.co/Ze18Ek9SOI", "username": "realamberheard", "description": "Actor and Activist, semi-professional disruptor, ice cream advocate and shameless teacup yorkie-lover", "name": "Amber Heard", "location": "Los Angeles, CA", "created_at": "2016-12-08T23:26:58.000Z", "profile_image_url": "https://pbs.twimg.com/profile_images/1383196364792680448/N8CdupEu_normal.jpg", "public_metrics": {"followers_count": 190462, "following_count": 220, "tweet_count": 1151, "listed_count": 567}, "id": "807003567605227520"}}, "author": {"url": "", "username": "thomaskepner", "description": "The One after the Super Bowl and Show me the Money!!", "name": "Thomas James Kepner", "created_at": "2009-05-02T00:39:56.000Z", "profile_image_url": "https://pbs.twimg.com/profile_images/840342079637086208/yoOafXTJ_normal.jpg", "public_metrics": {"followers_count": 287, "following_count": 2020, "tweet_count": 9133, "listed_count": 1}, "id": "37091740"}}, {"in_reply_to_user_id": "807003567605227520", "id": "1073685896636051457", "entities": {"mentions": [{"start": 0, "end": 15, "username": "realamberheard", "id": "807003567605227520"}, {"start": 16, "end": 32, "username": "realDonaldTrump", "id": "25073877"}]}, "lang": "en", "author_id": "863332426923290625", "referenced_tweets": [{"type": "replied_to", "id": "1073543440292564992"}], "public_metrics": {"retweet_count": 0, "reply_count": 0, "like_count": 3, "quote_count": 0}, "text": "@realamberheard @realDonaldTrump She died because she was already sick when she got there, due to illnesses contracted from travelling. They did what they could and she still died. Don't blame border patrol for the parents' mistakes.", "created_at": "2018-12-14T21:07:20.000Z", "source": "Twitter for Android", "replied_tweet": {"id": "1073543440292564992", "entities": {"mentions": [{"start": 105, "end": 121, "username": "realDonaldTrump", "id": "25073877"}], "urls": [{"start": 157, "end": 180, "url": "https://t.co/eteJTlcpxD", "expanded_url": "https://apple.news/A3fMXpYoGSzmqDEXnL9bFiQ", "display_url": "apple.news/A3fMXpYoGSzmqD\u2026", "status": 200, "unwound_url": "https://apple.news/A3fMXpYoGSzmqDEXnL9bFiQ"}], "annotations": [{"start": 65, "end": 83, "probability": 0.5807, "type": "Organization", "normalized_text": "The Washington Post"}]}, "lang": "en", "author_id": "807003567605227520", "public_metrics": {"retweet_count": 47, "reply_count": 14, "like_count": 303, "quote_count": 4}, "text": "7-year-old in Border Patrol custody dies of dehydration, shock - The Washington Post - thanks to the \u2066\u2066\u2066\u2066@realDonaldTrump\u2069 \u2018s war on all those \u201cbad hombres\u201d https://t.co/eteJTlcpxD", "created_at": "2018-12-14T11:41:16.000Z", "source": "Twitter for iPad", "author": {"url": "https://t.co/Ze18Ek9SOI", "username": "realamberheard", "description": "Actor and Activist, semi-professional disruptor, ice cream advocate and shameless teacup yorkie-lover", "name": "Amber Heard", "location": "Los Angeles, CA", "created_at": "2016-12-08T23:26:58.000Z", "profile_image_url": "https://pbs.twimg.com/profile_images/1383196364792680448/N8CdupEu_normal.jpg", "public_metrics": {"followers_count": 190462, "following_count": 220, "tweet_count": 1151, "listed_count": 567}, "id": "807003567605227520"}}, "author": {"url": "", "username": "instant_wood", "description": "Minimally exceptional", "name": "Jennifer Wood", "location": "\ud83d\udc4c", "created_at": "2017-05-13T09:57:45.000Z", "profile_image_url": "https://pbs.twimg.com/profile_images/863347194677657601/K3YpmdQW_normal.jpg", "public_metrics": {"followers_count": 69, "following_count": 300, "tweet_count": 3443, "listed_count": 0}, "id": "863332426923290625"}}, {"in_reply_to_user_id": "807003567605227520", "id": "1073630573044879361", "entities": {"mentions": [{"start": 0, "end": 15, "username": "realamberheard", "id": "807003567605227520"}, {"start": 16, "end": 32, "username": "realDonaldTrump", "id": "25073877"}]}, "lang": "und", "author_id": "2283448712", "referenced_tweets": [{"type": "replied_to", "id": "1073543440292564992"}], "public_metrics": {"retweet_count": 0, "reply_count": 0, "like_count": 0, "quote_count": 0}, "text": "@realamberheard @realDonaldTrump Wow \ud83d\ude1e", "created_at": "2018-12-14T17:27:30.000Z", "source": "Twitter for iPhone", "replied_tweet": {"id": "1073543440292564992", "entities": {"mentions": [{"start": 105, "end": 121, "username": "realDonaldTrump", "id": "25073877"}], "urls": [{"start": 157, "end": 180, "url": "https://t.co/eteJTlcpxD", "expanded_url": "https://apple.news/A3fMXpYoGSzmqDEXnL9bFiQ", "display_url": "apple.news/A3fMXpYoGSzmqD\u2026", "status": 200, "unwound_url": "https://apple.news/A3fMXpYoGSzmqDEXnL9bFiQ"}], "annotations": [{"start": 65, "end": 83, "probability": 0.5807, "type": "Organization", "normalized_text": "The Washington Post"}]}, "lang": "en", "author_id": "807003567605227520", "public_metrics": {"retweet_count": 47, "reply_count": 14, "like_count": 303, "quote_count": 4}, "text": "7-year-old in Border Patrol custody dies of dehydration, shock - The Washington Post - thanks to the \u2066\u2066\u2066\u2066@realDonaldTrump\u2069 \u2018s war on all those \u201cbad hombres\u201d https://t.co/eteJTlcpxD", "created_at": "2018-12-14T11:41:16.000Z", "source": "Twitter for iPad", "author": {"url": "https://t.co/Ze18Ek9SOI", "username": "realamberheard", "description": "Actor and Activist, semi-professional disruptor, ice cream advocate and shameless teacup yorkie-lover", "name": "Amber Heard", "location": "Los Angeles, CA", "created_at": "2016-12-08T23:26:58.000Z", "profile_image_url": "https://pbs.twimg.com/profile_images/1383196364792680448/N8CdupEu_normal.jpg", "public_metrics": {"followers_count": 190462, "following_count": 220, "tweet_count": 1151, "listed_count": 567}, "id": "807003567605227520"}}, "author": {"url": "", "username": "cupoftea890", "description": "", "name": "vickie", "created_at": "2014-01-09T11:27:40.000Z", "profile_image_url": "https://pbs.twimg.com/profile_images/498434710565969920/iXpyyw8Q_normal.jpeg", "public_metrics": {"followers_count": 15, "following_count": 374, "tweet_count": 12521, "listed_count": 2}, "id": "2283448712"}}, {"in_reply_to_user_id": "807003567605227520", "id": "1073573568292839427", "entities": {"mentions": [{"start": 0, "end": 15, "username": "realamberheard", "id": "807003567605227520"}, {"start": 16, "end": 32, "username": "realDonaldTrump", "id": "25073877"}], "urls": [{"start": 33, "end": 56, "url": "https://t.co/ZRQipIQf2l", "expanded_url": "https://twitter.com/justiceforjdepp/status/1073569585947951104?s=20", "display_url": "twitter.com/justiceforjdep\u2026"}]}, "lang": "und", "author_id": "879431633300049920", "referenced_tweets": [{"type": "quoted", "id": "1073569585947951104"}, {"type": "replied_to", "id": "1073543440292564992"}], "public_metrics": {"retweet_count": 0, "reply_count": 0, "like_count": 1, "quote_count": 0}, "text": "@realamberheard @realDonaldTrump https://t.co/ZRQipIQf2l", "created_at": "2018-12-14T13:40:59.000Z", "source": "Twitter Web App", "replied_tweet": {"id": "1073543440292564992", "entities": {"mentions": [{"start": 105, "end": 121, "username": "realDonaldTrump", "id": "25073877"}], "urls": [{"start": 157, "end": 180, "url": "https://t.co/eteJTlcpxD", "expanded_url": "https://apple.news/A3fMXpYoGSzmqDEXnL9bFiQ", "display_url": "apple.news/A3fMXpYoGSzmqD\u2026", "status": 200, "unwound_url": "https://apple.news/A3fMXpYoGSzmqDEXnL9bFiQ"}], "annotations": [{"start": 65, "end": 83, "probability": 0.5807, "type": "Organization", "normalized_text": "The Washington Post"}]}, "lang": "en", "author_id": "807003567605227520", "public_metrics": {"retweet_count": 47, "reply_count": 14, "like_count": 303, "quote_count": 4}, "text": "7-year-old in Border Patrol custody dies of dehydration, shock - The Washington Post - thanks to the \u2066\u2066\u2066\u2066@realDonaldTrump\u2069 \u2018s war on all those \u201cbad hombres\u201d https://t.co/eteJTlcpxD", "created_at": "2018-12-14T11:41:16.000Z", "source": "Twitter for iPad", "author": {"url": "https://t.co/Ze18Ek9SOI", "username": "realamberheard", "description": "Actor and Activist, semi-professional disruptor, ice cream advocate and shameless teacup yorkie-lover", "name": "Amber Heard", "location": "Los Angeles, CA", "created_at": "2016-12-08T23:26:58.000Z", "profile_image_url": "https://pbs.twimg.com/profile_images/1383196364792680448/N8CdupEu_normal.jpg", "public_metrics": {"followers_count": 190462, "following_count": 220, "tweet_count": 1151, "listed_count": 567}, "id": "807003567605227520"}}, "author": {"url": "", "username": "justiceforjdepp", "description": "Johnny Depp is a warrior and hero || @V0DEVlL", "name": "\ud83c\udf69 In support of Johnny Depp", "created_at": "2017-06-26T20:10:15.000Z", "profile_image_url": "https://pbs.twimg.com/profile_images/1073568003311222784/pVqxRke__normal.jpg", "public_metrics": {"followers_count": 338, "following_count": 399, "tweet_count": 619, "listed_count": 1}, "id": "879431633300049920"}}, {"in_reply_to_user_id": "807003567605227520", "id": "1073572566109995008", "entities": {"mentions": [{"start": 0, "end": 15, "username": "realamberheard", "id": "807003567605227520"}, {"start": 16, "end": 32, "username": "realDonaldTrump", "id": "25073877"}]}, "lang": "en", "author_id": "780093846285905920", "referenced_tweets": [{"type": "replied_to", "id": "1073543440292564992"}], "public_metrics": {"retweet_count": 0, "reply_count": 1, "like_count": 1, "quote_count": 0}, "text": "@realamberheard @realDonaldTrump I hope the ones responsible suffer for their crimes!", "created_at": "2018-12-14T13:37:00.000Z", "source": "Twitter for Android", "replied_tweet": {"id": "1073543440292564992", "entities": {"mentions": [{"start": 105, "end": 121, "username": "realDonaldTrump", "id": "25073877"}], "urls": [{"start": 157, "end": 180, "url": "https://t.co/eteJTlcpxD", "expanded_url": "https://apple.news/A3fMXpYoGSzmqDEXnL9bFiQ", "display_url": "apple.news/A3fMXpYoGSzmqD\u2026", "status": 200, "unwound_url": "https://apple.news/A3fMXpYoGSzmqDEXnL9bFiQ"}], "annotations": [{"start": 65, "end": 83, "probability": 0.5807, "type": "Organization", "normalized_text": "The Washington Post"}]}, "lang": "en", "author_id": "807003567605227520", "public_metrics": {"retweet_count": 47, "reply_count": 14, "like_count": 303, "quote_count": 4}, "text": "7-year-old in Border Patrol custody dies of dehydration, shock - The Washington Post - thanks to the \u2066\u2066\u2066\u2066@realDonaldTrump\u2069 \u2018s war on all those \u201cbad hombres\u201d https://t.co/eteJTlcpxD", "created_at": "2018-12-14T11:41:16.000Z", "source": "Twitter for iPad", "author": {"url": "https://t.co/Ze18Ek9SOI", "username": "realamberheard", "description": "Actor and Activist, semi-professional disruptor, ice cream advocate and shameless teacup yorkie-lover", "name": "Amber Heard", "location": "Los Angeles, CA", "created_at": "2016-12-08T23:26:58.000Z", "profile_image_url": "https://pbs.twimg.com/profile_images/1383196364792680448/N8CdupEu_normal.jpg", "public_metrics": {"followers_count": 190462, "following_count": 220, "tweet_count": 1151, "listed_count": 567}, "id": "807003567605227520"}}, "author": {"url": "https://t.co/IcJe0x2qjJ", "username": "SanaPirzada2016", "description": "*Founder of VLA - Virtual Legal Advisory   https://t.co/kESP0UHzOE\n*Author & Barrister \n*Silver Award Winner of 'Best Mystery- Fiction', Global E-Book Awards 2017", "name": "Sana Sharifuddin Pirzada", "location": "Karachi, Pakistan", "created_at": "2016-09-25T17:17:21.000Z", "profile_image_url": "https://pbs.twimg.com/profile_images/1149781404860989440/Nu8T6cFH_normal.jpg", "public_metrics": {"followers_count": 437, "following_count": 400, "tweet_count": 790, "listed_count": 1}, "id": "780093846285905920"}}, {"in_reply_to_user_id": "807003567605227520", "id": "1073561204642205700", "entities": {"mentions": [{"start": 0, "end": 15, "username": "realamberheard", "id": "807003567605227520"}, {"start": 16, "end": 32, "username": "realDonaldTrump", "id": "25073877"}]}, "lang": "en", "author_id": "1048681219746140162", "referenced_tweets": [{"type": "replied_to", "id": "1073543440292564992"}], "public_metrics": {"retweet_count": 0, "reply_count": 0, "like_count": 1, "quote_count": 0}, "text": "@realamberheard @realDonaldTrump The same ppl in office that believe abortion is immoral and should b a crime believe that treating a human already on this eArth is ok.. if this is MAGA process.I want a clearer definition of great", "created_at": "2018-12-14T12:51:51.000Z", "source": "Twitter Web App", "replied_tweet": {"id": "1073543440292564992", "entities": {"mentions": [{"start": 105, "end": 121, "username": "realDonaldTrump", "id": "25073877"}], "urls": [{"start": 157, "end": 180, "url": "https://t.co/eteJTlcpxD", "expanded_url": "https://apple.news/A3fMXpYoGSzmqDEXnL9bFiQ", "display_url": "apple.news/A3fMXpYoGSzmqD\u2026", "status": 200, "unwound_url": "https://apple.news/A3fMXpYoGSzmqDEXnL9bFiQ"}], "annotations": [{"start": 65, "end": 83, "probability": 0.5807, "type": "Organization", "normalized_text": "The Washington Post"}]}, "lang": "en", "author_id": "807003567605227520", "public_metrics": {"retweet_count": 47, "reply_count": 14, "like_count": 303, "quote_count": 4}, "text": "7-year-old in Border Patrol custody dies of dehydration, shock - The Washington Post - thanks to the \u2066\u2066\u2066\u2066@realDonaldTrump\u2069 \u2018s war on all those \u201cbad hombres\u201d https://t.co/eteJTlcpxD", "created_at": "2018-12-14T11:41:16.000Z", "source": "Twitter for iPad", "author": {"url": "https://t.co/Ze18Ek9SOI", "username": "realamberheard", "description": "Actor and Activist, semi-professional disruptor, ice cream advocate and shameless teacup yorkie-lover", "name": "Amber Heard", "location": "Los Angeles, CA", "created_at": "2016-12-08T23:26:58.000Z", "profile_image_url": "https://pbs.twimg.com/profile_images/1383196364792680448/N8CdupEu_normal.jpg", "public_metrics": {"followers_count": 190462, "following_count": 220, "tweet_count": 1151, "listed_count": 567}, "id": "807003567605227520"}}, "author": {"url": "", "username": "TheRealKevinTE", "description": "Equality is the only way to create a better future.....\n\n#PickASide\n#RaiseAFist", "name": "Kevin Endicott", "location": "United States", "created_at": "2018-10-06T21:07:41.000Z", "profile_image_url": "https://pbs.twimg.com/profile_images/1502321336148008967/R8OT5wEP_normal.jpg", "public_metrics": {"followers_count": 66711, "following_count": 57143, "tweet_count": 74969, "listed_count": 66}, "id": "1048681219746140162"}}, {"in_reply_to_user_id": "807003567605227520", "id": "1073546925515911168", "entities": {"mentions": [{"start": 0, "end": 15, "username": "realamberheard", "id": "807003567605227520"}, {"start": 16, "end": 32, "username": "realDonaldTrump", "id": "25073877"}], "annotations": [{"start": 144, "end": 150, "probability": 0.9968, "type": "Place", "normalized_text": "Germany"}]}, "lang": "en", "author_id": "1072355767880216577", "referenced_tweets": [{"type": "replied_to", "id": "1073543440292564992"}], "public_metrics": {"retweet_count": 0, "reply_count": 0, "like_count": 5, "quote_count": 0}, "text": "@realamberheard @realDonaldTrump Employing these concentration camp tactics reminds me of a certain evil person in history who rose to power in Germany in 1933.", "created_at": "2018-12-14T11:55:07.000Z", "source": "Twitter for Android", "replied_tweet": {"id": "1073543440292564992", "entities": {"mentions": [{"start": 105, "end": 121, "username": "realDonaldTrump", "id": "25073877"}], "urls": [{"start": 157, "end": 180, "url": "https://t.co/eteJTlcpxD", "expanded_url": "https://apple.news/A3fMXpYoGSzmqDEXnL9bFiQ", "display_url": "apple.news/A3fMXpYoGSzmqD\u2026", "status": 200, "unwound_url": "https://apple.news/A3fMXpYoGSzmqDEXnL9bFiQ"}], "annotations": [{"start": 65, "end": 83, "probability": 0.5807, "type": "Organization", "normalized_text": "The Washington Post"}]}, "lang": "en", "author_id": "807003567605227520", "public_metrics": {"retweet_count": 47, "reply_count": 14, "like_count": 303, "quote_count": 4}, "text": "7-year-old in Border Patrol custody dies of dehydration, shock - The Washington Post - thanks to the \u2066\u2066\u2066\u2066@realDonaldTrump\u2069 \u2018s war on all those \u201cbad hombres\u201d https://t.co/eteJTlcpxD", "created_at": "2018-12-14T11:41:16.000Z", "source": "Twitter for iPad", "author": {"url": "https://t.co/Ze18Ek9SOI", "username": "realamberheard", "description": "Actor and Activist, semi-professional disruptor, ice cream advocate and shameless teacup yorkie-lover", "name": "Amber Heard", "location": "Los Angeles, CA", "created_at": "2016-12-08T23:26:58.000Z", "profile_image_url": "https://pbs.twimg.com/profile_images/1383196364792680448/N8CdupEu_normal.jpg", "public_metrics": {"followers_count": 190462, "following_count": 220, "tweet_count": 1151, "listed_count": 567}, "id": "807003567605227520"}}, "author": {"url": "", "username": "DarkTalonEnter1", "description": "Movie buff, critic, fan", "name": "Dark Talon Entertainment", "created_at": "2018-12-11T05:01:53.000Z", "profile_image_url": "https://pbs.twimg.com/profile_images/1072361864083005442/0h811ONV_normal.jpg", "public_metrics": {"followers_count": 9, "following_count": 239, "tweet_count": 30, "listed_count": 0}, "id": "1072355767880216577"}}]