[{"author_id": "1074324993327095808", "entities": {"annotations": [{"start": 30, "end": 36, "probability": 0.9726, "type": "Place", "normalized_text": "Vietnam"}], "mentions": [{"start": 0, "end": 15, "username": "realamberheard", "id": "807003567605227520"}]}, "lang": "en", "source": "Twitter for Android", "in_reply_to_user_id": "807003567605227520", "referenced_tweets": [{"type": "replied_to", "id": "1076617252965761024"}], "created_at": "2018-12-23T00:08:38.000Z", "text": "@realamberheard Love you from Vietnam!", "id": "1076630625333854208", "public_metrics": {"retweet_count": 0, "reply_count": 0, "like_count": 0, "quote_count": 0}, "replied_tweet": {"author_id": "807003567605227520", "lang": "en", "source": "Twitter for iPad", "entities": {"urls": [{"start": 36, "end": 59, "url": "https://t.co/kSzTnvZMV7", "expanded_url": "https://twitter.com/Mariska/status/1076248496628473861", "display_url": "twitter.com/Mariska/status\u2026"}]}, "referenced_tweets": [{"type": "quoted", "id": "1076248496628473861"}], "created_at": "2018-12-22T23:15:30.000Z", "text": "3 out of 50..... we got work to do! https://t.co/kSzTnvZMV7", "id": "1076617252965761024", "public_metrics": {"retweet_count": 50, "reply_count": 10, "like_count": 437, "quote_count": 0}, "author": {"username": "realamberheard", "created_at": "2016-12-08T23:26:58.000Z", "profile_image_url": "https://pbs.twimg.com/profile_images/1383196364792680448/N8CdupEu_normal.jpg", "name": "Amber Heard", "public_metrics": {"followers_count": 190462, "following_count": 220, "tweet_count": 1151, "listed_count": 567}, "description": "Actor and Activist, semi-professional disruptor, ice cream advocate and shameless teacup yorkie-lover", "id": "807003567605227520", "url": "https://t.co/Ze18Ek9SOI", "location": "Los Angeles, CA"}}, "author": {"username": "PhanTun15992391", "created_at": "2018-12-16T15:26:53.000Z", "profile_image_url": "https://abs.twimg.com/sticky/default_profile_images/default_profile_normal.png", "name": "Phan Tu\u0300ng", "public_metrics": {"followers_count": 0, "following_count": 6, "tweet_count": 16, "listed_count": 0}, "description": "", "id": "1074324993327095808", "url": ""}}, {"author_id": "4396120342", "lang": "und", "source": "Twitter for Android", "in_reply_to_user_id": "807003567605227520", "entities": {"urls": [{"start": 16, "end": 39, "url": "https://t.co/kjTkc8pjJ9", "expanded_url": "https://twitter.com/stirgussa/status/1076630288799797259/photo/1", "display_url": "pic.twitter.com/kjTkc8pjJ9"}], "mentions": [{"start": 0, "end": 15, "username": "realamberheard", "id": "807003567605227520"}]}, "referenced_tweets": [{"type": "replied_to", "id": "1076617252965761024"}], "created_at": "2018-12-23T00:07:18.000Z", "text": "@realamberheard https://t.co/kjTkc8pjJ9", "id": "1076630288799797259", "public_metrics": {"retweet_count": 0, "reply_count": 0, "like_count": 4, "quote_count": 0}, "replied_tweet": {"author_id": "807003567605227520", "lang": "en", "source": "Twitter for iPad", "entities": {"urls": [{"start": 36, "end": 59, "url": "https://t.co/kSzTnvZMV7", "expanded_url": "https://twitter.com/Mariska/status/1076248496628473861", "display_url": "twitter.com/Mariska/status\u2026"}]}, "referenced_tweets": [{"type": "quoted", "id": "1076248496628473861"}], "created_at": "2018-12-22T23:15:30.000Z", "text": "3 out of 50..... we got work to do! https://t.co/kSzTnvZMV7", "id": "1076617252965761024", "public_metrics": {"retweet_count": 50, "reply_count": 10, "like_count": 437, "quote_count": 0}, "author": {"username": "realamberheard", "created_at": "2016-12-08T23:26:58.000Z", "profile_image_url": "https://pbs.twimg.com/profile_images/1383196364792680448/N8CdupEu_normal.jpg", "name": "Amber Heard", "public_metrics": {"followers_count": 190462, "following_count": 220, "tweet_count": 1151, "listed_count": 567}, "description": "Actor and Activist, semi-professional disruptor, ice cream advocate and shameless teacup yorkie-lover", "id": "807003567605227520", "url": "https://t.co/Ze18Ek9SOI", "location": "Los Angeles, CA"}}, "author": {"username": "stirgussa", "created_at": "2015-12-06T17:21:06.000Z", "profile_image_url": "https://pbs.twimg.com/profile_images/1378175478478082050/UKLiQPuk_normal.jpg", "name": "STIRGUS SACCHETTI", "public_metrics": {"followers_count": 678, "following_count": 296, "tweet_count": 58624, "listed_count": 26}, "description": "Only two things are infinite, the universe and human stupidity, and I'm not sure about the former. - Albert Einstein and Me!", "id": "4396120342", "url": ""}}, {"author_id": "1048681219746140162", "lang": "en", "source": "Twitter Web App", "in_reply_to_user_id": "807003567605227520", "entities": {"urls": [{"start": 134, "end": 157, "url": "https://t.co/RNqPoWS6My", "expanded_url": "https://www.google.com/amp/s/amp.cnn.com/cnn/2018/12/03/health/rape-kit-destroyed-reaction-springfield-missouri-invs/index.html", "display_url": "google.com/amp/s/amp.cnn.\u2026", "status": 200, "unwound_url": "https://cdn.cnn.com/cnn/ampfiles/ampbanner/cnn-app-banner-manifest.json"}], "mentions": [{"start": 0, "end": 15, "username": "realamberheard", "id": "807003567605227520"}]}, "referenced_tweets": [{"type": "replied_to", "id": "1076617252965761024"}], "created_at": "2018-12-22T23:29:00.000Z", "text": "@realamberheard After repeated phone calls from a bunch of us for the past 6 months over this my hometown is finally doing something \nhttps://t.co/RNqPoWS6My", "id": "1076620651019100162", "public_metrics": {"retweet_count": 0, "reply_count": 0, "like_count": 0, "quote_count": 0}, "replied_tweet": {"author_id": "807003567605227520", "lang": "en", "source": "Twitter for iPad", "entities": {"urls": [{"start": 36, "end": 59, "url": "https://t.co/kSzTnvZMV7", "expanded_url": "https://twitter.com/Mariska/status/1076248496628473861", "display_url": "twitter.com/Mariska/status\u2026"}]}, "referenced_tweets": [{"type": "quoted", "id": "1076248496628473861"}], "created_at": "2018-12-22T23:15:30.000Z", "text": "3 out of 50..... we got work to do! https://t.co/kSzTnvZMV7", "id": "1076617252965761024", "public_metrics": {"retweet_count": 50, "reply_count": 10, "like_count": 437, "quote_count": 0}, "author": {"username": "realamberheard", "created_at": "2016-12-08T23:26:58.000Z", "profile_image_url": "https://pbs.twimg.com/profile_images/1383196364792680448/N8CdupEu_normal.jpg", "name": "Amber Heard", "public_metrics": {"followers_count": 190462, "following_count": 220, "tweet_count": 1151, "listed_count": 567}, "description": "Actor and Activist, semi-professional disruptor, ice cream advocate and shameless teacup yorkie-lover", "id": "807003567605227520", "url": "https://t.co/Ze18Ek9SOI", "location": "Los Angeles, CA"}}, "author": {"username": "TheRealKevinTE", "created_at": "2018-10-06T21:07:41.000Z", "profile_image_url": "https://pbs.twimg.com/profile_images/1502321336148008967/R8OT5wEP_normal.jpg", "name": "Kevin Endicott", "public_metrics": {"followers_count": 66711, "following_count": 57143, "tweet_count": 74969, "listed_count": 66}, "description": "Equality is the only way to create a better future.....\n\n#PickASide\n#RaiseAFist", "id": "1048681219746140162", "url": "", "location": "United States"}}, {"author_id": "1048681219746140162", "entities": {"annotations": [{"start": 122, "end": 125, "probability": 0.8565, "type": "Place", "normalized_text": "U.S."}], "mentions": [{"start": 0, "end": 15, "username": "realamberheard", "id": "807003567605227520"}]}, "lang": "en", "source": "Twitter Web App", "in_reply_to_user_id": "807003567605227520", "referenced_tweets": [{"type": "replied_to", "id": "1076617252965761024"}], "created_at": "2018-12-22T23:22:56.000Z", "text": "@realamberheard It's sad also that we care more about a wall to shutdown our government than fixing REAL problems here .. U.S.A is a fucking walking contradiction", "id": "1076619123961090048", "public_metrics": {"retweet_count": 0, "reply_count": 0, "like_count": 0, "quote_count": 0}, "replied_tweet": {"author_id": "807003567605227520", "lang": "en", "source": "Twitter for iPad", "entities": {"urls": [{"start": 36, "end": 59, "url": "https://t.co/kSzTnvZMV7", "expanded_url": "https://twitter.com/Mariska/status/1076248496628473861", "display_url": "twitter.com/Mariska/status\u2026"}]}, "referenced_tweets": [{"type": "quoted", "id": "1076248496628473861"}], "created_at": "2018-12-22T23:15:30.000Z", "text": "3 out of 50..... we got work to do! https://t.co/kSzTnvZMV7", "id": "1076617252965761024", "public_metrics": {"retweet_count": 50, "reply_count": 10, "like_count": 437, "quote_count": 0}, "author": {"username": "realamberheard", "created_at": "2016-12-08T23:26:58.000Z", "profile_image_url": "https://pbs.twimg.com/profile_images/1383196364792680448/N8CdupEu_normal.jpg", "name": "Amber Heard", "public_metrics": {"followers_count": 190462, "following_count": 220, "tweet_count": 1151, "listed_count": 567}, "description": "Actor and Activist, semi-professional disruptor, ice cream advocate and shameless teacup yorkie-lover", "id": "807003567605227520", "url": "https://t.co/Ze18Ek9SOI", "location": "Los Angeles, CA"}}, "author": {"username": "TheRealKevinTE", "created_at": "2018-10-06T21:07:41.000Z", "profile_image_url": "https://pbs.twimg.com/profile_images/1502321336148008967/R8OT5wEP_normal.jpg", "name": "Kevin Endicott", "public_metrics": {"followers_count": 66711, "following_count": 57143, "tweet_count": 74969, "listed_count": 66}, "description": "Equality is the only way to create a better future.....\n\n#PickASide\n#RaiseAFist", "id": "1048681219746140162", "url": "", "location": "United States"}}, {"author_id": "1048681219746140162", "lang": "en", "source": "Twitter Web App", "in_reply_to_user_id": "807003567605227520", "referenced_tweets": [{"type": "replied_to", "id": "1076617252965761024"}], "created_at": "2018-12-22T23:20:45.000Z", "text": "@realamberheard What is taking so long at least 20 more states have been pondering rapes kit testing reform since 2014.. smdh  we need a bigger campaign presence.. I'm on board", "entities": {"mentions": [{"start": 0, "end": 15, "username": "realamberheard", "id": "807003567605227520"}]}, "id": "1076618573563465728", "public_metrics": {"retweet_count": 0, "reply_count": 0, "like_count": 1, "quote_count": 0}, "replied_tweet": {"author_id": "807003567605227520", "lang": "en", "source": "Twitter for iPad", "entities": {"urls": [{"start": 36, "end": 59, "url": "https://t.co/kSzTnvZMV7", "expanded_url": "https://twitter.com/Mariska/status/1076248496628473861", "display_url": "twitter.com/Mariska/status\u2026"}]}, "referenced_tweets": [{"type": "quoted", "id": "1076248496628473861"}], "created_at": "2018-12-22T23:15:30.000Z", "text": "3 out of 50..... we got work to do! https://t.co/kSzTnvZMV7", "id": "1076617252965761024", "public_metrics": {"retweet_count": 50, "reply_count": 10, "like_count": 437, "quote_count": 0}, "author": {"username": "realamberheard", "created_at": "2016-12-08T23:26:58.000Z", "profile_image_url": "https://pbs.twimg.com/profile_images/1383196364792680448/N8CdupEu_normal.jpg", "name": "Amber Heard", "public_metrics": {"followers_count": 190462, "following_count": 220, "tweet_count": 1151, "listed_count": 567}, "description": "Actor and Activist, semi-professional disruptor, ice cream advocate and shameless teacup yorkie-lover", "id": "807003567605227520", "url": "https://t.co/Ze18Ek9SOI", "location": "Los Angeles, CA"}}, "author": {"username": "TheRealKevinTE", "created_at": "2018-10-06T21:07:41.000Z", "profile_image_url": "https://pbs.twimg.com/profile_images/1502321336148008967/R8OT5wEP_normal.jpg", "name": "Kevin Endicott", "public_metrics": {"followers_count": 66711, "following_count": 57143, "tweet_count": 74969, "listed_count": 66}, "description": "Equality is the only way to create a better future.....\n\n#PickASide\n#RaiseAFist", "id": "1048681219746140162", "url": "", "location": "United States"}}, {"author_id": "855471198905536512", "lang": "en", "source": "Twitter Web Client", "in_reply_to_user_id": "807003567605227520", "referenced_tweets": [{"type": "replied_to", "id": "1076617252965761024"}], "created_at": "2018-12-22T23:20:35.000Z", "text": "@realamberheard there is  lot to do but together we can work for more rights and justice", "entities": {"mentions": [{"start": 0, "end": 15, "username": "realamberheard", "id": "807003567605227520"}]}, "id": "1076618534447443974", "public_metrics": {"retweet_count": 0, "reply_count": 0, "like_count": 1, "quote_count": 0}, "replied_tweet": {"author_id": "807003567605227520", "lang": "en", "source": "Twitter for iPad", "entities": {"urls": [{"start": 36, "end": 59, "url": "https://t.co/kSzTnvZMV7", "expanded_url": "https://twitter.com/Mariska/status/1076248496628473861", "display_url": "twitter.com/Mariska/status\u2026"}]}, "referenced_tweets": [{"type": "quoted", "id": "1076248496628473861"}], "created_at": "2018-12-22T23:15:30.000Z", "text": "3 out of 50..... we got work to do! https://t.co/kSzTnvZMV7", "id": "1076617252965761024", "public_metrics": {"retweet_count": 50, "reply_count": 10, "like_count": 437, "quote_count": 0}, "author": {"username": "realamberheard", "created_at": "2016-12-08T23:26:58.000Z", "profile_image_url": "https://pbs.twimg.com/profile_images/1383196364792680448/N8CdupEu_normal.jpg", "name": "Amber Heard", "public_metrics": {"followers_count": 190462, "following_count": 220, "tweet_count": 1151, "listed_count": 567}, "description": "Actor and Activist, semi-professional disruptor, ice cream advocate and shameless teacup yorkie-lover", "id": "807003567605227520", "url": "https://t.co/Ze18Ek9SOI", "location": "Los Angeles, CA"}}, "author": {"username": "planet_emeraude", "created_at": "2017-04-21T17:20:02.000Z", "profile_image_url": "https://pbs.twimg.com/profile_images/1503082598930735108/a1v51xt6_normal.jpg", "name": "PlanetEmerald", "public_metrics": {"followers_count": 68, "following_count": 75, "tweet_count": 5673, "listed_count": 0}, "description": "Don't worry about what others think. Most people are always negative,don't let it bother you\ud83c\udf38\ud83c\udf3f\ud83c\udff3\ufe0f\u200d\ud83c\udf08Talking about feelings can and does help people to feel better", "id": "855471198905536512", "url": "", "location": "Atlantis  "}}]