[{"created_at": "2019-02-16T21:48:39.000Z", "source": "Twitter Web App", "referenced_tweets": [{"type": "replied_to", "id": "1077976331411873793"}], "lang": "en", "id": "1096889115964895233", "entities": {"mentions": [{"start": 0, "end": 15, "username": "realamberheard", "id": "807003567605227520"}, {"start": 16, "end": 25, "username": "UN_Women", "id": "17137628"}]}, "in_reply_to_user_id": "807003567605227520", "text": "@realamberheard @UN_Women Nice sister", "author_id": "1096878887227744256", "public_metrics": {"retweet_count": 0, "reply_count": 0, "like_count": 0, "quote_count": 0}, "replied_tweet": {"created_at": "2018-12-26T17:15:59.000Z", "source": "Twitter for iPhone", "referenced_tweets": [{"type": "quoted", "id": "1077890541956800515"}], "entities": {"hashtags": [{"start": 53, "end": 69, "tag": "WednesdayWisdom"}], "urls": [{"start": 70, "end": 93, "url": "https://t.co/u8hXdhxkWA", "expanded_url": "https://twitter.com/UN_Women/status/1077890541956800515", "display_url": "twitter.com/UN_Women/statu\u2026"}], "mentions": [{"start": 7, "end": 16, "username": "UN_Women", "id": "17137628"}]}, "lang": "en", "id": "1077976331411873793", "text": "Thanks @UN_Women ! Proud to be able to contribute to #WednesdayWisdom https://t.co/u8hXdhxkWA", "author_id": "807003567605227520", "public_metrics": {"retweet_count": 151, "reply_count": 40, "like_count": 1217, "quote_count": 2}, "author": {"url": "https://t.co/Ze18Ek9SOI", "username": "realamberheard", "description": "Actor and Activist, semi-professional disruptor, ice cream advocate and shameless teacup yorkie-lover", "id": "807003567605227520", "location": "Los Angeles, CA", "profile_image_url": "https://pbs.twimg.com/profile_images/1383196364792680448/N8CdupEu_normal.jpg", "created_at": "2016-12-08T23:26:58.000Z", "public_metrics": {"followers_count": 190462, "following_count": 220, "tweet_count": 1151, "listed_count": 567}, "name": "Amber Heard"}}, "author": {"url": "", "username": "Sonydas26507960", "description": "", "id": "1096878887227744256", "profile_image_url": "https://abs.twimg.com/sticky/default_profile_images/default_profile_normal.png", "created_at": "2019-02-16T21:08:00.000Z", "public_metrics": {"followers_count": 0, "following_count": 1, "tweet_count": 13, "listed_count": 0}, "name": "Sony das"}}, {"created_at": "2019-01-07T10:42:56.000Z", "source": "Twitter for iPhone", "referenced_tweets": [{"type": "replied_to", "id": "1078002331738877954"}], "entities": {"hashtags": [{"start": 152, "end": 157, "tag": "Name"}, {"start": 182, "end": 197, "tag": "josefoundation"}], "urls": [{"start": 199, "end": 222, "url": "https://t.co/zzeUXPXtn8", "expanded_url": "https://twitter.com/josefoundation/status/1082226068965212160/photo/1", "display_url": "pic.twitter.com/zzeUXPXtn8"}], "mentions": [{"start": 0, "end": 9, "username": "UN_Women", "id": "17137628"}, {"start": 10, "end": 25, "username": "realamberheard", "id": "807003567605227520"}]}, "lang": "en", "id": "1082226068965212160", "in_reply_to_user_id": "17137628", "text": "@UN_Women @realamberheard We continue to monitor all cases of child sexual exploitation for justice to be served and make sure perpetrators are jailed.\n#Name and Shame CSE Movement \n#josefoundation. https://t.co/zzeUXPXtn8", "author_id": "2264675126", "public_metrics": {"retweet_count": 0, "reply_count": 0, "like_count": 0, "quote_count": 0}, "replied_tweet": {"created_at": "2018-12-26T17:15:59.000Z", "source": "Twitter for iPhone", "referenced_tweets": [{"type": "quoted", "id": "1077890541956800515"}], "entities": {"hashtags": [{"start": 53, "end": 69, "tag": "WednesdayWisdom"}], "urls": [{"start": 70, "end": 93, "url": "https://t.co/u8hXdhxkWA", "expanded_url": "https://twitter.com/UN_Women/status/1077890541956800515", "display_url": "twitter.com/UN_Women/statu\u2026"}], "mentions": [{"start": 7, "end": 16, "username": "UN_Women", "id": "17137628"}]}, "lang": "en", "id": "1077976331411873793", "text": "Thanks @UN_Women ! Proud to be able to contribute to #WednesdayWisdom https://t.co/u8hXdhxkWA", "author_id": "807003567605227520", "public_metrics": {"retweet_count": 151, "reply_count": 40, "like_count": 1217, "quote_count": 2}, "author": {"url": "https://t.co/Ze18Ek9SOI", "username": "realamberheard", "description": "Actor and Activist, semi-professional disruptor, ice cream advocate and shameless teacup yorkie-lover", "id": "807003567605227520", "location": "Los Angeles, CA", "profile_image_url": "https://pbs.twimg.com/profile_images/1383196364792680448/N8CdupEu_normal.jpg", "created_at": "2016-12-08T23:26:58.000Z", "public_metrics": {"followers_count": 190462, "following_count": 220, "tweet_count": 1151, "listed_count": 567}, "name": "Amber Heard"}}, "author": {"url": "https://t.co/rc9W85cPKx", "username": "josefoundation", "description": "CHILD RIGHTS Activist,", "id": "2264675126", "location": "London, England", "profile_image_url": "https://pbs.twimg.com/profile_images/1032978771991834624/6EUEqroz_normal.jpg", "created_at": "2013-12-27T17:29:07.000Z", "public_metrics": {"followers_count": 955, "following_count": 4989, "tweet_count": 21434, "listed_count": 0}, "name": "Josefoundation"}}, {"created_at": "2019-01-07T10:00:23.000Z", "source": "Twitter for iPhone", "referenced_tweets": [{"type": "replied_to", "id": "1077976331411873793"}], "lang": "en", "id": "1082215361259352064", "entities": {"mentions": [{"start": 0, "end": 15, "username": "realamberheard", "id": "807003567605227520"}], "annotations": [{"start": 27, "end": 31, "probability": 0.8868, "type": "Place", "normalized_text": "Texas"}]}, "in_reply_to_user_id": "807003567605227520", "text": "@realamberheard The blonde Texas bitch will eat you alive", "author_id": "750573905853747201", "public_metrics": {"retweet_count": 0, "reply_count": 0, "like_count": 0, "quote_count": 0}, "replied_tweet": {"created_at": "2018-12-26T17:15:59.000Z", "source": "Twitter for iPhone", "referenced_tweets": [{"type": "quoted", "id": "1077890541956800515"}], "entities": {"hashtags": [{"start": 53, "end": 69, "tag": "WednesdayWisdom"}], "urls": [{"start": 70, "end": 93, "url": "https://t.co/u8hXdhxkWA", "expanded_url": "https://twitter.com/UN_Women/status/1077890541956800515", "display_url": "twitter.com/UN_Women/statu\u2026"}], "mentions": [{"start": 7, "end": 16, "username": "UN_Women", "id": "17137628"}]}, "lang": "en", "id": "1077976331411873793", "text": "Thanks @UN_Women ! Proud to be able to contribute to #WednesdayWisdom https://t.co/u8hXdhxkWA", "author_id": "807003567605227520", "public_metrics": {"retweet_count": 151, "reply_count": 40, "like_count": 1217, "quote_count": 2}, "author": {"url": "https://t.co/Ze18Ek9SOI", "username": "realamberheard", "description": "Actor and Activist, semi-professional disruptor, ice cream advocate and shameless teacup yorkie-lover", "id": "807003567605227520", "location": "Los Angeles, CA", "profile_image_url": "https://pbs.twimg.com/profile_images/1383196364792680448/N8CdupEu_normal.jpg", "created_at": "2016-12-08T23:26:58.000Z", "public_metrics": {"followers_count": 190462, "following_count": 220, "tweet_count": 1151, "listed_count": 567}, "name": "Amber Heard"}}, "author": {"url": "", "username": "boyka520", "description": "shot", "id": "750573905853747201", "location": "Los Angeles, CA", "profile_image_url": "https://pbs.twimg.com/profile_images/865028561626845184/6cDWGf0H_normal.jpg", "created_at": "2016-07-06T06:15:38.000Z", "public_metrics": {"followers_count": 2, "following_count": 53, "tweet_count": 12, "listed_count": 0}, "name": "Boyka"}}, {"created_at": "2019-01-05T04:13:30.000Z", "source": "Twitter for iPhone", "referenced_tweets": [{"type": "replied_to", "id": "1077976331411873793"}], "lang": "en", "id": "1081403288820563968", "entities": {"mentions": [{"start": 0, "end": 15, "username": "realamberheard", "id": "807003567605227520"}, {"start": 16, "end": 25, "username": "UN_Women", "id": "17137628"}], "annotations": [{"start": 30, "end": 34, "probability": 0.8893, "type": "Person", "normalized_text": "Amber"}, {"start": 68, "end": 74, "probability": 0.5805, "type": "Other", "normalized_text": "Aquaman"}]}, "in_reply_to_user_id": "807003567605227520", "text": "@realamberheard @UN_Women Wow Amber my crush good work there in the Aquaman movie thanks for making our man my king rule Atlantis you are really meta \u2764\ufe0f\ud83d\ude18\ud83d\udd31", "author_id": "1081396619508105216", "public_metrics": {"retweet_count": 0, "reply_count": 0, "like_count": 0, "quote_count": 0}, "replied_tweet": {"created_at": "2018-12-26T17:15:59.000Z", "source": "Twitter for iPhone", "referenced_tweets": [{"type": "quoted", "id": "1077890541956800515"}], "entities": {"hashtags": [{"start": 53, "end": 69, "tag": "WednesdayWisdom"}], "urls": [{"start": 70, "end": 93, "url": "https://t.co/u8hXdhxkWA", "expanded_url": "https://twitter.com/UN_Women/status/1077890541956800515", "display_url": "twitter.com/UN_Women/statu\u2026"}], "mentions": [{"start": 7, "end": 16, "username": "UN_Women", "id": "17137628"}]}, "lang": "en", "id": "1077976331411873793", "text": "Thanks @UN_Women ! Proud to be able to contribute to #WednesdayWisdom https://t.co/u8hXdhxkWA", "author_id": "807003567605227520", "public_metrics": {"retweet_count": 151, "reply_count": 40, "like_count": 1217, "quote_count": 2}, "author": {"url": "https://t.co/Ze18Ek9SOI", "username": "realamberheard", "description": "Actor and Activist, semi-professional disruptor, ice cream advocate and shameless teacup yorkie-lover", "id": "807003567605227520", "location": "Los Angeles, CA", "profile_image_url": "https://pbs.twimg.com/profile_images/1383196364792680448/N8CdupEu_normal.jpg", "created_at": "2016-12-08T23:26:58.000Z", "public_metrics": {"followers_count": 190462, "following_count": 220, "tweet_count": 1151, "listed_count": 567}, "name": "Amber Heard"}}, "author": {"url": "", "username": "Seavon4", "description": "", "id": "1081396619508105216", "profile_image_url": "https://pbs.twimg.com/profile_images/1082878979101638656/qdbtxo7j_normal.jpg", "created_at": "2019-01-05T03:47:00.000Z", "public_metrics": {"followers_count": 19, "following_count": 179, "tweet_count": 24, "listed_count": 0}, "name": "Seavon"}}, {"created_at": "2019-01-04T17:50:55.000Z", "source": "Twitter Web App", "referenced_tweets": [{"type": "replied_to", "id": "1077976331411873793"}], "entities": {"urls": [{"start": 149, "end": 172, "url": "https://t.co/BeMThFrfrw", "expanded_url": "http://else.To", "display_url": "else.To"}], "mentions": [{"start": 0, "end": 15, "username": "realamberheard", "id": "807003567605227520"}, {"start": 16, "end": 25, "username": "UN_Women", "id": "17137628"}], "annotations": [{"start": 116, "end": 121, "probability": 0.9688, "type": "Person", "normalized_text": "Johnny"}]}, "lang": "en", "id": "1081246611966181376", "in_reply_to_user_id": "807003567605227520", "text": "@realamberheard @UN_Women This again......I thought you would forget that but as I supposed you keep talking about  Johnny.Please try with something https://t.co/BeMThFrfrw get powerful characters takes audictions and talent,not lies.", "author_id": "1049334894059573248", "public_metrics": {"retweet_count": 0, "reply_count": 0, "like_count": 0, "quote_count": 0}, "replied_tweet": {"created_at": "2018-12-26T17:15:59.000Z", "source": "Twitter for iPhone", "referenced_tweets": [{"type": "quoted", "id": "1077890541956800515"}], "entities": {"hashtags": [{"start": 53, "end": 69, "tag": "WednesdayWisdom"}], "urls": [{"start": 70, "end": 93, "url": "https://t.co/u8hXdhxkWA", "expanded_url": "https://twitter.com/UN_Women/status/1077890541956800515", "display_url": "twitter.com/UN_Women/statu\u2026"}], "mentions": [{"start": 7, "end": 16, "username": "UN_Women", "id": "17137628"}]}, "lang": "en", "id": "1077976331411873793", "text": "Thanks @UN_Women ! Proud to be able to contribute to #WednesdayWisdom https://t.co/u8hXdhxkWA", "author_id": "807003567605227520", "public_metrics": {"retweet_count": 151, "reply_count": 40, "like_count": 1217, "quote_count": 2}, "author": {"url": "https://t.co/Ze18Ek9SOI", "username": "realamberheard", "description": "Actor and Activist, semi-professional disruptor, ice cream advocate and shameless teacup yorkie-lover", "id": "807003567605227520", "location": "Los Angeles, CA", "profile_image_url": "https://pbs.twimg.com/profile_images/1383196364792680448/N8CdupEu_normal.jpg", "created_at": "2016-12-08T23:26:58.000Z", "public_metrics": {"followers_count": 190462, "following_count": 220, "tweet_count": 1151, "listed_count": 567}, "name": "Amber Heard"}}, "author": {"url": "", "username": "franckyfb3", "description": "JD's fan since 1988.", "id": "1049334894059573248", "profile_image_url": "https://pbs.twimg.com/profile_images/1464300371094945803/izpAfrVe_normal.jpg", "created_at": "2018-10-08T16:25:09.000Z", "public_metrics": {"followers_count": 81, "following_count": 77, "tweet_count": 3364, "listed_count": 0}, "name": "francky.fb #justiceforjohnnydepp"}}, {"created_at": "2018-12-29T19:39:42.000Z", "source": "Twitter for Android", "referenced_tweets": [{"type": "replied_to", "id": "1077976331411873793"}], "lang": "en", "id": "1079099660420239360", "entities": {"mentions": [{"start": 0, "end": 15, "username": "realamberheard", "id": "807003567605227520"}, {"start": 16, "end": 25, "username": "UN_Women", "id": "17137628"}]}, "in_reply_to_user_id": "807003567605227520", "text": "@realamberheard @UN_Women Wow you're a looser\nYou're a man hating femonist!!!", "author_id": "829420397774897153", "public_metrics": {"retweet_count": 0, "reply_count": 0, "like_count": 1, "quote_count": 0}, "replied_tweet": {"created_at": "2018-12-26T17:15:59.000Z", "source": "Twitter for iPhone", "referenced_tweets": [{"type": "quoted", "id": "1077890541956800515"}], "entities": {"hashtags": [{"start": 53, "end": 69, "tag": "WednesdayWisdom"}], "urls": [{"start": 70, "end": 93, "url": "https://t.co/u8hXdhxkWA", "expanded_url": "https://twitter.com/UN_Women/status/1077890541956800515", "display_url": "twitter.com/UN_Women/statu\u2026"}], "mentions": [{"start": 7, "end": 16, "username": "UN_Women", "id": "17137628"}]}, "lang": "en", "id": "1077976331411873793", "text": "Thanks @UN_Women ! Proud to be able to contribute to #WednesdayWisdom https://t.co/u8hXdhxkWA", "author_id": "807003567605227520", "public_metrics": {"retweet_count": 151, "reply_count": 40, "like_count": 1217, "quote_count": 2}, "author": {"url": "https://t.co/Ze18Ek9SOI", "username": "realamberheard", "description": "Actor and Activist, semi-professional disruptor, ice cream advocate and shameless teacup yorkie-lover", "id": "807003567605227520", "location": "Los Angeles, CA", "profile_image_url": "https://pbs.twimg.com/profile_images/1383196364792680448/N8CdupEu_normal.jpg", "created_at": "2016-12-08T23:26:58.000Z", "public_metrics": {"followers_count": 190462, "following_count": 220, "tweet_count": 1151, "listed_count": 567}, "name": "Amber Heard"}}, "author": {"url": "", "username": "The_GroogleR", "description": "(sometimes 18+) wooooewoooohhhhh", "id": "829420397774897153", "location": "United States", "profile_image_url": "https://pbs.twimg.com/profile_images/859991404256296966/16Y2gnOi_normal.jpg", "created_at": "2017-02-08T20:03:27.000Z", "public_metrics": {"followers_count": 34, "following_count": 1094, "tweet_count": 583, "listed_count": 0}, "name": "wiggle"}}, {"created_at": "2018-12-28T20:02:11.000Z", "source": "Twitter for iPhone", "referenced_tweets": [{"type": "replied_to", "id": "1078002331738877954"}], "entities": {"urls": [{"start": 26, "end": 49, "url": "https://t.co/cyiCbEc1bZ", "expanded_url": "https://elombah.com/jose-foundation-partners-uk-surgeon-raweh-on-free-heart-surgery/", "display_url": "elombah.com/jose-foundatio\u2026"}, {"start": 50, "end": 73, "url": "https://t.co/06cqECkfWP", "expanded_url": "https://twitter.com/josefoundation/status/1078742930209280000/photo/1", "display_url": "pic.twitter.com/06cqECkfWP"}], "mentions": [{"start": 0, "end": 9, "username": "UN_Women", "id": "17137628"}, {"start": 10, "end": 25, "username": "realamberheard", "id": "807003567605227520"}]}, "lang": "und", "id": "1078742930209280000", "in_reply_to_user_id": "17137628", "text": "@UN_Women @realamberheard https://t.co/cyiCbEc1bZ https://t.co/06cqECkfWP", "author_id": "2264675126", "public_metrics": {"retweet_count": 0, "reply_count": 0, "like_count": 0, "quote_count": 0}, "replied_tweet": {"created_at": "2018-12-26T17:15:59.000Z", "source": "Twitter for iPhone", "referenced_tweets": [{"type": "quoted", "id": "1077890541956800515"}], "entities": {"hashtags": [{"start": 53, "end": 69, "tag": "WednesdayWisdom"}], "urls": [{"start": 70, "end": 93, "url": "https://t.co/u8hXdhxkWA", "expanded_url": "https://twitter.com/UN_Women/status/1077890541956800515", "display_url": "twitter.com/UN_Women/statu\u2026"}], "mentions": [{"start": 7, "end": 16, "username": "UN_Women", "id": "17137628"}]}, "lang": "en", "id": "1077976331411873793", "text": "Thanks @UN_Women ! Proud to be able to contribute to #WednesdayWisdom https://t.co/u8hXdhxkWA", "author_id": "807003567605227520", "public_metrics": {"retweet_count": 151, "reply_count": 40, "like_count": 1217, "quote_count": 2}, "author": {"url": "https://t.co/Ze18Ek9SOI", "username": "realamberheard", "description": "Actor and Activist, semi-professional disruptor, ice cream advocate and shameless teacup yorkie-lover", "id": "807003567605227520", "location": "Los Angeles, CA", "profile_image_url": "https://pbs.twimg.com/profile_images/1383196364792680448/N8CdupEu_normal.jpg", "created_at": "2016-12-08T23:26:58.000Z", "public_metrics": {"followers_count": 190462, "following_count": 220, "tweet_count": 1151, "listed_count": 567}, "name": "Amber Heard"}}, "author": {"url": "https://t.co/rc9W85cPKx", "username": "josefoundation", "description": "CHILD RIGHTS Activist,", "id": "2264675126", "location": "London, England", "profile_image_url": "https://pbs.twimg.com/profile_images/1032978771991834624/6EUEqroz_normal.jpg", "created_at": "2013-12-27T17:29:07.000Z", "public_metrics": {"followers_count": 955, "following_count": 4989, "tweet_count": 21434, "listed_count": 0}, "name": "Josefoundation"}}, {"created_at": "2018-12-28T17:43:12.000Z", "source": "Twitter Web Client", "referenced_tweets": [{"type": "replied_to", "id": "1077976331411873793"}], "lang": "en", "id": "1078707953631461378", "entities": {"mentions": [{"start": 0, "end": 15, "username": "realamberheard", "id": "807003567605227520"}, {"start": 16, "end": 25, "username": "UN_Women", "id": "17137628"}], "annotations": [{"start": 26, "end": 30, "probability": 0.8999, "type": "Person", "normalized_text": "AMBER"}]}, "in_reply_to_user_id": "807003567605227520", "text": "@realamberheard @UN_Women AMBER HEARD is trash", "author_id": "1024479075832942593", "public_metrics": {"retweet_count": 0, "reply_count": 0, "like_count": 6, "quote_count": 0}, "replied_tweet": {"created_at": "2018-12-26T17:15:59.000Z", "source": "Twitter for iPhone", "referenced_tweets": [{"type": "quoted", "id": "1077890541956800515"}], "entities": {"hashtags": [{"start": 53, "end": 69, "tag": "WednesdayWisdom"}], "urls": [{"start": 70, "end": 93, "url": "https://t.co/u8hXdhxkWA", "expanded_url": "https://twitter.com/UN_Women/status/1077890541956800515", "display_url": "twitter.com/UN_Women/statu\u2026"}], "mentions": [{"start": 7, "end": 16, "username": "UN_Women", "id": "17137628"}]}, "lang": "en", "id": "1077976331411873793", "text": "Thanks @UN_Women ! Proud to be able to contribute to #WednesdayWisdom https://t.co/u8hXdhxkWA", "author_id": "807003567605227520", "public_metrics": {"retweet_count": 151, "reply_count": 40, "like_count": 1217, "quote_count": 2}, "author": {"url": "https://t.co/Ze18Ek9SOI", "username": "realamberheard", "description": "Actor and Activist, semi-professional disruptor, ice cream advocate and shameless teacup yorkie-lover", "id": "807003567605227520", "location": "Los Angeles, CA", "profile_image_url": "https://pbs.twimg.com/profile_images/1383196364792680448/N8CdupEu_normal.jpg", "created_at": "2016-12-08T23:26:58.000Z", "public_metrics": {"followers_count": 190462, "following_count": 220, "tweet_count": 1151, "listed_count": 567}, "name": "Amber Heard"}}, "author": {"url": "", "username": "JakerSnakerYT", "description": "", "id": "1024479075832942593", "location": "USA", "profile_image_url": "https://pbs.twimg.com/profile_images/1171222161538899968/4omKjox__normal.jpg", "created_at": "2018-08-01T02:17:00.000Z", "public_metrics": {"followers_count": 16, "following_count": 191, "tweet_count": 82, "listed_count": 0}, "name": "why"}}, {"created_at": "2018-12-28T02:45:20.000Z", "source": "Twitter for iPhone", "referenced_tweets": [{"type": "replied_to", "id": "1077976331411873793"}], "lang": "en", "id": "1078481997985603589", "entities": {"mentions": [{"start": 0, "end": 15, "username": "realamberheard", "id": "807003567605227520"}, {"start": 16, "end": 25, "username": "UN_Women", "id": "17137628"}], "annotations": [{"start": 47, "end": 53, "probability": 0.407, "type": "Person", "normalized_text": "Aquaman"}]}, "in_reply_to_user_id": "807003567605227520", "text": "@realamberheard @UN_Women Congratulations and \u201cAquaman\u201d was a very good movie. In my opinion movie of the year.  Great acting \ud83d\ude00", "author_id": "59283911", "public_metrics": {"retweet_count": 0, "reply_count": 0, "like_count": 0, "quote_count": 0}, "replied_tweet": {"created_at": "2018-12-26T17:15:59.000Z", "source": "Twitter for iPhone", "referenced_tweets": [{"type": "quoted", "id": "1077890541956800515"}], "entities": {"hashtags": [{"start": 53, "end": 69, "tag": "WednesdayWisdom"}], "urls": [{"start": 70, "end": 93, "url": "https://t.co/u8hXdhxkWA", "expanded_url": "https://twitter.com/UN_Women/status/1077890541956800515", "display_url": "twitter.com/UN_Women/statu\u2026"}], "mentions": [{"start": 7, "end": 16, "username": "UN_Women", "id": "17137628"}]}, "lang": "en", "id": "1077976331411873793", "text": "Thanks @UN_Women ! Proud to be able to contribute to #WednesdayWisdom https://t.co/u8hXdhxkWA", "author_id": "807003567605227520", "public_metrics": {"retweet_count": 151, "reply_count": 40, "like_count": 1217, "quote_count": 2}, "author": {"url": "https://t.co/Ze18Ek9SOI", "username": "realamberheard", "description": "Actor and Activist, semi-professional disruptor, ice cream advocate and shameless teacup yorkie-lover", "id": "807003567605227520", "location": "Los Angeles, CA", "profile_image_url": "https://pbs.twimg.com/profile_images/1383196364792680448/N8CdupEu_normal.jpg", "created_at": "2016-12-08T23:26:58.000Z", "public_metrics": {"followers_count": 190462, "following_count": 220, "tweet_count": 1151, "listed_count": 567}, "name": "Amber Heard"}}, "author": {"url": "https://t.co/33HKYHfb3G", "username": "FlashTheRacer", "description": "God First|Rapper.NASCAR DRIVER/YouTuber/Actor.The 1\u2019s Who Put Me Last Gon Put Me 1st! Do Better, Be Better! I don\u2019t discriminate any1 or God\u2019s walk of life. \u270a\ud83c\udffd", "id": "59283911", "location": "Racing at a NASCAR Track Near You", "profile_image_url": "https://pbs.twimg.com/profile_images/831048027531939840/TwjjPKV8_normal.jpg", "created_at": "2009-07-22T23:12:10.000Z", "public_metrics": {"followers_count": 34161, "following_count": 36696, "tweet_count": 45600, "listed_count": 1724}, "name": "\u26a1\ufe0fFLASH (A Child of God.)\u26a1\ufe0f"}}, {"created_at": "2018-12-28T00:24:19.000Z", "source": "Twitter Web App", "referenced_tweets": [{"type": "replied_to", "id": "1077976331411873793"}], "lang": "en", "id": "1078446512743411712", "entities": {"mentions": [{"start": 0, "end": 15, "username": "realamberheard", "id": "807003567605227520"}, {"start": 16, "end": 25, "username": "UN_Women", "id": "17137628"}]}, "in_reply_to_user_id": "807003567605227520", "text": "@realamberheard @UN_Women You\u2019re my favorite\ud83d\udc96", "author_id": "957947512538595329", "public_metrics": {"retweet_count": 0, "reply_count": 0, "like_count": 0, "quote_count": 0}, "replied_tweet": {"created_at": "2018-12-26T17:15:59.000Z", "source": "Twitter for iPhone", "referenced_tweets": [{"type": "quoted", "id": "1077890541956800515"}], "entities": {"hashtags": [{"start": 53, "end": 69, "tag": "WednesdayWisdom"}], "urls": [{"start": 70, "end": 93, "url": "https://t.co/u8hXdhxkWA", "expanded_url": "https://twitter.com/UN_Women/status/1077890541956800515", "display_url": "twitter.com/UN_Women/statu\u2026"}], "mentions": [{"start": 7, "end": 16, "username": "UN_Women", "id": "17137628"}]}, "lang": "en", "id": "1077976331411873793", "text": "Thanks @UN_Women ! Proud to be able to contribute to #WednesdayWisdom https://t.co/u8hXdhxkWA", "author_id": "807003567605227520", "public_metrics": {"retweet_count": 151, "reply_count": 40, "like_count": 1217, "quote_count": 2}, "author": {"url": "https://t.co/Ze18Ek9SOI", "username": "realamberheard", "description": "Actor and Activist, semi-professional disruptor, ice cream advocate and shameless teacup yorkie-lover", "id": "807003567605227520", "location": "Los Angeles, CA", "profile_image_url": "https://pbs.twimg.com/profile_images/1383196364792680448/N8CdupEu_normal.jpg", "created_at": "2016-12-08T23:26:58.000Z", "public_metrics": {"followers_count": 190462, "following_count": 220, "tweet_count": 1151, "listed_count": 567}, "name": "Amber Heard"}}, "author": {"url": "", "username": "SimonSoo99", "description": "", "id": "957947512538595329", "profile_image_url": "https://pbs.twimg.com/profile_images/1078446693677297669/5G3qQls3_normal.jpg", "created_at": "2018-01-29T12:04:19.000Z", "public_metrics": {"followers_count": 4, "following_count": 59, "tweet_count": 78, "listed_count": 0}, "name": "Simon Soo"}}, {"created_at": "2018-12-27T15:15:23.000Z", "source": "Twitter for Android", "referenced_tweets": [{"type": "replied_to", "id": "1077976331411873793"}], "lang": "en", "id": "1078308368702410752", "entities": {"mentions": [{"start": 0, "end": 15, "username": "realamberheard", "id": "807003567605227520"}, {"start": 16, "end": 25, "username": "UN_Women", "id": "17137628"}]}, "in_reply_to_user_id": "807003567605227520", "text": "@realamberheard @UN_Women Beautiful and smart, you are a real life queen!", "author_id": "298407188", "public_metrics": {"retweet_count": 0, "reply_count": 0, "like_count": 0, "quote_count": 0}, "replied_tweet": {"created_at": "2018-12-26T17:15:59.000Z", "source": "Twitter for iPhone", "referenced_tweets": [{"type": "quoted", "id": "1077890541956800515"}], "entities": {"hashtags": [{"start": 53, "end": 69, "tag": "WednesdayWisdom"}], "urls": [{"start": 70, "end": 93, "url": "https://t.co/u8hXdhxkWA", "expanded_url": "https://twitter.com/UN_Women/status/1077890541956800515", "display_url": "twitter.com/UN_Women/statu\u2026"}], "mentions": [{"start": 7, "end": 16, "username": "UN_Women", "id": "17137628"}]}, "lang": "en", "id": "1077976331411873793", "text": "Thanks @UN_Women ! Proud to be able to contribute to #WednesdayWisdom https://t.co/u8hXdhxkWA", "author_id": "807003567605227520", "public_metrics": {"retweet_count": 151, "reply_count": 40, "like_count": 1217, "quote_count": 2}, "author": {"url": "https://t.co/Ze18Ek9SOI", "username": "realamberheard", "description": "Actor and Activist, semi-professional disruptor, ice cream advocate and shameless teacup yorkie-lover", "id": "807003567605227520", "location": "Los Angeles, CA", "profile_image_url": "https://pbs.twimg.com/profile_images/1383196364792680448/N8CdupEu_normal.jpg", "created_at": "2016-12-08T23:26:58.000Z", "public_metrics": {"followers_count": 190462, "following_count": 220, "tweet_count": 1151, "listed_count": 567}, "name": "Amber Heard"}}, "author": {"url": "", "username": "Raulfuentesfl", "description": "I fall, I rise, I make mistakes, I live, I learn, I've been hurt but I'm alive. I'm human, I'm not perfect but I'm thankful.", "id": "298407188", "location": "M\u00e9xico", "profile_image_url": "https://pbs.twimg.com/profile_images/1121965108077449216/5cH8PXwC_normal.jpg", "created_at": "2011-05-14T08:05:33.000Z", "public_metrics": {"followers_count": 110, "following_count": 346, "tweet_count": 2705, "listed_count": 0}, "name": "Rule this"}}, {"created_at": "2018-12-27T14:05:56.000Z", "source": "Twitter for Android", "referenced_tweets": [{"type": "replied_to", "id": "1077976331411873793"}], "lang": "en", "id": "1078290890895040513", "entities": {"mentions": [{"start": 0, "end": 15, "username": "realamberheard", "id": "807003567605227520"}, {"start": 16, "end": 25, "username": "UN_Women", "id": "17137628"}]}, "in_reply_to_user_id": "807003567605227520", "text": "@realamberheard @UN_Women You're the beautiful Queen at all", "author_id": "1070251399567605760", "public_metrics": {"retweet_count": 0, "reply_count": 0, "like_count": 0, "quote_count": 0}, "replied_tweet": {"created_at": "2018-12-26T17:15:59.000Z", "source": "Twitter for iPhone", "referenced_tweets": [{"type": "quoted", "id": "1077890541956800515"}], "entities": {"hashtags": [{"start": 53, "end": 69, "tag": "WednesdayWisdom"}], "urls": [{"start": 70, "end": 93, "url": "https://t.co/u8hXdhxkWA", "expanded_url": "https://twitter.com/UN_Women/status/1077890541956800515", "display_url": "twitter.com/UN_Women/statu\u2026"}], "mentions": [{"start": 7, "end": 16, "username": "UN_Women", "id": "17137628"}]}, "lang": "en", "id": "1077976331411873793", "text": "Thanks @UN_Women ! Proud to be able to contribute to #WednesdayWisdom https://t.co/u8hXdhxkWA", "author_id": "807003567605227520", "public_metrics": {"retweet_count": 151, "reply_count": 40, "like_count": 1217, "quote_count": 2}, "author": {"url": "https://t.co/Ze18Ek9SOI", "username": "realamberheard", "description": "Actor and Activist, semi-professional disruptor, ice cream advocate and shameless teacup yorkie-lover", "id": "807003567605227520", "location": "Los Angeles, CA", "profile_image_url": "https://pbs.twimg.com/profile_images/1383196364792680448/N8CdupEu_normal.jpg", "created_at": "2016-12-08T23:26:58.000Z", "public_metrics": {"followers_count": 190462, "following_count": 220, "tweet_count": 1151, "listed_count": 567}, "name": "Amber Heard"}}, "author": {"url": "https://t.co/l5nFviADm5", "username": "LeomarOsoteo", "description": "leomar Osoteo Tugade,47 yrs old,married to noryflor maravillas tugade,filipino citizen,from Philippines.we have 3 children's names: jay-r,a-jay,amor.we loving..", "id": "1070251399567605760", "location": "Kingdom of Saudi Arabia", "profile_image_url": "https://pbs.twimg.com/profile_images/1070257131771912194/OZpmsUTP_normal.jpg", "created_at": "2018-12-05T09:39:52.000Z", "public_metrics": {"followers_count": 14, "following_count": 27, "tweet_count": 36, "listed_count": 0}, "name": "Leomar Osoteo Tugade"}}, {"created_at": "2018-12-27T10:50:24.000Z", "source": "Twitter for Android", "referenced_tweets": [{"type": "replied_to", "id": "1077976331411873793"}], "lang": "en", "id": "1078241680543731713", "entities": {"mentions": [{"start": 0, "end": 15, "username": "realamberheard", "id": "807003567605227520"}, {"start": 16, "end": 25, "username": "UN_Women", "id": "17137628"}], "annotations": [{"start": 40, "end": 46, "probability": 0.9742, "type": "Place", "normalized_text": "Vietnam"}]}, "in_reply_to_user_id": "807003567605227520", "text": "@realamberheard @UN_Women Love you from Vietnam!", "author_id": "1074324993327095808", "public_metrics": {"retweet_count": 0, "reply_count": 0, "like_count": 0, "quote_count": 0}, "replied_tweet": {"created_at": "2018-12-26T17:15:59.000Z", "source": "Twitter for iPhone", "referenced_tweets": [{"type": "quoted", "id": "1077890541956800515"}], "entities": {"hashtags": [{"start": 53, "end": 69, "tag": "WednesdayWisdom"}], "urls": [{"start": 70, "end": 93, "url": "https://t.co/u8hXdhxkWA", "expanded_url": "https://twitter.com/UN_Women/status/1077890541956800515", "display_url": "twitter.com/UN_Women/statu\u2026"}], "mentions": [{"start": 7, "end": 16, "username": "UN_Women", "id": "17137628"}]}, "lang": "en", "id": "1077976331411873793", "text": "Thanks @UN_Women ! Proud to be able to contribute to #WednesdayWisdom https://t.co/u8hXdhxkWA", "author_id": "807003567605227520", "public_metrics": {"retweet_count": 151, "reply_count": 40, "like_count": 1217, "quote_count": 2}, "author": {"url": "https://t.co/Ze18Ek9SOI", "username": "realamberheard", "description": "Actor and Activist, semi-professional disruptor, ice cream advocate and shameless teacup yorkie-lover", "id": "807003567605227520", "location": "Los Angeles, CA", "profile_image_url": "https://pbs.twimg.com/profile_images/1383196364792680448/N8CdupEu_normal.jpg", "created_at": "2016-12-08T23:26:58.000Z", "public_metrics": {"followers_count": 190462, "following_count": 220, "tweet_count": 1151, "listed_count": 567}, "name": "Amber Heard"}}, "author": {"url": "", "username": "PhanTun15992391", "description": "", "id": "1074324993327095808", "profile_image_url": "https://abs.twimg.com/sticky/default_profile_images/default_profile_normal.png", "created_at": "2018-12-16T15:26:53.000Z", "public_metrics": {"followers_count": 0, "following_count": 6, "tweet_count": 16, "listed_count": 0}, "name": "Phan Tu\u0300ng"}}, {"created_at": "2018-12-27T03:00:59.000Z", "source": "Twitter Web App", "referenced_tweets": [{"type": "replied_to", "id": "1077976331411873793"}], "lang": "en", "id": "1078123551436099585", "entities": {"mentions": [{"start": 0, "end": 15, "username": "realamberheard", "id": "807003567605227520"}, {"start": 16, "end": 25, "username": "UN_Women", "id": "17137628"}], "annotations": [{"start": 57, "end": 63, "probability": 0.3126, "type": "Person", "normalized_text": "Aquaman"}]}, "in_reply_to_user_id": "807003567605227520", "text": "@realamberheard @UN_Women Wow! Really are you Mera? From Aquaman movie?", "author_id": "887215765", "public_metrics": {"retweet_count": 0, "reply_count": 0, "like_count": 0, "quote_count": 0}, "replied_tweet": {"created_at": "2018-12-26T17:15:59.000Z", "source": "Twitter for iPhone", "referenced_tweets": [{"type": "quoted", "id": "1077890541956800515"}], "entities": {"hashtags": [{"start": 53, "end": 69, "tag": "WednesdayWisdom"}], "urls": [{"start": 70, "end": 93, "url": "https://t.co/u8hXdhxkWA", "expanded_url": "https://twitter.com/UN_Women/status/1077890541956800515", "display_url": "twitter.com/UN_Women/statu\u2026"}], "mentions": [{"start": 7, "end": 16, "username": "UN_Women", "id": "17137628"}]}, "lang": "en", "id": "1077976331411873793", "text": "Thanks @UN_Women ! Proud to be able to contribute to #WednesdayWisdom https://t.co/u8hXdhxkWA", "author_id": "807003567605227520", "public_metrics": {"retweet_count": 151, "reply_count": 40, "like_count": 1217, "quote_count": 2}, "author": {"url": "https://t.co/Ze18Ek9SOI", "username": "realamberheard", "description": "Actor and Activist, semi-professional disruptor, ice cream advocate and shameless teacup yorkie-lover", "id": "807003567605227520", "location": "Los Angeles, CA", "profile_image_url": "https://pbs.twimg.com/profile_images/1383196364792680448/N8CdupEu_normal.jpg", "created_at": "2016-12-08T23:26:58.000Z", "public_metrics": {"followers_count": 190462, "following_count": 220, "tweet_count": 1151, "listed_count": 567}, "name": "Amber Heard"}}, "author": {"url": "", "username": "troper2004", "description": "", "id": "887215765", "profile_image_url": "https://pbs.twimg.com/profile_images/954953833985142785/rjftiqAu_normal.jpg", "created_at": "2012-10-17T17:11:16.000Z", "public_metrics": {"followers_count": 77, "following_count": 617, "tweet_count": 10837, "listed_count": 0}, "name": "Cbr troper2004"}}, {"created_at": "2018-12-26T23:15:25.000Z", "source": "Twitter for Android", "referenced_tweets": [{"type": "replied_to", "id": "1077976331411873793"}], "lang": "en", "id": "1078066784530456576", "entities": {"mentions": [{"start": 0, "end": 15, "username": "realamberheard", "id": "807003567605227520"}, {"start": 16, "end": 25, "username": "UN_Women", "id": "17137628"}], "annotations": [{"start": 26, "end": 30, "probability": 0.6816, "type": "Person", "normalized_text": "Amber"}]}, "in_reply_to_user_id": "807003567605227520", "text": "@realamberheard @UN_Women Amber Heard! You're a real queen\u2764\u2757", "author_id": "1077909687641681920", "public_metrics": {"retweet_count": 0, "reply_count": 0, "like_count": 0, "quote_count": 0}, "replied_tweet": {"created_at": "2018-12-26T17:15:59.000Z", "source": "Twitter for iPhone", "referenced_tweets": [{"type": "quoted", "id": "1077890541956800515"}], "entities": {"hashtags": [{"start": 53, "end": 69, "tag": "WednesdayWisdom"}], "urls": [{"start": 70, "end": 93, "url": "https://t.co/u8hXdhxkWA", "expanded_url": "https://twitter.com/UN_Women/status/1077890541956800515", "display_url": "twitter.com/UN_Women/statu\u2026"}], "mentions": [{"start": 7, "end": 16, "username": "UN_Women", "id": "17137628"}]}, "lang": "en", "id": "1077976331411873793", "text": "Thanks @UN_Women ! Proud to be able to contribute to #WednesdayWisdom https://t.co/u8hXdhxkWA", "author_id": "807003567605227520", "public_metrics": {"retweet_count": 151, "reply_count": 40, "like_count": 1217, "quote_count": 2}, "author": {"url": "https://t.co/Ze18Ek9SOI", "username": "realamberheard", "description": "Actor and Activist, semi-professional disruptor, ice cream advocate and shameless teacup yorkie-lover", "id": "807003567605227520", "location": "Los Angeles, CA", "profile_image_url": "https://pbs.twimg.com/profile_images/1383196364792680448/N8CdupEu_normal.jpg", "created_at": "2016-12-08T23:26:58.000Z", "public_metrics": {"followers_count": 190462, "following_count": 220, "tweet_count": 1151, "listed_count": 567}, "name": "Amber Heard"}}, "author": {"url": "", "username": "love_amderheard", "description": "I'm happy", "id": "1077909687641681920", "profile_image_url": "https://pbs.twimg.com/profile_images/1077915934952583168/Y3UAXb3q_normal.jpg", "created_at": "2018-12-26T12:51:10.000Z", "public_metrics": {"followers_count": 0, "following_count": 1, "tweet_count": 40, "listed_count": 0}, "name": "happy lee"}}, {"created_at": "2018-12-26T21:34:27.000Z", "source": "Twitter Web Client", "referenced_tweets": [{"type": "replied_to", "id": "1077976331411873793"}], "lang": "en", "id": "1078041373629136896", "entities": {"mentions": [{"start": 0, "end": 15, "username": "realamberheard", "id": "807003567605227520"}, {"start": 16, "end": 25, "username": "UN_Women", "id": "17137628"}]}, "in_reply_to_user_id": "807003567605227520", "text": "@realamberheard @UN_Women she's a washed up funny lookin' fish without JD's name in her mouth!", "author_id": "617348239", "public_metrics": {"retweet_count": 0, "reply_count": 0, "like_count": 5, "quote_count": 0}, "replied_tweet": {"created_at": "2018-12-26T17:15:59.000Z", "source": "Twitter for iPhone", "referenced_tweets": [{"type": "quoted", "id": "1077890541956800515"}], "entities": {"hashtags": [{"start": 53, "end": 69, "tag": "WednesdayWisdom"}], "urls": [{"start": 70, "end": 93, "url": "https://t.co/u8hXdhxkWA", "expanded_url": "https://twitter.com/UN_Women/status/1077890541956800515", "display_url": "twitter.com/UN_Women/statu\u2026"}], "mentions": [{"start": 7, "end": 16, "username": "UN_Women", "id": "17137628"}]}, "lang": "en", "id": "1077976331411873793", "text": "Thanks @UN_Women ! Proud to be able to contribute to #WednesdayWisdom https://t.co/u8hXdhxkWA", "author_id": "807003567605227520", "public_metrics": {"retweet_count": 151, "reply_count": 40, "like_count": 1217, "quote_count": 2}, "author": {"url": "https://t.co/Ze18Ek9SOI", "username": "realamberheard", "description": "Actor and Activist, semi-professional disruptor, ice cream advocate and shameless teacup yorkie-lover", "id": "807003567605227520", "location": "Los Angeles, CA", "profile_image_url": "https://pbs.twimg.com/profile_images/1383196364792680448/N8CdupEu_normal.jpg", "created_at": "2016-12-08T23:26:58.000Z", "public_metrics": {"followers_count": 190462, "following_count": 220, "tweet_count": 1151, "listed_count": 567}, "name": "Amber Heard"}}, "author": {"url": "http://t.co/Ybpjs7UDc2", "username": "SavageLynx", "description": "Punk Rockin' artist-photographer, songwriter, guitar player, singer, writer.", "id": "617348239", "location": "NYC", "profile_image_url": "https://pbs.twimg.com/profile_images/1121533536308203521/WGqMt2gF_normal.png", "created_at": "2012-06-24T18:15:31.000Z", "public_metrics": {"followers_count": 39, "following_count": 86, "tweet_count": 738, "listed_count": 1}, "name": "Lyn"}}, {"created_at": "2018-12-26T21:33:49.000Z", "source": "Twitter Web Client", "referenced_tweets": [{"type": "replied_to", "id": "1077976331411873793"}], "lang": "en", "id": "1078041213633249286", "entities": {"mentions": [{"start": 0, "end": 15, "username": "realamberheard", "id": "807003567605227520"}, {"start": 16, "end": 25, "username": "UN_Women", "id": "17137628"}]}, "in_reply_to_user_id": "807003567605227520", "text": "@realamberheard @UN_Women She's a washed up funny lookin' fish without JD's name in her mouth! Not much career work because she divorced the man who was getting her work.", "author_id": "617348239", "public_metrics": {"retweet_count": 0, "reply_count": 0, "like_count": 7, "quote_count": 0}, "replied_tweet": {"created_at": "2018-12-26T17:15:59.000Z", "source": "Twitter for iPhone", "referenced_tweets": [{"type": "quoted", "id": "1077890541956800515"}], "entities": {"hashtags": [{"start": 53, "end": 69, "tag": "WednesdayWisdom"}], "urls": [{"start": 70, "end": 93, "url": "https://t.co/u8hXdhxkWA", "expanded_url": "https://twitter.com/UN_Women/status/1077890541956800515", "display_url": "twitter.com/UN_Women/statu\u2026"}], "mentions": [{"start": 7, "end": 16, "username": "UN_Women", "id": "17137628"}]}, "lang": "en", "id": "1077976331411873793", "text": "Thanks @UN_Women ! Proud to be able to contribute to #WednesdayWisdom https://t.co/u8hXdhxkWA", "author_id": "807003567605227520", "public_metrics": {"retweet_count": 151, "reply_count": 40, "like_count": 1217, "quote_count": 2}, "author": {"url": "https://t.co/Ze18Ek9SOI", "username": "realamberheard", "description": "Actor and Activist, semi-professional disruptor, ice cream advocate and shameless teacup yorkie-lover", "id": "807003567605227520", "location": "Los Angeles, CA", "profile_image_url": "https://pbs.twimg.com/profile_images/1383196364792680448/N8CdupEu_normal.jpg", "created_at": "2016-12-08T23:26:58.000Z", "public_metrics": {"followers_count": 190462, "following_count": 220, "tweet_count": 1151, "listed_count": 567}, "name": "Amber Heard"}}, "author": {"url": "http://t.co/Ybpjs7UDc2", "username": "SavageLynx", "description": "Punk Rockin' artist-photographer, songwriter, guitar player, singer, writer.", "id": "617348239", "location": "NYC", "profile_image_url": "https://pbs.twimg.com/profile_images/1121533536308203521/WGqMt2gF_normal.png", "created_at": "2012-06-24T18:15:31.000Z", "public_metrics": {"followers_count": 39, "following_count": 86, "tweet_count": 738, "listed_count": 1}, "name": "Lyn"}}, {"created_at": "2018-12-26T20:12:12.000Z", "source": "Twitter Web Client", "referenced_tweets": [{"type": "replied_to", "id": "1077976331411873793"}], "lang": "en", "id": "1078020674726346753", "entities": {"mentions": [{"start": 0, "end": 15, "username": "realamberheard", "id": "807003567605227520"}, {"start": 16, "end": 25, "username": "UN_Women", "id": "17137628"}]}, "in_reply_to_user_id": "807003567605227520", "text": "@realamberheard @UN_Women scAmber, a reall LOLLY for the suckers. Putting the UN, desperate to be part of popular culture, who saved so many lives , back on the map booo! BOOOO!", "author_id": "616411209", "public_metrics": {"retweet_count": 0, "reply_count": 0, "like_count": 5, "quote_count": 0}, "replied_tweet": {"created_at": "2018-12-26T17:15:59.000Z", "source": "Twitter for iPhone", "referenced_tweets": [{"type": "quoted", "id": "1077890541956800515"}], "entities": {"hashtags": [{"start": 53, "end": 69, "tag": "WednesdayWisdom"}], "urls": [{"start": 70, "end": 93, "url": "https://t.co/u8hXdhxkWA", "expanded_url": "https://twitter.com/UN_Women/status/1077890541956800515", "display_url": "twitter.com/UN_Women/statu\u2026"}], "mentions": [{"start": 7, "end": 16, "username": "UN_Women", "id": "17137628"}]}, "lang": "en", "id": "1077976331411873793", "text": "Thanks @UN_Women ! Proud to be able to contribute to #WednesdayWisdom https://t.co/u8hXdhxkWA", "author_id": "807003567605227520", "public_metrics": {"retweet_count": 151, "reply_count": 40, "like_count": 1217, "quote_count": 2}, "author": {"url": "https://t.co/Ze18Ek9SOI", "username": "realamberheard", "description": "Actor and Activist, semi-professional disruptor, ice cream advocate and shameless teacup yorkie-lover", "id": "807003567605227520", "location": "Los Angeles, CA", "profile_image_url": "https://pbs.twimg.com/profile_images/1383196364792680448/N8CdupEu_normal.jpg", "created_at": "2016-12-08T23:26:58.000Z", "public_metrics": {"followers_count": 190462, "following_count": 220, "tweet_count": 1151, "listed_count": 567}, "name": "Amber Heard"}}, "author": {"url": "", "username": "lynx666guit", "description": "time bomb, loose cannon", "id": "616411209", "location": "nyc", "profile_image_url": "https://pbs.twimg.com/profile_images/1408383778364563456/y76WsZ9w_normal.jpg", "created_at": "2012-06-23T18:06:39.000Z", "public_metrics": {"followers_count": 3, "following_count": 27, "tweet_count": 224, "listed_count": 0}, "name": "lynx"}}, {"created_at": "2018-12-26T19:44:17.000Z", "source": "Twitter Web Client", "referenced_tweets": [{"type": "replied_to", "id": "1077976331411873793"}], "lang": "en", "id": "1078013652438052864", "entities": {"mentions": [{"start": 0, "end": 15, "username": "realamberheard", "id": "807003567605227520"}, {"start": 16, "end": 25, "username": "UN_Women", "id": "17137628"}], "annotations": [{"start": 37, "end": 52, "probability": 0.7054, "type": "Person", "normalized_text": "Bravo Queen Mera"}, {"start": 55, "end": 71, "probability": 0.3736, "type": "Other", "normalized_text": "Queen of Atlantis"}]}, "in_reply_to_user_id": "807003567605227520", "text": "@realamberheard @UN_Women Correctly, Bravo Queen Mera, Queen of Atlantis)))", "author_id": "4894704353", "public_metrics": {"retweet_count": 0, "reply_count": 0, "like_count": 0, "quote_count": 0}, "replied_tweet": {"created_at": "2018-12-26T17:15:59.000Z", "source": "Twitter for iPhone", "referenced_tweets": [{"type": "quoted", "id": "1077890541956800515"}], "entities": {"hashtags": [{"start": 53, "end": 69, "tag": "WednesdayWisdom"}], "urls": [{"start": 70, "end": 93, "url": "https://t.co/u8hXdhxkWA", "expanded_url": "https://twitter.com/UN_Women/status/1077890541956800515", "display_url": "twitter.com/UN_Women/statu\u2026"}], "mentions": [{"start": 7, "end": 16, "username": "UN_Women", "id": "17137628"}]}, "lang": "en", "id": "1077976331411873793", "text": "Thanks @UN_Women ! Proud to be able to contribute to #WednesdayWisdom https://t.co/u8hXdhxkWA", "author_id": "807003567605227520", "public_metrics": {"retweet_count": 151, "reply_count": 40, "like_count": 1217, "quote_count": 2}, "author": {"url": "https://t.co/Ze18Ek9SOI", "username": "realamberheard", "description": "Actor and Activist, semi-professional disruptor, ice cream advocate and shameless teacup yorkie-lover", "id": "807003567605227520", "location": "Los Angeles, CA", "profile_image_url": "https://pbs.twimg.com/profile_images/1383196364792680448/N8CdupEu_normal.jpg", "created_at": "2016-12-08T23:26:58.000Z", "public_metrics": {"followers_count": 190462, "following_count": 220, "tweet_count": 1151, "listed_count": 567}, "name": "Amber Heard"}}, "author": {"url": "", "username": "OlgaZhizhenkova", "description": "", "id": "4894704353", "location": "Yaroslavl oblast, Russia", "profile_image_url": "https://pbs.twimg.com/profile_images/739360814176436224/d49MWtpz_normal.jpg", "created_at": "2016-02-10T11:17:57.000Z", "public_metrics": {"followers_count": 29, "following_count": 328, "tweet_count": 82, "listed_count": 1}, "name": "Olga Zhizhenkova"}}, {"created_at": "2018-12-26T19:08:15.000Z", "source": "Twitter for Android", "referenced_tweets": [{"type": "replied_to", "id": "1078002331738877954"}], "lang": "en", "id": "1078004580812840960", "entities": {"mentions": [{"start": 0, "end": 9, "username": "UN_Women", "id": "17137628"}, {"start": 10, "end": 25, "username": "realamberheard", "id": "807003567605227520"}]}, "in_reply_to_user_id": "17137628", "text": "@UN_Women @realamberheard She's an abuser. What a joke you are   she was arrested for domestic violence. Have some respect for real victims of domestic violence", "author_id": "815993795057741829", "public_metrics": {"retweet_count": 1, "reply_count": 0, "like_count": 4, "quote_count": 0}, "replied_tweet": {"created_at": "2018-12-26T17:15:59.000Z", "source": "Twitter for iPhone", "referenced_tweets": [{"type": "quoted", "id": "1077890541956800515"}], "entities": {"hashtags": [{"start": 53, "end": 69, "tag": "WednesdayWisdom"}], "urls": [{"start": 70, "end": 93, "url": "https://t.co/u8hXdhxkWA", "expanded_url": "https://twitter.com/UN_Women/status/1077890541956800515", "display_url": "twitter.com/UN_Women/statu\u2026"}], "mentions": [{"start": 7, "end": 16, "username": "UN_Women", "id": "17137628"}]}, "lang": "en", "id": "1077976331411873793", "text": "Thanks @UN_Women ! Proud to be able to contribute to #WednesdayWisdom https://t.co/u8hXdhxkWA", "author_id": "807003567605227520", "public_metrics": {"retweet_count": 151, "reply_count": 40, "like_count": 1217, "quote_count": 2}, "author": {"url": "https://t.co/Ze18Ek9SOI", "username": "realamberheard", "description": "Actor and Activist, semi-professional disruptor, ice cream advocate and shameless teacup yorkie-lover", "id": "807003567605227520", "location": "Los Angeles, CA", "profile_image_url": "https://pbs.twimg.com/profile_images/1383196364792680448/N8CdupEu_normal.jpg", "created_at": "2016-12-08T23:26:58.000Z", "public_metrics": {"followers_count": 190462, "following_count": 220, "tweet_count": 1151, "listed_count": 567}, "name": "Amber Heard"}}, "author": {"url": "", "username": "Lifeisabirdsong", "description": "I support Johnny Depp", "id": "815993795057741829", "profile_image_url": "https://pbs.twimg.com/profile_images/1323370018155847682/7tK_liLc_normal.png", "created_at": "2017-01-02T18:50:55.000Z", "public_metrics": {"followers_count": 905, "following_count": 225, "tweet_count": 19096, "listed_count": 3}, "name": "Ang_Xim"}}, {"created_at": "2018-12-26T18:59:18.000Z", "source": "Twitter Web Client", "referenced_tweets": [{"type": "replied_to", "id": "1077976331411873793"}], "lang": "en", "id": "1078002331738877954", "entities": {"mentions": [{"start": 0, "end": 15, "username": "realamberheard", "id": "807003567605227520"}]}, "in_reply_to_user_id": "807003567605227520", "text": "@realamberheard Thank you for your advocacy and supporting women's rights as human rights.", "author_id": "17137628", "public_metrics": {"retweet_count": 2, "reply_count": 5, "like_count": 2, "quote_count": 0}, "replied_tweet": {"created_at": "2018-12-26T17:15:59.000Z", "source": "Twitter for iPhone", "referenced_tweets": [{"type": "quoted", "id": "1077890541956800515"}], "entities": {"hashtags": [{"start": 53, "end": 69, "tag": "WednesdayWisdom"}], "urls": [{"start": 70, "end": 93, "url": "https://t.co/u8hXdhxkWA", "expanded_url": "https://twitter.com/UN_Women/status/1077890541956800515", "display_url": "twitter.com/UN_Women/statu\u2026"}], "mentions": [{"start": 7, "end": 16, "username": "UN_Women", "id": "17137628"}]}, "lang": "en", "id": "1077976331411873793", "text": "Thanks @UN_Women ! Proud to be able to contribute to #WednesdayWisdom https://t.co/u8hXdhxkWA", "author_id": "807003567605227520", "public_metrics": {"retweet_count": 151, "reply_count": 40, "like_count": 1217, "quote_count": 2}, "author": {"url": "https://t.co/Ze18Ek9SOI", "username": "realamberheard", "description": "Actor and Activist, semi-professional disruptor, ice cream advocate and shameless teacup yorkie-lover", "id": "807003567605227520", "location": "Los Angeles, CA", "profile_image_url": "https://pbs.twimg.com/profile_images/1383196364792680448/N8CdupEu_normal.jpg", "created_at": "2016-12-08T23:26:58.000Z", "public_metrics": {"followers_count": 190462, "following_count": 220, "tweet_count": 1151, "listed_count": 567}, "name": "Amber Heard"}}, "author": {"url": "https://t.co/BSG2LoQLOc", "username": "UN_Women", "description": "UN Women is the United Nations entity for gender equality and women's empowerment.", "id": "17137628", "location": "Worldwide", "profile_image_url": "https://pbs.twimg.com/profile_images/1401969804496486401/8Va-Ar11_normal.jpg", "created_at": "2008-11-03T19:28:09.000Z", "public_metrics": {"followers_count": 2145552, "following_count": 4338, "tweet_count": 66946, "listed_count": 12558}, "name": "UN Women"}}, {"created_at": "2018-12-26T18:09:16.000Z", "source": "Twitter for Android", "referenced_tweets": [{"type": "replied_to", "id": "1077976331411873793"}], "lang": "und", "id": "1077989738999615489", "entities": {"mentions": [{"start": 0, "end": 15, "username": "realamberheard", "id": "807003567605227520"}, {"start": 16, "end": 25, "username": "UN_Women", "id": "17137628"}]}, "in_reply_to_user_id": "807003567605227520", "text": "@realamberheard @UN_Women \u2764\u2764\u2764\ud83d\udc4a", "author_id": "1054247451677417472", "public_metrics": {"retweet_count": 0, "reply_count": 0, "like_count": 0, "quote_count": 0}, "replied_tweet": {"created_at": "2018-12-26T17:15:59.000Z", "source": "Twitter for iPhone", "referenced_tweets": [{"type": "quoted", "id": "1077890541956800515"}], "entities": {"hashtags": [{"start": 53, "end": 69, "tag": "WednesdayWisdom"}], "urls": [{"start": 70, "end": 93, "url": "https://t.co/u8hXdhxkWA", "expanded_url": "https://twitter.com/UN_Women/status/1077890541956800515", "display_url": "twitter.com/UN_Women/statu\u2026"}], "mentions": [{"start": 7, "end": 16, "username": "UN_Women", "id": "17137628"}]}, "lang": "en", "id": "1077976331411873793", "text": "Thanks @UN_Women ! Proud to be able to contribute to #WednesdayWisdom https://t.co/u8hXdhxkWA", "author_id": "807003567605227520", "public_metrics": {"retweet_count": 151, "reply_count": 40, "like_count": 1217, "quote_count": 2}, "author": {"url": "https://t.co/Ze18Ek9SOI", "username": "realamberheard", "description": "Actor and Activist, semi-professional disruptor, ice cream advocate and shameless teacup yorkie-lover", "id": "807003567605227520", "location": "Los Angeles, CA", "profile_image_url": "https://pbs.twimg.com/profile_images/1383196364792680448/N8CdupEu_normal.jpg", "created_at": "2016-12-08T23:26:58.000Z", "public_metrics": {"followers_count": 190462, "following_count": 220, "tweet_count": 1151, "listed_count": 567}, "name": "Amber Heard"}}, "author": {"url": "", "username": "Paula_Jabour", "description": "OMG! Stop the flat earth, I gotta jump! \n#SexNoGender #ProtectTheChildren \n#FreeSpeech #WomanIsNotADirtyWord", "id": "1054247451677417472", "profile_image_url": "https://pbs.twimg.com/profile_images/1292297331119972352/hEE_YCpp_normal.jpg", "created_at": "2018-10-22T05:45:54.000Z", "public_metrics": {"followers_count": 493, "following_count": 945, "tweet_count": 3494, "listed_count": 0}, "name": "Paula Jabour\ud83c\udde7\ud83c\uddf7\u2698"}}, {"created_at": "2018-12-26T18:04:40.000Z", "source": "Twitter for Android", "referenced_tweets": [{"type": "replied_to", "id": "1077976331411873793"}], "lang": "en", "id": "1077988582374105090", "entities": {"mentions": [{"start": 0, "end": 15, "username": "realamberheard", "id": "807003567605227520"}, {"start": 16, "end": 25, "username": "UN_Women", "id": "17137628"}]}, "in_reply_to_user_id": "807003567605227520", "text": "@realamberheard @UN_Women I love that quote. Very accurate comparison. And explains so much about why men and even women help and enable powerful toxic men. Thank you for your words and all the work you do. \ud83d\udc95", "author_id": "1920027500", "public_metrics": {"retweet_count": 0, "reply_count": 0, "like_count": 0, "quote_count": 0}, "replied_tweet": {"created_at": "2018-12-26T17:15:59.000Z", "source": "Twitter for iPhone", "referenced_tweets": [{"type": "quoted", "id": "1077890541956800515"}], "entities": {"hashtags": [{"start": 53, "end": 69, "tag": "WednesdayWisdom"}], "urls": [{"start": 70, "end": 93, "url": "https://t.co/u8hXdhxkWA", "expanded_url": "https://twitter.com/UN_Women/status/1077890541956800515", "display_url": "twitter.com/UN_Women/statu\u2026"}], "mentions": [{"start": 7, "end": 16, "username": "UN_Women", "id": "17137628"}]}, "lang": "en", "id": "1077976331411873793", "text": "Thanks @UN_Women ! Proud to be able to contribute to #WednesdayWisdom https://t.co/u8hXdhxkWA", "author_id": "807003567605227520", "public_metrics": {"retweet_count": 151, "reply_count": 40, "like_count": 1217, "quote_count": 2}, "author": {"url": "https://t.co/Ze18Ek9SOI", "username": "realamberheard", "description": "Actor and Activist, semi-professional disruptor, ice cream advocate and shameless teacup yorkie-lover", "id": "807003567605227520", "location": "Los Angeles, CA", "profile_image_url": "https://pbs.twimg.com/profile_images/1383196364792680448/N8CdupEu_normal.jpg", "created_at": "2016-12-08T23:26:58.000Z", "public_metrics": {"followers_count": 190462, "following_count": 220, "tweet_count": 1151, "listed_count": 567}, "name": "Amber Heard"}}, "author": {"url": "", "username": "justme_relax", "description": "\uc5ec\uc131 \ubbf8\ub514\uc5b4, \uc2a4\ud3ec\uce20 / #WeAreWithYouAmberHeard / @impulseseries, Sacred Lies / \ube44\ud314\ub85c\uc6cc \uc54c\ub9bc OFF", "id": "1920027500", "location": "Korea", "profile_image_url": "https://pbs.twimg.com/profile_images/1351753139754450944/GvU6S28l_normal.jpg", "created_at": "2013-09-30T13:05:19.000Z", "public_metrics": {"followers_count": 3818, "following_count": 1020, "tweet_count": 382726, "listed_count": 38}, "name": "justme"}}, {"created_at": "2018-12-26T17:45:01.000Z", "source": "Twitter for iPad", "referenced_tweets": [{"type": "replied_to", "id": "1077976331411873793"}], "lang": "en", "id": "1077983635666554881", "entities": {"mentions": [{"start": 0, "end": 15, "username": "realamberheard", "id": "807003567605227520"}, {"start": 16, "end": 25, "username": "UN_Women", "id": "17137628"}], "annotations": [{"start": 26, "end": 46, "probability": 0.6052, "type": "Other", "normalized_text": "The Queen of Atlantis"}]}, "in_reply_to_user_id": "807003567605227520", "text": "@realamberheard @UN_Women The Queen of Atlantis is a queen in real life as well \ud83d\ude0a always extra cool when superheroes on screen are real life superheroes too", "author_id": "782048856", "public_metrics": {"retweet_count": 0, "reply_count": 0, "like_count": 5, "quote_count": 0}, "replied_tweet": {"created_at": "2018-12-26T17:15:59.000Z", "source": "Twitter for iPhone", "referenced_tweets": [{"type": "quoted", "id": "1077890541956800515"}], "entities": {"hashtags": [{"start": 53, "end": 69, "tag": "WednesdayWisdom"}], "urls": [{"start": 70, "end": 93, "url": "https://t.co/u8hXdhxkWA", "expanded_url": "https://twitter.com/UN_Women/status/1077890541956800515", "display_url": "twitter.com/UN_Women/statu\u2026"}], "mentions": [{"start": 7, "end": 16, "username": "UN_Women", "id": "17137628"}]}, "lang": "en", "id": "1077976331411873793", "text": "Thanks @UN_Women ! Proud to be able to contribute to #WednesdayWisdom https://t.co/u8hXdhxkWA", "author_id": "807003567605227520", "public_metrics": {"retweet_count": 151, "reply_count": 40, "like_count": 1217, "quote_count": 2}, "author": {"url": "https://t.co/Ze18Ek9SOI", "username": "realamberheard", "description": "Actor and Activist, semi-professional disruptor, ice cream advocate and shameless teacup yorkie-lover", "id": "807003567605227520", "location": "Los Angeles, CA", "profile_image_url": "https://pbs.twimg.com/profile_images/1383196364792680448/N8CdupEu_normal.jpg", "created_at": "2016-12-08T23:26:58.000Z", "public_metrics": {"followers_count": 190462, "following_count": 220, "tweet_count": 1151, "listed_count": 567}, "name": "Amber Heard"}}, "author": {"url": "https://t.co/ydHV1bsMky", "username": "taliaszn", "description": "My work can be discovered on Instagram: @__t__alia @tstandsfortalia @pra__v__da  \ud83d\udc69\ud83c\udffd\u200d\ud83d\udd27\ud83d\udc69\ud83c\udffd\u200d\ud83d\udd2c\ud83d\udc69\ud83c\udffd\u200d\ud83c\udfa8 This is just to talk shit", "id": "782048856", "location": "Berlin, Germany", "profile_image_url": "https://pbs.twimg.com/profile_images/1442464998635180038/rUqqTp4L_normal.jpg", "created_at": "2012-08-26T08:58:32.000Z", "public_metrics": {"followers_count": 2599, "following_count": 2429, "tweet_count": 54698, "listed_count": 23}, "name": "TALIA"}}, {"created_at": "2018-12-26T17:44:45.000Z", "source": "Twitter for Android", "referenced_tweets": [{"type": "replied_to", "id": "1077976331411873793"}], "lang": "und", "id": "1077983570440802306", "entities": {"mentions": [{"start": 0, "end": 15, "username": "realamberheard", "id": "807003567605227520"}, {"start": 16, "end": 25, "username": "UN_Women", "id": "17137628"}]}, "in_reply_to_user_id": "807003567605227520", "text": "@realamberheard @UN_Women \u2764", "author_id": "1071614258096431104", "public_metrics": {"retweet_count": 0, "reply_count": 0, "like_count": 0, "quote_count": 0}, "replied_tweet": {"created_at": "2018-12-26T17:15:59.000Z", "source": "Twitter for iPhone", "referenced_tweets": [{"type": "quoted", "id": "1077890541956800515"}], "entities": {"hashtags": [{"start": 53, "end": 69, "tag": "WednesdayWisdom"}], "urls": [{"start": 70, "end": 93, "url": "https://t.co/u8hXdhxkWA", "expanded_url": "https://twitter.com/UN_Women/status/1077890541956800515", "display_url": "twitter.com/UN_Women/statu\u2026"}], "mentions": [{"start": 7, "end": 16, "username": "UN_Women", "id": "17137628"}]}, "lang": "en", "id": "1077976331411873793", "text": "Thanks @UN_Women ! Proud to be able to contribute to #WednesdayWisdom https://t.co/u8hXdhxkWA", "author_id": "807003567605227520", "public_metrics": {"retweet_count": 151, "reply_count": 40, "like_count": 1217, "quote_count": 2}, "author": {"url": "https://t.co/Ze18Ek9SOI", "username": "realamberheard", "description": "Actor and Activist, semi-professional disruptor, ice cream advocate and shameless teacup yorkie-lover", "id": "807003567605227520", "location": "Los Angeles, CA", "profile_image_url": "https://pbs.twimg.com/profile_images/1383196364792680448/N8CdupEu_normal.jpg", "created_at": "2016-12-08T23:26:58.000Z", "public_metrics": {"followers_count": 190462, "following_count": 220, "tweet_count": 1151, "listed_count": 567}, "name": "Amber Heard"}}, "author": {"url": "", "username": "Joyawahid1", "description": "@Lisaandriansalon\ud83d\udc87\ud83d\udc86\ud83d\udc84\ud83d\udc85\nHair n make up", "id": "1071614258096431104", "location": "DKI Jakarta,bali,Indonesia", "profile_image_url": "https://pbs.twimg.com/profile_images/1123131394597634050/m5Toggin_normal.jpg", "created_at": "2018-12-09T03:55:23.000Z", "public_metrics": {"followers_count": 5, "following_count": 82, "tweet_count": 389, "listed_count": 0}, "name": "Joya_wahid                          \ud83d\udc2c\ud83d\udc33\ud83d\udc2c\ud83d\udc33\ud83d\udc0b\ud83d\udc33\ud83d\udc2c"}}, {"created_at": "2018-12-26T17:36:02.000Z", "source": "Twitter for Android", "referenced_tweets": [{"type": "replied_to", "id": "1077976331411873793"}], "lang": "en", "id": "1077981373426790400", "entities": {"mentions": [{"start": 0, "end": 15, "username": "realamberheard", "id": "807003567605227520"}, {"start": 16, "end": 25, "username": "UN_Women", "id": "17137628"}]}, "in_reply_to_user_id": "807003567605227520", "text": "@realamberheard @UN_Women my proud \ud83d\udc96", "author_id": "2724444422", "public_metrics": {"retweet_count": 0, "reply_count": 0, "like_count": 0, "quote_count": 0}, "replied_tweet": {"created_at": "2018-12-26T17:15:59.000Z", "source": "Twitter for iPhone", "referenced_tweets": [{"type": "quoted", "id": "1077890541956800515"}], "entities": {"hashtags": [{"start": 53, "end": 69, "tag": "WednesdayWisdom"}], "urls": [{"start": 70, "end": 93, "url": "https://t.co/u8hXdhxkWA", "expanded_url": "https://twitter.com/UN_Women/status/1077890541956800515", "display_url": "twitter.com/UN_Women/statu\u2026"}], "mentions": [{"start": 7, "end": 16, "username": "UN_Women", "id": "17137628"}]}, "lang": "en", "id": "1077976331411873793", "text": "Thanks @UN_Women ! Proud to be able to contribute to #WednesdayWisdom https://t.co/u8hXdhxkWA", "author_id": "807003567605227520", "public_metrics": {"retweet_count": 151, "reply_count": 40, "like_count": 1217, "quote_count": 2}, "author": {"url": "https://t.co/Ze18Ek9SOI", "username": "realamberheard", "description": "Actor and Activist, semi-professional disruptor, ice cream advocate and shameless teacup yorkie-lover", "id": "807003567605227520", "location": "Los Angeles, CA", "profile_image_url": "https://pbs.twimg.com/profile_images/1383196364792680448/N8CdupEu_normal.jpg", "created_at": "2016-12-08T23:26:58.000Z", "public_metrics": {"followers_count": 190462, "following_count": 220, "tweet_count": 1151, "listed_count": 567}, "name": "Amber Heard"}}, "author": {"url": "", "username": "fkatwyez", "description": "all r&b and hip hop culture", "id": "2724444422", "profile_image_url": "https://pbs.twimg.com/profile_images/1505214911051440135/SZpWBAtg_normal.jpg", "created_at": "2014-08-11T18:27:47.000Z", "public_metrics": {"followers_count": 1230, "following_count": 583, "tweet_count": 61217, "listed_count": 11}, "name": "sasa"}}, {"created_at": "2018-12-26T17:20:49.000Z", "source": "Twitter for Android", "referenced_tweets": [{"type": "replied_to", "id": "1077976331411873793"}], "lang": "en", "id": "1077977546606694400", "entities": {"mentions": [{"start": 0, "end": 15, "username": "realamberheard", "id": "807003567605227520"}, {"start": 16, "end": 25, "username": "UN_Women", "id": "17137628"}, {"start": 130, "end": 145, "username": "realamberheard", "id": "807003567605227520"}]}, "in_reply_to_user_id": "807003567605227520", "text": "@realamberheard @UN_Women Some ppl tweeted some comments that ur comment didn't make sense.. I personally thought it was spot on. @realamberheard keep up the wonderful and inspiring work you do.. you have inspired this guy to speak up and I admire everything about you. Thank you", "author_id": "1048681219746140162", "public_metrics": {"retweet_count": 0, "reply_count": 0, "like_count": 0, "quote_count": 0}, "replied_tweet": {"created_at": "2018-12-26T17:15:59.000Z", "source": "Twitter for iPhone", "referenced_tweets": [{"type": "quoted", "id": "1077890541956800515"}], "entities": {"hashtags": [{"start": 53, "end": 69, "tag": "WednesdayWisdom"}], "urls": [{"start": 70, "end": 93, "url": "https://t.co/u8hXdhxkWA", "expanded_url": "https://twitter.com/UN_Women/status/1077890541956800515", "display_url": "twitter.com/UN_Women/statu\u2026"}], "mentions": [{"start": 7, "end": 16, "username": "UN_Women", "id": "17137628"}]}, "lang": "en", "id": "1077976331411873793", "text": "Thanks @UN_Women ! Proud to be able to contribute to #WednesdayWisdom https://t.co/u8hXdhxkWA", "author_id": "807003567605227520", "public_metrics": {"retweet_count": 151, "reply_count": 40, "like_count": 1217, "quote_count": 2}, "author": {"url": "https://t.co/Ze18Ek9SOI", "username": "realamberheard", "description": "Actor and Activist, semi-professional disruptor, ice cream advocate and shameless teacup yorkie-lover", "id": "807003567605227520", "location": "Los Angeles, CA", "profile_image_url": "https://pbs.twimg.com/profile_images/1383196364792680448/N8CdupEu_normal.jpg", "created_at": "2016-12-08T23:26:58.000Z", "public_metrics": {"followers_count": 190462, "following_count": 220, "tweet_count": 1151, "listed_count": 567}, "name": "Amber Heard"}}, "author": {"url": "", "username": "TheRealKevinTE", "description": "Equality is the only way to create a better future.....\n\n#PickASide\n#RaiseAFist", "id": "1048681219746140162", "location": "United States", "profile_image_url": "https://pbs.twimg.com/profile_images/1502321336148008967/R8OT5wEP_normal.jpg", "created_at": "2018-10-06T21:07:41.000Z", "public_metrics": {"followers_count": 66711, "following_count": 57143, "tweet_count": 74969, "listed_count": 66}, "name": "Kevin Endicott"}}, {"created_at": "2018-12-26T17:19:45.000Z", "source": "Twitter for iPhone", "referenced_tweets": [{"type": "replied_to", "id": "1077976331411873793"}], "lang": "en", "id": "1077977276518678528", "entities": {"mentions": [{"start": 0, "end": 15, "username": "realamberheard", "id": "807003567605227520"}, {"start": 16, "end": 25, "username": "UN_Women", "id": "17137628"}]}, "in_reply_to_user_id": "807003567605227520", "text": "@realamberheard @UN_Women We HEARD you!", "author_id": "731182018181144576", "public_metrics": {"retweet_count": 0, "reply_count": 0, "like_count": 0, "quote_count": 0}, "replied_tweet": {"created_at": "2018-12-26T17:15:59.000Z", "source": "Twitter for iPhone", "referenced_tweets": [{"type": "quoted", "id": "1077890541956800515"}], "entities": {"hashtags": [{"start": 53, "end": 69, "tag": "WednesdayWisdom"}], "urls": [{"start": 70, "end": 93, "url": "https://t.co/u8hXdhxkWA", "expanded_url": "https://twitter.com/UN_Women/status/1077890541956800515", "display_url": "twitter.com/UN_Women/statu\u2026"}], "mentions": [{"start": 7, "end": 16, "username": "UN_Women", "id": "17137628"}]}, "lang": "en", "id": "1077976331411873793", "text": "Thanks @UN_Women ! Proud to be able to contribute to #WednesdayWisdom https://t.co/u8hXdhxkWA", "author_id": "807003567605227520", "public_metrics": {"retweet_count": 151, "reply_count": 40, "like_count": 1217, "quote_count": 2}, "author": {"url": "https://t.co/Ze18Ek9SOI", "username": "realamberheard", "description": "Actor and Activist, semi-professional disruptor, ice cream advocate and shameless teacup yorkie-lover", "id": "807003567605227520", "location": "Los Angeles, CA", "profile_image_url": "https://pbs.twimg.com/profile_images/1383196364792680448/N8CdupEu_normal.jpg", "created_at": "2016-12-08T23:26:58.000Z", "public_metrics": {"followers_count": 190462, "following_count": 220, "tweet_count": 1151, "listed_count": 567}, "name": "Amber Heard"}}, "author": {"url": "", "username": "harrishako", "description": "saiyan, movies, hala madrid", "id": "731182018181144576", "location": "Sweden", "profile_image_url": "https://pbs.twimg.com/profile_images/1485348043696312320/R1ZfLoDw_normal.jpg", "created_at": "2016-05-13T17:59:12.000Z", "public_metrics": {"followers_count": 56, "following_count": 284, "tweet_count": 9636, "listed_count": 0}, "name": "haris"}}, {"created_at": "2018-12-26T17:17:17.000Z", "source": "Twitter for Android", "referenced_tweets": [{"type": "replied_to", "id": "1077976331411873793"}], "lang": "en", "id": "1077976658991169536", "entities": {"mentions": [{"start": 0, "end": 15, "username": "realamberheard", "id": "807003567605227520"}, {"start": 16, "end": 25, "username": "UN_Women", "id": "17137628"}]}, "in_reply_to_user_id": "807003567605227520", "text": "@realamberheard @UN_Women You are so beautiful keep doing what you belive", "author_id": "1074268507594878976", "public_metrics": {"retweet_count": 0, "reply_count": 0, "like_count": 0, "quote_count": 0}, "replied_tweet": {"created_at": "2018-12-26T17:15:59.000Z", "source": "Twitter for iPhone", "referenced_tweets": [{"type": "quoted", "id": "1077890541956800515"}], "entities": {"hashtags": [{"start": 53, "end": 69, "tag": "WednesdayWisdom"}], "urls": [{"start": 70, "end": 93, "url": "https://t.co/u8hXdhxkWA", "expanded_url": "https://twitter.com/UN_Women/status/1077890541956800515", "display_url": "twitter.com/UN_Women/statu\u2026"}], "mentions": [{"start": 7, "end": 16, "username": "UN_Women", "id": "17137628"}]}, "lang": "en", "id": "1077976331411873793", "text": "Thanks @UN_Women ! Proud to be able to contribute to #WednesdayWisdom https://t.co/u8hXdhxkWA", "author_id": "807003567605227520", "public_metrics": {"retweet_count": 151, "reply_count": 40, "like_count": 1217, "quote_count": 2}, "author": {"url": "https://t.co/Ze18Ek9SOI", "username": "realamberheard", "description": "Actor and Activist, semi-professional disruptor, ice cream advocate and shameless teacup yorkie-lover", "id": "807003567605227520", "location": "Los Angeles, CA", "profile_image_url": "https://pbs.twimg.com/profile_images/1383196364792680448/N8CdupEu_normal.jpg", "created_at": "2016-12-08T23:26:58.000Z", "public_metrics": {"followers_count": 190462, "following_count": 220, "tweet_count": 1151, "listed_count": 567}, "name": "Amber Heard"}}, "author": {"url": "", "username": "Pingh3737", "description": "Dragonball is my childhood, Jojo is peak fiction https://t.co/cORbKPKUyy\u2026", "id": "1074268507594878976", "location": "My House", "profile_image_url": "https://pbs.twimg.com/profile_images/1507289367345131532/ko1UKyss_normal.jpg", "created_at": "2018-12-16T11:42:25.000Z", "public_metrics": {"followers_count": 570, "following_count": 1479, "tweet_count": 3547, "listed_count": 3}, "name": "NINGEN"}}]