[{"entities": {"mentions": [{"start": 0, "end": 15, "username": "realamberheard", "id": "807003567605227520"}, {"start": 16, "end": 29, "username": "kathygriffin", "id": "21148293"}]}, "in_reply_to_user_id": "807003567605227520", "created_at": "2018-12-30T13:35:20.000Z", "text": "@realamberheard @kathygriffin LOL you\u2019re an embarrassment! \ud83d\ude02\ud83d\ude02", "source": "Twitter for iPhone", "public_metrics": {"retweet_count": 0, "reply_count": 0, "like_count": 0, "quote_count": 0}, "id": "1079370353686839297", "author_id": "420643420", "lang": "en", "referenced_tweets": [{"type": "replied_to", "id": "1078476918549172229"}], "replied_tweet": {"entities": {"mentions": [{"start": 0, "end": 13, "username": "kathygriffin", "id": "21148293"}], "hashtags": [{"start": 76, "end": 82, "tag": "TipIt"}]}, "in_reply_to_user_id": "21148293", "created_at": "2018-12-28T02:25:09.000Z", "text": "@kathygriffin You rock!  Thank you, we should split a box of wine sometime! #TipIt", "source": "Twitter for iPhone", "public_metrics": {"retweet_count": 13, "reply_count": 9, "like_count": 76, "quote_count": 2}, "id": "1078476918549172229", "author_id": "807003567605227520", "lang": "en", "author": {"username": "realamberheard", "id": "807003567605227520", "created_at": "2016-12-08T23:26:58.000Z", "public_metrics": {"followers_count": 190462, "following_count": 220, "tweet_count": 1151, "listed_count": 567}, "name": "Amber Heard", "url": "https://t.co/Ze18Ek9SOI", "location": "Los Angeles, CA", "description": "Actor and Activist, semi-professional disruptor, ice cream advocate and shameless teacup yorkie-lover", "profile_image_url": "https://pbs.twimg.com/profile_images/1383196364792680448/N8CdupEu_normal.jpg"}}, "author": {"username": "Lauren_TTx", "id": "420643420", "created_at": "2011-11-24T22:17:32.000Z", "public_metrics": {"followers_count": 1126, "following_count": 1157, "tweet_count": 25173, "listed_count": 8}, "name": "Lauren\ud83d\udc9b\ud83d\udc2c\u2ae9", "url": "", "location": "Northern Ireland", "description": "\ud83c\udfb6This is the life we've been given So open your mind and start living..\ud83c\udfb6 -TakeThat \u2ae9\u2764\ufe0fJD\u2665 \ud83c\udfac \u2665 YNWA\u26bd\ufe0fLFC\u26bd\ufe0f\u2665", "profile_image_url": "https://pbs.twimg.com/profile_images/1456037302929657868/5sDBNa4f_normal.jpg"}}, {"entities": {"mentions": [{"start": 0, "end": 15, "username": "realamberheard", "id": "807003567605227520"}, {"start": 16, "end": 29, "username": "kathygriffin", "id": "21148293"}], "annotations": [{"start": 30, "end": 34, "probability": 0.8742, "type": "Person", "normalized_text": "Amber"}, {"start": 167, "end": 172, "probability": 0.91, "type": "Person", "normalized_text": "Johnny"}], "hashtags": [{"start": 176, "end": 197, "tag": "johnnydeppisinnocent"}]}, "in_reply_to_user_id": "807003567605227520", "created_at": "2018-12-30T02:30:14.000Z", "text": "@realamberheard @kathygriffin Amber don't get drunk too much, because you can accidentally talk about how it was with this domestic violence that you experienced from Johnny \ud83d\ude18 #johnnydeppisinnocent", "source": "Twitter for Android", "public_metrics": {"retweet_count": 0, "reply_count": 0, "like_count": 1, "quote_count": 0}, "id": "1079202975418060801", "author_id": "1831520436", "lang": "en", "referenced_tweets": [{"type": "replied_to", "id": "1078476918549172229"}], "replied_tweet": {"entities": {"mentions": [{"start": 0, "end": 13, "username": "kathygriffin", "id": "21148293"}], "hashtags": [{"start": 76, "end": 82, "tag": "TipIt"}]}, "in_reply_to_user_id": "21148293", "created_at": "2018-12-28T02:25:09.000Z", "text": "@kathygriffin You rock!  Thank you, we should split a box of wine sometime! #TipIt", "source": "Twitter for iPhone", "public_metrics": {"retweet_count": 13, "reply_count": 9, "like_count": 76, "quote_count": 2}, "id": "1078476918549172229", "author_id": "807003567605227520", "lang": "en", "author": {"username": "realamberheard", "id": "807003567605227520", "created_at": "2016-12-08T23:26:58.000Z", "public_metrics": {"followers_count": 190462, "following_count": 220, "tweet_count": 1151, "listed_count": 567}, "name": "Amber Heard", "url": "https://t.co/Ze18Ek9SOI", "location": "Los Angeles, CA", "description": "Actor and Activist, semi-professional disruptor, ice cream advocate and shameless teacup yorkie-lover", "profile_image_url": "https://pbs.twimg.com/profile_images/1383196364792680448/N8CdupEu_normal.jpg"}}, "author": {"username": "I_Believe__Him", "id": "1831520436", "created_at": "2013-09-08T16:42:27.000Z", "public_metrics": {"followers_count": 3, "following_count": 118, "tweet_count": 31, "listed_count": 0}, "name": "weronika tytus", "url": "", "description": "\ud83e\udddc\u200d\u2640\ufe0f", "profile_image_url": "https://pbs.twimg.com/profile_images/1076894520187502592/LLMWeAtb_normal.jpg"}}, {"entities": {"mentions": [{"start": 14, "end": 22, "username": "low2985", "id": "27065314"}, {"start": 23, "end": 36, "username": "kathygriffin", "id": "21148293"}, {"start": 37, "end": 52, "username": "realamberheard", "id": "807003567605227520"}]}, "in_reply_to_user_id": "2657754290", "created_at": "2018-12-30T02:17:19.000Z", "text": "@foodieebooks @low2985 @kathygriffin @realamberheard This is from court documents online.\nThe allegations were dismissed with prejudice by a Judge, you can find the information just as easy as others have. Do the research.\nThe LAPD did not find any hard evidence.\nAlso she was arrested for DV against a previous partner in 2009.", "source": "Twitter for Android", "public_metrics": {"retweet_count": 0, "reply_count": 0, "like_count": 1, "quote_count": 0}, "id": "1079199723851075595", "author_id": "1078635204317720577", "lang": "en", "referenced_tweets": [{"type": "replied_to", "id": "1079178339133337600"}], "replied_tweet": {"entities": {"mentions": [{"start": 0, "end": 13, "username": "kathygriffin", "id": "21148293"}], "hashtags": [{"start": 76, "end": 82, "tag": "TipIt"}]}, "in_reply_to_user_id": "21148293", "created_at": "2018-12-28T02:25:09.000Z", "text": "@kathygriffin You rock!  Thank you, we should split a box of wine sometime! #TipIt", "source": "Twitter for iPhone", "public_metrics": {"retweet_count": 13, "reply_count": 9, "like_count": 76, "quote_count": 2}, "id": "1078476918549172229", "author_id": "807003567605227520", "lang": "en", "author": {"username": "realamberheard", "id": "807003567605227520", "created_at": "2016-12-08T23:26:58.000Z", "public_metrics": {"followers_count": 190462, "following_count": 220, "tweet_count": 1151, "listed_count": 567}, "name": "Amber Heard", "url": "https://t.co/Ze18Ek9SOI", "location": "Los Angeles, CA", "description": "Actor and Activist, semi-professional disruptor, ice cream advocate and shameless teacup yorkie-lover", "profile_image_url": "https://pbs.twimg.com/profile_images/1383196364792680448/N8CdupEu_normal.jpg"}}, "author": {"username": "thackerayarty", "id": "1078635204317720577", "created_at": "2018-12-28T12:54:07.000Z", "public_metrics": {"followers_count": 697, "following_count": 750, "tweet_count": 10057, "listed_count": 0}, "name": "Thackeray \ud83c\uddec\ud83c\udde7\ud83c\uddfa\ud83c\udde6", "url": "", "location": "UK", "description": "Music, Family, Designing, Teaching.", "profile_image_url": "https://pbs.twimg.com/profile_images/1477454862170341381/GMRyjhYQ_normal.jpg"}}, {"entities": {"mentions": [{"start": 10, "end": 18, "username": "low2985", "id": "27065314"}, {"start": 19, "end": 32, "username": "kathygriffin", "id": "21148293"}, {"start": 33, "end": 48, "username": "realamberheard", "id": "807003567605227520"}], "annotations": [{"start": 108, "end": 114, "probability": 0.6261, "type": "Product", "normalized_text": "twitter"}]}, "in_reply_to_user_id": "1078635204317720577", "created_at": "2018-12-30T00:52:20.000Z", "text": "@Thax0001 @low2985 @kathygriffin @realamberheard Cases like that are very convoluted to discuss properly on twitter. The police have to go on hard physical evidence. He said/She said doesn't cut it anymore.", "source": "Twitter Web App", "public_metrics": {"retweet_count": 0, "reply_count": 1, "like_count": 0, "quote_count": 0}, "id": "1079178339133337600", "author_id": "2657754290", "lang": "en", "referenced_tweets": [{"type": "replied_to", "id": "1079171756785577984"}], "replied_tweet": {"entities": {"mentions": [{"start": 0, "end": 13, "username": "kathygriffin", "id": "21148293"}], "hashtags": [{"start": 76, "end": 82, "tag": "TipIt"}]}, "in_reply_to_user_id": "21148293", "created_at": "2018-12-28T02:25:09.000Z", "text": "@kathygriffin You rock!  Thank you, we should split a box of wine sometime! #TipIt", "source": "Twitter for iPhone", "public_metrics": {"retweet_count": 13, "reply_count": 9, "like_count": 76, "quote_count": 2}, "id": "1078476918549172229", "author_id": "807003567605227520", "lang": "en", "author": {"username": "realamberheard", "id": "807003567605227520", "created_at": "2016-12-08T23:26:58.000Z", "public_metrics": {"followers_count": 190462, "following_count": 220, "tweet_count": 1151, "listed_count": 567}, "name": "Amber Heard", "url": "https://t.co/Ze18Ek9SOI", "location": "Los Angeles, CA", "description": "Actor and Activist, semi-professional disruptor, ice cream advocate and shameless teacup yorkie-lover", "profile_image_url": "https://pbs.twimg.com/profile_images/1383196364792680448/N8CdupEu_normal.jpg"}}, "author": {"username": "stylethefuture", "id": "2657754290", "created_at": "2014-07-18T21:14:50.000Z", "public_metrics": {"followers_count": 2746, "following_count": 4239, "tweet_count": 19969, "listed_count": 0}, "name": "Jessica Ogden", "url": "https://t.co/gWrprBjYdj", "location": "Suffolk, England", "description": "Resisting dehumanisation since 2012.\n\nFeminist rescuing herself. \n\nNowhere to hide from the force. \n\nInsta: jessica_ogden", "profile_image_url": "https://pbs.twimg.com/profile_images/1166069228912414720/Wh3mQ931_normal.jpg"}}, {"entities": {"mentions": [{"start": 14, "end": 22, "username": "low2985", "id": "27065314"}, {"start": 23, "end": 36, "username": "kathygriffin", "id": "21148293"}, {"start": 37, "end": 52, "username": "realamberheard", "id": "807003567605227520"}], "annotations": [{"start": 154, "end": 158, "probability": 0.994, "type": "Person", "normalized_text": "Amber"}, {"start": 244, "end": 247, "probability": 0.9855, "type": "Person", "normalized_text": "Depp"}], "hashtags": [{"start": 89, "end": 95, "tag": "metoo"}]}, "in_reply_to_user_id": "2657754290", "created_at": "2018-12-30T00:26:11.000Z", "text": "@foodieebooks @low2985 @kathygriffin @realamberheard I am.\nI repeat I am not criticising #metoo for what they are trying to achieve, but I am criticising Amber Heard for her manipulation of their cause.\nShe manipulated the media into believing Depp abused her when evidence points to her abusing him. It's called Gaslighting.", "source": "Twitter for Android", "public_metrics": {"retweet_count": 0, "reply_count": 1, "like_count": 2, "quote_count": 0}, "id": "1079171756785577984", "author_id": "1078635204317720577", "lang": "en", "referenced_tweets": [{"type": "replied_to", "id": "1079163203354009606"}], "replied_tweet": {"entities": {"mentions": [{"start": 0, "end": 13, "username": "kathygriffin", "id": "21148293"}], "hashtags": [{"start": 76, "end": 82, "tag": "TipIt"}]}, "in_reply_to_user_id": "21148293", "created_at": "2018-12-28T02:25:09.000Z", "text": "@kathygriffin You rock!  Thank you, we should split a box of wine sometime! #TipIt", "source": "Twitter for iPhone", "public_metrics": {"retweet_count": 13, "reply_count": 9, "like_count": 76, "quote_count": 2}, "id": "1078476918549172229", "author_id": "807003567605227520", "lang": "en", "author": {"username": "realamberheard", "id": "807003567605227520", "created_at": "2016-12-08T23:26:58.000Z", "public_metrics": {"followers_count": 190462, "following_count": 220, "tweet_count": 1151, "listed_count": 567}, "name": "Amber Heard", "url": "https://t.co/Ze18Ek9SOI", "location": "Los Angeles, CA", "description": "Actor and Activist, semi-professional disruptor, ice cream advocate and shameless teacup yorkie-lover", "profile_image_url": "https://pbs.twimg.com/profile_images/1383196364792680448/N8CdupEu_normal.jpg"}}, "author": {"username": "thackerayarty", "id": "1078635204317720577", "created_at": "2018-12-28T12:54:07.000Z", "public_metrics": {"followers_count": 697, "following_count": 750, "tweet_count": 10057, "listed_count": 0}, "name": "Thackeray \ud83c\uddec\ud83c\udde7\ud83c\uddfa\ud83c\udde6", "url": "", "location": "UK", "description": "Music, Family, Designing, Teaching.", "profile_image_url": "https://pbs.twimg.com/profile_images/1477454862170341381/GMRyjhYQ_normal.jpg"}}, {"entities": {"mentions": [{"start": 10, "end": 18, "username": "low2985", "id": "27065314"}, {"start": 19, "end": 32, "username": "kathygriffin", "id": "21148293"}, {"start": 33, "end": 48, "username": "realamberheard", "id": "807003567605227520"}]}, "in_reply_to_user_id": "1078635204317720577", "created_at": "2018-12-29T23:52:12.000Z", "text": "@Thax0001 @low2985 @kathygriffin @realamberheard My point is, you should aim your criticism at the woman who did it and not the movement she was vaguely associated with.", "source": "Twitter Web App", "public_metrics": {"retweet_count": 0, "reply_count": 1, "like_count": 0, "quote_count": 0}, "id": "1079163203354009606", "author_id": "2657754290", "lang": "en", "referenced_tweets": [{"type": "replied_to", "id": "1079156842532605952"}], "replied_tweet": {"entities": {"mentions": [{"start": 0, "end": 13, "username": "kathygriffin", "id": "21148293"}], "hashtags": [{"start": 76, "end": 82, "tag": "TipIt"}]}, "in_reply_to_user_id": "21148293", "created_at": "2018-12-28T02:25:09.000Z", "text": "@kathygriffin You rock!  Thank you, we should split a box of wine sometime! #TipIt", "source": "Twitter for iPhone", "public_metrics": {"retweet_count": 13, "reply_count": 9, "like_count": 76, "quote_count": 2}, "id": "1078476918549172229", "author_id": "807003567605227520", "lang": "en", "author": {"username": "realamberheard", "id": "807003567605227520", "created_at": "2016-12-08T23:26:58.000Z", "public_metrics": {"followers_count": 190462, "following_count": 220, "tweet_count": 1151, "listed_count": 567}, "name": "Amber Heard", "url": "https://t.co/Ze18Ek9SOI", "location": "Los Angeles, CA", "description": "Actor and Activist, semi-professional disruptor, ice cream advocate and shameless teacup yorkie-lover", "profile_image_url": "https://pbs.twimg.com/profile_images/1383196364792680448/N8CdupEu_normal.jpg"}}, "author": {"username": "stylethefuture", "id": "2657754290", "created_at": "2014-07-18T21:14:50.000Z", "public_metrics": {"followers_count": 2746, "following_count": 4239, "tweet_count": 19969, "listed_count": 0}, "name": "Jessica Ogden", "url": "https://t.co/gWrprBjYdj", "location": "Suffolk, England", "description": "Resisting dehumanisation since 2012.\n\nFeminist rescuing herself. \n\nNowhere to hide from the force. \n\nInsta: jessica_ogden", "profile_image_url": "https://pbs.twimg.com/profile_images/1166069228912414720/Wh3mQ931_normal.jpg"}}, {"entities": {"mentions": [{"start": 14, "end": 22, "username": "low2985", "id": "27065314"}, {"start": 23, "end": 36, "username": "kathygriffin", "id": "21148293"}, {"start": 37, "end": 52, "username": "realamberheard", "id": "807003567605227520"}], "hashtags": [{"start": 71, "end": 77, "tag": "metoo"}]}, "in_reply_to_user_id": "2657754290", "created_at": "2018-12-29T23:26:55.000Z", "text": "@foodieebooks @low2985 @kathygriffin @realamberheard I am not judging  #metoo movt at all, I think its a much needed and valued movement.\nMy concern is not with them but with an individual manipulating their ideals for their own gain.\n\nI think you misunderstood my point entirely.", "source": "Twitter for Android", "public_metrics": {"retweet_count": 0, "reply_count": 1, "like_count": 1, "quote_count": 0}, "id": "1079156842532605952", "author_id": "1078635204317720577", "lang": "en", "referenced_tweets": [{"type": "replied_to", "id": "1079147594885095424"}], "replied_tweet": {"entities": {"mentions": [{"start": 0, "end": 13, "username": "kathygriffin", "id": "21148293"}], "hashtags": [{"start": 76, "end": 82, "tag": "TipIt"}]}, "in_reply_to_user_id": "21148293", "created_at": "2018-12-28T02:25:09.000Z", "text": "@kathygriffin You rock!  Thank you, we should split a box of wine sometime! #TipIt", "source": "Twitter for iPhone", "public_metrics": {"retweet_count": 13, "reply_count": 9, "like_count": 76, "quote_count": 2}, "id": "1078476918549172229", "author_id": "807003567605227520", "lang": "en", "author": {"username": "realamberheard", "id": "807003567605227520", "created_at": "2016-12-08T23:26:58.000Z", "public_metrics": {"followers_count": 190462, "following_count": 220, "tweet_count": 1151, "listed_count": 567}, "name": "Amber Heard", "url": "https://t.co/Ze18Ek9SOI", "location": "Los Angeles, CA", "description": "Actor and Activist, semi-professional disruptor, ice cream advocate and shameless teacup yorkie-lover", "profile_image_url": "https://pbs.twimg.com/profile_images/1383196364792680448/N8CdupEu_normal.jpg"}}, "author": {"username": "thackerayarty", "id": "1078635204317720577", "created_at": "2018-12-28T12:54:07.000Z", "public_metrics": {"followers_count": 697, "following_count": 750, "tweet_count": 10057, "listed_count": 0}, "name": "Thackeray \ud83c\uddec\ud83c\udde7\ud83c\uddfa\ud83c\udde6", "url": "", "location": "UK", "description": "Music, Family, Designing, Teaching.", "profile_image_url": "https://pbs.twimg.com/profile_images/1477454862170341381/GMRyjhYQ_normal.jpg"}}, {"entities": {"mentions": [{"start": 10, "end": 18, "username": "low2985", "id": "27065314"}, {"start": 19, "end": 32, "username": "kathygriffin", "id": "21148293"}, {"start": 33, "end": 48, "username": "realamberheard", "id": "807003567605227520"}], "hashtags": [{"start": 145, "end": 151, "tag": "MeToo"}]}, "in_reply_to_user_id": "1078635204317720577", "created_at": "2018-12-29T22:50:10.000Z", "text": "@Thax0001 @low2985 @kathygriffin @realamberheard That is just a question of thier morality, both sexes have immoral members. You can't judge the #MeToo movement for one womans actions. I don't judge all men on what anti-feminists say to me.", "source": "Twitter Web App", "public_metrics": {"retweet_count": 0, "reply_count": 1, "like_count": 0, "quote_count": 0}, "id": "1079147594885095424", "author_id": "2657754290", "lang": "en", "referenced_tweets": [{"type": "replied_to", "id": "1079144996434034688"}], "replied_tweet": {"entities": {"mentions": [{"start": 0, "end": 13, "username": "kathygriffin", "id": "21148293"}], "hashtags": [{"start": 76, "end": 82, "tag": "TipIt"}]}, "in_reply_to_user_id": "21148293", "created_at": "2018-12-28T02:25:09.000Z", "text": "@kathygriffin You rock!  Thank you, we should split a box of wine sometime! #TipIt", "source": "Twitter for iPhone", "public_metrics": {"retweet_count": 13, "reply_count": 9, "like_count": 76, "quote_count": 2}, "id": "1078476918549172229", "author_id": "807003567605227520", "lang": "en", "author": {"username": "realamberheard", "id": "807003567605227520", "created_at": "2016-12-08T23:26:58.000Z", "public_metrics": {"followers_count": 190462, "following_count": 220, "tweet_count": 1151, "listed_count": 567}, "name": "Amber Heard", "url": "https://t.co/Ze18Ek9SOI", "location": "Los Angeles, CA", "description": "Actor and Activist, semi-professional disruptor, ice cream advocate and shameless teacup yorkie-lover", "profile_image_url": "https://pbs.twimg.com/profile_images/1383196364792680448/N8CdupEu_normal.jpg"}}, "author": {"username": "stylethefuture", "id": "2657754290", "created_at": "2014-07-18T21:14:50.000Z", "public_metrics": {"followers_count": 2746, "following_count": 4239, "tweet_count": 19969, "listed_count": 0}, "name": "Jessica Ogden", "url": "https://t.co/gWrprBjYdj", "location": "Suffolk, England", "description": "Resisting dehumanisation since 2012.\n\nFeminist rescuing herself. \n\nNowhere to hide from the force. \n\nInsta: jessica_ogden", "profile_image_url": "https://pbs.twimg.com/profile_images/1166069228912414720/Wh3mQ931_normal.jpg"}}, {"entities": {"mentions": [{"start": 14, "end": 22, "username": "low2985", "id": "27065314"}, {"start": 23, "end": 36, "username": "kathygriffin", "id": "21148293"}, {"start": 37, "end": 52, "username": "realamberheard", "id": "807003567605227520"}], "hashtags": [{"start": 96, "end": 102, "tag": "metoo"}]}, "in_reply_to_user_id": "2657754290", "created_at": "2018-12-29T22:39:51.000Z", "text": "@foodieebooks @low2985 @kathygriffin @realamberheard I didn't say that men haven't lied, no the #metoo movt isn't for that.\nWhen an allegation in made &amp; dismissed with prejudice by a Judge, it's set to ruin a person's life &amp; that of their family, that is wrong.\nHeard has used the movt for her own gain, that is also wrong.", "source": "Twitter for Android", "public_metrics": {"retweet_count": 0, "reply_count": 1, "like_count": 1, "quote_count": 0}, "id": "1079144996434034688", "author_id": "1078635204317720577", "lang": "en", "referenced_tweets": [{"type": "replied_to", "id": "1079140542498394114"}], "replied_tweet": {"entities": {"mentions": [{"start": 0, "end": 13, "username": "kathygriffin", "id": "21148293"}], "hashtags": [{"start": 76, "end": 82, "tag": "TipIt"}]}, "in_reply_to_user_id": "21148293", "created_at": "2018-12-28T02:25:09.000Z", "text": "@kathygriffin You rock!  Thank you, we should split a box of wine sometime! #TipIt", "source": "Twitter for iPhone", "public_metrics": {"retweet_count": 13, "reply_count": 9, "like_count": 76, "quote_count": 2}, "id": "1078476918549172229", "author_id": "807003567605227520", "lang": "en", "author": {"username": "realamberheard", "id": "807003567605227520", "created_at": "2016-12-08T23:26:58.000Z", "public_metrics": {"followers_count": 190462, "following_count": 220, "tweet_count": 1151, "listed_count": 567}, "name": "Amber Heard", "url": "https://t.co/Ze18Ek9SOI", "location": "Los Angeles, CA", "description": "Actor and Activist, semi-professional disruptor, ice cream advocate and shameless teacup yorkie-lover", "profile_image_url": "https://pbs.twimg.com/profile_images/1383196364792680448/N8CdupEu_normal.jpg"}}, "author": {"username": "thackerayarty", "id": "1078635204317720577", "created_at": "2018-12-28T12:54:07.000Z", "public_metrics": {"followers_count": 697, "following_count": 750, "tweet_count": 10057, "listed_count": 0}, "name": "Thackeray \ud83c\uddec\ud83c\udde7\ud83c\uddfa\ud83c\udde6", "url": "", "location": "UK", "description": "Music, Family, Designing, Teaching.", "profile_image_url": "https://pbs.twimg.com/profile_images/1477454862170341381/GMRyjhYQ_normal.jpg"}}, {"entities": {"mentions": [{"start": 10, "end": 18, "username": "low2985", "id": "27065314"}, {"start": 19, "end": 32, "username": "kathygriffin", "id": "21148293"}, {"start": 33, "end": 48, "username": "realamberheard", "id": "807003567605227520"}], "hashtags": [{"start": 117, "end": 123, "tag": "metoo"}]}, "in_reply_to_user_id": "1078635204317720577", "created_at": "2018-12-29T22:22:09.000Z", "text": "@Thax0001 @low2985 @kathygriffin @realamberheard I think men may have told a few lies too in the past. Obviously the #metoo movement isn't for filing false police reports.", "source": "Twitter Web App", "public_metrics": {"retweet_count": 0, "reply_count": 1, "like_count": 0, "quote_count": 0}, "id": "1079140542498394114", "author_id": "2657754290", "lang": "en", "referenced_tweets": [{"type": "replied_to", "id": "1079139379019464705"}], "replied_tweet": {"entities": {"mentions": [{"start": 0, "end": 13, "username": "kathygriffin", "id": "21148293"}], "hashtags": [{"start": 76, "end": 82, "tag": "TipIt"}]}, "in_reply_to_user_id": "21148293", "created_at": "2018-12-28T02:25:09.000Z", "text": "@kathygriffin You rock!  Thank you, we should split a box of wine sometime! #TipIt", "source": "Twitter for iPhone", "public_metrics": {"retweet_count": 13, "reply_count": 9, "like_count": 76, "quote_count": 2}, "id": "1078476918549172229", "author_id": "807003567605227520", "lang": "en", "author": {"username": "realamberheard", "id": "807003567605227520", "created_at": "2016-12-08T23:26:58.000Z", "public_metrics": {"followers_count": 190462, "following_count": 220, "tweet_count": 1151, "listed_count": 567}, "name": "Amber Heard", "url": "https://t.co/Ze18Ek9SOI", "location": "Los Angeles, CA", "description": "Actor and Activist, semi-professional disruptor, ice cream advocate and shameless teacup yorkie-lover", "profile_image_url": "https://pbs.twimg.com/profile_images/1383196364792680448/N8CdupEu_normal.jpg"}}, "author": {"username": "stylethefuture", "id": "2657754290", "created_at": "2014-07-18T21:14:50.000Z", "public_metrics": {"followers_count": 2746, "following_count": 4239, "tweet_count": 19969, "listed_count": 0}, "name": "Jessica Ogden", "url": "https://t.co/gWrprBjYdj", "location": "Suffolk, England", "description": "Resisting dehumanisation since 2012.\n\nFeminist rescuing herself. \n\nNowhere to hide from the force. \n\nInsta: jessica_ogden", "profile_image_url": "https://pbs.twimg.com/profile_images/1166069228912414720/Wh3mQ931_normal.jpg"}}, {"entities": {"mentions": [{"start": 14, "end": 22, "username": "low2985", "id": "27065314"}, {"start": 23, "end": 36, "username": "kathygriffin", "id": "21148293"}, {"start": 37, "end": 52, "username": "realamberheard", "id": "807003567605227520"}], "annotations": [{"start": 93, "end": 96, "probability": 0.9707, "type": "Person", "normalized_text": "Depp"}, {"start": 159, "end": 162, "probability": 0.9747, "type": "Person", "normalized_text": "Depp"}, {"start": 217, "end": 220, "probability": 0.3861, "type": "Organization", "normalized_text": "LAPD"}]}, "in_reply_to_user_id": "2657754290", "created_at": "2018-12-29T22:17:32.000Z", "text": "@foodieebooks @low2985 @kathygriffin @realamberheard There is more evidence of Heard abusing Depp, including her admitting it in court docs, than there was of Depp abusing Heard.\nAs for the Police being involved, the LAPD were called &amp; they could find no evidence of him abusing her when they arrived at the apartment.\nShe lied.", "source": "Twitter for Android", "public_metrics": {"retweet_count": 0, "reply_count": 1, "like_count": 1, "quote_count": 0}, "id": "1079139379019464705", "author_id": "1078635204317720577", "lang": "en", "referenced_tweets": [{"type": "replied_to", "id": "1079126828110016514"}], "replied_tweet": {"entities": {"mentions": [{"start": 0, "end": 13, "username": "kathygriffin", "id": "21148293"}], "hashtags": [{"start": 76, "end": 82, "tag": "TipIt"}]}, "in_reply_to_user_id": "21148293", "created_at": "2018-12-28T02:25:09.000Z", "text": "@kathygriffin You rock!  Thank you, we should split a box of wine sometime! #TipIt", "source": "Twitter for iPhone", "public_metrics": {"retweet_count": 13, "reply_count": 9, "like_count": 76, "quote_count": 2}, "id": "1078476918549172229", "author_id": "807003567605227520", "lang": "en", "author": {"username": "realamberheard", "id": "807003567605227520", "created_at": "2016-12-08T23:26:58.000Z", "public_metrics": {"followers_count": 190462, "following_count": 220, "tweet_count": 1151, "listed_count": 567}, "name": "Amber Heard", "url": "https://t.co/Ze18Ek9SOI", "location": "Los Angeles, CA", "description": "Actor and Activist, semi-professional disruptor, ice cream advocate and shameless teacup yorkie-lover", "profile_image_url": "https://pbs.twimg.com/profile_images/1383196364792680448/N8CdupEu_normal.jpg"}}, "author": {"username": "thackerayarty", "id": "1078635204317720577", "created_at": "2018-12-28T12:54:07.000Z", "public_metrics": {"followers_count": 697, "following_count": 750, "tweet_count": 10057, "listed_count": 0}, "name": "Thackeray \ud83c\uddec\ud83c\udde7\ud83c\uddfa\ud83c\udde6", "url": "", "location": "UK", "description": "Music, Family, Designing, Teaching.", "profile_image_url": "https://pbs.twimg.com/profile_images/1477454862170341381/GMRyjhYQ_normal.jpg"}}, {"entities": {"mentions": [{"start": 10, "end": 18, "username": "low2985", "id": "27065314"}, {"start": 19, "end": 32, "username": "kathygriffin", "id": "21148293"}, {"start": 33, "end": 48, "username": "realamberheard", "id": "807003567605227520"}]}, "in_reply_to_user_id": "1078635204317720577", "created_at": "2018-12-29T21:27:39.000Z", "text": "@Thax0001 @low2985 @kathygriffin @realamberheard What men have been falsely accused of abuse? Go to the police if you know for a fact it's a false accusation.", "source": "Twitter Web App", "public_metrics": {"retweet_count": 0, "reply_count": 1, "like_count": 0, "quote_count": 0}, "id": "1079126828110016514", "author_id": "2657754290", "lang": "en", "referenced_tweets": [{"type": "replied_to", "id": "1079123788082622464"}], "replied_tweet": {"entities": {"mentions": [{"start": 0, "end": 13, "username": "kathygriffin", "id": "21148293"}], "hashtags": [{"start": 76, "end": 82, "tag": "TipIt"}]}, "in_reply_to_user_id": "21148293", "created_at": "2018-12-28T02:25:09.000Z", "text": "@kathygriffin You rock!  Thank you, we should split a box of wine sometime! #TipIt", "source": "Twitter for iPhone", "public_metrics": {"retweet_count": 13, "reply_count": 9, "like_count": 76, "quote_count": 2}, "id": "1078476918549172229", "author_id": "807003567605227520", "lang": "en", "author": {"username": "realamberheard", "id": "807003567605227520", "created_at": "2016-12-08T23:26:58.000Z", "public_metrics": {"followers_count": 190462, "following_count": 220, "tweet_count": 1151, "listed_count": 567}, "name": "Amber Heard", "url": "https://t.co/Ze18Ek9SOI", "location": "Los Angeles, CA", "description": "Actor and Activist, semi-professional disruptor, ice cream advocate and shameless teacup yorkie-lover", "profile_image_url": "https://pbs.twimg.com/profile_images/1383196364792680448/N8CdupEu_normal.jpg"}}, "author": {"username": "stylethefuture", "id": "2657754290", "created_at": "2014-07-18T21:14:50.000Z", "public_metrics": {"followers_count": 2746, "following_count": 4239, "tweet_count": 19969, "listed_count": 0}, "name": "Jessica Ogden", "url": "https://t.co/gWrprBjYdj", "location": "Suffolk, England", "description": "Resisting dehumanisation since 2012.\n\nFeminist rescuing herself. \n\nNowhere to hide from the force. \n\nInsta: jessica_ogden", "profile_image_url": "https://pbs.twimg.com/profile_images/1166069228912414720/Wh3mQ931_normal.jpg"}}, {"entities": {"mentions": [{"start": 0, "end": 8, "username": "low2985", "id": "27065314"}, {"start": 9, "end": 22, "username": "kathygriffin", "id": "21148293"}, {"start": 23, "end": 38, "username": "realamberheard", "id": "807003567605227520"}], "hashtags": [{"start": 142, "end": 148, "tag": "MeToo"}]}, "in_reply_to_user_id": "27065314", "created_at": "2018-12-29T21:15:34.000Z", "text": "@low2985 @kathygriffin @realamberheard Yeah do that. Kindred spirits!\nYou could discuss why some women falsely accuse men of DV &amp; use the #MeToo movement to further their own career whilst making a mockery of those of us that have survived real abuse.\nYou both disgust me, and it would be great if you could disappear.", "source": "Twitter for Android", "public_metrics": {"retweet_count": 0, "reply_count": 1, "like_count": 1, "quote_count": 0}, "id": "1079123788082622464", "author_id": "1078635204317720577", "lang": "en", "referenced_tweets": [{"type": "replied_to", "id": "1078818392277164032"}], "replied_tweet": {"entities": {"mentions": [{"start": 0, "end": 13, "username": "kathygriffin", "id": "21148293"}], "hashtags": [{"start": 76, "end": 82, "tag": "TipIt"}]}, "in_reply_to_user_id": "21148293", "created_at": "2018-12-28T02:25:09.000Z", "text": "@kathygriffin You rock!  Thank you, we should split a box of wine sometime! #TipIt", "source": "Twitter for iPhone", "public_metrics": {"retweet_count": 13, "reply_count": 9, "like_count": 76, "quote_count": 2}, "id": "1078476918549172229", "author_id": "807003567605227520", "lang": "en", "author": {"username": "realamberheard", "id": "807003567605227520", "created_at": "2016-12-08T23:26:58.000Z", "public_metrics": {"followers_count": 190462, "following_count": 220, "tweet_count": 1151, "listed_count": 567}, "name": "Amber Heard", "url": "https://t.co/Ze18Ek9SOI", "location": "Los Angeles, CA", "description": "Actor and Activist, semi-professional disruptor, ice cream advocate and shameless teacup yorkie-lover", "profile_image_url": "https://pbs.twimg.com/profile_images/1383196364792680448/N8CdupEu_normal.jpg"}}, "author": {"username": "thackerayarty", "id": "1078635204317720577", "created_at": "2018-12-28T12:54:07.000Z", "public_metrics": {"followers_count": 697, "following_count": 750, "tweet_count": 10057, "listed_count": 0}, "name": "Thackeray \ud83c\uddec\ud83c\udde7\ud83c\uddfa\ud83c\udde6", "url": "", "location": "UK", "description": "Music, Family, Designing, Teaching.", "profile_image_url": "https://pbs.twimg.com/profile_images/1477454862170341381/GMRyjhYQ_normal.jpg"}}, {"entities": {"mentions": [{"start": 0, "end": 13, "username": "kathygriffin", "id": "21148293"}, {"start": 14, "end": 29, "username": "realamberheard", "id": "807003567605227520"}], "hashtags": [{"start": 64, "end": 73, "tag": "pathetic"}], "urls": [{"start": 74, "end": 97, "url": "https://t.co/3FOwT19NhS", "expanded_url": "https://twitter.com/Lifeisabirdsong/status/1079098078395813894/photo/1", "display_url": "pic.twitter.com/3FOwT19NhS"}]}, "in_reply_to_user_id": "21148293", "created_at": "2018-12-29T19:33:25.000Z", "text": "@kathygriffin @realamberheard Cheers to your successful careers #pathetic https://t.co/3FOwT19NhS", "source": "Twitter for Android", "public_metrics": {"retweet_count": 0, "reply_count": 0, "like_count": 1, "quote_count": 0}, "id": "1079098078395813894", "author_id": "815993795057741829", "lang": "en", "referenced_tweets": [{"type": "replied_to", "id": "1078770746078314496"}], "replied_tweet": {"entities": {"mentions": [{"start": 0, "end": 13, "username": "kathygriffin", "id": "21148293"}], "hashtags": [{"start": 76, "end": 82, "tag": "TipIt"}]}, "in_reply_to_user_id": "21148293", "created_at": "2018-12-28T02:25:09.000Z", "text": "@kathygriffin You rock!  Thank you, we should split a box of wine sometime! #TipIt", "source": "Twitter for iPhone", "public_metrics": {"retweet_count": 13, "reply_count": 9, "like_count": 76, "quote_count": 2}, "id": "1078476918549172229", "author_id": "807003567605227520", "lang": "en", "author": {"username": "realamberheard", "id": "807003567605227520", "created_at": "2016-12-08T23:26:58.000Z", "public_metrics": {"followers_count": 190462, "following_count": 220, "tweet_count": 1151, "listed_count": 567}, "name": "Amber Heard", "url": "https://t.co/Ze18Ek9SOI", "location": "Los Angeles, CA", "description": "Actor and Activist, semi-professional disruptor, ice cream advocate and shameless teacup yorkie-lover", "profile_image_url": "https://pbs.twimg.com/profile_images/1383196364792680448/N8CdupEu_normal.jpg"}}, "author": {"username": "Lifeisabirdsong", "id": "815993795057741829", "created_at": "2017-01-02T18:50:55.000Z", "public_metrics": {"followers_count": 905, "following_count": 225, "tweet_count": 19096, "listed_count": 3}, "name": "Ang_Xim", "url": "", "description": "I support Johnny Depp", "profile_image_url": "https://pbs.twimg.com/profile_images/1323370018155847682/7tK_liLc_normal.png"}}, {"entities": {"mentions": [{"start": 17, "end": 30, "username": "kathygriffin", "id": "21148293"}, {"start": 31, "end": 46, "username": "realamberheard", "id": "807003567605227520"}, {"start": 56, "end": 71, "username": "realamberheard", "id": "807003567605227520"}]}, "in_reply_to_user_id": "1016802918635376640", "created_at": "2018-12-29T14:37:57.000Z", "text": "@RobertJauregui7 @kathygriffin @realamberheard I\u2019m sure @realamberheard will get video......there\u2019s always a charity she can give someone else\u2019s money to.", "source": "Twitter for iPad", "public_metrics": {"retweet_count": 0, "reply_count": 0, "like_count": 0, "quote_count": 0}, "id": "1079023724907646976", "author_id": "820791558836539392", "lang": "en", "referenced_tweets": [{"type": "replied_to", "id": "1078777169487282176"}], "replied_tweet": {"entities": {"mentions": [{"start": 0, "end": 13, "username": "kathygriffin", "id": "21148293"}], "hashtags": [{"start": 76, "end": 82, "tag": "TipIt"}]}, "in_reply_to_user_id": "21148293", "created_at": "2018-12-28T02:25:09.000Z", "text": "@kathygriffin You rock!  Thank you, we should split a box of wine sometime! #TipIt", "source": "Twitter for iPhone", "public_metrics": {"retweet_count": 13, "reply_count": 9, "like_count": 76, "quote_count": 2}, "id": "1078476918549172229", "author_id": "807003567605227520", "lang": "en", "author": {"username": "realamberheard", "id": "807003567605227520", "created_at": "2016-12-08T23:26:58.000Z", "public_metrics": {"followers_count": 190462, "following_count": 220, "tweet_count": 1151, "listed_count": 567}, "name": "Amber Heard", "url": "https://t.co/Ze18Ek9SOI", "location": "Los Angeles, CA", "description": "Actor and Activist, semi-professional disruptor, ice cream advocate and shameless teacup yorkie-lover", "profile_image_url": "https://pbs.twimg.com/profile_images/1383196364792680448/N8CdupEu_normal.jpg"}}, "author": {"username": "professor_gumby", "id": "820791558836539392", "created_at": "2017-01-16T00:35:32.000Z", "public_metrics": {"followers_count": 127, "following_count": 571, "tweet_count": 7639, "listed_count": 0}, "name": "Professor R.J. Gumby", "url": "", "location": "In the Night Kitchen", "description": "~ I\u2019m a witty little ditty ~", "profile_image_url": "https://pbs.twimg.com/profile_images/1235102429634531329/_FltZQhb_normal.jpg"}}, {"entities": {"mentions": [{"start": 0, "end": 13, "username": "kathygriffin", "id": "21148293"}, {"start": 14, "end": 29, "username": "realamberheard", "id": "807003567605227520"}, {"start": 60, "end": 75, "username": "realamberheard", "id": "807003567605227520"}]}, "in_reply_to_user_id": "21148293", "created_at": "2018-12-29T13:12:40.000Z", "text": "@kathygriffin @realamberheard Be careful drinking wine with @realamberheard..she makes video recordings with her phone so she can \u201cdonate\u201d to charity with someone else\u2019s money.", "source": "Twitter for iPad", "public_metrics": {"retweet_count": 1, "reply_count": 1, "like_count": 11, "quote_count": 0}, "id": "1079002262725382144", "author_id": "820791558836539392", "lang": "en", "referenced_tweets": [{"type": "replied_to", "id": "1078770746078314496"}], "replied_tweet": {"entities": {"mentions": [{"start": 0, "end": 13, "username": "kathygriffin", "id": "21148293"}], "hashtags": [{"start": 76, "end": 82, "tag": "TipIt"}]}, "in_reply_to_user_id": "21148293", "created_at": "2018-12-28T02:25:09.000Z", "text": "@kathygriffin You rock!  Thank you, we should split a box of wine sometime! #TipIt", "source": "Twitter for iPhone", "public_metrics": {"retweet_count": 13, "reply_count": 9, "like_count": 76, "quote_count": 2}, "id": "1078476918549172229", "author_id": "807003567605227520", "lang": "en", "author": {"username": "realamberheard", "id": "807003567605227520", "created_at": "2016-12-08T23:26:58.000Z", "public_metrics": {"followers_count": 190462, "following_count": 220, "tweet_count": 1151, "listed_count": 567}, "name": "Amber Heard", "url": "https://t.co/Ze18Ek9SOI", "location": "Los Angeles, CA", "description": "Actor and Activist, semi-professional disruptor, ice cream advocate and shameless teacup yorkie-lover", "profile_image_url": "https://pbs.twimg.com/profile_images/1383196364792680448/N8CdupEu_normal.jpg"}}, "author": {"username": "professor_gumby", "id": "820791558836539392", "created_at": "2017-01-16T00:35:32.000Z", "public_metrics": {"followers_count": 127, "following_count": 571, "tweet_count": 7639, "listed_count": 0}, "name": "Professor R.J. Gumby", "url": "", "location": "In the Night Kitchen", "description": "~ I\u2019m a witty little ditty ~", "profile_image_url": "https://pbs.twimg.com/profile_images/1235102429634531329/_FltZQhb_normal.jpg"}}, {"entities": {"mentions": [{"start": 0, "end": 13, "username": "kathygriffin", "id": "21148293"}, {"start": 14, "end": 29, "username": "realamberheard", "id": "807003567605227520"}]}, "in_reply_to_user_id": "21148293", "created_at": "2018-12-29T01:02:02.000Z", "text": "@kathygriffin @realamberheard Disgusting", "source": "Twitter for iPhone", "public_metrics": {"retweet_count": 0, "reply_count": 1, "like_count": 2, "quote_count": 0}, "id": "1078818392277164032", "author_id": "27065314", "lang": "en", "referenced_tweets": [{"type": "replied_to", "id": "1078770746078314496"}], "replied_tweet": {"entities": {"mentions": [{"start": 0, "end": 13, "username": "kathygriffin", "id": "21148293"}], "hashtags": [{"start": 76, "end": 82, "tag": "TipIt"}]}, "in_reply_to_user_id": "21148293", "created_at": "2018-12-28T02:25:09.000Z", "text": "@kathygriffin You rock!  Thank you, we should split a box of wine sometime! #TipIt", "source": "Twitter for iPhone", "public_metrics": {"retweet_count": 13, "reply_count": 9, "like_count": 76, "quote_count": 2}, "id": "1078476918549172229", "author_id": "807003567605227520", "lang": "en", "author": {"username": "realamberheard", "id": "807003567605227520", "created_at": "2016-12-08T23:26:58.000Z", "public_metrics": {"followers_count": 190462, "following_count": 220, "tweet_count": 1151, "listed_count": 567}, "name": "Amber Heard", "url": "https://t.co/Ze18Ek9SOI", "location": "Los Angeles, CA", "description": "Actor and Activist, semi-professional disruptor, ice cream advocate and shameless teacup yorkie-lover", "profile_image_url": "https://pbs.twimg.com/profile_images/1383196364792680448/N8CdupEu_normal.jpg"}}, "author": {"username": "low2985", "id": "27065314", "created_at": "2009-03-27T18:34:57.000Z", "public_metrics": {"followers_count": 831, "following_count": 1913, "tweet_count": 24368, "listed_count": 0}, "name": "laura\ud83c\udff4\u200d\u2620\ufe0f", "url": "", "location": "United Kingdom", "description": "Karma Is A Bitch\ud83d\ude18 MUFC\u26bd\ufe0f\u2665\ufe0f#DontBuyTheSun Fake Feminist Not Welcome #FuckTheTories", "profile_image_url": "https://pbs.twimg.com/profile_images/878677451647406085/Cd7fnh0M_normal.jpg"}}, {"entities": {"mentions": [{"start": 0, "end": 13, "username": "kathygriffin", "id": "21148293"}, {"start": 14, "end": 29, "username": "realamberheard", "id": "807003567605227520"}], "annotations": [{"start": 108, "end": 112, "probability": 0.8053, "type": "Person", "normalized_text": "amber"}], "urls": [{"start": 318, "end": 341, "url": "https://t.co/oeluLZRDaJ", "expanded_url": "https://twitter.com/mrsluv78/status/1078797570451886080/photo/1", "display_url": "pic.twitter.com/oeluLZRDaJ"}, {"start": 318, "end": 341, "url": "https://t.co/oeluLZRDaJ", "expanded_url": "https://twitter.com/mrsluv78/status/1078797570451886080/photo/1", "display_url": "pic.twitter.com/oeluLZRDaJ"}, {"start": 318, "end": 341, "url": "https://t.co/oeluLZRDaJ", "expanded_url": "https://twitter.com/mrsluv78/status/1078797570451886080/photo/1", "display_url": "pic.twitter.com/oeluLZRDaJ"}, {"start": 318, "end": 341, "url": "https://t.co/oeluLZRDaJ", "expanded_url": "https://twitter.com/mrsluv78/status/1078797570451886080/photo/1", "display_url": "pic.twitter.com/oeluLZRDaJ"}]}, "in_reply_to_user_id": "21148293", "created_at": "2018-12-28T23:39:18.000Z", "text": "@kathygriffin @realamberheard You are disgusting for defending this liar &amp; abuser. I'm A REAL DV survivor &amp; amber heard is a huge insult to real victims! She abused him then FRAMED HIM AFTER He rejected her demands in a blackmail letter. Its beyond disgusting that this violent woman keeps getting glorified \ud83d\ude21 https://t.co/oeluLZRDaJ", "source": "Twitter for Android", "public_metrics": {"retweet_count": 2, "reply_count": 0, "like_count": 6, "quote_count": 0}, "id": "1078797570451886080", "author_id": "529984830", "lang": "en", "referenced_tweets": [{"type": "replied_to", "id": "1078770746078314496"}], "replied_tweet": {"entities": {"mentions": [{"start": 0, "end": 13, "username": "kathygriffin", "id": "21148293"}], "hashtags": [{"start": 76, "end": 82, "tag": "TipIt"}]}, "in_reply_to_user_id": "21148293", "created_at": "2018-12-28T02:25:09.000Z", "text": "@kathygriffin You rock!  Thank you, we should split a box of wine sometime! #TipIt", "source": "Twitter for iPhone", "public_metrics": {"retweet_count": 13, "reply_count": 9, "like_count": 76, "quote_count": 2}, "id": "1078476918549172229", "author_id": "807003567605227520", "lang": "en", "author": {"username": "realamberheard", "id": "807003567605227520", "created_at": "2016-12-08T23:26:58.000Z", "public_metrics": {"followers_count": 190462, "following_count": 220, "tweet_count": 1151, "listed_count": 567}, "name": "Amber Heard", "url": "https://t.co/Ze18Ek9SOI", "location": "Los Angeles, CA", "description": "Actor and Activist, semi-professional disruptor, ice cream advocate and shameless teacup yorkie-lover", "profile_image_url": "https://pbs.twimg.com/profile_images/1383196364792680448/N8CdupEu_normal.jpg"}}, "author": {"username": "hazeleyeangel78", "id": "529984830", "created_at": "2012-03-20T00:33:50.000Z", "public_metrics": {"followers_count": 1091, "following_count": 1970, "tweet_count": 11216, "listed_count": 4}, "name": "melissa s.78", "url": "", "location": "Pennsylvania, USA", "description": "old username was @ mrsluv78.", "profile_image_url": "https://pbs.twimg.com/profile_images/1280342285876629508/GyPc6tNT_normal.jpg"}}, {"entities": {"mentions": [{"start": 0, "end": 15, "username": "realamberheard", "id": "807003567605227520"}]}, "in_reply_to_user_id": "807003567605227520", "created_at": "2018-12-28T21:52:43.000Z", "text": "@realamberheard Anytime, gurrrl!", "source": "Twitter for iPhone", "public_metrics": {"retweet_count": 6, "reply_count": 6, "like_count": 26, "quote_count": 1}, "id": "1078770746078314496", "author_id": "21148293", "lang": "en", "referenced_tweets": [{"type": "replied_to", "id": "1078476918549172229"}], "replied_tweet": {"entities": {"mentions": [{"start": 0, "end": 13, "username": "kathygriffin", "id": "21148293"}], "hashtags": [{"start": 76, "end": 82, "tag": "TipIt"}]}, "in_reply_to_user_id": "21148293", "created_at": "2018-12-28T02:25:09.000Z", "text": "@kathygriffin You rock!  Thank you, we should split a box of wine sometime! #TipIt", "source": "Twitter for iPhone", "public_metrics": {"retweet_count": 13, "reply_count": 9, "like_count": 76, "quote_count": 2}, "id": "1078476918549172229", "author_id": "807003567605227520", "lang": "en", "author": {"username": "realamberheard", "id": "807003567605227520", "created_at": "2016-12-08T23:26:58.000Z", "public_metrics": {"followers_count": 190462, "following_count": 220, "tweet_count": 1151, "listed_count": 567}, "name": "Amber Heard", "url": "https://t.co/Ze18Ek9SOI", "location": "Los Angeles, CA", "description": "Actor and Activist, semi-professional disruptor, ice cream advocate and shameless teacup yorkie-lover", "profile_image_url": "https://pbs.twimg.com/profile_images/1383196364792680448/N8CdupEu_normal.jpg"}}, "author": {"username": "kathygriffin", "id": "21148293", "created_at": "2009-02-17T23:54:04.000Z", "public_metrics": {"followers_count": 2101005, "following_count": 1142, "tweet_count": 44193, "listed_count": 18199}, "name": "Kathy Griffin", "url": "https://t.co/nWTPu96DU1", "description": "Mayor of Zero F**Ksville. 2-Time Emmy & Grammy Award Winning Comedian. 2-Time NYT Bestselling Author. 23 specials. 1 feature film.", "profile_image_url": "https://pbs.twimg.com/profile_images/1110276766243786753/5PdmhehD_normal.jpg"}}, {"entities": {"mentions": [{"start": 0, "end": 15, "username": "realamberheard", "id": "807003567605227520"}, {"start": 16, "end": 29, "username": "kathygriffin", "id": "21148293"}], "annotations": [{"start": 39, "end": 48, "probability": 0.5961, "type": "Other", "normalized_text": "Big Hero 6"}]}, "in_reply_to_user_id": "807003567605227520", "created_at": "2018-12-28T20:26:03.000Z", "text": "@realamberheard @kathygriffin Go watch Big Hero 6 with albert. Also, what have you heard and what do you hear?", "source": "Twitter for Android", "public_metrics": {"retweet_count": 0, "reply_count": 0, "like_count": 0, "quote_count": 0}, "id": "1078748936498831360", "author_id": "1078432567827808257", "lang": "en", "referenced_tweets": [{"type": "replied_to", "id": "1078476918549172229"}], "replied_tweet": {"entities": {"mentions": [{"start": 0, "end": 13, "username": "kathygriffin", "id": "21148293"}], "hashtags": [{"start": 76, "end": 82, "tag": "TipIt"}]}, "in_reply_to_user_id": "21148293", "created_at": "2018-12-28T02:25:09.000Z", "text": "@kathygriffin You rock!  Thank you, we should split a box of wine sometime! #TipIt", "source": "Twitter for iPhone", "public_metrics": {"retweet_count": 13, "reply_count": 9, "like_count": 76, "quote_count": 2}, "id": "1078476918549172229", "author_id": "807003567605227520", "lang": "en", "author": {"username": "realamberheard", "id": "807003567605227520", "created_at": "2016-12-08T23:26:58.000Z", "public_metrics": {"followers_count": 190462, "following_count": 220, "tweet_count": 1151, "listed_count": 567}, "name": "Amber Heard", "url": "https://t.co/Ze18Ek9SOI", "location": "Los Angeles, CA", "description": "Actor and Activist, semi-professional disruptor, ice cream advocate and shameless teacup yorkie-lover", "profile_image_url": "https://pbs.twimg.com/profile_images/1383196364792680448/N8CdupEu_normal.jpg"}}, "author": {"username": "ShiftysNewLand", "id": "1078432567827808257", "created_at": "2018-12-27T23:28:55.000Z", "public_metrics": {"followers_count": 4, "following_count": 23, "tweet_count": 99, "listed_count": 0}, "name": "DayWasntHere", "url": "", "description": "Zaza", "profile_image_url": "https://pbs.twimg.com/profile_images/1357020910847483907/_2Mk_bIC_normal.jpg"}}, {"entities": {"mentions": [{"start": 0, "end": 15, "username": "realamberheard", "id": "807003567605227520"}, {"start": 16, "end": 29, "username": "kathygriffin", "id": "21148293"}], "hashtags": [{"start": 30, "end": 43, "tag": "Shelives4him"}]}, "in_reply_to_user_id": "807003567605227520", "created_at": "2018-12-28T10:55:38.000Z", "text": "@realamberheard @kathygriffin #Shelives4him wakes every day to think and talk, his name on her lips her experiences she makes up for him she will not face the truth she could not exist without him she would not have anything if she had not married him.", "source": "Twitter Web Client", "public_metrics": {"retweet_count": 0, "reply_count": 0, "like_count": 2, "quote_count": 0}, "id": "1078605385999757312", "author_id": "1078602959242620929", "lang": "en", "referenced_tweets": [{"type": "replied_to", "id": "1078476918549172229"}], "replied_tweet": {"entities": {"mentions": [{"start": 0, "end": 13, "username": "kathygriffin", "id": "21148293"}], "hashtags": [{"start": 76, "end": 82, "tag": "TipIt"}]}, "in_reply_to_user_id": "21148293", "created_at": "2018-12-28T02:25:09.000Z", "text": "@kathygriffin You rock!  Thank you, we should split a box of wine sometime! #TipIt", "source": "Twitter for iPhone", "public_metrics": {"retweet_count": 13, "reply_count": 9, "like_count": 76, "quote_count": 2}, "id": "1078476918549172229", "author_id": "807003567605227520", "lang": "en", "author": {"username": "realamberheard", "id": "807003567605227520", "created_at": "2016-12-08T23:26:58.000Z", "public_metrics": {"followers_count": 190462, "following_count": 220, "tweet_count": 1151, "listed_count": 567}, "name": "Amber Heard", "url": "https://t.co/Ze18Ek9SOI", "location": "Los Angeles, CA", "description": "Actor and Activist, semi-professional disruptor, ice cream advocate and shameless teacup yorkie-lover", "profile_image_url": "https://pbs.twimg.com/profile_images/1383196364792680448/N8CdupEu_normal.jpg"}}, "author": {"username": "RangRobbie", "id": "1078602959242620929", "created_at": "2018-12-28T10:45:59.000Z", "public_metrics": {"followers_count": 0, "following_count": 0, "tweet_count": 3, "listed_count": 0}, "name": "robbieRang", "url": "", "description": "", "profile_image_url": "https://abs.twimg.com/sticky/default_profile_images/default_profile_normal.png"}}, {"entities": {"mentions": [{"start": 0, "end": 15, "username": "realamberheard", "id": "807003567605227520"}, {"start": 16, "end": 29, "username": "kathygriffin", "id": "21148293"}]}, "in_reply_to_user_id": "807003567605227520", "created_at": "2018-12-28T03:34:01.000Z", "text": "@realamberheard @kathygriffin \ud83d\udc96\ud83d\udc96\ud83d\udc96", "source": "Twitter for iPhone", "public_metrics": {"retweet_count": 0, "reply_count": 0, "like_count": 0, "quote_count": 0}, "id": "1078494250642227200", "author_id": "957947512538595329", "lang": "und", "referenced_tweets": [{"type": "replied_to", "id": "1078476918549172229"}], "replied_tweet": {"entities": {"mentions": [{"start": 0, "end": 13, "username": "kathygriffin", "id": "21148293"}], "hashtags": [{"start": 76, "end": 82, "tag": "TipIt"}]}, "in_reply_to_user_id": "21148293", "created_at": "2018-12-28T02:25:09.000Z", "text": "@kathygriffin You rock!  Thank you, we should split a box of wine sometime! #TipIt", "source": "Twitter for iPhone", "public_metrics": {"retweet_count": 13, "reply_count": 9, "like_count": 76, "quote_count": 2}, "id": "1078476918549172229", "author_id": "807003567605227520", "lang": "en", "author": {"username": "realamberheard", "id": "807003567605227520", "created_at": "2016-12-08T23:26:58.000Z", "public_metrics": {"followers_count": 190462, "following_count": 220, "tweet_count": 1151, "listed_count": 567}, "name": "Amber Heard", "url": "https://t.co/Ze18Ek9SOI", "location": "Los Angeles, CA", "description": "Actor and Activist, semi-professional disruptor, ice cream advocate and shameless teacup yorkie-lover", "profile_image_url": "https://pbs.twimg.com/profile_images/1383196364792680448/N8CdupEu_normal.jpg"}}, "author": {"username": "SimonSoo99", "id": "957947512538595329", "created_at": "2018-01-29T12:04:19.000Z", "public_metrics": {"followers_count": 4, "following_count": 59, "tweet_count": 78, "listed_count": 0}, "name": "Simon Soo", "url": "", "description": "", "profile_image_url": "https://pbs.twimg.com/profile_images/1078446693677297669/5G3qQls3_normal.jpg"}}, {"entities": {"mentions": [{"start": 0, "end": 15, "username": "realamberheard", "id": "807003567605227520"}, {"start": 16, "end": 29, "username": "kathygriffin", "id": "21148293"}], "annotations": [{"start": 59, "end": 64, "probability": 0.9851, "type": "Person", "normalized_text": "Maggie"}], "hashtags": [{"start": 71, "end": 78, "tag": "Queens"}]}, "in_reply_to_user_id": "807003567605227520", "created_at": "2018-12-28T02:27:09.000Z", "text": "@realamberheard @kathygriffin YASSSS! DO IT! Share it with Maggie too! #Queens! \ud83d\udc51 \ud83d\udc51 \ud83d\udc51", "source": "Twitter Web Client", "public_metrics": {"retweet_count": 0, "reply_count": 0, "like_count": 5, "quote_count": 0}, "id": "1078477423992336384", "author_id": "47495880", "lang": "en", "referenced_tweets": [{"type": "replied_to", "id": "1078476918549172229"}], "replied_tweet": {"entities": {"mentions": [{"start": 0, "end": 13, "username": "kathygriffin", "id": "21148293"}], "hashtags": [{"start": 76, "end": 82, "tag": "TipIt"}]}, "in_reply_to_user_id": "21148293", "created_at": "2018-12-28T02:25:09.000Z", "text": "@kathygriffin You rock!  Thank you, we should split a box of wine sometime! #TipIt", "source": "Twitter for iPhone", "public_metrics": {"retweet_count": 13, "reply_count": 9, "like_count": 76, "quote_count": 2}, "id": "1078476918549172229", "author_id": "807003567605227520", "lang": "en", "author": {"username": "realamberheard", "id": "807003567605227520", "created_at": "2016-12-08T23:26:58.000Z", "public_metrics": {"followers_count": 190462, "following_count": 220, "tweet_count": 1151, "listed_count": 567}, "name": "Amber Heard", "url": "https://t.co/Ze18Ek9SOI", "location": "Los Angeles, CA", "description": "Actor and Activist, semi-professional disruptor, ice cream advocate and shameless teacup yorkie-lover", "profile_image_url": "https://pbs.twimg.com/profile_images/1383196364792680448/N8CdupEu_normal.jpg"}}, "author": {"username": "total_silliness", "id": "47495880", "created_at": "2009-06-16T00:50:13.000Z", "public_metrics": {"followers_count": 385, "following_count": 799, "tweet_count": 19279, "listed_count": 5}, "name": "Katie", "url": "", "location": "Los Angeles, CA", "description": "Professional Nap Taker and Nap Dress Wearer. Hoarder of books and red lipstick. She/Her.", "profile_image_url": "https://pbs.twimg.com/profile_images/378800000526968506/ba2d2bc448cf91c8994ca0a60860432a_normal.jpeg"}}]