[{"entities": {"mentions": [{"start": 0, "end": 15, "username": "realamberheard", "id": "807003567605227520"}]}, "in_reply_to_user_id": "807003567605227520", "created_at": "2019-01-23T06:33:37.000Z", "text": "@realamberheard I love every movie I do", "source": "Twitter for Android", "public_metrics": {"retweet_count": 0, "reply_count": 0, "like_count": 0, "quote_count": 0}, "id": "1087961532024188928", "author_id": "1008987526835703808", "lang": "en", "referenced_tweets": [{"type": "replied_to", "id": "1080284649828564992"}], "replied_tweet": {"created_at": "2019-01-02T02:08:25.000Z", "text": "\u201cOne of the unusual pleasures of Rooney\u2019s novels is watching young women engage in a casual intellectual hooliganism, demolishing every mediocrity that crosses their paths, just for the fun of it\u201d #LaurenCollins\nSally Rooney kills! https://t.co/IRHL7d2rOZ", "entities": {"annotations": [{"start": 33, "end": 38, "probability": 0.9537, "type": "Person", "normalized_text": "Rooney"}, {"start": 212, "end": 223, "probability": 0.959, "type": "Person", "normalized_text": "Sally Rooney"}], "hashtags": [{"start": 197, "end": 211, "tag": "LaurenCollins"}], "urls": [{"start": 232, "end": 255, "url": "https://t.co/IRHL7d2rOZ", "expanded_url": "https://www.newyorker.com/magazine/2019/01/07/sally-rooney-gets-in-your-head", "display_url": "newyorker.com/magazine/2019/\u2026", "images": [{"url": "https://pbs.twimg.com/news_img/1491098093332631554/Vdu3ycO-?format=jpg&name=orig", "width": 1119, "height": 629}, {"url": "https://pbs.twimg.com/news_img/1491098093332631554/Vdu3ycO-?format=jpg&name=150x150", "width": 150, "height": 150}], "status": 200, "title": "Sally Rooney Gets in Your Head", "description": "The Irish writer has been hailed as the first great millennial novelist for her stories of love and late capitalism.", "unwound_url": "https://www.newyorker.com/magazine/2019/01/07/sally-rooney-gets-in-your-head"}]}, "source": "Twitter for iPad", "public_metrics": {"retweet_count": 62, "reply_count": 12, "like_count": 540, "quote_count": 5}, "id": "1080284649828564992", "author_id": "807003567605227520", "lang": "en", "author": {"username": "realamberheard", "id": "807003567605227520", "created_at": "2016-12-08T23:26:58.000Z", "public_metrics": {"followers_count": 190462, "following_count": 220, "tweet_count": 1151, "listed_count": 567}, "name": "Amber Heard", "url": "https://t.co/Ze18Ek9SOI", "location": "Los Angeles, CA", "description": "Actor and Activist, semi-professional disruptor, ice cream advocate and shameless teacup yorkie-lover", "profile_image_url": "https://pbs.twimg.com/profile_images/1383196364792680448/N8CdupEu_normal.jpg"}}, "author": {"username": "SeaWolf37960564", "id": "1008987526835703808", "created_at": "2018-06-19T08:19:07.000Z", "public_metrics": {"followers_count": 4, "following_count": 3, "tweet_count": 204, "listed_count": 0}, "name": "Sea Wolf", "url": "", "description": "", "profile_image_url": "https://abs.twimg.com/sticky/default_profile_images/default_profile_normal.png"}}, {"entities": {"mentions": [{"start": 0, "end": 15, "username": "realamberheard", "id": "807003567605227520"}]}, "in_reply_to_user_id": "807003567605227520", "created_at": "2019-01-03T01:57:05.000Z", "text": "@realamberheard Who has time to read except the rich?", "source": "Twitter Web Client", "public_metrics": {"retweet_count": 0, "reply_count": 0, "like_count": 1, "quote_count": 0}, "id": "1080644183335985158", "author_id": "1073892804", "lang": "en", "referenced_tweets": [{"type": "replied_to", "id": "1080284649828564992"}], "replied_tweet": {"created_at": "2019-01-02T02:08:25.000Z", "text": "\u201cOne of the unusual pleasures of Rooney\u2019s novels is watching young women engage in a casual intellectual hooliganism, demolishing every mediocrity that crosses their paths, just for the fun of it\u201d #LaurenCollins\nSally Rooney kills! https://t.co/IRHL7d2rOZ", "entities": {"annotations": [{"start": 33, "end": 38, "probability": 0.9537, "type": "Person", "normalized_text": "Rooney"}, {"start": 212, "end": 223, "probability": 0.959, "type": "Person", "normalized_text": "Sally Rooney"}], "hashtags": [{"start": 197, "end": 211, "tag": "LaurenCollins"}], "urls": [{"start": 232, "end": 255, "url": "https://t.co/IRHL7d2rOZ", "expanded_url": "https://www.newyorker.com/magazine/2019/01/07/sally-rooney-gets-in-your-head", "display_url": "newyorker.com/magazine/2019/\u2026", "images": [{"url": "https://pbs.twimg.com/news_img/1491098093332631554/Vdu3ycO-?format=jpg&name=orig", "width": 1119, "height": 629}, {"url": "https://pbs.twimg.com/news_img/1491098093332631554/Vdu3ycO-?format=jpg&name=150x150", "width": 150, "height": 150}], "status": 200, "title": "Sally Rooney Gets in Your Head", "description": "The Irish writer has been hailed as the first great millennial novelist for her stories of love and late capitalism.", "unwound_url": "https://www.newyorker.com/magazine/2019/01/07/sally-rooney-gets-in-your-head"}]}, "source": "Twitter for iPad", "public_metrics": {"retweet_count": 62, "reply_count": 12, "like_count": 540, "quote_count": 5}, "id": "1080284649828564992", "author_id": "807003567605227520", "lang": "en", "author": {"username": "realamberheard", "id": "807003567605227520", "created_at": "2016-12-08T23:26:58.000Z", "public_metrics": {"followers_count": 190462, "following_count": 220, "tweet_count": 1151, "listed_count": 567}, "name": "Amber Heard", "url": "https://t.co/Ze18Ek9SOI", "location": "Los Angeles, CA", "description": "Actor and Activist, semi-professional disruptor, ice cream advocate and shameless teacup yorkie-lover", "profile_image_url": "https://pbs.twimg.com/profile_images/1383196364792680448/N8CdupEu_normal.jpg"}}, "author": {"username": "youthoverturn", "id": "1073892804", "created_at": "2013-01-09T14:17:13.000Z", "public_metrics": {"followers_count": 137, "following_count": 305, "tweet_count": 5972, "listed_count": 13}, "name": "Demon\ud83c\uddfa\ud83c\udde6", "url": "", "description": "Right man writes right code", "profile_image_url": "https://pbs.twimg.com/profile_images/1333089855312523264/oHPtk3d8_normal.jpg"}}, {"entities": {"mentions": [{"start": 0, "end": 15, "username": "realamberheard", "id": "807003567605227520"}]}, "in_reply_to_user_id": "807003567605227520", "created_at": "2019-01-02T13:36:30.000Z", "text": "@realamberheard Fascinating article. Thanks for posting it. \ud83d\udc4d", "source": "Twitter for Android", "public_metrics": {"retweet_count": 0, "reply_count": 0, "like_count": 0, "quote_count": 0}, "id": "1080457812092821505", "author_id": "2466595837", "lang": "en", "referenced_tweets": [{"type": "replied_to", "id": "1080284649828564992"}], "replied_tweet": {"created_at": "2019-01-02T02:08:25.000Z", "text": "\u201cOne of the unusual pleasures of Rooney\u2019s novels is watching young women engage in a casual intellectual hooliganism, demolishing every mediocrity that crosses their paths, just for the fun of it\u201d #LaurenCollins\nSally Rooney kills! https://t.co/IRHL7d2rOZ", "entities": {"annotations": [{"start": 33, "end": 38, "probability": 0.9537, "type": "Person", "normalized_text": "Rooney"}, {"start": 212, "end": 223, "probability": 0.959, "type": "Person", "normalized_text": "Sally Rooney"}], "hashtags": [{"start": 197, "end": 211, "tag": "LaurenCollins"}], "urls": [{"start": 232, "end": 255, "url": "https://t.co/IRHL7d2rOZ", "expanded_url": "https://www.newyorker.com/magazine/2019/01/07/sally-rooney-gets-in-your-head", "display_url": "newyorker.com/magazine/2019/\u2026", "images": [{"url": "https://pbs.twimg.com/news_img/1491098093332631554/Vdu3ycO-?format=jpg&name=orig", "width": 1119, "height": 629}, {"url": "https://pbs.twimg.com/news_img/1491098093332631554/Vdu3ycO-?format=jpg&name=150x150", "width": 150, "height": 150}], "status": 200, "title": "Sally Rooney Gets in Your Head", "description": "The Irish writer has been hailed as the first great millennial novelist for her stories of love and late capitalism.", "unwound_url": "https://www.newyorker.com/magazine/2019/01/07/sally-rooney-gets-in-your-head"}]}, "source": "Twitter for iPad", "public_metrics": {"retweet_count": 62, "reply_count": 12, "like_count": 540, "quote_count": 5}, "id": "1080284649828564992", "author_id": "807003567605227520", "lang": "en", "author": {"username": "realamberheard", "id": "807003567605227520", "created_at": "2016-12-08T23:26:58.000Z", "public_metrics": {"followers_count": 190462, "following_count": 220, "tweet_count": 1151, "listed_count": 567}, "name": "Amber Heard", "url": "https://t.co/Ze18Ek9SOI", "location": "Los Angeles, CA", "description": "Actor and Activist, semi-professional disruptor, ice cream advocate and shameless teacup yorkie-lover", "profile_image_url": "https://pbs.twimg.com/profile_images/1383196364792680448/N8CdupEu_normal.jpg"}}, "author": {"username": "tridog57", "id": "2466595837", "created_at": "2014-04-27T19:55:53.000Z", "public_metrics": {"followers_count": 868, "following_count": 1620, "tweet_count": 129506, "listed_count": 13}, "name": "Hazen B.Markoe", "url": "", "location": "Minneapolis,  MN", "description": "Actor, director, sometime photographer, unrepentant punster, and all around nice guy.  ;-)", "profile_image_url": "https://pbs.twimg.com/profile_images/1352313361552310275/h9vrIn04_normal.jpg"}}, {"entities": {"mentions": [{"start": 0, "end": 15, "username": "realamberheard", "id": "807003567605227520"}]}, "in_reply_to_user_id": "807003567605227520", "created_at": "2019-01-02T04:07:32.000Z", "text": "@realamberheard \u2764\u2764\ud83d\udc4d\ud83d\udc4d", "source": "Twitter for Android", "public_metrics": {"retweet_count": 0, "reply_count": 0, "like_count": 0, "quote_count": 0}, "id": "1080314624388395008", "author_id": "1077909687641681920", "lang": "und", "referenced_tweets": [{"type": "replied_to", "id": "1080284649828564992"}], "replied_tweet": {"created_at": "2019-01-02T02:08:25.000Z", "text": "\u201cOne of the unusual pleasures of Rooney\u2019s novels is watching young women engage in a casual intellectual hooliganism, demolishing every mediocrity that crosses their paths, just for the fun of it\u201d #LaurenCollins\nSally Rooney kills! https://t.co/IRHL7d2rOZ", "entities": {"annotations": [{"start": 33, "end": 38, "probability": 0.9537, "type": "Person", "normalized_text": "Rooney"}, {"start": 212, "end": 223, "probability": 0.959, "type": "Person", "normalized_text": "Sally Rooney"}], "hashtags": [{"start": 197, "end": 211, "tag": "LaurenCollins"}], "urls": [{"start": 232, "end": 255, "url": "https://t.co/IRHL7d2rOZ", "expanded_url": "https://www.newyorker.com/magazine/2019/01/07/sally-rooney-gets-in-your-head", "display_url": "newyorker.com/magazine/2019/\u2026", "images": [{"url": "https://pbs.twimg.com/news_img/1491098093332631554/Vdu3ycO-?format=jpg&name=orig", "width": 1119, "height": 629}, {"url": "https://pbs.twimg.com/news_img/1491098093332631554/Vdu3ycO-?format=jpg&name=150x150", "width": 150, "height": 150}], "status": 200, "title": "Sally Rooney Gets in Your Head", "description": "The Irish writer has been hailed as the first great millennial novelist for her stories of love and late capitalism.", "unwound_url": "https://www.newyorker.com/magazine/2019/01/07/sally-rooney-gets-in-your-head"}]}, "source": "Twitter for iPad", "public_metrics": {"retweet_count": 62, "reply_count": 12, "like_count": 540, "quote_count": 5}, "id": "1080284649828564992", "author_id": "807003567605227520", "lang": "en", "author": {"username": "realamberheard", "id": "807003567605227520", "created_at": "2016-12-08T23:26:58.000Z", "public_metrics": {"followers_count": 190462, "following_count": 220, "tweet_count": 1151, "listed_count": 567}, "name": "Amber Heard", "url": "https://t.co/Ze18Ek9SOI", "location": "Los Angeles, CA", "description": "Actor and Activist, semi-professional disruptor, ice cream advocate and shameless teacup yorkie-lover", "profile_image_url": "https://pbs.twimg.com/profile_images/1383196364792680448/N8CdupEu_normal.jpg"}}, "author": {"username": "love_amderheard", "id": "1077909687641681920", "created_at": "2018-12-26T12:51:10.000Z", "public_metrics": {"followers_count": 0, "following_count": 1, "tweet_count": 40, "listed_count": 0}, "name": "happy lee", "url": "", "description": "I'm happy", "profile_image_url": "https://pbs.twimg.com/profile_images/1077915934952583168/Y3UAXb3q_normal.jpg"}}, {"entities": {"mentions": [{"start": 0, "end": 15, "username": "realamberheard", "id": "807003567605227520"}]}, "in_reply_to_user_id": "807003567605227520", "created_at": "2019-01-02T03:34:43.000Z", "text": "@realamberheard Oh...Kay.", "source": "Twitter for iPhone", "public_metrics": {"retweet_count": 0, "reply_count": 0, "like_count": 0, "quote_count": 0}, "id": "1080306367531896832", "author_id": "934653175658770434", "lang": "en", "referenced_tweets": [{"type": "replied_to", "id": "1080284649828564992"}], "replied_tweet": {"created_at": "2019-01-02T02:08:25.000Z", "text": "\u201cOne of the unusual pleasures of Rooney\u2019s novels is watching young women engage in a casual intellectual hooliganism, demolishing every mediocrity that crosses their paths, just for the fun of it\u201d #LaurenCollins\nSally Rooney kills! https://t.co/IRHL7d2rOZ", "entities": {"annotations": [{"start": 33, "end": 38, "probability": 0.9537, "type": "Person", "normalized_text": "Rooney"}, {"start": 212, "end": 223, "probability": 0.959, "type": "Person", "normalized_text": "Sally Rooney"}], "hashtags": [{"start": 197, "end": 211, "tag": "LaurenCollins"}], "urls": [{"start": 232, "end": 255, "url": "https://t.co/IRHL7d2rOZ", "expanded_url": "https://www.newyorker.com/magazine/2019/01/07/sally-rooney-gets-in-your-head", "display_url": "newyorker.com/magazine/2019/\u2026", "images": [{"url": "https://pbs.twimg.com/news_img/1491098093332631554/Vdu3ycO-?format=jpg&name=orig", "width": 1119, "height": 629}, {"url": "https://pbs.twimg.com/news_img/1491098093332631554/Vdu3ycO-?format=jpg&name=150x150", "width": 150, "height": 150}], "status": 200, "title": "Sally Rooney Gets in Your Head", "description": "The Irish writer has been hailed as the first great millennial novelist for her stories of love and late capitalism.", "unwound_url": "https://www.newyorker.com/magazine/2019/01/07/sally-rooney-gets-in-your-head"}]}, "source": "Twitter for iPad", "public_metrics": {"retweet_count": 62, "reply_count": 12, "like_count": 540, "quote_count": 5}, "id": "1080284649828564992", "author_id": "807003567605227520", "lang": "en", "author": {"username": "realamberheard", "id": "807003567605227520", "created_at": "2016-12-08T23:26:58.000Z", "public_metrics": {"followers_count": 190462, "following_count": 220, "tweet_count": 1151, "listed_count": 567}, "name": "Amber Heard", "url": "https://t.co/Ze18Ek9SOI", "location": "Los Angeles, CA", "description": "Actor and Activist, semi-professional disruptor, ice cream advocate and shameless teacup yorkie-lover", "profile_image_url": "https://pbs.twimg.com/profile_images/1383196364792680448/N8CdupEu_normal.jpg"}}, "author": {"username": "UnlockedCPU", "id": "934653175658770434", "created_at": "2017-11-26T05:20:56.000Z", "public_metrics": {"followers_count": 312, "following_count": 2685, "tweet_count": 87454, "listed_count": 5}, "name": "UnlockedCPU", "url": "", "location": "I'm Better Lost ", "description": "Boy living life without a manual.", "profile_image_url": "https://pbs.twimg.com/profile_images/1338459095213346819/s7szL6vH_normal.jpg"}}, {"entities": {"mentions": [{"start": 0, "end": 15, "username": "realamberheard", "id": "807003567605227520"}], "urls": [{"start": 36, "end": 59, "url": "https://t.co/Ct7yu5IVE9", "expanded_url": "https://twitter.com/suwhatalvs/status/1080286608094625798/photo/1", "display_url": "pic.twitter.com/Ct7yu5IVE9"}]}, "in_reply_to_user_id": "807003567605227520", "created_at": "2019-01-02T02:16:12.000Z", "text": "@realamberheard One of the millions https://t.co/Ct7yu5IVE9", "source": "Twitter for Android", "public_metrics": {"retweet_count": 0, "reply_count": 0, "like_count": 0, "quote_count": 0}, "id": "1080286608094625798", "author_id": "313357002", "lang": "en", "referenced_tweets": [{"type": "replied_to", "id": "1080284649828564992"}], "replied_tweet": {"created_at": "2019-01-02T02:08:25.000Z", "text": "\u201cOne of the unusual pleasures of Rooney\u2019s novels is watching young women engage in a casual intellectual hooliganism, demolishing every mediocrity that crosses their paths, just for the fun of it\u201d #LaurenCollins\nSally Rooney kills! https://t.co/IRHL7d2rOZ", "entities": {"annotations": [{"start": 33, "end": 38, "probability": 0.9537, "type": "Person", "normalized_text": "Rooney"}, {"start": 212, "end": 223, "probability": 0.959, "type": "Person", "normalized_text": "Sally Rooney"}], "hashtags": [{"start": 197, "end": 211, "tag": "LaurenCollins"}], "urls": [{"start": 232, "end": 255, "url": "https://t.co/IRHL7d2rOZ", "expanded_url": "https://www.newyorker.com/magazine/2019/01/07/sally-rooney-gets-in-your-head", "display_url": "newyorker.com/magazine/2019/\u2026", "images": [{"url": "https://pbs.twimg.com/news_img/1491098093332631554/Vdu3ycO-?format=jpg&name=orig", "width": 1119, "height": 629}, {"url": "https://pbs.twimg.com/news_img/1491098093332631554/Vdu3ycO-?format=jpg&name=150x150", "width": 150, "height": 150}], "status": 200, "title": "Sally Rooney Gets in Your Head", "description": "The Irish writer has been hailed as the first great millennial novelist for her stories of love and late capitalism.", "unwound_url": "https://www.newyorker.com/magazine/2019/01/07/sally-rooney-gets-in-your-head"}]}, "source": "Twitter for iPad", "public_metrics": {"retweet_count": 62, "reply_count": 12, "like_count": 540, "quote_count": 5}, "id": "1080284649828564992", "author_id": "807003567605227520", "lang": "en", "author": {"username": "realamberheard", "id": "807003567605227520", "created_at": "2016-12-08T23:26:58.000Z", "public_metrics": {"followers_count": 190462, "following_count": 220, "tweet_count": 1151, "listed_count": 567}, "name": "Amber Heard", "url": "https://t.co/Ze18Ek9SOI", "location": "Los Angeles, CA", "description": "Actor and Activist, semi-professional disruptor, ice cream advocate and shameless teacup yorkie-lover", "profile_image_url": "https://pbs.twimg.com/profile_images/1383196364792680448/N8CdupEu_normal.jpg"}}, "author": {"username": "suhalveslv", "id": "313357002", "created_at": "2011-06-08T14:47:43.000Z", "public_metrics": {"followers_count": 180, "following_count": 160, "tweet_count": 21513, "listed_count": 0}, "name": "S.", "url": "", "description": "You can't start a fire\nworrying about your little world falling apart \ud83d\udd25", "profile_image_url": "https://pbs.twimg.com/profile_images/1478411522904924163/UGPOhdUL_normal.jpg"}}]