[{"lang": "en", "in_reply_to_user_id": "807003567605227520", "text": "@realamberheard Speak sister!", "author_id": "606736043", "id": "1087542928346632192", "created_at": "2019-01-22T02:50:14.000Z", "source": "Twitter for iPhone", "entities": {"mentions": [{"start": 0, "end": 15, "username": "realamberheard", "id": "807003567605227520"}]}, "public_metrics": {"retweet_count": 0, "reply_count": 0, "like_count": 0, "quote_count": 0}, "referenced_tweets": [{"type": "replied_to", "id": "1081614650494603267"}], "replied_tweet": {"lang": "en", "text": "Where was all this Rep. fervor when the Grabber In Chief openly bragged about assaulting women \u201cjust because he could\u201d?! Shouldn\u2019t assault (on anyone) be above partisan politics? https://t.co/gQOiaEKMTm", "author_id": "807003567605227520", "id": "1081614650494603267", "created_at": "2019-01-05T18:13:22.000Z", "source": "Twitter for iPhone", "public_metrics": {"retweet_count": 64, "reply_count": 25, "like_count": 643, "quote_count": 5}, "entities": {"urls": [{"start": 179, "end": 202, "url": "https://t.co/gQOiaEKMTm", "expanded_url": "https://twitter.com/CNNnewsroom/status/1081553724290490370", "display_url": "twitter.com/CNNnewsroom/st\u2026"}]}, "referenced_tweets": [{"type": "quoted", "id": "1081553724290490370"}], "author": {"location": "Los Angeles, CA", "created_at": "2016-12-08T23:26:58.000Z", "id": "807003567605227520", "description": "Actor and Activist, semi-professional disruptor, ice cream advocate and shameless teacup yorkie-lover", "public_metrics": {"followers_count": 190462, "following_count": 220, "tweet_count": 1151, "listed_count": 567}, "username": "realamberheard", "name": "Amber Heard", "url": "https://t.co/Ze18Ek9SOI", "profile_image_url": "https://pbs.twimg.com/profile_images/1383196364792680448/N8CdupEu_normal.jpg"}}, "author": {"location": "Washington, DC", "created_at": "2012-06-12T23:47:50.000Z", "id": "606736043", "description": "Trans People of Color Coalition (TPOCC). @TransPOCC Founder. Attorney. Advocate. Speaker. Diversity & Inclusion. #feminist #musician #diversityandinclusion", "public_metrics": {"followers_count": 1869, "following_count": 1573, "tweet_count": 5218, "listed_count": 44}, "username": "KylarBroadus", "name": "Kylar W. Broadus", "url": "https://t.co/8hjK6qjuqR", "profile_image_url": "https://pbs.twimg.com/profile_images/588299574264991744/d9z2KYvf_normal.jpg"}}, {"lang": "en", "in_reply_to_user_id": "807003567605227520", "text": "@realamberheard Ask Republican Women they seem to enjoy having there kitten petted by billionaires?", "author_id": "2411655860", "id": "1082280760990670849", "created_at": "2019-01-07T14:20:15.000Z", "source": "Twitter for Android", "entities": {"mentions": [{"start": 0, "end": 15, "username": "realamberheard", "id": "807003567605227520"}]}, "public_metrics": {"retweet_count": 0, "reply_count": 0, "like_count": 0, "quote_count": 0}, "referenced_tweets": [{"type": "replied_to", "id": "1081614650494603267"}], "replied_tweet": {"lang": "en", "text": "Where was all this Rep. fervor when the Grabber In Chief openly bragged about assaulting women \u201cjust because he could\u201d?! Shouldn\u2019t assault (on anyone) be above partisan politics? https://t.co/gQOiaEKMTm", "author_id": "807003567605227520", "id": "1081614650494603267", "created_at": "2019-01-05T18:13:22.000Z", "source": "Twitter for iPhone", "public_metrics": {"retweet_count": 64, "reply_count": 25, "like_count": 643, "quote_count": 5}, "entities": {"urls": [{"start": 179, "end": 202, "url": "https://t.co/gQOiaEKMTm", "expanded_url": "https://twitter.com/CNNnewsroom/status/1081553724290490370", "display_url": "twitter.com/CNNnewsroom/st\u2026"}]}, "referenced_tweets": [{"type": "quoted", "id": "1081553724290490370"}], "author": {"location": "Los Angeles, CA", "created_at": "2016-12-08T23:26:58.000Z", "id": "807003567605227520", "description": "Actor and Activist, semi-professional disruptor, ice cream advocate and shameless teacup yorkie-lover", "public_metrics": {"followers_count": 190462, "following_count": 220, "tweet_count": 1151, "listed_count": 567}, "username": "realamberheard", "name": "Amber Heard", "url": "https://t.co/Ze18Ek9SOI", "profile_image_url": "https://pbs.twimg.com/profile_images/1383196364792680448/N8CdupEu_normal.jpg"}}, "author": {"location": "Plant City, FL", "created_at": "2014-03-25T23:00:42.000Z", "id": "2411655860", "description": "I loved River and hate Friends.", "public_metrics": {"followers_count": 23, "following_count": 150, "tweet_count": 2280, "listed_count": 0}, "username": "TruthseekerJohn", "name": "john foley", "url": "", "profile_image_url": "https://pbs.twimg.com/profile_images/1013723146044747776/SaEqAFcE_normal.jpg"}}, {"lang": "und", "in_reply_to_user_id": "807003567605227520", "text": "@realamberheard \u2764", "author_id": "1077909687641681920", "id": "1081907875826388992", "created_at": "2019-01-06T13:38:33.000Z", "source": "Twitter for Android", "entities": {"mentions": [{"start": 0, "end": 15, "username": "realamberheard", "id": "807003567605227520"}]}, "public_metrics": {"retweet_count": 0, "reply_count": 0, "like_count": 0, "quote_count": 0}, "referenced_tweets": [{"type": "replied_to", "id": "1081614650494603267"}], "replied_tweet": {"lang": "en", "text": "Where was all this Rep. fervor when the Grabber In Chief openly bragged about assaulting women \u201cjust because he could\u201d?! Shouldn\u2019t assault (on anyone) be above partisan politics? https://t.co/gQOiaEKMTm", "author_id": "807003567605227520", "id": "1081614650494603267", "created_at": "2019-01-05T18:13:22.000Z", "source": "Twitter for iPhone", "public_metrics": {"retweet_count": 64, "reply_count": 25, "like_count": 643, "quote_count": 5}, "entities": {"urls": [{"start": 179, "end": 202, "url": "https://t.co/gQOiaEKMTm", "expanded_url": "https://twitter.com/CNNnewsroom/status/1081553724290490370", "display_url": "twitter.com/CNNnewsroom/st\u2026"}]}, "referenced_tweets": [{"type": "quoted", "id": "1081553724290490370"}], "author": {"location": "Los Angeles, CA", "created_at": "2016-12-08T23:26:58.000Z", "id": "807003567605227520", "description": "Actor and Activist, semi-professional disruptor, ice cream advocate and shameless teacup yorkie-lover", "public_metrics": {"followers_count": 190462, "following_count": 220, "tweet_count": 1151, "listed_count": 567}, "username": "realamberheard", "name": "Amber Heard", "url": "https://t.co/Ze18Ek9SOI", "profile_image_url": "https://pbs.twimg.com/profile_images/1383196364792680448/N8CdupEu_normal.jpg"}}, "author": {"created_at": "2018-12-26T12:51:10.000Z", "id": "1077909687641681920", "description": "I'm happy", "public_metrics": {"followers_count": 0, "following_count": 1, "tweet_count": 40, "listed_count": 0}, "username": "love_amderheard", "name": "happy lee", "url": "", "profile_image_url": "https://pbs.twimg.com/profile_images/1077915934952583168/Y3UAXb3q_normal.jpg"}}, {"lang": "en", "in_reply_to_user_id": "807003567605227520", "text": "@realamberheard Shut up girl! We all know you are the abuser. Get a life.", "author_id": "951081870170689541", "id": "1081901281692864513", "created_at": "2019-01-06T13:12:20.000Z", "source": "Twitter for Android", "entities": {"mentions": [{"start": 0, "end": 15, "username": "realamberheard", "id": "807003567605227520"}]}, "public_metrics": {"retweet_count": 0, "reply_count": 0, "like_count": 0, "quote_count": 0}, "referenced_tweets": [{"type": "replied_to", "id": "1081614650494603267"}], "replied_tweet": {"lang": "en", "text": "Where was all this Rep. fervor when the Grabber In Chief openly bragged about assaulting women \u201cjust because he could\u201d?! Shouldn\u2019t assault (on anyone) be above partisan politics? https://t.co/gQOiaEKMTm", "author_id": "807003567605227520", "id": "1081614650494603267", "created_at": "2019-01-05T18:13:22.000Z", "source": "Twitter for iPhone", "public_metrics": {"retweet_count": 64, "reply_count": 25, "like_count": 643, "quote_count": 5}, "entities": {"urls": [{"start": 179, "end": 202, "url": "https://t.co/gQOiaEKMTm", "expanded_url": "https://twitter.com/CNNnewsroom/status/1081553724290490370", "display_url": "twitter.com/CNNnewsroom/st\u2026"}]}, "referenced_tweets": [{"type": "quoted", "id": "1081553724290490370"}], "author": {"location": "Los Angeles, CA", "created_at": "2016-12-08T23:26:58.000Z", "id": "807003567605227520", "description": "Actor and Activist, semi-professional disruptor, ice cream advocate and shameless teacup yorkie-lover", "public_metrics": {"followers_count": 190462, "following_count": 220, "tweet_count": 1151, "listed_count": 567}, "username": "realamberheard", "name": "Amber Heard", "url": "https://t.co/Ze18Ek9SOI", "profile_image_url": "https://pbs.twimg.com/profile_images/1383196364792680448/N8CdupEu_normal.jpg"}}, "author": {"location": "Monaco", "created_at": "2018-01-10T13:22:42.000Z", "id": "951081870170689541", "description": "Triumph Bonneville Babe \ud83c\udfcd\ufe0f\ud83d\udca8\n I was told there would be cake \ud83c\udf82\n Horse Rider \ud83d\udc34\n Sarcastic Pain in the Ass", "public_metrics": {"followers_count": 35, "following_count": 236, "tweet_count": 1060, "listed_count": 1}, "username": "lilimay98", "name": "Lady Gypsy", "url": "", "profile_image_url": "https://pbs.twimg.com/profile_images/1375190560667930625/Kip3eVS4_normal.jpg"}}, {"lang": "en", "in_reply_to_user_id": "807003567605227520", "text": "@realamberheard Trump said that nearly 15 years ago. Have you ever said or did something years ago IN PRIVATE that you were sorry for? Should we all hold it against you?", "author_id": "119515937", "id": "1081660026366742528", "entities": {"annotations": [{"start": 16, "end": 20, "probability": 0.999, "type": "Person", "normalized_text": "Trump"}], "mentions": [{"start": 0, "end": 15, "username": "realamberheard", "id": "807003567605227520"}]}, "created_at": "2019-01-05T21:13:41.000Z", "source": "Twitter for Android", "public_metrics": {"retweet_count": 0, "reply_count": 0, "like_count": 0, "quote_count": 0}, "referenced_tweets": [{"type": "replied_to", "id": "1081614650494603267"}], "replied_tweet": {"lang": "en", "text": "Where was all this Rep. fervor when the Grabber In Chief openly bragged about assaulting women \u201cjust because he could\u201d?! Shouldn\u2019t assault (on anyone) be above partisan politics? https://t.co/gQOiaEKMTm", "author_id": "807003567605227520", "id": "1081614650494603267", "created_at": "2019-01-05T18:13:22.000Z", "source": "Twitter for iPhone", "public_metrics": {"retweet_count": 64, "reply_count": 25, "like_count": 643, "quote_count": 5}, "entities": {"urls": [{"start": 179, "end": 202, "url": "https://t.co/gQOiaEKMTm", "expanded_url": "https://twitter.com/CNNnewsroom/status/1081553724290490370", "display_url": "twitter.com/CNNnewsroom/st\u2026"}]}, "referenced_tweets": [{"type": "quoted", "id": "1081553724290490370"}], "author": {"location": "Los Angeles, CA", "created_at": "2016-12-08T23:26:58.000Z", "id": "807003567605227520", "description": "Actor and Activist, semi-professional disruptor, ice cream advocate and shameless teacup yorkie-lover", "public_metrics": {"followers_count": 190462, "following_count": 220, "tweet_count": 1151, "listed_count": 567}, "username": "realamberheard", "name": "Amber Heard", "url": "https://t.co/Ze18Ek9SOI", "profile_image_url": "https://pbs.twimg.com/profile_images/1383196364792680448/N8CdupEu_normal.jpg"}}, "author": {"created_at": "2010-03-03T22:03:21.000Z", "id": "119515937", "description": "Ed Vizenor", "public_metrics": {"followers_count": 297, "following_count": 46, "tweet_count": 1439, "listed_count": 3}, "username": "EdVizenor", "name": "Ed Vizenor", "url": "http://t.co/yELcDKc7kW", "profile_image_url": "https://pbs.twimg.com/profile_images/1082717937/Ed-Vizenor_normal.jpg"}}, {"lang": "en", "in_reply_to_user_id": "807003567605227520", "text": "@realamberheard @DJDickGrayson I think everyone wish To and that everything Will become better for women in our world", "author_id": "1075315570948694020", "id": "1081657680995987456", "created_at": "2019-01-05T21:04:22.000Z", "source": "Twitter for Android", "entities": {"mentions": [{"start": 0, "end": 15, "username": "realamberheard", "id": "807003567605227520"}, {"start": 16, "end": 30, "username": "DJDickGrayson", "id": "366851934"}]}, "public_metrics": {"retweet_count": 0, "reply_count": 0, "like_count": 0, "quote_count": 0}, "referenced_tweets": [{"type": "replied_to", "id": "1081616082203480069"}], "replied_tweet": {"lang": "en", "text": "Where was all this Rep. fervor when the Grabber In Chief openly bragged about assaulting women \u201cjust because he could\u201d?! Shouldn\u2019t assault (on anyone) be above partisan politics? https://t.co/gQOiaEKMTm", "author_id": "807003567605227520", "id": "1081614650494603267", "created_at": "2019-01-05T18:13:22.000Z", "source": "Twitter for iPhone", "public_metrics": {"retweet_count": 64, "reply_count": 25, "like_count": 643, "quote_count": 5}, "entities": {"urls": [{"start": 179, "end": 202, "url": "https://t.co/gQOiaEKMTm", "expanded_url": "https://twitter.com/CNNnewsroom/status/1081553724290490370", "display_url": "twitter.com/CNNnewsroom/st\u2026"}]}, "referenced_tweets": [{"type": "quoted", "id": "1081553724290490370"}], "author": {"location": "Los Angeles, CA", "created_at": "2016-12-08T23:26:58.000Z", "id": "807003567605227520", "description": "Actor and Activist, semi-professional disruptor, ice cream advocate and shameless teacup yorkie-lover", "public_metrics": {"followers_count": 190462, "following_count": 220, "tweet_count": 1151, "listed_count": 567}, "username": "realamberheard", "name": "Amber Heard", "url": "https://t.co/Ze18Ek9SOI", "profile_image_url": "https://pbs.twimg.com/profile_images/1383196364792680448/N8CdupEu_normal.jpg"}}, "author": {"location": "Ablon-sur-Seine, France", "created_at": "2018-12-19T09:03:05.000Z", "id": "1075315570948694020", "description": "A Guy determined who wants To have a good life", "public_metrics": {"followers_count": 2, "following_count": 18, "tweet_count": 43, "listed_count": 0}, "username": "Alex24656108", "name": "Alex", "url": "", "profile_image_url": "https://pbs.twimg.com/profile_images/1075315855808974848/PflybMcd_normal.jpg"}}, {"lang": "en", "in_reply_to_user_id": "807003567605227520", "text": "@realamberheard Definitely. The Cheeto needs to be arrested and locked up!!!", "author_id": "2466595837", "id": "1081627745489174529", "created_at": "2019-01-05T19:05:24.000Z", "source": "Twitter for Android", "entities": {"mentions": [{"start": 0, "end": 15, "username": "realamberheard", "id": "807003567605227520"}]}, "public_metrics": {"retweet_count": 0, "reply_count": 0, "like_count": 0, "quote_count": 0}, "referenced_tweets": [{"type": "replied_to", "id": "1081614650494603267"}], "replied_tweet": {"lang": "en", "text": "Where was all this Rep. fervor when the Grabber In Chief openly bragged about assaulting women \u201cjust because he could\u201d?! Shouldn\u2019t assault (on anyone) be above partisan politics? https://t.co/gQOiaEKMTm", "author_id": "807003567605227520", "id": "1081614650494603267", "created_at": "2019-01-05T18:13:22.000Z", "source": "Twitter for iPhone", "public_metrics": {"retweet_count": 64, "reply_count": 25, "like_count": 643, "quote_count": 5}, "entities": {"urls": [{"start": 179, "end": 202, "url": "https://t.co/gQOiaEKMTm", "expanded_url": "https://twitter.com/CNNnewsroom/status/1081553724290490370", "display_url": "twitter.com/CNNnewsroom/st\u2026"}]}, "referenced_tweets": [{"type": "quoted", "id": "1081553724290490370"}], "author": {"location": "Los Angeles, CA", "created_at": "2016-12-08T23:26:58.000Z", "id": "807003567605227520", "description": "Actor and Activist, semi-professional disruptor, ice cream advocate and shameless teacup yorkie-lover", "public_metrics": {"followers_count": 190462, "following_count": 220, "tweet_count": 1151, "listed_count": 567}, "username": "realamberheard", "name": "Amber Heard", "url": "https://t.co/Ze18Ek9SOI", "profile_image_url": "https://pbs.twimg.com/profile_images/1383196364792680448/N8CdupEu_normal.jpg"}}, "author": {"location": "Minneapolis,  MN", "created_at": "2014-04-27T19:55:53.000Z", "id": "2466595837", "description": "Actor, director, sometime photographer, unrepentant punster, and all around nice guy.  ;-)", "public_metrics": {"followers_count": 868, "following_count": 1620, "tweet_count": 129506, "listed_count": 13}, "username": "tridog57", "name": "Hazen B.Markoe", "url": "", "profile_image_url": "https://pbs.twimg.com/profile_images/1352313361552310275/h9vrIn04_normal.jpg"}}, {"lang": "es", "in_reply_to_user_id": "807003567605227520", "text": "@realamberheard Los Estados Unidos podran ser la potencia numero 1 en el Mundo en lo Economico y Militar... Pero como Sociedad son de Cuarta categoria... Piensan y viven como en el siglo pasado.", "author_id": "1070124978278985728", "id": "1081620539762978816", "entities": {"annotations": [{"start": 20, "end": 33, "probability": 0.8332, "type": "Place", "normalized_text": "Estados Unidos"}], "mentions": [{"start": 0, "end": 15, "username": "realamberheard", "id": "807003567605227520"}]}, "created_at": "2019-01-05T18:36:46.000Z", "source": "Twitter Web Client", "public_metrics": {"retweet_count": 0, "reply_count": 0, "like_count": 1, "quote_count": 0}, "referenced_tweets": [{"type": "replied_to", "id": "1081614650494603267"}], "replied_tweet": {"lang": "en", "text": "Where was all this Rep. fervor when the Grabber In Chief openly bragged about assaulting women \u201cjust because he could\u201d?! Shouldn\u2019t assault (on anyone) be above partisan politics? https://t.co/gQOiaEKMTm", "author_id": "807003567605227520", "id": "1081614650494603267", "created_at": "2019-01-05T18:13:22.000Z", "source": "Twitter for iPhone", "public_metrics": {"retweet_count": 64, "reply_count": 25, "like_count": 643, "quote_count": 5}, "entities": {"urls": [{"start": 179, "end": 202, "url": "https://t.co/gQOiaEKMTm", "expanded_url": "https://twitter.com/CNNnewsroom/status/1081553724290490370", "display_url": "twitter.com/CNNnewsroom/st\u2026"}]}, "referenced_tweets": [{"type": "quoted", "id": "1081553724290490370"}], "author": {"location": "Los Angeles, CA", "created_at": "2016-12-08T23:26:58.000Z", "id": "807003567605227520", "description": "Actor and Activist, semi-professional disruptor, ice cream advocate and shameless teacup yorkie-lover", "public_metrics": {"followers_count": 190462, "following_count": 220, "tweet_count": 1151, "listed_count": 567}, "username": "realamberheard", "name": "Amber Heard", "url": "https://t.co/Ze18Ek9SOI", "profile_image_url": "https://pbs.twimg.com/profile_images/1383196364792680448/N8CdupEu_normal.jpg"}}, "author": {"location": "R\u00edo Gallegos, Argentina", "created_at": "2018-12-05T01:17:31.000Z", "id": "1070124978278985728", "description": "Bostero a morir.. Nunca vote a corruptos... Solo existo para ser libre\ud83d\udc99\ud83d\udc9b\ud83d\udc99", "public_metrics": {"followers_count": 142, "following_count": 601, "tweet_count": 13452, "listed_count": 0}, "username": "danytroksss", "name": "danytroksss", "url": "", "profile_image_url": "https://pbs.twimg.com/profile_images/1484483602804994052/qgpXhYYP_normal.jpg"}}, {"lang": "en", "in_reply_to_user_id": "807003567605227520", "text": "@realamberheard Three children and 9 women killed in DV incidents in the first 5 days of 2019 in the US.  This is a silent national crisis that no one talks about.", "author_id": "1050967704365088768", "id": "1081620444044845056", "entities": {"annotations": [{"start": 101, "end": 102, "probability": 0.9586, "type": "Place", "normalized_text": "US"}], "mentions": [{"start": 0, "end": 15, "username": "realamberheard", "id": "807003567605227520"}]}, "created_at": "2019-01-05T18:36:24.000Z", "source": "Twitter Web Client", "public_metrics": {"retweet_count": 0, "reply_count": 0, "like_count": 2, "quote_count": 0}, "referenced_tweets": [{"type": "replied_to", "id": "1081614650494603267"}], "replied_tweet": {"lang": "en", "text": "Where was all this Rep. fervor when the Grabber In Chief openly bragged about assaulting women \u201cjust because he could\u201d?! Shouldn\u2019t assault (on anyone) be above partisan politics? https://t.co/gQOiaEKMTm", "author_id": "807003567605227520", "id": "1081614650494603267", "created_at": "2019-01-05T18:13:22.000Z", "source": "Twitter for iPhone", "public_metrics": {"retweet_count": 64, "reply_count": 25, "like_count": 643, "quote_count": 5}, "entities": {"urls": [{"start": 179, "end": 202, "url": "https://t.co/gQOiaEKMTm", "expanded_url": "https://twitter.com/CNNnewsroom/status/1081553724290490370", "display_url": "twitter.com/CNNnewsroom/st\u2026"}]}, "referenced_tweets": [{"type": "quoted", "id": "1081553724290490370"}], "author": {"location": "Los Angeles, CA", "created_at": "2016-12-08T23:26:58.000Z", "id": "807003567605227520", "description": "Actor and Activist, semi-professional disruptor, ice cream advocate and shameless teacup yorkie-lover", "public_metrics": {"followers_count": 190462, "following_count": 220, "tweet_count": 1151, "listed_count": 567}, "username": "realamberheard", "name": "Amber Heard", "url": "https://t.co/Ze18Ek9SOI", "profile_image_url": "https://pbs.twimg.com/profile_images/1383196364792680448/N8CdupEu_normal.jpg"}}, "author": {"location": "Maryland, USA", "created_at": "2018-10-13T04:33:21.000Z", "id": "1050967704365088768", "description": "Survivor mom standing up against both an abusive ex and family court corruption.  #justiceforBritney is justice for all moms caught in the racket.", "public_metrics": {"followers_count": 1577, "following_count": 1475, "tweet_count": 41909, "listed_count": 5}, "username": "AngieUn27401972", "name": "Angie Underwood", "url": "", "profile_image_url": "https://pbs.twimg.com/profile_images/1311120890780938242/G0uZ6on8_normal.jpg"}}, {"lang": "ca", "in_reply_to_user_id": "807003567605227520", "text": "@realamberheard @DJDickGrayson hi amber", "author_id": "1045614256199061505", "id": "1081619456273596417", "created_at": "2019-01-05T18:32:28.000Z", "source": "Twitter Web Client", "entities": {"mentions": [{"start": 0, "end": 15, "username": "realamberheard", "id": "807003567605227520"}, {"start": 16, "end": 30, "username": "DJDickGrayson", "id": "366851934"}]}, "public_metrics": {"retweet_count": 0, "reply_count": 0, "like_count": 0, "quote_count": 0}, "referenced_tweets": [{"type": "replied_to", "id": "1081616082203480069"}], "replied_tweet": {"lang": "en", "text": "Where was all this Rep. fervor when the Grabber In Chief openly bragged about assaulting women \u201cjust because he could\u201d?! Shouldn\u2019t assault (on anyone) be above partisan politics? https://t.co/gQOiaEKMTm", "author_id": "807003567605227520", "id": "1081614650494603267", "created_at": "2019-01-05T18:13:22.000Z", "source": "Twitter for iPhone", "public_metrics": {"retweet_count": 64, "reply_count": 25, "like_count": 643, "quote_count": 5}, "entities": {"urls": [{"start": 179, "end": 202, "url": "https://t.co/gQOiaEKMTm", "expanded_url": "https://twitter.com/CNNnewsroom/status/1081553724290490370", "display_url": "twitter.com/CNNnewsroom/st\u2026"}]}, "referenced_tweets": [{"type": "quoted", "id": "1081553724290490370"}], "author": {"location": "Los Angeles, CA", "created_at": "2016-12-08T23:26:58.000Z", "id": "807003567605227520", "description": "Actor and Activist, semi-professional disruptor, ice cream advocate and shameless teacup yorkie-lover", "public_metrics": {"followers_count": 190462, "following_count": 220, "tweet_count": 1151, "listed_count": 567}, "username": "realamberheard", "name": "Amber Heard", "url": "https://t.co/Ze18Ek9SOI", "profile_image_url": "https://pbs.twimg.com/profile_images/1383196364792680448/N8CdupEu_normal.jpg"}}, "author": {"location": "Cagayan De Oro City", "created_at": "2018-09-28T10:00:40.000Z", "id": "1045614256199061505", "description": "student,finding nancy", "public_metrics": {"followers_count": 1, "following_count": 31, "tweet_count": 17, "listed_count": 0}, "username": "crislapay3", "name": "crislapay", "url": "", "profile_image_url": "https://pbs.twimg.com/profile_images/1045614750996942848/43DiGzvb_normal.jpg"}}, {"lang": "en", "in_reply_to_user_id": "807003567605227520", "text": "@realamberheard it is, because there is no excuse for hurting another human being. ever. and this country has ignored that fact, but what is important is that a million women marched on inauguration day and the #WomensWave is alive and well. this is a great country if you make it great!", "author_id": "366851934", "id": "1081619297766522882", "created_at": "2019-01-05T18:31:50.000Z", "source": "Twitter Web Client", "entities": {"mentions": [{"start": 0, "end": 15, "username": "realamberheard", "id": "807003567605227520"}], "hashtags": [{"start": 211, "end": 222, "tag": "WomensWave"}]}, "public_metrics": {"retweet_count": 0, "reply_count": 0, "like_count": 1, "quote_count": 0}, "referenced_tweets": [{"type": "replied_to", "id": "1081616082203480069"}], "replied_tweet": {"lang": "en", "text": "Where was all this Rep. fervor when the Grabber In Chief openly bragged about assaulting women \u201cjust because he could\u201d?! Shouldn\u2019t assault (on anyone) be above partisan politics? https://t.co/gQOiaEKMTm", "author_id": "807003567605227520", "id": "1081614650494603267", "created_at": "2019-01-05T18:13:22.000Z", "source": "Twitter for iPhone", "public_metrics": {"retweet_count": 64, "reply_count": 25, "like_count": 643, "quote_count": 5}, "entities": {"urls": [{"start": 179, "end": 202, "url": "https://t.co/gQOiaEKMTm", "expanded_url": "https://twitter.com/CNNnewsroom/status/1081553724290490370", "display_url": "twitter.com/CNNnewsroom/st\u2026"}]}, "referenced_tweets": [{"type": "quoted", "id": "1081553724290490370"}], "author": {"location": "Los Angeles, CA", "created_at": "2016-12-08T23:26:58.000Z", "id": "807003567605227520", "description": "Actor and Activist, semi-professional disruptor, ice cream advocate and shameless teacup yorkie-lover", "public_metrics": {"followers_count": 190462, "following_count": 220, "tweet_count": 1151, "listed_count": 567}, "username": "realamberheard", "name": "Amber Heard", "url": "https://t.co/Ze18Ek9SOI", "profile_image_url": "https://pbs.twimg.com/profile_images/1383196364792680448/N8CdupEu_normal.jpg"}}, "author": {"created_at": "2011-09-02T23:15:07.000Z", "id": "366851934", "description": "filmmaker, dj by night", "public_metrics": {"followers_count": 757, "following_count": 1295, "tweet_count": 85501, "listed_count": 62}, "username": "DJDickGrayson", "name": "DJ Dick Grayson", "url": "", "profile_image_url": "https://pbs.twimg.com/profile_images/875468375949848580/xfuPH6jU_normal.jpg"}}, {"lang": "es", "in_reply_to_user_id": "807003567605227520", "text": "@realamberheard irresponsible \u274e\u274e\u274e\u274e\u274e", "author_id": "2785992142", "id": "1081619257539072001", "created_at": "2019-01-05T18:31:41.000Z", "source": "Twitter for Android", "entities": {"mentions": [{"start": 0, "end": 15, "username": "realamberheard", "id": "807003567605227520"}]}, "public_metrics": {"retweet_count": 0, "reply_count": 0, "like_count": 1, "quote_count": 0}, "referenced_tweets": [{"type": "replied_to", "id": "1081614650494603267"}], "replied_tweet": {"lang": "en", "text": "Where was all this Rep. fervor when the Grabber In Chief openly bragged about assaulting women \u201cjust because he could\u201d?! Shouldn\u2019t assault (on anyone) be above partisan politics? https://t.co/gQOiaEKMTm", "author_id": "807003567605227520", "id": "1081614650494603267", "created_at": "2019-01-05T18:13:22.000Z", "source": "Twitter for iPhone", "public_metrics": {"retweet_count": 64, "reply_count": 25, "like_count": 643, "quote_count": 5}, "entities": {"urls": [{"start": 179, "end": 202, "url": "https://t.co/gQOiaEKMTm", "expanded_url": "https://twitter.com/CNNnewsroom/status/1081553724290490370", "display_url": "twitter.com/CNNnewsroom/st\u2026"}]}, "referenced_tweets": [{"type": "quoted", "id": "1081553724290490370"}], "author": {"location": "Los Angeles, CA", "created_at": "2016-12-08T23:26:58.000Z", "id": "807003567605227520", "description": "Actor and Activist, semi-professional disruptor, ice cream advocate and shameless teacup yorkie-lover", "public_metrics": {"followers_count": 190462, "following_count": 220, "tweet_count": 1151, "listed_count": 567}, "username": "realamberheard", "name": "Amber Heard", "url": "https://t.co/Ze18Ek9SOI", "profile_image_url": "https://pbs.twimg.com/profile_images/1383196364792680448/N8CdupEu_normal.jpg"}}, "author": {"location": "\u0130stanbul, T\u00fcrkiye", "created_at": "2014-09-26T17:48:10.000Z", "id": "2785992142", "description": "", "public_metrics": {"followers_count": 74, "following_count": 67, "tweet_count": 1119, "listed_count": 1}, "username": "MehmetColak", "name": "Mehmet \u00c7olak", "url": "", "profile_image_url": "https://pbs.twimg.com/profile_images/850252673743962112/pDAI89pf_normal.jpg"}}, {"lang": "und", "in_reply_to_user_id": "807003567605227520", "text": "@realamberheard https://t.co/f6ZtxHO43K", "author_id": "4396120342", "id": "1081617104871325698", "created_at": "2019-01-05T18:23:07.000Z", "source": "Twitter for Android", "entities": {"mentions": [{"start": 0, "end": 15, "username": "realamberheard", "id": "807003567605227520"}], "urls": [{"start": 16, "end": 39, "url": "https://t.co/f6ZtxHO43K", "expanded_url": "https://twitter.com/stirgussa/status/1081617104871325698/photo/1", "display_url": "pic.twitter.com/f6ZtxHO43K"}]}, "public_metrics": {"retweet_count": 0, "reply_count": 0, "like_count": 0, "quote_count": 0}, "referenced_tweets": [{"type": "replied_to", "id": "1081614650494603267"}], "replied_tweet": {"lang": "en", "text": "Where was all this Rep. fervor when the Grabber In Chief openly bragged about assaulting women \u201cjust because he could\u201d?! Shouldn\u2019t assault (on anyone) be above partisan politics? https://t.co/gQOiaEKMTm", "author_id": "807003567605227520", "id": "1081614650494603267", "created_at": "2019-01-05T18:13:22.000Z", "source": "Twitter for iPhone", "public_metrics": {"retweet_count": 64, "reply_count": 25, "like_count": 643, "quote_count": 5}, "entities": {"urls": [{"start": 179, "end": 202, "url": "https://t.co/gQOiaEKMTm", "expanded_url": "https://twitter.com/CNNnewsroom/status/1081553724290490370", "display_url": "twitter.com/CNNnewsroom/st\u2026"}]}, "referenced_tweets": [{"type": "quoted", "id": "1081553724290490370"}], "author": {"location": "Los Angeles, CA", "created_at": "2016-12-08T23:26:58.000Z", "id": "807003567605227520", "description": "Actor and Activist, semi-professional disruptor, ice cream advocate and shameless teacup yorkie-lover", "public_metrics": {"followers_count": 190462, "following_count": 220, "tweet_count": 1151, "listed_count": 567}, "username": "realamberheard", "name": "Amber Heard", "url": "https://t.co/Ze18Ek9SOI", "profile_image_url": "https://pbs.twimg.com/profile_images/1383196364792680448/N8CdupEu_normal.jpg"}}, "author": {"created_at": "2015-12-06T17:21:06.000Z", "id": "4396120342", "description": "Only two things are infinite, the universe and human stupidity, and I'm not sure about the former. - Albert Einstein and Me!", "public_metrics": {"followers_count": 678, "following_count": 296, "tweet_count": 58624, "listed_count": 26}, "username": "stirgussa", "name": "STIRGUS SACCHETTI", "url": "", "profile_image_url": "https://pbs.twimg.com/profile_images/1378175478478082050/UKLiQPuk_normal.jpg"}}, {"lang": "en", "in_reply_to_user_id": "366851934", "text": "@DJDickGrayson Yep. I wish it were too....", "author_id": "807003567605227520", "id": "1081616082203480069", "created_at": "2019-01-05T18:19:04.000Z", "source": "Twitter for iPhone", "entities": {"mentions": [{"start": 0, "end": 14, "username": "DJDickGrayson", "id": "366851934"}]}, "public_metrics": {"retweet_count": 1, "reply_count": 3, "like_count": 19, "quote_count": 0}, "referenced_tweets": [{"type": "replied_to", "id": "1081615409336397824"}], "replied_tweet": {"lang": "en", "text": "Where was all this Rep. fervor when the Grabber In Chief openly bragged about assaulting women \u201cjust because he could\u201d?! Shouldn\u2019t assault (on anyone) be above partisan politics? https://t.co/gQOiaEKMTm", "author_id": "807003567605227520", "id": "1081614650494603267", "created_at": "2019-01-05T18:13:22.000Z", "source": "Twitter for iPhone", "public_metrics": {"retweet_count": 64, "reply_count": 25, "like_count": 643, "quote_count": 5}, "entities": {"urls": [{"start": 179, "end": 202, "url": "https://t.co/gQOiaEKMTm", "expanded_url": "https://twitter.com/CNNnewsroom/status/1081553724290490370", "display_url": "twitter.com/CNNnewsroom/st\u2026"}]}, "referenced_tweets": [{"type": "quoted", "id": "1081553724290490370"}], "author": {"location": "Los Angeles, CA", "created_at": "2016-12-08T23:26:58.000Z", "id": "807003567605227520", "description": "Actor and Activist, semi-professional disruptor, ice cream advocate and shameless teacup yorkie-lover", "public_metrics": {"followers_count": 190462, "following_count": 220, "tweet_count": 1151, "listed_count": 567}, "username": "realamberheard", "name": "Amber Heard", "url": "https://t.co/Ze18Ek9SOI", "profile_image_url": "https://pbs.twimg.com/profile_images/1383196364792680448/N8CdupEu_normal.jpg"}}, "author": {"location": "Los Angeles, CA", "created_at": "2016-12-08T23:26:58.000Z", "id": "807003567605227520", "description": "Actor and Activist, semi-professional disruptor, ice cream advocate and shameless teacup yorkie-lover", "public_metrics": {"followers_count": 190462, "following_count": 220, "tweet_count": 1151, "listed_count": 567}, "username": "realamberheard", "name": "Amber Heard", "url": "https://t.co/Ze18Ek9SOI", "profile_image_url": "https://pbs.twimg.com/profile_images/1383196364792680448/N8CdupEu_normal.jpg"}}, {"lang": "en", "in_reply_to_user_id": "807003567605227520", "text": "@realamberheard You would think but then again trumplethinskin apologists and supporter aren't the sharpest tools in the shed. In fact I believe they have been left in the rain for a few days..", "author_id": "1048681219746140162", "id": "1081615602240884736", "created_at": "2019-01-05T18:17:09.000Z", "source": "Twitter for Android", "entities": {"mentions": [{"start": 0, "end": 15, "username": "realamberheard", "id": "807003567605227520"}]}, "public_metrics": {"retweet_count": 0, "reply_count": 0, "like_count": 2, "quote_count": 0}, "referenced_tweets": [{"type": "replied_to", "id": "1081614650494603267"}], "replied_tweet": {"lang": "en", "text": "Where was all this Rep. fervor when the Grabber In Chief openly bragged about assaulting women \u201cjust because he could\u201d?! Shouldn\u2019t assault (on anyone) be above partisan politics? https://t.co/gQOiaEKMTm", "author_id": "807003567605227520", "id": "1081614650494603267", "created_at": "2019-01-05T18:13:22.000Z", "source": "Twitter for iPhone", "public_metrics": {"retweet_count": 64, "reply_count": 25, "like_count": 643, "quote_count": 5}, "entities": {"urls": [{"start": 179, "end": 202, "url": "https://t.co/gQOiaEKMTm", "expanded_url": "https://twitter.com/CNNnewsroom/status/1081553724290490370", "display_url": "twitter.com/CNNnewsroom/st\u2026"}]}, "referenced_tweets": [{"type": "quoted", "id": "1081553724290490370"}], "author": {"location": "Los Angeles, CA", "created_at": "2016-12-08T23:26:58.000Z", "id": "807003567605227520", "description": "Actor and Activist, semi-professional disruptor, ice cream advocate and shameless teacup yorkie-lover", "public_metrics": {"followers_count": 190462, "following_count": 220, "tweet_count": 1151, "listed_count": 567}, "username": "realamberheard", "name": "Amber Heard", "url": "https://t.co/Ze18Ek9SOI", "profile_image_url": "https://pbs.twimg.com/profile_images/1383196364792680448/N8CdupEu_normal.jpg"}}, "author": {"location": "United States", "created_at": "2018-10-06T21:07:41.000Z", "id": "1048681219746140162", "description": "Equality is the only way to create a better future.....\n\n#PickASide\n#RaiseAFist", "public_metrics": {"followers_count": 66711, "following_count": 57143, "tweet_count": 74969, "listed_count": 66}, "username": "TheRealKevinTE", "name": "Kevin Endicott", "url": "", "profile_image_url": "https://pbs.twimg.com/profile_images/1502321336148008967/R8OT5wEP_normal.jpg"}}, {"lang": "en", "in_reply_to_user_id": "807003567605227520", "text": "@realamberheard or above profanity...", "author_id": "366851934", "id": "1081615409336397824", "created_at": "2019-01-05T18:16:23.000Z", "source": "TweetDeck", "entities": {"mentions": [{"start": 0, "end": 15, "username": "realamberheard", "id": "807003567605227520"}]}, "public_metrics": {"retweet_count": 0, "reply_count": 1, "like_count": 1, "quote_count": 0}, "referenced_tweets": [{"type": "replied_to", "id": "1081614650494603267"}], "replied_tweet": {"lang": "en", "text": "Where was all this Rep. fervor when the Grabber In Chief openly bragged about assaulting women \u201cjust because he could\u201d?! Shouldn\u2019t assault (on anyone) be above partisan politics? https://t.co/gQOiaEKMTm", "author_id": "807003567605227520", "id": "1081614650494603267", "created_at": "2019-01-05T18:13:22.000Z", "source": "Twitter for iPhone", "public_metrics": {"retweet_count": 64, "reply_count": 25, "like_count": 643, "quote_count": 5}, "entities": {"urls": [{"start": 179, "end": 202, "url": "https://t.co/gQOiaEKMTm", "expanded_url": "https://twitter.com/CNNnewsroom/status/1081553724290490370", "display_url": "twitter.com/CNNnewsroom/st\u2026"}]}, "referenced_tweets": [{"type": "quoted", "id": "1081553724290490370"}], "author": {"location": "Los Angeles, CA", "created_at": "2016-12-08T23:26:58.000Z", "id": "807003567605227520", "description": "Actor and Activist, semi-professional disruptor, ice cream advocate and shameless teacup yorkie-lover", "public_metrics": {"followers_count": 190462, "following_count": 220, "tweet_count": 1151, "listed_count": 567}, "username": "realamberheard", "name": "Amber Heard", "url": "https://t.co/Ze18Ek9SOI", "profile_image_url": "https://pbs.twimg.com/profile_images/1383196364792680448/N8CdupEu_normal.jpg"}}, "author": {"created_at": "2011-09-02T23:15:07.000Z", "id": "366851934", "description": "filmmaker, dj by night", "public_metrics": {"followers_count": 757, "following_count": 1295, "tweet_count": 85501, "listed_count": 62}, "username": "DJDickGrayson", "name": "DJ Dick Grayson", "url": "", "profile_image_url": "https://pbs.twimg.com/profile_images/875468375949848580/xfuPH6jU_normal.jpg"}}, {"lang": "en", "in_reply_to_user_id": "807003567605227520", "text": "@realamberheard Dear amber,agree!! Politics is under a very weird system their all really freinds do not be fooled,dear!!\ud83d\ude25\ud83d\ude25", "author_id": "989633741114003456", "id": "1081615316038373377", "entities": {"annotations": [{"start": 21, "end": 25, "probability": 0.5944, "type": "Person", "normalized_text": "amber"}], "mentions": [{"start": 0, "end": 15, "username": "realamberheard", "id": "807003567605227520"}]}, "created_at": "2019-01-05T18:16:01.000Z", "source": "Twitter for Android", "public_metrics": {"retweet_count": 0, "reply_count": 0, "like_count": 1, "quote_count": 0}, "referenced_tweets": [{"type": "replied_to", "id": "1081614650494603267"}], "replied_tweet": {"lang": "en", "text": "Where was all this Rep. fervor when the Grabber In Chief openly bragged about assaulting women \u201cjust because he could\u201d?! Shouldn\u2019t assault (on anyone) be above partisan politics? https://t.co/gQOiaEKMTm", "author_id": "807003567605227520", "id": "1081614650494603267", "created_at": "2019-01-05T18:13:22.000Z", "source": "Twitter for iPhone", "public_metrics": {"retweet_count": 64, "reply_count": 25, "like_count": 643, "quote_count": 5}, "entities": {"urls": [{"start": 179, "end": 202, "url": "https://t.co/gQOiaEKMTm", "expanded_url": "https://twitter.com/CNNnewsroom/status/1081553724290490370", "display_url": "twitter.com/CNNnewsroom/st\u2026"}]}, "referenced_tweets": [{"type": "quoted", "id": "1081553724290490370"}], "author": {"location": "Los Angeles, CA", "created_at": "2016-12-08T23:26:58.000Z", "id": "807003567605227520", "description": "Actor and Activist, semi-professional disruptor, ice cream advocate and shameless teacup yorkie-lover", "public_metrics": {"followers_count": 190462, "following_count": 220, "tweet_count": 1151, "listed_count": 567}, "username": "realamberheard", "name": "Amber Heard", "url": "https://t.co/Ze18Ek9SOI", "profile_image_url": "https://pbs.twimg.com/profile_images/1383196364792680448/N8CdupEu_normal.jpg"}}, "author": {"location": "Long Island,new York", "created_at": "2018-04-26T22:34:05.000Z", "id": "989633741114003456", "description": "Comedy,counselor", "public_metrics": {"followers_count": 39, "following_count": 269, "tweet_count": 44974, "listed_count": 0}, "username": "Paulwalwanis7", "name": "Paulwalwanis", "url": "", "profile_image_url": "https://abs.twimg.com/sticky/default_profile_images/default_profile_normal.png"}}, {"lang": "en", "in_reply_to_user_id": "807003567605227520", "text": "@realamberheard I Love you work as Mera! You made a great work played her!", "author_id": "887215765", "id": "1081615071443279873", "entities": {"annotations": [{"start": 35, "end": 38, "probability": 0.4996, "type": "Person", "normalized_text": "Mera"}], "mentions": [{"start": 0, "end": 15, "username": "realamberheard", "id": "807003567605227520"}]}, "created_at": "2019-01-05T18:15:03.000Z", "source": "Twitter Web App", "public_metrics": {"retweet_count": 0, "reply_count": 0, "like_count": 1, "quote_count": 0}, "referenced_tweets": [{"type": "replied_to", "id": "1081614650494603267"}], "replied_tweet": {"lang": "en", "text": "Where was all this Rep. fervor when the Grabber In Chief openly bragged about assaulting women \u201cjust because he could\u201d?! Shouldn\u2019t assault (on anyone) be above partisan politics? https://t.co/gQOiaEKMTm", "author_id": "807003567605227520", "id": "1081614650494603267", "created_at": "2019-01-05T18:13:22.000Z", "source": "Twitter for iPhone", "public_metrics": {"retweet_count": 64, "reply_count": 25, "like_count": 643, "quote_count": 5}, "entities": {"urls": [{"start": 179, "end": 202, "url": "https://t.co/gQOiaEKMTm", "expanded_url": "https://twitter.com/CNNnewsroom/status/1081553724290490370", "display_url": "twitter.com/CNNnewsroom/st\u2026"}]}, "referenced_tweets": [{"type": "quoted", "id": "1081553724290490370"}], "author": {"location": "Los Angeles, CA", "created_at": "2016-12-08T23:26:58.000Z", "id": "807003567605227520", "description": "Actor and Activist, semi-professional disruptor, ice cream advocate and shameless teacup yorkie-lover", "public_metrics": {"followers_count": 190462, "following_count": 220, "tweet_count": 1151, "listed_count": 567}, "username": "realamberheard", "name": "Amber Heard", "url": "https://t.co/Ze18Ek9SOI", "profile_image_url": "https://pbs.twimg.com/profile_images/1383196364792680448/N8CdupEu_normal.jpg"}}, "author": {"created_at": "2012-10-17T17:11:16.000Z", "id": "887215765", "description": "", "public_metrics": {"followers_count": 77, "following_count": 617, "tweet_count": 10837, "listed_count": 0}, "username": "troper2004", "name": "Cbr troper2004", "url": "", "profile_image_url": "https://pbs.twimg.com/profile_images/954953833985142785/rjftiqAu_normal.jpg"}}]