[{"public_metrics": {"retweet_count": 0, "reply_count": 0, "like_count": 0, "quote_count": 0}, "referenced_tweets": [{"type": "replied_to", "id": "1088714345788301312"}], "id": "1088906709966381056", "source": "Twitter Web Client", "lang": "en", "created_at": "2019-01-25T21:09:25.000Z", "text": "@realamberheard @realDonaldTrump @AOC Wonderful.", "author_id": "3036891512", "entities": {"mentions": [{"start": 0, "end": 15, "username": "realamberheard", "id": "807003567605227520"}, {"start": 16, "end": 32, "username": "realDonaldTrump", "id": "25073877"}, {"start": 33, "end": 37, "username": "AOC", "id": "138203134"}]}, "in_reply_to_user_id": "807003567605227520", "replied_tweet": {"public_metrics": {"retweet_count": 58, "reply_count": 19, "like_count": 632, "quote_count": 1}, "referenced_tweets": [{"type": "quoted", "id": "1088573173451419648"}], "id": "1088714345788301312", "source": "Twitter for iPad", "lang": "en", "entities": {"urls": [{"start": 249, "end": 272, "url": "https://t.co/wF1CskORcV", "expanded_url": "https://twitter.com/AOC/status/1088573173451419648", "display_url": "twitter.com/AOC/status/108\u2026"}], "mentions": [{"start": 87, "end": 103, "username": "realDonaldTrump", "id": "25073877"}, {"start": 187, "end": 191, "username": "AOC", "id": "138203134"}]}, "created_at": "2019-01-25T08:25:02.000Z", "text": "Thank u 4 working so hard 4 the people that trust in your representation...despite the @realDonaldTrump attempt to extort our gvrn\u2019mt into giving his \u2018Huge!\u2019 Ego-Trophy, al\u00e1 The wWall....@AOC ,  doing real things for the people who need it. Thank U https://t.co/wF1CskORcV", "author_id": "807003567605227520", "author": {"description": "Actor and Activist, semi-professional disruptor, ice cream advocate and shameless teacup yorkie-lover", "profile_image_url": "https://pbs.twimg.com/profile_images/1383196364792680448/N8CdupEu_normal.jpg", "id": "807003567605227520", "name": "Amber Heard", "public_metrics": {"followers_count": 190464, "following_count": 220, "tweet_count": 1151, "listed_count": 568}, "username": "realamberheard", "created_at": "2016-12-08T23:26:58.000Z", "location": "Los Angeles, CA", "url": "https://t.co/Ze18Ek9SOI"}}, "author": {"description": "RETD.ADMINISTRATIVE DIRECTOR.", "profile_image_url": "https://pbs.twimg.com/profile_images/1494350104890728456/5Z4srAfQ_normal.jpg", "id": "3036891512", "name": "Nandakumar Mani", "public_metrics": {"followers_count": 108, "following_count": 311, "tweet_count": 16469, "listed_count": 2}, "username": "NandakumarMani", "created_at": "2015-02-22T19:38:36.000Z", "location": "Chennai, India", "url": ""}}, {"public_metrics": {"retweet_count": 0, "reply_count": 0, "like_count": 0, "quote_count": 0}, "referenced_tweets": [{"type": "replied_to", "id": "1088714345788301312"}], "id": "1088881877400907776", "source": "Twitter Web Client", "lang": "en", "created_at": "2019-01-25T19:30:44.000Z", "text": "@realamberheard @realDonaldTrump @AOC Pleas,,,\ud83e\udd70\ud83e\udd17", "author_id": "728274848754110464", "entities": {"mentions": [{"start": 0, "end": 15, "username": "realamberheard", "id": "807003567605227520"}, {"start": 16, "end": 32, "username": "realDonaldTrump", "id": "25073877"}, {"start": 33, "end": 37, "username": "AOC", "id": "138203134"}]}, "in_reply_to_user_id": "807003567605227520", "replied_tweet": {"public_metrics": {"retweet_count": 58, "reply_count": 19, "like_count": 632, "quote_count": 1}, "referenced_tweets": [{"type": "quoted", "id": "1088573173451419648"}], "id": "1088714345788301312", "source": "Twitter for iPad", "lang": "en", "entities": {"urls": [{"start": 249, "end": 272, "url": "https://t.co/wF1CskORcV", "expanded_url": "https://twitter.com/AOC/status/1088573173451419648", "display_url": "twitter.com/AOC/status/108\u2026"}], "mentions": [{"start": 87, "end": 103, "username": "realDonaldTrump", "id": "25073877"}, {"start": 187, "end": 191, "username": "AOC", "id": "138203134"}]}, "created_at": "2019-01-25T08:25:02.000Z", "text": "Thank u 4 working so hard 4 the people that trust in your representation...despite the @realDonaldTrump attempt to extort our gvrn\u2019mt into giving his \u2018Huge!\u2019 Ego-Trophy, al\u00e1 The wWall....@AOC ,  doing real things for the people who need it. Thank U https://t.co/wF1CskORcV", "author_id": "807003567605227520", "author": {"description": "Actor and Activist, semi-professional disruptor, ice cream advocate and shameless teacup yorkie-lover", "profile_image_url": "https://pbs.twimg.com/profile_images/1383196364792680448/N8CdupEu_normal.jpg", "id": "807003567605227520", "name": "Amber Heard", "public_metrics": {"followers_count": 190464, "following_count": 220, "tweet_count": 1151, "listed_count": 568}, "username": "realamberheard", "created_at": "2016-12-08T23:26:58.000Z", "location": "Los Angeles, CA", "url": "https://t.co/Ze18Ek9SOI"}}, "author": {"description": "Who lives my dream?.Sto cercando,,Who borrow money?,-\"Startup-Application\"-5.000.-80.000.\u20ac. SK14 8330 0000 0027 0199 3526./SWIFT-FIOZSKBAXXX.,Grazie,Thank.", "profile_image_url": "https://pbs.twimg.com/profile_images/1499739852870492171/pCwXQNgW_normal.jpg", "id": "728274848754110464", "name": "Norbert", "public_metrics": {"followers_count": 734, "following_count": 5007, "tweet_count": 23200, "listed_count": 50}, "username": "norbert_kukla", "created_at": "2016-05-05T17:27:09.000Z", "location": "Bratislava", "url": ""}}, {"public_metrics": {"retweet_count": 1, "reply_count": 0, "like_count": 1, "quote_count": 0}, "referenced_tweets": [{"type": "replied_to", "id": "1088714345788301312"}], "id": "1088822496751697921", "source": "Twitter for iPhone", "lang": "en", "created_at": "2019-01-25T15:34:47.000Z", "text": "@realamberheard @realDonaldTrump @AOC You tried to extort your ex-husband so I don\u2019t know what u talking about. It\u2019s the \u201cdirty\u201d talking about the \u201csoiled\u201d  \ud83d\udca9 extortion is extortion", "author_id": "1050721822092812289", "entities": {"mentions": [{"start": 0, "end": 15, "username": "realamberheard", "id": "807003567605227520"}, {"start": 16, "end": 32, "username": "realDonaldTrump", "id": "25073877"}, {"start": 33, "end": 37, "username": "AOC", "id": "138203134"}]}, "in_reply_to_user_id": "807003567605227520", "replied_tweet": {"public_metrics": {"retweet_count": 58, "reply_count": 19, "like_count": 632, "quote_count": 1}, "referenced_tweets": [{"type": "quoted", "id": "1088573173451419648"}], "id": "1088714345788301312", "source": "Twitter for iPad", "lang": "en", "entities": {"urls": [{"start": 249, "end": 272, "url": "https://t.co/wF1CskORcV", "expanded_url": "https://twitter.com/AOC/status/1088573173451419648", "display_url": "twitter.com/AOC/status/108\u2026"}], "mentions": [{"start": 87, "end": 103, "username": "realDonaldTrump", "id": "25073877"}, {"start": 187, "end": 191, "username": "AOC", "id": "138203134"}]}, "created_at": "2019-01-25T08:25:02.000Z", "text": "Thank u 4 working so hard 4 the people that trust in your representation...despite the @realDonaldTrump attempt to extort our gvrn\u2019mt into giving his \u2018Huge!\u2019 Ego-Trophy, al\u00e1 The wWall....@AOC ,  doing real things for the people who need it. Thank U https://t.co/wF1CskORcV", "author_id": "807003567605227520", "author": {"description": "Actor and Activist, semi-professional disruptor, ice cream advocate and shameless teacup yorkie-lover", "profile_image_url": "https://pbs.twimg.com/profile_images/1383196364792680448/N8CdupEu_normal.jpg", "id": "807003567605227520", "name": "Amber Heard", "public_metrics": {"followers_count": 190464, "following_count": 220, "tweet_count": 1151, "listed_count": 568}, "username": "realamberheard", "created_at": "2016-12-08T23:26:58.000Z", "location": "Los Angeles, CA", "url": "https://t.co/Ze18Ek9SOI"}}, "author": {"description": "\u2022\u273f Johnny is definition of love \u273f\u2022", "profile_image_url": "https://pbs.twimg.com/profile_images/1340701831975096320/g92j12jM_normal.jpg", "id": "1050721822092812289", "name": "Susan", "public_metrics": {"followers_count": 412, "following_count": 300, "tweet_count": 12987, "listed_count": 1}, "username": "teamdepp_", "created_at": "2018-10-12T12:16:18.000Z", "location": "#ibelievehim", "url": ""}}, {"public_metrics": {"retweet_count": 0, "reply_count": 0, "like_count": 0, "quote_count": 0}, "referenced_tweets": [{"type": "replied_to", "id": "1088714345788301312"}], "id": "1088802638324531200", "source": "Twitter for iPhone", "lang": "en", "created_at": "2019-01-25T14:15:52.000Z", "text": "@realamberheard @realDonaldTrump @AOC You support killing unborn babies at any point until they are born. You\u2019re evil!", "author_id": "1001668123454595072", "entities": {"mentions": [{"start": 0, "end": 15, "username": "realamberheard", "id": "807003567605227520"}, {"start": 16, "end": 32, "username": "realDonaldTrump", "id": "25073877"}, {"start": 33, "end": 37, "username": "AOC", "id": "138203134"}]}, "in_reply_to_user_id": "807003567605227520", "replied_tweet": {"public_metrics": {"retweet_count": 58, "reply_count": 19, "like_count": 632, "quote_count": 1}, "referenced_tweets": [{"type": "quoted", "id": "1088573173451419648"}], "id": "1088714345788301312", "source": "Twitter for iPad", "lang": "en", "entities": {"urls": [{"start": 249, "end": 272, "url": "https://t.co/wF1CskORcV", "expanded_url": "https://twitter.com/AOC/status/1088573173451419648", "display_url": "twitter.com/AOC/status/108\u2026"}], "mentions": [{"start": 87, "end": 103, "username": "realDonaldTrump", "id": "25073877"}, {"start": 187, "end": 191, "username": "AOC", "id": "138203134"}]}, "created_at": "2019-01-25T08:25:02.000Z", "text": "Thank u 4 working so hard 4 the people that trust in your representation...despite the @realDonaldTrump attempt to extort our gvrn\u2019mt into giving his \u2018Huge!\u2019 Ego-Trophy, al\u00e1 The wWall....@AOC ,  doing real things for the people who need it. Thank U https://t.co/wF1CskORcV", "author_id": "807003567605227520", "author": {"description": "Actor and Activist, semi-professional disruptor, ice cream advocate and shameless teacup yorkie-lover", "profile_image_url": "https://pbs.twimg.com/profile_images/1383196364792680448/N8CdupEu_normal.jpg", "id": "807003567605227520", "name": "Amber Heard", "public_metrics": {"followers_count": 190464, "following_count": 220, "tweet_count": 1151, "listed_count": 568}, "username": "realamberheard", "created_at": "2016-12-08T23:26:58.000Z", "location": "Los Angeles, CA", "url": "https://t.co/Ze18Ek9SOI"}}, "author": {"description": "", "profile_image_url": "https://pbs.twimg.com/profile_images/1006747037021491201/OkgE-g84_normal.jpg", "id": "1001668123454595072", "name": "Sawyer", "public_metrics": {"followers_count": 5, "following_count": 134, "tweet_count": 3766, "listed_count": 0}, "username": "Sawyer26428403", "created_at": "2018-05-30T03:34:25.000Z", "url": ""}}, {"public_metrics": {"retweet_count": 0, "reply_count": 0, "like_count": 0, "quote_count": 0}, "referenced_tweets": [{"type": "replied_to", "id": "1088714345788301312"}], "id": "1088791430976417792", "source": "Twitter for Android", "lang": "en", "created_at": "2019-01-25T13:31:20.000Z", "text": "@realamberheard @realDonaldTrump @AOC Well you dont get HATRED without a REDHAT.  This is getting ridiculous we need to learn to work together as a ppl and the hate is so bad.. we are AMERICAN CITIZENS we ARE all different.. instead of fighting one another why no try listening to 1 another.", "author_id": "1048681219746140162", "entities": {"mentions": [{"start": 0, "end": 15, "username": "realamberheard", "id": "807003567605227520"}, {"start": 16, "end": 32, "username": "realDonaldTrump", "id": "25073877"}, {"start": 33, "end": 37, "username": "AOC", "id": "138203134"}], "annotations": [{"start": 73, "end": 78, "probability": 0.468, "type": "Product", "normalized_text": "REDHAT"}]}, "in_reply_to_user_id": "807003567605227520", "replied_tweet": {"public_metrics": {"retweet_count": 58, "reply_count": 19, "like_count": 632, "quote_count": 1}, "referenced_tweets": [{"type": "quoted", "id": "1088573173451419648"}], "id": "1088714345788301312", "source": "Twitter for iPad", "lang": "en", "entities": {"urls": [{"start": 249, "end": 272, "url": "https://t.co/wF1CskORcV", "expanded_url": "https://twitter.com/AOC/status/1088573173451419648", "display_url": "twitter.com/AOC/status/108\u2026"}], "mentions": [{"start": 87, "end": 103, "username": "realDonaldTrump", "id": "25073877"}, {"start": 187, "end": 191, "username": "AOC", "id": "138203134"}]}, "created_at": "2019-01-25T08:25:02.000Z", "text": "Thank u 4 working so hard 4 the people that trust in your representation...despite the @realDonaldTrump attempt to extort our gvrn\u2019mt into giving his \u2018Huge!\u2019 Ego-Trophy, al\u00e1 The wWall....@AOC ,  doing real things for the people who need it. Thank U https://t.co/wF1CskORcV", "author_id": "807003567605227520", "author": {"description": "Actor and Activist, semi-professional disruptor, ice cream advocate and shameless teacup yorkie-lover", "profile_image_url": "https://pbs.twimg.com/profile_images/1383196364792680448/N8CdupEu_normal.jpg", "id": "807003567605227520", "name": "Amber Heard", "public_metrics": {"followers_count": 190464, "following_count": 220, "tweet_count": 1151, "listed_count": 568}, "username": "realamberheard", "created_at": "2016-12-08T23:26:58.000Z", "location": "Los Angeles, CA", "url": "https://t.co/Ze18Ek9SOI"}}, "author": {"description": "Equality is the only way to create a better future.....\n\n#PickASide\n#RaiseAFist", "profile_image_url": "https://pbs.twimg.com/profile_images/1502321336148008967/R8OT5wEP_normal.jpg", "id": "1048681219746140162", "name": "Kevin Endicott", "public_metrics": {"followers_count": 66711, "following_count": 57143, "tweet_count": 74969, "listed_count": 66}, "username": "TheRealKevinTE", "created_at": "2018-10-06T21:07:41.000Z", "location": "United States", "url": ""}}, {"public_metrics": {"retweet_count": 0, "reply_count": 0, "like_count": 0, "quote_count": 0}, "referenced_tweets": [{"type": "replied_to", "id": "1088714345788301312"}], "id": "1088790258802675713", "source": "Twitter for iPhone", "lang": "en", "created_at": "2019-01-25T13:26:41.000Z", "text": "@realamberheard @realDonaldTrump @AOC So are ya against building the wall or are u with the wall? Cause I ain\u2019t.", "author_id": "1088216205809381376", "entities": {"mentions": [{"start": 0, "end": 15, "username": "realamberheard", "id": "807003567605227520"}, {"start": 16, "end": 32, "username": "realDonaldTrump", "id": "25073877"}, {"start": 33, "end": 37, "username": "AOC", "id": "138203134"}]}, "in_reply_to_user_id": "807003567605227520", "replied_tweet": {"public_metrics": {"retweet_count": 58, "reply_count": 19, "like_count": 632, "quote_count": 1}, "referenced_tweets": [{"type": "quoted", "id": "1088573173451419648"}], "id": "1088714345788301312", "source": "Twitter for iPad", "lang": "en", "entities": {"urls": [{"start": 249, "end": 272, "url": "https://t.co/wF1CskORcV", "expanded_url": "https://twitter.com/AOC/status/1088573173451419648", "display_url": "twitter.com/AOC/status/108\u2026"}], "mentions": [{"start": 87, "end": 103, "username": "realDonaldTrump", "id": "25073877"}, {"start": 187, "end": 191, "username": "AOC", "id": "138203134"}]}, "created_at": "2019-01-25T08:25:02.000Z", "text": "Thank u 4 working so hard 4 the people that trust in your representation...despite the @realDonaldTrump attempt to extort our gvrn\u2019mt into giving his \u2018Huge!\u2019 Ego-Trophy, al\u00e1 The wWall....@AOC ,  doing real things for the people who need it. Thank U https://t.co/wF1CskORcV", "author_id": "807003567605227520", "author": {"description": "Actor and Activist, semi-professional disruptor, ice cream advocate and shameless teacup yorkie-lover", "profile_image_url": "https://pbs.twimg.com/profile_images/1383196364792680448/N8CdupEu_normal.jpg", "id": "807003567605227520", "name": "Amber Heard", "public_metrics": {"followers_count": 190464, "following_count": 220, "tweet_count": 1151, "listed_count": 568}, "username": "realamberheard", "created_at": "2016-12-08T23:26:58.000Z", "location": "Los Angeles, CA", "url": "https://t.co/Ze18Ek9SOI"}}, "author": {"description": "Love soccer, Piano, and Nature", "profile_image_url": "https://pbs.twimg.com/profile_images/1088219050302468096/6047Mmjn_normal.jpg", "id": "1088216205809381376", "name": "Avery_Ibsiab_Vang", "public_metrics": {"followers_count": 2, "following_count": 47, "tweet_count": 33, "listed_count": 0}, "username": "IbsiabVang", "created_at": "2019-01-23T23:25:36.000Z", "url": "https://t.co/1FC7419aWd"}}, {"public_metrics": {"retweet_count": 0, "reply_count": 0, "like_count": 0, "quote_count": 0}, "referenced_tweets": [{"type": "replied_to", "id": "1088714345788301312"}], "id": "1088767633854353408", "source": "Twitter for Android", "lang": "und", "created_at": "2019-01-25T11:56:46.000Z", "text": "@realamberheard @realDonaldTrump @AOC \u2764\u2764\u2764", "author_id": "1077909687641681920", "entities": {"mentions": [{"start": 0, "end": 15, "username": "realamberheard", "id": "807003567605227520"}, {"start": 16, "end": 32, "username": "realDonaldTrump", "id": "25073877"}, {"start": 33, "end": 37, "username": "AOC", "id": "138203134"}]}, "in_reply_to_user_id": "807003567605227520", "replied_tweet": {"public_metrics": {"retweet_count": 58, "reply_count": 19, "like_count": 632, "quote_count": 1}, "referenced_tweets": [{"type": "quoted", "id": "1088573173451419648"}], "id": "1088714345788301312", "source": "Twitter for iPad", "lang": "en", "entities": {"urls": [{"start": 249, "end": 272, "url": "https://t.co/wF1CskORcV", "expanded_url": "https://twitter.com/AOC/status/1088573173451419648", "display_url": "twitter.com/AOC/status/108\u2026"}], "mentions": [{"start": 87, "end": 103, "username": "realDonaldTrump", "id": "25073877"}, {"start": 187, "end": 191, "username": "AOC", "id": "138203134"}]}, "created_at": "2019-01-25T08:25:02.000Z", "text": "Thank u 4 working so hard 4 the people that trust in your representation...despite the @realDonaldTrump attempt to extort our gvrn\u2019mt into giving his \u2018Huge!\u2019 Ego-Trophy, al\u00e1 The wWall....@AOC ,  doing real things for the people who need it. Thank U https://t.co/wF1CskORcV", "author_id": "807003567605227520", "author": {"description": "Actor and Activist, semi-professional disruptor, ice cream advocate and shameless teacup yorkie-lover", "profile_image_url": "https://pbs.twimg.com/profile_images/1383196364792680448/N8CdupEu_normal.jpg", "id": "807003567605227520", "name": "Amber Heard", "public_metrics": {"followers_count": 190464, "following_count": 220, "tweet_count": 1151, "listed_count": 568}, "username": "realamberheard", "created_at": "2016-12-08T23:26:58.000Z", "location": "Los Angeles, CA", "url": "https://t.co/Ze18Ek9SOI"}}, "author": {"description": "I'm happy", "profile_image_url": "https://pbs.twimg.com/profile_images/1077915934952583168/Y3UAXb3q_normal.jpg", "id": "1077909687641681920", "name": "happy lee", "public_metrics": {"followers_count": 0, "following_count": 1, "tweet_count": 40, "listed_count": 0}, "username": "love_amderheard", "created_at": "2018-12-26T12:51:10.000Z", "url": ""}}, {"public_metrics": {"retweet_count": 0, "reply_count": 1, "like_count": 2, "quote_count": 0}, "referenced_tweets": [{"type": "replied_to", "id": "1088714345788301312"}], "id": "1088765787488301062", "source": "Twitter for Android", "lang": "en", "created_at": "2019-01-25T11:49:26.000Z", "text": "@realamberheard @realDonaldTrump @AOC And just like that Amber I've loved everything you've been promoting and there you go all political. I actually had a lot of respect for you staying clear from it guess it's time to unfollow now thanks for the fun", "author_id": "964949159173292033", "entities": {"mentions": [{"start": 0, "end": 15, "username": "realamberheard", "id": "807003567605227520"}, {"start": 16, "end": 32, "username": "realDonaldTrump", "id": "25073877"}, {"start": 33, "end": 37, "username": "AOC", "id": "138203134"}], "annotations": [{"start": 57, "end": 61, "probability": 0.8699, "type": "Person", "normalized_text": "Amber"}]}, "in_reply_to_user_id": "807003567605227520", "replied_tweet": {"public_metrics": {"retweet_count": 58, "reply_count": 19, "like_count": 632, "quote_count": 1}, "referenced_tweets": [{"type": "quoted", "id": "1088573173451419648"}], "id": "1088714345788301312", "source": "Twitter for iPad", "lang": "en", "entities": {"urls": [{"start": 249, "end": 272, "url": "https://t.co/wF1CskORcV", "expanded_url": "https://twitter.com/AOC/status/1088573173451419648", "display_url": "twitter.com/AOC/status/108\u2026"}], "mentions": [{"start": 87, "end": 103, "username": "realDonaldTrump", "id": "25073877"}, {"start": 187, "end": 191, "username": "AOC", "id": "138203134"}]}, "created_at": "2019-01-25T08:25:02.000Z", "text": "Thank u 4 working so hard 4 the people that trust in your representation...despite the @realDonaldTrump attempt to extort our gvrn\u2019mt into giving his \u2018Huge!\u2019 Ego-Trophy, al\u00e1 The wWall....@AOC ,  doing real things for the people who need it. Thank U https://t.co/wF1CskORcV", "author_id": "807003567605227520", "author": {"description": "Actor and Activist, semi-professional disruptor, ice cream advocate and shameless teacup yorkie-lover", "profile_image_url": "https://pbs.twimg.com/profile_images/1383196364792680448/N8CdupEu_normal.jpg", "id": "807003567605227520", "name": "Amber Heard", "public_metrics": {"followers_count": 190464, "following_count": 220, "tweet_count": 1151, "listed_count": 568}, "username": "realamberheard", "created_at": "2016-12-08T23:26:58.000Z", "location": "Los Angeles, CA", "url": "https://t.co/Ze18Ek9SOI"}}, "author": {"description": "", "profile_image_url": "https://pbs.twimg.com/profile_images/1136606341034913793/QkVxGqJl_normal.jpg", "id": "964949159173292033", "name": "Jason Troxclair", "public_metrics": {"followers_count": 70, "following_count": 845, "tweet_count": 1257, "listed_count": 1}, "username": "jason_troxclair", "created_at": "2018-02-17T19:46:22.000Z", "location": "Brusly, LA", "url": ""}}, {"public_metrics": {"retweet_count": 0, "reply_count": 1, "like_count": 0, "quote_count": 0}, "referenced_tweets": [{"type": "replied_to", "id": "1088730100865081345"}], "id": "1088744473541206016", "source": "Twitter for Android", "lang": "en", "created_at": "2019-01-25T10:24:45.000Z", "text": "@EquinoX_theonly @realamberheard @realDonaldTrump @AOC Agreed. Guess Trump better resign then.", "author_id": "154774769", "entities": {"mentions": [{"start": 0, "end": 16, "username": "EquinoX_theonly", "id": "1002157286427648001"}, {"start": 17, "end": 32, "username": "realamberheard", "id": "807003567605227520"}, {"start": 33, "end": 49, "username": "realDonaldTrump", "id": "25073877"}, {"start": 50, "end": 54, "username": "AOC", "id": "138203134"}], "annotations": [{"start": 69, "end": 73, "probability": 0.9984, "type": "Person", "normalized_text": "Trump"}]}, "in_reply_to_user_id": "1002157286427648001", "replied_tweet": {"public_metrics": {"retweet_count": 58, "reply_count": 19, "like_count": 632, "quote_count": 1}, "referenced_tweets": [{"type": "quoted", "id": "1088573173451419648"}], "id": "1088714345788301312", "source": "Twitter for iPad", "lang": "en", "entities": {"urls": [{"start": 249, "end": 272, "url": "https://t.co/wF1CskORcV", "expanded_url": "https://twitter.com/AOC/status/1088573173451419648", "display_url": "twitter.com/AOC/status/108\u2026"}], "mentions": [{"start": 87, "end": 103, "username": "realDonaldTrump", "id": "25073877"}, {"start": 187, "end": 191, "username": "AOC", "id": "138203134"}]}, "created_at": "2019-01-25T08:25:02.000Z", "text": "Thank u 4 working so hard 4 the people that trust in your representation...despite the @realDonaldTrump attempt to extort our gvrn\u2019mt into giving his \u2018Huge!\u2019 Ego-Trophy, al\u00e1 The wWall....@AOC ,  doing real things for the people who need it. Thank U https://t.co/wF1CskORcV", "author_id": "807003567605227520", "author": {"description": "Actor and Activist, semi-professional disruptor, ice cream advocate and shameless teacup yorkie-lover", "profile_image_url": "https://pbs.twimg.com/profile_images/1383196364792680448/N8CdupEu_normal.jpg", "id": "807003567605227520", "name": "Amber Heard", "public_metrics": {"followers_count": 190464, "following_count": 220, "tweet_count": 1151, "listed_count": 568}, "username": "realamberheard", "created_at": "2016-12-08T23:26:58.000Z", "location": "Los Angeles, CA", "url": "https://t.co/Ze18Ek9SOI"}}, "author": {"description": "Little, loudmouthed VFL. Still deciding between Kenny Chesney & Matt Kemp. Obama worshipping, @JoeBiden voting, FDR quoting, STL Cards fan. #KHive \ud83d\udc9b\ud83d\udc1d\n\ud83c\udf4a\ud83c\udfc8 \u2764\u26be\ufe0f", "profile_image_url": "https://pbs.twimg.com/profile_images/1404236553099096069/-R_YCkJD_normal.jpg", "id": "154774769", "name": "Candi Mathis", "public_metrics": {"followers_count": 14337, "following_count": 8766, "tweet_count": 80787, "listed_count": 34}, "username": "CandiMathis", "created_at": "2010-06-12T04:44:26.000Z", "location": "Music City, USA", "url": ""}}, {"public_metrics": {"retweet_count": 0, "reply_count": 0, "like_count": 0, "quote_count": 0}, "referenced_tweets": [{"type": "replied_to", "id": "1088714345788301312"}], "id": "1088737658333913088", "source": "Twitter for Android", "lang": "en", "entities": {"urls": [{"start": 73, "end": 96, "url": "https://t.co/msg2dJRSkH", "expanded_url": "https://twitter.com/Joyawahid1/status/1088737658333913088/video/1", "display_url": "pic.twitter.com/msg2dJRSkH"}], "mentions": [{"start": 0, "end": 15, "username": "realamberheard", "id": "807003567605227520"}, {"start": 16, "end": 32, "username": "realDonaldTrump", "id": "25073877"}, {"start": 33, "end": 37, "username": "AOC", "id": "138203134"}, {"start": 57, "end": 72, "username": "realamberheard", "id": "807003567605227520"}]}, "created_at": "2019-01-25T09:57:40.000Z", "text": "@realamberheard @realDonaldTrump @AOC \ud83d\udc4f\ud83d\ude4c\ud83d\udc95\ud83d\udc96\u2764\ud83d\udc83 Best \ud83d\udc33\ud83d\udc33\ud83d\udc2c\ud83d\udc0b\ud83d\udc33\ud83d\udc33 @realamberheard https://t.co/msg2dJRSkH", "author_id": "1071614258096431104", "in_reply_to_user_id": "807003567605227520", "replied_tweet": {"public_metrics": {"retweet_count": 58, "reply_count": 19, "like_count": 632, "quote_count": 1}, "referenced_tweets": [{"type": "quoted", "id": "1088573173451419648"}], "id": "1088714345788301312", "source": "Twitter for iPad", "lang": "en", "entities": {"urls": [{"start": 249, "end": 272, "url": "https://t.co/wF1CskORcV", "expanded_url": "https://twitter.com/AOC/status/1088573173451419648", "display_url": "twitter.com/AOC/status/108\u2026"}], "mentions": [{"start": 87, "end": 103, "username": "realDonaldTrump", "id": "25073877"}, {"start": 187, "end": 191, "username": "AOC", "id": "138203134"}]}, "created_at": "2019-01-25T08:25:02.000Z", "text": "Thank u 4 working so hard 4 the people that trust in your representation...despite the @realDonaldTrump attempt to extort our gvrn\u2019mt into giving his \u2018Huge!\u2019 Ego-Trophy, al\u00e1 The wWall....@AOC ,  doing real things for the people who need it. Thank U https://t.co/wF1CskORcV", "author_id": "807003567605227520", "author": {"description": "Actor and Activist, semi-professional disruptor, ice cream advocate and shameless teacup yorkie-lover", "profile_image_url": "https://pbs.twimg.com/profile_images/1383196364792680448/N8CdupEu_normal.jpg", "id": "807003567605227520", "name": "Amber Heard", "public_metrics": {"followers_count": 190464, "following_count": 220, "tweet_count": 1151, "listed_count": 568}, "username": "realamberheard", "created_at": "2016-12-08T23:26:58.000Z", "location": "Los Angeles, CA", "url": "https://t.co/Ze18Ek9SOI"}}, "author": {"description": "@Lisaandriansalon\ud83d\udc87\ud83d\udc86\ud83d\udc84\ud83d\udc85\nHair n make up", "profile_image_url": "https://pbs.twimg.com/profile_images/1123131394597634050/m5Toggin_normal.jpg", "id": "1071614258096431104", "name": "Joya_wahid                          \ud83d\udc2c\ud83d\udc33\ud83d\udc2c\ud83d\udc33\ud83d\udc0b\ud83d\udc33\ud83d\udc2c", "public_metrics": {"followers_count": 5, "following_count": 82, "tweet_count": 389, "listed_count": 0}, "username": "Joyawahid1", "created_at": "2018-12-09T03:55:23.000Z", "location": "DKI Jakarta,bali,Indonesia", "url": ""}}, {"public_metrics": {"retweet_count": 0, "reply_count": 0, "like_count": 1, "quote_count": 0}, "referenced_tweets": [{"type": "replied_to", "id": "1088714345788301312"}], "id": "1088728324405252096", "source": "Twitter for iPhone", "lang": "en", "created_at": "2019-01-25T09:20:34.000Z", "text": "@realamberheard @realDonaldTrump @AOC I'm sooo glad you support @AOC . She's he real deal ! I love her and I love you", "author_id": "1078116382955294721", "entities": {"mentions": [{"start": 0, "end": 15, "username": "realamberheard", "id": "807003567605227520"}, {"start": 16, "end": 32, "username": "realDonaldTrump", "id": "25073877"}, {"start": 33, "end": 37, "username": "AOC", "id": "138203134"}, {"start": 64, "end": 68, "username": "AOC", "id": "138203134"}]}, "in_reply_to_user_id": "807003567605227520", "replied_tweet": {"public_metrics": {"retweet_count": 58, "reply_count": 19, "like_count": 632, "quote_count": 1}, "referenced_tweets": [{"type": "quoted", "id": "1088573173451419648"}], "id": "1088714345788301312", "source": "Twitter for iPad", "lang": "en", "entities": {"urls": [{"start": 249, "end": 272, "url": "https://t.co/wF1CskORcV", "expanded_url": "https://twitter.com/AOC/status/1088573173451419648", "display_url": "twitter.com/AOC/status/108\u2026"}], "mentions": [{"start": 87, "end": 103, "username": "realDonaldTrump", "id": "25073877"}, {"start": 187, "end": 191, "username": "AOC", "id": "138203134"}]}, "created_at": "2019-01-25T08:25:02.000Z", "text": "Thank u 4 working so hard 4 the people that trust in your representation...despite the @realDonaldTrump attempt to extort our gvrn\u2019mt into giving his \u2018Huge!\u2019 Ego-Trophy, al\u00e1 The wWall....@AOC ,  doing real things for the people who need it. Thank U https://t.co/wF1CskORcV", "author_id": "807003567605227520", "author": {"description": "Actor and Activist, semi-professional disruptor, ice cream advocate and shameless teacup yorkie-lover", "profile_image_url": "https://pbs.twimg.com/profile_images/1383196364792680448/N8CdupEu_normal.jpg", "id": "807003567605227520", "name": "Amber Heard", "public_metrics": {"followers_count": 190464, "following_count": 220, "tweet_count": 1151, "listed_count": 568}, "username": "realamberheard", "created_at": "2016-12-08T23:26:58.000Z", "location": "Los Angeles, CA", "url": "https://t.co/Ze18Ek9SOI"}}, "author": {"description": "", "profile_image_url": "https://pbs.twimg.com/profile_images/1485483295781814272/jvAbeFqY_normal.jpg", "id": "1078116382955294721", "name": "Nix", "public_metrics": {"followers_count": 96, "following_count": 73, "tweet_count": 1705, "listed_count": 0}, "username": "nixgen", "created_at": "2018-12-27T02:32:30.000Z", "url": ""}}, {"public_metrics": {"retweet_count": 0, "reply_count": 0, "like_count": 2, "quote_count": 0}, "referenced_tweets": [{"type": "replied_to", "id": "1088714345788301312"}], "id": "1088716297955958784", "source": "Twitter for iPhone", "lang": "en", "created_at": "2019-01-25T08:32:47.000Z", "text": "@realamberheard @realDonaldTrump @AOC In my opinion Trump has no heart. Every time he talks about money as if God took his mind.", "author_id": "186000388", "entities": {"mentions": [{"start": 0, "end": 15, "username": "realamberheard", "id": "807003567605227520"}, {"start": 16, "end": 32, "username": "realDonaldTrump", "id": "25073877"}, {"start": 33, "end": 37, "username": "AOC", "id": "138203134"}], "annotations": [{"start": 52, "end": 56, "probability": 0.9993, "type": "Person", "normalized_text": "Trump"}, {"start": 110, "end": 112, "probability": 0.9883, "type": "Other", "normalized_text": "God"}]}, "in_reply_to_user_id": "807003567605227520", "replied_tweet": {"public_metrics": {"retweet_count": 58, "reply_count": 19, "like_count": 632, "quote_count": 1}, "referenced_tweets": [{"type": "quoted", "id": "1088573173451419648"}], "id": "1088714345788301312", "source": "Twitter for iPad", "lang": "en", "entities": {"urls": [{"start": 249, "end": 272, "url": "https://t.co/wF1CskORcV", "expanded_url": "https://twitter.com/AOC/status/1088573173451419648", "display_url": "twitter.com/AOC/status/108\u2026"}], "mentions": [{"start": 87, "end": 103, "username": "realDonaldTrump", "id": "25073877"}, {"start": 187, "end": 191, "username": "AOC", "id": "138203134"}]}, "created_at": "2019-01-25T08:25:02.000Z", "text": "Thank u 4 working so hard 4 the people that trust in your representation...despite the @realDonaldTrump attempt to extort our gvrn\u2019mt into giving his \u2018Huge!\u2019 Ego-Trophy, al\u00e1 The wWall....@AOC ,  doing real things for the people who need it. Thank U https://t.co/wF1CskORcV", "author_id": "807003567605227520", "author": {"description": "Actor and Activist, semi-professional disruptor, ice cream advocate and shameless teacup yorkie-lover", "profile_image_url": "https://pbs.twimg.com/profile_images/1383196364792680448/N8CdupEu_normal.jpg", "id": "807003567605227520", "name": "Amber Heard", "public_metrics": {"followers_count": 190464, "following_count": 220, "tweet_count": 1151, "listed_count": 568}, "username": "realamberheard", "created_at": "2016-12-08T23:26:58.000Z", "location": "Los Angeles, CA", "url": "https://t.co/Ze18Ek9SOI"}}, "author": {"description": "Producer\ud83c\udfac Video editor \ud83d\udcfd Freelancer\ud83d\udcbb Television", "profile_image_url": "https://pbs.twimg.com/profile_images/1094151065262538752/HkLgGdtz_normal.jpg", "id": "186000388", "name": "Adrian Gheorghe", "public_metrics": {"followers_count": 83, "following_count": 1495, "tweet_count": 183, "listed_count": 1}, "username": "one_adriano", "created_at": "2010-09-02T10:29:08.000Z", "location": "Bucharest, Romania", "url": ""}}, {"public_metrics": {"retweet_count": 0, "reply_count": 0, "like_count": 0, "quote_count": 0}, "referenced_tweets": [{"type": "replied_to", "id": "1088714345788301312"}], "id": "1088715217503162368", "source": "Twitter for Android", "lang": "en", "created_at": "2019-01-25T08:28:29.000Z", "text": "@realamberheard @realDonaldTrump @AOC Want to help workers push tax reform for profit sharing businesses. Put workers on the asset side of the ledger.", "author_id": "2411655860", "entities": {"mentions": [{"start": 0, "end": 15, "username": "realamberheard", "id": "807003567605227520"}, {"start": 16, "end": 32, "username": "realDonaldTrump", "id": "25073877"}, {"start": 33, "end": 37, "username": "AOC", "id": "138203134"}]}, "in_reply_to_user_id": "807003567605227520", "replied_tweet": {"public_metrics": {"retweet_count": 58, "reply_count": 19, "like_count": 632, "quote_count": 1}, "referenced_tweets": [{"type": "quoted", "id": "1088573173451419648"}], "id": "1088714345788301312", "source": "Twitter for iPad", "lang": "en", "entities": {"urls": [{"start": 249, "end": 272, "url": "https://t.co/wF1CskORcV", "expanded_url": "https://twitter.com/AOC/status/1088573173451419648", "display_url": "twitter.com/AOC/status/108\u2026"}], "mentions": [{"start": 87, "end": 103, "username": "realDonaldTrump", "id": "25073877"}, {"start": 187, "end": 191, "username": "AOC", "id": "138203134"}]}, "created_at": "2019-01-25T08:25:02.000Z", "text": "Thank u 4 working so hard 4 the people that trust in your representation...despite the @realDonaldTrump attempt to extort our gvrn\u2019mt into giving his \u2018Huge!\u2019 Ego-Trophy, al\u00e1 The wWall....@AOC ,  doing real things for the people who need it. Thank U https://t.co/wF1CskORcV", "author_id": "807003567605227520", "author": {"description": "Actor and Activist, semi-professional disruptor, ice cream advocate and shameless teacup yorkie-lover", "profile_image_url": "https://pbs.twimg.com/profile_images/1383196364792680448/N8CdupEu_normal.jpg", "id": "807003567605227520", "name": "Amber Heard", "public_metrics": {"followers_count": 190464, "following_count": 220, "tweet_count": 1151, "listed_count": 568}, "username": "realamberheard", "created_at": "2016-12-08T23:26:58.000Z", "location": "Los Angeles, CA", "url": "https://t.co/Ze18Ek9SOI"}}, "author": {"description": "I loved River and hate Friends.", "profile_image_url": "https://pbs.twimg.com/profile_images/1013723146044747776/SaEqAFcE_normal.jpg", "id": "2411655860", "name": "john foley", "public_metrics": {"followers_count": 23, "following_count": 150, "tweet_count": 2280, "listed_count": 0}, "username": "TruthseekerJohn", "created_at": "2014-03-25T23:00:42.000Z", "location": "Plant City, FL", "url": ""}}]