[{"author_id": "22933688", "entities": {"annotations": [{"start": 101, "end": 110, "probability": 0.525, "type": "Place", "normalized_text": "US Embassy"}], "mentions": [{"start": 0, "end": 15, "username": "realamberheard", "id": "807003567605227520"}, {"start": 16, "end": 30, "username": "morninggloria", "id": "25375836"}]}, "lang": "en", "source": "Twitter Web Client", "in_reply_to_user_id": "807003567605227520", "referenced_tweets": [{"type": "replied_to", "id": "1090456862141472768"}], "created_at": "2019-01-30T17:02:28.000Z", "text": "@realamberheard @morninggloria Yes looking great as always Please direct these people to the nearest US Embassy to request official application for asylum. Tell them dogs are not allowed to illegally cross borders neither are people CROSS LEGALLY", "id": "1090656504682868741", "public_metrics": {"retweet_count": 0, "reply_count": 0, "like_count": 0, "quote_count": 0}, "replied_tweet": {"author_id": "807003567605227520", "lang": "en", "source": "Twitter for iPhone", "entities": {"urls": [{"start": 84, "end": 107, "url": "https://t.co/2vm6Yud01U", "expanded_url": "https://twitter.com/morninggloria/status/1090409387498192896", "display_url": "twitter.com/morninggloria/\u2026"}], "mentions": [{"start": 56, "end": 70, "username": "morninggloria", "id": "25375836"}]}, "created_at": "2019-01-30T03:49:10.000Z", "text": "Thank you for helping me embrace my disabled kittenness @morninggloria , thank you! https://t.co/2vm6Yud01U", "id": "1090456862141472768", "public_metrics": {"retweet_count": 31, "reply_count": 9, "like_count": 369, "quote_count": 0}, "author": {"username": "realamberheard", "created_at": "2016-12-08T23:26:58.000Z", "profile_image_url": "https://pbs.twimg.com/profile_images/1383196364792680448/N8CdupEu_normal.jpg", "name": "Amber Heard", "public_metrics": {"followers_count": 190464, "following_count": 220, "tweet_count": 1151, "listed_count": 568}, "description": "Actor and Activist, semi-professional disruptor, ice cream advocate and shameless teacup yorkie-lover", "id": "807003567605227520", "url": "https://t.co/Ze18Ek9SOI", "location": "Los Angeles, CA"}}, "author": {"username": "LSDsr", "created_at": "2009-03-05T15:45:51.000Z", "profile_image_url": "https://pbs.twimg.com/profile_images/795977050511196160/XKlLbViV_normal.jpg", "name": "Scott Denard", "public_metrics": {"followers_count": 1006, "following_count": 1153, "tweet_count": 71763, "listed_count": 23}, "description": "DREGS OF SOCIETY PROUD TO BE IN THE TRADITION OF FOUNDING COLONIES and of CHRISTIANITY Seeking to discern the TRUTH OF GOD", "id": "22933688", "url": ""}}, {"author_id": "1080476186235400192", "entities": {"annotations": [{"start": 42, "end": 46, "probability": 0.95, "type": "Person", "normalized_text": "Amber"}], "mentions": [{"start": 0, "end": 15, "username": "realamberheard", "id": "807003567605227520"}, {"start": 16, "end": 30, "username": "morninggloria", "id": "25375836"}]}, "lang": "en", "source": "Twitter for iPhone", "in_reply_to_user_id": "807003567605227520", "referenced_tweets": [{"type": "replied_to", "id": "1090456862141472768"}], "created_at": "2019-01-30T13:33:53.000Z", "text": "@realamberheard @morninggloria I love you Amber", "id": "1090604011852464128", "public_metrics": {"retweet_count": 0, "reply_count": 0, "like_count": 1, "quote_count": 0}, "replied_tweet": {"author_id": "807003567605227520", "lang": "en", "source": "Twitter for iPhone", "entities": {"urls": [{"start": 84, "end": 107, "url": "https://t.co/2vm6Yud01U", "expanded_url": "https://twitter.com/morninggloria/status/1090409387498192896", "display_url": "twitter.com/morninggloria/\u2026"}], "mentions": [{"start": 56, "end": 70, "username": "morninggloria", "id": "25375836"}]}, "created_at": "2019-01-30T03:49:10.000Z", "text": "Thank you for helping me embrace my disabled kittenness @morninggloria , thank you! https://t.co/2vm6Yud01U", "id": "1090456862141472768", "public_metrics": {"retweet_count": 31, "reply_count": 9, "like_count": 369, "quote_count": 0}, "author": {"username": "realamberheard", "created_at": "2016-12-08T23:26:58.000Z", "profile_image_url": "https://pbs.twimg.com/profile_images/1383196364792680448/N8CdupEu_normal.jpg", "name": "Amber Heard", "public_metrics": {"followers_count": 190464, "following_count": 220, "tweet_count": 1151, "listed_count": 568}, "description": "Actor and Activist, semi-professional disruptor, ice cream advocate and shameless teacup yorkie-lover", "id": "807003567605227520", "url": "https://t.co/Ze18Ek9SOI", "location": "Los Angeles, CA"}}, "author": {"username": "Timothy18051484", "created_at": "2019-01-02T14:49:31.000Z", "profile_image_url": "https://pbs.twimg.com/profile_images/1175385936567291904/jGy2rAPj_normal.jpg", "name": "Timothy Lin", "public_metrics": {"followers_count": 6, "following_count": 66, "tweet_count": 21, "listed_count": 0}, "description": "", "id": "1080476186235400192", "url": "", "location": "Los Angeles, CA"}}, {"author_id": "1050721822092812289", "lang": "en", "source": "Twitter for iPhone", "in_reply_to_user_id": "807003567605227520", "referenced_tweets": [{"type": "replied_to", "id": "1090456862141472768"}], "created_at": "2019-01-30T12:25:08.000Z", "text": "@realamberheard @morninggloria Orange will suit u well, your soul is darker... waaaaayy darker but uniform is uniform. U could\u2019ve left your marriage as ur true self being a a golddigger that you are... but of course the crimes u committed wasn\u2019t enough n u had to abuse 1 of ur victims even more. Hell waits 4U", "entities": {"mentions": [{"start": 0, "end": 15, "username": "realamberheard", "id": "807003567605227520"}, {"start": 16, "end": 30, "username": "morninggloria", "id": "25375836"}]}, "id": "1090586709279080449", "public_metrics": {"retweet_count": 0, "reply_count": 0, "like_count": 1, "quote_count": 0}, "replied_tweet": {"author_id": "807003567605227520", "lang": "en", "source": "Twitter for iPhone", "entities": {"urls": [{"start": 84, "end": 107, "url": "https://t.co/2vm6Yud01U", "expanded_url": "https://twitter.com/morninggloria/status/1090409387498192896", "display_url": "twitter.com/morninggloria/\u2026"}], "mentions": [{"start": 56, "end": 70, "username": "morninggloria", "id": "25375836"}]}, "created_at": "2019-01-30T03:49:10.000Z", "text": "Thank you for helping me embrace my disabled kittenness @morninggloria , thank you! https://t.co/2vm6Yud01U", "id": "1090456862141472768", "public_metrics": {"retweet_count": 31, "reply_count": 9, "like_count": 369, "quote_count": 0}, "author": {"username": "realamberheard", "created_at": "2016-12-08T23:26:58.000Z", "profile_image_url": "https://pbs.twimg.com/profile_images/1383196364792680448/N8CdupEu_normal.jpg", "name": "Amber Heard", "public_metrics": {"followers_count": 190464, "following_count": 220, "tweet_count": 1151, "listed_count": 568}, "description": "Actor and Activist, semi-professional disruptor, ice cream advocate and shameless teacup yorkie-lover", "id": "807003567605227520", "url": "https://t.co/Ze18Ek9SOI", "location": "Los Angeles, CA"}}, "author": {"username": "teamdepp_", "created_at": "2018-10-12T12:16:18.000Z", "profile_image_url": "https://pbs.twimg.com/profile_images/1340701831975096320/g92j12jM_normal.jpg", "name": "Susan", "public_metrics": {"followers_count": 412, "following_count": 300, "tweet_count": 12987, "listed_count": 1}, "description": "\u2022\u273f Johnny is definition of love \u273f\u2022", "id": "1050721822092812289", "url": "", "location": "#ibelievehim"}}, {"author_id": "1071614258096431104", "lang": "und", "source": "Twitter for Android", "in_reply_to_user_id": "807003567605227520", "entities": {"urls": [{"start": 62, "end": 85, "url": "https://t.co/XRgJCHUZqb", "expanded_url": "https://twitter.com/Joyawahid1/status/1090566588799975424/photo/1", "display_url": "pic.twitter.com/XRgJCHUZqb"}], "mentions": [{"start": 0, "end": 15, "username": "realamberheard", "id": "807003567605227520"}, {"start": 16, "end": 30, "username": "morninggloria", "id": "25375836"}, {"start": 31, "end": 46, "username": "realamberheard", "id": "807003567605227520"}]}, "referenced_tweets": [{"type": "replied_to", "id": "1090456862141472768"}], "created_at": "2019-01-30T11:05:11.000Z", "text": "@realamberheard @morninggloria @realamberheard \n\ud83d\udc96\ud83d\udc95\ud83d\udc96\ud83d\udc95\ud83d\udc33\ud83d\udc2c\ud83d\udc2c\ud83d\udc33\ud83d\udc2c\ud83d\udc0b\ud83d\udc33\ud83d\udc33\ud83d\udc2c https://t.co/XRgJCHUZqb", "id": "1090566588799975424", "public_metrics": {"retweet_count": 0, "reply_count": 0, "like_count": 1, "quote_count": 0}, "replied_tweet": {"author_id": "807003567605227520", "lang": "en", "source": "Twitter for iPhone", "entities": {"urls": [{"start": 84, "end": 107, "url": "https://t.co/2vm6Yud01U", "expanded_url": "https://twitter.com/morninggloria/status/1090409387498192896", "display_url": "twitter.com/morninggloria/\u2026"}], "mentions": [{"start": 56, "end": 70, "username": "morninggloria", "id": "25375836"}]}, "created_at": "2019-01-30T03:49:10.000Z", "text": "Thank you for helping me embrace my disabled kittenness @morninggloria , thank you! https://t.co/2vm6Yud01U", "id": "1090456862141472768", "public_metrics": {"retweet_count": 31, "reply_count": 9, "like_count": 369, "quote_count": 0}, "author": {"username": "realamberheard", "created_at": "2016-12-08T23:26:58.000Z", "profile_image_url": "https://pbs.twimg.com/profile_images/1383196364792680448/N8CdupEu_normal.jpg", "name": "Amber Heard", "public_metrics": {"followers_count": 190464, "following_count": 220, "tweet_count": 1151, "listed_count": 568}, "description": "Actor and Activist, semi-professional disruptor, ice cream advocate and shameless teacup yorkie-lover", "id": "807003567605227520", "url": "https://t.co/Ze18Ek9SOI", "location": "Los Angeles, CA"}}, "author": {"username": "Joyawahid1", "created_at": "2018-12-09T03:55:23.000Z", "profile_image_url": "https://pbs.twimg.com/profile_images/1123131394597634050/m5Toggin_normal.jpg", "name": "Joya_wahid                          \ud83d\udc2c\ud83d\udc33\ud83d\udc2c\ud83d\udc33\ud83d\udc0b\ud83d\udc33\ud83d\udc2c", "public_metrics": {"followers_count": 5, "following_count": 82, "tweet_count": 389, "listed_count": 0}, "description": "@Lisaandriansalon\ud83d\udc87\ud83d\udc86\ud83d\udc84\ud83d\udc85\nHair n make up", "id": "1071614258096431104", "url": "", "location": "DKI Jakarta,bali,Indonesia"}}, {"author_id": "894196377621626880", "entities": {"annotations": [{"start": 35, "end": 61, "probability": 0.6916, "type": "Other", "normalized_text": "Princess of The Ocean World"}], "mentions": [{"start": 0, "end": 15, "username": "realamberheard", "id": "807003567605227520"}, {"start": 16, "end": 30, "username": "morninggloria", "id": "25375836"}]}, "lang": "en", "source": "Twitter for Android", "in_reply_to_user_id": "807003567605227520", "referenced_tweets": [{"type": "replied_to", "id": "1090456862141472768"}], "created_at": "2019-01-30T04:16:14.000Z", "text": "@realamberheard @morninggloria For Princess of The Ocean World anything is possible", "id": "1090463674681061377", "public_metrics": {"retweet_count": 0, "reply_count": 0, "like_count": 0, "quote_count": 0}, "replied_tweet": {"author_id": "807003567605227520", "lang": "en", "source": "Twitter for iPhone", "entities": {"urls": [{"start": 84, "end": 107, "url": "https://t.co/2vm6Yud01U", "expanded_url": "https://twitter.com/morninggloria/status/1090409387498192896", "display_url": "twitter.com/morninggloria/\u2026"}], "mentions": [{"start": 56, "end": 70, "username": "morninggloria", "id": "25375836"}]}, "created_at": "2019-01-30T03:49:10.000Z", "text": "Thank you for helping me embrace my disabled kittenness @morninggloria , thank you! https://t.co/2vm6Yud01U", "id": "1090456862141472768", "public_metrics": {"retweet_count": 31, "reply_count": 9, "like_count": 369, "quote_count": 0}, "author": {"username": "realamberheard", "created_at": "2016-12-08T23:26:58.000Z", "profile_image_url": "https://pbs.twimg.com/profile_images/1383196364792680448/N8CdupEu_normal.jpg", "name": "Amber Heard", "public_metrics": {"followers_count": 190464, "following_count": 220, "tweet_count": 1151, "listed_count": 568}, "description": "Actor and Activist, semi-professional disruptor, ice cream advocate and shameless teacup yorkie-lover", "id": "807003567605227520", "url": "https://t.co/Ze18Ek9SOI", "location": "Los Angeles, CA"}}, "author": {"username": "Kutz55031588", "created_at": "2017-08-06T14:00:04.000Z", "profile_image_url": "https://pbs.twimg.com/profile_images/992359069796130816/C9q_zfn2_normal.jpg", "name": "MarvelFox Morty", "public_metrics": {"followers_count": 16, "following_count": 165, "tweet_count": 268, "listed_count": 0}, "description": "I love Movies, MCU,DCEU & CONJURING UNIVERSE is the best And my hobby is video's Editing & Vfx", "id": "894196377621626880", "url": ""}}, {"author_id": "1088607534943035397", "entities": {"annotations": [{"start": 44, "end": 53, "probability": 0.3726, "type": "Other", "normalized_text": "zombieland"}], "mentions": [{"start": 0, "end": 15, "username": "realamberheard", "id": "807003567605227520"}, {"start": 16, "end": 30, "username": "morninggloria", "id": "25375836"}]}, "lang": "en", "source": "Twitter Web Client", "in_reply_to_user_id": "807003567605227520", "referenced_tweets": [{"type": "replied_to", "id": "1090456862141472768"}], "created_at": "2019-01-30T04:00:05.000Z", "text": "@realamberheard @morninggloria Just watched zombieland and saw you in it", "id": "1090459610622935040", "public_metrics": {"retweet_count": 0, "reply_count": 0, "like_count": 0, "quote_count": 0}, "replied_tweet": {"author_id": "807003567605227520", "lang": "en", "source": "Twitter for iPhone", "entities": {"urls": [{"start": 84, "end": 107, "url": "https://t.co/2vm6Yud01U", "expanded_url": "https://twitter.com/morninggloria/status/1090409387498192896", "display_url": "twitter.com/morninggloria/\u2026"}], "mentions": [{"start": 56, "end": 70, "username": "morninggloria", "id": "25375836"}]}, "created_at": "2019-01-30T03:49:10.000Z", "text": "Thank you for helping me embrace my disabled kittenness @morninggloria , thank you! https://t.co/2vm6Yud01U", "id": "1090456862141472768", "public_metrics": {"retweet_count": 31, "reply_count": 9, "like_count": 369, "quote_count": 0}, "author": {"username": "realamberheard", "created_at": "2016-12-08T23:26:58.000Z", "profile_image_url": "https://pbs.twimg.com/profile_images/1383196364792680448/N8CdupEu_normal.jpg", "name": "Amber Heard", "public_metrics": {"followers_count": 190464, "following_count": 220, "tweet_count": 1151, "listed_count": 568}, "description": "Actor and Activist, semi-professional disruptor, ice cream advocate and shameless teacup yorkie-lover", "id": "807003567605227520", "url": "https://t.co/Ze18Ek9SOI", "location": "Los Angeles, CA"}}, "author": {"username": "AmberBr92794306", "created_at": "2019-01-25T01:20:36.000Z", "profile_image_url": "https://abs.twimg.com/sticky/default_profile_images/default_profile_normal.png", "name": "Amber Brown", "public_metrics": {"followers_count": 0, "following_count": 1, "tweet_count": 2, "listed_count": 0}, "description": "", "id": "1088607534943035397", "url": ""}}, {"author_id": "2161983944", "entities": {"annotations": [{"start": 66, "end": 72, "probability": 0.8012, "type": "Product", "normalized_text": "Twitter"}], "mentions": [{"start": 0, "end": 15, "username": "realamberheard", "id": "807003567605227520"}, {"start": 16, "end": 30, "username": "morninggloria", "id": "25375836"}]}, "lang": "en", "source": "Twitter for iPhone", "in_reply_to_user_id": "807003567605227520", "referenced_tweets": [{"type": "replied_to", "id": "1090456862141472768"}], "created_at": "2019-01-30T03:53:55.000Z", "text": "@realamberheard @morninggloria Disabled kittens you can follow on Twitter?  This is a thing?  *eyes wide*.  What.  Am.  I.  Missing....", "id": "1090458057367277568", "public_metrics": {"retweet_count": 0, "reply_count": 0, "like_count": 0, "quote_count": 0}, "replied_tweet": {"author_id": "807003567605227520", "lang": "en", "source": "Twitter for iPhone", "entities": {"urls": [{"start": 84, "end": 107, "url": "https://t.co/2vm6Yud01U", "expanded_url": "https://twitter.com/morninggloria/status/1090409387498192896", "display_url": "twitter.com/morninggloria/\u2026"}], "mentions": [{"start": 56, "end": 70, "username": "morninggloria", "id": "25375836"}]}, "created_at": "2019-01-30T03:49:10.000Z", "text": "Thank you for helping me embrace my disabled kittenness @morninggloria , thank you! https://t.co/2vm6Yud01U", "id": "1090456862141472768", "public_metrics": {"retweet_count": 31, "reply_count": 9, "like_count": 369, "quote_count": 0}, "author": {"username": "realamberheard", "created_at": "2016-12-08T23:26:58.000Z", "profile_image_url": "https://pbs.twimg.com/profile_images/1383196364792680448/N8CdupEu_normal.jpg", "name": "Amber Heard", "public_metrics": {"followers_count": 190464, "following_count": 220, "tweet_count": 1151, "listed_count": 568}, "description": "Actor and Activist, semi-professional disruptor, ice cream advocate and shameless teacup yorkie-lover", "id": "807003567605227520", "url": "https://t.co/Ze18Ek9SOI", "location": "Los Angeles, CA"}}, "author": {"username": "TheRealDoctorT", "created_at": "2013-10-29T02:14:34.000Z", "profile_image_url": "https://pbs.twimg.com/profile_images/1375288251460689923/IlWZ76Bz_normal.jpg", "name": "Sayed Tabatabai, MD", "public_metrics": {"followers_count": 75967, "following_count": 2383, "tweet_count": 25746, "listed_count": 407}, "description": "Nephrologist. I observe. I write. Cherish your stories. Listen to each other\u2019s. Writing in Medium, Physician\u2019s Weekly, WSJ, NPR. Owner of @iggythepetrock", "id": "2161983944", "url": "", "location": "San Antonio, TX"}}]