[{"created_at": "2019-02-17T22:07:12.000Z", "source": "Twitter for Android", "referenced_tweets": [{"type": "replied_to", "id": "1090454791975661568"}], "entities": {"urls": [{"start": 30, "end": 53, "url": "https://t.co/1XnZE0dRGV", "expanded_url": "https://twitter.com/1985thiago/status/1097256173936541697/photo/1", "display_url": "pic.twitter.com/1XnZE0dRGV"}], "mentions": [{"start": 0, "end": 15, "username": "realamberheard", "id": "807003567605227520"}, {"start": 16, "end": 29, "username": "kathygriffin", "id": "21148293"}]}, "lang": "und", "id": "1097256173936541697", "in_reply_to_user_id": "807003567605227520", "text": "@realamberheard @kathygriffin https://t.co/1XnZE0dRGV", "author_id": "52845791", "public_metrics": {"retweet_count": 0, "reply_count": 0, "like_count": 0, "quote_count": 0}, "replied_tweet": {"created_at": "2019-01-30T03:40:56.000Z", "source": "Twitter for iPhone", "entities": {"hashtags": [{"start": 134, "end": 149, "tag": "LAwomensdinner"}], "urls": [{"start": 150, "end": 173, "url": "https://t.co/jp4duLIPX5", "expanded_url": "https://twitter.com/realamberheard/status/1090454791975661568/photo/1", "display_url": "pic.twitter.com/jp4duLIPX5"}], "mentions": [{"start": 46, "end": 59, "username": "kathygriffin", "id": "21148293"}]}, "lang": "en", "id": "1090454791975661568", "text": "To be clear: super BFF, NOT hostage. Right, \u2066\u2066@kathygriffin\u2069 , right?! Seriously, couldn\u2019t imagine a better addition to the inaugural #LAwomensdinner https://t.co/jp4duLIPX5", "author_id": "807003567605227520", "public_metrics": {"retweet_count": 95, "reply_count": 31, "like_count": 1279, "quote_count": 5}, "author": {"url": "https://t.co/Ze18Ek9SOI", "username": "realamberheard", "description": "Actor and Activist, semi-professional disruptor, ice cream advocate and shameless teacup yorkie-lover", "id": "807003567605227520", "location": "Los Angeles, CA", "profile_image_url": "https://pbs.twimg.com/profile_images/1383196364792680448/N8CdupEu_normal.jpg", "created_at": "2016-12-08T23:26:58.000Z", "public_metrics": {"followers_count": 190464, "following_count": 220, "tweet_count": 1151, "listed_count": 568}, "name": "Amber Heard"}}, "author": {"url": "", "username": "1985thiago", "description": "", "id": "52845791", "profile_image_url": "https://pbs.twimg.com/profile_images/1503902208777244674/qnP34miv_normal.jpg", "created_at": "2009-07-01T20:47:11.000Z", "public_metrics": {"followers_count": 241, "following_count": 3062, "tweet_count": 17114, "listed_count": 0}, "name": "thiago"}}, {"created_at": "2019-02-06T23:46:10.000Z", "source": "Twitter Web Client", "referenced_tweets": [{"type": "replied_to", "id": "1090454791975661568"}], "entities": {"urls": [{"start": 30, "end": 53, "url": "https://t.co/SHfcVmjUdd", "expanded_url": "https://eu.usatoday.com/story/life/movies/2016/06/07/amber-heard-arrested-2009-charge-hitting-girlfriend/85563338/", "display_url": "eu.usatoday.com/story/life/mov\u2026"}], "mentions": [{"start": 0, "end": 15, "username": "realamberheard", "id": "807003567605227520"}, {"start": 16, "end": 29, "username": "kathygriffin", "id": "21148293"}]}, "lang": "in", "id": "1093294812017639424", "in_reply_to_user_id": "807003567605227520", "text": "@realamberheard @kathygriffin https://t.co/SHfcVmjUdd\n\nHohohoh, Psicos togather!", "author_id": "1347822451", "public_metrics": {"retweet_count": 0, "reply_count": 0, "like_count": 1, "quote_count": 0}, "replied_tweet": {"created_at": "2019-01-30T03:40:56.000Z", "source": "Twitter for iPhone", "entities": {"hashtags": [{"start": 134, "end": 149, "tag": "LAwomensdinner"}], "urls": [{"start": 150, "end": 173, "url": "https://t.co/jp4duLIPX5", "expanded_url": "https://twitter.com/realamberheard/status/1090454791975661568/photo/1", "display_url": "pic.twitter.com/jp4duLIPX5"}], "mentions": [{"start": 46, "end": 59, "username": "kathygriffin", "id": "21148293"}]}, "lang": "en", "id": "1090454791975661568", "text": "To be clear: super BFF, NOT hostage. Right, \u2066\u2066@kathygriffin\u2069 , right?! Seriously, couldn\u2019t imagine a better addition to the inaugural #LAwomensdinner https://t.co/jp4duLIPX5", "author_id": "807003567605227520", "public_metrics": {"retweet_count": 95, "reply_count": 31, "like_count": 1279, "quote_count": 5}, "author": {"url": "https://t.co/Ze18Ek9SOI", "username": "realamberheard", "description": "Actor and Activist, semi-professional disruptor, ice cream advocate and shameless teacup yorkie-lover", "id": "807003567605227520", "location": "Los Angeles, CA", "profile_image_url": "https://pbs.twimg.com/profile_images/1383196364792680448/N8CdupEu_normal.jpg", "created_at": "2016-12-08T23:26:58.000Z", "public_metrics": {"followers_count": 190464, "following_count": 220, "tweet_count": 1151, "listed_count": 568}, "name": "Amber Heard"}}, "author": {"url": "", "username": "ProteoTenno", "description": "\ud83d\ude10\ud83d\ude11\ud83d\ude25\ud83d\ude28\ud83d\ude2b\ud83d\ude30\ud83e\udd22\ud83e\udd2e \nAnd the sea was created.", "id": "1347822451", "profile_image_url": "https://pbs.twimg.com/profile_images/1172885391432724481/REgGV-VT_normal.jpg", "created_at": "2013-04-12T21:54:23.000Z", "public_metrics": {"followers_count": 73, "following_count": 452, "tweet_count": 12946, "listed_count": 0}, "name": "John Phillips"}}, {"created_at": "2019-01-31T17:30:56.000Z", "source": "Twitter Web App", "referenced_tweets": [{"type": "replied_to", "id": "1090454791975661568"}], "lang": "en", "id": "1091026056033812480", "entities": {"mentions": [{"start": 0, "end": 15, "username": "realamberheard", "id": "807003567605227520"}, {"start": 16, "end": 29, "username": "kathygriffin", "id": "21148293"}]}, "in_reply_to_user_id": "807003567605227520", "text": "@realamberheard @kathygriffin You two look like sisters! \u2764\u2764\u2764", "author_id": "428121540", "public_metrics": {"retweet_count": 0, "reply_count": 0, "like_count": 0, "quote_count": 0}, "replied_tweet": {"created_at": "2019-01-30T03:40:56.000Z", "source": "Twitter for iPhone", "entities": {"hashtags": [{"start": 134, "end": 149, "tag": "LAwomensdinner"}], "urls": [{"start": 150, "end": 173, "url": "https://t.co/jp4duLIPX5", "expanded_url": "https://twitter.com/realamberheard/status/1090454791975661568/photo/1", "display_url": "pic.twitter.com/jp4duLIPX5"}], "mentions": [{"start": 46, "end": 59, "username": "kathygriffin", "id": "21148293"}]}, "lang": "en", "id": "1090454791975661568", "text": "To be clear: super BFF, NOT hostage. Right, \u2066\u2066@kathygriffin\u2069 , right?! Seriously, couldn\u2019t imagine a better addition to the inaugural #LAwomensdinner https://t.co/jp4duLIPX5", "author_id": "807003567605227520", "public_metrics": {"retweet_count": 95, "reply_count": 31, "like_count": 1279, "quote_count": 5}, "author": {"url": "https://t.co/Ze18Ek9SOI", "username": "realamberheard", "description": "Actor and Activist, semi-professional disruptor, ice cream advocate and shameless teacup yorkie-lover", "id": "807003567605227520", "location": "Los Angeles, CA", "profile_image_url": "https://pbs.twimg.com/profile_images/1383196364792680448/N8CdupEu_normal.jpg", "created_at": "2016-12-08T23:26:58.000Z", "public_metrics": {"followers_count": 190464, "following_count": 220, "tweet_count": 1151, "listed_count": 568}, "name": "Amber Heard"}}, "author": {"url": "", "username": "psychobabyboo", "description": "I live with crazy people and wild animals", "id": "428121540", "location": "Strongsville OH", "profile_image_url": "https://pbs.twimg.com/profile_images/3582988631/ffb7d93e077d08afa21833cb908d774e_normal.jpeg", "created_at": "2011-12-04T11:06:47.000Z", "public_metrics": {"followers_count": 1, "following_count": 25, "tweet_count": 15, "listed_count": 0}, "name": "Debbie Krause"}}, {"created_at": "2019-01-31T00:21:31.000Z", "source": "Twitter for iPhone", "referenced_tweets": [{"type": "replied_to", "id": "1090454791975661568"}], "lang": "en", "id": "1090766992448110592", "entities": {"mentions": [{"start": 0, "end": 15, "username": "realamberheard", "id": "807003567605227520"}, {"start": 16, "end": 29, "username": "kathygriffin", "id": "21148293"}], "annotations": [{"start": 97, "end": 109, "probability": 0.9874, "type": "Person", "normalized_text": "Kathy Griffin"}, {"start": 181, "end": 185, "probability": 0.9996, "type": "Person", "normalized_text": "Trump"}, {"start": 196, "end": 208, "probability": 0.9979, "type": "Person", "normalized_text": "Kathy Griffin"}]}, "in_reply_to_user_id": "807003567605227520", "text": "@realamberheard @kathygriffin I back every woman and liberal cause, except anything that uplifts Kathy Griffin. How anybody gives her anything positive makes me wonder. As bad that Trump is do is Kathy Griffin! If anybody gay disparages her she castigates them...forget about anybody else!", "author_id": "133088005", "public_metrics": {"retweet_count": 0, "reply_count": 0, "like_count": 2, "quote_count": 0}, "replied_tweet": {"created_at": "2019-01-30T03:40:56.000Z", "source": "Twitter for iPhone", "entities": {"hashtags": [{"start": 134, "end": 149, "tag": "LAwomensdinner"}], "urls": [{"start": 150, "end": 173, "url": "https://t.co/jp4duLIPX5", "expanded_url": "https://twitter.com/realamberheard/status/1090454791975661568/photo/1", "display_url": "pic.twitter.com/jp4duLIPX5"}], "mentions": [{"start": 46, "end": 59, "username": "kathygriffin", "id": "21148293"}]}, "lang": "en", "id": "1090454791975661568", "text": "To be clear: super BFF, NOT hostage. Right, \u2066\u2066@kathygriffin\u2069 , right?! Seriously, couldn\u2019t imagine a better addition to the inaugural #LAwomensdinner https://t.co/jp4duLIPX5", "author_id": "807003567605227520", "public_metrics": {"retweet_count": 95, "reply_count": 31, "like_count": 1279, "quote_count": 5}, "author": {"url": "https://t.co/Ze18Ek9SOI", "username": "realamberheard", "description": "Actor and Activist, semi-professional disruptor, ice cream advocate and shameless teacup yorkie-lover", "id": "807003567605227520", "location": "Los Angeles, CA", "profile_image_url": "https://pbs.twimg.com/profile_images/1383196364792680448/N8CdupEu_normal.jpg", "created_at": "2016-12-08T23:26:58.000Z", "public_metrics": {"followers_count": 190464, "following_count": 220, "tweet_count": 1151, "listed_count": 568}, "name": "Amber Heard"}}, "author": {"url": "", "username": "antonio2259", "description": "Stephen's Minister (lay minister trained to assist people dealing with life's problems.", "id": "133088005", "location": "Linglestown, PA", "profile_image_url": "https://pbs.twimg.com/profile_images/770773663192719364/Uo9KOnTu_normal.jpg", "created_at": "2010-04-15T00:30:58.000Z", "public_metrics": {"followers_count": 31, "following_count": 33, "tweet_count": 2713, "listed_count": 0}, "name": "Tony Phillips"}}, {"created_at": "2019-01-30T21:59:03.000Z", "source": "Twitter for iPhone", "referenced_tweets": [{"type": "replied_to", "id": "1090454791975661568"}], "entities": {"hashtags": [{"start": 30, "end": 38, "tag": "bipride"}], "mentions": [{"start": 0, "end": 15, "username": "realamberheard", "id": "807003567605227520"}, {"start": 16, "end": 29, "username": "kathygriffin", "id": "21148293"}]}, "lang": "und", "id": "1090731139906453505", "in_reply_to_user_id": "807003567605227520", "text": "@realamberheard @kathygriffin #bipride", "author_id": "1363618039", "public_metrics": {"retweet_count": 0, "reply_count": 0, "like_count": 0, "quote_count": 0}, "replied_tweet": {"created_at": "2019-01-30T03:40:56.000Z", "source": "Twitter for iPhone", "entities": {"hashtags": [{"start": 134, "end": 149, "tag": "LAwomensdinner"}], "urls": [{"start": 150, "end": 173, "url": "https://t.co/jp4duLIPX5", "expanded_url": "https://twitter.com/realamberheard/status/1090454791975661568/photo/1", "display_url": "pic.twitter.com/jp4duLIPX5"}], "mentions": [{"start": 46, "end": 59, "username": "kathygriffin", "id": "21148293"}]}, "lang": "en", "id": "1090454791975661568", "text": "To be clear: super BFF, NOT hostage. Right, \u2066\u2066@kathygriffin\u2069 , right?! Seriously, couldn\u2019t imagine a better addition to the inaugural #LAwomensdinner https://t.co/jp4duLIPX5", "author_id": "807003567605227520", "public_metrics": {"retweet_count": 95, "reply_count": 31, "like_count": 1279, "quote_count": 5}, "author": {"url": "https://t.co/Ze18Ek9SOI", "username": "realamberheard", "description": "Actor and Activist, semi-professional disruptor, ice cream advocate and shameless teacup yorkie-lover", "id": "807003567605227520", "location": "Los Angeles, CA", "profile_image_url": "https://pbs.twimg.com/profile_images/1383196364792680448/N8CdupEu_normal.jpg", "created_at": "2016-12-08T23:26:58.000Z", "public_metrics": {"followers_count": 190464, "following_count": 220, "tweet_count": 1151, "listed_count": 568}, "name": "Amber Heard"}}, "author": {"url": "", "username": "authenticpaint", "description": "atheist. bisexual. cowboy. epicene. polyamorous.", "id": "1363618039", "profile_image_url": "https://pbs.twimg.com/profile_images/535226399570034688/mkfhxHSD_normal.jpeg", "created_at": "2013-04-19T05:00:06.000Z", "public_metrics": {"followers_count": 1388, "following_count": 15, "tweet_count": 228952, "listed_count": 0}, "name": "authentic paint"}}, {"created_at": "2019-01-30T21:37:02.000Z", "source": "Twitter Web Client", "referenced_tweets": [{"type": "replied_to", "id": "1090454791975661568"}], "lang": "en", "id": "1090725599071621120", "entities": {"mentions": [{"start": 0, "end": 15, "username": "realamberheard", "id": "807003567605227520"}, {"start": 16, "end": 29, "username": "kathygriffin", "id": "21148293"}]}, "in_reply_to_user_id": "807003567605227520", "text": "@realamberheard @kathygriffin AND  AT  620-309-0126", "author_id": "910215715495530496", "public_metrics": {"retweet_count": 0, "reply_count": 0, "like_count": 0, "quote_count": 0}, "replied_tweet": {"created_at": "2019-01-30T03:40:56.000Z", "source": "Twitter for iPhone", "entities": {"hashtags": [{"start": 134, "end": 149, "tag": "LAwomensdinner"}], "urls": [{"start": 150, "end": 173, "url": "https://t.co/jp4duLIPX5", "expanded_url": "https://twitter.com/realamberheard/status/1090454791975661568/photo/1", "display_url": "pic.twitter.com/jp4duLIPX5"}], "mentions": [{"start": 46, "end": 59, "username": "kathygriffin", "id": "21148293"}]}, "lang": "en", "id": "1090454791975661568", "text": "To be clear: super BFF, NOT hostage. Right, \u2066\u2066@kathygriffin\u2069 , right?! Seriously, couldn\u2019t imagine a better addition to the inaugural #LAwomensdinner https://t.co/jp4duLIPX5", "author_id": "807003567605227520", "public_metrics": {"retweet_count": 95, "reply_count": 31, "like_count": 1279, "quote_count": 5}, "author": {"url": "https://t.co/Ze18Ek9SOI", "username": "realamberheard", "description": "Actor and Activist, semi-professional disruptor, ice cream advocate and shameless teacup yorkie-lover", "id": "807003567605227520", "location": "Los Angeles, CA", "profile_image_url": "https://pbs.twimg.com/profile_images/1383196364792680448/N8CdupEu_normal.jpg", "created_at": "2016-12-08T23:26:58.000Z", "public_metrics": {"followers_count": 190464, "following_count": 220, "tweet_count": 1151, "listed_count": 568}, "name": "Amber Heard"}}, "author": {"url": "", "username": "LordDyjuan", "description": "", "id": "910215715495530496", "profile_image_url": "https://abs.twimg.com/sticky/default_profile_images/default_profile_normal.png", "created_at": "2017-09-19T18:55:12.000Z", "public_metrics": {"followers_count": 166, "following_count": 4224, "tweet_count": 22114, "listed_count": 0}, "name": "LORD REV DYJUAN"}}, {"created_at": "2019-01-30T21:36:44.000Z", "source": "Twitter Web Client", "referenced_tweets": [{"type": "replied_to", "id": "1090454791975661568"}], "lang": "en", "id": "1090725525126086657", "entities": {"mentions": [{"start": 0, "end": 15, "username": "realamberheard", "id": "807003567605227520"}, {"start": 16, "end": 29, "username": "kathygriffin", "id": "21148293"}], "annotations": [{"start": 178, "end": 182, "probability": 0.6924, "type": "Person", "normalized_text": "TRUMP"}, {"start": 259, "end": 298, "probability": 0.3553, "type": "Place", "normalized_text": "1640 WEST CRAWFORD STREET SALINA KS"}]}, "in_reply_to_user_id": "807003567605227520", "text": "@realamberheard @kathygriffin HELLO   I  AM  THEE  LORD  REV  DYJUAN D  BARNES  YAHWEH  PH.D ESQ  MD  AND  IN  20/20  I  AM  GOING  TO  WIN  THEE  WHITE  HOUSE  FROM  PRESIDENT  TRUMP  ALL  PRAISE  2  &amp; 4  YAHWEH   NOW  FOR  MORE  INFORMATION  REACH  ME  AT  1640  WEST  CRAWFORD  STREET  SALINA  KS  67401", "author_id": "910215715495530496", "public_metrics": {"retweet_count": 0, "reply_count": 0, "like_count": 0, "quote_count": 0}, "replied_tweet": {"created_at": "2019-01-30T03:40:56.000Z", "source": "Twitter for iPhone", "entities": {"hashtags": [{"start": 134, "end": 149, "tag": "LAwomensdinner"}], "urls": [{"start": 150, "end": 173, "url": "https://t.co/jp4duLIPX5", "expanded_url": "https://twitter.com/realamberheard/status/1090454791975661568/photo/1", "display_url": "pic.twitter.com/jp4duLIPX5"}], "mentions": [{"start": 46, "end": 59, "username": "kathygriffin", "id": "21148293"}]}, "lang": "en", "id": "1090454791975661568", "text": "To be clear: super BFF, NOT hostage. Right, \u2066\u2066@kathygriffin\u2069 , right?! Seriously, couldn\u2019t imagine a better addition to the inaugural #LAwomensdinner https://t.co/jp4duLIPX5", "author_id": "807003567605227520", "public_metrics": {"retweet_count": 95, "reply_count": 31, "like_count": 1279, "quote_count": 5}, "author": {"url": "https://t.co/Ze18Ek9SOI", "username": "realamberheard", "description": "Actor and Activist, semi-professional disruptor, ice cream advocate and shameless teacup yorkie-lover", "id": "807003567605227520", "location": "Los Angeles, CA", "profile_image_url": "https://pbs.twimg.com/profile_images/1383196364792680448/N8CdupEu_normal.jpg", "created_at": "2016-12-08T23:26:58.000Z", "public_metrics": {"followers_count": 190464, "following_count": 220, "tweet_count": 1151, "listed_count": 568}, "name": "Amber Heard"}}, "author": {"url": "", "username": "LordDyjuan", "description": "", "id": "910215715495530496", "profile_image_url": "https://abs.twimg.com/sticky/default_profile_images/default_profile_normal.png", "created_at": "2017-09-19T18:55:12.000Z", "public_metrics": {"followers_count": 166, "following_count": 4224, "tweet_count": 22114, "listed_count": 0}, "name": "LORD REV DYJUAN"}}, {"created_at": "2019-01-30T19:24:24.000Z", "source": "Twitter Web Client", "referenced_tweets": [{"type": "replied_to", "id": "1090455664332365824"}], "entities": {"urls": [{"start": 100, "end": 123, "url": "https://t.co/EX1aG48Dem", "expanded_url": "https://twitter.com/Franche90213092/status/1090692220343197697/photo/1", "display_url": "pic.twitter.com/EX1aG48Dem"}], "mentions": [{"start": 0, "end": 8, "username": "osx1998", "id": "1066817845034713088"}, {"start": 9, "end": 24, "username": "realamberheard", "id": "807003567605227520"}, {"start": 25, "end": 38, "username": "kathygriffin", "id": "21148293"}]}, "lang": "en", "id": "1090692220343197697", "in_reply_to_user_id": "1066817845034713088", "text": "@osx1998 @realamberheard @kathygriffin In any case, she is just a pathetic spiteful green monster.\ud83d\ude06 https://t.co/EX1aG48Dem", "author_id": "1068827163577778177", "public_metrics": {"retweet_count": 0, "reply_count": 0, "like_count": 1, "quote_count": 0}, "replied_tweet": {"created_at": "2019-01-30T03:40:56.000Z", "source": "Twitter for iPhone", "entities": {"hashtags": [{"start": 134, "end": 149, "tag": "LAwomensdinner"}], "urls": [{"start": 150, "end": 173, "url": "https://t.co/jp4duLIPX5", "expanded_url": "https://twitter.com/realamberheard/status/1090454791975661568/photo/1", "display_url": "pic.twitter.com/jp4duLIPX5"}], "mentions": [{"start": 46, "end": 59, "username": "kathygriffin", "id": "21148293"}]}, "lang": "en", "id": "1090454791975661568", "text": "To be clear: super BFF, NOT hostage. Right, \u2066\u2066@kathygriffin\u2069 , right?! Seriously, couldn\u2019t imagine a better addition to the inaugural #LAwomensdinner https://t.co/jp4duLIPX5", "author_id": "807003567605227520", "public_metrics": {"retweet_count": 95, "reply_count": 31, "like_count": 1279, "quote_count": 5}, "author": {"url": "https://t.co/Ze18Ek9SOI", "username": "realamberheard", "description": "Actor and Activist, semi-professional disruptor, ice cream advocate and shameless teacup yorkie-lover", "id": "807003567605227520", "location": "Los Angeles, CA", "profile_image_url": "https://pbs.twimg.com/profile_images/1383196364792680448/N8CdupEu_normal.jpg", "created_at": "2016-12-08T23:26:58.000Z", "public_metrics": {"followers_count": 190464, "following_count": 220, "tweet_count": 1151, "listed_count": 568}, "name": "Amber Heard"}}, "author": {"url": "", "username": "Franche90213092", "description": "", "id": "1068827163577778177", "profile_image_url": "https://pbs.twimg.com/profile_images/1069131861186752512/PS_vvhId_normal.jpg", "created_at": "2018-12-01T11:20:28.000Z", "public_metrics": {"followers_count": 0, "following_count": 0, "tweet_count": 41, "listed_count": 0}, "name": "Francheska"}}, {"created_at": "2019-01-30T16:02:21.000Z", "source": "Twitter Web Client", "referenced_tweets": [{"type": "replied_to", "id": "1090455664332365824"}], "lang": "en", "id": "1090641376621019136", "entities": {"mentions": [{"start": 0, "end": 8, "username": "osx1998", "id": "1066817845034713088"}, {"start": 9, "end": 24, "username": "realamberheard", "id": "807003567605227520"}, {"start": 25, "end": 38, "username": "kathygriffin", "id": "21148293"}]}, "in_reply_to_user_id": "1066817845034713088", "text": "@osx1998 @realamberheard @kathygriffin best friends with a child molester ?\ud83d\ude41\ud83d\ude41", "author_id": "1068827163577778177", "public_metrics": {"retweet_count": 0, "reply_count": 0, "like_count": 0, "quote_count": 0}, "replied_tweet": {"created_at": "2019-01-30T03:40:56.000Z", "source": "Twitter for iPhone", "entities": {"hashtags": [{"start": 134, "end": 149, "tag": "LAwomensdinner"}], "urls": [{"start": 150, "end": 173, "url": "https://t.co/jp4duLIPX5", "expanded_url": "https://twitter.com/realamberheard/status/1090454791975661568/photo/1", "display_url": "pic.twitter.com/jp4duLIPX5"}], "mentions": [{"start": 46, "end": 59, "username": "kathygriffin", "id": "21148293"}]}, "lang": "en", "id": "1090454791975661568", "text": "To be clear: super BFF, NOT hostage. Right, \u2066\u2066@kathygriffin\u2069 , right?! Seriously, couldn\u2019t imagine a better addition to the inaugural #LAwomensdinner https://t.co/jp4duLIPX5", "author_id": "807003567605227520", "public_metrics": {"retweet_count": 95, "reply_count": 31, "like_count": 1279, "quote_count": 5}, "author": {"url": "https://t.co/Ze18Ek9SOI", "username": "realamberheard", "description": "Actor and Activist, semi-professional disruptor, ice cream advocate and shameless teacup yorkie-lover", "id": "807003567605227520", "location": "Los Angeles, CA", "profile_image_url": "https://pbs.twimg.com/profile_images/1383196364792680448/N8CdupEu_normal.jpg", "created_at": "2016-12-08T23:26:58.000Z", "public_metrics": {"followers_count": 190464, "following_count": 220, "tweet_count": 1151, "listed_count": 568}, "name": "Amber Heard"}}, "author": {"url": "", "username": "Franche90213092", "description": "", "id": "1068827163577778177", "profile_image_url": "https://pbs.twimg.com/profile_images/1069131861186752512/PS_vvhId_normal.jpg", "created_at": "2018-12-01T11:20:28.000Z", "public_metrics": {"followers_count": 0, "following_count": 0, "tweet_count": 41, "listed_count": 0}, "name": "Francheska"}}, {"created_at": "2019-01-30T16:01:33.000Z", "source": "Twitter for iPhone", "referenced_tweets": [{"type": "replied_to", "id": "1090454791975661568"}], "lang": "und", "id": "1090641173042135041", "entities": {"mentions": [{"start": 0, "end": 15, "username": "realamberheard", "id": "807003567605227520"}, {"start": 16, "end": 29, "username": "kathygriffin", "id": "21148293"}]}, "in_reply_to_user_id": "807003567605227520", "text": "@realamberheard @kathygriffin \ud83e\udd2e", "author_id": "2888705878", "public_metrics": {"retweet_count": 0, "reply_count": 0, "like_count": 1, "quote_count": 0}, "replied_tweet": {"created_at": "2019-01-30T03:40:56.000Z", "source": "Twitter for iPhone", "entities": {"hashtags": [{"start": 134, "end": 149, "tag": "LAwomensdinner"}], "urls": [{"start": 150, "end": 173, "url": "https://t.co/jp4duLIPX5", "expanded_url": "https://twitter.com/realamberheard/status/1090454791975661568/photo/1", "display_url": "pic.twitter.com/jp4duLIPX5"}], "mentions": [{"start": 46, "end": 59, "username": "kathygriffin", "id": "21148293"}]}, "lang": "en", "id": "1090454791975661568", "text": "To be clear: super BFF, NOT hostage. Right, \u2066\u2066@kathygriffin\u2069 , right?! Seriously, couldn\u2019t imagine a better addition to the inaugural #LAwomensdinner https://t.co/jp4duLIPX5", "author_id": "807003567605227520", "public_metrics": {"retweet_count": 95, "reply_count": 31, "like_count": 1279, "quote_count": 5}, "author": {"url": "https://t.co/Ze18Ek9SOI", "username": "realamberheard", "description": "Actor and Activist, semi-professional disruptor, ice cream advocate and shameless teacup yorkie-lover", "id": "807003567605227520", "location": "Los Angeles, CA", "profile_image_url": "https://pbs.twimg.com/profile_images/1383196364792680448/N8CdupEu_normal.jpg", "created_at": "2016-12-08T23:26:58.000Z", "public_metrics": {"followers_count": 190464, "following_count": 220, "tweet_count": 1151, "listed_count": 568}, "name": "Amber Heard"}}, "author": {"url": "", "username": "Bgordo92", "description": "In which direction would you run? USNA92", "id": "2888705878", "location": "Rhode Island", "profile_image_url": "https://pbs.twimg.com/profile_images/1304398822798503936/dZvCxoXx_normal.jpg", "created_at": "2014-11-23T01:51:42.000Z", "public_metrics": {"followers_count": 245, "following_count": 646, "tweet_count": 4637, "listed_count": 4}, "name": "Bryan Gordon"}}, {"created_at": "2019-01-30T14:53:00.000Z", "source": "Twitter for Android", "referenced_tweets": [{"type": "replied_to", "id": "1090454791975661568"}], "entities": {"urls": [{"start": 30, "end": 53, "url": "https://t.co/U12nlB9R3G", "expanded_url": "https://twitter.com/SreenuS14232285/status/1090623922498809858/photo/1", "display_url": "pic.twitter.com/U12nlB9R3G"}], "mentions": [{"start": 0, "end": 15, "username": "realamberheard", "id": "807003567605227520"}, {"start": 16, "end": 29, "username": "kathygriffin", "id": "21148293"}]}, "lang": "und", "id": "1090623922498809858", "in_reply_to_user_id": "807003567605227520", "text": "@realamberheard @kathygriffin https://t.co/U12nlB9R3G", "author_id": "1090248564238741504", "public_metrics": {"retweet_count": 0, "reply_count": 0, "like_count": 1, "quote_count": 0}, "replied_tweet": {"created_at": "2019-01-30T03:40:56.000Z", "source": "Twitter for iPhone", "entities": {"hashtags": [{"start": 134, "end": 149, "tag": "LAwomensdinner"}], "urls": [{"start": 150, "end": 173, "url": "https://t.co/jp4duLIPX5", "expanded_url": "https://twitter.com/realamberheard/status/1090454791975661568/photo/1", "display_url": "pic.twitter.com/jp4duLIPX5"}], "mentions": [{"start": 46, "end": 59, "username": "kathygriffin", "id": "21148293"}]}, "lang": "en", "id": "1090454791975661568", "text": "To be clear: super BFF, NOT hostage. Right, \u2066\u2066@kathygriffin\u2069 , right?! Seriously, couldn\u2019t imagine a better addition to the inaugural #LAwomensdinner https://t.co/jp4duLIPX5", "author_id": "807003567605227520", "public_metrics": {"retweet_count": 95, "reply_count": 31, "like_count": 1279, "quote_count": 5}, "author": {"url": "https://t.co/Ze18Ek9SOI", "username": "realamberheard", "description": "Actor and Activist, semi-professional disruptor, ice cream advocate and shameless teacup yorkie-lover", "id": "807003567605227520", "location": "Los Angeles, CA", "profile_image_url": "https://pbs.twimg.com/profile_images/1383196364792680448/N8CdupEu_normal.jpg", "created_at": "2016-12-08T23:26:58.000Z", "public_metrics": {"followers_count": 190464, "following_count": 220, "tweet_count": 1151, "listed_count": 568}, "name": "Amber Heard"}}, "author": {"url": "", "username": "SreenuS14232285", "description": "Be Happy", "id": "1090248564238741504", "location": "India", "profile_image_url": "https://pbs.twimg.com/profile_images/1090257018542161921/v_c59SsP_normal.jpg", "created_at": "2019-01-29T14:01:28.000Z", "public_metrics": {"followers_count": 0, "following_count": 4, "tweet_count": 7, "listed_count": 0}, "name": "Sreenu Sree"}}, {"created_at": "2019-01-30T14:52:07.000Z", "source": "Twitter for Android", "referenced_tweets": [{"type": "replied_to", "id": "1090454791975661568"}], "lang": "en", "id": "1090623701043671040", "entities": {"mentions": [{"start": 0, "end": 15, "username": "realamberheard", "id": "807003567605227520"}, {"start": 16, "end": 29, "username": "kathygriffin", "id": "21148293"}]}, "in_reply_to_user_id": "807003567605227520", "text": "@realamberheard @kathygriffin Awesome", "author_id": "1090248564238741504", "public_metrics": {"retweet_count": 0, "reply_count": 0, "like_count": 0, "quote_count": 0}, "replied_tweet": {"created_at": "2019-01-30T03:40:56.000Z", "source": "Twitter for iPhone", "entities": {"hashtags": [{"start": 134, "end": 149, "tag": "LAwomensdinner"}], "urls": [{"start": 150, "end": 173, "url": "https://t.co/jp4duLIPX5", "expanded_url": "https://twitter.com/realamberheard/status/1090454791975661568/photo/1", "display_url": "pic.twitter.com/jp4duLIPX5"}], "mentions": [{"start": 46, "end": 59, "username": "kathygriffin", "id": "21148293"}]}, "lang": "en", "id": "1090454791975661568", "text": "To be clear: super BFF, NOT hostage. Right, \u2066\u2066@kathygriffin\u2069 , right?! Seriously, couldn\u2019t imagine a better addition to the inaugural #LAwomensdinner https://t.co/jp4duLIPX5", "author_id": "807003567605227520", "public_metrics": {"retweet_count": 95, "reply_count": 31, "like_count": 1279, "quote_count": 5}, "author": {"url": "https://t.co/Ze18Ek9SOI", "username": "realamberheard", "description": "Actor and Activist, semi-professional disruptor, ice cream advocate and shameless teacup yorkie-lover", "id": "807003567605227520", "location": "Los Angeles, CA", "profile_image_url": "https://pbs.twimg.com/profile_images/1383196364792680448/N8CdupEu_normal.jpg", "created_at": "2016-12-08T23:26:58.000Z", "public_metrics": {"followers_count": 190464, "following_count": 220, "tweet_count": 1151, "listed_count": 568}, "name": "Amber Heard"}}, "author": {"url": "", "username": "SreenuS14232285", "description": "Be Happy", "id": "1090248564238741504", "location": "India", "profile_image_url": "https://pbs.twimg.com/profile_images/1090257018542161921/v_c59SsP_normal.jpg", "created_at": "2019-01-29T14:01:28.000Z", "public_metrics": {"followers_count": 0, "following_count": 4, "tweet_count": 7, "listed_count": 0}, "name": "Sreenu Sree"}}, {"created_at": "2019-01-30T14:36:32.000Z", "source": "Twitter for Android", "referenced_tweets": [{"type": "replied_to", "id": "1090454791975661568"}], "lang": "en", "id": "1090619776618168320", "entities": {"mentions": [{"start": 0, "end": 15, "username": "realamberheard", "id": "807003567605227520"}, {"start": 16, "end": 29, "username": "kathygriffin", "id": "21148293"}]}, "in_reply_to_user_id": "807003567605227520", "text": "@realamberheard @kathygriffin This photo means the world! \ud83d\ude0d\u2764 You girls are amazing and so inspiring \u2764 Thank you for fighting for what is right \ud83d\udcaa\u2764", "author_id": "785148392498421760", "public_metrics": {"retweet_count": 0, "reply_count": 0, "like_count": 0, "quote_count": 0}, "replied_tweet": {"created_at": "2019-01-30T03:40:56.000Z", "source": "Twitter for iPhone", "entities": {"hashtags": [{"start": 134, "end": 149, "tag": "LAwomensdinner"}], "urls": [{"start": 150, "end": 173, "url": "https://t.co/jp4duLIPX5", "expanded_url": "https://twitter.com/realamberheard/status/1090454791975661568/photo/1", "display_url": "pic.twitter.com/jp4duLIPX5"}], "mentions": [{"start": 46, "end": 59, "username": "kathygriffin", "id": "21148293"}]}, "lang": "en", "id": "1090454791975661568", "text": "To be clear: super BFF, NOT hostage. Right, \u2066\u2066@kathygriffin\u2069 , right?! Seriously, couldn\u2019t imagine a better addition to the inaugural #LAwomensdinner https://t.co/jp4duLIPX5", "author_id": "807003567605227520", "public_metrics": {"retweet_count": 95, "reply_count": 31, "like_count": 1279, "quote_count": 5}, "author": {"url": "https://t.co/Ze18Ek9SOI", "username": "realamberheard", "description": "Actor and Activist, semi-professional disruptor, ice cream advocate and shameless teacup yorkie-lover", "id": "807003567605227520", "location": "Los Angeles, CA", "profile_image_url": "https://pbs.twimg.com/profile_images/1383196364792680448/N8CdupEu_normal.jpg", "created_at": "2016-12-08T23:26:58.000Z", "public_metrics": {"followers_count": 190464, "following_count": 220, "tweet_count": 1151, "listed_count": 568}, "name": "Amber Heard"}}, "author": {"url": "", "username": "CoraMelodie", "description": "Actress/Producer & UNHCR Special Envoy #AngelinaJolie | Actress, Activist & Human Rights Champion @realamberheard | @JeniferOfficiel \n\n#IStandWithYouAmberHeard", "id": "785148392498421760", "location": "Bordeaux, France", "profile_image_url": "https://pbs.twimg.com/profile_images/1138826096386936837/71Iwj2dh_normal.jpg", "created_at": "2016-10-09T16:02:18.000Z", "public_metrics": {"followers_count": 738, "following_count": 720, "tweet_count": 49396, "listed_count": 28}, "name": "Cora Melodie"}}, {"created_at": "2019-01-30T13:16:08.000Z", "source": "Twitter for Android", "referenced_tweets": [{"type": "replied_to", "id": "1090454791975661568"}], "lang": "und", "id": "1090599543882874880", "entities": {"mentions": [{"start": 0, "end": 15, "username": "realamberheard", "id": "807003567605227520"}, {"start": 16, "end": 29, "username": "kathygriffin", "id": "21148293"}]}, "in_reply_to_user_id": "807003567605227520", "text": "@realamberheard @kathygriffin Ahhh \ud83d\ude0d\u2764\ud83d\udc4a", "author_id": "1054247451677417472", "public_metrics": {"retweet_count": 0, "reply_count": 0, "like_count": 0, "quote_count": 0}, "replied_tweet": {"created_at": "2019-01-30T03:40:56.000Z", "source": "Twitter for iPhone", "entities": {"hashtags": [{"start": 134, "end": 149, "tag": "LAwomensdinner"}], "urls": [{"start": 150, "end": 173, "url": "https://t.co/jp4duLIPX5", "expanded_url": "https://twitter.com/realamberheard/status/1090454791975661568/photo/1", "display_url": "pic.twitter.com/jp4duLIPX5"}], "mentions": [{"start": 46, "end": 59, "username": "kathygriffin", "id": "21148293"}]}, "lang": "en", "id": "1090454791975661568", "text": "To be clear: super BFF, NOT hostage. Right, \u2066\u2066@kathygriffin\u2069 , right?! Seriously, couldn\u2019t imagine a better addition to the inaugural #LAwomensdinner https://t.co/jp4duLIPX5", "author_id": "807003567605227520", "public_metrics": {"retweet_count": 95, "reply_count": 31, "like_count": 1279, "quote_count": 5}, "author": {"url": "https://t.co/Ze18Ek9SOI", "username": "realamberheard", "description": "Actor and Activist, semi-professional disruptor, ice cream advocate and shameless teacup yorkie-lover", "id": "807003567605227520", "location": "Los Angeles, CA", "profile_image_url": "https://pbs.twimg.com/profile_images/1383196364792680448/N8CdupEu_normal.jpg", "created_at": "2016-12-08T23:26:58.000Z", "public_metrics": {"followers_count": 190464, "following_count": 220, "tweet_count": 1151, "listed_count": 568}, "name": "Amber Heard"}}, "author": {"url": "", "username": "Paula_Jabour", "description": "OMG! Stop the flat earth, I gotta jump! \n#SexNoGender #ProtectTheChildren \n#FreeSpeech #WomanIsNotADirtyWord", "id": "1054247451677417472", "profile_image_url": "https://pbs.twimg.com/profile_images/1292297331119972352/hEE_YCpp_normal.jpg", "created_at": "2018-10-22T05:45:54.000Z", "public_metrics": {"followers_count": 493, "following_count": 945, "tweet_count": 3494, "listed_count": 0}, "name": "Paula Jabour\ud83c\udde7\ud83c\uddf7\u2698"}}, {"created_at": "2019-01-30T06:59:43.000Z", "source": "Twitter for Android", "referenced_tweets": [{"type": "replied_to", "id": "1090454791975661568"}], "entities": {"hashtags": [{"start": 30, "end": 40, "tag": "girlpower"}, {"start": 41, "end": 51, "tag": "girlsrule"}, {"start": 52, "end": 69, "tag": "girlsempowerment"}], "mentions": [{"start": 0, "end": 15, "username": "realamberheard", "id": "807003567605227520"}, {"start": 16, "end": 29, "username": "kathygriffin", "id": "21148293"}]}, "lang": "und", "id": "1090504817448026113", "in_reply_to_user_id": "807003567605227520", "text": "@realamberheard @kathygriffin #girlpower #girlsrule #girlsempowerment \ud83d\udcaa\u2764\ufe0f", "author_id": "79199888", "public_metrics": {"retweet_count": 0, "reply_count": 0, "like_count": 0, "quote_count": 0}, "replied_tweet": {"created_at": "2019-01-30T03:40:56.000Z", "source": "Twitter for iPhone", "entities": {"hashtags": [{"start": 134, "end": 149, "tag": "LAwomensdinner"}], "urls": [{"start": 150, "end": 173, "url": "https://t.co/jp4duLIPX5", "expanded_url": "https://twitter.com/realamberheard/status/1090454791975661568/photo/1", "display_url": "pic.twitter.com/jp4duLIPX5"}], "mentions": [{"start": 46, "end": 59, "username": "kathygriffin", "id": "21148293"}]}, "lang": "en", "id": "1090454791975661568", "text": "To be clear: super BFF, NOT hostage. Right, \u2066\u2066@kathygriffin\u2069 , right?! Seriously, couldn\u2019t imagine a better addition to the inaugural #LAwomensdinner https://t.co/jp4duLIPX5", "author_id": "807003567605227520", "public_metrics": {"retweet_count": 95, "reply_count": 31, "like_count": 1279, "quote_count": 5}, "author": {"url": "https://t.co/Ze18Ek9SOI", "username": "realamberheard", "description": "Actor and Activist, semi-professional disruptor, ice cream advocate and shameless teacup yorkie-lover", "id": "807003567605227520", "location": "Los Angeles, CA", "profile_image_url": "https://pbs.twimg.com/profile_images/1383196364792680448/N8CdupEu_normal.jpg", "created_at": "2016-12-08T23:26:58.000Z", "public_metrics": {"followers_count": 190464, "following_count": 220, "tweet_count": 1151, "listed_count": 568}, "name": "Amber Heard"}}, "author": {"url": "https://t.co/w3BraCgc4s", "username": "AmberHeardIT", "description": "First  Italian FANPAGE dedicated to @realamberheard. Follow us for the latest updates, pictures and news! On Amber Heard Italia, u HEARD it first \ud83c\uddee\ud83c\uddf9", "id": "79199888", "location": "Since 2009", "profile_image_url": "https://pbs.twimg.com/profile_images/1412490122365374481/EAftEZpa_normal.jpg", "created_at": "2009-10-02T14:50:54.000Z", "public_metrics": {"followers_count": 7233, "following_count": 344, "tweet_count": 39219, "listed_count": 34}, "name": "Amber Heard Italia Fans"}}, {"created_at": "2019-01-30T06:11:52.000Z", "source": "Twitter for Android", "referenced_tweets": [{"type": "replied_to", "id": "1090454791975661568"}], "entities": {"urls": [{"start": 96, "end": 119, "url": "https://t.co/WjgvS9gpS9", "expanded_url": "https://twitter.com/Joyawahid1/status/1090492775647326208/video/1", "display_url": "pic.twitter.com/WjgvS9gpS9"}], "mentions": [{"start": 0, "end": 15, "username": "realamberheard", "id": "807003567605227520"}, {"start": 16, "end": 29, "username": "kathygriffin", "id": "21148293"}, {"start": 70, "end": 85, "username": "realamberheard", "id": "807003567605227520"}]}, "lang": "es", "id": "1090492775647326208", "in_reply_to_user_id": "807003567605227520", "text": "@realamberheard @kathygriffin un futuro te pedir\u00eda bailar,,\nwe love u @realamberheard \n\ud83d\udc83\u2764\ud83d\udc2c\ud83d\udc33\ud83d\udc0b\ud83d\udc2c\ud83d\udc33\ud83d\udc33 https://t.co/WjgvS9gpS9", "author_id": "1071614258096431104", "public_metrics": {"retweet_count": 0, "reply_count": 0, "like_count": 0, "quote_count": 0}, "replied_tweet": {"created_at": "2019-01-30T03:40:56.000Z", "source": "Twitter for iPhone", "entities": {"hashtags": [{"start": 134, "end": 149, "tag": "LAwomensdinner"}], "urls": [{"start": 150, "end": 173, "url": "https://t.co/jp4duLIPX5", "expanded_url": "https://twitter.com/realamberheard/status/1090454791975661568/photo/1", "display_url": "pic.twitter.com/jp4duLIPX5"}], "mentions": [{"start": 46, "end": 59, "username": "kathygriffin", "id": "21148293"}]}, "lang": "en", "id": "1090454791975661568", "text": "To be clear: super BFF, NOT hostage. Right, \u2066\u2066@kathygriffin\u2069 , right?! Seriously, couldn\u2019t imagine a better addition to the inaugural #LAwomensdinner https://t.co/jp4duLIPX5", "author_id": "807003567605227520", "public_metrics": {"retweet_count": 95, "reply_count": 31, "like_count": 1279, "quote_count": 5}, "author": {"url": "https://t.co/Ze18Ek9SOI", "username": "realamberheard", "description": "Actor and Activist, semi-professional disruptor, ice cream advocate and shameless teacup yorkie-lover", "id": "807003567605227520", "location": "Los Angeles, CA", "profile_image_url": "https://pbs.twimg.com/profile_images/1383196364792680448/N8CdupEu_normal.jpg", "created_at": "2016-12-08T23:26:58.000Z", "public_metrics": {"followers_count": 190464, "following_count": 220, "tweet_count": 1151, "listed_count": 568}, "name": "Amber Heard"}}, "author": {"url": "", "username": "Joyawahid1", "description": "@Lisaandriansalon\ud83d\udc87\ud83d\udc86\ud83d\udc84\ud83d\udc85\nHair n make up", "id": "1071614258096431104", "location": "DKI Jakarta,bali,Indonesia", "profile_image_url": "https://pbs.twimg.com/profile_images/1123131394597634050/m5Toggin_normal.jpg", "created_at": "2018-12-09T03:55:23.000Z", "public_metrics": {"followers_count": 5, "following_count": 82, "tweet_count": 389, "listed_count": 0}, "name": "Joya_wahid                          \ud83d\udc2c\ud83d\udc33\ud83d\udc2c\ud83d\udc33\ud83d\udc0b\ud83d\udc33\ud83d\udc2c"}}, {"created_at": "2019-01-30T05:13:48.000Z", "source": "Twitter for iPhone", "referenced_tweets": [{"type": "replied_to", "id": "1090454791975661568"}], "lang": "en", "id": "1090478161479970817", "entities": {"mentions": [{"start": 0, "end": 15, "username": "realamberheard", "id": "807003567605227520"}, {"start": 16, "end": 29, "username": "kathygriffin", "id": "21148293"}], "annotations": [{"start": 35, "end": 39, "probability": 0.9138, "type": "Person", "normalized_text": "Amber"}]}, "in_reply_to_user_id": "807003567605227520", "text": "@realamberheard @kathygriffin Awww Amber you're so cuddly and that's super adroable", "author_id": "984192419401891840", "public_metrics": {"retweet_count": 0, "reply_count": 0, "like_count": 1, "quote_count": 0}, "replied_tweet": {"created_at": "2019-01-30T03:40:56.000Z", "source": "Twitter for iPhone", "entities": {"hashtags": [{"start": 134, "end": 149, "tag": "LAwomensdinner"}], "urls": [{"start": 150, "end": 173, "url": "https://t.co/jp4duLIPX5", "expanded_url": "https://twitter.com/realamberheard/status/1090454791975661568/photo/1", "display_url": "pic.twitter.com/jp4duLIPX5"}], "mentions": [{"start": 46, "end": 59, "username": "kathygriffin", "id": "21148293"}]}, "lang": "en", "id": "1090454791975661568", "text": "To be clear: super BFF, NOT hostage. Right, \u2066\u2066@kathygriffin\u2069 , right?! Seriously, couldn\u2019t imagine a better addition to the inaugural #LAwomensdinner https://t.co/jp4duLIPX5", "author_id": "807003567605227520", "public_metrics": {"retweet_count": 95, "reply_count": 31, "like_count": 1279, "quote_count": 5}, "author": {"url": "https://t.co/Ze18Ek9SOI", "username": "realamberheard", "description": "Actor and Activist, semi-professional disruptor, ice cream advocate and shameless teacup yorkie-lover", "id": "807003567605227520", "location": "Los Angeles, CA", "profile_image_url": "https://pbs.twimg.com/profile_images/1383196364792680448/N8CdupEu_normal.jpg", "created_at": "2016-12-08T23:26:58.000Z", "public_metrics": {"followers_count": 190464, "following_count": 220, "tweet_count": 1151, "listed_count": 568}, "name": "Amber Heard"}}, "author": {"url": "https://t.co/3QScE2Bpau", "username": "Ratia_Kys", "description": "Sarah Alder\u2019s defense attorney", "id": "984192419401891840", "location": "Fort Salem", "profile_image_url": "https://pbs.twimg.com/profile_images/1150635896338694144/HkHZH7St_normal.jpg", "created_at": "2018-04-11T22:12:13.000Z", "public_metrics": {"followers_count": 839, "following_count": 132, "tweet_count": 27588, "listed_count": 0}, "name": "Ratia"}}, {"created_at": "2019-01-30T05:08:29.000Z", "source": "Twitter for Android", "referenced_tweets": [{"type": "replied_to", "id": "1090454791975661568"}], "lang": "en", "id": "1090476824822464518", "entities": {"mentions": [{"start": 0, "end": 15, "username": "realamberheard", "id": "807003567605227520"}]}, "in_reply_to_user_id": "807003567605227520", "text": "@realamberheard i want a hug like that :(", "author_id": "836429581154455552", "public_metrics": {"retweet_count": 0, "reply_count": 0, "like_count": 0, "quote_count": 0}, "replied_tweet": {"created_at": "2019-01-30T03:40:56.000Z", "source": "Twitter for iPhone", "entities": {"hashtags": [{"start": 134, "end": 149, "tag": "LAwomensdinner"}], "urls": [{"start": 150, "end": 173, "url": "https://t.co/jp4duLIPX5", "expanded_url": "https://twitter.com/realamberheard/status/1090454791975661568/photo/1", "display_url": "pic.twitter.com/jp4duLIPX5"}], "mentions": [{"start": 46, "end": 59, "username": "kathygriffin", "id": "21148293"}]}, "lang": "en", "id": "1090454791975661568", "text": "To be clear: super BFF, NOT hostage. Right, \u2066\u2066@kathygriffin\u2069 , right?! Seriously, couldn\u2019t imagine a better addition to the inaugural #LAwomensdinner https://t.co/jp4duLIPX5", "author_id": "807003567605227520", "public_metrics": {"retweet_count": 95, "reply_count": 31, "like_count": 1279, "quote_count": 5}, "author": {"url": "https://t.co/Ze18Ek9SOI", "username": "realamberheard", "description": "Actor and Activist, semi-professional disruptor, ice cream advocate and shameless teacup yorkie-lover", "id": "807003567605227520", "location": "Los Angeles, CA", "profile_image_url": "https://pbs.twimg.com/profile_images/1383196364792680448/N8CdupEu_normal.jpg", "created_at": "2016-12-08T23:26:58.000Z", "public_metrics": {"followers_count": 190464, "following_count": 220, "tweet_count": 1151, "listed_count": 568}, "name": "Amber Heard"}}, "author": {"url": "https://t.co/YTE1ctDLRw", "username": "stawrynight", "description": "don\u2019t be afraid, just wanna tell you hi. | MAMAMOO | KARD", "id": "836429581154455552", "location": "choi jinri \u2022 park sunyoung ", "profile_image_url": "https://pbs.twimg.com/profile_images/1505595957613846537/gmTOra_L_normal.jpg", "created_at": "2017-02-28T04:15:27.000Z", "public_metrics": {"followers_count": 1571, "following_count": 542, "tweet_count": 19963, "listed_count": 0}, "name": "m. \u025e"}}, {"created_at": "2019-01-30T04:38:56.000Z", "source": "Twitter for iPhone", "referenced_tweets": [{"type": "replied_to", "id": "1090454791975661568"}], "lang": "en", "id": "1090469387214061568", "entities": {"mentions": [{"start": 0, "end": 15, "username": "realamberheard", "id": "807003567605227520"}, {"start": 16, "end": 29, "username": "kathygriffin", "id": "21148293"}]}, "in_reply_to_user_id": "807003567605227520", "text": "@realamberheard @kathygriffin This is the CUTEST tbh \ud83d\udc8b\ud83d\udcaf", "author_id": "17945218", "public_metrics": {"retweet_count": 0, "reply_count": 0, "like_count": 0, "quote_count": 0}, "replied_tweet": {"created_at": "2019-01-30T03:40:56.000Z", "source": "Twitter for iPhone", "entities": {"hashtags": [{"start": 134, "end": 149, "tag": "LAwomensdinner"}], "urls": [{"start": 150, "end": 173, "url": "https://t.co/jp4duLIPX5", "expanded_url": "https://twitter.com/realamberheard/status/1090454791975661568/photo/1", "display_url": "pic.twitter.com/jp4duLIPX5"}], "mentions": [{"start": 46, "end": 59, "username": "kathygriffin", "id": "21148293"}]}, "lang": "en", "id": "1090454791975661568", "text": "To be clear: super BFF, NOT hostage. Right, \u2066\u2066@kathygriffin\u2069 , right?! Seriously, couldn\u2019t imagine a better addition to the inaugural #LAwomensdinner https://t.co/jp4duLIPX5", "author_id": "807003567605227520", "public_metrics": {"retweet_count": 95, "reply_count": 31, "like_count": 1279, "quote_count": 5}, "author": {"url": "https://t.co/Ze18Ek9SOI", "username": "realamberheard", "description": "Actor and Activist, semi-professional disruptor, ice cream advocate and shameless teacup yorkie-lover", "id": "807003567605227520", "location": "Los Angeles, CA", "profile_image_url": "https://pbs.twimg.com/profile_images/1383196364792680448/N8CdupEu_normal.jpg", "created_at": "2016-12-08T23:26:58.000Z", "public_metrics": {"followers_count": 190464, "following_count": 220, "tweet_count": 1151, "listed_count": 568}, "name": "Amber Heard"}}, "author": {"url": "https://t.co/POVKcRAv0s", "username": "katekelton", "description": "Jordan from Haven, Martine from Bullet In The Face, Christy from Harold & Kumar go to White Castle, Biker from It Wasn\u2019t Me, TicTac girl. Bifurcated sleeper ;}", "id": "17945218", "profile_image_url": "https://pbs.twimg.com/profile_images/1440495615398465545/EEOJEnkF_normal.jpg", "created_at": "2008-12-07T18:32:54.000Z", "public_metrics": {"followers_count": 4922, "following_count": 2258, "tweet_count": 76352, "listed_count": 140}, "name": "kate kelton"}}, {"created_at": "2019-01-30T04:22:10.000Z", "source": "Twitter Web Client", "referenced_tweets": [{"type": "replied_to", "id": "1090454791975661568"}], "lang": "en", "id": "1090465166024630272", "entities": {"mentions": [{"start": 0, "end": 15, "username": "realamberheard", "id": "807003567605227520"}, {"start": 16, "end": 29, "username": "kathygriffin", "id": "21148293"}]}, "in_reply_to_user_id": "807003567605227520", "text": "@realamberheard @kathygriffin I've admired both of you for your talents for many years. Never thought two of my faves would one day join together for the strong resilient and intelligent women that they are, fighting for what's right, making this a better place for all of us. Thanks for showing us the\ud83d\udcaa\ud83c\udffb!", "author_id": "47495880", "public_metrics": {"retweet_count": 0, "reply_count": 0, "like_count": 9, "quote_count": 0}, "replied_tweet": {"created_at": "2019-01-30T03:40:56.000Z", "source": "Twitter for iPhone", "entities": {"hashtags": [{"start": 134, "end": 149, "tag": "LAwomensdinner"}], "urls": [{"start": 150, "end": 173, "url": "https://t.co/jp4duLIPX5", "expanded_url": "https://twitter.com/realamberheard/status/1090454791975661568/photo/1", "display_url": "pic.twitter.com/jp4duLIPX5"}], "mentions": [{"start": 46, "end": 59, "username": "kathygriffin", "id": "21148293"}]}, "lang": "en", "id": "1090454791975661568", "text": "To be clear: super BFF, NOT hostage. Right, \u2066\u2066@kathygriffin\u2069 , right?! Seriously, couldn\u2019t imagine a better addition to the inaugural #LAwomensdinner https://t.co/jp4duLIPX5", "author_id": "807003567605227520", "public_metrics": {"retweet_count": 95, "reply_count": 31, "like_count": 1279, "quote_count": 5}, "author": {"url": "https://t.co/Ze18Ek9SOI", "username": "realamberheard", "description": "Actor and Activist, semi-professional disruptor, ice cream advocate and shameless teacup yorkie-lover", "id": "807003567605227520", "location": "Los Angeles, CA", "profile_image_url": "https://pbs.twimg.com/profile_images/1383196364792680448/N8CdupEu_normal.jpg", "created_at": "2016-12-08T23:26:58.000Z", "public_metrics": {"followers_count": 190464, "following_count": 220, "tweet_count": 1151, "listed_count": 568}, "name": "Amber Heard"}}, "author": {"url": "", "username": "total_silliness", "description": "Professional Nap Taker and Nap Dress Wearer. Hoarder of books and red lipstick. She/Her.", "id": "47495880", "location": "Los Angeles, CA", "profile_image_url": "https://pbs.twimg.com/profile_images/378800000526968506/ba2d2bc448cf91c8994ca0a60860432a_normal.jpeg", "created_at": "2009-06-16T00:50:13.000Z", "public_metrics": {"followers_count": 385, "following_count": 799, "tweet_count": 19279, "listed_count": 5}, "name": "Katie"}}, {"created_at": "2019-01-30T04:09:39.000Z", "source": "Twitter Web Client", "referenced_tweets": [{"type": "replied_to", "id": "1090456237953576960"}], "lang": "en", "id": "1090462018992328704", "entities": {"mentions": [{"start": 0, "end": 12, "username": "Wildcattjoe", "id": "1040655074471501824"}, {"start": 13, "end": 28, "username": "realamberheard", "id": "807003567605227520"}, {"start": 29, "end": 42, "username": "kathygriffin", "id": "21148293"}], "annotations": [{"start": 150, "end": 153, "probability": 0.6804, "type": "Person", "normalized_text": "Robo"}]}, "in_reply_to_user_id": "1040655074471501824", "text": "@Wildcattjoe @realamberheard @kathygriffin Why would you put your number on someones wall? You want a lot of third party calls in your phone bill? Or Robo calls or prank calls?", "author_id": "24027418", "public_metrics": {"retweet_count": 0, "reply_count": 0, "like_count": 0, "quote_count": 0}, "replied_tweet": {"created_at": "2019-01-30T03:40:56.000Z", "source": "Twitter for iPhone", "entities": {"hashtags": [{"start": 134, "end": 149, "tag": "LAwomensdinner"}], "urls": [{"start": 150, "end": 173, "url": "https://t.co/jp4duLIPX5", "expanded_url": "https://twitter.com/realamberheard/status/1090454791975661568/photo/1", "display_url": "pic.twitter.com/jp4duLIPX5"}], "mentions": [{"start": 46, "end": 59, "username": "kathygriffin", "id": "21148293"}]}, "lang": "en", "id": "1090454791975661568", "text": "To be clear: super BFF, NOT hostage. Right, \u2066\u2066@kathygriffin\u2069 , right?! Seriously, couldn\u2019t imagine a better addition to the inaugural #LAwomensdinner https://t.co/jp4duLIPX5", "author_id": "807003567605227520", "public_metrics": {"retweet_count": 95, "reply_count": 31, "like_count": 1279, "quote_count": 5}, "author": {"url": "https://t.co/Ze18Ek9SOI", "username": "realamberheard", "description": "Actor and Activist, semi-professional disruptor, ice cream advocate and shameless teacup yorkie-lover", "id": "807003567605227520", "location": "Los Angeles, CA", "profile_image_url": "https://pbs.twimg.com/profile_images/1383196364792680448/N8CdupEu_normal.jpg", "created_at": "2016-12-08T23:26:58.000Z", "public_metrics": {"followers_count": 190464, "following_count": 220, "tweet_count": 1151, "listed_count": 568}, "name": "Amber Heard"}}, "author": {"url": "https://t.co/wFIOzBPI8V", "username": "Enewstorybrooke", "description": "Entertainment", "id": "24027418", "location": "USA", "profile_image_url": "https://pbs.twimg.com/profile_images/1491074483158929417/HE6WU9FD_normal.jpg", "created_at": "2009-03-12T20:22:37.000Z", "public_metrics": {"followers_count": 528, "following_count": 874, "tweet_count": 7455, "listed_count": 6}, "name": "Cookie D. Ford Tsao- Ayala \ud83d\udc8e"}}, {"created_at": "2019-01-30T03:58:46.000Z", "source": "Twitter for Android", "referenced_tweets": [{"type": "replied_to", "id": "1090454791975661568"}], "entities": {"urls": [{"start": 51, "end": 74, "url": "https://t.co/w06NFna4Hb", "expanded_url": "https://twitter.com/stirgussa/status/1090459277972684801/photo/1", "display_url": "pic.twitter.com/w06NFna4Hb"}], "mentions": [{"start": 0, "end": 15, "username": "realamberheard", "id": "807003567605227520"}, {"start": 16, "end": 29, "username": "kathygriffin", "id": "21148293"}]}, "lang": "en", "id": "1090459277972684801", "in_reply_to_user_id": "807003567605227520", "text": "@realamberheard @kathygriffin \ud83d\ude05\ud83d\ude05\nYou rule, girls!! https://t.co/w06NFna4Hb", "author_id": "4396120342", "public_metrics": {"retweet_count": 0, "reply_count": 0, "like_count": 2, "quote_count": 0}, "replied_tweet": {"created_at": "2019-01-30T03:40:56.000Z", "source": "Twitter for iPhone", "entities": {"hashtags": [{"start": 134, "end": 149, "tag": "LAwomensdinner"}], "urls": [{"start": 150, "end": 173, "url": "https://t.co/jp4duLIPX5", "expanded_url": "https://twitter.com/realamberheard/status/1090454791975661568/photo/1", "display_url": "pic.twitter.com/jp4duLIPX5"}], "mentions": [{"start": 46, "end": 59, "username": "kathygriffin", "id": "21148293"}]}, "lang": "en", "id": "1090454791975661568", "text": "To be clear: super BFF, NOT hostage. Right, \u2066\u2066@kathygriffin\u2069 , right?! Seriously, couldn\u2019t imagine a better addition to the inaugural #LAwomensdinner https://t.co/jp4duLIPX5", "author_id": "807003567605227520", "public_metrics": {"retweet_count": 95, "reply_count": 31, "like_count": 1279, "quote_count": 5}, "author": {"url": "https://t.co/Ze18Ek9SOI", "username": "realamberheard", "description": "Actor and Activist, semi-professional disruptor, ice cream advocate and shameless teacup yorkie-lover", "id": "807003567605227520", "location": "Los Angeles, CA", "profile_image_url": "https://pbs.twimg.com/profile_images/1383196364792680448/N8CdupEu_normal.jpg", "created_at": "2016-12-08T23:26:58.000Z", "public_metrics": {"followers_count": 190464, "following_count": 220, "tweet_count": 1151, "listed_count": 568}, "name": "Amber Heard"}}, "author": {"url": "", "username": "stirgussa", "description": "Only two things are infinite, the universe and human stupidity, and I'm not sure about the former. - Albert Einstein and Me!", "id": "4396120342", "profile_image_url": "https://pbs.twimg.com/profile_images/1378175478478082050/UKLiQPuk_normal.jpg", "created_at": "2015-12-06T17:21:06.000Z", "public_metrics": {"followers_count": 678, "following_count": 296, "tweet_count": 58624, "listed_count": 26}, "name": "STIRGUS SACCHETTI"}}, {"created_at": "2019-01-30T03:50:45.000Z", "source": "Twitter for Android", "referenced_tweets": [{"type": "replied_to", "id": "1090454791975661568"}], "entities": {"hashtags": [{"start": 128, "end": 143, "tag": "EqualityForAll"}, {"start": 150, "end": 171, "tag": "ViolenceAgainstWomen"}, {"start": 172, "end": 181, "tag": "violence"}, {"start": 187, "end": 208, "tag": "ViolenceAgainstLGBTQ"}], "mentions": [{"start": 0, "end": 15, "username": "realamberheard", "id": "807003567605227520"}, {"start": 16, "end": 29, "username": "kathygriffin", "id": "21148293"}, {"start": 96, "end": 109, "username": "kathygriffin", "id": "21148293"}, {"start": 110, "end": 125, "username": "realamberheard", "id": "807003567605227520"}]}, "lang": "en", "id": "1090457263154839552", "in_reply_to_user_id": "807003567605227520", "text": "@realamberheard @kathygriffin I dont know looks likes a  hostage to me \ud83d\ude09\ud83d\ude02 u ladies look amazing @kathygriffin @realamberheard \n\n#EqualityForAll \nStop #ViolenceAgainstWomen #violence\nStop #ViolenceAgainstLGBTQ", "author_id": "1048681219746140162", "public_metrics": {"retweet_count": 0, "reply_count": 0, "like_count": 0, "quote_count": 0}, "replied_tweet": {"created_at": "2019-01-30T03:40:56.000Z", "source": "Twitter for iPhone", "entities": {"hashtags": [{"start": 134, "end": 149, "tag": "LAwomensdinner"}], "urls": [{"start": 150, "end": 173, "url": "https://t.co/jp4duLIPX5", "expanded_url": "https://twitter.com/realamberheard/status/1090454791975661568/photo/1", "display_url": "pic.twitter.com/jp4duLIPX5"}], "mentions": [{"start": 46, "end": 59, "username": "kathygriffin", "id": "21148293"}]}, "lang": "en", "id": "1090454791975661568", "text": "To be clear: super BFF, NOT hostage. Right, \u2066\u2066@kathygriffin\u2069 , right?! Seriously, couldn\u2019t imagine a better addition to the inaugural #LAwomensdinner https://t.co/jp4duLIPX5", "author_id": "807003567605227520", "public_metrics": {"retweet_count": 95, "reply_count": 31, "like_count": 1279, "quote_count": 5}, "author": {"url": "https://t.co/Ze18Ek9SOI", "username": "realamberheard", "description": "Actor and Activist, semi-professional disruptor, ice cream advocate and shameless teacup yorkie-lover", "id": "807003567605227520", "location": "Los Angeles, CA", "profile_image_url": "https://pbs.twimg.com/profile_images/1383196364792680448/N8CdupEu_normal.jpg", "created_at": "2016-12-08T23:26:58.000Z", "public_metrics": {"followers_count": 190464, "following_count": 220, "tweet_count": 1151, "listed_count": 568}, "name": "Amber Heard"}}, "author": {"url": "", "username": "TheRealKevinTE", "description": "Equality is the only way to create a better future.....\n\n#PickASide\n#RaiseAFist", "id": "1048681219746140162", "location": "United States", "profile_image_url": "https://pbs.twimg.com/profile_images/1502321336148008967/R8OT5wEP_normal.jpg", "created_at": "2018-10-06T21:07:41.000Z", "public_metrics": {"followers_count": 66711, "following_count": 57143, "tweet_count": 74969, "listed_count": 66}, "name": "Kevin Endicott"}}, {"created_at": "2019-01-30T03:49:23.000Z", "source": "Twitter Web Client", "referenced_tweets": [{"type": "replied_to", "id": "1090454791975661568"}], "entities": {"hashtags": [{"start": 33, "end": 49, "tag": "FriendshipGoals"}], "mentions": [{"start": 0, "end": 15, "username": "realamberheard", "id": "807003567605227520"}, {"start": 16, "end": 29, "username": "kathygriffin", "id": "21148293"}]}, "lang": "und", "id": "1090456918877847553", "in_reply_to_user_id": "807003567605227520", "text": "@realamberheard @kathygriffin \ud83e\udd23\ud83e\udd23 #FriendshipGoals \ud83d\udc96\ud83d\udc96", "author_id": "4883689452", "public_metrics": {"retweet_count": 0, "reply_count": 0, "like_count": 1, "quote_count": 0}, "replied_tweet": {"created_at": "2019-01-30T03:40:56.000Z", "source": "Twitter for iPhone", "entities": {"hashtags": [{"start": 134, "end": 149, "tag": "LAwomensdinner"}], "urls": [{"start": 150, "end": 173, "url": "https://t.co/jp4duLIPX5", "expanded_url": "https://twitter.com/realamberheard/status/1090454791975661568/photo/1", "display_url": "pic.twitter.com/jp4duLIPX5"}], "mentions": [{"start": 46, "end": 59, "username": "kathygriffin", "id": "21148293"}]}, "lang": "en", "id": "1090454791975661568", "text": "To be clear: super BFF, NOT hostage. Right, \u2066\u2066@kathygriffin\u2069 , right?! Seriously, couldn\u2019t imagine a better addition to the inaugural #LAwomensdinner https://t.co/jp4duLIPX5", "author_id": "807003567605227520", "public_metrics": {"retweet_count": 95, "reply_count": 31, "like_count": 1279, "quote_count": 5}, "author": {"url": "https://t.co/Ze18Ek9SOI", "username": "realamberheard", "description": "Actor and Activist, semi-professional disruptor, ice cream advocate and shameless teacup yorkie-lover", "id": "807003567605227520", "location": "Los Angeles, CA", "profile_image_url": "https://pbs.twimg.com/profile_images/1383196364792680448/N8CdupEu_normal.jpg", "created_at": "2016-12-08T23:26:58.000Z", "public_metrics": {"followers_count": 190464, "following_count": 220, "tweet_count": 1151, "listed_count": 568}, "name": "Amber Heard"}}, "author": {"url": "", "username": "santi_care", "description": "2002.03.15~2019.12.03\u2764", "id": "4883689452", "profile_image_url": "https://pbs.twimg.com/profile_images/1238129820367613952/SaC0RiXN_normal.jpg", "created_at": "2016-02-09T16:10:59.000Z", "public_metrics": {"followers_count": 781, "following_count": 164, "tweet_count": 89684, "listed_count": 0}, "name": "\uc54c\ub809\uc2a4\ud83e\uddf6"}}, {"created_at": "2019-01-30T03:48:09.000Z", "source": "Twitter Web Client", "referenced_tweets": [{"type": "replied_to", "id": "1090454791975661568"}], "lang": "en", "id": "1090456606658256896", "entities": {"mentions": [{"start": 0, "end": 15, "username": "realamberheard", "id": "807003567605227520"}, {"start": 16, "end": 29, "username": "kathygriffin", "id": "21148293"}]}, "in_reply_to_user_id": "807003567605227520", "text": "@realamberheard @kathygriffin \ud83d\ude04\ud83d\ude04haha, I don`t know, that kind of looks like a bad escape attempt!.....I hope you had a fun and engaging evening!", "author_id": "4923128929", "public_metrics": {"retweet_count": 0, "reply_count": 0, "like_count": 0, "quote_count": 0}, "replied_tweet": {"created_at": "2019-01-30T03:40:56.000Z", "source": "Twitter for iPhone", "entities": {"hashtags": [{"start": 134, "end": 149, "tag": "LAwomensdinner"}], "urls": [{"start": 150, "end": 173, "url": "https://t.co/jp4duLIPX5", "expanded_url": "https://twitter.com/realamberheard/status/1090454791975661568/photo/1", "display_url": "pic.twitter.com/jp4duLIPX5"}], "mentions": [{"start": 46, "end": 59, "username": "kathygriffin", "id": "21148293"}]}, "lang": "en", "id": "1090454791975661568", "text": "To be clear: super BFF, NOT hostage. Right, \u2066\u2066@kathygriffin\u2069 , right?! Seriously, couldn\u2019t imagine a better addition to the inaugural #LAwomensdinner https://t.co/jp4duLIPX5", "author_id": "807003567605227520", "public_metrics": {"retweet_count": 95, "reply_count": 31, "like_count": 1279, "quote_count": 5}, "author": {"url": "https://t.co/Ze18Ek9SOI", "username": "realamberheard", "description": "Actor and Activist, semi-professional disruptor, ice cream advocate and shameless teacup yorkie-lover", "id": "807003567605227520", "location": "Los Angeles, CA", "profile_image_url": "https://pbs.twimg.com/profile_images/1383196364792680448/N8CdupEu_normal.jpg", "created_at": "2016-12-08T23:26:58.000Z", "public_metrics": {"followers_count": 190464, "following_count": 220, "tweet_count": 1151, "listed_count": 568}, "name": "Amber Heard"}}, "author": {"url": "", "username": "roberto4u2", "description": "", "id": "4923128929", "profile_image_url": "https://abs.twimg.com/sticky/default_profile_images/default_profile_normal.png", "created_at": "2016-02-18T00:14:02.000Z", "public_metrics": {"followers_count": 20, "following_count": 100, "tweet_count": 1490, "listed_count": 0}, "name": "roberto varro"}}, {"created_at": "2019-01-30T03:44:56.000Z", "source": "Twitter for iPhone", "referenced_tweets": [{"type": "replied_to", "id": "1090454791975661568"}], "entities": {"urls": [{"start": 44, "end": 67, "url": "https://t.co/gsaxWfkAh2", "expanded_url": "https://twitter.com/sec1386/status/1090455795660148736/photo/1", "display_url": "pic.twitter.com/gsaxWfkAh2"}], "mentions": [{"start": 0, "end": 15, "username": "realamberheard", "id": "807003567605227520"}, {"start": 16, "end": 29, "username": "kathygriffin", "id": "21148293"}]}, "lang": "es", "id": "1090455795660148736", "in_reply_to_user_id": "807003567605227520", "text": "@realamberheard @kathygriffin Bendiciones\ud83d\ude4f\ud83c\udffb https://t.co/gsaxWfkAh2", "author_id": "490983455", "public_metrics": {"retweet_count": 0, "reply_count": 0, "like_count": 0, "quote_count": 0}, "replied_tweet": {"created_at": "2019-01-30T03:40:56.000Z", "source": "Twitter for iPhone", "entities": {"hashtags": [{"start": 134, "end": 149, "tag": "LAwomensdinner"}], "urls": [{"start": 150, "end": 173, "url": "https://t.co/jp4duLIPX5", "expanded_url": "https://twitter.com/realamberheard/status/1090454791975661568/photo/1", "display_url": "pic.twitter.com/jp4duLIPX5"}], "mentions": [{"start": 46, "end": 59, "username": "kathygriffin", "id": "21148293"}]}, "lang": "en", "id": "1090454791975661568", "text": "To be clear: super BFF, NOT hostage. Right, \u2066\u2066@kathygriffin\u2069 , right?! Seriously, couldn\u2019t imagine a better addition to the inaugural #LAwomensdinner https://t.co/jp4duLIPX5", "author_id": "807003567605227520", "public_metrics": {"retweet_count": 95, "reply_count": 31, "like_count": 1279, "quote_count": 5}, "author": {"url": "https://t.co/Ze18Ek9SOI", "username": "realamberheard", "description": "Actor and Activist, semi-professional disruptor, ice cream advocate and shameless teacup yorkie-lover", "id": "807003567605227520", "location": "Los Angeles, CA", "profile_image_url": "https://pbs.twimg.com/profile_images/1383196364792680448/N8CdupEu_normal.jpg", "created_at": "2016-12-08T23:26:58.000Z", "public_metrics": {"followers_count": 190464, "following_count": 220, "tweet_count": 1151, "listed_count": 568}, "name": "Amber Heard"}}, "author": {"url": "", "username": "sec1386", "description": "Un d\u00eda tus mentiras llegar\u00e1n muy lejos, pero no podr\u00e1s alcanzarme.", "id": "490983455", "profile_image_url": "https://pbs.twimg.com/profile_images/1424022541434163208/PHSeVnLP_normal.jpg", "created_at": "2012-02-13T03:54:27.000Z", "public_metrics": {"followers_count": 145, "following_count": 318, "tweet_count": 22490, "listed_count": 1}, "name": "sa\u00fa \u05e9\u05d0\u05d5\u05dc (no soy un bot)"}}, {"created_at": "2019-01-30T03:42:23.000Z", "source": "Twitter for Android", "referenced_tweets": [{"type": "replied_to", "id": "1090454791975661568"}], "lang": "und", "id": "1090455156943187973", "entities": {"mentions": [{"start": 0, "end": 15, "username": "realamberheard", "id": "807003567605227520"}, {"start": 16, "end": 29, "username": "kathygriffin", "id": "21148293"}]}, "in_reply_to_user_id": "807003567605227520", "text": "@realamberheard @kathygriffin \ud83d\ude0d\ud83d\ude0d\ud83d\ude0d", "author_id": "4204211255", "public_metrics": {"retweet_count": 0, "reply_count": 0, "like_count": 0, "quote_count": 0}, "replied_tweet": {"created_at": "2019-01-30T03:40:56.000Z", "source": "Twitter for iPhone", "entities": {"hashtags": [{"start": 134, "end": 149, "tag": "LAwomensdinner"}], "urls": [{"start": 150, "end": 173, "url": "https://t.co/jp4duLIPX5", "expanded_url": "https://twitter.com/realamberheard/status/1090454791975661568/photo/1", "display_url": "pic.twitter.com/jp4duLIPX5"}], "mentions": [{"start": 46, "end": 59, "username": "kathygriffin", "id": "21148293"}]}, "lang": "en", "id": "1090454791975661568", "text": "To be clear: super BFF, NOT hostage. Right, \u2066\u2066@kathygriffin\u2069 , right?! Seriously, couldn\u2019t imagine a better addition to the inaugural #LAwomensdinner https://t.co/jp4duLIPX5", "author_id": "807003567605227520", "public_metrics": {"retweet_count": 95, "reply_count": 31, "like_count": 1279, "quote_count": 5}, "author": {"url": "https://t.co/Ze18Ek9SOI", "username": "realamberheard", "description": "Actor and Activist, semi-professional disruptor, ice cream advocate and shameless teacup yorkie-lover", "id": "807003567605227520", "location": "Los Angeles, CA", "profile_image_url": "https://pbs.twimg.com/profile_images/1383196364792680448/N8CdupEu_normal.jpg", "created_at": "2016-12-08T23:26:58.000Z", "public_metrics": {"followers_count": 190464, "following_count": 220, "tweet_count": 1151, "listed_count": 568}, "name": "Amber Heard"}}, "author": {"url": "", "username": "dakotarias", "description": "\ud835\ude8b\ud835\ude8e \ud835\ude9c\ud835\ude9d\ud835\ude9b\ud835\ude98\ud835\ude97\ud835\ude90 \ud835\ude8a\ud835\ude97\ud835\ude8d \ud835\ude8b\ud835\ude9b\ud835\ude8a\ud835\ude9f\ud835\ude8e \u2020", "id": "4204211255", "location": "actores, books, ecv.", "profile_image_url": "https://pbs.twimg.com/profile_images/1507128865436614668/pBGJYljr_normal.jpg", "created_at": "2015-11-16T19:47:59.000Z", "public_metrics": {"followers_count": 2501, "following_count": 935, "tweet_count": 137354, "listed_count": 22}, "name": "mi"}}, {"created_at": "2019-01-30T03:41:28.000Z", "source": "Twitter for iPhone", "referenced_tweets": [{"type": "replied_to", "id": "1090454791975661568"}], "lang": "es", "id": "1090454927254663170", "entities": {"mentions": [{"start": 0, "end": 15, "username": "realamberheard", "id": "807003567605227520"}, {"start": 16, "end": 29, "username": "kathygriffin", "id": "21148293"}]}, "in_reply_to_user_id": "807003567605227520", "text": "@realamberheard @kathygriffin Te amo \u2665\ufe0f", "author_id": "2194667917", "public_metrics": {"retweet_count": 0, "reply_count": 0, "like_count": 0, "quote_count": 0}, "replied_tweet": {"created_at": "2019-01-30T03:40:56.000Z", "source": "Twitter for iPhone", "entities": {"hashtags": [{"start": 134, "end": 149, "tag": "LAwomensdinner"}], "urls": [{"start": 150, "end": 173, "url": "https://t.co/jp4duLIPX5", "expanded_url": "https://twitter.com/realamberheard/status/1090454791975661568/photo/1", "display_url": "pic.twitter.com/jp4duLIPX5"}], "mentions": [{"start": 46, "end": 59, "username": "kathygriffin", "id": "21148293"}]}, "lang": "en", "id": "1090454791975661568", "text": "To be clear: super BFF, NOT hostage. Right, \u2066\u2066@kathygriffin\u2069 , right?! Seriously, couldn\u2019t imagine a better addition to the inaugural #LAwomensdinner https://t.co/jp4duLIPX5", "author_id": "807003567605227520", "public_metrics": {"retweet_count": 95, "reply_count": 31, "like_count": 1279, "quote_count": 5}, "author": {"url": "https://t.co/Ze18Ek9SOI", "username": "realamberheard", "description": "Actor and Activist, semi-professional disruptor, ice cream advocate and shameless teacup yorkie-lover", "id": "807003567605227520", "location": "Los Angeles, CA", "profile_image_url": "https://pbs.twimg.com/profile_images/1383196364792680448/N8CdupEu_normal.jpg", "created_at": "2016-12-08T23:26:58.000Z", "public_metrics": {"followers_count": 190464, "following_count": 220, "tweet_count": 1151, "listed_count": 568}, "name": "Amber Heard"}}, "author": {"url": "https://t.co/VUD8FLZsSj", "username": "mafterlife_", "description": "\u2022 librianja \u2022 cevans \u2022 sapiofobica \u2022 workaholic \u2022 sonserina \u2022 doidinha \u2022", "id": "2194667917", "location": "S\u00e3o Paulo, Brasil", "profile_image_url": "https://pbs.twimg.com/profile_images/1447233423148523520/0xLiM4vU_normal.jpg", "created_at": "2013-11-14T18:32:34.000Z", "public_metrics": {"followers_count": 1652, "following_count": 1424, "tweet_count": 33950, "listed_count": 0}, "name": "Doja Khaith"}}]