[{"created_at": "2019-03-19T08:34:39.000Z", "source": "Twitter for Android", "referenced_tweets": [{"type": "replied_to", "id": "1093507361841561602"}], "entities": {"hashtags": [{"start": 94, "end": 115, "tag": "AmberHeardisanabuser"}], "mentions": [{"start": 0, "end": 15, "username": "realamberheard", "id": "807003567605227520"}, {"start": 16, "end": 25, "username": "UN_Women", "id": "17137628"}, {"start": 26, "end": 40, "username": "UNHumanRights", "id": "69231187"}], "annotations": [{"start": 70, "end": 80, "probability": 0.7835, "type": "Person", "normalized_text": "Johnny Depp"}]}, "lang": "en", "id": "1107923326234554370", "in_reply_to_user_id": "807003567605227520", "text": "@realamberheard @UN_Women @UNHumanRights What will it take to end the Johnny Depp mutilation? #AmberHeardisanabuser", "author_id": "1070954260848758784", "public_metrics": {"retweet_count": 0, "reply_count": 0, "like_count": 1, "quote_count": 0}, "replied_tweet": {"created_at": "2019-02-07T13:50:46.000Z", "source": "Twitter for iPhone", "referenced_tweets": [{"type": "quoted", "id": "1092023644681732096"}], "entities": {"hashtags": [{"start": 212, "end": 219, "tag": "EndFGM"}, {"start": 226, "end": 246, "tag": "StandUp4HumanRights"}], "urls": [{"start": 272, "end": 295, "url": "https://t.co/lUE1zcIZpQ", "expanded_url": "https://twitter.com/UN_Women/status/1092023644681732096", "display_url": "twitter.com/UN_Women/statu\u2026"}], "mentions": [{"start": 247, "end": 256, "username": "UN_Women", "id": "17137628"}, {"start": 257, "end": 271, "username": "UNHumanRights", "id": "69231187"}]}, "lang": "en", "id": "1093507361841561602", "text": "Dont speak out 4 women &amp; girls- speak out 4 humanity. This gruesome &amp; barbaric form of torture robs ALL of some of our most basic human rights- our body, liberty &amp; dignity. We should all be calling 2 #EndFGM &amp; #StandUp4HumanRights @UN_Women @UNHumanRights https://t.co/lUE1zcIZpQ", "author_id": "807003567605227520", "public_metrics": {"retweet_count": 106, "reply_count": 18, "like_count": 614, "quote_count": 3}, "author": {"url": "https://t.co/Ze18Ek9SOI", "username": "realamberheard", "description": "Actor and Activist, semi-professional disruptor, ice cream advocate and shameless teacup yorkie-lover", "id": "807003567605227520", "location": "Los Angeles, CA", "profile_image_url": "https://pbs.twimg.com/profile_images/1383196364792680448/N8CdupEu_normal.jpg", "created_at": "2016-12-08T23:26:58.000Z", "public_metrics": {"followers_count": 190464, "following_count": 220, "tweet_count": 1151, "listed_count": 568}, "name": "Amber Heard"}}, "author": {"url": "", "username": "acarlidge", "description": "", "id": "1070954260848758784", "profile_image_url": "https://pbs.twimg.com/profile_images/1070955696017965056/AbBH10L1_normal.jpg", "created_at": "2018-12-07T08:12:47.000Z", "public_metrics": {"followers_count": 1, "following_count": 13, "tweet_count": 12, "listed_count": 0}, "name": "Acarlidge"}}, {"created_at": "2019-02-16T16:44:40.000Z", "source": "Twitter for Android", "referenced_tweets": [{"type": "replied_to", "id": "1093507361841561602"}], "entities": {"hashtags": [{"start": 257, "end": 264, "tag": "EndFGM"}], "mentions": [{"start": 0, "end": 15, "username": "realamberheard", "id": "807003567605227520"}, {"start": 16, "end": 25, "username": "UN_Women", "id": "17137628"}, {"start": 26, "end": 40, "username": "UNHumanRights", "id": "69231187"}]}, "lang": "en", "id": "1096812616469622784", "in_reply_to_user_id": "807003567605227520", "text": "@realamberheard @UN_Women @UNHumanRights As a proud father of two daughters I'm appalled of these barbaric practices. This is child cruelty and should be a criminal offense no matter where you are. I encourage my fellow fathers out there to spread the news!#EndFGM", "author_id": "800419756704571392", "public_metrics": {"retweet_count": 0, "reply_count": 0, "like_count": 1, "quote_count": 0}, "replied_tweet": {"created_at": "2019-02-07T13:50:46.000Z", "source": "Twitter for iPhone", "referenced_tweets": [{"type": "quoted", "id": "1092023644681732096"}], "entities": {"hashtags": [{"start": 212, "end": 219, "tag": "EndFGM"}, {"start": 226, "end": 246, "tag": "StandUp4HumanRights"}], "urls": [{"start": 272, "end": 295, "url": "https://t.co/lUE1zcIZpQ", "expanded_url": "https://twitter.com/UN_Women/status/1092023644681732096", "display_url": "twitter.com/UN_Women/statu\u2026"}], "mentions": [{"start": 247, "end": 256, "username": "UN_Women", "id": "17137628"}, {"start": 257, "end": 271, "username": "UNHumanRights", "id": "69231187"}]}, "lang": "en", "id": "1093507361841561602", "text": "Dont speak out 4 women &amp; girls- speak out 4 humanity. This gruesome &amp; barbaric form of torture robs ALL of some of our most basic human rights- our body, liberty &amp; dignity. We should all be calling 2 #EndFGM &amp; #StandUp4HumanRights @UN_Women @UNHumanRights https://t.co/lUE1zcIZpQ", "author_id": "807003567605227520", "public_metrics": {"retweet_count": 106, "reply_count": 18, "like_count": 614, "quote_count": 3}, "author": {"url": "https://t.co/Ze18Ek9SOI", "username": "realamberheard", "description": "Actor and Activist, semi-professional disruptor, ice cream advocate and shameless teacup yorkie-lover", "id": "807003567605227520", "location": "Los Angeles, CA", "profile_image_url": "https://pbs.twimg.com/profile_images/1383196364792680448/N8CdupEu_normal.jpg", "created_at": "2016-12-08T23:26:58.000Z", "public_metrics": {"followers_count": 190464, "following_count": 220, "tweet_count": 1151, "listed_count": 568}, "name": "Amber Heard"}}, "author": {"url": "", "username": "jconiglio85", "description": "", "id": "800419756704571392", "location": "Long Island, NY", "profile_image_url": "https://pbs.twimg.com/profile_images/1039321116664373250/mTbrOc7Q_normal.jpg", "created_at": "2016-11-20T19:25:15.000Z", "public_metrics": {"followers_count": 38, "following_count": 66, "tweet_count": 2877, "listed_count": 0}, "name": "John"}}, {"created_at": "2019-02-10T01:03:11.000Z", "source": "Twitter for Android", "referenced_tweets": [{"type": "replied_to", "id": "1093507361841561602"}], "entities": {"hashtags": [{"start": 108, "end": 123, "tag": "EqualityForAll"}], "urls": [{"start": 124, "end": 147, "url": "https://t.co/HHfxhZ7Doz", "expanded_url": "https://twitter.com/therealkevinTE/status/1094401357338066946/photo/1", "display_url": "pic.twitter.com/HHfxhZ7Doz"}], "mentions": [{"start": 0, "end": 15, "username": "realamberheard", "id": "807003567605227520"}, {"start": 16, "end": 25, "username": "UN_Women", "id": "17137628"}, {"start": 26, "end": 40, "username": "UNHumanRights", "id": "69231187"}]}, "lang": "en", "id": "1094401357338066946", "in_reply_to_user_id": "807003567605227520", "text": "@realamberheard @UN_Women @UNHumanRights Here in my opinion is what's wrong with humanity world religion. \n\n#EqualityForAll https://t.co/HHfxhZ7Doz", "author_id": "1048681219746140162", "public_metrics": {"retweet_count": 0, "reply_count": 0, "like_count": 0, "quote_count": 0}, "replied_tweet": {"created_at": "2019-02-07T13:50:46.000Z", "source": "Twitter for iPhone", "referenced_tweets": [{"type": "quoted", "id": "1092023644681732096"}], "entities": {"hashtags": [{"start": 212, "end": 219, "tag": "EndFGM"}, {"start": 226, "end": 246, "tag": "StandUp4HumanRights"}], "urls": [{"start": 272, "end": 295, "url": "https://t.co/lUE1zcIZpQ", "expanded_url": "https://twitter.com/UN_Women/status/1092023644681732096", "display_url": "twitter.com/UN_Women/statu\u2026"}], "mentions": [{"start": 247, "end": 256, "username": "UN_Women", "id": "17137628"}, {"start": 257, "end": 271, "username": "UNHumanRights", "id": "69231187"}]}, "lang": "en", "id": "1093507361841561602", "text": "Dont speak out 4 women &amp; girls- speak out 4 humanity. This gruesome &amp; barbaric form of torture robs ALL of some of our most basic human rights- our body, liberty &amp; dignity. We should all be calling 2 #EndFGM &amp; #StandUp4HumanRights @UN_Women @UNHumanRights https://t.co/lUE1zcIZpQ", "author_id": "807003567605227520", "public_metrics": {"retweet_count": 106, "reply_count": 18, "like_count": 614, "quote_count": 3}, "author": {"url": "https://t.co/Ze18Ek9SOI", "username": "realamberheard", "description": "Actor and Activist, semi-professional disruptor, ice cream advocate and shameless teacup yorkie-lover", "id": "807003567605227520", "location": "Los Angeles, CA", "profile_image_url": "https://pbs.twimg.com/profile_images/1383196364792680448/N8CdupEu_normal.jpg", "created_at": "2016-12-08T23:26:58.000Z", "public_metrics": {"followers_count": 190464, "following_count": 220, "tweet_count": 1151, "listed_count": 568}, "name": "Amber Heard"}}, "author": {"url": "", "username": "TheRealKevinTE", "description": "Equality is the only way to create a better future.....\n\n#PickASide\n#RaiseAFist", "id": "1048681219746140162", "location": "United States", "profile_image_url": "https://pbs.twimg.com/profile_images/1502321336148008967/R8OT5wEP_normal.jpg", "created_at": "2018-10-06T21:07:41.000Z", "public_metrics": {"followers_count": 66711, "following_count": 57143, "tweet_count": 74969, "listed_count": 66}, "name": "Kevin Endicott"}}, {"created_at": "2019-02-08T06:10:09.000Z", "source": "Twitter for Android", "referenced_tweets": [{"type": "replied_to", "id": "1093507361841561602"}], "entities": {"hashtags": [{"start": 41, "end": 67, "tag": "SaveIraqiRefugeesInTurkey"}], "mentions": [{"start": 0, "end": 15, "username": "realamberheard", "id": "807003567605227520"}, {"start": 16, "end": 25, "username": "UN_Women", "id": "17137628"}, {"start": 26, "end": 40, "username": "UNHumanRights", "id": "69231187"}]}, "lang": "en", "id": "1093753832083996675", "in_reply_to_user_id": "807003567605227520", "text": "@realamberheard @UN_Women @UNHumanRights #SaveIraqiRefugeesInTurkey\nWe struggled more than you can imagine but when it reached to threat of death which pushed us to leave our countryand loss everything,we ran away,to save our children from being orphans.Wedidn't have any idea to leave our country before.we were forcedto", "author_id": "1069558729060831232", "public_metrics": {"retweet_count": 0, "reply_count": 0, "like_count": 0, "quote_count": 0}, "replied_tweet": {"created_at": "2019-02-07T13:50:46.000Z", "source": "Twitter for iPhone", "referenced_tweets": [{"type": "quoted", "id": "1092023644681732096"}], "entities": {"hashtags": [{"start": 212, "end": 219, "tag": "EndFGM"}, {"start": 226, "end": 246, "tag": "StandUp4HumanRights"}], "urls": [{"start": 272, "end": 295, "url": "https://t.co/lUE1zcIZpQ", "expanded_url": "https://twitter.com/UN_Women/status/1092023644681732096", "display_url": "twitter.com/UN_Women/statu\u2026"}], "mentions": [{"start": 247, "end": 256, "username": "UN_Women", "id": "17137628"}, {"start": 257, "end": 271, "username": "UNHumanRights", "id": "69231187"}]}, "lang": "en", "id": "1093507361841561602", "text": "Dont speak out 4 women &amp; girls- speak out 4 humanity. This gruesome &amp; barbaric form of torture robs ALL of some of our most basic human rights- our body, liberty &amp; dignity. We should all be calling 2 #EndFGM &amp; #StandUp4HumanRights @UN_Women @UNHumanRights https://t.co/lUE1zcIZpQ", "author_id": "807003567605227520", "public_metrics": {"retweet_count": 106, "reply_count": 18, "like_count": 614, "quote_count": 3}, "author": {"url": "https://t.co/Ze18Ek9SOI", "username": "realamberheard", "description": "Actor and Activist, semi-professional disruptor, ice cream advocate and shameless teacup yorkie-lover", "id": "807003567605227520", "location": "Los Angeles, CA", "profile_image_url": "https://pbs.twimg.com/profile_images/1383196364792680448/N8CdupEu_normal.jpg", "created_at": "2016-12-08T23:26:58.000Z", "public_metrics": {"followers_count": 190464, "following_count": 220, "tweet_count": 1151, "listed_count": 568}, "name": "Amber Heard"}}, "author": {"url": "", "username": "selim40811273", "description": "", "id": "1069558729060831232", "profile_image_url": "https://pbs.twimg.com/profile_images/1257053925666099203/BBh5palj_normal.jpg", "created_at": "2018-12-03T11:47:27.000Z", "public_metrics": {"followers_count": 459, "following_count": 584, "tweet_count": 28754, "listed_count": 0}, "name": "ABO MHAMOOD"}}, {"created_at": "2019-02-07T18:44:04.000Z", "source": "Twitter for Android", "referenced_tweets": [{"type": "replied_to", "id": "1093507361841561602"}], "lang": "en", "id": "1093581175006781440", "entities": {"mentions": [{"start": 0, "end": 15, "username": "realamberheard", "id": "807003567605227520"}, {"start": 16, "end": 25, "username": "UN_Women", "id": "17137628"}, {"start": 26, "end": 40, "username": "UNHumanRights", "id": "69231187"}]}, "in_reply_to_user_id": "807003567605227520", "text": "@realamberheard @UN_Women @UNHumanRights Great visionary \u270c", "author_id": "3256613809", "public_metrics": {"retweet_count": 0, "reply_count": 0, "like_count": 0, "quote_count": 0}, "replied_tweet": {"created_at": "2019-02-07T13:50:46.000Z", "source": "Twitter for iPhone", "referenced_tweets": [{"type": "quoted", "id": "1092023644681732096"}], "entities": {"hashtags": [{"start": 212, "end": 219, "tag": "EndFGM"}, {"start": 226, "end": 246, "tag": "StandUp4HumanRights"}], "urls": [{"start": 272, "end": 295, "url": "https://t.co/lUE1zcIZpQ", "expanded_url": "https://twitter.com/UN_Women/status/1092023644681732096", "display_url": "twitter.com/UN_Women/statu\u2026"}], "mentions": [{"start": 247, "end": 256, "username": "UN_Women", "id": "17137628"}, {"start": 257, "end": 271, "username": "UNHumanRights", "id": "69231187"}]}, "lang": "en", "id": "1093507361841561602", "text": "Dont speak out 4 women &amp; girls- speak out 4 humanity. This gruesome &amp; barbaric form of torture robs ALL of some of our most basic human rights- our body, liberty &amp; dignity. We should all be calling 2 #EndFGM &amp; #StandUp4HumanRights @UN_Women @UNHumanRights https://t.co/lUE1zcIZpQ", "author_id": "807003567605227520", "public_metrics": {"retweet_count": 106, "reply_count": 18, "like_count": 614, "quote_count": 3}, "author": {"url": "https://t.co/Ze18Ek9SOI", "username": "realamberheard", "description": "Actor and Activist, semi-professional disruptor, ice cream advocate and shameless teacup yorkie-lover", "id": "807003567605227520", "location": "Los Angeles, CA", "profile_image_url": "https://pbs.twimg.com/profile_images/1383196364792680448/N8CdupEu_normal.jpg", "created_at": "2016-12-08T23:26:58.000Z", "public_metrics": {"followers_count": 190464, "following_count": 220, "tweet_count": 1151, "listed_count": 568}, "name": "Amber Heard"}}, "author": {"url": "", "username": "MayurCChauhan", "description": "You know who i am.", "id": "3256613809", "location": "Surat, India", "profile_image_url": "https://pbs.twimg.com/profile_images/1465970734602219520/uDbhTZSj_normal.jpg", "created_at": "2015-06-26T11:17:24.000Z", "public_metrics": {"followers_count": 343, "following_count": 197, "tweet_count": 260, "listed_count": 0}, "name": "SAVAJ\u2122"}}, {"created_at": "2019-02-07T16:20:53.000Z", "source": "Twitter for iPad", "referenced_tweets": [{"type": "replied_to", "id": "1093507361841561602"}], "lang": "en", "id": "1093545142311620608", "entities": {"mentions": [{"start": 0, "end": 15, "username": "realamberheard", "id": "807003567605227520"}, {"start": 16, "end": 25, "username": "UN_Women", "id": "17137628"}, {"start": 26, "end": 40, "username": "UNHumanRights", "id": "69231187"}]}, "in_reply_to_user_id": "807003567605227520", "text": "@realamberheard @UN_Women @UNHumanRights Terrifying for these girls/women.", "author_id": "47687493", "public_metrics": {"retweet_count": 0, "reply_count": 0, "like_count": 2, "quote_count": 0}, "replied_tweet": {"created_at": "2019-02-07T13:50:46.000Z", "source": "Twitter for iPhone", "referenced_tweets": [{"type": "quoted", "id": "1092023644681732096"}], "entities": {"hashtags": [{"start": 212, "end": 219, "tag": "EndFGM"}, {"start": 226, "end": 246, "tag": "StandUp4HumanRights"}], "urls": [{"start": 272, "end": 295, "url": "https://t.co/lUE1zcIZpQ", "expanded_url": "https://twitter.com/UN_Women/status/1092023644681732096", "display_url": "twitter.com/UN_Women/statu\u2026"}], "mentions": [{"start": 247, "end": 256, "username": "UN_Women", "id": "17137628"}, {"start": 257, "end": 271, "username": "UNHumanRights", "id": "69231187"}]}, "lang": "en", "id": "1093507361841561602", "text": "Dont speak out 4 women &amp; girls- speak out 4 humanity. This gruesome &amp; barbaric form of torture robs ALL of some of our most basic human rights- our body, liberty &amp; dignity. We should all be calling 2 #EndFGM &amp; #StandUp4HumanRights @UN_Women @UNHumanRights https://t.co/lUE1zcIZpQ", "author_id": "807003567605227520", "public_metrics": {"retweet_count": 106, "reply_count": 18, "like_count": 614, "quote_count": 3}, "author": {"url": "https://t.co/Ze18Ek9SOI", "username": "realamberheard", "description": "Actor and Activist, semi-professional disruptor, ice cream advocate and shameless teacup yorkie-lover", "id": "807003567605227520", "location": "Los Angeles, CA", "profile_image_url": "https://pbs.twimg.com/profile_images/1383196364792680448/N8CdupEu_normal.jpg", "created_at": "2016-12-08T23:26:58.000Z", "public_metrics": {"followers_count": 190464, "following_count": 220, "tweet_count": 1151, "listed_count": 568}, "name": "Amber Heard"}}, "author": {"url": "", "username": "TL81", "description": "Spread Love It's The Brooklyn Way!!", "id": "47687493", "location": "Brooklyn ", "profile_image_url": "https://pbs.twimg.com/profile_images/1161883084679274497/UdKf9WGw_normal.jpg", "created_at": "2009-06-16T17:42:53.000Z", "public_metrics": {"followers_count": 761, "following_count": 632, "tweet_count": 28861, "listed_count": 5}, "name": "Brooklyn Girl Tam"}}, {"created_at": "2019-02-07T15:17:02.000Z", "source": "Twitter for Android", "referenced_tweets": [{"type": "replied_to", "id": "1093507361841561602"}], "lang": "en", "id": "1093529071500316672", "entities": {"mentions": [{"start": 0, "end": 15, "username": "realamberheard", "id": "807003567605227520"}, {"start": 16, "end": 25, "username": "UN_Women", "id": "17137628"}, {"start": 26, "end": 40, "username": "UNHumanRights", "id": "69231187"}]}, "in_reply_to_user_id": "807003567605227520", "text": "@realamberheard @UN_Women @UNHumanRights Nice fight you're doing everyday", "author_id": "1084863838846111746", "public_metrics": {"retweet_count": 0, "reply_count": 0, "like_count": 0, "quote_count": 0}, "replied_tweet": {"created_at": "2019-02-07T13:50:46.000Z", "source": "Twitter for iPhone", "referenced_tweets": [{"type": "quoted", "id": "1092023644681732096"}], "entities": {"hashtags": [{"start": 212, "end": 219, "tag": "EndFGM"}, {"start": 226, "end": 246, "tag": "StandUp4HumanRights"}], "urls": [{"start": 272, "end": 295, "url": "https://t.co/lUE1zcIZpQ", "expanded_url": "https://twitter.com/UN_Women/status/1092023644681732096", "display_url": "twitter.com/UN_Women/statu\u2026"}], "mentions": [{"start": 247, "end": 256, "username": "UN_Women", "id": "17137628"}, {"start": 257, "end": 271, "username": "UNHumanRights", "id": "69231187"}]}, "lang": "en", "id": "1093507361841561602", "text": "Dont speak out 4 women &amp; girls- speak out 4 humanity. This gruesome &amp; barbaric form of torture robs ALL of some of our most basic human rights- our body, liberty &amp; dignity. We should all be calling 2 #EndFGM &amp; #StandUp4HumanRights @UN_Women @UNHumanRights https://t.co/lUE1zcIZpQ", "author_id": "807003567605227520", "public_metrics": {"retweet_count": 106, "reply_count": 18, "like_count": 614, "quote_count": 3}, "author": {"url": "https://t.co/Ze18Ek9SOI", "username": "realamberheard", "description": "Actor and Activist, semi-professional disruptor, ice cream advocate and shameless teacup yorkie-lover", "id": "807003567605227520", "location": "Los Angeles, CA", "profile_image_url": "https://pbs.twimg.com/profile_images/1383196364792680448/N8CdupEu_normal.jpg", "created_at": "2016-12-08T23:26:58.000Z", "public_metrics": {"followers_count": 190464, "following_count": 220, "tweet_count": 1151, "listed_count": 568}, "name": "Amber Heard"}}, "author": {"url": "", "username": "halex944", "description": "19y #blm @PSG_Inside\u2764\ud83d\udc99@acmilan\u2764\ud83d\udda4", "id": "1084863838846111746", "location": "Paris, France", "profile_image_url": "https://pbs.twimg.com/profile_images/1473035125675986946/7oiuB7K-_normal.jpg", "created_at": "2019-01-14T17:24:29.000Z", "public_metrics": {"followers_count": 1325, "following_count": 812, "tweet_count": 106606, "listed_count": 2}, "name": "Alex"}}, {"created_at": "2019-02-07T14:46:38.000Z", "source": "Twitter for Android", "referenced_tweets": [{"type": "replied_to", "id": "1093507361841561602"}], "lang": "en", "id": "1093521422704668672", "entities": {"mentions": [{"start": 0, "end": 15, "username": "realamberheard", "id": "807003567605227520"}, {"start": 16, "end": 25, "username": "UN_Women", "id": "17137628"}, {"start": 26, "end": 40, "username": "UNHumanRights", "id": "69231187"}]}, "in_reply_to_user_id": "807003567605227520", "text": "@realamberheard @UN_Women @UNHumanRights You're a fantastic Mera.", "author_id": "990742427567841281", "public_metrics": {"retweet_count": 0, "reply_count": 0, "like_count": 0, "quote_count": 0}, "replied_tweet": {"created_at": "2019-02-07T13:50:46.000Z", "source": "Twitter for iPhone", "referenced_tweets": [{"type": "quoted", "id": "1092023644681732096"}], "entities": {"hashtags": [{"start": 212, "end": 219, "tag": "EndFGM"}, {"start": 226, "end": 246, "tag": "StandUp4HumanRights"}], "urls": [{"start": 272, "end": 295, "url": "https://t.co/lUE1zcIZpQ", "expanded_url": "https://twitter.com/UN_Women/status/1092023644681732096", "display_url": "twitter.com/UN_Women/statu\u2026"}], "mentions": [{"start": 247, "end": 256, "username": "UN_Women", "id": "17137628"}, {"start": 257, "end": 271, "username": "UNHumanRights", "id": "69231187"}]}, "lang": "en", "id": "1093507361841561602", "text": "Dont speak out 4 women &amp; girls- speak out 4 humanity. This gruesome &amp; barbaric form of torture robs ALL of some of our most basic human rights- our body, liberty &amp; dignity. We should all be calling 2 #EndFGM &amp; #StandUp4HumanRights @UN_Women @UNHumanRights https://t.co/lUE1zcIZpQ", "author_id": "807003567605227520", "public_metrics": {"retweet_count": 106, "reply_count": 18, "like_count": 614, "quote_count": 3}, "author": {"url": "https://t.co/Ze18Ek9SOI", "username": "realamberheard", "description": "Actor and Activist, semi-professional disruptor, ice cream advocate and shameless teacup yorkie-lover", "id": "807003567605227520", "location": "Los Angeles, CA", "profile_image_url": "https://pbs.twimg.com/profile_images/1383196364792680448/N8CdupEu_normal.jpg", "created_at": "2016-12-08T23:26:58.000Z", "public_metrics": {"followers_count": 190464, "following_count": 220, "tweet_count": 1151, "listed_count": 568}, "name": "Amber Heard"}}, "author": {"url": "", "username": "LordTaker91", "description": "Big fan of old school wrestling, DC, Marvel, cartoons, TV shows, Edge, Undertaker, Old Rock, Cena and films.\nHated by smarks.\n#MakeWrestlingGreatAgain", "id": "990742427567841281", "location": "Mendoza, Argentina", "profile_image_url": "https://pbs.twimg.com/profile_images/1386494503050125313/Pk-diApk_normal.jpg", "created_at": "2018-04-29T23:59:36.000Z", "public_metrics": {"followers_count": 1952, "following_count": 2794, "tweet_count": 107924, "listed_count": 4}, "name": "Matt Gordon"}}, {"created_at": "2019-02-07T14:43:18.000Z", "source": "Twitter Web App", "referenced_tweets": [{"type": "replied_to", "id": "1093507361841561602"}], "lang": "en", "id": "1093520581914431488", "entities": {"mentions": [{"start": 0, "end": 15, "username": "realamberheard", "id": "807003567605227520"}, {"start": 16, "end": 25, "username": "UN_Women", "id": "17137628"}, {"start": 26, "end": 40, "username": "UNHumanRights", "id": "69231187"}]}, "in_reply_to_user_id": "807003567605227520", "text": "@realamberheard @UN_Women @UNHumanRights All of us in this world combine one sense because, despite our different languages \u200b\u200band civilization, we remain in this life", "author_id": "830127561145511937", "public_metrics": {"retweet_count": 0, "reply_count": 0, "like_count": 0, "quote_count": 0}, "replied_tweet": {"created_at": "2019-02-07T13:50:46.000Z", "source": "Twitter for iPhone", "referenced_tweets": [{"type": "quoted", "id": "1092023644681732096"}], "entities": {"hashtags": [{"start": 212, "end": 219, "tag": "EndFGM"}, {"start": 226, "end": 246, "tag": "StandUp4HumanRights"}], "urls": [{"start": 272, "end": 295, "url": "https://t.co/lUE1zcIZpQ", "expanded_url": "https://twitter.com/UN_Women/status/1092023644681732096", "display_url": "twitter.com/UN_Women/statu\u2026"}], "mentions": [{"start": 247, "end": 256, "username": "UN_Women", "id": "17137628"}, {"start": 257, "end": 271, "username": "UNHumanRights", "id": "69231187"}]}, "lang": "en", "id": "1093507361841561602", "text": "Dont speak out 4 women &amp; girls- speak out 4 humanity. This gruesome &amp; barbaric form of torture robs ALL of some of our most basic human rights- our body, liberty &amp; dignity. We should all be calling 2 #EndFGM &amp; #StandUp4HumanRights @UN_Women @UNHumanRights https://t.co/lUE1zcIZpQ", "author_id": "807003567605227520", "public_metrics": {"retweet_count": 106, "reply_count": 18, "like_count": 614, "quote_count": 3}, "author": {"url": "https://t.co/Ze18Ek9SOI", "username": "realamberheard", "description": "Actor and Activist, semi-professional disruptor, ice cream advocate and shameless teacup yorkie-lover", "id": "807003567605227520", "location": "Los Angeles, CA", "profile_image_url": "https://pbs.twimg.com/profile_images/1383196364792680448/N8CdupEu_normal.jpg", "created_at": "2016-12-08T23:26:58.000Z", "public_metrics": {"followers_count": 190464, "following_count": 220, "tweet_count": 1151, "listed_count": 568}, "name": "Amber Heard"}}, "author": {"url": "", "username": "qzkQefHNXuNatdL", "description": "The school of life", "id": "830127561145511937", "location": "Cairo - Egypt", "profile_image_url": "https://pbs.twimg.com/profile_images/834050973215621123/EMiOAoil_normal.jpg", "created_at": "2017-02-10T18:53:28.000Z", "public_metrics": {"followers_count": 26, "following_count": 112, "tweet_count": 54, "listed_count": 0}, "name": "Khalid farag"}}, {"created_at": "2019-02-07T14:23:52.000Z", "source": "Twitter for iPhone", "referenced_tweets": [{"type": "replied_to", "id": "1093509358586089472"}], "lang": "en", "id": "1093515693058707457", "entities": {"mentions": [{"start": 0, "end": 10, "username": "stirgussa", "id": "4396120342"}, {"start": 11, "end": 26, "username": "realamberheard", "id": "807003567605227520"}, {"start": 27, "end": 36, "username": "UN_Women", "id": "17137628"}, {"start": 37, "end": 51, "username": "UNHumanRights", "id": "69231187"}]}, "in_reply_to_user_id": "4396120342", "text": "@stirgussa @realamberheard @UN_Women @UNHumanRights It\u2019s beyond monstrosity!!! Whoever does this to women deserves to be DEMOLISHED", "author_id": "1527469560", "public_metrics": {"retweet_count": 0, "reply_count": 0, "like_count": 3, "quote_count": 0}, "replied_tweet": {"created_at": "2019-02-07T13:50:46.000Z", "source": "Twitter for iPhone", "referenced_tweets": [{"type": "quoted", "id": "1092023644681732096"}], "entities": {"hashtags": [{"start": 212, "end": 219, "tag": "EndFGM"}, {"start": 226, "end": 246, "tag": "StandUp4HumanRights"}], "urls": [{"start": 272, "end": 295, "url": "https://t.co/lUE1zcIZpQ", "expanded_url": "https://twitter.com/UN_Women/status/1092023644681732096", "display_url": "twitter.com/UN_Women/statu\u2026"}], "mentions": [{"start": 247, "end": 256, "username": "UN_Women", "id": "17137628"}, {"start": 257, "end": 271, "username": "UNHumanRights", "id": "69231187"}]}, "lang": "en", "id": "1093507361841561602", "text": "Dont speak out 4 women &amp; girls- speak out 4 humanity. This gruesome &amp; barbaric form of torture robs ALL of some of our most basic human rights- our body, liberty &amp; dignity. We should all be calling 2 #EndFGM &amp; #StandUp4HumanRights @UN_Women @UNHumanRights https://t.co/lUE1zcIZpQ", "author_id": "807003567605227520", "public_metrics": {"retweet_count": 106, "reply_count": 18, "like_count": 614, "quote_count": 3}, "author": {"url": "https://t.co/Ze18Ek9SOI", "username": "realamberheard", "description": "Actor and Activist, semi-professional disruptor, ice cream advocate and shameless teacup yorkie-lover", "id": "807003567605227520", "location": "Los Angeles, CA", "profile_image_url": "https://pbs.twimg.com/profile_images/1383196364792680448/N8CdupEu_normal.jpg", "created_at": "2016-12-08T23:26:58.000Z", "public_metrics": {"followers_count": 190464, "following_count": 220, "tweet_count": 1151, "listed_count": 568}, "name": "Amber Heard"}}, "author": {"url": "", "username": "IrWayLiberal", "description": "Feminist Liberal Women Rights Advocate #MeToo #TimesUp Pro-Choice #BlackLivesMatter // Michelle Williams Brie Larson Leonardo DiCaprio", "id": "1527469560", "profile_image_url": "https://pbs.twimg.com/profile_images/1383757376726048771/8EY4DIbq_normal.jpg", "created_at": "2013-06-18T11:16:57.000Z", "public_metrics": {"followers_count": 305, "following_count": 776, "tweet_count": 29507, "listed_count": 11}, "name": "Irma"}}, {"created_at": "2019-02-07T14:02:24.000Z", "source": "Twitter Web Client", "referenced_tweets": [{"type": "replied_to", "id": "1093507361841561602"}], "entities": {"hashtags": [{"start": 101, "end": 108, "tag": "EndFGM"}, {"start": 109, "end": 129, "tag": "StandUp4HumanRights"}], "mentions": [{"start": 0, "end": 15, "username": "realamberheard", "id": "807003567605227520"}, {"start": 16, "end": 25, "username": "UN_Women", "id": "17137628"}, {"start": 26, "end": 40, "username": "UNHumanRights", "id": "69231187"}]}, "lang": "en", "id": "1093510291302768640", "in_reply_to_user_id": "807003567605227520", "text": "@realamberheard @UN_Women @UNHumanRights I can't believe it's still happening! It needs to be ended. #EndFGM #StandUp4HumanRights", "author_id": "4883689452", "public_metrics": {"retweet_count": 0, "reply_count": 0, "like_count": 0, "quote_count": 0}, "replied_tweet": {"created_at": "2019-02-07T13:50:46.000Z", "source": "Twitter for iPhone", "referenced_tweets": [{"type": "quoted", "id": "1092023644681732096"}], "entities": {"hashtags": [{"start": 212, "end": 219, "tag": "EndFGM"}, {"start": 226, "end": 246, "tag": "StandUp4HumanRights"}], "urls": [{"start": 272, "end": 295, "url": "https://t.co/lUE1zcIZpQ", "expanded_url": "https://twitter.com/UN_Women/status/1092023644681732096", "display_url": "twitter.com/UN_Women/statu\u2026"}], "mentions": [{"start": 247, "end": 256, "username": "UN_Women", "id": "17137628"}, {"start": 257, "end": 271, "username": "UNHumanRights", "id": "69231187"}]}, "lang": "en", "id": "1093507361841561602", "text": "Dont speak out 4 women &amp; girls- speak out 4 humanity. This gruesome &amp; barbaric form of torture robs ALL of some of our most basic human rights- our body, liberty &amp; dignity. We should all be calling 2 #EndFGM &amp; #StandUp4HumanRights @UN_Women @UNHumanRights https://t.co/lUE1zcIZpQ", "author_id": "807003567605227520", "public_metrics": {"retweet_count": 106, "reply_count": 18, "like_count": 614, "quote_count": 3}, "author": {"url": "https://t.co/Ze18Ek9SOI", "username": "realamberheard", "description": "Actor and Activist, semi-professional disruptor, ice cream advocate and shameless teacup yorkie-lover", "id": "807003567605227520", "location": "Los Angeles, CA", "profile_image_url": "https://pbs.twimg.com/profile_images/1383196364792680448/N8CdupEu_normal.jpg", "created_at": "2016-12-08T23:26:58.000Z", "public_metrics": {"followers_count": 190464, "following_count": 220, "tweet_count": 1151, "listed_count": 568}, "name": "Amber Heard"}}, "author": {"url": "", "username": "santi_care", "description": "2002.03.15~2019.12.03\u2764", "id": "4883689452", "profile_image_url": "https://pbs.twimg.com/profile_images/1238129820367613952/SaC0RiXN_normal.jpg", "created_at": "2016-02-09T16:10:59.000Z", "public_metrics": {"followers_count": 781, "following_count": 164, "tweet_count": 89684, "listed_count": 0}, "name": "\uc54c\ub809\uc2a4\ud83e\uddf6"}}, {"created_at": "2019-02-07T14:01:51.000Z", "source": "Twitter for Android", "referenced_tweets": [{"type": "replied_to", "id": "1093509358586089472"}], "entities": {"hashtags": [{"start": 67, "end": 82, "tag": "EqualityForAll"}], "mentions": [{"start": 0, "end": 10, "username": "stirgussa", "id": "4396120342"}, {"start": 11, "end": 26, "username": "realamberheard", "id": "807003567605227520"}, {"start": 27, "end": 36, "username": "UN_Women", "id": "17137628"}, {"start": 37, "end": 51, "username": "UNHumanRights", "id": "69231187"}]}, "lang": "en", "id": "1093510152060370946", "in_reply_to_user_id": "4396120342", "text": "@stirgussa @realamberheard @UN_Women @UNHumanRights I know right.. #EqualityForAll is a dream but we can only make that dream a reality if we learn to work together in spite of all the evil", "author_id": "1048681219746140162", "public_metrics": {"retweet_count": 0, "reply_count": 0, "like_count": 0, "quote_count": 0}, "replied_tweet": {"created_at": "2019-02-07T13:50:46.000Z", "source": "Twitter for iPhone", "referenced_tweets": [{"type": "quoted", "id": "1092023644681732096"}], "entities": {"hashtags": [{"start": 212, "end": 219, "tag": "EndFGM"}, {"start": 226, "end": 246, "tag": "StandUp4HumanRights"}], "urls": [{"start": 272, "end": 295, "url": "https://t.co/lUE1zcIZpQ", "expanded_url": "https://twitter.com/UN_Women/status/1092023644681732096", "display_url": "twitter.com/UN_Women/statu\u2026"}], "mentions": [{"start": 247, "end": 256, "username": "UN_Women", "id": "17137628"}, {"start": 257, "end": 271, "username": "UNHumanRights", "id": "69231187"}]}, "lang": "en", "id": "1093507361841561602", "text": "Dont speak out 4 women &amp; girls- speak out 4 humanity. This gruesome &amp; barbaric form of torture robs ALL of some of our most basic human rights- our body, liberty &amp; dignity. We should all be calling 2 #EndFGM &amp; #StandUp4HumanRights @UN_Women @UNHumanRights https://t.co/lUE1zcIZpQ", "author_id": "807003567605227520", "public_metrics": {"retweet_count": 106, "reply_count": 18, "like_count": 614, "quote_count": 3}, "author": {"url": "https://t.co/Ze18Ek9SOI", "username": "realamberheard", "description": "Actor and Activist, semi-professional disruptor, ice cream advocate and shameless teacup yorkie-lover", "id": "807003567605227520", "location": "Los Angeles, CA", "profile_image_url": "https://pbs.twimg.com/profile_images/1383196364792680448/N8CdupEu_normal.jpg", "created_at": "2016-12-08T23:26:58.000Z", "public_metrics": {"followers_count": 190464, "following_count": 220, "tweet_count": 1151, "listed_count": 568}, "name": "Amber Heard"}}, "author": {"url": "", "username": "TheRealKevinTE", "description": "Equality is the only way to create a better future.....\n\n#PickASide\n#RaiseAFist", "id": "1048681219746140162", "location": "United States", "profile_image_url": "https://pbs.twimg.com/profile_images/1502321336148008967/R8OT5wEP_normal.jpg", "created_at": "2018-10-06T21:07:41.000Z", "public_metrics": {"followers_count": 66711, "following_count": 57143, "tweet_count": 74969, "listed_count": 66}, "name": "Kevin Endicott"}}, {"created_at": "2019-02-07T14:00:11.000Z", "source": "Twitter for Android", "referenced_tweets": [{"type": "replied_to", "id": "1093507361841561602"}], "entities": {"hashtags": [{"start": 59, "end": 74, "tag": "EqualityForAll"}, {"start": 76, "end": 96, "tag": "StandUp4HumanRights"}], "urls": [{"start": 205, "end": 228, "url": "https://t.co/GwhCTepqhk", "expanded_url": "https://twitter.com/therealkevinTE/status/1093509734446047232/photo/1", "display_url": "pic.twitter.com/GwhCTepqhk"}], "mentions": [{"start": 0, "end": 15, "username": "realamberheard", "id": "807003567605227520"}, {"start": 16, "end": 25, "username": "UN_Women", "id": "17137628"}, {"start": 26, "end": 40, "username": "UNHumanRights", "id": "69231187"}, {"start": 41, "end": 56, "username": "realamberheard", "id": "807003567605227520"}]}, "lang": "en", "id": "1093509734446047232", "in_reply_to_user_id": "807003567605227520", "text": "@realamberheard @UN_Women @UNHumanRights @realamberheard \n\n#EqualityForAll \n#StandUp4HumanRights \n\nHate begets hate it's only thru love understanding empathy and last and most importantly we ALL must work https://t.co/GwhCTepqhk", "author_id": "1048681219746140162", "public_metrics": {"retweet_count": 0, "reply_count": 0, "like_count": 0, "quote_count": 0}, "replied_tweet": {"created_at": "2019-02-07T13:50:46.000Z", "source": "Twitter for iPhone", "referenced_tweets": [{"type": "quoted", "id": "1092023644681732096"}], "entities": {"hashtags": [{"start": 212, "end": 219, "tag": "EndFGM"}, {"start": 226, "end": 246, "tag": "StandUp4HumanRights"}], "urls": [{"start": 272, "end": 295, "url": "https://t.co/lUE1zcIZpQ", "expanded_url": "https://twitter.com/UN_Women/status/1092023644681732096", "display_url": "twitter.com/UN_Women/statu\u2026"}], "mentions": [{"start": 247, "end": 256, "username": "UN_Women", "id": "17137628"}, {"start": 257, "end": 271, "username": "UNHumanRights", "id": "69231187"}]}, "lang": "en", "id": "1093507361841561602", "text": "Dont speak out 4 women &amp; girls- speak out 4 humanity. This gruesome &amp; barbaric form of torture robs ALL of some of our most basic human rights- our body, liberty &amp; dignity. We should all be calling 2 #EndFGM &amp; #StandUp4HumanRights @UN_Women @UNHumanRights https://t.co/lUE1zcIZpQ", "author_id": "807003567605227520", "public_metrics": {"retweet_count": 106, "reply_count": 18, "like_count": 614, "quote_count": 3}, "author": {"url": "https://t.co/Ze18Ek9SOI", "username": "realamberheard", "description": "Actor and Activist, semi-professional disruptor, ice cream advocate and shameless teacup yorkie-lover", "id": "807003567605227520", "location": "Los Angeles, CA", "profile_image_url": "https://pbs.twimg.com/profile_images/1383196364792680448/N8CdupEu_normal.jpg", "created_at": "2016-12-08T23:26:58.000Z", "public_metrics": {"followers_count": 190464, "following_count": 220, "tweet_count": 1151, "listed_count": 568}, "name": "Amber Heard"}}, "author": {"url": "", "username": "TheRealKevinTE", "description": "Equality is the only way to create a better future.....\n\n#PickASide\n#RaiseAFist", "id": "1048681219746140162", "location": "United States", "profile_image_url": "https://pbs.twimg.com/profile_images/1502321336148008967/R8OT5wEP_normal.jpg", "created_at": "2018-10-06T21:07:41.000Z", "public_metrics": {"followers_count": 66711, "following_count": 57143, "tweet_count": 74969, "listed_count": 66}, "name": "Kevin Endicott"}}, {"created_at": "2019-02-07T13:58:42.000Z", "source": "Twitter for Android", "referenced_tweets": [{"type": "replied_to", "id": "1093507361841561602"}], "lang": "en", "id": "1093509358586089472", "entities": {"mentions": [{"start": 0, "end": 15, "username": "realamberheard", "id": "807003567605227520"}, {"start": 16, "end": 25, "username": "UN_Women", "id": "17137628"}, {"start": 26, "end": 40, "username": "UNHumanRights", "id": "69231187"}]}, "in_reply_to_user_id": "807003567605227520", "text": "@realamberheard @UN_Women @UNHumanRights I can't believe we are in this century and this barbaric practice is still a thing \ud83d\ude31\ud83d\ude31\ud83d\ude32", "author_id": "4396120342", "public_metrics": {"retweet_count": 0, "reply_count": 2, "like_count": 4, "quote_count": 0}, "replied_tweet": {"created_at": "2019-02-07T13:50:46.000Z", "source": "Twitter for iPhone", "referenced_tweets": [{"type": "quoted", "id": "1092023644681732096"}], "entities": {"hashtags": [{"start": 212, "end": 219, "tag": "EndFGM"}, {"start": 226, "end": 246, "tag": "StandUp4HumanRights"}], "urls": [{"start": 272, "end": 295, "url": "https://t.co/lUE1zcIZpQ", "expanded_url": "https://twitter.com/UN_Women/status/1092023644681732096", "display_url": "twitter.com/UN_Women/statu\u2026"}], "mentions": [{"start": 247, "end": 256, "username": "UN_Women", "id": "17137628"}, {"start": 257, "end": 271, "username": "UNHumanRights", "id": "69231187"}]}, "lang": "en", "id": "1093507361841561602", "text": "Dont speak out 4 women &amp; girls- speak out 4 humanity. This gruesome &amp; barbaric form of torture robs ALL of some of our most basic human rights- our body, liberty &amp; dignity. We should all be calling 2 #EndFGM &amp; #StandUp4HumanRights @UN_Women @UNHumanRights https://t.co/lUE1zcIZpQ", "author_id": "807003567605227520", "public_metrics": {"retweet_count": 106, "reply_count": 18, "like_count": 614, "quote_count": 3}, "author": {"url": "https://t.co/Ze18Ek9SOI", "username": "realamberheard", "description": "Actor and Activist, semi-professional disruptor, ice cream advocate and shameless teacup yorkie-lover", "id": "807003567605227520", "location": "Los Angeles, CA", "profile_image_url": "https://pbs.twimg.com/profile_images/1383196364792680448/N8CdupEu_normal.jpg", "created_at": "2016-12-08T23:26:58.000Z", "public_metrics": {"followers_count": 190464, "following_count": 220, "tweet_count": 1151, "listed_count": 568}, "name": "Amber Heard"}}, "author": {"url": "", "username": "stirgussa", "description": "Only two things are infinite, the universe and human stupidity, and I'm not sure about the former. - Albert Einstein and Me!", "id": "4396120342", "profile_image_url": "https://pbs.twimg.com/profile_images/1378175478478082050/UKLiQPuk_normal.jpg", "created_at": "2015-12-06T17:21:06.000Z", "public_metrics": {"followers_count": 678, "following_count": 296, "tweet_count": 58624, "listed_count": 26}, "name": "STIRGUS SACCHETTI"}}, {"created_at": "2019-02-07T13:55:26.000Z", "source": "Twitter Web Client", "referenced_tweets": [{"type": "replied_to", "id": "1093507361841561602"}], "lang": "en", "id": "1093508536041132033", "entities": {"mentions": [{"start": 0, "end": 15, "username": "realamberheard", "id": "807003567605227520"}, {"start": 16, "end": 25, "username": "UN_Women", "id": "17137628"}, {"start": 26, "end": 40, "username": "UNHumanRights", "id": "69231187"}]}, "in_reply_to_user_id": "807003567605227520", "text": "@realamberheard @UN_Women @UNHumanRights You know what is really upset here? The human beings never learned from the past. the history. we do the same mistakes over and over again.", "author_id": "1092041892198563841", "public_metrics": {"retweet_count": 0, "reply_count": 0, "like_count": 0, "quote_count": 0}, "replied_tweet": {"created_at": "2019-02-07T13:50:46.000Z", "source": "Twitter for iPhone", "referenced_tweets": [{"type": "quoted", "id": "1092023644681732096"}], "entities": {"hashtags": [{"start": 212, "end": 219, "tag": "EndFGM"}, {"start": 226, "end": 246, "tag": "StandUp4HumanRights"}], "urls": [{"start": 272, "end": 295, "url": "https://t.co/lUE1zcIZpQ", "expanded_url": "https://twitter.com/UN_Women/status/1092023644681732096", "display_url": "twitter.com/UN_Women/statu\u2026"}], "mentions": [{"start": 247, "end": 256, "username": "UN_Women", "id": "17137628"}, {"start": 257, "end": 271, "username": "UNHumanRights", "id": "69231187"}]}, "lang": "en", "id": "1093507361841561602", "text": "Dont speak out 4 women &amp; girls- speak out 4 humanity. This gruesome &amp; barbaric form of torture robs ALL of some of our most basic human rights- our body, liberty &amp; dignity. We should all be calling 2 #EndFGM &amp; #StandUp4HumanRights @UN_Women @UNHumanRights https://t.co/lUE1zcIZpQ", "author_id": "807003567605227520", "public_metrics": {"retweet_count": 106, "reply_count": 18, "like_count": 614, "quote_count": 3}, "author": {"url": "https://t.co/Ze18Ek9SOI", "username": "realamberheard", "description": "Actor and Activist, semi-professional disruptor, ice cream advocate and shameless teacup yorkie-lover", "id": "807003567605227520", "location": "Los Angeles, CA", "profile_image_url": "https://pbs.twimg.com/profile_images/1383196364792680448/N8CdupEu_normal.jpg", "created_at": "2016-12-08T23:26:58.000Z", "public_metrics": {"followers_count": 190464, "following_count": 220, "tweet_count": 1151, "listed_count": 568}, "name": "Amber Heard"}}, "author": {"url": "", "username": "TheGreenGirl94", "description": "", "id": "1092041892198563841", "location": "Israel", "profile_image_url": "https://pbs.twimg.com/profile_images/1239182477710819328/2OTrztEI_normal.jpg", "created_at": "2019-02-03T12:47:31.000Z", "public_metrics": {"followers_count": 17, "following_count": 139, "tweet_count": 643, "listed_count": 0}, "name": "The Jewish Unicorn"}}, {"created_at": "2019-02-07T13:54:04.000Z", "source": "Twitter for Android", "referenced_tweets": [{"type": "replied_to", "id": "1093507361841561602"}], "lang": "en", "id": "1093508193383198720", "entities": {"mentions": [{"start": 0, "end": 15, "username": "realamberheard", "id": "807003567605227520"}, {"start": 16, "end": 25, "username": "UN_Women", "id": "17137628"}, {"start": 26, "end": 40, "username": "UNHumanRights", "id": "69231187"}]}, "in_reply_to_user_id": "807003567605227520", "text": "@realamberheard @UN_Women @UNHumanRights You are so inspirational...\ud83d\ude0d", "author_id": "1081027048859037696", "public_metrics": {"retweet_count": 0, "reply_count": 0, "like_count": 1, "quote_count": 0}, "replied_tweet": {"created_at": "2019-02-07T13:50:46.000Z", "source": "Twitter for iPhone", "referenced_tweets": [{"type": "quoted", "id": "1092023644681732096"}], "entities": {"hashtags": [{"start": 212, "end": 219, "tag": "EndFGM"}, {"start": 226, "end": 246, "tag": "StandUp4HumanRights"}], "urls": [{"start": 272, "end": 295, "url": "https://t.co/lUE1zcIZpQ", "expanded_url": "https://twitter.com/UN_Women/status/1092023644681732096", "display_url": "twitter.com/UN_Women/statu\u2026"}], "mentions": [{"start": 247, "end": 256, "username": "UN_Women", "id": "17137628"}, {"start": 257, "end": 271, "username": "UNHumanRights", "id": "69231187"}]}, "lang": "en", "id": "1093507361841561602", "text": "Dont speak out 4 women &amp; girls- speak out 4 humanity. This gruesome &amp; barbaric form of torture robs ALL of some of our most basic human rights- our body, liberty &amp; dignity. We should all be calling 2 #EndFGM &amp; #StandUp4HumanRights @UN_Women @UNHumanRights https://t.co/lUE1zcIZpQ", "author_id": "807003567605227520", "public_metrics": {"retweet_count": 106, "reply_count": 18, "like_count": 614, "quote_count": 3}, "author": {"url": "https://t.co/Ze18Ek9SOI", "username": "realamberheard", "description": "Actor and Activist, semi-professional disruptor, ice cream advocate and shameless teacup yorkie-lover", "id": "807003567605227520", "location": "Los Angeles, CA", "profile_image_url": "https://pbs.twimg.com/profile_images/1383196364792680448/N8CdupEu_normal.jpg", "created_at": "2016-12-08T23:26:58.000Z", "public_metrics": {"followers_count": 190464, "following_count": 220, "tweet_count": 1151, "listed_count": 568}, "name": "Amber Heard"}}, "author": {"url": "", "username": "iconRohan", "description": "I'm not perfect but I am limited edition\ud83d\ude0e\ud83d\ude0e", "id": "1081027048859037696", "location": "Kolkata, India", "profile_image_url": "https://pbs.twimg.com/profile_images/1356247252252037123/KbiTKBUv_normal.jpg", "created_at": "2019-01-04T03:18:27.000Z", "public_metrics": {"followers_count": 8, "following_count": 91, "tweet_count": 447, "listed_count": 0}, "name": "Rohan Chatterjee"}}, {"created_at": "2019-02-07T13:53:57.000Z", "source": "Twitter for Android", "referenced_tweets": [{"type": "replied_to", "id": "1093507838582947842"}], "lang": "und", "id": "1093508164761411584", "entities": {"mentions": [{"start": 0, "end": 15, "username": "realamberheard", "id": "807003567605227520"}, {"start": 16, "end": 25, "username": "UN_Women", "id": "17137628"}, {"start": 26, "end": 40, "username": "UNHumanRights", "id": "69231187"}]}, "in_reply_to_user_id": "1096366964", "text": "@realamberheard @UN_Women @UNHumanRights FGM********", "author_id": "1096366964", "public_metrics": {"retweet_count": 0, "reply_count": 0, "like_count": 0, "quote_count": 0}, "replied_tweet": {"created_at": "2019-02-07T13:50:46.000Z", "source": "Twitter for iPhone", "referenced_tweets": [{"type": "quoted", "id": "1092023644681732096"}], "entities": {"hashtags": [{"start": 212, "end": 219, "tag": "EndFGM"}, {"start": 226, "end": 246, "tag": "StandUp4HumanRights"}], "urls": [{"start": 272, "end": 295, "url": "https://t.co/lUE1zcIZpQ", "expanded_url": "https://twitter.com/UN_Women/status/1092023644681732096", "display_url": "twitter.com/UN_Women/statu\u2026"}], "mentions": [{"start": 247, "end": 256, "username": "UN_Women", "id": "17137628"}, {"start": 257, "end": 271, "username": "UNHumanRights", "id": "69231187"}]}, "lang": "en", "id": "1093507361841561602", "text": "Dont speak out 4 women &amp; girls- speak out 4 humanity. This gruesome &amp; barbaric form of torture robs ALL of some of our most basic human rights- our body, liberty &amp; dignity. We should all be calling 2 #EndFGM &amp; #StandUp4HumanRights @UN_Women @UNHumanRights https://t.co/lUE1zcIZpQ", "author_id": "807003567605227520", "public_metrics": {"retweet_count": 106, "reply_count": 18, "like_count": 614, "quote_count": 3}, "author": {"url": "https://t.co/Ze18Ek9SOI", "username": "realamberheard", "description": "Actor and Activist, semi-professional disruptor, ice cream advocate and shameless teacup yorkie-lover", "id": "807003567605227520", "location": "Los Angeles, CA", "profile_image_url": "https://pbs.twimg.com/profile_images/1383196364792680448/N8CdupEu_normal.jpg", "created_at": "2016-12-08T23:26:58.000Z", "public_metrics": {"followers_count": 190464, "following_count": 220, "tweet_count": 1151, "listed_count": 568}, "name": "Amber Heard"}}, "author": {"url": "", "username": "legomaiemfasi", "description": "crying inside/demotivated", "id": "1096366964", "location": "\ud83e\udd8b\ud83e\udd96", "profile_image_url": "https://pbs.twimg.com/profile_images/1380495128813535235/FEYfnPyI_normal.jpg", "created_at": "2013-01-16T21:09:58.000Z", "public_metrics": {"followers_count": 172, "following_count": 68, "tweet_count": 10015, "listed_count": 0}, "name": "dorito"}}, {"created_at": "2019-02-07T13:52:39.000Z", "source": "Twitter for Android", "referenced_tweets": [{"type": "replied_to", "id": "1093507361841561602"}], "lang": "en", "id": "1093507838582947842", "entities": {"mentions": [{"start": 0, "end": 15, "username": "realamberheard", "id": "807003567605227520"}, {"start": 16, "end": 25, "username": "UN_Women", "id": "17137628"}, {"start": 26, "end": 40, "username": "UNHumanRights", "id": "69231187"}]}, "in_reply_to_user_id": "807003567605227520", "text": "@realamberheard @UN_Women @UNHumanRights It is barbaric but it's crucial to speak for women and girls as they are the group the FGMB applies to", "author_id": "1096366964", "public_metrics": {"retweet_count": 0, "reply_count": 1, "like_count": 1, "quote_count": 0}, "replied_tweet": {"created_at": "2019-02-07T13:50:46.000Z", "source": "Twitter for iPhone", "referenced_tweets": [{"type": "quoted", "id": "1092023644681732096"}], "entities": {"hashtags": [{"start": 212, "end": 219, "tag": "EndFGM"}, {"start": 226, "end": 246, "tag": "StandUp4HumanRights"}], "urls": [{"start": 272, "end": 295, "url": "https://t.co/lUE1zcIZpQ", "expanded_url": "https://twitter.com/UN_Women/status/1092023644681732096", "display_url": "twitter.com/UN_Women/statu\u2026"}], "mentions": [{"start": 247, "end": 256, "username": "UN_Women", "id": "17137628"}, {"start": 257, "end": 271, "username": "UNHumanRights", "id": "69231187"}]}, "lang": "en", "id": "1093507361841561602", "text": "Dont speak out 4 women &amp; girls- speak out 4 humanity. This gruesome &amp; barbaric form of torture robs ALL of some of our most basic human rights- our body, liberty &amp; dignity. We should all be calling 2 #EndFGM &amp; #StandUp4HumanRights @UN_Women @UNHumanRights https://t.co/lUE1zcIZpQ", "author_id": "807003567605227520", "public_metrics": {"retweet_count": 106, "reply_count": 18, "like_count": 614, "quote_count": 3}, "author": {"url": "https://t.co/Ze18Ek9SOI", "username": "realamberheard", "description": "Actor and Activist, semi-professional disruptor, ice cream advocate and shameless teacup yorkie-lover", "id": "807003567605227520", "location": "Los Angeles, CA", "profile_image_url": "https://pbs.twimg.com/profile_images/1383196364792680448/N8CdupEu_normal.jpg", "created_at": "2016-12-08T23:26:58.000Z", "public_metrics": {"followers_count": 190464, "following_count": 220, "tweet_count": 1151, "listed_count": 568}, "name": "Amber Heard"}}, "author": {"url": "", "username": "legomaiemfasi", "description": "crying inside/demotivated", "id": "1096366964", "location": "\ud83e\udd8b\ud83e\udd96", "profile_image_url": "https://pbs.twimg.com/profile_images/1380495128813535235/FEYfnPyI_normal.jpg", "created_at": "2013-01-16T21:09:58.000Z", "public_metrics": {"followers_count": 172, "following_count": 68, "tweet_count": 10015, "listed_count": 0}, "name": "dorito"}}]