[{"source": "Twitter Web Client", "text": "@realamberheard @marieclaireuk @SalesforceUK @unitednations Online child pornography awareness. Because it is non-existent on social media. IT IS For free--&gt;  because why isn't it? YOUR THOUGHTS PLEASE   https://yourthoughtsandideasplease.wordpress .com/ https://t.co/eJhvyIzdgv", "lang": "en", "created_at": "2019-04-19T09:35:30.000Z", "entities": {"mentions": [{"start": 0, "end": 15, "username": "realamberheard", "id": "807003567605227520"}, {"start": 16, "end": 30, "username": "marieclaireuk", "id": "15735744"}, {"start": 31, "end": 44, "username": "SalesforceUK", "id": "1016244928945541120"}, {"start": 45, "end": 59, "username": "unitednations", "id": "14998923"}], "urls": [{"start": 258, "end": 281, "url": "https://t.co/eJhvyIzdgv", "expanded_url": "https://twitter.com/MastersInTrans1/status/1119172663891693569/photo/1", "display_url": "pic.twitter.com/eJhvyIzdgv"}]}, "in_reply_to_user_id": "807003567605227520", "public_metrics": {"retweet_count": 0, "reply_count": 0, "like_count": 0, "quote_count": 0}, "author_id": "1100861512468566021", "referenced_tweets": [{"type": "replied_to", "id": "1103960944525230080"}], "id": "1119172663891693569", "replied_tweet": {"source": "Twitter for iPhone", "text": "We\u2019re greater when we\u2019re equal #IWD @marieclaireuk @salesforceuk @unitednations https://t.co/Jf1t7Z5r70", "lang": "en", "created_at": "2019-03-08T10:09:34.000Z", "entities": {"mentions": [{"start": 36, "end": 50, "username": "marieclaireuk", "id": "15735744"}, {"start": 51, "end": 64, "username": "SalesforceUK", "id": "1016244928945541120"}, {"start": 65, "end": 79, "username": "unitednations", "id": "14998923"}], "urls": [{"start": 80, "end": 103, "url": "https://t.co/Jf1t7Z5r70", "expanded_url": "https://twitter.com/realamberheard/status/1103960944525230080/photo/1", "display_url": "pic.twitter.com/Jf1t7Z5r70"}], "hashtags": [{"start": 31, "end": 35, "tag": "IWD"}]}, "public_metrics": {"retweet_count": 157, "reply_count": 31, "like_count": 1240, "quote_count": 21}, "author_id": "807003567605227520", "id": "1103960944525230080", "author": {"username": "realamberheard", "location": "Los Angeles, CA", "public_metrics": {"followers_count": 190464, "following_count": 220, "tweet_count": 1151, "listed_count": 568}, "name": "Amber Heard", "url": "https://t.co/Ze18Ek9SOI", "id": "807003567605227520", "created_at": "2016-12-08T23:26:58.000Z", "profile_image_url": "https://pbs.twimg.com/profile_images/1383196364792680448/N8CdupEu_normal.jpg", "description": "Actor and Activist, semi-professional disruptor, ice cream advocate and shameless teacup yorkie-lover"}}, "author": {"username": "MastersInTrans1", "public_metrics": {"followers_count": 85, "following_count": 840, "tweet_count": 2805, "listed_count": 0}, "name": "Masters In Transformation", "url": "https://t.co/WTVCQoDLUW", "id": "1100861512468566021", "created_at": "2019-02-27T20:53:32.000Z", "profile_image_url": "https://pbs.twimg.com/profile_images/1167913150512947200/bWpAKXKT_normal.jpg", "description": "WORLDS MOST SUCCESSFUL NO PROFIT NON PROFIT"}}, {"source": "Twitter Web App", "text": "@lynx666guit @realamberheard @marieclaireuk @SalesforceUK @unitednations 292 pages of evidence for #AmberHeard against #JohnnyDepp \n\nAmber should be EQUAL and deserves better \ud83d\udee1\ud83d\udee1\n\nhttps://t.co/DRQwujIkyo", "lang": "en", "entities": {"annotations": [{"start": 133, "end": 137, "probability": 0.7263, "type": "Person", "normalized_text": "Amber"}], "mentions": [{"start": 0, "end": 12, "username": "lynx666guit", "id": "616411209"}, {"start": 13, "end": 28, "username": "realamberheard", "id": "807003567605227520"}, {"start": 29, "end": 43, "username": "marieclaireuk", "id": "15735744"}, {"start": 44, "end": 57, "username": "SalesforceUK", "id": "1016244928945541120"}, {"start": 58, "end": 72, "username": "unitednations", "id": "14998923"}], "urls": [{"start": 179, "end": 202, "url": "https://t.co/DRQwujIkyo", "expanded_url": "https://www.documentcloud.org/documents/5835867-Amber-Heard-Motion-to-Dismiss.html#document/", "display_url": "documentcloud.org/documents/5835\u2026", "images": [{"url": "https://pbs.twimg.com/news_img/1506703957061685249/nElZja_s?format=jpg&name=orig", "width": 700, "height": 906}, {"url": "https://pbs.twimg.com/news_img/1506703957061685249/nElZja_s?format=jpg&name=150x150", "width": 150, "height": 150}], "status": 200, "title": "Amber Heard Motion to Dismiss", "unwound_url": "https://www.documentcloud.org/documents/5835867-Amber-Heard-Motion-to-Dismiss.html#document/"}], "hashtags": [{"start": 99, "end": 110, "tag": "AmberHeard"}, {"start": 119, "end": 130, "tag": "JohnnyDepp"}]}, "created_at": "2019-04-14T17:39:50.000Z", "in_reply_to_user_id": "616411209", "public_metrics": {"retweet_count": 0, "reply_count": 0, "like_count": 1, "quote_count": 0}, "author_id": "847762217546137600", "referenced_tweets": [{"type": "replied_to", "id": "1105223118749077504"}], "id": "1117482611046096896", "replied_tweet": {"source": "Twitter for iPhone", "text": "We\u2019re greater when we\u2019re equal #IWD @marieclaireuk @salesforceuk @unitednations https://t.co/Jf1t7Z5r70", "lang": "en", "created_at": "2019-03-08T10:09:34.000Z", "entities": {"mentions": [{"start": 36, "end": 50, "username": "marieclaireuk", "id": "15735744"}, {"start": 51, "end": 64, "username": "SalesforceUK", "id": "1016244928945541120"}, {"start": 65, "end": 79, "username": "unitednations", "id": "14998923"}], "urls": [{"start": 80, "end": 103, "url": "https://t.co/Jf1t7Z5r70", "expanded_url": "https://twitter.com/realamberheard/status/1103960944525230080/photo/1", "display_url": "pic.twitter.com/Jf1t7Z5r70"}], "hashtags": [{"start": 31, "end": 35, "tag": "IWD"}]}, "public_metrics": {"retweet_count": 157, "reply_count": 31, "like_count": 1240, "quote_count": 21}, "author_id": "807003567605227520", "id": "1103960944525230080", "author": {"username": "realamberheard", "location": "Los Angeles, CA", "public_metrics": {"followers_count": 190464, "following_count": 220, "tweet_count": 1151, "listed_count": 568}, "name": "Amber Heard", "url": "https://t.co/Ze18Ek9SOI", "id": "807003567605227520", "created_at": "2016-12-08T23:26:58.000Z", "profile_image_url": "https://pbs.twimg.com/profile_images/1383196364792680448/N8CdupEu_normal.jpg", "description": "Actor and Activist, semi-professional disruptor, ice cream advocate and shameless teacup yorkie-lover"}}, "author": {"username": "XTinaTaft", "location": "Worldie.com & International \ud83d\ude80", "public_metrics": {"followers_count": 2649, "following_count": 4555, "tweet_count": 32729, "listed_count": 21}, "name": "Christina Taft \ud83e\uddecCEO\ud83c\udfd6\ud83c\udfb6\u2708\ufe0f", "url": "https://t.co/7SykGO7PSU", "id": "847762217546137600", "created_at": "2017-03-31T10:47:18.000Z", "profile_image_url": "https://pbs.twimg.com/profile_images/1180185247884824576/3Zvt_F6Y_normal.jpg", "description": "#Founder Social Media for Good ~ https://t.co/7SykGO7PSU\ud83d\ude80Better World #CEO\u2708Innovator\ud83c\udf89#Egalitarian\ud83c\udfb8#Entrepreneur\ud83d\udc2c#Tech\ud83c\udfd6#Futurist\ud83d\udca1#Motivationology\u2600\ufe0f#Data\ud83e\udde1#WomenInPower"}}, {"source": "Twitter for iPhone", "text": "@realamberheard @marieclaireuk @SalesforceUK @unitednations 87.", "lang": "und", "created_at": "2019-03-19T20:26:11.000Z", "entities": {"mentions": [{"start": 0, "end": 15, "username": "realamberheard", "id": "807003567605227520"}, {"start": 16, "end": 30, "username": "marieclaireuk", "id": "15735744"}, {"start": 31, "end": 44, "username": "SalesforceUK", "id": "1016244928945541120"}, {"start": 45, "end": 59, "username": "unitednations", "id": "14998923"}]}, "in_reply_to_user_id": "807003567605227520", "public_metrics": {"retweet_count": 0, "reply_count": 0, "like_count": 0, "quote_count": 0}, "author_id": "50077766", "referenced_tweets": [{"type": "replied_to", "id": "1103960944525230080"}], "id": "1108102389666668545", "replied_tweet": {"source": "Twitter for iPhone", "text": "We\u2019re greater when we\u2019re equal #IWD @marieclaireuk @salesforceuk @unitednations https://t.co/Jf1t7Z5r70", "lang": "en", "created_at": "2019-03-08T10:09:34.000Z", "entities": {"mentions": [{"start": 36, "end": 50, "username": "marieclaireuk", "id": "15735744"}, {"start": 51, "end": 64, "username": "SalesforceUK", "id": "1016244928945541120"}, {"start": 65, "end": 79, "username": "unitednations", "id": "14998923"}], "urls": [{"start": 80, "end": 103, "url": "https://t.co/Jf1t7Z5r70", "expanded_url": "https://twitter.com/realamberheard/status/1103960944525230080/photo/1", "display_url": "pic.twitter.com/Jf1t7Z5r70"}], "hashtags": [{"start": 31, "end": 35, "tag": "IWD"}]}, "public_metrics": {"retweet_count": 157, "reply_count": 31, "like_count": 1240, "quote_count": 21}, "author_id": "807003567605227520", "id": "1103960944525230080", "author": {"username": "realamberheard", "location": "Los Angeles, CA", "public_metrics": {"followers_count": 190464, "following_count": 220, "tweet_count": 1151, "listed_count": 568}, "name": "Amber Heard", "url": "https://t.co/Ze18Ek9SOI", "id": "807003567605227520", "created_at": "2016-12-08T23:26:58.000Z", "profile_image_url": "https://pbs.twimg.com/profile_images/1383196364792680448/N8CdupEu_normal.jpg", "description": "Actor and Activist, semi-professional disruptor, ice cream advocate and shameless teacup yorkie-lover"}}, "author": {"username": "EDA__81", "location": "Houston ", "public_metrics": {"followers_count": 526, "following_count": 1700, "tweet_count": 5945, "listed_count": 10}, "name": "Soul House", "url": "https://t.co/1oe2hqpkTv", "id": "50077766", "created_at": "2009-06-23T19:41:07.000Z", "profile_image_url": "https://pbs.twimg.com/profile_images/1317901740751159296/VJ_Prm6g_normal.jpg", "description": "Soul Reader, Intuitive Healer.\nArtist & Designer."}}, {"source": "Twitter for iPhone", "text": "@realamberheard @marieclaireuk @SalesforceUK @unitednations Is you being sarcastic? Because https://t.co/vQ5FRe5iQ7", "lang": "en", "created_at": "2019-03-18T08:29:46.000Z", "entities": {"mentions": [{"start": 0, "end": 15, "username": "realamberheard", "id": "807003567605227520"}, {"start": 16, "end": 30, "username": "marieclaireuk", "id": "15735744"}, {"start": 31, "end": 44, "username": "SalesforceUK", "id": "1016244928945541120"}, {"start": 45, "end": 59, "username": "unitednations", "id": "14998923"}], "urls": [{"start": 92, "end": 115, "url": "https://t.co/vQ5FRe5iQ7", "expanded_url": "https://twitter.com/hellafreakygal/status/1107559709408677888/photo/1", "display_url": "pic.twitter.com/vQ5FRe5iQ7"}]}, "in_reply_to_user_id": "807003567605227520", "public_metrics": {"retweet_count": 0, "reply_count": 0, "like_count": 1, "quote_count": 0}, "author_id": "1104108973823852544", "referenced_tweets": [{"type": "replied_to", "id": "1103960944525230080"}], "id": "1107559709408677888", "replied_tweet": {"source": "Twitter for iPhone", "text": "We\u2019re greater when we\u2019re equal #IWD @marieclaireuk @salesforceuk @unitednations https://t.co/Jf1t7Z5r70", "lang": "en", "created_at": "2019-03-08T10:09:34.000Z", "entities": {"mentions": [{"start": 36, "end": 50, "username": "marieclaireuk", "id": "15735744"}, {"start": 51, "end": 64, "username": "SalesforceUK", "id": "1016244928945541120"}, {"start": 65, "end": 79, "username": "unitednations", "id": "14998923"}], "urls": [{"start": 80, "end": 103, "url": "https://t.co/Jf1t7Z5r70", "expanded_url": "https://twitter.com/realamberheard/status/1103960944525230080/photo/1", "display_url": "pic.twitter.com/Jf1t7Z5r70"}], "hashtags": [{"start": 31, "end": 35, "tag": "IWD"}]}, "public_metrics": {"retweet_count": 157, "reply_count": 31, "like_count": 1240, "quote_count": 21}, "author_id": "807003567605227520", "id": "1103960944525230080", "author": {"username": "realamberheard", "location": "Los Angeles, CA", "public_metrics": {"followers_count": 190464, "following_count": 220, "tweet_count": 1151, "listed_count": 568}, "name": "Amber Heard", "url": "https://t.co/Ze18Ek9SOI", "id": "807003567605227520", "created_at": "2016-12-08T23:26:58.000Z", "profile_image_url": "https://pbs.twimg.com/profile_images/1383196364792680448/N8CdupEu_normal.jpg", "description": "Actor and Activist, semi-professional disruptor, ice cream advocate and shameless teacup yorkie-lover"}}, "author": {"username": "hellafreakygal", "public_metrics": {"followers_count": 263, "following_count": 107, "tweet_count": 680, "listed_count": 0}, "name": "IG: Sanskari Babygirl", "url": "", "id": "1104108973823852544", "created_at": "2019-03-08T19:57:47.000Z", "profile_image_url": "https://pbs.twimg.com/profile_images/1352692964200427524/3OusMgjO_normal.jpg", "description": "fk you hehe"}}, {"source": "Twitter for Android", "text": "@realamberheard @marieclaireuk @SalesforceUK @unitednations #psycho #ShameAmber", "lang": "und", "created_at": "2019-03-16T12:34:57.000Z", "entities": {"mentions": [{"start": 0, "end": 15, "username": "realamberheard", "id": "807003567605227520"}, {"start": 16, "end": 30, "username": "marieclaireuk", "id": "15735744"}, {"start": 31, "end": 44, "username": "SalesforceUK", "id": "1016244928945541120"}, {"start": 45, "end": 59, "username": "unitednations", "id": "14998923"}], "hashtags": [{"start": 60, "end": 67, "tag": "psycho"}, {"start": 68, "end": 79, "tag": "ShameAmber"}]}, "in_reply_to_user_id": "807003567605227520", "public_metrics": {"retweet_count": 0, "reply_count": 0, "like_count": 0, "quote_count": 0}, "author_id": "601487076", "referenced_tweets": [{"type": "replied_to", "id": "1103960944525230080"}], "id": "1106896632736436229", "replied_tweet": {"source": "Twitter for iPhone", "text": "We\u2019re greater when we\u2019re equal #IWD @marieclaireuk @salesforceuk @unitednations https://t.co/Jf1t7Z5r70", "lang": "en", "created_at": "2019-03-08T10:09:34.000Z", "entities": {"mentions": [{"start": 36, "end": 50, "username": "marieclaireuk", "id": "15735744"}, {"start": 51, "end": 64, "username": "SalesforceUK", "id": "1016244928945541120"}, {"start": 65, "end": 79, "username": "unitednations", "id": "14998923"}], "urls": [{"start": 80, "end": 103, "url": "https://t.co/Jf1t7Z5r70", "expanded_url": "https://twitter.com/realamberheard/status/1103960944525230080/photo/1", "display_url": "pic.twitter.com/Jf1t7Z5r70"}], "hashtags": [{"start": 31, "end": 35, "tag": "IWD"}]}, "public_metrics": {"retweet_count": 157, "reply_count": 31, "like_count": 1240, "quote_count": 21}, "author_id": "807003567605227520", "id": "1103960944525230080", "author": {"username": "realamberheard", "location": "Los Angeles, CA", "public_metrics": {"followers_count": 190464, "following_count": 220, "tweet_count": 1151, "listed_count": 568}, "name": "Amber Heard", "url": "https://t.co/Ze18Ek9SOI", "id": "807003567605227520", "created_at": "2016-12-08T23:26:58.000Z", "profile_image_url": "https://pbs.twimg.com/profile_images/1383196364792680448/N8CdupEu_normal.jpg", "description": "Actor and Activist, semi-professional disruptor, ice cream advocate and shameless teacup yorkie-lover"}}, "author": {"username": "PancakePartiez", "public_metrics": {"followers_count": 5, "following_count": 17, "tweet_count": 108, "listed_count": 0}, "name": "Pancake Parties", "url": "", "id": "601487076", "created_at": "2012-06-07T00:18:17.000Z", "profile_image_url": "https://pbs.twimg.com/profile_images/1078866291123879938/XvH6SEa__normal.jpg", "description": "Just farming"}}, {"source": "Twitter Web Client", "text": "@realamberheard @marieclaireuk @SalesforceUK @unitednations Say that to Johnny Depp #JusticeForJohnnyDepp", "lang": "en", "entities": {"annotations": [{"start": 72, "end": 82, "probability": 0.9903, "type": "Person", "normalized_text": "Johnny Depp"}], "mentions": [{"start": 0, "end": 15, "username": "realamberheard", "id": "807003567605227520"}, {"start": 16, "end": 30, "username": "marieclaireuk", "id": "15735744"}, {"start": 31, "end": 44, "username": "SalesforceUK", "id": "1016244928945541120"}, {"start": 45, "end": 59, "username": "unitednations", "id": "14998923"}], "hashtags": [{"start": 84, "end": 105, "tag": "JusticeForJohnnyDepp"}]}, "created_at": "2019-03-15T07:28:53.000Z", "in_reply_to_user_id": "807003567605227520", "public_metrics": {"retweet_count": 0, "reply_count": 0, "like_count": 0, "quote_count": 0}, "author_id": "2197259222", "referenced_tweets": [{"type": "replied_to", "id": "1103960944525230080"}], "id": "1106457221515350016", "replied_tweet": {"source": "Twitter for iPhone", "text": "We\u2019re greater when we\u2019re equal #IWD @marieclaireuk @salesforceuk @unitednations https://t.co/Jf1t7Z5r70", "lang": "en", "created_at": "2019-03-08T10:09:34.000Z", "entities": {"mentions": [{"start": 36, "end": 50, "username": "marieclaireuk", "id": "15735744"}, {"start": 51, "end": 64, "username": "SalesforceUK", "id": "1016244928945541120"}, {"start": 65, "end": 79, "username": "unitednations", "id": "14998923"}], "urls": [{"start": 80, "end": 103, "url": "https://t.co/Jf1t7Z5r70", "expanded_url": "https://twitter.com/realamberheard/status/1103960944525230080/photo/1", "display_url": "pic.twitter.com/Jf1t7Z5r70"}], "hashtags": [{"start": 31, "end": 35, "tag": "IWD"}]}, "public_metrics": {"retweet_count": 157, "reply_count": 31, "like_count": 1240, "quote_count": 21}, "author_id": "807003567605227520", "id": "1103960944525230080", "author": {"username": "realamberheard", "location": "Los Angeles, CA", "public_metrics": {"followers_count": 190464, "following_count": 220, "tweet_count": 1151, "listed_count": 568}, "name": "Amber Heard", "url": "https://t.co/Ze18Ek9SOI", "id": "807003567605227520", "created_at": "2016-12-08T23:26:58.000Z", "profile_image_url": "https://pbs.twimg.com/profile_images/1383196364792680448/N8CdupEu_normal.jpg", "description": "Actor and Activist, semi-professional disruptor, ice cream advocate and shameless teacup yorkie-lover"}}, "author": {"username": "CVDasher", "location": "Denmark", "public_metrics": {"followers_count": 3, "following_count": 1, "tweet_count": 35, "listed_count": 0}, "name": "CV Dash", "url": "", "id": "2197259222", "created_at": "2013-11-16T07:05:07.000Z", "profile_image_url": "https://pbs.twimg.com/profile_images/1283556053658021889/vXUajk3y_normal.jpg", "description": "I create synthwave music, am an unprofessional gamer and I like giving my opinion on things (also thought the nae nae song was made by Soulja Boy, send help)"}}, {"source": "Twitter for iPhone", "text": "@UkDeppheads @realamberheard @marieclaireuk @SalesforceUK @unitednations https://t.co/K2PPeXZ8qC", "lang": "und", "created_at": "2019-03-14T17:44:30.000Z", "entities": {"mentions": [{"start": 0, "end": 12, "username": "UkDeppheads", "id": "1015995624863555584"}, {"start": 13, "end": 28, "username": "realamberheard", "id": "807003567605227520"}, {"start": 29, "end": 43, "username": "marieclaireuk", "id": "15735744"}, {"start": 44, "end": 57, "username": "SalesforceUK", "id": "1016244928945541120"}, {"start": 58, "end": 72, "username": "unitednations", "id": "14998923"}], "urls": [{"start": 73, "end": 96, "url": "https://t.co/K2PPeXZ8qC", "expanded_url": "https://www.courthousenews.com/wp-content/uploads/2019/03/DeppHeard.pdf", "display_url": "courthousenews.com/wp-content/upl\u2026"}]}, "in_reply_to_user_id": "1015995624863555584", "public_metrics": {"retweet_count": 0, "reply_count": 0, "like_count": 0, "quote_count": 0}, "author_id": "3593987482", "referenced_tweets": [{"type": "replied_to", "id": "1104084406187245568"}], "id": "1106249759449407489", "replied_tweet": {"source": "Twitter for iPhone", "text": "We\u2019re greater when we\u2019re equal #IWD @marieclaireuk @salesforceuk @unitednations https://t.co/Jf1t7Z5r70", "lang": "en", "created_at": "2019-03-08T10:09:34.000Z", "entities": {"mentions": [{"start": 36, "end": 50, "username": "marieclaireuk", "id": "15735744"}, {"start": 51, "end": 64, "username": "SalesforceUK", "id": "1016244928945541120"}, {"start": 65, "end": 79, "username": "unitednations", "id": "14998923"}], "urls": [{"start": 80, "end": 103, "url": "https://t.co/Jf1t7Z5r70", "expanded_url": "https://twitter.com/realamberheard/status/1103960944525230080/photo/1", "display_url": "pic.twitter.com/Jf1t7Z5r70"}], "hashtags": [{"start": 31, "end": 35, "tag": "IWD"}]}, "public_metrics": {"retweet_count": 157, "reply_count": 31, "like_count": 1240, "quote_count": 21}, "author_id": "807003567605227520", "id": "1103960944525230080", "author": {"username": "realamberheard", "location": "Los Angeles, CA", "public_metrics": {"followers_count": 190464, "following_count": 220, "tweet_count": 1151, "listed_count": 568}, "name": "Amber Heard", "url": "https://t.co/Ze18Ek9SOI", "id": "807003567605227520", "created_at": "2016-12-08T23:26:58.000Z", "profile_image_url": "https://pbs.twimg.com/profile_images/1383196364792680448/N8CdupEu_normal.jpg", "description": "Actor and Activist, semi-professional disruptor, ice cream advocate and shameless teacup yorkie-lover"}}, "author": {"username": "healermakika", "public_metrics": {"followers_count": 41, "following_count": 277, "tweet_count": 1227, "listed_count": 0}, "name": "Rachael Carlson", "url": "", "id": "3593987482", "created_at": "2015-09-09T02:42:28.000Z", "profile_image_url": "https://pbs.twimg.com/profile_images/1176562700815671297/uVM0gjQN_normal.jpg", "description": "science lover, artist, memes, gamer, nerd"}}, {"source": "Twitter for iPhone", "text": "@realamberheard @marieclaireuk @SalesforceUK @unitednations You\u2019re equal to criminals and psychopaths    https://t.co/K2PPeXZ8qC.", "lang": "en", "created_at": "2019-03-14T17:44:07.000Z", "entities": {"mentions": [{"start": 0, "end": 15, "username": "realamberheard", "id": "807003567605227520"}, {"start": 16, "end": 30, "username": "marieclaireuk", "id": "15735744"}, {"start": 31, "end": 44, "username": "SalesforceUK", "id": "1016244928945541120"}, {"start": 45, "end": 59, "username": "unitednations", "id": "14998923"}], "urls": [{"start": 105, "end": 128, "url": "https://t.co/K2PPeXZ8qC", "expanded_url": "https://www.courthousenews.com/wp-content/uploads/2019/03/DeppHeard.pdf", "display_url": "courthousenews.com/wp-content/upl\u2026"}]}, "in_reply_to_user_id": "807003567605227520", "public_metrics": {"retweet_count": 0, "reply_count": 0, "like_count": 0, "quote_count": 0}, "author_id": "3593987482", "referenced_tweets": [{"type": "replied_to", "id": "1103960944525230080"}], "id": "1106249662489657349", "replied_tweet": {"source": "Twitter for iPhone", "text": "We\u2019re greater when we\u2019re equal #IWD @marieclaireuk @salesforceuk @unitednations https://t.co/Jf1t7Z5r70", "lang": "en", "created_at": "2019-03-08T10:09:34.000Z", "entities": {"mentions": [{"start": 36, "end": 50, "username": "marieclaireuk", "id": "15735744"}, {"start": 51, "end": 64, "username": "SalesforceUK", "id": "1016244928945541120"}, {"start": 65, "end": 79, "username": "unitednations", "id": "14998923"}], "urls": [{"start": 80, "end": 103, "url": "https://t.co/Jf1t7Z5r70", "expanded_url": "https://twitter.com/realamberheard/status/1103960944525230080/photo/1", "display_url": "pic.twitter.com/Jf1t7Z5r70"}], "hashtags": [{"start": 31, "end": 35, "tag": "IWD"}]}, "public_metrics": {"retweet_count": 157, "reply_count": 31, "like_count": 1240, "quote_count": 21}, "author_id": "807003567605227520", "id": "1103960944525230080", "author": {"username": "realamberheard", "location": "Los Angeles, CA", "public_metrics": {"followers_count": 190464, "following_count": 220, "tweet_count": 1151, "listed_count": 568}, "name": "Amber Heard", "url": "https://t.co/Ze18Ek9SOI", "id": "807003567605227520", "created_at": "2016-12-08T23:26:58.000Z", "profile_image_url": "https://pbs.twimg.com/profile_images/1383196364792680448/N8CdupEu_normal.jpg", "description": "Actor and Activist, semi-professional disruptor, ice cream advocate and shameless teacup yorkie-lover"}}, "author": {"username": "healermakika", "public_metrics": {"followers_count": 41, "following_count": 277, "tweet_count": 1227, "listed_count": 0}, "name": "Rachael Carlson", "url": "", "id": "3593987482", "created_at": "2015-09-09T02:42:28.000Z", "profile_image_url": "https://pbs.twimg.com/profile_images/1176562700815671297/uVM0gjQN_normal.jpg", "description": "science lover, artist, memes, gamer, nerd"}}, {"source": "Twitter for iPhone", "text": "@realamberheard @marieclaireuk @SalesforceUK @unitednations Oh boy count me out from equality then if it means I have to be equal to an abuser and a Liar", "lang": "en", "created_at": "2019-03-13T13:50:19.000Z", "entities": {"mentions": [{"start": 0, "end": 15, "username": "realamberheard", "id": "807003567605227520"}, {"start": 16, "end": 30, "username": "marieclaireuk", "id": "15735744"}, {"start": 31, "end": 44, "username": "SalesforceUK", "id": "1016244928945541120"}, {"start": 45, "end": 59, "username": "unitednations", "id": "14998923"}]}, "in_reply_to_user_id": "807003567605227520", "public_metrics": {"retweet_count": 0, "reply_count": 0, "like_count": 3, "quote_count": 0}, "author_id": "2403137286", "referenced_tweets": [{"type": "replied_to", "id": "1103960944525230080"}], "id": "1105828438127112193", "replied_tweet": {"source": "Twitter for iPhone", "text": "We\u2019re greater when we\u2019re equal #IWD @marieclaireuk @salesforceuk @unitednations https://t.co/Jf1t7Z5r70", "lang": "en", "created_at": "2019-03-08T10:09:34.000Z", "entities": {"mentions": [{"start": 36, "end": 50, "username": "marieclaireuk", "id": "15735744"}, {"start": 51, "end": 64, "username": "SalesforceUK", "id": "1016244928945541120"}, {"start": 65, "end": 79, "username": "unitednations", "id": "14998923"}], "urls": [{"start": 80, "end": 103, "url": "https://t.co/Jf1t7Z5r70", "expanded_url": "https://twitter.com/realamberheard/status/1103960944525230080/photo/1", "display_url": "pic.twitter.com/Jf1t7Z5r70"}], "hashtags": [{"start": 31, "end": 35, "tag": "IWD"}]}, "public_metrics": {"retweet_count": 157, "reply_count": 31, "like_count": 1240, "quote_count": 21}, "author_id": "807003567605227520", "id": "1103960944525230080", "author": {"username": "realamberheard", "location": "Los Angeles, CA", "public_metrics": {"followers_count": 190464, "following_count": 220, "tweet_count": 1151, "listed_count": 568}, "name": "Amber Heard", "url": "https://t.co/Ze18Ek9SOI", "id": "807003567605227520", "created_at": "2016-12-08T23:26:58.000Z", "profile_image_url": "https://pbs.twimg.com/profile_images/1383196364792680448/N8CdupEu_normal.jpg", "description": "Actor and Activist, semi-professional disruptor, ice cream advocate and shameless teacup yorkie-lover"}}, "author": {"username": "LeoDixon1969", "location": "Depression land ", "public_metrics": {"followers_count": 449, "following_count": 599, "tweet_count": 4801, "listed_count": 0}, "name": "\ud83c\udf08\ud83c\udf38Leo Dixon\u2728\ud83e\udd84", "url": "", "id": "2403137286", "created_at": "2014-03-22T11:31:02.000Z", "profile_image_url": "https://pbs.twimg.com/profile_images/1314628003658428418/kTT1wN7J_normal.jpg", "description": "#WANGXIAN IS MY NEW RELIGION FUCKING FIGHT ME \nWEN NING IS MY BABY AND I WILL FUCKING KILL FOR HIM\n nie Mingjue and lan XiChen can bend me over anytime \ud83d\udc49\ud83c\udffb\u2728\ud83d\udc48"}}, {"source": "Twitter Web Client", "text": "@realamberheard @marieclaireuk @SalesforceUK @unitednations How can you be equal to what when you don't know who you are?Falsify docs that could have gottent your dogs put to sleep. Launched a campaign supported by pictures you are too guilty to include pictures data of time place taken. FACE OF LIES!", "lang": "en", "created_at": "2019-03-11T21:45:00.000Z", "entities": {"mentions": [{"start": 0, "end": 15, "username": "realamberheard", "id": "807003567605227520"}, {"start": 16, "end": 30, "username": "marieclaireuk", "id": "15735744"}, {"start": 31, "end": 44, "username": "SalesforceUK", "id": "1016244928945541120"}, {"start": 45, "end": 59, "username": "unitednations", "id": "14998923"}]}, "in_reply_to_user_id": "807003567605227520", "public_metrics": {"retweet_count": 0, "reply_count": 1, "like_count": 14, "quote_count": 0}, "author_id": "616411209", "referenced_tweets": [{"type": "replied_to", "id": "1103960944525230080"}], "id": "1105223118749077504", "replied_tweet": {"source": "Twitter for iPhone", "text": "We\u2019re greater when we\u2019re equal #IWD @marieclaireuk @salesforceuk @unitednations https://t.co/Jf1t7Z5r70", "lang": "en", "created_at": "2019-03-08T10:09:34.000Z", "entities": {"mentions": [{"start": 36, "end": 50, "username": "marieclaireuk", "id": "15735744"}, {"start": 51, "end": 64, "username": "SalesforceUK", "id": "1016244928945541120"}, {"start": 65, "end": 79, "username": "unitednations", "id": "14998923"}], "urls": [{"start": 80, "end": 103, "url": "https://t.co/Jf1t7Z5r70", "expanded_url": "https://twitter.com/realamberheard/status/1103960944525230080/photo/1", "display_url": "pic.twitter.com/Jf1t7Z5r70"}], "hashtags": [{"start": 31, "end": 35, "tag": "IWD"}]}, "public_metrics": {"retweet_count": 157, "reply_count": 31, "like_count": 1240, "quote_count": 21}, "author_id": "807003567605227520", "id": "1103960944525230080", "author": {"username": "realamberheard", "location": "Los Angeles, CA", "public_metrics": {"followers_count": 190464, "following_count": 220, "tweet_count": 1151, "listed_count": 568}, "name": "Amber Heard", "url": "https://t.co/Ze18Ek9SOI", "id": "807003567605227520", "created_at": "2016-12-08T23:26:58.000Z", "profile_image_url": "https://pbs.twimg.com/profile_images/1383196364792680448/N8CdupEu_normal.jpg", "description": "Actor and Activist, semi-professional disruptor, ice cream advocate and shameless teacup yorkie-lover"}}, "author": {"username": "lynx666guit", "location": "nyc", "public_metrics": {"followers_count": 3, "following_count": 27, "tweet_count": 224, "listed_count": 0}, "name": "lynx", "url": "", "id": "616411209", "created_at": "2012-06-23T18:06:39.000Z", "profile_image_url": "https://pbs.twimg.com/profile_images/1408383778364563456/y76WsZ9w_normal.jpg", "description": "time bomb, loose cannon"}}, {"source": "Twitter Web App", "text": "@realamberheard @marieclaireuk @SalesforceUK @unitednations #Stalkarazzi Nothing \u201cReal\u201d about #fakecelebs #fakebrands #fakemedia diverting #income and #Solutions via #facialrecognition #fakealgorithms #InTheStyle #Nobel nom #crooner #actress #supermodel #Cynthia Basinet, right #JackNicholson #EnoughIsEnough #misogyny! #IPaintFree", "lang": "en", "created_at": "2019-03-11T19:28:29.000Z", "entities": {"mentions": [{"start": 0, "end": 15, "username": "realamberheard", "id": "807003567605227520"}, {"start": 16, "end": 30, "username": "marieclaireuk", "id": "15735744"}, {"start": 31, "end": 44, "username": "SalesforceUK", "id": "1016244928945541120"}, {"start": 45, "end": 59, "username": "unitednations", "id": "14998923"}], "hashtags": [{"start": 60, "end": 72, "tag": "Stalkarazzi"}, {"start": 94, "end": 105, "tag": "fakecelebs"}, {"start": 106, "end": 117, "tag": "fakebrands"}, {"start": 118, "end": 128, "tag": "fakemedia"}, {"start": 139, "end": 146, "tag": "income"}, {"start": 151, "end": 161, "tag": "Solutions"}, {"start": 166, "end": 184, "tag": "facialrecognition"}, {"start": 185, "end": 200, "tag": "fakealgorithms"}, {"start": 201, "end": 212, "tag": "InTheStyle"}, {"start": 213, "end": 219, "tag": "Nobel"}, {"start": 224, "end": 232, "tag": "crooner"}, {"start": 233, "end": 241, "tag": "actress"}, {"start": 242, "end": 253, "tag": "supermodel"}, {"start": 254, "end": 262, "tag": "Cynthia"}, {"start": 278, "end": 292, "tag": "JackNicholson"}, {"start": 293, "end": 308, "tag": "EnoughIsEnough"}, {"start": 309, "end": 318, "tag": "misogyny"}, {"start": 320, "end": 331, "tag": "IPaintFree"}]}, "in_reply_to_user_id": "807003567605227520", "public_metrics": {"retweet_count": 0, "reply_count": 0, "like_count": 1, "quote_count": 0}, "author_id": "15664534", "referenced_tweets": [{"type": "replied_to", "id": "1103960944525230080"}], "id": "1105188762882134017", "replied_tweet": {"source": "Twitter for iPhone", "text": "We\u2019re greater when we\u2019re equal #IWD @marieclaireuk @salesforceuk @unitednations https://t.co/Jf1t7Z5r70", "lang": "en", "created_at": "2019-03-08T10:09:34.000Z", "entities": {"mentions": [{"start": 36, "end": 50, "username": "marieclaireuk", "id": "15735744"}, {"start": 51, "end": 64, "username": "SalesforceUK", "id": "1016244928945541120"}, {"start": 65, "end": 79, "username": "unitednations", "id": "14998923"}], "urls": [{"start": 80, "end": 103, "url": "https://t.co/Jf1t7Z5r70", "expanded_url": "https://twitter.com/realamberheard/status/1103960944525230080/photo/1", "display_url": "pic.twitter.com/Jf1t7Z5r70"}], "hashtags": [{"start": 31, "end": 35, "tag": "IWD"}]}, "public_metrics": {"retweet_count": 157, "reply_count": 31, "like_count": 1240, "quote_count": 21}, "author_id": "807003567605227520", "id": "1103960944525230080", "author": {"username": "realamberheard", "location": "Los Angeles, CA", "public_metrics": {"followers_count": 190464, "following_count": 220, "tweet_count": 1151, "listed_count": 568}, "name": "Amber Heard", "url": "https://t.co/Ze18Ek9SOI", "id": "807003567605227520", "created_at": "2016-12-08T23:26:58.000Z", "profile_image_url": "https://pbs.twimg.com/profile_images/1383196364792680448/N8CdupEu_normal.jpg", "description": "Actor and Activist, semi-professional disruptor, ice cream advocate and shameless teacup yorkie-lover"}}, "author": {"username": "cynthiabasinet", "location": "#military-industrial-Congressi", "public_metrics": {"followers_count": 1966, "following_count": 750, "tweet_count": 44949, "listed_count": 111}, "name": "#Cynthia Basinet #StandwithUkraine", "url": "https://t.co/FF92CeDIY7", "id": "15664534", "created_at": "2008-07-30T19:14:56.000Z", "profile_image_url": "https://pbs.twimg.com/profile_images/1502032575514218505/xBRhKGsK_normal.jpg", "description": "#IPaintFree #Cynthia = #Nobel Nom #entertainer \u201c#Basinet is truly one of the great #voices of our time.\u201d"}}, {"source": "Twitter for iPhone", "text": "@realamberheard @marieclaireuk @SalesforceUK @unitednations Abuser.", "lang": "en", "created_at": "2019-03-11T14:27:00.000Z", "entities": {"mentions": [{"start": 0, "end": 15, "username": "realamberheard", "id": "807003567605227520"}, {"start": 16, "end": 30, "username": "marieclaireuk", "id": "15735744"}, {"start": 31, "end": 44, "username": "SalesforceUK", "id": "1016244928945541120"}, {"start": 45, "end": 59, "username": "unitednations", "id": "14998923"}]}, "in_reply_to_user_id": "807003567605227520", "public_metrics": {"retweet_count": 0, "reply_count": 0, "like_count": 7, "quote_count": 0}, "author_id": "765194212153241600", "referenced_tweets": [{"type": "replied_to", "id": "1103960944525230080"}], "id": "1105112893677162496", "replied_tweet": {"source": "Twitter for iPhone", "text": "We\u2019re greater when we\u2019re equal #IWD @marieclaireuk @salesforceuk @unitednations https://t.co/Jf1t7Z5r70", "lang": "en", "created_at": "2019-03-08T10:09:34.000Z", "entities": {"mentions": [{"start": 36, "end": 50, "username": "marieclaireuk", "id": "15735744"}, {"start": 51, "end": 64, "username": "SalesforceUK", "id": "1016244928945541120"}, {"start": 65, "end": 79, "username": "unitednations", "id": "14998923"}], "urls": [{"start": 80, "end": 103, "url": "https://t.co/Jf1t7Z5r70", "expanded_url": "https://twitter.com/realamberheard/status/1103960944525230080/photo/1", "display_url": "pic.twitter.com/Jf1t7Z5r70"}], "hashtags": [{"start": 31, "end": 35, "tag": "IWD"}]}, "public_metrics": {"retweet_count": 157, "reply_count": 31, "like_count": 1240, "quote_count": 21}, "author_id": "807003567605227520", "id": "1103960944525230080", "author": {"username": "realamberheard", "location": "Los Angeles, CA", "public_metrics": {"followers_count": 190464, "following_count": 220, "tweet_count": 1151, "listed_count": 568}, "name": "Amber Heard", "url": "https://t.co/Ze18Ek9SOI", "id": "807003567605227520", "created_at": "2016-12-08T23:26:58.000Z", "profile_image_url": "https://pbs.twimg.com/profile_images/1383196364792680448/N8CdupEu_normal.jpg", "description": "Actor and Activist, semi-professional disruptor, ice cream advocate and shameless teacup yorkie-lover"}}, "author": {"username": "tashamohd05", "location": "Pahang, Malaysia", "public_metrics": {"followers_count": 454, "following_count": 748, "tweet_count": 36440, "listed_count": 0}, "name": "Tasha\ud83c\uddf2\ud83c\uddfe\ud83c\uddf5\ud83c\uddf8", "url": "", "id": "765194212153241600", "created_at": "2016-08-15T14:31:31.000Z", "profile_image_url": "https://pbs.twimg.com/profile_images/1477387374292201472/QXykT8W9_normal.jpg", "description": "Find me at the eye clinic."}}, {"source": "Twitter for Android", "text": "@realamberheard @marieclaireuk @SalesforceUK @unitednations I agree with that mam", "lang": "en", "created_at": "2019-03-09T14:00:09.000Z", "entities": {"mentions": [{"start": 0, "end": 15, "username": "realamberheard", "id": "807003567605227520"}, {"start": 16, "end": 30, "username": "marieclaireuk", "id": "15735744"}, {"start": 31, "end": 44, "username": "SalesforceUK", "id": "1016244928945541120"}, {"start": 45, "end": 59, "username": "unitednations", "id": "14998923"}]}, "in_reply_to_user_id": "807003567605227520", "public_metrics": {"retweet_count": 0, "reply_count": 0, "like_count": 0, "quote_count": 0}, "author_id": "1075576838590685184", "referenced_tweets": [{"type": "replied_to", "id": "1103960944525230080"}], "id": "1104381358900568065", "replied_tweet": {"source": "Twitter for iPhone", "text": "We\u2019re greater when we\u2019re equal #IWD @marieclaireuk @salesforceuk @unitednations https://t.co/Jf1t7Z5r70", "lang": "en", "created_at": "2019-03-08T10:09:34.000Z", "entities": {"mentions": [{"start": 36, "end": 50, "username": "marieclaireuk", "id": "15735744"}, {"start": 51, "end": 64, "username": "SalesforceUK", "id": "1016244928945541120"}, {"start": 65, "end": 79, "username": "unitednations", "id": "14998923"}], "urls": [{"start": 80, "end": 103, "url": "https://t.co/Jf1t7Z5r70", "expanded_url": "https://twitter.com/realamberheard/status/1103960944525230080/photo/1", "display_url": "pic.twitter.com/Jf1t7Z5r70"}], "hashtags": [{"start": 31, "end": 35, "tag": "IWD"}]}, "public_metrics": {"retweet_count": 157, "reply_count": 31, "like_count": 1240, "quote_count": 21}, "author_id": "807003567605227520", "id": "1103960944525230080", "author": {"username": "realamberheard", "location": "Los Angeles, CA", "public_metrics": {"followers_count": 190464, "following_count": 220, "tweet_count": 1151, "listed_count": 568}, "name": "Amber Heard", "url": "https://t.co/Ze18Ek9SOI", "id": "807003567605227520", "created_at": "2016-12-08T23:26:58.000Z", "profile_image_url": "https://pbs.twimg.com/profile_images/1383196364792680448/N8CdupEu_normal.jpg", "description": "Actor and Activist, semi-professional disruptor, ice cream advocate and shameless teacup yorkie-lover"}}, "author": {"username": "Ejazshaik7", "public_metrics": {"followers_count": 0, "following_count": 6, "tweet_count": 2, "listed_count": 0}, "name": "Ejazshaik", "url": "", "id": "1075576838590685184", "created_at": "2018-12-20T02:21:16.000Z", "profile_image_url": "https://pbs.twimg.com/profile_images/1133547828435914753/HXqzPqMK_normal.jpg", "description": ""}}, {"source": "Twitter for Android", "text": "@realamberheard @marieclaireuk @SalesforceUK @unitednations But you were still in Machete!", "lang": "en", "entities": {"annotations": [{"start": 82, "end": 88, "probability": 0.4931, "type": "Place", "normalized_text": "Machete"}], "mentions": [{"start": 0, "end": 15, "username": "realamberheard", "id": "807003567605227520"}, {"start": 16, "end": 30, "username": "marieclaireuk", "id": "15735744"}, {"start": 31, "end": 44, "username": "SalesforceUK", "id": "1016244928945541120"}, {"start": 45, "end": 59, "username": "unitednations", "id": "14998923"}]}, "created_at": "2019-03-09T11:54:26.000Z", "in_reply_to_user_id": "807003567605227520", "public_metrics": {"retweet_count": 0, "reply_count": 0, "like_count": 0, "quote_count": 0}, "author_id": "145368651", "referenced_tweets": [{"type": "replied_to", "id": "1103960944525230080"}], "id": "1104349725313122304", "replied_tweet": {"source": "Twitter for iPhone", "text": "We\u2019re greater when we\u2019re equal #IWD @marieclaireuk @salesforceuk @unitednations https://t.co/Jf1t7Z5r70", "lang": "en", "created_at": "2019-03-08T10:09:34.000Z", "entities": {"mentions": [{"start": 36, "end": 50, "username": "marieclaireuk", "id": "15735744"}, {"start": 51, "end": 64, "username": "SalesforceUK", "id": "1016244928945541120"}, {"start": 65, "end": 79, "username": "unitednations", "id": "14998923"}], "urls": [{"start": 80, "end": 103, "url": "https://t.co/Jf1t7Z5r70", "expanded_url": "https://twitter.com/realamberheard/status/1103960944525230080/photo/1", "display_url": "pic.twitter.com/Jf1t7Z5r70"}], "hashtags": [{"start": 31, "end": 35, "tag": "IWD"}]}, "public_metrics": {"retweet_count": 157, "reply_count": 31, "like_count": 1240, "quote_count": 21}, "author_id": "807003567605227520", "id": "1103960944525230080", "author": {"username": "realamberheard", "location": "Los Angeles, CA", "public_metrics": {"followers_count": 190464, "following_count": 220, "tweet_count": 1151, "listed_count": 568}, "name": "Amber Heard", "url": "https://t.co/Ze18Ek9SOI", "id": "807003567605227520", "created_at": "2016-12-08T23:26:58.000Z", "profile_image_url": "https://pbs.twimg.com/profile_images/1383196364792680448/N8CdupEu_normal.jpg", "description": "Actor and Activist, semi-professional disruptor, ice cream advocate and shameless teacup yorkie-lover"}}, "author": {"username": "unkeiqo", "public_metrics": {"followers_count": 153, "following_count": 1413, "tweet_count": 10035, "listed_count": 17}, "name": "Keith Avery", "url": "https://t.co/PUw6CXRPRV", "id": "145368651", "created_at": "2010-05-18T20:20:16.000Z", "profile_image_url": "https://pbs.twimg.com/profile_images/1064227381441978368/SHGoLguo_normal.jpg", "description": "civil engineer, dj, wise cracking blogger, entrepenuer, 330 repper."}}, {"source": "Twitter for iPhone", "text": "@ZHAOyJ123 @UkDeppheads @realamberheard @marieclaireuk @SalesforceUK @unitednations This\u2019s the truth but you just can\u2019t believe it boo", "lang": "en", "created_at": "2019-03-09T10:59:41.000Z", "entities": {"mentions": [{"start": 11, "end": 23, "username": "UkDeppheads", "id": "1015995624863555584"}, {"start": 24, "end": 39, "username": "realamberheard", "id": "807003567605227520"}, {"start": 40, "end": 54, "username": "marieclaireuk", "id": "15735744"}, {"start": 55, "end": 68, "username": "SalesforceUK", "id": "1016244928945541120"}, {"start": 69, "end": 83, "username": "unitednations", "id": "14998923"}]}, "in_reply_to_user_id": "947433972434219010", "public_metrics": {"retweet_count": 1, "reply_count": 0, "like_count": 1, "quote_count": 0}, "author_id": "2390382375", "referenced_tweets": [{"type": "replied_to", "id": "1104304495079505920"}], "id": "1104335945808183296", "replied_tweet": {"source": "Twitter for iPhone", "text": "We\u2019re greater when we\u2019re equal #IWD @marieclaireuk @salesforceuk @unitednations https://t.co/Jf1t7Z5r70", "lang": "en", "created_at": "2019-03-08T10:09:34.000Z", "entities": {"mentions": [{"start": 36, "end": 50, "username": "marieclaireuk", "id": "15735744"}, {"start": 51, "end": 64, "username": "SalesforceUK", "id": "1016244928945541120"}, {"start": 65, "end": 79, "username": "unitednations", "id": "14998923"}], "urls": [{"start": 80, "end": 103, "url": "https://t.co/Jf1t7Z5r70", "expanded_url": "https://twitter.com/realamberheard/status/1103960944525230080/photo/1", "display_url": "pic.twitter.com/Jf1t7Z5r70"}], "hashtags": [{"start": 31, "end": 35, "tag": "IWD"}]}, "public_metrics": {"retweet_count": 157, "reply_count": 31, "like_count": 1240, "quote_count": 21}, "author_id": "807003567605227520", "id": "1103960944525230080", "author": {"username": "realamberheard", "location": "Los Angeles, CA", "public_metrics": {"followers_count": 190464, "following_count": 220, "tweet_count": 1151, "listed_count": 568}, "name": "Amber Heard", "url": "https://t.co/Ze18Ek9SOI", "id": "807003567605227520", "created_at": "2016-12-08T23:26:58.000Z", "profile_image_url": "https://pbs.twimg.com/profile_images/1383196364792680448/N8CdupEu_normal.jpg", "description": "Actor and Activist, semi-professional disruptor, ice cream advocate and shameless teacup yorkie-lover"}}, "author": {"username": "xxxirinad", "public_metrics": {"followers_count": 146, "following_count": 61, "tweet_count": 7124, "listed_count": 0}, "name": "\u0631\u0646\u0627\u062f", "url": "", "id": "2390382375", "created_at": "2014-03-07T07:50:58.000Z", "profile_image_url": "https://pbs.twimg.com/profile_images/1504492218928742407/oG-EEoHc_normal.jpg", "description": ""}}, {"source": "Twitter Web Client", "text": "@realamberheard @marieclaireuk @SalesforceUK @unitednations So impressed by your speech and love your outfit!", "lang": "en", "created_at": "2019-03-09T09:03:39.000Z", "entities": {"mentions": [{"start": 0, "end": 15, "username": "realamberheard", "id": "807003567605227520"}, {"start": 16, "end": 30, "username": "marieclaireuk", "id": "15735744"}, {"start": 31, "end": 44, "username": "SalesforceUK", "id": "1016244928945541120"}, {"start": 45, "end": 59, "username": "unitednations", "id": "14998923"}]}, "in_reply_to_user_id": "807003567605227520", "public_metrics": {"retweet_count": 0, "reply_count": 0, "like_count": 1, "quote_count": 0}, "author_id": "972838574084124674", "referenced_tweets": [{"type": "replied_to", "id": "1103960944525230080"}], "id": "1104306746187632640", "replied_tweet": {"source": "Twitter for iPhone", "text": "We\u2019re greater when we\u2019re equal #IWD @marieclaireuk @salesforceuk @unitednations https://t.co/Jf1t7Z5r70", "lang": "en", "created_at": "2019-03-08T10:09:34.000Z", "entities": {"mentions": [{"start": 36, "end": 50, "username": "marieclaireuk", "id": "15735744"}, {"start": 51, "end": 64, "username": "SalesforceUK", "id": "1016244928945541120"}, {"start": 65, "end": 79, "username": "unitednations", "id": "14998923"}], "urls": [{"start": 80, "end": 103, "url": "https://t.co/Jf1t7Z5r70", "expanded_url": "https://twitter.com/realamberheard/status/1103960944525230080/photo/1", "display_url": "pic.twitter.com/Jf1t7Z5r70"}], "hashtags": [{"start": 31, "end": 35, "tag": "IWD"}]}, "public_metrics": {"retweet_count": 157, "reply_count": 31, "like_count": 1240, "quote_count": 21}, "author_id": "807003567605227520", "id": "1103960944525230080", "author": {"username": "realamberheard", "location": "Los Angeles, CA", "public_metrics": {"followers_count": 190464, "following_count": 220, "tweet_count": 1151, "listed_count": 568}, "name": "Amber Heard", "url": "https://t.co/Ze18Ek9SOI", "id": "807003567605227520", "created_at": "2016-12-08T23:26:58.000Z", "profile_image_url": "https://pbs.twimg.com/profile_images/1383196364792680448/N8CdupEu_normal.jpg", "description": "Actor and Activist, semi-professional disruptor, ice cream advocate and shameless teacup yorkie-lover"}}, "author": {"username": "lqya7586", "public_metrics": {"followers_count": 92, "following_count": 308, "tweet_count": 1198, "listed_count": 0}, "name": "\u5999\u6b4c", "url": "", "id": "972838574084124674", "created_at": "2018-03-11T14:16:05.000Z", "profile_image_url": "https://pbs.twimg.com/profile_images/1492191579825754115/Whxlz61T_normal.jpg", "description": "\u5999\u6b4c\uff08\u305f\u3048\u304b\uff09\u3068\u7533\u3057\u307e\u3059\u3002\n\u843d\u8a9e\u5927\u597d\u304d\u3002\n\u307e\u3061\u6b69\u304d\u5927\u597d\u304d\u3002\n\u6d0b\u66f8\u5927\u597d\u304d\u3001\u7a4d\u3093\u8aad\u6709\u308a\u904e\u304e\u3066\u3001\u3082\u3046\u30ef\u30e4\u3067\u3059\u3002\n\u4ff3\u53e5\u77ed\u6b4c\u9577\u671f\u4f11\u6687\u4e2d\u3002\n\u3069\u3046\u305e\u3088\u308d\u3057\u304f\u304a\u306d\u304c\u3044\u3044\u305f\u3057\u307e\u3059\u3002"}}, {"source": "Twitter for iPhone", "text": "@realamberheard @marieclaireuk @SalesforceUK @unitednations Nicely said amber!!", "lang": "en", "entities": {"annotations": [{"start": 72, "end": 76, "probability": 0.8497, "type": "Person", "normalized_text": "amber"}], "mentions": [{"start": 0, "end": 15, "username": "realamberheard", "id": "807003567605227520"}, {"start": 16, "end": 30, "username": "marieclaireuk", "id": "15735744"}, {"start": 31, "end": 44, "username": "SalesforceUK", "id": "1016244928945541120"}, {"start": 45, "end": 59, "username": "unitednations", "id": "14998923"}]}, "created_at": "2019-03-09T05:22:21.000Z", "in_reply_to_user_id": "807003567605227520", "public_metrics": {"retweet_count": 0, "reply_count": 0, "like_count": 0, "quote_count": 0}, "author_id": "757626631083073536", "referenced_tweets": [{"type": "replied_to", "id": "1103960944525230080"}], "id": "1104251053904523265", "replied_tweet": {"source": "Twitter for iPhone", "text": "We\u2019re greater when we\u2019re equal #IWD @marieclaireuk @salesforceuk @unitednations https://t.co/Jf1t7Z5r70", "lang": "en", "created_at": "2019-03-08T10:09:34.000Z", "entities": {"mentions": [{"start": 36, "end": 50, "username": "marieclaireuk", "id": "15735744"}, {"start": 51, "end": 64, "username": "SalesforceUK", "id": "1016244928945541120"}, {"start": 65, "end": 79, "username": "unitednations", "id": "14998923"}], "urls": [{"start": 80, "end": 103, "url": "https://t.co/Jf1t7Z5r70", "expanded_url": "https://twitter.com/realamberheard/status/1103960944525230080/photo/1", "display_url": "pic.twitter.com/Jf1t7Z5r70"}], "hashtags": [{"start": 31, "end": 35, "tag": "IWD"}]}, "public_metrics": {"retweet_count": 157, "reply_count": 31, "like_count": 1240, "quote_count": 21}, "author_id": "807003567605227520", "id": "1103960944525230080", "author": {"username": "realamberheard", "location": "Los Angeles, CA", "public_metrics": {"followers_count": 190464, "following_count": 220, "tweet_count": 1151, "listed_count": 568}, "name": "Amber Heard", "url": "https://t.co/Ze18Ek9SOI", "id": "807003567605227520", "created_at": "2016-12-08T23:26:58.000Z", "profile_image_url": "https://pbs.twimg.com/profile_images/1383196364792680448/N8CdupEu_normal.jpg", "description": "Actor and Activist, semi-professional disruptor, ice cream advocate and shameless teacup yorkie-lover"}}, "author": {"username": "MarkCla74814042", "location": "Silicon Valley, CA.", "public_metrics": {"followers_count": 396, "following_count": 2128, "tweet_count": 2072, "listed_count": 0}, "name": "Mark Clark", "url": "https://t.co/xz5YdAU3mm", "id": "757626631083073536", "created_at": "2016-07-25T17:20:39.000Z", "profile_image_url": "https://pbs.twimg.com/profile_images/1479253867841814528/grPj165z_normal.jpg", "description": ""}}, {"source": "Twitter for Android", "text": "@realamberheard @marieclaireuk @SalesforceUK @unitednations good speech @realamberheard \ud83d\udc4f\ud83d\udc4f", "lang": "en", "created_at": "2019-03-09T04:54:46.000Z", "entities": {"mentions": [{"start": 0, "end": 15, "username": "realamberheard", "id": "807003567605227520"}, {"start": 16, "end": 30, "username": "marieclaireuk", "id": "15735744"}, {"start": 31, "end": 44, "username": "SalesforceUK", "id": "1016244928945541120"}, {"start": 45, "end": 59, "username": "unitednations", "id": "14998923"}, {"start": 72, "end": 87, "username": "realamberheard", "id": "807003567605227520"}]}, "in_reply_to_user_id": "807003567605227520", "public_metrics": {"retweet_count": 0, "reply_count": 0, "like_count": 1, "quote_count": 0}, "author_id": "3256613809", "referenced_tweets": [{"type": "replied_to", "id": "1103960944525230080"}], "id": "1104244109714239488", "replied_tweet": {"source": "Twitter for iPhone", "text": "We\u2019re greater when we\u2019re equal #IWD @marieclaireuk @salesforceuk @unitednations https://t.co/Jf1t7Z5r70", "lang": "en", "created_at": "2019-03-08T10:09:34.000Z", "entities": {"mentions": [{"start": 36, "end": 50, "username": "marieclaireuk", "id": "15735744"}, {"start": 51, "end": 64, "username": "SalesforceUK", "id": "1016244928945541120"}, {"start": 65, "end": 79, "username": "unitednations", "id": "14998923"}], "urls": [{"start": 80, "end": 103, "url": "https://t.co/Jf1t7Z5r70", "expanded_url": "https://twitter.com/realamberheard/status/1103960944525230080/photo/1", "display_url": "pic.twitter.com/Jf1t7Z5r70"}], "hashtags": [{"start": 31, "end": 35, "tag": "IWD"}]}, "public_metrics": {"retweet_count": 157, "reply_count": 31, "like_count": 1240, "quote_count": 21}, "author_id": "807003567605227520", "id": "1103960944525230080", "author": {"username": "realamberheard", "location": "Los Angeles, CA", "public_metrics": {"followers_count": 190464, "following_count": 220, "tweet_count": 1151, "listed_count": 568}, "name": "Amber Heard", "url": "https://t.co/Ze18Ek9SOI", "id": "807003567605227520", "created_at": "2016-12-08T23:26:58.000Z", "profile_image_url": "https://pbs.twimg.com/profile_images/1383196364792680448/N8CdupEu_normal.jpg", "description": "Actor and Activist, semi-professional disruptor, ice cream advocate and shameless teacup yorkie-lover"}}, "author": {"username": "MayurCChauhan", "location": "Surat, India", "public_metrics": {"followers_count": 343, "following_count": 197, "tweet_count": 260, "listed_count": 0}, "name": "SAVAJ\u2122", "url": "", "id": "3256613809", "created_at": "2015-06-26T11:17:24.000Z", "profile_image_url": "https://pbs.twimg.com/profile_images/1465970734602219520/uDbhTZSj_normal.jpg", "description": "You know who i am."}}, {"source": "Twitter for Android", "text": "@realamberheard @marieclaireuk @SalesforceUK @unitednations Happy Women's Day Beautiful Amber #princessmera \ud83d\udc78\ud83d\udc51\ud83d\udc96\ud83c\udf39\ud83c\udf1f\ud83d\ude18\ud83d\ude18 #InternationalWomensDay", "lang": "en", "created_at": "2019-03-08T18:29:39.000Z", "entities": {"mentions": [{"start": 0, "end": 15, "username": "realamberheard", "id": "807003567605227520"}, {"start": 16, "end": 30, "username": "marieclaireuk", "id": "15735744"}, {"start": 31, "end": 44, "username": "SalesforceUK", "id": "1016244928945541120"}, {"start": 45, "end": 59, "username": "unitednations", "id": "14998923"}], "hashtags": [{"start": 94, "end": 107, "tag": "princessmera"}, {"start": 116, "end": 139, "tag": "InternationalWomensDay"}]}, "in_reply_to_user_id": "807003567605227520", "public_metrics": {"retweet_count": 0, "reply_count": 0, "like_count": 1, "quote_count": 0}, "author_id": "938365560", "referenced_tweets": [{"type": "replied_to", "id": "1103960944525230080"}], "id": "1104086794285379584", "replied_tweet": {"source": "Twitter for iPhone", "text": "We\u2019re greater when we\u2019re equal #IWD @marieclaireuk @salesforceuk @unitednations https://t.co/Jf1t7Z5r70", "lang": "en", "created_at": "2019-03-08T10:09:34.000Z", "entities": {"mentions": [{"start": 36, "end": 50, "username": "marieclaireuk", "id": "15735744"}, {"start": 51, "end": 64, "username": "SalesforceUK", "id": "1016244928945541120"}, {"start": 65, "end": 79, "username": "unitednations", "id": "14998923"}], "urls": [{"start": 80, "end": 103, "url": "https://t.co/Jf1t7Z5r70", "expanded_url": "https://twitter.com/realamberheard/status/1103960944525230080/photo/1", "display_url": "pic.twitter.com/Jf1t7Z5r70"}], "hashtags": [{"start": 31, "end": 35, "tag": "IWD"}]}, "public_metrics": {"retweet_count": 157, "reply_count": 31, "like_count": 1240, "quote_count": 21}, "author_id": "807003567605227520", "id": "1103960944525230080", "author": {"username": "realamberheard", "location": "Los Angeles, CA", "public_metrics": {"followers_count": 190464, "following_count": 220, "tweet_count": 1151, "listed_count": 568}, "name": "Amber Heard", "url": "https://t.co/Ze18Ek9SOI", "id": "807003567605227520", "created_at": "2016-12-08T23:26:58.000Z", "profile_image_url": "https://pbs.twimg.com/profile_images/1383196364792680448/N8CdupEu_normal.jpg", "description": "Actor and Activist, semi-professional disruptor, ice cream advocate and shameless teacup yorkie-lover"}}, "author": {"username": "menakaayesha", "location": "Worldwide ", "public_metrics": {"followers_count": 3323, "following_count": 341, "tweet_count": 155203, "listed_count": 97}, "name": "Ayesha \ud83c\udf80\ud83c\udf39Chirps\ud83c\udfb5\ud83c\udfb6\ud83c\udfbc", "url": "", "id": "938365560", "created_at": "2012-11-10T04:35:46.000Z", "profile_image_url": "https://pbs.twimg.com/profile_images/1466692907700604929/856SEwDb_normal.jpg", "description": "Born on 11th March, a Piscean\u2653!A Dieheeart\ud83d\udc98 fan of \ud83d\udc51 Henry Cavill\ud83d\udc96.You are always welcome\ud83d\ude4b\ud83d\udc9d to explore my world \ud83d\udcf1"}}, {"source": "Twitter for iPhone", "text": "@realamberheard @marieclaireuk @SalesforceUK @unitednations ABUSER https://t.co/cGlvIeIacM", "lang": "en", "created_at": "2019-03-08T18:20:09.000Z", "entities": {"mentions": [{"start": 0, "end": 15, "username": "realamberheard", "id": "807003567605227520"}, {"start": 16, "end": 30, "username": "marieclaireuk", "id": "15735744"}, {"start": 31, "end": 44, "username": "SalesforceUK", "id": "1016244928945541120"}, {"start": 45, "end": 59, "username": "unitednations", "id": "14998923"}], "urls": [{"start": 67, "end": 90, "url": "https://t.co/cGlvIeIacM", "expanded_url": "https://twitter.com/UkDeppheads/status/1104084406187245568/photo/1", "display_url": "pic.twitter.com/cGlvIeIacM"}]}, "in_reply_to_user_id": "807003567605227520", "public_metrics": {"retweet_count": 1, "reply_count": 2, "like_count": 15, "quote_count": 0}, "author_id": "1015995624863555584", "referenced_tweets": [{"type": "replied_to", "id": "1103960944525230080"}], "id": "1104084406187245568", "replied_tweet": {"source": "Twitter for iPhone", "text": "We\u2019re greater when we\u2019re equal #IWD @marieclaireuk @salesforceuk @unitednations https://t.co/Jf1t7Z5r70", "lang": "en", "created_at": "2019-03-08T10:09:34.000Z", "entities": {"mentions": [{"start": 36, "end": 50, "username": "marieclaireuk", "id": "15735744"}, {"start": 51, "end": 64, "username": "SalesforceUK", "id": "1016244928945541120"}, {"start": 65, "end": 79, "username": "unitednations", "id": "14998923"}], "urls": [{"start": 80, "end": 103, "url": "https://t.co/Jf1t7Z5r70", "expanded_url": "https://twitter.com/realamberheard/status/1103960944525230080/photo/1", "display_url": "pic.twitter.com/Jf1t7Z5r70"}], "hashtags": [{"start": 31, "end": 35, "tag": "IWD"}]}, "public_metrics": {"retweet_count": 157, "reply_count": 31, "like_count": 1240, "quote_count": 21}, "author_id": "807003567605227520", "id": "1103960944525230080", "author": {"username": "realamberheard", "location": "Los Angeles, CA", "public_metrics": {"followers_count": 190464, "following_count": 220, "tweet_count": 1151, "listed_count": 568}, "name": "Amber Heard", "url": "https://t.co/Ze18Ek9SOI", "id": "807003567605227520", "created_at": "2016-12-08T23:26:58.000Z", "profile_image_url": "https://pbs.twimg.com/profile_images/1383196364792680448/N8CdupEu_normal.jpg", "description": "Actor and Activist, semi-professional disruptor, ice cream advocate and shameless teacup yorkie-lover"}}, "author": {"username": "UkDeppheads", "location": "United Kingdom", "public_metrics": {"followers_count": 236, "following_count": 15, "tweet_count": 46, "listed_count": 0}, "name": ".", "url": "https://t.co/jrCk4FCpPx", "id": "1015995624863555584", "created_at": "2018-07-08T16:26:48.000Z", "profile_image_url": "https://pbs.twimg.com/profile_images/1325397409468473344/KGveqMWk_normal.jpg", "description": "#JusticeForJohnnyDepp"}}, {"source": "Twitter for iPhone", "text": "@realamberheard @marieclaireuk @SalesforceUK @unitednations Wow!!", "lang": "und", "created_at": "2019-03-08T14:15:24.000Z", "entities": {"mentions": [{"start": 0, "end": 15, "username": "realamberheard", "id": "807003567605227520"}, {"start": 16, "end": 30, "username": "marieclaireuk", "id": "15735744"}, {"start": 31, "end": 44, "username": "SalesforceUK", "id": "1016244928945541120"}, {"start": 45, "end": 59, "username": "unitednations", "id": "14998923"}]}, "in_reply_to_user_id": "807003567605227520", "public_metrics": {"retweet_count": 0, "reply_count": 0, "like_count": 1, "quote_count": 0}, "author_id": "2215419986", "referenced_tweets": [{"type": "replied_to", "id": "1103960944525230080"}], "id": "1104022809603387392", "replied_tweet": {"source": "Twitter for iPhone", "text": "We\u2019re greater when we\u2019re equal #IWD @marieclaireuk @salesforceuk @unitednations https://t.co/Jf1t7Z5r70", "lang": "en", "created_at": "2019-03-08T10:09:34.000Z", "entities": {"mentions": [{"start": 36, "end": 50, "username": "marieclaireuk", "id": "15735744"}, {"start": 51, "end": 64, "username": "SalesforceUK", "id": "1016244928945541120"}, {"start": 65, "end": 79, "username": "unitednations", "id": "14998923"}], "urls": [{"start": 80, "end": 103, "url": "https://t.co/Jf1t7Z5r70", "expanded_url": "https://twitter.com/realamberheard/status/1103960944525230080/photo/1", "display_url": "pic.twitter.com/Jf1t7Z5r70"}], "hashtags": [{"start": 31, "end": 35, "tag": "IWD"}]}, "public_metrics": {"retweet_count": 157, "reply_count": 31, "like_count": 1240, "quote_count": 21}, "author_id": "807003567605227520", "id": "1103960944525230080", "author": {"username": "realamberheard", "location": "Los Angeles, CA", "public_metrics": {"followers_count": 190464, "following_count": 220, "tweet_count": 1151, "listed_count": 568}, "name": "Amber Heard", "url": "https://t.co/Ze18Ek9SOI", "id": "807003567605227520", "created_at": "2016-12-08T23:26:58.000Z", "profile_image_url": "https://pbs.twimg.com/profile_images/1383196364792680448/N8CdupEu_normal.jpg", "description": "Actor and Activist, semi-professional disruptor, ice cream advocate and shameless teacup yorkie-lover"}}, "author": {"username": "LeeLjhardwick", "location": "Birmingham, UK  ;-)", "public_metrics": {"followers_count": 603, "following_count": 2202, "tweet_count": 125149, "listed_count": 46}, "name": "Lee hardwick", "url": "", "id": "2215419986", "created_at": "2013-11-26T09:26:19.000Z", "profile_image_url": "https://pbs.twimg.com/profile_images/1224025850565341185/JFrIalNc_normal.jpg", "description": ""}}, {"source": "Twitter for iPhone", "text": "@realamberheard @marieclaireuk @SalesforceUK @unitednations \ud83d\udc95\ud83d\udc95\ud83d\udc95\ud83d\udc95\ud83d\udc95", "lang": "und", "created_at": "2019-03-08T12:37:58.000Z", "entities": {"mentions": [{"start": 0, "end": 15, "username": "realamberheard", "id": "807003567605227520"}, {"start": 16, "end": 30, "username": "marieclaireuk", "id": "15735744"}, {"start": 31, "end": 44, "username": "SalesforceUK", "id": "1016244928945541120"}, {"start": 45, "end": 59, "username": "unitednations", "id": "14998923"}]}, "in_reply_to_user_id": "807003567605227520", "public_metrics": {"retweet_count": 0, "reply_count": 0, "like_count": 1, "quote_count": 0}, "author_id": "2275261214", "referenced_tweets": [{"type": "replied_to", "id": "1103960944525230080"}], "id": "1103998290532749312", "replied_tweet": {"source": "Twitter for iPhone", "text": "We\u2019re greater when we\u2019re equal #IWD @marieclaireuk @salesforceuk @unitednations https://t.co/Jf1t7Z5r70", "lang": "en", "created_at": "2019-03-08T10:09:34.000Z", "entities": {"mentions": [{"start": 36, "end": 50, "username": "marieclaireuk", "id": "15735744"}, {"start": 51, "end": 64, "username": "SalesforceUK", "id": "1016244928945541120"}, {"start": 65, "end": 79, "username": "unitednations", "id": "14998923"}], "urls": [{"start": 80, "end": 103, "url": "https://t.co/Jf1t7Z5r70", "expanded_url": "https://twitter.com/realamberheard/status/1103960944525230080/photo/1", "display_url": "pic.twitter.com/Jf1t7Z5r70"}], "hashtags": [{"start": 31, "end": 35, "tag": "IWD"}]}, "public_metrics": {"retweet_count": 157, "reply_count": 31, "like_count": 1240, "quote_count": 21}, "author_id": "807003567605227520", "id": "1103960944525230080", "author": {"username": "realamberheard", "location": "Los Angeles, CA", "public_metrics": {"followers_count": 190464, "following_count": 220, "tweet_count": 1151, "listed_count": 568}, "name": "Amber Heard", "url": "https://t.co/Ze18Ek9SOI", "id": "807003567605227520", "created_at": "2016-12-08T23:26:58.000Z", "profile_image_url": "https://pbs.twimg.com/profile_images/1383196364792680448/N8CdupEu_normal.jpg", "description": "Actor and Activist, semi-professional disruptor, ice cream advocate and shameless teacup yorkie-lover"}}, "author": {"username": "Manicmelodrama", "location": "20 - she/her", "public_metrics": {"followers_count": 161, "following_count": 820, "tweet_count": 13465, "listed_count": 4}, "name": "Jo \ud83e\udd42", "url": "https://t.co/xIqU7joegT", "id": "2275261214", "created_at": "2014-01-03T23:49:46.000Z", "profile_image_url": "https://pbs.twimg.com/profile_images/1501555444782936075/IxdJw8JU_normal.jpg", "description": "But Jesus, you\u2019ve got better lips than Judas"}}, {"source": "Twitter for Android", "text": "@realamberheard @marieclaireuk @SalesforceUK @unitednations oh, amber, i love you, you are my joy", "lang": "en", "entities": {"annotations": [{"start": 64, "end": 68, "probability": 0.8636, "type": "Person", "normalized_text": "amber"}], "mentions": [{"start": 0, "end": 15, "username": "realamberheard", "id": "807003567605227520"}, {"start": 16, "end": 30, "username": "marieclaireuk", "id": "15735744"}, {"start": 31, "end": 44, "username": "SalesforceUK", "id": "1016244928945541120"}, {"start": 45, "end": 59, "username": "unitednations", "id": "14998923"}]}, "created_at": "2019-03-08T12:26:56.000Z", "in_reply_to_user_id": "807003567605227520", "public_metrics": {"retweet_count": 0, "reply_count": 0, "like_count": 1, "quote_count": 0}, "author_id": "1097410574500155392", "referenced_tweets": [{"type": "replied_to", "id": "1103960944525230080"}], "id": "1103995513098121216", "replied_tweet": {"source": "Twitter for iPhone", "text": "We\u2019re greater when we\u2019re equal #IWD @marieclaireuk @salesforceuk @unitednations https://t.co/Jf1t7Z5r70", "lang": "en", "created_at": "2019-03-08T10:09:34.000Z", "entities": {"mentions": [{"start": 36, "end": 50, "username": "marieclaireuk", "id": "15735744"}, {"start": 51, "end": 64, "username": "SalesforceUK", "id": "1016244928945541120"}, {"start": 65, "end": 79, "username": "unitednations", "id": "14998923"}], "urls": [{"start": 80, "end": 103, "url": "https://t.co/Jf1t7Z5r70", "expanded_url": "https://twitter.com/realamberheard/status/1103960944525230080/photo/1", "display_url": "pic.twitter.com/Jf1t7Z5r70"}], "hashtags": [{"start": 31, "end": 35, "tag": "IWD"}]}, "public_metrics": {"retweet_count": 157, "reply_count": 31, "like_count": 1240, "quote_count": 21}, "author_id": "807003567605227520", "id": "1103960944525230080", "author": {"username": "realamberheard", "location": "Los Angeles, CA", "public_metrics": {"followers_count": 190464, "following_count": 220, "tweet_count": 1151, "listed_count": 568}, "name": "Amber Heard", "url": "https://t.co/Ze18Ek9SOI", "id": "807003567605227520", "created_at": "2016-12-08T23:26:58.000Z", "profile_image_url": "https://pbs.twimg.com/profile_images/1383196364792680448/N8CdupEu_normal.jpg", "description": "Actor and Activist, semi-professional disruptor, ice cream advocate and shameless teacup yorkie-lover"}}, "author": {"username": "vlad96419718", "location": "sochi,Russia", "public_metrics": {"followers_count": 3, "following_count": 16, "tweet_count": 8, "listed_count": 0}, "name": "vlad", "url": "", "id": "1097410574500155392", "created_at": "2019-02-18T08:20:44.000Z", "profile_image_url": "https://pbs.twimg.com/profile_images/1104625174027165701/lTBe6qjb_normal.jpg", "description": "family life is important for life"}}, {"source": "Twitter for Android", "text": "@realamberheard @marieclaireuk @SalesforceUK @unitednations Feliz dia das mulheres ,\ud83d\ude18", "lang": "pt", "created_at": "2019-03-08T11:50:07.000Z", "entities": {"mentions": [{"start": 0, "end": 15, "username": "realamberheard", "id": "807003567605227520"}, {"start": 16, "end": 30, "username": "marieclaireuk", "id": "15735744"}, {"start": 31, "end": 44, "username": "SalesforceUK", "id": "1016244928945541120"}, {"start": 45, "end": 59, "username": "unitednations", "id": "14998923"}]}, "in_reply_to_user_id": "807003567605227520", "public_metrics": {"retweet_count": 0, "reply_count": 0, "like_count": 0, "quote_count": 0}, "author_id": "276097327", "referenced_tweets": [{"type": "replied_to", "id": "1103960944525230080"}], "id": "1103986250531389441", "replied_tweet": {"source": "Twitter for iPhone", "text": "We\u2019re greater when we\u2019re equal #IWD @marieclaireuk @salesforceuk @unitednations https://t.co/Jf1t7Z5r70", "lang": "en", "created_at": "2019-03-08T10:09:34.000Z", "entities": {"mentions": [{"start": 36, "end": 50, "username": "marieclaireuk", "id": "15735744"}, {"start": 51, "end": 64, "username": "SalesforceUK", "id": "1016244928945541120"}, {"start": 65, "end": 79, "username": "unitednations", "id": "14998923"}], "urls": [{"start": 80, "end": 103, "url": "https://t.co/Jf1t7Z5r70", "expanded_url": "https://twitter.com/realamberheard/status/1103960944525230080/photo/1", "display_url": "pic.twitter.com/Jf1t7Z5r70"}], "hashtags": [{"start": 31, "end": 35, "tag": "IWD"}]}, "public_metrics": {"retweet_count": 157, "reply_count": 31, "like_count": 1240, "quote_count": 21}, "author_id": "807003567605227520", "id": "1103960944525230080", "author": {"username": "realamberheard", "location": "Los Angeles, CA", "public_metrics": {"followers_count": 190464, "following_count": 220, "tweet_count": 1151, "listed_count": 568}, "name": "Amber Heard", "url": "https://t.co/Ze18Ek9SOI", "id": "807003567605227520", "created_at": "2016-12-08T23:26:58.000Z", "profile_image_url": "https://pbs.twimg.com/profile_images/1383196364792680448/N8CdupEu_normal.jpg", "description": "Actor and Activist, semi-professional disruptor, ice cream advocate and shameless teacup yorkie-lover"}}, "author": {"username": "leonidasdiamant", "public_metrics": {"followers_count": 6, "following_count": 109, "tweet_count": 1669, "listed_count": 0}, "name": "Le\u00f4nidas Junior", "url": "", "id": "276097327", "created_at": "2011-04-02T16:59:58.000Z", "profile_image_url": "https://pbs.twimg.com/profile_images/1418708491246743555/55L7MdoH_normal.jpg", "description": "Corretor de Imoveis no Estado do SP\ne Gamer na horas vagas ."}}, {"source": "Twitter for Android", "text": "@realamberheard @marieclaireuk @SalesforceUK @unitednations \ud83d\ude09", "lang": "und", "created_at": "2019-03-08T11:46:00.000Z", "entities": {"mentions": [{"start": 0, "end": 15, "username": "realamberheard", "id": "807003567605227520"}, {"start": 16, "end": 30, "username": "marieclaireuk", "id": "15735744"}, {"start": 31, "end": 44, "username": "SalesforceUK", "id": "1016244928945541120"}, {"start": 45, "end": 59, "username": "unitednations", "id": "14998923"}]}, "in_reply_to_user_id": "807003567605227520", "public_metrics": {"retweet_count": 0, "reply_count": 0, "like_count": 0, "quote_count": 0}, "author_id": "276097327", "referenced_tweets": [{"type": "replied_to", "id": "1103960944525230080"}], "id": "1103985212961292288", "replied_tweet": {"source": "Twitter for iPhone", "text": "We\u2019re greater when we\u2019re equal #IWD @marieclaireuk @salesforceuk @unitednations https://t.co/Jf1t7Z5r70", "lang": "en", "created_at": "2019-03-08T10:09:34.000Z", "entities": {"mentions": [{"start": 36, "end": 50, "username": "marieclaireuk", "id": "15735744"}, {"start": 51, "end": 64, "username": "SalesforceUK", "id": "1016244928945541120"}, {"start": 65, "end": 79, "username": "unitednations", "id": "14998923"}], "urls": [{"start": 80, "end": 103, "url": "https://t.co/Jf1t7Z5r70", "expanded_url": "https://twitter.com/realamberheard/status/1103960944525230080/photo/1", "display_url": "pic.twitter.com/Jf1t7Z5r70"}], "hashtags": [{"start": 31, "end": 35, "tag": "IWD"}]}, "public_metrics": {"retweet_count": 157, "reply_count": 31, "like_count": 1240, "quote_count": 21}, "author_id": "807003567605227520", "id": "1103960944525230080", "author": {"username": "realamberheard", "location": "Los Angeles, CA", "public_metrics": {"followers_count": 190464, "following_count": 220, "tweet_count": 1151, "listed_count": 568}, "name": "Amber Heard", "url": "https://t.co/Ze18Ek9SOI", "id": "807003567605227520", "created_at": "2016-12-08T23:26:58.000Z", "profile_image_url": "https://pbs.twimg.com/profile_images/1383196364792680448/N8CdupEu_normal.jpg", "description": "Actor and Activist, semi-professional disruptor, ice cream advocate and shameless teacup yorkie-lover"}}, "author": {"username": "leonidasdiamant", "public_metrics": {"followers_count": 6, "following_count": 109, "tweet_count": 1669, "listed_count": 0}, "name": "Le\u00f4nidas Junior", "url": "", "id": "276097327", "created_at": "2011-04-02T16:59:58.000Z", "profile_image_url": "https://pbs.twimg.com/profile_images/1418708491246743555/55L7MdoH_normal.jpg", "description": "Corretor de Imoveis no Estado do SP\ne Gamer na horas vagas ."}}, {"source": "Twitter Web Client", "text": "@realamberheard @marieclaireuk @SalesforceUK @unitednations How about you smash youre face, so you become equally as beautiful as others? no? I thought so... (There is a compliment in there btw)", "lang": "en", "created_at": "2019-03-08T11:18:48.000Z", "entities": {"mentions": [{"start": 0, "end": 15, "username": "realamberheard", "id": "807003567605227520"}, {"start": 16, "end": 30, "username": "marieclaireuk", "id": "15735744"}, {"start": 31, "end": 44, "username": "SalesforceUK", "id": "1016244928945541120"}, {"start": 45, "end": 59, "username": "unitednations", "id": "14998923"}]}, "in_reply_to_user_id": "807003567605227520", "public_metrics": {"retweet_count": 0, "reply_count": 0, "like_count": 2, "quote_count": 0}, "author_id": "792462128485634048", "referenced_tweets": [{"type": "replied_to", "id": "1103960944525230080"}], "id": "1103978368964399105", "replied_tweet": {"source": "Twitter for iPhone", "text": "We\u2019re greater when we\u2019re equal #IWD @marieclaireuk @salesforceuk @unitednations https://t.co/Jf1t7Z5r70", "lang": "en", "created_at": "2019-03-08T10:09:34.000Z", "entities": {"mentions": [{"start": 36, "end": 50, "username": "marieclaireuk", "id": "15735744"}, {"start": 51, "end": 64, "username": "SalesforceUK", "id": "1016244928945541120"}, {"start": 65, "end": 79, "username": "unitednations", "id": "14998923"}], "urls": [{"start": 80, "end": 103, "url": "https://t.co/Jf1t7Z5r70", "expanded_url": "https://twitter.com/realamberheard/status/1103960944525230080/photo/1", "display_url": "pic.twitter.com/Jf1t7Z5r70"}], "hashtags": [{"start": 31, "end": 35, "tag": "IWD"}]}, "public_metrics": {"retweet_count": 157, "reply_count": 31, "like_count": 1240, "quote_count": 21}, "author_id": "807003567605227520", "id": "1103960944525230080", "author": {"username": "realamberheard", "location": "Los Angeles, CA", "public_metrics": {"followers_count": 190464, "following_count": 220, "tweet_count": 1151, "listed_count": 568}, "name": "Amber Heard", "url": "https://t.co/Ze18Ek9SOI", "id": "807003567605227520", "created_at": "2016-12-08T23:26:58.000Z", "profile_image_url": "https://pbs.twimg.com/profile_images/1383196364792680448/N8CdupEu_normal.jpg", "description": "Actor and Activist, semi-professional disruptor, ice cream advocate and shameless teacup yorkie-lover"}}, "author": {"username": "BenjaminFasken", "location": "South Denmark, Denmark", "public_metrics": {"followers_count": 7, "following_count": 131, "tweet_count": 669, "listed_count": 0}, "name": "Benjamin Fasken", "url": "", "id": "792462128485634048", "created_at": "2016-10-29T20:24:29.000Z", "profile_image_url": "https://pbs.twimg.com/profile_images/1374701363557453824/7tB63k_i_normal.jpg", "description": "Former baby, future dust.  It is through the holes of abyss in your heart, where light shines through"}}, {"source": "Twitter for iPhone", "text": "@realamberheard @marieclaireuk @SalesforceUK @unitednations So proud of you \u2764\ufe0f", "lang": "en", "created_at": "2019-03-08T10:51:14.000Z", "entities": {"mentions": [{"start": 0, "end": 15, "username": "realamberheard", "id": "807003567605227520"}, {"start": 16, "end": 30, "username": "marieclaireuk", "id": "15735744"}, {"start": 31, "end": 44, "username": "SalesforceUK", "id": "1016244928945541120"}, {"start": 45, "end": 59, "username": "unitednations", "id": "14998923"}]}, "in_reply_to_user_id": "807003567605227520", "public_metrics": {"retweet_count": 1, "reply_count": 0, "like_count": 8, "quote_count": 0}, "author_id": "3919740867", "referenced_tweets": [{"type": "replied_to", "id": "1103960944525230080"}], "id": "1103971430767751168", "replied_tweet": {"source": "Twitter for iPhone", "text": "We\u2019re greater when we\u2019re equal #IWD @marieclaireuk @salesforceuk @unitednations https://t.co/Jf1t7Z5r70", "lang": "en", "created_at": "2019-03-08T10:09:34.000Z", "entities": {"mentions": [{"start": 36, "end": 50, "username": "marieclaireuk", "id": "15735744"}, {"start": 51, "end": 64, "username": "SalesforceUK", "id": "1016244928945541120"}, {"start": 65, "end": 79, "username": "unitednations", "id": "14998923"}], "urls": [{"start": 80, "end": 103, "url": "https://t.co/Jf1t7Z5r70", "expanded_url": "https://twitter.com/realamberheard/status/1103960944525230080/photo/1", "display_url": "pic.twitter.com/Jf1t7Z5r70"}], "hashtags": [{"start": 31, "end": 35, "tag": "IWD"}]}, "public_metrics": {"retweet_count": 157, "reply_count": 31, "like_count": 1240, "quote_count": 21}, "author_id": "807003567605227520", "id": "1103960944525230080", "author": {"username": "realamberheard", "location": "Los Angeles, CA", "public_metrics": {"followers_count": 190464, "following_count": 220, "tweet_count": 1151, "listed_count": 568}, "name": "Amber Heard", "url": "https://t.co/Ze18Ek9SOI", "id": "807003567605227520", "created_at": "2016-12-08T23:26:58.000Z", "profile_image_url": "https://pbs.twimg.com/profile_images/1383196364792680448/N8CdupEu_normal.jpg", "description": "Actor and Activist, semi-professional disruptor, ice cream advocate and shameless teacup yorkie-lover"}}, "author": {"username": "amberheardsourc", "public_metrics": {"followers_count": 3880, "following_count": 89, "tweet_count": 13308, "listed_count": 3}, "name": "Amber Heard Source", "url": "https://t.co/BSavZg4DeP", "id": "3919740867", "created_at": "2015-10-10T16:21:10.000Z", "profile_image_url": "https://pbs.twimg.com/profile_images/1318169449468514305/fPEsSXdl_normal.jpg", "description": "Source dedicated to the gorgeous and talented Texan actress and activist @realamberheard. Online since 2015. \ud83c\uddee\ud83c\uddf9 #WeAreWithYouAmberHeard"}}, {"source": "Twitter for Android", "text": "@realamberheard @marieclaireuk @SalesforceUK @unitednations https://t.co/ezC7vwhQYs", "lang": "und", "created_at": "2019-03-08T10:11:29.000Z", "entities": {"mentions": [{"start": 0, "end": 15, "username": "realamberheard", "id": "807003567605227520"}, {"start": 16, "end": 30, "username": "marieclaireuk", "id": "15735744"}, {"start": 31, "end": 44, "username": "SalesforceUK", "id": "1016244928945541120"}, {"start": 45, "end": 59, "username": "unitednations", "id": "14998923"}], "urls": [{"start": 60, "end": 83, "url": "https://t.co/ezC7vwhQYs", "expanded_url": "https://twitter.com/NHSEngland/status/1066029206872707072?s=19", "display_url": "twitter.com/NHSEngland/sta\u2026"}]}, "in_reply_to_user_id": "807003567605227520", "public_metrics": {"retweet_count": 0, "reply_count": 0, "like_count": 0, "quote_count": 0}, "author_id": "2885552583", "referenced_tweets": [{"type": "quoted", "id": "1066029206872707072"}, {"type": "replied_to", "id": "1103960944525230080"}], "id": "1103961428048990208", "replied_tweet": {"source": "Twitter for iPhone", "text": "We\u2019re greater when we\u2019re equal #IWD @marieclaireuk @salesforceuk @unitednations https://t.co/Jf1t7Z5r70", "lang": "en", "created_at": "2019-03-08T10:09:34.000Z", "entities": {"mentions": [{"start": 36, "end": 50, "username": "marieclaireuk", "id": "15735744"}, {"start": 51, "end": 64, "username": "SalesforceUK", "id": "1016244928945541120"}, {"start": 65, "end": 79, "username": "unitednations", "id": "14998923"}], "urls": [{"start": 80, "end": 103, "url": "https://t.co/Jf1t7Z5r70", "expanded_url": "https://twitter.com/realamberheard/status/1103960944525230080/photo/1", "display_url": "pic.twitter.com/Jf1t7Z5r70"}], "hashtags": [{"start": 31, "end": 35, "tag": "IWD"}]}, "public_metrics": {"retweet_count": 157, "reply_count": 31, "like_count": 1240, "quote_count": 21}, "author_id": "807003567605227520", "id": "1103960944525230080", "author": {"username": "realamberheard", "location": "Los Angeles, CA", "public_metrics": {"followers_count": 190464, "following_count": 220, "tweet_count": 1151, "listed_count": 568}, "name": "Amber Heard", "url": "https://t.co/Ze18Ek9SOI", "id": "807003567605227520", "created_at": "2016-12-08T23:26:58.000Z", "profile_image_url": "https://pbs.twimg.com/profile_images/1383196364792680448/N8CdupEu_normal.jpg", "description": "Actor and Activist, semi-professional disruptor, ice cream advocate and shameless teacup yorkie-lover"}}, "author": {"username": "leonasdad", "location": "Yorkshire & London \ud83d\udc49 SW1A ", "public_metrics": {"followers_count": 198, "following_count": 476, "tweet_count": 50028, "listed_count": 11}, "name": "\ud83d\ude07Conviction\ud83d\udc7c\ud83c\udded\ud83c\uddf0\ud83c\udde8\ud83c\uddf3\ud83c\uddfa\ud83c\uddf3\ud83c\uddec\ud83c\udde7\ud83d\udc94\ud83d\udc93\ud83d\udc9e\ud83d\udc96\ud83d\udcac\ud83d\udc02\ud83d\udc14\ud83d\udc0d", "url": "", "id": "2885552583", "created_at": "2014-11-20T12:56:35.000Z", "profile_image_url": "https://pbs.twimg.com/profile_images/1458289825996546053/h6c1PP3N_normal.jpg", "description": "Eye2brain_Listen!\nJust&honour, men,women&children, _ _ _ _near miss_ _ _hav ur say! alcohol&NHS Drug's,Abuse, Negligence,Trauma,RDA&\nIncompetence,VTE,Purpose \ud83d\udc04"}}]