[{"in_reply_to_user_id": "807003567605227520", "id": "1140831205597646848", "entities": {"mentions": [{"start": 0, "end": 15, "username": "realamberheard", "id": "807003567605227520"}, {"start": 16, "end": 25, "username": "UN_Women", "id": "17137628"}], "urls": [{"start": 26, "end": 49, "url": "https://t.co/btLYnSA6Fp", "expanded_url": "https://twitter.com/realamberheard/status/1097854926036840448?s=20", "display_url": "twitter.com/realamberheard\u2026"}]}, "lang": "und", "author_id": "1131663866432299008", "referenced_tweets": [{"type": "quoted", "id": "1097854926036840448"}, {"type": "replied_to", "id": "1104419163060273153"}], "public_metrics": {"retweet_count": 0, "reply_count": 0, "like_count": 0, "quote_count": 0}, "text": "@realamberheard @UN_Women https://t.co/btLYnSA6Fp", "created_at": "2019-06-18T03:58:49.000Z", "source": "Twitter Web App", "replied_tweet": {"id": "1104419163060273153", "entities": {"hashtags": [{"start": 132, "end": 147, "tag": "HappyWomensDay"}], "mentions": [{"start": 121, "end": 130, "username": "UN_Women", "id": "17137628"}], "urls": [{"start": 148, "end": 171, "url": "https://t.co/5fqSTDqWXt", "expanded_url": "https://twitter.com/UN_Women/status/1103755977990565888", "display_url": "twitter.com/UN_Women/statu\u2026"}]}, "lang": "en", "author_id": "807003567605227520", "referenced_tweets": [{"type": "quoted", "id": "1103755977990565888"}], "public_metrics": {"retweet_count": 51, "reply_count": 32, "like_count": 426, "quote_count": 5}, "text": "To all those disrupters &amp; individuals brave enough to brake the rules for reason, and to those who support them like @UN_Women  #HappyWomensDay https://t.co/5fqSTDqWXt", "created_at": "2019-03-09T16:30:22.000Z", "source": "Twitter for iPhone", "author": {"url": "https://t.co/Ze18Ek9SOI", "username": "realamberheard", "description": "Actor and Activist, semi-professional disruptor, ice cream advocate and shameless teacup yorkie-lover", "name": "Amber Heard", "location": "Los Angeles, CA", "created_at": "2016-12-08T23:26:58.000Z", "profile_image_url": "https://pbs.twimg.com/profile_images/1383196364792680448/N8CdupEu_normal.jpg", "public_metrics": {"followers_count": 190464, "following_count": 220, "tweet_count": 1151, "listed_count": 568}, "id": "807003567605227520"}}, "author": {"url": "", "username": "Evolved71245694", "description": "Parent. Equal rights Equal pay Employer. Wife. set this account up due to my perceived inadequacy of the press reporting on Johnny Depp. Do not have JD posters", "name": "Evolved", "location": "London", "created_at": "2019-05-23T20:51:05.000Z", "profile_image_url": "https://pbs.twimg.com/profile_images/1131664247698677760/fg7jZjEl_normal.jpg", "public_metrics": {"followers_count": 21, "following_count": 29, "tweet_count": 1406, "listed_count": 1}, "id": "1131663866432299008"}}, {"in_reply_to_user_id": "807003567605227520", "id": "1118911042367700992", "entities": {"mentions": [{"start": 0, "end": 15, "username": "realamberheard", "id": "807003567605227520"}, {"start": 16, "end": 25, "username": "UN_Women", "id": "17137628"}], "urls": [{"start": 77, "end": 100, "url": "https://t.co/Pok2jw1Izc", "expanded_url": "https://www.facebook.com/The-Solution-to-Online-Child-Pornography-Stop-Allowing-It-691057974659242/?modal=admin_todo_tour", "display_url": "facebook.com/The-Solution-t\u2026", "status": 200, "unwound_url": "https://www.facebook.com/The-Solution-to-Online-Child-Pornography-Stop-Allowing-It-691057974659242/?modal=admin_todo_tour"}, {"start": 101, "end": 124, "url": "https://t.co/6KdUeODjLa", "expanded_url": "https://twitter.com/MastersInTrans1/status/1118911042367700992/photo/1", "display_url": "pic.twitter.com/6KdUeODjLa"}, {"start": 101, "end": 124, "url": "https://t.co/6KdUeODjLa", "expanded_url": "https://twitter.com/MastersInTrans1/status/1118911042367700992/photo/1", "display_url": "pic.twitter.com/6KdUeODjLa"}, {"start": 101, "end": 124, "url": "https://t.co/6KdUeODjLa", "expanded_url": "https://twitter.com/MastersInTrans1/status/1118911042367700992/photo/1", "display_url": "pic.twitter.com/6KdUeODjLa"}, {"start": 101, "end": 124, "url": "https://t.co/6KdUeODjLa", "expanded_url": "https://twitter.com/MastersInTrans1/status/1118911042367700992/photo/1", "display_url": "pic.twitter.com/6KdUeODjLa"}]}, "lang": "en", "author_id": "1100861512468566021", "referenced_tweets": [{"type": "replied_to", "id": "1104419163060273153"}], "public_metrics": {"retweet_count": 0, "reply_count": 0, "like_count": 0, "quote_count": 0}, "text": "@realamberheard @UN_Women PROMOTING FOR SUCCESS--REMOVING THE GLASS CEILINGS https://t.co/Pok2jw1Izc https://t.co/6KdUeODjLa", "created_at": "2019-04-18T16:15:55.000Z", "source": "Twitter Web Client", "replied_tweet": {"id": "1104419163060273153", "entities": {"hashtags": [{"start": 132, "end": 147, "tag": "HappyWomensDay"}], "mentions": [{"start": 121, "end": 130, "username": "UN_Women", "id": "17137628"}], "urls": [{"start": 148, "end": 171, "url": "https://t.co/5fqSTDqWXt", "expanded_url": "https://twitter.com/UN_Women/status/1103755977990565888", "display_url": "twitter.com/UN_Women/statu\u2026"}]}, "lang": "en", "author_id": "807003567605227520", "referenced_tweets": [{"type": "quoted", "id": "1103755977990565888"}], "public_metrics": {"retweet_count": 51, "reply_count": 32, "like_count": 426, "quote_count": 5}, "text": "To all those disrupters &amp; individuals brave enough to brake the rules for reason, and to those who support them like @UN_Women  #HappyWomensDay https://t.co/5fqSTDqWXt", "created_at": "2019-03-09T16:30:22.000Z", "source": "Twitter for iPhone", "author": {"url": "https://t.co/Ze18Ek9SOI", "username": "realamberheard", "description": "Actor and Activist, semi-professional disruptor, ice cream advocate and shameless teacup yorkie-lover", "name": "Amber Heard", "location": "Los Angeles, CA", "created_at": "2016-12-08T23:26:58.000Z", "profile_image_url": "https://pbs.twimg.com/profile_images/1383196364792680448/N8CdupEu_normal.jpg", "public_metrics": {"followers_count": 190464, "following_count": 220, "tweet_count": 1151, "listed_count": 568}, "id": "807003567605227520"}}, "author": {"url": "https://t.co/WTVCQoDLUW", "username": "MastersInTrans1", "description": "WORLDS MOST SUCCESSFUL NO PROFIT NON PROFIT", "name": "Masters In Transformation", "created_at": "2019-02-27T20:53:32.000Z", "profile_image_url": "https://pbs.twimg.com/profile_images/1167913150512947200/bWpAKXKT_normal.jpg", "public_metrics": {"followers_count": 85, "following_count": 840, "tweet_count": 2805, "listed_count": 0}, "id": "1100861512468566021"}}, {"in_reply_to_user_id": "807003567605227520", "id": "1109293048184213504", "entities": {"mentions": [{"start": 0, "end": 15, "username": "realamberheard", "id": "807003567605227520"}, {"start": 16, "end": 25, "username": "UN_Women", "id": "17137628"}], "annotations": [{"start": 35, "end": 43, "probability": 0.9858, "type": "Person", "normalized_text": "Billy Bob"}, {"start": 46, "end": 55, "probability": 0.7928, "type": "Person", "normalized_text": "Easy Amber"}]}, "lang": "en", "author_id": "913594627969748992", "referenced_tweets": [{"type": "replied_to", "id": "1104419163060273153"}], "public_metrics": {"retweet_count": 0, "reply_count": 0, "like_count": 0, "quote_count": 0}, "text": "@realamberheard @UN_Women Starring Billy Bob, Easy Amber. We know the truth. There was no blood on the mirror. There was no paint on his hand yet the makeup was still there from POTC. And that is NOT his handwriting, it's YOURS YOU PSYCHOTIC BITCH.", "created_at": "2019-03-23T03:17:27.000Z", "source": "Twitter for Android", "replied_tweet": {"id": "1104419163060273153", "entities": {"hashtags": [{"start": 132, "end": 147, "tag": "HappyWomensDay"}], "mentions": [{"start": 121, "end": 130, "username": "UN_Women", "id": "17137628"}], "urls": [{"start": 148, "end": 171, "url": "https://t.co/5fqSTDqWXt", "expanded_url": "https://twitter.com/UN_Women/status/1103755977990565888", "display_url": "twitter.com/UN_Women/statu\u2026"}]}, "lang": "en", "author_id": "807003567605227520", "referenced_tweets": [{"type": "quoted", "id": "1103755977990565888"}], "public_metrics": {"retweet_count": 51, "reply_count": 32, "like_count": 426, "quote_count": 5}, "text": "To all those disrupters &amp; individuals brave enough to brake the rules for reason, and to those who support them like @UN_Women  #HappyWomensDay https://t.co/5fqSTDqWXt", "created_at": "2019-03-09T16:30:22.000Z", "source": "Twitter for iPhone", "author": {"url": "https://t.co/Ze18Ek9SOI", "username": "realamberheard", "description": "Actor and Activist, semi-professional disruptor, ice cream advocate and shameless teacup yorkie-lover", "name": "Amber Heard", "location": "Los Angeles, CA", "created_at": "2016-12-08T23:26:58.000Z", "profile_image_url": "https://pbs.twimg.com/profile_images/1383196364792680448/N8CdupEu_normal.jpg", "public_metrics": {"followers_count": 190464, "following_count": 220, "tweet_count": 1151, "listed_count": 568}, "id": "807003567605227520"}}, "author": {"url": "", "username": "JessieAlternate", "description": "Just a person with a lot of opinions. Feminist and sexworker. DM for 18+ content.", "name": "Nerdy Wordy and Flirty", "location": "California, USA", "created_at": "2017-09-29T02:41:47.000Z", "profile_image_url": "https://pbs.twimg.com/profile_images/1395522825864110083/2A7p6lMo_normal.jpg", "public_metrics": {"followers_count": 243, "following_count": 1533, "tweet_count": 3272, "listed_count": 6}, "id": "913594627969748992"}}, {"in_reply_to_user_id": "807003567605227520", "id": "1106895765866053634", "entities": {"hashtags": [{"start": 26, "end": 37, "tag": "ShameAmber"}], "mentions": [{"start": 0, "end": 15, "username": "realamberheard", "id": "807003567605227520"}, {"start": 16, "end": 25, "username": "UN_Women", "id": "17137628"}]}, "lang": "und", "author_id": "601487076", "referenced_tweets": [{"type": "replied_to", "id": "1104419163060273153"}], "public_metrics": {"retweet_count": 0, "reply_count": 0, "like_count": 0, "quote_count": 0}, "text": "@realamberheard @UN_Women #ShameAmber", "created_at": "2019-03-16T12:31:30.000Z", "source": "Twitter for Android", "replied_tweet": {"id": "1104419163060273153", "entities": {"hashtags": [{"start": 132, "end": 147, "tag": "HappyWomensDay"}], "mentions": [{"start": 121, "end": 130, "username": "UN_Women", "id": "17137628"}], "urls": [{"start": 148, "end": 171, "url": "https://t.co/5fqSTDqWXt", "expanded_url": "https://twitter.com/UN_Women/status/1103755977990565888", "display_url": "twitter.com/UN_Women/statu\u2026"}]}, "lang": "en", "author_id": "807003567605227520", "referenced_tweets": [{"type": "quoted", "id": "1103755977990565888"}], "public_metrics": {"retweet_count": 51, "reply_count": 32, "like_count": 426, "quote_count": 5}, "text": "To all those disrupters &amp; individuals brave enough to brake the rules for reason, and to those who support them like @UN_Women  #HappyWomensDay https://t.co/5fqSTDqWXt", "created_at": "2019-03-09T16:30:22.000Z", "source": "Twitter for iPhone", "author": {"url": "https://t.co/Ze18Ek9SOI", "username": "realamberheard", "description": "Actor and Activist, semi-professional disruptor, ice cream advocate and shameless teacup yorkie-lover", "name": "Amber Heard", "location": "Los Angeles, CA", "created_at": "2016-12-08T23:26:58.000Z", "profile_image_url": "https://pbs.twimg.com/profile_images/1383196364792680448/N8CdupEu_normal.jpg", "public_metrics": {"followers_count": 190464, "following_count": 220, "tweet_count": 1151, "listed_count": 568}, "id": "807003567605227520"}}, "author": {"url": "", "username": "PancakePartiez", "description": "Just farming", "name": "Pancake Parties", "created_at": "2012-06-07T00:18:17.000Z", "profile_image_url": "https://pbs.twimg.com/profile_images/1078866291123879938/XvH6SEa__normal.jpg", "public_metrics": {"followers_count": 5, "following_count": 17, "tweet_count": 108, "listed_count": 0}, "id": "601487076"}}, {"in_reply_to_user_id": "3707617761", "id": "1106772234121564160", "entities": {"mentions": [{"start": 0, "end": 13, "username": "merafeelings", "id": "1130565226636677121"}, {"start": 14, "end": 29, "username": "realamberheard", "id": "807003567605227520"}, {"start": 30, "end": 39, "username": "UN_Women", "id": "17137628"}]}, "lang": "en", "author_id": "2564423214", "referenced_tweets": [{"type": "replied_to", "id": "1104422811047813121"}], "public_metrics": {"retweet_count": 0, "reply_count": 0, "like_count": 0, "quote_count": 0}, "text": "@merafeelings @realamberheard @UN_Women Fuck off", "created_at": "2019-03-16T04:20:38.000Z", "source": "Twitter for iPhone", "replied_tweet": {"id": "1104419163060273153", "entities": {"hashtags": [{"start": 132, "end": 147, "tag": "HappyWomensDay"}], "mentions": [{"start": 121, "end": 130, "username": "UN_Women", "id": "17137628"}], "urls": [{"start": 148, "end": 171, "url": "https://t.co/5fqSTDqWXt", "expanded_url": "https://twitter.com/UN_Women/status/1103755977990565888", "display_url": "twitter.com/UN_Women/statu\u2026"}]}, "lang": "en", "author_id": "807003567605227520", "referenced_tweets": [{"type": "quoted", "id": "1103755977990565888"}], "public_metrics": {"retweet_count": 51, "reply_count": 32, "like_count": 426, "quote_count": 5}, "text": "To all those disrupters &amp; individuals brave enough to brake the rules for reason, and to those who support them like @UN_Women  #HappyWomensDay https://t.co/5fqSTDqWXt", "created_at": "2019-03-09T16:30:22.000Z", "source": "Twitter for iPhone", "author": {"url": "https://t.co/Ze18Ek9SOI", "username": "realamberheard", "description": "Actor and Activist, semi-professional disruptor, ice cream advocate and shameless teacup yorkie-lover", "name": "Amber Heard", "location": "Los Angeles, CA", "created_at": "2016-12-08T23:26:58.000Z", "profile_image_url": "https://pbs.twimg.com/profile_images/1383196364792680448/N8CdupEu_normal.jpg", "public_metrics": {"followers_count": 190464, "following_count": 220, "tweet_count": 1151, "listed_count": 568}, "id": "807003567605227520"}}, "author": {"url": "", "username": "JulianBonfigli0", "description": "Face off season 8 semi-finalist, owner and operator of Bonfiglio Effects Studios, Special FX teacher at Blush School of Makeup SF, Cinema Makeup School graduate", "name": "Julian Bonfiglio", "created_at": "2014-06-13T02:11:30.000Z", "profile_image_url": "https://pbs.twimg.com/profile_images/1301416352117186562/YIimOCEZ_normal.jpg", "public_metrics": {"followers_count": 3872, "following_count": 1513, "tweet_count": 5676, "listed_count": 25}, "id": "2564423214"}}, {"in_reply_to_user_id": "807003567605227520", "id": "1106745545572450304", "entities": {"mentions": [{"start": 0, "end": 15, "username": "realamberheard", "id": "807003567605227520"}, {"start": 16, "end": 25, "username": "UN_Women", "id": "17137628"}]}, "lang": "en", "author_id": "918462112141398016", "referenced_tweets": [{"type": "replied_to", "id": "1104419163060273153"}], "public_metrics": {"retweet_count": 0, "reply_count": 0, "like_count": 3, "quote_count": 0}, "text": "@realamberheard @UN_Women Break*", "created_at": "2019-03-16T02:34:35.000Z", "source": "Twitter for Android", "replied_tweet": {"id": "1104419163060273153", "entities": {"hashtags": [{"start": 132, "end": 147, "tag": "HappyWomensDay"}], "mentions": [{"start": 121, "end": 130, "username": "UN_Women", "id": "17137628"}], "urls": [{"start": 148, "end": 171, "url": "https://t.co/5fqSTDqWXt", "expanded_url": "https://twitter.com/UN_Women/status/1103755977990565888", "display_url": "twitter.com/UN_Women/statu\u2026"}]}, "lang": "en", "author_id": "807003567605227520", "referenced_tweets": [{"type": "quoted", "id": "1103755977990565888"}], "public_metrics": {"retweet_count": 51, "reply_count": 32, "like_count": 426, "quote_count": 5}, "text": "To all those disrupters &amp; individuals brave enough to brake the rules for reason, and to those who support them like @UN_Women  #HappyWomensDay https://t.co/5fqSTDqWXt", "created_at": "2019-03-09T16:30:22.000Z", "source": "Twitter for iPhone", "author": {"url": "https://t.co/Ze18Ek9SOI", "username": "realamberheard", "description": "Actor and Activist, semi-professional disruptor, ice cream advocate and shameless teacup yorkie-lover", "name": "Amber Heard", "location": "Los Angeles, CA", "created_at": "2016-12-08T23:26:58.000Z", "profile_image_url": "https://pbs.twimg.com/profile_images/1383196364792680448/N8CdupEu_normal.jpg", "public_metrics": {"followers_count": 190464, "following_count": 220, "tweet_count": 1151, "listed_count": 568}, "id": "807003567605227520"}}, "author": {"url": "", "username": "Kimberly88123", "description": "I'm something like fantastic", "name": "Kimberly", "location": "Deltona, FL", "created_at": "2017-10-12T13:03:26.000Z", "profile_image_url": "https://pbs.twimg.com/profile_images/918516257003098112/BQdkTRlD_normal.jpg", "public_metrics": {"followers_count": 1, "following_count": 48, "tweet_count": 9, "listed_count": 0}, "id": "918462112141398016"}}, {"in_reply_to_user_id": "807003567605227520", "id": "1106580010637451266", "entities": {"mentions": [{"start": 0, "end": 15, "username": "realamberheard", "id": "807003567605227520"}, {"start": 16, "end": 25, "username": "UN_Women", "id": "17137628"}], "urls": [{"start": 26, "end": 49, "url": "https://t.co/vdF3zcQlVq", "expanded_url": "https://www.courthousenews.com/wp-content/uploads/2019/03/DeppHeard.pdf", "display_url": "courthousenews.com/wp-content/upl\u2026"}]}, "lang": "und", "author_id": "2666336082", "referenced_tweets": [{"type": "replied_to", "id": "1104419163060273153"}], "public_metrics": {"retweet_count": 0, "reply_count": 0, "like_count": 1, "quote_count": 0}, "text": "@realamberheard @UN_Women https://t.co/vdF3zcQlVq", "created_at": "2019-03-15T15:36:48.000Z", "source": "Twitter for iPhone", "replied_tweet": {"id": "1104419163060273153", "entities": {"hashtags": [{"start": 132, "end": 147, "tag": "HappyWomensDay"}], "mentions": [{"start": 121, "end": 130, "username": "UN_Women", "id": "17137628"}], "urls": [{"start": 148, "end": 171, "url": "https://t.co/5fqSTDqWXt", "expanded_url": "https://twitter.com/UN_Women/status/1103755977990565888", "display_url": "twitter.com/UN_Women/statu\u2026"}]}, "lang": "en", "author_id": "807003567605227520", "referenced_tweets": [{"type": "quoted", "id": "1103755977990565888"}], "public_metrics": {"retweet_count": 51, "reply_count": 32, "like_count": 426, "quote_count": 5}, "text": "To all those disrupters &amp; individuals brave enough to brake the rules for reason, and to those who support them like @UN_Women  #HappyWomensDay https://t.co/5fqSTDqWXt", "created_at": "2019-03-09T16:30:22.000Z", "source": "Twitter for iPhone", "author": {"url": "https://t.co/Ze18Ek9SOI", "username": "realamberheard", "description": "Actor and Activist, semi-professional disruptor, ice cream advocate and shameless teacup yorkie-lover", "name": "Amber Heard", "location": "Los Angeles, CA", "created_at": "2016-12-08T23:26:58.000Z", "profile_image_url": "https://pbs.twimg.com/profile_images/1383196364792680448/N8CdupEu_normal.jpg", "public_metrics": {"followers_count": 190464, "following_count": 220, "tweet_count": 1151, "listed_count": 568}, "id": "807003567605227520"}}, "author": {"url": "", "username": "AquilusJackson", "description": "Public Speaker. Writer. Law \u2696\ufe0f and Future in CyberSec \ud83d\udc68\ud83c\udfff\u200d\ud83d\udcbb. 23. I\u2019m honestly just cruising.", "name": "King Khalid", "location": "Georgia, USA", "created_at": "2014-07-21T16:16:59.000Z", "profile_image_url": "https://pbs.twimg.com/profile_images/1432972419745075200/xoKUOdE0_normal.jpg", "public_metrics": {"followers_count": 50, "following_count": 167, "tweet_count": 1587, "listed_count": 0}, "id": "2666336082"}}, {"in_reply_to_user_id": "807003567605227520", "id": "1106456792693989377", "entities": {"hashtags": [{"start": 26, "end": 47, "tag": "JusticeForJohnnyDepp"}], "mentions": [{"start": 0, "end": 15, "username": "realamberheard", "id": "807003567605227520"}, {"start": 16, "end": 25, "username": "UN_Women", "id": "17137628"}]}, "lang": "und", "author_id": "2197259222", "referenced_tweets": [{"type": "replied_to", "id": "1104419163060273153"}], "public_metrics": {"retweet_count": 0, "reply_count": 0, "like_count": 0, "quote_count": 0}, "text": "@realamberheard @UN_Women #JusticeForJohnnyDepp", "created_at": "2019-03-15T07:27:11.000Z", "source": "Twitter Web Client", "replied_tweet": {"id": "1104419163060273153", "entities": {"hashtags": [{"start": 132, "end": 147, "tag": "HappyWomensDay"}], "mentions": [{"start": 121, "end": 130, "username": "UN_Women", "id": "17137628"}], "urls": [{"start": 148, "end": 171, "url": "https://t.co/5fqSTDqWXt", "expanded_url": "https://twitter.com/UN_Women/status/1103755977990565888", "display_url": "twitter.com/UN_Women/statu\u2026"}]}, "lang": "en", "author_id": "807003567605227520", "referenced_tweets": [{"type": "quoted", "id": "1103755977990565888"}], "public_metrics": {"retweet_count": 51, "reply_count": 32, "like_count": 426, "quote_count": 5}, "text": "To all those disrupters &amp; individuals brave enough to brake the rules for reason, and to those who support them like @UN_Women  #HappyWomensDay https://t.co/5fqSTDqWXt", "created_at": "2019-03-09T16:30:22.000Z", "source": "Twitter for iPhone", "author": {"url": "https://t.co/Ze18Ek9SOI", "username": "realamberheard", "description": "Actor and Activist, semi-professional disruptor, ice cream advocate and shameless teacup yorkie-lover", "name": "Amber Heard", "location": "Los Angeles, CA", "created_at": "2016-12-08T23:26:58.000Z", "profile_image_url": "https://pbs.twimg.com/profile_images/1383196364792680448/N8CdupEu_normal.jpg", "public_metrics": {"followers_count": 190464, "following_count": 220, "tweet_count": 1151, "listed_count": 568}, "id": "807003567605227520"}}, "author": {"url": "", "username": "CVDasher", "description": "I create synthwave music, am an unprofessional gamer and I like giving my opinion on things (also thought the nae nae song was made by Soulja Boy, send help)", "name": "CV Dash", "location": "Denmark", "created_at": "2013-11-16T07:05:07.000Z", "profile_image_url": "https://pbs.twimg.com/profile_images/1283556053658021889/vXUajk3y_normal.jpg", "public_metrics": {"followers_count": 3, "following_count": 1, "tweet_count": 35, "listed_count": 0}, "id": "2197259222"}}, {"in_reply_to_user_id": "807003567605227520", "id": "1106018217343008768", "entities": {"mentions": [{"start": 0, "end": 15, "username": "realamberheard", "id": "807003567605227520"}, {"start": 16, "end": 25, "username": "UN_Women", "id": "17137628"}]}, "lang": "en", "author_id": "1049749877943619584", "referenced_tweets": [{"type": "replied_to", "id": "1104419163060273153"}], "public_metrics": {"retweet_count": 0, "reply_count": 0, "like_count": 1, "quote_count": 0}, "text": "@realamberheard @UN_Women Bigggg ripppplp jail time bitch", "created_at": "2019-03-14T02:24:26.000Z", "source": "Twitter for iPhone", "replied_tweet": {"id": "1104419163060273153", "entities": {"hashtags": [{"start": 132, "end": 147, "tag": "HappyWomensDay"}], "mentions": [{"start": 121, "end": 130, "username": "UN_Women", "id": "17137628"}], "urls": [{"start": 148, "end": 171, "url": "https://t.co/5fqSTDqWXt", "expanded_url": "https://twitter.com/UN_Women/status/1103755977990565888", "display_url": "twitter.com/UN_Women/statu\u2026"}]}, "lang": "en", "author_id": "807003567605227520", "referenced_tweets": [{"type": "quoted", "id": "1103755977990565888"}], "public_metrics": {"retweet_count": 51, "reply_count": 32, "like_count": 426, "quote_count": 5}, "text": "To all those disrupters &amp; individuals brave enough to brake the rules for reason, and to those who support them like @UN_Women  #HappyWomensDay https://t.co/5fqSTDqWXt", "created_at": "2019-03-09T16:30:22.000Z", "source": "Twitter for iPhone", "author": {"url": "https://t.co/Ze18Ek9SOI", "username": "realamberheard", "description": "Actor and Activist, semi-professional disruptor, ice cream advocate and shameless teacup yorkie-lover", "name": "Amber Heard", "location": "Los Angeles, CA", "created_at": "2016-12-08T23:26:58.000Z", "profile_image_url": "https://pbs.twimg.com/profile_images/1383196364792680448/N8CdupEu_normal.jpg", "public_metrics": {"followers_count": 190464, "following_count": 220, "tweet_count": 1151, "listed_count": 568}, "id": "807003567605227520"}}, "author": {"url": "", "username": "Matthew43128478", "description": "", "name": "Matty Cs", "created_at": "2018-10-09T19:54:09.000Z", "profile_image_url": "https://pbs.twimg.com/profile_images/1311771913321029632/TWUrrPIT_normal.jpg", "public_metrics": {"followers_count": 16, "following_count": 136, "tweet_count": 1204, "listed_count": 0}, "id": "1049749877943619584"}}, {"in_reply_to_user_id": "807003567605227520", "id": "1105945167016521729", "entities": {"mentions": [{"start": 0, "end": 15, "username": "realamberheard", "id": "807003567605227520"}], "annotations": [{"start": 43, "end": 48, "probability": 0.9601, "type": "Person", "normalized_text": "Johnny"}]}, "lang": "en", "author_id": "159993314", "referenced_tweets": [{"type": "replied_to", "id": "1104419163060273153"}], "public_metrics": {"retweet_count": 0, "reply_count": 0, "like_count": 5, "quote_count": 0}, "text": "@realamberheard You pay that money back to Johnny yet for lying?", "created_at": "2019-03-13T21:34:09.000Z", "source": "Twitter for iPhone", "replied_tweet": {"id": "1104419163060273153", "entities": {"hashtags": [{"start": 132, "end": 147, "tag": "HappyWomensDay"}], "mentions": [{"start": 121, "end": 130, "username": "UN_Women", "id": "17137628"}], "urls": [{"start": 148, "end": 171, "url": "https://t.co/5fqSTDqWXt", "expanded_url": "https://twitter.com/UN_Women/status/1103755977990565888", "display_url": "twitter.com/UN_Women/statu\u2026"}]}, "lang": "en", "author_id": "807003567605227520", "referenced_tweets": [{"type": "quoted", "id": "1103755977990565888"}], "public_metrics": {"retweet_count": 51, "reply_count": 32, "like_count": 426, "quote_count": 5}, "text": "To all those disrupters &amp; individuals brave enough to brake the rules for reason, and to those who support them like @UN_Women  #HappyWomensDay https://t.co/5fqSTDqWXt", "created_at": "2019-03-09T16:30:22.000Z", "source": "Twitter for iPhone", "author": {"url": "https://t.co/Ze18Ek9SOI", "username": "realamberheard", "description": "Actor and Activist, semi-professional disruptor, ice cream advocate and shameless teacup yorkie-lover", "name": "Amber Heard", "location": "Los Angeles, CA", "created_at": "2016-12-08T23:26:58.000Z", "profile_image_url": "https://pbs.twimg.com/profile_images/1383196364792680448/N8CdupEu_normal.jpg", "public_metrics": {"followers_count": 190464, "following_count": 220, "tweet_count": 1151, "listed_count": 568}, "id": "807003567605227520"}}, "author": {"url": "", "username": "Cayyykes", "description": "93 Til\u2019 Infinity", "name": "red peppa flake \ud83c\udf36", "created_at": "2010-06-26T22:17:30.000Z", "profile_image_url": "https://pbs.twimg.com/profile_images/1501058015096553474/oww_QKrI_normal.jpg", "public_metrics": {"followers_count": 1905, "following_count": 883, "tweet_count": 149692, "listed_count": 13}, "id": "159993314"}}, {"in_reply_to_user_id": "807003567605227520", "id": "1105716248602701824", "entities": {"mentions": [{"start": 0, "end": 15, "username": "realamberheard", "id": "807003567605227520"}, {"start": 16, "end": 25, "username": "UN_Women", "id": "17137628"}]}, "lang": "en", "author_id": "408900938", "referenced_tweets": [{"type": "replied_to", "id": "1104419163060273153"}], "public_metrics": {"retweet_count": 0, "reply_count": 0, "like_count": 0, "quote_count": 0}, "text": "@realamberheard @UN_Women Gold digger lesbo go dig a hole and crawl in it", "created_at": "2019-03-13T06:24:31.000Z", "source": "Twitter for iPhone", "replied_tweet": {"id": "1104419163060273153", "entities": {"hashtags": [{"start": 132, "end": 147, "tag": "HappyWomensDay"}], "mentions": [{"start": 121, "end": 130, "username": "UN_Women", "id": "17137628"}], "urls": [{"start": 148, "end": 171, "url": "https://t.co/5fqSTDqWXt", "expanded_url": "https://twitter.com/UN_Women/status/1103755977990565888", "display_url": "twitter.com/UN_Women/statu\u2026"}]}, "lang": "en", "author_id": "807003567605227520", "referenced_tweets": [{"type": "quoted", "id": "1103755977990565888"}], "public_metrics": {"retweet_count": 51, "reply_count": 32, "like_count": 426, "quote_count": 5}, "text": "To all those disrupters &amp; individuals brave enough to brake the rules for reason, and to those who support them like @UN_Women  #HappyWomensDay https://t.co/5fqSTDqWXt", "created_at": "2019-03-09T16:30:22.000Z", "source": "Twitter for iPhone", "author": {"url": "https://t.co/Ze18Ek9SOI", "username": "realamberheard", "description": "Actor and Activist, semi-professional disruptor, ice cream advocate and shameless teacup yorkie-lover", "name": "Amber Heard", "location": "Los Angeles, CA", "created_at": "2016-12-08T23:26:58.000Z", "profile_image_url": "https://pbs.twimg.com/profile_images/1383196364792680448/N8CdupEu_normal.jpg", "public_metrics": {"followers_count": 190464, "following_count": 220, "tweet_count": 1151, "listed_count": 568}, "id": "807003567605227520"}}, "author": {"url": "", "username": "ChiChi2875", "description": "", "name": "Cathy Thomas", "location": "Houston Texas", "created_at": "2011-11-10T01:26:24.000Z", "profile_image_url": "https://pbs.twimg.com/profile_images/768708847007592448/ptjF5aJH_normal.jpg", "public_metrics": {"followers_count": 0, "following_count": 59, "tweet_count": 471, "listed_count": 0}, "id": "408900938"}}, {"in_reply_to_user_id": "3707617761", "id": "1105680552479412224", "entities": {"mentions": [{"start": 0, "end": 13, "username": "merafeelings", "id": "1130565226636677121"}, {"start": 14, "end": 29, "username": "realamberheard", "id": "807003567605227520"}, {"start": 30, "end": 39, "username": "UN_Women", "id": "17137628"}]}, "lang": "en", "author_id": "36322433", "referenced_tweets": [{"type": "replied_to", "id": "1104422940769247232"}], "public_metrics": {"retweet_count": 0, "reply_count": 0, "like_count": 7, "quote_count": 0}, "text": "@merafeelings @realamberheard @UN_Women LEL a strong liar you mean?", "created_at": "2019-03-13T04:02:40.000Z", "source": "Twitter for Android", "replied_tweet": {"id": "1104419163060273153", "entities": {"hashtags": [{"start": 132, "end": 147, "tag": "HappyWomensDay"}], "mentions": [{"start": 121, "end": 130, "username": "UN_Women", "id": "17137628"}], "urls": [{"start": 148, "end": 171, "url": "https://t.co/5fqSTDqWXt", "expanded_url": "https://twitter.com/UN_Women/status/1103755977990565888", "display_url": "twitter.com/UN_Women/statu\u2026"}]}, "lang": "en", "author_id": "807003567605227520", "referenced_tweets": [{"type": "quoted", "id": "1103755977990565888"}], "public_metrics": {"retweet_count": 51, "reply_count": 32, "like_count": 426, "quote_count": 5}, "text": "To all those disrupters &amp; individuals brave enough to brake the rules for reason, and to those who support them like @UN_Women  #HappyWomensDay https://t.co/5fqSTDqWXt", "created_at": "2019-03-09T16:30:22.000Z", "source": "Twitter for iPhone", "author": {"url": "https://t.co/Ze18Ek9SOI", "username": "realamberheard", "description": "Actor and Activist, semi-professional disruptor, ice cream advocate and shameless teacup yorkie-lover", "name": "Amber Heard", "location": "Los Angeles, CA", "created_at": "2016-12-08T23:26:58.000Z", "profile_image_url": "https://pbs.twimg.com/profile_images/1383196364792680448/N8CdupEu_normal.jpg", "public_metrics": {"followers_count": 190464, "following_count": 220, "tweet_count": 1151, "listed_count": 568}, "id": "807003567605227520"}}, "author": {"url": "https://t.co/Crk3NaTY1E", "username": "dailyjohns", "description": "Believer of Extra Terrestrials.", "name": "WAP (Sad Girl Autumn Version)", "location": "rock bottom", "created_at": "2009-04-29T09:20:33.000Z", "profile_image_url": "https://pbs.twimg.com/profile_images/1483805134719229964/HWYLvLWZ_normal.jpg", "public_metrics": {"followers_count": 3871, "following_count": 1482, "tweet_count": 35103, "listed_count": 40}, "id": "36322433"}}, {"in_reply_to_user_id": "807003567605227520", "id": "1105646161703120897", "entities": {"mentions": [{"start": 0, "end": 15, "username": "realamberheard", "id": "807003567605227520"}, {"start": 16, "end": 25, "username": "UN_Women", "id": "17137628"}]}, "lang": "en", "author_id": "825508682", "referenced_tweets": [{"type": "replied_to", "id": "1104419163060273153"}], "public_metrics": {"retweet_count": 0, "reply_count": 0, "like_count": 1, "quote_count": 0}, "text": "@realamberheard @UN_Women *break*", "created_at": "2019-03-13T01:46:01.000Z", "source": "Twitter for Android", "replied_tweet": {"id": "1104419163060273153", "entities": {"hashtags": [{"start": 132, "end": 147, "tag": "HappyWomensDay"}], "mentions": [{"start": 121, "end": 130, "username": "UN_Women", "id": "17137628"}], "urls": [{"start": 148, "end": 171, "url": "https://t.co/5fqSTDqWXt", "expanded_url": "https://twitter.com/UN_Women/status/1103755977990565888", "display_url": "twitter.com/UN_Women/statu\u2026"}]}, "lang": "en", "author_id": "807003567605227520", "referenced_tweets": [{"type": "quoted", "id": "1103755977990565888"}], "public_metrics": {"retweet_count": 51, "reply_count": 32, "like_count": 426, "quote_count": 5}, "text": "To all those disrupters &amp; individuals brave enough to brake the rules for reason, and to those who support them like @UN_Women  #HappyWomensDay https://t.co/5fqSTDqWXt", "created_at": "2019-03-09T16:30:22.000Z", "source": "Twitter for iPhone", "author": {"url": "https://t.co/Ze18Ek9SOI", "username": "realamberheard", "description": "Actor and Activist, semi-professional disruptor, ice cream advocate and shameless teacup yorkie-lover", "name": "Amber Heard", "location": "Los Angeles, CA", "created_at": "2016-12-08T23:26:58.000Z", "profile_image_url": "https://pbs.twimg.com/profile_images/1383196364792680448/N8CdupEu_normal.jpg", "public_metrics": {"followers_count": 190464, "following_count": 220, "tweet_count": 1151, "listed_count": 568}, "id": "807003567605227520"}}, "author": {"url": "", "username": "Collins3Eva", "description": "Proud Liberal - Political Junkie -\nLooking forward to some normalcy", "name": "Eva Collins", "location": "Chicago", "created_at": "2012-09-15T15:57:44.000Z", "profile_image_url": "https://pbs.twimg.com/profile_images/1010307418654478336/D22rSsqK_normal.jpg", "public_metrics": {"followers_count": 1040, "following_count": 2460, "tweet_count": 9640, "listed_count": 3}, "id": "825508682"}}, {"in_reply_to_user_id": "807003567605227520", "id": "1105560545116278784", "entities": {"mentions": [{"start": 0, "end": 15, "username": "realamberheard", "id": "807003567605227520"}, {"start": 16, "end": 25, "username": "UN_Women", "id": "17137628"}]}, "lang": "en", "author_id": "193045488", "referenced_tweets": [{"type": "replied_to", "id": "1104419163060273153"}], "public_metrics": {"retweet_count": 0, "reply_count": 0, "like_count": 4, "quote_count": 0}, "text": "@realamberheard @UN_Women Lying piece of shit. Gtfo.", "created_at": "2019-03-12T20:05:48.000Z", "source": "Twitter for iPhone", "replied_tweet": {"id": "1104419163060273153", "entities": {"hashtags": [{"start": 132, "end": 147, "tag": "HappyWomensDay"}], "mentions": [{"start": 121, "end": 130, "username": "UN_Women", "id": "17137628"}], "urls": [{"start": 148, "end": 171, "url": "https://t.co/5fqSTDqWXt", "expanded_url": "https://twitter.com/UN_Women/status/1103755977990565888", "display_url": "twitter.com/UN_Women/statu\u2026"}]}, "lang": "en", "author_id": "807003567605227520", "referenced_tweets": [{"type": "quoted", "id": "1103755977990565888"}], "public_metrics": {"retweet_count": 51, "reply_count": 32, "like_count": 426, "quote_count": 5}, "text": "To all those disrupters &amp; individuals brave enough to brake the rules for reason, and to those who support them like @UN_Women  #HappyWomensDay https://t.co/5fqSTDqWXt", "created_at": "2019-03-09T16:30:22.000Z", "source": "Twitter for iPhone", "author": {"url": "https://t.co/Ze18Ek9SOI", "username": "realamberheard", "description": "Actor and Activist, semi-professional disruptor, ice cream advocate and shameless teacup yorkie-lover", "name": "Amber Heard", "location": "Los Angeles, CA", "created_at": "2016-12-08T23:26:58.000Z", "profile_image_url": "https://pbs.twimg.com/profile_images/1383196364792680448/N8CdupEu_normal.jpg", "public_metrics": {"followers_count": 190464, "following_count": 220, "tweet_count": 1151, "listed_count": 568}, "id": "807003567605227520"}}, "author": {"url": "", "username": "StephanPop", "description": "PoP will never be LoW BrOw", "name": "StphnPoP", "created_at": "2010-09-20T20:51:45.000Z", "profile_image_url": "https://pbs.twimg.com/profile_images/1386791118914920456/xUiusCbs_normal.jpg", "public_metrics": {"followers_count": 286, "following_count": 443, "tweet_count": 8066, "listed_count": 4}, "id": "193045488"}}, {"in_reply_to_user_id": "3707617761", "id": "1105476525481254913", "entities": {"mentions": [{"start": 0, "end": 13, "username": "merafeelings", "id": "1130565226636677121"}, {"start": 14, "end": 29, "username": "realamberheard", "id": "807003567605227520"}, {"start": 30, "end": 39, "username": "UN_Women", "id": "17137628"}]}, "lang": "en", "author_id": "1094219712936988672", "referenced_tweets": [{"type": "replied_to", "id": "1104422811047813121"}], "public_metrics": {"retweet_count": 0, "reply_count": 0, "like_count": 1, "quote_count": 0}, "text": "@merafeelings @realamberheard @UN_Women She isn\u2019t a victim, you stupid log", "created_at": "2019-03-12T14:31:57.000Z", "source": "Twitter for iPhone", "replied_tweet": {"id": "1104419163060273153", "entities": {"hashtags": [{"start": 132, "end": 147, "tag": "HappyWomensDay"}], "mentions": [{"start": 121, "end": 130, "username": "UN_Women", "id": "17137628"}], "urls": [{"start": 148, "end": 171, "url": "https://t.co/5fqSTDqWXt", "expanded_url": "https://twitter.com/UN_Women/status/1103755977990565888", "display_url": "twitter.com/UN_Women/statu\u2026"}]}, "lang": "en", "author_id": "807003567605227520", "referenced_tweets": [{"type": "quoted", "id": "1103755977990565888"}], "public_metrics": {"retweet_count": 51, "reply_count": 32, "like_count": 426, "quote_count": 5}, "text": "To all those disrupters &amp; individuals brave enough to brake the rules for reason, and to those who support them like @UN_Women  #HappyWomensDay https://t.co/5fqSTDqWXt", "created_at": "2019-03-09T16:30:22.000Z", "source": "Twitter for iPhone", "author": {"url": "https://t.co/Ze18Ek9SOI", "username": "realamberheard", "description": "Actor and Activist, semi-professional disruptor, ice cream advocate and shameless teacup yorkie-lover", "name": "Amber Heard", "location": "Los Angeles, CA", "created_at": "2016-12-08T23:26:58.000Z", "profile_image_url": "https://pbs.twimg.com/profile_images/1383196364792680448/N8CdupEu_normal.jpg", "public_metrics": {"followers_count": 190464, "following_count": 220, "tweet_count": 1151, "listed_count": 568}, "id": "807003567605227520"}}, "author": {"url": "", "username": "evanslandd", "description": "Cool as Chris Evans #johnnydeppisinnocent \u200e\u238a \ud800\udec0 \u201cit\u2019s okay\u201d \u201cI am Iron man\u201d \u201cI can do this all day - Yeah I know\u201d", "name": "elizzzzabeth THERE IS NO END GAME FOR ME.", "location": "Deppkingdom", "created_at": "2019-02-09T13:01:23.000Z", "profile_image_url": "https://pbs.twimg.com/profile_images/1094220033272803328/YRsUGHhM_normal.jpg", "public_metrics": {"followers_count": 2, "following_count": 31, "tweet_count": 208, "listed_count": 0}, "id": "1094219712936988672"}}, {"in_reply_to_user_id": "807003567605227520", "id": "1105210527972814849", "entities": {"mentions": [{"start": 0, "end": 15, "username": "realamberheard", "id": "807003567605227520"}, {"start": 16, "end": 25, "username": "UN_Women", "id": "17137628"}], "annotations": [{"start": 142, "end": 150, "probability": 0.9825, "type": "Place", "normalized_text": "Australia"}, {"start": 162, "end": 165, "probability": 0.9425, "type": "Person", "normalized_text": "Depp"}]}, "lang": "en", "author_id": "1012579484380299264", "referenced_tweets": [{"type": "replied_to", "id": "1104419163060273153"}], "public_metrics": {"retweet_count": 0, "reply_count": 0, "like_count": 5, "quote_count": 0}, "text": "@realamberheard @UN_Women Her face, her life, her allegations. All MADE UP.  Put her dogs in harm's way with false documents to get them into Australia, divorced Depp the DAY AFTER his mom passed., and launched a 3-YEAR long campaign against him; longer than she was married. Poo poo!", "created_at": "2019-03-11T20:54:58.000Z", "source": "Twitter Web Client", "replied_tweet": {"id": "1104419163060273153", "entities": {"hashtags": [{"start": 132, "end": 147, "tag": "HappyWomensDay"}], "mentions": [{"start": 121, "end": 130, "username": "UN_Women", "id": "17137628"}], "urls": [{"start": 148, "end": 171, "url": "https://t.co/5fqSTDqWXt", "expanded_url": "https://twitter.com/UN_Women/status/1103755977990565888", "display_url": "twitter.com/UN_Women/statu\u2026"}]}, "lang": "en", "author_id": "807003567605227520", "referenced_tweets": [{"type": "quoted", "id": "1103755977990565888"}], "public_metrics": {"retweet_count": 51, "reply_count": 32, "like_count": 426, "quote_count": 5}, "text": "To all those disrupters &amp; individuals brave enough to brake the rules for reason, and to those who support them like @UN_Women  #HappyWomensDay https://t.co/5fqSTDqWXt", "created_at": "2019-03-09T16:30:22.000Z", "source": "Twitter for iPhone", "author": {"url": "https://t.co/Ze18Ek9SOI", "username": "realamberheard", "description": "Actor and Activist, semi-professional disruptor, ice cream advocate and shameless teacup yorkie-lover", "name": "Amber Heard", "location": "Los Angeles, CA", "created_at": "2016-12-08T23:26:58.000Z", "profile_image_url": "https://pbs.twimg.com/profile_images/1383196364792680448/N8CdupEu_normal.jpg", "public_metrics": {"followers_count": 190464, "following_count": 220, "tweet_count": 1151, "listed_count": 568}, "id": "807003567605227520"}}, "author": {"url": "", "username": "j_demone", "description": "", "name": "JDemone", "created_at": "2018-06-29T06:12:16.000Z", "profile_image_url": "https://pbs.twimg.com/profile_images/1104942242475765761/5ijJUiMH_normal.png", "public_metrics": {"followers_count": 1, "following_count": 1, "tweet_count": 30, "listed_count": 0}, "id": "1012579484380299264"}}, {"in_reply_to_user_id": "807003567605227520", "id": "1105066731884621825", "entities": {"hashtags": [{"start": 80, "end": 102, "tag": "ArrestpollachiRapists"}], "mentions": [{"start": 0, "end": 15, "username": "realamberheard", "id": "807003567605227520"}, {"start": 16, "end": 25, "username": "UN_Women", "id": "17137628"}], "annotations": [{"start": 69, "end": 70, "probability": 0.9924, "type": "Place", "normalized_text": "TN"}, {"start": 73, "end": 77, "probability": 0.9282, "type": "Place", "normalized_text": "India"}]}, "lang": "en", "author_id": "3280663423", "referenced_tweets": [{"type": "replied_to", "id": "1104419163060273153"}], "public_metrics": {"retweet_count": 0, "reply_count": 0, "like_count": 0, "quote_count": 0}, "text": "@realamberheard @UN_Women 270 girls were rapped from ruling party in TN, India\n\n#ArrestpollachiRapists", "created_at": "2019-03-11T11:23:34.000Z", "source": "Twitter for Android", "replied_tweet": {"id": "1104419163060273153", "entities": {"hashtags": [{"start": 132, "end": 147, "tag": "HappyWomensDay"}], "mentions": [{"start": 121, "end": 130, "username": "UN_Women", "id": "17137628"}], "urls": [{"start": 148, "end": 171, "url": "https://t.co/5fqSTDqWXt", "expanded_url": "https://twitter.com/UN_Women/status/1103755977990565888", "display_url": "twitter.com/UN_Women/statu\u2026"}]}, "lang": "en", "author_id": "807003567605227520", "referenced_tweets": [{"type": "quoted", "id": "1103755977990565888"}], "public_metrics": {"retweet_count": 51, "reply_count": 32, "like_count": 426, "quote_count": 5}, "text": "To all those disrupters &amp; individuals brave enough to brake the rules for reason, and to those who support them like @UN_Women  #HappyWomensDay https://t.co/5fqSTDqWXt", "created_at": "2019-03-09T16:30:22.000Z", "source": "Twitter for iPhone", "author": {"url": "https://t.co/Ze18Ek9SOI", "username": "realamberheard", "description": "Actor and Activist, semi-professional disruptor, ice cream advocate and shameless teacup yorkie-lover", "name": "Amber Heard", "location": "Los Angeles, CA", "created_at": "2016-12-08T23:26:58.000Z", "profile_image_url": "https://pbs.twimg.com/profile_images/1383196364792680448/N8CdupEu_normal.jpg", "public_metrics": {"followers_count": 190464, "following_count": 220, "tweet_count": 1151, "listed_count": 568}, "id": "807003567605227520"}}, "author": {"url": "", "username": "kamalcartoonist", "description": "Cartoonist,\nStoryboard artist,\nSmoker boy,\nBeliever, \nLearner, \nTamil,", "name": "kamal", "location": "British Columbia, Canada", "created_at": "2015-07-15T12:48:13.000Z", "profile_image_url": "https://pbs.twimg.com/profile_images/1049626755307196416/aP87hOg3_normal.jpg", "public_metrics": {"followers_count": 349, "following_count": 255, "tweet_count": 519, "listed_count": 0}, "id": "3280663423"}}, {"in_reply_to_user_id": "807003567605227520", "id": "1104710122687918080", "entities": {"mentions": [{"start": 0, "end": 15, "username": "realamberheard", "id": "807003567605227520"}, {"start": 16, "end": 25, "username": "UN_Women", "id": "17137628"}]}, "lang": "en", "author_id": "717763291477581824", "referenced_tweets": [{"type": "replied_to", "id": "1104419163060273153"}], "public_metrics": {"retweet_count": 0, "reply_count": 0, "like_count": 11, "quote_count": 0}, "text": "@realamberheard @UN_Women Black eye on women\u00b4s day. Team Johnny!", "created_at": "2019-03-10T11:46:32.000Z", "source": "Twitter Web Client", "replied_tweet": {"id": "1104419163060273153", "entities": {"hashtags": [{"start": 132, "end": 147, "tag": "HappyWomensDay"}], "mentions": [{"start": 121, "end": 130, "username": "UN_Women", "id": "17137628"}], "urls": [{"start": 148, "end": 171, "url": "https://t.co/5fqSTDqWXt", "expanded_url": "https://twitter.com/UN_Women/status/1103755977990565888", "display_url": "twitter.com/UN_Women/statu\u2026"}]}, "lang": "en", "author_id": "807003567605227520", "referenced_tweets": [{"type": "quoted", "id": "1103755977990565888"}], "public_metrics": {"retweet_count": 51, "reply_count": 32, "like_count": 426, "quote_count": 5}, "text": "To all those disrupters &amp; individuals brave enough to brake the rules for reason, and to those who support them like @UN_Women  #HappyWomensDay https://t.co/5fqSTDqWXt", "created_at": "2019-03-09T16:30:22.000Z", "source": "Twitter for iPhone", "author": {"url": "https://t.co/Ze18Ek9SOI", "username": "realamberheard", "description": "Actor and Activist, semi-professional disruptor, ice cream advocate and shameless teacup yorkie-lover", "name": "Amber Heard", "location": "Los Angeles, CA", "created_at": "2016-12-08T23:26:58.000Z", "profile_image_url": "https://pbs.twimg.com/profile_images/1383196364792680448/N8CdupEu_normal.jpg", "public_metrics": {"followers_count": 190464, "following_count": 220, "tweet_count": 1151, "listed_count": 568}, "id": "807003567605227520"}}, "author": {"url": "", "username": "nonunnun", "description": "visiting this planet\n*innen bleibt drau\u00dfen\nEveryone has a right to feel offended.\n#JusticeForJohnnyDeppVirginia2022\n#MINAMATA is a MUST WATCH in cinema!", "name": "Mea Mara \ud83c\udde9\ud83c\uddea \ud83c\udff4\u200d\u2620\ufe0f#KeepJohnnyDeppAfloat", "location": "Mellywood", "created_at": "2016-04-06T17:17:58.000Z", "profile_image_url": "https://pbs.twimg.com/profile_images/1502959653432475649/7ynjm5bw_normal.jpg", "public_metrics": {"followers_count": 1889, "following_count": 1238, "tweet_count": 65979, "listed_count": 12}, "id": "717763291477581824"}}, {"in_reply_to_user_id": "807003567605227520", "id": "1104569304593293313", "entities": {"mentions": [{"start": 0, "end": 15, "username": "realamberheard", "id": "807003567605227520"}, {"start": 16, "end": 25, "username": "UN_Women", "id": "17137628"}, {"start": 41, "end": 56, "username": "realamberheard", "id": "807003567605227520"}]}, "lang": "en", "author_id": "1071614258096431104", "referenced_tweets": [{"type": "replied_to", "id": "1104419163060273153"}], "public_metrics": {"retweet_count": 0, "reply_count": 0, "like_count": 0, "quote_count": 0}, "text": "@realamberheard @UN_Women I see yess \ud83d\ude0d\ud83d\ude4c\ud83d\ude4c\u2764@realamberheard", "created_at": "2019-03-10T02:26:58.000Z", "source": "Twitter for Android", "replied_tweet": {"id": "1104419163060273153", "entities": {"hashtags": [{"start": 132, "end": 147, "tag": "HappyWomensDay"}], "mentions": [{"start": 121, "end": 130, "username": "UN_Women", "id": "17137628"}], "urls": [{"start": 148, "end": 171, "url": "https://t.co/5fqSTDqWXt", "expanded_url": "https://twitter.com/UN_Women/status/1103755977990565888", "display_url": "twitter.com/UN_Women/statu\u2026"}]}, "lang": "en", "author_id": "807003567605227520", "referenced_tweets": [{"type": "quoted", "id": "1103755977990565888"}], "public_metrics": {"retweet_count": 51, "reply_count": 32, "like_count": 426, "quote_count": 5}, "text": "To all those disrupters &amp; individuals brave enough to brake the rules for reason, and to those who support them like @UN_Women  #HappyWomensDay https://t.co/5fqSTDqWXt", "created_at": "2019-03-09T16:30:22.000Z", "source": "Twitter for iPhone", "author": {"url": "https://t.co/Ze18Ek9SOI", "username": "realamberheard", "description": "Actor and Activist, semi-professional disruptor, ice cream advocate and shameless teacup yorkie-lover", "name": "Amber Heard", "location": "Los Angeles, CA", "created_at": "2016-12-08T23:26:58.000Z", "profile_image_url": "https://pbs.twimg.com/profile_images/1383196364792680448/N8CdupEu_normal.jpg", "public_metrics": {"followers_count": 190464, "following_count": 220, "tweet_count": 1151, "listed_count": 568}, "id": "807003567605227520"}}, "author": {"url": "", "username": "Joyawahid1", "description": "@Lisaandriansalon\ud83d\udc87\ud83d\udc86\ud83d\udc84\ud83d\udc85\nHair n make up", "name": "Joya_wahid                          \ud83d\udc2c\ud83d\udc33\ud83d\udc2c\ud83d\udc33\ud83d\udc0b\ud83d\udc33\ud83d\udc2c", "location": "DKI Jakarta,bali,Indonesia", "created_at": "2018-12-09T03:55:23.000Z", "profile_image_url": "https://pbs.twimg.com/profile_images/1123131394597634050/m5Toggin_normal.jpg", "public_metrics": {"followers_count": 5, "following_count": 82, "tweet_count": 389, "listed_count": 0}, "id": "1071614258096431104"}}, {"in_reply_to_user_id": "807003567605227520", "id": "1104491717443624965", "entities": {"mentions": [{"start": 0, "end": 15, "username": "realamberheard", "id": "807003567605227520"}, {"start": 16, "end": 25, "username": "UN_Women", "id": "17137628"}]}, "lang": "en", "author_id": "1073381354149158913", "referenced_tweets": [{"type": "replied_to", "id": "1104419163060273153"}], "public_metrics": {"retweet_count": 0, "reply_count": 0, "like_count": 7, "quote_count": 0}, "text": "@realamberheard @UN_Women Also fuck you your not an activist or feminist because of the abuse you have inflicted", "created_at": "2019-03-09T21:18:40.000Z", "source": "Twitter for Android", "replied_tweet": {"id": "1104419163060273153", "entities": {"hashtags": [{"start": 132, "end": 147, "tag": "HappyWomensDay"}], "mentions": [{"start": 121, "end": 130, "username": "UN_Women", "id": "17137628"}], "urls": [{"start": 148, "end": 171, "url": "https://t.co/5fqSTDqWXt", "expanded_url": "https://twitter.com/UN_Women/status/1103755977990565888", "display_url": "twitter.com/UN_Women/statu\u2026"}]}, "lang": "en", "author_id": "807003567605227520", "referenced_tweets": [{"type": "quoted", "id": "1103755977990565888"}], "public_metrics": {"retweet_count": 51, "reply_count": 32, "like_count": 426, "quote_count": 5}, "text": "To all those disrupters &amp; individuals brave enough to brake the rules for reason, and to those who support them like @UN_Women  #HappyWomensDay https://t.co/5fqSTDqWXt", "created_at": "2019-03-09T16:30:22.000Z", "source": "Twitter for iPhone", "author": {"url": "https://t.co/Ze18Ek9SOI", "username": "realamberheard", "description": "Actor and Activist, semi-professional disruptor, ice cream advocate and shameless teacup yorkie-lover", "name": "Amber Heard", "location": "Los Angeles, CA", "created_at": "2016-12-08T23:26:58.000Z", "profile_image_url": "https://pbs.twimg.com/profile_images/1383196364792680448/N8CdupEu_normal.jpg", "public_metrics": {"followers_count": 190464, "following_count": 220, "tweet_count": 1151, "listed_count": 568}, "id": "807003567605227520"}}, "author": {"url": "", "username": "Spacealliens1", "description": "Amelia \nHHS sophomore", "name": "Spacealliens", "location": "Texas, USA", "created_at": "2018-12-14T00:57:12.000Z", "profile_image_url": "https://pbs.twimg.com/profile_images/1073384386308046848/Bq2t4B92_normal.jpg", "public_metrics": {"followers_count": 10, "following_count": 56, "tweet_count": 437, "listed_count": 0}, "id": "1073381354149158913"}}, {"in_reply_to_user_id": "807003567605227520", "id": "1104464391204978689", "entities": {"mentions": [{"start": 0, "end": 15, "username": "realamberheard", "id": "807003567605227520"}, {"start": 16, "end": 25, "username": "UN_Women", "id": "17137628"}]}, "lang": "en", "author_id": "1073381354149158913", "referenced_tweets": [{"type": "replied_to", "id": "1104419163060273153"}], "public_metrics": {"retweet_count": 0, "reply_count": 0, "like_count": 15, "quote_count": 0}, "text": "@realamberheard @UN_Women Can you not hit people", "created_at": "2019-03-09T19:30:05.000Z", "source": "Twitter for Android", "replied_tweet": {"id": "1104419163060273153", "entities": {"hashtags": [{"start": 132, "end": 147, "tag": "HappyWomensDay"}], "mentions": [{"start": 121, "end": 130, "username": "UN_Women", "id": "17137628"}], "urls": [{"start": 148, "end": 171, "url": "https://t.co/5fqSTDqWXt", "expanded_url": "https://twitter.com/UN_Women/status/1103755977990565888", "display_url": "twitter.com/UN_Women/statu\u2026"}]}, "lang": "en", "author_id": "807003567605227520", "referenced_tweets": [{"type": "quoted", "id": "1103755977990565888"}], "public_metrics": {"retweet_count": 51, "reply_count": 32, "like_count": 426, "quote_count": 5}, "text": "To all those disrupters &amp; individuals brave enough to brake the rules for reason, and to those who support them like @UN_Women  #HappyWomensDay https://t.co/5fqSTDqWXt", "created_at": "2019-03-09T16:30:22.000Z", "source": "Twitter for iPhone", "author": {"url": "https://t.co/Ze18Ek9SOI", "username": "realamberheard", "description": "Actor and Activist, semi-professional disruptor, ice cream advocate and shameless teacup yorkie-lover", "name": "Amber Heard", "location": "Los Angeles, CA", "created_at": "2016-12-08T23:26:58.000Z", "profile_image_url": "https://pbs.twimg.com/profile_images/1383196364792680448/N8CdupEu_normal.jpg", "public_metrics": {"followers_count": 190464, "following_count": 220, "tweet_count": 1151, "listed_count": 568}, "id": "807003567605227520"}}, "author": {"url": "", "username": "Spacealliens1", "description": "Amelia \nHHS sophomore", "name": "Spacealliens", "location": "Texas, USA", "created_at": "2018-12-14T00:57:12.000Z", "profile_image_url": "https://pbs.twimg.com/profile_images/1073384386308046848/Bq2t4B92_normal.jpg", "public_metrics": {"followers_count": 10, "following_count": 56, "tweet_count": 437, "listed_count": 0}, "id": "1073381354149158913"}}, {"in_reply_to_user_id": "807003567605227520", "id": "1104422657557229570", "entities": {"mentions": [{"start": 0, "end": 15, "username": "realamberheard", "id": "807003567605227520"}, {"start": 16, "end": 25, "username": "UN_Women", "id": "17137628"}], "annotations": [{"start": 52, "end": 56, "probability": 0.9463, "type": "Person", "normalized_text": "Amber"}]}, "lang": "en", "author_id": "4396120342", "referenced_tweets": [{"type": "replied_to", "id": "1104419163060273153"}], "public_metrics": {"retweet_count": 0, "reply_count": 0, "like_count": 5, "quote_count": 0}, "text": "@realamberheard @UN_Women Happy women's day to you, Amber \ud83d\ude18", "created_at": "2019-03-09T16:44:15.000Z", "source": "Twitter for Android", "replied_tweet": {"id": "1104419163060273153", "entities": {"hashtags": [{"start": 132, "end": 147, "tag": "HappyWomensDay"}], "mentions": [{"start": 121, "end": 130, "username": "UN_Women", "id": "17137628"}], "urls": [{"start": 148, "end": 171, "url": "https://t.co/5fqSTDqWXt", "expanded_url": "https://twitter.com/UN_Women/status/1103755977990565888", "display_url": "twitter.com/UN_Women/statu\u2026"}]}, "lang": "en", "author_id": "807003567605227520", "referenced_tweets": [{"type": "quoted", "id": "1103755977990565888"}], "public_metrics": {"retweet_count": 51, "reply_count": 32, "like_count": 426, "quote_count": 5}, "text": "To all those disrupters &amp; individuals brave enough to brake the rules for reason, and to those who support them like @UN_Women  #HappyWomensDay https://t.co/5fqSTDqWXt", "created_at": "2019-03-09T16:30:22.000Z", "source": "Twitter for iPhone", "author": {"url": "https://t.co/Ze18Ek9SOI", "username": "realamberheard", "description": "Actor and Activist, semi-professional disruptor, ice cream advocate and shameless teacup yorkie-lover", "name": "Amber Heard", "location": "Los Angeles, CA", "created_at": "2016-12-08T23:26:58.000Z", "profile_image_url": "https://pbs.twimg.com/profile_images/1383196364792680448/N8CdupEu_normal.jpg", "public_metrics": {"followers_count": 190464, "following_count": 220, "tweet_count": 1151, "listed_count": 568}, "id": "807003567605227520"}}, "author": {"url": "", "username": "stirgussa", "description": "Only two things are infinite, the universe and human stupidity, and I'm not sure about the former. - Albert Einstein and Me!", "name": "STIRGUS SACCHETTI", "created_at": "2015-12-06T17:21:06.000Z", "profile_image_url": "https://pbs.twimg.com/profile_images/1378175478478082050/UKLiQPuk_normal.jpg", "public_metrics": {"followers_count": 678, "following_count": 296, "tweet_count": 58624, "listed_count": 26}, "id": "4396120342"}}, {"in_reply_to_user_id": "807003567605227520", "id": "1104420841012506624", "entities": {"mentions": [{"start": 0, "end": 15, "username": "realamberheard", "id": "807003567605227520"}, {"start": 16, "end": 25, "username": "UN_Women", "id": "17137628"}]}, "lang": "en", "author_id": "49303675", "referenced_tweets": [{"type": "replied_to", "id": "1104419163060273153"}], "public_metrics": {"retweet_count": 0, "reply_count": 0, "like_count": 2, "quote_count": 0}, "text": "@realamberheard @UN_Women I love youuuuu", "created_at": "2019-03-09T16:37:02.000Z", "source": "Twitter for iPhone", "replied_tweet": {"id": "1104419163060273153", "entities": {"hashtags": [{"start": 132, "end": 147, "tag": "HappyWomensDay"}], "mentions": [{"start": 121, "end": 130, "username": "UN_Women", "id": "17137628"}], "urls": [{"start": 148, "end": 171, "url": "https://t.co/5fqSTDqWXt", "expanded_url": "https://twitter.com/UN_Women/status/1103755977990565888", "display_url": "twitter.com/UN_Women/statu\u2026"}]}, "lang": "en", "author_id": "807003567605227520", "referenced_tweets": [{"type": "quoted", "id": "1103755977990565888"}], "public_metrics": {"retweet_count": 51, "reply_count": 32, "like_count": 426, "quote_count": 5}, "text": "To all those disrupters &amp; individuals brave enough to brake the rules for reason, and to those who support them like @UN_Women  #HappyWomensDay https://t.co/5fqSTDqWXt", "created_at": "2019-03-09T16:30:22.000Z", "source": "Twitter for iPhone", "author": {"url": "https://t.co/Ze18Ek9SOI", "username": "realamberheard", "description": "Actor and Activist, semi-professional disruptor, ice cream advocate and shameless teacup yorkie-lover", "name": "Amber Heard", "location": "Los Angeles, CA", "created_at": "2016-12-08T23:26:58.000Z", "profile_image_url": "https://pbs.twimg.com/profile_images/1383196364792680448/N8CdupEu_normal.jpg", "public_metrics": {"followers_count": 190464, "following_count": 220, "tweet_count": 1151, "listed_count": 568}, "id": "807003567605227520"}}, "author": {"url": "", "username": "maybonnevier", "description": "\u201cout. for. a. walk. bitch \ud83e\udd19\ud83c\udffb\u201d -Spike, Buffy s5e5. Catmom x 2 and fangirl x a lot", "name": "May\ud83d\udc0a\ud83d\udc9e", "location": "Sweden", "created_at": "2009-06-21T12:28:44.000Z", "profile_image_url": "https://pbs.twimg.com/profile_images/1495740552364670980/JFFPLq6P_normal.jpg", "public_metrics": {"followers_count": 445, "following_count": 146, "tweet_count": 44808, "listed_count": 18}, "id": "49303675"}}, {"in_reply_to_user_id": "807003567605227520", "id": "1104420160990035968", "entities": {"mentions": [{"start": 0, "end": 15, "username": "realamberheard", "id": "807003567605227520"}, {"start": 16, "end": 25, "username": "UN_Women", "id": "17137628"}]}, "lang": "en", "author_id": "2724444422", "referenced_tweets": [{"type": "replied_to", "id": "1104419163060273153"}], "public_metrics": {"retweet_count": 1, "reply_count": 0, "like_count": 1, "quote_count": 0}, "text": "@realamberheard @UN_Women happy womens day \nMY QUEEN", "created_at": "2019-03-09T16:34:20.000Z", "source": "Twitter for Android", "replied_tweet": {"id": "1104419163060273153", "entities": {"hashtags": [{"start": 132, "end": 147, "tag": "HappyWomensDay"}], "mentions": [{"start": 121, "end": 130, "username": "UN_Women", "id": "17137628"}], "urls": [{"start": 148, "end": 171, "url": "https://t.co/5fqSTDqWXt", "expanded_url": "https://twitter.com/UN_Women/status/1103755977990565888", "display_url": "twitter.com/UN_Women/statu\u2026"}]}, "lang": "en", "author_id": "807003567605227520", "referenced_tweets": [{"type": "quoted", "id": "1103755977990565888"}], "public_metrics": {"retweet_count": 51, "reply_count": 32, "like_count": 426, "quote_count": 5}, "text": "To all those disrupters &amp; individuals brave enough to brake the rules for reason, and to those who support them like @UN_Women  #HappyWomensDay https://t.co/5fqSTDqWXt", "created_at": "2019-03-09T16:30:22.000Z", "source": "Twitter for iPhone", "author": {"url": "https://t.co/Ze18Ek9SOI", "username": "realamberheard", "description": "Actor and Activist, semi-professional disruptor, ice cream advocate and shameless teacup yorkie-lover", "name": "Amber Heard", "location": "Los Angeles, CA", "created_at": "2016-12-08T23:26:58.000Z", "profile_image_url": "https://pbs.twimg.com/profile_images/1383196364792680448/N8CdupEu_normal.jpg", "public_metrics": {"followers_count": 190464, "following_count": 220, "tweet_count": 1151, "listed_count": 568}, "id": "807003567605227520"}}, "author": {"url": "", "username": "fkatwyez", "description": "all r&b and hip hop culture", "name": "sasa", "created_at": "2014-08-11T18:27:47.000Z", "profile_image_url": "https://pbs.twimg.com/profile_images/1505214911051440135/SZpWBAtg_normal.jpg", "public_metrics": {"followers_count": 1230, "following_count": 583, "tweet_count": 61217, "listed_count": 11}, "id": "2724444422"}}, {"in_reply_to_user_id": "807003567605227520", "id": "1104419867438940161", "entities": {"mentions": [{"start": 0, "end": 15, "username": "realamberheard", "id": "807003567605227520"}, {"start": 16, "end": 25, "username": "UN_Women", "id": "17137628"}], "annotations": [{"start": 52, "end": 56, "probability": 0.8993, "type": "Person", "normalized_text": "AMBER"}]}, "lang": "en", "author_id": "124685977", "referenced_tweets": [{"type": "replied_to", "id": "1104419163060273153"}], "public_metrics": {"retweet_count": 0, "reply_count": 0, "like_count": 0, "quote_count": 0}, "text": "@realamberheard @UN_Women HAPPY WOMEN'S DAY TO YOU, AMBER \ud83d\udc96\ud83d\udc96\ud83d\udc96", "created_at": "2019-03-09T16:33:10.000Z", "source": "Twitter Web Client", "replied_tweet": {"id": "1104419163060273153", "entities": {"hashtags": [{"start": 132, "end": 147, "tag": "HappyWomensDay"}], "mentions": [{"start": 121, "end": 130, "username": "UN_Women", "id": "17137628"}], "urls": [{"start": 148, "end": 171, "url": "https://t.co/5fqSTDqWXt", "expanded_url": "https://twitter.com/UN_Women/status/1103755977990565888", "display_url": "twitter.com/UN_Women/statu\u2026"}]}, "lang": "en", "author_id": "807003567605227520", "referenced_tweets": [{"type": "quoted", "id": "1103755977990565888"}], "public_metrics": {"retweet_count": 51, "reply_count": 32, "like_count": 426, "quote_count": 5}, "text": "To all those disrupters &amp; individuals brave enough to brake the rules for reason, and to those who support them like @UN_Women  #HappyWomensDay https://t.co/5fqSTDqWXt", "created_at": "2019-03-09T16:30:22.000Z", "source": "Twitter for iPhone", "author": {"url": "https://t.co/Ze18Ek9SOI", "username": "realamberheard", "description": "Actor and Activist, semi-professional disruptor, ice cream advocate and shameless teacup yorkie-lover", "name": "Amber Heard", "location": "Los Angeles, CA", "created_at": "2016-12-08T23:26:58.000Z", "profile_image_url": "https://pbs.twimg.com/profile_images/1383196364792680448/N8CdupEu_normal.jpg", "public_metrics": {"followers_count": 190464, "following_count": 220, "tweet_count": 1151, "listed_count": 568}, "id": "807003567605227520"}}, "author": {"url": "", "username": "dentitexx", "description": "", "name": "flossy", "created_at": "2010-03-20T06:32:36.000Z", "profile_image_url": "https://pbs.twimg.com/profile_images/938453982829199360/PO53hO8w_normal.jpg", "public_metrics": {"followers_count": 151, "following_count": 1152, "tweet_count": 2234, "listed_count": 3}, "id": "124685977"}}, {"in_reply_to_user_id": "807003567605227520", "id": "1104419761272700928", "entities": {"hashtags": [{"start": 80, "end": 95, "tag": "HappyWomensDay"}], "mentions": [{"start": 0, "end": 15, "username": "realamberheard", "id": "807003567605227520"}, {"start": 16, "end": 25, "username": "UN_Women", "id": "17137628"}], "annotations": [{"start": 66, "end": 70, "probability": 0.7652, "type": "Person", "normalized_text": "Amber"}]}, "lang": "en", "author_id": "938365560", "referenced_tweets": [{"type": "replied_to", "id": "1104419163060273153"}], "public_metrics": {"retweet_count": 0, "reply_count": 0, "like_count": 1, "quote_count": 0}, "text": "@realamberheard @UN_Women Love and Love to you Gorgeous Beautiful Amber \ud83d\udc78\ud83d\udc51\ud83d\udc96\ud83c\udf80\ud83c\udf39\ud83d\ude18\ud83d\ude18 #HappyWomensDay", "created_at": "2019-03-09T16:32:44.000Z", "source": "Twitter for Android", "replied_tweet": {"id": "1104419163060273153", "entities": {"hashtags": [{"start": 132, "end": 147, "tag": "HappyWomensDay"}], "mentions": [{"start": 121, "end": 130, "username": "UN_Women", "id": "17137628"}], "urls": [{"start": 148, "end": 171, "url": "https://t.co/5fqSTDqWXt", "expanded_url": "https://twitter.com/UN_Women/status/1103755977990565888", "display_url": "twitter.com/UN_Women/statu\u2026"}]}, "lang": "en", "author_id": "807003567605227520", "referenced_tweets": [{"type": "quoted", "id": "1103755977990565888"}], "public_metrics": {"retweet_count": 51, "reply_count": 32, "like_count": 426, "quote_count": 5}, "text": "To all those disrupters &amp; individuals brave enough to brake the rules for reason, and to those who support them like @UN_Women  #HappyWomensDay https://t.co/5fqSTDqWXt", "created_at": "2019-03-09T16:30:22.000Z", "source": "Twitter for iPhone", "author": {"url": "https://t.co/Ze18Ek9SOI", "username": "realamberheard", "description": "Actor and Activist, semi-professional disruptor, ice cream advocate and shameless teacup yorkie-lover", "name": "Amber Heard", "location": "Los Angeles, CA", "created_at": "2016-12-08T23:26:58.000Z", "profile_image_url": "https://pbs.twimg.com/profile_images/1383196364792680448/N8CdupEu_normal.jpg", "public_metrics": {"followers_count": 190464, "following_count": 220, "tweet_count": 1151, "listed_count": 568}, "id": "807003567605227520"}}, "author": {"url": "", "username": "menakaayesha", "description": "Born on 11th March, a Piscean\u2653!A Dieheeart\ud83d\udc98 fan of \ud83d\udc51 Henry Cavill\ud83d\udc96.You are always welcome\ud83d\ude4b\ud83d\udc9d to explore my world \ud83d\udcf1", "name": "Ayesha \ud83c\udf80\ud83c\udf39Chirps\ud83c\udfb5\ud83c\udfb6\ud83c\udfbc", "location": "Worldwide ", "created_at": "2012-11-10T04:35:46.000Z", "profile_image_url": "https://pbs.twimg.com/profile_images/1466692907700604929/856SEwDb_normal.jpg", "public_metrics": {"followers_count": 3323, "following_count": 341, "tweet_count": 155203, "listed_count": 97}, "id": "938365560"}}, {"in_reply_to_user_id": "807003567605227520", "id": "1104419398792695810", "entities": {"mentions": [{"start": 0, "end": 15, "username": "realamberheard", "id": "807003567605227520"}, {"start": 16, "end": 25, "username": "UN_Women", "id": "17137628"}]}, "lang": "en", "author_id": "371493360", "referenced_tweets": [{"type": "replied_to", "id": "1104419163060273153"}], "public_metrics": {"retweet_count": 0, "reply_count": 0, "like_count": 0, "quote_count": 0}, "text": "@realamberheard @UN_Women i love you cause you\u2019re one of those individuals", "created_at": "2019-03-09T16:31:18.000Z", "source": "Twitter for iPhone", "replied_tweet": {"id": "1104419163060273153", "entities": {"hashtags": [{"start": 132, "end": 147, "tag": "HappyWomensDay"}], "mentions": [{"start": 121, "end": 130, "username": "UN_Women", "id": "17137628"}], "urls": [{"start": 148, "end": 171, "url": "https://t.co/5fqSTDqWXt", "expanded_url": "https://twitter.com/UN_Women/status/1103755977990565888", "display_url": "twitter.com/UN_Women/statu\u2026"}]}, "lang": "en", "author_id": "807003567605227520", "referenced_tweets": [{"type": "quoted", "id": "1103755977990565888"}], "public_metrics": {"retweet_count": 51, "reply_count": 32, "like_count": 426, "quote_count": 5}, "text": "To all those disrupters &amp; individuals brave enough to brake the rules for reason, and to those who support them like @UN_Women  #HappyWomensDay https://t.co/5fqSTDqWXt", "created_at": "2019-03-09T16:30:22.000Z", "source": "Twitter for iPhone", "author": {"url": "https://t.co/Ze18Ek9SOI", "username": "realamberheard", "description": "Actor and Activist, semi-professional disruptor, ice cream advocate and shameless teacup yorkie-lover", "name": "Amber Heard", "location": "Los Angeles, CA", "created_at": "2016-12-08T23:26:58.000Z", "profile_image_url": "https://pbs.twimg.com/profile_images/1383196364792680448/N8CdupEu_normal.jpg", "public_metrics": {"followers_count": 190464, "following_count": 220, "tweet_count": 1151, "listed_count": 568}, "id": "807003567605227520"}}, "author": {"url": "https://t.co/KehTrzPQWb", "username": "fireworkng", "description": "love is an act of defiance", "name": "fernanda", "location": "she/her", "created_at": "2011-09-10T23:47:52.000Z", "profile_image_url": "https://pbs.twimg.com/profile_images/1496190832067624962/TZ-iyEli_normal.jpg", "public_metrics": {"followers_count": 4052, "following_count": 811, "tweet_count": 173600, "listed_count": 51}, "id": "371493360"}}]