[{"public_metrics": {"retweet_count": 0, "reply_count": 0, "like_count": 3, "quote_count": 0}, "source": "Twitter Web Client", "entities": {"urls": [{"start": 80, "end": 103, "url": "https://t.co/z32012yKZz", "expanded_url": "https://theblast.com/amber-heard-stylist-testimony-dispute-facial-injuries-johnny-depp/", "display_url": "theblast.com/amber-heard-st\u2026", "images": [{"url": "https://pbs.twimg.com/news_img/1503721750735073285/cBA1ID1d?format=png&name=orig", "width": 950, "height": 500}, {"url": "https://pbs.twimg.com/news_img/1503721750735073285/cBA1ID1d?format=png&name=150x150", "width": 150, "height": 150}], "status": 200, "title": "Amber Heard's Longtime Stylist's Testimony Disputes Claims of Facial Injuries Caused by Johnny Depp", "description": "Johnny Depp is continuing to gather witnesses privy to the personal struggles he went through with Amber Heard during their volatile marriage, and has now tapped her stylist to testify against ever seeing facial injuries after the actress claimed Depp beat her up. Depp\u2019s legal team obtained testimony of celebrity stylist, Samantha McMillen. McMillen says [\u2026]", "unwound_url": "https://theblast.com/c/amber-heard-stylist-testimony-dispute-facial-injuries-johnny-depp/"}], "mentions": [{"start": 0, "end": 15, "username": "realamberheard", "id": "807003567605227520"}, {"start": 16, "end": 22, "username": "Ayaan", "id": "15912890"}, {"start": 23, "end": 37, "username": "melissabroder", "id": "26671726"}, {"start": 38, "end": 47, "username": "schemaly", "id": "43532023"}, {"start": 48, "end": 60, "username": "emmabrockes", "id": "56431459"}]}, "text": "@realamberheard @Ayaan @melissabroder @schemaly @emmabrockes Can\u00b4t stop either: https://t.co/z32012yKZz", "author_id": "717763291477581824", "lang": "en", "created_at": "2019-04-24T20:42:51.000Z", "in_reply_to_user_id": "807003567605227520", "id": "1121152546196918272", "referenced_tweets": [{"type": "replied_to", "id": "1120866505175052289"}], "replied_tweet": {"public_metrics": {"retweet_count": 37, "reply_count": 16, "like_count": 362, "quote_count": 2}, "source": "Twitter for iPhone", "entities": {"mentions": [{"start": 158, "end": 164, "username": "Ayaan", "id": "15912890"}, {"start": 165, "end": 179, "username": "melissabroder", "id": "26671726"}, {"start": 180, "end": 189, "username": "schemaly", "id": "43532023"}, {"start": 190, "end": 202, "username": "emmabrockes", "id": "56431459"}], "hashtags": [{"start": 49, "end": 66, "tag": "WorldBookDay2019"}, {"start": 203, "end": 218, "tag": "silviafederici"}, {"start": 219, "end": 231, "tag": "sallyrooney"}, {"start": 232, "end": 245, "tag": "maggienelson"}]}, "text": "Actually, I can\u2019t stop- while its still techncly #WorldBookDay2019 I want 2 also give a shout out 2 some of my fav pen-warriors, the voices 4 and of our time @Ayaan @melissabroder @schemaly @emmabrockes #silviafederici #sallyrooney #maggienelson", "author_id": "807003567605227520", "lang": "en", "created_at": "2019-04-24T01:46:14.000Z", "id": "1120866505175052289", "author": {"username": "realamberheard", "location": "Los Angeles, CA", "description": "Actor and Activist, semi-professional disruptor, ice cream advocate and shameless teacup yorkie-lover", "id": "807003567605227520", "url": "https://t.co/Ze18Ek9SOI", "profile_image_url": "https://pbs.twimg.com/profile_images/1383196364792680448/N8CdupEu_normal.jpg", "name": "Amber Heard", "public_metrics": {"followers_count": 190464, "following_count": 220, "tweet_count": 1151, "listed_count": 568}, "created_at": "2016-12-08T23:26:58.000Z"}}, "author": {"username": "nonunnun", "location": "Mellywood", "description": "visiting this planet\n*innen bleibt drau\u00dfen\nEveryone has a right to feel offended.\n#JusticeForJohnnyDeppVirginia2022\n#MINAMATA is a MUST WATCH in cinema!", "id": "717763291477581824", "url": "", "profile_image_url": "https://pbs.twimg.com/profile_images/1502959653432475649/7ynjm5bw_normal.jpg", "name": "Mea Mara \ud83c\udde9\ud83c\uddea \ud83c\udff4\u200d\u2620\ufe0f#KeepJohnnyDeppAfloat", "public_metrics": {"followers_count": 1889, "following_count": 1238, "tweet_count": 65979, "listed_count": 12}, "created_at": "2016-04-06T17:17:58.000Z"}}, {"public_metrics": {"retweet_count": 0, "reply_count": 0, "like_count": 0, "quote_count": 0}, "source": "Twitter for iPhone", "entities": {"mentions": [{"start": 0, "end": 15, "username": "realamberheard", "id": "807003567605227520"}, {"start": 16, "end": 30, "username": "melissabroder", "id": "26671726"}]}, "text": "@realamberheard @melissabroder yes stan Melissa Broder! \ud83d\ude4f\ud83c\udffc", "author_id": "574101648", "lang": "sv", "created_at": "2019-04-24T20:42:17.000Z", "in_reply_to_user_id": "807003567605227520", "id": "1121152401757499392", "referenced_tweets": [{"type": "replied_to", "id": "1120866505175052289"}], "replied_tweet": {"public_metrics": {"retweet_count": 37, "reply_count": 16, "like_count": 362, "quote_count": 2}, "source": "Twitter for iPhone", "entities": {"mentions": [{"start": 158, "end": 164, "username": "Ayaan", "id": "15912890"}, {"start": 165, "end": 179, "username": "melissabroder", "id": "26671726"}, {"start": 180, "end": 189, "username": "schemaly", "id": "43532023"}, {"start": 190, "end": 202, "username": "emmabrockes", "id": "56431459"}], "hashtags": [{"start": 49, "end": 66, "tag": "WorldBookDay2019"}, {"start": 203, "end": 218, "tag": "silviafederici"}, {"start": 219, "end": 231, "tag": "sallyrooney"}, {"start": 232, "end": 245, "tag": "maggienelson"}]}, "text": "Actually, I can\u2019t stop- while its still techncly #WorldBookDay2019 I want 2 also give a shout out 2 some of my fav pen-warriors, the voices 4 and of our time @Ayaan @melissabroder @schemaly @emmabrockes #silviafederici #sallyrooney #maggienelson", "author_id": "807003567605227520", "lang": "en", "created_at": "2019-04-24T01:46:14.000Z", "id": "1120866505175052289", "author": {"username": "realamberheard", "location": "Los Angeles, CA", "description": "Actor and Activist, semi-professional disruptor, ice cream advocate and shameless teacup yorkie-lover", "id": "807003567605227520", "url": "https://t.co/Ze18Ek9SOI", "profile_image_url": "https://pbs.twimg.com/profile_images/1383196364792680448/N8CdupEu_normal.jpg", "name": "Amber Heard", "public_metrics": {"followers_count": 190464, "following_count": 220, "tweet_count": 1151, "listed_count": 568}, "created_at": "2016-12-08T23:26:58.000Z"}}, "author": {"username": "shxnerusso", "description": "wilted and faded somewhere in hollywood. (he/him)", "id": "574101648", "url": "https://t.co/N4PJsJqnKA", "profile_image_url": "https://pbs.twimg.com/profile_images/1502733025335025668/tPva3735_normal.jpg", "name": "shane", "public_metrics": {"followers_count": 756, "following_count": 665, "tweet_count": 11047, "listed_count": 4}, "created_at": "2012-05-07T22:42:02.000Z"}}, {"public_metrics": {"retweet_count": 0, "reply_count": 0, "like_count": 0, "quote_count": 0}, "source": "Twitter for Android", "entities": {"mentions": [{"start": 0, "end": 15, "username": "realamberheard", "id": "807003567605227520"}, {"start": 16, "end": 22, "username": "Ayaan", "id": "15912890"}, {"start": 23, "end": 37, "username": "melissabroder", "id": "26671726"}, {"start": 38, "end": 47, "username": "schemaly", "id": "43532023"}, {"start": 48, "end": 60, "username": "emmabrockes", "id": "56431459"}]}, "text": "@realamberheard @Ayaan @melissabroder @schemaly @emmabrockes Hola \u2665\ufe0f", "author_id": "1096202430818238464", "lang": "es", "created_at": "2019-04-24T16:36:39.000Z", "in_reply_to_user_id": "807003567605227520", "id": "1121090585308299265", "referenced_tweets": [{"type": "replied_to", "id": "1120866505175052289"}], "replied_tweet": {"public_metrics": {"retweet_count": 37, "reply_count": 16, "like_count": 362, "quote_count": 2}, "source": "Twitter for iPhone", "entities": {"mentions": [{"start": 158, "end": 164, "username": "Ayaan", "id": "15912890"}, {"start": 165, "end": 179, "username": "melissabroder", "id": "26671726"}, {"start": 180, "end": 189, "username": "schemaly", "id": "43532023"}, {"start": 190, "end": 202, "username": "emmabrockes", "id": "56431459"}], "hashtags": [{"start": 49, "end": 66, "tag": "WorldBookDay2019"}, {"start": 203, "end": 218, "tag": "silviafederici"}, {"start": 219, "end": 231, "tag": "sallyrooney"}, {"start": 232, "end": 245, "tag": "maggienelson"}]}, "text": "Actually, I can\u2019t stop- while its still techncly #WorldBookDay2019 I want 2 also give a shout out 2 some of my fav pen-warriors, the voices 4 and of our time @Ayaan @melissabroder @schemaly @emmabrockes #silviafederici #sallyrooney #maggienelson", "author_id": "807003567605227520", "lang": "en", "created_at": "2019-04-24T01:46:14.000Z", "id": "1120866505175052289", "author": {"username": "realamberheard", "location": "Los Angeles, CA", "description": "Actor and Activist, semi-professional disruptor, ice cream advocate and shameless teacup yorkie-lover", "id": "807003567605227520", "url": "https://t.co/Ze18Ek9SOI", "profile_image_url": "https://pbs.twimg.com/profile_images/1383196364792680448/N8CdupEu_normal.jpg", "name": "Amber Heard", "public_metrics": {"followers_count": 190464, "following_count": 220, "tweet_count": 1151, "listed_count": 568}, "created_at": "2016-12-08T23:26:58.000Z"}}, "author": {"username": "BrandonGhr", "description": "", "id": "1096202430818238464", "url": "", "profile_image_url": "https://pbs.twimg.com/profile_images/1096203908337332224/02Ld2D0v_normal.jpg", "name": "BrandonGHR", "public_metrics": {"followers_count": 0, "following_count": 13, "tweet_count": 22, "listed_count": 0}, "created_at": "2019-02-15T00:20:00.000Z"}}, {"public_metrics": {"retweet_count": 0, "reply_count": 0, "like_count": 4, "quote_count": 0}, "source": "Twitter Web App", "entities": {"mentions": [{"start": 0, "end": 15, "username": "realamberheard", "id": "807003567605227520"}, {"start": 16, "end": 22, "username": "Ayaan", "id": "15912890"}, {"start": 23, "end": 37, "username": "melissabroder", "id": "26671726"}, {"start": 38, "end": 47, "username": "schemaly", "id": "43532023"}, {"start": 48, "end": 60, "username": "emmabrockes", "id": "56431459"}], "hashtags": [{"start": 145, "end": 166, "tag": "AmberHeardIsAnAbuser"}]}, "text": "@realamberheard @Ayaan @melissabroder @schemaly @emmabrockes A abusive criminal should try to read the laws and how to be gentle to one another. #AmberHeardIsAnAbuser", "author_id": "1050721822092812289", "lang": "en", "created_at": "2019-04-24T13:03:27.000Z", "in_reply_to_user_id": "807003567605227520", "id": "1121036931872243713", "referenced_tweets": [{"type": "replied_to", "id": "1120866505175052289"}], "replied_tweet": {"public_metrics": {"retweet_count": 37, "reply_count": 16, "like_count": 362, "quote_count": 2}, "source": "Twitter for iPhone", "entities": {"mentions": [{"start": 158, "end": 164, "username": "Ayaan", "id": "15912890"}, {"start": 165, "end": 179, "username": "melissabroder", "id": "26671726"}, {"start": 180, "end": 189, "username": "schemaly", "id": "43532023"}, {"start": 190, "end": 202, "username": "emmabrockes", "id": "56431459"}], "hashtags": [{"start": 49, "end": 66, "tag": "WorldBookDay2019"}, {"start": 203, "end": 218, "tag": "silviafederici"}, {"start": 219, "end": 231, "tag": "sallyrooney"}, {"start": 232, "end": 245, "tag": "maggienelson"}]}, "text": "Actually, I can\u2019t stop- while its still techncly #WorldBookDay2019 I want 2 also give a shout out 2 some of my fav pen-warriors, the voices 4 and of our time @Ayaan @melissabroder @schemaly @emmabrockes #silviafederici #sallyrooney #maggienelson", "author_id": "807003567605227520", "lang": "en", "created_at": "2019-04-24T01:46:14.000Z", "id": "1120866505175052289", "author": {"username": "realamberheard", "location": "Los Angeles, CA", "description": "Actor and Activist, semi-professional disruptor, ice cream advocate and shameless teacup yorkie-lover", "id": "807003567605227520", "url": "https://t.co/Ze18Ek9SOI", "profile_image_url": "https://pbs.twimg.com/profile_images/1383196364792680448/N8CdupEu_normal.jpg", "name": "Amber Heard", "public_metrics": {"followers_count": 190464, "following_count": 220, "tweet_count": 1151, "listed_count": 568}, "created_at": "2016-12-08T23:26:58.000Z"}}, "author": {"username": "teamdepp_", "location": "#ibelievehim", "description": "\u2022\u273f Johnny is definition of love \u273f\u2022", "id": "1050721822092812289", "url": "", "profile_image_url": "https://pbs.twimg.com/profile_images/1340701831975096320/g92j12jM_normal.jpg", "name": "Susan", "public_metrics": {"followers_count": 412, "following_count": 300, "tweet_count": 12987, "listed_count": 1}, "created_at": "2018-10-12T12:16:18.000Z"}}, {"public_metrics": {"retweet_count": 0, "reply_count": 0, "like_count": 0, "quote_count": 0}, "source": "Twitter for iPhone", "entities": {"mentions": [{"start": 0, "end": 15, "username": "realamberheard", "id": "807003567605227520"}, {"start": 16, "end": 22, "username": "Ayaan", "id": "15912890"}, {"start": 23, "end": 37, "username": "melissabroder", "id": "26671726"}, {"start": 38, "end": 47, "username": "schemaly", "id": "43532023"}]}, "text": "@realamberheard @Ayaan @melissabroder @schemaly Thank you!!", "author_id": "56431459", "lang": "en", "created_at": "2019-04-24T11:47:51.000Z", "in_reply_to_user_id": "807003567605227520", "id": "1121017910141517824", "referenced_tweets": [{"type": "replied_to", "id": "1120866505175052289"}], "replied_tweet": {"public_metrics": {"retweet_count": 37, "reply_count": 16, "like_count": 362, "quote_count": 2}, "source": "Twitter for iPhone", "entities": {"mentions": [{"start": 158, "end": 164, "username": "Ayaan", "id": "15912890"}, {"start": 165, "end": 179, "username": "melissabroder", "id": "26671726"}, {"start": 180, "end": 189, "username": "schemaly", "id": "43532023"}, {"start": 190, "end": 202, "username": "emmabrockes", "id": "56431459"}], "hashtags": [{"start": 49, "end": 66, "tag": "WorldBookDay2019"}, {"start": 203, "end": 218, "tag": "silviafederici"}, {"start": 219, "end": 231, "tag": "sallyrooney"}, {"start": 232, "end": 245, "tag": "maggienelson"}]}, "text": "Actually, I can\u2019t stop- while its still techncly #WorldBookDay2019 I want 2 also give a shout out 2 some of my fav pen-warriors, the voices 4 and of our time @Ayaan @melissabroder @schemaly @emmabrockes #silviafederici #sallyrooney #maggienelson", "author_id": "807003567605227520", "lang": "en", "created_at": "2019-04-24T01:46:14.000Z", "id": "1120866505175052289", "author": {"username": "realamberheard", "location": "Los Angeles, CA", "description": "Actor and Activist, semi-professional disruptor, ice cream advocate and shameless teacup yorkie-lover", "id": "807003567605227520", "url": "https://t.co/Ze18Ek9SOI", "profile_image_url": "https://pbs.twimg.com/profile_images/1383196364792680448/N8CdupEu_normal.jpg", "name": "Amber Heard", "public_metrics": {"followers_count": 190464, "following_count": 220, "tweet_count": 1151, "listed_count": 568}, "created_at": "2016-12-08T23:26:58.000Z"}}, "author": {"username": "emmabrockes", "description": "British writer in NY.", "id": "56431459", "url": "https://t.co/6OPRZ5hJz4", "profile_image_url": "https://pbs.twimg.com/profile_images/983411864548839424/kGw1ZiLg_normal.jpg", "name": "Emma Brockes", "public_metrics": {"followers_count": 4504, "following_count": 1065, "tweet_count": 2529, "listed_count": 129}, "created_at": "2009-07-13T17:17:54.000Z"}}, {"public_metrics": {"retweet_count": 0, "reply_count": 0, "like_count": 0, "quote_count": 0}, "source": "Twitter for Android", "entities": {"mentions": [{"start": 0, "end": 15, "username": "realamberheard", "id": "807003567605227520"}, {"start": 16, "end": 22, "username": "Ayaan", "id": "15912890"}, {"start": 23, "end": 37, "username": "melissabroder", "id": "26671726"}, {"start": 38, "end": 47, "username": "schemaly", "id": "43532023"}, {"start": 48, "end": 60, "username": "emmabrockes", "id": "56431459"}]}, "text": "@realamberheard @Ayaan @melissabroder @schemaly @emmabrockes Sadly I haven't read any really good books lately. They have been good to mostly mediocre", "author_id": "3041763071", "lang": "en", "created_at": "2019-04-24T11:26:05.000Z", "in_reply_to_user_id": "807003567605227520", "id": "1121012430497308672", "referenced_tweets": [{"type": "replied_to", "id": "1120866505175052289"}], "replied_tweet": {"public_metrics": {"retweet_count": 37, "reply_count": 16, "like_count": 362, "quote_count": 2}, "source": "Twitter for iPhone", "entities": {"mentions": [{"start": 158, "end": 164, "username": "Ayaan", "id": "15912890"}, {"start": 165, "end": 179, "username": "melissabroder", "id": "26671726"}, {"start": 180, "end": 189, "username": "schemaly", "id": "43532023"}, {"start": 190, "end": 202, "username": "emmabrockes", "id": "56431459"}], "hashtags": [{"start": 49, "end": 66, "tag": "WorldBookDay2019"}, {"start": 203, "end": 218, "tag": "silviafederici"}, {"start": 219, "end": 231, "tag": "sallyrooney"}, {"start": 232, "end": 245, "tag": "maggienelson"}]}, "text": "Actually, I can\u2019t stop- while its still techncly #WorldBookDay2019 I want 2 also give a shout out 2 some of my fav pen-warriors, the voices 4 and of our time @Ayaan @melissabroder @schemaly @emmabrockes #silviafederici #sallyrooney #maggienelson", "author_id": "807003567605227520", "lang": "en", "created_at": "2019-04-24T01:46:14.000Z", "id": "1120866505175052289", "author": {"username": "realamberheard", "location": "Los Angeles, CA", "description": "Actor and Activist, semi-professional disruptor, ice cream advocate and shameless teacup yorkie-lover", "id": "807003567605227520", "url": "https://t.co/Ze18Ek9SOI", "profile_image_url": "https://pbs.twimg.com/profile_images/1383196364792680448/N8CdupEu_normal.jpg", "name": "Amber Heard", "public_metrics": {"followers_count": 190464, "following_count": 220, "tweet_count": 1151, "listed_count": 568}, "created_at": "2016-12-08T23:26:58.000Z"}}, "author": {"username": "RaidersMera", "location": "#WearYourMask \ud83d\ude37", "description": "Mother of two teenage girls. My girls and I have #Keratoconus.\ud83d\udc41 Diagnosed on 08/11/21 OD Diagnosed on 8/24/21 #YearlyEyeExamsAreImportant", "id": "3041763071", "url": "https://t.co/VV9HcYXLhT", "profile_image_url": "https://pbs.twimg.com/profile_images/1501951208520511495/tHbQzoNN_normal.jpg", "name": "\ud83d\ude08\ud83d\udda4Ares' weapon\u2620\ud83d\udda4", "public_metrics": {"followers_count": 4861, "following_count": 1873, "tweet_count": 258324, "listed_count": 59}, "created_at": "2015-02-17T01:39:25.000Z"}}, {"public_metrics": {"retweet_count": 0, "reply_count": 0, "like_count": 1, "quote_count": 0}, "source": "Twitter for Android", "entities": {"mentions": [{"start": 0, "end": 15, "username": "realamberheard", "id": "807003567605227520"}, {"start": 16, "end": 22, "username": "Ayaan", "id": "15912890"}, {"start": 23, "end": 37, "username": "melissabroder", "id": "26671726"}, {"start": 38, "end": 47, "username": "schemaly", "id": "43532023"}, {"start": 48, "end": 60, "username": "emmabrockes", "id": "56431459"}]}, "text": "@realamberheard @Ayaan @melissabroder @schemaly @emmabrockes Thank you for all these book recommendations that you make for us regularly... It's always interesting to follow them! \ud83d\ude0a\ud83d\udc4d", "author_id": "785148392498421760", "lang": "en", "created_at": "2019-04-24T07:31:48.000Z", "in_reply_to_user_id": "807003567605227520", "id": "1120953470872375306", "referenced_tweets": [{"type": "replied_to", "id": "1120866505175052289"}], "replied_tweet": {"public_metrics": {"retweet_count": 37, "reply_count": 16, "like_count": 362, "quote_count": 2}, "source": "Twitter for iPhone", "entities": {"mentions": [{"start": 158, "end": 164, "username": "Ayaan", "id": "15912890"}, {"start": 165, "end": 179, "username": "melissabroder", "id": "26671726"}, {"start": 180, "end": 189, "username": "schemaly", "id": "43532023"}, {"start": 190, "end": 202, "username": "emmabrockes", "id": "56431459"}], "hashtags": [{"start": 49, "end": 66, "tag": "WorldBookDay2019"}, {"start": 203, "end": 218, "tag": "silviafederici"}, {"start": 219, "end": 231, "tag": "sallyrooney"}, {"start": 232, "end": 245, "tag": "maggienelson"}]}, "text": "Actually, I can\u2019t stop- while its still techncly #WorldBookDay2019 I want 2 also give a shout out 2 some of my fav pen-warriors, the voices 4 and of our time @Ayaan @melissabroder @schemaly @emmabrockes #silviafederici #sallyrooney #maggienelson", "author_id": "807003567605227520", "lang": "en", "created_at": "2019-04-24T01:46:14.000Z", "id": "1120866505175052289", "author": {"username": "realamberheard", "location": "Los Angeles, CA", "description": "Actor and Activist, semi-professional disruptor, ice cream advocate and shameless teacup yorkie-lover", "id": "807003567605227520", "url": "https://t.co/Ze18Ek9SOI", "profile_image_url": "https://pbs.twimg.com/profile_images/1383196364792680448/N8CdupEu_normal.jpg", "name": "Amber Heard", "public_metrics": {"followers_count": 190464, "following_count": 220, "tweet_count": 1151, "listed_count": 568}, "created_at": "2016-12-08T23:26:58.000Z"}}, "author": {"username": "CoraMelodie", "location": "Bordeaux, France", "description": "Actress/Producer & UNHCR Special Envoy #AngelinaJolie | Actress, Activist & Human Rights Champion @realamberheard | @JeniferOfficiel \n\n#IStandWithYouAmberHeard", "id": "785148392498421760", "url": "", "profile_image_url": "https://pbs.twimg.com/profile_images/1138826096386936837/71Iwj2dh_normal.jpg", "name": "Cora Melodie", "public_metrics": {"followers_count": 738, "following_count": 720, "tweet_count": 49396, "listed_count": 28}, "created_at": "2016-10-09T16:02:18.000Z"}}, {"public_metrics": {"retweet_count": 0, "reply_count": 0, "like_count": 1, "quote_count": 0}, "source": "Twitter Web App", "entities": {"urls": [{"start": 198, "end": 221, "url": "https://t.co/lJXSOAo1CE", "expanded_url": "https://twitter.com/Enrique62175188/status/1120873009039007745/photo/1", "display_url": "pic.twitter.com/lJXSOAo1CE"}], "mentions": [{"start": 0, "end": 15, "username": "realamberheard", "id": "807003567605227520"}, {"start": 16, "end": 22, "username": "Ayaan", "id": "15912890"}, {"start": 23, "end": 37, "username": "melissabroder", "id": "26671726"}, {"start": 38, "end": 47, "username": "schemaly", "id": "43532023"}, {"start": 48, "end": 60, "username": "emmabrockes", "id": "56431459"}]}, "text": "@realamberheard @Ayaan @melissabroder @schemaly @emmabrockes Que tengas una linda noche nada mejor que leer para quitar el estres algunos libros de uno de mis poetas mexicanos favoritos octavio paz https://t.co/lJXSOAo1CE", "author_id": "1120114201404506112", "lang": "es", "created_at": "2019-04-24T02:12:04.000Z", "in_reply_to_user_id": "807003567605227520", "id": "1120873009039007745", "referenced_tweets": [{"type": "replied_to", "id": "1120866505175052289"}], "replied_tweet": {"public_metrics": {"retweet_count": 37, "reply_count": 16, "like_count": 362, "quote_count": 2}, "source": "Twitter for iPhone", "entities": {"mentions": [{"start": 158, "end": 164, "username": "Ayaan", "id": "15912890"}, {"start": 165, "end": 179, "username": "melissabroder", "id": "26671726"}, {"start": 180, "end": 189, "username": "schemaly", "id": "43532023"}, {"start": 190, "end": 202, "username": "emmabrockes", "id": "56431459"}], "hashtags": [{"start": 49, "end": 66, "tag": "WorldBookDay2019"}, {"start": 203, "end": 218, "tag": "silviafederici"}, {"start": 219, "end": 231, "tag": "sallyrooney"}, {"start": 232, "end": 245, "tag": "maggienelson"}]}, "text": "Actually, I can\u2019t stop- while its still techncly #WorldBookDay2019 I want 2 also give a shout out 2 some of my fav pen-warriors, the voices 4 and of our time @Ayaan @melissabroder @schemaly @emmabrockes #silviafederici #sallyrooney #maggienelson", "author_id": "807003567605227520", "lang": "en", "created_at": "2019-04-24T01:46:14.000Z", "id": "1120866505175052289", "author": {"username": "realamberheard", "location": "Los Angeles, CA", "description": "Actor and Activist, semi-professional disruptor, ice cream advocate and shameless teacup yorkie-lover", "id": "807003567605227520", "url": "https://t.co/Ze18Ek9SOI", "profile_image_url": "https://pbs.twimg.com/profile_images/1383196364792680448/N8CdupEu_normal.jpg", "name": "Amber Heard", "public_metrics": {"followers_count": 190464, "following_count": 220, "tweet_count": 1151, "listed_count": 568}, "created_at": "2016-12-08T23:26:58.000Z"}}, "author": {"username": "Enrique62175188", "location": "Puebla mexico", "description": "", "id": "1120114201404506112", "url": "", "profile_image_url": "https://pbs.twimg.com/profile_images/1377050191719710721/-BKIU6Zv_normal.jpg", "name": "Enrique ramirez", "public_metrics": {"followers_count": 63, "following_count": 304, "tweet_count": 2076, "listed_count": 0}, "created_at": "2019-04-21T23:56:51.000Z"}}, {"public_metrics": {"retweet_count": 0, "reply_count": 0, "like_count": 1, "quote_count": 0}, "source": "Twitter for Android", "entities": {"urls": [{"start": 114, "end": 137, "url": "https://t.co/zF31WlBjzb", "expanded_url": "https://twitter.com/stirgussa/status/1120869126723993600/photo/1", "display_url": "pic.twitter.com/zF31WlBjzb"}], "mentions": [{"start": 0, "end": 15, "username": "realamberheard", "id": "807003567605227520"}, {"start": 16, "end": 22, "username": "Ayaan", "id": "15912890"}, {"start": 23, "end": 37, "username": "melissabroder", "id": "26671726"}, {"start": 38, "end": 47, "username": "schemaly", "id": "43532023"}, {"start": 48, "end": 60, "username": "emmabrockes", "id": "56431459"}]}, "text": "@realamberheard @Ayaan @melissabroder @schemaly @emmabrockes Always taking notes from your book recommendations \ud83d\udc4d https://t.co/zF31WlBjzb", "author_id": "4396120342", "lang": "en", "created_at": "2019-04-24T01:56:39.000Z", "in_reply_to_user_id": "807003567605227520", "id": "1120869126723993600", "referenced_tweets": [{"type": "replied_to", "id": "1120866505175052289"}], "replied_tweet": {"public_metrics": {"retweet_count": 37, "reply_count": 16, "like_count": 362, "quote_count": 2}, "source": "Twitter for iPhone", "entities": {"mentions": [{"start": 158, "end": 164, "username": "Ayaan", "id": "15912890"}, {"start": 165, "end": 179, "username": "melissabroder", "id": "26671726"}, {"start": 180, "end": 189, "username": "schemaly", "id": "43532023"}, {"start": 190, "end": 202, "username": "emmabrockes", "id": "56431459"}], "hashtags": [{"start": 49, "end": 66, "tag": "WorldBookDay2019"}, {"start": 203, "end": 218, "tag": "silviafederici"}, {"start": 219, "end": 231, "tag": "sallyrooney"}, {"start": 232, "end": 245, "tag": "maggienelson"}]}, "text": "Actually, I can\u2019t stop- while its still techncly #WorldBookDay2019 I want 2 also give a shout out 2 some of my fav pen-warriors, the voices 4 and of our time @Ayaan @melissabroder @schemaly @emmabrockes #silviafederici #sallyrooney #maggienelson", "author_id": "807003567605227520", "lang": "en", "created_at": "2019-04-24T01:46:14.000Z", "id": "1120866505175052289", "author": {"username": "realamberheard", "location": "Los Angeles, CA", "description": "Actor and Activist, semi-professional disruptor, ice cream advocate and shameless teacup yorkie-lover", "id": "807003567605227520", "url": "https://t.co/Ze18Ek9SOI", "profile_image_url": "https://pbs.twimg.com/profile_images/1383196364792680448/N8CdupEu_normal.jpg", "name": "Amber Heard", "public_metrics": {"followers_count": 190464, "following_count": 220, "tweet_count": 1151, "listed_count": 568}, "created_at": "2016-12-08T23:26:58.000Z"}}, "author": {"username": "stirgussa", "description": "Only two things are infinite, the universe and human stupidity, and I'm not sure about the former. - Albert Einstein and Me!", "id": "4396120342", "url": "", "profile_image_url": "https://pbs.twimg.com/profile_images/1378175478478082050/UKLiQPuk_normal.jpg", "name": "STIRGUS SACCHETTI", "public_metrics": {"followers_count": 678, "following_count": 296, "tweet_count": 58622, "listed_count": 26}, "created_at": "2015-12-06T17:21:06.000Z"}}, {"public_metrics": {"retweet_count": 0, "reply_count": 0, "like_count": 0, "quote_count": 0}, "source": "Twitter Web App", "entities": {"mentions": [{"start": 0, "end": 15, "username": "realamberheard", "id": "807003567605227520"}, {"start": 16, "end": 22, "username": "Ayaan", "id": "15912890"}, {"start": 23, "end": 37, "username": "melissabroder", "id": "26671726"}, {"start": 38, "end": 47, "username": "schemaly", "id": "43532023"}, {"start": 48, "end": 60, "username": "emmabrockes", "id": "56431459"}]}, "text": "@realamberheard @Ayaan @melissabroder @schemaly @emmabrockes I love you, my Goddess of Beauty!\u2764\ufe0f\u2764\ufe0f\u2764\ufe0f\u2764\ufe0f\u2764\ufe0f", "author_id": "3216078659", "lang": "en", "created_at": "2019-04-24T01:55:11.000Z", "in_reply_to_user_id": "807003567605227520", "id": "1120868756769497088", "referenced_tweets": [{"type": "replied_to", "id": "1120866505175052289"}], "replied_tweet": {"public_metrics": {"retweet_count": 37, "reply_count": 16, "like_count": 362, "quote_count": 2}, "source": "Twitter for iPhone", "entities": {"mentions": [{"start": 158, "end": 164, "username": "Ayaan", "id": "15912890"}, {"start": 165, "end": 179, "username": "melissabroder", "id": "26671726"}, {"start": 180, "end": 189, "username": "schemaly", "id": "43532023"}, {"start": 190, "end": 202, "username": "emmabrockes", "id": "56431459"}], "hashtags": [{"start": 49, "end": 66, "tag": "WorldBookDay2019"}, {"start": 203, "end": 218, "tag": "silviafederici"}, {"start": 219, "end": 231, "tag": "sallyrooney"}, {"start": 232, "end": 245, "tag": "maggienelson"}]}, "text": "Actually, I can\u2019t stop- while its still techncly #WorldBookDay2019 I want 2 also give a shout out 2 some of my fav pen-warriors, the voices 4 and of our time @Ayaan @melissabroder @schemaly @emmabrockes #silviafederici #sallyrooney #maggienelson", "author_id": "807003567605227520", "lang": "en", "created_at": "2019-04-24T01:46:14.000Z", "id": "1120866505175052289", "author": {"username": "realamberheard", "location": "Los Angeles, CA", "description": "Actor and Activist, semi-professional disruptor, ice cream advocate and shameless teacup yorkie-lover", "id": "807003567605227520", "url": "https://t.co/Ze18Ek9SOI", "profile_image_url": "https://pbs.twimg.com/profile_images/1383196364792680448/N8CdupEu_normal.jpg", "name": "Amber Heard", "public_metrics": {"followers_count": 190464, "following_count": 220, "tweet_count": 1151, "listed_count": 568}, "created_at": "2016-12-08T23:26:58.000Z"}}, "author": {"username": "GGCIR8991", "description": "On the internet, you can be pretty much anything you want, it's just kinda weird that so many people choose to be idiots and assholes", "id": "3216078659", "url": "", "profile_image_url": "https://pbs.twimg.com/profile_images/1501219816522219520/SQVX3N2b_normal.jpg", "name": "GGCIR8991", "public_metrics": {"followers_count": 1464, "following_count": 1324, "tweet_count": 163149, "listed_count": 17}, "created_at": "2015-04-28T07:17:35.000Z"}}, {"entities": {"annotations": [{"start": 123, "end": 127, "probability": 0.9695, "type": "Person", "normalized_text": "Amber"}], "mentions": [{"start": 0, "end": 15, "username": "realamberheard", "id": "807003567605227520"}, {"start": 16, "end": 22, "username": "Ayaan", "id": "15912890"}, {"start": 23, "end": 37, "username": "melissabroder", "id": "26671726"}, {"start": 38, "end": 47, "username": "schemaly", "id": "43532023"}, {"start": 48, "end": 60, "username": "emmabrockes", "id": "56431459"}]}, "public_metrics": {"retweet_count": 0, "reply_count": 0, "like_count": 3, "quote_count": 0}, "source": "Twitter for Android", "text": "@realamberheard @Ayaan @melissabroder @schemaly @emmabrockes I think I'll have to start reading some books now...thank you Amber\u2665\ufe0f\ud83d\udcda", "author_id": "940459573105823744", "lang": "en", "created_at": "2019-04-24T01:51:01.000Z", "in_reply_to_user_id": "807003567605227520", "id": "1120867710420705280", "referenced_tweets": [{"type": "replied_to", "id": "1120866505175052289"}], "replied_tweet": {"public_metrics": {"retweet_count": 37, "reply_count": 16, "like_count": 362, "quote_count": 2}, "source": "Twitter for iPhone", "entities": {"mentions": [{"start": 158, "end": 164, "username": "Ayaan", "id": "15912890"}, {"start": 165, "end": 179, "username": "melissabroder", "id": "26671726"}, {"start": 180, "end": 189, "username": "schemaly", "id": "43532023"}, {"start": 190, "end": 202, "username": "emmabrockes", "id": "56431459"}], "hashtags": [{"start": 49, "end": 66, "tag": "WorldBookDay2019"}, {"start": 203, "end": 218, "tag": "silviafederici"}, {"start": 219, "end": 231, "tag": "sallyrooney"}, {"start": 232, "end": 245, "tag": "maggienelson"}]}, "text": "Actually, I can\u2019t stop- while its still techncly #WorldBookDay2019 I want 2 also give a shout out 2 some of my fav pen-warriors, the voices 4 and of our time @Ayaan @melissabroder @schemaly @emmabrockes #silviafederici #sallyrooney #maggienelson", "author_id": "807003567605227520", "lang": "en", "created_at": "2019-04-24T01:46:14.000Z", "id": "1120866505175052289", "author": {"username": "realamberheard", "location": "Los Angeles, CA", "description": "Actor and Activist, semi-professional disruptor, ice cream advocate and shameless teacup yorkie-lover", "id": "807003567605227520", "url": "https://t.co/Ze18Ek9SOI", "profile_image_url": "https://pbs.twimg.com/profile_images/1383196364792680448/N8CdupEu_normal.jpg", "name": "Amber Heard", "public_metrics": {"followers_count": 190464, "following_count": 220, "tweet_count": 1151, "listed_count": 568}, "created_at": "2016-12-08T23:26:58.000Z"}}, "author": {"username": "RealMukul", "description": "| \\W/estworld |\n\nhe/him | Fan Account |\n#IStandWithAmberHeard\n#IStandWithUkraine", "id": "940459573105823744", "url": "", "profile_image_url": "https://pbs.twimg.com/profile_images/1478739279056556039/0Kn_xg4O_normal.jpg", "name": "MUKUL", "public_metrics": {"followers_count": 1379, "following_count": 1009, "tweet_count": 37436, "listed_count": 15}, "created_at": "2017-12-12T05:53:29.000Z"}}, {"public_metrics": {"retweet_count": 1, "reply_count": 0, "like_count": 3, "quote_count": 0}, "source": "Twitter for iPhone", "entities": {"mentions": [{"start": 0, "end": 15, "username": "realamberheard", "id": "807003567605227520"}, {"start": 16, "end": 22, "username": "Ayaan", "id": "15912890"}, {"start": 23, "end": 37, "username": "melissabroder", "id": "26671726"}, {"start": 38, "end": 50, "username": "emmabrockes", "id": "56431459"}]}, "text": "@realamberheard @Ayaan @melissabroder @emmabrockes Many thanks! \ud83d\ude4c\ud83c\udffd", "author_id": "43532023", "lang": "en", "created_at": "2019-04-24T01:49:02.000Z", "in_reply_to_user_id": "807003567605227520", "id": "1120867210690539520", "referenced_tweets": [{"type": "replied_to", "id": "1120866505175052289"}], "replied_tweet": {"public_metrics": {"retweet_count": 37, "reply_count": 16, "like_count": 362, "quote_count": 2}, "source": "Twitter for iPhone", "entities": {"mentions": [{"start": 158, "end": 164, "username": "Ayaan", "id": "15912890"}, {"start": 165, "end": 179, "username": "melissabroder", "id": "26671726"}, {"start": 180, "end": 189, "username": "schemaly", "id": "43532023"}, {"start": 190, "end": 202, "username": "emmabrockes", "id": "56431459"}], "hashtags": [{"start": 49, "end": 66, "tag": "WorldBookDay2019"}, {"start": 203, "end": 218, "tag": "silviafederici"}, {"start": 219, "end": 231, "tag": "sallyrooney"}, {"start": 232, "end": 245, "tag": "maggienelson"}]}, "text": "Actually, I can\u2019t stop- while its still techncly #WorldBookDay2019 I want 2 also give a shout out 2 some of my fav pen-warriors, the voices 4 and of our time @Ayaan @melissabroder @schemaly @emmabrockes #silviafederici #sallyrooney #maggienelson", "author_id": "807003567605227520", "lang": "en", "created_at": "2019-04-24T01:46:14.000Z", "id": "1120866505175052289", "author": {"username": "realamberheard", "location": "Los Angeles, CA", "description": "Actor and Activist, semi-professional disruptor, ice cream advocate and shameless teacup yorkie-lover", "id": "807003567605227520", "url": "https://t.co/Ze18Ek9SOI", "profile_image_url": "https://pbs.twimg.com/profile_images/1383196364792680448/N8CdupEu_normal.jpg", "name": "Amber Heard", "public_metrics": {"followers_count": 190464, "following_count": 220, "tweet_count": 1151, "listed_count": 568}, "created_at": "2016-12-08T23:26:58.000Z"}}, "author": {"username": "schemaly", "location": "#RageBecomesHer", "description": "Writer/Talker/Journo. Gender absurdities & reluctant online hate/harassment expert. She/her. Opinions personal, so political. Author, Rage Becomes Her and more.", "id": "43532023", "url": "https://t.co/mwzEPHoAUu", "profile_image_url": "https://pbs.twimg.com/profile_images/1166843038615920642/gB812QyI_normal.jpg", "name": "Soraya Chemaly", "public_metrics": {"followers_count": 70259, "following_count": 9386, "tweet_count": 85035, "listed_count": 1679}, "created_at": "2009-05-30T14:07:32.000Z"}}, {"public_metrics": {"retweet_count": 0, "reply_count": 0, "like_count": 0, "quote_count": 0}, "source": "Twitter for iPhone", "entities": {"mentions": [{"start": 0, "end": 15, "username": "realamberheard", "id": "807003567605227520"}, {"start": 16, "end": 22, "username": "Ayaan", "id": "15912890"}, {"start": 23, "end": 37, "username": "melissabroder", "id": "26671726"}, {"start": 38, "end": 47, "username": "schemaly", "id": "43532023"}, {"start": 48, "end": 60, "username": "emmabrockes", "id": "56431459"}]}, "text": "@realamberheard @Ayaan @melissabroder @schemaly @emmabrockes Yes", "author_id": "20294410", "lang": "und", "created_at": "2019-04-24T01:47:04.000Z", "in_reply_to_user_id": "807003567605227520", "id": "1120866714894229505", "referenced_tweets": [{"type": "replied_to", "id": "1120866505175052289"}], "replied_tweet": {"public_metrics": {"retweet_count": 37, "reply_count": 16, "like_count": 362, "quote_count": 2}, "source": "Twitter for iPhone", "entities": {"mentions": [{"start": 158, "end": 164, "username": "Ayaan", "id": "15912890"}, {"start": 165, "end": 179, "username": "melissabroder", "id": "26671726"}, {"start": 180, "end": 189, "username": "schemaly", "id": "43532023"}, {"start": 190, "end": 202, "username": "emmabrockes", "id": "56431459"}], "hashtags": [{"start": 49, "end": 66, "tag": "WorldBookDay2019"}, {"start": 203, "end": 218, "tag": "silviafederici"}, {"start": 219, "end": 231, "tag": "sallyrooney"}, {"start": 232, "end": 245, "tag": "maggienelson"}]}, "text": "Actually, I can\u2019t stop- while its still techncly #WorldBookDay2019 I want 2 also give a shout out 2 some of my fav pen-warriors, the voices 4 and of our time @Ayaan @melissabroder @schemaly @emmabrockes #silviafederici #sallyrooney #maggienelson", "author_id": "807003567605227520", "lang": "en", "created_at": "2019-04-24T01:46:14.000Z", "id": "1120866505175052289", "author": {"username": "realamberheard", "location": "Los Angeles, CA", "description": "Actor and Activist, semi-professional disruptor, ice cream advocate and shameless teacup yorkie-lover", "id": "807003567605227520", "url": "https://t.co/Ze18Ek9SOI", "profile_image_url": "https://pbs.twimg.com/profile_images/1383196364792680448/N8CdupEu_normal.jpg", "name": "Amber Heard", "public_metrics": {"followers_count": 190464, "following_count": 220, "tweet_count": 1151, "listed_count": 568}, "created_at": "2016-12-08T23:26:58.000Z"}}, "author": {"username": "nitut1", "location": "Santa Monica, CA", "description": "I'm Nitish, CEO of https://t.co/aUoScglITZ, screenwriter, independent producer universal, and speaker author and futurist. https://t.co/QOEAUbyF1b", "id": "20294410", "url": "https://t.co/lAjgMKGtPg", "profile_image_url": "https://pbs.twimg.com/profile_images/526272543343509504/Yh7pl_Mw_normal.jpeg", "name": "Nitish Kannan", "public_metrics": {"followers_count": 757, "following_count": 1539, "tweet_count": 6015, "listed_count": 27}, "created_at": "2009-02-07T04:45:02.000Z"}}]