[{"entities": {"mentions": [{"start": 0, "end": 15, "username": "realamberheard", "id": "807003567605227520"}]}, "public_metrics": {"retweet_count": 0, "reply_count": 0, "like_count": 0, "quote_count": 0}, "author_id": "728145505784500226", "lang": "en", "source": "Twitter Web App", "created_at": "2019-05-05T07:57:55.000Z", "referenced_tweets": [{"type": "replied_to", "id": "1121871836302725126"}], "id": "1124946311864901632", "in_reply_to_user_id": "807003567605227520", "text": "@realamberheard Please answer me, I love you very much, you are my ideal and the meaning of my life", "replied_tweet": {"entities": {"mentions": [{"start": 105, "end": 118, "username": "StephenMoore", "id": "2304017702"}], "annotations": [{"start": 15, "end": 21, "probability": 0.9987, "type": "Place", "normalized_text": "America"}, {"start": 89, "end": 94, "probability": 0.9644, "type": "Person", "normalized_text": "Trumps"}], "urls": [{"start": 199, "end": 222, "url": "https://t.co/Z4DrQG9GGE", "expanded_url": "https://nyti.ms/2W3w1sK", "display_url": "nyti.ms/2W3w1sK", "status": 403, "unwound_url": "https://nyti.ms/2W3w1sK"}]}, "public_metrics": {"retweet_count": 29, "reply_count": 16, "like_count": 283, "quote_count": 2}, "author_id": "807003567605227520", "lang": "en", "source": "Twitter for iPhone", "created_at": "2019-04-26T20:12:06.000Z", "id": "1121869584439681026", "text": "\u201cThe crisis in America today isn\u2019t about women\u2019s wages; it\u2019s about men\u2019s wages,\u201d is what Trumps fed pick @StephenMoore said about the \u201creal\u201d pay gap problem in 1 of his many columns deriding women.  https://t.co/Z4DrQG9GGE", "author": {"name": "Amber Heard", "profile_image_url": "https://pbs.twimg.com/profile_images/1383196364792680448/N8CdupEu_normal.jpg", "created_at": "2016-12-08T23:26:58.000Z", "description": "Actor and Activist, semi-professional disruptor, ice cream advocate and shameless teacup yorkie-lover", "public_metrics": {"followers_count": 190464, "following_count": 220, "tweet_count": 1151, "listed_count": 568}, "location": "Los Angeles, CA", "id": "807003567605227520", "username": "realamberheard", "url": "https://t.co/Ze18Ek9SOI"}}, "author": {"name": "CrackenGodin", "profile_image_url": "https://pbs.twimg.com/profile_images/1124945292195921920/TqcN99zz_normal.jpg", "created_at": "2016-05-05T08:53:11.000Z", "description": "", "public_metrics": {"followers_count": 4, "following_count": 8, "tweet_count": 37, "listed_count": 0}, "id": "728145505784500226", "username": "BunnyGodlesBos", "url": ""}}, {"entities": {"mentions": [{"start": 0, "end": 15, "username": "realamberheard", "id": "807003567605227520"}, {"start": 16, "end": 29, "username": "StephenMoore", "id": "2304017702"}], "annotations": [{"start": 34, "end": 38, "probability": 0.9509, "type": "Person", "normalized_text": "Steve"}]}, "public_metrics": {"retweet_count": 0, "reply_count": 0, "like_count": 0, "quote_count": 0}, "author_id": "20826970", "lang": "en", "source": "Twitter for Android", "created_at": "2019-05-03T20:26:56.000Z", "referenced_tweets": [{"type": "replied_to", "id": "1121869584439681026"}], "id": "1124410031439589376", "in_reply_to_user_id": "807003567605227520", "text": "@realamberheard @StephenMoore Bye Steve! Don't let the door hit you in the ass on the way out!", "replied_tweet": {"entities": {"mentions": [{"start": 105, "end": 118, "username": "StephenMoore", "id": "2304017702"}], "annotations": [{"start": 15, "end": 21, "probability": 0.9987, "type": "Place", "normalized_text": "America"}, {"start": 89, "end": 94, "probability": 0.9644, "type": "Person", "normalized_text": "Trumps"}], "urls": [{"start": 199, "end": 222, "url": "https://t.co/Z4DrQG9GGE", "expanded_url": "https://nyti.ms/2W3w1sK", "display_url": "nyti.ms/2W3w1sK", "status": 403, "unwound_url": "https://nyti.ms/2W3w1sK"}]}, "public_metrics": {"retweet_count": 29, "reply_count": 16, "like_count": 283, "quote_count": 2}, "author_id": "807003567605227520", "lang": "en", "source": "Twitter for iPhone", "created_at": "2019-04-26T20:12:06.000Z", "id": "1121869584439681026", "text": "\u201cThe crisis in America today isn\u2019t about women\u2019s wages; it\u2019s about men\u2019s wages,\u201d is what Trumps fed pick @StephenMoore said about the \u201creal\u201d pay gap problem in 1 of his many columns deriding women.  https://t.co/Z4DrQG9GGE", "author": {"name": "Amber Heard", "profile_image_url": "https://pbs.twimg.com/profile_images/1383196364792680448/N8CdupEu_normal.jpg", "created_at": "2016-12-08T23:26:58.000Z", "description": "Actor and Activist, semi-professional disruptor, ice cream advocate and shameless teacup yorkie-lover", "public_metrics": {"followers_count": 190464, "following_count": 220, "tweet_count": 1151, "listed_count": 568}, "location": "Los Angeles, CA", "id": "807003567605227520", "username": "realamberheard", "url": "https://t.co/Ze18Ek9SOI"}}, "author": {"name": "Erin O'Riordan", "profile_image_url": "https://pbs.twimg.com/profile_images/1055828593412960256/7xuJr940_normal.png", "created_at": "2009-02-14T02:41:50.000Z", "description": "She/Her/Hers. Erin O'Riordan writes, edits, reads, reviews. Simp for Shakespeare, Lady Gaga stan. Find her at https://t.co/gSENzxtuPP", "public_metrics": {"followers_count": 1691, "following_count": 2822, "tweet_count": 68992, "listed_count": 140}, "location": "Indianapolis, USA", "id": "20826970", "username": "ErinORiordan", "url": "https://t.co/QV2mqgh9Hs"}}, {"entities": {"mentions": [{"start": 0, "end": 15, "username": "realamberheard", "id": "807003567605227520"}, {"start": 16, "end": 29, "username": "StephenMoore", "id": "2304017702"}], "urls": [{"start": 30, "end": 53, "url": "https://t.co/DO3iB00Hnw", "expanded_url": "https://twitter.com/Ksolonas1/status/1122581396290060288/photo/1", "display_url": "pic.twitter.com/DO3iB00Hnw"}]}, "public_metrics": {"retweet_count": 0, "reply_count": 0, "like_count": 1, "quote_count": 0}, "author_id": "1106971360025169920", "lang": "und", "source": "Twitter for Android", "created_at": "2019-04-28T19:20:36.000Z", "referenced_tweets": [{"type": "replied_to", "id": "1121869584439681026"}], "id": "1122581396290060288", "in_reply_to_user_id": "807003567605227520", "text": "@realamberheard @StephenMoore https://t.co/DO3iB00Hnw", "replied_tweet": {"entities": {"mentions": [{"start": 105, "end": 118, "username": "StephenMoore", "id": "2304017702"}], "annotations": [{"start": 15, "end": 21, "probability": 0.9987, "type": "Place", "normalized_text": "America"}, {"start": 89, "end": 94, "probability": 0.9644, "type": "Person", "normalized_text": "Trumps"}], "urls": [{"start": 199, "end": 222, "url": "https://t.co/Z4DrQG9GGE", "expanded_url": "https://nyti.ms/2W3w1sK", "display_url": "nyti.ms/2W3w1sK", "status": 403, "unwound_url": "https://nyti.ms/2W3w1sK"}]}, "public_metrics": {"retweet_count": 29, "reply_count": 16, "like_count": 283, "quote_count": 2}, "author_id": "807003567605227520", "lang": "en", "source": "Twitter for iPhone", "created_at": "2019-04-26T20:12:06.000Z", "id": "1121869584439681026", "text": "\u201cThe crisis in America today isn\u2019t about women\u2019s wages; it\u2019s about men\u2019s wages,\u201d is what Trumps fed pick @StephenMoore said about the \u201creal\u201d pay gap problem in 1 of his many columns deriding women.  https://t.co/Z4DrQG9GGE", "author": {"name": "Amber Heard", "profile_image_url": "https://pbs.twimg.com/profile_images/1383196364792680448/N8CdupEu_normal.jpg", "created_at": "2016-12-08T23:26:58.000Z", "description": "Actor and Activist, semi-professional disruptor, ice cream advocate and shameless teacup yorkie-lover", "public_metrics": {"followers_count": 190464, "following_count": 220, "tweet_count": 1151, "listed_count": 568}, "location": "Los Angeles, CA", "id": "807003567605227520", "username": "realamberheard", "url": "https://t.co/Ze18Ek9SOI"}}, "author": {"name": "KellytheTerrific", "profile_image_url": "https://pbs.twimg.com/profile_images/1214939129189810176/19030JB__normal.jpg", "created_at": "2019-03-16T17:31:53.000Z", "description": "", "public_metrics": {"followers_count": 7, "following_count": 85, "tweet_count": 204, "listed_count": 0}, "location": "Red Deer, Alberta", "id": "1106971360025169920", "username": "Ksolonas1", "url": ""}}, {"entities": {"mentions": [{"start": 0, "end": 15, "username": "realamberheard", "id": "807003567605227520"}], "hashtags": [{"start": 96, "end": 102, "tag": "MeToo"}]}, "public_metrics": {"retweet_count": 0, "reply_count": 0, "like_count": 8, "quote_count": 0}, "author_id": "717763291477581824", "lang": "en", "source": "Twitter Web Client", "created_at": "2019-04-28T10:54:10.000Z", "referenced_tweets": [{"type": "replied_to", "id": "1121871836302725126"}], "id": "1122453948986798080", "in_reply_to_user_id": "807003567605227520", "text": "@realamberheard Women lying about abuse are a bigger problem. Destroying lives with intention.  #MeToo sucks.", "replied_tweet": {"entities": {"mentions": [{"start": 105, "end": 118, "username": "StephenMoore", "id": "2304017702"}], "annotations": [{"start": 15, "end": 21, "probability": 0.9987, "type": "Place", "normalized_text": "America"}, {"start": 89, "end": 94, "probability": 0.9644, "type": "Person", "normalized_text": "Trumps"}], "urls": [{"start": 199, "end": 222, "url": "https://t.co/Z4DrQG9GGE", "expanded_url": "https://nyti.ms/2W3w1sK", "display_url": "nyti.ms/2W3w1sK", "status": 403, "unwound_url": "https://nyti.ms/2W3w1sK"}]}, "public_metrics": {"retweet_count": 29, "reply_count": 16, "like_count": 283, "quote_count": 2}, "author_id": "807003567605227520", "lang": "en", "source": "Twitter for iPhone", "created_at": "2019-04-26T20:12:06.000Z", "id": "1121869584439681026", "text": "\u201cThe crisis in America today isn\u2019t about women\u2019s wages; it\u2019s about men\u2019s wages,\u201d is what Trumps fed pick @StephenMoore said about the \u201creal\u201d pay gap problem in 1 of his many columns deriding women.  https://t.co/Z4DrQG9GGE", "author": {"name": "Amber Heard", "profile_image_url": "https://pbs.twimg.com/profile_images/1383196364792680448/N8CdupEu_normal.jpg", "created_at": "2016-12-08T23:26:58.000Z", "description": "Actor and Activist, semi-professional disruptor, ice cream advocate and shameless teacup yorkie-lover", "public_metrics": {"followers_count": 190464, "following_count": 220, "tweet_count": 1151, "listed_count": 568}, "location": "Los Angeles, CA", "id": "807003567605227520", "username": "realamberheard", "url": "https://t.co/Ze18Ek9SOI"}}, "author": {"name": "Mea Mara \ud83c\udde9\ud83c\uddea \ud83c\udff4\u200d\u2620\ufe0f#KeepJohnnyDeppAfloat", "profile_image_url": "https://pbs.twimg.com/profile_images/1502959653432475649/7ynjm5bw_normal.jpg", "created_at": "2016-04-06T17:17:58.000Z", "description": "visiting this planet\n*innen bleibt drau\u00dfen\nEveryone has a right to feel offended.\n#JusticeForJohnnyDeppVirginia2022\n#MINAMATA is a MUST WATCH in cinema!", "public_metrics": {"followers_count": 1889, "following_count": 1238, "tweet_count": 65979, "listed_count": 12}, "location": "Mellywood", "id": "717763291477581824", "username": "nonunnun", "url": ""}}, {"entities": {"mentions": [{"start": 0, "end": 15, "username": "realamberheard", "id": "807003567605227520"}], "annotations": [{"start": 16, "end": 20, "probability": 0.8225, "type": "Person", "normalized_text": "Amber"}]}, "public_metrics": {"retweet_count": 0, "reply_count": 0, "like_count": 0, "quote_count": 0}, "author_id": "1120114201404506112", "lang": "es", "source": "Twitter Web App", "created_at": "2019-04-27T20:51:16.000Z", "referenced_tweets": [{"type": "replied_to", "id": "1121871836302725126"}], "id": "1122241828110176258", "in_reply_to_user_id": "807003567605227520", "text": "@realamberheard Amber por favor saludame yo te admiro mucho respondeme    \nPor favor y espero que estes bien te deseo exito", "replied_tweet": {"entities": {"mentions": [{"start": 105, "end": 118, "username": "StephenMoore", "id": "2304017702"}], "annotations": [{"start": 15, "end": 21, "probability": 0.9987, "type": "Place", "normalized_text": "America"}, {"start": 89, "end": 94, "probability": 0.9644, "type": "Person", "normalized_text": "Trumps"}], "urls": [{"start": 199, "end": 222, "url": "https://t.co/Z4DrQG9GGE", "expanded_url": "https://nyti.ms/2W3w1sK", "display_url": "nyti.ms/2W3w1sK", "status": 403, "unwound_url": "https://nyti.ms/2W3w1sK"}]}, "public_metrics": {"retweet_count": 29, "reply_count": 16, "like_count": 283, "quote_count": 2}, "author_id": "807003567605227520", "lang": "en", "source": "Twitter for iPhone", "created_at": "2019-04-26T20:12:06.000Z", "id": "1121869584439681026", "text": "\u201cThe crisis in America today isn\u2019t about women\u2019s wages; it\u2019s about men\u2019s wages,\u201d is what Trumps fed pick @StephenMoore said about the \u201creal\u201d pay gap problem in 1 of his many columns deriding women.  https://t.co/Z4DrQG9GGE", "author": {"name": "Amber Heard", "profile_image_url": "https://pbs.twimg.com/profile_images/1383196364792680448/N8CdupEu_normal.jpg", "created_at": "2016-12-08T23:26:58.000Z", "description": "Actor and Activist, semi-professional disruptor, ice cream advocate and shameless teacup yorkie-lover", "public_metrics": {"followers_count": 190464, "following_count": 220, "tweet_count": 1151, "listed_count": 568}, "location": "Los Angeles, CA", "id": "807003567605227520", "username": "realamberheard", "url": "https://t.co/Ze18Ek9SOI"}}, "author": {"name": "Enrique ramirez", "profile_image_url": "https://pbs.twimg.com/profile_images/1377050191719710721/-BKIU6Zv_normal.jpg", "created_at": "2019-04-21T23:56:51.000Z", "description": "", "public_metrics": {"followers_count": 63, "following_count": 304, "tweet_count": 2076, "listed_count": 0}, "location": "Puebla mexico", "id": "1120114201404506112", "username": "Enrique62175188", "url": ""}}, {"entities": {"mentions": [{"start": 0, "end": 15, "username": "realamberheard", "id": "807003567605227520"}], "annotations": [{"start": 48, "end": 55, "probability": 0.5728, "type": "Person", "normalized_text": "Flint Mi"}, {"start": 111, "end": 119, "probability": 0.9807, "type": "Person", "normalized_text": "Netanyahu"}]}, "public_metrics": {"retweet_count": 1, "reply_count": 0, "like_count": 1, "quote_count": 0}, "author_id": "567305991", "lang": "en", "source": "Twitter for iPhone", "created_at": "2019-04-27T20:24:03.000Z", "referenced_tweets": [{"type": "replied_to", "id": "1121871836302725126"}], "id": "1122234978664759296", "in_reply_to_user_id": "807003567605227520", "text": "@realamberheard Has our govt even taken care of Flint Mi. yet? Our roads sure are getting real bumpy!!! Why is Netanyahu allowed to tell Congress what they can and cannot say, when he isn\u2019t very liked in his own country? I\u2019d say things are being overlooked on a grand scale!!!", "replied_tweet": {"entities": {"mentions": [{"start": 105, "end": 118, "username": "StephenMoore", "id": "2304017702"}], "annotations": [{"start": 15, "end": 21, "probability": 0.9987, "type": "Place", "normalized_text": "America"}, {"start": 89, "end": 94, "probability": 0.9644, "type": "Person", "normalized_text": "Trumps"}], "urls": [{"start": 199, "end": 222, "url": "https://t.co/Z4DrQG9GGE", "expanded_url": "https://nyti.ms/2W3w1sK", "display_url": "nyti.ms/2W3w1sK", "status": 403, "unwound_url": "https://nyti.ms/2W3w1sK"}]}, "public_metrics": {"retweet_count": 29, "reply_count": 16, "like_count": 283, "quote_count": 2}, "author_id": "807003567605227520", "lang": "en", "source": "Twitter for iPhone", "created_at": "2019-04-26T20:12:06.000Z", "id": "1121869584439681026", "text": "\u201cThe crisis in America today isn\u2019t about women\u2019s wages; it\u2019s about men\u2019s wages,\u201d is what Trumps fed pick @StephenMoore said about the \u201creal\u201d pay gap problem in 1 of his many columns deriding women.  https://t.co/Z4DrQG9GGE", "author": {"name": "Amber Heard", "profile_image_url": "https://pbs.twimg.com/profile_images/1383196364792680448/N8CdupEu_normal.jpg", "created_at": "2016-12-08T23:26:58.000Z", "description": "Actor and Activist, semi-professional disruptor, ice cream advocate and shameless teacup yorkie-lover", "public_metrics": {"followers_count": 190464, "following_count": 220, "tweet_count": 1151, "listed_count": 568}, "location": "Los Angeles, CA", "id": "807003567605227520", "username": "realamberheard", "url": "https://t.co/Ze18Ek9SOI"}}, "author": {"name": "SharonPetridesStanf", "profile_image_url": "https://pbs.twimg.com/profile_images/1191990115364556800/sSGBUiXg_normal.jpg", "created_at": "2012-04-30T13:27:22.000Z", "description": "SUPPORT JULIAN ASSANGE & FREEDOM OF PRESS RIGHTS!!!   FREE JULIAN ASSANGE!!!CORRUPTION CAN\u2019T WIN!!!", "public_metrics": {"followers_count": 45, "following_count": 157, "tweet_count": 2726, "listed_count": 0}, "id": "567305991", "username": "SharonPetridesS", "url": ""}}, {"entities": {"mentions": [{"start": 0, "end": 15, "username": "realamberheard", "id": "807003567605227520"}, {"start": 16, "end": 29, "username": "StephenMoore", "id": "2304017702"}], "annotations": [{"start": 66, "end": 72, "probability": 0.9995, "type": "Place", "normalized_text": "America"}, {"start": 251, "end": 254, "probability": 0.8939, "type": "Person", "normalized_text": "Bush"}, {"start": 281, "end": 289, "probability": 0.8978, "type": "Person", "normalized_text": "Netanyahu"}]}, "public_metrics": {"retweet_count": 0, "reply_count": 0, "like_count": 1, "quote_count": 1}, "author_id": "567305991", "lang": "en", "source": "Twitter for iPhone", "created_at": "2019-04-27T20:18:16.000Z", "referenced_tweets": [{"type": "replied_to", "id": "1121869584439681026"}], "id": "1122233521135935493", "in_reply_to_user_id": "807003567605227520", "text": "@realamberheard @StephenMoore The only real crisis today, here in America, is \u201cFigures in our govt. who are completely out of control, getting away with murder\u201d, above the law, leaving 3000 families with no closure, and nobody daring to challenge the Bush\u2019s and our crooked govt.  Netanyahu killing w/our tax$", "replied_tweet": {"entities": {"mentions": [{"start": 105, "end": 118, "username": "StephenMoore", "id": "2304017702"}], "annotations": [{"start": 15, "end": 21, "probability": 0.9987, "type": "Place", "normalized_text": "America"}, {"start": 89, "end": 94, "probability": 0.9644, "type": "Person", "normalized_text": "Trumps"}], "urls": [{"start": 199, "end": 222, "url": "https://t.co/Z4DrQG9GGE", "expanded_url": "https://nyti.ms/2W3w1sK", "display_url": "nyti.ms/2W3w1sK", "status": 403, "unwound_url": "https://nyti.ms/2W3w1sK"}]}, "public_metrics": {"retweet_count": 29, "reply_count": 16, "like_count": 283, "quote_count": 2}, "author_id": "807003567605227520", "lang": "en", "source": "Twitter for iPhone", "created_at": "2019-04-26T20:12:06.000Z", "id": "1121869584439681026", "text": "\u201cThe crisis in America today isn\u2019t about women\u2019s wages; it\u2019s about men\u2019s wages,\u201d is what Trumps fed pick @StephenMoore said about the \u201creal\u201d pay gap problem in 1 of his many columns deriding women.  https://t.co/Z4DrQG9GGE", "author": {"name": "Amber Heard", "profile_image_url": "https://pbs.twimg.com/profile_images/1383196364792680448/N8CdupEu_normal.jpg", "created_at": "2016-12-08T23:26:58.000Z", "description": "Actor and Activist, semi-professional disruptor, ice cream advocate and shameless teacup yorkie-lover", "public_metrics": {"followers_count": 190464, "following_count": 220, "tweet_count": 1151, "listed_count": 568}, "location": "Los Angeles, CA", "id": "807003567605227520", "username": "realamberheard", "url": "https://t.co/Ze18Ek9SOI"}}, "author": {"name": "SharonPetridesStanf", "profile_image_url": "https://pbs.twimg.com/profile_images/1191990115364556800/sSGBUiXg_normal.jpg", "created_at": "2012-04-30T13:27:22.000Z", "description": "SUPPORT JULIAN ASSANGE & FREEDOM OF PRESS RIGHTS!!!   FREE JULIAN ASSANGE!!!CORRUPTION CAN\u2019T WIN!!!", "public_metrics": {"followers_count": 45, "following_count": 157, "tweet_count": 2726, "listed_count": 0}, "id": "567305991", "username": "SharonPetridesS", "url": ""}}, {"entities": {"mentions": [{"start": 0, "end": 15, "username": "realamberheard", "id": "807003567605227520"}, {"start": 16, "end": 29, "username": "StephenMoore", "id": "2304017702"}]}, "public_metrics": {"retweet_count": 0, "reply_count": 0, "like_count": 1, "quote_count": 0}, "author_id": "3019558362", "lang": "en", "source": "Twitter for Android", "created_at": "2019-04-27T16:50:27.000Z", "referenced_tweets": [{"type": "replied_to", "id": "1121869584439681026"}], "id": "1122181224523599873", "in_reply_to_user_id": "807003567605227520", "text": "@realamberheard @StephenMoore Do you really think women are not treated well.......???????", "replied_tweet": {"entities": {"mentions": [{"start": 105, "end": 118, "username": "StephenMoore", "id": "2304017702"}], "annotations": [{"start": 15, "end": 21, "probability": 0.9987, "type": "Place", "normalized_text": "America"}, {"start": 89, "end": 94, "probability": 0.9644, "type": "Person", "normalized_text": "Trumps"}], "urls": [{"start": 199, "end": 222, "url": "https://t.co/Z4DrQG9GGE", "expanded_url": "https://nyti.ms/2W3w1sK", "display_url": "nyti.ms/2W3w1sK", "status": 403, "unwound_url": "https://nyti.ms/2W3w1sK"}]}, "public_metrics": {"retweet_count": 29, "reply_count": 16, "like_count": 283, "quote_count": 2}, "author_id": "807003567605227520", "lang": "en", "source": "Twitter for iPhone", "created_at": "2019-04-26T20:12:06.000Z", "id": "1121869584439681026", "text": "\u201cThe crisis in America today isn\u2019t about women\u2019s wages; it\u2019s about men\u2019s wages,\u201d is what Trumps fed pick @StephenMoore said about the \u201creal\u201d pay gap problem in 1 of his many columns deriding women.  https://t.co/Z4DrQG9GGE", "author": {"name": "Amber Heard", "profile_image_url": "https://pbs.twimg.com/profile_images/1383196364792680448/N8CdupEu_normal.jpg", "created_at": "2016-12-08T23:26:58.000Z", "description": "Actor and Activist, semi-professional disruptor, ice cream advocate and shameless teacup yorkie-lover", "public_metrics": {"followers_count": 190464, "following_count": 220, "tweet_count": 1151, "listed_count": 568}, "location": "Los Angeles, CA", "id": "807003567605227520", "username": "realamberheard", "url": "https://t.co/Ze18Ek9SOI"}}, "author": {"name": "05MHR", "profile_image_url": "https://pbs.twimg.com/profile_images/856894669552332800/kf7r9Ezx_normal.jpg", "created_at": "2015-02-14T12:16:17.000Z", "description": "Study medicine", "public_metrics": {"followers_count": 792, "following_count": 1820, "tweet_count": 573, "listed_count": 1}, "id": "3019558362", "username": "mhraza005_mhr", "url": ""}}, {"entities": {"mentions": [{"start": 0, "end": 15, "username": "realamberheard", "id": "807003567605227520"}, {"start": 16, "end": 32, "username": "AmberHe73918705", "id": "1119355599626620933"}, {"start": 33, "end": 46, "username": "StephenMoore", "id": "2304017702"}]}, "public_metrics": {"retweet_count": 0, "reply_count": 0, "like_count": 0, "quote_count": 0}, "author_id": "1077813822365274112", "lang": "fr", "source": "Twitter for Android", "created_at": "2019-04-27T15:00:14.000Z", "referenced_tweets": [{"type": "replied_to", "id": "1122153225061392385"}], "id": "1122153485083000835", "in_reply_to_user_id": "1077813822365274112", "text": "@realamberheard @AmberHe73918705 @StephenMoore L'univers est grand tr\u00e8s petits\n\nComprenne qui quoi O\u00d9\n\n17;00", "replied_tweet": {"entities": {"mentions": [{"start": 105, "end": 118, "username": "StephenMoore", "id": "2304017702"}], "annotations": [{"start": 15, "end": 21, "probability": 0.9987, "type": "Place", "normalized_text": "America"}, {"start": 89, "end": 94, "probability": 0.9644, "type": "Person", "normalized_text": "Trumps"}], "urls": [{"start": 199, "end": 222, "url": "https://t.co/Z4DrQG9GGE", "expanded_url": "https://nyti.ms/2W3w1sK", "display_url": "nyti.ms/2W3w1sK", "status": 403, "unwound_url": "https://nyti.ms/2W3w1sK"}]}, "public_metrics": {"retweet_count": 29, "reply_count": 16, "like_count": 283, "quote_count": 2}, "author_id": "807003567605227520", "lang": "en", "source": "Twitter for iPhone", "created_at": "2019-04-26T20:12:06.000Z", "id": "1121869584439681026", "text": "\u201cThe crisis in America today isn\u2019t about women\u2019s wages; it\u2019s about men\u2019s wages,\u201d is what Trumps fed pick @StephenMoore said about the \u201creal\u201d pay gap problem in 1 of his many columns deriding women.  https://t.co/Z4DrQG9GGE", "author": {"name": "Amber Heard", "profile_image_url": "https://pbs.twimg.com/profile_images/1383196364792680448/N8CdupEu_normal.jpg", "created_at": "2016-12-08T23:26:58.000Z", "description": "Actor and Activist, semi-professional disruptor, ice cream advocate and shameless teacup yorkie-lover", "public_metrics": {"followers_count": 190464, "following_count": 220, "tweet_count": 1151, "listed_count": 568}, "location": "Los Angeles, CA", "id": "807003567605227520", "username": "realamberheard", "url": "https://t.co/Ze18Ek9SOI"}}, "author": {"name": ".Team.Wo.R.K.", "profile_image_url": "https://pbs.twimg.com/profile_images/1077827972365799424/I0UarEET_normal.jpg", "created_at": "2018-12-26T06:30:14.000Z", "description": "01.01.\n03.03.\n\u500bn\u618e\u269c\ufe0f\u269c\ufe0f\u269c\ufe0f\u618en\u500b\n1+1=3", "public_metrics": {"followers_count": 424, "following_count": 2726, "tweet_count": 41690, "listed_count": 2}, "location": "France", "id": "1077813822365274112", "username": "TeamWoR88318468", "url": ""}}, {"entities": {"mentions": [{"start": 0, "end": 15, "username": "realamberheard", "id": "807003567605227520"}, {"start": 16, "end": 32, "username": "AmberHe73918705", "id": "1119355599626620933"}, {"start": 33, "end": 46, "username": "StephenMoore", "id": "2304017702"}]}, "public_metrics": {"retweet_count": 0, "reply_count": 1, "like_count": 0, "quote_count": 0}, "author_id": "1077813822365274112", "lang": "fr", "source": "Twitter for Android", "created_at": "2019-04-27T14:59:12.000Z", "referenced_tweets": [{"type": "replied_to", "id": "1122152410930192385"}], "id": "1122153225061392385", "in_reply_to_user_id": "1077813822365274112", "text": "@realamberheard @AmberHe73918705 @StephenMoore C'est ainsi que se b\u00e2tissent les empires c'est ainsi qu'ils s'\u00e9teignent \nOu pas \n\nCar tous cela reste \u00e0 v\u00e9rifier \n\nInsulter l'avenir ou le pass\u00e9 c'est comme envoyer une sonde en l'imaginant bouteille et de se la prendre en pleine figure ... Tel \nUn Boomerang Quantique", "replied_tweet": {"entities": {"mentions": [{"start": 105, "end": 118, "username": "StephenMoore", "id": "2304017702"}], "annotations": [{"start": 15, "end": 21, "probability": 0.9987, "type": "Place", "normalized_text": "America"}, {"start": 89, "end": 94, "probability": 0.9644, "type": "Person", "normalized_text": "Trumps"}], "urls": [{"start": 199, "end": 222, "url": "https://t.co/Z4DrQG9GGE", "expanded_url": "https://nyti.ms/2W3w1sK", "display_url": "nyti.ms/2W3w1sK", "status": 403, "unwound_url": "https://nyti.ms/2W3w1sK"}]}, "public_metrics": {"retweet_count": 29, "reply_count": 16, "like_count": 283, "quote_count": 2}, "author_id": "807003567605227520", "lang": "en", "source": "Twitter for iPhone", "created_at": "2019-04-26T20:12:06.000Z", "id": "1121869584439681026", "text": "\u201cThe crisis in America today isn\u2019t about women\u2019s wages; it\u2019s about men\u2019s wages,\u201d is what Trumps fed pick @StephenMoore said about the \u201creal\u201d pay gap problem in 1 of his many columns deriding women.  https://t.co/Z4DrQG9GGE", "author": {"name": "Amber Heard", "profile_image_url": "https://pbs.twimg.com/profile_images/1383196364792680448/N8CdupEu_normal.jpg", "created_at": "2016-12-08T23:26:58.000Z", "description": "Actor and Activist, semi-professional disruptor, ice cream advocate and shameless teacup yorkie-lover", "public_metrics": {"followers_count": 190464, "following_count": 220, "tweet_count": 1151, "listed_count": 568}, "location": "Los Angeles, CA", "id": "807003567605227520", "username": "realamberheard", "url": "https://t.co/Ze18Ek9SOI"}}, "author": {"name": ".Team.Wo.R.K.", "profile_image_url": "https://pbs.twimg.com/profile_images/1077827972365799424/I0UarEET_normal.jpg", "created_at": "2018-12-26T06:30:14.000Z", "description": "01.01.\n03.03.\n\u500bn\u618e\u269c\ufe0f\u269c\ufe0f\u269c\ufe0f\u618en\u500b\n1+1=3", "public_metrics": {"followers_count": 424, "following_count": 2726, "tweet_count": 41690, "listed_count": 2}, "location": "France", "id": "1077813822365274112", "username": "TeamWoR88318468", "url": ""}}, {"entities": {"mentions": [{"start": 0, "end": 15, "username": "realamberheard", "id": "807003567605227520"}, {"start": 16, "end": 32, "username": "AmberHe73918705", "id": "1119355599626620933"}, {"start": 33, "end": 46, "username": "StephenMoore", "id": "2304017702"}]}, "public_metrics": {"retweet_count": 0, "reply_count": 1, "like_count": 0, "quote_count": 0}, "author_id": "1077813822365274112", "lang": "fr", "source": "Twitter for Android", "created_at": "2019-04-27T14:55:58.000Z", "referenced_tweets": [{"type": "replied_to", "id": "1122149942095749121"}], "id": "1122152410930192385", "in_reply_to_user_id": "1077813822365274112", "text": "@realamberheard @AmberHe73918705 @StephenMoore Temps = G\u00e9ographie\n\nSi tu n'essuie  pas tes pieds avant d'entrer c'est comme insulter les ombres du futur du pr\u00e9sent du pass\u00e9\nEt un vase cass\u00e9 peut d'un coup d'un seul changer ta repr\u00e9sentation du monde des ombres \nUn peu comme quand tu traverse l'\u00e9quateur \nC'est ainsi que se", "replied_tweet": {"entities": {"mentions": [{"start": 105, "end": 118, "username": "StephenMoore", "id": "2304017702"}], "annotations": [{"start": 15, "end": 21, "probability": 0.9987, "type": "Place", "normalized_text": "America"}, {"start": 89, "end": 94, "probability": 0.9644, "type": "Person", "normalized_text": "Trumps"}], "urls": [{"start": 199, "end": 222, "url": "https://t.co/Z4DrQG9GGE", "expanded_url": "https://nyti.ms/2W3w1sK", "display_url": "nyti.ms/2W3w1sK", "status": 403, "unwound_url": "https://nyti.ms/2W3w1sK"}]}, "public_metrics": {"retweet_count": 29, "reply_count": 16, "like_count": 283, "quote_count": 2}, "author_id": "807003567605227520", "lang": "en", "source": "Twitter for iPhone", "created_at": "2019-04-26T20:12:06.000Z", "id": "1121869584439681026", "text": "\u201cThe crisis in America today isn\u2019t about women\u2019s wages; it\u2019s about men\u2019s wages,\u201d is what Trumps fed pick @StephenMoore said about the \u201creal\u201d pay gap problem in 1 of his many columns deriding women.  https://t.co/Z4DrQG9GGE", "author": {"name": "Amber Heard", "profile_image_url": "https://pbs.twimg.com/profile_images/1383196364792680448/N8CdupEu_normal.jpg", "created_at": "2016-12-08T23:26:58.000Z", "description": "Actor and Activist, semi-professional disruptor, ice cream advocate and shameless teacup yorkie-lover", "public_metrics": {"followers_count": 190464, "following_count": 220, "tweet_count": 1151, "listed_count": 568}, "location": "Los Angeles, CA", "id": "807003567605227520", "username": "realamberheard", "url": "https://t.co/Ze18Ek9SOI"}}, "author": {"name": ".Team.Wo.R.K.", "profile_image_url": "https://pbs.twimg.com/profile_images/1077827972365799424/I0UarEET_normal.jpg", "created_at": "2018-12-26T06:30:14.000Z", "description": "01.01.\n03.03.\n\u500bn\u618e\u269c\ufe0f\u269c\ufe0f\u269c\ufe0f\u618en\u500b\n1+1=3", "public_metrics": {"followers_count": 424, "following_count": 2726, "tweet_count": 41690, "listed_count": 2}, "location": "France", "id": "1077813822365274112", "username": "TeamWoR88318468", "url": ""}}, {"entities": {"mentions": [{"start": 0, "end": 15, "username": "realamberheard", "id": "807003567605227520"}, {"start": 16, "end": 32, "username": "AmberHe73918705", "id": "1119355599626620933"}, {"start": 33, "end": 46, "username": "StephenMoore", "id": "2304017702"}]}, "public_metrics": {"retweet_count": 0, "reply_count": 1, "like_count": 0, "quote_count": 0}, "author_id": "1077813822365274112", "lang": "fr", "source": "Twitter for Android", "created_at": "2019-04-27T14:46:09.000Z", "referenced_tweets": [{"type": "replied_to", "id": "1122149890052825091"}], "id": "1122149942095749121", "in_reply_to_user_id": "1077813822365274112", "text": "@realamberheard @AmberHe73918705 @StephenMoore Le temps c'est de la g\u00e9ographie\n\nCe qui a \u00e9t\u00e9 sera ou est\nEst \nPoint barre", "replied_tweet": {"entities": {"mentions": [{"start": 105, "end": 118, "username": "StephenMoore", "id": "2304017702"}], "annotations": [{"start": 15, "end": 21, "probability": 0.9987, "type": "Place", "normalized_text": "America"}, {"start": 89, "end": 94, "probability": 0.9644, "type": "Person", "normalized_text": "Trumps"}], "urls": [{"start": 199, "end": 222, "url": "https://t.co/Z4DrQG9GGE", "expanded_url": "https://nyti.ms/2W3w1sK", "display_url": "nyti.ms/2W3w1sK", "status": 403, "unwound_url": "https://nyti.ms/2W3w1sK"}]}, "public_metrics": {"retweet_count": 29, "reply_count": 16, "like_count": 283, "quote_count": 2}, "author_id": "807003567605227520", "lang": "en", "source": "Twitter for iPhone", "created_at": "2019-04-26T20:12:06.000Z", "id": "1121869584439681026", "text": "\u201cThe crisis in America today isn\u2019t about women\u2019s wages; it\u2019s about men\u2019s wages,\u201d is what Trumps fed pick @StephenMoore said about the \u201creal\u201d pay gap problem in 1 of his many columns deriding women.  https://t.co/Z4DrQG9GGE", "author": {"name": "Amber Heard", "profile_image_url": "https://pbs.twimg.com/profile_images/1383196364792680448/N8CdupEu_normal.jpg", "created_at": "2016-12-08T23:26:58.000Z", "description": "Actor and Activist, semi-professional disruptor, ice cream advocate and shameless teacup yorkie-lover", "public_metrics": {"followers_count": 190464, "following_count": 220, "tweet_count": 1151, "listed_count": 568}, "location": "Los Angeles, CA", "id": "807003567605227520", "username": "realamberheard", "url": "https://t.co/Ze18Ek9SOI"}}, "author": {"name": ".Team.Wo.R.K.", "profile_image_url": "https://pbs.twimg.com/profile_images/1077827972365799424/I0UarEET_normal.jpg", "created_at": "2018-12-26T06:30:14.000Z", "description": "01.01.\n03.03.\n\u500bn\u618e\u269c\ufe0f\u269c\ufe0f\u269c\ufe0f\u618en\u500b\n1+1=3", "public_metrics": {"followers_count": 424, "following_count": 2726, "tweet_count": 41690, "listed_count": 2}, "location": "France", "id": "1077813822365274112", "username": "TeamWoR88318468", "url": ""}}, {"entities": {"mentions": [{"start": 0, "end": 15, "username": "realamberheard", "id": "807003567605227520"}, {"start": 16, "end": 32, "username": "AmberHe73918705", "id": "1119355599626620933"}, {"start": 33, "end": 46, "username": "StephenMoore", "id": "2304017702"}]}, "public_metrics": {"retweet_count": 0, "reply_count": 1, "like_count": 0, "quote_count": 0}, "author_id": "1077813822365274112", "lang": "fr", "source": "Twitter for Android", "created_at": "2019-04-27T14:45:56.000Z", "referenced_tweets": [{"type": "replied_to", "id": "1122149790584844294"}], "id": "1122149890052825091", "in_reply_to_user_id": "1077813822365274112", "text": "@realamberheard @AmberHe73918705 @StephenMoore que tu sois sapiens sapiennes\nSalien ou Salienne \nOu tout autre clan\nEt le code c'est'e code \nOn ne d\u00e9cide pas \u00e0 la place du clan \nQue tu soit capitaine ou lieutenant\nCe sont les ombres qui d\u00e9cident du partage\nUne histoire de mesure de poids de flammes et d'ombres\n...", "replied_tweet": {"entities": {"mentions": [{"start": 105, "end": 118, "username": "StephenMoore", "id": "2304017702"}], "annotations": [{"start": 15, "end": 21, "probability": 0.9987, "type": "Place", "normalized_text": "America"}, {"start": 89, "end": 94, "probability": 0.9644, "type": "Person", "normalized_text": "Trumps"}], "urls": [{"start": 199, "end": 222, "url": "https://t.co/Z4DrQG9GGE", "expanded_url": "https://nyti.ms/2W3w1sK", "display_url": "nyti.ms/2W3w1sK", "status": 403, "unwound_url": "https://nyti.ms/2W3w1sK"}]}, "public_metrics": {"retweet_count": 29, "reply_count": 16, "like_count": 283, "quote_count": 2}, "author_id": "807003567605227520", "lang": "en", "source": "Twitter for iPhone", "created_at": "2019-04-26T20:12:06.000Z", "id": "1121869584439681026", "text": "\u201cThe crisis in America today isn\u2019t about women\u2019s wages; it\u2019s about men\u2019s wages,\u201d is what Trumps fed pick @StephenMoore said about the \u201creal\u201d pay gap problem in 1 of his many columns deriding women.  https://t.co/Z4DrQG9GGE", "author": {"name": "Amber Heard", "profile_image_url": "https://pbs.twimg.com/profile_images/1383196364792680448/N8CdupEu_normal.jpg", "created_at": "2016-12-08T23:26:58.000Z", "description": "Actor and Activist, semi-professional disruptor, ice cream advocate and shameless teacup yorkie-lover", "public_metrics": {"followers_count": 190464, "following_count": 220, "tweet_count": 1151, "listed_count": 568}, "location": "Los Angeles, CA", "id": "807003567605227520", "username": "realamberheard", "url": "https://t.co/Ze18Ek9SOI"}}, "author": {"name": ".Team.Wo.R.K.", "profile_image_url": "https://pbs.twimg.com/profile_images/1077827972365799424/I0UarEET_normal.jpg", "created_at": "2018-12-26T06:30:14.000Z", "description": "01.01.\n03.03.\n\u500bn\u618e\u269c\ufe0f\u269c\ufe0f\u269c\ufe0f\u618en\u500b\n1+1=3", "public_metrics": {"followers_count": 424, "following_count": 2726, "tweet_count": 41690, "listed_count": 2}, "location": "France", "id": "1077813822365274112", "username": "TeamWoR88318468", "url": ""}}, {"entities": {"mentions": [{"start": 0, "end": 15, "username": "realamberheard", "id": "807003567605227520"}, {"start": 16, "end": 32, "username": "AmberHe73918705", "id": "1119355599626620933"}, {"start": 33, "end": 46, "username": "StephenMoore", "id": "2304017702"}]}, "public_metrics": {"retweet_count": 0, "reply_count": 1, "like_count": 0, "quote_count": 0}, "author_id": "1077813822365274112", "lang": "fr", "source": "Twitter for Android", "created_at": "2019-04-27T14:45:33.000Z", "referenced_tweets": [{"type": "replied_to", "id": "1122149659890335744"}], "id": "1122149790584844294", "in_reply_to_user_id": "1077813822365274112", "text": "@realamberheard @AmberHe73918705 @StephenMoore La mesure du travail de la sueur ou du sang vers\u00e9 la qualit\u00e9 d'\u00e2me que tu projette \u00e0 ton tour \nC'est ainsi que pharaons eurent atteint l'\u00e9ternit\u00e9 \n\nLa juste r\u00e9mun\u00e9ration pour la juste peine \nNi plus ni moins . ...", "replied_tweet": {"entities": {"mentions": [{"start": 105, "end": 118, "username": "StephenMoore", "id": "2304017702"}], "annotations": [{"start": 15, "end": 21, "probability": 0.9987, "type": "Place", "normalized_text": "America"}, {"start": 89, "end": 94, "probability": 0.9644, "type": "Person", "normalized_text": "Trumps"}], "urls": [{"start": 199, "end": 222, "url": "https://t.co/Z4DrQG9GGE", "expanded_url": "https://nyti.ms/2W3w1sK", "display_url": "nyti.ms/2W3w1sK", "status": 403, "unwound_url": "https://nyti.ms/2W3w1sK"}]}, "public_metrics": {"retweet_count": 29, "reply_count": 16, "like_count": 283, "quote_count": 2}, "author_id": "807003567605227520", "lang": "en", "source": "Twitter for iPhone", "created_at": "2019-04-26T20:12:06.000Z", "id": "1121869584439681026", "text": "\u201cThe crisis in America today isn\u2019t about women\u2019s wages; it\u2019s about men\u2019s wages,\u201d is what Trumps fed pick @StephenMoore said about the \u201creal\u201d pay gap problem in 1 of his many columns deriding women.  https://t.co/Z4DrQG9GGE", "author": {"name": "Amber Heard", "profile_image_url": "https://pbs.twimg.com/profile_images/1383196364792680448/N8CdupEu_normal.jpg", "created_at": "2016-12-08T23:26:58.000Z", "description": "Actor and Activist, semi-professional disruptor, ice cream advocate and shameless teacup yorkie-lover", "public_metrics": {"followers_count": 190464, "following_count": 220, "tweet_count": 1151, "listed_count": 568}, "location": "Los Angeles, CA", "id": "807003567605227520", "username": "realamberheard", "url": "https://t.co/Ze18Ek9SOI"}}, "author": {"name": ".Team.Wo.R.K.", "profile_image_url": "https://pbs.twimg.com/profile_images/1077827972365799424/I0UarEET_normal.jpg", "created_at": "2018-12-26T06:30:14.000Z", "description": "01.01.\n03.03.\n\u500bn\u618e\u269c\ufe0f\u269c\ufe0f\u269c\ufe0f\u618en\u500b\n1+1=3", "public_metrics": {"followers_count": 424, "following_count": 2726, "tweet_count": 41690, "listed_count": 2}, "location": "France", "id": "1077813822365274112", "username": "TeamWoR88318468", "url": ""}}, {"entities": {"mentions": [{"start": 0, "end": 15, "username": "realamberheard", "id": "807003567605227520"}, {"start": 16, "end": 32, "username": "AmberHe73918705", "id": "1119355599626620933"}, {"start": 33, "end": 46, "username": "StephenMoore", "id": "2304017702"}]}, "public_metrics": {"retweet_count": 0, "reply_count": 1, "like_count": 0, "quote_count": 0}, "author_id": "1077813822365274112", "lang": "fr", "source": "Twitter for Android", "created_at": "2019-04-27T14:45:02.000Z", "referenced_tweets": [{"type": "replied_to", "id": "1122147374103764992"}], "id": "1122149659890335744", "in_reply_to_user_id": "1077813822365274112", "text": "@realamberheard @AmberHe73918705 @StephenMoore Et de reflets (miroirs)\nLe poids des reflets\nQui ralentit ou acc\u00e9l\u00e8rent le les mouvements visibles et invisibles \nComme de l'eau \n\nDonc ce qui importe c'est la bonne r\u00e9mun\u00e9ration pour la valeur ajout\u00e9e\n...", "replied_tweet": {"entities": {"mentions": [{"start": 105, "end": 118, "username": "StephenMoore", "id": "2304017702"}], "annotations": [{"start": 15, "end": 21, "probability": 0.9987, "type": "Place", "normalized_text": "America"}, {"start": 89, "end": 94, "probability": 0.9644, "type": "Person", "normalized_text": "Trumps"}], "urls": [{"start": 199, "end": 222, "url": "https://t.co/Z4DrQG9GGE", "expanded_url": "https://nyti.ms/2W3w1sK", "display_url": "nyti.ms/2W3w1sK", "status": 403, "unwound_url": "https://nyti.ms/2W3w1sK"}]}, "public_metrics": {"retweet_count": 29, "reply_count": 16, "like_count": 283, "quote_count": 2}, "author_id": "807003567605227520", "lang": "en", "source": "Twitter for iPhone", "created_at": "2019-04-26T20:12:06.000Z", "id": "1121869584439681026", "text": "\u201cThe crisis in America today isn\u2019t about women\u2019s wages; it\u2019s about men\u2019s wages,\u201d is what Trumps fed pick @StephenMoore said about the \u201creal\u201d pay gap problem in 1 of his many columns deriding women.  https://t.co/Z4DrQG9GGE", "author": {"name": "Amber Heard", "profile_image_url": "https://pbs.twimg.com/profile_images/1383196364792680448/N8CdupEu_normal.jpg", "created_at": "2016-12-08T23:26:58.000Z", "description": "Actor and Activist, semi-professional disruptor, ice cream advocate and shameless teacup yorkie-lover", "public_metrics": {"followers_count": 190464, "following_count": 220, "tweet_count": 1151, "listed_count": 568}, "location": "Los Angeles, CA", "id": "807003567605227520", "username": "realamberheard", "url": "https://t.co/Ze18Ek9SOI"}}, "author": {"name": ".Team.Wo.R.K.", "profile_image_url": "https://pbs.twimg.com/profile_images/1077827972365799424/I0UarEET_normal.jpg", "created_at": "2018-12-26T06:30:14.000Z", "description": "01.01.\n03.03.\n\u500bn\u618e\u269c\ufe0f\u269c\ufe0f\u269c\ufe0f\u618en\u500b\n1+1=3", "public_metrics": {"followers_count": 424, "following_count": 2726, "tweet_count": 41690, "listed_count": 2}, "location": "France", "id": "1077813822365274112", "username": "TeamWoR88318468", "url": ""}}, {"entities": {"mentions": [{"start": 0, "end": 15, "username": "realamberheard", "id": "807003567605227520"}, {"start": 16, "end": 32, "username": "AmberHe73918705", "id": "1119355599626620933"}, {"start": 33, "end": 46, "username": "StephenMoore", "id": "2304017702"}]}, "public_metrics": {"retweet_count": 0, "reply_count": 1, "like_count": 0, "quote_count": 0}, "author_id": "1077813822365274112", "lang": "fr", "source": "Twitter for Android", "created_at": "2019-04-27T14:35:57.000Z", "referenced_tweets": [{"type": "replied_to", "id": "1122146630436782080"}], "id": "1122147374103764992", "in_reply_to_user_id": "1077813822365274112", "text": "@realamberheard @AmberHe73918705 @StephenMoore Il y a moi et vous \nIl y a toi et nous \nDes bulles des bulles \n\nRevenir au plus petit d\u00e9nominateur commun \nL'individu quel ou quelle ou ... \nque l'individu soit \nPoint Barre\nEnsuite chacun chacune navigue \u00e0 vue\nAttention\nFission\nAttraction\nUne histoire de flamme d'ombres et", "replied_tweet": {"entities": {"mentions": [{"start": 105, "end": 118, "username": "StephenMoore", "id": "2304017702"}], "annotations": [{"start": 15, "end": 21, "probability": 0.9987, "type": "Place", "normalized_text": "America"}, {"start": 89, "end": 94, "probability": 0.9644, "type": "Person", "normalized_text": "Trumps"}], "urls": [{"start": 199, "end": 222, "url": "https://t.co/Z4DrQG9GGE", "expanded_url": "https://nyti.ms/2W3w1sK", "display_url": "nyti.ms/2W3w1sK", "status": 403, "unwound_url": "https://nyti.ms/2W3w1sK"}]}, "public_metrics": {"retweet_count": 29, "reply_count": 16, "like_count": 283, "quote_count": 2}, "author_id": "807003567605227520", "lang": "en", "source": "Twitter for iPhone", "created_at": "2019-04-26T20:12:06.000Z", "id": "1121869584439681026", "text": "\u201cThe crisis in America today isn\u2019t about women\u2019s wages; it\u2019s about men\u2019s wages,\u201d is what Trumps fed pick @StephenMoore said about the \u201creal\u201d pay gap problem in 1 of his many columns deriding women.  https://t.co/Z4DrQG9GGE", "author": {"name": "Amber Heard", "profile_image_url": "https://pbs.twimg.com/profile_images/1383196364792680448/N8CdupEu_normal.jpg", "created_at": "2016-12-08T23:26:58.000Z", "description": "Actor and Activist, semi-professional disruptor, ice cream advocate and shameless teacup yorkie-lover", "public_metrics": {"followers_count": 190464, "following_count": 220, "tweet_count": 1151, "listed_count": 568}, "location": "Los Angeles, CA", "id": "807003567605227520", "username": "realamberheard", "url": "https://t.co/Ze18Ek9SOI"}}, "author": {"name": ".Team.Wo.R.K.", "profile_image_url": "https://pbs.twimg.com/profile_images/1077827972365799424/I0UarEET_normal.jpg", "created_at": "2018-12-26T06:30:14.000Z", "description": "01.01.\n03.03.\n\u500bn\u618e\u269c\ufe0f\u269c\ufe0f\u269c\ufe0f\u618en\u500b\n1+1=3", "public_metrics": {"followers_count": 424, "following_count": 2726, "tweet_count": 41690, "listed_count": 2}, "location": "France", "id": "1077813822365274112", "username": "TeamWoR88318468", "url": ""}}, {"entities": {"mentions": [{"start": 0, "end": 15, "username": "realamberheard", "id": "807003567605227520"}, {"start": 16, "end": 32, "username": "AmberHe73918705", "id": "1119355599626620933"}, {"start": 33, "end": 46, "username": "StephenMoore", "id": "2304017702"}]}, "public_metrics": {"retweet_count": 0, "reply_count": 1, "like_count": 0, "quote_count": 0}, "author_id": "1077813822365274112", "lang": "fr", "source": "Twitter for Android", "created_at": "2019-04-27T14:32:59.000Z", "referenced_tweets": [{"type": "replied_to", "id": "1121869584439681026"}], "id": "1122146630436782080", "in_reply_to_user_id": "807003567605227520", "text": "@realamberheard @AmberHe73918705 @StephenMoore L'\u00e9galit\u00e9 des salaires entre homme et femme\nLa belle affaire\nC'est juste une question de repr\u00e9sentation\nL'arbre qui cache la for\u00eat ... Lady ...\nTon utopie ta repr\u00e9sentation du monde telle que sapiens te la montre depuis des mill\u00e9naires\nDes hommes &amp; des femmes\nOr \nC'est faux", "replied_tweet": {"entities": {"mentions": [{"start": 105, "end": 118, "username": "StephenMoore", "id": "2304017702"}], "annotations": [{"start": 15, "end": 21, "probability": 0.9987, "type": "Place", "normalized_text": "America"}, {"start": 89, "end": 94, "probability": 0.9644, "type": "Person", "normalized_text": "Trumps"}], "urls": [{"start": 199, "end": 222, "url": "https://t.co/Z4DrQG9GGE", "expanded_url": "https://nyti.ms/2W3w1sK", "display_url": "nyti.ms/2W3w1sK", "status": 403, "unwound_url": "https://nyti.ms/2W3w1sK"}]}, "public_metrics": {"retweet_count": 29, "reply_count": 16, "like_count": 283, "quote_count": 2}, "author_id": "807003567605227520", "lang": "en", "source": "Twitter for iPhone", "created_at": "2019-04-26T20:12:06.000Z", "id": "1121869584439681026", "text": "\u201cThe crisis in America today isn\u2019t about women\u2019s wages; it\u2019s about men\u2019s wages,\u201d is what Trumps fed pick @StephenMoore said about the \u201creal\u201d pay gap problem in 1 of his many columns deriding women.  https://t.co/Z4DrQG9GGE", "author": {"name": "Amber Heard", "profile_image_url": "https://pbs.twimg.com/profile_images/1383196364792680448/N8CdupEu_normal.jpg", "created_at": "2016-12-08T23:26:58.000Z", "description": "Actor and Activist, semi-professional disruptor, ice cream advocate and shameless teacup yorkie-lover", "public_metrics": {"followers_count": 190464, "following_count": 220, "tweet_count": 1151, "listed_count": 568}, "location": "Los Angeles, CA", "id": "807003567605227520", "username": "realamberheard", "url": "https://t.co/Ze18Ek9SOI"}}, "author": {"name": ".Team.Wo.R.K.", "profile_image_url": "https://pbs.twimg.com/profile_images/1077827972365799424/I0UarEET_normal.jpg", "created_at": "2018-12-26T06:30:14.000Z", "description": "01.01.\n03.03.\n\u500bn\u618e\u269c\ufe0f\u269c\ufe0f\u269c\ufe0f\u618en\u500b\n1+1=3", "public_metrics": {"followers_count": 424, "following_count": 2726, "tweet_count": 41690, "listed_count": 2}, "location": "France", "id": "1077813822365274112", "username": "TeamWoR88318468", "url": ""}}, {"entities": {"mentions": [{"start": 0, "end": 15, "username": "realamberheard", "id": "807003567605227520"}, {"start": 16, "end": 29, "username": "StephenMoore", "id": "2304017702"}]}, "public_metrics": {"retweet_count": 0, "reply_count": 0, "like_count": 2, "quote_count": 0}, "author_id": "771304237276000256", "lang": "en", "source": "Twitter for Android", "created_at": "2019-04-27T08:27:03.000Z", "referenced_tweets": [{"type": "replied_to", "id": "1121869584439681026"}], "id": "1122054537252990976", "in_reply_to_user_id": "807003567605227520", "text": "@realamberheard @StephenMoore Women in combat is great! Because when world war 3 happens, the chances of me being drafted will be reduced to half", "replied_tweet": {"entities": {"mentions": [{"start": 105, "end": 118, "username": "StephenMoore", "id": "2304017702"}], "annotations": [{"start": 15, "end": 21, "probability": 0.9987, "type": "Place", "normalized_text": "America"}, {"start": 89, "end": 94, "probability": 0.9644, "type": "Person", "normalized_text": "Trumps"}], "urls": [{"start": 199, "end": 222, "url": "https://t.co/Z4DrQG9GGE", "expanded_url": "https://nyti.ms/2W3w1sK", "display_url": "nyti.ms/2W3w1sK", "status": 403, "unwound_url": "https://nyti.ms/2W3w1sK"}]}, "public_metrics": {"retweet_count": 29, "reply_count": 16, "like_count": 283, "quote_count": 2}, "author_id": "807003567605227520", "lang": "en", "source": "Twitter for iPhone", "created_at": "2019-04-26T20:12:06.000Z", "id": "1121869584439681026", "text": "\u201cThe crisis in America today isn\u2019t about women\u2019s wages; it\u2019s about men\u2019s wages,\u201d is what Trumps fed pick @StephenMoore said about the \u201creal\u201d pay gap problem in 1 of his many columns deriding women.  https://t.co/Z4DrQG9GGE", "author": {"name": "Amber Heard", "profile_image_url": "https://pbs.twimg.com/profile_images/1383196364792680448/N8CdupEu_normal.jpg", "created_at": "2016-12-08T23:26:58.000Z", "description": "Actor and Activist, semi-professional disruptor, ice cream advocate and shameless teacup yorkie-lover", "public_metrics": {"followers_count": 190464, "following_count": 220, "tweet_count": 1151, "listed_count": 568}, "location": "Los Angeles, CA", "id": "807003567605227520", "username": "realamberheard", "url": "https://t.co/Ze18Ek9SOI"}}, "author": {"name": "GreenLightning", "profile_image_url": "https://pbs.twimg.com/profile_images/938789805151870976/gkYQAL3P_normal.jpg", "created_at": "2016-09-01T11:10:35.000Z", "description": "| GT: LightRefractor. | I love to watch movies | Also follow just for the sake of it.... #ReleaseTheSnyderCut", "public_metrics": {"followers_count": 97, "following_count": 199, "tweet_count": 25842, "listed_count": 2}, "id": "771304237276000256", "username": "PacficRim23", "url": ""}}, {"entities": {"mentions": [{"start": 0, "end": 15, "username": "realamberheard", "id": "807003567605227520"}, {"start": 16, "end": 29, "username": "StephenMoore", "id": "2304017702"}]}, "public_metrics": {"retweet_count": 0, "reply_count": 0, "like_count": 1, "quote_count": 0}, "author_id": "771304237276000256", "lang": "en", "source": "Twitter for Android", "created_at": "2019-04-27T08:26:26.000Z", "referenced_tweets": [{"type": "replied_to", "id": "1121869584439681026"}], "id": "1122054385217880064", "in_reply_to_user_id": "807003567605227520", "text": "@realamberheard @StephenMoore Hey, I like this guy", "replied_tweet": {"entities": {"mentions": [{"start": 105, "end": 118, "username": "StephenMoore", "id": "2304017702"}], "annotations": [{"start": 15, "end": 21, "probability": 0.9987, "type": "Place", "normalized_text": "America"}, {"start": 89, "end": 94, "probability": 0.9644, "type": "Person", "normalized_text": "Trumps"}], "urls": [{"start": 199, "end": 222, "url": "https://t.co/Z4DrQG9GGE", "expanded_url": "https://nyti.ms/2W3w1sK", "display_url": "nyti.ms/2W3w1sK", "status": 403, "unwound_url": "https://nyti.ms/2W3w1sK"}]}, "public_metrics": {"retweet_count": 29, "reply_count": 16, "like_count": 283, "quote_count": 2}, "author_id": "807003567605227520", "lang": "en", "source": "Twitter for iPhone", "created_at": "2019-04-26T20:12:06.000Z", "id": "1121869584439681026", "text": "\u201cThe crisis in America today isn\u2019t about women\u2019s wages; it\u2019s about men\u2019s wages,\u201d is what Trumps fed pick @StephenMoore said about the \u201creal\u201d pay gap problem in 1 of his many columns deriding women.  https://t.co/Z4DrQG9GGE", "author": {"name": "Amber Heard", "profile_image_url": "https://pbs.twimg.com/profile_images/1383196364792680448/N8CdupEu_normal.jpg", "created_at": "2016-12-08T23:26:58.000Z", "description": "Actor and Activist, semi-professional disruptor, ice cream advocate and shameless teacup yorkie-lover", "public_metrics": {"followers_count": 190464, "following_count": 220, "tweet_count": 1151, "listed_count": 568}, "location": "Los Angeles, CA", "id": "807003567605227520", "username": "realamberheard", "url": "https://t.co/Ze18Ek9SOI"}}, "author": {"name": "GreenLightning", "profile_image_url": "https://pbs.twimg.com/profile_images/938789805151870976/gkYQAL3P_normal.jpg", "created_at": "2016-09-01T11:10:35.000Z", "description": "| GT: LightRefractor. | I love to watch movies | Also follow just for the sake of it.... #ReleaseTheSnyderCut", "public_metrics": {"followers_count": 97, "following_count": 199, "tweet_count": 25842, "listed_count": 2}, "id": "771304237276000256", "username": "PacficRim23", "url": ""}}, {"entities": {"mentions": [{"start": 0, "end": 15, "username": "realamberheard", "id": "807003567605227520"}, {"start": 16, "end": 29, "username": "StephenMoore", "id": "2304017702"}]}, "public_metrics": {"retweet_count": 0, "reply_count": 0, "like_count": 3, "quote_count": 0}, "author_id": "771304237276000256", "lang": "en", "source": "Twitter for Android", "created_at": "2019-04-27T08:23:37.000Z", "referenced_tweets": [{"type": "replied_to", "id": "1121869584439681026"}], "id": "1122053673767432192", "in_reply_to_user_id": "807003567605227520", "text": "@realamberheard @StephenMoore What will u do? Go and abuse him?", "replied_tweet": {"entities": {"mentions": [{"start": 105, "end": 118, "username": "StephenMoore", "id": "2304017702"}], "annotations": [{"start": 15, "end": 21, "probability": 0.9987, "type": "Place", "normalized_text": "America"}, {"start": 89, "end": 94, "probability": 0.9644, "type": "Person", "normalized_text": "Trumps"}], "urls": [{"start": 199, "end": 222, "url": "https://t.co/Z4DrQG9GGE", "expanded_url": "https://nyti.ms/2W3w1sK", "display_url": "nyti.ms/2W3w1sK", "status": 403, "unwound_url": "https://nyti.ms/2W3w1sK"}]}, "public_metrics": {"retweet_count": 29, "reply_count": 16, "like_count": 283, "quote_count": 2}, "author_id": "807003567605227520", "lang": "en", "source": "Twitter for iPhone", "created_at": "2019-04-26T20:12:06.000Z", "id": "1121869584439681026", "text": "\u201cThe crisis in America today isn\u2019t about women\u2019s wages; it\u2019s about men\u2019s wages,\u201d is what Trumps fed pick @StephenMoore said about the \u201creal\u201d pay gap problem in 1 of his many columns deriding women.  https://t.co/Z4DrQG9GGE", "author": {"name": "Amber Heard", "profile_image_url": "https://pbs.twimg.com/profile_images/1383196364792680448/N8CdupEu_normal.jpg", "created_at": "2016-12-08T23:26:58.000Z", "description": "Actor and Activist, semi-professional disruptor, ice cream advocate and shameless teacup yorkie-lover", "public_metrics": {"followers_count": 190464, "following_count": 220, "tweet_count": 1151, "listed_count": 568}, "location": "Los Angeles, CA", "id": "807003567605227520", "username": "realamberheard", "url": "https://t.co/Ze18Ek9SOI"}}, "author": {"name": "GreenLightning", "profile_image_url": "https://pbs.twimg.com/profile_images/938789805151870976/gkYQAL3P_normal.jpg", "created_at": "2016-09-01T11:10:35.000Z", "description": "| GT: LightRefractor. | I love to watch movies | Also follow just for the sake of it.... #ReleaseTheSnyderCut", "public_metrics": {"followers_count": 97, "following_count": 199, "tweet_count": 25842, "listed_count": 2}, "id": "771304237276000256", "username": "PacficRim23", "url": ""}}, {"entities": {"mentions": [{"start": 0, "end": 15, "username": "realamberheard", "id": "807003567605227520"}, {"start": 16, "end": 29, "username": "StephenMoore", "id": "2304017702"}], "annotations": [{"start": 30, "end": 34, "probability": 0.86, "type": "Person", "normalized_text": "Amber"}]}, "public_metrics": {"retweet_count": 0, "reply_count": 0, "like_count": 6, "quote_count": 0}, "author_id": "1108514097518116864", "lang": "en", "source": "Twitter for iPhone", "created_at": "2019-04-27T04:19:51.000Z", "referenced_tweets": [{"type": "replied_to", "id": "1121869584439681026"}], "id": "1121992329160794112", "in_reply_to_user_id": "807003567605227520", "text": "@realamberheard @StephenMoore Amber, please save your comments for things you know best. Like beating the crap out of your partners.", "replied_tweet": {"entities": {"mentions": [{"start": 105, "end": 118, "username": "StephenMoore", "id": "2304017702"}], "annotations": [{"start": 15, "end": 21, "probability": 0.9987, "type": "Place", "normalized_text": "America"}, {"start": 89, "end": 94, "probability": 0.9644, "type": "Person", "normalized_text": "Trumps"}], "urls": [{"start": 199, "end": 222, "url": "https://t.co/Z4DrQG9GGE", "expanded_url": "https://nyti.ms/2W3w1sK", "display_url": "nyti.ms/2W3w1sK", "status": 403, "unwound_url": "https://nyti.ms/2W3w1sK"}]}, "public_metrics": {"retweet_count": 29, "reply_count": 16, "like_count": 283, "quote_count": 2}, "author_id": "807003567605227520", "lang": "en", "source": "Twitter for iPhone", "created_at": "2019-04-26T20:12:06.000Z", "id": "1121869584439681026", "text": "\u201cThe crisis in America today isn\u2019t about women\u2019s wages; it\u2019s about men\u2019s wages,\u201d is what Trumps fed pick @StephenMoore said about the \u201creal\u201d pay gap problem in 1 of his many columns deriding women.  https://t.co/Z4DrQG9GGE", "author": {"name": "Amber Heard", "profile_image_url": "https://pbs.twimg.com/profile_images/1383196364792680448/N8CdupEu_normal.jpg", "created_at": "2016-12-08T23:26:58.000Z", "description": "Actor and Activist, semi-professional disruptor, ice cream advocate and shameless teacup yorkie-lover", "public_metrics": {"followers_count": 190464, "following_count": 220, "tweet_count": 1151, "listed_count": 568}, "location": "Los Angeles, CA", "id": "807003567605227520", "username": "realamberheard", "url": "https://t.co/Ze18Ek9SOI"}}, "author": {"name": "Johnny Depp is a Survivor", "profile_image_url": "https://pbs.twimg.com/profile_images/1108514339521093632/BhD9q4Bh_normal.jpg", "created_at": "2019-03-20T23:42:10.000Z", "description": "Advocating for the forgotten and invisible survivors of domestic violence.  #johnnydepp", "public_metrics": {"followers_count": 89, "following_count": 56, "tweet_count": 413, "listed_count": 0}, "id": "1108514097518116864", "username": "DeppSurvivor", "url": ""}}, {"entities": {"mentions": [{"start": 0, "end": 15, "username": "realamberheard", "id": "807003567605227520"}]}, "public_metrics": {"retweet_count": 0, "reply_count": 0, "like_count": 7, "quote_count": 0}, "author_id": "1050721822092812289", "lang": "en", "source": "Twitter Web App", "created_at": "2019-04-26T22:27:23.000Z", "referenced_tweets": [{"type": "replied_to", "id": "1121871836302725126"}], "id": "1121903627491319808", "in_reply_to_user_id": "807003567605227520", "text": "@realamberheard Also shows a big gap on legal system since ur not in prison yet", "replied_tweet": {"entities": {"mentions": [{"start": 105, "end": 118, "username": "StephenMoore", "id": "2304017702"}], "annotations": [{"start": 15, "end": 21, "probability": 0.9987, "type": "Place", "normalized_text": "America"}, {"start": 89, "end": 94, "probability": 0.9644, "type": "Person", "normalized_text": "Trumps"}], "urls": [{"start": 199, "end": 222, "url": "https://t.co/Z4DrQG9GGE", "expanded_url": "https://nyti.ms/2W3w1sK", "display_url": "nyti.ms/2W3w1sK", "status": 403, "unwound_url": "https://nyti.ms/2W3w1sK"}]}, "public_metrics": {"retweet_count": 29, "reply_count": 16, "like_count": 283, "quote_count": 2}, "author_id": "807003567605227520", "lang": "en", "source": "Twitter for iPhone", "created_at": "2019-04-26T20:12:06.000Z", "id": "1121869584439681026", "text": "\u201cThe crisis in America today isn\u2019t about women\u2019s wages; it\u2019s about men\u2019s wages,\u201d is what Trumps fed pick @StephenMoore said about the \u201creal\u201d pay gap problem in 1 of his many columns deriding women.  https://t.co/Z4DrQG9GGE", "author": {"name": "Amber Heard", "profile_image_url": "https://pbs.twimg.com/profile_images/1383196364792680448/N8CdupEu_normal.jpg", "created_at": "2016-12-08T23:26:58.000Z", "description": "Actor and Activist, semi-professional disruptor, ice cream advocate and shameless teacup yorkie-lover", "public_metrics": {"followers_count": 190464, "following_count": 220, "tweet_count": 1151, "listed_count": 568}, "location": "Los Angeles, CA", "id": "807003567605227520", "username": "realamberheard", "url": "https://t.co/Ze18Ek9SOI"}}, "author": {"name": "Susan", "profile_image_url": "https://pbs.twimg.com/profile_images/1340701831975096320/g92j12jM_normal.jpg", "created_at": "2018-10-12T12:16:18.000Z", "description": "\u2022\u273f Johnny is definition of love \u273f\u2022", "public_metrics": {"followers_count": 412, "following_count": 300, "tweet_count": 12987, "listed_count": 1}, "location": "#ibelievehim", "id": "1050721822092812289", "username": "teamdepp_", "url": ""}}, {"entities": {"mentions": [{"start": 0, "end": 15, "username": "realamberheard", "id": "807003567605227520"}], "annotations": [{"start": 16, "end": 20, "probability": 0.8668, "type": "Person", "normalized_text": "Amber"}]}, "public_metrics": {"retweet_count": 0, "reply_count": 0, "like_count": 0, "quote_count": 0}, "author_id": "1120114201404506112", "lang": "es", "source": "Twitter Web App", "created_at": "2019-04-26T22:18:38.000Z", "referenced_tweets": [{"type": "replied_to", "id": "1121871836302725126"}], "id": "1121901427465641984", "in_reply_to_user_id": "807003567605227520", "text": "@realamberheard Amber si viste lo que escribi o no  de todas formas quiero agradecerte por la informacion que compartes espero que tengas una linda tarde saludos", "replied_tweet": {"entities": {"mentions": [{"start": 105, "end": 118, "username": "StephenMoore", "id": "2304017702"}], "annotations": [{"start": 15, "end": 21, "probability": 0.9987, "type": "Place", "normalized_text": "America"}, {"start": 89, "end": 94, "probability": 0.9644, "type": "Person", "normalized_text": "Trumps"}], "urls": [{"start": 199, "end": 222, "url": "https://t.co/Z4DrQG9GGE", "expanded_url": "https://nyti.ms/2W3w1sK", "display_url": "nyti.ms/2W3w1sK", "status": 403, "unwound_url": "https://nyti.ms/2W3w1sK"}]}, "public_metrics": {"retweet_count": 29, "reply_count": 16, "like_count": 283, "quote_count": 2}, "author_id": "807003567605227520", "lang": "en", "source": "Twitter for iPhone", "created_at": "2019-04-26T20:12:06.000Z", "id": "1121869584439681026", "text": "\u201cThe crisis in America today isn\u2019t about women\u2019s wages; it\u2019s about men\u2019s wages,\u201d is what Trumps fed pick @StephenMoore said about the \u201creal\u201d pay gap problem in 1 of his many columns deriding women.  https://t.co/Z4DrQG9GGE", "author": {"name": "Amber Heard", "profile_image_url": "https://pbs.twimg.com/profile_images/1383196364792680448/N8CdupEu_normal.jpg", "created_at": "2016-12-08T23:26:58.000Z", "description": "Actor and Activist, semi-professional disruptor, ice cream advocate and shameless teacup yorkie-lover", "public_metrics": {"followers_count": 190464, "following_count": 220, "tweet_count": 1151, "listed_count": 568}, "location": "Los Angeles, CA", "id": "807003567605227520", "username": "realamberheard", "url": "https://t.co/Ze18Ek9SOI"}}, "author": {"name": "Enrique ramirez", "profile_image_url": "https://pbs.twimg.com/profile_images/1377050191719710721/-BKIU6Zv_normal.jpg", "created_at": "2019-04-21T23:56:51.000Z", "description": "", "public_metrics": {"followers_count": 63, "following_count": 304, "tweet_count": 2076, "listed_count": 0}, "location": "Puebla mexico", "id": "1120114201404506112", "username": "Enrique62175188", "url": ""}}, {"entities": {"mentions": [{"start": 0, "end": 15, "username": "realamberheard", "id": "807003567605227520"}], "annotations": [{"start": 59, "end": 63, "probability": 0.9951, "type": "Person", "normalized_text": "Trump"}], "urls": [{"start": 192, "end": 215, "url": "https://t.co/77EcBxfWyi", "expanded_url": "https://twitter.com/TheRealDoctorT/status/1121885149774385154/photo/1", "display_url": "pic.twitter.com/77EcBxfWyi"}]}, "public_metrics": {"retweet_count": 0, "reply_count": 0, "like_count": 1, "quote_count": 0}, "author_id": "2161983944", "lang": "en", "source": "Twitter for iPhone", "created_at": "2019-04-26T21:13:57.000Z", "referenced_tweets": [{"type": "replied_to", "id": "1121871836302725126"}], "id": "1121885149774385154", "in_reply_to_user_id": "807003567605227520", "text": "@realamberheard This has been the most insidious legacy of Trump.  The stocking of government with these regressive (oppressive) viewpoints that end up giving themselves an air of legitimacy. https://t.co/77EcBxfWyi", "replied_tweet": {"entities": {"mentions": [{"start": 105, "end": 118, "username": "StephenMoore", "id": "2304017702"}], "annotations": [{"start": 15, "end": 21, "probability": 0.9987, "type": "Place", "normalized_text": "America"}, {"start": 89, "end": 94, "probability": 0.9644, "type": "Person", "normalized_text": "Trumps"}], "urls": [{"start": 199, "end": 222, "url": "https://t.co/Z4DrQG9GGE", "expanded_url": "https://nyti.ms/2W3w1sK", "display_url": "nyti.ms/2W3w1sK", "status": 403, "unwound_url": "https://nyti.ms/2W3w1sK"}]}, "public_metrics": {"retweet_count": 29, "reply_count": 16, "like_count": 283, "quote_count": 2}, "author_id": "807003567605227520", "lang": "en", "source": "Twitter for iPhone", "created_at": "2019-04-26T20:12:06.000Z", "id": "1121869584439681026", "text": "\u201cThe crisis in America today isn\u2019t about women\u2019s wages; it\u2019s about men\u2019s wages,\u201d is what Trumps fed pick @StephenMoore said about the \u201creal\u201d pay gap problem in 1 of his many columns deriding women.  https://t.co/Z4DrQG9GGE", "author": {"name": "Amber Heard", "profile_image_url": "https://pbs.twimg.com/profile_images/1383196364792680448/N8CdupEu_normal.jpg", "created_at": "2016-12-08T23:26:58.000Z", "description": "Actor and Activist, semi-professional disruptor, ice cream advocate and shameless teacup yorkie-lover", "public_metrics": {"followers_count": 190464, "following_count": 220, "tweet_count": 1151, "listed_count": 568}, "location": "Los Angeles, CA", "id": "807003567605227520", "username": "realamberheard", "url": "https://t.co/Ze18Ek9SOI"}}, "author": {"name": "Sayed Tabatabai, MD", "profile_image_url": "https://pbs.twimg.com/profile_images/1375288251460689923/IlWZ76Bz_normal.jpg", "created_at": "2013-10-29T02:14:34.000Z", "description": "Nephrologist. I observe. I write. Cherish your stories. Listen to each other\u2019s. Writing in Medium, Physician\u2019s Weekly, WSJ, NPR. Owner of @iggythepetrock", "public_metrics": {"followers_count": 75967, "following_count": 2383, "tweet_count": 25746, "listed_count": 407}, "location": "San Antonio, TX", "id": "2161983944", "username": "TheRealDoctorT", "url": ""}}, {"entities": {"mentions": [{"start": 0, "end": 15, "username": "realamberheard", "id": "807003567605227520"}], "annotations": [{"start": 16, "end": 20, "probability": 0.85, "type": "Person", "normalized_text": "Amber"}]}, "public_metrics": {"retweet_count": 0, "reply_count": 0, "like_count": 0, "quote_count": 0}, "author_id": "1120114201404506112", "lang": "es", "source": "Twitter Web App", "created_at": "2019-04-26T20:55:09.000Z", "referenced_tweets": [{"type": "replied_to", "id": "1121871836302725126"}], "id": "1121880417295114247", "in_reply_to_user_id": "807003567605227520", "text": "@realamberheard Amber perdoname si parezco un poco torpe al no compreder bien debo practicar mejor mi ingles encontre un pagina en donde pude scarme de duda perdoname", "replied_tweet": {"entities": {"mentions": [{"start": 105, "end": 118, "username": "StephenMoore", "id": "2304017702"}], "annotations": [{"start": 15, "end": 21, "probability": 0.9987, "type": "Place", "normalized_text": "America"}, {"start": 89, "end": 94, "probability": 0.9644, "type": "Person", "normalized_text": "Trumps"}], "urls": [{"start": 199, "end": 222, "url": "https://t.co/Z4DrQG9GGE", "expanded_url": "https://nyti.ms/2W3w1sK", "display_url": "nyti.ms/2W3w1sK", "status": 403, "unwound_url": "https://nyti.ms/2W3w1sK"}]}, "public_metrics": {"retweet_count": 29, "reply_count": 16, "like_count": 283, "quote_count": 2}, "author_id": "807003567605227520", "lang": "en", "source": "Twitter for iPhone", "created_at": "2019-04-26T20:12:06.000Z", "id": "1121869584439681026", "text": "\u201cThe crisis in America today isn\u2019t about women\u2019s wages; it\u2019s about men\u2019s wages,\u201d is what Trumps fed pick @StephenMoore said about the \u201creal\u201d pay gap problem in 1 of his many columns deriding women.  https://t.co/Z4DrQG9GGE", "author": {"name": "Amber Heard", "profile_image_url": "https://pbs.twimg.com/profile_images/1383196364792680448/N8CdupEu_normal.jpg", "created_at": "2016-12-08T23:26:58.000Z", "description": "Actor and Activist, semi-professional disruptor, ice cream advocate and shameless teacup yorkie-lover", "public_metrics": {"followers_count": 190464, "following_count": 220, "tweet_count": 1151, "listed_count": 568}, "location": "Los Angeles, CA", "id": "807003567605227520", "username": "realamberheard", "url": "https://t.co/Ze18Ek9SOI"}}, "author": {"name": "Enrique ramirez", "profile_image_url": "https://pbs.twimg.com/profile_images/1377050191719710721/-BKIU6Zv_normal.jpg", "created_at": "2019-04-21T23:56:51.000Z", "description": "", "public_metrics": {"followers_count": 63, "following_count": 304, "tweet_count": 2076, "listed_count": 0}, "location": "Puebla mexico", "id": "1120114201404506112", "username": "Enrique62175188", "url": ""}}, {"entities": {"mentions": [{"start": 0, "end": 13, "username": "PhilMuhammad", "id": "1111665185146785792"}, {"start": 14, "end": 29, "username": "realamberheard", "id": "807003567605227520"}, {"start": 30, "end": 43, "username": "StephenMoore", "id": "2304017702"}]}, "public_metrics": {"retweet_count": 0, "reply_count": 1, "like_count": 0, "quote_count": 0}, "author_id": "3216078659", "lang": "en", "source": "Twitter Web App", "created_at": "2019-04-26T20:45:21.000Z", "referenced_tweets": [{"type": "replied_to", "id": "1121871334798168069"}], "id": "1121877952084361216", "in_reply_to_user_id": "1111665185146785792", "text": "@PhilMuhammad @realamberheard @StephenMoore So beautiful that she's like a Goddess of Beauty!\u2764\ufe0f", "replied_tweet": {"entities": {"mentions": [{"start": 105, "end": 118, "username": "StephenMoore", "id": "2304017702"}], "annotations": [{"start": 15, "end": 21, "probability": 0.9987, "type": "Place", "normalized_text": "America"}, {"start": 89, "end": 94, "probability": 0.9644, "type": "Person", "normalized_text": "Trumps"}], "urls": [{"start": 199, "end": 222, "url": "https://t.co/Z4DrQG9GGE", "expanded_url": "https://nyti.ms/2W3w1sK", "display_url": "nyti.ms/2W3w1sK", "status": 403, "unwound_url": "https://nyti.ms/2W3w1sK"}]}, "public_metrics": {"retweet_count": 29, "reply_count": 16, "like_count": 283, "quote_count": 2}, "author_id": "807003567605227520", "lang": "en", "source": "Twitter for iPhone", "created_at": "2019-04-26T20:12:06.000Z", "id": "1121869584439681026", "text": "\u201cThe crisis in America today isn\u2019t about women\u2019s wages; it\u2019s about men\u2019s wages,\u201d is what Trumps fed pick @StephenMoore said about the \u201creal\u201d pay gap problem in 1 of his many columns deriding women.  https://t.co/Z4DrQG9GGE", "author": {"name": "Amber Heard", "profile_image_url": "https://pbs.twimg.com/profile_images/1383196364792680448/N8CdupEu_normal.jpg", "created_at": "2016-12-08T23:26:58.000Z", "description": "Actor and Activist, semi-professional disruptor, ice cream advocate and shameless teacup yorkie-lover", "public_metrics": {"followers_count": 190464, "following_count": 220, "tweet_count": 1151, "listed_count": 568}, "location": "Los Angeles, CA", "id": "807003567605227520", "username": "realamberheard", "url": "https://t.co/Ze18Ek9SOI"}}, "author": {"name": "GGCIR8991", "profile_image_url": "https://pbs.twimg.com/profile_images/1501219816522219520/SQVX3N2b_normal.jpg", "created_at": "2015-04-28T07:17:35.000Z", "description": "On the internet, you can be pretty much anything you want, it's just kinda weird that so many people choose to be idiots and assholes", "public_metrics": {"followers_count": 1464, "following_count": 1324, "tweet_count": 163149, "listed_count": 17}, "id": "3216078659", "username": "GGCIR8991", "url": ""}}, {"entities": {"mentions": [{"start": 0, "end": 15, "username": "realamberheard", "id": "807003567605227520"}], "annotations": [{"start": 16, "end": 20, "probability": 0.699, "type": "Person", "normalized_text": "Amber"}]}, "public_metrics": {"retweet_count": 0, "reply_count": 0, "like_count": 0, "quote_count": 0}, "author_id": "1120114201404506112", "lang": "es", "source": "Twitter Web App", "created_at": "2019-04-26T20:44:51.000Z", "referenced_tweets": [{"type": "replied_to", "id": "1121871836302725126"}], "id": "1121877822560198656", "in_reply_to_user_id": "807003567605227520", "text": "@realamberheard Amber sigo sin encontrar informacion reciente toda la que encuentro es del a\u00f1o 2015 ,2016 ayudame por favor", "replied_tweet": {"entities": {"mentions": [{"start": 105, "end": 118, "username": "StephenMoore", "id": "2304017702"}], "annotations": [{"start": 15, "end": 21, "probability": 0.9987, "type": "Place", "normalized_text": "America"}, {"start": 89, "end": 94, "probability": 0.9644, "type": "Person", "normalized_text": "Trumps"}], "urls": [{"start": 199, "end": 222, "url": "https://t.co/Z4DrQG9GGE", "expanded_url": "https://nyti.ms/2W3w1sK", "display_url": "nyti.ms/2W3w1sK", "status": 403, "unwound_url": "https://nyti.ms/2W3w1sK"}]}, "public_metrics": {"retweet_count": 29, "reply_count": 16, "like_count": 283, "quote_count": 2}, "author_id": "807003567605227520", "lang": "en", "source": "Twitter for iPhone", "created_at": "2019-04-26T20:12:06.000Z", "id": "1121869584439681026", "text": "\u201cThe crisis in America today isn\u2019t about women\u2019s wages; it\u2019s about men\u2019s wages,\u201d is what Trumps fed pick @StephenMoore said about the \u201creal\u201d pay gap problem in 1 of his many columns deriding women.  https://t.co/Z4DrQG9GGE", "author": {"name": "Amber Heard", "profile_image_url": "https://pbs.twimg.com/profile_images/1383196364792680448/N8CdupEu_normal.jpg", "created_at": "2016-12-08T23:26:58.000Z", "description": "Actor and Activist, semi-professional disruptor, ice cream advocate and shameless teacup yorkie-lover", "public_metrics": {"followers_count": 190464, "following_count": 220, "tweet_count": 1151, "listed_count": 568}, "location": "Los Angeles, CA", "id": "807003567605227520", "username": "realamberheard", "url": "https://t.co/Ze18Ek9SOI"}}, "author": {"name": "Enrique ramirez", "profile_image_url": "https://pbs.twimg.com/profile_images/1377050191719710721/-BKIU6Zv_normal.jpg", "created_at": "2019-04-21T23:56:51.000Z", "description": "", "public_metrics": {"followers_count": 63, "following_count": 304, "tweet_count": 2076, "listed_count": 0}, "location": "Puebla mexico", "id": "1120114201404506112", "username": "Enrique62175188", "url": ""}}, {"entities": {"mentions": [{"start": 0, "end": 15, "username": "realamberheard", "id": "807003567605227520"}, {"start": 16, "end": 29, "username": "StephenMoore", "id": "2304017702"}, {"start": 97, "end": 112, "username": "realamberheard", "id": "807003567605227520"}]}, "public_metrics": {"retweet_count": 0, "reply_count": 0, "like_count": 2, "quote_count": 0}, "author_id": "3216078659", "lang": "en", "source": "Twitter Web App", "created_at": "2019-04-26T20:41:16.000Z", "referenced_tweets": [{"type": "replied_to", "id": "1121869584439681026"}], "id": "1121876924089823232", "in_reply_to_user_id": "807003567605227520", "text": "@realamberheard @StephenMoore Always speaking out and expressing yourself, I love women like you @realamberheard!\u2764\ufe0f\ud83d\udc4a", "replied_tweet": {"entities": {"mentions": [{"start": 105, "end": 118, "username": "StephenMoore", "id": "2304017702"}], "annotations": [{"start": 15, "end": 21, "probability": 0.9987, "type": "Place", "normalized_text": "America"}, {"start": 89, "end": 94, "probability": 0.9644, "type": "Person", "normalized_text": "Trumps"}], "urls": [{"start": 199, "end": 222, "url": "https://t.co/Z4DrQG9GGE", "expanded_url": "https://nyti.ms/2W3w1sK", "display_url": "nyti.ms/2W3w1sK", "status": 403, "unwound_url": "https://nyti.ms/2W3w1sK"}]}, "public_metrics": {"retweet_count": 29, "reply_count": 16, "like_count": 283, "quote_count": 2}, "author_id": "807003567605227520", "lang": "en", "source": "Twitter for iPhone", "created_at": "2019-04-26T20:12:06.000Z", "id": "1121869584439681026", "text": "\u201cThe crisis in America today isn\u2019t about women\u2019s wages; it\u2019s about men\u2019s wages,\u201d is what Trumps fed pick @StephenMoore said about the \u201creal\u201d pay gap problem in 1 of his many columns deriding women.  https://t.co/Z4DrQG9GGE", "author": {"name": "Amber Heard", "profile_image_url": "https://pbs.twimg.com/profile_images/1383196364792680448/N8CdupEu_normal.jpg", "created_at": "2016-12-08T23:26:58.000Z", "description": "Actor and Activist, semi-professional disruptor, ice cream advocate and shameless teacup yorkie-lover", "public_metrics": {"followers_count": 190464, "following_count": 220, "tweet_count": 1151, "listed_count": 568}, "location": "Los Angeles, CA", "id": "807003567605227520", "username": "realamberheard", "url": "https://t.co/Ze18Ek9SOI"}}, "author": {"name": "GGCIR8991", "profile_image_url": "https://pbs.twimg.com/profile_images/1501219816522219520/SQVX3N2b_normal.jpg", "created_at": "2015-04-28T07:17:35.000Z", "description": "On the internet, you can be pretty much anything you want, it's just kinda weird that so many people choose to be idiots and assholes", "public_metrics": {"followers_count": 1464, "following_count": 1324, "tweet_count": 163149, "listed_count": 17}, "id": "3216078659", "username": "GGCIR8991", "url": ""}}, {"entities": {"mentions": [{"start": 0, "end": 15, "username": "realamberheard", "id": "807003567605227520"}]}, "public_metrics": {"retweet_count": 0, "reply_count": 0, "like_count": 0, "quote_count": 0}, "author_id": "1120114201404506112", "lang": "es", "source": "Twitter Web App", "created_at": "2019-04-26T20:32:14.000Z", "referenced_tweets": [{"type": "replied_to", "id": "1121871836302725126"}], "id": "1121874650722598912", "in_reply_to_user_id": "807003567605227520", "text": "@realamberheard Podrias darme tu punto de vista amber para comprender mejor por favor", "replied_tweet": {"entities": {"mentions": [{"start": 105, "end": 118, "username": "StephenMoore", "id": "2304017702"}], "annotations": [{"start": 15, "end": 21, "probability": 0.9987, "type": "Place", "normalized_text": "America"}, {"start": 89, "end": 94, "probability": 0.9644, "type": "Person", "normalized_text": "Trumps"}], "urls": [{"start": 199, "end": 222, "url": "https://t.co/Z4DrQG9GGE", "expanded_url": "https://nyti.ms/2W3w1sK", "display_url": "nyti.ms/2W3w1sK", "status": 403, "unwound_url": "https://nyti.ms/2W3w1sK"}]}, "public_metrics": {"retweet_count": 29, "reply_count": 16, "like_count": 283, "quote_count": 2}, "author_id": "807003567605227520", "lang": "en", "source": "Twitter for iPhone", "created_at": "2019-04-26T20:12:06.000Z", "id": "1121869584439681026", "text": "\u201cThe crisis in America today isn\u2019t about women\u2019s wages; it\u2019s about men\u2019s wages,\u201d is what Trumps fed pick @StephenMoore said about the \u201creal\u201d pay gap problem in 1 of his many columns deriding women.  https://t.co/Z4DrQG9GGE", "author": {"name": "Amber Heard", "profile_image_url": "https://pbs.twimg.com/profile_images/1383196364792680448/N8CdupEu_normal.jpg", "created_at": "2016-12-08T23:26:58.000Z", "description": "Actor and Activist, semi-professional disruptor, ice cream advocate and shameless teacup yorkie-lover", "public_metrics": {"followers_count": 190464, "following_count": 220, "tweet_count": 1151, "listed_count": 568}, "location": "Los Angeles, CA", "id": "807003567605227520", "username": "realamberheard", "url": "https://t.co/Ze18Ek9SOI"}}, "author": {"name": "Enrique ramirez", "profile_image_url": "https://pbs.twimg.com/profile_images/1377050191719710721/-BKIU6Zv_normal.jpg", "created_at": "2019-04-21T23:56:51.000Z", "description": "", "public_metrics": {"followers_count": 63, "following_count": 304, "tweet_count": 2076, "listed_count": 0}, "location": "Puebla mexico", "id": "1120114201404506112", "username": "Enrique62175188", "url": ""}}, {"entities": {"mentions": [{"start": 0, "end": 15, "username": "realamberheard", "id": "807003567605227520"}, {"start": 16, "end": 29, "username": "StephenMoore", "id": "2304017702"}], "annotations": [{"start": 30, "end": 34, "probability": 0.851, "type": "Person", "normalized_text": "Amber"}, {"start": 265, "end": 269, "probability": 0.5759, "type": "Person", "normalized_text": "amber"}]}, "public_metrics": {"retweet_count": 0, "reply_count": 0, "like_count": 0, "quote_count": 0}, "author_id": "1120114201404506112", "lang": "es", "source": "Twitter Web App", "created_at": "2019-04-26T20:29:03.000Z", "referenced_tweets": [{"type": "replied_to", "id": "1121869584439681026"}], "id": "1121873847521820672", "in_reply_to_user_id": "807003567605227520", "text": "@realamberheard @StephenMoore Amber me gustaria que me dieras tu opinion estuve buscando informacion sobre esto pero las paginas en internet tienen su propia opinion y informacion incompleta podrias brindarme un poco mas o conoces alguna fuente confiable por favor amber", "replied_tweet": {"entities": {"mentions": [{"start": 105, "end": 118, "username": "StephenMoore", "id": "2304017702"}], "annotations": [{"start": 15, "end": 21, "probability": 0.9987, "type": "Place", "normalized_text": "America"}, {"start": 89, "end": 94, "probability": 0.9644, "type": "Person", "normalized_text": "Trumps"}], "urls": [{"start": 199, "end": 222, "url": "https://t.co/Z4DrQG9GGE", "expanded_url": "https://nyti.ms/2W3w1sK", "display_url": "nyti.ms/2W3w1sK", "status": 403, "unwound_url": "https://nyti.ms/2W3w1sK"}]}, "public_metrics": {"retweet_count": 29, "reply_count": 16, "like_count": 283, "quote_count": 2}, "author_id": "807003567605227520", "lang": "en", "source": "Twitter for iPhone", "created_at": "2019-04-26T20:12:06.000Z", "id": "1121869584439681026", "text": "\u201cThe crisis in America today isn\u2019t about women\u2019s wages; it\u2019s about men\u2019s wages,\u201d is what Trumps fed pick @StephenMoore said about the \u201creal\u201d pay gap problem in 1 of his many columns deriding women.  https://t.co/Z4DrQG9GGE", "author": {"name": "Amber Heard", "profile_image_url": "https://pbs.twimg.com/profile_images/1383196364792680448/N8CdupEu_normal.jpg", "created_at": "2016-12-08T23:26:58.000Z", "description": "Actor and Activist, semi-professional disruptor, ice cream advocate and shameless teacup yorkie-lover", "public_metrics": {"followers_count": 190464, "following_count": 220, "tweet_count": 1151, "listed_count": 568}, "location": "Los Angeles, CA", "id": "807003567605227520", "username": "realamberheard", "url": "https://t.co/Ze18Ek9SOI"}}, "author": {"name": "Enrique ramirez", "profile_image_url": "https://pbs.twimg.com/profile_images/1377050191719710721/-BKIU6Zv_normal.jpg", "created_at": "2019-04-21T23:56:51.000Z", "description": "", "public_metrics": {"followers_count": 63, "following_count": 304, "tweet_count": 2076, "listed_count": 0}, "location": "Puebla mexico", "id": "1120114201404506112", "username": "Enrique62175188", "url": ""}}, {"entities": {"mentions": [{"start": 0, "end": 15, "username": "realamberheard", "id": "807003567605227520"}, {"start": 16, "end": 29, "username": "StephenMoore", "id": "2304017702"}]}, "public_metrics": {"retweet_count": 0, "reply_count": 0, "like_count": 0, "quote_count": 0}, "author_id": "1087954434804588544", "lang": "en", "source": "Twitter for iPad", "created_at": "2019-04-26T20:27:07.000Z", "referenced_tweets": [{"type": "replied_to", "id": "1121869584439681026"}], "id": "1121873360210800647", "in_reply_to_user_id": "807003567605227520", "text": "@realamberheard @StephenMoore This guy is too stupid to have anything to do with the Fed.", "replied_tweet": {"entities": {"mentions": [{"start": 105, "end": 118, "username": "StephenMoore", "id": "2304017702"}], "annotations": [{"start": 15, "end": 21, "probability": 0.9987, "type": "Place", "normalized_text": "America"}, {"start": 89, "end": 94, "probability": 0.9644, "type": "Person", "normalized_text": "Trumps"}], "urls": [{"start": 199, "end": 222, "url": "https://t.co/Z4DrQG9GGE", "expanded_url": "https://nyti.ms/2W3w1sK", "display_url": "nyti.ms/2W3w1sK", "status": 403, "unwound_url": "https://nyti.ms/2W3w1sK"}]}, "public_metrics": {"retweet_count": 29, "reply_count": 16, "like_count": 283, "quote_count": 2}, "author_id": "807003567605227520", "lang": "en", "source": "Twitter for iPhone", "created_at": "2019-04-26T20:12:06.000Z", "id": "1121869584439681026", "text": "\u201cThe crisis in America today isn\u2019t about women\u2019s wages; it\u2019s about men\u2019s wages,\u201d is what Trumps fed pick @StephenMoore said about the \u201creal\u201d pay gap problem in 1 of his many columns deriding women.  https://t.co/Z4DrQG9GGE", "author": {"name": "Amber Heard", "profile_image_url": "https://pbs.twimg.com/profile_images/1383196364792680448/N8CdupEu_normal.jpg", "created_at": "2016-12-08T23:26:58.000Z", "description": "Actor and Activist, semi-professional disruptor, ice cream advocate and shameless teacup yorkie-lover", "public_metrics": {"followers_count": 190464, "following_count": 220, "tweet_count": 1151, "listed_count": 568}, "location": "Los Angeles, CA", "id": "807003567605227520", "username": "realamberheard", "url": "https://t.co/Ze18Ek9SOI"}}, "author": {"name": "James Moyers", "profile_image_url": "https://pbs.twimg.com/profile_images/1087955146942935041/KzBeRFEB_normal.jpg", "created_at": "2019-01-23T06:05:25.000Z", "description": "", "public_metrics": {"followers_count": 14, "following_count": 82, "tweet_count": 359, "listed_count": 0}, "id": "1087954434804588544", "username": "JamesMoyers3", "url": ""}}, {"entities": {"mentions": [{"start": 0, "end": 15, "username": "realamberheard", "id": "807003567605227520"}, {"start": 16, "end": 29, "username": "StephenMoore", "id": "2304017702"}], "annotations": [{"start": 35, "end": 39, "probability": 0.7337, "type": "Person", "normalized_text": "amber"}]}, "public_metrics": {"retweet_count": 0, "reply_count": 0, "like_count": 2, "quote_count": 0}, "author_id": "989633741114003456", "lang": "en", "source": "Twitter for Android", "created_at": "2019-04-26T20:25:53.000Z", "referenced_tweets": [{"type": "replied_to", "id": "1121869584439681026"}], "id": "1121873051308765184", "in_reply_to_user_id": "807003567605227520", "text": "@realamberheard @StephenMoore Dear amber, the issue is women have been mistreated for centurys as second class citizens ,right??\ud83e\udd14", "replied_tweet": {"entities": {"mentions": [{"start": 105, "end": 118, "username": "StephenMoore", "id": "2304017702"}], "annotations": [{"start": 15, "end": 21, "probability": 0.9987, "type": "Place", "normalized_text": "America"}, {"start": 89, "end": 94, "probability": 0.9644, "type": "Person", "normalized_text": "Trumps"}], "urls": [{"start": 199, "end": 222, "url": "https://t.co/Z4DrQG9GGE", "expanded_url": "https://nyti.ms/2W3w1sK", "display_url": "nyti.ms/2W3w1sK", "status": 403, "unwound_url": "https://nyti.ms/2W3w1sK"}]}, "public_metrics": {"retweet_count": 29, "reply_count": 16, "like_count": 283, "quote_count": 2}, "author_id": "807003567605227520", "lang": "en", "source": "Twitter for iPhone", "created_at": "2019-04-26T20:12:06.000Z", "id": "1121869584439681026", "text": "\u201cThe crisis in America today isn\u2019t about women\u2019s wages; it\u2019s about men\u2019s wages,\u201d is what Trumps fed pick @StephenMoore said about the \u201creal\u201d pay gap problem in 1 of his many columns deriding women.  https://t.co/Z4DrQG9GGE", "author": {"name": "Amber Heard", "profile_image_url": "https://pbs.twimg.com/profile_images/1383196364792680448/N8CdupEu_normal.jpg", "created_at": "2016-12-08T23:26:58.000Z", "description": "Actor and Activist, semi-professional disruptor, ice cream advocate and shameless teacup yorkie-lover", "public_metrics": {"followers_count": 190464, "following_count": 220, "tweet_count": 1151, "listed_count": 568}, "location": "Los Angeles, CA", "id": "807003567605227520", "username": "realamberheard", "url": "https://t.co/Ze18Ek9SOI"}}, "author": {"name": "Paulwalwanis", "profile_image_url": "https://abs.twimg.com/sticky/default_profile_images/default_profile_normal.png", "created_at": "2018-04-26T22:34:05.000Z", "description": "Comedy,counselor", "public_metrics": {"followers_count": 39, "following_count": 269, "tweet_count": 44974, "listed_count": 0}, "location": "Long Island,new York", "id": "989633741114003456", "username": "Paulwalwanis7", "url": ""}}, {"entities": {"annotations": [{"start": 6, "end": 13, "probability": 0.9932, "type": "Person", "normalized_text": "Mr Moore"}]}, "public_metrics": {"retweet_count": 16, "reply_count": 10, "like_count": 205, "quote_count": 2}, "author_id": "807003567605227520", "lang": "en", "source": "Twitter for iPhone", "created_at": "2019-04-26T20:21:03.000Z", "referenced_tweets": [{"type": "replied_to", "id": "1121869584439681026"}], "id": "1121871836302725126", "in_reply_to_user_id": "807003567605227520", "text": "*says Mr Moore while earning 100 cents to every one his dollars. Must be nice to have such an clarity on who the REAL pay gap affects from his POV....", "replied_tweet": {"entities": {"mentions": [{"start": 105, "end": 118, "username": "StephenMoore", "id": "2304017702"}], "annotations": [{"start": 15, "end": 21, "probability": 0.9987, "type": "Place", "normalized_text": "America"}, {"start": 89, "end": 94, "probability": 0.9644, "type": "Person", "normalized_text": "Trumps"}], "urls": [{"start": 199, "end": 222, "url": "https://t.co/Z4DrQG9GGE", "expanded_url": "https://nyti.ms/2W3w1sK", "display_url": "nyti.ms/2W3w1sK", "status": 403, "unwound_url": "https://nyti.ms/2W3w1sK"}]}, "public_metrics": {"retweet_count": 29, "reply_count": 16, "like_count": 283, "quote_count": 2}, "author_id": "807003567605227520", "lang": "en", "source": "Twitter for iPhone", "created_at": "2019-04-26T20:12:06.000Z", "id": "1121869584439681026", "text": "\u201cThe crisis in America today isn\u2019t about women\u2019s wages; it\u2019s about men\u2019s wages,\u201d is what Trumps fed pick @StephenMoore said about the \u201creal\u201d pay gap problem in 1 of his many columns deriding women.  https://t.co/Z4DrQG9GGE", "author": {"name": "Amber Heard", "profile_image_url": "https://pbs.twimg.com/profile_images/1383196364792680448/N8CdupEu_normal.jpg", "created_at": "2016-12-08T23:26:58.000Z", "description": "Actor and Activist, semi-professional disruptor, ice cream advocate and shameless teacup yorkie-lover", "public_metrics": {"followers_count": 190464, "following_count": 220, "tweet_count": 1151, "listed_count": 568}, "location": "Los Angeles, CA", "id": "807003567605227520", "username": "realamberheard", "url": "https://t.co/Ze18Ek9SOI"}}, "author": {"name": "Amber Heard", "profile_image_url": "https://pbs.twimg.com/profile_images/1383196364792680448/N8CdupEu_normal.jpg", "created_at": "2016-12-08T23:26:58.000Z", "description": "Actor and Activist, semi-professional disruptor, ice cream advocate and shameless teacup yorkie-lover", "public_metrics": {"followers_count": 190464, "following_count": 220, "tweet_count": 1151, "listed_count": 568}, "location": "Los Angeles, CA", "id": "807003567605227520", "username": "realamberheard", "url": "https://t.co/Ze18Ek9SOI"}}]