[{"in_reply_to_user_id": "807003567605227520", "id": "1124863751079915520", "entities": {"hashtags": [{"start": 42, "end": 63, "tag": "AmberHeardIsAnAbuser"}], "mentions": [{"start": 0, "end": 15, "username": "realamberheard", "id": "807003567605227520"}, {"start": 16, "end": 26, "username": "RiseNowUS", "id": "2961466710"}, {"start": 27, "end": 41, "username": "nguyen_amanda", "id": "315390036"}], "urls": [{"start": 64, "end": 87, "url": "https://t.co/G0TeqE2MqX", "expanded_url": "https://twitter.com/reames_rachel/status/1124863751079915520/photo/1", "display_url": "pic.twitter.com/G0TeqE2MqX"}]}, "lang": "und", "author_id": "1092236342166151168", "referenced_tweets": [{"type": "replied_to", "id": "1121508843391979520"}], "public_metrics": {"retweet_count": 0, "reply_count": 0, "like_count": 0, "quote_count": 0}, "text": "@realamberheard @RiseNowUS @nguyen_amanda #AmberHeardIsAnAbuser https://t.co/G0TeqE2MqX", "created_at": "2019-05-05T02:29:51.000Z", "source": "Twitter for Android", "replied_tweet": {"id": "1121508843391979520", "entities": {"mentions": [{"start": 109, "end": 119, "username": "RiseNowUS", "id": "2961466710"}, {"start": 186, "end": 200, "username": "nguyen_amanda", "id": "315390036"}], "urls": [{"start": 204, "end": 227, "url": "https://t.co/mHSs8OQ7kb", "expanded_url": "https://twitter.com/realamberheard/status/1121508843391979520/video/1", "display_url": "pic.twitter.com/mHSs8OQ7kb"}], "annotations": [{"start": 25, "end": 37, "probability": 0.9257, "type": "Person", "normalized_text": "\u2066Sec Clinton\u2069"}, {"start": 43, "end": 54, "probability": 0.995, "type": "Person", "normalized_text": "Nancy Pelosi"}]}, "lang": "en", "author_id": "807003567605227520", "public_metrics": {"retweet_count": 34, "reply_count": 28, "like_count": 522, "quote_count": 2}, "text": "It was so amzng to watch \u2066Sec Clinton\u2069 and Nancy Pelosi share the stage in honoring my friend\u2069 for her work \u2066@RiseNowUS\u2069 along w so many other unstoppable world game-changers. Congrats \u2066@nguyen_amanda\u2069 \u2066 https://t.co/mHSs8OQ7kb", "created_at": "2019-04-25T20:18:39.000Z", "source": "Twitter for iPhone", "author": {"url": "https://t.co/Ze18Ek9SOI", "username": "realamberheard", "description": "Actor and Activist, semi-professional disruptor, ice cream advocate and shameless teacup yorkie-lover", "name": "Amber Heard", "location": "Los Angeles, CA", "created_at": "2016-12-08T23:26:58.000Z", "profile_image_url": "https://pbs.twimg.com/profile_images/1383196364792680448/N8CdupEu_normal.jpg", "public_metrics": {"followers_count": 190464, "following_count": 220, "tweet_count": 1151, "listed_count": 568}, "id": "807003567605227520"}}, "author": {"url": "", "username": "RayRayDepp", "description": "Autism Mom,SF USAF Vet,Depphead Forever&Always\n#JusticeForJohnnyDepp\n#JohnnyDeppSoldiers\n#WeAreWithYouJohnnyDepp\nIm NOT a\ud83e\udd16! \nI'm a #JohnnyDeppWarrior", "name": "RayRayDepp82", "location": "Gilbert, AZ", "created_at": "2019-02-04T01:40:11.000Z", "profile_image_url": "https://pbs.twimg.com/profile_images/1412516671898591239/GGtQreLd_normal.jpg", "public_metrics": {"followers_count": 652, "following_count": 322, "tweet_count": 21162, "listed_count": 2}, "id": "1092236342166151168"}}, {"in_reply_to_user_id": "1110053201775128586", "id": "1122277977826349056", "entities": {"mentions": [{"start": 0, "end": 12, "username": "Sarah_Zarin", "id": "1110053201775128586"}, {"start": 13, "end": 28, "username": "realamberheard", "id": "807003567605227520"}, {"start": 29, "end": 39, "username": "RiseNowUS", "id": "2961466710"}, {"start": 40, "end": 54, "username": "nguyen_amanda", "id": "315390036"}]}, "lang": "en", "author_id": "927708662642065409", "referenced_tweets": [{"type": "replied_to", "id": "1121528210091413505"}], "public_metrics": {"retweet_count": 0, "reply_count": 0, "like_count": 2, "quote_count": 0}, "text": "@Sarah_Zarin @realamberheard @RiseNowUS @nguyen_amanda I always knew in my gut! I always believe women but from the start it didn\u2019t feel right, so proud he is standing up! Thanks for making it harder on real victims", "created_at": "2019-04-27T23:14:55.000Z", "source": "Twitter for iPhone", "replied_tweet": {"id": "1121508843391979520", "entities": {"mentions": [{"start": 109, "end": 119, "username": "RiseNowUS", "id": "2961466710"}, {"start": 186, "end": 200, "username": "nguyen_amanda", "id": "315390036"}], "urls": [{"start": 204, "end": 227, "url": "https://t.co/mHSs8OQ7kb", "expanded_url": "https://twitter.com/realamberheard/status/1121508843391979520/video/1", "display_url": "pic.twitter.com/mHSs8OQ7kb"}], "annotations": [{"start": 25, "end": 37, "probability": 0.9257, "type": "Person", "normalized_text": "\u2066Sec Clinton\u2069"}, {"start": 43, "end": 54, "probability": 0.995, "type": "Person", "normalized_text": "Nancy Pelosi"}]}, "lang": "en", "author_id": "807003567605227520", "public_metrics": {"retweet_count": 34, "reply_count": 28, "like_count": 522, "quote_count": 2}, "text": "It was so amzng to watch \u2066Sec Clinton\u2069 and Nancy Pelosi share the stage in honoring my friend\u2069 for her work \u2066@RiseNowUS\u2069 along w so many other unstoppable world game-changers. Congrats \u2066@nguyen_amanda\u2069 \u2066 https://t.co/mHSs8OQ7kb", "created_at": "2019-04-25T20:18:39.000Z", "source": "Twitter for iPhone", "author": {"url": "https://t.co/Ze18Ek9SOI", "username": "realamberheard", "description": "Actor and Activist, semi-professional disruptor, ice cream advocate and shameless teacup yorkie-lover", "name": "Amber Heard", "location": "Los Angeles, CA", "created_at": "2016-12-08T23:26:58.000Z", "profile_image_url": "https://pbs.twimg.com/profile_images/1383196364792680448/N8CdupEu_normal.jpg", "public_metrics": {"followers_count": 190464, "following_count": 220, "tweet_count": 1151, "listed_count": 568}, "id": "807003567605227520"}}, "author": {"url": "", "username": "apirateslife77", "description": "just Rach , a #spoonie, feeling some hope after 4 years of crazy, #biden/Harris! music is therapy, movies let you get lost in another world!", "name": "justrach \ud83c\udf0a\ud83c\udff4\u200d\u2620\ufe0f\ud83c\udff4\u200d\u2620\ufe0f\ud83c\udff4\u200d\u2620\ufe0f\ud83c\udff4\u200d\u2620\ufe0f", "location": "California, USA", "created_at": "2017-11-07T01:25:55.000Z", "profile_image_url": "https://pbs.twimg.com/profile_images/1440260559996264448/VQ7yjEIc_normal.jpg", "public_metrics": {"followers_count": 506, "following_count": 1301, "tweet_count": 3989, "listed_count": 0}, "id": "927708662642065409"}}, {"in_reply_to_user_id": "3707617761", "id": "1122209244688867331", "entities": {"mentions": [{"start": 0, "end": 13, "username": "merafeelings", "id": "1130565226636677121"}, {"start": 14, "end": 29, "username": "realamberheard", "id": "807003567605227520"}, {"start": 30, "end": 40, "username": "RiseNowUS", "id": "2961466710"}, {"start": 41, "end": 55, "username": "nguyen_amanda", "id": "315390036"}]}, "lang": "en", "author_id": "1115429874137731072", "referenced_tweets": [{"type": "replied_to", "id": "1122208598287966208"}], "public_metrics": {"retweet_count": 0, "reply_count": 0, "like_count": 1, "quote_count": 0}, "text": "@merafeelings @realamberheard @RiseNowUS @nguyen_amanda I'm worrying because she's manipulating her fans even further.", "created_at": "2019-04-27T18:41:48.000Z", "source": "Twitter Web App", "replied_tweet": {"id": "1121508843391979520", "entities": {"mentions": [{"start": 109, "end": 119, "username": "RiseNowUS", "id": "2961466710"}, {"start": 186, "end": 200, "username": "nguyen_amanda", "id": "315390036"}], "urls": [{"start": 204, "end": 227, "url": "https://t.co/mHSs8OQ7kb", "expanded_url": "https://twitter.com/realamberheard/status/1121508843391979520/video/1", "display_url": "pic.twitter.com/mHSs8OQ7kb"}], "annotations": [{"start": 25, "end": 37, "probability": 0.9257, "type": "Person", "normalized_text": "\u2066Sec Clinton\u2069"}, {"start": 43, "end": 54, "probability": 0.995, "type": "Person", "normalized_text": "Nancy Pelosi"}]}, "lang": "en", "author_id": "807003567605227520", "public_metrics": {"retweet_count": 34, "reply_count": 28, "like_count": 522, "quote_count": 2}, "text": "It was so amzng to watch \u2066Sec Clinton\u2069 and Nancy Pelosi share the stage in honoring my friend\u2069 for her work \u2066@RiseNowUS\u2069 along w so many other unstoppable world game-changers. Congrats \u2066@nguyen_amanda\u2069 \u2066 https://t.co/mHSs8OQ7kb", "created_at": "2019-04-25T20:18:39.000Z", "source": "Twitter for iPhone", "author": {"url": "https://t.co/Ze18Ek9SOI", "username": "realamberheard", "description": "Actor and Activist, semi-professional disruptor, ice cream advocate and shameless teacup yorkie-lover", "name": "Amber Heard", "location": "Los Angeles, CA", "created_at": "2016-12-08T23:26:58.000Z", "profile_image_url": "https://pbs.twimg.com/profile_images/1383196364792680448/N8CdupEu_normal.jpg", "public_metrics": {"followers_count": 190464, "following_count": 220, "tweet_count": 1151, "listed_count": 568}, "id": "807003567605227520"}}, "author": {"url": "", "username": "lenny45678", "description": "I'm very creative", "name": "Lenny45678", "created_at": "2019-04-09T01:43:00.000Z", "profile_image_url": "https://abs.twimg.com/sticky/default_profile_images/default_profile_normal.png", "public_metrics": {"followers_count": 6, "following_count": 1, "tweet_count": 1305, "listed_count": 0}, "id": "1115429874137731072"}}, {"in_reply_to_user_id": "3707617761", "id": "1122207256550965249", "entities": {"mentions": [{"start": 0, "end": 13, "username": "merafeelings", "id": "1130565226636677121"}, {"start": 14, "end": 29, "username": "realamberheard", "id": "807003567605227520"}, {"start": 30, "end": 40, "username": "RiseNowUS", "id": "2961466710"}, {"start": 41, "end": 55, "username": "nguyen_amanda", "id": "315390036"}]}, "lang": "en", "author_id": "1115429874137731072", "referenced_tweets": [{"type": "replied_to", "id": "1122200836493533184"}], "public_metrics": {"retweet_count": 0, "reply_count": 1, "like_count": 0, "quote_count": 0}, "text": "@merafeelings @realamberheard @RiseNowUS @nguyen_amanda But has she liked your other one?", "created_at": "2019-04-27T18:33:54.000Z", "source": "Twitter Web App", "replied_tweet": {"id": "1121508843391979520", "entities": {"mentions": [{"start": 109, "end": 119, "username": "RiseNowUS", "id": "2961466710"}, {"start": 186, "end": 200, "username": "nguyen_amanda", "id": "315390036"}], "urls": [{"start": 204, "end": 227, "url": "https://t.co/mHSs8OQ7kb", "expanded_url": "https://twitter.com/realamberheard/status/1121508843391979520/video/1", "display_url": "pic.twitter.com/mHSs8OQ7kb"}], "annotations": [{"start": 25, "end": 37, "probability": 0.9257, "type": "Person", "normalized_text": "\u2066Sec Clinton\u2069"}, {"start": 43, "end": 54, "probability": 0.995, "type": "Person", "normalized_text": "Nancy Pelosi"}]}, "lang": "en", "author_id": "807003567605227520", "public_metrics": {"retweet_count": 34, "reply_count": 28, "like_count": 522, "quote_count": 2}, "text": "It was so amzng to watch \u2066Sec Clinton\u2069 and Nancy Pelosi share the stage in honoring my friend\u2069 for her work \u2066@RiseNowUS\u2069 along w so many other unstoppable world game-changers. Congrats \u2066@nguyen_amanda\u2069 \u2066 https://t.co/mHSs8OQ7kb", "created_at": "2019-04-25T20:18:39.000Z", "source": "Twitter for iPhone", "author": {"url": "https://t.co/Ze18Ek9SOI", "username": "realamberheard", "description": "Actor and Activist, semi-professional disruptor, ice cream advocate and shameless teacup yorkie-lover", "name": "Amber Heard", "location": "Los Angeles, CA", "created_at": "2016-12-08T23:26:58.000Z", "profile_image_url": "https://pbs.twimg.com/profile_images/1383196364792680448/N8CdupEu_normal.jpg", "public_metrics": {"followers_count": 190464, "following_count": 220, "tweet_count": 1151, "listed_count": 568}, "id": "807003567605227520"}}, "author": {"url": "", "username": "lenny45678", "description": "I'm very creative", "name": "Lenny45678", "created_at": "2019-04-09T01:43:00.000Z", "profile_image_url": "https://abs.twimg.com/sticky/default_profile_images/default_profile_normal.png", "public_metrics": {"followers_count": 6, "following_count": 1, "tweet_count": 1305, "listed_count": 0}, "id": "1115429874137731072"}}, {"in_reply_to_user_id": "3707617761", "id": "1122200546000109569", "entities": {"mentions": [{"start": 0, "end": 13, "username": "merafeelings", "id": "1130565226636677121"}, {"start": 14, "end": 29, "username": "realamberheard", "id": "807003567605227520"}, {"start": 30, "end": 40, "username": "RiseNowUS", "id": "2961466710"}, {"start": 41, "end": 55, "username": "nguyen_amanda", "id": "315390036"}]}, "lang": "en", "author_id": "1115429874137731072", "referenced_tweets": [{"type": "replied_to", "id": "1122199382387036164"}], "public_metrics": {"retweet_count": 0, "reply_count": 1, "like_count": 0, "quote_count": 0}, "text": "@merafeelings @realamberheard @RiseNowUS @nguyen_amanda Proof?", "created_at": "2019-04-27T18:07:14.000Z", "source": "Twitter Web App", "replied_tweet": {"id": "1121508843391979520", "entities": {"mentions": [{"start": 109, "end": 119, "username": "RiseNowUS", "id": "2961466710"}, {"start": 186, "end": 200, "username": "nguyen_amanda", "id": "315390036"}], "urls": [{"start": 204, "end": 227, "url": "https://t.co/mHSs8OQ7kb", "expanded_url": "https://twitter.com/realamberheard/status/1121508843391979520/video/1", "display_url": "pic.twitter.com/mHSs8OQ7kb"}], "annotations": [{"start": 25, "end": 37, "probability": 0.9257, "type": "Person", "normalized_text": "\u2066Sec Clinton\u2069"}, {"start": 43, "end": 54, "probability": 0.995, "type": "Person", "normalized_text": "Nancy Pelosi"}]}, "lang": "en", "author_id": "807003567605227520", "public_metrics": {"retweet_count": 34, "reply_count": 28, "like_count": 522, "quote_count": 2}, "text": "It was so amzng to watch \u2066Sec Clinton\u2069 and Nancy Pelosi share the stage in honoring my friend\u2069 for her work \u2066@RiseNowUS\u2069 along w so many other unstoppable world game-changers. Congrats \u2066@nguyen_amanda\u2069 \u2066 https://t.co/mHSs8OQ7kb", "created_at": "2019-04-25T20:18:39.000Z", "source": "Twitter for iPhone", "author": {"url": "https://t.co/Ze18Ek9SOI", "username": "realamberheard", "description": "Actor and Activist, semi-professional disruptor, ice cream advocate and shameless teacup yorkie-lover", "name": "Amber Heard", "location": "Los Angeles, CA", "created_at": "2016-12-08T23:26:58.000Z", "profile_image_url": "https://pbs.twimg.com/profile_images/1383196364792680448/N8CdupEu_normal.jpg", "public_metrics": {"followers_count": 190464, "following_count": 220, "tweet_count": 1151, "listed_count": 568}, "id": "807003567605227520"}}, "author": {"url": "", "username": "lenny45678", "description": "I'm very creative", "name": "Lenny45678", "created_at": "2019-04-09T01:43:00.000Z", "profile_image_url": "https://abs.twimg.com/sticky/default_profile_images/default_profile_normal.png", "public_metrics": {"followers_count": 6, "following_count": 1, "tweet_count": 1305, "listed_count": 0}, "id": "1115429874137731072"}}, {"in_reply_to_user_id": "3707617761", "id": "1122156179289989120", "entities": {"mentions": [{"start": 0, "end": 13, "username": "merafeelings", "id": "1130565226636677121"}, {"start": 14, "end": 29, "username": "realamberheard", "id": "807003567605227520"}, {"start": 30, "end": 40, "username": "RiseNowUS", "id": "2961466710"}, {"start": 41, "end": 55, "username": "nguyen_amanda", "id": "315390036"}]}, "lang": "en", "author_id": "1115429874137731072", "referenced_tweets": [{"type": "replied_to", "id": "1121509288508383233"}], "public_metrics": {"retweet_count": 0, "reply_count": 1, "like_count": 0, "quote_count": 0}, "text": "@merafeelings @realamberheard @RiseNowUS @nguyen_amanda She will never see it because she doesn't care about you, only herself.", "created_at": "2019-04-27T15:10:56.000Z", "source": "Twitter Web App", "replied_tweet": {"id": "1121508843391979520", "entities": {"mentions": [{"start": 109, "end": 119, "username": "RiseNowUS", "id": "2961466710"}, {"start": 186, "end": 200, "username": "nguyen_amanda", "id": "315390036"}], "urls": [{"start": 204, "end": 227, "url": "https://t.co/mHSs8OQ7kb", "expanded_url": "https://twitter.com/realamberheard/status/1121508843391979520/video/1", "display_url": "pic.twitter.com/mHSs8OQ7kb"}], "annotations": [{"start": 25, "end": 37, "probability": 0.9257, "type": "Person", "normalized_text": "\u2066Sec Clinton\u2069"}, {"start": 43, "end": 54, "probability": 0.995, "type": "Person", "normalized_text": "Nancy Pelosi"}]}, "lang": "en", "author_id": "807003567605227520", "public_metrics": {"retweet_count": 34, "reply_count": 28, "like_count": 522, "quote_count": 2}, "text": "It was so amzng to watch \u2066Sec Clinton\u2069 and Nancy Pelosi share the stage in honoring my friend\u2069 for her work \u2066@RiseNowUS\u2069 along w so many other unstoppable world game-changers. Congrats \u2066@nguyen_amanda\u2069 \u2066 https://t.co/mHSs8OQ7kb", "created_at": "2019-04-25T20:18:39.000Z", "source": "Twitter for iPhone", "author": {"url": "https://t.co/Ze18Ek9SOI", "username": "realamberheard", "description": "Actor and Activist, semi-professional disruptor, ice cream advocate and shameless teacup yorkie-lover", "name": "Amber Heard", "location": "Los Angeles, CA", "created_at": "2016-12-08T23:26:58.000Z", "profile_image_url": "https://pbs.twimg.com/profile_images/1383196364792680448/N8CdupEu_normal.jpg", "public_metrics": {"followers_count": 190464, "following_count": 220, "tweet_count": 1151, "listed_count": 568}, "id": "807003567605227520"}}, "author": {"url": "", "username": "lenny45678", "description": "I'm very creative", "name": "Lenny45678", "created_at": "2019-04-09T01:43:00.000Z", "profile_image_url": "https://abs.twimg.com/sticky/default_profile_images/default_profile_normal.png", "public_metrics": {"followers_count": 6, "following_count": 1, "tweet_count": 1305, "listed_count": 0}, "id": "1115429874137731072"}}, {"in_reply_to_user_id": "807003567605227520", "id": "1121807798935924736", "entities": {"mentions": [{"start": 0, "end": 15, "username": "realamberheard", "id": "807003567605227520"}, {"start": 16, "end": 26, "username": "RiseNowUS", "id": "2961466710"}, {"start": 27, "end": 41, "username": "nguyen_amanda", "id": "315390036"}]}, "lang": "en", "author_id": "728274848754110464", "referenced_tweets": [{"type": "replied_to", "id": "1121508843391979520"}], "public_metrics": {"retweet_count": 0, "reply_count": 0, "like_count": 0, "quote_count": 0}, "text": "@realamberheard @RiseNowUS @nguyen_amanda Investor for me pleas,,,,", "created_at": "2019-04-26T16:06:36.000Z", "source": "Twitter Web Client", "replied_tweet": {"id": "1121508843391979520", "entities": {"mentions": [{"start": 109, "end": 119, "username": "RiseNowUS", "id": "2961466710"}, {"start": 186, "end": 200, "username": "nguyen_amanda", "id": "315390036"}], "urls": [{"start": 204, "end": 227, "url": "https://t.co/mHSs8OQ7kb", "expanded_url": "https://twitter.com/realamberheard/status/1121508843391979520/video/1", "display_url": "pic.twitter.com/mHSs8OQ7kb"}], "annotations": [{"start": 25, "end": 37, "probability": 0.9257, "type": "Person", "normalized_text": "\u2066Sec Clinton\u2069"}, {"start": 43, "end": 54, "probability": 0.995, "type": "Person", "normalized_text": "Nancy Pelosi"}]}, "lang": "en", "author_id": "807003567605227520", "public_metrics": {"retweet_count": 34, "reply_count": 28, "like_count": 522, "quote_count": 2}, "text": "It was so amzng to watch \u2066Sec Clinton\u2069 and Nancy Pelosi share the stage in honoring my friend\u2069 for her work \u2066@RiseNowUS\u2069 along w so many other unstoppable world game-changers. Congrats \u2066@nguyen_amanda\u2069 \u2066 https://t.co/mHSs8OQ7kb", "created_at": "2019-04-25T20:18:39.000Z", "source": "Twitter for iPhone", "author": {"url": "https://t.co/Ze18Ek9SOI", "username": "realamberheard", "description": "Actor and Activist, semi-professional disruptor, ice cream advocate and shameless teacup yorkie-lover", "name": "Amber Heard", "location": "Los Angeles, CA", "created_at": "2016-12-08T23:26:58.000Z", "profile_image_url": "https://pbs.twimg.com/profile_images/1383196364792680448/N8CdupEu_normal.jpg", "public_metrics": {"followers_count": 190464, "following_count": 220, "tweet_count": 1151, "listed_count": 568}, "id": "807003567605227520"}}, "author": {"url": "", "username": "norbert_kukla", "description": "Who lives my dream?.Sto cercando,,Who borrow money?,-\"Startup-Application\"-5.000.-80.000.\u20ac. SK14 8330 0000 0027 0199 3526./SWIFT-FIOZSKBAXXX.,Grazie,Thank.", "name": "Norbert", "location": "Bratislava", "created_at": "2016-05-05T17:27:09.000Z", "profile_image_url": "https://pbs.twimg.com/profile_images/1499739852870492171/pCwXQNgW_normal.jpg", "public_metrics": {"followers_count": 734, "following_count": 5007, "tweet_count": 23200, "listed_count": 0}, "id": "728274848754110464"}}, {"in_reply_to_user_id": "807003567605227520", "id": "1121791945888522245", "entities": {"mentions": [{"start": 0, "end": 15, "username": "realamberheard", "id": "807003567605227520"}, {"start": 16, "end": 26, "username": "RiseNowUS", "id": "2961466710"}, {"start": 27, "end": 41, "username": "nguyen_amanda", "id": "315390036"}], "annotations": [{"start": 49, "end": 53, "probability": 0.565, "type": "Person", "normalized_text": "amber"}]}, "lang": "en", "author_id": "1106249725404045312", "referenced_tweets": [{"type": "replied_to", "id": "1121508843391979520"}], "public_metrics": {"retweet_count": 0, "reply_count": 0, "like_count": 0, "quote_count": 0}, "text": "@realamberheard @RiseNowUS @nguyen_amanda Lovely amber \ud83c\udf39", "created_at": "2019-04-26T15:03:36.000Z", "source": "Twitter Web App", "replied_tweet": {"id": "1121508843391979520", "entities": {"mentions": [{"start": 109, "end": 119, "username": "RiseNowUS", "id": "2961466710"}, {"start": 186, "end": 200, "username": "nguyen_amanda", "id": "315390036"}], "urls": [{"start": 204, "end": 227, "url": "https://t.co/mHSs8OQ7kb", "expanded_url": "https://twitter.com/realamberheard/status/1121508843391979520/video/1", "display_url": "pic.twitter.com/mHSs8OQ7kb"}], "annotations": [{"start": 25, "end": 37, "probability": 0.9257, "type": "Person", "normalized_text": "\u2066Sec Clinton\u2069"}, {"start": 43, "end": 54, "probability": 0.995, "type": "Person", "normalized_text": "Nancy Pelosi"}]}, "lang": "en", "author_id": "807003567605227520", "public_metrics": {"retweet_count": 34, "reply_count": 28, "like_count": 522, "quote_count": 2}, "text": "It was so amzng to watch \u2066Sec Clinton\u2069 and Nancy Pelosi share the stage in honoring my friend\u2069 for her work \u2066@RiseNowUS\u2069 along w so many other unstoppable world game-changers. Congrats \u2066@nguyen_amanda\u2069 \u2066 https://t.co/mHSs8OQ7kb", "created_at": "2019-04-25T20:18:39.000Z", "source": "Twitter for iPhone", "author": {"url": "https://t.co/Ze18Ek9SOI", "username": "realamberheard", "description": "Actor and Activist, semi-professional disruptor, ice cream advocate and shameless teacup yorkie-lover", "name": "Amber Heard", "location": "Los Angeles, CA", "created_at": "2016-12-08T23:26:58.000Z", "profile_image_url": "https://pbs.twimg.com/profile_images/1383196364792680448/N8CdupEu_normal.jpg", "public_metrics": {"followers_count": 190464, "following_count": 220, "tweet_count": 1151, "listed_count": 568}, "id": "807003567605227520"}}, "author": {"url": "", "username": "Syed70506438", "description": "Helping to humanity", "name": "Syed", "location": "India", "created_at": "2019-03-14T17:44:22.000Z", "profile_image_url": "https://pbs.twimg.com/profile_images/1111884263501131776/GdLOu_Lx_normal.jpg", "public_metrics": {"followers_count": 2, "following_count": 9, "tweet_count": 48, "listed_count": 0}, "id": "1106249725404045312"}}, {"in_reply_to_user_id": "807003567605227520", "id": "1121790821148180482", "entities": {"mentions": [{"start": 0, "end": 15, "username": "realamberheard", "id": "807003567605227520"}, {"start": 16, "end": 26, "username": "RiseNowUS", "id": "2961466710"}, {"start": 27, "end": 41, "username": "nguyen_amanda", "id": "315390036"}, {"start": 42, "end": 57, "username": "realamberheard", "id": "807003567605227520"}]}, "lang": "und", "author_id": "1071614258096431104", "referenced_tweets": [{"type": "replied_to", "id": "1121508843391979520"}], "public_metrics": {"retweet_count": 0, "reply_count": 0, "like_count": 0, "quote_count": 0}, "text": "@realamberheard @RiseNowUS @nguyen_amanda @realamberheard  \ud83d\udc4c\ud83d\ude4c\ud83d\ude4c\ud83d\udc95\ud83d\udc96\ud83d\udc95\ud83d\udc95\ud83d\udc96\ud83d\udc96\ud83d\udc95\ud83d\udc2c\ud83d\udc2c\ud83d\udc33", "created_at": "2019-04-26T14:59:08.000Z", "source": "Twitter for Android", "replied_tweet": {"id": "1121508843391979520", "entities": {"mentions": [{"start": 109, "end": 119, "username": "RiseNowUS", "id": "2961466710"}, {"start": 186, "end": 200, "username": "nguyen_amanda", "id": "315390036"}], "urls": [{"start": 204, "end": 227, "url": "https://t.co/mHSs8OQ7kb", "expanded_url": "https://twitter.com/realamberheard/status/1121508843391979520/video/1", "display_url": "pic.twitter.com/mHSs8OQ7kb"}], "annotations": [{"start": 25, "end": 37, "probability": 0.9257, "type": "Person", "normalized_text": "\u2066Sec Clinton\u2069"}, {"start": 43, "end": 54, "probability": 0.995, "type": "Person", "normalized_text": "Nancy Pelosi"}]}, "lang": "en", "author_id": "807003567605227520", "public_metrics": {"retweet_count": 34, "reply_count": 28, "like_count": 522, "quote_count": 2}, "text": "It was so amzng to watch \u2066Sec Clinton\u2069 and Nancy Pelosi share the stage in honoring my friend\u2069 for her work \u2066@RiseNowUS\u2069 along w so many other unstoppable world game-changers. Congrats \u2066@nguyen_amanda\u2069 \u2066 https://t.co/mHSs8OQ7kb", "created_at": "2019-04-25T20:18:39.000Z", "source": "Twitter for iPhone", "author": {"url": "https://t.co/Ze18Ek9SOI", "username": "realamberheard", "description": "Actor and Activist, semi-professional disruptor, ice cream advocate and shameless teacup yorkie-lover", "name": "Amber Heard", "location": "Los Angeles, CA", "created_at": "2016-12-08T23:26:58.000Z", "profile_image_url": "https://pbs.twimg.com/profile_images/1383196364792680448/N8CdupEu_normal.jpg", "public_metrics": {"followers_count": 190464, "following_count": 220, "tweet_count": 1151, "listed_count": 568}, "id": "807003567605227520"}}, "author": {"url": "", "username": "Joyawahid1", "description": "@Lisaandriansalon\ud83d\udc87\ud83d\udc86\ud83d\udc84\ud83d\udc85\nHair n make up", "name": "Joya_wahid                          \ud83d\udc2c\ud83d\udc33\ud83d\udc2c\ud83d\udc33\ud83d\udc0b\ud83d\udc33\ud83d\udc2c", "location": "DKI Jakarta,bali,Indonesia", "created_at": "2018-12-09T03:55:23.000Z", "profile_image_url": "https://pbs.twimg.com/profile_images/1123131394597634050/m5Toggin_normal.jpg", "public_metrics": {"followers_count": 5, "following_count": 82, "tweet_count": 389, "listed_count": 0}, "id": "1071614258096431104"}}, {"in_reply_to_user_id": "807003567605227520", "id": "1121669711270273024", "entities": {"mentions": [{"start": 0, "end": 15, "username": "realamberheard", "id": "807003567605227520"}, {"start": 16, "end": 26, "username": "RiseNowUS", "id": "2961466710"}, {"start": 27, "end": 41, "username": "nguyen_amanda", "id": "315390036"}], "urls": [{"start": 71, "end": 94, "url": "https://t.co/25ViXOetWs", "expanded_url": "https://twitter.com/Juliett71326822/status/1121566287115759617", "display_url": "twitter.com/Juliett7132682\u2026"}]}, "lang": "en", "author_id": "717763291477581824", "referenced_tweets": [{"type": "quoted", "id": "1121566287115759617"}, {"type": "replied_to", "id": "1121508843391979520"}], "public_metrics": {"retweet_count": 0, "reply_count": 0, "like_count": 4, "quote_count": 0}, "text": "@realamberheard @RiseNowUS @nguyen_amanda Are you out of your mind...? https://t.co/25ViXOetWs", "created_at": "2019-04-26T06:57:53.000Z", "source": "Twitter Web Client", "replied_tweet": {"id": "1121508843391979520", "entities": {"mentions": [{"start": 109, "end": 119, "username": "RiseNowUS", "id": "2961466710"}, {"start": 186, "end": 200, "username": "nguyen_amanda", "id": "315390036"}], "urls": [{"start": 204, "end": 227, "url": "https://t.co/mHSs8OQ7kb", "expanded_url": "https://twitter.com/realamberheard/status/1121508843391979520/video/1", "display_url": "pic.twitter.com/mHSs8OQ7kb"}], "annotations": [{"start": 25, "end": 37, "probability": 0.9257, "type": "Person", "normalized_text": "\u2066Sec Clinton\u2069"}, {"start": 43, "end": 54, "probability": 0.995, "type": "Person", "normalized_text": "Nancy Pelosi"}]}, "lang": "en", "author_id": "807003567605227520", "public_metrics": {"retweet_count": 34, "reply_count": 28, "like_count": 522, "quote_count": 2}, "text": "It was so amzng to watch \u2066Sec Clinton\u2069 and Nancy Pelosi share the stage in honoring my friend\u2069 for her work \u2066@RiseNowUS\u2069 along w so many other unstoppable world game-changers. Congrats \u2066@nguyen_amanda\u2069 \u2066 https://t.co/mHSs8OQ7kb", "created_at": "2019-04-25T20:18:39.000Z", "source": "Twitter for iPhone", "author": {"url": "https://t.co/Ze18Ek9SOI", "username": "realamberheard", "description": "Actor and Activist, semi-professional disruptor, ice cream advocate and shameless teacup yorkie-lover", "name": "Amber Heard", "location": "Los Angeles, CA", "created_at": "2016-12-08T23:26:58.000Z", "profile_image_url": "https://pbs.twimg.com/profile_images/1383196364792680448/N8CdupEu_normal.jpg", "public_metrics": {"followers_count": 190464, "following_count": 220, "tweet_count": 1151, "listed_count": 568}, "id": "807003567605227520"}}, "author": {"url": "", "username": "nonunnun", "description": "visiting this planet\n*innen bleibt drau\u00dfen\nEveryone has a right to feel offended.\n#JusticeForJohnnyDeppVirginia2022\n#MINAMATA is a MUST WATCH in cinema!", "name": "Mea Mara \ud83c\udde9\ud83c\uddea \ud83c\udff4\u200d\u2620\ufe0f#KeepJohnnyDeppAfloat", "location": "Mellywood", "created_at": "2016-04-06T17:17:58.000Z", "profile_image_url": "https://pbs.twimg.com/profile_images/1502959653432475649/7ynjm5bw_normal.jpg", "public_metrics": {"followers_count": 1889, "following_count": 1238, "tweet_count": 65979, "listed_count": 12}, "id": "717763291477581824"}}, {"in_reply_to_user_id": "807003567605227520", "id": "1121585584437256193", "entities": {"mentions": [{"start": 0, "end": 15, "username": "realamberheard", "id": "807003567605227520"}, {"start": 16, "end": 26, "username": "RiseNowUS", "id": "2961466710"}, {"start": 27, "end": 41, "username": "nguyen_amanda", "id": "315390036"}], "annotations": [{"start": 50, "end": 57, "probability": 0.9761, "type": "Person", "normalized_text": "Dr. Ford"}]}, "lang": "en", "author_id": "2794601056", "referenced_tweets": [{"type": "replied_to", "id": "1121508843391979520"}], "public_metrics": {"retweet_count": 0, "reply_count": 0, "like_count": 0, "quote_count": 0}, "text": "@realamberheard @RiseNowUS @nguyen_amanda Is that Dr. Ford?", "created_at": "2019-04-26T01:23:36.000Z", "source": "Twitter for iPhone", "replied_tweet": {"id": "1121508843391979520", "entities": {"mentions": [{"start": 109, "end": 119, "username": "RiseNowUS", "id": "2961466710"}, {"start": 186, "end": 200, "username": "nguyen_amanda", "id": "315390036"}], "urls": [{"start": 204, "end": 227, "url": "https://t.co/mHSs8OQ7kb", "expanded_url": "https://twitter.com/realamberheard/status/1121508843391979520/video/1", "display_url": "pic.twitter.com/mHSs8OQ7kb"}], "annotations": [{"start": 25, "end": 37, "probability": 0.9257, "type": "Person", "normalized_text": "\u2066Sec Clinton\u2069"}, {"start": 43, "end": 54, "probability": 0.995, "type": "Person", "normalized_text": "Nancy Pelosi"}]}, "lang": "en", "author_id": "807003567605227520", "public_metrics": {"retweet_count": 34, "reply_count": 28, "like_count": 522, "quote_count": 2}, "text": "It was so amzng to watch \u2066Sec Clinton\u2069 and Nancy Pelosi share the stage in honoring my friend\u2069 for her work \u2066@RiseNowUS\u2069 along w so many other unstoppable world game-changers. Congrats \u2066@nguyen_amanda\u2069 \u2066 https://t.co/mHSs8OQ7kb", "created_at": "2019-04-25T20:18:39.000Z", "source": "Twitter for iPhone", "author": {"url": "https://t.co/Ze18Ek9SOI", "username": "realamberheard", "description": "Actor and Activist, semi-professional disruptor, ice cream advocate and shameless teacup yorkie-lover", "name": "Amber Heard", "location": "Los Angeles, CA", "created_at": "2016-12-08T23:26:58.000Z", "profile_image_url": "https://pbs.twimg.com/profile_images/1383196364792680448/N8CdupEu_normal.jpg", "public_metrics": {"followers_count": 190464, "following_count": 220, "tweet_count": 1151, "listed_count": 568}, "id": "807003567605227520"}}, "author": {"url": "", "username": "mamabearriser", "description": "\u2764\ufe0f Mama \u2764\ufe0f Wife\u2764\ufe0f Riser \u2764\ufe0f Survivor \u2764\ufe0f Activist \u2764\ufe0f Volunteer \u2764\ufe0f Be The Change \u2764\ufe0f \ud83d\udeabDMs\ud83d\udeab", "name": "\ud83c\uddfa\ud83c\uddf8\ud83c\uddfa\ud83c\uddf8MamaRiser\ud83c\uddfa\ud83c\uddf8\ud83c\uddfa\ud83c\uddf8", "location": "Arizona", "created_at": "2014-09-30T12:59:01.000Z", "profile_image_url": "https://pbs.twimg.com/profile_images/1236526994877108224/QbWF5Jrx_normal.jpg", "public_metrics": {"followers_count": 2152, "following_count": 2921, "tweet_count": 3481, "listed_count": 0}, "id": "2794601056"}}, {"in_reply_to_user_id": "807003567605227520", "id": "1121528210091413505", "entities": {"hashtags": [{"start": 246, "end": 264, "tag": "AmberHeardIsALiar"}, {"start": 265, "end": 286, "tag": "AmberHeardIsAnAbuser"}, {"start": 287, "end": 305, "tag": "BoycottAmberHeard"}], "mentions": [{"start": 0, "end": 15, "username": "realamberheard", "id": "807003567605227520"}, {"start": 16, "end": 26, "username": "RiseNowUS", "id": "2961466710"}, {"start": 27, "end": 41, "username": "nguyen_amanda", "id": "315390036"}], "urls": [{"start": 306, "end": 329, "url": "https://t.co/SeUCYrfUEO", "expanded_url": "https://twitter.com/Sarah_Zarin/status/1121528210091413505/photo/1", "display_url": "pic.twitter.com/SeUCYrfUEO"}, {"start": 306, "end": 329, "url": "https://t.co/SeUCYrfUEO", "expanded_url": "https://twitter.com/Sarah_Zarin/status/1121528210091413505/photo/1", "display_url": "pic.twitter.com/SeUCYrfUEO"}, {"start": 306, "end": 329, "url": "https://t.co/SeUCYrfUEO", "expanded_url": "https://twitter.com/Sarah_Zarin/status/1121528210091413505/photo/1", "display_url": "pic.twitter.com/SeUCYrfUEO"}], "annotations": [{"start": 71, "end": 75, "probability": 0.6064, "type": "Person", "normalized_text": "Amber"}]}, "lang": "en", "author_id": "1110053201775128586", "referenced_tweets": [{"type": "replied_to", "id": "1121508843391979520"}], "public_metrics": {"retweet_count": 1, "reply_count": 1, "like_count": 9, "quote_count": 0}, "text": "@realamberheard @RiseNowUS @nguyen_amanda You're a prominent shameless Amber Heard. Probably you're the only  shameless that exists in the world who's proud to be a great liar. You distracted people with your lies but at the end you're exposed.\ud83d\udc47\ud83d\udc47#AmberHeardIsALiar #AmberHeardIsAnAbuser #BoycottAmberHeard https://t.co/SeUCYrfUEO", "created_at": "2019-04-25T21:35:36.000Z", "source": "Twitter for Android", "replied_tweet": {"id": "1121508843391979520", "entities": {"mentions": [{"start": 109, "end": 119, "username": "RiseNowUS", "id": "2961466710"}, {"start": 186, "end": 200, "username": "nguyen_amanda", "id": "315390036"}], "urls": [{"start": 204, "end": 227, "url": "https://t.co/mHSs8OQ7kb", "expanded_url": "https://twitter.com/realamberheard/status/1121508843391979520/video/1", "display_url": "pic.twitter.com/mHSs8OQ7kb"}], "annotations": [{"start": 25, "end": 37, "probability": 0.9257, "type": "Person", "normalized_text": "\u2066Sec Clinton\u2069"}, {"start": 43, "end": 54, "probability": 0.995, "type": "Person", "normalized_text": "Nancy Pelosi"}]}, "lang": "en", "author_id": "807003567605227520", "public_metrics": {"retweet_count": 34, "reply_count": 28, "like_count": 522, "quote_count": 2}, "text": "It was so amzng to watch \u2066Sec Clinton\u2069 and Nancy Pelosi share the stage in honoring my friend\u2069 for her work \u2066@RiseNowUS\u2069 along w so many other unstoppable world game-changers. Congrats \u2066@nguyen_amanda\u2069 \u2066 https://t.co/mHSs8OQ7kb", "created_at": "2019-04-25T20:18:39.000Z", "source": "Twitter for iPhone", "author": {"url": "https://t.co/Ze18Ek9SOI", "username": "realamberheard", "description": "Actor and Activist, semi-professional disruptor, ice cream advocate and shameless teacup yorkie-lover", "name": "Amber Heard", "location": "Los Angeles, CA", "created_at": "2016-12-08T23:26:58.000Z", "profile_image_url": "https://pbs.twimg.com/profile_images/1383196364792680448/N8CdupEu_normal.jpg", "public_metrics": {"followers_count": 190464, "following_count": 220, "tweet_count": 1151, "listed_count": 568}, "id": "807003567605227520"}}, "author": {"url": "", "username": "Sarah_Zarin", "description": "Stuff I love #BritishPeriodDrama #JohnnyDepp #Lucifer #TheOriginals\nProud to be a part of my fabulous fandom.\ud83d\ude4c", "name": "S e r e i n", "location": "Geographically displaced", "created_at": "2019-03-25T05:38:01.000Z", "profile_image_url": "https://pbs.twimg.com/profile_images/1323360120894492677/0BIAJYWw_normal.jpg", "public_metrics": {"followers_count": 307, "following_count": 243, "tweet_count": 10996, "listed_count": 0}, "id": "1110053201775128586"}}, {"in_reply_to_user_id": "807003567605227520", "id": "1121527675720310784", "entities": {"mentions": [{"start": 0, "end": 15, "username": "realamberheard", "id": "807003567605227520"}, {"start": 16, "end": 26, "username": "RiseNowUS", "id": "2961466710"}, {"start": 27, "end": 41, "username": "nguyen_amanda", "id": "315390036"}]}, "lang": "und", "author_id": "3216078659", "referenced_tweets": [{"type": "replied_to", "id": "1121508843391979520"}], "public_metrics": {"retweet_count": 0, "reply_count": 0, "like_count": 0, "quote_count": 0}, "text": "@realamberheard @RiseNowUS @nguyen_amanda \ud83d\udc4f\ud83d\udc4f\ud83d\udc4f\ud83d\udc4f\ud83d\udc4f \ud83d\udc4f", "created_at": "2019-04-25T21:33:29.000Z", "source": "Twitter Web App", "replied_tweet": {"id": "1121508843391979520", "entities": {"mentions": [{"start": 109, "end": 119, "username": "RiseNowUS", "id": "2961466710"}, {"start": 186, "end": 200, "username": "nguyen_amanda", "id": "315390036"}], "urls": [{"start": 204, "end": 227, "url": "https://t.co/mHSs8OQ7kb", "expanded_url": "https://twitter.com/realamberheard/status/1121508843391979520/video/1", "display_url": "pic.twitter.com/mHSs8OQ7kb"}], "annotations": [{"start": 25, "end": 37, "probability": 0.9257, "type": "Person", "normalized_text": "\u2066Sec Clinton\u2069"}, {"start": 43, "end": 54, "probability": 0.995, "type": "Person", "normalized_text": "Nancy Pelosi"}]}, "lang": "en", "author_id": "807003567605227520", "public_metrics": {"retweet_count": 34, "reply_count": 28, "like_count": 522, "quote_count": 2}, "text": "It was so amzng to watch \u2066Sec Clinton\u2069 and Nancy Pelosi share the stage in honoring my friend\u2069 for her work \u2066@RiseNowUS\u2069 along w so many other unstoppable world game-changers. Congrats \u2066@nguyen_amanda\u2069 \u2066 https://t.co/mHSs8OQ7kb", "created_at": "2019-04-25T20:18:39.000Z", "source": "Twitter for iPhone", "author": {"url": "https://t.co/Ze18Ek9SOI", "username": "realamberheard", "description": "Actor and Activist, semi-professional disruptor, ice cream advocate and shameless teacup yorkie-lover", "name": "Amber Heard", "location": "Los Angeles, CA", "created_at": "2016-12-08T23:26:58.000Z", "profile_image_url": "https://pbs.twimg.com/profile_images/1383196364792680448/N8CdupEu_normal.jpg", "public_metrics": {"followers_count": 190464, "following_count": 220, "tweet_count": 1151, "listed_count": 568}, "id": "807003567605227520"}}, "author": {"url": "", "username": "GGCIR8991", "description": "On the internet, you can be pretty much anything you want, it's just kinda weird that so many people choose to be idiots and assholes", "name": "GGCIR8991", "created_at": "2015-04-28T07:17:35.000Z", "profile_image_url": "https://pbs.twimg.com/profile_images/1501219816522219520/SQVX3N2b_normal.jpg", "public_metrics": {"followers_count": 1464, "following_count": 1324, "tweet_count": 163149, "listed_count": 17}, "id": "3216078659"}}, {"in_reply_to_user_id": "807003567605227520", "id": "1121524705104625680", "entities": {"mentions": [{"start": 0, "end": 15, "username": "realamberheard", "id": "807003567605227520"}, {"start": 16, "end": 26, "username": "RiseNowUS", "id": "2961466710"}, {"start": 27, "end": 41, "username": "nguyen_amanda", "id": "315390036"}]}, "lang": "en", "author_id": "1050721822092812289", "referenced_tweets": [{"type": "replied_to", "id": "1121508843391979520"}], "public_metrics": {"retweet_count": 0, "reply_count": 0, "like_count": 7, "quote_count": 0}, "text": "@realamberheard @RiseNowUS @nguyen_amanda Disgusting Abuser go to prison already!!!", "created_at": "2019-04-25T21:21:41.000Z", "source": "Twitter Web App", "replied_tweet": {"id": "1121508843391979520", "entities": {"mentions": [{"start": 109, "end": 119, "username": "RiseNowUS", "id": "2961466710"}, {"start": 186, "end": 200, "username": "nguyen_amanda", "id": "315390036"}], "urls": [{"start": 204, "end": 227, "url": "https://t.co/mHSs8OQ7kb", "expanded_url": "https://twitter.com/realamberheard/status/1121508843391979520/video/1", "display_url": "pic.twitter.com/mHSs8OQ7kb"}], "annotations": [{"start": 25, "end": 37, "probability": 0.9257, "type": "Person", "normalized_text": "\u2066Sec Clinton\u2069"}, {"start": 43, "end": 54, "probability": 0.995, "type": "Person", "normalized_text": "Nancy Pelosi"}]}, "lang": "en", "author_id": "807003567605227520", "public_metrics": {"retweet_count": 34, "reply_count": 28, "like_count": 522, "quote_count": 2}, "text": "It was so amzng to watch \u2066Sec Clinton\u2069 and Nancy Pelosi share the stage in honoring my friend\u2069 for her work \u2066@RiseNowUS\u2069 along w so many other unstoppable world game-changers. Congrats \u2066@nguyen_amanda\u2069 \u2066 https://t.co/mHSs8OQ7kb", "created_at": "2019-04-25T20:18:39.000Z", "source": "Twitter for iPhone", "author": {"url": "https://t.co/Ze18Ek9SOI", "username": "realamberheard", "description": "Actor and Activist, semi-professional disruptor, ice cream advocate and shameless teacup yorkie-lover", "name": "Amber Heard", "location": "Los Angeles, CA", "created_at": "2016-12-08T23:26:58.000Z", "profile_image_url": "https://pbs.twimg.com/profile_images/1383196364792680448/N8CdupEu_normal.jpg", "public_metrics": {"followers_count": 190464, "following_count": 220, "tweet_count": 1151, "listed_count": 568}, "id": "807003567605227520"}}, "author": {"url": "", "username": "teamdepp_", "description": "\u2022\u273f Johnny is definition of love \u273f\u2022", "name": "Susan", "location": "#ibelievehim", "created_at": "2018-10-12T12:16:18.000Z", "profile_image_url": "https://pbs.twimg.com/profile_images/1340701831975096320/g92j12jM_normal.jpg", "public_metrics": {"followers_count": 412, "following_count": 300, "tweet_count": 12987, "listed_count": 1}, "id": "1050721822092812289"}}, {"in_reply_to_user_id": "807003567605227520", "id": "1121523756285841408", "entities": {"hashtags": [{"start": 256, "end": 274, "tag": "AmberHeardIsALiar"}, {"start": 275, "end": 296, "tag": "AmberHeardIsAnAbuser"}, {"start": 297, "end": 316, "tag": "AmberHeardIsAFraud"}], "mentions": [{"start": 0, "end": 15, "username": "realamberheard", "id": "807003567605227520"}, {"start": 16, "end": 26, "username": "RiseNowUS", "id": "2961466710"}, {"start": 27, "end": 41, "username": "nguyen_amanda", "id": "315390036"}]}, "lang": "en", "author_id": "1110053201775128586", "referenced_tweets": [{"type": "replied_to", "id": "1121508843391979520"}], "public_metrics": {"retweet_count": 0, "reply_count": 0, "like_count": 10, "quote_count": 0}, "text": "@realamberheard @RiseNowUS @nguyen_amanda You always pick the short-cut way to tweet but your elaborate hoax was about 292 pages!! How???? I see you can't control yourself while you lie. I don't blame you. Lie is in your DNA. You can't live without lying. #AmberHeardIsALiar #AmberHeardIsAnAbuser #AmberHeardIsAFraud", "created_at": "2019-04-25T21:17:55.000Z", "source": "Twitter for Android", "replied_tweet": {"id": "1121508843391979520", "entities": {"mentions": [{"start": 109, "end": 119, "username": "RiseNowUS", "id": "2961466710"}, {"start": 186, "end": 200, "username": "nguyen_amanda", "id": "315390036"}], "urls": [{"start": 204, "end": 227, "url": "https://t.co/mHSs8OQ7kb", "expanded_url": "https://twitter.com/realamberheard/status/1121508843391979520/video/1", "display_url": "pic.twitter.com/mHSs8OQ7kb"}], "annotations": [{"start": 25, "end": 37, "probability": 0.9257, "type": "Person", "normalized_text": "\u2066Sec Clinton\u2069"}, {"start": 43, "end": 54, "probability": 0.995, "type": "Person", "normalized_text": "Nancy Pelosi"}]}, "lang": "en", "author_id": "807003567605227520", "public_metrics": {"retweet_count": 34, "reply_count": 28, "like_count": 522, "quote_count": 2}, "text": "It was so amzng to watch \u2066Sec Clinton\u2069 and Nancy Pelosi share the stage in honoring my friend\u2069 for her work \u2066@RiseNowUS\u2069 along w so many other unstoppable world game-changers. Congrats \u2066@nguyen_amanda\u2069 \u2066 https://t.co/mHSs8OQ7kb", "created_at": "2019-04-25T20:18:39.000Z", "source": "Twitter for iPhone", "author": {"url": "https://t.co/Ze18Ek9SOI", "username": "realamberheard", "description": "Actor and Activist, semi-professional disruptor, ice cream advocate and shameless teacup yorkie-lover", "name": "Amber Heard", "location": "Los Angeles, CA", "created_at": "2016-12-08T23:26:58.000Z", "profile_image_url": "https://pbs.twimg.com/profile_images/1383196364792680448/N8CdupEu_normal.jpg", "public_metrics": {"followers_count": 190464, "following_count": 220, "tweet_count": 1151, "listed_count": 568}, "id": "807003567605227520"}}, "author": {"url": "", "username": "Sarah_Zarin", "description": "Stuff I love #BritishPeriodDrama #JohnnyDepp #Lucifer #TheOriginals\nProud to be a part of my fabulous fandom.\ud83d\ude4c", "name": "S e r e i n", "location": "Geographically displaced", "created_at": "2019-03-25T05:38:01.000Z", "profile_image_url": "https://pbs.twimg.com/profile_images/1323360120894492677/0BIAJYWw_normal.jpg", "public_metrics": {"followers_count": 307, "following_count": 243, "tweet_count": 10996, "listed_count": 0}, "id": "1110053201775128586"}}, {"in_reply_to_user_id": "807003567605227520", "id": "1121522101108736005", "entities": {"mentions": [{"start": 0, "end": 15, "username": "realamberheard", "id": "807003567605227520"}, {"start": 16, "end": 26, "username": "RiseNowUS", "id": "2961466710"}, {"start": 27, "end": 41, "username": "nguyen_amanda", "id": "315390036"}], "urls": [{"start": 54, "end": 77, "url": "https://t.co/z32012yKZz", "expanded_url": "https://theblast.com/amber-heard-stylist-testimony-dispute-facial-injuries-johnny-depp/", "display_url": "theblast.com/amber-heard-st\u2026", "images": [{"url": "https://pbs.twimg.com/news_img/1503721750735073285/cBA1ID1d?format=png&name=orig", "width": 950, "height": 500}, {"url": "https://pbs.twimg.com/news_img/1503721750735073285/cBA1ID1d?format=png&name=150x150", "width": 150, "height": 150}], "status": 200, "title": "Amber Heard's Longtime Stylist's Testimony Disputes Claims of Facial Injuries Caused by Johnny Depp", "description": "Johnny Depp is continuing to gather witnesses privy to the personal struggles he went through with Amber Heard during their volatile marriage, and has now tapped her stylist to testify against ever seeing facial injuries after the actress claimed Depp beat her up. Depp\u2019s legal team obtained testimony of celebrity stylist, Samantha McMillen. McMillen says [\u2026]", "unwound_url": "https://theblast.com/c/amber-heard-stylist-testimony-dispute-facial-injuries-johnny-depp/"}]}, "lang": "en", "author_id": "717763291477581824", "referenced_tweets": [{"type": "replied_to", "id": "1121508843391979520"}], "public_metrics": {"retweet_count": 0, "reply_count": 0, "like_count": 0, "quote_count": 0}, "text": "@realamberheard @RiseNowUS @nguyen_amanda Game over.  https://t.co/z32012yKZz", "created_at": "2019-04-25T21:11:20.000Z", "source": "Twitter Web Client", "replied_tweet": {"id": "1121508843391979520", "entities": {"mentions": [{"start": 109, "end": 119, "username": "RiseNowUS", "id": "2961466710"}, {"start": 186, "end": 200, "username": "nguyen_amanda", "id": "315390036"}], "urls": [{"start": 204, "end": 227, "url": "https://t.co/mHSs8OQ7kb", "expanded_url": "https://twitter.com/realamberheard/status/1121508843391979520/video/1", "display_url": "pic.twitter.com/mHSs8OQ7kb"}], "annotations": [{"start": 25, "end": 37, "probability": 0.9257, "type": "Person", "normalized_text": "\u2066Sec Clinton\u2069"}, {"start": 43, "end": 54, "probability": 0.995, "type": "Person", "normalized_text": "Nancy Pelosi"}]}, "lang": "en", "author_id": "807003567605227520", "public_metrics": {"retweet_count": 34, "reply_count": 28, "like_count": 522, "quote_count": 2}, "text": "It was so amzng to watch \u2066Sec Clinton\u2069 and Nancy Pelosi share the stage in honoring my friend\u2069 for her work \u2066@RiseNowUS\u2069 along w so many other unstoppable world game-changers. Congrats \u2066@nguyen_amanda\u2069 \u2066 https://t.co/mHSs8OQ7kb", "created_at": "2019-04-25T20:18:39.000Z", "source": "Twitter for iPhone", "author": {"url": "https://t.co/Ze18Ek9SOI", "username": "realamberheard", "description": "Actor and Activist, semi-professional disruptor, ice cream advocate and shameless teacup yorkie-lover", "name": "Amber Heard", "location": "Los Angeles, CA", "created_at": "2016-12-08T23:26:58.000Z", "profile_image_url": "https://pbs.twimg.com/profile_images/1383196364792680448/N8CdupEu_normal.jpg", "public_metrics": {"followers_count": 190464, "following_count": 220, "tweet_count": 1151, "listed_count": 568}, "id": "807003567605227520"}}, "author": {"url": "", "username": "nonunnun", "description": "visiting this planet\n*innen bleibt drau\u00dfen\nEveryone has a right to feel offended.\n#JusticeForJohnnyDeppVirginia2022\n#MINAMATA is a MUST WATCH in cinema!", "name": "Mea Mara \ud83c\udde9\ud83c\uddea \ud83c\udff4\u200d\u2620\ufe0f#KeepJohnnyDeppAfloat", "location": "Mellywood", "created_at": "2016-04-06T17:17:58.000Z", "profile_image_url": "https://pbs.twimg.com/profile_images/1502959653432475649/7ynjm5bw_normal.jpg", "public_metrics": {"followers_count": 1889, "following_count": 1238, "tweet_count": 65979, "listed_count": 12}, "id": "717763291477581824"}}, {"in_reply_to_user_id": "807003567605227520", "id": "1121516166839664650", "entities": {"mentions": [{"start": 0, "end": 15, "username": "realamberheard", "id": "807003567605227520"}, {"start": 16, "end": 26, "username": "RiseNowUS", "id": "2961466710"}, {"start": 27, "end": 41, "username": "nguyen_amanda", "id": "315390036"}, {"start": 96, "end": 110, "username": "nguyen_amanda", "id": "315390036"}]}, "lang": "en", "author_id": "785148392498421760", "referenced_tweets": [{"type": "replied_to", "id": "1121508843391979520"}], "public_metrics": {"retweet_count": 0, "reply_count": 0, "like_count": 4, "quote_count": 0}, "text": "@realamberheard @RiseNowUS @nguyen_amanda Girls run the world \ud83d\udcaa Congrats to your amazing friend @nguyen_amanda \ud83d\udc4f So proud you that you team up with such a woman just as brave and resilient as you are \u2764", "created_at": "2019-04-25T20:47:45.000Z", "source": "Twitter for Android", "replied_tweet": {"id": "1121508843391979520", "entities": {"mentions": [{"start": 109, "end": 119, "username": "RiseNowUS", "id": "2961466710"}, {"start": 186, "end": 200, "username": "nguyen_amanda", "id": "315390036"}], "urls": [{"start": 204, "end": 227, "url": "https://t.co/mHSs8OQ7kb", "expanded_url": "https://twitter.com/realamberheard/status/1121508843391979520/video/1", "display_url": "pic.twitter.com/mHSs8OQ7kb"}], "annotations": [{"start": 25, "end": 37, "probability": 0.9257, "type": "Person", "normalized_text": "\u2066Sec Clinton\u2069"}, {"start": 43, "end": 54, "probability": 0.995, "type": "Person", "normalized_text": "Nancy Pelosi"}]}, "lang": "en", "author_id": "807003567605227520", "public_metrics": {"retweet_count": 34, "reply_count": 28, "like_count": 522, "quote_count": 2}, "text": "It was so amzng to watch \u2066Sec Clinton\u2069 and Nancy Pelosi share the stage in honoring my friend\u2069 for her work \u2066@RiseNowUS\u2069 along w so many other unstoppable world game-changers. Congrats \u2066@nguyen_amanda\u2069 \u2066 https://t.co/mHSs8OQ7kb", "created_at": "2019-04-25T20:18:39.000Z", "source": "Twitter for iPhone", "author": {"url": "https://t.co/Ze18Ek9SOI", "username": "realamberheard", "description": "Actor and Activist, semi-professional disruptor, ice cream advocate and shameless teacup yorkie-lover", "name": "Amber Heard", "location": "Los Angeles, CA", "created_at": "2016-12-08T23:26:58.000Z", "profile_image_url": "https://pbs.twimg.com/profile_images/1383196364792680448/N8CdupEu_normal.jpg", "public_metrics": {"followers_count": 190464, "following_count": 220, "tweet_count": 1151, "listed_count": 568}, "id": "807003567605227520"}}, "author": {"url": "", "username": "CoraMelodie", "description": "Actress/Producer & UNHCR Special Envoy #AngelinaJolie | Actress, Activist & Human Rights Champion @realamberheard | @JeniferOfficiel \n\n#IStandWithYouAmberHeard", "name": "Cora Melodie", "location": "Bordeaux, France", "created_at": "2016-10-09T16:02:18.000Z", "profile_image_url": "https://pbs.twimg.com/profile_images/1138826096386936837/71Iwj2dh_normal.jpg", "public_metrics": {"followers_count": 738, "following_count": 720, "tweet_count": 49396, "listed_count": 28}, "id": "785148392498421760"}}, {"in_reply_to_user_id": "807003567605227520", "id": "1121513530354806784", "entities": {"mentions": [{"start": 0, "end": 15, "username": "realamberheard", "id": "807003567605227520"}, {"start": 16, "end": 26, "username": "RiseNowUS", "id": "2961466710"}, {"start": 27, "end": 41, "username": "nguyen_amanda", "id": "315390036"}]}, "lang": "und", "author_id": "1054247451677417472", "referenced_tweets": [{"type": "replied_to", "id": "1121508843391979520"}], "public_metrics": {"retweet_count": 0, "reply_count": 0, "like_count": 2, "quote_count": 0}, "text": "@realamberheard @RiseNowUS @nguyen_amanda Wow \ud83d\udc4f\ud83d\udc4f\ud83d\udc4f", "created_at": "2019-04-25T20:37:17.000Z", "source": "Twitter Web App", "replied_tweet": {"id": "1121508843391979520", "entities": {"mentions": [{"start": 109, "end": 119, "username": "RiseNowUS", "id": "2961466710"}, {"start": 186, "end": 200, "username": "nguyen_amanda", "id": "315390036"}], "urls": [{"start": 204, "end": 227, "url": "https://t.co/mHSs8OQ7kb", "expanded_url": "https://twitter.com/realamberheard/status/1121508843391979520/video/1", "display_url": "pic.twitter.com/mHSs8OQ7kb"}], "annotations": [{"start": 25, "end": 37, "probability": 0.9257, "type": "Person", "normalized_text": "\u2066Sec Clinton\u2069"}, {"start": 43, "end": 54, "probability": 0.995, "type": "Person", "normalized_text": "Nancy Pelosi"}]}, "lang": "en", "author_id": "807003567605227520", "public_metrics": {"retweet_count": 34, "reply_count": 28, "like_count": 522, "quote_count": 2}, "text": "It was so amzng to watch \u2066Sec Clinton\u2069 and Nancy Pelosi share the stage in honoring my friend\u2069 for her work \u2066@RiseNowUS\u2069 along w so many other unstoppable world game-changers. Congrats \u2066@nguyen_amanda\u2069 \u2066 https://t.co/mHSs8OQ7kb", "created_at": "2019-04-25T20:18:39.000Z", "source": "Twitter for iPhone", "author": {"url": "https://t.co/Ze18Ek9SOI", "username": "realamberheard", "description": "Actor and Activist, semi-professional disruptor, ice cream advocate and shameless teacup yorkie-lover", "name": "Amber Heard", "location": "Los Angeles, CA", "created_at": "2016-12-08T23:26:58.000Z", "profile_image_url": "https://pbs.twimg.com/profile_images/1383196364792680448/N8CdupEu_normal.jpg", "public_metrics": {"followers_count": 190464, "following_count": 220, "tweet_count": 1151, "listed_count": 568}, "id": "807003567605227520"}}, "author": {"url": "", "username": "Paula_Jabour", "description": "OMG! Stop the flat earth, I gotta jump! \n#SexNoGender #ProtectTheChildren \n#FreeSpeech #WomanIsNotADirtyWord", "name": "Paula Jabour\ud83c\udde7\ud83c\uddf7\u2698", "created_at": "2018-10-22T05:45:54.000Z", "profile_image_url": "https://pbs.twimg.com/profile_images/1292297331119972352/hEE_YCpp_normal.jpg", "public_metrics": {"followers_count": 493, "following_count": 945, "tweet_count": 3494, "listed_count": 0}, "id": "1054247451677417472"}}, {"in_reply_to_user_id": "807003567605227520", "id": "1121513135410696194", "entities": {"mentions": [{"start": 0, "end": 15, "username": "realamberheard", "id": "807003567605227520"}, {"start": 16, "end": 26, "username": "RiseNowUS", "id": "2961466710"}, {"start": 27, "end": 41, "username": "nguyen_amanda", "id": "315390036"}], "annotations": [{"start": 117, "end": 121, "probability": 0.7986, "type": "Person", "normalized_text": "amber"}]}, "lang": "es", "author_id": "1120114201404506112", "referenced_tweets": [{"type": "replied_to", "id": "1121508843391979520"}], "public_metrics": {"retweet_count": 0, "reply_count": 0, "like_count": 0, "quote_count": 0}, "text": "@realamberheard @RiseNowUS @nguyen_amanda Muchas felicidades a tu amiga por su trabajo realmente la admiro y gracias amber por el video", "created_at": "2019-04-25T20:35:42.000Z", "source": "Twitter Web App", "replied_tweet": {"id": "1121508843391979520", "entities": {"mentions": [{"start": 109, "end": 119, "username": "RiseNowUS", "id": "2961466710"}, {"start": 186, "end": 200, "username": "nguyen_amanda", "id": "315390036"}], "urls": [{"start": 204, "end": 227, "url": "https://t.co/mHSs8OQ7kb", "expanded_url": "https://twitter.com/realamberheard/status/1121508843391979520/video/1", "display_url": "pic.twitter.com/mHSs8OQ7kb"}], "annotations": [{"start": 25, "end": 37, "probability": 0.9257, "type": "Person", "normalized_text": "\u2066Sec Clinton\u2069"}, {"start": 43, "end": 54, "probability": 0.995, "type": "Person", "normalized_text": "Nancy Pelosi"}]}, "lang": "en", "author_id": "807003567605227520", "public_metrics": {"retweet_count": 34, "reply_count": 28, "like_count": 522, "quote_count": 2}, "text": "It was so amzng to watch \u2066Sec Clinton\u2069 and Nancy Pelosi share the stage in honoring my friend\u2069 for her work \u2066@RiseNowUS\u2069 along w so many other unstoppable world game-changers. Congrats \u2066@nguyen_amanda\u2069 \u2066 https://t.co/mHSs8OQ7kb", "created_at": "2019-04-25T20:18:39.000Z", "source": "Twitter for iPhone", "author": {"url": "https://t.co/Ze18Ek9SOI", "username": "realamberheard", "description": "Actor and Activist, semi-professional disruptor, ice cream advocate and shameless teacup yorkie-lover", "name": "Amber Heard", "location": "Los Angeles, CA", "created_at": "2016-12-08T23:26:58.000Z", "profile_image_url": "https://pbs.twimg.com/profile_images/1383196364792680448/N8CdupEu_normal.jpg", "public_metrics": {"followers_count": 190464, "following_count": 220, "tweet_count": 1151, "listed_count": 568}, "id": "807003567605227520"}}, "author": {"url": "", "username": "Enrique62175188", "description": "", "name": "Enrique ramirez", "location": "Puebla mexico", "created_at": "2019-04-21T23:56:51.000Z", "profile_image_url": "https://pbs.twimg.com/profile_images/1377050191719710721/-BKIU6Zv_normal.jpg", "public_metrics": {"followers_count": 63, "following_count": 304, "tweet_count": 2076, "listed_count": 0}, "id": "1120114201404506112"}}, {"in_reply_to_user_id": "807003567605227520", "id": "1121512743163527177", "entities": {"mentions": [{"start": 0, "end": 15, "username": "realamberheard", "id": "807003567605227520"}, {"start": 16, "end": 26, "username": "RiseNowUS", "id": "2961466710"}, {"start": 27, "end": 41, "username": "nguyen_amanda", "id": "315390036"}]}, "lang": "en", "author_id": "1087954434804588544", "referenced_tweets": [{"type": "replied_to", "id": "1121508843391979520"}], "public_metrics": {"retweet_count": 0, "reply_count": 0, "like_count": 0, "quote_count": 0}, "text": "@realamberheard @RiseNowUS @nguyen_amanda Whatever.", "created_at": "2019-04-25T20:34:09.000Z", "source": "Twitter for iPad", "replied_tweet": {"id": "1121508843391979520", "entities": {"mentions": [{"start": 109, "end": 119, "username": "RiseNowUS", "id": "2961466710"}, {"start": 186, "end": 200, "username": "nguyen_amanda", "id": "315390036"}], "urls": [{"start": 204, "end": 227, "url": "https://t.co/mHSs8OQ7kb", "expanded_url": "https://twitter.com/realamberheard/status/1121508843391979520/video/1", "display_url": "pic.twitter.com/mHSs8OQ7kb"}], "annotations": [{"start": 25, "end": 37, "probability": 0.9257, "type": "Person", "normalized_text": "\u2066Sec Clinton\u2069"}, {"start": 43, "end": 54, "probability": 0.995, "type": "Person", "normalized_text": "Nancy Pelosi"}]}, "lang": "en", "author_id": "807003567605227520", "public_metrics": {"retweet_count": 34, "reply_count": 28, "like_count": 522, "quote_count": 2}, "text": "It was so amzng to watch \u2066Sec Clinton\u2069 and Nancy Pelosi share the stage in honoring my friend\u2069 for her work \u2066@RiseNowUS\u2069 along w so many other unstoppable world game-changers. Congrats \u2066@nguyen_amanda\u2069 \u2066 https://t.co/mHSs8OQ7kb", "created_at": "2019-04-25T20:18:39.000Z", "source": "Twitter for iPhone", "author": {"url": "https://t.co/Ze18Ek9SOI", "username": "realamberheard", "description": "Actor and Activist, semi-professional disruptor, ice cream advocate and shameless teacup yorkie-lover", "name": "Amber Heard", "location": "Los Angeles, CA", "created_at": "2016-12-08T23:26:58.000Z", "profile_image_url": "https://pbs.twimg.com/profile_images/1383196364792680448/N8CdupEu_normal.jpg", "public_metrics": {"followers_count": 190464, "following_count": 220, "tweet_count": 1151, "listed_count": 568}, "id": "807003567605227520"}}, "author": {"url": "", "username": "JamesMoyers3", "description": "", "name": "James Moyers", "created_at": "2019-01-23T06:05:25.000Z", "profile_image_url": "https://pbs.twimg.com/profile_images/1087955146942935041/KzBeRFEB_normal.jpg", "public_metrics": {"followers_count": 14, "following_count": 82, "tweet_count": 359, "listed_count": 0}, "id": "1087954434804588544"}}, {"in_reply_to_user_id": "807003567605227520", "id": "1121511847994093568", "entities": {"mentions": [{"start": 0, "end": 15, "username": "realamberheard", "id": "807003567605227520"}, {"start": 16, "end": 26, "username": "RiseNowUS", "id": "2961466710"}, {"start": 27, "end": 41, "username": "nguyen_amanda", "id": "315390036"}], "annotations": [{"start": 58, "end": 62, "probability": 0.9427, "type": "Person", "normalized_text": "Amber"}]}, "lang": "en", "author_id": "940459573105823744", "referenced_tweets": [{"type": "replied_to", "id": "1121508843391979520"}], "public_metrics": {"retweet_count": 0, "reply_count": 0, "like_count": 2, "quote_count": 0}, "text": "@realamberheard @RiseNowUS @nguyen_amanda So proud of you Amber\ud83d\ude4c.", "created_at": "2019-04-25T20:30:35.000Z", "source": "Twitter for Android", "replied_tweet": {"id": "1121508843391979520", "entities": {"mentions": [{"start": 109, "end": 119, "username": "RiseNowUS", "id": "2961466710"}, {"start": 186, "end": 200, "username": "nguyen_amanda", "id": "315390036"}], "urls": [{"start": 204, "end": 227, "url": "https://t.co/mHSs8OQ7kb", "expanded_url": "https://twitter.com/realamberheard/status/1121508843391979520/video/1", "display_url": "pic.twitter.com/mHSs8OQ7kb"}], "annotations": [{"start": 25, "end": 37, "probability": 0.9257, "type": "Person", "normalized_text": "\u2066Sec Clinton\u2069"}, {"start": 43, "end": 54, "probability": 0.995, "type": "Person", "normalized_text": "Nancy Pelosi"}]}, "lang": "en", "author_id": "807003567605227520", "public_metrics": {"retweet_count": 34, "reply_count": 28, "like_count": 522, "quote_count": 2}, "text": "It was so amzng to watch \u2066Sec Clinton\u2069 and Nancy Pelosi share the stage in honoring my friend\u2069 for her work \u2066@RiseNowUS\u2069 along w so many other unstoppable world game-changers. Congrats \u2066@nguyen_amanda\u2069 \u2066 https://t.co/mHSs8OQ7kb", "created_at": "2019-04-25T20:18:39.000Z", "source": "Twitter for iPhone", "author": {"url": "https://t.co/Ze18Ek9SOI", "username": "realamberheard", "description": "Actor and Activist, semi-professional disruptor, ice cream advocate and shameless teacup yorkie-lover", "name": "Amber Heard", "location": "Los Angeles, CA", "created_at": "2016-12-08T23:26:58.000Z", "profile_image_url": "https://pbs.twimg.com/profile_images/1383196364792680448/N8CdupEu_normal.jpg", "public_metrics": {"followers_count": 190464, "following_count": 220, "tweet_count": 1151, "listed_count": 568}, "id": "807003567605227520"}}, "author": {"url": "", "username": "RealMukul", "description": "| \\W/estworld |\n\nhe/him | Fan Account |\n#IStandWithAmberHeard\n#IStandWithUkraine", "name": "MUKUL", "created_at": "2017-12-12T05:53:29.000Z", "profile_image_url": "https://pbs.twimg.com/profile_images/1478739279056556039/0Kn_xg4O_normal.jpg", "public_metrics": {"followers_count": 1379, "following_count": 1009, "tweet_count": 37436, "listed_count": 15}, "id": "940459573105823744"}}, {"in_reply_to_user_id": "807003567605227520", "id": "1121511760047927296", "entities": {"mentions": [{"start": 0, "end": 15, "username": "realamberheard", "id": "807003567605227520"}, {"start": 16, "end": 26, "username": "RiseNowUS", "id": "2961466710"}, {"start": 27, "end": 41, "username": "nguyen_amanda", "id": "315390036"}]}, "lang": "en", "author_id": "1086393878415134721", "referenced_tweets": [{"type": "replied_to", "id": "1121508843391979520"}], "public_metrics": {"retweet_count": 0, "reply_count": 0, "like_count": 0, "quote_count": 0}, "text": "@realamberheard @RiseNowUS @nguyen_amanda That\u2019s so amazing!!! \ud83d\udc4f\ud83c\udffb\ud83d\udc4f\ud83c\udffb\ud83d\udc4f\ud83c\udffb", "created_at": "2019-04-25T20:30:14.000Z", "source": "Twitter for iPhone", "replied_tweet": {"id": "1121508843391979520", "entities": {"mentions": [{"start": 109, "end": 119, "username": "RiseNowUS", "id": "2961466710"}, {"start": 186, "end": 200, "username": "nguyen_amanda", "id": "315390036"}], "urls": [{"start": 204, "end": 227, "url": "https://t.co/mHSs8OQ7kb", "expanded_url": "https://twitter.com/realamberheard/status/1121508843391979520/video/1", "display_url": "pic.twitter.com/mHSs8OQ7kb"}], "annotations": [{"start": 25, "end": 37, "probability": 0.9257, "type": "Person", "normalized_text": "\u2066Sec Clinton\u2069"}, {"start": 43, "end": 54, "probability": 0.995, "type": "Person", "normalized_text": "Nancy Pelosi"}]}, "lang": "en", "author_id": "807003567605227520", "public_metrics": {"retweet_count": 34, "reply_count": 28, "like_count": 522, "quote_count": 2}, "text": "It was so amzng to watch \u2066Sec Clinton\u2069 and Nancy Pelosi share the stage in honoring my friend\u2069 for her work \u2066@RiseNowUS\u2069 along w so many other unstoppable world game-changers. Congrats \u2066@nguyen_amanda\u2069 \u2066 https://t.co/mHSs8OQ7kb", "created_at": "2019-04-25T20:18:39.000Z", "source": "Twitter for iPhone", "author": {"url": "https://t.co/Ze18Ek9SOI", "username": "realamberheard", "description": "Actor and Activist, semi-professional disruptor, ice cream advocate and shameless teacup yorkie-lover", "name": "Amber Heard", "location": "Los Angeles, CA", "created_at": "2016-12-08T23:26:58.000Z", "profile_image_url": "https://pbs.twimg.com/profile_images/1383196364792680448/N8CdupEu_normal.jpg", "public_metrics": {"followers_count": 190464, "following_count": 220, "tweet_count": 1151, "listed_count": 568}, "id": "807003567605227520"}}, "author": {"url": "", "username": "amberheardgc", "description": "Amber Heard LIKED X1 // INSTAGRAM: @amberheardgc", "name": "Amber Heard GC", "created_at": "2019-01-18T22:44:19.000Z", "profile_image_url": "https://pbs.twimg.com/profile_images/1125581835616931840/shE31rVy_normal.jpg", "public_metrics": {"followers_count": 35, "following_count": 13, "tweet_count": 389, "listed_count": 0}, "id": "1086393878415134721"}}, {"in_reply_to_user_id": "807003567605227520", "id": "1121511453754892289", "entities": {"mentions": [{"start": 0, "end": 15, "username": "realamberheard", "id": "807003567605227520"}, {"start": 16, "end": 26, "username": "RiseNowUS", "id": "2961466710"}, {"start": 27, "end": 41, "username": "nguyen_amanda", "id": "315390036"}]}, "lang": "es", "author_id": "1120114201404506112", "referenced_tweets": [{"type": "replied_to", "id": "1121508843391979520"}], "public_metrics": {"retweet_count": 0, "reply_count": 0, "like_count": 0, "quote_count": 0}, "text": "@realamberheard @RiseNowUS @nguyen_amanda Yo tambien las felicito trabajando duro se obtiene lo que uno desea saludos", "created_at": "2019-04-25T20:29:01.000Z", "source": "Twitter Web App", "replied_tweet": {"id": "1121508843391979520", "entities": {"mentions": [{"start": 109, "end": 119, "username": "RiseNowUS", "id": "2961466710"}, {"start": 186, "end": 200, "username": "nguyen_amanda", "id": "315390036"}], "urls": [{"start": 204, "end": 227, "url": "https://t.co/mHSs8OQ7kb", "expanded_url": "https://twitter.com/realamberheard/status/1121508843391979520/video/1", "display_url": "pic.twitter.com/mHSs8OQ7kb"}], "annotations": [{"start": 25, "end": 37, "probability": 0.9257, "type": "Person", "normalized_text": "\u2066Sec Clinton\u2069"}, {"start": 43, "end": 54, "probability": 0.995, "type": "Person", "normalized_text": "Nancy Pelosi"}]}, "lang": "en", "author_id": "807003567605227520", "public_metrics": {"retweet_count": 34, "reply_count": 28, "like_count": 522, "quote_count": 2}, "text": "It was so amzng to watch \u2066Sec Clinton\u2069 and Nancy Pelosi share the stage in honoring my friend\u2069 for her work \u2066@RiseNowUS\u2069 along w so many other unstoppable world game-changers. Congrats \u2066@nguyen_amanda\u2069 \u2066 https://t.co/mHSs8OQ7kb", "created_at": "2019-04-25T20:18:39.000Z", "source": "Twitter for iPhone", "author": {"url": "https://t.co/Ze18Ek9SOI", "username": "realamberheard", "description": "Actor and Activist, semi-professional disruptor, ice cream advocate and shameless teacup yorkie-lover", "name": "Amber Heard", "location": "Los Angeles, CA", "created_at": "2016-12-08T23:26:58.000Z", "profile_image_url": "https://pbs.twimg.com/profile_images/1383196364792680448/N8CdupEu_normal.jpg", "public_metrics": {"followers_count": 190464, "following_count": 220, "tweet_count": 1151, "listed_count": 568}, "id": "807003567605227520"}}, "author": {"url": "", "username": "Enrique62175188", "description": "", "name": "Enrique ramirez", "location": "Puebla mexico", "created_at": "2019-04-21T23:56:51.000Z", "profile_image_url": "https://pbs.twimg.com/profile_images/1377050191719710721/-BKIU6Zv_normal.jpg", "public_metrics": {"followers_count": 63, "following_count": 304, "tweet_count": 2076, "listed_count": 0}, "id": "1120114201404506112"}}, {"in_reply_to_user_id": "807003567605227520", "id": "1121510940887805952", "entities": {"mentions": [{"start": 0, "end": 15, "username": "realamberheard", "id": "807003567605227520"}, {"start": 16, "end": 26, "username": "RiseNowUS", "id": "2961466710"}, {"start": 27, "end": 41, "username": "nguyen_amanda", "id": "315390036"}]}, "lang": "en", "author_id": "940459573105823744", "referenced_tweets": [{"type": "replied_to", "id": "1121508843391979520"}], "public_metrics": {"retweet_count": 0, "reply_count": 0, "like_count": 1, "quote_count": 0}, "text": "@realamberheard @RiseNowUS @nguyen_amanda Awesome work \ud83d\udc4c\ud83d\ude4f", "created_at": "2019-04-25T20:26:59.000Z", "source": "Twitter for Android", "replied_tweet": {"id": "1121508843391979520", "entities": {"mentions": [{"start": 109, "end": 119, "username": "RiseNowUS", "id": "2961466710"}, {"start": 186, "end": 200, "username": "nguyen_amanda", "id": "315390036"}], "urls": [{"start": 204, "end": 227, "url": "https://t.co/mHSs8OQ7kb", "expanded_url": "https://twitter.com/realamberheard/status/1121508843391979520/video/1", "display_url": "pic.twitter.com/mHSs8OQ7kb"}], "annotations": [{"start": 25, "end": 37, "probability": 0.9257, "type": "Person", "normalized_text": "\u2066Sec Clinton\u2069"}, {"start": 43, "end": 54, "probability": 0.995, "type": "Person", "normalized_text": "Nancy Pelosi"}]}, "lang": "en", "author_id": "807003567605227520", "public_metrics": {"retweet_count": 34, "reply_count": 28, "like_count": 522, "quote_count": 2}, "text": "It was so amzng to watch \u2066Sec Clinton\u2069 and Nancy Pelosi share the stage in honoring my friend\u2069 for her work \u2066@RiseNowUS\u2069 along w so many other unstoppable world game-changers. Congrats \u2066@nguyen_amanda\u2069 \u2066 https://t.co/mHSs8OQ7kb", "created_at": "2019-04-25T20:18:39.000Z", "source": "Twitter for iPhone", "author": {"url": "https://t.co/Ze18Ek9SOI", "username": "realamberheard", "description": "Actor and Activist, semi-professional disruptor, ice cream advocate and shameless teacup yorkie-lover", "name": "Amber Heard", "location": "Los Angeles, CA", "created_at": "2016-12-08T23:26:58.000Z", "profile_image_url": "https://pbs.twimg.com/profile_images/1383196364792680448/N8CdupEu_normal.jpg", "public_metrics": {"followers_count": 190464, "following_count": 220, "tweet_count": 1151, "listed_count": 568}, "id": "807003567605227520"}}, "author": {"url": "", "username": "RealMukul", "description": "| \\W/estworld |\n\nhe/him | Fan Account |\n#IStandWithAmberHeard\n#IStandWithUkraine", "name": "MUKUL", "created_at": "2017-12-12T05:53:29.000Z", "profile_image_url": "https://pbs.twimg.com/profile_images/1478739279056556039/0Kn_xg4O_normal.jpg", "public_metrics": {"followers_count": 1379, "following_count": 1009, "tweet_count": 37436, "listed_count": 15}, "id": "940459573105823744"}}, {"in_reply_to_user_id": "807003567605227520", "id": "1121510534229131265", "entities": {"mentions": [{"start": 0, "end": 15, "username": "realamberheard", "id": "807003567605227520"}, {"start": 16, "end": 26, "username": "RiseNowUS", "id": "2961466710"}, {"start": 27, "end": 41, "username": "nguyen_amanda", "id": "315390036"}, {"start": 78, "end": 92, "username": "nguyen_amanda", "id": "315390036"}]}, "lang": "en", "author_id": "4396120342", "referenced_tweets": [{"type": "replied_to", "id": "1121508843391979520"}], "public_metrics": {"retweet_count": 0, "reply_count": 0, "like_count": 5, "quote_count": 0}, "text": "@realamberheard @RiseNowUS @nguyen_amanda Aww!\nCongratulations to your friend @nguyen_amanda \ud83d\udc4f", "created_at": "2019-04-25T20:25:22.000Z", "source": "Twitter for Android", "replied_tweet": {"id": "1121508843391979520", "entities": {"mentions": [{"start": 109, "end": 119, "username": "RiseNowUS", "id": "2961466710"}, {"start": 186, "end": 200, "username": "nguyen_amanda", "id": "315390036"}], "urls": [{"start": 204, "end": 227, "url": "https://t.co/mHSs8OQ7kb", "expanded_url": "https://twitter.com/realamberheard/status/1121508843391979520/video/1", "display_url": "pic.twitter.com/mHSs8OQ7kb"}], "annotations": [{"start": 25, "end": 37, "probability": 0.9257, "type": "Person", "normalized_text": "\u2066Sec Clinton\u2069"}, {"start": 43, "end": 54, "probability": 0.995, "type": "Person", "normalized_text": "Nancy Pelosi"}]}, "lang": "en", "author_id": "807003567605227520", "public_metrics": {"retweet_count": 34, "reply_count": 28, "like_count": 522, "quote_count": 2}, "text": "It was so amzng to watch \u2066Sec Clinton\u2069 and Nancy Pelosi share the stage in honoring my friend\u2069 for her work \u2066@RiseNowUS\u2069 along w so many other unstoppable world game-changers. Congrats \u2066@nguyen_amanda\u2069 \u2066 https://t.co/mHSs8OQ7kb", "created_at": "2019-04-25T20:18:39.000Z", "source": "Twitter for iPhone", "author": {"url": "https://t.co/Ze18Ek9SOI", "username": "realamberheard", "description": "Actor and Activist, semi-professional disruptor, ice cream advocate and shameless teacup yorkie-lover", "name": "Amber Heard", "location": "Los Angeles, CA", "created_at": "2016-12-08T23:26:58.000Z", "profile_image_url": "https://pbs.twimg.com/profile_images/1383196364792680448/N8CdupEu_normal.jpg", "public_metrics": {"followers_count": 190464, "following_count": 220, "tweet_count": 1151, "listed_count": 568}, "id": "807003567605227520"}}, "author": {"url": "", "username": "stirgussa", "description": "Only two things are infinite, the universe and human stupidity, and I'm not sure about the former. - Albert Einstein and Me!", "name": "STIRGUS SACCHETTI", "created_at": "2015-12-06T17:21:06.000Z", "profile_image_url": "https://pbs.twimg.com/profile_images/1378175478478082050/UKLiQPuk_normal.jpg", "public_metrics": {"followers_count": 678, "following_count": 296, "tweet_count": 58622, "listed_count": 26}, "id": "4396120342"}}, {"in_reply_to_user_id": "807003567605227520", "id": "1121509910020284416", "entities": {"mentions": [{"start": 0, "end": 15, "username": "realamberheard", "id": "807003567605227520"}, {"start": 16, "end": 26, "username": "RiseNowUS", "id": "2961466710"}, {"start": 27, "end": 41, "username": "nguyen_amanda", "id": "315390036"}]}, "lang": "en", "author_id": "49303675", "referenced_tweets": [{"type": "replied_to", "id": "1121508843391979520"}], "public_metrics": {"retweet_count": 0, "reply_count": 0, "like_count": 0, "quote_count": 0}, "text": "@realamberheard @RiseNowUS @nguyen_amanda So so incredible!!", "created_at": "2019-04-25T20:22:53.000Z", "source": "Twitter for iPhone", "replied_tweet": {"id": "1121508843391979520", "entities": {"mentions": [{"start": 109, "end": 119, "username": "RiseNowUS", "id": "2961466710"}, {"start": 186, "end": 200, "username": "nguyen_amanda", "id": "315390036"}], "urls": [{"start": 204, "end": 227, "url": "https://t.co/mHSs8OQ7kb", "expanded_url": "https://twitter.com/realamberheard/status/1121508843391979520/video/1", "display_url": "pic.twitter.com/mHSs8OQ7kb"}], "annotations": [{"start": 25, "end": 37, "probability": 0.9257, "type": "Person", "normalized_text": "\u2066Sec Clinton\u2069"}, {"start": 43, "end": 54, "probability": 0.995, "type": "Person", "normalized_text": "Nancy Pelosi"}]}, "lang": "en", "author_id": "807003567605227520", "public_metrics": {"retweet_count": 34, "reply_count": 28, "like_count": 522, "quote_count": 2}, "text": "It was so amzng to watch \u2066Sec Clinton\u2069 and Nancy Pelosi share the stage in honoring my friend\u2069 for her work \u2066@RiseNowUS\u2069 along w so many other unstoppable world game-changers. Congrats \u2066@nguyen_amanda\u2069 \u2066 https://t.co/mHSs8OQ7kb", "created_at": "2019-04-25T20:18:39.000Z", "source": "Twitter for iPhone", "author": {"url": "https://t.co/Ze18Ek9SOI", "username": "realamberheard", "description": "Actor and Activist, semi-professional disruptor, ice cream advocate and shameless teacup yorkie-lover", "name": "Amber Heard", "location": "Los Angeles, CA", "created_at": "2016-12-08T23:26:58.000Z", "profile_image_url": "https://pbs.twimg.com/profile_images/1383196364792680448/N8CdupEu_normal.jpg", "public_metrics": {"followers_count": 190464, "following_count": 220, "tweet_count": 1151, "listed_count": 568}, "id": "807003567605227520"}}, "author": {"url": "", "username": "maybonnevier", "description": "\u201cout. for. a. walk. bitch \ud83e\udd19\ud83c\udffb\u201d -Spike, Buffy s5e5. Catmom x 2 and fangirl x a lot", "name": "May\ud83d\udc0a\ud83d\udc9e", "location": "Sweden", "created_at": "2009-06-21T12:28:44.000Z", "profile_image_url": "https://pbs.twimg.com/profile_images/1495740552364670980/JFFPLq6P_normal.jpg", "public_metrics": {"followers_count": 445, "following_count": 146, "tweet_count": 44808, "listed_count": 18}, "id": "49303675"}}, {"in_reply_to_user_id": "807003567605227520", "id": "1121509710371356675", "entities": {"mentions": [{"start": 0, "end": 15, "username": "realamberheard", "id": "807003567605227520"}, {"start": 16, "end": 26, "username": "RiseNowUS", "id": "2961466710"}, {"start": 27, "end": 41, "username": "nguyen_amanda", "id": "315390036"}], "urls": [{"start": 42, "end": 65, "url": "https://t.co/k8K4LhoXVS", "expanded_url": "https://twitter.com/gustaavo274/status/1121509710371356675/photo/1", "display_url": "pic.twitter.com/k8K4LhoXVS"}]}, "lang": "und", "author_id": "599569820", "referenced_tweets": [{"type": "replied_to", "id": "1121508843391979520"}], "public_metrics": {"retweet_count": 0, "reply_count": 0, "like_count": 1, "quote_count": 0}, "text": "@realamberheard @RiseNowUS @nguyen_amanda https://t.co/k8K4LhoXVS", "created_at": "2019-04-25T20:22:06.000Z", "source": "Twitter for Android", "replied_tweet": {"id": "1121508843391979520", "entities": {"mentions": [{"start": 109, "end": 119, "username": "RiseNowUS", "id": "2961466710"}, {"start": 186, "end": 200, "username": "nguyen_amanda", "id": "315390036"}], "urls": [{"start": 204, "end": 227, "url": "https://t.co/mHSs8OQ7kb", "expanded_url": "https://twitter.com/realamberheard/status/1121508843391979520/video/1", "display_url": "pic.twitter.com/mHSs8OQ7kb"}], "annotations": [{"start": 25, "end": 37, "probability": 0.9257, "type": "Person", "normalized_text": "\u2066Sec Clinton\u2069"}, {"start": 43, "end": 54, "probability": 0.995, "type": "Person", "normalized_text": "Nancy Pelosi"}]}, "lang": "en", "author_id": "807003567605227520", "public_metrics": {"retweet_count": 34, "reply_count": 28, "like_count": 522, "quote_count": 2}, "text": "It was so amzng to watch \u2066Sec Clinton\u2069 and Nancy Pelosi share the stage in honoring my friend\u2069 for her work \u2066@RiseNowUS\u2069 along w so many other unstoppable world game-changers. Congrats \u2066@nguyen_amanda\u2069 \u2066 https://t.co/mHSs8OQ7kb", "created_at": "2019-04-25T20:18:39.000Z", "source": "Twitter for iPhone", "author": {"url": "https://t.co/Ze18Ek9SOI", "username": "realamberheard", "description": "Actor and Activist, semi-professional disruptor, ice cream advocate and shameless teacup yorkie-lover", "name": "Amber Heard", "location": "Los Angeles, CA", "created_at": "2016-12-08T23:26:58.000Z", "profile_image_url": "https://pbs.twimg.com/profile_images/1383196364792680448/N8CdupEu_normal.jpg", "public_metrics": {"followers_count": 190464, "following_count": 220, "tweet_count": 1151, "listed_count": 568}, "id": "807003567605227520"}}, "author": {"url": "", "username": "NotZaphkiel", "description": "\u50d5\u306e\u30d7\u30ed\u30d5\u30a1\u30a4\u30fc\u30eb\u3078\u3088\u3046\u3053\u305d | Anime/Manga/LN/Manhwa | TYPE-MOON en las venas \ud83d\ude4c\ud83c\udffb | \u4ffa\u306f\u60aa\u3044\u4eba\u3058\u3083\u306a\u3044\u3088\ud83d\ude04", "name": "NotGustavo", "location": "ESP/ENG/\u65e5\u672c\u8a9e", "created_at": "2012-06-04T21:17:11.000Z", "profile_image_url": "https://pbs.twimg.com/profile_images/1495343788818149382/J77pKYOq_normal.jpg", "public_metrics": {"followers_count": 34, "following_count": 212, "tweet_count": 3047, "listed_count": 0}, "id": "599569820"}}]