[{"in_reply_to_user_id": "807003567605227520", "source": "Twitter Web App", "referenced_tweets": [{"type": "replied_to", "id": "1129333156430209024"}], "author_id": "1129552619184238592", "id": "1133867975650549762", "created_at": "2019-05-29T22:49:26.000Z", "public_metrics": {"retweet_count": 0, "reply_count": 0, "like_count": 0, "quote_count": 0}, "entities": {"mentions": [{"start": 0, "end": 15, "username": "realamberheard", "id": "807003567605227520"}, {"start": 16, "end": 23, "username": "thrive", "id": "2317939272"}, {"start": 24, "end": 36, "username": "ariannahuff", "id": "21982720"}]}, "text": "@realamberheard @thrive @ariannahuff You should've added : don't be a shitbag, lying, abusing, twat face in there somewhere. Probably wouldn't change you though. \ud83e\udd26", "lang": "en", "replied_tweet": {"source": "Twitter for iPad", "author_id": "807003567605227520", "id": "1129333156430209024", "entities": {"urls": [{"start": 157, "end": 180, "url": "https://t.co/JuzdfrLKVk", "expanded_url": "https://thriveglobal.com/stories/amber-heard-thrive-diary-secrets-negativity-advice-younger-self/", "display_url": "thriveglobal.com/stories/amber-\u2026", "status": 200, "unwound_url": "https://thriveglobal.com/stories/amber-heard-thrive-diary-secrets-negativity-advice-younger-self/"}], "mentions": [{"start": 55, "end": 62, "username": "thrive", "id": "2317939272"}, {"start": 69, "end": 81, "username": "ariannahuff", "id": "21982720"}]}, "created_at": "2019-05-17T10:29:41.000Z", "public_metrics": {"retweet_count": 66, "reply_count": 18, "like_count": 473, "quote_count": 3}, "text": "Was so happy to stop by and hang with the amazing team @thrive after @ariannahuff invited me to swing by and start joining the conversation. Such an honor!  https://t.co/JuzdfrLKVk", "lang": "en", "author": {"description": "Actor and Activist, semi-professional disruptor, ice cream advocate and shameless teacup yorkie-lover", "profile_image_url": "https://pbs.twimg.com/profile_images/1383196364792680448/N8CdupEu_normal.jpg", "name": "Amber Heard", "id": "807003567605227520", "created_at": "2016-12-08T23:26:58.000Z", "url": "https://t.co/Ze18Ek9SOI", "public_metrics": {"followers_count": 190464, "following_count": 220, "tweet_count": 1151, "listed_count": 568}, "location": "Los Angeles, CA", "username": "realamberheard"}}, "author": {"description": "", "profile_image_url": "https://abs.twimg.com/sticky/default_profile_images/default_profile_normal.png", "name": "Daniiix621", "id": "1129552619184238592", "created_at": "2019-05-18T01:01:45.000Z", "url": "", "public_metrics": {"followers_count": 0, "following_count": 0, "tweet_count": 6, "listed_count": 0}, "username": "daniiix621"}}, {"in_reply_to_user_id": "807003567605227520", "source": "Twitter Web App", "entities": {"annotations": [{"start": 37, "end": 41, "probability": 0.9799, "type": "Person", "normalized_text": "Amber"}, {"start": 52, "end": 65, "probability": 0.9291, "type": "Person", "normalized_text": "Blanche Dubois"}], "mentions": [{"start": 0, "end": 15, "username": "realamberheard", "id": "807003567605227520"}, {"start": 16, "end": 23, "username": "thrive", "id": "2317939272"}, {"start": 24, "end": 36, "username": "ariannahuff", "id": "21982720"}]}, "referenced_tweets": [{"type": "replied_to", "id": "1129333156430209024"}], "author_id": "1131663866432299008", "id": "1132033047476494336", "created_at": "2019-05-24T21:18:05.000Z", "public_metrics": {"retweet_count": 0, "reply_count": 0, "like_count": 0, "quote_count": 0}, "text": "@realamberheard @thrive @ariannahuff Amber heard IS Blanche Dubois", "lang": "en", "replied_tweet": {"source": "Twitter for iPad", "author_id": "807003567605227520", "id": "1129333156430209024", "entities": {"urls": [{"start": 157, "end": 180, "url": "https://t.co/JuzdfrLKVk", "expanded_url": "https://thriveglobal.com/stories/amber-heard-thrive-diary-secrets-negativity-advice-younger-self/", "display_url": "thriveglobal.com/stories/amber-\u2026", "status": 200, "unwound_url": "https://thriveglobal.com/stories/amber-heard-thrive-diary-secrets-negativity-advice-younger-self/"}], "mentions": [{"start": 55, "end": 62, "username": "thrive", "id": "2317939272"}, {"start": 69, "end": 81, "username": "ariannahuff", "id": "21982720"}]}, "created_at": "2019-05-17T10:29:41.000Z", "public_metrics": {"retweet_count": 66, "reply_count": 18, "like_count": 473, "quote_count": 3}, "text": "Was so happy to stop by and hang with the amazing team @thrive after @ariannahuff invited me to swing by and start joining the conversation. Such an honor!  https://t.co/JuzdfrLKVk", "lang": "en", "author": {"description": "Actor and Activist, semi-professional disruptor, ice cream advocate and shameless teacup yorkie-lover", "profile_image_url": "https://pbs.twimg.com/profile_images/1383196364792680448/N8CdupEu_normal.jpg", "name": "Amber Heard", "id": "807003567605227520", "created_at": "2016-12-08T23:26:58.000Z", "url": "https://t.co/Ze18Ek9SOI", "public_metrics": {"followers_count": 190464, "following_count": 220, "tweet_count": 1151, "listed_count": 568}, "location": "Los Angeles, CA", "username": "realamberheard"}}, "author": {"description": "Parent. Equal rights Equal pay Employer. Wife. set this account up due to my perceived inadequacy of the press reporting on Johnny Depp. Do not have JD posters", "profile_image_url": "https://pbs.twimg.com/profile_images/1131664247698677760/fg7jZjEl_normal.jpg", "name": "Evolved", "id": "1131663866432299008", "created_at": "2019-05-23T20:51:05.000Z", "url": "", "public_metrics": {"followers_count": 21, "following_count": 29, "tweet_count": 1406, "listed_count": 1}, "location": "London", "username": "Evolved71245694"}}, {"in_reply_to_user_id": "983882402568302592", "source": "Twitter for Android", "referenced_tweets": [{"type": "replied_to", "id": "1130129156879126528"}], "author_id": "2411655860", "id": "1130653314562056192", "created_at": "2019-05-21T01:55:31.000Z", "public_metrics": {"retweet_count": 0, "reply_count": 0, "like_count": 0, "quote_count": 0}, "entities": {"mentions": [{"start": 0, "end": 16, "username": "AngelaC64544138", "id": "983882402568302592"}, {"start": 34, "end": 49, "username": "realamberheard", "id": "807003567605227520"}, {"start": 50, "end": 57, "username": "thrive", "id": "2317939272"}, {"start": 58, "end": 70, "username": "ariannahuff", "id": "21982720"}]}, "text": "@AngelaC64544138 @Parvati53138389 @realamberheard @thrive @ariannahuff Brushes can present days after attacked. But as a doctor you would know that Lol.", "lang": "en", "replied_tweet": {"source": "Twitter for iPad", "author_id": "807003567605227520", "id": "1129333156430209024", "entities": {"urls": [{"start": 157, "end": 180, "url": "https://t.co/JuzdfrLKVk", "expanded_url": "https://thriveglobal.com/stories/amber-heard-thrive-diary-secrets-negativity-advice-younger-self/", "display_url": "thriveglobal.com/stories/amber-\u2026", "status": 200, "unwound_url": "https://thriveglobal.com/stories/amber-heard-thrive-diary-secrets-negativity-advice-younger-self/"}], "mentions": [{"start": 55, "end": 62, "username": "thrive", "id": "2317939272"}, {"start": 69, "end": 81, "username": "ariannahuff", "id": "21982720"}]}, "created_at": "2019-05-17T10:29:41.000Z", "public_metrics": {"retweet_count": 66, "reply_count": 18, "like_count": 473, "quote_count": 3}, "text": "Was so happy to stop by and hang with the amazing team @thrive after @ariannahuff invited me to swing by and start joining the conversation. Such an honor!  https://t.co/JuzdfrLKVk", "lang": "en", "author": {"description": "Actor and Activist, semi-professional disruptor, ice cream advocate and shameless teacup yorkie-lover", "profile_image_url": "https://pbs.twimg.com/profile_images/1383196364792680448/N8CdupEu_normal.jpg", "name": "Amber Heard", "id": "807003567605227520", "created_at": "2016-12-08T23:26:58.000Z", "url": "https://t.co/Ze18Ek9SOI", "public_metrics": {"followers_count": 190464, "following_count": 220, "tweet_count": 1151, "listed_count": 568}, "location": "Los Angeles, CA", "username": "realamberheard"}}, "author": {"description": "I loved River and hate Friends.", "profile_image_url": "https://pbs.twimg.com/profile_images/1013723146044747776/SaEqAFcE_normal.jpg", "name": "john foley", "id": "2411655860", "created_at": "2014-03-25T23:00:42.000Z", "url": "", "public_metrics": {"followers_count": 23, "following_count": 150, "tweet_count": 2280, "listed_count": 0}, "location": "Plant City, FL", "username": "TruthseekerJohn"}}, {"in_reply_to_user_id": "1063323768993517568", "source": "Twitter for Android", "referenced_tweets": [{"type": "replied_to", "id": "1129390826956763136"}], "author_id": "2411655860", "id": "1130652111644057601", "created_at": "2019-05-21T01:50:44.000Z", "public_metrics": {"retweet_count": 0, "reply_count": 0, "like_count": 0, "quote_count": 0}, "entities": {"mentions": [{"start": 17, "end": 32, "username": "realamberheard", "id": "807003567605227520"}, {"start": 33, "end": 40, "username": "thrive", "id": "2317939272"}, {"start": 41, "end": 53, "username": "ariannahuff", "id": "21982720"}]}, "text": "@Parvati53138389 @realamberheard @thrive @ariannahuff Only a person ignorant of the facts would defend the man I saw on the tape. But I also heard women who defend serial killer.", "lang": "en", "replied_tweet": {"source": "Twitter for iPad", "author_id": "807003567605227520", "id": "1129333156430209024", "entities": {"urls": [{"start": 157, "end": 180, "url": "https://t.co/JuzdfrLKVk", "expanded_url": "https://thriveglobal.com/stories/amber-heard-thrive-diary-secrets-negativity-advice-younger-self/", "display_url": "thriveglobal.com/stories/amber-\u2026", "status": 200, "unwound_url": "https://thriveglobal.com/stories/amber-heard-thrive-diary-secrets-negativity-advice-younger-self/"}], "mentions": [{"start": 55, "end": 62, "username": "thrive", "id": "2317939272"}, {"start": 69, "end": 81, "username": "ariannahuff", "id": "21982720"}]}, "created_at": "2019-05-17T10:29:41.000Z", "public_metrics": {"retweet_count": 66, "reply_count": 18, "like_count": 473, "quote_count": 3}, "text": "Was so happy to stop by and hang with the amazing team @thrive after @ariannahuff invited me to swing by and start joining the conversation. Such an honor!  https://t.co/JuzdfrLKVk", "lang": "en", "author": {"description": "Actor and Activist, semi-professional disruptor, ice cream advocate and shameless teacup yorkie-lover", "profile_image_url": "https://pbs.twimg.com/profile_images/1383196364792680448/N8CdupEu_normal.jpg", "name": "Amber Heard", "id": "807003567605227520", "created_at": "2016-12-08T23:26:58.000Z", "url": "https://t.co/Ze18Ek9SOI", "public_metrics": {"followers_count": 190464, "following_count": 220, "tweet_count": 1151, "listed_count": 568}, "location": "Los Angeles, CA", "username": "realamberheard"}}, "author": {"description": "I loved River and hate Friends.", "profile_image_url": "https://pbs.twimg.com/profile_images/1013723146044747776/SaEqAFcE_normal.jpg", "name": "john foley", "id": "2411655860", "created_at": "2014-03-25T23:00:42.000Z", "url": "", "public_metrics": {"followers_count": 23, "following_count": 150, "tweet_count": 2280, "listed_count": 0}, "location": "Plant City, FL", "username": "TruthseekerJohn"}}, {"in_reply_to_user_id": "807003567605227520", "source": "Twitter for Android", "referenced_tweets": [{"type": "replied_to", "id": "1129333156430209024"}], "author_id": "1071614258096431104", "id": "1130438099136155648", "created_at": "2019-05-20T11:40:20.000Z", "public_metrics": {"retweet_count": 0, "reply_count": 0, "like_count": 0, "quote_count": 0}, "entities": {"mentions": [{"start": 0, "end": 15, "username": "realamberheard", "id": "807003567605227520"}, {"start": 16, "end": 23, "username": "thrive", "id": "2317939272"}, {"start": 24, "end": 36, "username": "ariannahuff", "id": "21982720"}]}, "text": "@realamberheard @thrive @ariannahuff \ud83d\udc4f\ud83d\udc4d\ud83d\udcaa\ud83d\udcaa\ud83d\udcaa\ud83d\udcaa\u2764\u2764\u2764", "lang": "und", "replied_tweet": {"source": "Twitter for iPad", "author_id": "807003567605227520", "id": "1129333156430209024", "entities": {"urls": [{"start": 157, "end": 180, "url": "https://t.co/JuzdfrLKVk", "expanded_url": "https://thriveglobal.com/stories/amber-heard-thrive-diary-secrets-negativity-advice-younger-self/", "display_url": "thriveglobal.com/stories/amber-\u2026", "status": 200, "unwound_url": "https://thriveglobal.com/stories/amber-heard-thrive-diary-secrets-negativity-advice-younger-self/"}], "mentions": [{"start": 55, "end": 62, "username": "thrive", "id": "2317939272"}, {"start": 69, "end": 81, "username": "ariannahuff", "id": "21982720"}]}, "created_at": "2019-05-17T10:29:41.000Z", "public_metrics": {"retweet_count": 66, "reply_count": 18, "like_count": 473, "quote_count": 3}, "text": "Was so happy to stop by and hang with the amazing team @thrive after @ariannahuff invited me to swing by and start joining the conversation. Such an honor!  https://t.co/JuzdfrLKVk", "lang": "en", "author": {"description": "Actor and Activist, semi-professional disruptor, ice cream advocate and shameless teacup yorkie-lover", "profile_image_url": "https://pbs.twimg.com/profile_images/1383196364792680448/N8CdupEu_normal.jpg", "name": "Amber Heard", "id": "807003567605227520", "created_at": "2016-12-08T23:26:58.000Z", "url": "https://t.co/Ze18Ek9SOI", "public_metrics": {"followers_count": 190464, "following_count": 220, "tweet_count": 1151, "listed_count": 568}, "location": "Los Angeles, CA", "username": "realamberheard"}}, "author": {"description": "@Lisaandriansalon\ud83d\udc87\ud83d\udc86\ud83d\udc84\ud83d\udc85\nHair n make up", "profile_image_url": "https://pbs.twimg.com/profile_images/1123131394597634050/m5Toggin_normal.jpg", "name": "Joya_wahid                          \ud83d\udc2c\ud83d\udc33\ud83d\udc2c\ud83d\udc33\ud83d\udc0b\ud83d\udc33\ud83d\udc2c", "id": "1071614258096431104", "created_at": "2018-12-09T03:55:23.000Z", "url": "", "public_metrics": {"followers_count": 5, "following_count": 82, "tweet_count": 389, "listed_count": 0}, "location": "DKI Jakarta,bali,Indonesia", "username": "Joyawahid1"}}, {"in_reply_to_user_id": "807003567605227520", "source": "Twitter for Android", "referenced_tweets": [{"type": "replied_to", "id": "1129333156430209024"}], "author_id": "276097327", "id": "1129568109109682176", "created_at": "2019-05-18T02:03:18.000Z", "public_metrics": {"retweet_count": 0, "reply_count": 0, "like_count": 0, "quote_count": 0}, "entities": {"mentions": [{"start": 0, "end": 15, "username": "realamberheard", "id": "807003567605227520"}, {"start": 16, "end": 23, "username": "thrive", "id": "2317939272"}, {"start": 24, "end": 36, "username": "ariannahuff", "id": "21982720"}]}, "text": "@realamberheard @thrive @ariannahuff \ud83c\udf37\ud83d\udc68\u200d\u2764\u200d\ud83d\udc8b\u200d\ud83d\udc68", "lang": "und", "replied_tweet": {"source": "Twitter for iPad", "author_id": "807003567605227520", "id": "1129333156430209024", "entities": {"urls": [{"start": 157, "end": 180, "url": "https://t.co/JuzdfrLKVk", "expanded_url": "https://thriveglobal.com/stories/amber-heard-thrive-diary-secrets-negativity-advice-younger-self/", "display_url": "thriveglobal.com/stories/amber-\u2026", "status": 200, "unwound_url": "https://thriveglobal.com/stories/amber-heard-thrive-diary-secrets-negativity-advice-younger-self/"}], "mentions": [{"start": 55, "end": 62, "username": "thrive", "id": "2317939272"}, {"start": 69, "end": 81, "username": "ariannahuff", "id": "21982720"}]}, "created_at": "2019-05-17T10:29:41.000Z", "public_metrics": {"retweet_count": 66, "reply_count": 18, "like_count": 473, "quote_count": 3}, "text": "Was so happy to stop by and hang with the amazing team @thrive after @ariannahuff invited me to swing by and start joining the conversation. Such an honor!  https://t.co/JuzdfrLKVk", "lang": "en", "author": {"description": "Actor and Activist, semi-professional disruptor, ice cream advocate and shameless teacup yorkie-lover", "profile_image_url": "https://pbs.twimg.com/profile_images/1383196364792680448/N8CdupEu_normal.jpg", "name": "Amber Heard", "id": "807003567605227520", "created_at": "2016-12-08T23:26:58.000Z", "url": "https://t.co/Ze18Ek9SOI", "public_metrics": {"followers_count": 190464, "following_count": 220, "tweet_count": 1151, "listed_count": 568}, "location": "Los Angeles, CA", "username": "realamberheard"}}, "author": {"description": "Corretor de Imoveis no Estado do SP\ne Gamer na horas vagas .", "profile_image_url": "https://pbs.twimg.com/profile_images/1418708491246743555/55L7MdoH_normal.jpg", "name": "Le\u00f4nidas Junior", "id": "276097327", "created_at": "2011-04-02T16:59:58.000Z", "url": "", "public_metrics": {"followers_count": 6, "following_count": 109, "tweet_count": 1669, "listed_count": 0}, "username": "leonidasdiamant"}}, {"in_reply_to_user_id": "807003567605227520", "source": "Twitter for Android", "referenced_tweets": [{"type": "replied_to", "id": "1129333156430209024"}], "author_id": "191089896", "id": "1129481599047876608", "created_at": "2019-05-17T20:19:32.000Z", "public_metrics": {"retweet_count": 0, "reply_count": 0, "like_count": 0, "quote_count": 0}, "entities": {"mentions": [{"start": 0, "end": 15, "username": "realamberheard", "id": "807003567605227520"}, {"start": 16, "end": 23, "username": "thrive", "id": "2317939272"}, {"start": 24, "end": 36, "username": "ariannahuff", "id": "21982720"}]}, "text": "@realamberheard @thrive @ariannahuff \ud83d\ude0d\ud83d\ude0d\ud83d\ude0d\ud83d\ude0d\ud83d\ude0d\ud83d\ude0d\ud83d\ude0d", "lang": "und", "replied_tweet": {"source": "Twitter for iPad", "author_id": "807003567605227520", "id": "1129333156430209024", "entities": {"urls": [{"start": 157, "end": 180, "url": "https://t.co/JuzdfrLKVk", "expanded_url": "https://thriveglobal.com/stories/amber-heard-thrive-diary-secrets-negativity-advice-younger-self/", "display_url": "thriveglobal.com/stories/amber-\u2026", "status": 200, "unwound_url": "https://thriveglobal.com/stories/amber-heard-thrive-diary-secrets-negativity-advice-younger-self/"}], "mentions": [{"start": 55, "end": 62, "username": "thrive", "id": "2317939272"}, {"start": 69, "end": 81, "username": "ariannahuff", "id": "21982720"}]}, "created_at": "2019-05-17T10:29:41.000Z", "public_metrics": {"retweet_count": 66, "reply_count": 18, "like_count": 473, "quote_count": 3}, "text": "Was so happy to stop by and hang with the amazing team @thrive after @ariannahuff invited me to swing by and start joining the conversation. Such an honor!  https://t.co/JuzdfrLKVk", "lang": "en", "author": {"description": "Actor and Activist, semi-professional disruptor, ice cream advocate and shameless teacup yorkie-lover", "profile_image_url": "https://pbs.twimg.com/profile_images/1383196364792680448/N8CdupEu_normal.jpg", "name": "Amber Heard", "id": "807003567605227520", "created_at": "2016-12-08T23:26:58.000Z", "url": "https://t.co/Ze18Ek9SOI", "public_metrics": {"followers_count": 190464, "following_count": 220, "tweet_count": 1151, "listed_count": 568}, "location": "Los Angeles, CA", "username": "realamberheard"}}, "author": {"description": "Deus prover\u00e1", "profile_image_url": "https://pbs.twimg.com/profile_images/1371710036184039426/NRk1vnCE_normal.jpg", "name": "Gilbert souz", "id": "191089896", "created_at": "2010-09-15T15:49:25.000Z", "url": "", "public_metrics": {"followers_count": 38, "following_count": 194, "tweet_count": 865, "listed_count": 0}, "location": "Brasil", "username": "souzagiba"}}, {"in_reply_to_user_id": "807003567605227520", "source": "Twitter for Android", "referenced_tweets": [{"type": "replied_to", "id": "1129333156430209024"}], "author_id": "233818692", "id": "1129428216819724290", "created_at": "2019-05-17T16:47:25.000Z", "public_metrics": {"retweet_count": 0, "reply_count": 0, "like_count": 0, "quote_count": 0}, "entities": {"mentions": [{"start": 0, "end": 15, "username": "realamberheard", "id": "807003567605227520"}, {"start": 16, "end": 23, "username": "thrive", "id": "2317939272"}, {"start": 24, "end": 36, "username": "ariannahuff", "id": "21982720"}]}, "text": "@realamberheard @thrive @ariannahuff Eres una gran inspiraci\u00f3n para todos, sigue as\u00ed mujer!!! \ud83d\udc4f\ud83c\udffb", "lang": "es", "replied_tweet": {"source": "Twitter for iPad", "author_id": "807003567605227520", "id": "1129333156430209024", "entities": {"urls": [{"start": 157, "end": 180, "url": "https://t.co/JuzdfrLKVk", "expanded_url": "https://thriveglobal.com/stories/amber-heard-thrive-diary-secrets-negativity-advice-younger-self/", "display_url": "thriveglobal.com/stories/amber-\u2026", "status": 200, "unwound_url": "https://thriveglobal.com/stories/amber-heard-thrive-diary-secrets-negativity-advice-younger-self/"}], "mentions": [{"start": 55, "end": 62, "username": "thrive", "id": "2317939272"}, {"start": 69, "end": 81, "username": "ariannahuff", "id": "21982720"}]}, "created_at": "2019-05-17T10:29:41.000Z", "public_metrics": {"retweet_count": 66, "reply_count": 18, "like_count": 473, "quote_count": 3}, "text": "Was so happy to stop by and hang with the amazing team @thrive after @ariannahuff invited me to swing by and start joining the conversation. Such an honor!  https://t.co/JuzdfrLKVk", "lang": "en", "author": {"description": "Actor and Activist, semi-professional disruptor, ice cream advocate and shameless teacup yorkie-lover", "profile_image_url": "https://pbs.twimg.com/profile_images/1383196364792680448/N8CdupEu_normal.jpg", "name": "Amber Heard", "id": "807003567605227520", "created_at": "2016-12-08T23:26:58.000Z", "url": "https://t.co/Ze18Ek9SOI", "public_metrics": {"followers_count": 190464, "following_count": 220, "tweet_count": 1151, "listed_count": 568}, "location": "Los Angeles, CA", "username": "realamberheard"}}, "author": {"description": "FUCK UR LUCK!!! I smoke clovers / #TeamBreezy \u2665\nMexicana con orgullo y un gusto exquisito en HIP HOP and R&B", "profile_image_url": "https://pbs.twimg.com/profile_images/1392959662782353409/i-GFVnZK_normal.jpg", "name": "Karla Regand", "id": "233818692", "created_at": "2011-01-04T05:18:37.000Z", "url": "https://t.co/EQiGo3g4qh", "public_metrics": {"followers_count": 333, "following_count": 640, "tweet_count": 9063, "listed_count": 3}, "location": "Mexico City", "username": "karlaregand"}}, {"in_reply_to_user_id": "1063323768993517568", "source": "Twitter for Android", "entities": {"annotations": [{"start": 145, "end": 155, "probability": 0.9906, "type": "Person", "normalized_text": "Johnny Deep"}], "mentions": [{"start": 17, "end": 32, "username": "realamberheard", "id": "807003567605227520"}, {"start": 33, "end": 40, "username": "thrive", "id": "2317939272"}, {"start": 41, "end": 53, "username": "ariannahuff", "id": "21982720"}]}, "referenced_tweets": [{"type": "replied_to", "id": "1129377678996443136"}], "author_id": "2411655860", "id": "1129385505169334272", "created_at": "2019-05-17T13:57:42.000Z", "public_metrics": {"retweet_count": 0, "reply_count": 3, "like_count": 0, "quote_count": 0}, "text": "@Parvati53138389 @realamberheard @thrive @ariannahuff Of how blessed it is to be both stupid and ignorant of that garbage you have on your neck. Johnny Deep abused her. End of discussion.", "lang": "en", "replied_tweet": {"source": "Twitter for iPad", "author_id": "807003567605227520", "id": "1129333156430209024", "entities": {"urls": [{"start": 157, "end": 180, "url": "https://t.co/JuzdfrLKVk", "expanded_url": "https://thriveglobal.com/stories/amber-heard-thrive-diary-secrets-negativity-advice-younger-self/", "display_url": "thriveglobal.com/stories/amber-\u2026", "status": 200, "unwound_url": "https://thriveglobal.com/stories/amber-heard-thrive-diary-secrets-negativity-advice-younger-self/"}], "mentions": [{"start": 55, "end": 62, "username": "thrive", "id": "2317939272"}, {"start": 69, "end": 81, "username": "ariannahuff", "id": "21982720"}]}, "created_at": "2019-05-17T10:29:41.000Z", "public_metrics": {"retweet_count": 66, "reply_count": 18, "like_count": 473, "quote_count": 3}, "text": "Was so happy to stop by and hang with the amazing team @thrive after @ariannahuff invited me to swing by and start joining the conversation. Such an honor!  https://t.co/JuzdfrLKVk", "lang": "en", "author": {"description": "Actor and Activist, semi-professional disruptor, ice cream advocate and shameless teacup yorkie-lover", "profile_image_url": "https://pbs.twimg.com/profile_images/1383196364792680448/N8CdupEu_normal.jpg", "name": "Amber Heard", "id": "807003567605227520", "created_at": "2016-12-08T23:26:58.000Z", "url": "https://t.co/Ze18Ek9SOI", "public_metrics": {"followers_count": 190464, "following_count": 220, "tweet_count": 1151, "listed_count": 568}, "location": "Los Angeles, CA", "username": "realamberheard"}}, "author": {"description": "I loved River and hate Friends.", "profile_image_url": "https://pbs.twimg.com/profile_images/1013723146044747776/SaEqAFcE_normal.jpg", "name": "john foley", "id": "2411655860", "created_at": "2014-03-25T23:00:42.000Z", "url": "", "public_metrics": {"followers_count": 23, "following_count": 150, "tweet_count": 2280, "listed_count": 0}, "location": "Plant City, FL", "username": "TruthseekerJohn"}}, {"in_reply_to_user_id": "1063323768993517568", "source": "Twitter for Android", "referenced_tweets": [{"type": "replied_to", "id": "1129348540294205441"}], "author_id": "2411655860", "id": "1129376918426591233", "created_at": "2019-05-17T13:23:34.000Z", "public_metrics": {"retweet_count": 0, "reply_count": 0, "like_count": 0, "quote_count": 0}, "entities": {"mentions": [{"start": 17, "end": 32, "username": "realamberheard", "id": "807003567605227520"}, {"start": 33, "end": 40, "username": "thrive", "id": "2317939272"}, {"start": 41, "end": 53, "username": "ariannahuff", "id": "21982720"}]}, "text": "@Parvati53138389 @realamberheard @thrive @ariannahuff A powerful retort well balanced argument by you showing the depth of your understanding.", "lang": "en", "replied_tweet": {"source": "Twitter for iPad", "author_id": "807003567605227520", "id": "1129333156430209024", "entities": {"urls": [{"start": 157, "end": 180, "url": "https://t.co/JuzdfrLKVk", "expanded_url": "https://thriveglobal.com/stories/amber-heard-thrive-diary-secrets-negativity-advice-younger-self/", "display_url": "thriveglobal.com/stories/amber-\u2026", "status": 200, "unwound_url": "https://thriveglobal.com/stories/amber-heard-thrive-diary-secrets-negativity-advice-younger-self/"}], "mentions": [{"start": 55, "end": 62, "username": "thrive", "id": "2317939272"}, {"start": 69, "end": 81, "username": "ariannahuff", "id": "21982720"}]}, "created_at": "2019-05-17T10:29:41.000Z", "public_metrics": {"retweet_count": 66, "reply_count": 18, "like_count": 473, "quote_count": 3}, "text": "Was so happy to stop by and hang with the amazing team @thrive after @ariannahuff invited me to swing by and start joining the conversation. Such an honor!  https://t.co/JuzdfrLKVk", "lang": "en", "author": {"description": "Actor and Activist, semi-professional disruptor, ice cream advocate and shameless teacup yorkie-lover", "profile_image_url": "https://pbs.twimg.com/profile_images/1383196364792680448/N8CdupEu_normal.jpg", "name": "Amber Heard", "id": "807003567605227520", "created_at": "2016-12-08T23:26:58.000Z", "url": "https://t.co/Ze18Ek9SOI", "public_metrics": {"followers_count": 190464, "following_count": 220, "tweet_count": 1151, "listed_count": 568}, "location": "Los Angeles, CA", "username": "realamberheard"}}, "author": {"description": "I loved River and hate Friends.", "profile_image_url": "https://pbs.twimg.com/profile_images/1013723146044747776/SaEqAFcE_normal.jpg", "name": "john foley", "id": "2411655860", "created_at": "2014-03-25T23:00:42.000Z", "url": "", "public_metrics": {"followers_count": 23, "following_count": 150, "tweet_count": 2280, "listed_count": 0}, "location": "Plant City, FL", "username": "TruthseekerJohn"}}, {"in_reply_to_user_id": "807003567605227520", "source": "Twitter for Android", "referenced_tweets": [{"type": "replied_to", "id": "1129333156430209024"}], "author_id": "4396120342", "id": "1129372730346954753", "created_at": "2019-05-17T13:06:56.000Z", "public_metrics": {"retweet_count": 0, "reply_count": 0, "like_count": 0, "quote_count": 0}, "entities": {"mentions": [{"start": 0, "end": 15, "username": "realamberheard", "id": "807003567605227520"}, {"start": 16, "end": 23, "username": "thrive", "id": "2317939272"}, {"start": 24, "end": 36, "username": "ariannahuff", "id": "21982720"}]}, "text": "@realamberheard @thrive @ariannahuff Lovely interview \ud83d\udc4d", "lang": "en", "replied_tweet": {"source": "Twitter for iPad", "author_id": "807003567605227520", "id": "1129333156430209024", "entities": {"urls": [{"start": 157, "end": 180, "url": "https://t.co/JuzdfrLKVk", "expanded_url": "https://thriveglobal.com/stories/amber-heard-thrive-diary-secrets-negativity-advice-younger-self/", "display_url": "thriveglobal.com/stories/amber-\u2026", "status": 200, "unwound_url": "https://thriveglobal.com/stories/amber-heard-thrive-diary-secrets-negativity-advice-younger-self/"}], "mentions": [{"start": 55, "end": 62, "username": "thrive", "id": "2317939272"}, {"start": 69, "end": 81, "username": "ariannahuff", "id": "21982720"}]}, "created_at": "2019-05-17T10:29:41.000Z", "public_metrics": {"retweet_count": 66, "reply_count": 18, "like_count": 473, "quote_count": 3}, "text": "Was so happy to stop by and hang with the amazing team @thrive after @ariannahuff invited me to swing by and start joining the conversation. Such an honor!  https://t.co/JuzdfrLKVk", "lang": "en", "author": {"description": "Actor and Activist, semi-professional disruptor, ice cream advocate and shameless teacup yorkie-lover", "profile_image_url": "https://pbs.twimg.com/profile_images/1383196364792680448/N8CdupEu_normal.jpg", "name": "Amber Heard", "id": "807003567605227520", "created_at": "2016-12-08T23:26:58.000Z", "url": "https://t.co/Ze18Ek9SOI", "public_metrics": {"followers_count": 190464, "following_count": 220, "tweet_count": 1151, "listed_count": 568}, "location": "Los Angeles, CA", "username": "realamberheard"}}, "author": {"description": "Only two things are infinite, the universe and human stupidity, and I'm not sure about the former. - Albert Einstein and Me!", "profile_image_url": "https://pbs.twimg.com/profile_images/1378175478478082050/UKLiQPuk_normal.jpg", "name": "STIRGUS SACCHETTI", "id": "4396120342", "created_at": "2015-12-06T17:21:06.000Z", "url": "", "public_metrics": {"followers_count": 678, "following_count": 296, "tweet_count": 58622, "listed_count": 26}, "username": "stirgussa"}}, {"in_reply_to_user_id": "807003567605227520", "source": "Twitter Web Client", "entities": {"annotations": [{"start": 37, "end": 41, "probability": 0.8907, "type": "Person", "normalized_text": "Amber"}], "mentions": [{"start": 0, "end": 15, "username": "realamberheard", "id": "807003567605227520"}, {"start": 16, "end": 23, "username": "thrive", "id": "2317939272"}, {"start": 24, "end": 36, "username": "ariannahuff", "id": "21982720"}]}, "referenced_tweets": [{"type": "replied_to", "id": "1129333156430209024"}], "author_id": "531670422", "id": "1129352276110450688", "created_at": "2019-05-17T11:45:39.000Z", "public_metrics": {"retweet_count": 0, "reply_count": 0, "like_count": 0, "quote_count": 0}, "text": "@realamberheard @thrive @ariannahuff Amber, proud of you!", "lang": "en", "replied_tweet": {"source": "Twitter for iPad", "author_id": "807003567605227520", "id": "1129333156430209024", "entities": {"urls": [{"start": 157, "end": 180, "url": "https://t.co/JuzdfrLKVk", "expanded_url": "https://thriveglobal.com/stories/amber-heard-thrive-diary-secrets-negativity-advice-younger-self/", "display_url": "thriveglobal.com/stories/amber-\u2026", "status": 200, "unwound_url": "https://thriveglobal.com/stories/amber-heard-thrive-diary-secrets-negativity-advice-younger-self/"}], "mentions": [{"start": 55, "end": 62, "username": "thrive", "id": "2317939272"}, {"start": 69, "end": 81, "username": "ariannahuff", "id": "21982720"}]}, "created_at": "2019-05-17T10:29:41.000Z", "public_metrics": {"retweet_count": 66, "reply_count": 18, "like_count": 473, "quote_count": 3}, "text": "Was so happy to stop by and hang with the amazing team @thrive after @ariannahuff invited me to swing by and start joining the conversation. Such an honor!  https://t.co/JuzdfrLKVk", "lang": "en", "author": {"description": "Actor and Activist, semi-professional disruptor, ice cream advocate and shameless teacup yorkie-lover", "profile_image_url": "https://pbs.twimg.com/profile_images/1383196364792680448/N8CdupEu_normal.jpg", "name": "Amber Heard", "id": "807003567605227520", "created_at": "2016-12-08T23:26:58.000Z", "url": "https://t.co/Ze18Ek9SOI", "public_metrics": {"followers_count": 190464, "following_count": 220, "tweet_count": 1151, "listed_count": 568}, "location": "Los Angeles, CA", "username": "realamberheard"}}, "author": {"description": "", "profile_image_url": "https://pbs.twimg.com/profile_images/1436275515103526917/SFik1VLu_normal.jpg", "name": "Denis Tsekhovich", "id": "531670422", "created_at": "2012-03-20T19:51:33.000Z", "url": "https://t.co/PPW1cnJMU1", "public_metrics": {"followers_count": 4, "following_count": 17, "tweet_count": 774, "listed_count": 0}, "username": "dentsekhovich"}}, {"in_reply_to_user_id": "807003567605227520", "source": "Twitter Web App", "referenced_tweets": [{"type": "replied_to", "id": "1129333156430209024"}], "author_id": "1120114201404506112", "id": "1129351328289808384", "created_at": "2019-05-17T11:41:53.000Z", "public_metrics": {"retweet_count": 0, "reply_count": 0, "like_count": 0, "quote_count": 0}, "entities": {"mentions": [{"start": 0, "end": 15, "username": "realamberheard", "id": "807003567605227520"}, {"start": 16, "end": 23, "username": "thrive", "id": "2317939272"}, {"start": 24, "end": 36, "username": "ariannahuff", "id": "21982720"}]}, "text": "@realamberheard @thrive @ariannahuff \ud83d\ude04\ud83d\ude04\ud83d\ude04\ud83e\udd17\ud83d\ude07 Amber \u00bfcomo estas? Espero que te encuentres bien te queremos mucho aqui en \ud83c\uddf2\ud83c\uddfd gracias por ayudarnos \ud83d\udc4d\ud83d\udc4d\ud83d\udc90\ud83d\udc90\ud83d\udc90\ud83d\udc90\ud83d\udc90\ud83d\udc90\ud83d\udc99\ud83d\udc9c\ud83d\udc9b\u2764\ud83d\udc9a", "lang": "es", "replied_tweet": {"source": "Twitter for iPad", "author_id": "807003567605227520", "id": "1129333156430209024", "entities": {"urls": [{"start": 157, "end": 180, "url": "https://t.co/JuzdfrLKVk", "expanded_url": "https://thriveglobal.com/stories/amber-heard-thrive-diary-secrets-negativity-advice-younger-self/", "display_url": "thriveglobal.com/stories/amber-\u2026", "status": 200, "unwound_url": "https://thriveglobal.com/stories/amber-heard-thrive-diary-secrets-negativity-advice-younger-self/"}], "mentions": [{"start": 55, "end": 62, "username": "thrive", "id": "2317939272"}, {"start": 69, "end": 81, "username": "ariannahuff", "id": "21982720"}]}, "created_at": "2019-05-17T10:29:41.000Z", "public_metrics": {"retweet_count": 66, "reply_count": 18, "like_count": 473, "quote_count": 3}, "text": "Was so happy to stop by and hang with the amazing team @thrive after @ariannahuff invited me to swing by and start joining the conversation. Such an honor!  https://t.co/JuzdfrLKVk", "lang": "en", "author": {"description": "Actor and Activist, semi-professional disruptor, ice cream advocate and shameless teacup yorkie-lover", "profile_image_url": "https://pbs.twimg.com/profile_images/1383196364792680448/N8CdupEu_normal.jpg", "name": "Amber Heard", "id": "807003567605227520", "created_at": "2016-12-08T23:26:58.000Z", "url": "https://t.co/Ze18Ek9SOI", "public_metrics": {"followers_count": 190464, "following_count": 220, "tweet_count": 1151, "listed_count": 568}, "location": "Los Angeles, CA", "username": "realamberheard"}}, "author": {"description": "", "profile_image_url": "https://pbs.twimg.com/profile_images/1377050191719710721/-BKIU6Zv_normal.jpg", "name": "Enrique ramirez", "id": "1120114201404506112", "created_at": "2019-04-21T23:56:51.000Z", "url": "", "public_metrics": {"followers_count": 63, "following_count": 304, "tweet_count": 2076, "listed_count": 0}, "location": "Puebla mexico", "username": "Enrique62175188"}}, {"in_reply_to_user_id": "807003567605227520", "source": "Twitter Web Client", "referenced_tweets": [{"type": "replied_to", "id": "1129333156430209024"}], "author_id": "3216078659", "id": "1129347219776081920", "created_at": "2019-05-17T11:25:34.000Z", "public_metrics": {"retweet_count": 0, "reply_count": 0, "like_count": 0, "quote_count": 0}, "entities": {"mentions": [{"start": 0, "end": 15, "username": "realamberheard", "id": "807003567605227520"}, {"start": 16, "end": 23, "username": "thrive", "id": "2317939272"}, {"start": 24, "end": 36, "username": "ariannahuff", "id": "21982720"}, {"start": 55, "end": 70, "username": "realamberheard", "id": "807003567605227520"}]}, "text": "@realamberheard @thrive @ariannahuff \"It's amazing how @realamberheard looks so gorgeous,\" I'm so happy that you've read and liked that. It really is amazing how you always look so gorgeous!\ud83d\udc96", "lang": "en", "replied_tweet": {"source": "Twitter for iPad", "author_id": "807003567605227520", "id": "1129333156430209024", "entities": {"urls": [{"start": 157, "end": 180, "url": "https://t.co/JuzdfrLKVk", "expanded_url": "https://thriveglobal.com/stories/amber-heard-thrive-diary-secrets-negativity-advice-younger-self/", "display_url": "thriveglobal.com/stories/amber-\u2026", "status": 200, "unwound_url": "https://thriveglobal.com/stories/amber-heard-thrive-diary-secrets-negativity-advice-younger-self/"}], "mentions": [{"start": 55, "end": 62, "username": "thrive", "id": "2317939272"}, {"start": 69, "end": 81, "username": "ariannahuff", "id": "21982720"}]}, "created_at": "2019-05-17T10:29:41.000Z", "public_metrics": {"retweet_count": 66, "reply_count": 18, "like_count": 473, "quote_count": 3}, "text": "Was so happy to stop by and hang with the amazing team @thrive after @ariannahuff invited me to swing by and start joining the conversation. Such an honor!  https://t.co/JuzdfrLKVk", "lang": "en", "author": {"description": "Actor and Activist, semi-professional disruptor, ice cream advocate and shameless teacup yorkie-lover", "profile_image_url": "https://pbs.twimg.com/profile_images/1383196364792680448/N8CdupEu_normal.jpg", "name": "Amber Heard", "id": "807003567605227520", "created_at": "2016-12-08T23:26:58.000Z", "url": "https://t.co/Ze18Ek9SOI", "public_metrics": {"followers_count": 190464, "following_count": 220, "tweet_count": 1151, "listed_count": 568}, "location": "Los Angeles, CA", "username": "realamberheard"}}, "author": {"description": "On the internet, you can be pretty much anything you want, it's just kinda weird that so many people choose to be idiots and assholes", "profile_image_url": "https://pbs.twimg.com/profile_images/1501219816522219520/SQVX3N2b_normal.jpg", "name": "GGCIR8991", "id": "3216078659", "created_at": "2015-04-28T07:17:35.000Z", "url": "", "public_metrics": {"followers_count": 1464, "following_count": 1324, "tweet_count": 163149, "listed_count": 17}, "username": "GGCIR8991"}}, {"in_reply_to_user_id": "1096366964", "source": "Twitter Web Client", "referenced_tweets": [{"type": "replied_to", "id": "1129333348541898752"}], "author_id": "3216078659", "id": "1129343080564383744", "created_at": "2019-05-17T11:09:07.000Z", "public_metrics": {"retweet_count": 0, "reply_count": 0, "like_count": 0, "quote_count": 0}, "entities": {"mentions": [{"start": 0, "end": 14, "username": "legomaiemfasi", "id": "1096366964"}, {"start": 15, "end": 30, "username": "realamberheard", "id": "807003567605227520"}, {"start": 31, "end": 38, "username": "thrive", "id": "2317939272"}, {"start": 39, "end": 51, "username": "ariannahuff", "id": "21982720"}, {"start": 66, "end": 81, "username": "realamberheard", "id": "807003567605227520"}]}, "text": "@legomaiemfasi @realamberheard @thrive @ariannahuff Yeah, me too. @realamberheard really deserves to thrive!\ud83d\udc96", "lang": "en", "replied_tweet": {"source": "Twitter for iPad", "author_id": "807003567605227520", "id": "1129333156430209024", "entities": {"urls": [{"start": 157, "end": 180, "url": "https://t.co/JuzdfrLKVk", "expanded_url": "https://thriveglobal.com/stories/amber-heard-thrive-diary-secrets-negativity-advice-younger-self/", "display_url": "thriveglobal.com/stories/amber-\u2026", "status": 200, "unwound_url": "https://thriveglobal.com/stories/amber-heard-thrive-diary-secrets-negativity-advice-younger-self/"}], "mentions": [{"start": 55, "end": 62, "username": "thrive", "id": "2317939272"}, {"start": 69, "end": 81, "username": "ariannahuff", "id": "21982720"}]}, "created_at": "2019-05-17T10:29:41.000Z", "public_metrics": {"retweet_count": 66, "reply_count": 18, "like_count": 473, "quote_count": 3}, "text": "Was so happy to stop by and hang with the amazing team @thrive after @ariannahuff invited me to swing by and start joining the conversation. Such an honor!  https://t.co/JuzdfrLKVk", "lang": "en", "author": {"description": "Actor and Activist, semi-professional disruptor, ice cream advocate and shameless teacup yorkie-lover", "profile_image_url": "https://pbs.twimg.com/profile_images/1383196364792680448/N8CdupEu_normal.jpg", "name": "Amber Heard", "id": "807003567605227520", "created_at": "2016-12-08T23:26:58.000Z", "url": "https://t.co/Ze18Ek9SOI", "public_metrics": {"followers_count": 190464, "following_count": 220, "tweet_count": 1151, "listed_count": 568}, "location": "Los Angeles, CA", "username": "realamberheard"}}, "author": {"description": "On the internet, you can be pretty much anything you want, it's just kinda weird that so many people choose to be idiots and assholes", "profile_image_url": "https://pbs.twimg.com/profile_images/1501219816522219520/SQVX3N2b_normal.jpg", "name": "GGCIR8991", "id": "3216078659", "created_at": "2015-04-28T07:17:35.000Z", "url": "", "public_metrics": {"followers_count": 1464, "following_count": 1324, "tweet_count": 163149, "listed_count": 17}, "username": "GGCIR8991"}}, {"in_reply_to_user_id": "807003567605227520", "source": "Twitter for Android", "referenced_tweets": [{"type": "replied_to", "id": "1129333156430209024"}], "author_id": "2411655860", "id": "1129342269889437697", "created_at": "2019-05-17T11:05:53.000Z", "public_metrics": {"retweet_count": 0, "reply_count": 0, "like_count": 1, "quote_count": 0}, "entities": {"mentions": [{"start": 0, "end": 15, "username": "realamberheard", "id": "807003567605227520"}, {"start": 16, "end": 23, "username": "thrive", "id": "2317939272"}, {"start": 24, "end": 36, "username": "ariannahuff", "id": "21982720"}]}, "text": "@realamberheard @thrive @ariannahuff Difference between want to be scared to admit and truthseekers like you.", "lang": "en", "replied_tweet": {"source": "Twitter for iPad", "author_id": "807003567605227520", "id": "1129333156430209024", "entities": {"urls": [{"start": 157, "end": 180, "url": "https://t.co/JuzdfrLKVk", "expanded_url": "https://thriveglobal.com/stories/amber-heard-thrive-diary-secrets-negativity-advice-younger-self/", "display_url": "thriveglobal.com/stories/amber-\u2026", "status": 200, "unwound_url": "https://thriveglobal.com/stories/amber-heard-thrive-diary-secrets-negativity-advice-younger-self/"}], "mentions": [{"start": 55, "end": 62, "username": "thrive", "id": "2317939272"}, {"start": 69, "end": 81, "username": "ariannahuff", "id": "21982720"}]}, "created_at": "2019-05-17T10:29:41.000Z", "public_metrics": {"retweet_count": 66, "reply_count": 18, "like_count": 473, "quote_count": 3}, "text": "Was so happy to stop by and hang with the amazing team @thrive after @ariannahuff invited me to swing by and start joining the conversation. Such an honor!  https://t.co/JuzdfrLKVk", "lang": "en", "author": {"description": "Actor and Activist, semi-professional disruptor, ice cream advocate and shameless teacup yorkie-lover", "profile_image_url": "https://pbs.twimg.com/profile_images/1383196364792680448/N8CdupEu_normal.jpg", "name": "Amber Heard", "id": "807003567605227520", "created_at": "2016-12-08T23:26:58.000Z", "url": "https://t.co/Ze18Ek9SOI", "public_metrics": {"followers_count": 190464, "following_count": 220, "tweet_count": 1151, "listed_count": 568}, "location": "Los Angeles, CA", "username": "realamberheard"}}, "author": {"description": "I loved River and hate Friends.", "profile_image_url": "https://pbs.twimg.com/profile_images/1013723146044747776/SaEqAFcE_normal.jpg", "name": "john foley", "id": "2411655860", "created_at": "2014-03-25T23:00:42.000Z", "url": "", "public_metrics": {"followers_count": 23, "following_count": 150, "tweet_count": 2280, "listed_count": 0}, "location": "Plant City, FL", "username": "TruthseekerJohn"}}, {"in_reply_to_user_id": "940459573105823744", "source": "Twitter Web Client", "referenced_tweets": [{"type": "replied_to", "id": "1129334278767095808"}], "author_id": "3216078659", "id": "1129337001759498240", "created_at": "2019-05-17T10:44:57.000Z", "public_metrics": {"retweet_count": 0, "reply_count": 0, "like_count": 0, "quote_count": 0}, "entities": {"mentions": [{"start": 13, "end": 28, "username": "realamberheard", "id": "807003567605227520"}, {"start": 29, "end": 36, "username": "thrive", "id": "2317939272"}, {"start": 37, "end": 49, "username": "ariannahuff", "id": "21982720"}]}, "text": "@Niceguy9490 @realamberheard @thrive @ariannahuff I really dig her thoughts on those things that she was interviewed about, and I like her honesty that she's \"a jumble of many, many, many things \u2014 a collection of good and bad.\"", "lang": "en", "replied_tweet": {"source": "Twitter for iPad", "author_id": "807003567605227520", "id": "1129333156430209024", "entities": {"urls": [{"start": 157, "end": 180, "url": "https://t.co/JuzdfrLKVk", "expanded_url": "https://thriveglobal.com/stories/amber-heard-thrive-diary-secrets-negativity-advice-younger-self/", "display_url": "thriveglobal.com/stories/amber-\u2026", "status": 200, "unwound_url": "https://thriveglobal.com/stories/amber-heard-thrive-diary-secrets-negativity-advice-younger-self/"}], "mentions": [{"start": 55, "end": 62, "username": "thrive", "id": "2317939272"}, {"start": 69, "end": 81, "username": "ariannahuff", "id": "21982720"}]}, "created_at": "2019-05-17T10:29:41.000Z", "public_metrics": {"retweet_count": 66, "reply_count": 18, "like_count": 473, "quote_count": 3}, "text": "Was so happy to stop by and hang with the amazing team @thrive after @ariannahuff invited me to swing by and start joining the conversation. Such an honor!  https://t.co/JuzdfrLKVk", "lang": "en", "author": {"description": "Actor and Activist, semi-professional disruptor, ice cream advocate and shameless teacup yorkie-lover", "profile_image_url": "https://pbs.twimg.com/profile_images/1383196364792680448/N8CdupEu_normal.jpg", "name": "Amber Heard", "id": "807003567605227520", "created_at": "2016-12-08T23:26:58.000Z", "url": "https://t.co/Ze18Ek9SOI", "public_metrics": {"followers_count": 190464, "following_count": 220, "tweet_count": 1151, "listed_count": 568}, "location": "Los Angeles, CA", "username": "realamberheard"}}, "author": {"description": "On the internet, you can be pretty much anything you want, it's just kinda weird that so many people choose to be idiots and assholes", "profile_image_url": "https://pbs.twimg.com/profile_images/1501219816522219520/SQVX3N2b_normal.jpg", "name": "GGCIR8991", "id": "3216078659", "created_at": "2015-04-28T07:17:35.000Z", "url": "", "public_metrics": {"followers_count": 1464, "following_count": 1324, "tweet_count": 163149, "listed_count": 17}, "username": "GGCIR8991"}}, {"in_reply_to_user_id": "807003567605227520", "source": "Twitter Web Client", "referenced_tweets": [{"type": "replied_to", "id": "1129333156430209024"}], "author_id": "3216078659", "id": "1129335801446162432", "created_at": "2019-05-17T10:40:11.000Z", "public_metrics": {"retweet_count": 0, "reply_count": 0, "like_count": 1, "quote_count": 0}, "entities": {"mentions": [{"start": 0, "end": 15, "username": "realamberheard", "id": "807003567605227520"}, {"start": 16, "end": 23, "username": "thrive", "id": "2317939272"}, {"start": 24, "end": 36, "username": "ariannahuff", "id": "21982720"}]}, "text": "@realamberheard @thrive @ariannahuff \"I don\u2019t thrive without inspiration, challenge, and purpose,\" same as I. I really dig your thoughts on those things that you were interviewed about, and I like your honesty that you're \"a jumble of many, many, many things \u2014 a collection of good and bad.\" ILYSM!\ud83d\udc96", "lang": "en", "replied_tweet": {"source": "Twitter for iPad", "author_id": "807003567605227520", "id": "1129333156430209024", "entities": {"urls": [{"start": 157, "end": 180, "url": "https://t.co/JuzdfrLKVk", "expanded_url": "https://thriveglobal.com/stories/amber-heard-thrive-diary-secrets-negativity-advice-younger-self/", "display_url": "thriveglobal.com/stories/amber-\u2026", "status": 200, "unwound_url": "https://thriveglobal.com/stories/amber-heard-thrive-diary-secrets-negativity-advice-younger-self/"}], "mentions": [{"start": 55, "end": 62, "username": "thrive", "id": "2317939272"}, {"start": 69, "end": 81, "username": "ariannahuff", "id": "21982720"}]}, "created_at": "2019-05-17T10:29:41.000Z", "public_metrics": {"retweet_count": 66, "reply_count": 18, "like_count": 473, "quote_count": 3}, "text": "Was so happy to stop by and hang with the amazing team @thrive after @ariannahuff invited me to swing by and start joining the conversation. Such an honor!  https://t.co/JuzdfrLKVk", "lang": "en", "author": {"description": "Actor and Activist, semi-professional disruptor, ice cream advocate and shameless teacup yorkie-lover", "profile_image_url": "https://pbs.twimg.com/profile_images/1383196364792680448/N8CdupEu_normal.jpg", "name": "Amber Heard", "id": "807003567605227520", "created_at": "2016-12-08T23:26:58.000Z", "url": "https://t.co/Ze18Ek9SOI", "public_metrics": {"followers_count": 190464, "following_count": 220, "tweet_count": 1151, "listed_count": 568}, "location": "Los Angeles, CA", "username": "realamberheard"}}, "author": {"description": "On the internet, you can be pretty much anything you want, it's just kinda weird that so many people choose to be idiots and assholes", "profile_image_url": "https://pbs.twimg.com/profile_images/1501219816522219520/SQVX3N2b_normal.jpg", "name": "GGCIR8991", "id": "3216078659", "created_at": "2015-04-28T07:17:35.000Z", "url": "", "public_metrics": {"followers_count": 1464, "following_count": 1324, "tweet_count": 163149, "listed_count": 17}, "username": "GGCIR8991"}}, {"in_reply_to_user_id": "807003567605227520", "source": "Twitter for Android", "referenced_tweets": [{"type": "replied_to", "id": "1129333156430209024"}], "author_id": "940459573105823744", "id": "1129334278767095808", "created_at": "2019-05-17T10:34:08.000Z", "public_metrics": {"retweet_count": 0, "reply_count": 1, "like_count": 4, "quote_count": 0}, "entities": {"mentions": [{"start": 0, "end": 15, "username": "realamberheard", "id": "807003567605227520"}, {"start": 16, "end": 23, "username": "thrive", "id": "2317939272"}, {"start": 24, "end": 36, "username": "ariannahuff", "id": "21982720"}]}, "text": "@realamberheard @thrive @ariannahuff Always amazing to hear you and not mincing your words to speak about the things important to you. You'll always be my inspiration. \ud83d\ude4f\u263a\ufe0f", "lang": "en", "replied_tweet": {"source": "Twitter for iPad", "author_id": "807003567605227520", "id": "1129333156430209024", "entities": {"urls": [{"start": 157, "end": 180, "url": "https://t.co/JuzdfrLKVk", "expanded_url": "https://thriveglobal.com/stories/amber-heard-thrive-diary-secrets-negativity-advice-younger-self/", "display_url": "thriveglobal.com/stories/amber-\u2026", "status": 200, "unwound_url": "https://thriveglobal.com/stories/amber-heard-thrive-diary-secrets-negativity-advice-younger-self/"}], "mentions": [{"start": 55, "end": 62, "username": "thrive", "id": "2317939272"}, {"start": 69, "end": 81, "username": "ariannahuff", "id": "21982720"}]}, "created_at": "2019-05-17T10:29:41.000Z", "public_metrics": {"retweet_count": 66, "reply_count": 18, "like_count": 473, "quote_count": 3}, "text": "Was so happy to stop by and hang with the amazing team @thrive after @ariannahuff invited me to swing by and start joining the conversation. Such an honor!  https://t.co/JuzdfrLKVk", "lang": "en", "author": {"description": "Actor and Activist, semi-professional disruptor, ice cream advocate and shameless teacup yorkie-lover", "profile_image_url": "https://pbs.twimg.com/profile_images/1383196364792680448/N8CdupEu_normal.jpg", "name": "Amber Heard", "id": "807003567605227520", "created_at": "2016-12-08T23:26:58.000Z", "url": "https://t.co/Ze18Ek9SOI", "public_metrics": {"followers_count": 190464, "following_count": 220, "tweet_count": 1151, "listed_count": 568}, "location": "Los Angeles, CA", "username": "realamberheard"}}, "author": {"description": "| \\W/estworld |\n\nhe/him | Fan Account |\n#IStandWithAmberHeard\n#IStandWithUkraine", "profile_image_url": "https://pbs.twimg.com/profile_images/1478739279056556039/0Kn_xg4O_normal.jpg", "name": "MUKUL", "id": "940459573105823744", "created_at": "2017-12-12T05:53:29.000Z", "url": "", "public_metrics": {"followers_count": 1379, "following_count": 1009, "tweet_count": 37436, "listed_count": 15}, "username": "RealMukul"}}, {"in_reply_to_user_id": "807003567605227520", "source": "Twitter for iPhone", "referenced_tweets": [{"type": "replied_to", "id": "1129333156430209024"}], "author_id": "1096366964", "id": "1129333348541898752", "created_at": "2019-05-17T10:30:26.000Z", "public_metrics": {"retweet_count": 0, "reply_count": 1, "like_count": 1, "quote_count": 0}, "entities": {"mentions": [{"start": 0, "end": 15, "username": "realamberheard", "id": "807003567605227520"}, {"start": 16, "end": 23, "username": "thrive", "id": "2317939272"}, {"start": 24, "end": 36, "username": "ariannahuff", "id": "21982720"}]}, "text": "@realamberheard @thrive @ariannahuff I\u2019m happy to see you thrive \ud83d\udc4f\ud83c\udffb\ud83d\udc95", "lang": "en", "replied_tweet": {"source": "Twitter for iPad", "author_id": "807003567605227520", "id": "1129333156430209024", "entities": {"urls": [{"start": 157, "end": 180, "url": "https://t.co/JuzdfrLKVk", "expanded_url": "https://thriveglobal.com/stories/amber-heard-thrive-diary-secrets-negativity-advice-younger-self/", "display_url": "thriveglobal.com/stories/amber-\u2026", "status": 200, "unwound_url": "https://thriveglobal.com/stories/amber-heard-thrive-diary-secrets-negativity-advice-younger-self/"}], "mentions": [{"start": 55, "end": 62, "username": "thrive", "id": "2317939272"}, {"start": 69, "end": 81, "username": "ariannahuff", "id": "21982720"}]}, "created_at": "2019-05-17T10:29:41.000Z", "public_metrics": {"retweet_count": 66, "reply_count": 18, "like_count": 473, "quote_count": 3}, "text": "Was so happy to stop by and hang with the amazing team @thrive after @ariannahuff invited me to swing by and start joining the conversation. Such an honor!  https://t.co/JuzdfrLKVk", "lang": "en", "author": {"description": "Actor and Activist, semi-professional disruptor, ice cream advocate and shameless teacup yorkie-lover", "profile_image_url": "https://pbs.twimg.com/profile_images/1383196364792680448/N8CdupEu_normal.jpg", "name": "Amber Heard", "id": "807003567605227520", "created_at": "2016-12-08T23:26:58.000Z", "url": "https://t.co/Ze18Ek9SOI", "public_metrics": {"followers_count": 190464, "following_count": 220, "tweet_count": 1151, "listed_count": 568}, "location": "Los Angeles, CA", "username": "realamberheard"}}, "author": {"description": "crying inside/demotivated", "profile_image_url": "https://pbs.twimg.com/profile_images/1380495128813535235/FEYfnPyI_normal.jpg", "name": "dorito", "id": "1096366964", "created_at": "2013-01-16T21:09:58.000Z", "url": "", "public_metrics": {"followers_count": 172, "following_count": 68, "tweet_count": 10015, "listed_count": 0}, "location": "\ud83e\udd8b\ud83e\udd96", "username": "legomaiemfasi"}}]