[{"in_reply_to_user_id": "1061431335057788929", "source": "Twitter Web App", "referenced_tweets": [{"type": "replied_to", "id": "1132410028017762305"}], "author_id": "847762217546137600", "id": "1132453948881661952", "created_at": "2019-05-26T01:10:36.000Z", "public_metrics": {"retweet_count": 0, "reply_count": 1, "like_count": 1, "quote_count": 0}, "entities": {"mentions": [{"start": 0, "end": 14, "username": "Tao_Of_Images", "id": "1061431335057788929"}, {"start": 15, "end": 30, "username": "realamberheard", "id": "807003567605227520"}]}, "text": "@Tao_Of_Images @realamberheard Certain things and people can cause fear, but your artwork is nice:/\n\nI did not really like a certain website and made \u201cdifferent\u201d tweets for a time. Security guards can be mysterious, scary...\n\nFriends can help though move away from strange situations\n\nAH wasn\u2019t given anything.", "lang": "en", "replied_tweet": {"source": "Twitter for iPhone", "entities": {"annotations": [{"start": 20, "end": 21, "probability": 0.8541, "type": "Place", "normalized_text": "DC"}], "urls": [{"start": 59, "end": 82, "url": "https://t.co/I908ap8ZAj", "expanded_url": "https://twitter.com/HollylJacobs/status/1131200107838398464", "display_url": "twitter.com/HollylJacobs/s\u2026"}], "hashtags": [{"start": 9, "end": 16, "tag": "SHIELD"}], "mentions": [{"start": 44, "end": 58, "username": "CCRInitiative", "id": "1675936765"}]}, "referenced_tweets": [{"type": "quoted", "id": "1131200107838398464"}], "author_id": "807003567605227520", "id": "1131209932991340549", "created_at": "2019-05-22T14:47:19.000Z", "public_metrics": {"retweet_count": 26, "reply_count": 18, "like_count": 278, "quote_count": 1}, "text": "Bringing #SHIELD to DC!! Happy day, indeed! @CCRInitiative https://t.co/I908ap8ZAj", "lang": "en", "author": {"description": "Actor and Activist, semi-professional disruptor, ice cream advocate and shameless teacup yorkie-lover", "profile_image_url": "https://pbs.twimg.com/profile_images/1383196364792680448/N8CdupEu_normal.jpg", "name": "Amber Heard", "id": "807003567605227520", "created_at": "2016-12-08T23:26:58.000Z", "url": "https://t.co/Ze18Ek9SOI", "public_metrics": {"followers_count": 190464, "following_count": 220, "tweet_count": 1151, "listed_count": 568}, "location": "Los Angeles, CA", "username": "realamberheard"}}, "author": {"description": "#Founder Social Media for Good ~ https://t.co/7SykGO7PSU\ud83d\ude80Better World #CEO\u2708Innovator\ud83c\udf89#Egalitarian\ud83c\udfb8#Entrepreneur\ud83d\udc2c#Tech\ud83c\udfd6#Futurist\ud83d\udca1#Motivationology\u2600\ufe0f#Data\ud83e\udde1#WomenInPower", "profile_image_url": "https://pbs.twimg.com/profile_images/1180185247884824576/3Zvt_F6Y_normal.jpg", "name": "Christina Taft \ud83e\uddecCEO\ud83c\udfd6\ud83c\udfb6\u2708\ufe0f", "id": "847762217546137600", "created_at": "2017-03-31T10:47:18.000Z", "url": "https://t.co/7SykGO7PSU", "public_metrics": {"followers_count": 2649, "following_count": 4555, "tweet_count": 32729, "listed_count": 21}, "location": "Worldie.com & International \ud83d\ude80", "username": "XTinaTaft"}}, {"in_reply_to_user_id": "2724444422", "source": "Twitter for Android", "referenced_tweets": [{"type": "replied_to", "id": "1131210934993719299"}], "author_id": "3349833134", "id": "1132098930995531776", "created_at": "2019-05-25T01:39:53.000Z", "public_metrics": {"retweet_count": 0, "reply_count": 0, "like_count": 0, "quote_count": 0}, "entities": {"mentions": [{"start": 0, "end": 12, "username": "amberheardn", "id": "1141110115589865472"}, {"start": 13, "end": 28, "username": "realamberheard", "id": "807003567605227520"}, {"start": 29, "end": 43, "username": "CCRInitiative", "id": "1675936765"}]}, "text": "@amberheardn @realamberheard @CCRInitiative She don't deserve respect she's an abusive piece of trash. A scum. She's gonna lose everything over this and I can't wait \ud83d\ude02", "lang": "en", "replied_tweet": {"source": "Twitter for iPhone", "entities": {"annotations": [{"start": 20, "end": 21, "probability": 0.8541, "type": "Place", "normalized_text": "DC"}], "urls": [{"start": 59, "end": 82, "url": "https://t.co/I908ap8ZAj", "expanded_url": "https://twitter.com/HollylJacobs/status/1131200107838398464", "display_url": "twitter.com/HollylJacobs/s\u2026"}], "hashtags": [{"start": 9, "end": 16, "tag": "SHIELD"}], "mentions": [{"start": 44, "end": 58, "username": "CCRInitiative", "id": "1675936765"}]}, "referenced_tweets": [{"type": "quoted", "id": "1131200107838398464"}], "author_id": "807003567605227520", "id": "1131209932991340549", "created_at": "2019-05-22T14:47:19.000Z", "public_metrics": {"retweet_count": 26, "reply_count": 18, "like_count": 278, "quote_count": 1}, "text": "Bringing #SHIELD to DC!! Happy day, indeed! @CCRInitiative https://t.co/I908ap8ZAj", "lang": "en", "author": {"description": "Actor and Activist, semi-professional disruptor, ice cream advocate and shameless teacup yorkie-lover", "profile_image_url": "https://pbs.twimg.com/profile_images/1383196364792680448/N8CdupEu_normal.jpg", "name": "Amber Heard", "id": "807003567605227520", "created_at": "2016-12-08T23:26:58.000Z", "url": "https://t.co/Ze18Ek9SOI", "public_metrics": {"followers_count": 190464, "following_count": 220, "tweet_count": 1151, "listed_count": 568}, "location": "Los Angeles, CA", "username": "realamberheard"}}, "author": {"description": "", "profile_image_url": "https://pbs.twimg.com/profile_images/678100157938991108/Y3ZqZsXc_normal.jpg", "name": "Bobby moore", "id": "3349833134", "created_at": "2015-08-26T15:43:27.000Z", "url": "", "public_metrics": {"followers_count": 40, "following_count": 216, "tweet_count": 198, "listed_count": 0}, "location": "Beachwood, NJ", "username": "Bobbymo98376777"}}, {"in_reply_to_user_id": "1061431335057788929", "source": "Twitter Web App", "entities": {"annotations": [{"start": 287, "end": 293, "probability": 0.9904, "type": "Place", "normalized_text": "America"}], "hashtags": [{"start": 246, "end": 257, "tag": "AmberHeard"}, {"start": 265, "end": 272, "tag": "rights"}], "mentions": [{"start": 0, "end": 14, "username": "Tao_Of_Images", "id": "1061431335057788929"}, {"start": 15, "end": 30, "username": "realamberheard", "id": "807003567605227520"}]}, "referenced_tweets": [{"type": "replied_to", "id": "1132053834577141762"}], "author_id": "847762217546137600", "id": "1132055153459130368", "created_at": "2019-05-24T22:45:55.000Z", "public_metrics": {"retweet_count": 0, "reply_count": 1, "like_count": 1, "quote_count": 0}, "text": "@Tao_Of_Images @realamberheard From a lot of your posts, you talk a lot about getting victimized by strangers. I\u2019m not sure where you live, but only meet up with FRIENDS you KNOW or people TRUSTWORTHY who won\u2019t report, exploit, or rip you off. \n\n#AmberHeard is for #rights, but she\u2019s in America. \n\nLots of slime", "lang": "en", "replied_tweet": {"source": "Twitter for iPhone", "entities": {"annotations": [{"start": 20, "end": 21, "probability": 0.8541, "type": "Place", "normalized_text": "DC"}], "urls": [{"start": 59, "end": 82, "url": "https://t.co/I908ap8ZAj", "expanded_url": "https://twitter.com/HollylJacobs/status/1131200107838398464", "display_url": "twitter.com/HollylJacobs/s\u2026"}], "hashtags": [{"start": 9, "end": 16, "tag": "SHIELD"}], "mentions": [{"start": 44, "end": 58, "username": "CCRInitiative", "id": "1675936765"}]}, "referenced_tweets": [{"type": "quoted", "id": "1131200107838398464"}], "author_id": "807003567605227520", "id": "1131209932991340549", "created_at": "2019-05-22T14:47:19.000Z", "public_metrics": {"retweet_count": 26, "reply_count": 18, "like_count": 278, "quote_count": 1}, "text": "Bringing #SHIELD to DC!! Happy day, indeed! @CCRInitiative https://t.co/I908ap8ZAj", "lang": "en", "author": {"description": "Actor and Activist, semi-professional disruptor, ice cream advocate and shameless teacup yorkie-lover", "profile_image_url": "https://pbs.twimg.com/profile_images/1383196364792680448/N8CdupEu_normal.jpg", "name": "Amber Heard", "id": "807003567605227520", "created_at": "2016-12-08T23:26:58.000Z", "url": "https://t.co/Ze18Ek9SOI", "public_metrics": {"followers_count": 190464, "following_count": 220, "tweet_count": 1151, "listed_count": 568}, "location": "Los Angeles, CA", "username": "realamberheard"}}, "author": {"description": "#Founder Social Media for Good ~ https://t.co/7SykGO7PSU\ud83d\ude80Better World #CEO\u2708Innovator\ud83c\udf89#Egalitarian\ud83c\udfb8#Entrepreneur\ud83d\udc2c#Tech\ud83c\udfd6#Futurist\ud83d\udca1#Motivationology\u2600\ufe0f#Data\ud83e\udde1#WomenInPower", "profile_image_url": "https://pbs.twimg.com/profile_images/1180185247884824576/3Zvt_F6Y_normal.jpg", "name": "Christina Taft \ud83e\uddecCEO\ud83c\udfd6\ud83c\udfb6\u2708\ufe0f", "id": "847762217546137600", "created_at": "2017-03-31T10:47:18.000Z", "url": "https://t.co/7SykGO7PSU", "public_metrics": {"followers_count": 2649, "following_count": 4555, "tweet_count": 32729, "listed_count": 21}, "location": "Worldie.com & International \ud83d\ude80", "username": "XTinaTaft"}}, {"in_reply_to_user_id": "807003567605227520", "source": "Twitter Web App", "referenced_tweets": [{"type": "replied_to", "id": "1131209932991340549"}], "author_id": "1131663866432299008", "id": "1132015709322653696", "entities": {"urls": [{"start": 125, "end": 148, "url": "https://t.co/Ze2BBKjEsG", "expanded_url": "https://twitter.com/J0ddie/status/1130803455751335937?s=20", "display_url": "twitter.com/J0ddie/status/\u2026"}], "mentions": [{"start": 0, "end": 15, "username": "realamberheard", "id": "807003567605227520"}, {"start": 16, "end": 30, "username": "CCRInitiative", "id": "1675936765"}]}, "created_at": "2019-05-24T20:09:11.000Z", "public_metrics": {"retweet_count": 0, "reply_count": 0, "like_count": 2, "quote_count": 0}, "text": "@realamberheard @CCRInitiative Ironic how a woman who leaked disproven smear images now representing an anti-smear campaign. https://t.co/Ze2BBKjEsG", "lang": "en", "replied_tweet": {"source": "Twitter for iPhone", "entities": {"annotations": [{"start": 20, "end": 21, "probability": 0.8541, "type": "Place", "normalized_text": "DC"}], "urls": [{"start": 59, "end": 82, "url": "https://t.co/I908ap8ZAj", "expanded_url": "https://twitter.com/HollylJacobs/status/1131200107838398464", "display_url": "twitter.com/HollylJacobs/s\u2026"}], "hashtags": [{"start": 9, "end": 16, "tag": "SHIELD"}], "mentions": [{"start": 44, "end": 58, "username": "CCRInitiative", "id": "1675936765"}]}, "referenced_tweets": [{"type": "quoted", "id": "1131200107838398464"}], "author_id": "807003567605227520", "id": "1131209932991340549", "created_at": "2019-05-22T14:47:19.000Z", "public_metrics": {"retweet_count": 26, "reply_count": 18, "like_count": 278, "quote_count": 1}, "text": "Bringing #SHIELD to DC!! Happy day, indeed! @CCRInitiative https://t.co/I908ap8ZAj", "lang": "en", "author": {"description": "Actor and Activist, semi-professional disruptor, ice cream advocate and shameless teacup yorkie-lover", "profile_image_url": "https://pbs.twimg.com/profile_images/1383196364792680448/N8CdupEu_normal.jpg", "name": "Amber Heard", "id": "807003567605227520", "created_at": "2016-12-08T23:26:58.000Z", "url": "https://t.co/Ze18Ek9SOI", "public_metrics": {"followers_count": 190464, "following_count": 220, "tweet_count": 1151, "listed_count": 568}, "location": "Los Angeles, CA", "username": "realamberheard"}}, "author": {"description": "Parent. Equal rights Equal pay Employer. Wife. set this account up due to my perceived inadequacy of the press reporting on Johnny Depp. Do not have JD posters", "profile_image_url": "https://pbs.twimg.com/profile_images/1131664247698677760/fg7jZjEl_normal.jpg", "name": "Evolved", "id": "1131663866432299008", "created_at": "2019-05-23T20:51:05.000Z", "url": "", "public_metrics": {"followers_count": 21, "following_count": 29, "tweet_count": 1406, "listed_count": 1}, "location": "London", "username": "Evolved71245694"}}, {"in_reply_to_user_id": "1061431335057788929", "source": "Twitter Web App", "referenced_tweets": [{"type": "replied_to", "id": "1131990207711125505"}], "author_id": "847762217546137600", "id": "1132007387945005056", "created_at": "2019-05-24T19:36:07.000Z", "public_metrics": {"retweet_count": 0, "reply_count": 0, "like_count": 0, "quote_count": 0}, "entities": {"mentions": [{"start": 0, "end": 14, "username": "Tao_Of_Images", "id": "1061431335057788929"}, {"start": 15, "end": 30, "username": "realamberheard", "id": "807003567605227520"}]}, "text": "@Tao_Of_Images @realamberheard Don\u2019t go meeting anyone..", "lang": "en", "replied_tweet": {"source": "Twitter for iPhone", "entities": {"annotations": [{"start": 20, "end": 21, "probability": 0.8541, "type": "Place", "normalized_text": "DC"}], "urls": [{"start": 59, "end": 82, "url": "https://t.co/I908ap8ZAj", "expanded_url": "https://twitter.com/HollylJacobs/status/1131200107838398464", "display_url": "twitter.com/HollylJacobs/s\u2026"}], "hashtags": [{"start": 9, "end": 16, "tag": "SHIELD"}], "mentions": [{"start": 44, "end": 58, "username": "CCRInitiative", "id": "1675936765"}]}, "referenced_tweets": [{"type": "quoted", "id": "1131200107838398464"}], "author_id": "807003567605227520", "id": "1131209932991340549", "created_at": "2019-05-22T14:47:19.000Z", "public_metrics": {"retweet_count": 26, "reply_count": 18, "like_count": 278, "quote_count": 1}, "text": "Bringing #SHIELD to DC!! Happy day, indeed! @CCRInitiative https://t.co/I908ap8ZAj", "lang": "en", "author": {"description": "Actor and Activist, semi-professional disruptor, ice cream advocate and shameless teacup yorkie-lover", "profile_image_url": "https://pbs.twimg.com/profile_images/1383196364792680448/N8CdupEu_normal.jpg", "name": "Amber Heard", "id": "807003567605227520", "created_at": "2016-12-08T23:26:58.000Z", "url": "https://t.co/Ze18Ek9SOI", "public_metrics": {"followers_count": 190464, "following_count": 220, "tweet_count": 1151, "listed_count": 568}, "location": "Los Angeles, CA", "username": "realamberheard"}}, "author": {"description": "#Founder Social Media for Good ~ https://t.co/7SykGO7PSU\ud83d\ude80Better World #CEO\u2708Innovator\ud83c\udf89#Egalitarian\ud83c\udfb8#Entrepreneur\ud83d\udc2c#Tech\ud83c\udfd6#Futurist\ud83d\udca1#Motivationology\u2600\ufe0f#Data\ud83e\udde1#WomenInPower", "profile_image_url": "https://pbs.twimg.com/profile_images/1180185247884824576/3Zvt_F6Y_normal.jpg", "name": "Christina Taft \ud83e\uddecCEO\ud83c\udfd6\ud83c\udfb6\u2708\ufe0f", "id": "847762217546137600", "created_at": "2017-03-31T10:47:18.000Z", "url": "https://t.co/7SykGO7PSU", "public_metrics": {"followers_count": 2649, "following_count": 4555, "tweet_count": 32729, "listed_count": 21}, "location": "Worldie.com & International \ud83d\ude80", "username": "XTinaTaft"}}, {"in_reply_to_user_id": "807003567605227520", "source": "Twitter Web App", "entities": {"annotations": [{"start": 180, "end": 191, "probability": 0.8389, "type": "Person", "normalized_text": "Johnny depps"}], "urls": [{"start": 217, "end": 240, "url": "https://t.co/Ze2BBKjEsG", "expanded_url": "https://twitter.com/J0ddie/status/1130803455751335937?s=20", "display_url": "twitter.com/J0ddie/status/\u2026"}], "mentions": [{"start": 0, "end": 15, "username": "realamberheard", "id": "807003567605227520"}, {"start": 16, "end": 30, "username": "CCRInitiative", "id": "1675936765"}]}, "referenced_tweets": [{"type": "replied_to", "id": "1131209932991340549"}], "author_id": "1131663866432299008", "id": "1131796844848328704", "created_at": "2019-05-24T05:39:30.000Z", "public_metrics": {"retweet_count": 0, "reply_count": 0, "like_count": 1, "quote_count": 0}, "text": "@realamberheard @CCRInitiative Ironic how a woman who \u201cleaks\u201d proven faked abuse images now represents an anti-smear campaign? She rode the domestic abuse horse too. Be just! Read Johnny depps court filing found here https://t.co/Ze2BBKjEsG", "lang": "en", "replied_tweet": {"source": "Twitter for iPhone", "entities": {"annotations": [{"start": 20, "end": 21, "probability": 0.8541, "type": "Place", "normalized_text": "DC"}], "urls": [{"start": 59, "end": 82, "url": "https://t.co/I908ap8ZAj", "expanded_url": "https://twitter.com/HollylJacobs/status/1131200107838398464", "display_url": "twitter.com/HollylJacobs/s\u2026"}], "hashtags": [{"start": 9, "end": 16, "tag": "SHIELD"}], "mentions": [{"start": 44, "end": 58, "username": "CCRInitiative", "id": "1675936765"}]}, "referenced_tweets": [{"type": "quoted", "id": "1131200107838398464"}], "author_id": "807003567605227520", "id": "1131209932991340549", "created_at": "2019-05-22T14:47:19.000Z", "public_metrics": {"retweet_count": 26, "reply_count": 18, "like_count": 278, "quote_count": 1}, "text": "Bringing #SHIELD to DC!! Happy day, indeed! @CCRInitiative https://t.co/I908ap8ZAj", "lang": "en", "author": {"description": "Actor and Activist, semi-professional disruptor, ice cream advocate and shameless teacup yorkie-lover", "profile_image_url": "https://pbs.twimg.com/profile_images/1383196364792680448/N8CdupEu_normal.jpg", "name": "Amber Heard", "id": "807003567605227520", "created_at": "2016-12-08T23:26:58.000Z", "url": "https://t.co/Ze18Ek9SOI", "public_metrics": {"followers_count": 190464, "following_count": 220, "tweet_count": 1151, "listed_count": 568}, "location": "Los Angeles, CA", "username": "realamberheard"}}, "author": {"description": "Parent. Equal rights Equal pay Employer. Wife. set this account up due to my perceived inadequacy of the press reporting on Johnny Depp. Do not have JD posters", "profile_image_url": "https://pbs.twimg.com/profile_images/1131664247698677760/fg7jZjEl_normal.jpg", "name": "Evolved", "id": "1131663866432299008", "created_at": "2019-05-23T20:51:05.000Z", "url": "", "public_metrics": {"followers_count": 21, "following_count": 29, "tweet_count": 1406, "listed_count": 1}, "location": "London", "username": "Evolved71245694"}}, {"in_reply_to_user_id": "1061431335057788929", "source": "Twitter Web Client", "referenced_tweets": [{"type": "replied_to", "id": "1131677537418055680"}], "author_id": "847762217546137600", "id": "1131684461307781120", "created_at": "2019-05-23T22:12:55.000Z", "entities": {"hashtags": [{"start": 78, "end": 88, "tag": "exploited"}], "mentions": [{"start": 0, "end": 14, "username": "Tao_Of_Images", "id": "1061431335057788929"}, {"start": 15, "end": 30, "username": "realamberheard", "id": "807003567605227520"}, {"start": 31, "end": 45, "username": "CCRInitiative", "id": "1675936765"}]}, "public_metrics": {"retweet_count": 0, "reply_count": 2, "like_count": 0, "quote_count": 0}, "text": "@Tao_Of_Images @realamberheard @CCRInitiative I'm sorry that you keep getting #exploited. Time to put up some DEFENSES.", "lang": "en", "replied_tweet": {"source": "Twitter for iPhone", "entities": {"annotations": [{"start": 20, "end": 21, "probability": 0.8541, "type": "Place", "normalized_text": "DC"}], "urls": [{"start": 59, "end": 82, "url": "https://t.co/I908ap8ZAj", "expanded_url": "https://twitter.com/HollylJacobs/status/1131200107838398464", "display_url": "twitter.com/HollylJacobs/s\u2026"}], "hashtags": [{"start": 9, "end": 16, "tag": "SHIELD"}], "mentions": [{"start": 44, "end": 58, "username": "CCRInitiative", "id": "1675936765"}]}, "referenced_tweets": [{"type": "quoted", "id": "1131200107838398464"}], "author_id": "807003567605227520", "id": "1131209932991340549", "created_at": "2019-05-22T14:47:19.000Z", "public_metrics": {"retweet_count": 26, "reply_count": 18, "like_count": 278, "quote_count": 1}, "text": "Bringing #SHIELD to DC!! Happy day, indeed! @CCRInitiative https://t.co/I908ap8ZAj", "lang": "en", "author": {"description": "Actor and Activist, semi-professional disruptor, ice cream advocate and shameless teacup yorkie-lover", "profile_image_url": "https://pbs.twimg.com/profile_images/1383196364792680448/N8CdupEu_normal.jpg", "name": "Amber Heard", "id": "807003567605227520", "created_at": "2016-12-08T23:26:58.000Z", "url": "https://t.co/Ze18Ek9SOI", "public_metrics": {"followers_count": 190464, "following_count": 220, "tweet_count": 1151, "listed_count": 568}, "location": "Los Angeles, CA", "username": "realamberheard"}}, "author": {"description": "#Founder Social Media for Good ~ https://t.co/7SykGO7PSU\ud83d\ude80Better World #CEO\u2708Innovator\ud83c\udf89#Egalitarian\ud83c\udfb8#Entrepreneur\ud83d\udc2c#Tech\ud83c\udfd6#Futurist\ud83d\udca1#Motivationology\u2600\ufe0f#Data\ud83e\udde1#WomenInPower", "profile_image_url": "https://pbs.twimg.com/profile_images/1180185247884824576/3Zvt_F6Y_normal.jpg", "name": "Christina Taft \ud83e\uddecCEO\ud83c\udfd6\ud83c\udfb6\u2708\ufe0f", "id": "847762217546137600", "created_at": "2017-03-31T10:47:18.000Z", "url": "https://t.co/7SykGO7PSU", "public_metrics": {"followers_count": 2649, "following_count": 4555, "tweet_count": 32729, "listed_count": 21}, "location": "Worldie.com & International \ud83d\ude80", "username": "XTinaTaft"}}, {"in_reply_to_user_id": "807003567605227520", "source": "Twitter for iPhone", "referenced_tweets": [{"type": "replied_to", "id": "1131209932991340549"}], "author_id": "2184435335", "id": "1131593622078599168", "created_at": "2019-05-23T16:11:58.000Z", "entities": {"hashtags": [{"start": 31, "end": 52, "tag": "JusticeForJohnnyDepp"}, {"start": 53, "end": 74, "tag": "JohnnyDeppIsInnocent"}], "mentions": [{"start": 0, "end": 15, "username": "realamberheard", "id": "807003567605227520"}, {"start": 16, "end": 30, "username": "CCRInitiative", "id": "1675936765"}]}, "public_metrics": {"retweet_count": 1, "reply_count": 0, "like_count": 1, "quote_count": 0}, "text": "@realamberheard @CCRInitiative #JusticeForJohnnyDepp #JohnnyDeppIsInnocent", "lang": "und", "replied_tweet": {"source": "Twitter for iPhone", "entities": {"annotations": [{"start": 20, "end": 21, "probability": 0.8541, "type": "Place", "normalized_text": "DC"}], "urls": [{"start": 59, "end": 82, "url": "https://t.co/I908ap8ZAj", "expanded_url": "https://twitter.com/HollylJacobs/status/1131200107838398464", "display_url": "twitter.com/HollylJacobs/s\u2026"}], "hashtags": [{"start": 9, "end": 16, "tag": "SHIELD"}], "mentions": [{"start": 44, "end": 58, "username": "CCRInitiative", "id": "1675936765"}]}, "referenced_tweets": [{"type": "quoted", "id": "1131200107838398464"}], "author_id": "807003567605227520", "id": "1131209932991340549", "created_at": "2019-05-22T14:47:19.000Z", "public_metrics": {"retweet_count": 26, "reply_count": 18, "like_count": 278, "quote_count": 1}, "text": "Bringing #SHIELD to DC!! Happy day, indeed! @CCRInitiative https://t.co/I908ap8ZAj", "lang": "en", "author": {"description": "Actor and Activist, semi-professional disruptor, ice cream advocate and shameless teacup yorkie-lover", "profile_image_url": "https://pbs.twimg.com/profile_images/1383196364792680448/N8CdupEu_normal.jpg", "name": "Amber Heard", "id": "807003567605227520", "created_at": "2016-12-08T23:26:58.000Z", "url": "https://t.co/Ze18Ek9SOI", "public_metrics": {"followers_count": 190464, "following_count": 220, "tweet_count": 1151, "listed_count": 568}, "location": "Los Angeles, CA", "username": "realamberheard"}}, "author": {"description": "Girl 22 y.o. Italy \u201cIt\u2019s only a dream \ud83d\udcab\u201d @inter \ud83d\udda4\ud83d\udc99 ~ Team LH 44 \ud83d\udc9c @lewishamilton~ @marcmarquez93 \ud83e\udde1~@mengonimarco \ud83e\udd0e", "profile_image_url": "https://pbs.twimg.com/profile_images/1504396171187470344/5kaLlHPX_normal.jpg", "name": "\u0192a \ud83d\udda4\ud83d\udc99 \ud83c\udfc6 #TeamLH \ud83d\udc9c", "id": "2184435335", "created_at": "2013-11-17T11:24:19.000Z", "url": "", "public_metrics": {"followers_count": 1868, "following_count": 1172, "tweet_count": 60109, "listed_count": 20}, "location": "Italy ", "username": "falightwood"}}, {"in_reply_to_user_id": "807003567605227520", "source": "Twitter for Android", "entities": {"annotations": [{"start": 200, "end": 204, "probability": 0.7989, "type": "Person", "normalized_text": "Amber"}, {"start": 245, "end": 255, "probability": 0.9933, "type": "Person", "normalized_text": "Johnny Depp"}], "urls": [{"start": 281, "end": 304, "url": "https://t.co/7yQ2sfC6my", "expanded_url": "https://twitter.com/Sarah_Zarin/status/1131487876376481792/photo/1", "display_url": "pic.twitter.com/7yQ2sfC6my"}], "hashtags": [{"start": 177, "end": 198, "tag": "AmberHeardIsAnAbuser"}, {"start": 258, "end": 280, "tag": "JohnnyDeppIsASurvivor"}], "mentions": [{"start": 0, "end": 15, "username": "realamberheard", "id": "807003567605227520"}, {"start": 16, "end": 30, "username": "CCRInitiative", "id": "1675936765"}]}, "referenced_tweets": [{"type": "replied_to", "id": "1131209932991340549"}], "author_id": "1110053201775128586", "id": "1131487876376481792", "created_at": "2019-05-23T09:11:46.000Z", "public_metrics": {"retweet_count": 0, "reply_count": 0, "like_count": 2, "quote_count": 0}, "text": "@realamberheard @CCRInitiative Liar manipulative abusive piece of shit...can you hear the echo of your destruction? Time is up abuser.Even your own shadow started to leave you. #AmberHeardIsAnAbuser \nAmber Heard admitted under oath that she hit Johnny Depp.\n#JohnnyDeppIsASurvivor https://t.co/7yQ2sfC6my", "lang": "en", "replied_tweet": {"source": "Twitter for iPhone", "entities": {"annotations": [{"start": 20, "end": 21, "probability": 0.8541, "type": "Place", "normalized_text": "DC"}], "urls": [{"start": 59, "end": 82, "url": "https://t.co/I908ap8ZAj", "expanded_url": "https://twitter.com/HollylJacobs/status/1131200107838398464", "display_url": "twitter.com/HollylJacobs/s\u2026"}], "hashtags": [{"start": 9, "end": 16, "tag": "SHIELD"}], "mentions": [{"start": 44, "end": 58, "username": "CCRInitiative", "id": "1675936765"}]}, "referenced_tweets": [{"type": "quoted", "id": "1131200107838398464"}], "author_id": "807003567605227520", "id": "1131209932991340549", "created_at": "2019-05-22T14:47:19.000Z", "public_metrics": {"retweet_count": 26, "reply_count": 18, "like_count": 278, "quote_count": 1}, "text": "Bringing #SHIELD to DC!! Happy day, indeed! @CCRInitiative https://t.co/I908ap8ZAj", "lang": "en", "author": {"description": "Actor and Activist, semi-professional disruptor, ice cream advocate and shameless teacup yorkie-lover", "profile_image_url": "https://pbs.twimg.com/profile_images/1383196364792680448/N8CdupEu_normal.jpg", "name": "Amber Heard", "id": "807003567605227520", "created_at": "2016-12-08T23:26:58.000Z", "url": "https://t.co/Ze18Ek9SOI", "public_metrics": {"followers_count": 190464, "following_count": 220, "tweet_count": 1151, "listed_count": 568}, "location": "Los Angeles, CA", "username": "realamberheard"}}, "author": {"description": "Stuff I love #BritishPeriodDrama #JohnnyDepp #Lucifer #TheOriginals\nProud to be a part of my fabulous fandom.\ud83d\ude4c", "profile_image_url": "https://pbs.twimg.com/profile_images/1323360120894492677/0BIAJYWw_normal.jpg", "name": "S e r e i n", "id": "1110053201775128586", "created_at": "2019-03-25T05:38:01.000Z", "url": "", "public_metrics": {"followers_count": 307, "following_count": 243, "tweet_count": 10996, "listed_count": 0}, "location": "Geographically displaced", "username": "Sarah_Zarin"}}, {"in_reply_to_user_id": "807003567605227520", "source": "Twitter Web App", "referenced_tweets": [{"type": "replied_to", "id": "1131209932991340549"}], "author_id": "1120114201404506112", "id": "1131321290906849284", "created_at": "2019-05-22T22:09:49.000Z", "public_metrics": {"retweet_count": 0, "reply_count": 0, "like_count": 0, "quote_count": 0}, "entities": {"mentions": [{"start": 0, "end": 15, "username": "realamberheard", "id": "807003567605227520"}, {"start": 16, "end": 30, "username": "CCRInitiative", "id": "1675936765"}, {"start": 150, "end": 165, "username": "realamberheard", "id": "807003567605227520"}]}, "text": "@realamberheard @CCRInitiative Me alegro mucho eres genial siempre trabajas muy duro te admiro mucho espero que te encuentres bien \u2764\u2764\ud83d\udc4d\ud83d\udc4d\ud83d\udc4d\ud83d\udc4d\ud83d\udc4d\ud83d\udc4d\ud83d\udc4d\ud83d\udcaa\ud83d\udcaa\ud83d\udcaa\ud83d\udcaa\ud83d\udcaa\ud83d\udcaa\ud83c\udf0e\u2764\ud83d\ude09\n@realamberheard eres mi ejemplo a seguir \u2764\ud83d\udc4d\ud83d\udc4d\ud83d\udc4d", "lang": "es", "replied_tweet": {"source": "Twitter for iPhone", "entities": {"annotations": [{"start": 20, "end": 21, "probability": 0.8541, "type": "Place", "normalized_text": "DC"}], "urls": [{"start": 59, "end": 82, "url": "https://t.co/I908ap8ZAj", "expanded_url": "https://twitter.com/HollylJacobs/status/1131200107838398464", "display_url": "twitter.com/HollylJacobs/s\u2026"}], "hashtags": [{"start": 9, "end": 16, "tag": "SHIELD"}], "mentions": [{"start": 44, "end": 58, "username": "CCRInitiative", "id": "1675936765"}]}, "referenced_tweets": [{"type": "quoted", "id": "1131200107838398464"}], "author_id": "807003567605227520", "id": "1131209932991340549", "created_at": "2019-05-22T14:47:19.000Z", "public_metrics": {"retweet_count": 26, "reply_count": 18, "like_count": 278, "quote_count": 1}, "text": "Bringing #SHIELD to DC!! Happy day, indeed! @CCRInitiative https://t.co/I908ap8ZAj", "lang": "en", "author": {"description": "Actor and Activist, semi-professional disruptor, ice cream advocate and shameless teacup yorkie-lover", "profile_image_url": "https://pbs.twimg.com/profile_images/1383196364792680448/N8CdupEu_normal.jpg", "name": "Amber Heard", "id": "807003567605227520", "created_at": "2016-12-08T23:26:58.000Z", "url": "https://t.co/Ze18Ek9SOI", "public_metrics": {"followers_count": 190464, "following_count": 220, "tweet_count": 1151, "listed_count": 568}, "location": "Los Angeles, CA", "username": "realamberheard"}}, "author": {"description": "", "profile_image_url": "https://pbs.twimg.com/profile_images/1377050191719710721/-BKIU6Zv_normal.jpg", "name": "Enrique ramirez", "id": "1120114201404506112", "created_at": "2019-04-21T23:56:51.000Z", "url": "", "public_metrics": {"followers_count": 63, "following_count": 304, "tweet_count": 2076, "listed_count": 0}, "location": "Puebla mexico", "username": "Enrique62175188"}}, {"in_reply_to_user_id": "1119454844568260608", "source": "Twitter Web App", "entities": {"annotations": [{"start": 71, "end": 78, "probability": 0.6895, "type": "Place", "normalized_text": "Kentucky"}, {"start": 145, "end": 149, "probability": 0.4731, "type": "Person", "normalized_text": "Depp"}, {"start": 257, "end": 261, "probability": 0.9585, "type": "Place", "normalized_text": "Texas"}], "urls": [{"start": 303, "end": 326, "url": "https://t.co/xx4s3b3Dpl", "expanded_url": "https://www.rollingstone.com/movies/movie-features/the-trouble-with-johnny-depp-666010/", "display_url": "rollingstone.com/movies/movie-f\u2026"}], "hashtags": [{"start": 51, "end": 62, "tag": "JohnnyDepp"}, {"start": 169, "end": 181, "tag": "DonaldTrump"}, {"start": 237, "end": 248, "tag": "AmberHeard"}], "mentions": [{"start": 16, "end": 31, "username": "realamberheard", "id": "807003567605227520"}, {"start": 32, "end": 46, "username": "CCRInitiative", "id": "1675936765"}]}, "referenced_tweets": [{"type": "replied_to", "id": "1131229849694040065"}], "author_id": "847762217546137600", "id": "1131315805985988608", "created_at": "2019-05-22T21:48:01.000Z", "public_metrics": {"retweet_count": 0, "reply_count": 0, "like_count": 1, "quote_count": 0}, "text": "@deppheadlaughs @realamberheard @CCRInitiative ... #JohnnyDepp is from Kentucky. He said his parents\u2019 home became a ghost house bc of beatings. \n\nDepp openly threatened #DonaldTrump which cost 5ish of his staff to lose their 2nd jobs. \n\n#AmberHeard is from Texas and $$ doesn\u2019t define trustworthiness \n\nhttps://t.co/xx4s3b3Dpl", "lang": "en", "replied_tweet": {"source": "Twitter for iPhone", "entities": {"annotations": [{"start": 20, "end": 21, "probability": 0.8541, "type": "Place", "normalized_text": "DC"}], "urls": [{"start": 59, "end": 82, "url": "https://t.co/I908ap8ZAj", "expanded_url": "https://twitter.com/HollylJacobs/status/1131200107838398464", "display_url": "twitter.com/HollylJacobs/s\u2026"}], "hashtags": [{"start": 9, "end": 16, "tag": "SHIELD"}], "mentions": [{"start": 44, "end": 58, "username": "CCRInitiative", "id": "1675936765"}]}, "referenced_tweets": [{"type": "quoted", "id": "1131200107838398464"}], "author_id": "807003567605227520", "id": "1131209932991340549", "created_at": "2019-05-22T14:47:19.000Z", "public_metrics": {"retweet_count": 26, "reply_count": 18, "like_count": 278, "quote_count": 1}, "text": "Bringing #SHIELD to DC!! Happy day, indeed! @CCRInitiative https://t.co/I908ap8ZAj", "lang": "en", "author": {"description": "Actor and Activist, semi-professional disruptor, ice cream advocate and shameless teacup yorkie-lover", "profile_image_url": "https://pbs.twimg.com/profile_images/1383196364792680448/N8CdupEu_normal.jpg", "name": "Amber Heard", "id": "807003567605227520", "created_at": "2016-12-08T23:26:58.000Z", "url": "https://t.co/Ze18Ek9SOI", "public_metrics": {"followers_count": 190464, "following_count": 220, "tweet_count": 1151, "listed_count": 568}, "location": "Los Angeles, CA", "username": "realamberheard"}}, "author": {"description": "#Founder Social Media for Good ~ https://t.co/7SykGO7PSU\ud83d\ude80Better World #CEO\u2708Innovator\ud83c\udf89#Egalitarian\ud83c\udfb8#Entrepreneur\ud83d\udc2c#Tech\ud83c\udfd6#Futurist\ud83d\udca1#Motivationology\u2600\ufe0f#Data\ud83e\udde1#WomenInPower", "profile_image_url": "https://pbs.twimg.com/profile_images/1180185247884824576/3Zvt_F6Y_normal.jpg", "name": "Christina Taft \ud83e\uddecCEO\ud83c\udfd6\ud83c\udfb6\u2708\ufe0f", "id": "847762217546137600", "created_at": "2017-03-31T10:47:18.000Z", "url": "https://t.co/7SykGO7PSU", "public_metrics": {"followers_count": 2649, "following_count": 4555, "tweet_count": 32729, "listed_count": 21}, "location": "Worldie.com & International \ud83d\ude80", "username": "XTinaTaft"}}, {"in_reply_to_user_id": "807003567605227520", "source": "Twitter Web App", "entities": {"annotations": [{"start": 121, "end": 125, "probability": 0.9099, "type": "Person", "normalized_text": "Amber"}], "urls": [{"start": 288, "end": 311, "url": "https://t.co/jRipfZft32", "expanded_url": "https://m.facebook.com/story.php?story_fbid=473111350123542&id=99332606976&refid=52&__tn__=-R", "display_url": "m.facebook.com/story.php?stor\u2026", "status": 200, "unwound_url": "https://m.facebook.com/story.php?story_fbid=473111350123542&id=99332606976&refid=52&__tn__=-R"}], "hashtags": [{"start": 31, "end": 42, "tag": "AmberHeard"}, {"start": 105, "end": 115, "tag": "Criminals"}, {"start": 236, "end": 247, "tag": "harassment"}], "mentions": [{"start": 0, "end": 15, "username": "realamberheard", "id": "807003567605227520"}, {"start": 16, "end": 30, "username": "CCRInitiative", "id": "1675936765"}]}, "referenced_tweets": [{"type": "replied_to", "id": "1131209932991340549"}], "author_id": "847762217546137600", "id": "1131310964601606145", "created_at": "2019-05-22T21:28:47.000Z", "public_metrics": {"retweet_count": 0, "reply_count": 1, "like_count": 2, "quote_count": 0}, "text": "@realamberheard @CCRInitiative #AmberHeard starts talking around 13 min in this video to about 21 min! \n\n#Criminals took Amber\u2019s photos in 2014.\n\nThat\u2019s so typical to tell the woman in the story that there\u2019s no law. \n\nMake it part of a #harassment law. \n\nVictims cannot speak with fear.\n\nhttps://t.co/jRipfZft32", "lang": "en", "replied_tweet": {"source": "Twitter for iPhone", "entities": {"annotations": [{"start": 20, "end": 21, "probability": 0.8541, "type": "Place", "normalized_text": "DC"}], "urls": [{"start": 59, "end": 82, "url": "https://t.co/I908ap8ZAj", "expanded_url": "https://twitter.com/HollylJacobs/status/1131200107838398464", "display_url": "twitter.com/HollylJacobs/s\u2026"}], "hashtags": [{"start": 9, "end": 16, "tag": "SHIELD"}], "mentions": [{"start": 44, "end": 58, "username": "CCRInitiative", "id": "1675936765"}]}, "referenced_tweets": [{"type": "quoted", "id": "1131200107838398464"}], "author_id": "807003567605227520", "id": "1131209932991340549", "created_at": "2019-05-22T14:47:19.000Z", "public_metrics": {"retweet_count": 26, "reply_count": 18, "like_count": 278, "quote_count": 1}, "text": "Bringing #SHIELD to DC!! Happy day, indeed! @CCRInitiative https://t.co/I908ap8ZAj", "lang": "en", "author": {"description": "Actor and Activist, semi-professional disruptor, ice cream advocate and shameless teacup yorkie-lover", "profile_image_url": "https://pbs.twimg.com/profile_images/1383196364792680448/N8CdupEu_normal.jpg", "name": "Amber Heard", "id": "807003567605227520", "created_at": "2016-12-08T23:26:58.000Z", "url": "https://t.co/Ze18Ek9SOI", "public_metrics": {"followers_count": 190464, "following_count": 220, "tweet_count": 1151, "listed_count": 568}, "location": "Los Angeles, CA", "username": "realamberheard"}}, "author": {"description": "#Founder Social Media for Good ~ https://t.co/7SykGO7PSU\ud83d\ude80Better World #CEO\u2708Innovator\ud83c\udf89#Egalitarian\ud83c\udfb8#Entrepreneur\ud83d\udc2c#Tech\ud83c\udfd6#Futurist\ud83d\udca1#Motivationology\u2600\ufe0f#Data\ud83e\udde1#WomenInPower", "profile_image_url": "https://pbs.twimg.com/profile_images/1180185247884824576/3Zvt_F6Y_normal.jpg", "name": "Christina Taft \ud83e\uddecCEO\ud83c\udfd6\ud83c\udfb6\u2708\ufe0f", "id": "847762217546137600", "created_at": "2017-03-31T10:47:18.000Z", "url": "https://t.co/7SykGO7PSU", "public_metrics": {"followers_count": 2649, "following_count": 4555, "tweet_count": 32729, "listed_count": 21}, "location": "Worldie.com & International \ud83d\ude80", "username": "XTinaTaft"}}, {"in_reply_to_user_id": "807003567605227520", "source": "Twitter for Android", "referenced_tweets": [{"type": "replied_to", "id": "1131209932991340549"}], "author_id": "1129528455912148993", "id": "1131284845412442117", "created_at": "2019-05-22T19:45:00.000Z", "public_metrics": {"retweet_count": 0, "reply_count": 0, "like_count": 2, "quote_count": 0}, "entities": {"mentions": [{"start": 0, "end": 15, "username": "realamberheard", "id": "807003567605227520"}, {"start": 16, "end": 30, "username": "CCRInitiative", "id": "1675936765"}]}, "text": "@realamberheard @CCRInitiative I love you", "lang": "en", "replied_tweet": {"source": "Twitter for iPhone", "entities": {"annotations": [{"start": 20, "end": 21, "probability": 0.8541, "type": "Place", "normalized_text": "DC"}], "urls": [{"start": 59, "end": 82, "url": "https://t.co/I908ap8ZAj", "expanded_url": "https://twitter.com/HollylJacobs/status/1131200107838398464", "display_url": "twitter.com/HollylJacobs/s\u2026"}], "hashtags": [{"start": 9, "end": 16, "tag": "SHIELD"}], "mentions": [{"start": 44, "end": 58, "username": "CCRInitiative", "id": "1675936765"}]}, "referenced_tweets": [{"type": "quoted", "id": "1131200107838398464"}], "author_id": "807003567605227520", "id": "1131209932991340549", "created_at": "2019-05-22T14:47:19.000Z", "public_metrics": {"retweet_count": 26, "reply_count": 18, "like_count": 278, "quote_count": 1}, "text": "Bringing #SHIELD to DC!! Happy day, indeed! @CCRInitiative https://t.co/I908ap8ZAj", "lang": "en", "author": {"description": "Actor and Activist, semi-professional disruptor, ice cream advocate and shameless teacup yorkie-lover", "profile_image_url": "https://pbs.twimg.com/profile_images/1383196364792680448/N8CdupEu_normal.jpg", "name": "Amber Heard", "id": "807003567605227520", "created_at": "2016-12-08T23:26:58.000Z", "url": "https://t.co/Ze18Ek9SOI", "public_metrics": {"followers_count": 190464, "following_count": 220, "tweet_count": 1151, "listed_count": 568}, "location": "Los Angeles, CA", "username": "realamberheard"}}, "author": {"description": "Am a little star and to sing and entertain people is my dream and passion", "profile_image_url": "https://pbs.twimg.com/profile_images/1129529999252443137/Sk88b0MD_normal.jpg", "name": "Azizo Kizz", "id": "1129528455912148993", "created_at": "2019-05-17T23:25:44.000Z", "url": "", "public_metrics": {"followers_count": 1, "following_count": 7, "tweet_count": 10, "listed_count": 0}, "username": "AzizoKizz"}}, {"in_reply_to_user_id": "2724444422", "source": "Twitter Web App", "referenced_tweets": [{"type": "replied_to", "id": "1131210934993719299"}], "author_id": "3216078659", "id": "1131226204902531072", "created_at": "2019-05-22T15:51:59.000Z", "public_metrics": {"retweet_count": 0, "reply_count": 1, "like_count": 2, "quote_count": 0}, "entities": {"mentions": [{"start": 0, "end": 12, "username": "amberheardn", "id": "1141110115589865472"}, {"start": 13, "end": 28, "username": "realamberheard", "id": "807003567605227520"}, {"start": 29, "end": 43, "username": "CCRInitiative", "id": "1675936765"}, {"start": 50, "end": 65, "username": "realamberheard", "id": "807003567605227520"}]}, "text": "@amberheardn @realamberheard @CCRInitiative Queen @realamberheard, a strong, smart, and beautiful woman warrior who always stands up for what's right and always participates in fighting the good fight for it!\ud83d\udc96", "lang": "en", "replied_tweet": {"source": "Twitter for iPhone", "entities": {"annotations": [{"start": 20, "end": 21, "probability": 0.8541, "type": "Place", "normalized_text": "DC"}], "urls": [{"start": 59, "end": 82, "url": "https://t.co/I908ap8ZAj", "expanded_url": "https://twitter.com/HollylJacobs/status/1131200107838398464", "display_url": "twitter.com/HollylJacobs/s\u2026"}], "hashtags": [{"start": 9, "end": 16, "tag": "SHIELD"}], "mentions": [{"start": 44, "end": 58, "username": "CCRInitiative", "id": "1675936765"}]}, "referenced_tweets": [{"type": "quoted", "id": "1131200107838398464"}], "author_id": "807003567605227520", "id": "1131209932991340549", "created_at": "2019-05-22T14:47:19.000Z", "public_metrics": {"retweet_count": 26, "reply_count": 18, "like_count": 278, "quote_count": 1}, "text": "Bringing #SHIELD to DC!! Happy day, indeed! @CCRInitiative https://t.co/I908ap8ZAj", "lang": "en", "author": {"description": "Actor and Activist, semi-professional disruptor, ice cream advocate and shameless teacup yorkie-lover", "profile_image_url": "https://pbs.twimg.com/profile_images/1383196364792680448/N8CdupEu_normal.jpg", "name": "Amber Heard", "id": "807003567605227520", "created_at": "2016-12-08T23:26:58.000Z", "url": "https://t.co/Ze18Ek9SOI", "public_metrics": {"followers_count": 190464, "following_count": 220, "tweet_count": 1151, "listed_count": 568}, "location": "Los Angeles, CA", "username": "realamberheard"}}, "author": {"description": "On the internet, you can be pretty much anything you want, it's just kinda weird that so many people choose to be idiots and assholes", "profile_image_url": "https://pbs.twimg.com/profile_images/1501219816522219520/SQVX3N2b_normal.jpg", "name": "GGCIR8991", "id": "3216078659", "created_at": "2015-04-28T07:17:35.000Z", "url": "", "public_metrics": {"followers_count": 1464, "following_count": 1324, "tweet_count": 163149, "listed_count": 17}, "username": "GGCIR8991"}}, {"in_reply_to_user_id": "807003567605227520", "source": "Twitter for Android", "referenced_tweets": [{"type": "replied_to", "id": "1131209932991340549"}], "author_id": "4396120342", "id": "1131215981584498689", "entities": {"urls": [{"start": 34, "end": 57, "url": "https://t.co/4ZXDoeUdMS", "expanded_url": "https://twitter.com/stirgussa/status/1131215981584498689/photo/1", "display_url": "pic.twitter.com/4ZXDoeUdMS"}], "mentions": [{"start": 0, "end": 15, "username": "realamberheard", "id": "807003567605227520"}, {"start": 16, "end": 30, "username": "CCRInitiative", "id": "1675936765"}]}, "created_at": "2019-05-22T15:11:21.000Z", "public_metrics": {"retweet_count": 0, "reply_count": 0, "like_count": 2, "quote_count": 0}, "text": "@realamberheard @CCRInitiative \ud83d\udcaa\ud83d\udcaa https://t.co/4ZXDoeUdMS", "lang": "und", "replied_tweet": {"source": "Twitter for iPhone", "entities": {"annotations": [{"start": 20, "end": 21, "probability": 0.8541, "type": "Place", "normalized_text": "DC"}], "urls": [{"start": 59, "end": 82, "url": "https://t.co/I908ap8ZAj", "expanded_url": "https://twitter.com/HollylJacobs/status/1131200107838398464", "display_url": "twitter.com/HollylJacobs/s\u2026"}], "hashtags": [{"start": 9, "end": 16, "tag": "SHIELD"}], "mentions": [{"start": 44, "end": 58, "username": "CCRInitiative", "id": "1675936765"}]}, "referenced_tweets": [{"type": "quoted", "id": "1131200107838398464"}], "author_id": "807003567605227520", "id": "1131209932991340549", "created_at": "2019-05-22T14:47:19.000Z", "public_metrics": {"retweet_count": 26, "reply_count": 18, "like_count": 278, "quote_count": 1}, "text": "Bringing #SHIELD to DC!! Happy day, indeed! @CCRInitiative https://t.co/I908ap8ZAj", "lang": "en", "author": {"description": "Actor and Activist, semi-professional disruptor, ice cream advocate and shameless teacup yorkie-lover", "profile_image_url": "https://pbs.twimg.com/profile_images/1383196364792680448/N8CdupEu_normal.jpg", "name": "Amber Heard", "id": "807003567605227520", "created_at": "2016-12-08T23:26:58.000Z", "url": "https://t.co/Ze18Ek9SOI", "public_metrics": {"followers_count": 190464, "following_count": 220, "tweet_count": 1151, "listed_count": 568}, "location": "Los Angeles, CA", "username": "realamberheard"}}, "author": {"description": "Only two things are infinite, the universe and human stupidity, and I'm not sure about the former. - Albert Einstein and Me!", "profile_image_url": "https://pbs.twimg.com/profile_images/1378175478478082050/UKLiQPuk_normal.jpg", "name": "STIRGUS SACCHETTI", "id": "4396120342", "created_at": "2015-12-06T17:21:06.000Z", "url": "", "public_metrics": {"followers_count": 678, "following_count": 296, "tweet_count": 58622, "listed_count": 26}, "username": "stirgussa"}}, {"in_reply_to_user_id": "807003567605227520", "source": "Twitter Web App", "referenced_tweets": [{"type": "replied_to", "id": "1131209932991340549"}], "author_id": "1050721822092812289", "id": "1131215563559178242", "created_at": "2019-05-22T15:09:41.000Z", "entities": {"hashtags": [{"start": 105, "end": 126, "tag": "AmberHeardIsAnAbuser"}, {"start": 127, "end": 145, "tag": "AmberHeardIsALiar"}, {"start": 146, "end": 165, "tag": "amberheardisafraud"}, {"start": 166, "end": 187, "tag": "AmberHeardIsAnAbuser"}], "mentions": [{"start": 0, "end": 15, "username": "realamberheard", "id": "807003567605227520"}, {"start": 16, "end": 30, "username": "CCRInitiative", "id": "1675936765"}]}, "public_metrics": {"retweet_count": 0, "reply_count": 0, "like_count": 7, "quote_count": 0}, "text": "@realamberheard @CCRInitiative Just go to prison, pay for your crimes. Charity doesn\u2019t mix with cruelty. #AmberHeardIsAnAbuser #AmberHeardIsALiar #amberheardisafraud #AmberHeardIsAnAbuser", "lang": "en", "replied_tweet": {"source": "Twitter for iPhone", "entities": {"annotations": [{"start": 20, "end": 21, "probability": 0.8541, "type": "Place", "normalized_text": "DC"}], "urls": [{"start": 59, "end": 82, "url": "https://t.co/I908ap8ZAj", "expanded_url": "https://twitter.com/HollylJacobs/status/1131200107838398464", "display_url": "twitter.com/HollylJacobs/s\u2026"}], "hashtags": [{"start": 9, "end": 16, "tag": "SHIELD"}], "mentions": [{"start": 44, "end": 58, "username": "CCRInitiative", "id": "1675936765"}]}, "referenced_tweets": [{"type": "quoted", "id": "1131200107838398464"}], "author_id": "807003567605227520", "id": "1131209932991340549", "created_at": "2019-05-22T14:47:19.000Z", "public_metrics": {"retweet_count": 26, "reply_count": 18, "like_count": 278, "quote_count": 1}, "text": "Bringing #SHIELD to DC!! Happy day, indeed! @CCRInitiative https://t.co/I908ap8ZAj", "lang": "en", "author": {"description": "Actor and Activist, semi-professional disruptor, ice cream advocate and shameless teacup yorkie-lover", "profile_image_url": "https://pbs.twimg.com/profile_images/1383196364792680448/N8CdupEu_normal.jpg", "name": "Amber Heard", "id": "807003567605227520", "created_at": "2016-12-08T23:26:58.000Z", "url": "https://t.co/Ze18Ek9SOI", "public_metrics": {"followers_count": 190464, "following_count": 220, "tweet_count": 1151, "listed_count": 568}, "location": "Los Angeles, CA", "username": "realamberheard"}}, "author": {"description": "\u2022\u273f Johnny is definition of love \u273f\u2022", "profile_image_url": "https://pbs.twimg.com/profile_images/1340701831975096320/g92j12jM_normal.jpg", "name": "Susan", "id": "1050721822092812289", "created_at": "2018-10-12T12:16:18.000Z", "url": "", "public_metrics": {"followers_count": 412, "following_count": 300, "tweet_count": 12987, "listed_count": 1}, "location": "#ibelievehim", "username": "teamdepp_"}}, {"in_reply_to_user_id": "807003567605227520", "source": "Twitter for iPad", "entities": {"annotations": [{"start": 64, "end": 69, "probability": 0.2762, "type": "Organization", "normalized_text": "Marvel"}], "mentions": [{"start": 0, "end": 15, "username": "realamberheard", "id": "807003567605227520"}, {"start": 16, "end": 30, "username": "CCRInitiative", "id": "1675936765"}]}, "referenced_tweets": [{"type": "replied_to", "id": "1131209932991340549"}], "author_id": "771304237276000256", "id": "1131215376749072384", "created_at": "2019-05-22T15:08:57.000Z", "public_metrics": {"retweet_count": 0, "reply_count": 0, "like_count": 1, "quote_count": 0}, "text": "@realamberheard @CCRInitiative I am sorry but SHIELD belongs to Marvel", "lang": "en", "replied_tweet": {"source": "Twitter for iPhone", "entities": {"annotations": [{"start": 20, "end": 21, "probability": 0.8541, "type": "Place", "normalized_text": "DC"}], "urls": [{"start": 59, "end": 82, "url": "https://t.co/I908ap8ZAj", "expanded_url": "https://twitter.com/HollylJacobs/status/1131200107838398464", "display_url": "twitter.com/HollylJacobs/s\u2026"}], "hashtags": [{"start": 9, "end": 16, "tag": "SHIELD"}], "mentions": [{"start": 44, "end": 58, "username": "CCRInitiative", "id": "1675936765"}]}, "referenced_tweets": [{"type": "quoted", "id": "1131200107838398464"}], "author_id": "807003567605227520", "id": "1131209932991340549", "created_at": "2019-05-22T14:47:19.000Z", "public_metrics": {"retweet_count": 26, "reply_count": 18, "like_count": 278, "quote_count": 1}, "text": "Bringing #SHIELD to DC!! Happy day, indeed! @CCRInitiative https://t.co/I908ap8ZAj", "lang": "en", "author": {"description": "Actor and Activist, semi-professional disruptor, ice cream advocate and shameless teacup yorkie-lover", "profile_image_url": "https://pbs.twimg.com/profile_images/1383196364792680448/N8CdupEu_normal.jpg", "name": "Amber Heard", "id": "807003567605227520", "created_at": "2016-12-08T23:26:58.000Z", "url": "https://t.co/Ze18Ek9SOI", "public_metrics": {"followers_count": 190464, "following_count": 220, "tweet_count": 1151, "listed_count": 568}, "location": "Los Angeles, CA", "username": "realamberheard"}}, "author": {"description": "| GT: LightRefractor. | I love to watch movies | Also follow just for the sake of it.... #ReleaseTheSnyderCut", "profile_image_url": "https://pbs.twimg.com/profile_images/938789805151870976/gkYQAL3P_normal.jpg", "name": "GreenLightning", "id": "771304237276000256", "created_at": "2016-09-01T11:10:35.000Z", "url": "", "public_metrics": {"followers_count": 97, "following_count": 199, "tweet_count": 25842, "listed_count": 2}, "username": "PacficRim23"}}, {"in_reply_to_user_id": "807003567605227520", "source": "Twitter for Android", "referenced_tweets": [{"type": "replied_to", "id": "1131209932991340549"}], "author_id": "276097327", "id": "1131214998955540482", "created_at": "2019-05-22T15:07:27.000Z", "public_metrics": {"retweet_count": 0, "reply_count": 0, "like_count": 0, "quote_count": 0}, "entities": {"mentions": [{"start": 0, "end": 15, "username": "realamberheard", "id": "807003567605227520"}, {"start": 16, "end": 30, "username": "CCRInitiative", "id": "1675936765"}]}, "text": "@realamberheard @CCRInitiative Que legal , eu ia at\u00e9 te mandar uma mensagem sobre essa ideia ...", "lang": "pt", "replied_tweet": {"source": "Twitter for iPhone", "entities": {"annotations": [{"start": 20, "end": 21, "probability": 0.8541, "type": "Place", "normalized_text": "DC"}], "urls": [{"start": 59, "end": 82, "url": "https://t.co/I908ap8ZAj", "expanded_url": "https://twitter.com/HollylJacobs/status/1131200107838398464", "display_url": "twitter.com/HollylJacobs/s\u2026"}], "hashtags": [{"start": 9, "end": 16, "tag": "SHIELD"}], "mentions": [{"start": 44, "end": 58, "username": "CCRInitiative", "id": "1675936765"}]}, "referenced_tweets": [{"type": "quoted", "id": "1131200107838398464"}], "author_id": "807003567605227520", "id": "1131209932991340549", "created_at": "2019-05-22T14:47:19.000Z", "public_metrics": {"retweet_count": 26, "reply_count": 18, "like_count": 278, "quote_count": 1}, "text": "Bringing #SHIELD to DC!! Happy day, indeed! @CCRInitiative https://t.co/I908ap8ZAj", "lang": "en", "author": {"description": "Actor and Activist, semi-professional disruptor, ice cream advocate and shameless teacup yorkie-lover", "profile_image_url": "https://pbs.twimg.com/profile_images/1383196364792680448/N8CdupEu_normal.jpg", "name": "Amber Heard", "id": "807003567605227520", "created_at": "2016-12-08T23:26:58.000Z", "url": "https://t.co/Ze18Ek9SOI", "public_metrics": {"followers_count": 190464, "following_count": 220, "tweet_count": 1151, "listed_count": 568}, "location": "Los Angeles, CA", "username": "realamberheard"}}, "author": {"description": "Corretor de Imoveis no Estado do SP\ne Gamer na horas vagas .", "profile_image_url": "https://pbs.twimg.com/profile_images/1418708491246743555/55L7MdoH_normal.jpg", "name": "Le\u00f4nidas Junior", "id": "276097327", "created_at": "2011-04-02T16:59:58.000Z", "url": "", "public_metrics": {"followers_count": 6, "following_count": 109, "tweet_count": 1669, "listed_count": 0}, "username": "leonidasdiamant"}}, {"in_reply_to_user_id": "807003567605227520", "source": "Twitter for Android", "referenced_tweets": [{"type": "replied_to", "id": "1131209932991340549"}], "author_id": "940459573105823744", "id": "1131212796245336065", "entities": {"urls": [{"start": 47, "end": 70, "url": "https://t.co/yEHYo2InG4", "expanded_url": "https://twitter.com/Niceguy9490/status/1131212796245336065/photo/1", "display_url": "pic.twitter.com/yEHYo2InG4"}], "mentions": [{"start": 0, "end": 15, "username": "realamberheard", "id": "807003567605227520"}, {"start": 16, "end": 30, "username": "CCRInitiative", "id": "1675936765"}]}, "created_at": "2019-05-22T14:58:42.000Z", "public_metrics": {"retweet_count": 0, "reply_count": 0, "like_count": 3, "quote_count": 0}, "text": "@realamberheard @CCRInitiative You're my idol\ud83d\ude18 https://t.co/yEHYo2InG4", "lang": "en", "replied_tweet": {"source": "Twitter for iPhone", "entities": {"annotations": [{"start": 20, "end": 21, "probability": 0.8541, "type": "Place", "normalized_text": "DC"}], "urls": [{"start": 59, "end": 82, "url": "https://t.co/I908ap8ZAj", "expanded_url": "https://twitter.com/HollylJacobs/status/1131200107838398464", "display_url": "twitter.com/HollylJacobs/s\u2026"}], "hashtags": [{"start": 9, "end": 16, "tag": "SHIELD"}], "mentions": [{"start": 44, "end": 58, "username": "CCRInitiative", "id": "1675936765"}]}, "referenced_tweets": [{"type": "quoted", "id": "1131200107838398464"}], "author_id": "807003567605227520", "id": "1131209932991340549", "created_at": "2019-05-22T14:47:19.000Z", "public_metrics": {"retweet_count": 26, "reply_count": 18, "like_count": 278, "quote_count": 1}, "text": "Bringing #SHIELD to DC!! Happy day, indeed! @CCRInitiative https://t.co/I908ap8ZAj", "lang": "en", "author": {"description": "Actor and Activist, semi-professional disruptor, ice cream advocate and shameless teacup yorkie-lover", "profile_image_url": "https://pbs.twimg.com/profile_images/1383196364792680448/N8CdupEu_normal.jpg", "name": "Amber Heard", "id": "807003567605227520", "created_at": "2016-12-08T23:26:58.000Z", "url": "https://t.co/Ze18Ek9SOI", "public_metrics": {"followers_count": 190464, "following_count": 220, "tweet_count": 1151, "listed_count": 568}, "location": "Los Angeles, CA", "username": "realamberheard"}}, "author": {"description": "| \\W/estworld |\n\nhe/him | Fan Account |\n#IStandWithAmberHeard\n#IStandWithUkraine", "profile_image_url": "https://pbs.twimg.com/profile_images/1478739279056556039/0Kn_xg4O_normal.jpg", "name": "MUKUL", "id": "940459573105823744", "created_at": "2017-12-12T05:53:29.000Z", "url": "", "public_metrics": {"followers_count": 1379, "following_count": 1009, "tweet_count": 37436, "listed_count": 15}, "username": "RealMukul"}}, {"in_reply_to_user_id": "807003567605227520", "source": "Twitter for Android", "referenced_tweets": [{"type": "replied_to", "id": "1131209932991340549"}], "author_id": "1093609195277041666", "id": "1131211311969427457", "entities": {"urls": [{"start": 31, "end": 54, "url": "https://t.co/cVrLPExeEi", "expanded_url": "https://twitter.com/Rosehun23/status/1131211311969427457/photo/1", "display_url": "pic.twitter.com/cVrLPExeEi"}], "mentions": [{"start": 0, "end": 15, "username": "realamberheard", "id": "807003567605227520"}, {"start": 16, "end": 30, "username": "CCRInitiative", "id": "1675936765"}]}, "created_at": "2019-05-22T14:52:48.000Z", "public_metrics": {"retweet_count": 0, "reply_count": 0, "like_count": 1, "quote_count": 0}, "text": "@realamberheard @CCRInitiative https://t.co/cVrLPExeEi", "lang": "und", "replied_tweet": {"source": "Twitter for iPhone", "entities": {"annotations": [{"start": 20, "end": 21, "probability": 0.8541, "type": "Place", "normalized_text": "DC"}], "urls": [{"start": 59, "end": 82, "url": "https://t.co/I908ap8ZAj", "expanded_url": "https://twitter.com/HollylJacobs/status/1131200107838398464", "display_url": "twitter.com/HollylJacobs/s\u2026"}], "hashtags": [{"start": 9, "end": 16, "tag": "SHIELD"}], "mentions": [{"start": 44, "end": 58, "username": "CCRInitiative", "id": "1675936765"}]}, "referenced_tweets": [{"type": "quoted", "id": "1131200107838398464"}], "author_id": "807003567605227520", "id": "1131209932991340549", "created_at": "2019-05-22T14:47:19.000Z", "public_metrics": {"retweet_count": 26, "reply_count": 18, "like_count": 278, "quote_count": 1}, "text": "Bringing #SHIELD to DC!! Happy day, indeed! @CCRInitiative https://t.co/I908ap8ZAj", "lang": "en", "author": {"description": "Actor and Activist, semi-professional disruptor, ice cream advocate and shameless teacup yorkie-lover", "profile_image_url": "https://pbs.twimg.com/profile_images/1383196364792680448/N8CdupEu_normal.jpg", "name": "Amber Heard", "id": "807003567605227520", "created_at": "2016-12-08T23:26:58.000Z", "url": "https://t.co/Ze18Ek9SOI", "public_metrics": {"followers_count": 190464, "following_count": 220, "tweet_count": 1151, "listed_count": 568}, "location": "Los Angeles, CA", "username": "realamberheard"}}, "author": {"description": "\u201cDead people receive more flowers than the living ones because the regret is stronger than gratitude.\u201d\n\u2014   Anne Frank\u2019s Diary", "profile_image_url": "https://pbs.twimg.com/profile_images/1214231053302288387/3MamjMAF_normal.jpg", "name": "Rose\ud83c\udf39", "id": "1093609195277041666", "created_at": "2019-02-07T20:35:25.000Z", "url": "", "public_metrics": {"followers_count": 18, "following_count": 221, "tweet_count": 736, "listed_count": 0}, "username": "Rosehun23"}}, {"in_reply_to_user_id": "807003567605227520", "source": "Twitter for Android", "referenced_tweets": [{"type": "replied_to", "id": "1131209932991340549"}], "author_id": "2724444422", "id": "1131210934993719299", "created_at": "2019-05-22T14:51:18.000Z", "public_metrics": {"retweet_count": 0, "reply_count": 2, "like_count": 6, "quote_count": 0}, "entities": {"mentions": [{"start": 0, "end": 15, "username": "realamberheard", "id": "807003567605227520"}, {"start": 16, "end": 30, "username": "CCRInitiative", "id": "1675936765"}]}, "text": "@realamberheard @CCRInitiative nothing but respect for my queen \ud83d\udcaa\ud83d\udc9c", "lang": "en", "replied_tweet": {"source": "Twitter for iPhone", "entities": {"annotations": [{"start": 20, "end": 21, "probability": 0.8541, "type": "Place", "normalized_text": "DC"}], "urls": [{"start": 59, "end": 82, "url": "https://t.co/I908ap8ZAj", "expanded_url": "https://twitter.com/HollylJacobs/status/1131200107838398464", "display_url": "twitter.com/HollylJacobs/s\u2026"}], "hashtags": [{"start": 9, "end": 16, "tag": "SHIELD"}], "mentions": [{"start": 44, "end": 58, "username": "CCRInitiative", "id": "1675936765"}]}, "referenced_tweets": [{"type": "quoted", "id": "1131200107838398464"}], "author_id": "807003567605227520", "id": "1131209932991340549", "created_at": "2019-05-22T14:47:19.000Z", "public_metrics": {"retweet_count": 26, "reply_count": 18, "like_count": 278, "quote_count": 1}, "text": "Bringing #SHIELD to DC!! Happy day, indeed! @CCRInitiative https://t.co/I908ap8ZAj", "lang": "en", "author": {"description": "Actor and Activist, semi-professional disruptor, ice cream advocate and shameless teacup yorkie-lover", "profile_image_url": "https://pbs.twimg.com/profile_images/1383196364792680448/N8CdupEu_normal.jpg", "name": "Amber Heard", "id": "807003567605227520", "created_at": "2016-12-08T23:26:58.000Z", "url": "https://t.co/Ze18Ek9SOI", "public_metrics": {"followers_count": 190464, "following_count": 220, "tweet_count": 1151, "listed_count": 568}, "location": "Los Angeles, CA", "username": "realamberheard"}}, "author": {"description": "all r&b and hip hop culture", "profile_image_url": "https://pbs.twimg.com/profile_images/1505214911051440135/SZpWBAtg_normal.jpg", "name": "sasa", "id": "2724444422", "created_at": "2014-08-11T18:27:47.000Z", "url": "", "public_metrics": {"followers_count": 1230, "following_count": 583, "tweet_count": 61217, "listed_count": 11}, "username": "fkatwyez"}}, {"in_reply_to_user_id": "807003567605227520", "source": "Twitter Web App", "referenced_tweets": [{"type": "replied_to", "id": "1131209932991340549"}], "author_id": "3216078659", "id": "1131210562916851713", "created_at": "2019-05-22T14:49:49.000Z", "public_metrics": {"retweet_count": 0, "reply_count": 0, "like_count": 4, "quote_count": 0}, "entities": {"mentions": [{"start": 0, "end": 15, "username": "realamberheard", "id": "807003567605227520"}, {"start": 16, "end": 30, "username": "CCRInitiative", "id": "1675936765"}]}, "text": "@realamberheard @CCRInitiative \"Being a woman today means being a warrior.\" You really are a woman warrior; one who's strong, smart, and beautiful with heart!\ud83d\udc96", "lang": "en", "replied_tweet": {"source": "Twitter for iPhone", "entities": {"annotations": [{"start": 20, "end": 21, "probability": 0.8541, "type": "Place", "normalized_text": "DC"}], "urls": [{"start": 59, "end": 82, "url": "https://t.co/I908ap8ZAj", "expanded_url": "https://twitter.com/HollylJacobs/status/1131200107838398464", "display_url": "twitter.com/HollylJacobs/s\u2026"}], "hashtags": [{"start": 9, "end": 16, "tag": "SHIELD"}], "mentions": [{"start": 44, "end": 58, "username": "CCRInitiative", "id": "1675936765"}]}, "referenced_tweets": [{"type": "quoted", "id": "1131200107838398464"}], "author_id": "807003567605227520", "id": "1131209932991340549", "created_at": "2019-05-22T14:47:19.000Z", "public_metrics": {"retweet_count": 26, "reply_count": 18, "like_count": 278, "quote_count": 1}, "text": "Bringing #SHIELD to DC!! Happy day, indeed! @CCRInitiative https://t.co/I908ap8ZAj", "lang": "en", "author": {"description": "Actor and Activist, semi-professional disruptor, ice cream advocate and shameless teacup yorkie-lover", "profile_image_url": "https://pbs.twimg.com/profile_images/1383196364792680448/N8CdupEu_normal.jpg", "name": "Amber Heard", "id": "807003567605227520", "created_at": "2016-12-08T23:26:58.000Z", "url": "https://t.co/Ze18Ek9SOI", "public_metrics": {"followers_count": 190464, "following_count": 220, "tweet_count": 1151, "listed_count": 568}, "location": "Los Angeles, CA", "username": "realamberheard"}}, "author": {"description": "On the internet, you can be pretty much anything you want, it's just kinda weird that so many people choose to be idiots and assholes", "profile_image_url": "https://pbs.twimg.com/profile_images/1501219816522219520/SQVX3N2b_normal.jpg", "name": "GGCIR8991", "id": "3216078659", "created_at": "2015-04-28T07:17:35.000Z", "url": "", "public_metrics": {"followers_count": 1464, "following_count": 1324, "tweet_count": 163149, "listed_count": 17}, "username": "GGCIR8991"}}]