id,created_at,text,author_id,lang,source,entities.urls,public_metrics.retweet_count,public_metrics.reply_count,public_metrics.like_count,public_metrics.quote_count,quoted_tweet.in_reply_to_user_id,quoted_tweet.referenced_tweets,quoted_tweet.id,quoted_tweet.created_at,quoted_tweet.text,quoted_tweet.public_metrics.retweet_count,quoted_tweet.public_metrics.reply_count,quoted_tweet.public_metrics.like_count,quoted_tweet.public_metrics.quote_count,quoted_tweet.author_id,quoted_tweet.lang,quoted_tweet.source,quoted_tweet.author.public_metrics.followers_count,quoted_tweet.author.public_metrics.following_count,quoted_tweet.author.public_metrics.tweet_count,quoted_tweet.author.public_metrics.listed_count,quoted_tweet.author.created_at,quoted_tweet.author.name,quoted_tweet.author.username,quoted_tweet.author.profile_image_url,quoted_tweet.author.location,quoted_tweet.author.id,quoted_tweet.author.url,quoted_tweet.author.description,author.public_metrics.followers_count,author.public_metrics.following_count,author.public_metrics.tweet_count,author.public_metrics.listed_count,author.created_at,author.name,author.username,author.profile_image_url,author.id,author.url,author.description,referenced_tweets,author.location
1001232788799049729,2018-05-28T22:44:33.000Z,JOYEU ANIVERSAIRE https://t.co/5g5XzI7fP6,827604575465197573,fr,Twitter Web Client,"[{'start': 18, 'end': 41, 'url': 'https://t.co/5g5XzI7fP6', 'expanded_url': 'https://twitter.com/realamberheard/status/1001142486423744512', 'display_url': 'twitter.com/realamberheard…'}]",0,0,1,0,963783473474539520,"[{'type': 'replied_to', 'id': '1000363312650039297'}]",1001142486423744512,2018-05-28T16:45:43.000Z,@sirenheard Happy birthday to you!,9,5,85,8,807003567605227520,en,Twitter for iPhone,190364,220,1150,566,2016-12-08T23:26:58.000Z,Amber Heard,realamberheard,https://pbs.twimg.com/profile_images/1383196364792680448/N8CdupEu_normal.jpg,"Los Angeles, CA",807003567605227520,https://t.co/Ze18Ek9SOI,"Actor and Activist, semi-professional disruptor, ice cream advocate and shameless teacup yorkie-lover",30,85,9606,0,2017-02-03T19:48:01.000Z,tayab nacer eddine,TayabNacer,https://abs.twimg.com/sticky/default_profile_images/default_profile_normal.png,827604575465197573,,,,
1001145497279606784,2018-05-28T16:57:41.000Z,Oh my kind queen https://t.co/3thPTtLOnV,635831825,en,Twitter for Android,"[{'start': 17, 'end': 40, 'url': 'https://t.co/3thPTtLOnV', 'expanded_url': 'https://twitter.com/realamberheard/status/1001142486423744512', 'display_url': 'twitter.com/realamberheard…'}]",0,0,0,0,963783473474539520,"[{'type': 'replied_to', 'id': '1000363312650039297'}]",1001142486423744512,2018-05-28T16:45:43.000Z,@sirenheard Happy birthday to you!,9,5,85,8,807003567605227520,en,Twitter for iPhone,190364,220,1150,566,2016-12-08T23:26:58.000Z,Amber Heard,realamberheard,https://pbs.twimg.com/profile_images/1383196364792680448/N8CdupEu_normal.jpg,"Los Angeles, CA",807003567605227520,https://t.co/Ze18Ek9SOI,"Actor and Activist, semi-professional disruptor, ice cream advocate and shameless teacup yorkie-lover",840,541,86257,11,2012-07-15T02:31:30.000Z,k 💎,nctdesi,https://pbs.twimg.com/profile_images/1500505888439738371/BFHr8Nr7_normal.jpg,635831825,https://t.co/ajHC98bvck,"taeyong and friends 🌹❤️

 24 ; pronouns: she/her","[{'type': 'quoted', 'id': '1001142486423744512'}]",india
1001143951473209344,2018-05-28T16:51:33.000Z,"FELICIDADES, @sirenheard !!!! https://t.co/9ynR7RLOJh",875214048547057664,pt,Twitter for Android,"[{'start': 30, 'end': 53, 'url': 'https://t.co/9ynR7RLOJh', 'expanded_url': 'https://twitter.com/realamberheard/status/1001142486423744512', 'display_url': 'twitter.com/realamberheard…'}]",1,0,1,1,963783473474539520,"[{'type': 'replied_to', 'id': '1000363312650039297'}]",1001142486423744512,2018-05-28T16:45:43.000Z,@sirenheard Happy birthday to you!,9,5,85,8,807003567605227520,en,Twitter for iPhone,190364,220,1150,566,2016-12-08T23:26:58.000Z,Amber Heard,realamberheard,https://pbs.twimg.com/profile_images/1383196364792680448/N8CdupEu_normal.jpg,"Los Angeles, CA",807003567605227520,https://t.co/Ze18Ek9SOI,"Actor and Activist, semi-professional disruptor, ice cream advocate and shameless teacup yorkie-lover",227,279,15717,3,2017-06-15T04:51:04.000Z,k.,drecmswithmagic,https://pbs.twimg.com/profile_images/1115497469738196992/jaezPtDQ_normal.jpg,875214048547057664,,─── 𝒔𝒆 𝒉𝒂 𝒎𝒖𝒅𝒂𝒅𝒐 ｡,"[{'type': 'quoted', 'id': '1001142486423744512'}]",
