source,author_id,id,created_at,text,lang,entities.urls,public_metrics.retweet_count,public_metrics.reply_count,public_metrics.like_count,public_metrics.quote_count,quoted_tweet.source,quoted_tweet.author_id,quoted_tweet.id,quoted_tweet.entities.urls,quoted_tweet.created_at,quoted_tweet.public_metrics.retweet_count,quoted_tweet.public_metrics.reply_count,quoted_tweet.public_metrics.like_count,quoted_tweet.public_metrics.quote_count,quoted_tweet.text,quoted_tweet.lang,quoted_tweet.author.description,quoted_tweet.author.profile_image_url,quoted_tweet.author.name,quoted_tweet.author.id,quoted_tweet.author.created_at,quoted_tweet.author.url,quoted_tweet.author.public_metrics.followers_count,quoted_tweet.author.public_metrics.following_count,quoted_tweet.author.public_metrics.tweet_count,quoted_tweet.author.public_metrics.listed_count,quoted_tweet.author.location,quoted_tweet.author.username,author.description,author.profile_image_url,author.name,author.id,author.created_at,author.url,author.public_metrics.followers_count,author.public_metrics.following_count,author.public_metrics.tweet_count,author.public_metrics.listed_count,author.username,referenced_tweets,entities.hashtags,author.location,entities.annotations
Twitter for Android,827604575465197573,1010995742129913857,2018-06-24T21:19:02.000Z,Unissons nous contre le racisme RT l injustice https://t.co/6MgSfWiSZ6,fr,"[{'start': 47, 'end': 70, 'url': 'https://t.co/6MgSfWiSZ6', 'expanded_url': 'https://twitter.com/realamberheard/status/1010907036996001793', 'display_url': 'twitter.com/realamberheard…'}]",0,0,0,0,Twitter for iPhone,807003567605227520,1010907036996001793,"[{'start': 15, 'end': 38, 'url': 'https://t.co/3JP1bi44JG', 'expanded_url': 'https://twitter.com/realamberheard/status/1010907036996001793/photo/1', 'display_url': 'pic.twitter.com/3JP1bi44JG'}]",2018-06-24T15:26:34.000Z,86,15,575,7,Estamos unidos https://t.co/3JP1bi44JG,es,"Actor and Activist, semi-professional disruptor, ice cream advocate and shameless teacup yorkie-lover",https://pbs.twimg.com/profile_images/1383196364792680448/N8CdupEu_normal.jpg,Amber Heard,807003567605227520,2016-12-08T23:26:58.000Z,https://t.co/Ze18Ek9SOI,190364,220,1150,566,"Los Angeles, CA",realamberheard,,https://abs.twimg.com/sticky/default_profile_images/default_profile_normal.png,tayab nacer eddine,827604575465197573,2017-02-03T19:48:01.000Z,,30,85,9606,0,TayabNacer,,,,
Twitter for Android,985261123627761664,1010918824424636420,2018-06-24T16:13:24.000Z,"La unión y justicia para las familias debe prevalecer antes de los intereses de falsos 'líderes'.

#EstamosUnidos 👑🌊👏 https://t.co/tZ7mXb8LJT",es,"[{'start': 118, 'end': 141, 'url': 'https://t.co/tZ7mXb8LJT', 'expanded_url': 'https://twitter.com/realamberheard/status/1010907036996001793', 'display_url': 'twitter.com/realamberheard…'}]",0,0,4,0,Twitter for iPhone,807003567605227520,1010907036996001793,"[{'start': 15, 'end': 38, 'url': 'https://t.co/3JP1bi44JG', 'expanded_url': 'https://twitter.com/realamberheard/status/1010907036996001793/photo/1', 'display_url': 'pic.twitter.com/3JP1bi44JG'}]",2018-06-24T15:26:34.000Z,86,15,575,7,Estamos unidos https://t.co/3JP1bi44JG,es,"Actor and Activist, semi-professional disruptor, ice cream advocate and shameless teacup yorkie-lover",https://pbs.twimg.com/profile_images/1383196364792680448/N8CdupEu_normal.jpg,Amber Heard,807003567605227520,2016-12-08T23:26:58.000Z,https://t.co/Ze18Ek9SOI,190364,220,1150,566,"Los Angeles, CA",realamberheard,"Fan page. DC Universe en español. 

https://t.co/ie62zIQ2R9",https://pbs.twimg.com/profile_images/1498336431252680705/fK977yty_normal.jpg,DC Universe,985261123627761664,2018-04-14T20:58:51.000Z,https://t.co/L5rCFExH4g,3942,126,4268,20,DCUmx,"[{'type': 'quoted', 'id': '1010907036996001793'}]","[{'start': 99, 'end': 113, 'tag': 'EstamosUnidos'}]",Latinoamérica,
Twitter Web Client,2540496409,1010917369965961216,2018-06-24T16:07:37.000Z,Amber Heard falando em português?? https://t.co/fd0hMbgCXL,pt,"[{'start': 35, 'end': 58, 'url': 'https://t.co/fd0hMbgCXL', 'expanded_url': 'https://twitter.com/realamberheard/status/1010907036996001793', 'display_url': 'twitter.com/realamberheard…'}]",0,1,0,0,Twitter for iPhone,807003567605227520,1010907036996001793,"[{'start': 15, 'end': 38, 'url': 'https://t.co/3JP1bi44JG', 'expanded_url': 'https://twitter.com/realamberheard/status/1010907036996001793/photo/1', 'display_url': 'pic.twitter.com/3JP1bi44JG'}]",2018-06-24T15:26:34.000Z,86,15,575,7,Estamos unidos https://t.co/3JP1bi44JG,es,"Actor and Activist, semi-professional disruptor, ice cream advocate and shameless teacup yorkie-lover",https://pbs.twimg.com/profile_images/1383196364792680448/N8CdupEu_normal.jpg,Amber Heard,807003567605227520,2016-12-08T23:26:58.000Z,https://t.co/Ze18Ek9SOI,190364,220,1150,566,"Los Angeles, CA",realamberheard,,https://pbs.twimg.com/profile_images/1371261322063675404/hRPJBJrc_normal.jpg,Zé,2540496409,2014-06-02T00:23:24.000Z,https://t.co/zSPGmH9mYY,111,477,13046,2,Eu_sou_a_noite,"[{'type': 'quoted', 'id': '1010907036996001793'}]",,Brasil,"[{'start': 0, 'end': 10, 'probability': 0.969, 'type': 'Person', 'normalized_text': 'Amber Heard'}]"
Twitter for Android,800141136,1010907943569645569,2018-06-24T15:30:10.000Z,eu amo essa mulher https://t.co/eWZDHpiBlN,pt,"[{'start': 19, 'end': 42, 'url': 'https://t.co/eWZDHpiBlN', 'expanded_url': 'https://twitter.com/realamberheard/status/1010907036996001793', 'display_url': 'twitter.com/realamberheard…'}]",0,0,0,0,Twitter for iPhone,807003567605227520,1010907036996001793,"[{'start': 15, 'end': 38, 'url': 'https://t.co/3JP1bi44JG', 'expanded_url': 'https://twitter.com/realamberheard/status/1010907036996001793/photo/1', 'display_url': 'pic.twitter.com/3JP1bi44JG'}]",2018-06-24T15:26:34.000Z,86,15,575,7,Estamos unidos https://t.co/3JP1bi44JG,es,"Actor and Activist, semi-professional disruptor, ice cream advocate and shameless teacup yorkie-lover",https://pbs.twimg.com/profile_images/1383196364792680448/N8CdupEu_normal.jpg,Amber Heard,807003567605227520,2016-12-08T23:26:58.000Z,https://t.co/Ze18Ek9SOI,190364,220,1150,566,"Los Angeles, CA",realamberheard,⠀⠀ ✦ 𝟭𝟰𝟴𝟱 › 엑소 𝗂𝗇𝖿𝗂𝗇𝗂𝗍𝖾 𝗅𝗈𝗏𝖾. {ela/dela},https://pbs.twimg.com/profile_images/1506296325104717842/BCnQc7zx_normal.jpg,bea SUH²O,800141136,2012-09-03T10:45:28.000Z,https://t.co/gEs0XIO4J4,1668,746,302906,23,makkotoshinkai,"[{'type': 'quoted', 'id': '1010907036996001793'}]",,exo e tbz,
Twitter for Android,800141136,1010907919506960384,2018-06-24T15:30:04.000Z,nothing but respect for MY president https://t.co/eWZDHpiBlN,en,"[{'start': 37, 'end': 60, 'url': 'https://t.co/eWZDHpiBlN', 'expanded_url': 'https://twitter.com/realamberheard/status/1010907036996001793', 'display_url': 'twitter.com/realamberheard…'}]",0,0,0,0,Twitter for iPhone,807003567605227520,1010907036996001793,"[{'start': 15, 'end': 38, 'url': 'https://t.co/3JP1bi44JG', 'expanded_url': 'https://twitter.com/realamberheard/status/1010907036996001793/photo/1', 'display_url': 'pic.twitter.com/3JP1bi44JG'}]",2018-06-24T15:26:34.000Z,86,15,575,7,Estamos unidos https://t.co/3JP1bi44JG,es,"Actor and Activist, semi-professional disruptor, ice cream advocate and shameless teacup yorkie-lover",https://pbs.twimg.com/profile_images/1383196364792680448/N8CdupEu_normal.jpg,Amber Heard,807003567605227520,2016-12-08T23:26:58.000Z,https://t.co/Ze18Ek9SOI,190364,220,1150,566,"Los Angeles, CA",realamberheard,⠀⠀ ✦ 𝟭𝟰𝟴𝟱 › 엑소 𝗂𝗇𝖿𝗂𝗇𝗂𝗍𝖾 𝗅𝗈𝗏𝖾. {ela/dela},https://pbs.twimg.com/profile_images/1506296325104717842/BCnQc7zx_normal.jpg,bea SUH²O,800141136,2012-09-03T10:45:28.000Z,https://t.co/gEs0XIO4J4,1668,746,302906,23,makkotoshinkai,"[{'type': 'quoted', 'id': '1010907036996001793'}]",,exo e tbz,
