lang,text,author_id,id,created_at,source,referenced_tweets,public_metrics.retweet_count,public_metrics.reply_count,public_metrics.like_count,public_metrics.quote_count,entities.urls,quoted_tweet.lang,quoted_tweet.text,quoted_tweet.author_id,quoted_tweet.id,quoted_tweet.created_at,quoted_tweet.source,quoted_tweet.public_metrics.retweet_count,quoted_tweet.public_metrics.reply_count,quoted_tweet.public_metrics.like_count,quoted_tweet.public_metrics.quote_count,quoted_tweet.entities.urls,quoted_tweet.entities.hashtags,quoted_tweet.author.location,quoted_tweet.author.created_at,quoted_tweet.author.id,quoted_tweet.author.description,quoted_tweet.author.public_metrics.followers_count,quoted_tweet.author.public_metrics.following_count,quoted_tweet.author.public_metrics.tweet_count,quoted_tweet.author.public_metrics.listed_count,quoted_tweet.author.username,quoted_tweet.author.name,quoted_tweet.author.url,quoted_tweet.author.profile_image_url,author.location,author.created_at,author.id,author.description,author.public_metrics.followers_count,author.public_metrics.following_count,author.public_metrics.tweet_count,author.public_metrics.listed_count,author.username,author.name,author.url,author.profile_image_url
es,"Mientras el golpeador se queja de sus asquerosas adicciones y pendejadas y recibe la lástima de sus groupies idiotas, la golpeada lucha por derechos de minorías en su país.

 MUJERON https://t.co/oAXrD1rSY3",23488353,1010946559738089474,2018-06-24T18:03:36.000Z,Twitter for Android,"[{'type': 'quoted', 'id': '1010944990309216258'}]",0,0,0,0,"[{'start': 183, 'end': 206, 'url': 'https://t.co/oAXrD1rSY3', 'expanded_url': 'https://twitter.com/realamberheard/status/1010944990309216258', 'display_url': 'twitter.com/realamberheard…'}]",und,#StopSeparatingFamilies https://t.co/Py9sDVK6f9,807003567605227520,1010944990309216258,2018-06-24T17:57:22.000Z,Twitter for iPhone,119,19,536,2,"[{'start': 24, 'end': 47, 'url': 'https://t.co/Py9sDVK6f9', 'expanded_url': 'https://twitter.com/realamberheard/status/1010944990309216258/video/1', 'display_url': 'pic.twitter.com/Py9sDVK6f9'}]","[{'start': 0, 'end': 23, 'tag': 'StopSeparatingFamilies'}]","Los Angeles, CA",2016-12-08T23:26:58.000Z,807003567605227520,"Actor and Activist, semi-professional disruptor, ice cream advocate and shameless teacup yorkie-lover",190364,220,1150,566,realamberheard,Amber Heard,https://t.co/Ze18Ek9SOI,https://pbs.twimg.com/profile_images/1383196364792680448/N8CdupEu_normal.jpg,Orodruin,2009-03-09T19:44:37.000Z,23488353,"How can this mean anything to me?

 If I really don't feel anything at all?",130,341,8362,2,Litool,Mr. Crowley,,https://pbs.twimg.com/profile_images/1483707816326184962/2R2R6TXm_normal.jpg
