text,source,referenced_tweets,lang,id,created_at,author_id,public_metrics.retweet_count,public_metrics.reply_count,public_metrics.like_count,public_metrics.quote_count,entities.urls,entities.hashtags,quoted_tweet.text,quoted_tweet.source,quoted_tweet.referenced_tweets,quoted_tweet.in_reply_to_user_id,quoted_tweet.public_metrics.retweet_count,quoted_tweet.public_metrics.reply_count,quoted_tweet.public_metrics.like_count,quoted_tweet.public_metrics.quote_count,quoted_tweet.lang,quoted_tweet.id,quoted_tweet.created_at,quoted_tweet.entities.mentions,quoted_tweet.author_id,quoted_tweet.author.public_metrics.followers_count,quoted_tweet.author.public_metrics.following_count,quoted_tweet.author.public_metrics.tweet_count,quoted_tweet.author.public_metrics.listed_count,quoted_tweet.author.location,quoted_tweet.author.profile_image_url,quoted_tweet.author.url,quoted_tweet.author.username,quoted_tweet.author.description,quoted_tweet.author.id,quoted_tweet.author.name,quoted_tweet.author.created_at,author.public_metrics.followers_count,author.public_metrics.following_count,author.public_metrics.tweet_count,author.public_metrics.listed_count,author.location,author.profile_image_url,author.url,author.username,author.description,author.id,author.name,author.created_at,entities.annotations
"So, there is no problem with the wall? #Checkmate https://t.co/D0hLW1HTH4",TweetDeck,"[{'type': 'quoted', 'id': '1014167316572106754'}]",en,1014400617530290176,2018-07-04T06:48:48.000Z,1027828194,0,0,0,0,"[{'start': 50, 'end': 73, 'url': 'https://t.co/D0hLW1HTH4', 'expanded_url': 'https://twitter.com/realamberheard/status/1014167316572106754', 'display_url': 'twitter.com/realamberheard…'}]","[{'start': 39, 'end': 49, 'tag': 'Checkmate'}]","@Keithrg68 Actually most people that are here illegally come by plane and outstay their visas, not the life-threatening trek across the some of the worlds most inhospitable terrain that the wall aims to block.",Twitter for iPhone,"[{'type': 'replied_to', 'id': '1014161469053788164'}]",1435860368,4,109,53,14,en,1014167316572106754,2018-07-03T15:21:45.000Z,"[{'start': 0, 'end': 10, 'username': 'Keithrg68', 'id': '1435860368'}]",807003567605227520,190364,220,1150,566,"Los Angeles, CA",https://pbs.twimg.com/profile_images/1383196364792680448/N8CdupEu_normal.jpg,https://t.co/Ze18Ek9SOI,realamberheard,"Actor and Activist, semi-professional disruptor, ice cream advocate and shameless teacup yorkie-lover",807003567605227520,Amber Heard,2016-12-08T23:26:58.000Z,17766,16484,23686,62,"Redding, CA.",https://pbs.twimg.com/profile_images/1311705354565160960/-Obmg5IV_normal.jpg,,BigJohnsonMedia,Tweet Origins may be from Different Editors. #MAGA #Deplorable #Patriot #DGAF #Conservative #TrumpTrain #COVFEFE  #CEO #ShadowBanned,1027828194,Big Johnson Media 🇺🇸,2012-12-22T05:42:10.000Z,
"Majority of drugs and human/sex trafficking come thru the border where a wall would actually prevent it.
But don’t let reality or facts get in the way of your ignorance https://t.co/jOxmHSDZhP",Twitter for iPhone,"[{'type': 'quoted', 'id': '1014167316572106754'}]",en,1014366264247152640,2018-07-04T04:32:18.000Z,702908163,0,0,0,0,"[{'start': 169, 'end': 192, 'url': 'https://t.co/jOxmHSDZhP', 'expanded_url': 'https://twitter.com/realamberheard/status/1014167316572106754', 'display_url': 'twitter.com/realamberheard…'}]",,"@Keithrg68 Actually most people that are here illegally come by plane and outstay their visas, not the life-threatening trek across the some of the worlds most inhospitable terrain that the wall aims to block.",Twitter for iPhone,"[{'type': 'replied_to', 'id': '1014161469053788164'}]",1435860368,4,109,53,14,en,1014167316572106754,2018-07-03T15:21:45.000Z,"[{'start': 0, 'end': 10, 'username': 'Keithrg68', 'id': '1435860368'}]",807003567605227520,190364,220,1150,566,"Los Angeles, CA",https://pbs.twimg.com/profile_images/1383196364792680448/N8CdupEu_normal.jpg,https://t.co/Ze18Ek9SOI,realamberheard,"Actor and Activist, semi-professional disruptor, ice cream advocate and shameless teacup yorkie-lover",807003567605227520,Amber Heard,2016-12-08T23:26:58.000Z,2464,3677,63716,28,,https://pbs.twimg.com/profile_images/1343965635508887556/9QuQIQW5_normal.jpg,,pizdapalace,COVID HYSTERIA is a hoax😡 MAN MADE CLIMATE CHANGE is a hoax😡,702908163,ERIC🇨🇦🇺🇸🇭🇷✝️,2013-10-06T15:22:07.000Z,
Wrong... it's about 50/50 https://t.co/Bqjpivar0x,Twitter for Android,"[{'type': 'quoted', 'id': '1014167316572106754'}]",en,1014257876997636102,2018-07-03T21:21:36.000Z,1020954092,0,0,0,0,"[{'start': 26, 'end': 49, 'url': 'https://t.co/Bqjpivar0x', 'expanded_url': 'https://twitter.com/realamberheard/status/1014167316572106754', 'display_url': 'twitter.com/realamberheard…'}]",,"@Keithrg68 Actually most people that are here illegally come by plane and outstay their visas, not the life-threatening trek across the some of the worlds most inhospitable terrain that the wall aims to block.",Twitter for iPhone,"[{'type': 'replied_to', 'id': '1014161469053788164'}]",1435860368,4,109,53,14,en,1014167316572106754,2018-07-03T15:21:45.000Z,"[{'start': 0, 'end': 10, 'username': 'Keithrg68', 'id': '1435860368'}]",807003567605227520,190364,220,1150,566,"Los Angeles, CA",https://pbs.twimg.com/profile_images/1383196364792680448/N8CdupEu_normal.jpg,https://t.co/Ze18Ek9SOI,realamberheard,"Actor and Activist, semi-professional disruptor, ice cream advocate and shameless teacup yorkie-lover",807003567605227520,Amber Heard,2016-12-08T23:26:58.000Z,1103,1261,29160,25,South Philly ,https://pbs.twimg.com/profile_images/2994931017/282bb860f3ab9af56055ee40d18a4882_normal.jpeg,,ICTATAS,Leader with no party affiliation. I'm not politically correct= call it like I see it. theConstitution is relevant. Framers were smarter than you'll ever be.,1020954092,Chris Tatasciore,2012-12-19T00:15:24.000Z,
"Isn't bringing kids across that 'inhospitable terrain' child abuse? The separation/anti-trafficking law is to make sure those are their parents! Why do you think girls travel with Plan B? 80% FAIL to prove asylum need when they get a court date, so life isn't so bad afterall! https://t.co/ZBcpA3UGQX",Twitter Web Client,"[{'type': 'quoted', 'id': '1014167316572106754'}]",en,1014234243457617920,2018-07-03T19:47:41.000Z,604954282,0,0,0,0,"[{'start': 277, 'end': 300, 'url': 'https://t.co/ZBcpA3UGQX', 'expanded_url': 'https://twitter.com/realamberheard/status/1014167316572106754', 'display_url': 'twitter.com/realamberheard…'}]",,"@Keithrg68 Actually most people that are here illegally come by plane and outstay their visas, not the life-threatening trek across the some of the worlds most inhospitable terrain that the wall aims to block.",Twitter for iPhone,"[{'type': 'replied_to', 'id': '1014161469053788164'}]",1435860368,4,109,53,14,en,1014167316572106754,2018-07-03T15:21:45.000Z,"[{'start': 0, 'end': 10, 'username': 'Keithrg68', 'id': '1435860368'}]",807003567605227520,190364,220,1150,566,"Los Angeles, CA",https://pbs.twimg.com/profile_images/1383196364792680448/N8CdupEu_normal.jpg,https://t.co/Ze18Ek9SOI,realamberheard,"Actor and Activist, semi-professional disruptor, ice cream advocate and shameless teacup yorkie-lover",807003567605227520,Amber Heard,2016-12-08T23:26:58.000Z,354,344,57693,15,"Campbell, CA",https://pbs.twimg.com/profile_images/2297230349/Lynne_IMG_normal.jpg,,BurkeLynne,"Educator, conservative, Christian, pro-life, dyslexia specialist, mom, grandmother #BillofRights #AmericaFirst #MAGA   #WalkAway #JoinMeOnParler",604954282,Lynne Burke,2012-06-11T00:04:50.000Z,
So they can walk 3000+ miles through Mexico (not threatened) to get to the USA... But can't stay in any city ( some that many Americans go to visit on vacation every year) along the way. Guess it not about asylum afterall https://t.co/znQljVtVV1,Twitter for Android,"[{'type': 'quoted', 'id': '1014167316572106754'}]",en,1014199575031304192,2018-07-03T17:29:56.000Z,731107932499251201,0,0,0,0,"[{'start': 222, 'end': 245, 'url': 'https://t.co/znQljVtVV1', 'expanded_url': 'https://twitter.com/realamberheard/status/1014167316572106754', 'display_url': 'twitter.com/realamberheard…'}]",,"@Keithrg68 Actually most people that are here illegally come by plane and outstay their visas, not the life-threatening trek across the some of the worlds most inhospitable terrain that the wall aims to block.",Twitter for iPhone,"[{'type': 'replied_to', 'id': '1014161469053788164'}]",1435860368,4,109,53,14,en,1014167316572106754,2018-07-03T15:21:45.000Z,"[{'start': 0, 'end': 10, 'username': 'Keithrg68', 'id': '1435860368'}]",807003567605227520,190364,220,1150,566,"Los Angeles, CA",https://pbs.twimg.com/profile_images/1383196364792680448/N8CdupEu_normal.jpg,https://t.co/Ze18Ek9SOI,realamberheard,"Actor and Activist, semi-professional disruptor, ice cream advocate and shameless teacup yorkie-lover",807003567605227520,Amber Heard,2016-12-08T23:26:58.000Z,25,241,654,2,"Overland Park, KS",https://pbs.twimg.com/profile_images/1501321006937522183/ofjbIVvz_normal.jpg,,jwallace3048,,731107932499251201,jeff Wallace,2016-05-13T13:04:49.000Z,"[{'start': 37, 'end': 42, 'probability': 0.9938, 'type': 'Place', 'normalized_text': 'Mexico'}, {'start': 75, 'end': 77, 'probability': 0.9856, 'type': 'Place', 'normalized_text': 'USA'}, {'start': 126, 'end': 134, 'probability': 0.5716, 'type': 'Person', 'normalized_text': 'Americans'}]"
