author_id,lang,source,referenced_tweets,created_at,text,id,entities.annotations,entities.urls,public_metrics.retweet_count,public_metrics.reply_count,public_metrics.like_count,public_metrics.quote_count,quoted_tweet.author_id,quoted_tweet.lang,quoted_tweet.source,quoted_tweet.entities.urls,quoted_tweet.created_at,quoted_tweet.text,quoted_tweet.id,quoted_tweet.public_metrics.retweet_count,quoted_tweet.public_metrics.reply_count,quoted_tweet.public_metrics.like_count,quoted_tweet.public_metrics.quote_count,quoted_tweet.author.username,quoted_tweet.author.created_at,quoted_tweet.author.profile_image_url,quoted_tweet.author.name,quoted_tweet.author.public_metrics.followers_count,quoted_tweet.author.public_metrics.following_count,quoted_tweet.author.public_metrics.tweet_count,quoted_tweet.author.public_metrics.listed_count,quoted_tweet.author.description,quoted_tweet.author.id,quoted_tweet.author.url,quoted_tweet.author.location,author.username,author.created_at,author.profile_image_url,author.name,author.public_metrics.followers_count,author.public_metrics.following_count,author.public_metrics.tweet_count,author.public_metrics.listed_count,author.description,author.id,author.url,author.location
32169432,en,Twitter for Android,"[{'type': 'quoted', 'id': '1017053317707395072'}]",2018-07-11T22:06:46.000Z,Please help Syrians https://t.co/Y7W2FJoGzU,1017168345387319296,"[{'start': 12, 'end': 18, 'probability': 0.5136, 'type': 'Person', 'normalized_text': 'Syrians'}]","[{'start': 20, 'end': 43, 'url': 'https://t.co/Y7W2FJoGzU', 'expanded_url': 'https://twitter.com/realamberheard/status/1017053317707395072', 'display_url': 'twitter.com/realamberheard…'}]",0,0,0,0,807003567605227520,en,Twitter for iPhone,"[{'start': 47, 'end': 70, 'url': 'https://t.co/PBOCgYeDsS', 'expanded_url': 'http://igfn.us/vf/SendAidNow', 'display_url': 'igfn.us/vf/SendAidNow', 'status': 200, 'unwound_url': 'https://app.mobilecause.com/vf/SendAidNow'}]",2018-07-11T14:29:41.000Z,This is humanitarian crisis. Please help now:  https://t.co/PBOCgYeDsS /,1017053317707395072,39,19,168,2,realamberheard,2016-12-08T23:26:58.000Z,https://pbs.twimg.com/profile_images/1383196364792680448/N8CdupEu_normal.jpg,Amber Heard,190363,220,1150,566,"Actor and Activist, semi-professional disruptor, ice cream advocate and shameless teacup yorkie-lover",807003567605227520,https://t.co/Ze18Ek9SOI,"Los Angeles, CA",TopAnas,2009-04-16T21:54:04.000Z,https://pbs.twimg.com/profile_images/422264263604834304/AKLnlwYN_normal.jpeg,"Anas M. Kawayeh, M.D",98,110,194,0,,32169432,,"Redlands, CA"
2932921984,en,Twitter for Android,"[{'type': 'quoted', 'id': '1017053317707395072'}]",2018-07-11T14:33:58.000Z,Why do rich people always ask poor people to donate money acting like they don't make millions from movies https://t.co/7oOnOh8LiN,1017054393751961600,,"[{'start': 107, 'end': 130, 'url': 'https://t.co/7oOnOh8LiN', 'expanded_url': 'https://twitter.com/realamberheard/status/1017053317707395072', 'display_url': 'twitter.com/realamberheard…'}]",0,0,0,0,807003567605227520,en,Twitter for iPhone,"[{'start': 47, 'end': 70, 'url': 'https://t.co/PBOCgYeDsS', 'expanded_url': 'http://igfn.us/vf/SendAidNow', 'display_url': 'igfn.us/vf/SendAidNow', 'status': 200, 'unwound_url': 'https://app.mobilecause.com/vf/SendAidNow'}]",2018-07-11T14:29:41.000Z,This is humanitarian crisis. Please help now:  https://t.co/PBOCgYeDsS /,1017053317707395072,39,19,168,2,realamberheard,2016-12-08T23:26:58.000Z,https://pbs.twimg.com/profile_images/1383196364792680448/N8CdupEu_normal.jpg,Amber Heard,190363,220,1150,566,"Actor and Activist, semi-professional disruptor, ice cream advocate and shameless teacup yorkie-lover",807003567605227520,https://t.co/Ze18Ek9SOI,"Los Angeles, CA",John_Russell93,2014-12-20T00:53:52.000Z,https://pbs.twimg.com/profile_images/1030857368408608769/UEwVvsdl_normal.jpg,John russell,51,335,922,1,"Once More unto the Breach 
#HouseMormont
#FreeThinker 
#MAGA
#Indiana  
#USA 

🇵🇷🇺🇲",2932921984,,The Republic
