text,lang,author_id,created_at,referenced_tweets,id,source,public_metrics.retweet_count,public_metrics.reply_count,public_metrics.like_count,public_metrics.quote_count,entities.urls,quoted_tweet.entities.hashtags,quoted_tweet.entities.urls,quoted_tweet.entities.mentions,quoted_tweet.text,quoted_tweet.lang,quoted_tweet.public_metrics.retweet_count,quoted_tweet.public_metrics.reply_count,quoted_tweet.public_metrics.like_count,quoted_tweet.public_metrics.quote_count,quoted_tweet.author_id,quoted_tweet.created_at,quoted_tweet.id,quoted_tweet.source,quoted_tweet.author.url,quoted_tweet.author.id,quoted_tweet.author.public_metrics.followers_count,quoted_tweet.author.public_metrics.following_count,quoted_tweet.author.public_metrics.tweet_count,quoted_tweet.author.public_metrics.listed_count,quoted_tweet.author.created_at,quoted_tweet.author.username,quoted_tweet.author.description,quoted_tweet.author.profile_image_url,quoted_tweet.author.name,quoted_tweet.author.location,author.url,author.id,author.public_metrics.followers_count,author.public_metrics.following_count,author.public_metrics.tweet_count,author.public_metrics.listed_count,author.created_at,author.username,author.description,author.profile_image_url,author.name,author.location,in_reply_to_user_id,entities.mentions,entities.annotations,entities.hashtags
I love you https://t.co/5sag60i4pZ,en,972458210157215744,2019-03-23T15:10:11.000Z,"[{'type': 'quoted', 'id': '1021833122734727168'}]",1109472413861867523,Twitter for Android,0,0,0,0,"[{'start': 11, 'end': 34, 'url': 'https://t.co/5sag60i4pZ', 'expanded_url': 'https://twitter.com/realamberheard/status/1021833122734727168', 'display_url': 'twitter.com/realamberheard…'}]","[{'start': 95, 'end': 106, 'tag': 'OpenFuture'}]","[{'start': 219, 'end': 242, 'url': 'https://t.co/o05ARZm5ZO', 'expanded_url': 'https://econ.st/2mDXtNU', 'display_url': 'econ.st/2mDXtNU'}, {'start': 243, 'end': 266, 'url': 'https://t.co/rm8NoKXdsO', 'expanded_url': 'https://twitter.com/realamberheard/status/1021833122734727168/video/1', 'display_url': 'pic.twitter.com/rm8NoKXdsO'}]","[{'start': 72, 'end': 85, 'username': 'TheEconomist', 'id': '5988062'}]","It's time for our generation to make our voices heard. I'm working with @TheEconomist on their #OpenFuture video contest and we want to hear from you. 

What's the one thing you would change to build a more open world? https://t.co/o05ARZm5ZO https://t.co/rm8NoKXdsO",en,263,91,1444,30,807003567605227520,2018-07-24T19:02:55.000Z,1021833122734727168,Twitter Web Client,https://t.co/Ze18Ek9SOI,807003567605227520,190363,220,1150,566,2016-12-08T23:26:58.000Z,realamberheard,"Actor and Activist, semi-professional disruptor, ice cream advocate and shameless teacup yorkie-lover",https://pbs.twimg.com/profile_images/1383196364792680448/N8CdupEu_normal.jpg,Amber Heard,"Los Angeles, CA",,972458210157215744,0,41,21,0,2018-03-10T13:04:39.000Z,Sangram88478190,,https://pbs.twimg.com/profile_images/1109477246245363713/d4LKLIEY_normal.jpg,Sangram mallick,India,,,,
...&gt;&lt;8&gt;&lt;... https://t.co/oAGKH4oeSd,und,1077813822365274112,2018-12-30T04:50:55.000Z,"[{'type': 'quoted', 'id': '1021833122734727168'}]",1079238377843671040,Twitter Web Client,0,0,0,0,"[{'start': 24, 'end': 47, 'url': 'https://t.co/oAGKH4oeSd', 'expanded_url': 'https://twitter.com/realamberheard/status/1021833122734727168', 'display_url': 'twitter.com/realamberheard…'}]","[{'start': 95, 'end': 106, 'tag': 'OpenFuture'}]","[{'start': 219, 'end': 242, 'url': 'https://t.co/o05ARZm5ZO', 'expanded_url': 'https://econ.st/2mDXtNU', 'display_url': 'econ.st/2mDXtNU'}, {'start': 243, 'end': 266, 'url': 'https://t.co/rm8NoKXdsO', 'expanded_url': 'https://twitter.com/realamberheard/status/1021833122734727168/video/1', 'display_url': 'pic.twitter.com/rm8NoKXdsO'}]","[{'start': 72, 'end': 85, 'username': 'TheEconomist', 'id': '5988062'}]","It's time for our generation to make our voices heard. I'm working with @TheEconomist on their #OpenFuture video contest and we want to hear from you. 

What's the one thing you would change to build a more open world? https://t.co/o05ARZm5ZO https://t.co/rm8NoKXdsO",en,263,91,1444,30,807003567605227520,2018-07-24T19:02:55.000Z,1021833122734727168,Twitter Web Client,https://t.co/Ze18Ek9SOI,807003567605227520,190363,220,1150,566,2016-12-08T23:26:58.000Z,realamberheard,"Actor and Activist, semi-professional disruptor, ice cream advocate and shameless teacup yorkie-lover",https://pbs.twimg.com/profile_images/1383196364792680448/N8CdupEu_normal.jpg,Amber Heard,"Los Angeles, CA",,1077813822365274112,424,2729,41690,0,2018-12-26T06:30:14.000Z,TeamWoR88318468,"01.01.
03.03.
個n憎⚜️⚜️⚜️憎n個
1+1=3",https://pbs.twimg.com/profile_images/1077827972365799424/I0UarEET_normal.jpg,.Team.Wo.R.K.,France,,,,
@realamberheard ilyyyyy❤ https://t.co/p3xAt4g4nz,und,872585312010031104,2018-07-26T07:41:18.000Z,"[{'type': 'quoted', 'id': '1021833122734727168'}]",1022386363914629120,Twitter Web App,0,0,0,0,"[{'start': 25, 'end': 48, 'url': 'https://t.co/p3xAt4g4nz', 'expanded_url': 'https://twitter.com/realamberheard/status/1021833122734727168', 'display_url': 'twitter.com/realamberheard…'}]","[{'start': 95, 'end': 106, 'tag': 'OpenFuture'}]","[{'start': 219, 'end': 242, 'url': 'https://t.co/o05ARZm5ZO', 'expanded_url': 'https://econ.st/2mDXtNU', 'display_url': 'econ.st/2mDXtNU'}, {'start': 243, 'end': 266, 'url': 'https://t.co/rm8NoKXdsO', 'expanded_url': 'https://twitter.com/realamberheard/status/1021833122734727168/video/1', 'display_url': 'pic.twitter.com/rm8NoKXdsO'}]","[{'start': 72, 'end': 85, 'username': 'TheEconomist', 'id': '5988062'}]","It's time for our generation to make our voices heard. I'm working with @TheEconomist on their #OpenFuture video contest and we want to hear from you. 

What's the one thing you would change to build a more open world? https://t.co/o05ARZm5ZO https://t.co/rm8NoKXdsO",en,263,91,1444,30,807003567605227520,2018-07-24T19:02:55.000Z,1021833122734727168,Twitter Web Client,https://t.co/Ze18Ek9SOI,807003567605227520,190363,220,1150,566,2016-12-08T23:26:58.000Z,realamberheard,"Actor and Activist, semi-professional disruptor, ice cream advocate and shameless teacup yorkie-lover",https://pbs.twimg.com/profile_images/1383196364792680448/N8CdupEu_normal.jpg,Amber Heard,"Los Angeles, CA",https://t.co/PNhE5f9FWs,872585312010031104,266,452,6005,4,2017-06-07T22:45:25.000Z,embluecanary,🇵🇭 Sucker for angst and women in suits | Aspiring writer/screenwriter | Invested in multi. #kardeslerim,https://pbs.twimg.com/profile_images/1458254809300037635/fjKFdVJX_normal.jpg,Maine | writing hiatus,she/her || adult,807003567605227520,"[{'start': 0, 'end': 15, 'username': 'realamberheard', 'id': '807003567605227520'}]",,
I would align the education and professional qualification system so that people could truly become global citizens https://t.co/0AKRBGW5MH,en,714303865198235648,2018-07-26T07:16:40.000Z,"[{'type': 'quoted', 'id': '1021833122734727168'}]",1022380163298942976,Twitter for iPhone,0,0,0,0,"[{'start': 116, 'end': 139, 'url': 'https://t.co/0AKRBGW5MH', 'expanded_url': 'https://twitter.com/realamberheard/status/1021833122734727168', 'display_url': 'twitter.com/realamberheard…'}]","[{'start': 95, 'end': 106, 'tag': 'OpenFuture'}]","[{'start': 219, 'end': 242, 'url': 'https://t.co/o05ARZm5ZO', 'expanded_url': 'https://econ.st/2mDXtNU', 'display_url': 'econ.st/2mDXtNU'}, {'start': 243, 'end': 266, 'url': 'https://t.co/rm8NoKXdsO', 'expanded_url': 'https://twitter.com/realamberheard/status/1021833122734727168/video/1', 'display_url': 'pic.twitter.com/rm8NoKXdsO'}]","[{'start': 72, 'end': 85, 'username': 'TheEconomist', 'id': '5988062'}]","It's time for our generation to make our voices heard. I'm working with @TheEconomist on their #OpenFuture video contest and we want to hear from you. 

What's the one thing you would change to build a more open world? https://t.co/o05ARZm5ZO https://t.co/rm8NoKXdsO",en,263,91,1444,30,807003567605227520,2018-07-24T19:02:55.000Z,1021833122734727168,Twitter Web Client,https://t.co/Ze18Ek9SOI,807003567605227520,190363,220,1150,566,2016-12-08T23:26:58.000Z,realamberheard,"Actor and Activist, semi-professional disruptor, ice cream advocate and shameless teacup yorkie-lover",https://pbs.twimg.com/profile_images/1383196364792680448/N8CdupEu_normal.jpg,Amber Heard,"Los Angeles, CA",,714303865198235648,81,235,1147,3,2016-03-28T04:11:27.000Z,TriciaP_UK,"passionate about service design, life long learner, laughs loudly and loves dogs",https://pbs.twimg.com/profile_images/1405741404777709576/WVT5ouzI_normal.jpg,TP,London,,,,
RT @TheEconomist: How would you build a more open world? https://t.co/3SFNnGTgu7,en,1118639150,2018-07-25T15:59:40.000Z,"[{'type': 'retweeted', 'id': '1022066086542548993'}]",1022149391178719234,Twitter Web App,29,0,0,0,"[{'start': 57, 'end': 80, 'url': 'https://t.co/3SFNnGTgu7', 'expanded_url': 'https://twitter.com/realamberheard/status/1021833122734727168', 'display_url': 'twitter.com/realamberheard…'}]","[{'start': 95, 'end': 106, 'tag': 'OpenFuture'}]","[{'start': 219, 'end': 242, 'url': 'https://t.co/o05ARZm5ZO', 'expanded_url': 'https://econ.st/2mDXtNU', 'display_url': 'econ.st/2mDXtNU'}, {'start': 243, 'end': 266, 'url': 'https://t.co/rm8NoKXdsO', 'expanded_url': 'https://twitter.com/realamberheard/status/1021833122734727168/video/1', 'display_url': 'pic.twitter.com/rm8NoKXdsO'}]","[{'start': 72, 'end': 85, 'username': 'TheEconomist', 'id': '5988062'}]","It's time for our generation to make our voices heard. I'm working with @TheEconomist on their #OpenFuture video contest and we want to hear from you. 

What's the one thing you would change to build a more open world? https://t.co/o05ARZm5ZO https://t.co/rm8NoKXdsO",en,263,91,1444,30,807003567605227520,2018-07-24T19:02:55.000Z,1021833122734727168,Twitter Web Client,https://t.co/Ze18Ek9SOI,807003567605227520,190363,220,1150,566,2016-12-08T23:26:58.000Z,realamberheard,"Actor and Activist, semi-professional disruptor, ice cream advocate and shameless teacup yorkie-lover",https://pbs.twimg.com/profile_images/1383196364792680448/N8CdupEu_normal.jpg,Amber Heard,"Los Angeles, CA",,1118639150,1807,2431,94607,260,2013-01-25T07:06:13.000Z,TrundleAlong,"Economics Lecturer - retired. Economics for past students & colleagues + accessibility, sustainability, natural history, history, health. Retweet ≠agreement",https://pbs.twimg.com/profile_images/759040542663585792/Dbsrl0mS_normal.jpg,Jay,"College, but not a lot now :)",,"[{'start': 3, 'end': 16, 'username': 'TheEconomist', 'id': '5988062'}]",,
RT @ManifestMillen1: The Millennial of the day is @realamberheard : she posted this video calling out young people to share on how they wou…,en,1022080121337917441,2018-07-25T15:47:03.000Z,"[{'type': 'retweeted', 'id': '1022027848452907008'}]",1022146218728742912,Twitter for Android,1,0,0,0,,"[{'start': 95, 'end': 106, 'tag': 'OpenFuture'}]","[{'start': 219, 'end': 242, 'url': 'https://t.co/o05ARZm5ZO', 'expanded_url': 'https://econ.st/2mDXtNU', 'display_url': 'econ.st/2mDXtNU'}, {'start': 243, 'end': 266, 'url': 'https://t.co/rm8NoKXdsO', 'expanded_url': 'https://twitter.com/realamberheard/status/1021833122734727168/video/1', 'display_url': 'pic.twitter.com/rm8NoKXdsO'}]","[{'start': 72, 'end': 85, 'username': 'TheEconomist', 'id': '5988062'}]","It's time for our generation to make our voices heard. I'm working with @TheEconomist on their #OpenFuture video contest and we want to hear from you. 

What's the one thing you would change to build a more open world? https://t.co/o05ARZm5ZO https://t.co/rm8NoKXdsO",en,263,91,1444,30,807003567605227520,2018-07-24T19:02:55.000Z,1021833122734727168,Twitter Web Client,https://t.co/Ze18Ek9SOI,807003567605227520,190363,220,1150,566,2016-12-08T23:26:58.000Z,realamberheard,"Actor and Activist, semi-professional disruptor, ice cream advocate and shameless teacup yorkie-lover",https://pbs.twimg.com/profile_images/1383196364792680448/N8CdupEu_normal.jpg,Amber Heard,"Los Angeles, CA",,1022080121337917441,362,1421,1361,2,2018-07-25T11:24:25.000Z,IndianTeaParty1,"डाई हार्ट फालोवर तो हम राहुल गांधी जी के है, पर हमारे भक्त होने की अफवाह फैलाई जाती है !",https://pbs.twimg.com/profile_images/1022082199435108354/OHhq-4ZA_normal.jpg,Indian Tea Party,Sense Of Humor😉😁,,"[{'start': 3, 'end': 19, 'username': 'ManifestMillen1', 'id': '984639685107507200'}, {'start': 50, 'end': 65, 'username': 'realamberheard', 'id': '807003567605227520'}]",,
Always having subtitles on viral vids would be a cracking start to getting your voice heard... https://t.co/klFQlthsVp,en,97429102,2018-07-25T13:24:13.000Z,"[{'type': 'quoted', 'id': '1021833122734727168'}]",1022110271148630016,Twitter for Android,0,0,1,0,"[{'start': 95, 'end': 118, 'url': 'https://t.co/klFQlthsVp', 'expanded_url': 'https://twitter.com/realamberheard/status/1021833122734727168', 'display_url': 'twitter.com/realamberheard…'}]","[{'start': 95, 'end': 106, 'tag': 'OpenFuture'}]","[{'start': 219, 'end': 242, 'url': 'https://t.co/o05ARZm5ZO', 'expanded_url': 'https://econ.st/2mDXtNU', 'display_url': 'econ.st/2mDXtNU'}, {'start': 243, 'end': 266, 'url': 'https://t.co/rm8NoKXdsO', 'expanded_url': 'https://twitter.com/realamberheard/status/1021833122734727168/video/1', 'display_url': 'pic.twitter.com/rm8NoKXdsO'}]","[{'start': 72, 'end': 85, 'username': 'TheEconomist', 'id': '5988062'}]","It's time for our generation to make our voices heard. I'm working with @TheEconomist on their #OpenFuture video contest and we want to hear from you. 

What's the one thing you would change to build a more open world? https://t.co/o05ARZm5ZO https://t.co/rm8NoKXdsO",en,263,91,1444,30,807003567605227520,2018-07-24T19:02:55.000Z,1021833122734727168,Twitter Web Client,https://t.co/Ze18Ek9SOI,807003567605227520,190363,220,1150,566,2016-12-08T23:26:58.000Z,realamberheard,"Actor and Activist, semi-professional disruptor, ice cream advocate and shameless teacup yorkie-lover",https://pbs.twimg.com/profile_images/1383196364792680448/N8CdupEu_normal.jpg,Amber Heard,"Los Angeles, CA",https://t.co/AB2cVWOUG0,97429102,2574,1760,31347,70,2009-12-17T12:16:29.000Z,betapolitics,Early man did not see the oceans as a barrier but rather as a means of communication. This is science that can not be done behind a desk or by a committee,https://pbs.twimg.com/profile_images/1443911651795820546/5PYQ6gwz_normal.jpg,Nick Denys,Home 🤯,,,,
RT @TheEconomist: How would you build a more open world? https://t.co/3SFNnGTgu7,en,4521330855,2018-07-25T13:02:15.000Z,"[{'type': 'retweeted', 'id': '1022066086542548993'}]",1022104745480282112,AllLibertyNews2,29,0,0,0,"[{'start': 57, 'end': 80, 'url': 'https://t.co/3SFNnGTgu7', 'expanded_url': 'https://twitter.com/realamberheard/status/1021833122734727168', 'display_url': 'twitter.com/realamberheard…'}]","[{'start': 95, 'end': 106, 'tag': 'OpenFuture'}]","[{'start': 219, 'end': 242, 'url': 'https://t.co/o05ARZm5ZO', 'expanded_url': 'https://econ.st/2mDXtNU', 'display_url': 'econ.st/2mDXtNU'}, {'start': 243, 'end': 266, 'url': 'https://t.co/rm8NoKXdsO', 'expanded_url': 'https://twitter.com/realamberheard/status/1021833122734727168/video/1', 'display_url': 'pic.twitter.com/rm8NoKXdsO'}]","[{'start': 72, 'end': 85, 'username': 'TheEconomist', 'id': '5988062'}]","It's time for our generation to make our voices heard. I'm working with @TheEconomist on their #OpenFuture video contest and we want to hear from you. 

What's the one thing you would change to build a more open world? https://t.co/o05ARZm5ZO https://t.co/rm8NoKXdsO",en,263,91,1444,30,807003567605227520,2018-07-24T19:02:55.000Z,1021833122734727168,Twitter Web Client,https://t.co/Ze18Ek9SOI,807003567605227520,190363,220,1150,566,2016-12-08T23:26:58.000Z,realamberheard,"Actor and Activist, semi-professional disruptor, ice cream advocate and shameless teacup yorkie-lover",https://pbs.twimg.com/profile_images/1383196364792680448/N8CdupEu_normal.jpg,Amber Heard,"Los Angeles, CA",,4521330855,17944,3490,1584457,1633,2015-12-18T05:21:26.000Z,alllibertynews,,https://pbs.twimg.com/profile_images/677726486694989824/x5Umx9Jt_normal.png,libertynews,,,"[{'start': 3, 'end': 16, 'username': 'TheEconomist', 'id': '5988062'}]",,
RT @TheEconomist: How would you build a more open world? https://t.co/3SFNnGTgu7,en,179471800,2018-07-25T12:59:32.000Z,"[{'type': 'retweeted', 'id': '1022066086542548993'}]",1022104060311363585,Twitter for iPhone,29,0,0,0,"[{'start': 57, 'end': 80, 'url': 'https://t.co/3SFNnGTgu7', 'expanded_url': 'https://twitter.com/realamberheard/status/1021833122734727168', 'display_url': 'twitter.com/realamberheard…'}]","[{'start': 95, 'end': 106, 'tag': 'OpenFuture'}]","[{'start': 219, 'end': 242, 'url': 'https://t.co/o05ARZm5ZO', 'expanded_url': 'https://econ.st/2mDXtNU', 'display_url': 'econ.st/2mDXtNU'}, {'start': 243, 'end': 266, 'url': 'https://t.co/rm8NoKXdsO', 'expanded_url': 'https://twitter.com/realamberheard/status/1021833122734727168/video/1', 'display_url': 'pic.twitter.com/rm8NoKXdsO'}]","[{'start': 72, 'end': 85, 'username': 'TheEconomist', 'id': '5988062'}]","It's time for our generation to make our voices heard. I'm working with @TheEconomist on their #OpenFuture video contest and we want to hear from you. 

What's the one thing you would change to build a more open world? https://t.co/o05ARZm5ZO https://t.co/rm8NoKXdsO",en,263,91,1444,30,807003567605227520,2018-07-24T19:02:55.000Z,1021833122734727168,Twitter Web Client,https://t.co/Ze18Ek9SOI,807003567605227520,190363,220,1150,566,2016-12-08T23:26:58.000Z,realamberheard,"Actor and Activist, semi-professional disruptor, ice cream advocate and shameless teacup yorkie-lover",https://pbs.twimg.com/profile_images/1383196364792680448/N8CdupEu_normal.jpg,Amber Heard,"Los Angeles, CA",,179471800,274,657,9447,12,2010-08-17T11:11:36.000Z,Deeizzie,"Intuitive Somatic Energy Coach & supervisor. Light frequency healer, EFT, emotion code. Loves- astral travel, art, animals..Fairies & all things magical.",https://pbs.twimg.com/profile_images/1496482348266893315/lV9YK1uH_normal.jpg,Dena,Rochester UK,,"[{'start': 3, 'end': 16, 'username': 'TheEconomist', 'id': '5988062'}]",,
RT @TheEconomist: How would you build a more open world? https://t.co/3SFNnGTgu7,en,105355878,2018-07-25T12:56:03.000Z,"[{'type': 'retweeted', 'id': '1022066086542548993'}]",1022103186025402373,Twitter for iPad,29,0,0,0,"[{'start': 57, 'end': 80, 'url': 'https://t.co/3SFNnGTgu7', 'expanded_url': 'https://twitter.com/realamberheard/status/1021833122734727168', 'display_url': 'twitter.com/realamberheard…'}]","[{'start': 95, 'end': 106, 'tag': 'OpenFuture'}]","[{'start': 219, 'end': 242, 'url': 'https://t.co/o05ARZm5ZO', 'expanded_url': 'https://econ.st/2mDXtNU', 'display_url': 'econ.st/2mDXtNU'}, {'start': 243, 'end': 266, 'url': 'https://t.co/rm8NoKXdsO', 'expanded_url': 'https://twitter.com/realamberheard/status/1021833122734727168/video/1', 'display_url': 'pic.twitter.com/rm8NoKXdsO'}]","[{'start': 72, 'end': 85, 'username': 'TheEconomist', 'id': '5988062'}]","It's time for our generation to make our voices heard. I'm working with @TheEconomist on their #OpenFuture video contest and we want to hear from you. 

What's the one thing you would change to build a more open world? https://t.co/o05ARZm5ZO https://t.co/rm8NoKXdsO",en,263,91,1444,30,807003567605227520,2018-07-24T19:02:55.000Z,1021833122734727168,Twitter Web Client,https://t.co/Ze18Ek9SOI,807003567605227520,190363,220,1150,566,2016-12-08T23:26:58.000Z,realamberheard,"Actor and Activist, semi-professional disruptor, ice cream advocate and shameless teacup yorkie-lover",https://pbs.twimg.com/profile_images/1383196364792680448/N8CdupEu_normal.jpg,Amber Heard,"Los Angeles, CA",,105355878,62,104,7600,0,2010-01-16T03:22:21.000Z,pilfernandez,,https://pbs.twimg.com/profile_images/1474109369054732288/ZajueQOV_normal.jpg,Pilar Fernandez,,,"[{'start': 3, 'end': 16, 'username': 'TheEconomist', 'id': '5988062'}]",,
RT @TheEconomist: How would you build a more open world? https://t.co/3SFNnGTgu7,en,984615413999779840,2018-07-25T12:30:46.000Z,"[{'type': 'retweeted', 'id': '1022066086542548993'}]",1022096822112804864,Twitter for Android,29,0,0,0,"[{'start': 57, 'end': 80, 'url': 'https://t.co/3SFNnGTgu7', 'expanded_url': 'https://twitter.com/realamberheard/status/1021833122734727168', 'display_url': 'twitter.com/realamberheard…'}]","[{'start': 95, 'end': 106, 'tag': 'OpenFuture'}]","[{'start': 219, 'end': 242, 'url': 'https://t.co/o05ARZm5ZO', 'expanded_url': 'https://econ.st/2mDXtNU', 'display_url': 'econ.st/2mDXtNU'}, {'start': 243, 'end': 266, 'url': 'https://t.co/rm8NoKXdsO', 'expanded_url': 'https://twitter.com/realamberheard/status/1021833122734727168/video/1', 'display_url': 'pic.twitter.com/rm8NoKXdsO'}]","[{'start': 72, 'end': 85, 'username': 'TheEconomist', 'id': '5988062'}]","It's time for our generation to make our voices heard. I'm working with @TheEconomist on their #OpenFuture video contest and we want to hear from you. 

What's the one thing you would change to build a more open world? https://t.co/o05ARZm5ZO https://t.co/rm8NoKXdsO",en,263,91,1444,30,807003567605227520,2018-07-24T19:02:55.000Z,1021833122734727168,Twitter Web Client,https://t.co/Ze18Ek9SOI,807003567605227520,190363,220,1150,566,2016-12-08T23:26:58.000Z,realamberheard,"Actor and Activist, semi-professional disruptor, ice cream advocate and shameless teacup yorkie-lover",https://pbs.twimg.com/profile_images/1383196364792680448/N8CdupEu_normal.jpg,Amber Heard,"Los Angeles, CA",https://t.co/N8GNSmiLuw,984615413999779840,1172,290,11410,0,2018-04-13T02:13:02.000Z,patrickmgenge,"MC in weeding and birthday events,Entertainer and a professional dancer",https://pbs.twimg.com/profile_images/1253302956742582273/O3PQbON5_normal.jpg,🅿🅰T🅾254🇰🇪,"Mombasa, Kenya",,"[{'start': 3, 'end': 16, 'username': 'TheEconomist', 'id': '5988062'}]",,
RT @TheEconomist: How would you build a more open world? https://t.co/3SFNnGTgu7,en,749957546,2018-07-25T12:23:02.000Z,"[{'type': 'retweeted', 'id': '1022066086542548993'}]",1022094873304940545,Twitter for iPhone,29,0,0,0,"[{'start': 57, 'end': 80, 'url': 'https://t.co/3SFNnGTgu7', 'expanded_url': 'https://twitter.com/realamberheard/status/1021833122734727168', 'display_url': 'twitter.com/realamberheard…'}]","[{'start': 95, 'end': 106, 'tag': 'OpenFuture'}]","[{'start': 219, 'end': 242, 'url': 'https://t.co/o05ARZm5ZO', 'expanded_url': 'https://econ.st/2mDXtNU', 'display_url': 'econ.st/2mDXtNU'}, {'start': 243, 'end': 266, 'url': 'https://t.co/rm8NoKXdsO', 'expanded_url': 'https://twitter.com/realamberheard/status/1021833122734727168/video/1', 'display_url': 'pic.twitter.com/rm8NoKXdsO'}]","[{'start': 72, 'end': 85, 'username': 'TheEconomist', 'id': '5988062'}]","It's time for our generation to make our voices heard. I'm working with @TheEconomist on their #OpenFuture video contest and we want to hear from you. 

What's the one thing you would change to build a more open world? https://t.co/o05ARZm5ZO https://t.co/rm8NoKXdsO",en,263,91,1444,30,807003567605227520,2018-07-24T19:02:55.000Z,1021833122734727168,Twitter Web Client,https://t.co/Ze18Ek9SOI,807003567605227520,190363,220,1150,566,2016-12-08T23:26:58.000Z,realamberheard,"Actor and Activist, semi-professional disruptor, ice cream advocate and shameless teacup yorkie-lover",https://pbs.twimg.com/profile_images/1383196364792680448/N8CdupEu_normal.jpg,Amber Heard,"Los Angeles, CA",https://t.co/7J3XQnii9E,749957546,250,90,64585,78,2012-08-10T19:59:00.000Z,Camilo_Cubides_,"Economics, Dynamics Consultant Business Central, Dynamics Consultant NAV, Dynamics 365 CRM, Jet Reports and Power BI.",https://pbs.twimg.com/profile_images/731467874661990400/ntb3Qdjh_normal.jpg,Jonathan Camilo,"Amsterdam, North Holland",,"[{'start': 3, 'end': 16, 'username': 'TheEconomist', 'id': '5988062'}]",,
RT @TheEconomist: How would you build a more open world? https://t.co/3SFNnGTgu7,en,206916171,2018-07-25T11:18:42.000Z,"[{'type': 'retweeted', 'id': '1022066086542548993'}]",1022078687188013056,Twitter for iPhone,29,0,0,0,"[{'start': 57, 'end': 80, 'url': 'https://t.co/3SFNnGTgu7', 'expanded_url': 'https://twitter.com/realamberheard/status/1021833122734727168', 'display_url': 'twitter.com/realamberheard…'}]","[{'start': 95, 'end': 106, 'tag': 'OpenFuture'}]","[{'start': 219, 'end': 242, 'url': 'https://t.co/o05ARZm5ZO', 'expanded_url': 'https://econ.st/2mDXtNU', 'display_url': 'econ.st/2mDXtNU'}, {'start': 243, 'end': 266, 'url': 'https://t.co/rm8NoKXdsO', 'expanded_url': 'https://twitter.com/realamberheard/status/1021833122734727168/video/1', 'display_url': 'pic.twitter.com/rm8NoKXdsO'}]","[{'start': 72, 'end': 85, 'username': 'TheEconomist', 'id': '5988062'}]","It's time for our generation to make our voices heard. I'm working with @TheEconomist on their #OpenFuture video contest and we want to hear from you. 

What's the one thing you would change to build a more open world? https://t.co/o05ARZm5ZO https://t.co/rm8NoKXdsO",en,263,91,1444,30,807003567605227520,2018-07-24T19:02:55.000Z,1021833122734727168,Twitter Web Client,https://t.co/Ze18Ek9SOI,807003567605227520,190363,220,1150,566,2016-12-08T23:26:58.000Z,realamberheard,"Actor and Activist, semi-professional disruptor, ice cream advocate and shameless teacup yorkie-lover",https://pbs.twimg.com/profile_images/1383196364792680448/N8CdupEu_normal.jpg,Amber Heard,"Los Angeles, CA",https://t.co/92fXWcQPWz,206916171,499,60,68734,71,2010-10-24T01:48:43.000Z,Zayyyy94,#FIU │ Time is of the essence │ Born To Lose...Built To Win │ iG @Zayyyy94,https://pbs.twimg.com/profile_images/1491523334873522182/XeAzwwyd_normal.jpg,Zavier🇯🇲,$outh Florida ,,"[{'start': 3, 'end': 16, 'username': 'TheEconomist', 'id': '5988062'}]",,
RT @TheEconomist: How would you build a more open world? https://t.co/3SFNnGTgu7,en,234343518,2018-07-25T11:01:28.000Z,"[{'type': 'retweeted', 'id': '1022066086542548993'}]",1022074349640187904,Twitter for iPhone,29,0,0,0,"[{'start': 57, 'end': 80, 'url': 'https://t.co/3SFNnGTgu7', 'expanded_url': 'https://twitter.com/realamberheard/status/1021833122734727168', 'display_url': 'twitter.com/realamberheard…'}]","[{'start': 95, 'end': 106, 'tag': 'OpenFuture'}]","[{'start': 219, 'end': 242, 'url': 'https://t.co/o05ARZm5ZO', 'expanded_url': 'https://econ.st/2mDXtNU', 'display_url': 'econ.st/2mDXtNU'}, {'start': 243, 'end': 266, 'url': 'https://t.co/rm8NoKXdsO', 'expanded_url': 'https://twitter.com/realamberheard/status/1021833122734727168/video/1', 'display_url': 'pic.twitter.com/rm8NoKXdsO'}]","[{'start': 72, 'end': 85, 'username': 'TheEconomist', 'id': '5988062'}]","It's time for our generation to make our voices heard. I'm working with @TheEconomist on their #OpenFuture video contest and we want to hear from you. 

What's the one thing you would change to build a more open world? https://t.co/o05ARZm5ZO https://t.co/rm8NoKXdsO",en,263,91,1444,30,807003567605227520,2018-07-24T19:02:55.000Z,1021833122734727168,Twitter Web Client,https://t.co/Ze18Ek9SOI,807003567605227520,190363,220,1150,566,2016-12-08T23:26:58.000Z,realamberheard,"Actor and Activist, semi-professional disruptor, ice cream advocate and shameless teacup yorkie-lover",https://pbs.twimg.com/profile_images/1383196364792680448/N8CdupEu_normal.jpg,Amber Heard,"Los Angeles, CA",,234343518,3306,3364,1990,1,2011-01-05T12:33:33.000Z,iconsospectacul,PRISTINE IG: @iconsage,https://pbs.twimg.com/profile_images/1204538564488372229/1LZ5Vtqy_normal.jpg,August Icon,"lagos, nigeria",,"[{'start': 3, 'end': 16, 'username': 'TheEconomist', 'id': '5988062'}]",,
RT @TheEconomist: How would you build a more open world? https://t.co/3SFNnGTgu7,en,829289133029867521,2018-07-25T11:01:00.000Z,"[{'type': 'retweeted', 'id': '1022066086542548993'}]",1022074230794604544,Twitter for iPad,29,0,0,0,"[{'start': 57, 'end': 80, 'url': 'https://t.co/3SFNnGTgu7', 'expanded_url': 'https://twitter.com/realamberheard/status/1021833122734727168', 'display_url': 'twitter.com/realamberheard…'}]","[{'start': 95, 'end': 106, 'tag': 'OpenFuture'}]","[{'start': 219, 'end': 242, 'url': 'https://t.co/o05ARZm5ZO', 'expanded_url': 'https://econ.st/2mDXtNU', 'display_url': 'econ.st/2mDXtNU'}, {'start': 243, 'end': 266, 'url': 'https://t.co/rm8NoKXdsO', 'expanded_url': 'https://twitter.com/realamberheard/status/1021833122734727168/video/1', 'display_url': 'pic.twitter.com/rm8NoKXdsO'}]","[{'start': 72, 'end': 85, 'username': 'TheEconomist', 'id': '5988062'}]","It's time for our generation to make our voices heard. I'm working with @TheEconomist on their #OpenFuture video contest and we want to hear from you. 

What's the one thing you would change to build a more open world? https://t.co/o05ARZm5ZO https://t.co/rm8NoKXdsO",en,263,91,1444,30,807003567605227520,2018-07-24T19:02:55.000Z,1021833122734727168,Twitter Web Client,https://t.co/Ze18Ek9SOI,807003567605227520,190363,220,1150,566,2016-12-08T23:26:58.000Z,realamberheard,"Actor and Activist, semi-professional disruptor, ice cream advocate and shameless teacup yorkie-lover",https://pbs.twimg.com/profile_images/1383196364792680448/N8CdupEu_normal.jpg,Amber Heard,"Los Angeles, CA",,829289133029867521,158,284,24039,0,2017-02-08T11:21:51.000Z,SunilVora11,On a seemingly never-ending sabbatical. Love nature and the outdoors. A liberal who believes in equality for all. Definitely a feminist. A europhile remainer.,https://pbs.twimg.com/profile_images/829592093735735302/evIHqSMY_normal.jpg,Sunil Vora,"Arzier-Le Muids, Switzerland",,"[{'start': 3, 'end': 16, 'username': 'TheEconomist', 'id': '5988062'}]",,
RT @TheEconomist: How would you build a more open world? https://t.co/3SFNnGTgu7,en,934934046,2018-07-25T10:54:49.000Z,"[{'type': 'retweeted', 'id': '1022066086542548993'}]",1022072675882217472,Twitter for iPhone,29,0,0,0,"[{'start': 57, 'end': 80, 'url': 'https://t.co/3SFNnGTgu7', 'expanded_url': 'https://twitter.com/realamberheard/status/1021833122734727168', 'display_url': 'twitter.com/realamberheard…'}]","[{'start': 95, 'end': 106, 'tag': 'OpenFuture'}]","[{'start': 219, 'end': 242, 'url': 'https://t.co/o05ARZm5ZO', 'expanded_url': 'https://econ.st/2mDXtNU', 'display_url': 'econ.st/2mDXtNU'}, {'start': 243, 'end': 266, 'url': 'https://t.co/rm8NoKXdsO', 'expanded_url': 'https://twitter.com/realamberheard/status/1021833122734727168/video/1', 'display_url': 'pic.twitter.com/rm8NoKXdsO'}]","[{'start': 72, 'end': 85, 'username': 'TheEconomist', 'id': '5988062'}]","It's time for our generation to make our voices heard. I'm working with @TheEconomist on their #OpenFuture video contest and we want to hear from you. 

What's the one thing you would change to build a more open world? https://t.co/o05ARZm5ZO https://t.co/rm8NoKXdsO",en,263,91,1444,30,807003567605227520,2018-07-24T19:02:55.000Z,1021833122734727168,Twitter Web Client,https://t.co/Ze18Ek9SOI,807003567605227520,190363,220,1150,566,2016-12-08T23:26:58.000Z,realamberheard,"Actor and Activist, semi-professional disruptor, ice cream advocate and shameless teacup yorkie-lover",https://pbs.twimg.com/profile_images/1383196364792680448/N8CdupEu_normal.jpg,Amber Heard,"Los Angeles, CA",,934934046,74,793,15721,18,2012-11-08T16:58:30.000Z,bo_kue,"Policy Advisor - (Re)tweeting about law, economics, politics and sometimes Berlin / RT+FAV ≠ endorsement",https://pbs.twimg.com/profile_images/476973640005984256/OAkkYspV_normal.jpeg,Bosse Kuehn,,,"[{'start': 3, 'end': 16, 'username': 'TheEconomist', 'id': '5988062'}]",,
RT @TheEconomist: How would you build a more open world? https://t.co/3SFNnGTgu7,en,1605356574,2018-07-25T10:53:31.000Z,"[{'type': 'retweeted', 'id': '1022066086542548993'}]",1022072345718968321,Twitter for iPhone,29,0,0,0,"[{'start': 57, 'end': 80, 'url': 'https://t.co/3SFNnGTgu7', 'expanded_url': 'https://twitter.com/realamberheard/status/1021833122734727168', 'display_url': 'twitter.com/realamberheard…'}]","[{'start': 95, 'end': 106, 'tag': 'OpenFuture'}]","[{'start': 219, 'end': 242, 'url': 'https://t.co/o05ARZm5ZO', 'expanded_url': 'https://econ.st/2mDXtNU', 'display_url': 'econ.st/2mDXtNU'}, {'start': 243, 'end': 266, 'url': 'https://t.co/rm8NoKXdsO', 'expanded_url': 'https://twitter.com/realamberheard/status/1021833122734727168/video/1', 'display_url': 'pic.twitter.com/rm8NoKXdsO'}]","[{'start': 72, 'end': 85, 'username': 'TheEconomist', 'id': '5988062'}]","It's time for our generation to make our voices heard. I'm working with @TheEconomist on their #OpenFuture video contest and we want to hear from you. 

What's the one thing you would change to build a more open world? https://t.co/o05ARZm5ZO https://t.co/rm8NoKXdsO",en,263,91,1444,30,807003567605227520,2018-07-24T19:02:55.000Z,1021833122734727168,Twitter Web Client,https://t.co/Ze18Ek9SOI,807003567605227520,190363,220,1150,566,2016-12-08T23:26:58.000Z,realamberheard,"Actor and Activist, semi-professional disruptor, ice cream advocate and shameless teacup yorkie-lover",https://pbs.twimg.com/profile_images/1383196364792680448/N8CdupEu_normal.jpg,Amber Heard,"Los Angeles, CA",https://t.co/TxsLb4fRIR,1605356574,1565,762,9820,9,2013-07-19T07:59:09.000Z,okilamari,lost in time,https://pbs.twimg.com/profile_images/1505398561462181889/vShNxJC4_normal.jpg,akil omari,,,"[{'start': 3, 'end': 16, 'username': 'TheEconomist', 'id': '5988062'}]",,
RT @TheEconomist: How would you build a more open world? https://t.co/3SFNnGTgu7,en,4717318832,2018-07-25T10:52:06.000Z,"[{'type': 'retweeted', 'id': '1022066086542548993'}]",1022071990503370752,Twitter for Android,29,0,0,0,"[{'start': 57, 'end': 80, 'url': 'https://t.co/3SFNnGTgu7', 'expanded_url': 'https://twitter.com/realamberheard/status/1021833122734727168', 'display_url': 'twitter.com/realamberheard…'}]","[{'start': 95, 'end': 106, 'tag': 'OpenFuture'}]","[{'start': 219, 'end': 242, 'url': 'https://t.co/o05ARZm5ZO', 'expanded_url': 'https://econ.st/2mDXtNU', 'display_url': 'econ.st/2mDXtNU'}, {'start': 243, 'end': 266, 'url': 'https://t.co/rm8NoKXdsO', 'expanded_url': 'https://twitter.com/realamberheard/status/1021833122734727168/video/1', 'display_url': 'pic.twitter.com/rm8NoKXdsO'}]","[{'start': 72, 'end': 85, 'username': 'TheEconomist', 'id': '5988062'}]","It's time for our generation to make our voices heard. I'm working with @TheEconomist on their #OpenFuture video contest and we want to hear from you. 

What's the one thing you would change to build a more open world? https://t.co/o05ARZm5ZO https://t.co/rm8NoKXdsO",en,263,91,1444,30,807003567605227520,2018-07-24T19:02:55.000Z,1021833122734727168,Twitter Web Client,https://t.co/Ze18Ek9SOI,807003567605227520,190363,220,1150,566,2016-12-08T23:26:58.000Z,realamberheard,"Actor and Activist, semi-professional disruptor, ice cream advocate and shameless teacup yorkie-lover",https://pbs.twimg.com/profile_images/1383196364792680448/N8CdupEu_normal.jpg,Amber Heard,"Los Angeles, CA",https://t.co/wAX6LNOv9X,4717318832,1246,2844,8894,86,2016-01-06T06:58:43.000Z,SCaseyNZ,Views are my own. she/her,https://pbs.twimg.com/profile_images/874201436552179712/lV30FgRd_normal.jpg,Sarah Casey,New Zealand,,"[{'start': 3, 'end': 16, 'username': 'TheEconomist', 'id': '5988062'}]",,
RT @TheEconomist: How would you build a more open world? https://t.co/3SFNnGTgu7,en,893810545,2018-07-25T10:50:40.000Z,"[{'type': 'retweeted', 'id': '1022066086542548993'}]",1022071630833561601,Twitter for iPhone,29,0,0,0,"[{'start': 57, 'end': 80, 'url': 'https://t.co/3SFNnGTgu7', 'expanded_url': 'https://twitter.com/realamberheard/status/1021833122734727168', 'display_url': 'twitter.com/realamberheard…'}]","[{'start': 95, 'end': 106, 'tag': 'OpenFuture'}]","[{'start': 219, 'end': 242, 'url': 'https://t.co/o05ARZm5ZO', 'expanded_url': 'https://econ.st/2mDXtNU', 'display_url': 'econ.st/2mDXtNU'}, {'start': 243, 'end': 266, 'url': 'https://t.co/rm8NoKXdsO', 'expanded_url': 'https://twitter.com/realamberheard/status/1021833122734727168/video/1', 'display_url': 'pic.twitter.com/rm8NoKXdsO'}]","[{'start': 72, 'end': 85, 'username': 'TheEconomist', 'id': '5988062'}]","It's time for our generation to make our voices heard. I'm working with @TheEconomist on their #OpenFuture video contest and we want to hear from you. 

What's the one thing you would change to build a more open world? https://t.co/o05ARZm5ZO https://t.co/rm8NoKXdsO",en,263,91,1444,30,807003567605227520,2018-07-24T19:02:55.000Z,1021833122734727168,Twitter Web Client,https://t.co/Ze18Ek9SOI,807003567605227520,190363,220,1150,566,2016-12-08T23:26:58.000Z,realamberheard,"Actor and Activist, semi-professional disruptor, ice cream advocate and shameless teacup yorkie-lover",https://pbs.twimg.com/profile_images/1383196364792680448/N8CdupEu_normal.jpg,Amber Heard,"Los Angeles, CA",https://t.co/v8q7Nhz7xd,893810545,12071,796,388330,66,2012-10-20T18:45:47.000Z,NgowiGold,"The Quiet Don| GuRu| Creative and Digital connoisseur| Boychild activist| @sc, @SimbaSCTanzania & @SpursOfficial diehard fan|",https://pbs.twimg.com/profile_images/1505794409652228097/cxavVeVq_normal.jpg,Russell Bufalino #77 🇿🇦,"Dar es Salaam, Tanzania",,"[{'start': 3, 'end': 16, 'username': 'TheEconomist', 'id': '5988062'}]",,
"TheEconomist: How would you build a more open world? https://t.co/PhAv4SnfOc

How would you build a more open world? https://t.co/PhAv4SnfOc

— The Economist (TheEconomist) July 25, 2018",en,163252454,2018-07-25T10:46:18.000Z,"[{'type': 'quoted', 'id': '1021833122734727168'}]",1022070532282494976,IFTTT,0,0,0,0,"[{'start': 53, 'end': 76, 'url': 'https://t.co/PhAv4SnfOc', 'expanded_url': 'https://twitter.com/realamberheard/status/1021833122734727168', 'display_url': 'twitter.com/realamberheard…'}, {'start': 117, 'end': 140, 'url': 'https://t.co/PhAv4SnfOc', 'expanded_url': 'https://twitter.com/realamberheard/status/1021833122734727168', 'display_url': 'twitter.com/realamberheard…'}]","[{'start': 95, 'end': 106, 'tag': 'OpenFuture'}]","[{'start': 219, 'end': 242, 'url': 'https://t.co/o05ARZm5ZO', 'expanded_url': 'https://econ.st/2mDXtNU', 'display_url': 'econ.st/2mDXtNU'}, {'start': 243, 'end': 266, 'url': 'https://t.co/rm8NoKXdsO', 'expanded_url': 'https://twitter.com/realamberheard/status/1021833122734727168/video/1', 'display_url': 'pic.twitter.com/rm8NoKXdsO'}]","[{'start': 72, 'end': 85, 'username': 'TheEconomist', 'id': '5988062'}]","It's time for our generation to make our voices heard. I'm working with @TheEconomist on their #OpenFuture video contest and we want to hear from you. 

What's the one thing you would change to build a more open world? https://t.co/o05ARZm5ZO https://t.co/rm8NoKXdsO",en,263,91,1444,30,807003567605227520,2018-07-24T19:02:55.000Z,1021833122734727168,Twitter Web Client,https://t.co/Ze18Ek9SOI,807003567605227520,190363,220,1150,566,2016-12-08T23:26:58.000Z,realamberheard,"Actor and Activist, semi-professional disruptor, ice cream advocate and shameless teacup yorkie-lover",https://pbs.twimg.com/profile_images/1383196364792680448/N8CdupEu_normal.jpg,Amber Heard,"Los Angeles, CA",https://t.co/Q8CTJzY6sI,163252454,3926,4010,306401,88,2010-07-05T23:19:43.000Z,JesusCasiqueM,Economista. Profesor Universidad Politécnica Mérida #Venezolano #católico #Gerenciadeproyectos #ProyectosdeInversión #Consultor #Marketing #Gerencia #Bloggers,https://pbs.twimg.com/profile_images/1026899568833781760/UVgjjO6O_normal.jpg,JesusCasiqueM,"Mérida, Venezuela",,,"[{'start': 0, 'end': 11, 'probability': 0.438, 'type': 'Organization', 'normalized_text': 'TheEconomist'}]",
RT @TheEconomist: How would you build a more open world? https://t.co/3SFNnGTgu7,en,607937810,2018-07-25T10:46:05.000Z,"[{'type': 'retweeted', 'id': '1022066086542548993'}]",1022070478620577792,Twitter Web App,29,0,0,0,"[{'start': 57, 'end': 80, 'url': 'https://t.co/3SFNnGTgu7', 'expanded_url': 'https://twitter.com/realamberheard/status/1021833122734727168', 'display_url': 'twitter.com/realamberheard…'}]","[{'start': 95, 'end': 106, 'tag': 'OpenFuture'}]","[{'start': 219, 'end': 242, 'url': 'https://t.co/o05ARZm5ZO', 'expanded_url': 'https://econ.st/2mDXtNU', 'display_url': 'econ.st/2mDXtNU'}, {'start': 243, 'end': 266, 'url': 'https://t.co/rm8NoKXdsO', 'expanded_url': 'https://twitter.com/realamberheard/status/1021833122734727168/video/1', 'display_url': 'pic.twitter.com/rm8NoKXdsO'}]","[{'start': 72, 'end': 85, 'username': 'TheEconomist', 'id': '5988062'}]","It's time for our generation to make our voices heard. I'm working with @TheEconomist on their #OpenFuture video contest and we want to hear from you. 

What's the one thing you would change to build a more open world? https://t.co/o05ARZm5ZO https://t.co/rm8NoKXdsO",en,263,91,1444,30,807003567605227520,2018-07-24T19:02:55.000Z,1021833122734727168,Twitter Web Client,https://t.co/Ze18Ek9SOI,807003567605227520,190363,220,1150,566,2016-12-08T23:26:58.000Z,realamberheard,"Actor and Activist, semi-professional disruptor, ice cream advocate and shameless teacup yorkie-lover",https://pbs.twimg.com/profile_images/1383196364792680448/N8CdupEu_normal.jpg,Amber Heard,"Los Angeles, CA",,607937810,1759,2006,37091,0,2012-06-14T08:06:25.000Z,PacificTT,"Any time. 
Any where. 
Any one. 
Any thing.",https://pbs.twimg.com/profile_images/1142777927211388928/qfhDc3_k_normal.png,Pacific,"Wyoming, USA",,"[{'start': 3, 'end': 16, 'username': 'TheEconomist', 'id': '5988062'}]",,
RT @TheEconomist: How would you build a more open world? https://t.co/3SFNnGTgu7,en,2288442764,2018-07-25T10:44:07.000Z,"[{'type': 'retweeted', 'id': '1022066086542548993'}]",1022069983688486914,Twitter for Android,29,0,0,0,"[{'start': 57, 'end': 80, 'url': 'https://t.co/3SFNnGTgu7', 'expanded_url': 'https://twitter.com/realamberheard/status/1021833122734727168', 'display_url': 'twitter.com/realamberheard…'}]","[{'start': 95, 'end': 106, 'tag': 'OpenFuture'}]","[{'start': 219, 'end': 242, 'url': 'https://t.co/o05ARZm5ZO', 'expanded_url': 'https://econ.st/2mDXtNU', 'display_url': 'econ.st/2mDXtNU'}, {'start': 243, 'end': 266, 'url': 'https://t.co/rm8NoKXdsO', 'expanded_url': 'https://twitter.com/realamberheard/status/1021833122734727168/video/1', 'display_url': 'pic.twitter.com/rm8NoKXdsO'}]","[{'start': 72, 'end': 85, 'username': 'TheEconomist', 'id': '5988062'}]","It's time for our generation to make our voices heard. I'm working with @TheEconomist on their #OpenFuture video contest and we want to hear from you. 

What's the one thing you would change to build a more open world? https://t.co/o05ARZm5ZO https://t.co/rm8NoKXdsO",en,263,91,1444,30,807003567605227520,2018-07-24T19:02:55.000Z,1021833122734727168,Twitter Web Client,https://t.co/Ze18Ek9SOI,807003567605227520,190363,220,1150,566,2016-12-08T23:26:58.000Z,realamberheard,"Actor and Activist, semi-professional disruptor, ice cream advocate and shameless teacup yorkie-lover",https://pbs.twimg.com/profile_images/1383196364792680448/N8CdupEu_normal.jpg,Amber Heard,"Los Angeles, CA",https://t.co/qBLvWymclO,2288442764,329,1219,31266,18,2014-01-12T17:20:50.000Z,markoucheng,"🎞️ Senior Video Editor, 📷 Photographer, ✍️ Writer. ½ Chinese, ½ Vietnamese. He/Him. #StopAsianHate. Twitch: @pretendasaurTTV",https://pbs.twimg.com/profile_images/1401514602463207431/kMt7bU4__normal.jpg,mark.,"London, England",,"[{'start': 3, 'end': 16, 'username': 'TheEconomist', 'id': '5988062'}]",,
RT @TheEconomist: How would you build a more open world? https://t.co/3SFNnGTgu7,en,3271140602,2018-07-25T10:43:58.000Z,"[{'type': 'retweeted', 'id': '1022066086542548993'}]",1022069943636901888,Twitter for Android,29,0,0,0,"[{'start': 57, 'end': 80, 'url': 'https://t.co/3SFNnGTgu7', 'expanded_url': 'https://twitter.com/realamberheard/status/1021833122734727168', 'display_url': 'twitter.com/realamberheard…'}]","[{'start': 95, 'end': 106, 'tag': 'OpenFuture'}]","[{'start': 219, 'end': 242, 'url': 'https://t.co/o05ARZm5ZO', 'expanded_url': 'https://econ.st/2mDXtNU', 'display_url': 'econ.st/2mDXtNU'}, {'start': 243, 'end': 266, 'url': 'https://t.co/rm8NoKXdsO', 'expanded_url': 'https://twitter.com/realamberheard/status/1021833122734727168/video/1', 'display_url': 'pic.twitter.com/rm8NoKXdsO'}]","[{'start': 72, 'end': 85, 'username': 'TheEconomist', 'id': '5988062'}]","It's time for our generation to make our voices heard. I'm working with @TheEconomist on their #OpenFuture video contest and we want to hear from you. 

What's the one thing you would change to build a more open world? https://t.co/o05ARZm5ZO https://t.co/rm8NoKXdsO",en,263,91,1444,30,807003567605227520,2018-07-24T19:02:55.000Z,1021833122734727168,Twitter Web Client,https://t.co/Ze18Ek9SOI,807003567605227520,190363,220,1150,566,2016-12-08T23:26:58.000Z,realamberheard,"Actor and Activist, semi-professional disruptor, ice cream advocate and shameless teacup yorkie-lover",https://pbs.twimg.com/profile_images/1383196364792680448/N8CdupEu_normal.jpg,Amber Heard,"Los Angeles, CA",,3271140602,15,19,3540,1,2015-07-07T16:22:00.000Z,care_fish,My tweets are Retweet and Qoute Tweet because we share the same great ideas. Why not. 💩😃☺,https://pbs.twimg.com/profile_images/1211582913269026817/RDUWa451_normal.jpg,Ca,,,"[{'start': 3, 'end': 16, 'username': 'TheEconomist', 'id': '5988062'}]",,
RT @TheEconomist: How would you build a more open world? https://t.co/3SFNnGTgu7,en,2191636462,2018-07-25T10:39:53.000Z,"[{'type': 'retweeted', 'id': '1022066086542548993'}]",1022068917659942912,Twitter for iPhone,29,0,0,0,"[{'start': 57, 'end': 80, 'url': 'https://t.co/3SFNnGTgu7', 'expanded_url': 'https://twitter.com/realamberheard/status/1021833122734727168', 'display_url': 'twitter.com/realamberheard…'}]","[{'start': 95, 'end': 106, 'tag': 'OpenFuture'}]","[{'start': 219, 'end': 242, 'url': 'https://t.co/o05ARZm5ZO', 'expanded_url': 'https://econ.st/2mDXtNU', 'display_url': 'econ.st/2mDXtNU'}, {'start': 243, 'end': 266, 'url': 'https://t.co/rm8NoKXdsO', 'expanded_url': 'https://twitter.com/realamberheard/status/1021833122734727168/video/1', 'display_url': 'pic.twitter.com/rm8NoKXdsO'}]","[{'start': 72, 'end': 85, 'username': 'TheEconomist', 'id': '5988062'}]","It's time for our generation to make our voices heard. I'm working with @TheEconomist on their #OpenFuture video contest and we want to hear from you. 

What's the one thing you would change to build a more open world? https://t.co/o05ARZm5ZO https://t.co/rm8NoKXdsO",en,263,91,1444,30,807003567605227520,2018-07-24T19:02:55.000Z,1021833122734727168,Twitter Web Client,https://t.co/Ze18Ek9SOI,807003567605227520,190363,220,1150,566,2016-12-08T23:26:58.000Z,realamberheard,"Actor and Activist, semi-professional disruptor, ice cream advocate and shameless teacup yorkie-lover",https://pbs.twimg.com/profile_images/1383196364792680448/N8CdupEu_normal.jpg,Amber Heard,"Los Angeles, CA",https://t.co/w7cT2krFT0,2191636462,806,946,184235,40,2013-11-22T17:42:36.000Z,clar_idadE,"Projects and Trains lover! With my heart in Nicaragua, bits of me remain in the UK and Spain. Life is to be lived to the fullest. Let’s care about the planet 🌎",https://pbs.twimg.com/profile_images/1110870476841238530/UbC9j8Uj_normal.jpg,Clarae! 🌈👩🏽‍🎨💟,"London, United Kingdom ",,"[{'start': 3, 'end': 16, 'username': 'TheEconomist', 'id': '5988062'}]",,
RT @TheEconomist: How would you build a more open world? https://t.co/3SFNnGTgu7,en,567239293,2018-07-25T10:36:05.000Z,"[{'type': 'retweeted', 'id': '1022066086542548993'}]",1022067958296731648,dlvr.it,29,0,0,0,"[{'start': 57, 'end': 80, 'url': 'https://t.co/3SFNnGTgu7', 'expanded_url': 'https://twitter.com/realamberheard/status/1021833122734727168', 'display_url': 'twitter.com/realamberheard…'}]","[{'start': 95, 'end': 106, 'tag': 'OpenFuture'}]","[{'start': 219, 'end': 242, 'url': 'https://t.co/o05ARZm5ZO', 'expanded_url': 'https://econ.st/2mDXtNU', 'display_url': 'econ.st/2mDXtNU'}, {'start': 243, 'end': 266, 'url': 'https://t.co/rm8NoKXdsO', 'expanded_url': 'https://twitter.com/realamberheard/status/1021833122734727168/video/1', 'display_url': 'pic.twitter.com/rm8NoKXdsO'}]","[{'start': 72, 'end': 85, 'username': 'TheEconomist', 'id': '5988062'}]","It's time for our generation to make our voices heard. I'm working with @TheEconomist on their #OpenFuture video contest and we want to hear from you. 

What's the one thing you would change to build a more open world? https://t.co/o05ARZm5ZO https://t.co/rm8NoKXdsO",en,263,91,1444,30,807003567605227520,2018-07-24T19:02:55.000Z,1021833122734727168,Twitter Web Client,https://t.co/Ze18Ek9SOI,807003567605227520,190363,220,1150,566,2016-12-08T23:26:58.000Z,realamberheard,"Actor and Activist, semi-professional disruptor, ice cream advocate and shameless teacup yorkie-lover",https://pbs.twimg.com/profile_images/1383196364792680448/N8CdupEu_normal.jpg,Amber Heard,"Los Angeles, CA",http://t.co/iXpRxPppWs,567239293,1304,1404,117399,80,2012-04-30T13:47:10.000Z,GillesHerard,"Businessman, merchant banker, private equity investor, Managing Director of Capital Corp Merchant Banking",https://pbs.twimg.com/profile_images/2178693011/Image0989.1_normal.jpg,"Gilles Herard, Jr.",,,"[{'start': 3, 'end': 16, 'username': 'TheEconomist', 'id': '5988062'}]",,
RT @TheEconomist: How would you build a more open world? https://t.co/3SFNnGTgu7,en,787679095593308160,2018-07-25T10:33:33.000Z,"[{'type': 'retweeted', 'id': '1022066086542548993'}]",1022067321744048129,Twitter for iPhone,29,0,0,0,"[{'start': 57, 'end': 80, 'url': 'https://t.co/3SFNnGTgu7', 'expanded_url': 'https://twitter.com/realamberheard/status/1021833122734727168', 'display_url': 'twitter.com/realamberheard…'}]","[{'start': 95, 'end': 106, 'tag': 'OpenFuture'}]","[{'start': 219, 'end': 242, 'url': 'https://t.co/o05ARZm5ZO', 'expanded_url': 'https://econ.st/2mDXtNU', 'display_url': 'econ.st/2mDXtNU'}, {'start': 243, 'end': 266, 'url': 'https://t.co/rm8NoKXdsO', 'expanded_url': 'https://twitter.com/realamberheard/status/1021833122734727168/video/1', 'display_url': 'pic.twitter.com/rm8NoKXdsO'}]","[{'start': 72, 'end': 85, 'username': 'TheEconomist', 'id': '5988062'}]","It's time for our generation to make our voices heard. I'm working with @TheEconomist on their #OpenFuture video contest and we want to hear from you. 

What's the one thing you would change to build a more open world? https://t.co/o05ARZm5ZO https://t.co/rm8NoKXdsO",en,263,91,1444,30,807003567605227520,2018-07-24T19:02:55.000Z,1021833122734727168,Twitter Web Client,https://t.co/Ze18Ek9SOI,807003567605227520,190363,220,1150,566,2016-12-08T23:26:58.000Z,realamberheard,"Actor and Activist, semi-professional disruptor, ice cream advocate and shameless teacup yorkie-lover",https://pbs.twimg.com/profile_images/1383196364792680448/N8CdupEu_normal.jpg,Amber Heard,"Los Angeles, CA",,787679095593308160,121,493,704,0,2016-10-16T15:38:25.000Z,MitaronStoneJr,Mens Agitat Molem (Mind Moves Matter),https://pbs.twimg.com/profile_images/989600578966818816/LMqgy-dg_normal.jpg,Joshua M. Stone,"Dar es Salaam, Tanzania",,"[{'start': 3, 'end': 16, 'username': 'TheEconomist', 'id': '5988062'}]",,
RT @TheEconomist: How would you build a more open world? https://t.co/3SFNnGTgu7,en,1173373472,2018-07-25T10:33:09.000Z,"[{'type': 'retweeted', 'id': '1022066086542548993'}]",1022067222661844992,Twitter for iPhone,29,0,0,0,"[{'start': 57, 'end': 80, 'url': 'https://t.co/3SFNnGTgu7', 'expanded_url': 'https://twitter.com/realamberheard/status/1021833122734727168', 'display_url': 'twitter.com/realamberheard…'}]","[{'start': 95, 'end': 106, 'tag': 'OpenFuture'}]","[{'start': 219, 'end': 242, 'url': 'https://t.co/o05ARZm5ZO', 'expanded_url': 'https://econ.st/2mDXtNU', 'display_url': 'econ.st/2mDXtNU'}, {'start': 243, 'end': 266, 'url': 'https://t.co/rm8NoKXdsO', 'expanded_url': 'https://twitter.com/realamberheard/status/1021833122734727168/video/1', 'display_url': 'pic.twitter.com/rm8NoKXdsO'}]","[{'start': 72, 'end': 85, 'username': 'TheEconomist', 'id': '5988062'}]","It's time for our generation to make our voices heard. I'm working with @TheEconomist on their #OpenFuture video contest and we want to hear from you. 

What's the one thing you would change to build a more open world? https://t.co/o05ARZm5ZO https://t.co/rm8NoKXdsO",en,263,91,1444,30,807003567605227520,2018-07-24T19:02:55.000Z,1021833122734727168,Twitter Web Client,https://t.co/Ze18Ek9SOI,807003567605227520,190363,220,1150,566,2016-12-08T23:26:58.000Z,realamberheard,"Actor and Activist, semi-professional disruptor, ice cream advocate and shameless teacup yorkie-lover",https://pbs.twimg.com/profile_images/1383196364792680448/N8CdupEu_normal.jpg,Amber Heard,"Los Angeles, CA",,1173373472,316,1416,105034,2,2013-02-12T23:42:38.000Z,trell_man,,https://pbs.twimg.com/profile_images/1482735581423669252/9fM0qo1W_normal.jpg,lp27,,,"[{'start': 3, 'end': 16, 'username': 'TheEconomist', 'id': '5988062'}]",,
RT @TheEconomist: How would you build a more open world? https://t.co/3SFNnGTgu7,en,2704200758,2018-07-25T10:33:01.000Z,"[{'type': 'retweeted', 'id': '1022066086542548993'}]",1022067190042959872,Twitter for Android,29,0,0,0,"[{'start': 57, 'end': 80, 'url': 'https://t.co/3SFNnGTgu7', 'expanded_url': 'https://twitter.com/realamberheard/status/1021833122734727168', 'display_url': 'twitter.com/realamberheard…'}]","[{'start': 95, 'end': 106, 'tag': 'OpenFuture'}]","[{'start': 219, 'end': 242, 'url': 'https://t.co/o05ARZm5ZO', 'expanded_url': 'https://econ.st/2mDXtNU', 'display_url': 'econ.st/2mDXtNU'}, {'start': 243, 'end': 266, 'url': 'https://t.co/rm8NoKXdsO', 'expanded_url': 'https://twitter.com/realamberheard/status/1021833122734727168/video/1', 'display_url': 'pic.twitter.com/rm8NoKXdsO'}]","[{'start': 72, 'end': 85, 'username': 'TheEconomist', 'id': '5988062'}]","It's time for our generation to make our voices heard. I'm working with @TheEconomist on their #OpenFuture video contest and we want to hear from you. 

What's the one thing you would change to build a more open world? https://t.co/o05ARZm5ZO https://t.co/rm8NoKXdsO",en,263,91,1444,30,807003567605227520,2018-07-24T19:02:55.000Z,1021833122734727168,Twitter Web Client,https://t.co/Ze18Ek9SOI,807003567605227520,190363,220,1150,566,2016-12-08T23:26:58.000Z,realamberheard,"Actor and Activist, semi-professional disruptor, ice cream advocate and shameless teacup yorkie-lover",https://pbs.twimg.com/profile_images/1383196364792680448/N8CdupEu_normal.jpg,Amber Heard,"Los Angeles, CA",,2704200758,690,690,49846,0,2014-08-03T13:57:09.000Z,aunmuhammadk1,"Proud Pashtun Pakistani, who wants to make a difference. #FreeKashmir #FreePalestine",https://pbs.twimg.com/profile_images/1162281594758975491/JYGl-_Wi_normal.jpg,Aun Muhammad Khan,Mountains ,,"[{'start': 3, 'end': 16, 'username': 'TheEconomist', 'id': '5988062'}]",,
Great speech from the queen of the seven seas https://t.co/sXHTc4q0MJ,en,905551721446875136,2018-07-25T10:32:19.000Z,"[{'type': 'quoted', 'id': '1021833122734727168'}]",1022067010828554242,Twitter for Android,0,0,0,0,"[{'start': 46, 'end': 69, 'url': 'https://t.co/sXHTc4q0MJ', 'expanded_url': 'https://twitter.com/realamberheard/status/1021833122734727168', 'display_url': 'twitter.com/realamberheard…'}]","[{'start': 95, 'end': 106, 'tag': 'OpenFuture'}]","[{'start': 219, 'end': 242, 'url': 'https://t.co/o05ARZm5ZO', 'expanded_url': 'https://econ.st/2mDXtNU', 'display_url': 'econ.st/2mDXtNU'}, {'start': 243, 'end': 266, 'url': 'https://t.co/rm8NoKXdsO', 'expanded_url': 'https://twitter.com/realamberheard/status/1021833122734727168/video/1', 'display_url': 'pic.twitter.com/rm8NoKXdsO'}]","[{'start': 72, 'end': 85, 'username': 'TheEconomist', 'id': '5988062'}]","It's time for our generation to make our voices heard. I'm working with @TheEconomist on their #OpenFuture video contest and we want to hear from you. 

What's the one thing you would change to build a more open world? https://t.co/o05ARZm5ZO https://t.co/rm8NoKXdsO",en,263,91,1444,30,807003567605227520,2018-07-24T19:02:55.000Z,1021833122734727168,Twitter Web Client,https://t.co/Ze18Ek9SOI,807003567605227520,190363,220,1150,566,2016-12-08T23:26:58.000Z,realamberheard,"Actor and Activist, semi-professional disruptor, ice cream advocate and shameless teacup yorkie-lover",https://pbs.twimg.com/profile_images/1383196364792680448/N8CdupEu_normal.jpg,Amber Heard,"Los Angeles, CA",https://t.co/7Slc6h1LSi,905551721446875136,147,539,7359,0,2017-09-06T22:02:09.000Z,daffa8799,everything touching,https://pbs.twimg.com/profile_images/1475535135013367813/EYmqyTo9_normal.jpg,kant simp,,,,,
RT @TheEconomist: How would you build a more open world? https://t.co/3SFNnGTgu7,en,707150890512347137,2018-07-25T10:32:13.000Z,"[{'type': 'retweeted', 'id': '1022066086542548993'}]",1022066988796051456,Twitter for iPhone,29,0,0,0,"[{'start': 57, 'end': 80, 'url': 'https://t.co/3SFNnGTgu7', 'expanded_url': 'https://twitter.com/realamberheard/status/1021833122734727168', 'display_url': 'twitter.com/realamberheard…'}]","[{'start': 95, 'end': 106, 'tag': 'OpenFuture'}]","[{'start': 219, 'end': 242, 'url': 'https://t.co/o05ARZm5ZO', 'expanded_url': 'https://econ.st/2mDXtNU', 'display_url': 'econ.st/2mDXtNU'}, {'start': 243, 'end': 266, 'url': 'https://t.co/rm8NoKXdsO', 'expanded_url': 'https://twitter.com/realamberheard/status/1021833122734727168/video/1', 'display_url': 'pic.twitter.com/rm8NoKXdsO'}]","[{'start': 72, 'end': 85, 'username': 'TheEconomist', 'id': '5988062'}]","It's time for our generation to make our voices heard. I'm working with @TheEconomist on their #OpenFuture video contest and we want to hear from you. 

What's the one thing you would change to build a more open world? https://t.co/o05ARZm5ZO https://t.co/rm8NoKXdsO",en,263,91,1444,30,807003567605227520,2018-07-24T19:02:55.000Z,1021833122734727168,Twitter Web Client,https://t.co/Ze18Ek9SOI,807003567605227520,190363,220,1150,566,2016-12-08T23:26:58.000Z,realamberheard,"Actor and Activist, semi-professional disruptor, ice cream advocate and shameless teacup yorkie-lover",https://pbs.twimg.com/profile_images/1383196364792680448/N8CdupEu_normal.jpg,Amber Heard,"Los Angeles, CA",,707150890512347137,1382,720,6190,40,2016-03-08T10:28:05.000Z,adrian_sonder,Landesgeschäftsführer @CDU_BW,https://pbs.twimg.com/profile_images/1207636142646005762/LzBLI2TB_normal.jpg,Adrian Sonder,"Berlin, Germany",,"[{'start': 3, 'end': 16, 'username': 'TheEconomist', 'id': '5988062'}]",,
RT @TheEconomist: How would you build a more open world? https://t.co/3SFNnGTgu7,en,976882801,2018-07-25T10:30:47.000Z,"[{'type': 'retweeted', 'id': '1022066086542548993'}]",1022066628299649025,Twitter for iPhone,29,0,0,0,"[{'start': 57, 'end': 80, 'url': 'https://t.co/3SFNnGTgu7', 'expanded_url': 'https://twitter.com/realamberheard/status/1021833122734727168', 'display_url': 'twitter.com/realamberheard…'}]","[{'start': 95, 'end': 106, 'tag': 'OpenFuture'}]","[{'start': 219, 'end': 242, 'url': 'https://t.co/o05ARZm5ZO', 'expanded_url': 'https://econ.st/2mDXtNU', 'display_url': 'econ.st/2mDXtNU'}, {'start': 243, 'end': 266, 'url': 'https://t.co/rm8NoKXdsO', 'expanded_url': 'https://twitter.com/realamberheard/status/1021833122734727168/video/1', 'display_url': 'pic.twitter.com/rm8NoKXdsO'}]","[{'start': 72, 'end': 85, 'username': 'TheEconomist', 'id': '5988062'}]","It's time for our generation to make our voices heard. I'm working with @TheEconomist on their #OpenFuture video contest and we want to hear from you. 

What's the one thing you would change to build a more open world? https://t.co/o05ARZm5ZO https://t.co/rm8NoKXdsO",en,263,91,1444,30,807003567605227520,2018-07-24T19:02:55.000Z,1021833122734727168,Twitter Web Client,https://t.co/Ze18Ek9SOI,807003567605227520,190363,220,1150,566,2016-12-08T23:26:58.000Z,realamberheard,"Actor and Activist, semi-professional disruptor, ice cream advocate and shameless teacup yorkie-lover",https://pbs.twimg.com/profile_images/1383196364792680448/N8CdupEu_normal.jpg,Amber Heard,"Los Angeles, CA",,976882801,1129,1531,193176,86,2012-11-28T20:11:28.000Z,ninnynoomy,"Daughter and granddaughter of MarineCorps Officers. Former restaurateur,Artist-in-the-Schools” Childrens’Theater. “SeamstressForTheBand”.Liberal.",https://pbs.twimg.com/profile_images/607456986192474112/wr_j0d2v_normal.jpg,LynnWilson,Seattle ,,"[{'start': 3, 'end': 16, 'username': 'TheEconomist', 'id': '5988062'}]",,
RT @TheEconomist: How would you build a more open world? https://t.co/3SFNnGTgu7,en,823764083744927744,2018-07-25T10:30:43.000Z,"[{'type': 'retweeted', 'id': '1022066086542548993'}]",1022066611262504960,node-once-tweet,29,0,0,0,"[{'start': 57, 'end': 80, 'url': 'https://t.co/3SFNnGTgu7', 'expanded_url': 'https://twitter.com/realamberheard/status/1021833122734727168', 'display_url': 'twitter.com/realamberheard…'}]","[{'start': 95, 'end': 106, 'tag': 'OpenFuture'}]","[{'start': 219, 'end': 242, 'url': 'https://t.co/o05ARZm5ZO', 'expanded_url': 'https://econ.st/2mDXtNU', 'display_url': 'econ.st/2mDXtNU'}, {'start': 243, 'end': 266, 'url': 'https://t.co/rm8NoKXdsO', 'expanded_url': 'https://twitter.com/realamberheard/status/1021833122734727168/video/1', 'display_url': 'pic.twitter.com/rm8NoKXdsO'}]","[{'start': 72, 'end': 85, 'username': 'TheEconomist', 'id': '5988062'}]","It's time for our generation to make our voices heard. I'm working with @TheEconomist on their #OpenFuture video contest and we want to hear from you. 

What's the one thing you would change to build a more open world? https://t.co/o05ARZm5ZO https://t.co/rm8NoKXdsO",en,263,91,1444,30,807003567605227520,2018-07-24T19:02:55.000Z,1021833122734727168,Twitter Web Client,https://t.co/Ze18Ek9SOI,807003567605227520,190363,220,1150,566,2016-12-08T23:26:58.000Z,realamberheard,"Actor and Activist, semi-professional disruptor, ice cream advocate and shameless teacup yorkie-lover",https://pbs.twimg.com/profile_images/1383196364792680448/N8CdupEu_normal.jpg,Amber Heard,"Los Angeles, CA",https://t.co/fvVE9aGNst,823764083744927744,49,0,15764,3,2017-01-24T05:27:17.000Z,economist_once,Twitter bot retweeting news stories just once. Full source and other feeds available on GitHub page. Not affiliated with The Economist.,https://pbs.twimg.com/profile_images/823940707136270336/ixrTluis_normal.jpg,Economist Once,,,"[{'start': 3, 'end': 16, 'username': 'TheEconomist', 'id': '5988062'}]",,
RT @TheEconomist: How would you build a more open world? https://t.co/3SFNnGTgu7,en,3313760755,2018-07-25T10:29:02.000Z,"[{'type': 'retweeted', 'id': '1022066086542548993'}]",1022066187746697216,De-duped Economist,29,0,0,0,"[{'start': 57, 'end': 80, 'url': 'https://t.co/3SFNnGTgu7', 'expanded_url': 'https://twitter.com/realamberheard/status/1021833122734727168', 'display_url': 'twitter.com/realamberheard…'}]","[{'start': 95, 'end': 106, 'tag': 'OpenFuture'}]","[{'start': 219, 'end': 242, 'url': 'https://t.co/o05ARZm5ZO', 'expanded_url': 'https://econ.st/2mDXtNU', 'display_url': 'econ.st/2mDXtNU'}, {'start': 243, 'end': 266, 'url': 'https://t.co/rm8NoKXdsO', 'expanded_url': 'https://twitter.com/realamberheard/status/1021833122734727168/video/1', 'display_url': 'pic.twitter.com/rm8NoKXdsO'}]","[{'start': 72, 'end': 85, 'username': 'TheEconomist', 'id': '5988062'}]","It's time for our generation to make our voices heard. I'm working with @TheEconomist on their #OpenFuture video contest and we want to hear from you. 

What's the one thing you would change to build a more open world? https://t.co/o05ARZm5ZO https://t.co/rm8NoKXdsO",en,263,91,1444,30,807003567605227520,2018-07-24T19:02:55.000Z,1021833122734727168,Twitter Web Client,https://t.co/Ze18Ek9SOI,807003567605227520,190363,220,1150,566,2016-12-08T23:26:58.000Z,realamberheard,"Actor and Activist, semi-professional disruptor, ice cream advocate and shameless teacup yorkie-lover",https://pbs.twimg.com/profile_images/1383196364792680448/N8CdupEu_normal.jpg,Amber Heard,"Los Angeles, CA",,3313760755,264,0,160390,29,2015-08-12T20:39:43.000Z,deduped_economi,,https://abs.twimg.com/sticky/default_profile_images/default_profile_normal.png,TheEconomist Deduped,,,"[{'start': 3, 'end': 16, 'username': 'TheEconomist', 'id': '5988062'}]",,
How would you build a more open world? https://t.co/3SFNnGTgu7,en,5988062,2018-07-25T10:28:38.000Z,"[{'type': 'quoted', 'id': '1021833122734727168'}]",1022066086542548993,Twitter Web Client,29,15,64,6,"[{'start': 39, 'end': 62, 'url': 'https://t.co/3SFNnGTgu7', 'expanded_url': 'https://twitter.com/realamberheard/status/1021833122734727168', 'display_url': 'twitter.com/realamberheard…'}]","[{'start': 95, 'end': 106, 'tag': 'OpenFuture'}]","[{'start': 219, 'end': 242, 'url': 'https://t.co/o05ARZm5ZO', 'expanded_url': 'https://econ.st/2mDXtNU', 'display_url': 'econ.st/2mDXtNU'}, {'start': 243, 'end': 266, 'url': 'https://t.co/rm8NoKXdsO', 'expanded_url': 'https://twitter.com/realamberheard/status/1021833122734727168/video/1', 'display_url': 'pic.twitter.com/rm8NoKXdsO'}]","[{'start': 72, 'end': 85, 'username': 'TheEconomist', 'id': '5988062'}]","It's time for our generation to make our voices heard. I'm working with @TheEconomist on their #OpenFuture video contest and we want to hear from you. 

What's the one thing you would change to build a more open world? https://t.co/o05ARZm5ZO https://t.co/rm8NoKXdsO",en,263,91,1444,30,807003567605227520,2018-07-24T19:02:55.000Z,1021833122734727168,Twitter Web Client,https://t.co/Ze18Ek9SOI,807003567605227520,190363,220,1150,566,2016-12-08T23:26:58.000Z,realamberheard,"Actor and Activist, semi-professional disruptor, ice cream advocate and shameless teacup yorkie-lover",https://pbs.twimg.com/profile_images/1383196364792680448/N8CdupEu_normal.jpg,Amber Heard,"Los Angeles, CA",https://t.co/8uFmIvXSDG,5988062,26454011,139,299276,120431,2007-05-12T13:04:50.000Z,TheEconomist,News and analysis with a global perspective. Subscribe here: https://t.co/VAROmBiR3X,https://pbs.twimg.com/profile_images/879361767914262528/HdRauDM-_normal.jpg,The Economist,London,,,,
The Millennial of the day is @realamberheard : she posted this video calling out young people to share on how they would like to change the world! she is an actress but also an activist. A pretty out spoken one! she ins a MILLENNIAL! young people we can change the world. https://t.co/ALHl8wZrRF,en,984639685107507200,2018-07-25T07:56:42.000Z,"[{'type': 'quoted', 'id': '1021833122734727168'}]",1022027848452907008,Twitter Web Client,1,0,4,0,"[{'start': 272, 'end': 295, 'url': 'https://t.co/ALHl8wZrRF', 'expanded_url': 'https://twitter.com/realamberheard/status/1021833122734727168', 'display_url': 'twitter.com/realamberheard…'}]","[{'start': 95, 'end': 106, 'tag': 'OpenFuture'}]","[{'start': 219, 'end': 242, 'url': 'https://t.co/o05ARZm5ZO', 'expanded_url': 'https://econ.st/2mDXtNU', 'display_url': 'econ.st/2mDXtNU'}, {'start': 243, 'end': 266, 'url': 'https://t.co/rm8NoKXdsO', 'expanded_url': 'https://twitter.com/realamberheard/status/1021833122734727168/video/1', 'display_url': 'pic.twitter.com/rm8NoKXdsO'}]","[{'start': 72, 'end': 85, 'username': 'TheEconomist', 'id': '5988062'}]","It's time for our generation to make our voices heard. I'm working with @TheEconomist on their #OpenFuture video contest and we want to hear from you. 

What's the one thing you would change to build a more open world? https://t.co/o05ARZm5ZO https://t.co/rm8NoKXdsO",en,263,91,1444,30,807003567605227520,2018-07-24T19:02:55.000Z,1021833122734727168,Twitter Web Client,https://t.co/Ze18Ek9SOI,807003567605227520,190363,220,1150,566,2016-12-08T23:26:58.000Z,realamberheard,"Actor and Activist, semi-professional disruptor, ice cream advocate and shameless teacup yorkie-lover",https://pbs.twimg.com/profile_images/1383196364792680448/N8CdupEu_normal.jpg,Amber Heard,"Los Angeles, CA",,984639685107507200,625,777,346,1,2018-04-13T03:49:29.000Z,ManifestMillen1,3 decades 1 generation. Millennials r here to instill change. How do we kno somethin won't work if its not given a try?,https://pbs.twimg.com/profile_images/1014678082446286848/j4JZHKye_normal.jpg,ManifestMillennial,"Los Angeles, CA",,"[{'start': 29, 'end': 44, 'username': 'realamberheard', 'id': '807003567605227520'}]",,
❤️❤️❤️https://t.co/gW7OBK1Z7g,und,536515604,2018-07-25T04:46:06.000Z,"[{'type': 'quoted', 'id': '1021833122734727168'}]",1021979882622992384,Twitter Web Client,0,0,0,0,"[{'start': 6, 'end': 29, 'url': 'https://t.co/gW7OBK1Z7g', 'expanded_url': 'https://twitter.com/realamberheard/status/1021833122734727168', 'display_url': 'twitter.com/realamberheard…'}]","[{'start': 95, 'end': 106, 'tag': 'OpenFuture'}]","[{'start': 219, 'end': 242, 'url': 'https://t.co/o05ARZm5ZO', 'expanded_url': 'https://econ.st/2mDXtNU', 'display_url': 'econ.st/2mDXtNU'}, {'start': 243, 'end': 266, 'url': 'https://t.co/rm8NoKXdsO', 'expanded_url': 'https://twitter.com/realamberheard/status/1021833122734727168/video/1', 'display_url': 'pic.twitter.com/rm8NoKXdsO'}]","[{'start': 72, 'end': 85, 'username': 'TheEconomist', 'id': '5988062'}]","It's time for our generation to make our voices heard. I'm working with @TheEconomist on their #OpenFuture video contest and we want to hear from you. 

What's the one thing you would change to build a more open world? https://t.co/o05ARZm5ZO https://t.co/rm8NoKXdsO",en,263,91,1444,30,807003567605227520,2018-07-24T19:02:55.000Z,1021833122734727168,Twitter Web Client,https://t.co/Ze18Ek9SOI,807003567605227520,190363,220,1150,566,2016-12-08T23:26:58.000Z,realamberheard,"Actor and Activist, semi-professional disruptor, ice cream advocate and shameless teacup yorkie-lover",https://pbs.twimg.com/profile_images/1383196364792680448/N8CdupEu_normal.jpg,Amber Heard,"Los Angeles, CA",,536515604,6806,5300,422113,33,2012-03-25T18:04:12.000Z,MultiverseFlash,"#TeamArthurAguiar
𝔓𝔞𝔦𝔫 𝔦𝔰 ℜ𝔢𝔡𝔢𝔪𝔭𝔱𝔦𝔬𝔫 ✝️
𝑫𝑪
𝑇ℎ𝑒 𝐹𝑙𝑎𝑠ℎ 𝑆𝑡𝑎𝑛 ⚡
𝐵𝑎𝑡𝑤𝑜𝑚𝑎𝑛
@Cruzeiro
WWE universe
(Ele/Dele)",https://pbs.twimg.com/profile_images/1506764176617836560/u-Za95Gx_normal.jpg,𝙂𝙖𝙗𝙧𝙞𝙚𝙡 ✨ 🍞 KING ARTHUR,"Belo Horizonte, Brasil",,,,
Mera looks like Rachel Amber in her new video :) https://t.co/eKf4jrpskI,en,828180910214254593,2018-07-25T03:03:26.000Z,"[{'type': 'quoted', 'id': '1021833122734727168'}]",1021954047727697920,Twitter for iPhone,0,0,0,0,"[{'start': 49, 'end': 72, 'url': 'https://t.co/eKf4jrpskI', 'expanded_url': 'https://twitter.com/realamberheard/status/1021833122734727168', 'display_url': 'twitter.com/realamberheard…'}]","[{'start': 95, 'end': 106, 'tag': 'OpenFuture'}]","[{'start': 219, 'end': 242, 'url': 'https://t.co/o05ARZm5ZO', 'expanded_url': 'https://econ.st/2mDXtNU', 'display_url': 'econ.st/2mDXtNU'}, {'start': 243, 'end': 266, 'url': 'https://t.co/rm8NoKXdsO', 'expanded_url': 'https://twitter.com/realamberheard/status/1021833122734727168/video/1', 'display_url': 'pic.twitter.com/rm8NoKXdsO'}]","[{'start': 72, 'end': 85, 'username': 'TheEconomist', 'id': '5988062'}]","It's time for our generation to make our voices heard. I'm working with @TheEconomist on their #OpenFuture video contest and we want to hear from you. 

What's the one thing you would change to build a more open world? https://t.co/o05ARZm5ZO https://t.co/rm8NoKXdsO",en,263,91,1444,30,807003567605227520,2018-07-24T19:02:55.000Z,1021833122734727168,Twitter Web Client,https://t.co/Ze18Ek9SOI,807003567605227520,190363,220,1150,566,2016-12-08T23:26:58.000Z,realamberheard,"Actor and Activist, semi-professional disruptor, ice cream advocate and shameless teacup yorkie-lover",https://pbs.twimg.com/profile_images/1383196364792680448/N8CdupEu_normal.jpg,Amber Heard,"Los Angeles, CA",,828180910214254593,47,259,8546,0,2017-02-05T09:58:10.000Z,Edwardsteve43,"🇨🇳没药救了的he/him. 24. WipEout, The Witcher, Life is Strange. Part-time Gwent Machine.",https://pbs.twimg.com/profile_images/1506697052180611074/hZw7QAYI_normal.jpg,Yanny🔰,,,,"[{'start': 0, 'end': 3, 'probability': 0.7576, 'type': 'Person', 'normalized_text': 'Mera'}, {'start': 16, 'end': 27, 'probability': 0.9954, 'type': 'Person', 'normalized_text': 'Rachel Amber'}]",
E na mo ra do de ella https://t.co/HfpVsLOdgJ,pt,143910372,2018-07-25T00:22:10.000Z,"[{'type': 'quoted', 'id': '1021833122734727168'}]",1021913463789105154,Twitter for Android,0,0,0,0,"[{'start': 22, 'end': 45, 'url': 'https://t.co/HfpVsLOdgJ', 'expanded_url': 'https://twitter.com/realamberheard/status/1021833122734727168', 'display_url': 'twitter.com/realamberheard…'}]","[{'start': 95, 'end': 106, 'tag': 'OpenFuture'}]","[{'start': 219, 'end': 242, 'url': 'https://t.co/o05ARZm5ZO', 'expanded_url': 'https://econ.st/2mDXtNU', 'display_url': 'econ.st/2mDXtNU'}, {'start': 243, 'end': 266, 'url': 'https://t.co/rm8NoKXdsO', 'expanded_url': 'https://twitter.com/realamberheard/status/1021833122734727168/video/1', 'display_url': 'pic.twitter.com/rm8NoKXdsO'}]","[{'start': 72, 'end': 85, 'username': 'TheEconomist', 'id': '5988062'}]","It's time for our generation to make our voices heard. I'm working with @TheEconomist on their #OpenFuture video contest and we want to hear from you. 

What's the one thing you would change to build a more open world? https://t.co/o05ARZm5ZO https://t.co/rm8NoKXdsO",en,263,91,1444,30,807003567605227520,2018-07-24T19:02:55.000Z,1021833122734727168,Twitter Web Client,https://t.co/Ze18Ek9SOI,807003567605227520,190363,220,1150,566,2016-12-08T23:26:58.000Z,realamberheard,"Actor and Activist, semi-professional disruptor, ice cream advocate and shameless teacup yorkie-lover",https://pbs.twimg.com/profile_images/1383196364792680448/N8CdupEu_normal.jpg,Amber Heard,"Los Angeles, CA",https://t.co/UygY8DNdUs,143910372,781,337,21233,3,2010-05-14T19:25:57.000Z,fernandolievanx,programación y gaming | 1997.,https://pbs.twimg.com/profile_images/1503581740077568000/IWw-Mo1F_normal.jpg,fernando,zsh,,,,
"i love our queen of xebel, mera!! https://t.co/Y4YrpMJ806",en,339949319,2018-07-24T22:18:06.000Z,"[{'type': 'quoted', 'id': '1021833122734727168'}]",1021882240177979398,Twitter for iPhone,0,0,1,0,"[{'start': 34, 'end': 57, 'url': 'https://t.co/Y4YrpMJ806', 'expanded_url': 'https://twitter.com/realamberheard/status/1021833122734727168', 'display_url': 'twitter.com/realamberheard…'}]","[{'start': 95, 'end': 106, 'tag': 'OpenFuture'}]","[{'start': 219, 'end': 242, 'url': 'https://t.co/o05ARZm5ZO', 'expanded_url': 'https://econ.st/2mDXtNU', 'display_url': 'econ.st/2mDXtNU'}, {'start': 243, 'end': 266, 'url': 'https://t.co/rm8NoKXdsO', 'expanded_url': 'https://twitter.com/realamberheard/status/1021833122734727168/video/1', 'display_url': 'pic.twitter.com/rm8NoKXdsO'}]","[{'start': 72, 'end': 85, 'username': 'TheEconomist', 'id': '5988062'}]","It's time for our generation to make our voices heard. I'm working with @TheEconomist on their #OpenFuture video contest and we want to hear from you. 

What's the one thing you would change to build a more open world? https://t.co/o05ARZm5ZO https://t.co/rm8NoKXdsO",en,263,91,1444,30,807003567605227520,2018-07-24T19:02:55.000Z,1021833122734727168,Twitter Web Client,https://t.co/Ze18Ek9SOI,807003567605227520,190363,220,1150,566,2016-12-08T23:26:58.000Z,realamberheard,"Actor and Activist, semi-professional disruptor, ice cream advocate and shameless teacup yorkie-lover",https://pbs.twimg.com/profile_images/1383196364792680448/N8CdupEu_normal.jpg,Amber Heard,"Los Angeles, CA",https://t.co/UXuZcF6sO2,339949319,2587,127,94490,33,2011-07-21T22:35:47.000Z,nextlevelryan,i’m no sweet dream but i’m a hell of a night,https://pbs.twimg.com/profile_images/1480646109844365322/tGdklcQP_normal.jpg,ryan,UK,,,,
POUR UN MONDE MEILLEUR ET EGAUX https://t.co/MSFcdMoWmT,fr,827604575465197573,2018-07-24T21:37:48.000Z,,1021872099231707136,Twitter Web Client,0,0,0,0,"[{'start': 32, 'end': 55, 'url': 'https://t.co/MSFcdMoWmT', 'expanded_url': 'https://twitter.com/realamberheard/status/1021833122734727168', 'display_url': 'twitter.com/realamberheard…'}]","[{'start': 95, 'end': 106, 'tag': 'OpenFuture'}]","[{'start': 219, 'end': 242, 'url': 'https://t.co/o05ARZm5ZO', 'expanded_url': 'https://econ.st/2mDXtNU', 'display_url': 'econ.st/2mDXtNU'}, {'start': 243, 'end': 266, 'url': 'https://t.co/rm8NoKXdsO', 'expanded_url': 'https://twitter.com/realamberheard/status/1021833122734727168/video/1', 'display_url': 'pic.twitter.com/rm8NoKXdsO'}]","[{'start': 72, 'end': 85, 'username': 'TheEconomist', 'id': '5988062'}]","It's time for our generation to make our voices heard. I'm working with @TheEconomist on their #OpenFuture video contest and we want to hear from you. 

What's the one thing you would change to build a more open world? https://t.co/o05ARZm5ZO https://t.co/rm8NoKXdsO",en,263,91,1444,30,807003567605227520,2018-07-24T19:02:55.000Z,1021833122734727168,Twitter Web Client,https://t.co/Ze18Ek9SOI,807003567605227520,190363,220,1150,566,2016-12-08T23:26:58.000Z,realamberheard,"Actor and Activist, semi-professional disruptor, ice cream advocate and shameless teacup yorkie-lover",https://pbs.twimg.com/profile_images/1383196364792680448/N8CdupEu_normal.jpg,Amber Heard,"Los Angeles, CA",,827604575465197573,30,85,9606,0,2017-02-03T19:48:01.000Z,TayabNacer,,https://abs.twimg.com/sticky/default_profile_images/default_profile_normal.png,tayab nacer eddine,,,,,
RT @AmberHeardIT: Join the #OpenFuture video contest 💪 #AmberHeard #theeconomist https://t.co/bCe92Z58Er,en,4396120342,2018-07-24T20:30:50.000Z,"[{'type': 'retweeted', 'id': '1021840484031979521'}]",1021855245515874304,Twitter for Android,2,0,0,0,"[{'start': 81, 'end': 104, 'url': 'https://t.co/bCe92Z58Er', 'expanded_url': 'https://twitter.com/realamberheard/status/1021833122734727168', 'display_url': 'twitter.com/realamberheard…'}]","[{'start': 95, 'end': 106, 'tag': 'OpenFuture'}]","[{'start': 219, 'end': 242, 'url': 'https://t.co/o05ARZm5ZO', 'expanded_url': 'https://econ.st/2mDXtNU', 'display_url': 'econ.st/2mDXtNU'}, {'start': 243, 'end': 266, 'url': 'https://t.co/rm8NoKXdsO', 'expanded_url': 'https://twitter.com/realamberheard/status/1021833122734727168/video/1', 'display_url': 'pic.twitter.com/rm8NoKXdsO'}]","[{'start': 72, 'end': 85, 'username': 'TheEconomist', 'id': '5988062'}]","It's time for our generation to make our voices heard. I'm working with @TheEconomist on their #OpenFuture video contest and we want to hear from you. 

What's the one thing you would change to build a more open world? https://t.co/o05ARZm5ZO https://t.co/rm8NoKXdsO",en,263,91,1444,30,807003567605227520,2018-07-24T19:02:55.000Z,1021833122734727168,Twitter Web Client,https://t.co/Ze18Ek9SOI,807003567605227520,190363,220,1150,566,2016-12-08T23:26:58.000Z,realamberheard,"Actor and Activist, semi-professional disruptor, ice cream advocate and shameless teacup yorkie-lover",https://pbs.twimg.com/profile_images/1383196364792680448/N8CdupEu_normal.jpg,Amber Heard,"Los Angeles, CA",,4396120342,677,296,58568,0,2015-12-06T17:21:06.000Z,stirgussa,"Only two things are infinite, the universe and human stupidity, and I'm not sure about the former. - Albert Einstein and Me!",https://pbs.twimg.com/profile_images/1378175478478082050/UKLiQPuk_normal.jpg,STIRGUS SACCHETTI,,,"[{'start': 3, 'end': 16, 'username': 'AmberHeardIT', 'id': '79199888'}]",,"[{'start': 27, 'end': 38, 'tag': 'OpenFuture'}, {'start': 55, 'end': 66, 'tag': 'AmberHeard'}, {'start': 67, 'end': 80, 'tag': 'theeconomist'}]"
RT @AmberHeardIT: Join the #OpenFuture video contest 💪 #AmberHeard #theeconomist https://t.co/bCe92Z58Er,en,83911608,2018-07-24T19:58:26.000Z,"[{'type': 'retweeted', 'id': '1021840484031979521'}]",1021847091084230657,Twitter for iPhone,2,0,0,0,"[{'start': 81, 'end': 104, 'url': 'https://t.co/bCe92Z58Er', 'expanded_url': 'https://twitter.com/realamberheard/status/1021833122734727168', 'display_url': 'twitter.com/realamberheard…'}]","[{'start': 95, 'end': 106, 'tag': 'OpenFuture'}]","[{'start': 219, 'end': 242, 'url': 'https://t.co/o05ARZm5ZO', 'expanded_url': 'https://econ.st/2mDXtNU', 'display_url': 'econ.st/2mDXtNU'}, {'start': 243, 'end': 266, 'url': 'https://t.co/rm8NoKXdsO', 'expanded_url': 'https://twitter.com/realamberheard/status/1021833122734727168/video/1', 'display_url': 'pic.twitter.com/rm8NoKXdsO'}]","[{'start': 72, 'end': 85, 'username': 'TheEconomist', 'id': '5988062'}]","It's time for our generation to make our voices heard. I'm working with @TheEconomist on their #OpenFuture video contest and we want to hear from you. 

What's the one thing you would change to build a more open world? https://t.co/o05ARZm5ZO https://t.co/rm8NoKXdsO",en,263,91,1444,30,807003567605227520,2018-07-24T19:02:55.000Z,1021833122734727168,Twitter Web Client,https://t.co/Ze18Ek9SOI,807003567605227520,190363,220,1150,566,2016-12-08T23:26:58.000Z,realamberheard,"Actor and Activist, semi-professional disruptor, ice cream advocate and shameless teacup yorkie-lover",https://pbs.twimg.com/profile_images/1383196364792680448/N8CdupEu_normal.jpg,Amber Heard,"Los Angeles, CA",,83911608,1021,2030,69883,36,2009-10-20T19:45:08.000Z,pixeIpIanets,,https://pbs.twimg.com/profile_images/1494833990955642881/tpQTxu6R_normal.jpg,Roberta ✨,Italy,,"[{'start': 3, 'end': 16, 'username': 'AmberHeardIT', 'id': '79199888'}]",,"[{'start': 27, 'end': 38, 'tag': 'OpenFuture'}, {'start': 55, 'end': 66, 'tag': 'AmberHeard'}, {'start': 67, 'end': 80, 'tag': 'theeconomist'}]"
Join the #OpenFuture video contest 💪 #AmberHeard #theeconomist https://t.co/bCe92Z58Er,en,79199888,2018-07-24T19:32:10.000Z,"[{'type': 'quoted', 'id': '1021833122734727168'}]",1021840484031979521,Twitter for Android,2,0,10,0,"[{'start': 63, 'end': 86, 'url': 'https://t.co/bCe92Z58Er', 'expanded_url': 'https://twitter.com/realamberheard/status/1021833122734727168', 'display_url': 'twitter.com/realamberheard…'}]","[{'start': 95, 'end': 106, 'tag': 'OpenFuture'}]","[{'start': 219, 'end': 242, 'url': 'https://t.co/o05ARZm5ZO', 'expanded_url': 'https://econ.st/2mDXtNU', 'display_url': 'econ.st/2mDXtNU'}, {'start': 243, 'end': 266, 'url': 'https://t.co/rm8NoKXdsO', 'expanded_url': 'https://twitter.com/realamberheard/status/1021833122734727168/video/1', 'display_url': 'pic.twitter.com/rm8NoKXdsO'}]","[{'start': 72, 'end': 85, 'username': 'TheEconomist', 'id': '5988062'}]","It's time for our generation to make our voices heard. I'm working with @TheEconomist on their #OpenFuture video contest and we want to hear from you. 

What's the one thing you would change to build a more open world? https://t.co/o05ARZm5ZO https://t.co/rm8NoKXdsO",en,263,91,1444,30,807003567605227520,2018-07-24T19:02:55.000Z,1021833122734727168,Twitter Web Client,https://t.co/Ze18Ek9SOI,807003567605227520,190363,220,1150,566,2016-12-08T23:26:58.000Z,realamberheard,"Actor and Activist, semi-professional disruptor, ice cream advocate and shameless teacup yorkie-lover",https://pbs.twimg.com/profile_images/1383196364792680448/N8CdupEu_normal.jpg,Amber Heard,"Los Angeles, CA",https://t.co/w3BraCgc4s,79199888,7228,344,39190,34,2009-10-02T14:50:54.000Z,AmberHeardIT,"First  Italian FANPAGE dedicated to @realamberheard. Follow us for the latest updates, pictures and news! On Amber Heard Italia, u HEARD it first 🇮🇹",https://pbs.twimg.com/profile_images/1412490122365374481/EAftEZpa_normal.jpg,Amber Heard Italia Fans,Since 2009,,,,"[{'start': 9, 'end': 20, 'tag': 'OpenFuture'}, {'start': 37, 'end': 48, 'tag': 'AmberHeard'}, {'start': 49, 'end': 62, 'tag': 'theeconomist'}]"
Eu amo demais essa mulher https://t.co/xJw0sMxakH,pt,824455440402644992,2018-07-24T19:17:11.000Z,"[{'type': 'quoted', 'id': '1021833122734727168'}]",1021836713033904137,Twitter for Android,0,0,0,0,"[{'start': 26, 'end': 49, 'url': 'https://t.co/xJw0sMxakH', 'expanded_url': 'https://twitter.com/realamberheard/status/1021833122734727168', 'display_url': 'twitter.com/realamberheard…'}]","[{'start': 95, 'end': 106, 'tag': 'OpenFuture'}]","[{'start': 219, 'end': 242, 'url': 'https://t.co/o05ARZm5ZO', 'expanded_url': 'https://econ.st/2mDXtNU', 'display_url': 'econ.st/2mDXtNU'}, {'start': 243, 'end': 266, 'url': 'https://t.co/rm8NoKXdsO', 'expanded_url': 'https://twitter.com/realamberheard/status/1021833122734727168/video/1', 'display_url': 'pic.twitter.com/rm8NoKXdsO'}]","[{'start': 72, 'end': 85, 'username': 'TheEconomist', 'id': '5988062'}]","It's time for our generation to make our voices heard. I'm working with @TheEconomist on their #OpenFuture video contest and we want to hear from you. 

What's the one thing you would change to build a more open world? https://t.co/o05ARZm5ZO https://t.co/rm8NoKXdsO",en,263,91,1444,30,807003567605227520,2018-07-24T19:02:55.000Z,1021833122734727168,Twitter Web Client,https://t.co/Ze18Ek9SOI,807003567605227520,190363,220,1150,566,2016-12-08T23:26:58.000Z,realamberheard,"Actor and Activist, semi-professional disruptor, ice cream advocate and shameless teacup yorkie-lover",https://pbs.twimg.com/profile_images/1383196364792680448/N8CdupEu_normal.jpg,Amber Heard,"Los Angeles, CA",,824455440402644992,2409,765,49627,0,2017-01-26T03:14:29.000Z,llilysjames,taylor swift a fodona,https://pbs.twimg.com/profile_images/1454112339175874563/txhvZwE2_normal.jpg,stefany,,,,,
GOD IS A WOMAN https://t.co/6ogJvfZsMq,en,982826251286171649,2018-07-24T19:14:03.000Z,"[{'type': 'quoted', 'id': '1021833122734727168'}]",1021835923200323584,Twitter for iPhone,0,0,0,0,"[{'start': 15, 'end': 38, 'url': 'https://t.co/6ogJvfZsMq', 'expanded_url': 'https://twitter.com/realamberheard/status/1021833122734727168', 'display_url': 'twitter.com/realamberheard…'}]","[{'start': 95, 'end': 106, 'tag': 'OpenFuture'}]","[{'start': 219, 'end': 242, 'url': 'https://t.co/o05ARZm5ZO', 'expanded_url': 'https://econ.st/2mDXtNU', 'display_url': 'econ.st/2mDXtNU'}, {'start': 243, 'end': 266, 'url': 'https://t.co/rm8NoKXdsO', 'expanded_url': 'https://twitter.com/realamberheard/status/1021833122734727168/video/1', 'display_url': 'pic.twitter.com/rm8NoKXdsO'}]","[{'start': 72, 'end': 85, 'username': 'TheEconomist', 'id': '5988062'}]","It's time for our generation to make our voices heard. I'm working with @TheEconomist on their #OpenFuture video contest and we want to hear from you. 

What's the one thing you would change to build a more open world? https://t.co/o05ARZm5ZO https://t.co/rm8NoKXdsO",en,263,91,1444,30,807003567605227520,2018-07-24T19:02:55.000Z,1021833122734727168,Twitter Web Client,https://t.co/Ze18Ek9SOI,807003567605227520,190363,220,1150,566,2016-12-08T23:26:58.000Z,realamberheard,"Actor and Activist, semi-professional disruptor, ice cream advocate and shameless teacup yorkie-lover",https://pbs.twimg.com/profile_images/1383196364792680448/N8CdupEu_normal.jpg,Amber Heard,"Los Angeles, CA",,982826251286171649,208,337,19507,2,2018-04-08T03:43:33.000Z,thadeusbelmont,"{Ele/Dele} - 22y - DC • Marvel • The Witcher • Castlevania • Demonslayer - Aprendendo a desenhar ❤️ Sup, as vezes faço bico de mid",https://pbs.twimg.com/profile_images/1502111701466071056/W7Nqzbag_normal.jpg,Thadeus,Vengerberg,,,"[{'start': 0, 'end': 2, 'probability': 0.8678, 'type': 'Other', 'normalized_text': 'GOD'}]",
Queen https://t.co/b6Er69H4FP,en,4880767005,2018-07-24T19:06:11.000Z,"[{'type': 'quoted', 'id': '1021833122734727168'}]",1021833943362887680,Twitter Web Client,0,0,0,0,"[{'start': 6, 'end': 29, 'url': 'https://t.co/b6Er69H4FP', 'expanded_url': 'https://twitter.com/realamberheard/status/1021833122734727168', 'display_url': 'twitter.com/realamberheard…'}]","[{'start': 95, 'end': 106, 'tag': 'OpenFuture'}]","[{'start': 219, 'end': 242, 'url': 'https://t.co/o05ARZm5ZO', 'expanded_url': 'https://econ.st/2mDXtNU', 'display_url': 'econ.st/2mDXtNU'}, {'start': 243, 'end': 266, 'url': 'https://t.co/rm8NoKXdsO', 'expanded_url': 'https://twitter.com/realamberheard/status/1021833122734727168/video/1', 'display_url': 'pic.twitter.com/rm8NoKXdsO'}]","[{'start': 72, 'end': 85, 'username': 'TheEconomist', 'id': '5988062'}]","It's time for our generation to make our voices heard. I'm working with @TheEconomist on their #OpenFuture video contest and we want to hear from you. 

What's the one thing you would change to build a more open world? https://t.co/o05ARZm5ZO https://t.co/rm8NoKXdsO",en,263,91,1444,30,807003567605227520,2018-07-24T19:02:55.000Z,1021833122734727168,Twitter Web Client,https://t.co/Ze18Ek9SOI,807003567605227520,190363,220,1150,566,2016-12-08T23:26:58.000Z,realamberheard,"Actor and Activist, semi-professional disruptor, ice cream advocate and shameless teacup yorkie-lover",https://pbs.twimg.com/profile_images/1383196364792680448/N8CdupEu_normal.jpg,Amber Heard,"Los Angeles, CA",,4880767005,486,1078,67501,3,2016-02-06T09:22:34.000Z,BlackpilledAnon,,https://pbs.twimg.com/profile_images/1400494388334055427/EidIeO6k_normal.jpg,Vivaswan,Bhagyanagaram,,,,
i love an activist https://t.co/PooTcoG0uN,en,284750812,2018-07-24T19:05:39.000Z,"[{'type': 'quoted', 'id': '1021833122734727168'}]",1021833810068090880,Twitter for iPhone,0,0,2,0,"[{'start': 19, 'end': 42, 'url': 'https://t.co/PooTcoG0uN', 'expanded_url': 'https://twitter.com/realamberheard/status/1021833122734727168', 'display_url': 'twitter.com/realamberheard…'}]","[{'start': 95, 'end': 106, 'tag': 'OpenFuture'}]","[{'start': 219, 'end': 242, 'url': 'https://t.co/o05ARZm5ZO', 'expanded_url': 'https://econ.st/2mDXtNU', 'display_url': 'econ.st/2mDXtNU'}, {'start': 243, 'end': 266, 'url': 'https://t.co/rm8NoKXdsO', 'expanded_url': 'https://twitter.com/realamberheard/status/1021833122734727168/video/1', 'display_url': 'pic.twitter.com/rm8NoKXdsO'}]","[{'start': 72, 'end': 85, 'username': 'TheEconomist', 'id': '5988062'}]","It's time for our generation to make our voices heard. I'm working with @TheEconomist on their #OpenFuture video contest and we want to hear from you. 

What's the one thing you would change to build a more open world? https://t.co/o05ARZm5ZO https://t.co/rm8NoKXdsO",en,263,91,1444,30,807003567605227520,2018-07-24T19:02:55.000Z,1021833122734727168,Twitter Web Client,https://t.co/Ze18Ek9SOI,807003567605227520,190363,220,1150,566,2016-12-08T23:26:58.000Z,realamberheard,"Actor and Activist, semi-professional disruptor, ice cream advocate and shameless teacup yorkie-lover",https://pbs.twimg.com/profile_images/1383196364792680448/N8CdupEu_normal.jpg,Amber Heard,"Los Angeles, CA",https://t.co/dbGUqjtb9R,284750812,705,185,78636,20,2011-04-19T22:18:44.000Z,uprisingenvoys,"there is no escape, we pay for the violence of our ancestors~ dune",https://pbs.twimg.com/profile_images/1440721289757401090/ReGDUL13_normal.jpg,riddle me this❔,🏳️‍🌈✊🏾✍🏾,,,,
