author_id,lang,source,referenced_tweets,created_at,text,id,entities.hashtags,entities.urls,entities.mentions,public_metrics.retweet_count,public_metrics.reply_count,public_metrics.like_count,public_metrics.quote_count,quoted_tweet.entities.hashtags,quoted_tweet.entities.urls,quoted_tweet.author_id,quoted_tweet.lang,quoted_tweet.source,quoted_tweet.created_at,quoted_tweet.text,quoted_tweet.id,quoted_tweet.public_metrics.retweet_count,quoted_tweet.public_metrics.reply_count,quoted_tweet.public_metrics.like_count,quoted_tweet.public_metrics.quote_count,quoted_tweet.author.username,quoted_tweet.author.created_at,quoted_tweet.author.profile_image_url,quoted_tweet.author.name,quoted_tweet.author.public_metrics.followers_count,quoted_tweet.author.public_metrics.following_count,quoted_tweet.author.public_metrics.tweet_count,quoted_tweet.author.public_metrics.listed_count,quoted_tweet.author.description,quoted_tweet.author.id,quoted_tweet.author.url,quoted_tweet.author.location,author.username,author.created_at,author.profile_image_url,author.name,author.public_metrics.followers_count,author.public_metrics.following_count,author.public_metrics.tweet_count,author.public_metrics.listed_count,author.description,author.id,author.url,author.location,in_reply_to_user_id,entities.annotations
2510356218,ko,Twitter for Android,"[{'type': 'retweeted', 'id': '1022858423753355265'}]",2018-08-04T10:42:26.000Z,"RT @justme_relax: 여유가 있으신 분들은 엠버의 트윗에도 답글을 남겨주세요. I love you, Amber! #NoInkNeeded https://t.co/yoW5laeERz",1025693438946299905,"[{'start': 69, 'end': 81, 'tag': 'NoInkNeeded'}]","[{'start': 82, 'end': 105, 'url': 'https://t.co/yoW5laeERz', 'expanded_url': 'https://twitter.com/realamberheard/status/1022284594207502336', 'display_url': 'twitter.com/realamberheard…'}]","[{'start': 3, 'end': 16, 'username': 'justme_relax', 'id': '1920027500'}]",36,0,0,0,"[{'start': 0, 'end': 12, 'tag': 'NoInkNeeded'}]","[{'start': 13, 'end': 36, 'url': 'https://t.co/6PK3Am67q4', 'expanded_url': 'https://www.instagram.com/p/BlrPEE_A5E_/?utm_source=ig_twitter_share&igshid=l01cvp9mbb0m', 'display_url': 'instagram.com/p/BlrPEE_A5E_/…'}]",807003567605227520,und,Instagram,2018-07-26T00:56:55.000Z,#NoInkNeeded https://t.co/6PK3Am67q4,1022284594207502336,83,106,361,20,realamberheard,2016-12-08T23:26:58.000Z,https://pbs.twimg.com/profile_images/1383196364792680448/N8CdupEu_normal.jpg,Amber Heard,190363,220,1150,566,"Actor and Activist, semi-professional disruptor, ice cream advocate and shameless teacup yorkie-lover",807003567605227520,https://t.co/Ze18Ek9SOI,"Los Angeles, CA",hanihani9898,2014-05-20T13:12:57.000Z,https://pbs.twimg.com/profile_images/1466038491746566145/gVzSuG1g_normal.jpg,아실리,196,151,210730,3,"(성인) (판소 봄) (무협 봄:최근 백사부 버닝중)블언블 말고 언팔해주세요

※아름다운 프사는 @ gumo_HQ 커미션",2510356218,,,,
1006463550825480192,ko,Twitter for Android,"[{'type': 'retweeted', 'id': '1022858423753355265'}]",2018-07-28T20:00:13.000Z,"RT @justme_relax: 여유가 있으신 분들은 엠버의 트윗에도 답글을 남겨주세요. I love you, Amber! #NoInkNeeded https://t.co/yoW5laeERz",1023297091089575936,"[{'start': 69, 'end': 81, 'tag': 'NoInkNeeded'}]","[{'start': 82, 'end': 105, 'url': 'https://t.co/yoW5laeERz', 'expanded_url': 'https://twitter.com/realamberheard/status/1022284594207502336', 'display_url': 'twitter.com/realamberheard…'}]","[{'start': 3, 'end': 16, 'username': 'justme_relax', 'id': '1920027500'}]",36,0,0,0,"[{'start': 0, 'end': 12, 'tag': 'NoInkNeeded'}]","[{'start': 13, 'end': 36, 'url': 'https://t.co/6PK3Am67q4', 'expanded_url': 'https://www.instagram.com/p/BlrPEE_A5E_/?utm_source=ig_twitter_share&igshid=l01cvp9mbb0m', 'display_url': 'instagram.com/p/BlrPEE_A5E_/…'}]",807003567605227520,und,Instagram,2018-07-26T00:56:55.000Z,#NoInkNeeded https://t.co/6PK3Am67q4,1022284594207502336,83,106,361,20,realamberheard,2016-12-08T23:26:58.000Z,https://pbs.twimg.com/profile_images/1383196364792680448/N8CdupEu_normal.jpg,Amber Heard,190363,220,1150,566,"Actor and Activist, semi-professional disruptor, ice cream advocate and shameless teacup yorkie-lover",807003567605227520,https://t.co/Ze18Ek9SOI,"Los Angeles, CA",love_cookies77,2018-06-12T09:09:44.000Z,https://pbs.twimg.com/profile_images/1480239623213555712/8F5s93fc_normal.png,💫미쳐버린 행복회로💫,55,227,239919,3,...,1006463550825480192,https://t.co/SIBZpYIMWu,,,
2510356218,ko,Twitter for Android,"[{'type': 'retweeted', 'id': '1022858423753355265'}]",2018-07-28T17:34:21.000Z,"RT @justme_relax: 여유가 있으신 분들은 엠버의 트윗에도 답글을 남겨주세요. I love you, Amber! #NoInkNeeded https://t.co/yoW5laeERz",1023260385141346304,"[{'start': 69, 'end': 81, 'tag': 'NoInkNeeded'}]","[{'start': 82, 'end': 105, 'url': 'https://t.co/yoW5laeERz', 'expanded_url': 'https://twitter.com/realamberheard/status/1022284594207502336', 'display_url': 'twitter.com/realamberheard…'}]","[{'start': 3, 'end': 16, 'username': 'justme_relax', 'id': '1920027500'}]",36,0,0,0,"[{'start': 0, 'end': 12, 'tag': 'NoInkNeeded'}]","[{'start': 13, 'end': 36, 'url': 'https://t.co/6PK3Am67q4', 'expanded_url': 'https://www.instagram.com/p/BlrPEE_A5E_/?utm_source=ig_twitter_share&igshid=l01cvp9mbb0m', 'display_url': 'instagram.com/p/BlrPEE_A5E_/…'}]",807003567605227520,und,Instagram,2018-07-26T00:56:55.000Z,#NoInkNeeded https://t.co/6PK3Am67q4,1022284594207502336,83,106,361,20,realamberheard,2016-12-08T23:26:58.000Z,https://pbs.twimg.com/profile_images/1383196364792680448/N8CdupEu_normal.jpg,Amber Heard,190363,220,1150,566,"Actor and Activist, semi-professional disruptor, ice cream advocate and shameless teacup yorkie-lover",807003567605227520,https://t.co/Ze18Ek9SOI,"Los Angeles, CA",hanihani9898,2014-05-20T13:12:57.000Z,https://pbs.twimg.com/profile_images/1466038491746566145/gVzSuG1g_normal.jpg,아실리,196,151,210730,3,"(성인) (판소 봄) (무협 봄:최근 백사부 버닝중)블언블 말고 언팔해주세요

※아름다운 프사는 @ gumo_HQ 커미션",2510356218,,,,
996952550208290816,ko,Twitter for Android,"[{'type': 'quoted', 'id': '1022284594207502336'}]",2018-07-28T14:06:05.000Z,"영어공부도 할겸 엠버허드인스타나 트위터에 답멘으로 연대의 답글을 하나 남깁시다. 뎁조니 팬들이 몰려가서 염병하고잇다고 함.
뎁조니가 엠버와 연인관계ㅣㄹ때손가락에 엠버의 별명을 새겻는데 헤어지고 scum(쓰레기 로 리터칭햇다고함ㅋㅋㄹㅇ찌질해 https://t.co/4LK9yCpoql",1023207972137197568,,"[{'start': 134, 'end': 157, 'url': 'https://t.co/4LK9yCpoql', 'expanded_url': 'https://twitter.com/realamberheard/status/1022284594207502336', 'display_url': 'twitter.com/realamberheard…'}]",,0,0,0,0,"[{'start': 0, 'end': 12, 'tag': 'NoInkNeeded'}]","[{'start': 13, 'end': 36, 'url': 'https://t.co/6PK3Am67q4', 'expanded_url': 'https://www.instagram.com/p/BlrPEE_A5E_/?utm_source=ig_twitter_share&igshid=l01cvp9mbb0m', 'display_url': 'instagram.com/p/BlrPEE_A5E_/…'}]",807003567605227520,und,Instagram,2018-07-26T00:56:55.000Z,#NoInkNeeded https://t.co/6PK3Am67q4,1022284594207502336,83,106,361,20,realamberheard,2016-12-08T23:26:58.000Z,https://pbs.twimg.com/profile_images/1383196364792680448/N8CdupEu_normal.jpg,Amber Heard,190363,220,1150,566,"Actor and Activist, semi-professional disruptor, ice cream advocate and shameless teacup yorkie-lover",807003567605227520,https://t.co/Ze18Ek9SOI,"Los Angeles, CA",igxw827,2018-05-17T03:16:25.000Z,https://pbs.twimg.com/profile_images/1106544287250964480/83llkpSS_normal.jpg,영건,390,107,3259,1,"힘주는 계정       JUST DO IT
어쩌라고 그냥 해",996952550208290816,,"California, USA",,
855633934423539712,ko,Twitter for Android,"[{'type': 'retweeted', 'id': '1022858423753355265'}]",2018-07-28T12:33:52.000Z,"RT @justme_relax: 여유가 있으신 분들은 엠버의 트윗에도 답글을 남겨주세요. I love you, Amber! #NoInkNeeded https://t.co/yoW5laeERz",1023184764797251584,"[{'start': 69, 'end': 81, 'tag': 'NoInkNeeded'}]","[{'start': 82, 'end': 105, 'url': 'https://t.co/yoW5laeERz', 'expanded_url': 'https://twitter.com/realamberheard/status/1022284594207502336', 'display_url': 'twitter.com/realamberheard…'}]","[{'start': 3, 'end': 16, 'username': 'justme_relax', 'id': '1920027500'}]",36,0,0,0,"[{'start': 0, 'end': 12, 'tag': 'NoInkNeeded'}]","[{'start': 13, 'end': 36, 'url': 'https://t.co/6PK3Am67q4', 'expanded_url': 'https://www.instagram.com/p/BlrPEE_A5E_/?utm_source=ig_twitter_share&igshid=l01cvp9mbb0m', 'display_url': 'instagram.com/p/BlrPEE_A5E_/…'}]",807003567605227520,und,Instagram,2018-07-26T00:56:55.000Z,#NoInkNeeded https://t.co/6PK3Am67q4,1022284594207502336,83,106,361,20,realamberheard,2016-12-08T23:26:58.000Z,https://pbs.twimg.com/profile_images/1383196364792680448/N8CdupEu_normal.jpg,Amber Heard,190363,220,1150,566,"Actor and Activist, semi-professional disruptor, ice cream advocate and shameless teacup yorkie-lover",807003567605227520,https://t.co/Ze18Ek9SOI,"Los Angeles, CA",OOOONG___,2017-04-22T04:06:41.000Z,https://pbs.twimg.com/profile_images/1035466565439737856/cpDE8wzZ_normal.jpg,⏳렐랴⌛,1136,53,51936,2,"옹, 사무엘/ 자유분방한 옹른 / 어디까지나 최애가 가장 우선 / 프사는 🍉님💕",855633934423539712,https://t.co/B3FSFqceLA,지옥,,
4775867034,en,Twitter for Android,"[{'type': 'quoted', 'id': '1022284594207502336'}, {'type': 'replied_to', 'id': '1022284594207502336'}]",2018-07-28T11:59:06.000Z,"@realamberheard I love you, Amber! #NoInkNeeded https://t.co/jFCpO3fJ7E",1023176015734923265,"[{'start': 35, 'end': 47, 'tag': 'NoInkNeeded'}]","[{'start': 48, 'end': 71, 'url': 'https://t.co/jFCpO3fJ7E', 'expanded_url': 'https://twitter.com/realamberheard/status/1022284594207502336', 'display_url': 'twitter.com/realamberheard…'}]","[{'start': 0, 'end': 15, 'username': 'realamberheard', 'id': '807003567605227520'}]",0,0,0,0,"[{'start': 0, 'end': 12, 'tag': 'NoInkNeeded'}]","[{'start': 13, 'end': 36, 'url': 'https://t.co/6PK3Am67q4', 'expanded_url': 'https://www.instagram.com/p/BlrPEE_A5E_/?utm_source=ig_twitter_share&igshid=l01cvp9mbb0m', 'display_url': 'instagram.com/p/BlrPEE_A5E_/…'}]",807003567605227520,und,Instagram,2018-07-26T00:56:55.000Z,#NoInkNeeded https://t.co/6PK3Am67q4,1022284594207502336,83,106,361,20,realamberheard,2016-12-08T23:26:58.000Z,https://pbs.twimg.com/profile_images/1383196364792680448/N8CdupEu_normal.jpg,Amber Heard,190363,220,1150,566,"Actor and Activist, semi-professional disruptor, ice cream advocate and shameless teacup yorkie-lover",807003567605227520,https://t.co/Ze18Ek9SOI,"Los Angeles, CA",furem2,2016-01-18T00:50:04.000Z,https://pbs.twimg.com/profile_images/865526341805850625/BbGQuQSb_normal.jpg,🍤보행자🌷😷,251,224,93885,5,"로오히 등등 파고있는 잡덕입니다. 삼국지는 인생장르입니다. 로판 '소녀, 폭군이 되다' '시체를 따라가면 마왕의 발자취', '사랑보다 연금술' 리디북스 등에서 판매중. 헤더 족제비씨님♥",4775867034,https://t.co/fcLPLtShoF,,807003567605227520,"[{'start': 28, 'end': 32, 'probability': 0.9602, 'type': 'Person', 'normalized_text': 'Amber'}]"
770381166,ko,Twitter for iPhone,"[{'type': 'retweeted', 'id': '1022858423753355265'}]",2018-07-28T06:54:19.000Z,"RT @justme_relax: 여유가 있으신 분들은 엠버의 트윗에도 답글을 남겨주세요. I love you, Amber! #NoInkNeeded https://t.co/yoW5laeERz",1023099314527068161,"[{'start': 69, 'end': 81, 'tag': 'NoInkNeeded'}]","[{'start': 82, 'end': 105, 'url': 'https://t.co/yoW5laeERz', 'expanded_url': 'https://twitter.com/realamberheard/status/1022284594207502336', 'display_url': 'twitter.com/realamberheard…'}]","[{'start': 3, 'end': 16, 'username': 'justme_relax', 'id': '1920027500'}]",36,0,0,0,"[{'start': 0, 'end': 12, 'tag': 'NoInkNeeded'}]","[{'start': 13, 'end': 36, 'url': 'https://t.co/6PK3Am67q4', 'expanded_url': 'https://www.instagram.com/p/BlrPEE_A5E_/?utm_source=ig_twitter_share&igshid=l01cvp9mbb0m', 'display_url': 'instagram.com/p/BlrPEE_A5E_/…'}]",807003567605227520,und,Instagram,2018-07-26T00:56:55.000Z,#NoInkNeeded https://t.co/6PK3Am67q4,1022284594207502336,83,106,361,20,realamberheard,2016-12-08T23:26:58.000Z,https://pbs.twimg.com/profile_images/1383196364792680448/N8CdupEu_normal.jpg,Amber Heard,190363,220,1150,566,"Actor and Activist, semi-professional disruptor, ice cream advocate and shameless teacup yorkie-lover",807003567605227520,https://t.co/Ze18Ek9SOI,"Los Angeles, CA",BBoomBBa_o3o,2012-08-20T23:00:09.000Z,https://pbs.twimg.com/profile_images/1437189130803286017/yeAJC7Ob_normal.jpg,붐바야 교육듣자,241,326,143156,6,뿜빠입니다 쉬프트키 누르기 귀찮으면 붐바라고 부르십씨오,770381166,,,,
1004940689954623488,ko,Twitter for Android,"[{'type': 'retweeted', 'id': '1022858423753355265'}]",2018-07-28T06:50:49.000Z,"RT @justme_relax: 여유가 있으신 분들은 엠버의 트윗에도 답글을 남겨주세요. I love you, Amber! #NoInkNeeded https://t.co/yoW5laeERz",1023098433404514304,"[{'start': 69, 'end': 81, 'tag': 'NoInkNeeded'}]","[{'start': 82, 'end': 105, 'url': 'https://t.co/yoW5laeERz', 'expanded_url': 'https://twitter.com/realamberheard/status/1022284594207502336', 'display_url': 'twitter.com/realamberheard…'}]","[{'start': 3, 'end': 16, 'username': 'justme_relax', 'id': '1920027500'}]",36,0,0,0,"[{'start': 0, 'end': 12, 'tag': 'NoInkNeeded'}]","[{'start': 13, 'end': 36, 'url': 'https://t.co/6PK3Am67q4', 'expanded_url': 'https://www.instagram.com/p/BlrPEE_A5E_/?utm_source=ig_twitter_share&igshid=l01cvp9mbb0m', 'display_url': 'instagram.com/p/BlrPEE_A5E_/…'}]",807003567605227520,und,Instagram,2018-07-26T00:56:55.000Z,#NoInkNeeded https://t.co/6PK3Am67q4,1022284594207502336,83,106,361,20,realamberheard,2016-12-08T23:26:58.000Z,https://pbs.twimg.com/profile_images/1383196364792680448/N8CdupEu_normal.jpg,Amber Heard,190363,220,1150,566,"Actor and Activist, semi-professional disruptor, ice cream advocate and shameless teacup yorkie-lover",807003567605227520,https://t.co/Ze18Ek9SOI,"Los Angeles, CA",hoch_schwarz,2018-06-08T04:18:26.000Z,https://pbs.twimg.com/profile_images/1496670982496391170/W1ZKaEMb_normal.jpg,✦🦋 아스터/ASTER 🦋✦,55,223,32245,0,"⚠️ https://t.co/Nu6vfr9613｜덕질 및 게임계｜8n년생 성인 잡덕 그림러｜판하, 바니타스, 로오히, 팔재, 페그오, 포켓몬, 하이큐, 쿠키런 킹덤, 골든 카무이｜FUB Free｜맞팔은 멘션｜🚫 Do not use, repost my artwork.",1004940689954623488,https://t.co/pdf3XtEE0S,,,
4840463552,ko,Twitter for Android,"[{'type': 'retweeted', 'id': '1022858423753355265'}]",2018-07-28T05:45:18.000Z,"RT @justme_relax: 여유가 있으신 분들은 엠버의 트윗에도 답글을 남겨주세요. I love you, Amber! #NoInkNeeded https://t.co/yoW5laeERz",1023081943854764032,"[{'start': 69, 'end': 81, 'tag': 'NoInkNeeded'}]","[{'start': 82, 'end': 105, 'url': 'https://t.co/yoW5laeERz', 'expanded_url': 'https://twitter.com/realamberheard/status/1022284594207502336', 'display_url': 'twitter.com/realamberheard…'}]","[{'start': 3, 'end': 16, 'username': 'justme_relax', 'id': '1920027500'}]",36,0,0,0,"[{'start': 0, 'end': 12, 'tag': 'NoInkNeeded'}]","[{'start': 13, 'end': 36, 'url': 'https://t.co/6PK3Am67q4', 'expanded_url': 'https://www.instagram.com/p/BlrPEE_A5E_/?utm_source=ig_twitter_share&igshid=l01cvp9mbb0m', 'display_url': 'instagram.com/p/BlrPEE_A5E_/…'}]",807003567605227520,und,Instagram,2018-07-26T00:56:55.000Z,#NoInkNeeded https://t.co/6PK3Am67q4,1022284594207502336,83,106,361,20,realamberheard,2016-12-08T23:26:58.000Z,https://pbs.twimg.com/profile_images/1383196364792680448/N8CdupEu_normal.jpg,Amber Heard,190363,220,1150,566,"Actor and Activist, semi-professional disruptor, ice cream advocate and shameless teacup yorkie-lover",807003567605227520,https://t.co/Ze18Ek9SOI,"Los Angeles, CA",Sisse_Novel,2016-01-31T15:38:54.000Z,https://pbs.twimg.com/profile_images/1486612470731272192/IDwyThIN_normal.jpg,시세(Sisse),757,175,2231,3,"《토끼 여주의 새엄마가 되었다》 네이버웹소설 연재 중 &  《다정한 집착 남주에게 사로잡히면》, 《나를 미워하던 남편이 기억을 잃었다》 네이버시리즈 완결 & 그 외 출간작은 블로그에서🍀 《대공님, 실수였어요!》 웹툰은 네이버웹툰&시리즈에서 감상하실 수 있어요💕🐇",4840463552,https://t.co/Oqr8yYgq91,토끼 행성,,
19286599,ko,Twitter for iPhone,"[{'type': 'retweeted', 'id': '1022858423753355265'}]",2018-07-28T05:28:51.000Z,"RT @justme_relax: 여유가 있으신 분들은 엠버의 트윗에도 답글을 남겨주세요. I love you, Amber! #NoInkNeeded https://t.co/yoW5laeERz",1023077804944965632,"[{'start': 69, 'end': 81, 'tag': 'NoInkNeeded'}]","[{'start': 82, 'end': 105, 'url': 'https://t.co/yoW5laeERz', 'expanded_url': 'https://twitter.com/realamberheard/status/1022284594207502336', 'display_url': 'twitter.com/realamberheard…'}]","[{'start': 3, 'end': 16, 'username': 'justme_relax', 'id': '1920027500'}]",36,0,0,0,"[{'start': 0, 'end': 12, 'tag': 'NoInkNeeded'}]","[{'start': 13, 'end': 36, 'url': 'https://t.co/6PK3Am67q4', 'expanded_url': 'https://www.instagram.com/p/BlrPEE_A5E_/?utm_source=ig_twitter_share&igshid=l01cvp9mbb0m', 'display_url': 'instagram.com/p/BlrPEE_A5E_/…'}]",807003567605227520,und,Instagram,2018-07-26T00:56:55.000Z,#NoInkNeeded https://t.co/6PK3Am67q4,1022284594207502336,83,106,361,20,realamberheard,2016-12-08T23:26:58.000Z,https://pbs.twimg.com/profile_images/1383196364792680448/N8CdupEu_normal.jpg,Amber Heard,190363,220,1150,566,"Actor and Activist, semi-professional disruptor, ice cream advocate and shameless teacup yorkie-lover",807003567605227520,https://t.co/Ze18Ek9SOI,"Los Angeles, CA",zinsaya,2009-01-21T13:12:21.000Z,https://pbs.twimg.com/profile_images/1275624249885986821/vZXH-moD_normal.png,진사야 🌹,1133,1353,136871,72,(they/them/그) 바위처럼 살아가고 싶은 퀴어사람. @VeraFarmiga와 @MNEK를 좋아합니다. 인스타 (at)zinsaya / 🚪@ayasniz,19286599,https://t.co/Qf54uHPcD2,1306 Henry Street,,
1003313856708411392,ko,Twitter for Android,"[{'type': 'retweeted', 'id': '1022858423753355265'}]",2018-07-28T05:06:41.000Z,"RT @justme_relax: 여유가 있으신 분들은 엠버의 트윗에도 답글을 남겨주세요. I love you, Amber! #NoInkNeeded https://t.co/yoW5laeERz",1023072227074265088,"[{'start': 69, 'end': 81, 'tag': 'NoInkNeeded'}]","[{'start': 82, 'end': 105, 'url': 'https://t.co/yoW5laeERz', 'expanded_url': 'https://twitter.com/realamberheard/status/1022284594207502336', 'display_url': 'twitter.com/realamberheard…'}]","[{'start': 3, 'end': 16, 'username': 'justme_relax', 'id': '1920027500'}]",36,0,0,0,"[{'start': 0, 'end': 12, 'tag': 'NoInkNeeded'}]","[{'start': 13, 'end': 36, 'url': 'https://t.co/6PK3Am67q4', 'expanded_url': 'https://www.instagram.com/p/BlrPEE_A5E_/?utm_source=ig_twitter_share&igshid=l01cvp9mbb0m', 'display_url': 'instagram.com/p/BlrPEE_A5E_/…'}]",807003567605227520,und,Instagram,2018-07-26T00:56:55.000Z,#NoInkNeeded https://t.co/6PK3Am67q4,1022284594207502336,83,106,361,20,realamberheard,2016-12-08T23:26:58.000Z,https://pbs.twimg.com/profile_images/1383196364792680448/N8CdupEu_normal.jpg,Amber Heard,190363,220,1150,566,"Actor and Activist, semi-professional disruptor, ice cream advocate and shameless teacup yorkie-lover",807003567605227520,https://t.co/Ze18Ek9SOI,"Los Angeles, CA",icy_n_icy_,2018-06-03T16:33:58.000Z,https://pbs.twimg.com/profile_images/1322520553299693569/ctULI4Gh_normal.jpg,88🎱,51,102,96588,0,,1003313856708411392,,,,
1015701504311767040,ko,Twitter Web Client,"[{'type': 'retweeted', 'id': '1022858423753355265'}]",2018-07-28T04:29:01.000Z,"RT @justme_relax: 여유가 있으신 분들은 엠버의 트윗에도 답글을 남겨주세요. I love you, Amber! #NoInkNeeded https://t.co/yoW5laeERz",1023062749335568384,"[{'start': 69, 'end': 81, 'tag': 'NoInkNeeded'}]","[{'start': 82, 'end': 105, 'url': 'https://t.co/yoW5laeERz', 'expanded_url': 'https://twitter.com/realamberheard/status/1022284594207502336', 'display_url': 'twitter.com/realamberheard…'}]","[{'start': 3, 'end': 16, 'username': 'justme_relax', 'id': '1920027500'}]",36,0,0,0,"[{'start': 0, 'end': 12, 'tag': 'NoInkNeeded'}]","[{'start': 13, 'end': 36, 'url': 'https://t.co/6PK3Am67q4', 'expanded_url': 'https://www.instagram.com/p/BlrPEE_A5E_/?utm_source=ig_twitter_share&igshid=l01cvp9mbb0m', 'display_url': 'instagram.com/p/BlrPEE_A5E_/…'}]",807003567605227520,und,Instagram,2018-07-26T00:56:55.000Z,#NoInkNeeded https://t.co/6PK3Am67q4,1022284594207502336,83,106,361,20,realamberheard,2016-12-08T23:26:58.000Z,https://pbs.twimg.com/profile_images/1383196364792680448/N8CdupEu_normal.jpg,Amber Heard,190363,220,1150,566,"Actor and Activist, semi-professional disruptor, ice cream advocate and shameless teacup yorkie-lover",807003567605227520,https://t.co/Ze18Ek9SOI,"Los Angeles, CA",reuma_00_b,2018-07-07T20:58:04.000Z,https://pbs.twimg.com/profile_images/1201741486120828928/Cg6fQ5p-_normal.jpg,ㅎ한동안정신의평화를위해동결판사님이건우리집쥐가.😷🦐🌈💙💛,106,199,176812,0,"갑자기 알티나 마음폭탄이 사라지면 아 이인간 또 어디 도서산간벽지로 출장,외근갔구나 라고 생각하시면됨니다... 팔로우 풀리는건 파랑새의 짓임니다.",1015701504311767040,https://t.co/ZVQQaRf5wC,,,
212036395,ko,Twitter for iPhone,"[{'type': 'retweeted', 'id': '1022858423753355265'}]",2018-07-28T03:16:29.000Z,"RT @justme_relax: 여유가 있으신 분들은 엠버의 트윗에도 답글을 남겨주세요. I love you, Amber! #NoInkNeeded https://t.co/yoW5laeERz",1023044493006712837,"[{'start': 69, 'end': 81, 'tag': 'NoInkNeeded'}]","[{'start': 82, 'end': 105, 'url': 'https://t.co/yoW5laeERz', 'expanded_url': 'https://twitter.com/realamberheard/status/1022284594207502336', 'display_url': 'twitter.com/realamberheard…'}]","[{'start': 3, 'end': 16, 'username': 'justme_relax', 'id': '1920027500'}]",36,0,0,0,"[{'start': 0, 'end': 12, 'tag': 'NoInkNeeded'}]","[{'start': 13, 'end': 36, 'url': 'https://t.co/6PK3Am67q4', 'expanded_url': 'https://www.instagram.com/p/BlrPEE_A5E_/?utm_source=ig_twitter_share&igshid=l01cvp9mbb0m', 'display_url': 'instagram.com/p/BlrPEE_A5E_/…'}]",807003567605227520,und,Instagram,2018-07-26T00:56:55.000Z,#NoInkNeeded https://t.co/6PK3Am67q4,1022284594207502336,83,106,361,20,realamberheard,2016-12-08T23:26:58.000Z,https://pbs.twimg.com/profile_images/1383196364792680448/N8CdupEu_normal.jpg,Amber Heard,190363,220,1150,566,"Actor and Activist, semi-professional disruptor, ice cream advocate and shameless teacup yorkie-lover",807003567605227520,https://t.co/Ze18Ek9SOI,"Los Angeles, CA",jinnys0,2010-11-04T23:36:14.000Z,https://pbs.twimg.com/profile_images/1296743275349516288/t_190-Ar_normal.jpg,이진서🎗,408,1097,377918,11,팔로우는 자유. 맞팔은 내맘.,212036395,,Korea,,
4518000979,ko,Twitter for Android,"[{'type': 'retweeted', 'id': '1022858423753355265'}]",2018-07-28T02:45:21.000Z,"RT @justme_relax: 여유가 있으신 분들은 엠버의 트윗에도 답글을 남겨주세요. I love you, Amber! #NoInkNeeded https://t.co/yoW5laeERz",1023036657975537664,"[{'start': 69, 'end': 81, 'tag': 'NoInkNeeded'}]","[{'start': 82, 'end': 105, 'url': 'https://t.co/yoW5laeERz', 'expanded_url': 'https://twitter.com/realamberheard/status/1022284594207502336', 'display_url': 'twitter.com/realamberheard…'}]","[{'start': 3, 'end': 16, 'username': 'justme_relax', 'id': '1920027500'}]",36,0,0,0,"[{'start': 0, 'end': 12, 'tag': 'NoInkNeeded'}]","[{'start': 13, 'end': 36, 'url': 'https://t.co/6PK3Am67q4', 'expanded_url': 'https://www.instagram.com/p/BlrPEE_A5E_/?utm_source=ig_twitter_share&igshid=l01cvp9mbb0m', 'display_url': 'instagram.com/p/BlrPEE_A5E_/…'}]",807003567605227520,und,Instagram,2018-07-26T00:56:55.000Z,#NoInkNeeded https://t.co/6PK3Am67q4,1022284594207502336,83,106,361,20,realamberheard,2016-12-08T23:26:58.000Z,https://pbs.twimg.com/profile_images/1383196364792680448/N8CdupEu_normal.jpg,Amber Heard,190363,220,1150,566,"Actor and Activist, semi-professional disruptor, ice cream advocate and shameless teacup yorkie-lover",807003567605227520,https://t.co/Ze18Ek9SOI,"Los Angeles, CA",EeeeSTEL,2015-12-10T12:42:32.000Z,https://pbs.twimg.com/profile_images/1366369702855938057/2RYrlUuk_normal.jpg,에스텔☀️,275,191,142128,0,"장르 안 가림./연성은 모멘트로 가시면 되고 비팔알림 안 옴 /드라마계정:@Nalala_e/
 실마릴🤪👉👌:@EeeeSTEL22",4518000979,,나는 인간에게 희망을 남겼으나 나에게는 남기지 않았네,,
751629166496231424,ko,Twitter for Android,"[{'type': 'retweeted', 'id': '1022858423753355265'}]",2018-07-28T02:40:34.000Z,"RT @justme_relax: 여유가 있으신 분들은 엠버의 트윗에도 답글을 남겨주세요. I love you, Amber! #NoInkNeeded https://t.co/yoW5laeERz",1023035457511206912,"[{'start': 69, 'end': 81, 'tag': 'NoInkNeeded'}]","[{'start': 82, 'end': 105, 'url': 'https://t.co/yoW5laeERz', 'expanded_url': 'https://twitter.com/realamberheard/status/1022284594207502336', 'display_url': 'twitter.com/realamberheard…'}]","[{'start': 3, 'end': 16, 'username': 'justme_relax', 'id': '1920027500'}]",36,0,0,0,"[{'start': 0, 'end': 12, 'tag': 'NoInkNeeded'}]","[{'start': 13, 'end': 36, 'url': 'https://t.co/6PK3Am67q4', 'expanded_url': 'https://www.instagram.com/p/BlrPEE_A5E_/?utm_source=ig_twitter_share&igshid=l01cvp9mbb0m', 'display_url': 'instagram.com/p/BlrPEE_A5E_/…'}]",807003567605227520,und,Instagram,2018-07-26T00:56:55.000Z,#NoInkNeeded https://t.co/6PK3Am67q4,1022284594207502336,83,106,361,20,realamberheard,2016-12-08T23:26:58.000Z,https://pbs.twimg.com/profile_images/1383196364792680448/N8CdupEu_normal.jpg,Amber Heard,190363,220,1150,566,"Actor and Activist, semi-professional disruptor, ice cream advocate and shameless teacup yorkie-lover",807003567605227520,https://t.co/Ze18Ek9SOI,"Los Angeles, CA",zzoinico,2016-07-09T04:08:52.000Z,https://pbs.twimg.com/profile_images/1501535589241290752/2mVg02Ub_normal.jpg,야자와 조이니,45,1360,123315,0,다 좋아함,751629166496231424,,,,
1633011505,ko,Twitter for iPhone,"[{'type': 'retweeted', 'id': '1022858423753355265'}]",2018-07-28T02:19:49.000Z,"RT @justme_relax: 여유가 있으신 분들은 엠버의 트윗에도 답글을 남겨주세요. I love you, Amber! #NoInkNeeded https://t.co/yoW5laeERz",1023030233039925250,"[{'start': 69, 'end': 81, 'tag': 'NoInkNeeded'}]","[{'start': 82, 'end': 105, 'url': 'https://t.co/yoW5laeERz', 'expanded_url': 'https://twitter.com/realamberheard/status/1022284594207502336', 'display_url': 'twitter.com/realamberheard…'}]","[{'start': 3, 'end': 16, 'username': 'justme_relax', 'id': '1920027500'}]",36,0,0,0,"[{'start': 0, 'end': 12, 'tag': 'NoInkNeeded'}]","[{'start': 13, 'end': 36, 'url': 'https://t.co/6PK3Am67q4', 'expanded_url': 'https://www.instagram.com/p/BlrPEE_A5E_/?utm_source=ig_twitter_share&igshid=l01cvp9mbb0m', 'display_url': 'instagram.com/p/BlrPEE_A5E_/…'}]",807003567605227520,und,Instagram,2018-07-26T00:56:55.000Z,#NoInkNeeded https://t.co/6PK3Am67q4,1022284594207502336,83,106,361,20,realamberheard,2016-12-08T23:26:58.000Z,https://pbs.twimg.com/profile_images/1383196364792680448/N8CdupEu_normal.jpg,Amber Heard,190363,220,1150,566,"Actor and Activist, semi-professional disruptor, ice cream advocate and shameless teacup yorkie-lover",807003567605227520,https://t.co/Ze18Ek9SOI,"Los Angeles, CA",seasoning_salt,2013-07-30T13:58:33.000Z,https://pbs.twimg.com/profile_images/1474769528098025476/6kZNEajr_normal.jpg,파랑파랑파랑,117,284,231947,1,"알티 주의
좋아하는것은 흐리고 싫은건 많음",1633011505,,알수없음,,
534254893,ko,Twitter for iPhone,"[{'type': 'retweeted', 'id': '1022858423753355265'}]",2018-07-28T01:41:59.000Z,"RT @justme_relax: 여유가 있으신 분들은 엠버의 트윗에도 답글을 남겨주세요. I love you, Amber! #NoInkNeeded https://t.co/yoW5laeERz",1023020711898738693,"[{'start': 69, 'end': 81, 'tag': 'NoInkNeeded'}]","[{'start': 82, 'end': 105, 'url': 'https://t.co/yoW5laeERz', 'expanded_url': 'https://twitter.com/realamberheard/status/1022284594207502336', 'display_url': 'twitter.com/realamberheard…'}]","[{'start': 3, 'end': 16, 'username': 'justme_relax', 'id': '1920027500'}]",36,0,0,0,"[{'start': 0, 'end': 12, 'tag': 'NoInkNeeded'}]","[{'start': 13, 'end': 36, 'url': 'https://t.co/6PK3Am67q4', 'expanded_url': 'https://www.instagram.com/p/BlrPEE_A5E_/?utm_source=ig_twitter_share&igshid=l01cvp9mbb0m', 'display_url': 'instagram.com/p/BlrPEE_A5E_/…'}]",807003567605227520,und,Instagram,2018-07-26T00:56:55.000Z,#NoInkNeeded https://t.co/6PK3Am67q4,1022284594207502336,83,106,361,20,realamberheard,2016-12-08T23:26:58.000Z,https://pbs.twimg.com/profile_images/1383196364792680448/N8CdupEu_normal.jpg,Amber Heard,190363,220,1150,566,"Actor and Activist, semi-professional disruptor, ice cream advocate and shameless teacup yorkie-lover",807003567605227520,https://t.co/Ze18Ek9SOI,"Los Angeles, CA",zhzm2449coke,2012-03-23T12:40:56.000Z,https://pbs.twimg.com/profile_images/1499098658226253824/SGMgHEWm_normal.jpg,Coke,232,870,448326,11,잡덕/구독/성인,534254893,,,,
176274062,ko,Twitter for Android,"[{'type': 'retweeted', 'id': '1022858423753355265'}]",2018-07-28T00:40:51.000Z,"RT @justme_relax: 여유가 있으신 분들은 엠버의 트윗에도 답글을 남겨주세요. I love you, Amber! #NoInkNeeded https://t.co/yoW5laeERz",1023005329339047937,"[{'start': 69, 'end': 81, 'tag': 'NoInkNeeded'}]","[{'start': 82, 'end': 105, 'url': 'https://t.co/yoW5laeERz', 'expanded_url': 'https://twitter.com/realamberheard/status/1022284594207502336', 'display_url': 'twitter.com/realamberheard…'}]","[{'start': 3, 'end': 16, 'username': 'justme_relax', 'id': '1920027500'}]",36,0,0,0,"[{'start': 0, 'end': 12, 'tag': 'NoInkNeeded'}]","[{'start': 13, 'end': 36, 'url': 'https://t.co/6PK3Am67q4', 'expanded_url': 'https://www.instagram.com/p/BlrPEE_A5E_/?utm_source=ig_twitter_share&igshid=l01cvp9mbb0m', 'display_url': 'instagram.com/p/BlrPEE_A5E_/…'}]",807003567605227520,und,Instagram,2018-07-26T00:56:55.000Z,#NoInkNeeded https://t.co/6PK3Am67q4,1022284594207502336,83,106,361,20,realamberheard,2016-12-08T23:26:58.000Z,https://pbs.twimg.com/profile_images/1383196364792680448/N8CdupEu_normal.jpg,Amber Heard,190363,220,1150,566,"Actor and Activist, semi-professional disruptor, ice cream advocate and shameless teacup yorkie-lover",807003567605227520,https://t.co/Ze18Ek9SOI,"Los Angeles, CA",dhdhwhfk,2010-08-09T02:31:52.000Z,https://pbs.twimg.com/profile_images/1459425497570750464/u90OOmZH_normal.jpg,🎗슈빌,128,133,98651,1,사이퍼즈/에픽세븐/탐정의 왕/엘소드/록맨 에그제 애니 등등 잡덕 성향 파는게 넘 많네/빻은 취향은 포스터 성인 게시물 이용/팔로 자동 맞팔/썰 푸는 소비러/비엘 중심인데 소비는 다른 것도 존나 잘함/성인,176274062,,트와일라잇과 로쏘 사이의 전뇌 공간에,,
151779934,ko,Twitter for iPhone,"[{'type': 'retweeted', 'id': '1022858423753355265'}]",2018-07-28T00:14:54.000Z,"RT @justme_relax: 여유가 있으신 분들은 엠버의 트윗에도 답글을 남겨주세요. I love you, Amber! #NoInkNeeded https://t.co/yoW5laeERz",1022998798144962560,"[{'start': 69, 'end': 81, 'tag': 'NoInkNeeded'}]","[{'start': 82, 'end': 105, 'url': 'https://t.co/yoW5laeERz', 'expanded_url': 'https://twitter.com/realamberheard/status/1022284594207502336', 'display_url': 'twitter.com/realamberheard…'}]","[{'start': 3, 'end': 16, 'username': 'justme_relax', 'id': '1920027500'}]",36,0,0,0,"[{'start': 0, 'end': 12, 'tag': 'NoInkNeeded'}]","[{'start': 13, 'end': 36, 'url': 'https://t.co/6PK3Am67q4', 'expanded_url': 'https://www.instagram.com/p/BlrPEE_A5E_/?utm_source=ig_twitter_share&igshid=l01cvp9mbb0m', 'display_url': 'instagram.com/p/BlrPEE_A5E_/…'}]",807003567605227520,und,Instagram,2018-07-26T00:56:55.000Z,#NoInkNeeded https://t.co/6PK3Am67q4,1022284594207502336,83,106,361,20,realamberheard,2016-12-08T23:26:58.000Z,https://pbs.twimg.com/profile_images/1383196364792680448/N8CdupEu_normal.jpg,Amber Heard,190363,220,1150,566,"Actor and Activist, semi-professional disruptor, ice cream advocate and shameless teacup yorkie-lover",807003567605227520,https://t.co/Ze18Ek9SOI,"Los Angeles, CA",Namppo1016,2010-06-04T06:39:52.000Z,https://pbs.twimg.com/profile_images/1445034112645885955/Bye0zbzJ_normal.jpg,Nam🍞,2389,257,58915,15,,151779934,https://t.co/4yiVq7ViUz,,,
1296450205,en,Twitter for Android,,2018-07-27T21:14:37.000Z,"*sigh 
You still don't get it, right?! Be happy with the 7 millions and 
leave him alone, finally!
You're pure poison! #AnnoyingPeople #OnlyOutForTheFameAndMoney https://t.co/DgU8BpV2Tm",1022953428622995456,"[{'start': 119, 'end': 134, 'tag': 'AnnoyingPeople'}, {'start': 135, 'end': 161, 'tag': 'OnlyOutForTheFameAndMoney'}]","[{'start': 162, 'end': 185, 'url': 'https://t.co/DgU8BpV2Tm', 'expanded_url': 'https://twitter.com/realamberheard/status/1022284594207502336', 'display_url': 'twitter.com/realamberheard…'}]",,0,0,0,0,"[{'start': 0, 'end': 12, 'tag': 'NoInkNeeded'}]","[{'start': 13, 'end': 36, 'url': 'https://t.co/6PK3Am67q4', 'expanded_url': 'https://www.instagram.com/p/BlrPEE_A5E_/?utm_source=ig_twitter_share&igshid=l01cvp9mbb0m', 'display_url': 'instagram.com/p/BlrPEE_A5E_/…'}]",807003567605227520,und,Instagram,2018-07-26T00:56:55.000Z,#NoInkNeeded https://t.co/6PK3Am67q4,1022284594207502336,83,106,361,20,realamberheard,2016-12-08T23:26:58.000Z,https://pbs.twimg.com/profile_images/1383196364792680448/N8CdupEu_normal.jpg,Amber Heard,190363,220,1150,566,"Actor and Activist, semi-professional disruptor, ice cream advocate and shameless teacup yorkie-lover",807003567605227520,https://t.co/Ze18Ek9SOI,"Los Angeles, CA",AlexaVisible,2013-03-24T19:55:28.000Z,https://pbs.twimg.com/profile_images/1492920532223860743/KIYSRty8_normal.jpg,Alexa,1844,2070,24396,9,Mainstream? Hier nicht - ich bilde mir meine Meinung immer noch selbst!,1296450205,,,,
3144860340,en,Twitter for iPhone,"[{'type': 'retweeted', 'id': '1022843589632483329'}]",2018-07-27T17:25:22.000Z,RT @santi_care: I'm proud of you 💙💙💙 #hatersgonnahate #NoInkneeded https://t.co/b4V2cVOiHW,1022895735698681856,"[{'start': 37, 'end': 53, 'tag': 'hatersgonnahate'}, {'start': 54, 'end': 66, 'tag': 'NoInkneeded'}]","[{'start': 67, 'end': 90, 'url': 'https://t.co/b4V2cVOiHW', 'expanded_url': 'https://twitter.com/realamberheard/status/1022284594207502336', 'display_url': 'twitter.com/realamberheard…'}]","[{'start': 3, 'end': 14, 'username': 'santi_care', 'id': '4883689452'}]",3,0,0,0,"[{'start': 0, 'end': 12, 'tag': 'NoInkNeeded'}]","[{'start': 13, 'end': 36, 'url': 'https://t.co/6PK3Am67q4', 'expanded_url': 'https://www.instagram.com/p/BlrPEE_A5E_/?utm_source=ig_twitter_share&igshid=l01cvp9mbb0m', 'display_url': 'instagram.com/p/BlrPEE_A5E_/…'}]",807003567605227520,und,Instagram,2018-07-26T00:56:55.000Z,#NoInkNeeded https://t.co/6PK3Am67q4,1022284594207502336,83,106,361,20,realamberheard,2016-12-08T23:26:58.000Z,https://pbs.twimg.com/profile_images/1383196364792680448/N8CdupEu_normal.jpg,Amber Heard,190363,220,1150,566,"Actor and Activist, semi-professional disruptor, ice cream advocate and shameless teacup yorkie-lover",807003567605227520,https://t.co/Ze18Ek9SOI,"Los Angeles, CA",mangrimo,2015-04-08T14:24:43.000Z,https://pbs.twimg.com/profile_images/1503244958190678021/xq25lsN8_normal.jpg,망리모まんりも,2245,357,309654,12,"망리모 여성향계★🔞20才↑韓国人korean女性向アカウント!★日本語ok★숲렉,카터새비지,아톰콜드,홀폴(ホルポル),마헨발라(マヘバラ),삼톡,히메,화산귀환★리버시블リバーシブル& 雑食타컾언급많음주의!★RT&❤️多★터프안사요",3144860340,,,,
2284900040,en,Twitter for Android,"[{'type': 'quoted', 'id': '1022284594207502336'}]",2018-07-27T15:47:05.000Z,And you're all I need https://t.co/Vv2bX62D0W,1022871000738717699,,"[{'start': 22, 'end': 45, 'url': 'https://t.co/Vv2bX62D0W', 'expanded_url': 'https://twitter.com/realamberheard/status/1022284594207502336', 'display_url': 'twitter.com/realamberheard…'}]",,0,0,0,0,"[{'start': 0, 'end': 12, 'tag': 'NoInkNeeded'}]","[{'start': 13, 'end': 36, 'url': 'https://t.co/6PK3Am67q4', 'expanded_url': 'https://www.instagram.com/p/BlrPEE_A5E_/?utm_source=ig_twitter_share&igshid=l01cvp9mbb0m', 'display_url': 'instagram.com/p/BlrPEE_A5E_/…'}]",807003567605227520,und,Instagram,2018-07-26T00:56:55.000Z,#NoInkNeeded https://t.co/6PK3Am67q4,1022284594207502336,83,106,361,20,realamberheard,2016-12-08T23:26:58.000Z,https://pbs.twimg.com/profile_images/1383196364792680448/N8CdupEu_normal.jpg,Amber Heard,190363,220,1150,566,"Actor and Activist, semi-professional disruptor, ice cream advocate and shameless teacup yorkie-lover",807003567605227520,https://t.co/Ze18Ek9SOI,"Los Angeles, CA",thykimdom,2014-01-10T10:48:52.000Z,https://pbs.twimg.com/profile_images/1460300333369143296/9Xp17M5r_normal.jpg,k.,822,336,81002,17,"bi. peculiar. nihilism.
uno x mingming ❤",2284900040,,🌈 Filipinas,,
796346859019083776,ko,Twitter for iPhone,"[{'type': 'retweeted', 'id': '1022858423753355265'}]",2018-07-27T15:41:11.000Z,"RT @justme_relax: 여유가 있으신 분들은 엠버의 트윗에도 답글을 남겨주세요. I love you, Amber! #NoInkNeeded https://t.co/yoW5laeERz",1022869515393093632,"[{'start': 69, 'end': 81, 'tag': 'NoInkNeeded'}]","[{'start': 82, 'end': 105, 'url': 'https://t.co/yoW5laeERz', 'expanded_url': 'https://twitter.com/realamberheard/status/1022284594207502336', 'display_url': 'twitter.com/realamberheard…'}]","[{'start': 3, 'end': 16, 'username': 'justme_relax', 'id': '1920027500'}]",36,0,0,0,"[{'start': 0, 'end': 12, 'tag': 'NoInkNeeded'}]","[{'start': 13, 'end': 36, 'url': 'https://t.co/6PK3Am67q4', 'expanded_url': 'https://www.instagram.com/p/BlrPEE_A5E_/?utm_source=ig_twitter_share&igshid=l01cvp9mbb0m', 'display_url': 'instagram.com/p/BlrPEE_A5E_/…'}]",807003567605227520,und,Instagram,2018-07-26T00:56:55.000Z,#NoInkNeeded https://t.co/6PK3Am67q4,1022284594207502336,83,106,361,20,realamberheard,2016-12-08T23:26:58.000Z,https://pbs.twimg.com/profile_images/1383196364792680448/N8CdupEu_normal.jpg,Amber Heard,190363,220,1150,566,"Actor and Activist, semi-professional disruptor, ice cream advocate and shameless teacup yorkie-lover",807003567605227520,https://t.co/Ze18Ek9SOI,"Los Angeles, CA",minguinho_23,2016-11-09T13:41:01.000Z,https://pbs.twimg.com/profile_images/1469603329890144259/ZoGTMhjs_normal.jpg,뚜또,13,183,86416,0,"성인 | 웹소설 좋아하는 변방의 구독러 | FUB free | 상수리, 연회생, 내스급 외 다수 |",796346859019083776,,,,
313269510,ko,Twitter for iPhone,"[{'type': 'retweeted', 'id': '1022858423753355265'}]",2018-07-27T15:34:37.000Z,"RT @justme_relax: 여유가 있으신 분들은 엠버의 트윗에도 답글을 남겨주세요. I love you, Amber! #NoInkNeeded https://t.co/yoW5laeERz",1022867864477298690,"[{'start': 69, 'end': 81, 'tag': 'NoInkNeeded'}]","[{'start': 82, 'end': 105, 'url': 'https://t.co/yoW5laeERz', 'expanded_url': 'https://twitter.com/realamberheard/status/1022284594207502336', 'display_url': 'twitter.com/realamberheard…'}]","[{'start': 3, 'end': 16, 'username': 'justme_relax', 'id': '1920027500'}]",36,0,0,0,"[{'start': 0, 'end': 12, 'tag': 'NoInkNeeded'}]","[{'start': 13, 'end': 36, 'url': 'https://t.co/6PK3Am67q4', 'expanded_url': 'https://www.instagram.com/p/BlrPEE_A5E_/?utm_source=ig_twitter_share&igshid=l01cvp9mbb0m', 'display_url': 'instagram.com/p/BlrPEE_A5E_/…'}]",807003567605227520,und,Instagram,2018-07-26T00:56:55.000Z,#NoInkNeeded https://t.co/6PK3Am67q4,1022284594207502336,83,106,361,20,realamberheard,2016-12-08T23:26:58.000Z,https://pbs.twimg.com/profile_images/1383196364792680448/N8CdupEu_normal.jpg,Amber Heard,190363,220,1150,566,"Actor and Activist, semi-professional disruptor, ice cream advocate and shameless teacup yorkie-lover",807003567605227520,https://t.co/Ze18Ek9SOI,"Los Angeles, CA",_kaigai_1031,2011-06-08T11:58:43.000Z,https://pbs.twimg.com/profile_images/786582095149752320/ll_ozTXn_normal.jpg,海外の/이가연@Kyoto⛩,502,3370,421404,16,"20y↑ :: LOTS OF minority rights issues. :: POTS, MDD Patient :: Otaku, mostly on Touhou, Yuri. :: Many RT on TL. :: Live in Kyoto or Seoul. :: 日/韓 ○ Eng △ :: 🔕",313269510,https://t.co/yorbSpZFzo,오리레이 수윤 루델희주 히카로우 애들치타,,
203225184,ko,Twitter for Android,"[{'type': 'retweeted', 'id': '1022858423753355265'}]",2018-07-27T15:27:39.000Z,"RT @justme_relax: 여유가 있으신 분들은 엠버의 트윗에도 답글을 남겨주세요. I love you, Amber! #NoInkNeeded https://t.co/yoW5laeERz",1022866111841198082,"[{'start': 69, 'end': 81, 'tag': 'NoInkNeeded'}]","[{'start': 82, 'end': 105, 'url': 'https://t.co/yoW5laeERz', 'expanded_url': 'https://twitter.com/realamberheard/status/1022284594207502336', 'display_url': 'twitter.com/realamberheard…'}]","[{'start': 3, 'end': 16, 'username': 'justme_relax', 'id': '1920027500'}]",36,0,0,0,"[{'start': 0, 'end': 12, 'tag': 'NoInkNeeded'}]","[{'start': 13, 'end': 36, 'url': 'https://t.co/6PK3Am67q4', 'expanded_url': 'https://www.instagram.com/p/BlrPEE_A5E_/?utm_source=ig_twitter_share&igshid=l01cvp9mbb0m', 'display_url': 'instagram.com/p/BlrPEE_A5E_/…'}]",807003567605227520,und,Instagram,2018-07-26T00:56:55.000Z,#NoInkNeeded https://t.co/6PK3Am67q4,1022284594207502336,83,106,361,20,realamberheard,2016-12-08T23:26:58.000Z,https://pbs.twimg.com/profile_images/1383196364792680448/N8CdupEu_normal.jpg,Amber Heard,190363,220,1150,566,"Actor and Activist, semi-professional disruptor, ice cream advocate and shameless teacup yorkie-lover",807003567605227520,https://t.co/Ze18Ek9SOI,"Los Angeles, CA",CIAOZAHO,2010-10-15T20:20:59.000Z,https://pbs.twimg.com/profile_images/740578069967077376/npEntsyL_normal.jpg,싱숭생숭한 자호,1001,1287,113871,8,"털요정 마고, 링고, 요고랑  같이 살지요 :D",203225184,,,,
233230209,ko,Twitter Web Client,"[{'type': 'retweeted', 'id': '1022858423753355265'}]",2018-07-27T15:26:07.000Z,"RT @justme_relax: 여유가 있으신 분들은 엠버의 트윗에도 답글을 남겨주세요. I love you, Amber! #NoInkNeeded https://t.co/yoW5laeERz",1022865727110275072,"[{'start': 69, 'end': 81, 'tag': 'NoInkNeeded'}]","[{'start': 82, 'end': 105, 'url': 'https://t.co/yoW5laeERz', 'expanded_url': 'https://twitter.com/realamberheard/status/1022284594207502336', 'display_url': 'twitter.com/realamberheard…'}]","[{'start': 3, 'end': 16, 'username': 'justme_relax', 'id': '1920027500'}]",36,0,0,0,"[{'start': 0, 'end': 12, 'tag': 'NoInkNeeded'}]","[{'start': 13, 'end': 36, 'url': 'https://t.co/6PK3Am67q4', 'expanded_url': 'https://www.instagram.com/p/BlrPEE_A5E_/?utm_source=ig_twitter_share&igshid=l01cvp9mbb0m', 'display_url': 'instagram.com/p/BlrPEE_A5E_/…'}]",807003567605227520,und,Instagram,2018-07-26T00:56:55.000Z,#NoInkNeeded https://t.co/6PK3Am67q4,1022284594207502336,83,106,361,20,realamberheard,2016-12-08T23:26:58.000Z,https://pbs.twimg.com/profile_images/1383196364792680448/N8CdupEu_normal.jpg,Amber Heard,190363,220,1150,566,"Actor and Activist, semi-professional disruptor, ice cream advocate and shameless teacup yorkie-lover",807003567605227520,https://t.co/Ze18Ek9SOI,"Los Angeles, CA",kei_lee07,2011-01-02T17:40:20.000Z,https://pbs.twimg.com/profile_images/1263855241398587392/0urhtz33_normal.jpg,+ Kei +,114,109,69846,0,"DC+마블+ 어지간한 사이파이 
그냥도 취향맞음 다 줏어봄. 
숲뱃 외 맘에 들면 그냥 줏어먹음. 

* 지뢰는 알아서 쓰루합니다.",233230209,,"대한민국, KOREA",,
470917270,ko,Twitter for Android,"[{'type': 'retweeted', 'id': '1022858423753355265'}]",2018-07-27T15:15:32.000Z,"RT @justme_relax: 여유가 있으신 분들은 엠버의 트윗에도 답글을 남겨주세요. I love you, Amber! #NoInkNeeded https://t.co/yoW5laeERz",1022863061600759809,"[{'start': 69, 'end': 81, 'tag': 'NoInkNeeded'}]","[{'start': 82, 'end': 105, 'url': 'https://t.co/yoW5laeERz', 'expanded_url': 'https://twitter.com/realamberheard/status/1022284594207502336', 'display_url': 'twitter.com/realamberheard…'}]","[{'start': 3, 'end': 16, 'username': 'justme_relax', 'id': '1920027500'}]",36,0,0,0,"[{'start': 0, 'end': 12, 'tag': 'NoInkNeeded'}]","[{'start': 13, 'end': 36, 'url': 'https://t.co/6PK3Am67q4', 'expanded_url': 'https://www.instagram.com/p/BlrPEE_A5E_/?utm_source=ig_twitter_share&igshid=l01cvp9mbb0m', 'display_url': 'instagram.com/p/BlrPEE_A5E_/…'}]",807003567605227520,und,Instagram,2018-07-26T00:56:55.000Z,#NoInkNeeded https://t.co/6PK3Am67q4,1022284594207502336,83,106,361,20,realamberheard,2016-12-08T23:26:58.000Z,https://pbs.twimg.com/profile_images/1383196364792680448/N8CdupEu_normal.jpg,Amber Heard,190363,220,1150,566,"Actor and Activist, semi-professional disruptor, ice cream advocate and shameless teacup yorkie-lover",807003567605227520,https://t.co/Ze18Ek9SOI,"Los Angeles, CA",Lariatte1218,2012-01-22T09:01:05.000Z,https://pbs.twimg.com/profile_images/1391651158607814660/nFHMOZDi_normal.jpg,입☆시그너스 뉴짤☆춘,427,290,613774,0,"본진 메이플. 종교 이리나, 양날개 루미너스/카일, 삼애 제로. 프스, 차도4 지뢰/타장르 검은사제들 최김 기뮨석, 카그체 나르셀리 로난엘리. 구피꽃 여캐왼.",470917270,https://t.co/CcYF1UGoaH,기사의 전당,,
105687084,ko,Twitter for Android,"[{'type': 'retweeted', 'id': '1022858423753355265'}]",2018-07-27T15:12:01.000Z,"RT @justme_relax: 여유가 있으신 분들은 엠버의 트윗에도 답글을 남겨주세요. I love you, Amber! #NoInkNeeded https://t.co/yoW5laeERz",1022862177886031872,"[{'start': 69, 'end': 81, 'tag': 'NoInkNeeded'}]","[{'start': 82, 'end': 105, 'url': 'https://t.co/yoW5laeERz', 'expanded_url': 'https://twitter.com/realamberheard/status/1022284594207502336', 'display_url': 'twitter.com/realamberheard…'}]","[{'start': 3, 'end': 16, 'username': 'justme_relax', 'id': '1920027500'}]",36,0,0,0,"[{'start': 0, 'end': 12, 'tag': 'NoInkNeeded'}]","[{'start': 13, 'end': 36, 'url': 'https://t.co/6PK3Am67q4', 'expanded_url': 'https://www.instagram.com/p/BlrPEE_A5E_/?utm_source=ig_twitter_share&igshid=l01cvp9mbb0m', 'display_url': 'instagram.com/p/BlrPEE_A5E_/…'}]",807003567605227520,und,Instagram,2018-07-26T00:56:55.000Z,#NoInkNeeded https://t.co/6PK3Am67q4,1022284594207502336,83,106,361,20,realamberheard,2016-12-08T23:26:58.000Z,https://pbs.twimg.com/profile_images/1383196364792680448/N8CdupEu_normal.jpg,Amber Heard,190363,220,1150,566,"Actor and Activist, semi-professional disruptor, ice cream advocate and shameless teacup yorkie-lover",807003567605227520,https://t.co/Ze18Ek9SOI,"Los Angeles, CA",callistazan,2010-01-17T04:23:26.000Z,https://pbs.twimg.com/profile_images/1006050714932543488/wYMey73h_normal.jpg,서린/Catherine,61,178,46318,1,"Geek and Proud ★ 
성인 잡덕 소비러 ★ 
GIRLS CAN DO ANYTHING",105687084,,"Seoul, Republic of Korea",,
2838483836,ko,Twitter for Android,"[{'type': 'retweeted', 'id': '1022858423753355265'}]",2018-07-27T15:06:05.000Z,"RT @justme_relax: 여유가 있으신 분들은 엠버의 트윗에도 답글을 남겨주세요. I love you, Amber! #NoInkNeeded https://t.co/yoW5laeERz",1022860685779161088,"[{'start': 69, 'end': 81, 'tag': 'NoInkNeeded'}]","[{'start': 82, 'end': 105, 'url': 'https://t.co/yoW5laeERz', 'expanded_url': 'https://twitter.com/realamberheard/status/1022284594207502336', 'display_url': 'twitter.com/realamberheard…'}]","[{'start': 3, 'end': 16, 'username': 'justme_relax', 'id': '1920027500'}]",36,0,0,0,"[{'start': 0, 'end': 12, 'tag': 'NoInkNeeded'}]","[{'start': 13, 'end': 36, 'url': 'https://t.co/6PK3Am67q4', 'expanded_url': 'https://www.instagram.com/p/BlrPEE_A5E_/?utm_source=ig_twitter_share&igshid=l01cvp9mbb0m', 'display_url': 'instagram.com/p/BlrPEE_A5E_/…'}]",807003567605227520,und,Instagram,2018-07-26T00:56:55.000Z,#NoInkNeeded https://t.co/6PK3Am67q4,1022284594207502336,83,106,361,20,realamberheard,2016-12-08T23:26:58.000Z,https://pbs.twimg.com/profile_images/1383196364792680448/N8CdupEu_normal.jpg,Amber Heard,190363,220,1150,566,"Actor and Activist, semi-professional disruptor, ice cream advocate and shameless teacup yorkie-lover",807003567605227520,https://t.co/Ze18Ek9SOI,"Los Angeles, CA",ozz1701,2014-10-03T00:37:16.000Z,https://pbs.twimg.com/profile_images/1505038441658351620/bfS-K622_normal.jpg,오즈,2077,50,21997,0,"🚫edit, re-upload, commercial use🚫",2838483836,,좋아하는 거 다 함,,
4883689452,ko,Twitter Web Client,"[{'type': 'retweeted', 'id': '1022858423753355265'}]",2018-07-27T14:59:34.000Z,"RT @justme_relax: 여유가 있으신 분들은 엠버의 트윗에도 답글을 남겨주세요. I love you, Amber! #NoInkNeeded https://t.co/yoW5laeERz",1022859043512049665,"[{'start': 69, 'end': 81, 'tag': 'NoInkNeeded'}]","[{'start': 82, 'end': 105, 'url': 'https://t.co/yoW5laeERz', 'expanded_url': 'https://twitter.com/realamberheard/status/1022284594207502336', 'display_url': 'twitter.com/realamberheard…'}]","[{'start': 3, 'end': 16, 'username': 'justme_relax', 'id': '1920027500'}]",36,0,0,0,"[{'start': 0, 'end': 12, 'tag': 'NoInkNeeded'}]","[{'start': 13, 'end': 36, 'url': 'https://t.co/6PK3Am67q4', 'expanded_url': 'https://www.instagram.com/p/BlrPEE_A5E_/?utm_source=ig_twitter_share&igshid=l01cvp9mbb0m', 'display_url': 'instagram.com/p/BlrPEE_A5E_/…'}]",807003567605227520,und,Instagram,2018-07-26T00:56:55.000Z,#NoInkNeeded https://t.co/6PK3Am67q4,1022284594207502336,83,106,361,20,realamberheard,2016-12-08T23:26:58.000Z,https://pbs.twimg.com/profile_images/1383196364792680448/N8CdupEu_normal.jpg,Amber Heard,190363,220,1150,566,"Actor and Activist, semi-professional disruptor, ice cream advocate and shameless teacup yorkie-lover",807003567605227520,https://t.co/Ze18Ek9SOI,"Los Angeles, CA",santi_care,2016-02-09T16:10:59.000Z,https://pbs.twimg.com/profile_images/1238129820367613952/SaC0RiXN_normal.jpg,알렉스🧶,781,164,89690,5,2002.03.15~2019.12.03❤,4883689452,,,,
1920027500,ko,Twitter Web Client,"[{'type': 'quoted', 'id': '1022284594207502336'}, {'type': 'replied_to', 'id': '1022830502871330816'}]",2018-07-27T14:57:06.000Z,"여유가 있으신 분들은 엠버의 트윗에도 답글을 남겨주세요. I love you, Amber! #NoInkNeeded https://t.co/yoW5laeERz",1022858423753355265,"[{'start': 51, 'end': 63, 'tag': 'NoInkNeeded'}]","[{'start': 64, 'end': 87, 'url': 'https://t.co/yoW5laeERz', 'expanded_url': 'https://twitter.com/realamberheard/status/1022284594207502336', 'display_url': 'twitter.com/realamberheard…'}]",,36,1,9,0,"[{'start': 0, 'end': 12, 'tag': 'NoInkNeeded'}]","[{'start': 13, 'end': 36, 'url': 'https://t.co/6PK3Am67q4', 'expanded_url': 'https://www.instagram.com/p/BlrPEE_A5E_/?utm_source=ig_twitter_share&igshid=l01cvp9mbb0m', 'display_url': 'instagram.com/p/BlrPEE_A5E_/…'}]",807003567605227520,und,Instagram,2018-07-26T00:56:55.000Z,#NoInkNeeded https://t.co/6PK3Am67q4,1022284594207502336,83,106,361,20,realamberheard,2016-12-08T23:26:58.000Z,https://pbs.twimg.com/profile_images/1383196364792680448/N8CdupEu_normal.jpg,Amber Heard,190363,220,1150,566,"Actor and Activist, semi-professional disruptor, ice cream advocate and shameless teacup yorkie-lover",807003567605227520,https://t.co/Ze18Ek9SOI,"Los Angeles, CA",justme_relax,2013-09-30T13:05:19.000Z,https://pbs.twimg.com/profile_images/1351753139754450944/GvU6S28l_normal.jpg,justme,3818,1021,382664,38,"여성 미디어, 스포츠 / #WeAreWithYouAmberHeard / @impulseseries, Sacred Lies / 비팔로워 알림 OFF",1920027500,,Korea,1920027500,
1920027500,en,Twitter Web Client,"[{'type': 'retweeted', 'id': '1022843589632483329'}]",2018-07-27T14:07:36.000Z,RT @santi_care: I'm proud of you 💙💙💙 #hatersgonnahate #NoInkneeded https://t.co/b4V2cVOiHW,1022845967236648960,"[{'start': 37, 'end': 53, 'tag': 'hatersgonnahate'}, {'start': 54, 'end': 66, 'tag': 'NoInkneeded'}]","[{'start': 67, 'end': 90, 'url': 'https://t.co/b4V2cVOiHW', 'expanded_url': 'https://twitter.com/realamberheard/status/1022284594207502336', 'display_url': 'twitter.com/realamberheard…'}]","[{'start': 3, 'end': 14, 'username': 'santi_care', 'id': '4883689452'}]",3,0,0,0,"[{'start': 0, 'end': 12, 'tag': 'NoInkNeeded'}]","[{'start': 13, 'end': 36, 'url': 'https://t.co/6PK3Am67q4', 'expanded_url': 'https://www.instagram.com/p/BlrPEE_A5E_/?utm_source=ig_twitter_share&igshid=l01cvp9mbb0m', 'display_url': 'instagram.com/p/BlrPEE_A5E_/…'}]",807003567605227520,und,Instagram,2018-07-26T00:56:55.000Z,#NoInkNeeded https://t.co/6PK3Am67q4,1022284594207502336,83,106,361,20,realamberheard,2016-12-08T23:26:58.000Z,https://pbs.twimg.com/profile_images/1383196364792680448/N8CdupEu_normal.jpg,Amber Heard,190363,220,1150,566,"Actor and Activist, semi-professional disruptor, ice cream advocate and shameless teacup yorkie-lover",807003567605227520,https://t.co/Ze18Ek9SOI,"Los Angeles, CA",justme_relax,2013-09-30T13:05:19.000Z,https://pbs.twimg.com/profile_images/1351753139754450944/GvU6S28l_normal.jpg,justme,3818,1021,382664,38,"여성 미디어, 스포츠 / #WeAreWithYouAmberHeard / @impulseseries, Sacred Lies / 비팔로워 알림 OFF",1920027500,,Korea,,
4883689452,en,Twitter Web Client,"[{'type': 'quoted', 'id': '1022284594207502336'}]",2018-07-27T13:58:09.000Z,I'm proud of you 💙💙💙 #hatersgonnahate #NoInkneeded https://t.co/b4V2cVOiHW,1022843589632483329,"[{'start': 21, 'end': 37, 'tag': 'hatersgonnahate'}, {'start': 38, 'end': 50, 'tag': 'NoInkneeded'}]","[{'start': 51, 'end': 74, 'url': 'https://t.co/b4V2cVOiHW', 'expanded_url': 'https://twitter.com/realamberheard/status/1022284594207502336', 'display_url': 'twitter.com/realamberheard…'}]",,3,0,2,0,"[{'start': 0, 'end': 12, 'tag': 'NoInkNeeded'}]","[{'start': 13, 'end': 36, 'url': 'https://t.co/6PK3Am67q4', 'expanded_url': 'https://www.instagram.com/p/BlrPEE_A5E_/?utm_source=ig_twitter_share&igshid=l01cvp9mbb0m', 'display_url': 'instagram.com/p/BlrPEE_A5E_/…'}]",807003567605227520,und,Instagram,2018-07-26T00:56:55.000Z,#NoInkNeeded https://t.co/6PK3Am67q4,1022284594207502336,83,106,361,20,realamberheard,2016-12-08T23:26:58.000Z,https://pbs.twimg.com/profile_images/1383196364792680448/N8CdupEu_normal.jpg,Amber Heard,190363,220,1150,566,"Actor and Activist, semi-professional disruptor, ice cream advocate and shameless teacup yorkie-lover",807003567605227520,https://t.co/Ze18Ek9SOI,"Los Angeles, CA",santi_care,2016-02-09T16:10:59.000Z,https://pbs.twimg.com/profile_images/1238129820367613952/SaC0RiXN_normal.jpg,알렉스🧶,781,164,89690,5,2002.03.15~2019.12.03❤,4883689452,,,,
95563130,es,Twitter for iPhone,"[{'type': 'quoted', 'id': '1022284594207502336'}]",2018-07-27T02:37:21.000Z,Ya no la pelan por el pedo que hizo de Johnny y quiere seguir llamando la atención. SCUM!! https://t.co/xI6HhkTcvE,1022672257892720640,,"[{'start': 91, 'end': 114, 'url': 'https://t.co/xI6HhkTcvE', 'expanded_url': 'https://twitter.com/realamberheard/status/1022284594207502336', 'display_url': 'twitter.com/realamberheard…'}]",,0,0,1,0,"[{'start': 0, 'end': 12, 'tag': 'NoInkNeeded'}]","[{'start': 13, 'end': 36, 'url': 'https://t.co/6PK3Am67q4', 'expanded_url': 'https://www.instagram.com/p/BlrPEE_A5E_/?utm_source=ig_twitter_share&igshid=l01cvp9mbb0m', 'display_url': 'instagram.com/p/BlrPEE_A5E_/…'}]",807003567605227520,und,Instagram,2018-07-26T00:56:55.000Z,#NoInkNeeded https://t.co/6PK3Am67q4,1022284594207502336,83,106,361,20,realamberheard,2016-12-08T23:26:58.000Z,https://pbs.twimg.com/profile_images/1383196364792680448/N8CdupEu_normal.jpg,Amber Heard,190363,220,1150,566,"Actor and Activist, semi-professional disruptor, ice cream advocate and shameless teacup yorkie-lover",807003567605227520,https://t.co/Ze18Ek9SOI,"Los Angeles, CA",katthdz,2009-12-09T03:08:06.000Z,https://pbs.twimg.com/profile_images/1427385146999812100/cxdhFsU3_normal.jpg,katia Hdz,157,475,4028,0,32. Dentist 🦷.Rayados 💙. J💍,95563130,,Monterrey,,"[{'start': 39, 'end': 44, 'probability': 0.8706, 'type': 'Person', 'normalized_text': 'Johnny'}]"
969629667295748096,en,Twitter for Android,"[{'type': 'quoted', 'id': '1022284594207502336'}]",2018-07-26T23:13:18.000Z,No money no honey what up lost all one night stands so you seek some attention here. Sorry baby those things around your mouth looks nasty https://t.co/4R9K29AQzm,1022620907364405248,,"[{'start': 139, 'end': 162, 'url': 'https://t.co/4R9K29AQzm', 'expanded_url': 'https://twitter.com/realamberheard/status/1022284594207502336', 'display_url': 'twitter.com/realamberheard…'}]",,0,0,9,0,"[{'start': 0, 'end': 12, 'tag': 'NoInkNeeded'}]","[{'start': 13, 'end': 36, 'url': 'https://t.co/6PK3Am67q4', 'expanded_url': 'https://www.instagram.com/p/BlrPEE_A5E_/?utm_source=ig_twitter_share&igshid=l01cvp9mbb0m', 'display_url': 'instagram.com/p/BlrPEE_A5E_/…'}]",807003567605227520,und,Instagram,2018-07-26T00:56:55.000Z,#NoInkNeeded https://t.co/6PK3Am67q4,1022284594207502336,83,106,361,20,realamberheard,2016-12-08T23:26:58.000Z,https://pbs.twimg.com/profile_images/1383196364792680448/N8CdupEu_normal.jpg,Amber Heard,190363,220,1150,566,"Actor and Activist, semi-professional disruptor, ice cream advocate and shameless teacup yorkie-lover",807003567605227520,https://t.co/Ze18Ek9SOI,"Los Angeles, CA",AndDepp,2018-03-02T17:45:02.000Z,https://pbs.twimg.com/profile_images/969648828340211713/pDZudZxK_normal.jpg,Johnny Depp in ♥   [ #ibelievehim ],391,260,241,0,"I'm here to reveal the truth #johnnydepp👉I'm NOT actor Johnny Depp this is  my page addicted to him. Goal is to protect his name and us his fans
#IBELIEVEHIM",969629667295748096,,JOHNNY DEPP ,,
510409468,pt,Twitter for iPhone,"[{'type': 'quoted', 'id': '1022284594207502336'}]",2018-07-26T15:23:40.000Z,"ELA MANDANDO INDIRETA PRO EX KKKKKKKK
coitada ela não tem nem uma vida pra cuidar https://t.co/a5OK76E29v",1022502721688141825,,"[{'start': 82, 'end': 105, 'url': 'https://t.co/a5OK76E29v', 'expanded_url': 'https://twitter.com/realamberheard/status/1022284594207502336', 'display_url': 'twitter.com/realamberheard…'}]",,0,0,0,0,"[{'start': 0, 'end': 12, 'tag': 'NoInkNeeded'}]","[{'start': 13, 'end': 36, 'url': 'https://t.co/6PK3Am67q4', 'expanded_url': 'https://www.instagram.com/p/BlrPEE_A5E_/?utm_source=ig_twitter_share&igshid=l01cvp9mbb0m', 'display_url': 'instagram.com/p/BlrPEE_A5E_/…'}]",807003567605227520,und,Instagram,2018-07-26T00:56:55.000Z,#NoInkNeeded https://t.co/6PK3Am67q4,1022284594207502336,83,106,361,20,realamberheard,2016-12-08T23:26:58.000Z,https://pbs.twimg.com/profile_images/1383196364792680448/N8CdupEu_normal.jpg,Amber Heard,190363,220,1150,566,"Actor and Activist, semi-professional disruptor, ice cream advocate and shameless teacup yorkie-lover",807003567605227520,https://t.co/Ze18Ek9SOI,"Los Angeles, CA",heartcavill,2012-03-01T15:33:32.000Z,https://pbs.twimg.com/profile_images/1498845701429727235/P1887NJ6_normal.jpg,larissa 🦇,1624,2655,71774,12,“𝒗𝒆𝒏𝒈𝒐 𝒅𝒆𝒍𝒍𝒂 𝒍𝒖𝒏𝒂” | jd hc ks ab smkc må tw ♡,510409468,https://t.co/TRf98fGeZZ,Kaer Morhen 🐺,,
223139140,en,Twitter for Android,,2018-07-26T15:18:30.000Z,Always used Johnny for promote https://t.co/7LRDYUmtXb,1022501420724088833,,"[{'start': 31, 'end': 54, 'url': 'https://t.co/7LRDYUmtXb', 'expanded_url': 'https://twitter.com/realamberheard/status/1022284594207502336', 'display_url': 'twitter.com/realamberheard…'}]",,0,0,2,0,"[{'start': 0, 'end': 12, 'tag': 'NoInkNeeded'}]","[{'start': 13, 'end': 36, 'url': 'https://t.co/6PK3Am67q4', 'expanded_url': 'https://www.instagram.com/p/BlrPEE_A5E_/?utm_source=ig_twitter_share&igshid=l01cvp9mbb0m', 'display_url': 'instagram.com/p/BlrPEE_A5E_/…'}]",807003567605227520,und,Instagram,2018-07-26T00:56:55.000Z,#NoInkNeeded https://t.co/6PK3Am67q4,1022284594207502336,83,106,361,20,realamberheard,2016-12-08T23:26:58.000Z,https://pbs.twimg.com/profile_images/1383196364792680448/N8CdupEu_normal.jpg,Amber Heard,190363,220,1150,566,"Actor and Activist, semi-professional disruptor, ice cream advocate and shameless teacup yorkie-lover",807003567605227520,https://t.co/Ze18Ek9SOI,"Los Angeles, CA",LeelaAddams,2010-12-05T14:21:58.000Z,https://pbs.twimg.com/profile_images/1506740412630896644/3yUtX-60_normal.jpg,Winona,2969,4552,326870,72,'Take your broken heart and turn it into art'-*Carrie Fisher* Slytherin with Pride--Winona 4ever-Johnny Depp is Innocent--I'm a queen like a lion 🍒-,223139140,https://t.co/XGOASuptvw,School of Witchcraft Hogwarts,,"[{'start': 12, 'end': 17, 'probability': 0.8824, 'type': 'Person', 'normalized_text': 'Johnny'}]"
2610930064,en,Twitter for Android,,2018-07-26T12:40:25.000Z,Shading Johnny Depp again? Alexa play Stupid Hoe by Nicki Minaj https://t.co/vpOhA6UNr8,1022461637587099648,,"[{'start': 64, 'end': 87, 'url': 'https://t.co/vpOhA6UNr8', 'expanded_url': 'https://twitter.com/realamberheard/status/1022284594207502336', 'display_url': 'twitter.com/realamberheard…'}]",,0,0,2,0,"[{'start': 0, 'end': 12, 'tag': 'NoInkNeeded'}]","[{'start': 13, 'end': 36, 'url': 'https://t.co/6PK3Am67q4', 'expanded_url': 'https://www.instagram.com/p/BlrPEE_A5E_/?utm_source=ig_twitter_share&igshid=l01cvp9mbb0m', 'display_url': 'instagram.com/p/BlrPEE_A5E_/…'}]",807003567605227520,und,Instagram,2018-07-26T00:56:55.000Z,#NoInkNeeded https://t.co/6PK3Am67q4,1022284594207502336,83,106,361,20,realamberheard,2016-12-08T23:26:58.000Z,https://pbs.twimg.com/profile_images/1383196364792680448/N8CdupEu_normal.jpg,Amber Heard,190363,220,1150,566,"Actor and Activist, semi-professional disruptor, ice cream advocate and shameless teacup yorkie-lover",807003567605227520,https://t.co/Ze18Ek9SOI,"Los Angeles, CA",thedcp1006,2014-06-15T08:57:16.000Z,https://pbs.twimg.com/profile_images/1473732391617376262/RuvnRXGI_normal.jpg,.,578,194,9768,1,“I can do all things through spite which strengthens me.” me 66:6,2610930064,,,,"[{'start': 8, 'end': 18, 'probability': 0.9705, 'type': 'Person', 'normalized_text': 'Johnny Depp'}, {'start': 27, 'end': 31, 'probability': 0.9088, 'type': 'Person', 'normalized_text': 'Alexa'}, {'start': 38, 'end': 47, 'probability': 0.8906, 'type': 'Other', 'normalized_text': 'Stupid Hoe'}, {'start': 52, 'end': 62, 'probability': 0.9903, 'type': 'Person', 'normalized_text': 'Nicki Minaj'}]"
987782874001821697,en,Twitter for Android,"[{'type': 'quoted', 'id': '1022284594207502336'}]",2018-07-26T05:32:58.000Z,"If you didn't think Amber Heard was pathetic before, is there any more doubt now? https://t.co/F6QWUL0Rj3",1022354067732017152,,"[{'start': 82, 'end': 105, 'url': 'https://t.co/F6QWUL0Rj3', 'expanded_url': 'https://twitter.com/realamberheard/status/1022284594207502336', 'display_url': 'twitter.com/realamberheard…'}]",,0,0,0,0,"[{'start': 0, 'end': 12, 'tag': 'NoInkNeeded'}]","[{'start': 13, 'end': 36, 'url': 'https://t.co/6PK3Am67q4', 'expanded_url': 'https://www.instagram.com/p/BlrPEE_A5E_/?utm_source=ig_twitter_share&igshid=l01cvp9mbb0m', 'display_url': 'instagram.com/p/BlrPEE_A5E_/…'}]",807003567605227520,und,Instagram,2018-07-26T00:56:55.000Z,#NoInkNeeded https://t.co/6PK3Am67q4,1022284594207502336,83,106,361,20,realamberheard,2016-12-08T23:26:58.000Z,https://pbs.twimg.com/profile_images/1383196364792680448/N8CdupEu_normal.jpg,Amber Heard,190363,220,1150,566,"Actor and Activist, semi-professional disruptor, ice cream advocate and shameless teacup yorkie-lover",807003567605227520,https://t.co/Ze18Ek9SOI,"Los Angeles, CA",hoisthecolours,2018-04-21T19:59:24.000Z,https://pbs.twimg.com/profile_images/1030772994208149506/xH7vYNJ8_normal.jpg,nika,80,127,1673,0,stars can't shine without darkness,987782874001821697,,,,"[{'start': 20, 'end': 24, 'probability': 0.9266, 'type': 'Person', 'normalized_text': 'Amber'}]"
999355513795162114,en,Twitter for Android,"[{'type': 'quoted', 'id': '1022284594207502336'}]",2018-07-26T00:58:17.000Z,What's wrong with ink? https://t.co/o6vYPumMzw,1022284939163824129,,"[{'start': 23, 'end': 46, 'url': 'https://t.co/o6vYPumMzw', 'expanded_url': 'https://twitter.com/realamberheard/status/1022284594207502336', 'display_url': 'twitter.com/realamberheard…'}]",,0,0,0,0,"[{'start': 0, 'end': 12, 'tag': 'NoInkNeeded'}]","[{'start': 13, 'end': 36, 'url': 'https://t.co/6PK3Am67q4', 'expanded_url': 'https://www.instagram.com/p/BlrPEE_A5E_/?utm_source=ig_twitter_share&igshid=l01cvp9mbb0m', 'display_url': 'instagram.com/p/BlrPEE_A5E_/…'}]",807003567605227520,und,Instagram,2018-07-26T00:56:55.000Z,#NoInkNeeded https://t.co/6PK3Am67q4,1022284594207502336,83,106,361,20,realamberheard,2016-12-08T23:26:58.000Z,https://pbs.twimg.com/profile_images/1383196364792680448/N8CdupEu_normal.jpg,Amber Heard,190363,220,1150,566,"Actor and Activist, semi-professional disruptor, ice cream advocate and shameless teacup yorkie-lover",807003567605227520,https://t.co/Ze18Ek9SOI,"Los Angeles, CA",Xtriansgeteaten,2018-05-23T18:24:56.000Z,https://pbs.twimg.com/profile_images/1483862408464670723/67LwDimC_normal.jpg,Lady liberty🗽Resister sister 🎆🎈🎉✨✨🎍🎈,5191,5643,24521,11,"AHS fan, mod for Scopely, twd:rts, Lesbian ,nurse, mom,associates degree, sister,democrat,💫resistance member, Suicide hotline :1-800-273-8255 there is hope",999355513795162114,,United States,,
