referenced_tweets,id,created_at,text,author_id,lang,source,entities.urls,entities.hashtags,public_metrics.retweet_count,public_metrics.reply_count,public_metrics.like_count,public_metrics.quote_count,quoted_tweet.entities.urls,quoted_tweet.entities.annotations,quoted_tweet.referenced_tweets,quoted_tweet.id,quoted_tweet.created_at,quoted_tweet.text,quoted_tweet.public_metrics.retweet_count,quoted_tweet.public_metrics.reply_count,quoted_tweet.public_metrics.like_count,quoted_tweet.public_metrics.quote_count,quoted_tweet.author_id,quoted_tweet.lang,quoted_tweet.source,quoted_tweet.author.public_metrics.followers_count,quoted_tweet.author.public_metrics.following_count,quoted_tweet.author.public_metrics.tweet_count,quoted_tweet.author.public_metrics.listed_count,quoted_tweet.author.created_at,quoted_tweet.author.name,quoted_tweet.author.username,quoted_tweet.author.profile_image_url,quoted_tweet.author.location,quoted_tweet.author.id,quoted_tweet.author.url,quoted_tweet.author.description,author.public_metrics.followers_count,author.public_metrics.following_count,author.public_metrics.tweet_count,author.public_metrics.listed_count,author.created_at,author.name,author.username,author.profile_image_url,author.location,author.id,author.url,author.description,entities.mentions
"[{'type': 'quoted', 'id': '1024636782711898113'}]",1039708369572061187,2018-09-12T02:52:46.000Z,No but will disgrace his religion for politics. #VoteRedToSaveAmerica #No2Beto #RedwingRising2018 https://t.co/IRjd8ahLca,71648657,en,Twitter for Android,"[{'start': 98, 'end': 121, 'url': 'https://t.co/IRjd8ahLca', 'expanded_url': 'https://twitter.com/realamberheard/status/1024636782711898113', 'display_url': 'twitter.com/realamberheard…'}]","[{'start': 48, 'end': 69, 'tag': 'VoteRedToSaveAmerica'}, {'start': 70, 'end': 78, 'tag': 'No2Beto'}, {'start': 79, 'end': 97, 'tag': 'RedwingRising2018'}]",0,0,0,0,"[{'start': 144, 'end': 167, 'url': 'https://t.co/ONaH9WxU9h', 'expanded_url': 'https://twitter.com/BetoORourke/status/1024496295468314624', 'display_url': 'twitter.com/BetoORourke/st…'}]","[{'start': 137, 'end': 140, 'probability': 0.8901, 'type': 'Person', 'normalized_text': 'Beto'}]","[{'type': 'quoted', 'id': '1024496295468314624'}]",1024636782711898113,2018-08-01T12:43:40.000Z,"This is the kind of person we need representing us! A person for actual people, not corps..... who knew it could be that simple?! Get it Beto!💪 https://t.co/ONaH9WxU9h",31,40,214,3,807003567605227520,en,Twitter for iPhone,190363,220,1150,566,2016-12-08T23:26:58.000Z,Amber Heard,realamberheard,https://pbs.twimg.com/profile_images/1383196364792680448/N8CdupEu_normal.jpg,"Los Angeles, CA",807003567605227520,https://t.co/Ze18Ek9SOI,"Actor and Activist, semi-professional disruptor, ice cream advocate and shameless teacup yorkie-lover",326,595,11084,16,2009-09-04T21:48:07.000Z,Emme ♡,Emeraldelements,https://pbs.twimg.com/profile_images/1214416829348798464/XjE_CO0O_normal.jpg,"Texas, USA",71648657,,"♡ God, Family, Guns, Fishing, Realist,  dogs, Laughter, Travel, Intellectual Conversations, Rain, and Music. I'm a lot of rock & a lil'country. ME⁶ ♊ 🐝",
"[{'type': 'retweeted', 'id': '1025166982306357248'}]",1025167434125402113,2018-08-02T23:52:17.000Z,"RT @PYTNetwork: You better do what she says....if you don't she gonna hit you, then tell the police you hit her, then run your mental healt…",929490701573808128,en,Twitter Web Client,,,1,0,0,0,"[{'start': 144, 'end': 167, 'url': 'https://t.co/ONaH9WxU9h', 'expanded_url': 'https://twitter.com/BetoORourke/status/1024496295468314624', 'display_url': 'twitter.com/BetoORourke/st…'}]","[{'start': 137, 'end': 140, 'probability': 0.8901, 'type': 'Person', 'normalized_text': 'Beto'}]","[{'type': 'quoted', 'id': '1024496295468314624'}]",1024636782711898113,2018-08-01T12:43:40.000Z,"This is the kind of person we need representing us! A person for actual people, not corps..... who knew it could be that simple?! Get it Beto!💪 https://t.co/ONaH9WxU9h",31,40,214,3,807003567605227520,en,Twitter for iPhone,190363,220,1150,566,2016-12-08T23:26:58.000Z,Amber Heard,realamberheard,https://pbs.twimg.com/profile_images/1383196364792680448/N8CdupEu_normal.jpg,"Los Angeles, CA",807003567605227520,https://t.co/Ze18Ek9SOI,"Actor and Activist, semi-professional disruptor, ice cream advocate and shameless teacup yorkie-lover",417,30,2882,0,2017-11-11T23:27:07.000Z,Emperor Grindelwald,Deppgrindelwald,https://pbs.twimg.com/profile_images/1024320701849903104/iTcCjPDF_normal.jpg,,929490701573808128,,dedicated to THE GREATEST ACTOR,"[{'start': 3, 'end': 14, 'username': 'PYTNetwork', 'id': '966750366175031297'}]"
"[{'type': 'quoted', 'id': '1024636782711898113'}]",1025166982306357248,2018-08-02T23:50:29.000Z,"You better do what she says....if you don't she gonna hit you, then tell the police you hit her, then run your mental health situation through the gutter.....so....VOTE AS SHE SAYS 

#JohnnyDeppIsInnocent https://t.co/Zx9iPxM8oe",966750366175031297,en,Twitter for Android,"[{'start': 205, 'end': 228, 'url': 'https://t.co/Zx9iPxM8oe', 'expanded_url': 'https://twitter.com/realamberheard/status/1024636782711898113', 'display_url': 'twitter.com/realamberheard…'}]","[{'start': 183, 'end': 204, 'tag': 'JohnnyDeppIsInnocent'}]",1,0,1,0,"[{'start': 144, 'end': 167, 'url': 'https://t.co/ONaH9WxU9h', 'expanded_url': 'https://twitter.com/BetoORourke/status/1024496295468314624', 'display_url': 'twitter.com/BetoORourke/st…'}]","[{'start': 137, 'end': 140, 'probability': 0.8901, 'type': 'Person', 'normalized_text': 'Beto'}]","[{'type': 'quoted', 'id': '1024496295468314624'}]",1024636782711898113,2018-08-01T12:43:40.000Z,"This is the kind of person we need representing us! A person for actual people, not corps..... who knew it could be that simple?! Get it Beto!💪 https://t.co/ONaH9WxU9h",31,40,214,3,807003567605227520,en,Twitter for iPhone,190363,220,1150,566,2016-12-08T23:26:58.000Z,Amber Heard,realamberheard,https://pbs.twimg.com/profile_images/1383196364792680448/N8CdupEu_normal.jpg,"Los Angeles, CA",807003567605227520,https://t.co/Ze18Ek9SOI,"Actor and Activist, semi-professional disruptor, ice cream advocate and shameless teacup yorkie-lover",26,21,5028,2,2018-02-22T19:03:43.000Z,Will Reacts on YouTube,PYTNetwork,https://pbs.twimg.com/profile_images/1473797111150002189/BZGfYJD2_normal.jpg,,966750366175031297,https://t.co/lcQLUHQrtT,"Whiskey, Tequila, and Tattoo Enthusiast...sorta into wine now

Anti-Mandate
Anti-Interventionist

Pro-2A
Pro-Free Speech

#FreeAssange
#FreePalestine",
