created_at,source,referenced_tweets,lang,id,text,author_id,entities.hashtags,entities.urls,entities.mentions,public_metrics.retweet_count,public_metrics.reply_count,public_metrics.like_count,public_metrics.quote_count,quoted_tweet.created_at,quoted_tweet.source,quoted_tweet.entities.urls,quoted_tweet.entities.mentions,quoted_tweet.lang,quoted_tweet.id,quoted_tweet.text,quoted_tweet.author_id,quoted_tweet.public_metrics.retweet_count,quoted_tweet.public_metrics.reply_count,quoted_tweet.public_metrics.like_count,quoted_tweet.public_metrics.quote_count,quoted_tweet.author.url,quoted_tweet.author.username,quoted_tweet.author.description,quoted_tweet.author.id,quoted_tweet.author.location,quoted_tweet.author.profile_image_url,quoted_tweet.author.created_at,quoted_tweet.author.public_metrics.followers_count,quoted_tweet.author.public_metrics.following_count,quoted_tweet.author.public_metrics.tweet_count,quoted_tweet.author.public_metrics.listed_count,quoted_tweet.author.name,author.url,author.username,author.description,author.id,author.location,author.profile_image_url,author.created_at,author.public_metrics.followers_count,author.public_metrics.following_count,author.public_metrics.tweet_count,author.public_metrics.listed_count,author.name
2018-10-17T16:42:37.000Z,ربات هوشمند عشق,"[{'type': 'retweeted', 'id': '1052600449981792257'}]",fa,1052600781378150400,"RT @zanakaka_: آقا من رو ایشون کراش دارم :)))))))
#امبر_هیرد 
#amber_heard https://t.co/IgSMSE7aKp",779290491422670848,"[{'start': 50, 'end': 60, 'tag': 'امبر_هیرد'}, {'start': 62, 'end': 74, 'tag': 'amber_heard'}]","[{'start': 75, 'end': 98, 'url': 'https://t.co/IgSMSE7aKp', 'expanded_url': 'https://twitter.com/realamberheard/status/1026227827874652160', 'display_url': 'twitter.com/realamberheard…'}]","[{'start': 3, 'end': 13, 'username': 'zanakaka_', 'id': '785401333'}]",1,0,0,0,2018-08-05T22:05:55.000Z,Twitter for iPhone,"[{'start': 27, 'end': 50, 'url': 'https://t.co/MMlTq1mpLA', 'expanded_url': 'https://twitter.com/realamberheard/status/1026227827874652160/photo/1', 'display_url': 'pic.twitter.com/MMlTq1mpLA'}]","[{'start': 13, 'end': 25, 'username': 'TasyavanRee', 'id': '112010583'}]",en,1026227827874652160,Portrait by ⁦@TasyavanRee⁩ https://t.co/MMlTq1mpLA,807003567605227520,204,81,1709,11,https://t.co/Ze18Ek9SOI,realamberheard,"Actor and Activist, semi-professional disruptor, ice cream advocate and shameless teacup yorkie-lover",807003567605227520,"Los Angeles, CA",https://pbs.twimg.com/profile_images/1383196364792680448/N8CdupEu_normal.jpg,2016-12-08T23:26:58.000Z,190363,220,1150,566,Amber Heard,,love__robot,,779290491422670848,Islamic Republic of Iran,https://pbs.twimg.com/profile_images/786961352434802689/Ac6dLF1t_normal.jpg,2016-09-23T12:05:06.000Z,1651,2,133380,2,کراش یاب
2018-10-17T16:41:18.000Z,Twitter for Android,"[{'type': 'quoted', 'id': '1026227827874652160'}]",fa,1052600449981792257,"آقا من رو ایشون کراش دارم :)))))))
#امبر_هیرد 
#amber_heard https://t.co/IgSMSE7aKp",785401333,"[{'start': 35, 'end': 45, 'tag': 'امبر_هیرد'}, {'start': 47, 'end': 59, 'tag': 'amber_heard'}]","[{'start': 60, 'end': 83, 'url': 'https://t.co/IgSMSE7aKp', 'expanded_url': 'https://twitter.com/realamberheard/status/1026227827874652160', 'display_url': 'twitter.com/realamberheard…'}]",,1,0,4,0,2018-08-05T22:05:55.000Z,Twitter for iPhone,"[{'start': 27, 'end': 50, 'url': 'https://t.co/MMlTq1mpLA', 'expanded_url': 'https://twitter.com/realamberheard/status/1026227827874652160/photo/1', 'display_url': 'pic.twitter.com/MMlTq1mpLA'}]","[{'start': 13, 'end': 25, 'username': 'TasyavanRee', 'id': '112010583'}]",en,1026227827874652160,Portrait by ⁦@TasyavanRee⁩ https://t.co/MMlTq1mpLA,807003567605227520,204,81,1709,11,https://t.co/Ze18Ek9SOI,realamberheard,"Actor and Activist, semi-professional disruptor, ice cream advocate and shameless teacup yorkie-lover",807003567605227520,"Los Angeles, CA",https://pbs.twimg.com/profile_images/1383196364792680448/N8CdupEu_normal.jpg,2016-12-08T23:26:58.000Z,190363,220,1150,566,Amber Heard,https://t.co/fnhghj22i0,zanakaka_,"‏‏‏‏‏‏‏‏‏اینجا میتونی راحت خودِ خودت باشی بدون اینکه به کسی بَر بخوره،
البته اینجا هم خیلیا خودشون نیستن.
به شدت علاقمند به ‎‎‎‎‎‎#عکاسی",785401333,saqqez,https://pbs.twimg.com/profile_images/1502761887783477253/LQPdQ2Aa_normal.jpg,2012-08-27T20:18:28.000Z,801,867,1919,0,آخرین اَنارِ دنیا
2018-08-17T02:59:35.000Z,Twitter for iPhone,"[{'type': 'quoted', 'id': '1026227827874652160'}]",es,1030287999119118337,Ella aún no lo sabe pero nos vamos a casar un día 🖤 https://t.co/cofG2kd4TH,623259479,,"[{'start': 52, 'end': 75, 'url': 'https://t.co/cofG2kd4TH', 'expanded_url': 'https://twitter.com/realamberheard/status/1026227827874652160', 'display_url': 'twitter.com/realamberheard…'}]",,0,0,0,0,2018-08-05T22:05:55.000Z,Twitter for iPhone,"[{'start': 27, 'end': 50, 'url': 'https://t.co/MMlTq1mpLA', 'expanded_url': 'https://twitter.com/realamberheard/status/1026227827874652160/photo/1', 'display_url': 'pic.twitter.com/MMlTq1mpLA'}]","[{'start': 13, 'end': 25, 'username': 'TasyavanRee', 'id': '112010583'}]",en,1026227827874652160,Portrait by ⁦@TasyavanRee⁩ https://t.co/MMlTq1mpLA,807003567605227520,204,81,1709,11,https://t.co/Ze18Ek9SOI,realamberheard,"Actor and Activist, semi-professional disruptor, ice cream advocate and shameless teacup yorkie-lover",807003567605227520,"Los Angeles, CA",https://pbs.twimg.com/profile_images/1383196364792680448/N8CdupEu_normal.jpg,2016-12-08T23:26:58.000Z,190363,220,1150,566,Amber Heard,,Yosoyelperi,"Abogado. Perrón y picudo, genio y figura. Canario de corazón 〽️❤️💛Madridista por afición 💙 De River por admiración 🔴⚪️ Aguacateros en el básquetbol 🏀",623259479," Morelia, Michoacán, México.",https://pbs.twimg.com/profile_images/1481691614544285703/Zrf8m4_a_normal.jpg,2012-07-01T00:24:01.000Z,749,790,23053,2,𝕻𝖆𝖈𝖔 𝖊𝖑 𝕻𝖊𝖗𝖎.
2018-08-09T03:27:49.000Z,Twitter Web App,"[{'type': 'quoted', 'id': '1026227827874652160'}]",es,1027396002943254529,"Verte muy pronto en @aquamanmovie.
@realamberheard https://t.co/kXyhsYLKBT",2796301643,,"[{'start': 51, 'end': 74, 'url': 'https://t.co/kXyhsYLKBT', 'expanded_url': 'https://twitter.com/realamberheard/status/1026227827874652160', 'display_url': 'twitter.com/realamberheard…'}]","[{'start': 20, 'end': 33, 'username': 'aquamanmovie', 'id': '859174864220938241'}, {'start': 35, 'end': 50, 'username': 'realamberheard', 'id': '807003567605227520'}]",0,0,1,0,2018-08-05T22:05:55.000Z,Twitter for iPhone,"[{'start': 27, 'end': 50, 'url': 'https://t.co/MMlTq1mpLA', 'expanded_url': 'https://twitter.com/realamberheard/status/1026227827874652160/photo/1', 'display_url': 'pic.twitter.com/MMlTq1mpLA'}]","[{'start': 13, 'end': 25, 'username': 'TasyavanRee', 'id': '112010583'}]",en,1026227827874652160,Portrait by ⁦@TasyavanRee⁩ https://t.co/MMlTq1mpLA,807003567605227520,204,81,1709,11,https://t.co/Ze18Ek9SOI,realamberheard,"Actor and Activist, semi-professional disruptor, ice cream advocate and shameless teacup yorkie-lover",807003567605227520,"Los Angeles, CA",https://pbs.twimg.com/profile_images/1383196364792680448/N8CdupEu_normal.jpg,2016-12-08T23:26:58.000Z,190363,220,1150,566,Amber Heard,,DavidCh215,"🌹No one is born happy, but every one is born with ability to create happiness🌹

🎈Made in Colombia🎈",2796301643,Colombia,https://pbs.twimg.com/profile_images/1482922263905189889/BxVDbsEh_normal.jpg,2014-09-30T20:35:59.000Z,89,184,2906,0,David Chacon
2018-08-06T07:34:21.000Z,Twitter for Android,"[{'type': 'quoted', 'id': '1026227827874652160'}]",pt,1026370879872290816,Huuuuuuuum então tá https://t.co/7s7bCA9E2S,2320419621,,"[{'start': 20, 'end': 43, 'url': 'https://t.co/7s7bCA9E2S', 'expanded_url': 'https://twitter.com/realamberheard/status/1026227827874652160', 'display_url': 'twitter.com/realamberheard…'}]",,0,0,0,0,2018-08-05T22:05:55.000Z,Twitter for iPhone,"[{'start': 27, 'end': 50, 'url': 'https://t.co/MMlTq1mpLA', 'expanded_url': 'https://twitter.com/realamberheard/status/1026227827874652160/photo/1', 'display_url': 'pic.twitter.com/MMlTq1mpLA'}]","[{'start': 13, 'end': 25, 'username': 'TasyavanRee', 'id': '112010583'}]",en,1026227827874652160,Portrait by ⁦@TasyavanRee⁩ https://t.co/MMlTq1mpLA,807003567605227520,204,81,1709,11,https://t.co/Ze18Ek9SOI,realamberheard,"Actor and Activist, semi-professional disruptor, ice cream advocate and shameless teacup yorkie-lover",807003567605227520,"Los Angeles, CA",https://pbs.twimg.com/profile_images/1383196364792680448/N8CdupEu_normal.jpg,2016-12-08T23:26:58.000Z,190363,220,1150,566,Amber Heard,,BertinelliHel,"quando eu tenho que acabar com eles, eu acabo​ com eles - WW



she/her",2320419621,Themyscira,https://pbs.twimg.com/profile_images/1463893192110129173/bCtQ2kRR_normal.jpg,2014-02-02T18:04:17.000Z,2537,774,114487,0,Faora
2018-08-05T22:42:16.000Z,Twitter Web Client,,fr,1026236975345483776,UN ART https://t.co/gWZYCfoDVW,827604575465197573,,"[{'start': 7, 'end': 30, 'url': 'https://t.co/gWZYCfoDVW', 'expanded_url': 'https://twitter.com/realamberheard/status/1026227827874652160', 'display_url': 'twitter.com/realamberheard…'}]",,0,0,1,0,2018-08-05T22:05:55.000Z,Twitter for iPhone,"[{'start': 27, 'end': 50, 'url': 'https://t.co/MMlTq1mpLA', 'expanded_url': 'https://twitter.com/realamberheard/status/1026227827874652160/photo/1', 'display_url': 'pic.twitter.com/MMlTq1mpLA'}]","[{'start': 13, 'end': 25, 'username': 'TasyavanRee', 'id': '112010583'}]",en,1026227827874652160,Portrait by ⁦@TasyavanRee⁩ https://t.co/MMlTq1mpLA,807003567605227520,204,81,1709,11,https://t.co/Ze18Ek9SOI,realamberheard,"Actor and Activist, semi-professional disruptor, ice cream advocate and shameless teacup yorkie-lover",807003567605227520,"Los Angeles, CA",https://pbs.twimg.com/profile_images/1383196364792680448/N8CdupEu_normal.jpg,2016-12-08T23:26:58.000Z,190363,220,1150,566,Amber Heard,,TayabNacer,,827604575465197573,,https://abs.twimg.com/sticky/default_profile_images/default_profile_normal.png,2017-02-03T19:48:01.000Z,30,85,9606,0,tayab nacer eddine
2018-08-05T22:23:31.000Z,Twitter for Android,"[{'type': 'quoted', 'id': '1026227827874652160'}]",pt,1026232257869230085,dona do meu coração https://t.co/wYLknDJGSJ,875884874535718912,,"[{'start': 20, 'end': 43, 'url': 'https://t.co/wYLknDJGSJ', 'expanded_url': 'https://twitter.com/realamberheard/status/1026227827874652160?s=19', 'display_url': 'twitter.com/realamberheard…'}]",,0,0,0,0,2018-08-05T22:05:55.000Z,Twitter for iPhone,"[{'start': 27, 'end': 50, 'url': 'https://t.co/MMlTq1mpLA', 'expanded_url': 'https://twitter.com/realamberheard/status/1026227827874652160/photo/1', 'display_url': 'pic.twitter.com/MMlTq1mpLA'}]","[{'start': 13, 'end': 25, 'username': 'TasyavanRee', 'id': '112010583'}]",en,1026227827874652160,Portrait by ⁦@TasyavanRee⁩ https://t.co/MMlTq1mpLA,807003567605227520,204,81,1709,11,https://t.co/Ze18Ek9SOI,realamberheard,"Actor and Activist, semi-professional disruptor, ice cream advocate and shameless teacup yorkie-lover",807003567605227520,"Los Angeles, CA",https://pbs.twimg.com/profile_images/1383196364792680448/N8CdupEu_normal.jpg,2016-12-08T23:26:58.000Z,190363,220,1150,566,Amber Heard,,evanrachxlswood,what would evan rachel wood do?,875884874535718912,ela/dela,https://pbs.twimg.com/profile_images/1386355649324457987/OaHmgKFY_normal.jpg,2017-06-17T01:16:42.000Z,425,400,9999,3,lucille sharpe
2018-08-05T22:12:16.000Z,Twitter for Android,"[{'type': 'quoted', 'id': '1026227827874652160'}]",en,1026229427636723712,It makes me really happy that they still work together &lt;3 https://t.co/LRgvz9YFLn,392477785,,"[{'start': 61, 'end': 84, 'url': 'https://t.co/LRgvz9YFLn', 'expanded_url': 'https://twitter.com/realamberheard/status/1026227827874652160', 'display_url': 'twitter.com/realamberheard…'}]",,0,0,0,0,2018-08-05T22:05:55.000Z,Twitter for iPhone,"[{'start': 27, 'end': 50, 'url': 'https://t.co/MMlTq1mpLA', 'expanded_url': 'https://twitter.com/realamberheard/status/1026227827874652160/photo/1', 'display_url': 'pic.twitter.com/MMlTq1mpLA'}]","[{'start': 13, 'end': 25, 'username': 'TasyavanRee', 'id': '112010583'}]",en,1026227827874652160,Portrait by ⁦@TasyavanRee⁩ https://t.co/MMlTq1mpLA,807003567605227520,204,81,1709,11,https://t.co/Ze18Ek9SOI,realamberheard,"Actor and Activist, semi-professional disruptor, ice cream advocate and shameless teacup yorkie-lover",807003567605227520,"Los Angeles, CA",https://pbs.twimg.com/profile_images/1383196364792680448/N8CdupEu_normal.jpg,2016-12-08T23:26:58.000Z,190363,220,1150,566,Amber Heard,,29j5od92kznriex,"this is a Leslie knope, Wanda maximoff and kaylynn thoms stan account.",392477785,UK,https://pbs.twimg.com/profile_images/1379966833902637065/D7gX8Gf7_normal.jpg,2011-10-17T03:15:37.000Z,84,315,7448,0,kale inn hq (she/her)
