source,text,author_id,lang,created_at,id,referenced_tweets,public_metrics.retweet_count,public_metrics.reply_count,public_metrics.like_count,public_metrics.quote_count,quoted_tweet.public_metrics.retweet_count,quoted_tweet.public_metrics.reply_count,quoted_tweet.public_metrics.like_count,quoted_tweet.public_metrics.quote_count,quoted_tweet.source,quoted_tweet.entities.urls,quoted_tweet.text,quoted_tweet.author_id,quoted_tweet.lang,quoted_tweet.created_at,quoted_tweet.id,quoted_tweet.author.username,quoted_tweet.author.location,quoted_tweet.author.description,quoted_tweet.author.id,quoted_tweet.author.url,quoted_tweet.author.profile_image_url,quoted_tweet.author.name,quoted_tweet.author.public_metrics.followers_count,quoted_tweet.author.public_metrics.following_count,quoted_tweet.author.public_metrics.tweet_count,quoted_tweet.author.public_metrics.listed_count,quoted_tweet.author.created_at,author.username,author.description,author.id,author.url,author.profile_image_url,author.name,author.public_metrics.followers_count,author.public_metrics.following_count,author.public_metrics.tweet_count,author.public_metrics.listed_count,author.created_at,author.location,entities.urls
Twitter for iPhone,"RT @hallowdmaiden: You don't give a single fucking shit about her. You care about your reputation. That's it. It makes YOU look good to ""he…",884302460830982144,en,2018-09-28T15:46:11.000Z,1045701212849541121,"[{'type': 'retweeted', 'id': '1045454377136328704'}]",4,0,0,0,39,9,168,1,Twitter for iPhone,"[{'start': 0, 'end': 23, 'url': 'https://t.co/j7Hurba5di', 'expanded_url': 'https://www.newsweek.com/israa-al-ghomgham-saudi-arabia-opinion-1088152?utm_source=GirlGaze+Newsletter&utm_campaign=873713d94e-EMAIL_CAMPAIGN_2018_06_16_04_38_COPY_01&utm_medium=email&utm_term=0_a9dd0b6241-873713d94e-312259365&mc_cid=873713d94e&mc_eid=70dfa3ad70', 'display_url': 'newsweek.com/israa-al-ghomg…', 'status': 200, 'unwound_url': 'https://www.newsweek.com/israa-al-ghomgham-saudi-arabia-opinion-1088152?utm_source=GirlGaze+Newsletter&utm_campaign=873713d94e-EMAIL_CAMPAIGN_2018_06_16_04_38_COPY_01&utm_medium=email&utm_term=0_a9dd0b6241-873713d94e-312259365&mc_cid=873713d94e&mc_eid=70dfa3ad70'}]",https://t.co/j7Hurba5di,807003567605227520,und,2018-08-28T20:00:22.000Z,1034531156346032128,realamberheard,"Los Angeles, CA","Actor and Activist, semi-professional disruptor, ice cream advocate and shameless teacup yorkie-lover",807003567605227520,https://t.co/Ze18Ek9SOI,https://pbs.twimg.com/profile_images/1383196364792680448/N8CdupEu_normal.jpg,Amber Heard,190363,220,1150,566,2016-12-08T23:26:58.000Z,janice_tylock,Fan account,884302460830982144,,https://abs.twimg.com/sticky/default_profile_images/default_profile_normal.png,Janice Tylock,522,454,34822,2,2017-07-10T06:45:11.000Z,,
Twitter for Android,"RT @hallowdmaiden: You don't give a single fucking shit about her. You care about your reputation. That's it. It makes YOU look good to ""he…",1010592288945287169,en,2018-09-28T15:04:35.000Z,1045690743199739904,"[{'type': 'retweeted', 'id': '1045454377136328704'}]",4,0,0,0,39,9,168,1,Twitter for iPhone,"[{'start': 0, 'end': 23, 'url': 'https://t.co/j7Hurba5di', 'expanded_url': 'https://www.newsweek.com/israa-al-ghomgham-saudi-arabia-opinion-1088152?utm_source=GirlGaze+Newsletter&utm_campaign=873713d94e-EMAIL_CAMPAIGN_2018_06_16_04_38_COPY_01&utm_medium=email&utm_term=0_a9dd0b6241-873713d94e-312259365&mc_cid=873713d94e&mc_eid=70dfa3ad70', 'display_url': 'newsweek.com/israa-al-ghomg…', 'status': 200, 'unwound_url': 'https://www.newsweek.com/israa-al-ghomgham-saudi-arabia-opinion-1088152?utm_source=GirlGaze+Newsletter&utm_campaign=873713d94e-EMAIL_CAMPAIGN_2018_06_16_04_38_COPY_01&utm_medium=email&utm_term=0_a9dd0b6241-873713d94e-312259365&mc_cid=873713d94e&mc_eid=70dfa3ad70'}]",https://t.co/j7Hurba5di,807003567605227520,und,2018-08-28T20:00:22.000Z,1034531156346032128,realamberheard,"Los Angeles, CA","Actor and Activist, semi-professional disruptor, ice cream advocate and shameless teacup yorkie-lover",807003567605227520,https://t.co/Ze18Ek9SOI,https://pbs.twimg.com/profile_images/1383196364792680448/N8CdupEu_normal.jpg,Amber Heard,190363,220,1150,566,2016-12-08T23:26:58.000Z,ILoveUJCDepp,"Just an Arizona Depphead. 
#IBelieveHim
#WeStandWithYouJohnnyDepp
#JusticeForJohhnyDepp",1010592288945287169,,https://pbs.twimg.com/profile_images/1102311705407676416/aG5QnEhQ_normal.jpg,Marsha Camille,184,234,1396,0,2018-06-23T18:35:52.000Z,"Arizona, USA",
Twitter for Android,"RT @hallowdmaiden: You don't give a single fucking shit about her. You care about your reputation. That's it. It makes YOU look good to ""he…",746719831,en,2018-09-28T00:52:18.000Z,1045476259025887233,"[{'type': 'retweeted', 'id': '1045454377136328704'}]",4,0,0,0,39,9,168,1,Twitter for iPhone,"[{'start': 0, 'end': 23, 'url': 'https://t.co/j7Hurba5di', 'expanded_url': 'https://www.newsweek.com/israa-al-ghomgham-saudi-arabia-opinion-1088152?utm_source=GirlGaze+Newsletter&utm_campaign=873713d94e-EMAIL_CAMPAIGN_2018_06_16_04_38_COPY_01&utm_medium=email&utm_term=0_a9dd0b6241-873713d94e-312259365&mc_cid=873713d94e&mc_eid=70dfa3ad70', 'display_url': 'newsweek.com/israa-al-ghomg…', 'status': 200, 'unwound_url': 'https://www.newsweek.com/israa-al-ghomgham-saudi-arabia-opinion-1088152?utm_source=GirlGaze+Newsletter&utm_campaign=873713d94e-EMAIL_CAMPAIGN_2018_06_16_04_38_COPY_01&utm_medium=email&utm_term=0_a9dd0b6241-873713d94e-312259365&mc_cid=873713d94e&mc_eid=70dfa3ad70'}]",https://t.co/j7Hurba5di,807003567605227520,und,2018-08-28T20:00:22.000Z,1034531156346032128,realamberheard,"Los Angeles, CA","Actor and Activist, semi-professional disruptor, ice cream advocate and shameless teacup yorkie-lover",807003567605227520,https://t.co/Ze18Ek9SOI,https://pbs.twimg.com/profile_images/1383196364792680448/N8CdupEu_normal.jpg,Amber Heard,190363,220,1150,566,2016-12-08T23:26:58.000Z,siriustiltskin,"joanne rowling • gryffindor • narnian • outlawqueen • targaryen • stark • miley • sabrina • always • the sun, the moon, the truth • #JusticeForJohnnyDepp🏴‍☠️",746719831,https://t.co/7IHDo8doxB,https://pbs.twimg.com/profile_images/1505413782578806785/ZKz0C0H2_normal.jpg,palôma strike ➹ ⚯͛,2478,1007,238415,23,2012-08-09T06:55:35.000Z,Nárnia•Hogwarts•Storybrooke,
Twitter for iPad,"RT @hallowdmaiden: You don't give a single fucking shit about her. You care about your reputation. That's it. It makes YOU look good to ""he…",567232063,en,2018-09-27T23:34:40.000Z,1045456718870847488,"[{'type': 'retweeted', 'id': '1045454377136328704'}]",4,0,0,0,39,9,168,1,Twitter for iPhone,"[{'start': 0, 'end': 23, 'url': 'https://t.co/j7Hurba5di', 'expanded_url': 'https://www.newsweek.com/israa-al-ghomgham-saudi-arabia-opinion-1088152?utm_source=GirlGaze+Newsletter&utm_campaign=873713d94e-EMAIL_CAMPAIGN_2018_06_16_04_38_COPY_01&utm_medium=email&utm_term=0_a9dd0b6241-873713d94e-312259365&mc_cid=873713d94e&mc_eid=70dfa3ad70', 'display_url': 'newsweek.com/israa-al-ghomg…', 'status': 200, 'unwound_url': 'https://www.newsweek.com/israa-al-ghomgham-saudi-arabia-opinion-1088152?utm_source=GirlGaze+Newsletter&utm_campaign=873713d94e-EMAIL_CAMPAIGN_2018_06_16_04_38_COPY_01&utm_medium=email&utm_term=0_a9dd0b6241-873713d94e-312259365&mc_cid=873713d94e&mc_eid=70dfa3ad70'}]",https://t.co/j7Hurba5di,807003567605227520,und,2018-08-28T20:00:22.000Z,1034531156346032128,realamberheard,"Los Angeles, CA","Actor and Activist, semi-professional disruptor, ice cream advocate and shameless teacup yorkie-lover",807003567605227520,https://t.co/Ze18Ek9SOI,https://pbs.twimg.com/profile_images/1383196364792680448/N8CdupEu_normal.jpg,Amber Heard,190363,220,1150,566,2016-12-08T23:26:58.000Z,JaninaSamhain,Johnny Depp devotee ❤️ #JohnnyDeppIsGrindelwald #wearewithyouJohnnyDepp #proudofJohnnyDepp #youcantkeepagoodmandown #justiceforJohnnydepp #Grindelwaldsarmy,567232063,,https://pbs.twimg.com/profile_images/1381993471012085760/rXgj2L8k_normal.png,Janina #IBelieveHim #justiceforjohnnydepp,2236,562,195779,5,2012-04-30T13:36:21.000Z,,
Twitter for Android,"You don't give a single fucking shit about her. You care about your reputation. That's it. It makes YOU look good to ""help"". https://t.co/lJs32Hb10j",2465079218,en,2018-09-27T23:25:21.000Z,1045454377136328704,"[{'type': 'quoted', 'id': '1034531156346032128'}]",4,1,12,0,39,9,168,1,Twitter for iPhone,"[{'start': 0, 'end': 23, 'url': 'https://t.co/j7Hurba5di', 'expanded_url': 'https://www.newsweek.com/israa-al-ghomgham-saudi-arabia-opinion-1088152?utm_source=GirlGaze+Newsletter&utm_campaign=873713d94e-EMAIL_CAMPAIGN_2018_06_16_04_38_COPY_01&utm_medium=email&utm_term=0_a9dd0b6241-873713d94e-312259365&mc_cid=873713d94e&mc_eid=70dfa3ad70', 'display_url': 'newsweek.com/israa-al-ghomg…', 'status': 200, 'unwound_url': 'https://www.newsweek.com/israa-al-ghomgham-saudi-arabia-opinion-1088152?utm_source=GirlGaze+Newsletter&utm_campaign=873713d94e-EMAIL_CAMPAIGN_2018_06_16_04_38_COPY_01&utm_medium=email&utm_term=0_a9dd0b6241-873713d94e-312259365&mc_cid=873713d94e&mc_eid=70dfa3ad70'}]",https://t.co/j7Hurba5di,807003567605227520,und,2018-08-28T20:00:22.000Z,1034531156346032128,realamberheard,"Los Angeles, CA","Actor and Activist, semi-professional disruptor, ice cream advocate and shameless teacup yorkie-lover",807003567605227520,https://t.co/Ze18Ek9SOI,https://pbs.twimg.com/profile_images/1383196364792680448/N8CdupEu_normal.jpg,Amber Heard,190363,220,1150,566,2016-12-08T23:26:58.000Z,reineyelah,classic lara croft supremacy. i fucking love you for hating me. wife to noodle. #justiceforjohnnydepp #justiceforsurvivors #istandwithjkrowling,2465079218,https://t.co/imzbQnpaXH,https://pbs.twimg.com/profile_images/1506624478310191113/EEpjan86_normal.jpg,not haley,1594,223,37208,3,2014-04-26T20:16:57.000Z,on the precipice.,"[{'start': 125, 'end': 148, 'url': 'https://t.co/lJs32Hb10j', 'expanded_url': 'https://twitter.com/realamberheard/status/1034531156346032128', 'display_url': 'twitter.com/realamberheard…'}]"
