lang,id,text,created_at,author_id,source,referenced_tweets,public_metrics.retweet_count,public_metrics.reply_count,public_metrics.like_count,public_metrics.quote_count,quoted_tweet.entities.urls,quoted_tweet.lang,quoted_tweet.id,quoted_tweet.text,quoted_tweet.created_at,quoted_tweet.public_metrics.retweet_count,quoted_tweet.public_metrics.reply_count,quoted_tweet.public_metrics.like_count,quoted_tweet.public_metrics.quote_count,quoted_tweet.author_id,quoted_tweet.source,quoted_tweet.referenced_tweets,quoted_tweet.author.location,quoted_tweet.author.profile_image_url,quoted_tweet.author.id,quoted_tweet.author.name,quoted_tweet.author.created_at,quoted_tweet.author.username,quoted_tweet.author.url,quoted_tweet.author.description,quoted_tweet.author.public_metrics.followers_count,quoted_tweet.author.public_metrics.following_count,quoted_tweet.author.public_metrics.tweet_count,quoted_tweet.author.public_metrics.listed_count,author.location,author.profile_image_url,author.id,author.name,author.created_at,author.username,author.url,author.description,author.public_metrics.followers_count,author.public_metrics.following_count,author.public_metrics.tweet_count,author.public_metrics.listed_count,entities.urls
en,1045963976226496512,RT @hallowdmaiden: The fact that people still fucking give you the time of day is devastating. You are an inspiration to no one who matters…,2018-09-29T09:10:19.000Z,791111145419485185,Twitter for Android,"[{'type': 'retweeted', 'id': '1045454044377026560'}]",3,0,0,0,"[{'start': 181, 'end': 204, 'url': 'https://t.co/yMwR4caO62', 'expanded_url': 'https://twitter.com/UNHumanRights/status/1042059970014003200', 'display_url': 'twitter.com/UNHumanRights/…'}]",en,1043355902835863552,The fact that we are still having to fight for this sort of thing is devasting as well as inspiring for those of us who are motivated by seeing how much more we can and and will do https://t.co/yMwR4caO62,2018-09-22T04:26:46.000Z,74,16,369,3,807003567605227520,Twitter for iPhone,"[{'type': 'quoted', 'id': '1042059970014003200'}]","Los Angeles, CA",https://pbs.twimg.com/profile_images/1383196364792680448/N8CdupEu_normal.jpg,807003567605227520,Amber Heard,2016-12-08T23:26:58.000Z,realamberheard,https://t.co/Ze18Ek9SOI,"Actor and Activist, semi-professional disruptor, ice cream advocate and shameless teacup yorkie-lover",190363,220,1150,566,rino,https://pbs.twimg.com/profile_images/1505711863468032001/MwnyFg7s_normal.jpg,791111145419485185,mj,2016-10-26T02:56:10.000Z,hmjaaay,,"🐕🐈🐈🦩
she/her  || 10/20/18🌹|| 10/25/19 || @R4EKisay @r4ehs",259,227,17161,2,
en,1045753805537566720,RT @hallowdmaiden: The fact that people still fucking give you the time of day is devastating. You are an inspiration to no one who matters…,2018-09-28T19:15:11.000Z,1010592288945287169,Twitter for Android,"[{'type': 'retweeted', 'id': '1045454044377026560'}]",3,0,0,0,"[{'start': 181, 'end': 204, 'url': 'https://t.co/yMwR4caO62', 'expanded_url': 'https://twitter.com/UNHumanRights/status/1042059970014003200', 'display_url': 'twitter.com/UNHumanRights/…'}]",en,1043355902835863552,The fact that we are still having to fight for this sort of thing is devasting as well as inspiring for those of us who are motivated by seeing how much more we can and and will do https://t.co/yMwR4caO62,2018-09-22T04:26:46.000Z,74,16,369,3,807003567605227520,Twitter for iPhone,"[{'type': 'quoted', 'id': '1042059970014003200'}]","Los Angeles, CA",https://pbs.twimg.com/profile_images/1383196364792680448/N8CdupEu_normal.jpg,807003567605227520,Amber Heard,2016-12-08T23:26:58.000Z,realamberheard,https://t.co/Ze18Ek9SOI,"Actor and Activist, semi-professional disruptor, ice cream advocate and shameless teacup yorkie-lover",190363,220,1150,566,"Arizona, USA",https://pbs.twimg.com/profile_images/1102311705407676416/aG5QnEhQ_normal.jpg,1010592288945287169,Marsha Camille,2018-06-23T18:35:52.000Z,ILoveUJCDepp,,"Just an Arizona Depphead. 
#IBelieveHim
#WeStandWithYouJohnnyDepp
#JusticeForJohhnyDepp",184,234,1396,0,
en,1045456696422912001,RT @hallowdmaiden: The fact that people still fucking give you the time of day is devastating. You are an inspiration to no one who matters…,2018-09-27T23:34:34.000Z,567232063,Twitter for iPad,"[{'type': 'retweeted', 'id': '1045454044377026560'}]",3,0,0,0,"[{'start': 181, 'end': 204, 'url': 'https://t.co/yMwR4caO62', 'expanded_url': 'https://twitter.com/UNHumanRights/status/1042059970014003200', 'display_url': 'twitter.com/UNHumanRights/…'}]",en,1043355902835863552,The fact that we are still having to fight for this sort of thing is devasting as well as inspiring for those of us who are motivated by seeing how much more we can and and will do https://t.co/yMwR4caO62,2018-09-22T04:26:46.000Z,74,16,369,3,807003567605227520,Twitter for iPhone,"[{'type': 'quoted', 'id': '1042059970014003200'}]","Los Angeles, CA",https://pbs.twimg.com/profile_images/1383196364792680448/N8CdupEu_normal.jpg,807003567605227520,Amber Heard,2016-12-08T23:26:58.000Z,realamberheard,https://t.co/Ze18Ek9SOI,"Actor and Activist, semi-professional disruptor, ice cream advocate and shameless teacup yorkie-lover",190363,220,1150,566,,https://pbs.twimg.com/profile_images/1381993471012085760/rXgj2L8k_normal.png,567232063,Janina #IBelieveHim #justiceforjohnnydepp,2012-04-30T13:36:21.000Z,JaninaSamhain,,Johnny Depp devotee ❤️ #JohnnyDeppIsGrindelwald #wearewithyouJohnnyDepp #proudofJohnnyDepp #youcantkeepagoodmandown #justiceforJohnnydepp #Grindelwaldsarmy,2236,562,195779,5,
en,1045454044377026560,The fact that people still fucking give you the time of day is devastating. You are an inspiration to no one who matters. https://t.co/jVH6VzJGFg,2018-09-27T23:24:02.000Z,2465079218,Twitter for Android,"[{'type': 'quoted', 'id': '1043355902835863552'}]",3,0,12,0,"[{'start': 181, 'end': 204, 'url': 'https://t.co/yMwR4caO62', 'expanded_url': 'https://twitter.com/UNHumanRights/status/1042059970014003200', 'display_url': 'twitter.com/UNHumanRights/…'}]",en,1043355902835863552,The fact that we are still having to fight for this sort of thing is devasting as well as inspiring for those of us who are motivated by seeing how much more we can and and will do https://t.co/yMwR4caO62,2018-09-22T04:26:46.000Z,74,16,369,3,807003567605227520,Twitter for iPhone,"[{'type': 'quoted', 'id': '1042059970014003200'}]","Los Angeles, CA",https://pbs.twimg.com/profile_images/1383196364792680448/N8CdupEu_normal.jpg,807003567605227520,Amber Heard,2016-12-08T23:26:58.000Z,realamberheard,https://t.co/Ze18Ek9SOI,"Actor and Activist, semi-professional disruptor, ice cream advocate and shameless teacup yorkie-lover",190363,220,1150,566,on the precipice.,https://pbs.twimg.com/profile_images/1506624478310191113/EEpjan86_normal.jpg,2465079218,not haley,2014-04-26T20:16:57.000Z,reineyelah,https://t.co/imzbQnpaXH,classic lara croft supremacy. i fucking love you for hating me. wife to noodle. #justiceforjohnnydepp #justiceforsurvivors #istandwithjkrowling,1594,223,37208,3,"[{'start': 122, 'end': 145, 'url': 'https://t.co/jVH6VzJGFg', 'expanded_url': 'https://twitter.com/realamberheard/status/1043355902835863552', 'display_url': 'twitter.com/realamberheard…'}]"
en,1043537618632359937,exactly https://t.co/97P8vjmmdn,2018-09-22T16:28:50.000Z,1015895004554854400,Twitter Web Client,"[{'type': 'quoted', 'id': '1043355902835863552'}]",0,0,0,0,"[{'start': 181, 'end': 204, 'url': 'https://t.co/yMwR4caO62', 'expanded_url': 'https://twitter.com/UNHumanRights/status/1042059970014003200', 'display_url': 'twitter.com/UNHumanRights/…'}]",en,1043355902835863552,The fact that we are still having to fight for this sort of thing is devasting as well as inspiring for those of us who are motivated by seeing how much more we can and and will do https://t.co/yMwR4caO62,2018-09-22T04:26:46.000Z,74,16,369,3,807003567605227520,Twitter for iPhone,"[{'type': 'quoted', 'id': '1042059970014003200'}]","Los Angeles, CA",https://pbs.twimg.com/profile_images/1383196364792680448/N8CdupEu_normal.jpg,807003567605227520,Amber Heard,2016-12-08T23:26:58.000Z,realamberheard,https://t.co/Ze18Ek9SOI,"Actor and Activist, semi-professional disruptor, ice cream advocate and shameless teacup yorkie-lover",190363,220,1150,566,,https://pbs.twimg.com/profile_images/1048514323293917184/JLN1SVw5_normal.jpg,1015895004554854400,Morning Star,2018-07-08T09:46:58.000Z,vukasinmartino2,,"just art and love 
thanks",19,765,628,0,"[{'start': 8, 'end': 31, 'url': 'https://t.co/97P8vjmmdn', 'expanded_url': 'https://twitter.com/realamberheard/status/1043355902835863552', 'display_url': 'twitter.com/realamberheard…'}]"
fr,1043477695487725568,"Nous ferons tout ce qui est juste est équitable nous ferons tout pour une justice loyale ,je te suis ma chère Amber et je te soutient. https://t.co/WnVovOs2fR",2018-09-22T12:30:44.000Z,827604575465197573,Twitter for Android,,0,0,1,0,"[{'start': 181, 'end': 204, 'url': 'https://t.co/yMwR4caO62', 'expanded_url': 'https://twitter.com/UNHumanRights/status/1042059970014003200', 'display_url': 'twitter.com/UNHumanRights/…'}]",en,1043355902835863552,The fact that we are still having to fight for this sort of thing is devasting as well as inspiring for those of us who are motivated by seeing how much more we can and and will do https://t.co/yMwR4caO62,2018-09-22T04:26:46.000Z,74,16,369,3,807003567605227520,Twitter for iPhone,"[{'type': 'quoted', 'id': '1042059970014003200'}]","Los Angeles, CA",https://pbs.twimg.com/profile_images/1383196364792680448/N8CdupEu_normal.jpg,807003567605227520,Amber Heard,2016-12-08T23:26:58.000Z,realamberheard,https://t.co/Ze18Ek9SOI,"Actor and Activist, semi-professional disruptor, ice cream advocate and shameless teacup yorkie-lover",190363,220,1150,566,,https://abs.twimg.com/sticky/default_profile_images/default_profile_normal.png,827604575465197573,tayab nacer eddine,2017-02-03T19:48:01.000Z,TayabNacer,,,30,85,9606,0,"[{'start': 135, 'end': 158, 'url': 'https://t.co/WnVovOs2fR', 'expanded_url': 'https://twitter.com/realamberheard/status/1043355902835863552', 'display_url': 'twitter.com/realamberheard…'}]"
