referenced_tweets,id,source,lang,created_at,text,author_id,public_metrics.retweet_count,public_metrics.reply_count,public_metrics.like_count,public_metrics.quote_count,entities.annotations,quoted_tweet.public_metrics.retweet_count,quoted_tweet.public_metrics.reply_count,quoted_tweet.public_metrics.like_count,quoted_tweet.public_metrics.quote_count,quoted_tweet.referenced_tweets,quoted_tweet.id,quoted_tweet.source,quoted_tweet.lang,quoted_tweet.entities.hashtags,quoted_tweet.entities.urls,quoted_tweet.entities.annotations,quoted_tweet.created_at,quoted_tweet.text,quoted_tweet.author_id,quoted_tweet.author.description,quoted_tweet.author.profile_image_url,quoted_tweet.author.id,quoted_tweet.author.name,quoted_tweet.author.public_metrics.followers_count,quoted_tweet.author.public_metrics.following_count,quoted_tweet.author.public_metrics.tweet_count,quoted_tweet.author.public_metrics.listed_count,quoted_tweet.author.username,quoted_tweet.author.created_at,quoted_tweet.author.location,quoted_tweet.author.url,author.description,author.profile_image_url,author.id,author.name,author.public_metrics.followers_count,author.public_metrics.following_count,author.public_metrics.tweet_count,author.public_metrics.listed_count,author.username,author.created_at,author.location,author.url,entities.urls,entities.hashtags
"[{'type': 'retweeted', 'id': '1045451780627329025'}]",1045732979236950016,Twitter for Android,en,2018-09-28T17:52:25.000Z,"RT @hallowdmaiden: You constantly abused Johnny Depp in front of witnesses so you should be in fucking jail.

But oh wait, you're a woman.…",1010592288945287169,5,0,0,0,"[{'start': 41, 'end': 51, 'probability': 0.9972, 'type': 'Person', 'normalized_text': 'Johnny Depp'}]",82,16,370,4,"[{'type': 'quoted', 'id': '1045381489624473600'}]",1045406519741886464,Twitter for iPhone,en,"[{'start': 222, 'end': 242, 'tag': 'ChristineBlaseyFord'}, {'start': 244, 'end': 257, 'tag': 'BelieveWomen'}]","[{'start': 258, 'end': 281, 'url': 'https://t.co/lOq1SzAhhj', 'expanded_url': 'https://twitter.com/BBCWorld/status/1045381489624473600', 'display_url': 'twitter.com/BBCWorld/statu…'}]","[{'start': 5, 'end': 14, 'probability': 0.9762, 'type': 'Person', 'normalized_text': 'Mr. Graham'}]",2018-09-27T20:15:11.000Z,"Yes, Mr. Graham, maybe next time this lady will be so “nice” as to get assaulted in front of plenty of witnesses so that the next guy to be nominated is not subjected to such an inconvenient and grueling process as this.. #ChristineBlaseyFord  #BelieveWomen https://t.co/lOq1SzAhhj",807003567605227520,"Actor and Activist, semi-professional disruptor, ice cream advocate and shameless teacup yorkie-lover",https://pbs.twimg.com/profile_images/1383196364792680448/N8CdupEu_normal.jpg,807003567605227520,Amber Heard,190363,220,1150,566,realamberheard,2016-12-08T23:26:58.000Z,"Los Angeles, CA",https://t.co/Ze18Ek9SOI,"Just an Arizona Depphead. 
#IBelieveHim
#WeStandWithYouJohnnyDepp
#JusticeForJohhnyDepp",https://pbs.twimg.com/profile_images/1102311705407676416/aG5QnEhQ_normal.jpg,1010592288945287169,Marsha Camille,184,234,1396,0,ILoveUJCDepp,2018-06-23T18:35:52.000Z,"Arizona, USA",,,
"[{'type': 'retweeted', 'id': '1045451780627329025'}]",1045546556248788995,Twitter for iPhone,en,2018-09-28T05:31:38.000Z,"RT @hallowdmaiden: You constantly abused Johnny Depp in front of witnesses so you should be in fucking jail.

But oh wait, you're a woman.…",884302460830982144,5,0,0,0,"[{'start': 41, 'end': 51, 'probability': 0.9972, 'type': 'Person', 'normalized_text': 'Johnny Depp'}]",82,16,370,4,"[{'type': 'quoted', 'id': '1045381489624473600'}]",1045406519741886464,Twitter for iPhone,en,"[{'start': 222, 'end': 242, 'tag': 'ChristineBlaseyFord'}, {'start': 244, 'end': 257, 'tag': 'BelieveWomen'}]","[{'start': 258, 'end': 281, 'url': 'https://t.co/lOq1SzAhhj', 'expanded_url': 'https://twitter.com/BBCWorld/status/1045381489624473600', 'display_url': 'twitter.com/BBCWorld/statu…'}]","[{'start': 5, 'end': 14, 'probability': 0.9762, 'type': 'Person', 'normalized_text': 'Mr. Graham'}]",2018-09-27T20:15:11.000Z,"Yes, Mr. Graham, maybe next time this lady will be so “nice” as to get assaulted in front of plenty of witnesses so that the next guy to be nominated is not subjected to such an inconvenient and grueling process as this.. #ChristineBlaseyFord  #BelieveWomen https://t.co/lOq1SzAhhj",807003567605227520,"Actor and Activist, semi-professional disruptor, ice cream advocate and shameless teacup yorkie-lover",https://pbs.twimg.com/profile_images/1383196364792680448/N8CdupEu_normal.jpg,807003567605227520,Amber Heard,190363,220,1150,566,realamberheard,2016-12-08T23:26:58.000Z,"Los Angeles, CA",https://t.co/Ze18Ek9SOI,Fan account,https://abs.twimg.com/sticky/default_profile_images/default_profile_normal.png,884302460830982144,Janice Tylock,522,454,34822,2,janice_tylock,2017-07-10T06:45:11.000Z,,,,
"[{'type': 'retweeted', 'id': '1045451780627329025'}]",1045534022020075524,Twitter Web Client,en,2018-09-28T04:41:50.000Z,"RT @hallowdmaiden: You constantly abused Johnny Depp in front of witnesses so you should be in fucking jail.

But oh wait, you're a woman.…",178822220,5,0,0,0,"[{'start': 41, 'end': 51, 'probability': 0.9972, 'type': 'Person', 'normalized_text': 'Johnny Depp'}]",82,16,370,4,"[{'type': 'quoted', 'id': '1045381489624473600'}]",1045406519741886464,Twitter for iPhone,en,"[{'start': 222, 'end': 242, 'tag': 'ChristineBlaseyFord'}, {'start': 244, 'end': 257, 'tag': 'BelieveWomen'}]","[{'start': 258, 'end': 281, 'url': 'https://t.co/lOq1SzAhhj', 'expanded_url': 'https://twitter.com/BBCWorld/status/1045381489624473600', 'display_url': 'twitter.com/BBCWorld/statu…'}]","[{'start': 5, 'end': 14, 'probability': 0.9762, 'type': 'Person', 'normalized_text': 'Mr. Graham'}]",2018-09-27T20:15:11.000Z,"Yes, Mr. Graham, maybe next time this lady will be so “nice” as to get assaulted in front of plenty of witnesses so that the next guy to be nominated is not subjected to such an inconvenient and grueling process as this.. #ChristineBlaseyFord  #BelieveWomen https://t.co/lOq1SzAhhj",807003567605227520,"Actor and Activist, semi-professional disruptor, ice cream advocate and shameless teacup yorkie-lover",https://pbs.twimg.com/profile_images/1383196364792680448/N8CdupEu_normal.jpg,807003567605227520,Amber Heard,190363,220,1150,566,realamberheard,2016-12-08T23:26:58.000Z,"Los Angeles, CA",https://t.co/Ze18Ek9SOI,,https://pbs.twimg.com/profile_images/1137000332150673408/aO3fDYBg_normal.png,178822220,Sharis 🏴‍☠️,330,404,24377,1,Sharriska,2010-08-15T19:57:32.000Z,Poland,,,
"[{'type': 'retweeted', 'id': '1045451780627329025'}]",1045455367948374016,Twitter for iPad,en,2018-09-27T23:29:17.000Z,"RT @hallowdmaiden: You constantly abused Johnny Depp in front of witnesses so you should be in fucking jail.

But oh wait, you're a woman.…",567232063,5,0,0,0,"[{'start': 41, 'end': 51, 'probability': 0.9972, 'type': 'Person', 'normalized_text': 'Johnny Depp'}]",82,16,370,4,"[{'type': 'quoted', 'id': '1045381489624473600'}]",1045406519741886464,Twitter for iPhone,en,"[{'start': 222, 'end': 242, 'tag': 'ChristineBlaseyFord'}, {'start': 244, 'end': 257, 'tag': 'BelieveWomen'}]","[{'start': 258, 'end': 281, 'url': 'https://t.co/lOq1SzAhhj', 'expanded_url': 'https://twitter.com/BBCWorld/status/1045381489624473600', 'display_url': 'twitter.com/BBCWorld/statu…'}]","[{'start': 5, 'end': 14, 'probability': 0.9762, 'type': 'Person', 'normalized_text': 'Mr. Graham'}]",2018-09-27T20:15:11.000Z,"Yes, Mr. Graham, maybe next time this lady will be so “nice” as to get assaulted in front of plenty of witnesses so that the next guy to be nominated is not subjected to such an inconvenient and grueling process as this.. #ChristineBlaseyFord  #BelieveWomen https://t.co/lOq1SzAhhj",807003567605227520,"Actor and Activist, semi-professional disruptor, ice cream advocate and shameless teacup yorkie-lover",https://pbs.twimg.com/profile_images/1383196364792680448/N8CdupEu_normal.jpg,807003567605227520,Amber Heard,190363,220,1150,566,realamberheard,2016-12-08T23:26:58.000Z,"Los Angeles, CA",https://t.co/Ze18Ek9SOI,Johnny Depp devotee ❤️ #JohnnyDeppIsGrindelwald #wearewithyouJohnnyDepp #proudofJohnnyDepp #youcantkeepagoodmandown #justiceforJohnnydepp #Grindelwaldsarmy,https://pbs.twimg.com/profile_images/1381993471012085760/rXgj2L8k_normal.png,567232063,Janina #IBelieveHim #justiceforjohnnydepp,2236,562,195779,5,JaninaSamhain,2012-04-30T13:36:21.000Z,,,,
"[{'type': 'retweeted', 'id': '1045451780627329025'}]",1045452683002482688,Twitter for Android,en,2018-09-27T23:18:37.000Z,"RT @hallowdmaiden: You constantly abused Johnny Depp in front of witnesses so you should be in fucking jail.

But oh wait, you're a woman.…",746719831,5,0,0,0,"[{'start': 41, 'end': 51, 'probability': 0.9972, 'type': 'Person', 'normalized_text': 'Johnny Depp'}]",82,16,370,4,"[{'type': 'quoted', 'id': '1045381489624473600'}]",1045406519741886464,Twitter for iPhone,en,"[{'start': 222, 'end': 242, 'tag': 'ChristineBlaseyFord'}, {'start': 244, 'end': 257, 'tag': 'BelieveWomen'}]","[{'start': 258, 'end': 281, 'url': 'https://t.co/lOq1SzAhhj', 'expanded_url': 'https://twitter.com/BBCWorld/status/1045381489624473600', 'display_url': 'twitter.com/BBCWorld/statu…'}]","[{'start': 5, 'end': 14, 'probability': 0.9762, 'type': 'Person', 'normalized_text': 'Mr. Graham'}]",2018-09-27T20:15:11.000Z,"Yes, Mr. Graham, maybe next time this lady will be so “nice” as to get assaulted in front of plenty of witnesses so that the next guy to be nominated is not subjected to such an inconvenient and grueling process as this.. #ChristineBlaseyFord  #BelieveWomen https://t.co/lOq1SzAhhj",807003567605227520,"Actor and Activist, semi-professional disruptor, ice cream advocate and shameless teacup yorkie-lover",https://pbs.twimg.com/profile_images/1383196364792680448/N8CdupEu_normal.jpg,807003567605227520,Amber Heard,190363,220,1150,566,realamberheard,2016-12-08T23:26:58.000Z,"Los Angeles, CA",https://t.co/Ze18Ek9SOI,"joanne rowling • gryffindor • narnian • outlawqueen • targaryen • stark • miley • sabrina • always • the sun, the moon, the truth • #JusticeForJohnnyDepp🏴‍☠️",https://pbs.twimg.com/profile_images/1505413782578806785/ZKz0C0H2_normal.jpg,746719831,palôma strike ➹ ⚯͛,2478,1007,238415,23,siriustiltskin,2012-08-09T06:55:35.000Z,Nárnia•Hogwarts•Storybrooke,https://t.co/7IHDo8doxB,,
"[{'type': 'quoted', 'id': '1045406519741886464'}]",1045451780627329025,Twitter for Android,en,2018-09-27T23:15:02.000Z,"You constantly abused Johnny Depp in front of witnesses so you should be in fucking jail.

But oh wait, you're a woman. Rules don't apply to you. My bad. Must be nice to get away with every shitty thing you do. Pun fucking intended. https://t.co/pd9opeyUbt",2465079218,5,0,22,0,"[{'start': 22, 'end': 32, 'probability': 0.9956, 'type': 'Person', 'normalized_text': 'Johnny Depp'}]",82,16,370,4,"[{'type': 'quoted', 'id': '1045381489624473600'}]",1045406519741886464,Twitter for iPhone,en,"[{'start': 222, 'end': 242, 'tag': 'ChristineBlaseyFord'}, {'start': 244, 'end': 257, 'tag': 'BelieveWomen'}]","[{'start': 258, 'end': 281, 'url': 'https://t.co/lOq1SzAhhj', 'expanded_url': 'https://twitter.com/BBCWorld/status/1045381489624473600', 'display_url': 'twitter.com/BBCWorld/statu…'}]","[{'start': 5, 'end': 14, 'probability': 0.9762, 'type': 'Person', 'normalized_text': 'Mr. Graham'}]",2018-09-27T20:15:11.000Z,"Yes, Mr. Graham, maybe next time this lady will be so “nice” as to get assaulted in front of plenty of witnesses so that the next guy to be nominated is not subjected to such an inconvenient and grueling process as this.. #ChristineBlaseyFord  #BelieveWomen https://t.co/lOq1SzAhhj",807003567605227520,"Actor and Activist, semi-professional disruptor, ice cream advocate and shameless teacup yorkie-lover",https://pbs.twimg.com/profile_images/1383196364792680448/N8CdupEu_normal.jpg,807003567605227520,Amber Heard,190363,220,1150,566,realamberheard,2016-12-08T23:26:58.000Z,"Los Angeles, CA",https://t.co/Ze18Ek9SOI,classic lara croft supremacy. i fucking love you for hating me. wife to noodle. #justiceforjohnnydepp #justiceforsurvivors #istandwithjkrowling,https://pbs.twimg.com/profile_images/1506624478310191113/EEpjan86_normal.jpg,2465079218,not haley,1594,223,37208,3,reineyelah,2014-04-26T20:16:57.000Z,on the precipice.,https://t.co/imzbQnpaXH,"[{'start': 233, 'end': 256, 'url': 'https://t.co/pd9opeyUbt', 'expanded_url': 'https://twitter.com/realamberheard/status/1045406519741886464', 'display_url': 'twitter.com/realamberheard…'}]",
"[{'type': 'quoted', 'id': '1045406519741886464'}]",1045409077243924480,Twitter for iPhone,en,2018-09-27T20:25:21.000Z,tw: sexual assault https://t.co/Pcaf4cyE9X,526991909,0,0,0,0,,82,16,370,4,"[{'type': 'quoted', 'id': '1045381489624473600'}]",1045406519741886464,Twitter for iPhone,en,"[{'start': 222, 'end': 242, 'tag': 'ChristineBlaseyFord'}, {'start': 244, 'end': 257, 'tag': 'BelieveWomen'}]","[{'start': 258, 'end': 281, 'url': 'https://t.co/lOq1SzAhhj', 'expanded_url': 'https://twitter.com/BBCWorld/status/1045381489624473600', 'display_url': 'twitter.com/BBCWorld/statu…'}]","[{'start': 5, 'end': 14, 'probability': 0.9762, 'type': 'Person', 'normalized_text': 'Mr. Graham'}]",2018-09-27T20:15:11.000Z,"Yes, Mr. Graham, maybe next time this lady will be so “nice” as to get assaulted in front of plenty of witnesses so that the next guy to be nominated is not subjected to such an inconvenient and grueling process as this.. #ChristineBlaseyFord  #BelieveWomen https://t.co/lOq1SzAhhj",807003567605227520,"Actor and Activist, semi-professional disruptor, ice cream advocate and shameless teacup yorkie-lover",https://pbs.twimg.com/profile_images/1383196364792680448/N8CdupEu_normal.jpg,807003567605227520,Amber Heard,190363,220,1150,566,realamberheard,2016-12-08T23:26:58.000Z,"Los Angeles, CA",https://t.co/Ze18Ek9SOI,"nonbinary • native • mexican • disabled • 27 • they/them • do NOT dm me, esp links..I’m broke https://t.co/Cd69MRYcBQ",https://pbs.twimg.com/profile_images/1409703490449031170/FtrJ8mA6_normal.jpg,526991909,herc,1567,284,300497,0,QueerHercules,2012-03-17T01:54:05.000Z,she/her friends only,https://t.co/BjDNYT78Ml,"[{'start': 19, 'end': 42, 'url': 'https://t.co/Pcaf4cyE9X', 'expanded_url': 'https://twitter.com/realamberheard/status/1045406519741886464', 'display_url': 'twitter.com/realamberheard…'}]",
"[{'type': 'quoted', 'id': '1045406519741886464'}]",1045408305160613888,Twitter for iPhone,und,2018-09-27T20:22:17.000Z,#MeToo #stop #silence #Silence_Kills https://t.co/6JFyKB7PFn,964211466160177155,0,0,1,0,,82,16,370,4,"[{'type': 'quoted', 'id': '1045381489624473600'}]",1045406519741886464,Twitter for iPhone,en,"[{'start': 222, 'end': 242, 'tag': 'ChristineBlaseyFord'}, {'start': 244, 'end': 257, 'tag': 'BelieveWomen'}]","[{'start': 258, 'end': 281, 'url': 'https://t.co/lOq1SzAhhj', 'expanded_url': 'https://twitter.com/BBCWorld/status/1045381489624473600', 'display_url': 'twitter.com/BBCWorld/statu…'}]","[{'start': 5, 'end': 14, 'probability': 0.9762, 'type': 'Person', 'normalized_text': 'Mr. Graham'}]",2018-09-27T20:15:11.000Z,"Yes, Mr. Graham, maybe next time this lady will be so “nice” as to get assaulted in front of plenty of witnesses so that the next guy to be nominated is not subjected to such an inconvenient and grueling process as this.. #ChristineBlaseyFord  #BelieveWomen https://t.co/lOq1SzAhhj",807003567605227520,"Actor and Activist, semi-professional disruptor, ice cream advocate and shameless teacup yorkie-lover",https://pbs.twimg.com/profile_images/1383196364792680448/N8CdupEu_normal.jpg,807003567605227520,Amber Heard,190363,220,1150,566,realamberheard,2016-12-08T23:26:58.000Z,"Los Angeles, CA",https://t.co/Ze18Ek9SOI,,https://pbs.twimg.com/profile_images/1407075783357632512/u8JCCyYy_normal.jpg,964211466160177155,Georgios_Tsarouchis,1454,3658,14475,4,GTsarouchis,2018-02-15T18:55:02.000Z,,,"[{'start': 37, 'end': 60, 'url': 'https://t.co/6JFyKB7PFn', 'expanded_url': 'https://twitter.com/realamberheard/status/1045406519741886464', 'display_url': 'twitter.com/realamberheard…'}]","[{'start': 0, 'end': 6, 'tag': 'MeToo'}, {'start': 7, 'end': 12, 'tag': 'stop'}, {'start': 13, 'end': 21, 'tag': 'silence'}, {'start': 22, 'end': 36, 'tag': 'Silence_Kills'}]"
