referenced_tweets,id,lang,text,created_at,source,author_id,entities.urls,public_metrics.retweet_count,public_metrics.reply_count,public_metrics.like_count,public_metrics.quote_count,quoted_tweet.entities.mentions,quoted_tweet.entities.hashtags,quoted_tweet.entities.urls,quoted_tweet.entities.annotations,quoted_tweet.id,quoted_tweet.lang,quoted_tweet.text,quoted_tweet.created_at,quoted_tweet.source,quoted_tweet.author_id,quoted_tweet.public_metrics.retweet_count,quoted_tweet.public_metrics.reply_count,quoted_tweet.public_metrics.like_count,quoted_tweet.public_metrics.quote_count,quoted_tweet.author.public_metrics.followers_count,quoted_tweet.author.public_metrics.following_count,quoted_tweet.author.public_metrics.tweet_count,quoted_tweet.author.public_metrics.listed_count,quoted_tweet.author.created_at,quoted_tweet.author.id,quoted_tweet.author.location,quoted_tweet.author.name,quoted_tweet.author.profile_image_url,quoted_tweet.author.username,quoted_tweet.author.url,quoted_tweet.author.description,author.public_metrics.followers_count,author.public_metrics.following_count,author.public_metrics.tweet_count,author.public_metrics.listed_count,author.created_at,author.id,author.location,author.name,author.profile_image_url,author.username,author.url,author.description
"[{'type': 'quoted', 'id': '1046813014714933249'}]",1047176739712061442,en,"No one wants your voice heard, Heard. https://t.co/6Ydi98Saxc",2018-10-02T17:29:25.000Z,Twitter for Android,2465079218,"[{'start': 38, 'end': 61, 'url': 'https://t.co/6Ydi98Saxc', 'expanded_url': 'https://twitter.com/realamberheard/status/1046813014714933249', 'display_url': 'twitter.com/realamberheard…'}]",0,0,1,0,"[{'start': 123, 'end': 133, 'username': 'JeffFlake', 'id': '16056306'}]","[{'start': 160, 'end': 177, 'tag': 'BelieveSurvivors'}]","[{'start': 136, 'end': 159, 'url': 'https://t.co/lSIRNVTbsY', 'expanded_url': 'http://Www.TimeToHearUs.Com', 'display_url': 'TimeToHearUs.Com'}, {'start': 178, 'end': 201, 'url': 'https://t.co/USTU0YRbBe', 'expanded_url': 'https://twitter.com/realamberheard/status/1046813014714933249/photo/1', 'display_url': 'pic.twitter.com/USTU0YRbBe'}]","[{'start': 24, 'end': 29, 'probability': 0.9986, 'type': 'Place', 'normalized_text': 'Boston'}, {'start': 68, 'end': 74, 'probability': 0.9753, 'type': 'Place', 'normalized_text': 'Arizona'}]",1046813014714933249,en,These are Protestors in Boston carrying the names of survivors from Arizona who want to have their voices heard by Senator @JeffFlake . https://t.co/lSIRNVTbsY #BelieveSurvivors https://t.co/USTU0YRbBe,2018-10-01T17:24:06.000Z,Twitter for iPad,807003567605227520,48,10,230,4,190363,220,1150,566,2016-12-08T23:26:58.000Z,807003567605227520,"Los Angeles, CA",Amber Heard,https://pbs.twimg.com/profile_images/1383196364792680448/N8CdupEu_normal.jpg,realamberheard,https://t.co/Ze18Ek9SOI,"Actor and Activist, semi-professional disruptor, ice cream advocate and shameless teacup yorkie-lover",1594,223,37208,3,2014-04-26T20:16:57.000Z,2465079218,on the precipice.,not haley,https://pbs.twimg.com/profile_images/1506624478310191113/EEpjan86_normal.jpg,reineyelah,https://t.co/imzbQnpaXH,classic lara croft supremacy. i fucking love you for hating me. wife to noodle. #justiceforjohnnydepp #justiceforsurvivors #istandwithjkrowling
"[{'type': 'quoted', 'id': '1046813014714933249'}]",1046912103083270145,und,🙋🏽‍♀️ https://t.co/19WkoclmIY,2018-10-01T23:57:50.000Z,Twitter for Android,3677946793,"[{'start': 6, 'end': 29, 'url': 'https://t.co/19WkoclmIY', 'expanded_url': 'https://twitter.com/realamberheard/status/1046813014714933249', 'display_url': 'twitter.com/realamberheard…'}]",0,0,0,0,"[{'start': 123, 'end': 133, 'username': 'JeffFlake', 'id': '16056306'}]","[{'start': 160, 'end': 177, 'tag': 'BelieveSurvivors'}]","[{'start': 136, 'end': 159, 'url': 'https://t.co/lSIRNVTbsY', 'expanded_url': 'http://Www.TimeToHearUs.Com', 'display_url': 'TimeToHearUs.Com'}, {'start': 178, 'end': 201, 'url': 'https://t.co/USTU0YRbBe', 'expanded_url': 'https://twitter.com/realamberheard/status/1046813014714933249/photo/1', 'display_url': 'pic.twitter.com/USTU0YRbBe'}]","[{'start': 24, 'end': 29, 'probability': 0.9986, 'type': 'Place', 'normalized_text': 'Boston'}, {'start': 68, 'end': 74, 'probability': 0.9753, 'type': 'Place', 'normalized_text': 'Arizona'}]",1046813014714933249,en,These are Protestors in Boston carrying the names of survivors from Arizona who want to have their voices heard by Senator @JeffFlake . https://t.co/lSIRNVTbsY #BelieveSurvivors https://t.co/USTU0YRbBe,2018-10-01T17:24:06.000Z,Twitter for iPad,807003567605227520,48,10,230,4,190363,220,1150,566,2016-12-08T23:26:58.000Z,807003567605227520,"Los Angeles, CA",Amber Heard,https://pbs.twimg.com/profile_images/1383196364792680448/N8CdupEu_normal.jpg,realamberheard,https://t.co/Ze18Ek9SOI,"Actor and Activist, semi-professional disruptor, ice cream advocate and shameless teacup yorkie-lover",641,1241,16822,8,2015-09-25T04:53:49.000Z,3677946793,Goodyear AZ via Maryvale,J🌵,https://pbs.twimg.com/profile_images/1498489424820125701/3EIEtBZu_normal.jpg,JAC0327,,"Mom 👫
Daughter.Sister.Nina.Tia.etc
🇺🇲🇲🇽"
