referenced_tweets,id,lang,text,created_at,source,author_id,entities.hashtags,entities.urls,public_metrics.retweet_count,public_metrics.reply_count,public_metrics.like_count,public_metrics.quote_count,quoted_tweet.entities.mentions,quoted_tweet.entities.hashtags,quoted_tweet.entities.urls,quoted_tweet.id,quoted_tweet.lang,quoted_tweet.text,quoted_tweet.created_at,quoted_tweet.source,quoted_tweet.author_id,quoted_tweet.public_metrics.retweet_count,quoted_tweet.public_metrics.reply_count,quoted_tweet.public_metrics.like_count,quoted_tweet.public_metrics.quote_count,quoted_tweet.author.public_metrics.followers_count,quoted_tweet.author.public_metrics.following_count,quoted_tweet.author.public_metrics.tweet_count,quoted_tweet.author.public_metrics.listed_count,quoted_tweet.author.created_at,quoted_tweet.author.id,quoted_tweet.author.location,quoted_tweet.author.name,quoted_tweet.author.profile_image_url,quoted_tweet.author.username,quoted_tweet.author.url,quoted_tweet.author.description,author.public_metrics.followers_count,author.public_metrics.following_count,author.public_metrics.tweet_count,author.public_metrics.listed_count,author.created_at,author.id,author.location,author.name,author.profile_image_url,author.username,author.url,author.description,entities.mentions
"[{'type': 'quoted', 'id': '1053300982505967616'}]",1299640171252588546,und,#JohnnyIsInnocent https://t.co/9mLboOgRe1,2020-08-29T09:28:57.000Z,Twitter for Android,232377398,"[{'start': 0, 'end': 17, 'tag': 'JohnnyIsInnocent'}]","[{'start': 18, 'end': 41, 'url': 'https://t.co/9mLboOgRe1', 'expanded_url': 'https://twitter.com/realamberheard/status/1053300982505967616', 'display_url': 'twitter.com/realamberheard…'}]",0,0,0,0,"[{'start': 1, 'end': 15, 'username': 'OneYoungWorld', 'id': '19087563'}]","[{'start': 181, 'end': 189, 'tag': 'OYW2018'}, {'start': 190, 'end': 202, 'tag': 'freeloujain'}]","[{'start': 203, 'end': 226, 'url': 'https://t.co/SGFEcTjtKT', 'expanded_url': 'https://twitter.com/realamberheard/status/1053300982505967616/photo/1', 'display_url': 'pic.twitter.com/SGFEcTjtKT'}]",1053300982505967616,en,⁦@OneYoungWorld⁩ in The Hague. Speaking with young thinkers and leaders from around the world about the issues of today and the how we create Our tomorrow.  Feel honored to be here #OYW2018 #freeloujain https://t.co/SGFEcTjtKT,2018-10-19T15:04:58.000Z,Twitter for iPad,807003567605227520,47,11,242,3,190361,220,1150,566,2016-12-08T23:26:58.000Z,807003567605227520,"Los Angeles, CA",Amber Heard,https://pbs.twimg.com/profile_images/1383196364792680448/N8CdupEu_normal.jpg,realamberheard,https://t.co/Ze18Ek9SOI,"Actor and Activist, semi-professional disruptor, ice cream advocate and shameless teacup yorkie-lover",2529,4841,117820,11,2010-12-31T00:24:22.000Z,232377398,"Islington, London",Teri Carson ☠️ 🇮🇪 💀 🇨🇮 ☠️,https://pbs.twimg.com/profile_images/1474860148984360970/a6n5DDOQ_normal.jpg,TeriCarson,,"Navigating without a fecking compass. 🧭 All roads lead to the sea. 🌊
☘️ Póg Mo Thóin ☘️
☘️ 💚🤍🧡 ☘️",
"[{'type': 'retweeted', 'id': '1053382030053048320'}]",1053417752533368833,en,RT @davidjonesOYW: thank you so much for joining us https://t.co/SpqK7xwmMO,2018-10-19T22:48:58.000Z,Twitter for iPhone,72503565,,"[{'start': 52, 'end': 75, 'url': 'https://t.co/SpqK7xwmMO', 'expanded_url': 'https://twitter.com/realamberheard/status/1053300982505967616', 'display_url': 'twitter.com/realamberheard…'}]",2,0,0,0,"[{'start': 1, 'end': 15, 'username': 'OneYoungWorld', 'id': '19087563'}]","[{'start': 181, 'end': 189, 'tag': 'OYW2018'}, {'start': 190, 'end': 202, 'tag': 'freeloujain'}]","[{'start': 203, 'end': 226, 'url': 'https://t.co/SGFEcTjtKT', 'expanded_url': 'https://twitter.com/realamberheard/status/1053300982505967616/photo/1', 'display_url': 'pic.twitter.com/SGFEcTjtKT'}]",1053300982505967616,en,⁦@OneYoungWorld⁩ in The Hague. Speaking with young thinkers and leaders from around the world about the issues of today and the how we create Our tomorrow.  Feel honored to be here #OYW2018 #freeloujain https://t.co/SGFEcTjtKT,2018-10-19T15:04:58.000Z,Twitter for iPad,807003567605227520,47,11,242,3,190361,220,1150,566,2016-12-08T23:26:58.000Z,807003567605227520,"Los Angeles, CA",Amber Heard,https://pbs.twimg.com/profile_images/1383196364792680448/N8CdupEu_normal.jpg,realamberheard,https://t.co/Ze18Ek9SOI,"Actor and Activist, semi-professional disruptor, ice cream advocate and shameless teacup yorkie-lover",7497,2932,56986,296,2009-09-08T08:11:49.000Z,72503565,"London, England",Maen Aloquili,https://pbs.twimg.com/profile_images/1451410412726063107/xp4h-LcN_normal.jpg,Aloquili,,"Current @CheveningFCDO Awardee 2021/2022 @SOAS, Former Operational Communications @ICRC #Jordan, @OneYoungWorld Enterprise for Peace Ambassador.","[{'start': 3, 'end': 17, 'username': 'davidjonesOYW', 'id': '90617595'}]"
"[{'type': 'retweeted', 'id': '1053382030053048320'}]",1053398244397666306,en,RT @davidjonesOYW: thank you so much for joining us https://t.co/SpqK7xwmMO,2018-10-19T21:31:27.000Z,Twitter for iPhone,829316160080453638,,"[{'start': 52, 'end': 75, 'url': 'https://t.co/SpqK7xwmMO', 'expanded_url': 'https://twitter.com/realamberheard/status/1053300982505967616', 'display_url': 'twitter.com/realamberheard…'}]",2,0,0,0,"[{'start': 1, 'end': 15, 'username': 'OneYoungWorld', 'id': '19087563'}]","[{'start': 181, 'end': 189, 'tag': 'OYW2018'}, {'start': 190, 'end': 202, 'tag': 'freeloujain'}]","[{'start': 203, 'end': 226, 'url': 'https://t.co/SGFEcTjtKT', 'expanded_url': 'https://twitter.com/realamberheard/status/1053300982505967616/photo/1', 'display_url': 'pic.twitter.com/SGFEcTjtKT'}]",1053300982505967616,en,⁦@OneYoungWorld⁩ in The Hague. Speaking with young thinkers and leaders from around the world about the issues of today and the how we create Our tomorrow.  Feel honored to be here #OYW2018 #freeloujain https://t.co/SGFEcTjtKT,2018-10-19T15:04:58.000Z,Twitter for iPad,807003567605227520,47,11,242,3,190361,220,1150,566,2016-12-08T23:26:58.000Z,807003567605227520,"Los Angeles, CA",Amber Heard,https://pbs.twimg.com/profile_images/1383196364792680448/N8CdupEu_normal.jpg,realamberheard,https://t.co/Ze18Ek9SOI,"Actor and Activist, semi-professional disruptor, ice cream advocate and shameless teacup yorkie-lover",365,731,1071,2,2017-02-08T13:09:15.000Z,829316160080453638,"Amsterdam, The Netherlands",Courtney Sunna,https://pbs.twimg.com/profile_images/1017844155886661632/HVFRJv5W_normal.jpg,CourtneySunna,https://t.co/tYBUGvIfCj,2020 IMF Fellow + @OneYoungWorld Ambassador + Global Community Investment & Philanthropy at @AstraZeneca + Adventurer✈️,"[{'start': 3, 'end': 17, 'username': 'davidjonesOYW', 'id': '90617595'}]"
"[{'type': 'quoted', 'id': '1053300982505967616'}]",1053382030053048320,en,thank you so much for joining us https://t.co/SpqK7xwmMO,2018-10-19T20:27:01.000Z,Twitter Web Client,90617595,,"[{'start': 33, 'end': 56, 'url': 'https://t.co/SpqK7xwmMO', 'expanded_url': 'https://twitter.com/realamberheard/status/1053300982505967616', 'display_url': 'twitter.com/realamberheard…'}]",2,0,4,0,"[{'start': 1, 'end': 15, 'username': 'OneYoungWorld', 'id': '19087563'}]","[{'start': 181, 'end': 189, 'tag': 'OYW2018'}, {'start': 190, 'end': 202, 'tag': 'freeloujain'}]","[{'start': 203, 'end': 226, 'url': 'https://t.co/SGFEcTjtKT', 'expanded_url': 'https://twitter.com/realamberheard/status/1053300982505967616/photo/1', 'display_url': 'pic.twitter.com/SGFEcTjtKT'}]",1053300982505967616,en,⁦@OneYoungWorld⁩ in The Hague. Speaking with young thinkers and leaders from around the world about the issues of today and the how we create Our tomorrow.  Feel honored to be here #OYW2018 #freeloujain https://t.co/SGFEcTjtKT,2018-10-19T15:04:58.000Z,Twitter for iPad,807003567605227520,47,11,242,3,190361,220,1150,566,2016-12-08T23:26:58.000Z,807003567605227520,"Los Angeles, CA",Amber Heard,https://pbs.twimg.com/profile_images/1383196364792680448/N8CdupEu_normal.jpg,realamberheard,https://t.co/Ze18Ek9SOI,"Actor and Activist, semi-professional disruptor, ice cream advocate and shameless teacup yorkie-lover",32869,2583,7915,752,2009-11-17T12:20:12.000Z,90617595,New York,david jones,https://pbs.twimg.com/profile_images/611533920476209152/Lf52JxuV_normal.jpg,davidjonesOYW,https://t.co/wsJ3GtCe3u,CEO & Social Entrepreneur. Founder The Brandtech Group and One Young World. Author Who Cares Wins. Guardian Sus Biz Leader 2013. Ex-CEO Havas.,
"[{'type': 'retweeted', 'id': '1053307961471393793'}]",1053364407751852033,en,RT @ItsSaadChaudhry: Powerful and inspiring voice @realamberheard at the #OYW2018 summit where there are some of the world's brightest mind…,2018-10-19T19:17:00.000Z,Twitter for Android,1007632900781740034,"[{'start': 73, 'end': 81, 'tag': 'OYW2018'}]",,3,0,0,0,"[{'start': 1, 'end': 15, 'username': 'OneYoungWorld', 'id': '19087563'}]","[{'start': 181, 'end': 189, 'tag': 'OYW2018'}, {'start': 190, 'end': 202, 'tag': 'freeloujain'}]","[{'start': 203, 'end': 226, 'url': 'https://t.co/SGFEcTjtKT', 'expanded_url': 'https://twitter.com/realamberheard/status/1053300982505967616/photo/1', 'display_url': 'pic.twitter.com/SGFEcTjtKT'}]",1053300982505967616,en,⁦@OneYoungWorld⁩ in The Hague. Speaking with young thinkers and leaders from around the world about the issues of today and the how we create Our tomorrow.  Feel honored to be here #OYW2018 #freeloujain https://t.co/SGFEcTjtKT,2018-10-19T15:04:58.000Z,Twitter for iPad,807003567605227520,47,11,242,3,190361,220,1150,566,2016-12-08T23:26:58.000Z,807003567605227520,"Los Angeles, CA",Amber Heard,https://pbs.twimg.com/profile_images/1383196364792680448/N8CdupEu_normal.jpg,realamberheard,https://t.co/Ze18Ek9SOI,"Actor and Activist, semi-professional disruptor, ice cream advocate and shameless teacup yorkie-lover",42,42,1748,0,2018-06-15T14:36:19.000Z,1007632900781740034,United States,Saad Chaudhry,https://pbs.twimg.com/profile_images/1042475886354853888/19WH3ADb_normal.jpg,ItsSaadChaudhry,,"A Dreamer.. Achiever.. Young Entrepreneur. Writer, Music Lover & Fashion Enthusiast. Interest in Technology and Photography.🧐","[{'start': 3, 'end': 19, 'username': 'ItsSaadChaudhry', 'id': '1007632900781740034'}, {'start': 50, 'end': 65, 'username': 'realamberheard', 'id': '807003567605227520'}]"
"[{'type': 'retweeted', 'id': '1053307961471393793'}]",1053361460741574656,en,RT @ItsSaadChaudhry: Powerful and inspiring voice @realamberheard at the #OYW2018 summit where there are some of the world's brightest mind…,2018-10-19T19:05:17.000Z,Twitter for Android,840671280399568896,"[{'start': 73, 'end': 81, 'tag': 'OYW2018'}]",,3,0,0,0,"[{'start': 1, 'end': 15, 'username': 'OneYoungWorld', 'id': '19087563'}]","[{'start': 181, 'end': 189, 'tag': 'OYW2018'}, {'start': 190, 'end': 202, 'tag': 'freeloujain'}]","[{'start': 203, 'end': 226, 'url': 'https://t.co/SGFEcTjtKT', 'expanded_url': 'https://twitter.com/realamberheard/status/1053300982505967616/photo/1', 'display_url': 'pic.twitter.com/SGFEcTjtKT'}]",1053300982505967616,en,⁦@OneYoungWorld⁩ in The Hague. Speaking with young thinkers and leaders from around the world about the issues of today and the how we create Our tomorrow.  Feel honored to be here #OYW2018 #freeloujain https://t.co/SGFEcTjtKT,2018-10-19T15:04:58.000Z,Twitter for iPad,807003567605227520,47,11,242,3,190361,220,1150,566,2016-12-08T23:26:58.000Z,807003567605227520,"Los Angeles, CA",Amber Heard,https://pbs.twimg.com/profile_images/1383196364792680448/N8CdupEu_normal.jpg,realamberheard,https://t.co/Ze18Ek9SOI,"Actor and Activist, semi-professional disruptor, ice cream advocate and shameless teacup yorkie-lover",1009,875,63928,13,2017-03-11T21:10:26.000Z,840671280399568896,Youtube: Izzylovelace,Dawn Granger's gf,https://pbs.twimg.com/profile_images/1261708982286258178/oBDrGJrW_normal.jpg,alberaudeskid,https://t.co/KzAMdR9Ns6,For being you. Tayna - 24 - Female - Cis - Animal lover 🐤🐶 Vidder,"[{'start': 3, 'end': 19, 'username': 'ItsSaadChaudhry', 'id': '1007632900781740034'}, {'start': 50, 'end': 65, 'username': 'realamberheard', 'id': '807003567605227520'}]"
"[{'type': 'retweeted', 'id': '1053307961471393793'}]",1053334793411330048,en,RT @ItsSaadChaudhry: Powerful and inspiring voice @realamberheard at the #OYW2018 summit where there are some of the world's brightest mind…,2018-10-19T17:19:19.000Z,Twitter Web Client,808741008984969217,"[{'start': 73, 'end': 81, 'tag': 'OYW2018'}]",,3,0,0,0,"[{'start': 1, 'end': 15, 'username': 'OneYoungWorld', 'id': '19087563'}]","[{'start': 181, 'end': 189, 'tag': 'OYW2018'}, {'start': 190, 'end': 202, 'tag': 'freeloujain'}]","[{'start': 203, 'end': 226, 'url': 'https://t.co/SGFEcTjtKT', 'expanded_url': 'https://twitter.com/realamberheard/status/1053300982505967616/photo/1', 'display_url': 'pic.twitter.com/SGFEcTjtKT'}]",1053300982505967616,en,⁦@OneYoungWorld⁩ in The Hague. Speaking with young thinkers and leaders from around the world about the issues of today and the how we create Our tomorrow.  Feel honored to be here #OYW2018 #freeloujain https://t.co/SGFEcTjtKT,2018-10-19T15:04:58.000Z,Twitter for iPad,807003567605227520,47,11,242,3,190361,220,1150,566,2016-12-08T23:26:58.000Z,807003567605227520,"Los Angeles, CA",Amber Heard,https://pbs.twimg.com/profile_images/1383196364792680448/N8CdupEu_normal.jpg,realamberheard,https://t.co/Ze18Ek9SOI,"Actor and Activist, semi-professional disruptor, ice cream advocate and shameless teacup yorkie-lover",14,184,287,0,2016-12-13T18:30:57.000Z,808741008984969217,United States,Amy Techiosity,https://pbs.twimg.com/profile_images/1051897656077889536/MtSfe3B9_normal.jpg,Techiosity,,"From past to the future technology and reviews. Covers #Tech 👩‍💻, #Fashion 👗👠, #Startup 🚀, #Wisdom, #Travel 🌴, #Robotics 🤖, #AI, #Android 📱, #videogames 🎮","[{'start': 3, 'end': 19, 'username': 'ItsSaadChaudhry', 'id': '1007632900781740034'}, {'start': 50, 'end': 65, 'username': 'realamberheard', 'id': '807003567605227520'}]"
"[{'type': 'quoted', 'id': '1053300982505967616'}]",1053307961471393793,en,"Powerful and inspiring voice @realamberheard at the #OYW2018 summit where there are some of the world's brightest minds including world leaders, corporate icons and #OYW Ambassadors. Wonderful initiative taken @OneYoungWorld by @kateatoyw and @davidjonesOYW, Well done 👍 https://t.co/eTBoPBtwvM",2018-10-19T15:32:42.000Z,Twitter for Android,1007632900781740034,"[{'start': 52, 'end': 60, 'tag': 'OYW2018'}, {'start': 165, 'end': 169, 'tag': 'OYW'}]","[{'start': 271, 'end': 294, 'url': 'https://t.co/eTBoPBtwvM', 'expanded_url': 'https://twitter.com/realamberheard/status/1053300982505967616', 'display_url': 'twitter.com/realamberheard…'}]",3,0,4,0,"[{'start': 1, 'end': 15, 'username': 'OneYoungWorld', 'id': '19087563'}]","[{'start': 181, 'end': 189, 'tag': 'OYW2018'}, {'start': 190, 'end': 202, 'tag': 'freeloujain'}]","[{'start': 203, 'end': 226, 'url': 'https://t.co/SGFEcTjtKT', 'expanded_url': 'https://twitter.com/realamberheard/status/1053300982505967616/photo/1', 'display_url': 'pic.twitter.com/SGFEcTjtKT'}]",1053300982505967616,en,⁦@OneYoungWorld⁩ in The Hague. Speaking with young thinkers and leaders from around the world about the issues of today and the how we create Our tomorrow.  Feel honored to be here #OYW2018 #freeloujain https://t.co/SGFEcTjtKT,2018-10-19T15:04:58.000Z,Twitter for iPad,807003567605227520,47,11,242,3,190361,220,1150,566,2016-12-08T23:26:58.000Z,807003567605227520,"Los Angeles, CA",Amber Heard,https://pbs.twimg.com/profile_images/1383196364792680448/N8CdupEu_normal.jpg,realamberheard,https://t.co/Ze18Ek9SOI,"Actor and Activist, semi-professional disruptor, ice cream advocate and shameless teacup yorkie-lover",42,42,1748,0,2018-06-15T14:36:19.000Z,1007632900781740034,United States,Saad Chaudhry,https://pbs.twimg.com/profile_images/1042475886354853888/19WH3ADb_normal.jpg,ItsSaadChaudhry,,"A Dreamer.. Achiever.. Young Entrepreneur. Writer, Music Lover & Fashion Enthusiast. Interest in Technology and Photography.🧐","[{'start': 29, 'end': 44, 'username': 'realamberheard', 'id': '807003567605227520'}, {'start': 210, 'end': 224, 'username': 'OneYoungWorld', 'id': '19087563'}, {'start': 228, 'end': 238, 'username': 'kateatoyw', 'id': '23928961'}, {'start': 243, 'end': 257, 'username': 'davidjonesOYW', 'id': '90617595'}]"
