lang,id,text,created_at,author_id,source,referenced_tweets,entities.urls,public_metrics.retweet_count,public_metrics.reply_count,public_metrics.like_count,public_metrics.quote_count,quoted_tweet.entities.urls,quoted_tweet.lang,quoted_tweet.id,quoted_tweet.text,quoted_tweet.created_at,quoted_tweet.public_metrics.retweet_count,quoted_tweet.public_metrics.reply_count,quoted_tweet.public_metrics.like_count,quoted_tweet.public_metrics.quote_count,quoted_tweet.author_id,quoted_tweet.source,quoted_tweet.author.location,quoted_tweet.author.profile_image_url,quoted_tweet.author.id,quoted_tweet.author.name,quoted_tweet.author.created_at,quoted_tweet.author.username,quoted_tweet.author.url,quoted_tweet.author.description,quoted_tweet.author.public_metrics.followers_count,quoted_tweet.author.public_metrics.following_count,quoted_tweet.author.public_metrics.tweet_count,quoted_tweet.author.public_metrics.listed_count,author.location,author.profile_image_url,author.id,author.name,author.created_at,author.username,author.url,author.description,author.public_metrics.followers_count,author.public_metrics.following_count,author.public_metrics.tweet_count,author.public_metrics.listed_count
ar,1053319093179351040,حبيت النسويات الصدق https://t.co/SqGy0s0zeF,2018-10-19T16:16:56.000Z,1030889025815683072,Tweetbot for iΟS,"[{'type': 'quoted', 'id': '1053312151543267330'}]","[{'start': 20, 'end': 43, 'url': 'https://t.co/SqGy0s0zeF', 'expanded_url': 'https://twitter.com/realamberheard/status/1053312151543267330', 'display_url': 'twitter.com/realamberheard…'}]",0,0,0,0,"[{'start': 0, 'end': 23, 'url': 'https://t.co/9YP90qiS60', 'expanded_url': 'https://news.sky.com/video/amber-heard-on-gender-branding-and-feminism-11528853', 'display_url': 'news.sky.com/video/amber-he…', 'images': [{'url': 'https://pbs.twimg.com/news_img/1497681167562256396/HlsC_D61?format=jpg&name=orig', 'width': 768, 'height': 432}, {'url': 'https://pbs.twimg.com/news_img/1497681167562256396/HlsC_D61?format=jpg&name=150x150', 'width': 150, 'height': 150}], 'status': 200, 'title': 'Amber Heard on gender identity and feminism', 'description': 'Actress and activist Amber Heard speaks to Sky News about feminism and exploring the metaphorical idea of ""her-story"" alongside history.', 'unwound_url': 'https://news.sky.com/video/amber-heard-on-gender-branding-and-feminism-11528853'}, {'start': 24, 'end': 47, 'url': 'https://t.co/zOhodrxTnj', 'expanded_url': 'https://twitter.com/realamberheard/status/1053312151543267330/photo/1', 'display_url': 'pic.twitter.com/zOhodrxTnj'}]",und,1053312151543267330,https://t.co/9YP90qiS60 https://t.co/zOhodrxTnj,2018-10-19T15:49:21.000Z,55,28,655,3,807003567605227520,Twitter for iPad,"Los Angeles, CA",https://pbs.twimg.com/profile_images/1383196364792680448/N8CdupEu_normal.jpg,807003567605227520,Amber Heard,2016-12-08T23:26:58.000Z,realamberheard,https://t.co/Ze18Ek9SOI,"Actor and Activist, semi-professional disruptor, ice cream advocate and shameless teacup yorkie-lover",190361,220,1150,566,The Great Kingdom of Saudi Arabia,https://pbs.twimg.com/profile_images/1453610139953606658/BcSBU6HZ_normal.jpg,1030889025815683072,Just Faisal 🇸🇦🇸🇦 #MBS,2018-08-18T18:47:51.000Z,Spark93e,,"نبي لم يوحى إليه

@NUFC @PIF_en @KingSalman",7363,1740,17154,8
en,1053315037425737728,"Any, who do recognize my Wife, code Yellow? https://t.co/LdO7KnYpEr",2018-10-19T16:00:49.000Z,782292983530000384,Twitter Web Client,"[{'type': 'quoted', 'id': '1053312151543267330'}]","[{'start': 44, 'end': 67, 'url': 'https://t.co/LdO7KnYpEr', 'expanded_url': 'https://twitter.com/realamberheard/status/1053312151543267330', 'display_url': 'twitter.com/realamberheard…'}]",0,1,0,0,"[{'start': 0, 'end': 23, 'url': 'https://t.co/9YP90qiS60', 'expanded_url': 'https://news.sky.com/video/amber-heard-on-gender-branding-and-feminism-11528853', 'display_url': 'news.sky.com/video/amber-he…', 'images': [{'url': 'https://pbs.twimg.com/news_img/1497681167562256396/HlsC_D61?format=jpg&name=orig', 'width': 768, 'height': 432}, {'url': 'https://pbs.twimg.com/news_img/1497681167562256396/HlsC_D61?format=jpg&name=150x150', 'width': 150, 'height': 150}], 'status': 200, 'title': 'Amber Heard on gender identity and feminism', 'description': 'Actress and activist Amber Heard speaks to Sky News about feminism and exploring the metaphorical idea of ""her-story"" alongside history.', 'unwound_url': 'https://news.sky.com/video/amber-heard-on-gender-branding-and-feminism-11528853'}, {'start': 24, 'end': 47, 'url': 'https://t.co/zOhodrxTnj', 'expanded_url': 'https://twitter.com/realamberheard/status/1053312151543267330/photo/1', 'display_url': 'pic.twitter.com/zOhodrxTnj'}]",und,1053312151543267330,https://t.co/9YP90qiS60 https://t.co/zOhodrxTnj,2018-10-19T15:49:21.000Z,55,28,655,3,807003567605227520,Twitter for iPad,"Los Angeles, CA",https://pbs.twimg.com/profile_images/1383196364792680448/N8CdupEu_normal.jpg,807003567605227520,Amber Heard,2016-12-08T23:26:58.000Z,realamberheard,https://t.co/Ze18Ek9SOI,"Actor and Activist, semi-professional disruptor, ice cream advocate and shameless teacup yorkie-lover",190361,220,1150,566,Worldwide,https://pbs.twimg.com/profile_images/1122543085966196738/0TGPdI0Q_normal.jpg,782292983530000384,José Catarino 隠ネ衛,2016-10-01T18:55:56.000Z,TheGate_tweet,,The inevitable inevitability 🧛‍♂️,55,127,24796,3
