author_id,created_at,text,source,referenced_tweets,lang,id,entities.mentions,entities.annotations,entities.urls,public_metrics.retweet_count,public_metrics.reply_count,public_metrics.like_count,public_metrics.quote_count,quoted_tweet.author_id,quoted_tweet.entities.mentions,quoted_tweet.entities.annotations,quoted_tweet.created_at,quoted_tweet.public_metrics.retweet_count,quoted_tweet.public_metrics.reply_count,quoted_tweet.public_metrics.like_count,quoted_tweet.public_metrics.quote_count,quoted_tweet.text,quoted_tweet.source,quoted_tweet.lang,quoted_tweet.id,quoted_tweet.author.username,quoted_tweet.author.id,quoted_tweet.author.profile_image_url,quoted_tweet.author.name,quoted_tweet.author.created_at,quoted_tweet.author.public_metrics.followers_count,quoted_tweet.author.public_metrics.following_count,quoted_tweet.author.public_metrics.tweet_count,quoted_tweet.author.public_metrics.listed_count,quoted_tweet.author.location,quoted_tweet.author.description,quoted_tweet.author.url,author.username,author.id,author.profile_image_url,author.name,author.created_at,author.public_metrics.followers_count,author.public_metrics.following_count,author.public_metrics.tweet_count,author.public_metrics.listed_count,author.location,author.description,author.url
192709333,2018-10-27T18:50:05.000Z,RT @uprisingenvoys: Amber and Beto in my city???? https://t.co/G5WMwb7LIx,Twitter for iPhone,"[{'type': 'retweeted', 'id': '1056252177952530432'}]",en,1056256738100428800,"[{'start': 3, 'end': 18, 'username': 'uprisingenvoys', 'id': '284750812'}]","[{'start': 20, 'end': 24, 'probability': 0.9925, 'type': 'Person', 'normalized_text': 'Amber'}, {'start': 30, 'end': 33, 'probability': 0.9951, 'type': 'Person', 'normalized_text': 'Beto'}]","[{'start': 50, 'end': 73, 'url': 'https://t.co/G5WMwb7LIx', 'expanded_url': 'https://twitter.com/realamberheard/status/1056168356716445697', 'display_url': 'twitter.com/realamberheard…'}]",1,0,0,0,807003567605227520,"[{'start': 89, 'end': 101, 'username': 'BetoORourke', 'id': '342863309'}]","[{'start': 13, 'end': 18, 'probability': 0.9493, 'type': 'Place', 'normalized_text': 'Dallas'}, {'start': 43, 'end': 47, 'probability': 0.9388, 'type': 'Place', 'normalized_text': 'Texas'}]",2018-10-27T12:58:53.000Z,36,16,331,3,On my way to Dallas to show my support for Texas’ hope for change and true leadership in @BetoORourke,Twitter for iPhone,en,1056168356716445697,realamberheard,807003567605227520,https://pbs.twimg.com/profile_images/1383196364792680448/N8CdupEu_normal.jpg,Amber Heard,2016-12-08T23:26:58.000Z,190361,220,1150,566,"Los Angeles, CA","Actor and Activist, semi-professional disruptor, ice cream advocate and shameless teacup yorkie-lover",https://t.co/Ze18Ek9SOI,filmzkldin,192709333,https://pbs.twimg.com/profile_images/1489470738658639876/yQIEHuAK_normal.jpg,Cass™,2010-09-19T23:03:37.000Z,1364,208,66941,26,get well soon jongin ♡,i like cinema + kim kai.,https://t.co/RDgt2CmvnY
284750812,2018-10-27T18:31:58.000Z,Amber and Beto in my city???? https://t.co/G5WMwb7LIx,Twitter for iPhone,"[{'type': 'quoted', 'id': '1056168356716445697'}]",en,1056252177952530432,,"[{'start': 0, 'end': 4, 'probability': 0.9912, 'type': 'Person', 'normalized_text': 'Amber'}, {'start': 10, 'end': 13, 'probability': 0.9819, 'type': 'Person', 'normalized_text': 'Beto'}]","[{'start': 30, 'end': 53, 'url': 'https://t.co/G5WMwb7LIx', 'expanded_url': 'https://twitter.com/realamberheard/status/1056168356716445697', 'display_url': 'twitter.com/realamberheard…'}]",1,0,2,0,807003567605227520,"[{'start': 89, 'end': 101, 'username': 'BetoORourke', 'id': '342863309'}]","[{'start': 13, 'end': 18, 'probability': 0.9493, 'type': 'Place', 'normalized_text': 'Dallas'}, {'start': 43, 'end': 47, 'probability': 0.9388, 'type': 'Place', 'normalized_text': 'Texas'}]",2018-10-27T12:58:53.000Z,36,16,331,3,On my way to Dallas to show my support for Texas’ hope for change and true leadership in @BetoORourke,Twitter for iPhone,en,1056168356716445697,realamberheard,807003567605227520,https://pbs.twimg.com/profile_images/1383196364792680448/N8CdupEu_normal.jpg,Amber Heard,2016-12-08T23:26:58.000Z,190361,220,1150,566,"Los Angeles, CA","Actor and Activist, semi-professional disruptor, ice cream advocate and shameless teacup yorkie-lover",https://t.co/Ze18Ek9SOI,uprisingenvoys,284750812,https://pbs.twimg.com/profile_images/1440721289757401090/ReGDUL13_normal.jpg,riddle me this❔,2011-04-19T22:18:44.000Z,705,185,78636,20,🏳️‍🌈✊🏾✍🏾,"there is no escape, we pay for the violence of our ancestors~ dune",https://t.co/dbGUqjtb9R
343728470,2018-10-27T13:21:47.000Z,I'll keep an eye out for you! https://t.co/RtIrDYFxs5,Twitter for Android,"[{'type': 'quoted', 'id': '1056168356716445697'}]",en,1056174121267142656,,,"[{'start': 30, 'end': 53, 'url': 'https://t.co/RtIrDYFxs5', 'expanded_url': 'https://twitter.com/realamberheard/status/1056168356716445697', 'display_url': 'twitter.com/realamberheard…'}]",0,0,0,0,807003567605227520,"[{'start': 89, 'end': 101, 'username': 'BetoORourke', 'id': '342863309'}]","[{'start': 13, 'end': 18, 'probability': 0.9493, 'type': 'Place', 'normalized_text': 'Dallas'}, {'start': 43, 'end': 47, 'probability': 0.9388, 'type': 'Place', 'normalized_text': 'Texas'}]",2018-10-27T12:58:53.000Z,36,16,331,3,On my way to Dallas to show my support for Texas’ hope for change and true leadership in @BetoORourke,Twitter for iPhone,en,1056168356716445697,realamberheard,807003567605227520,https://pbs.twimg.com/profile_images/1383196364792680448/N8CdupEu_normal.jpg,Amber Heard,2016-12-08T23:26:58.000Z,190361,220,1150,566,"Los Angeles, CA","Actor and Activist, semi-professional disruptor, ice cream advocate and shameless teacup yorkie-lover",https://t.co/Ze18Ek9SOI,BeXSive,343728470,https://pbs.twimg.com/profile_images/777196896490184704/RSG-6XX5_normal.jpg,Be XSive,2011-07-28T00:21:49.000Z,152,116,37613,0,,"Creating and demonstrating value.
Getter and doer of 'it'",
846920496897806336,2018-10-27T13:06:04.000Z,So to who else can I be married in my fantasy life? https://t.co/aJuGsZpkIw,Twitter Web App,"[{'type': 'quoted', 'id': '1056168356716445697'}]",en,1056170164494962689,,,"[{'start': 52, 'end': 75, 'url': 'https://t.co/aJuGsZpkIw', 'expanded_url': 'https://twitter.com/realamberheard/status/1056168356716445697', 'display_url': 'twitter.com/realamberheard…'}]",0,0,0,0,807003567605227520,"[{'start': 89, 'end': 101, 'username': 'BetoORourke', 'id': '342863309'}]","[{'start': 13, 'end': 18, 'probability': 0.9493, 'type': 'Place', 'normalized_text': 'Dallas'}, {'start': 43, 'end': 47, 'probability': 0.9388, 'type': 'Place', 'normalized_text': 'Texas'}]",2018-10-27T12:58:53.000Z,36,16,331,3,On my way to Dallas to show my support for Texas’ hope for change and true leadership in @BetoORourke,Twitter for iPhone,en,1056168356716445697,realamberheard,807003567605227520,https://pbs.twimg.com/profile_images/1383196364792680448/N8CdupEu_normal.jpg,Amber Heard,2016-12-08T23:26:58.000Z,190361,220,1150,566,"Los Angeles, CA","Actor and Activist, semi-professional disruptor, ice cream advocate and shameless teacup yorkie-lover",https://t.co/Ze18Ek9SOI,TaxationIsLame,846920496897806336,https://pbs.twimg.com/profile_images/1430653177678925826/aWe1N62X_normal.jpg,Ashley Dionne,2017-03-29T03:02:36.000Z,630,1783,20605,8,"Michigan, USA","I'm Ash. I'm a freedom-loving American.🇺🇸 🇮🇱
https://t.co/4q74Hgbhoo…
Youtube: AshTheMovieGeek|",
