source,text,author_id,lang,created_at,id,referenced_tweets,public_metrics.retweet_count,public_metrics.reply_count,public_metrics.like_count,public_metrics.quote_count,entities.urls,quoted_tweet.public_metrics.retweet_count,quoted_tweet.public_metrics.reply_count,quoted_tweet.public_metrics.like_count,quoted_tweet.public_metrics.quote_count,quoted_tweet.source,quoted_tweet.entities.urls,quoted_tweet.entities.mentions,quoted_tweet.text,quoted_tweet.author_id,quoted_tweet.lang,quoted_tweet.created_at,quoted_tweet.id,quoted_tweet.author.username,quoted_tweet.author.location,quoted_tweet.author.description,quoted_tweet.author.id,quoted_tweet.author.url,quoted_tweet.author.profile_image_url,quoted_tweet.author.name,quoted_tweet.author.public_metrics.followers_count,quoted_tweet.author.public_metrics.following_count,quoted_tweet.author.public_metrics.tweet_count,quoted_tweet.author.public_metrics.listed_count,quoted_tweet.author.created_at,author.username,author.location,author.description,author.id,author.url,author.profile_image_url,author.name,author.public_metrics.followers_count,author.public_metrics.following_count,author.public_metrics.tweet_count,author.public_metrics.listed_count,author.created_at,entities.annotations
Twitter Web Client,"Feet in the...what are you even saying?

Women's rights are under attack from you. https://t.co/T62esau8O5",2465079218,en,2018-11-09T13:31:47.000Z,1060887676327485440,"[{'type': 'quoted', 'id': '1060727521103265792'}]",0,0,2,0,"[{'start': 83, 'end': 106, 'url': 'https://t.co/T62esau8O5', 'expanded_url': 'https://twitter.com/realamberheard/status/1060727521103265792', 'display_url': 'twitter.com/realamberheard…'}]",26,10,146,2,Twitter for iPhone,"[{'start': 225, 'end': 248, 'url': 'https://t.co/QqGuOeYNpd', 'expanded_url': 'https://www.instagram.com/p/Bp8KDgunLul/?utm_source=ig_share_sheet&igshid=1en0cj721b1zx', 'display_url': 'instagram.com/p/Bp8KDgunLul/…', 'status': 200, 'unwound_url': 'https://www.instagram.com/p/Bp8KDgunLul/?utm_source=ig_share_sheet&igshid=1en0cj721b1zx'}]","[{'start': 217, 'end': 222, 'username': 'ACLU', 'id': '13393052'}]","Women’s rights continue to be under attack and in the hands of certain men who seek to weigh in on our freedoms. Unless you’ve had your feet in the stirrups, it ain’t your business... sisters, spread the word. Thnx ⁦⁦@ACLU⁩  https://t.co/QqGuOeYNpd",807003567605227520,en,2018-11-09T02:55:23.000Z,1060727521103265792,realamberheard,"Los Angeles, CA","Actor and Activist, semi-professional disruptor, ice cream advocate and shameless teacup yorkie-lover",807003567605227520,https://t.co/Ze18Ek9SOI,https://pbs.twimg.com/profile_images/1383196364792680448/N8CdupEu_normal.jpg,Amber Heard,190359,220,1150,566,2016-12-08T23:26:58.000Z,reineyelah,on the precipice.,classic lara croft supremacy. i fucking love you for hating me. wife to noodle. #justiceforjohnnydepp #justiceforsurvivors #istandwithjkrowling,2465079218,https://t.co/imzbQnpaXH,https://pbs.twimg.com/profile_images/1506624478310191113/EEpjan86_normal.jpg,not haley,1594,223,37208,3,2014-04-26T20:16:57.000Z,
Twitter for Android,I'm sure she's talking about women in third world countries and not in Hollywood https://t.co/vsP0fuphP0,1295911188,en,2018-11-09T03:11:53.000Z,1060731675011960832,"[{'type': 'quoted', 'id': '1060727521103265792'}]",0,0,0,0,"[{'start': 81, 'end': 104, 'url': 'https://t.co/vsP0fuphP0', 'expanded_url': 'https://twitter.com/realamberheard/status/1060727521103265792', 'display_url': 'twitter.com/realamberheard…'}]",26,10,146,2,Twitter for iPhone,"[{'start': 225, 'end': 248, 'url': 'https://t.co/QqGuOeYNpd', 'expanded_url': 'https://www.instagram.com/p/Bp8KDgunLul/?utm_source=ig_share_sheet&igshid=1en0cj721b1zx', 'display_url': 'instagram.com/p/Bp8KDgunLul/…', 'status': 200, 'unwound_url': 'https://www.instagram.com/p/Bp8KDgunLul/?utm_source=ig_share_sheet&igshid=1en0cj721b1zx'}]","[{'start': 217, 'end': 222, 'username': 'ACLU', 'id': '13393052'}]","Women’s rights continue to be under attack and in the hands of certain men who seek to weigh in on our freedoms. Unless you’ve had your feet in the stirrups, it ain’t your business... sisters, spread the word. Thnx ⁦⁦@ACLU⁩  https://t.co/QqGuOeYNpd",807003567605227520,en,2018-11-09T02:55:23.000Z,1060727521103265792,realamberheard,"Los Angeles, CA","Actor and Activist, semi-professional disruptor, ice cream advocate and shameless teacup yorkie-lover",807003567605227520,https://t.co/Ze18Ek9SOI,https://pbs.twimg.com/profile_images/1383196364792680448/N8CdupEu_normal.jpg,Amber Heard,190359,220,1150,566,2016-12-08T23:26:58.000Z,MOVIESTVMAD,Cyprus,ayia Napa reality star I write direct and star in my own plays here in Cyprus I'm still seeing a shrink after 6 months in Hollywood 🤣,1295911188,,https://pbs.twimg.com/profile_images/1357986248347029507/kG9CMYy5_normal.jpg,Mick minas,1616,3752,476375,65,2013-03-24T16:59:44.000Z,"[{'start': 71, 'end': 79, 'probability': 0.9706, 'type': 'Place', 'normalized_text': 'Hollywood'}]"
