source,referenced_tweets,author_id,id,created_at,text,lang,entities.urls,public_metrics.retweet_count,public_metrics.reply_count,public_metrics.like_count,public_metrics.quote_count,quoted_tweet.source,quoted_tweet.author_id,quoted_tweet.id,quoted_tweet.entities.urls,quoted_tweet.entities.hashtags,quoted_tweet.entities.mentions,quoted_tweet.created_at,quoted_tweet.public_metrics.retweet_count,quoted_tweet.public_metrics.reply_count,quoted_tweet.public_metrics.like_count,quoted_tweet.public_metrics.quote_count,quoted_tweet.text,quoted_tweet.lang,quoted_tweet.author.description,quoted_tweet.author.profile_image_url,quoted_tweet.author.name,quoted_tweet.author.id,quoted_tweet.author.created_at,quoted_tweet.author.url,quoted_tweet.author.public_metrics.followers_count,quoted_tweet.author.public_metrics.following_count,quoted_tweet.author.public_metrics.tweet_count,quoted_tweet.author.public_metrics.listed_count,quoted_tweet.author.location,quoted_tweet.author.username,author.description,author.profile_image_url,author.name,author.id,author.created_at,author.url,author.public_metrics.followers_count,author.public_metrics.following_count,author.public_metrics.tweet_count,author.public_metrics.listed_count,author.location,author.username
Twitter for iPhone,"[{'type': 'quoted', 'id': '1067459861640822789'}]",2886782210,1083983867936231424,2019-01-12T07:07:48.000Z,Ugh my wife is such a queen https://t.co/hfsslj0mI5,en,"[{'start': 28, 'end': 51, 'url': 'https://t.co/hfsslj0mI5', 'expanded_url': 'https://twitter.com/realamberheard/status/1067459861640822789', 'display_url': 'twitter.com/realamberheard…'}]",0,0,0,0,Twitter for iPhone,807003567605227520,1067459861640822789,"[{'start': 241, 'end': 264, 'url': 'https://t.co/yLMC4rtrSF', 'expanded_url': 'http://www.aclu.org/million', 'display_url': 'aclu.org/million'}, {'start': 280, 'end': 303, 'url': 'https://t.co/96yh33WKMV', 'expanded_url': 'https://twitter.com/realamberheard/status/1067459861640822789/photo/1', 'display_url': 'pic.twitter.com/96yh33WKMV'}]","[{'start': 265, 'end': 279, 'tag': 'GivingTuesday'}]","[{'start': 235, 'end': 240, 'username': 'ACLU', 'id': '13393052'}]",2018-11-27T16:47:18.000Z,97,17,521,4,"If u believe in: 
LGBTQ rts
immigrants' rts
disability rts 
the right to privacy
voting rts
ending mass incarceration
reproductive freedom 
net neutrality
police accountability
ending solitary confinement 
legalizing marijuana 
Donate @ACLU https://t.co/yLMC4rtrSF #GivingTuesday https://t.co/96yh33WKMV",en,"Actor and Activist, semi-professional disruptor, ice cream advocate and shameless teacup yorkie-lover",https://pbs.twimg.com/profile_images/1383196364792680448/N8CdupEu_normal.jpg,Amber Heard,807003567605227520,2016-12-08T23:26:58.000Z,https://t.co/Ze18Ek9SOI,190358,220,1150,566,"Los Angeles, CA",realamberheard,poetry in motion.,https://pbs.twimg.com/profile_images/1501956101180436486/pGudipO5_normal.jpg,vibrator,2886782210,2014-11-01T23:40:04.000Z,https://t.co/BgZs00kncA,1971,1631,8015,1,university of houston ,etaaamez
Twitter for iPhone,"[{'type': 'quoted', 'id': '1067459861640822789'}]",1016126101058400256,1067607991497736192,2018-11-28T02:35:55.000Z,presidente https://t.co/gN1npjMVrH,es,"[{'start': 11, 'end': 34, 'url': 'https://t.co/gN1npjMVrH', 'expanded_url': 'https://twitter.com/realamberheard/status/1067459861640822789', 'display_url': 'twitter.com/realamberheard…'}]",0,0,0,0,Twitter for iPhone,807003567605227520,1067459861640822789,"[{'start': 241, 'end': 264, 'url': 'https://t.co/yLMC4rtrSF', 'expanded_url': 'http://www.aclu.org/million', 'display_url': 'aclu.org/million'}, {'start': 280, 'end': 303, 'url': 'https://t.co/96yh33WKMV', 'expanded_url': 'https://twitter.com/realamberheard/status/1067459861640822789/photo/1', 'display_url': 'pic.twitter.com/96yh33WKMV'}]","[{'start': 265, 'end': 279, 'tag': 'GivingTuesday'}]","[{'start': 235, 'end': 240, 'username': 'ACLU', 'id': '13393052'}]",2018-11-27T16:47:18.000Z,97,17,521,4,"If u believe in: 
LGBTQ rts
immigrants' rts
disability rts 
the right to privacy
voting rts
ending mass incarceration
reproductive freedom 
net neutrality
police accountability
ending solitary confinement 
legalizing marijuana 
Donate @ACLU https://t.co/yLMC4rtrSF #GivingTuesday https://t.co/96yh33WKMV",en,"Actor and Activist, semi-professional disruptor, ice cream advocate and shameless teacup yorkie-lover",https://pbs.twimg.com/profile_images/1383196364792680448/N8CdupEu_normal.jpg,Amber Heard,807003567605227520,2016-12-08T23:26:58.000Z,https://t.co/Ze18Ek9SOI,190358,220,1150,566,"Los Angeles, CA",realamberheard,i love ritalin and i have low self esteem,https://pbs.twimg.com/profile_images/1436135224648339456/JTfnhc78_normal.jpg,haytrid hoe,1016126101058400256,2018-07-09T01:05:15.000Z,,51,81,31718,0,istp,aprilrudgate
Twitter for iPhone,"[{'type': 'quoted', 'id': '1067459861640822789'}]",3064693758,1067466410626961408,2018-11-27T17:13:19.000Z,i dont know a better person https://t.co/RuPbFvk2hK,en,"[{'start': 28, 'end': 51, 'url': 'https://t.co/RuPbFvk2hK', 'expanded_url': 'https://twitter.com/realamberheard/status/1067459861640822789', 'display_url': 'twitter.com/realamberheard…'}]",0,0,0,0,Twitter for iPhone,807003567605227520,1067459861640822789,"[{'start': 241, 'end': 264, 'url': 'https://t.co/yLMC4rtrSF', 'expanded_url': 'http://www.aclu.org/million', 'display_url': 'aclu.org/million'}, {'start': 280, 'end': 303, 'url': 'https://t.co/96yh33WKMV', 'expanded_url': 'https://twitter.com/realamberheard/status/1067459861640822789/photo/1', 'display_url': 'pic.twitter.com/96yh33WKMV'}]","[{'start': 265, 'end': 279, 'tag': 'GivingTuesday'}]","[{'start': 235, 'end': 240, 'username': 'ACLU', 'id': '13393052'}]",2018-11-27T16:47:18.000Z,97,17,521,4,"If u believe in: 
LGBTQ rts
immigrants' rts
disability rts 
the right to privacy
voting rts
ending mass incarceration
reproductive freedom 
net neutrality
police accountability
ending solitary confinement 
legalizing marijuana 
Donate @ACLU https://t.co/yLMC4rtrSF #GivingTuesday https://t.co/96yh33WKMV",en,"Actor and Activist, semi-professional disruptor, ice cream advocate and shameless teacup yorkie-lover",https://pbs.twimg.com/profile_images/1383196364792680448/N8CdupEu_normal.jpg,Amber Heard,807003567605227520,2016-12-08T23:26:58.000Z,https://t.co/Ze18Ek9SOI,190358,220,1150,566,"Los Angeles, CA",realamberheard,"sometimes when i have no life i log in here to scream about women, comics, taylor swift and blackpink",https://pbs.twimg.com/profile_images/1499552516752969730/7kadWKOD_normal.jpg,hannah,3064693758,2015-03-06T12:00:14.000Z,https://t.co/ZrgQY6PIxp,3569,399,79835,54,she/her. dc|hp|sw|comics|film,swiftywayne
