referenced_tweets,id,created_at,text,author_id,lang,source,entities.urls,public_metrics.retweet_count,public_metrics.reply_count,public_metrics.like_count,public_metrics.quote_count,quoted_tweet.entities.urls,quoted_tweet.entities.mentions,quoted_tweet.id,quoted_tweet.created_at,quoted_tweet.text,quoted_tweet.public_metrics.retweet_count,quoted_tweet.public_metrics.reply_count,quoted_tweet.public_metrics.like_count,quoted_tweet.public_metrics.quote_count,quoted_tweet.author_id,quoted_tweet.lang,quoted_tweet.source,quoted_tweet.author.public_metrics.followers_count,quoted_tweet.author.public_metrics.following_count,quoted_tweet.author.public_metrics.tweet_count,quoted_tweet.author.public_metrics.listed_count,quoted_tweet.author.created_at,quoted_tweet.author.name,quoted_tweet.author.username,quoted_tweet.author.profile_image_url,quoted_tweet.author.location,quoted_tweet.author.id,quoted_tweet.author.url,quoted_tweet.author.description,author.public_metrics.followers_count,author.public_metrics.following_count,author.public_metrics.tweet_count,author.public_metrics.listed_count,author.created_at,author.name,author.username,author.profile_image_url,author.location,author.id,author.url,author.description
"[{'type': 'quoted', 'id': '1068220086048055296'}]",1068225831108059137,2018-11-29T19:30:59.000Z,"Read this interview, she’s such a smart, humble and interesting woman committed to making a change. You all paid dust to her. https://t.co/jfZxorFjiw",413794041,en,Twitter for iPhone,"[{'start': 126, 'end': 149, 'url': 'https://t.co/jfZxorFjiw', 'expanded_url': 'https://twitter.com/realamberheard/status/1068220086048055296', 'display_url': 'twitter.com/realamberheard…'}]",0,0,1,0,"[{'start': 32, 'end': 55, 'url': 'https://t.co/iLVUUirxa7', 'expanded_url': 'https://www.glamour.com/story/amber-heard-january-2018-cover-story?mbid=social_twitter_referral', 'display_url': 'glamour.com/story/amber-he…', 'status': 200, 'unwound_url': 'https://www.glamour.com/story/amber-heard-january-2018-cover-story?mbid=social_twitter_referral'}]","[{'start': 60, 'end': 71, 'username': 'glamourmag', 'id': '19247844'}]",1068220086048055296,2018-11-29T19:08:09.000Z,That was a phase. Obviously.... https://t.co/iLVUUirxa7 via @glamourmag,47,19,432,5,807003567605227520,en,Twitter for iPad,190358,220,1150,566,2016-12-08T23:26:58.000Z,Amber Heard,realamberheard,https://pbs.twimg.com/profile_images/1383196364792680448/N8CdupEu_normal.jpg,"Los Angeles, CA",807003567605227520,https://t.co/Ze18Ek9SOI,"Actor and Activist, semi-professional disruptor, ice cream advocate and shameless teacup yorkie-lover",4521,1908,99812,19,2011-11-16T08:11:38.000Z,chiara 𓃠,airplaneoversea,https://pbs.twimg.com/profile_images/1498085433284169732/nsYdvHuA_normal.jpg,jennie kim’s sapphic agenda ,413794041,https://t.co/UgAW5IGMBa,"Did you hear about the girl who lives in delusion? She's still 23 inside her fantasy. 
// she/her // 

bp and ts enthusiast"
"[{'type': 'quoted', 'id': '1068220086048055296'}]",1068221400928976896,2018-11-29T19:13:23.000Z,eu amo muito uma mulher https://t.co/xcBJWZi9aG,61382436,pt,Twitter Web Client,"[{'start': 24, 'end': 47, 'url': 'https://t.co/xcBJWZi9aG', 'expanded_url': 'https://twitter.com/realamberheard/status/1068220086048055296', 'display_url': 'twitter.com/realamberheard…'}]",0,0,0,0,"[{'start': 32, 'end': 55, 'url': 'https://t.co/iLVUUirxa7', 'expanded_url': 'https://www.glamour.com/story/amber-heard-january-2018-cover-story?mbid=social_twitter_referral', 'display_url': 'glamour.com/story/amber-he…', 'status': 200, 'unwound_url': 'https://www.glamour.com/story/amber-heard-january-2018-cover-story?mbid=social_twitter_referral'}]","[{'start': 60, 'end': 71, 'username': 'glamourmag', 'id': '19247844'}]",1068220086048055296,2018-11-29T19:08:09.000Z,That was a phase. Obviously.... https://t.co/iLVUUirxa7 via @glamourmag,47,19,432,5,807003567605227520,en,Twitter for iPad,190358,220,1150,566,2016-12-08T23:26:58.000Z,Amber Heard,realamberheard,https://pbs.twimg.com/profile_images/1383196364792680448/N8CdupEu_normal.jpg,"Los Angeles, CA",807003567605227520,https://t.co/Ze18Ek9SOI,"Actor and Activist, semi-professional disruptor, ice cream advocate and shameless teacup yorkie-lover",604,644,122591,9,2009-07-30T03:47:26.000Z,nat,corrneliastreet,https://pbs.twimg.com/profile_images/1478874000612900866/d4XgEall_normal.jpg,,61382436,,*covers up real feelings with passive aggressive sarcasm*
"[{'type': 'quoted', 'id': '1068220086048055296'}]",1068220488927899649,2018-11-29T19:09:45.000Z,My bicon 👏🏻 https://t.co/yPolHgamrf,526991909,en,Twitter for iPhone,"[{'start': 12, 'end': 35, 'url': 'https://t.co/yPolHgamrf', 'expanded_url': 'https://twitter.com/realamberheard/status/1068220086048055296', 'display_url': 'twitter.com/realamberheard…'}]",0,0,0,0,"[{'start': 32, 'end': 55, 'url': 'https://t.co/iLVUUirxa7', 'expanded_url': 'https://www.glamour.com/story/amber-heard-january-2018-cover-story?mbid=social_twitter_referral', 'display_url': 'glamour.com/story/amber-he…', 'status': 200, 'unwound_url': 'https://www.glamour.com/story/amber-heard-january-2018-cover-story?mbid=social_twitter_referral'}]","[{'start': 60, 'end': 71, 'username': 'glamourmag', 'id': '19247844'}]",1068220086048055296,2018-11-29T19:08:09.000Z,That was a phase. Obviously.... https://t.co/iLVUUirxa7 via @glamourmag,47,19,432,5,807003567605227520,en,Twitter for iPad,190358,220,1150,566,2016-12-08T23:26:58.000Z,Amber Heard,realamberheard,https://pbs.twimg.com/profile_images/1383196364792680448/N8CdupEu_normal.jpg,"Los Angeles, CA",807003567605227520,https://t.co/Ze18Ek9SOI,"Actor and Activist, semi-professional disruptor, ice cream advocate and shameless teacup yorkie-lover",1567,284,300497,0,2012-03-17T01:54:05.000Z,herc,QueerHercules,https://pbs.twimg.com/profile_images/1409703490449031170/FtrJ8mA6_normal.jpg,she/her friends only,526991909,https://t.co/BjDNYT78Ml,"nonbinary • native • mexican • disabled • 27 • they/them • do NOT dm me, esp links..I’m broke https://t.co/Cd69MRYcBQ"
