source,referenced_tweets,author_id,id,created_at,text,lang,entities.urls,entities.hashtags,entities.mentions,public_metrics.retweet_count,public_metrics.reply_count,public_metrics.like_count,public_metrics.quote_count,quoted_tweet.source,quoted_tweet.author_id,quoted_tweet.id,quoted_tweet.entities.urls,quoted_tweet.entities.hashtags,quoted_tweet.created_at,quoted_tweet.public_metrics.retweet_count,quoted_tweet.public_metrics.reply_count,quoted_tweet.public_metrics.like_count,quoted_tweet.public_metrics.quote_count,quoted_tweet.text,quoted_tweet.lang,quoted_tweet.author.description,quoted_tweet.author.profile_image_url,quoted_tweet.author.name,quoted_tweet.author.id,quoted_tweet.author.created_at,quoted_tweet.author.url,quoted_tweet.author.public_metrics.followers_count,quoted_tweet.author.public_metrics.following_count,quoted_tweet.author.public_metrics.tweet_count,quoted_tweet.author.public_metrics.listed_count,quoted_tweet.author.location,quoted_tweet.author.username,author.description,author.profile_image_url,author.name,author.id,author.created_at,author.url,author.public_metrics.followers_count,author.public_metrics.following_count,author.public_metrics.tweet_count,author.public_metrics.listed_count,author.username,author.location,entities.annotations
Twitter for iPhone,"[{'type': 'quoted', 'id': '1068617812636241920'}]",1033449775243374592,1085932078259150848,2019-01-17T16:09:17.000Z,"This magazine is promoting #masculine blazzers 😱 Quick @Gillette, you are needed! @GadSaad they might listen to you, help 🙏 https://t.co/wGdByNyJFl",en,"[{'start': 124, 'end': 147, 'url': 'https://t.co/wGdByNyJFl', 'expanded_url': 'https://twitter.com/realamberheard/status/1068617812636241920', 'display_url': 'twitter.com/realamberheard…'}]","[{'start': 27, 'end': 37, 'tag': 'masculine'}]","[{'start': 55, 'end': 64, 'username': 'Gillette', 'id': '33522196'}, {'start': 82, 'end': 90, 'username': 'GadSaad', 'id': '116579971'}]",0,0,0,0,Twitter for iPhone,807003567605227520,1068617812636241920,"[{'start': 43, 'end': 66, 'url': 'https://t.co/giSqTHVzJz', 'expanded_url': 'https://twitter.com/realamberheard/status/1068617812636241920/photo/1', 'display_url': 'pic.twitter.com/giSqTHVzJz'}]","[{'start': 31, 'end': 42, 'tag': 'PorterEDIT'}]",2018-11-30T21:28:35.000Z,169,35,1384,13,"December 2018 | PORTER X EDIT 
#PorterEDIT https://t.co/giSqTHVzJz",pt,"Actor and Activist, semi-professional disruptor, ice cream advocate and shameless teacup yorkie-lover",https://pbs.twimg.com/profile_images/1383196364792680448/N8CdupEu_normal.jpg,Amber Heard,807003567605227520,2016-12-08T23:26:58.000Z,https://t.co/Ze18Ek9SOI,190358,220,1150,566,"Los Angeles, CA",realamberheard,"Just a regular individual interested in Space exploration, WoW, UFC, Quantitative finance and Anime...",https://pbs.twimg.com/profile_images/1157793719107706886/aC81YDE6_normal.jpg,YE,1033449775243374592,2018-08-25T20:23:21.000Z,,153,428,7294,0,ye_48966278,,
Twitter for iPhone,"[{'type': 'quoted', 'id': '1068617812636241920'}]",1686358363,1069704544718856192,2018-12-03T21:26:52.000Z,FUCK https://t.co/PYBMTWuof4,en,"[{'start': 5, 'end': 28, 'url': 'https://t.co/PYBMTWuof4', 'expanded_url': 'https://twitter.com/realamberheard/status/1068617812636241920', 'display_url': 'twitter.com/realamberheard…'}]",,,0,0,0,0,Twitter for iPhone,807003567605227520,1068617812636241920,"[{'start': 43, 'end': 66, 'url': 'https://t.co/giSqTHVzJz', 'expanded_url': 'https://twitter.com/realamberheard/status/1068617812636241920/photo/1', 'display_url': 'pic.twitter.com/giSqTHVzJz'}]","[{'start': 31, 'end': 42, 'tag': 'PorterEDIT'}]",2018-11-30T21:28:35.000Z,169,35,1384,13,"December 2018 | PORTER X EDIT 
#PorterEDIT https://t.co/giSqTHVzJz",pt,"Actor and Activist, semi-professional disruptor, ice cream advocate and shameless teacup yorkie-lover",https://pbs.twimg.com/profile_images/1383196364792680448/N8CdupEu_normal.jpg,Amber Heard,807003567605227520,2016-12-08T23:26:58.000Z,https://t.co/Ze18Ek9SOI,190358,220,1150,566,"Los Angeles, CA",realamberheard,aizawa and levi's bitch,https://pbs.twimg.com/profile_images/1430597614895046662/odtJ6TMo_normal.jpg,sarah,1686358363,2013-08-20T17:43:18.000Z,,2951,140,90309,62,aizawasuga,she/her blm,
Twitter for iPhone,"[{'type': 'quoted', 'id': '1068617812636241920'}]",1047767945605070848,1069103566487355392,2018-12-02T05:38:47.000Z,try to tell me she isn’t one of the most beautiful people alive (you can’t) https://t.co/GZO98lQXtU,en,"[{'start': 76, 'end': 99, 'url': 'https://t.co/GZO98lQXtU', 'expanded_url': 'https://twitter.com/realamberheard/status/1068617812636241920', 'display_url': 'twitter.com/realamberheard…'}]",,,0,0,0,0,Twitter for iPhone,807003567605227520,1068617812636241920,"[{'start': 43, 'end': 66, 'url': 'https://t.co/giSqTHVzJz', 'expanded_url': 'https://twitter.com/realamberheard/status/1068617812636241920/photo/1', 'display_url': 'pic.twitter.com/giSqTHVzJz'}]","[{'start': 31, 'end': 42, 'tag': 'PorterEDIT'}]",2018-11-30T21:28:35.000Z,169,35,1384,13,"December 2018 | PORTER X EDIT 
#PorterEDIT https://t.co/giSqTHVzJz",pt,"Actor and Activist, semi-professional disruptor, ice cream advocate and shameless teacup yorkie-lover",https://pbs.twimg.com/profile_images/1383196364792680448/N8CdupEu_normal.jpg,Amber Heard,807003567605227520,2016-12-08T23:26:58.000Z,https://t.co/Ze18Ek9SOI,190358,220,1150,566,"Los Angeles, CA",realamberheard,"#HARRY: — 𝐭𝐨 𝐚𝐥𝐥 𝐭𝐡𝐚𝐭 𝐢’𝐯𝐞 𝐝𝐨𝐧𝐞, 𝐭𝐡𝐞 𝐠𝐨𝐨𝐝 & 𝐭𝐡𝐞 𝐛𝐚𝐝. 𝐭𝐡𝐚𝐭 𝐢𝐬 𝐥𝐢𝐟𝐞.",https://pbs.twimg.com/profile_images/1200488258599342081/uhKUKjFu_normal.jpg,tori ✰ #HARRYSHOUSE,1047767945605070848,2018-10-04T08:38:39.000Z,https://t.co/yBv7Mg0Iff,601,684,6404,7,finelinedhs,BLACKLIVESMATTER 🌈,
Twitter for iPhone,"[{'type': 'quoted', 'id': '1068617812636241920'}]",2840615684,1068873056880340992,2018-12-01T14:22:50.000Z,good morning to me https://t.co/uBbzB7ZPrZ,en,"[{'start': 19, 'end': 42, 'url': 'https://t.co/uBbzB7ZPrZ', 'expanded_url': 'https://twitter.com/realamberheard/status/1068617812636241920', 'display_url': 'twitter.com/realamberheard…'}]",,,0,0,0,0,Twitter for iPhone,807003567605227520,1068617812636241920,"[{'start': 43, 'end': 66, 'url': 'https://t.co/giSqTHVzJz', 'expanded_url': 'https://twitter.com/realamberheard/status/1068617812636241920/photo/1', 'display_url': 'pic.twitter.com/giSqTHVzJz'}]","[{'start': 31, 'end': 42, 'tag': 'PorterEDIT'}]",2018-11-30T21:28:35.000Z,169,35,1384,13,"December 2018 | PORTER X EDIT 
#PorterEDIT https://t.co/giSqTHVzJz",pt,"Actor and Activist, semi-professional disruptor, ice cream advocate and shameless teacup yorkie-lover",https://pbs.twimg.com/profile_images/1383196364792680448/N8CdupEu_normal.jpg,Amber Heard,807003567605227520,2016-12-08T23:26:58.000Z,https://t.co/Ze18Ek9SOI,190358,220,1150,566,"Los Angeles, CA",realamberheard,"Filmmaker, FX artist. they/them",https://pbs.twimg.com/profile_images/1482154789815398402/VcBoBwxa_normal.jpg,Kal,2840615684,2014-10-04T23:44:55.000Z,https://t.co/hU3tyuZQGY,1874,335,19329,16,jnnifersbody,Devils kettle ,
Twitter Web Client,"[{'type': 'quoted', 'id': '1068617812636241920'}]",756925029477212160,1068869536835874818,2018-12-01T14:08:50.000Z,"AMBER HEARD OUT OF DEEP🧜‍♀️💚

#PorterEDIT #wearewithyouamberheard #mera #fashion #niceface #talktofish #energyvibes @realamberheard https://t.co/2l8OIyn1TV",en,"[{'start': 132, 'end': 155, 'url': 'https://t.co/2l8OIyn1TV', 'expanded_url': 'https://twitter.com/realamberheard/status/1068617812636241920', 'display_url': 'twitter.com/realamberheard…'}]","[{'start': 30, 'end': 41, 'tag': 'PorterEDIT'}, {'start': 42, 'end': 65, 'tag': 'wearewithyouamberheard'}, {'start': 66, 'end': 71, 'tag': 'mera'}, {'start': 72, 'end': 80, 'tag': 'fashion'}, {'start': 81, 'end': 90, 'tag': 'niceface'}, {'start': 91, 'end': 102, 'tag': 'talktofish'}, {'start': 103, 'end': 115, 'tag': 'energyvibes'}]","[{'start': 116, 'end': 131, 'username': 'realamberheard', 'id': '807003567605227520'}]",0,0,0,0,Twitter for iPhone,807003567605227520,1068617812636241920,"[{'start': 43, 'end': 66, 'url': 'https://t.co/giSqTHVzJz', 'expanded_url': 'https://twitter.com/realamberheard/status/1068617812636241920/photo/1', 'display_url': 'pic.twitter.com/giSqTHVzJz'}]","[{'start': 31, 'end': 42, 'tag': 'PorterEDIT'}]",2018-11-30T21:28:35.000Z,169,35,1384,13,"December 2018 | PORTER X EDIT 
#PorterEDIT https://t.co/giSqTHVzJz",pt,"Actor and Activist, semi-professional disruptor, ice cream advocate and shameless teacup yorkie-lover",https://pbs.twimg.com/profile_images/1383196364792680448/N8CdupEu_normal.jpg,Amber Heard,807003567605227520,2016-12-08T23:26:58.000Z,https://t.co/Ze18Ek9SOI,190358,220,1150,566,"Los Angeles, CA",realamberheard,"The power of Nature🌿🦍, compassion, empathy and inner stability 🧘‍♂️🤚☘🌱🎯",https://pbs.twimg.com/profile_images/1433120741826994176/HLRzVSu5_normal.jpg,Jan Borůvka,756925029477212160,2016-07-23T18:52:45.000Z,,1170,3781,8726,3,Johnny0997,Česká republika,"[{'start': 0, 'end': 4, 'probability': 0.7591, 'type': 'Person', 'normalized_text': 'AMBER'}]"
Twitter for iPhone,"[{'type': 'quoted', 'id': '1068617812636241920'}]",3085908446,1068689285958656001,2018-12-01T02:12:35.000Z,SUDDENLY I AM STRAIGHT https://t.co/YlifYSrCDS,en,"[{'start': 23, 'end': 46, 'url': 'https://t.co/YlifYSrCDS', 'expanded_url': 'https://twitter.com/realamberheard/status/1068617812636241920', 'display_url': 'twitter.com/realamberheard…'}]",,,0,0,0,0,Twitter for iPhone,807003567605227520,1068617812636241920,"[{'start': 43, 'end': 66, 'url': 'https://t.co/giSqTHVzJz', 'expanded_url': 'https://twitter.com/realamberheard/status/1068617812636241920/photo/1', 'display_url': 'pic.twitter.com/giSqTHVzJz'}]","[{'start': 31, 'end': 42, 'tag': 'PorterEDIT'}]",2018-11-30T21:28:35.000Z,169,35,1384,13,"December 2018 | PORTER X EDIT 
#PorterEDIT https://t.co/giSqTHVzJz",pt,"Actor and Activist, semi-professional disruptor, ice cream advocate and shameless teacup yorkie-lover",https://pbs.twimg.com/profile_images/1383196364792680448/N8CdupEu_normal.jpg,Amber Heard,807003567605227520,2016-12-08T23:26:58.000Z,https://t.co/Ze18Ek9SOI,190358,220,1150,566,"Los Angeles, CA",realamberheard,"kinda nsfw fan account • thats not me in the profile pic, hes @alexlandi on ig",https://pbs.twimg.com/profile_images/1390097415596740608/TUVavvY6_normal.jpg,robin,3085908446,2015-03-15T15:54:03.000Z,,17982,641,45937,29,legendpoe,,
Twitter for iPhone,"[{'type': 'quoted', 'id': '1068617812636241920'}]",80683350,1068660937568256000,2018-12-01T00:19:56.000Z,W O W literally choke me https://t.co/ZgPAeNSKc7,en,"[{'start': 25, 'end': 48, 'url': 'https://t.co/ZgPAeNSKc7', 'expanded_url': 'https://twitter.com/realamberheard/status/1068617812636241920', 'display_url': 'twitter.com/realamberheard…'}]",,,0,0,0,0,Twitter for iPhone,807003567605227520,1068617812636241920,"[{'start': 43, 'end': 66, 'url': 'https://t.co/giSqTHVzJz', 'expanded_url': 'https://twitter.com/realamberheard/status/1068617812636241920/photo/1', 'display_url': 'pic.twitter.com/giSqTHVzJz'}]","[{'start': 31, 'end': 42, 'tag': 'PorterEDIT'}]",2018-11-30T21:28:35.000Z,169,35,1384,13,"December 2018 | PORTER X EDIT 
#PorterEDIT https://t.co/giSqTHVzJz",pt,"Actor and Activist, semi-professional disruptor, ice cream advocate and shameless teacup yorkie-lover",https://pbs.twimg.com/profile_images/1383196364792680448/N8CdupEu_normal.jpg,Amber Heard,807003567605227520,2016-12-08T23:26:58.000Z,https://t.co/Ze18Ek9SOI,190358,220,1150,566,"Los Angeles, CA",realamberheard,"when life gives you lemons, make limoncello 🍋 | she/they | ♐︎☼, ♍︎☽, ♏︎↑ | enfp | twenty-four | mjg ♡🏳️‍🌈🇸🇳🇸🇻 ig:stephsfilmdiary",https://pbs.twimg.com/profile_images/1504148957404012551/ZZ5inFXt_normal.jpg,˗ˏˋ steph ˎˊ˗ ミ☆,80683350,2009-10-07T21:20:07.000Z,,1391,570,76597,16,holymolysteph,"boston, ma",
Twitter for iPhone,"[{'type': 'quoted', 'id': '1068617812636241920'}]",52346926,1068641277368049664,2018-11-30T23:01:49.000Z,So gorgeous ❤️ https://t.co/Z7X3ix9zo7,en,"[{'start': 15, 'end': 38, 'url': 'https://t.co/Z7X3ix9zo7', 'expanded_url': 'https://twitter.com/realamberheard/status/1068617812636241920', 'display_url': 'twitter.com/realamberheard…'}]",,,0,0,1,0,Twitter for iPhone,807003567605227520,1068617812636241920,"[{'start': 43, 'end': 66, 'url': 'https://t.co/giSqTHVzJz', 'expanded_url': 'https://twitter.com/realamberheard/status/1068617812636241920/photo/1', 'display_url': 'pic.twitter.com/giSqTHVzJz'}]","[{'start': 31, 'end': 42, 'tag': 'PorterEDIT'}]",2018-11-30T21:28:35.000Z,169,35,1384,13,"December 2018 | PORTER X EDIT 
#PorterEDIT https://t.co/giSqTHVzJz",pt,"Actor and Activist, semi-professional disruptor, ice cream advocate and shameless teacup yorkie-lover",https://pbs.twimg.com/profile_images/1383196364792680448/N8CdupEu_normal.jpg,Amber Heard,807003567605227520,2016-12-08T23:26:58.000Z,https://t.co/Ze18Ek9SOI,190358,220,1150,566,"Los Angeles, CA",realamberheard,Croatian girl blogging about fashion & lifestyle 💕                                            Instagram: siennabelic,https://pbs.twimg.com/profile_images/1445501969448071168/waYuppI__normal.jpg,Sienna Ana Belic,52346926,2009-06-30T08:51:09.000Z,https://t.co/VMztk2rPt9,2021,1344,15312,46,siennabelic,"Zagreb, Croatia",
Twitter for Android,"[{'type': 'quoted', 'id': '1068617812636241920'}]",4204211255,1068630384928276480,2018-11-30T22:18:32.000Z,anjo https://t.co/NkJHZb0ZmS,pt,"[{'start': 5, 'end': 28, 'url': 'https://t.co/NkJHZb0ZmS', 'expanded_url': 'https://twitter.com/realamberheard/status/1068617812636241920', 'display_url': 'twitter.com/realamberheard…'}]",,,0,0,0,0,Twitter for iPhone,807003567605227520,1068617812636241920,"[{'start': 43, 'end': 66, 'url': 'https://t.co/giSqTHVzJz', 'expanded_url': 'https://twitter.com/realamberheard/status/1068617812636241920/photo/1', 'display_url': 'pic.twitter.com/giSqTHVzJz'}]","[{'start': 31, 'end': 42, 'tag': 'PorterEDIT'}]",2018-11-30T21:28:35.000Z,169,35,1384,13,"December 2018 | PORTER X EDIT 
#PorterEDIT https://t.co/giSqTHVzJz",pt,"Actor and Activist, semi-professional disruptor, ice cream advocate and shameless teacup yorkie-lover",https://pbs.twimg.com/profile_images/1383196364792680448/N8CdupEu_normal.jpg,Amber Heard,807003567605227520,2016-12-08T23:26:58.000Z,https://t.co/Ze18Ek9SOI,190358,220,1150,566,"Los Angeles, CA",realamberheard,𝚋𝚎 𝚜𝚝𝚛𝚘𝚗𝚐 𝚊𝚗𝚍 𝚋𝚛𝚊𝚟𝚎 †,https://pbs.twimg.com/profile_images/1499374918475165700/-ron0tRi_normal.jpg,mi,4204211255,2015-11-16T19:47:59.000Z,,2500,939,137266,22,dakotarias,"actores, books, ecv.",
Twitter for iPhone,"[{'type': 'quoted', 'id': '1068617812636241920'}]",984192419401891840,1068623644765507584,2018-11-30T21:51:45.000Z,미모 오져 https://t.co/kwVrpEKvdV,ko,"[{'start': 6, 'end': 29, 'url': 'https://t.co/kwVrpEKvdV', 'expanded_url': 'https://twitter.com/realamberheard/status/1068617812636241920', 'display_url': 'twitter.com/realamberheard…'}]",,,0,0,0,0,Twitter for iPhone,807003567605227520,1068617812636241920,"[{'start': 43, 'end': 66, 'url': 'https://t.co/giSqTHVzJz', 'expanded_url': 'https://twitter.com/realamberheard/status/1068617812636241920/photo/1', 'display_url': 'pic.twitter.com/giSqTHVzJz'}]","[{'start': 31, 'end': 42, 'tag': 'PorterEDIT'}]",2018-11-30T21:28:35.000Z,169,35,1384,13,"December 2018 | PORTER X EDIT 
#PorterEDIT https://t.co/giSqTHVzJz",pt,"Actor and Activist, semi-professional disruptor, ice cream advocate and shameless teacup yorkie-lover",https://pbs.twimg.com/profile_images/1383196364792680448/N8CdupEu_normal.jpg,Amber Heard,807003567605227520,2016-12-08T23:26:58.000Z,https://t.co/Ze18Ek9SOI,190358,220,1150,566,"Los Angeles, CA",realamberheard,Sarah Alder’s defense attorney,https://pbs.twimg.com/profile_images/1150635896338694144/HkHZH7St_normal.jpg,Ratia,984192419401891840,2018-04-11T22:12:13.000Z,https://t.co/3QScE2Bpau,838,132,27530,0,Ratia_Kys,Fort Salem,
