author_id,lang,source,created_at,referenced_tweets,id,text,entities.annotations,entities.urls,public_metrics.retweet_count,public_metrics.reply_count,public_metrics.like_count,public_metrics.quote_count,quoted_tweet.public_metrics.retweet_count,quoted_tweet.public_metrics.reply_count,quoted_tweet.public_metrics.like_count,quoted_tweet.public_metrics.quote_count,quoted_tweet.author_id,quoted_tweet.lang,quoted_tweet.source,quoted_tweet.created_at,quoted_tweet.id,quoted_tweet.entities.urls,quoted_tweet.text,quoted_tweet.author.name,quoted_tweet.author.profile_image_url,quoted_tweet.author.created_at,quoted_tweet.author.description,quoted_tweet.author.public_metrics.followers_count,quoted_tweet.author.public_metrics.following_count,quoted_tweet.author.public_metrics.tweet_count,quoted_tweet.author.public_metrics.listed_count,quoted_tweet.author.location,quoted_tweet.author.id,quoted_tweet.author.username,quoted_tweet.author.url,author.name,author.profile_image_url,author.created_at,author.description,author.public_metrics.followers_count,author.public_metrics.following_count,author.public_metrics.tweet_count,author.public_metrics.listed_count,author.location,author.id,author.username,author.url,entities.mentions,entities.hashtags
2800752612,pt,Twitter for iPhone,2018-12-17T15:28:40.000Z,"[{'type': 'quoted', 'id': '1074504474931032064'}]",1074687830100717573,Amber mulher da minha life 💙 https://t.co/D8uBRtbyLM,"[{'start': 0, 'end': 4, 'probability': 0.9124, 'type': 'Person', 'normalized_text': 'Amber'}]","[{'start': 29, 'end': 52, 'url': 'https://t.co/D8uBRtbyLM', 'expanded_url': 'https://twitter.com/realamberheard/status/1074504474931032064', 'display_url': 'twitter.com/realamberheard…'}]",0,1,0,0,168,77,1837,6,807003567605227520,und,Twitter for iPhone,2018-12-17T03:20:04.000Z,1074504474931032064,"[{'start': 0, 'end': 23, 'url': 'https://t.co/Znai6epkSW', 'expanded_url': 'https://lifestyle.inquirer.net/317587/amber-needs-to-be-heard/', 'display_url': 'lifestyle.inquirer.net/317587/amber-n…', 'status': 200, 'unwound_url': 'https://lifestyle.inquirer.net/317587/amber-needs-to-be-heard/'}]",https://t.co/Znai6epkSW,Amber Heard,https://pbs.twimg.com/profile_images/1383196364792680448/N8CdupEu_normal.jpg,2016-12-08T23:26:58.000Z,"Actor and Activist, semi-professional disruptor, ice cream advocate and shameless teacup yorkie-lover",190358,220,1150,566,"Los Angeles, CA",807003567605227520,realamberheard,https://t.co/Ze18Ek9SOI,Luiz Arthur Lima,https://pbs.twimg.com/profile_images/1369647234137153536/tp-Wi5XA_normal.jpg,2014-09-10T00:18:28.000Z,"If its for you, any sacrifice is worth. 
oi eu malho e escuto roque
https://t.co/0bYZd4Mf3R",135,204,17104,1,Rio de Janeiro,2800752612,Luizartzlima,,,
2290931725,en,Twitter Web Client,2018-12-17T13:07:20.000Z,"[{'type': 'quoted', 'id': '1074504474931032064'}]",1074652263904395264,"Hi Amber! you recently was interviewed by  @LeoLins and when he questioned you about the color of your hair in Aquaman's movie you went really uneducated with him, Why?? It was just a simple question, that was not necessary! @mamaefalei https://t.co/PTyWn72F9y","[{'start': 3, 'end': 7, 'probability': 0.9546, 'type': 'Person', 'normalized_text': 'Amber'}, {'start': 111, 'end': 117, 'probability': 0.5908, 'type': 'Other', 'normalized_text': 'Aquaman'}]","[{'start': 237, 'end': 260, 'url': 'https://t.co/PTyWn72F9y', 'expanded_url': 'https://twitter.com/realamberheard/status/1074504474931032064', 'display_url': 'twitter.com/realamberheard…'}]",0,0,0,0,168,77,1837,6,807003567605227520,und,Twitter for iPhone,2018-12-17T03:20:04.000Z,1074504474931032064,"[{'start': 0, 'end': 23, 'url': 'https://t.co/Znai6epkSW', 'expanded_url': 'https://lifestyle.inquirer.net/317587/amber-needs-to-be-heard/', 'display_url': 'lifestyle.inquirer.net/317587/amber-n…', 'status': 200, 'unwound_url': 'https://lifestyle.inquirer.net/317587/amber-needs-to-be-heard/'}]",https://t.co/Znai6epkSW,Amber Heard,https://pbs.twimg.com/profile_images/1383196364792680448/N8CdupEu_normal.jpg,2016-12-08T23:26:58.000Z,"Actor and Activist, semi-professional disruptor, ice cream advocate and shameless teacup yorkie-lover",190358,220,1150,566,"Los Angeles, CA",807003567605227520,realamberheard,https://t.co/Ze18Ek9SOI,Maycon Douglas,https://pbs.twimg.com/profile_images/1219237763016527872/gbjhJiEm_normal.jpg,2014-01-14T09:41:01.000Z,Nothing much,20,129,397,0,,2290931725,Maycon_cam21,,"[{'start': 43, 'end': 51, 'username': 'LeoLins', 'id': '41847444'}, {'start': 225, 'end': 236, 'username': 'mamaefalei', 'id': '1339413663132880897'}]",
2878412208,en,Twitter for Android,2018-12-17T12:01:15.000Z,"[{'type': 'quoted', 'id': '1074504474931032064'}]",1074635633216282624,i love her so much ❤❤❤ https://t.co/wOdCTHe7fr,,"[{'start': 23, 'end': 46, 'url': 'https://t.co/wOdCTHe7fr', 'expanded_url': 'https://twitter.com/realamberheard/status/1074504474931032064', 'display_url': 'twitter.com/realamberheard…'}]",0,0,0,0,168,77,1837,6,807003567605227520,und,Twitter for iPhone,2018-12-17T03:20:04.000Z,1074504474931032064,"[{'start': 0, 'end': 23, 'url': 'https://t.co/Znai6epkSW', 'expanded_url': 'https://lifestyle.inquirer.net/317587/amber-needs-to-be-heard/', 'display_url': 'lifestyle.inquirer.net/317587/amber-n…', 'status': 200, 'unwound_url': 'https://lifestyle.inquirer.net/317587/amber-needs-to-be-heard/'}]",https://t.co/Znai6epkSW,Amber Heard,https://pbs.twimg.com/profile_images/1383196364792680448/N8CdupEu_normal.jpg,2016-12-08T23:26:58.000Z,"Actor and Activist, semi-professional disruptor, ice cream advocate and shameless teacup yorkie-lover",190358,220,1150,566,"Los Angeles, CA",807003567605227520,realamberheard,https://t.co/Ze18Ek9SOI,𝗲 𝗷,https://pbs.twimg.com/profile_images/1440268897450532869/q4EJhaHX_normal.jpg,2014-10-26T15:32:34.000Z,i believe in you @ellezelin ❤️,449,246,14437,1,dc & marvel,2878412208,euphxricorp,,,
51280443,en,Twitter for Android,2018-12-17T09:51:39.000Z,"[{'type': 'quoted', 'id': '1074504474931032064'}]",1074603019524861952,i know whoever wrote this headline is sitting there just waiting for someone to get the pun and i feel you https://t.co/vS0zSKR1fa,,"[{'start': 107, 'end': 130, 'url': 'https://t.co/vS0zSKR1fa', 'expanded_url': 'https://twitter.com/realamberheard/status/1074504474931032064', 'display_url': 'twitter.com/realamberheard…'}]",0,0,0,0,168,77,1837,6,807003567605227520,und,Twitter for iPhone,2018-12-17T03:20:04.000Z,1074504474931032064,"[{'start': 0, 'end': 23, 'url': 'https://t.co/Znai6epkSW', 'expanded_url': 'https://lifestyle.inquirer.net/317587/amber-needs-to-be-heard/', 'display_url': 'lifestyle.inquirer.net/317587/amber-n…', 'status': 200, 'unwound_url': 'https://lifestyle.inquirer.net/317587/amber-needs-to-be-heard/'}]",https://t.co/Znai6epkSW,Amber Heard,https://pbs.twimg.com/profile_images/1383196364792680448/N8CdupEu_normal.jpg,2016-12-08T23:26:58.000Z,"Actor and Activist, semi-professional disruptor, ice cream advocate and shameless teacup yorkie-lover",190358,220,1150,566,"Los Angeles, CA",807003567605227520,realamberheard,https://t.co/Ze18Ek9SOI,giu 🩸 | 📖 dune messiah & the bridge kingdom,https://pbs.twimg.com/profile_images/1497215224310546436/4TWsfR9r_normal.jpg,2009-06-26T23:55:54.000Z,"henry winter apologist 。
she/her - ela/dela 。
📖 13/60",1933,2714,122145,21,São Paulo 🇧🇷,51280443,srgtbarnxs,https://t.co/0iBN9fwa9o,,
3375069905,en,Twitter Web App,2018-12-17T03:23:39.000Z,"[{'type': 'quoted', 'id': '1074504474931032064'}]",1074505376505024513,Morning manis #halu https://t.co/ViPXPcxuH5,,"[{'start': 20, 'end': 43, 'url': 'https://t.co/ViPXPcxuH5', 'expanded_url': 'https://twitter.com/realamberheard/status/1074504474931032064', 'display_url': 'twitter.com/realamberheard…'}]",0,0,0,0,168,77,1837,6,807003567605227520,und,Twitter for iPhone,2018-12-17T03:20:04.000Z,1074504474931032064,"[{'start': 0, 'end': 23, 'url': 'https://t.co/Znai6epkSW', 'expanded_url': 'https://lifestyle.inquirer.net/317587/amber-needs-to-be-heard/', 'display_url': 'lifestyle.inquirer.net/317587/amber-n…', 'status': 200, 'unwound_url': 'https://lifestyle.inquirer.net/317587/amber-needs-to-be-heard/'}]",https://t.co/Znai6epkSW,Amber Heard,https://pbs.twimg.com/profile_images/1383196364792680448/N8CdupEu_normal.jpg,2016-12-08T23:26:58.000Z,"Actor and Activist, semi-professional disruptor, ice cream advocate and shameless teacup yorkie-lover",190358,220,1150,566,"Los Angeles, CA",807003567605227520,realamberheard,https://t.co/Ze18Ek9SOI,St. Lustcifer Morningstar,https://pbs.twimg.com/profile_images/1471777266023624707/E7SEMPoB_normal.jpg,2015-07-14T02:57:56.000Z,Alter Ego - Pleasure Seeker - Adrenaline Junky - Passion Adventurer - Dark Evangelist - Dungeon Keeper,419,1163,15540,1,Between your legs,3375069905,Lust_cifer,,,"[{'start': 14, 'end': 19, 'tag': 'halu'}]"
