text,source,referenced_tweets,lang,id,created_at,author_id,public_metrics.retweet_count,public_metrics.reply_count,public_metrics.like_count,public_metrics.quote_count,entities.annotations,entities.urls,quoted_tweet.text,quoted_tweet.source,quoted_tweet.public_metrics.retweet_count,quoted_tweet.public_metrics.reply_count,quoted_tweet.public_metrics.like_count,quoted_tweet.public_metrics.quote_count,quoted_tweet.lang,quoted_tweet.id,quoted_tweet.created_at,quoted_tweet.entities.mentions,quoted_tweet.entities.urls,quoted_tweet.entities.hashtags,quoted_tweet.author_id,quoted_tweet.author.public_metrics.followers_count,quoted_tweet.author.public_metrics.following_count,quoted_tweet.author.public_metrics.tweet_count,quoted_tweet.author.public_metrics.listed_count,quoted_tweet.author.location,quoted_tweet.author.profile_image_url,quoted_tweet.author.url,quoted_tweet.author.username,quoted_tweet.author.description,quoted_tweet.author.id,quoted_tweet.author.name,quoted_tweet.author.created_at,author.public_metrics.followers_count,author.public_metrics.following_count,author.public_metrics.tweet_count,author.public_metrics.listed_count,author.location,author.profile_image_url,author.url,author.username,author.description,author.id,author.name,author.created_at
U r fan from India......😘😘😘 https://t.co/mcEdXJtXvP,Twitter for Android,"[{'type': 'quoted', 'id': '1076567461070200832'}]",en,1076813524007931906,2018-12-23T12:15:25.000Z,770913238569537536,0,0,0,0,"[{'start': 13, 'end': 17, 'probability': 0.9901, 'type': 'Place', 'normalized_text': 'India'}]","[{'start': 28, 'end': 51, 'url': 'https://t.co/mcEdXJtXvP', 'expanded_url': 'https://twitter.com/realamberheard/status/1076567461070200832', 'display_url': 'twitter.com/realamberheard…'}]",Thanks for the Regram love for #FeministFriday ⁦@UN_Women⁩  https://t.co/BblW4udB6J,Twitter for iPhone,53,14,525,3,en,1076567461070200832,2018-12-22T19:57:39.000Z,"[{'start': 48, 'end': 57, 'username': 'UN_Women', 'id': '17137628'}]","[{'start': 60, 'end': 83, 'url': 'https://t.co/BblW4udB6J', 'expanded_url': 'https://www.instagram.com/p/BrqQtiSgmL3/?utm_source=ig_share_sheet&igshid=yq6jur1qdlq8', 'display_url': 'instagram.com/p/BrqQtiSgmL3/…'}]","[{'start': 31, 'end': 46, 'tag': 'FeministFriday'}]",807003567605227520,190357,220,1150,566,"Los Angeles, CA",https://pbs.twimg.com/profile_images/1383196364792680448/N8CdupEu_normal.jpg,https://t.co/Ze18Ek9SOI,realamberheard,"Actor and Activist, semi-professional disruptor, ice cream advocate and shameless teacup yorkie-lover",807003567605227520,Amber Heard,2016-12-08T23:26:58.000Z,8,148,182,0,"Guntur, India",https://pbs.twimg.com/profile_images/1430580416226807808/JawV4xt7_normal.jpg,,KalyanKick2,"🅻︎🅸︎🆅︎🅴︎ 🅻︎🅸︎🅵︎🅴︎ 🅺︎🅸︎🅽︎🅶︎ 🆂︎🅸︎🆉︎🅴︎
                 #M.N.K",770913238569537536,M.N.KALYAN,2016-08-31T09:16:53.000Z
"She typed my name (one way or another). 

It’s a sign! 😍 https://t.co/iHs7mG1FgQ",Twitter for iPhone,"[{'type': 'quoted', 'id': '1076567461070200832'}]",en,1076637352720719872,2018-12-23T00:35:22.000Z,2192319834,0,1,2,0,,"[{'start': 57, 'end': 80, 'url': 'https://t.co/iHs7mG1FgQ', 'expanded_url': 'https://twitter.com/realamberheard/status/1076567461070200832', 'display_url': 'twitter.com/realamberheard…'}]",Thanks for the Regram love for #FeministFriday ⁦@UN_Women⁩  https://t.co/BblW4udB6J,Twitter for iPhone,53,14,525,3,en,1076567461070200832,2018-12-22T19:57:39.000Z,"[{'start': 48, 'end': 57, 'username': 'UN_Women', 'id': '17137628'}]","[{'start': 60, 'end': 83, 'url': 'https://t.co/BblW4udB6J', 'expanded_url': 'https://www.instagram.com/p/BrqQtiSgmL3/?utm_source=ig_share_sheet&igshid=yq6jur1qdlq8', 'display_url': 'instagram.com/p/BrqQtiSgmL3/…'}]","[{'start': 31, 'end': 46, 'tag': 'FeministFriday'}]",807003567605227520,190357,220,1150,566,"Los Angeles, CA",https://pbs.twimg.com/profile_images/1383196364792680448/N8CdupEu_normal.jpg,https://t.co/Ze18Ek9SOI,realamberheard,"Actor and Activist, semi-professional disruptor, ice cream advocate and shameless teacup yorkie-lover",807003567605227520,Amber Heard,2016-12-08T23:26:58.000Z,75,237,2314,1,,https://pbs.twimg.com/profile_images/378800000734845192/be1f60d4b26542753866a5a1453e885d_normal.jpeg,https://t.co/qFtgmNd7zJ,theregsays,I am a dreamer. I dream when I sleep. I am asleep in my profile picture. Am I asleep right now? Are you? Sometimes the colors have meaning. Pink.,2192319834,Reg Samson,2013-11-13T13:36:29.000Z
"Te amo Amber, DIOSA absoluta,  crush máximo 💕💕💕💕💕💕💕💕💕💕💕💕💕💕 https://t.co/Ax9N62goRO",Twitter for Android,"[{'type': 'quoted', 'id': '1076567461070200832'}]",es,1076569968819486721,2018-12-22T20:07:36.000Z,154371236,0,0,0,0,"[{'start': 7, 'end': 11, 'probability': 0.9226, 'type': 'Person', 'normalized_text': 'Amber'}]","[{'start': 59, 'end': 82, 'url': 'https://t.co/Ax9N62goRO', 'expanded_url': 'https://twitter.com/realamberheard/status/1076567461070200832', 'display_url': 'twitter.com/realamberheard…'}]",Thanks for the Regram love for #FeministFriday ⁦@UN_Women⁩  https://t.co/BblW4udB6J,Twitter for iPhone,53,14,525,3,en,1076567461070200832,2018-12-22T19:57:39.000Z,"[{'start': 48, 'end': 57, 'username': 'UN_Women', 'id': '17137628'}]","[{'start': 60, 'end': 83, 'url': 'https://t.co/BblW4udB6J', 'expanded_url': 'https://www.instagram.com/p/BrqQtiSgmL3/?utm_source=ig_share_sheet&igshid=yq6jur1qdlq8', 'display_url': 'instagram.com/p/BrqQtiSgmL3/…'}]","[{'start': 31, 'end': 46, 'tag': 'FeministFriday'}]",807003567605227520,190357,220,1150,566,"Los Angeles, CA",https://pbs.twimg.com/profile_images/1383196364792680448/N8CdupEu_normal.jpg,https://t.co/Ze18Ek9SOI,realamberheard,"Actor and Activist, semi-professional disruptor, ice cream advocate and shameless teacup yorkie-lover",807003567605227520,Amber Heard,2016-12-08T23:26:58.000Z,2643,579,80148,38,Muy MUY Lejano ,https://pbs.twimg.com/profile_images/1498308795507920899/KpnoZzKW_normal.jpg,https://t.co/ebKvdWRKyg,Paarlet,Mujer de 100cia y comedia🦖 !Quiero ser Dr strange🧠 y regresar a mi planeta !🪐,154371236,Arlet,2010-06-11T02:16:05.000Z
