in_reply_to_user_id,source,referenced_tweets,author_id,id,created_at,text,lang,entities.urls,public_metrics.retweet_count,public_metrics.reply_count,public_metrics.like_count,public_metrics.quote_count,quoted_tweet.source,quoted_tweet.author_id,quoted_tweet.id,quoted_tweet.entities.urls,quoted_tweet.entities.mentions,quoted_tweet.created_at,quoted_tweet.public_metrics.retweet_count,quoted_tweet.public_metrics.reply_count,quoted_tweet.public_metrics.like_count,quoted_tweet.public_metrics.quote_count,quoted_tweet.text,quoted_tweet.lang,quoted_tweet.author.description,quoted_tweet.author.profile_image_url,quoted_tweet.author.name,quoted_tweet.author.id,quoted_tweet.author.created_at,quoted_tweet.author.url,quoted_tweet.author.public_metrics.followers_count,quoted_tweet.author.public_metrics.following_count,quoted_tweet.author.public_metrics.tweet_count,quoted_tweet.author.public_metrics.listed_count,quoted_tweet.author.location,quoted_tweet.author.username,author.description,author.profile_image_url,author.name,author.id,author.created_at,author.url,author.public_metrics.followers_count,author.public_metrics.following_count,author.public_metrics.tweet_count,author.public_metrics.listed_count,author.location,author.username,entities.hashtags,entities.mentions,entities.annotations
852876946199515136,Twitter for Android,"[{'type': 'quoted', 'id': '1080931865043775489'}]",95327125,1100436884113616896,2019-02-26T16:46:12.000Z,"@twdandmetal look at that, she's really hot 🔥🔥🔥🔥🔥😍😍😍😍 https://t.co/oMnRqVeOVd",en,"[{'start': 54, 'end': 77, 'url': 'https://t.co/oMnRqVeOVd', 'expanded_url': 'https://twitter.com/realamberheard/status/1080931865043775489', 'display_url': 'twitter.com/realamberheard…'}]",0,0,0,0,Twitter for iPhone,807003567605227520,1080931865043775489,"[{'start': 75, 'end': 98, 'url': 'https://t.co/Eh5bqpvLks', 'expanded_url': 'https://twitter.com/realamberheard/status/1080931865043775489/photo/1', 'display_url': 'pic.twitter.com/Eh5bqpvLks'}]","[{'start': 59, 'end': 74, 'username': 'LOrealParisUSA', 'id': '87222643'}]",2019-01-03T21:00:14.000Z,651,203,6699,90,Today is the launch of my L’Oreal campaign!  Own it people @LOrealParisUSA https://t.co/Eh5bqpvLks,en,"Actor and Activist, semi-professional disruptor, ice cream advocate and shameless teacup yorkie-lover",https://pbs.twimg.com/profile_images/1383196364792680448/N8CdupEu_normal.jpg,Amber Heard,807003567605227520,2016-12-08T23:26:58.000Z,https://t.co/Ze18Ek9SOI,190356,220,1150,566,"Los Angeles, CA",realamberheard,"We do what we want. We don't care what anyone else thinks!!!

Cliff Burton",https://pbs.twimg.com/profile_images/1338352943658098689/2OTyYJw5_normal.jpg,Ricardo Ramirez,95327125,2009-12-08T01:51:45.000Z,https://t.co/EnBIiS80pd,2839,2557,330772,113,"Guadalajara, Jalisco",Metallibanger,,,
,Twitter for iPhone,"[{'type': 'quoted', 'id': '1080931865043775489'}]",891463406884184069,1083889749742501888,2019-01-12T00:53:48.000Z,Amor de mi vida.😍 https://t.co/Yskoy8u85T,es,"[{'start': 18, 'end': 41, 'url': 'https://t.co/Yskoy8u85T', 'expanded_url': 'https://twitter.com/realamberheard/status/1080931865043775489', 'display_url': 'twitter.com/realamberheard…'}]",0,0,0,0,Twitter for iPhone,807003567605227520,1080931865043775489,"[{'start': 75, 'end': 98, 'url': 'https://t.co/Eh5bqpvLks', 'expanded_url': 'https://twitter.com/realamberheard/status/1080931865043775489/photo/1', 'display_url': 'pic.twitter.com/Eh5bqpvLks'}]","[{'start': 59, 'end': 74, 'username': 'LOrealParisUSA', 'id': '87222643'}]",2019-01-03T21:00:14.000Z,651,203,6699,90,Today is the launch of my L’Oreal campaign!  Own it people @LOrealParisUSA https://t.co/Eh5bqpvLks,en,"Actor and Activist, semi-professional disruptor, ice cream advocate and shameless teacup yorkie-lover",https://pbs.twimg.com/profile_images/1383196364792680448/N8CdupEu_normal.jpg,Amber Heard,807003567605227520,2016-12-08T23:26:58.000Z,https://t.co/Ze18Ek9SOI,190356,220,1150,566,"Los Angeles, CA",realamberheard,MÁS RAYADO QUE NUNCA💙⚪️ Rehabilitación T.M 4/4.  FOD⏯,https://pbs.twimg.com/profile_images/1284995950411419648/NeBRtBGY_normal.jpg,Roberto García,891463406884184069,2017-07-30T01:00:13.000Z,,276,1027,7734,2,"Monterrey, Nuevo León",garciarobert_o,,,
,Twitter Web Client,"[{'type': 'quoted', 'id': '1080931865043775489'}]",18844696,1083069829471522816,2019-01-09T18:35:44.000Z,#boom #girlpower #metoo https://t.co/7LXDrPVhhQ,und,"[{'start': 24, 'end': 47, 'url': 'https://t.co/7LXDrPVhhQ', 'expanded_url': 'https://twitter.com/realamberheard/status/1080931865043775489', 'display_url': 'twitter.com/realamberheard…'}]",0,0,1,0,Twitter for iPhone,807003567605227520,1080931865043775489,"[{'start': 75, 'end': 98, 'url': 'https://t.co/Eh5bqpvLks', 'expanded_url': 'https://twitter.com/realamberheard/status/1080931865043775489/photo/1', 'display_url': 'pic.twitter.com/Eh5bqpvLks'}]","[{'start': 59, 'end': 74, 'username': 'LOrealParisUSA', 'id': '87222643'}]",2019-01-03T21:00:14.000Z,651,203,6699,90,Today is the launch of my L’Oreal campaign!  Own it people @LOrealParisUSA https://t.co/Eh5bqpvLks,en,"Actor and Activist, semi-professional disruptor, ice cream advocate and shameless teacup yorkie-lover",https://pbs.twimg.com/profile_images/1383196364792680448/N8CdupEu_normal.jpg,Amber Heard,807003567605227520,2016-12-08T23:26:58.000Z,https://t.co/Ze18Ek9SOI,190356,220,1150,566,"Los Angeles, CA",realamberheard,"The worlds only @CreativeMF™ 😉 #Artist + #Designer + #Techie https://t.co/7PAnSUM8wj 💥#NFTart is HERE🔥
https://t.co/yCuxL5DBGW",https://pbs.twimg.com/profile_images/1482250716504899584/fuH-E_FA_normal.jpg,@CreativeMF🔥,18844696,2009-01-10T20:05:58.000Z,https://t.co/7PAnSUM8wj,1208,137,21793,317,🇺🇲🇬🇧 PayPal.me/BKLTDUSA,creativemf,"[{'start': 0, 'end': 5, 'tag': 'boom'}, {'start': 6, 'end': 16, 'tag': 'girlpower'}, {'start': 17, 'end': 23, 'tag': 'metoo'}]",,
,Twitter for Android,"[{'type': 'quoted', 'id': '1080931865043775489'}]",2866313158,1081626497738293259,2019-01-05T19:00:27.000Z,que ganas de ser aquaman https://t.co/8Kpo3rAaqf,pt,"[{'start': 25, 'end': 48, 'url': 'https://t.co/8Kpo3rAaqf', 'expanded_url': 'https://twitter.com/realamberheard/status/1080931865043775489', 'display_url': 'twitter.com/realamberheard…'}]",0,0,3,0,Twitter for iPhone,807003567605227520,1080931865043775489,"[{'start': 75, 'end': 98, 'url': 'https://t.co/Eh5bqpvLks', 'expanded_url': 'https://twitter.com/realamberheard/status/1080931865043775489/photo/1', 'display_url': 'pic.twitter.com/Eh5bqpvLks'}]","[{'start': 59, 'end': 74, 'username': 'LOrealParisUSA', 'id': '87222643'}]",2019-01-03T21:00:14.000Z,651,203,6699,90,Today is the launch of my L’Oreal campaign!  Own it people @LOrealParisUSA https://t.co/Eh5bqpvLks,en,"Actor and Activist, semi-professional disruptor, ice cream advocate and shameless teacup yorkie-lover",https://pbs.twimg.com/profile_images/1383196364792680448/N8CdupEu_normal.jpg,Amber Heard,807003567605227520,2016-12-08T23:26:58.000Z,https://t.co/Ze18Ek9SOI,190356,220,1150,566,"Los Angeles, CA",realamberheard,eternal war curse.                                                                                                        https://t.co/BRV64REGX2,https://pbs.twimg.com/profile_images/1487502797708922884/ZmW5TmSV_normal.jpg,𝖕𝖍𝖔𝖇𝖎𝖆 🦇,2866313158,2014-11-07T20:37:29.000Z,https://t.co/YZBh4CtM1a,1540,889,62300,7,Hallownest,sxxthsayer,,,
,Twitter for Android,"[{'type': 'quoted', 'id': '1080931865043775489'}]",998041676106084352,1081484802602070016,2019-01-05T09:37:24.000Z,I love you😘😘 https://t.co/8K6L1beQuE,en,"[{'start': 13, 'end': 36, 'url': 'https://t.co/8K6L1beQuE', 'expanded_url': 'https://twitter.com/realamberheard/status/1080931865043775489', 'display_url': 'twitter.com/realamberheard…'}]",0,0,0,0,Twitter for iPhone,807003567605227520,1080931865043775489,"[{'start': 75, 'end': 98, 'url': 'https://t.co/Eh5bqpvLks', 'expanded_url': 'https://twitter.com/realamberheard/status/1080931865043775489/photo/1', 'display_url': 'pic.twitter.com/Eh5bqpvLks'}]","[{'start': 59, 'end': 74, 'username': 'LOrealParisUSA', 'id': '87222643'}]",2019-01-03T21:00:14.000Z,651,203,6699,90,Today is the launch of my L’Oreal campaign!  Own it people @LOrealParisUSA https://t.co/Eh5bqpvLks,en,"Actor and Activist, semi-professional disruptor, ice cream advocate and shameless teacup yorkie-lover",https://pbs.twimg.com/profile_images/1383196364792680448/N8CdupEu_normal.jpg,Amber Heard,807003567605227520,2016-12-08T23:26:58.000Z,https://t.co/Ze18Ek9SOI,190356,220,1150,566,"Los Angeles, CA",realamberheard,https://t.co/XTu2MinHNT,https://pbs.twimg.com/profile_images/1451941855940132864/mfrx0alY_normal.jpg,Kwah risuer,998041676106084352,2018-05-20T03:24:13.000Z,https://t.co/DbwZg7r4gU,4,265,192,0,,Yfqyf1,,,
,Twitter for Android,"[{'type': 'quoted', 'id': '1080931865043775489'}]",348029786,1081338483749408771,2019-01-04T23:55:59.000Z,como hace para ser tan linda todo el tiempo https://t.co/8LLSaCx0jq,es,"[{'start': 44, 'end': 67, 'url': 'https://t.co/8LLSaCx0jq', 'expanded_url': 'https://twitter.com/realamberheard/status/1080931865043775489', 'display_url': 'twitter.com/realamberheard…'}]",0,0,1,0,Twitter for iPhone,807003567605227520,1080931865043775489,"[{'start': 75, 'end': 98, 'url': 'https://t.co/Eh5bqpvLks', 'expanded_url': 'https://twitter.com/realamberheard/status/1080931865043775489/photo/1', 'display_url': 'pic.twitter.com/Eh5bqpvLks'}]","[{'start': 59, 'end': 74, 'username': 'LOrealParisUSA', 'id': '87222643'}]",2019-01-03T21:00:14.000Z,651,203,6699,90,Today is the launch of my L’Oreal campaign!  Own it people @LOrealParisUSA https://t.co/Eh5bqpvLks,en,"Actor and Activist, semi-professional disruptor, ice cream advocate and shameless teacup yorkie-lover",https://pbs.twimg.com/profile_images/1383196364792680448/N8CdupEu_normal.jpg,Amber Heard,807003567605227520,2016-12-08T23:26:58.000Z,https://t.co/Ze18Ek9SOI,190356,220,1150,566,"Los Angeles, CA",realamberheard,"sansa stark, queen in the north",https://pbs.twimg.com/profile_images/1300819402883989511/8XaTQ8wI_normal.jpg,camila.,348029786,2011-08-03T19:21:43.000Z,https://t.co/G2pdZsWR6c,5354,4625,99525,11,,iduderanch,,,
,Twitter for Android,"[{'type': 'quoted', 'id': '1080931865043775489'}]",1527269167,1081183138645065729,2019-01-04T13:38:42.000Z,"gila ya amber,  only you can rock any hair color https://t.co/2NLXvUHHVR",en,"[{'start': 49, 'end': 72, 'url': 'https://t.co/2NLXvUHHVR', 'expanded_url': 'https://twitter.com/realamberheard/status/1080931865043775489', 'display_url': 'twitter.com/realamberheard…'}]",0,0,0,0,Twitter for iPhone,807003567605227520,1080931865043775489,"[{'start': 75, 'end': 98, 'url': 'https://t.co/Eh5bqpvLks', 'expanded_url': 'https://twitter.com/realamberheard/status/1080931865043775489/photo/1', 'display_url': 'pic.twitter.com/Eh5bqpvLks'}]","[{'start': 59, 'end': 74, 'username': 'LOrealParisUSA', 'id': '87222643'}]",2019-01-03T21:00:14.000Z,651,203,6699,90,Today is the launch of my L’Oreal campaign!  Own it people @LOrealParisUSA https://t.co/Eh5bqpvLks,en,"Actor and Activist, semi-professional disruptor, ice cream advocate and shameless teacup yorkie-lover",https://pbs.twimg.com/profile_images/1383196364792680448/N8CdupEu_normal.jpg,Amber Heard,807003567605227520,2016-12-08T23:26:58.000Z,https://t.co/Ze18Ek9SOI,190356,220,1150,566,"Los Angeles, CA",realamberheard,,https://pbs.twimg.com/profile_images/1431316665178886147/D2F2-H1V_normal.jpg,j,1527269167,2013-06-18T09:18:03.000Z,https://t.co/SufSC6t18l,941,716,39193,8,,treouvaille,,,
,Twitter for Android,"[{'type': 'quoted', 'id': '1080931865043775489'}]",845469397120700417,1081112848909168640,2019-01-04T08:59:23.000Z,porra sem nenhum defeito https://t.co/oOkZ3fuUrB,pt,"[{'start': 25, 'end': 48, 'url': 'https://t.co/oOkZ3fuUrB', 'expanded_url': 'https://twitter.com/realamberheard/status/1080931865043775489', 'display_url': 'twitter.com/realamberheard…'}]",0,0,2,0,Twitter for iPhone,807003567605227520,1080931865043775489,"[{'start': 75, 'end': 98, 'url': 'https://t.co/Eh5bqpvLks', 'expanded_url': 'https://twitter.com/realamberheard/status/1080931865043775489/photo/1', 'display_url': 'pic.twitter.com/Eh5bqpvLks'}]","[{'start': 59, 'end': 74, 'username': 'LOrealParisUSA', 'id': '87222643'}]",2019-01-03T21:00:14.000Z,651,203,6699,90,Today is the launch of my L’Oreal campaign!  Own it people @LOrealParisUSA https://t.co/Eh5bqpvLks,en,"Actor and Activist, semi-professional disruptor, ice cream advocate and shameless teacup yorkie-lover",https://pbs.twimg.com/profile_images/1383196364792680448/N8CdupEu_normal.jpg,Amber Heard,807003567605227520,2016-12-08T23:26:58.000Z,https://t.co/Ze18Ek9SOI,190356,220,1150,566,"Los Angeles, CA",realamberheard,moved to: @seulginceI,https://pbs.twimg.com/profile_images/1403739667032428544/PZMRQ0NV_normal.jpg,dana,845469397120700417,2017-03-25T02:56:27.000Z,,1160,782,23763,0,,suhocommunist,,,
,Twitter for Android,"[{'type': 'quoted', 'id': '1080931865043775489'}]",71647585,1081111119001993216,2019-01-04T08:52:31.000Z,❤ https://t.co/5KSnQln9yy,und,"[{'start': 2, 'end': 25, 'url': 'https://t.co/5KSnQln9yy', 'expanded_url': 'https://twitter.com/realamberheard/status/1080931865043775489', 'display_url': 'twitter.com/realamberheard…'}]",0,0,0,0,Twitter for iPhone,807003567605227520,1080931865043775489,"[{'start': 75, 'end': 98, 'url': 'https://t.co/Eh5bqpvLks', 'expanded_url': 'https://twitter.com/realamberheard/status/1080931865043775489/photo/1', 'display_url': 'pic.twitter.com/Eh5bqpvLks'}]","[{'start': 59, 'end': 74, 'username': 'LOrealParisUSA', 'id': '87222643'}]",2019-01-03T21:00:14.000Z,651,203,6699,90,Today is the launch of my L’Oreal campaign!  Own it people @LOrealParisUSA https://t.co/Eh5bqpvLks,en,"Actor and Activist, semi-professional disruptor, ice cream advocate and shameless teacup yorkie-lover",https://pbs.twimg.com/profile_images/1383196364792680448/N8CdupEu_normal.jpg,Amber Heard,807003567605227520,2016-12-08T23:26:58.000Z,https://t.co/Ze18Ek9SOI,190356,220,1150,566,"Los Angeles, CA",realamberheard,26.  Why can't you just let me go?,https://pbs.twimg.com/profile_images/1349020865799843852/dDy3RkN2_normal.jpg,Ane Álvarez,71647585,2009-09-04T21:43:21.000Z,https://t.co/BUJd4qa6Ba,1270,5009,221735,0,"Donostia-San Sebastián, Spain",AneAlvarezS,,,
,Twitter for Android,"[{'type': 'quoted', 'id': '1080931865043775489'}]",240262097,1081086151656493056,2019-01-04T07:13:18.000Z,Alagu 😘 https://t.co/qCZylV0PSd,eu,"[{'start': 8, 'end': 31, 'url': 'https://t.co/qCZylV0PSd', 'expanded_url': 'https://twitter.com/realamberheard/status/1080931865043775489', 'display_url': 'twitter.com/realamberheard…'}]",0,1,0,0,Twitter for iPhone,807003567605227520,1080931865043775489,"[{'start': 75, 'end': 98, 'url': 'https://t.co/Eh5bqpvLks', 'expanded_url': 'https://twitter.com/realamberheard/status/1080931865043775489/photo/1', 'display_url': 'pic.twitter.com/Eh5bqpvLks'}]","[{'start': 59, 'end': 74, 'username': 'LOrealParisUSA', 'id': '87222643'}]",2019-01-03T21:00:14.000Z,651,203,6699,90,Today is the launch of my L’Oreal campaign!  Own it people @LOrealParisUSA https://t.co/Eh5bqpvLks,en,"Actor and Activist, semi-professional disruptor, ice cream advocate and shameless teacup yorkie-lover",https://pbs.twimg.com/profile_images/1383196364792680448/N8CdupEu_normal.jpg,Amber Heard,807003567605227520,2016-12-08T23:26:58.000Z,https://t.co/Ze18Ek9SOI,190356,220,1150,566,"Los Angeles, CA",realamberheard,"Nerd fighter, Determined dreamer. Ardent fan of VIJAY. I don't tweet much. But When I do, I tweet to kill.",https://pbs.twimg.com/profile_images/1487674699433709570/xKP_1xjL_normal.jpg,lonelyKING,240262097,2011-01-19T14:37:22.000Z,,412,1506,71874,0,"Dharmapuri, India",lonelyKINGDOM90,,,
,Twitter for Android,"[{'type': 'quoted', 'id': '1080931865043775489'}]",899106089052098560,1081067924289474561,2019-01-04T06:00:53.000Z,https://t.co/Crh8QdHPfC,und,"[{'start': 0, 'end': 23, 'url': 'https://t.co/Crh8QdHPfC', 'expanded_url': 'https://twitter.com/realamberheard/status/1080931865043775489?s=19', 'display_url': 'twitter.com/realamberheard…'}]",0,0,0,0,Twitter for iPhone,807003567605227520,1080931865043775489,"[{'start': 75, 'end': 98, 'url': 'https://t.co/Eh5bqpvLks', 'expanded_url': 'https://twitter.com/realamberheard/status/1080931865043775489/photo/1', 'display_url': 'pic.twitter.com/Eh5bqpvLks'}]","[{'start': 59, 'end': 74, 'username': 'LOrealParisUSA', 'id': '87222643'}]",2019-01-03T21:00:14.000Z,651,203,6699,90,Today is the launch of my L’Oreal campaign!  Own it people @LOrealParisUSA https://t.co/Eh5bqpvLks,en,"Actor and Activist, semi-professional disruptor, ice cream advocate and shameless teacup yorkie-lover",https://pbs.twimg.com/profile_images/1383196364792680448/N8CdupEu_normal.jpg,Amber Heard,807003567605227520,2016-12-08T23:26:58.000Z,https://t.co/Ze18Ek9SOI,190356,220,1150,566,"Los Angeles, CA",realamberheard,"Film Industry VC ©
Colombia Pictures ©
Casa Blanca Studios ©
Casablanca@SonnyCuban.us
ColombiaPictures@SonnyCuban.us
Casa Blanca Film Industry Talent Agency ©",https://pbs.twimg.com/profile_images/1077128290681450497/oWabL1gm_normal.jpg,Sonny Cuban ©,899106089052098560,2017-08-20T03:09:31.000Z,https://t.co/FHJLzEttag,1614,1779,33421,2,"Bogotá, D.C. & Meta Colombia",SonnyCuban,,,
,Twitter for Android,"[{'type': 'quoted', 'id': '1080931865043775489'}]",2445090367,1081061734306275328,2019-01-04T05:36:17.000Z,YES!! 2019 is definitely your year. You look beautiful 😍 https://t.co/Uoz92taZb3,en,"[{'start': 57, 'end': 80, 'url': 'https://t.co/Uoz92taZb3', 'expanded_url': 'https://twitter.com/realamberheard/status/1080931865043775489', 'display_url': 'twitter.com/realamberheard…'}]",0,0,0,0,Twitter for iPhone,807003567605227520,1080931865043775489,"[{'start': 75, 'end': 98, 'url': 'https://t.co/Eh5bqpvLks', 'expanded_url': 'https://twitter.com/realamberheard/status/1080931865043775489/photo/1', 'display_url': 'pic.twitter.com/Eh5bqpvLks'}]","[{'start': 59, 'end': 74, 'username': 'LOrealParisUSA', 'id': '87222643'}]",2019-01-03T21:00:14.000Z,651,203,6699,90,Today is the launch of my L’Oreal campaign!  Own it people @LOrealParisUSA https://t.co/Eh5bqpvLks,en,"Actor and Activist, semi-professional disruptor, ice cream advocate and shameless teacup yorkie-lover",https://pbs.twimg.com/profile_images/1383196364792680448/N8CdupEu_normal.jpg,Amber Heard,807003567605227520,2016-12-08T23:26:58.000Z,https://t.co/Ze18Ek9SOI,190356,220,1150,566,"Los Angeles, CA",realamberheard,Full-Time journalist. Lover of movies!!!!💫,https://pbs.twimg.com/profile_images/1484261938121121795/YFi5nmWE_normal.jpg,Victor Mkhetsane,2445090367,2014-04-15T07:52:42.000Z,,680,994,21234,6,"Cape Town, South Africa",VictorMkhetsane,,,
,Twitter for Android,"[{'type': 'quoted', 'id': '1080931865043775489'}]",327836766,1081053006374662146,2019-01-04T05:01:36.000Z,ยอมแพ้ในความสวยของเธอ 💞💖 https://t.co/pkpcqiraPu,th,"[{'start': 25, 'end': 48, 'url': 'https://t.co/pkpcqiraPu', 'expanded_url': 'https://twitter.com/realamberheard/status/1080931865043775489', 'display_url': 'twitter.com/realamberheard…'}]",0,0,0,0,Twitter for iPhone,807003567605227520,1080931865043775489,"[{'start': 75, 'end': 98, 'url': 'https://t.co/Eh5bqpvLks', 'expanded_url': 'https://twitter.com/realamberheard/status/1080931865043775489/photo/1', 'display_url': 'pic.twitter.com/Eh5bqpvLks'}]","[{'start': 59, 'end': 74, 'username': 'LOrealParisUSA', 'id': '87222643'}]",2019-01-03T21:00:14.000Z,651,203,6699,90,Today is the launch of my L’Oreal campaign!  Own it people @LOrealParisUSA https://t.co/Eh5bqpvLks,en,"Actor and Activist, semi-professional disruptor, ice cream advocate and shameless teacup yorkie-lover",https://pbs.twimg.com/profile_images/1383196364792680448/N8CdupEu_normal.jpg,Amber Heard,807003567605227520,2016-12-08T23:26:58.000Z,https://t.co/Ze18Ek9SOI,190356,220,1150,566,"Los Angeles, CA",realamberheard,,https://pbs.twimg.com/profile_images/1492347708467658752/p6xQk43U_normal.jpg,🕷🕸,327836766,2011-07-02T07:14:34.000Z,,109,1289,47169,0,,MemeMG24,,,
,Twitter for Android,"[{'type': 'quoted', 'id': '1080931865043775489'}]",94417269,1081039720770162690,2019-01-04T04:08:48.000Z,Man I am starting to fall in love with @realamberheard https://t.co/NQ7EH7SCG4,en,"[{'start': 55, 'end': 78, 'url': 'https://t.co/NQ7EH7SCG4', 'expanded_url': 'https://twitter.com/realamberheard/status/1080931865043775489', 'display_url': 'twitter.com/realamberheard…'}]",0,0,0,0,Twitter for iPhone,807003567605227520,1080931865043775489,"[{'start': 75, 'end': 98, 'url': 'https://t.co/Eh5bqpvLks', 'expanded_url': 'https://twitter.com/realamberheard/status/1080931865043775489/photo/1', 'display_url': 'pic.twitter.com/Eh5bqpvLks'}]","[{'start': 59, 'end': 74, 'username': 'LOrealParisUSA', 'id': '87222643'}]",2019-01-03T21:00:14.000Z,651,203,6699,90,Today is the launch of my L’Oreal campaign!  Own it people @LOrealParisUSA https://t.co/Eh5bqpvLks,en,"Actor and Activist, semi-professional disruptor, ice cream advocate and shameless teacup yorkie-lover",https://pbs.twimg.com/profile_images/1383196364792680448/N8CdupEu_normal.jpg,Amber Heard,807003567605227520,2016-12-08T23:26:58.000Z,https://t.co/Ze18Ek9SOI,190356,220,1150,566,"Los Angeles, CA",realamberheard,"Fashion Blogger [#HectorGrass]
Photographer | Movieholic | Traveler |
Visit my blog ⬇",https://pbs.twimg.com/profile_images/941795666552147969/ny3dsln4_normal.jpg,Hector Grass,94417269,2009-12-03T21:25:01.000Z,https://t.co/r5cbiPs2ZU,521,2173,17322,15,"Miami, FL",hectorgrass_,,"[{'start': 39, 'end': 54, 'username': 'realamberheard', 'id': '807003567605227520'}]",
,Twitter for Android,"[{'type': 'quoted', 'id': '1080931865043775489'}]",2398140181,1081038190482403328,2019-01-04T04:02:43.000Z,OMG 😍😍😍😍 @realamberheard https://t.co/kkoxEP3Qst,und,"[{'start': 25, 'end': 48, 'url': 'https://t.co/kkoxEP3Qst', 'expanded_url': 'https://twitter.com/realamberheard/status/1080931865043775489', 'display_url': 'twitter.com/realamberheard…'}]",0,0,0,0,Twitter for iPhone,807003567605227520,1080931865043775489,"[{'start': 75, 'end': 98, 'url': 'https://t.co/Eh5bqpvLks', 'expanded_url': 'https://twitter.com/realamberheard/status/1080931865043775489/photo/1', 'display_url': 'pic.twitter.com/Eh5bqpvLks'}]","[{'start': 59, 'end': 74, 'username': 'LOrealParisUSA', 'id': '87222643'}]",2019-01-03T21:00:14.000Z,651,203,6699,90,Today is the launch of my L’Oreal campaign!  Own it people @LOrealParisUSA https://t.co/Eh5bqpvLks,en,"Actor and Activist, semi-professional disruptor, ice cream advocate and shameless teacup yorkie-lover",https://pbs.twimg.com/profile_images/1383196364792680448/N8CdupEu_normal.jpg,Amber Heard,807003567605227520,2016-12-08T23:26:58.000Z,https://t.co/Ze18Ek9SOI,190356,220,1150,566,"Los Angeles, CA",realamberheard,"Peace✌🏽

My Channel - https://t.co/EZB9ALHYrW",https://pbs.twimg.com/profile_images/1247199289295745024/kEuWMoNu_normal.jpg,Rantu Ray,2398140181,2014-03-19T16:31:44.000Z,,16,282,455,0,"Chakdaha,Nadia,West Bengal",rantuandray,,"[{'start': 9, 'end': 24, 'username': 'realamberheard', 'id': '807003567605227520'}]",
,Twitter for Android,"[{'type': 'quoted', 'id': '1080931865043775489'}]",1013294719655243776,1081008361418571776,2019-01-04T02:04:12.000Z,😻😻 https://t.co/fgPqNOVteD,und,"[{'start': 3, 'end': 26, 'url': 'https://t.co/fgPqNOVteD', 'expanded_url': 'https://twitter.com/realamberheard/status/1080931865043775489', 'display_url': 'twitter.com/realamberheard…'}]",0,0,0,0,Twitter for iPhone,807003567605227520,1080931865043775489,"[{'start': 75, 'end': 98, 'url': 'https://t.co/Eh5bqpvLks', 'expanded_url': 'https://twitter.com/realamberheard/status/1080931865043775489/photo/1', 'display_url': 'pic.twitter.com/Eh5bqpvLks'}]","[{'start': 59, 'end': 74, 'username': 'LOrealParisUSA', 'id': '87222643'}]",2019-01-03T21:00:14.000Z,651,203,6699,90,Today is the launch of my L’Oreal campaign!  Own it people @LOrealParisUSA https://t.co/Eh5bqpvLks,en,"Actor and Activist, semi-professional disruptor, ice cream advocate and shameless teacup yorkie-lover",https://pbs.twimg.com/profile_images/1383196364792680448/N8CdupEu_normal.jpg,Amber Heard,807003567605227520,2016-12-08T23:26:58.000Z,https://t.co/Ze18Ek9SOI,190356,220,1150,566,"Los Angeles, CA",realamberheard,"உலகின் தலைசிறந்த சொல் செயல்!
Prince SK fan  👑 | King Kohli 🏏 | Amber Heard 💙
FOLLOW ME 🙌in return I'll  FOLLOW U BACK",https://pbs.twimg.com/profile_images/1332669145981227011/UbmJ32TK_normal.jpg,மேரா சமுத்திரப் புத்திரன்🔱,1013294719655243776,2018-07-01T05:34:22.000Z,,684,728,10699,0,Atlantis ,Sivakarthifan,,,
,Twitter for iPhone,"[{'type': 'quoted', 'id': '1080931865043775489'}]",274780021,1080991225233264641,2019-01-04T00:56:06.000Z,Ay pero qué hermosa es Amber Heard!!! 😍😍😍 https://t.co/cEWbfDJBby,es,"[{'start': 42, 'end': 65, 'url': 'https://t.co/cEWbfDJBby', 'expanded_url': 'https://twitter.com/realamberheard/status/1080931865043775489', 'display_url': 'twitter.com/realamberheard…'}]",0,0,0,0,Twitter for iPhone,807003567605227520,1080931865043775489,"[{'start': 75, 'end': 98, 'url': 'https://t.co/Eh5bqpvLks', 'expanded_url': 'https://twitter.com/realamberheard/status/1080931865043775489/photo/1', 'display_url': 'pic.twitter.com/Eh5bqpvLks'}]","[{'start': 59, 'end': 74, 'username': 'LOrealParisUSA', 'id': '87222643'}]",2019-01-03T21:00:14.000Z,651,203,6699,90,Today is the launch of my L’Oreal campaign!  Own it people @LOrealParisUSA https://t.co/Eh5bqpvLks,en,"Actor and Activist, semi-professional disruptor, ice cream advocate and shameless teacup yorkie-lover",https://pbs.twimg.com/profile_images/1383196364792680448/N8CdupEu_normal.jpg,Amber Heard,807003567605227520,2016-12-08T23:26:58.000Z,https://t.co/Ze18Ek9SOI,190356,220,1150,566,"Los Angeles, CA",realamberheard,Soy un “Simple” Nerd.,https://pbs.twimg.com/profile_images/1271415024393879559/AdaMS9qE_normal.jpg,Lalo Jimenez,274780021,2011-03-31T01:01:02.000Z,https://t.co/lcBRkMC5dE,244,912,5994,4,,Lalojiort15,,,"[{'start': 23, 'end': 33, 'probability': 0.7148, 'type': 'Person', 'normalized_text': 'Amber Heard'}]"
,Twitter Web App,"[{'type': 'quoted', 'id': '1080931865043775489'}]",1263121417,1080980003750404096,2019-01-04T00:11:31.000Z,❤ https://t.co/O37p9Qx5IC,und,"[{'start': 2, 'end': 25, 'url': 'https://t.co/O37p9Qx5IC', 'expanded_url': 'https://twitter.com/realamberheard/status/1080931865043775489', 'display_url': 'twitter.com/realamberheard…'}]",0,0,0,0,Twitter for iPhone,807003567605227520,1080931865043775489,"[{'start': 75, 'end': 98, 'url': 'https://t.co/Eh5bqpvLks', 'expanded_url': 'https://twitter.com/realamberheard/status/1080931865043775489/photo/1', 'display_url': 'pic.twitter.com/Eh5bqpvLks'}]","[{'start': 59, 'end': 74, 'username': 'LOrealParisUSA', 'id': '87222643'}]",2019-01-03T21:00:14.000Z,651,203,6699,90,Today is the launch of my L’Oreal campaign!  Own it people @LOrealParisUSA https://t.co/Eh5bqpvLks,en,"Actor and Activist, semi-professional disruptor, ice cream advocate and shameless teacup yorkie-lover",https://pbs.twimg.com/profile_images/1383196364792680448/N8CdupEu_normal.jpg,Amber Heard,807003567605227520,2016-12-08T23:26:58.000Z,https://t.co/Ze18Ek9SOI,190356,220,1150,566,"Los Angeles, CA",realamberheard,"Poeta escritora modelo e sobrevivente. 
Em constante aprendizado.
Resistência.
Imperfeita, me cancelem. *No Dm*
Adquira minha revista pelo link abaixo:",https://pbs.twimg.com/profile_images/1506690177913266184/SEk86N4S_normal.jpg,Helena na caixa,1263121417,2013-03-12T23:29:55.000Z,https://t.co/W5njLe41RY,1883,1644,16635,4,São Paulo,dalillahhelena,,,
,Twitter for Android,"[{'type': 'quoted', 'id': '1080931865043775489'}]",1077304566117474305,1080979678133915649,2019-01-04T00:10:13.000Z,The most beautiful woman on the planet @realamberheard in her own campaign you dont get more classy than her I ❤ her so much such a #MERAculous thing Thank You @LOrealParisUSA #YourWorthIt https://t.co/CGRQMIfHQL,en,"[{'start': 189, 'end': 212, 'url': 'https://t.co/CGRQMIfHQL', 'expanded_url': 'https://twitter.com/realamberheard/status/1080931865043775489', 'display_url': 'twitter.com/realamberheard…'}]",0,0,9,0,Twitter for iPhone,807003567605227520,1080931865043775489,"[{'start': 75, 'end': 98, 'url': 'https://t.co/Eh5bqpvLks', 'expanded_url': 'https://twitter.com/realamberheard/status/1080931865043775489/photo/1', 'display_url': 'pic.twitter.com/Eh5bqpvLks'}]","[{'start': 59, 'end': 74, 'username': 'LOrealParisUSA', 'id': '87222643'}]",2019-01-03T21:00:14.000Z,651,203,6699,90,Today is the launch of my L’Oreal campaign!  Own it people @LOrealParisUSA https://t.co/Eh5bqpvLks,en,"Actor and Activist, semi-professional disruptor, ice cream advocate and shameless teacup yorkie-lover",https://pbs.twimg.com/profile_images/1383196364792680448/N8CdupEu_normal.jpg,Amber Heard,807003567605227520,2016-12-08T23:26:58.000Z,https://t.co/Ze18Ek9SOI,190356,220,1150,566,"Los Angeles, CA",realamberheard,Hi Im Jeremiah and I like to party 🍺🍺🍺🍺🍺 Business E-MAIL at The_Master_Of_The_World@hotmail.com Just Keep Livin Brah !!!!!,https://pbs.twimg.com/profile_images/1077304815187824641/gxZ4FVUz_normal.jpg,Jeremiah Richards,1077304566117474305,2018-12-24T20:46:38.000Z,,25,58,177,0,,The_Master2008,"[{'start': 132, 'end': 143, 'tag': 'MERAculous'}, {'start': 176, 'end': 188, 'tag': 'YourWorthIt'}]","[{'start': 39, 'end': 54, 'username': 'realamberheard', 'id': '807003567605227520'}, {'start': 160, 'end': 175, 'username': 'LOrealParisUSA', 'id': '87222643'}]",
,Twitter for Android,"[{'type': 'quoted', 'id': '1080931865043775489'}]",287963872,1080979575356633089,2019-01-04T00:09:49.000Z,Oh my ... 🤤 https://t.co/ig8drq56Ey,en,"[{'start': 12, 'end': 35, 'url': 'https://t.co/ig8drq56Ey', 'expanded_url': 'https://twitter.com/realamberheard/status/1080931865043775489', 'display_url': 'twitter.com/realamberheard…'}]",0,0,0,0,Twitter for iPhone,807003567605227520,1080931865043775489,"[{'start': 75, 'end': 98, 'url': 'https://t.co/Eh5bqpvLks', 'expanded_url': 'https://twitter.com/realamberheard/status/1080931865043775489/photo/1', 'display_url': 'pic.twitter.com/Eh5bqpvLks'}]","[{'start': 59, 'end': 74, 'username': 'LOrealParisUSA', 'id': '87222643'}]",2019-01-03T21:00:14.000Z,651,203,6699,90,Today is the launch of my L’Oreal campaign!  Own it people @LOrealParisUSA https://t.co/Eh5bqpvLks,en,"Actor and Activist, semi-professional disruptor, ice cream advocate and shameless teacup yorkie-lover",https://pbs.twimg.com/profile_images/1383196364792680448/N8CdupEu_normal.jpg,Amber Heard,807003567605227520,2016-12-08T23:26:58.000Z,https://t.co/Ze18Ek9SOI,190356,220,1150,566,"Los Angeles, CA",realamberheard,"Pekerja Negara || Love, Family, Movie, Book, Music, Running II SukoharjoRunners II #GGMU || https://t.co/4PDQH7wtdl",https://pbs.twimg.com/profile_images/1370369561673953281/6nbOIHtP_normal.jpg,Dhina Kharisma H.W,287963872,2011-04-26T00:39:21.000Z,,323,802,15181,0,"Sukoharjo, Indonesia",dhinakhw,,,
,Twitter for Android,"[{'type': 'quoted', 'id': '1080931865043775489'}]",1635293725,1080978835095474177,2019-01-04T00:06:52.000Z,step on my neck https://t.co/ESktG2ko3P,en,"[{'start': 16, 'end': 39, 'url': 'https://t.co/ESktG2ko3P', 'expanded_url': 'https://twitter.com/realamberheard/status/1080931865043775489', 'display_url': 'twitter.com/realamberheard…'}]",0,0,1,0,Twitter for iPhone,807003567605227520,1080931865043775489,"[{'start': 75, 'end': 98, 'url': 'https://t.co/Eh5bqpvLks', 'expanded_url': 'https://twitter.com/realamberheard/status/1080931865043775489/photo/1', 'display_url': 'pic.twitter.com/Eh5bqpvLks'}]","[{'start': 59, 'end': 74, 'username': 'LOrealParisUSA', 'id': '87222643'}]",2019-01-03T21:00:14.000Z,651,203,6699,90,Today is the launch of my L’Oreal campaign!  Own it people @LOrealParisUSA https://t.co/Eh5bqpvLks,en,"Actor and Activist, semi-professional disruptor, ice cream advocate and shameless teacup yorkie-lover",https://pbs.twimg.com/profile_images/1383196364792680448/N8CdupEu_normal.jpg,Amber Heard,807003567605227520,2016-12-08T23:26:58.000Z,https://t.co/Ze18Ek9SOI,190356,220,1150,566,"Los Angeles, CA",realamberheard,i like pretty words,https://pbs.twimg.com/profile_images/1497854223848857601/ARpFY8ZC_normal.jpg,mau,1635293725,2013-07-31T11:32:25.000Z,,627,606,31379,4,en 🐸 agham tao,francescamau_,,,
,Twitter Web Client,"[{'type': 'quoted', 'id': '1080931865043775489'}]",1048421050902630400,1080975193546342400,2019-01-03T23:52:24.000Z,😱😱😍 https://t.co/RPNN5bwVpj,und,"[{'start': 4, 'end': 27, 'url': 'https://t.co/RPNN5bwVpj', 'expanded_url': 'https://twitter.com/realamberheard/status/1080931865043775489', 'display_url': 'twitter.com/realamberheard…'}]",0,0,0,0,Twitter for iPhone,807003567605227520,1080931865043775489,"[{'start': 75, 'end': 98, 'url': 'https://t.co/Eh5bqpvLks', 'expanded_url': 'https://twitter.com/realamberheard/status/1080931865043775489/photo/1', 'display_url': 'pic.twitter.com/Eh5bqpvLks'}]","[{'start': 59, 'end': 74, 'username': 'LOrealParisUSA', 'id': '87222643'}]",2019-01-03T21:00:14.000Z,651,203,6699,90,Today is the launch of my L’Oreal campaign!  Own it people @LOrealParisUSA https://t.co/Eh5bqpvLks,en,"Actor and Activist, semi-professional disruptor, ice cream advocate and shameless teacup yorkie-lover",https://pbs.twimg.com/profile_images/1383196364792680448/N8CdupEu_normal.jpg,Amber Heard,807003567605227520,2016-12-08T23:26:58.000Z,https://t.co/Ze18Ek9SOI,190356,220,1150,566,"Los Angeles, CA",realamberheard,"""La genialidad es un 99% de transpiración y un 1% de inspiración"". -Thomas Alva Edison. 👏🏻💕
Creativo, perfeccionista, astuta persona mexicana... 🇲🇽",https://pbs.twimg.com/profile_images/1080961628210790401/YgiDC8AI_normal.jpg,Uriel Aguilar.,1048421050902630400,2018-10-06T03:53:52.000Z,,3,23,2,0,"Puebla, México",UrielAg04764235,,,
,Twitter for iPhone,"[{'type': 'quoted', 'id': '1080931865043775489'}]",2416803871,1080973064865792000,2019-01-03T23:43:56.000Z,nenhum defeito https://t.co/QYGA0STdV2,pt,"[{'start': 15, 'end': 38, 'url': 'https://t.co/QYGA0STdV2', 'expanded_url': 'https://twitter.com/realamberheard/status/1080931865043775489', 'display_url': 'twitter.com/realamberheard…'}]",0,0,0,0,Twitter for iPhone,807003567605227520,1080931865043775489,"[{'start': 75, 'end': 98, 'url': 'https://t.co/Eh5bqpvLks', 'expanded_url': 'https://twitter.com/realamberheard/status/1080931865043775489/photo/1', 'display_url': 'pic.twitter.com/Eh5bqpvLks'}]","[{'start': 59, 'end': 74, 'username': 'LOrealParisUSA', 'id': '87222643'}]",2019-01-03T21:00:14.000Z,651,203,6699,90,Today is the launch of my L’Oreal campaign!  Own it people @LOrealParisUSA https://t.co/Eh5bqpvLks,en,"Actor and Activist, semi-professional disruptor, ice cream advocate and shameless teacup yorkie-lover",https://pbs.twimg.com/profile_images/1383196364792680448/N8CdupEu_normal.jpg,Amber Heard,807003567605227520,2016-12-08T23:26:58.000Z,https://t.co/Ze18Ek9SOI,190356,220,1150,566,"Los Angeles, CA",realamberheard,"hello sidney, it's an honor",https://pbs.twimg.com/profile_images/1498083456911294470/m7PA83tD_normal.jpg,gui da quebrada,2416803871,2014-03-29T02:33:52.000Z,https://t.co/KPjtPRzyy3,3195,961,113052,37,gaga follows.,emmarobxrts,,,
,Twitter Web Client,"[{'type': 'quoted', 'id': '1080931865043775489'}]",3325965118,1080971411999600640,2019-01-03T23:37:22.000Z,AAAAAAAAAAAAAAY QUE HERMOSA NUESTRA QUEEN AMBER https://t.co/jibFRm1Av5,es,"[{'start': 48, 'end': 71, 'url': 'https://t.co/jibFRm1Av5', 'expanded_url': 'https://twitter.com/realamberheard/status/1080931865043775489', 'display_url': 'twitter.com/realamberheard…'}]",0,0,1,0,Twitter for iPhone,807003567605227520,1080931865043775489,"[{'start': 75, 'end': 98, 'url': 'https://t.co/Eh5bqpvLks', 'expanded_url': 'https://twitter.com/realamberheard/status/1080931865043775489/photo/1', 'display_url': 'pic.twitter.com/Eh5bqpvLks'}]","[{'start': 59, 'end': 74, 'username': 'LOrealParisUSA', 'id': '87222643'}]",2019-01-03T21:00:14.000Z,651,203,6699,90,Today is the launch of my L’Oreal campaign!  Own it people @LOrealParisUSA https://t.co/Eh5bqpvLks,en,"Actor and Activist, semi-professional disruptor, ice cream advocate and shameless teacup yorkie-lover",https://pbs.twimg.com/profile_images/1383196364792680448/N8CdupEu_normal.jpg,Amber Heard,807003567605227520,2016-12-08T23:26:58.000Z,https://t.co/Ze18Ek9SOI,190356,220,1150,566,"Los Angeles, CA",realamberheard,JoJo and Tinashe noticed me. Scarlet Witch stan account. ❤️‍🔥,https://pbs.twimg.com/profile_images/1495765066293125125/A8sLPxqc_normal.jpg,🦥 in the Multiverse of Madness ✨,3325965118,2015-06-15T00:46:23.000Z,https://t.co/KimzVxZkYg,2199,3398,92966,0,"Santiago, Chile",basticasas,,,"[{'start': 36, 'end': 46, 'probability': 0.5447, 'type': 'Person', 'normalized_text': 'QUEEN AMBER'}]"
,Twitter for Android,"[{'type': 'quoted', 'id': '1080931865043775489'}]",998412056,1080964138610741250,2019-01-03T23:08:28.000Z,kenapa sih kenapa:( https://t.co/Utom0B83jy,in,"[{'start': 20, 'end': 43, 'url': 'https://t.co/Utom0B83jy', 'expanded_url': 'https://twitter.com/realamberheard/status/1080931865043775489', 'display_url': 'twitter.com/realamberheard…'}]",0,0,0,0,Twitter for iPhone,807003567605227520,1080931865043775489,"[{'start': 75, 'end': 98, 'url': 'https://t.co/Eh5bqpvLks', 'expanded_url': 'https://twitter.com/realamberheard/status/1080931865043775489/photo/1', 'display_url': 'pic.twitter.com/Eh5bqpvLks'}]","[{'start': 59, 'end': 74, 'username': 'LOrealParisUSA', 'id': '87222643'}]",2019-01-03T21:00:14.000Z,651,203,6699,90,Today is the launch of my L’Oreal campaign!  Own it people @LOrealParisUSA https://t.co/Eh5bqpvLks,en,"Actor and Activist, semi-professional disruptor, ice cream advocate and shameless teacup yorkie-lover",https://pbs.twimg.com/profile_images/1383196364792680448/N8CdupEu_normal.jpg,Amber Heard,807003567605227520,2016-12-08T23:26:58.000Z,https://t.co/Ze18Ek9SOI,190356,220,1150,566,"Los Angeles, CA",realamberheard,Akun Campursari | Super loud and weird | Hyping amongst kpop thingy,https://pbs.twimg.com/profile_images/1456102303463731201/UjUmW_q3_normal.jpg,🍃,998412056,2012-12-09T02:22:30.000Z,,55,104,17273,0,KimKai|Day6|Treasure|TBZ,matchaviolet,,,
,Twitter for iPhone,"[{'type': 'quoted', 'id': '1080931865043775489'}]",231597860,1080962740091383808,2019-01-03T23:02:55.000Z,Like si también le quieres lamer su carita. https://t.co/Z0klBIF1rY,es,"[{'start': 44, 'end': 67, 'url': 'https://t.co/Z0klBIF1rY', 'expanded_url': 'https://twitter.com/realamberheard/status/1080931865043775489', 'display_url': 'twitter.com/realamberheard…'}]",0,0,0,0,Twitter for iPhone,807003567605227520,1080931865043775489,"[{'start': 75, 'end': 98, 'url': 'https://t.co/Eh5bqpvLks', 'expanded_url': 'https://twitter.com/realamberheard/status/1080931865043775489/photo/1', 'display_url': 'pic.twitter.com/Eh5bqpvLks'}]","[{'start': 59, 'end': 74, 'username': 'LOrealParisUSA', 'id': '87222643'}]",2019-01-03T21:00:14.000Z,651,203,6699,90,Today is the launch of my L’Oreal campaign!  Own it people @LOrealParisUSA https://t.co/Eh5bqpvLks,en,"Actor and Activist, semi-professional disruptor, ice cream advocate and shameless teacup yorkie-lover",https://pbs.twimg.com/profile_images/1383196364792680448/N8CdupEu_normal.jpg,Amber Heard,807003567605227520,2016-12-08T23:26:58.000Z,https://t.co/Ze18Ek9SOI,190356,220,1150,566,"Los Angeles, CA",realamberheard,"Me gusta el ganado fino, me refiero a las mujeres.",https://pbs.twimg.com/profile_images/1489086498838306820/hxDzLSQ__normal.jpg,Ronaldo.,231597860,2010-12-28T23:52:35.000Z,,538,539,14086,2,pa k kieres saber eso jaja,tigrillor1,,,
,Twitter for Android,"[{'type': 'quoted', 'id': '1080931865043775489'}]",1078974605392470016,1080962526534262784,2019-01-03T23:02:04.000Z,Mommy @realamberheard you forget to Dinner with me https://t.co/aoWR7O5Adr,en,"[{'start': 51, 'end': 74, 'url': 'https://t.co/aoWR7O5Adr', 'expanded_url': 'https://twitter.com/realamberheard/status/1080931865043775489', 'display_url': 'twitter.com/realamberheard…'}]",0,0,0,0,Twitter for iPhone,807003567605227520,1080931865043775489,"[{'start': 75, 'end': 98, 'url': 'https://t.co/Eh5bqpvLks', 'expanded_url': 'https://twitter.com/realamberheard/status/1080931865043775489/photo/1', 'display_url': 'pic.twitter.com/Eh5bqpvLks'}]","[{'start': 59, 'end': 74, 'username': 'LOrealParisUSA', 'id': '87222643'}]",2019-01-03T21:00:14.000Z,651,203,6699,90,Today is the launch of my L’Oreal campaign!  Own it people @LOrealParisUSA https://t.co/Eh5bqpvLks,en,"Actor and Activist, semi-professional disruptor, ice cream advocate and shameless teacup yorkie-lover",https://pbs.twimg.com/profile_images/1383196364792680448/N8CdupEu_normal.jpg,Amber Heard,807003567605227520,2016-12-08T23:26:58.000Z,https://t.co/Ze18Ek9SOI,190356,220,1150,566,"Los Angeles, CA",realamberheard,"Amber Heard is my mom
Jason momoa is my Dad
and i 13 years old
i am atletean
Aloha j.",https://pbs.twimg.com/profile_images/1078976628791828481/3nkiRumd_normal.jpg,Daar curry,1078974605392470016,2018-12-29T11:22:47.000Z,,0,24,14,0,,DanarMahe,,"[{'start': 6, 'end': 21, 'username': 'realamberheard', 'id': '807003567605227520'}]",
,Twitter for Android,"[{'type': 'quoted', 'id': '1080931865043775489'}]",780870736332267520,1080961858025242625,2019-01-03T22:59:24.000Z,Les Presento a La Nueva Waifu De Las Peliculas Dw Superheroes. https://t.co/U3kzK3H5Yv,es,"[{'start': 63, 'end': 86, 'url': 'https://t.co/U3kzK3H5Yv', 'expanded_url': 'https://twitter.com/realamberheard/status/1080931865043775489', 'display_url': 'twitter.com/realamberheard…'}]",0,1,0,0,Twitter for iPhone,807003567605227520,1080931865043775489,"[{'start': 75, 'end': 98, 'url': 'https://t.co/Eh5bqpvLks', 'expanded_url': 'https://twitter.com/realamberheard/status/1080931865043775489/photo/1', 'display_url': 'pic.twitter.com/Eh5bqpvLks'}]","[{'start': 59, 'end': 74, 'username': 'LOrealParisUSA', 'id': '87222643'}]",2019-01-03T21:00:14.000Z,651,203,6699,90,Today is the launch of my L’Oreal campaign!  Own it people @LOrealParisUSA https://t.co/Eh5bqpvLks,en,"Actor and Activist, semi-professional disruptor, ice cream advocate and shameless teacup yorkie-lover",https://pbs.twimg.com/profile_images/1383196364792680448/N8CdupEu_normal.jpg,Amber Heard,807003567605227520,2016-12-08T23:26:58.000Z,https://t.co/Ze18Ek9SOI,190356,220,1150,566,"Los Angeles, CA",realamberheard,"Youtuber Con Deseos De Exito | Cinefilo | Fan De Los Superheroes | Fan De La Buena Musica | Geek

Mi Canal De Twitch:https://t.co/dJD3pIBetH",https://pbs.twimg.com/profile_images/1478115940185391111/80L0AYzz_normal.jpg,Facundo De Canal 112,780870736332267520,2016-09-27T20:44:26.000Z,https://t.co/KMVekcZzqR,347,322,15631,10,Argentina,canal_112,,,
,Twitter for Android,"[{'type': 'quoted', 'id': '1080931865043775489'}]",2223886944,1080957666229477376,2019-01-03T22:42:45.000Z,Reina 😍 https://t.co/WbeJT0rhYD,es,"[{'start': 8, 'end': 31, 'url': 'https://t.co/WbeJT0rhYD', 'expanded_url': 'https://twitter.com/realamberheard/status/1080931865043775489', 'display_url': 'twitter.com/realamberheard…'}]",0,0,0,0,Twitter for iPhone,807003567605227520,1080931865043775489,"[{'start': 75, 'end': 98, 'url': 'https://t.co/Eh5bqpvLks', 'expanded_url': 'https://twitter.com/realamberheard/status/1080931865043775489/photo/1', 'display_url': 'pic.twitter.com/Eh5bqpvLks'}]","[{'start': 59, 'end': 74, 'username': 'LOrealParisUSA', 'id': '87222643'}]",2019-01-03T21:00:14.000Z,651,203,6699,90,Today is the launch of my L’Oreal campaign!  Own it people @LOrealParisUSA https://t.co/Eh5bqpvLks,en,"Actor and Activist, semi-professional disruptor, ice cream advocate and shameless teacup yorkie-lover",https://pbs.twimg.com/profile_images/1383196364792680448/N8CdupEu_normal.jpg,Amber Heard,807003567605227520,2016-12-08T23:26:58.000Z,https://t.co/Ze18Ek9SOI,190356,220,1150,566,"Los Angeles, CA",realamberheard,Part of the journey is the end.,https://pbs.twimg.com/profile_images/1477148912855232515/-qyNPsAK_normal.jpg,Pablo Bonilla,2223886944,2013-11-30T23:48:17.000Z,,510,1184,37170,0,"Aguascalientes, México",AJBalor25,,,
,Twitter for Android,"[{'type': 'quoted', 'id': '1080931865043775489'}]",121607348,1080956866396606465,2019-01-03T22:39:34.000Z,😍😍 https://t.co/MHuvkmEZD6,und,"[{'start': 3, 'end': 26, 'url': 'https://t.co/MHuvkmEZD6', 'expanded_url': 'https://twitter.com/realamberheard/status/1080931865043775489', 'display_url': 'twitter.com/realamberheard…'}]",0,0,0,0,Twitter for iPhone,807003567605227520,1080931865043775489,"[{'start': 75, 'end': 98, 'url': 'https://t.co/Eh5bqpvLks', 'expanded_url': 'https://twitter.com/realamberheard/status/1080931865043775489/photo/1', 'display_url': 'pic.twitter.com/Eh5bqpvLks'}]","[{'start': 59, 'end': 74, 'username': 'LOrealParisUSA', 'id': '87222643'}]",2019-01-03T21:00:14.000Z,651,203,6699,90,Today is the launch of my L’Oreal campaign!  Own it people @LOrealParisUSA https://t.co/Eh5bqpvLks,en,"Actor and Activist, semi-professional disruptor, ice cream advocate and shameless teacup yorkie-lover",https://pbs.twimg.com/profile_images/1383196364792680448/N8CdupEu_normal.jpg,Amber Heard,807003567605227520,2016-12-08T23:26:58.000Z,https://t.co/Ze18Ek9SOI,190356,220,1150,566,"Los Angeles, CA",realamberheard,XXIII•🏳️‍🌈 ~ Instagram & Snapchat: leonardoar09,https://pbs.twimg.com/profile_images/1498099353616982017/vr9QdrM6_normal.jpg,𝕷𝖊𝖔𝖓𝖆𝖗𝖉𝖔 𝕽𝖎𝖛𝖊𝖗𝖆,121607348,2010-03-10T01:26:59.000Z,,137,244,40034,0,🇲🇽,leonardoar09,,,
,Twitter for iPhone,"[{'type': 'quoted', 'id': '1080931865043775489'}]",297272283,1080956458856935426,2019-01-03T22:37:57.000Z,😍 https://t.co/8mT8549ww7,und,"[{'start': 2, 'end': 25, 'url': 'https://t.co/8mT8549ww7', 'expanded_url': 'https://twitter.com/realamberheard/status/1080931865043775489', 'display_url': 'twitter.com/realamberheard…'}]",0,0,0,0,Twitter for iPhone,807003567605227520,1080931865043775489,"[{'start': 75, 'end': 98, 'url': 'https://t.co/Eh5bqpvLks', 'expanded_url': 'https://twitter.com/realamberheard/status/1080931865043775489/photo/1', 'display_url': 'pic.twitter.com/Eh5bqpvLks'}]","[{'start': 59, 'end': 74, 'username': 'LOrealParisUSA', 'id': '87222643'}]",2019-01-03T21:00:14.000Z,651,203,6699,90,Today is the launch of my L’Oreal campaign!  Own it people @LOrealParisUSA https://t.co/Eh5bqpvLks,en,"Actor and Activist, semi-professional disruptor, ice cream advocate and shameless teacup yorkie-lover",https://pbs.twimg.com/profile_images/1383196364792680448/N8CdupEu_normal.jpg,Amber Heard,807003567605227520,2016-12-08T23:26:58.000Z,https://t.co/Ze18Ek9SOI,190356,220,1150,566,"Los Angeles, CA",realamberheard,"for legal reasons, this acc is a parody",https://pbs.twimg.com/profile_images/1497834018116874240/FP9qqac-_normal.jpg,wil,297272283,2011-05-12T07:14:55.000Z,,412,1519,25842,3,,SinagTrese,,,
,Twitter Web Client,"[{'type': 'quoted', 'id': '1080931865043775489'}]",47963419,1080954012181110785,2019-01-03T22:28:14.000Z,linda e poderosa https://t.co/uXroEaMEn1,pt,"[{'start': 17, 'end': 40, 'url': 'https://t.co/uXroEaMEn1', 'expanded_url': 'https://twitter.com/realamberheard/status/1080931865043775489', 'display_url': 'twitter.com/realamberheard…'}]",0,0,0,0,Twitter for iPhone,807003567605227520,1080931865043775489,"[{'start': 75, 'end': 98, 'url': 'https://t.co/Eh5bqpvLks', 'expanded_url': 'https://twitter.com/realamberheard/status/1080931865043775489/photo/1', 'display_url': 'pic.twitter.com/Eh5bqpvLks'}]","[{'start': 59, 'end': 74, 'username': 'LOrealParisUSA', 'id': '87222643'}]",2019-01-03T21:00:14.000Z,651,203,6699,90,Today is the launch of my L’Oreal campaign!  Own it people @LOrealParisUSA https://t.co/Eh5bqpvLks,en,"Actor and Activist, semi-professional disruptor, ice cream advocate and shameless teacup yorkie-lover",https://pbs.twimg.com/profile_images/1383196364792680448/N8CdupEu_normal.jpg,Amber Heard,807003567605227520,2016-12-08T23:26:58.000Z,https://t.co/Ze18Ek9SOI,190356,220,1150,566,"Los Angeles, CA",realamberheard,She/Her | Ravenclaw | 🌬️🔥 | INFP | Designer | Illustrator | Feminist | ♎♎♎♎♒| Chaotic Neutral | Rebel | Shipper | I live on the Moon.,https://pbs.twimg.com/profile_images/1439415891813412871/6oniH-S3_normal.jpg,тнe wιтcн ๏ғ ๏z,47963419,2009-06-17T13:43:16.000Z,,458,1069,158167,10,,rm_dedeca,,,
,Twitter for Android,"[{'type': 'quoted', 'id': '1080931865043775489'}]",2786165845,1080952623023349760,2019-01-03T22:22:43.000Z,Pinaka maganda sa lahat. 💕 https://t.co/CXvTw9Wlvh,tl,"[{'start': 27, 'end': 50, 'url': 'https://t.co/CXvTw9Wlvh', 'expanded_url': 'https://twitter.com/realamberheard/status/1080931865043775489', 'display_url': 'twitter.com/realamberheard…'}]",0,1,1,0,Twitter for iPhone,807003567605227520,1080931865043775489,"[{'start': 75, 'end': 98, 'url': 'https://t.co/Eh5bqpvLks', 'expanded_url': 'https://twitter.com/realamberheard/status/1080931865043775489/photo/1', 'display_url': 'pic.twitter.com/Eh5bqpvLks'}]","[{'start': 59, 'end': 74, 'username': 'LOrealParisUSA', 'id': '87222643'}]",2019-01-03T21:00:14.000Z,651,203,6699,90,Today is the launch of my L’Oreal campaign!  Own it people @LOrealParisUSA https://t.co/Eh5bqpvLks,en,"Actor and Activist, semi-professional disruptor, ice cream advocate and shameless teacup yorkie-lover",https://pbs.twimg.com/profile_images/1383196364792680448/N8CdupEu_normal.jpg,Amber Heard,807003567605227520,2016-12-08T23:26:58.000Z,https://t.co/Ze18Ek9SOI,190356,220,1150,566,"Los Angeles, CA",realamberheard,,https://pbs.twimg.com/profile_images/1506877476865146883/0Ww83KeG_normal.jpg,𝚊𝚗𝚍𝚒,2786165845,2014-09-02T14:50:09.000Z,,92,370,8825,0,,andysuase,,,
,Twitter for iPhone,"[{'type': 'quoted', 'id': '1080931865043775489'}]",305528058,1080952292826906627,2019-01-03T22:21:24.000Z,زیباترین👌 https://t.co/cZFMdfqM8b,fa,"[{'start': 10, 'end': 33, 'url': 'https://t.co/cZFMdfqM8b', 'expanded_url': 'https://twitter.com/realamberheard/status/1080931865043775489', 'display_url': 'twitter.com/realamberheard…'}]",0,1,4,0,Twitter for iPhone,807003567605227520,1080931865043775489,"[{'start': 75, 'end': 98, 'url': 'https://t.co/Eh5bqpvLks', 'expanded_url': 'https://twitter.com/realamberheard/status/1080931865043775489/photo/1', 'display_url': 'pic.twitter.com/Eh5bqpvLks'}]","[{'start': 59, 'end': 74, 'username': 'LOrealParisUSA', 'id': '87222643'}]",2019-01-03T21:00:14.000Z,651,203,6699,90,Today is the launch of my L’Oreal campaign!  Own it people @LOrealParisUSA https://t.co/Eh5bqpvLks,en,"Actor and Activist, semi-professional disruptor, ice cream advocate and shameless teacup yorkie-lover",https://pbs.twimg.com/profile_images/1383196364792680448/N8CdupEu_normal.jpg,Amber Heard,807003567605227520,2016-12-08T23:26:58.000Z,https://t.co/Ze18Ek9SOI,190356,220,1150,566,"Los Angeles, CA",realamberheard,یه آدم معمولی از قشر متوسط,https://pbs.twimg.com/profile_images/1389567079045550086/qvDR9FN7_normal.jpg,نادر فرود,305528058,2011-05-26T11:21:08.000Z,https://t.co/C3H6wkZOaM,419,1108,3471,0,Iran,NaderForoud,,,
,Twitter for iPad,"[{'type': 'quoted', 'id': '1080931865043775489'}]",3187239182,1080947634171506689,2019-01-03T22:02:53.000Z,Perfection https://t.co/7NddpoTq7N,en,"[{'start': 11, 'end': 34, 'url': 'https://t.co/7NddpoTq7N', 'expanded_url': 'https://twitter.com/realamberheard/status/1080931865043775489', 'display_url': 'twitter.com/realamberheard…'}]",0,0,0,0,Twitter for iPhone,807003567605227520,1080931865043775489,"[{'start': 75, 'end': 98, 'url': 'https://t.co/Eh5bqpvLks', 'expanded_url': 'https://twitter.com/realamberheard/status/1080931865043775489/photo/1', 'display_url': 'pic.twitter.com/Eh5bqpvLks'}]","[{'start': 59, 'end': 74, 'username': 'LOrealParisUSA', 'id': '87222643'}]",2019-01-03T21:00:14.000Z,651,203,6699,90,Today is the launch of my L’Oreal campaign!  Own it people @LOrealParisUSA https://t.co/Eh5bqpvLks,en,"Actor and Activist, semi-professional disruptor, ice cream advocate and shameless teacup yorkie-lover",https://pbs.twimg.com/profile_images/1383196364792680448/N8CdupEu_normal.jpg,Amber Heard,807003567605227520,2016-12-08T23:26:58.000Z,https://t.co/Ze18Ek9SOI,190356,220,1150,566,"Los Angeles, CA",realamberheard,"Husband. Cinephile. Edgelord True Crime Podcaster. I tweet about Film, Star Wars, and all things macabre and spooky. Married to the beautiful @StephieHellYeah",https://pbs.twimg.com/profile_images/1502364038189260802/h7u_YWI__normal.jpg,Michael Black,3187239182,2015-05-07T03:18:58.000Z,https://t.co/kgtg1a9gtd,677,1043,126897,21,Kansas City,AgentBigfoot,,,
,Twitter for Android,"[{'type': 'quoted', 'id': '1080931865043775489'}]",2437883238,1080946724267421698,2019-01-03T21:59:16.000Z,No words 😍😍😍😍😘😘😘😘❤❤❤❤❤❤ simply beautiful @realamberheard https://t.co/GWBS97n4Ya,en,"[{'start': 57, 'end': 80, 'url': 'https://t.co/GWBS97n4Ya', 'expanded_url': 'https://twitter.com/realamberheard/status/1080931865043775489', 'display_url': 'twitter.com/realamberheard…'}]",0,0,0,0,Twitter for iPhone,807003567605227520,1080931865043775489,"[{'start': 75, 'end': 98, 'url': 'https://t.co/Eh5bqpvLks', 'expanded_url': 'https://twitter.com/realamberheard/status/1080931865043775489/photo/1', 'display_url': 'pic.twitter.com/Eh5bqpvLks'}]","[{'start': 59, 'end': 74, 'username': 'LOrealParisUSA', 'id': '87222643'}]",2019-01-03T21:00:14.000Z,651,203,6699,90,Today is the launch of my L’Oreal campaign!  Own it people @LOrealParisUSA https://t.co/Eh5bqpvLks,en,"Actor and Activist, semi-professional disruptor, ice cream advocate and shameless teacup yorkie-lover",https://pbs.twimg.com/profile_images/1383196364792680448/N8CdupEu_normal.jpg,Amber Heard,807003567605227520,2016-12-08T23:26:58.000Z,https://t.co/Ze18Ek9SOI,190356,220,1150,566,"Los Angeles, CA",realamberheard,,https://pbs.twimg.com/profile_images/1369414528979660801/S898at6K_normal.jpg,Edgardo Sotelo,2437883238,2014-04-11T03:45:32.000Z,,41,296,695,0,,nomercymmxii,,"[{'start': 41, 'end': 56, 'username': 'realamberheard', 'id': '807003567605227520'}]",
,Twitter Web Client,"[{'type': 'quoted', 'id': '1080931865043775489'}]",779917770330808321,1080946683436040195,2019-01-03T21:59:07.000Z,Symmetry 🖤 https://t.co/ti4v0YjZDr,en,"[{'start': 11, 'end': 34, 'url': 'https://t.co/ti4v0YjZDr', 'expanded_url': 'https://twitter.com/realamberheard/status/1080931865043775489', 'display_url': 'twitter.com/realamberheard…'}]",0,0,0,0,Twitter for iPhone,807003567605227520,1080931865043775489,"[{'start': 75, 'end': 98, 'url': 'https://t.co/Eh5bqpvLks', 'expanded_url': 'https://twitter.com/realamberheard/status/1080931865043775489/photo/1', 'display_url': 'pic.twitter.com/Eh5bqpvLks'}]","[{'start': 59, 'end': 74, 'username': 'LOrealParisUSA', 'id': '87222643'}]",2019-01-03T21:00:14.000Z,651,203,6699,90,Today is the launch of my L’Oreal campaign!  Own it people @LOrealParisUSA https://t.co/Eh5bqpvLks,en,"Actor and Activist, semi-professional disruptor, ice cream advocate and shameless teacup yorkie-lover",https://pbs.twimg.com/profile_images/1383196364792680448/N8CdupEu_normal.jpg,Amber Heard,807003567605227520,2016-12-08T23:26:58.000Z,https://t.co/Ze18Ek9SOI,190356,220,1150,566,"Los Angeles, CA",realamberheard,"Médico 
Lone Wolf",https://pbs.twimg.com/profile_images/1503427546351693827/MdL5W6IX_normal.jpg,Víctor Arturo,779917770330808321,2016-09-25T05:37:41.000Z,,71,105,5715,0, México ,KeepOnCallingMe,,,
,Twitter for Android,"[{'type': 'quoted', 'id': '1080931865043775489'}]",224479318,1080946504238415872,2019-01-03T21:58:24.000Z,"Gak ada syukurnya nih jhonny deep dapet amber heard, malah disia-siain 😂😂😂 https://t.co/h5f5OcBMMZ",in,"[{'start': 75, 'end': 98, 'url': 'https://t.co/h5f5OcBMMZ', 'expanded_url': 'https://twitter.com/realamberheard/status/1080931865043775489', 'display_url': 'twitter.com/realamberheard…'}]",0,0,0,0,Twitter for iPhone,807003567605227520,1080931865043775489,"[{'start': 75, 'end': 98, 'url': 'https://t.co/Eh5bqpvLks', 'expanded_url': 'https://twitter.com/realamberheard/status/1080931865043775489/photo/1', 'display_url': 'pic.twitter.com/Eh5bqpvLks'}]","[{'start': 59, 'end': 74, 'username': 'LOrealParisUSA', 'id': '87222643'}]",2019-01-03T21:00:14.000Z,651,203,6699,90,Today is the launch of my L’Oreal campaign!  Own it people @LOrealParisUSA https://t.co/Eh5bqpvLks,en,"Actor and Activist, semi-professional disruptor, ice cream advocate and shameless teacup yorkie-lover",https://pbs.twimg.com/profile_images/1383196364792680448/N8CdupEu_normal.jpg,Amber Heard,807003567605227520,2016-12-08T23:26:58.000Z,https://t.co/Ze18Ek9SOI,190356,220,1150,566,"Los Angeles, CA",realamberheard,"belajar mendengar lebih sulit daripada belajar sok tau. orang yg mempunyai mimpi jalan-jalan menggelilingi bumi nusantara :) .
http://t.co/WkrHIReuRa",https://pbs.twimg.com/profile_images/1495441205148401664/QByy4QhQ_normal.jpg,eko yulianto,224479318,2010-12-09T03:27:50.000Z,,329,1502,36252,0,East jakarta,ekonors,,,
,Twitter Web Client,"[{'type': 'quoted', 'id': '1080931865043775489'}]",65982043,1080946280170508288,2019-01-03T21:57:30.000Z,"OMG!😍
You are right @lot_roc.
Amber is so gorgeous!💜💜💜 https://t.co/WPJmQNFbNe",en,"[{'start': 55, 'end': 78, 'url': 'https://t.co/WPJmQNFbNe', 'expanded_url': 'https://twitter.com/realamberheard/status/1080931865043775489', 'display_url': 'twitter.com/realamberheard…'}]",0,0,0,0,Twitter for iPhone,807003567605227520,1080931865043775489,"[{'start': 75, 'end': 98, 'url': 'https://t.co/Eh5bqpvLks', 'expanded_url': 'https://twitter.com/realamberheard/status/1080931865043775489/photo/1', 'display_url': 'pic.twitter.com/Eh5bqpvLks'}]","[{'start': 59, 'end': 74, 'username': 'LOrealParisUSA', 'id': '87222643'}]",2019-01-03T21:00:14.000Z,651,203,6699,90,Today is the launch of my L’Oreal campaign!  Own it people @LOrealParisUSA https://t.co/Eh5bqpvLks,en,"Actor and Activist, semi-professional disruptor, ice cream advocate and shameless teacup yorkie-lover",https://pbs.twimg.com/profile_images/1383196364792680448/N8CdupEu_normal.jpg,Amber Heard,807003567605227520,2016-12-08T23:26:58.000Z,https://t.co/Ze18Ek9SOI,190356,220,1150,566,"Los Angeles, CA",realamberheard,"Gamer, Roleplayer, LGBTQIA+ rights advocate, SJW & TV show binge-watcher.

Pronouns: She, Her
Trans, Polyam (@AriiaLux), Lesbian
Clan #Brujah",https://pbs.twimg.com/profile_images/1506020036175093773/Rh2EtOkr_normal.jpg,Ashley,65982043,2009-08-15T21:29:46.000Z,,567,203,92834,5,,AshTRGaming,,,"[{'start': 31, 'end': 35, 'probability': 0.5941, 'type': 'Person', 'normalized_text': 'Amber'}]"
,Twitter for Android,"[{'type': 'quoted', 'id': '1080931865043775489'}]",110013605,1080943363166212096,2019-01-03T21:45:55.000Z,"Eres el amor de mi vida, el destino lo sabía (8) 😍 https://t.co/c3oxLg1s6E",es,"[{'start': 51, 'end': 74, 'url': 'https://t.co/c3oxLg1s6E', 'expanded_url': 'https://twitter.com/realamberheard/status/1080931865043775489', 'display_url': 'twitter.com/realamberheard…'}]",0,0,0,0,Twitter for iPhone,807003567605227520,1080931865043775489,"[{'start': 75, 'end': 98, 'url': 'https://t.co/Eh5bqpvLks', 'expanded_url': 'https://twitter.com/realamberheard/status/1080931865043775489/photo/1', 'display_url': 'pic.twitter.com/Eh5bqpvLks'}]","[{'start': 59, 'end': 74, 'username': 'LOrealParisUSA', 'id': '87222643'}]",2019-01-03T21:00:14.000Z,651,203,6699,90,Today is the launch of my L’Oreal campaign!  Own it people @LOrealParisUSA https://t.co/Eh5bqpvLks,en,"Actor and Activist, semi-professional disruptor, ice cream advocate and shameless teacup yorkie-lover",https://pbs.twimg.com/profile_images/1383196364792680448/N8CdupEu_normal.jpg,Amber Heard,807003567605227520,2016-12-08T23:26:58.000Z,https://t.co/Ze18Ek9SOI,190356,220,1150,566,"Los Angeles, CA",realamberheard,Life is made of small moments like these - A&B,https://pbs.twimg.com/profile_images/1485692598241144840/0r8mhNii_normal.jpg,shavie,110013605,2010-01-31T01:53:09.000Z,,378,765,47192,3,,JGShavie,,,
,Twitter for Android,"[{'type': 'quoted', 'id': '1080931865043775489'}]",47811862,1080942649379602432,2019-01-03T21:43:05.000Z,"Pos me caso,parte 2 💜 https://t.co/Ditb7oqDEr",es,"[{'start': 22, 'end': 45, 'url': 'https://t.co/Ditb7oqDEr', 'expanded_url': 'https://twitter.com/realamberheard/status/1080931865043775489', 'display_url': 'twitter.com/realamberheard…'}]",0,0,0,0,Twitter for iPhone,807003567605227520,1080931865043775489,"[{'start': 75, 'end': 98, 'url': 'https://t.co/Eh5bqpvLks', 'expanded_url': 'https://twitter.com/realamberheard/status/1080931865043775489/photo/1', 'display_url': 'pic.twitter.com/Eh5bqpvLks'}]","[{'start': 59, 'end': 74, 'username': 'LOrealParisUSA', 'id': '87222643'}]",2019-01-03T21:00:14.000Z,651,203,6699,90,Today is the launch of my L’Oreal campaign!  Own it people @LOrealParisUSA https://t.co/Eh5bqpvLks,en,"Actor and Activist, semi-professional disruptor, ice cream advocate and shameless teacup yorkie-lover",https://pbs.twimg.com/profile_images/1383196364792680448/N8CdupEu_normal.jpg,Amber Heard,807003567605227520,2016-12-08T23:26:58.000Z,https://t.co/Ze18Ek9SOI,190356,220,1150,566,"Los Angeles, CA",realamberheard,Languages. Movies. TV. Music.  👫🏻👭🏻,https://pbs.twimg.com/profile_images/1047943012209180672/NYLR5XnS_normal.jpg,Roxana Martínez,47811862,2009-06-17T01:49:09.000Z,https://t.co/X3VhhElq3d,306,871,14010,13,CDMX,lulythecurious,,,
219224737,Twitter for iPhone,"[{'type': 'quoted', 'id': '1080931865043775489'}]",402834631,1080941104843948034,2019-01-03T21:36:56.000Z,@gustavoaguz https://t.co/ngU1dxxsgK,und,"[{'start': 13, 'end': 36, 'url': 'https://t.co/ngU1dxxsgK', 'expanded_url': 'https://twitter.com/realamberheard/status/1080931865043775489', 'display_url': 'twitter.com/realamberheard…'}]",0,0,1,0,Twitter for iPhone,807003567605227520,1080931865043775489,"[{'start': 75, 'end': 98, 'url': 'https://t.co/Eh5bqpvLks', 'expanded_url': 'https://twitter.com/realamberheard/status/1080931865043775489/photo/1', 'display_url': 'pic.twitter.com/Eh5bqpvLks'}]","[{'start': 59, 'end': 74, 'username': 'LOrealParisUSA', 'id': '87222643'}]",2019-01-03T21:00:14.000Z,651,203,6699,90,Today is the launch of my L’Oreal campaign!  Own it people @LOrealParisUSA https://t.co/Eh5bqpvLks,en,"Actor and Activist, semi-professional disruptor, ice cream advocate and shameless teacup yorkie-lover",https://pbs.twimg.com/profile_images/1383196364792680448/N8CdupEu_normal.jpg,Amber Heard,807003567605227520,2016-12-08T23:26:58.000Z,https://t.co/Ze18Ek9SOI,190356,220,1150,566,"Los Angeles, CA",realamberheard,I hope they remember you,https://pbs.twimg.com/profile_images/1073039358440169472/nNAfdzfM_normal.jpg,Arthur,402834631,2011-11-01T16:58:16.000Z,,91,239,3273,1,,Slifer715,,"[{'start': 0, 'end': 12, 'username': 'gustavoaguz', 'id': '219224737'}]",
,Twitter Web Client,"[{'type': 'quoted', 'id': '1080931865043775489'}]",4725007099,1080940245137395712,2019-01-03T21:33:31.000Z,"MAMITA LINDA, ERES BELLA. I Love you https://t.co/LM84HFQFTi",en,"[{'start': 37, 'end': 60, 'url': 'https://t.co/LM84HFQFTi', 'expanded_url': 'https://twitter.com/realamberheard/status/1080931865043775489', 'display_url': 'twitter.com/realamberheard…'}]",0,0,0,0,Twitter for iPhone,807003567605227520,1080931865043775489,"[{'start': 75, 'end': 98, 'url': 'https://t.co/Eh5bqpvLks', 'expanded_url': 'https://twitter.com/realamberheard/status/1080931865043775489/photo/1', 'display_url': 'pic.twitter.com/Eh5bqpvLks'}]","[{'start': 59, 'end': 74, 'username': 'LOrealParisUSA', 'id': '87222643'}]",2019-01-03T21:00:14.000Z,651,203,6699,90,Today is the launch of my L’Oreal campaign!  Own it people @LOrealParisUSA https://t.co/Eh5bqpvLks,en,"Actor and Activist, semi-professional disruptor, ice cream advocate and shameless teacup yorkie-lover",https://pbs.twimg.com/profile_images/1383196364792680448/N8CdupEu_normal.jpg,Amber Heard,807003567605227520,2016-12-08T23:26:58.000Z,https://t.co/Ze18Ek9SOI,190356,220,1150,566,"Los Angeles, CA",realamberheard,,https://abs.twimg.com/sticky/default_profile_images/default_profile_normal.png,ALEX MARTZ,4725007099,2016-01-07T19:56:52.000Z,,10,18,1094,0,,01bismark,,,
,Twitter for Android,"[{'type': 'quoted', 'id': '1080931865043775489'}]",829060178230312963,1080939982200717312,2019-01-03T21:32:29.000Z,"ela com projetos amo isso 
o soco em quem disse que a carreira dela tava acabada https://t.co/84wIhrTcf9",pt,"[{'start': 81, 'end': 104, 'url': 'https://t.co/84wIhrTcf9', 'expanded_url': 'https://twitter.com/realamberheard/status/1080931865043775489', 'display_url': 'twitter.com/realamberheard…'}]",0,0,1,0,Twitter for iPhone,807003567605227520,1080931865043775489,"[{'start': 75, 'end': 98, 'url': 'https://t.co/Eh5bqpvLks', 'expanded_url': 'https://twitter.com/realamberheard/status/1080931865043775489/photo/1', 'display_url': 'pic.twitter.com/Eh5bqpvLks'}]","[{'start': 59, 'end': 74, 'username': 'LOrealParisUSA', 'id': '87222643'}]",2019-01-03T21:00:14.000Z,651,203,6699,90,Today is the launch of my L’Oreal campaign!  Own it people @LOrealParisUSA https://t.co/Eh5bqpvLks,en,"Actor and Activist, semi-professional disruptor, ice cream advocate and shameless teacup yorkie-lover",https://pbs.twimg.com/profile_images/1383196364792680448/N8CdupEu_normal.jpg,Amber Heard,807003567605227520,2016-12-08T23:26:58.000Z,https://t.co/Ze18Ek9SOI,190356,220,1150,566,"Los Angeles, CA",realamberheard,#AARONLINA: you feel complete in my arms. you feel like my home.,https://pbs.twimg.com/profile_images/1498718582133428224/BqPz5V2a_normal.jpg,beatrice,829060178230312963,2017-02-07T20:12:04.000Z,https://t.co/ujkxaHsGpl,8203,5398,277634,108,anakin skywalker • juleslele ,theallisters,,,
,Twitter for Android,"[{'type': 'quoted', 'id': '1080931865043775489'}]",95327125,1080939980388614144,2019-01-03T21:32:28.000Z,🤩🤩🤩🤩😍😍😍😍 https://t.co/oMnRqVeOVd,und,"[{'start': 9, 'end': 32, 'url': 'https://t.co/oMnRqVeOVd', 'expanded_url': 'https://twitter.com/realamberheard/status/1080931865043775489', 'display_url': 'twitter.com/realamberheard…'}]",0,0,0,0,Twitter for iPhone,807003567605227520,1080931865043775489,"[{'start': 75, 'end': 98, 'url': 'https://t.co/Eh5bqpvLks', 'expanded_url': 'https://twitter.com/realamberheard/status/1080931865043775489/photo/1', 'display_url': 'pic.twitter.com/Eh5bqpvLks'}]","[{'start': 59, 'end': 74, 'username': 'LOrealParisUSA', 'id': '87222643'}]",2019-01-03T21:00:14.000Z,651,203,6699,90,Today is the launch of my L’Oreal campaign!  Own it people @LOrealParisUSA https://t.co/Eh5bqpvLks,en,"Actor and Activist, semi-professional disruptor, ice cream advocate and shameless teacup yorkie-lover",https://pbs.twimg.com/profile_images/1383196364792680448/N8CdupEu_normal.jpg,Amber Heard,807003567605227520,2016-12-08T23:26:58.000Z,https://t.co/Ze18Ek9SOI,190356,220,1150,566,"Los Angeles, CA",realamberheard,"We do what we want. We don't care what anyone else thinks!!!

Cliff Burton",https://pbs.twimg.com/profile_images/1338352943658098689/2OTyYJw5_normal.jpg,Ricardo Ramirez,95327125,2009-12-08T01:51:45.000Z,https://t.co/EnBIiS80pd,2839,2557,330772,113,"Guadalajara, Jalisco",Metallibanger,,,
,Twitter for Android,"[{'type': 'quoted', 'id': '1080931865043775489'}]",2724444422,1080939858451927042,2019-01-03T21:31:59.000Z,so happy https://t.co/jlQIzO5j04,en,"[{'start': 9, 'end': 32, 'url': 'https://t.co/jlQIzO5j04', 'expanded_url': 'https://twitter.com/realamberheard/status/1080931865043775489', 'display_url': 'twitter.com/realamberheard…'}]",0,0,0,0,Twitter for iPhone,807003567605227520,1080931865043775489,"[{'start': 75, 'end': 98, 'url': 'https://t.co/Eh5bqpvLks', 'expanded_url': 'https://twitter.com/realamberheard/status/1080931865043775489/photo/1', 'display_url': 'pic.twitter.com/Eh5bqpvLks'}]","[{'start': 59, 'end': 74, 'username': 'LOrealParisUSA', 'id': '87222643'}]",2019-01-03T21:00:14.000Z,651,203,6699,90,Today is the launch of my L’Oreal campaign!  Own it people @LOrealParisUSA https://t.co/Eh5bqpvLks,en,"Actor and Activist, semi-professional disruptor, ice cream advocate and shameless teacup yorkie-lover",https://pbs.twimg.com/profile_images/1383196364792680448/N8CdupEu_normal.jpg,Amber Heard,807003567605227520,2016-12-08T23:26:58.000Z,https://t.co/Ze18Ek9SOI,190356,220,1150,566,"Los Angeles, CA",realamberheard,all r&b and hip hop culture,https://pbs.twimg.com/profile_images/1505214911051440135/SZpWBAtg_normal.jpg,sasa,2724444422,2014-08-11T18:27:47.000Z,,1231,583,61214,11,,fkatwyez,,,
,Twitter for Android,"[{'type': 'quoted', 'id': '1080931865043775489'}]",766449585623592964,1080938567613009922,2019-01-03T21:26:52.000Z,Surra de beleza https://t.co/w1D8G1WA4Y,pt,"[{'start': 16, 'end': 39, 'url': 'https://t.co/w1D8G1WA4Y', 'expanded_url': 'https://twitter.com/realamberheard/status/1080931865043775489', 'display_url': 'twitter.com/realamberheard…'}]",0,0,0,0,Twitter for iPhone,807003567605227520,1080931865043775489,"[{'start': 75, 'end': 98, 'url': 'https://t.co/Eh5bqpvLks', 'expanded_url': 'https://twitter.com/realamberheard/status/1080931865043775489/photo/1', 'display_url': 'pic.twitter.com/Eh5bqpvLks'}]","[{'start': 59, 'end': 74, 'username': 'LOrealParisUSA', 'id': '87222643'}]",2019-01-03T21:00:14.000Z,651,203,6699,90,Today is the launch of my L’Oreal campaign!  Own it people @LOrealParisUSA https://t.co/Eh5bqpvLks,en,"Actor and Activist, semi-professional disruptor, ice cream advocate and shameless teacup yorkie-lover",https://pbs.twimg.com/profile_images/1383196364792680448/N8CdupEu_normal.jpg,Amber Heard,807003567605227520,2016-12-08T23:26:58.000Z,https://t.co/Ze18Ek9SOI,190356,220,1150,566,"Los Angeles, CA",realamberheard,#1 stan do sorriso da gal gadot e da Bianca 💛🌻|,https://pbs.twimg.com/profile_images/1444823741167513601/rL1PEGnK_normal.jpg,raissa,766449585623592964,2016-08-19T01:39:56.000Z,,255,222,23131,3,Themyscira ,dianaxpriince,,,
,Twitter Web Client,"[{'type': 'quoted', 'id': '1080931865043775489'}]",855471198905536512,1080936522482884609,2019-01-03T21:18:44.000Z,we can't wait to see much more. it's a collaboration between you and @LOrealParisUSA stunning and glam  #WeWorthIt https://t.co/ReWd2kifmA,en,"[{'start': 115, 'end': 138, 'url': 'https://t.co/ReWd2kifmA', 'expanded_url': 'https://twitter.com/realamberheard/status/1080931865043775489', 'display_url': 'twitter.com/realamberheard…'}]",0,0,6,0,Twitter for iPhone,807003567605227520,1080931865043775489,"[{'start': 75, 'end': 98, 'url': 'https://t.co/Eh5bqpvLks', 'expanded_url': 'https://twitter.com/realamberheard/status/1080931865043775489/photo/1', 'display_url': 'pic.twitter.com/Eh5bqpvLks'}]","[{'start': 59, 'end': 74, 'username': 'LOrealParisUSA', 'id': '87222643'}]",2019-01-03T21:00:14.000Z,651,203,6699,90,Today is the launch of my L’Oreal campaign!  Own it people @LOrealParisUSA https://t.co/Eh5bqpvLks,en,"Actor and Activist, semi-professional disruptor, ice cream advocate and shameless teacup yorkie-lover",https://pbs.twimg.com/profile_images/1383196364792680448/N8CdupEu_normal.jpg,Amber Heard,807003567605227520,2016-12-08T23:26:58.000Z,https://t.co/Ze18Ek9SOI,190356,220,1150,566,"Los Angeles, CA",realamberheard,"Don't worry about what others think. Most people are always negative,don't let it bother you🌸🌿🏳️‍🌈Talking about feelings can and does help people to feel better",https://pbs.twimg.com/profile_images/1503082598930735108/a1v51xt6_normal.jpg,PlanetEmerald,855471198905536512,2017-04-21T17:20:02.000Z,,68,75,5668,0,Atlantis  ,planet_emeraude,"[{'start': 104, 'end': 114, 'tag': 'WeWorthIt'}]","[{'start': 69, 'end': 84, 'username': 'LOrealParisUSA', 'id': '87222643'}]",
,Twitter for Android,"[{'type': 'quoted', 'id': '1080931865043775489'}]",1603642452,1080936012161921025,2019-01-03T21:16:42.000Z,"La mujer más hermosa del mundo, no lo digo yo, lo dice la ciencia. 😉😍 https://t.co/csdDDZFpLT",es,"[{'start': 70, 'end': 93, 'url': 'https://t.co/csdDDZFpLT', 'expanded_url': 'https://twitter.com/realamberheard/status/1080931865043775489', 'display_url': 'twitter.com/realamberheard…'}]",0,0,0,0,Twitter for iPhone,807003567605227520,1080931865043775489,"[{'start': 75, 'end': 98, 'url': 'https://t.co/Eh5bqpvLks', 'expanded_url': 'https://twitter.com/realamberheard/status/1080931865043775489/photo/1', 'display_url': 'pic.twitter.com/Eh5bqpvLks'}]","[{'start': 59, 'end': 74, 'username': 'LOrealParisUSA', 'id': '87222643'}]",2019-01-03T21:00:14.000Z,651,203,6699,90,Today is the launch of my L’Oreal campaign!  Own it people @LOrealParisUSA https://t.co/Eh5bqpvLks,en,"Actor and Activist, semi-professional disruptor, ice cream advocate and shameless teacup yorkie-lover",https://pbs.twimg.com/profile_images/1383196364792680448/N8CdupEu_normal.jpg,Amber Heard,807003567605227520,2016-12-08T23:26:58.000Z,https://t.co/Ze18Ek9SOI,190356,220,1150,566,"Los Angeles, CA",realamberheard,Abogado | Futbol⚽️ | Literatura | @Coldplay,https://pbs.twimg.com/profile_images/1298316139831926785/cmv_Wk3H_normal.jpg,Elvis Marroquín,1603642452,2013-07-18T15:15:11.000Z,,4023,4232,12912,3,"Oaxaca, México",evimarroquin,,,
,Twitter for iPhone,"[{'type': 'quoted', 'id': '1080931865043775489'}]",1462699430,1080935730237575169,2019-01-03T21:15:35.000Z,QUEEN https://t.co/L4PKj7LnTB,en,"[{'start': 6, 'end': 29, 'url': 'https://t.co/L4PKj7LnTB', 'expanded_url': 'https://twitter.com/realamberheard/status/1080931865043775489', 'display_url': 'twitter.com/realamberheard…'}]",0,0,1,0,Twitter for iPhone,807003567605227520,1080931865043775489,"[{'start': 75, 'end': 98, 'url': 'https://t.co/Eh5bqpvLks', 'expanded_url': 'https://twitter.com/realamberheard/status/1080931865043775489/photo/1', 'display_url': 'pic.twitter.com/Eh5bqpvLks'}]","[{'start': 59, 'end': 74, 'username': 'LOrealParisUSA', 'id': '87222643'}]",2019-01-03T21:00:14.000Z,651,203,6699,90,Today is the launch of my L’Oreal campaign!  Own it people @LOrealParisUSA https://t.co/Eh5bqpvLks,en,"Actor and Activist, semi-professional disruptor, ice cream advocate and shameless teacup yorkie-lover",https://pbs.twimg.com/profile_images/1383196364792680448/N8CdupEu_normal.jpg,Amber Heard,807003567605227520,2016-12-08T23:26:58.000Z,https://t.co/Ze18Ek9SOI,190356,220,1150,566,"Los Angeles, CA",realamberheard,poster designer. critic.,https://pbs.twimg.com/profile_images/1482754568798851077/xl4s1uIZ_normal.jpg,ahmad,1462699430,2013-05-27T17:27:47.000Z,,14165,1469,37993,45,,thisisnotahmad,,,
,Twitter for Android,"[{'type': 'quoted', 'id': '1080931865043775489'}]",447559848,1080934562518237184,2019-01-03T21:10:57.000Z,Perfection 😍 https://t.co/9F7dpdQCvZ,en,"[{'start': 13, 'end': 36, 'url': 'https://t.co/9F7dpdQCvZ', 'expanded_url': 'https://twitter.com/realamberheard/status/1080931865043775489', 'display_url': 'twitter.com/realamberheard…'}]",0,0,0,0,Twitter for iPhone,807003567605227520,1080931865043775489,"[{'start': 75, 'end': 98, 'url': 'https://t.co/Eh5bqpvLks', 'expanded_url': 'https://twitter.com/realamberheard/status/1080931865043775489/photo/1', 'display_url': 'pic.twitter.com/Eh5bqpvLks'}]","[{'start': 59, 'end': 74, 'username': 'LOrealParisUSA', 'id': '87222643'}]",2019-01-03T21:00:14.000Z,651,203,6699,90,Today is the launch of my L’Oreal campaign!  Own it people @LOrealParisUSA https://t.co/Eh5bqpvLks,en,"Actor and Activist, semi-professional disruptor, ice cream advocate and shameless teacup yorkie-lover",https://pbs.twimg.com/profile_images/1383196364792680448/N8CdupEu_normal.jpg,Amber Heard,807003567605227520,2016-12-08T23:26:58.000Z,https://t.co/Ze18Ek9SOI,190356,220,1150,566,"Los Angeles, CA",realamberheard,"Madisson ❤️
#Negronaranja ⚫🔶",https://pbs.twimg.com/profile_images/1272391088637194240/XzVCoF6G_normal.jpg,Stanley Martínez,447559848,2011-12-27T01:33:16.000Z,,176,929,38302,2,,StanleeeyM,,,
,Twitter for Android,"[{'type': 'quoted', 'id': '1080931865043775489'}]",2847415805,1080934471216627712,2019-01-03T21:10:35.000Z,i'm really a bottom BOTTOM https://t.co/ctlEGZqvkN,en,"[{'start': 27, 'end': 50, 'url': 'https://t.co/ctlEGZqvkN', 'expanded_url': 'https://twitter.com/realamberheard/status/1080931865043775489', 'display_url': 'twitter.com/realamberheard…'}]",0,0,0,0,Twitter for iPhone,807003567605227520,1080931865043775489,"[{'start': 75, 'end': 98, 'url': 'https://t.co/Eh5bqpvLks', 'expanded_url': 'https://twitter.com/realamberheard/status/1080931865043775489/photo/1', 'display_url': 'pic.twitter.com/Eh5bqpvLks'}]","[{'start': 59, 'end': 74, 'username': 'LOrealParisUSA', 'id': '87222643'}]",2019-01-03T21:00:14.000Z,651,203,6699,90,Today is the launch of my L’Oreal campaign!  Own it people @LOrealParisUSA https://t.co/Eh5bqpvLks,en,"Actor and Activist, semi-professional disruptor, ice cream advocate and shameless teacup yorkie-lover",https://pbs.twimg.com/profile_images/1383196364792680448/N8CdupEu_normal.jpg,Amber Heard,807003567605227520,2016-12-08T23:26:58.000Z,https://t.co/Ze18Ek9SOI,190356,220,1150,566,"Los Angeles, CA",realamberheard,"#SIDNEYPRESCOTT : you sick fucks. you've seen one too many movies !
@theboogayman",https://pbs.twimg.com/profile_images/1505778963637063680/06afGON0_normal.jpg,line,2847415805,2014-10-27T23:02:36.000Z,https://t.co/qtKQx6f1i8,307,139,40930,10,france • she/her • 21,httpsunfIower,,,
,Twitter for iPad,"[{'type': 'quoted', 'id': '1080931865043775489'}]",40171779,1080933616165838850,2019-01-03T21:07:11.000Z,🥰😍😘❤️ https://t.co/hqNv58Y4jg,und,"[{'start': 6, 'end': 29, 'url': 'https://t.co/hqNv58Y4jg', 'expanded_url': 'https://twitter.com/realamberheard/status/1080931865043775489', 'display_url': 'twitter.com/realamberheard…'}]",0,0,0,0,Twitter for iPhone,807003567605227520,1080931865043775489,"[{'start': 75, 'end': 98, 'url': 'https://t.co/Eh5bqpvLks', 'expanded_url': 'https://twitter.com/realamberheard/status/1080931865043775489/photo/1', 'display_url': 'pic.twitter.com/Eh5bqpvLks'}]","[{'start': 59, 'end': 74, 'username': 'LOrealParisUSA', 'id': '87222643'}]",2019-01-03T21:00:14.000Z,651,203,6699,90,Today is the launch of my L’Oreal campaign!  Own it people @LOrealParisUSA https://t.co/Eh5bqpvLks,en,"Actor and Activist, semi-professional disruptor, ice cream advocate and shameless teacup yorkie-lover",https://pbs.twimg.com/profile_images/1383196364792680448/N8CdupEu_normal.jpg,Amber Heard,807003567605227520,2016-12-08T23:26:58.000Z,https://t.co/Ze18Ek9SOI,190356,220,1150,566,"Los Angeles, CA",realamberheard,"Longtime suffering and bitter Superman/DCEU fan. Zack Snyder, Harry Potter, Ferrari F1 s̶h̶i̶l̶l̶ also FCB + Messi & Schweinsteiger still #1 :P",https://pbs.twimg.com/profile_images/1438793707868721156/zrIAhDgV_normal.jpg,Ian #GetVaccinated,40171779,2009-05-15T04:04:13.000Z,,543,2390,123569,28,Fortress of Solitude,ianklsdmbldr,,,
,Twitter Web Client,"[{'type': 'quoted', 'id': '1080931865043775489'}]",41959749,1080933242868383744,2019-01-03T21:05:42.000Z,"She is a beautiful woman,  but I really like her better as a redhead.  She really looks great as Mera! https://t.co/ejkzDWYi7v",en,"[{'start': 103, 'end': 126, 'url': 'https://t.co/ejkzDWYi7v', 'expanded_url': 'https://twitter.com/realamberheard/status/1080931865043775489', 'display_url': 'twitter.com/realamberheard…'}]",0,1,1,0,Twitter for iPhone,807003567605227520,1080931865043775489,"[{'start': 75, 'end': 98, 'url': 'https://t.co/Eh5bqpvLks', 'expanded_url': 'https://twitter.com/realamberheard/status/1080931865043775489/photo/1', 'display_url': 'pic.twitter.com/Eh5bqpvLks'}]","[{'start': 59, 'end': 74, 'username': 'LOrealParisUSA', 'id': '87222643'}]",2019-01-03T21:00:14.000Z,651,203,6699,90,Today is the launch of my L’Oreal campaign!  Own it people @LOrealParisUSA https://t.co/Eh5bqpvLks,en,"Actor and Activist, semi-professional disruptor, ice cream advocate and shameless teacup yorkie-lover",https://pbs.twimg.com/profile_images/1383196364792680448/N8CdupEu_normal.jpg,Amber Heard,807003567605227520,2016-12-08T23:26:58.000Z,https://t.co/Ze18Ek9SOI,190356,220,1150,566,"Los Angeles, CA",realamberheard,,https://pbs.twimg.com/profile_images/1041433671868153856/srdiPaT1_normal.jpg,Raymond Scott,41959749,2009-05-23T02:52:09.000Z,,161,1459,5740,0,"Tacoma, WA",Stellarus,,,
,Twitter for iPhone,"[{'type': 'quoted', 'id': '1080931865043775489'}]",768867595814629376,1080933184890695683,2019-01-03T21:05:28.000Z,W O W https://t.co/2wSYJWVan7,und,"[{'start': 6, 'end': 29, 'url': 'https://t.co/2wSYJWVan7', 'expanded_url': 'https://twitter.com/realamberheard/status/1080931865043775489', 'display_url': 'twitter.com/realamberheard…'}]",0,0,1,0,Twitter for iPhone,807003567605227520,1080931865043775489,"[{'start': 75, 'end': 98, 'url': 'https://t.co/Eh5bqpvLks', 'expanded_url': 'https://twitter.com/realamberheard/status/1080931865043775489/photo/1', 'display_url': 'pic.twitter.com/Eh5bqpvLks'}]","[{'start': 59, 'end': 74, 'username': 'LOrealParisUSA', 'id': '87222643'}]",2019-01-03T21:00:14.000Z,651,203,6699,90,Today is the launch of my L’Oreal campaign!  Own it people @LOrealParisUSA https://t.co/Eh5bqpvLks,en,"Actor and Activist, semi-professional disruptor, ice cream advocate and shameless teacup yorkie-lover",https://pbs.twimg.com/profile_images/1383196364792680448/N8CdupEu_normal.jpg,Amber Heard,807003567605227520,2016-12-08T23:26:58.000Z,https://t.co/Ze18Ek9SOI,190356,220,1150,566,"Los Angeles, CA",realamberheard,"♡ ruled by uranus and saturn ‧ dc comics enthusiast, living in a state of dreaming.",https://pbs.twimg.com/profile_images/1105519814368468994/XV0CejOv_normal.jpg,✩ ─ Cloe.,768867595814629376,2016-08-25T17:48:14.000Z,,193,127,5374,2,"　☾　she / her, italy.",hexianovae,,,
,Twitter for Android,"[{'type': 'quoted', 'id': '1080931865043775489'}]",3349867499,1080933015956656128,2019-01-03T21:04:48.000Z,I love you 😍😍😍 https://t.co/3WwfXRHSiG,en,"[{'start': 15, 'end': 38, 'url': 'https://t.co/3WwfXRHSiG', 'expanded_url': 'https://twitter.com/realamberheard/status/1080931865043775489', 'display_url': 'twitter.com/realamberheard…'}]",0,0,0,0,Twitter for iPhone,807003567605227520,1080931865043775489,"[{'start': 75, 'end': 98, 'url': 'https://t.co/Eh5bqpvLks', 'expanded_url': 'https://twitter.com/realamberheard/status/1080931865043775489/photo/1', 'display_url': 'pic.twitter.com/Eh5bqpvLks'}]","[{'start': 59, 'end': 74, 'username': 'LOrealParisUSA', 'id': '87222643'}]",2019-01-03T21:00:14.000Z,651,203,6699,90,Today is the launch of my L’Oreal campaign!  Own it people @LOrealParisUSA https://t.co/Eh5bqpvLks,en,"Actor and Activist, semi-professional disruptor, ice cream advocate and shameless teacup yorkie-lover",https://pbs.twimg.com/profile_images/1383196364792680448/N8CdupEu_normal.jpg,Amber Heard,807003567605227520,2016-12-08T23:26:58.000Z,https://t.co/Ze18Ek9SOI,190356,220,1150,566,"Los Angeles, CA",realamberheard,iwaoi. haikyuu + taylor swift. -16 dni. neurodivergent. pfp by @mr_piccadilly ♡,https://pbs.twimg.com/profile_images/1432317919522873350/DKYfZ1AQ_normal.jpg,READ PINNED. 📌💜,3349867499,2015-06-28T22:00:35.000Z,https://t.co/FiWQkZjRxs,1115,1393,79597,0,she/her. 28. aries. bi.,dreakawa,,,
,Twitter for Android,"[{'type': 'quoted', 'id': '1080931865043775489'}]",2739731767,1080932641959038976,2019-01-03T21:03:19.000Z,amber faz campanha pra loreal e o luhan tbm eu quero um encontro dos dois na minha mesa agora https://t.co/jBSIL56qFb,pt,"[{'start': 94, 'end': 117, 'url': 'https://t.co/jBSIL56qFb', 'expanded_url': 'https://twitter.com/realamberheard/status/1080931865043775489', 'display_url': 'twitter.com/realamberheard…'}]",0,0,0,0,Twitter for iPhone,807003567605227520,1080931865043775489,"[{'start': 75, 'end': 98, 'url': 'https://t.co/Eh5bqpvLks', 'expanded_url': 'https://twitter.com/realamberheard/status/1080931865043775489/photo/1', 'display_url': 'pic.twitter.com/Eh5bqpvLks'}]","[{'start': 59, 'end': 74, 'username': 'LOrealParisUSA', 'id': '87222643'}]",2019-01-03T21:00:14.000Z,651,203,6699,90,Today is the launch of my L’Oreal campaign!  Own it people @LOrealParisUSA https://t.co/Eh5bqpvLks,en,"Actor and Activist, semi-professional disruptor, ice cream advocate and shameless teacup yorkie-lover",https://pbs.twimg.com/profile_images/1383196364792680448/N8CdupEu_normal.jpg,Amber Heard,807003567605227520,2016-12-08T23:26:58.000Z,https://t.co/Ze18Ek9SOI,190356,220,1150,566,"Los Angeles, CA",realamberheard,if we burn you will burn with us,https://pbs.twimg.com/profile_images/1504955426764464131/xM34rQp__normal.jpg,ؘ,2739731767,2014-08-17T13:25:41.000Z,,2041,416,132214,23,cabin 3 ,luhanload,,,"[{'start': 0, 'end': 4, 'probability': 0.907, 'type': 'Person', 'normalized_text': 'amber'}, {'start': 34, 'end': 38, 'probability': 0.869, 'type': 'Person', 'normalized_text': 'luhan'}]"
,Twitter for Android,"[{'type': 'quoted', 'id': '1080931865043775489'}]",101900518,1080932580432756737,2019-01-03T21:03:04.000Z,vaya diosa ❤❤❤❤😍 https://t.co/lK4V8DkFya,es,"[{'start': 17, 'end': 40, 'url': 'https://t.co/lK4V8DkFya', 'expanded_url': 'https://twitter.com/realamberheard/status/1080931865043775489', 'display_url': 'twitter.com/realamberheard…'}]",0,0,1,0,Twitter for iPhone,807003567605227520,1080931865043775489,"[{'start': 75, 'end': 98, 'url': 'https://t.co/Eh5bqpvLks', 'expanded_url': 'https://twitter.com/realamberheard/status/1080931865043775489/photo/1', 'display_url': 'pic.twitter.com/Eh5bqpvLks'}]","[{'start': 59, 'end': 74, 'username': 'LOrealParisUSA', 'id': '87222643'}]",2019-01-03T21:00:14.000Z,651,203,6699,90,Today is the launch of my L’Oreal campaign!  Own it people @LOrealParisUSA https://t.co/Eh5bqpvLks,en,"Actor and Activist, semi-professional disruptor, ice cream advocate and shameless teacup yorkie-lover",https://pbs.twimg.com/profile_images/1383196364792680448/N8CdupEu_normal.jpg,Amber Heard,807003567605227520,2016-12-08T23:26:58.000Z,https://t.co/Ze18Ek9SOI,190356,220,1150,566,"Los Angeles, CA",realamberheard,"She read about people she could never be, and adventures she would never have.
She/Her.",https://pbs.twimg.com/profile_images/1478866055548256257/eoo666hF_normal.jpg,mera ✨,101900518,2010-01-05T00:06:08.000Z,,761,377,199186,27,,meradeatlantis,,,
,Twitter Web Client,"[{'type': 'quoted', 'id': '1080931865043775489'}]",875884874535718912,1080932482130812935,2019-01-03T21:02:41.000Z,eu amo essa desgraçada demais pqp https://t.co/7TiIikSL5F,pt,"[{'start': 34, 'end': 57, 'url': 'https://t.co/7TiIikSL5F', 'expanded_url': 'https://twitter.com/realamberheard/status/1080931865043775489', 'display_url': 'twitter.com/realamberheard…'}]",0,0,1,0,Twitter for iPhone,807003567605227520,1080931865043775489,"[{'start': 75, 'end': 98, 'url': 'https://t.co/Eh5bqpvLks', 'expanded_url': 'https://twitter.com/realamberheard/status/1080931865043775489/photo/1', 'display_url': 'pic.twitter.com/Eh5bqpvLks'}]","[{'start': 59, 'end': 74, 'username': 'LOrealParisUSA', 'id': '87222643'}]",2019-01-03T21:00:14.000Z,651,203,6699,90,Today is the launch of my L’Oreal campaign!  Own it people @LOrealParisUSA https://t.co/Eh5bqpvLks,en,"Actor and Activist, semi-professional disruptor, ice cream advocate and shameless teacup yorkie-lover",https://pbs.twimg.com/profile_images/1383196364792680448/N8CdupEu_normal.jpg,Amber Heard,807003567605227520,2016-12-08T23:26:58.000Z,https://t.co/Ze18Ek9SOI,190356,220,1150,566,"Los Angeles, CA",realamberheard,what would evan rachel wood do?,https://pbs.twimg.com/profile_images/1386355649324457987/OaHmgKFY_normal.jpg,lucille sharpe,875884874535718912,2017-06-17T01:16:42.000Z,,425,400,9999,3,ela/dela,evanrachxlswood,,,
,Twitter for Android,"[{'type': 'quoted', 'id': '1080931865043775489'}]",767530370,1080932321933619206,2019-01-03T21:02:02.000Z,"Allora, @lorealitalia vediamo di organizzarci. Va bin?? https://t.co/IVc6dPeQMd",it,"[{'start': 56, 'end': 79, 'url': 'https://t.co/IVc6dPeQMd', 'expanded_url': 'https://twitter.com/realamberheard/status/1080931865043775489', 'display_url': 'twitter.com/realamberheard…'}]",0,0,0,0,Twitter for iPhone,807003567605227520,1080931865043775489,"[{'start': 75, 'end': 98, 'url': 'https://t.co/Eh5bqpvLks', 'expanded_url': 'https://twitter.com/realamberheard/status/1080931865043775489/photo/1', 'display_url': 'pic.twitter.com/Eh5bqpvLks'}]","[{'start': 59, 'end': 74, 'username': 'LOrealParisUSA', 'id': '87222643'}]",2019-01-03T21:00:14.000Z,651,203,6699,90,Today is the launch of my L’Oreal campaign!  Own it people @LOrealParisUSA https://t.co/Eh5bqpvLks,en,"Actor and Activist, semi-professional disruptor, ice cream advocate and shameless teacup yorkie-lover",https://pbs.twimg.com/profile_images/1383196364792680448/N8CdupEu_normal.jpg,Amber Heard,807003567605227520,2016-12-08T23:26:58.000Z,https://t.co/Ze18Ek9SOI,190356,220,1150,566,"Los Angeles, CA",realamberheard,Una nave in una foresta,https://pbs.twimg.com/profile_images/1499843877737578499/SzEndpDT_normal.jpg,wh🅰️t the fox?,767530370,2012-08-19T13:02:28.000Z,,380,147,59974,3,,_ArtemisHunter_,,"[{'start': 8, 'end': 21, 'username': 'lorealitalia', 'id': '745970601068740610'}]",
,TweetDeck,"[{'type': 'quoted', 'id': '1080931865043775489'}]",25785671,1080931952901922816,2019-01-03T21:00:34.000Z,Oh hey girl https://t.co/u7jVyw70ig,en,"[{'start': 12, 'end': 35, 'url': 'https://t.co/u7jVyw70ig', 'expanded_url': 'https://twitter.com/realamberheard/status/1080931865043775489', 'display_url': 'twitter.com/realamberheard…'}]",0,0,6,0,Twitter for iPhone,807003567605227520,1080931865043775489,"[{'start': 75, 'end': 98, 'url': 'https://t.co/Eh5bqpvLks', 'expanded_url': 'https://twitter.com/realamberheard/status/1080931865043775489/photo/1', 'display_url': 'pic.twitter.com/Eh5bqpvLks'}]","[{'start': 59, 'end': 74, 'username': 'LOrealParisUSA', 'id': '87222643'}]",2019-01-03T21:00:14.000Z,651,203,6699,90,Today is the launch of my L’Oreal campaign!  Own it people @LOrealParisUSA https://t.co/Eh5bqpvLks,en,"Actor and Activist, semi-professional disruptor, ice cream advocate and shameless teacup yorkie-lover",https://pbs.twimg.com/profile_images/1383196364792680448/N8CdupEu_normal.jpg,Amber Heard,807003567605227520,2016-12-08T23:26:58.000Z,https://t.co/Ze18Ek9SOI,190356,220,1150,566,"Los Angeles, CA",realamberheard,I'm far too emotionally attached to way too many fictional characters. nicwatchestv@gmail.com she/her,https://pbs.twimg.com/profile_images/1482171016424083463/1qHh2dQ8_normal.jpg,Nic,25785671,2009-03-22T05:23:54.000Z,,8393,1405,409920,93,CT,CloneNic,,,
