text,source,referenced_tweets,lang,id,created_at,author_id,public_metrics.retweet_count,public_metrics.reply_count,public_metrics.like_count,public_metrics.quote_count,entities.urls,entities.hashtags,quoted_tweet.text,quoted_tweet.source,quoted_tweet.public_metrics.retweet_count,quoted_tweet.public_metrics.reply_count,quoted_tweet.public_metrics.like_count,quoted_tweet.public_metrics.quote_count,quoted_tweet.lang,quoted_tweet.id,quoted_tweet.created_at,quoted_tweet.entities.annotations,quoted_tweet.entities.urls,quoted_tweet.entities.hashtags,quoted_tweet.author_id,quoted_tweet.author.public_metrics.followers_count,quoted_tweet.author.public_metrics.following_count,quoted_tweet.author.public_metrics.tweet_count,quoted_tweet.author.public_metrics.listed_count,quoted_tweet.author.location,quoted_tweet.author.profile_image_url,quoted_tweet.author.url,quoted_tweet.author.username,quoted_tweet.author.description,quoted_tweet.author.id,quoted_tweet.author.name,quoted_tweet.author.created_at,author.public_metrics.followers_count,author.public_metrics.following_count,author.public_metrics.tweet_count,author.public_metrics.listed_count,author.location,author.profile_image_url,author.url,author.username,author.description,author.id,author.name,author.created_at
The fuck?! #FreeThePress https://t.co/8VQJl2vvPU,Twitter for Android,"[{'type': 'quoted', 'id': '1080379795668692993'}]",en,1080438142795173889,2019-01-02T12:18:21.000Z,41012278,0,0,0,0,"[{'start': 25, 'end': 48, 'url': 'https://t.co/8VQJl2vvPU', 'expanded_url': 'https://twitter.com/realamberheard/status/1080379795668692993', 'display_url': 'twitter.com/realamberheard…'}]","[{'start': 11, 'end': 24, 'tag': 'FreeThePress'}]","Cool, can’t wait 4 the next dystopian ‘fictional’ series Netflix decides to ‘adapt’...or does The Crown already have a deal n place somewhere else? #FreeThePress
Netflix Takes Down Episode Of Hasan Minhaj's Show After Saudi Arabia Complains https://t.co/zYsBsn87ql",Twitter for iPad,63,25,557,6,en,1080379795668692993,2019-01-02T08:26:30.000Z,"[{'start': 57, 'end': 63, 'probability': 0.4554, 'type': 'Organization', 'normalized_text': 'Netflix'}, {'start': 94, 'end': 102, 'probability': 0.4781, 'type': 'Other', 'normalized_text': 'The Crown'}, {'start': 162, 'end': 168, 'probability': 0.4016, 'type': 'Organization', 'normalized_text': 'Netflix'}, {'start': 192, 'end': 203, 'probability': 0.8395, 'type': 'Person', 'normalized_text': 'Hasan Minhaj'}, {'start': 218, 'end': 229, 'probability': 0.8145, 'type': 'Place', 'normalized_text': 'Saudi Arabia'}]","[{'start': 241, 'end': 264, 'url': 'https://t.co/zYsBsn87ql', 'expanded_url': 'https://www.huffingtonpost.com/entry/netflix-patriot-act-with-hasan-minhaj-saudi-arabia_us_5c2b8947e4b0407e9085ad5d', 'display_url': 'huffingtonpost.com/entry/netflix-…', 'status': 200, 'unwound_url': 'https://www.huffpost.com/entry/netflix-patriot-act-with-hasan-minhaj-saudi-arabia_n_5c2b8947e4b0407e9085ad5d'}]","[{'start': 148, 'end': 161, 'tag': 'FreeThePress'}]",807003567605227520,190356,220,1150,566,"Los Angeles, CA",https://pbs.twimg.com/profile_images/1383196364792680448/N8CdupEu_normal.jpg,https://t.co/Ze18Ek9SOI,realamberheard,"Actor and Activist, semi-professional disruptor, ice cream advocate and shameless teacup yorkie-lover",807003567605227520,Amber Heard,2016-12-08T23:26:58.000Z,445,352,43151,38,Canada,https://pbs.twimg.com/profile_images/1489804911172804612/7fsVXuxk_normal.jpg,https://t.co/hXJEEvbBzX,GregMikaels,"FR/ENG🇨🇦🇭🇹. Aspiring novelist, Youtuber, Webcomic Writer (HEART OF WILDFIRE & 4 OF A KIND - https://t.co/OwpQZ2Pgjl",41012278,Greg Mikaels,2009-05-19T00:35:20.000Z
OMG https://t.co/ue6NIMJlN5,Twitter Web Client,"[{'type': 'quoted', 'id': '1080379795668692993'}]",und,1080380627738873859,2019-01-02T08:29:48.000Z,265086330,0,0,0,0,"[{'start': 4, 'end': 27, 'url': 'https://t.co/ue6NIMJlN5', 'expanded_url': 'https://twitter.com/realamberheard/status/1080379795668692993', 'display_url': 'twitter.com/realamberheard…'}]",,"Cool, can’t wait 4 the next dystopian ‘fictional’ series Netflix decides to ‘adapt’...or does The Crown already have a deal n place somewhere else? #FreeThePress
Netflix Takes Down Episode Of Hasan Minhaj's Show After Saudi Arabia Complains https://t.co/zYsBsn87ql",Twitter for iPad,63,25,557,6,en,1080379795668692993,2019-01-02T08:26:30.000Z,"[{'start': 57, 'end': 63, 'probability': 0.4554, 'type': 'Organization', 'normalized_text': 'Netflix'}, {'start': 94, 'end': 102, 'probability': 0.4781, 'type': 'Other', 'normalized_text': 'The Crown'}, {'start': 162, 'end': 168, 'probability': 0.4016, 'type': 'Organization', 'normalized_text': 'Netflix'}, {'start': 192, 'end': 203, 'probability': 0.8395, 'type': 'Person', 'normalized_text': 'Hasan Minhaj'}, {'start': 218, 'end': 229, 'probability': 0.8145, 'type': 'Place', 'normalized_text': 'Saudi Arabia'}]","[{'start': 241, 'end': 264, 'url': 'https://t.co/zYsBsn87ql', 'expanded_url': 'https://www.huffingtonpost.com/entry/netflix-patriot-act-with-hasan-minhaj-saudi-arabia_us_5c2b8947e4b0407e9085ad5d', 'display_url': 'huffingtonpost.com/entry/netflix-…', 'status': 200, 'unwound_url': 'https://www.huffpost.com/entry/netflix-patriot-act-with-hasan-minhaj-saudi-arabia_n_5c2b8947e4b0407e9085ad5d'}]","[{'start': 148, 'end': 161, 'tag': 'FreeThePress'}]",807003567605227520,190356,220,1150,566,"Los Angeles, CA",https://pbs.twimg.com/profile_images/1383196364792680448/N8CdupEu_normal.jpg,https://t.co/Ze18Ek9SOI,realamberheard,"Actor and Activist, semi-professional disruptor, ice cream advocate and shameless teacup yorkie-lover",807003567605227520,Amber Heard,2016-12-08T23:26:58.000Z,512,368,34991,11,Honeymoon Avenue,https://pbs.twimg.com/profile_images/1504321390291275780/Wt8KckeB_normal.jpg,https://t.co/3lOj5vdZn0,meggandraper,"I'm not gonna die, 'cause I got the heart and the twat of a high school cheerleader who's only done anal",265086330,megan draper,2011-03-13T00:35:54.000Z
