referenced_tweets,id,lang,text,created_at,source,author_id,entities.urls,entities.annotations,public_metrics.retweet_count,public_metrics.reply_count,public_metrics.like_count,public_metrics.quote_count,quoted_tweet.id,quoted_tweet.lang,quoted_tweet.text,quoted_tweet.created_at,quoted_tweet.source,quoted_tweet.author_id,quoted_tweet.entities.urls,quoted_tweet.public_metrics.retweet_count,quoted_tweet.public_metrics.reply_count,quoted_tweet.public_metrics.like_count,quoted_tweet.public_metrics.quote_count,quoted_tweet.author.public_metrics.followers_count,quoted_tweet.author.public_metrics.following_count,quoted_tweet.author.public_metrics.tweet_count,quoted_tweet.author.public_metrics.listed_count,quoted_tweet.author.created_at,quoted_tweet.author.id,quoted_tweet.author.location,quoted_tweet.author.name,quoted_tweet.author.profile_image_url,quoted_tweet.author.username,quoted_tweet.author.url,quoted_tweet.author.description,author.public_metrics.followers_count,author.public_metrics.following_count,author.public_metrics.tweet_count,author.public_metrics.listed_count,author.created_at,author.id,author.location,author.name,author.profile_image_url,author.username,author.url,author.description,entities.mentions
"[{'type': 'quoted', 'id': '1080279811325603841'}]",1082764419749302273,en,"But this has always been true - Stan Lee once said, when talking about the classic Iron Man series, that most of the readers were women and they would write to him more than men did, excited about the next installment. Its only cuz pop culture made us out to be ""fake"" fans and... https://t.co/GBHwEsfxaH",2019-01-08T22:22:09.000Z,Twitter for Android,799752245520830466,"[{'start': 281, 'end': 304, 'url': 'https://t.co/GBHwEsfxaH', 'expanded_url': 'https://twitter.com/realamberheard/status/1080279811325603841', 'display_url': 'twitter.com/realamberheard…'}]","[{'start': 32, 'end': 39, 'probability': 0.9719, 'type': 'Person', 'normalized_text': 'Stan Lee'}, {'start': 83, 'end': 90, 'probability': 0.5623, 'type': 'Other', 'normalized_text': 'Iron Man'}]",0,1,1,0,1080279811325603841,en,"It’s almost as though they’re suggesting inclusion correlates to success?  Yes, surprisingly, as the number of female superheros rises, so does the fan base! Women make up nearly (if not) half the superhero fan base..
https://t.co/3nvdDSP0rQ",2019-01-02T01:49:12.000Z,Twitter for iPad,807003567605227520,"[{'start': 218, 'end': 241, 'url': 'https://t.co/3nvdDSP0rQ', 'expanded_url': 'https://www.theguardian.com/books/2015/sep/18/female-comic-book-readers-women-avengers-a-force', 'display_url': 'theguardian.com/books/2015/sep…', 'status': 200, 'unwound_url': 'https://www.theguardian.com/books/2015/sep/18/female-comic-book-readers-women-avengers-a-force'}]",624,80,2829,32,190357,220,1150,566,2016-12-08T23:26:58.000Z,807003567605227520,"Los Angeles, CA",Amber Heard,https://pbs.twimg.com/profile_images/1383196364792680448/N8CdupEu_normal.jpg,realamberheard,https://t.co/Ze18Ek9SOI,"Actor and Activist, semi-professional disruptor, ice cream advocate and shameless teacup yorkie-lover",106,334,18236,1,2016-11-18T23:12:48.000Z,799752245520830466,"she/her, 💗, 🇹🇷",🍃,https://pbs.twimg.com/profile_images/1506357447216312324/sgQ86q9Z_normal.jpg,itscemlikegem,,"✷.        🌕  *    .     🌍    *      *    . ☄️
    •    *     •   .     .    .  🪐      .      *    ✨ *   💫      *    .       •    *   .  •  ⚡
    .         ★",
"[{'type': 'quoted', 'id': '1080279811325603841'}]",1080820289490075648,en,This. https://t.co/tzetjEmkbs,2019-01-03T13:36:52.000Z,Twitter for iPhone,968793001,"[{'start': 6, 'end': 29, 'url': 'https://t.co/tzetjEmkbs', 'expanded_url': 'https://twitter.com/realamberheard/status/1080279811325603841', 'display_url': 'twitter.com/realamberheard…'}]",,0,0,0,0,1080279811325603841,en,"It’s almost as though they’re suggesting inclusion correlates to success?  Yes, surprisingly, as the number of female superheros rises, so does the fan base! Women make up nearly (if not) half the superhero fan base..
https://t.co/3nvdDSP0rQ",2019-01-02T01:49:12.000Z,Twitter for iPad,807003567605227520,"[{'start': 218, 'end': 241, 'url': 'https://t.co/3nvdDSP0rQ', 'expanded_url': 'https://www.theguardian.com/books/2015/sep/18/female-comic-book-readers-women-avengers-a-force', 'display_url': 'theguardian.com/books/2015/sep…', 'status': 200, 'unwound_url': 'https://www.theguardian.com/books/2015/sep/18/female-comic-book-readers-women-avengers-a-force'}]",624,80,2829,32,190357,220,1150,566,2016-12-08T23:26:58.000Z,807003567605227520,"Los Angeles, CA",Amber Heard,https://pbs.twimg.com/profile_images/1383196364792680448/N8CdupEu_normal.jpg,realamberheard,https://t.co/Ze18Ek9SOI,"Actor and Activist, semi-professional disruptor, ice cream advocate and shameless teacup yorkie-lover",1313,1348,161475,46,2012-11-24T20:53:24.000Z,968793001,🇨🇴Bogotá -The city of stars✨,🦁🌺 La La Cindy 🎥📚,https://pbs.twimg.com/profile_images/1475312674066112514/Pin4I_KH_normal.jpg,JustReadAndLove,https://t.co/tW4xEC1ace,"29. Editor 📚. Pensive baker 🧁. I like to fangirl at way too many books, tv shows and movies. Santa Fe 🦁 LAFC 🖤 ACFC💖 #SiNoLeGustaNoLea. D.4. Gryffinbae.",
"[{'type': 'quoted', 'id': '1080279811325603841'}]",1080505579586666496,en,Amber Heard is the Mera we deserve https://t.co/OwKQTKw6QI,2019-01-02T16:46:19.000Z,Twitter for iPhone,2995294983,"[{'start': 35, 'end': 58, 'url': 'https://t.co/OwKQTKw6QI', 'expanded_url': 'https://twitter.com/realamberheard/status/1080279811325603841', 'display_url': 'twitter.com/realamberheard…'}]","[{'start': 0, 'end': 10, 'probability': 0.4458, 'type': 'Person', 'normalized_text': 'Amber Heard'}]",0,0,2,0,1080279811325603841,en,"It’s almost as though they’re suggesting inclusion correlates to success?  Yes, surprisingly, as the number of female superheros rises, so does the fan base! Women make up nearly (if not) half the superhero fan base..
https://t.co/3nvdDSP0rQ",2019-01-02T01:49:12.000Z,Twitter for iPad,807003567605227520,"[{'start': 218, 'end': 241, 'url': 'https://t.co/3nvdDSP0rQ', 'expanded_url': 'https://www.theguardian.com/books/2015/sep/18/female-comic-book-readers-women-avengers-a-force', 'display_url': 'theguardian.com/books/2015/sep…', 'status': 200, 'unwound_url': 'https://www.theguardian.com/books/2015/sep/18/female-comic-book-readers-women-avengers-a-force'}]",624,80,2829,32,190357,220,1150,566,2016-12-08T23:26:58.000Z,807003567605227520,"Los Angeles, CA",Amber Heard,https://pbs.twimg.com/profile_images/1383196364792680448/N8CdupEu_normal.jpg,realamberheard,https://t.co/Ze18Ek9SOI,"Actor and Activist, semi-professional disruptor, ice cream advocate and shameless teacup yorkie-lover",566,533,7361,2,2015-01-24T05:45:12.000Z,2995294983,coconut mall,renée,https://pbs.twimg.com/profile_images/1483874836254498818/1znSC5bb_normal.jpg,renrose_,,chihuahua mom / nintendo enthusiast,
"[{'type': 'quoted', 'id': '1080279811325603841'}]",1080489109368516608,und,💜 https://t.co/sKHbH4SoEh,2019-01-02T15:40:52.000Z,Twitter for Android,1459660448,"[{'start': 2, 'end': 25, 'url': 'https://t.co/sKHbH4SoEh', 'expanded_url': 'https://twitter.com/realamberheard/status/1080279811325603841', 'display_url': 'twitter.com/realamberheard…'}]",,0,0,0,0,1080279811325603841,en,"It’s almost as though they’re suggesting inclusion correlates to success?  Yes, surprisingly, as the number of female superheros rises, so does the fan base! Women make up nearly (if not) half the superhero fan base..
https://t.co/3nvdDSP0rQ",2019-01-02T01:49:12.000Z,Twitter for iPad,807003567605227520,"[{'start': 218, 'end': 241, 'url': 'https://t.co/3nvdDSP0rQ', 'expanded_url': 'https://www.theguardian.com/books/2015/sep/18/female-comic-book-readers-women-avengers-a-force', 'display_url': 'theguardian.com/books/2015/sep…', 'status': 200, 'unwound_url': 'https://www.theguardian.com/books/2015/sep/18/female-comic-book-readers-women-avengers-a-force'}]",624,80,2829,32,190357,220,1150,566,2016-12-08T23:26:58.000Z,807003567605227520,"Los Angeles, CA",Amber Heard,https://pbs.twimg.com/profile_images/1383196364792680448/N8CdupEu_normal.jpg,realamberheard,https://t.co/Ze18Ek9SOI,"Actor and Activist, semi-professional disruptor, ice cream advocate and shameless teacup yorkie-lover",1620,199,51532,3,2013-05-26T13:33:39.000Z,1459660448,,toledo,https://pbs.twimg.com/profile_images/1462566649635164170/BKoExCzT_normal.jpg,toled0felipe,https://t.co/u5Xi7Nsht4,existo e resisto,
"[{'type': 'quoted', 'id': '1080279811325603841'}]",1080409440766095360,en,Eyyyyyy let’s go https://t.co/E0OziYiz8u,2019-01-02T10:24:18.000Z,Twitter for iPhone,93050496,"[{'start': 17, 'end': 40, 'url': 'https://t.co/E0OziYiz8u', 'expanded_url': 'https://twitter.com/realamberheard/status/1080279811325603841', 'display_url': 'twitter.com/realamberheard…'}]",,0,0,1,0,1080279811325603841,en,"It’s almost as though they’re suggesting inclusion correlates to success?  Yes, surprisingly, as the number of female superheros rises, so does the fan base! Women make up nearly (if not) half the superhero fan base..
https://t.co/3nvdDSP0rQ",2019-01-02T01:49:12.000Z,Twitter for iPad,807003567605227520,"[{'start': 218, 'end': 241, 'url': 'https://t.co/3nvdDSP0rQ', 'expanded_url': 'https://www.theguardian.com/books/2015/sep/18/female-comic-book-readers-women-avengers-a-force', 'display_url': 'theguardian.com/books/2015/sep…', 'status': 200, 'unwound_url': 'https://www.theguardian.com/books/2015/sep/18/female-comic-book-readers-women-avengers-a-force'}]",624,80,2829,32,190357,220,1150,566,2016-12-08T23:26:58.000Z,807003567605227520,"Los Angeles, CA",Amber Heard,https://pbs.twimg.com/profile_images/1383196364792680448/N8CdupEu_normal.jpg,realamberheard,https://t.co/Ze18Ek9SOI,"Actor and Activist, semi-professional disruptor, ice cream advocate and shameless teacup yorkie-lover",1803,334,11260,10,2009-11-27T21:21:53.000Z,93050496,mollieevans.com/shop,Mollie Evans,https://pbs.twimg.com/profile_images/1504491394903195648/FsEJe4Om_normal.jpg,littlemotac_,https://t.co/1VaaAINcU7,"Overly smiley streamer, loud politics student & illustrator with permanently blue hair (she/her)✨ littlemotac@gmail.com💌 ~Working with Water Aid Feb-March~",
"[{'type': 'quoted', 'id': '1080279811325603841'}]",1080362984524926976,en,This twit made my entire week. https://t.co/FWx772InOP,2019-01-02T07:19:42.000Z,Twitter for Android,1025439548652838913,"[{'start': 31, 'end': 54, 'url': 'https://t.co/FWx772InOP', 'expanded_url': 'https://twitter.com/realamberheard/status/1080279811325603841', 'display_url': 'twitter.com/realamberheard…'}]",,0,0,0,0,1080279811325603841,en,"It’s almost as though they’re suggesting inclusion correlates to success?  Yes, surprisingly, as the number of female superheros rises, so does the fan base! Women make up nearly (if not) half the superhero fan base..
https://t.co/3nvdDSP0rQ",2019-01-02T01:49:12.000Z,Twitter for iPad,807003567605227520,"[{'start': 218, 'end': 241, 'url': 'https://t.co/3nvdDSP0rQ', 'expanded_url': 'https://www.theguardian.com/books/2015/sep/18/female-comic-book-readers-women-avengers-a-force', 'display_url': 'theguardian.com/books/2015/sep…', 'status': 200, 'unwound_url': 'https://www.theguardian.com/books/2015/sep/18/female-comic-book-readers-women-avengers-a-force'}]",624,80,2829,32,190357,220,1150,566,2016-12-08T23:26:58.000Z,807003567605227520,"Los Angeles, CA",Amber Heard,https://pbs.twimg.com/profile_images/1383196364792680448/N8CdupEu_normal.jpg,realamberheard,https://t.co/Ze18Ek9SOI,"Actor and Activist, semi-professional disruptor, ice cream advocate and shameless teacup yorkie-lover",694,4969,69390,8,2018-08-03T17:53:34.000Z,1025439548652838913,,Rexy in a Morbius Era!,https://pbs.twimg.com/profile_images/1505245377146114048/4jZKt-6N_normal.jpg,GeneratorRexy,,"(he/they) (eng/esp) 🇦🇷 21y. Mainly talking about Comics.
I don't like DMs. I might retweet some NSFW posts. #FreePalestine.",
"[{'type': 'quoted', 'id': '1080279811325603841'}]",1080340313548288000,und,🔥 https://t.co/HELcEzG8E4,2019-01-02T05:49:37.000Z,Twitter Web Client,3279122815,"[{'start': 2, 'end': 25, 'url': 'https://t.co/HELcEzG8E4', 'expanded_url': 'https://twitter.com/realamberheard/status/1080279811325603841', 'display_url': 'twitter.com/realamberheard…'}]",,0,0,0,0,1080279811325603841,en,"It’s almost as though they’re suggesting inclusion correlates to success?  Yes, surprisingly, as the number of female superheros rises, so does the fan base! Women make up nearly (if not) half the superhero fan base..
https://t.co/3nvdDSP0rQ",2019-01-02T01:49:12.000Z,Twitter for iPad,807003567605227520,"[{'start': 218, 'end': 241, 'url': 'https://t.co/3nvdDSP0rQ', 'expanded_url': 'https://www.theguardian.com/books/2015/sep/18/female-comic-book-readers-women-avengers-a-force', 'display_url': 'theguardian.com/books/2015/sep…', 'status': 200, 'unwound_url': 'https://www.theguardian.com/books/2015/sep/18/female-comic-book-readers-women-avengers-a-force'}]",624,80,2829,32,190357,220,1150,566,2016-12-08T23:26:58.000Z,807003567605227520,"Los Angeles, CA",Amber Heard,https://pbs.twimg.com/profile_images/1383196364792680448/N8CdupEu_normal.jpg,realamberheard,https://t.co/Ze18Ek9SOI,"Actor and Activist, semi-professional disruptor, ice cream advocate and shameless teacup yorkie-lover",741,662,90099,11,2015-07-14T02:06:10.000Z,3279122815,Cosmere,⊗Outer Heaven⊗ 𓂀,https://pbs.twimg.com/profile_images/1492310912753029120/dJ2Qdqsd_normal.jpg,FreeeLucifer,https://t.co/vnAz1T3nE5,"Writing, Lakers, Saints, Dodgers, MercedesF1",
"[{'type': 'quoted', 'id': '1080279811325603841'}]",1080323435484667904,en,I STAN AMBER HEARD https://t.co/OVZghysXrC,2019-01-02T04:42:33.000Z,Twitter for iPhone,1031081404526997504,"[{'start': 19, 'end': 42, 'url': 'https://t.co/OVZghysXrC', 'expanded_url': 'https://twitter.com/realamberheard/status/1080279811325603841', 'display_url': 'twitter.com/realamberheard…'}]","[{'start': 2, 'end': 11, 'probability': 0.5329, 'type': 'Person', 'normalized_text': 'STAN AMBER'}]",0,0,1,0,1080279811325603841,en,"It’s almost as though they’re suggesting inclusion correlates to success?  Yes, surprisingly, as the number of female superheros rises, so does the fan base! Women make up nearly (if not) half the superhero fan base..
https://t.co/3nvdDSP0rQ",2019-01-02T01:49:12.000Z,Twitter for iPad,807003567605227520,"[{'start': 218, 'end': 241, 'url': 'https://t.co/3nvdDSP0rQ', 'expanded_url': 'https://www.theguardian.com/books/2015/sep/18/female-comic-book-readers-women-avengers-a-force', 'display_url': 'theguardian.com/books/2015/sep…', 'status': 200, 'unwound_url': 'https://www.theguardian.com/books/2015/sep/18/female-comic-book-readers-women-avengers-a-force'}]",624,80,2829,32,190357,220,1150,566,2016-12-08T23:26:58.000Z,807003567605227520,"Los Angeles, CA",Amber Heard,https://pbs.twimg.com/profile_images/1383196364792680448/N8CdupEu_normal.jpg,realamberheard,https://t.co/Ze18Ek9SOI,"Actor and Activist, semi-professional disruptor, ice cream advocate and shameless teacup yorkie-lover",190,152,6137,2,2018-08-19T07:32:18.000Z,1031081404526997504,alpha flight space station,selin MOVED @616jessdrew,https://pbs.twimg.com/profile_images/1171691734063079424/ivnQ4xru_normal.jpg,invisiblestark,https://t.co/HlefzLXvqN,MOVED @616jessdrew,
"[{'type': 'quoted', 'id': '1080279811325603841'}]",1080302425565728770,en,Amber there's been female superheroes before you was even thought of and as for females reading comics that's been a thing for just as long . Don't get me wrong I loved you as Mera and the dceu have represented female heroes brilliantly but girls have always read comics https://t.co/qsrdSTPMI0,2019-01-02T03:19:03.000Z,Twitter for Android,1295911188,"[{'start': 271, 'end': 294, 'url': 'https://t.co/qsrdSTPMI0', 'expanded_url': 'https://twitter.com/realamberheard/status/1080279811325603841', 'display_url': 'twitter.com/realamberheard…'}]","[{'start': 0, 'end': 4, 'probability': 0.8253, 'type': 'Person', 'normalized_text': 'Amber'}, {'start': 176, 'end': 179, 'probability': 0.6481, 'type': 'Person', 'normalized_text': 'Mera'}]",0,0,0,0,1080279811325603841,en,"It’s almost as though they’re suggesting inclusion correlates to success?  Yes, surprisingly, as the number of female superheros rises, so does the fan base! Women make up nearly (if not) half the superhero fan base..
https://t.co/3nvdDSP0rQ",2019-01-02T01:49:12.000Z,Twitter for iPad,807003567605227520,"[{'start': 218, 'end': 241, 'url': 'https://t.co/3nvdDSP0rQ', 'expanded_url': 'https://www.theguardian.com/books/2015/sep/18/female-comic-book-readers-women-avengers-a-force', 'display_url': 'theguardian.com/books/2015/sep…', 'status': 200, 'unwound_url': 'https://www.theguardian.com/books/2015/sep/18/female-comic-book-readers-women-avengers-a-force'}]",624,80,2829,32,190357,220,1150,566,2016-12-08T23:26:58.000Z,807003567605227520,"Los Angeles, CA",Amber Heard,https://pbs.twimg.com/profile_images/1383196364792680448/N8CdupEu_normal.jpg,realamberheard,https://t.co/Ze18Ek9SOI,"Actor and Activist, semi-professional disruptor, ice cream advocate and shameless teacup yorkie-lover",1616,3752,476373,65,2013-03-24T16:59:44.000Z,1295911188,Cyprus,Mick minas,https://pbs.twimg.com/profile_images/1357986248347029507/kG9CMYy5_normal.jpg,MOVIESTVMAD,,ayia Napa reality star I write direct and star in my own plays here in Cyprus I'm still seeing a shrink after 6 months in Hollywood 🤣,
"[{'type': 'quoted', 'id': '1080279811325603841'}]",1080298652466200576,cy,PERIODDDDDD https://t.co/UlHx3GcSTF,2019-01-02T03:04:04.000Z,Twitter for iPhone,965457709,"[{'start': 12, 'end': 35, 'url': 'https://t.co/UlHx3GcSTF', 'expanded_url': 'https://twitter.com/realamberheard/status/1080279811325603841', 'display_url': 'twitter.com/realamberheard…'}]",,0,0,0,0,1080279811325603841,en,"It’s almost as though they’re suggesting inclusion correlates to success?  Yes, surprisingly, as the number of female superheros rises, so does the fan base! Women make up nearly (if not) half the superhero fan base..
https://t.co/3nvdDSP0rQ",2019-01-02T01:49:12.000Z,Twitter for iPad,807003567605227520,"[{'start': 218, 'end': 241, 'url': 'https://t.co/3nvdDSP0rQ', 'expanded_url': 'https://www.theguardian.com/books/2015/sep/18/female-comic-book-readers-women-avengers-a-force', 'display_url': 'theguardian.com/books/2015/sep…', 'status': 200, 'unwound_url': 'https://www.theguardian.com/books/2015/sep/18/female-comic-book-readers-women-avengers-a-force'}]",624,80,2829,32,190357,220,1150,566,2016-12-08T23:26:58.000Z,807003567605227520,"Los Angeles, CA",Amber Heard,https://pbs.twimg.com/profile_images/1383196364792680448/N8CdupEu_normal.jpg,realamberheard,https://t.co/Ze18Ek9SOI,"Actor and Activist, semi-professional disruptor, ice cream advocate and shameless teacup yorkie-lover",456,332,32340,4,2012-11-23T04:03:43.000Z,965457709,"long beach, ca",vao,https://pbs.twimg.com/profile_images/1372805626737291267/AWW4ZzHv_normal.jpg,vaoaoga,,,
"[{'type': 'quoted', 'id': '1080279811325603841'}]",1080296188824485889,en,We've been here! https://t.co/ZGvBy4kLPq,2019-01-02T02:54:17.000Z,Twitter for Android,908167706838532097,"[{'start': 17, 'end': 40, 'url': 'https://t.co/ZGvBy4kLPq', 'expanded_url': 'https://twitter.com/realamberheard/status/1080279811325603841', 'display_url': 'twitter.com/realamberheard…'}]",,0,0,0,0,1080279811325603841,en,"It’s almost as though they’re suggesting inclusion correlates to success?  Yes, surprisingly, as the number of female superheros rises, so does the fan base! Women make up nearly (if not) half the superhero fan base..
https://t.co/3nvdDSP0rQ",2019-01-02T01:49:12.000Z,Twitter for iPad,807003567605227520,"[{'start': 218, 'end': 241, 'url': 'https://t.co/3nvdDSP0rQ', 'expanded_url': 'https://www.theguardian.com/books/2015/sep/18/female-comic-book-readers-women-avengers-a-force', 'display_url': 'theguardian.com/books/2015/sep…', 'status': 200, 'unwound_url': 'https://www.theguardian.com/books/2015/sep/18/female-comic-book-readers-women-avengers-a-force'}]",624,80,2829,32,190357,220,1150,566,2016-12-08T23:26:58.000Z,807003567605227520,"Los Angeles, CA",Amber Heard,https://pbs.twimg.com/profile_images/1383196364792680448/N8CdupEu_normal.jpg,realamberheard,https://t.co/Ze18Ek9SOI,"Actor and Activist, semi-professional disruptor, ice cream advocate and shameless teacup yorkie-lover",855,1651,126403,12,2017-09-14T03:17:09.000Z,908167706838532097,krypton,ShilsWonderJedi ʬ⁸⁴,https://pbs.twimg.com/profile_images/1500667811588308997/cqL_Bcet_normal.png,Shilskenobi22,,Hi I'm shileha i love music and comics i probably wont use this at all 26 black ✊🏾✊🏾✊🏾 ❤ exo-l She/Her,
"[{'type': 'quoted', 'id': '1080279811325603841'}]",1080292045258874880,en,"and yet every time i read discussions and arguments, the DC fans always get called “fanboys” lol bc us girls dont exist https://t.co/82DoRLFhLI",2019-01-02T02:37:49.000Z,Twitter for iPad,40391727,"[{'start': 120, 'end': 143, 'url': 'https://t.co/82DoRLFhLI', 'expanded_url': 'https://twitter.com/realamberheard/status/1080279811325603841', 'display_url': 'twitter.com/realamberheard…'}]","[{'start': 57, 'end': 58, 'probability': 0.7851, 'type': 'Organization', 'normalized_text': 'DC'}]",0,0,1,0,1080279811325603841,en,"It’s almost as though they’re suggesting inclusion correlates to success?  Yes, surprisingly, as the number of female superheros rises, so does the fan base! Women make up nearly (if not) half the superhero fan base..
https://t.co/3nvdDSP0rQ",2019-01-02T01:49:12.000Z,Twitter for iPad,807003567605227520,"[{'start': 218, 'end': 241, 'url': 'https://t.co/3nvdDSP0rQ', 'expanded_url': 'https://www.theguardian.com/books/2015/sep/18/female-comic-book-readers-women-avengers-a-force', 'display_url': 'theguardian.com/books/2015/sep…', 'status': 200, 'unwound_url': 'https://www.theguardian.com/books/2015/sep/18/female-comic-book-readers-women-avengers-a-force'}]",624,80,2829,32,190357,220,1150,566,2016-12-08T23:26:58.000Z,807003567605227520,"Los Angeles, CA",Amber Heard,https://pbs.twimg.com/profile_images/1383196364792680448/N8CdupEu_normal.jpg,realamberheard,https://t.co/Ze18Ek9SOI,"Actor and Activist, semi-professional disruptor, ice cream advocate and shameless teacup yorkie-lover",1434,317,132175,207,2009-05-16T02:32:11.000Z,40391727,psn: quinnerd23,néeko bellic,https://pbs.twimg.com/profile_images/1403634136506507272/1Yz_xSEX_normal.jpg,RedDeadRenee,,followed by @rockstargames | nikologist with a phd in nikology,
"[{'type': 'quoted', 'id': '1080279811325603841'}]",1080288659440451585,und,☕️ https://t.co/HerVvaYVW8,2019-01-02T02:24:21.000Z,Twitter for iPhone,876930473464926208,"[{'start': 3, 'end': 26, 'url': 'https://t.co/HerVvaYVW8', 'expanded_url': 'https://twitter.com/realamberheard/status/1080279811325603841', 'display_url': 'twitter.com/realamberheard…'}]",,0,0,0,0,1080279811325603841,en,"It’s almost as though they’re suggesting inclusion correlates to success?  Yes, surprisingly, as the number of female superheros rises, so does the fan base! Women make up nearly (if not) half the superhero fan base..
https://t.co/3nvdDSP0rQ",2019-01-02T01:49:12.000Z,Twitter for iPad,807003567605227520,"[{'start': 218, 'end': 241, 'url': 'https://t.co/3nvdDSP0rQ', 'expanded_url': 'https://www.theguardian.com/books/2015/sep/18/female-comic-book-readers-women-avengers-a-force', 'display_url': 'theguardian.com/books/2015/sep…', 'status': 200, 'unwound_url': 'https://www.theguardian.com/books/2015/sep/18/female-comic-book-readers-women-avengers-a-force'}]",624,80,2829,32,190357,220,1150,566,2016-12-08T23:26:58.000Z,807003567605227520,"Los Angeles, CA",Amber Heard,https://pbs.twimg.com/profile_images/1383196364792680448/N8CdupEu_normal.jpg,realamberheard,https://t.co/Ze18Ek9SOI,"Actor and Activist, semi-professional disruptor, ice cream advocate and shameless teacup yorkie-lover",625,277,11943,10,2017-06-19T22:31:32.000Z,876930473464926208,National City,✨Winnie ☕️ “I became Supergirl to save you”,https://pbs.twimg.com/profile_images/1458114202229514240/VsYyxN3X_normal.jpg,NoonansBarista,,#DanversSisters always. #Supergirl forever. #IDONTMIND,
"[{'type': 'quoted', 'id': '1080279811325603841'}]",1080286597575254017,en,"We always been there, you just didn't want to notice us 😤 https://t.co/HGqXi86YOt",2019-01-02T02:16:10.000Z,Twitter for Android,810896111774920704,"[{'start': 58, 'end': 81, 'url': 'https://t.co/HGqXi86YOt', 'expanded_url': 'https://twitter.com/realamberheard/status/1080279811325603841', 'display_url': 'twitter.com/realamberheard…'}]",,0,0,0,0,1080279811325603841,en,"It’s almost as though they’re suggesting inclusion correlates to success?  Yes, surprisingly, as the number of female superheros rises, so does the fan base! Women make up nearly (if not) half the superhero fan base..
https://t.co/3nvdDSP0rQ",2019-01-02T01:49:12.000Z,Twitter for iPad,807003567605227520,"[{'start': 218, 'end': 241, 'url': 'https://t.co/3nvdDSP0rQ', 'expanded_url': 'https://www.theguardian.com/books/2015/sep/18/female-comic-book-readers-women-avengers-a-force', 'display_url': 'theguardian.com/books/2015/sep…', 'status': 200, 'unwound_url': 'https://www.theguardian.com/books/2015/sep/18/female-comic-book-readers-women-avengers-a-force'}]",624,80,2829,32,190357,220,1150,566,2016-12-08T23:26:58.000Z,807003567605227520,"Los Angeles, CA",Amber Heard,https://pbs.twimg.com/profile_images/1383196364792680448/N8CdupEu_normal.jpg,realamberheard,https://t.co/Ze18Ek9SOI,"Actor and Activist, semi-professional disruptor, ice cream advocate and shameless teacup yorkie-lover",198,290,32179,0,2016-12-19T17:14:33.000Z,810896111774920704,Russia,даша🫧⛈️,https://pbs.twimg.com/profile_images/1490061238189101062/GXqeU4Ik_normal.jpg,daryaveres,,,
"[{'type': 'quoted', 'id': '1080279811325603841'}]",1080283316064899072,en,makes me so happy that there’s so many strong female role models for girls nowadays https://t.co/JEiH9h5W03,2019-01-02T02:03:07.000Z,Twitter for Android,90320134,"[{'start': 84, 'end': 107, 'url': 'https://t.co/JEiH9h5W03', 'expanded_url': 'https://twitter.com/realamberheard/status/1080279811325603841', 'display_url': 'twitter.com/realamberheard…'}]",,0,0,0,0,1080279811325603841,en,"It’s almost as though they’re suggesting inclusion correlates to success?  Yes, surprisingly, as the number of female superheros rises, so does the fan base! Women make up nearly (if not) half the superhero fan base..
https://t.co/3nvdDSP0rQ",2019-01-02T01:49:12.000Z,Twitter for iPad,807003567605227520,"[{'start': 218, 'end': 241, 'url': 'https://t.co/3nvdDSP0rQ', 'expanded_url': 'https://www.theguardian.com/books/2015/sep/18/female-comic-book-readers-women-avengers-a-force', 'display_url': 'theguardian.com/books/2015/sep…', 'status': 200, 'unwound_url': 'https://www.theguardian.com/books/2015/sep/18/female-comic-book-readers-women-avengers-a-force'}]",624,80,2829,32,190357,220,1150,566,2016-12-08T23:26:58.000Z,807003567605227520,"Los Angeles, CA",Amber Heard,https://pbs.twimg.com/profile_images/1383196364792680448/N8CdupEu_normal.jpg,realamberheard,https://t.co/Ze18Ek9SOI,"Actor and Activist, semi-professional disruptor, ice cream advocate and shameless teacup yorkie-lover",594,258,60856,8,2009-11-16T04:05:35.000Z,90320134,,кιչչу,https://pbs.twimg.com/profile_images/1288778430025097217/6lka1-Oy_normal.jpg,LilyFevered,,,
"[{'type': 'quoted', 'id': '1080279811325603841'}]",1080282974891974657,pt,Amber perfeitah https://t.co/yTPkoOtxcr,2019-01-02T02:01:46.000Z,Twitter for iPhone,1739035981,"[{'start': 16, 'end': 39, 'url': 'https://t.co/yTPkoOtxcr', 'expanded_url': 'https://twitter.com/realamberheard/status/1080279811325603841', 'display_url': 'twitter.com/realamberheard…'}]","[{'start': 0, 'end': 4, 'probability': 0.8611, 'type': 'Person', 'normalized_text': 'Amber'}]",0,0,0,0,1080279811325603841,en,"It’s almost as though they’re suggesting inclusion correlates to success?  Yes, surprisingly, as the number of female superheros rises, so does the fan base! Women make up nearly (if not) half the superhero fan base..
https://t.co/3nvdDSP0rQ",2019-01-02T01:49:12.000Z,Twitter for iPad,807003567605227520,"[{'start': 218, 'end': 241, 'url': 'https://t.co/3nvdDSP0rQ', 'expanded_url': 'https://www.theguardian.com/books/2015/sep/18/female-comic-book-readers-women-avengers-a-force', 'display_url': 'theguardian.com/books/2015/sep…', 'status': 200, 'unwound_url': 'https://www.theguardian.com/books/2015/sep/18/female-comic-book-readers-women-avengers-a-force'}]",624,80,2829,32,190357,220,1150,566,2016-12-08T23:26:58.000Z,807003567605227520,"Los Angeles, CA",Amber Heard,https://pbs.twimg.com/profile_images/1383196364792680448/N8CdupEu_normal.jpg,realamberheard,https://t.co/Ze18Ek9SOI,"Actor and Activist, semi-professional disruptor, ice cream advocate and shameless teacup yorkie-lover",378,358,52721,5,2013-09-07T01:06:02.000Z,1739035981,"Manaus, Brasil",davi,https://pbs.twimg.com/profile_images/1440838552607084545/VT6oMJHI_normal.jpg,davifc_,https://t.co/7Z0kTi83lx,,
"[{'type': 'quoted', 'id': '1080279811325603841'}]",1080282940817526785,pt,eu usei esse artigo no meu projeto de pesquisa https://t.co/FvLEaB5eSG,2019-01-02T02:01:38.000Z,Twitter Web Client,1467876481,"[{'start': 47, 'end': 70, 'url': 'https://t.co/FvLEaB5eSG', 'expanded_url': 'https://twitter.com/realamberheard/status/1080279811325603841', 'display_url': 'twitter.com/realamberheard…'}]",,0,0,0,0,1080279811325603841,en,"It’s almost as though they’re suggesting inclusion correlates to success?  Yes, surprisingly, as the number of female superheros rises, so does the fan base! Women make up nearly (if not) half the superhero fan base..
https://t.co/3nvdDSP0rQ",2019-01-02T01:49:12.000Z,Twitter for iPad,807003567605227520,"[{'start': 218, 'end': 241, 'url': 'https://t.co/3nvdDSP0rQ', 'expanded_url': 'https://www.theguardian.com/books/2015/sep/18/female-comic-book-readers-women-avengers-a-force', 'display_url': 'theguardian.com/books/2015/sep…', 'status': 200, 'unwound_url': 'https://www.theguardian.com/books/2015/sep/18/female-comic-book-readers-women-avengers-a-force'}]",624,80,2829,32,190357,220,1150,566,2016-12-08T23:26:58.000Z,807003567605227520,"Los Angeles, CA",Amber Heard,https://pbs.twimg.com/profile_images/1383196364792680448/N8CdupEu_normal.jpg,realamberheard,https://t.co/Ze18Ek9SOI,"Actor and Activist, semi-professional disruptor, ice cream advocate and shameless teacup yorkie-lover",480,245,77262,7,2013-05-29T17:46:20.000Z,1467876481,,giu,https://pbs.twimg.com/profile_images/1503173628321431553/qSXsYgLe_normal.jpg,batfamstan,,the batman (2022),
"[{'type': 'retweeted', 'id': '1080280454207545344'}]",1080282861901672449,pt,RT @wxndrwoman: que coisinha mais linda ela toda interessada nesse assunto itii 💖 https://t.co/ErbS2XqSrW,2019-01-02T02:01:19.000Z,Twitter for Android,1581403608,"[{'start': 82, 'end': 105, 'url': 'https://t.co/ErbS2XqSrW', 'expanded_url': 'https://twitter.com/realamberheard/status/1080279811325603841', 'display_url': 'twitter.com/realamberheard…'}]",,1,0,0,0,1080279811325603841,en,"It’s almost as though they’re suggesting inclusion correlates to success?  Yes, surprisingly, as the number of female superheros rises, so does the fan base! Women make up nearly (if not) half the superhero fan base..
https://t.co/3nvdDSP0rQ",2019-01-02T01:49:12.000Z,Twitter for iPad,807003567605227520,"[{'start': 218, 'end': 241, 'url': 'https://t.co/3nvdDSP0rQ', 'expanded_url': 'https://www.theguardian.com/books/2015/sep/18/female-comic-book-readers-women-avengers-a-force', 'display_url': 'theguardian.com/books/2015/sep…', 'status': 200, 'unwound_url': 'https://www.theguardian.com/books/2015/sep/18/female-comic-book-readers-women-avengers-a-force'}]",624,80,2829,32,190357,220,1150,566,2016-12-08T23:26:58.000Z,807003567605227520,"Los Angeles, CA",Amber Heard,https://pbs.twimg.com/profile_images/1383196364792680448/N8CdupEu_normal.jpg,realamberheard,https://t.co/Ze18Ek9SOI,"Actor and Activist, semi-professional disruptor, ice cream advocate and shameless teacup yorkie-lover",5266,1493,369226,39,2013-07-09T21:02:59.000Z,1581403608,kryptonian ,kelly,https://pbs.twimg.com/profile_images/1498390400524034049/6j5uXK6C_normal.jpg,zainisout,https://t.co/LfQWBljMot,@ca_sth 💍,"[{'start': 3, 'end': 14, 'username': 'wxndrwoman', 'id': '1130010542167527424'}]"
"[{'type': 'quoted', 'id': '1080279811325603841'}]",1080281326568333320,en,we here in support bb https://t.co/ixlI4RYph1,2019-01-02T01:55:13.000Z,Twitter for iPhone,1235599722,"[{'start': 22, 'end': 45, 'url': 'https://t.co/ixlI4RYph1', 'expanded_url': 'https://twitter.com/realamberheard/status/1080279811325603841', 'display_url': 'twitter.com/realamberheard…'}]",,0,0,0,0,1080279811325603841,en,"It’s almost as though they’re suggesting inclusion correlates to success?  Yes, surprisingly, as the number of female superheros rises, so does the fan base! Women make up nearly (if not) half the superhero fan base..
https://t.co/3nvdDSP0rQ",2019-01-02T01:49:12.000Z,Twitter for iPad,807003567605227520,"[{'start': 218, 'end': 241, 'url': 'https://t.co/3nvdDSP0rQ', 'expanded_url': 'https://www.theguardian.com/books/2015/sep/18/female-comic-book-readers-women-avengers-a-force', 'display_url': 'theguardian.com/books/2015/sep…', 'status': 200, 'unwound_url': 'https://www.theguardian.com/books/2015/sep/18/female-comic-book-readers-women-avengers-a-force'}]",624,80,2829,32,190357,220,1150,566,2016-12-08T23:26:58.000Z,807003567605227520,"Los Angeles, CA",Amber Heard,https://pbs.twimg.com/profile_images/1383196364792680448/N8CdupEu_normal.jpg,realamberheard,https://t.co/Ze18Ek9SOI,"Actor and Activist, semi-professional disruptor, ice cream advocate and shameless teacup yorkie-lover",866,518,34008,10,2013-03-02T17:49:59.000Z,1235599722,20 she/her,bri SAW THE BATMAN,https://pbs.twimg.com/profile_images/1500121182061969415/hQfcd0pY_normal.jpg,jxsticeleagues,https://t.co/UpCLoMD85m,flop era // BLACK LIVES MATTER,
"[{'type': 'quoted', 'id': '1080279811325603841'}]",1080280694440452096,en,This this as an author comic book writer &amp; screenwriter whos a writer and creator who wants representation for all marginalized groups from characters cast crew studio &amp; networks https://t.co/gs29GCUjbF,2019-01-02T01:52:42.000Z,Twitter Web Client,2323052250,"[{'start': 187, 'end': 210, 'url': 'https://t.co/gs29GCUjbF', 'expanded_url': 'https://twitter.com/realamberheard/status/1080279811325603841', 'display_url': 'twitter.com/realamberheard…'}]",,0,0,0,0,1080279811325603841,en,"It’s almost as though they’re suggesting inclusion correlates to success?  Yes, surprisingly, as the number of female superheros rises, so does the fan base! Women make up nearly (if not) half the superhero fan base..
https://t.co/3nvdDSP0rQ",2019-01-02T01:49:12.000Z,Twitter for iPad,807003567605227520,"[{'start': 218, 'end': 241, 'url': 'https://t.co/3nvdDSP0rQ', 'expanded_url': 'https://www.theguardian.com/books/2015/sep/18/female-comic-book-readers-women-avengers-a-force', 'display_url': 'theguardian.com/books/2015/sep…', 'status': 200, 'unwound_url': 'https://www.theguardian.com/books/2015/sep/18/female-comic-book-readers-women-avengers-a-force'}]",624,80,2829,32,190357,220,1150,566,2016-12-08T23:26:58.000Z,807003567605227520,"Los Angeles, CA",Amber Heard,https://pbs.twimg.com/profile_images/1383196364792680448/N8CdupEu_normal.jpg,realamberheard,https://t.co/Ze18Ek9SOI,"Actor and Activist, semi-professional disruptor, ice cream advocate and shameless teacup yorkie-lover",3122,4501,346761,0,2014-02-02T00:37:14.000Z,2323052250,"Westminster, CA ",No’eau Aitonui/Heiani Mareva Hoata ♿️🏳️‍🌈⚧,https://pbs.twimg.com/profile_images/1497475326191935489/jReUkPp3_normal.jpg,Mudaship39,https://t.co/mumsQ570mD,Asian Native Pasifika Author comic book writer screenwriter spoken word poet songwriter LGBT Writer artist creator Disabled gamer 🇵🇫🇫🇷🇻🇳🇨🇳,
"[{'type': 'quoted', 'id': '1080279811325603841'}]",1080280454207545344,pt,que coisinha mais linda ela toda interessada nesse assunto itii 💖 https://t.co/ErbS2XqSrW,2019-01-02T01:51:45.000Z,Twitter for Android,1932971822,"[{'start': 66, 'end': 89, 'url': 'https://t.co/ErbS2XqSrW', 'expanded_url': 'https://twitter.com/realamberheard/status/1080279811325603841', 'display_url': 'twitter.com/realamberheard…'}]",,1,0,0,0,1080279811325603841,en,"It’s almost as though they’re suggesting inclusion correlates to success?  Yes, surprisingly, as the number of female superheros rises, so does the fan base! Women make up nearly (if not) half the superhero fan base..
https://t.co/3nvdDSP0rQ",2019-01-02T01:49:12.000Z,Twitter for iPad,807003567605227520,"[{'start': 218, 'end': 241, 'url': 'https://t.co/3nvdDSP0rQ', 'expanded_url': 'https://www.theguardian.com/books/2015/sep/18/female-comic-book-readers-women-avengers-a-force', 'display_url': 'theguardian.com/books/2015/sep…', 'status': 200, 'unwound_url': 'https://www.theguardian.com/books/2015/sep/18/female-comic-book-readers-women-avengers-a-force'}]",624,80,2829,32,190357,220,1150,566,2016-12-08T23:26:58.000Z,807003567605227520,"Los Angeles, CA",Amber Heard,https://pbs.twimg.com/profile_images/1383196364792680448/N8CdupEu_normal.jpg,realamberheard,https://t.co/Ze18Ek9SOI,"Actor and Activist, semi-professional disruptor, ice cream advocate and shameless teacup yorkie-lover",1899,824,141030,38,2013-10-04T03:58:47.000Z,1932971822,ɞ films ∙ dc comics ∙ bs,thais 🐈‍⬛,https://pbs.twimg.com/profile_images/1498079704963764230/ti3c0Uj8_normal.jpg,spearsxfilms,https://t.co/EEpbNJczqk,𝑰 𝒈𝒐 𝒕𝒉𝒓𝒐𝒖𝒈𝒉 𝒍𝒊𝒇𝒆 𝒍𝒊𝒌𝒆 𝒂 𝑲𝒂𝒓𝒂𝒕𝒆 𝑲𝒊𝒅.☽,
"[{'type': 'quoted', 'id': '1080279811325603841'}]",1080280383525216256,en,"Sometimes I just want to say ""they were always there being probably most of the readers because for sure they were always most of the fandom"" but I'm getting tirer and tirer https://t.co/nF03557dPY",2019-01-02T01:51:28.000Z,Twitter Web Client,47530811,"[{'start': 174, 'end': 197, 'url': 'https://t.co/nF03557dPY', 'expanded_url': 'https://twitter.com/realamberheard/status/1080279811325603841', 'display_url': 'twitter.com/realamberheard…'}]",,0,0,0,0,1080279811325603841,en,"It’s almost as though they’re suggesting inclusion correlates to success?  Yes, surprisingly, as the number of female superheros rises, so does the fan base! Women make up nearly (if not) half the superhero fan base..
https://t.co/3nvdDSP0rQ",2019-01-02T01:49:12.000Z,Twitter for iPad,807003567605227520,"[{'start': 218, 'end': 241, 'url': 'https://t.co/3nvdDSP0rQ', 'expanded_url': 'https://www.theguardian.com/books/2015/sep/18/female-comic-book-readers-women-avengers-a-force', 'display_url': 'theguardian.com/books/2015/sep…', 'status': 200, 'unwound_url': 'https://www.theguardian.com/books/2015/sep/18/female-comic-book-readers-women-avengers-a-force'}]",624,80,2829,32,190357,220,1150,566,2016-12-08T23:26:58.000Z,807003567605227520,"Los Angeles, CA",Amber Heard,https://pbs.twimg.com/profile_images/1383196364792680448/N8CdupEu_normal.jpg,realamberheard,https://t.co/Ze18Ek9SOI,"Actor and Activist, semi-professional disruptor, ice cream advocate and shameless teacup yorkie-lover",744,1607,239417,5,2009-06-16T03:28:29.000Z,47530811,Paraguay,Azure paler than the sky,https://pbs.twimg.com/profile_images/1215210032800894976/QcMoBpil_normal.jpg,lavienoire,,Paraguay. Mujer cis. She/her/ella. i'm 35 years old. don't bother me.,
