source,referenced_tweets,author_id,id,created_at,text,lang,public_metrics.retweet_count,public_metrics.reply_count,public_metrics.like_count,public_metrics.quote_count,entities.mentions,quoted_tweet.source,quoted_tweet.entities.annotations,quoted_tweet.entities.urls,quoted_tweet.entities.hashtags,quoted_tweet.author_id,quoted_tweet.id,quoted_tweet.created_at,quoted_tweet.public_metrics.retweet_count,quoted_tweet.public_metrics.reply_count,quoted_tweet.public_metrics.like_count,quoted_tweet.public_metrics.quote_count,quoted_tweet.text,quoted_tweet.lang,quoted_tweet.author.description,quoted_tweet.author.profile_image_url,quoted_tweet.author.name,quoted_tweet.author.id,quoted_tweet.author.created_at,quoted_tweet.author.url,quoted_tweet.author.public_metrics.followers_count,quoted_tweet.author.public_metrics.following_count,quoted_tweet.author.public_metrics.tweet_count,quoted_tweet.author.public_metrics.listed_count,quoted_tweet.author.location,quoted_tweet.author.username,author.description,author.profile_image_url,author.name,author.id,author.created_at,author.url,author.public_metrics.followers_count,author.public_metrics.following_count,author.public_metrics.tweet_count,author.public_metrics.listed_count,author.username,entities.annotations,entities.urls,author.location
Twitter for iPhone,"[{'type': 'retweeted', 'id': '1081593287725576192'}]",1011892601941872641,1102932397748879360,2019-03-05T14:02:29.000Z,"RT @realamberheard: Just reread Normal People simply because once isn’t enough to get her delicately nuanced, biting prose or fearless, “ca…",en,35,0,0,0,"[{'start': 3, 'end': 18, 'username': 'realamberheard', 'id': '807003567605227520'}]",Twitter for iPad,"[{'start': 33, 'end': 38, 'probability': 0.9537, 'type': 'Person', 'normalized_text': 'Rooney'}, {'start': 212, 'end': 223, 'probability': 0.959, 'type': 'Person', 'normalized_text': 'Sally Rooney'}]","[{'start': 232, 'end': 255, 'url': 'https://t.co/IRHL7d2rOZ', 'expanded_url': 'https://www.newyorker.com/magazine/2019/01/07/sally-rooney-gets-in-your-head', 'display_url': 'newyorker.com/magazine/2019/…', 'images': [{'url': 'https://pbs.twimg.com/news_img/1491098093332631554/Vdu3ycO-?format=jpg&name=orig', 'width': 1119, 'height': 629}, {'url': 'https://pbs.twimg.com/news_img/1491098093332631554/Vdu3ycO-?format=jpg&name=150x150', 'width': 150, 'height': 150}], 'status': 200, 'title': 'Sally Rooney Gets in Your Head', 'description': 'The Irish writer has been hailed as the first great millennial novelist for her stories of love and late capitalism.', 'unwound_url': 'https://www.newyorker.com/magazine/2019/01/07/sally-rooney-gets-in-your-head'}]","[{'start': 197, 'end': 211, 'tag': 'LaurenCollins'}]",807003567605227520,1080284649828564992,2019-01-02T02:08:25.000Z,62,12,540,5,"“One of the unusual pleasures of Rooney’s novels is watching young women engage in a casual intellectual hooliganism, demolishing every mediocrity that crosses their paths, just for the fun of it” #LaurenCollins
Sally Rooney kills! https://t.co/IRHL7d2rOZ",en,"Actor and Activist, semi-professional disruptor, ice cream advocate and shameless teacup yorkie-lover",https://pbs.twimg.com/profile_images/1383196364792680448/N8CdupEu_normal.jpg,Amber Heard,807003567605227520,2016-12-08T23:26:58.000Z,https://t.co/Ze18Ek9SOI,190356,220,1150,566,"Los Angeles, CA",realamberheard,We Are With You ❤️ @realAmberHeard ❤️,https://pbs.twimg.com/profile_images/1506417096426729472/WObRpxEy_normal.jpg,Amber Heard,1011892601941872641,2018-06-27T08:42:51.000Z,,315,124,6801,2,AmberHeard_best,,,
Twitter for Android,"[{'type': 'retweeted', 'id': '1081593287725576192'}]",976336125596909568,1086064370986102786,2019-01-18T00:54:58.000Z,"RT @realamberheard: Just reread Normal People simply because once isn’t enough to get her delicately nuanced, biting prose or fearless, “ca…",en,35,0,0,0,"[{'start': 3, 'end': 18, 'username': 'realamberheard', 'id': '807003567605227520'}]",Twitter for iPad,"[{'start': 33, 'end': 38, 'probability': 0.9537, 'type': 'Person', 'normalized_text': 'Rooney'}, {'start': 212, 'end': 223, 'probability': 0.959, 'type': 'Person', 'normalized_text': 'Sally Rooney'}]","[{'start': 232, 'end': 255, 'url': 'https://t.co/IRHL7d2rOZ', 'expanded_url': 'https://www.newyorker.com/magazine/2019/01/07/sally-rooney-gets-in-your-head', 'display_url': 'newyorker.com/magazine/2019/…', 'images': [{'url': 'https://pbs.twimg.com/news_img/1491098093332631554/Vdu3ycO-?format=jpg&name=orig', 'width': 1119, 'height': 629}, {'url': 'https://pbs.twimg.com/news_img/1491098093332631554/Vdu3ycO-?format=jpg&name=150x150', 'width': 150, 'height': 150}], 'status': 200, 'title': 'Sally Rooney Gets in Your Head', 'description': 'The Irish writer has been hailed as the first great millennial novelist for her stories of love and late capitalism.', 'unwound_url': 'https://www.newyorker.com/magazine/2019/01/07/sally-rooney-gets-in-your-head'}]","[{'start': 197, 'end': 211, 'tag': 'LaurenCollins'}]",807003567605227520,1080284649828564992,2019-01-02T02:08:25.000Z,62,12,540,5,"“One of the unusual pleasures of Rooney’s novels is watching young women engage in a casual intellectual hooliganism, demolishing every mediocrity that crosses their paths, just for the fun of it” #LaurenCollins
Sally Rooney kills! https://t.co/IRHL7d2rOZ",en,"Actor and Activist, semi-professional disruptor, ice cream advocate and shameless teacup yorkie-lover",https://pbs.twimg.com/profile_images/1383196364792680448/N8CdupEu_normal.jpg,Amber Heard,807003567605227520,2016-12-08T23:26:58.000Z,https://t.co/Ze18Ek9SOI,190356,220,1150,566,"Los Angeles, CA",realamberheard,,https://abs.twimg.com/sticky/default_profile_images/default_profile_normal.png,yawenminmin_,976336125596909568,2018-03-21T05:54:06.000Z,,1,96,83,0,yawenminmin2,,,
Twitter Web App,"[{'type': 'retweeted', 'id': '1081593287725576192'}]",2224315988,1082460635332370433,2019-01-08T02:15:01.000Z,"RT @realamberheard: Just reread Normal People simply because once isn’t enough to get her delicately nuanced, biting prose or fearless, “ca…",en,35,0,0,0,"[{'start': 3, 'end': 18, 'username': 'realamberheard', 'id': '807003567605227520'}]",Twitter for iPad,"[{'start': 33, 'end': 38, 'probability': 0.9537, 'type': 'Person', 'normalized_text': 'Rooney'}, {'start': 212, 'end': 223, 'probability': 0.959, 'type': 'Person', 'normalized_text': 'Sally Rooney'}]","[{'start': 232, 'end': 255, 'url': 'https://t.co/IRHL7d2rOZ', 'expanded_url': 'https://www.newyorker.com/magazine/2019/01/07/sally-rooney-gets-in-your-head', 'display_url': 'newyorker.com/magazine/2019/…', 'images': [{'url': 'https://pbs.twimg.com/news_img/1491098093332631554/Vdu3ycO-?format=jpg&name=orig', 'width': 1119, 'height': 629}, {'url': 'https://pbs.twimg.com/news_img/1491098093332631554/Vdu3ycO-?format=jpg&name=150x150', 'width': 150, 'height': 150}], 'status': 200, 'title': 'Sally Rooney Gets in Your Head', 'description': 'The Irish writer has been hailed as the first great millennial novelist for her stories of love and late capitalism.', 'unwound_url': 'https://www.newyorker.com/magazine/2019/01/07/sally-rooney-gets-in-your-head'}]","[{'start': 197, 'end': 211, 'tag': 'LaurenCollins'}]",807003567605227520,1080284649828564992,2019-01-02T02:08:25.000Z,62,12,540,5,"“One of the unusual pleasures of Rooney’s novels is watching young women engage in a casual intellectual hooliganism, demolishing every mediocrity that crosses their paths, just for the fun of it” #LaurenCollins
Sally Rooney kills! https://t.co/IRHL7d2rOZ",en,"Actor and Activist, semi-professional disruptor, ice cream advocate and shameless teacup yorkie-lover",https://pbs.twimg.com/profile_images/1383196364792680448/N8CdupEu_normal.jpg,Amber Heard,807003567605227520,2016-12-08T23:26:58.000Z,https://t.co/Ze18Ek9SOI,190356,220,1150,566,"Los Angeles, CA",realamberheard,One step at a time.,https://pbs.twimg.com/profile_images/1327480741257641984/AAR1C2rW_normal.jpg,Jane,2224315988,2013-12-01T05:55:23.000Z,,1,167,50,0,JaneEvers2,,,
Twitter for iPhone,"[{'type': 'quoted', 'id': '1080284649828564992'}]",265197860,1081985458232537092,2019-01-06T18:46:50.000Z,"""A mean girl is no match for an incandescently intelligent one."" @laurenzcollins done Saly Rooney so much justice in this @NewYorker profile. Irish writers still pushing the boundaries of what literature is capable of. https://t.co/tRzVB2kjpW",en,0,0,5,0,"[{'start': 65, 'end': 80, 'username': 'laurenzcollins', 'id': '136359464'}, {'start': 122, 'end': 132, 'username': 'NewYorker', 'id': '14677919'}]",Twitter for iPad,"[{'start': 33, 'end': 38, 'probability': 0.9537, 'type': 'Person', 'normalized_text': 'Rooney'}, {'start': 212, 'end': 223, 'probability': 0.959, 'type': 'Person', 'normalized_text': 'Sally Rooney'}]","[{'start': 232, 'end': 255, 'url': 'https://t.co/IRHL7d2rOZ', 'expanded_url': 'https://www.newyorker.com/magazine/2019/01/07/sally-rooney-gets-in-your-head', 'display_url': 'newyorker.com/magazine/2019/…', 'images': [{'url': 'https://pbs.twimg.com/news_img/1491098093332631554/Vdu3ycO-?format=jpg&name=orig', 'width': 1119, 'height': 629}, {'url': 'https://pbs.twimg.com/news_img/1491098093332631554/Vdu3ycO-?format=jpg&name=150x150', 'width': 150, 'height': 150}], 'status': 200, 'title': 'Sally Rooney Gets in Your Head', 'description': 'The Irish writer has been hailed as the first great millennial novelist for her stories of love and late capitalism.', 'unwound_url': 'https://www.newyorker.com/magazine/2019/01/07/sally-rooney-gets-in-your-head'}]","[{'start': 197, 'end': 211, 'tag': 'LaurenCollins'}]",807003567605227520,1080284649828564992,2019-01-02T02:08:25.000Z,62,12,540,5,"“One of the unusual pleasures of Rooney’s novels is watching young women engage in a casual intellectual hooliganism, demolishing every mediocrity that crosses their paths, just for the fun of it” #LaurenCollins
Sally Rooney kills! https://t.co/IRHL7d2rOZ",en,"Actor and Activist, semi-professional disruptor, ice cream advocate and shameless teacup yorkie-lover",https://pbs.twimg.com/profile_images/1383196364792680448/N8CdupEu_normal.jpg,Amber Heard,807003567605227520,2016-12-08T23:26:58.000Z,https://t.co/Ze18Ek9SOI,190356,220,1150,566,"Los Angeles, CA",realamberheard,Writer | Activist,https://pbs.twimg.com/profile_images/1407374037316157445/dMKwy9ry_normal.jpg,Aaron Vallely,265197860,2011-03-13T05:00:57.000Z,https://t.co/xS8v51WwuQ,31819,3355,59379,338,Vallmeister,"[{'start': 86, 'end': 96, 'probability': 0.9726, 'type': 'Person', 'normalized_text': 'Saly Rooney'}]","[{'start': 219, 'end': 242, 'url': 'https://t.co/tRzVB2kjpW', 'expanded_url': 'https://twitter.com/realamberheard/status/1080284649828564992', 'display_url': 'twitter.com/realamberheard…'}]","Dublin City, Ireland"
Twitter for Android,"[{'type': 'retweeted', 'id': '1081593287725576192'}]",1081916822226640897,1081917892302643202,2019-01-06T14:18:21.000Z,"RT @realamberheard: Just reread Normal People simply because once isn’t enough to get her delicately nuanced, biting prose or fearless, “ca…",en,35,0,0,0,"[{'start': 3, 'end': 18, 'username': 'realamberheard', 'id': '807003567605227520'}]",Twitter for iPad,"[{'start': 33, 'end': 38, 'probability': 0.9537, 'type': 'Person', 'normalized_text': 'Rooney'}, {'start': 212, 'end': 223, 'probability': 0.959, 'type': 'Person', 'normalized_text': 'Sally Rooney'}]","[{'start': 232, 'end': 255, 'url': 'https://t.co/IRHL7d2rOZ', 'expanded_url': 'https://www.newyorker.com/magazine/2019/01/07/sally-rooney-gets-in-your-head', 'display_url': 'newyorker.com/magazine/2019/…', 'images': [{'url': 'https://pbs.twimg.com/news_img/1491098093332631554/Vdu3ycO-?format=jpg&name=orig', 'width': 1119, 'height': 629}, {'url': 'https://pbs.twimg.com/news_img/1491098093332631554/Vdu3ycO-?format=jpg&name=150x150', 'width': 150, 'height': 150}], 'status': 200, 'title': 'Sally Rooney Gets in Your Head', 'description': 'The Irish writer has been hailed as the first great millennial novelist for her stories of love and late capitalism.', 'unwound_url': 'https://www.newyorker.com/magazine/2019/01/07/sally-rooney-gets-in-your-head'}]","[{'start': 197, 'end': 211, 'tag': 'LaurenCollins'}]",807003567605227520,1080284649828564992,2019-01-02T02:08:25.000Z,62,12,540,5,"“One of the unusual pleasures of Rooney’s novels is watching young women engage in a casual intellectual hooliganism, demolishing every mediocrity that crosses their paths, just for the fun of it” #LaurenCollins
Sally Rooney kills! https://t.co/IRHL7d2rOZ",en,"Actor and Activist, semi-professional disruptor, ice cream advocate and shameless teacup yorkie-lover",https://pbs.twimg.com/profile_images/1383196364792680448/N8CdupEu_normal.jpg,Amber Heard,807003567605227520,2016-12-08T23:26:58.000Z,https://t.co/Ze18Ek9SOI,190356,220,1150,566,"Los Angeles, CA",realamberheard,I happy and a strong fit person,https://pbs.twimg.com/profile_images/1081921994453602304/YtFyeUXy_normal.jpg,Kamran Jahangir,1081916822226640897,2019-01-06T14:14:06.000Z,,8,196,134,0,KamranJ82412613,,,"Yorkshire and The Humber, Engl"
Twitter for Android,"[{'type': 'retweeted', 'id': '1081593287725576192'}]",1903643599,1081845872906752000,2019-01-06T09:32:10.000Z,"RT @realamberheard: Just reread Normal People simply because once isn’t enough to get her delicately nuanced, biting prose or fearless, “ca…",en,35,0,0,0,"[{'start': 3, 'end': 18, 'username': 'realamberheard', 'id': '807003567605227520'}]",Twitter for iPad,"[{'start': 33, 'end': 38, 'probability': 0.9537, 'type': 'Person', 'normalized_text': 'Rooney'}, {'start': 212, 'end': 223, 'probability': 0.959, 'type': 'Person', 'normalized_text': 'Sally Rooney'}]","[{'start': 232, 'end': 255, 'url': 'https://t.co/IRHL7d2rOZ', 'expanded_url': 'https://www.newyorker.com/magazine/2019/01/07/sally-rooney-gets-in-your-head', 'display_url': 'newyorker.com/magazine/2019/…', 'images': [{'url': 'https://pbs.twimg.com/news_img/1491098093332631554/Vdu3ycO-?format=jpg&name=orig', 'width': 1119, 'height': 629}, {'url': 'https://pbs.twimg.com/news_img/1491098093332631554/Vdu3ycO-?format=jpg&name=150x150', 'width': 150, 'height': 150}], 'status': 200, 'title': 'Sally Rooney Gets in Your Head', 'description': 'The Irish writer has been hailed as the first great millennial novelist for her stories of love and late capitalism.', 'unwound_url': 'https://www.newyorker.com/magazine/2019/01/07/sally-rooney-gets-in-your-head'}]","[{'start': 197, 'end': 211, 'tag': 'LaurenCollins'}]",807003567605227520,1080284649828564992,2019-01-02T02:08:25.000Z,62,12,540,5,"“One of the unusual pleasures of Rooney’s novels is watching young women engage in a casual intellectual hooliganism, demolishing every mediocrity that crosses their paths, just for the fun of it” #LaurenCollins
Sally Rooney kills! https://t.co/IRHL7d2rOZ",en,"Actor and Activist, semi-professional disruptor, ice cream advocate and shameless teacup yorkie-lover",https://pbs.twimg.com/profile_images/1383196364792680448/N8CdupEu_normal.jpg,Amber Heard,807003567605227520,2016-12-08T23:26:58.000Z,https://t.co/Ze18Ek9SOI,190356,220,1150,566,"Los Angeles, CA",realamberheard,"Mostly about superheroes...
DC | Marvel | Star Wars | MOTU | Tom Cruise | Henry Cavill | John Cena | Chris Evans | Zack Snyder | #ZackSnydersJusticeLeague",https://pbs.twimg.com/profile_images/1408398753187303432/ZLxXJYg4_normal.jpg,KEVIN MIRANDA,1903643599,2013-09-25T09:52:13.000Z,,29900,26571,136211,163,KEVINTOMIRANDA,,,
Twitter Web Client,"[{'type': 'retweeted', 'id': '1081593287725576192'}]",3057759609,1081707457318174720,2019-01-06T00:22:09.000Z,"RT @realamberheard: Just reread Normal People simply because once isn’t enough to get her delicately nuanced, biting prose or fearless, “ca…",en,35,0,0,0,"[{'start': 3, 'end': 18, 'username': 'realamberheard', 'id': '807003567605227520'}]",Twitter for iPad,"[{'start': 33, 'end': 38, 'probability': 0.9537, 'type': 'Person', 'normalized_text': 'Rooney'}, {'start': 212, 'end': 223, 'probability': 0.959, 'type': 'Person', 'normalized_text': 'Sally Rooney'}]","[{'start': 232, 'end': 255, 'url': 'https://t.co/IRHL7d2rOZ', 'expanded_url': 'https://www.newyorker.com/magazine/2019/01/07/sally-rooney-gets-in-your-head', 'display_url': 'newyorker.com/magazine/2019/…', 'images': [{'url': 'https://pbs.twimg.com/news_img/1491098093332631554/Vdu3ycO-?format=jpg&name=orig', 'width': 1119, 'height': 629}, {'url': 'https://pbs.twimg.com/news_img/1491098093332631554/Vdu3ycO-?format=jpg&name=150x150', 'width': 150, 'height': 150}], 'status': 200, 'title': 'Sally Rooney Gets in Your Head', 'description': 'The Irish writer has been hailed as the first great millennial novelist for her stories of love and late capitalism.', 'unwound_url': 'https://www.newyorker.com/magazine/2019/01/07/sally-rooney-gets-in-your-head'}]","[{'start': 197, 'end': 211, 'tag': 'LaurenCollins'}]",807003567605227520,1080284649828564992,2019-01-02T02:08:25.000Z,62,12,540,5,"“One of the unusual pleasures of Rooney’s novels is watching young women engage in a casual intellectual hooliganism, demolishing every mediocrity that crosses their paths, just for the fun of it” #LaurenCollins
Sally Rooney kills! https://t.co/IRHL7d2rOZ",en,"Actor and Activist, semi-professional disruptor, ice cream advocate and shameless teacup yorkie-lover",https://pbs.twimg.com/profile_images/1383196364792680448/N8CdupEu_normal.jpg,Amber Heard,807003567605227520,2016-12-08T23:26:58.000Z,https://t.co/Ze18Ek9SOI,190356,220,1150,566,"Los Angeles, CA",realamberheard,"""...The condition upon which God hath given liberty to man is eternal vigilance..."" 

- John Philpot Curran
 
Battle For The Soul Of The America! 💖",https://pbs.twimg.com/profile_images/1349957778765393920/U9Bcdvo4_normal.jpg,✝️🔮💗Nikolas💗🔮✝️ (He/Him/I&I),3057759609,2015-02-24T01:32:52.000Z,,209,1009,345795,3,NikolasVision,,,Traversing Through Time.
Twitter for iPad,"[{'type': 'retweeted', 'id': '1081593287725576192'}]",271244383,1081689849923543040,2019-01-05T23:12:11.000Z,"RT @realamberheard: Just reread Normal People simply because once isn’t enough to get her delicately nuanced, biting prose or fearless, “ca…",en,35,0,0,0,"[{'start': 3, 'end': 18, 'username': 'realamberheard', 'id': '807003567605227520'}]",Twitter for iPad,"[{'start': 33, 'end': 38, 'probability': 0.9537, 'type': 'Person', 'normalized_text': 'Rooney'}, {'start': 212, 'end': 223, 'probability': 0.959, 'type': 'Person', 'normalized_text': 'Sally Rooney'}]","[{'start': 232, 'end': 255, 'url': 'https://t.co/IRHL7d2rOZ', 'expanded_url': 'https://www.newyorker.com/magazine/2019/01/07/sally-rooney-gets-in-your-head', 'display_url': 'newyorker.com/magazine/2019/…', 'images': [{'url': 'https://pbs.twimg.com/news_img/1491098093332631554/Vdu3ycO-?format=jpg&name=orig', 'width': 1119, 'height': 629}, {'url': 'https://pbs.twimg.com/news_img/1491098093332631554/Vdu3ycO-?format=jpg&name=150x150', 'width': 150, 'height': 150}], 'status': 200, 'title': 'Sally Rooney Gets in Your Head', 'description': 'The Irish writer has been hailed as the first great millennial novelist for her stories of love and late capitalism.', 'unwound_url': 'https://www.newyorker.com/magazine/2019/01/07/sally-rooney-gets-in-your-head'}]","[{'start': 197, 'end': 211, 'tag': 'LaurenCollins'}]",807003567605227520,1080284649828564992,2019-01-02T02:08:25.000Z,62,12,540,5,"“One of the unusual pleasures of Rooney’s novels is watching young women engage in a casual intellectual hooliganism, demolishing every mediocrity that crosses their paths, just for the fun of it” #LaurenCollins
Sally Rooney kills! https://t.co/IRHL7d2rOZ",en,"Actor and Activist, semi-professional disruptor, ice cream advocate and shameless teacup yorkie-lover",https://pbs.twimg.com/profile_images/1383196364792680448/N8CdupEu_normal.jpg,Amber Heard,807003567605227520,2016-12-08T23:26:58.000Z,https://t.co/Ze18Ek9SOI,190356,220,1150,566,"Los Angeles, CA",realamberheard,"♎️🥋🏃🏼‍♀️📚🍕🍿🧁* Music is therapy! 🎧 * ❤️ Animals, 🐈‍⬛ Duchess * 🐈 Ramsay * #WWF * #DC4L★ * #LakeShow 💜💛 * #Walker, LOVE TV, Cinephile * #BeKind 💞",https://pbs.twimg.com/profile_images/1473419363520856074/2_wBSQQ1_normal.jpg,Pam Suzanne Reich,271244383,2011-03-24T03:57:43.000Z,https://t.co/ep2kAabXyT,4957,5518,416411,70,prcowboys,,,"Missouri, USA"
Twitter for iPhone,"[{'type': 'retweeted', 'id': '1081593287725576192'}]",17945218,1081647405852848128,2019-01-05T20:23:32.000Z,"RT @realamberheard: Just reread Normal People simply because once isn’t enough to get her delicately nuanced, biting prose or fearless, “ca…",en,35,0,0,0,"[{'start': 3, 'end': 18, 'username': 'realamberheard', 'id': '807003567605227520'}]",Twitter for iPad,"[{'start': 33, 'end': 38, 'probability': 0.9537, 'type': 'Person', 'normalized_text': 'Rooney'}, {'start': 212, 'end': 223, 'probability': 0.959, 'type': 'Person', 'normalized_text': 'Sally Rooney'}]","[{'start': 232, 'end': 255, 'url': 'https://t.co/IRHL7d2rOZ', 'expanded_url': 'https://www.newyorker.com/magazine/2019/01/07/sally-rooney-gets-in-your-head', 'display_url': 'newyorker.com/magazine/2019/…', 'images': [{'url': 'https://pbs.twimg.com/news_img/1491098093332631554/Vdu3ycO-?format=jpg&name=orig', 'width': 1119, 'height': 629}, {'url': 'https://pbs.twimg.com/news_img/1491098093332631554/Vdu3ycO-?format=jpg&name=150x150', 'width': 150, 'height': 150}], 'status': 200, 'title': 'Sally Rooney Gets in Your Head', 'description': 'The Irish writer has been hailed as the first great millennial novelist for her stories of love and late capitalism.', 'unwound_url': 'https://www.newyorker.com/magazine/2019/01/07/sally-rooney-gets-in-your-head'}]","[{'start': 197, 'end': 211, 'tag': 'LaurenCollins'}]",807003567605227520,1080284649828564992,2019-01-02T02:08:25.000Z,62,12,540,5,"“One of the unusual pleasures of Rooney’s novels is watching young women engage in a casual intellectual hooliganism, demolishing every mediocrity that crosses their paths, just for the fun of it” #LaurenCollins
Sally Rooney kills! https://t.co/IRHL7d2rOZ",en,"Actor and Activist, semi-professional disruptor, ice cream advocate and shameless teacup yorkie-lover",https://pbs.twimg.com/profile_images/1383196364792680448/N8CdupEu_normal.jpg,Amber Heard,807003567605227520,2016-12-08T23:26:58.000Z,https://t.co/Ze18Ek9SOI,190356,220,1150,566,"Los Angeles, CA",realamberheard,"Jordan from Haven, Martine from Bullet In The Face, Christy from Harold & Kumar go to White Castle, Biker from It Wasn’t Me, TicTac girl. Bifurcated sleeper ;}",https://pbs.twimg.com/profile_images/1440495615398465545/EEOJEnkF_normal.jpg,kate kelton,17945218,2008-12-07T18:32:54.000Z,https://t.co/POVKcRAv0s,4926,2260,76328,140,katekelton,,,
Twitter for Android,"[{'type': 'retweeted', 'id': '1081593287725576192'}]",870686014972379136,1081633819608928256,2019-01-05T19:29:33.000Z,"RT @realamberheard: Just reread Normal People simply because once isn’t enough to get her delicately nuanced, biting prose or fearless, “ca…",en,35,0,0,0,"[{'start': 3, 'end': 18, 'username': 'realamberheard', 'id': '807003567605227520'}]",Twitter for iPad,"[{'start': 33, 'end': 38, 'probability': 0.9537, 'type': 'Person', 'normalized_text': 'Rooney'}, {'start': 212, 'end': 223, 'probability': 0.959, 'type': 'Person', 'normalized_text': 'Sally Rooney'}]","[{'start': 232, 'end': 255, 'url': 'https://t.co/IRHL7d2rOZ', 'expanded_url': 'https://www.newyorker.com/magazine/2019/01/07/sally-rooney-gets-in-your-head', 'display_url': 'newyorker.com/magazine/2019/…', 'images': [{'url': 'https://pbs.twimg.com/news_img/1491098093332631554/Vdu3ycO-?format=jpg&name=orig', 'width': 1119, 'height': 629}, {'url': 'https://pbs.twimg.com/news_img/1491098093332631554/Vdu3ycO-?format=jpg&name=150x150', 'width': 150, 'height': 150}], 'status': 200, 'title': 'Sally Rooney Gets in Your Head', 'description': 'The Irish writer has been hailed as the first great millennial novelist for her stories of love and late capitalism.', 'unwound_url': 'https://www.newyorker.com/magazine/2019/01/07/sally-rooney-gets-in-your-head'}]","[{'start': 197, 'end': 211, 'tag': 'LaurenCollins'}]",807003567605227520,1080284649828564992,2019-01-02T02:08:25.000Z,62,12,540,5,"“One of the unusual pleasures of Rooney’s novels is watching young women engage in a casual intellectual hooliganism, demolishing every mediocrity that crosses their paths, just for the fun of it” #LaurenCollins
Sally Rooney kills! https://t.co/IRHL7d2rOZ",en,"Actor and Activist, semi-professional disruptor, ice cream advocate and shameless teacup yorkie-lover",https://pbs.twimg.com/profile_images/1383196364792680448/N8CdupEu_normal.jpg,Amber Heard,807003567605227520,2016-12-08T23:26:58.000Z,https://t.co/Ze18Ek9SOI,190356,220,1150,566,"Los Angeles, CA",realamberheard,"I love movies, television, music, WWE and UFC. I was born and raised in Queens, NY.",https://pbs.twimg.com/profile_images/1110030107119403009/O2yiLunt_normal.jpg,Steve Calderon,870686014972379136,2017-06-02T16:58:17.000Z,,1533,4255,448383,3,SteveCalderon85,,,"Queens, NY"
Twitter for Android,"[{'type': 'retweeted', 'id': '1081593287725576192'}]",885948265019191297,1081626753460690944,2019-01-05T19:01:28.000Z,"RT @realamberheard: Just reread Normal People simply because once isn’t enough to get her delicately nuanced, biting prose or fearless, “ca…",en,35,0,0,0,"[{'start': 3, 'end': 18, 'username': 'realamberheard', 'id': '807003567605227520'}]",Twitter for iPad,"[{'start': 33, 'end': 38, 'probability': 0.9537, 'type': 'Person', 'normalized_text': 'Rooney'}, {'start': 212, 'end': 223, 'probability': 0.959, 'type': 'Person', 'normalized_text': 'Sally Rooney'}]","[{'start': 232, 'end': 255, 'url': 'https://t.co/IRHL7d2rOZ', 'expanded_url': 'https://www.newyorker.com/magazine/2019/01/07/sally-rooney-gets-in-your-head', 'display_url': 'newyorker.com/magazine/2019/…', 'images': [{'url': 'https://pbs.twimg.com/news_img/1491098093332631554/Vdu3ycO-?format=jpg&name=orig', 'width': 1119, 'height': 629}, {'url': 'https://pbs.twimg.com/news_img/1491098093332631554/Vdu3ycO-?format=jpg&name=150x150', 'width': 150, 'height': 150}], 'status': 200, 'title': 'Sally Rooney Gets in Your Head', 'description': 'The Irish writer has been hailed as the first great millennial novelist for her stories of love and late capitalism.', 'unwound_url': 'https://www.newyorker.com/magazine/2019/01/07/sally-rooney-gets-in-your-head'}]","[{'start': 197, 'end': 211, 'tag': 'LaurenCollins'}]",807003567605227520,1080284649828564992,2019-01-02T02:08:25.000Z,62,12,540,5,"“One of the unusual pleasures of Rooney’s novels is watching young women engage in a casual intellectual hooliganism, demolishing every mediocrity that crosses their paths, just for the fun of it” #LaurenCollins
Sally Rooney kills! https://t.co/IRHL7d2rOZ",en,"Actor and Activist, semi-professional disruptor, ice cream advocate and shameless teacup yorkie-lover",https://pbs.twimg.com/profile_images/1383196364792680448/N8CdupEu_normal.jpg,Amber Heard,807003567605227520,2016-12-08T23:26:58.000Z,https://t.co/Ze18Ek9SOI,190356,220,1150,566,"Los Angeles, CA",realamberheard,"@elavelden @evacedenor @alexmorgan13 @MFernandaYepes @JessicaDecote @BeckyLynchWWE @SophiaBush
 @blancasuarezweb @MsCharlotteWWE @irinabaeva1 @LaceyEvansWWE",https://pbs.twimg.com/profile_images/1101260814210654209/14JNi7_v_normal.jpg,ErickBluesJazz,885948265019191297,2017-07-14T19:45:01.000Z,,470,971,139051,1,BluesBrutal660,,,
Twitter for iPhone,"[{'type': 'retweeted', 'id': '1081593287725576192'}]",874984340,1081625619841060869,2019-01-05T18:56:58.000Z,"RT @realamberheard: Just reread Normal People simply because once isn’t enough to get her delicately nuanced, biting prose or fearless, “ca…",en,35,0,0,0,"[{'start': 3, 'end': 18, 'username': 'realamberheard', 'id': '807003567605227520'}]",Twitter for iPad,"[{'start': 33, 'end': 38, 'probability': 0.9537, 'type': 'Person', 'normalized_text': 'Rooney'}, {'start': 212, 'end': 223, 'probability': 0.959, 'type': 'Person', 'normalized_text': 'Sally Rooney'}]","[{'start': 232, 'end': 255, 'url': 'https://t.co/IRHL7d2rOZ', 'expanded_url': 'https://www.newyorker.com/magazine/2019/01/07/sally-rooney-gets-in-your-head', 'display_url': 'newyorker.com/magazine/2019/…', 'images': [{'url': 'https://pbs.twimg.com/news_img/1491098093332631554/Vdu3ycO-?format=jpg&name=orig', 'width': 1119, 'height': 629}, {'url': 'https://pbs.twimg.com/news_img/1491098093332631554/Vdu3ycO-?format=jpg&name=150x150', 'width': 150, 'height': 150}], 'status': 200, 'title': 'Sally Rooney Gets in Your Head', 'description': 'The Irish writer has been hailed as the first great millennial novelist for her stories of love and late capitalism.', 'unwound_url': 'https://www.newyorker.com/magazine/2019/01/07/sally-rooney-gets-in-your-head'}]","[{'start': 197, 'end': 211, 'tag': 'LaurenCollins'}]",807003567605227520,1080284649828564992,2019-01-02T02:08:25.000Z,62,12,540,5,"“One of the unusual pleasures of Rooney’s novels is watching young women engage in a casual intellectual hooliganism, demolishing every mediocrity that crosses their paths, just for the fun of it” #LaurenCollins
Sally Rooney kills! https://t.co/IRHL7d2rOZ",en,"Actor and Activist, semi-professional disruptor, ice cream advocate and shameless teacup yorkie-lover",https://pbs.twimg.com/profile_images/1383196364792680448/N8CdupEu_normal.jpg,Amber Heard,807003567605227520,2016-12-08T23:26:58.000Z,https://t.co/Ze18Ek9SOI,190356,220,1150,566,"Los Angeles, CA",realamberheard,Here to fangirl about fangirl things. I also retweet a lot of animal stuff and posts to raise social awareness. Beware my page. Pronouns: she/her,https://pbs.twimg.com/profile_images/1451763808968523777/qJNzYCWU_normal.jpg,Lexi,874984340,2012-10-12T05:22:26.000Z,,337,315,26826,15,animalhugger91,,,
Twitter for Android,"[{'type': 'retweeted', 'id': '1081593287725576192'}]",785148392498421760,1081616210914103297,2019-01-05T18:19:34.000Z,"RT @realamberheard: Just reread Normal People simply because once isn’t enough to get her delicately nuanced, biting prose or fearless, “ca…",en,35,0,0,0,"[{'start': 3, 'end': 18, 'username': 'realamberheard', 'id': '807003567605227520'}]",Twitter for iPad,"[{'start': 33, 'end': 38, 'probability': 0.9537, 'type': 'Person', 'normalized_text': 'Rooney'}, {'start': 212, 'end': 223, 'probability': 0.959, 'type': 'Person', 'normalized_text': 'Sally Rooney'}]","[{'start': 232, 'end': 255, 'url': 'https://t.co/IRHL7d2rOZ', 'expanded_url': 'https://www.newyorker.com/magazine/2019/01/07/sally-rooney-gets-in-your-head', 'display_url': 'newyorker.com/magazine/2019/…', 'images': [{'url': 'https://pbs.twimg.com/news_img/1491098093332631554/Vdu3ycO-?format=jpg&name=orig', 'width': 1119, 'height': 629}, {'url': 'https://pbs.twimg.com/news_img/1491098093332631554/Vdu3ycO-?format=jpg&name=150x150', 'width': 150, 'height': 150}], 'status': 200, 'title': 'Sally Rooney Gets in Your Head', 'description': 'The Irish writer has been hailed as the first great millennial novelist for her stories of love and late capitalism.', 'unwound_url': 'https://www.newyorker.com/magazine/2019/01/07/sally-rooney-gets-in-your-head'}]","[{'start': 197, 'end': 211, 'tag': 'LaurenCollins'}]",807003567605227520,1080284649828564992,2019-01-02T02:08:25.000Z,62,12,540,5,"“One of the unusual pleasures of Rooney’s novels is watching young women engage in a casual intellectual hooliganism, demolishing every mediocrity that crosses their paths, just for the fun of it” #LaurenCollins
Sally Rooney kills! https://t.co/IRHL7d2rOZ",en,"Actor and Activist, semi-professional disruptor, ice cream advocate and shameless teacup yorkie-lover",https://pbs.twimg.com/profile_images/1383196364792680448/N8CdupEu_normal.jpg,Amber Heard,807003567605227520,2016-12-08T23:26:58.000Z,https://t.co/Ze18Ek9SOI,190356,220,1150,566,"Los Angeles, CA",realamberheard,"Actress/Producer & UNHCR Special Envoy #AngelinaJolie | Actress, Activist & Human Rights Champion @realamberheard | @JeniferOfficiel 

#IStandWithYouAmberHeard",https://pbs.twimg.com/profile_images/1138826096386936837/71Iwj2dh_normal.jpg,Cora Melodie,785148392498421760,2016-10-09T16:02:18.000Z,,736,720,49336,28,CoraMelodie,,,"Bordeaux, France"
Twitter for Android,"[{'type': 'retweeted', 'id': '1081593287725576192'}]",80825732,1081606380287455232,2019-01-05T17:40:30.000Z,"RT @realamberheard: Just reread Normal People simply because once isn’t enough to get her delicately nuanced, biting prose or fearless, “ca…",en,35,0,0,0,"[{'start': 3, 'end': 18, 'username': 'realamberheard', 'id': '807003567605227520'}]",Twitter for iPad,"[{'start': 33, 'end': 38, 'probability': 0.9537, 'type': 'Person', 'normalized_text': 'Rooney'}, {'start': 212, 'end': 223, 'probability': 0.959, 'type': 'Person', 'normalized_text': 'Sally Rooney'}]","[{'start': 232, 'end': 255, 'url': 'https://t.co/IRHL7d2rOZ', 'expanded_url': 'https://www.newyorker.com/magazine/2019/01/07/sally-rooney-gets-in-your-head', 'display_url': 'newyorker.com/magazine/2019/…', 'images': [{'url': 'https://pbs.twimg.com/news_img/1491098093332631554/Vdu3ycO-?format=jpg&name=orig', 'width': 1119, 'height': 629}, {'url': 'https://pbs.twimg.com/news_img/1491098093332631554/Vdu3ycO-?format=jpg&name=150x150', 'width': 150, 'height': 150}], 'status': 200, 'title': 'Sally Rooney Gets in Your Head', 'description': 'The Irish writer has been hailed as the first great millennial novelist for her stories of love and late capitalism.', 'unwound_url': 'https://www.newyorker.com/magazine/2019/01/07/sally-rooney-gets-in-your-head'}]","[{'start': 197, 'end': 211, 'tag': 'LaurenCollins'}]",807003567605227520,1080284649828564992,2019-01-02T02:08:25.000Z,62,12,540,5,"“One of the unusual pleasures of Rooney’s novels is watching young women engage in a casual intellectual hooliganism, demolishing every mediocrity that crosses their paths, just for the fun of it” #LaurenCollins
Sally Rooney kills! https://t.co/IRHL7d2rOZ",en,"Actor and Activist, semi-professional disruptor, ice cream advocate and shameless teacup yorkie-lover",https://pbs.twimg.com/profile_images/1383196364792680448/N8CdupEu_normal.jpg,Amber Heard,807003567605227520,2016-12-08T23:26:58.000Z,https://t.co/Ze18Ek9SOI,190356,220,1150,566,"Los Angeles, CA",realamberheard,,https://pbs.twimg.com/profile_images/1214055023363031040/nTs5q8i1_normal.jpg,NiTiN,80825732,2009-10-08T11:23:44.000Z,,202,763,2476,0,iamnitinsuvarna,,,Yau Tsim Mong District
Twitter for Android,"[{'type': 'retweeted', 'id': '1081593287725576192'}]",2784836795,1081602921211531265,2019-01-05T17:26:46.000Z,"RT @realamberheard: Just reread Normal People simply because once isn’t enough to get her delicately nuanced, biting prose or fearless, “ca…",en,35,0,0,0,"[{'start': 3, 'end': 18, 'username': 'realamberheard', 'id': '807003567605227520'}]",Twitter for iPad,"[{'start': 33, 'end': 38, 'probability': 0.9537, 'type': 'Person', 'normalized_text': 'Rooney'}, {'start': 212, 'end': 223, 'probability': 0.959, 'type': 'Person', 'normalized_text': 'Sally Rooney'}]","[{'start': 232, 'end': 255, 'url': 'https://t.co/IRHL7d2rOZ', 'expanded_url': 'https://www.newyorker.com/magazine/2019/01/07/sally-rooney-gets-in-your-head', 'display_url': 'newyorker.com/magazine/2019/…', 'images': [{'url': 'https://pbs.twimg.com/news_img/1491098093332631554/Vdu3ycO-?format=jpg&name=orig', 'width': 1119, 'height': 629}, {'url': 'https://pbs.twimg.com/news_img/1491098093332631554/Vdu3ycO-?format=jpg&name=150x150', 'width': 150, 'height': 150}], 'status': 200, 'title': 'Sally Rooney Gets in Your Head', 'description': 'The Irish writer has been hailed as the first great millennial novelist for her stories of love and late capitalism.', 'unwound_url': 'https://www.newyorker.com/magazine/2019/01/07/sally-rooney-gets-in-your-head'}]","[{'start': 197, 'end': 211, 'tag': 'LaurenCollins'}]",807003567605227520,1080284649828564992,2019-01-02T02:08:25.000Z,62,12,540,5,"“One of the unusual pleasures of Rooney’s novels is watching young women engage in a casual intellectual hooliganism, demolishing every mediocrity that crosses their paths, just for the fun of it” #LaurenCollins
Sally Rooney kills! https://t.co/IRHL7d2rOZ",en,"Actor and Activist, semi-professional disruptor, ice cream advocate and shameless teacup yorkie-lover",https://pbs.twimg.com/profile_images/1383196364792680448/N8CdupEu_normal.jpg,Amber Heard,807003567605227520,2016-12-08T23:26:58.000Z,https://t.co/Ze18Ek9SOI,190356,220,1150,566,"Los Angeles, CA",realamberheard,"EL MAYARAH / Blood makes you related, loyalty makes you family/  GT(02-08-2015).
🇲🇽",https://pbs.twimg.com/profile_images/1402822529882939392/F2T_OR4P_normal.jpg,:l,2784836795,2014-09-26T02:55:05.000Z,https://t.co/Pxe5HoPnDc,849,412,112011,19,Carolina_Olayo,,,TreviPolis & National City
Twitter for Android,"[{'type': 'retweeted', 'id': '1081593287725576192'}]",1077871540279148545,1081598652592852992,2019-01-05T17:09:48.000Z,"RT @realamberheard: Just reread Normal People simply because once isn’t enough to get her delicately nuanced, biting prose or fearless, “ca…",en,35,0,0,0,"[{'start': 3, 'end': 18, 'username': 'realamberheard', 'id': '807003567605227520'}]",Twitter for iPad,"[{'start': 33, 'end': 38, 'probability': 0.9537, 'type': 'Person', 'normalized_text': 'Rooney'}, {'start': 212, 'end': 223, 'probability': 0.959, 'type': 'Person', 'normalized_text': 'Sally Rooney'}]","[{'start': 232, 'end': 255, 'url': 'https://t.co/IRHL7d2rOZ', 'expanded_url': 'https://www.newyorker.com/magazine/2019/01/07/sally-rooney-gets-in-your-head', 'display_url': 'newyorker.com/magazine/2019/…', 'images': [{'url': 'https://pbs.twimg.com/news_img/1491098093332631554/Vdu3ycO-?format=jpg&name=orig', 'width': 1119, 'height': 629}, {'url': 'https://pbs.twimg.com/news_img/1491098093332631554/Vdu3ycO-?format=jpg&name=150x150', 'width': 150, 'height': 150}], 'status': 200, 'title': 'Sally Rooney Gets in Your Head', 'description': 'The Irish writer has been hailed as the first great millennial novelist for her stories of love and late capitalism.', 'unwound_url': 'https://www.newyorker.com/magazine/2019/01/07/sally-rooney-gets-in-your-head'}]","[{'start': 197, 'end': 211, 'tag': 'LaurenCollins'}]",807003567605227520,1080284649828564992,2019-01-02T02:08:25.000Z,62,12,540,5,"“One of the unusual pleasures of Rooney’s novels is watching young women engage in a casual intellectual hooliganism, demolishing every mediocrity that crosses their paths, just for the fun of it” #LaurenCollins
Sally Rooney kills! https://t.co/IRHL7d2rOZ",en,"Actor and Activist, semi-professional disruptor, ice cream advocate and shameless teacup yorkie-lover",https://pbs.twimg.com/profile_images/1383196364792680448/N8CdupEu_normal.jpg,Amber Heard,807003567605227520,2016-12-08T23:26:58.000Z,https://t.co/Ze18Ek9SOI,190356,220,1150,566,"Los Angeles, CA",realamberheard,"Me gusta jugar a videojuegos,

Me encanta el cine sobretodo de superhéroes/inas

Y me encanta la Actriz Amber Heard",https://pbs.twimg.com/profile_images/1148180386951966721/1fayY639_normal.jpg,Andreu,1077871540279148545,2018-12-26T10:19:35.000Z,,2,17,131,0,AndreuDHT2003,,,"Community of Valencia, Spain"
Twitter for Android,"[{'type': 'retweeted', 'id': '1081593287725576192'}]",1920027500,1081598369527517186,2019-01-05T17:08:41.000Z,"RT @realamberheard: Just reread Normal People simply because once isn’t enough to get her delicately nuanced, biting prose or fearless, “ca…",en,35,0,0,0,"[{'start': 3, 'end': 18, 'username': 'realamberheard', 'id': '807003567605227520'}]",Twitter for iPad,"[{'start': 33, 'end': 38, 'probability': 0.9537, 'type': 'Person', 'normalized_text': 'Rooney'}, {'start': 212, 'end': 223, 'probability': 0.959, 'type': 'Person', 'normalized_text': 'Sally Rooney'}]","[{'start': 232, 'end': 255, 'url': 'https://t.co/IRHL7d2rOZ', 'expanded_url': 'https://www.newyorker.com/magazine/2019/01/07/sally-rooney-gets-in-your-head', 'display_url': 'newyorker.com/magazine/2019/…', 'images': [{'url': 'https://pbs.twimg.com/news_img/1491098093332631554/Vdu3ycO-?format=jpg&name=orig', 'width': 1119, 'height': 629}, {'url': 'https://pbs.twimg.com/news_img/1491098093332631554/Vdu3ycO-?format=jpg&name=150x150', 'width': 150, 'height': 150}], 'status': 200, 'title': 'Sally Rooney Gets in Your Head', 'description': 'The Irish writer has been hailed as the first great millennial novelist for her stories of love and late capitalism.', 'unwound_url': 'https://www.newyorker.com/magazine/2019/01/07/sally-rooney-gets-in-your-head'}]","[{'start': 197, 'end': 211, 'tag': 'LaurenCollins'}]",807003567605227520,1080284649828564992,2019-01-02T02:08:25.000Z,62,12,540,5,"“One of the unusual pleasures of Rooney’s novels is watching young women engage in a casual intellectual hooliganism, demolishing every mediocrity that crosses their paths, just for the fun of it” #LaurenCollins
Sally Rooney kills! https://t.co/IRHL7d2rOZ",en,"Actor and Activist, semi-professional disruptor, ice cream advocate and shameless teacup yorkie-lover",https://pbs.twimg.com/profile_images/1383196364792680448/N8CdupEu_normal.jpg,Amber Heard,807003567605227520,2016-12-08T23:26:58.000Z,https://t.co/Ze18Ek9SOI,190356,220,1150,566,"Los Angeles, CA",realamberheard,"여성 미디어, 스포츠 / #WeAreWithYouAmberHeard / @impulseseries, Sacred Lies / 비팔로워 알림 OFF",https://pbs.twimg.com/profile_images/1351753139754450944/GvU6S28l_normal.jpg,justme,1920027500,2013-09-30T13:05:19.000Z,,3818,1021,382659,38,justme_relax,,,Korea
Twitter for Android,"[{'type': 'retweeted', 'id': '1081593287725576192'}]",101363251,1081596624902721537,2019-01-05T17:01:45.000Z,"RT @realamberheard: Just reread Normal People simply because once isn’t enough to get her delicately nuanced, biting prose or fearless, “ca…",en,35,0,0,0,"[{'start': 3, 'end': 18, 'username': 'realamberheard', 'id': '807003567605227520'}]",Twitter for iPad,"[{'start': 33, 'end': 38, 'probability': 0.9537, 'type': 'Person', 'normalized_text': 'Rooney'}, {'start': 212, 'end': 223, 'probability': 0.959, 'type': 'Person', 'normalized_text': 'Sally Rooney'}]","[{'start': 232, 'end': 255, 'url': 'https://t.co/IRHL7d2rOZ', 'expanded_url': 'https://www.newyorker.com/magazine/2019/01/07/sally-rooney-gets-in-your-head', 'display_url': 'newyorker.com/magazine/2019/…', 'images': [{'url': 'https://pbs.twimg.com/news_img/1491098093332631554/Vdu3ycO-?format=jpg&name=orig', 'width': 1119, 'height': 629}, {'url': 'https://pbs.twimg.com/news_img/1491098093332631554/Vdu3ycO-?format=jpg&name=150x150', 'width': 150, 'height': 150}], 'status': 200, 'title': 'Sally Rooney Gets in Your Head', 'description': 'The Irish writer has been hailed as the first great millennial novelist for her stories of love and late capitalism.', 'unwound_url': 'https://www.newyorker.com/magazine/2019/01/07/sally-rooney-gets-in-your-head'}]","[{'start': 197, 'end': 211, 'tag': 'LaurenCollins'}]",807003567605227520,1080284649828564992,2019-01-02T02:08:25.000Z,62,12,540,5,"“One of the unusual pleasures of Rooney’s novels is watching young women engage in a casual intellectual hooliganism, demolishing every mediocrity that crosses their paths, just for the fun of it” #LaurenCollins
Sally Rooney kills! https://t.co/IRHL7d2rOZ",en,"Actor and Activist, semi-professional disruptor, ice cream advocate and shameless teacup yorkie-lover",https://pbs.twimg.com/profile_images/1383196364792680448/N8CdupEu_normal.jpg,Amber Heard,807003567605227520,2016-12-08T23:26:58.000Z,https://t.co/Ze18Ek9SOI,190356,220,1150,566,"Los Angeles, CA",realamberheard,🌹I love interior design and fashion too. I adore searching antiques and also modern and classy design and fashion. Blythe dolls maker& lover 💞,https://pbs.twimg.com/profile_images/1496015012317569025/iZdxV8_O_normal.jpg,Sabrina Helena 'Ophelia#TheGoldenGirl🌼,101363251,2010-01-03T01:34:45.000Z,,123,848,8684,3,CinDeerella11,,,East Egg 
Twitter Web App,"[{'type': 'retweeted', 'id': '1081593287725576192'}]",1051316314722037761,1081595069302398978,2019-01-05T16:55:34.000Z,"RT @realamberheard: Just reread Normal People simply because once isn’t enough to get her delicately nuanced, biting prose or fearless, “ca…",en,35,0,0,0,"[{'start': 3, 'end': 18, 'username': 'realamberheard', 'id': '807003567605227520'}]",Twitter for iPad,"[{'start': 33, 'end': 38, 'probability': 0.9537, 'type': 'Person', 'normalized_text': 'Rooney'}, {'start': 212, 'end': 223, 'probability': 0.959, 'type': 'Person', 'normalized_text': 'Sally Rooney'}]","[{'start': 232, 'end': 255, 'url': 'https://t.co/IRHL7d2rOZ', 'expanded_url': 'https://www.newyorker.com/magazine/2019/01/07/sally-rooney-gets-in-your-head', 'display_url': 'newyorker.com/magazine/2019/…', 'images': [{'url': 'https://pbs.twimg.com/news_img/1491098093332631554/Vdu3ycO-?format=jpg&name=orig', 'width': 1119, 'height': 629}, {'url': 'https://pbs.twimg.com/news_img/1491098093332631554/Vdu3ycO-?format=jpg&name=150x150', 'width': 150, 'height': 150}], 'status': 200, 'title': 'Sally Rooney Gets in Your Head', 'description': 'The Irish writer has been hailed as the first great millennial novelist for her stories of love and late capitalism.', 'unwound_url': 'https://www.newyorker.com/magazine/2019/01/07/sally-rooney-gets-in-your-head'}]","[{'start': 197, 'end': 211, 'tag': 'LaurenCollins'}]",807003567605227520,1080284649828564992,2019-01-02T02:08:25.000Z,62,12,540,5,"“One of the unusual pleasures of Rooney’s novels is watching young women engage in a casual intellectual hooliganism, demolishing every mediocrity that crosses their paths, just for the fun of it” #LaurenCollins
Sally Rooney kills! https://t.co/IRHL7d2rOZ",en,"Actor and Activist, semi-professional disruptor, ice cream advocate and shameless teacup yorkie-lover",https://pbs.twimg.com/profile_images/1383196364792680448/N8CdupEu_normal.jpg,Amber Heard,807003567605227520,2016-12-08T23:26:58.000Z,https://t.co/Ze18Ek9SOI,190356,220,1150,566,"Los Angeles, CA",realamberheard,,https://pbs.twimg.com/profile_images/1381856560918360065/1Iqi5r-z_normal.jpg,Harshal Jamodkar,1051316314722037761,2018-10-14T03:38:36.000Z,,32,769,5948,1,iam_harshalJ,,,"Pune, India"
Twitter for Android,"[{'type': 'retweeted', 'id': '1081593287725576192'}]",79199888,1081593953063976960,2019-01-05T16:51:08.000Z,"RT @realamberheard: Just reread Normal People simply because once isn’t enough to get her delicately nuanced, biting prose or fearless, “ca…",en,35,0,0,0,"[{'start': 3, 'end': 18, 'username': 'realamberheard', 'id': '807003567605227520'}]",Twitter for iPad,"[{'start': 33, 'end': 38, 'probability': 0.9537, 'type': 'Person', 'normalized_text': 'Rooney'}, {'start': 212, 'end': 223, 'probability': 0.959, 'type': 'Person', 'normalized_text': 'Sally Rooney'}]","[{'start': 232, 'end': 255, 'url': 'https://t.co/IRHL7d2rOZ', 'expanded_url': 'https://www.newyorker.com/magazine/2019/01/07/sally-rooney-gets-in-your-head', 'display_url': 'newyorker.com/magazine/2019/…', 'images': [{'url': 'https://pbs.twimg.com/news_img/1491098093332631554/Vdu3ycO-?format=jpg&name=orig', 'width': 1119, 'height': 629}, {'url': 'https://pbs.twimg.com/news_img/1491098093332631554/Vdu3ycO-?format=jpg&name=150x150', 'width': 150, 'height': 150}], 'status': 200, 'title': 'Sally Rooney Gets in Your Head', 'description': 'The Irish writer has been hailed as the first great millennial novelist for her stories of love and late capitalism.', 'unwound_url': 'https://www.newyorker.com/magazine/2019/01/07/sally-rooney-gets-in-your-head'}]","[{'start': 197, 'end': 211, 'tag': 'LaurenCollins'}]",807003567605227520,1080284649828564992,2019-01-02T02:08:25.000Z,62,12,540,5,"“One of the unusual pleasures of Rooney’s novels is watching young women engage in a casual intellectual hooliganism, demolishing every mediocrity that crosses their paths, just for the fun of it” #LaurenCollins
Sally Rooney kills! https://t.co/IRHL7d2rOZ",en,"Actor and Activist, semi-professional disruptor, ice cream advocate and shameless teacup yorkie-lover",https://pbs.twimg.com/profile_images/1383196364792680448/N8CdupEu_normal.jpg,Amber Heard,807003567605227520,2016-12-08T23:26:58.000Z,https://t.co/Ze18Ek9SOI,190356,220,1150,566,"Los Angeles, CA",realamberheard,"First  Italian FANPAGE dedicated to @realamberheard. Follow us for the latest updates, pictures and news! On Amber Heard Italia, u HEARD it first 🇮🇹",https://pbs.twimg.com/profile_images/1412490122365374481/EAftEZpa_normal.jpg,Amber Heard Italia Fans,79199888,2009-10-02T14:50:54.000Z,https://t.co/w3BraCgc4s,7228,344,39190,34,AmberHeardIT,,,Since 2009
Twitter for Android,"[{'type': 'retweeted', 'id': '1081593287725576192'}]",932662444203429888,1081593830334480384,2019-01-05T16:50:38.000Z,"RT @realamberheard: Just reread Normal People simply because once isn’t enough to get her delicately nuanced, biting prose or fearless, “ca…",en,35,0,0,0,"[{'start': 3, 'end': 18, 'username': 'realamberheard', 'id': '807003567605227520'}]",Twitter for iPad,"[{'start': 33, 'end': 38, 'probability': 0.9537, 'type': 'Person', 'normalized_text': 'Rooney'}, {'start': 212, 'end': 223, 'probability': 0.959, 'type': 'Person', 'normalized_text': 'Sally Rooney'}]","[{'start': 232, 'end': 255, 'url': 'https://t.co/IRHL7d2rOZ', 'expanded_url': 'https://www.newyorker.com/magazine/2019/01/07/sally-rooney-gets-in-your-head', 'display_url': 'newyorker.com/magazine/2019/…', 'images': [{'url': 'https://pbs.twimg.com/news_img/1491098093332631554/Vdu3ycO-?format=jpg&name=orig', 'width': 1119, 'height': 629}, {'url': 'https://pbs.twimg.com/news_img/1491098093332631554/Vdu3ycO-?format=jpg&name=150x150', 'width': 150, 'height': 150}], 'status': 200, 'title': 'Sally Rooney Gets in Your Head', 'description': 'The Irish writer has been hailed as the first great millennial novelist for her stories of love and late capitalism.', 'unwound_url': 'https://www.newyorker.com/magazine/2019/01/07/sally-rooney-gets-in-your-head'}]","[{'start': 197, 'end': 211, 'tag': 'LaurenCollins'}]",807003567605227520,1080284649828564992,2019-01-02T02:08:25.000Z,62,12,540,5,"“One of the unusual pleasures of Rooney’s novels is watching young women engage in a casual intellectual hooliganism, demolishing every mediocrity that crosses their paths, just for the fun of it” #LaurenCollins
Sally Rooney kills! https://t.co/IRHL7d2rOZ",en,"Actor and Activist, semi-professional disruptor, ice cream advocate and shameless teacup yorkie-lover",https://pbs.twimg.com/profile_images/1383196364792680448/N8CdupEu_normal.jpg,Amber Heard,807003567605227520,2016-12-08T23:26:58.000Z,https://t.co/Ze18Ek9SOI,190356,220,1150,566,"Los Angeles, CA",realamberheard,"Sparky por siempre, donde quiera que estés te amo mi chaparro.",https://pbs.twimg.com/profile_images/1489807396172144640/pmez78LD_normal.jpg,Mr Antonio,932662444203429888,2017-11-20T17:30:29.000Z,,21,355,20491,3,anbeariger,,,Mexico
Twitter for iPhone,"[{'type': 'retweeted', 'id': '1081593287725576192'}]",875470839197683712,1081593732737175552,2019-01-05T16:50:15.000Z,"RT @realamberheard: Just reread Normal People simply because once isn’t enough to get her delicately nuanced, biting prose or fearless, “ca…",en,35,0,0,0,"[{'start': 3, 'end': 18, 'username': 'realamberheard', 'id': '807003567605227520'}]",Twitter for iPad,"[{'start': 33, 'end': 38, 'probability': 0.9537, 'type': 'Person', 'normalized_text': 'Rooney'}, {'start': 212, 'end': 223, 'probability': 0.959, 'type': 'Person', 'normalized_text': 'Sally Rooney'}]","[{'start': 232, 'end': 255, 'url': 'https://t.co/IRHL7d2rOZ', 'expanded_url': 'https://www.newyorker.com/magazine/2019/01/07/sally-rooney-gets-in-your-head', 'display_url': 'newyorker.com/magazine/2019/…', 'images': [{'url': 'https://pbs.twimg.com/news_img/1491098093332631554/Vdu3ycO-?format=jpg&name=orig', 'width': 1119, 'height': 629}, {'url': 'https://pbs.twimg.com/news_img/1491098093332631554/Vdu3ycO-?format=jpg&name=150x150', 'width': 150, 'height': 150}], 'status': 200, 'title': 'Sally Rooney Gets in Your Head', 'description': 'The Irish writer has been hailed as the first great millennial novelist for her stories of love and late capitalism.', 'unwound_url': 'https://www.newyorker.com/magazine/2019/01/07/sally-rooney-gets-in-your-head'}]","[{'start': 197, 'end': 211, 'tag': 'LaurenCollins'}]",807003567605227520,1080284649828564992,2019-01-02T02:08:25.000Z,62,12,540,5,"“One of the unusual pleasures of Rooney’s novels is watching young women engage in a casual intellectual hooliganism, demolishing every mediocrity that crosses their paths, just for the fun of it” #LaurenCollins
Sally Rooney kills! https://t.co/IRHL7d2rOZ",en,"Actor and Activist, semi-professional disruptor, ice cream advocate and shameless teacup yorkie-lover",https://pbs.twimg.com/profile_images/1383196364792680448/N8CdupEu_normal.jpg,Amber Heard,807003567605227520,2016-12-08T23:26:58.000Z,https://t.co/Ze18Ek9SOI,190356,220,1150,566,"Los Angeles, CA",realamberheard,"Fortnite Competitive Player

Team TRx_

Earnigs - 6$",https://pbs.twimg.com/profile_images/1189758932799119361/sJG-wlRL_normal.jpg,Isaak Vivas,875470839197683712,2017-06-15T21:51:28.000Z,,15,122,1133,0,Vivas_Isaak,,,"Distrito Federal, México🇲🇽"
TweetDeck,"[{'type': 'retweeted', 'id': '1081593287725576192'}]",1074815145510137857,1081593504936144902,2019-01-05T16:49:21.000Z,"RT @realamberheard: Just reread Normal People simply because once isn’t enough to get her delicately nuanced, biting prose or fearless, “ca…",en,35,0,0,0,"[{'start': 3, 'end': 18, 'username': 'realamberheard', 'id': '807003567605227520'}]",Twitter for iPad,"[{'start': 33, 'end': 38, 'probability': 0.9537, 'type': 'Person', 'normalized_text': 'Rooney'}, {'start': 212, 'end': 223, 'probability': 0.959, 'type': 'Person', 'normalized_text': 'Sally Rooney'}]","[{'start': 232, 'end': 255, 'url': 'https://t.co/IRHL7d2rOZ', 'expanded_url': 'https://www.newyorker.com/magazine/2019/01/07/sally-rooney-gets-in-your-head', 'display_url': 'newyorker.com/magazine/2019/…', 'images': [{'url': 'https://pbs.twimg.com/news_img/1491098093332631554/Vdu3ycO-?format=jpg&name=orig', 'width': 1119, 'height': 629}, {'url': 'https://pbs.twimg.com/news_img/1491098093332631554/Vdu3ycO-?format=jpg&name=150x150', 'width': 150, 'height': 150}], 'status': 200, 'title': 'Sally Rooney Gets in Your Head', 'description': 'The Irish writer has been hailed as the first great millennial novelist for her stories of love and late capitalism.', 'unwound_url': 'https://www.newyorker.com/magazine/2019/01/07/sally-rooney-gets-in-your-head'}]","[{'start': 197, 'end': 211, 'tag': 'LaurenCollins'}]",807003567605227520,1080284649828564992,2019-01-02T02:08:25.000Z,62,12,540,5,"“One of the unusual pleasures of Rooney’s novels is watching young women engage in a casual intellectual hooliganism, demolishing every mediocrity that crosses their paths, just for the fun of it” #LaurenCollins
Sally Rooney kills! https://t.co/IRHL7d2rOZ",en,"Actor and Activist, semi-professional disruptor, ice cream advocate and shameless teacup yorkie-lover",https://pbs.twimg.com/profile_images/1383196364792680448/N8CdupEu_normal.jpg,Amber Heard,807003567605227520,2016-12-08T23:26:58.000Z,https://t.co/Ze18Ek9SOI,190356,220,1150,566,"Los Angeles, CA",realamberheard,🇻🇪🏳️‍🌈 She/her•Madridista•ResidentEvil•Gamer•Cine•Series•Multifandom•TWDU•Arrowverse•Motherland•Euphoria•Marvel•DC•TorrentLover•I watch so many things...,https://pbs.twimg.com/profile_images/1500921672043540480/ZvLdizj__normal.jpg,Rose | ✨💫,1074815145510137857,2018-12-17T23:54:34.000Z,https://t.co/0KL0am51ZV,1757,869,673823,15,RoseParamore7,,,XboxLive: CleanlyOyster77 🎮
Twitter for Android,"[{'type': 'retweeted', 'id': '1081593287725576192'}]",899489323233533952,1081593410992128000,2019-01-05T16:48:58.000Z,"RT @realamberheard: Just reread Normal People simply because once isn’t enough to get her delicately nuanced, biting prose or fearless, “ca…",en,35,0,0,0,"[{'start': 3, 'end': 18, 'username': 'realamberheard', 'id': '807003567605227520'}]",Twitter for iPad,"[{'start': 33, 'end': 38, 'probability': 0.9537, 'type': 'Person', 'normalized_text': 'Rooney'}, {'start': 212, 'end': 223, 'probability': 0.959, 'type': 'Person', 'normalized_text': 'Sally Rooney'}]","[{'start': 232, 'end': 255, 'url': 'https://t.co/IRHL7d2rOZ', 'expanded_url': 'https://www.newyorker.com/magazine/2019/01/07/sally-rooney-gets-in-your-head', 'display_url': 'newyorker.com/magazine/2019/…', 'images': [{'url': 'https://pbs.twimg.com/news_img/1491098093332631554/Vdu3ycO-?format=jpg&name=orig', 'width': 1119, 'height': 629}, {'url': 'https://pbs.twimg.com/news_img/1491098093332631554/Vdu3ycO-?format=jpg&name=150x150', 'width': 150, 'height': 150}], 'status': 200, 'title': 'Sally Rooney Gets in Your Head', 'description': 'The Irish writer has been hailed as the first great millennial novelist for her stories of love and late capitalism.', 'unwound_url': 'https://www.newyorker.com/magazine/2019/01/07/sally-rooney-gets-in-your-head'}]","[{'start': 197, 'end': 211, 'tag': 'LaurenCollins'}]",807003567605227520,1080284649828564992,2019-01-02T02:08:25.000Z,62,12,540,5,"“One of the unusual pleasures of Rooney’s novels is watching young women engage in a casual intellectual hooliganism, demolishing every mediocrity that crosses their paths, just for the fun of it” #LaurenCollins
Sally Rooney kills! https://t.co/IRHL7d2rOZ",en,"Actor and Activist, semi-professional disruptor, ice cream advocate and shameless teacup yorkie-lover",https://pbs.twimg.com/profile_images/1383196364792680448/N8CdupEu_normal.jpg,Amber Heard,807003567605227520,2016-12-08T23:26:58.000Z,https://t.co/Ze18Ek9SOI,190356,220,1150,566,"Los Angeles, CA",realamberheard,Entretenimiento en general,https://pbs.twimg.com/profile_images/1333849627897032705/2xDZhngW_normal.jpg,Luis Alberto Llaury,899489323233533952,2017-08-21T04:32:21.000Z,,511,4280,75788,1,luis_llaury,,,"Surco, Peru"
Twitter for iPhone,"[{'type': 'retweeted', 'id': '1081593287725576192'}]",772282580116901892,1081593386321281024,2019-01-05T16:48:52.000Z,"RT @realamberheard: Just reread Normal People simply because once isn’t enough to get her delicately nuanced, biting prose or fearless, “ca…",en,35,0,0,0,"[{'start': 3, 'end': 18, 'username': 'realamberheard', 'id': '807003567605227520'}]",Twitter for iPad,"[{'start': 33, 'end': 38, 'probability': 0.9537, 'type': 'Person', 'normalized_text': 'Rooney'}, {'start': 212, 'end': 223, 'probability': 0.959, 'type': 'Person', 'normalized_text': 'Sally Rooney'}]","[{'start': 232, 'end': 255, 'url': 'https://t.co/IRHL7d2rOZ', 'expanded_url': 'https://www.newyorker.com/magazine/2019/01/07/sally-rooney-gets-in-your-head', 'display_url': 'newyorker.com/magazine/2019/…', 'images': [{'url': 'https://pbs.twimg.com/news_img/1491098093332631554/Vdu3ycO-?format=jpg&name=orig', 'width': 1119, 'height': 629}, {'url': 'https://pbs.twimg.com/news_img/1491098093332631554/Vdu3ycO-?format=jpg&name=150x150', 'width': 150, 'height': 150}], 'status': 200, 'title': 'Sally Rooney Gets in Your Head', 'description': 'The Irish writer has been hailed as the first great millennial novelist for her stories of love and late capitalism.', 'unwound_url': 'https://www.newyorker.com/magazine/2019/01/07/sally-rooney-gets-in-your-head'}]","[{'start': 197, 'end': 211, 'tag': 'LaurenCollins'}]",807003567605227520,1080284649828564992,2019-01-02T02:08:25.000Z,62,12,540,5,"“One of the unusual pleasures of Rooney’s novels is watching young women engage in a casual intellectual hooliganism, demolishing every mediocrity that crosses their paths, just for the fun of it” #LaurenCollins
Sally Rooney kills! https://t.co/IRHL7d2rOZ",en,"Actor and Activist, semi-professional disruptor, ice cream advocate and shameless teacup yorkie-lover",https://pbs.twimg.com/profile_images/1383196364792680448/N8CdupEu_normal.jpg,Amber Heard,807003567605227520,2016-12-08T23:26:58.000Z,https://t.co/Ze18Ek9SOI,190356,220,1150,566,"Los Angeles, CA",realamberheard,《 𝙔𝙤𝙪 𝙥𝙪𝙩 𝙢𝙚 𝙤𝙣 𝙖𝙣𝙙 𝙨𝙖𝙞𝙙 𝙄 𝙬𝙖𝙨 𝙮𝙤𝙪𝙧 𝙛𝙖𝙫𝙤𝙧𝙞𝙩𝙚 》 ↠ ʀᴏʟᴇᴘʟᴀʏᴇʀ ╎ ғᴀᴋᴇ ᴀᴄᴄᴏᴜɴᴛ Candado: @kryptobxbx,https://pbs.twimg.com/profile_images/1499568353777754112/IuELVtmI_normal.jpg,B.,772282580116901892,2016-09-04T03:58:10.000Z,,886,391,40532,17,mxsterkrypto,,,It’s a twin thing
Twitter for Android,"[{'type': 'retweeted', 'id': '1081593287725576192'}]",1079575190219223040,1081593371104346112,2019-01-05T16:48:49.000Z,"RT @realamberheard: Just reread Normal People simply because once isn’t enough to get her delicately nuanced, biting prose or fearless, “ca…",en,35,0,0,0,"[{'start': 3, 'end': 18, 'username': 'realamberheard', 'id': '807003567605227520'}]",Twitter for iPad,"[{'start': 33, 'end': 38, 'probability': 0.9537, 'type': 'Person', 'normalized_text': 'Rooney'}, {'start': 212, 'end': 223, 'probability': 0.959, 'type': 'Person', 'normalized_text': 'Sally Rooney'}]","[{'start': 232, 'end': 255, 'url': 'https://t.co/IRHL7d2rOZ', 'expanded_url': 'https://www.newyorker.com/magazine/2019/01/07/sally-rooney-gets-in-your-head', 'display_url': 'newyorker.com/magazine/2019/…', 'images': [{'url': 'https://pbs.twimg.com/news_img/1491098093332631554/Vdu3ycO-?format=jpg&name=orig', 'width': 1119, 'height': 629}, {'url': 'https://pbs.twimg.com/news_img/1491098093332631554/Vdu3ycO-?format=jpg&name=150x150', 'width': 150, 'height': 150}], 'status': 200, 'title': 'Sally Rooney Gets in Your Head', 'description': 'The Irish writer has been hailed as the first great millennial novelist for her stories of love and late capitalism.', 'unwound_url': 'https://www.newyorker.com/magazine/2019/01/07/sally-rooney-gets-in-your-head'}]","[{'start': 197, 'end': 211, 'tag': 'LaurenCollins'}]",807003567605227520,1080284649828564992,2019-01-02T02:08:25.000Z,62,12,540,5,"“One of the unusual pleasures of Rooney’s novels is watching young women engage in a casual intellectual hooliganism, demolishing every mediocrity that crosses their paths, just for the fun of it” #LaurenCollins
Sally Rooney kills! https://t.co/IRHL7d2rOZ",en,"Actor and Activist, semi-professional disruptor, ice cream advocate and shameless teacup yorkie-lover",https://pbs.twimg.com/profile_images/1383196364792680448/N8CdupEu_normal.jpg,Amber Heard,807003567605227520,2016-12-08T23:26:58.000Z,https://t.co/Ze18Ek9SOI,190356,220,1150,566,"Los Angeles, CA",realamberheard,Fan de caity Lotz 🤩😍  pero na de contar 😂🤣,https://pbs.twimg.com/profile_images/1113087250705891330/j5Hl0Bl1_normal.jpg,Fernando,1079575190219223040,2018-12-31T03:09:17.000Z,,6,82,711,0,Fernand74589036,,,"Iquique, Chile"
Twitter for iPhone,"[{'type': 'quoted', 'id': '1080284649828564992'}]",807003567605227520,1081593287725576192,2019-01-05T16:48:29.000Z,"Just reread Normal People simply because once isn’t enough to get her delicately nuanced, biting prose or fearless, “casual intellectual hooliganism”.  Bravo @sallyrooney Stunning work! https://t.co/BIYly92UPb",en,35,13,478,1,"[{'start': 158, 'end': 170, 'username': 'sallyrooney', 'id': '1400569822753271818'}]",Twitter for iPad,"[{'start': 33, 'end': 38, 'probability': 0.9537, 'type': 'Person', 'normalized_text': 'Rooney'}, {'start': 212, 'end': 223, 'probability': 0.959, 'type': 'Person', 'normalized_text': 'Sally Rooney'}]","[{'start': 232, 'end': 255, 'url': 'https://t.co/IRHL7d2rOZ', 'expanded_url': 'https://www.newyorker.com/magazine/2019/01/07/sally-rooney-gets-in-your-head', 'display_url': 'newyorker.com/magazine/2019/…', 'images': [{'url': 'https://pbs.twimg.com/news_img/1491098093332631554/Vdu3ycO-?format=jpg&name=orig', 'width': 1119, 'height': 629}, {'url': 'https://pbs.twimg.com/news_img/1491098093332631554/Vdu3ycO-?format=jpg&name=150x150', 'width': 150, 'height': 150}], 'status': 200, 'title': 'Sally Rooney Gets in Your Head', 'description': 'The Irish writer has been hailed as the first great millennial novelist for her stories of love and late capitalism.', 'unwound_url': 'https://www.newyorker.com/magazine/2019/01/07/sally-rooney-gets-in-your-head'}]","[{'start': 197, 'end': 211, 'tag': 'LaurenCollins'}]",807003567605227520,1080284649828564992,2019-01-02T02:08:25.000Z,62,12,540,5,"“One of the unusual pleasures of Rooney’s novels is watching young women engage in a casual intellectual hooliganism, demolishing every mediocrity that crosses their paths, just for the fun of it” #LaurenCollins
Sally Rooney kills! https://t.co/IRHL7d2rOZ",en,"Actor and Activist, semi-professional disruptor, ice cream advocate and shameless teacup yorkie-lover",https://pbs.twimg.com/profile_images/1383196364792680448/N8CdupEu_normal.jpg,Amber Heard,807003567605227520,2016-12-08T23:26:58.000Z,https://t.co/Ze18Ek9SOI,190356,220,1150,566,"Los Angeles, CA",realamberheard,"Actor and Activist, semi-professional disruptor, ice cream advocate and shameless teacup yorkie-lover",https://pbs.twimg.com/profile_images/1383196364792680448/N8CdupEu_normal.jpg,Amber Heard,807003567605227520,2016-12-08T23:26:58.000Z,https://t.co/Ze18Ek9SOI,190356,220,1150,566,realamberheard,,"[{'start': 186, 'end': 209, 'url': 'https://t.co/BIYly92UPb', 'expanded_url': 'https://twitter.com/realamberheard/status/1080284649828564992', 'display_url': 'twitter.com/realamberheard…'}]","Los Angeles, CA"
Twitter for Android,"[{'type': 'retweeted', 'id': '1080539533245059072'}]",424534255,1081521082530754560,2019-01-05T12:01:34.000Z,RT @kenarmstrong1: I always knew I'd achieve having my name in a sentence in a New Yorker article. Thanks Sally. :) https://t.co/T6Go6aOH8N,en,2,0,0,0,"[{'start': 3, 'end': 17, 'username': 'kenarmstrong1', 'id': '14198038'}]",Twitter for iPad,"[{'start': 33, 'end': 38, 'probability': 0.9537, 'type': 'Person', 'normalized_text': 'Rooney'}, {'start': 212, 'end': 223, 'probability': 0.959, 'type': 'Person', 'normalized_text': 'Sally Rooney'}]","[{'start': 232, 'end': 255, 'url': 'https://t.co/IRHL7d2rOZ', 'expanded_url': 'https://www.newyorker.com/magazine/2019/01/07/sally-rooney-gets-in-your-head', 'display_url': 'newyorker.com/magazine/2019/…', 'images': [{'url': 'https://pbs.twimg.com/news_img/1491098093332631554/Vdu3ycO-?format=jpg&name=orig', 'width': 1119, 'height': 629}, {'url': 'https://pbs.twimg.com/news_img/1491098093332631554/Vdu3ycO-?format=jpg&name=150x150', 'width': 150, 'height': 150}], 'status': 200, 'title': 'Sally Rooney Gets in Your Head', 'description': 'The Irish writer has been hailed as the first great millennial novelist for her stories of love and late capitalism.', 'unwound_url': 'https://www.newyorker.com/magazine/2019/01/07/sally-rooney-gets-in-your-head'}]","[{'start': 197, 'end': 211, 'tag': 'LaurenCollins'}]",807003567605227520,1080284649828564992,2019-01-02T02:08:25.000Z,62,12,540,5,"“One of the unusual pleasures of Rooney’s novels is watching young women engage in a casual intellectual hooliganism, demolishing every mediocrity that crosses their paths, just for the fun of it” #LaurenCollins
Sally Rooney kills! https://t.co/IRHL7d2rOZ",en,"Actor and Activist, semi-professional disruptor, ice cream advocate and shameless teacup yorkie-lover",https://pbs.twimg.com/profile_images/1383196364792680448/N8CdupEu_normal.jpg,Amber Heard,807003567605227520,2016-12-08T23:26:58.000Z,https://t.co/Ze18Ek9SOI,190356,220,1150,566,"Los Angeles, CA",realamberheard,Sarah Ní Shúilleabháin - Scientist; Writer; Dressmaker for dolls; Views my own; Teeth my own.,https://pbs.twimg.com/profile_images/1002153904665255936/nJncRGwN_normal.jpg,The Divine Ordinary,424534255,2011-11-29T21:58:48.000Z,,456,993,2849,9,divineordinary,"[{'start': 106, 'end': 110, 'probability': 0.8691, 'type': 'Person', 'normalized_text': 'Sally'}]","[{'start': 116, 'end': 139, 'url': 'https://t.co/T6Go6aOH8N', 'expanded_url': 'https://twitter.com/realamberheard/status/1080284649828564992', 'display_url': 'twitter.com/realamberheard…'}]","Mayo, Ireland"
Twitter for Android,"[{'type': 'quoted', 'id': '1080284649828564992'}]",146883046,1081228726380253184,2019-01-04T16:39:51.000Z,"Amber Heard out here praising the author of Normal People, Waterstones' Book of the Year https://t.co/wKQPRvDyJH",en,0,0,0,0,,Twitter for iPad,"[{'start': 33, 'end': 38, 'probability': 0.9537, 'type': 'Person', 'normalized_text': 'Rooney'}, {'start': 212, 'end': 223, 'probability': 0.959, 'type': 'Person', 'normalized_text': 'Sally Rooney'}]","[{'start': 232, 'end': 255, 'url': 'https://t.co/IRHL7d2rOZ', 'expanded_url': 'https://www.newyorker.com/magazine/2019/01/07/sally-rooney-gets-in-your-head', 'display_url': 'newyorker.com/magazine/2019/…', 'images': [{'url': 'https://pbs.twimg.com/news_img/1491098093332631554/Vdu3ycO-?format=jpg&name=orig', 'width': 1119, 'height': 629}, {'url': 'https://pbs.twimg.com/news_img/1491098093332631554/Vdu3ycO-?format=jpg&name=150x150', 'width': 150, 'height': 150}], 'status': 200, 'title': 'Sally Rooney Gets in Your Head', 'description': 'The Irish writer has been hailed as the first great millennial novelist for her stories of love and late capitalism.', 'unwound_url': 'https://www.newyorker.com/magazine/2019/01/07/sally-rooney-gets-in-your-head'}]","[{'start': 197, 'end': 211, 'tag': 'LaurenCollins'}]",807003567605227520,1080284649828564992,2019-01-02T02:08:25.000Z,62,12,540,5,"“One of the unusual pleasures of Rooney’s novels is watching young women engage in a casual intellectual hooliganism, demolishing every mediocrity that crosses their paths, just for the fun of it” #LaurenCollins
Sally Rooney kills! https://t.co/IRHL7d2rOZ",en,"Actor and Activist, semi-professional disruptor, ice cream advocate and shameless teacup yorkie-lover",https://pbs.twimg.com/profile_images/1383196364792680448/N8CdupEu_normal.jpg,Amber Heard,807003567605227520,2016-12-08T23:26:58.000Z,https://t.co/Ze18Ek9SOI,190356,220,1150,566,"Los Angeles, CA",realamberheard,City centre bookstore in the heart of Glasgow. https://t.co/1nJoLoNziF Instagram: waterstones.argylestreet,https://pbs.twimg.com/profile_images/982105417168732160/-hm2hfHO_normal.jpg,Waterstones Glasgow Argyle St,146883046,2010-05-22T15:56:54.000Z,https://t.co/PVMTtqYzI2,4237,1649,7360,91,WStonesArgyleST,"[{'start': 0, 'end': 4, 'probability': 0.8627, 'type': 'Person', 'normalized_text': 'Amber'}, {'start': 59, 'end': 69, 'probability': 0.3634, 'type': 'Person', 'normalized_text': 'Waterstones'}]","[{'start': 89, 'end': 112, 'url': 'https://t.co/wKQPRvDyJH', 'expanded_url': 'https://twitter.com/realamberheard/status/1080284649828564992', 'display_url': 'twitter.com/realamberheard…'}]","Argyle Street, Glasgow"
Tweetbot for Mac,"[{'type': 'retweeted', 'id': '1080539533245059072'}]",14735475,1080568345055899661,2019-01-02T20:55:44.000Z,RT @kenarmstrong1: I always knew I'd achieve having my name in a sentence in a New Yorker article. Thanks Sally. :) https://t.co/T6Go6aOH8N,en,2,0,0,0,"[{'start': 3, 'end': 17, 'username': 'kenarmstrong1', 'id': '14198038'}]",Twitter for iPad,"[{'start': 33, 'end': 38, 'probability': 0.9537, 'type': 'Person', 'normalized_text': 'Rooney'}, {'start': 212, 'end': 223, 'probability': 0.959, 'type': 'Person', 'normalized_text': 'Sally Rooney'}]","[{'start': 232, 'end': 255, 'url': 'https://t.co/IRHL7d2rOZ', 'expanded_url': 'https://www.newyorker.com/magazine/2019/01/07/sally-rooney-gets-in-your-head', 'display_url': 'newyorker.com/magazine/2019/…', 'images': [{'url': 'https://pbs.twimg.com/news_img/1491098093332631554/Vdu3ycO-?format=jpg&name=orig', 'width': 1119, 'height': 629}, {'url': 'https://pbs.twimg.com/news_img/1491098093332631554/Vdu3ycO-?format=jpg&name=150x150', 'width': 150, 'height': 150}], 'status': 200, 'title': 'Sally Rooney Gets in Your Head', 'description': 'The Irish writer has been hailed as the first great millennial novelist for her stories of love and late capitalism.', 'unwound_url': 'https://www.newyorker.com/magazine/2019/01/07/sally-rooney-gets-in-your-head'}]","[{'start': 197, 'end': 211, 'tag': 'LaurenCollins'}]",807003567605227520,1080284649828564992,2019-01-02T02:08:25.000Z,62,12,540,5,"“One of the unusual pleasures of Rooney’s novels is watching young women engage in a casual intellectual hooliganism, demolishing every mediocrity that crosses their paths, just for the fun of it” #LaurenCollins
Sally Rooney kills! https://t.co/IRHL7d2rOZ",en,"Actor and Activist, semi-professional disruptor, ice cream advocate and shameless teacup yorkie-lover",https://pbs.twimg.com/profile_images/1383196364792680448/N8CdupEu_normal.jpg,Amber Heard,807003567605227520,2016-12-08T23:26:58.000Z,https://t.co/Ze18Ek9SOI,190356,220,1150,566,"Los Angeles, CA",realamberheard,Freelance web applications developer.,https://pbs.twimg.com/profile_images/1722201845/babychimp_normal.jpg,Nick Fitzsimons,14735475,2008-05-11T17:50:49.000Z,http://t.co/EfxqEYqe6t,436,1452,32507,41,NickFitz,"[{'start': 106, 'end': 110, 'probability': 0.8691, 'type': 'Person', 'normalized_text': 'Sally'}]","[{'start': 116, 'end': 139, 'url': 'https://t.co/T6Go6aOH8N', 'expanded_url': 'https://twitter.com/realamberheard/status/1080284649828564992', 'display_url': 'twitter.com/realamberheard…'}]","East Midlands, UK"
Twitter Web Client,"[{'type': 'quoted', 'id': '1080284649828564992'}]",14198038,1080539533245059072,2019-01-02T19:01:14.000Z,I always knew I'd achieve having my name in a sentence in a New Yorker article. Thanks Sally. :) https://t.co/T6Go6aOH8N,en,2,1,8,1,,Twitter for iPad,"[{'start': 33, 'end': 38, 'probability': 0.9537, 'type': 'Person', 'normalized_text': 'Rooney'}, {'start': 212, 'end': 223, 'probability': 0.959, 'type': 'Person', 'normalized_text': 'Sally Rooney'}]","[{'start': 232, 'end': 255, 'url': 'https://t.co/IRHL7d2rOZ', 'expanded_url': 'https://www.newyorker.com/magazine/2019/01/07/sally-rooney-gets-in-your-head', 'display_url': 'newyorker.com/magazine/2019/…', 'images': [{'url': 'https://pbs.twimg.com/news_img/1491098093332631554/Vdu3ycO-?format=jpg&name=orig', 'width': 1119, 'height': 629}, {'url': 'https://pbs.twimg.com/news_img/1491098093332631554/Vdu3ycO-?format=jpg&name=150x150', 'width': 150, 'height': 150}], 'status': 200, 'title': 'Sally Rooney Gets in Your Head', 'description': 'The Irish writer has been hailed as the first great millennial novelist for her stories of love and late capitalism.', 'unwound_url': 'https://www.newyorker.com/magazine/2019/01/07/sally-rooney-gets-in-your-head'}]","[{'start': 197, 'end': 211, 'tag': 'LaurenCollins'}]",807003567605227520,1080284649828564992,2019-01-02T02:08:25.000Z,62,12,540,5,"“One of the unusual pleasures of Rooney’s novels is watching young women engage in a casual intellectual hooliganism, demolishing every mediocrity that crosses their paths, just for the fun of it” #LaurenCollins
Sally Rooney kills! https://t.co/IRHL7d2rOZ",en,"Actor and Activist, semi-professional disruptor, ice cream advocate and shameless teacup yorkie-lover",https://pbs.twimg.com/profile_images/1383196364792680448/N8CdupEu_normal.jpg,Amber Heard,807003567605227520,2016-12-08T23:26:58.000Z,https://t.co/Ze18Ek9SOI,190356,220,1150,566,"Los Angeles, CA",realamberheard,"Writer of plays for theatre, radio and screen. Irish. Out there running just to be on the run.",https://pbs.twimg.com/profile_images/1502273611779948544/XBftZELf_normal.jpg,Ken Armstrong,14198038,2008-03-22T17:29:58.000Z,https://t.co/bmImSBzg5Q,4080,1357,134261,197,kenarmstrong1,"[{'start': 87, 'end': 91, 'probability': 0.8692, 'type': 'Person', 'normalized_text': 'Sally'}]","[{'start': 97, 'end': 120, 'url': 'https://t.co/T6Go6aOH8N', 'expanded_url': 'https://twitter.com/realamberheard/status/1080284649828564992', 'display_url': 'twitter.com/realamberheard…'}]",Ireland
Twitter Web Client,"[{'type': 'quoted', 'id': '1080284649828564992'}]",43068002,1080537870086164481,2019-01-02T18:54:38.000Z,Just finished Conversations with Friends and it has stuck in my mind in a way a book hadn't for a long time. A new voice to watch! https://t.co/D7En8hOJez,en,0,0,1,0,,Twitter for iPad,"[{'start': 33, 'end': 38, 'probability': 0.9537, 'type': 'Person', 'normalized_text': 'Rooney'}, {'start': 212, 'end': 223, 'probability': 0.959, 'type': 'Person', 'normalized_text': 'Sally Rooney'}]","[{'start': 232, 'end': 255, 'url': 'https://t.co/IRHL7d2rOZ', 'expanded_url': 'https://www.newyorker.com/magazine/2019/01/07/sally-rooney-gets-in-your-head', 'display_url': 'newyorker.com/magazine/2019/…', 'images': [{'url': 'https://pbs.twimg.com/news_img/1491098093332631554/Vdu3ycO-?format=jpg&name=orig', 'width': 1119, 'height': 629}, {'url': 'https://pbs.twimg.com/news_img/1491098093332631554/Vdu3ycO-?format=jpg&name=150x150', 'width': 150, 'height': 150}], 'status': 200, 'title': 'Sally Rooney Gets in Your Head', 'description': 'The Irish writer has been hailed as the first great millennial novelist for her stories of love and late capitalism.', 'unwound_url': 'https://www.newyorker.com/magazine/2019/01/07/sally-rooney-gets-in-your-head'}]","[{'start': 197, 'end': 211, 'tag': 'LaurenCollins'}]",807003567605227520,1080284649828564992,2019-01-02T02:08:25.000Z,62,12,540,5,"“One of the unusual pleasures of Rooney’s novels is watching young women engage in a casual intellectual hooliganism, demolishing every mediocrity that crosses their paths, just for the fun of it” #LaurenCollins
Sally Rooney kills! https://t.co/IRHL7d2rOZ",en,"Actor and Activist, semi-professional disruptor, ice cream advocate and shameless teacup yorkie-lover",https://pbs.twimg.com/profile_images/1383196364792680448/N8CdupEu_normal.jpg,Amber Heard,807003567605227520,2016-12-08T23:26:58.000Z,https://t.co/Ze18Ek9SOI,190356,220,1150,566,"Los Angeles, CA",realamberheard,"Learning and Development aficcionado from Greece, working in primary education, tweeting about all kinds of learning,  reading, bookcrossing and more",https://pbs.twimg.com/profile_images/596997287471120384/OXz9fjzX_normal.jpg,Anna Varna,43068002,2009-05-28T07:34:37.000Z,http://t.co/pEchLXH0qn,2163,1484,8931,181,annabooklover,,"[{'start': 131, 'end': 154, 'url': 'https://t.co/D7En8hOJez', 'expanded_url': 'https://twitter.com/realamberheard/status/1080284649828564992', 'display_url': 'twitter.com/realamberheard…'}]","Larissa, Greece"
