source,referenced_tweets,author_id,id,created_at,text,lang,entities.urls,entities.hashtags,public_metrics.retweet_count,public_metrics.reply_count,public_metrics.like_count,public_metrics.quote_count,quoted_tweet.source,quoted_tweet.entities.annotations,quoted_tweet.entities.urls,quoted_tweet.entities.hashtags,quoted_tweet.author_id,quoted_tweet.id,quoted_tweet.created_at,quoted_tweet.public_metrics.retweet_count,quoted_tweet.public_metrics.reply_count,quoted_tweet.public_metrics.like_count,quoted_tweet.public_metrics.quote_count,quoted_tweet.text,quoted_tweet.lang,quoted_tweet.author.description,quoted_tweet.author.profile_image_url,quoted_tweet.author.name,quoted_tweet.author.id,quoted_tweet.author.created_at,quoted_tweet.author.url,quoted_tweet.author.public_metrics.followers_count,quoted_tweet.author.public_metrics.following_count,quoted_tweet.author.public_metrics.tweet_count,quoted_tweet.author.public_metrics.listed_count,quoted_tweet.author.location,quoted_tweet.author.username,author.description,author.profile_image_url,author.name,author.id,author.created_at,author.url,author.public_metrics.followers_count,author.public_metrics.following_count,author.public_metrics.tweet_count,author.public_metrics.listed_count,author.location,author.username
Twitter for Android,"[{'type': 'quoted', 'id': '1087488108294270977'}]",81283895,1088106291057221633,2019-01-23T16:08:50.000Z,You boths are the same. You inspired many woman include me #MLKDay #AmberHeard https://t.co/QeLERKPKZr,en,"[{'start': 79, 'end': 102, 'url': 'https://t.co/QeLERKPKZr', 'expanded_url': 'https://twitter.com/realamberheard/status/1087488108294270977', 'display_url': 'twitter.com/realamberheard…'}]","[{'start': 59, 'end': 66, 'tag': 'MLKDay'}, {'start': 67, 'end': 78, 'tag': 'AmberHeard'}]",0,0,0,0,Twitter for iPhone,"[{'start': 165, 'end': 185, 'probability': 0.9271, 'type': 'Person', 'normalized_text': 'Dr Martin Luther King'}]","[{'start': 195, 'end': 218, 'url': 'https://t.co/RKaH0gO6JF', 'expanded_url': 'https://twitter.com/realamberheard/status/1087488108294270977/photo/1', 'display_url': 'pic.twitter.com/RKaH0gO6JF'}]","[{'start': 187, 'end': 194, 'tag': 'MLKDay'}]",807003567605227520,1087488108294270977,2019-01-21T23:12:24.000Z,204,30,1222,5,"“Commit yourself to the noble struggle for equal rights. You will make a greater person of yourself, a great nation of your country, and a finer world to live in.” -Dr Martin Luther King #MLKDay https://t.co/RKaH0gO6JF",en,"Actor and Activist, semi-professional disruptor, ice cream advocate and shameless teacup yorkie-lover",https://pbs.twimg.com/profile_images/1383196364792680448/N8CdupEu_normal.jpg,Amber Heard,807003567605227520,2016-12-08T23:26:58.000Z,https://t.co/Ze18Ek9SOI,190355,220,1150,566,"Los Angeles, CA",realamberheard,"Live your life where your voice matters.

#feminism #womanrights #specialtycoffee #tech #winelover",https://pbs.twimg.com/profile_images/1239237211414884352/jhA-lorG_normal.jpg,Sarah NW~,81283895,2009-10-10T04:54:54.000Z,,38,220,4326,3,Thailand,SarahMPF
Twitter for iPhone,"[{'type': 'quoted', 'id': '1087488108294270977'}]",468737225,1087506797991215105,2019-01-22T00:26:40.000Z,American hero https://t.co/tJhEMNFtBF,es,"[{'start': 14, 'end': 37, 'url': 'https://t.co/tJhEMNFtBF', 'expanded_url': 'https://twitter.com/realamberheard/status/1087488108294270977', 'display_url': 'twitter.com/realamberheard…'}]",,0,0,1,0,Twitter for iPhone,"[{'start': 165, 'end': 185, 'probability': 0.9271, 'type': 'Person', 'normalized_text': 'Dr Martin Luther King'}]","[{'start': 195, 'end': 218, 'url': 'https://t.co/RKaH0gO6JF', 'expanded_url': 'https://twitter.com/realamberheard/status/1087488108294270977/photo/1', 'display_url': 'pic.twitter.com/RKaH0gO6JF'}]","[{'start': 187, 'end': 194, 'tag': 'MLKDay'}]",807003567605227520,1087488108294270977,2019-01-21T23:12:24.000Z,204,30,1222,5,"“Commit yourself to the noble struggle for equal rights. You will make a greater person of yourself, a great nation of your country, and a finer world to live in.” -Dr Martin Luther King #MLKDay https://t.co/RKaH0gO6JF",en,"Actor and Activist, semi-professional disruptor, ice cream advocate and shameless teacup yorkie-lover",https://pbs.twimg.com/profile_images/1383196364792680448/N8CdupEu_normal.jpg,Amber Heard,807003567605227520,2016-12-08T23:26:58.000Z,https://t.co/Ze18Ek9SOI,190355,220,1150,566,"Los Angeles, CA",realamberheard,"💫✍🏼🖼✍🏼💫 CARTOONIST/ SINGER/ACTOR\TEACHER, https://t.co/xHokpkuRNh “Some of Us” album on Itunes/YouTube VENMO@Stefano-Junior ⭐️🤩🌞🤩💫",https://pbs.twimg.com/profile_images/1501023250335387655/jhBYEjh-_normal.jpg,Stefano Junior,468737225,2012-01-19T21:20:32.000Z,https://t.co/63Wpg6OA1r,1178,3453,8133,0,New York,StefanoTruth
Twitter for iPhone,"[{'type': 'quoted', 'id': '1087488108294270977'}]",3128674392,1087506152462663681,2019-01-22T00:24:06.000Z,"Wake up Black American Citizens,This is Exactly what our President Sees of us all! Why he promotes Vocational,On the job training,Fare Wages for Equal Job performance and Personal Progress by personal Abilities and Freedom to Pursue The AMERICAN DREAM for ones self! NOT FREEBIES! https://t.co/8ORpoiXxHs",en,"[{'start': 281, 'end': 304, 'url': 'https://t.co/8ORpoiXxHs', 'expanded_url': 'https://twitter.com/realamberheard/status/1087488108294270977', 'display_url': 'twitter.com/realamberheard…'}]",,0,0,0,0,Twitter for iPhone,"[{'start': 165, 'end': 185, 'probability': 0.9271, 'type': 'Person', 'normalized_text': 'Dr Martin Luther King'}]","[{'start': 195, 'end': 218, 'url': 'https://t.co/RKaH0gO6JF', 'expanded_url': 'https://twitter.com/realamberheard/status/1087488108294270977/photo/1', 'display_url': 'pic.twitter.com/RKaH0gO6JF'}]","[{'start': 187, 'end': 194, 'tag': 'MLKDay'}]",807003567605227520,1087488108294270977,2019-01-21T23:12:24.000Z,204,30,1222,5,"“Commit yourself to the noble struggle for equal rights. You will make a greater person of yourself, a great nation of your country, and a finer world to live in.” -Dr Martin Luther King #MLKDay https://t.co/RKaH0gO6JF",en,"Actor and Activist, semi-professional disruptor, ice cream advocate and shameless teacup yorkie-lover",https://pbs.twimg.com/profile_images/1383196364792680448/N8CdupEu_normal.jpg,Amber Heard,807003567605227520,2016-12-08T23:26:58.000Z,https://t.co/Ze18Ek9SOI,190355,220,1150,566,"Los Angeles, CA",realamberheard,"VET.WE HAVE LAW'S,follow them! SWORN OATH USN 77-83,PROTECT THE CONSTITUTION FROM ALL ENEMIES FORIGN AND DOMESTIC,LIFE LONG OATH.Wife💘✝️🙏🏼🇺🇸💪🏽💪💪🏿💪🏻",https://pbs.twimg.com/profile_images/608878494886588416/yBNh2Gwq_normal.jpg,RJDJ/FED UP! PROUD AMERICANS ✝️🙏🏼🇺🇸,3128674392,2015-04-02T02:51:44.000Z,,993,2335,42526,6,,rrjdoj325
