lang,id,text,created_at,author_id,source,referenced_tweets,entities.urls,public_metrics.retweet_count,public_metrics.reply_count,public_metrics.like_count,public_metrics.quote_count,quoted_tweet.entities.urls,quoted_tweet.lang,quoted_tweet.id,quoted_tweet.text,quoted_tweet.created_at,quoted_tweet.public_metrics.retweet_count,quoted_tweet.public_metrics.reply_count,quoted_tweet.public_metrics.like_count,quoted_tweet.public_metrics.quote_count,quoted_tweet.author_id,quoted_tweet.source,quoted_tweet.author.location,quoted_tweet.author.profile_image_url,quoted_tweet.author.id,quoted_tweet.author.name,quoted_tweet.author.created_at,quoted_tweet.author.username,quoted_tweet.author.url,quoted_tweet.author.description,quoted_tweet.author.public_metrics.followers_count,quoted_tweet.author.public_metrics.following_count,quoted_tweet.author.public_metrics.tweet_count,quoted_tweet.author.public_metrics.listed_count,author.location,author.profile_image_url,author.id,author.name,author.created_at,author.username,author.url,author.description,author.public_metrics.followers_count,author.public_metrics.following_count,author.public_metrics.tweet_count,author.public_metrics.listed_count,entities.annotations
en,1088834204023091200,Is this even English? https://t.co/tIb4WaLiXj,2019-01-25T16:21:18.000Z,975750223023824896,Twitter for iPhone,"[{'type': 'quoted', 'id': '1088253789252083723'}]","[{'start': 22, 'end': 45, 'url': 'https://t.co/tIb4WaLiXj', 'expanded_url': 'https://twitter.com/realamberheard/status/1088253789252083723', 'display_url': 'twitter.com/realamberheard…'}]",0,0,2,0,"[{'start': 36, 'end': 59, 'url': 'https://t.co/sPJB2z5UWQ', 'expanded_url': 'https://twitter.com/Suffragentleman/status/1085899974146228225', 'display_url': 'twitter.com/Suffragentlema…'}]",en,1088253789252083723,You should actually speaking to me. https://t.co/sPJB2z5UWQ,2019-01-24T01:54:56.000Z,126,67,1074,14,807003567605227520,Twitter for iPhone,"Los Angeles, CA",https://pbs.twimg.com/profile_images/1383196364792680448/N8CdupEu_normal.jpg,807003567605227520,Amber Heard,2016-12-08T23:26:58.000Z,realamberheard,https://t.co/Ze18Ek9SOI,"Actor and Activist, semi-professional disruptor, ice cream advocate and shameless teacup yorkie-lover",190355,220,1150,566,"Vision Residence, Westview",https://pbs.twimg.com/profile_images/1505951773256785921/q64bUh8C_normal.jpg,975750223023824896,"❔megsie ᱬ◊ⴵ | dear heart, it’s me❔",2018-03-19T15:05:56.000Z,jaskiersbard,https://t.co/KGG8fRxwVs,24. she/her // autistic // ‘i’d eat pickett’ - callum turner // the heart of a chief and the soul of a dragon // met eddie redmayne x2 (18/11/18 • 30/11/2021),649,540,51158,6,
en,1088537342531461122,"men: go women
Also men: shut up and go back to act cute and quiet because I don’t like you to criticizing men’s behavior https://t.co/bcubzbGNja",2019-01-24T20:41:41.000Z,724468922,Twitter for iPhone,"[{'type': 'quoted', 'id': '1088253789252083723'}]","[{'start': 121, 'end': 144, 'url': 'https://t.co/bcubzbGNja', 'expanded_url': 'https://twitter.com/realamberheard/status/1088253789252083723', 'display_url': 'twitter.com/realamberheard…'}]",0,0,0,0,"[{'start': 36, 'end': 59, 'url': 'https://t.co/sPJB2z5UWQ', 'expanded_url': 'https://twitter.com/Suffragentleman/status/1085899974146228225', 'display_url': 'twitter.com/Suffragentlema…'}]",en,1088253789252083723,You should actually speaking to me. https://t.co/sPJB2z5UWQ,2019-01-24T01:54:56.000Z,126,67,1074,14,807003567605227520,Twitter for iPhone,"Los Angeles, CA",https://pbs.twimg.com/profile_images/1383196364792680448/N8CdupEu_normal.jpg,807003567605227520,Amber Heard,2016-12-08T23:26:58.000Z,realamberheard,https://t.co/Ze18Ek9SOI,"Actor and Activist, semi-professional disruptor, ice cream advocate and shameless teacup yorkie-lover",190355,220,1150,566,"celaya, gto.",https://pbs.twimg.com/profile_images/1212902928173809664/c-Vck0ni_normal.jpg,724468922,Lilithana,2012-07-29T19:01:13.000Z,BrendaAlvarezMz,,No miembro de la Talamasca aun.,151,161,4791,3,
en,1088471938199158789,He did speak to you. It's called an @. Fucking moron. https://t.co/HVIBjAFcSb,2019-01-24T16:21:47.000Z,19887880,Twitter for Android,"[{'type': 'quoted', 'id': '1088253789252083723'}]","[{'start': 54, 'end': 77, 'url': 'https://t.co/HVIBjAFcSb', 'expanded_url': 'https://twitter.com/realamberheard/status/1088253789252083723', 'display_url': 'twitter.com/realamberheard…'}]",0,0,0,0,"[{'start': 36, 'end': 59, 'url': 'https://t.co/sPJB2z5UWQ', 'expanded_url': 'https://twitter.com/Suffragentleman/status/1085899974146228225', 'display_url': 'twitter.com/Suffragentlema…'}]",en,1088253789252083723,You should actually speaking to me. https://t.co/sPJB2z5UWQ,2019-01-24T01:54:56.000Z,126,67,1074,14,807003567605227520,Twitter for iPhone,"Los Angeles, CA",https://pbs.twimg.com/profile_images/1383196364792680448/N8CdupEu_normal.jpg,807003567605227520,Amber Heard,2016-12-08T23:26:58.000Z,realamberheard,https://t.co/Ze18Ek9SOI,"Actor and Activist, semi-professional disruptor, ice cream advocate and shameless teacup yorkie-lover",190355,220,1150,566,TeamDarkSide/Akatsuki Hideout ,https://pbs.twimg.com/profile_images/1476053120929222662/aqnmJDmT_normal.jpg,19887880,"Make it make sense, 2022. #Chaotic.",2009-02-02T01:46:57.000Z,SithWannabe,https://t.co/wXMBBQ6FsK,"31. RPer siince 2/19/12. See Lists. This sass is literary fire. Loves ASOIAF, LOTR, Star Wars, Anime & Outlander. #HistoryBuff. #RIPCCB3. #BlackTwitter.",796,1355,14146,8,
en,1088349495337771009,You should actually fix your grammar 😑 https://t.co/8C4uF2a63I,2019-01-24T08:15:14.000Z,58689977,Twitter for iPhone,"[{'type': 'quoted', 'id': '1088253789252083723'}]","[{'start': 39, 'end': 62, 'url': 'https://t.co/8C4uF2a63I', 'expanded_url': 'https://twitter.com/realamberheard/status/1088253789252083723', 'display_url': 'twitter.com/realamberheard…'}]",0,0,0,0,"[{'start': 36, 'end': 59, 'url': 'https://t.co/sPJB2z5UWQ', 'expanded_url': 'https://twitter.com/Suffragentleman/status/1085899974146228225', 'display_url': 'twitter.com/Suffragentlema…'}]",en,1088253789252083723,You should actually speaking to me. https://t.co/sPJB2z5UWQ,2019-01-24T01:54:56.000Z,126,67,1074,14,807003567605227520,Twitter for iPhone,"Los Angeles, CA",https://pbs.twimg.com/profile_images/1383196364792680448/N8CdupEu_normal.jpg,807003567605227520,Amber Heard,2016-12-08T23:26:58.000Z,realamberheard,https://t.co/Ze18Ek9SOI,"Actor and Activist, semi-professional disruptor, ice cream advocate and shameless teacup yorkie-lover",190355,220,1150,566,,https://pbs.twimg.com/profile_images/1485794733565771776/UTqOaCSj_normal.jpg,58689977,Brianna 🐶🐝📚🏳️‍🌈🇺🇸,2009-07-21T03:26:01.000Z,DisneyWitch22,,• Bookworm • Disney Girl • Dog Lover • Dachshunds for sure • Ravenclaw • She/Her,329,1134,34672,27,
en,1088305344235724805,Great conversation... https://t.co/iAmhX0xiRx,2019-01-24T05:19:48.000Z,1073274538098446336,Twitter for Android,"[{'type': 'quoted', 'id': '1088253789252083723'}]","[{'start': 22, 'end': 45, 'url': 'https://t.co/iAmhX0xiRx', 'expanded_url': 'https://twitter.com/realamberheard/status/1088253789252083723', 'display_url': 'twitter.com/realamberheard…'}]",0,0,0,0,"[{'start': 36, 'end': 59, 'url': 'https://t.co/sPJB2z5UWQ', 'expanded_url': 'https://twitter.com/Suffragentleman/status/1085899974146228225', 'display_url': 'twitter.com/Suffragentlema…'}]",en,1088253789252083723,You should actually speaking to me. https://t.co/sPJB2z5UWQ,2019-01-24T01:54:56.000Z,126,67,1074,14,807003567605227520,Twitter for iPhone,"Los Angeles, CA",https://pbs.twimg.com/profile_images/1383196364792680448/N8CdupEu_normal.jpg,807003567605227520,Amber Heard,2016-12-08T23:26:58.000Z,realamberheard,https://t.co/Ze18Ek9SOI,"Actor and Activist, semi-professional disruptor, ice cream advocate and shameless teacup yorkie-lover",190355,220,1150,566,"Asia, Planet Earth",https://pbs.twimg.com/profile_images/1122801106789076992/YDHwj0wX_normal.png,1073274538098446336,Access,2018-12-13T17:52:45.000Z,Axes1101989,,#notavailable,10,72,150,0,
en,1088286899075047426,Top post Peter but you realize they are not true feminists don't you https://t.co/Xk9Dn7uI5y,2019-01-24T04:06:30.000Z,1295911188,Twitter for Android,"[{'type': 'quoted', 'id': '1088253789252083723'}]","[{'start': 69, 'end': 92, 'url': 'https://t.co/Xk9Dn7uI5y', 'expanded_url': 'https://twitter.com/realamberheard/status/1088253789252083723', 'display_url': 'twitter.com/realamberheard…'}]",0,0,0,0,"[{'start': 36, 'end': 59, 'url': 'https://t.co/sPJB2z5UWQ', 'expanded_url': 'https://twitter.com/Suffragentleman/status/1085899974146228225', 'display_url': 'twitter.com/Suffragentlema…'}]",en,1088253789252083723,You should actually speaking to me. https://t.co/sPJB2z5UWQ,2019-01-24T01:54:56.000Z,126,67,1074,14,807003567605227520,Twitter for iPhone,"Los Angeles, CA",https://pbs.twimg.com/profile_images/1383196364792680448/N8CdupEu_normal.jpg,807003567605227520,Amber Heard,2016-12-08T23:26:58.000Z,realamberheard,https://t.co/Ze18Ek9SOI,"Actor and Activist, semi-professional disruptor, ice cream advocate and shameless teacup yorkie-lover",190355,220,1150,566,Cyprus,https://pbs.twimg.com/profile_images/1357986248347029507/kG9CMYy5_normal.jpg,1295911188,Mick minas,2013-03-24T16:59:44.000Z,MOVIESTVMAD,,ayia Napa reality star I write direct and star in my own plays here in Cyprus I'm still seeing a shrink after 6 months in Hollywood 🤣,1616,3752,476371,65,"[{'start': 9, 'end': 13, 'probability': 0.9197, 'type': 'Person', 'normalized_text': 'Peter'}]"
en,1088263313232879616,*grabs popcorn* https://t.co/maXFDWfuQ4,2019-01-24T02:32:47.000Z,932996947249524741,Twitter for iPhone,"[{'type': 'quoted', 'id': '1088253789252083723'}]","[{'start': 16, 'end': 39, 'url': 'https://t.co/maXFDWfuQ4', 'expanded_url': 'https://twitter.com/realamberheard/status/1088253789252083723', 'display_url': 'twitter.com/realamberheard…'}]",0,0,2,0,"[{'start': 36, 'end': 59, 'url': 'https://t.co/sPJB2z5UWQ', 'expanded_url': 'https://twitter.com/Suffragentleman/status/1085899974146228225', 'display_url': 'twitter.com/Suffragentlema…'}]",en,1088253789252083723,You should actually speaking to me. https://t.co/sPJB2z5UWQ,2019-01-24T01:54:56.000Z,126,67,1074,14,807003567605227520,Twitter for iPhone,"Los Angeles, CA",https://pbs.twimg.com/profile_images/1383196364792680448/N8CdupEu_normal.jpg,807003567605227520,Amber Heard,2016-12-08T23:26:58.000Z,realamberheard,https://t.co/Ze18Ek9SOI,"Actor and Activist, semi-professional disruptor, ice cream advocate and shameless teacup yorkie-lover",190355,220,1150,566,,https://pbs.twimg.com/profile_images/1501198532212301824/GCi1XeOO_normal.jpg,932996947249524741,~,2017-11-21T15:39:41.000Z,AKAYE3000,,u dk me,384,408,6957,1,
es,1088261968723697664,Mas é muito rainha mesmo kfkfkfkfkfk https://t.co/J5gKhuyaAJ,2019-01-24T02:27:26.000Z,529629110,Twitter for Android,"[{'type': 'quoted', 'id': '1088253789252083723'}]","[{'start': 37, 'end': 60, 'url': 'https://t.co/J5gKhuyaAJ', 'expanded_url': 'https://twitter.com/realamberheard/status/1088253789252083723', 'display_url': 'twitter.com/realamberheard…'}]",0,0,0,0,"[{'start': 36, 'end': 59, 'url': 'https://t.co/sPJB2z5UWQ', 'expanded_url': 'https://twitter.com/Suffragentleman/status/1085899974146228225', 'display_url': 'twitter.com/Suffragentlema…'}]",en,1088253789252083723,You should actually speaking to me. https://t.co/sPJB2z5UWQ,2019-01-24T01:54:56.000Z,126,67,1074,14,807003567605227520,Twitter for iPhone,"Los Angeles, CA",https://pbs.twimg.com/profile_images/1383196364792680448/N8CdupEu_normal.jpg,807003567605227520,Amber Heard,2016-12-08T23:26:58.000Z,realamberheard,https://t.co/Ze18Ek9SOI,"Actor and Activist, semi-professional disruptor, ice cream advocate and shameless teacup yorkie-lover",190355,220,1150,566,weki meki,https://pbs.twimg.com/profile_images/1506652523775549448/u8w5xlIk_normal.jpg,529629110,Jessy ג'סיקה,2012-03-19T18:56:24.000Z,tzuyupicky,,★ twice weki meki animes e dc comics                    •fan account •,8120,7333,217830,34,
en,1088255326456033282,Amber Heard is not up for your bullshit. https://t.co/MVRWSKFEAx,2019-01-24T02:01:03.000Z,842608134,Twitter for Android,"[{'type': 'quoted', 'id': '1088253789252083723'}]","[{'start': 41, 'end': 64, 'url': 'https://t.co/MVRWSKFEAx', 'expanded_url': 'https://twitter.com/realamberheard/status/1088253789252083723', 'display_url': 'twitter.com/realamberheard…'}]",0,0,0,0,"[{'start': 36, 'end': 59, 'url': 'https://t.co/sPJB2z5UWQ', 'expanded_url': 'https://twitter.com/Suffragentleman/status/1085899974146228225', 'display_url': 'twitter.com/Suffragentlema…'}]",en,1088253789252083723,You should actually speaking to me. https://t.co/sPJB2z5UWQ,2019-01-24T01:54:56.000Z,126,67,1074,14,807003567605227520,Twitter for iPhone,"Los Angeles, CA",https://pbs.twimg.com/profile_images/1383196364792680448/N8CdupEu_normal.jpg,807003567605227520,Amber Heard,2016-12-08T23:26:58.000Z,realamberheard,https://t.co/Ze18Ek9SOI,"Actor and Activist, semi-professional disruptor, ice cream advocate and shameless teacup yorkie-lover",190355,220,1150,566,"NYC, Chicago",https://pbs.twimg.com/profile_images/1262966006517059589/H5v-6s4M_normal.jpg,842608134,Liz is unimpressed,2012-09-23T23:53:13.000Z,LizzyLaurie,https://t.co/tR7xXBPnum,Graduate of the Copacabana School of Dramatic Art. PhD in Theatre and Drama. Adjunct. Researches Cosplay. she/her/hers,943,4997,83779,16,"[{'start': 0, 'end': 4, 'probability': 0.8119, 'type': 'Person', 'normalized_text': 'Amber'}]"
pt,1088254940013883393,afrontosa ki só amoooo https://t.co/vkoLcvgV2t,2019-01-24T01:59:31.000Z,1959708451,Twitter for Android,"[{'type': 'quoted', 'id': '1088253789252083723'}]","[{'start': 23, 'end': 46, 'url': 'https://t.co/vkoLcvgV2t', 'expanded_url': 'https://twitter.com/realamberheard/status/1088253789252083723', 'display_url': 'twitter.com/realamberheard…'}]",0,1,0,0,"[{'start': 36, 'end': 59, 'url': 'https://t.co/sPJB2z5UWQ', 'expanded_url': 'https://twitter.com/Suffragentleman/status/1085899974146228225', 'display_url': 'twitter.com/Suffragentlema…'}]",en,1088253789252083723,You should actually speaking to me. https://t.co/sPJB2z5UWQ,2019-01-24T01:54:56.000Z,126,67,1074,14,807003567605227520,Twitter for iPhone,"Los Angeles, CA",https://pbs.twimg.com/profile_images/1383196364792680448/N8CdupEu_normal.jpg,807003567605227520,Amber Heard,2016-12-08T23:26:58.000Z,realamberheard,https://t.co/Ze18Ek9SOI,"Actor and Activist, semi-professional disruptor, ice cream advocate and shameless teacup yorkie-lover",190355,220,1150,566,,https://pbs.twimg.com/profile_images/1416438524920872973/vlse7hpy_normal.jpg,1959708451,Jessyca da Casa de El,2013-10-14T01:17:32.000Z,jssycadelima,,Beyoncé | DC Comics | X-Men | PJO | Twilight | THG | Glee | Stranger Things | RBD | Red Velvet | fan account,1525,1534,25899,0,
ca,1088254451020902400,"Ela gosta de Afrontar!
ILY,AMBER LAURA HEARD! https://t.co/QzSe2ydg1H",2019-01-24T01:57:34.000Z,260898190,Twitter for Android,"[{'type': 'quoted', 'id': '1088253789252083723'}]","[{'start': 46, 'end': 69, 'url': 'https://t.co/QzSe2ydg1H', 'expanded_url': 'https://twitter.com/realamberheard/status/1088253789252083723', 'display_url': 'twitter.com/realamberheard…'}]",0,0,0,0,"[{'start': 36, 'end': 59, 'url': 'https://t.co/sPJB2z5UWQ', 'expanded_url': 'https://twitter.com/Suffragentleman/status/1085899974146228225', 'display_url': 'twitter.com/Suffragentlema…'}]",en,1088253789252083723,You should actually speaking to me. https://t.co/sPJB2z5UWQ,2019-01-24T01:54:56.000Z,126,67,1074,14,807003567605227520,Twitter for iPhone,"Los Angeles, CA",https://pbs.twimg.com/profile_images/1383196364792680448/N8CdupEu_normal.jpg,807003567605227520,Amber Heard,2016-12-08T23:26:58.000Z,realamberheard,https://t.co/Ze18Ek9SOI,"Actor and Activist, semi-professional disruptor, ice cream advocate and shameless teacup yorkie-lover",190355,220,1150,566,"Macapá, Brasil",https://pbs.twimg.com/profile_images/1506781718124150787/o62NMaS4_normal.jpg,260898190,Mah| on happy hour🍹,2011-03-04T20:57:45.000Z,MarleneB_,,"De pé diante do mundo. De joelhos diante de: Sílvia/León Navarro,Amber Heard,Bia Arantes,Katy Perry,Melanie Zanetti,Giulio Berruti,Selton M e Mariana Ximenes❤",1567,398,129587,15,
tr,1088254175153188870,kdjskjdksksksk https://t.co/ksfNrlHOSh,2019-01-24T01:56:28.000Z,1932971822,Twitter for Android,"[{'type': 'quoted', 'id': '1088253789252083723'}]","[{'start': 15, 'end': 38, 'url': 'https://t.co/ksfNrlHOSh', 'expanded_url': 'https://twitter.com/realamberheard/status/1088253789252083723', 'display_url': 'twitter.com/realamberheard…'}]",0,0,0,0,"[{'start': 36, 'end': 59, 'url': 'https://t.co/sPJB2z5UWQ', 'expanded_url': 'https://twitter.com/Suffragentleman/status/1085899974146228225', 'display_url': 'twitter.com/Suffragentlema…'}]",en,1088253789252083723,You should actually speaking to me. https://t.co/sPJB2z5UWQ,2019-01-24T01:54:56.000Z,126,67,1074,14,807003567605227520,Twitter for iPhone,"Los Angeles, CA",https://pbs.twimg.com/profile_images/1383196364792680448/N8CdupEu_normal.jpg,807003567605227520,Amber Heard,2016-12-08T23:26:58.000Z,realamberheard,https://t.co/Ze18Ek9SOI,"Actor and Activist, semi-professional disruptor, ice cream advocate and shameless teacup yorkie-lover",190355,220,1150,566,ɞ films ∙ dc comics ∙ bs,https://pbs.twimg.com/profile_images/1498079704963764230/ti3c0Uj8_normal.jpg,1932971822,thais 🐈‍⬛,2013-10-04T03:58:47.000Z,spearsxfilms,https://t.co/EEpbNJczqk,𝑰 𝒈𝒐 𝒕𝒉𝒓𝒐𝒖𝒈𝒉 𝒍𝒊𝒇𝒆 𝒍𝒊𝒌𝒆 𝒂 𝑲𝒂𝒓𝒂𝒕𝒆 𝑲𝒊𝒅.☽,1899,824,141030,38,
