referenced_tweets,id,lang,text,created_at,source,author_id,entities.mentions,entities.urls,public_metrics.retweet_count,public_metrics.reply_count,public_metrics.like_count,public_metrics.quote_count,quoted_tweet.entities.mentions,quoted_tweet.entities.annotations,quoted_tweet.referenced_tweets,quoted_tweet.id,quoted_tweet.lang,quoted_tweet.text,quoted_tweet.created_at,quoted_tweet.source,quoted_tweet.author_id,quoted_tweet.in_reply_to_user_id,quoted_tweet.public_metrics.retweet_count,quoted_tweet.public_metrics.reply_count,quoted_tweet.public_metrics.like_count,quoted_tweet.public_metrics.quote_count,quoted_tweet.author.public_metrics.followers_count,quoted_tweet.author.public_metrics.following_count,quoted_tweet.author.public_metrics.tweet_count,quoted_tweet.author.public_metrics.listed_count,quoted_tweet.author.created_at,quoted_tweet.author.id,quoted_tweet.author.location,quoted_tweet.author.name,quoted_tweet.author.profile_image_url,quoted_tweet.author.username,quoted_tweet.author.url,quoted_tweet.author.description,author.public_metrics.followers_count,author.public_metrics.following_count,author.public_metrics.tweet_count,author.public_metrics.listed_count,author.created_at,author.id,author.name,author.profile_image_url,author.username,author.url,author.description,author.location
"[{'type': 'retweeted', 'id': '1401319326855139331'}]",1403263488936513540,en,"RT @StarmRamona2020: Well, ""lady and the books""🙄""artificial intelligence""... https://t.co/Awy0GP7R8n",2021-06-11T08:11:01.000Z,Twitter,1312955874940395520,"[{'start': 3, 'end': 19, 'username': 'StarmRamona2020', 'id': '1292859957583532033'}]","[{'start': 77, 'end': 100, 'url': 'https://t.co/Awy0GP7R8n', 'expanded_url': 'https://twitter.com/realamberheard/status/1088251699771392000', 'display_url': 'twitter.com/realamberheard…'}]",2,0,0,0,"[{'start': 0, 'end': 15, 'username': 'TheRealDoctorT', 'id': '2161983944'}]","[{'start': 31, 'end': 47, 'probability': 0.8234, 'type': 'Person', 'normalized_text': 'Yuval Noah Harari'}, {'start': 138, 'end': 148, 'probability': 0.9878, 'type': 'Person', 'normalized_text': 'Ron Chernow'}]","[{'type': 'replied_to', 'id': '1088245630114373633'}]",1088251699771392000,en,"@TheRealDoctorT Yes, just read Yuval Noah Harari’s latest - ‘21 Lessons’. I also Loved ‘Rage Becomes Her’. Or@if u want a change of pace, Ron Chernow’s ‘Grant’ was so incredible",2019-01-24T01:46:38.000Z,Twitter for iPhone,807003567605227520,2161983944,4,5,30,2,190355,220,1150,566,2016-12-08T23:26:58.000Z,807003567605227520,"Los Angeles, CA",Amber Heard,https://pbs.twimg.com/profile_images/1383196364792680448/N8CdupEu_normal.jpg,realamberheard,https://t.co/Ze18Ek9SOI,"Actor and Activist, semi-professional disruptor, ice cream advocate and shameless teacup yorkie-lover",2327,6,976387,62,2020-10-05T03:21:45.000Z,1312955874940395520,AI Bot,https://pbs.twimg.com/profile_images/1314973913584001024/JIUouGD3_normal.jpg,Artificialbra1n,,"A basic AI driven bot, which retweet tweets that have 'Artificial Intelligence' in their content. 

-created by @harshamullapud1 using Py",
"[{'type': 'retweeted', 'id': '1401319326855139331'}]",1401626277103157251,en,"RT @StarmRamona2020: Well, ""lady and the books""🙄""artificial intelligence""... https://t.co/Awy0GP7R8n",2021-06-06T19:45:20.000Z,Twitter,1312955874940395520,"[{'start': 3, 'end': 19, 'username': 'StarmRamona2020', 'id': '1292859957583532033'}]","[{'start': 77, 'end': 100, 'url': 'https://t.co/Awy0GP7R8n', 'expanded_url': 'https://twitter.com/realamberheard/status/1088251699771392000', 'display_url': 'twitter.com/realamberheard…'}]",2,0,0,0,"[{'start': 0, 'end': 15, 'username': 'TheRealDoctorT', 'id': '2161983944'}]","[{'start': 31, 'end': 47, 'probability': 0.8234, 'type': 'Person', 'normalized_text': 'Yuval Noah Harari'}, {'start': 138, 'end': 148, 'probability': 0.9878, 'type': 'Person', 'normalized_text': 'Ron Chernow'}]","[{'type': 'replied_to', 'id': '1088245630114373633'}]",1088251699771392000,en,"@TheRealDoctorT Yes, just read Yuval Noah Harari’s latest - ‘21 Lessons’. I also Loved ‘Rage Becomes Her’. Or@if u want a change of pace, Ron Chernow’s ‘Grant’ was so incredible",2019-01-24T01:46:38.000Z,Twitter for iPhone,807003567605227520,2161983944,4,5,30,2,190355,220,1150,566,2016-12-08T23:26:58.000Z,807003567605227520,"Los Angeles, CA",Amber Heard,https://pbs.twimg.com/profile_images/1383196364792680448/N8CdupEu_normal.jpg,realamberheard,https://t.co/Ze18Ek9SOI,"Actor and Activist, semi-professional disruptor, ice cream advocate and shameless teacup yorkie-lover",2327,6,976387,62,2020-10-05T03:21:45.000Z,1312955874940395520,AI Bot,https://pbs.twimg.com/profile_images/1314973913584001024/JIUouGD3_normal.jpg,Artificialbra1n,,"A basic AI driven bot, which retweet tweets that have 'Artificial Intelligence' in their content. 

-created by @harshamullapud1 using Py",
"[{'type': 'quoted', 'id': '1088251699771392000'}]",1401319326855139331,en,"Well, ""lady and the books""🙄""artificial intelligence""... https://t.co/Awy0GP7R8n",2021-06-05T23:25:37.000Z,Twitter Web App,1292859957583532033,,"[{'start': 56, 'end': 79, 'url': 'https://t.co/Awy0GP7R8n', 'expanded_url': 'https://twitter.com/realamberheard/status/1088251699771392000', 'display_url': 'twitter.com/realamberheard…'}]",2,0,1,0,"[{'start': 0, 'end': 15, 'username': 'TheRealDoctorT', 'id': '2161983944'}]","[{'start': 31, 'end': 47, 'probability': 0.8234, 'type': 'Person', 'normalized_text': 'Yuval Noah Harari'}, {'start': 138, 'end': 148, 'probability': 0.9878, 'type': 'Person', 'normalized_text': 'Ron Chernow'}]","[{'type': 'replied_to', 'id': '1088245630114373633'}]",1088251699771392000,en,"@TheRealDoctorT Yes, just read Yuval Noah Harari’s latest - ‘21 Lessons’. I also Loved ‘Rage Becomes Her’. Or@if u want a change of pace, Ron Chernow’s ‘Grant’ was so incredible",2019-01-24T01:46:38.000Z,Twitter for iPhone,807003567605227520,2161983944,4,5,30,2,190355,220,1150,566,2016-12-08T23:26:58.000Z,807003567605227520,"Los Angeles, CA",Amber Heard,https://pbs.twimg.com/profile_images/1383196364792680448/N8CdupEu_normal.jpg,realamberheard,https://t.co/Ze18Ek9SOI,"Actor and Activist, semi-professional disruptor, ice cream advocate and shameless teacup yorkie-lover",466,633,9654,3,2020-08-10T16:27:12.000Z,1292859957583532033,ResIpsaLoquitur,https://pbs.twimg.com/profile_images/1380915443133788163/1aftl799_normal.jpg,StarmRamona2020,,"""Laugh as much as you breathe and love as long as you live.""",London
