referenced_tweets,id,source,lang,created_at,text,author_id,public_metrics.retweet_count,public_metrics.reply_count,public_metrics.like_count,public_metrics.quote_count,entities.urls,entities.mentions,quoted_tweet.public_metrics.retweet_count,quoted_tweet.public_metrics.reply_count,quoted_tweet.public_metrics.like_count,quoted_tweet.public_metrics.quote_count,quoted_tweet.id,quoted_tweet.source,quoted_tweet.lang,quoted_tweet.entities.hashtags,quoted_tweet.entities.mentions,quoted_tweet.entities.annotations,quoted_tweet.created_at,quoted_tweet.text,quoted_tweet.author_id,quoted_tweet.author.description,quoted_tweet.author.profile_image_url,quoted_tweet.author.id,quoted_tweet.author.name,quoted_tweet.author.public_metrics.followers_count,quoted_tweet.author.public_metrics.following_count,quoted_tweet.author.public_metrics.tweet_count,quoted_tweet.author.public_metrics.listed_count,quoted_tweet.author.username,quoted_tweet.author.created_at,quoted_tweet.author.location,quoted_tweet.author.url,author.description,author.profile_image_url,author.id,author.name,author.public_metrics.followers_count,author.public_metrics.following_count,author.public_metrics.tweet_count,author.public_metrics.listed_count,author.username,author.created_at,author.location,author.url
"[{'type': 'quoted', 'id': '1088969210825338880'}]",1092142817768603652,Twitter Web Client,und,2019-02-03T19:28:33.000Z,.@Resist_Fracking https://t.co/DpAT5tLJPI,2831785538,0,0,0,0,"[{'start': 18, 'end': 41, 'url': 'https://t.co/DpAT5tLJPI', 'expanded_url': 'https://twitter.com/realamberheard/status/1088969210825338880', 'display_url': 'twitter.com/realamberheard…'}]","[{'start': 1, 'end': 17, 'username': 'Resist_Fracking', 'id': '3045062896'}]",64,26,483,3,1088969210825338880,Twitter for iPhone,en,"[{'start': 30, 'end': 42, 'tag': 'womenrights'}, {'start': 89, 'end': 95, 'tag': 'women'}, {'start': 102, 'end': 114, 'tag': 'humanrights'}, {'start': 143, 'end': 152, 'tag': 'fracking'}, {'start': 159, 'end': 177, 'tag': 'fracking4plastics'}]","[{'start': 189, 'end': 198, 'username': 'UN_Women', 'id': '17137628'}, {'start': 199, 'end': 210, 'username': 'UsingCEDAW', 'id': '2483451613'}, {'start': 212, 'end': 223, 'username': 'CEDAWYOUTH', 'id': '762608199132286976'}]","[{'start': 0, 'end': 1, 'probability': 0.8538, 'type': 'Place', 'normalized_text': 'UK'}, {'start': 177, 'end': 178, 'probability': 0.974, 'type': 'Place', 'normalized_text': 'UK'}]",2019-01-26T01:17:46.000Z,"UK gov can't properly protect #womenrights . Only comprehensive ban can properly protect #women &amp; #humanrights from destructive impacts of #fracking &amp; #fracking4plastics in the UK. @UN_Women @UsingCEDAW 
@CEDAWYOUTH",807003567605227520,"Actor and Activist, semi-professional disruptor, ice cream advocate and shameless teacup yorkie-lover",https://pbs.twimg.com/profile_images/1383196364792680448/N8CdupEu_normal.jpg,807003567605227520,Amber Heard,190355,220,1150,566,realamberheard,2016-12-08T23:26:58.000Z,"Los Angeles, CA",https://t.co/Ze18Ek9SOI,"The leading, global, cutting edge public relations agency based in London. Results oriented. Established in 2004 by Richard J. Hillgrove VI MA FRSA",https://pbs.twimg.com/profile_images/1492527298440052741/xUMJ1tXq_normal.jpg,2831785538,6 Hillgrove PR,11710,8706,6952,30,6HillgrovePR,2014-09-25T13:16:53.000Z,"London, United Kingdom",https://t.co/y5e7OYXMLE
"[{'type': 'quoted', 'id': '1088969210825338880'}]",1089147458104500224,Twitter Web Client,en,2019-01-26T13:06:04.000Z,Read our joint report here https://t.co/BIVAopjmq3 https://t.co/Wy2LUMOyVm,801427383723106305,0,0,0,0,"[{'start': 27, 'end': 50, 'url': 'https://t.co/BIVAopjmq3', 'expanded_url': 'https://bit.ly/2DB77tS', 'display_url': 'bit.ly/2DB77tS'}, {'start': 51, 'end': 74, 'url': 'https://t.co/Wy2LUMOyVm', 'expanded_url': 'https://twitter.com/realamberheard/status/1088969210825338880', 'display_url': 'twitter.com/realamberheard…'}]",,64,26,483,3,1088969210825338880,Twitter for iPhone,en,"[{'start': 30, 'end': 42, 'tag': 'womenrights'}, {'start': 89, 'end': 95, 'tag': 'women'}, {'start': 102, 'end': 114, 'tag': 'humanrights'}, {'start': 143, 'end': 152, 'tag': 'fracking'}, {'start': 159, 'end': 177, 'tag': 'fracking4plastics'}]","[{'start': 189, 'end': 198, 'username': 'UN_Women', 'id': '17137628'}, {'start': 199, 'end': 210, 'username': 'UsingCEDAW', 'id': '2483451613'}, {'start': 212, 'end': 223, 'username': 'CEDAWYOUTH', 'id': '762608199132286976'}]","[{'start': 0, 'end': 1, 'probability': 0.8538, 'type': 'Place', 'normalized_text': 'UK'}, {'start': 177, 'end': 178, 'probability': 0.974, 'type': 'Place', 'normalized_text': 'UK'}]",2019-01-26T01:17:46.000Z,"UK gov can't properly protect #womenrights . Only comprehensive ban can properly protect #women &amp; #humanrights from destructive impacts of #fracking &amp; #fracking4plastics in the UK. @UN_Women @UsingCEDAW 
@CEDAWYOUTH",807003567605227520,"Actor and Activist, semi-professional disruptor, ice cream advocate and shameless teacup yorkie-lover",https://pbs.twimg.com/profile_images/1383196364792680448/N8CdupEu_normal.jpg,807003567605227520,Amber Heard,190355,220,1150,566,realamberheard,2016-12-08T23:26:58.000Z,"Los Angeles, CA",https://t.co/Ze18Ek9SOI,#NoFracking #NoLNG Stop #Fracking4plastics campaigner & consultant for climate/environmental protection & energy policy. Posts reflect personal views.,https://pbs.twimg.com/profile_images/1432288006996692995/N-X41R3l_normal.jpg,801427383723106305,Andy Gheorghiu,1841,180,18937,56,GheorghiuAndy,2016-11-23T14:09:12.000Z,"Nordhessen, Germany",
