author_id,lang,source,referenced_tweets,created_at,text,id,entities.hashtags,entities.urls,public_metrics.retweet_count,public_metrics.reply_count,public_metrics.like_count,public_metrics.quote_count,quoted_tweet.author_id,quoted_tweet.lang,quoted_tweet.source,quoted_tweet.entities.urls,quoted_tweet.referenced_tweets,quoted_tweet.created_at,quoted_tweet.text,quoted_tweet.id,quoted_tweet.public_metrics.retweet_count,quoted_tweet.public_metrics.reply_count,quoted_tweet.public_metrics.like_count,quoted_tweet.public_metrics.quote_count,quoted_tweet.author.username,quoted_tweet.author.created_at,quoted_tweet.author.profile_image_url,quoted_tweet.author.name,quoted_tweet.author.public_metrics.followers_count,quoted_tweet.author.public_metrics.following_count,quoted_tweet.author.public_metrics.tweet_count,quoted_tweet.author.public_metrics.listed_count,quoted_tweet.author.description,quoted_tweet.author.id,quoted_tweet.author.url,quoted_tweet.author.location,author.username,author.created_at,author.profile_image_url,author.name,author.public_metrics.followers_count,author.public_metrics.following_count,author.public_metrics.tweet_count,author.public_metrics.listed_count,author.description,author.id,author.url,author.location
919195986819461122,it,Twitter for Android,"[{'type': 'quoted', 'id': '1089048746971807744'}]",2019-01-26T14:54:01.000Z,"COME SEI CADUTA IN BASSO MAMMA MIA TU SEI MALATA FATTI CURARE HAI DAVVERO DEI SERI PROBLEMI MENTALI CARA MIA🤢🤢🤢🤢🤢🤢🤢

#JohnnyDeppIsInnocent #WeAreWithYouJohnnyDepp #IBelieveHim https://t.co/FkbmxIUqfz",1089174625806884865,"[{'start': 117, 'end': 138, 'tag': 'JohnnyDeppIsInnocent'}, {'start': 139, 'end': 162, 'tag': 'WeAreWithYouJohnnyDepp'}, {'start': 163, 'end': 175, 'tag': 'IBelieveHim'}]","[{'start': 176, 'end': 199, 'url': 'https://t.co/FkbmxIUqfz', 'expanded_url': 'https://twitter.com/realamberheard/status/1089048746971807744', 'display_url': 'twitter.com/realamberheard…'}]",1,2,1,0,807003567605227520,en,Twitter for iPhone,"[{'start': 180, 'end': 203, 'url': 'https://t.co/d1c4TVPvOg', 'expanded_url': 'https://twitter.com/UN_Women/status/1088762179233501184', 'display_url': 'twitter.com/UN_Women/statu…'}]","[{'type': 'quoted', 'id': '1088762179233501184'}]",2019-01-26T06:33:49.000Z,"As the Majority Minority, I am proud to claim no flag, creed or color more than the Humanity I share with those who recognize there’s a right side of history and want to be on it. https://t.co/d1c4TVPvOg",1089048746971807744,121,32,974,3,realamberheard,2016-12-08T23:26:58.000Z,https://pbs.twimg.com/profile_images/1383196364792680448/N8CdupEu_normal.jpg,Amber Heard,190355,220,1150,566,"Actor and Activist, semi-professional disruptor, ice cream advocate and shameless teacup yorkie-lover",807003567605227520,https://t.co/Ze18Ek9SOI,"Los Angeles, CA",deppfamily,2017-10-14T13:39:35.000Z,https://pbs.twimg.com/profile_images/1323749027666604038/XuKKe_iz_normal.jpg,Depp ☪♊ IBelieveHim 🇮🇹,382,1102,55517,1,"#JohnnyDepp 😻 #IBelieveJohnnyDepp ❤
#DeppHead 🧡 #ISupportJohnnyDepp 💙

#HollywoodVampires 🇺🇸 #RockAndRoll 🤘😜🤘",919195986819461122,,
1295911188,en,Twitter for Android,"[{'type': 'quoted', 'id': '1089048746971807744'}]",2019-01-26T06:37:34.000Z,A true feminist something no modern day female can claim to be https://t.co/5bhA1xqZmB,1089049692116267008,,"[{'start': 63, 'end': 86, 'url': 'https://t.co/5bhA1xqZmB', 'expanded_url': 'https://twitter.com/realamberheard/status/1089048746971807744', 'display_url': 'twitter.com/realamberheard…'}]",0,0,0,0,807003567605227520,en,Twitter for iPhone,"[{'start': 180, 'end': 203, 'url': 'https://t.co/d1c4TVPvOg', 'expanded_url': 'https://twitter.com/UN_Women/status/1088762179233501184', 'display_url': 'twitter.com/UN_Women/statu…'}]","[{'type': 'quoted', 'id': '1088762179233501184'}]",2019-01-26T06:33:49.000Z,"As the Majority Minority, I am proud to claim no flag, creed or color more than the Humanity I share with those who recognize there’s a right side of history and want to be on it. https://t.co/d1c4TVPvOg",1089048746971807744,121,32,974,3,realamberheard,2016-12-08T23:26:58.000Z,https://pbs.twimg.com/profile_images/1383196364792680448/N8CdupEu_normal.jpg,Amber Heard,190355,220,1150,566,"Actor and Activist, semi-professional disruptor, ice cream advocate and shameless teacup yorkie-lover",807003567605227520,https://t.co/Ze18Ek9SOI,"Los Angeles, CA",MOVIESTVMAD,2013-03-24T16:59:44.000Z,https://pbs.twimg.com/profile_images/1357986248347029507/kG9CMYy5_normal.jpg,Mick minas,1616,3752,476371,65,ayia Napa reality star I write direct and star in my own plays here in Cyprus I'm still seeing a shrink after 6 months in Hollywood 🤣,1295911188,,Cyprus
