author_id,lang,source,created_at,referenced_tweets,id,text,entities.mentions,entities.annotations,entities.hashtags,public_metrics.retweet_count,public_metrics.reply_count,public_metrics.like_count,public_metrics.quote_count,quoted_tweet.public_metrics.retweet_count,quoted_tweet.public_metrics.reply_count,quoted_tweet.public_metrics.like_count,quoted_tweet.public_metrics.quote_count,quoted_tweet.author_id,quoted_tweet.lang,quoted_tweet.source,quoted_tweet.created_at,quoted_tweet.id,quoted_tweet.entities.urls,quoted_tweet.entities.hashtags,quoted_tweet.text,quoted_tweet.author.name,quoted_tweet.author.profile_image_url,quoted_tweet.author.created_at,quoted_tweet.author.description,quoted_tweet.author.public_metrics.followers_count,quoted_tweet.author.public_metrics.following_count,quoted_tweet.author.public_metrics.tweet_count,quoted_tweet.author.public_metrics.listed_count,quoted_tweet.author.location,quoted_tweet.author.id,quoted_tweet.author.username,quoted_tweet.author.url,author.name,author.profile_image_url,author.created_at,author.description,author.public_metrics.followers_count,author.public_metrics.following_count,author.public_metrics.tweet_count,author.public_metrics.listed_count,author.location,author.id,author.username,author.url,entities.urls
183472745,en,Twitter for iPhone,2019-02-15T13:44:58.000Z,"[{'type': 'retweeted', 'id': '1095977701050073089'}]",1096405005135949824,"RT @EmilioCaparrs1: #HappyValentinesDay
@realamberheard!. A big hug from Malaga friend!. 😘😘 🙌🙌🙌 @Diana_Navarro
@CarmenAcai @yvonne41277 @Sa…","[{'start': 3, 'end': 18, 'username': 'EmilioCaparrs1', 'id': '1158044418'}, {'start': 40, 'end': 55, 'username': 'realamberheard', 'id': '807003567605227520'}, {'start': 96, 'end': 110, 'username': 'Diana_Navarro', 'id': '139585703'}, {'start': 111, 'end': 122, 'username': 'CarmenAcai', 'id': '552377846'}, {'start': 123, 'end': 135, 'username': 'yvonne41277', 'id': '183472745'}]","[{'start': 73, 'end': 78, 'probability': 0.8722, 'type': 'Place', 'normalized_text': 'Malaga'}]","[{'start': 20, 'end': 39, 'tag': 'HappyValentinesDay'}]",1,0,0,0,98,38,1179,2,807003567605227520,en,Twitter for iPhone,2019-02-14T02:12:28.000Z,1095868345855819776,"[{'start': 130, 'end': 153, 'url': 'https://t.co/Av3qNLxC0T', 'expanded_url': 'https://twitter.com/realamberheard/status/1095868345855819776/photo/1', 'display_url': 'pic.twitter.com/Av3qNLxC0T'}]","[{'start': 67, 'end': 80, 'tag': 'whitneyHeard'}, {'start': 123, 'end': 129, 'tag': 'proud'}]",Not a good idea to tell a Heard woman to Not live her breast self  #whitneyHeard will not cover up being a woman or mother #proud https://t.co/Av3qNLxC0T,Amber Heard,https://pbs.twimg.com/profile_images/1383196364792680448/N8CdupEu_normal.jpg,2016-12-08T23:26:58.000Z,"Actor and Activist, semi-professional disruptor, ice cream advocate and shameless teacup yorkie-lover",190358,220,1150,566,"Los Angeles, CA",807003567605227520,realamberheard,https://t.co/Ze18Ek9SOI,Yvonne,https://pbs.twimg.com/profile_images/899091484498067456/lhtRNqT1_normal.jpg,2010-08-27T02:26:13.000Z,Peace Love and Happiness For all ✌️✌️✌️ https://t.co/D5L1V8LNSp,562,763,11758,0,"Illinois, USA",183472745,yvonne41277,https://t.co/fCqitDgEmB,
146138566,en,Twitter for Android,2019-02-14T11:24:17.000Z,"[{'type': 'quoted', 'id': '1095868345855819776'}]",1096007214672809986,On Valentine's day? And an passionate actress doing dirty jobs &amp; p*ssy works? Well she needs something for which she is made for? https://t.co/zwLfNaPJZf,,"[{'start': 3, 'end': 11, 'probability': 0.4332, 'type': 'Person', 'normalized_text': 'Valentine'}]",,0,0,0,0,98,38,1179,2,807003567605227520,en,Twitter for iPhone,2019-02-14T02:12:28.000Z,1095868345855819776,"[{'start': 130, 'end': 153, 'url': 'https://t.co/Av3qNLxC0T', 'expanded_url': 'https://twitter.com/realamberheard/status/1095868345855819776/photo/1', 'display_url': 'pic.twitter.com/Av3qNLxC0T'}]","[{'start': 67, 'end': 80, 'tag': 'whitneyHeard'}, {'start': 123, 'end': 129, 'tag': 'proud'}]",Not a good idea to tell a Heard woman to Not live her breast self  #whitneyHeard will not cover up being a woman or mother #proud https://t.co/Av3qNLxC0T,Amber Heard,https://pbs.twimg.com/profile_images/1383196364792680448/N8CdupEu_normal.jpg,2016-12-08T23:26:58.000Z,"Actor and Activist, semi-professional disruptor, ice cream advocate and shameless teacup yorkie-lover",190358,220,1150,566,"Los Angeles, CA",807003567605227520,realamberheard,https://t.co/Ze18Ek9SOI,Arsalan Baig,https://pbs.twimg.com/profile_images/1235310476222922753/bBihMRLB_normal.jpg,2010-05-20T17:52:08.000Z,retwEEter,56,381,15910,0,Karachi,146138566,arsalanbaig137,https://t.co/HH64lnM2li,"[{'start': 134, 'end': 157, 'url': 'https://t.co/zwLfNaPJZf', 'expanded_url': 'https://twitter.com/realamberheard/status/1095868345855819776', 'display_url': 'twitter.com/realamberheard…'}]"
1158044418,en,Twitter for Android,2019-02-14T09:27:00.000Z,"[{'type': 'quoted', 'id': '1095868345855819776'}]",1095977701050073089,"#HappyValentinesDay
@realamberheard!. A big hug from Malaga friend!. 😘😘 🙌🙌🙌 @Diana_Navarro
@CarmenAcai @yvonne41277 @Sarah_Carter @martamarquez_  @KatyDomnguezGme @Alexandra_Lamy @lolacarod3 @chicuela @bandera_javier @antoniobanderas https://t.co/OAJodnvdaQ","[{'start': 20, 'end': 35, 'username': 'realamberheard', 'id': '807003567605227520'}, {'start': 76, 'end': 90, 'username': 'Diana_Navarro', 'id': '139585703'}, {'start': 91, 'end': 102, 'username': 'CarmenAcai', 'id': '552377846'}, {'start': 103, 'end': 115, 'username': 'yvonne41277', 'id': '183472745'}, {'start': 116, 'end': 129, 'username': 'Sarah_Carter', 'id': '14620252'}, {'start': 130, 'end': 144, 'username': 'martamarquez_', 'id': '517423198'}, {'start': 146, 'end': 162, 'username': 'KatyDomnguezGme', 'id': '601851995'}, {'start': 163, 'end': 178, 'username': 'Alexandra_Lamy', 'id': '435845190'}, {'start': 179, 'end': 190, 'username': 'lolacarod3', 'id': '405973525'}, {'start': 191, 'end': 200, 'username': 'chicuela', 'id': '35568617'}, {'start': 201, 'end': 216, 'username': 'bandera_javier', 'id': '3040260740'}, {'start': 217, 'end': 233, 'username': 'antoniobanderas', 'id': '2858807777'}]","[{'start': 53, 'end': 58, 'probability': 0.8488, 'type': 'Place', 'normalized_text': 'Malaga'}]","[{'start': 0, 'end': 19, 'tag': 'HappyValentinesDay'}]",1,0,4,0,98,38,1179,2,807003567605227520,en,Twitter for iPhone,2019-02-14T02:12:28.000Z,1095868345855819776,"[{'start': 130, 'end': 153, 'url': 'https://t.co/Av3qNLxC0T', 'expanded_url': 'https://twitter.com/realamberheard/status/1095868345855819776/photo/1', 'display_url': 'pic.twitter.com/Av3qNLxC0T'}]","[{'start': 67, 'end': 80, 'tag': 'whitneyHeard'}, {'start': 123, 'end': 129, 'tag': 'proud'}]",Not a good idea to tell a Heard woman to Not live her breast self  #whitneyHeard will not cover up being a woman or mother #proud https://t.co/Av3qNLxC0T,Amber Heard,https://pbs.twimg.com/profile_images/1383196364792680448/N8CdupEu_normal.jpg,2016-12-08T23:26:58.000Z,"Actor and Activist, semi-professional disruptor, ice cream advocate and shameless teacup yorkie-lover",190358,220,1150,566,"Los Angeles, CA",807003567605227520,realamberheard,https://t.co/Ze18Ek9SOI,Emilio Caparrós,https://pbs.twimg.com/profile_images/1285545778937724929/biPQKIo__normal.jpg,2013-02-07T19:26:54.000Z,"es un estudiante y trabajador malagueño, es simpático, agradable, apañado y gracioso.Le gusta la música Italiana, la copla,etc.",1855,5003,28488,25,"Malaga, Spain",1158044418,EmilioCaparrs1,https://t.co/KFHpMpFoKc,"[{'start': 234, 'end': 257, 'url': 'https://t.co/OAJodnvdaQ', 'expanded_url': 'https://twitter.com/realamberheard/status/1095868345855819776', 'display_url': 'twitter.com/realamberheard…'}]"
