text,lang,author_id,created_at,referenced_tweets,id,source,public_metrics.retweet_count,public_metrics.reply_count,public_metrics.like_count,public_metrics.quote_count,entities.urls,entities.annotations,quoted_tweet.entities.hashtags,quoted_tweet.entities.urls,quoted_tweet.entities.mentions,quoted_tweet.text,quoted_tweet.lang,quoted_tweet.public_metrics.retweet_count,quoted_tweet.public_metrics.reply_count,quoted_tweet.public_metrics.like_count,quoted_tweet.public_metrics.quote_count,quoted_tweet.author_id,quoted_tweet.created_at,quoted_tweet.referenced_tweets,quoted_tweet.id,quoted_tweet.source,quoted_tweet.author.url,quoted_tweet.author.id,quoted_tweet.author.public_metrics.followers_count,quoted_tweet.author.public_metrics.following_count,quoted_tweet.author.public_metrics.tweet_count,quoted_tweet.author.public_metrics.listed_count,quoted_tweet.author.created_at,quoted_tweet.author.username,quoted_tweet.author.description,quoted_tweet.author.profile_image_url,quoted_tweet.author.name,quoted_tweet.author.location,author.url,author.id,author.public_metrics.followers_count,author.public_metrics.following_count,author.public_metrics.tweet_count,author.public_metrics.listed_count,author.created_at,author.username,author.description,author.profile_image_url,author.name,author.location
"Amber heard, Cara Delevingne e Ashley Benson 

GAY PANIC https://t.co/zL4atCYYFh",en,879105487136067585,2019-03-22T17:45:51.000Z,"[{'type': 'quoted', 'id': '1099010796179283968'}]",1109149202335129600,Twitter for iPhone,0,0,1,0,"[{'start': 57, 'end': 80, 'url': 'https://t.co/zL4atCYYFh', 'expanded_url': 'https://twitter.com/realamberheard/status/1099010796179283968', 'display_url': 'twitter.com/realamberheard…'}]","[{'start': 0, 'end': 4, 'probability': 0.8386, 'type': 'Person', 'normalized_text': 'Amber'}, {'start': 13, 'end': 27, 'probability': 0.9805, 'type': 'Person', 'normalized_text': 'Cara Delevingne'}, {'start': 31, 'end': 43, 'probability': 0.9742, 'type': 'Person', 'normalized_text': 'Ashley Benson'}]","[{'start': 30, 'end': 39, 'tag': 'HerSmell'}]","[{'start': 78, 'end': 101, 'url': 'https://t.co/Tei3L5re6A', 'expanded_url': 'https://twitter.com/HerSmellMovie/status/1098594583792009223', 'display_url': 'twitter.com/HerSmellMovie/…'}]","[{'start': 63, 'end': 77, 'username': 'HerSmellMovie', 'id': '1067160076056649728'}]","Check out the new trailer for #HerSmell, in theaters in April! @HerSmellMovie https://t.co/Tei3L5re6A",en,85,22,542,4,807003567605227520,2019-02-22T18:19:27.000Z,"[{'type': 'quoted', 'id': '1098594583792009223'}]",1099010796179283968,Twitter for iPhone,https://t.co/Ze18Ek9SOI,807003567605227520,190358,220,1150,566,2016-12-08T23:26:58.000Z,realamberheard,"Actor and Activist, semi-professional disruptor, ice cream advocate and shameless teacup yorkie-lover",https://pbs.twimg.com/profile_images/1383196364792680448/N8CdupEu_normal.jpg,Amber Heard,"Los Angeles, CA",https://t.co/VFepYsQtVp,879105487136067585,1669,1520,55701,14,2017-06-25T22:34:15.000Z,weiszmonroe,how can I make this about rachel weisz / fan account,https://pbs.twimg.com/profile_images/1410001430900097025/hKm0dlcA_normal.jpg,andressa mijos e cuspidas,na casa da susan sarandon
Can't wait!! https://t.co/UmdMmxtfn4,en,1083848022,2019-03-13T22:41:17.000Z,"[{'type': 'quoted', 'id': '1099010796179283968'}]",1105962060154880006,Twitter for Android,0,0,0,0,"[{'start': 13, 'end': 36, 'url': 'https://t.co/UmdMmxtfn4', 'expanded_url': 'https://twitter.com/realamberheard/status/1099010796179283968', 'display_url': 'twitter.com/realamberheard…'}]",,"[{'start': 30, 'end': 39, 'tag': 'HerSmell'}]","[{'start': 78, 'end': 101, 'url': 'https://t.co/Tei3L5re6A', 'expanded_url': 'https://twitter.com/HerSmellMovie/status/1098594583792009223', 'display_url': 'twitter.com/HerSmellMovie/…'}]","[{'start': 63, 'end': 77, 'username': 'HerSmellMovie', 'id': '1067160076056649728'}]","Check out the new trailer for #HerSmell, in theaters in April! @HerSmellMovie https://t.co/Tei3L5re6A",en,85,22,542,4,807003567605227520,2019-02-22T18:19:27.000Z,"[{'type': 'quoted', 'id': '1098594583792009223'}]",1099010796179283968,Twitter for iPhone,https://t.co/Ze18Ek9SOI,807003567605227520,190358,220,1150,566,2016-12-08T23:26:58.000Z,realamberheard,"Actor and Activist, semi-professional disruptor, ice cream advocate and shameless teacup yorkie-lover",https://pbs.twimg.com/profile_images/1383196364792680448/N8CdupEu_normal.jpg,Amber Heard,"Los Angeles, CA",,1083848022,27,760,595,0,2013-01-12T19:08:30.000Z,hakes2321,❤love trumps hate ❤,https://pbs.twimg.com/profile_images/1395050061957062663/972KH9D1_normal.jpg,Brittany hakes,"Corning, NY"
Absolutely yes. https://t.co/CeN9xnxfV1,en,18231897,2019-02-22T19:03:59.000Z,"[{'type': 'quoted', 'id': '1099010796179283968'}]",1099022005196730368,Echofon,0,0,0,0,"[{'start': 16, 'end': 39, 'url': 'https://t.co/CeN9xnxfV1', 'expanded_url': 'https://twitter.com/realamberheard/status/1099010796179283968', 'display_url': 'twitter.com/realamberheard…'}]",,"[{'start': 30, 'end': 39, 'tag': 'HerSmell'}]","[{'start': 78, 'end': 101, 'url': 'https://t.co/Tei3L5re6A', 'expanded_url': 'https://twitter.com/HerSmellMovie/status/1098594583792009223', 'display_url': 'twitter.com/HerSmellMovie/…'}]","[{'start': 63, 'end': 77, 'username': 'HerSmellMovie', 'id': '1067160076056649728'}]","Check out the new trailer for #HerSmell, in theaters in April! @HerSmellMovie https://t.co/Tei3L5re6A",en,85,22,542,4,807003567605227520,2019-02-22T18:19:27.000Z,"[{'type': 'quoted', 'id': '1098594583792009223'}]",1099010796179283968,Twitter for iPhone,https://t.co/Ze18Ek9SOI,807003567605227520,190358,220,1150,566,2016-12-08T23:26:58.000Z,realamberheard,"Actor and Activist, semi-professional disruptor, ice cream advocate and shameless teacup yorkie-lover",https://pbs.twimg.com/profile_images/1383196364792680448/N8CdupEu_normal.jpg,Amber Heard,"Los Angeles, CA",,18231897,602,83,31761,13,2008-12-19T02:11:22.000Z,themagicoflaura,Often tired.,https://pbs.twimg.com/profile_images/1371591950219026442/_A37tz6w_normal.jpg,Laura Williams,Wales.
