source,text,author_id,lang,created_at,in_reply_to_user_id,id,referenced_tweets,public_metrics.retweet_count,public_metrics.reply_count,public_metrics.like_count,public_metrics.quote_count,entities.urls,quoted_tweet.public_metrics.retweet_count,quoted_tweet.public_metrics.reply_count,quoted_tweet.public_metrics.like_count,quoted_tweet.public_metrics.quote_count,quoted_tweet.source,quoted_tweet.entities.urls,quoted_tweet.entities.mentions,quoted_tweet.text,quoted_tweet.author_id,quoted_tweet.lang,quoted_tweet.created_at,quoted_tweet.id,quoted_tweet.author.username,quoted_tweet.author.location,quoted_tweet.author.description,quoted_tweet.author.id,quoted_tweet.author.url,quoted_tweet.author.profile_image_url,quoted_tweet.author.name,quoted_tweet.author.public_metrics.followers_count,quoted_tweet.author.public_metrics.following_count,quoted_tweet.author.public_metrics.tweet_count,quoted_tweet.author.public_metrics.listed_count,quoted_tweet.author.created_at,author.username,author.location,author.description,author.id,author.url,author.profile_image_url,author.name,author.public_metrics.followers_count,author.public_metrics.following_count,author.public_metrics.tweet_count,author.public_metrics.listed_count,author.created_at,entities.mentions,entities.annotations,entities.hashtags
Twitter Web App,https://t.co/4HVocpJCK1,840671280399568896,und,2021-03-29T16:20:27.000Z,840671280399568896,1376569953587978243,"[{'type': 'quoted', 'id': '1100194101545324546'}, {'type': 'replied_to', 'id': '1376569950115143680'}]",0,1,1,0,"[{'start': 0, 'end': 23, 'url': 'https://t.co/4HVocpJCK1', 'expanded_url': 'https://twitter.com/realamberheard/status/1100194101545324546?s=19', 'display_url': 'twitter.com/realamberheard…'}]",268,78,2520,20,Twitter for iPhone,"[{'start': 85, 'end': 108, 'url': 'https://t.co/0QB4sQUdE1', 'expanded_url': 'https://twitter.com/realamberheard/status/1100194101545324546/photo/1', 'display_url': 'pic.twitter.com/0QB4sQUdE1'}]","[{'start': 41, 'end': 50, 'username': 'sams_usa', 'id': '471737223'}]",SO honored to be Goodwill Ambassador for @sams_usa. Let’s PLEASE get together guys!! https://t.co/0QB4sQUdE1,807003567605227520,en,2019-02-26T00:41:29.000Z,1100194101545324546,realamberheard,"Los Angeles, CA","Actor and Activist, semi-professional disruptor, ice cream advocate and shameless teacup yorkie-lover",807003567605227520,https://t.co/Ze18Ek9SOI,https://pbs.twimg.com/profile_images/1383196364792680448/N8CdupEu_normal.jpg,Amber Heard,190358,220,1150,566,2016-12-08T23:26:58.000Z,alberaudeskid,Youtube: Izzylovelace,For being you. Tayna - 24 - Female - Cis - Animal lover 🐤🐶 Vidder,840671280399568896,https://t.co/KzAMdR9Ns6,https://pbs.twimg.com/profile_images/1261708982286258178/oBDrGJrW_normal.jpg,Dawn Granger's gf,1009,875,63928,13,2017-03-11T21:10:26.000Z,,,
Twitter for iPad,RT @sams_usa: Thank you @realamberheard for your continuous &amp; tireless support for those who have been impacted by the greatest humanitaria…,938645379905609728,en,2019-03-10T12:13:09.000Z,,1104716822346063873,"[{'type': 'retweeted', 'id': '1100194665393836032'}]",18,0,0,0,,268,78,2520,20,Twitter for iPhone,"[{'start': 85, 'end': 108, 'url': 'https://t.co/0QB4sQUdE1', 'expanded_url': 'https://twitter.com/realamberheard/status/1100194101545324546/photo/1', 'display_url': 'pic.twitter.com/0QB4sQUdE1'}]","[{'start': 41, 'end': 50, 'username': 'sams_usa', 'id': '471737223'}]",SO honored to be Goodwill Ambassador for @sams_usa. Let’s PLEASE get together guys!! https://t.co/0QB4sQUdE1,807003567605227520,en,2019-02-26T00:41:29.000Z,1100194101545324546,realamberheard,"Los Angeles, CA","Actor and Activist, semi-professional disruptor, ice cream advocate and shameless teacup yorkie-lover",807003567605227520,https://t.co/Ze18Ek9SOI,https://pbs.twimg.com/profile_images/1383196364792680448/N8CdupEu_normal.jpg,Amber Heard,190358,220,1150,566,2016-12-08T23:26:58.000Z,shesaheathen,"Queensland, Australia",she/her. lazy bitch. anime rookie. aquarius sun. gemini moon. leo rising.INFJ,938645379905609728,https://t.co/v3udXrjqTj,https://pbs.twimg.com/profile_images/1391918494241882112/EW9fxnv__normal.jpg,LOGAN ♒,233,337,10747,2,2017-12-07T05:44:32.000Z,"[{'start': 3, 'end': 12, 'username': 'sams_usa', 'id': '471737223'}, {'start': 24, 'end': 39, 'username': 'realamberheard', 'id': '807003567605227520'}]",,
Twitter for iPad,RT @sams_usa: Thank you @realamberheard for your continuous &amp; tireless support for those who have been impacted by the greatest humanitaria…,322752287,en,2019-03-01T21:56:50.000Z,,1101602218275414018,"[{'type': 'retweeted', 'id': '1100194665393836032'}]",18,0,0,0,,268,78,2520,20,Twitter for iPhone,"[{'start': 85, 'end': 108, 'url': 'https://t.co/0QB4sQUdE1', 'expanded_url': 'https://twitter.com/realamberheard/status/1100194101545324546/photo/1', 'display_url': 'pic.twitter.com/0QB4sQUdE1'}]","[{'start': 41, 'end': 50, 'username': 'sams_usa', 'id': '471737223'}]",SO honored to be Goodwill Ambassador for @sams_usa. Let’s PLEASE get together guys!! https://t.co/0QB4sQUdE1,807003567605227520,en,2019-02-26T00:41:29.000Z,1100194101545324546,realamberheard,"Los Angeles, CA","Actor and Activist, semi-professional disruptor, ice cream advocate and shameless teacup yorkie-lover",807003567605227520,https://t.co/Ze18Ek9SOI,https://pbs.twimg.com/profile_images/1383196364792680448/N8CdupEu_normal.jpg,Amber Heard,190358,220,1150,566,2016-12-08T23:26:58.000Z,pritchard_ellie,,Harp-playing synth-loving long-time ME-er and ardent supporter of the natural world.,322752287,,https://pbs.twimg.com/profile_images/1498843997162414081/pTcAOrzY_normal.jpg,Eleanor Pritchard,1884,5002,83571,9,2011-06-23T17:50:58.000Z,"[{'start': 3, 'end': 12, 'username': 'sams_usa', 'id': '471737223'}, {'start': 24, 'end': 39, 'username': 'realamberheard', 'id': '807003567605227520'}]",,
Twitter for Android,"Mbak amber ini kurang apa cobaa 
Udah cantik, kaya, terkenal, berbakat, aktivis pula... Aduuh tuuhan yang kayak mbak amber diperbanyak yaa kalo cuma dua yang satunya belum tentu mau sama aku 😭😭 https://t.co/WfqNr0nxfB",1033034924624756737,in,2019-02-27T10:29:08.000Z,,1100704377835159553,"[{'type': 'quoted', 'id': '1100194101545324546'}]",0,0,0,0,"[{'start': 194, 'end': 217, 'url': 'https://t.co/WfqNr0nxfB', 'expanded_url': 'https://twitter.com/realamberheard/status/1100194101545324546', 'display_url': 'twitter.com/realamberheard…'}]",268,78,2520,20,Twitter for iPhone,"[{'start': 85, 'end': 108, 'url': 'https://t.co/0QB4sQUdE1', 'expanded_url': 'https://twitter.com/realamberheard/status/1100194101545324546/photo/1', 'display_url': 'pic.twitter.com/0QB4sQUdE1'}]","[{'start': 41, 'end': 50, 'username': 'sams_usa', 'id': '471737223'}]",SO honored to be Goodwill Ambassador for @sams_usa. Let’s PLEASE get together guys!! https://t.co/0QB4sQUdE1,807003567605227520,en,2019-02-26T00:41:29.000Z,1100194101545324546,realamberheard,"Los Angeles, CA","Actor and Activist, semi-professional disruptor, ice cream advocate and shameless teacup yorkie-lover",807003567605227520,https://t.co/Ze18Ek9SOI,https://pbs.twimg.com/profile_images/1383196364792680448/N8CdupEu_normal.jpg,Amber Heard,190358,220,1150,566,2016-12-08T23:26:58.000Z,goppiaziz,Kings Landing ,Besar pasak dari pada besar,1033034924624756737,,https://pbs.twimg.com/profile_images/1477221571278241792/ta7hGCag_normal.jpg,masajis,135,268,6273,0,2018-08-24T16:54:53.000Z,,,
Twitter Web App,RT @sams_usa: Thank you @realamberheard for your continuous &amp; tireless support for those who have been impacted by the greatest humanitaria…,1076010764157112322,en,2019-02-27T09:48:24.000Z,,1100694128814219265,"[{'type': 'retweeted', 'id': '1100194665393836032'}]",18,0,0,0,,268,78,2520,20,Twitter for iPhone,"[{'start': 85, 'end': 108, 'url': 'https://t.co/0QB4sQUdE1', 'expanded_url': 'https://twitter.com/realamberheard/status/1100194101545324546/photo/1', 'display_url': 'pic.twitter.com/0QB4sQUdE1'}]","[{'start': 41, 'end': 50, 'username': 'sams_usa', 'id': '471737223'}]",SO honored to be Goodwill Ambassador for @sams_usa. Let’s PLEASE get together guys!! https://t.co/0QB4sQUdE1,807003567605227520,en,2019-02-26T00:41:29.000Z,1100194101545324546,realamberheard,"Los Angeles, CA","Actor and Activist, semi-professional disruptor, ice cream advocate and shameless teacup yorkie-lover",807003567605227520,https://t.co/Ze18Ek9SOI,https://pbs.twimg.com/profile_images/1383196364792680448/N8CdupEu_normal.jpg,Amber Heard,190358,220,1150,566,2016-12-08T23:26:58.000Z,fly_tze,,,1076010764157112322,,https://pbs.twimg.com/profile_images/1076662501897465857/vbFUhq2v_normal.jpg,Tze Tze Fly,1,78,815,0,2018-12-21T07:05:32.000Z,"[{'start': 3, 'end': 12, 'username': 'sams_usa', 'id': '471737223'}, {'start': 24, 'end': 39, 'username': 'realamberheard', 'id': '807003567605227520'}]",,
Twitter for Android,RT @sams_usa: Thank you @realamberheard for your continuous &amp; tireless support for those who have been impacted by the greatest humanitaria…,1054247451677417472,en,2019-02-26T23:46:01.000Z,,1100542531547398145,"[{'type': 'retweeted', 'id': '1100194665393836032'}]",18,0,0,0,,268,78,2520,20,Twitter for iPhone,"[{'start': 85, 'end': 108, 'url': 'https://t.co/0QB4sQUdE1', 'expanded_url': 'https://twitter.com/realamberheard/status/1100194101545324546/photo/1', 'display_url': 'pic.twitter.com/0QB4sQUdE1'}]","[{'start': 41, 'end': 50, 'username': 'sams_usa', 'id': '471737223'}]",SO honored to be Goodwill Ambassador for @sams_usa. Let’s PLEASE get together guys!! https://t.co/0QB4sQUdE1,807003567605227520,en,2019-02-26T00:41:29.000Z,1100194101545324546,realamberheard,"Los Angeles, CA","Actor and Activist, semi-professional disruptor, ice cream advocate and shameless teacup yorkie-lover",807003567605227520,https://t.co/Ze18Ek9SOI,https://pbs.twimg.com/profile_images/1383196364792680448/N8CdupEu_normal.jpg,Amber Heard,190358,220,1150,566,2016-12-08T23:26:58.000Z,Paula_Jabour,,"OMG! Stop the flat earth, I gotta jump! 
#SexNoGender #ProtectTheChildren 
#FreeSpeech #WomanIsNotADirtyWord",1054247451677417472,,https://pbs.twimg.com/profile_images/1292297331119972352/hEE_YCpp_normal.jpg,Paula Jabour🇧🇷⚘,489,941,3487,0,2018-10-22T05:45:54.000Z,"[{'start': 3, 'end': 12, 'username': 'sams_usa', 'id': '471737223'}, {'start': 24, 'end': 39, 'username': 'realamberheard', 'id': '807003567605227520'}]",,
Twitter for Android,RT @BTermanini: @realamberheard passion for humanity is unmatched! She touched so many lives with her smile and compassion. Join Amber and…,785148392498421760,en,2019-02-26T23:41:14.000Z,,1100541328784572416,"[{'type': 'retweeted', 'id': '1100407525709471745'}]",6,0,0,0,,268,78,2520,20,Twitter for iPhone,"[{'start': 85, 'end': 108, 'url': 'https://t.co/0QB4sQUdE1', 'expanded_url': 'https://twitter.com/realamberheard/status/1100194101545324546/photo/1', 'display_url': 'pic.twitter.com/0QB4sQUdE1'}]","[{'start': 41, 'end': 50, 'username': 'sams_usa', 'id': '471737223'}]",SO honored to be Goodwill Ambassador for @sams_usa. Let’s PLEASE get together guys!! https://t.co/0QB4sQUdE1,807003567605227520,en,2019-02-26T00:41:29.000Z,1100194101545324546,realamberheard,"Los Angeles, CA","Actor and Activist, semi-professional disruptor, ice cream advocate and shameless teacup yorkie-lover",807003567605227520,https://t.co/Ze18Ek9SOI,https://pbs.twimg.com/profile_images/1383196364792680448/N8CdupEu_normal.jpg,Amber Heard,190358,220,1150,566,2016-12-08T23:26:58.000Z,CoraMelodie,"Bordeaux, France","Actress/Producer & UNHCR Special Envoy #AngelinaJolie | Actress, Activist & Human Rights Champion @realamberheard | @JeniferOfficiel 

#IStandWithYouAmberHeard",785148392498421760,,https://pbs.twimg.com/profile_images/1138826096386936837/71Iwj2dh_normal.jpg,Cora Melodie,736,720,49334,28,2016-10-09T16:02:18.000Z,"[{'start': 3, 'end': 14, 'username': 'BTermanini', 'id': '2780854799'}, {'start': 16, 'end': 31, 'username': 'realamberheard', 'id': '807003567605227520'}]","[{'start': 129, 'end': 133, 'probability': 0.9589, 'type': 'Person', 'normalized_text': 'Amber'}]",
Twitter for Android,RT @sams_usa: Thank you @realamberheard for your continuous &amp; tireless support for those who have been impacted by the greatest humanitaria…,785148392498421760,en,2019-02-26T23:35:43.000Z,,1100539941598257153,"[{'type': 'retweeted', 'id': '1100194665393836032'}]",18,0,0,0,,268,78,2520,20,Twitter for iPhone,"[{'start': 85, 'end': 108, 'url': 'https://t.co/0QB4sQUdE1', 'expanded_url': 'https://twitter.com/realamberheard/status/1100194101545324546/photo/1', 'display_url': 'pic.twitter.com/0QB4sQUdE1'}]","[{'start': 41, 'end': 50, 'username': 'sams_usa', 'id': '471737223'}]",SO honored to be Goodwill Ambassador for @sams_usa. Let’s PLEASE get together guys!! https://t.co/0QB4sQUdE1,807003567605227520,en,2019-02-26T00:41:29.000Z,1100194101545324546,realamberheard,"Los Angeles, CA","Actor and Activist, semi-professional disruptor, ice cream advocate and shameless teacup yorkie-lover",807003567605227520,https://t.co/Ze18Ek9SOI,https://pbs.twimg.com/profile_images/1383196364792680448/N8CdupEu_normal.jpg,Amber Heard,190358,220,1150,566,2016-12-08T23:26:58.000Z,CoraMelodie,"Bordeaux, France","Actress/Producer & UNHCR Special Envoy #AngelinaJolie | Actress, Activist & Human Rights Champion @realamberheard | @JeniferOfficiel 

#IStandWithYouAmberHeard",785148392498421760,,https://pbs.twimg.com/profile_images/1138826096386936837/71Iwj2dh_normal.jpg,Cora Melodie,736,720,49334,28,2016-10-09T16:02:18.000Z,"[{'start': 3, 'end': 12, 'username': 'sams_usa', 'id': '471737223'}, {'start': 24, 'end': 39, 'username': 'realamberheard', 'id': '807003567605227520'}]",,
Twitter for Android,RT @sams_usa: Thank you @realamberheard for your continuous &amp; tireless support for those who have been impacted by the greatest humanitaria…,827604575465197573,en,2019-02-26T21:24:36.000Z,,1100506943066697728,"[{'type': 'retweeted', 'id': '1100194665393836032'}]",18,0,0,0,,268,78,2520,20,Twitter for iPhone,"[{'start': 85, 'end': 108, 'url': 'https://t.co/0QB4sQUdE1', 'expanded_url': 'https://twitter.com/realamberheard/status/1100194101545324546/photo/1', 'display_url': 'pic.twitter.com/0QB4sQUdE1'}]","[{'start': 41, 'end': 50, 'username': 'sams_usa', 'id': '471737223'}]",SO honored to be Goodwill Ambassador for @sams_usa. Let’s PLEASE get together guys!! https://t.co/0QB4sQUdE1,807003567605227520,en,2019-02-26T00:41:29.000Z,1100194101545324546,realamberheard,"Los Angeles, CA","Actor and Activist, semi-professional disruptor, ice cream advocate and shameless teacup yorkie-lover",807003567605227520,https://t.co/Ze18Ek9SOI,https://pbs.twimg.com/profile_images/1383196364792680448/N8CdupEu_normal.jpg,Amber Heard,190358,220,1150,566,2016-12-08T23:26:58.000Z,TayabNacer,,,827604575465197573,,https://abs.twimg.com/sticky/default_profile_images/default_profile_normal.png,tayab nacer eddine,30,85,9606,0,2017-02-03T19:48:01.000Z,"[{'start': 3, 'end': 12, 'username': 'sams_usa', 'id': '471737223'}, {'start': 24, 'end': 39, 'username': 'realamberheard', 'id': '807003567605227520'}]",,
Twitter Web Client,RT @BTermanini: @realamberheard passion for humanity is unmatched! She touched so many lives with her smile and compassion. Join Amber and…,47495880,en,2019-02-26T20:16:23.000Z,,1100489775453097984,"[{'type': 'retweeted', 'id': '1100407525709471745'}]",6,0,0,0,,268,78,2520,20,Twitter for iPhone,"[{'start': 85, 'end': 108, 'url': 'https://t.co/0QB4sQUdE1', 'expanded_url': 'https://twitter.com/realamberheard/status/1100194101545324546/photo/1', 'display_url': 'pic.twitter.com/0QB4sQUdE1'}]","[{'start': 41, 'end': 50, 'username': 'sams_usa', 'id': '471737223'}]",SO honored to be Goodwill Ambassador for @sams_usa. Let’s PLEASE get together guys!! https://t.co/0QB4sQUdE1,807003567605227520,en,2019-02-26T00:41:29.000Z,1100194101545324546,realamberheard,"Los Angeles, CA","Actor and Activist, semi-professional disruptor, ice cream advocate and shameless teacup yorkie-lover",807003567605227520,https://t.co/Ze18Ek9SOI,https://pbs.twimg.com/profile_images/1383196364792680448/N8CdupEu_normal.jpg,Amber Heard,190358,220,1150,566,2016-12-08T23:26:58.000Z,total_silliness,"Los Angeles, CA",Professional Nap Taker and Nap Dress Wearer. Hoarder of books and red lipstick. She/Her.,47495880,,https://pbs.twimg.com/profile_images/378800000526968506/ba2d2bc448cf91c8994ca0a60860432a_normal.jpeg,Katie,384,800,19268,5,2009-06-16T00:50:13.000Z,"[{'start': 3, 'end': 14, 'username': 'BTermanini', 'id': '2780854799'}, {'start': 16, 'end': 31, 'username': 'realamberheard', 'id': '807003567605227520'}]","[{'start': 129, 'end': 133, 'probability': 0.9589, 'type': 'Person', 'normalized_text': 'Amber'}]",
Twitter for iPhone,RT @sams_usa: Thank you @realamberheard for your continuous &amp; tireless support for those who have been impacted by the greatest humanitaria…,1086393878415134721,en,2019-02-26T18:33:27.000Z,,1100463873210093569,"[{'type': 'retweeted', 'id': '1100194665393836032'}]",18,0,0,0,,268,78,2520,20,Twitter for iPhone,"[{'start': 85, 'end': 108, 'url': 'https://t.co/0QB4sQUdE1', 'expanded_url': 'https://twitter.com/realamberheard/status/1100194101545324546/photo/1', 'display_url': 'pic.twitter.com/0QB4sQUdE1'}]","[{'start': 41, 'end': 50, 'username': 'sams_usa', 'id': '471737223'}]",SO honored to be Goodwill Ambassador for @sams_usa. Let’s PLEASE get together guys!! https://t.co/0QB4sQUdE1,807003567605227520,en,2019-02-26T00:41:29.000Z,1100194101545324546,realamberheard,"Los Angeles, CA","Actor and Activist, semi-professional disruptor, ice cream advocate and shameless teacup yorkie-lover",807003567605227520,https://t.co/Ze18Ek9SOI,https://pbs.twimg.com/profile_images/1383196364792680448/N8CdupEu_normal.jpg,Amber Heard,190358,220,1150,566,2016-12-08T23:26:58.000Z,amberheardgc,,Amber Heard LIKED X1 // INSTAGRAM: @amberheardgc,1086393878415134721,,https://pbs.twimg.com/profile_images/1125581835616931840/shE31rVy_normal.jpg,Amber Heard GC,35,13,389,0,2019-01-18T22:44:19.000Z,"[{'start': 3, 'end': 12, 'username': 'sams_usa', 'id': '471737223'}, {'start': 24, 'end': 39, 'username': 'realamberheard', 'id': '807003567605227520'}]",,
Twitter for iPhone,RT @sams_usa: Thank you @realamberheard for your continuous &amp; tireless support for those who have been impacted by the greatest humanitaria…,2816882514,en,2019-02-26T17:11:15.000Z,,1100443184184717312,"[{'type': 'retweeted', 'id': '1100194665393836032'}]",18,0,0,0,,268,78,2520,20,Twitter for iPhone,"[{'start': 85, 'end': 108, 'url': 'https://t.co/0QB4sQUdE1', 'expanded_url': 'https://twitter.com/realamberheard/status/1100194101545324546/photo/1', 'display_url': 'pic.twitter.com/0QB4sQUdE1'}]","[{'start': 41, 'end': 50, 'username': 'sams_usa', 'id': '471737223'}]",SO honored to be Goodwill Ambassador for @sams_usa. Let’s PLEASE get together guys!! https://t.co/0QB4sQUdE1,807003567605227520,en,2019-02-26T00:41:29.000Z,1100194101545324546,realamberheard,"Los Angeles, CA","Actor and Activist, semi-professional disruptor, ice cream advocate and shameless teacup yorkie-lover",807003567605227520,https://t.co/Ze18Ek9SOI,https://pbs.twimg.com/profile_images/1383196364792680448/N8CdupEu_normal.jpg,Amber Heard,190358,220,1150,566,2016-12-08T23:26:58.000Z,aheardonline,France,"unofficial french/english source on the wonderful actress @realamberheard, providing you with all the latest news, photos and more! — this is a FAN ACCOUNT 😘",2816882514,https://t.co/49OkSol5lV,https://pbs.twimg.com/profile_images/1151152023439663104/lA1AM2VN_normal.png,Amber Heard Online,1644,240,2531,0,2014-09-18T12:05:10.000Z,"[{'start': 3, 'end': 12, 'username': 'sams_usa', 'id': '471737223'}, {'start': 24, 'end': 39, 'username': 'realamberheard', 'id': '807003567605227520'}]",,
Twitter for iPhone,RT @BTermanini: @realamberheard passion for humanity is unmatched! She touched so many lives with her smile and compassion. Join Amber and…,83911608,en,2019-02-26T17:00:58.000Z,,1100440597549252608,"[{'type': 'retweeted', 'id': '1100407525709471745'}]",6,0,0,0,,268,78,2520,20,Twitter for iPhone,"[{'start': 85, 'end': 108, 'url': 'https://t.co/0QB4sQUdE1', 'expanded_url': 'https://twitter.com/realamberheard/status/1100194101545324546/photo/1', 'display_url': 'pic.twitter.com/0QB4sQUdE1'}]","[{'start': 41, 'end': 50, 'username': 'sams_usa', 'id': '471737223'}]",SO honored to be Goodwill Ambassador for @sams_usa. Let’s PLEASE get together guys!! https://t.co/0QB4sQUdE1,807003567605227520,en,2019-02-26T00:41:29.000Z,1100194101545324546,realamberheard,"Los Angeles, CA","Actor and Activist, semi-professional disruptor, ice cream advocate and shameless teacup yorkie-lover",807003567605227520,https://t.co/Ze18Ek9SOI,https://pbs.twimg.com/profile_images/1383196364792680448/N8CdupEu_normal.jpg,Amber Heard,190358,220,1150,566,2016-12-08T23:26:58.000Z,pixeIpIanets,Italy,,83911608,,https://pbs.twimg.com/profile_images/1494833990955642881/tpQTxu6R_normal.jpg,Roberta ✨,1021,2030,69883,36,2009-10-20T19:45:08.000Z,"[{'start': 3, 'end': 14, 'username': 'BTermanini', 'id': '2780854799'}, {'start': 16, 'end': 31, 'username': 'realamberheard', 'id': '807003567605227520'}]","[{'start': 129, 'end': 133, 'probability': 0.9589, 'type': 'Person', 'normalized_text': 'Amber'}]",
Twitter for Android,RT @BTermanini: @realamberheard passion for humanity is unmatched! She touched so many lives with her smile and compassion. Join Amber and…,79199888,en,2019-02-26T16:59:20.000Z,,1100440188994625538,"[{'type': 'retweeted', 'id': '1100407525709471745'}]",6,0,0,0,,268,78,2520,20,Twitter for iPhone,"[{'start': 85, 'end': 108, 'url': 'https://t.co/0QB4sQUdE1', 'expanded_url': 'https://twitter.com/realamberheard/status/1100194101545324546/photo/1', 'display_url': 'pic.twitter.com/0QB4sQUdE1'}]","[{'start': 41, 'end': 50, 'username': 'sams_usa', 'id': '471737223'}]",SO honored to be Goodwill Ambassador for @sams_usa. Let’s PLEASE get together guys!! https://t.co/0QB4sQUdE1,807003567605227520,en,2019-02-26T00:41:29.000Z,1100194101545324546,realamberheard,"Los Angeles, CA","Actor and Activist, semi-professional disruptor, ice cream advocate and shameless teacup yorkie-lover",807003567605227520,https://t.co/Ze18Ek9SOI,https://pbs.twimg.com/profile_images/1383196364792680448/N8CdupEu_normal.jpg,Amber Heard,190358,220,1150,566,2016-12-08T23:26:58.000Z,AmberHeardIT,Since 2009,"First  Italian FANPAGE dedicated to @realamberheard. Follow us for the latest updates, pictures and news! On Amber Heard Italia, u HEARD it first 🇮🇹",79199888,https://t.co/w3BraCgc4s,https://pbs.twimg.com/profile_images/1412490122365374481/EAftEZpa_normal.jpg,Amber Heard Italia Fans,7228,344,39190,34,2009-10-02T14:50:54.000Z,"[{'start': 3, 'end': 14, 'username': 'BTermanini', 'id': '2780854799'}, {'start': 16, 'end': 31, 'username': 'realamberheard', 'id': '807003567605227520'}]","[{'start': 129, 'end': 133, 'probability': 0.9589, 'type': 'Person', 'normalized_text': 'Amber'}]",
Twitter for Android,Awwwwwn💖😍 https://t.co/r4jjP38pph,260898190,und,2019-02-26T16:12:04.000Z,,1100428290706341888,"[{'type': 'quoted', 'id': '1100194101545324546'}]",0,0,0,0,"[{'start': 10, 'end': 33, 'url': 'https://t.co/r4jjP38pph', 'expanded_url': 'https://twitter.com/realamberheard/status/1100194101545324546', 'display_url': 'twitter.com/realamberheard…'}]",268,78,2520,20,Twitter for iPhone,"[{'start': 85, 'end': 108, 'url': 'https://t.co/0QB4sQUdE1', 'expanded_url': 'https://twitter.com/realamberheard/status/1100194101545324546/photo/1', 'display_url': 'pic.twitter.com/0QB4sQUdE1'}]","[{'start': 41, 'end': 50, 'username': 'sams_usa', 'id': '471737223'}]",SO honored to be Goodwill Ambassador for @sams_usa. Let’s PLEASE get together guys!! https://t.co/0QB4sQUdE1,807003567605227520,en,2019-02-26T00:41:29.000Z,1100194101545324546,realamberheard,"Los Angeles, CA","Actor and Activist, semi-professional disruptor, ice cream advocate and shameless teacup yorkie-lover",807003567605227520,https://t.co/Ze18Ek9SOI,https://pbs.twimg.com/profile_images/1383196364792680448/N8CdupEu_normal.jpg,Amber Heard,190358,220,1150,566,2016-12-08T23:26:58.000Z,MarleneB_,"Macapá, Brasil","De pé diante do mundo. De joelhos diante de: Sílvia/León Navarro,Amber Heard,Bia Arantes,Katy Perry,Melanie Zanetti,Giulio Berruti,Selton M e Mariana Ximenes❤",260898190,,https://pbs.twimg.com/profile_images/1506781718124150787/o62NMaS4_normal.jpg,Mah| on happy hour🍹,1567,398,129587,15,2011-03-04T20:57:45.000Z,,,
Twitter for Android,RT @BTermanini: @realamberheard passion for humanity is unmatched! She touched so many lives with her smile and compassion. Join Amber and…,4396120342,en,2019-02-26T15:48:54.000Z,,1100422461781348352,"[{'type': 'retweeted', 'id': '1100407525709471745'}]",6,0,0,0,,268,78,2520,20,Twitter for iPhone,"[{'start': 85, 'end': 108, 'url': 'https://t.co/0QB4sQUdE1', 'expanded_url': 'https://twitter.com/realamberheard/status/1100194101545324546/photo/1', 'display_url': 'pic.twitter.com/0QB4sQUdE1'}]","[{'start': 41, 'end': 50, 'username': 'sams_usa', 'id': '471737223'}]",SO honored to be Goodwill Ambassador for @sams_usa. Let’s PLEASE get together guys!! https://t.co/0QB4sQUdE1,807003567605227520,en,2019-02-26T00:41:29.000Z,1100194101545324546,realamberheard,"Los Angeles, CA","Actor and Activist, semi-professional disruptor, ice cream advocate and shameless teacup yorkie-lover",807003567605227520,https://t.co/Ze18Ek9SOI,https://pbs.twimg.com/profile_images/1383196364792680448/N8CdupEu_normal.jpg,Amber Heard,190358,220,1150,566,2016-12-08T23:26:58.000Z,stirgussa,,"Only two things are infinite, the universe and human stupidity, and I'm not sure about the former. - Albert Einstein and Me!",4396120342,,https://pbs.twimg.com/profile_images/1378175478478082050/UKLiQPuk_normal.jpg,STIRGUS SACCHETTI,677,296,58568,23,2015-12-06T17:21:06.000Z,"[{'start': 3, 'end': 14, 'username': 'BTermanini', 'id': '2780854799'}, {'start': 16, 'end': 31, 'username': 'realamberheard', 'id': '807003567605227520'}]","[{'start': 129, 'end': 133, 'probability': 0.9589, 'type': 'Person', 'normalized_text': 'Amber'}]",
Twitter for iPhone,@realamberheard passion for humanity is unmatched! She touched so many lives with her smile and compassion. Join Amber and our dedicated volunteers in SAMS Midwest chapter Gala in Chicago on March 16. https://t.co/7HZ5wHjBsZ,2780854799,en,2019-02-26T14:49:33.000Z,807003567605227520,1100407525709471745,"[{'type': 'quoted', 'id': '1100194101545324546'}]",6,0,12,0,"[{'start': 201, 'end': 224, 'url': 'https://t.co/7HZ5wHjBsZ', 'expanded_url': 'https://twitter.com/realamberheard/status/1100194101545324546', 'display_url': 'twitter.com/realamberheard…'}]",268,78,2520,20,Twitter for iPhone,"[{'start': 85, 'end': 108, 'url': 'https://t.co/0QB4sQUdE1', 'expanded_url': 'https://twitter.com/realamberheard/status/1100194101545324546/photo/1', 'display_url': 'pic.twitter.com/0QB4sQUdE1'}]","[{'start': 41, 'end': 50, 'username': 'sams_usa', 'id': '471737223'}]",SO honored to be Goodwill Ambassador for @sams_usa. Let’s PLEASE get together guys!! https://t.co/0QB4sQUdE1,807003567605227520,en,2019-02-26T00:41:29.000Z,1100194101545324546,realamberheard,"Los Angeles, CA","Actor and Activist, semi-professional disruptor, ice cream advocate and shameless teacup yorkie-lover",807003567605227520,https://t.co/Ze18Ek9SOI,https://pbs.twimg.com/profile_images/1383196364792680448/N8CdupEu_normal.jpg,Amber Heard,190358,220,1150,566,2016-12-08T23:26:58.000Z,BTermanini,"Pittsburgh, PA","gastroenterologist with Trinity Health. Chairman SAMS Foundation. working for a free & democratic Syria. Early Tesla adaptor/investor, FSD beta tester.",2780854799,https://t.co/RXWKDbWIVb,https://pbs.twimg.com/profile_images/936494329828397056/kp-VKj1K_normal.jpg,Basel Termanini 🇺🇦,774,1151,4594,9,2014-09-23T04:02:22.000Z,"[{'start': 0, 'end': 15, 'username': 'realamberheard', 'id': '807003567605227520'}]","[{'start': 113, 'end': 117, 'probability': 0.9274, 'type': 'Person', 'normalized_text': 'Amber'}, {'start': 151, 'end': 175, 'probability': 0.3267, 'type': 'Other', 'normalized_text': 'SAMS Midwest chapter Gala'}, {'start': 180, 'end': 186, 'probability': 0.9976, 'type': 'Place', 'normalized_text': 'Chicago'}]",
Twitter for iPhone,RT @sams_usa: Thank you @realamberheard for your continuous &amp; tireless support for those who have been impacted by the greatest humanitaria…,995701248295923712,en,2019-02-26T14:30:34.000Z,,1100402747344474112,"[{'type': 'retweeted', 'id': '1100194665393836032'}]",18,0,0,0,,268,78,2520,20,Twitter for iPhone,"[{'start': 85, 'end': 108, 'url': 'https://t.co/0QB4sQUdE1', 'expanded_url': 'https://twitter.com/realamberheard/status/1100194101545324546/photo/1', 'display_url': 'pic.twitter.com/0QB4sQUdE1'}]","[{'start': 41, 'end': 50, 'username': 'sams_usa', 'id': '471737223'}]",SO honored to be Goodwill Ambassador for @sams_usa. Let’s PLEASE get together guys!! https://t.co/0QB4sQUdE1,807003567605227520,en,2019-02-26T00:41:29.000Z,1100194101545324546,realamberheard,"Los Angeles, CA","Actor and Activist, semi-professional disruptor, ice cream advocate and shameless teacup yorkie-lover",807003567605227520,https://t.co/Ze18Ek9SOI,https://pbs.twimg.com/profile_images/1383196364792680448/N8CdupEu_normal.jpg,Amber Heard,190358,220,1150,566,2016-12-08T23:26:58.000Z,rumer_louise,France,"Gabriel’s series fan - Giulio & Melanie fan - Sylvain Reynard fan, …",995701248295923712,,https://pbs.twimg.com/profile_images/1506359406337929232/kucWNG70_normal.jpg,🇫🇷 🇵🇹 🇺🇦 Louise Rumor-Glen,132,102,37938,3,2018-05-13T16:24:11.000Z,"[{'start': 3, 'end': 12, 'username': 'sams_usa', 'id': '471737223'}, {'start': 24, 'end': 39, 'username': 'realamberheard', 'id': '807003567605227520'}]",,
Twitter Web App,RT @sams_usa: Thank you @realamberheard for your continuous &amp; tireless support for those who have been impacted by the greatest humanitaria…,855471198905536512,en,2019-02-26T12:11:08.000Z,,1100367660385226758,"[{'type': 'retweeted', 'id': '1100194665393836032'}]",18,0,0,0,,268,78,2520,20,Twitter for iPhone,"[{'start': 85, 'end': 108, 'url': 'https://t.co/0QB4sQUdE1', 'expanded_url': 'https://twitter.com/realamberheard/status/1100194101545324546/photo/1', 'display_url': 'pic.twitter.com/0QB4sQUdE1'}]","[{'start': 41, 'end': 50, 'username': 'sams_usa', 'id': '471737223'}]",SO honored to be Goodwill Ambassador for @sams_usa. Let’s PLEASE get together guys!! https://t.co/0QB4sQUdE1,807003567605227520,en,2019-02-26T00:41:29.000Z,1100194101545324546,realamberheard,"Los Angeles, CA","Actor and Activist, semi-professional disruptor, ice cream advocate and shameless teacup yorkie-lover",807003567605227520,https://t.co/Ze18Ek9SOI,https://pbs.twimg.com/profile_images/1383196364792680448/N8CdupEu_normal.jpg,Amber Heard,190358,220,1150,566,2016-12-08T23:26:58.000Z,planet_emeraude,Atlantis  ,"Don't worry about what others think. Most people are always negative,don't let it bother you🌸🌿🏳️‍🌈Talking about feelings can and does help people to feel better",855471198905536512,,https://pbs.twimg.com/profile_images/1503082598930735108/a1v51xt6_normal.jpg,PlanetEmerald,68,75,5668,0,2017-04-21T17:20:02.000Z,"[{'start': 3, 'end': 12, 'username': 'sams_usa', 'id': '471737223'}, {'start': 24, 'end': 39, 'username': 'realamberheard', 'id': '807003567605227520'}]",,
Twitter for Android,"Love her... They are so incredible! Its amazing to see, how can People Help others in bad And sad situations And make them Smile on face... https://t.co/LyPWFJmjPj",1086192243189395457,en,2019-02-26T09:37:30.000Z,,1100328994770219008,"[{'type': 'quoted', 'id': '1100194101545324546'}]",0,0,1,0,"[{'start': 140, 'end': 163, 'url': 'https://t.co/LyPWFJmjPj', 'expanded_url': 'https://twitter.com/realamberheard/status/1100194101545324546', 'display_url': 'twitter.com/realamberheard…'}]",268,78,2520,20,Twitter for iPhone,"[{'start': 85, 'end': 108, 'url': 'https://t.co/0QB4sQUdE1', 'expanded_url': 'https://twitter.com/realamberheard/status/1100194101545324546/photo/1', 'display_url': 'pic.twitter.com/0QB4sQUdE1'}]","[{'start': 41, 'end': 50, 'username': 'sams_usa', 'id': '471737223'}]",SO honored to be Goodwill Ambassador for @sams_usa. Let’s PLEASE get together guys!! https://t.co/0QB4sQUdE1,807003567605227520,en,2019-02-26T00:41:29.000Z,1100194101545324546,realamberheard,"Los Angeles, CA","Actor and Activist, semi-professional disruptor, ice cream advocate and shameless teacup yorkie-lover",807003567605227520,https://t.co/Ze18Ek9SOI,https://pbs.twimg.com/profile_images/1383196364792680448/N8CdupEu_normal.jpg,Amber Heard,190358,220,1150,566,2016-12-08T23:26:58.000Z,DPonikelska,"Prague, Czech Republic",zakažte twitter bílejm bitches co melou o jejich těžkym životu ve vztahu. radši si vem cukrovýho tátu ty děvko a ber si od něj love.,1086192243189395457,,https://pbs.twimg.com/profile_images/1401453517517303809/5XE93qCb_normal.jpg,domi,10,102,36,0,2019-01-18T09:23:06.000Z,,,
Twitter for Android,"$$(Well Don)$$
Allah pak give you long life. https://t.co/ouDjFNO3jE",1086277048564248578,en,2019-02-26T09:09:03.000Z,,1100321837144309762,"[{'type': 'quoted', 'id': '1100194101545324546'}]",0,0,0,0,"[{'start': 45, 'end': 68, 'url': 'https://t.co/ouDjFNO3jE', 'expanded_url': 'https://twitter.com/realamberheard/status/1100194101545324546', 'display_url': 'twitter.com/realamberheard…'}]",268,78,2520,20,Twitter for iPhone,"[{'start': 85, 'end': 108, 'url': 'https://t.co/0QB4sQUdE1', 'expanded_url': 'https://twitter.com/realamberheard/status/1100194101545324546/photo/1', 'display_url': 'pic.twitter.com/0QB4sQUdE1'}]","[{'start': 41, 'end': 50, 'username': 'sams_usa', 'id': '471737223'}]",SO honored to be Goodwill Ambassador for @sams_usa. Let’s PLEASE get together guys!! https://t.co/0QB4sQUdE1,807003567605227520,en,2019-02-26T00:41:29.000Z,1100194101545324546,realamberheard,"Los Angeles, CA","Actor and Activist, semi-professional disruptor, ice cream advocate and shameless teacup yorkie-lover",807003567605227520,https://t.co/Ze18Ek9SOI,https://pbs.twimg.com/profile_images/1383196364792680448/N8CdupEu_normal.jpg,Amber Heard,190358,220,1150,566,2016-12-08T23:26:58.000Z,MajidShahid9,"Punjab, Pakistan Faislabad",,1086277048564248578,,https://pbs.twimg.com/profile_images/1086369017244368899/2UiAdikV_normal.jpg,Majid Shahid.,0,5,41,0,2019-01-18T15:00:05.000Z,,,
Twitter for iPhone,RT @sams_usa: Thank you @realamberheard for your continuous &amp; tireless support for those who have been impacted by the greatest humanitaria…,3919740867,en,2019-02-26T07:51:49.000Z,,1100302398428459010,"[{'type': 'retweeted', 'id': '1100194665393836032'}]",18,0,0,0,,268,78,2520,20,Twitter for iPhone,"[{'start': 85, 'end': 108, 'url': 'https://t.co/0QB4sQUdE1', 'expanded_url': 'https://twitter.com/realamberheard/status/1100194101545324546/photo/1', 'display_url': 'pic.twitter.com/0QB4sQUdE1'}]","[{'start': 41, 'end': 50, 'username': 'sams_usa', 'id': '471737223'}]",SO honored to be Goodwill Ambassador for @sams_usa. Let’s PLEASE get together guys!! https://t.co/0QB4sQUdE1,807003567605227520,en,2019-02-26T00:41:29.000Z,1100194101545324546,realamberheard,"Los Angeles, CA","Actor and Activist, semi-professional disruptor, ice cream advocate and shameless teacup yorkie-lover",807003567605227520,https://t.co/Ze18Ek9SOI,https://pbs.twimg.com/profile_images/1383196364792680448/N8CdupEu_normal.jpg,Amber Heard,190358,220,1150,566,2016-12-08T23:26:58.000Z,amberheardsourc,,Source dedicated to the gorgeous and talented Texan actress and activist @realamberheard. Online since 2015. 🇮🇹 #WeAreWithYouAmberHeard,3919740867,https://t.co/BSavZg4DeP,https://pbs.twimg.com/profile_images/1318169449468514305/fPEsSXdl_normal.jpg,Amber Heard Source,3882,89,13298,3,2015-10-10T16:21:10.000Z,"[{'start': 3, 'end': 12, 'username': 'sams_usa', 'id': '471737223'}, {'start': 24, 'end': 39, 'username': 'realamberheard', 'id': '807003567605227520'}]",,
Twitter for Android,So proud to be one of your fans @realamberheard  #proudfan #amberheard #mera https://t.co/DnbfrIMhR8,2747243308,en,2019-02-26T06:52:26.000Z,,1100287453884223488,"[{'type': 'quoted', 'id': '1100194101545324546'}]",0,0,4,0,"[{'start': 77, 'end': 100, 'url': 'https://t.co/DnbfrIMhR8', 'expanded_url': 'https://twitter.com/realamberheard/status/1100194101545324546', 'display_url': 'twitter.com/realamberheard…'}]",268,78,2520,20,Twitter for iPhone,"[{'start': 85, 'end': 108, 'url': 'https://t.co/0QB4sQUdE1', 'expanded_url': 'https://twitter.com/realamberheard/status/1100194101545324546/photo/1', 'display_url': 'pic.twitter.com/0QB4sQUdE1'}]","[{'start': 41, 'end': 50, 'username': 'sams_usa', 'id': '471737223'}]",SO honored to be Goodwill Ambassador for @sams_usa. Let’s PLEASE get together guys!! https://t.co/0QB4sQUdE1,807003567605227520,en,2019-02-26T00:41:29.000Z,1100194101545324546,realamberheard,"Los Angeles, CA","Actor and Activist, semi-professional disruptor, ice cream advocate and shameless teacup yorkie-lover",807003567605227520,https://t.co/Ze18Ek9SOI,https://pbs.twimg.com/profile_images/1383196364792680448/N8CdupEu_normal.jpg,Amber Heard,190358,220,1150,566,2016-12-08T23:26:58.000Z,DSavreIsTheSun,"Station 19, Seattle ","''What you and I have is *uau* fantastico. Maya it's ours, it's just ours.'' 🥇❤️🚒 #station19 #dickinson",2747243308,,https://pbs.twimg.com/profile_images/1479205445738942470/9x4VDedp_normal.jpg,A19 ~marina wifes era~,874,1707,23365,3,2014-08-19T09:28:16.000Z,"[{'start': 32, 'end': 47, 'username': 'realamberheard', 'id': '807003567605227520'}]",,"[{'start': 49, 'end': 58, 'tag': 'proudfan'}, {'start': 59, 'end': 70, 'tag': 'amberheard'}, {'start': 71, 'end': 76, 'tag': 'mera'}]"
Twitter for Android,RT @sams_usa: Thank you @realamberheard for your continuous &amp; tireless support for those who have been impacted by the greatest humanitaria…,79199888,en,2019-02-26T06:20:21.000Z,,1100279381723881472,"[{'type': 'retweeted', 'id': '1100194665393836032'}]",18,0,0,0,,268,78,2520,20,Twitter for iPhone,"[{'start': 85, 'end': 108, 'url': 'https://t.co/0QB4sQUdE1', 'expanded_url': 'https://twitter.com/realamberheard/status/1100194101545324546/photo/1', 'display_url': 'pic.twitter.com/0QB4sQUdE1'}]","[{'start': 41, 'end': 50, 'username': 'sams_usa', 'id': '471737223'}]",SO honored to be Goodwill Ambassador for @sams_usa. Let’s PLEASE get together guys!! https://t.co/0QB4sQUdE1,807003567605227520,en,2019-02-26T00:41:29.000Z,1100194101545324546,realamberheard,"Los Angeles, CA","Actor and Activist, semi-professional disruptor, ice cream advocate and shameless teacup yorkie-lover",807003567605227520,https://t.co/Ze18Ek9SOI,https://pbs.twimg.com/profile_images/1383196364792680448/N8CdupEu_normal.jpg,Amber Heard,190358,220,1150,566,2016-12-08T23:26:58.000Z,AmberHeardIT,Since 2009,"First  Italian FANPAGE dedicated to @realamberheard. Follow us for the latest updates, pictures and news! On Amber Heard Italia, u HEARD it first 🇮🇹",79199888,https://t.co/w3BraCgc4s,https://pbs.twimg.com/profile_images/1412490122365374481/EAftEZpa_normal.jpg,Amber Heard Italia Fans,7228,344,39190,34,2009-10-02T14:50:54.000Z,"[{'start': 3, 'end': 12, 'username': 'sams_usa', 'id': '471737223'}, {'start': 24, 'end': 39, 'username': 'realamberheard', 'id': '807003567605227520'}]",,
Twitter for iPhone,"Define Love: 
- https://t.co/VtSsoJGKvz",1086393878415134721,en,2019-02-26T04:57:05.000Z,,1100258427178237953,"[{'type': 'quoted', 'id': '1100194101545324546'}]",0,0,0,0,"[{'start': 16, 'end': 39, 'url': 'https://t.co/VtSsoJGKvz', 'expanded_url': 'https://twitter.com/realamberheard/status/1100194101545324546', 'display_url': 'twitter.com/realamberheard…'}]",268,78,2520,20,Twitter for iPhone,"[{'start': 85, 'end': 108, 'url': 'https://t.co/0QB4sQUdE1', 'expanded_url': 'https://twitter.com/realamberheard/status/1100194101545324546/photo/1', 'display_url': 'pic.twitter.com/0QB4sQUdE1'}]","[{'start': 41, 'end': 50, 'username': 'sams_usa', 'id': '471737223'}]",SO honored to be Goodwill Ambassador for @sams_usa. Let’s PLEASE get together guys!! https://t.co/0QB4sQUdE1,807003567605227520,en,2019-02-26T00:41:29.000Z,1100194101545324546,realamberheard,"Los Angeles, CA","Actor and Activist, semi-professional disruptor, ice cream advocate and shameless teacup yorkie-lover",807003567605227520,https://t.co/Ze18Ek9SOI,https://pbs.twimg.com/profile_images/1383196364792680448/N8CdupEu_normal.jpg,Amber Heard,190358,220,1150,566,2016-12-08T23:26:58.000Z,amberheardgc,,Amber Heard LIKED X1 // INSTAGRAM: @amberheardgc,1086393878415134721,,https://pbs.twimg.com/profile_images/1125581835616931840/shE31rVy_normal.jpg,Amber Heard GC,35,13,389,0,2019-01-18T22:44:19.000Z,,,
Twitter for iPhone,Amber Heard has my whole heart 🥺🤤 https://t.co/48BFV040Uk,2886782210,en,2019-02-26T03:28:12.000Z,,1100236059970060288,"[{'type': 'quoted', 'id': '1100194101545324546'}]",0,0,1,0,"[{'start': 34, 'end': 57, 'url': 'https://t.co/48BFV040Uk', 'expanded_url': 'https://twitter.com/realamberheard/status/1100194101545324546', 'display_url': 'twitter.com/realamberheard…'}]",268,78,2520,20,Twitter for iPhone,"[{'start': 85, 'end': 108, 'url': 'https://t.co/0QB4sQUdE1', 'expanded_url': 'https://twitter.com/realamberheard/status/1100194101545324546/photo/1', 'display_url': 'pic.twitter.com/0QB4sQUdE1'}]","[{'start': 41, 'end': 50, 'username': 'sams_usa', 'id': '471737223'}]",SO honored to be Goodwill Ambassador for @sams_usa. Let’s PLEASE get together guys!! https://t.co/0QB4sQUdE1,807003567605227520,en,2019-02-26T00:41:29.000Z,1100194101545324546,realamberheard,"Los Angeles, CA","Actor and Activist, semi-professional disruptor, ice cream advocate and shameless teacup yorkie-lover",807003567605227520,https://t.co/Ze18Ek9SOI,https://pbs.twimg.com/profile_images/1383196364792680448/N8CdupEu_normal.jpg,Amber Heard,190358,220,1150,566,2016-12-08T23:26:58.000Z,etaaamez,university of houston ,poetry in motion.,2886782210,https://t.co/BgZs00kncA,https://pbs.twimg.com/profile_images/1501956101180436486/pGudipO5_normal.jpg,vibrator,1971,1631,8015,1,2014-11-01T23:40:04.000Z,,"[{'start': 0, 'end': 10, 'probability': 0.4591, 'type': 'Person', 'normalized_text': 'Amber Heard'}]",
Twitter for iPhone,RT @sams_usa: Thank you @realamberheard for your continuous &amp; tireless support for those who have been impacted by the greatest humanitaria…,874984340,en,2019-02-26T03:08:30.000Z,,1100231100096487424,"[{'type': 'retweeted', 'id': '1100194665393836032'}]",18,0,0,0,,268,78,2520,20,Twitter for iPhone,"[{'start': 85, 'end': 108, 'url': 'https://t.co/0QB4sQUdE1', 'expanded_url': 'https://twitter.com/realamberheard/status/1100194101545324546/photo/1', 'display_url': 'pic.twitter.com/0QB4sQUdE1'}]","[{'start': 41, 'end': 50, 'username': 'sams_usa', 'id': '471737223'}]",SO honored to be Goodwill Ambassador for @sams_usa. Let’s PLEASE get together guys!! https://t.co/0QB4sQUdE1,807003567605227520,en,2019-02-26T00:41:29.000Z,1100194101545324546,realamberheard,"Los Angeles, CA","Actor and Activist, semi-professional disruptor, ice cream advocate and shameless teacup yorkie-lover",807003567605227520,https://t.co/Ze18Ek9SOI,https://pbs.twimg.com/profile_images/1383196364792680448/N8CdupEu_normal.jpg,Amber Heard,190358,220,1150,566,2016-12-08T23:26:58.000Z,animalhugger91,,Here to fangirl about fangirl things. I also retweet a lot of animal stuff and posts to raise social awareness. Beware my page. Pronouns: she/her,874984340,,https://pbs.twimg.com/profile_images/1451763808968523777/qJNzYCWU_normal.jpg,Lexi,337,315,26826,15,2012-10-12T05:22:26.000Z,"[{'start': 3, 'end': 12, 'username': 'sams_usa', 'id': '471737223'}, {'start': 24, 'end': 39, 'username': 'realamberheard', 'id': '807003567605227520'}]",,
Twitter for iPhone,we don’t deserve her https://t.co/yLorfUqlee,348243143,en,2019-02-26T03:03:54.000Z,,1100229944960053249,"[{'type': 'quoted', 'id': '1100194101545324546'}]",0,0,0,0,"[{'start': 21, 'end': 44, 'url': 'https://t.co/yLorfUqlee', 'expanded_url': 'https://twitter.com/realamberheard/status/1100194101545324546', 'display_url': 'twitter.com/realamberheard…'}]",268,78,2520,20,Twitter for iPhone,"[{'start': 85, 'end': 108, 'url': 'https://t.co/0QB4sQUdE1', 'expanded_url': 'https://twitter.com/realamberheard/status/1100194101545324546/photo/1', 'display_url': 'pic.twitter.com/0QB4sQUdE1'}]","[{'start': 41, 'end': 50, 'username': 'sams_usa', 'id': '471737223'}]",SO honored to be Goodwill Ambassador for @sams_usa. Let’s PLEASE get together guys!! https://t.co/0QB4sQUdE1,807003567605227520,en,2019-02-26T00:41:29.000Z,1100194101545324546,realamberheard,"Los Angeles, CA","Actor and Activist, semi-professional disruptor, ice cream advocate and shameless teacup yorkie-lover",807003567605227520,https://t.co/Ze18Ek9SOI,https://pbs.twimg.com/profile_images/1383196364792680448/N8CdupEu_normal.jpg,Amber Heard,190358,220,1150,566,2016-12-08T23:26:58.000Z,AugustJohnston,"madison, wi",you can’t blend in when you were born to standout♉️ RIP Alexis Danley 6•30•17 love u 4ever💕,348243143,https://t.co/eP5iAKJXL2,https://pbs.twimg.com/profile_images/1427989873965813765/tAbuDZfr_normal.jpg,gus🏳️‍🌈,382,398,10013,0,2011-08-04T03:15:47.000Z,,,
Twitter for Android,RT @sams_usa: Thank you @realamberheard for your continuous &amp; tireless support for those who have been impacted by the greatest humanitaria…,2284900040,en,2019-02-26T02:46:45.000Z,,1100225626584182784,"[{'type': 'retweeted', 'id': '1100194665393836032'}]",18,0,0,0,,268,78,2520,20,Twitter for iPhone,"[{'start': 85, 'end': 108, 'url': 'https://t.co/0QB4sQUdE1', 'expanded_url': 'https://twitter.com/realamberheard/status/1100194101545324546/photo/1', 'display_url': 'pic.twitter.com/0QB4sQUdE1'}]","[{'start': 41, 'end': 50, 'username': 'sams_usa', 'id': '471737223'}]",SO honored to be Goodwill Ambassador for @sams_usa. Let’s PLEASE get together guys!! https://t.co/0QB4sQUdE1,807003567605227520,en,2019-02-26T00:41:29.000Z,1100194101545324546,realamberheard,"Los Angeles, CA","Actor and Activist, semi-professional disruptor, ice cream advocate and shameless teacup yorkie-lover",807003567605227520,https://t.co/Ze18Ek9SOI,https://pbs.twimg.com/profile_images/1383196364792680448/N8CdupEu_normal.jpg,Amber Heard,190358,220,1150,566,2016-12-08T23:26:58.000Z,thykimdom,🌈 Filipinas,"bi. peculiar. nihilism.
uno x mingming ❤",2284900040,,https://pbs.twimg.com/profile_images/1460300333369143296/9Xp17M5r_normal.jpg,k.,822,336,81002,17,2014-01-10T10:48:52.000Z,"[{'start': 3, 'end': 12, 'username': 'sams_usa', 'id': '471737223'}, {'start': 24, 'end': 39, 'username': 'realamberheard', 'id': '807003567605227520'}]",,
Twitter for Android,amorzão da minha vida 😭 https://t.co/LYzwDMhQrV,875884874535718912,pt,2019-02-26T02:40:11.000Z,,1100223973894340608,"[{'type': 'quoted', 'id': '1100194101545324546'}]",0,0,0,0,"[{'start': 24, 'end': 47, 'url': 'https://t.co/LYzwDMhQrV', 'expanded_url': 'https://twitter.com/realamberheard/status/1100194101545324546?s=19', 'display_url': 'twitter.com/realamberheard…'}]",268,78,2520,20,Twitter for iPhone,"[{'start': 85, 'end': 108, 'url': 'https://t.co/0QB4sQUdE1', 'expanded_url': 'https://twitter.com/realamberheard/status/1100194101545324546/photo/1', 'display_url': 'pic.twitter.com/0QB4sQUdE1'}]","[{'start': 41, 'end': 50, 'username': 'sams_usa', 'id': '471737223'}]",SO honored to be Goodwill Ambassador for @sams_usa. Let’s PLEASE get together guys!! https://t.co/0QB4sQUdE1,807003567605227520,en,2019-02-26T00:41:29.000Z,1100194101545324546,realamberheard,"Los Angeles, CA","Actor and Activist, semi-professional disruptor, ice cream advocate and shameless teacup yorkie-lover",807003567605227520,https://t.co/Ze18Ek9SOI,https://pbs.twimg.com/profile_images/1383196364792680448/N8CdupEu_normal.jpg,Amber Heard,190358,220,1150,566,2016-12-08T23:26:58.000Z,evanrachxlswood,ela/dela,what would evan rachel wood do?,875884874535718912,,https://pbs.twimg.com/profile_images/1386355649324457987/OaHmgKFY_normal.jpg,lucille sharpe,425,400,9999,3,2017-06-17T01:16:42.000Z,,,
Twitter Web Client,She's a really superhero. https://t.co/Mbv511rXqu,1056694714244759552,en,2019-02-26T02:40:07.000Z,,1100223959080095746,"[{'type': 'quoted', 'id': '1100194101545324546'}]",0,0,0,0,"[{'start': 26, 'end': 49, 'url': 'https://t.co/Mbv511rXqu', 'expanded_url': 'https://twitter.com/realamberheard/status/1100194101545324546', 'display_url': 'twitter.com/realamberheard…'}]",268,78,2520,20,Twitter for iPhone,"[{'start': 85, 'end': 108, 'url': 'https://t.co/0QB4sQUdE1', 'expanded_url': 'https://twitter.com/realamberheard/status/1100194101545324546/photo/1', 'display_url': 'pic.twitter.com/0QB4sQUdE1'}]","[{'start': 41, 'end': 50, 'username': 'sams_usa', 'id': '471737223'}]",SO honored to be Goodwill Ambassador for @sams_usa. Let’s PLEASE get together guys!! https://t.co/0QB4sQUdE1,807003567605227520,en,2019-02-26T00:41:29.000Z,1100194101545324546,realamberheard,"Los Angeles, CA","Actor and Activist, semi-professional disruptor, ice cream advocate and shameless teacup yorkie-lover",807003567605227520,https://t.co/Ze18Ek9SOI,https://pbs.twimg.com/profile_images/1383196364792680448/N8CdupEu_normal.jpg,Amber Heard,190358,220,1150,566,2016-12-08T23:26:58.000Z,BrandonTalbot10,,"#WONDERBAT SHIPPER #ReleaseTheWonderBat 
#Celtics FAN 
VIVA WONDERBAT! 
Furthermore, the Power Rangers are my favorites and here's my fanfiction page.",1056694714244759552,https://t.co/60KUnhWOXp,https://pbs.twimg.com/profile_images/1495292709770309636/cAcStb6G_normal.jpg,Supermaster51,405,209,53218,5,2018-10-28T23:50:27.000Z,,,
Twitter for Android,RT @sams_usa: Thank you @realamberheard for your continuous &amp; tireless support for those who have been impacted by the greatest humanitaria…,940459573105823744,en,2019-02-26T02:24:52.000Z,,1100220118917730304,"[{'type': 'retweeted', 'id': '1100194665393836032'}]",18,0,0,0,,268,78,2520,20,Twitter for iPhone,"[{'start': 85, 'end': 108, 'url': 'https://t.co/0QB4sQUdE1', 'expanded_url': 'https://twitter.com/realamberheard/status/1100194101545324546/photo/1', 'display_url': 'pic.twitter.com/0QB4sQUdE1'}]","[{'start': 41, 'end': 50, 'username': 'sams_usa', 'id': '471737223'}]",SO honored to be Goodwill Ambassador for @sams_usa. Let’s PLEASE get together guys!! https://t.co/0QB4sQUdE1,807003567605227520,en,2019-02-26T00:41:29.000Z,1100194101545324546,realamberheard,"Los Angeles, CA","Actor and Activist, semi-professional disruptor, ice cream advocate and shameless teacup yorkie-lover",807003567605227520,https://t.co/Ze18Ek9SOI,https://pbs.twimg.com/profile_images/1383196364792680448/N8CdupEu_normal.jpg,Amber Heard,190358,220,1150,566,2016-12-08T23:26:58.000Z,RealMukul,,"| \W/estworld |

he/him | Fan Account |
#IStandWithAmberHeard
#IStandWithUkraine",940459573105823744,,https://pbs.twimg.com/profile_images/1478739279056556039/0Kn_xg4O_normal.jpg,MUKUL,1373,997,37394,15,2017-12-12T05:53:29.000Z,"[{'start': 3, 'end': 12, 'username': 'sams_usa', 'id': '471737223'}, {'start': 24, 'end': 39, 'username': 'realamberheard', 'id': '807003567605227520'}]",,
Twitter for Android,RT @sams_usa: Thank you @realamberheard for your continuous &amp; tireless support for those who have been impacted by the greatest humanitaria…,4396120342,en,2019-02-26T01:55:41.000Z,,1100212775756984323,"[{'type': 'retweeted', 'id': '1100194665393836032'}]",18,0,0,0,,268,78,2520,20,Twitter for iPhone,"[{'start': 85, 'end': 108, 'url': 'https://t.co/0QB4sQUdE1', 'expanded_url': 'https://twitter.com/realamberheard/status/1100194101545324546/photo/1', 'display_url': 'pic.twitter.com/0QB4sQUdE1'}]","[{'start': 41, 'end': 50, 'username': 'sams_usa', 'id': '471737223'}]",SO honored to be Goodwill Ambassador for @sams_usa. Let’s PLEASE get together guys!! https://t.co/0QB4sQUdE1,807003567605227520,en,2019-02-26T00:41:29.000Z,1100194101545324546,realamberheard,"Los Angeles, CA","Actor and Activist, semi-professional disruptor, ice cream advocate and shameless teacup yorkie-lover",807003567605227520,https://t.co/Ze18Ek9SOI,https://pbs.twimg.com/profile_images/1383196364792680448/N8CdupEu_normal.jpg,Amber Heard,190358,220,1150,566,2016-12-08T23:26:58.000Z,stirgussa,,"Only two things are infinite, the universe and human stupidity, and I'm not sure about the former. - Albert Einstein and Me!",4396120342,,https://pbs.twimg.com/profile_images/1378175478478082050/UKLiQPuk_normal.jpg,STIRGUS SACCHETTI,677,296,58568,23,2015-12-06T17:21:06.000Z,"[{'start': 3, 'end': 12, 'username': 'sams_usa', 'id': '471737223'}, {'start': 24, 'end': 39, 'username': 'realamberheard', 'id': '807003567605227520'}]",,
Twitter for iPhone,Thank you @realamberheard for your continuous &amp; tireless support for those who have been impacted by the greatest humanitarian crisis of our time! https://t.co/RTrk6eB8uy,471737223,en,2019-02-26T00:43:43.000Z,,1100194665393836032,"[{'type': 'quoted', 'id': '1100194101545324546'}]",18,11,50,0,"[{'start': 151, 'end': 174, 'url': 'https://t.co/RTrk6eB8uy', 'expanded_url': 'https://twitter.com/realamberheard/status/1100194101545324546', 'display_url': 'twitter.com/realamberheard…'}]",268,78,2520,20,Twitter for iPhone,"[{'start': 85, 'end': 108, 'url': 'https://t.co/0QB4sQUdE1', 'expanded_url': 'https://twitter.com/realamberheard/status/1100194101545324546/photo/1', 'display_url': 'pic.twitter.com/0QB4sQUdE1'}]","[{'start': 41, 'end': 50, 'username': 'sams_usa', 'id': '471737223'}]",SO honored to be Goodwill Ambassador for @sams_usa. Let’s PLEASE get together guys!! https://t.co/0QB4sQUdE1,807003567605227520,en,2019-02-26T00:41:29.000Z,1100194101545324546,realamberheard,"Los Angeles, CA","Actor and Activist, semi-professional disruptor, ice cream advocate and shameless teacup yorkie-lover",807003567605227520,https://t.co/Ze18Ek9SOI,https://pbs.twimg.com/profile_images/1383196364792680448/N8CdupEu_normal.jpg,Amber Heard,190358,220,1150,566,2016-12-08T23:26:58.000Z,sams_usa,"Washington, D.C.",The Syrian American Medical Society (SAMS) is a medical relief organization that is working on the front lines of crisis relief in Syria & beyond.,471737223,http://t.co/4vj3wJoZ9v,https://pbs.twimg.com/profile_images/1126597905156935681/mxzz1OIR_normal.png,sams_usa,24180,2015,13057,430,2012-01-23T06:15:48.000Z,"[{'start': 10, 'end': 25, 'username': 'realamberheard', 'id': '807003567605227520'}]",,
Twitter for iPhone,Our Queen keeps giving 👏🏼💙 https://t.co/hIXBysOGXg,941912731879272448,en,2019-02-26T00:41:54.000Z,,1100194206851715072,"[{'type': 'quoted', 'id': '1100194101545324546'}]",0,0,12,0,"[{'start': 27, 'end': 50, 'url': 'https://t.co/hIXBysOGXg', 'expanded_url': 'https://twitter.com/realamberheard/status/1100194101545324546', 'display_url': 'twitter.com/realamberheard…'}]",268,78,2520,20,Twitter for iPhone,"[{'start': 85, 'end': 108, 'url': 'https://t.co/0QB4sQUdE1', 'expanded_url': 'https://twitter.com/realamberheard/status/1100194101545324546/photo/1', 'display_url': 'pic.twitter.com/0QB4sQUdE1'}]","[{'start': 41, 'end': 50, 'username': 'sams_usa', 'id': '471737223'}]",SO honored to be Goodwill Ambassador for @sams_usa. Let’s PLEASE get together guys!! https://t.co/0QB4sQUdE1,807003567605227520,en,2019-02-26T00:41:29.000Z,1100194101545324546,realamberheard,"Los Angeles, CA","Actor and Activist, semi-professional disruptor, ice cream advocate and shameless teacup yorkie-lover",807003567605227520,https://t.co/Ze18Ek9SOI,https://pbs.twimg.com/profile_images/1383196364792680448/N8CdupEu_normal.jpg,Amber Heard,190358,220,1150,566,2016-12-08T23:26:58.000Z,skskkskjsimone,,"u ever been tired, red? yeah :) #releasetheayercut",941912731879272448,,https://pbs.twimg.com/profile_images/1426788364355706884/o2uKkd-h_normal.jpg,💤,3065,934,38826,0,2017-12-16T06:07:49.000Z,,,
