text,lang,author_id,created_at,referenced_tweets,id,in_reply_to_user_id,source,public_metrics.retweet_count,public_metrics.reply_count,public_metrics.like_count,public_metrics.quote_count,entities.urls,quoted_tweet.text,quoted_tweet.lang,quoted_tweet.public_metrics.retweet_count,quoted_tweet.public_metrics.reply_count,quoted_tweet.public_metrics.like_count,quoted_tweet.public_metrics.quote_count,quoted_tweet.author_id,quoted_tweet.created_at,quoted_tweet.entities.urls,quoted_tweet.entities.mentions,quoted_tweet.id,quoted_tweet.source,quoted_tweet.author.url,quoted_tweet.author.id,quoted_tweet.author.public_metrics.followers_count,quoted_tweet.author.public_metrics.following_count,quoted_tweet.author.public_metrics.tweet_count,quoted_tweet.author.public_metrics.listed_count,quoted_tweet.author.created_at,quoted_tweet.author.username,quoted_tweet.author.description,quoted_tweet.author.profile_image_url,quoted_tweet.author.name,quoted_tweet.author.location,author.url,author.id,author.public_metrics.followers_count,author.public_metrics.following_count,author.public_metrics.tweet_count,author.public_metrics.listed_count,author.created_at,author.username,author.description,author.profile_image_url,author.name,author.location,entities.mentions,entities.annotations
https://t.co/SGB4eGZoLy,und,840671280399568896,2021-03-29T16:20:26.000Z,"[{'type': 'quoted', 'id': '1101241267814428672'}, {'type': 'replied_to', 'id': '1376569946503794696'}]",1376569950115143680,840671280399568896,Twitter Web App,0,1,1,0,"[{'start': 0, 'end': 23, 'url': 'https://t.co/SGB4eGZoLy', 'expanded_url': 'https://twitter.com/realamberheard/status/1101241267814428672?s=19', 'display_url': 'twitter.com/realamberheard…'}]","Kids around the world all smile the same way, directly from the heart.  It reinforces the fact that we have a lot more in common then we are sometimes led to believe @sams_usa https://t.co/idJtl0gXG6",en,140,44,1185,10,807003567605227520,2019-02-28T22:02:32.000Z,"[{'start': 176, 'end': 199, 'url': 'https://t.co/idJtl0gXG6', 'expanded_url': 'https://twitter.com/realamberheard/status/1101241267814428672/photo/1', 'display_url': 'pic.twitter.com/idJtl0gXG6'}]","[{'start': 166, 'end': 175, 'username': 'sams_usa', 'id': '471737223'}]",1101241267814428672,Twitter for iPhone,https://t.co/Ze18Ek9SOI,807003567605227520,190358,220,1150,566,2016-12-08T23:26:58.000Z,realamberheard,"Actor and Activist, semi-professional disruptor, ice cream advocate and shameless teacup yorkie-lover",https://pbs.twimg.com/profile_images/1383196364792680448/N8CdupEu_normal.jpg,Amber Heard,"Los Angeles, CA",https://t.co/KzAMdR9Ns6,840671280399568896,1009,875,63928,13,2017-03-11T21:10:26.000Z,alberaudeskid,For being you. Tayna - 24 - Female - Cis - Animal lover 🐤🐶 Vidder,https://pbs.twimg.com/profile_images/1261708982286258178/oBDrGJrW_normal.jpg,Dawn Granger's gf,Youtube: Izzylovelace,,
"@joxxanna tu laa 😭 lagi tengok dkt twtr dia pergi syria 
mcm tak percaya je dia mcmtu 
https://t.co/XtinW8O00C",in,722335638,2019-03-12T17:31:30.000Z,"[{'type': 'quoted', 'id': '1101241267814428672'}, {'type': 'replied_to', 'id': '1105520711005663232'}]",1105521713180098560,2189465785,Twitter for iPhone,0,0,0,0,"[{'start': 87, 'end': 110, 'url': 'https://t.co/XtinW8O00C', 'expanded_url': 'https://twitter.com/realamberheard/status/1101241267814428672?s=21', 'display_url': 'twitter.com/realamberheard…'}]","Kids around the world all smile the same way, directly from the heart.  It reinforces the fact that we have a lot more in common then we are sometimes led to believe @sams_usa https://t.co/idJtl0gXG6",en,140,44,1185,10,807003567605227520,2019-02-28T22:02:32.000Z,"[{'start': 176, 'end': 199, 'url': 'https://t.co/idJtl0gXG6', 'expanded_url': 'https://twitter.com/realamberheard/status/1101241267814428672/photo/1', 'display_url': 'pic.twitter.com/idJtl0gXG6'}]","[{'start': 166, 'end': 175, 'username': 'sams_usa', 'id': '471737223'}]",1101241267814428672,Twitter for iPhone,https://t.co/Ze18Ek9SOI,807003567605227520,190358,220,1150,566,2016-12-08T23:26:58.000Z,realamberheard,"Actor and Activist, semi-professional disruptor, ice cream advocate and shameless teacup yorkie-lover",https://pbs.twimg.com/profile_images/1383196364792680448/N8CdupEu_normal.jpg,Amber Heard,"Los Angeles, CA",https://t.co/srZh2DTEIl,722335638,757,700,53052,1,2012-07-28T15:04:54.000Z,yin_fyqa,i am different; different in every social media,https://pbs.twimg.com/profile_images/1441965836164485120/Cn9uM1BG_normal.jpg,yinagisho,"Muar, Johor","[{'start': 0, 'end': 9, 'username': 'joxxanna', 'id': '2189465785'}]",
"@ZoeHeriot_ This is some pretty gross self-promotion:
https://t.co/IfLPSuKjZV",en,2567679236,2019-03-01T22:25:08.000Z,"[{'type': 'quoted', 'id': '1101241267814428672'}, {'type': 'replied_to', 'id': '1101609136150724614'}]",1101609340379770880,2904039459,Twitter Web Client,0,1,0,0,"[{'start': 54, 'end': 77, 'url': 'https://t.co/IfLPSuKjZV', 'expanded_url': 'https://twitter.com/realamberheard/status/1101241267814428672', 'display_url': 'twitter.com/realamberheard…'}]","Kids around the world all smile the same way, directly from the heart.  It reinforces the fact that we have a lot more in common then we are sometimes led to believe @sams_usa https://t.co/idJtl0gXG6",en,140,44,1185,10,807003567605227520,2019-02-28T22:02:32.000Z,"[{'start': 176, 'end': 199, 'url': 'https://t.co/idJtl0gXG6', 'expanded_url': 'https://twitter.com/realamberheard/status/1101241267814428672/photo/1', 'display_url': 'pic.twitter.com/idJtl0gXG6'}]","[{'start': 166, 'end': 175, 'username': 'sams_usa', 'id': '471737223'}]",1101241267814428672,Twitter for iPhone,https://t.co/Ze18Ek9SOI,807003567605227520,190358,220,1150,566,2016-12-08T23:26:58.000Z,realamberheard,"Actor and Activist, semi-professional disruptor, ice cream advocate and shameless teacup yorkie-lover",https://pbs.twimg.com/profile_images/1383196364792680448/N8CdupEu_normal.jpg,Amber Heard,"Los Angeles, CA",,2567679236,23,10,3814,1,2014-06-14T19:44:16.000Z,ButtyPretterfly,"I used to be an ugly caterpillar. Now look.

4R30 La Brea St. S
Los Angeles, CA 58008",https://pbs.twimg.com/profile_images/1095537061212442624/cqnEAMpF_normal.png,Pretty Butterfly,,"[{'start': 0, 'end': 11, 'username': 'ZoeHeriot_', 'id': '2904039459'}]",
Unity beyond diversity https://t.co/mecD8qisKU,en,1086278714537562114,2019-03-01T11:15:18.000Z,"[{'type': 'quoted', 'id': '1101241267814428672'}]",1101440771515805697,,Twitter for Android,0,0,0,0,"[{'start': 23, 'end': 46, 'url': 'https://t.co/mecD8qisKU', 'expanded_url': 'https://twitter.com/realamberheard/status/1101241267814428672', 'display_url': 'twitter.com/realamberheard…'}]","Kids around the world all smile the same way, directly from the heart.  It reinforces the fact that we have a lot more in common then we are sometimes led to believe @sams_usa https://t.co/idJtl0gXG6",en,140,44,1185,10,807003567605227520,2019-02-28T22:02:32.000Z,"[{'start': 176, 'end': 199, 'url': 'https://t.co/idJtl0gXG6', 'expanded_url': 'https://twitter.com/realamberheard/status/1101241267814428672/photo/1', 'display_url': 'pic.twitter.com/idJtl0gXG6'}]","[{'start': 166, 'end': 175, 'username': 'sams_usa', 'id': '471737223'}]",1101241267814428672,Twitter for iPhone,https://t.co/Ze18Ek9SOI,807003567605227520,190358,220,1150,566,2016-12-08T23:26:58.000Z,realamberheard,"Actor and Activist, semi-professional disruptor, ice cream advocate and shameless teacup yorkie-lover",https://pbs.twimg.com/profile_images/1383196364792680448/N8CdupEu_normal.jpg,Amber Heard,"Los Angeles, CA",,1086278714537562114,76,56,90,0,2019-01-18T15:06:42.000Z,atienza_raymann,God of Mischief,https://pbs.twimg.com/profile_images/1187964983927132160/9Cyduh7t_normal.jpg,Raymann Atienza,Asgard,,
Love this💕 https://t.co/SXAm7zEufO,en,762846798247436288,2019-02-28T23:38:28.000Z,"[{'type': 'quoted', 'id': '1101241267814428672'}]",1101265407040806913,,Twitter for Android,0,0,1,0,"[{'start': 11, 'end': 34, 'url': 'https://t.co/SXAm7zEufO', 'expanded_url': 'https://twitter.com/realamberheard/status/1101241267814428672', 'display_url': 'twitter.com/realamberheard…'}]","Kids around the world all smile the same way, directly from the heart.  It reinforces the fact that we have a lot more in common then we are sometimes led to believe @sams_usa https://t.co/idJtl0gXG6",en,140,44,1185,10,807003567605227520,2019-02-28T22:02:32.000Z,"[{'start': 176, 'end': 199, 'url': 'https://t.co/idJtl0gXG6', 'expanded_url': 'https://twitter.com/realamberheard/status/1101241267814428672/photo/1', 'display_url': 'pic.twitter.com/idJtl0gXG6'}]","[{'start': 166, 'end': 175, 'username': 'sams_usa', 'id': '471737223'}]",1101241267814428672,Twitter for iPhone,https://t.co/Ze18Ek9SOI,807003567605227520,190358,220,1150,566,2016-12-08T23:26:58.000Z,realamberheard,"Actor and Activist, semi-professional disruptor, ice cream advocate and shameless teacup yorkie-lover",https://pbs.twimg.com/profile_images/1383196364792680448/N8CdupEu_normal.jpg,Amber Heard,"Los Angeles, CA",,762846798247436288,1318,238,44065,20,2016-08-09T03:03:44.000Z,margotsharly,mos • bvs • zsjl • sm2 •  tasm • nwh 🫂,https://pbs.twimg.com/profile_images/1485138877992087553/UWVy8GMA_normal.jpg,♥️,she/her ,,
Where are you? https://t.co/ezV032S6ty,en,788278916762959872,2019-02-28T22:23:28.000Z,"[{'type': 'quoted', 'id': '1101241267814428672'}]",1101246533817769985,,Twitter for iPhone,0,0,0,0,"[{'start': 15, 'end': 38, 'url': 'https://t.co/ezV032S6ty', 'expanded_url': 'https://twitter.com/realamberheard/status/1101241267814428672', 'display_url': 'twitter.com/realamberheard…'}]","Kids around the world all smile the same way, directly from the heart.  It reinforces the fact that we have a lot more in common then we are sometimes led to believe @sams_usa https://t.co/idJtl0gXG6",en,140,44,1185,10,807003567605227520,2019-02-28T22:02:32.000Z,"[{'start': 176, 'end': 199, 'url': 'https://t.co/idJtl0gXG6', 'expanded_url': 'https://twitter.com/realamberheard/status/1101241267814428672/photo/1', 'display_url': 'pic.twitter.com/idJtl0gXG6'}]","[{'start': 166, 'end': 175, 'username': 'sams_usa', 'id': '471737223'}]",1101241267814428672,Twitter for iPhone,https://t.co/Ze18Ek9SOI,807003567605227520,190358,220,1150,566,2016-12-08T23:26:58.000Z,realamberheard,"Actor and Activist, semi-professional disruptor, ice cream advocate and shameless teacup yorkie-lover",https://pbs.twimg.com/profile_images/1383196364792680448/N8CdupEu_normal.jpg,Amber Heard,"Los Angeles, CA",,788278916762959872,229,305,8210,0,2016-10-18T07:21:54.000Z,Oskhaman,Cold 🥶,https://pbs.twimg.com/profile_images/1329716664192151552/wkhvxieQ_normal.jpg,Osama 🇵🇰 🇸🇦,🇸🇦,,
Proud of you Amber. 👌🙏 https://t.co/OzhCfTkWC8,en,940459573105823744,2019-02-28T22:21:45.000Z,"[{'type': 'quoted', 'id': '1101241267814428672'}]",1101246102932582400,,Twitter for Android,0,0,0,0,"[{'start': 23, 'end': 46, 'url': 'https://t.co/OzhCfTkWC8', 'expanded_url': 'https://twitter.com/realamberheard/status/1101241267814428672', 'display_url': 'twitter.com/realamberheard…'}]","Kids around the world all smile the same way, directly from the heart.  It reinforces the fact that we have a lot more in common then we are sometimes led to believe @sams_usa https://t.co/idJtl0gXG6",en,140,44,1185,10,807003567605227520,2019-02-28T22:02:32.000Z,"[{'start': 176, 'end': 199, 'url': 'https://t.co/idJtl0gXG6', 'expanded_url': 'https://twitter.com/realamberheard/status/1101241267814428672/photo/1', 'display_url': 'pic.twitter.com/idJtl0gXG6'}]","[{'start': 166, 'end': 175, 'username': 'sams_usa', 'id': '471737223'}]",1101241267814428672,Twitter for iPhone,https://t.co/Ze18Ek9SOI,807003567605227520,190358,220,1150,566,2016-12-08T23:26:58.000Z,realamberheard,"Actor and Activist, semi-professional disruptor, ice cream advocate and shameless teacup yorkie-lover",https://pbs.twimg.com/profile_images/1383196364792680448/N8CdupEu_normal.jpg,Amber Heard,"Los Angeles, CA",,940459573105823744,1373,997,37394,15,2017-12-12T05:53:29.000Z,RealMukul,"| \W/estworld |

he/him | Fan Account |
#IStandWithAmberHeard
#IStandWithUkraine",https://pbs.twimg.com/profile_images/1478739279056556039/0Kn_xg4O_normal.jpg,MUKUL,,,"[{'start': 13, 'end': 17, 'probability': 0.8726, 'type': 'Person', 'normalized_text': 'Amber'}]"
Esto es muy cierto https://t.co/qLeDJ8p31r,es,1098970409754681344,2019-02-28T22:05:45.000Z,"[{'type': 'quoted', 'id': '1101241267814428672'}]",1101242077252341760,,Twitter for iPhone,0,0,0,0,"[{'start': 19, 'end': 42, 'url': 'https://t.co/qLeDJ8p31r', 'expanded_url': 'https://twitter.com/realamberheard/status/1101241267814428672', 'display_url': 'twitter.com/realamberheard…'}]","Kids around the world all smile the same way, directly from the heart.  It reinforces the fact that we have a lot more in common then we are sometimes led to believe @sams_usa https://t.co/idJtl0gXG6",en,140,44,1185,10,807003567605227520,2019-02-28T22:02:32.000Z,"[{'start': 176, 'end': 199, 'url': 'https://t.co/idJtl0gXG6', 'expanded_url': 'https://twitter.com/realamberheard/status/1101241267814428672/photo/1', 'display_url': 'pic.twitter.com/idJtl0gXG6'}]","[{'start': 166, 'end': 175, 'username': 'sams_usa', 'id': '471737223'}]",1101241267814428672,Twitter for iPhone,https://t.co/Ze18Ek9SOI,807003567605227520,190358,220,1150,566,2016-12-08T23:26:58.000Z,realamberheard,"Actor and Activist, semi-professional disruptor, ice cream advocate and shameless teacup yorkie-lover",https://pbs.twimg.com/profile_images/1383196364792680448/N8CdupEu_normal.jpg,Amber Heard,"Los Angeles, CA",https://t.co/0LgIBJVtUy,1098970409754681344,26,81,82,0,2019-02-22T15:38:58.000Z,Ana_Elisa_SB,Ser Humana...,https://pbs.twimg.com/profile_images/1098971887932198912/LKeG98I__normal.jpg,Ana Elisa Salcedo,Colombia,,
