lang,text,author_id,id,created_at,source,referenced_tweets,entities.annotations,entities.urls,entities.hashtags,public_metrics.retweet_count,public_metrics.reply_count,public_metrics.like_count,public_metrics.quote_count,quoted_tweet.lang,quoted_tweet.text,quoted_tweet.author_id,quoted_tweet.id,quoted_tweet.entities.annotations,quoted_tweet.entities.urls,quoted_tweet.created_at,quoted_tweet.source,quoted_tweet.public_metrics.retweet_count,quoted_tweet.public_metrics.reply_count,quoted_tweet.public_metrics.like_count,quoted_tweet.public_metrics.quote_count,quoted_tweet.referenced_tweets,quoted_tweet.author.location,quoted_tweet.author.created_at,quoted_tweet.author.id,quoted_tweet.author.description,quoted_tweet.author.public_metrics.followers_count,quoted_tweet.author.public_metrics.following_count,quoted_tweet.author.public_metrics.tweet_count,quoted_tweet.author.public_metrics.listed_count,quoted_tweet.author.username,quoted_tweet.author.name,quoted_tweet.author.url,quoted_tweet.author.profile_image_url,author.created_at,author.id,author.description,author.public_metrics.followers_count,author.public_metrics.following_count,author.public_metrics.tweet_count,author.public_metrics.listed_count,author.username,author.name,author.url,author.profile_image_url,author.location,entities.mentions
en,She's a way better Mera than you and she only did a voice role. She had to put emotion to her voice performance while not showing her face; you couldn't even do that while playing her in live action. #AmberHeardIsAnAbuser #AnimationMeraIsBetter #LiveActionMeraSucks https://t.co/px3lHyqD4V https://t.co/yttszYQF9q,1149079030223667201,1319096143658151936,2020-10-22T02:00:02.000Z,Twitter for Android,"[{'type': 'quoted', 'id': '1104401726277214209'}]","[{'start': 19, 'end': 22, 'probability': 0.5944, 'type': 'Person', 'normalized_text': 'Mera'}]","[{'start': 266, 'end': 289, 'url': 'https://t.co/px3lHyqD4V', 'expanded_url': 'https://twitter.com/ChrisRoque1992/status/1319096143658151936/photo/1', 'display_url': 'pic.twitter.com/px3lHyqD4V'}, {'start': 290, 'end': 313, 'url': 'https://t.co/yttszYQF9q', 'expanded_url': 'https://twitter.com/realamberheard/status/1104401726277214209', 'display_url': 'twitter.com/realamberheard…'}]","[{'start': 200, 'end': 221, 'tag': 'AmberHeardIsAnAbuser'}, {'start': 222, 'end': 244, 'tag': 'AnimationMeraIsBetter'}, {'start': 245, 'end': 265, 'tag': 'LiveActionMeraSucks'}]",0,0,0,0,en,"Love that Mera can be out there representing strong, badass women! https://t.co/MLbVG6kqpY",807003567605227520,1104401726277214209,"[{'start': 10, 'end': 13, 'probability': 0.6544, 'type': 'Person', 'normalized_text': 'Mera'}]","[{'start': 67, 'end': 90, 'url': 'https://t.co/MLbVG6kqpY', 'expanded_url': 'https://twitter.com/iTunes/status/1104154832246575104', 'display_url': 'twitter.com/iTunes/status/…'}]",2019-03-09T15:21:04.000Z,Twitter for iPhone,569,106,3402,27,"[{'type': 'quoted', 'id': '1104154832246575104'}]","Los Angeles, CA",2016-12-08T23:26:58.000Z,807003567605227520,"Actor and Activist, semi-professional disruptor, ice cream advocate and shameless teacup yorkie-lover",190357,220,1150,566,realamberheard,Amber Heard,https://t.co/Ze18Ek9SOI,https://pbs.twimg.com/profile_images/1383196364792680448/N8CdupEu_normal.jpg,2019-07-10T22:12:44.000Z,1149079030223667201,"My account. I'm not Russian and I am not a bot! 
Multifandom! 🖤
#RestoreTheSnyderVerse 
#ReleaseTheAyerCut 
#JusticeForJohnnyDepp",143,157,21815,0,ChrisRoque1992,Danielle,,https://pbs.twimg.com/profile_images/1234556349033246720/PrwUnRSG_normal.jpg,,
en,"Which one? The new one that all sensible people are waiting for, or the old one who's known to be a husband beater and a lot of shit?🙄 https://t.co/hSJnvgMaiY",1298460954481643522,1318989675357523973,2020-10-21T18:56:58.000Z,Twitter for Android,"[{'type': 'quoted', 'id': '1104401726277214209'}]",,"[{'start': 135, 'end': 158, 'url': 'https://t.co/hSJnvgMaiY', 'expanded_url': 'https://twitter.com/realamberheard/status/1104401726277214209', 'display_url': 'twitter.com/realamberheard…'}]",,0,0,1,0,en,"Love that Mera can be out there representing strong, badass women! https://t.co/MLbVG6kqpY",807003567605227520,1104401726277214209,"[{'start': 10, 'end': 13, 'probability': 0.6544, 'type': 'Person', 'normalized_text': 'Mera'}]","[{'start': 67, 'end': 90, 'url': 'https://t.co/MLbVG6kqpY', 'expanded_url': 'https://twitter.com/iTunes/status/1104154832246575104', 'display_url': 'twitter.com/iTunes/status/…'}]",2019-03-09T15:21:04.000Z,Twitter for iPhone,569,106,3402,27,"[{'type': 'quoted', 'id': '1104154832246575104'}]","Los Angeles, CA",2016-12-08T23:26:58.000Z,807003567605227520,"Actor and Activist, semi-professional disruptor, ice cream advocate and shameless teacup yorkie-lover",190357,220,1150,566,realamberheard,Amber Heard,https://t.co/Ze18Ek9SOI,https://pbs.twimg.com/profile_images/1383196364792680448/N8CdupEu_normal.jpg,2020-08-26T03:24:29.000Z,1298460954481643522,"Johnny Depp is innocent🏴‍☠️
Free Palestine 🇵🇸",123,198,2075,1,ToughSeed,The Seed Of Truth,,https://pbs.twimg.com/profile_images/1440005109254066186/E-YYrxs6_normal.jpg,Land Of The Brave,
en,RT @JusticeSquad2: Yes I hope the next Mera will be able to do that without being a abusive husbandbeater....,464424709,1318846105216450561,2020-10-21T09:26:29.000Z,Twitter for iPhone,"[{'type': 'retweeted', 'id': '1318842414526652421'}]","[{'start': 39, 'end': 42, 'probability': 0.7262, 'type': 'Person', 'normalized_text': 'Mera'}]",,,3,0,0,0,en,"Love that Mera can be out there representing strong, badass women! https://t.co/MLbVG6kqpY",807003567605227520,1104401726277214209,"[{'start': 10, 'end': 13, 'probability': 0.6544, 'type': 'Person', 'normalized_text': 'Mera'}]","[{'start': 67, 'end': 90, 'url': 'https://t.co/MLbVG6kqpY', 'expanded_url': 'https://twitter.com/iTunes/status/1104154832246575104', 'display_url': 'twitter.com/iTunes/status/…'}]",2019-03-09T15:21:04.000Z,Twitter for iPhone,569,106,3402,27,"[{'type': 'quoted', 'id': '1104154832246575104'}]","Los Angeles, CA",2016-12-08T23:26:58.000Z,807003567605227520,"Actor and Activist, semi-professional disruptor, ice cream advocate and shameless teacup yorkie-lover",190357,220,1150,566,realamberheard,Amber Heard,https://t.co/Ze18Ek9SOI,https://pbs.twimg.com/profile_images/1383196364792680448/N8CdupEu_normal.jpg,2012-01-15T06:30:31.000Z,464424709,𝐀𝐧 𝐞𝐲𝐞 𝐟𝐨𝐫 𝐚𝐧 𝐞𝐲𝐞 𝐚𝐧𝐝 𝐚 𝐭𝐨𝐨𝐭𝐡 𝐟𝐨𝐫 𝐚 𝐭𝐨𝐨𝐭𝐡 #𝐉𝐮𝐬𝐭𝐢𝐜𝐞𝐅𝐨𝐫𝐉𝐨𝐡𝐧𝐧𝐲𝐃𝐞𝐩𝐩 #𝐀𝐦𝐛𝐞𝐫𝐇𝐞𝐚𝐫𝐝𝐥𝐬𝐀𝐋𝐢𝐚𝐫,535,935,73595,4,DJusticeforj,✩⋆˖ 🅜🅔🅖 ˖⋆✩,,https://pbs.twimg.com/profile_images/1502817245541842944/B-d0TTr3_normal.jpg,Earth,"[{'start': 3, 'end': 17, 'username': 'JusticeSquad2', 'id': '1259964873246531585'}]"
en,RT @JusticeSquad2: Yes I hope the next Mera will be able to do that without being a abusive husbandbeater....,1175002040998563841,1318845085501575170,2020-10-21T09:22:25.000Z,Twitter for Android,"[{'type': 'retweeted', 'id': '1318842414526652421'}]","[{'start': 39, 'end': 42, 'probability': 0.7262, 'type': 'Person', 'normalized_text': 'Mera'}]",,,3,0,0,0,en,"Love that Mera can be out there representing strong, badass women! https://t.co/MLbVG6kqpY",807003567605227520,1104401726277214209,"[{'start': 10, 'end': 13, 'probability': 0.6544, 'type': 'Person', 'normalized_text': 'Mera'}]","[{'start': 67, 'end': 90, 'url': 'https://t.co/MLbVG6kqpY', 'expanded_url': 'https://twitter.com/iTunes/status/1104154832246575104', 'display_url': 'twitter.com/iTunes/status/…'}]",2019-03-09T15:21:04.000Z,Twitter for iPhone,569,106,3402,27,"[{'type': 'quoted', 'id': '1104154832246575104'}]","Los Angeles, CA",2016-12-08T23:26:58.000Z,807003567605227520,"Actor and Activist, semi-professional disruptor, ice cream advocate and shameless teacup yorkie-lover",190357,220,1150,566,realamberheard,Amber Heard,https://t.co/Ze18Ek9SOI,https://pbs.twimg.com/profile_images/1383196364792680448/N8CdupEu_normal.jpg,2019-09-20T11:01:56.000Z,1175002040998563841,"Movies, music, pictures, poetry.🖤
Encounter with many people💞

Support the truth.
#JonnyDepp #JusticeForJohnnyDepp

The lie is not true.
#AmberHeardisAnAbuser",509,288,23759,2,Junkot94638419,Junko,,https://pbs.twimg.com/profile_images/1387071732704419840/LKFykt_V_normal.jpg,,"[{'start': 3, 'end': 17, 'username': 'JusticeSquad2', 'id': '1259964873246531585'}]"
en,RT @JusticeSquad2: Yes I hope the next Mera will be able to do that without being a abusive husbandbeater....,1296052257717399553,1318843403740844035,2020-10-21T09:15:45.000Z,Twitter for Android,"[{'type': 'retweeted', 'id': '1318842414526652421'}]","[{'start': 39, 'end': 42, 'probability': 0.7262, 'type': 'Person', 'normalized_text': 'Mera'}]",,,3,0,0,0,en,"Love that Mera can be out there representing strong, badass women! https://t.co/MLbVG6kqpY",807003567605227520,1104401726277214209,"[{'start': 10, 'end': 13, 'probability': 0.6544, 'type': 'Person', 'normalized_text': 'Mera'}]","[{'start': 67, 'end': 90, 'url': 'https://t.co/MLbVG6kqpY', 'expanded_url': 'https://twitter.com/iTunes/status/1104154832246575104', 'display_url': 'twitter.com/iTunes/status/…'}]",2019-03-09T15:21:04.000Z,Twitter for iPhone,569,106,3402,27,"[{'type': 'quoted', 'id': '1104154832246575104'}]","Los Angeles, CA",2016-12-08T23:26:58.000Z,807003567605227520,"Actor and Activist, semi-professional disruptor, ice cream advocate and shameless teacup yorkie-lover",190357,220,1150,566,realamberheard,Amber Heard,https://t.co/Ze18Ek9SOI,https://pbs.twimg.com/profile_images/1383196364792680448/N8CdupEu_normal.jpg,2020-08-19T11:51:59.000Z,1296052257717399553,"#IStandWithUkraine #JusticeForJohnnyDepp

I compiled many documents on Pinterest, visit to catch up or add more!",178,87,12129,1,bee_papaya,Papaya 🇺🇦,https://t.co/BhvtvTDYGk,https://pbs.twimg.com/profile_images/1428441313138122765/arcp81p1_normal.jpg,,"[{'start': 3, 'end': 17, 'username': 'JusticeSquad2', 'id': '1259964873246531585'}]"
en,Since when does being a strong badass mean that you abuse the people you're supposed to care about?? https://t.co/GKzfH0rAbz,1305476020091285504,1318843321494634496,2020-10-21T09:15:25.000Z,Twitter Web App,"[{'type': 'quoted', 'id': '1104401726277214209'}]",,"[{'start': 101, 'end': 124, 'url': 'https://t.co/GKzfH0rAbz', 'expanded_url': 'https://twitter.com/realamberheard/status/1104401726277214209', 'display_url': 'twitter.com/realamberheard…'}]",,0,0,3,0,en,"Love that Mera can be out there representing strong, badass women! https://t.co/MLbVG6kqpY",807003567605227520,1104401726277214209,"[{'start': 10, 'end': 13, 'probability': 0.6544, 'type': 'Person', 'normalized_text': 'Mera'}]","[{'start': 67, 'end': 90, 'url': 'https://t.co/MLbVG6kqpY', 'expanded_url': 'https://twitter.com/iTunes/status/1104154832246575104', 'display_url': 'twitter.com/iTunes/status/…'}]",2019-03-09T15:21:04.000Z,Twitter for iPhone,569,106,3402,27,"[{'type': 'quoted', 'id': '1104154832246575104'}]","Los Angeles, CA",2016-12-08T23:26:58.000Z,807003567605227520,"Actor and Activist, semi-professional disruptor, ice cream advocate and shameless teacup yorkie-lover",190357,220,1150,566,realamberheard,Amber Heard,https://t.co/Ze18Ek9SOI,https://pbs.twimg.com/profile_images/1383196364792680448/N8CdupEu_normal.jpg,2020-09-14T11:58:47.000Z,1305476020091285504,Musician & Artist,346,726,957,0,jgfkjsddslhfjsd,GOLDEN,https://t.co/CHXAI2TKv3,https://pbs.twimg.com/profile_images/1462054353057947654/PzZ-ieQt_normal.jpg,My mind,
en,Yes I hope the next Mera will be able to do that without being a abusive husbandbeater.... https://t.co/9YMHpj2AuO,1259964873246531585,1318842414526652421,2020-10-21T09:11:49.000Z,Twitter Web App,"[{'type': 'quoted', 'id': '1104401726277214209'}]","[{'start': 20, 'end': 23, 'probability': 0.7175, 'type': 'Person', 'normalized_text': 'Mera'}]","[{'start': 91, 'end': 114, 'url': 'https://t.co/9YMHpj2AuO', 'expanded_url': 'https://twitter.com/realamberheard/status/1104401726277214209', 'display_url': 'twitter.com/realamberheard…'}]",,3,3,59,2,en,"Love that Mera can be out there representing strong, badass women! https://t.co/MLbVG6kqpY",807003567605227520,1104401726277214209,"[{'start': 10, 'end': 13, 'probability': 0.6544, 'type': 'Person', 'normalized_text': 'Mera'}]","[{'start': 67, 'end': 90, 'url': 'https://t.co/MLbVG6kqpY', 'expanded_url': 'https://twitter.com/iTunes/status/1104154832246575104', 'display_url': 'twitter.com/iTunes/status/…'}]",2019-03-09T15:21:04.000Z,Twitter for iPhone,569,106,3402,27,"[{'type': 'quoted', 'id': '1104154832246575104'}]","Los Angeles, CA",2016-12-08T23:26:58.000Z,807003567605227520,"Actor and Activist, semi-professional disruptor, ice cream advocate and shameless teacup yorkie-lover",190357,220,1150,566,realamberheard,Amber Heard,https://t.co/Ze18Ek9SOI,https://pbs.twimg.com/profile_images/1383196364792680448/N8CdupEu_normal.jpg,2020-05-11T21:53:36.000Z,1259964873246531585,“ Fuggetaboutit “,1165,533,17702,8,JusticeSquad2,Justice4ALL,,https://pbs.twimg.com/profile_images/1475629625854214144/w8vgrU36_normal.jpg,,
en,"Just because your ""strong and badass"" doesn't mean you cut off your husband's finger, bitch. https://t.co/yKZKGUcmQf",1050388153985585152,1106452540328153089,2019-03-15T07:10:17.000Z,Twitter Web App,"[{'type': 'quoted', 'id': '1104401726277214209'}]",,"[{'start': 93, 'end': 116, 'url': 'https://t.co/yKZKGUcmQf', 'expanded_url': 'https://twitter.com/realamberheard/status/1104401726277214209', 'display_url': 'twitter.com/realamberheard…'}]",,0,0,2,0,en,"Love that Mera can be out there representing strong, badass women! https://t.co/MLbVG6kqpY",807003567605227520,1104401726277214209,"[{'start': 10, 'end': 13, 'probability': 0.6544, 'type': 'Person', 'normalized_text': 'Mera'}]","[{'start': 67, 'end': 90, 'url': 'https://t.co/MLbVG6kqpY', 'expanded_url': 'https://twitter.com/iTunes/status/1104154832246575104', 'display_url': 'twitter.com/iTunes/status/…'}]",2019-03-09T15:21:04.000Z,Twitter for iPhone,569,106,3402,27,"[{'type': 'quoted', 'id': '1104154832246575104'}]","Los Angeles, CA",2016-12-08T23:26:58.000Z,807003567605227520,"Actor and Activist, semi-professional disruptor, ice cream advocate and shameless teacup yorkie-lover",190357,220,1150,566,realamberheard,Amber Heard,https://t.co/Ze18Ek9SOI,https://pbs.twimg.com/profile_images/1383196364792680448/N8CdupEu_normal.jpg,2018-10-11T14:10:25.000Z,1050388153985585152,Minnesotan ⏺️ Bisexual ⏺️ Democrat,21,76,784,0,LaceyAmanda2,Lacey 🌸,,https://pbs.twimg.com/profile_images/1381800113069195270/KAQDLItM_normal.jpg,"Minnesota, USA",
en,"Girl, fuck you https://t.co/M1tjNsxyIj",177485704,1105834290254798848,2019-03-13T14:13:34.000Z,Twitter for Android,"[{'type': 'quoted', 'id': '1104401726277214209'}]",,"[{'start': 15, 'end': 38, 'url': 'https://t.co/M1tjNsxyIj', 'expanded_url': 'https://twitter.com/realamberheard/status/1104401726277214209', 'display_url': 'twitter.com/realamberheard…'}]",,0,1,1,0,en,"Love that Mera can be out there representing strong, badass women! https://t.co/MLbVG6kqpY",807003567605227520,1104401726277214209,"[{'start': 10, 'end': 13, 'probability': 0.6544, 'type': 'Person', 'normalized_text': 'Mera'}]","[{'start': 67, 'end': 90, 'url': 'https://t.co/MLbVG6kqpY', 'expanded_url': 'https://twitter.com/iTunes/status/1104154832246575104', 'display_url': 'twitter.com/iTunes/status/…'}]",2019-03-09T15:21:04.000Z,Twitter for iPhone,569,106,3402,27,"[{'type': 'quoted', 'id': '1104154832246575104'}]","Los Angeles, CA",2016-12-08T23:26:58.000Z,807003567605227520,"Actor and Activist, semi-professional disruptor, ice cream advocate and shameless teacup yorkie-lover",190357,220,1150,566,realamberheard,Amber Heard,https://t.co/Ze18Ek9SOI,https://pbs.twimg.com/profile_images/1383196364792680448/N8CdupEu_normal.jpg,2010-08-12T07:23:52.000Z,177485704,Software Engineer • Swiftie • MUFC • This is My Twitter Academia,901,393,282527,9,LordShecks,Shecӄardo,,https://pbs.twimg.com/profile_images/1495553908869062656/x6Sm3Y0i_normal.jpg,Aincrad,
en,"RT @OhMyEmz: Mera wouldn't abuse, manipulate and use her husband to be represented as a strong, badass woman. https://t.co/f1c29BtvlH",1608688128,1105765314422284288,2019-03-13T09:39:29.000Z,Twitter for iPhone,"[{'type': 'retweeted', 'id': '1105681885022306305'}]",,"[{'start': 110, 'end': 133, 'url': 'https://t.co/f1c29BtvlH', 'expanded_url': 'https://twitter.com/realamberheard/status/1104401726277214209', 'display_url': 'twitter.com/realamberheard…'}]",,4,0,0,0,en,"Love that Mera can be out there representing strong, badass women! https://t.co/MLbVG6kqpY",807003567605227520,1104401726277214209,"[{'start': 10, 'end': 13, 'probability': 0.6544, 'type': 'Person', 'normalized_text': 'Mera'}]","[{'start': 67, 'end': 90, 'url': 'https://t.co/MLbVG6kqpY', 'expanded_url': 'https://twitter.com/iTunes/status/1104154832246575104', 'display_url': 'twitter.com/iTunes/status/…'}]",2019-03-09T15:21:04.000Z,Twitter for iPhone,569,106,3402,27,"[{'type': 'quoted', 'id': '1104154832246575104'}]","Los Angeles, CA",2016-12-08T23:26:58.000Z,807003567605227520,"Actor and Activist, semi-professional disruptor, ice cream advocate and shameless teacup yorkie-lover",190357,220,1150,566,realamberheard,Amber Heard,https://t.co/Ze18Ek9SOI,https://pbs.twimg.com/profile_images/1383196364792680448/N8CdupEu_normal.jpg,2013-07-20T17:44:43.000Z,1608688128,Don’t slide into my dms unless we already talk plz. In my Trekkie era.,211,1851,49155,0,PheebyJeebies,PheebyJeebies beetch,,https://pbs.twimg.com/profile_images/1332311210503573506/tFV45ggo_normal.jpg,She/Her,"[{'start': 3, 'end': 11, 'username': 'OhMyEmz', 'id': '440821722'}]"
en,love pa naman kita but with all the lies. 😭💔 amber you really disappoint me 😭💔 https://t.co/WU5fhFeb5D,1307619626,1105754811234869249,2019-03-13T08:57:45.000Z,Twitter for Android,"[{'type': 'quoted', 'id': '1104401726277214209'}]",,"[{'start': 79, 'end': 102, 'url': 'https://t.co/WU5fhFeb5D', 'expanded_url': 'https://twitter.com/realamberheard/status/1104401726277214209', 'display_url': 'twitter.com/realamberheard…'}]",,0,0,0,0,en,"Love that Mera can be out there representing strong, badass women! https://t.co/MLbVG6kqpY",807003567605227520,1104401726277214209,"[{'start': 10, 'end': 13, 'probability': 0.6544, 'type': 'Person', 'normalized_text': 'Mera'}]","[{'start': 67, 'end': 90, 'url': 'https://t.co/MLbVG6kqpY', 'expanded_url': 'https://twitter.com/iTunes/status/1104154832246575104', 'display_url': 'twitter.com/iTunes/status/…'}]",2019-03-09T15:21:04.000Z,Twitter for iPhone,569,106,3402,27,"[{'type': 'quoted', 'id': '1104154832246575104'}]","Los Angeles, CA",2016-12-08T23:26:58.000Z,807003567605227520,"Actor and Activist, semi-professional disruptor, ice cream advocate and shameless teacup yorkie-lover",190357,220,1150,566,realamberheard,Amber Heard,https://t.co/Ze18Ek9SOI,https://pbs.twimg.com/profile_images/1383196364792680448/N8CdupEu_normal.jpg,2013-03-27T14:21:59.000Z,1307619626,To my home: BTS 💜,975,534,44213,4,btsjjkty,yourty⁷,,https://pbs.twimg.com/profile_images/1475898097880338432/jy0UGNTe_normal.jpg,she/her 00z,
en,"Hey Amber Heard, strong women don't go around abusing their loved ones. Neither do strong men. https://t.co/NkAFBuytJu",1898714304,1105725046658662401,2019-03-13T06:59:29.000Z,Twitter for Android,,"[{'start': 4, 'end': 8, 'probability': 0.8265, 'type': 'Person', 'normalized_text': 'Amber'}]","[{'start': 95, 'end': 118, 'url': 'https://t.co/NkAFBuytJu', 'expanded_url': 'https://twitter.com/realamberheard/status/1104401726277214209', 'display_url': 'twitter.com/realamberheard…'}]",,0,0,0,0,en,"Love that Mera can be out there representing strong, badass women! https://t.co/MLbVG6kqpY",807003567605227520,1104401726277214209,"[{'start': 10, 'end': 13, 'probability': 0.6544, 'type': 'Person', 'normalized_text': 'Mera'}]","[{'start': 67, 'end': 90, 'url': 'https://t.co/MLbVG6kqpY', 'expanded_url': 'https://twitter.com/iTunes/status/1104154832246575104', 'display_url': 'twitter.com/iTunes/status/…'}]",2019-03-09T15:21:04.000Z,Twitter for iPhone,569,106,3402,27,"[{'type': 'quoted', 'id': '1104154832246575104'}]","Los Angeles, CA",2016-12-08T23:26:58.000Z,807003567605227520,"Actor and Activist, semi-professional disruptor, ice cream advocate and shameless teacup yorkie-lover",190357,220,1150,566,realamberheard,Amber Heard,https://t.co/Ze18Ek9SOI,https://pbs.twimg.com/profile_images/1383196364792680448/N8CdupEu_normal.jpg,2013-09-24T00:06:37.000Z,1898714304,2nd Emperor of the United States of America and the Protector of Mexico and Ukrane.,98,184,7505,0,Knightwolf1994,Emperor Travis L. Henderson🇺🇸🇺🇦,,https://pbs.twimg.com/profile_images/1328873640981565441/ct6ELYYe_normal.jpg,"Houston, TX",
en,"RT @OhMyEmz: Mera wouldn't abuse, manipulate and use her husband to be represented as a strong, badass woman. https://t.co/f1c29BtvlH",1004986537,1105688297215414272,2019-03-13T04:33:27.000Z,Twitter for Android,"[{'type': 'retweeted', 'id': '1105681885022306305'}]",,"[{'start': 110, 'end': 133, 'url': 'https://t.co/f1c29BtvlH', 'expanded_url': 'https://twitter.com/realamberheard/status/1104401726277214209', 'display_url': 'twitter.com/realamberheard…'}]",,4,0,0,0,en,"Love that Mera can be out there representing strong, badass women! https://t.co/MLbVG6kqpY",807003567605227520,1104401726277214209,"[{'start': 10, 'end': 13, 'probability': 0.6544, 'type': 'Person', 'normalized_text': 'Mera'}]","[{'start': 67, 'end': 90, 'url': 'https://t.co/MLbVG6kqpY', 'expanded_url': 'https://twitter.com/iTunes/status/1104154832246575104', 'display_url': 'twitter.com/iTunes/status/…'}]",2019-03-09T15:21:04.000Z,Twitter for iPhone,569,106,3402,27,"[{'type': 'quoted', 'id': '1104154832246575104'}]","Los Angeles, CA",2016-12-08T23:26:58.000Z,807003567605227520,"Actor and Activist, semi-professional disruptor, ice cream advocate and shameless teacup yorkie-lover",190357,220,1150,566,realamberheard,Amber Heard,https://t.co/Ze18Ek9SOI,https://pbs.twimg.com/profile_images/1383196364792680448/N8CdupEu_normal.jpg,2012-12-11T22:01:05.000Z,1004986537,☆(she/her)☆  currently crying over The Untamed/MDZS/Wangxian while listening to Wuji 💚王一博💚 ❤肖战❤,2046,774,34222,31,wwuxianlovesong,Maggie🌸,,https://pbs.twimg.com/profile_images/1360436366308331521/1gaLauIz_normal.jpg,"Fontana, CA","[{'start': 3, 'end': 11, 'username': 'OhMyEmz', 'id': '440821722'}]"
en,"RT @OhMyEmz: Mera wouldn't abuse, manipulate and use her husband to be represented as a strong, badass woman. https://t.co/f1c29BtvlH",1066074927156142081,1105682382236061696,2019-03-13T04:09:57.000Z,Twitter for iPhone,"[{'type': 'retweeted', 'id': '1105681885022306305'}]",,"[{'start': 110, 'end': 133, 'url': 'https://t.co/f1c29BtvlH', 'expanded_url': 'https://twitter.com/realamberheard/status/1104401726277214209', 'display_url': 'twitter.com/realamberheard…'}]",,4,0,0,0,en,"Love that Mera can be out there representing strong, badass women! https://t.co/MLbVG6kqpY",807003567605227520,1104401726277214209,"[{'start': 10, 'end': 13, 'probability': 0.6544, 'type': 'Person', 'normalized_text': 'Mera'}]","[{'start': 67, 'end': 90, 'url': 'https://t.co/MLbVG6kqpY', 'expanded_url': 'https://twitter.com/iTunes/status/1104154832246575104', 'display_url': 'twitter.com/iTunes/status/…'}]",2019-03-09T15:21:04.000Z,Twitter for iPhone,569,106,3402,27,"[{'type': 'quoted', 'id': '1104154832246575104'}]","Los Angeles, CA",2016-12-08T23:26:58.000Z,807003567605227520,"Actor and Activist, semi-professional disruptor, ice cream advocate and shameless teacup yorkie-lover",190357,220,1150,566,realamberheard,Amber Heard,https://t.co/Ze18Ek9SOI,https://pbs.twimg.com/profile_images/1383196364792680448/N8CdupEu_normal.jpg,2018-11-23T21:04:04.000Z,1066074927156142081,"Well, I ain't using it. F-N, huh? Finn. I'm gonna call you Finn. Is that all right? @lokiurie",767,861,15861,12,rdjsdigbick,𝗣𝗼𝗲 𝗗𝗮𝗺𝗲𝗿𝗼𝗻,https://t.co/MaIbVo1LJg,https://pbs.twimg.com/profile_images/1248723473251393538/Vfdvk0Xz_normal.jpg,Yavin 4 ,"[{'start': 3, 'end': 11, 'username': 'OhMyEmz', 'id': '440821722'}]"
en,"Mera wouldn't abuse, manipulate and use her husband to be represented as a strong, badass woman. https://t.co/f1c29BtvlH",440821722,1105681885022306305,2019-03-13T04:07:58.000Z,Twitter for Android,"[{'type': 'quoted', 'id': '1104401726277214209'}]",,"[{'start': 97, 'end': 120, 'url': 'https://t.co/f1c29BtvlH', 'expanded_url': 'https://twitter.com/realamberheard/status/1104401726277214209', 'display_url': 'twitter.com/realamberheard…'}]",,4,1,17,0,en,"Love that Mera can be out there representing strong, badass women! https://t.co/MLbVG6kqpY",807003567605227520,1104401726277214209,"[{'start': 10, 'end': 13, 'probability': 0.6544, 'type': 'Person', 'normalized_text': 'Mera'}]","[{'start': 67, 'end': 90, 'url': 'https://t.co/MLbVG6kqpY', 'expanded_url': 'https://twitter.com/iTunes/status/1104154832246575104', 'display_url': 'twitter.com/iTunes/status/…'}]",2019-03-09T15:21:04.000Z,Twitter for iPhone,569,106,3402,27,"[{'type': 'quoted', 'id': '1104154832246575104'}]","Los Angeles, CA",2016-12-08T23:26:58.000Z,807003567605227520,"Actor and Activist, semi-professional disruptor, ice cream advocate and shameless teacup yorkie-lover",190357,220,1150,566,realamberheard,Amber Heard,https://t.co/Ze18Ek9SOI,https://pbs.twimg.com/profile_images/1383196364792680448/N8CdupEu_normal.jpg,2011-12-19T13:04:16.000Z,440821722,tattoo apprentice: @InkItEJ × backup: @OhMyEJ,6678,5693,67043,32,OhMyEmz,♡⸸ ej ⸸♡,https://t.co/8RxhAHOMPH,https://pbs.twimg.com/profile_images/1458912595449200648/FZrHge6W_normal.jpg,sheff 𓆝 𓆟 𓆞 she/her × 22 ,
en,RT @egaaqila: you took the strong and badass thing too far https://t.co/ZX07a7AFpU,172730762,1105656547462414336,2019-03-13T02:27:17.000Z,Twitter for Android,"[{'type': 'retweeted', 'id': '1105651284382617600'}]",,"[{'start': 59, 'end': 82, 'url': 'https://t.co/ZX07a7AFpU', 'expanded_url': 'https://twitter.com/realamberheard/status/1104401726277214209', 'display_url': 'twitter.com/realamberheard…'}]",,1,0,0,0,en,"Love that Mera can be out there representing strong, badass women! https://t.co/MLbVG6kqpY",807003567605227520,1104401726277214209,"[{'start': 10, 'end': 13, 'probability': 0.6544, 'type': 'Person', 'normalized_text': 'Mera'}]","[{'start': 67, 'end': 90, 'url': 'https://t.co/MLbVG6kqpY', 'expanded_url': 'https://twitter.com/iTunes/status/1104154832246575104', 'display_url': 'twitter.com/iTunes/status/…'}]",2019-03-09T15:21:04.000Z,Twitter for iPhone,569,106,3402,27,"[{'type': 'quoted', 'id': '1104154832246575104'}]","Los Angeles, CA",2016-12-08T23:26:58.000Z,807003567605227520,"Actor and Activist, semi-professional disruptor, ice cream advocate and shameless teacup yorkie-lover",190357,220,1150,566,realamberheard,Amber Heard,https://t.co/Ze18Ek9SOI,https://pbs.twimg.com/profile_images/1383196364792680448/N8CdupEu_normal.jpg,2010-07-30T13:12:35.000Z,172730762,"(넌 내 하나뿐인 태양 세상에 딱 하나)
\\ 💜💎 //",456,411,23701,0,muthiaptr,muthia⚡,https://t.co/qyFd6foWRG,https://pbs.twimg.com/profile_images/1482208834173431811/8rJeDlu2_normal.jpg,Indonesia,
en,you took the strong and badass thing too far https://t.co/ZX07a7AFpU,1534114291,1105651284382617600,2019-03-13T02:06:22.000Z,Twitter for Android,"[{'type': 'quoted', 'id': '1104401726277214209'}]",,"[{'start': 45, 'end': 68, 'url': 'https://t.co/ZX07a7AFpU', 'expanded_url': 'https://twitter.com/realamberheard/status/1104401726277214209', 'display_url': 'twitter.com/realamberheard…'}]",,1,0,0,0,en,"Love that Mera can be out there representing strong, badass women! https://t.co/MLbVG6kqpY",807003567605227520,1104401726277214209,"[{'start': 10, 'end': 13, 'probability': 0.6544, 'type': 'Person', 'normalized_text': 'Mera'}]","[{'start': 67, 'end': 90, 'url': 'https://t.co/MLbVG6kqpY', 'expanded_url': 'https://twitter.com/iTunes/status/1104154832246575104', 'display_url': 'twitter.com/iTunes/status/…'}]",2019-03-09T15:21:04.000Z,Twitter for iPhone,569,106,3402,27,"[{'type': 'quoted', 'id': '1104154832246575104'}]","Los Angeles, CA",2016-12-08T23:26:58.000Z,807003567605227520,"Actor and Activist, semi-professional disruptor, ice cream advocate and shameless teacup yorkie-lover",190357,220,1150,566,realamberheard,Amber Heard,https://t.co/Ze18Ek9SOI,https://pbs.twimg.com/profile_images/1383196364792680448/N8CdupEu_normal.jpg,2013-06-20T14:41:35.000Z,1534114291,a carbon atom,170,297,3170,0,egaaql,ega,,https://pbs.twimg.com/profile_images/1502172523982880771/3kgJAEBE_normal.jpg,,
en,Strong and badass women don't abuse people and cut their fingers off. https://t.co/qG0FBQ2R4e,1006204181114388480,1105542168402452481,2019-03-12T18:52:47.000Z,Twitter Web Client,"[{'type': 'quoted', 'id': '1104401726277214209'}]",,"[{'start': 70, 'end': 93, 'url': 'https://t.co/qG0FBQ2R4e', 'expanded_url': 'https://twitter.com/realamberheard/status/1104401726277214209', 'display_url': 'twitter.com/realamberheard…'}]",,0,0,10,0,en,"Love that Mera can be out there representing strong, badass women! https://t.co/MLbVG6kqpY",807003567605227520,1104401726277214209,"[{'start': 10, 'end': 13, 'probability': 0.6544, 'type': 'Person', 'normalized_text': 'Mera'}]","[{'start': 67, 'end': 90, 'url': 'https://t.co/MLbVG6kqpY', 'expanded_url': 'https://twitter.com/iTunes/status/1104154832246575104', 'display_url': 'twitter.com/iTunes/status/…'}]",2019-03-09T15:21:04.000Z,Twitter for iPhone,569,106,3402,27,"[{'type': 'quoted', 'id': '1104154832246575104'}]","Los Angeles, CA",2016-12-08T23:26:58.000Z,807003567605227520,"Actor and Activist, semi-professional disruptor, ice cream advocate and shameless teacup yorkie-lover",190357,220,1150,566,realamberheard,Amber Heard,https://t.co/Ze18Ek9SOI,https://pbs.twimg.com/profile_images/1383196364792680448/N8CdupEu_normal.jpg,2018-06-11T15:59:05.000Z,1006204181114388480,,3013,3077,53534,26,BOLLYCHEOL,17's izzy ✡︎,https://t.co/990cdt6NqE,https://pbs.twimg.com/profile_images/1501718336048148490/Wkj4VZsE_normal.jpg,she21they,
en,Sadly she got portrayed by you. https://t.co/tr2zrk8vGd,1105471613745676290,1105493754172108800,2019-03-12T15:40:24.000Z,Twitter for iPhone,"[{'type': 'quoted', 'id': '1104401726277214209'}]",,"[{'start': 32, 'end': 55, 'url': 'https://t.co/tr2zrk8vGd', 'expanded_url': 'https://twitter.com/realamberheard/status/1104401726277214209', 'display_url': 'twitter.com/realamberheard…'}]",,0,0,1,0,en,"Love that Mera can be out there representing strong, badass women! https://t.co/MLbVG6kqpY",807003567605227520,1104401726277214209,"[{'start': 10, 'end': 13, 'probability': 0.6544, 'type': 'Person', 'normalized_text': 'Mera'}]","[{'start': 67, 'end': 90, 'url': 'https://t.co/MLbVG6kqpY', 'expanded_url': 'https://twitter.com/iTunes/status/1104154832246575104', 'display_url': 'twitter.com/iTunes/status/…'}]",2019-03-09T15:21:04.000Z,Twitter for iPhone,569,106,3402,27,"[{'type': 'quoted', 'id': '1104154832246575104'}]","Los Angeles, CA",2016-12-08T23:26:58.000Z,807003567605227520,"Actor and Activist, semi-professional disruptor, ice cream advocate and shameless teacup yorkie-lover",190357,220,1150,566,realamberheard,Amber Heard,https://t.co/Ze18Ek9SOI,https://pbs.twimg.com/profile_images/1383196364792680448/N8CdupEu_normal.jpg,2019-03-12T14:12:26.000Z,1105471613745676290,| 🇵🇷 |                                       wanted to join the place where all the hypocrites live      • after all this time? always •,30,52,2246,0,clarksskents,valeria,,https://pbs.twimg.com/profile_images/1434273615432798209/PqjZllGT_normal.jpg,,
en,Will watch this again 👏🏻👏🏻👏🏻 https://t.co/EOygvSUyh7,946046588522082304,1104730944756281344,2019-03-10T13:09:16.000Z,Twitter for Android,"[{'type': 'quoted', 'id': '1104401726277214209'}]",,"[{'start': 29, 'end': 52, 'url': 'https://t.co/EOygvSUyh7', 'expanded_url': 'https://twitter.com/realamberheard/status/1104401726277214209', 'display_url': 'twitter.com/realamberheard…'}]",,0,0,0,0,en,"Love that Mera can be out there representing strong, badass women! https://t.co/MLbVG6kqpY",807003567605227520,1104401726277214209,"[{'start': 10, 'end': 13, 'probability': 0.6544, 'type': 'Person', 'normalized_text': 'Mera'}]","[{'start': 67, 'end': 90, 'url': 'https://t.co/MLbVG6kqpY', 'expanded_url': 'https://twitter.com/iTunes/status/1104154832246575104', 'display_url': 'twitter.com/iTunes/status/…'}]",2019-03-09T15:21:04.000Z,Twitter for iPhone,569,106,3402,27,"[{'type': 'quoted', 'id': '1104154832246575104'}]","Los Angeles, CA",2016-12-08T23:26:58.000Z,807003567605227520,"Actor and Activist, semi-professional disruptor, ice cream advocate and shameless teacup yorkie-lover",190357,220,1150,566,realamberheard,Amber Heard,https://t.co/Ze18Ek9SOI,https://pbs.twimg.com/profile_images/1383196364792680448/N8CdupEu_normal.jpg,2017-12-27T15:54:18.000Z,946046588522082304,"💻🥊🎮💰🏦 |
Pubg Account | Linkedin: mnlmajadas | IG: majadasm",9,75,397,0,majadasmn,N 🤷‍♀️,,https://pbs.twimg.com/profile_images/1152186324847251456/EHvbhs0v_normal.jpg,,
en,So do I. https://t.co/UTaGlTmvPO,1078939598972014592,1104614326910873601,2019-03-10T05:25:52.000Z,Twitter for Android,"[{'type': 'quoted', 'id': '1104401726277214209'}]",,"[{'start': 9, 'end': 32, 'url': 'https://t.co/UTaGlTmvPO', 'expanded_url': 'https://twitter.com/realamberheard/status/1104401726277214209', 'display_url': 'twitter.com/realamberheard…'}]",,0,0,0,0,en,"Love that Mera can be out there representing strong, badass women! https://t.co/MLbVG6kqpY",807003567605227520,1104401726277214209,"[{'start': 10, 'end': 13, 'probability': 0.6544, 'type': 'Person', 'normalized_text': 'Mera'}]","[{'start': 67, 'end': 90, 'url': 'https://t.co/MLbVG6kqpY', 'expanded_url': 'https://twitter.com/iTunes/status/1104154832246575104', 'display_url': 'twitter.com/iTunes/status/…'}]",2019-03-09T15:21:04.000Z,Twitter for iPhone,569,106,3402,27,"[{'type': 'quoted', 'id': '1104154832246575104'}]","Los Angeles, CA",2016-12-08T23:26:58.000Z,807003567605227520,"Actor and Activist, semi-professional disruptor, ice cream advocate and shameless teacup yorkie-lover",190357,220,1150,566,realamberheard,Amber Heard,https://t.co/Ze18Ek9SOI,https://pbs.twimg.com/profile_images/1383196364792680448/N8CdupEu_normal.jpg,2018-12-29T09:03:40.000Z,1078939598972014592,"LJ - They/Him - Australia

#istandwithukraine",65,204,724,0,cdrvlantar,Commander (They/Him),,https://pbs.twimg.com/profile_images/1349866306208628737/bR9-Bt_I_normal.jpg,Vulcan,
en,Yeah mera could but you abusive dirt cannot. https://t.co/HycNmQdPkp,934532932445900801,1104580657089515520,2019-03-10T03:12:05.000Z,Twitter for iPhone,"[{'type': 'quoted', 'id': '1104401726277214209'}]",,"[{'start': 45, 'end': 68, 'url': 'https://t.co/HycNmQdPkp', 'expanded_url': 'https://twitter.com/realamberheard/status/1104401726277214209', 'display_url': 'twitter.com/realamberheard…'}]",,0,0,1,0,en,"Love that Mera can be out there representing strong, badass women! https://t.co/MLbVG6kqpY",807003567605227520,1104401726277214209,"[{'start': 10, 'end': 13, 'probability': 0.6544, 'type': 'Person', 'normalized_text': 'Mera'}]","[{'start': 67, 'end': 90, 'url': 'https://t.co/MLbVG6kqpY', 'expanded_url': 'https://twitter.com/iTunes/status/1104154832246575104', 'display_url': 'twitter.com/iTunes/status/…'}]",2019-03-09T15:21:04.000Z,Twitter for iPhone,569,106,3402,27,"[{'type': 'quoted', 'id': '1104154832246575104'}]","Los Angeles, CA",2016-12-08T23:26:58.000Z,807003567605227520,"Actor and Activist, semi-professional disruptor, ice cream advocate and shameless teacup yorkie-lover",190357,220,1150,566,realamberheard,Amber Heard,https://t.co/Ze18Ek9SOI,https://pbs.twimg.com/profile_images/1383196364792680448/N8CdupEu_normal.jpg,2017-11-25T21:23:08.000Z,934532932445900801,,31,152,3676,0,zamazingooov,n,,https://pbs.twimg.com/profile_images/1168785161523257345/4IPn0GU8_normal.jpg,,
en,I Become a lesbian when I watch this movie...... 😂 @Probosu @uhdinaaa https://t.co/vYHEZ3KvuR,867431030,1104464685309485057,2019-03-09T19:31:15.000Z,Twitter for Android,"[{'type': 'quoted', 'id': '1104401726277214209'}]",,"[{'start': 70, 'end': 93, 'url': 'https://t.co/vYHEZ3KvuR', 'expanded_url': 'https://twitter.com/realamberheard/status/1104401726277214209', 'display_url': 'twitter.com/realamberheard…'}]",,0,0,0,0,en,"Love that Mera can be out there representing strong, badass women! https://t.co/MLbVG6kqpY",807003567605227520,1104401726277214209,"[{'start': 10, 'end': 13, 'probability': 0.6544, 'type': 'Person', 'normalized_text': 'Mera'}]","[{'start': 67, 'end': 90, 'url': 'https://t.co/MLbVG6kqpY', 'expanded_url': 'https://twitter.com/iTunes/status/1104154832246575104', 'display_url': 'twitter.com/iTunes/status/…'}]",2019-03-09T15:21:04.000Z,Twitter for iPhone,569,106,3402,27,"[{'type': 'quoted', 'id': '1104154832246575104'}]","Los Angeles, CA",2016-12-08T23:26:58.000Z,807003567605227520,"Actor and Activist, semi-professional disruptor, ice cream advocate and shameless teacup yorkie-lover",190357,220,1150,566,realamberheard,Amber Heard,https://t.co/Ze18Ek9SOI,https://pbs.twimg.com/profile_images/1383196364792680448/N8CdupEu_normal.jpg,2012-10-08T04:46:43.000Z,867431030,,26,284,5208,0,aberlinis,Christian Amithaba is Tee Wan Lin,,https://pbs.twimg.com/profile_images/1120738539166060545/_VdS2Wto_normal.jpg,Singapore,"[{'start': 51, 'end': 59, 'username': 'Probosu', 'id': '109826824'}]"
en,I love Mera I hope she represents all women not just the ones with confidence but the one's who are not as confident they really need someone to look up to https://t.co/s2ApOlZPIW,1295911188,1104410859231723521,2019-03-09T15:57:22.000Z,Twitter for Android,"[{'type': 'quoted', 'id': '1104401726277214209'}]","[{'start': 7, 'end': 10, 'probability': 0.5252, 'type': 'Person', 'normalized_text': 'Mera'}]","[{'start': 156, 'end': 179, 'url': 'https://t.co/s2ApOlZPIW', 'expanded_url': 'https://twitter.com/realamberheard/status/1104401726277214209', 'display_url': 'twitter.com/realamberheard…'}]",,0,0,0,0,en,"Love that Mera can be out there representing strong, badass women! https://t.co/MLbVG6kqpY",807003567605227520,1104401726277214209,"[{'start': 10, 'end': 13, 'probability': 0.6544, 'type': 'Person', 'normalized_text': 'Mera'}]","[{'start': 67, 'end': 90, 'url': 'https://t.co/MLbVG6kqpY', 'expanded_url': 'https://twitter.com/iTunes/status/1104154832246575104', 'display_url': 'twitter.com/iTunes/status/…'}]",2019-03-09T15:21:04.000Z,Twitter for iPhone,569,106,3402,27,"[{'type': 'quoted', 'id': '1104154832246575104'}]","Los Angeles, CA",2016-12-08T23:26:58.000Z,807003567605227520,"Actor and Activist, semi-professional disruptor, ice cream advocate and shameless teacup yorkie-lover",190357,220,1150,566,realamberheard,Amber Heard,https://t.co/Ze18Ek9SOI,https://pbs.twimg.com/profile_images/1383196364792680448/N8CdupEu_normal.jpg,2013-03-24T16:59:44.000Z,1295911188,ayia Napa reality star I write direct and star in my own plays here in Cyprus I'm still seeing a shrink after 6 months in Hollywood 🤣,1616,3752,476368,65,MOVIESTVMAD,Mick minas,,https://pbs.twimg.com/profile_images/1357986248347029507/kG9CMYy5_normal.jpg,Cyprus,
es,Ahhhhh muero!!!!! Mis damas las amo. ❤️ ❤️ ❤️ ❤️ ❤️ ❤️ ❤️ ❤️ https://t.co/S11Hpg3m33,820329816683585536,1104403886150946816,2019-03-09T15:29:39.000Z,Twitter Web App,"[{'type': 'quoted', 'id': '1104401726277214209'}]",,"[{'start': 61, 'end': 84, 'url': 'https://t.co/S11Hpg3m33', 'expanded_url': 'https://twitter.com/realamberheard/status/1104401726277214209', 'display_url': 'twitter.com/realamberheard…'}]",,0,0,0,0,en,"Love that Mera can be out there representing strong, badass women! https://t.co/MLbVG6kqpY",807003567605227520,1104401726277214209,"[{'start': 10, 'end': 13, 'probability': 0.6544, 'type': 'Person', 'normalized_text': 'Mera'}]","[{'start': 67, 'end': 90, 'url': 'https://t.co/MLbVG6kqpY', 'expanded_url': 'https://twitter.com/iTunes/status/1104154832246575104', 'display_url': 'twitter.com/iTunes/status/…'}]",2019-03-09T15:21:04.000Z,Twitter for iPhone,569,106,3402,27,"[{'type': 'quoted', 'id': '1104154832246575104'}]","Los Angeles, CA",2016-12-08T23:26:58.000Z,807003567605227520,"Actor and Activist, semi-professional disruptor, ice cream advocate and shameless teacup yorkie-lover",190357,220,1150,566,realamberheard,Amber Heard,https://t.co/Ze18Ek9SOI,https://pbs.twimg.com/profile_images/1383196364792680448/N8CdupEu_normal.jpg,2017-01-14T18:00:44.000Z,820329816683585536,✨,204,167,20837,2,Mari25162200,🎯 ScarletWidow ❤,,https://pbs.twimg.com/profile_images/1502026954974937099/EjnSiUox_normal.jpg,Argentina,
es,YAS QUEEN https://t.co/pLpYWiI6bZ,53396871,1104401962185834497,2019-03-09T15:22:01.000Z,Twitter for Android,"[{'type': 'quoted', 'id': '1104401726277214209'}]",,"[{'start': 10, 'end': 33, 'url': 'https://t.co/pLpYWiI6bZ', 'expanded_url': 'https://twitter.com/realamberheard/status/1104401726277214209', 'display_url': 'twitter.com/realamberheard…'}]",,0,0,0,0,en,"Love that Mera can be out there representing strong, badass women! https://t.co/MLbVG6kqpY",807003567605227520,1104401726277214209,"[{'start': 10, 'end': 13, 'probability': 0.6544, 'type': 'Person', 'normalized_text': 'Mera'}]","[{'start': 67, 'end': 90, 'url': 'https://t.co/MLbVG6kqpY', 'expanded_url': 'https://twitter.com/iTunes/status/1104154832246575104', 'display_url': 'twitter.com/iTunes/status/…'}]",2019-03-09T15:21:04.000Z,Twitter for iPhone,569,106,3402,27,"[{'type': 'quoted', 'id': '1104154832246575104'}]","Los Angeles, CA",2016-12-08T23:26:58.000Z,807003567605227520,"Actor and Activist, semi-professional disruptor, ice cream advocate and shameless teacup yorkie-lover",190357,220,1150,566,realamberheard,Amber Heard,https://t.co/Ze18Ek9SOI,https://pbs.twimg.com/profile_images/1383196364792680448/N8CdupEu_normal.jpg,2009-07-03T14:22:11.000Z,53396871,Twilight Saga 🍎 | Kristen Stewart | Robert Pattinson | Amber Heard | Aubrey Plaza | Tatiana Maslany | Bibliophile 📚,2231,285,154451,119,thomasLUVjaymes,StewHeardPlazaMaslanyComer,https://t.co/xTmm4XxELk,https://pbs.twimg.com/profile_images/1401236727381958660/8lMutoqv_normal.jpg,,
