author_id,lang,source,referenced_tweets,created_at,text,id,entities.mentions,public_metrics.retweet_count,public_metrics.reply_count,public_metrics.like_count,public_metrics.quote_count,quoted_tweet.author_id,quoted_tweet.entities.annotations,quoted_tweet.entities.mentions,quoted_tweet.lang,quoted_tweet.source,quoted_tweet.in_reply_to_user_id,quoted_tweet.referenced_tweets,quoted_tweet.created_at,quoted_tweet.text,quoted_tweet.id,quoted_tweet.public_metrics.retweet_count,quoted_tweet.public_metrics.reply_count,quoted_tweet.public_metrics.like_count,quoted_tweet.public_metrics.quote_count,quoted_tweet.author.username,quoted_tweet.author.created_at,quoted_tweet.author.profile_image_url,quoted_tweet.author.name,quoted_tweet.author.public_metrics.followers_count,quoted_tweet.author.public_metrics.following_count,quoted_tweet.author.public_metrics.tweet_count,quoted_tweet.author.public_metrics.listed_count,quoted_tweet.author.description,quoted_tweet.author.id,quoted_tweet.author.url,quoted_tweet.author.location,author.username,author.created_at,author.profile_image_url,author.name,author.public_metrics.followers_count,author.public_metrics.following_count,author.public_metrics.tweet_count,author.public_metrics.listed_count,author.description,author.id,author.url,author.location,entities.hashtags,entities.urls,entities.annotations
940459573105823744,en,Twitter for Android,"[{'type': 'retweeted', 'id': '1107029039020236801'}]",2019-04-10T04:12:29.000Z,RT @ma_franks: Grateful for @realamberheard's righteous rage against digital violence and her ongoing support for the victims of online abu…,1115829880464265221,"[{'start': 3, 'end': 13, 'username': 'ma_franks', 'id': '1930971006'}, {'start': 28, 'end': 43, 'username': 'realamberheard', 'id': '807003567605227520'}]",15,0,0,0,807003567605227520,"[{'start': 30, 'end': 35, 'probability': 0.5705, 'type': 'Organization', 'normalized_text': 'Reddit'}, {'start': 38, 'end': 44, 'probability': 0.527, 'type': 'Product', 'normalized_text': 'Twitter'}]","[{'start': 165, 'end': 175, 'username': 'ma_franks', 'id': '1930971006'}]",en,Twitter for iPad,807003567605227520,"[{'type': 'replied_to', 'id': '1107013874233020416'}]",2019-03-16T20:23:32.000Z,"Social media platforms, incl. Reddit, Twitter etc r either unwilling or unable to effectively enforce standards against digital violence and hate speech. I agree w/ @ma_franks when she says these cos.have blood on their hands too",1107014558533799937,47,71,478,8,realamberheard,2016-12-08T23:26:58.000Z,https://pbs.twimg.com/profile_images/1383196364792680448/N8CdupEu_normal.jpg,Amber Heard,190356,220,1150,566,"Actor and Activist, semi-professional disruptor, ice cream advocate and shameless teacup yorkie-lover",807003567605227520,https://t.co/Ze18Ek9SOI,"Los Angeles, CA",RealMukul,2017-12-12T05:53:29.000Z,https://pbs.twimg.com/profile_images/1478739279056556039/0Kn_xg4O_normal.jpg,MUKUL,1373,997,37394,15,"| \W/estworld |

he/him | Fan Account |
#IStandWithAmberHeard
#IStandWithUkraine",940459573105823744,,,,,
847762217546137600,en,Twitter Web App,"[{'type': 'retweeted', 'id': '1107029039020236801'}]",2019-04-10T04:10:18.000Z,RT @ma_franks: Grateful for @realamberheard's righteous rage against digital violence and her ongoing support for the victims of online abu…,1115829332960788481,"[{'start': 3, 'end': 13, 'username': 'ma_franks', 'id': '1930971006'}, {'start': 28, 'end': 43, 'username': 'realamberheard', 'id': '807003567605227520'}]",15,0,0,0,807003567605227520,"[{'start': 30, 'end': 35, 'probability': 0.5705, 'type': 'Organization', 'normalized_text': 'Reddit'}, {'start': 38, 'end': 44, 'probability': 0.527, 'type': 'Product', 'normalized_text': 'Twitter'}]","[{'start': 165, 'end': 175, 'username': 'ma_franks', 'id': '1930971006'}]",en,Twitter for iPad,807003567605227520,"[{'type': 'replied_to', 'id': '1107013874233020416'}]",2019-03-16T20:23:32.000Z,"Social media platforms, incl. Reddit, Twitter etc r either unwilling or unable to effectively enforce standards against digital violence and hate speech. I agree w/ @ma_franks when she says these cos.have blood on their hands too",1107014558533799937,47,71,478,8,realamberheard,2016-12-08T23:26:58.000Z,https://pbs.twimg.com/profile_images/1383196364792680448/N8CdupEu_normal.jpg,Amber Heard,190356,220,1150,566,"Actor and Activist, semi-professional disruptor, ice cream advocate and shameless teacup yorkie-lover",807003567605227520,https://t.co/Ze18Ek9SOI,"Los Angeles, CA",XTinaTaft,2017-03-31T10:47:18.000Z,https://pbs.twimg.com/profile_images/1180185247884824576/3Zvt_F6Y_normal.jpg,Christina Taft 🧬CEO🏖🎶✈️,2651,4555,32732,21,#Founder Social Media for Good ~ https://t.co/7SykGO7PSU🚀Better World #CEO✈Innovator🎉#Egalitarian🎸#Entrepreneur🐬#Tech🏖#Futurist💡#Motivationology☀️#Data🧡#WomenInPower,847762217546137600,https://t.co/7SykGO7PSU,Worldie.com & International 🚀,,,
3916455745,en,Twitter for iPhone,"[{'type': 'quoted', 'id': '1107014558533799937'}]",2019-03-25T13:05:28.000Z,Digital Violence? You’re an abusive scumbag who openly mocked victims of domestic violence.... good luck with those tapes in court.  #ImWithJohnnyDepp https://t.co/RHIH9t87T0,1110165805675606016,,0,0,0,0,807003567605227520,"[{'start': 30, 'end': 35, 'probability': 0.5705, 'type': 'Organization', 'normalized_text': 'Reddit'}, {'start': 38, 'end': 44, 'probability': 0.527, 'type': 'Product', 'normalized_text': 'Twitter'}]","[{'start': 165, 'end': 175, 'username': 'ma_franks', 'id': '1930971006'}]",en,Twitter for iPad,807003567605227520,"[{'type': 'replied_to', 'id': '1107013874233020416'}]",2019-03-16T20:23:32.000Z,"Social media platforms, incl. Reddit, Twitter etc r either unwilling or unable to effectively enforce standards against digital violence and hate speech. I agree w/ @ma_franks when she says these cos.have blood on their hands too",1107014558533799937,47,71,478,8,realamberheard,2016-12-08T23:26:58.000Z,https://pbs.twimg.com/profile_images/1383196364792680448/N8CdupEu_normal.jpg,Amber Heard,190356,220,1150,566,"Actor and Activist, semi-professional disruptor, ice cream advocate and shameless teacup yorkie-lover",807003567605227520,https://t.co/Ze18Ek9SOI,"Los Angeles, CA",ochocelio,2015-10-16T18:17:09.000Z,https://pbs.twimg.com/profile_images/1504998415154835459/GapFLEs6_normal.jpg,Eric Celio,426,880,9286,2,Entrepreneur | Real Estate | @HussoleHouseR | @SwiftLifestyles | AMG | All opinions are my own,3916455745,https://t.co/xxrdGHomqN,"Boulder, CO","[{'start': 133, 'end': 150, 'tag': 'ImWithJohnnyDepp'}]","[{'start': 151, 'end': 174, 'url': 'https://t.co/RHIH9t87T0', 'expanded_url': 'https://twitter.com/realamberheard/status/1107014558533799937', 'display_url': 'twitter.com/realamberheard…'}]",
954812137666371584,en,Twitter for iPhone,"[{'type': 'retweeted', 'id': '1108543127755857920'}]",2019-03-21T01:59:10.000Z,"RT @OhMyEmz: Imagine standing up towards violence when you abused your husband and ex-girlfriend, manipulated your husband with an alcohol…",1108548574294401024,"[{'start': 3, 'end': 11, 'username': 'OhMyEmz', 'id': '440821722'}]",3,0,0,0,807003567605227520,"[{'start': 30, 'end': 35, 'probability': 0.5705, 'type': 'Organization', 'normalized_text': 'Reddit'}, {'start': 38, 'end': 44, 'probability': 0.527, 'type': 'Product', 'normalized_text': 'Twitter'}]","[{'start': 165, 'end': 175, 'username': 'ma_franks', 'id': '1930971006'}]",en,Twitter for iPad,807003567605227520,"[{'type': 'replied_to', 'id': '1107013874233020416'}]",2019-03-16T20:23:32.000Z,"Social media platforms, incl. Reddit, Twitter etc r either unwilling or unable to effectively enforce standards against digital violence and hate speech. I agree w/ @ma_franks when she says these cos.have blood on their hands too",1107014558533799937,47,71,478,8,realamberheard,2016-12-08T23:26:58.000Z,https://pbs.twimg.com/profile_images/1383196364792680448/N8CdupEu_normal.jpg,Amber Heard,190356,220,1150,566,"Actor and Activist, semi-professional disruptor, ice cream advocate and shameless teacup yorkie-lover",807003567605227520,https://t.co/Ze18Ek9SOI,"Los Angeles, CA",cinemadicz,2018-01-20T20:25:27.000Z,https://pbs.twimg.com/profile_images/1426972656482484227/tpcLUAJ9_normal.jpg,lei ✨,284,225,9662,4,glorious purpose ♡ she|they,954812137666371584,https://t.co/TGCEuTmkJQ,18,,,
1608688128,en,Twitter for iPhone,"[{'type': 'retweeted', 'id': '1108543127755857920'}]",2019-03-21T01:52:09.000Z,"RT @OhMyEmz: Imagine standing up towards violence when you abused your husband and ex-girlfriend, manipulated your husband with an alcohol…",1108546806164672512,"[{'start': 3, 'end': 11, 'username': 'OhMyEmz', 'id': '440821722'}]",3,0,0,0,807003567605227520,"[{'start': 30, 'end': 35, 'probability': 0.5705, 'type': 'Organization', 'normalized_text': 'Reddit'}, {'start': 38, 'end': 44, 'probability': 0.527, 'type': 'Product', 'normalized_text': 'Twitter'}]","[{'start': 165, 'end': 175, 'username': 'ma_franks', 'id': '1930971006'}]",en,Twitter for iPad,807003567605227520,"[{'type': 'replied_to', 'id': '1107013874233020416'}]",2019-03-16T20:23:32.000Z,"Social media platforms, incl. Reddit, Twitter etc r either unwilling or unable to effectively enforce standards against digital violence and hate speech. I agree w/ @ma_franks when she says these cos.have blood on their hands too",1107014558533799937,47,71,478,8,realamberheard,2016-12-08T23:26:58.000Z,https://pbs.twimg.com/profile_images/1383196364792680448/N8CdupEu_normal.jpg,Amber Heard,190356,220,1150,566,"Actor and Activist, semi-professional disruptor, ice cream advocate and shameless teacup yorkie-lover",807003567605227520,https://t.co/Ze18Ek9SOI,"Los Angeles, CA",PheebyJeebies,2013-07-20T17:44:43.000Z,https://pbs.twimg.com/profile_images/1332311210503573506/tFV45ggo_normal.jpg,PheebyJeebies beetch,211,1851,49155,3,Don’t slide into my dms unless we already talk plz. In my Trekkie era.,1608688128,,She/Her,,,
4045673079,en,Twitter Web Client,"[{'type': 'retweeted', 'id': '1108543127755857920'}]",2019-03-21T01:40:24.000Z,"RT @OhMyEmz: Imagine standing up towards violence when you abused your husband and ex-girlfriend, manipulated your husband with an alcohol…",1108543851306934272,"[{'start': 3, 'end': 11, 'username': 'OhMyEmz', 'id': '440821722'}]",3,0,0,0,807003567605227520,"[{'start': 30, 'end': 35, 'probability': 0.5705, 'type': 'Organization', 'normalized_text': 'Reddit'}, {'start': 38, 'end': 44, 'probability': 0.527, 'type': 'Product', 'normalized_text': 'Twitter'}]","[{'start': 165, 'end': 175, 'username': 'ma_franks', 'id': '1930971006'}]",en,Twitter for iPad,807003567605227520,"[{'type': 'replied_to', 'id': '1107013874233020416'}]",2019-03-16T20:23:32.000Z,"Social media platforms, incl. Reddit, Twitter etc r either unwilling or unable to effectively enforce standards against digital violence and hate speech. I agree w/ @ma_franks when she says these cos.have blood on their hands too",1107014558533799937,47,71,478,8,realamberheard,2016-12-08T23:26:58.000Z,https://pbs.twimg.com/profile_images/1383196364792680448/N8CdupEu_normal.jpg,Amber Heard,190356,220,1150,566,"Actor and Activist, semi-professional disruptor, ice cream advocate and shameless teacup yorkie-lover",807003567605227520,https://t.co/Ze18Ek9SOI,"Los Angeles, CA",xfumble_falls,2015-10-26T11:09:40.000Z,https://pbs.twimg.com/profile_images/1499884556769501185/D9jgG12F_normal.jpg,Ikaris/Jasper ✸ ✧*｡,1244,3730,50850,15,Ikaris/Eli/Jasper || 22 || Multifandom account || Matching with @Temmie0nePilots 💍 || Header art by: @godsafuckinnerd,4045673079,https://t.co/1ZeQqNFvcz,they/he • pansexual,,,
440821722,en,Twitter for Android,"[{'type': 'quoted', 'id': '1107014558533799937'}]",2019-03-21T01:37:32.000Z,"Imagine standing up towards violence when you abused your husband and ex-girlfriend, manipulated your husband with an alcohol addiction and then lied and twisted it to make you look the victim for everyone to hate him.

Hypocrisy at its finest. Scum. Get the fuck outta here. https://t.co/2FPABERsNA",1108543127755857920,,3,0,5,0,807003567605227520,"[{'start': 30, 'end': 35, 'probability': 0.5705, 'type': 'Organization', 'normalized_text': 'Reddit'}, {'start': 38, 'end': 44, 'probability': 0.527, 'type': 'Product', 'normalized_text': 'Twitter'}]","[{'start': 165, 'end': 175, 'username': 'ma_franks', 'id': '1930971006'}]",en,Twitter for iPad,807003567605227520,"[{'type': 'replied_to', 'id': '1107013874233020416'}]",2019-03-16T20:23:32.000Z,"Social media platforms, incl. Reddit, Twitter etc r either unwilling or unable to effectively enforce standards against digital violence and hate speech. I agree w/ @ma_franks when she says these cos.have blood on their hands too",1107014558533799937,47,71,478,8,realamberheard,2016-12-08T23:26:58.000Z,https://pbs.twimg.com/profile_images/1383196364792680448/N8CdupEu_normal.jpg,Amber Heard,190356,220,1150,566,"Actor and Activist, semi-professional disruptor, ice cream advocate and shameless teacup yorkie-lover",807003567605227520,https://t.co/Ze18Ek9SOI,"Los Angeles, CA",OhMyEmz,2011-12-19T13:04:16.000Z,https://pbs.twimg.com/profile_images/1458912595449200648/FZrHge6W_normal.jpg,♡⸸ ej ⸸♡,6678,5693,67043,32,tattoo apprentice: @InkItEJ × backup: @OhMyEJ,440821722,https://t.co/8RxhAHOMPH,sheff 𓆝 𓆟 𓆞 she/her × 22 ,,"[{'start': 276, 'end': 299, 'url': 'https://t.co/2FPABERsNA', 'expanded_url': 'https://twitter.com/realamberheard/status/1107014558533799937', 'display_url': 'twitter.com/realamberheard…'}]",
793609628982534145,en,Twitter for iPhone,"[{'type': 'retweeted', 'id': '1107029039020236801'}]",2019-03-18T03:00:36.000Z,RT @ma_franks: Grateful for @realamberheard's righteous rage against digital violence and her ongoing support for the victims of online abu…,1107476869337645056,"[{'start': 3, 'end': 13, 'username': 'ma_franks', 'id': '1930971006'}, {'start': 28, 'end': 43, 'username': 'realamberheard', 'id': '807003567605227520'}]",15,0,0,0,807003567605227520,"[{'start': 30, 'end': 35, 'probability': 0.5705, 'type': 'Organization', 'normalized_text': 'Reddit'}, {'start': 38, 'end': 44, 'probability': 0.527, 'type': 'Product', 'normalized_text': 'Twitter'}]","[{'start': 165, 'end': 175, 'username': 'ma_franks', 'id': '1930971006'}]",en,Twitter for iPad,807003567605227520,"[{'type': 'replied_to', 'id': '1107013874233020416'}]",2019-03-16T20:23:32.000Z,"Social media platforms, incl. Reddit, Twitter etc r either unwilling or unable to effectively enforce standards against digital violence and hate speech. I agree w/ @ma_franks when she says these cos.have blood on their hands too",1107014558533799937,47,71,478,8,realamberheard,2016-12-08T23:26:58.000Z,https://pbs.twimg.com/profile_images/1383196364792680448/N8CdupEu_normal.jpg,Amber Heard,190356,220,1150,566,"Actor and Activist, semi-professional disruptor, ice cream advocate and shameless teacup yorkie-lover",807003567605227520,https://t.co/Ze18Ek9SOI,"Los Angeles, CA",malibudietcoke,2016-11-02T00:24:15.000Z,https://pbs.twimg.com/profile_images/1109251307376771072/6Zz5CrvM_normal.jpg,believewomen,275,289,1479,1,beauty enthusiast / certified dumb bitch. 🍒 Amber follows! || #believesurvivors #wearewithyouamberheard,793609628982534145,,,,,
1076868457067474945,en,Twitter for Android,"[{'type': 'retweeted', 'id': '1107029039020236801'}]",2019-03-18T01:30:33.000Z,RT @ma_franks: Grateful for @realamberheard's righteous rage against digital violence and her ongoing support for the victims of online abu…,1107454208926638080,"[{'start': 3, 'end': 13, 'username': 'ma_franks', 'id': '1930971006'}, {'start': 28, 'end': 43, 'username': 'realamberheard', 'id': '807003567605227520'}]",15,0,0,0,807003567605227520,"[{'start': 30, 'end': 35, 'probability': 0.5705, 'type': 'Organization', 'normalized_text': 'Reddit'}, {'start': 38, 'end': 44, 'probability': 0.527, 'type': 'Product', 'normalized_text': 'Twitter'}]","[{'start': 165, 'end': 175, 'username': 'ma_franks', 'id': '1930971006'}]",en,Twitter for iPad,807003567605227520,"[{'type': 'replied_to', 'id': '1107013874233020416'}]",2019-03-16T20:23:32.000Z,"Social media platforms, incl. Reddit, Twitter etc r either unwilling or unable to effectively enforce standards against digital violence and hate speech. I agree w/ @ma_franks when she says these cos.have blood on their hands too",1107014558533799937,47,71,478,8,realamberheard,2016-12-08T23:26:58.000Z,https://pbs.twimg.com/profile_images/1383196364792680448/N8CdupEu_normal.jpg,Amber Heard,190356,220,1150,566,"Actor and Activist, semi-professional disruptor, ice cream advocate and shameless teacup yorkie-lover",807003567605227520,https://t.co/Ze18Ek9SOI,"Los Angeles, CA",restmark123,2018-12-23T15:53:42.000Z,https://pbs.twimg.com/profile_images/1506297176351440896/AaBPf3V8_normal.jpg,"쉼표,",7,61,6395,0,DC Comics  / 떠들고 구독하는 계정 / 로판좋아함,1076868457067474945,,,,,
1054247451677417472,en,Twitter Web App,"[{'type': 'retweeted', 'id': '1107029039020236801'}]",2019-03-17T12:53:55.000Z,RT @ma_franks: Grateful for @realamberheard's righteous rage against digital violence and her ongoing support for the victims of online abu…,1107263795829923840,"[{'start': 3, 'end': 13, 'username': 'ma_franks', 'id': '1930971006'}, {'start': 28, 'end': 43, 'username': 'realamberheard', 'id': '807003567605227520'}]",15,0,0,0,807003567605227520,"[{'start': 30, 'end': 35, 'probability': 0.5705, 'type': 'Organization', 'normalized_text': 'Reddit'}, {'start': 38, 'end': 44, 'probability': 0.527, 'type': 'Product', 'normalized_text': 'Twitter'}]","[{'start': 165, 'end': 175, 'username': 'ma_franks', 'id': '1930971006'}]",en,Twitter for iPad,807003567605227520,"[{'type': 'replied_to', 'id': '1107013874233020416'}]",2019-03-16T20:23:32.000Z,"Social media platforms, incl. Reddit, Twitter etc r either unwilling or unable to effectively enforce standards against digital violence and hate speech. I agree w/ @ma_franks when she says these cos.have blood on their hands too",1107014558533799937,47,71,478,8,realamberheard,2016-12-08T23:26:58.000Z,https://pbs.twimg.com/profile_images/1383196364792680448/N8CdupEu_normal.jpg,Amber Heard,190356,220,1150,566,"Actor and Activist, semi-professional disruptor, ice cream advocate and shameless teacup yorkie-lover",807003567605227520,https://t.co/Ze18Ek9SOI,"Los Angeles, CA",Paula_Jabour,2018-10-22T05:45:54.000Z,https://pbs.twimg.com/profile_images/1292297331119972352/hEE_YCpp_normal.jpg,Paula Jabour🇧🇷⚘,489,941,3487,0,"OMG! Stop the flat earth, I gotta jump! 
#SexNoGender #ProtectTheChildren 
#FreeSpeech #WomanIsNotADirtyWord",1054247451677417472,,,,,
1527469560,en,Twitter for iPhone,"[{'type': 'retweeted', 'id': '1107029039020236801'}]",2019-03-17T06:51:26.000Z,RT @ma_franks: Grateful for @realamberheard's righteous rage against digital violence and her ongoing support for the victims of online abu…,1107172572670713856,"[{'start': 3, 'end': 13, 'username': 'ma_franks', 'id': '1930971006'}, {'start': 28, 'end': 43, 'username': 'realamberheard', 'id': '807003567605227520'}]",15,0,0,0,807003567605227520,"[{'start': 30, 'end': 35, 'probability': 0.5705, 'type': 'Organization', 'normalized_text': 'Reddit'}, {'start': 38, 'end': 44, 'probability': 0.527, 'type': 'Product', 'normalized_text': 'Twitter'}]","[{'start': 165, 'end': 175, 'username': 'ma_franks', 'id': '1930971006'}]",en,Twitter for iPad,807003567605227520,"[{'type': 'replied_to', 'id': '1107013874233020416'}]",2019-03-16T20:23:32.000Z,"Social media platforms, incl. Reddit, Twitter etc r either unwilling or unable to effectively enforce standards against digital violence and hate speech. I agree w/ @ma_franks when she says these cos.have blood on their hands too",1107014558533799937,47,71,478,8,realamberheard,2016-12-08T23:26:58.000Z,https://pbs.twimg.com/profile_images/1383196364792680448/N8CdupEu_normal.jpg,Amber Heard,190356,220,1150,566,"Actor and Activist, semi-professional disruptor, ice cream advocate and shameless teacup yorkie-lover",807003567605227520,https://t.co/Ze18Ek9SOI,"Los Angeles, CA",IrWayLiberal,2013-06-18T11:16:57.000Z,https://pbs.twimg.com/profile_images/1383757376726048771/8EY4DIbq_normal.jpg,Irma,305,776,29507,11,Feminist Liberal Women Rights Advocate #MeToo #TimesUp Pro-Choice #BlackLivesMatter // Michelle Williams Brie Larson Leonardo DiCaprio,1527469560,,,,,
80944765,en,Twitter for iPhone,"[{'type': 'retweeted', 'id': '1107029039020236801'}]",2019-03-17T00:06:14.000Z,RT @ma_franks: Grateful for @realamberheard's righteous rage against digital violence and her ongoing support for the victims of online abu…,1107070600445607936,"[{'start': 3, 'end': 13, 'username': 'ma_franks', 'id': '1930971006'}, {'start': 28, 'end': 43, 'username': 'realamberheard', 'id': '807003567605227520'}]",15,0,0,0,807003567605227520,"[{'start': 30, 'end': 35, 'probability': 0.5705, 'type': 'Organization', 'normalized_text': 'Reddit'}, {'start': 38, 'end': 44, 'probability': 0.527, 'type': 'Product', 'normalized_text': 'Twitter'}]","[{'start': 165, 'end': 175, 'username': 'ma_franks', 'id': '1930971006'}]",en,Twitter for iPad,807003567605227520,"[{'type': 'replied_to', 'id': '1107013874233020416'}]",2019-03-16T20:23:32.000Z,"Social media platforms, incl. Reddit, Twitter etc r either unwilling or unable to effectively enforce standards against digital violence and hate speech. I agree w/ @ma_franks when she says these cos.have blood on their hands too",1107014558533799937,47,71,478,8,realamberheard,2016-12-08T23:26:58.000Z,https://pbs.twimg.com/profile_images/1383196364792680448/N8CdupEu_normal.jpg,Amber Heard,190356,220,1150,566,"Actor and Activist, semi-professional disruptor, ice cream advocate and shameless teacup yorkie-lover",807003567605227520,https://t.co/Ze18Ek9SOI,"Los Angeles, CA",daniellecitron,2009-10-08T21:12:01.000Z,https://pbs.twimg.com/profile_images/1423044646415085571/laaEyqCo_normal.jpg,Danielle Citron,25372,5912,22488,669,"@UVALaw Prof, @UVALawTech Dir. | VP, @CCRInitiative | #MacFellow | Hate Crimes in Cyberspace ‘14 | The Fight for Privacy @WWNorton @PenguinUK ‘22 | 🍋 🐱",80944765,https://t.co/FAabgkfYf7,"Charlottesville, VA",,,
359977157,en,Twitter for iPhone,"[{'type': 'quoted', 'id': '1107014558533799937'}]",2019-03-17T00:04:38.000Z,"I agree that there has to be accountability, but the technology to enforce these filters real-time just isn’t there. Facebook is an industry behemoth but even they can’t dedicate a workforce that would look at every livestream on their platform as they happen. https://t.co/UKDpY0yKDU",1107070200921227264,,0,1,0,0,807003567605227520,"[{'start': 30, 'end': 35, 'probability': 0.5705, 'type': 'Organization', 'normalized_text': 'Reddit'}, {'start': 38, 'end': 44, 'probability': 0.527, 'type': 'Product', 'normalized_text': 'Twitter'}]","[{'start': 165, 'end': 175, 'username': 'ma_franks', 'id': '1930971006'}]",en,Twitter for iPad,807003567605227520,"[{'type': 'replied_to', 'id': '1107013874233020416'}]",2019-03-16T20:23:32.000Z,"Social media platforms, incl. Reddit, Twitter etc r either unwilling or unable to effectively enforce standards against digital violence and hate speech. I agree w/ @ma_franks when she says these cos.have blood on their hands too",1107014558533799937,47,71,478,8,realamberheard,2016-12-08T23:26:58.000Z,https://pbs.twimg.com/profile_images/1383196364792680448/N8CdupEu_normal.jpg,Amber Heard,190356,220,1150,566,"Actor and Activist, semi-professional disruptor, ice cream advocate and shameless teacup yorkie-lover",807003567605227520,https://t.co/Ze18Ek9SOI,"Los Angeles, CA",gxxncxrlo,2011-08-22T13:56:17.000Z,https://pbs.twimg.com/profile_images/1301855913800691712/Omjjl7WC_normal.jpg,𝙉𝙄𝙂𝙃𝙏𝙒𝙄𝙉𝙂 🍑,342,310,45762,3,"Whelmed, traught, and feeling the aster.",359977157,,Bludhaven,,"[{'start': 261, 'end': 284, 'url': 'https://t.co/UKDpY0yKDU', 'expanded_url': 'https://twitter.com/realamberheard/status/1107014558533799937', 'display_url': 'twitter.com/realamberheard…'}]","[{'start': 117, 'end': 124, 'probability': 0.6488, 'type': 'Organization', 'normalized_text': 'Facebook'}]"
2429478240,en,Twitter for iPhone,"[{'type': 'retweeted', 'id': '1107029039020236801'}]",2019-03-16T22:52:50.000Z,RT @ma_franks: Grateful for @realamberheard's righteous rage against digital violence and her ongoing support for the victims of online abu…,1107052129154412545,"[{'start': 3, 'end': 13, 'username': 'ma_franks', 'id': '1930971006'}, {'start': 28, 'end': 43, 'username': 'realamberheard', 'id': '807003567605227520'}]",15,0,0,0,807003567605227520,"[{'start': 30, 'end': 35, 'probability': 0.5705, 'type': 'Organization', 'normalized_text': 'Reddit'}, {'start': 38, 'end': 44, 'probability': 0.527, 'type': 'Product', 'normalized_text': 'Twitter'}]","[{'start': 165, 'end': 175, 'username': 'ma_franks', 'id': '1930971006'}]",en,Twitter for iPad,807003567605227520,"[{'type': 'replied_to', 'id': '1107013874233020416'}]",2019-03-16T20:23:32.000Z,"Social media platforms, incl. Reddit, Twitter etc r either unwilling or unable to effectively enforce standards against digital violence and hate speech. I agree w/ @ma_franks when she says these cos.have blood on their hands too",1107014558533799937,47,71,478,8,realamberheard,2016-12-08T23:26:58.000Z,https://pbs.twimg.com/profile_images/1383196364792680448/N8CdupEu_normal.jpg,Amber Heard,190356,220,1150,566,"Actor and Activist, semi-professional disruptor, ice cream advocate and shameless teacup yorkie-lover",807003567605227520,https://t.co/Ze18Ek9SOI,"Los Angeles, CA",HollylJacobs,2014-04-05T21:39:27.000Z,https://pbs.twimg.com/profile_images/1428694825243713539/GSAxDK3x_normal.jpg,Dr. Holly Jacobs,1307,475,1822,27,"@CCRInitiative Founder, 2018 L’Oreal Paris Women of Worth Honoree. Civil rights, tech, data, research, music, and truth enthusiast. Opinions are my own.",2429478240,https://t.co/l2vO6jyqib,"Miami, FL",,,
1675936765,en,Twitter for iPhone,"[{'type': 'retweeted', 'id': '1107029039020236801'}]",2019-03-16T22:52:03.000Z,RT @ma_franks: Grateful for @realamberheard's righteous rage against digital violence and her ongoing support for the victims of online abu…,1107051932273790977,"[{'start': 3, 'end': 13, 'username': 'ma_franks', 'id': '1930971006'}, {'start': 28, 'end': 43, 'username': 'realamberheard', 'id': '807003567605227520'}]",15,0,0,0,807003567605227520,"[{'start': 30, 'end': 35, 'probability': 0.5705, 'type': 'Organization', 'normalized_text': 'Reddit'}, {'start': 38, 'end': 44, 'probability': 0.527, 'type': 'Product', 'normalized_text': 'Twitter'}]","[{'start': 165, 'end': 175, 'username': 'ma_franks', 'id': '1930971006'}]",en,Twitter for iPad,807003567605227520,"[{'type': 'replied_to', 'id': '1107013874233020416'}]",2019-03-16T20:23:32.000Z,"Social media platforms, incl. Reddit, Twitter etc r either unwilling or unable to effectively enforce standards against digital violence and hate speech. I agree w/ @ma_franks when she says these cos.have blood on their hands too",1107014558533799937,47,71,478,8,realamberheard,2016-12-08T23:26:58.000Z,https://pbs.twimg.com/profile_images/1383196364792680448/N8CdupEu_normal.jpg,Amber Heard,190356,220,1150,566,"Actor and Activist, semi-professional disruptor, ice cream advocate and shameless teacup yorkie-lover",807003567605227520,https://t.co/Ze18Ek9SOI,"Los Angeles, CA",CCRInitiative,2013-08-16T14:49:33.000Z,https://pbs.twimg.com/profile_images/1506336613311336454/ddjg1QVq_normal.jpg,Cyber Civil Rights Initiative,5451,630,5546,0,CCRI’s mission is to combat online abuses that threaten civil rights and civil liberties.,1675936765,https://t.co/a1j9acoZrr,"Coral Gables, FL",,,
4396120342,en,Twitter for Android,"[{'type': 'retweeted', 'id': '1107029039020236801'}]",2019-03-16T22:48:31.000Z,RT @ma_franks: Grateful for @realamberheard's righteous rage against digital violence and her ongoing support for the victims of online abu…,1107051044993929216,"[{'start': 3, 'end': 13, 'username': 'ma_franks', 'id': '1930971006'}, {'start': 28, 'end': 43, 'username': 'realamberheard', 'id': '807003567605227520'}]",15,0,0,0,807003567605227520,"[{'start': 30, 'end': 35, 'probability': 0.5705, 'type': 'Organization', 'normalized_text': 'Reddit'}, {'start': 38, 'end': 44, 'probability': 0.527, 'type': 'Product', 'normalized_text': 'Twitter'}]","[{'start': 165, 'end': 175, 'username': 'ma_franks', 'id': '1930971006'}]",en,Twitter for iPad,807003567605227520,"[{'type': 'replied_to', 'id': '1107013874233020416'}]",2019-03-16T20:23:32.000Z,"Social media platforms, incl. Reddit, Twitter etc r either unwilling or unable to effectively enforce standards against digital violence and hate speech. I agree w/ @ma_franks when she says these cos.have blood on their hands too",1107014558533799937,47,71,478,8,realamberheard,2016-12-08T23:26:58.000Z,https://pbs.twimg.com/profile_images/1383196364792680448/N8CdupEu_normal.jpg,Amber Heard,190356,220,1150,566,"Actor and Activist, semi-professional disruptor, ice cream advocate and shameless teacup yorkie-lover",807003567605227520,https://t.co/Ze18Ek9SOI,"Los Angeles, CA",stirgussa,2015-12-06T17:21:06.000Z,https://pbs.twimg.com/profile_images/1378175478478082050/UKLiQPuk_normal.jpg,STIRGUS SACCHETTI,677,296,58568,23,"Only two things are infinite, the universe and human stupidity, and I'm not sure about the former. - Albert Einstein and Me!",4396120342,,,,,
260067084,en,Twitter for iPhone,"[{'type': 'retweeted', 'id': '1107029039020236801'}]",2019-03-16T22:18:54.000Z,RT @ma_franks: Grateful for @realamberheard's righteous rage against digital violence and her ongoing support for the victims of online abu…,1107043589010292736,"[{'start': 3, 'end': 13, 'username': 'ma_franks', 'id': '1930971006'}, {'start': 28, 'end': 43, 'username': 'realamberheard', 'id': '807003567605227520'}]",15,0,0,0,807003567605227520,"[{'start': 30, 'end': 35, 'probability': 0.5705, 'type': 'Organization', 'normalized_text': 'Reddit'}, {'start': 38, 'end': 44, 'probability': 0.527, 'type': 'Product', 'normalized_text': 'Twitter'}]","[{'start': 165, 'end': 175, 'username': 'ma_franks', 'id': '1930971006'}]",en,Twitter for iPad,807003567605227520,"[{'type': 'replied_to', 'id': '1107013874233020416'}]",2019-03-16T20:23:32.000Z,"Social media platforms, incl. Reddit, Twitter etc r either unwilling or unable to effectively enforce standards against digital violence and hate speech. I agree w/ @ma_franks when she says these cos.have blood on their hands too",1107014558533799937,47,71,478,8,realamberheard,2016-12-08T23:26:58.000Z,https://pbs.twimg.com/profile_images/1383196364792680448/N8CdupEu_normal.jpg,Amber Heard,190356,220,1150,566,"Actor and Activist, semi-professional disruptor, ice cream advocate and shameless teacup yorkie-lover",807003567605227520,https://t.co/Ze18Ek9SOI,"Los Angeles, CA",kiltedcanucks,2011-03-03T04:01:35.000Z,https://pbs.twimg.com/profile_images/1183794646784212996/qOAu9V0P_normal.jpg,Kilted Canuck 🇨🇦 🤍 🇺🇦,255,496,9290,5,🇨🇦🏴󠁧󠁢󠁳󠁣󠁴󠁿🇬🇧🇫🇷 💍 Feminist. #BlackLivesMatter. #YNWA. End Patriarchy. More liberal than you already think. 🏳️‍🌈 he/him. #StopAsianHate,260067084,,"Vancouver, Canada",,,
16566812,en,IFTTT,"[{'type': 'quoted', 'id': '1107014558533799937'}]",2019-03-16T22:12:04.000Z,TheBADASS_army: RT ma_franks: Grateful for realamberheard's righteous rage against digital violence and her ongoing support for the victims of online abuse. CCRInitiative https://t.co/aLVgM1SZSq,1107041871040266241,,0,0,0,0,807003567605227520,"[{'start': 30, 'end': 35, 'probability': 0.5705, 'type': 'Organization', 'normalized_text': 'Reddit'}, {'start': 38, 'end': 44, 'probability': 0.527, 'type': 'Product', 'normalized_text': 'Twitter'}]","[{'start': 165, 'end': 175, 'username': 'ma_franks', 'id': '1930971006'}]",en,Twitter for iPad,807003567605227520,"[{'type': 'replied_to', 'id': '1107013874233020416'}]",2019-03-16T20:23:32.000Z,"Social media platforms, incl. Reddit, Twitter etc r either unwilling or unable to effectively enforce standards against digital violence and hate speech. I agree w/ @ma_franks when she says these cos.have blood on their hands too",1107014558533799937,47,71,478,8,realamberheard,2016-12-08T23:26:58.000Z,https://pbs.twimg.com/profile_images/1383196364792680448/N8CdupEu_normal.jpg,Amber Heard,190356,220,1150,566,"Actor and Activist, semi-professional disruptor, ice cream advocate and shameless teacup yorkie-lover",807003567605227520,https://t.co/Ze18Ek9SOI,"Los Angeles, CA",alinalara,2008-10-02T21:07:42.000Z,https://pbs.twimg.com/profile_images/1396863422462107648/QV5NwN0j_normal.jpg,AlinaLara,959,583,43827,79,"I speak Alinglish. Amerikan (from Kyiv) Mother. Entrepreneur. Pagan. Runner. Tech., Social (led the design), and Strategy. #viralvixen I am what I am! -Popeye",16566812,https://t.co/joA7LzEalB,"iPhone: 40.740639,-73.998154",,"[{'start': 171, 'end': 194, 'url': 'https://t.co/aLVgM1SZSq', 'expanded_url': 'https://twitter.com/realamberheard/status/1107014558533799937', 'display_url': 'twitter.com/realamberheard…'}]",
909065916654211072,en,Twitter for iPhone,"[{'type': 'retweeted', 'id': '1107029039020236801'}]",2019-03-16T22:08:32.000Z,RT @ma_franks: Grateful for @realamberheard's righteous rage against digital violence and her ongoing support for the victims of online abu…,1107040983592693760,"[{'start': 3, 'end': 13, 'username': 'ma_franks', 'id': '1930971006'}, {'start': 28, 'end': 43, 'username': 'realamberheard', 'id': '807003567605227520'}]",15,0,0,0,807003567605227520,"[{'start': 30, 'end': 35, 'probability': 0.5705, 'type': 'Organization', 'normalized_text': 'Reddit'}, {'start': 38, 'end': 44, 'probability': 0.527, 'type': 'Product', 'normalized_text': 'Twitter'}]","[{'start': 165, 'end': 175, 'username': 'ma_franks', 'id': '1930971006'}]",en,Twitter for iPad,807003567605227520,"[{'type': 'replied_to', 'id': '1107013874233020416'}]",2019-03-16T20:23:32.000Z,"Social media platforms, incl. Reddit, Twitter etc r either unwilling or unable to effectively enforce standards against digital violence and hate speech. I agree w/ @ma_franks when she says these cos.have blood on their hands too",1107014558533799937,47,71,478,8,realamberheard,2016-12-08T23:26:58.000Z,https://pbs.twimg.com/profile_images/1383196364792680448/N8CdupEu_normal.jpg,Amber Heard,190356,220,1150,566,"Actor and Activist, semi-professional disruptor, ice cream advocate and shameless teacup yorkie-lover",807003567605227520,https://t.co/Ze18Ek9SOI,"Los Angeles, CA",TheBADASS_army,2017-09-16T14:46:18.000Z,https://pbs.twimg.com/profile_images/1226718480378007552/bV_84Cza_normal.jpg,BADASS,11858,992,11892,0,Battling Against Demeaning and Abusive Selfie Sharing. A 501c3 nonprofit comprised of victims trying to end nonconsensual image abuse and revenge porn.,909065916654211072,https://t.co/MiedIfRCaV,United States,,,
785148392498421760,en,Twitter for Android,"[{'type': 'retweeted', 'id': '1107029039020236801'}]",2019-03-16T22:05:37.000Z,RT @ma_franks: Grateful for @realamberheard's righteous rage against digital violence and her ongoing support for the victims of online abu…,1107040246594760704,"[{'start': 3, 'end': 13, 'username': 'ma_franks', 'id': '1930971006'}, {'start': 28, 'end': 43, 'username': 'realamberheard', 'id': '807003567605227520'}]",15,0,0,0,807003567605227520,"[{'start': 30, 'end': 35, 'probability': 0.5705, 'type': 'Organization', 'normalized_text': 'Reddit'}, {'start': 38, 'end': 44, 'probability': 0.527, 'type': 'Product', 'normalized_text': 'Twitter'}]","[{'start': 165, 'end': 175, 'username': 'ma_franks', 'id': '1930971006'}]",en,Twitter for iPad,807003567605227520,"[{'type': 'replied_to', 'id': '1107013874233020416'}]",2019-03-16T20:23:32.000Z,"Social media platforms, incl. Reddit, Twitter etc r either unwilling or unable to effectively enforce standards against digital violence and hate speech. I agree w/ @ma_franks when she says these cos.have blood on their hands too",1107014558533799937,47,71,478,8,realamberheard,2016-12-08T23:26:58.000Z,https://pbs.twimg.com/profile_images/1383196364792680448/N8CdupEu_normal.jpg,Amber Heard,190356,220,1150,566,"Actor and Activist, semi-professional disruptor, ice cream advocate and shameless teacup yorkie-lover",807003567605227520,https://t.co/Ze18Ek9SOI,"Los Angeles, CA",CoraMelodie,2016-10-09T16:02:18.000Z,https://pbs.twimg.com/profile_images/1138826096386936837/71Iwj2dh_normal.jpg,Cora Melodie,736,720,49334,28,"Actress/Producer & UNHCR Special Envoy #AngelinaJolie | Actress, Activist & Human Rights Champion @realamberheard | @JeniferOfficiel 

#IStandWithYouAmberHeard",785148392498421760,,"Bordeaux, France",,,
1930971006,en,Twitter Web Client,"[{'type': 'quoted', 'id': '1107014558533799937'}]",2019-03-16T21:21:05.000Z,Grateful for @realamberheard's righteous rage against digital violence and her ongoing support for the victims of online abuse. @CCRInitiative https://t.co/b3efO8v8u9,1107029039020236801,"[{'start': 13, 'end': 28, 'username': 'realamberheard', 'id': '807003567605227520'}, {'start': 128, 'end': 142, 'username': 'CCRInitiative', 'id': '1675936765'}]",15,39,53,4,807003567605227520,"[{'start': 30, 'end': 35, 'probability': 0.5705, 'type': 'Organization', 'normalized_text': 'Reddit'}, {'start': 38, 'end': 44, 'probability': 0.527, 'type': 'Product', 'normalized_text': 'Twitter'}]","[{'start': 165, 'end': 175, 'username': 'ma_franks', 'id': '1930971006'}]",en,Twitter for iPad,807003567605227520,"[{'type': 'replied_to', 'id': '1107013874233020416'}]",2019-03-16T20:23:32.000Z,"Social media platforms, incl. Reddit, Twitter etc r either unwilling or unable to effectively enforce standards against digital violence and hate speech. I agree w/ @ma_franks when she says these cos.have blood on their hands too",1107014558533799937,47,71,478,8,realamberheard,2016-12-08T23:26:58.000Z,https://pbs.twimg.com/profile_images/1383196364792680448/N8CdupEu_normal.jpg,Amber Heard,190356,220,1150,566,"Actor and Activist, semi-professional disruptor, ice cream advocate and shameless teacup yorkie-lover",807003567605227520,https://t.co/Ze18Ek9SOI,"Los Angeles, CA",ma_franks,2013-10-03T14:54:14.000Z,https://pbs.twimg.com/profile_images/598681192364277761/Ek3fjR3b_normal.jpg,Dr. Mary Anne Franks,17720,2633,9079,336,"Author, The Cult of the Constitution @stanfordpress (2020 IPPY Gold Medal and AAP PROSE Award Winner). Law Professor @MiamiLawSchool. President @CCRInitiative.",1930971006,,,,"[{'start': 143, 'end': 166, 'url': 'https://t.co/b3efO8v8u9', 'expanded_url': 'https://twitter.com/realamberheard/status/1107014558533799937', 'display_url': 'twitter.com/realamberheard…'}]",
987174121061605377,en,Twitter Web App,"[{'type': 'quoted', 'id': '1107014558533799937'}]",2019-03-16T20:26:19.000Z,So leave. https://t.co/4SZc7jPYUr,1107015257577263104,,0,0,0,0,807003567605227520,"[{'start': 30, 'end': 35, 'probability': 0.5705, 'type': 'Organization', 'normalized_text': 'Reddit'}, {'start': 38, 'end': 44, 'probability': 0.527, 'type': 'Product', 'normalized_text': 'Twitter'}]","[{'start': 165, 'end': 175, 'username': 'ma_franks', 'id': '1930971006'}]",en,Twitter for iPad,807003567605227520,"[{'type': 'replied_to', 'id': '1107013874233020416'}]",2019-03-16T20:23:32.000Z,"Social media platforms, incl. Reddit, Twitter etc r either unwilling or unable to effectively enforce standards against digital violence and hate speech. I agree w/ @ma_franks when she says these cos.have blood on their hands too",1107014558533799937,47,71,478,8,realamberheard,2016-12-08T23:26:58.000Z,https://pbs.twimg.com/profile_images/1383196364792680448/N8CdupEu_normal.jpg,Amber Heard,190356,220,1150,566,"Actor and Activist, semi-professional disruptor, ice cream advocate and shameless teacup yorkie-lover",807003567605227520,https://t.co/Ze18Ek9SOI,"Los Angeles, CA",the_f_m,2018-04-20T03:40:26.000Z,https://pbs.twimg.com/profile_images/1237870242388299777/6B0ZNJ9L_normal.jpg,anarchocrapitalist 💛/🖤,343,823,18889,1,LP local elected official / oppai enjoyer / commie debater / satan hater / follower backer / insult me in my dms,987174121061605377,,,,"[{'start': 10, 'end': 33, 'url': 'https://t.co/4SZc7jPYUr', 'expanded_url': 'https://twitter.com/realamberheard/status/1107014558533799937', 'display_url': 'twitter.com/realamberheard…'}]",
