author_id,created_at,referenced_tweets,source,text,id,lang,public_metrics.retweet_count,public_metrics.reply_count,public_metrics.like_count,public_metrics.quote_count,entities.urls,quoted_tweet.author_id,quoted_tweet.entities.mentions,quoted_tweet.entities.urls,quoted_tweet.created_at,quoted_tweet.source,quoted_tweet.text,quoted_tweet.id,quoted_tweet.public_metrics.retweet_count,quoted_tweet.public_metrics.reply_count,quoted_tweet.public_metrics.like_count,quoted_tweet.public_metrics.quote_count,quoted_tweet.lang,quoted_tweet.author.created_at,quoted_tweet.author.name,quoted_tweet.author.id,quoted_tweet.author.description,quoted_tweet.author.profile_image_url,quoted_tweet.author.url,quoted_tweet.author.location,quoted_tweet.author.public_metrics.followers_count,quoted_tweet.author.public_metrics.following_count,quoted_tweet.author.public_metrics.tweet_count,quoted_tweet.author.public_metrics.listed_count,quoted_tweet.author.username,author.created_at,author.name,author.id,author.description,author.profile_image_url,author.url,author.location,author.public_metrics.followers_count,author.public_metrics.following_count,author.public_metrics.tweet_count,author.public_metrics.listed_count,author.username,entities.mentions
930476534095400960,2019-04-17T06:37:43.000Z,"[{'type': 'quoted', 'id': '1111745188399976448'}]",Twitter Web App,"I missed this one

Thanks for posting it! https://t.co/igBiaeqpeM",1118403144797519872,en,0,0,0,0,"[{'start': 42, 'end': 65, 'url': 'https://t.co/igBiaeqpeM', 'expanded_url': 'https://twitter.com/realamberheard/status/1111745188399976448', 'display_url': 'twitter.com/realamberheard…'}]",807003567605227520,"[{'start': 43, 'end': 54, 'username': 'imcoreyrae', 'id': '395065894'}, {'start': 189, 'end': 201, 'username': 'StyleCaster', 'id': '55678606'}]","[{'start': 161, 'end': 184, 'url': 'https://t.co/RIA1hNhiRf', 'expanded_url': 'https://stylecaster.com/transgender-beauty-standards/', 'display_url': 'stylecaster.com/transgender-be…', 'status': 200, 'unwound_url': 'https://stylecaster.com/transgender-beauty-standards/'}]",2019-03-29T21:41:22.000Z,Twitter for iPad,So proud of my beautiful and badass friend @imcoreyrae for her amazing piece on Deconstructing Transgender Beauty Standards Is Vital to Ending “Passing” Culture https://t.co/RIA1hNhiRf via @StyleCaster,1111745188399976448,48,25,383,5,en,2016-12-08T23:26:58.000Z,Amber Heard,807003567605227520,"Actor and Activist, semi-professional disruptor, ice cream advocate and shameless teacup yorkie-lover",https://pbs.twimg.com/profile_images/1383196364792680448/N8CdupEu_normal.jpg,https://t.co/Ze18Ek9SOI,"Los Angeles, CA",190356,220,1150,566,realamberheard,2017-11-14T16:44:27.000Z,Justin D Shoemaker 🏳️‍🌈🇺🇸     🏀🎳🌮🍜,930476534095400960,"Skip past ""hopefully someday"" to Hope Floats. We can do much better for all & soon will. We've got this America. In crisis comes opportunity. Male Pronouns",https://pbs.twimg.com/profile_images/1101040699523268609/lKt5ZwzB_normal.png,,"St. Paul, MN USA",462,4829,55998,3,JustinDudarino,
1102039215427194881,2019-04-08T01:38:16.000Z,"[{'type': 'quoted', 'id': '1111745188399976448'}]",Twitter Web App,"She's really beautiful, especially her eyes!! https://t.co/YJ6DvIOhha",1115066294649393152,en,0,0,0,0,"[{'start': 46, 'end': 69, 'url': 'https://t.co/YJ6DvIOhha', 'expanded_url': 'https://twitter.com/realamberheard/status/1111745188399976448', 'display_url': 'twitter.com/realamberheard…'}]",807003567605227520,"[{'start': 43, 'end': 54, 'username': 'imcoreyrae', 'id': '395065894'}, {'start': 189, 'end': 201, 'username': 'StyleCaster', 'id': '55678606'}]","[{'start': 161, 'end': 184, 'url': 'https://t.co/RIA1hNhiRf', 'expanded_url': 'https://stylecaster.com/transgender-beauty-standards/', 'display_url': 'stylecaster.com/transgender-be…', 'status': 200, 'unwound_url': 'https://stylecaster.com/transgender-beauty-standards/'}]",2019-03-29T21:41:22.000Z,Twitter for iPad,So proud of my beautiful and badass friend @imcoreyrae for her amazing piece on Deconstructing Transgender Beauty Standards Is Vital to Ending “Passing” Culture https://t.co/RIA1hNhiRf via @StyleCaster,1111745188399976448,48,25,383,5,en,2016-12-08T23:26:58.000Z,Amber Heard,807003567605227520,"Actor and Activist, semi-professional disruptor, ice cream advocate and shameless teacup yorkie-lover",https://pbs.twimg.com/profile_images/1383196364792680448/N8CdupEu_normal.jpg,https://t.co/Ze18Ek9SOI,"Los Angeles, CA",190356,220,1150,566,realamberheard,2019-03-03T02:53:18.000Z,Tim DiVito,1102039215427194881,"I am a poet, writer and lyricist. I have 12552 poems written and 115 published. I have over 200 lyrics and 14 songs written. I also wrote the Blue Sphere.",https://abs.twimg.com/sticky/default_profile_images/default_profile_normal.png,,"Pittsburgh, PA",580,2410,2726,11,divito_tim,
86338820,2019-04-02T17:32:09.000Z,"[{'type': 'quoted', 'id': '1111745188399976448'}]",Twitter Web Client,well done @imcoreyrae !  Thanks for making us better humans https://t.co/cfE5Lc0GcP,1113132019356176386,en,0,0,1,0,"[{'start': 60, 'end': 83, 'url': 'https://t.co/cfE5Lc0GcP', 'expanded_url': 'https://twitter.com/realamberheard/status/1111745188399976448', 'display_url': 'twitter.com/realamberheard…'}]",807003567605227520,"[{'start': 43, 'end': 54, 'username': 'imcoreyrae', 'id': '395065894'}, {'start': 189, 'end': 201, 'username': 'StyleCaster', 'id': '55678606'}]","[{'start': 161, 'end': 184, 'url': 'https://t.co/RIA1hNhiRf', 'expanded_url': 'https://stylecaster.com/transgender-beauty-standards/', 'display_url': 'stylecaster.com/transgender-be…', 'status': 200, 'unwound_url': 'https://stylecaster.com/transgender-beauty-standards/'}]",2019-03-29T21:41:22.000Z,Twitter for iPad,So proud of my beautiful and badass friend @imcoreyrae for her amazing piece on Deconstructing Transgender Beauty Standards Is Vital to Ending “Passing” Culture https://t.co/RIA1hNhiRf via @StyleCaster,1111745188399976448,48,25,383,5,en,2016-12-08T23:26:58.000Z,Amber Heard,807003567605227520,"Actor and Activist, semi-professional disruptor, ice cream advocate and shameless teacup yorkie-lover",https://pbs.twimg.com/profile_images/1383196364792680448/N8CdupEu_normal.jpg,https://t.co/Ze18Ek9SOI,"Los Angeles, CA",190356,220,1150,566,realamberheard,2009-10-30T15:46:56.000Z,samantha skey,86338820,media of things,https://pbs.twimg.com/profile_images/1496586042966745099/UwOIj8Jf_normal.jpg,https://t.co/ylnxwWJn67,"Brooklyn, NY",1332,478,1065,56,samskey7,"[{'start': 10, 'end': 21, 'username': 'imcoreyrae', 'id': '395065894'}]"
36289005,2019-04-02T16:13:32.000Z,"[{'type': 'quoted', 'id': '1111745188399976448'}]",Twitter Web Client,💟 @imcoreyrae @StyleCaster @lindseylanquist https://t.co/GnKSVjMVxd,1113112237714149377,und,0,0,2,0,"[{'start': 44, 'end': 67, 'url': 'https://t.co/GnKSVjMVxd', 'expanded_url': 'https://twitter.com/realamberheard/status/1111745188399976448', 'display_url': 'twitter.com/realamberheard…'}]",807003567605227520,"[{'start': 43, 'end': 54, 'username': 'imcoreyrae', 'id': '395065894'}, {'start': 189, 'end': 201, 'username': 'StyleCaster', 'id': '55678606'}]","[{'start': 161, 'end': 184, 'url': 'https://t.co/RIA1hNhiRf', 'expanded_url': 'https://stylecaster.com/transgender-beauty-standards/', 'display_url': 'stylecaster.com/transgender-be…', 'status': 200, 'unwound_url': 'https://stylecaster.com/transgender-beauty-standards/'}]",2019-03-29T21:41:22.000Z,Twitter for iPad,So proud of my beautiful and badass friend @imcoreyrae for her amazing piece on Deconstructing Transgender Beauty Standards Is Vital to Ending “Passing” Culture https://t.co/RIA1hNhiRf via @StyleCaster,1111745188399976448,48,25,383,5,en,2016-12-08T23:26:58.000Z,Amber Heard,807003567605227520,"Actor and Activist, semi-professional disruptor, ice cream advocate and shameless teacup yorkie-lover",https://pbs.twimg.com/profile_images/1383196364792680448/N8CdupEu_normal.jpg,https://t.co/Ze18Ek9SOI,"Los Angeles, CA",190356,220,1150,566,realamberheard,2009-04-29T04:41:14.000Z,Justine Goodman,36289005,editor-in-chief @stylecaster // native new yorker. casual.,https://pbs.twimg.com/profile_images/1241198535862779904/baSh2gtm_normal.jpg,https://t.co/8QLOjA7HWi,New York,1058,686,201,37,Justine_Goodman,"[{'start': 2, 'end': 13, 'username': 'imcoreyrae', 'id': '395065894'}, {'start': 14, 'end': 26, 'username': 'StyleCaster', 'id': '55678606'}, {'start': 27, 'end': 43, 'username': 'lindseylanquist', 'id': '1152297774'}]"
489756858,2019-04-01T02:06:41.000Z,"[{'type': 'retweeted', 'id': '1111852315139432449'}]",Twitter Web Client,RT @imcoreyrae: Love you @realamberheard thank you for sharing this 😘💋💋 https://t.co/s4HgHWEb08,1112536731721650182,en,1,0,0,0,"[{'start': 72, 'end': 95, 'url': 'https://t.co/s4HgHWEb08', 'expanded_url': 'https://twitter.com/realamberheard/status/1111745188399976448', 'display_url': 'twitter.com/realamberheard…'}]",807003567605227520,"[{'start': 43, 'end': 54, 'username': 'imcoreyrae', 'id': '395065894'}, {'start': 189, 'end': 201, 'username': 'StyleCaster', 'id': '55678606'}]","[{'start': 161, 'end': 184, 'url': 'https://t.co/RIA1hNhiRf', 'expanded_url': 'https://stylecaster.com/transgender-beauty-standards/', 'display_url': 'stylecaster.com/transgender-be…', 'status': 200, 'unwound_url': 'https://stylecaster.com/transgender-beauty-standards/'}]",2019-03-29T21:41:22.000Z,Twitter for iPad,So proud of my beautiful and badass friend @imcoreyrae for her amazing piece on Deconstructing Transgender Beauty Standards Is Vital to Ending “Passing” Culture https://t.co/RIA1hNhiRf via @StyleCaster,1111745188399976448,48,25,383,5,en,2016-12-08T23:26:58.000Z,Amber Heard,807003567605227520,"Actor and Activist, semi-professional disruptor, ice cream advocate and shameless teacup yorkie-lover",https://pbs.twimg.com/profile_images/1383196364792680448/N8CdupEu_normal.jpg,https://t.co/Ze18Ek9SOI,"Los Angeles, CA",190356,220,1150,566,realamberheard,2012-02-11T21:19:08.000Z,GEORGE(I hope things in the world get better),489756858,❤️ @liljsez @JenniferMlott @AwbreyMadison  @BrookeLewisLA @SonjaTMorgan @KristaAllenXO @THERealLyndaDC @RachelZegler @TheAlexisJoy @Susan_Blakely❤,https://pbs.twimg.com/profile_images/1267664674939711489/3VV-80TT_normal.jpg,,,3466,5001,347157,0,GPBGeorge,"[{'start': 3, 'end': 14, 'username': 'imcoreyrae', 'id': '395065894'}, {'start': 25, 'end': 40, 'username': 'realamberheard', 'id': '807003567605227520'}]"
395065894,2019-03-30T04:47:03.000Z,"[{'type': 'quoted', 'id': '1111745188399976448'}]",Twitter for iPhone,Love you @realamberheard thank you for sharing this 😘💋💋 https://t.co/s4HgHWEb08,1111852315139432449,en,1,0,3,0,"[{'start': 56, 'end': 79, 'url': 'https://t.co/s4HgHWEb08', 'expanded_url': 'https://twitter.com/realamberheard/status/1111745188399976448', 'display_url': 'twitter.com/realamberheard…'}]",807003567605227520,"[{'start': 43, 'end': 54, 'username': 'imcoreyrae', 'id': '395065894'}, {'start': 189, 'end': 201, 'username': 'StyleCaster', 'id': '55678606'}]","[{'start': 161, 'end': 184, 'url': 'https://t.co/RIA1hNhiRf', 'expanded_url': 'https://stylecaster.com/transgender-beauty-standards/', 'display_url': 'stylecaster.com/transgender-be…', 'status': 200, 'unwound_url': 'https://stylecaster.com/transgender-beauty-standards/'}]",2019-03-29T21:41:22.000Z,Twitter for iPad,So proud of my beautiful and badass friend @imcoreyrae for her amazing piece on Deconstructing Transgender Beauty Standards Is Vital to Ending “Passing” Culture https://t.co/RIA1hNhiRf via @StyleCaster,1111745188399976448,48,25,383,5,en,2016-12-08T23:26:58.000Z,Amber Heard,807003567605227520,"Actor and Activist, semi-professional disruptor, ice cream advocate and shameless teacup yorkie-lover",https://pbs.twimg.com/profile_images/1383196364792680448/N8CdupEu_normal.jpg,https://t.co/Ze18Ek9SOI,"Los Angeles, CA",190356,220,1150,566,realamberheard,2011-10-21T02:25:30.000Z,Corey Rae,395065894,"🖐🏻Lefty ♊️Gemini 🌱Vegan 🌍Please Care More♻️ 👑The 1st Transgender Prom Queen 🦋       💖Activist, Actress, Model, Speaker, Writer✨",https://pbs.twimg.com/profile_images/1482051228959866880/egBDNT4e_normal.jpg,https://t.co/X6EoI4hFDX,LA | NY,1187,119,4312,4,imcoreyrae,"[{'start': 9, 'end': 24, 'username': 'realamberheard', 'id': '807003567605227520'}]"
