source,referenced_tweets,author_id,id,created_at,text,lang,entities.urls,public_metrics.retweet_count,public_metrics.reply_count,public_metrics.like_count,public_metrics.quote_count,quoted_tweet.source,quoted_tweet.referenced_tweets,quoted_tweet.author_id,quoted_tweet.id,quoted_tweet.entities.urls,quoted_tweet.created_at,quoted_tweet.public_metrics.retweet_count,quoted_tweet.public_metrics.reply_count,quoted_tweet.public_metrics.like_count,quoted_tweet.public_metrics.quote_count,quoted_tweet.text,quoted_tweet.lang,quoted_tweet.author.description,quoted_tweet.author.profile_image_url,quoted_tweet.author.name,quoted_tweet.author.id,quoted_tweet.author.created_at,quoted_tweet.author.url,quoted_tweet.author.public_metrics.followers_count,quoted_tweet.author.public_metrics.following_count,quoted_tweet.author.public_metrics.tweet_count,quoted_tweet.author.public_metrics.listed_count,quoted_tweet.author.location,quoted_tweet.author.username,author.description,author.profile_image_url,author.name,author.id,author.created_at,author.url,author.public_metrics.followers_count,author.public_metrics.following_count,author.public_metrics.tweet_count,author.public_metrics.listed_count,author.username,author.location,in_reply_to_user_id,entities.mentions
Twitter Web App,"[{'type': 'quoted', 'id': '1113735064267833344'}]",1121600276295712773,1121601172593364993,2019-04-26T02:25:32.000Z,I can see you don’t get it your only 30 looking to make money cuase the box office isn’t really getting ya so ya go after men and become the perpetrator and blame them https://t.co/37TlG6HmRs,en,"[{'start': 168, 'end': 191, 'url': 'https://t.co/37TlG6HmRs', 'expanded_url': 'https://twitter.com/realamberheard/status/1113735064267833344', 'display_url': 'twitter.com/realamberheard…'}]",0,0,0,0,Twitter for iPhone,"[{'type': 'quoted', 'id': '1113679218758623233'}]",807003567605227520,1113735064267833344,"[{'start': 25, 'end': 48, 'url': 'https://t.co/lO7ZqSQzZE', 'expanded_url': 'https://twitter.com/emrazz/status/1113679218758623233', 'display_url': 'twitter.com/emrazz/status/…'}]",2019-04-04T09:28:26.000Z,40,82,497,9,I don’t get ihhttttt.... https://t.co/lO7ZqSQzZE,en,"Actor and Activist, semi-professional disruptor, ice cream advocate and shameless teacup yorkie-lover",https://pbs.twimg.com/profile_images/1383196364792680448/N8CdupEu_normal.jpg,Amber Heard,807003567605227520,2016-12-08T23:26:58.000Z,https://t.co/Ze18Ek9SOI,190356,220,1150,566,"Los Angeles, CA",realamberheard,"Ex-Lawyer 
Business man 
Director",https://abs.twimg.com/sticky/default_profile_images/default_profile_normal.png,Hunt,1121600276295712773,2019-04-26T02:21:58.000Z,,0,0,6,0,Hunt71950594,,,
Twitter Web App,"[{'type': 'quoted', 'id': '1113735064267833344'}]",930476534095400960,1118402556034736128,2019-04-17T06:35:22.000Z,I don't either https://t.co/8Pehay8zpi,en,"[{'start': 15, 'end': 38, 'url': 'https://t.co/8Pehay8zpi', 'expanded_url': 'https://twitter.com/realamberheard/status/1113735064267833344', 'display_url': 'twitter.com/realamberheard…'}]",0,0,0,0,Twitter for iPhone,"[{'type': 'quoted', 'id': '1113679218758623233'}]",807003567605227520,1113735064267833344,"[{'start': 25, 'end': 48, 'url': 'https://t.co/lO7ZqSQzZE', 'expanded_url': 'https://twitter.com/emrazz/status/1113679218758623233', 'display_url': 'twitter.com/emrazz/status/…'}]",2019-04-04T09:28:26.000Z,40,82,497,9,I don’t get ihhttttt.... https://t.co/lO7ZqSQzZE,en,"Actor and Activist, semi-professional disruptor, ice cream advocate and shameless teacup yorkie-lover",https://pbs.twimg.com/profile_images/1383196364792680448/N8CdupEu_normal.jpg,Amber Heard,807003567605227520,2016-12-08T23:26:58.000Z,https://t.co/Ze18Ek9SOI,190356,220,1150,566,"Los Angeles, CA",realamberheard,"Skip past ""hopefully someday"" to Hope Floats. We can do much better for all & soon will. We've got this America. In crisis comes opportunity. Male Pronouns",https://pbs.twimg.com/profile_images/1101040699523268609/lKt5ZwzB_normal.png,Justin D Shoemaker 🏳️‍🌈🇺🇸     🏀🎳🌮🍜,930476534095400960,2017-11-14T16:44:27.000Z,,462,4829,55998,3,JustinDudarino,"St. Paul, MN USA",,
Twitter for iPhone,"[{'type': 'quoted', 'id': '1113735064267833344'}]",1114810461969629184,1116632464049438720,2019-04-12T09:21:40.000Z,Translation: I don’t get *hittttt https://t.co/67Tla3gZRo,en,"[{'start': 34, 'end': 57, 'url': 'https://t.co/67Tla3gZRo', 'expanded_url': 'https://twitter.com/realamberheard/status/1113735064267833344', 'display_url': 'twitter.com/realamberheard…'}]",0,0,4,0,Twitter for iPhone,"[{'type': 'quoted', 'id': '1113679218758623233'}]",807003567605227520,1113735064267833344,"[{'start': 25, 'end': 48, 'url': 'https://t.co/lO7ZqSQzZE', 'expanded_url': 'https://twitter.com/emrazz/status/1113679218758623233', 'display_url': 'twitter.com/emrazz/status/…'}]",2019-04-04T09:28:26.000Z,40,82,497,9,I don’t get ihhttttt.... https://t.co/lO7ZqSQzZE,en,"Actor and Activist, semi-professional disruptor, ice cream advocate and shameless teacup yorkie-lover",https://pbs.twimg.com/profile_images/1383196364792680448/N8CdupEu_normal.jpg,Amber Heard,807003567605227520,2016-12-08T23:26:58.000Z,https://t.co/Ze18Ek9SOI,190356,220,1150,566,"Los Angeles, CA",realamberheard,celebrity hoe + a donut,https://pbs.twimg.com/profile_images/1323976947215474689/PhKHlTtJ_normal.png,♥🍩,1114810461969629184,2019-04-07T08:41:41.000Z,,231,828,19395,1,jhnnyrdj,#JohnnyDeppIsInnocent,,
Twitter for iPhone,"[{'type': 'quoted', 'id': '1113735064267833344'}]",357172314,1115498909256830976,2019-04-09T06:17:19.000Z,do you get that abuse is wrong https://t.co/zQj7utZQWk,en,"[{'start': 31, 'end': 54, 'url': 'https://t.co/zQj7utZQWk', 'expanded_url': 'https://twitter.com/realamberheard/status/1113735064267833344', 'display_url': 'twitter.com/realamberheard…'}]",0,0,0,0,Twitter for iPhone,"[{'type': 'quoted', 'id': '1113679218758623233'}]",807003567605227520,1113735064267833344,"[{'start': 25, 'end': 48, 'url': 'https://t.co/lO7ZqSQzZE', 'expanded_url': 'https://twitter.com/emrazz/status/1113679218758623233', 'display_url': 'twitter.com/emrazz/status/…'}]",2019-04-04T09:28:26.000Z,40,82,497,9,I don’t get ihhttttt.... https://t.co/lO7ZqSQzZE,en,"Actor and Activist, semi-professional disruptor, ice cream advocate and shameless teacup yorkie-lover",https://pbs.twimg.com/profile_images/1383196364792680448/N8CdupEu_normal.jpg,Amber Heard,807003567605227520,2016-12-08T23:26:58.000Z,https://t.co/Ze18Ek9SOI,190356,220,1150,566,"Los Angeles, CA",realamberheard,johnny depp is a legend. that’s it. 🖤 (not a bot just a fan that wants justice for a beautiful human being),https://pbs.twimg.com/profile_images/1372651363319042048/Alzvzg_f_normal.jpg,justice for johnny depp!!,357172314,2011-08-17T23:36:05.000Z,,5760,107,9126,7,sunhopepeace,,,
Twitter for iPhone,"[{'type': 'retweeted', 'id': '1114844583257628673'}]",357172314,1115498845335638016,2019-04-09T06:17:04.000Z,RT @DwtsHolker: I suppose you don't get a lot of things... like that you shouldn't abuse your partners for example. https://t.co/sJJ4queO30,en,"[{'start': 116, 'end': 139, 'url': 'https://t.co/sJJ4queO30', 'expanded_url': 'https://twitter.com/realamberheard/status/1113735064267833344', 'display_url': 'twitter.com/realamberheard…'}]",7,0,0,0,Twitter for iPhone,"[{'type': 'quoted', 'id': '1113679218758623233'}]",807003567605227520,1113735064267833344,"[{'start': 25, 'end': 48, 'url': 'https://t.co/lO7ZqSQzZE', 'expanded_url': 'https://twitter.com/emrazz/status/1113679218758623233', 'display_url': 'twitter.com/emrazz/status/…'}]",2019-04-04T09:28:26.000Z,40,82,497,9,I don’t get ihhttttt.... https://t.co/lO7ZqSQzZE,en,"Actor and Activist, semi-professional disruptor, ice cream advocate and shameless teacup yorkie-lover",https://pbs.twimg.com/profile_images/1383196364792680448/N8CdupEu_normal.jpg,Amber Heard,807003567605227520,2016-12-08T23:26:58.000Z,https://t.co/Ze18Ek9SOI,190356,220,1150,566,"Los Angeles, CA",realamberheard,johnny depp is a legend. that’s it. 🖤 (not a bot just a fan that wants justice for a beautiful human being),https://pbs.twimg.com/profile_images/1372651363319042048/Alzvzg_f_normal.jpg,justice for johnny depp!!,357172314,2011-08-17T23:36:05.000Z,,5760,107,9126,7,sunhopepeace,,,
Twitter Web Client,"[{'type': 'retweeted', 'id': '1114844583257628673'}]",736958444985585664,1115340737804152832,2019-04-08T19:48:48.000Z,RT @DwtsHolker: I suppose you don't get a lot of things... like that you shouldn't abuse your partners for example. https://t.co/sJJ4queO30,en,"[{'start': 116, 'end': 139, 'url': 'https://t.co/sJJ4queO30', 'expanded_url': 'https://twitter.com/realamberheard/status/1113735064267833344', 'display_url': 'twitter.com/realamberheard…'}]",7,0,0,0,Twitter for iPhone,"[{'type': 'quoted', 'id': '1113679218758623233'}]",807003567605227520,1113735064267833344,"[{'start': 25, 'end': 48, 'url': 'https://t.co/lO7ZqSQzZE', 'expanded_url': 'https://twitter.com/emrazz/status/1113679218758623233', 'display_url': 'twitter.com/emrazz/status/…'}]",2019-04-04T09:28:26.000Z,40,82,497,9,I don’t get ihhttttt.... https://t.co/lO7ZqSQzZE,en,"Actor and Activist, semi-professional disruptor, ice cream advocate and shameless teacup yorkie-lover",https://pbs.twimg.com/profile_images/1383196364792680448/N8CdupEu_normal.jpg,Amber Heard,807003567605227520,2016-12-08T23:26:58.000Z,https://t.co/Ze18Ek9SOI,190356,220,1150,566,"Los Angeles, CA",realamberheard,❤️ウィノナ・フォーエバー❤️,https://pbs.twimg.com/profile_images/986642701767462912/CHGKu5j1_normal.jpg,Vegeta Solo,736958444985585664,2016-05-29T16:32:40.000Z,,940,4107,83183,2,VegetaSolo1,"Malibu, CA",,
Twitter for iPhone,"[{'type': 'retweeted', 'id': '1114844583257628673'}]",1098567458741538816,1115213342405201920,2019-04-08T11:22:35.000Z,RT @DwtsHolker: I suppose you don't get a lot of things... like that you shouldn't abuse your partners for example. https://t.co/sJJ4queO30,en,"[{'start': 116, 'end': 139, 'url': 'https://t.co/sJJ4queO30', 'expanded_url': 'https://twitter.com/realamberheard/status/1113735064267833344', 'display_url': 'twitter.com/realamberheard…'}]",7,0,0,0,Twitter for iPhone,"[{'type': 'quoted', 'id': '1113679218758623233'}]",807003567605227520,1113735064267833344,"[{'start': 25, 'end': 48, 'url': 'https://t.co/lO7ZqSQzZE', 'expanded_url': 'https://twitter.com/emrazz/status/1113679218758623233', 'display_url': 'twitter.com/emrazz/status/…'}]",2019-04-04T09:28:26.000Z,40,82,497,9,I don’t get ihhttttt.... https://t.co/lO7ZqSQzZE,en,"Actor and Activist, semi-professional disruptor, ice cream advocate and shameless teacup yorkie-lover",https://pbs.twimg.com/profile_images/1383196364792680448/N8CdupEu_normal.jpg,Amber Heard,807003567605227520,2016-12-08T23:26:58.000Z,https://t.co/Ze18Ek9SOI,190356,220,1150,566,"Los Angeles, CA",realamberheard,,https://pbs.twimg.com/profile_images/1107012724347858945/XUsYxDRI_normal.jpg,unknown,1098567458741538816,2019-02-21T12:57:47.000Z,,32,84,1055,0,VampieMonster,Canada,,
Twitter Web App,"[{'type': 'quoted', 'id': '1113735064267833344'}]",1102039215427194881,1115064491652321280,2019-04-08T01:31:06.000Z,"Sometimes I think men should keep their mouths shut, oh I forgot their foot is in it!! https://t.co/gDa5KaZRYk",en,"[{'start': 87, 'end': 110, 'url': 'https://t.co/gDa5KaZRYk', 'expanded_url': 'https://twitter.com/realamberheard/status/1113735064267833344', 'display_url': 'twitter.com/realamberheard…'}]",0,0,0,0,Twitter for iPhone,"[{'type': 'quoted', 'id': '1113679218758623233'}]",807003567605227520,1113735064267833344,"[{'start': 25, 'end': 48, 'url': 'https://t.co/lO7ZqSQzZE', 'expanded_url': 'https://twitter.com/emrazz/status/1113679218758623233', 'display_url': 'twitter.com/emrazz/status/…'}]",2019-04-04T09:28:26.000Z,40,82,497,9,I don’t get ihhttttt.... https://t.co/lO7ZqSQzZE,en,"Actor and Activist, semi-professional disruptor, ice cream advocate and shameless teacup yorkie-lover",https://pbs.twimg.com/profile_images/1383196364792680448/N8CdupEu_normal.jpg,Amber Heard,807003567605227520,2016-12-08T23:26:58.000Z,https://t.co/Ze18Ek9SOI,190356,220,1150,566,"Los Angeles, CA",realamberheard,"I am a poet, writer and lyricist. I have 12552 poems written and 115 published. I have over 200 lyrics and 14 songs written. I also wrote the Blue Sphere.",https://abs.twimg.com/sticky/default_profile_images/default_profile_normal.png,Tim DiVito,1102039215427194881,2019-03-03T02:53:18.000Z,,580,2410,2726,11,divito_tim,"Pittsburgh, PA",,
Twitter for iPhone,"[{'type': 'retweeted', 'id': '1114844583257628673'}]",884302460830982144,1114986896525074433,2019-04-07T20:22:46.000Z,RT @DwtsHolker: I suppose you don't get a lot of things... like that you shouldn't abuse your partners for example. https://t.co/sJJ4queO30,en,"[{'start': 116, 'end': 139, 'url': 'https://t.co/sJJ4queO30', 'expanded_url': 'https://twitter.com/realamberheard/status/1113735064267833344', 'display_url': 'twitter.com/realamberheard…'}]",7,0,0,0,Twitter for iPhone,"[{'type': 'quoted', 'id': '1113679218758623233'}]",807003567605227520,1113735064267833344,"[{'start': 25, 'end': 48, 'url': 'https://t.co/lO7ZqSQzZE', 'expanded_url': 'https://twitter.com/emrazz/status/1113679218758623233', 'display_url': 'twitter.com/emrazz/status/…'}]",2019-04-04T09:28:26.000Z,40,82,497,9,I don’t get ihhttttt.... https://t.co/lO7ZqSQzZE,en,"Actor and Activist, semi-professional disruptor, ice cream advocate and shameless teacup yorkie-lover",https://pbs.twimg.com/profile_images/1383196364792680448/N8CdupEu_normal.jpg,Amber Heard,807003567605227520,2016-12-08T23:26:58.000Z,https://t.co/Ze18Ek9SOI,190356,220,1150,566,"Los Angeles, CA",realamberheard,Fan account,https://abs.twimg.com/sticky/default_profile_images/default_profile_normal.png,Janice Tylock,884302460830982144,2017-07-10T06:45:11.000Z,,521,454,34822,2,janice_tylock,,,
Twitter for Android,"[{'type': 'retweeted', 'id': '1114844583257628673'}]",751139318987628545,1114983044899844097,2019-04-07T20:07:27.000Z,RT @DwtsHolker: I suppose you don't get a lot of things... like that you shouldn't abuse your partners for example. https://t.co/sJJ4queO30,en,"[{'start': 116, 'end': 139, 'url': 'https://t.co/sJJ4queO30', 'expanded_url': 'https://twitter.com/realamberheard/status/1113735064267833344', 'display_url': 'twitter.com/realamberheard…'}]",7,0,0,0,Twitter for iPhone,"[{'type': 'quoted', 'id': '1113679218758623233'}]",807003567605227520,1113735064267833344,"[{'start': 25, 'end': 48, 'url': 'https://t.co/lO7ZqSQzZE', 'expanded_url': 'https://twitter.com/emrazz/status/1113679218758623233', 'display_url': 'twitter.com/emrazz/status/…'}]",2019-04-04T09:28:26.000Z,40,82,497,9,I don’t get ihhttttt.... https://t.co/lO7ZqSQzZE,en,"Actor and Activist, semi-professional disruptor, ice cream advocate and shameless teacup yorkie-lover",https://pbs.twimg.com/profile_images/1383196364792680448/N8CdupEu_normal.jpg,Amber Heard,807003567605227520,2016-12-08T23:26:58.000Z,https://t.co/Ze18Ek9SOI,190356,220,1150,566,"Los Angeles, CA",realamberheard,"🍩🍩🍩🍩🍩

Here for #JusticeForJohnnyDepp, Jared Padalecki, Rami Malek and stuff 🤷‍♀️🤣. Andrew Garfield has once again taken over my life 😍",https://pbs.twimg.com/profile_images/1426489294760316934/5Pws8UNd_normal.jpg,CheeryRosie just give Andrew Garfield the Oscar,751139318987628545,2016-07-07T19:42:24.000Z,,568,821,28027,1,cheeryrosie,,,
Twitter for Android,"[{'type': 'retweeted', 'id': '1114844583257628673'}]",1083684049,1114953716006903808,2019-04-07T18:10:55.000Z,RT @DwtsHolker: I suppose you don't get a lot of things... like that you shouldn't abuse your partners for example. https://t.co/sJJ4queO30,en,"[{'start': 116, 'end': 139, 'url': 'https://t.co/sJJ4queO30', 'expanded_url': 'https://twitter.com/realamberheard/status/1113735064267833344', 'display_url': 'twitter.com/realamberheard…'}]",7,0,0,0,Twitter for iPhone,"[{'type': 'quoted', 'id': '1113679218758623233'}]",807003567605227520,1113735064267833344,"[{'start': 25, 'end': 48, 'url': 'https://t.co/lO7ZqSQzZE', 'expanded_url': 'https://twitter.com/emrazz/status/1113679218758623233', 'display_url': 'twitter.com/emrazz/status/…'}]",2019-04-04T09:28:26.000Z,40,82,497,9,I don’t get ihhttttt.... https://t.co/lO7ZqSQzZE,en,"Actor and Activist, semi-professional disruptor, ice cream advocate and shameless teacup yorkie-lover",https://pbs.twimg.com/profile_images/1383196364792680448/N8CdupEu_normal.jpg,Amber Heard,807003567605227520,2016-12-08T23:26:58.000Z,https://t.co/Ze18Ek9SOI,190356,220,1150,566,"Los Angeles, CA",realamberheard,"For better, for worse,
The worst you've got,
I will always be me, YOU CANNOT!
- Johnny Depp",https://pbs.twimg.com/profile_images/1374841700267528201/MGhulSRZ_normal.jpg,Maya,1083684049,2013-01-12T17:55:57.000Z,,1406,806,50490,8,mayak215,ישראל,,
Twitter for Android,"[{'type': 'retweeted', 'id': '1114844583257628673'}]",2610930064,1114866338781179905,2019-04-07T12:23:43.000Z,RT @DwtsHolker: I suppose you don't get a lot of things... like that you shouldn't abuse your partners for example. https://t.co/sJJ4queO30,en,"[{'start': 116, 'end': 139, 'url': 'https://t.co/sJJ4queO30', 'expanded_url': 'https://twitter.com/realamberheard/status/1113735064267833344', 'display_url': 'twitter.com/realamberheard…'}]",7,0,0,0,Twitter for iPhone,"[{'type': 'quoted', 'id': '1113679218758623233'}]",807003567605227520,1113735064267833344,"[{'start': 25, 'end': 48, 'url': 'https://t.co/lO7ZqSQzZE', 'expanded_url': 'https://twitter.com/emrazz/status/1113679218758623233', 'display_url': 'twitter.com/emrazz/status/…'}]",2019-04-04T09:28:26.000Z,40,82,497,9,I don’t get ihhttttt.... https://t.co/lO7ZqSQzZE,en,"Actor and Activist, semi-professional disruptor, ice cream advocate and shameless teacup yorkie-lover",https://pbs.twimg.com/profile_images/1383196364792680448/N8CdupEu_normal.jpg,Amber Heard,807003567605227520,2016-12-08T23:26:58.000Z,https://t.co/Ze18Ek9SOI,190356,220,1150,566,"Los Angeles, CA",realamberheard,“I can do all things through spite which strengthens me.” me 66:6,https://pbs.twimg.com/profile_images/1473732391617376262/RuvnRXGI_normal.jpg,.,2610930064,2014-06-15T08:57:16.000Z,,578,194,9768,1,thedcp1006,,,
Twitter for Android,"[{'type': 'quoted', 'id': '1113735064267833344'}]",4158369429,1114844583257628673,2019-04-07T10:57:16.000Z,I suppose you don't get a lot of things... like that you shouldn't abuse your partners for example. https://t.co/sJJ4queO30,en,"[{'start': 100, 'end': 123, 'url': 'https://t.co/sJJ4queO30', 'expanded_url': 'https://twitter.com/realamberheard/status/1113735064267833344', 'display_url': 'twitter.com/realamberheard…'}]",7,0,24,0,Twitter for iPhone,"[{'type': 'quoted', 'id': '1113679218758623233'}]",807003567605227520,1113735064267833344,"[{'start': 25, 'end': 48, 'url': 'https://t.co/lO7ZqSQzZE', 'expanded_url': 'https://twitter.com/emrazz/status/1113679218758623233', 'display_url': 'twitter.com/emrazz/status/…'}]",2019-04-04T09:28:26.000Z,40,82,497,9,I don’t get ihhttttt.... https://t.co/lO7ZqSQzZE,en,"Actor and Activist, semi-professional disruptor, ice cream advocate and shameless teacup yorkie-lover",https://pbs.twimg.com/profile_images/1383196364792680448/N8CdupEu_normal.jpg,Amber Heard,807003567605227520,2016-12-08T23:26:58.000Z,https://t.co/Ze18Ek9SOI,190356,220,1150,566,"Los Angeles, CA",realamberheard,𝓒𝓮𝓸 𝓸𝓯 𝓱𝓪𝓽𝓲𝓷𝓰 𝓐𝓶𝓫𝓮𝓻 𝓗𝓮𝓪𝓻𝓭. // 𝓢𝓽𝓻𝓮𝓪𝓶 𝓓𝓪𝓷𝓬𝓲𝓷𝓰 𝔀𝓲𝓽𝓱 𝓽𝓱𝓮 𝓓𝓮𝓿𝓲𝓵... 𝓽𝓱𝓮 𝓪𝓻𝓽 𝓸𝓯 𝓼𝓽𝓪𝓻𝓽𝓲𝓷𝓰 𝓸𝓿𝓮𝓻. 🤍🖤,https://pbs.twimg.com/profile_images/1478504269712134148/2dXXzaRZ_normal.jpg,𝓭𝔀𝓽𝓭𝓽𝓪𝓸𝓼𝓸,4158369429,2015-11-10T18:55:34.000Z,,244,161,9301,2,planetaintshit,,,
Twitter Web Client,"[{'type': 'quoted', 'id': '1113735064267833344'}]",1112951345840119808,1114162550017527809,2019-04-05T13:47:06.000Z,@realamberheard I think i know what it is but I'm not sure whether what I'm thinking is correct or wrong lol 🙄...... https://t.co/xseDZxaB1T,en,"[{'start': 117, 'end': 140, 'url': 'https://t.co/xseDZxaB1T', 'expanded_url': 'https://twitter.com/realamberheard/status/1113735064267833344', 'display_url': 'twitter.com/realamberheard…'}]",0,0,0,0,Twitter for iPhone,"[{'type': 'quoted', 'id': '1113679218758623233'}]",807003567605227520,1113735064267833344,"[{'start': 25, 'end': 48, 'url': 'https://t.co/lO7ZqSQzZE', 'expanded_url': 'https://twitter.com/emrazz/status/1113679218758623233', 'display_url': 'twitter.com/emrazz/status/…'}]",2019-04-04T09:28:26.000Z,40,82,497,9,I don’t get ihhttttt.... https://t.co/lO7ZqSQzZE,en,"Actor and Activist, semi-professional disruptor, ice cream advocate and shameless teacup yorkie-lover",https://pbs.twimg.com/profile_images/1383196364792680448/N8CdupEu_normal.jpg,Amber Heard,807003567605227520,2016-12-08T23:26:58.000Z,https://t.co/Ze18Ek9SOI,190356,220,1150,566,"Los Angeles, CA",realamberheard,"Undergraduate Software Engineer 🙃. Huuuuuuuuuuge Fan Of Amber Heard 🤩. #amberheardgang #sacrificingforamber #saveouramberheard 
#wearewithyouamber",https://pbs.twimg.com/profile_images/1112952260827496453/jT2Nmh1z_normal.png,Susara Ruwantha,1112951345840119808,2019-04-02T05:34:13.000Z,,8,54,82,0,RuwanthaSusara,"Los Angeles, CA",807003567605227520,"[{'start': 0, 'end': 15, 'username': 'realamberheard', 'id': '807003567605227520'}]"
Twitter for Android,"[{'type': 'quoted', 'id': '1113735064267833344'}]",938055318424211456,1113737046600892417,2019-04-04T09:36:18.000Z,"La première réponse : ''what if the man knows more than you'' 
L'indécence à l'état pur https://t.co/0SoQVcqylF",fr,"[{'start': 88, 'end': 111, 'url': 'https://t.co/0SoQVcqylF', 'expanded_url': 'https://twitter.com/realamberheard/status/1113735064267833344', 'display_url': 'twitter.com/realamberheard…'}]",0,0,1,0,Twitter for iPhone,"[{'type': 'quoted', 'id': '1113679218758623233'}]",807003567605227520,1113735064267833344,"[{'start': 25, 'end': 48, 'url': 'https://t.co/lO7ZqSQzZE', 'expanded_url': 'https://twitter.com/emrazz/status/1113679218758623233', 'display_url': 'twitter.com/emrazz/status/…'}]",2019-04-04T09:28:26.000Z,40,82,497,9,I don’t get ihhttttt.... https://t.co/lO7ZqSQzZE,en,"Actor and Activist, semi-professional disruptor, ice cream advocate and shameless teacup yorkie-lover",https://pbs.twimg.com/profile_images/1383196364792680448/N8CdupEu_normal.jpg,Amber Heard,807003567605227520,2016-12-08T23:26:58.000Z,https://t.co/Ze18Ek9SOI,190356,220,1150,566,"Los Angeles, CA",realamberheard,"would you take my hand and make a shadow ?                                        
                           
he / they

🌈

Nea main on DBD 'cuz I'm a Gemini",https://pbs.twimg.com/profile_images/1496452195469991942/WlMc5MbK_normal.jpg,dollanganger eye,938055318424211456,2017-12-05T14:39:50.000Z,https://t.co/6tBGdBMHSU,279,346,42124,0,akhleikingdom,INFP-T / type 4w5 / Fillorian ,,
