text,source,referenced_tweets,lang,id,created_at,author_id,public_metrics.retweet_count,public_metrics.reply_count,public_metrics.like_count,public_metrics.quote_count,entities.urls,entities.hashtags,quoted_tweet.text,quoted_tweet.source,quoted_tweet.public_metrics.retweet_count,quoted_tweet.public_metrics.reply_count,quoted_tweet.public_metrics.like_count,quoted_tweet.public_metrics.quote_count,quoted_tweet.lang,quoted_tweet.id,quoted_tweet.created_at,quoted_tweet.entities.mentions,quoted_tweet.entities.annotations,quoted_tweet.entities.urls,quoted_tweet.entities.hashtags,quoted_tweet.author_id,quoted_tweet.author.public_metrics.followers_count,quoted_tweet.author.public_metrics.following_count,quoted_tweet.author.public_metrics.tweet_count,quoted_tweet.author.public_metrics.listed_count,quoted_tweet.author.location,quoted_tweet.author.profile_image_url,quoted_tweet.author.url,quoted_tweet.author.username,quoted_tweet.author.description,quoted_tweet.author.id,quoted_tweet.author.name,quoted_tweet.author.created_at,author.public_metrics.followers_count,author.public_metrics.following_count,author.public_metrics.tweet_count,author.public_metrics.listed_count,author.location,author.profile_image_url,author.url,author.username,author.description,author.id,author.name,author.created_at,entities.mentions,in_reply_to_user_id,entities.annotations
Then get used to being called one for the rest of your life as of today. #AmberHeardIsFired https://t.co/7SWbb2ar6k,Twitter for iPhone,"[{'type': 'quoted', 'id': '1113185803364995077'}]",en,1259550301587193858,2020-05-10T18:26:07.000Z,1076159677312970752,0,0,0,0,"[{'start': 92, 'end': 115, 'url': 'https://t.co/7SWbb2ar6k', 'expanded_url': 'https://twitter.com/realamberheard/status/1113185803364995077', 'display_url': 'twitter.com/realamberheard…'}]","[{'start': 73, 'end': 91, 'tag': 'AmberHeardIsFired'}]","In honor of #EqualPayDay I dug out this old interview I did a few yrs ago for the @TheEconomist on the gender pay gap in Hollywood: Why being called a ""bitch"" in Hollywood isn't all bad | The... https://t.co/lewApPtJqi via @YouTube https://t.co/ugH3QfbBOT",Twitter for iPad,118,85,971,18,en,1113185803364995077,2019-04-02T21:05:52.000Z,"[{'start': 82, 'end': 95, 'username': 'TheEconomist', 'id': '5988062'}, {'start': 223, 'end': 231, 'username': 'YouTube', 'id': '10228272'}]","[{'start': 121, 'end': 129, 'probability': 0.9605, 'type': 'Place', 'normalized_text': 'Hollywood'}, {'start': 162, 'end': 170, 'probability': 0.9311, 'type': 'Place', 'normalized_text': 'Hollywood'}]","[{'start': 195, 'end': 218, 'url': 'https://t.co/lewApPtJqi', 'expanded_url': 'https://youtu.be/yOFDi0ZchE8', 'display_url': 'youtu.be/yOFDi0ZchE8'}, {'start': 232, 'end': 255, 'url': 'https://t.co/ugH3QfbBOT', 'expanded_url': 'https://twitter.com/realamberheard/status/1113185803364995077/photo/1', 'display_url': 'pic.twitter.com/ugH3QfbBOT'}]","[{'start': 12, 'end': 24, 'tag': 'EqualPayDay'}]",807003567605227520,190356,220,1150,566,"Los Angeles, CA",https://pbs.twimg.com/profile_images/1383196364792680448/N8CdupEu_normal.jpg,https://t.co/Ze18Ek9SOI,realamberheard,"Actor and Activist, semi-professional disruptor, ice cream advocate and shameless teacup yorkie-lover",807003567605227520,Amber Heard,2016-12-08T23:26:58.000Z,1142,1090,196455,13,Amsterdam Netherlands,https://pbs.twimg.com/profile_images/1503718277494755334/3W09k7Zd_normal.jpg,,ReineDuLeon,I dream being the first princess with autism. Proud zusje of @AvocadoMangoes,1076159677312970752,Aylin,2018-12-21T16:57:15.000Z,,,
You're not a bitch. Bitches have are some what decent. You're a cunt. https://t.co/LT1GAeTtUC,Twitter for Android,"[{'type': 'quoted', 'id': '1113185803364995077'}]",en,1120276973329063937,2019-04-22T10:43:38.000Z,75687745,0,0,0,0,"[{'start': 70, 'end': 93, 'url': 'https://t.co/LT1GAeTtUC', 'expanded_url': 'https://twitter.com/realamberheard/status/1113185803364995077', 'display_url': 'twitter.com/realamberheard…'}]",,"In honor of #EqualPayDay I dug out this old interview I did a few yrs ago for the @TheEconomist on the gender pay gap in Hollywood: Why being called a ""bitch"" in Hollywood isn't all bad | The... https://t.co/lewApPtJqi via @YouTube https://t.co/ugH3QfbBOT",Twitter for iPad,118,85,971,18,en,1113185803364995077,2019-04-02T21:05:52.000Z,"[{'start': 82, 'end': 95, 'username': 'TheEconomist', 'id': '5988062'}, {'start': 223, 'end': 231, 'username': 'YouTube', 'id': '10228272'}]","[{'start': 121, 'end': 129, 'probability': 0.9605, 'type': 'Place', 'normalized_text': 'Hollywood'}, {'start': 162, 'end': 170, 'probability': 0.9311, 'type': 'Place', 'normalized_text': 'Hollywood'}]","[{'start': 195, 'end': 218, 'url': 'https://t.co/lewApPtJqi', 'expanded_url': 'https://youtu.be/yOFDi0ZchE8', 'display_url': 'youtu.be/yOFDi0ZchE8'}, {'start': 232, 'end': 255, 'url': 'https://t.co/ugH3QfbBOT', 'expanded_url': 'https://twitter.com/realamberheard/status/1113185803364995077/photo/1', 'display_url': 'pic.twitter.com/ugH3QfbBOT'}]","[{'start': 12, 'end': 24, 'tag': 'EqualPayDay'}]",807003567605227520,190356,220,1150,566,"Los Angeles, CA",https://pbs.twimg.com/profile_images/1383196364792680448/N8CdupEu_normal.jpg,https://t.co/Ze18Ek9SOI,realamberheard,"Actor and Activist, semi-professional disruptor, ice cream advocate and shameless teacup yorkie-lover",807003567605227520,Amber Heard,2016-12-08T23:26:58.000Z,358,789,30467,0,Australia,https://pbs.twimg.com/profile_images/1214830913369935873/t2rz84pb_normal.jpg,,Eelectric_Diva,"🇭🇲☦🍩 
Seyfo1915
Othurayto🤍💙💛❤🤍
.every genocide matters.
.everyone matters.

ܐܬܪܐ",75687745,Azrael ❤💙☀️💙❤ܐܬܪܐ,2009-09-20T01:16:38.000Z,,,
people no who thru are     YOUR  PHYCO BITCH https://t.co/Rcm1H9HPDk,Twitter for Android,"[{'type': 'quoted', 'id': '1113185803364995077'}]",en,1117466702730682369,2019-04-14T16:36:38.000Z,1062159285155696641,0,0,0,0,"[{'start': 45, 'end': 68, 'url': 'https://t.co/Rcm1H9HPDk', 'expanded_url': 'https://twitter.com/realamberheard/status/1113185803364995077', 'display_url': 'twitter.com/realamberheard…'}]",,"In honor of #EqualPayDay I dug out this old interview I did a few yrs ago for the @TheEconomist on the gender pay gap in Hollywood: Why being called a ""bitch"" in Hollywood isn't all bad | The... https://t.co/lewApPtJqi via @YouTube https://t.co/ugH3QfbBOT",Twitter for iPad,118,85,971,18,en,1113185803364995077,2019-04-02T21:05:52.000Z,"[{'start': 82, 'end': 95, 'username': 'TheEconomist', 'id': '5988062'}, {'start': 223, 'end': 231, 'username': 'YouTube', 'id': '10228272'}]","[{'start': 121, 'end': 129, 'probability': 0.9605, 'type': 'Place', 'normalized_text': 'Hollywood'}, {'start': 162, 'end': 170, 'probability': 0.9311, 'type': 'Place', 'normalized_text': 'Hollywood'}]","[{'start': 195, 'end': 218, 'url': 'https://t.co/lewApPtJqi', 'expanded_url': 'https://youtu.be/yOFDi0ZchE8', 'display_url': 'youtu.be/yOFDi0ZchE8'}, {'start': 232, 'end': 255, 'url': 'https://t.co/ugH3QfbBOT', 'expanded_url': 'https://twitter.com/realamberheard/status/1113185803364995077/photo/1', 'display_url': 'pic.twitter.com/ugH3QfbBOT'}]","[{'start': 12, 'end': 24, 'tag': 'EqualPayDay'}]",807003567605227520,190356,220,1150,566,"Los Angeles, CA",https://pbs.twimg.com/profile_images/1383196364792680448/N8CdupEu_normal.jpg,https://t.co/Ze18Ek9SOI,realamberheard,"Actor and Activist, semi-professional disruptor, ice cream advocate and shameless teacup yorkie-lover",807003567605227520,Amber Heard,2016-12-08T23:26:58.000Z,35,84,500,0,"Illinois, USA",https://pbs.twimg.com/profile_images/1066384444003627009/Nm7b0HnP_normal.jpg,,Shirl53322419,ILL,1062159285155696641,Shirl Bloodworth,2018-11-13T01:44:42.000Z,,,
"Number one, no one deserve to be abused especially physically in what you and your sister went through.  Two, in reference to this photo of being a bitch, my wife told me that the word bitch means beautiful...intelligent...talented...and cute as hell.  I love you❤️ https://t.co/C54Va1xx5q",Twitter for iPhone,"[{'type': 'quoted', 'id': '1113185803364995077'}]",en,1117201262590746630,2019-04-13T23:01:52.000Z,1096848147945525248,0,0,0,0,"[{'start': 266, 'end': 289, 'url': 'https://t.co/C54Va1xx5q', 'expanded_url': 'https://twitter.com/realamberheard/status/1113185803364995077', 'display_url': 'twitter.com/realamberheard…'}]",,"In honor of #EqualPayDay I dug out this old interview I did a few yrs ago for the @TheEconomist on the gender pay gap in Hollywood: Why being called a ""bitch"" in Hollywood isn't all bad | The... https://t.co/lewApPtJqi via @YouTube https://t.co/ugH3QfbBOT",Twitter for iPad,118,85,971,18,en,1113185803364995077,2019-04-02T21:05:52.000Z,"[{'start': 82, 'end': 95, 'username': 'TheEconomist', 'id': '5988062'}, {'start': 223, 'end': 231, 'username': 'YouTube', 'id': '10228272'}]","[{'start': 121, 'end': 129, 'probability': 0.9605, 'type': 'Place', 'normalized_text': 'Hollywood'}, {'start': 162, 'end': 170, 'probability': 0.9311, 'type': 'Place', 'normalized_text': 'Hollywood'}]","[{'start': 195, 'end': 218, 'url': 'https://t.co/lewApPtJqi', 'expanded_url': 'https://youtu.be/yOFDi0ZchE8', 'display_url': 'youtu.be/yOFDi0ZchE8'}, {'start': 232, 'end': 255, 'url': 'https://t.co/ugH3QfbBOT', 'expanded_url': 'https://twitter.com/realamberheard/status/1113185803364995077/photo/1', 'display_url': 'pic.twitter.com/ugH3QfbBOT'}]","[{'start': 12, 'end': 24, 'tag': 'EqualPayDay'}]",807003567605227520,190356,220,1150,566,"Los Angeles, CA",https://pbs.twimg.com/profile_images/1383196364792680448/N8CdupEu_normal.jpg,https://t.co/Ze18Ek9SOI,realamberheard,"Actor and Activist, semi-professional disruptor, ice cream advocate and shameless teacup yorkie-lover",807003567605227520,Amber Heard,2016-12-08T23:26:58.000Z,2903,5009,40995,1,U.S.A,https://pbs.twimg.com/profile_images/1144951779068665857/YEMW5CyE_normal.jpg,,JaredSethDiamo1,"I am southpaw Jew from Philly, retired 20 years from NAVY, current job as C-130 Aircraft Electrician. I believe ALL women of ALL types are WONDER WOMAN🙅🏻‍♀️💪",1096848147945525248,✡️Wonder Woman Empire ⚓️🇺🇸🇮🇱🏳️‍🌈✡️,2019-02-16T19:05:51.000Z,,,
"For one thing a woman as beautiful and vocal as you is never a bitch. She's just telling the truth and people don't like hearing the truth from beautiful ladies. They think they're just eye candy with no opinions. But you have a voice, so use it loud and clear!! You're smart too! https://t.co/Mc2L6jIeIG",Twitter Web App,"[{'type': 'quoted', 'id': '1113185803364995077'}]",en,1115065456577191937,2019-04-08T01:34:56.000Z,1102039215427194881,0,0,0,0,"[{'start': 281, 'end': 304, 'url': 'https://t.co/Mc2L6jIeIG', 'expanded_url': 'https://twitter.com/realamberheard/status/1113185803364995077', 'display_url': 'twitter.com/realamberheard…'}]",,"In honor of #EqualPayDay I dug out this old interview I did a few yrs ago for the @TheEconomist on the gender pay gap in Hollywood: Why being called a ""bitch"" in Hollywood isn't all bad | The... https://t.co/lewApPtJqi via @YouTube https://t.co/ugH3QfbBOT",Twitter for iPad,118,85,971,18,en,1113185803364995077,2019-04-02T21:05:52.000Z,"[{'start': 82, 'end': 95, 'username': 'TheEconomist', 'id': '5988062'}, {'start': 223, 'end': 231, 'username': 'YouTube', 'id': '10228272'}]","[{'start': 121, 'end': 129, 'probability': 0.9605, 'type': 'Place', 'normalized_text': 'Hollywood'}, {'start': 162, 'end': 170, 'probability': 0.9311, 'type': 'Place', 'normalized_text': 'Hollywood'}]","[{'start': 195, 'end': 218, 'url': 'https://t.co/lewApPtJqi', 'expanded_url': 'https://youtu.be/yOFDi0ZchE8', 'display_url': 'youtu.be/yOFDi0ZchE8'}, {'start': 232, 'end': 255, 'url': 'https://t.co/ugH3QfbBOT', 'expanded_url': 'https://twitter.com/realamberheard/status/1113185803364995077/photo/1', 'display_url': 'pic.twitter.com/ugH3QfbBOT'}]","[{'start': 12, 'end': 24, 'tag': 'EqualPayDay'}]",807003567605227520,190356,220,1150,566,"Los Angeles, CA",https://pbs.twimg.com/profile_images/1383196364792680448/N8CdupEu_normal.jpg,https://t.co/Ze18Ek9SOI,realamberheard,"Actor and Activist, semi-professional disruptor, ice cream advocate and shameless teacup yorkie-lover",807003567605227520,Amber Heard,2016-12-08T23:26:58.000Z,580,2410,2726,11,"Pittsburgh, PA",https://abs.twimg.com/sticky/default_profile_images/default_profile_normal.png,,divito_tim,"I am a poet, writer and lyricist. I have 12552 poems written and 115 published. I have over 200 lyrics and 14 songs written. I also wrote the Blue Sphere.",1102039215427194881,Tim DiVito,2019-03-03T02:53:18.000Z,,,
You give people an endless amount of reasons to do so that's for sure. https://t.co/8JGFZpfN8W,Twitter Web Client,"[{'type': 'quoted', 'id': '1113185803364995077'}]",en,1114952658564145152,2019-04-07T18:06:43.000Z,834014431,0,0,1,0,"[{'start': 71, 'end': 94, 'url': 'https://t.co/8JGFZpfN8W', 'expanded_url': 'https://twitter.com/realamberheard/status/1113185803364995077', 'display_url': 'twitter.com/realamberheard…'}]",,"In honor of #EqualPayDay I dug out this old interview I did a few yrs ago for the @TheEconomist on the gender pay gap in Hollywood: Why being called a ""bitch"" in Hollywood isn't all bad | The... https://t.co/lewApPtJqi via @YouTube https://t.co/ugH3QfbBOT",Twitter for iPad,118,85,971,18,en,1113185803364995077,2019-04-02T21:05:52.000Z,"[{'start': 82, 'end': 95, 'username': 'TheEconomist', 'id': '5988062'}, {'start': 223, 'end': 231, 'username': 'YouTube', 'id': '10228272'}]","[{'start': 121, 'end': 129, 'probability': 0.9605, 'type': 'Place', 'normalized_text': 'Hollywood'}, {'start': 162, 'end': 170, 'probability': 0.9311, 'type': 'Place', 'normalized_text': 'Hollywood'}]","[{'start': 195, 'end': 218, 'url': 'https://t.co/lewApPtJqi', 'expanded_url': 'https://youtu.be/yOFDi0ZchE8', 'display_url': 'youtu.be/yOFDi0ZchE8'}, {'start': 232, 'end': 255, 'url': 'https://t.co/ugH3QfbBOT', 'expanded_url': 'https://twitter.com/realamberheard/status/1113185803364995077/photo/1', 'display_url': 'pic.twitter.com/ugH3QfbBOT'}]","[{'start': 12, 'end': 24, 'tag': 'EqualPayDay'}]",807003567605227520,190356,220,1150,566,"Los Angeles, CA",https://pbs.twimg.com/profile_images/1383196364792680448/N8CdupEu_normal.jpg,https://t.co/Ze18Ek9SOI,realamberheard,"Actor and Activist, semi-professional disruptor, ice cream advocate and shameless teacup yorkie-lover",807003567605227520,Amber Heard,2016-12-08T23:26:58.000Z,1116,5001,51482,1,"Mesopotamia, Greece",https://pbs.twimg.com/profile_images/1436587942647042050/0Ksjh5tp_normal.jpg,https://t.co/jhG9nc6cSt,clubmarkgirard,I don't care what you think of me.,834014431,"Mark ""toxic white male"" Girard",2012-09-19T19:46:40.000Z,,,
"RT @AbbyMoore900: @Migotka_90 
I know U Are a Bitch :) https://t.co/W0Ze50raGV",Twitter for Android,"[{'type': 'retweeted', 'id': '1113435272883122178'}]",en,1113435839697227777,2019-04-03T13:39:25.000Z,948591267998466048,1,0,0,0,"[{'start': 55, 'end': 78, 'url': 'https://t.co/W0Ze50raGV', 'expanded_url': 'https://twitter.com/realamberheard/status/1113185803364995077', 'display_url': 'twitter.com/realamberheard…'}]",,"In honor of #EqualPayDay I dug out this old interview I did a few yrs ago for the @TheEconomist on the gender pay gap in Hollywood: Why being called a ""bitch"" in Hollywood isn't all bad | The... https://t.co/lewApPtJqi via @YouTube https://t.co/ugH3QfbBOT",Twitter for iPad,118,85,971,18,en,1113185803364995077,2019-04-02T21:05:52.000Z,"[{'start': 82, 'end': 95, 'username': 'TheEconomist', 'id': '5988062'}, {'start': 223, 'end': 231, 'username': 'YouTube', 'id': '10228272'}]","[{'start': 121, 'end': 129, 'probability': 0.9605, 'type': 'Place', 'normalized_text': 'Hollywood'}, {'start': 162, 'end': 170, 'probability': 0.9311, 'type': 'Place', 'normalized_text': 'Hollywood'}]","[{'start': 195, 'end': 218, 'url': 'https://t.co/lewApPtJqi', 'expanded_url': 'https://youtu.be/yOFDi0ZchE8', 'display_url': 'youtu.be/yOFDi0ZchE8'}, {'start': 232, 'end': 255, 'url': 'https://t.co/ugH3QfbBOT', 'expanded_url': 'https://twitter.com/realamberheard/status/1113185803364995077/photo/1', 'display_url': 'pic.twitter.com/ugH3QfbBOT'}]","[{'start': 12, 'end': 24, 'tag': 'EqualPayDay'}]",807003567605227520,190356,220,1150,566,"Los Angeles, CA",https://pbs.twimg.com/profile_images/1383196364792680448/N8CdupEu_normal.jpg,https://t.co/Ze18Ek9SOI,realamberheard,"Actor and Activist, semi-professional disruptor, ice cream advocate and shameless teacup yorkie-lover",807003567605227520,Amber Heard,2016-12-08T23:26:58.000Z,170,1061,1005,1,"Ostróda, Polska",https://pbs.twimg.com/profile_images/1112764088269111298/iEHchcHa_normal.png,https://t.co/Gtt9ggC5ss,Migotka_90,proud depphead,948591267998466048,Maddie,2018-01-03T16:25:57.000Z,"[{'start': 3, 'end': 16, 'username': 'AbbyMoore900', 'id': '1112040945439129605'}, {'start': 18, 'end': 29, 'username': 'Migotka_90', 'id': '948591267998466048'}]",,
"@Migotka_90 
I know U Are a Bitch :) https://t.co/W0Ze50raGV",Twitter for Android,"[{'type': 'quoted', 'id': '1113185803364995077'}]",en,1113435272883122178,2019-04-03T13:37:10.000Z,1112040945439129605,1,0,2,0,"[{'start': 37, 'end': 60, 'url': 'https://t.co/W0Ze50raGV', 'expanded_url': 'https://twitter.com/realamberheard/status/1113185803364995077', 'display_url': 'twitter.com/realamberheard…'}]",,"In honor of #EqualPayDay I dug out this old interview I did a few yrs ago for the @TheEconomist on the gender pay gap in Hollywood: Why being called a ""bitch"" in Hollywood isn't all bad | The... https://t.co/lewApPtJqi via @YouTube https://t.co/ugH3QfbBOT",Twitter for iPad,118,85,971,18,en,1113185803364995077,2019-04-02T21:05:52.000Z,"[{'start': 82, 'end': 95, 'username': 'TheEconomist', 'id': '5988062'}, {'start': 223, 'end': 231, 'username': 'YouTube', 'id': '10228272'}]","[{'start': 121, 'end': 129, 'probability': 0.9605, 'type': 'Place', 'normalized_text': 'Hollywood'}, {'start': 162, 'end': 170, 'probability': 0.9311, 'type': 'Place', 'normalized_text': 'Hollywood'}]","[{'start': 195, 'end': 218, 'url': 'https://t.co/lewApPtJqi', 'expanded_url': 'https://youtu.be/yOFDi0ZchE8', 'display_url': 'youtu.be/yOFDi0ZchE8'}, {'start': 232, 'end': 255, 'url': 'https://t.co/ugH3QfbBOT', 'expanded_url': 'https://twitter.com/realamberheard/status/1113185803364995077/photo/1', 'display_url': 'pic.twitter.com/ugH3QfbBOT'}]","[{'start': 12, 'end': 24, 'tag': 'EqualPayDay'}]",807003567605227520,190356,220,1150,566,"Los Angeles, CA",https://pbs.twimg.com/profile_images/1383196364792680448/N8CdupEu_normal.jpg,https://t.co/Ze18Ek9SOI,realamberheard,"Actor and Activist, semi-professional disruptor, ice cream advocate and shameless teacup yorkie-lover",807003567605227520,Amber Heard,2016-12-08T23:26:58.000Z,4,60,30,0,,https://pbs.twimg.com/profile_images/1112042893026516994/KWn3wCs3_normal.jpg,,AbbyMoore900,,1112040945439129605,AbbyMoore900,2019-03-30T17:16:36.000Z,"[{'start': 0, 'end': 11, 'username': 'Migotka_90', 'id': '948591267998466048'}]",948591267998466048,
"Bitch, everyone has their own opinion but people who support her are fucking stupid. https://t.co/AbZJaLmV1x",Twitter for Android,"[{'type': 'quoted', 'id': '1113185803364995077'}]",en,1113371951257464832,2019-04-03T09:25:33.000Z,2392695949,0,0,0,0,"[{'start': 85, 'end': 108, 'url': 'https://t.co/AbZJaLmV1x', 'expanded_url': 'https://twitter.com/realamberheard/status/1113185803364995077', 'display_url': 'twitter.com/realamberheard…'}]",,"In honor of #EqualPayDay I dug out this old interview I did a few yrs ago for the @TheEconomist on the gender pay gap in Hollywood: Why being called a ""bitch"" in Hollywood isn't all bad | The... https://t.co/lewApPtJqi via @YouTube https://t.co/ugH3QfbBOT",Twitter for iPad,118,85,971,18,en,1113185803364995077,2019-04-02T21:05:52.000Z,"[{'start': 82, 'end': 95, 'username': 'TheEconomist', 'id': '5988062'}, {'start': 223, 'end': 231, 'username': 'YouTube', 'id': '10228272'}]","[{'start': 121, 'end': 129, 'probability': 0.9605, 'type': 'Place', 'normalized_text': 'Hollywood'}, {'start': 162, 'end': 170, 'probability': 0.9311, 'type': 'Place', 'normalized_text': 'Hollywood'}]","[{'start': 195, 'end': 218, 'url': 'https://t.co/lewApPtJqi', 'expanded_url': 'https://youtu.be/yOFDi0ZchE8', 'display_url': 'youtu.be/yOFDi0ZchE8'}, {'start': 232, 'end': 255, 'url': 'https://t.co/ugH3QfbBOT', 'expanded_url': 'https://twitter.com/realamberheard/status/1113185803364995077/photo/1', 'display_url': 'pic.twitter.com/ugH3QfbBOT'}]","[{'start': 12, 'end': 24, 'tag': 'EqualPayDay'}]",807003567605227520,190356,220,1150,566,"Los Angeles, CA",https://pbs.twimg.com/profile_images/1383196364792680448/N8CdupEu_normal.jpg,https://t.co/Ze18Ek9SOI,realamberheard,"Actor and Activist, semi-professional disruptor, ice cream advocate and shameless teacup yorkie-lover",807003567605227520,Amber Heard,2016-12-08T23:26:58.000Z,167,702,7904,0,Malaysia,https://pbs.twimg.com/profile_images/1388522533922635778/NUi8key9_normal.jpg,https://t.co/vvVZZShBs3,Min1082,01,2392695949,Min,2014-03-16T13:06:11.000Z,,,
"Ok.... but why tf do you look like you're trying to be Scarlett Johansson 🧐 you claim that you're better than her, but it just seems like you're jealous of her and want to be her. https://t.co/O51L11C2PV",Twitter for Android,"[{'type': 'quoted', 'id': '1113185803364995077'}]",en,1113324995046805504,2019-04-03T06:18:58.000Z,2781539192,0,0,0,0,"[{'start': 180, 'end': 203, 'url': 'https://t.co/O51L11C2PV', 'expanded_url': 'https://twitter.com/realamberheard/status/1113185803364995077', 'display_url': 'twitter.com/realamberheard…'}]",,"In honor of #EqualPayDay I dug out this old interview I did a few yrs ago for the @TheEconomist on the gender pay gap in Hollywood: Why being called a ""bitch"" in Hollywood isn't all bad | The... https://t.co/lewApPtJqi via @YouTube https://t.co/ugH3QfbBOT",Twitter for iPad,118,85,971,18,en,1113185803364995077,2019-04-02T21:05:52.000Z,"[{'start': 82, 'end': 95, 'username': 'TheEconomist', 'id': '5988062'}, {'start': 223, 'end': 231, 'username': 'YouTube', 'id': '10228272'}]","[{'start': 121, 'end': 129, 'probability': 0.9605, 'type': 'Place', 'normalized_text': 'Hollywood'}, {'start': 162, 'end': 170, 'probability': 0.9311, 'type': 'Place', 'normalized_text': 'Hollywood'}]","[{'start': 195, 'end': 218, 'url': 'https://t.co/lewApPtJqi', 'expanded_url': 'https://youtu.be/yOFDi0ZchE8', 'display_url': 'youtu.be/yOFDi0ZchE8'}, {'start': 232, 'end': 255, 'url': 'https://t.co/ugH3QfbBOT', 'expanded_url': 'https://twitter.com/realamberheard/status/1113185803364995077/photo/1', 'display_url': 'pic.twitter.com/ugH3QfbBOT'}]","[{'start': 12, 'end': 24, 'tag': 'EqualPayDay'}]",807003567605227520,190356,220,1150,566,"Los Angeles, CA",https://pbs.twimg.com/profile_images/1383196364792680448/N8CdupEu_normal.jpg,https://t.co/Ze18Ek9SOI,realamberheard,"Actor and Activist, semi-professional disruptor, ice cream advocate and shameless teacup yorkie-lover",807003567605227520,Amber Heard,2016-12-08T23:26:58.000Z,71,144,4622,2,Mental Hospital,https://pbs.twimg.com/profile_images/1502370377686683648/GOGMpM_C_normal.jpg,https://t.co/dw4ac9J0xA,Effy_Panda,Autistic and definitely not artistic,2781539192,Effy ☠️ (They/Them),2014-08-31T03:38:32.000Z,,,"[{'start': 55, 'end': 72, 'probability': 0.9915, 'type': 'Person', 'normalized_text': 'Scarlett Johansson'}]"
😁😉😘 https://t.co/mvZShmCJTT,Twitter for Android,"[{'type': 'quoted', 'id': '1113185803364995077'}]",und,1113297144167981056,2019-04-03T04:28:17.000Z,980091985812951040,0,0,0,0,"[{'start': 4, 'end': 27, 'url': 'https://t.co/mvZShmCJTT', 'expanded_url': 'https://twitter.com/realamberheard/status/1113185803364995077', 'display_url': 'twitter.com/realamberheard…'}]",,"In honor of #EqualPayDay I dug out this old interview I did a few yrs ago for the @TheEconomist on the gender pay gap in Hollywood: Why being called a ""bitch"" in Hollywood isn't all bad | The... https://t.co/lewApPtJqi via @YouTube https://t.co/ugH3QfbBOT",Twitter for iPad,118,85,971,18,en,1113185803364995077,2019-04-02T21:05:52.000Z,"[{'start': 82, 'end': 95, 'username': 'TheEconomist', 'id': '5988062'}, {'start': 223, 'end': 231, 'username': 'YouTube', 'id': '10228272'}]","[{'start': 121, 'end': 129, 'probability': 0.9605, 'type': 'Place', 'normalized_text': 'Hollywood'}, {'start': 162, 'end': 170, 'probability': 0.9311, 'type': 'Place', 'normalized_text': 'Hollywood'}]","[{'start': 195, 'end': 218, 'url': 'https://t.co/lewApPtJqi', 'expanded_url': 'https://youtu.be/yOFDi0ZchE8', 'display_url': 'youtu.be/yOFDi0ZchE8'}, {'start': 232, 'end': 255, 'url': 'https://t.co/ugH3QfbBOT', 'expanded_url': 'https://twitter.com/realamberheard/status/1113185803364995077/photo/1', 'display_url': 'pic.twitter.com/ugH3QfbBOT'}]","[{'start': 12, 'end': 24, 'tag': 'EqualPayDay'}]",807003567605227520,190356,220,1150,566,"Los Angeles, CA",https://pbs.twimg.com/profile_images/1383196364792680448/N8CdupEu_normal.jpg,https://t.co/Ze18Ek9SOI,realamberheard,"Actor and Activist, semi-professional disruptor, ice cream advocate and shameless teacup yorkie-lover",807003567605227520,Amber Heard,2016-12-08T23:26:58.000Z,25,522,4024,0,,https://pbs.twimg.com/profile_images/1309826291940708352/JExzqIuK_normal.jpg,,Elle1785,,980091985812951040,Cindy 🕉,2018-03-31T14:38:33.000Z,,,
"TRAITOR
Police woman in Silent Hill gets fire.
Told you so. https://t.co/Prr5RWAutG",Twitter Web Client,"[{'type': 'quoted', 'id': '1113185803364995077'}]",en,1113226813818527745,2019-04-02T23:48:49.000Z,782292983530000384,0,0,0,0,"[{'start': 60, 'end': 83, 'url': 'https://t.co/Prr5RWAutG', 'expanded_url': 'https://twitter.com/realamberheard/status/1113185803364995077', 'display_url': 'twitter.com/realamberheard…'}]",,"In honor of #EqualPayDay I dug out this old interview I did a few yrs ago for the @TheEconomist on the gender pay gap in Hollywood: Why being called a ""bitch"" in Hollywood isn't all bad | The... https://t.co/lewApPtJqi via @YouTube https://t.co/ugH3QfbBOT",Twitter for iPad,118,85,971,18,en,1113185803364995077,2019-04-02T21:05:52.000Z,"[{'start': 82, 'end': 95, 'username': 'TheEconomist', 'id': '5988062'}, {'start': 223, 'end': 231, 'username': 'YouTube', 'id': '10228272'}]","[{'start': 121, 'end': 129, 'probability': 0.9605, 'type': 'Place', 'normalized_text': 'Hollywood'}, {'start': 162, 'end': 170, 'probability': 0.9311, 'type': 'Place', 'normalized_text': 'Hollywood'}]","[{'start': 195, 'end': 218, 'url': 'https://t.co/lewApPtJqi', 'expanded_url': 'https://youtu.be/yOFDi0ZchE8', 'display_url': 'youtu.be/yOFDi0ZchE8'}, {'start': 232, 'end': 255, 'url': 'https://t.co/ugH3QfbBOT', 'expanded_url': 'https://twitter.com/realamberheard/status/1113185803364995077/photo/1', 'display_url': 'pic.twitter.com/ugH3QfbBOT'}]","[{'start': 12, 'end': 24, 'tag': 'EqualPayDay'}]",807003567605227520,190356,220,1150,566,"Los Angeles, CA",https://pbs.twimg.com/profile_images/1383196364792680448/N8CdupEu_normal.jpg,https://t.co/Ze18Ek9SOI,realamberheard,"Actor and Activist, semi-professional disruptor, ice cream advocate and shameless teacup yorkie-lover",807003567605227520,Amber Heard,2016-12-08T23:26:58.000Z,55,127,24796,3,Worldwide,https://pbs.twimg.com/profile_images/1122543085966196738/0TGPdI0Q_normal.jpg,,TheGate_tweet,The inevitable inevitability 🧛‍♂️,782292983530000384,José Catarino 隠ネ衛,2016-10-01T18:55:56.000Z,,,"[{'start': 24, 'end': 34, 'probability': 0.926, 'type': 'Place', 'normalized_text': 'Silent Hill'}]"
"Just remember, I been told that bitch stands for Beautiful, Intelligent, Talented, and Cute as Hell.   If all women can remember this, they should take bitch as compliment. https://t.co/C54Va1xx5q",Twitter for iPhone,"[{'type': 'quoted', 'id': '1113185803364995077'}]",en,1113221551372013569,2019-04-02T23:27:55.000Z,1096848147945525248,0,0,0,0,"[{'start': 173, 'end': 196, 'url': 'https://t.co/C54Va1xx5q', 'expanded_url': 'https://twitter.com/realamberheard/status/1113185803364995077', 'display_url': 'twitter.com/realamberheard…'}]",,"In honor of #EqualPayDay I dug out this old interview I did a few yrs ago for the @TheEconomist on the gender pay gap in Hollywood: Why being called a ""bitch"" in Hollywood isn't all bad | The... https://t.co/lewApPtJqi via @YouTube https://t.co/ugH3QfbBOT",Twitter for iPad,118,85,971,18,en,1113185803364995077,2019-04-02T21:05:52.000Z,"[{'start': 82, 'end': 95, 'username': 'TheEconomist', 'id': '5988062'}, {'start': 223, 'end': 231, 'username': 'YouTube', 'id': '10228272'}]","[{'start': 121, 'end': 129, 'probability': 0.9605, 'type': 'Place', 'normalized_text': 'Hollywood'}, {'start': 162, 'end': 170, 'probability': 0.9311, 'type': 'Place', 'normalized_text': 'Hollywood'}]","[{'start': 195, 'end': 218, 'url': 'https://t.co/lewApPtJqi', 'expanded_url': 'https://youtu.be/yOFDi0ZchE8', 'display_url': 'youtu.be/yOFDi0ZchE8'}, {'start': 232, 'end': 255, 'url': 'https://t.co/ugH3QfbBOT', 'expanded_url': 'https://twitter.com/realamberheard/status/1113185803364995077/photo/1', 'display_url': 'pic.twitter.com/ugH3QfbBOT'}]","[{'start': 12, 'end': 24, 'tag': 'EqualPayDay'}]",807003567605227520,190356,220,1150,566,"Los Angeles, CA",https://pbs.twimg.com/profile_images/1383196364792680448/N8CdupEu_normal.jpg,https://t.co/Ze18Ek9SOI,realamberheard,"Actor and Activist, semi-professional disruptor, ice cream advocate and shameless teacup yorkie-lover",807003567605227520,Amber Heard,2016-12-08T23:26:58.000Z,2903,5009,40995,1,U.S.A,https://pbs.twimg.com/profile_images/1144951779068665857/YEMW5CyE_normal.jpg,,JaredSethDiamo1,"I am southpaw Jew from Philly, retired 20 years from NAVY, current job as C-130 Aircraft Electrician. I believe ALL women of ALL types are WONDER WOMAN🙅🏻‍♀️💪",1096848147945525248,✡️Wonder Woman Empire ⚓️🇺🇸🇮🇱🏳️‍🌈✡️,2019-02-16T19:05:51.000Z,,,
You should probably be talking about the women who desperately need to be getting equal pay the Hollywood pay gap isn't the same as real pay gaps https://t.co/pTsFO29vXo,Twitter for Android,"[{'type': 'quoted', 'id': '1113185803364995077'}]",en,1113189413901803521,2019-04-02T21:20:12.000Z,1295911188,0,0,0,0,"[{'start': 146, 'end': 169, 'url': 'https://t.co/pTsFO29vXo', 'expanded_url': 'https://twitter.com/realamberheard/status/1113185803364995077', 'display_url': 'twitter.com/realamberheard…'}]",,"In honor of #EqualPayDay I dug out this old interview I did a few yrs ago for the @TheEconomist on the gender pay gap in Hollywood: Why being called a ""bitch"" in Hollywood isn't all bad | The... https://t.co/lewApPtJqi via @YouTube https://t.co/ugH3QfbBOT",Twitter for iPad,118,85,971,18,en,1113185803364995077,2019-04-02T21:05:52.000Z,"[{'start': 82, 'end': 95, 'username': 'TheEconomist', 'id': '5988062'}, {'start': 223, 'end': 231, 'username': 'YouTube', 'id': '10228272'}]","[{'start': 121, 'end': 129, 'probability': 0.9605, 'type': 'Place', 'normalized_text': 'Hollywood'}, {'start': 162, 'end': 170, 'probability': 0.9311, 'type': 'Place', 'normalized_text': 'Hollywood'}]","[{'start': 195, 'end': 218, 'url': 'https://t.co/lewApPtJqi', 'expanded_url': 'https://youtu.be/yOFDi0ZchE8', 'display_url': 'youtu.be/yOFDi0ZchE8'}, {'start': 232, 'end': 255, 'url': 'https://t.co/ugH3QfbBOT', 'expanded_url': 'https://twitter.com/realamberheard/status/1113185803364995077/photo/1', 'display_url': 'pic.twitter.com/ugH3QfbBOT'}]","[{'start': 12, 'end': 24, 'tag': 'EqualPayDay'}]",807003567605227520,190356,220,1150,566,"Los Angeles, CA",https://pbs.twimg.com/profile_images/1383196364792680448/N8CdupEu_normal.jpg,https://t.co/Ze18Ek9SOI,realamberheard,"Actor and Activist, semi-professional disruptor, ice cream advocate and shameless teacup yorkie-lover",807003567605227520,Amber Heard,2016-12-08T23:26:58.000Z,1616,3752,476366,65,Cyprus,https://pbs.twimg.com/profile_images/1357986248347029507/kG9CMYy5_normal.jpg,,MOVIESTVMAD,ayia Napa reality star I write direct and star in my own plays here in Cyprus I'm still seeing a shrink after 6 months in Hollywood 🤣,1295911188,Mick minas,2013-03-24T16:59:44.000Z,,,"[{'start': 96, 'end': 104, 'probability': 0.6024, 'type': 'Place', 'normalized_text': 'Hollywood'}]"
Let's play a game: How to get blocked by @realamberheard without cussing. https://t.co/2LQx9Ot7ql,Twitter Web Client,,en,1113188635418009600,2019-04-02T21:17:07.000Z,1112756109981421568,0,1,0,0,"[{'start': 74, 'end': 97, 'url': 'https://t.co/2LQx9Ot7ql', 'expanded_url': 'https://twitter.com/realamberheard/status/1113185803364995077', 'display_url': 'twitter.com/realamberheard…'}]",,"In honor of #EqualPayDay I dug out this old interview I did a few yrs ago for the @TheEconomist on the gender pay gap in Hollywood: Why being called a ""bitch"" in Hollywood isn't all bad | The... https://t.co/lewApPtJqi via @YouTube https://t.co/ugH3QfbBOT",Twitter for iPad,118,85,971,18,en,1113185803364995077,2019-04-02T21:05:52.000Z,"[{'start': 82, 'end': 95, 'username': 'TheEconomist', 'id': '5988062'}, {'start': 223, 'end': 231, 'username': 'YouTube', 'id': '10228272'}]","[{'start': 121, 'end': 129, 'probability': 0.9605, 'type': 'Place', 'normalized_text': 'Hollywood'}, {'start': 162, 'end': 170, 'probability': 0.9311, 'type': 'Place', 'normalized_text': 'Hollywood'}]","[{'start': 195, 'end': 218, 'url': 'https://t.co/lewApPtJqi', 'expanded_url': 'https://youtu.be/yOFDi0ZchE8', 'display_url': 'youtu.be/yOFDi0ZchE8'}, {'start': 232, 'end': 255, 'url': 'https://t.co/ugH3QfbBOT', 'expanded_url': 'https://twitter.com/realamberheard/status/1113185803364995077/photo/1', 'display_url': 'pic.twitter.com/ugH3QfbBOT'}]","[{'start': 12, 'end': 24, 'tag': 'EqualPayDay'}]",807003567605227520,190356,220,1150,566,"Los Angeles, CA",https://pbs.twimg.com/profile_images/1383196364792680448/N8CdupEu_normal.jpg,https://t.co/Ze18Ek9SOI,realamberheard,"Actor and Activist, semi-professional disruptor, ice cream advocate and shameless teacup yorkie-lover",807003567605227520,Amber Heard,2016-12-08T23:26:58.000Z,1496,293,66922,2,Switzerland ,https://pbs.twimg.com/profile_images/1460264624679440387/96MQiiu4_normal.jpg,https://t.co/zJ6he1uNoq,96_lumos,medical student,1112756109981421568,Lumos,2019-04-01T16:38:25.000Z,"[{'start': 41, 'end': 56, 'username': 'realamberheard', 'id': '807003567605227520'}]",,
