referenced_tweets,id,created_at,text,author_id,lang,source,entities.urls,public_metrics.retweet_count,public_metrics.reply_count,public_metrics.like_count,public_metrics.quote_count,quoted_tweet.entities.urls,quoted_tweet.entities.mentions,quoted_tweet.referenced_tweets,quoted_tweet.id,quoted_tweet.created_at,quoted_tweet.text,quoted_tweet.public_metrics.retweet_count,quoted_tweet.public_metrics.reply_count,quoted_tweet.public_metrics.like_count,quoted_tweet.public_metrics.quote_count,quoted_tweet.author_id,quoted_tweet.lang,quoted_tweet.source,quoted_tweet.author.public_metrics.followers_count,quoted_tweet.author.public_metrics.following_count,quoted_tweet.author.public_metrics.tweet_count,quoted_tweet.author.public_metrics.listed_count,quoted_tweet.author.created_at,quoted_tweet.author.name,quoted_tweet.author.username,quoted_tweet.author.profile_image_url,quoted_tweet.author.location,quoted_tweet.author.id,quoted_tweet.author.url,quoted_tweet.author.description,author.public_metrics.followers_count,author.public_metrics.following_count,author.public_metrics.tweet_count,author.public_metrics.listed_count,author.created_at,author.name,author.username,author.profile_image_url,author.location,author.id,author.url,author.description,entities.mentions,entities.annotations,entities.hashtags
"[{'type': 'quoted', 'id': '1118025601149833216'}]",1118398799960002561,2019-04-17T06:20:27.000Z,"Conversion therapy should be illegal.  It causes a great deal of harm.

Good for @IllhanMN in taking a stand against it. Step by step we will get there.

An aside, I quite admire the Representative for standing up for her constituants. She's clearly doing her job well. https://t.co/oNdV8HIXNk",930476534095400960,en,Twitter Web App,"[{'start': 270, 'end': 293, 'url': 'https://t.co/oNdV8HIXNk', 'expanded_url': 'https://twitter.com/realamberheard/status/1118025601149833216', 'display_url': 'twitter.com/realamberheard…'}]",0,0,1,0,"[{'start': 212, 'end': 235, 'url': 'https://t.co/5vrNEr4ZA0', 'expanded_url': 'https://twitter.com/IlhanMN/status/1117935383516520448', 'display_url': 'twitter.com/IlhanMN/status…'}]","[{'start': 10, 'end': 18, 'username': 'IlhanMN', 'id': '783792992'}]","[{'type': 'quoted', 'id': '1117935383516520448'}]",1118025601149833216,2019-04-16T05:37:29.000Z,"Thank you @IlhanMN for standing up vs cruel, senseless and inhumane practices like ‘conversion therapy’. Why don’t we propose empathy classes for every person that pressures others into this pointless barbarism? https://t.co/5vrNEr4ZA0",113,64,1170,7,807003567605227520,en,Twitter for iPhone,190356,220,1150,566,2016-12-08T23:26:58.000Z,Amber Heard,realamberheard,https://pbs.twimg.com/profile_images/1383196364792680448/N8CdupEu_normal.jpg,"Los Angeles, CA",807003567605227520,https://t.co/Ze18Ek9SOI,"Actor and Activist, semi-professional disruptor, ice cream advocate and shameless teacup yorkie-lover",462,4829,55998,3,2017-11-14T16:44:27.000Z,Justin D Shoemaker 🏳️‍🌈🇺🇸     🏀🎳🌮🍜,JustinDudarino,https://pbs.twimg.com/profile_images/1101040699523268609/lKt5ZwzB_normal.png,"St. Paul, MN USA",930476534095400960,,"Skip past ""hopefully someday"" to Hope Floats. We can do much better for all & soon will. We've got this America. In crisis comes opportunity. Male Pronouns",,,
"[{'type': 'quoted', 'id': '1118025601149833216'}]",1118040925559754753,2019-04-16T06:38:23.000Z,So much for accusing @IlhanMN of stoning gays as part of Sharia law that the FOX propaganda machine is spewing. Far better than @VP and his evangelical art teaching mother. #IStandWithIlhan https://t.co/3xPtocTsY0,963235464709857280,en,Twitter Web App,"[{'start': 190, 'end': 213, 'url': 'https://t.co/3xPtocTsY0', 'expanded_url': 'https://twitter.com/realamberheard/status/1118025601149833216', 'display_url': 'twitter.com/realamberheard…'}]",0,0,1,0,"[{'start': 212, 'end': 235, 'url': 'https://t.co/5vrNEr4ZA0', 'expanded_url': 'https://twitter.com/IlhanMN/status/1117935383516520448', 'display_url': 'twitter.com/IlhanMN/status…'}]","[{'start': 10, 'end': 18, 'username': 'IlhanMN', 'id': '783792992'}]","[{'type': 'quoted', 'id': '1117935383516520448'}]",1118025601149833216,2019-04-16T05:37:29.000Z,"Thank you @IlhanMN for standing up vs cruel, senseless and inhumane practices like ‘conversion therapy’. Why don’t we propose empathy classes for every person that pressures others into this pointless barbarism? https://t.co/5vrNEr4ZA0",113,64,1170,7,807003567605227520,en,Twitter for iPhone,190356,220,1150,566,2016-12-08T23:26:58.000Z,Amber Heard,realamberheard,https://pbs.twimg.com/profile_images/1383196364792680448/N8CdupEu_normal.jpg,"Los Angeles, CA",807003567605227520,https://t.co/Ze18Ek9SOI,"Actor and Activist, semi-professional disruptor, ice cream advocate and shameless teacup yorkie-lover",3056,4044,40820,12,2018-02-13T02:16:45.000Z,Meidas Rick 🏳️‍🌈🇺🇦,RandallUhrig,https://pbs.twimg.com/profile_images/1244578921204629506/Tv2JYhlP_normal.jpg,"Detroit, home of Rashida Tlaib",963235464709857280,,"Liberal, LGBTQ, defender of the common folk. Tell Ron DeathSantis  it's okay to say GAY","[{'start': 21, 'end': 29, 'username': 'IlhanMN', 'id': '783792992'}, {'start': 128, 'end': 131, 'username': 'VP', 'id': '803694179079458816'}]","[{'start': 77, 'end': 79, 'probability': 0.5286, 'type': 'Organization', 'normalized_text': 'FOX'}]","[{'start': 173, 'end': 189, 'tag': 'IStandWithIlhan'}]"
"[{'type': 'quoted', 'id': '1118025601149833216'}]",1118032810248429568,2019-04-16T06:06:08.000Z,This is allyship https://t.co/c1zI05vwzm,6021962,en,Twitter for iPad,"[{'start': 17, 'end': 40, 'url': 'https://t.co/c1zI05vwzm', 'expanded_url': 'https://twitter.com/realamberheard/status/1118025601149833216', 'display_url': 'twitter.com/realamberheard…'}]",0,0,1,0,"[{'start': 212, 'end': 235, 'url': 'https://t.co/5vrNEr4ZA0', 'expanded_url': 'https://twitter.com/IlhanMN/status/1117935383516520448', 'display_url': 'twitter.com/IlhanMN/status…'}]","[{'start': 10, 'end': 18, 'username': 'IlhanMN', 'id': '783792992'}]","[{'type': 'quoted', 'id': '1117935383516520448'}]",1118025601149833216,2019-04-16T05:37:29.000Z,"Thank you @IlhanMN for standing up vs cruel, senseless and inhumane practices like ‘conversion therapy’. Why don’t we propose empathy classes for every person that pressures others into this pointless barbarism? https://t.co/5vrNEr4ZA0",113,64,1170,7,807003567605227520,en,Twitter for iPhone,190356,220,1150,566,2016-12-08T23:26:58.000Z,Amber Heard,realamberheard,https://pbs.twimg.com/profile_images/1383196364792680448/N8CdupEu_normal.jpg,"Los Angeles, CA",807003567605227520,https://t.co/Ze18Ek9SOI,"Actor and Activist, semi-professional disruptor, ice cream advocate and shameless teacup yorkie-lover",3089,5003,344174,168,2007-05-14T03:26:44.000Z,Tummler (means... Connector & Troublemaker),tummler10,https://pbs.twimg.com/profile_images/1345115555745968134/4WkrA5Dz_normal.jpg,"iPhone: 40.730186,-73.987709",6021962,https://t.co/E5mpGUkZqd,"Speechwriter • Civic Engagement Consultant • Filmmaker • Strategist • Mediator • LGBTQ •

Read FOMO, my newsletter: https://t.co/xfvnM2EbUR  
he/him/his",,,
"[{'type': 'quoted', 'id': '1118025601149833216'}]",1118027934625742848,2019-04-16T05:46:46.000Z,"Yeah, you're right! https://t.co/v24MQGiiHf",3216078659,en,Twitter Web Client,"[{'start': 20, 'end': 43, 'url': 'https://t.co/v24MQGiiHf', 'expanded_url': 'https://twitter.com/realamberheard/status/1118025601149833216', 'display_url': 'twitter.com/realamberheard…'}]",0,0,0,0,"[{'start': 212, 'end': 235, 'url': 'https://t.co/5vrNEr4ZA0', 'expanded_url': 'https://twitter.com/IlhanMN/status/1117935383516520448', 'display_url': 'twitter.com/IlhanMN/status…'}]","[{'start': 10, 'end': 18, 'username': 'IlhanMN', 'id': '783792992'}]","[{'type': 'quoted', 'id': '1117935383516520448'}]",1118025601149833216,2019-04-16T05:37:29.000Z,"Thank you @IlhanMN for standing up vs cruel, senseless and inhumane practices like ‘conversion therapy’. Why don’t we propose empathy classes for every person that pressures others into this pointless barbarism? https://t.co/5vrNEr4ZA0",113,64,1170,7,807003567605227520,en,Twitter for iPhone,190356,220,1150,566,2016-12-08T23:26:58.000Z,Amber Heard,realamberheard,https://pbs.twimg.com/profile_images/1383196364792680448/N8CdupEu_normal.jpg,"Los Angeles, CA",807003567605227520,https://t.co/Ze18Ek9SOI,"Actor and Activist, semi-professional disruptor, ice cream advocate and shameless teacup yorkie-lover",1462,1323,163105,17,2015-04-28T07:17:35.000Z,GGCIR8991,GGCIR8991,https://pbs.twimg.com/profile_images/1501219816522219520/SQVX3N2b_normal.jpg,,3216078659,,"On the internet, you can be pretty much anything you want, it's just kinda weird that so many people choose to be idiots and assholes",,,
