created_at,text,source,id,author_id,lang,referenced_tweets,entities.annotations,public_metrics.retweet_count,public_metrics.reply_count,public_metrics.like_count,public_metrics.quote_count,quoted_tweet.created_at,quoted_tweet.text,quoted_tweet.entities.annotations,quoted_tweet.entities.hashtags,quoted_tweet.entities.urls,quoted_tweet.source,quoted_tweet.public_metrics.retweet_count,quoted_tweet.public_metrics.reply_count,quoted_tweet.public_metrics.like_count,quoted_tweet.public_metrics.quote_count,quoted_tweet.id,quoted_tweet.author_id,quoted_tweet.lang,quoted_tweet.author.username,quoted_tweet.author.id,quoted_tweet.author.created_at,quoted_tweet.author.public_metrics.followers_count,quoted_tweet.author.public_metrics.following_count,quoted_tweet.author.public_metrics.tweet_count,quoted_tweet.author.public_metrics.listed_count,quoted_tweet.author.name,quoted_tweet.author.url,quoted_tweet.author.location,quoted_tweet.author.description,quoted_tweet.author.profile_image_url,author.username,author.id,author.created_at,author.public_metrics.followers_count,author.public_metrics.following_count,author.public_metrics.tweet_count,author.public_metrics.listed_count,author.name,author.url,author.location,author.description,author.profile_image_url,entities.urls
2019-05-04T12:16:40.000Z,"RT @x_dieuwke: Things that are WAYYYYYYYY more interesting than Amber Heard her career:
Literally anything in this freaking world. https://…",Twitter for Android,1124649040585510913,75687745,en,"[{'type': 'retweeted', 'id': '1124592423022280705'}]","[{'start': 64, 'end': 68, 'probability': 0.9714, 'type': 'Person', 'normalized_text': 'Amber'}]",1,0,0,0,2019-05-01T00:29:29.000Z,"Actually, truth.(sorry #StillLoveYouDrago )! 25 Things That Are Waaaaay More Interesting Than Anything ""Game Of Thrones"" Related - BuzzFeed https://t.co/CdPTgI5fv1","[{'start': 104, 'end': 118, 'probability': 0.63, 'type': 'Other', 'normalized_text': 'Game Of Thrones'}, {'start': 131, 'end': 138, 'probability': 0.6001, 'type': 'Organization', 'normalized_text': 'BuzzFeed'}]","[{'start': 23, 'end': 41, 'tag': 'StillLoveYouDrago'}]","[{'start': 140, 'end': 163, 'url': 'https://t.co/CdPTgI5fv1', 'expanded_url': 'https://apple.news/AhYVTG3qNTuGsSZZ2Ndcnpg', 'display_url': 'apple.news/AhYVTG3qNTuGsS…', 'status': 200, 'unwound_url': 'https://apple.news/AhYVTG3qNTuGsSZZ2Ndcnpg'}]",Twitter for iPad,28,40,259,7,1123383907548835841,807003567605227520,en,realamberheard,807003567605227520,2016-12-08T23:26:58.000Z,190338,220,1149,567,Amber Heard,https://t.co/Ze18Ek9SOI,"Los Angeles, CA","Actor and Activist, semi-professional disruptor, ice cream advocate and shameless teacup yorkie-lover",https://pbs.twimg.com/profile_images/1383196364792680448/N8CdupEu_normal.jpg,Eelectric_Diva,75687745,2009-09-20T01:16:38.000Z,358,787,30466,0,Azrael ❤💙☀️💙❤ܐܬܪܐ,,Australia,"🇭🇲☦🍩 
Seyfo1915
Othurayto🤍💙💛❤🤍
.every genocide matters.
.everyone matters.

ܐܬܪܐ",https://pbs.twimg.com/profile_images/1214830913369935873/t2rz84pb_normal.jpg,
2019-05-04T08:31:42.000Z,"Things that are WAYYYYYYYY more interesting than Amber Heard her career:
Literally anything in this freaking world. https://t.co/tOM9lLpC7G",Twitter for iPhone,1124592423022280705,741686299594199041,en,"[{'type': 'quoted', 'id': '1123383907548835841'}]","[{'start': 49, 'end': 53, 'probability': 0.9751, 'type': 'Person', 'normalized_text': 'Amber'}]",1,0,2,0,2019-05-01T00:29:29.000Z,"Actually, truth.(sorry #StillLoveYouDrago )! 25 Things That Are Waaaaay More Interesting Than Anything ""Game Of Thrones"" Related - BuzzFeed https://t.co/CdPTgI5fv1","[{'start': 104, 'end': 118, 'probability': 0.63, 'type': 'Other', 'normalized_text': 'Game Of Thrones'}, {'start': 131, 'end': 138, 'probability': 0.6001, 'type': 'Organization', 'normalized_text': 'BuzzFeed'}]","[{'start': 23, 'end': 41, 'tag': 'StillLoveYouDrago'}]","[{'start': 140, 'end': 163, 'url': 'https://t.co/CdPTgI5fv1', 'expanded_url': 'https://apple.news/AhYVTG3qNTuGsSZZ2Ndcnpg', 'display_url': 'apple.news/AhYVTG3qNTuGsS…', 'status': 200, 'unwound_url': 'https://apple.news/AhYVTG3qNTuGsSZZ2Ndcnpg'}]",Twitter for iPad,28,40,259,7,1123383907548835841,807003567605227520,en,realamberheard,807003567605227520,2016-12-08T23:26:58.000Z,190338,220,1149,567,Amber Heard,https://t.co/Ze18Ek9SOI,"Los Angeles, CA","Actor and Activist, semi-professional disruptor, ice cream advocate and shameless teacup yorkie-lover",https://pbs.twimg.com/profile_images/1383196364792680448/N8CdupEu_normal.jpg,Gimmejagger,741686299594199041,2016-06-11T17:39:28.000Z,782,1754,44616,18,Dieuwke Morren 🥰,https://t.co/GdKQZAZHsr,"Dronten, Nederland","film, music n book enthusiast • merch collector • 20 • she/her • vegetarian • feminist • blm • dutch • sociology student • enfj • 🌙",https://pbs.twimg.com/profile_images/1504067652653887491/PR_bF1bw_normal.jpg,"[{'start': 116, 'end': 139, 'url': 'https://t.co/tOM9lLpC7G', 'expanded_url': 'https://twitter.com/realamberheard/status/1123383907548835841', 'display_url': 'twitter.com/realamberheard…'}]"
2019-05-02T14:58:33.000Z,Indeed I needed this! https://t.co/wUQW4whlJ9,Twitter for Android,1123965000677249026,968503886024757250,en,"[{'type': 'quoted', 'id': '1123383907548835841'}]",,0,0,0,0,2019-05-01T00:29:29.000Z,"Actually, truth.(sorry #StillLoveYouDrago )! 25 Things That Are Waaaaay More Interesting Than Anything ""Game Of Thrones"" Related - BuzzFeed https://t.co/CdPTgI5fv1","[{'start': 104, 'end': 118, 'probability': 0.63, 'type': 'Other', 'normalized_text': 'Game Of Thrones'}, {'start': 131, 'end': 138, 'probability': 0.6001, 'type': 'Organization', 'normalized_text': 'BuzzFeed'}]","[{'start': 23, 'end': 41, 'tag': 'StillLoveYouDrago'}]","[{'start': 140, 'end': 163, 'url': 'https://t.co/CdPTgI5fv1', 'expanded_url': 'https://apple.news/AhYVTG3qNTuGsSZZ2Ndcnpg', 'display_url': 'apple.news/AhYVTG3qNTuGsS…', 'status': 200, 'unwound_url': 'https://apple.news/AhYVTG3qNTuGsSZZ2Ndcnpg'}]",Twitter for iPad,28,40,259,7,1123383907548835841,807003567605227520,en,realamberheard,807003567605227520,2016-12-08T23:26:58.000Z,190338,220,1149,567,Amber Heard,https://t.co/Ze18Ek9SOI,"Los Angeles, CA","Actor and Activist, semi-professional disruptor, ice cream advocate and shameless teacup yorkie-lover",https://pbs.twimg.com/profile_images/1383196364792680448/N8CdupEu_normal.jpg,RickFanning6,968503886024757250,2018-02-27T15:11:35.000Z,6,150,358,0,Rick Fanning,https://t.co/B8tNt3vHur,"Roseville, MI",U.S. Army (Ret.),https://pbs.twimg.com/profile_images/968516071081889793/TESk-8Ja_normal.jpg,"[{'start': 22, 'end': 45, 'url': 'https://t.co/wUQW4whlJ9', 'expanded_url': 'https://twitter.com/realamberheard/status/1123383907548835841', 'display_url': 'twitter.com/realamberheard…'}]"
2019-05-01T00:55:05.000Z,GAROTA?????????????? https://t.co/CHbaS72T4p,Twitter for Android,1123390349852979200,875884874535718912,eu,"[{'type': 'quoted', 'id': '1123383907548835841'}]",,0,1,2,0,2019-05-01T00:29:29.000Z,"Actually, truth.(sorry #StillLoveYouDrago )! 25 Things That Are Waaaaay More Interesting Than Anything ""Game Of Thrones"" Related - BuzzFeed https://t.co/CdPTgI5fv1","[{'start': 104, 'end': 118, 'probability': 0.63, 'type': 'Other', 'normalized_text': 'Game Of Thrones'}, {'start': 131, 'end': 138, 'probability': 0.6001, 'type': 'Organization', 'normalized_text': 'BuzzFeed'}]","[{'start': 23, 'end': 41, 'tag': 'StillLoveYouDrago'}]","[{'start': 140, 'end': 163, 'url': 'https://t.co/CdPTgI5fv1', 'expanded_url': 'https://apple.news/AhYVTG3qNTuGsSZZ2Ndcnpg', 'display_url': 'apple.news/AhYVTG3qNTuGsS…', 'status': 200, 'unwound_url': 'https://apple.news/AhYVTG3qNTuGsSZZ2Ndcnpg'}]",Twitter for iPad,28,40,259,7,1123383907548835841,807003567605227520,en,realamberheard,807003567605227520,2016-12-08T23:26:58.000Z,190338,220,1149,567,Amber Heard,https://t.co/Ze18Ek9SOI,"Los Angeles, CA","Actor and Activist, semi-professional disruptor, ice cream advocate and shameless teacup yorkie-lover",https://pbs.twimg.com/profile_images/1383196364792680448/N8CdupEu_normal.jpg,evanrachxlswood,875884874535718912,2017-06-17T01:16:42.000Z,425,400,9999,3,lucille sharpe,,ela/dela,what would evan rachel wood do?,https://pbs.twimg.com/profile_images/1386355649324457987/OaHmgKFY_normal.jpg,"[{'start': 21, 'end': 44, 'url': 'https://t.co/CHbaS72T4p', 'expanded_url': 'https://twitter.com/realamberheard/status/1123383907548835841?s=19', 'display_url': 'twitter.com/realamberheard…'}]"
2019-05-01T00:37:09.000Z,AMBEEEEEER EU TE AMOO https://t.co/f1nzAZPZPu,Twitter for Android,1123385836249264128,2382784198,pt,"[{'type': 'quoted', 'id': '1123383907548835841'}]",,0,0,0,0,2019-05-01T00:29:29.000Z,"Actually, truth.(sorry #StillLoveYouDrago )! 25 Things That Are Waaaaay More Interesting Than Anything ""Game Of Thrones"" Related - BuzzFeed https://t.co/CdPTgI5fv1","[{'start': 104, 'end': 118, 'probability': 0.63, 'type': 'Other', 'normalized_text': 'Game Of Thrones'}, {'start': 131, 'end': 138, 'probability': 0.6001, 'type': 'Organization', 'normalized_text': 'BuzzFeed'}]","[{'start': 23, 'end': 41, 'tag': 'StillLoveYouDrago'}]","[{'start': 140, 'end': 163, 'url': 'https://t.co/CdPTgI5fv1', 'expanded_url': 'https://apple.news/AhYVTG3qNTuGsSZZ2Ndcnpg', 'display_url': 'apple.news/AhYVTG3qNTuGsS…', 'status': 200, 'unwound_url': 'https://apple.news/AhYVTG3qNTuGsSZZ2Ndcnpg'}]",Twitter for iPad,28,40,259,7,1123383907548835841,807003567605227520,en,realamberheard,807003567605227520,2016-12-08T23:26:58.000Z,190338,220,1149,567,Amber Heard,https://t.co/Ze18Ek9SOI,"Los Angeles, CA","Actor and Activist, semi-professional disruptor, ice cream advocate and shameless teacup yorkie-lover",https://pbs.twimg.com/profile_images/1383196364792680448/N8CdupEu_normal.jpg,hausofwoodcock,2382784198,2014-03-04T15:26:40.000Z,878,557,184459,32,soph,,,"Wait, Is Every Taylor Swift Lyric Secretly Marxist? ▪︎ ela/dela ▪︎",https://pbs.twimg.com/profile_images/1375411311270621188/kWr-JxwN_normal.jpg,"[{'start': 22, 'end': 45, 'url': 'https://t.co/f1nzAZPZPu', 'expanded_url': 'https://twitter.com/realamberheard/status/1123383907548835841', 'display_url': 'twitter.com/realamberheard…'}]"
2019-05-01T00:34:09.000Z,elaaaaaaa https://t.co/w8zqLMZn7l,Twitter for Android,1123385080892862465,2588885481,und,"[{'type': 'quoted', 'id': '1123383907548835841'}]",,0,1,0,0,2019-05-01T00:29:29.000Z,"Actually, truth.(sorry #StillLoveYouDrago )! 25 Things That Are Waaaaay More Interesting Than Anything ""Game Of Thrones"" Related - BuzzFeed https://t.co/CdPTgI5fv1","[{'start': 104, 'end': 118, 'probability': 0.63, 'type': 'Other', 'normalized_text': 'Game Of Thrones'}, {'start': 131, 'end': 138, 'probability': 0.6001, 'type': 'Organization', 'normalized_text': 'BuzzFeed'}]","[{'start': 23, 'end': 41, 'tag': 'StillLoveYouDrago'}]","[{'start': 140, 'end': 163, 'url': 'https://t.co/CdPTgI5fv1', 'expanded_url': 'https://apple.news/AhYVTG3qNTuGsSZZ2Ndcnpg', 'display_url': 'apple.news/AhYVTG3qNTuGsS…', 'status': 200, 'unwound_url': 'https://apple.news/AhYVTG3qNTuGsSZZ2Ndcnpg'}]",Twitter for iPad,28,40,259,7,1123383907548835841,807003567605227520,en,realamberheard,807003567605227520,2016-12-08T23:26:58.000Z,190338,220,1149,567,Amber Heard,https://t.co/Ze18Ek9SOI,"Los Angeles, CA","Actor and Activist, semi-professional disruptor, ice cream advocate and shameless teacup yorkie-lover",https://pbs.twimg.com/profile_images/1383196364792680448/N8CdupEu_normal.jpg,walistrajano,2588885481,2014-06-07T09:12:28.000Z,1010,432,208388,23,walis,https://t.co/ObFrHDUyWY,"Brasília, Brazil",welcome to the act iii,https://pbs.twimg.com/profile_images/1503146665997443079/IXvRb_6N_normal.jpg,"[{'start': 10, 'end': 33, 'url': 'https://t.co/w8zqLMZn7l', 'expanded_url': 'https://twitter.com/realamberheard/status/1123383907548835841', 'display_url': 'twitter.com/realamberheard…'}]"
