source,lang,created_at,id,referenced_tweets,text,author_id,public_metrics.retweet_count,public_metrics.reply_count,public_metrics.like_count,public_metrics.quote_count,entities.mentions,entities.hashtags,entities.urls,quoted_tweet.source,quoted_tweet.lang,quoted_tweet.public_metrics.retweet_count,quoted_tweet.public_metrics.reply_count,quoted_tweet.public_metrics.like_count,quoted_tweet.public_metrics.quote_count,quoted_tweet.created_at,quoted_tweet.entities.mentions,quoted_tweet.entities.urls,quoted_tweet.id,quoted_tweet.referenced_tweets,quoted_tweet.text,quoted_tweet.author_id,quoted_tweet.author.created_at,quoted_tweet.author.profile_image_url,quoted_tweet.author.url,quoted_tweet.author.name,quoted_tweet.author.location,quoted_tweet.author.id,quoted_tweet.author.public_metrics.followers_count,quoted_tweet.author.public_metrics.following_count,quoted_tweet.author.public_metrics.tweet_count,quoted_tweet.author.public_metrics.listed_count,quoted_tweet.author.description,quoted_tweet.author.username,author.created_at,author.profile_image_url,author.url,author.name,author.location,author.id,author.public_metrics.followers_count,author.public_metrics.following_count,author.public_metrics.tweet_count,author.public_metrics.listed_count,author.description,author.username,entities.annotations
Twitter Web Client,en,2019-05-04T02:45:32.000Z,1124505307462324225,"[{'type': 'quoted', 'id': '1124403229591318528'}]","Did you know that in either 2013 or 2015, that people knew #Trump and #Hillary would run for president? Did you know Organized Criminals are Trillionaires? Do you know FLAGs on a MAP? Thanks @andyvega12345 for reminding me.

They pretend money, no money. #Monsters  #AmberHeard https://t.co/sakakt9EQa",847762217546137600,0,0,2,0,"[{'start': 191, 'end': 205, 'username': 'andyvega12345', 'id': '4710747362'}]","[{'start': 59, 'end': 65, 'tag': 'Trump'}, {'start': 70, 'end': 78, 'tag': 'Hillary'}, {'start': 255, 'end': 264, 'tag': 'Monsters'}, {'start': 266, 'end': 277, 'tag': 'AmberHeard'}]","[{'start': 278, 'end': 301, 'url': 'https://t.co/sakakt9EQa', 'expanded_url': 'https://twitter.com/realamberheard/status/1124403229591318528', 'display_url': 'twitter.com/realamberheard…'}]",Twitter for iPad,en,57,22,438,4,2019-05-03T19:59:54.000Z,"[{'start': 32, 'end': 37, 'username': 'PPFA', 'id': '402957663'}]","[{'start': 215, 'end': 238, 'url': 'https://t.co/dvOwru5osa', 'expanded_url': 'https://twitter.com/nprpolitics/status/1121825016855678981', 'display_url': 'twitter.com/nprpolitics/st…'}]",1124403229591318528,"[{'type': 'quoted', 'id': '1121825016855678981'}]","Thank you to all the state AGs, @PPFA and the AMA for fighting on behalf of the countless women who continue 2 have 2 defend themselves in this administrations ongoing attack on their basic civil &amp; human rights https://t.co/dvOwru5osa",807003567605227520,2016-12-08T23:26:58.000Z,https://pbs.twimg.com/profile_images/1383196364792680448/N8CdupEu_normal.jpg,https://t.co/Ze18Ek9SOI,Amber Heard,"Los Angeles, CA",807003567605227520,190338,220,1149,567,"Actor and Activist, semi-professional disruptor, ice cream advocate and shameless teacup yorkie-lover",realamberheard,2017-03-31T10:47:18.000Z,https://pbs.twimg.com/profile_images/1180185247884824576/3Zvt_F6Y_normal.jpg,https://t.co/7SykGO7PSU,Christina Taft 🧬CEO🏖🎶✈️,Worldie.com & International 🚀,847762217546137600,2653,4555,32732,21,#Founder Social Media for Good ~ https://t.co/7SykGO7PSU🚀Better World #CEO✈Innovator🎉#Egalitarian🎸#Entrepreneur🐬#Tech🏖#Futurist💡#Motivationology☀️#Data🧡#WomenInPower,XTinaTaft,
Twitter for iPhone,en,2019-05-03T21:02:13.000Z,1124418910860611584,"[{'type': 'quoted', 'id': '1124403229591318528'}]",wait didn’t you lie about johnny drop abusing you?? weren’t you the one abusing him?? https://t.co/dJXXqoJRr0,964554055,0,0,0,0,,,"[{'start': 86, 'end': 109, 'url': 'https://t.co/dJXXqoJRr0', 'expanded_url': 'https://twitter.com/realamberheard/status/1124403229591318528', 'display_url': 'twitter.com/realamberheard…'}]",Twitter for iPad,en,57,22,438,4,2019-05-03T19:59:54.000Z,"[{'start': 32, 'end': 37, 'username': 'PPFA', 'id': '402957663'}]","[{'start': 215, 'end': 238, 'url': 'https://t.co/dvOwru5osa', 'expanded_url': 'https://twitter.com/nprpolitics/status/1121825016855678981', 'display_url': 'twitter.com/nprpolitics/st…'}]",1124403229591318528,"[{'type': 'quoted', 'id': '1121825016855678981'}]","Thank you to all the state AGs, @PPFA and the AMA for fighting on behalf of the countless women who continue 2 have 2 defend themselves in this administrations ongoing attack on their basic civil &amp; human rights https://t.co/dvOwru5osa",807003567605227520,2016-12-08T23:26:58.000Z,https://pbs.twimg.com/profile_images/1383196364792680448/N8CdupEu_normal.jpg,https://t.co/Ze18Ek9SOI,Amber Heard,"Los Angeles, CA",807003567605227520,190338,220,1149,567,"Actor and Activist, semi-professional disruptor, ice cream advocate and shameless teacup yorkie-lover",realamberheard,2012-11-22T16:26:16.000Z,https://pbs.twimg.com/profile_images/1453555506304335873/a8TYn3d7_normal.jpg,https://t.co/WGa19IotLR,tylar,,964554055,526,517,20818,5,this is the sign you’ve been looking for,_tylarskye,"[{'start': 26, 'end': 31, 'probability': 0.851, 'type': 'Person', 'normalized_text': 'johnny'}]"
Twitter Web App,en,2019-05-03T20:36:07.000Z,1124412341854957569,"[{'type': 'quoted', 'id': '1124403229591318528'}]","""Fighting on behalf of the countless women who continue to defend themselves in this administrations ongoing attack on their basic civil and human rights."" Always with the good fight, I love women like you @realamberheard. You're such a true inspiration for women!❤️ https://t.co/Uzd9vRsud3",3216078659,0,0,18,0,"[{'start': 206, 'end': 221, 'username': 'realamberheard', 'id': '807003567605227520'}]",,"[{'start': 267, 'end': 290, 'url': 'https://t.co/Uzd9vRsud3', 'expanded_url': 'https://twitter.com/realamberheard/status/1124403229591318528', 'display_url': 'twitter.com/realamberheard…'}]",Twitter for iPad,en,57,22,438,4,2019-05-03T19:59:54.000Z,"[{'start': 32, 'end': 37, 'username': 'PPFA', 'id': '402957663'}]","[{'start': 215, 'end': 238, 'url': 'https://t.co/dvOwru5osa', 'expanded_url': 'https://twitter.com/nprpolitics/status/1121825016855678981', 'display_url': 'twitter.com/nprpolitics/st…'}]",1124403229591318528,"[{'type': 'quoted', 'id': '1121825016855678981'}]","Thank you to all the state AGs, @PPFA and the AMA for fighting on behalf of the countless women who continue 2 have 2 defend themselves in this administrations ongoing attack on their basic civil &amp; human rights https://t.co/dvOwru5osa",807003567605227520,2016-12-08T23:26:58.000Z,https://pbs.twimg.com/profile_images/1383196364792680448/N8CdupEu_normal.jpg,https://t.co/Ze18Ek9SOI,Amber Heard,"Los Angeles, CA",807003567605227520,190338,220,1149,567,"Actor and Activist, semi-professional disruptor, ice cream advocate and shameless teacup yorkie-lover",realamberheard,2015-04-28T07:17:35.000Z,https://pbs.twimg.com/profile_images/1501219816522219520/SQVX3N2b_normal.jpg,,GGCIR8991,,3216078659,1465,1323,163095,17,"On the internet, you can be pretty much anything you want, it's just kinda weird that so many people choose to be idiots and assholes",GGCIR8991,
