source,lang,created_at,id,referenced_tweets,text,author_id,public_metrics.retweet_count,public_metrics.reply_count,public_metrics.like_count,public_metrics.quote_count,entities.urls,quoted_tweet.source,quoted_tweet.lang,quoted_tweet.public_metrics.retweet_count,quoted_tweet.public_metrics.reply_count,quoted_tweet.public_metrics.like_count,quoted_tweet.public_metrics.quote_count,quoted_tweet.created_at,quoted_tweet.id,quoted_tweet.entities.urls,quoted_tweet.referenced_tweets,quoted_tweet.text,quoted_tweet.author_id,quoted_tweet.author.created_at,quoted_tweet.author.profile_image_url,quoted_tweet.author.url,quoted_tweet.author.name,quoted_tweet.author.location,quoted_tweet.author.id,quoted_tweet.author.public_metrics.followers_count,quoted_tweet.author.public_metrics.following_count,quoted_tweet.author.public_metrics.tweet_count,quoted_tweet.author.public_metrics.listed_count,quoted_tweet.author.description,quoted_tweet.author.username,author.created_at,author.profile_image_url,author.url,author.name,author.location,author.id,author.public_metrics.followers_count,author.public_metrics.following_count,author.public_metrics.tweet_count,author.public_metrics.listed_count,author.description,author.username,in_reply_to_user_id,entities.mentions,entities.annotations
Twitter for Android,und,2019-05-07T14:32:48.000Z,1125770460875186176,"[{'type': 'quoted', 'id': '1125570552893018112'}]",💚💪 https://t.co/NOdnis4hRP,1169979002,0,0,0,0,"[{'start': 3, 'end': 26, 'url': 'https://t.co/NOdnis4hRP', 'expanded_url': 'https://twitter.com/realamberheard/status/1125570552893018112', 'display_url': 'twitter.com/realamberheard…'}]",Twitter for iPhone,en,275,63,2806,8,2019-05-07T01:18:26.000Z,1125570552893018112,"[{'start': 103, 'end': 126, 'url': 'https://t.co/ePA4CuMscl', 'expanded_url': 'https://twitter.com/OhNoSheTwitnt/status/1122915199986667520', 'display_url': 'twitter.com/OhNoSheTwitnt/…'}]","[{'type': 'quoted', 'id': '1122915199986667520'}]","Someone needs to start stitching this on like, so many pillows. Actually, f*ck pillows, we need flags. https://t.co/ePA4CuMscl",807003567605227520,2016-12-08T23:26:58.000Z,https://pbs.twimg.com/profile_images/1383196364792680448/N8CdupEu_normal.jpg,https://t.co/Ze18Ek9SOI,Amber Heard,"Los Angeles, CA",807003567605227520,190338,220,1149,567,"Actor and Activist, semi-professional disruptor, ice cream advocate and shameless teacup yorkie-lover",realamberheard,2013-02-11T20:38:53.000Z,https://pbs.twimg.com/profile_images/1497683472281972736/XjxRoPpp_normal.jpg,,Bárb🦇,Krypton ,1169979002,227,663,7140,0,"Estud. de Lengua y Literatura📚
🖤 Snyder y DCista🖤",CoronelBarbi,,,
Twitter for iPhone,en,2019-05-07T12:21:12.000Z,1125737344190025728,"[{'type': 'quoted', 'id': '1125570552893018112'}]",SAY THIS LOUDER https://t.co/yhHuLokRCQ,877161291160444928,0,0,0,0,"[{'start': 16, 'end': 39, 'url': 'https://t.co/yhHuLokRCQ', 'expanded_url': 'https://twitter.com/realamberheard/status/1125570552893018112', 'display_url': 'twitter.com/realamberheard…'}]",Twitter for iPhone,en,275,63,2806,8,2019-05-07T01:18:26.000Z,1125570552893018112,"[{'start': 103, 'end': 126, 'url': 'https://t.co/ePA4CuMscl', 'expanded_url': 'https://twitter.com/OhNoSheTwitnt/status/1122915199986667520', 'display_url': 'twitter.com/OhNoSheTwitnt/…'}]","[{'type': 'quoted', 'id': '1122915199986667520'}]","Someone needs to start stitching this on like, so many pillows. Actually, f*ck pillows, we need flags. https://t.co/ePA4CuMscl",807003567605227520,2016-12-08T23:26:58.000Z,https://pbs.twimg.com/profile_images/1383196364792680448/N8CdupEu_normal.jpg,https://t.co/Ze18Ek9SOI,Amber Heard,"Los Angeles, CA",807003567605227520,190338,220,1149,567,"Actor and Activist, semi-professional disruptor, ice cream advocate and shameless teacup yorkie-lover",realamberheard,2017-06-20T13:48:43.000Z,https://pbs.twimg.com/profile_images/1474475204638384138/HXxTx5rV_normal.jpg,https://t.co/aVbKdFFfFN,☀️ Aries 🌙 Leo ⬆️ Sagittarius,Ya Moms Chest Hair,877161291160444928,112,534,11221,0,Aries.Aggressively Black.Sarcastic.Morbid Humor. BPD🙂🙃 Offensively Friendly #NeanAF I Say WTF I Want🤷🏽‍♀️ Bi-🏳️‍🌈,SierraMistycle,,,
Twitter for iPad,en,2019-05-07T11:47:07.000Z,1125728766259388421,"[{'type': 'quoted', 'id': '1125570552893018112'}]",Share the shit outta this. https://t.co/vC5DgtnWyB,979451212474011648,0,0,0,0,"[{'start': 27, 'end': 50, 'url': 'https://t.co/vC5DgtnWyB', 'expanded_url': 'https://twitter.com/realamberheard/status/1125570552893018112', 'display_url': 'twitter.com/realamberheard…'}]",Twitter for iPhone,en,275,63,2806,8,2019-05-07T01:18:26.000Z,1125570552893018112,"[{'start': 103, 'end': 126, 'url': 'https://t.co/ePA4CuMscl', 'expanded_url': 'https://twitter.com/OhNoSheTwitnt/status/1122915199986667520', 'display_url': 'twitter.com/OhNoSheTwitnt/…'}]","[{'type': 'quoted', 'id': '1122915199986667520'}]","Someone needs to start stitching this on like, so many pillows. Actually, f*ck pillows, we need flags. https://t.co/ePA4CuMscl",807003567605227520,2016-12-08T23:26:58.000Z,https://pbs.twimg.com/profile_images/1383196364792680448/N8CdupEu_normal.jpg,https://t.co/Ze18Ek9SOI,Amber Heard,"Los Angeles, CA",807003567605227520,190338,220,1149,567,"Actor and Activist, semi-professional disruptor, ice cream advocate and shameless teacup yorkie-lover",realamberheard,2018-03-29T20:12:21.000Z,https://abs.twimg.com/sticky/default_profile_images/default_profile_normal.png,,Barbarajeanne60,United States,979451212474011648,32,298,6658,0,,Barbarajeanne61,,,
Twitter for Android,en,2019-05-07T05:04:51.000Z,1125627532416389120,"[{'type': 'quoted', 'id': '1125570552893018112'}]","or ""behind every great man, theres a bitch falsely accusing him"". i like that better :) https://t.co/Ag6YtTIGCu",1005683739718967296,0,0,3,0,"[{'start': 88, 'end': 111, 'url': 'https://t.co/Ag6YtTIGCu', 'expanded_url': 'https://twitter.com/realamberheard/status/1125570552893018112', 'display_url': 'twitter.com/realamberheard…'}]",Twitter for iPhone,en,275,63,2806,8,2019-05-07T01:18:26.000Z,1125570552893018112,"[{'start': 103, 'end': 126, 'url': 'https://t.co/ePA4CuMscl', 'expanded_url': 'https://twitter.com/OhNoSheTwitnt/status/1122915199986667520', 'display_url': 'twitter.com/OhNoSheTwitnt/…'}]","[{'type': 'quoted', 'id': '1122915199986667520'}]","Someone needs to start stitching this on like, so many pillows. Actually, f*ck pillows, we need flags. https://t.co/ePA4CuMscl",807003567605227520,2016-12-08T23:26:58.000Z,https://pbs.twimg.com/profile_images/1383196364792680448/N8CdupEu_normal.jpg,https://t.co/Ze18Ek9SOI,Amber Heard,"Los Angeles, CA",807003567605227520,190338,220,1149,567,"Actor and Activist, semi-professional disruptor, ice cream advocate and shameless teacup yorkie-lover",realamberheard,2018-06-10T05:31:03.000Z,https://pbs.twimg.com/profile_images/1149159668867952640/OvEpt6WX_normal.jpg,https://t.co/eGgpcvUX0Q,mack 🍃,👑👁️✨,1005683739718967296,488,0,14120,2,#1 fangs fogarty stan // matching w @humanaturexx & @mjinvincible777,fogartyfreak,,,
Twitter for iPhone,en,2019-05-07T02:45:42.000Z,1125592513044254721,"[{'type': 'quoted', 'id': '1125570552893018112'}]",@Nuutmeg I think Amber is making a custom order request. https://t.co/Z17aEdKymO,1105336344,0,0,0,0,"[{'start': 57, 'end': 80, 'url': 'https://t.co/Z17aEdKymO', 'expanded_url': 'https://twitter.com/realamberheard/status/1125570552893018112', 'display_url': 'twitter.com/realamberheard…'}]",Twitter for iPhone,en,275,63,2806,8,2019-05-07T01:18:26.000Z,1125570552893018112,"[{'start': 103, 'end': 126, 'url': 'https://t.co/ePA4CuMscl', 'expanded_url': 'https://twitter.com/OhNoSheTwitnt/status/1122915199986667520', 'display_url': 'twitter.com/OhNoSheTwitnt/…'}]","[{'type': 'quoted', 'id': '1122915199986667520'}]","Someone needs to start stitching this on like, so many pillows. Actually, f*ck pillows, we need flags. https://t.co/ePA4CuMscl",807003567605227520,2016-12-08T23:26:58.000Z,https://pbs.twimg.com/profile_images/1383196364792680448/N8CdupEu_normal.jpg,https://t.co/Ze18Ek9SOI,Amber Heard,"Los Angeles, CA",807003567605227520,190338,220,1149,567,"Actor and Activist, semi-professional disruptor, ice cream advocate and shameless teacup yorkie-lover",realamberheard,2013-01-20T04:20:50.000Z,https://pbs.twimg.com/profile_images/1345934300617854977/rawpqlL7_normal.jpg,,Annette Miller,"Lobelville, TN",1105336344,681,2754,26195,13,"Will you shut up, man? I’m speaking. #BidenHarris2020 P.S. Read the room fucko! ~ #DeadToMe",trihardannette,14769578,"[{'start': 0, 'end': 8, 'username': 'Nuutmeg', 'id': '14769578'}]","[{'start': 17, 'end': 21, 'probability': 0.9557, 'type': 'Person', 'normalized_text': 'Amber'}]"
Twitter Web Client,en,2019-05-07T01:21:34.000Z,1125571340897906688,"[{'type': 'quoted', 'id': '1125570552893018112'}]","""Behind every great woman there’s a man calling her unlikable."" Yeah, that's right; but if that woman is strong and smart just you @realamberheard, no matter how many men call her unlikable, they'll never drag her down. She'll just keep on shining bright!🌟 https://t.co/W3EyvGe2PP",3216078659,0,0,0,0,"[{'start': 257, 'end': 280, 'url': 'https://t.co/W3EyvGe2PP', 'expanded_url': 'https://twitter.com/realamberheard/status/1125570552893018112', 'display_url': 'twitter.com/realamberheard…'}]",Twitter for iPhone,en,275,63,2806,8,2019-05-07T01:18:26.000Z,1125570552893018112,"[{'start': 103, 'end': 126, 'url': 'https://t.co/ePA4CuMscl', 'expanded_url': 'https://twitter.com/OhNoSheTwitnt/status/1122915199986667520', 'display_url': 'twitter.com/OhNoSheTwitnt/…'}]","[{'type': 'quoted', 'id': '1122915199986667520'}]","Someone needs to start stitching this on like, so many pillows. Actually, f*ck pillows, we need flags. https://t.co/ePA4CuMscl",807003567605227520,2016-12-08T23:26:58.000Z,https://pbs.twimg.com/profile_images/1383196364792680448/N8CdupEu_normal.jpg,https://t.co/Ze18Ek9SOI,Amber Heard,"Los Angeles, CA",807003567605227520,190338,220,1149,567,"Actor and Activist, semi-professional disruptor, ice cream advocate and shameless teacup yorkie-lover",realamberheard,2015-04-28T07:17:35.000Z,https://pbs.twimg.com/profile_images/1501219816522219520/SQVX3N2b_normal.jpg,,GGCIR8991,,3216078659,1465,1323,163095,17,"On the internet, you can be pretty much anything you want, it's just kinda weird that so many people choose to be idiots and assholes",GGCIR8991,,"[{'start': 131, 'end': 146, 'username': 'realamberheard', 'id': '807003567605227520'}]",
