referenced_tweets,id,created_at,text,author_id,lang,source,entities.urls,entities.mentions,entities.hashtags,public_metrics.retweet_count,public_metrics.reply_count,public_metrics.like_count,public_metrics.quote_count,quoted_tweet.entities.urls,quoted_tweet.id,quoted_tweet.created_at,quoted_tweet.text,quoted_tweet.public_metrics.retweet_count,quoted_tweet.public_metrics.reply_count,quoted_tweet.public_metrics.like_count,quoted_tweet.public_metrics.quote_count,quoted_tweet.author_id,quoted_tweet.lang,quoted_tweet.source,quoted_tweet.author.public_metrics.followers_count,quoted_tweet.author.public_metrics.following_count,quoted_tweet.author.public_metrics.tweet_count,quoted_tweet.author.public_metrics.listed_count,quoted_tweet.author.created_at,quoted_tweet.author.name,quoted_tweet.author.username,quoted_tweet.author.profile_image_url,quoted_tweet.author.location,quoted_tweet.author.id,quoted_tweet.author.url,quoted_tweet.author.description,author.public_metrics.followers_count,author.public_metrics.following_count,author.public_metrics.tweet_count,author.public_metrics.listed_count,author.created_at,author.name,author.username,author.profile_image_url,author.id,author.url,author.description,author.location,entities.annotations
"[{'type': 'quoted', 'id': '1129416134300717056'}]",1129890647463407616,2019-05-18T23:24:57.000Z,"Most on that list received the abuse from YOU!
#JohnnyDepp @alicecooper @marilynmanson @hollywoodvamps @UN_Women @Loreal @TheDCUniverse #JohnnyDeppIsInnocent #JohnnyDeppIsASurvivor
 #AmberHeard @realamberheard  #AmberHeardIsAnAbuser #AmberHeardIsALiar #AmberHeardAbusedJohnnyDepp https://t.co/vngK0Ybppc",162476775,en,Twitter for Android,"[{'start': 280, 'end': 303, 'url': 'https://t.co/vngK0Ybppc', 'expanded_url': 'https://twitter.com/realamberheard/status/1129416134300717056', 'display_url': 'twitter.com/realamberheard…'}]","[{'start': 59, 'end': 71, 'username': 'alicecooper', 'id': '78644388'}, {'start': 72, 'end': 86, 'username': 'marilynmanson', 'id': '28206360'}, {'start': 87, 'end': 102, 'username': 'hollywoodvamps', 'id': '3313788715'}, {'start': 103, 'end': 112, 'username': 'UN_Women', 'id': '17137628'}, {'start': 121, 'end': 135, 'username': 'TheDCUniverse', 'id': '944376625545723904'}, {'start': 194, 'end': 209, 'username': 'realamberheard', 'id': '807003567605227520'}]","[{'start': 47, 'end': 58, 'tag': 'JohnnyDepp'}, {'start': 136, 'end': 157, 'tag': 'JohnnyDeppIsInnocent'}, {'start': 158, 'end': 180, 'tag': 'JohnnyDeppIsASurvivor'}, {'start': 182, 'end': 193, 'tag': 'AmberHeard'}, {'start': 211, 'end': 232, 'tag': 'AmberHeardIsAnAbuser'}, {'start': 233, 'end': 251, 'tag': 'AmberHeardIsALiar'}, {'start': 252, 'end': 279, 'tag': 'AmberHeardAbusedJohnnyDepp'}]",0,0,2,0,"[{'start': 172, 'end': 195, 'url': 'https://t.co/CEamrIiUvh', 'expanded_url': 'https://www.unfe.org/justiceprotection/', 'display_url': 'unfe.org/justiceprotect…'}, {'start': 196, 'end': 219, 'url': 'https://t.co/3ePiyRdR69', 'expanded_url': 'https://twitter.com/realamberheard/status/1129416134300717056/photo/1', 'display_url': 'pic.twitter.com/3ePiyRdR69'}]",1129416134300717056,2019-05-17T15:59:24.000Z,"Lesbian, gay, bisexual, trans and intersex (LGBTI) people face discrimination and abuse simply because of who they are or whom they love. We can change this - here’s how.: https://t.co/CEamrIiUvh https://t.co/3ePiyRdR69",233,73,1748,12,807003567605227520,en,Twitter Web App,190338,220,1149,567,2016-12-08T23:26:58.000Z,Amber Heard,realamberheard,https://pbs.twimg.com/profile_images/1383196364792680448/N8CdupEu_normal.jpg,"Los Angeles, CA",807003567605227520,https://t.co/Ze18Ek9SOI,"Actor and Activist, semi-professional disruptor, ice cream advocate and shameless teacup yorkie-lover",352,614,6228,3,2010-07-03T19:54:45.000Z,ఇReadHead,FoolsGirl79,https://pbs.twimg.com/profile_images/1334488250627534853/_py9P5RK_normal.jpg,162476775,,♡I BELIEVE IN #JOHNNYDEPP♡ • #ConstantReader • Spoiled Wife • #HORROR Junkie • @StephenKing • @tcm • #ThinManSeries • Nick&Nora • #Conspiracies • @Adam_Waldman•,,
"[{'type': 'quoted', 'id': '1129416134300717056'}]",1129588013225435137,2019-05-18T03:22:23.000Z,linda te amo te amo te amo https://t.co/ZcLeLRMbHP,2730266495,pt,Twitter for iPhone,"[{'start': 27, 'end': 50, 'url': 'https://t.co/ZcLeLRMbHP', 'expanded_url': 'https://twitter.com/realamberheard/status/1129416134300717056', 'display_url': 'twitter.com/realamberheard…'}]",,,0,0,1,0,"[{'start': 172, 'end': 195, 'url': 'https://t.co/CEamrIiUvh', 'expanded_url': 'https://www.unfe.org/justiceprotection/', 'display_url': 'unfe.org/justiceprotect…'}, {'start': 196, 'end': 219, 'url': 'https://t.co/3ePiyRdR69', 'expanded_url': 'https://twitter.com/realamberheard/status/1129416134300717056/photo/1', 'display_url': 'pic.twitter.com/3ePiyRdR69'}]",1129416134300717056,2019-05-17T15:59:24.000Z,"Lesbian, gay, bisexual, trans and intersex (LGBTI) people face discrimination and abuse simply because of who they are or whom they love. We can change this - here’s how.: https://t.co/CEamrIiUvh https://t.co/3ePiyRdR69",233,73,1748,12,807003567605227520,en,Twitter Web App,190338,220,1149,567,2016-12-08T23:26:58.000Z,Amber Heard,realamberheard,https://pbs.twimg.com/profile_images/1383196364792680448/N8CdupEu_normal.jpg,"Los Angeles, CA",807003567605227520,https://t.co/Ze18Ek9SOI,"Actor and Activist, semi-professional disruptor, ice cream advocate and shameless teacup yorkie-lover",894,533,58693,17,2014-07-31T22:32:47.000Z,rafael 🧜🏽‍♀️,jeannedielman,https://pbs.twimg.com/profile_images/1506429999519346688/BHk2S6AV_normal.jpg,2730266495,https://t.co/29ZkzZGAmi,"unseen, unheard, unwatched by any star;",he/him | 21y,
"[{'type': 'quoted', 'id': '1129416134300717056'}]",1129546167631654912,2019-05-18T00:36:06.000Z,트윗 변역해서 읽으세요 https://t.co/i6wWxzBpsN,1041289108427956224,ko,Twitter for Android,"[{'start': 13, 'end': 36, 'url': 'https://t.co/i6wWxzBpsN', 'expanded_url': 'https://twitter.com/realamberheard/status/1129416134300717056', 'display_url': 'twitter.com/realamberheard…'}]",,,0,0,0,0,"[{'start': 172, 'end': 195, 'url': 'https://t.co/CEamrIiUvh', 'expanded_url': 'https://www.unfe.org/justiceprotection/', 'display_url': 'unfe.org/justiceprotect…'}, {'start': 196, 'end': 219, 'url': 'https://t.co/3ePiyRdR69', 'expanded_url': 'https://twitter.com/realamberheard/status/1129416134300717056/photo/1', 'display_url': 'pic.twitter.com/3ePiyRdR69'}]",1129416134300717056,2019-05-17T15:59:24.000Z,"Lesbian, gay, bisexual, trans and intersex (LGBTI) people face discrimination and abuse simply because of who they are or whom they love. We can change this - here’s how.: https://t.co/CEamrIiUvh https://t.co/3ePiyRdR69",233,73,1748,12,807003567605227520,en,Twitter Web App,190338,220,1149,567,2016-12-08T23:26:58.000Z,Amber Heard,realamberheard,https://pbs.twimg.com/profile_images/1383196364792680448/N8CdupEu_normal.jpg,"Los Angeles, CA",807003567605227520,https://t.co/Ze18Ek9SOI,"Actor and Activist, semi-professional disruptor, ice cream advocate and shameless teacup yorkie-lover",228,228,66813,9,2018-09-16T11:34:04.000Z,트랜스 휴커러 루트🍇 🌹🍞,YOUNG_REGEE,https://pbs.twimg.com/profile_images/1304060989160202242/lBfKAq8M_normal.jpg,1041289108427956224,https://t.co/v50DJ2XAUz,제한능력자/🤔/4B 노력 중/남자 오지 마/빻장탐라에들이지마젠더론 안 받아요/무멘선팔 구독 간주/이별 블블/장미=여성의 참정권 빵=생존권,기력이있었는데요없었습니다,
"[{'type': 'quoted', 'id': '1129416134300717056'}]",1129436585840316416,2019-05-17T17:20:40.000Z,eu amo tanto a Amber https://t.co/gAf35MAOF7,404351063,pt,Twitter for iPhone,"[{'start': 21, 'end': 44, 'url': 'https://t.co/gAf35MAOF7', 'expanded_url': 'https://twitter.com/realamberheard/status/1129416134300717056', 'display_url': 'twitter.com/realamberheard…'}]",,,0,0,0,0,"[{'start': 172, 'end': 195, 'url': 'https://t.co/CEamrIiUvh', 'expanded_url': 'https://www.unfe.org/justiceprotection/', 'display_url': 'unfe.org/justiceprotect…'}, {'start': 196, 'end': 219, 'url': 'https://t.co/3ePiyRdR69', 'expanded_url': 'https://twitter.com/realamberheard/status/1129416134300717056/photo/1', 'display_url': 'pic.twitter.com/3ePiyRdR69'}]",1129416134300717056,2019-05-17T15:59:24.000Z,"Lesbian, gay, bisexual, trans and intersex (LGBTI) people face discrimination and abuse simply because of who they are or whom they love. We can change this - here’s how.: https://t.co/CEamrIiUvh https://t.co/3ePiyRdR69",233,73,1748,12,807003567605227520,en,Twitter Web App,190338,220,1149,567,2016-12-08T23:26:58.000Z,Amber Heard,realamberheard,https://pbs.twimg.com/profile_images/1383196364792680448/N8CdupEu_normal.jpg,"Los Angeles, CA",807003567605227520,https://t.co/Ze18Ek9SOI,"Actor and Activist, semi-professional disruptor, ice cream advocate and shameless teacup yorkie-lover",3586,2293,203348,2,2011-11-03T20:07:57.000Z,bolt da siririca,_budassg,https://pbs.twimg.com/profile_images/1506573777035042816/ydAE-JBt_normal.jpg,404351063,,𝑟𝑒𝑖𝑛𝑒 𝑠𝑜𝑢𝑣𝑒𝑟𝑎𝑖𝑛𝑒 𝑑𝑒 𝑡𝑜𝑢𝑠 𝑙𝑒𝑠 𝑚𝑎𝑢𝑥. pisces | gemini. oxum — oxóssi. @FluminenseFC,$P - RJ ,"[{'start': 15, 'end': 19, 'probability': 0.9424, 'type': 'Person', 'normalized_text': 'Amber'}]"
"[{'type': 'quoted', 'id': '1129416134300717056'}]",1129423862221946880,2019-05-17T16:30:07.000Z,"I LOVE YOU,AMBER!🌈❤ https://t.co/8nVz1nvPOx",260898190,en,Twitter for Android,"[{'start': 20, 'end': 43, 'url': 'https://t.co/8nVz1nvPOx', 'expanded_url': 'https://twitter.com/realamberheard/status/1129416134300717056', 'display_url': 'twitter.com/realamberheard…'}]",,,0,0,0,0,"[{'start': 172, 'end': 195, 'url': 'https://t.co/CEamrIiUvh', 'expanded_url': 'https://www.unfe.org/justiceprotection/', 'display_url': 'unfe.org/justiceprotect…'}, {'start': 196, 'end': 219, 'url': 'https://t.co/3ePiyRdR69', 'expanded_url': 'https://twitter.com/realamberheard/status/1129416134300717056/photo/1', 'display_url': 'pic.twitter.com/3ePiyRdR69'}]",1129416134300717056,2019-05-17T15:59:24.000Z,"Lesbian, gay, bisexual, trans and intersex (LGBTI) people face discrimination and abuse simply because of who they are or whom they love. We can change this - here’s how.: https://t.co/CEamrIiUvh https://t.co/3ePiyRdR69",233,73,1748,12,807003567605227520,en,Twitter Web App,190338,220,1149,567,2016-12-08T23:26:58.000Z,Amber Heard,realamberheard,https://pbs.twimg.com/profile_images/1383196364792680448/N8CdupEu_normal.jpg,"Los Angeles, CA",807003567605227520,https://t.co/Ze18Ek9SOI,"Actor and Activist, semi-professional disruptor, ice cream advocate and shameless teacup yorkie-lover",1568,398,129532,15,2011-03-04T20:57:45.000Z,Mah| on happy hour🍹,MarleneB_,https://pbs.twimg.com/profile_images/1501533257594294277/y6BGxKOr_normal.jpg,260898190,,"De pé diante do mundo. De joelhos diante de: Sílvia/León Navarro,Amber Heard,Bia Arantes,Katy Perry,Melanie Zanetti,Giulio Berruti,Selton M e Mariana Ximenes❤","Macapá, Brasil","[{'start': 11, 'end': 15, 'probability': 0.8812, 'type': 'Person', 'normalized_text': 'AMBER'}]"
"[{'type': 'quoted', 'id': '1129416134300717056'}]",1129418614447022081,2019-05-17T16:09:15.000Z,"Just like what you said at Create And Cultivate, ""I know that visibility is crucial. When we hear other people say, 'Yes, me too,' the immense power we get from building that community is how we change. When we collectively act, we impart dramatic social change."" https://t.co/S4oL6wKZai",3216078659,en,Twitter Web App,"[{'start': 264, 'end': 287, 'url': 'https://t.co/S4oL6wKZai', 'expanded_url': 'https://twitter.com/realamberheard/status/1129416134300717056', 'display_url': 'twitter.com/realamberheard…'}]",,,0,0,0,0,"[{'start': 172, 'end': 195, 'url': 'https://t.co/CEamrIiUvh', 'expanded_url': 'https://www.unfe.org/justiceprotection/', 'display_url': 'unfe.org/justiceprotect…'}, {'start': 196, 'end': 219, 'url': 'https://t.co/3ePiyRdR69', 'expanded_url': 'https://twitter.com/realamberheard/status/1129416134300717056/photo/1', 'display_url': 'pic.twitter.com/3ePiyRdR69'}]",1129416134300717056,2019-05-17T15:59:24.000Z,"Lesbian, gay, bisexual, trans and intersex (LGBTI) people face discrimination and abuse simply because of who they are or whom they love. We can change this - here’s how.: https://t.co/CEamrIiUvh https://t.co/3ePiyRdR69",233,73,1748,12,807003567605227520,en,Twitter Web App,190338,220,1149,567,2016-12-08T23:26:58.000Z,Amber Heard,realamberheard,https://pbs.twimg.com/profile_images/1383196364792680448/N8CdupEu_normal.jpg,"Los Angeles, CA",807003567605227520,https://t.co/Ze18Ek9SOI,"Actor and Activist, semi-professional disruptor, ice cream advocate and shameless teacup yorkie-lover",1465,1323,163095,17,2015-04-28T07:17:35.000Z,GGCIR8991,GGCIR8991,https://pbs.twimg.com/profile_images/1501219816522219520/SQVX3N2b_normal.jpg,3216078659,,"On the internet, you can be pretty much anything you want, it's just kinda weird that so many people choose to be idiots and assholes",,
"[{'type': 'quoted', 'id': '1129416134300717056'}]",1129416673444999168,2019-05-17T16:01:33.000Z,Amber pq tão maravilhosa https://t.co/98c0msC5Ja,529629110,pt,Twitter for Android,"[{'start': 25, 'end': 48, 'url': 'https://t.co/98c0msC5Ja', 'expanded_url': 'https://twitter.com/realamberheard/status/1129416134300717056', 'display_url': 'twitter.com/realamberheard…'}]",,,0,0,0,0,"[{'start': 172, 'end': 195, 'url': 'https://t.co/CEamrIiUvh', 'expanded_url': 'https://www.unfe.org/justiceprotection/', 'display_url': 'unfe.org/justiceprotect…'}, {'start': 196, 'end': 219, 'url': 'https://t.co/3ePiyRdR69', 'expanded_url': 'https://twitter.com/realamberheard/status/1129416134300717056/photo/1', 'display_url': 'pic.twitter.com/3ePiyRdR69'}]",1129416134300717056,2019-05-17T15:59:24.000Z,"Lesbian, gay, bisexual, trans and intersex (LGBTI) people face discrimination and abuse simply because of who they are or whom they love. We can change this - here’s how.: https://t.co/CEamrIiUvh https://t.co/3ePiyRdR69",233,73,1748,12,807003567605227520,en,Twitter Web App,190338,220,1149,567,2016-12-08T23:26:58.000Z,Amber Heard,realamberheard,https://pbs.twimg.com/profile_images/1383196364792680448/N8CdupEu_normal.jpg,"Los Angeles, CA",807003567605227520,https://t.co/Ze18Ek9SOI,"Actor and Activist, semi-professional disruptor, ice cream advocate and shameless teacup yorkie-lover",8121,7332,217823,34,2012-03-19T18:56:24.000Z,Jessy ג'סיקה,tzuyupicky,https://pbs.twimg.com/profile_images/1506652523775549448/u8w5xlIk_normal.jpg,529629110,,★ twice weki meki animes e dc comics                    •fan account •,weki meki,"[{'start': 0, 'end': 4, 'probability': 0.9207, 'type': 'Person', 'normalized_text': 'Amber'}]"
"[{'type': 'quoted', 'id': '1129416134300717056'}]",1129416249551802368,2019-05-17T15:59:52.000Z,💛 https://t.co/nCWhppGXJB,3065762493,und,Twitter for iPhone,"[{'start': 2, 'end': 25, 'url': 'https://t.co/nCWhppGXJB', 'expanded_url': 'https://twitter.com/realamberheard/status/1129416134300717056', 'display_url': 'twitter.com/realamberheard…'}]",,,0,0,0,0,"[{'start': 172, 'end': 195, 'url': 'https://t.co/CEamrIiUvh', 'expanded_url': 'https://www.unfe.org/justiceprotection/', 'display_url': 'unfe.org/justiceprotect…'}, {'start': 196, 'end': 219, 'url': 'https://t.co/3ePiyRdR69', 'expanded_url': 'https://twitter.com/realamberheard/status/1129416134300717056/photo/1', 'display_url': 'pic.twitter.com/3ePiyRdR69'}]",1129416134300717056,2019-05-17T15:59:24.000Z,"Lesbian, gay, bisexual, trans and intersex (LGBTI) people face discrimination and abuse simply because of who they are or whom they love. We can change this - here’s how.: https://t.co/CEamrIiUvh https://t.co/3ePiyRdR69",233,73,1748,12,807003567605227520,en,Twitter Web App,190338,220,1149,567,2016-12-08T23:26:58.000Z,Amber Heard,realamberheard,https://pbs.twimg.com/profile_images/1383196364792680448/N8CdupEu_normal.jpg,"Los Angeles, CA",807003567605227520,https://t.co/Ze18Ek9SOI,"Actor and Activist, semi-professional disruptor, ice cream advocate and shameless teacup yorkie-lover",2808,97,32673,29,2015-03-01T20:14:47.000Z,carol,heardverse,https://pbs.twimg.com/profile_images/1438347905304256512/kQoJOMWs_normal.jpg,3065762493,https://t.co/YxZgLFMyeQ,ur resident amber heard stan,Brasil,
