author_id,created_at,text,source,referenced_tweets,lang,id,public_metrics.retweet_count,public_metrics.reply_count,public_metrics.like_count,public_metrics.quote_count,entities.urls,entities.hashtags,quoted_tweet.author_id,quoted_tweet.entities.mentions,quoted_tweet.entities.urls,quoted_tweet.entities.hashtags,quoted_tweet.created_at,quoted_tweet.public_metrics.retweet_count,quoted_tweet.public_metrics.reply_count,quoted_tweet.public_metrics.like_count,quoted_tweet.public_metrics.quote_count,quoted_tweet.text,quoted_tweet.source,quoted_tweet.lang,quoted_tweet.id,quoted_tweet.author.username,quoted_tweet.author.id,quoted_tweet.author.profile_image_url,quoted_tweet.author.name,quoted_tweet.author.created_at,quoted_tweet.author.public_metrics.followers_count,quoted_tweet.author.public_metrics.following_count,quoted_tweet.author.public_metrics.tweet_count,quoted_tweet.author.public_metrics.listed_count,quoted_tweet.author.location,quoted_tweet.author.description,quoted_tweet.author.url,author.username,author.id,author.profile_image_url,author.name,author.created_at,author.public_metrics.followers_count,author.public_metrics.following_count,author.public_metrics.tweet_count,author.public_metrics.listed_count,author.description,author.url,entities.mentions,entities.annotations,author.location
2276359646,2019-05-26T13:22:51.000Z,#awks https://t.co/Z9IPAK17ov,Twitter Web Client,"[{'type': 'quoted', 'id': '1129347271408193536'}]",und,1132638225477099520,0,0,0,0,"[{'start': 6, 'end': 29, 'url': 'https://t.co/Z9IPAK17ov', 'expanded_url': 'https://twitter.com/realamberheard/status/1129347271408193536', 'display_url': 'twitter.com/realamberheard…'}]","[{'start': 0, 'end': 5, 'tag': 'awks'}]",807003567605227520,"[{'start': 219, 'end': 230, 'username': 'free_equal', 'id': '1410372553'}, {'start': 231, 'end': 245, 'username': 'UNHumanRights', 'id': '69231187'}]","[{'start': 267, 'end': 290, 'url': 'https://t.co/LQwMc3H59g', 'expanded_url': 'https://twitter.com/realamberheard/status/1129347271408193536/photo/1', 'display_url': 'pic.twitter.com/LQwMc3H59g'}]","[{'start': 40, 'end': 46, 'tag': 'LGBTI'}, {'start': 211, 'end': 218, 'tag': 'IDAHOT'}, {'start': 246, 'end': 266, 'tag': 'StandUp4HumanRights'}]",2019-05-17T11:25:46.000Z,220,55,1546,14,"Let us unite to demand equal rights for #LGBTI people everywhere. Violence &amp; discrimination are NEVER acceptable. Justice &amp; protection must be guaranteed for all, no matter who you are or whom you love. #IDAHOT @free_equal @UNHumanRights #StandUp4HumanRights https://t.co/LQwMc3H59g",Twitter for iPhone,en,1129347271408193536,realamberheard,807003567605227520,https://pbs.twimg.com/profile_images/1383196364792680448/N8CdupEu_normal.jpg,Amber Heard,2016-12-08T23:26:58.000Z,190338,220,1149,567,"Los Angeles, CA","Actor and Activist, semi-professional disruptor, ice cream advocate and shameless teacup yorkie-lover",https://t.co/Ze18Ek9SOI,SillyCult,2276359646,https://pbs.twimg.com/profile_images/822344422549581824/76jWLdZb_normal.jpg,SillyCult,2014-01-04T16:45:07.000Z,195,126,16789,20,"Smart-arse with a terrible attitude to authority who'll never amount to anything. Against Cults, Islam,SJW and Feminist nonsense.BTW that's Uranus in the pic!",,,,
2873640245,2019-05-17T18:18:46.000Z,"Good idea ladies...support Chelsey Manning @xychelsea she desperately needs the support of the #LGBTI community.

Chelsey Manning is a whistleblower not a criminal. https://t.co/aJ0hkcZFY5",Twitter for iPad,"[{'type': 'quoted', 'id': '1129347271408193536'}]",en,1129451205950939141,0,0,0,0,"[{'start': 165, 'end': 188, 'url': 'https://t.co/aJ0hkcZFY5', 'expanded_url': 'https://twitter.com/realamberheard/status/1129347271408193536', 'display_url': 'twitter.com/realamberheard…'}]","[{'start': 95, 'end': 101, 'tag': 'LGBTI'}]",807003567605227520,"[{'start': 219, 'end': 230, 'username': 'free_equal', 'id': '1410372553'}, {'start': 231, 'end': 245, 'username': 'UNHumanRights', 'id': '69231187'}]","[{'start': 267, 'end': 290, 'url': 'https://t.co/LQwMc3H59g', 'expanded_url': 'https://twitter.com/realamberheard/status/1129347271408193536/photo/1', 'display_url': 'pic.twitter.com/LQwMc3H59g'}]","[{'start': 40, 'end': 46, 'tag': 'LGBTI'}, {'start': 211, 'end': 218, 'tag': 'IDAHOT'}, {'start': 246, 'end': 266, 'tag': 'StandUp4HumanRights'}]",2019-05-17T11:25:46.000Z,220,55,1546,14,"Let us unite to demand equal rights for #LGBTI people everywhere. Violence &amp; discrimination are NEVER acceptable. Justice &amp; protection must be guaranteed for all, no matter who you are or whom you love. #IDAHOT @free_equal @UNHumanRights #StandUp4HumanRights https://t.co/LQwMc3H59g",Twitter for iPhone,en,1129347271408193536,realamberheard,807003567605227520,https://pbs.twimg.com/profile_images/1383196364792680448/N8CdupEu_normal.jpg,Amber Heard,2016-12-08T23:26:58.000Z,190338,220,1149,567,"Los Angeles, CA","Actor and Activist, semi-professional disruptor, ice cream advocate and shameless teacup yorkie-lover",https://t.co/Ze18Ek9SOI,oortcloudfilms,2873640245,https://pbs.twimg.com/profile_images/1427922025444696067/Rgr1VUOV_normal.jpg,Jenni Hall 🌺,2014-11-12T11:38:59.000Z,2797,4418,62505,48,BEYOND THE ICE CLOUD IS AN ENDLESS UNIVERSE. #themtoo movement for the protection of underage children.,https://t.co/JIeQQRQ1Ww,"[{'start': 43, 'end': 53, 'username': 'xychelsea', 'id': '1694040764'}]","[{'start': 27, 'end': 41, 'probability': 0.996, 'type': 'Person', 'normalized_text': 'Chelsey Manning'}, {'start': 114, 'end': 128, 'probability': 0.9464, 'type': 'Person', 'normalized_text': 'Chelsey Manning'}]",South of FRANCE
764744605891960833,2019-05-17T16:45:09.000Z,Yes Amber! We need to fight and stand up for our rights.We are born free and equal in rights.Human rights i would say.✊✊✊ https://t.co/xa8sGKtWyz,Twitter for Android,"[{'type': 'quoted', 'id': '1129347271408193536'}]",en,1129427648080433152,0,1,4,0,"[{'start': 122, 'end': 145, 'url': 'https://t.co/xa8sGKtWyz', 'expanded_url': 'https://twitter.com/realamberheard/status/1129347271408193536', 'display_url': 'twitter.com/realamberheard…'}]",,807003567605227520,"[{'start': 219, 'end': 230, 'username': 'free_equal', 'id': '1410372553'}, {'start': 231, 'end': 245, 'username': 'UNHumanRights', 'id': '69231187'}]","[{'start': 267, 'end': 290, 'url': 'https://t.co/LQwMc3H59g', 'expanded_url': 'https://twitter.com/realamberheard/status/1129347271408193536/photo/1', 'display_url': 'pic.twitter.com/LQwMc3H59g'}]","[{'start': 40, 'end': 46, 'tag': 'LGBTI'}, {'start': 211, 'end': 218, 'tag': 'IDAHOT'}, {'start': 246, 'end': 266, 'tag': 'StandUp4HumanRights'}]",2019-05-17T11:25:46.000Z,220,55,1546,14,"Let us unite to demand equal rights for #LGBTI people everywhere. Violence &amp; discrimination are NEVER acceptable. Justice &amp; protection must be guaranteed for all, no matter who you are or whom you love. #IDAHOT @free_equal @UNHumanRights #StandUp4HumanRights https://t.co/LQwMc3H59g",Twitter for iPhone,en,1129347271408193536,realamberheard,807003567605227520,https://pbs.twimg.com/profile_images/1383196364792680448/N8CdupEu_normal.jpg,Amber Heard,2016-12-08T23:26:58.000Z,190338,220,1149,567,"Los Angeles, CA","Actor and Activist, semi-professional disruptor, ice cream advocate and shameless teacup yorkie-lover",https://t.co/Ze18Ek9SOI,Anneoger1,764744605891960833,https://pbs.twimg.com/profile_images/1428817116002754566/5TlNzD2j_normal.jpg,Anneoger1,2016-08-14T08:44:57.000Z,666,264,95611,11,"Adventure-Crystal Chappell fan-Support women in the entertainment industry
Support LGBTQIA community-#cine, #music #nature, #catlover",,,"[{'start': 4, 'end': 8, 'probability': 0.8911, 'type': 'Person', 'normalized_text': 'Amber'}]",
137146842,2019-05-17T15:36:20.000Z,RT @free_equal: ❤️🧡💛💚💙💜 https://t.co/4N9zMHBEUF,Twitter for iPhone,"[{'type': 'retweeted', 'id': '1129348837385101312'}]",und,1129410329614725120,10,0,0,0,"[{'start': 24, 'end': 47, 'url': 'https://t.co/4N9zMHBEUF', 'expanded_url': 'https://twitter.com/realamberheard/status/1129347271408193536', 'display_url': 'twitter.com/realamberheard…'}]",,807003567605227520,"[{'start': 219, 'end': 230, 'username': 'free_equal', 'id': '1410372553'}, {'start': 231, 'end': 245, 'username': 'UNHumanRights', 'id': '69231187'}]","[{'start': 267, 'end': 290, 'url': 'https://t.co/LQwMc3H59g', 'expanded_url': 'https://twitter.com/realamberheard/status/1129347271408193536/photo/1', 'display_url': 'pic.twitter.com/LQwMc3H59g'}]","[{'start': 40, 'end': 46, 'tag': 'LGBTI'}, {'start': 211, 'end': 218, 'tag': 'IDAHOT'}, {'start': 246, 'end': 266, 'tag': 'StandUp4HumanRights'}]",2019-05-17T11:25:46.000Z,220,55,1546,14,"Let us unite to demand equal rights for #LGBTI people everywhere. Violence &amp; discrimination are NEVER acceptable. Justice &amp; protection must be guaranteed for all, no matter who you are or whom you love. #IDAHOT @free_equal @UNHumanRights #StandUp4HumanRights https://t.co/LQwMc3H59g",Twitter for iPhone,en,1129347271408193536,realamberheard,807003567605227520,https://pbs.twimg.com/profile_images/1383196364792680448/N8CdupEu_normal.jpg,Amber Heard,2016-12-08T23:26:58.000Z,190338,220,1149,567,"Los Angeles, CA","Actor and Activist, semi-professional disruptor, ice cream advocate and shameless teacup yorkie-lover",https://t.co/Ze18Ek9SOI,avpgomez,137146842,https://pbs.twimg.com/profile_images/809436046207422464/DcdOhyo6_normal.jpg,alma viviana perez,2010-04-25T23:25:43.000Z,1835,5000,15420,20,"Colombian. Committed to Peace, human rights and gender equality. Regional Advisor #PeaceandSecurity UN Women - Latin America and Caribbean. Views are my own.",,"[{'start': 3, 'end': 14, 'username': 'free_equal', 'id': '1410372553'}]",,"Manhattan, NY"
529629110,2019-05-17T15:33:38.000Z,❤️❤️❤️❤️❤️❤️❤️❤️❤️❤️ https://t.co/17c4AZsMIw,Twitter for Android,"[{'type': 'quoted', 'id': '1129347271408193536'}]",und,1129409647650197505,0,0,0,0,"[{'start': 21, 'end': 44, 'url': 'https://t.co/17c4AZsMIw', 'expanded_url': 'https://twitter.com/realamberheard/status/1129347271408193536', 'display_url': 'twitter.com/realamberheard…'}]",,807003567605227520,"[{'start': 219, 'end': 230, 'username': 'free_equal', 'id': '1410372553'}, {'start': 231, 'end': 245, 'username': 'UNHumanRights', 'id': '69231187'}]","[{'start': 267, 'end': 290, 'url': 'https://t.co/LQwMc3H59g', 'expanded_url': 'https://twitter.com/realamberheard/status/1129347271408193536/photo/1', 'display_url': 'pic.twitter.com/LQwMc3H59g'}]","[{'start': 40, 'end': 46, 'tag': 'LGBTI'}, {'start': 211, 'end': 218, 'tag': 'IDAHOT'}, {'start': 246, 'end': 266, 'tag': 'StandUp4HumanRights'}]",2019-05-17T11:25:46.000Z,220,55,1546,14,"Let us unite to demand equal rights for #LGBTI people everywhere. Violence &amp; discrimination are NEVER acceptable. Justice &amp; protection must be guaranteed for all, no matter who you are or whom you love. #IDAHOT @free_equal @UNHumanRights #StandUp4HumanRights https://t.co/LQwMc3H59g",Twitter for iPhone,en,1129347271408193536,realamberheard,807003567605227520,https://pbs.twimg.com/profile_images/1383196364792680448/N8CdupEu_normal.jpg,Amber Heard,2016-12-08T23:26:58.000Z,190338,220,1149,567,"Los Angeles, CA","Actor and Activist, semi-professional disruptor, ice cream advocate and shameless teacup yorkie-lover",https://t.co/Ze18Ek9SOI,tzuyupicky,529629110,https://pbs.twimg.com/profile_images/1506652523775549448/u8w5xlIk_normal.jpg,Jessy ג'סיקה,2012-03-19T18:56:24.000Z,8121,7332,217823,34,★ twice weki meki animes e dc comics                    •fan account •,,,,weki meki
2792786363,2019-05-17T15:01:38.000Z,Right on Hopefully little people fat people and ugly people will soon get same.Not sure why the whole don’t bully thing is so Sexually focused as if no one else gets bullied? Ha yeah right Paint your Faces half purple and see the Hate that I go through daily! https://t.co/1YnON7jLoC,Twitter Web App,"[{'type': 'quoted', 'id': '1129347271408193536'}]",en,1129401596100501506,0,0,1,0,"[{'start': 260, 'end': 283, 'url': 'https://t.co/1YnON7jLoC', 'expanded_url': 'https://twitter.com/realamberheard/status/1129347271408193536', 'display_url': 'twitter.com/realamberheard…'}]",,807003567605227520,"[{'start': 219, 'end': 230, 'username': 'free_equal', 'id': '1410372553'}, {'start': 231, 'end': 245, 'username': 'UNHumanRights', 'id': '69231187'}]","[{'start': 267, 'end': 290, 'url': 'https://t.co/LQwMc3H59g', 'expanded_url': 'https://twitter.com/realamberheard/status/1129347271408193536/photo/1', 'display_url': 'pic.twitter.com/LQwMc3H59g'}]","[{'start': 40, 'end': 46, 'tag': 'LGBTI'}, {'start': 211, 'end': 218, 'tag': 'IDAHOT'}, {'start': 246, 'end': 266, 'tag': 'StandUp4HumanRights'}]",2019-05-17T11:25:46.000Z,220,55,1546,14,"Let us unite to demand equal rights for #LGBTI people everywhere. Violence &amp; discrimination are NEVER acceptable. Justice &amp; protection must be guaranteed for all, no matter who you are or whom you love. #IDAHOT @free_equal @UNHumanRights #StandUp4HumanRights https://t.co/LQwMc3H59g",Twitter for iPhone,en,1129347271408193536,realamberheard,807003567605227520,https://pbs.twimg.com/profile_images/1383196364792680448/N8CdupEu_normal.jpg,Amber Heard,2016-12-08T23:26:58.000Z,190338,220,1149,567,"Los Angeles, CA","Actor and Activist, semi-professional disruptor, ice cream advocate and shameless teacup yorkie-lover",https://t.co/Ze18Ek9SOI,survivor_ptsd,2792786363,https://pbs.twimg.com/profile_images/1498883127321628679/b4WW6pW5_normal.jpg,Born 2 Love.,2014-09-29T20:31:41.000Z,433,180,13003,16,SHOW.( Selffunded Homeless Outreach Worker).,,,,Golden BC. 
141141119,2019-05-17T14:51:45.000Z,RT @free_equal: ❤️🧡💛💚💙💜 https://t.co/4N9zMHBEUF,Twitter for Android,"[{'type': 'retweeted', 'id': '1129348837385101312'}]",und,1129399110526820353,10,0,0,0,"[{'start': 24, 'end': 47, 'url': 'https://t.co/4N9zMHBEUF', 'expanded_url': 'https://twitter.com/realamberheard/status/1129347271408193536', 'display_url': 'twitter.com/realamberheard…'}]",,807003567605227520,"[{'start': 219, 'end': 230, 'username': 'free_equal', 'id': '1410372553'}, {'start': 231, 'end': 245, 'username': 'UNHumanRights', 'id': '69231187'}]","[{'start': 267, 'end': 290, 'url': 'https://t.co/LQwMc3H59g', 'expanded_url': 'https://twitter.com/realamberheard/status/1129347271408193536/photo/1', 'display_url': 'pic.twitter.com/LQwMc3H59g'}]","[{'start': 40, 'end': 46, 'tag': 'LGBTI'}, {'start': 211, 'end': 218, 'tag': 'IDAHOT'}, {'start': 246, 'end': 266, 'tag': 'StandUp4HumanRights'}]",2019-05-17T11:25:46.000Z,220,55,1546,14,"Let us unite to demand equal rights for #LGBTI people everywhere. Violence &amp; discrimination are NEVER acceptable. Justice &amp; protection must be guaranteed for all, no matter who you are or whom you love. #IDAHOT @free_equal @UNHumanRights #StandUp4HumanRights https://t.co/LQwMc3H59g",Twitter for iPhone,en,1129347271408193536,realamberheard,807003567605227520,https://pbs.twimg.com/profile_images/1383196364792680448/N8CdupEu_normal.jpg,Amber Heard,2016-12-08T23:26:58.000Z,190338,220,1149,567,"Los Angeles, CA","Actor and Activist, semi-professional disruptor, ice cream advocate and shameless teacup yorkie-lover",https://t.co/Ze18Ek9SOI,AnilK67,141141119,https://pbs.twimg.com/profile_images/1104300924481216513/lhcJJSr3_normal.jpg,Anil J. Katharani,2010-05-07T08:29:05.000Z,38,97,1437,1,"Proud father of a beautiful daughter, entrepreneur, business traveler, avid reader, love listening to 80's classic and follow cricket, EPL, American Football.",,"[{'start': 3, 'end': 14, 'username': 'free_equal', 'id': '1410372553'}]",,Mumbai
1123913452391682048,2019-05-17T14:41:19.000Z,RT @free_equal: ❤️🧡💛💚💙💜 https://t.co/4N9zMHBEUF,Twitter for Android,"[{'type': 'retweeted', 'id': '1129348837385101312'}]",und,1129396483638194177,10,0,0,0,"[{'start': 24, 'end': 47, 'url': 'https://t.co/4N9zMHBEUF', 'expanded_url': 'https://twitter.com/realamberheard/status/1129347271408193536', 'display_url': 'twitter.com/realamberheard…'}]",,807003567605227520,"[{'start': 219, 'end': 230, 'username': 'free_equal', 'id': '1410372553'}, {'start': 231, 'end': 245, 'username': 'UNHumanRights', 'id': '69231187'}]","[{'start': 267, 'end': 290, 'url': 'https://t.co/LQwMc3H59g', 'expanded_url': 'https://twitter.com/realamberheard/status/1129347271408193536/photo/1', 'display_url': 'pic.twitter.com/LQwMc3H59g'}]","[{'start': 40, 'end': 46, 'tag': 'LGBTI'}, {'start': 211, 'end': 218, 'tag': 'IDAHOT'}, {'start': 246, 'end': 266, 'tag': 'StandUp4HumanRights'}]",2019-05-17T11:25:46.000Z,220,55,1546,14,"Let us unite to demand equal rights for #LGBTI people everywhere. Violence &amp; discrimination are NEVER acceptable. Justice &amp; protection must be guaranteed for all, no matter who you are or whom you love. #IDAHOT @free_equal @UNHumanRights #StandUp4HumanRights https://t.co/LQwMc3H59g",Twitter for iPhone,en,1129347271408193536,realamberheard,807003567605227520,https://pbs.twimg.com/profile_images/1383196364792680448/N8CdupEu_normal.jpg,Amber Heard,2016-12-08T23:26:58.000Z,190338,220,1149,567,"Los Angeles, CA","Actor and Activist, semi-professional disruptor, ice cream advocate and shameless teacup yorkie-lover",https://t.co/Ze18Ek9SOI,ssoulfoundation,1123913452391682048,https://pbs.twimg.com/profile_images/1123939073125703680/cuXGEsfU_normal.jpg,SSOUL,2019-05-02T11:33:43.000Z,21,247,1027,0,,,"[{'start': 3, 'end': 14, 'username': 'free_equal', 'id': '1410372553'}]",,
2724444422,2019-05-17T14:29:11.000Z,minhas duas crush https://t.co/RFcWV7CHmu,Twitter for Android,"[{'type': 'quoted', 'id': '1129347271408193536'}]",pt,1129393428352065536,0,0,0,0,"[{'start': 18, 'end': 41, 'url': 'https://t.co/RFcWV7CHmu', 'expanded_url': 'https://twitter.com/realamberheard/status/1129347271408193536', 'display_url': 'twitter.com/realamberheard…'}]",,807003567605227520,"[{'start': 219, 'end': 230, 'username': 'free_equal', 'id': '1410372553'}, {'start': 231, 'end': 245, 'username': 'UNHumanRights', 'id': '69231187'}]","[{'start': 267, 'end': 290, 'url': 'https://t.co/LQwMc3H59g', 'expanded_url': 'https://twitter.com/realamberheard/status/1129347271408193536/photo/1', 'display_url': 'pic.twitter.com/LQwMc3H59g'}]","[{'start': 40, 'end': 46, 'tag': 'LGBTI'}, {'start': 211, 'end': 218, 'tag': 'IDAHOT'}, {'start': 246, 'end': 266, 'tag': 'StandUp4HumanRights'}]",2019-05-17T11:25:46.000Z,220,55,1546,14,"Let us unite to demand equal rights for #LGBTI people everywhere. Violence &amp; discrimination are NEVER acceptable. Justice &amp; protection must be guaranteed for all, no matter who you are or whom you love. #IDAHOT @free_equal @UNHumanRights #StandUp4HumanRights https://t.co/LQwMc3H59g",Twitter for iPhone,en,1129347271408193536,realamberheard,807003567605227520,https://pbs.twimg.com/profile_images/1383196364792680448/N8CdupEu_normal.jpg,Amber Heard,2016-12-08T23:26:58.000Z,190338,220,1149,567,"Los Angeles, CA","Actor and Activist, semi-professional disruptor, ice cream advocate and shameless teacup yorkie-lover",https://t.co/Ze18Ek9SOI,fkatwyez,2724444422,https://pbs.twimg.com/profile_images/1505214911051440135/SZpWBAtg_normal.jpg,sasa,2014-08-11T18:27:47.000Z,1231,583,61215,11,all r&b and hip hop culture,,,,
757576126944260100,2019-05-17T13:14:23.000Z,RT @free_equal: ❤️🧡💛💚💙💜 https://t.co/4N9zMHBEUF,Twitter for Android,"[{'type': 'retweeted', 'id': '1129348837385101312'}]",und,1129374607666864128,10,0,0,0,"[{'start': 24, 'end': 47, 'url': 'https://t.co/4N9zMHBEUF', 'expanded_url': 'https://twitter.com/realamberheard/status/1129347271408193536', 'display_url': 'twitter.com/realamberheard…'}]",,807003567605227520,"[{'start': 219, 'end': 230, 'username': 'free_equal', 'id': '1410372553'}, {'start': 231, 'end': 245, 'username': 'UNHumanRights', 'id': '69231187'}]","[{'start': 267, 'end': 290, 'url': 'https://t.co/LQwMc3H59g', 'expanded_url': 'https://twitter.com/realamberheard/status/1129347271408193536/photo/1', 'display_url': 'pic.twitter.com/LQwMc3H59g'}]","[{'start': 40, 'end': 46, 'tag': 'LGBTI'}, {'start': 211, 'end': 218, 'tag': 'IDAHOT'}, {'start': 246, 'end': 266, 'tag': 'StandUp4HumanRights'}]",2019-05-17T11:25:46.000Z,220,55,1546,14,"Let us unite to demand equal rights for #LGBTI people everywhere. Violence &amp; discrimination are NEVER acceptable. Justice &amp; protection must be guaranteed for all, no matter who you are or whom you love. #IDAHOT @free_equal @UNHumanRights #StandUp4HumanRights https://t.co/LQwMc3H59g",Twitter for iPhone,en,1129347271408193536,realamberheard,807003567605227520,https://pbs.twimg.com/profile_images/1383196364792680448/N8CdupEu_normal.jpg,Amber Heard,2016-12-08T23:26:58.000Z,190338,220,1149,567,"Los Angeles, CA","Actor and Activist, semi-professional disruptor, ice cream advocate and shameless teacup yorkie-lover",https://t.co/Ze18Ek9SOI,Alan_Gonzaga02,757576126944260100,https://pbs.twimg.com/profile_images/1334129179441438724/PRobgcz6_normal.jpg,Alan Gonzaga,2016-07-25T13:59:58.000Z,1057,2853,100596,6,"Él/He/Him
tranquilo, reflexivo, en extremo analítico, pero relajado que vive en medio del caos
👉🏻😉👉🏻 🏳️‍🌈
en esta cuenta se apoya a toda la banda LGBTIQ+",,"[{'start': 3, 'end': 14, 'username': 'free_equal', 'id': '1410372553'}]",,
260898190,2019-05-17T12:26:56.000Z,Minha filha❤ https://t.co/teOuolavwy,Twitter for Android,"[{'type': 'quoted', 'id': '1129347271408193536'}]",pt,1129362663732121600,0,0,0,0,"[{'start': 13, 'end': 36, 'url': 'https://t.co/teOuolavwy', 'expanded_url': 'https://twitter.com/realamberheard/status/1129347271408193536', 'display_url': 'twitter.com/realamberheard…'}]",,807003567605227520,"[{'start': 219, 'end': 230, 'username': 'free_equal', 'id': '1410372553'}, {'start': 231, 'end': 245, 'username': 'UNHumanRights', 'id': '69231187'}]","[{'start': 267, 'end': 290, 'url': 'https://t.co/LQwMc3H59g', 'expanded_url': 'https://twitter.com/realamberheard/status/1129347271408193536/photo/1', 'display_url': 'pic.twitter.com/LQwMc3H59g'}]","[{'start': 40, 'end': 46, 'tag': 'LGBTI'}, {'start': 211, 'end': 218, 'tag': 'IDAHOT'}, {'start': 246, 'end': 266, 'tag': 'StandUp4HumanRights'}]",2019-05-17T11:25:46.000Z,220,55,1546,14,"Let us unite to demand equal rights for #LGBTI people everywhere. Violence &amp; discrimination are NEVER acceptable. Justice &amp; protection must be guaranteed for all, no matter who you are or whom you love. #IDAHOT @free_equal @UNHumanRights #StandUp4HumanRights https://t.co/LQwMc3H59g",Twitter for iPhone,en,1129347271408193536,realamberheard,807003567605227520,https://pbs.twimg.com/profile_images/1383196364792680448/N8CdupEu_normal.jpg,Amber Heard,2016-12-08T23:26:58.000Z,190338,220,1149,567,"Los Angeles, CA","Actor and Activist, semi-professional disruptor, ice cream advocate and shameless teacup yorkie-lover",https://t.co/Ze18Ek9SOI,MarleneB_,260898190,https://pbs.twimg.com/profile_images/1501533257594294277/y6BGxKOr_normal.jpg,Mah| on happy hour🍹,2011-03-04T20:57:45.000Z,1568,398,129532,15,"De pé diante do mundo. De joelhos diante de: Sílvia/León Navarro,Amber Heard,Bia Arantes,Katy Perry,Melanie Zanetti,Giulio Berruti,Selton M e Mariana Ximenes❤",,,,"Macapá, Brasil"
860389083184381952,2019-05-17T12:12:08.000Z,ganda😩💛 https://t.co/IDakxzQukC,Twitter Web App,"[{'type': 'quoted', 'id': '1129347271408193536'}]",pt,1129358942071508992,0,0,1,0,"[{'start': 8, 'end': 31, 'url': 'https://t.co/IDakxzQukC', 'expanded_url': 'https://twitter.com/realamberheard/status/1129347271408193536', 'display_url': 'twitter.com/realamberheard…'}]",,807003567605227520,"[{'start': 219, 'end': 230, 'username': 'free_equal', 'id': '1410372553'}, {'start': 231, 'end': 245, 'username': 'UNHumanRights', 'id': '69231187'}]","[{'start': 267, 'end': 290, 'url': 'https://t.co/LQwMc3H59g', 'expanded_url': 'https://twitter.com/realamberheard/status/1129347271408193536/photo/1', 'display_url': 'pic.twitter.com/LQwMc3H59g'}]","[{'start': 40, 'end': 46, 'tag': 'LGBTI'}, {'start': 211, 'end': 218, 'tag': 'IDAHOT'}, {'start': 246, 'end': 266, 'tag': 'StandUp4HumanRights'}]",2019-05-17T11:25:46.000Z,220,55,1546,14,"Let us unite to demand equal rights for #LGBTI people everywhere. Violence &amp; discrimination are NEVER acceptable. Justice &amp; protection must be guaranteed for all, no matter who you are or whom you love. #IDAHOT @free_equal @UNHumanRights #StandUp4HumanRights https://t.co/LQwMc3H59g",Twitter for iPhone,en,1129347271408193536,realamberheard,807003567605227520,https://pbs.twimg.com/profile_images/1383196364792680448/N8CdupEu_normal.jpg,Amber Heard,2016-12-08T23:26:58.000Z,190338,220,1149,567,"Los Angeles, CA","Actor and Activist, semi-professional disruptor, ice cream advocate and shameless teacup yorkie-lover",https://t.co/Ze18Ek9SOI,lucymargarettee,860389083184381952,https://pbs.twimg.com/profile_images/1505139697408184321/LkSPiPJ9_normal.jpg,maggy,2017-05-05T07:01:57.000Z,1018,368,7427,0,,https://t.co/0D88IqrmrV,,,chung
2367477707,2019-05-17T12:01:58.000Z,RT @free_equal: ❤️🧡💛💚💙💜 https://t.co/4N9zMHBEUF,Twitter for iPhone,"[{'type': 'retweeted', 'id': '1129348837385101312'}]",und,1129356381528702984,10,0,0,0,"[{'start': 24, 'end': 47, 'url': 'https://t.co/4N9zMHBEUF', 'expanded_url': 'https://twitter.com/realamberheard/status/1129347271408193536', 'display_url': 'twitter.com/realamberheard…'}]",,807003567605227520,"[{'start': 219, 'end': 230, 'username': 'free_equal', 'id': '1410372553'}, {'start': 231, 'end': 245, 'username': 'UNHumanRights', 'id': '69231187'}]","[{'start': 267, 'end': 290, 'url': 'https://t.co/LQwMc3H59g', 'expanded_url': 'https://twitter.com/realamberheard/status/1129347271408193536/photo/1', 'display_url': 'pic.twitter.com/LQwMc3H59g'}]","[{'start': 40, 'end': 46, 'tag': 'LGBTI'}, {'start': 211, 'end': 218, 'tag': 'IDAHOT'}, {'start': 246, 'end': 266, 'tag': 'StandUp4HumanRights'}]",2019-05-17T11:25:46.000Z,220,55,1546,14,"Let us unite to demand equal rights for #LGBTI people everywhere. Violence &amp; discrimination are NEVER acceptable. Justice &amp; protection must be guaranteed for all, no matter who you are or whom you love. #IDAHOT @free_equal @UNHumanRights #StandUp4HumanRights https://t.co/LQwMc3H59g",Twitter for iPhone,en,1129347271408193536,realamberheard,807003567605227520,https://pbs.twimg.com/profile_images/1383196364792680448/N8CdupEu_normal.jpg,Amber Heard,2016-12-08T23:26:58.000Z,190338,220,1149,567,"Los Angeles, CA","Actor and Activist, semi-professional disruptor, ice cream advocate and shameless teacup yorkie-lover",https://t.co/Ze18Ek9SOI,Colincvr,2367477707,https://pbs.twimg.com/profile_images/1497962721102286848/LqoBiEua_normal.jpg,c,2014-02-26T19:15:33.000Z,557,451,15861,59,🌍,,"[{'start': 3, 'end': 14, 'username': 'free_equal', 'id': '1410372553'}]",,
830699413,2019-05-17T11:42:52.000Z,RT @free_equal: ❤️🧡💛💚💙💜 https://t.co/4N9zMHBEUF,Twitter Web Client,"[{'type': 'retweeted', 'id': '1129348837385101312'}]",und,1129351574910898181,10,0,0,0,"[{'start': 24, 'end': 47, 'url': 'https://t.co/4N9zMHBEUF', 'expanded_url': 'https://twitter.com/realamberheard/status/1129347271408193536', 'display_url': 'twitter.com/realamberheard…'}]",,807003567605227520,"[{'start': 219, 'end': 230, 'username': 'free_equal', 'id': '1410372553'}, {'start': 231, 'end': 245, 'username': 'UNHumanRights', 'id': '69231187'}]","[{'start': 267, 'end': 290, 'url': 'https://t.co/LQwMc3H59g', 'expanded_url': 'https://twitter.com/realamberheard/status/1129347271408193536/photo/1', 'display_url': 'pic.twitter.com/LQwMc3H59g'}]","[{'start': 40, 'end': 46, 'tag': 'LGBTI'}, {'start': 211, 'end': 218, 'tag': 'IDAHOT'}, {'start': 246, 'end': 266, 'tag': 'StandUp4HumanRights'}]",2019-05-17T11:25:46.000Z,220,55,1546,14,"Let us unite to demand equal rights for #LGBTI people everywhere. Violence &amp; discrimination are NEVER acceptable. Justice &amp; protection must be guaranteed for all, no matter who you are or whom you love. #IDAHOT @free_equal @UNHumanRights #StandUp4HumanRights https://t.co/LQwMc3H59g",Twitter for iPhone,en,1129347271408193536,realamberheard,807003567605227520,https://pbs.twimg.com/profile_images/1383196364792680448/N8CdupEu_normal.jpg,Amber Heard,2016-12-08T23:26:58.000Z,190338,220,1149,567,"Los Angeles, CA","Actor and Activist, semi-professional disruptor, ice cream advocate and shameless teacup yorkie-lover",https://t.co/Ze18Ek9SOI,KorieUNFPA,830699413,https://pbs.twimg.com/profile_images/1083660091361030144/C8khvnjA_normal.jpg,Kori Habib,2012-09-18T09:35:50.000Z,12802,8307,164825,264,"In UNFPA Nigeria  Delivering a world where every pregnancy is wanted, every childbirth is safe and every young person's potential is fulfilled, is our FOCUS",https://t.co/DCIuxu9njQ,"[{'start': 3, 'end': 14, 'username': 'free_equal', 'id': '1410372553'}]",,"Abuja, Nigeria"
712576515729264641,2019-05-17T11:34:00.000Z,RT @free_equal: ❤️🧡💛💚💙💜 https://t.co/4N9zMHBEUF,Twitter for Android,"[{'type': 'retweeted', 'id': '1129348837385101312'}]",und,1129349342114902017,10,0,0,0,"[{'start': 24, 'end': 47, 'url': 'https://t.co/4N9zMHBEUF', 'expanded_url': 'https://twitter.com/realamberheard/status/1129347271408193536', 'display_url': 'twitter.com/realamberheard…'}]",,807003567605227520,"[{'start': 219, 'end': 230, 'username': 'free_equal', 'id': '1410372553'}, {'start': 231, 'end': 245, 'username': 'UNHumanRights', 'id': '69231187'}]","[{'start': 267, 'end': 290, 'url': 'https://t.co/LQwMc3H59g', 'expanded_url': 'https://twitter.com/realamberheard/status/1129347271408193536/photo/1', 'display_url': 'pic.twitter.com/LQwMc3H59g'}]","[{'start': 40, 'end': 46, 'tag': 'LGBTI'}, {'start': 211, 'end': 218, 'tag': 'IDAHOT'}, {'start': 246, 'end': 266, 'tag': 'StandUp4HumanRights'}]",2019-05-17T11:25:46.000Z,220,55,1546,14,"Let us unite to demand equal rights for #LGBTI people everywhere. Violence &amp; discrimination are NEVER acceptable. Justice &amp; protection must be guaranteed for all, no matter who you are or whom you love. #IDAHOT @free_equal @UNHumanRights #StandUp4HumanRights https://t.co/LQwMc3H59g",Twitter for iPhone,en,1129347271408193536,realamberheard,807003567605227520,https://pbs.twimg.com/profile_images/1383196364792680448/N8CdupEu_normal.jpg,Amber Heard,2016-12-08T23:26:58.000Z,190338,220,1149,567,"Los Angeles, CA","Actor and Activist, semi-professional disruptor, ice cream advocate and shameless teacup yorkie-lover",https://t.co/Ze18Ek9SOI,jack_ganbaatar,712576515729264641,https://pbs.twimg.com/profile_images/1462648468900659201/tfeTcjXS_normal.jpg,Jack Ganbaatar,2016-03-23T09:47:35.000Z,2319,1746,4928,2,"🏳️‍🌈🇲🇳 Mongol & Gay, feminist, he/him, worked for @lgbtmongolia and @free_equal, MPH @unimelb, Mongolian queer study, “climate change is real”",https://t.co/QR9jUAHy9K,"[{'start': 3, 'end': 14, 'username': 'free_equal', 'id': '1410372553'}]",,Mongolia
144426884,2019-05-17T11:33:31.000Z,RT @free_equal: ❤️🧡💛💚💙💜 https://t.co/4N9zMHBEUF,Twitter for Android,"[{'type': 'retweeted', 'id': '1129348837385101312'}]",und,1129349221591658496,10,0,0,0,"[{'start': 24, 'end': 47, 'url': 'https://t.co/4N9zMHBEUF', 'expanded_url': 'https://twitter.com/realamberheard/status/1129347271408193536', 'display_url': 'twitter.com/realamberheard…'}]",,807003567605227520,"[{'start': 219, 'end': 230, 'username': 'free_equal', 'id': '1410372553'}, {'start': 231, 'end': 245, 'username': 'UNHumanRights', 'id': '69231187'}]","[{'start': 267, 'end': 290, 'url': 'https://t.co/LQwMc3H59g', 'expanded_url': 'https://twitter.com/realamberheard/status/1129347271408193536/photo/1', 'display_url': 'pic.twitter.com/LQwMc3H59g'}]","[{'start': 40, 'end': 46, 'tag': 'LGBTI'}, {'start': 211, 'end': 218, 'tag': 'IDAHOT'}, {'start': 246, 'end': 266, 'tag': 'StandUp4HumanRights'}]",2019-05-17T11:25:46.000Z,220,55,1546,14,"Let us unite to demand equal rights for #LGBTI people everywhere. Violence &amp; discrimination are NEVER acceptable. Justice &amp; protection must be guaranteed for all, no matter who you are or whom you love. #IDAHOT @free_equal @UNHumanRights #StandUp4HumanRights https://t.co/LQwMc3H59g",Twitter for iPhone,en,1129347271408193536,realamberheard,807003567605227520,https://pbs.twimg.com/profile_images/1383196364792680448/N8CdupEu_normal.jpg,Amber Heard,2016-12-08T23:26:58.000Z,190338,220,1149,567,"Los Angeles, CA","Actor and Activist, semi-professional disruptor, ice cream advocate and shameless teacup yorkie-lover",https://t.co/Ze18Ek9SOI,LGBTMongolia,144426884,https://pbs.twimg.com/profile_images/751309315294662656/-fT8hUbM_normal.jpg,Mongolian LGBT Centre,2010-05-16T07:39:52.000Z,1262,716,1430,37,ЛГБТ Төв - Монголын анхны ЛГБТИК+ хүний эрхийн байгууллага. The first LGBTQI+ human rights organisation of Mongolia.,https://t.co/B2cj8DOngY,"[{'start': 3, 'end': 14, 'username': 'free_equal', 'id': '1410372553'}]",,Mongolia
1410372553,2019-05-17T11:31:59.000Z,❤️🧡💛💚💙💜 https://t.co/4N9zMHBEUF,Twitter for iPhone,"[{'type': 'quoted', 'id': '1129347271408193536'}]",und,1129348837385101312,10,0,63,0,"[{'start': 8, 'end': 31, 'url': 'https://t.co/4N9zMHBEUF', 'expanded_url': 'https://twitter.com/realamberheard/status/1129347271408193536', 'display_url': 'twitter.com/realamberheard…'}]",,807003567605227520,"[{'start': 219, 'end': 230, 'username': 'free_equal', 'id': '1410372553'}, {'start': 231, 'end': 245, 'username': 'UNHumanRights', 'id': '69231187'}]","[{'start': 267, 'end': 290, 'url': 'https://t.co/LQwMc3H59g', 'expanded_url': 'https://twitter.com/realamberheard/status/1129347271408193536/photo/1', 'display_url': 'pic.twitter.com/LQwMc3H59g'}]","[{'start': 40, 'end': 46, 'tag': 'LGBTI'}, {'start': 211, 'end': 218, 'tag': 'IDAHOT'}, {'start': 246, 'end': 266, 'tag': 'StandUp4HumanRights'}]",2019-05-17T11:25:46.000Z,220,55,1546,14,"Let us unite to demand equal rights for #LGBTI people everywhere. Violence &amp; discrimination are NEVER acceptable. Justice &amp; protection must be guaranteed for all, no matter who you are or whom you love. #IDAHOT @free_equal @UNHumanRights #StandUp4HumanRights https://t.co/LQwMc3H59g",Twitter for iPhone,en,1129347271408193536,realamberheard,807003567605227520,https://pbs.twimg.com/profile_images/1383196364792680448/N8CdupEu_normal.jpg,Amber Heard,2016-12-08T23:26:58.000Z,190338,220,1149,567,"Los Angeles, CA","Actor and Activist, semi-professional disruptor, ice cream advocate and shameless teacup yorkie-lover",https://t.co/Ze18Ek9SOI,free_equal,1410372553,https://pbs.twimg.com/profile_images/921370331692044288/kks6WtVS_normal.jpg,UN Free & Equal,2013-05-07T14:20:48.000Z,65884,37,3960,497,"UN Free & Equal is a @UN @UNHumanRights initiative for lesbian, gay, bi, trans and intersex equality #LGBTIQ+",https://t.co/V97ORESBcv,,,Global
3216078659,2019-05-17T11:27:29.000Z,"You're such a true inspiration for the things that you stand up for. I love women like you; women who are strong, tough, smart, beautiful with heart, always taking part in fighting the good fight, and standing up for what they believe is right. https://t.co/Lg6NvCtyrF",Twitter Web Client,"[{'type': 'quoted', 'id': '1129347271408193536'}]",en,1129347703748476928,1,0,2,0,"[{'start': 245, 'end': 268, 'url': 'https://t.co/Lg6NvCtyrF', 'expanded_url': 'https://twitter.com/realamberheard/status/1129347271408193536', 'display_url': 'twitter.com/realamberheard…'}]",,807003567605227520,"[{'start': 219, 'end': 230, 'username': 'free_equal', 'id': '1410372553'}, {'start': 231, 'end': 245, 'username': 'UNHumanRights', 'id': '69231187'}]","[{'start': 267, 'end': 290, 'url': 'https://t.co/LQwMc3H59g', 'expanded_url': 'https://twitter.com/realamberheard/status/1129347271408193536/photo/1', 'display_url': 'pic.twitter.com/LQwMc3H59g'}]","[{'start': 40, 'end': 46, 'tag': 'LGBTI'}, {'start': 211, 'end': 218, 'tag': 'IDAHOT'}, {'start': 246, 'end': 266, 'tag': 'StandUp4HumanRights'}]",2019-05-17T11:25:46.000Z,220,55,1546,14,"Let us unite to demand equal rights for #LGBTI people everywhere. Violence &amp; discrimination are NEVER acceptable. Justice &amp; protection must be guaranteed for all, no matter who you are or whom you love. #IDAHOT @free_equal @UNHumanRights #StandUp4HumanRights https://t.co/LQwMc3H59g",Twitter for iPhone,en,1129347271408193536,realamberheard,807003567605227520,https://pbs.twimg.com/profile_images/1383196364792680448/N8CdupEu_normal.jpg,Amber Heard,2016-12-08T23:26:58.000Z,190338,220,1149,567,"Los Angeles, CA","Actor and Activist, semi-professional disruptor, ice cream advocate and shameless teacup yorkie-lover",https://t.co/Ze18Ek9SOI,GGCIR8991,3216078659,https://pbs.twimg.com/profile_images/1501219816522219520/SQVX3N2b_normal.jpg,GGCIR8991,2015-04-28T07:17:35.000Z,1465,1323,163095,17,"On the internet, you can be pretty much anything you want, it's just kinda weird that so many people choose to be idiots and assholes",,,,
610344405,2019-05-17T11:26:25.000Z,💕 https://t.co/MRZXr5rCOn,Twitter for Android,"[{'type': 'quoted', 'id': '1129347271408193536'}]",und,1129347434658840577,0,0,0,0,"[{'start': 2, 'end': 25, 'url': 'https://t.co/MRZXr5rCOn', 'expanded_url': 'https://twitter.com/realamberheard/status/1129347271408193536', 'display_url': 'twitter.com/realamberheard…'}]",,807003567605227520,"[{'start': 219, 'end': 230, 'username': 'free_equal', 'id': '1410372553'}, {'start': 231, 'end': 245, 'username': 'UNHumanRights', 'id': '69231187'}]","[{'start': 267, 'end': 290, 'url': 'https://t.co/LQwMc3H59g', 'expanded_url': 'https://twitter.com/realamberheard/status/1129347271408193536/photo/1', 'display_url': 'pic.twitter.com/LQwMc3H59g'}]","[{'start': 40, 'end': 46, 'tag': 'LGBTI'}, {'start': 211, 'end': 218, 'tag': 'IDAHOT'}, {'start': 246, 'end': 266, 'tag': 'StandUp4HumanRights'}]",2019-05-17T11:25:46.000Z,220,55,1546,14,"Let us unite to demand equal rights for #LGBTI people everywhere. Violence &amp; discrimination are NEVER acceptable. Justice &amp; protection must be guaranteed for all, no matter who you are or whom you love. #IDAHOT @free_equal @UNHumanRights #StandUp4HumanRights https://t.co/LQwMc3H59g",Twitter for iPhone,en,1129347271408193536,realamberheard,807003567605227520,https://pbs.twimg.com/profile_images/1383196364792680448/N8CdupEu_normal.jpg,Amber Heard,2016-12-08T23:26:58.000Z,190338,220,1149,567,"Los Angeles, CA","Actor and Activist, semi-professional disruptor, ice cream advocate and shameless teacup yorkie-lover",https://t.co/Ze18Ek9SOI,mariaenomas,610344405,https://pbs.twimg.com/profile_images/1502798248582414337/z6qb6vqz_normal.jpg,Mariae.,2012-06-16T20:42:48.000Z,410,643,39223,2,"♉ en pleno otoño del '93  
Tereré para el alma 🇵🇾",https://t.co/h9dIm2YLGm,,,Paraguay
