created_at,source,referenced_tweets,lang,id,text,author_id,entities.mentions,public_metrics.retweet_count,public_metrics.reply_count,public_metrics.like_count,public_metrics.quote_count,quoted_tweet.created_at,quoted_tweet.source,quoted_tweet.referenced_tweets,quoted_tweet.lang,quoted_tweet.id,quoted_tweet.entities.mentions,quoted_tweet.in_reply_to_user_id,quoted_tweet.text,quoted_tweet.author_id,quoted_tweet.public_metrics.retweet_count,quoted_tweet.public_metrics.reply_count,quoted_tweet.public_metrics.like_count,quoted_tweet.public_metrics.quote_count,quoted_tweet.author.url,quoted_tweet.author.username,quoted_tweet.author.description,quoted_tweet.author.id,quoted_tweet.author.location,quoted_tweet.author.profile_image_url,quoted_tweet.author.created_at,quoted_tweet.author.public_metrics.followers_count,quoted_tweet.author.public_metrics.following_count,quoted_tweet.author.public_metrics.tweet_count,quoted_tweet.author.public_metrics.listed_count,quoted_tweet.author.name,author.url,author.username,author.description,author.id,author.location,author.profile_image_url,author.created_at,author.public_metrics.followers_count,author.public_metrics.following_count,author.public_metrics.tweet_count,author.public_metrics.listed_count,author.name,entities.urls
2019-05-30T20:26:31.000Z,Twitter for iPhone,"[{'type': 'retweeted', 'id': '1134150522305425409'}]",en,1134194400186306560,RT @sveltevelvet: I tried being angry that she was babbling again...but my anger over her inability to fucking write coherently actually ov…,1062219892223631360,"[{'start': 3, 'end': 16, 'username': 'sveltevelvet', 'id': '1486325158717579264'}]",2,0,0,0,2019-05-28T05:53:40.000Z,Twitter for iPad,"[{'type': 'replied_to', 'id': '1133136580002975744'}]",en,1133249962307928064,"[{'start': 0, 'end': 14, 'username': 'ItsNOTaHastag', 'id': '1111333672161034240'}]",1111333672161034240,"@ItsNOTaHastag I dont know what makes you so angry but maybe you should try being a women (or at least, try empathizing with one) or maybe, considering the tone of ur message to/ about some1 &amp; something u know nothing about,.....some professional help ?",807003567605227520,3,6,16,1,https://t.co/Ze18Ek9SOI,realamberheard,"Actor and Activist, semi-professional disruptor, ice cream advocate and shameless teacup yorkie-lover",807003567605227520,"Los Angeles, CA",https://pbs.twimg.com/profile_images/1383196364792680448/N8CdupEu_normal.jpg,2016-12-08T23:26:58.000Z,190338,220,1149,567,Amber Heard,,ViriMZ,"I stand by Johnny Depp
#JohnnyDeppIsInnocent #JusticeForJohnnyDepp",1062219892223631360,"Distrito Federal, México",https://pbs.twimg.com/profile_images/1402678426293649408/11XELWYm_normal.jpg,2018-11-13T05:45:32.000Z,889,821,79375,6,Viri 🍂,
2019-05-30T19:52:12.000Z,Twitter for iPad,"[{'type': 'retweeted', 'id': '1134150522305425409'}]",en,1134185762465996800,RT @sveltevelvet: I tried being angry that she was babbling again...but my anger over her inability to fucking write coherently actually ov…,567232063,"[{'start': 3, 'end': 16, 'username': 'sveltevelvet', 'id': '1486325158717579264'}]",2,0,0,0,2019-05-28T05:53:40.000Z,Twitter for iPad,"[{'type': 'replied_to', 'id': '1133136580002975744'}]",en,1133249962307928064,"[{'start': 0, 'end': 14, 'username': 'ItsNOTaHastag', 'id': '1111333672161034240'}]",1111333672161034240,"@ItsNOTaHastag I dont know what makes you so angry but maybe you should try being a women (or at least, try empathizing with one) or maybe, considering the tone of ur message to/ about some1 &amp; something u know nothing about,.....some professional help ?",807003567605227520,3,6,16,1,https://t.co/Ze18Ek9SOI,realamberheard,"Actor and Activist, semi-professional disruptor, ice cream advocate and shameless teacup yorkie-lover",807003567605227520,"Los Angeles, CA",https://pbs.twimg.com/profile_images/1383196364792680448/N8CdupEu_normal.jpg,2016-12-08T23:26:58.000Z,190338,220,1149,567,Amber Heard,,JaninaSamhain,Johnny Depp devotee ❤️ #JohnnyDeppIsGrindelwald #wearewithyouJohnnyDepp #proudofJohnnyDepp #youcantkeepagoodmandown #justiceforJohnnydepp #Grindelwaldsarmy,567232063,,https://pbs.twimg.com/profile_images/1381993471012085760/rXgj2L8k_normal.png,2012-04-30T13:36:21.000Z,2236,562,195781,5,Janina #IBelieveHim #justiceforjohnnydepp,
2019-05-30T17:32:10.000Z,Twitter Web Client,"[{'type': 'quoted', 'id': '1133249962307928064'}]",en,1134150522305425409,I tried being angry that she was babbling again...but my anger over her inability to fucking write coherently actually overshadowed her unfortunate existence for once. https://t.co/0iwJqBfgOq,2465079218,,2,8,31,0,2019-05-28T05:53:40.000Z,Twitter for iPad,"[{'type': 'replied_to', 'id': '1133136580002975744'}]",en,1133249962307928064,"[{'start': 0, 'end': 14, 'username': 'ItsNOTaHastag', 'id': '1111333672161034240'}]",1111333672161034240,"@ItsNOTaHastag I dont know what makes you so angry but maybe you should try being a women (or at least, try empathizing with one) or maybe, considering the tone of ur message to/ about some1 &amp; something u know nothing about,.....some professional help ?",807003567605227520,3,6,16,1,https://t.co/Ze18Ek9SOI,realamberheard,"Actor and Activist, semi-professional disruptor, ice cream advocate and shameless teacup yorkie-lover",807003567605227520,"Los Angeles, CA",https://pbs.twimg.com/profile_images/1383196364792680448/N8CdupEu_normal.jpg,2016-12-08T23:26:58.000Z,190338,220,1149,567,Amber Heard,https://t.co/imzbQnpaXH,reineyelah,classic lara croft supremacy. i fucking love you for hating me. wife to noodle. #justiceforjohnnydepp #justiceforsurvivors #istandwithjkrowling,2465079218,on the precipice.,https://pbs.twimg.com/profile_images/1506624478310191113/EEpjan86_normal.jpg,2014-04-26T20:16:57.000Z,1594,223,37206,3,not haley,"[{'start': 168, 'end': 191, 'url': 'https://t.co/0iwJqBfgOq', 'expanded_url': 'https://twitter.com/realamberheard/status/1133249962307928064', 'display_url': 'twitter.com/realamberheard…'}]"
