author_id,created_at,referenced_tweets,source,text,id,lang,entities.mentions,entities.hashtags,entities.urls,public_metrics.retweet_count,public_metrics.reply_count,public_metrics.like_count,public_metrics.quote_count,quoted_tweet.author_id,quoted_tweet.created_at,quoted_tweet.source,quoted_tweet.text,quoted_tweet.id,quoted_tweet.public_metrics.retweet_count,quoted_tweet.public_metrics.reply_count,quoted_tweet.public_metrics.like_count,quoted_tweet.public_metrics.quote_count,quoted_tweet.entities.annotations,quoted_tweet.entities.urls,quoted_tweet.lang,quoted_tweet.author.created_at,quoted_tweet.author.name,quoted_tweet.author.id,quoted_tweet.author.description,quoted_tweet.author.profile_image_url,quoted_tweet.author.url,quoted_tweet.author.location,quoted_tweet.author.public_metrics.followers_count,quoted_tweet.author.public_metrics.following_count,quoted_tweet.author.public_metrics.tweet_count,quoted_tweet.author.public_metrics.listed_count,quoted_tweet.author.username,author.created_at,author.name,author.id,author.description,author.profile_image_url,author.url,author.location,author.public_metrics.followers_count,author.public_metrics.following_count,author.public_metrics.tweet_count,author.public_metrics.listed_count,author.username,entities.annotations
4372804715,2019-06-13T19:55:12.000Z,"[{'type': 'quoted', 'id': '1138284807442403330'}]",Twitter for Android,"For heaven's sake stop tweeting things in spanish pretending that you speak it perfectly. You fake bitch 😈.
You just copied and pasted it 🤦🏻‍♀️.
@realamberheard #AmberHeardIsAnAbuser
#JohnnyDeppisINNOCENT
 https://t.co/H2LzFTWLww https://t.co/1I6d7QgSO5",1139259946049183745,en,"[{'start': 145, 'end': 160, 'username': 'realamberheard', 'id': '807003567605227520'}]","[{'start': 161, 'end': 182, 'tag': 'AmberHeardIsAnAbuser'}, {'start': 183, 'end': 204, 'tag': 'JohnnyDeppisINNOCENT'}]","[{'start': 206, 'end': 229, 'url': 'https://t.co/H2LzFTWLww', 'expanded_url': 'https://twitter.com/lydiaechelon8/status/1139258760789221376/photo/1', 'display_url': 'pic.twitter.com/H2LzFTWLww'}, {'start': 230, 'end': 253, 'url': 'https://t.co/1I6d7QgSO5', 'expanded_url': 'https://twitter.com/realamberheard/status/1138284807442403330', 'display_url': 'twitter.com/realamberheard…'}]",0,0,0,0,807003567605227520,2019-06-11T03:20:21.000Z,Twitter for iPhone,"Amber Heard, protagonista de 'Aquaman', comparte fotos de su gira a Guna Yala https://t.co/Vuq2c3rtXJ",1138284807442403330,55,61,606,5,"[{'start': 0, 'end': 10, 'probability': 0.755, 'type': 'Person', 'normalized_text': 'Amber Heard'}, {'start': 30, 'end': 36, 'probability': 0.6696, 'type': 'Other', 'normalized_text': 'Aquaman'}, {'start': 68, 'end': 76, 'probability': 0.6906, 'type': 'Person', 'normalized_text': 'Guna Yala'}]","[{'start': 78, 'end': 101, 'url': 'https://t.co/Vuq2c3rtXJ', 'expanded_url': 'https://www.prensa.com/entretenimiento/Amber-Heard-Aquaman-Guna-Yala_0_5320717899.html#.XP8d614O5Io.twitter', 'display_url': 'prensa.com/entretenimient…', 'status': 200, 'unwound_url': 'https://www.prensa.com/entretenimiento/Amber-Heard-Aquaman-Guna-Yala_0_5320717899.html#.XP8d614O5Io.twitter'}]",es,2016-12-08T23:26:58.000Z,Amber Heard,807003567605227520,"Actor and Activist, semi-professional disruptor, ice cream advocate and shameless teacup yorkie-lover",https://pbs.twimg.com/profile_images/1383196364792680448/N8CdupEu_normal.jpg,https://t.co/Ze18Ek9SOI,"Los Angeles, CA",190338,220,1149,567,realamberheard,2015-12-04T14:09:19.000Z,hurricane,4372804715,"#kirstycotton: you got a ticket to hell? 🔥👹 | multifandom | tweets about horror | Lydia, 22 (she/her) bi 🏳️‍🌈 | spanish | priv account 👉🏻 @sxtanicpanic 👻",https://pbs.twimg.com/profile_images/1505871453081808899/2d3dDjLD_normal.jpg,,"derry, maine 🎈 | ambrose 🕯️.",520,417,24928,12,lyli_kenobi,
2538906942,2019-06-11T03:56:54.000Z,"[{'type': 'quoted', 'id': '1138284807442403330'}]",Twitter for iPhone,نورت غونا والله ❤️ https://t.co/aewLxZDbOq,1138294005832269824,ar,,,"[{'start': 19, 'end': 42, 'url': 'https://t.co/aewLxZDbOq', 'expanded_url': 'https://twitter.com/realamberheard/status/1138284807442403330', 'display_url': 'twitter.com/realamberheard…'}]",0,0,0,0,807003567605227520,2019-06-11T03:20:21.000Z,Twitter for iPhone,"Amber Heard, protagonista de 'Aquaman', comparte fotos de su gira a Guna Yala https://t.co/Vuq2c3rtXJ",1138284807442403330,55,61,606,5,"[{'start': 0, 'end': 10, 'probability': 0.755, 'type': 'Person', 'normalized_text': 'Amber Heard'}, {'start': 30, 'end': 36, 'probability': 0.6696, 'type': 'Other', 'normalized_text': 'Aquaman'}, {'start': 68, 'end': 76, 'probability': 0.6906, 'type': 'Person', 'normalized_text': 'Guna Yala'}]","[{'start': 78, 'end': 101, 'url': 'https://t.co/Vuq2c3rtXJ', 'expanded_url': 'https://www.prensa.com/entretenimiento/Amber-Heard-Aquaman-Guna-Yala_0_5320717899.html#.XP8d614O5Io.twitter', 'display_url': 'prensa.com/entretenimient…', 'status': 200, 'unwound_url': 'https://www.prensa.com/entretenimiento/Amber-Heard-Aquaman-Guna-Yala_0_5320717899.html#.XP8d614O5Io.twitter'}]",es,2016-12-08T23:26:58.000Z,Amber Heard,807003567605227520,"Actor and Activist, semi-professional disruptor, ice cream advocate and shameless teacup yorkie-lover",https://pbs.twimg.com/profile_images/1383196364792680448/N8CdupEu_normal.jpg,https://t.co/Ze18Ek9SOI,"Los Angeles, CA",190338,220,1149,567,realamberheard,2014-06-01T06:36:28.000Z,◌ ﮼صَعّلوكْ،تأَبَط،شَرّاً,2538906942,```الحياة جداً بسيطة، لكننا نصر على أن نجعلها معقدة``` 🇰🇼 مدرس بدنية #MUTD,https://pbs.twimg.com/profile_images/1462802664404758538/pe7oC2hO_normal.jpg,https://t.co/nbVq0F7zeL,👻:Q8_wings,1254,765,39603,0,9a3lokoh,
3216078659,2019-06-11T03:43:30.000Z,"[{'type': 'quoted', 'id': '1138284807442403330'}]",Twitter Web App,"I love how you're doing a really beautiful job with your platform as an activist to help other people to stand up for their rights, welfare, and empowerment. The beautiful job that you do with your activism is just as beautiful as you are, and I'm just so proud of you!💖 https://t.co/w2Lbe5th8o",1138290635507548160,en,,,"[{'start': 271, 'end': 294, 'url': 'https://t.co/w2Lbe5th8o', 'expanded_url': 'https://twitter.com/realamberheard/status/1138284807442403330', 'display_url': 'twitter.com/realamberheard…'}]",0,0,1,0,807003567605227520,2019-06-11T03:20:21.000Z,Twitter for iPhone,"Amber Heard, protagonista de 'Aquaman', comparte fotos de su gira a Guna Yala https://t.co/Vuq2c3rtXJ",1138284807442403330,55,61,606,5,"[{'start': 0, 'end': 10, 'probability': 0.755, 'type': 'Person', 'normalized_text': 'Amber Heard'}, {'start': 30, 'end': 36, 'probability': 0.6696, 'type': 'Other', 'normalized_text': 'Aquaman'}, {'start': 68, 'end': 76, 'probability': 0.6906, 'type': 'Person', 'normalized_text': 'Guna Yala'}]","[{'start': 78, 'end': 101, 'url': 'https://t.co/Vuq2c3rtXJ', 'expanded_url': 'https://www.prensa.com/entretenimiento/Amber-Heard-Aquaman-Guna-Yala_0_5320717899.html#.XP8d614O5Io.twitter', 'display_url': 'prensa.com/entretenimient…', 'status': 200, 'unwound_url': 'https://www.prensa.com/entretenimiento/Amber-Heard-Aquaman-Guna-Yala_0_5320717899.html#.XP8d614O5Io.twitter'}]",es,2016-12-08T23:26:58.000Z,Amber Heard,807003567605227520,"Actor and Activist, semi-professional disruptor, ice cream advocate and shameless teacup yorkie-lover",https://pbs.twimg.com/profile_images/1383196364792680448/N8CdupEu_normal.jpg,https://t.co/Ze18Ek9SOI,"Los Angeles, CA",190338,220,1149,567,realamberheard,2015-04-28T07:17:35.000Z,GGCIR8991,3216078659,"On the internet, you can be pretty much anything you want, it's just kinda weird that so many people choose to be idiots and assholes",https://pbs.twimg.com/profile_images/1501219816522219520/SQVX3N2b_normal.jpg,,,1465,1323,163095,17,GGCIR8991,
700191110,2019-06-11T03:41:49.000Z,"[{'type': 'quoted', 'id': '1138284807442403330'}]",Twitter for Android,Más personas como @realamberheard please ❤  https://t.co/xAVHzXOBaM,1138290211056697345,es,"[{'start': 18, 'end': 33, 'username': 'realamberheard', 'id': '807003567605227520'}]",,"[{'start': 44, 'end': 67, 'url': 'https://t.co/xAVHzXOBaM', 'expanded_url': 'https://twitter.com/realamberheard/status/1138284807442403330', 'display_url': 'twitter.com/realamberheard…'}]",0,0,1,0,807003567605227520,2019-06-11T03:20:21.000Z,Twitter for iPhone,"Amber Heard, protagonista de 'Aquaman', comparte fotos de su gira a Guna Yala https://t.co/Vuq2c3rtXJ",1138284807442403330,55,61,606,5,"[{'start': 0, 'end': 10, 'probability': 0.755, 'type': 'Person', 'normalized_text': 'Amber Heard'}, {'start': 30, 'end': 36, 'probability': 0.6696, 'type': 'Other', 'normalized_text': 'Aquaman'}, {'start': 68, 'end': 76, 'probability': 0.6906, 'type': 'Person', 'normalized_text': 'Guna Yala'}]","[{'start': 78, 'end': 101, 'url': 'https://t.co/Vuq2c3rtXJ', 'expanded_url': 'https://www.prensa.com/entretenimiento/Amber-Heard-Aquaman-Guna-Yala_0_5320717899.html#.XP8d614O5Io.twitter', 'display_url': 'prensa.com/entretenimient…', 'status': 200, 'unwound_url': 'https://www.prensa.com/entretenimiento/Amber-Heard-Aquaman-Guna-Yala_0_5320717899.html#.XP8d614O5Io.twitter'}]",es,2016-12-08T23:26:58.000Z,Amber Heard,807003567605227520,"Actor and Activist, semi-professional disruptor, ice cream advocate and shameless teacup yorkie-lover",https://pbs.twimg.com/profile_images/1383196364792680448/N8CdupEu_normal.jpg,https://t.co/Ze18Ek9SOI,"Los Angeles, CA",190338,220,1149,567,realamberheard,2012-07-17T02:16:18.000Z,Zam Valencia,700191110,"Melómana
🎸
Producción de Espectáculos
♌🏳️‍🌈
She/Her",https://pbs.twimg.com/profile_images/1458672385113141250/3Xkbh0J-_normal.jpg,https://t.co/AoSFYnFriC,Mexico City,289,713,12008,35,zamvalencia,
1018950240,2019-06-11T03:22:24.000Z,"[{'type': 'quoted', 'id': '1138284807442403330'}]",Twitter Web Client,¡MERAAAAA Estuvooo en Panamá! 😍😍😍🤩🤩🤩 https://t.co/lxdpv5VGoA,1138285325833441280,es,,,"[{'start': 37, 'end': 60, 'url': 'https://t.co/lxdpv5VGoA', 'expanded_url': 'https://twitter.com/realamberheard/status/1138284807442403330', 'display_url': 'twitter.com/realamberheard…'}]",0,0,1,0,807003567605227520,2019-06-11T03:20:21.000Z,Twitter for iPhone,"Amber Heard, protagonista de 'Aquaman', comparte fotos de su gira a Guna Yala https://t.co/Vuq2c3rtXJ",1138284807442403330,55,61,606,5,"[{'start': 0, 'end': 10, 'probability': 0.755, 'type': 'Person', 'normalized_text': 'Amber Heard'}, {'start': 30, 'end': 36, 'probability': 0.6696, 'type': 'Other', 'normalized_text': 'Aquaman'}, {'start': 68, 'end': 76, 'probability': 0.6906, 'type': 'Person', 'normalized_text': 'Guna Yala'}]","[{'start': 78, 'end': 101, 'url': 'https://t.co/Vuq2c3rtXJ', 'expanded_url': 'https://www.prensa.com/entretenimiento/Amber-Heard-Aquaman-Guna-Yala_0_5320717899.html#.XP8d614O5Io.twitter', 'display_url': 'prensa.com/entretenimient…', 'status': 200, 'unwound_url': 'https://www.prensa.com/entretenimiento/Amber-Heard-Aquaman-Guna-Yala_0_5320717899.html#.XP8d614O5Io.twitter'}]",es,2016-12-08T23:26:58.000Z,Amber Heard,807003567605227520,"Actor and Activist, semi-professional disruptor, ice cream advocate and shameless teacup yorkie-lover",https://pbs.twimg.com/profile_images/1383196364792680448/N8CdupEu_normal.jpg,https://t.co/Ze18Ek9SOI,"Los Angeles, CA",190338,220,1149,567,realamberheard,2012-12-18T04:11:21.000Z,César Espinosa💭,1018950240,"Keep It Simple, Stupid!",https://pbs.twimg.com/profile_images/1286710292987117568/ElqvNx5u_normal.jpg,,,1336,978,85742,9,CesarEsp17,"[{'start': 22, 'end': 27, 'probability': 0.9866, 'type': 'Place', 'normalized_text': 'Panamá'}]"
