id,created_at,text,author_id,lang,source,entities.urls,public_metrics.retweet_count,public_metrics.reply_count,public_metrics.like_count,public_metrics.quote_count,quoted_tweet.entities.urls,quoted_tweet.referenced_tweets,quoted_tweet.id,quoted_tweet.created_at,quoted_tweet.text,quoted_tweet.public_metrics.retweet_count,quoted_tweet.public_metrics.reply_count,quoted_tweet.public_metrics.like_count,quoted_tweet.public_metrics.quote_count,quoted_tweet.author_id,quoted_tweet.lang,quoted_tweet.source,quoted_tweet.author.public_metrics.followers_count,quoted_tweet.author.public_metrics.following_count,quoted_tweet.author.public_metrics.tweet_count,quoted_tweet.author.public_metrics.listed_count,quoted_tweet.author.created_at,quoted_tweet.author.name,quoted_tweet.author.username,quoted_tweet.author.profile_image_url,quoted_tweet.author.location,quoted_tweet.author.id,quoted_tweet.author.url,quoted_tweet.author.description,author.public_metrics.followers_count,author.public_metrics.following_count,author.public_metrics.tweet_count,author.public_metrics.listed_count,author.created_at,author.name,author.username,author.profile_image_url,author.location,author.id,author.url,author.description,referenced_tweets,entities.mentions,entities.annotations,entities.hashtags
1308769708699680768,2020-09-23T14:06:28.000Z,You hypocrite! https://t.co/eowFz7pMdw,1280597383601061897,en,Twitter for iPhone,"[{'start': 15, 'end': 38, 'url': 'https://t.co/eowFz7pMdw', 'expanded_url': 'https://twitter.com/realamberheard/status/1142704550509502464', 'display_url': 'twitter.com/realamberheard…'}]",0,0,4,0,"[{'start': 135, 'end': 158, 'url': 'https://t.co/SiSUEfhmkG', 'expanded_url': 'https://twitter.com/schemaly/status/1142123661513646081', 'display_url': 'twitter.com/schemaly/statu…'}]","[{'type': 'quoted', 'id': '1142123661513646081'}]",1142704550509502464,2019-06-23T08:02:49.000Z,"Just think what he’s like behind closed doors. If he can do this (with impunity) in front of cameras and an audience, just imagine.... https://t.co/SiSUEfhmkG",41,91,434,15,807003567605227520,en,Twitter for iPad,190338,220,1149,567,2016-12-08T23:26:58.000Z,Amber Heard,realamberheard,https://pbs.twimg.com/profile_images/1383196364792680448/N8CdupEu_normal.jpg,"Los Angeles, CA",807003567605227520,https://t.co/Ze18Ek9SOI,"Actor and Activist, semi-professional disruptor, ice cream advocate and shameless teacup yorkie-lover",653,370,7379,3,2020-07-07T20:19:58.000Z,seedoftruth🏴‍☠️,seedoftruth1,https://pbs.twimg.com/profile_images/1419743084263452678/bXHwK04R_normal.jpg,The truth,1280597383601061897,https://t.co/pkkrtG0kB5,Standing on the right side of the roaring rapids,,,,
1147646431827845120,2019-07-06T23:20:06.000Z,"Well, you would know, @realamberheard 
The truth behind closed doors, how none of us TRUE D.V. survivors believed you from the start, and now even your ""fans"" are realizing YOU'RE the violent one. So sad. https://t.co/SWlnxBO0qq",272122295,en,TweetCaster for Android,"[{'start': 205, 'end': 228, 'url': 'https://t.co/SWlnxBO0qq', 'expanded_url': 'https://twitter.com/realamberheard/status/1142704550509502464', 'display_url': 'twitter.com/realamberheard…'}]",0,0,0,0,"[{'start': 135, 'end': 158, 'url': 'https://t.co/SiSUEfhmkG', 'expanded_url': 'https://twitter.com/schemaly/status/1142123661513646081', 'display_url': 'twitter.com/schemaly/statu…'}]","[{'type': 'quoted', 'id': '1142123661513646081'}]",1142704550509502464,2019-06-23T08:02:49.000Z,"Just think what he’s like behind closed doors. If he can do this (with impunity) in front of cameras and an audience, just imagine.... https://t.co/SiSUEfhmkG",41,91,434,15,807003567605227520,en,Twitter for iPad,190338,220,1149,567,2016-12-08T23:26:58.000Z,Amber Heard,realamberheard,https://pbs.twimg.com/profile_images/1383196364792680448/N8CdupEu_normal.jpg,"Los Angeles, CA",807003567605227520,https://t.co/Ze18Ek9SOI,"Actor and Activist, semi-professional disruptor, ice cream advocate and shameless teacup yorkie-lover",245,378,14027,0,2011-03-25T21:50:06.000Z,TheDKS,dkstevens327,https://pbs.twimg.com/profile_images/818931131919826949/6TCl12cG_normal.jpg,Yonderland ,272122295,https://t.co/DngHOUMk8k,Mom to  the most amazing kid. Reader. Writer. Professional Cripple. Future Crazy Cat Lady.,"[{'type': 'quoted', 'id': '1142704550509502464'}]","[{'start': 22, 'end': 37, 'username': 'realamberheard', 'id': '807003567605227520'}]",,
1143446928119648257,2019-06-25T09:12:46.000Z,"RT @deppwarrior: Amber Heard: A person hitting another person in public MUST mean that they are even more violent behind closed doors.

Als…",75687745,en,Twitter for Android,,12,0,0,0,"[{'start': 135, 'end': 158, 'url': 'https://t.co/SiSUEfhmkG', 'expanded_url': 'https://twitter.com/schemaly/status/1142123661513646081', 'display_url': 'twitter.com/schemaly/statu…'}]","[{'type': 'quoted', 'id': '1142123661513646081'}]",1142704550509502464,2019-06-23T08:02:49.000Z,"Just think what he’s like behind closed doors. If he can do this (with impunity) in front of cameras and an audience, just imagine.... https://t.co/SiSUEfhmkG",41,91,434,15,807003567605227520,en,Twitter for iPad,190338,220,1149,567,2016-12-08T23:26:58.000Z,Amber Heard,realamberheard,https://pbs.twimg.com/profile_images/1383196364792680448/N8CdupEu_normal.jpg,"Los Angeles, CA",807003567605227520,https://t.co/Ze18Ek9SOI,"Actor and Activist, semi-professional disruptor, ice cream advocate and shameless teacup yorkie-lover",358,787,30466,0,2009-09-20T01:16:38.000Z,Azrael ❤💙☀️💙❤ܐܬܪܐ,Eelectric_Diva,https://pbs.twimg.com/profile_images/1214830913369935873/t2rz84pb_normal.jpg,Australia,75687745,,"🇭🇲☦🍩 
Seyfo1915
Othurayto🤍💙💛❤🤍
.every genocide matters.
.everyone matters.

ܐܬܪܐ","[{'type': 'retweeted', 'id': '1143150283482177542'}]",,"[{'start': 17, 'end': 21, 'probability': 0.7091, 'type': 'Person', 'normalized_text': 'Amber'}]",
1143298625210109955,2019-06-24T23:23:28.000Z,"RT @deppwarrior: Amber Heard: A person hitting another person in public MUST mean that they are even more violent behind closed doors.

Als…",943903305822097414,en,Twitter for iPhone,,12,0,0,0,"[{'start': 135, 'end': 158, 'url': 'https://t.co/SiSUEfhmkG', 'expanded_url': 'https://twitter.com/schemaly/status/1142123661513646081', 'display_url': 'twitter.com/schemaly/statu…'}]","[{'type': 'quoted', 'id': '1142123661513646081'}]",1142704550509502464,2019-06-23T08:02:49.000Z,"Just think what he’s like behind closed doors. If he can do this (with impunity) in front of cameras and an audience, just imagine.... https://t.co/SiSUEfhmkG",41,91,434,15,807003567605227520,en,Twitter for iPad,190338,220,1149,567,2016-12-08T23:26:58.000Z,Amber Heard,realamberheard,https://pbs.twimg.com/profile_images/1383196364792680448/N8CdupEu_normal.jpg,"Los Angeles, CA",807003567605227520,https://t.co/Ze18Ek9SOI,"Actor and Activist, semi-professional disruptor, ice cream advocate and shameless teacup yorkie-lover",132,67,15122,0,2017-12-21T17:57:39.000Z,Judy hale’s gf,jar0fdlrt,https://pbs.twimg.com/profile_images/1261141187857129474/HlcvTg_M_normal.jpg,‎fag,943903305822097414,https://t.co/TF0qbJVrBK,stream wicked little town reprise & hustlers(2019),"[{'type': 'retweeted', 'id': '1143150283482177542'}]",,"[{'start': 17, 'end': 21, 'probability': 0.7091, 'type': 'Person', 'normalized_text': 'Amber'}]",
1143222741652398085,2019-06-24T18:21:56.000Z,"RT @deppwarrior: Amber Heard: A person hitting another person in public MUST mean that they are even more violent behind closed doors.

Als…",451735299,en,Twitter Web Client,,12,0,0,0,"[{'start': 135, 'end': 158, 'url': 'https://t.co/SiSUEfhmkG', 'expanded_url': 'https://twitter.com/schemaly/status/1142123661513646081', 'display_url': 'twitter.com/schemaly/statu…'}]","[{'type': 'quoted', 'id': '1142123661513646081'}]",1142704550509502464,2019-06-23T08:02:49.000Z,"Just think what he’s like behind closed doors. If he can do this (with impunity) in front of cameras and an audience, just imagine.... https://t.co/SiSUEfhmkG",41,91,434,15,807003567605227520,en,Twitter for iPad,190338,220,1149,567,2016-12-08T23:26:58.000Z,Amber Heard,realamberheard,https://pbs.twimg.com/profile_images/1383196364792680448/N8CdupEu_normal.jpg,"Los Angeles, CA",807003567605227520,https://t.co/Ze18Ek9SOI,"Actor and Activist, semi-professional disruptor, ice cream advocate and shameless teacup yorkie-lover",182,748,3903,0,2011-12-31T23:13:40.000Z,Jodie,thewalkingjodie,https://pbs.twimg.com/profile_images/1457537806960627718/_AmdYokO_normal.jpg,England,451735299,,"Hi, I’m an actual hobbit.
23 | Aries | INFP-T | Big fat nerd","[{'type': 'retweeted', 'id': '1143150283482177542'}]",,"[{'start': 17, 'end': 21, 'probability': 0.7091, 'type': 'Person', 'normalized_text': 'Amber'}]",
1143172053169819660,2019-06-24T15:00:31.000Z,"RT @deppwarrior: Amber Heard: A person hitting another person in public MUST mean that they are even more violent behind closed doors.

Als…",2422123376,en,Twitter for Android,,12,0,0,0,"[{'start': 135, 'end': 158, 'url': 'https://t.co/SiSUEfhmkG', 'expanded_url': 'https://twitter.com/schemaly/status/1142123661513646081', 'display_url': 'twitter.com/schemaly/statu…'}]","[{'type': 'quoted', 'id': '1142123661513646081'}]",1142704550509502464,2019-06-23T08:02:49.000Z,"Just think what he’s like behind closed doors. If he can do this (with impunity) in front of cameras and an audience, just imagine.... https://t.co/SiSUEfhmkG",41,91,434,15,807003567605227520,en,Twitter for iPad,190338,220,1149,567,2016-12-08T23:26:58.000Z,Amber Heard,realamberheard,https://pbs.twimg.com/profile_images/1383196364792680448/N8CdupEu_normal.jpg,"Los Angeles, CA",807003567605227520,https://t.co/Ze18Ek9SOI,"Actor and Activist, semi-professional disruptor, ice cream advocate and shameless teacup yorkie-lover",1251,2150,15263,14,2014-04-01T13:37:42.000Z,Tania 🏴‍☠️🇧🇪,Tania__01,https://pbs.twimg.com/profile_images/1505709345891405828/fUqSZGtk_normal.jpg,"Oostende, België",2422123376,https://t.co/li7OK3zaMF,"F1, #Kimi7, #Ferrari, Proud mom of Antony ❤  JOHNNY DEPP ALWAYS!!!      #JusticeForJohnnyDepp
        #JB17Forever                        
         BELGIUM 🇧🇪","[{'type': 'retweeted', 'id': '1143150283482177542'}]",,"[{'start': 17, 'end': 21, 'probability': 0.7091, 'type': 'Person', 'normalized_text': 'Amber'}]",
1143158404560633856,2019-06-24T14:06:17.000Z,"RT @deppwarrior: Amber Heard: A person hitting another person in public MUST mean that they are even more violent behind closed doors.

Als…",89961991,en,Twitter for iPhone,,12,0,0,0,"[{'start': 135, 'end': 158, 'url': 'https://t.co/SiSUEfhmkG', 'expanded_url': 'https://twitter.com/schemaly/status/1142123661513646081', 'display_url': 'twitter.com/schemaly/statu…'}]","[{'type': 'quoted', 'id': '1142123661513646081'}]",1142704550509502464,2019-06-23T08:02:49.000Z,"Just think what he’s like behind closed doors. If he can do this (with impunity) in front of cameras and an audience, just imagine.... https://t.co/SiSUEfhmkG",41,91,434,15,807003567605227520,en,Twitter for iPad,190338,220,1149,567,2016-12-08T23:26:58.000Z,Amber Heard,realamberheard,https://pbs.twimg.com/profile_images/1383196364792680448/N8CdupEu_normal.jpg,"Los Angeles, CA",807003567605227520,https://t.co/Ze18Ek9SOI,"Actor and Activist, semi-professional disruptor, ice cream advocate and shameless teacup yorkie-lover",453,459,9497,6,2009-11-14T15:54:12.000Z,Vampy Dany #IBelieveHim 🍩⚔️🛡⚖️,danyshadowlady,https://pbs.twimg.com/profile_images/1154753542181097472/9PjtkM_c_normal.jpg,,89961991,,"Proud Depphead/donut, I love Baltimore Ravens, Anne Rice, Edgar Allan Poe, Stephen King and of course JOHNNY DEPP!!!","[{'type': 'retweeted', 'id': '1143150283482177542'}]",,"[{'start': 17, 'end': 21, 'probability': 0.7091, 'type': 'Person', 'normalized_text': 'Amber'}]",
1143156537508147200,2019-06-24T13:58:52.000Z,"RT @deppwarrior: Amber Heard: A person hitting another person in public MUST mean that they are even more violent behind closed doors.

Als…",4372804715,en,Twitter for Android,,12,0,0,0,"[{'start': 135, 'end': 158, 'url': 'https://t.co/SiSUEfhmkG', 'expanded_url': 'https://twitter.com/schemaly/status/1142123661513646081', 'display_url': 'twitter.com/schemaly/statu…'}]","[{'type': 'quoted', 'id': '1142123661513646081'}]",1142704550509502464,2019-06-23T08:02:49.000Z,"Just think what he’s like behind closed doors. If he can do this (with impunity) in front of cameras and an audience, just imagine.... https://t.co/SiSUEfhmkG",41,91,434,15,807003567605227520,en,Twitter for iPad,190338,220,1149,567,2016-12-08T23:26:58.000Z,Amber Heard,realamberheard,https://pbs.twimg.com/profile_images/1383196364792680448/N8CdupEu_normal.jpg,"Los Angeles, CA",807003567605227520,https://t.co/Ze18Ek9SOI,"Actor and Activist, semi-professional disruptor, ice cream advocate and shameless teacup yorkie-lover",520,417,24928,12,2015-12-04T14:09:19.000Z,hurricane,lyli_kenobi,https://pbs.twimg.com/profile_images/1505871453081808899/2d3dDjLD_normal.jpg,"derry, maine 🎈 | ambrose 🕯️.",4372804715,,"#kirstycotton: you got a ticket to hell? 🔥👹 | multifandom | tweets about horror | Lydia, 22 (she/her) bi 🏳️‍🌈 | spanish | priv account 👉🏻 @sxtanicpanic 👻","[{'type': 'retweeted', 'id': '1143150283482177542'}]",,"[{'start': 17, 'end': 21, 'probability': 0.7091, 'type': 'Person', 'normalized_text': 'Amber'}]",
1143154894993547269,2019-06-24T13:52:20.000Z,"RT @deppwarrior: Amber Heard: A person hitting another person in public MUST mean that they are even more violent behind closed doors.

Als…",1083684049,en,Twitter for Android,,12,0,0,0,"[{'start': 135, 'end': 158, 'url': 'https://t.co/SiSUEfhmkG', 'expanded_url': 'https://twitter.com/schemaly/status/1142123661513646081', 'display_url': 'twitter.com/schemaly/statu…'}]","[{'type': 'quoted', 'id': '1142123661513646081'}]",1142704550509502464,2019-06-23T08:02:49.000Z,"Just think what he’s like behind closed doors. If he can do this (with impunity) in front of cameras and an audience, just imagine.... https://t.co/SiSUEfhmkG",41,91,434,15,807003567605227520,en,Twitter for iPad,190338,220,1149,567,2016-12-08T23:26:58.000Z,Amber Heard,realamberheard,https://pbs.twimg.com/profile_images/1383196364792680448/N8CdupEu_normal.jpg,"Los Angeles, CA",807003567605227520,https://t.co/Ze18Ek9SOI,"Actor and Activist, semi-professional disruptor, ice cream advocate and shameless teacup yorkie-lover",1407,807,50489,0,2013-01-12T17:55:57.000Z,Maya,mayak215,https://pbs.twimg.com/profile_images/1374841700267528201/MGhulSRZ_normal.jpg,ישראל,1083684049,,"For better, for worse,
The worst you've got,
I will always be me, YOU CANNOT!
- Johnny Depp","[{'type': 'retweeted', 'id': '1143150283482177542'}]",,"[{'start': 17, 'end': 21, 'probability': 0.7091, 'type': 'Person', 'normalized_text': 'Amber'}]",
1143153537209311232,2019-06-24T13:46:56.000Z,"RT @deppwarrior: Amber Heard: A person hitting another person in public MUST mean that they are even more violent behind closed doors.

Als…",3079933901,en,Twitter for Android,,12,0,0,0,"[{'start': 135, 'end': 158, 'url': 'https://t.co/SiSUEfhmkG', 'expanded_url': 'https://twitter.com/schemaly/status/1142123661513646081', 'display_url': 'twitter.com/schemaly/statu…'}]","[{'type': 'quoted', 'id': '1142123661513646081'}]",1142704550509502464,2019-06-23T08:02:49.000Z,"Just think what he’s like behind closed doors. If he can do this (with impunity) in front of cameras and an audience, just imagine.... https://t.co/SiSUEfhmkG",41,91,434,15,807003567605227520,en,Twitter for iPad,190338,220,1149,567,2016-12-08T23:26:58.000Z,Amber Heard,realamberheard,https://pbs.twimg.com/profile_images/1383196364792680448/N8CdupEu_normal.jpg,"Los Angeles, CA",807003567605227520,https://t.co/Ze18Ek9SOI,"Actor and Activist, semi-professional disruptor, ice cream advocate and shameless teacup yorkie-lover",730,205,3686,0,2015-03-08T18:26:01.000Z,venus 🕸️,grungedepp,https://pbs.twimg.com/profile_images/1492006260421636143/qk29HK8s_normal.jpg,they/she/he,3079933901,https://t.co/jTWXhbS99t,#JOHNNYDEPP: give 'em hell betty-sue,"[{'type': 'retweeted', 'id': '1143150283482177542'}]",,"[{'start': 17, 'end': 21, 'probability': 0.7091, 'type': 'Person', 'normalized_text': 'Amber'}]",
1143153280387825665,2019-06-24T13:45:55.000Z,"RT @deppwarrior: Amber Heard: A person hitting another person in public MUST mean that they are even more violent behind closed doors.

Als…",2799067708,en,Twitter for iPhone,,12,0,0,0,"[{'start': 135, 'end': 158, 'url': 'https://t.co/SiSUEfhmkG', 'expanded_url': 'https://twitter.com/schemaly/status/1142123661513646081', 'display_url': 'twitter.com/schemaly/statu…'}]","[{'type': 'quoted', 'id': '1142123661513646081'}]",1142704550509502464,2019-06-23T08:02:49.000Z,"Just think what he’s like behind closed doors. If he can do this (with impunity) in front of cameras and an audience, just imagine.... https://t.co/SiSUEfhmkG",41,91,434,15,807003567605227520,en,Twitter for iPad,190338,220,1149,567,2016-12-08T23:26:58.000Z,Amber Heard,realamberheard,https://pbs.twimg.com/profile_images/1383196364792680448/N8CdupEu_normal.jpg,"Los Angeles, CA",807003567605227520,https://t.co/Ze18Ek9SOI,"Actor and Activist, semi-professional disruptor, ice cream advocate and shameless teacup yorkie-lover",494,84,13093,5,2014-10-01T22:09:32.000Z,allie MISSES H,DEPPTHROATING,https://pbs.twimg.com/profile_images/1306342646659588101/xQsZK4BU_normal.jpg,blm | justice for johnny depp,2799067708,https://t.co/lzmoN9ssHv,𝟱/𝟮𝟬/𝟭𝟴 ♥︎ 𝟱/𝟭𝟲/𝟭𝟵 met johnny x2,"[{'type': 'retweeted', 'id': '1143150283482177542'}]",,"[{'start': 17, 'end': 21, 'probability': 0.7091, 'type': 'Person', 'normalized_text': 'Amber'}]",
1143151567400579073,2019-06-24T13:39:07.000Z,"RT @deppwarrior: Amber Heard: A person hitting another person in public MUST mean that they are even more violent behind closed doors.

Als…",1050721822092812289,en,Twitter Web App,,12,0,0,0,"[{'start': 135, 'end': 158, 'url': 'https://t.co/SiSUEfhmkG', 'expanded_url': 'https://twitter.com/schemaly/status/1142123661513646081', 'display_url': 'twitter.com/schemaly/statu…'}]","[{'type': 'quoted', 'id': '1142123661513646081'}]",1142704550509502464,2019-06-23T08:02:49.000Z,"Just think what he’s like behind closed doors. If he can do this (with impunity) in front of cameras and an audience, just imagine.... https://t.co/SiSUEfhmkG",41,91,434,15,807003567605227520,en,Twitter for iPad,190338,220,1149,567,2016-12-08T23:26:58.000Z,Amber Heard,realamberheard,https://pbs.twimg.com/profile_images/1383196364792680448/N8CdupEu_normal.jpg,"Los Angeles, CA",807003567605227520,https://t.co/Ze18Ek9SOI,"Actor and Activist, semi-professional disruptor, ice cream advocate and shameless teacup yorkie-lover",413,301,12994,1,2018-10-12T12:16:18.000Z,Susan,teamdepp_,https://pbs.twimg.com/profile_images/1340701831975096320/g92j12jM_normal.jpg,#ibelievehim,1050721822092812289,,•✿ Johnny is definition of love ✿•,"[{'type': 'retweeted', 'id': '1143150283482177542'}]",,"[{'start': 17, 'end': 21, 'probability': 0.7091, 'type': 'Person', 'normalized_text': 'Amber'}]",
1143150906801905665,2019-06-24T13:36:29.000Z,"RT @deppwarrior: Amber Heard: A person hitting another person in public MUST mean that they are even more violent behind closed doors.

Als…",1034786807626522624,en,Twitter Web Client,,12,0,0,0,"[{'start': 135, 'end': 158, 'url': 'https://t.co/SiSUEfhmkG', 'expanded_url': 'https://twitter.com/schemaly/status/1142123661513646081', 'display_url': 'twitter.com/schemaly/statu…'}]","[{'type': 'quoted', 'id': '1142123661513646081'}]",1142704550509502464,2019-06-23T08:02:49.000Z,"Just think what he’s like behind closed doors. If he can do this (with impunity) in front of cameras and an audience, just imagine.... https://t.co/SiSUEfhmkG",41,91,434,15,807003567605227520,en,Twitter for iPad,190338,220,1149,567,2016-12-08T23:26:58.000Z,Amber Heard,realamberheard,https://pbs.twimg.com/profile_images/1383196364792680448/N8CdupEu_normal.jpg,"Los Angeles, CA",807003567605227520,https://t.co/Ze18Ek9SOI,"Actor and Activist, semi-professional disruptor, ice cream advocate and shameless teacup yorkie-lover",210,476,72548,1,2018-08-29T12:56:15.000Z,Lara Villanelle 🐬🍩🦙| ke spoilers,LadyInVermilion,https://pbs.twimg.com/profile_images/1502931849626140678/9zQ0EFua_normal.jpg,Wherever Adam Waldman lives,1034786807626522624,,She/her. Multi enthusiast. Allergic to idiots. #IStandWithJKRowling #JusticeForJohnnyDepp #BoycottFantasticBeasts #BoycottWarnerBros #DisneyCanKeepTheirAlpacas,"[{'type': 'retweeted', 'id': '1143150283482177542'}]",,"[{'start': 17, 'end': 21, 'probability': 0.7091, 'type': 'Person', 'normalized_text': 'Amber'}]",
1143150570951380992,2019-06-24T13:35:09.000Z,"RT @deppwarrior: Amber Heard: A person hitting another person in public MUST mean that they are even more violent behind closed doors.

Als…",1062219892223631360,en,Twitter for iPhone,,12,0,0,0,"[{'start': 135, 'end': 158, 'url': 'https://t.co/SiSUEfhmkG', 'expanded_url': 'https://twitter.com/schemaly/status/1142123661513646081', 'display_url': 'twitter.com/schemaly/statu…'}]","[{'type': 'quoted', 'id': '1142123661513646081'}]",1142704550509502464,2019-06-23T08:02:49.000Z,"Just think what he’s like behind closed doors. If he can do this (with impunity) in front of cameras and an audience, just imagine.... https://t.co/SiSUEfhmkG",41,91,434,15,807003567605227520,en,Twitter for iPad,190338,220,1149,567,2016-12-08T23:26:58.000Z,Amber Heard,realamberheard,https://pbs.twimg.com/profile_images/1383196364792680448/N8CdupEu_normal.jpg,"Los Angeles, CA",807003567605227520,https://t.co/Ze18Ek9SOI,"Actor and Activist, semi-professional disruptor, ice cream advocate and shameless teacup yorkie-lover",888,821,79375,6,2018-11-13T05:45:32.000Z,Viri 🍂,ViriMZ,https://pbs.twimg.com/profile_images/1402678426293649408/11XELWYm_normal.jpg,"Distrito Federal, México",1062219892223631360,,"I stand by Johnny Depp
#JohnnyDeppIsInnocent #JusticeForJohnnyDepp","[{'type': 'retweeted', 'id': '1143150283482177542'}]",,"[{'start': 17, 'end': 21, 'probability': 0.7091, 'type': 'Person', 'normalized_text': 'Amber'}]",
1143150283482177542,2019-06-24T13:34:00.000Z,"Amber Heard: A person hitting another person in public MUST mean that they are even more violent behind closed doors.

Also Amber Heard: Aggressively hit Johnny Depp at least twice on Overhaulin' in front of cameras, then claimed she was the victim. 

(¬_¬) https://t.co/Vgta7FU90P",2465079218,en,Twitter Web Client,"[{'start': 258, 'end': 281, 'url': 'https://t.co/Vgta7FU90P', 'expanded_url': 'https://twitter.com/realamberheard/status/1142704550509502464', 'display_url': 'twitter.com/realamberheard…'}]",12,0,29,0,"[{'start': 135, 'end': 158, 'url': 'https://t.co/SiSUEfhmkG', 'expanded_url': 'https://twitter.com/schemaly/status/1142123661513646081', 'display_url': 'twitter.com/schemaly/statu…'}]","[{'type': 'quoted', 'id': '1142123661513646081'}]",1142704550509502464,2019-06-23T08:02:49.000Z,"Just think what he’s like behind closed doors. If he can do this (with impunity) in front of cameras and an audience, just imagine.... https://t.co/SiSUEfhmkG",41,91,434,15,807003567605227520,en,Twitter for iPad,190338,220,1149,567,2016-12-08T23:26:58.000Z,Amber Heard,realamberheard,https://pbs.twimg.com/profile_images/1383196364792680448/N8CdupEu_normal.jpg,"Los Angeles, CA",807003567605227520,https://t.co/Ze18Ek9SOI,"Actor and Activist, semi-professional disruptor, ice cream advocate and shameless teacup yorkie-lover",1594,223,37206,3,2014-04-26T20:16:57.000Z,not haley,reineyelah,https://pbs.twimg.com/profile_images/1506624478310191113/EEpjan86_normal.jpg,on the precipice.,2465079218,https://t.co/imzbQnpaXH,classic lara croft supremacy. i fucking love you for hating me. wife to noodle. #justiceforjohnnydepp #justiceforsurvivors #istandwithjkrowling,"[{'type': 'quoted', 'id': '1142704550509502464'}]",,"[{'start': 0, 'end': 4, 'probability': 0.7614, 'type': 'Person', 'normalized_text': 'Amber'}, {'start': 124, 'end': 128, 'probability': 0.681, 'type': 'Person', 'normalized_text': 'Amber'}, {'start': 154, 'end': 164, 'probability': 0.9919, 'type': 'Person', 'normalized_text': 'Johnny Depp'}, {'start': 184, 'end': 193, 'probability': 0.4058, 'type': 'Person', 'normalized_text': 'Overhaulin'}]",
1142975002079158272,2019-06-24T01:57:30.000Z,This fucking hypocrite though. https://t.co/EnQ4PQqZ6X https://t.co/6geAQKECnK,2726973423,en,Twitter for Android,"[{'start': 31, 'end': 54, 'url': 'https://t.co/EnQ4PQqZ6X', 'expanded_url': 'https://twitter.com/kelsylroberts/status/1142975002079158272/photo/1', 'display_url': 'pic.twitter.com/EnQ4PQqZ6X'}, {'start': 55, 'end': 78, 'url': 'https://t.co/6geAQKECnK', 'expanded_url': 'https://twitter.com/realamberheard/status/1142704550509502464', 'display_url': 'twitter.com/realamberheard…'}]",0,0,1,0,"[{'start': 135, 'end': 158, 'url': 'https://t.co/SiSUEfhmkG', 'expanded_url': 'https://twitter.com/schemaly/status/1142123661513646081', 'display_url': 'twitter.com/schemaly/statu…'}]","[{'type': 'quoted', 'id': '1142123661513646081'}]",1142704550509502464,2019-06-23T08:02:49.000Z,"Just think what he’s like behind closed doors. If he can do this (with impunity) in front of cameras and an audience, just imagine.... https://t.co/SiSUEfhmkG",41,91,434,15,807003567605227520,en,Twitter for iPad,190338,220,1149,567,2016-12-08T23:26:58.000Z,Amber Heard,realamberheard,https://pbs.twimg.com/profile_images/1383196364792680448/N8CdupEu_normal.jpg,"Los Angeles, CA",807003567605227520,https://t.co/Ze18Ek9SOI,"Actor and Activist, semi-professional disruptor, ice cream advocate and shameless teacup yorkie-lover",418,312,28953,9,2014-07-28T04:06:45.000Z,kelsylroberts,kelsylroberts,https://pbs.twimg.com/profile_images/1420021749912068109/HZl7Q5NA_normal.jpg,,2726973423,https://t.co/v9tOgpirVX,"• Wife • Mother • Photographer • Country Music •


Norman Reedus Followed me: 07/27/18 😭","[{'type': 'quoted', 'id': '1142704550509502464'}]",,,
1142866282196459524,2019-06-23T18:45:29.000Z,you have NO room to talk about abuse when you are an abuser yourself. disgusting. you’re just as bad as that man! https://t.co/yrG0DYyoe8,357172314,en,Twitter for iPhone,"[{'start': 114, 'end': 137, 'url': 'https://t.co/yrG0DYyoe8', 'expanded_url': 'https://twitter.com/realamberheard/status/1142704550509502464', 'display_url': 'twitter.com/realamberheard…'}]",0,0,0,0,"[{'start': 135, 'end': 158, 'url': 'https://t.co/SiSUEfhmkG', 'expanded_url': 'https://twitter.com/schemaly/status/1142123661513646081', 'display_url': 'twitter.com/schemaly/statu…'}]","[{'type': 'quoted', 'id': '1142123661513646081'}]",1142704550509502464,2019-06-23T08:02:49.000Z,"Just think what he’s like behind closed doors. If he can do this (with impunity) in front of cameras and an audience, just imagine.... https://t.co/SiSUEfhmkG",41,91,434,15,807003567605227520,en,Twitter for iPad,190338,220,1149,567,2016-12-08T23:26:58.000Z,Amber Heard,realamberheard,https://pbs.twimg.com/profile_images/1383196364792680448/N8CdupEu_normal.jpg,"Los Angeles, CA",807003567605227520,https://t.co/Ze18Ek9SOI,"Actor and Activist, semi-professional disruptor, ice cream advocate and shameless teacup yorkie-lover",5761,108,9126,7,2011-08-17T23:36:05.000Z,justice for johnny depp!!,sunhopepeace,https://pbs.twimg.com/profile_images/1372651363319042048/Alzvzg_f_normal.jpg,,357172314,,johnny depp is a legend. that’s it. 🖤 (not a bot just a fan that wants justice for a beautiful human being),"[{'type': 'quoted', 'id': '1142704550509502464'}]",,,
1142855723686223873,2019-06-23T18:03:32.000Z,"Did this REALLY just happen? Like, what in the actual f*ck? #JusticeForJohnnyDepp #JohnnyDepp @ThatBrianFella https://t.co/a7f89mnwwV",3031526901,en,Twitter for iPhone,"[{'start': 110, 'end': 133, 'url': 'https://t.co/a7f89mnwwV', 'expanded_url': 'https://twitter.com/realamberheard/status/1142704550509502464', 'display_url': 'twitter.com/realamberheard…'}]",0,0,1,0,"[{'start': 135, 'end': 158, 'url': 'https://t.co/SiSUEfhmkG', 'expanded_url': 'https://twitter.com/schemaly/status/1142123661513646081', 'display_url': 'twitter.com/schemaly/statu…'}]","[{'type': 'quoted', 'id': '1142123661513646081'}]",1142704550509502464,2019-06-23T08:02:49.000Z,"Just think what he’s like behind closed doors. If he can do this (with impunity) in front of cameras and an audience, just imagine.... https://t.co/SiSUEfhmkG",41,91,434,15,807003567605227520,en,Twitter for iPad,190338,220,1149,567,2016-12-08T23:26:58.000Z,Amber Heard,realamberheard,https://pbs.twimg.com/profile_images/1383196364792680448/N8CdupEu_normal.jpg,"Los Angeles, CA",807003567605227520,https://t.co/Ze18Ek9SOI,"Actor and Activist, semi-professional disruptor, ice cream advocate and shameless teacup yorkie-lover",201,645,2030,7,2015-02-11T23:24:11.000Z,Kerri McCoy,kermccoy,https://pbs.twimg.com/profile_images/1411343759304843264/DBMfxNd0_normal.png,"Atlanta, GA",3031526901,,"Literary nerd, believer in justice, lover of my BatDog, Europe dreamer, animal activist, Taylor Swift, Bright Eyes, Johnny Depp. MISSING LIVE SHOWS.","[{'type': 'quoted', 'id': '1142704550509502464'}]","[{'start': 94, 'end': 109, 'username': 'ThatBrianFella', 'id': '1447911097'}]",,"[{'start': 60, 'end': 81, 'tag': 'JusticeForJohnnyDepp'}, {'start': 82, 'end': 93, 'tag': 'JohnnyDepp'}]"
1142827317003030528,2019-06-23T16:10:39.000Z,Hasta cuándo la gente fanática de Johnny Depp (cómo se escriba) seguirá atacando a Amber? God qué intensidad https://t.co/LUKj7qTlq1,1071642933588197376,es,Twitter for iPhone,"[{'start': 109, 'end': 132, 'url': 'https://t.co/LUKj7qTlq1', 'expanded_url': 'https://twitter.com/realamberheard/status/1142704550509502464', 'display_url': 'twitter.com/realamberheard…'}]",0,0,1,0,"[{'start': 135, 'end': 158, 'url': 'https://t.co/SiSUEfhmkG', 'expanded_url': 'https://twitter.com/schemaly/status/1142123661513646081', 'display_url': 'twitter.com/schemaly/statu…'}]","[{'type': 'quoted', 'id': '1142123661513646081'}]",1142704550509502464,2019-06-23T08:02:49.000Z,"Just think what he’s like behind closed doors. If he can do this (with impunity) in front of cameras and an audience, just imagine.... https://t.co/SiSUEfhmkG",41,91,434,15,807003567605227520,en,Twitter for iPad,190338,220,1149,567,2016-12-08T23:26:58.000Z,Amber Heard,realamberheard,https://pbs.twimg.com/profile_images/1383196364792680448/N8CdupEu_normal.jpg,"Los Angeles, CA",807003567605227520,https://t.co/Ze18Ek9SOI,"Actor and Activist, semi-professional disruptor, ice cream advocate and shameless teacup yorkie-lover",16517,829,17542,13,2018-12-09T05:49:20.000Z,Gochito,jorgelsss,https://pbs.twimg.com/profile_images/1505940685802909699/1-1lk__O_normal.jpg,"Caracas, Venezuela",1071642933588197376,,"Cinéfilo y pizzalover, a veces me creo cantante...","[{'type': 'quoted', 'id': '1142704550509502464'}]",,"[{'start': 34, 'end': 44, 'probability': 0.9688, 'type': 'Person', 'normalized_text': 'Johnny Depp'}, {'start': 83, 'end': 87, 'probability': 0.9146, 'type': 'Person', 'normalized_text': 'Amber'}]",
1142796055831961600,2019-06-23T14:06:26.000Z,HE IS EXACTLY LIKE YOU THEN! https://t.co/nx4ngQ4Rdh,75687745,en,Twitter for Android,"[{'start': 29, 'end': 52, 'url': 'https://t.co/nx4ngQ4Rdh', 'expanded_url': 'https://twitter.com/realamberheard/status/1142704550509502464', 'display_url': 'twitter.com/realamberheard…'}]",0,0,0,0,"[{'start': 135, 'end': 158, 'url': 'https://t.co/SiSUEfhmkG', 'expanded_url': 'https://twitter.com/schemaly/status/1142123661513646081', 'display_url': 'twitter.com/schemaly/statu…'}]","[{'type': 'quoted', 'id': '1142123661513646081'}]",1142704550509502464,2019-06-23T08:02:49.000Z,"Just think what he’s like behind closed doors. If he can do this (with impunity) in front of cameras and an audience, just imagine.... https://t.co/SiSUEfhmkG",41,91,434,15,807003567605227520,en,Twitter for iPad,190338,220,1149,567,2016-12-08T23:26:58.000Z,Amber Heard,realamberheard,https://pbs.twimg.com/profile_images/1383196364792680448/N8CdupEu_normal.jpg,"Los Angeles, CA",807003567605227520,https://t.co/Ze18Ek9SOI,"Actor and Activist, semi-professional disruptor, ice cream advocate and shameless teacup yorkie-lover",358,787,30466,0,2009-09-20T01:16:38.000Z,Azrael ❤💙☀️💙❤ܐܬܪܐ,Eelectric_Diva,https://pbs.twimg.com/profile_images/1214830913369935873/t2rz84pb_normal.jpg,Australia,75687745,,"🇭🇲☦🍩 
Seyfo1915
Othurayto🤍💙💛❤🤍
.every genocide matters.
.everyone matters.

ܐܬܪܐ","[{'type': 'quoted', 'id': '1142704550509502464'}]",,,
1142710416138629120,2019-06-23T08:26:08.000Z,I can imagine how horrible he can be. I really dislike vile individuals like this!😒 https://t.co/VByq48SgCy,3216078659,en,Twitter Web App,"[{'start': 84, 'end': 107, 'url': 'https://t.co/VByq48SgCy', 'expanded_url': 'https://twitter.com/realamberheard/status/1142704550509502464', 'display_url': 'twitter.com/realamberheard…'}]",0,0,0,0,"[{'start': 135, 'end': 158, 'url': 'https://t.co/SiSUEfhmkG', 'expanded_url': 'https://twitter.com/schemaly/status/1142123661513646081', 'display_url': 'twitter.com/schemaly/statu…'}]","[{'type': 'quoted', 'id': '1142123661513646081'}]",1142704550509502464,2019-06-23T08:02:49.000Z,"Just think what he’s like behind closed doors. If he can do this (with impunity) in front of cameras and an audience, just imagine.... https://t.co/SiSUEfhmkG",41,91,434,15,807003567605227520,en,Twitter for iPad,190338,220,1149,567,2016-12-08T23:26:58.000Z,Amber Heard,realamberheard,https://pbs.twimg.com/profile_images/1383196364792680448/N8CdupEu_normal.jpg,"Los Angeles, CA",807003567605227520,https://t.co/Ze18Ek9SOI,"Actor and Activist, semi-professional disruptor, ice cream advocate and shameless teacup yorkie-lover",1465,1323,163095,17,2015-04-28T07:17:35.000Z,GGCIR8991,GGCIR8991,https://pbs.twimg.com/profile_images/1501219816522219520/SQVX3N2b_normal.jpg,,3216078659,,"On the internet, you can be pretty much anything you want, it's just kinda weird that so many people choose to be idiots and assholes","[{'type': 'quoted', 'id': '1142704550509502464'}]",,,
1142708587854213122,2019-06-23T08:18:52.000Z,People in glass houses Amber https://t.co/02MYRGCuLh,1295911188,en,Twitter for Android,"[{'start': 29, 'end': 52, 'url': 'https://t.co/02MYRGCuLh', 'expanded_url': 'https://twitter.com/realamberheard/status/1142704550509502464', 'display_url': 'twitter.com/realamberheard…'}]",0,0,0,0,"[{'start': 135, 'end': 158, 'url': 'https://t.co/SiSUEfhmkG', 'expanded_url': 'https://twitter.com/schemaly/status/1142123661513646081', 'display_url': 'twitter.com/schemaly/statu…'}]","[{'type': 'quoted', 'id': '1142123661513646081'}]",1142704550509502464,2019-06-23T08:02:49.000Z,"Just think what he’s like behind closed doors. If he can do this (with impunity) in front of cameras and an audience, just imagine.... https://t.co/SiSUEfhmkG",41,91,434,15,807003567605227520,en,Twitter for iPad,190338,220,1149,567,2016-12-08T23:26:58.000Z,Amber Heard,realamberheard,https://pbs.twimg.com/profile_images/1383196364792680448/N8CdupEu_normal.jpg,"Los Angeles, CA",807003567605227520,https://t.co/Ze18Ek9SOI,"Actor and Activist, semi-professional disruptor, ice cream advocate and shameless teacup yorkie-lover",1616,3752,476227,65,2013-03-24T16:59:44.000Z,Mick minas,MOVIESTVMAD,https://pbs.twimg.com/profile_images/1357986248347029507/kG9CMYy5_normal.jpg,Cyprus,1295911188,,ayia Napa reality star I write direct and star in my own plays here in Cyprus I'm still seeing a shrink after 6 months in Hollywood 🤣,"[{'type': 'quoted', 'id': '1142704550509502464'}]",,"[{'start': 23, 'end': 27, 'probability': 0.5877, 'type': 'Person', 'normalized_text': 'Amber'}]",
