author_id,lang,source,referenced_tweets,created_at,text,id,entities.urls,public_metrics.retweet_count,public_metrics.reply_count,public_metrics.like_count,public_metrics.quote_count,quoted_tweet.entities.hashtags,quoted_tweet.entities.urls,quoted_tweet.entities.mentions,quoted_tweet.author_id,quoted_tweet.lang,quoted_tweet.source,quoted_tweet.referenced_tweets,quoted_tweet.created_at,quoted_tweet.text,quoted_tweet.id,quoted_tweet.public_metrics.retweet_count,quoted_tweet.public_metrics.reply_count,quoted_tweet.public_metrics.like_count,quoted_tweet.public_metrics.quote_count,quoted_tweet.author.username,quoted_tweet.author.created_at,quoted_tweet.author.profile_image_url,quoted_tweet.author.name,quoted_tweet.author.public_metrics.followers_count,quoted_tweet.author.public_metrics.following_count,quoted_tweet.author.public_metrics.tweet_count,quoted_tweet.author.public_metrics.listed_count,quoted_tweet.author.description,quoted_tweet.author.id,quoted_tweet.author.url,quoted_tweet.author.location,author.username,author.created_at,author.profile_image_url,author.name,author.public_metrics.followers_count,author.public_metrics.following_count,author.public_metrics.tweet_count,author.public_metrics.listed_count,author.description,author.id,author.url,author.location
73447806,en,Twitterrific for iOS,"[{'type': 'quoted', 'id': '1144932384426668033'}]",2019-06-29T13:54:38.000Z,"It’s not over. 

Time to re-up our membership. https://t.co/eXsiz0LHv2",1144967413609484289,"[{'start': 47, 'end': 70, 'url': 'https://t.co/eXsiz0LHv2', 'expanded_url': 'https://twitter.com/realamberheard/status/1144932384426668033', 'display_url': 'twitter.com/realamberheard…'}]",0,0,0,0,"[{'start': 84, 'end': 99, 'tag': 'EveryoneCounts'}]","[{'start': 100, 'end': 123, 'url': 'https://t.co/7gf41m3EGI', 'expanded_url': 'https://twitter.com/ACLU/status/1144257601364008960', 'display_url': 'twitter.com/ACLU/status/11…'}]","[{'start': 30, 'end': 35, 'username': 'ACLU', 'id': '13393052'}]",807003567605227520,en,Twitter for iPhone,"[{'type': 'quoted', 'id': '1144257601364008960'}]",2019-06-29T11:35:26.000Z,This is why we need orgs like @ACLU  to fight for the civil rights of all. Thank u! #EveryoneCounts https://t.co/7gf41m3EGI,1144932384426668033,29,15,334,2,realamberheard,2016-12-08T23:26:58.000Z,https://pbs.twimg.com/profile_images/1383196364792680448/N8CdupEu_normal.jpg,Amber Heard,190338,220,1149,567,"Actor and Activist, semi-professional disruptor, ice cream advocate and shameless teacup yorkie-lover",807003567605227520,https://t.co/Ze18Ek9SOI,"Los Angeles, CA",czarbucks,2009-09-11T18:23:01.000Z,https://pbs.twimg.com/profile_images/1293610867725139968/M3nRdWAG_normal.jpg,Edge,620,1061,71156,14,"But what if this weren't a rhetorical question?

Engineer.  Atheist.  Misanthrope.",73447806,,The hills of WNC
3216078659,en,Twitter Web App,"[{'type': 'quoted', 'id': '1144932384426668033'}]",2019-06-29T11:43:04.000Z,I love how you're doing a beautiful job with your activism as your platform to speak out against civil rights violations or anything that compromises civil rights. https://t.co/GQjNOR3Wzz,1144934301655371781,"[{'start': 164, 'end': 187, 'url': 'https://t.co/GQjNOR3Wzz', 'expanded_url': 'https://twitter.com/realamberheard/status/1144932384426668033', 'display_url': 'twitter.com/realamberheard…'}]",0,0,0,0,"[{'start': 84, 'end': 99, 'tag': 'EveryoneCounts'}]","[{'start': 100, 'end': 123, 'url': 'https://t.co/7gf41m3EGI', 'expanded_url': 'https://twitter.com/ACLU/status/1144257601364008960', 'display_url': 'twitter.com/ACLU/status/11…'}]","[{'start': 30, 'end': 35, 'username': 'ACLU', 'id': '13393052'}]",807003567605227520,en,Twitter for iPhone,"[{'type': 'quoted', 'id': '1144257601364008960'}]",2019-06-29T11:35:26.000Z,This is why we need orgs like @ACLU  to fight for the civil rights of all. Thank u! #EveryoneCounts https://t.co/7gf41m3EGI,1144932384426668033,29,15,334,2,realamberheard,2016-12-08T23:26:58.000Z,https://pbs.twimg.com/profile_images/1383196364792680448/N8CdupEu_normal.jpg,Amber Heard,190338,220,1149,567,"Actor and Activist, semi-professional disruptor, ice cream advocate and shameless teacup yorkie-lover",807003567605227520,https://t.co/Ze18Ek9SOI,"Los Angeles, CA",GGCIR8991,2015-04-28T07:17:35.000Z,https://pbs.twimg.com/profile_images/1501219816522219520/SQVX3N2b_normal.jpg,GGCIR8991,1465,1323,163095,17,"On the internet, you can be pretty much anything you want, it's just kinda weird that so many people choose to be idiots and assholes",3216078659,,
3216078659,en,Twitter Web App,"[{'type': 'quoted', 'id': '1144932384426668033'}]",2019-06-29T11:37:45.000Z,And what we also need are activists just like you who'll stand up for civil rights and take part in fighting the good fight for it. https://t.co/GQjNOR3Wzz,1144932963995377666,"[{'start': 132, 'end': 155, 'url': 'https://t.co/GQjNOR3Wzz', 'expanded_url': 'https://twitter.com/realamberheard/status/1144932384426668033', 'display_url': 'twitter.com/realamberheard…'}]",0,0,0,0,"[{'start': 84, 'end': 99, 'tag': 'EveryoneCounts'}]","[{'start': 100, 'end': 123, 'url': 'https://t.co/7gf41m3EGI', 'expanded_url': 'https://twitter.com/ACLU/status/1144257601364008960', 'display_url': 'twitter.com/ACLU/status/11…'}]","[{'start': 30, 'end': 35, 'username': 'ACLU', 'id': '13393052'}]",807003567605227520,en,Twitter for iPhone,"[{'type': 'quoted', 'id': '1144257601364008960'}]",2019-06-29T11:35:26.000Z,This is why we need orgs like @ACLU  to fight for the civil rights of all. Thank u! #EveryoneCounts https://t.co/7gf41m3EGI,1144932384426668033,29,15,334,2,realamberheard,2016-12-08T23:26:58.000Z,https://pbs.twimg.com/profile_images/1383196364792680448/N8CdupEu_normal.jpg,Amber Heard,190338,220,1149,567,"Actor and Activist, semi-professional disruptor, ice cream advocate and shameless teacup yorkie-lover",807003567605227520,https://t.co/Ze18Ek9SOI,"Los Angeles, CA",GGCIR8991,2015-04-28T07:17:35.000Z,https://pbs.twimg.com/profile_images/1501219816522219520/SQVX3N2b_normal.jpg,GGCIR8991,1465,1323,163095,17,"On the internet, you can be pretty much anything you want, it's just kinda weird that so many people choose to be idiots and assholes",3216078659,,
