source,text,lang,created_at,author_id,referenced_tweets,id,entities.mentions,entities.urls,public_metrics.retweet_count,public_metrics.reply_count,public_metrics.like_count,public_metrics.quote_count,quoted_tweet.source,quoted_tweet.text,quoted_tweet.lang,quoted_tweet.created_at,quoted_tweet.in_reply_to_user_id,quoted_tweet.public_metrics.retweet_count,quoted_tweet.public_metrics.reply_count,quoted_tweet.public_metrics.like_count,quoted_tweet.public_metrics.quote_count,quoted_tweet.author_id,quoted_tweet.referenced_tweets,quoted_tweet.entities.hashtags,quoted_tweet.id,quoted_tweet.author.username,quoted_tweet.author.location,quoted_tweet.author.public_metrics.followers_count,quoted_tweet.author.public_metrics.following_count,quoted_tweet.author.public_metrics.tweet_count,quoted_tweet.author.public_metrics.listed_count,quoted_tweet.author.name,quoted_tweet.author.url,quoted_tweet.author.id,quoted_tweet.author.created_at,quoted_tweet.author.profile_image_url,quoted_tweet.author.description,author.username,author.location,author.public_metrics.followers_count,author.public_metrics.following_count,author.public_metrics.tweet_count,author.public_metrics.listed_count,author.name,author.url,author.id,author.created_at,author.profile_image_url,author.description,entities.hashtags
Twitter Web App,RT @FutureVenomZone: Abusive behaviour is nothing to be proud of https://t.co/0OPAIxIgSl,en,2019-07-08T15:48:19.000Z,449119247,"[{'type': 'retweeted', 'id': '1148249268332969987'}]",1148257513630064640,"[{'start': 3, 'end': 19, 'username': 'FutureVenomZone', 'id': '1031438736033243136'}]","[{'start': 65, 'end': 88, 'url': 'https://t.co/0OPAIxIgSl', 'expanded_url': 'https://twitter.com/realamberheard/status/1145318686670184450', 'display_url': 'twitter.com/realamberheard…'}]",2,0,0,0,Twitter for iPhone,"Happy pride! We have so much 2 left 2 overcome but its truly breathtaking 2 me just how far weve come &amp; how quickly. Thank u allies &amp; most of all,2 all those brave enough 2 have come b4 us, heads held high,2 fight 4 the rights we all so enjoy #HappyPride2019",en,2019-06-30T13:10:28.000Z,807003567605227520,50,24,550,3,807003567605227520,"[{'type': 'replied_to', 'id': '1145316917315559424'}]","[{'start': 251, 'end': 266, 'tag': 'HappyPride2019'}]",1145318686670184450,realamberheard,"Los Angeles, CA",190338,220,1149,567,Amber Heard,https://t.co/Ze18Ek9SOI,807003567605227520,2016-12-08T23:26:58.000Z,https://pbs.twimg.com/profile_images/1383196364792680448/N8CdupEu_normal.jpg,"Actor and Activist, semi-professional disruptor, ice cream advocate and shameless teacup yorkie-lover",KostymenTweets,Tahiti,505,68,66229,29,🩸 𝓢𝓬𝓱𝓲𝔃𝓸 𝓓𝓮𝓿𝓲𝓵,https://t.co/yiH7JBzwHS,449119247,2011-12-28T19:22:34.000Z,https://pbs.twimg.com/profile_images/1506252573485027329/ehY3n0Ba_normal.jpg,"Professional gamer bro — addicted to coke, violence & high art. Fuck Putin 🇺🇦 #StevenForHarryOsborn",
Twitter for Android,Abusive behaviour is nothing to be proud of https://t.co/0OPAIxIgSl,en,2019-07-08T15:15:33.000Z,1031438736033243136,"[{'type': 'quoted', 'id': '1145318686670184450'}]",1148249268332969987,,"[{'start': 44, 'end': 67, 'url': 'https://t.co/0OPAIxIgSl', 'expanded_url': 'https://twitter.com/realamberheard/status/1145318686670184450', 'display_url': 'twitter.com/realamberheard…'}]",2,0,2,0,Twitter for iPhone,"Happy pride! We have so much 2 left 2 overcome but its truly breathtaking 2 me just how far weve come &amp; how quickly. Thank u allies &amp; most of all,2 all those brave enough 2 have come b4 us, heads held high,2 fight 4 the rights we all so enjoy #HappyPride2019",en,2019-06-30T13:10:28.000Z,807003567605227520,50,24,550,3,807003567605227520,"[{'type': 'replied_to', 'id': '1145316917315559424'}]","[{'start': 251, 'end': 266, 'tag': 'HappyPride2019'}]",1145318686670184450,realamberheard,"Los Angeles, CA",190338,220,1149,567,Amber Heard,https://t.co/Ze18Ek9SOI,807003567605227520,2016-12-08T23:26:58.000Z,https://pbs.twimg.com/profile_images/1383196364792680448/N8CdupEu_normal.jpg,"Actor and Activist, semi-professional disruptor, ice cream advocate and shameless teacup yorkie-lover",FutureVenomZone,"Scotland, United Kingdom",91,428,46756,3,Martin,,1031438736033243136,2018-08-20T07:12:12.000Z,https://pbs.twimg.com/profile_images/1506246967759888391/lrfCzyhM_normal.jpg,"I cover a range of topics from feet to the CW's Arrow. Michael Giacchino hater. #StandwithUkraine 🇺🇦
#StevenforHarryOsborn
(he/him)",
Twitter Web App,RT @aviaum: when a danger to others leads the pride... says much about the insanity causing  the Whole Earth's Nature duress... and what IS…,en,2019-07-02T06:48:19.000Z,305700310,"[{'type': 'retweeted', 'id': '1145366118447534081'}]",1145947292114927618,"[{'start': 3, 'end': 10, 'username': 'aviaum', 'id': '305700310'}]",,2,0,0,0,Twitter for iPhone,"Happy pride! We have so much 2 left 2 overcome but its truly breathtaking 2 me just how far weve come &amp; how quickly. Thank u allies &amp; most of all,2 all those brave enough 2 have come b4 us, heads held high,2 fight 4 the rights we all so enjoy #HappyPride2019",en,2019-06-30T13:10:28.000Z,807003567605227520,50,24,550,3,807003567605227520,"[{'type': 'replied_to', 'id': '1145316917315559424'}]","[{'start': 251, 'end': 266, 'tag': 'HappyPride2019'}]",1145318686670184450,realamberheard,"Los Angeles, CA",190338,220,1149,567,Amber Heard,https://t.co/Ze18Ek9SOI,807003567605227520,2016-12-08T23:26:58.000Z,https://pbs.twimg.com/profile_images/1383196364792680448/N8CdupEu_normal.jpg,"Actor and Activist, semi-professional disruptor, ice cream advocate and shameless teacup yorkie-lover",aviaum,earth,805,2058,136700,44,good will,,305700310,2011-05-26T17:13:22.000Z,https://pbs.twimg.com/profile_images/1355333220309499910/8uDnC1ei_normal.jpg,all and nothing less,
Twitter Web App,RT @aviaum: when a danger to others leads the pride... says much about the insanity causing  the Whole Earth's Nature duress... and what IS…,en,2019-07-01T05:20:01.000Z,1088164333987790849,"[{'type': 'retweeted', 'id': '1145366118447534081'}]",1145562681694392320,"[{'start': 3, 'end': 10, 'username': 'aviaum', 'id': '305700310'}]",,2,0,0,0,Twitter for iPhone,"Happy pride! We have so much 2 left 2 overcome but its truly breathtaking 2 me just how far weve come &amp; how quickly. Thank u allies &amp; most of all,2 all those brave enough 2 have come b4 us, heads held high,2 fight 4 the rights we all so enjoy #HappyPride2019",en,2019-06-30T13:10:28.000Z,807003567605227520,50,24,550,3,807003567605227520,"[{'type': 'replied_to', 'id': '1145316917315559424'}]","[{'start': 251, 'end': 266, 'tag': 'HappyPride2019'}]",1145318686670184450,realamberheard,"Los Angeles, CA",190338,220,1149,567,Amber Heard,https://t.co/Ze18Ek9SOI,807003567605227520,2016-12-08T23:26:58.000Z,https://pbs.twimg.com/profile_images/1383196364792680448/N8CdupEu_normal.jpg,"Actor and Activist, semi-professional disruptor, ice cream advocate and shameless teacup yorkie-lover",MexDepp,Não é da sua conta,414,675,8408,1,🐝🐝Mexflower #Kathony🐝🐝,,1088164333987790849,2019-01-23T19:59:29.000Z,https://pbs.twimg.com/profile_images/1482849686130147328/IFIUqnuW_normal.jpg,"Mexine.//
Pessoas que eu que amo: 
RHYSAND,CARDAN,ANTHONY E KATE BRIDGERTONS,JOHNNY DEPP,RDJ, JDM,TOM ELLIS,GARY OLDMAN,KIM NAMJOON...
#JusticeforJohnnyDepp",
Twitter Web App,when a danger to others leads the pride... says much about the insanity causing  the Whole Earth's Nature duress... and what IS importance... certainly not #AmberHeardIsAnAbuser https://t.co/wcvZZ1w842,en,2019-06-30T16:18:57.000Z,305700310,"[{'type': 'quoted', 'id': '1145318686670184450'}]",1145366118447534081,,"[{'start': 178, 'end': 201, 'url': 'https://t.co/wcvZZ1w842', 'expanded_url': 'https://twitter.com/realamberheard/status/1145318686670184450', 'display_url': 'twitter.com/realamberheard…'}]",2,0,3,0,Twitter for iPhone,"Happy pride! We have so much 2 left 2 overcome but its truly breathtaking 2 me just how far weve come &amp; how quickly. Thank u allies &amp; most of all,2 all those brave enough 2 have come b4 us, heads held high,2 fight 4 the rights we all so enjoy #HappyPride2019",en,2019-06-30T13:10:28.000Z,807003567605227520,50,24,550,3,807003567605227520,"[{'type': 'replied_to', 'id': '1145316917315559424'}]","[{'start': 251, 'end': 266, 'tag': 'HappyPride2019'}]",1145318686670184450,realamberheard,"Los Angeles, CA",190338,220,1149,567,Amber Heard,https://t.co/Ze18Ek9SOI,807003567605227520,2016-12-08T23:26:58.000Z,https://pbs.twimg.com/profile_images/1383196364792680448/N8CdupEu_normal.jpg,"Actor and Activist, semi-professional disruptor, ice cream advocate and shameless teacup yorkie-lover",aviaum,earth,805,2058,136700,44,good will,,305700310,2011-05-26T17:13:22.000Z,https://pbs.twimg.com/profile_images/1355333220309499910/8uDnC1ei_normal.jpg,all and nothing less,"[{'start': 156, 'end': 177, 'tag': 'AmberHeardIsAnAbuser'}]"
Twitter Web App,"Being proud of who you really are and standing up for yourself and sexuality is simply one of the things that I really love about you and so proud of as a big fan of yours, and you're just so admirable and inspiring for that!💖💖💖💖💖 https://t.co/VN64mu5xxW",en,2019-06-30T13:39:15.000Z,3216078659,"[{'type': 'quoted', 'id': '1145318686670184450'}]",1145325928475533312,,"[{'start': 231, 'end': 254, 'url': 'https://t.co/VN64mu5xxW', 'expanded_url': 'https://twitter.com/realamberheard/status/1145318686670184450', 'display_url': 'twitter.com/realamberheard…'}]",0,0,0,0,Twitter for iPhone,"Happy pride! We have so much 2 left 2 overcome but its truly breathtaking 2 me just how far weve come &amp; how quickly. Thank u allies &amp; most of all,2 all those brave enough 2 have come b4 us, heads held high,2 fight 4 the rights we all so enjoy #HappyPride2019",en,2019-06-30T13:10:28.000Z,807003567605227520,50,24,550,3,807003567605227520,"[{'type': 'replied_to', 'id': '1145316917315559424'}]","[{'start': 251, 'end': 266, 'tag': 'HappyPride2019'}]",1145318686670184450,realamberheard,"Los Angeles, CA",190338,220,1149,567,Amber Heard,https://t.co/Ze18Ek9SOI,807003567605227520,2016-12-08T23:26:58.000Z,https://pbs.twimg.com/profile_images/1383196364792680448/N8CdupEu_normal.jpg,"Actor and Activist, semi-professional disruptor, ice cream advocate and shameless teacup yorkie-lover",GGCIR8991,,1465,1323,163095,17,GGCIR8991,,3216078659,2015-04-28T07:17:35.000Z,https://pbs.twimg.com/profile_images/1501219816522219520/SQVX3N2b_normal.jpg,"On the internet, you can be pretty much anything you want, it's just kinda weird that so many people choose to be idiots and assholes",
Twitter Web App,#StandUpForHumanRights #StandUpForLGBTQRights #LGBTQRightsAreAlsoHumanRights #HappyPride2019 #BeProudOfWhoYouAre 👨‍❤️‍💋‍👨👩‍❤️‍💋‍👩💕💖🙌 https://t.co/VN64mu5xxW,und,2019-06-30T13:19:14.000Z,3216078659,"[{'type': 'quoted', 'id': '1145318686670184450'}]",1145320892412547073,,"[{'start': 133, 'end': 156, 'url': 'https://t.co/VN64mu5xxW', 'expanded_url': 'https://twitter.com/realamberheard/status/1145318686670184450', 'display_url': 'twitter.com/realamberheard…'}]",0,0,0,0,Twitter for iPhone,"Happy pride! We have so much 2 left 2 overcome but its truly breathtaking 2 me just how far weve come &amp; how quickly. Thank u allies &amp; most of all,2 all those brave enough 2 have come b4 us, heads held high,2 fight 4 the rights we all so enjoy #HappyPride2019",en,2019-06-30T13:10:28.000Z,807003567605227520,50,24,550,3,807003567605227520,"[{'type': 'replied_to', 'id': '1145316917315559424'}]","[{'start': 251, 'end': 266, 'tag': 'HappyPride2019'}]",1145318686670184450,realamberheard,"Los Angeles, CA",190338,220,1149,567,Amber Heard,https://t.co/Ze18Ek9SOI,807003567605227520,2016-12-08T23:26:58.000Z,https://pbs.twimg.com/profile_images/1383196364792680448/N8CdupEu_normal.jpg,"Actor and Activist, semi-professional disruptor, ice cream advocate and shameless teacup yorkie-lover",GGCIR8991,,1465,1323,163095,17,GGCIR8991,,3216078659,2015-04-28T07:17:35.000Z,https://pbs.twimg.com/profile_images/1501219816522219520/SQVX3N2b_normal.jpg,"On the internet, you can be pretty much anything you want, it's just kinda weird that so many people choose to be idiots and assholes","[{'start': 0, 'end': 22, 'tag': 'StandUpForHumanRights'}, {'start': 23, 'end': 45, 'tag': 'StandUpForLGBTQRights'}, {'start': 46, 'end': 76, 'tag': 'LGBTQRightsAreAlsoHumanRights'}, {'start': 77, 'end': 92, 'tag': 'HappyPride2019'}, {'start': 93, 'end': 112, 'tag': 'BeProudOfWhoYouAre'}]"
