lang,text,author_id,id,created_at,source,referenced_tweets,entities.annotations,entities.urls,public_metrics.retweet_count,public_metrics.reply_count,public_metrics.like_count,public_metrics.quote_count,quoted_tweet.lang,quoted_tweet.text,quoted_tweet.author_id,quoted_tweet.id,quoted_tweet.created_at,quoted_tweet.source,quoted_tweet.public_metrics.retweet_count,quoted_tweet.public_metrics.reply_count,quoted_tweet.public_metrics.like_count,quoted_tweet.public_metrics.quote_count,quoted_tweet.entities.urls,quoted_tweet.author.location,quoted_tweet.author.created_at,quoted_tweet.author.id,quoted_tweet.author.description,quoted_tweet.author.public_metrics.followers_count,quoted_tweet.author.public_metrics.following_count,quoted_tweet.author.public_metrics.tweet_count,quoted_tweet.author.public_metrics.listed_count,quoted_tweet.author.username,quoted_tweet.author.name,quoted_tweet.author.url,quoted_tweet.author.profile_image_url,author.location,author.created_at,author.id,author.description,author.public_metrics.followers_count,author.public_metrics.following_count,author.public_metrics.tweet_count,author.public_metrics.listed_count,author.username,author.name,author.url,author.profile_image_url,in_reply_to_user_id,entities.mentions
en,"So she can call someone a monster, but can't take it when someone calls her one? Not ""Judging"" Amber. Complicity in the face of evil is what you desire. A childish desire to lie, bully, &amp; manipulate with no consequences is what she wants. I'll be deleted for speaking truth. https://t.co/RiifoqfTXf",4025835778,1148341535546720256,2019-07-08T21:22:11.000Z,Twitter for Android,"[{'type': 'quoted', 'id': '1145385355933126656'}]","[{'start': 95, 'end': 99, 'probability': 0.5627, 'type': 'Person', 'normalized_text': 'Amber'}]","[{'start': 279, 'end': 302, 'url': 'https://t.co/RiifoqfTXf', 'expanded_url': 'https://twitter.com/realamberheard/status/1145385355933126656', 'display_url': 'twitter.com/realamberheard…'}]",0,0,5,1,en,My eyes will literally never come back from the back of my skull... oh well.... https://t.co/1FM43DYxLC,807003567605227520,1145385355933126656,2019-06-30T17:35:23.000Z,Twitter for iPhone,49,69,728,9,"[{'start': 80, 'end': 103, 'url': 'https://t.co/1FM43DYxLC', 'expanded_url': 'https://twitter.com/realamberheard/status/1145385355933126656/photo/1', 'display_url': 'pic.twitter.com/1FM43DYxLC'}]","Los Angeles, CA",2016-12-08T23:26:58.000Z,807003567605227520,"Actor and Activist, semi-professional disruptor, ice cream advocate and shameless teacup yorkie-lover",190338,220,1149,567,realamberheard,Amber Heard,https://t.co/Ze18Ek9SOI,https://pbs.twimg.com/profile_images/1383196364792680448/N8CdupEu_normal.jpg,"Florida, USA",2015-10-23T17:47:22.000Z,4025835778,"Psychologist,, Energy Healer, a fan of the TRUTH! Joined to support JD 4 yrs ago NOT A BOT!",255,279,5519,0,JulieLeigh419,Julie,,https://pbs.twimg.com/profile_images/1250294554730749953/T7rUujuQ_normal.jpg,,
pt,@Julinana20 Eu amo https://t.co/rDI9PaYeWn,1047655613919100928,1145575497943977984,2019-07-01T06:10:57.000Z,Twitter for Android,"[{'type': 'quoted', 'id': '1145385355933126656'}]",,"[{'start': 19, 'end': 42, 'url': 'https://t.co/rDI9PaYeWn', 'expanded_url': 'https://twitter.com/realamberheard/status/1145385355933126656', 'display_url': 'twitter.com/realamberheard…'}]",0,1,1,0,en,My eyes will literally never come back from the back of my skull... oh well.... https://t.co/1FM43DYxLC,807003567605227520,1145385355933126656,2019-06-30T17:35:23.000Z,Twitter for iPhone,49,69,728,9,"[{'start': 80, 'end': 103, 'url': 'https://t.co/1FM43DYxLC', 'expanded_url': 'https://twitter.com/realamberheard/status/1145385355933126656/photo/1', 'display_url': 'pic.twitter.com/1FM43DYxLC'}]","Los Angeles, CA",2016-12-08T23:26:58.000Z,807003567605227520,"Actor and Activist, semi-professional disruptor, ice cream advocate and shameless teacup yorkie-lover",190338,220,1149,567,realamberheard,Amber Heard,https://t.co/Ze18Ek9SOI,https://pbs.twimg.com/profile_images/1383196364792680448/N8CdupEu_normal.jpg,Mansão Fritzenwalden,2018-10-04T01:12:17.000Z,1047655613919100928,"#Benê: Nós nunca vamos deixar de ser amigas, vamos? {ela/dela}
𝐵𝑜𝑜𝑘𝑠𝑡𝑎𝑛 • 𝐾𝑎𝑡𝑦𝑐𝑎𝑡 • 𝐹𝑖𝑣𝑒𝑟 • 𝑓𝑎𝑛 𝑎𝑐𝑐𝑜𝑢𝑛𝑡 • 𝑀𝑢𝑙𝑡𝑖𝑓𝑎𝑛𝑑𝑜𝑚",1459,2285,100403,10,widowfive,Gaby 🍄,,https://pbs.twimg.com/profile_images/1505365899599093762/8GnpGAvM_normal.jpg,1076581337367228416,"[{'start': 0, 'end': 11, 'username': 'Julinana20', 'id': '1186958848688640001'}]"
en,WE STAN https://t.co/F5Wjz6HEw0,4345422253,1145390214539431937,2019-06-30T17:54:42.000Z,Twitter for Android,"[{'type': 'quoted', 'id': '1145385355933126656'}]",,"[{'start': 8, 'end': 31, 'url': 'https://t.co/F5Wjz6HEw0', 'expanded_url': 'https://twitter.com/realamberheard/status/1145385355933126656', 'display_url': 'twitter.com/realamberheard…'}]",0,0,0,0,en,My eyes will literally never come back from the back of my skull... oh well.... https://t.co/1FM43DYxLC,807003567605227520,1145385355933126656,2019-06-30T17:35:23.000Z,Twitter for iPhone,49,69,728,9,"[{'start': 80, 'end': 103, 'url': 'https://t.co/1FM43DYxLC', 'expanded_url': 'https://twitter.com/realamberheard/status/1145385355933126656/photo/1', 'display_url': 'pic.twitter.com/1FM43DYxLC'}]","Los Angeles, CA",2016-12-08T23:26:58.000Z,807003567605227520,"Actor and Activist, semi-professional disruptor, ice cream advocate and shameless teacup yorkie-lover",190338,220,1149,567,realamberheard,Amber Heard,https://t.co/Ze18Ek9SOI,https://pbs.twimg.com/profile_images/1383196364792680448/N8CdupEu_normal.jpg,,2015-11-24T13:34:47.000Z,4345422253,Feminist. I think women are pretty cool.,129,554,17411,0,insadknot,놋 (a.k.a. ginnie),,https://pbs.twimg.com/profile_images/1477874510808649729/lJSr2SRT_normal.jpg,,
en,"I’d like to report a murder. 

Drag ‘em, Warrior!! And, of course, happy pride to you!! ❤️ https://t.co/yZSjZjI4vX",874984340,1145389338743726081,2019-06-30T17:51:13.000Z,Twitter Web App,"[{'type': 'quoted', 'id': '1145385355933126656'}]",,"[{'start': 91, 'end': 114, 'url': 'https://t.co/yZSjZjI4vX', 'expanded_url': 'https://twitter.com/realamberheard/status/1145385355933126656', 'display_url': 'twitter.com/realamberheard…'}]",0,0,5,0,en,My eyes will literally never come back from the back of my skull... oh well.... https://t.co/1FM43DYxLC,807003567605227520,1145385355933126656,2019-06-30T17:35:23.000Z,Twitter for iPhone,49,69,728,9,"[{'start': 80, 'end': 103, 'url': 'https://t.co/1FM43DYxLC', 'expanded_url': 'https://twitter.com/realamberheard/status/1145385355933126656/photo/1', 'display_url': 'pic.twitter.com/1FM43DYxLC'}]","Los Angeles, CA",2016-12-08T23:26:58.000Z,807003567605227520,"Actor and Activist, semi-professional disruptor, ice cream advocate and shameless teacup yorkie-lover",190338,220,1149,567,realamberheard,Amber Heard,https://t.co/Ze18Ek9SOI,https://pbs.twimg.com/profile_images/1383196364792680448/N8CdupEu_normal.jpg,,2012-10-12T05:22:26.000Z,874984340,Here to fangirl about fangirl things. I also retweet a lot of animal stuff and posts to raise social awareness. Beware my page. Pronouns: she/her,337,315,26825,15,animalhugger91,Lexi,,https://pbs.twimg.com/profile_images/1451763808968523777/qJNzYCWU_normal.jpg,,
en,"Christians say that homosexuality is a sin, but why does God create homosexual people? Pretty stupid in my opinion.😁 https://t.co/U1MOsjpfRi",3216078659,1145387123744182272,2019-06-30T17:42:25.000Z,Twitter Web App,"[{'type': 'quoted', 'id': '1145385355933126656'}]","[{'start': 57, 'end': 59, 'probability': 0.9869, 'type': 'Other', 'normalized_text': 'God'}]","[{'start': 117, 'end': 140, 'url': 'https://t.co/U1MOsjpfRi', 'expanded_url': 'https://twitter.com/realamberheard/status/1145385355933126656', 'display_url': 'twitter.com/realamberheard…'}]",0,1,0,0,en,My eyes will literally never come back from the back of my skull... oh well.... https://t.co/1FM43DYxLC,807003567605227520,1145385355933126656,2019-06-30T17:35:23.000Z,Twitter for iPhone,49,69,728,9,"[{'start': 80, 'end': 103, 'url': 'https://t.co/1FM43DYxLC', 'expanded_url': 'https://twitter.com/realamberheard/status/1145385355933126656/photo/1', 'display_url': 'pic.twitter.com/1FM43DYxLC'}]","Los Angeles, CA",2016-12-08T23:26:58.000Z,807003567605227520,"Actor and Activist, semi-professional disruptor, ice cream advocate and shameless teacup yorkie-lover",190338,220,1149,567,realamberheard,Amber Heard,https://t.co/Ze18Ek9SOI,https://pbs.twimg.com/profile_images/1383196364792680448/N8CdupEu_normal.jpg,,2015-04-28T07:17:35.000Z,3216078659,"On the internet, you can be pretty much anything you want, it's just kinda weird that so many people choose to be idiots and assholes",1465,1323,163095,17,GGCIR8991,GGCIR8991,,https://pbs.twimg.com/profile_images/1501219816522219520/SQVX3N2b_normal.jpg,,
