referenced_tweets,id,source,lang,created_at,text,author_id,public_metrics.retweet_count,public_metrics.reply_count,public_metrics.like_count,public_metrics.quote_count,entities.hashtags,entities.urls,entities.annotations,quoted_tweet.public_metrics.retweet_count,quoted_tweet.public_metrics.reply_count,quoted_tweet.public_metrics.like_count,quoted_tweet.public_metrics.quote_count,quoted_tweet.id,quoted_tweet.source,quoted_tweet.lang,quoted_tweet.entities.hashtags,quoted_tweet.entities.urls,quoted_tweet.entities.annotations,quoted_tweet.created_at,quoted_tweet.text,quoted_tweet.author_id,quoted_tweet.author.description,quoted_tweet.author.profile_image_url,quoted_tweet.author.id,quoted_tweet.author.name,quoted_tweet.author.public_metrics.followers_count,quoted_tweet.author.public_metrics.following_count,quoted_tweet.author.public_metrics.tweet_count,quoted_tweet.author.public_metrics.listed_count,quoted_tweet.author.username,quoted_tweet.author.created_at,quoted_tweet.author.location,quoted_tweet.author.url,author.description,author.profile_image_url,author.id,author.name,author.public_metrics.followers_count,author.public_metrics.following_count,author.public_metrics.tweet_count,author.public_metrics.listed_count,author.username,author.created_at,author.location,author.url
"[{'type': 'quoted', 'id': '1146746024683331584'}]",1147640490797539330,TweetCaster for Android,en,2019-07-06T22:56:29.000Z,"Is that the storage facility you keep your family in so they can't testify about your temper &amp; violence towards others?
Why didn't they defend you? Esp the sister you claimed to protect when you punched Depp in the face?
Did you ever thank Depp for the role of Mera?
#BeHonest https://t.co/xtYu9Y2tcz",272122295,0,0,0,0,"[{'start': 271, 'end': 280, 'tag': 'BeHonest'}]","[{'start': 281, 'end': 304, 'url': 'https://t.co/xtYu9Y2tcz', 'expanded_url': 'https://twitter.com/realamberheard/status/1146746024683331584', 'display_url': 'twitter.com/realamberheard…'}]","[{'start': 203, 'end': 206, 'probability': 0.9698, 'type': 'Person', 'normalized_text': 'Depp'}, {'start': 240, 'end': 243, 'probability': 0.9657, 'type': 'Person', 'normalized_text': 'Depp'}, {'start': 261, 'end': 264, 'probability': 0.4987, 'type': 'Person', 'normalized_text': 'Mera'}]",28,15,368,2,1146746024683331584,Twitter for iPhone,en,"[{'start': 222, 'end': 231, 'tag': 'Happy4th'}]","[{'start': 232, 'end': 255, 'url': 'https://t.co/eulPKo9SBB', 'expanded_url': 'https://twitter.com/realamberheard/status/1146746024683331584/photo/1', 'display_url': 'pic.twitter.com/eulPKo9SBB'}]","[{'start': 198, 'end': 204, 'probability': 0.9823, 'type': 'Place', 'normalized_text': 'America'}]",2019-07-04T11:42:12.000Z,"Pre-gamin 4th of July here (where it is already), en route back home for the fireworks, bbq &amp; drunk family members that await. Speaking of BBQ..... proud to be excited to get back home to celebrate America’s birthday! #Happy4th https://t.co/eulPKo9SBB",807003567605227520,"Actor and Activist, semi-professional disruptor, ice cream advocate and shameless teacup yorkie-lover",https://pbs.twimg.com/profile_images/1383196364792680448/N8CdupEu_normal.jpg,807003567605227520,Amber Heard,190338,220,1149,567,realamberheard,2016-12-08T23:26:58.000Z,"Los Angeles, CA",https://t.co/Ze18Ek9SOI,Mom to  the most amazing kid. Reader. Writer. Professional Cripple. Future Crazy Cat Lady.,https://pbs.twimg.com/profile_images/818931131919826949/6TCl12cG_normal.jpg,272122295,TheDKS,245,378,14027,0,dkstevens327,2011-03-25T21:50:06.000Z,Yonderland ,https://t.co/DngHOUMk8k
"[{'type': 'quoted', 'id': '1146746024683331584'}]",1146746438195404805,Twitter Web App,en,2019-07-04T11:43:51.000Z,"Have a safe trip back home, Happy 4th of July!🇺🇲💖🙌 https://t.co/gjCTWDdknG",3216078659,0,0,0,0,,"[{'start': 51, 'end': 74, 'url': 'https://t.co/gjCTWDdknG', 'expanded_url': 'https://twitter.com/realamberheard/status/1146746024683331584', 'display_url': 'twitter.com/realamberheard…'}]",,28,15,368,2,1146746024683331584,Twitter for iPhone,en,"[{'start': 222, 'end': 231, 'tag': 'Happy4th'}]","[{'start': 232, 'end': 255, 'url': 'https://t.co/eulPKo9SBB', 'expanded_url': 'https://twitter.com/realamberheard/status/1146746024683331584/photo/1', 'display_url': 'pic.twitter.com/eulPKo9SBB'}]","[{'start': 198, 'end': 204, 'probability': 0.9823, 'type': 'Place', 'normalized_text': 'America'}]",2019-07-04T11:42:12.000Z,"Pre-gamin 4th of July here (where it is already), en route back home for the fireworks, bbq &amp; drunk family members that await. Speaking of BBQ..... proud to be excited to get back home to celebrate America’s birthday! #Happy4th https://t.co/eulPKo9SBB",807003567605227520,"Actor and Activist, semi-professional disruptor, ice cream advocate and shameless teacup yorkie-lover",https://pbs.twimg.com/profile_images/1383196364792680448/N8CdupEu_normal.jpg,807003567605227520,Amber Heard,190338,220,1149,567,realamberheard,2016-12-08T23:26:58.000Z,"Los Angeles, CA",https://t.co/Ze18Ek9SOI,"On the internet, you can be pretty much anything you want, it's just kinda weird that so many people choose to be idiots and assholes",https://pbs.twimg.com/profile_images/1501219816522219520/SQVX3N2b_normal.jpg,3216078659,GGCIR8991,1465,1323,163095,17,GGCIR8991,2015-04-28T07:17:35.000Z,,
