referenced_tweets,id,created_at,text,author_id,lang,source,entities.urls,public_metrics.retweet_count,public_metrics.reply_count,public_metrics.like_count,public_metrics.quote_count,quoted_tweet.entities.urls,quoted_tweet.entities.mentions,quoted_tweet.id,quoted_tweet.created_at,quoted_tweet.text,quoted_tweet.public_metrics.retweet_count,quoted_tweet.public_metrics.reply_count,quoted_tweet.public_metrics.like_count,quoted_tweet.public_metrics.quote_count,quoted_tweet.author_id,quoted_tweet.lang,quoted_tweet.source,quoted_tweet.author.public_metrics.followers_count,quoted_tweet.author.public_metrics.following_count,quoted_tweet.author.public_metrics.tweet_count,quoted_tweet.author.public_metrics.listed_count,quoted_tweet.author.created_at,quoted_tweet.author.name,quoted_tweet.author.username,quoted_tweet.author.profile_image_url,quoted_tweet.author.location,quoted_tweet.author.id,quoted_tweet.author.url,quoted_tweet.author.description,author.public_metrics.followers_count,author.public_metrics.following_count,author.public_metrics.tweet_count,author.public_metrics.listed_count,author.created_at,author.name,author.username,author.profile_image_url,author.id,author.url,author.description,author.location,entities.hashtags
"[{'type': 'quoted', 'id': '1146387900382220289'}]",1155960726994878465,2019-07-29T21:58:08.000Z,Send them back home https://t.co/EI0J7HuJx2,4144705385,en,Twitter Web App,"[{'start': 20, 'end': 43, 'url': 'https://t.co/EI0J7HuJx2', 'expanded_url': 'https://twitter.com/realamberheard/status/1146387900382220289', 'display_url': 'twitter.com/realamberheard…'}]",0,0,0,0,"[{'start': 90, 'end': 113, 'url': 'https://t.co/OsmJDsHB0O', 'expanded_url': 'https://twitter.com/realamberheard/status/1146387900382220289/photo/1', 'display_url': 'pic.twitter.com/OsmJDsHB0O'}]","[{'start': 84, 'end': 89, 'username': 'ACLU', 'id': '13393052'}]",1146387900382220289,2019-07-03T11:59:08.000Z,What’s happening at the border is inhumane and inexcusable. Period. Take action now @ACLU https://t.co/OsmJDsHB0O,53,32,442,5,807003567605227520,en,Twitter for iPad,190338,220,1149,567,2016-12-08T23:26:58.000Z,Amber Heard,realamberheard,https://pbs.twimg.com/profile_images/1383196364792680448/N8CdupEu_normal.jpg,"Los Angeles, CA",807003567605227520,https://t.co/Ze18Ek9SOI,"Actor and Activist, semi-professional disruptor, ice cream advocate and shameless teacup yorkie-lover",13480,1752,26117,138,2015-11-08T22:04:58.000Z,1MilfLover,1MilfLover,https://pbs.twimg.com/profile_images/1467545654285287432/V30-w6DN_normal.jpg,4144705385,,"a GUY, over 21.  I tweet for my fun, not yours. I always welcome pics ladies.  I own no content",,
"[{'type': 'quoted', 'id': '1146387900382220289'}]",1146510067765841927,2019-07-03T20:04:35.000Z,AMEN 🙏🙏 https://t.co/SmwClJEcRh,1096848147945525248,en,Twitter for iPhone,"[{'start': 8, 'end': 31, 'url': 'https://t.co/SmwClJEcRh', 'expanded_url': 'https://twitter.com/realamberheard/status/1146387900382220289', 'display_url': 'twitter.com/realamberheard…'}]",0,0,0,0,"[{'start': 90, 'end': 113, 'url': 'https://t.co/OsmJDsHB0O', 'expanded_url': 'https://twitter.com/realamberheard/status/1146387900382220289/photo/1', 'display_url': 'pic.twitter.com/OsmJDsHB0O'}]","[{'start': 84, 'end': 89, 'username': 'ACLU', 'id': '13393052'}]",1146387900382220289,2019-07-03T11:59:08.000Z,What’s happening at the border is inhumane and inexcusable. Period. Take action now @ACLU https://t.co/OsmJDsHB0O,53,32,442,5,807003567605227520,en,Twitter for iPad,190338,220,1149,567,2016-12-08T23:26:58.000Z,Amber Heard,realamberheard,https://pbs.twimg.com/profile_images/1383196364792680448/N8CdupEu_normal.jpg,"Los Angeles, CA",807003567605227520,https://t.co/Ze18Ek9SOI,"Actor and Activist, semi-professional disruptor, ice cream advocate and shameless teacup yorkie-lover",2902,5007,40978,1,2019-02-16T19:05:51.000Z,✡️Wonder Woman Empire ⚓️🇺🇸🇮🇱🏳️‍🌈✡️,JaredSethDiamo1,https://pbs.twimg.com/profile_images/1144951779068665857/YEMW5CyE_normal.jpg,1096848147945525248,,"I am southpaw Jew from Philly, retired 20 years from NAVY, current job as C-130 Aircraft Electrician. I believe ALL women of ALL types are WONDER WOMAN🙅🏻‍♀️💪",U.S.A,
"[{'type': 'quoted', 'id': '1146387900382220289'}]",1146402598523506688,2019-07-03T12:57:33.000Z,"Yeah, this is something really worth taking action now! https://t.co/MFF1fcAaDR",3216078659,en,Twitter Web App,"[{'start': 56, 'end': 79, 'url': 'https://t.co/MFF1fcAaDR', 'expanded_url': 'https://twitter.com/realamberheard/status/1146387900382220289', 'display_url': 'twitter.com/realamberheard…'}]",0,0,0,0,"[{'start': 90, 'end': 113, 'url': 'https://t.co/OsmJDsHB0O', 'expanded_url': 'https://twitter.com/realamberheard/status/1146387900382220289/photo/1', 'display_url': 'pic.twitter.com/OsmJDsHB0O'}]","[{'start': 84, 'end': 89, 'username': 'ACLU', 'id': '13393052'}]",1146387900382220289,2019-07-03T11:59:08.000Z,What’s happening at the border is inhumane and inexcusable. Period. Take action now @ACLU https://t.co/OsmJDsHB0O,53,32,442,5,807003567605227520,en,Twitter for iPad,190338,220,1149,567,2016-12-08T23:26:58.000Z,Amber Heard,realamberheard,https://pbs.twimg.com/profile_images/1383196364792680448/N8CdupEu_normal.jpg,"Los Angeles, CA",807003567605227520,https://t.co/Ze18Ek9SOI,"Actor and Activist, semi-professional disruptor, ice cream advocate and shameless teacup yorkie-lover",1465,1323,163095,17,2015-04-28T07:17:35.000Z,GGCIR8991,GGCIR8991,https://pbs.twimg.com/profile_images/1501219816522219520/SQVX3N2b_normal.jpg,3216078659,,"On the internet, you can be pretty much anything you want, it's just kinda weird that so many people choose to be idiots and assholes",,
"[{'type': 'quoted', 'id': '1146387900382220289'}]",1146388876581171203,2019-07-03T12:03:01.000Z,"Didi, #Aquaman2 mein Aquakid Aayega na???
#Aquaman.
#DCEU. https://t.co/X44jq6jOT1",991571068564398080,et,Twitter for Android,"[{'start': 59, 'end': 82, 'url': 'https://t.co/X44jq6jOT1', 'expanded_url': 'https://twitter.com/realamberheard/status/1146387900382220289', 'display_url': 'twitter.com/realamberheard…'}]",0,0,0,0,"[{'start': 90, 'end': 113, 'url': 'https://t.co/OsmJDsHB0O', 'expanded_url': 'https://twitter.com/realamberheard/status/1146387900382220289/photo/1', 'display_url': 'pic.twitter.com/OsmJDsHB0O'}]","[{'start': 84, 'end': 89, 'username': 'ACLU', 'id': '13393052'}]",1146387900382220289,2019-07-03T11:59:08.000Z,What’s happening at the border is inhumane and inexcusable. Period. Take action now @ACLU https://t.co/OsmJDsHB0O,53,32,442,5,807003567605227520,en,Twitter for iPad,190338,220,1149,567,2016-12-08T23:26:58.000Z,Amber Heard,realamberheard,https://pbs.twimg.com/profile_images/1383196364792680448/N8CdupEu_normal.jpg,"Los Angeles, CA",807003567605227520,https://t.co/Ze18Ek9SOI,"Actor and Activist, semi-professional disruptor, ice cream advocate and shameless teacup yorkie-lover",1013,4772,63268,1,2018-05-02T06:52:20.000Z,Sam Wayne.,leviXtating,https://pbs.twimg.com/profile_images/1489633270719397893/TE_2X4ty_normal.jpg,991571068564398080,,Hakuna Matata.,Gotham.,"[{'start': 6, 'end': 15, 'tag': 'Aquaman2'}, {'start': 42, 'end': 50, 'tag': 'Aquaman'}, {'start': 52, 'end': 57, 'tag': 'DCEU'}]"
