text,source,referenced_tweets,lang,id,created_at,author_id,public_metrics.retweet_count,public_metrics.reply_count,public_metrics.like_count,public_metrics.quote_count,entities.mentions,entities.urls,quoted_tweet.text,quoted_tweet.source,quoted_tweet.public_metrics.retweet_count,quoted_tweet.public_metrics.reply_count,quoted_tweet.public_metrics.like_count,quoted_tweet.public_metrics.quote_count,quoted_tweet.lang,quoted_tweet.id,quoted_tweet.created_at,quoted_tweet.entities.mentions,quoted_tweet.entities.annotations,quoted_tweet.entities.urls,quoted_tweet.author_id,quoted_tweet.author.public_metrics.followers_count,quoted_tweet.author.public_metrics.following_count,quoted_tweet.author.public_metrics.tweet_count,quoted_tweet.author.public_metrics.listed_count,quoted_tweet.author.location,quoted_tweet.author.profile_image_url,quoted_tweet.author.url,quoted_tweet.author.username,quoted_tweet.author.description,quoted_tweet.author.id,quoted_tweet.author.name,quoted_tweet.author.created_at,author.public_metrics.followers_count,author.public_metrics.following_count,author.public_metrics.tweet_count,author.public_metrics.listed_count,author.profile_image_url,author.url,author.username,author.description,author.id,author.name,author.created_at,author.location
RT @Crimetownprznts: Thanks @realamberheard !! https://t.co/gPZbHb7DbU,Twitter for Android,"[{'type': 'retweeted', 'id': '1148301060366319618'}]",en,1148643564471148546,2019-07-09T17:22:21.000Z,4396120342,2,0,0,0,"[{'start': 3, 'end': 19, 'username': 'Crimetownprznts', 'id': '989490485541646337'}, {'start': 28, 'end': 43, 'username': 'realamberheard', 'id': '807003567605227520'}]","[{'start': 47, 'end': 70, 'url': 'https://t.co/gPZbHb7DbU', 'expanded_url': 'https://twitter.com/realamberheard/status/1148298409570263040', 'display_url': 'twitter.com/realamberheard…'}]","⁦⁦@iOlovesyou⁩ wrapped up the insanely great &amp; beautiful podcast The Ballad of Billy Balls.  Since the whole series is available, I feel less guilty about turning ppl on to this upsettingly addictive show. Enjoy! https://t.co/Dn5IImuOc7",Twitter for iPad,19,20,237,3,en,1148298409570263040,2019-07-08T18:30:49.000Z,"[{'start': 2, 'end': 13, 'username': 'iOlovesyou', 'id': '210991825'}]","[{'start': 79, 'end': 89, 'probability': 0.2741, 'type': 'Other', 'normalized_text': 'Billy Balls'}]","[{'start': 217, 'end': 240, 'url': 'https://t.co/Dn5IImuOc7', 'expanded_url': 'https://podcasts.apple.com/us/podcast/the-ballad-of-billy-balls-the-rfk-tapes/id1391405921', 'display_url': 'podcasts.apple.com/us/podcast/the…', 'status': 200, 'unwound_url': 'https://podcasts.apple.com/us/podcast/the-ballad-of-billy-balls-the-rfk-tapes/id1391405921'}]",807003567605227520,190338,220,1149,567,"Los Angeles, CA",https://pbs.twimg.com/profile_images/1383196364792680448/N8CdupEu_normal.jpg,https://t.co/Ze18Ek9SOI,realamberheard,"Actor and Activist, semi-professional disruptor, ice cream advocate and shameless teacup yorkie-lover",807003567605227520,Amber Heard,2016-12-08T23:26:58.000Z,677,296,58564,23,https://pbs.twimg.com/profile_images/1378175478478082050/UKLiQPuk_normal.jpg,,stirgussa,"Only two things are infinite, the universe and human stupidity, and I'm not sure about the former. - Albert Einstein and Me!",4396120342,STIRGUS SACCHETTI,2015-12-06T17:21:06.000Z,
RT @Crimetownprznts: Thanks @realamberheard !! https://t.co/gPZbHb7DbU,Twitter for Android,"[{'type': 'retweeted', 'id': '1148301060366319618'}]",en,1148349929691201537,2019-07-08T21:55:33.000Z,785148392498421760,2,0,0,0,"[{'start': 3, 'end': 19, 'username': 'Crimetownprznts', 'id': '989490485541646337'}, {'start': 28, 'end': 43, 'username': 'realamberheard', 'id': '807003567605227520'}]","[{'start': 47, 'end': 70, 'url': 'https://t.co/gPZbHb7DbU', 'expanded_url': 'https://twitter.com/realamberheard/status/1148298409570263040', 'display_url': 'twitter.com/realamberheard…'}]","⁦⁦@iOlovesyou⁩ wrapped up the insanely great &amp; beautiful podcast The Ballad of Billy Balls.  Since the whole series is available, I feel less guilty about turning ppl on to this upsettingly addictive show. Enjoy! https://t.co/Dn5IImuOc7",Twitter for iPad,19,20,237,3,en,1148298409570263040,2019-07-08T18:30:49.000Z,"[{'start': 2, 'end': 13, 'username': 'iOlovesyou', 'id': '210991825'}]","[{'start': 79, 'end': 89, 'probability': 0.2741, 'type': 'Other', 'normalized_text': 'Billy Balls'}]","[{'start': 217, 'end': 240, 'url': 'https://t.co/Dn5IImuOc7', 'expanded_url': 'https://podcasts.apple.com/us/podcast/the-ballad-of-billy-balls-the-rfk-tapes/id1391405921', 'display_url': 'podcasts.apple.com/us/podcast/the…', 'status': 200, 'unwound_url': 'https://podcasts.apple.com/us/podcast/the-ballad-of-billy-balls-the-rfk-tapes/id1391405921'}]",807003567605227520,190338,220,1149,567,"Los Angeles, CA",https://pbs.twimg.com/profile_images/1383196364792680448/N8CdupEu_normal.jpg,https://t.co/Ze18Ek9SOI,realamberheard,"Actor and Activist, semi-professional disruptor, ice cream advocate and shameless teacup yorkie-lover",807003567605227520,Amber Heard,2016-12-08T23:26:58.000Z,735,720,49331,28,https://pbs.twimg.com/profile_images/1138826096386936837/71Iwj2dh_normal.jpg,,CoraMelodie,"Actress/Producer & UNHCR Special Envoy #AngelinaJolie | Actress, Activist & Human Rights Champion @realamberheard | @JeniferOfficiel 

#IStandWithYouAmberHeard",785148392498421760,Cora Melodie,2016-10-09T16:02:18.000Z,"Bordeaux, France"
"Thanks for sharing this, another podcast that I'll enjoy!💖 https://t.co/dWgrfCOCYJ",Twitter Web App,"[{'type': 'quoted', 'id': '1148298409570263040'}]",en,1148327824073211904,2019-07-08T20:27:42.000Z,3216078659,0,0,0,0,,"[{'start': 59, 'end': 82, 'url': 'https://t.co/dWgrfCOCYJ', 'expanded_url': 'https://twitter.com/realamberheard/status/1148298409570263040', 'display_url': 'twitter.com/realamberheard…'}]","⁦⁦@iOlovesyou⁩ wrapped up the insanely great &amp; beautiful podcast The Ballad of Billy Balls.  Since the whole series is available, I feel less guilty about turning ppl on to this upsettingly addictive show. Enjoy! https://t.co/Dn5IImuOc7",Twitter for iPad,19,20,237,3,en,1148298409570263040,2019-07-08T18:30:49.000Z,"[{'start': 2, 'end': 13, 'username': 'iOlovesyou', 'id': '210991825'}]","[{'start': 79, 'end': 89, 'probability': 0.2741, 'type': 'Other', 'normalized_text': 'Billy Balls'}]","[{'start': 217, 'end': 240, 'url': 'https://t.co/Dn5IImuOc7', 'expanded_url': 'https://podcasts.apple.com/us/podcast/the-ballad-of-billy-balls-the-rfk-tapes/id1391405921', 'display_url': 'podcasts.apple.com/us/podcast/the…', 'status': 200, 'unwound_url': 'https://podcasts.apple.com/us/podcast/the-ballad-of-billy-balls-the-rfk-tapes/id1391405921'}]",807003567605227520,190338,220,1149,567,"Los Angeles, CA",https://pbs.twimg.com/profile_images/1383196364792680448/N8CdupEu_normal.jpg,https://t.co/Ze18Ek9SOI,realamberheard,"Actor and Activist, semi-professional disruptor, ice cream advocate and shameless teacup yorkie-lover",807003567605227520,Amber Heard,2016-12-08T23:26:58.000Z,1465,1323,163095,17,https://pbs.twimg.com/profile_images/1501219816522219520/SQVX3N2b_normal.jpg,,GGCIR8991,"On the internet, you can be pretty much anything you want, it's just kinda weird that so many people choose to be idiots and assholes",3216078659,GGCIR8991,2015-04-28T07:17:35.000Z,
Thanks @realamberheard !! https://t.co/gPZbHb7DbU,Twitter for iPhone,"[{'type': 'quoted', 'id': '1148298409570263040'}]",en,1148301060366319618,2019-07-08T18:41:21.000Z,989490485541646337,2,0,12,0,"[{'start': 7, 'end': 22, 'username': 'realamberheard', 'id': '807003567605227520'}]","[{'start': 26, 'end': 49, 'url': 'https://t.co/gPZbHb7DbU', 'expanded_url': 'https://twitter.com/realamberheard/status/1148298409570263040', 'display_url': 'twitter.com/realamberheard…'}]","⁦⁦@iOlovesyou⁩ wrapped up the insanely great &amp; beautiful podcast The Ballad of Billy Balls.  Since the whole series is available, I feel less guilty about turning ppl on to this upsettingly addictive show. Enjoy! https://t.co/Dn5IImuOc7",Twitter for iPad,19,20,237,3,en,1148298409570263040,2019-07-08T18:30:49.000Z,"[{'start': 2, 'end': 13, 'username': 'iOlovesyou', 'id': '210991825'}]","[{'start': 79, 'end': 89, 'probability': 0.2741, 'type': 'Other', 'normalized_text': 'Billy Balls'}]","[{'start': 217, 'end': 240, 'url': 'https://t.co/Dn5IImuOc7', 'expanded_url': 'https://podcasts.apple.com/us/podcast/the-ballad-of-billy-balls-the-rfk-tapes/id1391405921', 'display_url': 'podcasts.apple.com/us/podcast/the…', 'status': 200, 'unwound_url': 'https://podcasts.apple.com/us/podcast/the-ballad-of-billy-balls-the-rfk-tapes/id1391405921'}]",807003567605227520,190338,220,1149,567,"Los Angeles, CA",https://pbs.twimg.com/profile_images/1383196364792680448/N8CdupEu_normal.jpg,https://t.co/Ze18Ek9SOI,realamberheard,"Actor and Activist, semi-professional disruptor, ice cream advocate and shameless teacup yorkie-lover",807003567605227520,Amber Heard,2016-12-08T23:26:58.000Z,1636,21,309,15,https://pbs.twimg.com/profile_images/1108759077100888064/OiJBfNTR_normal.png,https://t.co/vDHNOLXpQo,Crimetownprznts,"The Ballad of Billy Balls unravels a mystery of love and loss, the tender binds of family, and the stories we learn to tell ourselves just to survive.",989490485541646337,The Ballad of Billy Balls,2018-04-26T13:04:50.000Z,
