referenced_tweets,id,created_at,text,author_id,lang,source,entities.urls,entities.hashtags,public_metrics.retweet_count,public_metrics.reply_count,public_metrics.like_count,public_metrics.quote_count,quoted_tweet.entities.urls,quoted_tweet.entities.mentions,quoted_tweet.referenced_tweets,quoted_tweet.id,quoted_tweet.created_at,quoted_tweet.text,quoted_tweet.public_metrics.retweet_count,quoted_tweet.public_metrics.reply_count,quoted_tweet.public_metrics.like_count,quoted_tweet.public_metrics.quote_count,quoted_tweet.author_id,quoted_tweet.lang,quoted_tweet.source,quoted_tweet.author.public_metrics.followers_count,quoted_tweet.author.public_metrics.following_count,quoted_tweet.author.public_metrics.tweet_count,quoted_tweet.author.public_metrics.listed_count,quoted_tweet.author.created_at,quoted_tweet.author.name,quoted_tweet.author.username,quoted_tweet.author.profile_image_url,quoted_tweet.author.location,quoted_tweet.author.id,quoted_tweet.author.url,quoted_tweet.author.description,author.public_metrics.followers_count,author.public_metrics.following_count,author.public_metrics.tweet_count,author.public_metrics.listed_count,author.created_at,author.name,author.username,author.profile_image_url,author.location,author.id,author.url,author.description
"[{'type': 'quoted', 'id': '1149473022660640768'}]",1149863175250153475,2019-07-13T02:08:39.000Z,"RG Is Not Going To Grovel At Your Feet Anytime Soon, AH. Seriously, Don't You Think He's On To Your Methods? I'll Bet He Wants #JusticeForJohnnyDepp 
As Much As All Depp Supporters
Get A Smidgen Of Brilliance Going On &amp; See The #truth ❤❤❤ https://t.co/sFo5jOyOpv",278067195,en,Twitter for Android,"[{'start': 243, 'end': 266, 'url': 'https://t.co/sFo5jOyOpv', 'expanded_url': 'https://twitter.com/realamberheard/status/1149473022660640768', 'display_url': 'twitter.com/realamberheard…'}]","[{'start': 127, 'end': 148, 'tag': 'JusticeForJohnnyDepp'}, {'start': 232, 'end': 238, 'tag': 'truth'}]",0,0,2,0,"[{'start': 155, 'end': 178, 'url': 'https://t.co/UeFZGF5zY2', 'expanded_url': 'https://twitter.com/center4inquiry/status/1149329075200245761', 'display_url': 'twitter.com/center4inquiry…'}]","[{'start': 9, 'end': 22, 'username': 'rickygervais', 'id': '20015311'}]","[{'type': 'quoted', 'id': '1149329075200245761'}]",1149473022660640768,2019-07-12T00:18:19.000Z,"Congrats @rickygervais ! Thank u 4 never shutting up, playing by the rules &amp; 4 always bringing laughter &amp; charm 2 the cause 4 science &amp; reason https://t.co/UeFZGF5zY2",32,28,274,8,807003567605227520,en,Twitter for iPhone,190338,220,1149,567,2016-12-08T23:26:58.000Z,Amber Heard,realamberheard,https://pbs.twimg.com/profile_images/1383196364792680448/N8CdupEu_normal.jpg,"Los Angeles, CA",807003567605227520,https://t.co/Ze18Ek9SOI,"Actor and Activist, semi-professional disruptor, ice cream advocate and shameless teacup yorkie-lover",989,1488,37091,2,2011-04-06T14:57:50.000Z,Laurel 🍩🍩🍩Rise🦇🌠🤗🌠 Cor Pace,LaurelsCouture,https://pbs.twimg.com/profile_images/1328765415208726536/Tj7J2193_normal.jpg,Ontario CA Earth & Starry Seas,278067195,https://t.co/bM1uYr6RVw,"#JohnnyDepp 37yrs⚓☠🌊✨🐍🎶🎸#risejohnnydepp
#EmbraceTheHumanRace
Pirates Samurai Royalty Vikings
Mayflower 
Natives Norman Witches Rhineland
🍀❤⚔🤗🌠💖💎💖🌠🤗⚔"
"[{'type': 'quoted', 'id': '1149473022660640768'}]",1149685026700832768,2019-07-12T14:20:45.000Z,LOL 😂😂😂 https://t.co/9ZtVxo5RYG https://t.co/Z1fzOGyCcW,850021019201011713,und,Twitter for iPhone,"[{'start': 8, 'end': 31, 'url': 'https://t.co/9ZtVxo5RYG', 'expanded_url': 'https://twitter.com/queenbpip/status/1149685026700832768/photo/1', 'display_url': 'pic.twitter.com/9ZtVxo5RYG'}, {'start': 32, 'end': 55, 'url': 'https://t.co/Z1fzOGyCcW', 'expanded_url': 'https://twitter.com/realamberheard/status/1149473022660640768', 'display_url': 'twitter.com/realamberheard…'}]",,0,2,6,0,"[{'start': 155, 'end': 178, 'url': 'https://t.co/UeFZGF5zY2', 'expanded_url': 'https://twitter.com/center4inquiry/status/1149329075200245761', 'display_url': 'twitter.com/center4inquiry…'}]","[{'start': 9, 'end': 22, 'username': 'rickygervais', 'id': '20015311'}]","[{'type': 'quoted', 'id': '1149329075200245761'}]",1149473022660640768,2019-07-12T00:18:19.000Z,"Congrats @rickygervais ! Thank u 4 never shutting up, playing by the rules &amp; 4 always bringing laughter &amp; charm 2 the cause 4 science &amp; reason https://t.co/UeFZGF5zY2",32,28,274,8,807003567605227520,en,Twitter for iPhone,190338,220,1149,567,2016-12-08T23:26:58.000Z,Amber Heard,realamberheard,https://pbs.twimg.com/profile_images/1383196364792680448/N8CdupEu_normal.jpg,"Los Angeles, CA",807003567605227520,https://t.co/Ze18Ek9SOI,"Actor and Activist, semi-professional disruptor, ice cream advocate and shameless teacup yorkie-lover",2952,320,36379,9,2017-04-06T16:22:58.000Z,mandy,queenbpip,https://pbs.twimg.com/profile_images/1455302381743349775/oEU0mn00_normal.png,UK,850021019201011713,,"bunny mom・book lover・tea enthusiast・fluent in sarcasm・horror & paranormal addict・truth is strong, and sometime or other will prevail 🌱"
"[{'type': 'quoted', 'id': '1149473022660640768'}]",1149473705837285377,2019-07-12T00:21:02.000Z,"Science and Reason are among the most important things ever, I just can't imagine if those two didn't exist. https://t.co/p4pYTs2kJ0",3216078659,en,Twitter Web Client,"[{'start': 109, 'end': 132, 'url': 'https://t.co/p4pYTs2kJ0', 'expanded_url': 'https://twitter.com/realamberheard/status/1149473022660640768', 'display_url': 'twitter.com/realamberheard…'}]",,0,0,0,0,"[{'start': 155, 'end': 178, 'url': 'https://t.co/UeFZGF5zY2', 'expanded_url': 'https://twitter.com/center4inquiry/status/1149329075200245761', 'display_url': 'twitter.com/center4inquiry…'}]","[{'start': 9, 'end': 22, 'username': 'rickygervais', 'id': '20015311'}]","[{'type': 'quoted', 'id': '1149329075200245761'}]",1149473022660640768,2019-07-12T00:18:19.000Z,"Congrats @rickygervais ! Thank u 4 never shutting up, playing by the rules &amp; 4 always bringing laughter &amp; charm 2 the cause 4 science &amp; reason https://t.co/UeFZGF5zY2",32,28,274,8,807003567605227520,en,Twitter for iPhone,190338,220,1149,567,2016-12-08T23:26:58.000Z,Amber Heard,realamberheard,https://pbs.twimg.com/profile_images/1383196364792680448/N8CdupEu_normal.jpg,"Los Angeles, CA",807003567605227520,https://t.co/Ze18Ek9SOI,"Actor and Activist, semi-professional disruptor, ice cream advocate and shameless teacup yorkie-lover",1465,1323,163095,17,2015-04-28T07:17:35.000Z,GGCIR8991,GGCIR8991,https://pbs.twimg.com/profile_images/1501219816522219520/SQVX3N2b_normal.jpg,,3216078659,,"On the internet, you can be pretty much anything you want, it's just kinda weird that so many people choose to be idiots and assholes"
"[{'type': 'quoted', 'id': '1149473022660640768'}]",1149473392866680832,2019-07-12T00:19:47.000Z,WINO FOREVER. https://t.co/MqCB2RJIq5,352939772,en,Twitter for Android,"[{'start': 14, 'end': 37, 'url': 'https://t.co/MqCB2RJIq5', 'expanded_url': 'https://twitter.com/realamberheard/status/1149473022660640768', 'display_url': 'twitter.com/realamberheard…'}]",,0,0,0,0,"[{'start': 155, 'end': 178, 'url': 'https://t.co/UeFZGF5zY2', 'expanded_url': 'https://twitter.com/center4inquiry/status/1149329075200245761', 'display_url': 'twitter.com/center4inquiry…'}]","[{'start': 9, 'end': 22, 'username': 'rickygervais', 'id': '20015311'}]","[{'type': 'quoted', 'id': '1149329075200245761'}]",1149473022660640768,2019-07-12T00:18:19.000Z,"Congrats @rickygervais ! Thank u 4 never shutting up, playing by the rules &amp; 4 always bringing laughter &amp; charm 2 the cause 4 science &amp; reason https://t.co/UeFZGF5zY2",32,28,274,8,807003567605227520,en,Twitter for iPhone,190338,220,1149,567,2016-12-08T23:26:58.000Z,Amber Heard,realamberheard,https://pbs.twimg.com/profile_images/1383196364792680448/N8CdupEu_normal.jpg,"Los Angeles, CA",807003567605227520,https://t.co/Ze18Ek9SOI,"Actor and Activist, semi-professional disruptor, ice cream advocate and shameless teacup yorkie-lover",2834,4986,461512,105,2011-08-11T09:08:48.000Z,WEIRD CHRISTMAS,WEIRDCHRISTMAS,https://pbs.twimg.com/profile_images/774740323348189184/KbG1-WYO_normal.jpg,BY THE WEIRD CHRISTMAS.,352939772,,I`M HERE FOR THE WEIRD CHRISTMAS!!! I AM THE WEIRD CHRISTMAS!!! IF YOU DESERVE IT I CAN GRANT YOU A WEIRD CHRISTMAS!!! ALSO I`M NOT SHOUTING..MY EYES ARE BAD.
