lang,text,author_id,id,created_at,source,referenced_tweets,public_metrics.retweet_count,public_metrics.reply_count,public_metrics.like_count,public_metrics.quote_count,entities.urls,quoted_tweet.lang,quoted_tweet.text,quoted_tweet.author_id,quoted_tweet.id,quoted_tweet.created_at,quoted_tweet.source,quoted_tweet.public_metrics.retweet_count,quoted_tweet.public_metrics.reply_count,quoted_tweet.public_metrics.like_count,quoted_tweet.public_metrics.quote_count,quoted_tweet.entities.urls,quoted_tweet.author.location,quoted_tweet.author.created_at,quoted_tweet.author.id,quoted_tweet.author.description,quoted_tweet.author.public_metrics.followers_count,quoted_tweet.author.public_metrics.following_count,quoted_tweet.author.public_metrics.tweet_count,quoted_tweet.author.public_metrics.listed_count,quoted_tweet.author.username,quoted_tweet.author.name,quoted_tweet.author.url,quoted_tweet.author.profile_image_url,author.location,author.created_at,author.id,author.description,author.public_metrics.followers_count,author.public_metrics.following_count,author.public_metrics.tweet_count,author.public_metrics.listed_count,author.username,author.name,author.url,author.profile_image_url,entities.mentions,entities.annotations,entities.hashtags
en,"The third day of February 2020 will be an amazing early birthday gift to me.

Seeing you in court getting the karma you deserve to get. I KNOW you abused him. For years and years. I was being called a manic and a freak.

But next year... I will get my victory :) https://t.co/mwBbqNeNFn",1076159677312970752,1155540204335378434,2019-07-28T18:07:08.000Z,Twitter for iPad,"[{'type': 'quoted', 'id': '1154899962326605824'}]",0,0,0,0,"[{'start': 263, 'end': 286, 'url': 'https://t.co/mwBbqNeNFn', 'expanded_url': 'https://twitter.com/realamberheard/status/1154899962326605824', 'display_url': 'twitter.com/realamberheard…'}]",en,"See guys, I was just kidding about the whole ‘fan-boy slash patriarchy’ thing..... ! https://t.co/r8k4dZ6fJ8",807003567605227520,1154899962326605824,2019-07-26T23:43:02.000Z,Twitter for iPhone,43,113,433,10,"[{'start': 85, 'end': 108, 'url': 'https://t.co/r8k4dZ6fJ8', 'expanded_url': 'https://twitter.com/realamberheard/status/1154899962326605824/photo/1', 'display_url': 'pic.twitter.com/r8k4dZ6fJ8'}]","Los Angeles, CA",2016-12-08T23:26:58.000Z,807003567605227520,"Actor and Activist, semi-professional disruptor, ice cream advocate and shameless teacup yorkie-lover",190338,220,1149,567,realamberheard,Amber Heard,https://t.co/Ze18Ek9SOI,https://pbs.twimg.com/profile_images/1383196364792680448/N8CdupEu_normal.jpg,Amsterdam Netherlands,2018-12-21T16:57:15.000Z,1076159677312970752,I dream being the first princess with autism. Proud zusje of @AvocadoMangoes,1141,1091,196440,13,ReineDuLeon,Aylin,,https://pbs.twimg.com/profile_images/1503718277494755334/3W09k7Zd_normal.jpg,,,
en,RT @villainimnot: Go fuck yourself https://t.co/5Rt2C2TE6x,1106939138849337344,1155368667472957441,2019-07-28T06:45:30.000Z,Twitter for iPhone,"[{'type': 'retweeted', 'id': '1155065748898926593'}]",3,0,0,0,"[{'start': 35, 'end': 58, 'url': 'https://t.co/5Rt2C2TE6x', 'expanded_url': 'https://twitter.com/realamberheard/status/1154899962326605824', 'display_url': 'twitter.com/realamberheard…'}]",en,"See guys, I was just kidding about the whole ‘fan-boy slash patriarchy’ thing..... ! https://t.co/r8k4dZ6fJ8",807003567605227520,1154899962326605824,2019-07-26T23:43:02.000Z,Twitter for iPhone,43,113,433,10,"[{'start': 85, 'end': 108, 'url': 'https://t.co/r8k4dZ6fJ8', 'expanded_url': 'https://twitter.com/realamberheard/status/1154899962326605824/photo/1', 'display_url': 'pic.twitter.com/r8k4dZ6fJ8'}]","Los Angeles, CA",2016-12-08T23:26:58.000Z,807003567605227520,"Actor and Activist, semi-professional disruptor, ice cream advocate and shameless teacup yorkie-lover",190338,220,1149,567,realamberheard,Amber Heard,https://t.co/Ze18Ek9SOI,https://pbs.twimg.com/profile_images/1383196364792680448/N8CdupEu_normal.jpg,,2019-03-16T15:23:51.000Z,1106939138849337344,,185,123,12824,0,mariant79113798,mariantonietta27🍩🍩🍩🍩🍩,,https://pbs.twimg.com/profile_images/1290748935917772800/g3lwToSw_normal.jpg,"[{'start': 3, 'end': 16, 'username': 'villainimnot', 'id': '1053030046422720517'}]",,
en,RT @villainimnot: Go fuck yourself https://t.co/5Rt2C2TE6x,1919303498,1155258147155718144,2019-07-27T23:26:20.000Z,Twitter for Android,"[{'type': 'retweeted', 'id': '1155065748898926593'}]",3,0,0,0,"[{'start': 35, 'end': 58, 'url': 'https://t.co/5Rt2C2TE6x', 'expanded_url': 'https://twitter.com/realamberheard/status/1154899962326605824', 'display_url': 'twitter.com/realamberheard…'}]",en,"See guys, I was just kidding about the whole ‘fan-boy slash patriarchy’ thing..... ! https://t.co/r8k4dZ6fJ8",807003567605227520,1154899962326605824,2019-07-26T23:43:02.000Z,Twitter for iPhone,43,113,433,10,"[{'start': 85, 'end': 108, 'url': 'https://t.co/r8k4dZ6fJ8', 'expanded_url': 'https://twitter.com/realamberheard/status/1154899962326605824/photo/1', 'display_url': 'pic.twitter.com/r8k4dZ6fJ8'}]","Los Angeles, CA",2016-12-08T23:26:58.000Z,807003567605227520,"Actor and Activist, semi-professional disruptor, ice cream advocate and shameless teacup yorkie-lover",190338,220,1149,567,realamberheard,Amber Heard,https://t.co/Ze18Ek9SOI,https://pbs.twimg.com/profile_images/1383196364792680448/N8CdupEu_normal.jpg,"Jerusalem, Israel",2013-09-30T08:01:45.000Z,1919303498,RISE ABOVE THE LIES,569,700,21405,5,lielaharoni,liel ❤️✊ #JusticeForJohnnyDepp,https://t.co/piWaGIz3oh,https://pbs.twimg.com/profile_images/1380190962245197825/JJxoVjxI_normal.png,"[{'start': 3, 'end': 16, 'username': 'villainimnot', 'id': '1053030046422720517'}]",,
en,RT @LisaGandini: Oh here's a big surprise. More evidence against Amber comes out &amp; she gets extra vocal on social media. Cue lots of politi…,1096365176,1155232802813726721,2019-07-27T21:45:38.000Z,Twitter for iPhone,"[{'type': 'retweeted', 'id': '1154913092070862848'}]",6,0,0,0,,en,"See guys, I was just kidding about the whole ‘fan-boy slash patriarchy’ thing..... ! https://t.co/r8k4dZ6fJ8",807003567605227520,1154899962326605824,2019-07-26T23:43:02.000Z,Twitter for iPhone,43,113,433,10,"[{'start': 85, 'end': 108, 'url': 'https://t.co/r8k4dZ6fJ8', 'expanded_url': 'https://twitter.com/realamberheard/status/1154899962326605824/photo/1', 'display_url': 'pic.twitter.com/r8k4dZ6fJ8'}]","Los Angeles, CA",2016-12-08T23:26:58.000Z,807003567605227520,"Actor and Activist, semi-professional disruptor, ice cream advocate and shameless teacup yorkie-lover",190338,220,1149,567,realamberheard,Amber Heard,https://t.co/Ze18Ek9SOI,https://pbs.twimg.com/profile_images/1383196364792680448/N8CdupEu_normal.jpg,"Nottingham, England",2013-01-16T21:09:13.000Z,1096365176,,18,171,6324,0,emsw6666,elaine,,https://pbs.twimg.com/profile_images/750770815466086400/cB4PP2bJ_normal.jpg,"[{'start': 3, 'end': 15, 'username': 'LisaGandini', 'id': '841544752600293376'}]","[{'start': 65, 'end': 69, 'probability': 0.9892, 'type': 'Person', 'normalized_text': 'Amber'}]",
en,RT @LisaGandini: Oh here's a big surprise. More evidence against Amber comes out &amp; she gets extra vocal on social media. Cue lots of politi…,2943121425,1155109091624271873,2019-07-27T13:34:02.000Z,Twitter for Android,"[{'type': 'retweeted', 'id': '1154913092070862848'}]",6,0,0,0,,en,"See guys, I was just kidding about the whole ‘fan-boy slash patriarchy’ thing..... ! https://t.co/r8k4dZ6fJ8",807003567605227520,1154899962326605824,2019-07-26T23:43:02.000Z,Twitter for iPhone,43,113,433,10,"[{'start': 85, 'end': 108, 'url': 'https://t.co/r8k4dZ6fJ8', 'expanded_url': 'https://twitter.com/realamberheard/status/1154899962326605824/photo/1', 'display_url': 'pic.twitter.com/r8k4dZ6fJ8'}]","Los Angeles, CA",2016-12-08T23:26:58.000Z,807003567605227520,"Actor and Activist, semi-professional disruptor, ice cream advocate and shameless teacup yorkie-lover",190338,220,1149,567,realamberheard,Amber Heard,https://t.co/Ze18Ek9SOI,https://pbs.twimg.com/profile_images/1383196364792680448/N8CdupEu_normal.jpg,Paraguay,2014-12-27T02:43:23.000Z,2943121425,"Potterhead✨ – Simmer🔶️ – Eurofan🎶 – Rybaker🎻🎶 – Multifandom🌈(Más RT que Tweets) – ENFJ-A👩🏽
– Admin de @_Orden_Fenix_ ✨
– Traductora del #CSTeam 🗣",837,738,273456,0,Sofia_Aquino_,Chofis❤ok,,https://pbs.twimg.com/profile_images/1440557164649594883/zb42P9uh_normal.jpg,"[{'start': 3, 'end': 15, 'username': 'LisaGandini', 'id': '841544752600293376'}]","[{'start': 65, 'end': 69, 'probability': 0.9892, 'type': 'Person', 'normalized_text': 'Amber'}]",
en,FUCK YOUUUUUU !!! https://t.co/2MVMRrNfyh,886864543737098241,1155077182353530882,2019-07-27T11:27:15.000Z,Twitter for Android,"[{'type': 'quoted', 'id': '1154899962326605824'}]",0,0,0,0,"[{'start': 18, 'end': 41, 'url': 'https://t.co/2MVMRrNfyh', 'expanded_url': 'https://twitter.com/realamberheard/status/1154899962326605824', 'display_url': 'twitter.com/realamberheard…'}]",en,"See guys, I was just kidding about the whole ‘fan-boy slash patriarchy’ thing..... ! https://t.co/r8k4dZ6fJ8",807003567605227520,1154899962326605824,2019-07-26T23:43:02.000Z,Twitter for iPhone,43,113,433,10,"[{'start': 85, 'end': 108, 'url': 'https://t.co/r8k4dZ6fJ8', 'expanded_url': 'https://twitter.com/realamberheard/status/1154899962326605824/photo/1', 'display_url': 'pic.twitter.com/r8k4dZ6fJ8'}]","Los Angeles, CA",2016-12-08T23:26:58.000Z,807003567605227520,"Actor and Activist, semi-professional disruptor, ice cream advocate and shameless teacup yorkie-lover",190338,220,1149,567,realamberheard,Amber Heard,https://t.co/Ze18Ek9SOI,https://pbs.twimg.com/profile_images/1383196364792680448/N8CdupEu_normal.jpg,With Arthur Fleck ,2017-07-17T08:25:59.000Z,886864543737098241,"Depphead 🔥
Belonged to Arthur Fleck 💕
My life is nothing but a comedy 🃏
Joaquin Phoenix🌎
#johnnydeppisinnocent
#wearewithyoujohnnydepp
#justiceforjohnnydepp",77,83,549,0,sohilamohammedd,Joker's girl 🃏,,https://pbs.twimg.com/profile_images/1498183049481175051/_FMTDU-u_normal.jpg,,,
en,RT @villainimnot: Go fuck yourself https://t.co/5Rt2C2TE6x,486606827,1155069604751990793,2019-07-27T10:57:08.000Z,Twitter for Android,"[{'type': 'retweeted', 'id': '1155065748898926593'}]",3,0,0,0,"[{'start': 35, 'end': 58, 'url': 'https://t.co/5Rt2C2TE6x', 'expanded_url': 'https://twitter.com/realamberheard/status/1154899962326605824', 'display_url': 'twitter.com/realamberheard…'}]",en,"See guys, I was just kidding about the whole ‘fan-boy slash patriarchy’ thing..... ! https://t.co/r8k4dZ6fJ8",807003567605227520,1154899962326605824,2019-07-26T23:43:02.000Z,Twitter for iPhone,43,113,433,10,"[{'start': 85, 'end': 108, 'url': 'https://t.co/r8k4dZ6fJ8', 'expanded_url': 'https://twitter.com/realamberheard/status/1154899962326605824/photo/1', 'display_url': 'pic.twitter.com/r8k4dZ6fJ8'}]","Los Angeles, CA",2016-12-08T23:26:58.000Z,807003567605227520,"Actor and Activist, semi-professional disruptor, ice cream advocate and shameless teacup yorkie-lover",190338,220,1149,567,realamberheard,Amber Heard,https://t.co/Ze18Ek9SOI,https://pbs.twimg.com/profile_images/1383196364792680448/N8CdupEu_normal.jpg,France 🇨🇵,2012-02-08T13:29:27.000Z,486606827,"• she, her | 🏳️‍🌈
• MCU | Directioner, Larrie | Depphead | Stay | Army
• Read carrd byf 
• Fan Account | Not affiliated with the celebrities on my account",1800,368,358032,176,lovelyjdepp_,Charline 👑 • ODDINARY ERA • Fan,https://t.co/eHS5OF4utz,https://pbs.twimg.com/profile_images/1500853203398709253/4EXievSi_normal.jpg,"[{'start': 3, 'end': 16, 'username': 'villainimnot', 'id': '1053030046422720517'}]",,
en,Go fuck yourself https://t.co/5Rt2C2TE6x,1053030046422720517,1155065748898926593,2019-07-27T10:41:49.000Z,Twitter for Android,"[{'type': 'quoted', 'id': '1154899962326605824'}]",3,1,18,0,"[{'start': 17, 'end': 40, 'url': 'https://t.co/5Rt2C2TE6x', 'expanded_url': 'https://twitter.com/realamberheard/status/1154899962326605824', 'display_url': 'twitter.com/realamberheard…'}]",en,"See guys, I was just kidding about the whole ‘fan-boy slash patriarchy’ thing..... ! https://t.co/r8k4dZ6fJ8",807003567605227520,1154899962326605824,2019-07-26T23:43:02.000Z,Twitter for iPhone,43,113,433,10,"[{'start': 85, 'end': 108, 'url': 'https://t.co/r8k4dZ6fJ8', 'expanded_url': 'https://twitter.com/realamberheard/status/1154899962326605824/photo/1', 'display_url': 'pic.twitter.com/r8k4dZ6fJ8'}]","Los Angeles, CA",2016-12-08T23:26:58.000Z,807003567605227520,"Actor and Activist, semi-professional disruptor, ice cream advocate and shameless teacup yorkie-lover",190338,220,1149,567,realamberheard,Amber Heard,https://t.co/Ze18Ek9SOI,https://pbs.twimg.com/profile_images/1383196364792680448/N8CdupEu_normal.jpg,"Germany
",2018-10-18T21:08:22.000Z,1053030046422720517,#WeAreWithYouJohnnyDepp,1345,379,11176,9,villainimnot,Nina,,https://pbs.twimg.com/profile_images/1431294744924143622/3v9z28my_normal.jpg,,,
en,RT @LisaGandini: Oh here's a big surprise. More evidence against Amber comes out &amp; she gets extra vocal on social media. Cue lots of politi…,1132926729184374784,1155005086373822464,2019-07-27T06:40:46.000Z,Twitter Web App,"[{'type': 'retweeted', 'id': '1154913092070862848'}]",6,0,0,0,,en,"See guys, I was just kidding about the whole ‘fan-boy slash patriarchy’ thing..... ! https://t.co/r8k4dZ6fJ8",807003567605227520,1154899962326605824,2019-07-26T23:43:02.000Z,Twitter for iPhone,43,113,433,10,"[{'start': 85, 'end': 108, 'url': 'https://t.co/r8k4dZ6fJ8', 'expanded_url': 'https://twitter.com/realamberheard/status/1154899962326605824/photo/1', 'display_url': 'pic.twitter.com/r8k4dZ6fJ8'}]","Los Angeles, CA",2016-12-08T23:26:58.000Z,807003567605227520,"Actor and Activist, semi-professional disruptor, ice cream advocate and shameless teacup yorkie-lover",190338,220,1149,567,realamberheard,Amber Heard,https://t.co/Ze18Ek9SOI,https://pbs.twimg.com/profile_images/1383196364792680448/N8CdupEu_normal.jpg,,2019-05-27T08:29:15.000Z,1132926729184374784,,435,465,14383,3,Brandy01679992,Brandy,,https://pbs.twimg.com/profile_images/1159234176723255296/_0UfNum3_normal.jpg,"[{'start': 3, 'end': 15, 'username': 'LisaGandini', 'id': '841544752600293376'}]","[{'start': 65, 'end': 69, 'probability': 0.9892, 'type': 'Person', 'normalized_text': 'Amber'}]",
es,"“Ay si yo nomás estaba echando coto, ustedes que se lo toman muy en serio”.
Lo dice cuando sabe que se equivocó y quiere arreglarlo.
🙄🙄🤦‍♀️
En serio no se cómo todavía tiene gente que “la apoya”. 
Y se dedica a bloquear usuarios escondiéndose de la verdad.
#JohnnyDeppisINNOCENT https://t.co/UTFMpOZC2z",3035766394,1154982926662025216,2019-07-27T05:12:42.000Z,Twitter for iPhone,"[{'type': 'quoted', 'id': '1154899962326605824'}]",0,0,0,0,"[{'start': 279, 'end': 302, 'url': 'https://t.co/UTFMpOZC2z', 'expanded_url': 'https://twitter.com/realamberheard/status/1154899962326605824', 'display_url': 'twitter.com/realamberheard…'}]",en,"See guys, I was just kidding about the whole ‘fan-boy slash patriarchy’ thing..... ! https://t.co/r8k4dZ6fJ8",807003567605227520,1154899962326605824,2019-07-26T23:43:02.000Z,Twitter for iPhone,43,113,433,10,"[{'start': 85, 'end': 108, 'url': 'https://t.co/r8k4dZ6fJ8', 'expanded_url': 'https://twitter.com/realamberheard/status/1154899962326605824/photo/1', 'display_url': 'pic.twitter.com/r8k4dZ6fJ8'}]","Los Angeles, CA",2016-12-08T23:26:58.000Z,807003567605227520,"Actor and Activist, semi-professional disruptor, ice cream advocate and shameless teacup yorkie-lover",190338,220,1149,567,realamberheard,Amber Heard,https://t.co/Ze18Ek9SOI,https://pbs.twimg.com/profile_images/1383196364792680448/N8CdupEu_normal.jpg,México,2015-02-14T00:28:36.000Z,3035766394,"Fisioterapeuta

Ya ni siquiera sé qué hago aquí.",443,616,17161,5,rerei_i,Iraida,,https://pbs.twimg.com/profile_images/1485020995605905409/p_vgNZLK_normal.jpg,,,"[{'start': 257, 'end': 278, 'tag': 'JohnnyDeppisINNOCENT'}]"
en,Shut up https://t.co/ZSOfW9czi3,215054776,1154919840433545219,2019-07-27T01:02:01.000Z,Twitter for iPhone,"[{'type': 'quoted', 'id': '1154899962326605824'}]",0,0,0,0,"[{'start': 8, 'end': 31, 'url': 'https://t.co/ZSOfW9czi3', 'expanded_url': 'https://twitter.com/realamberheard/status/1154899962326605824', 'display_url': 'twitter.com/realamberheard…'}]",en,"See guys, I was just kidding about the whole ‘fan-boy slash patriarchy’ thing..... ! https://t.co/r8k4dZ6fJ8",807003567605227520,1154899962326605824,2019-07-26T23:43:02.000Z,Twitter for iPhone,43,113,433,10,"[{'start': 85, 'end': 108, 'url': 'https://t.co/r8k4dZ6fJ8', 'expanded_url': 'https://twitter.com/realamberheard/status/1154899962326605824/photo/1', 'display_url': 'pic.twitter.com/r8k4dZ6fJ8'}]","Los Angeles, CA",2016-12-08T23:26:58.000Z,807003567605227520,"Actor and Activist, semi-professional disruptor, ice cream advocate and shameless teacup yorkie-lover",190338,220,1149,567,realamberheard,Amber Heard,https://t.co/Ze18Ek9SOI,https://pbs.twimg.com/profile_images/1383196364792680448/N8CdupEu_normal.jpg,,2010-11-12T22:00:42.000Z,215054776,ღ 𝒟𝒾𝓈𝓃𝑒𝓎 𝑒𝓃𝓉𝒽𝓊𝓈𝒾𝒶𝓈𝓉 ♡,4822,5302,138357,112,HausOfSpears,𝒩𝒶𝓉𝒽𝒶𝓁𝒾𝑒 🎀,https://t.co/l89rCH4gg5,https://pbs.twimg.com/profile_images/1488402477288407040/MearT_VR_normal.jpg,,,
en,RT @LisaGandini: Oh here's a big surprise. More evidence against Amber comes out &amp; she gets extra vocal on social media. Cue lots of politi…,2846815271,1154918770986618888,2019-07-27T00:57:47.000Z,Twitter for iPhone,"[{'type': 'retweeted', 'id': '1154913092070862848'}]",6,0,0,0,,en,"See guys, I was just kidding about the whole ‘fan-boy slash patriarchy’ thing..... ! https://t.co/r8k4dZ6fJ8",807003567605227520,1154899962326605824,2019-07-26T23:43:02.000Z,Twitter for iPhone,43,113,433,10,"[{'start': 85, 'end': 108, 'url': 'https://t.co/r8k4dZ6fJ8', 'expanded_url': 'https://twitter.com/realamberheard/status/1154899962326605824/photo/1', 'display_url': 'pic.twitter.com/r8k4dZ6fJ8'}]","Los Angeles, CA",2016-12-08T23:26:58.000Z,807003567605227520,"Actor and Activist, semi-professional disruptor, ice cream advocate and shameless teacup yorkie-lover",190338,220,1149,567,realamberheard,Amber Heard,https://t.co/Ze18Ek9SOI,https://pbs.twimg.com/profile_images/1383196364792680448/N8CdupEu_normal.jpg,Estados Unidos,2014-10-27T15:08:29.000Z,2846815271,me encanta Las mujeres y mi fantasía es Johnny depp.,292,178,44153,5,miandytttt,Alicia villareal,,https://pbs.twimg.com/profile_images/1085916643228676097/Iafuioe4_normal.jpg,"[{'start': 3, 'end': 15, 'username': 'LisaGandini', 'id': '841544752600293376'}]","[{'start': 65, 'end': 69, 'probability': 0.9892, 'type': 'Person', 'normalized_text': 'Amber'}]",
en,RT @LisaGandini: Oh here's a big surprise. More evidence against Amber comes out &amp; she gets extra vocal on social media. Cue lots of politi…,1068528035995906048,1154917120662220801,2019-07-27T00:51:13.000Z,Twitter for iPhone,"[{'type': 'retweeted', 'id': '1154913092070862848'}]",6,0,0,0,,en,"See guys, I was just kidding about the whole ‘fan-boy slash patriarchy’ thing..... ! https://t.co/r8k4dZ6fJ8",807003567605227520,1154899962326605824,2019-07-26T23:43:02.000Z,Twitter for iPhone,43,113,433,10,"[{'start': 85, 'end': 108, 'url': 'https://t.co/r8k4dZ6fJ8', 'expanded_url': 'https://twitter.com/realamberheard/status/1154899962326605824/photo/1', 'display_url': 'pic.twitter.com/r8k4dZ6fJ8'}]","Los Angeles, CA",2016-12-08T23:26:58.000Z,807003567605227520,"Actor and Activist, semi-professional disruptor, ice cream advocate and shameless teacup yorkie-lover",190338,220,1149,567,realamberheard,Amber Heard,https://t.co/Ze18Ek9SOI,https://pbs.twimg.com/profile_images/1383196364792680448/N8CdupEu_normal.jpg,"Puerto Rico, USA",2018-11-30T15:31:50.000Z,1068528035995906048,me encanta el ron y me encantas tu! 💕❤️🤤🤤🤤😂,46,40,1757,0,ApJdominguez,melimeli❤️💕,,https://pbs.twimg.com/profile_images/1069608968480276481/zOFeQ0aB_normal.jpg,"[{'start': 3, 'end': 15, 'username': 'LisaGandini', 'id': '841544752600293376'}]","[{'start': 65, 'end': 69, 'probability': 0.9892, 'type': 'Person', 'normalized_text': 'Amber'}]",
en,RT @LisaGandini: Oh here's a big surprise. More evidence against Amber comes out &amp; she gets extra vocal on social media. Cue lots of politi…,1062219892223631360,1154915398577479680,2019-07-27T00:44:22.000Z,Twitter for iPhone,"[{'type': 'retweeted', 'id': '1154913092070862848'}]",6,0,0,0,,en,"See guys, I was just kidding about the whole ‘fan-boy slash patriarchy’ thing..... ! https://t.co/r8k4dZ6fJ8",807003567605227520,1154899962326605824,2019-07-26T23:43:02.000Z,Twitter for iPhone,43,113,433,10,"[{'start': 85, 'end': 108, 'url': 'https://t.co/r8k4dZ6fJ8', 'expanded_url': 'https://twitter.com/realamberheard/status/1154899962326605824/photo/1', 'display_url': 'pic.twitter.com/r8k4dZ6fJ8'}]","Los Angeles, CA",2016-12-08T23:26:58.000Z,807003567605227520,"Actor and Activist, semi-professional disruptor, ice cream advocate and shameless teacup yorkie-lover",190338,220,1149,567,realamberheard,Amber Heard,https://t.co/Ze18Ek9SOI,https://pbs.twimg.com/profile_images/1383196364792680448/N8CdupEu_normal.jpg,"Distrito Federal, México",2018-11-13T05:45:32.000Z,1062219892223631360,"I stand by Johnny Depp
#JohnnyDeppIsInnocent #JusticeForJohnnyDepp",888,821,79375,6,ViriMZ,Viri 🍂,,https://pbs.twimg.com/profile_images/1402678426293649408/11XELWYm_normal.jpg,"[{'start': 3, 'end': 15, 'username': 'LisaGandini', 'id': '841544752600293376'}]","[{'start': 65, 'end': 69, 'probability': 0.9892, 'type': 'Person', 'normalized_text': 'Amber'}]",
en,Pathetic ridiculous people who've got nothing much better to do online than to troll!🤣🤣🤣🤣🤣🤣 https://t.co/FICjOkZq1N,3216078659,1154914257567248384,2019-07-27T00:39:50.000Z,Twitter Web App,"[{'type': 'quoted', 'id': '1154899962326605824'}]",0,0,0,0,"[{'start': 92, 'end': 115, 'url': 'https://t.co/FICjOkZq1N', 'expanded_url': 'https://twitter.com/realamberheard/status/1154899962326605824', 'display_url': 'twitter.com/realamberheard…'}]",en,"See guys, I was just kidding about the whole ‘fan-boy slash patriarchy’ thing..... ! https://t.co/r8k4dZ6fJ8",807003567605227520,1154899962326605824,2019-07-26T23:43:02.000Z,Twitter for iPhone,43,113,433,10,"[{'start': 85, 'end': 108, 'url': 'https://t.co/r8k4dZ6fJ8', 'expanded_url': 'https://twitter.com/realamberheard/status/1154899962326605824/photo/1', 'display_url': 'pic.twitter.com/r8k4dZ6fJ8'}]","Los Angeles, CA",2016-12-08T23:26:58.000Z,807003567605227520,"Actor and Activist, semi-professional disruptor, ice cream advocate and shameless teacup yorkie-lover",190338,220,1149,567,realamberheard,Amber Heard,https://t.co/Ze18Ek9SOI,https://pbs.twimg.com/profile_images/1383196364792680448/N8CdupEu_normal.jpg,,2015-04-28T07:17:35.000Z,3216078659,"On the internet, you can be pretty much anything you want, it's just kinda weird that so many people choose to be idiots and assholes",1465,1323,163095,17,GGCIR8991,GGCIR8991,,https://pbs.twimg.com/profile_images/1501219816522219520/SQVX3N2b_normal.jpg,,,
en,"Oh here's a big surprise. More evidence against Amber comes out &amp; she gets extra vocal on social media. Cue lots of political tweets, more pics of her ""charity work"" &amp; soon, no doubt, we'll be seeing a headline about her going braless. https://t.co/fJIuUZr7HX",841544752600293376,1154913092070862848,2019-07-27T00:35:13.000Z,Twitter Web App,"[{'type': 'quoted', 'id': '1154899962326605824'}]",6,0,19,0,"[{'start': 244, 'end': 267, 'url': 'https://t.co/fJIuUZr7HX', 'expanded_url': 'https://twitter.com/realamberheard/status/1154899962326605824', 'display_url': 'twitter.com/realamberheard…'}]",en,"See guys, I was just kidding about the whole ‘fan-boy slash patriarchy’ thing..... ! https://t.co/r8k4dZ6fJ8",807003567605227520,1154899962326605824,2019-07-26T23:43:02.000Z,Twitter for iPhone,43,113,433,10,"[{'start': 85, 'end': 108, 'url': 'https://t.co/r8k4dZ6fJ8', 'expanded_url': 'https://twitter.com/realamberheard/status/1154899962326605824/photo/1', 'display_url': 'pic.twitter.com/r8k4dZ6fJ8'}]","Los Angeles, CA",2016-12-08T23:26:58.000Z,807003567605227520,"Actor and Activist, semi-professional disruptor, ice cream advocate and shameless teacup yorkie-lover",190338,220,1149,567,realamberheard,Amber Heard,https://t.co/Ze18Ek9SOI,https://pbs.twimg.com/profile_images/1383196364792680448/N8CdupEu_normal.jpg,Australia,2017-03-14T07:01:18.000Z,841544752600293376,Standing on the right side of the roaring rapids,1299,272,4993,5,LisaGandini,🍩Lisa Gandini🍩,,https://pbs.twimg.com/profile_images/1463123085297471495/s_oRrYdi_normal.jpg,,"[{'start': 48, 'end': 52, 'probability': 0.9932, 'type': 'Person', 'normalized_text': 'Amber'}]",
en,EXPOSE EM! https://t.co/4Sct0lo6Ov,1132628081867464704,1154905795282329600,2019-07-27T00:06:13.000Z,Twitter for iPhone,"[{'type': 'quoted', 'id': '1154899962326605824'}]",0,0,0,0,"[{'start': 11, 'end': 34, 'url': 'https://t.co/4Sct0lo6Ov', 'expanded_url': 'https://twitter.com/realamberheard/status/1154899962326605824', 'display_url': 'twitter.com/realamberheard…'}]",en,"See guys, I was just kidding about the whole ‘fan-boy slash patriarchy’ thing..... ! https://t.co/r8k4dZ6fJ8",807003567605227520,1154899962326605824,2019-07-26T23:43:02.000Z,Twitter for iPhone,43,113,433,10,"[{'start': 85, 'end': 108, 'url': 'https://t.co/r8k4dZ6fJ8', 'expanded_url': 'https://twitter.com/realamberheard/status/1154899962326605824/photo/1', 'display_url': 'pic.twitter.com/r8k4dZ6fJ8'}]","Los Angeles, CA",2016-12-08T23:26:58.000Z,807003567605227520,"Actor and Activist, semi-professional disruptor, ice cream advocate and shameless teacup yorkie-lover",190338,220,1149,567,realamberheard,Amber Heard,https://t.co/Ze18Ek9SOI,https://pbs.twimg.com/profile_images/1383196364792680448/N8CdupEu_normal.jpg,he/him,2019-05-26T12:42:32.000Z,1132628081867464704,ariana & chris pine enthusiast @blackadamnews,980,328,35099,29,arianadearmas,gio,https://t.co/vMCTpMPBDg,https://pbs.twimg.com/profile_images/1501650364159852544/6wgJMg69_normal.jpg,,,
