referenced_tweets,id,author_id,created_at,text,source,lang,entities.urls,entities.mentions,public_metrics.retweet_count,public_metrics.reply_count,public_metrics.like_count,public_metrics.quote_count,quoted_tweet.id,quoted_tweet.entities.annotations,quoted_tweet.entities.urls,quoted_tweet.entities.mentions,quoted_tweet.author_id,quoted_tweet.created_at,quoted_tweet.text,quoted_tweet.public_metrics.retweet_count,quoted_tweet.public_metrics.reply_count,quoted_tweet.public_metrics.like_count,quoted_tweet.public_metrics.quote_count,quoted_tweet.source,quoted_tweet.lang,quoted_tweet.author.location,quoted_tweet.author.created_at,quoted_tweet.author.profile_image_url,quoted_tweet.author.public_metrics.followers_count,quoted_tweet.author.public_metrics.following_count,quoted_tweet.author.public_metrics.tweet_count,quoted_tweet.author.public_metrics.listed_count,quoted_tweet.author.url,quoted_tweet.author.id,quoted_tweet.author.name,quoted_tweet.author.username,quoted_tweet.author.description,author.location,author.created_at,author.profile_image_url,author.public_metrics.followers_count,author.public_metrics.following_count,author.public_metrics.tweet_count,author.public_metrics.listed_count,author.url,author.id,author.name,author.username,author.description,entities.annotations
"[{'type': 'retweeted', 'id': '1157834106320744448'}]",1159006365559545857,785148392498421760,2019-08-07T07:40:25.000Z,RT @nfergus: My life is complete. https://t.co/7MMaUQyYpc,Twitter for Android,en,"[{'start': 34, 'end': 57, 'url': 'https://t.co/7MMaUQyYpc', 'expanded_url': 'https://twitter.com/realamberheard/status/1157808828382973952', 'display_url': 'twitter.com/realamberheard…'}]","[{'start': 3, 'end': 11, 'username': 'nfergus', 'id': '49279876'}]",9,0,0,0,1157808828382973952,"[{'start': 0, 'end': 2, 'probability': 0.6704, 'type': 'Organization', 'normalized_text': 'BTS'}, {'start': 68, 'end': 74, 'probability': 0.36, 'type': 'Person', 'normalized_text': 'Aquaman'}, {'start': 139, 'end': 143, 'probability': 0.7989, 'type': 'Person', 'normalized_text': 'Jason'}]","[{'start': 76, 'end': 99, 'url': 'https://t.co/NrWm3SzKYC', 'expanded_url': 'https://heroichollywood.com/amber-heard-mera-aquaman-makeup/#.XUYh14uBhHM.twitter', 'display_url': 'heroichollywood.com/amber-heard-me…', 'status': 200, 'unwound_url': 'https://heroichollywood.com/mera-amber-heard-aquaman-pic-makeup/'}]","[{'start': 26, 'end': 34, 'username': 'nfergus', 'id': '49279876'}]",807003567605227520,2019-08-04T00:21:50.000Z,BTS Photo of Mera reading @nfergus incredible book Empire on set of Aquaman https://t.co/NrWm3SzKYC I love this pic of me enjoying my (pre-Jason-removed-pages) book soaking wet,76,53,731,6,Twitter for iPhone,en,"Los Angeles, CA",2016-12-08T23:26:58.000Z,https://pbs.twimg.com/profile_images/1383196364792680448/N8CdupEu_normal.jpg,190338,220,1149,567,https://t.co/Ze18Ek9SOI,807003567605227520,Amber Heard,realamberheard,"Actor and Activist, semi-professional disruptor, ice cream advocate and shameless teacup yorkie-lover","Bordeaux, France",2016-10-09T16:02:18.000Z,https://pbs.twimg.com/profile_images/1138826096386936837/71Iwj2dh_normal.jpg,735,720,49331,28,,785148392498421760,Cora Melodie,CoraMelodie,"Actress/Producer & UNHCR Special Envoy #AngelinaJolie | Actress, Activist & Human Rights Champion @realamberheard | @JeniferOfficiel 

#IStandWithYouAmberHeard",
"[{'type': 'retweeted', 'id': '1157834106320744448'}]",1158969338960986112,1054247451677417472,2019-08-07T05:13:17.000Z,RT @nfergus: My life is complete. https://t.co/7MMaUQyYpc,Twitter for Android,en,"[{'start': 34, 'end': 57, 'url': 'https://t.co/7MMaUQyYpc', 'expanded_url': 'https://twitter.com/realamberheard/status/1157808828382973952', 'display_url': 'twitter.com/realamberheard…'}]","[{'start': 3, 'end': 11, 'username': 'nfergus', 'id': '49279876'}]",9,0,0,0,1157808828382973952,"[{'start': 0, 'end': 2, 'probability': 0.6704, 'type': 'Organization', 'normalized_text': 'BTS'}, {'start': 68, 'end': 74, 'probability': 0.36, 'type': 'Person', 'normalized_text': 'Aquaman'}, {'start': 139, 'end': 143, 'probability': 0.7989, 'type': 'Person', 'normalized_text': 'Jason'}]","[{'start': 76, 'end': 99, 'url': 'https://t.co/NrWm3SzKYC', 'expanded_url': 'https://heroichollywood.com/amber-heard-mera-aquaman-makeup/#.XUYh14uBhHM.twitter', 'display_url': 'heroichollywood.com/amber-heard-me…', 'status': 200, 'unwound_url': 'https://heroichollywood.com/mera-amber-heard-aquaman-pic-makeup/'}]","[{'start': 26, 'end': 34, 'username': 'nfergus', 'id': '49279876'}]",807003567605227520,2019-08-04T00:21:50.000Z,BTS Photo of Mera reading @nfergus incredible book Empire on set of Aquaman https://t.co/NrWm3SzKYC I love this pic of me enjoying my (pre-Jason-removed-pages) book soaking wet,76,53,731,6,Twitter for iPhone,en,"Los Angeles, CA",2016-12-08T23:26:58.000Z,https://pbs.twimg.com/profile_images/1383196364792680448/N8CdupEu_normal.jpg,190338,220,1149,567,https://t.co/Ze18Ek9SOI,807003567605227520,Amber Heard,realamberheard,"Actor and Activist, semi-professional disruptor, ice cream advocate and shameless teacup yorkie-lover",,2018-10-22T05:45:54.000Z,https://pbs.twimg.com/profile_images/1292297331119972352/hEE_YCpp_normal.jpg,491,943,3482,0,,1054247451677417472,Paula Jabour🇧🇷⚘,Paula_Jabour,"OMG! Stop the flat earth, I gotta jump! 
#SexNoGender #ProtectTheChildren 
#FreeSpeech #WomanIsNotADirtyWord",
"[{'type': 'quoted', 'id': '1157808828382973952'}]",1158375870907633665,1081607414472798208,2019-08-05T13:55:03.000Z,All over the moon!!🌙🌙 https://t.co/mRxIKgM9oF,Twitter Web App,en,"[{'start': 22, 'end': 45, 'url': 'https://t.co/mRxIKgM9oF', 'expanded_url': 'https://twitter.com/realamberheard/status/1157808828382973952', 'display_url': 'twitter.com/realamberheard…'}]",,0,0,0,0,1157808828382973952,"[{'start': 0, 'end': 2, 'probability': 0.6704, 'type': 'Organization', 'normalized_text': 'BTS'}, {'start': 68, 'end': 74, 'probability': 0.36, 'type': 'Person', 'normalized_text': 'Aquaman'}, {'start': 139, 'end': 143, 'probability': 0.7989, 'type': 'Person', 'normalized_text': 'Jason'}]","[{'start': 76, 'end': 99, 'url': 'https://t.co/NrWm3SzKYC', 'expanded_url': 'https://heroichollywood.com/amber-heard-mera-aquaman-makeup/#.XUYh14uBhHM.twitter', 'display_url': 'heroichollywood.com/amber-heard-me…', 'status': 200, 'unwound_url': 'https://heroichollywood.com/mera-amber-heard-aquaman-pic-makeup/'}]","[{'start': 26, 'end': 34, 'username': 'nfergus', 'id': '49279876'}]",807003567605227520,2019-08-04T00:21:50.000Z,BTS Photo of Mera reading @nfergus incredible book Empire on set of Aquaman https://t.co/NrWm3SzKYC I love this pic of me enjoying my (pre-Jason-removed-pages) book soaking wet,76,53,731,6,Twitter for iPhone,en,"Los Angeles, CA",2016-12-08T23:26:58.000Z,https://pbs.twimg.com/profile_images/1383196364792680448/N8CdupEu_normal.jpg,190338,220,1149,567,https://t.co/Ze18Ek9SOI,807003567605227520,Amber Heard,realamberheard,"Actor and Activist, semi-professional disruptor, ice cream advocate and shameless teacup yorkie-lover",,2019-01-05T17:44:37.000Z,https://pbs.twimg.com/profile_images/1087267733413101568/a8KeaM_v_normal.jpg,1,23,27,0,,1081607414472798208,KieuDangDuong,KieuDangDuong1,,
"[{'type': 'retweeted', 'id': '1157834106320744448'}]",1158326142828470274,818053030868357120,2019-08-05T10:37:27.000Z,RT @nfergus: My life is complete. https://t.co/7MMaUQyYpc,Twitter Web App,en,"[{'start': 34, 'end': 57, 'url': 'https://t.co/7MMaUQyYpc', 'expanded_url': 'https://twitter.com/realamberheard/status/1157808828382973952', 'display_url': 'twitter.com/realamberheard…'}]","[{'start': 3, 'end': 11, 'username': 'nfergus', 'id': '49279876'}]",9,0,0,0,1157808828382973952,"[{'start': 0, 'end': 2, 'probability': 0.6704, 'type': 'Organization', 'normalized_text': 'BTS'}, {'start': 68, 'end': 74, 'probability': 0.36, 'type': 'Person', 'normalized_text': 'Aquaman'}, {'start': 139, 'end': 143, 'probability': 0.7989, 'type': 'Person', 'normalized_text': 'Jason'}]","[{'start': 76, 'end': 99, 'url': 'https://t.co/NrWm3SzKYC', 'expanded_url': 'https://heroichollywood.com/amber-heard-mera-aquaman-makeup/#.XUYh14uBhHM.twitter', 'display_url': 'heroichollywood.com/amber-heard-me…', 'status': 200, 'unwound_url': 'https://heroichollywood.com/mera-amber-heard-aquaman-pic-makeup/'}]","[{'start': 26, 'end': 34, 'username': 'nfergus', 'id': '49279876'}]",807003567605227520,2019-08-04T00:21:50.000Z,BTS Photo of Mera reading @nfergus incredible book Empire on set of Aquaman https://t.co/NrWm3SzKYC I love this pic of me enjoying my (pre-Jason-removed-pages) book soaking wet,76,53,731,6,Twitter for iPhone,en,"Los Angeles, CA",2016-12-08T23:26:58.000Z,https://pbs.twimg.com/profile_images/1383196364792680448/N8CdupEu_normal.jpg,190338,220,1149,567,https://t.co/Ze18Ek9SOI,807003567605227520,Amber Heard,realamberheard,"Actor and Activist, semi-professional disruptor, ice cream advocate and shameless teacup yorkie-lover",,2017-01-08T11:13:36.000Z,https://pbs.twimg.com/profile_images/991920581732913152/sXv82cAg_normal.jpg,587,909,147605,9,,818053030868357120,Catherine Jones,cathyjones173,"interested in rise and fall of Civilizations, unintended consequences, politics, religion.....
Tweets not always my views.....",
"[{'type': 'retweeted', 'id': '1157834106320744448'}]",1157915191834636288,3108245485,2019-08-04T07:24:29.000Z,RT @nfergus: My life is complete. https://t.co/7MMaUQyYpc,Twitter for iPhone,en,"[{'start': 34, 'end': 57, 'url': 'https://t.co/7MMaUQyYpc', 'expanded_url': 'https://twitter.com/realamberheard/status/1157808828382973952', 'display_url': 'twitter.com/realamberheard…'}]","[{'start': 3, 'end': 11, 'username': 'nfergus', 'id': '49279876'}]",9,0,0,0,1157808828382973952,"[{'start': 0, 'end': 2, 'probability': 0.6704, 'type': 'Organization', 'normalized_text': 'BTS'}, {'start': 68, 'end': 74, 'probability': 0.36, 'type': 'Person', 'normalized_text': 'Aquaman'}, {'start': 139, 'end': 143, 'probability': 0.7989, 'type': 'Person', 'normalized_text': 'Jason'}]","[{'start': 76, 'end': 99, 'url': 'https://t.co/NrWm3SzKYC', 'expanded_url': 'https://heroichollywood.com/amber-heard-mera-aquaman-makeup/#.XUYh14uBhHM.twitter', 'display_url': 'heroichollywood.com/amber-heard-me…', 'status': 200, 'unwound_url': 'https://heroichollywood.com/mera-amber-heard-aquaman-pic-makeup/'}]","[{'start': 26, 'end': 34, 'username': 'nfergus', 'id': '49279876'}]",807003567605227520,2019-08-04T00:21:50.000Z,BTS Photo of Mera reading @nfergus incredible book Empire on set of Aquaman https://t.co/NrWm3SzKYC I love this pic of me enjoying my (pre-Jason-removed-pages) book soaking wet,76,53,731,6,Twitter for iPhone,en,"Los Angeles, CA",2016-12-08T23:26:58.000Z,https://pbs.twimg.com/profile_images/1383196364792680448/N8CdupEu_normal.jpg,190338,220,1149,567,https://t.co/Ze18Ek9SOI,807003567605227520,Amber Heard,realamberheard,"Actor and Activist, semi-professional disruptor, ice cream advocate and shameless teacup yorkie-lover",Australia,2015-03-26T10:38:59.000Z,https://pbs.twimg.com/profile_images/1334433417631465473/1_ExFDhL_normal.jpg,20215,6517,11740,208,https://t.co/KHqs6pfJEa,3108245485,Michael Sharpe,MrMichaelSharpe,National Director for Industry at the Advanced Manufacturing Growth Centre,
"[{'type': 'retweeted', 'id': '1157834106320744448'}]",1157911706485608449,523727289,2019-08-04T07:10:38.000Z,RT @nfergus: My life is complete. https://t.co/7MMaUQyYpc,Twitter for iPad,en,"[{'start': 34, 'end': 57, 'url': 'https://t.co/7MMaUQyYpc', 'expanded_url': 'https://twitter.com/realamberheard/status/1157808828382973952', 'display_url': 'twitter.com/realamberheard…'}]","[{'start': 3, 'end': 11, 'username': 'nfergus', 'id': '49279876'}]",9,0,0,0,1157808828382973952,"[{'start': 0, 'end': 2, 'probability': 0.6704, 'type': 'Organization', 'normalized_text': 'BTS'}, {'start': 68, 'end': 74, 'probability': 0.36, 'type': 'Person', 'normalized_text': 'Aquaman'}, {'start': 139, 'end': 143, 'probability': 0.7989, 'type': 'Person', 'normalized_text': 'Jason'}]","[{'start': 76, 'end': 99, 'url': 'https://t.co/NrWm3SzKYC', 'expanded_url': 'https://heroichollywood.com/amber-heard-mera-aquaman-makeup/#.XUYh14uBhHM.twitter', 'display_url': 'heroichollywood.com/amber-heard-me…', 'status': 200, 'unwound_url': 'https://heroichollywood.com/mera-amber-heard-aquaman-pic-makeup/'}]","[{'start': 26, 'end': 34, 'username': 'nfergus', 'id': '49279876'}]",807003567605227520,2019-08-04T00:21:50.000Z,BTS Photo of Mera reading @nfergus incredible book Empire on set of Aquaman https://t.co/NrWm3SzKYC I love this pic of me enjoying my (pre-Jason-removed-pages) book soaking wet,76,53,731,6,Twitter for iPhone,en,"Los Angeles, CA",2016-12-08T23:26:58.000Z,https://pbs.twimg.com/profile_images/1383196364792680448/N8CdupEu_normal.jpg,190338,220,1149,567,https://t.co/Ze18Ek9SOI,807003567605227520,Amber Heard,realamberheard,"Actor and Activist, semi-professional disruptor, ice cream advocate and shameless teacup yorkie-lover",Edinburgh,2012-03-13T22:06:25.000Z,https://pbs.twimg.com/profile_images/378800000434750737/fbe3bbb2fe2f82c34930c12fa2e9d8f6_normal.jpeg,90,262,37374,1,,523727289,Robbie Kirk 🇬🇧,CptApple,"I’m old school and unique, an adventurous autodidact; a Photographer, Writer, Rock Climber and Engineer passionate about life.",
"[{'type': 'retweeted', 'id': '1157881718554136576'}]",1157890783158161408,1106939138849337344,2019-08-04T05:47:29.000Z,"RT @RuessSophie: 20 people killed, over 20 wounded from the El Paso shooting...and Amber Heard is posting pictures of herself from Aquaman.…",Twitter for iPhone,en,,"[{'start': 3, 'end': 15, 'username': 'RuessSophie', 'id': '1062947259929804800'}]",1,0,0,0,1157808828382973952,"[{'start': 0, 'end': 2, 'probability': 0.6704, 'type': 'Organization', 'normalized_text': 'BTS'}, {'start': 68, 'end': 74, 'probability': 0.36, 'type': 'Person', 'normalized_text': 'Aquaman'}, {'start': 139, 'end': 143, 'probability': 0.7989, 'type': 'Person', 'normalized_text': 'Jason'}]","[{'start': 76, 'end': 99, 'url': 'https://t.co/NrWm3SzKYC', 'expanded_url': 'https://heroichollywood.com/amber-heard-mera-aquaman-makeup/#.XUYh14uBhHM.twitter', 'display_url': 'heroichollywood.com/amber-heard-me…', 'status': 200, 'unwound_url': 'https://heroichollywood.com/mera-amber-heard-aquaman-pic-makeup/'}]","[{'start': 26, 'end': 34, 'username': 'nfergus', 'id': '49279876'}]",807003567605227520,2019-08-04T00:21:50.000Z,BTS Photo of Mera reading @nfergus incredible book Empire on set of Aquaman https://t.co/NrWm3SzKYC I love this pic of me enjoying my (pre-Jason-removed-pages) book soaking wet,76,53,731,6,Twitter for iPhone,en,"Los Angeles, CA",2016-12-08T23:26:58.000Z,https://pbs.twimg.com/profile_images/1383196364792680448/N8CdupEu_normal.jpg,190338,220,1149,567,https://t.co/Ze18Ek9SOI,807003567605227520,Amber Heard,realamberheard,"Actor and Activist, semi-professional disruptor, ice cream advocate and shameless teacup yorkie-lover",,2019-03-16T15:23:51.000Z,https://pbs.twimg.com/profile_images/1290748935917772800/g3lwToSw_normal.jpg,185,123,12824,0,,1106939138849337344,mariantonietta27🍩🍩🍩🍩🍩,mariant79113798,,"[{'start': 60, 'end': 66, 'probability': 0.4426, 'type': 'Place', 'normalized_text': 'El Paso'}, {'start': 83, 'end': 87, 'probability': 0.9681, 'type': 'Person', 'normalized_text': 'Amber'}, {'start': 131, 'end': 137, 'probability': 0.4583, 'type': 'Person', 'normalized_text': 'Aquaman'}]"
"[{'type': 'quoted', 'id': '1157808828382973952'}]",1157881718554136576,1062947259929804800,2019-08-04T05:11:28.000Z,"20 people killed, over 20 wounded from the El Paso shooting...and Amber Heard is posting pictures of herself from Aquaman. https://t.co/gv1VSd9RuP",Twitter Web Client,en,"[{'start': 123, 'end': 146, 'url': 'https://t.co/gv1VSd9RuP', 'expanded_url': 'https://twitter.com/realamberheard/status/1157808828382973952', 'display_url': 'twitter.com/realamberheard…'}]",,1,0,6,0,1157808828382973952,"[{'start': 0, 'end': 2, 'probability': 0.6704, 'type': 'Organization', 'normalized_text': 'BTS'}, {'start': 68, 'end': 74, 'probability': 0.36, 'type': 'Person', 'normalized_text': 'Aquaman'}, {'start': 139, 'end': 143, 'probability': 0.7989, 'type': 'Person', 'normalized_text': 'Jason'}]","[{'start': 76, 'end': 99, 'url': 'https://t.co/NrWm3SzKYC', 'expanded_url': 'https://heroichollywood.com/amber-heard-mera-aquaman-makeup/#.XUYh14uBhHM.twitter', 'display_url': 'heroichollywood.com/amber-heard-me…', 'status': 200, 'unwound_url': 'https://heroichollywood.com/mera-amber-heard-aquaman-pic-makeup/'}]","[{'start': 26, 'end': 34, 'username': 'nfergus', 'id': '49279876'}]",807003567605227520,2019-08-04T00:21:50.000Z,BTS Photo of Mera reading @nfergus incredible book Empire on set of Aquaman https://t.co/NrWm3SzKYC I love this pic of me enjoying my (pre-Jason-removed-pages) book soaking wet,76,53,731,6,Twitter for iPhone,en,"Los Angeles, CA",2016-12-08T23:26:58.000Z,https://pbs.twimg.com/profile_images/1383196364792680448/N8CdupEu_normal.jpg,190338,220,1149,567,https://t.co/Ze18Ek9SOI,807003567605227520,Amber Heard,realamberheard,"Actor and Activist, semi-professional disruptor, ice cream advocate and shameless teacup yorkie-lover",,2018-11-15T05:55:50.000Z,https://pbs.twimg.com/profile_images/1485781383360483334/CKGFuDmZ_normal.jpg,73,105,3021,0,,1062947259929804800,Sophie Ruess,RuessSophie,"I believe Johnny Depp. I'm also a humanist, movie advocate, and shameless dog lover. Be nice, or I will block you. Instagram: https://t.co/1AnuzM21FV","[{'start': 43, 'end': 49, 'probability': 0.4731, 'type': 'Place', 'normalized_text': 'El Paso'}, {'start': 66, 'end': 70, 'probability': 0.9596, 'type': 'Person', 'normalized_text': 'Amber'}, {'start': 114, 'end': 120, 'probability': 0.5439, 'type': 'Person', 'normalized_text': 'Aquaman'}]"
"[{'type': 'retweeted', 'id': '1157834106320744448'}]",1157860944715718656,2243934452,2019-08-04T03:48:55.000Z,RT @nfergus: My life is complete. https://t.co/7MMaUQyYpc,Twitter for iPhone,en,"[{'start': 34, 'end': 57, 'url': 'https://t.co/7MMaUQyYpc', 'expanded_url': 'https://twitter.com/realamberheard/status/1157808828382973952', 'display_url': 'twitter.com/realamberheard…'}]","[{'start': 3, 'end': 11, 'username': 'nfergus', 'id': '49279876'}]",9,0,0,0,1157808828382973952,"[{'start': 0, 'end': 2, 'probability': 0.6704, 'type': 'Organization', 'normalized_text': 'BTS'}, {'start': 68, 'end': 74, 'probability': 0.36, 'type': 'Person', 'normalized_text': 'Aquaman'}, {'start': 139, 'end': 143, 'probability': 0.7989, 'type': 'Person', 'normalized_text': 'Jason'}]","[{'start': 76, 'end': 99, 'url': 'https://t.co/NrWm3SzKYC', 'expanded_url': 'https://heroichollywood.com/amber-heard-mera-aquaman-makeup/#.XUYh14uBhHM.twitter', 'display_url': 'heroichollywood.com/amber-heard-me…', 'status': 200, 'unwound_url': 'https://heroichollywood.com/mera-amber-heard-aquaman-pic-makeup/'}]","[{'start': 26, 'end': 34, 'username': 'nfergus', 'id': '49279876'}]",807003567605227520,2019-08-04T00:21:50.000Z,BTS Photo of Mera reading @nfergus incredible book Empire on set of Aquaman https://t.co/NrWm3SzKYC I love this pic of me enjoying my (pre-Jason-removed-pages) book soaking wet,76,53,731,6,Twitter for iPhone,en,"Los Angeles, CA",2016-12-08T23:26:58.000Z,https://pbs.twimg.com/profile_images/1383196364792680448/N8CdupEu_normal.jpg,190338,220,1149,567,https://t.co/Ze18Ek9SOI,807003567605227520,Amber Heard,realamberheard,"Actor and Activist, semi-professional disruptor, ice cream advocate and shameless teacup yorkie-lover",,2013-12-13T13:45:03.000Z,https://pbs.twimg.com/profile_images/1343525648988434434/CwHwsDOU_normal.jpg,617,315,68737,4,,2243934452,Geoffrey Tobin,grdtobin,"Product of geography and history, student of mathematics, computing, physics and electronics, tutor.",
"[{'type': 'retweeted', 'id': '1157834106320744448'}]",1157856923993034752,17692762,2019-08-04T03:32:57.000Z,RT @nfergus: My life is complete. https://t.co/7MMaUQyYpc,Twitterrific for iOS,en,"[{'start': 34, 'end': 57, 'url': 'https://t.co/7MMaUQyYpc', 'expanded_url': 'https://twitter.com/realamberheard/status/1157808828382973952', 'display_url': 'twitter.com/realamberheard…'}]","[{'start': 3, 'end': 11, 'username': 'nfergus', 'id': '49279876'}]",9,0,0,0,1157808828382973952,"[{'start': 0, 'end': 2, 'probability': 0.6704, 'type': 'Organization', 'normalized_text': 'BTS'}, {'start': 68, 'end': 74, 'probability': 0.36, 'type': 'Person', 'normalized_text': 'Aquaman'}, {'start': 139, 'end': 143, 'probability': 0.7989, 'type': 'Person', 'normalized_text': 'Jason'}]","[{'start': 76, 'end': 99, 'url': 'https://t.co/NrWm3SzKYC', 'expanded_url': 'https://heroichollywood.com/amber-heard-mera-aquaman-makeup/#.XUYh14uBhHM.twitter', 'display_url': 'heroichollywood.com/amber-heard-me…', 'status': 200, 'unwound_url': 'https://heroichollywood.com/mera-amber-heard-aquaman-pic-makeup/'}]","[{'start': 26, 'end': 34, 'username': 'nfergus', 'id': '49279876'}]",807003567605227520,2019-08-04T00:21:50.000Z,BTS Photo of Mera reading @nfergus incredible book Empire on set of Aquaman https://t.co/NrWm3SzKYC I love this pic of me enjoying my (pre-Jason-removed-pages) book soaking wet,76,53,731,6,Twitter for iPhone,en,"Los Angeles, CA",2016-12-08T23:26:58.000Z,https://pbs.twimg.com/profile_images/1383196364792680448/N8CdupEu_normal.jpg,190338,220,1149,567,https://t.co/Ze18Ek9SOI,807003567605227520,Amber Heard,realamberheard,"Actor and Activist, semi-professional disruptor, ice cream advocate and shameless teacup yorkie-lover",,2008-11-27T23:19:16.000Z,https://pbs.twimg.com/profile_images/857609714863153153/cUSLXZh8_normal.jpg,209,602,12079,6,,17692762,spsammy,spsammy,"Born in Asia, Raised in Scotland. Lived in several EU countries. Economic realist.",
"[{'type': 'retweeted', 'id': '1157834106320744448'}]",1157855324805709829,54335195,2019-08-04T03:26:36.000Z,RT @nfergus: My life is complete. https://t.co/7MMaUQyYpc,Twitter for Android,en,"[{'start': 34, 'end': 57, 'url': 'https://t.co/7MMaUQyYpc', 'expanded_url': 'https://twitter.com/realamberheard/status/1157808828382973952', 'display_url': 'twitter.com/realamberheard…'}]","[{'start': 3, 'end': 11, 'username': 'nfergus', 'id': '49279876'}]",9,0,0,0,1157808828382973952,"[{'start': 0, 'end': 2, 'probability': 0.6704, 'type': 'Organization', 'normalized_text': 'BTS'}, {'start': 68, 'end': 74, 'probability': 0.36, 'type': 'Person', 'normalized_text': 'Aquaman'}, {'start': 139, 'end': 143, 'probability': 0.7989, 'type': 'Person', 'normalized_text': 'Jason'}]","[{'start': 76, 'end': 99, 'url': 'https://t.co/NrWm3SzKYC', 'expanded_url': 'https://heroichollywood.com/amber-heard-mera-aquaman-makeup/#.XUYh14uBhHM.twitter', 'display_url': 'heroichollywood.com/amber-heard-me…', 'status': 200, 'unwound_url': 'https://heroichollywood.com/mera-amber-heard-aquaman-pic-makeup/'}]","[{'start': 26, 'end': 34, 'username': 'nfergus', 'id': '49279876'}]",807003567605227520,2019-08-04T00:21:50.000Z,BTS Photo of Mera reading @nfergus incredible book Empire on set of Aquaman https://t.co/NrWm3SzKYC I love this pic of me enjoying my (pre-Jason-removed-pages) book soaking wet,76,53,731,6,Twitter for iPhone,en,"Los Angeles, CA",2016-12-08T23:26:58.000Z,https://pbs.twimg.com/profile_images/1383196364792680448/N8CdupEu_normal.jpg,190338,220,1149,567,https://t.co/Ze18Ek9SOI,807003567605227520,Amber Heard,realamberheard,"Actor and Activist, semi-professional disruptor, ice cream advocate and shameless teacup yorkie-lover","Sao Paulo, Brazil",2009-07-06T21:14:25.000Z,https://pbs.twimg.com/profile_images/1488250380664324101/PnvU5QIs_normal.jpg,327,1433,6780,12,,54335195,Evan,evanildo_,"physicist, data scientist, i want to know the codes that run the universe (and everything inside).",
"[{'type': 'retweeted', 'id': '1157834106320744448'}]",1157854124450308096,608804349,2019-08-04T03:21:49.000Z,RT @nfergus: My life is complete. https://t.co/7MMaUQyYpc,Twitter for iPhone,en,"[{'start': 34, 'end': 57, 'url': 'https://t.co/7MMaUQyYpc', 'expanded_url': 'https://twitter.com/realamberheard/status/1157808828382973952', 'display_url': 'twitter.com/realamberheard…'}]","[{'start': 3, 'end': 11, 'username': 'nfergus', 'id': '49279876'}]",9,0,0,0,1157808828382973952,"[{'start': 0, 'end': 2, 'probability': 0.6704, 'type': 'Organization', 'normalized_text': 'BTS'}, {'start': 68, 'end': 74, 'probability': 0.36, 'type': 'Person', 'normalized_text': 'Aquaman'}, {'start': 139, 'end': 143, 'probability': 0.7989, 'type': 'Person', 'normalized_text': 'Jason'}]","[{'start': 76, 'end': 99, 'url': 'https://t.co/NrWm3SzKYC', 'expanded_url': 'https://heroichollywood.com/amber-heard-mera-aquaman-makeup/#.XUYh14uBhHM.twitter', 'display_url': 'heroichollywood.com/amber-heard-me…', 'status': 200, 'unwound_url': 'https://heroichollywood.com/mera-amber-heard-aquaman-pic-makeup/'}]","[{'start': 26, 'end': 34, 'username': 'nfergus', 'id': '49279876'}]",807003567605227520,2019-08-04T00:21:50.000Z,BTS Photo of Mera reading @nfergus incredible book Empire on set of Aquaman https://t.co/NrWm3SzKYC I love this pic of me enjoying my (pre-Jason-removed-pages) book soaking wet,76,53,731,6,Twitter for iPhone,en,"Los Angeles, CA",2016-12-08T23:26:58.000Z,https://pbs.twimg.com/profile_images/1383196364792680448/N8CdupEu_normal.jpg,190338,220,1149,567,https://t.co/Ze18Ek9SOI,807003567605227520,Amber Heard,realamberheard,"Actor and Activist, semi-professional disruptor, ice cream advocate and shameless teacup yorkie-lover","Utah, USA",2012-06-15T03:07:52.000Z,https://pbs.twimg.com/profile_images/1327010460164530176/4_qsme4K_normal.jpg,379,411,10672,5,https://t.co/NMbIcAjlpb,608804349,J. D. Peterson,JakePeterson32,Uruguay Montevideo Mission June 2014-16 | Eagle Scout | UofU BA History '18 | @Ashland_Univ @AshbrookCenter MAHG ‘20 | Best podcast: @HardcoreHistory,
"[{'type': 'quoted', 'id': '1157808828382973952'}]",1157840137960579073,1148124909761024000,2019-08-04T02:26:15.000Z,My goddess is so cute and stunning https://t.co/Izo7sE3MGa,Twitter for iPhone,en,"[{'start': 35, 'end': 58, 'url': 'https://t.co/Izo7sE3MGa', 'expanded_url': 'https://twitter.com/realamberheard/status/1157808828382973952', 'display_url': 'twitter.com/realamberheard…'}]",,0,0,0,0,1157808828382973952,"[{'start': 0, 'end': 2, 'probability': 0.6704, 'type': 'Organization', 'normalized_text': 'BTS'}, {'start': 68, 'end': 74, 'probability': 0.36, 'type': 'Person', 'normalized_text': 'Aquaman'}, {'start': 139, 'end': 143, 'probability': 0.7989, 'type': 'Person', 'normalized_text': 'Jason'}]","[{'start': 76, 'end': 99, 'url': 'https://t.co/NrWm3SzKYC', 'expanded_url': 'https://heroichollywood.com/amber-heard-mera-aquaman-makeup/#.XUYh14uBhHM.twitter', 'display_url': 'heroichollywood.com/amber-heard-me…', 'status': 200, 'unwound_url': 'https://heroichollywood.com/mera-amber-heard-aquaman-pic-makeup/'}]","[{'start': 26, 'end': 34, 'username': 'nfergus', 'id': '49279876'}]",807003567605227520,2019-08-04T00:21:50.000Z,BTS Photo of Mera reading @nfergus incredible book Empire on set of Aquaman https://t.co/NrWm3SzKYC I love this pic of me enjoying my (pre-Jason-removed-pages) book soaking wet,76,53,731,6,Twitter for iPhone,en,"Los Angeles, CA",2016-12-08T23:26:58.000Z,https://pbs.twimg.com/profile_images/1383196364792680448/N8CdupEu_normal.jpg,190338,220,1149,567,https://t.co/Ze18Ek9SOI,807003567605227520,Amber Heard,realamberheard,"Actor and Activist, semi-professional disruptor, ice cream advocate and shameless teacup yorkie-lover",,2019-07-08T07:01:24.000Z,https://pbs.twimg.com/profile_images/1148468926310830086/WWr2Eqp0_normal.jpg,0,7,64,0,,1148124909761024000,charlies,charlie30692474,"love Charlie puth’s song and amber heard everything ,and love Spider-Man best",
"[{'type': 'quoted', 'id': '1157808828382973952'}]",1157834106320744448,49279876,2019-08-04T02:02:17.000Z,My life is complete. https://t.co/7MMaUQyYpc,Twitter for iPhone,en,"[{'start': 21, 'end': 44, 'url': 'https://t.co/7MMaUQyYpc', 'expanded_url': 'https://twitter.com/realamberheard/status/1157808828382973952', 'display_url': 'twitter.com/realamberheard…'}]",,9,11,105,1,1157808828382973952,"[{'start': 0, 'end': 2, 'probability': 0.6704, 'type': 'Organization', 'normalized_text': 'BTS'}, {'start': 68, 'end': 74, 'probability': 0.36, 'type': 'Person', 'normalized_text': 'Aquaman'}, {'start': 139, 'end': 143, 'probability': 0.7989, 'type': 'Person', 'normalized_text': 'Jason'}]","[{'start': 76, 'end': 99, 'url': 'https://t.co/NrWm3SzKYC', 'expanded_url': 'https://heroichollywood.com/amber-heard-mera-aquaman-makeup/#.XUYh14uBhHM.twitter', 'display_url': 'heroichollywood.com/amber-heard-me…', 'status': 200, 'unwound_url': 'https://heroichollywood.com/mera-amber-heard-aquaman-pic-makeup/'}]","[{'start': 26, 'end': 34, 'username': 'nfergus', 'id': '49279876'}]",807003567605227520,2019-08-04T00:21:50.000Z,BTS Photo of Mera reading @nfergus incredible book Empire on set of Aquaman https://t.co/NrWm3SzKYC I love this pic of me enjoying my (pre-Jason-removed-pages) book soaking wet,76,53,731,6,Twitter for iPhone,en,"Los Angeles, CA",2016-12-08T23:26:58.000Z,https://pbs.twimg.com/profile_images/1383196364792680448/N8CdupEu_normal.jpg,190338,220,1149,567,https://t.co/Ze18Ek9SOI,807003567605227520,Amber Heard,realamberheard,"Actor and Activist, semi-professional disruptor, ice cream advocate and shameless teacup yorkie-lover","Stanford, CA",2009-06-21T09:41:56.000Z,https://pbs.twimg.com/profile_images/1364412684947480578/Ugm3a5sv_normal.jpg,250473,854,5437,4118,https://t.co/NgOpBohRXw,49279876,Niall Ferguson,nfergus,"International man of history. Author, @HooverInst senior fellow, @bopinion columnist. Latest book, DOOM: The Politics of Catastrophe (Penguin). Opinions my own.",
"[{'type': 'quoted', 'id': '1157808828382973952'}]",1157817765329158146,3216078659,2019-08-04T00:57:21.000Z,"You just look stunning and absolutely slays as Mera, you're simply perfect for portraying a badass/kick-ass female superhero!🌊🌊🌊🌊🌊🌊 https://t.co/hL4Y1JKIfI",Twitter Web App,en,"[{'start': 132, 'end': 155, 'url': 'https://t.co/hL4Y1JKIfI', 'expanded_url': 'https://twitter.com/realamberheard/status/1157808828382973952', 'display_url': 'twitter.com/realamberheard…'}]",,0,0,0,0,1157808828382973952,"[{'start': 0, 'end': 2, 'probability': 0.6704, 'type': 'Organization', 'normalized_text': 'BTS'}, {'start': 68, 'end': 74, 'probability': 0.36, 'type': 'Person', 'normalized_text': 'Aquaman'}, {'start': 139, 'end': 143, 'probability': 0.7989, 'type': 'Person', 'normalized_text': 'Jason'}]","[{'start': 76, 'end': 99, 'url': 'https://t.co/NrWm3SzKYC', 'expanded_url': 'https://heroichollywood.com/amber-heard-mera-aquaman-makeup/#.XUYh14uBhHM.twitter', 'display_url': 'heroichollywood.com/amber-heard-me…', 'status': 200, 'unwound_url': 'https://heroichollywood.com/mera-amber-heard-aquaman-pic-makeup/'}]","[{'start': 26, 'end': 34, 'username': 'nfergus', 'id': '49279876'}]",807003567605227520,2019-08-04T00:21:50.000Z,BTS Photo of Mera reading @nfergus incredible book Empire on set of Aquaman https://t.co/NrWm3SzKYC I love this pic of me enjoying my (pre-Jason-removed-pages) book soaking wet,76,53,731,6,Twitter for iPhone,en,"Los Angeles, CA",2016-12-08T23:26:58.000Z,https://pbs.twimg.com/profile_images/1383196364792680448/N8CdupEu_normal.jpg,190338,220,1149,567,https://t.co/Ze18Ek9SOI,807003567605227520,Amber Heard,realamberheard,"Actor and Activist, semi-professional disruptor, ice cream advocate and shameless teacup yorkie-lover",,2015-04-28T07:17:35.000Z,https://pbs.twimg.com/profile_images/1501219816522219520/SQVX3N2b_normal.jpg,1465,1323,163095,17,,3216078659,GGCIR8991,GGCIR8991,"On the internet, you can be pretty much anything you want, it's just kinda weird that so many people choose to be idiots and assholes","[{'start': 47, 'end': 50, 'probability': 0.4945, 'type': 'Person', 'normalized_text': 'Mera'}]"
