referenced_tweets,id,lang,text,created_at,source,author_id,entities.urls,public_metrics.retweet_count,public_metrics.reply_count,public_metrics.like_count,public_metrics.quote_count,quoted_tweet.id,quoted_tweet.lang,quoted_tweet.text,quoted_tweet.created_at,quoted_tweet.source,quoted_tweet.author_id,quoted_tweet.entities.urls,quoted_tweet.public_metrics.retweet_count,quoted_tweet.public_metrics.reply_count,quoted_tweet.public_metrics.like_count,quoted_tweet.public_metrics.quote_count,quoted_tweet.author.public_metrics.followers_count,quoted_tweet.author.public_metrics.following_count,quoted_tweet.author.public_metrics.tweet_count,quoted_tweet.author.public_metrics.listed_count,quoted_tweet.author.created_at,quoted_tweet.author.id,quoted_tweet.author.location,quoted_tweet.author.name,quoted_tweet.author.profile_image_url,quoted_tweet.author.username,quoted_tweet.author.url,quoted_tweet.author.description,author.public_metrics.followers_count,author.public_metrics.following_count,author.public_metrics.tweet_count,author.public_metrics.listed_count,author.created_at,author.id,author.location,author.name,author.profile_image_url,author.username,author.url,author.description
"[{'type': 'quoted', 'id': '1159203196348305414'}]",1171353563101925376,en,"Yoga is used in modern medicine and traditional medicine 
it is a therapeutic healing operative physical mental spiritual and emotional movement 
I am YTeacher I 've  worked Physiotherapy I ve taught Recreational therapy I highly recommend it 4 better health https://t.co/hCxGiRocqq https://t.co/N0fx9uKCcX",2019-09-10T09:23:46.000Z,Twitter Web App,1037891285695119360,"[{'start': 259, 'end': 282, 'url': 'https://t.co/hCxGiRocqq', 'expanded_url': 'https://twitter.com/RaeZola3/status/1171353563101925376/photo/1', 'display_url': 'pic.twitter.com/hCxGiRocqq'}, {'start': 283, 'end': 306, 'url': 'https://t.co/N0fx9uKCcX', 'expanded_url': 'https://twitter.com/realamberheard/status/1159203196348305414', 'display_url': 'twitter.com/realamberheard…'}]",0,0,1,0,1159203196348305414,en,I’ve always said yoga is just dramatic stretching https://t.co/PN8g9wCpwi,2019-08-07T20:42:33.000Z,Twitter for iPhone,807003567605227520,"[{'start': 50, 'end': 73, 'url': 'https://t.co/PN8g9wCpwi', 'expanded_url': 'https://twitter.com/realamberheard/status/1159203196348305414/photo/1', 'display_url': 'pic.twitter.com/PN8g9wCpwi'}]",44,38,662,3,190338,220,1149,567,2016-12-08T23:26:58.000Z,807003567605227520,"Los Angeles, CA",Amber Heard,https://pbs.twimg.com/profile_images/1383196364792680448/N8CdupEu_normal.jpg,realamberheard,https://t.co/Ze18Ek9SOI,"Actor and Activist, semi-professional disruptor, ice cream advocate and shameless teacup yorkie-lover",424,1925,4173,1,2018-09-07T02:32:20.000Z,1037891285695119360,Abbostford BC,raeraeDAWN,https://pbs.twimg.com/profile_images/1424027338593816579/pAF7CAOO_normal.jpg,RaeZola3,,"..Indigenous Metis . Musician Singer Songwriter Activist  Artist Claiming the Land ,Indigo hybrid Star Child.MMIW Justice for the red dress /Bear Medicine"
"[{'type': 'quoted', 'id': '1159203196348305414'}]",1159220324371615744,en,"It's the adoption of specific bodily posture, which also includes breath control and simple meditation. https://t.co/UKOymkO7xa",2019-08-07T21:50:37.000Z,Twitter Web App,3216078659,"[{'start': 104, 'end': 127, 'url': 'https://t.co/UKOymkO7xa', 'expanded_url': 'https://twitter.com/realamberheard/status/1159203196348305414', 'display_url': 'twitter.com/realamberheard…'}]",0,0,0,0,1159203196348305414,en,I’ve always said yoga is just dramatic stretching https://t.co/PN8g9wCpwi,2019-08-07T20:42:33.000Z,Twitter for iPhone,807003567605227520,"[{'start': 50, 'end': 73, 'url': 'https://t.co/PN8g9wCpwi', 'expanded_url': 'https://twitter.com/realamberheard/status/1159203196348305414/photo/1', 'display_url': 'pic.twitter.com/PN8g9wCpwi'}]",44,38,662,3,190338,220,1149,567,2016-12-08T23:26:58.000Z,807003567605227520,"Los Angeles, CA",Amber Heard,https://pbs.twimg.com/profile_images/1383196364792680448/N8CdupEu_normal.jpg,realamberheard,https://t.co/Ze18Ek9SOI,"Actor and Activist, semi-professional disruptor, ice cream advocate and shameless teacup yorkie-lover",1465,1323,163095,17,2015-04-28T07:17:35.000Z,3216078659,,GGCIR8991,https://pbs.twimg.com/profile_images/1501219816522219520/SQVX3N2b_normal.jpg,GGCIR8991,,"On the internet, you can be pretty much anything you want, it's just kinda weird that so many people choose to be idiots and assholes"
