id,source,lang,text,referenced_tweets,author_id,created_at,public_metrics.retweet_count,public_metrics.reply_count,public_metrics.like_count,public_metrics.quote_count,entities.urls,quoted_tweet.id,quoted_tweet.source,quoted_tweet.lang,quoted_tweet.text,quoted_tweet.public_metrics.retweet_count,quoted_tweet.public_metrics.reply_count,quoted_tweet.public_metrics.like_count,quoted_tweet.public_metrics.quote_count,quoted_tweet.entities.urls,quoted_tweet.entities.mentions,quoted_tweet.entities.annotations,quoted_tweet.author_id,quoted_tweet.created_at,quoted_tweet.author.location,quoted_tweet.author.profile_image_url,quoted_tweet.author.name,quoted_tweet.author.username,quoted_tweet.author.created_at,quoted_tweet.author.id,quoted_tweet.author.public_metrics.followers_count,quoted_tweet.author.public_metrics.following_count,quoted_tweet.author.public_metrics.tweet_count,quoted_tweet.author.public_metrics.listed_count,quoted_tweet.author.url,quoted_tweet.author.description,author.location,author.profile_image_url,author.name,author.username,author.created_at,author.id,author.public_metrics.followers_count,author.public_metrics.following_count,author.public_metrics.tweet_count,author.public_metrics.listed_count,author.url,author.description,entities.hashtags,entities.annotations
1175454072708550656,Twitter for Android,en,What heroes are made of. https://t.co/jzhyPFnLo7,"[{'type': 'quoted', 'id': '1174757768298811392'}]",2173687154,2019-09-21T16:57:44.000Z,0,0,0,0,"[{'start': 25, 'end': 48, 'url': 'https://t.co/jzhyPFnLo7', 'expanded_url': 'https://twitter.com/realamberheard/status/1174757768298811392', 'display_url': 'twitter.com/realamberheard…'}]",1174757768298811392,Twitter Web Client,en,"Amber Heard, Mark Ruffalo support worldwide fracking ban https://t.co/q3EcLzpU6d via @upi",67,26,649,3,"[{'start': 57, 'end': 80, 'url': 'https://t.co/q3EcLzpU6d', 'expanded_url': 'https://upi.com/6940778t', 'display_url': 'upi.com/6940778t', 'status': 200, 'unwound_url': 'https://www.upi.com/Entertainment_News/2019/09/19/Amber-Heard-Mark-Ruffalo-support-worldwide-fracking-ban/9181568900963/?spt=su&or=btn_tw'}]","[{'start': 85, 'end': 89, 'username': 'UPI', 'id': '16666806'}]","[{'start': 0, 'end': 10, 'probability': 0.6817, 'type': 'Person', 'normalized_text': 'Amber Heard'}, {'start': 13, 'end': 24, 'probability': 0.9822, 'type': 'Person', 'normalized_text': 'Mark Ruffalo'}]",807003567605227520,2019-09-19T18:50:52.000Z,"Los Angeles, CA",https://pbs.twimg.com/profile_images/1383196364792680448/N8CdupEu_normal.jpg,Amber Heard,realamberheard,2016-12-08T23:26:58.000Z,807003567605227520,190338,220,1149,567,https://t.co/Ze18Ek9SOI,"Actor and Activist, semi-professional disruptor, ice cream advocate and shameless teacup yorkie-lover","Vancouver, British Columbia",https://pbs.twimg.com/profile_images/1349164638131294208/-Y0z4Cao_normal.jpg,Frosted Siren Books,FrostSirenBooks,2013-11-04T09:36:06.000Z,2173687154,516,565,3042,8,https://t.co/oLuiptqXzJ,"Follow for updates and shitposts about Katelynn Alexandrea's book series, Fae Noir, Guardian Harmony & Red Hood Rising.",,
1174884319334002688,Twitter for Android,en,"Scamber Turd will jump on ANYTHING to try and stay relevant before court obliterates her.
#February2020
#AmberHeardAbusedJohnnyDepp 
#Amberheardisanabuser
#justiceforjohnnydepp https://t.co/pjvsRrqXz8","[{'type': 'quoted', 'id': '1174757768298811392'}]",1139879876834418688,2019-09-20T03:13:44.000Z,0,0,1,0,"[{'start': 177, 'end': 200, 'url': 'https://t.co/pjvsRrqXz8', 'expanded_url': 'https://twitter.com/realamberheard/status/1174757768298811392', 'display_url': 'twitter.com/realamberheard…'}]",1174757768298811392,Twitter Web Client,en,"Amber Heard, Mark Ruffalo support worldwide fracking ban https://t.co/q3EcLzpU6d via @upi",67,26,649,3,"[{'start': 57, 'end': 80, 'url': 'https://t.co/q3EcLzpU6d', 'expanded_url': 'https://upi.com/6940778t', 'display_url': 'upi.com/6940778t', 'status': 200, 'unwound_url': 'https://www.upi.com/Entertainment_News/2019/09/19/Amber-Heard-Mark-Ruffalo-support-worldwide-fracking-ban/9181568900963/?spt=su&or=btn_tw'}]","[{'start': 85, 'end': 89, 'username': 'UPI', 'id': '16666806'}]","[{'start': 0, 'end': 10, 'probability': 0.6817, 'type': 'Person', 'normalized_text': 'Amber Heard'}, {'start': 13, 'end': 24, 'probability': 0.9822, 'type': 'Person', 'normalized_text': 'Mark Ruffalo'}]",807003567605227520,2019-09-19T18:50:52.000Z,"Los Angeles, CA",https://pbs.twimg.com/profile_images/1383196364792680448/N8CdupEu_normal.jpg,Amber Heard,realamberheard,2016-12-08T23:26:58.000Z,807003567605227520,190338,220,1149,567,https://t.co/Ze18Ek9SOI,"Actor and Activist, semi-professional disruptor, ice cream advocate and shameless teacup yorkie-lover",,https://pbs.twimg.com/profile_images/1147046938627301377/N_tdYHWz_normal.jpg,EffervescentlyTired😴🌌,EffervescentlyT,2019-06-15T12:58:35.000Z,1139879876834418688,14,100,4047,0,,Tired. Angry. Almost 30. The 20's came back and brought all the bullshit with it 🍾😩,"[{'start': 90, 'end': 103, 'tag': 'February2020'}, {'start': 104, 'end': 131, 'tag': 'AmberHeardAbusedJohnnyDepp'}, {'start': 133, 'end': 154, 'tag': 'Amberheardisanabuser'}, {'start': 155, 'end': 176, 'tag': 'justiceforjohnnydepp'}]","[{'start': 0, 'end': 11, 'probability': 0.5971, 'type': 'Person', 'normalized_text': 'Scamber Turd'}]"
1174761694180126720,Twitter for iPad,en,Awesome!👍🏻 https://t.co/V8QwcFDl9k,"[{'type': 'quoted', 'id': '1174757768298811392'}]",135503306,2019-09-19T19:06:28.000Z,0,0,0,0,"[{'start': 11, 'end': 34, 'url': 'https://t.co/V8QwcFDl9k', 'expanded_url': 'https://twitter.com/realamberheard/status/1174757768298811392', 'display_url': 'twitter.com/realamberheard…'}]",1174757768298811392,Twitter Web Client,en,"Amber Heard, Mark Ruffalo support worldwide fracking ban https://t.co/q3EcLzpU6d via @upi",67,26,649,3,"[{'start': 57, 'end': 80, 'url': 'https://t.co/q3EcLzpU6d', 'expanded_url': 'https://upi.com/6940778t', 'display_url': 'upi.com/6940778t', 'status': 200, 'unwound_url': 'https://www.upi.com/Entertainment_News/2019/09/19/Amber-Heard-Mark-Ruffalo-support-worldwide-fracking-ban/9181568900963/?spt=su&or=btn_tw'}]","[{'start': 85, 'end': 89, 'username': 'UPI', 'id': '16666806'}]","[{'start': 0, 'end': 10, 'probability': 0.6817, 'type': 'Person', 'normalized_text': 'Amber Heard'}, {'start': 13, 'end': 24, 'probability': 0.9822, 'type': 'Person', 'normalized_text': 'Mark Ruffalo'}]",807003567605227520,2019-09-19T18:50:52.000Z,"Los Angeles, CA",https://pbs.twimg.com/profile_images/1383196364792680448/N8CdupEu_normal.jpg,Amber Heard,realamberheard,2016-12-08T23:26:58.000Z,807003567605227520,190338,220,1149,567,https://t.co/Ze18Ek9SOI,"Actor and Activist, semi-professional disruptor, ice cream advocate and shameless teacup yorkie-lover",UK,https://pbs.twimg.com/profile_images/843269468/gnm_normal.jpg,Gary Morgan,RossoRacer,2010-04-21T13:50:00.000Z,135503306,66,199,3417,11,,"Synthesist & Lotus fan. Redhead. Composer, sound & VST designer/beta tester, web designer, gamer, satirist, Zythologist, pool player, juggler & skier.",,
