text,source,referenced_tweets,lang,id,created_at,author_id,public_metrics.retweet_count,public_metrics.reply_count,public_metrics.like_count,public_metrics.quote_count,entities.urls,quoted_tweet.text,quoted_tweet.source,quoted_tweet.referenced_tweets,quoted_tweet.public_metrics.retweet_count,quoted_tweet.public_metrics.reply_count,quoted_tweet.public_metrics.like_count,quoted_tweet.public_metrics.quote_count,quoted_tweet.lang,quoted_tweet.id,quoted_tweet.created_at,quoted_tweet.entities.annotations,quoted_tweet.entities.urls,quoted_tweet.entities.hashtags,quoted_tweet.author_id,quoted_tweet.author.public_metrics.followers_count,quoted_tweet.author.public_metrics.following_count,quoted_tweet.author.public_metrics.tweet_count,quoted_tweet.author.public_metrics.listed_count,quoted_tweet.author.location,quoted_tweet.author.profile_image_url,quoted_tweet.author.url,quoted_tweet.author.username,quoted_tweet.author.description,quoted_tweet.author.id,quoted_tweet.author.name,quoted_tweet.author.created_at,author.public_metrics.followers_count,author.public_metrics.following_count,author.public_metrics.tweet_count,author.public_metrics.listed_count,author.location,author.profile_image_url,author.url,author.username,author.description,author.id,author.name,author.created_at,entities.hashtags,entities.annotations
What the actual fuck https://t.co/x06p68Noa7,Twitter for iPhone,"[{'type': 'quoted', 'id': '1174785709955141632'}]",en,1174992212179992576,2019-09-20T10:22:28.000Z,532708458,0,0,0,0,"[{'start': 21, 'end': 44, 'url': 'https://t.co/x06p68Noa7', 'expanded_url': 'https://twitter.com/realamberheard/status/1174785709955141632', 'display_url': 'twitter.com/realamberheard…'}]",Im honored to being joining the #WEday UN lineup next week.... see you in NYC ! https://t.co/LXuB882iSj,Twitter Web App,"[{'type': 'quoted', 'id': '1174357217014951938'}]",37,30,438,4,en,1174785709955141632,2019-09-19T20:41:54.000Z,"[{'start': 74, 'end': 76, 'probability': 0.9895, 'type': 'Place', 'normalized_text': 'NYC'}]","[{'start': 80, 'end': 103, 'url': 'https://t.co/LXuB882iSj', 'expanded_url': 'https://twitter.com/WEMovement/status/1174357217014951938', 'display_url': 'twitter.com/WEMovement/sta…'}]","[{'start': 32, 'end': 38, 'tag': 'WEday'}]",807003567605227520,190338,220,1149,567,"Los Angeles, CA",https://pbs.twimg.com/profile_images/1383196364792680448/N8CdupEu_normal.jpg,https://t.co/Ze18Ek9SOI,realamberheard,"Actor and Activist, semi-professional disruptor, ice cream advocate and shameless teacup yorkie-lover",807003567605227520,Amber Heard,2016-12-08T23:26:58.000Z,164542,617,203257,151,FREE VIDEO  ➡️➡️,https://pbs.twimg.com/profile_images/1479981295509905408/TvPCcxSO_normal.jpg,https://t.co/TQzC4P843S,AmirahLeiaUK,This is my only account! https://t.co/DILZatGiSF • Instagram: AmirahLeiaUK • 0.4%,532708458,Amirah 👸🏼,2012-03-21T22:47:46.000Z,,
"Nobody else feels honored. Just a little sick.
#ScamberTurd
#AmberHeardAbusedJohnnyDepp 
#uglyhoforanuglyhoax https://t.co/2H51TfDDzb https://t.co/BlVufJN6ck",Twitter for Android,"[{'type': 'quoted', 'id': '1174785709955141632'}]",en,1174885225333026816,2019-09-20T03:17:20.000Z,1139879876834418688,0,0,0,0,"[{'start': 110, 'end': 133, 'url': 'https://t.co/2H51TfDDzb', 'expanded_url': 'https://twitter.com/EffervescentlyT/status/1174885225333026816/photo/1', 'display_url': 'pic.twitter.com/2H51TfDDzb'}, {'start': 134, 'end': 157, 'url': 'https://t.co/BlVufJN6ck', 'expanded_url': 'https://twitter.com/realamberheard/status/1174785709955141632', 'display_url': 'twitter.com/realamberheard…'}]",Im honored to being joining the #WEday UN lineup next week.... see you in NYC ! https://t.co/LXuB882iSj,Twitter Web App,"[{'type': 'quoted', 'id': '1174357217014951938'}]",37,30,438,4,en,1174785709955141632,2019-09-19T20:41:54.000Z,"[{'start': 74, 'end': 76, 'probability': 0.9895, 'type': 'Place', 'normalized_text': 'NYC'}]","[{'start': 80, 'end': 103, 'url': 'https://t.co/LXuB882iSj', 'expanded_url': 'https://twitter.com/WEMovement/status/1174357217014951938', 'display_url': 'twitter.com/WEMovement/sta…'}]","[{'start': 32, 'end': 38, 'tag': 'WEday'}]",807003567605227520,190338,220,1149,567,"Los Angeles, CA",https://pbs.twimg.com/profile_images/1383196364792680448/N8CdupEu_normal.jpg,https://t.co/Ze18Ek9SOI,realamberheard,"Actor and Activist, semi-professional disruptor, ice cream advocate and shameless teacup yorkie-lover",807003567605227520,Amber Heard,2016-12-08T23:26:58.000Z,14,100,4047,0,,https://pbs.twimg.com/profile_images/1147046938627301377/N_tdYHWz_normal.jpg,,EffervescentlyT,Tired. Angry. Almost 30. The 20's came back and brought all the bullshit with it 🍾😩,1139879876834418688,EffervescentlyTired😴🌌,2019-06-15T12:58:35.000Z,"[{'start': 47, 'end': 59, 'tag': 'ScamberTurd'}, {'start': 60, 'end': 87, 'tag': 'AmberHeardAbusedJohnnyDepp'}, {'start': 89, 'end': 109, 'tag': 'uglyhoforanuglyhoax'}]",
oh look here’s another chapter of “wish i lived in nyc” https://t.co/0CJbypKbB3,Twitter for iPhone,"[{'type': 'quoted', 'id': '1174785709955141632'}]",en,1174788070111100929,2019-09-19T20:51:17.000Z,3065762493,0,1,0,0,"[{'start': 56, 'end': 79, 'url': 'https://t.co/0CJbypKbB3', 'expanded_url': 'https://twitter.com/realamberheard/status/1174785709955141632', 'display_url': 'twitter.com/realamberheard…'}]",Im honored to being joining the #WEday UN lineup next week.... see you in NYC ! https://t.co/LXuB882iSj,Twitter Web App,"[{'type': 'quoted', 'id': '1174357217014951938'}]",37,30,438,4,en,1174785709955141632,2019-09-19T20:41:54.000Z,"[{'start': 74, 'end': 76, 'probability': 0.9895, 'type': 'Place', 'normalized_text': 'NYC'}]","[{'start': 80, 'end': 103, 'url': 'https://t.co/LXuB882iSj', 'expanded_url': 'https://twitter.com/WEMovement/status/1174357217014951938', 'display_url': 'twitter.com/WEMovement/sta…'}]","[{'start': 32, 'end': 38, 'tag': 'WEday'}]",807003567605227520,190338,220,1149,567,"Los Angeles, CA",https://pbs.twimg.com/profile_images/1383196364792680448/N8CdupEu_normal.jpg,https://t.co/Ze18Ek9SOI,realamberheard,"Actor and Activist, semi-professional disruptor, ice cream advocate and shameless teacup yorkie-lover",807003567605227520,Amber Heard,2016-12-08T23:26:58.000Z,2808,97,32673,29,Brasil,https://pbs.twimg.com/profile_images/1438347905304256512/kQoJOMWs_normal.jpg,https://t.co/YxZgLFMyeQ,heardverse,ur resident amber heard stan,3065762493,carol,2015-03-01T20:14:47.000Z,,"[{'start': 51, 'end': 53, 'probability': 0.8679, 'type': 'Place', 'normalized_text': 'nyc'}]"
