source,text,lang,created_at,author_id,referenced_tweets,id,public_metrics.retweet_count,public_metrics.reply_count,public_metrics.like_count,public_metrics.quote_count,entities.urls,entities.hashtags,quoted_tweet.source,quoted_tweet.text,quoted_tweet.lang,quoted_tweet.created_at,quoted_tweet.entities.mentions,quoted_tweet.entities.urls,quoted_tweet.public_metrics.retweet_count,quoted_tweet.public_metrics.reply_count,quoted_tweet.public_metrics.like_count,quoted_tweet.public_metrics.quote_count,quoted_tweet.author_id,quoted_tweet.id,quoted_tweet.author.username,quoted_tweet.author.location,quoted_tweet.author.public_metrics.followers_count,quoted_tweet.author.public_metrics.following_count,quoted_tweet.author.public_metrics.tweet_count,quoted_tweet.author.public_metrics.listed_count,quoted_tweet.author.name,quoted_tweet.author.url,quoted_tweet.author.id,quoted_tweet.author.created_at,quoted_tweet.author.profile_image_url,quoted_tweet.author.description,author.username,author.public_metrics.followers_count,author.public_metrics.following_count,author.public_metrics.tweet_count,author.public_metrics.listed_count,author.name,author.url,author.id,author.created_at,author.profile_image_url,author.description
Twitter for Android,"You would know a lot about being in your toes these days.
#amberheardabusedjohnnydepp 
#ScamberTurd 
#amberheardisover 
#justiceforjohnnydepp 
#TICKTOCK https://t.co/F0zcZzbx9M",en,2019-09-21T03:42:28.000Z,1139879876834418688,"[{'type': 'quoted', 'id': '1175169060293660673'}]",1175253938993369088,0,0,0,0,"[{'start': 153, 'end': 176, 'url': 'https://t.co/F0zcZzbx9M', 'expanded_url': 'https://twitter.com/realamberheard/status/1175169060293660673', 'display_url': 'twitter.com/realamberheard…'}]","[{'start': 58, 'end': 85, 'tag': 'amberheardabusedjohnnydepp'}, {'start': 87, 'end': 99, 'tag': 'ScamberTurd'}, {'start': 101, 'end': 118, 'tag': 'amberheardisover'}, {'start': 120, 'end': 141, 'tag': 'justiceforjohnnydepp'}, {'start': 143, 'end': 152, 'tag': 'TICKTOCK'}]",Twitter for iPhone,Dynamite comes in small packages. Get it girl! @GretaThunberg . Keep all those who tell you to sit down and shut up on their toes. It’s where they need to be https://t.co/CzoQ9Ak7EB,en,2019-09-20T22:05:12.000Z,"[{'start': 47, 'end': 61, 'username': 'GretaThunberg', 'id': '1006419421244678144'}]","[{'start': 158, 'end': 181, 'url': 'https://t.co/CzoQ9Ak7EB', 'expanded_url': 'https://www-m.cnn.com/2019/09/20/us/greta-thunberg-profile-weir/index.html', 'display_url': 'www-m.cnn.com/2019/09/20/us/…'}]",34,26,312,1,807003567605227520,1175169060293660673,realamberheard,"Los Angeles, CA",190338,220,1149,567,Amber Heard,https://t.co/Ze18Ek9SOI,807003567605227520,2016-12-08T23:26:58.000Z,https://pbs.twimg.com/profile_images/1383196364792680448/N8CdupEu_normal.jpg,"Actor and Activist, semi-professional disruptor, ice cream advocate and shameless teacup yorkie-lover",EffervescentlyT,14,100,4047,0,EffervescentlyTired😴🌌,,1139879876834418688,2019-06-15T12:58:35.000Z,https://pbs.twimg.com/profile_images/1147046938627301377/N_tdYHWz_normal.jpg,Tired. Angry. Almost 30. The 20's came back and brought all the bullshit with it 🍾😩
