referenced_tweets,id,source,lang,created_at,text,author_id,public_metrics.retweet_count,public_metrics.reply_count,public_metrics.like_count,public_metrics.quote_count,entities.hashtags,entities.urls,quoted_tweet.public_metrics.retweet_count,quoted_tweet.public_metrics.reply_count,quoted_tweet.public_metrics.like_count,quoted_tweet.public_metrics.quote_count,quoted_tweet.id,quoted_tweet.source,quoted_tweet.lang,quoted_tweet.entities.urls,quoted_tweet.entities.mentions,quoted_tweet.entities.annotations,quoted_tweet.created_at,quoted_tweet.text,quoted_tweet.author_id,quoted_tweet.author.description,quoted_tweet.author.profile_image_url,quoted_tweet.author.id,quoted_tweet.author.name,quoted_tweet.author.public_metrics.followers_count,quoted_tweet.author.public_metrics.following_count,quoted_tweet.author.public_metrics.tweet_count,quoted_tweet.author.public_metrics.listed_count,quoted_tweet.author.username,quoted_tweet.author.created_at,quoted_tweet.author.location,quoted_tweet.author.url,author.description,author.profile_image_url,author.id,author.name,author.public_metrics.followers_count,author.public_metrics.following_count,author.public_metrics.tweet_count,author.public_metrics.listed_count,author.username,author.created_at,author.url,entities.mentions,author.location
"[{'type': 'quoted', 'id': '1180186070366871552'}]",1180342034952966144,Twitter for Android,und,2019-10-05T04:40:45.000Z,#AmberHeard #abuser #AmberHeardIsAnAbuser #amberheardabusedjohnnydepp #justiceforjohnnydepp #JohnnyDepp https://t.co/z1r5nPAHw2 https://t.co/GlgHM7xfDZ,1139879876834418688,0,0,1,0,"[{'start': 0, 'end': 11, 'tag': 'AmberHeard'}, {'start': 12, 'end': 19, 'tag': 'abuser'}, {'start': 20, 'end': 41, 'tag': 'AmberHeardIsAnAbuser'}, {'start': 42, 'end': 69, 'tag': 'amberheardabusedjohnnydepp'}, {'start': 70, 'end': 91, 'tag': 'justiceforjohnnydepp'}, {'start': 92, 'end': 103, 'tag': 'JohnnyDepp'}]","[{'start': 104, 'end': 127, 'url': 'https://t.co/z1r5nPAHw2', 'expanded_url': 'https://twitter.com/EffervescentlyT/status/1180342034952966144/photo/1', 'display_url': 'pic.twitter.com/z1r5nPAHw2'}, {'start': 128, 'end': 151, 'url': 'https://t.co/GlgHM7xfDZ', 'expanded_url': 'https://twitter.com/realamberheard/status/1180186070366871552', 'display_url': 'twitter.com/realamberheard…'}]",11,22,214,2,1180186070366871552,Twitter Web App,en,"[{'start': 176, 'end': 199, 'url': 'https://t.co/7XIXHl4fXb', 'expanded_url': 'https://www.richarddawkins.net/tour/', 'display_url': 'richarddawkins.net/tour/', 'status': 200, 'unwound_url': 'https://richarddawkins.net/tour-videos/'}]","[{'start': 111, 'end': 126, 'username': 'RichardDawkins', 'id': '15143478'}]","[{'start': 79, 'end': 86, 'probability': 0.6439, 'type': 'Place', 'normalized_text': 'Mesa, AZ'}]",2019-10-04T18:21:00.000Z,"Such an unbelievable honor to have one of my dreams fulfilled. Come join me in Mesa, AZ on 10/16 for a convo w @RichardDawkins ..only a couple weeks left to get your tickets!! https://t.co/7XIXHl4fXb",807003567605227520,"Actor and Activist, semi-professional disruptor, ice cream advocate and shameless teacup yorkie-lover",https://pbs.twimg.com/profile_images/1383196364792680448/N8CdupEu_normal.jpg,807003567605227520,Amber Heard,190338,220,1149,567,realamberheard,2016-12-08T23:26:58.000Z,"Los Angeles, CA",https://t.co/Ze18Ek9SOI,Tired. Angry. Almost 30. The 20's came back and brought all the bullshit with it 🍾😩,https://pbs.twimg.com/profile_images/1147046938627301377/N_tdYHWz_normal.jpg,1139879876834418688,EffervescentlyTired😴🌌,14,100,4047,0,EffervescentlyT,2019-06-15T12:58:35.000Z,,,
"[{'type': 'quoted', 'id': '1180186070366871552'}]",1180204274552147968,Twitter for iPhone,en,2019-10-04T19:33:20.000Z,"Lol I need a book signing, photos, and watch speeches about #atheism #humanrights and who knows what #philosophy!!! 

I’m so excited! Going to see a #UN #HumanRights Ambassador in person! Plus by birthday week, hanging w my uncle in #Sedona

Loooove!! #AmberHeard @RichardDawkins https://t.co/ftaM2ftGvT",847762217546137600,0,0,2,0,"[{'start': 60, 'end': 68, 'tag': 'atheism'}, {'start': 69, 'end': 81, 'tag': 'humanrights'}, {'start': 101, 'end': 112, 'tag': 'philosophy'}, {'start': 149, 'end': 152, 'tag': 'UN'}, {'start': 153, 'end': 165, 'tag': 'HumanRights'}, {'start': 233, 'end': 240, 'tag': 'Sedona'}, {'start': 252, 'end': 263, 'tag': 'AmberHeard'}]","[{'start': 280, 'end': 303, 'url': 'https://t.co/ftaM2ftGvT', 'expanded_url': 'https://twitter.com/realamberheard/status/1180186070366871552', 'display_url': 'twitter.com/realamberheard…'}]",11,22,214,2,1180186070366871552,Twitter Web App,en,"[{'start': 176, 'end': 199, 'url': 'https://t.co/7XIXHl4fXb', 'expanded_url': 'https://www.richarddawkins.net/tour/', 'display_url': 'richarddawkins.net/tour/', 'status': 200, 'unwound_url': 'https://richarddawkins.net/tour-videos/'}]","[{'start': 111, 'end': 126, 'username': 'RichardDawkins', 'id': '15143478'}]","[{'start': 79, 'end': 86, 'probability': 0.6439, 'type': 'Place', 'normalized_text': 'Mesa, AZ'}]",2019-10-04T18:21:00.000Z,"Such an unbelievable honor to have one of my dreams fulfilled. Come join me in Mesa, AZ on 10/16 for a convo w @RichardDawkins ..only a couple weeks left to get your tickets!! https://t.co/7XIXHl4fXb",807003567605227520,"Actor and Activist, semi-professional disruptor, ice cream advocate and shameless teacup yorkie-lover",https://pbs.twimg.com/profile_images/1383196364792680448/N8CdupEu_normal.jpg,807003567605227520,Amber Heard,190338,220,1149,567,realamberheard,2016-12-08T23:26:58.000Z,"Los Angeles, CA",https://t.co/Ze18Ek9SOI,#Founder Social Media for Good ~ https://t.co/7SykGO7PSU🚀Better World #CEO✈Innovator🎉#Egalitarian🎸#Entrepreneur🐬#Tech🏖#Futurist💡#Motivationology☀️#Data🧡#WomenInPower,https://pbs.twimg.com/profile_images/1180185247884824576/3Zvt_F6Y_normal.jpg,847762217546137600,Christina Taft 🧬CEO🏖🎶✈️,2653,4555,32732,21,XTinaTaft,2017-03-31T10:47:18.000Z,https://t.co/7SykGO7PSU,"[{'start': 264, 'end': 279, 'username': 'RichardDawkins', 'id': '15143478'}]",Worldie.com & International 🚀
