lang,id,text,created_at,author_id,source,referenced_tweets,entities.urls,entities.mentions,entities.hashtags,public_metrics.retweet_count,public_metrics.reply_count,public_metrics.like_count,public_metrics.quote_count,quoted_tweet.entities.urls,quoted_tweet.entities.mentions,quoted_tweet.entities.annotations,quoted_tweet.lang,quoted_tweet.id,quoted_tweet.text,quoted_tweet.created_at,quoted_tweet.public_metrics.retweet_count,quoted_tweet.public_metrics.reply_count,quoted_tweet.public_metrics.like_count,quoted_tweet.public_metrics.quote_count,quoted_tweet.author_id,quoted_tweet.source,quoted_tweet.referenced_tweets,quoted_tweet.author.location,quoted_tweet.author.profile_image_url,quoted_tweet.author.id,quoted_tweet.author.name,quoted_tweet.author.created_at,quoted_tweet.author.username,quoted_tweet.author.url,quoted_tweet.author.description,quoted_tweet.author.public_metrics.followers_count,quoted_tweet.author.public_metrics.following_count,quoted_tweet.author.public_metrics.tweet_count,quoted_tweet.author.public_metrics.listed_count,author.profile_image_url,author.id,author.name,author.created_at,author.username,author.url,author.description,author.public_metrics.followers_count,author.public_metrics.following_count,author.public_metrics.tweet_count,author.public_metrics.listed_count
en,1181710113079316481,"We'd love to believe that @ACLU stands for justice but they support violent serial abusers like you so there's a big disconnect. #AmberHeard #graspingatstraws #amberheardisanabuser #amberheardabusedjohnnydepp
#justiceforjohnnydepp
#February2020 https://t.co/C2TuBlX18A",2019-10-08T23:17:00.000Z,1139879876834418688,Twitter for Android,"[{'type': 'quoted', 'id': '1181659575155478528'}]","[{'start': 245, 'end': 268, 'url': 'https://t.co/C2TuBlX18A', 'expanded_url': 'https://twitter.com/realamberheard/status/1181659575155478528', 'display_url': 'twitter.com/realamberheard…'}]","[{'start': 26, 'end': 31, 'username': 'ACLU', 'id': '13393052'}]","[{'start': 129, 'end': 140, 'tag': 'AmberHeard'}, {'start': 141, 'end': 158, 'tag': 'graspingatstraws'}, {'start': 159, 'end': 180, 'tag': 'amberheardisanabuser'}, {'start': 181, 'end': 208, 'tag': 'amberheardabusedjohnnydepp'}, {'start': 209, 'end': 230, 'tag': 'justiceforjohnnydepp'}, {'start': 231, 'end': 244, 'tag': 'February2020'}]",0,0,1,0,"[{'start': 221, 'end': 244, 'url': 'https://t.co/zizV0lCfni', 'expanded_url': 'https://twitter.com/ACLU/status/1176181332390621186', 'display_url': 'twitter.com/ACLU/status/11…'}]","[{'start': 150, 'end': 155, 'username': 'ACLU', 'id': '13393052'}]","[{'start': 101, 'end': 107, 'probability': 0.9898, 'type': 'Place', 'normalized_text': 'America'}]",en,1181659575155478528,"All people deserve to live life free of discrimination- especially institutionalized discrimination. America, home of the free. Remember? Support the @ACLU and all people who strive to see justice &amp; freedom a reality https://t.co/zizV0lCfni",2019-10-08T19:56:11.000Z,31,27,197,2,807003567605227520,Twitter for iPhone,"[{'type': 'quoted', 'id': '1176181332390621186'}]","Los Angeles, CA",https://pbs.twimg.com/profile_images/1383196364792680448/N8CdupEu_normal.jpg,807003567605227520,Amber Heard,2016-12-08T23:26:58.000Z,realamberheard,https://t.co/Ze18Ek9SOI,"Actor and Activist, semi-professional disruptor, ice cream advocate and shameless teacup yorkie-lover",190338,220,1149,567,https://pbs.twimg.com/profile_images/1147046938627301377/N_tdYHWz_normal.jpg,1139879876834418688,EffervescentlyTired😴🌌,2019-06-15T12:58:35.000Z,EffervescentlyT,,Tired. Angry. Almost 30. The 20's came back and brought all the bullshit with it 🍾😩,14,100,4047,0
en,1181660416864182273,THIS: #LGBTQ #HomeOfTheFree #FreeOfDiscrimination #ACLU #SupportACLU https://t.co/UySgtBabwh,2019-10-08T19:59:32.000Z,4848929877,Twitter for Android,"[{'type': 'quoted', 'id': '1181659575155478528'}]","[{'start': 69, 'end': 92, 'url': 'https://t.co/UySgtBabwh', 'expanded_url': 'https://twitter.com/realamberheard/status/1181659575155478528', 'display_url': 'twitter.com/realamberheard…'}]",,"[{'start': 6, 'end': 12, 'tag': 'LGBTQ'}, {'start': 13, 'end': 27, 'tag': 'HomeOfTheFree'}, {'start': 28, 'end': 49, 'tag': 'FreeOfDiscrimination'}, {'start': 50, 'end': 55, 'tag': 'ACLU'}, {'start': 56, 'end': 68, 'tag': 'SupportACLU'}]",0,0,1,0,"[{'start': 221, 'end': 244, 'url': 'https://t.co/zizV0lCfni', 'expanded_url': 'https://twitter.com/ACLU/status/1176181332390621186', 'display_url': 'twitter.com/ACLU/status/11…'}]","[{'start': 150, 'end': 155, 'username': 'ACLU', 'id': '13393052'}]","[{'start': 101, 'end': 107, 'probability': 0.9898, 'type': 'Place', 'normalized_text': 'America'}]",en,1181659575155478528,"All people deserve to live life free of discrimination- especially institutionalized discrimination. America, home of the free. Remember? Support the @ACLU and all people who strive to see justice &amp; freedom a reality https://t.co/zizV0lCfni",2019-10-08T19:56:11.000Z,31,27,197,2,807003567605227520,Twitter for iPhone,"[{'type': 'quoted', 'id': '1176181332390621186'}]","Los Angeles, CA",https://pbs.twimg.com/profile_images/1383196364792680448/N8CdupEu_normal.jpg,807003567605227520,Amber Heard,2016-12-08T23:26:58.000Z,realamberheard,https://t.co/Ze18Ek9SOI,"Actor and Activist, semi-professional disruptor, ice cream advocate and shameless teacup yorkie-lover",190338,220,1149,567,https://pbs.twimg.com/profile_images/1462454454075019274/TJpppCpY_normal.jpg,4848929877,They're coming for ALL our Rights!-VOTE!,2016-01-26T09:14:58.000Z,BlueBoy8000,,If you ask me for a debate I will block you. If you are a self-professed Depp Warrior consider yourself instantly blocked. Enjoy!!😃 Banner ART by Alex Ross.,1319,2831,329762,0
