created_at,text,source,id,author_id,lang,referenced_tweets,public_metrics.retweet_count,public_metrics.reply_count,public_metrics.like_count,public_metrics.quote_count,entities.hashtags,entities.urls,quoted_tweet.entities.mentions,quoted_tweet.entities.hashtags,quoted_tweet.entities.urls,quoted_tweet.created_at,quoted_tweet.text,quoted_tweet.source,quoted_tweet.public_metrics.retweet_count,quoted_tweet.public_metrics.reply_count,quoted_tweet.public_metrics.like_count,quoted_tweet.public_metrics.quote_count,quoted_tweet.id,quoted_tweet.author_id,quoted_tweet.lang,quoted_tweet.author.username,quoted_tweet.author.id,quoted_tweet.author.created_at,quoted_tweet.author.public_metrics.followers_count,quoted_tweet.author.public_metrics.following_count,quoted_tweet.author.public_metrics.tweet_count,quoted_tweet.author.public_metrics.listed_count,quoted_tweet.author.name,quoted_tweet.author.url,quoted_tweet.author.location,quoted_tweet.author.description,quoted_tweet.author.profile_image_url,author.username,author.id,author.created_at,author.public_metrics.followers_count,author.public_metrics.following_count,author.public_metrics.tweet_count,author.public_metrics.listed_count,author.name,author.url,author.location,author.description,author.profile_image_url,entities.mentions,entities.annotations
2019-10-18T04:33:49.000Z,"Putting #harassment and #discrimination into a legal document about ownership or board members who invest is important.

Alice clearly is the name of the #AI. 

#SanFrancisco - however, female #founders almost never get VC funding. #entrepreneurs - who pulls strings 

#AmberHeard https://t.co/7SgnaLSHoj",Twitter Web App,1185051333453172737,847762217546137600,en,"[{'type': 'quoted', 'id': '1184931441098051585'}]",0,0,3,0,"[{'start': 8, 'end': 19, 'tag': 'harassment'}, {'start': 24, 'end': 39, 'tag': 'discrimination'}, {'start': 154, 'end': 157, 'tag': 'AI'}, {'start': 161, 'end': 174, 'tag': 'SanFrancisco'}, {'start': 193, 'end': 202, 'tag': 'founders'}, {'start': 232, 'end': 246, 'tag': 'entrepreneurs'}, {'start': 269, 'end': 280, 'tag': 'AmberHeard'}]","[{'start': 281, 'end': 304, 'url': 'https://t.co/7SgnaLSHoj', 'expanded_url': 'https://twitter.com/realamberheard/status/1184931441098051585', 'display_url': 'twitter.com/realamberheard…'}]","[{'start': 177, 'end': 191, 'username': 'ElizabethGore', 'id': '59173803'}]","[{'start': 34, 'end': 40, 'tag': 'MeToo'}]","[{'start': 192, 'end': 215, 'url': 'https://t.co/244aNUVBY1', 'expanded_url': 'https://www.inc.com/kimberly-weisul/metoo-legal-funding-oust-offending-board-members.html', 'display_url': 'inc.com/kimberly-weisu…', 'status': 200, 'unwound_url': 'https://www.inc.com/kimberly-weisul/metoo-legal-funding-oust-offending-board-members.html'}]",2019-10-17T20:37:25.000Z,"“It is time for us, whether it is #MeToo, Black Lives Matter, or our gay and lesbian communities, to say that acting this way is morally wrong, but it is also bad for business”
@ElizabethGore https://t.co/244aNUVBY1",Twitter for iPhone,29,15,240,4,1184931441098051585,807003567605227520,en,realamberheard,807003567605227520,2016-12-08T23:26:58.000Z,190337,220,1149,567,Amber Heard,https://t.co/Ze18Ek9SOI,"Los Angeles, CA","Actor and Activist, semi-professional disruptor, ice cream advocate and shameless teacup yorkie-lover",https://pbs.twimg.com/profile_images/1383196364792680448/N8CdupEu_normal.jpg,XTinaTaft,847762217546137600,2017-03-31T10:47:18.000Z,2653,4555,32732,21,Christina Taft 🧬CEO🏖🎶✈️,https://t.co/7SykGO7PSU,Worldie.com & International 🚀,#Founder Social Media for Good ~ https://t.co/7SykGO7PSU🚀Better World #CEO✈Innovator🎉#Egalitarian🎸#Entrepreneur🐬#Tech🏖#Futurist💡#Motivationology☀️#Data🧡#WomenInPower,https://pbs.twimg.com/profile_images/1180185247884824576/3Zvt_F6Y_normal.jpg,,
2019-10-17T21:07:35.000Z,Thank you Amber! We agree at @HelloAlice https://t.co/8hIbcJ8qVB,Twitter for iPhone,1184939032272203776,59173803,en,"[{'type': 'quoted', 'id': '1184931441098051585'}]",0,0,6,0,,"[{'start': 41, 'end': 64, 'url': 'https://t.co/8hIbcJ8qVB', 'expanded_url': 'https://twitter.com/realamberheard/status/1184931441098051585', 'display_url': 'twitter.com/realamberheard…'}]","[{'start': 177, 'end': 191, 'username': 'ElizabethGore', 'id': '59173803'}]","[{'start': 34, 'end': 40, 'tag': 'MeToo'}]","[{'start': 192, 'end': 215, 'url': 'https://t.co/244aNUVBY1', 'expanded_url': 'https://www.inc.com/kimberly-weisul/metoo-legal-funding-oust-offending-board-members.html', 'display_url': 'inc.com/kimberly-weisu…', 'status': 200, 'unwound_url': 'https://www.inc.com/kimberly-weisul/metoo-legal-funding-oust-offending-board-members.html'}]",2019-10-17T20:37:25.000Z,"“It is time for us, whether it is #MeToo, Black Lives Matter, or our gay and lesbian communities, to say that acting this way is morally wrong, but it is also bad for business”
@ElizabethGore https://t.co/244aNUVBY1",Twitter for iPhone,29,15,240,4,1184931441098051585,807003567605227520,en,realamberheard,807003567605227520,2016-12-08T23:26:58.000Z,190337,220,1149,567,Amber Heard,https://t.co/Ze18Ek9SOI,"Los Angeles, CA","Actor and Activist, semi-professional disruptor, ice cream advocate and shameless teacup yorkie-lover",https://pbs.twimg.com/profile_images/1383196364792680448/N8CdupEu_normal.jpg,ElizabethGore,59173803,2009-07-22T16:38:25.000Z,15503,11903,16513,486,Elizabeth Gore,https://t.co/zot1ZG8Epd,"California, USA",Co-founder @helloalice & Gore Family Vineyards. Small businesses get help - https://t.co/8RKkkmJqJd & drink wine https://t.co/M4uXA0QuVV,https://pbs.twimg.com/profile_images/1173647450512482305/bZzQaTUd_normal.jpg,"[{'start': 29, 'end': 40, 'username': 'HelloAlice', 'id': '274025441'}]","[{'start': 10, 'end': 14, 'probability': 0.9779, 'type': 'Person', 'normalized_text': 'Amber'}]"
