source,lang,created_at,id,referenced_tweets,text,author_id,public_metrics.retweet_count,public_metrics.reply_count,public_metrics.like_count,public_metrics.quote_count,entities.mentions,entities.urls,entities.annotations,quoted_tweet.source,quoted_tweet.in_reply_to_user_id,quoted_tweet.lang,quoted_tweet.public_metrics.retweet_count,quoted_tweet.public_metrics.reply_count,quoted_tweet.public_metrics.like_count,quoted_tweet.public_metrics.quote_count,quoted_tweet.created_at,quoted_tweet.entities.mentions,quoted_tweet.entities.annotations,quoted_tweet.id,quoted_tweet.referenced_tweets,quoted_tweet.text,quoted_tweet.author_id,quoted_tweet.author.created_at,quoted_tweet.author.profile_image_url,quoted_tweet.author.url,quoted_tweet.author.name,quoted_tweet.author.location,quoted_tweet.author.id,quoted_tweet.author.public_metrics.followers_count,quoted_tweet.author.public_metrics.following_count,quoted_tweet.author.public_metrics.tweet_count,quoted_tweet.author.public_metrics.listed_count,quoted_tweet.author.description,quoted_tweet.author.username,author.created_at,author.profile_image_url,author.url,author.name,author.location,author.id,author.public_metrics.followers_count,author.public_metrics.following_count,author.public_metrics.tweet_count,author.public_metrics.listed_count,author.description,author.username,entities.hashtags
Twitter for iPhone,en,2019-10-20T22:11:33.000Z,1186042296422277120,"[{'type': 'quoted', 'id': '1184932624491569152'}]","Out of the country for 6 months? How convenient! 

When we said we wanted you to appear on the stand, we didn’t mean the @StephenKing story, we meant the witness stand in LA so Johnny can get the justice he deserves. 

You know that, right? https://t.co/srGb33F7Ry",59267151,0,0,3,0,"[{'start': 121, 'end': 133, 'username': 'StephenKing', 'id': '2233154425'}]","[{'start': 241, 'end': 264, 'url': 'https://t.co/srGb33F7Ry', 'expanded_url': 'https://twitter.com/realamberheard/status/1184932624491569152', 'display_url': 'twitter.com/realamberheard…'}]","[{'start': 171, 'end': 172, 'probability': 0.7883, 'type': 'Place', 'normalized_text': 'LA'}, {'start': 177, 'end': 182, 'probability': 0.9739, 'type': 'Person', 'normalized_text': 'Johnny'}]",Twitter for iPhone,983451255526871040,en,16,14,64,4,2019-10-17T20:42:07.000Z,"[{'start': 0, 'end': 16, 'username': 'butwhocouldstay', 'id': '983451255526871040'}]","[{'start': 33, 'end': 41, 'probability': 0.6075, 'type': 'Other', 'normalized_text': 'The Stand'}, {'start': 46, 'end': 51, 'probability': 0.9877, 'type': 'Place', 'normalized_text': 'Canada'}]",1184932624491569152,"[{'type': 'replied_to', 'id': '1184932008037933057'}]",@butwhocouldstay I’ll be filming The Stand in Canada for the next 6 months!,807003567605227520,2016-12-08T23:26:58.000Z,https://pbs.twimg.com/profile_images/1383196364792680448/N8CdupEu_normal.jpg,https://t.co/Ze18Ek9SOI,Amber Heard,"Los Angeles, CA",807003567605227520,190337,220,1149,567,"Actor and Activist, semi-professional disruptor, ice cream advocate and shameless teacup yorkie-lover",realamberheard,2009-07-22T22:14:40.000Z,https://pbs.twimg.com/profile_images/1494654979994537984/Kedh_lJt_normal.jpg,,Rachael,UK,59267151,1843,1440,83121,0,,Shellys_Wellie,
Twitter for Android,en,2019-10-20T12:31:59.000Z,1185896444236054528,"[{'type': 'quoted', 'id': '1184932624491569152'}]",Next 6 Months? So You Are Making Excuses Not To Attend Your Depositions. Lady Please Don't Waste The Time Of Jury &amp; Court. We Have Important Things To Do. One Thing More Attending Loreal PFW Is More Imp For U Than Attending Ur Depo? Look Who's Hiding From Court 😌 https://t.co/fBhddRjRgV,1124599778602553345,0,0,8,0,,"[{'start': 268, 'end': 291, 'url': 'https://t.co/fBhddRjRgV', 'expanded_url': 'https://twitter.com/realamberheard/status/1184932624491569152', 'display_url': 'twitter.com/realamberheard…'}]",,Twitter for iPhone,983451255526871040,en,16,14,64,4,2019-10-17T20:42:07.000Z,"[{'start': 0, 'end': 16, 'username': 'butwhocouldstay', 'id': '983451255526871040'}]","[{'start': 33, 'end': 41, 'probability': 0.6075, 'type': 'Other', 'normalized_text': 'The Stand'}, {'start': 46, 'end': 51, 'probability': 0.9877, 'type': 'Place', 'normalized_text': 'Canada'}]",1184932624491569152,"[{'type': 'replied_to', 'id': '1184932008037933057'}]",@butwhocouldstay I’ll be filming The Stand in Canada for the next 6 months!,807003567605227520,2016-12-08T23:26:58.000Z,https://pbs.twimg.com/profile_images/1383196364792680448/N8CdupEu_normal.jpg,https://t.co/Ze18Ek9SOI,Amber Heard,"Los Angeles, CA",807003567605227520,190337,220,1149,567,"Actor and Activist, semi-professional disruptor, ice cream advocate and shameless teacup yorkie-lover",realamberheard,2019-05-04T09:00:56.000Z,https://pbs.twimg.com/profile_images/1287027346910912513/yN8d6QHo_normal.jpg,,˗ˏˋ ammar ˎˊ˗,pakistan || wonka's factory 🍫,1124599778602553345,1372,675,14654,7,"“Breathe. It's only a bad day, not a bad life.” 🌷 ― 18 | he/him | Medical student | Johnny Depp's stan. #JusticeForJohnnyDepp",deppsamarrx,
Twitter Web App,pt,2019-10-18T11:21:33.000Z,1185153942763835392,"[{'type': 'quoted', 'id': '1184932624491569152'}]",obrigada universo https://t.co/BJz9zEbr4E,2724444422,0,0,0,0,,"[{'start': 18, 'end': 41, 'url': 'https://t.co/BJz9zEbr4E', 'expanded_url': 'https://twitter.com/realamberheard/status/1184932624491569152', 'display_url': 'twitter.com/realamberheard…'}]",,Twitter for iPhone,983451255526871040,en,16,14,64,4,2019-10-17T20:42:07.000Z,"[{'start': 0, 'end': 16, 'username': 'butwhocouldstay', 'id': '983451255526871040'}]","[{'start': 33, 'end': 41, 'probability': 0.6075, 'type': 'Other', 'normalized_text': 'The Stand'}, {'start': 46, 'end': 51, 'probability': 0.9877, 'type': 'Place', 'normalized_text': 'Canada'}]",1184932624491569152,"[{'type': 'replied_to', 'id': '1184932008037933057'}]",@butwhocouldstay I’ll be filming The Stand in Canada for the next 6 months!,807003567605227520,2016-12-08T23:26:58.000Z,https://pbs.twimg.com/profile_images/1383196364792680448/N8CdupEu_normal.jpg,https://t.co/Ze18Ek9SOI,Amber Heard,"Los Angeles, CA",807003567605227520,190337,220,1149,567,"Actor and Activist, semi-professional disruptor, ice cream advocate and shameless teacup yorkie-lover",realamberheard,2014-08-11T18:27:47.000Z,https://pbs.twimg.com/profile_images/1505214911051440135/SZpWBAtg_normal.jpg,,sasa,,2724444422,1230,583,61215,11,all r&b and hip hop culture,fkatwyez,
Twitter for Android,pt,2019-10-17T21:02:00.000Z,1184937628124303375,"[{'type': 'retweeted', 'id': '1184936620287500288'}]","RT @AmberHeardBRA: ""Fã: Você está planejando fazer alguma convenção em breve? Ou algo perto da Florida?

Amber: Estarei filmando ""A Dança d…",898355545,3,0,0,0,"[{'start': 3, 'end': 17, 'username': 'AmberHeardBRA', 'id': '1904830838'}]",,"[{'start': 105, 'end': 109, 'probability': 0.6392, 'type': 'Person', 'normalized_text': 'Amber'}]",Twitter for iPhone,983451255526871040,en,16,14,64,4,2019-10-17T20:42:07.000Z,"[{'start': 0, 'end': 16, 'username': 'butwhocouldstay', 'id': '983451255526871040'}]","[{'start': 33, 'end': 41, 'probability': 0.6075, 'type': 'Other', 'normalized_text': 'The Stand'}, {'start': 46, 'end': 51, 'probability': 0.9877, 'type': 'Place', 'normalized_text': 'Canada'}]",1184932624491569152,"[{'type': 'replied_to', 'id': '1184932008037933057'}]",@butwhocouldstay I’ll be filming The Stand in Canada for the next 6 months!,807003567605227520,2016-12-08T23:26:58.000Z,https://pbs.twimg.com/profile_images/1383196364792680448/N8CdupEu_normal.jpg,https://t.co/Ze18Ek9SOI,Amber Heard,"Los Angeles, CA",807003567605227520,190337,220,1149,567,"Actor and Activist, semi-professional disruptor, ice cream advocate and shameless teacup yorkie-lover",realamberheard,2012-10-22T20:29:37.000Z,https://pbs.twimg.com/profile_images/1503899903982030850/oHmD6R3N_normal.jpg,https://t.co/XQNPeWEUfS,isabella,amber follows ,898355545,1211,499,32350,3,"amber laura heard, isabella khair hadid and more (fan account)",heardfairy,
Twitter for Android,pt,2019-10-17T20:57:59.000Z,1184936620287500288,"[{'type': 'quoted', 'id': '1184932624491569152'}]","""Fã: Você está planejando fazer alguma convenção em breve? Ou algo perto da Florida?

Amber: Estarei filmando ""A Dança da Morte"" no Canadá pelo os próximos 6 meses!"" 
#TheStandIsComing https://t.co/Vmj3tA2BrN",1904830838,3,0,10,0,,"[{'start': 185, 'end': 208, 'url': 'https://t.co/Vmj3tA2BrN', 'expanded_url': 'https://twitter.com/realamberheard/status/1184932624491569152', 'display_url': 'twitter.com/realamberheard…'}]","[{'start': 86, 'end': 90, 'probability': 0.6068, 'type': 'Person', 'normalized_text': 'Amber'}, {'start': 113, 'end': 126, 'probability': 0.5902, 'type': 'Other', 'normalized_text': 'Dança da Morte'}, {'start': 132, 'end': 137, 'probability': 0.889, 'type': 'Place', 'normalized_text': 'Canadá'}]",Twitter for iPhone,983451255526871040,en,16,14,64,4,2019-10-17T20:42:07.000Z,"[{'start': 0, 'end': 16, 'username': 'butwhocouldstay', 'id': '983451255526871040'}]","[{'start': 33, 'end': 41, 'probability': 0.6075, 'type': 'Other', 'normalized_text': 'The Stand'}, {'start': 46, 'end': 51, 'probability': 0.9877, 'type': 'Place', 'normalized_text': 'Canada'}]",1184932624491569152,"[{'type': 'replied_to', 'id': '1184932008037933057'}]",@butwhocouldstay I’ll be filming The Stand in Canada for the next 6 months!,807003567605227520,2016-12-08T23:26:58.000Z,https://pbs.twimg.com/profile_images/1383196364792680448/N8CdupEu_normal.jpg,https://t.co/Ze18Ek9SOI,Amber Heard,"Los Angeles, CA",807003567605227520,190337,220,1149,567,"Actor and Activist, semi-professional disruptor, ice cream advocate and shameless teacup yorkie-lover",realamberheard,2013-09-25T17:01:29.000Z,https://pbs.twimg.com/profile_images/1322659851433086976/DdbPY2Yt_normal.png,https://t.co/aScwq9xXYm,Amber Heard Brasil,youtube.com/amberheardbrasil,1904830838,7947,150,12508,33,"Fonte brasileira de notícias sobre a atriz e ativista norte americana, Amber Heard! | @ahbrmedia.",AmberHeardBRA,"[{'start': 167, 'end': 184, 'tag': 'TheStandIsComing'}]"
