lang,text,author_id,id,created_at,source,referenced_tweets,public_metrics.retweet_count,public_metrics.reply_count,public_metrics.like_count,public_metrics.quote_count,entities.urls,entities.hashtags,quoted_tweet.lang,quoted_tweet.in_reply_to_user_id,quoted_tweet.text,quoted_tweet.author_id,quoted_tweet.id,quoted_tweet.created_at,quoted_tweet.source,quoted_tweet.public_metrics.retweet_count,quoted_tweet.public_metrics.reply_count,quoted_tweet.public_metrics.like_count,quoted_tweet.public_metrics.quote_count,quoted_tweet.referenced_tweets,quoted_tweet.author.location,quoted_tweet.author.created_at,quoted_tweet.author.id,quoted_tweet.author.description,quoted_tweet.author.public_metrics.followers_count,quoted_tweet.author.public_metrics.following_count,quoted_tweet.author.public_metrics.tweet_count,quoted_tweet.author.public_metrics.listed_count,quoted_tweet.author.username,quoted_tweet.author.name,quoted_tweet.author.url,quoted_tweet.author.profile_image_url,author.location,author.created_at,author.id,author.description,author.public_metrics.followers_count,author.public_metrics.following_count,author.public_metrics.tweet_count,author.public_metrics.listed_count,author.username,author.name,author.url,author.profile_image_url
en,"Pay attention, regardless if you #Love or hate her. #AmberHeard is right! This is the only way #HumanTrafficking will end. 

#EqualRights #HumanRights 

A woman should be #Hired based by her #Credentials, not just her looks. 👀 #Women have more #Worth than just #SexAppeal. https://t.co/nPkTPiS8Xm",2929465251,1288941948011720706,2020-07-30T20:58:02.000Z,Twitter Web App,"[{'type': 'quoted', 'id': '1186845296883589125'}]",0,1,1,0,"[{'start': 273, 'end': 296, 'url': 'https://t.co/nPkTPiS8Xm', 'expanded_url': 'https://twitter.com/realamberheard/status/1186845296883589125', 'display_url': 'twitter.com/realamberheard…'}]","[{'start': 33, 'end': 38, 'tag': 'Love'}, {'start': 52, 'end': 63, 'tag': 'AmberHeard'}, {'start': 95, 'end': 112, 'tag': 'HumanTrafficking'}, {'start': 125, 'end': 137, 'tag': 'EqualRights'}, {'start': 138, 'end': 150, 'tag': 'HumanRights'}, {'start': 171, 'end': 177, 'tag': 'Hired'}, {'start': 191, 'end': 203, 'tag': 'Credentials'}, {'start': 227, 'end': 233, 'tag': 'Women'}, {'start': 244, 'end': 250, 'tag': 'Worth'}, {'start': 261, 'end': 271, 'tag': 'SexAppeal'}]",en,807003567605227520,"2 b clear: Im n no way Sex-shaming anyone-4 their trade or their taste. Im shaming outdated gender policies that prescribe us 2 some silly puritanical ideals tht r as unpopular as they r unfair. When will IG realize its simple: rules that Only restrict women, r simply wrong. 2019",807003567605227520,1186845296883589125,2019-10-23T03:22:23.000Z,Twitter for iPhone,23,17,265,1,"[{'type': 'replied_to', 'id': '1186808147224064000'}]","Los Angeles, CA",2016-12-08T23:26:58.000Z,807003567605227520,"Actor and Activist, semi-professional disruptor, ice cream advocate and shameless teacup yorkie-lover",190337,220,1149,567,realamberheard,Amber Heard,https://t.co/Ze18Ek9SOI,https://pbs.twimg.com/profile_images/1383196364792680448/N8CdupEu_normal.jpg,Hong Kong,2014-12-18T13:07:57.000Z,2929465251,"“It’s not titles who honor men, it’s men who honor titles.” 🖤",29058,20606,236784,419,dan__brummitt,DANIEL BRUMMITT,https://t.co/THkYv5Cr2k,https://pbs.twimg.com/profile_images/1467654299790544899/9_TGG91v_normal.jpg
