text,lang,author_id,created_at,referenced_tweets,id,source,entities.hashtags,entities.mentions,public_metrics.retweet_count,public_metrics.reply_count,public_metrics.like_count,public_metrics.quote_count,quoted_tweet.text,quoted_tweet.lang,quoted_tweet.public_metrics.retweet_count,quoted_tweet.public_metrics.reply_count,quoted_tweet.public_metrics.like_count,quoted_tweet.public_metrics.quote_count,quoted_tweet.author_id,quoted_tweet.created_at,quoted_tweet.entities.urls,quoted_tweet.id,quoted_tweet.source,quoted_tweet.author.url,quoted_tweet.author.id,quoted_tweet.author.public_metrics.followers_count,quoted_tweet.author.public_metrics.following_count,quoted_tweet.author.public_metrics.tweet_count,quoted_tweet.author.public_metrics.listed_count,quoted_tweet.author.created_at,quoted_tweet.author.username,quoted_tweet.author.description,quoted_tweet.author.profile_image_url,quoted_tweet.author.name,quoted_tweet.author.location,author.url,author.id,author.public_metrics.followers_count,author.public_metrics.following_count,author.public_metrics.tweet_count,author.public_metrics.listed_count,author.created_at,author.username,author.description,author.profile_image_url,author.name,author.location,entities.urls
RT @CherenTerfa: #JusticeForJohnnyDepp #JusticeForJohnny,und,346681227,2020-02-03T08:19:16.000Z,"[{'type': 'retweeted', 'id': '1223891974685675520'}]",1224245959477075968,Twitter for Android,"[{'start': 17, 'end': 38, 'tag': 'JusticeForJohnnyDepp'}, {'start': 39, 'end': 56, 'tag': 'JusticeForJohnny'}]","[{'start': 3, 'end': 15, 'username': 'CherenTerfa', 'id': '356085090'}]",2,0,0,0,Dude is a joke. Only fundamentally small men need to stand on a woman’s throat to make themselves taller. https://t.co/6c9Nhy4zRJ,en,23,33,315,5,807003567605227520,2019-10-29T10:51:11.000Z,"[{'start': 106, 'end': 129, 'url': 'https://t.co/6c9Nhy4zRJ', 'expanded_url': 'https://twitter.com/JillFilipovic/status/1188842995845599232', 'display_url': 'twitter.com/JillFilipovic/…'}]",1189132566697136128,Twitter for iPhone,https://t.co/Ze18Ek9SOI,807003567605227520,190337,220,1149,567,2016-12-08T23:26:58.000Z,realamberheard,"Actor and Activist, semi-professional disruptor, ice cream advocate and shameless teacup yorkie-lover",https://pbs.twimg.com/profile_images/1383196364792680448/N8CdupEu_normal.jpg,Amber Heard,"Los Angeles, CA",https://t.co/wC8jq2ulwe,346681227,664,746,4553,1,2011-08-01T17:29:20.000Z,Fear_Aondo,"Art, UI/UX designer, Music, Fashion, Brand identity. 
abeg tag @grandpamullah 
1001064542 VFD Bank",https://pbs.twimg.com/profile_images/1493201322941849606/tCvO-ai6_normal.jpg,Msu,Nigeria ,
RT @CherenTerfa: #JusticeForJohnnyDepp #JusticeForJohnny,und,186667244,2020-02-02T09:16:59.000Z,"[{'type': 'retweeted', 'id': '1223891974685675520'}]",1223898097048268800,Twitter for iPhone,"[{'start': 17, 'end': 38, 'tag': 'JusticeForJohnnyDepp'}, {'start': 39, 'end': 56, 'tag': 'JusticeForJohnny'}]","[{'start': 3, 'end': 15, 'username': 'CherenTerfa', 'id': '356085090'}]",2,0,0,0,Dude is a joke. Only fundamentally small men need to stand on a woman’s throat to make themselves taller. https://t.co/6c9Nhy4zRJ,en,23,33,315,5,807003567605227520,2019-10-29T10:51:11.000Z,"[{'start': 106, 'end': 129, 'url': 'https://t.co/6c9Nhy4zRJ', 'expanded_url': 'https://twitter.com/JillFilipovic/status/1188842995845599232', 'display_url': 'twitter.com/JillFilipovic/…'}]",1189132566697136128,Twitter for iPhone,https://t.co/Ze18Ek9SOI,807003567605227520,190337,220,1149,567,2016-12-08T23:26:58.000Z,realamberheard,"Actor and Activist, semi-professional disruptor, ice cream advocate and shameless teacup yorkie-lover",https://pbs.twimg.com/profile_images/1383196364792680448/N8CdupEu_normal.jpg,Amber Heard,"Los Angeles, CA",,186667244,402,764,83056,1,2010-09-04T02:05:28.000Z,Drakuseele,,https://pbs.twimg.com/profile_images/1116975403/s_c7ff247627ab1a0f1b29a33ee8d23c14_normal.jpg,Draku Seele,,
#JusticeForJohnnyDepp #JusticeForJohnny https://t.co/fPPCac2Lxu,und,356085090,2020-02-02T08:52:40.000Z,"[{'type': 'quoted', 'id': '1189132566697136128'}]",1223891974685675520,Twitter for Android,"[{'start': 0, 'end': 21, 'tag': 'JusticeForJohnnyDepp'}, {'start': 22, 'end': 39, 'tag': 'JusticeForJohnny'}]",,2,0,1,0,Dude is a joke. Only fundamentally small men need to stand on a woman’s throat to make themselves taller. https://t.co/6c9Nhy4zRJ,en,23,33,315,5,807003567605227520,2019-10-29T10:51:11.000Z,"[{'start': 106, 'end': 129, 'url': 'https://t.co/6c9Nhy4zRJ', 'expanded_url': 'https://twitter.com/JillFilipovic/status/1188842995845599232', 'display_url': 'twitter.com/JillFilipovic/…'}]",1189132566697136128,Twitter for iPhone,https://t.co/Ze18Ek9SOI,807003567605227520,190337,220,1149,567,2016-12-08T23:26:58.000Z,realamberheard,"Actor and Activist, semi-professional disruptor, ice cream advocate and shameless teacup yorkie-lover",https://pbs.twimg.com/profile_images/1383196364792680448/N8CdupEu_normal.jpg,Amber Heard,"Los Angeles, CA",,356085090,1463,2649,14949,1,2011-08-16T09:45:24.000Z,CherenTerfa,,https://pbs.twimg.com/profile_images/1383352555598606339/zJXARaTb_normal.jpg,Cheren Terfa Jeremiah,Nigeria,"[{'start': 40, 'end': 63, 'url': 'https://t.co/fPPCac2Lxu', 'expanded_url': 'https://twitter.com/realamberheard/status/1189132566697136128', 'display_url': 'twitter.com/realamberheard…'}]"
"While @realamberheard keeps her man quiet with slaps, kicks and punches but justifies it with ""I was only hitting you""

Don't believe me... Google it.

The #metoo women's rights/anti-domestic violence activist attacks her partners and says she'll probably do it again https://t.co/4O5OIXTMWT",en,165585259,2020-02-01T21:33:37.000Z,"[{'type': 'quoted', 'id': '1189132566697136128'}]",1223721087994880007,Twitter for Android,"[{'start': 156, 'end': 162, 'tag': 'metoo'}]","[{'start': 6, 'end': 21, 'username': 'realamberheard', 'id': '807003567605227520'}]",0,0,0,0,Dude is a joke. Only fundamentally small men need to stand on a woman’s throat to make themselves taller. https://t.co/6c9Nhy4zRJ,en,23,33,315,5,807003567605227520,2019-10-29T10:51:11.000Z,"[{'start': 106, 'end': 129, 'url': 'https://t.co/6c9Nhy4zRJ', 'expanded_url': 'https://twitter.com/JillFilipovic/status/1188842995845599232', 'display_url': 'twitter.com/JillFilipovic/…'}]",1189132566697136128,Twitter for iPhone,https://t.co/Ze18Ek9SOI,807003567605227520,190337,220,1149,567,2016-12-08T23:26:58.000Z,realamberheard,"Actor and Activist, semi-professional disruptor, ice cream advocate and shameless teacup yorkie-lover",https://pbs.twimg.com/profile_images/1383196364792680448/N8CdupEu_normal.jpg,Amber Heard,"Los Angeles, CA",,165585259,65,359,2035,0,2010-07-12T00:47:08.000Z,scotsJR,,https://pbs.twimg.com/profile_images/3435336374/1d7af20cfe6c15e16191b325ddd66cbb_normal.jpeg,John Russell,Dunfermline ,"[{'start': 268, 'end': 291, 'url': 'https://t.co/4O5OIXTMWT', 'expanded_url': 'https://twitter.com/realamberheard/status/1189132566697136128', 'display_url': 'twitter.com/realamberheard…'}]"
You’re a joke. Only fundamentally psychotic women cut people’s fingers off or shit on their beds. https://t.co/ctnQGUG2vL,en,1161494522129518593,2019-10-31T20:16:05.000Z,"[{'type': 'quoted', 'id': '1189132566697136128'}]",1189999504247918593,Twitter Web App,,,0,0,1,0,Dude is a joke. Only fundamentally small men need to stand on a woman’s throat to make themselves taller. https://t.co/6c9Nhy4zRJ,en,23,33,315,5,807003567605227520,2019-10-29T10:51:11.000Z,"[{'start': 106, 'end': 129, 'url': 'https://t.co/6c9Nhy4zRJ', 'expanded_url': 'https://twitter.com/JillFilipovic/status/1188842995845599232', 'display_url': 'twitter.com/JillFilipovic/…'}]",1189132566697136128,Twitter for iPhone,https://t.co/Ze18Ek9SOI,807003567605227520,190337,220,1149,567,2016-12-08T23:26:58.000Z,realamberheard,"Actor and Activist, semi-professional disruptor, ice cream advocate and shameless teacup yorkie-lover",https://pbs.twimg.com/profile_images/1383196364792680448/N8CdupEu_normal.jpg,Amber Heard,"Los Angeles, CA",,1161494522129518593,1175,272,78897,16,2019-08-14T04:27:28.000Z,SKComics2,"The Devil Himself | Professional Shitposter | THUMPCAST | 20 | Unhinged

Talk shit, get hit. 

Watch Unfriended: Dark Web

Discord: https://t.co/6oVR4uO9dw",https://pbs.twimg.com/profile_images/1499118257583833091/JoBtBLsy_normal.png,S.K.,,"[{'start': 98, 'end': 121, 'url': 'https://t.co/ctnQGUG2vL', 'expanded_url': 'https://twitter.com/realamberheard/status/1189132566697136128', 'display_url': 'twitter.com/realamberheard…'}]"
When they say dude run 🤣😅 https://t.co/7JAfeVlc7g,en,1295911188,2019-10-29T11:43:21.000Z,"[{'type': 'quoted', 'id': '1189132566697136128'}]",1189145692981420033,Twitter for Android,,,0,0,0,0,Dude is a joke. Only fundamentally small men need to stand on a woman’s throat to make themselves taller. https://t.co/6c9Nhy4zRJ,en,23,33,315,5,807003567605227520,2019-10-29T10:51:11.000Z,"[{'start': 106, 'end': 129, 'url': 'https://t.co/6c9Nhy4zRJ', 'expanded_url': 'https://twitter.com/JillFilipovic/status/1188842995845599232', 'display_url': 'twitter.com/JillFilipovic/…'}]",1189132566697136128,Twitter for iPhone,https://t.co/Ze18Ek9SOI,807003567605227520,190337,220,1149,567,2016-12-08T23:26:58.000Z,realamberheard,"Actor and Activist, semi-professional disruptor, ice cream advocate and shameless teacup yorkie-lover",https://pbs.twimg.com/profile_images/1383196364792680448/N8CdupEu_normal.jpg,Amber Heard,"Los Angeles, CA",,1295911188,1616,3752,476221,65,2013-03-24T16:59:44.000Z,MOVIESTVMAD,ayia Napa reality star I write direct and star in my own plays here in Cyprus I'm still seeing a shrink after 6 months in Hollywood 🤣,https://pbs.twimg.com/profile_images/1357986248347029507/kG9CMYy5_normal.jpg,Mick minas,Cyprus,"[{'start': 26, 'end': 49, 'url': 'https://t.co/7JAfeVlc7g', 'expanded_url': 'https://twitter.com/realamberheard/status/1189132566697136128', 'display_url': 'twitter.com/realamberheard…'}]"
