referenced_tweets,id,source,lang,created_at,text,author_id,public_metrics.retweet_count,public_metrics.reply_count,public_metrics.like_count,public_metrics.quote_count,entities.urls,quoted_tweet.public_metrics.retweet_count,quoted_tweet.public_metrics.reply_count,quoted_tweet.public_metrics.like_count,quoted_tweet.public_metrics.quote_count,quoted_tweet.id,quoted_tweet.source,quoted_tweet.lang,quoted_tweet.created_at,quoted_tweet.text,quoted_tweet.author_id,quoted_tweet.entities.mentions,quoted_tweet.author.description,quoted_tweet.author.profile_image_url,quoted_tweet.author.id,quoted_tweet.author.name,quoted_tweet.author.public_metrics.followers_count,quoted_tweet.author.public_metrics.following_count,quoted_tweet.author.public_metrics.tweet_count,quoted_tweet.author.public_metrics.listed_count,quoted_tweet.author.username,quoted_tweet.author.created_at,quoted_tweet.author.location,quoted_tweet.author.url,author.description,author.profile_image_url,author.id,author.name,author.public_metrics.followers_count,author.public_metrics.following_count,author.public_metrics.tweet_count,author.public_metrics.listed_count,author.username,author.created_at,author.location,author.url,entities.hashtags
"[{'type': 'quoted', 'id': '1195112397394128898'}]",1392826549662068738,Twitter for Android,en,2021-05-13T12:58:21.000Z,stfu+ratio https://t.co/TAJFPI1Qec,2283709238,0,0,2,0,"[{'start': 11, 'end': 34, 'url': 'https://t.co/TAJFPI1Qec', 'expanded_url': 'https://twitter.com/realamberheard/status/1195112397394128898', 'display_url': 'twitter.com/realamberheard…'}]",22,34,326,2,1195112397394128898,Twitter for iPhone,en,2019-11-14T22:52:54.000Z,"Just finished the uniquely brilliant book Mythos . If u havent read it yet &amp; love an almost impossible to put down book, get it. @stephenfry lent his usual biting wit &amp; elegant humor 2 give a modern voice 2 some of our most prolific classic stories &amp; legends. So sad to finish it",807003567605227520,"[{'start': 133, 'end': 144, 'username': 'stephenfry', 'id': '15439395'}]","Actor and Activist, semi-professional disruptor, ice cream advocate and shameless teacup yorkie-lover",https://pbs.twimg.com/profile_images/1383196364792680448/N8CdupEu_normal.jpg,807003567605227520,Amber Heard,190337,220,1149,567,realamberheard,2016-12-08T23:26:58.000Z,"Los Angeles, CA",https://t.co/Ze18Ek9SOI,"25 Romans, Doms and Tejs. Family.
POC account",https://pbs.twimg.com/profile_images/1480268562627497988/u4EB8KSB_normal.jpg,2283709238,Zero to Hero,3204,1412,240115,86,ZeroReax,2014-01-09T15:07:54.000Z,Freeland,,
"[{'type': 'quoted', 'id': '1195112397394128898'}]",1195136379845398533,Twitter for Android,en,2019-11-15T00:28:12.000Z,"#AmberHeardIsAnAbuser 
#AmberHeardAbusedJohnnyDepp
Was it something like: https://t.co/pQgiUJQMnL https://t.co/mjysABEuWF",1139879876834418688,0,0,0,0,"[{'start': 74, 'end': 97, 'url': 'https://t.co/pQgiUJQMnL', 'expanded_url': 'https://twitter.com/EffervescentlyT/status/1195136379845398533/photo/1', 'display_url': 'pic.twitter.com/pQgiUJQMnL'}, {'start': 98, 'end': 121, 'url': 'https://t.co/mjysABEuWF', 'expanded_url': 'https://twitter.com/realamberheard/status/1195112397394128898', 'display_url': 'twitter.com/realamberheard…'}]",22,34,326,2,1195112397394128898,Twitter for iPhone,en,2019-11-14T22:52:54.000Z,"Just finished the uniquely brilliant book Mythos . If u havent read it yet &amp; love an almost impossible to put down book, get it. @stephenfry lent his usual biting wit &amp; elegant humor 2 give a modern voice 2 some of our most prolific classic stories &amp; legends. So sad to finish it",807003567605227520,"[{'start': 133, 'end': 144, 'username': 'stephenfry', 'id': '15439395'}]","Actor and Activist, semi-professional disruptor, ice cream advocate and shameless teacup yorkie-lover",https://pbs.twimg.com/profile_images/1383196364792680448/N8CdupEu_normal.jpg,807003567605227520,Amber Heard,190337,220,1149,567,realamberheard,2016-12-08T23:26:58.000Z,"Los Angeles, CA",https://t.co/Ze18Ek9SOI,Tired. Angry. Almost 30. The 20's came back and brought all the bullshit with it 🍾😩,https://pbs.twimg.com/profile_images/1147046938627301377/N_tdYHWz_normal.jpg,1139879876834418688,EffervescentlyTired😴🌌,14,100,4047,0,EffervescentlyT,2019-06-15T12:58:35.000Z,,,"[{'start': 0, 'end': 21, 'tag': 'AmberHeardIsAnAbuser'}, {'start': 23, 'end': 50, 'tag': 'AmberHeardAbusedJohnnyDepp'}]"
