id,source,lang,text,referenced_tweets,author_id,created_at,public_metrics.retweet_count,public_metrics.reply_count,public_metrics.like_count,public_metrics.quote_count,entities.mentions,quoted_tweet.id,quoted_tweet.source,quoted_tweet.lang,quoted_tweet.text,quoted_tweet.referenced_tweets,quoted_tweet.public_metrics.retweet_count,quoted_tweet.public_metrics.reply_count,quoted_tweet.public_metrics.like_count,quoted_tweet.public_metrics.quote_count,quoted_tweet.entities.urls,quoted_tweet.author_id,quoted_tweet.created_at,quoted_tweet.author.location,quoted_tweet.author.profile_image_url,quoted_tweet.author.name,quoted_tweet.author.username,quoted_tweet.author.created_at,quoted_tweet.author.id,quoted_tweet.author.public_metrics.followers_count,quoted_tweet.author.public_metrics.following_count,quoted_tweet.author.public_metrics.tweet_count,quoted_tweet.author.public_metrics.listed_count,quoted_tweet.author.url,quoted_tweet.author.description,author.profile_image_url,author.name,author.username,author.created_at,author.id,author.public_metrics.followers_count,author.public_metrics.following_count,author.public_metrics.tweet_count,author.public_metrics.listed_count,author.url,author.description,author.location,entities.urls,entities.annotations,entities.hashtags
1327892904229134336,Twitter for Android,en,"RT @joannhe69142860: Also retweeted by AH. The person who STOLE another woman’s horrific trauma, claimed it as her own &amp; used it to destroy…","[{'type': 'retweeted', 'id': '1327888151981899776'}]",1296052257717399553,2020-11-15T08:35:14.000Z,2,0,0,0,"[{'start': 3, 'end': 19, 'username': 'joannhe69142860', 'id': '1296588200203304960'}]",1201686300824236032,Twitter for iPhone,en,"Amen! ..... actually, scratch that. Maybe we need to come up with better words? https://t.co/ZUiMPuAbHb","[{'type': 'quoted', 'id': '1201221660684308480'}]",46,217,555,32,"[{'start': 80, 'end': 103, 'url': 'https://t.co/ZUiMPuAbHb', 'expanded_url': 'https://twitter.com/emrazz/status/1201221660684308480', 'display_url': 'twitter.com/emrazz/status/…'}]",807003567605227520,2019-12-03T02:15:15.000Z,"Los Angeles, CA",https://pbs.twimg.com/profile_images/1383196364792680448/N8CdupEu_normal.jpg,Amber Heard,realamberheard,2016-12-08T23:26:58.000Z,807003567605227520,190336,220,1149,567,https://t.co/Ze18Ek9SOI,"Actor and Activist, semi-professional disruptor, ice cream advocate and shameless teacup yorkie-lover",https://pbs.twimg.com/profile_images/1428441313138122765/arcp81p1_normal.jpg,Papaya 🇺🇦,bee_papaya,2020-08-19T11:51:59.000Z,1296052257717399553,180,87,12129,1,https://t.co/BhvtvTDYGk,"#IStandWithUkraine #JusticeForJohnnyDepp

I compiled many documents on Pinterest, visit to catch up or add more!",,,,
1327892532710129665,Twitter Web App,en,"RT @joannhe69142860: Also retweeted by AH. The person who STOLE another woman’s horrific trauma, claimed it as her own &amp; used it to destroy…","[{'type': 'retweeted', 'id': '1327888151981899776'}]",1315500398728208384,2020-11-15T08:33:45.000Z,2,0,0,0,"[{'start': 3, 'end': 19, 'username': 'joannhe69142860', 'id': '1296588200203304960'}]",1201686300824236032,Twitter for iPhone,en,"Amen! ..... actually, scratch that. Maybe we need to come up with better words? https://t.co/ZUiMPuAbHb","[{'type': 'quoted', 'id': '1201221660684308480'}]",46,217,555,32,"[{'start': 80, 'end': 103, 'url': 'https://t.co/ZUiMPuAbHb', 'expanded_url': 'https://twitter.com/emrazz/status/1201221660684308480', 'display_url': 'twitter.com/emrazz/status/…'}]",807003567605227520,2019-12-03T02:15:15.000Z,"Los Angeles, CA",https://pbs.twimg.com/profile_images/1383196364792680448/N8CdupEu_normal.jpg,Amber Heard,realamberheard,2016-12-08T23:26:58.000Z,807003567605227520,190336,220,1149,567,https://t.co/Ze18Ek9SOI,"Actor and Activist, semi-professional disruptor, ice cream advocate and shameless teacup yorkie-lover",https://pbs.twimg.com/profile_images/1380363917373759490/bbZlABUd_normal.jpg,Cheryl Drake 🇺🇸💜💜,CherylD59995761,2020-10-12T03:52:22.000Z,1315500398728208384,965,435,87027,7,,On rebound from Bott exile of 2020. This is my new acct. Member since 2009. Love Classic Rock & Movies. JD patron since the 80's. I am not a bot! ?'s ask me!,"Seattle, WA",,,
1327888151981899776,Twitter for iPad,en,"Also retweeted by AH. The person who STOLE another woman’s horrific trauma, claimed it as her own &amp; used it to destroy an innocent man when her extortion attempt failed. https://t.co/xvQyFhhHv7",,1296588200203304960,2020-11-15T08:16:21.000Z,2,0,6,0,,1201686300824236032,Twitter for iPhone,en,"Amen! ..... actually, scratch that. Maybe we need to come up with better words? https://t.co/ZUiMPuAbHb","[{'type': 'quoted', 'id': '1201221660684308480'}]",46,217,555,32,"[{'start': 80, 'end': 103, 'url': 'https://t.co/ZUiMPuAbHb', 'expanded_url': 'https://twitter.com/emrazz/status/1201221660684308480', 'display_url': 'twitter.com/emrazz/status/…'}]",807003567605227520,2019-12-03T02:15:15.000Z,"Los Angeles, CA",https://pbs.twimg.com/profile_images/1383196364792680448/N8CdupEu_normal.jpg,Amber Heard,realamberheard,2016-12-08T23:26:58.000Z,807003567605227520,190336,220,1149,567,https://t.co/Ze18Ek9SOI,"Actor and Activist, semi-professional disruptor, ice cream advocate and shameless teacup yorkie-lover",https://pbs.twimg.com/profile_images/1334720550992629762/-Q_HxS-d_normal.jpg,joann hess,joannhe69142860,2020-08-20T23:21:55.000Z,1296588200203304960,3261,3148,26542,6,,I joined Twitter because AH is SO vile I felt the need to come on here to support the truth about what she did and what she is. Johnny deserves justice & peace.,"Portland, OR","[{'start': 174, 'end': 197, 'url': 'https://t.co/xvQyFhhHv7', 'expanded_url': 'https://twitter.com/realamberheard/status/1201686300824236032', 'display_url': 'twitter.com/realamberheard…'}]",,
1264650591910924289,Twitter for iPhone,en,"this doesn't apply to you, and i don't fw you for trying 💔 https://t.co/3wl7R6X1z4","[{'type': 'quoted', 'id': '1201686300824236032'}]",1263631981323190273,2020-05-24T20:12:51.000Z,0,0,0,0,,1201686300824236032,Twitter for iPhone,en,"Amen! ..... actually, scratch that. Maybe we need to come up with better words? https://t.co/ZUiMPuAbHb","[{'type': 'quoted', 'id': '1201221660684308480'}]",46,217,555,32,"[{'start': 80, 'end': 103, 'url': 'https://t.co/ZUiMPuAbHb', 'expanded_url': 'https://twitter.com/emrazz/status/1201221660684308480', 'display_url': 'twitter.com/emrazz/status/…'}]",807003567605227520,2019-12-03T02:15:15.000Z,"Los Angeles, CA",https://pbs.twimg.com/profile_images/1383196364792680448/N8CdupEu_normal.jpg,Amber Heard,realamberheard,2016-12-08T23:26:58.000Z,807003567605227520,190336,220,1149,567,https://t.co/Ze18Ek9SOI,"Actor and Activist, semi-professional disruptor, ice cream advocate and shameless teacup yorkie-lover",https://pbs.twimg.com/profile_images/1504203870758649865/ERO_av0V_normal.jpg,trin 🪩,MARVELSMILF,2020-05-22T00:45:28.000Z,1263631981323190273,698,780,15402,8,https://t.co/VuenzQITmd,she/her | 18 | ESFP,,"[{'start': 59, 'end': 82, 'url': 'https://t.co/3wl7R6X1z4', 'expanded_url': 'https://twitter.com/realamberheard/status/1201686300824236032', 'display_url': 'twitter.com/realamberheard…'}]",,
1246420452760793091,Twitter for Android,und,https://t.co/XBYRq1qxWE https://t.co/tLNpduiQnL,"[{'type': 'quoted', 'id': '1201686300824236032'}]",3359272313,2020-04-04T12:52:47.000Z,0,0,0,0,,1201686300824236032,Twitter for iPhone,en,"Amen! ..... actually, scratch that. Maybe we need to come up with better words? https://t.co/ZUiMPuAbHb","[{'type': 'quoted', 'id': '1201221660684308480'}]",46,217,555,32,"[{'start': 80, 'end': 103, 'url': 'https://t.co/ZUiMPuAbHb', 'expanded_url': 'https://twitter.com/emrazz/status/1201221660684308480', 'display_url': 'twitter.com/emrazz/status/…'}]",807003567605227520,2019-12-03T02:15:15.000Z,"Los Angeles, CA",https://pbs.twimg.com/profile_images/1383196364792680448/N8CdupEu_normal.jpg,Amber Heard,realamberheard,2016-12-08T23:26:58.000Z,807003567605227520,190336,220,1149,567,https://t.co/Ze18Ek9SOI,"Actor and Activist, semi-professional disruptor, ice cream advocate and shameless teacup yorkie-lover",https://pbs.twimg.com/profile_images/1486858851370606593/SCoGXavh_normal.jpg,Mojave 4422,MojaveSkies,2015-07-04T20:23:36.000Z,3359272313,167,554,24515,4,,@n0plan pour la crypto,,"[{'start': 0, 'end': 23, 'url': 'https://t.co/XBYRq1qxWE', 'expanded_url': 'https://twitter.com/RevivedUsername/status/1246420452760793091/photo/1', 'display_url': 'pic.twitter.com/XBYRq1qxWE'}, {'start': 24, 'end': 47, 'url': 'https://t.co/tLNpduiQnL', 'expanded_url': 'https://twitter.com/realamberheard/status/1201686300824236032', 'display_url': 'twitter.com/realamberheard…'}]",,
1231776718572183554,Twitter for iPhone,en,This bitch litreally cut off her mans finger and abused him but got away with it ??????? Who the fuck is in charge of this shit ?? America is fuckkked https://t.co/5vC2W9O5ee,"[{'type': 'quoted', 'id': '1201686300824236032'}]",1128388589841199104,2020-02-24T03:03:49.000Z,0,0,0,0,,1201686300824236032,Twitter for iPhone,en,"Amen! ..... actually, scratch that. Maybe we need to come up with better words? https://t.co/ZUiMPuAbHb","[{'type': 'quoted', 'id': '1201221660684308480'}]",46,217,555,32,"[{'start': 80, 'end': 103, 'url': 'https://t.co/ZUiMPuAbHb', 'expanded_url': 'https://twitter.com/emrazz/status/1201221660684308480', 'display_url': 'twitter.com/emrazz/status/…'}]",807003567605227520,2019-12-03T02:15:15.000Z,"Los Angeles, CA",https://pbs.twimg.com/profile_images/1383196364792680448/N8CdupEu_normal.jpg,Amber Heard,realamberheard,2016-12-08T23:26:58.000Z,807003567605227520,190336,220,1149,567,https://t.co/Ze18Ek9SOI,"Actor and Activist, semi-professional disruptor, ice cream advocate and shameless teacup yorkie-lover",https://pbs.twimg.com/profile_images/1451600166922948623/IlmgQ5yP_normal.jpg,mollie may,MollieMay21,2019-05-14T19:56:19.000Z,1128388589841199104,74,174,1598,0,,,"London, England","[{'start': 151, 'end': 174, 'url': 'https://t.co/5vC2W9O5ee', 'expanded_url': 'https://twitter.com/realamberheard/status/1201686300824236032', 'display_url': 'twitter.com/realamberheard…'}]","[{'start': 131, 'end': 137, 'probability': 0.9827, 'type': 'Place', 'normalized_text': 'America'}]",
1226613115070156805,Twitter for Android,en,The nerve of her abusive ass! https://t.co/L0TPg05FYw,"[{'type': 'quoted', 'id': '1201686300824236032'}]",2738390692,2020-02-09T21:05:30.000Z,0,0,0,0,,1201686300824236032,Twitter for iPhone,en,"Amen! ..... actually, scratch that. Maybe we need to come up with better words? https://t.co/ZUiMPuAbHb","[{'type': 'quoted', 'id': '1201221660684308480'}]",46,217,555,32,"[{'start': 80, 'end': 103, 'url': 'https://t.co/ZUiMPuAbHb', 'expanded_url': 'https://twitter.com/emrazz/status/1201221660684308480', 'display_url': 'twitter.com/emrazz/status/…'}]",807003567605227520,2019-12-03T02:15:15.000Z,"Los Angeles, CA",https://pbs.twimg.com/profile_images/1383196364792680448/N8CdupEu_normal.jpg,Amber Heard,realamberheard,2016-12-08T23:26:58.000Z,807003567605227520,190336,220,1149,567,https://t.co/Ze18Ek9SOI,"Actor and Activist, semi-professional disruptor, ice cream advocate and shameless teacup yorkie-lover",https://pbs.twimg.com/profile_images/817196375410515968/O8dIc23H_normal.jpg,QueenNoco,MosesNicolepmo,2014-08-09T19:18:41.000Z,2738390692,80,220,1093,0,,,,"[{'start': 30, 'end': 53, 'url': 'https://t.co/L0TPg05FYw', 'expanded_url': 'https://twitter.com/realamberheard/status/1201686300824236032', 'display_url': 'twitter.com/realamberheard…'}]",,
1225351670273585153,Twitter Web App,en,And the abuser says it. https://t.co/iOk6hF6F49,"[{'type': 'quoted', 'id': '1201686300824236032'}]",1014257129497268225,2020-02-06T09:32:58.000Z,0,0,0,0,,1201686300824236032,Twitter for iPhone,en,"Amen! ..... actually, scratch that. Maybe we need to come up with better words? https://t.co/ZUiMPuAbHb","[{'type': 'quoted', 'id': '1201221660684308480'}]",46,217,555,32,"[{'start': 80, 'end': 103, 'url': 'https://t.co/ZUiMPuAbHb', 'expanded_url': 'https://twitter.com/emrazz/status/1201221660684308480', 'display_url': 'twitter.com/emrazz/status/…'}]",807003567605227520,2019-12-03T02:15:15.000Z,"Los Angeles, CA",https://pbs.twimg.com/profile_images/1383196364792680448/N8CdupEu_normal.jpg,Amber Heard,realamberheard,2016-12-08T23:26:58.000Z,807003567605227520,190336,220,1149,567,https://t.co/Ze18Ek9SOI,"Actor and Activist, semi-professional disruptor, ice cream advocate and shameless teacup yorkie-lover",https://pbs.twimg.com/profile_images/1320466914552983556/Lcp4Tb4x_normal.jpg,🦇Chitose🦇,ChitoseIsei,2018-07-03T21:18:38.000Z,1014257129497268225,34,24,2262,0,https://t.co/FDm8JvnVXo,"Soy mujer y no, no me importa que me confundan con hombre.
A excepción de esas feministas que lo hacen para infravalorar mi opinión. Esas me dan risa.",,"[{'start': 24, 'end': 47, 'url': 'https://t.co/iOk6hF6F49', 'expanded_url': 'https://twitter.com/realamberheard/status/1201686300824236032', 'display_url': 'twitter.com/realamberheard…'}]",,
1224899605827112962,Twitter for Android,en,Aged like milk. #pos https://t.co/xB30WwaySC,"[{'type': 'quoted', 'id': '1201686300824236032'}]",1193734860025794560,2020-02-05T03:36:38.000Z,0,0,0,0,,1201686300824236032,Twitter for iPhone,en,"Amen! ..... actually, scratch that. Maybe we need to come up with better words? https://t.co/ZUiMPuAbHb","[{'type': 'quoted', 'id': '1201221660684308480'}]",46,217,555,32,"[{'start': 80, 'end': 103, 'url': 'https://t.co/ZUiMPuAbHb', 'expanded_url': 'https://twitter.com/emrazz/status/1201221660684308480', 'display_url': 'twitter.com/emrazz/status/…'}]",807003567605227520,2019-12-03T02:15:15.000Z,"Los Angeles, CA",https://pbs.twimg.com/profile_images/1383196364792680448/N8CdupEu_normal.jpg,Amber Heard,realamberheard,2016-12-08T23:26:58.000Z,807003567605227520,190336,220,1149,567,https://t.co/Ze18Ek9SOI,"Actor and Activist, semi-professional disruptor, ice cream advocate and shameless teacup yorkie-lover",https://pbs.twimg.com/profile_images/1195430136507699200/K_q2E91Y_normal.jpg,FourreurDeMeres,ClaqueJack,2019-11-11T03:39:34.000Z,1193734860025794560,0,5,123,0,,,,"[{'start': 21, 'end': 44, 'url': 'https://t.co/xB30WwaySC', 'expanded_url': 'https://twitter.com/realamberheard/status/1201686300824236032', 'display_url': 'twitter.com/realamberheard…'}]",,"[{'start': 16, 'end': 20, 'tag': 'pos'}]"
1224743575432204288,Twitter for Android,en,Stfu. You know what you did. https://t.co/0RPf6XxyxN,"[{'type': 'quoted', 'id': '1201686300824236032'}]",896317674,2020-02-04T17:16:37.000Z,0,0,0,0,,1201686300824236032,Twitter for iPhone,en,"Amen! ..... actually, scratch that. Maybe we need to come up with better words? https://t.co/ZUiMPuAbHb","[{'type': 'quoted', 'id': '1201221660684308480'}]",46,217,555,32,"[{'start': 80, 'end': 103, 'url': 'https://t.co/ZUiMPuAbHb', 'expanded_url': 'https://twitter.com/emrazz/status/1201221660684308480', 'display_url': 'twitter.com/emrazz/status/…'}]",807003567605227520,2019-12-03T02:15:15.000Z,"Los Angeles, CA",https://pbs.twimg.com/profile_images/1383196364792680448/N8CdupEu_normal.jpg,Amber Heard,realamberheard,2016-12-08T23:26:58.000Z,807003567605227520,190336,220,1149,567,https://t.co/Ze18Ek9SOI,"Actor and Activist, semi-professional disruptor, ice cream advocate and shameless teacup yorkie-lover",https://pbs.twimg.com/profile_images/1395818045239480322/nMD3dhls_normal.jpg,Pearls💕,Ayy_yo_its_Kary,2012-10-21T23:06:45.000Z,896317674,334,515,843,2,,,"Woodland, CA","[{'start': 29, 'end': 52, 'url': 'https://t.co/0RPf6XxyxN', 'expanded_url': 'https://twitter.com/realamberheard/status/1201686300824236032', 'display_url': 'twitter.com/realamberheard…'}]",,
1224366312853508097,Twitter Web App,en,bro come on https://t.co/rEPqTm5EG1,"[{'type': 'quoted', 'id': '1201686300824236032'}]",1202688280988438532,2020-02-03T16:17:31.000Z,0,0,0,0,,1201686300824236032,Twitter for iPhone,en,"Amen! ..... actually, scratch that. Maybe we need to come up with better words? https://t.co/ZUiMPuAbHb","[{'type': 'quoted', 'id': '1201221660684308480'}]",46,217,555,32,"[{'start': 80, 'end': 103, 'url': 'https://t.co/ZUiMPuAbHb', 'expanded_url': 'https://twitter.com/emrazz/status/1201221660684308480', 'display_url': 'twitter.com/emrazz/status/…'}]",807003567605227520,2019-12-03T02:15:15.000Z,"Los Angeles, CA",https://pbs.twimg.com/profile_images/1383196364792680448/N8CdupEu_normal.jpg,Amber Heard,realamberheard,2016-12-08T23:26:58.000Z,807003567605227520,190336,220,1149,567,https://t.co/Ze18Ek9SOI,"Actor and Activist, semi-professional disruptor, ice cream advocate and shameless teacup yorkie-lover",https://pbs.twimg.com/profile_images/1400112398023921664/Zi1h-nP6_normal.jpg,he who,hunkyjuicy,2019-12-05T20:36:52.000Z,1202688280988438532,21,87,927,0,,"me,",stu leanards,"[{'start': 12, 'end': 35, 'url': 'https://t.co/rEPqTm5EG1', 'expanded_url': 'https://twitter.com/realamberheard/status/1201686300824236032', 'display_url': 'twitter.com/realamberheard…'}]",,
1224291284623466496,Twitter for iPhone,en,RT @chariz4rdd: Well this aged well,"[{'type': 'retweeted', 'id': '1224290736633499649'}]",891352322621788161,2020-02-03T11:19:23.000Z,1,0,0,0,"[{'start': 3, 'end': 14, 'username': 'chariz4rdd', 'id': '1337134268'}]",1201686300824236032,Twitter for iPhone,en,"Amen! ..... actually, scratch that. Maybe we need to come up with better words? https://t.co/ZUiMPuAbHb","[{'type': 'quoted', 'id': '1201221660684308480'}]",46,217,555,32,"[{'start': 80, 'end': 103, 'url': 'https://t.co/ZUiMPuAbHb', 'expanded_url': 'https://twitter.com/emrazz/status/1201221660684308480', 'display_url': 'twitter.com/emrazz/status/…'}]",807003567605227520,2019-12-03T02:15:15.000Z,"Los Angeles, CA",https://pbs.twimg.com/profile_images/1383196364792680448/N8CdupEu_normal.jpg,Amber Heard,realamberheard,2016-12-08T23:26:58.000Z,807003567605227520,190336,220,1149,567,https://t.co/Ze18Ek9SOI,"Actor and Activist, semi-professional disruptor, ice cream advocate and shameless teacup yorkie-lover",https://pbs.twimg.com/profile_images/1505269177359216641/mSftlOjY_normal.jpg,🌙 𝖌𝖗𝖌 𝖆𝖒𝖞 - 𝖘𝖊𝖊 𝖕𝖎𝖓𝖓𝖊𝖉 🌙,asphodelmoon,2017-07-29T17:38:49.000Z,891352322621788161,2600,1104,153176,19,https://t.co/5y8Gh6ndvF,• goth mama • sims youtuber • next target: 225 subs • origin id: asphodelmoon • member of @grimreaperrgg • #GlytchFam member: asphodelmoon for 10% off •,she/her,,,
1224290736633499649,Twitter for iPhone,en,Well this aged well https://t.co/znK3xUneuD,"[{'type': 'quoted', 'id': '1201686300824236032'}]",1337134268,2020-02-03T11:17:12.000Z,1,0,0,0,,1201686300824236032,Twitter for iPhone,en,"Amen! ..... actually, scratch that. Maybe we need to come up with better words? https://t.co/ZUiMPuAbHb","[{'type': 'quoted', 'id': '1201221660684308480'}]",46,217,555,32,"[{'start': 80, 'end': 103, 'url': 'https://t.co/ZUiMPuAbHb', 'expanded_url': 'https://twitter.com/emrazz/status/1201221660684308480', 'display_url': 'twitter.com/emrazz/status/…'}]",807003567605227520,2019-12-03T02:15:15.000Z,"Los Angeles, CA",https://pbs.twimg.com/profile_images/1383196364792680448/N8CdupEu_normal.jpg,Amber Heard,realamberheard,2016-12-08T23:26:58.000Z,807003567605227520,190336,220,1149,567,https://t.co/Ze18Ek9SOI,"Actor and Activist, semi-professional disruptor, ice cream advocate and shameless teacup yorkie-lover",https://pbs.twimg.com/profile_images/1426502845667454976/3nnkDTC7_normal.jpg,Charlie,chariz4rdd,2013-04-08T17:05:23.000Z,1337134268,462,313,30329,3,https://t.co/FlEB2BSJx7,24 ♡ tattoo artist,"Leeds, England","[{'start': 20, 'end': 43, 'url': 'https://t.co/znK3xUneuD', 'expanded_url': 'https://twitter.com/realamberheard/status/1201686300824236032', 'display_url': 'twitter.com/realamberheard…'}]",,
1224110421939896320,Twitter Web App,en,"Oh, shut the fuck up Amber! https://t.co/R4dIvnEZ2d","[{'type': 'quoted', 'id': '1201686300824236032'}]",1200356811527733248,2020-02-02T23:20:42.000Z,0,0,0,0,,1201686300824236032,Twitter for iPhone,en,"Amen! ..... actually, scratch that. Maybe we need to come up with better words? https://t.co/ZUiMPuAbHb","[{'type': 'quoted', 'id': '1201221660684308480'}]",46,217,555,32,"[{'start': 80, 'end': 103, 'url': 'https://t.co/ZUiMPuAbHb', 'expanded_url': 'https://twitter.com/emrazz/status/1201221660684308480', 'display_url': 'twitter.com/emrazz/status/…'}]",807003567605227520,2019-12-03T02:15:15.000Z,"Los Angeles, CA",https://pbs.twimg.com/profile_images/1383196364792680448/N8CdupEu_normal.jpg,Amber Heard,realamberheard,2016-12-08T23:26:58.000Z,807003567605227520,190336,220,1149,567,https://t.co/Ze18Ek9SOI,"Actor and Activist, semi-professional disruptor, ice cream advocate and shameless teacup yorkie-lover",https://abs.twimg.com/sticky/default_profile_images/default_profile_normal.png,Jas,Jas97941632,2019-11-29T10:12:37.000Z,1200356811527733248,0,0,2,0,,Quiero mover el bote🥤💃🏻,,"[{'start': 28, 'end': 51, 'url': 'https://t.co/R4dIvnEZ2d', 'expanded_url': 'https://twitter.com/realamberheard/status/1201686300824236032', 'display_url': 'twitter.com/realamberheard…'}]","[{'start': 21, 'end': 25, 'probability': 0.9655, 'type': 'Person', 'normalized_text': 'Amber'}]",
1223937823683665924,Twitter for iPhone,en,lmao you said this w your entire chest knowing what you did... bitches are truly crazy https://t.co/Q4Oe8Ww2Qk,"[{'type': 'quoted', 'id': '1201686300824236032'}]",798927485324894208,2020-02-02T11:54:51.000Z,0,0,0,0,,1201686300824236032,Twitter for iPhone,en,"Amen! ..... actually, scratch that. Maybe we need to come up with better words? https://t.co/ZUiMPuAbHb","[{'type': 'quoted', 'id': '1201221660684308480'}]",46,217,555,32,"[{'start': 80, 'end': 103, 'url': 'https://t.co/ZUiMPuAbHb', 'expanded_url': 'https://twitter.com/emrazz/status/1201221660684308480', 'display_url': 'twitter.com/emrazz/status/…'}]",807003567605227520,2019-12-03T02:15:15.000Z,"Los Angeles, CA",https://pbs.twimg.com/profile_images/1383196364792680448/N8CdupEu_normal.jpg,Amber Heard,realamberheard,2016-12-08T23:26:58.000Z,807003567605227520,190336,220,1149,567,https://t.co/Ze18Ek9SOI,"Actor and Activist, semi-professional disruptor, ice cream advocate and shameless teacup yorkie-lover",https://pbs.twimg.com/profile_images/1450981192526827523/eDbKiscH_normal.jpg,🖤,blancemotion,2016-11-16T16:35:30.000Z,798927485324894208,355,146,15747,2,https://t.co/E48iJriopF,"sugar, spice and everything that’ll fucking kill you | 21 | WA | INTJ-A / INTJ-T | nsfw @blancemotionn | snap/insta; blancemotionn",ur mind,"[{'start': 87, 'end': 110, 'url': 'https://t.co/Q4Oe8Ww2Qk', 'expanded_url': 'https://twitter.com/realamberheard/status/1201686300824236032', 'display_url': 'twitter.com/realamberheard…'}]",,
1223843958759051264,Twitter Web App,en,"The. Nerve. Of. SOME. people.
&gt;.&lt; https://t.co/Zz3Ke962QC","[{'type': 'quoted', 'id': '1201686300824236032'}]",27031592,2020-02-02T05:41:52.000Z,0,0,0,0,,1201686300824236032,Twitter for iPhone,en,"Amen! ..... actually, scratch that. Maybe we need to come up with better words? https://t.co/ZUiMPuAbHb","[{'type': 'quoted', 'id': '1201221660684308480'}]",46,217,555,32,"[{'start': 80, 'end': 103, 'url': 'https://t.co/ZUiMPuAbHb', 'expanded_url': 'https://twitter.com/emrazz/status/1201221660684308480', 'display_url': 'twitter.com/emrazz/status/…'}]",807003567605227520,2019-12-03T02:15:15.000Z,"Los Angeles, CA",https://pbs.twimg.com/profile_images/1383196364792680448/N8CdupEu_normal.jpg,Amber Heard,realamberheard,2016-12-08T23:26:58.000Z,807003567605227520,190336,220,1149,567,https://t.co/Ze18Ek9SOI,"Actor and Activist, semi-professional disruptor, ice cream advocate and shameless teacup yorkie-lover",https://pbs.twimg.com/profile_images/1224596865/my_face2010_normal.jpg,DR Hoctor,drhoctor2,2009-03-27T15:53:23.000Z,27031592,3448,4963,378558,131,,Everything that hasn't killed me has made me MUCH weaker,"Southern Tier, NY","[{'start': 40, 'end': 63, 'url': 'https://t.co/Zz3Ke962QC', 'expanded_url': 'https://twitter.com/realamberheard/status/1201686300824236032', 'display_url': 'twitter.com/realamberheard…'}]",,
1223843611919429632,Twitter Web App,en,SHURRRRRRRRRRRRRRRRUP YOUR MOUTH!!!! https://t.co/0CtdLlsrPs,"[{'type': 'quoted', 'id': '1201686300824236032'}]",175573125,2020-02-02T05:40:29.000Z,0,0,0,0,,1201686300824236032,Twitter for iPhone,en,"Amen! ..... actually, scratch that. Maybe we need to come up with better words? https://t.co/ZUiMPuAbHb","[{'type': 'quoted', 'id': '1201221660684308480'}]",46,217,555,32,"[{'start': 80, 'end': 103, 'url': 'https://t.co/ZUiMPuAbHb', 'expanded_url': 'https://twitter.com/emrazz/status/1201221660684308480', 'display_url': 'twitter.com/emrazz/status/…'}]",807003567605227520,2019-12-03T02:15:15.000Z,"Los Angeles, CA",https://pbs.twimg.com/profile_images/1383196364792680448/N8CdupEu_normal.jpg,Amber Heard,realamberheard,2016-12-08T23:26:58.000Z,807003567605227520,190336,220,1149,567,https://t.co/Ze18Ek9SOI,"Actor and Activist, semi-professional disruptor, ice cream advocate and shameless teacup yorkie-lover",https://pbs.twimg.com/profile_images/1505680459409285125/aOHpgMR3_normal.jpg,Ømo,Omo_6,2010-08-07T00:18:10.000Z,175573125,732,450,114599,24,,Ever heard of the wolf in sheep's clothing?.. I go to the same tailor.  🎃 🇫🇷🇳🇬,"Montpellier, France","[{'start': 37, 'end': 60, 'url': 'https://t.co/0CtdLlsrPs', 'expanded_url': 'https://twitter.com/realamberheard/status/1201686300824236032', 'display_url': 'twitter.com/realamberheard…'}]",,
1223842500806422528,Twitter Web App,en,Like Sorry Johnny https://t.co/YJPzeklULw,"[{'type': 'quoted', 'id': '1201686300824236032'}]",445150482,2020-02-02T05:36:04.000Z,0,0,0,1,,1201686300824236032,Twitter for iPhone,en,"Amen! ..... actually, scratch that. Maybe we need to come up with better words? https://t.co/ZUiMPuAbHb","[{'type': 'quoted', 'id': '1201221660684308480'}]",46,217,555,32,"[{'start': 80, 'end': 103, 'url': 'https://t.co/ZUiMPuAbHb', 'expanded_url': 'https://twitter.com/emrazz/status/1201221660684308480', 'display_url': 'twitter.com/emrazz/status/…'}]",807003567605227520,2019-12-03T02:15:15.000Z,"Los Angeles, CA",https://pbs.twimg.com/profile_images/1383196364792680448/N8CdupEu_normal.jpg,Amber Heard,realamberheard,2016-12-08T23:26:58.000Z,807003567605227520,190336,220,1149,567,https://t.co/Ze18Ek9SOI,"Actor and Activist, semi-professional disruptor, ice cream advocate and shameless teacup yorkie-lover",https://pbs.twimg.com/profile_images/1382759710739283969/tAGuWaDE_normal.jpg,Jennifer,BindibindiVeda,2011-12-24T02:30:39.000Z,445150482,315,637,16537,6,,https://t.co/ETb6tu1gYy,Peace of mind ,"[{'start': 18, 'end': 41, 'url': 'https://t.co/YJPzeklULw', 'expanded_url': 'https://twitter.com/realamberheard/status/1201686300824236032', 'display_url': 'twitter.com/realamberheard…'}]","[{'start': 5, 'end': 16, 'probability': 0.4867, 'type': 'Person', 'normalized_text': 'Sorry Johnny'}]",
1223800089677725697,Twitter for iPhone,en,"Yeah, like how “hit” is so much better than “punch.”
#johnnydepp https://t.co/FzD6gkw2qf","[{'type': 'quoted', 'id': '1201686300824236032'}]",33602856,2020-02-02T02:47:33.000Z,0,0,0,0,,1201686300824236032,Twitter for iPhone,en,"Amen! ..... actually, scratch that. Maybe we need to come up with better words? https://t.co/ZUiMPuAbHb","[{'type': 'quoted', 'id': '1201221660684308480'}]",46,217,555,32,"[{'start': 80, 'end': 103, 'url': 'https://t.co/ZUiMPuAbHb', 'expanded_url': 'https://twitter.com/emrazz/status/1201221660684308480', 'display_url': 'twitter.com/emrazz/status/…'}]",807003567605227520,2019-12-03T02:15:15.000Z,"Los Angeles, CA",https://pbs.twimg.com/profile_images/1383196364792680448/N8CdupEu_normal.jpg,Amber Heard,realamberheard,2016-12-08T23:26:58.000Z,807003567605227520,190336,220,1149,567,https://t.co/Ze18Ek9SOI,"Actor and Activist, semi-professional disruptor, ice cream advocate and shameless teacup yorkie-lover",https://pbs.twimg.com/profile_images/1347419470881456130/xVEW9P4C_normal.jpg,Grandiloquent Dilettante,bullshitgimmick,2009-04-20T18:05:17.000Z,33602856,401,4894,11453,3,,"Designed by clowns, supervised by monkeys.",4 Oreos From Heaven,"[{'start': 65, 'end': 88, 'url': 'https://t.co/FzD6gkw2qf', 'expanded_url': 'https://twitter.com/realamberheard/status/1201686300824236032', 'display_url': 'twitter.com/realamberheard…'}]",,"[{'start': 53, 'end': 64, 'tag': 'johnnydepp'}]"
1201741977328521216,Twitter for iPhone,en,This does not apply to you. You lied. https://t.co/SBL6Fnl9e7,"[{'type': 'quoted', 'id': '1201686300824236032'}]",46127660,2019-12-03T05:56:29.000Z,0,0,0,0,,1201686300824236032,Twitter for iPhone,en,"Amen! ..... actually, scratch that. Maybe we need to come up with better words? https://t.co/ZUiMPuAbHb","[{'type': 'quoted', 'id': '1201221660684308480'}]",46,217,555,32,"[{'start': 80, 'end': 103, 'url': 'https://t.co/ZUiMPuAbHb', 'expanded_url': 'https://twitter.com/emrazz/status/1201221660684308480', 'display_url': 'twitter.com/emrazz/status/…'}]",807003567605227520,2019-12-03T02:15:15.000Z,"Los Angeles, CA",https://pbs.twimg.com/profile_images/1383196364792680448/N8CdupEu_normal.jpg,Amber Heard,realamberheard,2016-12-08T23:26:58.000Z,807003567605227520,190336,220,1149,567,https://t.co/Ze18Ek9SOI,"Actor and Activist, semi-professional disruptor, ice cream advocate and shameless teacup yorkie-lover",https://pbs.twimg.com/profile_images/1487601571546517506/SdRoMqLl_normal.jpg,beau 💙💛,fireinherveinzz,2009-06-10T14:45:46.000Z,46127660,1432,4956,156821,36,,"Being In Total Control of Herself, she/her, gender/sexualitystudies student in progress , socialist , diehard reylo not sylki |26 Pro choice",,"[{'start': 38, 'end': 61, 'url': 'https://t.co/SBL6Fnl9e7', 'expanded_url': 'https://twitter.com/realamberheard/status/1201686300824236032', 'display_url': 'twitter.com/realamberheard…'}]",,
1201690827149340672,Twitter for iPhone,en,"But I do care about the victim and defending the victims... 😫😫😫

The pain inflicted always matters and full autonomy over oneself!! 

#IRespectAmberHeard #atheist #atheism #IStandWithMelissa #AmberHeard #MelissaBenoist 

#egalitarian https://t.co/eotP4VkH8P","[{'type': 'quoted', 'id': '1201686300824236032'}]",847762217546137600,2019-12-03T02:33:14.000Z,0,0,0,0,,1201686300824236032,Twitter for iPhone,en,"Amen! ..... actually, scratch that. Maybe we need to come up with better words? https://t.co/ZUiMPuAbHb","[{'type': 'quoted', 'id': '1201221660684308480'}]",46,217,555,32,"[{'start': 80, 'end': 103, 'url': 'https://t.co/ZUiMPuAbHb', 'expanded_url': 'https://twitter.com/emrazz/status/1201221660684308480', 'display_url': 'twitter.com/emrazz/status/…'}]",807003567605227520,2019-12-03T02:15:15.000Z,"Los Angeles, CA",https://pbs.twimg.com/profile_images/1383196364792680448/N8CdupEu_normal.jpg,Amber Heard,realamberheard,2016-12-08T23:26:58.000Z,807003567605227520,190336,220,1149,567,https://t.co/Ze18Ek9SOI,"Actor and Activist, semi-professional disruptor, ice cream advocate and shameless teacup yorkie-lover",https://pbs.twimg.com/profile_images/1180185247884824576/3Zvt_F6Y_normal.jpg,Christina Taft 🧬CEO🏖🎶✈️,XTinaTaft,2017-03-31T10:47:18.000Z,847762217546137600,2653,4555,32732,21,https://t.co/7SykGO7PSU,#Founder Social Media for Good ~ https://t.co/7SykGO7PSU🚀Better World #CEO✈Innovator🎉#Egalitarian🎸#Entrepreneur🐬#Tech🏖#Futurist💡#Motivationology☀️#Data🧡#WomenInPower,Worldie.com & International 🚀,"[{'start': 234, 'end': 257, 'url': 'https://t.co/eotP4VkH8P', 'expanded_url': 'https://twitter.com/realamberheard/status/1201686300824236032', 'display_url': 'twitter.com/realamberheard…'}]",,"[{'start': 134, 'end': 153, 'tag': 'IRespectAmberHeard'}, {'start': 154, 'end': 162, 'tag': 'atheist'}, {'start': 163, 'end': 171, 'tag': 'atheism'}, {'start': 172, 'end': 190, 'tag': 'IStandWithMelissa'}, {'start': 191, 'end': 202, 'tag': 'AmberHeard'}, {'start': 203, 'end': 218, 'tag': 'MelissaBenoist'}, {'start': 221, 'end': 233, 'tag': 'egalitarian'}]"
