id,source,lang,text,referenced_tweets,author_id,created_at,public_metrics.retweet_count,public_metrics.reply_count,public_metrics.like_count,public_metrics.quote_count,entities.urls,entities.annotations,quoted_tweet.id,quoted_tweet.source,quoted_tweet.lang,quoted_tweet.text,quoted_tweet.referenced_tweets,quoted_tweet.public_metrics.retweet_count,quoted_tweet.public_metrics.reply_count,quoted_tweet.public_metrics.like_count,quoted_tweet.public_metrics.quote_count,quoted_tweet.entities.mentions,quoted_tweet.in_reply_to_user_id,quoted_tweet.author_id,quoted_tweet.created_at,quoted_tweet.author.location,quoted_tweet.author.profile_image_url,quoted_tweet.author.name,quoted_tweet.author.username,quoted_tweet.author.created_at,quoted_tweet.author.id,quoted_tweet.author.public_metrics.followers_count,quoted_tweet.author.public_metrics.following_count,quoted_tweet.author.public_metrics.tweet_count,quoted_tweet.author.public_metrics.listed_count,quoted_tweet.author.url,quoted_tweet.author.description,author.profile_image_url,author.name,author.username,author.created_at,author.id,author.public_metrics.followers_count,author.public_metrics.following_count,author.public_metrics.tweet_count,author.public_metrics.listed_count,author.url,author.description,entities.hashtags,author.location
1329266461890678785,Twitter for iPhone,en,"Fuck you amber, who gave you the twitter password https://t.co/e9n4g5nIYM","[{'type': 'quoted', 'id': '1263659972786716673'}]",1307487660840157184,2020-11-19T03:33:15.000Z,0,0,1,0,"[{'start': 50, 'end': 73, 'url': 'https://t.co/e9n4g5nIYM', 'expanded_url': 'https://twitter.com/realamberheard/status/1263659972786716673', 'display_url': 'twitter.com/realamberheard…'}]","[{'start': 9, 'end': 13, 'probability': 0.7096, 'type': 'Person', 'normalized_text': 'amber'}, {'start': 33, 'end': 39, 'probability': 0.689, 'type': 'Product', 'normalized_text': 'twitter'}]",1263659972786716673,Twitter Web App,en,@PrincessKeriana spot on....,"[{'type': 'replied_to', 'id': '1263657286238482435'}]",7,115,58,6,"[{'start': 0, 'end': 16, 'username': 'princesskeriana', 'id': '1333006770323787777'}]",874672736794140673,807003567605227520,2020-05-22T02:36:29.000Z,"Los Angeles, CA",https://pbs.twimg.com/profile_images/1383196364792680448/N8CdupEu_normal.jpg,Amber Heard,realamberheard,2016-12-08T23:26:58.000Z,807003567605227520,190336,220,1149,567,https://t.co/Ze18Ek9SOI,"Actor and Activist, semi-professional disruptor, ice cream advocate and shameless teacup yorkie-lover",https://pbs.twimg.com/profile_images/1307489182684606466/ZQbNm2NL_normal.jpg,Chug Bingus,bingus_chug,2020-09-20T01:12:18.000Z,1307487660840157184,3,2,75,0,,,,
1277885989193764864,Twitter for Android,en,"This bitch is replying to people on her actual Twitter saying they're #cyberbullying her. 

After telling Johnny Depp he was a ""baby"" after she physically slapped him.

REALLY BITCH. REALLY. https://t.co/idV6pkgfhA https://t.co/NIpcyLigyc","[{'type': 'quoted', 'id': '1263659972786716673'}]",18668766,2020-06-30T08:45:36.000Z,0,0,1,0,"[{'start': 191, 'end': 214, 'url': 'https://t.co/idV6pkgfhA', 'expanded_url': 'https://twitter.com/TinyBoxTink/status/1277885989193764864/photo/1', 'display_url': 'pic.twitter.com/idV6pkgfhA'}, {'start': 215, 'end': 238, 'url': 'https://t.co/NIpcyLigyc', 'expanded_url': 'https://twitter.com/realamberheard/status/1263659972786716673', 'display_url': 'twitter.com/realamberheard…'}]","[{'start': 47, 'end': 53, 'probability': 0.8242, 'type': 'Product', 'normalized_text': 'Twitter'}, {'start': 106, 'end': 116, 'probability': 0.9956, 'type': 'Person', 'normalized_text': 'Johnny Depp'}]",1263659972786716673,Twitter Web App,en,@PrincessKeriana spot on....,"[{'type': 'replied_to', 'id': '1263657286238482435'}]",7,115,58,6,"[{'start': 0, 'end': 16, 'username': 'princesskeriana', 'id': '1333006770323787777'}]",874672736794140673,807003567605227520,2020-05-22T02:36:29.000Z,"Los Angeles, CA",https://pbs.twimg.com/profile_images/1383196364792680448/N8CdupEu_normal.jpg,Amber Heard,realamberheard,2016-12-08T23:26:58.000Z,807003567605227520,190336,220,1149,567,https://t.co/Ze18Ek9SOI,"Actor and Activist, semi-professional disruptor, ice cream advocate and shameless teacup yorkie-lover",https://pbs.twimg.com/profile_images/1505439390184607747/2C9joySw_normal.png,♥️𝔽𝕚♥️,TinyBoxTink,2009-01-06T09:47:38.000Z,18668766,436,1188,52863,17,https://t.co/bD0L0N9wjg,𝓣𝓱𝓮 𝓽𝓱𝓸𝓾𝓰𝓱𝓽 𝓸𝓯 𝓷𝓸𝓽 𝓫𝓮𝓲𝓷𝓰 𝓶𝓸𝓽𝓲𝓿𝓪𝓽𝓮𝓭 𝓫𝔂 𝓮𝔁𝓽𝓮𝓻𝓷𝓪𝓵 𝓿𝓪𝓵𝓲𝓭𝓪𝓽𝓲𝓸𝓷 𝓲𝓼 𝓪𝓵𝓶𝓸𝓼𝓽 𝓾𝓷𝓯𝓪𝓽𝓱𝓸𝓶𝓪𝓫𝓵𝓮,"[{'start': 70, 'end': 84, 'tag': 'cyberbullying'}]","Dallas, TX"
1266794247690375169,Twitter for iPhone,en,"Amber, the first and last love of my life, my heart beats for you, without you, life has no meaning for me, you are the whole reason for my life♥️♥️♥️♥️♥️♥️♥️♥️♥️ https://t.co/aQ0gx3ikqv","[{'type': 'quoted', 'id': '1263659972786716673'}]",1252557073033953280,2020-05-30T18:10:59.000Z,0,1,0,0,"[{'start': 163, 'end': 186, 'url': 'https://t.co/aQ0gx3ikqv', 'expanded_url': 'https://twitter.com/realamberheard/status/1263659972786716673', 'display_url': 'twitter.com/realamberheard…'}]","[{'start': 0, 'end': 4, 'probability': 0.9135, 'type': 'Person', 'normalized_text': 'Amber'}]",1263659972786716673,Twitter Web App,en,@PrincessKeriana spot on....,"[{'type': 'replied_to', 'id': '1263657286238482435'}]",7,115,58,6,"[{'start': 0, 'end': 16, 'username': 'princesskeriana', 'id': '1333006770323787777'}]",874672736794140673,807003567605227520,2020-05-22T02:36:29.000Z,"Los Angeles, CA",https://pbs.twimg.com/profile_images/1383196364792680448/N8CdupEu_normal.jpg,Amber Heard,realamberheard,2016-12-08T23:26:58.000Z,807003567605227520,190336,220,1149,567,https://t.co/Ze18Ek9SOI,"Actor and Activist, semi-professional disruptor, ice cream advocate and shameless teacup yorkie-lover",https://pbs.twimg.com/profile_images/1252557426475315200/q4InRVD0_normal.jpg,mahdi,mahdi12979811,2020-04-21T11:17:51.000Z,1252557073033953280,4,5,295,0,,"Because the end result is not the work of the world / as if you are not, be happy. @realamberheard ❤️ My love is Amber Heard she is my ♥️",,
1266793368434159619,Twitter for iPhone,en,"You are my whole world, Amber, you are the only love of my life https://t.co/aQ0gx3ikqv","[{'type': 'quoted', 'id': '1263659972786716673'}]",1252557073033953280,2020-05-30T18:07:29.000Z,0,0,1,0,"[{'start': 64, 'end': 87, 'url': 'https://t.co/aQ0gx3ikqv', 'expanded_url': 'https://twitter.com/realamberheard/status/1263659972786716673', 'display_url': 'twitter.com/realamberheard…'}]","[{'start': 24, 'end': 28, 'probability': 0.9363, 'type': 'Person', 'normalized_text': 'Amber'}]",1263659972786716673,Twitter Web App,en,@PrincessKeriana spot on....,"[{'type': 'replied_to', 'id': '1263657286238482435'}]",7,115,58,6,"[{'start': 0, 'end': 16, 'username': 'princesskeriana', 'id': '1333006770323787777'}]",874672736794140673,807003567605227520,2020-05-22T02:36:29.000Z,"Los Angeles, CA",https://pbs.twimg.com/profile_images/1383196364792680448/N8CdupEu_normal.jpg,Amber Heard,realamberheard,2016-12-08T23:26:58.000Z,807003567605227520,190336,220,1149,567,https://t.co/Ze18Ek9SOI,"Actor and Activist, semi-professional disruptor, ice cream advocate and shameless teacup yorkie-lover",https://pbs.twimg.com/profile_images/1252557426475315200/q4InRVD0_normal.jpg,mahdi,mahdi12979811,2020-04-21T11:17:51.000Z,1252557073033953280,4,5,295,0,,"Because the end result is not the work of the world / as if you are not, be happy. @realamberheard ❤️ My love is Amber Heard she is my ♥️",,
1263706633336532993,Twitter for iPad,en,Stop playing the victim. 🙂 #AmberHeard #AmberHeardIsAnAbuser #AmberHeardIsALiar https://t.co/zE4Iu4AZF9,"[{'type': 'quoted', 'id': '1263659972786716673'}]",146876398,2020-05-22T05:41:54.000Z,0,0,0,0,"[{'start': 80, 'end': 103, 'url': 'https://t.co/zE4Iu4AZF9', 'expanded_url': 'https://twitter.com/realamberheard/status/1263659972786716673', 'display_url': 'twitter.com/realamberheard…'}]",,1263659972786716673,Twitter Web App,en,@PrincessKeriana spot on....,"[{'type': 'replied_to', 'id': '1263657286238482435'}]",7,115,58,6,"[{'start': 0, 'end': 16, 'username': 'princesskeriana', 'id': '1333006770323787777'}]",874672736794140673,807003567605227520,2020-05-22T02:36:29.000Z,"Los Angeles, CA",https://pbs.twimg.com/profile_images/1383196364792680448/N8CdupEu_normal.jpg,Amber Heard,realamberheard,2016-12-08T23:26:58.000Z,807003567605227520,190336,220,1149,567,https://t.co/Ze18Ek9SOI,"Actor and Activist, semi-professional disruptor, ice cream advocate and shameless teacup yorkie-lover",https://pbs.twimg.com/profile_images/1505394847699505154/1ssaPozb_normal.jpg,🍎◉◎ 𝙷𝚢𝚙𝚎 𝙹𝚊𝚢𝚑 ◎◉🍎,hyper_buzzer,2010-05-22T15:35:30.000Z,146876398,95,206,65610,0,,⋆ ✎ ̼ Honey Jae 😺﹆𓈓 🐱🍑,"[{'start': 27, 'end': 38, 'tag': 'AmberHeard'}, {'start': 39, 'end': 60, 'tag': 'AmberHeardIsAnAbuser'}, {'start': 61, 'end': 79, 'tag': 'AmberHeardIsALiar'}]",
