source,text,author_id,lang,created_at,id,referenced_tweets,public_metrics.retweet_count,public_metrics.reply_count,public_metrics.like_count,public_metrics.quote_count,entities.urls,entities.hashtags,quoted_tweet.public_metrics.retweet_count,quoted_tweet.public_metrics.reply_count,quoted_tweet.public_metrics.like_count,quoted_tweet.public_metrics.quote_count,quoted_tweet.source,quoted_tweet.entities.urls,quoted_tweet.text,quoted_tweet.author_id,quoted_tweet.lang,quoted_tweet.created_at,quoted_tweet.id,quoted_tweet.author.username,quoted_tweet.author.location,quoted_tweet.author.description,quoted_tweet.author.id,quoted_tweet.author.url,quoted_tweet.author.profile_image_url,quoted_tweet.author.name,quoted_tweet.author.public_metrics.followers_count,quoted_tweet.author.public_metrics.following_count,quoted_tweet.author.public_metrics.tweet_count,quoted_tweet.author.public_metrics.listed_count,quoted_tweet.author.created_at,author.username,author.location,author.description,author.id,author.url,author.profile_image_url,author.name,author.public_metrics.followers_count,author.public_metrics.following_count,author.public_metrics.tweet_count,author.public_metrics.listed_count,author.created_at,entities.annotations,entities.mentions
Twitter for Android,"https://t.co/zwQxL1ZHXO

#JohnnyDeppIsInnocent
#AmberHeardIsAFraud

It appears #Misheard has a habit of creating an internal fantasy life, and when said fantasy aids an anecdote, she pulls it out, again‼️ https://t.co/Bb5uiXpWem",232377398,en,2020-08-29T10:03:45.000Z,1299648930016362496,"[{'type': 'quoted', 'id': '1296979194258305024'}]",0,0,0,0,"[{'start': 0, 'end': 23, 'url': 'https://t.co/zwQxL1ZHXO', 'expanded_url': 'https://www.instagram.com/p/CELDtjghKuM/?igshid=8dxuzhtysa0r', 'display_url': 'instagram.com/p/CELDtjghKuM/…'}, {'start': 205, 'end': 228, 'url': 'https://t.co/Bb5uiXpWem', 'expanded_url': 'https://twitter.com/realamberheard/status/1296979194258305024', 'display_url': 'twitter.com/realamberheard…'}]","[{'start': 25, 'end': 46, 'tag': 'JohnnyDeppIsInnocent'}, {'start': 47, 'end': 66, 'tag': 'AmberHeardIsAFraud'}, {'start': 79, 'end': 88, 'tag': 'Misheard'}]",44,208,535,13,Instagram,"[{'start': 94, 'end': 117, 'url': 'https://t.co/CFIjfrDW7H', 'expanded_url': 'https://www.instagram.com/p/CELDtjghKuM/?igshid=1n0vcaeadxfrp', 'display_url': 'instagram.com/p/CELDtjghKuM/…', 'status': 200, 'unwound_url': 'https://www.instagram.com/p/CELDtjghKuM/?igshid=1n0vcaeadxfrp'}]",SPF1000 + beautiful + ADD - emergency that must be dealt with IMMEDIATELY = beach-bag library https://t.co/CFIjfrDW7H,807003567605227520,en,2020-08-22T01:15:11.000Z,1296979194258305024,realamberheard,"Los Angeles, CA","Actor and Activist, semi-professional disruptor, ice cream advocate and shameless teacup yorkie-lover",807003567605227520,https://t.co/Ze18Ek9SOI,https://pbs.twimg.com/profile_images/1383196364792680448/N8CdupEu_normal.jpg,Amber Heard,190336,220,1149,567,2016-12-08T23:26:58.000Z,TeriCarson,"Islington, London","Navigating without a fecking compass. 🧭 All roads lead to the sea. 🌊
☘️ Póg Mo Thóin ☘️
☘️ 💚🤍🧡 ☘️",232377398,,https://pbs.twimg.com/profile_images/1474860148984360970/a6n5DDOQ_normal.jpg,Teri Carson ☠️ 🇮🇪 💀 🇨🇮 ☠️,2530,4838,117806,11,2010-12-31T00:24:22.000Z,,
Twitter Web App,RT @potterdiaries_: Imagine lying under oath that you don’t have ADHD and call a medical worker a liar then post this. https://t.co/vXzANkw…,806124855485575168,en,2020-08-23T22:54:11.000Z,1297668486995431424,"[{'type': 'retweeted', 'id': '1297109074811801601'}]",3,0,0,0,,,44,208,535,13,Instagram,"[{'start': 94, 'end': 117, 'url': 'https://t.co/CFIjfrDW7H', 'expanded_url': 'https://www.instagram.com/p/CELDtjghKuM/?igshid=1n0vcaeadxfrp', 'display_url': 'instagram.com/p/CELDtjghKuM/…', 'status': 200, 'unwound_url': 'https://www.instagram.com/p/CELDtjghKuM/?igshid=1n0vcaeadxfrp'}]",SPF1000 + beautiful + ADD - emergency that must be dealt with IMMEDIATELY = beach-bag library https://t.co/CFIjfrDW7H,807003567605227520,en,2020-08-22T01:15:11.000Z,1296979194258305024,realamberheard,"Los Angeles, CA","Actor and Activist, semi-professional disruptor, ice cream advocate and shameless teacup yorkie-lover",807003567605227520,https://t.co/Ze18Ek9SOI,https://pbs.twimg.com/profile_images/1383196364792680448/N8CdupEu_normal.jpg,Amber Heard,190336,220,1149,567,2016-12-08T23:26:58.000Z,chicktaek,Please read my carrd! ,"Golcha H unit when? 
She/her
★ 
Priv @hashyoungtaek
Carrd worldbuilding in progress, apologies for the inconvenience",806124855485575168,https://t.co/gJHAQekE2P,https://pbs.twimg.com/profile_images/1420212250086805505/CfGX2TZx_normal.jpg,Hyperfixating 24/7,151,305,26113,1,2016-12-06T13:15:17.000Z,,
Twitter for iPhone,Fuck this abuser. Types more like a bot than the DV survivors she accuses of being bots 🙄🙄 https://t.co/3HgzZ5y5dG,1275306553894154241,en,2020-08-23T02:29:00.000Z,1297360160336338956,"[{'type': 'quoted', 'id': '1296979194258305024'}]",0,0,9,0,"[{'start': 91, 'end': 114, 'url': 'https://t.co/3HgzZ5y5dG', 'expanded_url': 'https://twitter.com/realamberheard/status/1296979194258305024', 'display_url': 'twitter.com/realamberheard…'}]",,44,208,535,13,Instagram,"[{'start': 94, 'end': 117, 'url': 'https://t.co/CFIjfrDW7H', 'expanded_url': 'https://www.instagram.com/p/CELDtjghKuM/?igshid=1n0vcaeadxfrp', 'display_url': 'instagram.com/p/CELDtjghKuM/…', 'status': 200, 'unwound_url': 'https://www.instagram.com/p/CELDtjghKuM/?igshid=1n0vcaeadxfrp'}]",SPF1000 + beautiful + ADD - emergency that must be dealt with IMMEDIATELY = beach-bag library https://t.co/CFIjfrDW7H,807003567605227520,en,2020-08-22T01:15:11.000Z,1296979194258305024,realamberheard,"Los Angeles, CA","Actor and Activist, semi-professional disruptor, ice cream advocate and shameless teacup yorkie-lover",807003567605227520,https://t.co/Ze18Ek9SOI,https://pbs.twimg.com/profile_images/1383196364792680448/N8CdupEu_normal.jpg,Amber Heard,190336,220,1149,567,2016-12-08T23:26:58.000Z,LebowskiJohnny,,we live in a society where a day sober is a day wasted #JusticeforJohnnyDepp,1275306553894154241,,https://pbs.twimg.com/profile_images/1493485829448245250/oKBjGfzp_normal.jpg,Johnny Lebowski,385,369,7454,1,2020-06-23T05:56:05.000Z,,
Twitter for Android,#AmberHeardIsAnAbuser #WeJustDontLikeYouAmberHeard https://t.co/6dfSv7pJdZ https://t.co/yAl5qqNNRy,1139879876834418688,und,2020-08-23T01:53:59.000Z,1297351349202374657,"[{'type': 'quoted', 'id': '1296979194258305024'}]",0,0,3,0,"[{'start': 51, 'end': 74, 'url': 'https://t.co/6dfSv7pJdZ', 'expanded_url': 'https://twitter.com/EffervescentlyT/status/1297351349202374657/photo/1', 'display_url': 'pic.twitter.com/6dfSv7pJdZ'}, {'start': 75, 'end': 98, 'url': 'https://t.co/yAl5qqNNRy', 'expanded_url': 'https://twitter.com/realamberheard/status/1296979194258305024', 'display_url': 'twitter.com/realamberheard…'}]","[{'start': 0, 'end': 21, 'tag': 'AmberHeardIsAnAbuser'}, {'start': 22, 'end': 50, 'tag': 'WeJustDontLikeYouAmberHeard'}]",44,208,535,13,Instagram,"[{'start': 94, 'end': 117, 'url': 'https://t.co/CFIjfrDW7H', 'expanded_url': 'https://www.instagram.com/p/CELDtjghKuM/?igshid=1n0vcaeadxfrp', 'display_url': 'instagram.com/p/CELDtjghKuM/…', 'status': 200, 'unwound_url': 'https://www.instagram.com/p/CELDtjghKuM/?igshid=1n0vcaeadxfrp'}]",SPF1000 + beautiful + ADD - emergency that must be dealt with IMMEDIATELY = beach-bag library https://t.co/CFIjfrDW7H,807003567605227520,en,2020-08-22T01:15:11.000Z,1296979194258305024,realamberheard,"Los Angeles, CA","Actor and Activist, semi-professional disruptor, ice cream advocate and shameless teacup yorkie-lover",807003567605227520,https://t.co/Ze18Ek9SOI,https://pbs.twimg.com/profile_images/1383196364792680448/N8CdupEu_normal.jpg,Amber Heard,190336,220,1149,567,2016-12-08T23:26:58.000Z,EffervescentlyT,,Tired. Angry. Almost 30. The 20's came back and brought all the bullshit with it 🍾😩,1139879876834418688,,https://pbs.twimg.com/profile_images/1147046938627301377/N_tdYHWz_normal.jpg,EffervescentlyTired😴🌌,14,100,4047,0,2019-06-15T12:58:35.000Z,,
Twitter for iPhone,"The audacity, Amber, of posting on IG when you should dig a 1000 feet grave for your lies. #WeJustDontLikeYouAmberHeard #NotaBot https://t.co/6Rk8rm70Tr",1280597383601061897,en,2020-08-22T17:47:40.000Z,1297228963346087936,,0,0,3,0,"[{'start': 129, 'end': 152, 'url': 'https://t.co/6Rk8rm70Tr', 'expanded_url': 'https://twitter.com/realamberheard/status/1296979194258305024', 'display_url': 'twitter.com/realamberheard…'}]","[{'start': 91, 'end': 119, 'tag': 'WeJustDontLikeYouAmberHeard'}, {'start': 120, 'end': 128, 'tag': 'NotaBot'}]",44,208,535,13,Instagram,"[{'start': 94, 'end': 117, 'url': 'https://t.co/CFIjfrDW7H', 'expanded_url': 'https://www.instagram.com/p/CELDtjghKuM/?igshid=1n0vcaeadxfrp', 'display_url': 'instagram.com/p/CELDtjghKuM/…', 'status': 200, 'unwound_url': 'https://www.instagram.com/p/CELDtjghKuM/?igshid=1n0vcaeadxfrp'}]",SPF1000 + beautiful + ADD - emergency that must be dealt with IMMEDIATELY = beach-bag library https://t.co/CFIjfrDW7H,807003567605227520,en,2020-08-22T01:15:11.000Z,1296979194258305024,realamberheard,"Los Angeles, CA","Actor and Activist, semi-professional disruptor, ice cream advocate and shameless teacup yorkie-lover",807003567605227520,https://t.co/Ze18Ek9SOI,https://pbs.twimg.com/profile_images/1383196364792680448/N8CdupEu_normal.jpg,Amber Heard,190336,220,1149,567,2016-12-08T23:26:58.000Z,seedoftruth1,The truth,Standing on the right side of the roaring rapids,1280597383601061897,https://t.co/pkkrtG0kB5,https://pbs.twimg.com/profile_images/1419743084263452678/bXHwK04R_normal.jpg,seedoftruth🏴‍☠️,653,370,7379,3,2020-07-07T20:19:58.000Z,"[{'start': 14, 'end': 18, 'probability': 0.9248, 'type': 'Person', 'normalized_text': 'Amber'}]",
Twitter for iPhone,RT @Gwennafran: #WeJustDontLikeYouAmber Note the ADD lie 🙏💋,464424709,en,2020-08-22T11:52:19.000Z,1297139534111490051,"[{'type': 'retweeted', 'id': '1297109375249776640'}]",1,0,0,0,,"[{'start': 16, 'end': 39, 'tag': 'WeJustDontLikeYouAmber'}]",44,208,535,13,Instagram,"[{'start': 94, 'end': 117, 'url': 'https://t.co/CFIjfrDW7H', 'expanded_url': 'https://www.instagram.com/p/CELDtjghKuM/?igshid=1n0vcaeadxfrp', 'display_url': 'instagram.com/p/CELDtjghKuM/…', 'status': 200, 'unwound_url': 'https://www.instagram.com/p/CELDtjghKuM/?igshid=1n0vcaeadxfrp'}]",SPF1000 + beautiful + ADD - emergency that must be dealt with IMMEDIATELY = beach-bag library https://t.co/CFIjfrDW7H,807003567605227520,en,2020-08-22T01:15:11.000Z,1296979194258305024,realamberheard,"Los Angeles, CA","Actor and Activist, semi-professional disruptor, ice cream advocate and shameless teacup yorkie-lover",807003567605227520,https://t.co/Ze18Ek9SOI,https://pbs.twimg.com/profile_images/1383196364792680448/N8CdupEu_normal.jpg,Amber Heard,190336,220,1149,567,2016-12-08T23:26:58.000Z,DJusticeforj,Earth,𝐀𝐧 𝐞𝐲𝐞 𝐟𝐨𝐫 𝐚𝐧 𝐞𝐲𝐞 𝐚𝐧𝐝 𝐚 𝐭𝐨𝐨𝐭𝐡 𝐟𝐨𝐫 𝐚 𝐭𝐨𝐨𝐭𝐡 #𝐉𝐮𝐬𝐭𝐢𝐜𝐞𝐅𝐨𝐫𝐉𝐨𝐡𝐧𝐧𝐲𝐃𝐞𝐩𝐩 #𝐀𝐦𝐛𝐞𝐫𝐇𝐞𝐚𝐫𝐝𝐥𝐬𝐀𝐋𝐢𝐚𝐫,464424709,,https://pbs.twimg.com/profile_images/1502817245541842944/B-d0TTr3_normal.jpg,✩⋆˖ 🅜🅔🅖 ˖⋆✩,536,934,73538,4,2012-01-15T06:30:31.000Z,,"[{'start': 3, 'end': 14, 'username': 'Gwennafran', 'id': '145150641'}]"
Twitter for iPhone,RT @potterdiaries_: Imagine lying under oath that you don’t have ADHD and call a medical worker a liar then post this. https://t.co/RiMbbKX…,464424709,en,2020-08-22T11:52:03.000Z,1297139468093145091,"[{'type': 'retweeted', 'id': '1297109074811801601'}]",3,0,0,0,,,44,208,535,13,Instagram,"[{'start': 94, 'end': 117, 'url': 'https://t.co/CFIjfrDW7H', 'expanded_url': 'https://www.instagram.com/p/CELDtjghKuM/?igshid=1n0vcaeadxfrp', 'display_url': 'instagram.com/p/CELDtjghKuM/…', 'status': 200, 'unwound_url': 'https://www.instagram.com/p/CELDtjghKuM/?igshid=1n0vcaeadxfrp'}]",SPF1000 + beautiful + ADD - emergency that must be dealt with IMMEDIATELY = beach-bag library https://t.co/CFIjfrDW7H,807003567605227520,en,2020-08-22T01:15:11.000Z,1296979194258305024,realamberheard,"Los Angeles, CA","Actor and Activist, semi-professional disruptor, ice cream advocate and shameless teacup yorkie-lover",807003567605227520,https://t.co/Ze18Ek9SOI,https://pbs.twimg.com/profile_images/1383196364792680448/N8CdupEu_normal.jpg,Amber Heard,190336,220,1149,567,2016-12-08T23:26:58.000Z,DJusticeforj,Earth,𝐀𝐧 𝐞𝐲𝐞 𝐟𝐨𝐫 𝐚𝐧 𝐞𝐲𝐞 𝐚𝐧𝐝 𝐚 𝐭𝐨𝐨𝐭𝐡 𝐟𝐨𝐫 𝐚 𝐭𝐨𝐨𝐭𝐡 #𝐉𝐮𝐬𝐭𝐢𝐜𝐞𝐅𝐨𝐫𝐉𝐨𝐡𝐧𝐧𝐲𝐃𝐞𝐩𝐩 #𝐀𝐦𝐛𝐞𝐫𝐇𝐞𝐚𝐫𝐝𝐥𝐬𝐀𝐋𝐢𝐚𝐫,464424709,,https://pbs.twimg.com/profile_images/1502817245541842944/B-d0TTr3_normal.jpg,✩⋆˖ 🅜🅔🅖 ˖⋆✩,536,934,73538,4,2012-01-15T06:30:31.000Z,,
Twitter for iPhone,"#WeJustDontLikeYouAmber 
#アンバー私たちはあなたが好きではないだけ https://t.co/RmO7MRFZbf https://t.co/Xuud0RM8Hs",464424709,und,2020-08-22T11:05:05.000Z,1297127648317935616,"[{'type': 'quoted', 'id': '1296979194258305024'}]",0,1,3,0,"[{'start': 47, 'end': 70, 'url': 'https://t.co/RmO7MRFZbf', 'expanded_url': 'https://twitter.com/skrshiba/status/1297127648317935616/photo/1', 'display_url': 'pic.twitter.com/RmO7MRFZbf'}, {'start': 71, 'end': 94, 'url': 'https://t.co/Xuud0RM8Hs', 'expanded_url': 'https://twitter.com/realamberheard/status/1296979194258305024', 'display_url': 'twitter.com/realamberheard…'}]","[{'start': 0, 'end': 23, 'tag': 'WeJustDontLikeYouAmber'}, {'start': 25, 'end': 46, 'tag': 'アンバー私たちはあなたが好きではないだけ'}]",44,208,535,13,Instagram,"[{'start': 94, 'end': 117, 'url': 'https://t.co/CFIjfrDW7H', 'expanded_url': 'https://www.instagram.com/p/CELDtjghKuM/?igshid=1n0vcaeadxfrp', 'display_url': 'instagram.com/p/CELDtjghKuM/…', 'status': 200, 'unwound_url': 'https://www.instagram.com/p/CELDtjghKuM/?igshid=1n0vcaeadxfrp'}]",SPF1000 + beautiful + ADD - emergency that must be dealt with IMMEDIATELY = beach-bag library https://t.co/CFIjfrDW7H,807003567605227520,en,2020-08-22T01:15:11.000Z,1296979194258305024,realamberheard,"Los Angeles, CA","Actor and Activist, semi-professional disruptor, ice cream advocate and shameless teacup yorkie-lover",807003567605227520,https://t.co/Ze18Ek9SOI,https://pbs.twimg.com/profile_images/1383196364792680448/N8CdupEu_normal.jpg,Amber Heard,190336,220,1149,567,2016-12-08T23:26:58.000Z,DJusticeforj,Earth,𝐀𝐧 𝐞𝐲𝐞 𝐟𝐨𝐫 𝐚𝐧 𝐞𝐲𝐞 𝐚𝐧𝐝 𝐚 𝐭𝐨𝐨𝐭𝐡 𝐟𝐨𝐫 𝐚 𝐭𝐨𝐨𝐭𝐡 #𝐉𝐮𝐬𝐭𝐢𝐜𝐞𝐅𝐨𝐫𝐉𝐨𝐡𝐧𝐧𝐲𝐃𝐞𝐩𝐩 #𝐀𝐦𝐛𝐞𝐫𝐇𝐞𝐚𝐫𝐝𝐥𝐬𝐀𝐋𝐢𝐚𝐫,464424709,,https://pbs.twimg.com/profile_images/1502817245541842944/B-d0TTr3_normal.jpg,✩⋆˖ 🅜🅔🅖 ˖⋆✩,536,934,73538,4,2012-01-15T06:30:31.000Z,,
Twitter for iPhone,RT @potterdiaries_: Imagine lying under oath that you don’t have ADHD and call a medical worker a liar then post this. https://t.co/RiMbbKX…,939220711339646976,en,2020-08-22T10:23:10.000Z,1297117101761732609,"[{'type': 'retweeted', 'id': '1297109074811801601'}]",3,0,0,0,,,44,208,535,13,Instagram,"[{'start': 94, 'end': 117, 'url': 'https://t.co/CFIjfrDW7H', 'expanded_url': 'https://www.instagram.com/p/CELDtjghKuM/?igshid=1n0vcaeadxfrp', 'display_url': 'instagram.com/p/CELDtjghKuM/…', 'status': 200, 'unwound_url': 'https://www.instagram.com/p/CELDtjghKuM/?igshid=1n0vcaeadxfrp'}]",SPF1000 + beautiful + ADD - emergency that must be dealt with IMMEDIATELY = beach-bag library https://t.co/CFIjfrDW7H,807003567605227520,en,2020-08-22T01:15:11.000Z,1296979194258305024,realamberheard,"Los Angeles, CA","Actor and Activist, semi-professional disruptor, ice cream advocate and shameless teacup yorkie-lover",807003567605227520,https://t.co/Ze18Ek9SOI,https://pbs.twimg.com/profile_images/1383196364792680448/N8CdupEu_normal.jpg,Amber Heard,190336,220,1149,567,2016-12-08T23:26:58.000Z,Pattttcostta,,,939220711339646976,,https://pbs.twimg.com/profile_images/939253775189053440/_ru-nbk8_normal.jpg,Patrícia Costa,42,166,9047,0,2017-12-08T19:50:42.000Z,,
Twitter for Android,Amber Heard's medical notes. A reminder. It's like you're DELIBERATELY trying to troll us. #WeJustDontLikeYouAmber https://t.co/ZqeMPJyo9P https://t.co/O4MKObLnbe,1264157042274643968,en,2020-08-22T10:06:27.000Z,1297112892915974146,"[{'type': 'quoted', 'id': '1296979194258305024'}]",0,2,11,0,"[{'start': 115, 'end': 138, 'url': 'https://t.co/ZqeMPJyo9P', 'expanded_url': 'https://twitter.com/NeyPork/status/1297112892915974146/photo/1', 'display_url': 'pic.twitter.com/ZqeMPJyo9P'}, {'start': 139, 'end': 162, 'url': 'https://t.co/O4MKObLnbe', 'expanded_url': 'https://twitter.com/realamberheard/status/1296979194258305024', 'display_url': 'twitter.com/realamberheard…'}]","[{'start': 91, 'end': 114, 'tag': 'WeJustDontLikeYouAmber'}]",44,208,535,13,Instagram,"[{'start': 94, 'end': 117, 'url': 'https://t.co/CFIjfrDW7H', 'expanded_url': 'https://www.instagram.com/p/CELDtjghKuM/?igshid=1n0vcaeadxfrp', 'display_url': 'instagram.com/p/CELDtjghKuM/…', 'status': 200, 'unwound_url': 'https://www.instagram.com/p/CELDtjghKuM/?igshid=1n0vcaeadxfrp'}]",SPF1000 + beautiful + ADD - emergency that must be dealt with IMMEDIATELY = beach-bag library https://t.co/CFIjfrDW7H,807003567605227520,en,2020-08-22T01:15:11.000Z,1296979194258305024,realamberheard,"Los Angeles, CA","Actor and Activist, semi-professional disruptor, ice cream advocate and shameless teacup yorkie-lover",807003567605227520,https://t.co/Ze18Ek9SOI,https://pbs.twimg.com/profile_images/1383196364792680448/N8CdupEu_normal.jpg,Amber Heard,190336,220,1149,567,2016-12-08T23:26:58.000Z,NeyPork,United Kingdom,"'All that I'm living for all that I'm dying for
all that I can't ignore alone at night-' Evanescence ☠👁🖤",1264157042274643968,,https://pbs.twimg.com/profile_images/1400797565885505537/HSQZgdV8_normal.jpg,Pork_ney,55,41,3300,1,2020-05-23T11:32:40.000Z,"[{'start': 0, 'end': 4, 'probability': 0.7206, 'type': 'Person', 'normalized_text': 'Amber'}]",
Twitter Web App,#WeJustDontLikeYouAmber Note the ADD lie 🙏💋 https://t.co/dnVYI3B433,145150641,en,2020-08-22T09:52:28.000Z,1297109375249776640,"[{'type': 'quoted', 'id': '1296979194258305024'}]",1,0,10,0,"[{'start': 44, 'end': 67, 'url': 'https://t.co/dnVYI3B433', 'expanded_url': 'https://twitter.com/realamberheard/status/1296979194258305024', 'display_url': 'twitter.com/realamberheard…'}]","[{'start': 0, 'end': 23, 'tag': 'WeJustDontLikeYouAmber'}]",44,208,535,13,Instagram,"[{'start': 94, 'end': 117, 'url': 'https://t.co/CFIjfrDW7H', 'expanded_url': 'https://www.instagram.com/p/CELDtjghKuM/?igshid=1n0vcaeadxfrp', 'display_url': 'instagram.com/p/CELDtjghKuM/…', 'status': 200, 'unwound_url': 'https://www.instagram.com/p/CELDtjghKuM/?igshid=1n0vcaeadxfrp'}]",SPF1000 + beautiful + ADD - emergency that must be dealt with IMMEDIATELY = beach-bag library https://t.co/CFIjfrDW7H,807003567605227520,en,2020-08-22T01:15:11.000Z,1296979194258305024,realamberheard,"Los Angeles, CA","Actor and Activist, semi-professional disruptor, ice cream advocate and shameless teacup yorkie-lover",807003567605227520,https://t.co/Ze18Ek9SOI,https://pbs.twimg.com/profile_images/1383196364792680448/N8CdupEu_normal.jpg,Amber Heard,190336,220,1149,567,2016-12-08T23:26:58.000Z,Gwennafran, Denmark. Gemini ,"I stand with #JohnnyDepp Because #TruthWins and #JusticeForJohnnyDepp is coming. Mother of Rats: Thor, Loki, Luke, Han and Chewie 🐀🐀🐀🐀🐀💜💜💜 Music lover",145150641,,https://pbs.twimg.com/profile_images/1503345414048731144/8ZgCUTMD_normal.jpg,TheMadRatterAlpaca 🇩🇰🇩🇰 🐀🦙 🥕💜 Gwennafran ♊,734,579,33218,2,2010-05-18T07:05:35.000Z,,
Twitter for iPhone,Imagine lying under oath that you don’t have ADHD and call a medical worker a liar then post this. https://t.co/RiMbbKXZ7y https://t.co/vXzANkwPeR,1196815898981605377,en,2020-08-22T09:51:17.000Z,1297109074811801601,,3,1,18,0,"[{'start': 99, 'end': 122, 'url': 'https://t.co/RiMbbKXZ7y', 'expanded_url': 'https://twitter.com/potterdiaries_/status/1297109074811801601/photo/1', 'display_url': 'pic.twitter.com/RiMbbKXZ7y'}, {'start': 123, 'end': 146, 'url': 'https://t.co/vXzANkwPeR', 'expanded_url': 'https://twitter.com/realamberheard/status/1296979194258305024', 'display_url': 'twitter.com/realamberheard…'}]",,44,208,535,13,Instagram,"[{'start': 94, 'end': 117, 'url': 'https://t.co/CFIjfrDW7H', 'expanded_url': 'https://www.instagram.com/p/CELDtjghKuM/?igshid=1n0vcaeadxfrp', 'display_url': 'instagram.com/p/CELDtjghKuM/…', 'status': 200, 'unwound_url': 'https://www.instagram.com/p/CELDtjghKuM/?igshid=1n0vcaeadxfrp'}]",SPF1000 + beautiful + ADD - emergency that must be dealt with IMMEDIATELY = beach-bag library https://t.co/CFIjfrDW7H,807003567605227520,en,2020-08-22T01:15:11.000Z,1296979194258305024,realamberheard,"Los Angeles, CA","Actor and Activist, semi-professional disruptor, ice cream advocate and shameless teacup yorkie-lover",807003567605227520,https://t.co/Ze18Ek9SOI,https://pbs.twimg.com/profile_images/1383196364792680448/N8CdupEu_normal.jpg,Amber Heard,190336,220,1149,567,2016-12-08T23:26:58.000Z,mimasdiaries,Hogwarts,MBA. whiny friend of Rey and Co #JusticeForJohnnyDepp #FreePalestine,1196815898981605377,https://t.co/mFd9rCI7nT,https://pbs.twimg.com/profile_images/1505637575607869440/E--KfD7p_normal.jpg,Mariam,1003,402,23155,3,2019-11-19T15:42:09.000Z,,
Twitter for Android,3 anos de rede social e não sabe o básico https://t.co/tViKMaOPqu,2724444422,pt,2020-08-22T01:32:52.000Z,1296983643689308161,"[{'type': 'quoted', 'id': '1296979194258305024'}]",0,0,1,0,"[{'start': 42, 'end': 65, 'url': 'https://t.co/tViKMaOPqu', 'expanded_url': 'https://twitter.com/realamberheard/status/1296979194258305024', 'display_url': 'twitter.com/realamberheard…'}]",,44,208,535,13,Instagram,"[{'start': 94, 'end': 117, 'url': 'https://t.co/CFIjfrDW7H', 'expanded_url': 'https://www.instagram.com/p/CELDtjghKuM/?igshid=1n0vcaeadxfrp', 'display_url': 'instagram.com/p/CELDtjghKuM/…', 'status': 200, 'unwound_url': 'https://www.instagram.com/p/CELDtjghKuM/?igshid=1n0vcaeadxfrp'}]",SPF1000 + beautiful + ADD - emergency that must be dealt with IMMEDIATELY = beach-bag library https://t.co/CFIjfrDW7H,807003567605227520,en,2020-08-22T01:15:11.000Z,1296979194258305024,realamberheard,"Los Angeles, CA","Actor and Activist, semi-professional disruptor, ice cream advocate and shameless teacup yorkie-lover",807003567605227520,https://t.co/Ze18Ek9SOI,https://pbs.twimg.com/profile_images/1383196364792680448/N8CdupEu_normal.jpg,Amber Heard,190336,220,1149,567,2016-12-08T23:26:58.000Z,fkatwyez,,all r&b and hip hop culture,2724444422,,https://pbs.twimg.com/profile_images/1505214911051440135/SZpWBAtg_normal.jpg,sasa,1230,583,61214,11,2014-08-11T18:27:47.000Z,,
Twitter for Android,https://t.co/v1uMMwZWXl https://t.co/aabDvVWt8y,718495718932144128,und,2020-08-22T01:31:16.000Z,1296983242097274880,"[{'type': 'quoted', 'id': '1296979194258305024'}]",0,0,0,0,"[{'start': 0, 'end': 23, 'url': 'https://t.co/v1uMMwZWXl', 'expanded_url': 'https://twitter.com/sebastianchir17/status/1296983242097274880/photo/1', 'display_url': 'pic.twitter.com/v1uMMwZWXl'}, {'start': 24, 'end': 47, 'url': 'https://t.co/aabDvVWt8y', 'expanded_url': 'https://twitter.com/realamberheard/status/1296979194258305024', 'display_url': 'twitter.com/realamberheard…'}]",,44,208,535,13,Instagram,"[{'start': 94, 'end': 117, 'url': 'https://t.co/CFIjfrDW7H', 'expanded_url': 'https://www.instagram.com/p/CELDtjghKuM/?igshid=1n0vcaeadxfrp', 'display_url': 'instagram.com/p/CELDtjghKuM/…', 'status': 200, 'unwound_url': 'https://www.instagram.com/p/CELDtjghKuM/?igshid=1n0vcaeadxfrp'}]",SPF1000 + beautiful + ADD - emergency that must be dealt with IMMEDIATELY = beach-bag library https://t.co/CFIjfrDW7H,807003567605227520,en,2020-08-22T01:15:11.000Z,1296979194258305024,realamberheard,"Los Angeles, CA","Actor and Activist, semi-professional disruptor, ice cream advocate and shameless teacup yorkie-lover",807003567605227520,https://t.co/Ze18Ek9SOI,https://pbs.twimg.com/profile_images/1383196364792680448/N8CdupEu_normal.jpg,Amber Heard,190336,220,1149,567,2016-12-08T23:26:58.000Z,sebastianchir17,"Lima, Peru",,718495718932144128,,https://pbs.twimg.com/profile_images/1338361780687474688/a6zJ9GTP_normal.jpg,Sebastián Chirinos,163,3240,43016,0,2016-04-08T17:48:23.000Z,,
Twitter for iPhone,A&gt;E https://t.co/ndIHdw9zfe,897193831917129728,und,2020-08-22T01:26:27.000Z,1296982031239467009,"[{'type': 'quoted', 'id': '1296979194258305024'}]",0,0,0,0,"[{'start': 7, 'end': 30, 'url': 'https://t.co/ndIHdw9zfe', 'expanded_url': 'https://twitter.com/realamberheard/status/1296979194258305024', 'display_url': 'twitter.com/realamberheard…'}]",,44,208,535,13,Instagram,"[{'start': 94, 'end': 117, 'url': 'https://t.co/CFIjfrDW7H', 'expanded_url': 'https://www.instagram.com/p/CELDtjghKuM/?igshid=1n0vcaeadxfrp', 'display_url': 'instagram.com/p/CELDtjghKuM/…', 'status': 200, 'unwound_url': 'https://www.instagram.com/p/CELDtjghKuM/?igshid=1n0vcaeadxfrp'}]",SPF1000 + beautiful + ADD - emergency that must be dealt with IMMEDIATELY = beach-bag library https://t.co/CFIjfrDW7H,807003567605227520,en,2020-08-22T01:15:11.000Z,1296979194258305024,realamberheard,"Los Angeles, CA","Actor and Activist, semi-professional disruptor, ice cream advocate and shameless teacup yorkie-lover",807003567605227520,https://t.co/Ze18Ek9SOI,https://pbs.twimg.com/profile_images/1383196364792680448/N8CdupEu_normal.jpg,Amber Heard,190336,220,1149,567,2016-12-08T23:26:58.000Z,SW_Fan10000,,"Fan of Marvel, Star Wars, RWBY, A:TLA, The Legend of Zelda, Korra, Mario, Smash Bros., and DC CW shows. Lover of cinema Follow me for hilarious memes.",897193831917129728,,https://pbs.twimg.com/profile_images/1269714958184599552/iB8F3rLD_normal.jpg,CY98 #IStandWithVic Endgame 8x,1055,1845,43361,3,2017-08-14T20:30:53.000Z,,
Twitter Web App,RT @heardfairy: i love you https://t.co/Ga3QfYgIKm,765177676013441024,en,2020-08-22T01:22:21.000Z,1296980997746102272,"[{'type': 'retweeted', 'id': '1296980150337384448'}]",1,0,0,0,"[{'start': 27, 'end': 50, 'url': 'https://t.co/Ga3QfYgIKm', 'expanded_url': 'https://twitter.com/realamberheard/status/1296979194258305024', 'display_url': 'twitter.com/realamberheard…'}]",,44,208,535,13,Instagram,"[{'start': 94, 'end': 117, 'url': 'https://t.co/CFIjfrDW7H', 'expanded_url': 'https://www.instagram.com/p/CELDtjghKuM/?igshid=1n0vcaeadxfrp', 'display_url': 'instagram.com/p/CELDtjghKuM/…', 'status': 200, 'unwound_url': 'https://www.instagram.com/p/CELDtjghKuM/?igshid=1n0vcaeadxfrp'}]",SPF1000 + beautiful + ADD - emergency that must be dealt with IMMEDIATELY = beach-bag library https://t.co/CFIjfrDW7H,807003567605227520,en,2020-08-22T01:15:11.000Z,1296979194258305024,realamberheard,"Los Angeles, CA","Actor and Activist, semi-professional disruptor, ice cream advocate and shameless teacup yorkie-lover",807003567605227520,https://t.co/Ze18Ek9SOI,https://pbs.twimg.com/profile_images/1383196364792680448/N8CdupEu_normal.jpg,Amber Heard,190336,220,1149,567,2016-12-08T23:26:58.000Z,CDekauwe1,London,"Retired, Internal Auditor. Long-retired sportsman of so many sports & who coached different amateur sportsmen incl Cricket, Hockey, Badminton, Football, Rugby.",765177676013441024,,https://pbs.twimg.com/profile_images/1180674584590372870/CyCg_ROM_normal.jpg,Chandra De Kauwe,152,5482,28923,2,2016-08-15T13:25:49.000Z,,"[{'start': 3, 'end': 14, 'username': 'heardfairy', 'id': '898355545'}]"
Twitter Web App,i love you https://t.co/Ga3QfYgIKm,898355545,en,2020-08-22T01:18:59.000Z,1296980150337384448,"[{'type': 'quoted', 'id': '1296979194258305024'}]",1,0,4,0,"[{'start': 11, 'end': 34, 'url': 'https://t.co/Ga3QfYgIKm', 'expanded_url': 'https://twitter.com/realamberheard/status/1296979194258305024', 'display_url': 'twitter.com/realamberheard…'}]",,44,208,535,13,Instagram,"[{'start': 94, 'end': 117, 'url': 'https://t.co/CFIjfrDW7H', 'expanded_url': 'https://www.instagram.com/p/CELDtjghKuM/?igshid=1n0vcaeadxfrp', 'display_url': 'instagram.com/p/CELDtjghKuM/…', 'status': 200, 'unwound_url': 'https://www.instagram.com/p/CELDtjghKuM/?igshid=1n0vcaeadxfrp'}]",SPF1000 + beautiful + ADD - emergency that must be dealt with IMMEDIATELY = beach-bag library https://t.co/CFIjfrDW7H,807003567605227520,en,2020-08-22T01:15:11.000Z,1296979194258305024,realamberheard,"Los Angeles, CA","Actor and Activist, semi-professional disruptor, ice cream advocate and shameless teacup yorkie-lover",807003567605227520,https://t.co/Ze18Ek9SOI,https://pbs.twimg.com/profile_images/1383196364792680448/N8CdupEu_normal.jpg,Amber Heard,190336,220,1149,567,2016-12-08T23:26:58.000Z,heardfairy,amber follows ,"amber laura heard, isabella khair hadid and more (fan account)",898355545,https://t.co/XQNPeWEUfS,https://pbs.twimg.com/profile_images/1503899903982030850/oHmD6R3N_normal.jpg,isabella,1211,499,32349,3,2012-10-22T20:29:37.000Z,,
