lang,in_reply_to_user_id,text,author_id,id,created_at,source,referenced_tweets,public_metrics.retweet_count,public_metrics.reply_count,public_metrics.like_count,public_metrics.quote_count,entities.urls,quoted_tweet.lang,quoted_tweet.text,quoted_tweet.author_id,quoted_tweet.id,quoted_tweet.created_at,quoted_tweet.source,quoted_tweet.public_metrics.retweet_count,quoted_tweet.public_metrics.reply_count,quoted_tweet.public_metrics.like_count,quoted_tweet.public_metrics.quote_count,quoted_tweet.entities.urls,quoted_tweet.author.location,quoted_tweet.author.created_at,quoted_tweet.author.id,quoted_tweet.author.description,quoted_tweet.author.public_metrics.followers_count,quoted_tweet.author.public_metrics.following_count,quoted_tweet.author.public_metrics.tweet_count,quoted_tweet.author.public_metrics.listed_count,quoted_tweet.author.username,quoted_tweet.author.name,quoted_tweet.author.url,quoted_tweet.author.profile_image_url,author.location,author.created_at,author.id,author.description,author.public_metrics.followers_count,author.public_metrics.following_count,author.public_metrics.tweet_count,author.public_metrics.listed_count,author.username,author.name,author.url,author.profile_image_url,entities.hashtags,entities.mentions,entities.annotations
en,840671280399568896,"The no h8 campaign, (before you come at me, this was 10 years ago before everything)
https://t.co/I0ix83RZQl",840671280399568896,1376569868049387520,2021-03-29T16:20:06.000Z,Twitter Web App,"[{'type': 'quoted', 'id': '1299778566234677250'}, {'type': 'replied_to', 'id': '1376569864383520773'}]",0,1,1,0,"[{'start': 85, 'end': 108, 'url': 'https://t.co/I0ix83RZQl', 'expanded_url': 'https://twitter.com/realamberheard/status/1299778566234677250?s=19', 'display_url': 'twitter.com/realamberheard…'}]",en,Remember this social campaign? 10 years ago today. Feels like it’s been a century we’ve come so far https://t.co/yTChAoPWJw,807003567605227520,1299778566234677250,2020-08-29T18:38:53.000Z,Twitter for iPhone,117,404,1883,37,"[{'start': 100, 'end': 123, 'url': 'https://t.co/yTChAoPWJw', 'expanded_url': 'https://twitter.com/realamberheard/status/1299778566234677250/photo/1', 'display_url': 'pic.twitter.com/yTChAoPWJw'}]","Los Angeles, CA",2016-12-08T23:26:58.000Z,807003567605227520,"Actor and Activist, semi-professional disruptor, ice cream advocate and shameless teacup yorkie-lover",190336,220,1149,567,realamberheard,Amber Heard,https://t.co/Ze18Ek9SOI,https://pbs.twimg.com/profile_images/1383196364792680448/N8CdupEu_normal.jpg,Youtube: Izzylovelace,2017-03-11T21:10:26.000Z,840671280399568896,For being you. Tayna - 24 - Female - Cis - Animal lover 🐤🐶 Vidder,1009,875,63931,13,alberaudeskid,Dawn Granger's gf,https://t.co/KzAMdR9Ns6,https://pbs.twimg.com/profile_images/1261708982286258178/oBDrGJrW_normal.jpg,,,
ru,,"Я понимаю что захотелось новенького,но какого хера ты подставила нихуевого человека и ахуетельного актера!  Долбоебка! https://t.co/kGmJvvqwSj",710429818018533376,1328837758593495044,2020-11-17T23:09:44.000Z,Twitter for Android,"[{'type': 'quoted', 'id': '1299778566234677250'}]",0,0,0,0,"[{'start': 119, 'end': 142, 'url': 'https://t.co/kGmJvvqwSj', 'expanded_url': 'https://twitter.com/realamberheard/status/1299778566234677250', 'display_url': 'twitter.com/realamberheard…'}]",en,Remember this social campaign? 10 years ago today. Feels like it’s been a century we’ve come so far https://t.co/yTChAoPWJw,807003567605227520,1299778566234677250,2020-08-29T18:38:53.000Z,Twitter for iPhone,117,404,1883,37,"[{'start': 100, 'end': 123, 'url': 'https://t.co/yTChAoPWJw', 'expanded_url': 'https://twitter.com/realamberheard/status/1299778566234677250/photo/1', 'display_url': 'pic.twitter.com/yTChAoPWJw'}]","Los Angeles, CA",2016-12-08T23:26:58.000Z,807003567605227520,"Actor and Activist, semi-professional disruptor, ice cream advocate and shameless teacup yorkie-lover",190336,220,1149,567,realamberheard,Amber Heard,https://t.co/Ze18Ek9SOI,https://pbs.twimg.com/profile_images/1383196364792680448/N8CdupEu_normal.jpg,,2016-03-17T11:37:22.000Z,710429818018533376,,8,2,10516,0,Bazyk_888,Tun'guch,,https://pbs.twimg.com/profile_images/1389826088742838272/507qEbsx_normal.jpg,,,
en,,How ironic #justiceforjhonnydeep https://t.co/yQNI5axFF4,627762105,1326705109280018432,2020-11-12T01:55:21.000Z,Twitter for iPhone,"[{'type': 'quoted', 'id': '1299778566234677250'}]",0,0,2,0,"[{'start': 33, 'end': 56, 'url': 'https://t.co/yQNI5axFF4', 'expanded_url': 'https://twitter.com/realamberheard/status/1299778566234677250', 'display_url': 'twitter.com/realamberheard…'}]",en,Remember this social campaign? 10 years ago today. Feels like it’s been a century we’ve come so far https://t.co/yTChAoPWJw,807003567605227520,1299778566234677250,2020-08-29T18:38:53.000Z,Twitter for iPhone,117,404,1883,37,"[{'start': 100, 'end': 123, 'url': 'https://t.co/yTChAoPWJw', 'expanded_url': 'https://twitter.com/realamberheard/status/1299778566234677250/photo/1', 'display_url': 'pic.twitter.com/yTChAoPWJw'}]","Los Angeles, CA",2016-12-08T23:26:58.000Z,807003567605227520,"Actor and Activist, semi-professional disruptor, ice cream advocate and shameless teacup yorkie-lover",190336,220,1149,567,realamberheard,Amber Heard,https://t.co/Ze18Ek9SOI,https://pbs.twimg.com/profile_images/1383196364792680448/N8CdupEu_normal.jpg,"Monrovia, CA",2012-07-05T19:54:08.000Z,627762105,Kye and Noah ❤️ 🇧🇿,235,48,86525,5,1nvitingeyes,Tayler De Von Hyde,,https://pbs.twimg.com/profile_images/1506509804772085762/574Ea0Su_normal.jpg,"[{'start': 11, 'end': 32, 'tag': 'justiceforjhonnydeep'}]",,
es,,RT @vionette_garcia: FUCK YOU CANTO E PUTA NI QUE NO HATE A TI TE ODIA TO EL MUNFO CANTO E PUTA,3533231894,1326224336131416064,2020-11-10T18:04:56.000Z,Twitter for iPhone,"[{'type': 'retweeted', 'id': '1326223969737969669'}]",1,0,0,0,,en,Remember this social campaign? 10 years ago today. Feels like it’s been a century we’ve come so far https://t.co/yTChAoPWJw,807003567605227520,1299778566234677250,2020-08-29T18:38:53.000Z,Twitter for iPhone,117,404,1883,37,"[{'start': 100, 'end': 123, 'url': 'https://t.co/yTChAoPWJw', 'expanded_url': 'https://twitter.com/realamberheard/status/1299778566234677250/photo/1', 'display_url': 'pic.twitter.com/yTChAoPWJw'}]","Los Angeles, CA",2016-12-08T23:26:58.000Z,807003567605227520,"Actor and Activist, semi-professional disruptor, ice cream advocate and shameless teacup yorkie-lover",190336,220,1149,567,realamberheard,Amber Heard,https://t.co/Ze18Ek9SOI,https://pbs.twimg.com/profile_images/1383196364792680448/N8CdupEu_normal.jpg,Hogwarts,2015-09-12T02:37:23.000Z,3533231894,"// upra // siempre catión, nunca anión // sagittarius // 22 //",1725,299,42558,0,wilmarie_19,wilma,,https://pbs.twimg.com/profile_images/1498704549938438155/oDDdcNXv_normal.jpg,,"[{'start': 3, 'end': 19, 'username': 'vionette_garcia', 'id': '1072216651372916736'}]",
es,,FUCK YOU CANTO E PUTA NI QUE NO HATE A TI TE ODIA TO EL MUNFO CANTO E PUTA https://t.co/Ldg8P58kcb,1072216651372916736,1326223969737969669,2020-11-10T18:03:29.000Z,Twitter for iPhone,"[{'type': 'quoted', 'id': '1299778566234677250'}]",1,0,0,0,"[{'start': 75, 'end': 98, 'url': 'https://t.co/Ldg8P58kcb', 'expanded_url': 'https://twitter.com/realamberheard/status/1299778566234677250', 'display_url': 'twitter.com/realamberheard…'}]",en,Remember this social campaign? 10 years ago today. Feels like it’s been a century we’ve come so far https://t.co/yTChAoPWJw,807003567605227520,1299778566234677250,2020-08-29T18:38:53.000Z,Twitter for iPhone,117,404,1883,37,"[{'start': 100, 'end': 123, 'url': 'https://t.co/yTChAoPWJw', 'expanded_url': 'https://twitter.com/realamberheard/status/1299778566234677250/photo/1', 'display_url': 'pic.twitter.com/yTChAoPWJw'}]","Los Angeles, CA",2016-12-08T23:26:58.000Z,807003567605227520,"Actor and Activist, semi-professional disruptor, ice cream advocate and shameless teacup yorkie-lover",190336,220,1149,567,realamberheard,Amber Heard,https://t.co/Ze18Ek9SOI,https://pbs.twimg.com/profile_images/1383196364792680448/N8CdupEu_normal.jpg,,2018-12-10T19:49:05.000Z,1072216651372916736,23 • INTER • virgo • sc: vionette.garcia,596,146,13589,0,vionette_garcia,Sekhmet,,https://pbs.twimg.com/profile_images/1452382792227213312/oHShh75W_normal.jpg,,,
en,,Lol. No Hate. Yet you can ruin someone’s career. Sounds like hate to me 🤦🏻‍♀️ https://t.co/NYs6tyVMg1,1281329639424774144,1324959908652064769,2020-11-07T06:20:33.000Z,Twitter for iPhone,"[{'type': 'quoted', 'id': '1299778566234677250'}]",0,0,0,0,"[{'start': 78, 'end': 101, 'url': 'https://t.co/NYs6tyVMg1', 'expanded_url': 'https://twitter.com/realamberheard/status/1299778566234677250', 'display_url': 'twitter.com/realamberheard…'}]",en,Remember this social campaign? 10 years ago today. Feels like it’s been a century we’ve come so far https://t.co/yTChAoPWJw,807003567605227520,1299778566234677250,2020-08-29T18:38:53.000Z,Twitter for iPhone,117,404,1883,37,"[{'start': 100, 'end': 123, 'url': 'https://t.co/yTChAoPWJw', 'expanded_url': 'https://twitter.com/realamberheard/status/1299778566234677250/photo/1', 'display_url': 'pic.twitter.com/yTChAoPWJw'}]","Los Angeles, CA",2016-12-08T23:26:58.000Z,807003567605227520,"Actor and Activist, semi-professional disruptor, ice cream advocate and shameless teacup yorkie-lover",190336,220,1149,567,realamberheard,Amber Heard,https://t.co/Ze18Ek9SOI,https://pbs.twimg.com/profile_images/1383196364792680448/N8CdupEu_normal.jpg,,2020-07-09T20:50:01.000Z,1281329639424774144,#CORPSE: He’s About To Be A Spirit. #ASH: HAHA YOURE DEAD. @FIoriferLunette’s Serena.,92,113,3138,5,malisondreams,NEW PINNED,,https://pbs.twimg.com/profile_images/1345449494624808961/sCO7aDOg_normal.jpg,,,
en,,Most genders are on your side Amber; the world has to change so everyone experiences love https://t.co/jL0ZYorSVn,29137586,1323574659145629696,2020-11-03T10:36:04.000Z,Twitter Web App,"[{'type': 'quoted', 'id': '1299778566234677250'}]",0,0,1,0,"[{'start': 90, 'end': 113, 'url': 'https://t.co/jL0ZYorSVn', 'expanded_url': 'https://twitter.com/realamberheard/status/1299778566234677250', 'display_url': 'twitter.com/realamberheard…'}]",en,Remember this social campaign? 10 years ago today. Feels like it’s been a century we’ve come so far https://t.co/yTChAoPWJw,807003567605227520,1299778566234677250,2020-08-29T18:38:53.000Z,Twitter for iPhone,117,404,1883,37,"[{'start': 100, 'end': 123, 'url': 'https://t.co/yTChAoPWJw', 'expanded_url': 'https://twitter.com/realamberheard/status/1299778566234677250/photo/1', 'display_url': 'pic.twitter.com/yTChAoPWJw'}]","Los Angeles, CA",2016-12-08T23:26:58.000Z,807003567605227520,"Actor and Activist, semi-professional disruptor, ice cream advocate and shameless teacup yorkie-lover",190336,220,1149,567,realamberheard,Amber Heard,https://t.co/Ze18Ek9SOI,https://pbs.twimg.com/profile_images/1383196364792680448/N8CdupEu_normal.jpg,Adelaide,2009-04-06T03:46:05.000Z,29137586,"Trusted celebrity profiler & confidante, author of free daily trivia & funny oneliners to the internet & media for more than 40 years.. aka. Perter Ferter",748,4995,2814,5,Perter43,Peter Ramsey,https://t.co/pZ73u5jPwS,https://pbs.twimg.com/profile_images/3562024163/40e8bcba98f6bcf730e5aa8aa19007c7_normal.jpeg,,,"[{'start': 30, 'end': 34, 'probability': 0.8476, 'type': 'Person', 'normalized_text': 'Amber'}]"
und,,:)) https://t.co/TFyJ5MDaqF,1317415394580246529,1319706315627892736,2020-10-23T18:24:39.000Z,Twitter for Android,"[{'type': 'quoted', 'id': '1299778566234677250'}]",0,0,0,0,"[{'start': 4, 'end': 27, 'url': 'https://t.co/TFyJ5MDaqF', 'expanded_url': 'https://twitter.com/realamberheard/status/1299778566234677250', 'display_url': 'twitter.com/realamberheard…'}]",en,Remember this social campaign? 10 years ago today. Feels like it’s been a century we’ve come so far https://t.co/yTChAoPWJw,807003567605227520,1299778566234677250,2020-08-29T18:38:53.000Z,Twitter for iPhone,117,404,1883,37,"[{'start': 100, 'end': 123, 'url': 'https://t.co/yTChAoPWJw', 'expanded_url': 'https://twitter.com/realamberheard/status/1299778566234677250/photo/1', 'display_url': 'pic.twitter.com/yTChAoPWJw'}]","Los Angeles, CA",2016-12-08T23:26:58.000Z,807003567605227520,"Actor and Activist, semi-professional disruptor, ice cream advocate and shameless teacup yorkie-lover",190336,220,1149,567,realamberheard,Amber Heard,https://t.co/Ze18Ek9SOI,https://pbs.twimg.com/profile_images/1383196364792680448/N8CdupEu_normal.jpg,"Lymm, England",2020-10-17T10:42:02.000Z,1317415394580246529,feeling  good  each day,41,1071,4076,0,wezz_d,WezzD,,https://pbs.twimg.com/profile_images/1420363991197667328/oaKqOJVP_normal.jpg,,,
en,,RT @Fringey: Remember when #AmberHeard took a picture for #NOH8 10 years ago? No? But you do remember how she set women‘s rights a century…,1277827541756248064,1300415045868965889,2020-08-31T12:48:02.000Z,Twitter for Android,"[{'type': 'retweeted', 'id': '1299960404970438657'}]",2,0,0,0,,en,Remember this social campaign? 10 years ago today. Feels like it’s been a century we’ve come so far https://t.co/yTChAoPWJw,807003567605227520,1299778566234677250,2020-08-29T18:38:53.000Z,Twitter for iPhone,117,404,1883,37,"[{'start': 100, 'end': 123, 'url': 'https://t.co/yTChAoPWJw', 'expanded_url': 'https://twitter.com/realamberheard/status/1299778566234677250/photo/1', 'display_url': 'pic.twitter.com/yTChAoPWJw'}]","Los Angeles, CA",2016-12-08T23:26:58.000Z,807003567605227520,"Actor and Activist, semi-professional disruptor, ice cream advocate and shameless teacup yorkie-lover",190336,220,1149,567,realamberheard,Amber Heard,https://t.co/Ze18Ek9SOI,https://pbs.twimg.com/profile_images/1383196364792680448/N8CdupEu_normal.jpg,,2020-06-30T04:54:35.000Z,1277827541756248064,Doing everything in my power to ensure I don't spend much time here...kinda failing lol,16,4,11302,0,andimkoko,andimkoko,,https://pbs.twimg.com/profile_images/1277831953799090176/qepXPoYf_normal.jpg,"[{'start': 27, 'end': 38, 'tag': 'AmberHeard'}, {'start': 58, 'end': 63, 'tag': 'NOH8'}]","[{'start': 3, 'end': 11, 'username': 'Fringey', 'id': '19962092'}]",
en,,"I mean, a lot of other people have come pretty far but you're still the same malignant tumor on society you've always been #AmberHeardIsAnAbuser #amberturd https://t.co/SsC7BJ8xEl https://t.co/VytyxDTuAE",1139879876834418688,1300291512333250560,2020-08-31T04:37:09.000Z,Twitter for Android,"[{'type': 'quoted', 'id': '1299778566234677250'}]",0,0,0,0,"[{'start': 156, 'end': 179, 'url': 'https://t.co/SsC7BJ8xEl', 'expanded_url': 'https://twitter.com/EffervescentlyT/status/1300291512333250560/photo/1', 'display_url': 'pic.twitter.com/SsC7BJ8xEl'}, {'start': 180, 'end': 203, 'url': 'https://t.co/VytyxDTuAE', 'expanded_url': 'https://twitter.com/realamberheard/status/1299778566234677250', 'display_url': 'twitter.com/realamberheard…'}]",en,Remember this social campaign? 10 years ago today. Feels like it’s been a century we’ve come so far https://t.co/yTChAoPWJw,807003567605227520,1299778566234677250,2020-08-29T18:38:53.000Z,Twitter for iPhone,117,404,1883,37,"[{'start': 100, 'end': 123, 'url': 'https://t.co/yTChAoPWJw', 'expanded_url': 'https://twitter.com/realamberheard/status/1299778566234677250/photo/1', 'display_url': 'pic.twitter.com/yTChAoPWJw'}]","Los Angeles, CA",2016-12-08T23:26:58.000Z,807003567605227520,"Actor and Activist, semi-professional disruptor, ice cream advocate and shameless teacup yorkie-lover",190336,220,1149,567,realamberheard,Amber Heard,https://t.co/Ze18Ek9SOI,https://pbs.twimg.com/profile_images/1383196364792680448/N8CdupEu_normal.jpg,,2019-06-15T12:58:35.000Z,1139879876834418688,Tired. Angry. Almost 30. The 20's came back and brought all the bullshit with it 🍾😩,14,100,4047,0,EffervescentlyT,EffervescentlyTired😴🌌,,https://pbs.twimg.com/profile_images/1147046938627301377/N_tdYHWz_normal.jpg,"[{'start': 123, 'end': 144, 'tag': 'AmberHeardIsAnAbuser'}, {'start': 145, 'end': 155, 'tag': 'amberturd'}]",,
en,,"ah, yes I remember the campaign but do you remember this? 

You’re still abusive and a liar of stealing other’s rape story too. https://t.co/vK74rmNSXT https://t.co/Hq4m9i4sXk",3246516830,1300236866231259138,2020-08-31T01:00:00.000Z,Twitter for iPhone,"[{'type': 'quoted', 'id': '1299778566234677250'}]",0,0,5,0,"[{'start': 128, 'end': 151, 'url': 'https://t.co/vK74rmNSXT', 'expanded_url': 'https://twitter.com/Chuupacabras_/status/1300236866231259138/photo/1', 'display_url': 'pic.twitter.com/vK74rmNSXT'}, {'start': 128, 'end': 151, 'url': 'https://t.co/vK74rmNSXT', 'expanded_url': 'https://twitter.com/Chuupacabras_/status/1300236866231259138/photo/1', 'display_url': 'pic.twitter.com/vK74rmNSXT'}, {'start': 152, 'end': 175, 'url': 'https://t.co/Hq4m9i4sXk', 'expanded_url': 'https://twitter.com/realamberheard/status/1299778566234677250', 'display_url': 'twitter.com/realamberheard…'}]",en,Remember this social campaign? 10 years ago today. Feels like it’s been a century we’ve come so far https://t.co/yTChAoPWJw,807003567605227520,1299778566234677250,2020-08-29T18:38:53.000Z,Twitter for iPhone,117,404,1883,37,"[{'start': 100, 'end': 123, 'url': 'https://t.co/yTChAoPWJw', 'expanded_url': 'https://twitter.com/realamberheard/status/1299778566234677250/photo/1', 'display_url': 'pic.twitter.com/yTChAoPWJw'}]","Los Angeles, CA",2016-12-08T23:26:58.000Z,807003567605227520,"Actor and Activist, semi-professional disruptor, ice cream advocate and shameless teacup yorkie-lover",190336,220,1149,567,realamberheard,Amber Heard,https://t.co/Ze18Ek9SOI,https://pbs.twimg.com/profile_images/1383196364792680448/N8CdupEu_normal.jpg,"Los Angeles, CA",2015-06-16T05:14:24.000Z,3246516830,I do makeup and cosplay from time to time. Part-time asshole with a sprinkle of satire. | LA - El Salvador | Avid Bayonetta fan. | Viego Simp,446,436,4481,3,Chuupacabras_,Mel,,https://pbs.twimg.com/profile_images/1482280547179110411/93z0vAcK_normal.jpg,,,
en,,"Remember when you said: ""Tell the world Johnny. Tell them, I Johnny Depp, a man, I'm a victim too of domestic violence and see how many people believe or side with you"".??? https://t.co/PcZwdn7cC2",170008962,1300230617733517313,2020-08-31T00:35:11.000Z,Twitter for Android,"[{'type': 'quoted', 'id': '1299778566234677250'}]",0,0,0,0,"[{'start': 173, 'end': 196, 'url': 'https://t.co/PcZwdn7cC2', 'expanded_url': 'https://twitter.com/realamberheard/status/1299778566234677250', 'display_url': 'twitter.com/realamberheard…'}]",en,Remember this social campaign? 10 years ago today. Feels like it’s been a century we’ve come so far https://t.co/yTChAoPWJw,807003567605227520,1299778566234677250,2020-08-29T18:38:53.000Z,Twitter for iPhone,117,404,1883,37,"[{'start': 100, 'end': 123, 'url': 'https://t.co/yTChAoPWJw', 'expanded_url': 'https://twitter.com/realamberheard/status/1299778566234677250/photo/1', 'display_url': 'pic.twitter.com/yTChAoPWJw'}]","Los Angeles, CA",2016-12-08T23:26:58.000Z,807003567605227520,"Actor and Activist, semi-professional disruptor, ice cream advocate and shameless teacup yorkie-lover",190336,220,1149,567,realamberheard,Amber Heard,https://t.co/Ze18Ek9SOI,https://pbs.twimg.com/profile_images/1383196364792680448/N8CdupEu_normal.jpg,Mexico,2010-07-23T18:34:31.000Z,170008962,✌🏼,6612,159,101569,60,G_EdithAL,Edith.,,https://pbs.twimg.com/profile_images/1351559275408052224/qv3rSmZN_normal.jpg,,,"[{'start': 40, 'end': 45, 'probability': 0.8547, 'type': 'Person', 'normalized_text': 'Johnny'}, {'start': 61, 'end': 71, 'probability': 0.9826, 'type': 'Person', 'normalized_text': 'Johnny Depp'}]"
und,,https://t.co/GhVmpaTPED https://t.co/BSfo7XQqCg,1243815018220535809,1300134960989270017,2020-08-30T18:15:04.000Z,Twitter for Android,"[{'type': 'quoted', 'id': '1299778566234677250'}]",0,0,0,0,"[{'start': 0, 'end': 23, 'url': 'https://t.co/GhVmpaTPED', 'expanded_url': 'https://twitter.com/f_liono/status/1300134960989270017/photo/1', 'display_url': 'pic.twitter.com/GhVmpaTPED'}, {'start': 24, 'end': 47, 'url': 'https://t.co/BSfo7XQqCg', 'expanded_url': 'https://twitter.com/realamberheard/status/1299778566234677250', 'display_url': 'twitter.com/realamberheard…'}]",en,Remember this social campaign? 10 years ago today. Feels like it’s been a century we’ve come so far https://t.co/yTChAoPWJw,807003567605227520,1299778566234677250,2020-08-29T18:38:53.000Z,Twitter for iPhone,117,404,1883,37,"[{'start': 100, 'end': 123, 'url': 'https://t.co/yTChAoPWJw', 'expanded_url': 'https://twitter.com/realamberheard/status/1299778566234677250/photo/1', 'display_url': 'pic.twitter.com/yTChAoPWJw'}]","Los Angeles, CA",2016-12-08T23:26:58.000Z,807003567605227520,"Actor and Activist, semi-professional disruptor, ice cream advocate and shameless teacup yorkie-lover",190336,220,1149,567,realamberheard,Amber Heard,https://t.co/Ze18Ek9SOI,https://pbs.twimg.com/profile_images/1383196364792680448/N8CdupEu_normal.jpg,,2020-03-28T08:20:34.000Z,1243815018220535809,"A God gifted asshole. Not my fault that I am an asshole, it comes naturally.",638,2087,46977,3,f_liono,Liono,,https://pbs.twimg.com/profile_images/1485559174649970693/fVYpQR91_normal.jpg,,,
en,,do you remember the time when you pooped on johnny's bed? uggghhh ...🤩🥴🙄 https://t.co/XEyv0gGoPH,1296449185084870656,1300046970241708039,2020-08-30T12:25:26.000Z,Twitter Web App,"[{'type': 'quoted', 'id': '1299778566234677250'}]",0,0,3,0,"[{'start': 73, 'end': 96, 'url': 'https://t.co/XEyv0gGoPH', 'expanded_url': 'https://twitter.com/realamberheard/status/1299778566234677250', 'display_url': 'twitter.com/realamberheard…'}]",en,Remember this social campaign? 10 years ago today. Feels like it’s been a century we’ve come so far https://t.co/yTChAoPWJw,807003567605227520,1299778566234677250,2020-08-29T18:38:53.000Z,Twitter for iPhone,117,404,1883,37,"[{'start': 100, 'end': 123, 'url': 'https://t.co/yTChAoPWJw', 'expanded_url': 'https://twitter.com/realamberheard/status/1299778566234677250/photo/1', 'display_url': 'pic.twitter.com/yTChAoPWJw'}]","Los Angeles, CA",2016-12-08T23:26:58.000Z,807003567605227520,"Actor and Activist, semi-professional disruptor, ice cream advocate and shameless teacup yorkie-lover",190336,220,1149,567,realamberheard,Amber Heard,https://t.co/Ze18Ek9SOI,https://pbs.twimg.com/profile_images/1383196364792680448/N8CdupEu_normal.jpg,,2020-08-20T14:09:50.000Z,1296449185084870656,"I'm in love with a Man who is 41 years older than me, and his name is Johnny Depp haha!

#JusticeForJohnnyDepp
#JohnnyDeppIsMyGrindelwad",30,43,655,0,TodriVanessa,Vanessa Todri Depp,,https://pbs.twimg.com/profile_images/1323515538975330310/FkGFkE_s_normal.png,,,
en,,"RT @JusticeSquad2: Yeah remember when you abused Johnny depp and lied that he abused you, then you sold some photo's of you with makeup on…",572905261,1300034443378393088,2020-08-30T11:35:39.000Z,Twitter Web App,"[{'type': 'retweeted', 'id': '1299963767011196930'}]",3,0,0,0,,en,Remember this social campaign? 10 years ago today. Feels like it’s been a century we’ve come so far https://t.co/yTChAoPWJw,807003567605227520,1299778566234677250,2020-08-29T18:38:53.000Z,Twitter for iPhone,117,404,1883,37,"[{'start': 100, 'end': 123, 'url': 'https://t.co/yTChAoPWJw', 'expanded_url': 'https://twitter.com/realamberheard/status/1299778566234677250/photo/1', 'display_url': 'pic.twitter.com/yTChAoPWJw'}]","Los Angeles, CA",2016-12-08T23:26:58.000Z,807003567605227520,"Actor and Activist, semi-professional disruptor, ice cream advocate and shameless teacup yorkie-lover",190336,220,1149,567,realamberheard,Amber Heard,https://t.co/Ze18Ek9SOI,https://pbs.twimg.com/profile_images/1383196364792680448/N8CdupEu_normal.jpg,"Milano, Lombardia",2012-05-06T18:37:31.000Z,572905261,sup 🦄 she/her fashion biz and design,505,243,60527,3,piercetheteixas,(M)ariana,https://t.co/kF3KPU7SzK,https://pbs.twimg.com/profile_images/1501852678288248832/jBmNWWnw_normal.jpg,,"[{'start': 3, 'end': 17, 'username': 'JusticeSquad2', 'id': '1259964873246531585'}]","[{'start': 49, 'end': 59, 'probability': 0.9877, 'type': 'Person', 'normalized_text': 'Johnny depp'}]"
en,,RT @NeyPork: Amber 'I'm against cyberbullying' Heard is at it again. Says the one who disabled comments on her Instagram because she can't…,1296165774692933634,1300031909939027970,2020-08-30T11:25:35.000Z,Twitter for iPhone,"[{'type': 'retweeted', 'id': '1299995394907295744'}]",1,0,0,0,,en,Remember this social campaign? 10 years ago today. Feels like it’s been a century we’ve come so far https://t.co/yTChAoPWJw,807003567605227520,1299778566234677250,2020-08-29T18:38:53.000Z,Twitter for iPhone,117,404,1883,37,"[{'start': 100, 'end': 123, 'url': 'https://t.co/yTChAoPWJw', 'expanded_url': 'https://twitter.com/realamberheard/status/1299778566234677250/photo/1', 'display_url': 'pic.twitter.com/yTChAoPWJw'}]","Los Angeles, CA",2016-12-08T23:26:58.000Z,807003567605227520,"Actor and Activist, semi-professional disruptor, ice cream advocate and shameless teacup yorkie-lover",190336,220,1149,567,realamberheard,Amber Heard,https://t.co/Ze18Ek9SOI,https://pbs.twimg.com/profile_images/1383196364792680448/N8CdupEu_normal.jpg,"Paris, France",2020-08-19T19:23:20.000Z,1296165774692933634,"Female- believes in science and rationality -praises integrity, sensitivity and emotional intelligence - condemns all kinds of violence- Nb: French bot 😜",48,19,4612,0,bazarette74,Bazarette74,,https://pbs.twimg.com/profile_images/1395755871381098497/urArwWzC_normal.jpg,,"[{'start': 3, 'end': 11, 'username': 'NeyPork', 'id': '1264157042274643968'}]","[{'start': 13, 'end': 17, 'probability': 0.9283, 'type': 'Person', 'normalized_text': 'Amber'}, {'start': 111, 'end': 119, 'probability': 0.841, 'type': 'Product', 'normalized_text': 'Instagram'}]"
ja,,"判決が待ち遠しいよ。
アンバーちゃん🤡🤡🤡#JusticeForJohnnyDepp
#AmberHeardIsAnAbuser #WeJustDontLikeYouAmber https://t.co/mjgQrLH0JS",464424709,1300028164144394240,2020-08-30T11:10:42.000Z,Twitter for iPhone,"[{'type': 'quoted', 'id': '1299778566234677250'}]",0,0,4,0,"[{'start': 89, 'end': 112, 'url': 'https://t.co/mjgQrLH0JS', 'expanded_url': 'https://twitter.com/realamberheard/status/1299778566234677250', 'display_url': 'twitter.com/realamberheard…'}]",en,Remember this social campaign? 10 years ago today. Feels like it’s been a century we’ve come so far https://t.co/yTChAoPWJw,807003567605227520,1299778566234677250,2020-08-29T18:38:53.000Z,Twitter for iPhone,117,404,1883,37,"[{'start': 100, 'end': 123, 'url': 'https://t.co/yTChAoPWJw', 'expanded_url': 'https://twitter.com/realamberheard/status/1299778566234677250/photo/1', 'display_url': 'pic.twitter.com/yTChAoPWJw'}]","Los Angeles, CA",2016-12-08T23:26:58.000Z,807003567605227520,"Actor and Activist, semi-professional disruptor, ice cream advocate and shameless teacup yorkie-lover",190336,220,1149,567,realamberheard,Amber Heard,https://t.co/Ze18Ek9SOI,https://pbs.twimg.com/profile_images/1383196364792680448/N8CdupEu_normal.jpg,Earth,2012-01-15T06:30:31.000Z,464424709,𝐀𝐧 𝐞𝐲𝐞 𝐟𝐨𝐫 𝐚𝐧 𝐞𝐲𝐞 𝐚𝐧𝐝 𝐚 𝐭𝐨𝐨𝐭𝐡 𝐟𝐨𝐫 𝐚 𝐭𝐨𝐨𝐭𝐡 #𝐉𝐮𝐬𝐭𝐢𝐜𝐞𝐅𝐨𝐫𝐉𝐨𝐡𝐧𝐧𝐲𝐃𝐞𝐩𝐩 #𝐀𝐦𝐛𝐞𝐫𝐇𝐞𝐚𝐫𝐝𝐥𝐬𝐀𝐋𝐢𝐚𝐫,536,934,73538,4,DJusticeforj,✩⋆˖ 🅜🅔🅖 ˖⋆✩,,https://pbs.twimg.com/profile_images/1502817245541842944/B-d0TTr3_normal.jpg,"[{'start': 21, 'end': 42, 'tag': 'JusticeForJohnnyDepp'}, {'start': 43, 'end': 64, 'tag': 'AmberHeardIsAnAbuser'}, {'start': 65, 'end': 88, 'tag': 'WeJustDontLikeYouAmber'}]",,"[{'start': 11, 'end': 17, 'probability': 0.5137, 'type': 'Person', 'normalized_text': 'アンバーちゃん'}]"
und,,https://t.co/RP5tRo8QNs https://t.co/XPsUzCJGIF,47953309,1300023427051540480,2020-08-30T10:51:52.000Z,Twitter for iPhone,,0,0,5,0,"[{'start': 0, 'end': 23, 'url': 'https://t.co/RP5tRo8QNs', 'expanded_url': 'https://twitter.com/LittleNashyYup/status/1300023427051540480/photo/1', 'display_url': 'pic.twitter.com/RP5tRo8QNs'}, {'start': 24, 'end': 47, 'url': 'https://t.co/XPsUzCJGIF', 'expanded_url': 'https://twitter.com/realamberheard/status/1299778566234677250', 'display_url': 'twitter.com/realamberheard…'}]",en,Remember this social campaign? 10 years ago today. Feels like it’s been a century we’ve come so far https://t.co/yTChAoPWJw,807003567605227520,1299778566234677250,2020-08-29T18:38:53.000Z,Twitter for iPhone,117,404,1883,37,"[{'start': 100, 'end': 123, 'url': 'https://t.co/yTChAoPWJw', 'expanded_url': 'https://twitter.com/realamberheard/status/1299778566234677250/photo/1', 'display_url': 'pic.twitter.com/yTChAoPWJw'}]","Los Angeles, CA",2016-12-08T23:26:58.000Z,807003567605227520,"Actor and Activist, semi-professional disruptor, ice cream advocate and shameless teacup yorkie-lover",190336,220,1149,567,realamberheard,Amber Heard,https://t.co/Ze18Ek9SOI,https://pbs.twimg.com/profile_images/1383196364792680448/N8CdupEu_normal.jpg,she/her,2009-06-17T13:06:40.000Z,47953309,I don’t know how I got here.,1630,478,48074,0,LittleNashyYup,çhlöé,,https://pbs.twimg.com/profile_images/1466552868522147845/vN4Kubwg_normal.jpg,,,
en,,RT @Fringey: Remember when #AmberHeard took a picture for #NOH8 10 years ago? No? But you do remember how she set women‘s rights a century…,885583513231208448,1300017660772716546,2020-08-30T10:28:58.000Z,Twitter Web App,"[{'type': 'retweeted', 'id': '1299960404970438657'}]",2,0,0,0,,en,Remember this social campaign? 10 years ago today. Feels like it’s been a century we’ve come so far https://t.co/yTChAoPWJw,807003567605227520,1299778566234677250,2020-08-29T18:38:53.000Z,Twitter for iPhone,117,404,1883,37,"[{'start': 100, 'end': 123, 'url': 'https://t.co/yTChAoPWJw', 'expanded_url': 'https://twitter.com/realamberheard/status/1299778566234677250/photo/1', 'display_url': 'pic.twitter.com/yTChAoPWJw'}]","Los Angeles, CA",2016-12-08T23:26:58.000Z,807003567605227520,"Actor and Activist, semi-professional disruptor, ice cream advocate and shameless teacup yorkie-lover",190336,220,1149,567,realamberheard,Amber Heard,https://t.co/Ze18Ek9SOI,https://pbs.twimg.com/profile_images/1383196364792680448/N8CdupEu_normal.jpg,"Dundee, Scotland",2017-07-13T19:35:37.000Z,885583513231208448,,7,111,199,0,Jennife81734268,Jennifer Ferguson,,https://abs.twimg.com/sticky/default_profile_images/default_profile_normal.png,"[{'start': 27, 'end': 38, 'tag': 'AmberHeard'}, {'start': 58, 'end': 63, 'tag': 'NOH8'}]","[{'start': 3, 'end': 11, 'username': 'Fringey', 'id': '19962092'}]",
en,,Amber 'I'm against cyberbullying' Heard is at it again. Says the one who disabled comments on her Instagram because she can't handle the fact that she's been exposed for her actions and lies. She's done. #WeJustDontLikeYouAmber https://t.co/U1fPfTG2UW https://t.co/hIJBYj7JXT,1264157042274643968,1299995394907295744,2020-08-30T09:00:29.000Z,Twitter for Android,"[{'type': 'quoted', 'id': '1299778566234677250'}]",1,0,2,0,"[{'start': 228, 'end': 251, 'url': 'https://t.co/U1fPfTG2UW', 'expanded_url': 'https://twitter.com/NeyPork/status/1299995394907295744/photo/1', 'display_url': 'pic.twitter.com/U1fPfTG2UW'}, {'start': 252, 'end': 275, 'url': 'https://t.co/hIJBYj7JXT', 'expanded_url': 'https://twitter.com/realamberheard/status/1299778566234677250', 'display_url': 'twitter.com/realamberheard…'}]",en,Remember this social campaign? 10 years ago today. Feels like it’s been a century we’ve come so far https://t.co/yTChAoPWJw,807003567605227520,1299778566234677250,2020-08-29T18:38:53.000Z,Twitter for iPhone,117,404,1883,37,"[{'start': 100, 'end': 123, 'url': 'https://t.co/yTChAoPWJw', 'expanded_url': 'https://twitter.com/realamberheard/status/1299778566234677250/photo/1', 'display_url': 'pic.twitter.com/yTChAoPWJw'}]","Los Angeles, CA",2016-12-08T23:26:58.000Z,807003567605227520,"Actor and Activist, semi-professional disruptor, ice cream advocate and shameless teacup yorkie-lover",190336,220,1149,567,realamberheard,Amber Heard,https://t.co/Ze18Ek9SOI,https://pbs.twimg.com/profile_images/1383196364792680448/N8CdupEu_normal.jpg,United Kingdom,2020-05-23T11:32:40.000Z,1264157042274643968,"'All that I'm living for all that I'm dying for
all that I can't ignore alone at night-' Evanescence ☠👁🖤",55,41,3300,1,NeyPork,Pork_ney,,https://pbs.twimg.com/profile_images/1400797565885505537/HSQZgdV8_normal.jpg,"[{'start': 204, 'end': 227, 'tag': 'WeJustDontLikeYouAmber'}]",,"[{'start': 0, 'end': 4, 'probability': 0.9315, 'type': 'Person', 'normalized_text': 'Amber'}, {'start': 98, 'end': 106, 'probability': 0.8361, 'type': 'Product', 'normalized_text': 'Instagram'}]"
en,,"RT @JusticeSquad2: Yeah remember when you abused Johnny depp and lied that he abused you, then you sold some photo's of you with makeup on…",1296052257717399553,1299992275842457600,2020-08-30T08:48:05.000Z,Twitter for Android,"[{'type': 'retweeted', 'id': '1299963767011196930'}]",3,0,0,0,,en,Remember this social campaign? 10 years ago today. Feels like it’s been a century we’ve come so far https://t.co/yTChAoPWJw,807003567605227520,1299778566234677250,2020-08-29T18:38:53.000Z,Twitter for iPhone,117,404,1883,37,"[{'start': 100, 'end': 123, 'url': 'https://t.co/yTChAoPWJw', 'expanded_url': 'https://twitter.com/realamberheard/status/1299778566234677250/photo/1', 'display_url': 'pic.twitter.com/yTChAoPWJw'}]","Los Angeles, CA",2016-12-08T23:26:58.000Z,807003567605227520,"Actor and Activist, semi-professional disruptor, ice cream advocate and shameless teacup yorkie-lover",190336,220,1149,567,realamberheard,Amber Heard,https://t.co/Ze18Ek9SOI,https://pbs.twimg.com/profile_images/1383196364792680448/N8CdupEu_normal.jpg,,2020-08-19T11:51:59.000Z,1296052257717399553,"#IStandWithUkraine #JusticeForJohnnyDepp

I compiled many documents on Pinterest, visit to catch up or add more!",180,87,12129,1,bee_papaya,Papaya 🇺🇦,https://t.co/BhvtvTDYGk,https://pbs.twimg.com/profile_images/1428441313138122765/arcp81p1_normal.jpg,,"[{'start': 3, 'end': 17, 'username': 'JusticeSquad2', 'id': '1259964873246531585'}]","[{'start': 49, 'end': 59, 'probability': 0.9877, 'type': 'Person', 'normalized_text': 'Johnny depp'}]"
en,,"RT @JusticeSquad2: Yeah remember when you abused Johnny depp and lied that he abused you, then you sold some photo's of you with makeup on…",832274061950595072,1299966187531628545,2020-08-30T07:04:25.000Z,Twitter for Android,"[{'type': 'retweeted', 'id': '1299963767011196930'}]",3,0,0,0,,en,Remember this social campaign? 10 years ago today. Feels like it’s been a century we’ve come so far https://t.co/yTChAoPWJw,807003567605227520,1299778566234677250,2020-08-29T18:38:53.000Z,Twitter for iPhone,117,404,1883,37,"[{'start': 100, 'end': 123, 'url': 'https://t.co/yTChAoPWJw', 'expanded_url': 'https://twitter.com/realamberheard/status/1299778566234677250/photo/1', 'display_url': 'pic.twitter.com/yTChAoPWJw'}]","Los Angeles, CA",2016-12-08T23:26:58.000Z,807003567605227520,"Actor and Activist, semi-professional disruptor, ice cream advocate and shameless teacup yorkie-lover",190336,220,1149,567,realamberheard,Amber Heard,https://t.co/Ze18Ek9SOI,https://pbs.twimg.com/profile_images/1383196364792680448/N8CdupEu_normal.jpg,,2017-02-16T17:02:54.000Z,832274061950595072,"📍Spain                                                               #JusticeForJohnnyDepp                                                  
#NotABot",179,323,1156,0,lydiam_,Lydia🌌,,https://pbs.twimg.com/profile_images/1451115859477413888/3irAuHLj_normal.jpg,,"[{'start': 3, 'end': 17, 'username': 'JusticeSquad2', 'id': '1259964873246531585'}]","[{'start': 49, 'end': 59, 'probability': 0.9877, 'type': 'Person', 'normalized_text': 'Johnny depp'}]"
en,,"Yeah remember when you abused Johnny depp and lied that he abused you, then you sold some photo's of you with makeup on to People's magazine. Ahhh good times🤩 https://t.co/ZOZPqIYCnF",1259964873246531585,1299963767011196930,2020-08-30T06:54:48.000Z,Twitter Web App,"[{'type': 'quoted', 'id': '1299778566234677250'}]",3,0,35,0,"[{'start': 159, 'end': 182, 'url': 'https://t.co/ZOZPqIYCnF', 'expanded_url': 'https://twitter.com/realamberheard/status/1299778566234677250', 'display_url': 'twitter.com/realamberheard…'}]",en,Remember this social campaign? 10 years ago today. Feels like it’s been a century we’ve come so far https://t.co/yTChAoPWJw,807003567605227520,1299778566234677250,2020-08-29T18:38:53.000Z,Twitter for iPhone,117,404,1883,37,"[{'start': 100, 'end': 123, 'url': 'https://t.co/yTChAoPWJw', 'expanded_url': 'https://twitter.com/realamberheard/status/1299778566234677250/photo/1', 'display_url': 'pic.twitter.com/yTChAoPWJw'}]","Los Angeles, CA",2016-12-08T23:26:58.000Z,807003567605227520,"Actor and Activist, semi-professional disruptor, ice cream advocate and shameless teacup yorkie-lover",190336,220,1149,567,realamberheard,Amber Heard,https://t.co/Ze18Ek9SOI,https://pbs.twimg.com/profile_images/1383196364792680448/N8CdupEu_normal.jpg,,2020-05-11T21:53:36.000Z,1259964873246531585,“ Fuggetaboutit “,1166,533,17702,8,JusticeSquad2,Justice4ALL,,https://pbs.twimg.com/profile_images/1475629625854214144/w8vgrU36_normal.jpg,,,"[{'start': 30, 'end': 40, 'probability': 0.9837, 'type': 'Person', 'normalized_text': 'Johnny depp'}]"
en,,Remember when #AmberHeard took a picture for #NOH8 10 years ago? No? But you do remember how she set women‘s rights a century back when she used #metoo to get back at Johnny Depp? Or how she was arrested for assaulting her wife and said the lesbian married officer was homophobic. https://t.co/9BShsmSRrg,19962092,1299960404970438657,2020-08-30T06:41:27.000Z,Twitter for iPhone,"[{'type': 'quoted', 'id': '1299778566234677250'}]",2,0,10,0,"[{'start': 281, 'end': 304, 'url': 'https://t.co/9BShsmSRrg', 'expanded_url': 'https://twitter.com/realamberheard/status/1299778566234677250', 'display_url': 'twitter.com/realamberheard…'}]",en,Remember this social campaign? 10 years ago today. Feels like it’s been a century we’ve come so far https://t.co/yTChAoPWJw,807003567605227520,1299778566234677250,2020-08-29T18:38:53.000Z,Twitter for iPhone,117,404,1883,37,"[{'start': 100, 'end': 123, 'url': 'https://t.co/yTChAoPWJw', 'expanded_url': 'https://twitter.com/realamberheard/status/1299778566234677250/photo/1', 'display_url': 'pic.twitter.com/yTChAoPWJw'}]","Los Angeles, CA",2016-12-08T23:26:58.000Z,807003567605227520,"Actor and Activist, semi-professional disruptor, ice cream advocate and shameless teacup yorkie-lover",190336,220,1149,567,realamberheard,Amber Heard,https://t.co/Ze18Ek9SOI,https://pbs.twimg.com/profile_images/1383196364792680448/N8CdupEu_normal.jpg,,2009-02-03T09:41:18.000Z,19962092,,72,551,1534,1,Fringey,Me-Ow,,https://pbs.twimg.com/profile_images/1382268489432510464/v-zMxD7z_normal.jpg,"[{'start': 14, 'end': 25, 'tag': 'AmberHeard'}, {'start': 45, 'end': 50, 'tag': 'NOH8'}, {'start': 145, 'end': 151, 'tag': 'metoo'}]",,"[{'start': 167, 'end': 177, 'probability': 0.9853, 'type': 'Person', 'normalized_text': 'Johnny Depp'}]"
en,,"In 2009, Amber Heard was arrested and booked for misdemeanour after police officers observed her committing domestic violence against her then-wife Tasya Van Ree. #wejustdontlikeyouamber https://t.co/W8HXx9ptWa https://t.co/Kjp3C6ZRJD",37315639,1299887564103364608,2020-08-30T01:52:00.000Z,Twitter for iPhone,"[{'type': 'quoted', 'id': '1299778566234677250'}]",0,1,12,1,"[{'start': 187, 'end': 210, 'url': 'https://t.co/W8HXx9ptWa', 'expanded_url': 'https://twitter.com/brittannia_a/status/1299887564103364608/photo/1', 'display_url': 'pic.twitter.com/W8HXx9ptWa'}, {'start': 211, 'end': 234, 'url': 'https://t.co/Kjp3C6ZRJD', 'expanded_url': 'https://twitter.com/realamberheard/status/1299778566234677250', 'display_url': 'twitter.com/realamberheard…'}]",en,Remember this social campaign? 10 years ago today. Feels like it’s been a century we’ve come so far https://t.co/yTChAoPWJw,807003567605227520,1299778566234677250,2020-08-29T18:38:53.000Z,Twitter for iPhone,117,404,1883,37,"[{'start': 100, 'end': 123, 'url': 'https://t.co/yTChAoPWJw', 'expanded_url': 'https://twitter.com/realamberheard/status/1299778566234677250/photo/1', 'display_url': 'pic.twitter.com/yTChAoPWJw'}]","Los Angeles, CA",2016-12-08T23:26:58.000Z,807003567605227520,"Actor and Activist, semi-professional disruptor, ice cream advocate and shameless teacup yorkie-lover",190336,220,1149,567,realamberheard,Amber Heard,https://t.co/Ze18Ek9SOI,https://pbs.twimg.com/profile_images/1383196364792680448/N8CdupEu_normal.jpg,   mirkwood (she/her),2009-05-03T00:06:17.000Z,37315639,"“wield your heart, and the world will tremble.” | mtg player + book reviewer ˑ༄ؘ ۪۪۫۫. 📖: 23/50",618,302,13885,10,brittannia_a,brittney 🇺🇦,,https://pbs.twimg.com/profile_images/1498946908022198273/P1J5_bag_normal.jpg,"[{'start': 163, 'end': 186, 'tag': 'wejustdontlikeyouamber'}]",,"[{'start': 9, 'end': 19, 'probability': 0.5319, 'type': 'Person', 'normalized_text': 'Amber Heard'}, {'start': 148, 'end': 160, 'probability': 0.9532, 'type': 'Person', 'normalized_text': 'Tasya Van Ree'}]"
und,,♥♥♥♥♥ https://t.co/cPdApaLlh7,1292048764572585987,1299879869820493825,2020-08-30T01:21:26.000Z,Twitter Web App,"[{'type': 'quoted', 'id': '1299778566234677250'}]",0,0,1,0,"[{'start': 6, 'end': 29, 'url': 'https://t.co/cPdApaLlh7', 'expanded_url': 'https://twitter.com/realamberheard/status/1299778566234677250', 'display_url': 'twitter.com/realamberheard…'}]",en,Remember this social campaign? 10 years ago today. Feels like it’s been a century we’ve come so far https://t.co/yTChAoPWJw,807003567605227520,1299778566234677250,2020-08-29T18:38:53.000Z,Twitter for iPhone,117,404,1883,37,"[{'start': 100, 'end': 123, 'url': 'https://t.co/yTChAoPWJw', 'expanded_url': 'https://twitter.com/realamberheard/status/1299778566234677250/photo/1', 'display_url': 'pic.twitter.com/yTChAoPWJw'}]","Los Angeles, CA",2016-12-08T23:26:58.000Z,807003567605227520,"Actor and Activist, semi-professional disruptor, ice cream advocate and shameless teacup yorkie-lover",190336,220,1149,567,realamberheard,Amber Heard,https://t.co/Ze18Ek9SOI,https://pbs.twimg.com/profile_images/1383196364792680448/N8CdupEu_normal.jpg,The Universe,2020-08-08T10:43:48.000Z,1292048764572585987,"My only prayer and hope is that every human and animal in the world will be happy, at peace and safe. Lots of respect, love and best wishes to all.",93,41,345,0,The_SgrAli,Sagar,https://t.co/7gyGWonJim,https://pbs.twimg.com/profile_images/1292069334097920001/NEI5CU4g_normal.jpg,,,
en,,I apologise for poisoning yalls timeline with her but honestly a no hate campaign???🤦🤦🤦          ahh I forgot being a husband beater wasn’t covered under hate 🤔 https://t.co/fNVHVuqtgM,858756724152520708,1299853053177344001,2020-08-29T23:34:52.000Z,Twitter Web App,"[{'type': 'quoted', 'id': '1299778566234677250'}]",0,0,1,0,"[{'start': 161, 'end': 184, 'url': 'https://t.co/fNVHVuqtgM', 'expanded_url': 'https://twitter.com/realamberheard/status/1299778566234677250', 'display_url': 'twitter.com/realamberheard…'}]",en,Remember this social campaign? 10 years ago today. Feels like it’s been a century we’ve come so far https://t.co/yTChAoPWJw,807003567605227520,1299778566234677250,2020-08-29T18:38:53.000Z,Twitter for iPhone,117,404,1883,37,"[{'start': 100, 'end': 123, 'url': 'https://t.co/yTChAoPWJw', 'expanded_url': 'https://twitter.com/realamberheard/status/1299778566234677250/photo/1', 'display_url': 'pic.twitter.com/yTChAoPWJw'}]","Los Angeles, CA",2016-12-08T23:26:58.000Z,807003567605227520,"Actor and Activist, semi-professional disruptor, ice cream advocate and shameless teacup yorkie-lover",190336,220,1149,567,realamberheard,Amber Heard,https://t.co/Ze18Ek9SOI,https://pbs.twimg.com/profile_images/1383196364792680448/N8CdupEu_normal.jpg,,2017-04-30T18:55:32.000Z,858756724152520708,✨Wald-mignon✨,41,172,475,0,abbeyunders,Abbey,,https://pbs.twimg.com/profile_images/1439343703055810566/aGfJyDNv_normal.jpg,,,
en,807003567605227520,@realamberheard A brave woman fighting for what is right. You have decent peoples full support. 👏👏👏👏❤️ https://t.co/Kiv8hzcxo4,264184535,1299851550685302784,2020-08-29T23:28:54.000Z,Twitter for Android,"[{'type': 'quoted', 'id': '1299778566234677250'}]",0,0,1,0,"[{'start': 103, 'end': 126, 'url': 'https://t.co/Kiv8hzcxo4', 'expanded_url': 'https://twitter.com/realamberheard/status/1299778566234677250', 'display_url': 'twitter.com/realamberheard…'}]",en,Remember this social campaign? 10 years ago today. Feels like it’s been a century we’ve come so far https://t.co/yTChAoPWJw,807003567605227520,1299778566234677250,2020-08-29T18:38:53.000Z,Twitter for iPhone,117,404,1883,37,"[{'start': 100, 'end': 123, 'url': 'https://t.co/yTChAoPWJw', 'expanded_url': 'https://twitter.com/realamberheard/status/1299778566234677250/photo/1', 'display_url': 'pic.twitter.com/yTChAoPWJw'}]","Los Angeles, CA",2016-12-08T23:26:58.000Z,807003567605227520,"Actor and Activist, semi-professional disruptor, ice cream advocate and shameless teacup yorkie-lover",190336,220,1149,567,realamberheard,Amber Heard,https://t.co/Ze18Ek9SOI,https://pbs.twimg.com/profile_images/1383196364792680448/N8CdupEu_normal.jpg,,2011-03-11T13:46:29.000Z,264184535,I don't have everything I want but I've have everything I need. Thanks for an amazing family. living in the most beautiful part of the UK 🏴󠁧󠁢󠁷󠁬󠁳󠁿,457,796,4529,3,BADWOLF765,Gary S 🇬🇧 🏴󠁧󠁢󠁥󠁮󠁧󠁿,,https://pbs.twimg.com/profile_images/1383759431725240320/GW65E-Fr_normal.jpg,,"[{'start': 0, 'end': 15, 'username': 'realamberheard', 'id': '807003567605227520'}]",
en,,Please welcome ACH (Amber Clown Heard) 🤡 https://t.co/LuKG08eaz9 https://t.co/1TshqmsHN2,1274423303051063298,1299837982481035268,2020-08-29T22:34:59.000Z,Twitter for iPhone,"[{'type': 'quoted', 'id': '1299778566234677250'}]",0,0,4,0,"[{'start': 41, 'end': 64, 'url': 'https://t.co/LuKG08eaz9', 'expanded_url': 'https://twitter.com/FIDELIIVS/status/1299837982481035268/photo/1', 'display_url': 'pic.twitter.com/LuKG08eaz9'}, {'start': 65, 'end': 88, 'url': 'https://t.co/1TshqmsHN2', 'expanded_url': 'https://twitter.com/realamberheard/status/1299778566234677250', 'display_url': 'twitter.com/realamberheard…'}]",en,Remember this social campaign? 10 years ago today. Feels like it’s been a century we’ve come so far https://t.co/yTChAoPWJw,807003567605227520,1299778566234677250,2020-08-29T18:38:53.000Z,Twitter for iPhone,117,404,1883,37,"[{'start': 100, 'end': 123, 'url': 'https://t.co/yTChAoPWJw', 'expanded_url': 'https://twitter.com/realamberheard/status/1299778566234677250/photo/1', 'display_url': 'pic.twitter.com/yTChAoPWJw'}]","Los Angeles, CA",2016-12-08T23:26:58.000Z,807003567605227520,"Actor and Activist, semi-professional disruptor, ice cream advocate and shameless teacup yorkie-lover",190336,220,1149,567,realamberheard,Amber Heard,https://t.co/Ze18Ek9SOI,https://pbs.twimg.com/profile_images/1383196364792680448/N8CdupEu_normal.jpg,#justiceforjohnnydepp,2020-06-20T19:26:16.000Z,1274423303051063298,"“𝔧𝔲𝔰𝔱 𝔤𝔦𝔪𝔪𝔢 𝔰𝔬𝔪𝔢 𝔱𝔯𝔲𝔱𝔥” the beatles, lana del rey and johnny depp’s stan.",515,1539,2601,2,FIDELIIVS,"get back, luna! #LENNONLIVESON",,https://pbs.twimg.com/profile_images/1470161953985376263/dLJX8B1j_normal.jpg,,,
en,,Shut up 🤮 https://t.co/PovsbnRRrb,984417824402759680,1299835279012962305,2020-08-29T22:24:14.000Z,Twitter for iPhone,"[{'type': 'quoted', 'id': '1299778566234677250'}]",0,0,4,0,"[{'start': 10, 'end': 33, 'url': 'https://t.co/PovsbnRRrb', 'expanded_url': 'https://twitter.com/realamberheard/status/1299778566234677250', 'display_url': 'twitter.com/realamberheard…'}]",en,Remember this social campaign? 10 years ago today. Feels like it’s been a century we’ve come so far https://t.co/yTChAoPWJw,807003567605227520,1299778566234677250,2020-08-29T18:38:53.000Z,Twitter for iPhone,117,404,1883,37,"[{'start': 100, 'end': 123, 'url': 'https://t.co/yTChAoPWJw', 'expanded_url': 'https://twitter.com/realamberheard/status/1299778566234677250/photo/1', 'display_url': 'pic.twitter.com/yTChAoPWJw'}]","Los Angeles, CA",2016-12-08T23:26:58.000Z,807003567605227520,"Actor and Activist, semi-professional disruptor, ice cream advocate and shameless teacup yorkie-lover",190336,220,1149,567,realamberheard,Amber Heard,https://t.co/Ze18Ek9SOI,https://pbs.twimg.com/profile_images/1383196364792680448/N8CdupEu_normal.jpg,,2018-04-12T13:07:53.000Z,984417824402759680,18. texas.,114,102,8487,1,leebxbx,ˡᵉᵉ,,https://pbs.twimg.com/profile_images/1505435606603685890/R6nAhQGC_normal.jpg,,,
en,,"RT @YouDidNotExist: “You are a washed up, fat old man. You will die a lonely man. Your career is over.”

- Amber Heard #AbusersInFaketivism",1858810458,1299835016193748993,2020-08-29T22:23:12.000Z,Twitter for iPhone,"[{'type': 'retweeted', 'id': '1299833431694680065'}]",5,0,0,0,,en,Remember this social campaign? 10 years ago today. Feels like it’s been a century we’ve come so far https://t.co/yTChAoPWJw,807003567605227520,1299778566234677250,2020-08-29T18:38:53.000Z,Twitter for iPhone,117,404,1883,37,"[{'start': 100, 'end': 123, 'url': 'https://t.co/yTChAoPWJw', 'expanded_url': 'https://twitter.com/realamberheard/status/1299778566234677250/photo/1', 'display_url': 'pic.twitter.com/yTChAoPWJw'}]","Los Angeles, CA",2016-12-08T23:26:58.000Z,807003567605227520,"Actor and Activist, semi-professional disruptor, ice cream advocate and shameless teacup yorkie-lover",190336,220,1149,567,realamberheard,Amber Heard,https://t.co/Ze18Ek9SOI,https://pbs.twimg.com/profile_images/1383196364792680448/N8CdupEu_normal.jpg,she/her · 22,2013-09-12T23:20:06.000Z,1858810458,"'so it seems like this internet thing is here to stay, huh?' - chandler bing",2397,328,45302,62,wdwruffalo,alex ✧,,https://pbs.twimg.com/profile_images/1494547205423779843/e_9xkl0h_normal.jpg,"[{'start': 119, 'end': 139, 'tag': 'AbusersInFaketivism'}]",,"[{'start': 107, 'end': 117, 'probability': 0.4766, 'type': 'Person', 'normalized_text': 'Amber Heard'}]"
en,,"RT @YouDidNotExist: “You are a washed up, fat old man. You will die a lonely man. Your career is over.”

- Amber Heard #AbusersInFaketivism",918976951913713664,1299834390546198528,2020-08-29T22:20:43.000Z,Twitter for iPhone,"[{'type': 'retweeted', 'id': '1299833431694680065'}]",5,0,0,0,,en,Remember this social campaign? 10 years ago today. Feels like it’s been a century we’ve come so far https://t.co/yTChAoPWJw,807003567605227520,1299778566234677250,2020-08-29T18:38:53.000Z,Twitter for iPhone,117,404,1883,37,"[{'start': 100, 'end': 123, 'url': 'https://t.co/yTChAoPWJw', 'expanded_url': 'https://twitter.com/realamberheard/status/1299778566234677250/photo/1', 'display_url': 'pic.twitter.com/yTChAoPWJw'}]","Los Angeles, CA",2016-12-08T23:26:58.000Z,807003567605227520,"Actor and Activist, semi-professional disruptor, ice cream advocate and shameless teacup yorkie-lover",190336,220,1149,567,realamberheard,Amber Heard,https://t.co/Ze18Ek9SOI,https://pbs.twimg.com/profile_images/1383196364792680448/N8CdupEu_normal.jpg,,2017-10-13T23:09:13.000Z,918976951913713664,#WeAreWithYouJohnnyDepp,1253,30,130569,5,omgjackiesparr1,omgjackiesparrow,https://t.co/XSwYlH0QVX,https://pbs.twimg.com/profile_images/1323347944007847937/XYusQczp_normal.png,"[{'start': 119, 'end': 139, 'tag': 'AbusersInFaketivism'}]",,"[{'start': 107, 'end': 117, 'probability': 0.4766, 'type': 'Person', 'normalized_text': 'Amber Heard'}]"
en,,"RT @YouDidNotExist: “You are a washed up, fat old man. You will die a lonely man. Your career is over.”

- Amber Heard #AbusersInFaketivism",1293250794624614402,1299834356962398210,2020-08-29T22:20:35.000Z,Twitter for iPhone,"[{'type': 'retweeted', 'id': '1299833431694680065'}]",5,0,0,0,,en,Remember this social campaign? 10 years ago today. Feels like it’s been a century we’ve come so far https://t.co/yTChAoPWJw,807003567605227520,1299778566234677250,2020-08-29T18:38:53.000Z,Twitter for iPhone,117,404,1883,37,"[{'start': 100, 'end': 123, 'url': 'https://t.co/yTChAoPWJw', 'expanded_url': 'https://twitter.com/realamberheard/status/1299778566234677250/photo/1', 'display_url': 'pic.twitter.com/yTChAoPWJw'}]","Los Angeles, CA",2016-12-08T23:26:58.000Z,807003567605227520,"Actor and Activist, semi-professional disruptor, ice cream advocate and shameless teacup yorkie-lover",190336,220,1149,567,realamberheard,Amber Heard,https://t.co/Ze18Ek9SOI,https://pbs.twimg.com/profile_images/1383196364792680448/N8CdupEu_normal.jpg,,2020-08-11T18:20:00.000Z,1293250794624614402,,1588,980,32746,10,mrsdepp_head,Annabel Depphead ⭐️⭐️,,https://pbs.twimg.com/profile_images/1503490496928305154/-v_9TeFX_normal.jpg,"[{'start': 119, 'end': 139, 'tag': 'AbusersInFaketivism'}]",,"[{'start': 107, 'end': 117, 'probability': 0.4766, 'type': 'Person', 'normalized_text': 'Amber Heard'}]"
en,,"RT @YouDidNotExist: “You are a washed up, fat old man. You will die a lonely man. Your career is over.”

- Amber Heard #AbusersInFaketivism",1164182660329168901,1299834147062591488,2020-08-29T22:19:45.000Z,Twitter for iPhone,"[{'type': 'retweeted', 'id': '1299833431694680065'}]",5,0,0,0,,en,Remember this social campaign? 10 years ago today. Feels like it’s been a century we’ve come so far https://t.co/yTChAoPWJw,807003567605227520,1299778566234677250,2020-08-29T18:38:53.000Z,Twitter for iPhone,117,404,1883,37,"[{'start': 100, 'end': 123, 'url': 'https://t.co/yTChAoPWJw', 'expanded_url': 'https://twitter.com/realamberheard/status/1299778566234677250/photo/1', 'display_url': 'pic.twitter.com/yTChAoPWJw'}]","Los Angeles, CA",2016-12-08T23:26:58.000Z,807003567605227520,"Actor and Activist, semi-professional disruptor, ice cream advocate and shameless teacup yorkie-lover",190336,220,1149,567,realamberheard,Amber Heard,https://t.co/Ze18Ek9SOI,https://pbs.twimg.com/profile_images/1383196364792680448/N8CdupEu_normal.jpg,Selebratzs House,2019-08-21T14:29:40.000Z,1164182660329168901,everything that kills me makes me feel alive. Selena Gomez & Dylan O'brien stan,983,1156,29919,11,soul_0506,𝙳𝚊𝚑𝚒 ♏︎,,https://pbs.twimg.com/profile_images/1462117756980105227/siceOcZq_normal.jpg,"[{'start': 119, 'end': 139, 'tag': 'AbusersInFaketivism'}]",,"[{'start': 107, 'end': 117, 'probability': 0.4766, 'type': 'Person', 'normalized_text': 'Amber Heard'}]"
en,,"“You are a washed up, fat old man. You will die a lonely man. Your career is over.”

- Amber Heard #AbusersInFaketivism https://t.co/PfxN2ZW0KH",1243930694289633280,1299833431694680065,2020-08-29T22:16:54.000Z,Twitter for iPhone,"[{'type': 'quoted', 'id': '1299778566234677250'}]",5,4,45,2,"[{'start': 120, 'end': 143, 'url': 'https://t.co/PfxN2ZW0KH', 'expanded_url': 'https://twitter.com/realamberheard/status/1299778566234677250', 'display_url': 'twitter.com/realamberheard…'}]",en,Remember this social campaign? 10 years ago today. Feels like it’s been a century we’ve come so far https://t.co/yTChAoPWJw,807003567605227520,1299778566234677250,2020-08-29T18:38:53.000Z,Twitter for iPhone,117,404,1883,37,"[{'start': 100, 'end': 123, 'url': 'https://t.co/yTChAoPWJw', 'expanded_url': 'https://twitter.com/realamberheard/status/1299778566234677250/photo/1', 'display_url': 'pic.twitter.com/yTChAoPWJw'}]","Los Angeles, CA",2016-12-08T23:26:58.000Z,807003567605227520,"Actor and Activist, semi-professional disruptor, ice cream advocate and shameless teacup yorkie-lover",190336,220,1149,567,realamberheard,Amber Heard,https://t.co/Ze18Ek9SOI,https://pbs.twimg.com/profile_images/1383196364792680448/N8CdupEu_normal.jpg,under johnny’s fedora,2020-03-28T15:59:50.000Z,1243930694289633280,one part outrage. one part justice. three parts rum. mix well.,4049,670,21300,27,salveogvm,carpe,,https://pbs.twimg.com/profile_images/1467539187561861122/LZIiC7b6_normal.jpg,"[{'start': 99, 'end': 119, 'tag': 'AbusersInFaketivism'}]",,"[{'start': 87, 'end': 97, 'probability': 0.4201, 'type': 'Person', 'normalized_text': 'Amber Heard'}]"
und,,https://t.co/2fYsZbBXbC https://t.co/VFFSKDtiJK,2483513651,1299830367768186891,2020-08-29T22:04:44.000Z,Twitter for Android,"[{'type': 'quoted', 'id': '1299778566234677250'}]",0,0,7,0,"[{'start': 0, 'end': 23, 'url': 'https://t.co/2fYsZbBXbC', 'expanded_url': 'https://twitter.com/_skjaldmo/status/1299830367768186891/photo/1', 'display_url': 'pic.twitter.com/2fYsZbBXbC'}, {'start': 24, 'end': 47, 'url': 'https://t.co/VFFSKDtiJK', 'expanded_url': 'https://twitter.com/realamberheard/status/1299778566234677250', 'display_url': 'twitter.com/realamberheard…'}]",en,Remember this social campaign? 10 years ago today. Feels like it’s been a century we’ve come so far https://t.co/yTChAoPWJw,807003567605227520,1299778566234677250,2020-08-29T18:38:53.000Z,Twitter for iPhone,117,404,1883,37,"[{'start': 100, 'end': 123, 'url': 'https://t.co/yTChAoPWJw', 'expanded_url': 'https://twitter.com/realamberheard/status/1299778566234677250/photo/1', 'display_url': 'pic.twitter.com/yTChAoPWJw'}]","Los Angeles, CA",2016-12-08T23:26:58.000Z,807003567605227520,"Actor and Activist, semi-professional disruptor, ice cream advocate and shameless teacup yorkie-lover",190336,220,1149,567,realamberheard,Amber Heard,https://t.co/Ze18Ek9SOI,https://pbs.twimg.com/profile_images/1383196364792680448/N8CdupEu_normal.jpg,South America,2014-04-14T06:57:06.000Z,2483513651,♀ • Ⓥ #fta • metal • tolkien • bunny mom 🐰• @jphoenixupdates,1602,320,88125,20,_skjaldmo,C.,https://t.co/yGMML9PSeN,https://pbs.twimg.com/profile_images/1501991401990631424/PIB6GCTq_normal.jpg,,,
es,,"CARADURA!
Se atreve de hablar de la campaña en contra del odio, cuando ella es una MIERDA DE PERSONA. https://t.co/eUWbvqRA5K",1263296329771606019,1299827608360759296,2020-08-29T21:53:46.000Z,Twitter for Android,"[{'type': 'quoted', 'id': '1299778566234677250'}]",0,0,1,0,"[{'start': 102, 'end': 125, 'url': 'https://t.co/eUWbvqRA5K', 'expanded_url': 'https://twitter.com/realamberheard/status/1299778566234677250', 'display_url': 'twitter.com/realamberheard…'}]",en,Remember this social campaign? 10 years ago today. Feels like it’s been a century we’ve come so far https://t.co/yTChAoPWJw,807003567605227520,1299778566234677250,2020-08-29T18:38:53.000Z,Twitter for iPhone,117,404,1883,37,"[{'start': 100, 'end': 123, 'url': 'https://t.co/yTChAoPWJw', 'expanded_url': 'https://twitter.com/realamberheard/status/1299778566234677250/photo/1', 'display_url': 'pic.twitter.com/yTChAoPWJw'}]","Los Angeles, CA",2016-12-08T23:26:58.000Z,807003567605227520,"Actor and Activist, semi-professional disruptor, ice cream advocate and shameless teacup yorkie-lover",190336,220,1149,567,realamberheard,Amber Heard,https://t.co/Ze18Ek9SOI,https://pbs.twimg.com/profile_images/1383196364792680448/N8CdupEu_normal.jpg,Argentina,2020-05-21T02:31:43.000Z,1263296329771606019,"no es una cuenta inactiva, sólo es que trabajo y estudio.",347,781,11003,1,3DJokerFam222,👽𝑹𝒐🎶🌺,,https://pbs.twimg.com/profile_images/1460408932212555783/rfq0pSvw_normal.jpg,,,
