referenced_tweets,id,created_at,text,author_id,lang,source,entities.urls,entities.mentions,entities.hashtags,public_metrics.retweet_count,public_metrics.reply_count,public_metrics.like_count,public_metrics.quote_count,quoted_tweet.entities.urls,quoted_tweet.id,quoted_tweet.created_at,quoted_tweet.text,quoted_tweet.public_metrics.retweet_count,quoted_tweet.public_metrics.reply_count,quoted_tweet.public_metrics.like_count,quoted_tweet.public_metrics.quote_count,quoted_tweet.author_id,quoted_tweet.lang,quoted_tweet.source,quoted_tweet.author.public_metrics.followers_count,quoted_tweet.author.public_metrics.following_count,quoted_tweet.author.public_metrics.tweet_count,quoted_tweet.author.public_metrics.listed_count,quoted_tweet.author.created_at,quoted_tweet.author.name,quoted_tweet.author.username,quoted_tweet.author.profile_image_url,quoted_tweet.author.location,quoted_tweet.author.id,quoted_tweet.author.url,quoted_tweet.author.description,author.public_metrics.followers_count,author.public_metrics.following_count,author.public_metrics.tweet_count,author.public_metrics.listed_count,author.created_at,author.name,author.username,author.profile_image_url,author.location,author.id,author.url,author.description,entities.annotations,in_reply_to_user_id
"[{'type': 'quoted', 'id': '1300575628324794368'}]",1339288910711709698,2020-12-16T19:18:53.000Z,"I'll be damned if I sit through that movie watching your 79% plastic filled face @realamberheard 
#AmberHeardIsAnAbuser 
#JohnnyDeppIsInnocent 
#JusticeForJohhnyDepp https://t.co/uj3MlXwEug",1330298385878966274,en,Twitter for Android,"[{'start': 166, 'end': 189, 'url': 'https://t.co/uj3MlXwEug', 'expanded_url': 'https://twitter.com/realamberheard/status/1300575628324794368', 'display_url': 'twitter.com/realamberheard…'}]","[{'start': 81, 'end': 96, 'username': 'realamberheard', 'id': '807003567605227520'}]","[{'start': 98, 'end': 119, 'tag': 'AmberHeardIsAnAbuser'}, {'start': 121, 'end': 142, 'tag': 'JohnnyDeppIsInnocent'}, {'start': 144, 'end': 165, 'tag': 'JusticeForJohhnyDepp'}]",0,0,1,0,"[{'start': 0, 'end': 23, 'url': 'https://t.co/ta0Lf7S7JI', 'expanded_url': 'https://twitter.com/realamberheard/status/1300575628324794368/video/1', 'display_url': 'pic.twitter.com/ta0Lf7S7JI'}]",1300575628324794368,2020-08-31T23:26:07.000Z,https://t.co/ta0Lf7S7JI,127,354,1026,31,807003567605227520,und,Twitter for iPhone,190336,220,1149,567,2016-12-08T23:26:58.000Z,Amber Heard,realamberheard,https://pbs.twimg.com/profile_images/1383196364792680448/N8CdupEu_normal.jpg,"Los Angeles, CA",807003567605227520,https://t.co/Ze18Ek9SOI,"Actor and Activist, semi-professional disruptor, ice cream advocate and shameless teacup yorkie-lover",109,500,863,0,2020-11-21T23:54:10.000Z,Black Dahlia🌹,semieyahJesters,https://pbs.twimg.com/profile_images/1376576621201797121/HmwfdnN1_normal.jpg,"Soon, Hollywood ",1330298385878966274,https://t.co/bhRQjMb43R,"She/her 

Future Thespian and Animal Lover ✌🏾🖤

#lgbtq 🏳️‍🌈

#JohnnyDepp

#fightglobalwarming",,
"[{'type': 'quoted', 'id': '1300575628324794368'}]",1324787304003735552,2020-11-06T18:54:41.000Z,"Empezaré mi BOICOT

NO VEAN ESTA SERIE DE AMBER HEARD.

Vean la miniserie original de 1994 o lean el libro de Stephen King. https://t.co/uVaMMO4MFp",150904761,es,Twitter for Android,"[{'start': 124, 'end': 147, 'url': 'https://t.co/uVaMMO4MFp', 'expanded_url': 'https://twitter.com/realamberheard/status/1300575628324794368', 'display_url': 'twitter.com/realamberheard…'}]",,,0,0,0,0,"[{'start': 0, 'end': 23, 'url': 'https://t.co/ta0Lf7S7JI', 'expanded_url': 'https://twitter.com/realamberheard/status/1300575628324794368/video/1', 'display_url': 'pic.twitter.com/ta0Lf7S7JI'}]",1300575628324794368,2020-08-31T23:26:07.000Z,https://t.co/ta0Lf7S7JI,127,354,1026,31,807003567605227520,und,Twitter for iPhone,190336,220,1149,567,2016-12-08T23:26:58.000Z,Amber Heard,realamberheard,https://pbs.twimg.com/profile_images/1383196364792680448/N8CdupEu_normal.jpg,"Los Angeles, CA",807003567605227520,https://t.co/Ze18Ek9SOI,"Actor and Activist, semi-professional disruptor, ice cream advocate and shameless teacup yorkie-lover",77,409,1534,2,2010-06-02T03:28:51.000Z,Maye,mayewalker,https://pbs.twimg.com/profile_images/685963841834893312/5NXPG6A4_normal.jpg,que te importa,150904761,,,"[{'start': 42, 'end': 52, 'probability': 0.764, 'type': 'Other', 'normalized_text': 'AMBER HEARD'}, {'start': 110, 'end': 121, 'probability': 0.7326, 'type': 'Person', 'normalized_text': 'Stephen King'}]",
"[{'type': 'retweeted', 'id': '1304532786104197126'}]",1304534070412673030,2020-09-11T21:35:34.000Z,RT @HoodSocialism: Girl.....,945100996040122368,en,Twitter for iPhone,,,,1,0,0,0,"[{'start': 0, 'end': 23, 'url': 'https://t.co/ta0Lf7S7JI', 'expanded_url': 'https://twitter.com/realamberheard/status/1300575628324794368/video/1', 'display_url': 'pic.twitter.com/ta0Lf7S7JI'}]",1300575628324794368,2020-08-31T23:26:07.000Z,https://t.co/ta0Lf7S7JI,127,354,1026,31,807003567605227520,und,Twitter for iPhone,190336,220,1149,567,2016-12-08T23:26:58.000Z,Amber Heard,realamberheard,https://pbs.twimg.com/profile_images/1383196364792680448/N8CdupEu_normal.jpg,"Los Angeles, CA",807003567605227520,https://t.co/Ze18Ek9SOI,"Actor and Activist, semi-professional disruptor, ice cream advocate and shameless teacup yorkie-lover",481,2133,120699,0,2017-12-25T01:16:51.000Z,CB😷,dykehalfbaked,https://pbs.twimg.com/profile_images/1372039545932353538/RqXC5RqL_normal.jpg,House Arrest 2020,945100996040122368,,"BLACK LIVES MATTER, PERIOD. I will die for my black friends and family! I stand with those who fight against oppression. *OCD/ADHD/BiPolar/PTSD/Anxiety*",,
"[{'type': 'quoted', 'id': '1300575628324794368'}]",1304532786104197126,2020-09-11T21:30:27.000Z,Girl..... https://t.co/9VzX7TChbd,1029393334677250048,en,Twitter for iPhone,"[{'start': 10, 'end': 33, 'url': 'https://t.co/9VzX7TChbd', 'expanded_url': 'https://twitter.com/realamberheard/status/1300575628324794368', 'display_url': 'twitter.com/realamberheard…'}]",,,1,1,5,0,"[{'start': 0, 'end': 23, 'url': 'https://t.co/ta0Lf7S7JI', 'expanded_url': 'https://twitter.com/realamberheard/status/1300575628324794368/video/1', 'display_url': 'pic.twitter.com/ta0Lf7S7JI'}]",1300575628324794368,2020-08-31T23:26:07.000Z,https://t.co/ta0Lf7S7JI,127,354,1026,31,807003567605227520,und,Twitter for iPhone,190336,220,1149,567,2016-12-08T23:26:58.000Z,Amber Heard,realamberheard,https://pbs.twimg.com/profile_images/1383196364792680448/N8CdupEu_normal.jpg,"Los Angeles, CA",807003567605227520,https://t.co/Ze18Ek9SOI,"Actor and Activist, semi-professional disruptor, ice cream advocate and shameless teacup yorkie-lover",15237,589,171052,56,2018-08-14T15:44:30.000Z,Bella Goth,HotCommieGal,https://pbs.twimg.com/profile_images/1502702074110390282/VhG24RG7_normal.jpg,Pallet Town,1029393334677250048,,Anime Connoisseur| Horror Film Fanatic| 27| Womanist| She/Her| ☭,,
"[{'type': 'retweeted', 'id': '1300752732467453952'}]",1301182202416431104,2020-09-02T15:36:26.000Z,"RT @janiesgun_: Boycott this movie if you're are against domestic violences.
Amber Heard is an ABUSER https://t.co/zL3ygvp5ZT",1295780313973567488,en,Twitter Web App,"[{'start': 102, 'end': 125, 'url': 'https://t.co/zL3ygvp5ZT', 'expanded_url': 'https://twitter.com/realamberheard/status/1300575628324794368', 'display_url': 'twitter.com/realamberheard…'}]",,,8,0,0,0,"[{'start': 0, 'end': 23, 'url': 'https://t.co/ta0Lf7S7JI', 'expanded_url': 'https://twitter.com/realamberheard/status/1300575628324794368/video/1', 'display_url': 'pic.twitter.com/ta0Lf7S7JI'}]",1300575628324794368,2020-08-31T23:26:07.000Z,https://t.co/ta0Lf7S7JI,127,354,1026,31,807003567605227520,und,Twitter for iPhone,190336,220,1149,567,2016-12-08T23:26:58.000Z,Amber Heard,realamberheard,https://pbs.twimg.com/profile_images/1383196364792680448/N8CdupEu_normal.jpg,"Los Angeles, CA",807003567605227520,https://t.co/Ze18Ek9SOI,"Actor and Activist, semi-professional disruptor, ice cream advocate and shameless teacup yorkie-lover",72,226,4601,0,2020-08-18T17:51:30.000Z,Nana🥀La,Ioannalag1,https://pbs.twimg.com/profile_images/1323359621587849216/QNf81n_9_normal.jpg,UK,1295780313973567488,,,"[{'start': 77, 'end': 81, 'probability': 0.5483, 'type': 'Person', 'normalized_text': 'Amber'}]",
"[{'type': 'quoted', 'id': '1300575628324794368'}]",1301107453480841221,2020-09-02T10:39:24.000Z,https://t.co/hczLTMAtay https://t.co/62DJHDxrsI,1076159677312970752,und,Twitter for iPhone,"[{'start': 0, 'end': 23, 'url': 'https://t.co/hczLTMAtay', 'expanded_url': 'https://twitter.com/AylinDodogan/status/1301107453480841221/photo/1', 'display_url': 'pic.twitter.com/hczLTMAtay'}, {'start': 24, 'end': 47, 'url': 'https://t.co/62DJHDxrsI', 'expanded_url': 'https://twitter.com/realamberheard/status/1300575628324794368', 'display_url': 'twitter.com/realamberheard…'}]",,,0,0,2,0,"[{'start': 0, 'end': 23, 'url': 'https://t.co/ta0Lf7S7JI', 'expanded_url': 'https://twitter.com/realamberheard/status/1300575628324794368/video/1', 'display_url': 'pic.twitter.com/ta0Lf7S7JI'}]",1300575628324794368,2020-08-31T23:26:07.000Z,https://t.co/ta0Lf7S7JI,127,354,1026,31,807003567605227520,und,Twitter for iPhone,190336,220,1149,567,2016-12-08T23:26:58.000Z,Amber Heard,realamberheard,https://pbs.twimg.com/profile_images/1383196364792680448/N8CdupEu_normal.jpg,"Los Angeles, CA",807003567605227520,https://t.co/Ze18Ek9SOI,"Actor and Activist, semi-professional disruptor, ice cream advocate and shameless teacup yorkie-lover",1141,1091,196432,13,2018-12-21T16:57:15.000Z,Aylin,ReineDuLeon,https://pbs.twimg.com/profile_images/1503718277494755334/3W09k7Zd_normal.jpg,Amsterdam Netherlands,1076159677312970752,,I dream being the first princess with autism. Proud zusje of @AvocadoMangoes,,
"[{'type': 'quoted', 'id': '1300575628324794368'}]",1300932795708002304,2020-09-01T23:05:23.000Z,Looks amazing! https://t.co/DDXKDWNUTO,1297900626278379520,en,Twitter Web App,"[{'start': 15, 'end': 38, 'url': 'https://t.co/DDXKDWNUTO', 'expanded_url': 'https://twitter.com/realamberheard/status/1300575628324794368', 'display_url': 'twitter.com/realamberheard…'}]",,,0,0,0,0,"[{'start': 0, 'end': 23, 'url': 'https://t.co/ta0Lf7S7JI', 'expanded_url': 'https://twitter.com/realamberheard/status/1300575628324794368/video/1', 'display_url': 'pic.twitter.com/ta0Lf7S7JI'}]",1300575628324794368,2020-08-31T23:26:07.000Z,https://t.co/ta0Lf7S7JI,127,354,1026,31,807003567605227520,und,Twitter for iPhone,190336,220,1149,567,2016-12-08T23:26:58.000Z,Amber Heard,realamberheard,https://pbs.twimg.com/profile_images/1383196364792680448/N8CdupEu_normal.jpg,"Los Angeles, CA",807003567605227520,https://t.co/Ze18Ek9SOI,"Actor and Activist, semi-professional disruptor, ice cream advocate and shameless teacup yorkie-lover",18,40,250,0,2020-08-24T14:16:45.000Z,Kate,QueenOfTheSea35,https://pbs.twimg.com/profile_images/1297902438289031168/PVdeb2Gg_normal.jpg,,1297900626278379520,,Queen Mera,,
"[{'type': 'retweeted', 'id': '1300752732467453952'}]",1300872794356490257,2020-09-01T19:06:57.000Z,"RT @janiesgun_: Boycott this movie if you're are against domestic violences.
Amber Heard is an ABUSER",1107034681294372864,en,Twitter for Android,,,,8,0,0,0,"[{'start': 0, 'end': 23, 'url': 'https://t.co/ta0Lf7S7JI', 'expanded_url': 'https://twitter.com/realamberheard/status/1300575628324794368/video/1', 'display_url': 'pic.twitter.com/ta0Lf7S7JI'}]",1300575628324794368,2020-08-31T23:26:07.000Z,https://t.co/ta0Lf7S7JI,127,354,1026,31,807003567605227520,und,Twitter for iPhone,190336,220,1149,567,2016-12-08T23:26:58.000Z,Amber Heard,realamberheard,https://pbs.twimg.com/profile_images/1383196364792680448/N8CdupEu_normal.jpg,"Los Angeles, CA",807003567605227520,https://t.co/Ze18Ek9SOI,"Actor and Activist, semi-professional disruptor, ice cream advocate and shameless teacup yorkie-lover",47,78,2716,0,2019-03-16T21:43:30.000Z,Mary Sue Destroyer,bluebanksta,https://pbs.twimg.com/profile_images/1129339009916964864/8z2Vn2Z9_normal.jpg,"Boulogne-Billancourt, France",1107034681294372864,,"Facts don't lie, People do 
#JusticeForJohnnyDepp
#MJINNOCENT","[{'start': 77, 'end': 81, 'probability': 0.5856, 'type': 'Person', 'normalized_text': 'Amber'}]",
"[{'type': 'retweeted', 'id': '1300752732467453952'}]",1300837069544185857,2020-09-01T16:45:00.000Z,"RT @janiesgun_: Boycott this movie if you're are against domestic violences.
Amber Heard is an ABUSER",1222595951161942016,en,Twitter for iPhone,,,,8,0,0,0,"[{'start': 0, 'end': 23, 'url': 'https://t.co/ta0Lf7S7JI', 'expanded_url': 'https://twitter.com/realamberheard/status/1300575628324794368/video/1', 'display_url': 'pic.twitter.com/ta0Lf7S7JI'}]",1300575628324794368,2020-08-31T23:26:07.000Z,https://t.co/ta0Lf7S7JI,127,354,1026,31,807003567605227520,und,Twitter for iPhone,190336,220,1149,567,2016-12-08T23:26:58.000Z,Amber Heard,realamberheard,https://pbs.twimg.com/profile_images/1383196364792680448/N8CdupEu_normal.jpg,"Los Angeles, CA",807003567605227520,https://t.co/Ze18Ek9SOI,"Actor and Activist, semi-professional disruptor, ice cream advocate and shameless teacup yorkie-lover",18,121,1088,0,2020-01-29T19:03:00.000Z,Nobody,justiceforJD3,https://pbs.twimg.com/profile_images/1375062264139677703/gJkl1g4-_normal.jpg,France,1222595951161942016,,NO 'fuckin' REASON 🃏🏳️‍🌈#JusticeForJohnnyDepp,"[{'start': 77, 'end': 81, 'probability': 0.5856, 'type': 'Person', 'normalized_text': 'Amber'}]",
"[{'type': 'retweeted', 'id': '1300752732467453952'}]",1300803713297252353,2020-09-01T14:32:27.000Z,"RT @janiesgun_: Boycott this movie if you're are against domestic violences.
Amber Heard is an ABUSER",772149172086636545,en,Twitter for Android,,,,8,0,0,0,"[{'start': 0, 'end': 23, 'url': 'https://t.co/ta0Lf7S7JI', 'expanded_url': 'https://twitter.com/realamberheard/status/1300575628324794368/video/1', 'display_url': 'pic.twitter.com/ta0Lf7S7JI'}]",1300575628324794368,2020-08-31T23:26:07.000Z,https://t.co/ta0Lf7S7JI,127,354,1026,31,807003567605227520,und,Twitter for iPhone,190336,220,1149,567,2016-12-08T23:26:58.000Z,Amber Heard,realamberheard,https://pbs.twimg.com/profile_images/1383196364792680448/N8CdupEu_normal.jpg,"Los Angeles, CA",807003567605227520,https://t.co/Ze18Ek9SOI,"Actor and Activist, semi-professional disruptor, ice cream advocate and shameless teacup yorkie-lover",1108,5005,178862,13,2016-09-03T19:08:03.000Z,Harsh Kohli,HarshKohli09,https://pbs.twimg.com/profile_images/1138832370268823553/NvAJ7bRD_normal.jpg,,772149172086636545,,,"[{'start': 77, 'end': 81, 'probability': 0.5856, 'type': 'Person', 'normalized_text': 'Amber'}]",
"[{'type': 'retweeted', 'id': '1300600516700000261'}]",1300795011412434947,2020-09-01T13:57:52.000Z,RT @Lepplady: Is Turd anywhere in this preview that she posted? https://t.co/OMEmutzCYA,567232063,en,Twitter Web App,"[{'start': 64, 'end': 87, 'url': 'https://t.co/OMEmutzCYA', 'expanded_url': 'https://twitter.com/realamberheard/status/1300575628324794368', 'display_url': 'twitter.com/realamberheard…'}]","[{'start': 3, 'end': 12, 'username': 'Lepplady', 'id': '29229904'}]",,3,0,0,0,"[{'start': 0, 'end': 23, 'url': 'https://t.co/ta0Lf7S7JI', 'expanded_url': 'https://twitter.com/realamberheard/status/1300575628324794368/video/1', 'display_url': 'pic.twitter.com/ta0Lf7S7JI'}]",1300575628324794368,2020-08-31T23:26:07.000Z,https://t.co/ta0Lf7S7JI,127,354,1026,31,807003567605227520,und,Twitter for iPhone,190336,220,1149,567,2016-12-08T23:26:58.000Z,Amber Heard,realamberheard,https://pbs.twimg.com/profile_images/1383196364792680448/N8CdupEu_normal.jpg,"Los Angeles, CA",807003567605227520,https://t.co/Ze18Ek9SOI,"Actor and Activist, semi-professional disruptor, ice cream advocate and shameless teacup yorkie-lover",2236,562,195781,5,2012-04-30T13:36:21.000Z,Janina #IBelieveHim #justiceforjohnnydepp,JaninaSamhain,https://pbs.twimg.com/profile_images/1381993471012085760/rXgj2L8k_normal.png,,567232063,,Johnny Depp devotee ❤️ #JohnnyDeppIsGrindelwald #wearewithyouJohnnyDepp #proudofJohnnyDepp #youcantkeepagoodmandown #justiceforJohnnydepp #Grindelwaldsarmy,,
"[{'type': 'quoted', 'id': '1300575628324794368'}]",1300789375303913472,2020-09-01T13:35:29.000Z,Where you? https://t.co/irBuOKuABu,1181546954775334912,en,Twitter Web App,"[{'start': 11, 'end': 34, 'url': 'https://t.co/irBuOKuABu', 'expanded_url': 'https://twitter.com/realamberheard/status/1300575628324794368', 'display_url': 'twitter.com/realamberheard…'}]",,,0,0,2,0,"[{'start': 0, 'end': 23, 'url': 'https://t.co/ta0Lf7S7JI', 'expanded_url': 'https://twitter.com/realamberheard/status/1300575628324794368/video/1', 'display_url': 'pic.twitter.com/ta0Lf7S7JI'}]",1300575628324794368,2020-08-31T23:26:07.000Z,https://t.co/ta0Lf7S7JI,127,354,1026,31,807003567605227520,und,Twitter for iPhone,190336,220,1149,567,2016-12-08T23:26:58.000Z,Amber Heard,realamberheard,https://pbs.twimg.com/profile_images/1383196364792680448/N8CdupEu_normal.jpg,"Los Angeles, CA",807003567605227520,https://t.co/Ze18Ek9SOI,"Actor and Activist, semi-professional disruptor, ice cream advocate and shameless teacup yorkie-lover",120,151,11970,1,2019-10-08T12:28:51.000Z,Diyaneil Dimann,Mandiyanle,https://pbs.twimg.com/profile_images/1502285246355873800/K9l9THRE_normal.jpg,Earth.,1181546954775334912,,"i'm tired of my shits and dramas so i decided to worship some artists and fictional characters, 

i mean stan...",,
"[{'type': 'retweeted', 'id': '1300752732467453952'}]",1300788504687976449,2020-09-01T13:32:01.000Z,"RT @janiesgun_: Boycott this movie if you're are against domestic violences.
Amber Heard is an ABUSER",871847364318945281,en,Twitter for Android,,,,8,0,0,0,"[{'start': 0, 'end': 23, 'url': 'https://t.co/ta0Lf7S7JI', 'expanded_url': 'https://twitter.com/realamberheard/status/1300575628324794368/video/1', 'display_url': 'pic.twitter.com/ta0Lf7S7JI'}]",1300575628324794368,2020-08-31T23:26:07.000Z,https://t.co/ta0Lf7S7JI,127,354,1026,31,807003567605227520,und,Twitter for iPhone,190336,220,1149,567,2016-12-08T23:26:58.000Z,Amber Heard,realamberheard,https://pbs.twimg.com/profile_images/1383196364792680448/N8CdupEu_normal.jpg,"Los Angeles, CA",807003567605227520,https://t.co/Ze18Ek9SOI,"Actor and Activist, semi-professional disruptor, ice cream advocate and shameless teacup yorkie-lover",164,1004,26943,0,2017-06-05T21:53:04.000Z,Don't Stop Me Now 👑,Justine_Prl7,https://pbs.twimg.com/profile_images/1480248804205076480/x5nItpAs_normal.jpg,"Paris, France",871847364318945281,,V. 💘 |22yo|,"[{'start': 77, 'end': 81, 'probability': 0.5856, 'type': 'Person', 'normalized_text': 'Amber'}]",
"[{'type': 'retweeted', 'id': '1300752732467453952'}]",1300784905975029762,2020-09-01T13:17:43.000Z,"RT @janiesgun_: Boycott this movie if you're are against domestic violences.
Amber Heard is an ABUSER",464424709,en,Twitter for iPhone,,,,8,0,0,0,"[{'start': 0, 'end': 23, 'url': 'https://t.co/ta0Lf7S7JI', 'expanded_url': 'https://twitter.com/realamberheard/status/1300575628324794368/video/1', 'display_url': 'pic.twitter.com/ta0Lf7S7JI'}]",1300575628324794368,2020-08-31T23:26:07.000Z,https://t.co/ta0Lf7S7JI,127,354,1026,31,807003567605227520,und,Twitter for iPhone,190336,220,1149,567,2016-12-08T23:26:58.000Z,Amber Heard,realamberheard,https://pbs.twimg.com/profile_images/1383196364792680448/N8CdupEu_normal.jpg,"Los Angeles, CA",807003567605227520,https://t.co/Ze18Ek9SOI,"Actor and Activist, semi-professional disruptor, ice cream advocate and shameless teacup yorkie-lover",536,934,73538,4,2012-01-15T06:30:31.000Z,✩⋆˖ 🅜🅔🅖 ˖⋆✩,DJusticeforj,https://pbs.twimg.com/profile_images/1502817245541842944/B-d0TTr3_normal.jpg,Earth,464424709,,𝐀𝐧 𝐞𝐲𝐞 𝐟𝐨𝐫 𝐚𝐧 𝐞𝐲𝐞 𝐚𝐧𝐝 𝐚 𝐭𝐨𝐨𝐭𝐡 𝐟𝐨𝐫 𝐚 𝐭𝐨𝐨𝐭𝐡 #𝐉𝐮𝐬𝐭𝐢𝐜𝐞𝐅𝐨𝐫𝐉𝐨𝐡𝐧𝐧𝐲𝐃𝐞𝐩𝐩 #𝐀𝐦𝐛𝐞𝐫𝐇𝐞𝐚𝐫𝐝𝐥𝐬𝐀𝐋𝐢𝐚𝐫,"[{'start': 77, 'end': 81, 'probability': 0.5856, 'type': 'Person', 'normalized_text': 'Amber'}]",
"[{'type': 'retweeted', 'id': '1300752732467453952'}]",1300773162410483715,2020-09-01T12:31:03.000Z,"RT @janiesgun_: Boycott this movie if you're are against domestic violences.
Amber Heard is an ABUSER",2324712304,en,Twitter for Android,,,,8,0,0,0,"[{'start': 0, 'end': 23, 'url': 'https://t.co/ta0Lf7S7JI', 'expanded_url': 'https://twitter.com/realamberheard/status/1300575628324794368/video/1', 'display_url': 'pic.twitter.com/ta0Lf7S7JI'}]",1300575628324794368,2020-08-31T23:26:07.000Z,https://t.co/ta0Lf7S7JI,127,354,1026,31,807003567605227520,und,Twitter for iPhone,190336,220,1149,567,2016-12-08T23:26:58.000Z,Amber Heard,realamberheard,https://pbs.twimg.com/profile_images/1383196364792680448/N8CdupEu_normal.jpg,"Los Angeles, CA",807003567605227520,https://t.co/Ze18Ek9SOI,"Actor and Activist, semi-professional disruptor, ice cream advocate and shameless teacup yorkie-lover",1873,117,310521,139,2014-02-04T20:54:32.000Z,ً,dreamydepp,https://pbs.twimg.com/profile_images/1505346313881272320/kY9Nw5G7_normal.jpg,,2324712304,,"dude,never forget until justice is done.            #JusticeForJohnnyDepp","[{'start': 77, 'end': 81, 'probability': 0.5856, 'type': 'Person', 'normalized_text': 'Amber'}]",
,1300752732467453952,2020-09-01T11:09:52.000Z,"Boycott this movie if you're are against domestic violences.
Amber Heard is an ABUSER https://t.co/zL3ygvp5ZT",1024747857704878080,en,Twitter for Android,"[{'start': 86, 'end': 109, 'url': 'https://t.co/zL3ygvp5ZT', 'expanded_url': 'https://twitter.com/realamberheard/status/1300575628324794368', 'display_url': 'twitter.com/realamberheard…'}]",,,8,0,24,0,"[{'start': 0, 'end': 23, 'url': 'https://t.co/ta0Lf7S7JI', 'expanded_url': 'https://twitter.com/realamberheard/status/1300575628324794368/video/1', 'display_url': 'pic.twitter.com/ta0Lf7S7JI'}]",1300575628324794368,2020-08-31T23:26:07.000Z,https://t.co/ta0Lf7S7JI,127,354,1026,31,807003567605227520,und,Twitter for iPhone,190336,220,1149,567,2016-12-08T23:26:58.000Z,Amber Heard,realamberheard,https://pbs.twimg.com/profile_images/1383196364792680448/N8CdupEu_normal.jpg,"Los Angeles, CA",807003567605227520,https://t.co/Ze18Ek9SOI,"Actor and Activist, semi-professional disruptor, ice cream advocate and shameless teacup yorkie-lover",2982,380,9063,2,2018-08-01T20:05:02.000Z,elisa 🇫🇷,deppressead,https://pbs.twimg.com/profile_images/1500866082978021385/k8JV5A61_normal.jpg,"Paris, France",1024747857704878080,,Primary school teacher 👩‍🏫 Depphead & truth seeker,"[{'start': 60, 'end': 65, 'probability': 0.3977, 'type': 'Person', 'normalized_text': 'Amber'}]",
"[{'type': 'quoted', 'id': '1300575628324794368'}]",1300728066038063104,2020-09-01T09:31:51.000Z,LMAO SHE IS SHARING A TRAILER SHE’S NOT EVEN IN 🤣🤣🤣 https://t.co/yStitTJIN9,1279084967084122113,en,Twitter for iPhone,"[{'start': 52, 'end': 75, 'url': 'https://t.co/yStitTJIN9', 'expanded_url': 'https://twitter.com/realamberheard/status/1300575628324794368', 'display_url': 'twitter.com/realamberheard…'}]",,,0,1,17,0,"[{'start': 0, 'end': 23, 'url': 'https://t.co/ta0Lf7S7JI', 'expanded_url': 'https://twitter.com/realamberheard/status/1300575628324794368/video/1', 'display_url': 'pic.twitter.com/ta0Lf7S7JI'}]",1300575628324794368,2020-08-31T23:26:07.000Z,https://t.co/ta0Lf7S7JI,127,354,1026,31,807003567605227520,und,Twitter for iPhone,190336,220,1149,567,2016-12-08T23:26:58.000Z,Amber Heard,realamberheard,https://pbs.twimg.com/profile_images/1383196364792680448/N8CdupEu_normal.jpg,"Los Angeles, CA",807003567605227520,https://t.co/Ze18Ek9SOI,"Actor and Activist, semi-professional disruptor, ice cream advocate and shameless teacup yorkie-lover",1281,78,7745,12,2020-07-03T16:10:14.000Z,z💫,daisylandq,https://pbs.twimg.com/profile_images/1431320054923087872/rdRcti8r_normal.jpg,,1279084967084122113,,ᴏᴠᴇʀᴛʜɪɴᴋᴇʀ • ɪ ᴛᴡᴇᴇᴛ ᴀɴᴅ ꜱᴛᴜꜰꜰ,,
"[{'type': 'quoted', 'id': '1300575628324794368'}]",1300701540261531650,2020-09-01T07:46:27.000Z,Don't worry guys.....This trailer is safe. #WeJustDontLikeYouAmber is not in it 😂😂💋 https://t.co/MSYAU11oBb,145150641,en,Twitter Web App,"[{'start': 84, 'end': 107, 'url': 'https://t.co/MSYAU11oBb', 'expanded_url': 'https://twitter.com/realamberheard/status/1300575628324794368', 'display_url': 'twitter.com/realamberheard…'}]",,"[{'start': 43, 'end': 66, 'tag': 'WeJustDontLikeYouAmber'}]",0,0,2,0,"[{'start': 0, 'end': 23, 'url': 'https://t.co/ta0Lf7S7JI', 'expanded_url': 'https://twitter.com/realamberheard/status/1300575628324794368/video/1', 'display_url': 'pic.twitter.com/ta0Lf7S7JI'}]",1300575628324794368,2020-08-31T23:26:07.000Z,https://t.co/ta0Lf7S7JI,127,354,1026,31,807003567605227520,und,Twitter for iPhone,190336,220,1149,567,2016-12-08T23:26:58.000Z,Amber Heard,realamberheard,https://pbs.twimg.com/profile_images/1383196364792680448/N8CdupEu_normal.jpg,"Los Angeles, CA",807003567605227520,https://t.co/Ze18Ek9SOI,"Actor and Activist, semi-professional disruptor, ice cream advocate and shameless teacup yorkie-lover",734,579,33218,2,2010-05-18T07:05:35.000Z,TheMadRatterAlpaca 🇩🇰🇩🇰 🐀🦙 🥕💜 Gwennafran ♊,Gwennafran,https://pbs.twimg.com/profile_images/1503345414048731144/8ZgCUTMD_normal.jpg, Denmark. Gemini ,145150641,,"I stand with #JohnnyDepp Because #TruthWins and #JusticeForJohnnyDepp is coming. Mother of Rats: Thor, Loki, Luke, Han and Chewie 🐀🐀🐀🐀🐀💜💜💜 Music lover",,
,1300697068563058689,2020-09-01T07:28:41.000Z,Whoever made this trailer is a genius. They know if she appeared in it no one is gonna watch 🤣🤣🤭 https://t.co/eZfSK8Khpd,1196815898981605377,en,Twitter for iPhone,"[{'start': 97, 'end': 120, 'url': 'https://t.co/eZfSK8Khpd', 'expanded_url': 'https://twitter.com/realamberheard/status/1300575628324794368', 'display_url': 'twitter.com/realamberheard…'}]",,,0,5,36,0,"[{'start': 0, 'end': 23, 'url': 'https://t.co/ta0Lf7S7JI', 'expanded_url': 'https://twitter.com/realamberheard/status/1300575628324794368/video/1', 'display_url': 'pic.twitter.com/ta0Lf7S7JI'}]",1300575628324794368,2020-08-31T23:26:07.000Z,https://t.co/ta0Lf7S7JI,127,354,1026,31,807003567605227520,und,Twitter for iPhone,190336,220,1149,567,2016-12-08T23:26:58.000Z,Amber Heard,realamberheard,https://pbs.twimg.com/profile_images/1383196364792680448/N8CdupEu_normal.jpg,"Los Angeles, CA",807003567605227520,https://t.co/Ze18Ek9SOI,"Actor and Activist, semi-professional disruptor, ice cream advocate and shameless teacup yorkie-lover",1003,402,23155,3,2019-11-19T15:42:09.000Z,Mariam,mimasdiaries,https://pbs.twimg.com/profile_images/1505637575607869440/E--KfD7p_normal.jpg,Hogwarts,1196815898981605377,https://t.co/mFd9rCI7nT,MBA. whiny friend of Rey and Co #JusticeForJohnnyDepp #FreePalestine,,
"[{'type': 'quoted', 'id': '1300575628324794368'}]",1300695374361812992,2020-09-01T07:21:57.000Z,https://t.co/z82FqgaqfM https://t.co/5ClEPMst3W,1287396038764974082,und,Twitter Web App,"[{'start': 0, 'end': 23, 'url': 'https://t.co/z82FqgaqfM', 'expanded_url': 'https://bit.ly/2GaOIb2', 'display_url': 'bit.ly/2GaOIb2'}, {'start': 24, 'end': 47, 'url': 'https://t.co/5ClEPMst3W', 'expanded_url': 'https://twitter.com/realamberheard/status/1300575628324794368', 'display_url': 'twitter.com/realamberheard…'}]",,,0,0,0,0,"[{'start': 0, 'end': 23, 'url': 'https://t.co/ta0Lf7S7JI', 'expanded_url': 'https://twitter.com/realamberheard/status/1300575628324794368/video/1', 'display_url': 'pic.twitter.com/ta0Lf7S7JI'}]",1300575628324794368,2020-08-31T23:26:07.000Z,https://t.co/ta0Lf7S7JI,127,354,1026,31,807003567605227520,und,Twitter for iPhone,190336,220,1149,567,2016-12-08T23:26:58.000Z,Amber Heard,realamberheard,https://pbs.twimg.com/profile_images/1383196364792680448/N8CdupEu_normal.jpg,"Los Angeles, CA",807003567605227520,https://t.co/Ze18Ek9SOI,"Actor and Activist, semi-professional disruptor, ice cream advocate and shameless teacup yorkie-lover",27,257,4284,0,2020-07-26T14:36:39.000Z,Amazon Gift Card,NiloySa54718514,https://pbs.twimg.com/profile_images/1301926871148371968/c_PaIrin_normal.jpg,"Ohio, USA",1287396038764974082,https://t.co/jbkYfkXsZc,"https://t.co/izD4ZhaU86
https://t.co/6wbg5qNX5l 
https://t.co/7Es6gQzJ2Z",,
"[{'type': 'quoted', 'id': '1300575628324794368'}]",1300690344120639488,2020-09-01T07:01:58.000Z,"@StephenKing maestro I'm so sorry you have to be associated with this lying abuser (even if she just ""plays"" a small part). Hang on tight, it's just a miniseries, it won't last long❤️ #JusticeForJohnnyDepp
#TheStand #AmberHeardIsAnAbuser https://t.co/wMgwEWTS3V",2514618167,en,Twitter Web App,"[{'start': 238, 'end': 261, 'url': 'https://t.co/wMgwEWTS3V', 'expanded_url': 'https://twitter.com/realamberheard/status/1300575628324794368', 'display_url': 'twitter.com/realamberheard…'}]","[{'start': 0, 'end': 12, 'username': 'StephenKing', 'id': '2233154425'}]","[{'start': 184, 'end': 205, 'tag': 'JusticeForJohnnyDepp'}, {'start': 206, 'end': 215, 'tag': 'TheStand'}, {'start': 216, 'end': 237, 'tag': 'AmberHeardIsAnAbuser'}]",0,0,2,0,"[{'start': 0, 'end': 23, 'url': 'https://t.co/ta0Lf7S7JI', 'expanded_url': 'https://twitter.com/realamberheard/status/1300575628324794368/video/1', 'display_url': 'pic.twitter.com/ta0Lf7S7JI'}]",1300575628324794368,2020-08-31T23:26:07.000Z,https://t.co/ta0Lf7S7JI,127,354,1026,31,807003567605227520,und,Twitter for iPhone,190336,220,1149,567,2016-12-08T23:26:58.000Z,Amber Heard,realamberheard,https://pbs.twimg.com/profile_images/1383196364792680448/N8CdupEu_normal.jpg,"Los Angeles, CA",807003567605227520,https://t.co/Ze18Ek9SOI,"Actor and Activist, semi-professional disruptor, ice cream advocate and shameless teacup yorkie-lover",148,539,6749,1,2014-04-28T11:48:27.000Z,Andrea Deledda,deadel98,https://pbs.twimg.com/profile_images/1366068858344398853/0x2xB73G_normal.jpg,Justice Seeker,2514618167,,"On this corrupt platform for 3 reasons: to share the truth about Depp and Michael Jackson, to defend them against the press, and to watch dog videos🐕",,2233154425
"[{'type': 'quoted', 'id': '1300575628324794368'}]",1300680935592128517,2020-09-01T06:24:35.000Z,Okaaaaay. Wann kommt #TheStand nach Deutschland? Mega Bock drauf https://t.co/sukmxpoWp4,90151188,de,Tweetbot for iΟS,"[{'start': 65, 'end': 88, 'url': 'https://t.co/sukmxpoWp4', 'expanded_url': 'https://twitter.com/realamberheard/status/1300575628324794368', 'display_url': 'twitter.com/realamberheard…'}]",,"[{'start': 21, 'end': 30, 'tag': 'TheStand'}]",0,0,0,0,"[{'start': 0, 'end': 23, 'url': 'https://t.co/ta0Lf7S7JI', 'expanded_url': 'https://twitter.com/realamberheard/status/1300575628324794368/video/1', 'display_url': 'pic.twitter.com/ta0Lf7S7JI'}]",1300575628324794368,2020-08-31T23:26:07.000Z,https://t.co/ta0Lf7S7JI,127,354,1026,31,807003567605227520,und,Twitter for iPhone,190336,220,1149,567,2016-12-08T23:26:58.000Z,Amber Heard,realamberheard,https://pbs.twimg.com/profile_images/1383196364792680448/N8CdupEu_normal.jpg,"Los Angeles, CA",807003567605227520,https://t.co/Ze18Ek9SOI,"Actor and Activist, semi-professional disruptor, ice cream advocate and shameless teacup yorkie-lover",319,586,37951,41,2009-11-15T12:20:07.000Z,Marxsen,NecroManson1,https://pbs.twimg.com/profile_images/1053586384437547008/RfT4UIeG_normal.jpg,Germany,90151188,https://t.co/HXOX5aKpXh,Gamer | Serienjunkie | Sportsüchtig | Metalhead | Guitarist | #H96 ⚫️⚪️💚  | #GoPackGo 💚💛 | #rbtv,,
"[{'type': 'quoted', 'id': '1300575628324794368'}]",1300657919478784001,2020-09-01T04:53:07.000Z,Didn't see you in that trailer Amber? I wonder why? *cough* blacklisted *cough* PR liability *cough* horrible actress. https://t.co/uePnxQ6JFt,1259964873246531585,en,Twitter Web App,"[{'start': 119, 'end': 142, 'url': 'https://t.co/uePnxQ6JFt', 'expanded_url': 'https://twitter.com/realamberheard/status/1300575628324794368', 'display_url': 'twitter.com/realamberheard…'}]",,,0,1,19,0,"[{'start': 0, 'end': 23, 'url': 'https://t.co/ta0Lf7S7JI', 'expanded_url': 'https://twitter.com/realamberheard/status/1300575628324794368/video/1', 'display_url': 'pic.twitter.com/ta0Lf7S7JI'}]",1300575628324794368,2020-08-31T23:26:07.000Z,https://t.co/ta0Lf7S7JI,127,354,1026,31,807003567605227520,und,Twitter for iPhone,190336,220,1149,567,2016-12-08T23:26:58.000Z,Amber Heard,realamberheard,https://pbs.twimg.com/profile_images/1383196364792680448/N8CdupEu_normal.jpg,"Los Angeles, CA",807003567605227520,https://t.co/Ze18Ek9SOI,"Actor and Activist, semi-professional disruptor, ice cream advocate and shameless teacup yorkie-lover",1166,533,17702,8,2020-05-11T21:53:36.000Z,Justice4ALL,JusticeSquad2,https://pbs.twimg.com/profile_images/1475629625854214144/w8vgrU36_normal.jpg,,1259964873246531585,,“ Fuggetaboutit “,"[{'start': 31, 'end': 35, 'probability': 0.9588, 'type': 'Person', 'normalized_text': 'Amber'}]",
"[{'type': 'quoted', 'id': '1300575628324794368'}]",1300653816795201536,2020-09-01T04:36:49.000Z,Can’t wait to watch this! 🤩 https://t.co/pKoa7G3qEm,1262574006214918145,en,Twitter for iPhone,"[{'start': 28, 'end': 51, 'url': 'https://t.co/pKoa7G3qEm', 'expanded_url': 'https://twitter.com/realamberheard/status/1300575628324794368', 'display_url': 'twitter.com/realamberheard…'}]",,,0,0,0,0,"[{'start': 0, 'end': 23, 'url': 'https://t.co/ta0Lf7S7JI', 'expanded_url': 'https://twitter.com/realamberheard/status/1300575628324794368/video/1', 'display_url': 'pic.twitter.com/ta0Lf7S7JI'}]",1300575628324794368,2020-08-31T23:26:07.000Z,https://t.co/ta0Lf7S7JI,127,354,1026,31,807003567605227520,und,Twitter for iPhone,190336,220,1149,567,2016-12-08T23:26:58.000Z,Amber Heard,realamberheard,https://pbs.twimg.com/profile_images/1383196364792680448/N8CdupEu_normal.jpg,"Los Angeles, CA",807003567605227520,https://t.co/Ze18Ek9SOI,"Actor and Activist, semi-professional disruptor, ice cream advocate and shameless teacup yorkie-lover",24,211,728,0,2020-05-19T02:41:37.000Z,LOVIEx2015,loviex2015,https://pbs.twimg.com/profile_images/1262586904169467904/Vs5KABlk_normal.jpg,,1262574006214918145,,,,
"[{'type': 'quoted', 'id': '1300575628324794368'}]",1300648434337067008,2020-09-01T04:15:26.000Z,Si se ve buena. Se me olvidó el nombre de la actriz pero tiene siglos que no la veía. https://t.co/vM2vridzP7,1122850945388257280,es,Twitter for Android,"[{'start': 86, 'end': 109, 'url': 'https://t.co/vM2vridzP7', 'expanded_url': 'https://twitter.com/realamberheard/status/1300575628324794368', 'display_url': 'twitter.com/realamberheard…'}]",,,0,0,0,0,"[{'start': 0, 'end': 23, 'url': 'https://t.co/ta0Lf7S7JI', 'expanded_url': 'https://twitter.com/realamberheard/status/1300575628324794368/video/1', 'display_url': 'pic.twitter.com/ta0Lf7S7JI'}]",1300575628324794368,2020-08-31T23:26:07.000Z,https://t.co/ta0Lf7S7JI,127,354,1026,31,807003567605227520,und,Twitter for iPhone,190336,220,1149,567,2016-12-08T23:26:58.000Z,Amber Heard,realamberheard,https://pbs.twimg.com/profile_images/1383196364792680448/N8CdupEu_normal.jpg,"Los Angeles, CA",807003567605227520,https://t.co/Ze18Ek9SOI,"Actor and Activist, semi-professional disruptor, ice cream advocate and shameless teacup yorkie-lover",113,335,9011,0,2019-04-29T13:11:41.000Z,ᗢJaz𐋀,CaraD509,https://pbs.twimg.com/profile_images/1497026518882689025/pJxX-x6__normal.jpg,México,1122850945388257280,,"Love is love ~
Amo leer, amo las películas de ciencia ficción más si es de súper héroes, amo los cómics y amo la fotografía.",,
"[{'type': 'quoted', 'id': '1300575628324794368'}]",1300641898982449153,2020-09-01T03:49:28.000Z,Good morning everyone this looks scary 😱 https://t.co/UYc2NGYmPF,1295911188,en,Twitter for Android,"[{'start': 41, 'end': 64, 'url': 'https://t.co/UYc2NGYmPF', 'expanded_url': 'https://twitter.com/realamberheard/status/1300575628324794368', 'display_url': 'twitter.com/realamberheard…'}]",,,0,0,0,0,"[{'start': 0, 'end': 23, 'url': 'https://t.co/ta0Lf7S7JI', 'expanded_url': 'https://twitter.com/realamberheard/status/1300575628324794368/video/1', 'display_url': 'pic.twitter.com/ta0Lf7S7JI'}]",1300575628324794368,2020-08-31T23:26:07.000Z,https://t.co/ta0Lf7S7JI,127,354,1026,31,807003567605227520,und,Twitter for iPhone,190336,220,1149,567,2016-12-08T23:26:58.000Z,Amber Heard,realamberheard,https://pbs.twimg.com/profile_images/1383196364792680448/N8CdupEu_normal.jpg,"Los Angeles, CA",807003567605227520,https://t.co/Ze18Ek9SOI,"Actor and Activist, semi-professional disruptor, ice cream advocate and shameless teacup yorkie-lover",1616,3752,476210,65,2013-03-24T16:59:44.000Z,Mick minas,MOVIESTVMAD,https://pbs.twimg.com/profile_images/1357986248347029507/kG9CMYy5_normal.jpg,Cyprus,1295911188,,ayia Napa reality star I write direct and star in my own plays here in Cyprus I'm still seeing a shrink after 6 months in Hollywood 🤣,,
"[{'type': 'quoted', 'id': '1300575628324794368'}]",1300632575195648005,2020-09-01T03:12:25.000Z,"The creators of this trailer know that if they show the abuser's face, people will turn away lol 😭🤣 https://t.co/lz12YqmqOs",1184744670326214657,en,Twitter for Android,"[{'start': 100, 'end': 123, 'url': 'https://t.co/lz12YqmqOs', 'expanded_url': 'https://twitter.com/realamberheard/status/1300575628324794368', 'display_url': 'twitter.com/realamberheard…'}]",,,0,1,21,0,"[{'start': 0, 'end': 23, 'url': 'https://t.co/ta0Lf7S7JI', 'expanded_url': 'https://twitter.com/realamberheard/status/1300575628324794368/video/1', 'display_url': 'pic.twitter.com/ta0Lf7S7JI'}]",1300575628324794368,2020-08-31T23:26:07.000Z,https://t.co/ta0Lf7S7JI,127,354,1026,31,807003567605227520,und,Twitter for iPhone,190336,220,1149,567,2016-12-08T23:26:58.000Z,Amber Heard,realamberheard,https://pbs.twimg.com/profile_images/1383196364792680448/N8CdupEu_normal.jpg,"Los Angeles, CA",807003567605227520,https://t.co/Ze18Ek9SOI,"Actor and Activist, semi-professional disruptor, ice cream advocate and shameless teacup yorkie-lover",277,412,8026,0,2019-10-17T08:15:29.000Z,𝖈𝖟𝖆𝖒 🌸,ceceisoverparty,https://pbs.twimg.com/profile_images/1468834094104469505/L2Pv4L3b_normal.jpg,6353 Juan Tabo Apt. 6,1184744670326214657,,proud member of taylor swift's first 22.5k tiktok followers,,
"[{'type': 'retweeted', 'id': '1300600516700000261'}]",1300621897961410561,2020-09-01T02:29:59.000Z,RT @Lepplady: Is Turd anywhere in this preview that she posted?,3267537390,en,Twitter for iPhone,,"[{'start': 3, 'end': 12, 'username': 'Lepplady', 'id': '29229904'}]",,3,0,0,0,"[{'start': 0, 'end': 23, 'url': 'https://t.co/ta0Lf7S7JI', 'expanded_url': 'https://twitter.com/realamberheard/status/1300575628324794368/video/1', 'display_url': 'pic.twitter.com/ta0Lf7S7JI'}]",1300575628324794368,2020-08-31T23:26:07.000Z,https://t.co/ta0Lf7S7JI,127,354,1026,31,807003567605227520,und,Twitter for iPhone,190336,220,1149,567,2016-12-08T23:26:58.000Z,Amber Heard,realamberheard,https://pbs.twimg.com/profile_images/1383196364792680448/N8CdupEu_normal.jpg,"Los Angeles, CA",807003567605227520,https://t.co/Ze18Ek9SOI,"Actor and Activist, semi-professional disruptor, ice cream advocate and shameless teacup yorkie-lover",157,1559,9010,0,2015-07-04T01:36:26.000Z,Haadi,parrie_princess,https://pbs.twimg.com/profile_images/1494767951655800832/s5OIB7Cq_normal.jpg,,3267537390,,angel of paradise.....money doesn’t change ppl but on the other hand it reveals who you are!!!!!!!!a daughter and a proud Saudi Arabian .Respect to my tribe ...,,
"[{'type': 'retweeted', 'id': '1300601625724280835'}]",1300621649457315840,2020-09-01T02:29:00.000Z,RT @YouDidNotExist: tweeting a trailer where there’s no even a second of your scenes — 💀,918976951913713664,en,Twitter for iPhone,,,,2,0,0,0,"[{'start': 0, 'end': 23, 'url': 'https://t.co/ta0Lf7S7JI', 'expanded_url': 'https://twitter.com/realamberheard/status/1300575628324794368/video/1', 'display_url': 'pic.twitter.com/ta0Lf7S7JI'}]",1300575628324794368,2020-08-31T23:26:07.000Z,https://t.co/ta0Lf7S7JI,127,354,1026,31,807003567605227520,und,Twitter for iPhone,190336,220,1149,567,2016-12-08T23:26:58.000Z,Amber Heard,realamberheard,https://pbs.twimg.com/profile_images/1383196364792680448/N8CdupEu_normal.jpg,"Los Angeles, CA",807003567605227520,https://t.co/Ze18Ek9SOI,"Actor and Activist, semi-professional disruptor, ice cream advocate and shameless teacup yorkie-lover",1253,30,130569,5,2017-10-13T23:09:13.000Z,omgjackiesparrow,omgjackiesparr1,https://pbs.twimg.com/profile_images/1323347944007847937/XYusQczp_normal.png,,918976951913713664,https://t.co/XSwYlH0QVX,#WeAreWithYouJohnnyDepp,,
"[{'type': 'quoted', 'id': '1300575628324794368'}]",1300607038238621701,2020-09-01T01:30:56.000Z,They should of recast you for what you did to Johnny https://t.co/L4ZfATNHWy,277985926,en,Twitter for Android,"[{'start': 53, 'end': 76, 'url': 'https://t.co/L4ZfATNHWy', 'expanded_url': 'https://twitter.com/realamberheard/status/1300575628324794368', 'display_url': 'twitter.com/realamberheard…'}]",,,0,0,2,0,"[{'start': 0, 'end': 23, 'url': 'https://t.co/ta0Lf7S7JI', 'expanded_url': 'https://twitter.com/realamberheard/status/1300575628324794368/video/1', 'display_url': 'pic.twitter.com/ta0Lf7S7JI'}]",1300575628324794368,2020-08-31T23:26:07.000Z,https://t.co/ta0Lf7S7JI,127,354,1026,31,807003567605227520,und,Twitter for iPhone,190336,220,1149,567,2016-12-08T23:26:58.000Z,Amber Heard,realamberheard,https://pbs.twimg.com/profile_images/1383196364792680448/N8CdupEu_normal.jpg,"Los Angeles, CA",807003567605227520,https://t.co/Ze18Ek9SOI,"Actor and Activist, semi-professional disruptor, ice cream advocate and shameless teacup yorkie-lover",189,663,14395,4,2011-04-06T11:21:33.000Z,Mugiwara👒👑🐝 5th Yonko,JosefNovachrono,https://pbs.twimg.com/profile_images/1014629861078568960/pCCrDh5C_normal.jpg,"San Junipero, Mirror Black",277985926,https://t.co/Q9wieEFlEJ,"RL verified
SIC MVNDVS CREATVS EST
Can-Ka No Rey🌹Ka like a wind
RIP Papi RIP Uncle Pat💜
LLJ Yams MAC
Rip Stan Lee💜
Xbox: Kaptiinkush
PSN: Khaybet
ジョセフ・ペレス","[{'start': 46, 'end': 51, 'probability': 0.9163, 'type': 'Person', 'normalized_text': 'Johnny'}]",
"[{'type': 'quoted', 'id': '1300575628324794368'}, {'type': 'replied_to', 'id': '1300601517662183430'}]",1300601860563152896,2020-09-01T01:10:22.000Z,@An_elf_pirate @TheInfamousOne6 Not only on insta. 😅 https://t.co/JbBiIO84s4,1243930694289633280,en,Twitter for iPhone,"[{'start': 53, 'end': 76, 'url': 'https://t.co/JbBiIO84s4', 'expanded_url': 'https://twitter.com/realamberheard/status/1300575628324794368', 'display_url': 'twitter.com/realamberheard…'}]","[{'start': 0, 'end': 14, 'username': 'An_elf_pirate', 'id': '953077628059226113'}, {'start': 15, 'end': 31, 'username': 'TheInfamousOne6', 'id': '1225199590439190529'}]",,0,3,4,0,"[{'start': 0, 'end': 23, 'url': 'https://t.co/ta0Lf7S7JI', 'expanded_url': 'https://twitter.com/realamberheard/status/1300575628324794368/video/1', 'display_url': 'pic.twitter.com/ta0Lf7S7JI'}]",1300575628324794368,2020-08-31T23:26:07.000Z,https://t.co/ta0Lf7S7JI,127,354,1026,31,807003567605227520,und,Twitter for iPhone,190336,220,1149,567,2016-12-08T23:26:58.000Z,Amber Heard,realamberheard,https://pbs.twimg.com/profile_images/1383196364792680448/N8CdupEu_normal.jpg,"Los Angeles, CA",807003567605227520,https://t.co/Ze18Ek9SOI,"Actor and Activist, semi-professional disruptor, ice cream advocate and shameless teacup yorkie-lover",4049,670,21300,27,2020-03-28T15:59:50.000Z,carpe,salveogvm,https://pbs.twimg.com/profile_images/1467539187561861122/LZIiC7b6_normal.jpg,under johnny’s fedora,1243930694289633280,,one part outrage. one part justice. three parts rum. mix well.,,953077628059226113
"[{'type': 'quoted', 'id': '1300575628324794368'}]",1300601625724280835,2020-09-01T01:09:26.000Z,tweeting a trailer where there’s no even a second of your scenes — 💀 https://t.co/JbBiIOpFQE,1243930694289633280,en,Twitter for iPhone,"[{'start': 69, 'end': 92, 'url': 'https://t.co/JbBiIOpFQE', 'expanded_url': 'https://twitter.com/realamberheard/status/1300575628324794368', 'display_url': 'twitter.com/realamberheard…'}]",,,2,2,15,0,"[{'start': 0, 'end': 23, 'url': 'https://t.co/ta0Lf7S7JI', 'expanded_url': 'https://twitter.com/realamberheard/status/1300575628324794368/video/1', 'display_url': 'pic.twitter.com/ta0Lf7S7JI'}]",1300575628324794368,2020-08-31T23:26:07.000Z,https://t.co/ta0Lf7S7JI,127,354,1026,31,807003567605227520,und,Twitter for iPhone,190336,220,1149,567,2016-12-08T23:26:58.000Z,Amber Heard,realamberheard,https://pbs.twimg.com/profile_images/1383196364792680448/N8CdupEu_normal.jpg,"Los Angeles, CA",807003567605227520,https://t.co/Ze18Ek9SOI,"Actor and Activist, semi-professional disruptor, ice cream advocate and shameless teacup yorkie-lover",4049,670,21300,27,2020-03-28T15:59:50.000Z,carpe,salveogvm,https://pbs.twimg.com/profile_images/1467539187561861122/LZIiC7b6_normal.jpg,under johnny’s fedora,1243930694289633280,,one part outrage. one part justice. three parts rum. mix well.,,
,1300600516700000261,2020-09-01T01:05:01.000Z,Is Turd anywhere in this preview that she posted? https://t.co/OMEmutzCYA,29229904,en,Twitter Web App,"[{'start': 50, 'end': 73, 'url': 'https://t.co/OMEmutzCYA', 'expanded_url': 'https://twitter.com/realamberheard/status/1300575628324794368', 'display_url': 'twitter.com/realamberheard…'}]",,,3,19,90,0,"[{'start': 0, 'end': 23, 'url': 'https://t.co/ta0Lf7S7JI', 'expanded_url': 'https://twitter.com/realamberheard/status/1300575628324794368/video/1', 'display_url': 'pic.twitter.com/ta0Lf7S7JI'}]",1300575628324794368,2020-08-31T23:26:07.000Z,https://t.co/ta0Lf7S7JI,127,354,1026,31,807003567605227520,und,Twitter for iPhone,190336,220,1149,567,2016-12-08T23:26:58.000Z,Amber Heard,realamberheard,https://pbs.twimg.com/profile_images/1383196364792680448/N8CdupEu_normal.jpg,"Los Angeles, CA",807003567605227520,https://t.co/Ze18Ek9SOI,"Actor and Activist, semi-professional disruptor, ice cream advocate and shameless teacup yorkie-lover",2727,931,14843,10,2009-04-06T16:06:16.000Z,Jeannie Depp,Lepplady,https://pbs.twimg.com/profile_images/949089886350426113/ZuRB41tg_normal.jpg,Baton Rouge,29229904,https://t.co/7hDfFZUdqg,Waiting patiently to see #JusticeForJohnnyDepp.,,
"[{'type': 'quoted', 'id': '1300575628324794368'}]",1300578270023475200,2020-08-31T23:36:37.000Z,booked and busy 💅 https://t.co/3DinwZ8IKL,444870551,en,Twitter for Android,"[{'start': 18, 'end': 41, 'url': 'https://t.co/3DinwZ8IKL', 'expanded_url': 'https://twitter.com/realamberheard/status/1300575628324794368', 'display_url': 'twitter.com/realamberheard…'}]",,,0,0,0,0,"[{'start': 0, 'end': 23, 'url': 'https://t.co/ta0Lf7S7JI', 'expanded_url': 'https://twitter.com/realamberheard/status/1300575628324794368/video/1', 'display_url': 'pic.twitter.com/ta0Lf7S7JI'}]",1300575628324794368,2020-08-31T23:26:07.000Z,https://t.co/ta0Lf7S7JI,127,354,1026,31,807003567605227520,und,Twitter for iPhone,190336,220,1149,567,2016-12-08T23:26:58.000Z,Amber Heard,realamberheard,https://pbs.twimg.com/profile_images/1383196364792680448/N8CdupEu_normal.jpg,"Los Angeles, CA",807003567605227520,https://t.co/Ze18Ek9SOI,"Actor and Activist, semi-professional disruptor, ice cream advocate and shameless teacup yorkie-lover",587,286,215357,13,2011-12-23T18:52:24.000Z,aizen,wondernino_,https://pbs.twimg.com/profile_images/1433852275030642690/KwTPeafZ_normal.jpg,i hate it here,444870551,https://t.co/FtXWtToryb,mis retweets son más interesantes.,,
"[{'type': 'quoted', 'id': '1300575628324794368'}]",1300577034251440134,2020-08-31T23:31:43.000Z,Looks intriguing... https://t.co/prNuUeULJE,1226225851383066624,en,Twitter for Android,"[{'start': 20, 'end': 43, 'url': 'https://t.co/prNuUeULJE', 'expanded_url': 'https://twitter.com/realamberheard/status/1300575628324794368', 'display_url': 'twitter.com/realamberheard…'}]",,,0,0,0,0,"[{'start': 0, 'end': 23, 'url': 'https://t.co/ta0Lf7S7JI', 'expanded_url': 'https://twitter.com/realamberheard/status/1300575628324794368/video/1', 'display_url': 'pic.twitter.com/ta0Lf7S7JI'}]",1300575628324794368,2020-08-31T23:26:07.000Z,https://t.co/ta0Lf7S7JI,127,354,1026,31,807003567605227520,und,Twitter for iPhone,190336,220,1149,567,2016-12-08T23:26:58.000Z,Amber Heard,realamberheard,https://pbs.twimg.com/profile_images/1383196364792680448/N8CdupEu_normal.jpg,"Los Angeles, CA",807003567605227520,https://t.co/Ze18Ek9SOI,"Actor and Activist, semi-professional disruptor, ice cream advocate and shameless teacup yorkie-lover",186,990,9880,2,2020-02-08T19:27:03.000Z,AintNobody🗿,NotNobody5,https://pbs.twimg.com/profile_images/1226226655045279744/UhKK5ckP_normal.jpg,"South East, England",1226225851383066624,,living long and prosperous. a Trekkie through and through,,
"[{'type': 'quoted', 'id': '1300575628324794368'}]",1300576967557873669,2020-08-31T23:31:27.000Z,NON VEDO L’ORA! Oggi ho sclerato troppo! VOGLIO AMBER NEL TRAILER 😍😭 https://t.co/MvvFHqC4yu,1511538595,it,Twitter for iPhone,"[{'start': 69, 'end': 92, 'url': 'https://t.co/MvvFHqC4yu', 'expanded_url': 'https://twitter.com/realamberheard/status/1300575628324794368', 'display_url': 'twitter.com/realamberheard…'}]",,,0,0,0,0,"[{'start': 0, 'end': 23, 'url': 'https://t.co/ta0Lf7S7JI', 'expanded_url': 'https://twitter.com/realamberheard/status/1300575628324794368/video/1', 'display_url': 'pic.twitter.com/ta0Lf7S7JI'}]",1300575628324794368,2020-08-31T23:26:07.000Z,https://t.co/ta0Lf7S7JI,127,354,1026,31,807003567605227520,und,Twitter for iPhone,190336,220,1149,567,2016-12-08T23:26:58.000Z,Amber Heard,realamberheard,https://pbs.twimg.com/profile_images/1383196364792680448/N8CdupEu_normal.jpg,"Los Angeles, CA",807003567605227520,https://t.co/Ze18Ek9SOI,"Actor and Activist, semi-professional disruptor, ice cream advocate and shameless teacup yorkie-lover",1909,1576,20184,1,2013-06-12T20:14:05.000Z,𝗘𝘃𝗮,cillianheard,https://pbs.twimg.com/profile_images/1496121639217553410/bkF4pl2c_normal.jpg,,1511538595,,"she/her - 20 yrs -, Meghan Markle, Amber Heard, Alicia Vikander, Tom Hardy, Cillian Murphy Stan Acc",,
"[{'type': 'quoted', 'id': '1300575628324794368'}]",1300575898157101058,2020-08-31T23:27:12.000Z,Awesome.....🤩🤩 https://t.co/Lcy1Ibwj0D,3306106196,en,Twitter for iPhone,"[{'start': 15, 'end': 38, 'url': 'https://t.co/Lcy1Ibwj0D', 'expanded_url': 'https://twitter.com/realamberheard/status/1300575628324794368', 'display_url': 'twitter.com/realamberheard…'}]",,,0,0,0,0,"[{'start': 0, 'end': 23, 'url': 'https://t.co/ta0Lf7S7JI', 'expanded_url': 'https://twitter.com/realamberheard/status/1300575628324794368/video/1', 'display_url': 'pic.twitter.com/ta0Lf7S7JI'}]",1300575628324794368,2020-08-31T23:26:07.000Z,https://t.co/ta0Lf7S7JI,127,354,1026,31,807003567605227520,und,Twitter for iPhone,190336,220,1149,567,2016-12-08T23:26:58.000Z,Amber Heard,realamberheard,https://pbs.twimg.com/profile_images/1383196364792680448/N8CdupEu_normal.jpg,"Los Angeles, CA",807003567605227520,https://t.co/Ze18Ek9SOI,"Actor and Activist, semi-professional disruptor, ice cream advocate and shameless teacup yorkie-lover",71,255,1393,4,2015-08-04T14:31:06.000Z,Just_Abdulahad 🇵🇸,me_da_abdulahad,https://pbs.twimg.com/profile_images/1395113004941852674/iVfkAbRw_normal.jpg,"Karachi, Pakistan",3306106196,https://t.co/ZprerFtGa3,"??
Develism


I know its i",,
