source,text,lang,created_at,author_id,referenced_tweets,id,entities.mentions,public_metrics.retweet_count,public_metrics.reply_count,public_metrics.like_count,public_metrics.quote_count,quoted_tweet.source,quoted_tweet.text,quoted_tweet.lang,quoted_tweet.created_at,quoted_tweet.entities.mentions,quoted_tweet.entities.hashtags,quoted_tweet.public_metrics.retweet_count,quoted_tweet.public_metrics.reply_count,quoted_tweet.public_metrics.like_count,quoted_tweet.public_metrics.quote_count,quoted_tweet.author_id,quoted_tweet.id,quoted_tweet.author.username,quoted_tweet.author.location,quoted_tweet.author.public_metrics.followers_count,quoted_tweet.author.public_metrics.following_count,quoted_tweet.author.public_metrics.tweet_count,quoted_tweet.author.public_metrics.listed_count,quoted_tweet.author.name,quoted_tweet.author.url,quoted_tweet.author.id,quoted_tweet.author.created_at,quoted_tweet.author.profile_image_url,quoted_tweet.author.description,author.username,author.location,author.public_metrics.followers_count,author.public_metrics.following_count,author.public_metrics.tweet_count,author.public_metrics.listed_count,author.name,author.url,author.id,author.created_at,author.profile_image_url,author.description,entities.urls
Twitter for iPhone,"RT @amberheardn: please, vote!!!",en,2020-09-26T19:33:17.000Z,4299951629,"[{'type': 'retweeted', 'id': '1309269968735830017'}]",1309939116105179136,"[{'start': 3, 'end': 15, 'username': 'amberheardn', 'id': '1141110115589865472'}]",1,0,0,0,Twitter for iPhone,"In 35 states, just registering to vote is not enough!
Text #IDCHECK to 41785 and confirm you have the right ID to vote in your State - - Let @thevoteriders help!",en,2020-09-24T23:05:32.000Z,"[{'start': 141, 'end': 155, 'username': 'thevoteriders', 'id': '4920277512'}]","[{'start': 59, 'end': 67, 'tag': 'IDCHECK'}]",94,155,413,2,807003567605227520,1309267756005511168,realamberheard,"Los Angeles, CA",190336,220,1149,567,Amber Heard,https://t.co/Ze18Ek9SOI,807003567605227520,2016-12-08T23:26:58.000Z,https://pbs.twimg.com/profile_images/1383196364792680448/N8CdupEu_normal.jpg,"Actor and Activist, semi-professional disruptor, ice cream advocate and shameless teacup yorkie-lover",a_mberheard,amber follows ,22258,17567,96315,55,lari kurator #thebatman,,4299951629,2015-11-27T20:51:48.000Z,https://pbs.twimg.com/profile_images/1498833526938087425/Ue_rfCYx_normal.jpg,mj hp star wars marvel dc star trek ahs barbie disney awae rbd • go vegan - hufflepuff - she/her,
Twitter for iPhone,https://t.co/qa8httSirn https://t.co/g2hk8xdg3R,und,2020-09-25T06:34:47.000Z,1196815898981605377,,1309380812652056576,,0,0,8,0,Twitter for iPhone,"In 35 states, just registering to vote is not enough!
Text #IDCHECK to 41785 and confirm you have the right ID to vote in your State - - Let @thevoteriders help!",en,2020-09-24T23:05:32.000Z,"[{'start': 141, 'end': 155, 'username': 'thevoteriders', 'id': '4920277512'}]","[{'start': 59, 'end': 67, 'tag': 'IDCHECK'}]",94,155,413,2,807003567605227520,1309267756005511168,realamberheard,"Los Angeles, CA",190336,220,1149,567,Amber Heard,https://t.co/Ze18Ek9SOI,807003567605227520,2016-12-08T23:26:58.000Z,https://pbs.twimg.com/profile_images/1383196364792680448/N8CdupEu_normal.jpg,"Actor and Activist, semi-professional disruptor, ice cream advocate and shameless teacup yorkie-lover",mimasdiaries,Hogwarts,1003,402,23155,3,Mariam,https://t.co/mFd9rCI7nT,1196815898981605377,2019-11-19T15:42:09.000Z,https://pbs.twimg.com/profile_images/1505637575607869440/E--KfD7p_normal.jpg,MBA. whiny friend of Rey and Co #JusticeForJohnnyDepp #FreePalestine,"[{'start': 0, 'end': 23, 'url': 'https://t.co/qa8httSirn', 'expanded_url': 'https://twitter.com/potterdiaries_/status/1309380812652056576/photo/1', 'display_url': 'pic.twitter.com/qa8httSirn'}, {'start': 24, 'end': 47, 'url': 'https://t.co/g2hk8xdg3R', 'expanded_url': 'https://twitter.com/realamberheard/status/1309267756005511168', 'display_url': 'twitter.com/realamberheard…'}]"
Twitter for Android,"please, vote!!! https://t.co/EHMB1eH2BB",en,2020-09-24T23:14:20.000Z,2724444422,"[{'type': 'quoted', 'id': '1309267756005511168'}]",1309269968735830017,,1,0,1,0,Twitter for iPhone,"In 35 states, just registering to vote is not enough!
Text #IDCHECK to 41785 and confirm you have the right ID to vote in your State - - Let @thevoteriders help!",en,2020-09-24T23:05:32.000Z,"[{'start': 141, 'end': 155, 'username': 'thevoteriders', 'id': '4920277512'}]","[{'start': 59, 'end': 67, 'tag': 'IDCHECK'}]",94,155,413,2,807003567605227520,1309267756005511168,realamberheard,"Los Angeles, CA",190336,220,1149,567,Amber Heard,https://t.co/Ze18Ek9SOI,807003567605227520,2016-12-08T23:26:58.000Z,https://pbs.twimg.com/profile_images/1383196364792680448/N8CdupEu_normal.jpg,"Actor and Activist, semi-professional disruptor, ice cream advocate and shameless teacup yorkie-lover",fkatwyez,,1230,583,61214,11,sasa,,2724444422,2014-08-11T18:27:47.000Z,https://pbs.twimg.com/profile_images/1505214911051440135/SZpWBAtg_normal.jpg,all r&b and hip hop culture,"[{'start': 16, 'end': 39, 'url': 'https://t.co/EHMB1eH2BB', 'expanded_url': 'https://twitter.com/realamberheard/status/1309267756005511168', 'display_url': 'twitter.com/realamberheard…'}]"
