author_id,lang,source,created_at,referenced_tweets,id,text,public_metrics.retweet_count,public_metrics.reply_count,public_metrics.like_count,public_metrics.quote_count,entities.urls,quoted_tweet.public_metrics.retweet_count,quoted_tweet.public_metrics.reply_count,quoted_tweet.public_metrics.like_count,quoted_tweet.public_metrics.quote_count,quoted_tweet.author_id,quoted_tweet.lang,quoted_tweet.source,quoted_tweet.created_at,quoted_tweet.id,quoted_tweet.text,quoted_tweet.entities.hashtags,quoted_tweet.author.name,quoted_tweet.author.profile_image_url,quoted_tweet.author.created_at,quoted_tweet.author.description,quoted_tweet.author.public_metrics.followers_count,quoted_tweet.author.public_metrics.following_count,quoted_tweet.author.public_metrics.tweet_count,quoted_tweet.author.public_metrics.listed_count,quoted_tweet.author.location,quoted_tweet.author.id,quoted_tweet.author.username,quoted_tweet.author.url,author.name,author.profile_image_url,author.created_at,author.description,author.public_metrics.followers_count,author.public_metrics.following_count,author.public_metrics.tweet_count,author.public_metrics.listed_count,author.location,author.id,author.username,author.url,entities.mentions,entities.hashtags
1215740461,en,Twitter Web App,2021-03-25T21:53:58.000Z,"[{'type': 'quoted', 'id': '1314013796466225152'}]",1375204334644948997,"And that’s NOT sexist at all. No surprise given this is a woman hits a man, then when directing her assault says it’d have been unacceptable for the man to hit her back. Equates to the view of a 12 year old. 🙈 https://t.co/9oreJicIa8",0,0,0,0,"[{'start': 210, 'end': 233, 'url': 'https://t.co/9oreJicIa8', 'expanded_url': 'https://twitter.com/realamberheard/status/1314013796466225152', 'display_url': 'twitter.com/realamberheard…'}]",27,123,404,6,807003567605227520,en,Twitter for iPhone,2020-10-08T01:24:36.000Z,1314013796466225152,What’s the point of having a moderator? #VPDebate is a test in our man-terruption endurance,"[{'start': 40, 'end': 49, 'tag': 'VPDebate'}]",Amber Heard,https://pbs.twimg.com/profile_images/1383196364792680448/N8CdupEu_normal.jpg,2016-12-08T23:26:58.000Z,"Actor and Activist, semi-professional disruptor, ice cream advocate and shameless teacup yorkie-lover",190336,220,1149,567,"Los Angeles, CA",807003567605227520,realamberheard,https://t.co/Ze18Ek9SOI,Andrea Benentt,https://pbs.twimg.com/profile_images/646413980861353984/HUBc2imy_normal.jpg,2013-02-24T15:04:17.000Z,"Let him who is without sin cast the first stone.

Be who you are and say what you feel, because those who mind don’t matter and those who matter don’t mind",234,617,3148,9,"Cornwall, England",1215740461,banmanjamma,,,
1252270790063636484,en,Twitter for iPhone,2021-01-08T04:06:49.000Z,"[{'type': 'quoted', 'id': '1314013796466225152'}]",1347394299625877506,What’s the point in lying about being abused? https://t.co/Iy7f20N4n6,0,0,0,0,"[{'start': 46, 'end': 69, 'url': 'https://t.co/Iy7f20N4n6', 'expanded_url': 'https://twitter.com/realamberheard/status/1314013796466225152', 'display_url': 'twitter.com/realamberheard…'}]",27,123,404,6,807003567605227520,en,Twitter for iPhone,2020-10-08T01:24:36.000Z,1314013796466225152,What’s the point of having a moderator? #VPDebate is a test in our man-terruption endurance,"[{'start': 40, 'end': 49, 'tag': 'VPDebate'}]",Amber Heard,https://pbs.twimg.com/profile_images/1383196364792680448/N8CdupEu_normal.jpg,2016-12-08T23:26:58.000Z,"Actor and Activist, semi-professional disruptor, ice cream advocate and shameless teacup yorkie-lover",190336,220,1149,567,"Los Angeles, CA",807003567605227520,realamberheard,https://t.co/Ze18Ek9SOI,Natasha 🤍,https://pbs.twimg.com/profile_images/1403795380937150464/cHDcbZZB_normal.jpg,2020-04-20T16:20:06.000Z,it’s coming home- Martin Luther KIng,8,75,380,0,,1252270790063636484,tashaverrall_xo,,,
3322798903,en,Twitter for iPhone,2020-11-06T17:49:12.000Z,"[{'type': 'retweeted', 'id': '1324770518420103169'}]",1324770824788869120,"RT @hrhenneke: What's the point in claiming you are a victim of domestic violence, when you're the abuser? 
#JusticeForJohnnyDepp",2,0,0,0,,27,123,404,6,807003567605227520,en,Twitter for iPhone,2020-10-08T01:24:36.000Z,1314013796466225152,What’s the point of having a moderator? #VPDebate is a test in our man-terruption endurance,"[{'start': 40, 'end': 49, 'tag': 'VPDebate'}]",Amber Heard,https://pbs.twimg.com/profile_images/1383196364792680448/N8CdupEu_normal.jpg,2016-12-08T23:26:58.000Z,"Actor and Activist, semi-professional disruptor, ice cream advocate and shameless teacup yorkie-lover",190336,220,1149,567,"Los Angeles, CA",807003567605227520,realamberheard,https://t.co/Ze18Ek9SOI,dylan,https://pbs.twimg.com/profile_images/1480719863475806215/bgs1mcw8_normal.jpg,2015-08-21T21:19:01.000Z,“Not all treasure is silver and gold.” | POTC & LOTR | #JusticeForJohnnyDepp ☠️🏴‍☠️🏳️‍🌈,786,241,4302,6,Tortuga | he/him | 21,3322798903,pirateslife05,,"[{'start': 3, 'end': 13, 'username': 'hrhenneke', 'id': '2660857303'}]","[{'start': 108, 'end': 129, 'tag': 'JusticeForJohnnyDepp'}]"
2829046180,en,Twitter for iPhone,2020-11-06T17:48:34.000Z,"[{'type': 'retweeted', 'id': '1324770518420103169'}]",1324770666923642881,"RT @hrhenneke: What's the point in claiming you are a victim of domestic violence, when you're the abuser? 
#JusticeForJohnnyDepp",2,0,0,0,,27,123,404,6,807003567605227520,en,Twitter for iPhone,2020-10-08T01:24:36.000Z,1314013796466225152,What’s the point of having a moderator? #VPDebate is a test in our man-terruption endurance,"[{'start': 40, 'end': 49, 'tag': 'VPDebate'}]",Amber Heard,https://pbs.twimg.com/profile_images/1383196364792680448/N8CdupEu_normal.jpg,2016-12-08T23:26:58.000Z,"Actor and Activist, semi-professional disruptor, ice cream advocate and shameless teacup yorkie-lover",190336,220,1149,567,"Los Angeles, CA",807003567605227520,realamberheard,https://t.co/Ze18Ek9SOI,tyler 🎄⛄️,https://pbs.twimg.com/profile_images/1506102380663816197/u1c7exsW_normal.jpg,2014-10-14T05:19:59.000Z,i looked up clever twitter bios but couldn’t find one i liked enough to steal so here we are.,400,215,1843,5,Shipwreck Cove,2829046180,tyylerrrrrr,,"[{'start': 3, 'end': 13, 'username': 'hrhenneke', 'id': '2660857303'}]","[{'start': 108, 'end': 129, 'tag': 'JusticeForJohnnyDepp'}]"
2660857303,en,Twitter Web App,2020-11-06T17:47:59.000Z,"[{'type': 'quoted', 'id': '1314013796466225152'}]",1324770518420103169,"What's the point in claiming you are a victim of domestic violence, when you're the abuser? 
#JusticeForJohnnyDepp https://t.co/dVKzvR6G92",2,0,12,0,"[{'start': 115, 'end': 138, 'url': 'https://t.co/dVKzvR6G92', 'expanded_url': 'https://twitter.com/realamberheard/status/1314013796466225152', 'display_url': 'twitter.com/realamberheard…'}]",27,123,404,6,807003567605227520,en,Twitter for iPhone,2020-10-08T01:24:36.000Z,1314013796466225152,What’s the point of having a moderator? #VPDebate is a test in our man-terruption endurance,"[{'start': 40, 'end': 49, 'tag': 'VPDebate'}]",Amber Heard,https://pbs.twimg.com/profile_images/1383196364792680448/N8CdupEu_normal.jpg,2016-12-08T23:26:58.000Z,"Actor and Activist, semi-professional disruptor, ice cream advocate and shameless teacup yorkie-lover",190336,220,1149,567,"Los Angeles, CA",807003567605227520,realamberheard,https://t.co/Ze18Ek9SOI,Rose Henneke,https://pbs.twimg.com/profile_images/1495814764924215299/wwd-Nkza_normal.jpg,2014-07-19T22:38:15.000Z,“Giving up is for rookies. “ - Philoctetes,101,137,1527,3,,2660857303,hrhenneke,,,"[{'start': 93, 'end': 114, 'tag': 'JusticeForJohnnyDepp'}]"
2832342387,en,Twitter Web App,2020-10-08T20:24:19.000Z,"[{'type': 'quoted', 'id': '1314013796466225152'}]",1314300613329645568,You're just ovary acting. https://t.co/V5NzNMHyTN,0,0,6,0,"[{'start': 26, 'end': 49, 'url': 'https://t.co/V5NzNMHyTN', 'expanded_url': 'https://twitter.com/realamberheard/status/1314013796466225152', 'display_url': 'twitter.com/realamberheard…'}]",27,123,404,6,807003567605227520,en,Twitter for iPhone,2020-10-08T01:24:36.000Z,1314013796466225152,What’s the point of having a moderator? #VPDebate is a test in our man-terruption endurance,"[{'start': 40, 'end': 49, 'tag': 'VPDebate'}]",Amber Heard,https://pbs.twimg.com/profile_images/1383196364792680448/N8CdupEu_normal.jpg,2016-12-08T23:26:58.000Z,"Actor and Activist, semi-professional disruptor, ice cream advocate and shameless teacup yorkie-lover",190336,220,1149,567,"Los Angeles, CA",807003567605227520,realamberheard,https://t.co/Ze18Ek9SOI,Depp Bot,https://pbs.twimg.com/profile_images/1332660426862104576/OMz-IJHI_normal.jpg,2014-10-15T18:17:47.000Z,"My genome is untouched by modern science. Also, shove your wokeness up your ass. #JusticeForJohnnyDepp #Trump2024 🇺🇦",2447,1951,46245,33,,2832342387,GamerGateFTW,,,
20294410,en,Twitter for iPhone,2020-10-08T01:59:32.000Z,"[{'type': 'quoted', 'id': '1314013796466225152'}]",1314022584371998721,Totally!!! Agree https://t.co/zTinfYakkO,0,0,0,0,"[{'start': 17, 'end': 40, 'url': 'https://t.co/zTinfYakkO', 'expanded_url': 'https://twitter.com/realamberheard/status/1314013796466225152', 'display_url': 'twitter.com/realamberheard…'}]",27,123,404,6,807003567605227520,en,Twitter for iPhone,2020-10-08T01:24:36.000Z,1314013796466225152,What’s the point of having a moderator? #VPDebate is a test in our man-terruption endurance,"[{'start': 40, 'end': 49, 'tag': 'VPDebate'}]",Amber Heard,https://pbs.twimg.com/profile_images/1383196364792680448/N8CdupEu_normal.jpg,2016-12-08T23:26:58.000Z,"Actor and Activist, semi-professional disruptor, ice cream advocate and shameless teacup yorkie-lover",190336,220,1149,567,"Los Angeles, CA",807003567605227520,realamberheard,https://t.co/Ze18Ek9SOI,Nitish Kannan,https://pbs.twimg.com/profile_images/526272543343509504/Yh7pl_Mw_normal.jpeg,2009-02-07T04:45:02.000Z,"I'm Nitish, CEO of https://t.co/aUoScglITZ, screenwriter, independent producer universal, and speaker author and futurist. https://t.co/QOEAUbyF1b",757,1539,6014,27,"Santa Monica, CA",20294410,nitut1,https://t.co/lAjgMKGtPg,,
