created_at,text,source,id,author_id,lang,referenced_tweets,entities.annotations,entities.urls,public_metrics.retweet_count,public_metrics.reply_count,public_metrics.like_count,public_metrics.quote_count,quoted_tweet.entities.mentions,quoted_tweet.entities.annotations,quoted_tweet.created_at,quoted_tweet.text,quoted_tweet.source,quoted_tweet.public_metrics.retweet_count,quoted_tweet.public_metrics.reply_count,quoted_tweet.public_metrics.like_count,quoted_tweet.public_metrics.quote_count,quoted_tweet.id,quoted_tweet.author_id,quoted_tweet.lang,quoted_tweet.author.username,quoted_tweet.author.id,quoted_tweet.author.created_at,quoted_tweet.author.public_metrics.followers_count,quoted_tweet.author.public_metrics.following_count,quoted_tweet.author.public_metrics.tweet_count,quoted_tweet.author.public_metrics.listed_count,quoted_tweet.author.name,quoted_tweet.author.url,quoted_tweet.author.location,quoted_tweet.author.description,quoted_tweet.author.profile_image_url,author.username,author.id,author.created_at,author.public_metrics.followers_count,author.public_metrics.following_count,author.public_metrics.tweet_count,author.public_metrics.listed_count,author.name,author.url,author.description,author.profile_image_url,author.location,entities.mentions,entities.hashtags
2020-10-20T17:27:50.000Z,"Wow believes in science eh...
Well I believe evidence Amber abuser heard! 
You undermine genuine survivors like myself.. 
SHAME😡 https://t.co/QaNXn3vgAb",Twitter Web App,1318604854756036608,1311674758510108678,en,"[{'type': 'quoted', 'id': '1314016032097357824'}]","[{'start': 54, 'end': 58, 'probability': 0.9266, 'type': 'Person', 'normalized_text': 'Amber'}]","[{'start': 129, 'end': 152, 'url': 'https://t.co/QaNXn3vgAb', 'expanded_url': 'https://twitter.com/realamberheard/status/1314016032097357824', 'display_url': 'twitter.com/realamberheard…'}]",0,0,2,0,"[{'start': 103, 'end': 116, 'username': 'KamalaHarris', 'id': '30354991'}]","[{'start': 23, 'end': 29, 'probability': 0.991, 'type': 'Place', 'normalized_text': 'America'}]",2020-10-08T01:33:29.000Z,“There was a time when America believed in science” true. But HOW is science still an issue!?! Get it! @KamalaHarris,Twitter for iPhone,29,215,385,13,1314016032097357824,807003567605227520,en,realamberheard,807003567605227520,2016-12-08T23:26:58.000Z,190336,220,1149,567,Amber Heard,https://t.co/Ze18Ek9SOI,"Los Angeles, CA","Actor and Activist, semi-professional disruptor, ice cream advocate and shameless teacup yorkie-lover",https://pbs.twimg.com/profile_images/1383196364792680448/N8CdupEu_normal.jpg,SecondaryVS,1311674758510108678,2020-10-01T14:30:21.000Z,31,88,63,0,Vanguard Supreme 2.0,,Same as original,https://pbs.twimg.com/profile_images/1333746095374086146/73_RjF46_normal.jpg,,,
2020-10-13T14:10:40.000Z,The reactions https://t.co/wuP3AzQK8l,Twitter for iPhone,1316018521562730500,709148582,en,"[{'type': 'quoted', 'id': '1314016032097357824'}]",,"[{'start': 14, 'end': 37, 'url': 'https://t.co/wuP3AzQK8l', 'expanded_url': 'https://twitter.com/realamberheard/status/1314016032097357824', 'display_url': 'twitter.com/realamberheard…'}]",0,0,0,0,"[{'start': 103, 'end': 116, 'username': 'KamalaHarris', 'id': '30354991'}]","[{'start': 23, 'end': 29, 'probability': 0.991, 'type': 'Place', 'normalized_text': 'America'}]",2020-10-08T01:33:29.000Z,“There was a time when America believed in science” true. But HOW is science still an issue!?! Get it! @KamalaHarris,Twitter for iPhone,29,215,385,13,1314016032097357824,807003567605227520,en,realamberheard,807003567605227520,2016-12-08T23:26:58.000Z,190336,220,1149,567,Amber Heard,https://t.co/Ze18Ek9SOI,"Los Angeles, CA","Actor and Activist, semi-professional disruptor, ice cream advocate and shameless teacup yorkie-lover",https://pbs.twimg.com/profile_images/1383196364792680448/N8CdupEu_normal.jpg,yksirsama,709148582,2012-07-21T15:30:44.000Z,100,64,9605,1,Risky🍃,,i am nobody,https://pbs.twimg.com/profile_images/1503719129802588162/Wbr7CSA2_normal.jpg,"Amsterdam, The Netherlands",,
2020-10-10T17:24:21.000Z,RT @daisylandq: Hi Abuser. Can you please explain the science behind unhinging a whole airplane seat? Like HOW?? Get it!!,Twitter for Android,1314980100128083969,3058371267,en,"[{'type': 'retweeted', 'id': '1314298203454550021'}]",,,6,0,0,0,"[{'start': 103, 'end': 116, 'username': 'KamalaHarris', 'id': '30354991'}]","[{'start': 23, 'end': 29, 'probability': 0.991, 'type': 'Place', 'normalized_text': 'America'}]",2020-10-08T01:33:29.000Z,“There was a time when America believed in science” true. But HOW is science still an issue!?! Get it! @KamalaHarris,Twitter for iPhone,29,215,385,13,1314016032097357824,807003567605227520,en,realamberheard,807003567605227520,2016-12-08T23:26:58.000Z,190336,220,1149,567,Amber Heard,https://t.co/Ze18Ek9SOI,"Los Angeles, CA","Actor and Activist, semi-professional disruptor, ice cream advocate and shameless teacup yorkie-lover",https://pbs.twimg.com/profile_images/1383196364792680448/N8CdupEu_normal.jpg,13844502x4x,3058371267,2015-02-24T08:27:55.000Z,1456,2420,14198,7,Tanya 🇬🇧🏴‍☠️ Wald-Mignon #JusticeForJohnnyDepp,,"I'm not a bot
LOCK HER UP🔗
#AmberHeardIsAnAbuser #JusticeForJohnnyDepp 🤯 #ISmellAGustOfMusk
also I'm 18++++ aka Old",https://pbs.twimg.com/profile_images/1502545770557411331/zA_QW8zl_normal.jpg,United Kingdom,"[{'start': 3, 'end': 14, 'username': 'daisylandq', 'id': '1279084967084122113'}]",
2020-10-10T09:28:42.000Z,RT @daisylandq: Hi Abuser. Can you please explain the science behind unhinging a whole airplane seat? Like HOW?? Get it!!,Twitter for iPhone,1314860399251030022,1135466172101595136,en,"[{'type': 'retweeted', 'id': '1314298203454550021'}]",,,6,0,0,0,"[{'start': 103, 'end': 116, 'username': 'KamalaHarris', 'id': '30354991'}]","[{'start': 23, 'end': 29, 'probability': 0.991, 'type': 'Place', 'normalized_text': 'America'}]",2020-10-08T01:33:29.000Z,“There was a time when America believed in science” true. But HOW is science still an issue!?! Get it! @KamalaHarris,Twitter for iPhone,29,215,385,13,1314016032097357824,807003567605227520,en,realamberheard,807003567605227520,2016-12-08T23:26:58.000Z,190336,220,1149,567,Amber Heard,https://t.co/Ze18Ek9SOI,"Los Angeles, CA","Actor and Activist, semi-professional disruptor, ice cream advocate and shameless teacup yorkie-lover",https://pbs.twimg.com/profile_images/1383196364792680448/N8CdupEu_normal.jpg,Lili89348221,1135466172101595136,2019-06-03T08:40:06.000Z,92,82,18384,1,Lili,,,https://abs.twimg.com/sticky/default_profile_images/default_profile_normal.png,,"[{'start': 3, 'end': 14, 'username': 'daisylandq', 'id': '1279084967084122113'}]",
2020-10-10T07:07:41.000Z,RT @daisylandq: Hi Abuser. Can you please explain the science behind unhinging a whole airplane seat? Like HOW?? Get it!!,Twitter for iPhone,1314824912180137986,1211131476122558465,en,"[{'type': 'retweeted', 'id': '1314298203454550021'}]",,,6,0,0,0,"[{'start': 103, 'end': 116, 'username': 'KamalaHarris', 'id': '30354991'}]","[{'start': 23, 'end': 29, 'probability': 0.991, 'type': 'Place', 'normalized_text': 'America'}]",2020-10-08T01:33:29.000Z,“There was a time when America believed in science” true. But HOW is science still an issue!?! Get it! @KamalaHarris,Twitter for iPhone,29,215,385,13,1314016032097357824,807003567605227520,en,realamberheard,807003567605227520,2016-12-08T23:26:58.000Z,190336,220,1149,567,Amber Heard,https://t.co/Ze18Ek9SOI,"Los Angeles, CA","Actor and Activist, semi-professional disruptor, ice cream advocate and shameless teacup yorkie-lover",https://pbs.twimg.com/profile_images/1383196364792680448/N8CdupEu_normal.jpg,Rebecca91921211,1211131476122558465,2019-12-29T03:47:14.000Z,428,680,11543,0,BecNotTheBot 🍩,,#justiceforJohnnyDepp #powerofthesmall #thefouragreements #lawofAttraction #poweofnow #chiefTecumseh #The3boxes #TheGodOfSpinoza,https://pbs.twimg.com/profile_images/1484299746420281346/C3-IVib2_normal.jpg,,"[{'start': 3, 'end': 14, 'username': 'daisylandq', 'id': '1279084967084122113'}]",
2020-10-10T06:57:39.000Z,RT @daisylandq: Hi Abuser. Can you please explain the science behind unhinging a whole airplane seat? Like HOW?? Get it!! https://t.co/moip…,Twitter Web App,1314822383757340672,145150641,en,"[{'type': 'retweeted', 'id': '1314298203454550021'}]",,,6,0,0,0,"[{'start': 103, 'end': 116, 'username': 'KamalaHarris', 'id': '30354991'}]","[{'start': 23, 'end': 29, 'probability': 0.991, 'type': 'Place', 'normalized_text': 'America'}]",2020-10-08T01:33:29.000Z,“There was a time when America believed in science” true. But HOW is science still an issue!?! Get it! @KamalaHarris,Twitter for iPhone,29,215,385,13,1314016032097357824,807003567605227520,en,realamberheard,807003567605227520,2016-12-08T23:26:58.000Z,190336,220,1149,567,Amber Heard,https://t.co/Ze18Ek9SOI,"Los Angeles, CA","Actor and Activist, semi-professional disruptor, ice cream advocate and shameless teacup yorkie-lover",https://pbs.twimg.com/profile_images/1383196364792680448/N8CdupEu_normal.jpg,Gwennafran,145150641,2010-05-18T07:05:35.000Z,734,579,33218,2,TheMadRatterAlpaca 🇩🇰🇩🇰 🐀🦙 🥕💜 Gwennafran ♊,,"I stand with #JohnnyDepp Because #TruthWins and #JusticeForJohnnyDepp is coming. Mother of Rats: Thor, Loki, Luke, Han and Chewie 🐀🐀🐀🐀🐀💜💜💜 Music lover",https://pbs.twimg.com/profile_images/1503345414048731144/8ZgCUTMD_normal.jpg, Denmark. Gemini ,"[{'start': 3, 'end': 14, 'username': 'daisylandq', 'id': '1279084967084122113'}]",
2020-10-10T02:14:08.000Z,RT @ljanevarga: Explain the science of the shape shifting Aquaman dvd/BluRay covers or WB emails that just can't seem to type your name in…,Twitter for Android,1314751035659837441,897834828279816192,en,"[{'type': 'retweeted', 'id': '1314333818313203712'}]",,,1,0,0,0,"[{'start': 103, 'end': 116, 'username': 'KamalaHarris', 'id': '30354991'}]","[{'start': 23, 'end': 29, 'probability': 0.991, 'type': 'Place', 'normalized_text': 'America'}]",2020-10-08T01:33:29.000Z,“There was a time when America believed in science” true. But HOW is science still an issue!?! Get it! @KamalaHarris,Twitter for iPhone,29,215,385,13,1314016032097357824,807003567605227520,en,realamberheard,807003567605227520,2016-12-08T23:26:58.000Z,190336,220,1149,567,Amber Heard,https://t.co/Ze18Ek9SOI,"Los Angeles, CA","Actor and Activist, semi-professional disruptor, ice cream advocate and shameless teacup yorkie-lover",https://pbs.twimg.com/profile_images/1383196364792680448/N8CdupEu_normal.jpg,Connie_Monty,897834828279816192,2017-08-16T14:57:58.000Z,20,240,587,0,Connie Montgomery,,"#JusticeForJohnnyDepp 
#Hope4survivors",https://pbs.twimg.com/profile_images/1427489168750301185/Csyxp6Ac_normal.jpg,"Bullhead City, AZ",,
2020-10-10T02:13:07.000Z,"RT @skrshiba: If you're going to talk about science, analyze your head with science, too.Other scars and bruises that move and disappear. T…",Twitter for Android,1314750780545490945,897834828279816192,en,"[{'type': 'retweeted', 'id': '1314433545117417473'}]",,,3,0,0,0,"[{'start': 103, 'end': 116, 'username': 'KamalaHarris', 'id': '30354991'}]","[{'start': 23, 'end': 29, 'probability': 0.991, 'type': 'Place', 'normalized_text': 'America'}]",2020-10-08T01:33:29.000Z,“There was a time when America believed in science” true. But HOW is science still an issue!?! Get it! @KamalaHarris,Twitter for iPhone,29,215,385,13,1314016032097357824,807003567605227520,en,realamberheard,807003567605227520,2016-12-08T23:26:58.000Z,190336,220,1149,567,Amber Heard,https://t.co/Ze18Ek9SOI,"Los Angeles, CA","Actor and Activist, semi-professional disruptor, ice cream advocate and shameless teacup yorkie-lover",https://pbs.twimg.com/profile_images/1383196364792680448/N8CdupEu_normal.jpg,Connie_Monty,897834828279816192,2017-08-16T14:57:58.000Z,20,240,587,0,Connie Montgomery,,"#JusticeForJohnnyDepp 
#Hope4survivors",https://pbs.twimg.com/profile_images/1427489168750301185/Csyxp6Ac_normal.jpg,"Bullhead City, AZ",,
2020-10-09T15:37:33.000Z,RT @daisylandq: Hi Abuser. Can you please explain the science behind unhinging a whole airplane seat? Like HOW?? Get it!!,Twitter for iPhone,1314590834566733824,1168423251334193152,en,"[{'type': 'retweeted', 'id': '1314298203454550021'}]",,,6,0,0,0,"[{'start': 103, 'end': 116, 'username': 'KamalaHarris', 'id': '30354991'}]","[{'start': 23, 'end': 29, 'probability': 0.991, 'type': 'Place', 'normalized_text': 'America'}]",2020-10-08T01:33:29.000Z,“There was a time when America believed in science” true. But HOW is science still an issue!?! Get it! @KamalaHarris,Twitter for iPhone,29,215,385,13,1314016032097357824,807003567605227520,en,realamberheard,807003567605227520,2016-12-08T23:26:58.000Z,190336,220,1149,567,Amber Heard,https://t.co/Ze18Ek9SOI,"Los Angeles, CA","Actor and Activist, semi-professional disruptor, ice cream advocate and shameless teacup yorkie-lover",https://pbs.twimg.com/profile_images/1383196364792680448/N8CdupEu_normal.jpg,roxx8825,1168423251334193152,2019-09-02T07:19:57.000Z,537,448,30881,1,NinaRoxx8825,,I’m just here to defend Johnny Depp & show my Love for Him also I Love Kingdom Hearts & Anime ❤❤❤ #JusticeForJohnnyDepp #NeverFearTruth ✊️✊️✊️✊️,https://pbs.twimg.com/profile_images/1502664502071873538/LWMir38a_normal.jpg,,"[{'start': 3, 'end': 14, 'username': 'daisylandq', 'id': '1279084967084122113'}]",
2020-10-09T05:41:40.000Z,"RT @skrshiba: If you're going to talk about science, analyze your head with science, too.Other scars and bruises that move and disappear. T…",Twitter for iPhone,1314440874177298432,1296165774692933634,en,"[{'type': 'retweeted', 'id': '1314433545117417473'}]",,,3,0,0,0,"[{'start': 103, 'end': 116, 'username': 'KamalaHarris', 'id': '30354991'}]","[{'start': 23, 'end': 29, 'probability': 0.991, 'type': 'Place', 'normalized_text': 'America'}]",2020-10-08T01:33:29.000Z,“There was a time when America believed in science” true. But HOW is science still an issue!?! Get it! @KamalaHarris,Twitter for iPhone,29,215,385,13,1314016032097357824,807003567605227520,en,realamberheard,807003567605227520,2016-12-08T23:26:58.000Z,190336,220,1149,567,Amber Heard,https://t.co/Ze18Ek9SOI,"Los Angeles, CA","Actor and Activist, semi-professional disruptor, ice cream advocate and shameless teacup yorkie-lover",https://pbs.twimg.com/profile_images/1383196364792680448/N8CdupEu_normal.jpg,bazarette74,1296165774692933634,2020-08-19T19:23:20.000Z,48,19,4612,0,Bazarette74,,"Female- believes in science and rationality -praises integrity, sensitivity and emotional intelligence - condemns all kinds of violence- Nb: French bot 😜",https://pbs.twimg.com/profile_images/1395755871381098497/urArwWzC_normal.jpg,"Paris, France",,
2020-10-09T05:25:25.000Z,"RT @skrshiba: If you're going to talk about science, analyze your head with science, too.Other scars and bruises that move and disappear. T…",Twitter for Android,1314436784579768320,1175002040998563841,en,"[{'type': 'retweeted', 'id': '1314433545117417473'}]",,,3,0,0,0,"[{'start': 103, 'end': 116, 'username': 'KamalaHarris', 'id': '30354991'}]","[{'start': 23, 'end': 29, 'probability': 0.991, 'type': 'Place', 'normalized_text': 'America'}]",2020-10-08T01:33:29.000Z,“There was a time when America believed in science” true. But HOW is science still an issue!?! Get it! @KamalaHarris,Twitter for iPhone,29,215,385,13,1314016032097357824,807003567605227520,en,realamberheard,807003567605227520,2016-12-08T23:26:58.000Z,190336,220,1149,567,Amber Heard,https://t.co/Ze18Ek9SOI,"Los Angeles, CA","Actor and Activist, semi-professional disruptor, ice cream advocate and shameless teacup yorkie-lover",https://pbs.twimg.com/profile_images/1383196364792680448/N8CdupEu_normal.jpg,Junkot94638419,1175002040998563841,2019-09-20T11:01:56.000Z,506,284,23699,2,Junko,,"Movies, music, pictures, poetry.🖤
Encounter with many people💞

Support the truth.
#JonnyDepp #JusticeForJohnnyDepp

The lie is not true.
#AmberHeardisAnAbuser",https://pbs.twimg.com/profile_images/1387071732704419840/LKFykt_V_normal.jpg,,,
2020-10-09T05:12:32.000Z,"If you're going to talk about science, analyze your head with science, too.Other scars and bruises that move and disappear. There are things happening to you that we don't understand.

#AmberHeardIsAnAbuser
#AmberHeardIsALiar
#JusticeForJohnnyDepp https://t.co/qlPp3Ojk2R https://t.co/JB6QaEHvPn",Twitter for iPhone,1314433545117417473,464424709,en,"[{'type': 'quoted', 'id': '1314016032097357824'}]",,"[{'start': 248, 'end': 271, 'url': 'https://t.co/qlPp3Ojk2R', 'expanded_url': 'https://twitter.com/skrshiba/status/1314433545117417473/photo/1', 'display_url': 'pic.twitter.com/qlPp3Ojk2R'}, {'start': 272, 'end': 295, 'url': 'https://t.co/JB6QaEHvPn', 'expanded_url': 'https://twitter.com/realamberheard/status/1314016032097357824', 'display_url': 'twitter.com/realamberheard…'}]",3,1,7,0,"[{'start': 103, 'end': 116, 'username': 'KamalaHarris', 'id': '30354991'}]","[{'start': 23, 'end': 29, 'probability': 0.991, 'type': 'Place', 'normalized_text': 'America'}]",2020-10-08T01:33:29.000Z,“There was a time when America believed in science” true. But HOW is science still an issue!?! Get it! @KamalaHarris,Twitter for iPhone,29,215,385,13,1314016032097357824,807003567605227520,en,realamberheard,807003567605227520,2016-12-08T23:26:58.000Z,190336,220,1149,567,Amber Heard,https://t.co/Ze18Ek9SOI,"Los Angeles, CA","Actor and Activist, semi-professional disruptor, ice cream advocate and shameless teacup yorkie-lover",https://pbs.twimg.com/profile_images/1383196364792680448/N8CdupEu_normal.jpg,DJusticeforj,464424709,2012-01-15T06:30:31.000Z,536,934,73538,4,✩⋆˖ 🅜🅔🅖 ˖⋆✩,,𝐀𝐧 𝐞𝐲𝐞 𝐟𝐨𝐫 𝐚𝐧 𝐞𝐲𝐞 𝐚𝐧𝐝 𝐚 𝐭𝐨𝐨𝐭𝐡 𝐟𝐨𝐫 𝐚 𝐭𝐨𝐨𝐭𝐡 #𝐉𝐮𝐬𝐭𝐢𝐜𝐞𝐅𝐨𝐫𝐉𝐨𝐡𝐧𝐧𝐲𝐃𝐞𝐩𝐩 #𝐀𝐦𝐛𝐞𝐫𝐇𝐞𝐚𝐫𝐝𝐥𝐬𝐀𝐋𝐢𝐚𝐫,https://pbs.twimg.com/profile_images/1502817245541842944/B-d0TTr3_normal.jpg,Earth,,"[{'start': 185, 'end': 206, 'tag': 'AmberHeardIsAnAbuser'}, {'start': 207, 'end': 225, 'tag': 'AmberHeardIsALiar'}, {'start': 226, 'end': 247, 'tag': 'JusticeForJohnnyDepp'}]"
2020-10-08T22:36:16.000Z,Explain the science of the shape shifting Aquaman dvd/BluRay covers or WB emails that just can't seem to type your name in accordance with filming of Aquaman 2.  Jason Momoa is gonna clean the oceans of 115 lbs of garbage. https://t.co/DsHJulxHlw,Twitter for Android,1314333818313203712,887317370,en,"[{'type': 'quoted', 'id': '1314016032097357824'}]","[{'start': 150, 'end': 158, 'probability': 0.7962, 'type': 'Other', 'normalized_text': 'Aquaman 2'}, {'start': 162, 'end': 172, 'probability': 0.9969, 'type': 'Person', 'normalized_text': 'Jason Momoa'}]","[{'start': 223, 'end': 246, 'url': 'https://t.co/DsHJulxHlw', 'expanded_url': 'https://twitter.com/realamberheard/status/1314016032097357824', 'display_url': 'twitter.com/realamberheard…'}]",1,0,2,0,"[{'start': 103, 'end': 116, 'username': 'KamalaHarris', 'id': '30354991'}]","[{'start': 23, 'end': 29, 'probability': 0.991, 'type': 'Place', 'normalized_text': 'America'}]",2020-10-08T01:33:29.000Z,“There was a time when America believed in science” true. But HOW is science still an issue!?! Get it! @KamalaHarris,Twitter for iPhone,29,215,385,13,1314016032097357824,807003567605227520,en,realamberheard,807003567605227520,2016-12-08T23:26:58.000Z,190336,220,1149,567,Amber Heard,https://t.co/Ze18Ek9SOI,"Los Angeles, CA","Actor and Activist, semi-professional disruptor, ice cream advocate and shameless teacup yorkie-lover",https://pbs.twimg.com/profile_images/1383196364792680448/N8CdupEu_normal.jpg,SweetChastityYT,887317370,2012-10-17T18:20:22.000Z,488,416,16778,3,SweetChastity,,"Woman who loves video games, dogs, #JusticeForJohnny and Jason Momoa (notice #JusticeForJohnny comes before Aquaman star)",https://pbs.twimg.com/profile_images/1475642668432642054/1Rlv-YVi_normal.jpg,,,
2020-10-08T20:36:44.000Z,RT @daisylandq: Hi Abuser. Can you please explain the science behind unhinging a whole airplane seat? Like HOW?? Get it!! https://t.co/moip…,Twitter Web App,1314303738513891348,39588121,en,"[{'type': 'retweeted', 'id': '1314298203454550021'}]",,,6,0,0,0,"[{'start': 103, 'end': 116, 'username': 'KamalaHarris', 'id': '30354991'}]","[{'start': 23, 'end': 29, 'probability': 0.991, 'type': 'Place', 'normalized_text': 'America'}]",2020-10-08T01:33:29.000Z,“There was a time when America believed in science” true. But HOW is science still an issue!?! Get it! @KamalaHarris,Twitter for iPhone,29,215,385,13,1314016032097357824,807003567605227520,en,realamberheard,807003567605227520,2016-12-08T23:26:58.000Z,190336,220,1149,567,Amber Heard,https://t.co/Ze18Ek9SOI,"Los Angeles, CA","Actor and Activist, semi-professional disruptor, ice cream advocate and shameless teacup yorkie-lover",https://pbs.twimg.com/profile_images/1383196364792680448/N8CdupEu_normal.jpg,felineluvr,39588121,2009-05-12T20:30:30.000Z,353,378,85859,2,"Amy Hope--#BlackLivesMatter, #JusticeForJohnnyDepp",,"U of AL graduate, life long lover of animals & about 30 yr supporter/cheering squad for John C. Depp, II; love art, music,  films,crafting. On a souls journey",https://pbs.twimg.com/profile_images/1409759704302034951/NtxjQXpC_normal.png,Below the Mason-Dixon line ,"[{'start': 3, 'end': 14, 'username': 'daisylandq', 'id': '1279084967084122113'}]",
2020-10-08T20:14:44.000Z,Hi Abuser. Can you please explain the science behind unhinging a whole airplane seat? Like HOW?? Get it!! https://t.co/moipEWzfZl,Twitter for iPhone,1314298203454550021,1279084967084122113,en,"[{'type': 'quoted', 'id': '1314016032097357824'}]",,"[{'start': 106, 'end': 129, 'url': 'https://t.co/moipEWzfZl', 'expanded_url': 'https://twitter.com/realamberheard/status/1314016032097357824', 'display_url': 'twitter.com/realamberheard…'}]",6,6,58,0,"[{'start': 103, 'end': 116, 'username': 'KamalaHarris', 'id': '30354991'}]","[{'start': 23, 'end': 29, 'probability': 0.991, 'type': 'Place', 'normalized_text': 'America'}]",2020-10-08T01:33:29.000Z,“There was a time when America believed in science” true. But HOW is science still an issue!?! Get it! @KamalaHarris,Twitter for iPhone,29,215,385,13,1314016032097357824,807003567605227520,en,realamberheard,807003567605227520,2016-12-08T23:26:58.000Z,190336,220,1149,567,Amber Heard,https://t.co/Ze18Ek9SOI,"Los Angeles, CA","Actor and Activist, semi-professional disruptor, ice cream advocate and shameless teacup yorkie-lover",https://pbs.twimg.com/profile_images/1383196364792680448/N8CdupEu_normal.jpg,daisylandq,1279084967084122113,2020-07-03T16:10:14.000Z,1281,78,7745,12,z💫,,ᴏᴠᴇʀᴛʜɪɴᴋᴇʀ • ɪ ᴛᴡᴇᴇᴛ ᴀɴᴅ ꜱᴛᴜꜰꜰ,https://pbs.twimg.com/profile_images/1431320054923087872/rdRcti8r_normal.jpg,,,
2020-10-08T19:30:30.000Z,"Not at this one talking about science, when she claimed her face was allegedly ""hit by an iphone throwed really hard"" but her bruises disappeared in less than 24 hours

GTFO

#AmberHeardIsAnAbuser #AmberHeardIsALiar 
#JusticeForJohnnyDepp https://t.co/hUNHGXN2BD",Twitter Web App,1314287071662612485,1149525193699688448,en,"[{'type': 'quoted', 'id': '1314016032097357824'}]","[{'start': 90, 'end': 95, 'probability': 0.8334, 'type': 'Product', 'normalized_text': 'iphone'}]","[{'start': 239, 'end': 262, 'url': 'https://t.co/hUNHGXN2BD', 'expanded_url': 'https://twitter.com/realamberheard/status/1314016032097357824', 'display_url': 'twitter.com/realamberheard…'}]",0,0,4,0,"[{'start': 103, 'end': 116, 'username': 'KamalaHarris', 'id': '30354991'}]","[{'start': 23, 'end': 29, 'probability': 0.991, 'type': 'Place', 'normalized_text': 'America'}]",2020-10-08T01:33:29.000Z,“There was a time when America believed in science” true. But HOW is science still an issue!?! Get it! @KamalaHarris,Twitter for iPhone,29,215,385,13,1314016032097357824,807003567605227520,en,realamberheard,807003567605227520,2016-12-08T23:26:58.000Z,190336,220,1149,567,Amber Heard,https://t.co/Ze18Ek9SOI,"Los Angeles, CA","Actor and Activist, semi-professional disruptor, ice cream advocate and shameless teacup yorkie-lover",https://pbs.twimg.com/profile_images/1383196364792680448/N8CdupEu_normal.jpg,HaydeeVIPiKONIC,1149525193699688448,2019-07-12T03:45:38.000Z,190,228,7481,1,Haydee³⁵🍀,,"iKONIC/VIP OT5/Teume/Johnny Depp supporter
#TREASURE
#BIGBANG
#iKON",https://pbs.twimg.com/profile_images/1417537343683190797/ljcea5zN_normal.jpg,,,"[{'start': 175, 'end': 196, 'tag': 'AmberHeardIsAnAbuser'}, {'start': 197, 'end': 215, 'tag': 'AmberHeardIsALiar'}, {'start': 217, 'end': 238, 'tag': 'JusticeForJohnnyDepp'}]"
2020-10-08T18:56:55.000Z,Yet you wish to make other people be silenced by your “I’m being bullied by bots” tactics. None of us are bots get that through your thick head. We are standing up for your abuse. But that doesn’t fit your narrative of your fake persona so it doesn’t apply to us. https://t.co/0JH6L7hPoT,Twitter for iPhone,1314278617334140930,1263687783496986625,en,"[{'type': 'quoted', 'id': '1314016032097357824'}]",,"[{'start': 264, 'end': 287, 'url': 'https://t.co/0JH6L7hPoT', 'expanded_url': 'https://twitter.com/realamberheard/status/1314016032097357824', 'display_url': 'twitter.com/realamberheard…'}]",0,0,8,0,"[{'start': 103, 'end': 116, 'username': 'KamalaHarris', 'id': '30354991'}]","[{'start': 23, 'end': 29, 'probability': 0.991, 'type': 'Place', 'normalized_text': 'America'}]",2020-10-08T01:33:29.000Z,“There was a time when America believed in science” true. But HOW is science still an issue!?! Get it! @KamalaHarris,Twitter for iPhone,29,215,385,13,1314016032097357824,807003567605227520,en,realamberheard,807003567605227520,2016-12-08T23:26:58.000Z,190336,220,1149,567,Amber Heard,https://t.co/Ze18Ek9SOI,"Los Angeles, CA","Actor and Activist, semi-professional disruptor, ice cream advocate and shameless teacup yorkie-lover",https://pbs.twimg.com/profile_images/1383196364792680448/N8CdupEu_normal.jpg,MrStenChYStEnCh,1263687783496986625,2020-05-22T04:27:09.000Z,688,1374,3919,1,Mr.Stench,,#justiceforjohnnydepp,https://pbs.twimg.com/profile_images/1452070976922005508/ZwP8pQCJ_normal.jpg,,,
2020-10-08T17:42:58.000Z,This bitch really do got the nerve to talk https://t.co/Rjhr0aevbJ,Twitter for Android,1314260009409282050,1299842249233256448,en,"[{'type': 'quoted', 'id': '1314016032097357824'}]",,"[{'start': 43, 'end': 66, 'url': 'https://t.co/Rjhr0aevbJ', 'expanded_url': 'https://twitter.com/realamberheard/status/1314016032097357824', 'display_url': 'twitter.com/realamberheard…'}]",0,0,2,0,"[{'start': 103, 'end': 116, 'username': 'KamalaHarris', 'id': '30354991'}]","[{'start': 23, 'end': 29, 'probability': 0.991, 'type': 'Place', 'normalized_text': 'America'}]",2020-10-08T01:33:29.000Z,“There was a time when America believed in science” true. But HOW is science still an issue!?! Get it! @KamalaHarris,Twitter for iPhone,29,215,385,13,1314016032097357824,807003567605227520,en,realamberheard,807003567605227520,2016-12-08T23:26:58.000Z,190336,220,1149,567,Amber Heard,https://t.co/Ze18Ek9SOI,"Los Angeles, CA","Actor and Activist, semi-professional disruptor, ice cream advocate and shameless teacup yorkie-lover",https://pbs.twimg.com/profile_images/1383196364792680448/N8CdupEu_normal.jpg,reminiscentbell,1299842249233256448,2020-08-29T22:52:34.000Z,444,879,13036,8,💛,,"bi (19)
#Justiceforjohnnydepp 
backup: @ruinsoftheday",https://pbs.twimg.com/profile_images/1427407688334516225/Fv9LqP02_normal.jpg,,,
2020-10-08T16:30:20.000Z,How are you still an issue? https://t.co/xeg3oFtson,Twitter Web App,1314241729122447360,2465079218,en,"[{'type': 'quoted', 'id': '1314016032097357824'}]",,"[{'start': 28, 'end': 51, 'url': 'https://t.co/xeg3oFtson', 'expanded_url': 'https://twitter.com/realamberheard/status/1314016032097357824', 'display_url': 'twitter.com/realamberheard…'}]",0,3,41,0,"[{'start': 103, 'end': 116, 'username': 'KamalaHarris', 'id': '30354991'}]","[{'start': 23, 'end': 29, 'probability': 0.991, 'type': 'Place', 'normalized_text': 'America'}]",2020-10-08T01:33:29.000Z,“There was a time when America believed in science” true. But HOW is science still an issue!?! Get it! @KamalaHarris,Twitter for iPhone,29,215,385,13,1314016032097357824,807003567605227520,en,realamberheard,807003567605227520,2016-12-08T23:26:58.000Z,190336,220,1149,567,Amber Heard,https://t.co/Ze18Ek9SOI,"Los Angeles, CA","Actor and Activist, semi-professional disruptor, ice cream advocate and shameless teacup yorkie-lover",https://pbs.twimg.com/profile_images/1383196364792680448/N8CdupEu_normal.jpg,reineyelah,2465079218,2014-04-26T20:16:57.000Z,1594,223,37206,3,not haley,https://t.co/imzbQnpaXH,classic lara croft supremacy. i fucking love you for hating me. wife to noodle. #justiceforjohnnydepp #justiceforsurvivors #istandwithjkrowling,https://pbs.twimg.com/profile_images/1506624478310191113/EEpjan86_normal.jpg,on the precipice.,,
2020-10-08T01:35:53.000Z,"Because ""Science"" is been ignored, by an ignorant President! https://t.co/HNmbb6VMWo",Twitter Web App,1314016635796312067,765177676013441024,en,"[{'type': 'quoted', 'id': '1314016032097357824'}]",,"[{'start': 61, 'end': 84, 'url': 'https://t.co/HNmbb6VMWo', 'expanded_url': 'https://twitter.com/realamberheard/status/1314016032097357824', 'display_url': 'twitter.com/realamberheard…'}]",0,0,1,0,"[{'start': 103, 'end': 116, 'username': 'KamalaHarris', 'id': '30354991'}]","[{'start': 23, 'end': 29, 'probability': 0.991, 'type': 'Place', 'normalized_text': 'America'}]",2020-10-08T01:33:29.000Z,“There was a time when America believed in science” true. But HOW is science still an issue!?! Get it! @KamalaHarris,Twitter for iPhone,29,215,385,13,1314016032097357824,807003567605227520,en,realamberheard,807003567605227520,2016-12-08T23:26:58.000Z,190336,220,1149,567,Amber Heard,https://t.co/Ze18Ek9SOI,"Los Angeles, CA","Actor and Activist, semi-professional disruptor, ice cream advocate and shameless teacup yorkie-lover",https://pbs.twimg.com/profile_images/1383196364792680448/N8CdupEu_normal.jpg,CDekauwe1,765177676013441024,2016-08-15T13:25:49.000Z,152,5482,28923,2,Chandra De Kauwe,,"Retired, Internal Auditor. Long-retired sportsman of so many sports & who coached different amateur sportsmen incl Cricket, Hockey, Badminton, Football, Rugby.",https://pbs.twimg.com/profile_images/1180674584590372870/CyCg_ROM_normal.jpg,London,,
