referenced_tweets,id,author_id,in_reply_to_user_id,created_at,text,source,lang,entities.urls,entities.mentions,public_metrics.retweet_count,public_metrics.reply_count,public_metrics.like_count,public_metrics.quote_count,quoted_tweet.id,quoted_tweet.entities.annotations,quoted_tweet.entities.urls,quoted_tweet.entities.mentions,quoted_tweet.author_id,quoted_tweet.created_at,quoted_tweet.text,quoted_tweet.public_metrics.retweet_count,quoted_tweet.public_metrics.reply_count,quoted_tweet.public_metrics.like_count,quoted_tweet.public_metrics.quote_count,quoted_tweet.source,quoted_tweet.lang,quoted_tweet.author.location,quoted_tweet.author.created_at,quoted_tweet.author.profile_image_url,quoted_tweet.author.public_metrics.followers_count,quoted_tweet.author.public_metrics.following_count,quoted_tweet.author.public_metrics.tweet_count,quoted_tweet.author.public_metrics.listed_count,quoted_tweet.author.url,quoted_tweet.author.id,quoted_tweet.author.name,quoted_tweet.author.username,quoted_tweet.author.description,author.location,author.created_at,author.profile_image_url,author.public_metrics.followers_count,author.public_metrics.following_count,author.public_metrics.tweet_count,author.public_metrics.listed_count,author.url,author.id,author.name,author.username,author.description,entities.hashtags,entities.annotations
"[{'type': 'quoted', 'id': '1322671034391121921'}, {'type': 'replied_to', 'id': '1483188265717055499'}]",1483220576550461440,1351623610125987844,1716704982,2022-01-17T23:31:57.000Z,"@MarkAsiimwe @mightbearia @MomoMocha8 @Jamie96982799 @mrjb260191 @TruthFairyLand @Darkduck64 @some_dumb_ho @lilmissaurora1 @Suzanne77560800 @Donna94942464 @Michael35979733 @VirginMick @Alisha_ash @bryzwyf @realamberheard @johnnydepp See posts like this one, people don't even see because of all the harassment she gets. How does this get only a few hundred likes? I'm afraid to look at the QTs too! 

DeppAnon doesn't realize their hate-campaign is endangering women all over the planet.😢
https://t.co/urhXWR8TJh",Twitter Web App,en,"[{'start': 489, 'end': 512, 'url': 'https://t.co/urhXWR8TJh', 'expanded_url': 'https://twitter.com/realamberheard/status/1322671034391121921?s=20', 'display_url': 'twitter.com/realamberheard…'}]","[{'start': 0, 'end': 12, 'username': 'MarkAsiimwe', 'id': '1716704982'}, {'start': 13, 'end': 25, 'username': 'mightbearia', 'id': '745798442199351296'}, {'start': 26, 'end': 37, 'username': 'MomoMocha8', 'id': '1453840116108120068'}, {'start': 38, 'end': 52, 'username': 'Jamie96982799', 'id': '1117429541398548480'}, {'start': 53, 'end': 64, 'username': 'mrjb260191', 'id': '3173701311'}, {'start': 65, 'end': 80, 'username': 'TruthFairyLand', 'id': '1405307024582365193'}, {'start': 81, 'end': 92, 'username': 'Darkduck64', 'id': '93912643'}, {'start': 93, 'end': 106, 'username': 'some_dumb_ho', 'id': '1427387827214422049'}, {'start': 107, 'end': 122, 'username': 'lilmissaurora1', 'id': '1397973304179363840'}, {'start': 123, 'end': 139, 'username': 'Suzanne77560800', 'id': '1234555556192571392'}, {'start': 140, 'end': 154, 'username': 'Donna94942464', 'id': '1286213227484008448'}, {'start': 155, 'end': 171, 'username': 'Michael35979733', 'id': '1414227606363426818'}, {'start': 172, 'end': 183, 'username': 'VirginMick', 'id': '1311068349191815168'}, {'start': 184, 'end': 195, 'username': 'Alisha_ash', 'id': '491734963'}, {'start': 196, 'end': 204, 'username': 'bryzwyf', 'id': '1236499544440844289'}, {'start': 205, 'end': 220, 'username': 'realamberheard', 'id': '807003567605227520'}, {'start': 221, 'end': 232, 'username': 'johnnydepp', 'id': '1416611'}]",0,1,4,0,1322671034391121921,"[{'start': 10, 'end': 15, 'probability': 0.936, 'type': 'Place', 'normalized_text': 'Warsaw'}]","[{'start': 155, 'end': 178, 'url': 'https://t.co/4sxYiRnrhW', 'expanded_url': 'https://www.nytimes.com/2020/10/27/world/europe/poland-abortion-ruling-protests.html?referringSource=articleShare', 'display_url': 'nytimes.com/2020/10/27/wor…', 'status': 200, 'unwound_url': 'https://www.nytimes.com/2020/10/27/world/europe/poland-abortion-ruling-protests.html?referringSource=articleShare'}]","[{'start': 144, 'end': 152, 'username': 'nytimes', 'id': '807095'}]",807003567605227520,2020-10-31T22:45:23.000Z,Right now Warsaw is the theatre of massive protests and manifestations for those who are fighting on behalf of reproductive rights and freedom ⁦@nytimes⁩  https://t.co/4sxYiRnrhW,53,863,576,41,Twitter for iPhone,en,"Los Angeles, CA",2016-12-08T23:26:58.000Z,https://pbs.twimg.com/profile_images/1383196364792680448/N8CdupEu_normal.jpg,190336,220,1149,567,https://t.co/Ze18Ek9SOI,807003567605227520,Amber Heard,realamberheard,"Actor and Activist, semi-professional disruptor, ice cream advocate and shameless teacup yorkie-lover",Earth 🌎 ,2021-01-19T20:12:46.000Z,https://pbs.twimg.com/profile_images/1351625065092280321/A1jWu5Lq_normal.jpg,223,1321,13399,0,,1351623610125987844,Lucky 🍀☪️⭐️💖,LuckyLo59037265,"Undefeated champion of the world. 🥇🏆♟
and I like cats.

Full time comedian, feminist, and humanist. I #TPWK until they piss me off. She/her BLM ACAB",,
"[{'type': 'retweeted', 'id': '1331288988544602118'}]",1331289554167484416,18341683,,2020-11-24T17:32:18.000Z,RT @BiFuriosa: #WeWillBeHeard,Twitter for Android,und,,"[{'start': 3, 'end': 13, 'username': 'BiFuriosa', 'id': '773293398358974465'}]",1,0,0,0,1322671034391121921,"[{'start': 10, 'end': 15, 'probability': 0.936, 'type': 'Place', 'normalized_text': 'Warsaw'}]","[{'start': 155, 'end': 178, 'url': 'https://t.co/4sxYiRnrhW', 'expanded_url': 'https://www.nytimes.com/2020/10/27/world/europe/poland-abortion-ruling-protests.html?referringSource=articleShare', 'display_url': 'nytimes.com/2020/10/27/wor…', 'status': 200, 'unwound_url': 'https://www.nytimes.com/2020/10/27/world/europe/poland-abortion-ruling-protests.html?referringSource=articleShare'}]","[{'start': 144, 'end': 152, 'username': 'nytimes', 'id': '807095'}]",807003567605227520,2020-10-31T22:45:23.000Z,Right now Warsaw is the theatre of massive protests and manifestations for those who are fighting on behalf of reproductive rights and freedom ⁦@nytimes⁩  https://t.co/4sxYiRnrhW,53,863,576,41,Twitter for iPhone,en,"Los Angeles, CA",2016-12-08T23:26:58.000Z,https://pbs.twimg.com/profile_images/1383196364792680448/N8CdupEu_normal.jpg,190336,220,1149,567,https://t.co/Ze18Ek9SOI,807003567605227520,Amber Heard,realamberheard,"Actor and Activist, semi-professional disruptor, ice cream advocate and shameless teacup yorkie-lover","Fareham, England",2008-12-23T20:33:23.000Z,https://pbs.twimg.com/profile_images/1482369388233859072/sWFgPlzi_normal.jpg,1243,944,56408,35,https://t.co/8ANwh8omz3,18341683,"Douglas Howell, NothingBiHalves",NothingBiHalves,"Bisexual & proud. He/Him.
Monday - Spotify #ReleaseRadar
Wednesday - Anime Isn't Just For Edgelords
Friday - Look Dad Old Tunes","[{'start': 15, 'end': 29, 'tag': 'WeWillBeHeard'}]",
"[{'type': 'quoted', 'id': '1322671034391121921'}]",1331288988544602118,773293398358974465,,2020-11-24T17:30:03.000Z,#WeWillBeHeard https://t.co/xBcCjOuAjm,Twitter Web App,und,"[{'start': 15, 'end': 38, 'url': 'https://t.co/xBcCjOuAjm', 'expanded_url': 'https://twitter.com/realamberheard/status/1322671034391121921', 'display_url': 'twitter.com/realamberheard…'}]",,1,1,1,0,1322671034391121921,"[{'start': 10, 'end': 15, 'probability': 0.936, 'type': 'Place', 'normalized_text': 'Warsaw'}]","[{'start': 155, 'end': 178, 'url': 'https://t.co/4sxYiRnrhW', 'expanded_url': 'https://www.nytimes.com/2020/10/27/world/europe/poland-abortion-ruling-protests.html?referringSource=articleShare', 'display_url': 'nytimes.com/2020/10/27/wor…', 'status': 200, 'unwound_url': 'https://www.nytimes.com/2020/10/27/world/europe/poland-abortion-ruling-protests.html?referringSource=articleShare'}]","[{'start': 144, 'end': 152, 'username': 'nytimes', 'id': '807095'}]",807003567605227520,2020-10-31T22:45:23.000Z,Right now Warsaw is the theatre of massive protests and manifestations for those who are fighting on behalf of reproductive rights and freedom ⁦@nytimes⁩  https://t.co/4sxYiRnrhW,53,863,576,41,Twitter for iPhone,en,"Los Angeles, CA",2016-12-08T23:26:58.000Z,https://pbs.twimg.com/profile_images/1383196364792680448/N8CdupEu_normal.jpg,190336,220,1149,567,https://t.co/Ze18Ek9SOI,807003567605227520,Amber Heard,realamberheard,"Actor and Activist, semi-professional disruptor, ice cream advocate and shameless teacup yorkie-lover",,2016-09-06T22:54:48.000Z,https://pbs.twimg.com/profile_images/773460049024978944/HhjLfGtr_normal.jpg,1032,431,5461,17,https://t.co/f0Fy2VnwyO,773293398358974465,Bi Furiosa,BiFuriosa,"Because bifurious was taken... and Imperator Furiosa is so great.

The twitter feed for https://t.co/MUeq1rdXVv & https://t.co/GP1YjS5CCW.

Pronouns: *","[{'start': 0, 'end': 14, 'tag': 'WeWillBeHeard'}]",
"[{'type': 'quoted', 'id': '1322671034391121921'}]",1330271191165243392,1072000274,,2020-11-21T22:05:41.000Z,Right now...a giant hoe has ruined an actors life by being alive. #fuckamberheard https://t.co/UMiF17Z2g4,Twitter Web App,en,"[{'start': 82, 'end': 105, 'url': 'https://t.co/UMiF17Z2g4', 'expanded_url': 'https://twitter.com/realamberheard/status/1322671034391121921', 'display_url': 'twitter.com/realamberheard…'}]",,0,0,0,0,1322671034391121921,"[{'start': 10, 'end': 15, 'probability': 0.936, 'type': 'Place', 'normalized_text': 'Warsaw'}]","[{'start': 155, 'end': 178, 'url': 'https://t.co/4sxYiRnrhW', 'expanded_url': 'https://www.nytimes.com/2020/10/27/world/europe/poland-abortion-ruling-protests.html?referringSource=articleShare', 'display_url': 'nytimes.com/2020/10/27/wor…', 'status': 200, 'unwound_url': 'https://www.nytimes.com/2020/10/27/world/europe/poland-abortion-ruling-protests.html?referringSource=articleShare'}]","[{'start': 144, 'end': 152, 'username': 'nytimes', 'id': '807095'}]",807003567605227520,2020-10-31T22:45:23.000Z,Right now Warsaw is the theatre of massive protests and manifestations for those who are fighting on behalf of reproductive rights and freedom ⁦@nytimes⁩  https://t.co/4sxYiRnrhW,53,863,576,41,Twitter for iPhone,en,"Los Angeles, CA",2016-12-08T23:26:58.000Z,https://pbs.twimg.com/profile_images/1383196364792680448/N8CdupEu_normal.jpg,190336,220,1149,567,https://t.co/Ze18Ek9SOI,807003567605227520,Amber Heard,realamberheard,"Actor and Activist, semi-professional disruptor, ice cream advocate and shameless teacup yorkie-lover",,2013-01-08T21:07:54.000Z,https://pbs.twimg.com/profile_images/1151716991696347136/-2CjFGId_normal.jpg,129,24,15,0,,1072000274,iontlikeyouвiTCH,eyemabadbih,"future lawyer |
Mara Moonilal |
My glock will mock your flock","[{'start': 66, 'end': 81, 'tag': 'fuckamberheard'}]",
"[{'type': 'quoted', 'id': '1322671034391121921'}]",1330256877213667332,1313595835062661120,,2020-11-21T21:08:49.000Z,You can’t claim to be an activist and simultaneously be an abuser. Having two brothers who were victims of domestic violence this woman irks me to my core in such an inexplicable way. https://t.co/GOmEC92gqR,Twitter for iPhone,en,"[{'start': 184, 'end': 207, 'url': 'https://t.co/GOmEC92gqR', 'expanded_url': 'https://twitter.com/realamberheard/status/1322671034391121921', 'display_url': 'twitter.com/realamberheard…'}]",,0,1,3,0,1322671034391121921,"[{'start': 10, 'end': 15, 'probability': 0.936, 'type': 'Place', 'normalized_text': 'Warsaw'}]","[{'start': 155, 'end': 178, 'url': 'https://t.co/4sxYiRnrhW', 'expanded_url': 'https://www.nytimes.com/2020/10/27/world/europe/poland-abortion-ruling-protests.html?referringSource=articleShare', 'display_url': 'nytimes.com/2020/10/27/wor…', 'status': 200, 'unwound_url': 'https://www.nytimes.com/2020/10/27/world/europe/poland-abortion-ruling-protests.html?referringSource=articleShare'}]","[{'start': 144, 'end': 152, 'username': 'nytimes', 'id': '807095'}]",807003567605227520,2020-10-31T22:45:23.000Z,Right now Warsaw is the theatre of massive protests and manifestations for those who are fighting on behalf of reproductive rights and freedom ⁦@nytimes⁩  https://t.co/4sxYiRnrhW,53,863,576,41,Twitter for iPhone,en,"Los Angeles, CA",2016-12-08T23:26:58.000Z,https://pbs.twimg.com/profile_images/1383196364792680448/N8CdupEu_normal.jpg,190336,220,1149,567,https://t.co/Ze18Ek9SOI,807003567605227520,Amber Heard,realamberheard,"Actor and Activist, semi-professional disruptor, ice cream advocate and shameless teacup yorkie-lover",360 LAKEWALK,2020-10-06T21:43:56.000Z,https://pbs.twimg.com/profile_images/1490421697782198282/x6ErNFdB_normal.jpg,60,326,4300,0,https://t.co/9XpLIMQUVu,1313595835062661120,ENOUGHTOGETBY,FuckingJacob,18🇲🇽 virgin alternative hip hop artist 360 LAKEWALK,,
"[{'type': 'quoted', 'id': '1322671034391121921'}]",1326590397003358208,908555023352659968,,2020-11-11T18:19:32.000Z,Lmao this bitch is an activist of fucking course. Remember boys and men let this be lesson to us all. https://t.co/d6e3eoJbE0,Twitter Web App,en,"[{'start': 102, 'end': 125, 'url': 'https://t.co/d6e3eoJbE0', 'expanded_url': 'https://twitter.com/realamberheard/status/1322671034391121921', 'display_url': 'twitter.com/realamberheard…'}]",,0,0,0,0,1322671034391121921,"[{'start': 10, 'end': 15, 'probability': 0.936, 'type': 'Place', 'normalized_text': 'Warsaw'}]","[{'start': 155, 'end': 178, 'url': 'https://t.co/4sxYiRnrhW', 'expanded_url': 'https://www.nytimes.com/2020/10/27/world/europe/poland-abortion-ruling-protests.html?referringSource=articleShare', 'display_url': 'nytimes.com/2020/10/27/wor…', 'status': 200, 'unwound_url': 'https://www.nytimes.com/2020/10/27/world/europe/poland-abortion-ruling-protests.html?referringSource=articleShare'}]","[{'start': 144, 'end': 152, 'username': 'nytimes', 'id': '807095'}]",807003567605227520,2020-10-31T22:45:23.000Z,Right now Warsaw is the theatre of massive protests and manifestations for those who are fighting on behalf of reproductive rights and freedom ⁦@nytimes⁩  https://t.co/4sxYiRnrhW,53,863,576,41,Twitter for iPhone,en,"Los Angeles, CA",2016-12-08T23:26:58.000Z,https://pbs.twimg.com/profile_images/1383196364792680448/N8CdupEu_normal.jpg,190336,220,1149,567,https://t.co/Ze18Ek9SOI,807003567605227520,Amber Heard,realamberheard,"Actor and Activist, semi-professional disruptor, ice cream advocate and shameless teacup yorkie-lover",,2017-09-15T04:56:12.000Z,https://pbs.twimg.com/profile_images/1496591312434442246/w1G6xSuP_normal.jpg,124,328,17840,0,,908555023352659968,🚜🌻🇺🇦Fulgrims3rdNut🇺🇦🌻🚜,Fulgrims3rdNut,Irish-Ukrainian that lives in Canuck land//Socdem//Tankies fuck off,,
"[{'type': 'retweeted', 'id': '1323268480167256069'}]",1324630529531170818,868400996195729408,,2020-11-06T08:31:43.000Z,"RT @PKpopiara: Odezwała się baba, która była domowym przemocowcem. Śmiać mi się chce. xD",Twitter for Android,pl,,"[{'start': 3, 'end': 13, 'username': 'PKpopiara', 'id': '1269192517968367623'}]",6,0,0,0,1322671034391121921,"[{'start': 10, 'end': 15, 'probability': 0.936, 'type': 'Place', 'normalized_text': 'Warsaw'}]","[{'start': 155, 'end': 178, 'url': 'https://t.co/4sxYiRnrhW', 'expanded_url': 'https://www.nytimes.com/2020/10/27/world/europe/poland-abortion-ruling-protests.html?referringSource=articleShare', 'display_url': 'nytimes.com/2020/10/27/wor…', 'status': 200, 'unwound_url': 'https://www.nytimes.com/2020/10/27/world/europe/poland-abortion-ruling-protests.html?referringSource=articleShare'}]","[{'start': 144, 'end': 152, 'username': 'nytimes', 'id': '807095'}]",807003567605227520,2020-10-31T22:45:23.000Z,Right now Warsaw is the theatre of massive protests and manifestations for those who are fighting on behalf of reproductive rights and freedom ⁦@nytimes⁩  https://t.co/4sxYiRnrhW,53,863,576,41,Twitter for iPhone,en,"Los Angeles, CA",2016-12-08T23:26:58.000Z,https://pbs.twimg.com/profile_images/1383196364792680448/N8CdupEu_normal.jpg,190336,220,1149,567,https://t.co/Ze18Ek9SOI,807003567605227520,Amber Heard,realamberheard,"Actor and Activist, semi-professional disruptor, ice cream advocate and shameless teacup yorkie-lover","Lubartów, Polska",2017-05-27T09:38:26.000Z,https://pbs.twimg.com/profile_images/1325793060563931141/HQkl_dEd_normal.jpg,52,207,411,0,,868400996195729408,ShosheeSheese,Soshee_000,😈,,
"[{'type': 'quoted', 'id': '1322671034391121921'}]",1323683710856822786,1312832889399250945,,2020-11-03T17:49:24.000Z,Shit https://t.co/ZdVHL8EJeL,Twitter for Android,en,"[{'start': 5, 'end': 28, 'url': 'https://t.co/ZdVHL8EJeL', 'expanded_url': 'https://twitter.com/realamberheard/status/1322671034391121921', 'display_url': 'twitter.com/realamberheard…'}]",,0,0,0,0,1322671034391121921,"[{'start': 10, 'end': 15, 'probability': 0.936, 'type': 'Place', 'normalized_text': 'Warsaw'}]","[{'start': 155, 'end': 178, 'url': 'https://t.co/4sxYiRnrhW', 'expanded_url': 'https://www.nytimes.com/2020/10/27/world/europe/poland-abortion-ruling-protests.html?referringSource=articleShare', 'display_url': 'nytimes.com/2020/10/27/wor…', 'status': 200, 'unwound_url': 'https://www.nytimes.com/2020/10/27/world/europe/poland-abortion-ruling-protests.html?referringSource=articleShare'}]","[{'start': 144, 'end': 152, 'username': 'nytimes', 'id': '807095'}]",807003567605227520,2020-10-31T22:45:23.000Z,Right now Warsaw is the theatre of massive protests and manifestations for those who are fighting on behalf of reproductive rights and freedom ⁦@nytimes⁩  https://t.co/4sxYiRnrhW,53,863,576,41,Twitter for iPhone,en,"Los Angeles, CA",2016-12-08T23:26:58.000Z,https://pbs.twimg.com/profile_images/1383196364792680448/N8CdupEu_normal.jpg,190336,220,1149,567,https://t.co/Ze18Ek9SOI,807003567605227520,Amber Heard,realamberheard,"Actor and Activist, semi-professional disruptor, ice cream advocate and shameless teacup yorkie-lover",,2020-10-04T19:12:20.000Z,https://abs.twimg.com/sticky/default_profile_images/default_profile_normal.png,0,1,1,0,,1312832889399250945,MiKal,MiKal75930210,,,
"[{'type': 'quoted', 'id': '1322671034391121921'}]",1323675539148886016,1292235403999707136,,2020-11-03T17:16:55.000Z,"You abuse both men AND women, how dare you call yourself an activist?!

#AmberHeardIsAnAbuser https://t.co/ZQ0d2HfSw2",Twitter for Android,en,"[{'start': 94, 'end': 117, 'url': 'https://t.co/ZQ0d2HfSw2', 'expanded_url': 'https://twitter.com/realamberheard/status/1322671034391121921', 'display_url': 'twitter.com/realamberheard…'}]",,0,0,0,0,1322671034391121921,"[{'start': 10, 'end': 15, 'probability': 0.936, 'type': 'Place', 'normalized_text': 'Warsaw'}]","[{'start': 155, 'end': 178, 'url': 'https://t.co/4sxYiRnrhW', 'expanded_url': 'https://www.nytimes.com/2020/10/27/world/europe/poland-abortion-ruling-protests.html?referringSource=articleShare', 'display_url': 'nytimes.com/2020/10/27/wor…', 'status': 200, 'unwound_url': 'https://www.nytimes.com/2020/10/27/world/europe/poland-abortion-ruling-protests.html?referringSource=articleShare'}]","[{'start': 144, 'end': 152, 'username': 'nytimes', 'id': '807095'}]",807003567605227520,2020-10-31T22:45:23.000Z,Right now Warsaw is the theatre of massive protests and manifestations for those who are fighting on behalf of reproductive rights and freedom ⁦@nytimes⁩  https://t.co/4sxYiRnrhW,53,863,576,41,Twitter for iPhone,en,"Los Angeles, CA",2016-12-08T23:26:58.000Z,https://pbs.twimg.com/profile_images/1383196364792680448/N8CdupEu_normal.jpg,190336,220,1149,567,https://t.co/Ze18Ek9SOI,807003567605227520,Amber Heard,realamberheard,"Actor and Activist, semi-professional disruptor, ice cream advocate and shameless teacup yorkie-lover",,2020-08-08T23:06:01.000Z,https://pbs.twimg.com/profile_images/1295401060882878465/wC1vus1f_normal.jpg,77,80,10539,0,,1292235403999707136,Wild Fae 🌈,PepperPink3,"Centrist Witch. CHAOS UNLEASHED. #KeepItOn #EndSARS 
🌺 Atheist 🌺 Bi 🌺 Alternating Goth.","[{'start': 72, 'end': 93, 'tag': 'AmberHeardIsAnAbuser'}]",
"[{'type': 'retweeted', 'id': '1323268480167256069'}]",1323534426630926336,629231180,,2020-11-03T07:56:12.000Z,"RT @PKpopiara: Odezwała się baba, która była domowym przemocowcem. Śmiać mi się chce. xD",Twitter for iPhone,pl,,"[{'start': 3, 'end': 13, 'username': 'PKpopiara', 'id': '1269192517968367623'}]",6,0,0,0,1322671034391121921,"[{'start': 10, 'end': 15, 'probability': 0.936, 'type': 'Place', 'normalized_text': 'Warsaw'}]","[{'start': 155, 'end': 178, 'url': 'https://t.co/4sxYiRnrhW', 'expanded_url': 'https://www.nytimes.com/2020/10/27/world/europe/poland-abortion-ruling-protests.html?referringSource=articleShare', 'display_url': 'nytimes.com/2020/10/27/wor…', 'status': 200, 'unwound_url': 'https://www.nytimes.com/2020/10/27/world/europe/poland-abortion-ruling-protests.html?referringSource=articleShare'}]","[{'start': 144, 'end': 152, 'username': 'nytimes', 'id': '807095'}]",807003567605227520,2020-10-31T22:45:23.000Z,Right now Warsaw is the theatre of massive protests and manifestations for those who are fighting on behalf of reproductive rights and freedom ⁦@nytimes⁩  https://t.co/4sxYiRnrhW,53,863,576,41,Twitter for iPhone,en,"Los Angeles, CA",2016-12-08T23:26:58.000Z,https://pbs.twimg.com/profile_images/1383196364792680448/N8CdupEu_normal.jpg,190336,220,1149,567,https://t.co/Ze18Ek9SOI,807003567605227520,Amber Heard,realamberheard,"Actor and Activist, semi-professional disruptor, ice cream advocate and shameless teacup yorkie-lover",,2012-07-07T11:05:13.000Z,https://pbs.twimg.com/profile_images/899583799096475648/IQ5hn4g1_normal.jpg,2696,3222,73500,7,,629231180,natka,gomezscutie,,,
"[{'type': 'retweeted', 'id': '1323268480167256069'}]",1323534229356093440,1058375814,,2020-11-03T07:55:25.000Z,"RT @PKpopiara: Odezwała się baba, która była domowym przemocowcem. Śmiać mi się chce. xD",Twitter for Android,pl,,"[{'start': 3, 'end': 13, 'username': 'PKpopiara', 'id': '1269192517968367623'}]",6,0,0,0,1322671034391121921,"[{'start': 10, 'end': 15, 'probability': 0.936, 'type': 'Place', 'normalized_text': 'Warsaw'}]","[{'start': 155, 'end': 178, 'url': 'https://t.co/4sxYiRnrhW', 'expanded_url': 'https://www.nytimes.com/2020/10/27/world/europe/poland-abortion-ruling-protests.html?referringSource=articleShare', 'display_url': 'nytimes.com/2020/10/27/wor…', 'status': 200, 'unwound_url': 'https://www.nytimes.com/2020/10/27/world/europe/poland-abortion-ruling-protests.html?referringSource=articleShare'}]","[{'start': 144, 'end': 152, 'username': 'nytimes', 'id': '807095'}]",807003567605227520,2020-10-31T22:45:23.000Z,Right now Warsaw is the theatre of massive protests and manifestations for those who are fighting on behalf of reproductive rights and freedom ⁦@nytimes⁩  https://t.co/4sxYiRnrhW,53,863,576,41,Twitter for iPhone,en,"Los Angeles, CA",2016-12-08T23:26:58.000Z,https://pbs.twimg.com/profile_images/1383196364792680448/N8CdupEu_normal.jpg,190336,220,1149,567,https://t.co/Ze18Ek9SOI,807003567605227520,Amber Heard,realamberheard,"Actor and Activist, semi-professional disruptor, ice cream advocate and shameless teacup yorkie-lover",Asgard,2013-01-03T17:52:34.000Z,https://pbs.twimg.com/profile_images/1232778274440347648/Kxs9aRN2_normal.jpg,1156,1385,102401,4,,1058375814,missmischief💙💛,JustLaughAgainx,×,,
"[{'type': 'quoted', 'id': '1322671034391121921'}]",1323463145235443712,1291929257279537152,,2020-11-03T03:12:57.000Z,Ironic. Abuser. https://t.co/vHkEFzxSxP,Twitter for iPhone,en,"[{'start': 16, 'end': 39, 'url': 'https://t.co/vHkEFzxSxP', 'expanded_url': 'https://twitter.com/realamberheard/status/1322671034391121921', 'display_url': 'twitter.com/realamberheard…'}]",,0,0,2,0,1322671034391121921,"[{'start': 10, 'end': 15, 'probability': 0.936, 'type': 'Place', 'normalized_text': 'Warsaw'}]","[{'start': 155, 'end': 178, 'url': 'https://t.co/4sxYiRnrhW', 'expanded_url': 'https://www.nytimes.com/2020/10/27/world/europe/poland-abortion-ruling-protests.html?referringSource=articleShare', 'display_url': 'nytimes.com/2020/10/27/wor…', 'status': 200, 'unwound_url': 'https://www.nytimes.com/2020/10/27/world/europe/poland-abortion-ruling-protests.html?referringSource=articleShare'}]","[{'start': 144, 'end': 152, 'username': 'nytimes', 'id': '807095'}]",807003567605227520,2020-10-31T22:45:23.000Z,Right now Warsaw is the theatre of massive protests and manifestations for those who are fighting on behalf of reproductive rights and freedom ⁦@nytimes⁩  https://t.co/4sxYiRnrhW,53,863,576,41,Twitter for iPhone,en,"Los Angeles, CA",2016-12-08T23:26:58.000Z,https://pbs.twimg.com/profile_images/1383196364792680448/N8CdupEu_normal.jpg,190336,220,1149,567,https://t.co/Ze18Ek9SOI,807003567605227520,Amber Heard,realamberheard,"Actor and Activist, semi-professional disruptor, ice cream advocate and shameless teacup yorkie-lover",,2020-08-08T02:49:37.000Z,https://pbs.twimg.com/profile_images/1291930180659732480/aqrFv9UL_normal.jpg,1,24,699,0,,1291929257279537152,al,hellomrsbright,🐺🐰,,
"[{'type': 'quoted', 'id': '1322671034391121921'}]",1323415727341244418,1066159799262474240,,2020-11-03T00:04:31.000Z,Tambien aprovecho para decir que sos una hija de re mil puta https://t.co/2PjjUFIzxo,Twitter for Android,es,"[{'start': 61, 'end': 84, 'url': 'https://t.co/2PjjUFIzxo', 'expanded_url': 'https://twitter.com/realamberheard/status/1322671034391121921', 'display_url': 'twitter.com/realamberheard…'}]",,0,0,0,0,1322671034391121921,"[{'start': 10, 'end': 15, 'probability': 0.936, 'type': 'Place', 'normalized_text': 'Warsaw'}]","[{'start': 155, 'end': 178, 'url': 'https://t.co/4sxYiRnrhW', 'expanded_url': 'https://www.nytimes.com/2020/10/27/world/europe/poland-abortion-ruling-protests.html?referringSource=articleShare', 'display_url': 'nytimes.com/2020/10/27/wor…', 'status': 200, 'unwound_url': 'https://www.nytimes.com/2020/10/27/world/europe/poland-abortion-ruling-protests.html?referringSource=articleShare'}]","[{'start': 144, 'end': 152, 'username': 'nytimes', 'id': '807095'}]",807003567605227520,2020-10-31T22:45:23.000Z,Right now Warsaw is the theatre of massive protests and manifestations for those who are fighting on behalf of reproductive rights and freedom ⁦@nytimes⁩  https://t.co/4sxYiRnrhW,53,863,576,41,Twitter for iPhone,en,"Los Angeles, CA",2016-12-08T23:26:58.000Z,https://pbs.twimg.com/profile_images/1383196364792680448/N8CdupEu_normal.jpg,190336,220,1149,567,https://t.co/Ze18Ek9SOI,807003567605227520,Amber Heard,realamberheard,"Actor and Activist, semi-professional disruptor, ice cream advocate and shameless teacup yorkie-lover",Argentina,2018-11-24T02:41:19.000Z,https://pbs.twimg.com/profile_images/1446216498066993152/5ZoeQll1_normal.jpg,184,356,5781,0,,1066159799262474240,El Jinete de Apocalipsis,Lawofthevault1,equis men tururu rururu ru,,
"[{'type': 'quoted', 'id': '1322671034391121921'}]",1323386223675793414,1027664877748473858,,2020-11-02T22:07:17.000Z,"You: beats and gaslights husband to the point where he has to have his friends in the room while you’re present

Also you: look at these women being oppressed! https://t.co/LLWH2Zo61x",Twitter for iPhone,en,"[{'start': 160, 'end': 183, 'url': 'https://t.co/LLWH2Zo61x', 'expanded_url': 'https://twitter.com/realamberheard/status/1322671034391121921', 'display_url': 'twitter.com/realamberheard…'}]",,0,0,1,0,1322671034391121921,"[{'start': 10, 'end': 15, 'probability': 0.936, 'type': 'Place', 'normalized_text': 'Warsaw'}]","[{'start': 155, 'end': 178, 'url': 'https://t.co/4sxYiRnrhW', 'expanded_url': 'https://www.nytimes.com/2020/10/27/world/europe/poland-abortion-ruling-protests.html?referringSource=articleShare', 'display_url': 'nytimes.com/2020/10/27/wor…', 'status': 200, 'unwound_url': 'https://www.nytimes.com/2020/10/27/world/europe/poland-abortion-ruling-protests.html?referringSource=articleShare'}]","[{'start': 144, 'end': 152, 'username': 'nytimes', 'id': '807095'}]",807003567605227520,2020-10-31T22:45:23.000Z,Right now Warsaw is the theatre of massive protests and manifestations for those who are fighting on behalf of reproductive rights and freedom ⁦@nytimes⁩  https://t.co/4sxYiRnrhW,53,863,576,41,Twitter for iPhone,en,"Los Angeles, CA",2016-12-08T23:26:58.000Z,https://pbs.twimg.com/profile_images/1383196364792680448/N8CdupEu_normal.jpg,190336,220,1149,567,https://t.co/Ze18Ek9SOI,807003567605227520,Amber Heard,realamberheard,"Actor and Activist, semi-professional disruptor, ice cream advocate and shameless teacup yorkie-lover","Michigan, USA",2018-08-09T21:16:14.000Z,https://pbs.twimg.com/profile_images/1482779848607244292/VnqrKR00_normal.jpg,169,600,9412,5,https://t.co/m9GmZ8Xzw5,1027664877748473858,CaptainDaddyXL🐝,captaindaddyxl,I be Aaron || he/him || OW coach with Club Esports at WMU #LetsRide || prog post-hardcore/mathcore/jazz-fusion nut || Detroit sports || views are 100% my own ||,,
"[{'type': 'retweeted', 'id': '1323268480167256069'}]",1323361020635729923,901489037571235840,,2020-11-02T20:27:08.000Z,"RT @PKpopiara: Odezwała się baba, która była domowym przemocowcem. Śmiać mi się chce. xD",Twitter for Android,pl,,"[{'start': 3, 'end': 13, 'username': 'PKpopiara', 'id': '1269192517968367623'}]",6,0,0,0,1322671034391121921,"[{'start': 10, 'end': 15, 'probability': 0.936, 'type': 'Place', 'normalized_text': 'Warsaw'}]","[{'start': 155, 'end': 178, 'url': 'https://t.co/4sxYiRnrhW', 'expanded_url': 'https://www.nytimes.com/2020/10/27/world/europe/poland-abortion-ruling-protests.html?referringSource=articleShare', 'display_url': 'nytimes.com/2020/10/27/wor…', 'status': 200, 'unwound_url': 'https://www.nytimes.com/2020/10/27/world/europe/poland-abortion-ruling-protests.html?referringSource=articleShare'}]","[{'start': 144, 'end': 152, 'username': 'nytimes', 'id': '807095'}]",807003567605227520,2020-10-31T22:45:23.000Z,Right now Warsaw is the theatre of massive protests and manifestations for those who are fighting on behalf of reproductive rights and freedom ⁦@nytimes⁩  https://t.co/4sxYiRnrhW,53,863,576,41,Twitter for iPhone,en,"Los Angeles, CA",2016-12-08T23:26:58.000Z,https://pbs.twimg.com/profile_images/1383196364792680448/N8CdupEu_normal.jpg,190336,220,1149,567,https://t.co/Ze18Ek9SOI,807003567605227520,Amber Heard,realamberheard,"Actor and Activist, semi-professional disruptor, ice cream advocate and shameless teacup yorkie-lover",,2017-08-26T16:58:30.000Z,https://pbs.twimg.com/profile_images/1320679595599892482/934jjsz9_normal.jpg,567,603,8578,0,,901489037571235840,w,xzywa,,,
"[{'type': 'quoted', 'id': '1322671034391121921'}]",1323308023952134145,1243508730651500544,,2020-11-02T16:56:33.000Z,hell is filled with people like you 🖕🏻 https://t.co/18dkYqPq2X,Twitter for Android,en,"[{'start': 39, 'end': 62, 'url': 'https://t.co/18dkYqPq2X', 'expanded_url': 'https://twitter.com/realamberheard/status/1322671034391121921', 'display_url': 'twitter.com/realamberheard…'}]",,0,0,2,0,1322671034391121921,"[{'start': 10, 'end': 15, 'probability': 0.936, 'type': 'Place', 'normalized_text': 'Warsaw'}]","[{'start': 155, 'end': 178, 'url': 'https://t.co/4sxYiRnrhW', 'expanded_url': 'https://www.nytimes.com/2020/10/27/world/europe/poland-abortion-ruling-protests.html?referringSource=articleShare', 'display_url': 'nytimes.com/2020/10/27/wor…', 'status': 200, 'unwound_url': 'https://www.nytimes.com/2020/10/27/world/europe/poland-abortion-ruling-protests.html?referringSource=articleShare'}]","[{'start': 144, 'end': 152, 'username': 'nytimes', 'id': '807095'}]",807003567605227520,2020-10-31T22:45:23.000Z,Right now Warsaw is the theatre of massive protests and manifestations for those who are fighting on behalf of reproductive rights and freedom ⁦@nytimes⁩  https://t.co/4sxYiRnrhW,53,863,576,41,Twitter for iPhone,en,"Los Angeles, CA",2016-12-08T23:26:58.000Z,https://pbs.twimg.com/profile_images/1383196364792680448/N8CdupEu_normal.jpg,190336,220,1149,567,https://t.co/Ze18Ek9SOI,807003567605227520,Amber Heard,realamberheard,"Actor and Activist, semi-professional disruptor, ice cream advocate and shameless teacup yorkie-lover",,2020-03-27T12:02:52.000Z,https://pbs.twimg.com/profile_images/1369567656907599872/tEjMEGDM_normal.jpg,133,417,2687,0,,1243508730651500544,Arezoo ❤,arezooshine99,"B.S:medical Radiation &   M.S: Nuclear Physics
married💍",,
"[{'type': 'retweeted', 'id': '1323268480167256069'}]",1323269239097184256,1243626283893915650,,2020-11-02T14:22:26.000Z,"RT @PKpopiara: Odezwała się baba, która była domowym przemocowcem. Śmiać mi się chce. xD https://t.co/brE4Dt7uhz",Twitter Web App,pl,"[{'start': 89, 'end': 112, 'url': 'https://t.co/brE4Dt7uhz', 'expanded_url': 'https://twitter.com/realamberheard/status/1322671034391121921', 'display_url': 'twitter.com/realamberheard…'}]","[{'start': 3, 'end': 13, 'username': 'PKpopiara', 'id': '1269192517968367623'}]",6,0,0,0,1322671034391121921,"[{'start': 10, 'end': 15, 'probability': 0.936, 'type': 'Place', 'normalized_text': 'Warsaw'}]","[{'start': 155, 'end': 178, 'url': 'https://t.co/4sxYiRnrhW', 'expanded_url': 'https://www.nytimes.com/2020/10/27/world/europe/poland-abortion-ruling-protests.html?referringSource=articleShare', 'display_url': 'nytimes.com/2020/10/27/wor…', 'status': 200, 'unwound_url': 'https://www.nytimes.com/2020/10/27/world/europe/poland-abortion-ruling-protests.html?referringSource=articleShare'}]","[{'start': 144, 'end': 152, 'username': 'nytimes', 'id': '807095'}]",807003567605227520,2020-10-31T22:45:23.000Z,Right now Warsaw is the theatre of massive protests and manifestations for those who are fighting on behalf of reproductive rights and freedom ⁦@nytimes⁩  https://t.co/4sxYiRnrhW,53,863,576,41,Twitter for iPhone,en,"Los Angeles, CA",2016-12-08T23:26:58.000Z,https://pbs.twimg.com/profile_images/1383196364792680448/N8CdupEu_normal.jpg,190336,220,1149,567,https://t.co/Ze18Ek9SOI,807003567605227520,Amber Heard,realamberheard,"Actor and Activist, semi-professional disruptor, ice cream advocate and shameless teacup yorkie-lover",,2020-03-27T19:49:55.000Z,https://pbs.twimg.com/profile_images/1477582928397975552/qLIFNt-H_normal.jpg,696,1072,25338,3,,1243626283893915650,Wh4tc0l0ur,Wh4tC0l0ur,I never quite realized... how beautiful this world is.,,
"[{'type': 'quoted', 'id': '1322671034391121921'}]",1323268480167256069,1269192517968367623,,2020-11-02T14:19:25.000Z,"Odezwała się baba, która była domowym przemocowcem. Śmiać mi się chce. xD https://t.co/brE4Dt7uhz",Twitter for Android,pl,"[{'start': 74, 'end': 97, 'url': 'https://t.co/brE4Dt7uhz', 'expanded_url': 'https://twitter.com/realamberheard/status/1322671034391121921', 'display_url': 'twitter.com/realamberheard…'}]",,6,5,70,0,1322671034391121921,"[{'start': 10, 'end': 15, 'probability': 0.936, 'type': 'Place', 'normalized_text': 'Warsaw'}]","[{'start': 155, 'end': 178, 'url': 'https://t.co/4sxYiRnrhW', 'expanded_url': 'https://www.nytimes.com/2020/10/27/world/europe/poland-abortion-ruling-protests.html?referringSource=articleShare', 'display_url': 'nytimes.com/2020/10/27/wor…', 'status': 200, 'unwound_url': 'https://www.nytimes.com/2020/10/27/world/europe/poland-abortion-ruling-protests.html?referringSource=articleShare'}]","[{'start': 144, 'end': 152, 'username': 'nytimes', 'id': '807095'}]",807003567605227520,2020-10-31T22:45:23.000Z,Right now Warsaw is the theatre of massive protests and manifestations for those who are fighting on behalf of reproductive rights and freedom ⁦@nytimes⁩  https://t.co/4sxYiRnrhW,53,863,576,41,Twitter for iPhone,en,"Los Angeles, CA",2016-12-08T23:26:58.000Z,https://pbs.twimg.com/profile_images/1383196364792680448/N8CdupEu_normal.jpg,190336,220,1149,567,https://t.co/Ze18Ek9SOI,807003567605227520,Amber Heard,realamberheard,"Actor and Activist, semi-professional disruptor, ice cream advocate and shameless teacup yorkie-lover",,2020-06-06T09:01:05.000Z,https://pbs.twimg.com/profile_images/1494309011583287302/fdF5sWZG_normal.jpg,9513,5810,70092,75,,1269192517968367623,⏚ Prawacka kpopiara ✝ 🇵🇱 🇻🇦💙💛,PKpopiara,"Porzućcie wszelką nadzieję, wy, którzy tu wchodzicie i bierzecie moje wpisy na serio.",,
"[{'type': 'quoted', 'id': '1322671034391121921'}]",1323242714310336514,1323237949224484864,,2020-11-02T12:37:02.000Z,"Go lie more, #JusticeForJohnnyDepp #boycottthesun https://t.co/6rh8eObtt3",Twitter Web App,en,"[{'start': 50, 'end': 73, 'url': 'https://t.co/6rh8eObtt3', 'expanded_url': 'https://twitter.com/realamberheard/status/1322671034391121921', 'display_url': 'twitter.com/realamberheard…'}]",,0,0,0,0,1322671034391121921,"[{'start': 10, 'end': 15, 'probability': 0.936, 'type': 'Place', 'normalized_text': 'Warsaw'}]","[{'start': 155, 'end': 178, 'url': 'https://t.co/4sxYiRnrhW', 'expanded_url': 'https://www.nytimes.com/2020/10/27/world/europe/poland-abortion-ruling-protests.html?referringSource=articleShare', 'display_url': 'nytimes.com/2020/10/27/wor…', 'status': 200, 'unwound_url': 'https://www.nytimes.com/2020/10/27/world/europe/poland-abortion-ruling-protests.html?referringSource=articleShare'}]","[{'start': 144, 'end': 152, 'username': 'nytimes', 'id': '807095'}]",807003567605227520,2020-10-31T22:45:23.000Z,Right now Warsaw is the theatre of massive protests and manifestations for those who are fighting on behalf of reproductive rights and freedom ⁦@nytimes⁩  https://t.co/4sxYiRnrhW,53,863,576,41,Twitter for iPhone,en,"Los Angeles, CA",2016-12-08T23:26:58.000Z,https://pbs.twimg.com/profile_images/1383196364792680448/N8CdupEu_normal.jpg,190336,220,1149,567,https://t.co/Ze18Ek9SOI,807003567605227520,Amber Heard,realamberheard,"Actor and Activist, semi-professional disruptor, ice cream advocate and shameless teacup yorkie-lover",,2020-11-02T12:18:20.000Z,https://abs.twimg.com/sticky/default_profile_images/default_profile_normal.png,1,3,16,0,,1323237949224484864,MattVichy,MattVichy,"Big fan of Johnny DEPP
#JusticeForJohnnyDepp","[{'start': 13, 'end': 34, 'tag': 'JusticeForJohnnyDepp'}, {'start': 35, 'end': 49, 'tag': 'boycottthesun'}]",
"[{'type': 'quoted', 'id': '1322671034391121921'}]",1323239495874039808,956247932843511809,,2020-11-02T12:24:15.000Z,Stop using polish women in your stupid case u psycho. We all don't want you in here because we know what you did. https://t.co/vFCY9XYzv2,Twitter for Android,en,"[{'start': 114, 'end': 137, 'url': 'https://t.co/vFCY9XYzv2', 'expanded_url': 'https://twitter.com/realamberheard/status/1322671034391121921', 'display_url': 'twitter.com/realamberheard…'}]",,0,0,2,0,1322671034391121921,"[{'start': 10, 'end': 15, 'probability': 0.936, 'type': 'Place', 'normalized_text': 'Warsaw'}]","[{'start': 155, 'end': 178, 'url': 'https://t.co/4sxYiRnrhW', 'expanded_url': 'https://www.nytimes.com/2020/10/27/world/europe/poland-abortion-ruling-protests.html?referringSource=articleShare', 'display_url': 'nytimes.com/2020/10/27/wor…', 'status': 200, 'unwound_url': 'https://www.nytimes.com/2020/10/27/world/europe/poland-abortion-ruling-protests.html?referringSource=articleShare'}]","[{'start': 144, 'end': 152, 'username': 'nytimes', 'id': '807095'}]",807003567605227520,2020-10-31T22:45:23.000Z,Right now Warsaw is the theatre of massive protests and manifestations for those who are fighting on behalf of reproductive rights and freedom ⁦@nytimes⁩  https://t.co/4sxYiRnrhW,53,863,576,41,Twitter for iPhone,en,"Los Angeles, CA",2016-12-08T23:26:58.000Z,https://pbs.twimg.com/profile_images/1383196364792680448/N8CdupEu_normal.jpg,190336,220,1149,567,https://t.co/Ze18Ek9SOI,807003567605227520,Amber Heard,realamberheard,"Actor and Activist, semi-professional disruptor, ice cream advocate and shameless teacup yorkie-lover",ur mom's pussy,2018-01-24T19:30:48.000Z,https://pbs.twimg.com/profile_images/1342069842468335616/tIMl20uM_normal.jpg,75,41,1714,0,https://t.co/j9UZKzRmh5,956247932843511809,하나,BW0NSAMDI,but do not make promises your body cannot keep,,
"[{'type': 'quoted', 'id': '1322671034391121921'}]",1323229730028466178,1024592246627127296,,2020-11-02T11:45:26.000Z,Go to fcking hell. https://t.co/JcSaUH7IEK,Twitter for Android,en,"[{'start': 19, 'end': 42, 'url': 'https://t.co/JcSaUH7IEK', 'expanded_url': 'https://twitter.com/realamberheard/status/1322671034391121921', 'display_url': 'twitter.com/realamberheard…'}]",,0,0,2,0,1322671034391121921,"[{'start': 10, 'end': 15, 'probability': 0.936, 'type': 'Place', 'normalized_text': 'Warsaw'}]","[{'start': 155, 'end': 178, 'url': 'https://t.co/4sxYiRnrhW', 'expanded_url': 'https://www.nytimes.com/2020/10/27/world/europe/poland-abortion-ruling-protests.html?referringSource=articleShare', 'display_url': 'nytimes.com/2020/10/27/wor…', 'status': 200, 'unwound_url': 'https://www.nytimes.com/2020/10/27/world/europe/poland-abortion-ruling-protests.html?referringSource=articleShare'}]","[{'start': 144, 'end': 152, 'username': 'nytimes', 'id': '807095'}]",807003567605227520,2020-10-31T22:45:23.000Z,Right now Warsaw is the theatre of massive protests and manifestations for those who are fighting on behalf of reproductive rights and freedom ⁦@nytimes⁩  https://t.co/4sxYiRnrhW,53,863,576,41,Twitter for iPhone,en,"Los Angeles, CA",2016-12-08T23:26:58.000Z,https://pbs.twimg.com/profile_images/1383196364792680448/N8CdupEu_normal.jpg,190336,220,1149,567,https://t.co/Ze18Ek9SOI,807003567605227520,Amber Heard,realamberheard,"Actor and Activist, semi-professional disruptor, ice cream advocate and shameless teacup yorkie-lover",,2018-08-01T09:46:42.000Z,https://pbs.twimg.com/profile_images/1468589605490286593/4fLnt2wH_normal.jpg,683,222,40867,6,,1024592246627127296,kimbap ∞,_dalayoo,kinda ia.,,
"[{'type': 'quoted', 'id': '1322671034391121921'}]",1323219547076386816,1275306553894154241,,2020-11-02T11:04:58.000Z,This abuser is allowed to roam free by the Cocaine addled UK liar—protect your children and keep this abusive snake away from them https://t.co/Y2q8xkf3i9,Twitter for iPhone,en,"[{'start': 131, 'end': 154, 'url': 'https://t.co/Y2q8xkf3i9', 'expanded_url': 'https://twitter.com/realamberheard/status/1322671034391121921', 'display_url': 'twitter.com/realamberheard…'}]",,0,0,1,0,1322671034391121921,"[{'start': 10, 'end': 15, 'probability': 0.936, 'type': 'Place', 'normalized_text': 'Warsaw'}]","[{'start': 155, 'end': 178, 'url': 'https://t.co/4sxYiRnrhW', 'expanded_url': 'https://www.nytimes.com/2020/10/27/world/europe/poland-abortion-ruling-protests.html?referringSource=articleShare', 'display_url': 'nytimes.com/2020/10/27/wor…', 'status': 200, 'unwound_url': 'https://www.nytimes.com/2020/10/27/world/europe/poland-abortion-ruling-protests.html?referringSource=articleShare'}]","[{'start': 144, 'end': 152, 'username': 'nytimes', 'id': '807095'}]",807003567605227520,2020-10-31T22:45:23.000Z,Right now Warsaw is the theatre of massive protests and manifestations for those who are fighting on behalf of reproductive rights and freedom ⁦@nytimes⁩  https://t.co/4sxYiRnrhW,53,863,576,41,Twitter for iPhone,en,"Los Angeles, CA",2016-12-08T23:26:58.000Z,https://pbs.twimg.com/profile_images/1383196364792680448/N8CdupEu_normal.jpg,190336,220,1149,567,https://t.co/Ze18Ek9SOI,807003567605227520,Amber Heard,realamberheard,"Actor and Activist, semi-professional disruptor, ice cream advocate and shameless teacup yorkie-lover",,2020-06-23T05:56:05.000Z,https://pbs.twimg.com/profile_images/1493485829448245250/oKBjGfzp_normal.jpg,385,369,7454,1,,1275306553894154241,Johnny Lebowski,LebowskiJohnny,we live in a society where a day sober is a day wasted #JusticeforJohnnyDepp,,"[{'start': 58, 'end': 59, 'probability': 0.8563, 'type': 'Place', 'normalized_text': 'UK'}]"
"[{'type': 'retweeted', 'id': '1322673491070562305'}]",1323035000183398407,357172314,,2020-11-01T22:51:39.000Z,"RT @JoonPearlLondon: Ok but you do us a favour, do not reproduce!",Twitter for iPhone,en,,"[{'start': 3, 'end': 19, 'username': 'JoonPearlLondon', 'id': '737585733095956481'}]",6,0,0,0,1322671034391121921,"[{'start': 10, 'end': 15, 'probability': 0.936, 'type': 'Place', 'normalized_text': 'Warsaw'}]","[{'start': 155, 'end': 178, 'url': 'https://t.co/4sxYiRnrhW', 'expanded_url': 'https://www.nytimes.com/2020/10/27/world/europe/poland-abortion-ruling-protests.html?referringSource=articleShare', 'display_url': 'nytimes.com/2020/10/27/wor…', 'status': 200, 'unwound_url': 'https://www.nytimes.com/2020/10/27/world/europe/poland-abortion-ruling-protests.html?referringSource=articleShare'}]","[{'start': 144, 'end': 152, 'username': 'nytimes', 'id': '807095'}]",807003567605227520,2020-10-31T22:45:23.000Z,Right now Warsaw is the theatre of massive protests and manifestations for those who are fighting on behalf of reproductive rights and freedom ⁦@nytimes⁩  https://t.co/4sxYiRnrhW,53,863,576,41,Twitter for iPhone,en,"Los Angeles, CA",2016-12-08T23:26:58.000Z,https://pbs.twimg.com/profile_images/1383196364792680448/N8CdupEu_normal.jpg,190336,220,1149,567,https://t.co/Ze18Ek9SOI,807003567605227520,Amber Heard,realamberheard,"Actor and Activist, semi-professional disruptor, ice cream advocate and shameless teacup yorkie-lover",,2011-08-17T23:36:05.000Z,https://pbs.twimg.com/profile_images/1372651363319042048/Alzvzg_f_normal.jpg,5761,108,9126,7,,357172314,justice for johnny depp!!,sunhopepeace,johnny depp is a legend. that’s it. 🖤 (not a bot just a fan that wants justice for a beautiful human being),,
"[{'type': 'quoted', 'id': '1322671034391121921'}]",1322906189815074816,1246966359055007744,,2020-11-01T14:19:48.000Z,did your PR team tell you to tweet this amber? 😔 https://t.co/f19tDsZilL,Twitter for Android,en,"[{'start': 49, 'end': 72, 'url': 'https://t.co/f19tDsZilL', 'expanded_url': 'https://twitter.com/realamberheard/status/1322671034391121921', 'display_url': 'twitter.com/realamberheard…'}]",,0,2,8,0,1322671034391121921,"[{'start': 10, 'end': 15, 'probability': 0.936, 'type': 'Place', 'normalized_text': 'Warsaw'}]","[{'start': 155, 'end': 178, 'url': 'https://t.co/4sxYiRnrhW', 'expanded_url': 'https://www.nytimes.com/2020/10/27/world/europe/poland-abortion-ruling-protests.html?referringSource=articleShare', 'display_url': 'nytimes.com/2020/10/27/wor…', 'status': 200, 'unwound_url': 'https://www.nytimes.com/2020/10/27/world/europe/poland-abortion-ruling-protests.html?referringSource=articleShare'}]","[{'start': 144, 'end': 152, 'username': 'nytimes', 'id': '807095'}]",807003567605227520,2020-10-31T22:45:23.000Z,Right now Warsaw is the theatre of massive protests and manifestations for those who are fighting on behalf of reproductive rights and freedom ⁦@nytimes⁩  https://t.co/4sxYiRnrhW,53,863,576,41,Twitter for iPhone,en,"Los Angeles, CA",2016-12-08T23:26:58.000Z,https://pbs.twimg.com/profile_images/1383196364792680448/N8CdupEu_normal.jpg,190336,220,1149,567,https://t.co/Ze18Ek9SOI,807003567605227520,Amber Heard,realamberheard,"Actor and Activist, semi-professional disruptor, ice cream advocate and shameless teacup yorkie-lover",black // 24 // she/her // adhd,2020-04-06T01:02:12.000Z,https://pbs.twimg.com/profile_images/1500949752309071873/O8agfNs2_normal.jpg,237,450,37043,6,,1246966359055007744,ellyussy destroyer,neurodeku,dominic fike if you’re reading this i am free on thursday night.,,"[{'start': 40, 'end': 44, 'probability': 0.634, 'type': 'Person', 'normalized_text': 'amber'}]"
"[{'type': 'quoted', 'id': '1322671034391121921'}]",1322904246392598528,1246966359055007744,,2020-11-01T14:12:05.000Z,remember when she used blm to try and distract us from the fact she was being exposed as an abuser. now she's using another serious issue to try and distract y'all from tomorrow's verdict. you're so transparent amber. https://t.co/f19tDsZilL,Twitter for Android,en,"[{'start': 218, 'end': 241, 'url': 'https://t.co/f19tDsZilL', 'expanded_url': 'https://twitter.com/realamberheard/status/1322671034391121921', 'display_url': 'twitter.com/realamberheard…'}]",,0,0,7,0,1322671034391121921,"[{'start': 10, 'end': 15, 'probability': 0.936, 'type': 'Place', 'normalized_text': 'Warsaw'}]","[{'start': 155, 'end': 178, 'url': 'https://t.co/4sxYiRnrhW', 'expanded_url': 'https://www.nytimes.com/2020/10/27/world/europe/poland-abortion-ruling-protests.html?referringSource=articleShare', 'display_url': 'nytimes.com/2020/10/27/wor…', 'status': 200, 'unwound_url': 'https://www.nytimes.com/2020/10/27/world/europe/poland-abortion-ruling-protests.html?referringSource=articleShare'}]","[{'start': 144, 'end': 152, 'username': 'nytimes', 'id': '807095'}]",807003567605227520,2020-10-31T22:45:23.000Z,Right now Warsaw is the theatre of massive protests and manifestations for those who are fighting on behalf of reproductive rights and freedom ⁦@nytimes⁩  https://t.co/4sxYiRnrhW,53,863,576,41,Twitter for iPhone,en,"Los Angeles, CA",2016-12-08T23:26:58.000Z,https://pbs.twimg.com/profile_images/1383196364792680448/N8CdupEu_normal.jpg,190336,220,1149,567,https://t.co/Ze18Ek9SOI,807003567605227520,Amber Heard,realamberheard,"Actor and Activist, semi-professional disruptor, ice cream advocate and shameless teacup yorkie-lover",black // 24 // she/her // adhd,2020-04-06T01:02:12.000Z,https://pbs.twimg.com/profile_images/1500949752309071873/O8agfNs2_normal.jpg,237,450,37043,6,,1246966359055007744,ellyussy destroyer,neurodeku,dominic fike if you’re reading this i am free on thursday night.,,
"[{'type': 'retweeted', 'id': '1322704108550193153'}]",1322873976780058627,825174858833104896,,2020-11-01T12:11:48.000Z,"RT @skrshiba: もういい加減何かを気にしたり、訴えるふりをするのは止めたら？
あなたの今の立場は嘘で得た立場だって自覚して。
全てが白々しい。",Twitter for iPhone,ja,,,1,0,0,0,1322671034391121921,"[{'start': 10, 'end': 15, 'probability': 0.936, 'type': 'Place', 'normalized_text': 'Warsaw'}]","[{'start': 155, 'end': 178, 'url': 'https://t.co/4sxYiRnrhW', 'expanded_url': 'https://www.nytimes.com/2020/10/27/world/europe/poland-abortion-ruling-protests.html?referringSource=articleShare', 'display_url': 'nytimes.com/2020/10/27/wor…', 'status': 200, 'unwound_url': 'https://www.nytimes.com/2020/10/27/world/europe/poland-abortion-ruling-protests.html?referringSource=articleShare'}]","[{'start': 144, 'end': 152, 'username': 'nytimes', 'id': '807095'}]",807003567605227520,2020-10-31T22:45:23.000Z,Right now Warsaw is the theatre of massive protests and manifestations for those who are fighting on behalf of reproductive rights and freedom ⁦@nytimes⁩  https://t.co/4sxYiRnrhW,53,863,576,41,Twitter for iPhone,en,"Los Angeles, CA",2016-12-08T23:26:58.000Z,https://pbs.twimg.com/profile_images/1383196364792680448/N8CdupEu_normal.jpg,190336,220,1149,567,https://t.co/Ze18Ek9SOI,807003567605227520,Amber Heard,realamberheard,"Actor and Activist, semi-professional disruptor, ice cream advocate and shameless teacup yorkie-lover",,2017-01-28T02:53:12.000Z,https://pbs.twimg.com/profile_images/826062208308088833/Rr7YGTqP_normal.jpg,1860,1641,13154,14,,825174858833104896,Gatto Blu （ガットブル）,GattoBlu5,アニマルイラストのGatto Bluです。 ジョニー・デップ演じるジャック・スパロウ の大ファン✨ FairyTailのナツ、ONEPIECEのエースも大好きです🔥#LINEスタンプ #ジョニー・デップ #ジョニーデップ #johnnydepp https://t.co/UXd0KWUw3m…,,
"[{'type': 'quoted', 'id': '1322671034391121921'}]",1322853178652659713,1298460954481643522,,2020-11-01T10:49:09.000Z,"Please Amber, for humanity's sake stop sticking your fake humanitarian abusive nose in issues that matters to good human beings 🙏 https://t.co/rouc4qtmsf",Twitter for Android,en,"[{'start': 130, 'end': 153, 'url': 'https://t.co/rouc4qtmsf', 'expanded_url': 'https://twitter.com/realamberheard/status/1322671034391121921', 'display_url': 'twitter.com/realamberheard…'}]",,0,0,3,0,1322671034391121921,"[{'start': 10, 'end': 15, 'probability': 0.936, 'type': 'Place', 'normalized_text': 'Warsaw'}]","[{'start': 155, 'end': 178, 'url': 'https://t.co/4sxYiRnrhW', 'expanded_url': 'https://www.nytimes.com/2020/10/27/world/europe/poland-abortion-ruling-protests.html?referringSource=articleShare', 'display_url': 'nytimes.com/2020/10/27/wor…', 'status': 200, 'unwound_url': 'https://www.nytimes.com/2020/10/27/world/europe/poland-abortion-ruling-protests.html?referringSource=articleShare'}]","[{'start': 144, 'end': 152, 'username': 'nytimes', 'id': '807095'}]",807003567605227520,2020-10-31T22:45:23.000Z,Right now Warsaw is the theatre of massive protests and manifestations for those who are fighting on behalf of reproductive rights and freedom ⁦@nytimes⁩  https://t.co/4sxYiRnrhW,53,863,576,41,Twitter for iPhone,en,"Los Angeles, CA",2016-12-08T23:26:58.000Z,https://pbs.twimg.com/profile_images/1383196364792680448/N8CdupEu_normal.jpg,190336,220,1149,567,https://t.co/Ze18Ek9SOI,807003567605227520,Amber Heard,realamberheard,"Actor and Activist, semi-professional disruptor, ice cream advocate and shameless teacup yorkie-lover",Land Of The Brave,2020-08-26T03:24:29.000Z,https://pbs.twimg.com/profile_images/1440005109254066186/E-YYrxs6_normal.jpg,123,198,2075,1,,1298460954481643522,The Seed Of Truth,ToughSeed,"Johnny Depp is innocent🏴‍☠️
Free Palestine 🇵🇸",,"[{'start': 7, 'end': 11, 'probability': 0.6995, 'type': 'Person', 'normalized_text': 'Amber'}]"
"[{'type': 'quoted', 'id': '1322671034391121921'}]",1322851683773280257,1181546954775334912,,2020-11-01T10:43:13.000Z,hoist paghilom https://t.co/ZwlC3OihvY,Twitter Web App,tl,"[{'start': 15, 'end': 38, 'url': 'https://t.co/ZwlC3OihvY', 'expanded_url': 'https://twitter.com/realamberheard/status/1322671034391121921', 'display_url': 'twitter.com/realamberheard…'}]",,0,0,0,0,1322671034391121921,"[{'start': 10, 'end': 15, 'probability': 0.936, 'type': 'Place', 'normalized_text': 'Warsaw'}]","[{'start': 155, 'end': 178, 'url': 'https://t.co/4sxYiRnrhW', 'expanded_url': 'https://www.nytimes.com/2020/10/27/world/europe/poland-abortion-ruling-protests.html?referringSource=articleShare', 'display_url': 'nytimes.com/2020/10/27/wor…', 'status': 200, 'unwound_url': 'https://www.nytimes.com/2020/10/27/world/europe/poland-abortion-ruling-protests.html?referringSource=articleShare'}]","[{'start': 144, 'end': 152, 'username': 'nytimes', 'id': '807095'}]",807003567605227520,2020-10-31T22:45:23.000Z,Right now Warsaw is the theatre of massive protests and manifestations for those who are fighting on behalf of reproductive rights and freedom ⁦@nytimes⁩  https://t.co/4sxYiRnrhW,53,863,576,41,Twitter for iPhone,en,"Los Angeles, CA",2016-12-08T23:26:58.000Z,https://pbs.twimg.com/profile_images/1383196364792680448/N8CdupEu_normal.jpg,190336,220,1149,567,https://t.co/Ze18Ek9SOI,807003567605227520,Amber Heard,realamberheard,"Actor and Activist, semi-professional disruptor, ice cream advocate and shameless teacup yorkie-lover",Earth.,2019-10-08T12:28:51.000Z,https://pbs.twimg.com/profile_images/1502285246355873800/K9l9THRE_normal.jpg,120,151,11970,1,,1181546954775334912,Diyaneil Dimann,Mandiyanle,"i'm tired of my shits and dramas so i decided to worship some artists and fictional characters, 

i mean stan...",,
"[{'type': 'retweeted', 'id': '1322673491070562305'}]",1322841376288055312,1267487008911429637,,2020-11-01T10:02:15.000Z,"RT @JoonPearlLondon: Ok but you do us a favour, do not reproduce!",Twitter for Android,en,,"[{'start': 3, 'end': 19, 'username': 'JoonPearlLondon', 'id': '737585733095956481'}]",6,0,0,0,1322671034391121921,"[{'start': 10, 'end': 15, 'probability': 0.936, 'type': 'Place', 'normalized_text': 'Warsaw'}]","[{'start': 155, 'end': 178, 'url': 'https://t.co/4sxYiRnrhW', 'expanded_url': 'https://www.nytimes.com/2020/10/27/world/europe/poland-abortion-ruling-protests.html?referringSource=articleShare', 'display_url': 'nytimes.com/2020/10/27/wor…', 'status': 200, 'unwound_url': 'https://www.nytimes.com/2020/10/27/world/europe/poland-abortion-ruling-protests.html?referringSource=articleShare'}]","[{'start': 144, 'end': 152, 'username': 'nytimes', 'id': '807095'}]",807003567605227520,2020-10-31T22:45:23.000Z,Right now Warsaw is the theatre of massive protests and manifestations for those who are fighting on behalf of reproductive rights and freedom ⁦@nytimes⁩  https://t.co/4sxYiRnrhW,53,863,576,41,Twitter for iPhone,en,"Los Angeles, CA",2016-12-08T23:26:58.000Z,https://pbs.twimg.com/profile_images/1383196364792680448/N8CdupEu_normal.jpg,190336,220,1149,567,https://t.co/Ze18Ek9SOI,807003567605227520,Amber Heard,realamberheard,"Actor and Activist, semi-professional disruptor, ice cream advocate and shameless teacup yorkie-lover",,2020-06-01T16:04:06.000Z,https://pbs.twimg.com/profile_images/1456283146786385927/tmkdjzEO_normal.jpg,648,468,5295,1,,1267487008911429637,Nada | ندى,MyLovely_Depp,"Here to defend Johnny Depp and to spread the truth.
oh I also really love a band called Guns N' Roses.

#JusticeForJohnnyDepp",,
"[{'type': 'retweeted', 'id': '1322673910635114502'}]",1322779166970941440,1132035386732158976,,2020-11-01T05:55:04.000Z,RT @JusticeSquad2: Thankfully Johnny depp and elon musk knew to stay FAR away from you.😬,Twitter for iPhone,en,,"[{'start': 3, 'end': 17, 'username': 'JusticeSquad2', 'id': '1259964873246531585'}]",2,0,0,0,1322671034391121921,"[{'start': 10, 'end': 15, 'probability': 0.936, 'type': 'Place', 'normalized_text': 'Warsaw'}]","[{'start': 155, 'end': 178, 'url': 'https://t.co/4sxYiRnrhW', 'expanded_url': 'https://www.nytimes.com/2020/10/27/world/europe/poland-abortion-ruling-protests.html?referringSource=articleShare', 'display_url': 'nytimes.com/2020/10/27/wor…', 'status': 200, 'unwound_url': 'https://www.nytimes.com/2020/10/27/world/europe/poland-abortion-ruling-protests.html?referringSource=articleShare'}]","[{'start': 144, 'end': 152, 'username': 'nytimes', 'id': '807095'}]",807003567605227520,2020-10-31T22:45:23.000Z,Right now Warsaw is the theatre of massive protests and manifestations for those who are fighting on behalf of reproductive rights and freedom ⁦@nytimes⁩  https://t.co/4sxYiRnrhW,53,863,576,41,Twitter for iPhone,en,"Los Angeles, CA",2016-12-08T23:26:58.000Z,https://pbs.twimg.com/profile_images/1383196364792680448/N8CdupEu_normal.jpg,190336,220,1149,567,https://t.co/Ze18Ek9SOI,807003567605227520,Amber Heard,realamberheard,"Actor and Activist, semi-professional disruptor, ice cream advocate and shameless teacup yorkie-lover","England, United Kingdom",2019-05-24T21:27:23.000Z,https://pbs.twimg.com/profile_images/1384035036739997696/RpLweJHd_normal.jpg,617,1818,44286,1,,1132035386732158976,Kinsey Crosby,Kinsey_Crosby,Proud Depphead fighting for justice For Johnny Depp ❤️ #JusticeforJohnnyDepp #JohnnyDeppIsASurvivor Also a proud #mixer,,"[{'start': 30, 'end': 40, 'probability': 0.9956, 'type': 'Person', 'normalized_text': 'Johnny depp'}, {'start': 46, 'end': 54, 'probability': 0.9639, 'type': 'Person', 'normalized_text': 'elon musk'}]"
,1322768357138092032,1287016879178092544,,2020-11-01T05:12:06.000Z,"Time's ticking, abuser https://t.co/uP4Q0QgozA",Twitter for Android,en,"[{'start': 23, 'end': 46, 'url': 'https://t.co/uP4Q0QgozA', 'expanded_url': 'https://twitter.com/realamberheard/status/1322671034391121921', 'display_url': 'twitter.com/realamberheard…'}]",,0,1,4,0,1322671034391121921,"[{'start': 10, 'end': 15, 'probability': 0.936, 'type': 'Place', 'normalized_text': 'Warsaw'}]","[{'start': 155, 'end': 178, 'url': 'https://t.co/4sxYiRnrhW', 'expanded_url': 'https://www.nytimes.com/2020/10/27/world/europe/poland-abortion-ruling-protests.html?referringSource=articleShare', 'display_url': 'nytimes.com/2020/10/27/wor…', 'status': 200, 'unwound_url': 'https://www.nytimes.com/2020/10/27/world/europe/poland-abortion-ruling-protests.html?referringSource=articleShare'}]","[{'start': 144, 'end': 152, 'username': 'nytimes', 'id': '807095'}]",807003567605227520,2020-10-31T22:45:23.000Z,Right now Warsaw is the theatre of massive protests and manifestations for those who are fighting on behalf of reproductive rights and freedom ⁦@nytimes⁩  https://t.co/4sxYiRnrhW,53,863,576,41,Twitter for iPhone,en,"Los Angeles, CA",2016-12-08T23:26:58.000Z,https://pbs.twimg.com/profile_images/1383196364792680448/N8CdupEu_normal.jpg,190336,220,1149,567,https://t.co/Ze18Ek9SOI,807003567605227520,Amber Heard,realamberheard,"Actor and Activist, semi-professional disruptor, ice cream advocate and shameless teacup yorkie-lover",in Amanda's head rent free,2020-07-25T13:28:38.000Z,https://pbs.twimg.com/profile_images/1373688610474631169/1Gg8la1G_normal.jpg,753,586,8533,5,https://t.co/PPIWgQu0sn,1287016879178092544,Bᴶᴰ,j_ar_of_d_irt,"🤜he was not punched, he was hit🤛
she/her.
17.
AH called me a bot on court documents. On 4.2.21 she called me cute 😍
#justiceforjohnnydepp
Instagram:",,
"[{'type': 'retweeted', 'id': '1322673491070562305'}]",1322752607216164865,1062219892223631360,,2020-11-01T04:09:31.000Z,"RT @JoonPearlLondon: Ok but you do us a favour, do not reproduce!",Twitter for Android,en,,"[{'start': 3, 'end': 19, 'username': 'JoonPearlLondon', 'id': '737585733095956481'}]",6,0,0,0,1322671034391121921,"[{'start': 10, 'end': 15, 'probability': 0.936, 'type': 'Place', 'normalized_text': 'Warsaw'}]","[{'start': 155, 'end': 178, 'url': 'https://t.co/4sxYiRnrhW', 'expanded_url': 'https://www.nytimes.com/2020/10/27/world/europe/poland-abortion-ruling-protests.html?referringSource=articleShare', 'display_url': 'nytimes.com/2020/10/27/wor…', 'status': 200, 'unwound_url': 'https://www.nytimes.com/2020/10/27/world/europe/poland-abortion-ruling-protests.html?referringSource=articleShare'}]","[{'start': 144, 'end': 152, 'username': 'nytimes', 'id': '807095'}]",807003567605227520,2020-10-31T22:45:23.000Z,Right now Warsaw is the theatre of massive protests and manifestations for those who are fighting on behalf of reproductive rights and freedom ⁦@nytimes⁩  https://t.co/4sxYiRnrhW,53,863,576,41,Twitter for iPhone,en,"Los Angeles, CA",2016-12-08T23:26:58.000Z,https://pbs.twimg.com/profile_images/1383196364792680448/N8CdupEu_normal.jpg,190336,220,1149,567,https://t.co/Ze18Ek9SOI,807003567605227520,Amber Heard,realamberheard,"Actor and Activist, semi-professional disruptor, ice cream advocate and shameless teacup yorkie-lover","Distrito Federal, México",2018-11-13T05:45:32.000Z,https://pbs.twimg.com/profile_images/1402678426293649408/11XELWYm_normal.jpg,889,821,79376,6,,1062219892223631360,Viri 🍂,ViriMZ,"I stand by Johnny Depp
#JohnnyDeppIsInnocent #JusticeForJohnnyDepp",,
"[{'type': 'retweeted', 'id': '1322673491070562305'}]",1322728561938104320,959275655358701569,,2020-11-01T02:33:58.000Z,"RT @JoonPearlLondon: Ok but you do us a favour, do not reproduce! https://t.co/7q5TgOIhTg",Twitter Web App,en,"[{'start': 66, 'end': 89, 'url': 'https://t.co/7q5TgOIhTg', 'expanded_url': 'https://twitter.com/realamberheard/status/1322671034391121921', 'display_url': 'twitter.com/realamberheard…'}]","[{'start': 3, 'end': 19, 'username': 'JoonPearlLondon', 'id': '737585733095956481'}]",6,0,0,0,1322671034391121921,"[{'start': 10, 'end': 15, 'probability': 0.936, 'type': 'Place', 'normalized_text': 'Warsaw'}]","[{'start': 155, 'end': 178, 'url': 'https://t.co/4sxYiRnrhW', 'expanded_url': 'https://www.nytimes.com/2020/10/27/world/europe/poland-abortion-ruling-protests.html?referringSource=articleShare', 'display_url': 'nytimes.com/2020/10/27/wor…', 'status': 200, 'unwound_url': 'https://www.nytimes.com/2020/10/27/world/europe/poland-abortion-ruling-protests.html?referringSource=articleShare'}]","[{'start': 144, 'end': 152, 'username': 'nytimes', 'id': '807095'}]",807003567605227520,2020-10-31T22:45:23.000Z,Right now Warsaw is the theatre of massive protests and manifestations for those who are fighting on behalf of reproductive rights and freedom ⁦@nytimes⁩  https://t.co/4sxYiRnrhW,53,863,576,41,Twitter for iPhone,en,"Los Angeles, CA",2016-12-08T23:26:58.000Z,https://pbs.twimg.com/profile_images/1383196364792680448/N8CdupEu_normal.jpg,190336,220,1149,567,https://t.co/Ze18Ek9SOI,807003567605227520,Amber Heard,realamberheard,"Actor and Activist, semi-professional disruptor, ice cream advocate and shameless teacup yorkie-lover",,2018-02-02T04:01:53.000Z,https://pbs.twimg.com/profile_images/959650482837798913/V4uGosy5_normal.jpg,256,144,14697,3,,959275655358701569,Nora Sparrow,FruitNinjaJD,,,
"[{'type': 'retweeted', 'id': '1322673491070562305'}]",1322706002240851973,1084825453259644928,,2020-11-01T01:04:20.000Z,"RT @JoonPearlLondon: Ok but you do us a favour, do not reproduce!",Twitter for Android,en,,"[{'start': 3, 'end': 19, 'username': 'JoonPearlLondon', 'id': '737585733095956481'}]",6,0,0,0,1322671034391121921,"[{'start': 10, 'end': 15, 'probability': 0.936, 'type': 'Place', 'normalized_text': 'Warsaw'}]","[{'start': 155, 'end': 178, 'url': 'https://t.co/4sxYiRnrhW', 'expanded_url': 'https://www.nytimes.com/2020/10/27/world/europe/poland-abortion-ruling-protests.html?referringSource=articleShare', 'display_url': 'nytimes.com/2020/10/27/wor…', 'status': 200, 'unwound_url': 'https://www.nytimes.com/2020/10/27/world/europe/poland-abortion-ruling-protests.html?referringSource=articleShare'}]","[{'start': 144, 'end': 152, 'username': 'nytimes', 'id': '807095'}]",807003567605227520,2020-10-31T22:45:23.000Z,Right now Warsaw is the theatre of massive protests and manifestations for those who are fighting on behalf of reproductive rights and freedom ⁦@nytimes⁩  https://t.co/4sxYiRnrhW,53,863,576,41,Twitter for iPhone,en,"Los Angeles, CA",2016-12-08T23:26:58.000Z,https://pbs.twimg.com/profile_images/1383196364792680448/N8CdupEu_normal.jpg,190336,220,1149,567,https://t.co/Ze18Ek9SOI,807003567605227520,Amber Heard,realamberheard,"Actor and Activist, semi-professional disruptor, ice cream advocate and shameless teacup yorkie-lover","Bs. As, Argentina",2019-01-14T14:51:57.000Z,https://pbs.twimg.com/profile_images/1470965197066186756/9HH-0U8d_normal.jpg,192,207,46077,1,https://t.co/JiSAheqmo5,1084825453259644928,Shulyna,Shulyna1,"Abogada-Libriana
#JusticeforJohnnyDepp",,
"[{'type': 'quoted', 'id': '1322671034391121921'}]",1322704108550193153,464424709,,2020-11-01T00:56:48.000Z,"もういい加減何かを気にしたり、訴えるふりをするのは止めたら？
あなたの今の立場は嘘で得た立場だって自覚して。
全てが白々しい。 https://t.co/o0kQ8QrfRu",Twitter for iPhone,ja,"[{'start': 64, 'end': 87, 'url': 'https://t.co/o0kQ8QrfRu', 'expanded_url': 'https://twitter.com/realamberheard/status/1322671034391121921', 'display_url': 'twitter.com/realamberheard…'}]",,1,1,7,0,1322671034391121921,"[{'start': 10, 'end': 15, 'probability': 0.936, 'type': 'Place', 'normalized_text': 'Warsaw'}]","[{'start': 155, 'end': 178, 'url': 'https://t.co/4sxYiRnrhW', 'expanded_url': 'https://www.nytimes.com/2020/10/27/world/europe/poland-abortion-ruling-protests.html?referringSource=articleShare', 'display_url': 'nytimes.com/2020/10/27/wor…', 'status': 200, 'unwound_url': 'https://www.nytimes.com/2020/10/27/world/europe/poland-abortion-ruling-protests.html?referringSource=articleShare'}]","[{'start': 144, 'end': 152, 'username': 'nytimes', 'id': '807095'}]",807003567605227520,2020-10-31T22:45:23.000Z,Right now Warsaw is the theatre of massive protests and manifestations for those who are fighting on behalf of reproductive rights and freedom ⁦@nytimes⁩  https://t.co/4sxYiRnrhW,53,863,576,41,Twitter for iPhone,en,"Los Angeles, CA",2016-12-08T23:26:58.000Z,https://pbs.twimg.com/profile_images/1383196364792680448/N8CdupEu_normal.jpg,190336,220,1149,567,https://t.co/Ze18Ek9SOI,807003567605227520,Amber Heard,realamberheard,"Actor and Activist, semi-professional disruptor, ice cream advocate and shameless teacup yorkie-lover",Earth,2012-01-15T06:30:31.000Z,https://pbs.twimg.com/profile_images/1502817245541842944/B-d0TTr3_normal.jpg,536,934,73538,4,,464424709,✩⋆˖ 🅜🅔🅖 ˖⋆✩,DJusticeforj,𝐀𝐧 𝐞𝐲𝐞 𝐟𝐨𝐫 𝐚𝐧 𝐞𝐲𝐞 𝐚𝐧𝐝 𝐚 𝐭𝐨𝐨𝐭𝐡 𝐟𝐨𝐫 𝐚 𝐭𝐨𝐨𝐭𝐡 #𝐉𝐮𝐬𝐭𝐢𝐜𝐞𝐅𝐨𝐫𝐉𝐨𝐡𝐧𝐧𝐲𝐃𝐞𝐩𝐩 #𝐀𝐦𝐛𝐞𝐫𝐇𝐞𝐚𝐫𝐝𝐥𝐬𝐀𝐋𝐢𝐚𝐫,,
"[{'type': 'quoted', 'id': '1322671034391121921'}]",1322686090914967553,1148209951,,2020-10-31T23:45:13.000Z,As a Polish woman I am disgusted. Once again she used an important subject just for an attention. https://t.co/AhAjRmXv7F,Twitter for Android,en,"[{'start': 98, 'end': 121, 'url': 'https://t.co/AhAjRmXv7F', 'expanded_url': 'https://twitter.com/realamberheard/status/1322671034391121921', 'display_url': 'twitter.com/realamberheard…'}]",,0,0,21,0,1322671034391121921,"[{'start': 10, 'end': 15, 'probability': 0.936, 'type': 'Place', 'normalized_text': 'Warsaw'}]","[{'start': 155, 'end': 178, 'url': 'https://t.co/4sxYiRnrhW', 'expanded_url': 'https://www.nytimes.com/2020/10/27/world/europe/poland-abortion-ruling-protests.html?referringSource=articleShare', 'display_url': 'nytimes.com/2020/10/27/wor…', 'status': 200, 'unwound_url': 'https://www.nytimes.com/2020/10/27/world/europe/poland-abortion-ruling-protests.html?referringSource=articleShare'}]","[{'start': 144, 'end': 152, 'username': 'nytimes', 'id': '807095'}]",807003567605227520,2020-10-31T22:45:23.000Z,Right now Warsaw is the theatre of massive protests and manifestations for those who are fighting on behalf of reproductive rights and freedom ⁦@nytimes⁩  https://t.co/4sxYiRnrhW,53,863,576,41,Twitter for iPhone,en,"Los Angeles, CA",2016-12-08T23:26:58.000Z,https://pbs.twimg.com/profile_images/1383196364792680448/N8CdupEu_normal.jpg,190336,220,1149,567,https://t.co/Ze18Ek9SOI,807003567605227520,Amber Heard,realamberheard,"Actor and Activist, semi-professional disruptor, ice cream advocate and shameless teacup yorkie-lover",,2013-02-04T14:47:59.000Z,https://pbs.twimg.com/profile_images/1345115064324521986/RSPVp-1v_normal.jpg,1181,308,5710,8,https://t.co/sHaHQkJCEX,1148209951,Inspired with Johnny Depp,Stand_By_Johnny,"''don't ever mistake my kindness for weakness''


#JusticeForJohnnyDepp",,
,1322679606579703820,47953309,,2020-10-31T23:19:27.000Z,"Right now I’d worry about the fact that you’re a fake and a fraud, but hey let’s continue with your propaganda, Amber. It’s fitting to your character. https://t.co/v06Dq961n0",Twitter for iPhone,en,"[{'start': 151, 'end': 174, 'url': 'https://t.co/v06Dq961n0', 'expanded_url': 'https://twitter.com/realamberheard/status/1322671034391121921', 'display_url': 'twitter.com/realamberheard…'}]",,0,1,19,0,1322671034391121921,"[{'start': 10, 'end': 15, 'probability': 0.936, 'type': 'Place', 'normalized_text': 'Warsaw'}]","[{'start': 155, 'end': 178, 'url': 'https://t.co/4sxYiRnrhW', 'expanded_url': 'https://www.nytimes.com/2020/10/27/world/europe/poland-abortion-ruling-protests.html?referringSource=articleShare', 'display_url': 'nytimes.com/2020/10/27/wor…', 'status': 200, 'unwound_url': 'https://www.nytimes.com/2020/10/27/world/europe/poland-abortion-ruling-protests.html?referringSource=articleShare'}]","[{'start': 144, 'end': 152, 'username': 'nytimes', 'id': '807095'}]",807003567605227520,2020-10-31T22:45:23.000Z,Right now Warsaw is the theatre of massive protests and manifestations for those who are fighting on behalf of reproductive rights and freedom ⁦@nytimes⁩  https://t.co/4sxYiRnrhW,53,863,576,41,Twitter for iPhone,en,"Los Angeles, CA",2016-12-08T23:26:58.000Z,https://pbs.twimg.com/profile_images/1383196364792680448/N8CdupEu_normal.jpg,190336,220,1149,567,https://t.co/Ze18Ek9SOI,807003567605227520,Amber Heard,realamberheard,"Actor and Activist, semi-professional disruptor, ice cream advocate and shameless teacup yorkie-lover",she/her,2009-06-17T13:06:40.000Z,https://pbs.twimg.com/profile_images/1466552868522147845/vN4Kubwg_normal.jpg,1630,478,48074,0,,47953309,çhlöé,LittleNashyYup,I don’t know how I got here.,,"[{'start': 112, 'end': 116, 'probability': 0.8941, 'type': 'Person', 'normalized_text': 'Amber'}]"
"[{'type': 'quoted', 'id': '1322671034391121921'}]",1322677371590316037,1084549022357114880,,2020-10-31T23:10:34.000Z,Vete a la mierda!!  You're a fucking abuser and hypocrite. 😤😡 https://t.co/kRSfowJHS4,Twitter Web App,en,"[{'start': 62, 'end': 85, 'url': 'https://t.co/kRSfowJHS4', 'expanded_url': 'https://twitter.com/realamberheard/status/1322671034391121921', 'display_url': 'twitter.com/realamberheard…'}]",,0,0,3,0,1322671034391121921,"[{'start': 10, 'end': 15, 'probability': 0.936, 'type': 'Place', 'normalized_text': 'Warsaw'}]","[{'start': 155, 'end': 178, 'url': 'https://t.co/4sxYiRnrhW', 'expanded_url': 'https://www.nytimes.com/2020/10/27/world/europe/poland-abortion-ruling-protests.html?referringSource=articleShare', 'display_url': 'nytimes.com/2020/10/27/wor…', 'status': 200, 'unwound_url': 'https://www.nytimes.com/2020/10/27/world/europe/poland-abortion-ruling-protests.html?referringSource=articleShare'}]","[{'start': 144, 'end': 152, 'username': 'nytimes', 'id': '807095'}]",807003567605227520,2020-10-31T22:45:23.000Z,Right now Warsaw is the theatre of massive protests and manifestations for those who are fighting on behalf of reproductive rights and freedom ⁦@nytimes⁩  https://t.co/4sxYiRnrhW,53,863,576,41,Twitter for iPhone,en,"Los Angeles, CA",2016-12-08T23:26:58.000Z,https://pbs.twimg.com/profile_images/1383196364792680448/N8CdupEu_normal.jpg,190336,220,1149,567,https://t.co/Ze18Ek9SOI,807003567605227520,Amber Heard,realamberheard,"Actor and Activist, semi-professional disruptor, ice cream advocate and shameless teacup yorkie-lover",,2019-01-13T20:33:31.000Z,https://pbs.twimg.com/profile_images/1381996143379247107/ZmI4lUPu_normal.png,94,89,9280,0,,1084549022357114880,dy_Depp,dydepp,"From 🇲🇽

Fan 
#TomHolland 
#JusticeForJohnnyDepp
#HelenaBonhamCarter",,
"[{'type': 'retweeted', 'id': '1322673910635114502'}]",1322674372553908224,1293250794624614402,,2020-10-31T22:58:39.000Z,RT @JusticeSquad2: Thankfully Johnny depp and elon musk knew to stay FAR away from you.😬,Twitter for iPhone,en,,"[{'start': 3, 'end': 17, 'username': 'JusticeSquad2', 'id': '1259964873246531585'}]",2,0,0,0,1322671034391121921,"[{'start': 10, 'end': 15, 'probability': 0.936, 'type': 'Place', 'normalized_text': 'Warsaw'}]","[{'start': 155, 'end': 178, 'url': 'https://t.co/4sxYiRnrhW', 'expanded_url': 'https://www.nytimes.com/2020/10/27/world/europe/poland-abortion-ruling-protests.html?referringSource=articleShare', 'display_url': 'nytimes.com/2020/10/27/wor…', 'status': 200, 'unwound_url': 'https://www.nytimes.com/2020/10/27/world/europe/poland-abortion-ruling-protests.html?referringSource=articleShare'}]","[{'start': 144, 'end': 152, 'username': 'nytimes', 'id': '807095'}]",807003567605227520,2020-10-31T22:45:23.000Z,Right now Warsaw is the theatre of massive protests and manifestations for those who are fighting on behalf of reproductive rights and freedom ⁦@nytimes⁩  https://t.co/4sxYiRnrhW,53,863,576,41,Twitter for iPhone,en,"Los Angeles, CA",2016-12-08T23:26:58.000Z,https://pbs.twimg.com/profile_images/1383196364792680448/N8CdupEu_normal.jpg,190336,220,1149,567,https://t.co/Ze18Ek9SOI,807003567605227520,Amber Heard,realamberheard,"Actor and Activist, semi-professional disruptor, ice cream advocate and shameless teacup yorkie-lover",,2020-08-11T18:20:00.000Z,https://pbs.twimg.com/profile_images/1503490496928305154/-v_9TeFX_normal.jpg,1588,980,32746,10,,1293250794624614402,Annabel Depphead ⭐️⭐️,mrsdepp_head,,,"[{'start': 30, 'end': 40, 'probability': 0.9956, 'type': 'Person', 'normalized_text': 'Johnny depp'}, {'start': 46, 'end': 54, 'probability': 0.9639, 'type': 'Person', 'normalized_text': 'elon musk'}]"
"[{'type': 'retweeted', 'id': '1322673491070562305'}]",1322674008362504195,1120580091463991301,,2020-10-31T22:57:12.000Z,"RT @JoonPearlLondon: Ok but you do us a favour, do not reproduce!",Twitter for Android,en,,"[{'start': 3, 'end': 19, 'username': 'JoonPearlLondon', 'id': '737585733095956481'}]",6,0,0,0,1322671034391121921,"[{'start': 10, 'end': 15, 'probability': 0.936, 'type': 'Place', 'normalized_text': 'Warsaw'}]","[{'start': 155, 'end': 178, 'url': 'https://t.co/4sxYiRnrhW', 'expanded_url': 'https://www.nytimes.com/2020/10/27/world/europe/poland-abortion-ruling-protests.html?referringSource=articleShare', 'display_url': 'nytimes.com/2020/10/27/wor…', 'status': 200, 'unwound_url': 'https://www.nytimes.com/2020/10/27/world/europe/poland-abortion-ruling-protests.html?referringSource=articleShare'}]","[{'start': 144, 'end': 152, 'username': 'nytimes', 'id': '807095'}]",807003567605227520,2020-10-31T22:45:23.000Z,Right now Warsaw is the theatre of massive protests and manifestations for those who are fighting on behalf of reproductive rights and freedom ⁦@nytimes⁩  https://t.co/4sxYiRnrhW,53,863,576,41,Twitter for iPhone,en,"Los Angeles, CA",2016-12-08T23:26:58.000Z,https://pbs.twimg.com/profile_images/1383196364792680448/N8CdupEu_normal.jpg,190336,220,1149,567,https://t.co/Ze18Ek9SOI,807003567605227520,Amber Heard,realamberheard,"Actor and Activist, semi-professional disruptor, ice cream advocate and shameless teacup yorkie-lover",,2019-04-23T06:48:07.000Z,https://pbs.twimg.com/profile_images/1456689788246007822/Fopr1CLq_normal.jpg,4156,297,34157,30,,1120580091463991301,G ✨,mderndarkwizard,🏳️‍🌈 / 🏳️‍⚧️+ / 🍩 / fan account / just here for justice and memes / sometimes I fight amb*r h*ard simps,,
"[{'type': 'quoted', 'id': '1322671034391121921'}]",1322673910635114502,1259964873246531585,,2020-10-31T22:56:49.000Z,Thankfully Johnny depp and elon musk knew to stay FAR away from you.😬 https://t.co/rtuAQkYK7a,Twitter Web App,en,"[{'start': 70, 'end': 93, 'url': 'https://t.co/rtuAQkYK7a', 'expanded_url': 'https://twitter.com/realamberheard/status/1322671034391121921', 'display_url': 'twitter.com/realamberheard…'}]",,2,0,46,0,1322671034391121921,"[{'start': 10, 'end': 15, 'probability': 0.936, 'type': 'Place', 'normalized_text': 'Warsaw'}]","[{'start': 155, 'end': 178, 'url': 'https://t.co/4sxYiRnrhW', 'expanded_url': 'https://www.nytimes.com/2020/10/27/world/europe/poland-abortion-ruling-protests.html?referringSource=articleShare', 'display_url': 'nytimes.com/2020/10/27/wor…', 'status': 200, 'unwound_url': 'https://www.nytimes.com/2020/10/27/world/europe/poland-abortion-ruling-protests.html?referringSource=articleShare'}]","[{'start': 144, 'end': 152, 'username': 'nytimes', 'id': '807095'}]",807003567605227520,2020-10-31T22:45:23.000Z,Right now Warsaw is the theatre of massive protests and manifestations for those who are fighting on behalf of reproductive rights and freedom ⁦@nytimes⁩  https://t.co/4sxYiRnrhW,53,863,576,41,Twitter for iPhone,en,"Los Angeles, CA",2016-12-08T23:26:58.000Z,https://pbs.twimg.com/profile_images/1383196364792680448/N8CdupEu_normal.jpg,190336,220,1149,567,https://t.co/Ze18Ek9SOI,807003567605227520,Amber Heard,realamberheard,"Actor and Activist, semi-professional disruptor, ice cream advocate and shameless teacup yorkie-lover",,2020-05-11T21:53:36.000Z,https://pbs.twimg.com/profile_images/1475629625854214144/w8vgrU36_normal.jpg,1166,533,17702,8,,1259964873246531585,Justice4ALL,JusticeSquad2,“ Fuggetaboutit “,,"[{'start': 11, 'end': 21, 'probability': 0.9939, 'type': 'Person', 'normalized_text': 'Johnny depp'}, {'start': 27, 'end': 35, 'probability': 0.9622, 'type': 'Person', 'normalized_text': 'elon musk'}]"
"[{'type': 'quoted', 'id': '1322671034391121921'}]",1322673491070562305,737585733095956481,,2020-10-31T22:55:09.000Z,"Ok but you do us a favour, do not reproduce! https://t.co/7q5TgOIhTg",Twitter Web App,en,"[{'start': 45, 'end': 68, 'url': 'https://t.co/7q5TgOIhTg', 'expanded_url': 'https://twitter.com/realamberheard/status/1322671034391121921', 'display_url': 'twitter.com/realamberheard…'}]",,6,7,192,0,1322671034391121921,"[{'start': 10, 'end': 15, 'probability': 0.936, 'type': 'Place', 'normalized_text': 'Warsaw'}]","[{'start': 155, 'end': 178, 'url': 'https://t.co/4sxYiRnrhW', 'expanded_url': 'https://www.nytimes.com/2020/10/27/world/europe/poland-abortion-ruling-protests.html?referringSource=articleShare', 'display_url': 'nytimes.com/2020/10/27/wor…', 'status': 200, 'unwound_url': 'https://www.nytimes.com/2020/10/27/world/europe/poland-abortion-ruling-protests.html?referringSource=articleShare'}]","[{'start': 144, 'end': 152, 'username': 'nytimes', 'id': '807095'}]",807003567605227520,2020-10-31T22:45:23.000Z,Right now Warsaw is the theatre of massive protests and manifestations for those who are fighting on behalf of reproductive rights and freedom ⁦@nytimes⁩  https://t.co/4sxYiRnrhW,53,863,576,41,Twitter for iPhone,en,"Los Angeles, CA",2016-12-08T23:26:58.000Z,https://pbs.twimg.com/profile_images/1383196364792680448/N8CdupEu_normal.jpg,190336,220,1149,567,https://t.co/Ze18Ek9SOI,807003567605227520,Amber Heard,realamberheard,"Actor and Activist, semi-professional disruptor, ice cream advocate and shameless teacup yorkie-lover",,2016-05-31T10:05:17.000Z,https://pbs.twimg.com/profile_images/1325838706822025217/u8Basd41_normal.jpg,4698,216,11508,19,,737585733095956481,Joon Pearl,JoonPearlLondon,"You know when they tell you ""Never meet your heroes""? 
I met mine and I haven't been let down
Depphead - Depp Soldier - And Proud

#JusticeForJohnnyDepp",,
"[{'type': 'quoted', 'id': '1322671034391121921'}]",1322672142396329984,1244124527409475586,,2020-10-31T22:49:47.000Z,You pooped on Johnny and your bed https://t.co/RFkydzp3KA,Twitter for Android,en,"[{'start': 34, 'end': 57, 'url': 'https://t.co/RFkydzp3KA', 'expanded_url': 'https://twitter.com/realamberheard/status/1322671034391121921', 'display_url': 'twitter.com/realamberheard…'}]",,0,0,3,0,1322671034391121921,"[{'start': 10, 'end': 15, 'probability': 0.936, 'type': 'Place', 'normalized_text': 'Warsaw'}]","[{'start': 155, 'end': 178, 'url': 'https://t.co/4sxYiRnrhW', 'expanded_url': 'https://www.nytimes.com/2020/10/27/world/europe/poland-abortion-ruling-protests.html?referringSource=articleShare', 'display_url': 'nytimes.com/2020/10/27/wor…', 'status': 200, 'unwound_url': 'https://www.nytimes.com/2020/10/27/world/europe/poland-abortion-ruling-protests.html?referringSource=articleShare'}]","[{'start': 144, 'end': 152, 'username': 'nytimes', 'id': '807095'}]",807003567605227520,2020-10-31T22:45:23.000Z,Right now Warsaw is the theatre of massive protests and manifestations for those who are fighting on behalf of reproductive rights and freedom ⁦@nytimes⁩  https://t.co/4sxYiRnrhW,53,863,576,41,Twitter for iPhone,en,"Los Angeles, CA",2016-12-08T23:26:58.000Z,https://pbs.twimg.com/profile_images/1383196364792680448/N8CdupEu_normal.jpg,190336,220,1149,567,https://t.co/Ze18Ek9SOI,807003567605227520,Amber Heard,realamberheard,"Actor and Activist, semi-professional disruptor, ice cream advocate and shameless teacup yorkie-lover",U.S.A,2020-03-29T04:49:46.000Z,https://pbs.twimg.com/profile_images/1423457885661634561/KmM0FjLd_normal.jpg,79,3622,13541,3,,1244124527409475586,Fauci is Evil,TightInLooseOff,"Carole Baskin fed her husband to tigers, Epstein didn't kill himself, the taxman and the devil share the same address, OJ did it, Lee Harvey didn't.",,"[{'start': 14, 'end': 19, 'probability': 0.8771, 'type': 'Person', 'normalized_text': 'Johnny'}]"
