author_id,lang,source,in_reply_to_user_id,referenced_tweets,created_at,text,id,entities.hashtags,entities.annotations,entities.urls,entities.mentions,public_metrics.retweet_count,public_metrics.reply_count,public_metrics.like_count,public_metrics.quote_count,quoted_tweet.author_id,quoted_tweet.entities.annotations,quoted_tweet.entities.urls,quoted_tweet.entities.mentions,quoted_tweet.lang,quoted_tweet.source,quoted_tweet.created_at,quoted_tweet.text,quoted_tweet.id,quoted_tweet.public_metrics.retweet_count,quoted_tweet.public_metrics.reply_count,quoted_tweet.public_metrics.like_count,quoted_tweet.public_metrics.quote_count,quoted_tweet.author.username,quoted_tweet.author.created_at,quoted_tweet.author.profile_image_url,quoted_tweet.author.name,quoted_tweet.author.public_metrics.followers_count,quoted_tweet.author.public_metrics.following_count,quoted_tweet.author.public_metrics.tweet_count,quoted_tweet.author.public_metrics.listed_count,quoted_tweet.author.description,quoted_tweet.author.id,quoted_tweet.author.url,quoted_tweet.author.location,author.username,author.created_at,author.profile_image_url,author.name,author.public_metrics.followers_count,author.public_metrics.following_count,author.public_metrics.tweet_count,author.public_metrics.listed_count,author.description,author.id,author.url,author.location
1369451382701498371,en,Twitter Web App,44196397,"[{'type': 'quoted', 'id': '1340035918216843265'}]",2021-04-22T20:55:52.000Z,"@elonmusk @AndrewYang @alexisohanian Angelina broke up with Brad because he being weird doing some spousal thing to her adoptive family too

Leo in Aviator = Howard Hughes ✈️better!

Prayer for Amber 🙏  #HappyBirthdayAmberHeard 
Peace &amp; Prayers to Armenian Christian believers ✝️ https://t.co/mjqPEFzdd2",1385336574166982657,"[{'start': 203, 'end': 227, 'tag': 'HappyBirthdayAmberHeard'}]","[{'start': 37, 'end': 44, 'probability': 0.9888, 'type': 'Person', 'normalized_text': 'Angelina'}, {'start': 60, 'end': 63, 'probability': 0.998, 'type': 'Person', 'normalized_text': 'Brad'}, {'start': 158, 'end': 170, 'probability': 0.9366, 'type': 'Person', 'normalized_text': 'Howard Hughes'}, {'start': 194, 'end': 198, 'probability': 0.5583, 'type': 'Person', 'normalized_text': 'Amber'}]","[{'start': 284, 'end': 307, 'url': 'https://t.co/mjqPEFzdd2', 'expanded_url': 'https://twitter.com/realamberheard/status/1340035918216843265', 'display_url': 'twitter.com/realamberheard…'}]","[{'start': 0, 'end': 9, 'username': 'elonmusk', 'id': '44196397'}, {'start': 10, 'end': 21, 'username': 'AndrewYang', 'id': '2228878592'}, {'start': 22, 'end': 36, 'username': 'alexisohanian', 'id': '811350'}]",0,2,2,0,807003567605227520,"[{'start': 19, 'end': 23, 'probability': 0.9434, 'type': 'Person', 'normalized_text': 'Jesse'}]","[{'start': 131, 'end': 154, 'url': 'https://t.co/7GdHRBCAf4', 'expanded_url': 'https://live-winespectrum.pantheonsite.io/winemaker-of-the-year/', 'display_url': 'live-winespectrum.pantheonsite.io/winemaker-of-t…'}]","[{'start': 39, 'end': 53, 'username': 'ApertureWines', 'id': '4823194572'}, {'start': 75, 'end': 91, 'username': 'thesettingwines', 'id': '801278880208162817'}]",en,Twitter for iPhone,2020-12-18T20:47:14.000Z,"Glasses up to you, Jesse!!! Hell yes  ⁦@ApertureWines⁩
@devilproodwines
⁦⁦⁦@thesettingwines⁩ Winemaker of the Year | Wine Spectrum https://t.co/7GdHRBCAf4",1340035918216843265,44,925,447,20,realamberheard,2016-12-08T23:26:58.000Z,https://pbs.twimg.com/profile_images/1383196364792680448/N8CdupEu_normal.jpg,Amber Heard,190337,220,1149,567,"Actor and Activist, semi-professional disruptor, ice cream advocate and shameless teacup yorkie-lover",807003567605227520,https://t.co/Ze18Ek9SOI,"Los Angeles, CA",SaveAsianLives,2021-03-10T00:53:52.000Z,https://pbs.twimg.com/profile_images/1369462042764091394/y5mgovpV_normal.jpg,ASIAN LIVES MATTER! A.L.M.S.👲🧢 ✝️🙏#StopAAPIHate,900,3065,10116,3,"Asian Lives Matter Services Hero #AsianLivesMatter #ALMS #AndrewYangForNYC #StopAAPIHate #StopAsianhate #StopAsianHateCrimes #APAHM
https://t.co/zVT1IcDK7F…",1369451382701498371,https://t.co/uQ6MRTghDR,https://archive.is/cH2pF
1198769067261415425,en,Twitter for iPhone,,"[{'type': 'quoted', 'id': '1340035918216843265'}]",2021-02-01T03:57:29.000Z,"a nightmare, i hope she has tonight https://t.co/qNLeI2lJ2P",1356089262572261381,,,"[{'start': 36, 'end': 59, 'url': 'https://t.co/qNLeI2lJ2P', 'expanded_url': 'https://twitter.com/realamberheard/status/1340035918216843265', 'display_url': 'twitter.com/realamberheard…'}]",,0,0,4,0,807003567605227520,"[{'start': 19, 'end': 23, 'probability': 0.9434, 'type': 'Person', 'normalized_text': 'Jesse'}]","[{'start': 131, 'end': 154, 'url': 'https://t.co/7GdHRBCAf4', 'expanded_url': 'https://live-winespectrum.pantheonsite.io/winemaker-of-the-year/', 'display_url': 'live-winespectrum.pantheonsite.io/winemaker-of-t…'}]","[{'start': 39, 'end': 53, 'username': 'ApertureWines', 'id': '4823194572'}, {'start': 75, 'end': 91, 'username': 'thesettingwines', 'id': '801278880208162817'}]",en,Twitter for iPhone,2020-12-18T20:47:14.000Z,"Glasses up to you, Jesse!!! Hell yes  ⁦@ApertureWines⁩
@devilproodwines
⁦⁦⁦@thesettingwines⁩ Winemaker of the Year | Wine Spectrum https://t.co/7GdHRBCAf4",1340035918216843265,44,925,447,20,realamberheard,2016-12-08T23:26:58.000Z,https://pbs.twimg.com/profile_images/1383196364792680448/N8CdupEu_normal.jpg,Amber Heard,190337,220,1149,567,"Actor and Activist, semi-professional disruptor, ice cream advocate and shameless teacup yorkie-lover",807003567605227520,https://t.co/Ze18Ek9SOI,"Los Angeles, CA",yodababyraphead,2019-11-25T01:03:32.000Z,https://pbs.twimg.com/profile_images/1325593063268478976/HcICiPUd_normal.jpg,grogu the hip-hop head ‎⍟,3670,184,6674,11,not affiliated with the mandalorian or disney plus in any way. 8/28/20 💔,1198769067261415425,https://t.co/yei681kIet,razor crest
1035367433991856128,en,Twitter for iPhone,,"[{'type': 'quoted', 'id': '1340035918216843265'}]",2021-01-21T16:18:25.000Z,"Nah, she doesn’t have a drinking problem. If she does, it must be Johnny’s fault.... just Blame him for everything..... https://t.co/dVUg6KhKy5",1352289457563697152,,"[{'start': 66, 'end': 71, 'probability': 0.9407, 'type': 'Person', 'normalized_text': 'Johnny'}]","[{'start': 120, 'end': 143, 'url': 'https://t.co/dVUg6KhKy5', 'expanded_url': 'https://twitter.com/realamberheard/status/1340035918216843265', 'display_url': 'twitter.com/realamberheard…'}]",,0,0,8,1,807003567605227520,"[{'start': 19, 'end': 23, 'probability': 0.9434, 'type': 'Person', 'normalized_text': 'Jesse'}]","[{'start': 131, 'end': 154, 'url': 'https://t.co/7GdHRBCAf4', 'expanded_url': 'https://live-winespectrum.pantheonsite.io/winemaker-of-the-year/', 'display_url': 'live-winespectrum.pantheonsite.io/winemaker-of-t…'}]","[{'start': 39, 'end': 53, 'username': 'ApertureWines', 'id': '4823194572'}, {'start': 75, 'end': 91, 'username': 'thesettingwines', 'id': '801278880208162817'}]",en,Twitter for iPhone,2020-12-18T20:47:14.000Z,"Glasses up to you, Jesse!!! Hell yes  ⁦@ApertureWines⁩
@devilproodwines
⁦⁦⁦@thesettingwines⁩ Winemaker of the Year | Wine Spectrum https://t.co/7GdHRBCAf4",1340035918216843265,44,925,447,20,realamberheard,2016-12-08T23:26:58.000Z,https://pbs.twimg.com/profile_images/1383196364792680448/N8CdupEu_normal.jpg,Amber Heard,190337,220,1149,567,"Actor and Activist, semi-professional disruptor, ice cream advocate and shameless teacup yorkie-lover",807003567605227520,https://t.co/Ze18Ek9SOI,"Los Angeles, CA",wars_everything,2018-08-31T03:23:27.000Z,https://pbs.twimg.com/profile_images/1497017108290580481/Ovh15uwp_normal.jpg,Rob’s Rules,1790,1844,11416,8,"On my YouTube channel I cover Johnny Depp Case,Entertainment, Spider Man, Star Wars, Livestreams, Rumors,Movies, news and much more !!!",1035367433991856128,https://t.co/j7LhuKvpSI,United States
1072000274,en,Twitter Web App,,"[{'type': 'quoted', 'id': '1340035918216843265'}]",2021-01-15T04:20:28.000Z,The same way your hands were up to the best actor in the world? https://t.co/rtEJzJEwTM,1349934453121015811,,,"[{'start': 64, 'end': 87, 'url': 'https://t.co/rtEJzJEwTM', 'expanded_url': 'https://twitter.com/realamberheard/status/1340035918216843265', 'display_url': 'twitter.com/realamberheard…'}]",,0,0,1,0,807003567605227520,"[{'start': 19, 'end': 23, 'probability': 0.9434, 'type': 'Person', 'normalized_text': 'Jesse'}]","[{'start': 131, 'end': 154, 'url': 'https://t.co/7GdHRBCAf4', 'expanded_url': 'https://live-winespectrum.pantheonsite.io/winemaker-of-the-year/', 'display_url': 'live-winespectrum.pantheonsite.io/winemaker-of-t…'}]","[{'start': 39, 'end': 53, 'username': 'ApertureWines', 'id': '4823194572'}, {'start': 75, 'end': 91, 'username': 'thesettingwines', 'id': '801278880208162817'}]",en,Twitter for iPhone,2020-12-18T20:47:14.000Z,"Glasses up to you, Jesse!!! Hell yes  ⁦@ApertureWines⁩
@devilproodwines
⁦⁦⁦@thesettingwines⁩ Winemaker of the Year | Wine Spectrum https://t.co/7GdHRBCAf4",1340035918216843265,44,925,447,20,realamberheard,2016-12-08T23:26:58.000Z,https://pbs.twimg.com/profile_images/1383196364792680448/N8CdupEu_normal.jpg,Amber Heard,190337,220,1149,567,"Actor and Activist, semi-professional disruptor, ice cream advocate and shameless teacup yorkie-lover",807003567605227520,https://t.co/Ze18Ek9SOI,"Los Angeles, CA",eyemabadbih,2013-01-08T21:07:54.000Z,https://pbs.twimg.com/profile_images/1151716991696347136/-2CjFGId_normal.jpg,iontlikeyouвiTCH,129,24,15,0,"future lawyer |
Mara Moonilal |
My glock will mock your flock",1072000274,,
998039596935008257,en,Twitter for iPhone,,"[{'type': 'retweeted', 'id': '1344256601851621379'}]",2021-01-07T21:27:59.000Z,"RT @raiizeuk: Funny how it's all connected huh? 
#JusticeForJohnnyDepp 
#AmberHeardIsTheRealAbuser https://t.co/VtZSZPjmy6",1347293932258922496,"[{'start': 49, 'end': 70, 'tag': 'JusticeForJohnnyDepp'}, {'start': 72, 'end': 98, 'tag': 'AmberHeardIsTheRealAbuser'}]",,"[{'start': 99, 'end': 122, 'url': 'https://t.co/VtZSZPjmy6', 'expanded_url': 'https://twitter.com/raiizeuk/status/1344256601851621379/photo/1', 'display_url': 'pic.twitter.com/VtZSZPjmy6'}]","[{'start': 3, 'end': 12, 'username': 'raiizeuk', 'id': '3068876033'}]",1,0,0,0,807003567605227520,"[{'start': 19, 'end': 23, 'probability': 0.9434, 'type': 'Person', 'normalized_text': 'Jesse'}]","[{'start': 131, 'end': 154, 'url': 'https://t.co/7GdHRBCAf4', 'expanded_url': 'https://live-winespectrum.pantheonsite.io/winemaker-of-the-year/', 'display_url': 'live-winespectrum.pantheonsite.io/winemaker-of-t…'}]","[{'start': 39, 'end': 53, 'username': 'ApertureWines', 'id': '4823194572'}, {'start': 75, 'end': 91, 'username': 'thesettingwines', 'id': '801278880208162817'}]",en,Twitter for iPhone,2020-12-18T20:47:14.000Z,"Glasses up to you, Jesse!!! Hell yes  ⁦@ApertureWines⁩
@devilproodwines
⁦⁦⁦@thesettingwines⁩ Winemaker of the Year | Wine Spectrum https://t.co/7GdHRBCAf4",1340035918216843265,44,925,447,20,realamberheard,2016-12-08T23:26:58.000Z,https://pbs.twimg.com/profile_images/1383196364792680448/N8CdupEu_normal.jpg,Amber Heard,190337,220,1149,567,"Actor and Activist, semi-professional disruptor, ice cream advocate and shameless teacup yorkie-lover",807003567605227520,https://t.co/Ze18Ek9SOI,"Los Angeles, CA",iheartaadya,2018-05-20T03:15:57.000Z,https://pbs.twimg.com/profile_images/1492332503939518464/Ukf9AMDM_normal.jpg,Aadya,78,231,6621,1,,998039596935008257,,Your moms house
900147296,en,Twitter for iPhone,,"[{'type': 'quoted', 'id': '1340035918216843265'}]",2020-12-30T22:35:37.000Z,"Well, those are three wines I WILL NOT be drinking. You belong in prison with other abusers 🖕🏻
#JusticeForJohnnyDepp #NoExcuseForAbuse #survivorsunite https://t.co/kLn7YFjbsp",1344411851266916353,"[{'start': 95, 'end': 116, 'tag': 'JusticeForJohnnyDepp'}, {'start': 117, 'end': 134, 'tag': 'NoExcuseForAbuse'}, {'start': 135, 'end': 150, 'tag': 'survivorsunite'}]",,"[{'start': 151, 'end': 174, 'url': 'https://t.co/kLn7YFjbsp', 'expanded_url': 'https://twitter.com/realamberheard/status/1340035918216843265', 'display_url': 'twitter.com/realamberheard…'}]",,0,0,6,0,807003567605227520,"[{'start': 19, 'end': 23, 'probability': 0.9434, 'type': 'Person', 'normalized_text': 'Jesse'}]","[{'start': 131, 'end': 154, 'url': 'https://t.co/7GdHRBCAf4', 'expanded_url': 'https://live-winespectrum.pantheonsite.io/winemaker-of-the-year/', 'display_url': 'live-winespectrum.pantheonsite.io/winemaker-of-t…'}]","[{'start': 39, 'end': 53, 'username': 'ApertureWines', 'id': '4823194572'}, {'start': 75, 'end': 91, 'username': 'thesettingwines', 'id': '801278880208162817'}]",en,Twitter for iPhone,2020-12-18T20:47:14.000Z,"Glasses up to you, Jesse!!! Hell yes  ⁦@ApertureWines⁩
@devilproodwines
⁦⁦⁦@thesettingwines⁩ Winemaker of the Year | Wine Spectrum https://t.co/7GdHRBCAf4",1340035918216843265,44,925,447,20,realamberheard,2016-12-08T23:26:58.000Z,https://pbs.twimg.com/profile_images/1383196364792680448/N8CdupEu_normal.jpg,Amber Heard,190337,220,1149,567,"Actor and Activist, semi-professional disruptor, ice cream advocate and shameless teacup yorkie-lover",807003567605227520,https://t.co/Ze18Ek9SOI,"Los Angeles, CA",Art_Of_Egodram,2012-10-23T16:08:31.000Z,https://pbs.twimg.com/profile_images/1097689481862352896/LKBYjViR_normal.jpg,Rider Of The Beast,1369,785,35825,57,"""Mystery, Babylon the Great, Mother of Harlots & Abominations of the Earth"" ~ #artist #poet #iraqveteran",900147296,https://t.co/fjTX7wcoLr,"Fayetteville, Arkansas"
3068876033,en,Twitter for Android,,"[{'type': 'quoted', 'id': '1340035918216843265'}]",2020-12-30T12:18:43.000Z,"Funny how it's all connected huh? 
#JusticeForJohnnyDepp 
#AmberHeardIsTheRealAbuser https://t.co/VtZSZPjmy6 https://t.co/nnG6G0gnO5",1344256601851621379,"[{'start': 35, 'end': 56, 'tag': 'JusticeForJohnnyDepp'}, {'start': 58, 'end': 84, 'tag': 'AmberHeardIsTheRealAbuser'}]",,"[{'start': 85, 'end': 108, 'url': 'https://t.co/VtZSZPjmy6', 'expanded_url': 'https://twitter.com/raiizeuk/status/1344256601851621379/photo/1', 'display_url': 'pic.twitter.com/VtZSZPjmy6'}, {'start': 109, 'end': 132, 'url': 'https://t.co/nnG6G0gnO5', 'expanded_url': 'https://twitter.com/realamberheard/status/1340035918216843265', 'display_url': 'twitter.com/realamberheard…'}]",,1,0,4,0,807003567605227520,"[{'start': 19, 'end': 23, 'probability': 0.9434, 'type': 'Person', 'normalized_text': 'Jesse'}]","[{'start': 131, 'end': 154, 'url': 'https://t.co/7GdHRBCAf4', 'expanded_url': 'https://live-winespectrum.pantheonsite.io/winemaker-of-the-year/', 'display_url': 'live-winespectrum.pantheonsite.io/winemaker-of-t…'}]","[{'start': 39, 'end': 53, 'username': 'ApertureWines', 'id': '4823194572'}, {'start': 75, 'end': 91, 'username': 'thesettingwines', 'id': '801278880208162817'}]",en,Twitter for iPhone,2020-12-18T20:47:14.000Z,"Glasses up to you, Jesse!!! Hell yes  ⁦@ApertureWines⁩
@devilproodwines
⁦⁦⁦@thesettingwines⁩ Winemaker of the Year | Wine Spectrum https://t.co/7GdHRBCAf4",1340035918216843265,44,925,447,20,realamberheard,2016-12-08T23:26:58.000Z,https://pbs.twimg.com/profile_images/1383196364792680448/N8CdupEu_normal.jpg,Amber Heard,190337,220,1149,567,"Actor and Activist, semi-professional disruptor, ice cream advocate and shameless teacup yorkie-lover",807003567605227520,https://t.co/Ze18Ek9SOI,"Los Angeles, CA",raiizeuk,2015-03-03T23:55:42.000Z,https://pbs.twimg.com/profile_images/1485387965085978630/buMerlnK_normal.jpg,RΛIIZE,1407,4358,6103,6,"🚀🌟'The A-Star’🌟 OUT NOW! 🔜 THE TECHNOVERZE JUNE 29TH 👊🏻💀|•Producer, DJ, Drummer & Graphics Designer from Warminster🇬🇧 Born in Cape Town🇿🇦",3068876033,https://t.co/bVddwPQCcI,"England, United Kingdom"
384156991,en,Twitter for iPhone,,"[{'type': 'quoted', 'id': '1340035918216843265'}]",2020-12-28T22:42:21.000Z,This must be the selection of wines she likes to drink before she abuses her significant other https://t.co/CmOYBXWPg5,1343688767266115584,,,"[{'start': 95, 'end': 118, 'url': 'https://t.co/CmOYBXWPg5', 'expanded_url': 'https://twitter.com/realamberheard/status/1340035918216843265', 'display_url': 'twitter.com/realamberheard…'}]",,0,0,2,0,807003567605227520,"[{'start': 19, 'end': 23, 'probability': 0.9434, 'type': 'Person', 'normalized_text': 'Jesse'}]","[{'start': 131, 'end': 154, 'url': 'https://t.co/7GdHRBCAf4', 'expanded_url': 'https://live-winespectrum.pantheonsite.io/winemaker-of-the-year/', 'display_url': 'live-winespectrum.pantheonsite.io/winemaker-of-t…'}]","[{'start': 39, 'end': 53, 'username': 'ApertureWines', 'id': '4823194572'}, {'start': 75, 'end': 91, 'username': 'thesettingwines', 'id': '801278880208162817'}]",en,Twitter for iPhone,2020-12-18T20:47:14.000Z,"Glasses up to you, Jesse!!! Hell yes  ⁦@ApertureWines⁩
@devilproodwines
⁦⁦⁦@thesettingwines⁩ Winemaker of the Year | Wine Spectrum https://t.co/7GdHRBCAf4",1340035918216843265,44,925,447,20,realamberheard,2016-12-08T23:26:58.000Z,https://pbs.twimg.com/profile_images/1383196364792680448/N8CdupEu_normal.jpg,Amber Heard,190337,220,1149,567,"Actor and Activist, semi-professional disruptor, ice cream advocate and shameless teacup yorkie-lover",807003567605227520,https://t.co/Ze18Ek9SOI,"Los Angeles, CA",Chris_Ruthless,2011-10-03T05:19:39.000Z,https://pbs.twimg.com/profile_images/1252699137297936386/DigFDNpY_normal.jpg,Ruthless,130,180,3407,3,"Youtuber/streamer, the goal is to build a community that feels like a group of friends having a good time.",384156991,https://t.co/2d5Mih1rUe,
1232781316514598913,en,Twitter Web App,,"[{'type': 'quoted', 'id': '1340035918216843265'}]",2020-12-26T16:59:46.000Z,fuck off you piece of shit https://t.co/QwYu86z9Qc,1342877780376223744,,,"[{'start': 27, 'end': 50, 'url': 'https://t.co/QwYu86z9Qc', 'expanded_url': 'https://twitter.com/realamberheard/status/1340035918216843265', 'display_url': 'twitter.com/realamberheard…'}]",,0,0,5,0,807003567605227520,"[{'start': 19, 'end': 23, 'probability': 0.9434, 'type': 'Person', 'normalized_text': 'Jesse'}]","[{'start': 131, 'end': 154, 'url': 'https://t.co/7GdHRBCAf4', 'expanded_url': 'https://live-winespectrum.pantheonsite.io/winemaker-of-the-year/', 'display_url': 'live-winespectrum.pantheonsite.io/winemaker-of-t…'}]","[{'start': 39, 'end': 53, 'username': 'ApertureWines', 'id': '4823194572'}, {'start': 75, 'end': 91, 'username': 'thesettingwines', 'id': '801278880208162817'}]",en,Twitter for iPhone,2020-12-18T20:47:14.000Z,"Glasses up to you, Jesse!!! Hell yes  ⁦@ApertureWines⁩
@devilproodwines
⁦⁦⁦@thesettingwines⁩ Winemaker of the Year | Wine Spectrum https://t.co/7GdHRBCAf4",1340035918216843265,44,925,447,20,realamberheard,2016-12-08T23:26:58.000Z,https://pbs.twimg.com/profile_images/1383196364792680448/N8CdupEu_normal.jpg,Amber Heard,190337,220,1149,567,"Actor and Activist, semi-professional disruptor, ice cream advocate and shameless teacup yorkie-lover",807003567605227520,https://t.co/Ze18Ek9SOI,"Los Angeles, CA",problemzgatme,2020-02-26T21:35:53.000Z,https://pbs.twimg.com/profile_images/1481495758692130822/vUQpkFk5_normal.jpg,mellow,229,345,6636,5,!,1232781316514598913,,
1115088720015704065,en,Twitter Web App,,"[{'type': 'retweeted', 'id': '1341502732717461512'}]",2020-12-24T22:56:48.000Z,RT @ThatSwampyBoi: Didn't you allegedly break off part of your husband's finger with a wine bottle? https://t.co/rcIwzD0phd,1342242853632688128,,,"[{'start': 100, 'end': 123, 'url': 'https://t.co/rcIwzD0phd', 'expanded_url': 'https://twitter.com/realamberheard/status/1340035918216843265', 'display_url': 'twitter.com/realamberheard…'}]","[{'start': 3, 'end': 17, 'username': 'ThatSwampyBoi', 'id': '1003084532080365568'}]",1,0,0,0,807003567605227520,"[{'start': 19, 'end': 23, 'probability': 0.9434, 'type': 'Person', 'normalized_text': 'Jesse'}]","[{'start': 131, 'end': 154, 'url': 'https://t.co/7GdHRBCAf4', 'expanded_url': 'https://live-winespectrum.pantheonsite.io/winemaker-of-the-year/', 'display_url': 'live-winespectrum.pantheonsite.io/winemaker-of-t…'}]","[{'start': 39, 'end': 53, 'username': 'ApertureWines', 'id': '4823194572'}, {'start': 75, 'end': 91, 'username': 'thesettingwines', 'id': '801278880208162817'}]",en,Twitter for iPhone,2020-12-18T20:47:14.000Z,"Glasses up to you, Jesse!!! Hell yes  ⁦@ApertureWines⁩
@devilproodwines
⁦⁦⁦@thesettingwines⁩ Winemaker of the Year | Wine Spectrum https://t.co/7GdHRBCAf4",1340035918216843265,44,925,447,20,realamberheard,2016-12-08T23:26:58.000Z,https://pbs.twimg.com/profile_images/1383196364792680448/N8CdupEu_normal.jpg,Amber Heard,190337,220,1149,567,"Actor and Activist, semi-professional disruptor, ice cream advocate and shameless teacup yorkie-lover",807003567605227520,https://t.co/Ze18Ek9SOI,"Los Angeles, CA",RaYIzDeD,2019-04-08T03:07:22.000Z,https://pbs.twimg.com/profile_images/1480381207548346370/bRvoTbt5_normal.jpg,RaYIzDeD,149,377,838,2,Twitch Affiliate ~ Schedule to come soon ~ https://t.co/SYTZZWZRX8 Instagram: @ rayizdedsmokes Snapchat: @ rayizded #fuckAmberHeard,1115088720015704065,https://t.co/SYTZZWZRX8,"Watsonville, CA"
1003084532080365568,en,Twitter for Android,,"[{'type': 'quoted', 'id': '1340035918216843265'}]",2020-12-22T21:55:50.000Z,Didn't you allegedly break off part of your husband's finger with a wine bottle? https://t.co/rcIwzD0phd,1341502732717461512,,,"[{'start': 81, 'end': 104, 'url': 'https://t.co/rcIwzD0phd', 'expanded_url': 'https://twitter.com/realamberheard/status/1340035918216843265', 'display_url': 'twitter.com/realamberheard…'}]",,1,1,17,0,807003567605227520,"[{'start': 19, 'end': 23, 'probability': 0.9434, 'type': 'Person', 'normalized_text': 'Jesse'}]","[{'start': 131, 'end': 154, 'url': 'https://t.co/7GdHRBCAf4', 'expanded_url': 'https://live-winespectrum.pantheonsite.io/winemaker-of-the-year/', 'display_url': 'live-winespectrum.pantheonsite.io/winemaker-of-t…'}]","[{'start': 39, 'end': 53, 'username': 'ApertureWines', 'id': '4823194572'}, {'start': 75, 'end': 91, 'username': 'thesettingwines', 'id': '801278880208162817'}]",en,Twitter for iPhone,2020-12-18T20:47:14.000Z,"Glasses up to you, Jesse!!! Hell yes  ⁦@ApertureWines⁩
@devilproodwines
⁦⁦⁦@thesettingwines⁩ Winemaker of the Year | Wine Spectrum https://t.co/7GdHRBCAf4",1340035918216843265,44,925,447,20,realamberheard,2016-12-08T23:26:58.000Z,https://pbs.twimg.com/profile_images/1383196364792680448/N8CdupEu_normal.jpg,Amber Heard,190337,220,1149,567,"Actor and Activist, semi-professional disruptor, ice cream advocate and shameless teacup yorkie-lover",807003567605227520,https://t.co/Ze18Ek9SOI,"Los Angeles, CA",ThatSwampyBoi,2018-06-03T01:22:43.000Z,https://pbs.twimg.com/profile_images/1478041740481380353/F9AzD7JN_normal.jpg,Swampy Boi,144,157,3174,3,"🎮Twitch Affiliate and Doggo Father🐶

It's always Modelo time, foo.🍻

👕Shop Swampy Boi Merch
https://t.co/JnbCTd6JxM",1003084532080365568,https://t.co/D4o4Ulm2cP,
1285093383325667328,en,Twitter for iPhone,,"[{'type': 'retweeted', 'id': '1340322726939136000'}]",2020-12-19T17:41:24.000Z,RT @Eskarina9: #UnitedNations today is migrants day. Your ambassador is busy advertising wines. I am sure you regret that paid trip to Leba…,1340351542361112576,"[{'start': 15, 'end': 29, 'tag': 'UnitedNations'}]","[{'start': 135, 'end': 138, 'probability': 0.5937, 'type': 'Place', 'normalized_text': 'Leba'}]",,"[{'start': 3, 'end': 13, 'username': 'Eskarina9', 'id': '1256036805411037186'}]",1,0,0,0,807003567605227520,"[{'start': 19, 'end': 23, 'probability': 0.9434, 'type': 'Person', 'normalized_text': 'Jesse'}]","[{'start': 131, 'end': 154, 'url': 'https://t.co/7GdHRBCAf4', 'expanded_url': 'https://live-winespectrum.pantheonsite.io/winemaker-of-the-year/', 'display_url': 'live-winespectrum.pantheonsite.io/winemaker-of-t…'}]","[{'start': 39, 'end': 53, 'username': 'ApertureWines', 'id': '4823194572'}, {'start': 75, 'end': 91, 'username': 'thesettingwines', 'id': '801278880208162817'}]",en,Twitter for iPhone,2020-12-18T20:47:14.000Z,"Glasses up to you, Jesse!!! Hell yes  ⁦@ApertureWines⁩
@devilproodwines
⁦⁦⁦@thesettingwines⁩ Winemaker of the Year | Wine Spectrum https://t.co/7GdHRBCAf4",1340035918216843265,44,925,447,20,realamberheard,2016-12-08T23:26:58.000Z,https://pbs.twimg.com/profile_images/1383196364792680448/N8CdupEu_normal.jpg,Amber Heard,190337,220,1149,567,"Actor and Activist, semi-professional disruptor, ice cream advocate and shameless teacup yorkie-lover",807003567605227520,https://t.co/Ze18Ek9SOI,"Los Angeles, CA",GenevieDEPP,2020-07-20T06:05:24.000Z,https://abs.twimg.com/sticky/default_profile_images/default_profile_normal.png,Genna4justice⚖️🌏🏴‍☠️,791,1436,32696,2,#JUSTICEFORJOHNNYDEPP,1285093383325667328,,A real person in the USA 
1256036805411037186,en,Twitter for Android,,"[{'type': 'quoted', 'id': '1340035918216843265'}]",2020-12-19T15:46:54.000Z,#UnitedNations today is migrants day. Your ambassador is busy advertising wines. I am sure you regret that paid trip to Lebanon for support to Syrian migrants. https://t.co/emtQqBaO7V,1340322726939136000,"[{'start': 0, 'end': 14, 'tag': 'UnitedNations'}]","[{'start': 120, 'end': 126, 'probability': 0.982, 'type': 'Place', 'normalized_text': 'Lebanon'}, {'start': 143, 'end': 148, 'probability': 0.4723, 'type': 'Place', 'normalized_text': 'Syrian'}]","[{'start': 160, 'end': 183, 'url': 'https://t.co/emtQqBaO7V', 'expanded_url': 'https://twitter.com/realamberheard/status/1340035918216843265', 'display_url': 'twitter.com/realamberheard…'}]",,1,0,31,2,807003567605227520,"[{'start': 19, 'end': 23, 'probability': 0.9434, 'type': 'Person', 'normalized_text': 'Jesse'}]","[{'start': 131, 'end': 154, 'url': 'https://t.co/7GdHRBCAf4', 'expanded_url': 'https://live-winespectrum.pantheonsite.io/winemaker-of-the-year/', 'display_url': 'live-winespectrum.pantheonsite.io/winemaker-of-t…'}]","[{'start': 39, 'end': 53, 'username': 'ApertureWines', 'id': '4823194572'}, {'start': 75, 'end': 91, 'username': 'thesettingwines', 'id': '801278880208162817'}]",en,Twitter for iPhone,2020-12-18T20:47:14.000Z,"Glasses up to you, Jesse!!! Hell yes  ⁦@ApertureWines⁩
@devilproodwines
⁦⁦⁦@thesettingwines⁩ Winemaker of the Year | Wine Spectrum https://t.co/7GdHRBCAf4",1340035918216843265,44,925,447,20,realamberheard,2016-12-08T23:26:58.000Z,https://pbs.twimg.com/profile_images/1383196364792680448/N8CdupEu_normal.jpg,Amber Heard,190337,220,1149,567,"Actor and Activist, semi-professional disruptor, ice cream advocate and shameless teacup yorkie-lover",807003567605227520,https://t.co/Ze18Ek9SOI,"Los Angeles, CA",Eskarina9,2020-05-01T01:44:57.000Z,https://pbs.twimg.com/profile_images/1463185153031868422/aIIqNgod_normal.jpg,Eskarina,795,843,21693,0,You are going to fart on my balls.,1256036805411037186,,
1318881139420004352,en,Twitter for Android,,"[{'type': 'quoted', 'id': '1340035918216843265'}]",2020-12-18T21:15:59.000Z,"How can i be fine without you
❤️❤️❤️🍷 https://t.co/fQHfeXdQoC https://t.co/PV5LRisQ8L",1340043154007994369,,,"[{'start': 38, 'end': 61, 'url': 'https://t.co/fQHfeXdQoC', 'expanded_url': 'https://twitter.com/MR3O_O/status/1340043154007994369/photo/1', 'display_url': 'pic.twitter.com/fQHfeXdQoC'}, {'start': 62, 'end': 85, 'url': 'https://t.co/PV5LRisQ8L', 'expanded_url': 'https://twitter.com/realamberheard/status/1340035918216843265', 'display_url': 'twitter.com/realamberheard…'}]",,0,0,0,0,807003567605227520,"[{'start': 19, 'end': 23, 'probability': 0.9434, 'type': 'Person', 'normalized_text': 'Jesse'}]","[{'start': 131, 'end': 154, 'url': 'https://t.co/7GdHRBCAf4', 'expanded_url': 'https://live-winespectrum.pantheonsite.io/winemaker-of-the-year/', 'display_url': 'live-winespectrum.pantheonsite.io/winemaker-of-t…'}]","[{'start': 39, 'end': 53, 'username': 'ApertureWines', 'id': '4823194572'}, {'start': 75, 'end': 91, 'username': 'thesettingwines', 'id': '801278880208162817'}]",en,Twitter for iPhone,2020-12-18T20:47:14.000Z,"Glasses up to you, Jesse!!! Hell yes  ⁦@ApertureWines⁩
@devilproodwines
⁦⁦⁦@thesettingwines⁩ Winemaker of the Year | Wine Spectrum https://t.co/7GdHRBCAf4",1340035918216843265,44,925,447,20,realamberheard,2016-12-08T23:26:58.000Z,https://pbs.twimg.com/profile_images/1383196364792680448/N8CdupEu_normal.jpg,Amber Heard,190337,220,1149,567,"Actor and Activist, semi-professional disruptor, ice cream advocate and shameless teacup yorkie-lover",807003567605227520,https://t.co/Ze18Ek9SOI,"Los Angeles, CA",addicted2shady,2020-10-21T11:45:59.000Z,https://pbs.twimg.com/profile_images/1462531105731526659/7br3lS79_normal.jpg,❤️‍🔥𝐑𝐚𝐩𝐆𝐎𝐃❤️‍🔥,131,310,1745,1,"𝐒𝐚𝐰 𝐦𝐲 𝐨𝐥𝐝 𝐬𝐰𝐞𝐚𝐭𝐡𝐞𝐚𝐫𝐭, 𝐬𝐚𝐢𝐝 𝐇𝐨𝐧𝐞𝐲 𝐢𝐦 𝐛𝐚𝐜𝐤... 𝐣𝐮𝐬𝐭 𝐬𝐨 𝐲𝐨𝐮 𝐝𝐨𝐧𝐭 𝐝𝐢𝐞 𝐚𝐥𝐨𝐧𝐞 | 18 | ♂️",1318881139420004352,,𝐒𝐡𝐚𝐝𝐲𝐋𝐚𝐧𝐝
