created_at,author_id,id,referenced_tweets,lang,source,text,public_metrics.retweet_count,public_metrics.reply_count,public_metrics.like_count,public_metrics.quote_count,entities.mentions,quoted_tweet.created_at,quoted_tweet.author_id,quoted_tweet.in_reply_to_user_id,quoted_tweet.id,quoted_tweet.referenced_tweets,quoted_tweet.lang,quoted_tweet.public_metrics.retweet_count,quoted_tweet.public_metrics.reply_count,quoted_tweet.public_metrics.like_count,quoted_tweet.public_metrics.quote_count,quoted_tweet.source,quoted_tweet.entities.mentions,quoted_tweet.entities.annotations,quoted_tweet.text,quoted_tweet.author.profile_image_url,quoted_tweet.author.public_metrics.followers_count,quoted_tweet.author.public_metrics.following_count,quoted_tweet.author.public_metrics.tweet_count,quoted_tweet.author.public_metrics.listed_count,quoted_tweet.author.id,quoted_tweet.author.created_at,quoted_tweet.author.name,quoted_tweet.author.username,quoted_tweet.author.location,quoted_tweet.author.description,quoted_tweet.author.url,author.profile_image_url,author.public_metrics.followers_count,author.public_metrics.following_count,author.public_metrics.tweet_count,author.public_metrics.listed_count,author.id,author.created_at,author.name,author.username,author.location,author.description,author.url,entities.urls
2021-04-26T02:19:59.000Z,1184650926465830912,1386505305681403906,"[{'type': 'retweeted', 'id': '1386500083445817347'}]",en,Twitter for Android,RT @Chris64828388: Is that used for the Bed if so oof your a ''Shit'' woman,1,0,0,0,"[{'start': 3, 'end': 17, 'username': 'Chris64828388', 'id': '1331569978735271940'}]",2021-04-24T03:00:01.000Z,807003567605227520,54476519,1385790602361532416,"[{'type': 'replied_to', 'id': '1385748355112837120'}]",en,8,43,72,7,Twitter for iPhone,"[{'start': 0, 'end': 11, 'username': 'Eve_Barlow', 'id': '54476519'}, {'start': 12, 'end': 23, 'username': 'ultragrrrl', 'id': '5845642'}]","[{'start': 24, 'end': 41, 'probability': 0.7561, 'type': 'Product', 'normalized_text': 'Chateau Wine Wipes'}]",@Eve_Barlow @ultragrrrl Chateau Wine Wipes is literally my significant other,https://pbs.twimg.com/profile_images/1383196364792680448/N8CdupEu_normal.jpg,190322,220,1149,567,807003567605227520,2016-12-08T23:26:58.000Z,Amber Heard,realamberheard,"Los Angeles, CA","Actor and Activist, semi-professional disruptor, ice cream advocate and shameless teacup yorkie-lover",https://t.co/Ze18Ek9SOI,https://pbs.twimg.com/profile_images/1328049220733923328/6YXt64Ve_normal.jpg,236,361,20987,1,1184650926465830912,2019-10-17T02:02:59.000Z,GridZeta- (Online student) 🇺🇸🇵🇭🗼 (beep/bop),GridZeta,SPD HQ/Within the Cybergrid,An SPD Cadet that becomes a Hyper Agent + Ranger. Tasked with protecting two grids. (Post-Shattered Grid) #PRRP #TokuFan #RetroFan #90sKid #ISupportGina #FDems,,
2021-04-26T01:59:14.000Z,1331569978735271940,1386500083445817347,"[{'type': 'quoted', 'id': '1385790602361532416'}]",en,Twitter Web App,Is that used for the Bed if so oof your a ''Shit'' woman https://t.co/AhEnsPUCD7,1,0,2,0,,2021-04-24T03:00:01.000Z,807003567605227520,54476519,1385790602361532416,"[{'type': 'replied_to', 'id': '1385748355112837120'}]",en,8,43,72,7,Twitter for iPhone,"[{'start': 0, 'end': 11, 'username': 'Eve_Barlow', 'id': '54476519'}, {'start': 12, 'end': 23, 'username': 'ultragrrrl', 'id': '5845642'}]","[{'start': 24, 'end': 41, 'probability': 0.7561, 'type': 'Product', 'normalized_text': 'Chateau Wine Wipes'}]",@Eve_Barlow @ultragrrrl Chateau Wine Wipes is literally my significant other,https://pbs.twimg.com/profile_images/1383196364792680448/N8CdupEu_normal.jpg,190322,220,1149,567,807003567605227520,2016-12-08T23:26:58.000Z,Amber Heard,realamberheard,"Los Angeles, CA","Actor and Activist, semi-professional disruptor, ice cream advocate and shameless teacup yorkie-lover",https://t.co/Ze18Ek9SOI,https://pbs.twimg.com/profile_images/1356861774902001665/tVRD2ouv_normal.jpg,55,218,3442,0,1331569978735271940,2020-11-25T12:06:51.000Z,MrCJB2.2 🟧⬛️,Chris64828388,,"Enjoys pissing off the Church/Cult of Woke their rage & tears are my entertainment, Pronouns is Hail/Skroob

Minds: https://t.co/HxKNKiPwej",,"[{'start': 57, 'end': 80, 'url': 'https://t.co/AhEnsPUCD7', 'expanded_url': 'https://twitter.com/realamberheard/status/1385790602361532416', 'display_url': 'twitter.com/realamberheard…'}]"
2021-04-24T19:29:13.000Z,87024910,1386039544580120577,"[{'type': 'quoted', 'id': '1385790602361532416'}]",en,Twitter for Android,Lmao oh dear..... https://t.co/KOIrfGYBTh,0,0,0,0,,2021-04-24T03:00:01.000Z,807003567605227520,54476519,1385790602361532416,"[{'type': 'replied_to', 'id': '1385748355112837120'}]",en,8,43,72,7,Twitter for iPhone,"[{'start': 0, 'end': 11, 'username': 'Eve_Barlow', 'id': '54476519'}, {'start': 12, 'end': 23, 'username': 'ultragrrrl', 'id': '5845642'}]","[{'start': 24, 'end': 41, 'probability': 0.7561, 'type': 'Product', 'normalized_text': 'Chateau Wine Wipes'}]",@Eve_Barlow @ultragrrrl Chateau Wine Wipes is literally my significant other,https://pbs.twimg.com/profile_images/1383196364792680448/N8CdupEu_normal.jpg,190322,220,1149,567,807003567605227520,2016-12-08T23:26:58.000Z,Amber Heard,realamberheard,"Los Angeles, CA","Actor and Activist, semi-professional disruptor, ice cream advocate and shameless teacup yorkie-lover",https://t.co/Ze18Ek9SOI,https://pbs.twimg.com/profile_images/1486064417603215362/bSL_HRCb_normal.jpg,343,1574,6790,2,87024910,2009-11-02T20:50:36.000Z,𝙳𝚘𝚕𝚕𝚢𝚁𝚘𝚌𝚑𝚎🍑🏳️‍🌈⚤,DollyRoche,"Cardiff, Wales","🍑 dylunydd crosio 🍑 🍓 profi patrwm🍓Cymru🏴󠁧󠁢󠁷󠁬󠁳󠁿 
                         💜 Forensic Chemist | Poen cronig | Fibromyalgia 💜",https://t.co/TqpKunGuUN,"[{'start': 18, 'end': 41, 'url': 'https://t.co/KOIrfGYBTh', 'expanded_url': 'https://twitter.com/realamberheard/status/1385790602361532416', 'display_url': 'twitter.com/realamberheard…'}]"
2021-04-24T15:23:50.000Z,177241788,1385977793327112193,"[{'type': 'quoted', 'id': '1385790602361532416'}]",en,Twitter for iPhone,"In response to a tweet asking how to get red wine stains off a cream couch. We now have the “miracle” product 💩 uses to get rid of stains.
Plus, if they’re her significant other, they wont fight back? Her perfect partner? https://t.co/ZYi8gT6q63",0,1,2,0,,2021-04-24T03:00:01.000Z,807003567605227520,54476519,1385790602361532416,"[{'type': 'replied_to', 'id': '1385748355112837120'}]",en,8,43,72,7,Twitter for iPhone,"[{'start': 0, 'end': 11, 'username': 'Eve_Barlow', 'id': '54476519'}, {'start': 12, 'end': 23, 'username': 'ultragrrrl', 'id': '5845642'}]","[{'start': 24, 'end': 41, 'probability': 0.7561, 'type': 'Product', 'normalized_text': 'Chateau Wine Wipes'}]",@Eve_Barlow @ultragrrrl Chateau Wine Wipes is literally my significant other,https://pbs.twimg.com/profile_images/1383196364792680448/N8CdupEu_normal.jpg,190322,220,1149,567,807003567605227520,2016-12-08T23:26:58.000Z,Amber Heard,realamberheard,"Los Angeles, CA","Actor and Activist, semi-professional disruptor, ice cream advocate and shameless teacup yorkie-lover",https://t.co/Ze18Ek9SOI,https://pbs.twimg.com/profile_images/1327202162640818181/Y5oRGQIy_normal.jpg,140,168,2343,0,177241788,2010-08-11T16:40:15.000Z,Tracey,TeeKayDawn,"A Place, UK",,,"[{'start': 222, 'end': 245, 'url': 'https://t.co/ZYi8gT6q63', 'expanded_url': 'https://twitter.com/realamberheard/status/1385790602361532416', 'display_url': 'twitter.com/realamberheard…'}]"
2021-04-24T06:58:51.000Z,814569558,1385850707807399939,"[{'type': 'quoted', 'id': '1385790602361532416'}]",en,Twitter for Android,From her own mouth! https://t.co/u7xnOMKPoQ,0,0,0,0,,2021-04-24T03:00:01.000Z,807003567605227520,54476519,1385790602361532416,"[{'type': 'replied_to', 'id': '1385748355112837120'}]",en,8,43,72,7,Twitter for iPhone,"[{'start': 0, 'end': 11, 'username': 'Eve_Barlow', 'id': '54476519'}, {'start': 12, 'end': 23, 'username': 'ultragrrrl', 'id': '5845642'}]","[{'start': 24, 'end': 41, 'probability': 0.7561, 'type': 'Product', 'normalized_text': 'Chateau Wine Wipes'}]",@Eve_Barlow @ultragrrrl Chateau Wine Wipes is literally my significant other,https://pbs.twimg.com/profile_images/1383196364792680448/N8CdupEu_normal.jpg,190322,220,1149,567,807003567605227520,2016-12-08T23:26:58.000Z,Amber Heard,realamberheard,"Los Angeles, CA","Actor and Activist, semi-professional disruptor, ice cream advocate and shameless teacup yorkie-lover",https://t.co/Ze18Ek9SOI,https://pbs.twimg.com/profile_images/1269416094848040965/sF0BvkWg_normal.jpg,746,1201,26309,0,814569558,2012-09-10T06:07:35.000Z,Suse Monroe. avatar: not my property. ©copyright,susanmaclean41,Back home in Aus!,Defender against slander of Meghan and Harry,,"[{'start': 20, 'end': 43, 'url': 'https://t.co/u7xnOMKPoQ', 'expanded_url': 'https://twitter.com/realamberheard/status/1385790602361532416', 'display_url': 'twitter.com/realamberheard…'}]"
2021-04-24T03:20:50.000Z,3065762493,1385795841236078594,"[{'type': 'quoted', 'id': '1385790602361532416'}]",en,Twitter for iPhone,i just love her https://t.co/1BTlxTZwxi,0,1,5,0,,2021-04-24T03:00:01.000Z,807003567605227520,54476519,1385790602361532416,"[{'type': 'replied_to', 'id': '1385748355112837120'}]",en,8,43,72,7,Twitter for iPhone,"[{'start': 0, 'end': 11, 'username': 'Eve_Barlow', 'id': '54476519'}, {'start': 12, 'end': 23, 'username': 'ultragrrrl', 'id': '5845642'}]","[{'start': 24, 'end': 41, 'probability': 0.7561, 'type': 'Product', 'normalized_text': 'Chateau Wine Wipes'}]",@Eve_Barlow @ultragrrrl Chateau Wine Wipes is literally my significant other,https://pbs.twimg.com/profile_images/1383196364792680448/N8CdupEu_normal.jpg,190322,220,1149,567,807003567605227520,2016-12-08T23:26:58.000Z,Amber Heard,realamberheard,"Los Angeles, CA","Actor and Activist, semi-professional disruptor, ice cream advocate and shameless teacup yorkie-lover",https://t.co/Ze18Ek9SOI,https://pbs.twimg.com/profile_images/1438347905304256512/kQoJOMWs_normal.jpg,2809,97,32673,29,3065762493,2015-03-01T20:14:47.000Z,carol,heardverse,Brasil,ur resident amber heard stan,https://t.co/YxZgLFMyeQ,"[{'start': 16, 'end': 39, 'url': 'https://t.co/1BTlxTZwxi', 'expanded_url': 'https://twitter.com/realamberheard/status/1385790602361532416', 'display_url': 'twitter.com/realamberheard…'}]"
