source,referenced_tweets,text,id,lang,created_at,author_id,entities.urls,public_metrics.retweet_count,public_metrics.reply_count,public_metrics.like_count,public_metrics.quote_count,quoted_tweet.entities.urls,quoted_tweet.source,quoted_tweet.public_metrics.retweet_count,quoted_tweet.public_metrics.reply_count,quoted_tweet.public_metrics.like_count,quoted_tweet.public_metrics.quote_count,quoted_tweet.text,quoted_tweet.id,quoted_tweet.lang,quoted_tweet.created_at,quoted_tweet.author_id,quoted_tweet.author.description,quoted_tweet.author.username,quoted_tweet.author.url,quoted_tweet.author.id,quoted_tweet.author.location,quoted_tweet.author.name,quoted_tweet.author.public_metrics.followers_count,quoted_tweet.author.public_metrics.following_count,quoted_tweet.author.public_metrics.tweet_count,quoted_tweet.author.public_metrics.listed_count,quoted_tweet.author.profile_image_url,quoted_tweet.author.created_at,author.description,author.username,author.url,author.id,author.location,author.name,author.public_metrics.followers_count,author.public_metrics.following_count,author.public_metrics.tweet_count,author.public_metrics.listed_count,author.profile_image_url,author.created_at,entities.annotations,entities.hashtags,entities.mentions,in_reply_to_user_id
Twitter Web App,"[{'type': 'quoted', 'id': '1415548936312528898'}]",NOOOOOOOOOOOOOOOOOO COTTON'S PARROT NOOOOOOOOOOOOOOOOOOOOOOOOO 😰😰 https://t.co/oXgs5e6Fy3,1442189880654770181,en,2021-09-26T18:10:36.000Z,1036614064041021441,"[{'start': 66, 'end': 89, 'url': 'https://t.co/oXgs5e6Fy3', 'expanded_url': 'https://twitter.com/realamberheard/status/1415548936312528898', 'display_url': 'twitter.com/realamberheard…'}]",0,0,1,0,"[{'start': 34, 'end': 57, 'url': 'https://t.co/S5q9jOjLta', 'expanded_url': 'https://twitter.com/realamberheard/status/1415548936312528898/video/1', 'display_url': 'pic.twitter.com/S5q9jOjLta'}]",Twitter for iPhone,179,24,2994,69,It was bring a macaw to work day! https://t.co/S5q9jOjLta,1415548936312528898,en,2021-07-15T05:49:00.000Z,807003567605227520,"Actor and Activist, semi-professional disruptor, ice cream advocate and shameless teacup yorkie-lover",realamberheard,https://t.co/Ze18Ek9SOI,807003567605227520,"Los Angeles, CA",Amber Heard,190319,220,1149,567,https://pbs.twimg.com/profile_images/1383196364792680448/N8CdupEu_normal.jpg,2016-12-08T23:26:58.000Z,"🏳️‍🌈 Artista, gamer y cinéfilo 🎨✖🎮✖🎬
Capitán de la @AsambleaLSL ☠️
Piratilla del #SeaOfThieves 
#StarWars 🌠
#KingdomHearts 🖤
#AssassinsCreed 🦅
#Marvel",SPGamer19,https://t.co/2KhdjVnEwD,1036614064041021441,El Caribe,☠Capitán SP🎨,401,1861,6035,0,https://pbs.twimg.com/profile_images/1495259940797259783/hqJwstQ2_normal.jpg,2018-09-03T13:57:07.000Z,,,,
Twitter for iPhone,"[{'type': 'quoted', 'id': '1415548936312528898'}]",The Parrot: Long live the Johnny Depp https://t.co/iLCCojliL2 https://t.co/ujSM1rHGDu,1438248062611251200,en,2021-09-15T21:07:14.000Z,1069862869901160448,"[{'start': 38, 'end': 61, 'url': 'https://t.co/iLCCojliL2', 'expanded_url': 'https://twitter.com/PJenderman36/status/1438248062611251200/photo/1', 'display_url': 'pic.twitter.com/iLCCojliL2'}, {'start': 62, 'end': 85, 'url': 'https://t.co/ujSM1rHGDu', 'expanded_url': 'https://twitter.com/realamberheard/status/1415548936312528898', 'display_url': 'twitter.com/realamberheard…'}]",0,0,0,0,"[{'start': 34, 'end': 57, 'url': 'https://t.co/S5q9jOjLta', 'expanded_url': 'https://twitter.com/realamberheard/status/1415548936312528898/video/1', 'display_url': 'pic.twitter.com/S5q9jOjLta'}]",Twitter for iPhone,179,24,2994,69,It was bring a macaw to work day! https://t.co/S5q9jOjLta,1415548936312528898,en,2021-07-15T05:49:00.000Z,807003567605227520,"Actor and Activist, semi-professional disruptor, ice cream advocate and shameless teacup yorkie-lover",realamberheard,https://t.co/Ze18Ek9SOI,807003567605227520,"Los Angeles, CA",Amber Heard,190319,220,1149,567,https://pbs.twimg.com/profile_images/1383196364792680448/N8CdupEu_normal.jpg,2016-12-08T23:26:58.000Z,HoNk HoNk :o) Welcome To The Nsfw RP Carnival 18+ and adults only. [here my discord @PJenderman36 #8903 ] if you wanna rp with me,PJenderman36,,1069862869901160448,SCP- Infinity room,"PJenderman (Be Not Afraid, Be Horny)😏",906,3551,96180,10,https://pbs.twimg.com/profile_images/1069863825472577537/J3i4s3kE_normal.jpg,2018-12-04T07:56:00.000Z,"[{'start': 26, 'end': 36, 'probability': 0.845, 'type': 'Person', 'normalized_text': 'Johnny Depp'}]",,,
Twitter for Android,"[{'type': 'retweeted', 'id': '1415710149403107329'}]","RT @depphead_4_life: I see the macaw dropped a turd 💩 

#JusticeForJohnnyDepp #AmberHeardIsAnAbuser",1426296451278114819,en,2021-08-13T21:35:47.000Z,1393228543228669957,,2,0,0,0,"[{'start': 34, 'end': 57, 'url': 'https://t.co/S5q9jOjLta', 'expanded_url': 'https://twitter.com/realamberheard/status/1415548936312528898/video/1', 'display_url': 'pic.twitter.com/S5q9jOjLta'}]",Twitter for iPhone,179,24,2994,69,It was bring a macaw to work day! https://t.co/S5q9jOjLta,1415548936312528898,en,2021-07-15T05:49:00.000Z,807003567605227520,"Actor and Activist, semi-professional disruptor, ice cream advocate and shameless teacup yorkie-lover",realamberheard,https://t.co/Ze18Ek9SOI,807003567605227520,"Los Angeles, CA",Amber Heard,190319,220,1149,567,https://pbs.twimg.com/profile_images/1383196364792680448/N8CdupEu_normal.jpg,2016-12-08T23:26:58.000Z,#JohnnyDeppIsMyGrindelwald,Homo_5apien,,1393228543228669957,🏞️,Homo 5apien,0,18,34,0,https://pbs.twimg.com/profile_images/1393990661460926481/4aam6g1v_normal.jpg,2021-05-14T15:36:21.000Z,,"[{'start': 56, 'end': 77, 'tag': 'JusticeForJohnnyDepp'}, {'start': 78, 'end': 99, 'tag': 'AmberHeardIsAnAbuser'}]",,
Twitter for iPhone,"[{'type': 'quoted', 'id': '1415548936312528898'}]",#Good #Tip Hard work needs a spotter lol 👌 #AmberHeard https://t.co/EY7LOaxiXW,1425167517060935680,en,2021-08-10T18:49:49.000Z,247047509,"[{'start': 55, 'end': 78, 'url': 'https://t.co/EY7LOaxiXW', 'expanded_url': 'https://twitter.com/realamberheard/status/1415548936312528898', 'display_url': 'twitter.com/realamberheard…'}]",0,0,0,0,"[{'start': 34, 'end': 57, 'url': 'https://t.co/S5q9jOjLta', 'expanded_url': 'https://twitter.com/realamberheard/status/1415548936312528898/video/1', 'display_url': 'pic.twitter.com/S5q9jOjLta'}]",Twitter for iPhone,179,24,2994,69,It was bring a macaw to work day! https://t.co/S5q9jOjLta,1415548936312528898,en,2021-07-15T05:49:00.000Z,807003567605227520,"Actor and Activist, semi-professional disruptor, ice cream advocate and shameless teacup yorkie-lover",realamberheard,https://t.co/Ze18Ek9SOI,807003567605227520,"Los Angeles, CA",Amber Heard,190319,220,1149,567,https://pbs.twimg.com/profile_images/1383196364792680448/N8CdupEu_normal.jpg,2016-12-08T23:26:58.000Z,"stylist,attrice,artista,cittadina del mondo, Master Degree in Tourism Management; amante dei gatti e buoni cibi, intollerante alla violenza e alla stupidità",3nat34,,247047509,roma,natalia szopinska,1034,1654,11000,64,https://pbs.twimg.com/profile_images/693620675509145600/Tl0etWzh_normal.jpg,2011-02-04T00:08:36.000Z,,"[{'start': 0, 'end': 5, 'tag': 'Good'}, {'start': 6, 'end': 10, 'tag': 'Tip'}, {'start': 43, 'end': 54, 'tag': 'AmberHeard'}]",,
Twitter Web App,"[{'type': 'quoted', 'id': '1415548936312528898'}]","Aqui el esfuerzo de alguien que aún no cree que el boicot a #Aquaman2 será real e importante.
#JusticiaParaJhonnyDeep https://t.co/WKLjg91KBc",1417263492067954688,es,2021-07-19T23:22:02.000Z,558345374,"[{'start': 118, 'end': 141, 'url': 'https://t.co/WKLjg91KBc', 'expanded_url': 'https://twitter.com/realamberheard/status/1415548936312528898', 'display_url': 'twitter.com/realamberheard…'}]",0,0,1,0,"[{'start': 34, 'end': 57, 'url': 'https://t.co/S5q9jOjLta', 'expanded_url': 'https://twitter.com/realamberheard/status/1415548936312528898/video/1', 'display_url': 'pic.twitter.com/S5q9jOjLta'}]",Twitter for iPhone,179,24,2994,69,It was bring a macaw to work day! https://t.co/S5q9jOjLta,1415548936312528898,en,2021-07-15T05:49:00.000Z,807003567605227520,"Actor and Activist, semi-professional disruptor, ice cream advocate and shameless teacup yorkie-lover",realamberheard,https://t.co/Ze18Ek9SOI,807003567605227520,"Los Angeles, CA",Amber Heard,190319,220,1149,567,https://pbs.twimg.com/profile_images/1383196364792680448/N8CdupEu_normal.jpg,2016-12-08T23:26:58.000Z,"Aqui se Twitea humor, cosas muy serias y trivialidades. 
...Porque soy tan multifascetico como cualquiera",vgabrielbernal,https://t.co/whAHNrcWbc,558345374,"Zacatecas, Zac.",Hijo de Poo,767,469,4122,4,https://pbs.twimg.com/profile_images/1290842342216183809/hW7GlvPT_normal.jpg,2012-04-20T05:26:37.000Z,,"[{'start': 60, 'end': 69, 'tag': 'Aquaman2'}, {'start': 94, 'end': 117, 'tag': 'JusticiaParaJhonnyDeep'}]",,
Twitter Web App,"[{'type': 'quoted', 'id': '1415548936312528898'}]","#johhnydeppisinncent
#JusticeForJohnnyDepp 
#amberisaliar
Did anyone else pray she'd fall ..so disappointed https://t.co/pgNfhA0v1R",1416509462496546821,en,2021-07-17T21:25:47.000Z,969346499246247936,"[{'start': 108, 'end': 131, 'url': 'https://t.co/pgNfhA0v1R', 'expanded_url': 'https://twitter.com/realamberheard/status/1415548936312528898', 'display_url': 'twitter.com/realamberheard…'}]",0,0,3,0,"[{'start': 34, 'end': 57, 'url': 'https://t.co/S5q9jOjLta', 'expanded_url': 'https://twitter.com/realamberheard/status/1415548936312528898/video/1', 'display_url': 'pic.twitter.com/S5q9jOjLta'}]",Twitter for iPhone,179,24,2994,69,It was bring a macaw to work day! https://t.co/S5q9jOjLta,1415548936312528898,en,2021-07-15T05:49:00.000Z,807003567605227520,"Actor and Activist, semi-professional disruptor, ice cream advocate and shameless teacup yorkie-lover",realamberheard,https://t.co/Ze18Ek9SOI,807003567605227520,"Los Angeles, CA",Amber Heard,190319,220,1149,567,https://pbs.twimg.com/profile_images/1383196364792680448/N8CdupEu_normal.jpg,2016-12-08T23:26:58.000Z,"Heart Broke Father🌈💙💜
Avid reader 👍
Sorta ov a Recluse 🏠
Cheese Connoisseur 🧀
Pineapple on 🍕Lover",JasonClegg69,https://t.co/pwptJZlsZK,969346499246247936,Totally Lost at Moment,Brandtz69(CheezOnToast),13,117,1113,0,https://pbs.twimg.com/profile_images/1413501605618585601/akRyPMkr_normal.jpg,2018-03-01T22:59:49.000Z,,"[{'start': 0, 'end': 20, 'tag': 'johhnydeppisinncent'}, {'start': 21, 'end': 42, 'tag': 'JusticeForJohnnyDepp'}, {'start': 44, 'end': 57, 'tag': 'amberisaliar'}]",,
Twitter for Android,"[{'type': 'quoted', 'id': '1415548936312528898'}]",I reckon the bird knows what you did and wants to shit on you too. https://t.co/yMd8flXzEL,1416060761361711104,en,2021-07-16T15:42:49.000Z,3224022932,"[{'start': 67, 'end': 90, 'url': 'https://t.co/yMd8flXzEL', 'expanded_url': 'https://twitter.com/realamberheard/status/1415548936312528898', 'display_url': 'twitter.com/realamberheard…'}]",0,0,6,0,"[{'start': 34, 'end': 57, 'url': 'https://t.co/S5q9jOjLta', 'expanded_url': 'https://twitter.com/realamberheard/status/1415548936312528898/video/1', 'display_url': 'pic.twitter.com/S5q9jOjLta'}]",Twitter for iPhone,179,24,2994,69,It was bring a macaw to work day! https://t.co/S5q9jOjLta,1415548936312528898,en,2021-07-15T05:49:00.000Z,807003567605227520,"Actor and Activist, semi-professional disruptor, ice cream advocate and shameless teacup yorkie-lover",realamberheard,https://t.co/Ze18Ek9SOI,807003567605227520,"Los Angeles, CA",Amber Heard,190319,220,1149,567,https://pbs.twimg.com/profile_images/1383196364792680448/N8CdupEu_normal.jpg,2016-12-08T23:26:58.000Z,"Just a box doing the world some justice.
#fuckamberheard",kwyjibox,,3224022932,,Justabox,13,33,270,0,https://pbs.twimg.com/profile_images/1404348446190936064/fNusk9XP_normal.jpg,2015-05-23T07:45:33.000Z,,,,
Twitter Web App,"[{'type': 'quoted', 'id': '1415548936312528898'}]","Always great to be in real good shape,Pretty Lady!Keep on working out!Good Afternoon! https://t.co/MkRgZqcdxs",1415817887651033088,en,2021-07-15T23:37:43.000Z,1047778988,"[{'start': 86, 'end': 109, 'url': 'https://t.co/MkRgZqcdxs', 'expanded_url': 'https://twitter.com/realamberheard/status/1415548936312528898', 'display_url': 'twitter.com/realamberheard…'}]",0,0,0,0,"[{'start': 34, 'end': 57, 'url': 'https://t.co/S5q9jOjLta', 'expanded_url': 'https://twitter.com/realamberheard/status/1415548936312528898/video/1', 'display_url': 'pic.twitter.com/S5q9jOjLta'}]",Twitter for iPhone,179,24,2994,69,It was bring a macaw to work day! https://t.co/S5q9jOjLta,1415548936312528898,en,2021-07-15T05:49:00.000Z,807003567605227520,"Actor and Activist, semi-professional disruptor, ice cream advocate and shameless teacup yorkie-lover",realamberheard,https://t.co/Ze18Ek9SOI,807003567605227520,"Los Angeles, CA",Amber Heard,190319,220,1149,567,https://pbs.twimg.com/profile_images/1383196364792680448/N8CdupEu_normal.jpg,2016-12-08T23:26:58.000Z,Diplomat&Politico-Military Specialist;Entertainment Enthusiast&Script-Writer!,donn_morgan,,1047778988,,Donn Morgan Kipgen,470,539,112186,0,https://abs.twimg.com/sticky/default_profile_images/default_profile_normal.png,2012-12-30T12:45:55.000Z,,,,
Twitter for iPhone,"[{'type': 'quoted', 'id': '1415548936312528898'}]",God dam this girl makes me sick. Waste of life. #JusticeForJohnnyDepp https://t.co/eK8G3ii8q6,1415797522488905735,en,2021-07-15T22:16:48.000Z,1216897332005859328,"[{'start': 70, 'end': 93, 'url': 'https://t.co/eK8G3ii8q6', 'expanded_url': 'https://twitter.com/realamberheard/status/1415548936312528898', 'display_url': 'twitter.com/realamberheard…'}]",0,0,8,0,"[{'start': 34, 'end': 57, 'url': 'https://t.co/S5q9jOjLta', 'expanded_url': 'https://twitter.com/realamberheard/status/1415548936312528898/video/1', 'display_url': 'pic.twitter.com/S5q9jOjLta'}]",Twitter for iPhone,179,24,2994,69,It was bring a macaw to work day! https://t.co/S5q9jOjLta,1415548936312528898,en,2021-07-15T05:49:00.000Z,807003567605227520,"Actor and Activist, semi-professional disruptor, ice cream advocate and shameless teacup yorkie-lover",realamberheard,https://t.co/Ze18Ek9SOI,807003567605227520,"Los Angeles, CA",Amber Heard,190319,220,1149,567,https://pbs.twimg.com/profile_images/1383196364792680448/N8CdupEu_normal.jpg,2016-12-08T23:26:58.000Z,"a once proud wrestling fan, now it’s dead to me.",BuckJono2956,,1216897332005859328,,Jonathan Buck,5,68,216,0,https://pbs.twimg.com/profile_images/1216897968235630593/jH6Teud6_normal.jpg,2020-01-14T01:38:34.000Z,"[{'start': 0, 'end': 2, 'probability': 0.8196, 'type': 'Other', 'normalized_text': 'God'}]","[{'start': 48, 'end': 69, 'tag': 'JusticeForJohnnyDepp'}]",,
Twitter for Android,"[{'type': 'retweeted', 'id': '1415550046267904002'}]",RT @ChordP95: Good morning,1415752993778061328,en,2021-07-15T19:19:51.000Z,1269587056965140487,,1,0,0,0,"[{'start': 34, 'end': 57, 'url': 'https://t.co/S5q9jOjLta', 'expanded_url': 'https://twitter.com/realamberheard/status/1415548936312528898/video/1', 'display_url': 'pic.twitter.com/S5q9jOjLta'}]",Twitter for iPhone,179,24,2994,69,It was bring a macaw to work day! https://t.co/S5q9jOjLta,1415548936312528898,en,2021-07-15T05:49:00.000Z,807003567605227520,"Actor and Activist, semi-professional disruptor, ice cream advocate and shameless teacup yorkie-lover",realamberheard,https://t.co/Ze18Ek9SOI,807003567605227520,"Los Angeles, CA",Amber Heard,190319,220,1149,567,https://pbs.twimg.com/profile_images/1383196364792680448/N8CdupEu_normal.jpg,2016-12-08T23:26:58.000Z,nothing to know! just a fan account #AmberHeard and #LindsayLohan #ElizaDushku  🤪 and Bi 💋,BlackWi84,,1269587056965140487,Italia,LiLoFan💀🌈🏳️‍🌈🇮🇹,76,552,1967,0,https://pbs.twimg.com/profile_images/1411276842984742913/-wZBCRhU_normal.jpg,2020-06-07T11:08:57.000Z,,,"[{'start': 3, 'end': 12, 'username': 'ChordP95', 'id': '4869345401'}]",
Twitter for iPhone,"[{'type': 'retweeted', 'id': '1415710149403107329'}]","RT @rdalton777: I see the macaw dropped a turd 💩 

#JusticeForJohnnyDepp #AmberHeardIsAnAbuser",1415710223436849153,en,2021-07-15T16:29:54.000Z,19631355,,2,0,0,0,"[{'start': 34, 'end': 57, 'url': 'https://t.co/S5q9jOjLta', 'expanded_url': 'https://twitter.com/realamberheard/status/1415548936312528898/video/1', 'display_url': 'pic.twitter.com/S5q9jOjLta'}]",Twitter for iPhone,179,24,2994,69,It was bring a macaw to work day! https://t.co/S5q9jOjLta,1415548936312528898,en,2021-07-15T05:49:00.000Z,807003567605227520,"Actor and Activist, semi-professional disruptor, ice cream advocate and shameless teacup yorkie-lover",realamberheard,https://t.co/Ze18Ek9SOI,807003567605227520,"Los Angeles, CA",Amber Heard,190319,220,1149,567,https://pbs.twimg.com/profile_images/1383196364792680448/N8CdupEu_normal.jpg,2016-12-08T23:26:58.000Z,Storyteller for the entertainment industry 🎬🌟🎭,luckystars00,,19631355,Independent 🤍,✨Danielle✨,204,21,40417,45,https://pbs.twimg.com/profile_images/1504672174761725961/AxXKM0lR_normal.jpg,2009-01-28T02:21:02.000Z,,"[{'start': 51, 'end': 72, 'tag': 'JusticeForJohnnyDepp'}, {'start': 73, 'end': 94, 'tag': 'AmberHeardIsAnAbuser'}]",,
Twitter for iPhone,"[{'type': 'quoted', 'id': '1415548936312528898'}]","I see the macaw dropped a turd 💩 

#JusticeForJohnnyDepp #AmberHeardIsAnAbuser https://t.co/aIibd0IYc7",1415710149403107329,en,2021-07-15T16:29:36.000Z,1408566368245620748,"[{'start': 79, 'end': 102, 'url': 'https://t.co/aIibd0IYc7', 'expanded_url': 'https://twitter.com/realamberheard/status/1415548936312528898', 'display_url': 'twitter.com/realamberheard…'}]",2,0,14,0,"[{'start': 34, 'end': 57, 'url': 'https://t.co/S5q9jOjLta', 'expanded_url': 'https://twitter.com/realamberheard/status/1415548936312528898/video/1', 'display_url': 'pic.twitter.com/S5q9jOjLta'}]",Twitter for iPhone,179,24,2994,69,It was bring a macaw to work day! https://t.co/S5q9jOjLta,1415548936312528898,en,2021-07-15T05:49:00.000Z,807003567605227520,"Actor and Activist, semi-professional disruptor, ice cream advocate and shameless teacup yorkie-lover",realamberheard,https://t.co/Ze18Ek9SOI,807003567605227520,"Los Angeles, CA",Amber Heard,190319,220,1149,567,https://pbs.twimg.com/profile_images/1383196364792680448/N8CdupEu_normal.jpg,2016-12-08T23:26:58.000Z,This feed is dedicated to the extraordinary and ridiculously talented Johnny Depp 🎬 Day job: I make you look good in the media aka PR rockstar 👩🏻‍💻,johndeppwarrior,https://t.co/7d7XD1Kxau,1408566368245620748,Somewhere on Planet Earth,Johnny Depp’s Warrior,375,38,4231,0,https://pbs.twimg.com/profile_images/1504957859490062337/cr6eamaF_normal.jpg,2021-06-25T23:22:56.000Z,,"[{'start': 35, 'end': 56, 'tag': 'JusticeForJohnnyDepp'}, {'start': 57, 'end': 78, 'tag': 'AmberHeardIsAnAbuser'}]",,
Twitter for Android,"[{'type': 'quoted', 'id': '1415548936312528898'}]",🥵🥵🥵🥵🥵 https://t.co/cGVkDUGf4P,1415707335448727555,und,2021-07-15T16:18:25.000Z,3289061709,"[{'start': 6, 'end': 29, 'url': 'https://t.co/cGVkDUGf4P', 'expanded_url': 'https://twitter.com/realamberheard/status/1415548936312528898', 'display_url': 'twitter.com/realamberheard…'}]",0,1,0,0,"[{'start': 34, 'end': 57, 'url': 'https://t.co/S5q9jOjLta', 'expanded_url': 'https://twitter.com/realamberheard/status/1415548936312528898/video/1', 'display_url': 'pic.twitter.com/S5q9jOjLta'}]",Twitter for iPhone,179,24,2994,69,It was bring a macaw to work day! https://t.co/S5q9jOjLta,1415548936312528898,en,2021-07-15T05:49:00.000Z,807003567605227520,"Actor and Activist, semi-professional disruptor, ice cream advocate and shameless teacup yorkie-lover",realamberheard,https://t.co/Ze18Ek9SOI,807003567605227520,"Los Angeles, CA",Amber Heard,190319,220,1149,567,https://pbs.twimg.com/profile_images/1383196364792680448/N8CdupEu_normal.jpg,2016-12-08T23:26:58.000Z,I'm nobody,lmjdanverx,https://t.co/0BSavQamx9,3289061709,supercorp endgame,let 🍒,1489,2040,26209,2,https://pbs.twimg.com/profile_images/1460845798472785922/fNUZ3NEc_normal.jpg,2015-05-18T22:00:25.000Z,,,,
Twitter for Android,"[{'type': 'quoted', 'id': '1415548936312528898'}]","El ejercicio es ejercicio con o sin mascotas, que no decaiga esa actitud guacamaya fitness
@realamberheard 
😁😁🐦🐦💪💪 https://t.co/9hgBQHB07W",1415706707934785537,es,2021-07-15T16:15:56.000Z,2188993399,"[{'start': 115, 'end': 138, 'url': 'https://t.co/9hgBQHB07W', 'expanded_url': 'https://twitter.com/realamberheard/status/1415548936312528898', 'display_url': 'twitter.com/realamberheard…'}]",0,0,0,0,"[{'start': 34, 'end': 57, 'url': 'https://t.co/S5q9jOjLta', 'expanded_url': 'https://twitter.com/realamberheard/status/1415548936312528898/video/1', 'display_url': 'pic.twitter.com/S5q9jOjLta'}]",Twitter for iPhone,179,24,2994,69,It was bring a macaw to work day! https://t.co/S5q9jOjLta,1415548936312528898,en,2021-07-15T05:49:00.000Z,807003567605227520,"Actor and Activist, semi-professional disruptor, ice cream advocate and shameless teacup yorkie-lover",realamberheard,https://t.co/Ze18Ek9SOI,807003567605227520,"Los Angeles, CA",Amber Heard,190319,220,1149,567,https://pbs.twimg.com/profile_images/1383196364792680448/N8CdupEu_normal.jpg,2016-12-08T23:26:58.000Z,,marcoantfab,,2188993399,,Marko Andrade,23,71,958,0,https://pbs.twimg.com/profile_images/906042067704352769/YB4ImfVV_normal.jpg,2013-11-11T21:01:19.000Z,,,"[{'start': 91, 'end': 106, 'username': 'realamberheard', 'id': '807003567605227520'}]",
Twitter for Android,"[{'type': 'quoted', 'id': '1415548936312528898'}]",Hard work needs a spotter lol.... https://t.co/h1X8ksJSEq,1415698446707798017,en,2021-07-15T15:43:06.000Z,520525157,"[{'start': 34, 'end': 57, 'url': 'https://t.co/h1X8ksJSEq', 'expanded_url': 'https://twitter.com/realamberheard/status/1415548936312528898', 'display_url': 'twitter.com/realamberheard…'}]",0,0,2,0,"[{'start': 34, 'end': 57, 'url': 'https://t.co/S5q9jOjLta', 'expanded_url': 'https://twitter.com/realamberheard/status/1415548936312528898/video/1', 'display_url': 'pic.twitter.com/S5q9jOjLta'}]",Twitter for iPhone,179,24,2994,69,It was bring a macaw to work day! https://t.co/S5q9jOjLta,1415548936312528898,en,2021-07-15T05:49:00.000Z,807003567605227520,"Actor and Activist, semi-professional disruptor, ice cream advocate and shameless teacup yorkie-lover",realamberheard,https://t.co/Ze18Ek9SOI,807003567605227520,"Los Angeles, CA",Amber Heard,190319,220,1149,567,https://pbs.twimg.com/profile_images/1383196364792680448/N8CdupEu_normal.jpg,2016-12-08T23:26:58.000Z,"BHG clan is the where I call home, a shout out to our sponsors @evilcontrollers and @devilgrips. @Biohectikgaming is the only place for me to call home.",BerwickPatrick,https://t.co/VIjHyeUfoI,520525157,"Savannah, GA",BHGStarsandbars308,56,329,539,0,https://pbs.twimg.com/profile_images/1290508242708303872/kb8qC4GP_normal.jpg,2012-03-10T16:16:01.000Z,,,,
Twitter for Android,"[{'type': 'quoted', 'id': '1415548936312528898'}]",Una inspiración para entrenar 💪 https://t.co/KdpaKLcJWq,1415683667448324104,es,2021-07-15T14:44:23.000Z,181720099,"[{'start': 32, 'end': 55, 'url': 'https://t.co/KdpaKLcJWq', 'expanded_url': 'https://twitter.com/realamberheard/status/1415548936312528898', 'display_url': 'twitter.com/realamberheard…'}]",0,0,5,0,"[{'start': 34, 'end': 57, 'url': 'https://t.co/S5q9jOjLta', 'expanded_url': 'https://twitter.com/realamberheard/status/1415548936312528898/video/1', 'display_url': 'pic.twitter.com/S5q9jOjLta'}]",Twitter for iPhone,179,24,2994,69,It was bring a macaw to work day! https://t.co/S5q9jOjLta,1415548936312528898,en,2021-07-15T05:49:00.000Z,807003567605227520,"Actor and Activist, semi-professional disruptor, ice cream advocate and shameless teacup yorkie-lover",realamberheard,https://t.co/Ze18Ek9SOI,807003567605227520,"Los Angeles, CA",Amber Heard,190319,220,1149,567,https://pbs.twimg.com/profile_images/1383196364792680448/N8CdupEu_normal.jpg,2016-12-08T23:26:58.000Z,"Team La Mera Mera, Amber Heard fangirl, The Witcher, Titans, Marvel, DC, Amber Heard fangirl AGAIN 🥰🐺🕊️⚔️
@aheardlatino",xKathxk,,181720099,All Around The World,Kathy 🤍🌳🌳,568,1095,20050,5,https://pbs.twimg.com/profile_images/1499180146456031233/ldV5A68U_normal.jpg,2010-08-22T22:19:38.000Z,,,,
Twitter for Android,"[{'type': 'quoted', 'id': '1415548936312528898'}]",Brinque enquanto seu ex marido é julgado 🤩🤩🤩🤩 https://t.co/NFMw1v2b2q,1415683258868633621,pt,2021-07-15T14:42:45.000Z,1005165397572714496,"[{'start': 46, 'end': 69, 'url': 'https://t.co/NFMw1v2b2q', 'expanded_url': 'https://twitter.com/realamberheard/status/1415548936312528898', 'display_url': 'twitter.com/realamberheard…'}]",0,0,1,0,"[{'start': 34, 'end': 57, 'url': 'https://t.co/S5q9jOjLta', 'expanded_url': 'https://twitter.com/realamberheard/status/1415548936312528898/video/1', 'display_url': 'pic.twitter.com/S5q9jOjLta'}]",Twitter for iPhone,179,24,2994,69,It was bring a macaw to work day! https://t.co/S5q9jOjLta,1415548936312528898,en,2021-07-15T05:49:00.000Z,807003567605227520,"Actor and Activist, semi-professional disruptor, ice cream advocate and shameless teacup yorkie-lover",realamberheard,https://t.co/Ze18Ek9SOI,807003567605227520,"Los Angeles, CA",Amber Heard,190319,220,1149,567,https://pbs.twimg.com/profile_images/1383196364792680448/N8CdupEu_normal.jpg,2016-12-08T23:26:58.000Z,Attraversiamo;,bragassol,https://t.co/yUsxvq93r5,1005165397572714496,Atena ,braga fc Avicii - 📖 Divergente,220,300,12962,1,https://pbs.twimg.com/profile_images/1501652868931231747/7jKdctgF_normal.jpg,2018-06-08T19:11:20.000Z,,,,
Twitter Web App,"[{'type': 'quoted', 'id': '1415548936312528898'}]",Her smile is so precious 😍😍 I love you @realamberheard  and I love to see the effort you're putting into #Aquaman2 https://t.co/PWFYBrbo59,1415681925977579526,en,2021-07-15T14:37:27.000Z,1378891901508722689,"[{'start': 115, 'end': 138, 'url': 'https://t.co/PWFYBrbo59', 'expanded_url': 'https://twitter.com/realamberheard/status/1415548936312528898', 'display_url': 'twitter.com/realamberheard…'}]",0,0,4,1,"[{'start': 34, 'end': 57, 'url': 'https://t.co/S5q9jOjLta', 'expanded_url': 'https://twitter.com/realamberheard/status/1415548936312528898/video/1', 'display_url': 'pic.twitter.com/S5q9jOjLta'}]",Twitter for iPhone,179,24,2994,69,It was bring a macaw to work day! https://t.co/S5q9jOjLta,1415548936312528898,en,2021-07-15T05:49:00.000Z,807003567605227520,"Actor and Activist, semi-professional disruptor, ice cream advocate and shameless teacup yorkie-lover",realamberheard,https://t.co/Ze18Ek9SOI,807003567605227520,"Los Angeles, CA",Amber Heard,190319,220,1149,567,https://pbs.twimg.com/profile_images/1383196364792680448/N8CdupEu_normal.jpg,2016-12-08T23:26:58.000Z,"#MERA:  Sometimes we have to do what's right, even if our heart aches against it",heardpride,,1378891901508722689,,amy,407,430,3447,0,https://pbs.twimg.com/profile_images/1502768358856437760/c-aoKVfF_normal.jpg,2021-04-05T02:07:10.000Z,,"[{'start': 105, 'end': 114, 'tag': 'Aquaman2'}]","[{'start': 39, 'end': 54, 'username': 'realamberheard', 'id': '807003567605227520'}]",
Twitter Web App,"[{'type': 'quoted', 'id': '1415548936312528898'}]",mamacita https://t.co/oPrXtc0R40,1415680661415895046,es,2021-07-15T14:32:26.000Z,536515604,"[{'start': 9, 'end': 32, 'url': 'https://t.co/oPrXtc0R40', 'expanded_url': 'https://twitter.com/realamberheard/status/1415548936312528898', 'display_url': 'twitter.com/realamberheard…'}]",0,1,2,0,"[{'start': 34, 'end': 57, 'url': 'https://t.co/S5q9jOjLta', 'expanded_url': 'https://twitter.com/realamberheard/status/1415548936312528898/video/1', 'display_url': 'pic.twitter.com/S5q9jOjLta'}]",Twitter for iPhone,179,24,2994,69,It was bring a macaw to work day! https://t.co/S5q9jOjLta,1415548936312528898,en,2021-07-15T05:49:00.000Z,807003567605227520,"Actor and Activist, semi-professional disruptor, ice cream advocate and shameless teacup yorkie-lover",realamberheard,https://t.co/Ze18Ek9SOI,807003567605227520,"Los Angeles, CA",Amber Heard,190319,220,1149,567,https://pbs.twimg.com/profile_images/1383196364792680448/N8CdupEu_normal.jpg,2016-12-08T23:26:58.000Z,"#TeamArthurAguiar
𝔓𝔞𝔦𝔫 𝔦𝔰 ℜ𝔢𝔡𝔢𝔪𝔭𝔱𝔦𝔬𝔫 ✝️
𝑫𝑪
𝑇ℎ𝑒 𝐹𝑙𝑎𝑠ℎ 𝑆𝑡𝑎𝑛 ⚡
𝐵𝑎𝑡𝑤𝑜𝑚𝑎𝑛
@Cruzeiro
WWE universe
(Ele/Dele)",MultiverseFlash,,536515604,"Belo Horizonte, Brasil",𝙂𝙖𝙗𝙧𝙞𝙚𝙡 ✨ 🍞 KING ARTHUR,6805,5303,421899,33,https://pbs.twimg.com/profile_images/1506400140759908360/3PU0ue8b_normal.jpg,2012-03-25T18:04:12.000Z,,,,
Twitter for Android,"[{'type': 'quoted', 'id': '1415548936312528898'}]",tão linda minha esposa https://t.co/fl2jgn42Yj,1415678113468477450,pt,2021-07-15T14:22:18.000Z,61382436,"[{'start': 23, 'end': 46, 'url': 'https://t.co/fl2jgn42Yj', 'expanded_url': 'https://twitter.com/realamberheard/status/1415548936312528898', 'display_url': 'twitter.com/realamberheard…'}]",0,0,0,1,"[{'start': 34, 'end': 57, 'url': 'https://t.co/S5q9jOjLta', 'expanded_url': 'https://twitter.com/realamberheard/status/1415548936312528898/video/1', 'display_url': 'pic.twitter.com/S5q9jOjLta'}]",Twitter for iPhone,179,24,2994,69,It was bring a macaw to work day! https://t.co/S5q9jOjLta,1415548936312528898,en,2021-07-15T05:49:00.000Z,807003567605227520,"Actor and Activist, semi-professional disruptor, ice cream advocate and shameless teacup yorkie-lover",realamberheard,https://t.co/Ze18Ek9SOI,807003567605227520,"Los Angeles, CA",Amber Heard,190319,220,1149,567,https://pbs.twimg.com/profile_images/1383196364792680448/N8CdupEu_normal.jpg,2016-12-08T23:26:58.000Z,*covers up real feelings with passive aggressive sarcasm*,corrneliastreet,,61382436,,nat,605,645,122584,9,https://pbs.twimg.com/profile_images/1478874000612900866/d4XgEall_normal.jpg,2009-07-30T03:47:26.000Z,,,,
Twitter for Android,"[{'type': 'quoted', 'id': '1415548936312528898'}]",AMBER IS GIRL FROM RIO https://t.co/QNfClUVKRm https://t.co/471eM8os8n,1415674157686132740,en,2021-07-15T14:06:35.000Z,1212189014217744389,"[{'start': 23, 'end': 46, 'url': 'https://t.co/QNfClUVKRm', 'expanded_url': 'https://twitter.com/birutanny/status/1415674157686132740/photo/1', 'display_url': 'pic.twitter.com/QNfClUVKRm'}, {'start': 47, 'end': 70, 'url': 'https://t.co/471eM8os8n', 'expanded_url': 'https://twitter.com/realamberheard/status/1415548936312528898', 'display_url': 'twitter.com/realamberheard…'}]",0,0,5,0,"[{'start': 34, 'end': 57, 'url': 'https://t.co/S5q9jOjLta', 'expanded_url': 'https://twitter.com/realamberheard/status/1415548936312528898/video/1', 'display_url': 'pic.twitter.com/S5q9jOjLta'}]",Twitter for iPhone,179,24,2994,69,It was bring a macaw to work day! https://t.co/S5q9jOjLta,1415548936312528898,en,2021-07-15T05:49:00.000Z,807003567605227520,"Actor and Activist, semi-professional disruptor, ice cream advocate and shameless teacup yorkie-lover",realamberheard,https://t.co/Ze18Ek9SOI,807003567605227520,"Los Angeles, CA",Amber Heard,190319,220,1149,567,https://pbs.twimg.com/profile_images/1383196364792680448/N8CdupEu_normal.jpg,2016-12-08T23:26:58.000Z,"𝐀𝐧𝐧𝐲  ◡̈ 
              
        


          














 











Ela/dela • aqua & batfamily• Amber - Zoe stan",birutanny,https://t.co/jQhcFAVaQu,1212189014217744389,"Aracaju, Brasil",Anny,161,338,3972,2,https://pbs.twimg.com/profile_images/1504789917490102276/AvoRk1bg_normal.jpg,2020-01-01T01:49:29.000Z,"[{'start': 0, 'end': 4, 'probability': 0.8951, 'type': 'Person', 'normalized_text': 'AMBER'}, {'start': 19, 'end': 21, 'probability': 0.6109, 'type': 'Place', 'normalized_text': 'RIO'}]",,,
Twitter for Android,"[{'type': 'quoted', 'id': '1415548936312528898'}]",A ARARINHA 😍😍 https://t.co/471eM8os8n,1415673847991312388,pt,2021-07-15T14:05:21.000Z,1212189014217744389,"[{'start': 14, 'end': 37, 'url': 'https://t.co/471eM8os8n', 'expanded_url': 'https://twitter.com/realamberheard/status/1415548936312528898', 'display_url': 'twitter.com/realamberheard…'}]",0,0,0,0,"[{'start': 34, 'end': 57, 'url': 'https://t.co/S5q9jOjLta', 'expanded_url': 'https://twitter.com/realamberheard/status/1415548936312528898/video/1', 'display_url': 'pic.twitter.com/S5q9jOjLta'}]",Twitter for iPhone,179,24,2994,69,It was bring a macaw to work day! https://t.co/S5q9jOjLta,1415548936312528898,en,2021-07-15T05:49:00.000Z,807003567605227520,"Actor and Activist, semi-professional disruptor, ice cream advocate and shameless teacup yorkie-lover",realamberheard,https://t.co/Ze18Ek9SOI,807003567605227520,"Los Angeles, CA",Amber Heard,190319,220,1149,567,https://pbs.twimg.com/profile_images/1383196364792680448/N8CdupEu_normal.jpg,2016-12-08T23:26:58.000Z,"𝐀𝐧𝐧𝐲  ◡̈ 
              
        


          














 











Ela/dela • aqua & batfamily• Amber - Zoe stan",birutanny,https://t.co/jQhcFAVaQu,1212189014217744389,"Aracaju, Brasil",Anny,161,338,3972,2,https://pbs.twimg.com/profile_images/1504789917490102276/AvoRk1bg_normal.jpg,2020-01-01T01:49:29.000Z,,,,
Twitter for Android,"[{'type': 'quoted', 'id': '1415548936312528898'}]",More skin for the fanboy/girl simp army https://t.co/ehvbWz5RcF https://t.co/sSCXC6xRzv,1415673125551804429,en,2021-07-15T14:02:29.000Z,1292531768478904320,"[{'start': 40, 'end': 63, 'url': 'https://t.co/ehvbWz5RcF', 'expanded_url': 'https://twitter.com/Faust94858333/status/1415673125551804429/photo/1', 'display_url': 'pic.twitter.com/ehvbWz5RcF'}, {'start': 64, 'end': 87, 'url': 'https://t.co/sSCXC6xRzv', 'expanded_url': 'https://twitter.com/realamberheard/status/1415548936312528898', 'display_url': 'twitter.com/realamberheard…'}]",0,0,0,0,"[{'start': 34, 'end': 57, 'url': 'https://t.co/S5q9jOjLta', 'expanded_url': 'https://twitter.com/realamberheard/status/1415548936312528898/video/1', 'display_url': 'pic.twitter.com/S5q9jOjLta'}]",Twitter for iPhone,179,24,2994,69,It was bring a macaw to work day! https://t.co/S5q9jOjLta,1415548936312528898,en,2021-07-15T05:49:00.000Z,807003567605227520,"Actor and Activist, semi-professional disruptor, ice cream advocate and shameless teacup yorkie-lover",realamberheard,https://t.co/Ze18Ek9SOI,807003567605227520,"Los Angeles, CA",Amber Heard,190319,220,1149,567,https://pbs.twimg.com/profile_images/1383196364792680448/N8CdupEu_normal.jpg,2016-12-08T23:26:58.000Z,,Faust94858333,,1292531768478904320,,Faustus,40,95,4630,0,https://pbs.twimg.com/profile_images/1419984624260890625/VJDpMwy-_normal.jpg,2020-08-09T18:42:52.000Z,,,,
Twitter for iPhone,"[{'type': 'quoted', 'id': '1415548936312528898'}]",Good morning wife https://t.co/jG4lRCz4vb,1415673082887344147,en,2021-07-15T14:02:19.000Z,1002402585247133701,"[{'start': 18, 'end': 41, 'url': 'https://t.co/jG4lRCz4vb', 'expanded_url': 'https://twitter.com/realamberheard/status/1415548936312528898', 'display_url': 'twitter.com/realamberheard…'}]",0,0,1,0,"[{'start': 34, 'end': 57, 'url': 'https://t.co/S5q9jOjLta', 'expanded_url': 'https://twitter.com/realamberheard/status/1415548936312528898/video/1', 'display_url': 'pic.twitter.com/S5q9jOjLta'}]",Twitter for iPhone,179,24,2994,69,It was bring a macaw to work day! https://t.co/S5q9jOjLta,1415548936312528898,en,2021-07-15T05:49:00.000Z,807003567605227520,"Actor and Activist, semi-professional disruptor, ice cream advocate and shameless teacup yorkie-lover",realamberheard,https://t.co/Ze18Ek9SOI,807003567605227520,"Los Angeles, CA",Amber Heard,190319,220,1149,567,https://pbs.twimg.com/profile_images/1383196364792680448/N8CdupEu_normal.jpg,2016-12-08T23:26:58.000Z,Katherine Elizabeth McGrath •1983•,favmcgrath,,1002402585247133701,Meltie,yazi,5548,511,111591,9,https://pbs.twimg.com/profile_images/1506439260911681538/nVrezaEF_normal.jpg,2018-06-01T04:12:54.000Z,,,,
Twitter for Android,"[{'type': 'quoted', 'id': '1415548936312528898'}]",As we say in Scotland... Go bile yer heid ya midden. https://t.co/TSNjbCKpI6,1415667243866746882,en,2021-07-15T13:39:07.000Z,995608240040882176,"[{'start': 53, 'end': 76, 'url': 'https://t.co/TSNjbCKpI6', 'expanded_url': 'https://twitter.com/realamberheard/status/1415548936312528898', 'display_url': 'twitter.com/realamberheard…'}]",0,0,2,0,"[{'start': 34, 'end': 57, 'url': 'https://t.co/S5q9jOjLta', 'expanded_url': 'https://twitter.com/realamberheard/status/1415548936312528898/video/1', 'display_url': 'pic.twitter.com/S5q9jOjLta'}]",Twitter for iPhone,179,24,2994,69,It was bring a macaw to work day! https://t.co/S5q9jOjLta,1415548936312528898,en,2021-07-15T05:49:00.000Z,807003567605227520,"Actor and Activist, semi-professional disruptor, ice cream advocate and shameless teacup yorkie-lover",realamberheard,https://t.co/Ze18Ek9SOI,807003567605227520,"Los Angeles, CA",Amber Heard,190319,220,1149,567,https://pbs.twimg.com/profile_images/1383196364792680448/N8CdupEu_normal.jpg,2016-12-08T23:26:58.000Z,"British by law, Highlander by the grace of God. Supporter of #justiceforjohnnydepp

#TurdStainsareallabunchofTwats

Grumpy/Git",Alan1For,,995608240040882176,"Liverpool, England",Al 🏴󠁧󠁢󠁳󠁣󠁴󠁿🏴󠁧󠁢󠁷󠁬󠁳󠁿🇮🇪🏴‍☠️,141,219,5765,0,https://pbs.twimg.com/profile_images/1486441534778138632/H599g8Hb_normal.jpg,2018-05-13T10:14:36.000Z,"[{'start': 13, 'end': 20, 'probability': 0.9724, 'type': 'Place', 'normalized_text': 'Scotland'}]",,,
Twitter for Android,"[{'type': 'quoted', 'id': '1415548936312528898'}]",I love u https://t.co/cm07pdqpEw,1415661674963550209,en,2021-07-15T13:16:59.000Z,718495718932144128,"[{'start': 9, 'end': 32, 'url': 'https://t.co/cm07pdqpEw', 'expanded_url': 'https://twitter.com/realamberheard/status/1415548936312528898', 'display_url': 'twitter.com/realamberheard…'}]",0,0,3,0,"[{'start': 34, 'end': 57, 'url': 'https://t.co/S5q9jOjLta', 'expanded_url': 'https://twitter.com/realamberheard/status/1415548936312528898/video/1', 'display_url': 'pic.twitter.com/S5q9jOjLta'}]",Twitter for iPhone,179,24,2994,69,It was bring a macaw to work day! https://t.co/S5q9jOjLta,1415548936312528898,en,2021-07-15T05:49:00.000Z,807003567605227520,"Actor and Activist, semi-professional disruptor, ice cream advocate and shameless teacup yorkie-lover",realamberheard,https://t.co/Ze18Ek9SOI,807003567605227520,"Los Angeles, CA",Amber Heard,190319,220,1149,567,https://pbs.twimg.com/profile_images/1383196364792680448/N8CdupEu_normal.jpg,2016-12-08T23:26:58.000Z,,sebastianchir17,,718495718932144128,"Lima, Peru",Sebastián Chirinos,163,3240,43016,0,https://pbs.twimg.com/profile_images/1338361780687474688/a6zJ9GTP_normal.jpg,2016-04-08T17:48:23.000Z,,,,
Twitter for iPhone,"[{'type': 'quoted', 'id': '1415548936312528898'}]",😱🤩😍 https://t.co/pSCMdXDvXw,1415652678324133894,und,2021-07-15T12:41:14.000Z,934603759,"[{'start': 4, 'end': 27, 'url': 'https://t.co/pSCMdXDvXw', 'expanded_url': 'https://twitter.com/realamberheard/status/1415548936312528898', 'display_url': 'twitter.com/realamberheard…'}]",0,0,1,0,"[{'start': 34, 'end': 57, 'url': 'https://t.co/S5q9jOjLta', 'expanded_url': 'https://twitter.com/realamberheard/status/1415548936312528898/video/1', 'display_url': 'pic.twitter.com/S5q9jOjLta'}]",Twitter for iPhone,179,24,2994,69,It was bring a macaw to work day! https://t.co/S5q9jOjLta,1415548936312528898,en,2021-07-15T05:49:00.000Z,807003567605227520,"Actor and Activist, semi-professional disruptor, ice cream advocate and shameless teacup yorkie-lover",realamberheard,https://t.co/Ze18Ek9SOI,807003567605227520,"Los Angeles, CA",Amber Heard,190319,220,1149,567,https://pbs.twimg.com/profile_images/1383196364792680448/N8CdupEu_normal.jpg,2016-12-08T23:26:58.000Z,,darpy17,,934603759,,L(a)S✨🐾,38,383,871,0,https://pbs.twimg.com/profile_images/841314500628365312/xaxQulG1_normal.jpg,2012-11-08T14:11:37.000Z,,,,
Twitter for Android,"[{'type': 'quoted', 'id': '1415548936312528898'}]",👏👏💪💪 https://t.co/qZ05DWBgjN,1415648862786752513,und,2021-07-15T12:26:05.000Z,1036524755392909312,"[{'start': 5, 'end': 28, 'url': 'https://t.co/qZ05DWBgjN', 'expanded_url': 'https://twitter.com/realamberheard/status/1415548936312528898', 'display_url': 'twitter.com/realamberheard…'}]",0,0,0,0,"[{'start': 34, 'end': 57, 'url': 'https://t.co/S5q9jOjLta', 'expanded_url': 'https://twitter.com/realamberheard/status/1415548936312528898/video/1', 'display_url': 'pic.twitter.com/S5q9jOjLta'}]",Twitter for iPhone,179,24,2994,69,It was bring a macaw to work day! https://t.co/S5q9jOjLta,1415548936312528898,en,2021-07-15T05:49:00.000Z,807003567605227520,"Actor and Activist, semi-professional disruptor, ice cream advocate and shameless teacup yorkie-lover",realamberheard,https://t.co/Ze18Ek9SOI,807003567605227520,"Los Angeles, CA",Amber Heard,190319,220,1149,567,https://pbs.twimg.com/profile_images/1383196364792680448/N8CdupEu_normal.jpg,2016-12-08T23:26:58.000Z,Uma pessoa que posta tudo q gosta e dá opiniões -ele/dele.{fan account},galwlarson,,1036524755392909312,,Vit⍟r ✵ᗢ Alycia' s BDAY,2926,0,170443,16,https://pbs.twimg.com/profile_images/1414356084794535942/e2sLt2Bd_normal.jpg,2018-09-03T08:02:14.000Z,,,,
Twitter Web App,"[{'type': 'retweeted', 'id': '1415571375436156931'}]",RT @Louie37538705: @realamberheard you're nothing but a pretentious little bitch https://t.co/9N1fIACt1Z,1415646810031415296,en,2021-07-15T12:17:55.000Z,1406532705098125312,"[{'start': 81, 'end': 104, 'url': 'https://t.co/9N1fIACt1Z', 'expanded_url': 'https://twitter.com/realamberheard/status/1415548936312528898', 'display_url': 'twitter.com/realamberheard…'}]",1,0,0,0,"[{'start': 34, 'end': 57, 'url': 'https://t.co/S5q9jOjLta', 'expanded_url': 'https://twitter.com/realamberheard/status/1415548936312528898/video/1', 'display_url': 'pic.twitter.com/S5q9jOjLta'}]",Twitter for iPhone,179,24,2994,69,It was bring a macaw to work day! https://t.co/S5q9jOjLta,1415548936312528898,en,2021-07-15T05:49:00.000Z,807003567605227520,"Actor and Activist, semi-professional disruptor, ice cream advocate and shameless teacup yorkie-lover",realamberheard,https://t.co/Ze18Ek9SOI,807003567605227520,"Los Angeles, CA",Amber Heard,190319,220,1149,567,https://pbs.twimg.com/profile_images/1383196364792680448/N8CdupEu_normal.jpg,2016-12-08T23:26:58.000Z,,Servedcold5,,1406532705098125312,🇬🇧,ObsessHeads,374,1839,1136,0,https://pbs.twimg.com/profile_images/1415755911252094984/VcPaUupa_normal.jpg,2021-06-20T08:42:06.000Z,,,"[{'start': 3, 'end': 17, 'username': 'Louie37538705', 'id': '1090512457175511041'}, {'start': 19, 'end': 34, 'username': 'realamberheard', 'id': '807003567605227520'}]",
Twitter Web App,"[{'type': 'retweeted', 'id': '1415579213986504705'}]",RT @Emmajb371: And leave your new baby at home day. 🤦‍♀️😱 https://t.co/QIasgUBHE1,1415646774883139590,en,2021-07-15T12:17:47.000Z,1406532705098125312,"[{'start': 58, 'end': 81, 'url': 'https://t.co/QIasgUBHE1', 'expanded_url': 'https://twitter.com/realamberheard/status/1415548936312528898', 'display_url': 'twitter.com/realamberheard…'}]",1,0,0,0,"[{'start': 34, 'end': 57, 'url': 'https://t.co/S5q9jOjLta', 'expanded_url': 'https://twitter.com/realamberheard/status/1415548936312528898/video/1', 'display_url': 'pic.twitter.com/S5q9jOjLta'}]",Twitter for iPhone,179,24,2994,69,It was bring a macaw to work day! https://t.co/S5q9jOjLta,1415548936312528898,en,2021-07-15T05:49:00.000Z,807003567605227520,"Actor and Activist, semi-professional disruptor, ice cream advocate and shameless teacup yorkie-lover",realamberheard,https://t.co/Ze18Ek9SOI,807003567605227520,"Los Angeles, CA",Amber Heard,190319,220,1149,567,https://pbs.twimg.com/profile_images/1383196364792680448/N8CdupEu_normal.jpg,2016-12-08T23:26:58.000Z,,Servedcold5,,1406532705098125312,🇬🇧,ObsessHeads,374,1839,1136,0,https://pbs.twimg.com/profile_images/1415755911252094984/VcPaUupa_normal.jpg,2021-06-20T08:42:06.000Z,,,"[{'start': 3, 'end': 13, 'username': 'Emmajb371', 'id': '1335376116903763968'}]",
Twitter for Android,"[{'type': 'quoted', 'id': '1415548936312528898'}]",https://t.co/n6BS6wA8pK https://t.co/YkYDl9Kk4p,1415643086898831370,und,2021-07-15T12:03:07.000Z,1230135524184252416,"[{'start': 0, 'end': 23, 'url': 'https://t.co/n6BS6wA8pK', 'expanded_url': 'https://twitter.com/HawkeyeTorch/status/1415643086898831370/photo/1', 'display_url': 'pic.twitter.com/n6BS6wA8pK'}, {'start': 24, 'end': 47, 'url': 'https://t.co/YkYDl9Kk4p', 'expanded_url': 'https://twitter.com/realamberheard/status/1415548936312528898', 'display_url': 'twitter.com/realamberheard…'}]",0,0,1,0,"[{'start': 34, 'end': 57, 'url': 'https://t.co/S5q9jOjLta', 'expanded_url': 'https://twitter.com/realamberheard/status/1415548936312528898/video/1', 'display_url': 'pic.twitter.com/S5q9jOjLta'}]",Twitter for iPhone,179,24,2994,69,It was bring a macaw to work day! https://t.co/S5q9jOjLta,1415548936312528898,en,2021-07-15T05:49:00.000Z,807003567605227520,"Actor and Activist, semi-professional disruptor, ice cream advocate and shameless teacup yorkie-lover",realamberheard,https://t.co/Ze18Ek9SOI,807003567605227520,"Los Angeles, CA",Amber Heard,190319,220,1149,567,https://pbs.twimg.com/profile_images/1383196364792680448/N8CdupEu_normal.jpg,2016-12-08T23:26:58.000Z,ıllıllı - #Aquaman/ #ClintBarton /Assassin's Creed ⚔️/Jason Momoa 💙 /Lady Gaga 〄/Overwatch🎮/DC -ıllıllı,fvscurry,https://t.co/Pkmrw0ie7x,1230135524184252416,"Hamburg, Germany",ℭ𝔞𝔦𝔬 | 👼🏼,974,2741,48606,23,https://pbs.twimg.com/profile_images/1506337843085463572/LDjOx4qD_normal.jpg,2020-02-19T14:23:04.000Z,,,,
Twitter for Android,"[{'type': 'quoted', 'id': '1415548936312528898'}]",🏋‍♀️ https://t.co/Jz1nMR5Xjz,1415636619714048001,und,2021-07-15T11:37:26.000Z,499406877,"[{'start': 5, 'end': 28, 'url': 'https://t.co/Jz1nMR5Xjz', 'expanded_url': 'https://twitter.com/realamberheard/status/1415548936312528898', 'display_url': 'twitter.com/realamberheard…'}]",0,0,1,0,"[{'start': 34, 'end': 57, 'url': 'https://t.co/S5q9jOjLta', 'expanded_url': 'https://twitter.com/realamberheard/status/1415548936312528898/video/1', 'display_url': 'pic.twitter.com/S5q9jOjLta'}]",Twitter for iPhone,179,24,2994,69,It was bring a macaw to work day! https://t.co/S5q9jOjLta,1415548936312528898,en,2021-07-15T05:49:00.000Z,807003567605227520,"Actor and Activist, semi-professional disruptor, ice cream advocate and shameless teacup yorkie-lover",realamberheard,https://t.co/Ze18Ek9SOI,807003567605227520,"Los Angeles, CA",Amber Heard,190319,220,1149,567,https://pbs.twimg.com/profile_images/1383196364792680448/N8CdupEu_normal.jpg,2016-12-08T23:26:58.000Z,"we can disagree & still be friends....just kidding😄. I'm right & you're wrong.

Instagram: boilingsun4",nick19921,,499406877,"Philadelphia, PA",factual opinion,48,414,8035,0,https://pbs.twimg.com/profile_images/1470110487820001284/CS0UkiV5_normal.jpg,2012-02-22T02:58:15.000Z,,,,
Twitter for iPhone,"[{'type': 'quoted', 'id': '1415548936312528898'}]",Ela é demais!!!!! https://t.co/NPZrxxUUkZ,1415626160923414530,pt,2021-07-15T10:55:52.000Z,4204211255,"[{'start': 18, 'end': 41, 'url': 'https://t.co/NPZrxxUUkZ', 'expanded_url': 'https://twitter.com/realamberheard/status/1415548936312528898', 'display_url': 'twitter.com/realamberheard…'}]",0,0,1,0,"[{'start': 34, 'end': 57, 'url': 'https://t.co/S5q9jOjLta', 'expanded_url': 'https://twitter.com/realamberheard/status/1415548936312528898/video/1', 'display_url': 'pic.twitter.com/S5q9jOjLta'}]",Twitter for iPhone,179,24,2994,69,It was bring a macaw to work day! https://t.co/S5q9jOjLta,1415548936312528898,en,2021-07-15T05:49:00.000Z,807003567605227520,"Actor and Activist, semi-professional disruptor, ice cream advocate and shameless teacup yorkie-lover",realamberheard,https://t.co/Ze18Ek9SOI,807003567605227520,"Los Angeles, CA",Amber Heard,190319,220,1149,567,https://pbs.twimg.com/profile_images/1383196364792680448/N8CdupEu_normal.jpg,2016-12-08T23:26:58.000Z,𝚋𝚎 𝚜𝚝𝚛𝚘𝚗𝚐 𝚊𝚗𝚍 𝚋𝚛𝚊𝚟𝚎 †,dakotarias,,4204211255,"actores, books, ecv.",mi,2501,939,137255,22,https://pbs.twimg.com/profile_images/1499374918475165700/-ron0tRi_normal.jpg,2015-11-16T19:47:59.000Z,,,,
Twitter for Android,"[{'type': 'quoted', 'id': '1415548936312528898'}]",Meu maior medo cair num treco desse é dai pro céu https://t.co/ZU2Dc6N95E,1415624797220917256,pt,2021-07-15T10:50:27.000Z,1202358603547652096,"[{'start': 50, 'end': 73, 'url': 'https://t.co/ZU2Dc6N95E', 'expanded_url': 'https://twitter.com/realamberheard/status/1415548936312528898', 'display_url': 'twitter.com/realamberheard…'}]",0,0,0,0,"[{'start': 34, 'end': 57, 'url': 'https://t.co/S5q9jOjLta', 'expanded_url': 'https://twitter.com/realamberheard/status/1415548936312528898/video/1', 'display_url': 'pic.twitter.com/S5q9jOjLta'}]",Twitter for iPhone,179,24,2994,69,It was bring a macaw to work day! https://t.co/S5q9jOjLta,1415548936312528898,en,2021-07-15T05:49:00.000Z,807003567605227520,"Actor and Activist, semi-professional disruptor, ice cream advocate and shameless teacup yorkie-lover",realamberheard,https://t.co/Ze18Ek9SOI,807003567605227520,"Los Angeles, CA",Amber Heard,190319,220,1149,567,https://pbs.twimg.com/profile_images/1383196364792680448/N8CdupEu_normal.jpg,2016-12-08T23:26:58.000Z,manda solicitação na mikostwink,waschildebottom,https://t.co/2gLibX1ItW,1202358603547652096,⌕ ˒ yae waiting room ⚣︎,.,494,362,96707,0,https://pbs.twimg.com/profile_images/1451731087743410176/kqJ3jZzE_normal.jpg,2019-12-04T22:46:56.000Z,,,,
Twitter for Android,"[{'type': 'quoted', 'id': '1415548936312528898'}]",o papagaiozinho do lado 🥰 https://t.co/HQ90FXR6P5,1415624275780845571,pt,2021-07-15T10:48:23.000Z,973895235347546112,"[{'start': 26, 'end': 49, 'url': 'https://t.co/HQ90FXR6P5', 'expanded_url': 'https://twitter.com/realamberheard/status/1415548936312528898', 'display_url': 'twitter.com/realamberheard…'}]",0,0,0,0,"[{'start': 34, 'end': 57, 'url': 'https://t.co/S5q9jOjLta', 'expanded_url': 'https://twitter.com/realamberheard/status/1415548936312528898/video/1', 'display_url': 'pic.twitter.com/S5q9jOjLta'}]",Twitter for iPhone,179,24,2994,69,It was bring a macaw to work day! https://t.co/S5q9jOjLta,1415548936312528898,en,2021-07-15T05:49:00.000Z,807003567605227520,"Actor and Activist, semi-professional disruptor, ice cream advocate and shameless teacup yorkie-lover",realamberheard,https://t.co/Ze18Ek9SOI,807003567605227520,"Los Angeles, CA",Amber Heard,190319,220,1149,567,https://pbs.twimg.com/profile_images/1383196364792680448/N8CdupEu_normal.jpg,2016-12-08T23:26:58.000Z,zatannanananananaanananananannananaaannanaa,ZATlNl,https://t.co/Sh5SWFYSpY,973895235347546112,she/her,annie,5046,4470,44495,53,https://pbs.twimg.com/profile_images/1503295377944072192/6S6M61Nj_normal.jpg,2018-03-14T12:14:52.000Z,,,,
Twitter for Android,"[{'type': 'quoted', 'id': '1415548936312528898'}]",vídeo novo eu que pedi SIM https://t.co/vkQL76RcxJ,1415622231154167808,pt,2021-07-15T10:40:15.000Z,1283123991193034759,"[{'start': 27, 'end': 50, 'url': 'https://t.co/vkQL76RcxJ', 'expanded_url': 'https://twitter.com/realamberheard/status/1415548936312528898', 'display_url': 'twitter.com/realamberheard…'}]",0,0,6,0,"[{'start': 34, 'end': 57, 'url': 'https://t.co/S5q9jOjLta', 'expanded_url': 'https://twitter.com/realamberheard/status/1415548936312528898/video/1', 'display_url': 'pic.twitter.com/S5q9jOjLta'}]",Twitter for iPhone,179,24,2994,69,It was bring a macaw to work day! https://t.co/S5q9jOjLta,1415548936312528898,en,2021-07-15T05:49:00.000Z,807003567605227520,"Actor and Activist, semi-professional disruptor, ice cream advocate and shameless teacup yorkie-lover",realamberheard,https://t.co/Ze18Ek9SOI,807003567605227520,"Los Angeles, CA",Amber Heard,190319,220,1149,567,https://pbs.twimg.com/profile_images/1383196364792680448/N8CdupEu_normal.jpg,2016-12-08T23:26:58.000Z,#MERA: let the bastard come.,jzmindelrio,,1283123991193034759,summerland ,vita | ke spoilers,694,630,26482,15,https://pbs.twimg.com/profile_images/1497677492424822789/DmyfqXcA_normal.png,2020-07-14T19:40:01.000Z,,,,
Twitter for Android,"[{'type': 'quoted', 'id': '1415548936312528898'}]",Not bring a turd to bed? https://t.co/QwUInti4Ov,1415617261092605953,en,2021-07-15T10:20:30.000Z,536160332,"[{'start': 25, 'end': 48, 'url': 'https://t.co/QwUInti4Ov', 'expanded_url': 'https://twitter.com/realamberheard/status/1415548936312528898', 'display_url': 'twitter.com/realamberheard…'}]",0,2,4,0,"[{'start': 34, 'end': 57, 'url': 'https://t.co/S5q9jOjLta', 'expanded_url': 'https://twitter.com/realamberheard/status/1415548936312528898/video/1', 'display_url': 'pic.twitter.com/S5q9jOjLta'}]",Twitter for iPhone,179,24,2994,69,It was bring a macaw to work day! https://t.co/S5q9jOjLta,1415548936312528898,en,2021-07-15T05:49:00.000Z,807003567605227520,"Actor and Activist, semi-professional disruptor, ice cream advocate and shameless teacup yorkie-lover",realamberheard,https://t.co/Ze18Ek9SOI,807003567605227520,"Los Angeles, CA",Amber Heard,190319,220,1149,567,https://pbs.twimg.com/profile_images/1383196364792680448/N8CdupEu_normal.jpg,2016-12-08T23:26:58.000Z,"Yesterday I was clever, so I wanted to change the world. Today I am wise, so I am changing myself.",IAmZamG,,536160332,London,Zim Zam G.,282,341,17080,5,https://pbs.twimg.com/profile_images/1133637452583919616/2BcaOxlv_normal.jpg,2012-03-25T09:44:47.000Z,,,,
Twitter for iPhone,"[{'type': 'quoted', 'id': '1415548936312528898'}]",a risada dela 🥰🤧 https://t.co/mw31i6dryd,1415612015733788672,pt,2021-07-15T09:59:40.000Z,1029848294737031171,"[{'start': 17, 'end': 40, 'url': 'https://t.co/mw31i6dryd', 'expanded_url': 'https://twitter.com/realamberheard/status/1415548936312528898', 'display_url': 'twitter.com/realamberheard…'}]",0,0,0,0,"[{'start': 34, 'end': 57, 'url': 'https://t.co/S5q9jOjLta', 'expanded_url': 'https://twitter.com/realamberheard/status/1415548936312528898/video/1', 'display_url': 'pic.twitter.com/S5q9jOjLta'}]",Twitter for iPhone,179,24,2994,69,It was bring a macaw to work day! https://t.co/S5q9jOjLta,1415548936312528898,en,2021-07-15T05:49:00.000Z,807003567605227520,"Actor and Activist, semi-professional disruptor, ice cream advocate and shameless teacup yorkie-lover",realamberheard,https://t.co/Ze18Ek9SOI,807003567605227520,"Los Angeles, CA",Amber Heard,190319,220,1149,567,https://pbs.twimg.com/profile_images/1383196364792680448/N8CdupEu_normal.jpg,2016-12-08T23:26:58.000Z,,amberIeonhart,,1029848294737031171,snk manga spoilers ,luís,9823,1214,21537,9,https://pbs.twimg.com/profile_images/1503901966363209734/4Iax2ZJa_normal.jpg,2018-08-15T21:52:21.000Z,,,,
Twitter for iPhone,"[{'type': 'quoted', 'id': '1415548936312528898'}]",💪🏻💪🏻💪🏻 https://t.co/mw31i6dryd,1415608882961977349,und,2021-07-15T09:47:13.000Z,1029848294737031171,"[{'start': 7, 'end': 30, 'url': 'https://t.co/mw31i6dryd', 'expanded_url': 'https://twitter.com/realamberheard/status/1415548936312528898', 'display_url': 'twitter.com/realamberheard…'}]",0,0,1,0,"[{'start': 34, 'end': 57, 'url': 'https://t.co/S5q9jOjLta', 'expanded_url': 'https://twitter.com/realamberheard/status/1415548936312528898/video/1', 'display_url': 'pic.twitter.com/S5q9jOjLta'}]",Twitter for iPhone,179,24,2994,69,It was bring a macaw to work day! https://t.co/S5q9jOjLta,1415548936312528898,en,2021-07-15T05:49:00.000Z,807003567605227520,"Actor and Activist, semi-professional disruptor, ice cream advocate and shameless teacup yorkie-lover",realamberheard,https://t.co/Ze18Ek9SOI,807003567605227520,"Los Angeles, CA",Amber Heard,190319,220,1149,567,https://pbs.twimg.com/profile_images/1383196364792680448/N8CdupEu_normal.jpg,2016-12-08T23:26:58.000Z,,amberIeonhart,,1029848294737031171,snk manga spoilers ,luís,9823,1214,21537,9,https://pbs.twimg.com/profile_images/1503901966363209734/4Iax2ZJa_normal.jpg,2018-08-15T21:52:21.000Z,,,,
Twitter for iPhone,"[{'type': 'quoted', 'id': '1415548936312528898'}]",BOM DIA https://t.co/mw31i6dryd,1415608284904632322,pt,2021-07-15T09:44:50.000Z,1029848294737031171,"[{'start': 8, 'end': 31, 'url': 'https://t.co/mw31i6dryd', 'expanded_url': 'https://twitter.com/realamberheard/status/1415548936312528898', 'display_url': 'twitter.com/realamberheard…'}]",0,0,1,0,"[{'start': 34, 'end': 57, 'url': 'https://t.co/S5q9jOjLta', 'expanded_url': 'https://twitter.com/realamberheard/status/1415548936312528898/video/1', 'display_url': 'pic.twitter.com/S5q9jOjLta'}]",Twitter for iPhone,179,24,2994,69,It was bring a macaw to work day! https://t.co/S5q9jOjLta,1415548936312528898,en,2021-07-15T05:49:00.000Z,807003567605227520,"Actor and Activist, semi-professional disruptor, ice cream advocate and shameless teacup yorkie-lover",realamberheard,https://t.co/Ze18Ek9SOI,807003567605227520,"Los Angeles, CA",Amber Heard,190319,220,1149,567,https://pbs.twimg.com/profile_images/1383196364792680448/N8CdupEu_normal.jpg,2016-12-08T23:26:58.000Z,,amberIeonhart,,1029848294737031171,snk manga spoilers ,luís,9823,1214,21537,9,https://pbs.twimg.com/profile_images/1503901966363209734/4Iax2ZJa_normal.jpg,2018-08-15T21:52:21.000Z,,,,
Twitter for Android,"[{'type': 'quoted', 'id': '1415548936312528898'}]",you're so amazing! 💪🏻💪🏻 https://t.co/UvjgXFepMl,1415593432060416000,en,2021-07-15T08:45:49.000Z,1372134381117128706,"[{'start': 24, 'end': 47, 'url': 'https://t.co/UvjgXFepMl', 'expanded_url': 'https://twitter.com/realamberheard/status/1415548936312528898', 'display_url': 'twitter.com/realamberheard…'}]",0,0,3,0,"[{'start': 34, 'end': 57, 'url': 'https://t.co/S5q9jOjLta', 'expanded_url': 'https://twitter.com/realamberheard/status/1415548936312528898/video/1', 'display_url': 'pic.twitter.com/S5q9jOjLta'}]",Twitter for iPhone,179,24,2994,69,It was bring a macaw to work day! https://t.co/S5q9jOjLta,1415548936312528898,en,2021-07-15T05:49:00.000Z,807003567605227520,"Actor and Activist, semi-professional disruptor, ice cream advocate and shameless teacup yorkie-lover",realamberheard,https://t.co/Ze18Ek9SOI,807003567605227520,"Los Angeles, CA",Amber Heard,190319,220,1149,567,https://pbs.twimg.com/profile_images/1383196364792680448/N8CdupEu_normal.jpg,2016-12-08T23:26:58.000Z,you loved so hard and hoped so much and then you ended up with nothing,steaItherest,https://t.co/DfywaSNKwx,1372134381117128706,24 | she/her | 24/5/16,katarina,146,386,41278,1,https://pbs.twimg.com/profile_images/1503137448334868487/mFCGVidF_normal.jpg,2021-03-17T10:35:14.000Z,,,,
Twitter Web App,"[{'type': 'quoted', 'id': '1415548936312528898'}]",The macaw loves you!! https://t.co/xAFQWmIocb,1415589187974098944,en,2021-07-15T08:28:57.000Z,370000346,"[{'start': 22, 'end': 45, 'url': 'https://t.co/xAFQWmIocb', 'expanded_url': 'https://twitter.com/realamberheard/status/1415548936312528898', 'display_url': 'twitter.com/realamberheard…'}]",0,0,3,0,"[{'start': 34, 'end': 57, 'url': 'https://t.co/S5q9jOjLta', 'expanded_url': 'https://twitter.com/realamberheard/status/1415548936312528898/video/1', 'display_url': 'pic.twitter.com/S5q9jOjLta'}]",Twitter for iPhone,179,24,2994,69,It was bring a macaw to work day! https://t.co/S5q9jOjLta,1415548936312528898,en,2021-07-15T05:49:00.000Z,807003567605227520,"Actor and Activist, semi-professional disruptor, ice cream advocate and shameless teacup yorkie-lover",realamberheard,https://t.co/Ze18Ek9SOI,807003567605227520,"Los Angeles, CA",Amber Heard,190319,220,1149,567,https://pbs.twimg.com/profile_images/1383196364792680448/N8CdupEu_normal.jpg,2016-12-08T23:26:58.000Z,2x Nobel physics laureate. I live in a Star Wars universe.,TimSouTienOu,,370000346,"Venice Beach, Los Angeles",Tim S Ou,76,241,13241,2,https://pbs.twimg.com/profile_images/1660451589/My_pic_normal.jpg,2011-09-08T09:11:50.000Z,,,,
Twitter for Android,"[{'type': 'quoted', 'id': '1415548936312528898'}]",Good morning to the queen https://t.co/NNnkcgCfUE,1415586414889144322,en,2021-07-15T08:17:56.000Z,1218875845621813248,"[{'start': 26, 'end': 49, 'url': 'https://t.co/NNnkcgCfUE', 'expanded_url': 'https://twitter.com/realamberheard/status/1415548936312528898', 'display_url': 'twitter.com/realamberheard…'}]",1,0,9,0,"[{'start': 34, 'end': 57, 'url': 'https://t.co/S5q9jOjLta', 'expanded_url': 'https://twitter.com/realamberheard/status/1415548936312528898/video/1', 'display_url': 'pic.twitter.com/S5q9jOjLta'}]",Twitter for iPhone,179,24,2994,69,It was bring a macaw to work day! https://t.co/S5q9jOjLta,1415548936312528898,en,2021-07-15T05:49:00.000Z,807003567605227520,"Actor and Activist, semi-professional disruptor, ice cream advocate and shameless teacup yorkie-lover",realamberheard,https://t.co/Ze18Ek9SOI,807003567605227520,"Los Angeles, CA",Amber Heard,190319,220,1149,567,https://pbs.twimg.com/profile_images/1383196364792680448/N8CdupEu_normal.jpg,2016-12-08T23:26:58.000Z,I ain't no candle in the wind..,Ego_death18,,1218875845621813248,,CARMEN,548,437,1247,1,https://pbs.twimg.com/profile_images/1390235831848243201/T_7wbP8Z_normal.png,2020-01-19T12:40:29.000Z,,,,
Twitter for Android,"[{'type': 'quoted', 'id': '1415548936312528898'}]",And leave your new baby at home day. 🤦‍♀️😱 https://t.co/QIasgUBHE1,1415579213986504705,en,2021-07-15T07:49:19.000Z,1335376116903763968,"[{'start': 43, 'end': 66, 'url': 'https://t.co/QIasgUBHE1', 'expanded_url': 'https://twitter.com/realamberheard/status/1415548936312528898', 'display_url': 'twitter.com/realamberheard…'}]",1,5,8,1,"[{'start': 34, 'end': 57, 'url': 'https://t.co/S5q9jOjLta', 'expanded_url': 'https://twitter.com/realamberheard/status/1415548936312528898/video/1', 'display_url': 'pic.twitter.com/S5q9jOjLta'}]",Twitter for iPhone,179,24,2994,69,It was bring a macaw to work day! https://t.co/S5q9jOjLta,1415548936312528898,en,2021-07-15T05:49:00.000Z,807003567605227520,"Actor and Activist, semi-professional disruptor, ice cream advocate and shameless teacup yorkie-lover",realamberheard,https://t.co/Ze18Ek9SOI,807003567605227520,"Los Angeles, CA",Amber Heard,190319,220,1149,567,https://pbs.twimg.com/profile_images/1383196364792680448/N8CdupEu_normal.jpg,2016-12-08T23:26:58.000Z,,Emmajb371,,1335376116903763968,,Emmajb37,29,116,544,0,https://pbs.twimg.com/profile_images/1447837629333086211/4uiC3G3X_normal.jpg,2020-12-06T00:11:01.000Z,,,,
Twitter Web App,"[{'type': 'quoted', 'id': '1415548936312528898'}]",@realamberheard you're nothing but a pretentious little bitch https://t.co/9N1fIACt1Z,1415571375436156931,en,2021-07-15T07:18:10.000Z,1090512457175511041,"[{'start': 62, 'end': 85, 'url': 'https://t.co/9N1fIACt1Z', 'expanded_url': 'https://twitter.com/realamberheard/status/1415548936312528898', 'display_url': 'twitter.com/realamberheard…'}]",1,1,11,0,"[{'start': 34, 'end': 57, 'url': 'https://t.co/S5q9jOjLta', 'expanded_url': 'https://twitter.com/realamberheard/status/1415548936312528898/video/1', 'display_url': 'pic.twitter.com/S5q9jOjLta'}]",Twitter for iPhone,179,24,2994,69,It was bring a macaw to work day! https://t.co/S5q9jOjLta,1415548936312528898,en,2021-07-15T05:49:00.000Z,807003567605227520,"Actor and Activist, semi-professional disruptor, ice cream advocate and shameless teacup yorkie-lover",realamberheard,https://t.co/Ze18Ek9SOI,807003567605227520,"Los Angeles, CA",Amber Heard,190319,220,1149,567,https://pbs.twimg.com/profile_images/1383196364792680448/N8CdupEu_normal.jpg,2016-12-08T23:26:58.000Z,,Louie37538705,,1090512457175511041,,lulux0x0,1,90,78,0,https://pbs.twimg.com/profile_images/1378587943950983171/VVykvtr-_normal.jpg,2019-01-30T07:30:05.000Z,,,"[{'start': 0, 'end': 15, 'username': 'realamberheard', 'id': '807003567605227520'}]",807003567605227520
Twitter for iPad,"[{'type': 'quoted', 'id': '1415548936312528898'}]",하 운동갈까말까ㅡ고민하고있었는데 간다가 https://t.co/qYbXM4bZ3u,1415570775302569989,ko,2021-07-15T07:15:47.000Z,1044386082,"[{'start': 22, 'end': 45, 'url': 'https://t.co/qYbXM4bZ3u', 'expanded_url': 'https://twitter.com/realamberheard/status/1415548936312528898', 'display_url': 'twitter.com/realamberheard…'}]",0,0,0,0,"[{'start': 34, 'end': 57, 'url': 'https://t.co/S5q9jOjLta', 'expanded_url': 'https://twitter.com/realamberheard/status/1415548936312528898/video/1', 'display_url': 'pic.twitter.com/S5q9jOjLta'}]",Twitter for iPhone,179,24,2994,69,It was bring a macaw to work day! https://t.co/S5q9jOjLta,1415548936312528898,en,2021-07-15T05:49:00.000Z,807003567605227520,"Actor and Activist, semi-professional disruptor, ice cream advocate and shameless teacup yorkie-lover",realamberheard,https://t.co/Ze18Ek9SOI,807003567605227520,"Los Angeles, CA",Amber Heard,190319,220,1149,567,https://pbs.twimg.com/profile_images/1383196364792680448/N8CdupEu_normal.jpg,2016-12-08T23:26:58.000Z,에오쉴🌼스키몬스/mmm/피펙/그아스19/루트쇼/뉴암스/냇/lipj💛💙,19431yj,,1044386082,,진,45,943,39482,0,https://pbs.twimg.com/profile_images/1321844118448861184/6vZvlAyl_normal.jpg,2012-12-29T10:06:48.000Z,,,,
Twitter for Android,"[{'type': 'quoted', 'id': '1415548936312528898'}]",I'm worried if it's hot there. I hope you exercise while taking care of your health.🧜‍♀️❤ https://t.co/uDiy4wDYMo,1415562657017389058,en,2021-07-15T06:43:31.000Z,857971009080532993,"[{'start': 90, 'end': 113, 'url': 'https://t.co/uDiy4wDYMo', 'expanded_url': 'https://twitter.com/realamberheard/status/1415548936312528898', 'display_url': 'twitter.com/realamberheard…'}]",0,0,2,0,"[{'start': 34, 'end': 57, 'url': 'https://t.co/S5q9jOjLta', 'expanded_url': 'https://twitter.com/realamberheard/status/1415548936312528898/video/1', 'display_url': 'pic.twitter.com/S5q9jOjLta'}]",Twitter for iPhone,179,24,2994,69,It was bring a macaw to work day! https://t.co/S5q9jOjLta,1415548936312528898,en,2021-07-15T05:49:00.000Z,807003567605227520,"Actor and Activist, semi-professional disruptor, ice cream advocate and shameless teacup yorkie-lover",realamberheard,https://t.co/Ze18Ek9SOI,807003567605227520,"Los Angeles, CA",Amber Heard,190319,220,1149,567,https://pbs.twimg.com/profile_images/1383196364792680448/N8CdupEu_normal.jpg,2016-12-08T23:26:58.000Z,DC팬. I love #dceu and many actors. she/her.  welcome🤗❤,kikzsk,,857971009080532993,,oreocheesecake,34,115,698,0,https://pbs.twimg.com/profile_images/1462800448382205952/-fv0JZgb_normal.jpg,2017-04-28T14:53:23.000Z,,,,
Twitter for Android,"[{'type': 'quoted', 'id': '1415548936312528898'}]",Perfecta https://t.co/Vyljt7xAQO,1415554887878914050,es,2021-07-15T06:12:39.000Z,122531152,"[{'start': 9, 'end': 32, 'url': 'https://t.co/Vyljt7xAQO', 'expanded_url': 'https://twitter.com/realamberheard/status/1415548936312528898', 'display_url': 'twitter.com/realamberheard…'}]",0,0,1,0,"[{'start': 34, 'end': 57, 'url': 'https://t.co/S5q9jOjLta', 'expanded_url': 'https://twitter.com/realamberheard/status/1415548936312528898/video/1', 'display_url': 'pic.twitter.com/S5q9jOjLta'}]",Twitter for iPhone,179,24,2994,69,It was bring a macaw to work day! https://t.co/S5q9jOjLta,1415548936312528898,en,2021-07-15T05:49:00.000Z,807003567605227520,"Actor and Activist, semi-professional disruptor, ice cream advocate and shameless teacup yorkie-lover",realamberheard,https://t.co/Ze18Ek9SOI,807003567605227520,"Los Angeles, CA",Amber Heard,190319,220,1149,567,https://pbs.twimg.com/profile_images/1383196364792680448/N8CdupEu_normal.jpg,2016-12-08T23:26:58.000Z,,MsalazarPer,,122531152,,MartiN,34,567,322,0,https://pbs.twimg.com/profile_images/834554175966973952/vhCIe808_normal.jpg,2010-03-13T01:32:26.000Z,,,,
Twitter for Android,"[{'type': 'quoted', 'id': '1415548936312528898'}]","👏🔥Super, I can already see the cubes on your tummy.  You are so good at everything you do! https://t.co/xKgUi2Jq6Y",1415552961040748545,en,2021-07-15T06:05:00.000Z,4866310371,"[{'start': 91, 'end': 114, 'url': 'https://t.co/xKgUi2Jq6Y', 'expanded_url': 'https://twitter.com/realamberheard/status/1415548936312528898', 'display_url': 'twitter.com/realamberheard…'}]",0,0,7,0,"[{'start': 34, 'end': 57, 'url': 'https://t.co/S5q9jOjLta', 'expanded_url': 'https://twitter.com/realamberheard/status/1415548936312528898/video/1', 'display_url': 'pic.twitter.com/S5q9jOjLta'}]",Twitter for iPhone,179,24,2994,69,It was bring a macaw to work day! https://t.co/S5q9jOjLta,1415548936312528898,en,2021-07-15T05:49:00.000Z,807003567605227520,"Actor and Activist, semi-professional disruptor, ice cream advocate and shameless teacup yorkie-lover",realamberheard,https://t.co/Ze18Ek9SOI,807003567605227520,"Los Angeles, CA",Amber Heard,190319,220,1149,567,https://pbs.twimg.com/profile_images/1383196364792680448/N8CdupEu_normal.jpg,2016-12-08T23:26:58.000Z,"Addicted to caffeine ☕🦁
17 years.",Uniforrmm,,4866310371,Столица России,Diamond 💎,241,102,1254,0,https://pbs.twimg.com/profile_images/1441080383097999363/Y3OeqNWI_normal.jpg,2016-01-31T11:52:41.000Z,,,,
Twitter for Android,"[{'type': 'quoted', 'id': '1415548936312528898'}]",Queen of fitness! https://t.co/uV5O5Sto7s,1415551120945057792,en,2021-07-15T05:57:41.000Z,1014872570326388738,"[{'start': 18, 'end': 41, 'url': 'https://t.co/uV5O5Sto7s', 'expanded_url': 'https://twitter.com/realamberheard/status/1415548936312528898', 'display_url': 'twitter.com/realamberheard…'}]",0,0,3,0,"[{'start': 34, 'end': 57, 'url': 'https://t.co/S5q9jOjLta', 'expanded_url': 'https://twitter.com/realamberheard/status/1415548936312528898/video/1', 'display_url': 'pic.twitter.com/S5q9jOjLta'}]",Twitter for iPhone,179,24,2994,69,It was bring a macaw to work day! https://t.co/S5q9jOjLta,1415548936312528898,en,2021-07-15T05:49:00.000Z,807003567605227520,"Actor and Activist, semi-professional disruptor, ice cream advocate and shameless teacup yorkie-lover",realamberheard,https://t.co/Ze18Ek9SOI,807003567605227520,"Los Angeles, CA",Amber Heard,190319,220,1149,567,https://pbs.twimg.com/profile_images/1383196364792680448/N8CdupEu_normal.jpg,2016-12-08T23:26:58.000Z,"a very hateful person. I kid, but imagine. black.",limpouioui,,1014872570326388738,"racial chats, showing feet 👣 ",mep,99,186,14755,0,https://pbs.twimg.com/profile_images/1501024716408213507/AcatCiie_normal.jpg,2018-07-05T14:04:10.000Z,,,,
TweetDeck,"[{'type': 'quoted', 'id': '1415548936312528898'}]",&lt;SWOON&gt; https://t.co/vF71ForcmH,1415550642332966916,en,2021-07-15T05:55:47.000Z,14862799,"[{'start': 14, 'end': 37, 'url': 'https://t.co/vF71ForcmH', 'expanded_url': 'https://twitter.com/realamberheard/status/1415548936312528898', 'display_url': 'twitter.com/realamberheard…'}]",0,0,2,0,"[{'start': 34, 'end': 57, 'url': 'https://t.co/S5q9jOjLta', 'expanded_url': 'https://twitter.com/realamberheard/status/1415548936312528898/video/1', 'display_url': 'pic.twitter.com/S5q9jOjLta'}]",Twitter for iPhone,179,24,2994,69,It was bring a macaw to work day! https://t.co/S5q9jOjLta,1415548936312528898,en,2021-07-15T05:49:00.000Z,807003567605227520,"Actor and Activist, semi-professional disruptor, ice cream advocate and shameless teacup yorkie-lover",realamberheard,https://t.co/Ze18Ek9SOI,807003567605227520,"Los Angeles, CA",Amber Heard,190319,220,1149,567,https://pbs.twimg.com/profile_images/1383196364792680448/N8CdupEu_normal.jpg,2016-12-08T23:26:58.000Z,"RECOVERING REPUBLICAN, LOUD-TALKER OF BIGOTED FUCKS, SERIAL SUSPENDEE ON @FARCEBOOK, TESTED NEGATIVE OF COVID, HILARIOUS

WARNING: EGREGIOUS PROFANITY!",Notorious_MDF,https://t.co/hgVvXNUQ73,14862799,Arizona Ex-Pat in Oregon,TASER TO THE NADS,265,426,59139,25,https://pbs.twimg.com/profile_images/988123753455337472/DxP14CH9_normal.jpg,2008-05-22T00:10:44.000Z,,,,
Twitter for iPhone,"[{'type': 'quoted', 'id': '1415548936312528898'}]",i love you so much it’s not even funny https://t.co/R8zUSYw8nJ,1415550335230349312,en,2021-07-15T05:54:34.000Z,2266118430,"[{'start': 39, 'end': 62, 'url': 'https://t.co/R8zUSYw8nJ', 'expanded_url': 'https://twitter.com/realamberheard/status/1415548936312528898', 'display_url': 'twitter.com/realamberheard…'}]",0,0,4,0,"[{'start': 34, 'end': 57, 'url': 'https://t.co/S5q9jOjLta', 'expanded_url': 'https://twitter.com/realamberheard/status/1415548936312528898/video/1', 'display_url': 'pic.twitter.com/S5q9jOjLta'}]",Twitter for iPhone,179,24,2994,69,It was bring a macaw to work day! https://t.co/S5q9jOjLta,1415548936312528898,en,2021-07-15T05:49:00.000Z,807003567605227520,"Actor and Activist, semi-professional disruptor, ice cream advocate and shameless teacup yorkie-lover",realamberheard,https://t.co/Ze18Ek9SOI,807003567605227520,"Los Angeles, CA",Amber Heard,190319,220,1149,567,https://pbs.twimg.com/profile_images/1383196364792680448/N8CdupEu_normal.jpg,2016-12-08T23:26:58.000Z,"#SELINAKYLE: I could fix him, but where’s the fun in that? @badpostitans // read aquamen (2022)",godlycia,,2266118430,"25, white, trans (genderfluid) she/they, dc, invincible, marvel, video games #IStandWithAmberHeard","matty, invincible gatekeeper",14079,710,53857,83,https://pbs.twimg.com/profile_images/1500963994009575425/pRMeHjix_normal.jpg,2013-12-28T16:19:53.000Z,,,,
Twitter for iPhone,"[{'type': 'quoted', 'id': '1415548936312528898'}]","cara, ela é incrível https://t.co/vZyHR3AkrO",1415550329144360960,pt,2021-07-15T05:54:32.000Z,1375672853505400832,"[{'start': 21, 'end': 44, 'url': 'https://t.co/vZyHR3AkrO', 'expanded_url': 'https://twitter.com/realamberheard/status/1415548936312528898', 'display_url': 'twitter.com/realamberheard…'}]",0,0,2,0,"[{'start': 34, 'end': 57, 'url': 'https://t.co/S5q9jOjLta', 'expanded_url': 'https://twitter.com/realamberheard/status/1415548936312528898/video/1', 'display_url': 'pic.twitter.com/S5q9jOjLta'}]",Twitter for iPhone,179,24,2994,69,It was bring a macaw to work day! https://t.co/S5q9jOjLta,1415548936312528898,en,2021-07-15T05:49:00.000Z,807003567605227520,"Actor and Activist, semi-professional disruptor, ice cream advocate and shameless teacup yorkie-lover",realamberheard,https://t.co/Ze18Ek9SOI,807003567605227520,"Los Angeles, CA",Amber Heard,190319,220,1149,567,https://pbs.twimg.com/profile_images/1383196364792680448/N8CdupEu_normal.jpg,2016-12-08T23:26:58.000Z,my bat @lehnsherrnat,alianovrna,https://t.co/J9OBfd1tul,1375672853505400832,,liv,1766,1277,15729,8,https://pbs.twimg.com/profile_images/1499512957746790409/nnREsN12_normal.jpg,2021-03-27T04:55:56.000Z,,,,
Twitter for iPhone,"[{'type': 'quoted', 'id': '1415548936312528898'}]",mds como ela consegue? https://t.co/vZyHR3AkrO,1415550285196443648,fr,2021-07-15T05:54:22.000Z,1375672853505400832,"[{'start': 23, 'end': 46, 'url': 'https://t.co/vZyHR3AkrO', 'expanded_url': 'https://twitter.com/realamberheard/status/1415548936312528898', 'display_url': 'twitter.com/realamberheard…'}]",0,0,2,0,"[{'start': 34, 'end': 57, 'url': 'https://t.co/S5q9jOjLta', 'expanded_url': 'https://twitter.com/realamberheard/status/1415548936312528898/video/1', 'display_url': 'pic.twitter.com/S5q9jOjLta'}]",Twitter for iPhone,179,24,2994,69,It was bring a macaw to work day! https://t.co/S5q9jOjLta,1415548936312528898,en,2021-07-15T05:49:00.000Z,807003567605227520,"Actor and Activist, semi-professional disruptor, ice cream advocate and shameless teacup yorkie-lover",realamberheard,https://t.co/Ze18Ek9SOI,807003567605227520,"Los Angeles, CA",Amber Heard,190319,220,1149,567,https://pbs.twimg.com/profile_images/1383196364792680448/N8CdupEu_normal.jpg,2016-12-08T23:26:58.000Z,my bat @lehnsherrnat,alianovrna,https://t.co/J9OBfd1tul,1375672853505400832,,liv,1766,1277,15729,8,https://pbs.twimg.com/profile_images/1499512957746790409/nnREsN12_normal.jpg,2021-03-27T04:55:56.000Z,,,,
Twitter for iPhone,"[{'type': 'quoted', 'id': '1415548936312528898'}]",That bird is gorgeous holy shit https://t.co/JXfuEisHBO,1415550130946822144,en,2021-07-15T05:53:45.000Z,1185712491373969408,"[{'start': 32, 'end': 55, 'url': 'https://t.co/JXfuEisHBO', 'expanded_url': 'https://twitter.com/realamberheard/status/1415548936312528898', 'display_url': 'twitter.com/realamberheard…'}]",0,2,9,0,"[{'start': 34, 'end': 57, 'url': 'https://t.co/S5q9jOjLta', 'expanded_url': 'https://twitter.com/realamberheard/status/1415548936312528898/video/1', 'display_url': 'pic.twitter.com/S5q9jOjLta'}]",Twitter for iPhone,179,24,2994,69,It was bring a macaw to work day! https://t.co/S5q9jOjLta,1415548936312528898,en,2021-07-15T05:49:00.000Z,807003567605227520,"Actor and Activist, semi-professional disruptor, ice cream advocate and shameless teacup yorkie-lover",realamberheard,https://t.co/Ze18Ek9SOI,807003567605227520,"Los Angeles, CA",Amber Heard,190319,220,1149,567,https://pbs.twimg.com/profile_images/1383196364792680448/N8CdupEu_normal.jpg,2016-12-08T23:26:58.000Z,The Times They Are A-Changin',TxZ1872,https://t.co/0YjW4SGIFr,1185712491373969408,Arrakis,Taylor💜,3160,1690,50772,75,https://pbs.twimg.com/profile_images/1495218336745111557/QlGHC7sK_normal.jpg,2019-10-20T00:21:11.000Z,,,,
Twitter for Android,"[{'type': 'quoted', 'id': '1415548936312528898'}]",Good morning https://t.co/7Aeuo6CrL1,1415550046267904002,en,2021-07-15T05:53:25.000Z,4869345401,"[{'start': 13, 'end': 36, 'url': 'https://t.co/7Aeuo6CrL1', 'expanded_url': 'https://twitter.com/realamberheard/status/1415548936312528898', 'display_url': 'twitter.com/realamberheard…'}]",1,0,2,0,"[{'start': 34, 'end': 57, 'url': 'https://t.co/S5q9jOjLta', 'expanded_url': 'https://twitter.com/realamberheard/status/1415548936312528898/video/1', 'display_url': 'pic.twitter.com/S5q9jOjLta'}]",Twitter for iPhone,179,24,2994,69,It was bring a macaw to work day! https://t.co/S5q9jOjLta,1415548936312528898,en,2021-07-15T05:49:00.000Z,807003567605227520,"Actor and Activist, semi-professional disruptor, ice cream advocate and shameless teacup yorkie-lover",realamberheard,https://t.co/Ze18Ek9SOI,807003567605227520,"Los Angeles, CA",Amber Heard,190319,220,1149,567,https://pbs.twimg.com/profile_images/1383196364792680448/N8CdupEu_normal.jpg,2016-12-08T23:26:58.000Z,"🪐

                                                                           Italian boy 🇮🇹  ▪️  26 y/o                        
#chordoverstreet",ChordP95,,4869345401,,℅,106,433,2144,1,https://pbs.twimg.com/profile_images/1461812720538423301/8yxoY5vo_normal.jpg,2016-02-01T14:30:13.000Z,,,,
Twitter Web App,"[{'type': 'quoted', 'id': '1415548936312528898'}]",go girl https://t.co/VdUDfvdgF6,1415549380657041410,en,2021-07-15T05:50:46.000Z,146365198,"[{'start': 8, 'end': 31, 'url': 'https://t.co/VdUDfvdgF6', 'expanded_url': 'https://twitter.com/realamberheard/status/1415548936312528898', 'display_url': 'twitter.com/realamberheard…'}]",0,0,2,0,"[{'start': 34, 'end': 57, 'url': 'https://t.co/S5q9jOjLta', 'expanded_url': 'https://twitter.com/realamberheard/status/1415548936312528898/video/1', 'display_url': 'pic.twitter.com/S5q9jOjLta'}]",Twitter for iPhone,179,24,2994,69,It was bring a macaw to work day! https://t.co/S5q9jOjLta,1415548936312528898,en,2021-07-15T05:49:00.000Z,807003567605227520,"Actor and Activist, semi-professional disruptor, ice cream advocate and shameless teacup yorkie-lover",realamberheard,https://t.co/Ze18Ek9SOI,807003567605227520,"Los Angeles, CA",Amber Heard,190319,220,1149,567,https://pbs.twimg.com/profile_images/1383196364792680448/N8CdupEu_normal.jpg,2016-12-08T23:26:58.000Z,"YOUNG OLD AND FOOL. Bukan Karyawan Google. Jual Rambak. Do Not Take It Seriously. Tukang Sapu 3,5 Tahun dan setelahnya.
Tokopedia: https://t.co/Fi8GNpiXvG",sociogeeks_,https://t.co/Fhs1fgoqoM,146365198,Belize,Socio Geeks,14665,737,297216,138,https://pbs.twimg.com/profile_images/1506310395891437571/bAcoC7uM_normal.jpg,2010-05-21T07:27:57.000Z,,,,
Twitter for iPhone,"[{'type': 'quoted', 'id': '1415548936312528898'}]","WELL good morning to you too, legend! 💪🏽 https://t.co/IG7xh50FOo",1415549224113123329,en,2021-07-15T05:50:09.000Z,1172410393798438912,"[{'start': 41, 'end': 64, 'url': 'https://t.co/IG7xh50FOo', 'expanded_url': 'https://twitter.com/realamberheard/status/1415548936312528898', 'display_url': 'twitter.com/realamberheard…'}]",0,0,1,0,"[{'start': 34, 'end': 57, 'url': 'https://t.co/S5q9jOjLta', 'expanded_url': 'https://twitter.com/realamberheard/status/1415548936312528898/video/1', 'display_url': 'pic.twitter.com/S5q9jOjLta'}]",Twitter for iPhone,179,24,2994,69,It was bring a macaw to work day! https://t.co/S5q9jOjLta,1415548936312528898,en,2021-07-15T05:49:00.000Z,807003567605227520,"Actor and Activist, semi-professional disruptor, ice cream advocate and shameless teacup yorkie-lover",realamberheard,https://t.co/Ze18Ek9SOI,807003567605227520,"Los Angeles, CA",Amber Heard,190319,220,1149,567,https://pbs.twimg.com/profile_images/1383196364792680448/N8CdupEu_normal.jpg,2016-12-08T23:26:58.000Z,https://t.co/ApROvguSXu | amy dunne apologist,MOlRAlNE,https://t.co/jDIeH9KOOq,1172410393798438912,"Paris, France",rebeca 📸,119,137,5429,1,https://pbs.twimg.com/profile_images/1505603747141009419/TsGv7MjT_normal.jpg,2019-09-13T07:23:27.000Z,,,,
Twitter for iPhone,"[{'type': 'quoted', 'id': '1415548936312528898'}]",BABY GIRL ILYSM https://t.co/R8zUSYw8nJ,1415549002343387136,en,2021-07-15T05:49:16.000Z,2266118430,"[{'start': 16, 'end': 39, 'url': 'https://t.co/R8zUSYw8nJ', 'expanded_url': 'https://twitter.com/realamberheard/status/1415548936312528898', 'display_url': 'twitter.com/realamberheard…'}]",0,0,3,0,"[{'start': 34, 'end': 57, 'url': 'https://t.co/S5q9jOjLta', 'expanded_url': 'https://twitter.com/realamberheard/status/1415548936312528898/video/1', 'display_url': 'pic.twitter.com/S5q9jOjLta'}]",Twitter for iPhone,179,24,2994,69,It was bring a macaw to work day! https://t.co/S5q9jOjLta,1415548936312528898,en,2021-07-15T05:49:00.000Z,807003567605227520,"Actor and Activist, semi-professional disruptor, ice cream advocate and shameless teacup yorkie-lover",realamberheard,https://t.co/Ze18Ek9SOI,807003567605227520,"Los Angeles, CA",Amber Heard,190319,220,1149,567,https://pbs.twimg.com/profile_images/1383196364792680448/N8CdupEu_normal.jpg,2016-12-08T23:26:58.000Z,"#SELINAKYLE: I could fix him, but where’s the fun in that? @badpostitans // read aquamen (2022)",godlycia,,2266118430,"25, white, trans (genderfluid) she/they, dc, invincible, marvel, video games #IStandWithAmberHeard","matty, invincible gatekeeper",14079,710,53857,83,https://pbs.twimg.com/profile_images/1500963994009575425/pRMeHjix_normal.jpg,2013-12-28T16:19:53.000Z,,,,
