lang,created_at,id,author_id,referenced_tweets,text,source,public_metrics.retweet_count,public_metrics.reply_count,public_metrics.like_count,public_metrics.quote_count,entities.mentions,quoted_tweet.lang,quoted_tweet.created_at,quoted_tweet.id,quoted_tweet.public_metrics.retweet_count,quoted_tweet.public_metrics.reply_count,quoted_tweet.public_metrics.like_count,quoted_tweet.public_metrics.quote_count,quoted_tweet.author_id,quoted_tweet.referenced_tweets,quoted_tweet.text,quoted_tweet.source,quoted_tweet.in_reply_to_user_id,quoted_tweet.author.name,quoted_tweet.author.description,quoted_tweet.author.profile_image_url,quoted_tweet.author.created_at,quoted_tweet.author.url,quoted_tweet.author.public_metrics.followers_count,quoted_tweet.author.public_metrics.following_count,quoted_tweet.author.public_metrics.tweet_count,quoted_tweet.author.public_metrics.listed_count,quoted_tweet.author.username,quoted_tweet.author.id,quoted_tweet.author.location,author.name,author.description,author.profile_image_url,author.created_at,author.url,author.public_metrics.followers_count,author.public_metrics.following_count,author.public_metrics.tweet_count,author.public_metrics.listed_count,author.username,author.id,entities.annotations,entities.urls,entities.hashtags,author.location
en,2021-09-25T06:55:25.000Z,1441657578161725449,1439140334345261060,"[{'type': 'retweeted', 'id': '1439215914461892608'}]",RT @vajoliroja63: I am so lucky to kick your a@@ whenever i want when i get so mad i lose it... happy birthday 🙄,Twitter Web App,1,0,0,0,"[{'start': 3, 'end': 16, 'username': 'vajoliroja63', 'id': '1266810246313492482'}]",en,2021-09-18T12:16:24.000Z,1439201637051117568,25,2,574,7,807003567605227520,"[{'type': 'replied_to', 'id': '1439201634127581194'}]","I am so lucky to call you my sister, even luckier to call you my closest friend. I love you, sissy. Happy birthday.",Twitter for iPhone,807003567605227520,Amber Heard,"Actor and Activist, semi-professional disruptor, ice cream advocate and shameless teacup yorkie-lover",https://pbs.twimg.com/profile_images/1383196364792680448/N8CdupEu_normal.jpg,2016-12-08T23:26:58.000Z,https://t.co/Ze18Ek9SOI,190317,220,1149,567,realamberheard,807003567605227520,"Los Angeles, CA",Spotlight_poets,,https://pbs.twimg.com/profile_images/1439141676216356869/7LZZNsQk_normal.jpg,2021-09-18T08:13:00.000Z,,0,0,10,0,PoetsSpotlight,1439140334345261060,,,,
en,2021-09-25T06:55:19.000Z,1441657552077471745,1439140334345261060,"[{'type': 'retweeted', 'id': '1439228569251627008'}]",RT @Ashcroft46: Aww what are good sisters for ? Well if you're Whitney Heard you're only good enough committing perjury for your narcissist…,Twitter Web App,1,0,0,0,"[{'start': 3, 'end': 14, 'username': 'Ashcroft46', 'id': '1005158682735366144'}]",en,2021-09-18T12:16:24.000Z,1439201637051117568,25,2,574,7,807003567605227520,"[{'type': 'replied_to', 'id': '1439201634127581194'}]","I am so lucky to call you my sister, even luckier to call you my closest friend. I love you, sissy. Happy birthday.",Twitter for iPhone,807003567605227520,Amber Heard,"Actor and Activist, semi-professional disruptor, ice cream advocate and shameless teacup yorkie-lover",https://pbs.twimg.com/profile_images/1383196364792680448/N8CdupEu_normal.jpg,2016-12-08T23:26:58.000Z,https://t.co/Ze18Ek9SOI,190317,220,1149,567,realamberheard,807003567605227520,"Los Angeles, CA",Spotlight_poets,,https://pbs.twimg.com/profile_images/1439141676216356869/7LZZNsQk_normal.jpg,2021-09-18T08:13:00.000Z,,0,0,10,0,PoetsSpotlight,1439140334345261060,"[{'start': 63, 'end': 69, 'probability': 0.9256, 'type': 'Person', 'normalized_text': 'Whitney'}]",,,
en,2021-09-25T06:55:08.000Z,1441657503255724040,1439140334345261060,"[{'type': 'retweeted', 'id': '1439298080495452160'}]","RT @BlueGansey1: So ""love"" her enough to whoop her ass
https://t.co/DatGw1FhQu
Stop lying Amanda Heard 
#AmberHeardIsALiar
#AmberHeardIsAnA…",Twitter Web App,2,0,0,0,"[{'start': 3, 'end': 15, 'username': 'BlueGansey1', 'id': '1289094132879613953'}]",en,2021-09-18T12:16:24.000Z,1439201637051117568,25,2,574,7,807003567605227520,"[{'type': 'replied_to', 'id': '1439201634127581194'}]","I am so lucky to call you my sister, even luckier to call you my closest friend. I love you, sissy. Happy birthday.",Twitter for iPhone,807003567605227520,Amber Heard,"Actor and Activist, semi-professional disruptor, ice cream advocate and shameless teacup yorkie-lover",https://pbs.twimg.com/profile_images/1383196364792680448/N8CdupEu_normal.jpg,2016-12-08T23:26:58.000Z,https://t.co/Ze18Ek9SOI,190317,220,1149,567,realamberheard,807003567605227520,"Los Angeles, CA",Spotlight_poets,,https://pbs.twimg.com/profile_images/1439141676216356869/7LZZNsQk_normal.jpg,2021-09-18T08:13:00.000Z,,0,0,10,0,PoetsSpotlight,1439140334345261060,"[{'start': 90, 'end': 95, 'probability': 0.9379, 'type': 'Person', 'normalized_text': 'Amanda'}]","[{'start': 55, 'end': 78, 'url': 'https://t.co/DatGw1FhQu', 'expanded_url': 'https://youtu.be/GShctSD8HNg', 'display_url': 'youtu.be/GShctSD8HNg'}]","[{'start': 104, 'end': 122, 'tag': 'AmberHeardIsALiar'}]",
und,2021-09-21T07:43:51.000Z,1440220214667350025,131815745,"[{'type': 'retweeted', 'id': '1440052406801231874'}]",RT @ellieeeee23: https://t.co/3h7eFxx0iZ,Twitter for Android,1,0,0,0,"[{'start': 3, 'end': 15, 'username': 'ellieeeee23', 'id': '1285495754753269761'}]",en,2021-09-18T12:16:24.000Z,1439201637051117568,25,2,574,7,807003567605227520,"[{'type': 'replied_to', 'id': '1439201634127581194'}]","I am so lucky to call you my sister, even luckier to call you my closest friend. I love you, sissy. Happy birthday.",Twitter for iPhone,807003567605227520,Amber Heard,"Actor and Activist, semi-professional disruptor, ice cream advocate and shameless teacup yorkie-lover",https://pbs.twimg.com/profile_images/1383196364792680448/N8CdupEu_normal.jpg,2016-12-08T23:26:58.000Z,https://t.co/Ze18Ek9SOI,190317,220,1149,567,realamberheard,807003567605227520,"Los Angeles, CA",valérie mionet,,https://pbs.twimg.com/profile_images/1492289973197975556/ojfYMihK_normal.jpg,2010-04-11T12:17:21.000Z,,1001,3128,38515,19,ayumi93,131815745,,"[{'start': 17, 'end': 40, 'url': 'https://t.co/3h7eFxx0iZ', 'expanded_url': 'https://twitter.com/ellieeeee23/status/1440052406801231874/photo/1', 'display_url': 'pic.twitter.com/3h7eFxx0iZ'}]",,"Blois, France"
und,2021-09-20T20:37:03.000Z,1440052406801231874,1285495754753269761,"[{'type': 'quoted', 'id': '1439201637051117568'}]",https://t.co/3h7eFxx0iZ https://t.co/KXd1inH2kM,Twitter for iPhone,1,0,1,0,,en,2021-09-18T12:16:24.000Z,1439201637051117568,25,2,574,7,807003567605227520,"[{'type': 'replied_to', 'id': '1439201634127581194'}]","I am so lucky to call you my sister, even luckier to call you my closest friend. I love you, sissy. Happy birthday.",Twitter for iPhone,807003567605227520,Amber Heard,"Actor and Activist, semi-professional disruptor, ice cream advocate and shameless teacup yorkie-lover",https://pbs.twimg.com/profile_images/1383196364792680448/N8CdupEu_normal.jpg,2016-12-08T23:26:58.000Z,https://t.co/Ze18Ek9SOI,190317,220,1149,567,realamberheard,807003567605227520,"Los Angeles, CA",Ellie⁷,CL16 | LN4 | BTS,https://pbs.twimg.com/profile_images/1464323437153902602/Mt9AM-Py_normal.jpg,2020-07-21T08:44:31.000Z,,33,255,1099,0,ellieeeee23,1285495754753269761,,"[{'start': 0, 'end': 23, 'url': 'https://t.co/3h7eFxx0iZ', 'expanded_url': 'https://twitter.com/ellieeeee23/status/1440052406801231874/photo/1', 'display_url': 'pic.twitter.com/3h7eFxx0iZ'}, {'start': 24, 'end': 47, 'url': 'https://t.co/KXd1inH2kM', 'expanded_url': 'https://twitter.com/realamberheard/status/1439201637051117568', 'display_url': 'twitter.com/realamberheard…'}]",,"Kensington, London"
en,2021-09-19T21:30:44.000Z,1439703529288048640,1362864663663423494,"[{'type': 'quoted', 'id': '1439201637051117568'}]",Since when do sisters beat their sister and say they are close? https://t.co/5FeGIyQVmc,Twitter for iPhone,0,0,1,0,,en,2021-09-18T12:16:24.000Z,1439201637051117568,25,2,574,7,807003567605227520,"[{'type': 'replied_to', 'id': '1439201634127581194'}]","I am so lucky to call you my sister, even luckier to call you my closest friend. I love you, sissy. Happy birthday.",Twitter for iPhone,807003567605227520,Amber Heard,"Actor and Activist, semi-professional disruptor, ice cream advocate and shameless teacup yorkie-lover",https://pbs.twimg.com/profile_images/1383196364792680448/N8CdupEu_normal.jpg,2016-12-08T23:26:58.000Z,https://t.co/Ze18Ek9SOI,190317,220,1149,567,realamberheard,807003567605227520,"Los Angeles, CA",Beckie,,https://pbs.twimg.com/profile_images/1494066333339824132/ZWYeJKZP_normal.jpg,2021-02-19T20:40:46.000Z,,72,453,2740,1,Beckie_Bubs,1362864663663423494,,"[{'start': 64, 'end': 87, 'url': 'https://t.co/5FeGIyQVmc', 'expanded_url': 'https://twitter.com/realamberheard/status/1439201637051117568', 'display_url': 'twitter.com/realamberheard…'}]",,United Kingdom
en,2021-09-18T19:19:54.000Z,1439308217180463114,1363630915298148353,"[{'type': 'retweeted', 'id': '1439298080495452160'}]","RT @BlueGansey1: So ""love"" her enough to whoop her ass
https://t.co/DatGw1FhQu
Stop lying Amanda Heard 
#AmberHeardIsALiar
#AmberHeardIsAnA…",Twitter Web App,2,0,0,0,"[{'start': 3, 'end': 15, 'username': 'BlueGansey1', 'id': '1289094132879613953'}]",en,2021-09-18T12:16:24.000Z,1439201637051117568,25,2,574,7,807003567605227520,"[{'type': 'replied_to', 'id': '1439201634127581194'}]","I am so lucky to call you my sister, even luckier to call you my closest friend. I love you, sissy. Happy birthday.",Twitter for iPhone,807003567605227520,Amber Heard,"Actor and Activist, semi-professional disruptor, ice cream advocate and shameless teacup yorkie-lover",https://pbs.twimg.com/profile_images/1383196364792680448/N8CdupEu_normal.jpg,2016-12-08T23:26:58.000Z,https://t.co/Ze18Ek9SOI,190317,220,1149,567,realamberheard,807003567605227520,"Los Angeles, CA",LL,"I feel that Johnny Depp deserves justice because he has been treated unjustly!
I will block anyone posting threatening or violent tweets!",https://pbs.twimg.com/profile_images/1377657792933269508/KGlpnmd6_normal.jpg,2021-02-21T23:25:30.000Z,,591,596,119635,0,la77465262,1363630915298148353,"[{'start': 90, 'end': 95, 'probability': 0.9379, 'type': 'Person', 'normalized_text': 'Amanda'}]","[{'start': 55, 'end': 78, 'url': 'https://t.co/DatGw1FhQu', 'expanded_url': 'https://youtu.be/GShctSD8HNg', 'display_url': 'youtu.be/GShctSD8HNg'}]","[{'start': 104, 'end': 122, 'tag': 'AmberHeardIsALiar'}]","Gonzales,La"
en,2021-09-18T18:39:37.000Z,1439298080495452160,1289094132879613953,"[{'type': 'quoted', 'id': '1439201637051117568'}]","So ""love"" her enough to whoop her ass
https://t.co/DatGw1FhQu
Stop lying Amanda Heard 
#AmberHeardIsALiar
#AmberHeardIsAnAbuser https://t.co/vjRCq8oFbE",Twitter Web App,2,0,5,0,,en,2021-09-18T12:16:24.000Z,1439201637051117568,25,2,574,7,807003567605227520,"[{'type': 'replied_to', 'id': '1439201634127581194'}]","I am so lucky to call you my sister, even luckier to call you my closest friend. I love you, sissy. Happy birthday.",Twitter for iPhone,807003567605227520,Amber Heard,"Actor and Activist, semi-professional disruptor, ice cream advocate and shameless teacup yorkie-lover",https://pbs.twimg.com/profile_images/1383196364792680448/N8CdupEu_normal.jpg,2016-12-08T23:26:58.000Z,https://t.co/Ze18Ek9SOI,190317,220,1149,567,realamberheard,807003567605227520,"Los Angeles, CA",Blue Gansey,"I'm here for Johnny depp❤️
Adam Waldman is a hero❤️
I hate twitter",https://pbs.twimg.com/profile_images/1498524976114450433/thLrkAdo_normal.jpg,2020-07-31T07:03:00.000Z,,116,111,8431,1,BlueGansey1,1289094132879613953,"[{'start': 73, 'end': 78, 'probability': 0.9459, 'type': 'Person', 'normalized_text': 'Amanda'}]","[{'start': 38, 'end': 61, 'url': 'https://t.co/DatGw1FhQu', 'expanded_url': 'https://youtu.be/GShctSD8HNg', 'display_url': 'youtu.be/GShctSD8HNg'}, {'start': 128, 'end': 151, 'url': 'https://t.co/vjRCq8oFbE', 'expanded_url': 'https://twitter.com/realamberheard/status/1439201637051117568', 'display_url': 'twitter.com/realamberheard…'}]","[{'start': 87, 'end': 105, 'tag': 'AmberHeardIsALiar'}, {'start': 106, 'end': 127, 'tag': 'AmberHeardIsAnAbuser'}]",
en,2021-09-18T17:40:07.000Z,1439283106771443714,370000346,"[{'type': 'quoted', 'id': '1439201637051117568'}]",Two very lovely ladies!! https://t.co/l6UvzleJQq,Twitter Web App,0,0,0,0,,en,2021-09-18T12:16:24.000Z,1439201637051117568,25,2,574,7,807003567605227520,"[{'type': 'replied_to', 'id': '1439201634127581194'}]","I am so lucky to call you my sister, even luckier to call you my closest friend. I love you, sissy. Happy birthday.",Twitter for iPhone,807003567605227520,Amber Heard,"Actor and Activist, semi-professional disruptor, ice cream advocate and shameless teacup yorkie-lover",https://pbs.twimg.com/profile_images/1383196364792680448/N8CdupEu_normal.jpg,2016-12-08T23:26:58.000Z,https://t.co/Ze18Ek9SOI,190317,220,1149,567,realamberheard,807003567605227520,"Los Angeles, CA",Tim S Ou,2x Nobel physics laureate. I live in a Star Wars universe.,https://pbs.twimg.com/profile_images/1660451589/My_pic_normal.jpg,2011-09-08T09:11:50.000Z,,76,241,13241,2,TimSouTienOu,370000346,,"[{'start': 25, 'end': 48, 'url': 'https://t.co/l6UvzleJQq', 'expanded_url': 'https://twitter.com/realamberheard/status/1439201637051117568', 'display_url': 'twitter.com/realamberheard…'}]",,"Venice Beach, Los Angeles"
en,2021-09-18T14:03:25.000Z,1439228569251627008,1005158682735366144,"[{'type': 'quoted', 'id': '1439201637051117568'}]","Aww what are good sisters for ? Well if you're Whitney Heard you're only good enough committing perjury for your narcissistic, abusive, z-list sister
#JusticeForJohnnyDepp 
#AmberHeardIsAnAbuser
#AmberHeardIsALiar https://t.co/6nM8TItSzo https://t.co/RRvUUadYuK",Twitter for Android,1,0,9,0,,en,2021-09-18T12:16:24.000Z,1439201637051117568,25,2,574,7,807003567605227520,"[{'type': 'replied_to', 'id': '1439201634127581194'}]","I am so lucky to call you my sister, even luckier to call you my closest friend. I love you, sissy. Happy birthday.",Twitter for iPhone,807003567605227520,Amber Heard,"Actor and Activist, semi-professional disruptor, ice cream advocate and shameless teacup yorkie-lover",https://pbs.twimg.com/profile_images/1383196364792680448/N8CdupEu_normal.jpg,2016-12-08T23:26:58.000Z,https://t.co/Ze18Ek9SOI,190317,220,1149,567,realamberheard,807003567605227520,"Los Angeles, CA",Rick ☠,Beginning to think death and all his friends might actually be better company,https://pbs.twimg.com/profile_images/1481692965793931265/VsvB07vf_normal.jpg,2018-06-08T18:44:39.000Z,,137,226,779,0,Ashcroft46,1005158682735366144,"[{'start': 47, 'end': 53, 'probability': 0.9517, 'type': 'Person', 'normalized_text': 'Whitney'}]","[{'start': 214, 'end': 237, 'url': 'https://t.co/6nM8TItSzo', 'expanded_url': 'https://twitter.com/Ashcroft46/status/1439228569251627008/photo/1', 'display_url': 'pic.twitter.com/6nM8TItSzo'}, {'start': 214, 'end': 237, 'url': 'https://t.co/6nM8TItSzo', 'expanded_url': 'https://twitter.com/Ashcroft46/status/1439228569251627008/photo/1', 'display_url': 'pic.twitter.com/6nM8TItSzo'}, {'start': 214, 'end': 237, 'url': 'https://t.co/6nM8TItSzo', 'expanded_url': 'https://twitter.com/Ashcroft46/status/1439228569251627008/photo/1', 'display_url': 'pic.twitter.com/6nM8TItSzo'}, {'start': 238, 'end': 261, 'url': 'https://t.co/RRvUUadYuK', 'expanded_url': 'https://twitter.com/realamberheard/status/1439201637051117568', 'display_url': 'twitter.com/realamberheard…'}]","[{'start': 150, 'end': 171, 'tag': 'JusticeForJohnnyDepp'}, {'start': 173, 'end': 194, 'tag': 'AmberHeardIsAnAbuser'}, {'start': 195, 'end': 213, 'tag': 'AmberHeardIsALiar'}]","Leeds, England"
en,2021-09-18T13:13:08.000Z,1439215914461892608,1266810246313492482,"[{'type': 'quoted', 'id': '1439201637051117568'}]",I am so lucky to kick your a@@ whenever i want when i get so mad i lose it... happy birthday 🙄 https://t.co/AFhXR1KjaN,Twitter for Android,1,0,6,0,,en,2021-09-18T12:16:24.000Z,1439201637051117568,25,2,574,7,807003567605227520,"[{'type': 'replied_to', 'id': '1439201634127581194'}]","I am so lucky to call you my sister, even luckier to call you my closest friend. I love you, sissy. Happy birthday.",Twitter for iPhone,807003567605227520,Amber Heard,"Actor and Activist, semi-professional disruptor, ice cream advocate and shameless teacup yorkie-lover",https://pbs.twimg.com/profile_images/1383196364792680448/N8CdupEu_normal.jpg,2016-12-08T23:26:58.000Z,https://t.co/Ze18Ek9SOI,190317,220,1149,567,realamberheard,807003567605227520,"Los Angeles, CA",RunningWithScissors,"I, myself, am strange and unusual",https://pbs.twimg.com/profile_images/1477262545702596609/Fw79pX8t_normal.jpg,2020-05-30T19:14:44.000Z,,32,88,561,0,vajoliroja63,1266810246313492482,,"[{'start': 95, 'end': 118, 'url': 'https://t.co/AFhXR1KjaN', 'expanded_url': 'https://twitter.com/realamberheard/status/1439201637051117568', 'display_url': 'twitter.com/realamberheard…'}]",,
en,2021-09-18T12:42:44.000Z,1439208265204776961,1029848294737031171,"[{'type': 'quoted', 'id': '1439201637051117568'}]",happy birthday Whitney ❤️🥳 https://t.co/vOcKvUDOlc,Twitter for iPhone,0,0,0,0,,en,2021-09-18T12:16:24.000Z,1439201637051117568,25,2,574,7,807003567605227520,"[{'type': 'replied_to', 'id': '1439201634127581194'}]","I am so lucky to call you my sister, even luckier to call you my closest friend. I love you, sissy. Happy birthday.",Twitter for iPhone,807003567605227520,Amber Heard,"Actor and Activist, semi-professional disruptor, ice cream advocate and shameless teacup yorkie-lover",https://pbs.twimg.com/profile_images/1383196364792680448/N8CdupEu_normal.jpg,2016-12-08T23:26:58.000Z,https://t.co/Ze18Ek9SOI,190317,220,1149,567,realamberheard,807003567605227520,"Los Angeles, CA",luís,,https://pbs.twimg.com/profile_images/1503901966363209734/4Iax2ZJa_normal.jpg,2018-08-15T21:52:21.000Z,,9822,1214,21537,0,amberIeonhart,1029848294737031171,"[{'start': 15, 'end': 21, 'probability': 0.9954, 'type': 'Person', 'normalized_text': 'Whitney'}]","[{'start': 27, 'end': 50, 'url': 'https://t.co/vOcKvUDOlc', 'expanded_url': 'https://twitter.com/realamberheard/status/1439201637051117568', 'display_url': 'twitter.com/realamberheard…'}]",,snk manga spoilers 
