lang,created_at,id,author_id,referenced_tweets,text,source,entities.urls,entities.hashtags,entities.mentions,public_metrics.retweet_count,public_metrics.reply_count,public_metrics.like_count,public_metrics.quote_count,quoted_tweet.lang,quoted_tweet.entities.urls,quoted_tweet.created_at,quoted_tweet.id,quoted_tweet.public_metrics.retweet_count,quoted_tweet.public_metrics.reply_count,quoted_tweet.public_metrics.like_count,quoted_tweet.public_metrics.quote_count,quoted_tweet.author_id,quoted_tweet.referenced_tweets,quoted_tweet.text,quoted_tweet.source,quoted_tweet.in_reply_to_user_id,quoted_tweet.author.name,quoted_tweet.author.description,quoted_tweet.author.profile_image_url,quoted_tweet.author.created_at,quoted_tweet.author.url,quoted_tweet.author.public_metrics.followers_count,quoted_tweet.author.public_metrics.following_count,quoted_tweet.author.public_metrics.tweet_count,quoted_tweet.author.public_metrics.listed_count,quoted_tweet.author.username,quoted_tweet.author.id,quoted_tweet.author.location,author.name,author.description,author.profile_image_url,author.created_at,author.url,author.public_metrics.followers_count,author.public_metrics.following_count,author.public_metrics.tweet_count,author.public_metrics.listed_count,author.username,author.id,author.location,in_reply_to_user_id
it,2021-10-07T17:56:15.000Z,1446172533221437454,2418900078,"[{'type': 'quoted', 'id': '1443462523982860288'}]","I pezzi di vetri invidiano i diamanti 😍😍😍😍😍 @realamberheard 
#justiceforjohnnydepp https://t.co/GPIjNtBg6H https://t.co/wiDcx8x65F",Twitter for Android,"[{'start': 83, 'end': 106, 'url': 'https://t.co/GPIjNtBg6H', 'expanded_url': 'https://twitter.com/SimonaFranza94/status/1446172533221437454/photo/1', 'display_url': 'pic.twitter.com/GPIjNtBg6H'}, {'start': 107, 'end': 130, 'url': 'https://t.co/wiDcx8x65F', 'expanded_url': 'https://twitter.com/realamberheard/status/1443462523982860288', 'display_url': 'twitter.com/realamberheard…'}]","[{'start': 61, 'end': 82, 'tag': 'justiceforjohnnydepp'}]","[{'start': 44, 'end': 59, 'username': 'realamberheard', 'id': '807003567605227520'}]",0,0,0,0,en,"[{'start': 6, 'end': 29, 'url': 'https://t.co/ViYrJ1I9t5', 'expanded_url': 'https://twitter.com/realamberheard/status/1443462523982860288/photo/1', 'display_url': 'pic.twitter.com/ViYrJ1I9t5'}]",2021-09-30T06:27:38.000Z,1443462523982860288,69,3,1489,20,807003567605227520,"[{'type': 'replied_to', 'id': '1443290951716311045'}]",After https://t.co/ViYrJ1I9t5,Twitter for iPhone,807003567605227520,Amber Heard,"Actor and Activist, semi-professional disruptor, ice cream advocate and shameless teacup yorkie-lover",https://pbs.twimg.com/profile_images/1383196364792680448/N8CdupEu_normal.jpg,2016-12-08T23:26:58.000Z,https://t.co/Ze18Ek9SOI,190317,220,1149,567,realamberheard,807003567605227520,"Los Angeles, CA",Simona Franza🇮🇹🇨🇦,"❤ JUVENTUS JUSTIN JOHNNY 😍 
SKIKKERIINA 94 😍❤",https://pbs.twimg.com/profile_images/1496609055552557067/Ex9RPaeQ_normal.jpg,2014-03-30T12:02:19.000Z,,1538,1614,26121,31,SimonaFranza94,2418900078,Italia,
it,2021-10-07T17:53:51.000Z,1446171929417850886,2418900078,"[{'type': 'quoted', 'id': '1443462523982860288'}]","Dopo? 😍😍😍 
@realamberheard 
#justiceforjohnnydepp https://t.co/lR3D3D7pww https://t.co/wiDcx8x65F",Twitter for Android,"[{'start': 50, 'end': 73, 'url': 'https://t.co/lR3D3D7pww', 'expanded_url': 'https://twitter.com/SimonaFranza94/status/1446171929417850886/photo/1', 'display_url': 'pic.twitter.com/lR3D3D7pww'}, {'start': 74, 'end': 97, 'url': 'https://t.co/wiDcx8x65F', 'expanded_url': 'https://twitter.com/realamberheard/status/1443462523982860288', 'display_url': 'twitter.com/realamberheard…'}]","[{'start': 28, 'end': 49, 'tag': 'justiceforjohnnydepp'}]","[{'start': 11, 'end': 26, 'username': 'realamberheard', 'id': '807003567605227520'}]",0,1,1,0,en,"[{'start': 6, 'end': 29, 'url': 'https://t.co/ViYrJ1I9t5', 'expanded_url': 'https://twitter.com/realamberheard/status/1443462523982860288/photo/1', 'display_url': 'pic.twitter.com/ViYrJ1I9t5'}]",2021-09-30T06:27:38.000Z,1443462523982860288,69,3,1489,20,807003567605227520,"[{'type': 'replied_to', 'id': '1443290951716311045'}]",After https://t.co/ViYrJ1I9t5,Twitter for iPhone,807003567605227520,Amber Heard,"Actor and Activist, semi-professional disruptor, ice cream advocate and shameless teacup yorkie-lover",https://pbs.twimg.com/profile_images/1383196364792680448/N8CdupEu_normal.jpg,2016-12-08T23:26:58.000Z,https://t.co/Ze18Ek9SOI,190317,220,1149,567,realamberheard,807003567605227520,"Los Angeles, CA",Simona Franza🇮🇹🇨🇦,"❤ JUVENTUS JUSTIN JOHNNY 😍 
SKIKKERIINA 94 😍❤",https://pbs.twimg.com/profile_images/1496609055552557067/Ex9RPaeQ_normal.jpg,2014-03-30T12:02:19.000Z,,1538,1614,26121,31,SimonaFranza94,2418900078,Italia,
en,2021-10-01T03:16:42.000Z,1443776860215676951,1390474464257794049,"[{'type': 'quoted', 'id': '1443462523982860288'}]","Spending all night out again when you’ve got a young baby at home? Shocking. The more you show off living your best life on social media, the more apparent it becomes just how little you care about motherhood, &amp; how obvious it is that your surrogate child was just a PR prop. https://t.co/Ca4XFIkyPf",Twitter for iPhone,"[{'start': 280, 'end': 303, 'url': 'https://t.co/Ca4XFIkyPf', 'expanded_url': 'https://twitter.com/realamberheard/status/1443462523982860288', 'display_url': 'twitter.com/realamberheard…'}]",,,0,0,4,1,en,"[{'start': 6, 'end': 29, 'url': 'https://t.co/ViYrJ1I9t5', 'expanded_url': 'https://twitter.com/realamberheard/status/1443462523982860288/photo/1', 'display_url': 'pic.twitter.com/ViYrJ1I9t5'}]",2021-09-30T06:27:38.000Z,1443462523982860288,69,3,1489,20,807003567605227520,"[{'type': 'replied_to', 'id': '1443290951716311045'}]",After https://t.co/ViYrJ1I9t5,Twitter for iPhone,807003567605227520,Amber Heard,"Actor and Activist, semi-professional disruptor, ice cream advocate and shameless teacup yorkie-lover",https://pbs.twimg.com/profile_images/1383196364792680448/N8CdupEu_normal.jpg,2016-12-08T23:26:58.000Z,https://t.co/Ze18Ek9SOI,190317,220,1149,567,realamberheard,807003567605227520,"Los Angeles, CA",𝔏𝔢𝔞𝔥 ℜ𝔞𝔠𝔥𝔢𝔩𝔩𝔢 ⚢,💄Lesbian 🐊Cajun 🔮Tarot 🕹Gamer 🚺GC,https://pbs.twimg.com/profile_images/1462972401210249218/z1ASFR9p_normal.jpg,2021-05-07T01:12:14.000Z,https://t.co/qJBTIFAUin,360,629,17243,3,badphoenixxx,1390474464257794049,🏔CO🌱/🏳️‍🌈/🎮/⚖️Independent,
en,2021-09-30T19:18:13.000Z,1443656445854162958,1394390891926855685,"[{'type': 'quoted', 'id': '1443462523982860288'}]","💩
AFTER taking a shit in the bed? https://t.co/nNVnAThlmv",Twitter for Android,"[{'start': 34, 'end': 57, 'url': 'https://t.co/nNVnAThlmv', 'expanded_url': 'https://twitter.com/realamberheard/status/1443462523982860288', 'display_url': 'twitter.com/realamberheard…'}]",,,0,0,0,0,en,"[{'start': 6, 'end': 29, 'url': 'https://t.co/ViYrJ1I9t5', 'expanded_url': 'https://twitter.com/realamberheard/status/1443462523982860288/photo/1', 'display_url': 'pic.twitter.com/ViYrJ1I9t5'}]",2021-09-30T06:27:38.000Z,1443462523982860288,69,3,1489,20,807003567605227520,"[{'type': 'replied_to', 'id': '1443290951716311045'}]",After https://t.co/ViYrJ1I9t5,Twitter for iPhone,807003567605227520,Amber Heard,"Actor and Activist, semi-professional disruptor, ice cream advocate and shameless teacup yorkie-lover",https://pbs.twimg.com/profile_images/1383196364792680448/N8CdupEu_normal.jpg,2016-12-08T23:26:58.000Z,https://t.co/Ze18Ek9SOI,190317,220,1149,567,realamberheard,807003567605227520,"Los Angeles, CA",Luna,,https://pbs.twimg.com/profile_images/1394398441090990081/Ro7RmYUC_normal.jpg,2021-05-17T20:34:44.000Z,,23,36,818,0,Martini0731,1394390891926855685,,
und,2021-09-30T16:53:26.000Z,1443620010677702659,25179430,"[{'type': 'quoted', 'id': '1443462523982860288'}]",🥺 https://t.co/wlYHA7Azv0,Twitter for Android,"[{'start': 2, 'end': 25, 'url': 'https://t.co/wlYHA7Azv0', 'expanded_url': 'https://twitter.com/realamberheard/status/1443462523982860288', 'display_url': 'twitter.com/realamberheard…'}]",,,0,0,0,0,en,"[{'start': 6, 'end': 29, 'url': 'https://t.co/ViYrJ1I9t5', 'expanded_url': 'https://twitter.com/realamberheard/status/1443462523982860288/photo/1', 'display_url': 'pic.twitter.com/ViYrJ1I9t5'}]",2021-09-30T06:27:38.000Z,1443462523982860288,69,3,1489,20,807003567605227520,"[{'type': 'replied_to', 'id': '1443290951716311045'}]",After https://t.co/ViYrJ1I9t5,Twitter for iPhone,807003567605227520,Amber Heard,"Actor and Activist, semi-professional disruptor, ice cream advocate and shameless teacup yorkie-lover",https://pbs.twimg.com/profile_images/1383196364792680448/N8CdupEu_normal.jpg,2016-12-08T23:26:58.000Z,https://t.co/Ze18Ek9SOI,190317,220,1149,567,realamberheard,807003567605227520,"Los Angeles, CA",Flor.,• she/her • bi • lois lane's wife • @vengerbot rt account •,https://pbs.twimg.com/profile_images/814107393441337344/Y0RadztT_normal.jpg,2009-03-18T23:11:22.000Z,https://t.co/weEurbu2Ud,295,261,103610,20,caroleslombard,25179430,🇦🇷,
en,2021-09-30T11:05:19.000Z,1443532406439378944,2358651235,"[{'type': 'quoted', 'id': '1443462523982860288'}, {'type': 'replied_to', 'id': '1443532023813967877'}]","after one night wit me, changed her life for the better. I told you fellas
https://t.co/GkygwbCmwk",Twitter for Android,"[{'start': 75, 'end': 98, 'url': 'https://t.co/GkygwbCmwk', 'expanded_url': 'https://twitter.com/realamberheard/status/1443462523982860288?s=19', 'display_url': 'twitter.com/realamberheard…'}]",,,0,0,0,0,en,"[{'start': 6, 'end': 29, 'url': 'https://t.co/ViYrJ1I9t5', 'expanded_url': 'https://twitter.com/realamberheard/status/1443462523982860288/photo/1', 'display_url': 'pic.twitter.com/ViYrJ1I9t5'}]",2021-09-30T06:27:38.000Z,1443462523982860288,69,3,1489,20,807003567605227520,"[{'type': 'replied_to', 'id': '1443290951716311045'}]",After https://t.co/ViYrJ1I9t5,Twitter for iPhone,807003567605227520,Amber Heard,"Actor and Activist, semi-professional disruptor, ice cream advocate and shameless teacup yorkie-lover",https://pbs.twimg.com/profile_images/1383196364792680448/N8CdupEu_normal.jpg,2016-12-08T23:26:58.000Z,https://t.co/Ze18Ek9SOI,190317,220,1149,567,realamberheard,807003567605227520,"Los Angeles, CA",don 💽,𝙛𝙤𝙧 𝙆𝙤𝙗𝙚,https://pbs.twimg.com/profile_images/1506611666946985994/CJJPI2ZC_normal.jpg,2014-02-23T23:32:44.000Z,,1226,2560,79289,8,don_lefleur,2358651235,LA,2358651235
pt,2021-09-30T11:01:00.000Z,1443531320454524928,1283123991193034759,"[{'type': 'quoted', 'id': '1443462523982860288'}]",o all star imundo kkkkkkkk https://t.co/PJKX8kwGdK,Twitter for Android,"[{'start': 27, 'end': 50, 'url': 'https://t.co/PJKX8kwGdK', 'expanded_url': 'https://twitter.com/realamberheard/status/1443462523982860288', 'display_url': 'twitter.com/realamberheard…'}]",,,0,0,0,0,en,"[{'start': 6, 'end': 29, 'url': 'https://t.co/ViYrJ1I9t5', 'expanded_url': 'https://twitter.com/realamberheard/status/1443462523982860288/photo/1', 'display_url': 'pic.twitter.com/ViYrJ1I9t5'}]",2021-09-30T06:27:38.000Z,1443462523982860288,69,3,1489,20,807003567605227520,"[{'type': 'replied_to', 'id': '1443290951716311045'}]",After https://t.co/ViYrJ1I9t5,Twitter for iPhone,807003567605227520,Amber Heard,"Actor and Activist, semi-professional disruptor, ice cream advocate and shameless teacup yorkie-lover",https://pbs.twimg.com/profile_images/1383196364792680448/N8CdupEu_normal.jpg,2016-12-08T23:26:58.000Z,https://t.co/Ze18Ek9SOI,190317,220,1149,567,realamberheard,807003567605227520,"Los Angeles, CA",vita | ke spoilers,#MERA: let the bastard come.,https://pbs.twimg.com/profile_images/1497677492424822789/DmyfqXcA_normal.png,2020-07-14T19:40:01.000Z,,694,630,26479,15,jzmindelrio,1283123991193034759,summerland ,
en,2021-09-30T09:03:20.000Z,1443501708164861955,341054873,"[{'type': 'quoted', 'id': '1443462523982860288'}]",I prefer this photo https://t.co/MPBWoZxS70,Twitter for Android,"[{'start': 20, 'end': 43, 'url': 'https://t.co/MPBWoZxS70', 'expanded_url': 'https://twitter.com/realamberheard/status/1443462523982860288', 'display_url': 'twitter.com/realamberheard…'}]",,,0,0,1,0,en,"[{'start': 6, 'end': 29, 'url': 'https://t.co/ViYrJ1I9t5', 'expanded_url': 'https://twitter.com/realamberheard/status/1443462523982860288/photo/1', 'display_url': 'pic.twitter.com/ViYrJ1I9t5'}]",2021-09-30T06:27:38.000Z,1443462523982860288,69,3,1489,20,807003567605227520,"[{'type': 'replied_to', 'id': '1443290951716311045'}]",After https://t.co/ViYrJ1I9t5,Twitter for iPhone,807003567605227520,Amber Heard,"Actor and Activist, semi-professional disruptor, ice cream advocate and shameless teacup yorkie-lover",https://pbs.twimg.com/profile_images/1383196364792680448/N8CdupEu_normal.jpg,2016-12-08T23:26:58.000Z,https://t.co/Ze18Ek9SOI,190317,220,1149,567,realamberheard,807003567605227520,"Los Angeles, CA",Mat Greener,"Retired (early) Charity Volunteer, Art & some school work. 🎗RTs do not represent endorsement",https://pbs.twimg.com/profile_images/1467075602209550341/5GUW5n6P_normal.jpg,2011-07-23T18:38:05.000Z,,650,1165,125549,72,matt_greener,341054873,Brighton & Brooklyn ,
en,2021-09-30T07:25:53.000Z,1443477180877574150,1377490771595698185,"[{'type': 'quoted', 'id': '1443462523982860288'}]",I like https://t.co/RmH7TpdzOk,Twitter for iPhone,"[{'start': 7, 'end': 30, 'url': 'https://t.co/RmH7TpdzOk', 'expanded_url': 'https://twitter.com/realamberheard/status/1443462523982860288', 'display_url': 'twitter.com/realamberheard…'}]",,,0,1,1,0,en,"[{'start': 6, 'end': 29, 'url': 'https://t.co/ViYrJ1I9t5', 'expanded_url': 'https://twitter.com/realamberheard/status/1443462523982860288/photo/1', 'display_url': 'pic.twitter.com/ViYrJ1I9t5'}]",2021-09-30T06:27:38.000Z,1443462523982860288,69,3,1489,20,807003567605227520,"[{'type': 'replied_to', 'id': '1443290951716311045'}]",After https://t.co/ViYrJ1I9t5,Twitter for iPhone,807003567605227520,Amber Heard,"Actor and Activist, semi-professional disruptor, ice cream advocate and shameless teacup yorkie-lover",https://pbs.twimg.com/profile_images/1383196364792680448/N8CdupEu_normal.jpg,2016-12-08T23:26:58.000Z,https://t.co/Ze18Ek9SOI,190317,220,1149,567,realamberheard,807003567605227520,"Los Angeles, CA",José Francisco,Programador de Sistemas,https://pbs.twimg.com/profile_images/1464607539681767436/r1iOD_PX_normal.jpg,2021-04-01T05:19:59.000Z,,39,70,1088,0,FrankCRuano,1377490771595698185,El Salvador,
en,2021-09-30T07:08:09.000Z,1443472721799692291,439819409,"[{'type': 'quoted', 'id': '1443462523982860288'}]",Aftermath. Natural beauty! https://t.co/BXR7FrpKyX,Twitter for iPhone,"[{'start': 27, 'end': 50, 'url': 'https://t.co/BXR7FrpKyX', 'expanded_url': 'https://twitter.com/realamberheard/status/1443462523982860288', 'display_url': 'twitter.com/realamberheard…'}]",,,0,1,5,0,en,"[{'start': 6, 'end': 29, 'url': 'https://t.co/ViYrJ1I9t5', 'expanded_url': 'https://twitter.com/realamberheard/status/1443462523982860288/photo/1', 'display_url': 'pic.twitter.com/ViYrJ1I9t5'}]",2021-09-30T06:27:38.000Z,1443462523982860288,69,3,1489,20,807003567605227520,"[{'type': 'replied_to', 'id': '1443290951716311045'}]",After https://t.co/ViYrJ1I9t5,Twitter for iPhone,807003567605227520,Amber Heard,"Actor and Activist, semi-professional disruptor, ice cream advocate and shameless teacup yorkie-lover",https://pbs.twimg.com/profile_images/1383196364792680448/N8CdupEu_normal.jpg,2016-12-08T23:26:58.000Z,https://t.co/Ze18Ek9SOI,190317,220,1149,567,realamberheard,807003567605227520,"Los Angeles, CA",Dantae !™,"New Day, and New Light! ⚜️ #Whodat",https://pbs.twimg.com/profile_images/477604702813560832/C9JIC5aY_normal.jpeg,2011-12-18T07:12:00.000Z,,121,259,36714,0,QMable,439819409, This Galaxy,
en,2021-09-30T06:58:45.000Z,1443470354274402310,857971009080532993,"[{'type': 'quoted', 'id': '1443462523982860288'}]",COOL 😎❤ https://t.co/Vqka1aVc2q,Twitter for Android,"[{'start': 8, 'end': 31, 'url': 'https://t.co/Vqka1aVc2q', 'expanded_url': 'https://twitter.com/realamberheard/status/1443462523982860288', 'display_url': 'twitter.com/realamberheard…'}]",,,0,0,0,0,en,"[{'start': 6, 'end': 29, 'url': 'https://t.co/ViYrJ1I9t5', 'expanded_url': 'https://twitter.com/realamberheard/status/1443462523982860288/photo/1', 'display_url': 'pic.twitter.com/ViYrJ1I9t5'}]",2021-09-30T06:27:38.000Z,1443462523982860288,69,3,1489,20,807003567605227520,"[{'type': 'replied_to', 'id': '1443290951716311045'}]",After https://t.co/ViYrJ1I9t5,Twitter for iPhone,807003567605227520,Amber Heard,"Actor and Activist, semi-professional disruptor, ice cream advocate and shameless teacup yorkie-lover",https://pbs.twimg.com/profile_images/1383196364792680448/N8CdupEu_normal.jpg,2016-12-08T23:26:58.000Z,https://t.co/Ze18Ek9SOI,190317,220,1149,567,realamberheard,807003567605227520,"Los Angeles, CA",oreocheesecake,DC팬. I love #dceu and many actors. she/her.  welcome🤗❤,https://pbs.twimg.com/profile_images/1462800448382205952/-fv0JZgb_normal.jpg,2017-04-28T14:53:23.000Z,,34,115,698,0,kikzsk,857971009080532993,,
en,2021-09-30T06:54:48.000Z,1443469360987770881,148106372,"[{'type': 'quoted', 'id': '1443462523982860288'}]",Hold AWNNN why she look so GOODT!??? https://t.co/7BBUp15rXB https://t.co/BFFn7MafZm,Twitter for iPhone,"[{'start': 37, 'end': 60, 'url': 'https://t.co/7BBUp15rXB', 'expanded_url': 'https://twitter.com/SBuddy1999/status/1381718519579082759/video/1', 'display_url': 'pic.twitter.com/7BBUp15rXB'}, {'start': 61, 'end': 84, 'url': 'https://t.co/BFFn7MafZm', 'expanded_url': 'https://twitter.com/realamberheard/status/1443462523982860288', 'display_url': 'twitter.com/realamberheard…'}]",,,0,0,0,0,en,"[{'start': 6, 'end': 29, 'url': 'https://t.co/ViYrJ1I9t5', 'expanded_url': 'https://twitter.com/realamberheard/status/1443462523982860288/photo/1', 'display_url': 'pic.twitter.com/ViYrJ1I9t5'}]",2021-09-30T06:27:38.000Z,1443462523982860288,69,3,1489,20,807003567605227520,"[{'type': 'replied_to', 'id': '1443290951716311045'}]",After https://t.co/ViYrJ1I9t5,Twitter for iPhone,807003567605227520,Amber Heard,"Actor and Activist, semi-professional disruptor, ice cream advocate and shameless teacup yorkie-lover",https://pbs.twimg.com/profile_images/1383196364792680448/N8CdupEu_normal.jpg,2016-12-08T23:26:58.000Z,https://t.co/Ze18Ek9SOI,190317,220,1149,567,realamberheard,807003567605227520,"Los Angeles, CA",“All The WHORES Love Mandy Lane”,"Cynthia but I go by Cindy, Cyn, Cid, or “the odd girl who insist on asking if she can bring her lizard to every social event”. #AllBlackLivesMatter She/Her (23)",https://pbs.twimg.com/profile_images/1505555763707715585/oDhpMX1Z_normal.jpg,2010-05-25T21:25:48.000Z,,890,722,115524,21,AestheticCyn,148106372,"Haddonfield, Illinois",
et,2021-09-30T06:47:03.000Z,1443467410288177154,819741121551048704,"[{'type': 'quoted', 'id': '1443462523982860288'}]",cinematic parallels https://t.co/zMCGDgXbPl,Twitter Web App,"[{'start': 20, 'end': 43, 'url': 'https://t.co/zMCGDgXbPl', 'expanded_url': 'https://twitter.com/realamberheard/status/1443462523982860288', 'display_url': 'twitter.com/realamberheard…'}]",,,0,0,1,0,en,"[{'start': 6, 'end': 29, 'url': 'https://t.co/ViYrJ1I9t5', 'expanded_url': 'https://twitter.com/realamberheard/status/1443462523982860288/photo/1', 'display_url': 'pic.twitter.com/ViYrJ1I9t5'}]",2021-09-30T06:27:38.000Z,1443462523982860288,69,3,1489,20,807003567605227520,"[{'type': 'replied_to', 'id': '1443290951716311045'}]",After https://t.co/ViYrJ1I9t5,Twitter for iPhone,807003567605227520,Amber Heard,"Actor and Activist, semi-professional disruptor, ice cream advocate and shameless teacup yorkie-lover",https://pbs.twimg.com/profile_images/1383196364792680448/N8CdupEu_normal.jpg,2016-12-08T23:26:58.000Z,https://t.co/Ze18Ek9SOI,190317,220,1149,567,realamberheard,807003567605227520,"Los Angeles, CA",laurie strode lovebot 🔪,"future educator, current fuck-up. studying english, sociology, and accessibility. alleged reader, unapologetic malignant stan (ellie ✦ they/she ✦ bi femme ✦🔞 )",https://pbs.twimg.com/profile_images/1424575689068449794/UQEKjsRm_normal.jpg,2017-01-13T03:01:28.000Z,https://t.co/QQXprMIvhJ,142,625,13634,0,bihetbarbie,819741121551048704,slutty purgatory ,
pt,2021-09-30T06:37:52.000Z,1443465096978706433,1029848294737031171,"[{'type': 'quoted', 'id': '1443462523982860288'}]","depois dessa foto perfeita eu posso ir dormir em paz, boa noite ❤️ https://t.co/xwL2j8Vjme",Twitter for iPhone,"[{'start': 67, 'end': 90, 'url': 'https://t.co/xwL2j8Vjme', 'expanded_url': 'https://twitter.com/realamberheard/status/1443462523982860288', 'display_url': 'twitter.com/realamberheard…'}]",,,0,0,0,0,en,"[{'start': 6, 'end': 29, 'url': 'https://t.co/ViYrJ1I9t5', 'expanded_url': 'https://twitter.com/realamberheard/status/1443462523982860288/photo/1', 'display_url': 'pic.twitter.com/ViYrJ1I9t5'}]",2021-09-30T06:27:38.000Z,1443462523982860288,69,3,1489,20,807003567605227520,"[{'type': 'replied_to', 'id': '1443290951716311045'}]",After https://t.co/ViYrJ1I9t5,Twitter for iPhone,807003567605227520,Amber Heard,"Actor and Activist, semi-professional disruptor, ice cream advocate and shameless teacup yorkie-lover",https://pbs.twimg.com/profile_images/1383196364792680448/N8CdupEu_normal.jpg,2016-12-08T23:26:58.000Z,https://t.co/Ze18Ek9SOI,190317,220,1149,567,realamberheard,807003567605227520,"Los Angeles, CA",luís,,https://pbs.twimg.com/profile_images/1503901966363209734/4Iax2ZJa_normal.jpg,2018-08-15T21:52:21.000Z,,9822,1214,21537,0,amberIeonhart,1029848294737031171,snk manga spoilers ,
pt,2021-09-30T06:36:00.000Z,1443464628399394820,1029848294737031171,"[{'type': 'quoted', 'id': '1443462523982860288'}]","o tênis no banco, que isso amber!!!! https://t.co/xwL2j8Vjme",Twitter for iPhone,"[{'start': 37, 'end': 60, 'url': 'https://t.co/xwL2j8Vjme', 'expanded_url': 'https://twitter.com/realamberheard/status/1443462523982860288', 'display_url': 'twitter.com/realamberheard…'}]",,,0,0,0,0,en,"[{'start': 6, 'end': 29, 'url': 'https://t.co/ViYrJ1I9t5', 'expanded_url': 'https://twitter.com/realamberheard/status/1443462523982860288/photo/1', 'display_url': 'pic.twitter.com/ViYrJ1I9t5'}]",2021-09-30T06:27:38.000Z,1443462523982860288,69,3,1489,20,807003567605227520,"[{'type': 'replied_to', 'id': '1443290951716311045'}]",After https://t.co/ViYrJ1I9t5,Twitter for iPhone,807003567605227520,Amber Heard,"Actor and Activist, semi-professional disruptor, ice cream advocate and shameless teacup yorkie-lover",https://pbs.twimg.com/profile_images/1383196364792680448/N8CdupEu_normal.jpg,2016-12-08T23:26:58.000Z,https://t.co/Ze18Ek9SOI,190317,220,1149,567,realamberheard,807003567605227520,"Los Angeles, CA",luís,,https://pbs.twimg.com/profile_images/1503901966363209734/4Iax2ZJa_normal.jpg,2018-08-15T21:52:21.000Z,,9822,1214,21537,0,amberIeonhart,1029848294737031171,snk manga spoilers ,
pt,2021-09-30T06:35:02.000Z,1443464387457605636,1029848294737031171,"[{'type': 'quoted', 'id': '1443462523982860288'}]","todo mundo dormindo, quase ninguém aqui pra comentar https://t.co/xwL2j8Vjme",Twitter for iPhone,"[{'start': 53, 'end': 76, 'url': 'https://t.co/xwL2j8Vjme', 'expanded_url': 'https://twitter.com/realamberheard/status/1443462523982860288', 'display_url': 'twitter.com/realamberheard…'}]",,,0,0,0,0,en,"[{'start': 6, 'end': 29, 'url': 'https://t.co/ViYrJ1I9t5', 'expanded_url': 'https://twitter.com/realamberheard/status/1443462523982860288/photo/1', 'display_url': 'pic.twitter.com/ViYrJ1I9t5'}]",2021-09-30T06:27:38.000Z,1443462523982860288,69,3,1489,20,807003567605227520,"[{'type': 'replied_to', 'id': '1443290951716311045'}]",After https://t.co/ViYrJ1I9t5,Twitter for iPhone,807003567605227520,Amber Heard,"Actor and Activist, semi-professional disruptor, ice cream advocate and shameless teacup yorkie-lover",https://pbs.twimg.com/profile_images/1383196364792680448/N8CdupEu_normal.jpg,2016-12-08T23:26:58.000Z,https://t.co/Ze18Ek9SOI,190317,220,1149,567,realamberheard,807003567605227520,"Los Angeles, CA",luís,,https://pbs.twimg.com/profile_images/1503901966363209734/4Iax2ZJa_normal.jpg,2018-08-15T21:52:21.000Z,,9822,1214,21537,0,amberIeonhart,1029848294737031171,snk manga spoilers ,
pt,2021-09-30T06:33:13.000Z,1443463928093323264,1087731962092179456,"[{'type': 'quoted', 'id': '1443462523982860288'}]",Tão lindaa. https://t.co/ZsFE689cDv,Twitter for Android,"[{'start': 12, 'end': 35, 'url': 'https://t.co/ZsFE689cDv', 'expanded_url': 'https://twitter.com/realamberheard/status/1443462523982860288', 'display_url': 'twitter.com/realamberheard…'}]",,,0,0,1,0,en,"[{'start': 6, 'end': 29, 'url': 'https://t.co/ViYrJ1I9t5', 'expanded_url': 'https://twitter.com/realamberheard/status/1443462523982860288/photo/1', 'display_url': 'pic.twitter.com/ViYrJ1I9t5'}]",2021-09-30T06:27:38.000Z,1443462523982860288,69,3,1489,20,807003567605227520,"[{'type': 'replied_to', 'id': '1443290951716311045'}]",After https://t.co/ViYrJ1I9t5,Twitter for iPhone,807003567605227520,Amber Heard,"Actor and Activist, semi-professional disruptor, ice cream advocate and shameless teacup yorkie-lover",https://pbs.twimg.com/profile_images/1383196364792680448/N8CdupEu_normal.jpg,2016-12-08T23:26:58.000Z,https://t.co/Ze18Ek9SOI,190317,220,1149,567,realamberheard,807003567605227520,"Los Angeles, CA",Mariana ミ☆ 🇧🇷,Ela/dela • @sportrecife • @realmadrid • @gresmangueira,https://pbs.twimg.com/profile_images/1496390070114394113/VkdnV3B5_normal.jpg,2019-01-22T15:21:23.000Z,,1522,5005,155135,4,griffintrikru,1087731962092179456,Recife,
fa,2021-09-30T06:31:32.000Z,1443463506196635651,1180252348217806853,"[{'type': 'quoted', 'id': '1443462523982860288'}]",نرینه تو ماشین!😐 https://t.co/CH33km3lcA,Twitter for Android,"[{'start': 17, 'end': 40, 'url': 'https://t.co/CH33km3lcA', 'expanded_url': 'https://twitter.com/realamberheard/status/1443462523982860288', 'display_url': 'twitter.com/realamberheard…'}]",,,0,0,1,0,en,"[{'start': 6, 'end': 29, 'url': 'https://t.co/ViYrJ1I9t5', 'expanded_url': 'https://twitter.com/realamberheard/status/1443462523982860288/photo/1', 'display_url': 'pic.twitter.com/ViYrJ1I9t5'}]",2021-09-30T06:27:38.000Z,1443462523982860288,69,3,1489,20,807003567605227520,"[{'type': 'replied_to', 'id': '1443290951716311045'}]",After https://t.co/ViYrJ1I9t5,Twitter for iPhone,807003567605227520,Amber Heard,"Actor and Activist, semi-professional disruptor, ice cream advocate and shameless teacup yorkie-lover",https://pbs.twimg.com/profile_images/1383196364792680448/N8CdupEu_normal.jpg,2016-12-08T23:26:58.000Z,https://t.co/Ze18Ek9SOI,190317,220,1149,567,realamberheard,807003567605227520,"Los Angeles, CA",Armin,https://t.co/nUOIk5ike0,https://pbs.twimg.com/profile_images/1376730023978266626/fGGpKumm_normal.jpg,2019-10-04T22:44:35.000Z,,791,586,14999,0,armin_e91,1180252348217806853,گیلان,
pt,2021-09-30T06:29:01.000Z,1443462869706854401,1029848294737031171,"[{'type': 'quoted', 'id': '1443462523982860288'}]",me segue amber https://t.co/xwL2j8Vjme,Twitter for iPhone,"[{'start': 15, 'end': 38, 'url': 'https://t.co/xwL2j8Vjme', 'expanded_url': 'https://twitter.com/realamberheard/status/1443462523982860288', 'display_url': 'twitter.com/realamberheard…'}]",,,0,0,0,0,en,"[{'start': 6, 'end': 29, 'url': 'https://t.co/ViYrJ1I9t5', 'expanded_url': 'https://twitter.com/realamberheard/status/1443462523982860288/photo/1', 'display_url': 'pic.twitter.com/ViYrJ1I9t5'}]",2021-09-30T06:27:38.000Z,1443462523982860288,69,3,1489,20,807003567605227520,"[{'type': 'replied_to', 'id': '1443290951716311045'}]",After https://t.co/ViYrJ1I9t5,Twitter for iPhone,807003567605227520,Amber Heard,"Actor and Activist, semi-professional disruptor, ice cream advocate and shameless teacup yorkie-lover",https://pbs.twimg.com/profile_images/1383196364792680448/N8CdupEu_normal.jpg,2016-12-08T23:26:58.000Z,https://t.co/Ze18Ek9SOI,190317,220,1149,567,realamberheard,807003567605227520,"Los Angeles, CA",luís,,https://pbs.twimg.com/profile_images/1503901966363209734/4Iax2ZJa_normal.jpg,2018-08-15T21:52:21.000Z,,9822,1214,21537,0,amberIeonhart,1029848294737031171,snk manga spoilers ,
pt,2021-09-30T06:28:45.000Z,1443462805798236160,843145998671265792,"[{'type': 'quoted', 'id': '1443462523982860288'}]",tao linda minha vida https://t.co/kEEcxMTciP,Twitter for iPhone,"[{'start': 21, 'end': 44, 'url': 'https://t.co/kEEcxMTciP', 'expanded_url': 'https://twitter.com/realamberheard/status/1443462523982860288', 'display_url': 'twitter.com/realamberheard…'}]",,,0,0,0,0,en,"[{'start': 6, 'end': 29, 'url': 'https://t.co/ViYrJ1I9t5', 'expanded_url': 'https://twitter.com/realamberheard/status/1443462523982860288/photo/1', 'display_url': 'pic.twitter.com/ViYrJ1I9t5'}]",2021-09-30T06:27:38.000Z,1443462523982860288,69,3,1489,20,807003567605227520,"[{'type': 'replied_to', 'id': '1443290951716311045'}]",After https://t.co/ViYrJ1I9t5,Twitter for iPhone,807003567605227520,Amber Heard,"Actor and Activist, semi-professional disruptor, ice cream advocate and shameless teacup yorkie-lover",https://pbs.twimg.com/profile_images/1383196364792680448/N8CdupEu_normal.jpg,2016-12-08T23:26:58.000Z,https://t.co/Ze18Ek9SOI,190317,220,1149,567,realamberheard,807003567605227520,"Los Angeles, CA",nats a última romântica,ender aydin's sister.,https://pbs.twimg.com/profile_images/1502378561403076608/-XmhCBdW_normal.jpg,2017-03-18T17:04:05.000Z,https://t.co/XgPphSamNm,2224,1759,37845,7,triptychfeld,843145998671265792,hailee’s whore♡ 〴⋋_⋌〵,
en,2021-09-30T06:28:28.000Z,1443462733274492934,1029848294737031171,"[{'type': 'quoted', 'id': '1443462523982860288'}]",love you https://t.co/xwL2j8Vjme,Twitter for iPhone,"[{'start': 9, 'end': 32, 'url': 'https://t.co/xwL2j8Vjme', 'expanded_url': 'https://twitter.com/realamberheard/status/1443462523982860288', 'display_url': 'twitter.com/realamberheard…'}]",,,0,0,0,0,en,"[{'start': 6, 'end': 29, 'url': 'https://t.co/ViYrJ1I9t5', 'expanded_url': 'https://twitter.com/realamberheard/status/1443462523982860288/photo/1', 'display_url': 'pic.twitter.com/ViYrJ1I9t5'}]",2021-09-30T06:27:38.000Z,1443462523982860288,69,3,1489,20,807003567605227520,"[{'type': 'replied_to', 'id': '1443290951716311045'}]",After https://t.co/ViYrJ1I9t5,Twitter for iPhone,807003567605227520,Amber Heard,"Actor and Activist, semi-professional disruptor, ice cream advocate and shameless teacup yorkie-lover",https://pbs.twimg.com/profile_images/1383196364792680448/N8CdupEu_normal.jpg,2016-12-08T23:26:58.000Z,https://t.co/Ze18Ek9SOI,190317,220,1149,567,realamberheard,807003567605227520,"Los Angeles, CA",luís,,https://pbs.twimg.com/profile_images/1503901966363209734/4Iax2ZJa_normal.jpg,2018-08-15T21:52:21.000Z,,9822,1214,21537,0,amberIeonhart,1029848294737031171,snk manga spoilers ,
en,2021-09-30T06:28:19.000Z,1443462695886405641,1029848294737031171,"[{'type': 'quoted', 'id': '1443462523982860288'}]",cute 🥺❤️ https://t.co/xwL2j8Vjme,Twitter for iPhone,"[{'start': 9, 'end': 32, 'url': 'https://t.co/xwL2j8Vjme', 'expanded_url': 'https://twitter.com/realamberheard/status/1443462523982860288', 'display_url': 'twitter.com/realamberheard…'}]",,,0,0,0,0,en,"[{'start': 6, 'end': 29, 'url': 'https://t.co/ViYrJ1I9t5', 'expanded_url': 'https://twitter.com/realamberheard/status/1443462523982860288/photo/1', 'display_url': 'pic.twitter.com/ViYrJ1I9t5'}]",2021-09-30T06:27:38.000Z,1443462523982860288,69,3,1489,20,807003567605227520,"[{'type': 'replied_to', 'id': '1443290951716311045'}]",After https://t.co/ViYrJ1I9t5,Twitter for iPhone,807003567605227520,Amber Heard,"Actor and Activist, semi-professional disruptor, ice cream advocate and shameless teacup yorkie-lover",https://pbs.twimg.com/profile_images/1383196364792680448/N8CdupEu_normal.jpg,2016-12-08T23:26:58.000Z,https://t.co/Ze18Ek9SOI,190317,220,1149,567,realamberheard,807003567605227520,"Los Angeles, CA",luís,,https://pbs.twimg.com/profile_images/1503901966363209734/4Iax2ZJa_normal.jpg,2018-08-15T21:52:21.000Z,,9822,1214,21537,0,amberIeonhart,1029848294737031171,snk manga spoilers ,
