referenced_tweets,lang,text,created_at,source,id,author_id,public_metrics.retweet_count,public_metrics.reply_count,public_metrics.like_count,public_metrics.quote_count,entities.urls,quoted_tweet.lang,quoted_tweet.text,quoted_tweet.created_at,quoted_tweet.public_metrics.retweet_count,quoted_tweet.public_metrics.reply_count,quoted_tweet.public_metrics.like_count,quoted_tweet.public_metrics.quote_count,quoted_tweet.entities.urls,quoted_tweet.source,quoted_tweet.id,quoted_tweet.author_id,quoted_tweet.author.id,quoted_tweet.author.description,quoted_tweet.author.name,quoted_tweet.author.public_metrics.followers_count,quoted_tweet.author.public_metrics.following_count,quoted_tweet.author.public_metrics.tweet_count,quoted_tweet.author.public_metrics.listed_count,quoted_tweet.author.created_at,quoted_tweet.author.username,quoted_tweet.author.url,quoted_tweet.author.location,quoted_tweet.author.profile_image_url,author.id,author.description,author.name,author.public_metrics.followers_count,author.public_metrics.following_count,author.public_metrics.tweet_count,author.public_metrics.listed_count,author.created_at,author.username,author.url,author.profile_image_url,author.location,entities.mentions,entities.hashtags,entities.annotations,in_reply_to_user_id
"[{'type': 'quoted', 'id': '1460261283308228609'}]",en,Beautiful 😍 https://t.co/S0ofVzwWeZ,2022-01-09T17:00:20.000Z,Twitter for Android,1480222923814227972,1410901790946643968,0,0,0,0,"[{'start': 12, 'end': 35, 'url': 'https://t.co/S0ofVzwWeZ', 'expanded_url': 'https://twitter.com/realamberheard/status/1460261283308228609', 'display_url': 'twitter.com/realamberheard…'}]",en,Heading into a new week like 🥳 https://t.co/GyQ2lBH9l4,2021-11-15T14:59:54.000Z,155,17,3228,59,"[{'start': 31, 'end': 54, 'url': 'https://t.co/GyQ2lBH9l4', 'expanded_url': 'https://twitter.com/realamberheard/status/1460261283308228609/photo/1', 'display_url': 'pic.twitter.com/GyQ2lBH9l4'}]",Twitter for iPhone,1460261283308228609,807003567605227520,807003567605227520,"Actor and Activist, semi-professional disruptor, ice cream advocate and shameless teacup yorkie-lover",Amber Heard,190316,220,1149,567,2016-12-08T23:26:58.000Z,realamberheard,https://t.co/Ze18Ek9SOI,"Los Angeles, CA",https://pbs.twimg.com/profile_images/1383196364792680448/N8CdupEu_normal.jpg,1410901790946643968,,Ivan,8,18,347,0,2021-07-02T10:04:44.000Z,Ivan33028660,,https://pbs.twimg.com/profile_images/1410913166394068995/_axqG5iN_normal.jpg,,,,,
"[{'type': 'quoted', 'id': '1460261283308228609'}]",en,Who’d you beat the shit out of this time… https://t.co/VWm8WQkM7K,2021-12-26T23:12:40.000Z,Twitter for iPhone,1475243191460712448,1371407852435169284,0,0,1,0,"[{'start': 42, 'end': 65, 'url': 'https://t.co/VWm8WQkM7K', 'expanded_url': 'https://twitter.com/realamberheard/status/1460261283308228609', 'display_url': 'twitter.com/realamberheard…'}]",en,Heading into a new week like 🥳 https://t.co/GyQ2lBH9l4,2021-11-15T14:59:54.000Z,155,17,3228,59,"[{'start': 31, 'end': 54, 'url': 'https://t.co/GyQ2lBH9l4', 'expanded_url': 'https://twitter.com/realamberheard/status/1460261283308228609/photo/1', 'display_url': 'pic.twitter.com/GyQ2lBH9l4'}]",Twitter for iPhone,1460261283308228609,807003567605227520,807003567605227520,"Actor and Activist, semi-professional disruptor, ice cream advocate and shameless teacup yorkie-lover",Amber Heard,190316,220,1149,567,2016-12-08T23:26:58.000Z,realamberheard,https://t.co/Ze18Ek9SOI,"Los Angeles, CA",https://pbs.twimg.com/profile_images/1383196364792680448/N8CdupEu_normal.jpg,1371407852435169284,🇺🇸🇦🇺Author @NextEarthStory & @OblivionMarble | Founder - @OblivionLabz | @msstate grad x2 🪐Doomsdayer👺Food/Water/Disaster/Spatial🥦 | Barn Owlz maxi🦉🐿🐝,𝐏𝐚𝐭𝐫𝐢𝐨𝐭🦉,5622,3261,19180,26,2021-03-15T10:28:16.000Z,PatriotNode,,https://pbs.twimg.com/profile_images/1506256205253345287/KGcUMpSh_normal.jpg,XunZinJando,,,,
"[{'type': 'quoted', 'id': '1460261283308228609'}]",en,this is the face I’ll make when you’ll go to jail https://t.co/DuySDnXYj9,2021-12-11T21:52:09.000Z,Twitter for iPhone,1469787112178429953,4746089361,0,0,1,0,"[{'start': 50, 'end': 73, 'url': 'https://t.co/DuySDnXYj9', 'expanded_url': 'https://twitter.com/realamberheard/status/1460261283308228609', 'display_url': 'twitter.com/realamberheard…'}]",en,Heading into a new week like 🥳 https://t.co/GyQ2lBH9l4,2021-11-15T14:59:54.000Z,155,17,3228,59,"[{'start': 31, 'end': 54, 'url': 'https://t.co/GyQ2lBH9l4', 'expanded_url': 'https://twitter.com/realamberheard/status/1460261283308228609/photo/1', 'display_url': 'pic.twitter.com/GyQ2lBH9l4'}]",Twitter for iPhone,1460261283308228609,807003567605227520,807003567605227520,"Actor and Activist, semi-professional disruptor, ice cream advocate and shameless teacup yorkie-lover",Amber Heard,190316,220,1149,567,2016-12-08T23:26:58.000Z,realamberheard,https://t.co/Ze18Ek9SOI,"Los Angeles, CA",https://pbs.twimg.com/profile_images/1383196364792680448/N8CdupEu_normal.jpg,4746089361,tommy shelby wife (real) |doomreed | in my kenobi era,tinker bell aka ash’s wife,201,217,19368,6,2016-01-08T16:46:37.000Z,vadersfantastic,,https://pbs.twimg.com/profile_images/1502047719162097665/5MHSV0Pw_normal.jpg,"she / her ; ESFP — 8w7 
libra ; bi disaster ; +18",,,,
"[{'type': 'retweeted', 'id': '1460511473759838209'}]",tl,RT @Gwennafran: Pffffhahahahahahahahahahahahahah........BAAAAhahahahahahahahahahahahahahahahahahahaha 🤡🤡🤡🤡🤡🤡🤡🤡🤣🤣🤣🤣🤣🤣🤣🤣🤣 #AmberHeardPerjury…,2021-11-30T06:51:07.000Z,Twitter for iPhone,1465574093630189569,1244808354607882240,2,0,0,0,,en,Heading into a new week like 🥳 https://t.co/GyQ2lBH9l4,2021-11-15T14:59:54.000Z,155,17,3228,59,"[{'start': 31, 'end': 54, 'url': 'https://t.co/GyQ2lBH9l4', 'expanded_url': 'https://twitter.com/realamberheard/status/1460261283308228609/photo/1', 'display_url': 'pic.twitter.com/GyQ2lBH9l4'}]",Twitter for iPhone,1460261283308228609,807003567605227520,807003567605227520,"Actor and Activist, semi-professional disruptor, ice cream advocate and shameless teacup yorkie-lover",Amber Heard,190316,220,1149,567,2016-12-08T23:26:58.000Z,realamberheard,https://t.co/Ze18Ek9SOI,"Los Angeles, CA",https://pbs.twimg.com/profile_images/1383196364792680448/N8CdupEu_normal.jpg,1244808354607882240,"🤡 ilustradora 🤡 | ~ asocial aunque a veces streameo ~ | multifandom (One Piece, GTA…) | INTENABO SUPREMACY | ✨ COMMISSIONS CLOSED ✨ | ig: maleesch",kidkashii 🐲,2143,94,1666,1,2020-03-31T02:07:03.000Z,kidkashii,https://t.co/CQzMFuJao8,https://pbs.twimg.com/profile_images/1459336086614913026/NTdcEVe5_normal.jpg,Mako Island,"[{'start': 3, 'end': 14, 'username': 'Gwennafran', 'id': '145150641'}]","[{'start': 120, 'end': 138, 'tag': 'AmberHeardPerjury'}]",,
"[{'type': 'retweeted', 'id': '1461569767446351872'}]",en,"RT @sinfulmercmain: It’s better if you stopped posting, like permanently.",2021-11-22T19:04:07.000Z,Twitter Web App,1462859454785929221,2790175372,1,0,0,0,,en,Heading into a new week like 🥳 https://t.co/GyQ2lBH9l4,2021-11-15T14:59:54.000Z,155,17,3228,59,"[{'start': 31, 'end': 54, 'url': 'https://t.co/GyQ2lBH9l4', 'expanded_url': 'https://twitter.com/realamberheard/status/1460261283308228609/photo/1', 'display_url': 'pic.twitter.com/GyQ2lBH9l4'}]",Twitter for iPhone,1460261283308228609,807003567605227520,807003567605227520,"Actor and Activist, semi-professional disruptor, ice cream advocate and shameless teacup yorkie-lover",Amber Heard,190316,220,1149,567,2016-12-08T23:26:58.000Z,realamberheard,https://t.co/Ze18Ek9SOI,"Los Angeles, CA",https://pbs.twimg.com/profile_images/1383196364792680448/N8CdupEu_normal.jpg,2790175372,"I will retweet everything :^)  Ffxiv is a good game, play it plz

Profile pic credit to @tamatanz",Jeff my nam,144,2404,46927,0,2014-09-28T22:46:20.000Z,GShadin,,https://pbs.twimg.com/profile_images/1335567759795777536/nrc0JlUg_normal.jpg,earth,"[{'start': 3, 'end': 18, 'username': 'sinfulmercmain', 'id': '941757934047985664'}]",,,
"[{'type': 'retweeted', 'id': '1460396389691793411'}]",en,RT @claud_bored: Fixed it for you. #JusticeForJohnnyDepp https://t.co/MzEfamlgKt,2021-11-19T21:22:30.000Z,Twitter for Android,1461807115421552648,1004241466510757888,3,0,0,0,"[{'start': 57, 'end': 80, 'url': 'https://t.co/MzEfamlgKt', 'expanded_url': 'https://twitter.com/claud_bored/status/1460396389691793411/photo/1', 'display_url': 'pic.twitter.com/MzEfamlgKt'}]",en,Heading into a new week like 🥳 https://t.co/GyQ2lBH9l4,2021-11-15T14:59:54.000Z,155,17,3228,59,"[{'start': 31, 'end': 54, 'url': 'https://t.co/GyQ2lBH9l4', 'expanded_url': 'https://twitter.com/realamberheard/status/1460261283308228609/photo/1', 'display_url': 'pic.twitter.com/GyQ2lBH9l4'}]",Twitter for iPhone,1460261283308228609,807003567605227520,807003567605227520,"Actor and Activist, semi-professional disruptor, ice cream advocate and shameless teacup yorkie-lover",Amber Heard,190316,220,1149,567,2016-12-08T23:26:58.000Z,realamberheard,https://t.co/Ze18Ek9SOI,"Los Angeles, CA",https://pbs.twimg.com/profile_images/1383196364792680448/N8CdupEu_normal.jpg,1004241466510757888,"Marvel & DC comics, anime fan, MCU movies Star Wars nerd
Inhuman/Omega-level Mutant/Force sensitive celestial Hell-Spawn being

#JusticeforJohnnyDepp",Omura Sumitada / Jotarai Manzu,368,2954,28237,1,2018-06-06T05:59:58.000Z,DarthManzu,,https://pbs.twimg.com/profile_images/1380212556179070981/zFQQPKWi_normal.jpg,"Cape Town, South Africa","[{'start': 3, 'end': 15, 'username': 'claud_bored', 'id': '1449348757078913032'}]","[{'start': 35, 'end': 56, 'tag': 'JusticeForJohnnyDepp'}]",,
"[{'type': 'retweeted', 'id': '1460396389691793411'}]",en,RT @claud_bored: Fixed it for you. #JusticeForJohnnyDepp https://t.co/MzEfamlgKt,2021-11-19T21:21:55.000Z,Twitter for Android,1461806968562192393,22044932,3,0,0,0,"[{'start': 57, 'end': 80, 'url': 'https://t.co/MzEfamlgKt', 'expanded_url': 'https://twitter.com/claud_bored/status/1460396389691793411/photo/1', 'display_url': 'pic.twitter.com/MzEfamlgKt'}]",en,Heading into a new week like 🥳 https://t.co/GyQ2lBH9l4,2021-11-15T14:59:54.000Z,155,17,3228,59,"[{'start': 31, 'end': 54, 'url': 'https://t.co/GyQ2lBH9l4', 'expanded_url': 'https://twitter.com/realamberheard/status/1460261283308228609/photo/1', 'display_url': 'pic.twitter.com/GyQ2lBH9l4'}]",Twitter for iPhone,1460261283308228609,807003567605227520,807003567605227520,"Actor and Activist, semi-professional disruptor, ice cream advocate and shameless teacup yorkie-lover",Amber Heard,190316,220,1149,567,2016-12-08T23:26:58.000Z,realamberheard,https://t.co/Ze18Ek9SOI,"Los Angeles, CA",https://pbs.twimg.com/profile_images/1383196364792680448/N8CdupEu_normal.jpg,22044932,"53 years old and not dead yet! 😂💀 #JusticeForJohnnyDepp DV survivor, not a Depphead, I just know Amanda Turd is the abuser.",Leelou68,845,1329,3402,3,2009-02-26T18:51:54.000Z,leelou68,,https://pbs.twimg.com/profile_images/1481039809120460800/5N1ufObm_normal.jpg,Derbyshire,"[{'start': 3, 'end': 15, 'username': 'claud_bored', 'id': '1449348757078913032'}]","[{'start': 35, 'end': 56, 'tag': 'JusticeForJohnnyDepp'}]",,
"[{'type': 'quoted', 'id': '1460261283308228609'}]",en,"It’s better if you stopped posting, like permanently. https://t.co/WE9eXP1kn7",2021-11-19T05:39:21.000Z,Twitter for iPhone,1461569767446351872,941757934047985664,1,0,6,0,"[{'start': 54, 'end': 77, 'url': 'https://t.co/WE9eXP1kn7', 'expanded_url': 'https://twitter.com/realamberheard/status/1460261283308228609', 'display_url': 'twitter.com/realamberheard…'}]",en,Heading into a new week like 🥳 https://t.co/GyQ2lBH9l4,2021-11-15T14:59:54.000Z,155,17,3228,59,"[{'start': 31, 'end': 54, 'url': 'https://t.co/GyQ2lBH9l4', 'expanded_url': 'https://twitter.com/realamberheard/status/1460261283308228609/photo/1', 'display_url': 'pic.twitter.com/GyQ2lBH9l4'}]",Twitter for iPhone,1460261283308228609,807003567605227520,807003567605227520,"Actor and Activist, semi-professional disruptor, ice cream advocate and shameless teacup yorkie-lover",Amber Heard,190316,220,1149,567,2016-12-08T23:26:58.000Z,realamberheard,https://t.co/Ze18Ek9SOI,"Los Angeles, CA",https://pbs.twimg.com/profile_images/1383196364792680448/N8CdupEu_normal.jpg,941757934047985664,"I don’t play Smite, stop asking 🤨 | Black Twitch Affiliate",Bastet (ChristalRaine Stan Account),88,702,15702,0,2017-12-15T19:52:43.000Z,sinfulmercmain,https://t.co/ljFhLo2xDA,https://pbs.twimg.com/profile_images/1505040335872876545/v5Q2pYO2_normal.jpg,,,,,
"[{'type': 'retweeted', 'id': '1460480406281613312'}]",en,"RT @AliceZ86866073: Photos of 2015. Did you find this picture while checking your iphone? Stop struggling, Turd. Deleted photos can also be…",2021-11-18T10:10:55.000Z,Twitter for Android,1461275720513171456,1449348757078913032,1,0,0,0,,en,Heading into a new week like 🥳 https://t.co/GyQ2lBH9l4,2021-11-15T14:59:54.000Z,155,17,3228,59,"[{'start': 31, 'end': 54, 'url': 'https://t.co/GyQ2lBH9l4', 'expanded_url': 'https://twitter.com/realamberheard/status/1460261283308228609/photo/1', 'display_url': 'pic.twitter.com/GyQ2lBH9l4'}]",Twitter for iPhone,1460261283308228609,807003567605227520,807003567605227520,"Actor and Activist, semi-professional disruptor, ice cream advocate and shameless teacup yorkie-lover",Amber Heard,190316,220,1149,567,2016-12-08T23:26:58.000Z,realamberheard,https://t.co/Ze18Ek9SOI,"Los Angeles, CA",https://pbs.twimg.com/profile_images/1383196364792680448/N8CdupEu_normal.jpg,1449348757078913032,"Amber Heard's reputation is officially over! Karma is wonderful..
#JusticeForJohnnyDepp",AbuseBUSTER,381,1419,1473,3,2021-10-16T12:17:39.000Z,claud_bored,,https://pbs.twimg.com/profile_images/1506296008355033098/jWP7zO6M_normal.jpg,,"[{'start': 3, 'end': 18, 'username': 'AliceZ86866073', 'id': '1141365320130543616'}]",,"[{'start': 82, 'end': 87, 'probability': 0.9577, 'type': 'Product', 'normalized_text': 'iphone'}]",
"[{'type': 'retweeted', 'id': '1461128095793127424'}]",en,RT @hendrixnroses: u should head into jail,2021-11-18T06:56:16.000Z,Twitter for iPhone,1461226735786029059,1151311656879661056,5,0,0,0,,en,Heading into a new week like 🥳 https://t.co/GyQ2lBH9l4,2021-11-15T14:59:54.000Z,155,17,3228,59,"[{'start': 31, 'end': 54, 'url': 'https://t.co/GyQ2lBH9l4', 'expanded_url': 'https://twitter.com/realamberheard/status/1460261283308228609/photo/1', 'display_url': 'pic.twitter.com/GyQ2lBH9l4'}]",Twitter for iPhone,1460261283308228609,807003567605227520,807003567605227520,"Actor and Activist, semi-professional disruptor, ice cream advocate and shameless teacup yorkie-lover",Amber Heard,190316,220,1149,567,2016-12-08T23:26:58.000Z,realamberheard,https://t.co/Ze18Ek9SOI,"Los Angeles, CA",https://pbs.twimg.com/profile_images/1383196364792680448/N8CdupEu_normal.jpg,1151311656879661056,Just a slut for Star Wars ☽ @SlashArchives,Hope💌,386,343,17638,17,2019-07-17T02:04:24.000Z,Euphocity,https://t.co/BWrHO0mEzC,https://pbs.twimg.com/profile_images/1494186890806771712/8RtCQi3z_normal.jpg,20 || she/her,"[{'start': 3, 'end': 17, 'username': 'hendrixnroses', 'id': '158105163'}]",,,
"[{'type': 'retweeted', 'id': '1461128095793127424'}]",en,RT @hendrixnroses: u should head into jail,2021-11-18T06:09:04.000Z,Twitter for iPhone,1461214856309354496,901139197465174021,5,0,0,0,,en,Heading into a new week like 🥳 https://t.co/GyQ2lBH9l4,2021-11-15T14:59:54.000Z,155,17,3228,59,"[{'start': 31, 'end': 54, 'url': 'https://t.co/GyQ2lBH9l4', 'expanded_url': 'https://twitter.com/realamberheard/status/1460261283308228609/photo/1', 'display_url': 'pic.twitter.com/GyQ2lBH9l4'}]",Twitter for iPhone,1460261283308228609,807003567605227520,807003567605227520,"Actor and Activist, semi-professional disruptor, ice cream advocate and shameless teacup yorkie-lover",Amber Heard,190316,220,1149,567,2016-12-08T23:26:58.000Z,realamberheard,https://t.co/Ze18Ek9SOI,"Los Angeles, CA",https://pbs.twimg.com/profile_images/1383196364792680448/N8CdupEu_normal.jpg,901139197465174021,crying inverted love | she/her - 17 🇬🇷|,ange 🌚,1067,863,12650,12,2017-08-25T17:48:21.000Z,trickfinger07,https://t.co/bD1RyvJq0X,https://pbs.twimg.com/profile_images/1505098068491964423/gXjNf1Vu_normal.jpg,on kevin’s mom,"[{'start': 3, 'end': 17, 'username': 'hendrixnroses', 'id': '158105163'}]",,,
"[{'type': 'retweeted', 'id': '1461128095793127424'}]",en,RT @hendrixnroses: u should head into jail,2021-11-18T05:46:11.000Z,Twitter for Android,1461209098842775553,1412459022314360834,5,0,0,0,,en,Heading into a new week like 🥳 https://t.co/GyQ2lBH9l4,2021-11-15T14:59:54.000Z,155,17,3228,59,"[{'start': 31, 'end': 54, 'url': 'https://t.co/GyQ2lBH9l4', 'expanded_url': 'https://twitter.com/realamberheard/status/1460261283308228609/photo/1', 'display_url': 'pic.twitter.com/GyQ2lBH9l4'}]",Twitter for iPhone,1460261283308228609,807003567605227520,807003567605227520,"Actor and Activist, semi-professional disruptor, ice cream advocate and shameless teacup yorkie-lover",Amber Heard,190316,220,1149,567,2016-12-08T23:26:58.000Z,realamberheard,https://t.co/Ze18Ek9SOI,"Los Angeles, CA",https://pbs.twimg.com/profile_images/1383196364792680448/N8CdupEu_normal.jpg,1412459022314360834,"someday you will ache like I ache //
25 //
(she/her)",luna,995,1064,11536,16,2021-07-06T17:11:03.000Z,L0UNGEACT,,https://pbs.twimg.com/profile_images/1504619213431922693/YLHGA-3X_normal.jpg,,"[{'start': 3, 'end': 17, 'username': 'hendrixnroses', 'id': '158105163'}]",,,
"[{'type': 'quoted', 'id': '1460261283308228609'}]",en,head to hell https://t.co/OOREMtdJ72,2021-11-18T00:28:47.000Z,Twitter for iPhone,1461129222404153346,1339011393346019329,0,0,7,0,"[{'start': 13, 'end': 36, 'url': 'https://t.co/OOREMtdJ72', 'expanded_url': 'https://twitter.com/realamberheard/status/1460261283308228609', 'display_url': 'twitter.com/realamberheard…'}]",en,Heading into a new week like 🥳 https://t.co/GyQ2lBH9l4,2021-11-15T14:59:54.000Z,155,17,3228,59,"[{'start': 31, 'end': 54, 'url': 'https://t.co/GyQ2lBH9l4', 'expanded_url': 'https://twitter.com/realamberheard/status/1460261283308228609/photo/1', 'display_url': 'pic.twitter.com/GyQ2lBH9l4'}]",Twitter for iPhone,1460261283308228609,807003567605227520,807003567605227520,"Actor and Activist, semi-professional disruptor, ice cream advocate and shameless teacup yorkie-lover",Amber Heard,190316,220,1149,567,2016-12-08T23:26:58.000Z,realamberheard,https://t.co/Ze18Ek9SOI,"Los Angeles, CA",https://pbs.twimg.com/profile_images/1383196364792680448/N8CdupEu_normal.jpg,1339011393346019329,freaky frusciante,alice.,1251,678,30052,27,2020-12-16T00:56:15.000Z,subvvaytovenus,https://t.co/tmwyTfLw3U,https://pbs.twimg.com/profile_images/1501716487710588929/pEDScBv7_normal.jpg,21 she/her ,,,,
"[{'type': 'quoted', 'id': '1460261283308228609'}]",en,u should head into jail https://t.co/1lT0yIplBo,2021-11-18T00:24:19.000Z,Twitter Web App,1461128095793127424,158105163,5,2,63,0,"[{'start': 24, 'end': 47, 'url': 'https://t.co/1lT0yIplBo', 'expanded_url': 'https://twitter.com/realamberheard/status/1460261283308228609', 'display_url': 'twitter.com/realamberheard…'}]",en,Heading into a new week like 🥳 https://t.co/GyQ2lBH9l4,2021-11-15T14:59:54.000Z,155,17,3228,59,"[{'start': 31, 'end': 54, 'url': 'https://t.co/GyQ2lBH9l4', 'expanded_url': 'https://twitter.com/realamberheard/status/1460261283308228609/photo/1', 'display_url': 'pic.twitter.com/GyQ2lBH9l4'}]",Twitter for iPhone,1460261283308228609,807003567605227520,807003567605227520,"Actor and Activist, semi-professional disruptor, ice cream advocate and shameless teacup yorkie-lover",Amber Heard,190316,220,1149,567,2016-12-08T23:26:58.000Z,realamberheard,https://t.co/Ze18Ek9SOI,"Los Angeles, CA",https://pbs.twimg.com/profile_images/1383196364792680448/N8CdupEu_normal.jpg,158105163,"24 | izzy stradlin, john fru and al pacino enthusiast | film buff | LOTR brainrot | rain lover |",roxy | 9 days till unlimited love,5522,1641,24965,23,2010-06-21T20:05:14.000Z,hendrixnroses,https://t.co/lc6bkj2OvT,https://pbs.twimg.com/profile_images/1501882015683158018/8f1-QNp__normal.jpg,the dark side,,,,
"[{'type': 'quoted', 'id': '1460261283308228609'}]",en,"Another week closer till VA and it'll be...

JUSTICE FOR JOHNNY DEPP!! 

Don't forget to hand your voluminous non existent evidence over 😂🤣😂 and your devices... https://t.co/SftjcxYD3O",2021-11-16T19:01:03.000Z,Twitter for Android,1460684356419268616,1392472714607308809,0,0,2,0,"[{'start': 161, 'end': 184, 'url': 'https://t.co/SftjcxYD3O', 'expanded_url': 'https://twitter.com/realamberheard/status/1460261283308228609', 'display_url': 'twitter.com/realamberheard…'}]",en,Heading into a new week like 🥳 https://t.co/GyQ2lBH9l4,2021-11-15T14:59:54.000Z,155,17,3228,59,"[{'start': 31, 'end': 54, 'url': 'https://t.co/GyQ2lBH9l4', 'expanded_url': 'https://twitter.com/realamberheard/status/1460261283308228609/photo/1', 'display_url': 'pic.twitter.com/GyQ2lBH9l4'}]",Twitter for iPhone,1460261283308228609,807003567605227520,807003567605227520,"Actor and Activist, semi-professional disruptor, ice cream advocate and shameless teacup yorkie-lover",Amber Heard,190316,220,1149,567,2016-12-08T23:26:58.000Z,realamberheard,https://t.co/Ze18Ek9SOI,"Los Angeles, CA",https://pbs.twimg.com/profile_images/1383196364792680448/N8CdupEu_normal.jpg,1392472714607308809,"𝚆𝚒𝚏𝚎 & 𝙼𝚘𝚖 𝙱𝚘𝚛𝚗 𝚒𝚗 1981.
Not a Brummie.
Misfit of society.

★𝐽𝑢𝑠𝑡𝑖𝑐𝑒4𝐽𝑜ℎ𝑛𝑛𝑦𝐷𝑒𝑝𝑝★",𝙴𝙹,110,201,3703,0,2021-05-12T13:32:32.000Z,E_J8one,,https://pbs.twimg.com/profile_images/1487154887154622468/ip5fhRpS_normal.jpg,🇬🇧,,,"[{'start': 57, 'end': 67, 'probability': 0.8789, 'type': 'Person', 'normalized_text': 'JOHNNY DEPP'}]",
"[{'type': 'retweeted', 'id': '1460354797345910786'}]",en,RT @Filip76U: Amber heard when she goes another week without going to prison for abuse fraud and defamation,2021-11-16T17:05:21.000Z,Twitter Web App,1460655238701101060,1421928421148479490,2,0,0,0,,en,Heading into a new week like 🥳 https://t.co/GyQ2lBH9l4,2021-11-15T14:59:54.000Z,155,17,3228,59,"[{'start': 31, 'end': 54, 'url': 'https://t.co/GyQ2lBH9l4', 'expanded_url': 'https://twitter.com/realamberheard/status/1460261283308228609/photo/1', 'display_url': 'pic.twitter.com/GyQ2lBH9l4'}]",Twitter for iPhone,1460261283308228609,807003567605227520,807003567605227520,"Actor and Activist, semi-professional disruptor, ice cream advocate and shameless teacup yorkie-lover",Amber Heard,190316,220,1149,567,2016-12-08T23:26:58.000Z,realamberheard,https://t.co/Ze18Ek9SOI,"Los Angeles, CA",https://pbs.twimg.com/profile_images/1383196364792680448/N8CdupEu_normal.jpg,1421928421148479490,"Reader, arts and crafts, justice",Christine Lloyd,149,155,15009,0,2021-08-01T20:22:27.000Z,Christi30683222,,https://pbs.twimg.com/profile_images/1421929340938371086/sAgGJ1it_normal.png,,"[{'start': 3, 'end': 12, 'username': 'Filip76U', 'id': '1266669766804221952'}]",,"[{'start': 14, 'end': 18, 'probability': 0.9766, 'type': 'Person', 'normalized_text': 'Amber'}]",
"[{'type': 'retweeted', 'id': '1460268932590415873'}]",en,RT @AngieFB: Running from court like...,2021-11-16T15:38:25.000Z,Twitter for iPhone,1460633364420083714,1135632615359340544,2,0,0,0,,en,Heading into a new week like 🥳 https://t.co/GyQ2lBH9l4,2021-11-15T14:59:54.000Z,155,17,3228,59,"[{'start': 31, 'end': 54, 'url': 'https://t.co/GyQ2lBH9l4', 'expanded_url': 'https://twitter.com/realamberheard/status/1460261283308228609/photo/1', 'display_url': 'pic.twitter.com/GyQ2lBH9l4'}]",Twitter for iPhone,1460261283308228609,807003567605227520,807003567605227520,"Actor and Activist, semi-professional disruptor, ice cream advocate and shameless teacup yorkie-lover",Amber Heard,190316,220,1149,567,2016-12-08T23:26:58.000Z,realamberheard,https://t.co/Ze18Ek9SOI,"Los Angeles, CA",https://pbs.twimg.com/profile_images/1383196364792680448/N8CdupEu_normal.jpg,1135632615359340544,"Follower of An Mórrígan, Lilith, Hekate. True #feminism supports #malevictims too #JusticeForJohnnyDepp #depphead #combatveteran #resipsaloquitor",Lilith Rising,768,662,21775,2,2019-06-03T19:41:29.000Z,LilithRising1,,https://pbs.twimg.com/profile_images/1502646818844332036/u9Yf1uJE_normal.jpg,Hell,"[{'start': 3, 'end': 11, 'username': 'AngieFB', 'id': '1439095720477331463'}]",,,
"[{'type': 'retweeted', 'id': '1460519133729021954'}]",en,RT @muddyinpb: THE MOUTH AGAIN…BORING…,2021-11-16T13:38:04.000Z,Twitter for Android,1460603074398105600,1004241466510757888,1,0,0,0,,en,Heading into a new week like 🥳 https://t.co/GyQ2lBH9l4,2021-11-15T14:59:54.000Z,155,17,3228,59,"[{'start': 31, 'end': 54, 'url': 'https://t.co/GyQ2lBH9l4', 'expanded_url': 'https://twitter.com/realamberheard/status/1460261283308228609/photo/1', 'display_url': 'pic.twitter.com/GyQ2lBH9l4'}]",Twitter for iPhone,1460261283308228609,807003567605227520,807003567605227520,"Actor and Activist, semi-professional disruptor, ice cream advocate and shameless teacup yorkie-lover",Amber Heard,190316,220,1149,567,2016-12-08T23:26:58.000Z,realamberheard,https://t.co/Ze18Ek9SOI,"Los Angeles, CA",https://pbs.twimg.com/profile_images/1383196364792680448/N8CdupEu_normal.jpg,1004241466510757888,"Marvel & DC comics, anime fan, MCU movies Star Wars nerd
Inhuman/Omega-level Mutant/Force sensitive celestial Hell-Spawn being

#JusticeforJohnnyDepp",Omura Sumitada / Jotarai Manzu,368,2954,28237,1,2018-06-06T05:59:58.000Z,DarthManzu,,https://pbs.twimg.com/profile_images/1380212556179070981/zFQQPKWi_normal.jpg,"Cape Town, South Africa","[{'start': 3, 'end': 13, 'username': 'muddyinpb', 'id': '25877022'}]",,,
"[{'type': 'quoted', 'id': '1460261283308228609'}]",und,Ok https://t.co/KfV4tNJpON,2021-11-16T10:30:38.000Z,Twitter for Android,1460555905251037190,408737707,0,0,0,0,"[{'start': 3, 'end': 26, 'url': 'https://t.co/KfV4tNJpON', 'expanded_url': 'https://twitter.com/realamberheard/status/1460261283308228609', 'display_url': 'twitter.com/realamberheard…'}]",en,Heading into a new week like 🥳 https://t.co/GyQ2lBH9l4,2021-11-15T14:59:54.000Z,155,17,3228,59,"[{'start': 31, 'end': 54, 'url': 'https://t.co/GyQ2lBH9l4', 'expanded_url': 'https://twitter.com/realamberheard/status/1460261283308228609/photo/1', 'display_url': 'pic.twitter.com/GyQ2lBH9l4'}]",Twitter for iPhone,1460261283308228609,807003567605227520,807003567605227520,"Actor and Activist, semi-professional disruptor, ice cream advocate and shameless teacup yorkie-lover",Amber Heard,190316,220,1149,567,2016-12-08T23:26:58.000Z,realamberheard,https://t.co/Ze18Ek9SOI,"Los Angeles, CA",https://pbs.twimg.com/profile_images/1383196364792680448/N8CdupEu_normal.jpg,408737707,einfach fragen,Rolf Höhl,52,132,435,0,2011-11-09T20:36:01.000Z,rolfhoehl,,https://pbs.twimg.com/profile_images/1303079293078122498/0lrlEU7F_normal.jpg,"Bellheim, Deutschland",,,,
"[{'type': 'quoted', 'id': '1460261283308228609'}]",en,Keeping the money meant for sick children like 🥳 https://t.co/J5h6WjgpuS,2021-11-16T09:52:54.000Z,Twitter for iPhone,1460546409124536324,4158369429,0,0,8,0,"[{'start': 49, 'end': 72, 'url': 'https://t.co/J5h6WjgpuS', 'expanded_url': 'https://twitter.com/realamberheard/status/1460261283308228609', 'display_url': 'twitter.com/realamberheard…'}]",en,Heading into a new week like 🥳 https://t.co/GyQ2lBH9l4,2021-11-15T14:59:54.000Z,155,17,3228,59,"[{'start': 31, 'end': 54, 'url': 'https://t.co/GyQ2lBH9l4', 'expanded_url': 'https://twitter.com/realamberheard/status/1460261283308228609/photo/1', 'display_url': 'pic.twitter.com/GyQ2lBH9l4'}]",Twitter for iPhone,1460261283308228609,807003567605227520,807003567605227520,"Actor and Activist, semi-professional disruptor, ice cream advocate and shameless teacup yorkie-lover",Amber Heard,190316,220,1149,567,2016-12-08T23:26:58.000Z,realamberheard,https://t.co/Ze18Ek9SOI,"Los Angeles, CA",https://pbs.twimg.com/profile_images/1383196364792680448/N8CdupEu_normal.jpg,4158369429,𝓒𝓮𝓸 𝓸𝓯 𝓱𝓪𝓽𝓲𝓷𝓰 𝓐𝓶𝓫𝓮𝓻 𝓗𝓮𝓪𝓻𝓭. // 𝓢𝓽𝓻𝓮𝓪𝓶 𝓓𝓪𝓷𝓬𝓲𝓷𝓰 𝔀𝓲𝓽𝓱 𝓽𝓱𝓮 𝓓𝓮𝓿𝓲𝓵... 𝓽𝓱𝓮 𝓪𝓻𝓽 𝓸𝓯 𝓼𝓽𝓪𝓻𝓽𝓲𝓷𝓰 𝓸𝓿𝓮𝓻. 🤍🖤,𝓭𝔀𝓽𝓭𝓽𝓪𝓸𝓼𝓸,244,161,9301,2,2015-11-10T18:55:34.000Z,planetaintshit,,https://pbs.twimg.com/profile_images/1478504269712134148/2dXXzaRZ_normal.jpg,,,,,
"[{'type': 'quoted', 'id': '1460261283308228609'}]",en,I find it freaking hilarious as all heck that whenever Amber Heard posts something over her social media pages that the people who supposedly hate Amber Heard are nearly almost the first ones to quote tweet her and reply to her tweets. #AmberHeard https://t.co/4C1OmHvOa3,2021-11-16T08:34:02.000Z,Twitter for Android,1460526561921224704,992448049904529408,0,2,4,0,"[{'start': 248, 'end': 271, 'url': 'https://t.co/4C1OmHvOa3', 'expanded_url': 'https://twitter.com/realamberheard/status/1460261283308228609', 'display_url': 'twitter.com/realamberheard…'}]",en,Heading into a new week like 🥳 https://t.co/GyQ2lBH9l4,2021-11-15T14:59:54.000Z,155,17,3228,59,"[{'start': 31, 'end': 54, 'url': 'https://t.co/GyQ2lBH9l4', 'expanded_url': 'https://twitter.com/realamberheard/status/1460261283308228609/photo/1', 'display_url': 'pic.twitter.com/GyQ2lBH9l4'}]",Twitter for iPhone,1460261283308228609,807003567605227520,807003567605227520,"Actor and Activist, semi-professional disruptor, ice cream advocate and shameless teacup yorkie-lover",Amber Heard,190316,220,1149,567,2016-12-08T23:26:58.000Z,realamberheard,https://t.co/Ze18Ek9SOI,"Los Angeles, CA",https://pbs.twimg.com/profile_images/1383196364792680448/N8CdupEu_normal.jpg,992448049904529408,"The biggest James Bond fan and fanboy and Nerd this side of my side of my house. 
https://t.co/w07ZIZwOiE…",The Nerd Machine Maclunkey #GinaCaranoIsABadass,279,4814,23673,2,2018-05-04T16:57:08.000Z,AwesomeNerd01,https://t.co/4bpwoXPnqk,https://pbs.twimg.com/profile_images/992448626436734976/4lVL_7YJ_normal.jpg,"Manchester, England",,"[{'start': 236, 'end': 247, 'tag': 'AmberHeard'}]","[{'start': 55, 'end': 59, 'probability': 0.9754, 'type': 'Person', 'normalized_text': 'Amber'}, {'start': 147, 'end': 151, 'probability': 0.9584, 'type': 'Person', 'normalized_text': 'Amber'}]",
"[{'type': 'retweeted', 'id': '1460511473759838209'}]",tl,RT @Gwennafran: Pffffhahahahahahahahahahahahahah........BAAAAhahahahahahahahahahahahahahahahahahahaha 🤡🤡🤡🤡🤡🤡🤡🤡🤣🤣🤣🤣🤣🤣🤣🤣🤣 #AmberHeardPerjury…,2021-11-16T08:29:42.000Z,Twitter for iPhone,1460525473729974278,464424709,2,0,0,0,,en,Heading into a new week like 🥳 https://t.co/GyQ2lBH9l4,2021-11-15T14:59:54.000Z,155,17,3228,59,"[{'start': 31, 'end': 54, 'url': 'https://t.co/GyQ2lBH9l4', 'expanded_url': 'https://twitter.com/realamberheard/status/1460261283308228609/photo/1', 'display_url': 'pic.twitter.com/GyQ2lBH9l4'}]",Twitter for iPhone,1460261283308228609,807003567605227520,807003567605227520,"Actor and Activist, semi-professional disruptor, ice cream advocate and shameless teacup yorkie-lover",Amber Heard,190316,220,1149,567,2016-12-08T23:26:58.000Z,realamberheard,https://t.co/Ze18Ek9SOI,"Los Angeles, CA",https://pbs.twimg.com/profile_images/1383196364792680448/N8CdupEu_normal.jpg,464424709,𝐀𝐧 𝐞𝐲𝐞 𝐟𝐨𝐫 𝐚𝐧 𝐞𝐲𝐞 𝐚𝐧𝐝 𝐚 𝐭𝐨𝐨𝐭𝐡 𝐟𝐨𝐫 𝐚 𝐭𝐨𝐨𝐭𝐡 #𝐉𝐮𝐬𝐭𝐢𝐜𝐞𝐅𝐨𝐫𝐉𝐨𝐡𝐧𝐧𝐲𝐃𝐞𝐩𝐩 #𝐀𝐦𝐛𝐞𝐫𝐇𝐞𝐚𝐫𝐝𝐥𝐬𝐀𝐋𝐢𝐚𝐫,✩⋆˖ 🅜🅔🅖 ˖⋆✩,534,933,73510,4,2012-01-15T06:30:31.000Z,DJusticeforj,,https://pbs.twimg.com/profile_images/1502817245541842944/B-d0TTr3_normal.jpg,Earth,"[{'start': 3, 'end': 14, 'username': 'Gwennafran', 'id': '145150641'}]","[{'start': 120, 'end': 138, 'tag': 'AmberHeardPerjury'}]",,
"[{'type': 'quoted', 'id': '1460261283308228609'}]",en,CURRENT MOOD BABY!!! https://t.co/5nrMDpmGZU,2021-11-16T08:14:37.000Z,Twitter Web App,1460521675645091844,1456157759276154881,0,0,0,0,"[{'start': 21, 'end': 44, 'url': 'https://t.co/5nrMDpmGZU', 'expanded_url': 'https://twitter.com/realamberheard/status/1460261283308228609', 'display_url': 'twitter.com/realamberheard…'}]",en,Heading into a new week like 🥳 https://t.co/GyQ2lBH9l4,2021-11-15T14:59:54.000Z,155,17,3228,59,"[{'start': 31, 'end': 54, 'url': 'https://t.co/GyQ2lBH9l4', 'expanded_url': 'https://twitter.com/realamberheard/status/1460261283308228609/photo/1', 'display_url': 'pic.twitter.com/GyQ2lBH9l4'}]",Twitter for iPhone,1460261283308228609,807003567605227520,807003567605227520,"Actor and Activist, semi-professional disruptor, ice cream advocate and shameless teacup yorkie-lover",Amber Heard,190316,220,1149,567,2016-12-08T23:26:58.000Z,realamberheard,https://t.co/Ze18Ek9SOI,"Los Angeles, CA",https://pbs.twimg.com/profile_images/1383196364792680448/N8CdupEu_normal.jpg,1456157759276154881,I DON'T KNOW THE FUTURE. I DIDN'T COME HERE TO TELL YOU HOW THIS IS GOING TO END. I CAME HERE TO TELL YOU HOW IT'S GOING TO BEGIN.,Robby,6,291,614,0,2021-11-04T07:14:42.000Z,Robby35171848,,https://pbs.twimg.com/profile_images/1496027538472468481/5CTZH-I__normal.jpg,PLANET EARTH,,,,
"[{'type': 'quoted', 'id': '1460261283308228609'}]",en,THE MOUTH AGAIN…BORING… https://t.co/MRkwpXe2Is,2021-11-16T08:04:31.000Z,Twitter for iPhone,1460519133729021954,25877022,1,0,2,0,"[{'start': 24, 'end': 47, 'url': 'https://t.co/MRkwpXe2Is', 'expanded_url': 'https://twitter.com/realamberheard/status/1460261283308228609', 'display_url': 'twitter.com/realamberheard…'}]",en,Heading into a new week like 🥳 https://t.co/GyQ2lBH9l4,2021-11-15T14:59:54.000Z,155,17,3228,59,"[{'start': 31, 'end': 54, 'url': 'https://t.co/GyQ2lBH9l4', 'expanded_url': 'https://twitter.com/realamberheard/status/1460261283308228609/photo/1', 'display_url': 'pic.twitter.com/GyQ2lBH9l4'}]",Twitter for iPhone,1460261283308228609,807003567605227520,807003567605227520,"Actor and Activist, semi-professional disruptor, ice cream advocate and shameless teacup yorkie-lover",Amber Heard,190316,220,1149,567,2016-12-08T23:26:58.000Z,realamberheard,https://t.co/Ze18Ek9SOI,"Los Angeles, CA",https://pbs.twimg.com/profile_images/1383196364792680448/N8CdupEu_normal.jpg,25877022,"a very grateful dead head! ❤️San Diego, Johnny Depp, my Children, and Democracy🎶. TRUMP IS A TRAITOR",Shelby LaFontaine,1957,2247,265802,1,2009-03-22T20:46:43.000Z,muddyinpb,,https://pbs.twimg.com/profile_images/1324285720559710208/sLow1ktG_normal.png,San Diego,,,,
"[{'type': 'quoted', 'id': '1460261283308228609'}]",tl,Pffffhahahahahahahahahahahahahah........BAAAAhahahahahahahahahahahahahahahahahahahaha 🤡🤡🤡🤡🤡🤡🤡🤡🤣🤣🤣🤣🤣🤣🤣🤣🤣 #AmberHeardPerjury #AmberHeardIsAnAbuser https://t.co/lKZtWXrvOG https://t.co/Z9Gutn0MDX,2021-11-16T07:34:04.000Z,Twitter Web App,1460511473759838209,145150641,2,0,15,0,"[{'start': 145, 'end': 168, 'url': 'https://t.co/lKZtWXrvOG', 'expanded_url': 'https://twitter.com/Gwennafran/status/1460511473759838209/photo/1', 'display_url': 'pic.twitter.com/lKZtWXrvOG'}, {'start': 145, 'end': 168, 'url': 'https://t.co/lKZtWXrvOG', 'expanded_url': 'https://twitter.com/Gwennafran/status/1460511473759838209/photo/1', 'display_url': 'pic.twitter.com/lKZtWXrvOG'}, {'start': 145, 'end': 168, 'url': 'https://t.co/lKZtWXrvOG', 'expanded_url': 'https://twitter.com/Gwennafran/status/1460511473759838209/photo/1', 'display_url': 'pic.twitter.com/lKZtWXrvOG'}, {'start': 145, 'end': 168, 'url': 'https://t.co/lKZtWXrvOG', 'expanded_url': 'https://twitter.com/Gwennafran/status/1460511473759838209/photo/1', 'display_url': 'pic.twitter.com/lKZtWXrvOG'}, {'start': 169, 'end': 192, 'url': 'https://t.co/Z9Gutn0MDX', 'expanded_url': 'https://twitter.com/realamberheard/status/1460261283308228609', 'display_url': 'twitter.com/realamberheard…'}]",en,Heading into a new week like 🥳 https://t.co/GyQ2lBH9l4,2021-11-15T14:59:54.000Z,155,17,3228,59,"[{'start': 31, 'end': 54, 'url': 'https://t.co/GyQ2lBH9l4', 'expanded_url': 'https://twitter.com/realamberheard/status/1460261283308228609/photo/1', 'display_url': 'pic.twitter.com/GyQ2lBH9l4'}]",Twitter for iPhone,1460261283308228609,807003567605227520,807003567605227520,"Actor and Activist, semi-professional disruptor, ice cream advocate and shameless teacup yorkie-lover",Amber Heard,190316,220,1149,567,2016-12-08T23:26:58.000Z,realamberheard,https://t.co/Ze18Ek9SOI,"Los Angeles, CA",https://pbs.twimg.com/profile_images/1383196364792680448/N8CdupEu_normal.jpg,145150641,"I stand with #JohnnyDepp Because #TruthWins and #JusticeForJohnnyDepp is coming. Mother of Rats: Thor, Loki, Luke, Han and Chewie 🐀🐀🐀🐀🐀💜💜💜 Music lover",TheMadRatterAlpaca 🇩🇰🇩🇰 🐀🦙 🥕💜 Gwennafran ♊,734,579,33178,2,2010-05-18T07:05:35.000Z,Gwennafran,,https://pbs.twimg.com/profile_images/1503345414048731144/8ZgCUTMD_normal.jpg, Denmark. Gemini ,,"[{'start': 104, 'end': 122, 'tag': 'AmberHeardPerjury'}, {'start': 123, 'end': 144, 'tag': 'AmberHeardIsAnAbuser'}]",,
"[{'type': 'quoted', 'id': '1460261283308228609'}]",en,😁😍 Graceful!! Keep smiling Queen! #Confidence https://t.co/5qZxHDXnai,2021-11-16T05:46:49.000Z,Twitter for iPhone,1460484479299080196,439819409,0,0,2,0,"[{'start': 46, 'end': 69, 'url': 'https://t.co/5qZxHDXnai', 'expanded_url': 'https://twitter.com/realamberheard/status/1460261283308228609', 'display_url': 'twitter.com/realamberheard…'}]",en,Heading into a new week like 🥳 https://t.co/GyQ2lBH9l4,2021-11-15T14:59:54.000Z,155,17,3228,59,"[{'start': 31, 'end': 54, 'url': 'https://t.co/GyQ2lBH9l4', 'expanded_url': 'https://twitter.com/realamberheard/status/1460261283308228609/photo/1', 'display_url': 'pic.twitter.com/GyQ2lBH9l4'}]",Twitter for iPhone,1460261283308228609,807003567605227520,807003567605227520,"Actor and Activist, semi-professional disruptor, ice cream advocate and shameless teacup yorkie-lover",Amber Heard,190316,220,1149,567,2016-12-08T23:26:58.000Z,realamberheard,https://t.co/Ze18Ek9SOI,"Los Angeles, CA",https://pbs.twimg.com/profile_images/1383196364792680448/N8CdupEu_normal.jpg,439819409,"New Day, and New Light! ⚜️ #Whodat",Dantae !™,121,259,36714,0,2011-12-18T07:12:00.000Z,QMable,,https://pbs.twimg.com/profile_images/477604702813560832/C9JIC5aY_normal.jpeg, This Galaxy,,"[{'start': 34, 'end': 45, 'tag': 'Confidence'}]",,
"[{'type': 'quoted', 'id': '1460261283308228609'}]",en,"Photos of 2015. Did you find this picture while checking your iphone? Stop struggling, Turd. Deleted photos can also be retrieved.🎉

#AmberHeardIsALiar
#AmberHeardPerjury https://t.co/A8Z88GO2Lv",2021-11-16T05:30:37.000Z,Twitter for iPhone,1460480406281613312,1141365320130543616,1,0,5,0,"[{'start': 171, 'end': 194, 'url': 'https://t.co/A8Z88GO2Lv', 'expanded_url': 'https://twitter.com/realamberheard/status/1460261283308228609', 'display_url': 'twitter.com/realamberheard…'}]",en,Heading into a new week like 🥳 https://t.co/GyQ2lBH9l4,2021-11-15T14:59:54.000Z,155,17,3228,59,"[{'start': 31, 'end': 54, 'url': 'https://t.co/GyQ2lBH9l4', 'expanded_url': 'https://twitter.com/realamberheard/status/1460261283308228609/photo/1', 'display_url': 'pic.twitter.com/GyQ2lBH9l4'}]",Twitter for iPhone,1460261283308228609,807003567605227520,807003567605227520,"Actor and Activist, semi-professional disruptor, ice cream advocate and shameless teacup yorkie-lover",Amber Heard,190316,220,1149,567,2016-12-08T23:26:58.000Z,realamberheard,https://t.co/Ze18Ek9SOI,"Los Angeles, CA",https://pbs.twimg.com/profile_images/1383196364792680448/N8CdupEu_normal.jpg,1141365320130543616,#JusticeForJohnnyDepp,Alice,72,92,2229,0,2019-06-19T15:21:12.000Z,AliceZ86866073,,https://pbs.twimg.com/profile_images/1496473702380179456/RqcbJbRy_normal.jpg,,,"[{'start': 133, 'end': 151, 'tag': 'AmberHeardIsALiar'}, {'start': 152, 'end': 170, 'tag': 'AmberHeardPerjury'}]","[{'start': 62, 'end': 67, 'probability': 0.9471, 'type': 'Product', 'normalized_text': 'iphone'}]",
"[{'type': 'quoted', 'id': '1460261283308228609'}]",es,Madreame se que valdra la pena cada maldito segundo. https://t.co/XmlMhzAiWa,2021-11-16T05:29:12.000Z,Twitter for Android,1460480047089860609,2237020346,0,0,0,0,"[{'start': 53, 'end': 76, 'url': 'https://t.co/XmlMhzAiWa', 'expanded_url': 'https://twitter.com/realamberheard/status/1460261283308228609', 'display_url': 'twitter.com/realamberheard…'}]",en,Heading into a new week like 🥳 https://t.co/GyQ2lBH9l4,2021-11-15T14:59:54.000Z,155,17,3228,59,"[{'start': 31, 'end': 54, 'url': 'https://t.co/GyQ2lBH9l4', 'expanded_url': 'https://twitter.com/realamberheard/status/1460261283308228609/photo/1', 'display_url': 'pic.twitter.com/GyQ2lBH9l4'}]",Twitter for iPhone,1460261283308228609,807003567605227520,807003567605227520,"Actor and Activist, semi-professional disruptor, ice cream advocate and shameless teacup yorkie-lover",Amber Heard,190316,220,1149,567,2016-12-08T23:26:58.000Z,realamberheard,https://t.co/Ze18Ek9SOI,"Los Angeles, CA",https://pbs.twimg.com/profile_images/1383196364792680448/N8CdupEu_normal.jpg,2237020346,"Italiano y Mexa, Una verdad bien dicha DUELE MÁS QUE MIL MENTADAS DE MADRE.",Pepino 🥒 Rasga Lano,427,1283,23983,2,2013-12-09T04:45:08.000Z,seniorestronc,,https://pbs.twimg.com/profile_images/1503820276596985856/q2k2H92R_normal.jpg,LA,,,,
"[{'type': 'quoted', 'id': '1460261283308228609'}]",en,When you finally poop in the potty! https://t.co/morJteBz0E,2021-11-16T01:40:45.000Z,Twitter for iPhone,1460422556838768646,1283904387816062982,0,0,1,0,"[{'start': 36, 'end': 59, 'url': 'https://t.co/morJteBz0E', 'expanded_url': 'https://twitter.com/realamberheard/status/1460261283308228609', 'display_url': 'twitter.com/realamberheard…'}]",en,Heading into a new week like 🥳 https://t.co/GyQ2lBH9l4,2021-11-15T14:59:54.000Z,155,17,3228,59,"[{'start': 31, 'end': 54, 'url': 'https://t.co/GyQ2lBH9l4', 'expanded_url': 'https://twitter.com/realamberheard/status/1460261283308228609/photo/1', 'display_url': 'pic.twitter.com/GyQ2lBH9l4'}]",Twitter for iPhone,1460261283308228609,807003567605227520,807003567605227520,"Actor and Activist, semi-professional disruptor, ice cream advocate and shameless teacup yorkie-lover",Amber Heard,190316,220,1149,567,2016-12-08T23:26:58.000Z,realamberheard,https://t.co/Ze18Ek9SOI,"Los Angeles, CA",https://pbs.twimg.com/profile_images/1383196364792680448/N8CdupEu_normal.jpg,1283904387816062982,I’m here for Johnny Depp🖤,JessaLou,259,213,7190,3,2020-07-16T23:20:44.000Z,jessa_lou1385,,https://pbs.twimg.com/profile_images/1472991289155239937/pa9zqhs1_normal.jpg,Chicago,,,,
"[{'type': 'quoted', 'id': '1460261283308228609'}]",en,the love of my life!!!! https://t.co/M8TRFQXijH,2021-11-16T01:31:01.000Z,Twitter Web App,1460420107071635458,1378891901508722689,0,0,3,0,"[{'start': 24, 'end': 47, 'url': 'https://t.co/M8TRFQXijH', 'expanded_url': 'https://twitter.com/realamberheard/status/1460261283308228609', 'display_url': 'twitter.com/realamberheard…'}]",en,Heading into a new week like 🥳 https://t.co/GyQ2lBH9l4,2021-11-15T14:59:54.000Z,155,17,3228,59,"[{'start': 31, 'end': 54, 'url': 'https://t.co/GyQ2lBH9l4', 'expanded_url': 'https://twitter.com/realamberheard/status/1460261283308228609/photo/1', 'display_url': 'pic.twitter.com/GyQ2lBH9l4'}]",Twitter for iPhone,1460261283308228609,807003567605227520,807003567605227520,"Actor and Activist, semi-professional disruptor, ice cream advocate and shameless teacup yorkie-lover",Amber Heard,190316,220,1149,567,2016-12-08T23:26:58.000Z,realamberheard,https://t.co/Ze18Ek9SOI,"Los Angeles, CA",https://pbs.twimg.com/profile_images/1383196364792680448/N8CdupEu_normal.jpg,1378891901508722689,"#MERA:  Sometimes we have to do what's right, even if our heart aches against it",amy,407,430,3447,0,2021-04-05T02:07:10.000Z,heardpride,,https://pbs.twimg.com/profile_images/1502768358856437760/c-aoKVfF_normal.jpg,,,,,
"[{'type': 'retweeted', 'id': '1460396389691793411'}]",en,RT @claud_bored: Fixed it for you. #JusticeForJohnnyDepp https://t.co/MzEfamlgKt,2021-11-15T23:56:52.000Z,Twitter for Android,1460396412747886599,1449348757078913032,3,0,0,0,"[{'start': 57, 'end': 80, 'url': 'https://t.co/MzEfamlgKt', 'expanded_url': 'https://twitter.com/claud_bored/status/1460396389691793411/photo/1', 'display_url': 'pic.twitter.com/MzEfamlgKt'}]",en,Heading into a new week like 🥳 https://t.co/GyQ2lBH9l4,2021-11-15T14:59:54.000Z,155,17,3228,59,"[{'start': 31, 'end': 54, 'url': 'https://t.co/GyQ2lBH9l4', 'expanded_url': 'https://twitter.com/realamberheard/status/1460261283308228609/photo/1', 'display_url': 'pic.twitter.com/GyQ2lBH9l4'}]",Twitter for iPhone,1460261283308228609,807003567605227520,807003567605227520,"Actor and Activist, semi-professional disruptor, ice cream advocate and shameless teacup yorkie-lover",Amber Heard,190316,220,1149,567,2016-12-08T23:26:58.000Z,realamberheard,https://t.co/Ze18Ek9SOI,"Los Angeles, CA",https://pbs.twimg.com/profile_images/1383196364792680448/N8CdupEu_normal.jpg,1449348757078913032,"Amber Heard's reputation is officially over! Karma is wonderful..
#JusticeForJohnnyDepp",AbuseBUSTER,381,1419,1473,3,2021-10-16T12:17:39.000Z,claud_bored,,https://pbs.twimg.com/profile_images/1506296008355033098/jWP7zO6M_normal.jpg,,"[{'start': 3, 'end': 15, 'username': 'claud_bored', 'id': '1449348757078913032'}]","[{'start': 35, 'end': 56, 'tag': 'JusticeForJohnnyDepp'}]",,
"[{'type': 'quoted', 'id': '1460261283308228609'}]",en,Fixed it for you. #JusticeForJohnnyDepp https://t.co/MzEfamlgKt https://t.co/oLkuUYc8wf,2021-11-15T23:56:46.000Z,Twitter for Android,1460396389691793411,1449348757078913032,3,0,12,0,"[{'start': 40, 'end': 63, 'url': 'https://t.co/MzEfamlgKt', 'expanded_url': 'https://twitter.com/claud_bored/status/1460396389691793411/photo/1', 'display_url': 'pic.twitter.com/MzEfamlgKt'}, {'start': 64, 'end': 87, 'url': 'https://t.co/oLkuUYc8wf', 'expanded_url': 'https://twitter.com/realamberheard/status/1460261283308228609', 'display_url': 'twitter.com/realamberheard…'}]",en,Heading into a new week like 🥳 https://t.co/GyQ2lBH9l4,2021-11-15T14:59:54.000Z,155,17,3228,59,"[{'start': 31, 'end': 54, 'url': 'https://t.co/GyQ2lBH9l4', 'expanded_url': 'https://twitter.com/realamberheard/status/1460261283308228609/photo/1', 'display_url': 'pic.twitter.com/GyQ2lBH9l4'}]",Twitter for iPhone,1460261283308228609,807003567605227520,807003567605227520,"Actor and Activist, semi-professional disruptor, ice cream advocate and shameless teacup yorkie-lover",Amber Heard,190316,220,1149,567,2016-12-08T23:26:58.000Z,realamberheard,https://t.co/Ze18Ek9SOI,"Los Angeles, CA",https://pbs.twimg.com/profile_images/1383196364792680448/N8CdupEu_normal.jpg,1449348757078913032,"Amber Heard's reputation is officially over! Karma is wonderful..
#JusticeForJohnnyDepp",AbuseBUSTER,381,1419,1473,3,2021-10-16T12:17:39.000Z,claud_bored,,https://pbs.twimg.com/profile_images/1506296008355033098/jWP7zO6M_normal.jpg,,,"[{'start': 18, 'end': 39, 'tag': 'JusticeForJohnnyDepp'}]",,
"[{'type': 'retweeted', 'id': '1460341907314417669'}]",en,RT @herodarkthirty: “I like pooing on beds!” #instagood #cats,2021-11-15T23:52:25.000Z,Twitter for Android,1460395295624376321,1449348757078913032,1,0,0,0,,en,Heading into a new week like 🥳 https://t.co/GyQ2lBH9l4,2021-11-15T14:59:54.000Z,155,17,3228,59,"[{'start': 31, 'end': 54, 'url': 'https://t.co/GyQ2lBH9l4', 'expanded_url': 'https://twitter.com/realamberheard/status/1460261283308228609/photo/1', 'display_url': 'pic.twitter.com/GyQ2lBH9l4'}]",Twitter for iPhone,1460261283308228609,807003567605227520,807003567605227520,"Actor and Activist, semi-professional disruptor, ice cream advocate and shameless teacup yorkie-lover",Amber Heard,190316,220,1149,567,2016-12-08T23:26:58.000Z,realamberheard,https://t.co/Ze18Ek9SOI,"Los Angeles, CA",https://pbs.twimg.com/profile_images/1383196364792680448/N8CdupEu_normal.jpg,1449348757078913032,"Amber Heard's reputation is officially over! Karma is wonderful..
#JusticeForJohnnyDepp",AbuseBUSTER,381,1419,1473,3,2021-10-16T12:17:39.000Z,claud_bored,,https://pbs.twimg.com/profile_images/1506296008355033098/jWP7zO6M_normal.jpg,,"[{'start': 3, 'end': 18, 'username': 'herodarkthirty', 'id': '1400443581337378817'}]","[{'start': 45, 'end': 55, 'tag': 'instagood'}, {'start': 56, 'end': 61, 'tag': 'cats'}]",,
"[{'type': 'retweeted', 'id': '1460354797345910786'}]",en,RT @Filip76U: Amber heard when she goes another week without going to prison for abuse fraud and defamation,2021-11-15T23:52:15.000Z,Twitter for Android,1460395252934664201,1449348757078913032,2,0,0,0,,en,Heading into a new week like 🥳 https://t.co/GyQ2lBH9l4,2021-11-15T14:59:54.000Z,155,17,3228,59,"[{'start': 31, 'end': 54, 'url': 'https://t.co/GyQ2lBH9l4', 'expanded_url': 'https://twitter.com/realamberheard/status/1460261283308228609/photo/1', 'display_url': 'pic.twitter.com/GyQ2lBH9l4'}]",Twitter for iPhone,1460261283308228609,807003567605227520,807003567605227520,"Actor and Activist, semi-professional disruptor, ice cream advocate and shameless teacup yorkie-lover",Amber Heard,190316,220,1149,567,2016-12-08T23:26:58.000Z,realamberheard,https://t.co/Ze18Ek9SOI,"Los Angeles, CA",https://pbs.twimg.com/profile_images/1383196364792680448/N8CdupEu_normal.jpg,1449348757078913032,"Amber Heard's reputation is officially over! Karma is wonderful..
#JusticeForJohnnyDepp",AbuseBUSTER,381,1419,1473,3,2021-10-16T12:17:39.000Z,claud_bored,,https://pbs.twimg.com/profile_images/1506296008355033098/jWP7zO6M_normal.jpg,,"[{'start': 3, 'end': 12, 'username': 'Filip76U', 'id': '1266669766804221952'}]",,"[{'start': 14, 'end': 18, 'probability': 0.9766, 'type': 'Person', 'normalized_text': 'Amber'}]",
"[{'type': 'quoted', 'id': '1460261283308228609'}]",en,"Whew!It sure would be a mighty and lively new week for you,Pretty Lady!You keep getting prettier!Enjoy the new week with glory!Good Afternoon! https://t.co/bDt0c5SRbj",2021-11-15T22:05:35.000Z,Twitter Web App,1460368409267343361,1047778988,0,0,1,0,"[{'start': 143, 'end': 166, 'url': 'https://t.co/bDt0c5SRbj', 'expanded_url': 'https://twitter.com/realamberheard/status/1460261283308228609', 'display_url': 'twitter.com/realamberheard…'}]",en,Heading into a new week like 🥳 https://t.co/GyQ2lBH9l4,2021-11-15T14:59:54.000Z,155,17,3228,59,"[{'start': 31, 'end': 54, 'url': 'https://t.co/GyQ2lBH9l4', 'expanded_url': 'https://twitter.com/realamberheard/status/1460261283308228609/photo/1', 'display_url': 'pic.twitter.com/GyQ2lBH9l4'}]",Twitter for iPhone,1460261283308228609,807003567605227520,807003567605227520,"Actor and Activist, semi-professional disruptor, ice cream advocate and shameless teacup yorkie-lover",Amber Heard,190316,220,1149,567,2016-12-08T23:26:58.000Z,realamberheard,https://t.co/Ze18Ek9SOI,"Los Angeles, CA",https://pbs.twimg.com/profile_images/1383196364792680448/N8CdupEu_normal.jpg,1047778988,Diplomat&Politico-Military Specialist;Entertainment Enthusiast&Script-Writer!,Donn Morgan Kipgen,470,539,112186,0,2012-12-30T12:45:55.000Z,donn_morgan,,https://abs.twimg.com/sticky/default_profile_images/default_profile_normal.png,,,,,
"[{'type': 'quoted', 'id': '1460261283308228609'}]",en,Amber heard when she goes another week without going to prison for abuse fraud and defamation https://t.co/8v4pZbHmku,2021-11-15T21:11:30.000Z,Twitter for iPhone,1460354797345910786,1266669766804221952,2,0,16,0,"[{'start': 94, 'end': 117, 'url': 'https://t.co/8v4pZbHmku', 'expanded_url': 'https://twitter.com/realamberheard/status/1460261283308228609', 'display_url': 'twitter.com/realamberheard…'}]",en,Heading into a new week like 🥳 https://t.co/GyQ2lBH9l4,2021-11-15T14:59:54.000Z,155,17,3228,59,"[{'start': 31, 'end': 54, 'url': 'https://t.co/GyQ2lBH9l4', 'expanded_url': 'https://twitter.com/realamberheard/status/1460261283308228609/photo/1', 'display_url': 'pic.twitter.com/GyQ2lBH9l4'}]",Twitter for iPhone,1460261283308228609,807003567605227520,807003567605227520,"Actor and Activist, semi-professional disruptor, ice cream advocate and shameless teacup yorkie-lover",Amber Heard,190316,220,1149,567,2016-12-08T23:26:58.000Z,realamberheard,https://t.co/Ze18Ek9SOI,"Los Angeles, CA",https://pbs.twimg.com/profile_images/1383196364792680448/N8CdupEu_normal.jpg,1266669766804221952,I like birds 🙂 | he/him | #justiceforjohnnydepp | ps : Filip_76uk,Pumpkin News Man,84,576,14045,2,2020-05-30T09:57:08.000Z,Filip76U,,https://pbs.twimg.com/profile_images/1480570662037110784/AHMhPfHe_normal.jpg,Pumpkin land castle,,,"[{'start': 0, 'end': 4, 'probability': 0.9719, 'type': 'Person', 'normalized_text': 'Amber'}]",
"[{'type': 'quoted', 'id': '1460261283308228609'}]",en,“I like pooing on beds!” #instagood #cats https://t.co/E1WTxa6pFY,2021-11-15T20:20:17.000Z,Twitter for iPad,1460341907314417669,1400443581337378817,1,0,8,0,"[{'start': 42, 'end': 65, 'url': 'https://t.co/E1WTxa6pFY', 'expanded_url': 'https://twitter.com/realamberheard/status/1460261283308228609', 'display_url': 'twitter.com/realamberheard…'}]",en,Heading into a new week like 🥳 https://t.co/GyQ2lBH9l4,2021-11-15T14:59:54.000Z,155,17,3228,59,"[{'start': 31, 'end': 54, 'url': 'https://t.co/GyQ2lBH9l4', 'expanded_url': 'https://twitter.com/realamberheard/status/1460261283308228609/photo/1', 'display_url': 'pic.twitter.com/GyQ2lBH9l4'}]",Twitter for iPhone,1460261283308228609,807003567605227520,807003567605227520,"Actor and Activist, semi-professional disruptor, ice cream advocate and shameless teacup yorkie-lover",Amber Heard,190316,220,1149,567,2016-12-08T23:26:58.000Z,realamberheard,https://t.co/Ze18Ek9SOI,"Los Angeles, CA",https://pbs.twimg.com/profile_images/1383196364792680448/N8CdupEu_normal.jpg,1400443581337378817,I tweet like an Uzi,sausage mike x,3,73,210,0,2021-06-03T13:26:16.000Z,herodarkthirty,,https://pbs.twimg.com/profile_images/1439528432577171458/YxzbJwO5_normal.jpg,,,"[{'start': 25, 'end': 35, 'tag': 'instagood'}, {'start': 36, 'end': 41, 'tag': 'cats'}]",,
"[{'type': 'quoted', 'id': '1460261283308228609'}]",en,The stance you take when having to give head for the next few weeks in order to get your device memory deleted by nerds.. https://t.co/oLkuUYc8wf,2021-11-15T20:18:12.000Z,Twitter for Android,1460341384922214401,1449348757078913032,0,0,3,0,"[{'start': 122, 'end': 145, 'url': 'https://t.co/oLkuUYc8wf', 'expanded_url': 'https://twitter.com/realamberheard/status/1460261283308228609', 'display_url': 'twitter.com/realamberheard…'}]",en,Heading into a new week like 🥳 https://t.co/GyQ2lBH9l4,2021-11-15T14:59:54.000Z,155,17,3228,59,"[{'start': 31, 'end': 54, 'url': 'https://t.co/GyQ2lBH9l4', 'expanded_url': 'https://twitter.com/realamberheard/status/1460261283308228609/photo/1', 'display_url': 'pic.twitter.com/GyQ2lBH9l4'}]",Twitter for iPhone,1460261283308228609,807003567605227520,807003567605227520,"Actor and Activist, semi-professional disruptor, ice cream advocate and shameless teacup yorkie-lover",Amber Heard,190316,220,1149,567,2016-12-08T23:26:58.000Z,realamberheard,https://t.co/Ze18Ek9SOI,"Los Angeles, CA",https://pbs.twimg.com/profile_images/1383196364792680448/N8CdupEu_normal.jpg,1449348757078913032,"Amber Heard's reputation is officially over! Karma is wonderful..
#JusticeForJohnnyDepp",AbuseBUSTER,381,1419,1473,3,2021-10-16T12:17:39.000Z,claud_bored,,https://pbs.twimg.com/profile_images/1506296008355033098/jWP7zO6M_normal.jpg,,,,,
"[{'type': 'quoted', 'id': '1460261283308228609'}]",en,"@realamberheard 
That's the way grab the week with confidence and enthusiasm, loving life. https://t.co/CmSIkDsteB",2021-11-15T18:32:01.000Z,Twitter for Android,1460314662919098378,264184535,0,0,1,0,"[{'start': 91, 'end': 114, 'url': 'https://t.co/CmSIkDsteB', 'expanded_url': 'https://twitter.com/realamberheard/status/1460261283308228609', 'display_url': 'twitter.com/realamberheard…'}]",en,Heading into a new week like 🥳 https://t.co/GyQ2lBH9l4,2021-11-15T14:59:54.000Z,155,17,3228,59,"[{'start': 31, 'end': 54, 'url': 'https://t.co/GyQ2lBH9l4', 'expanded_url': 'https://twitter.com/realamberheard/status/1460261283308228609/photo/1', 'display_url': 'pic.twitter.com/GyQ2lBH9l4'}]",Twitter for iPhone,1460261283308228609,807003567605227520,807003567605227520,"Actor and Activist, semi-professional disruptor, ice cream advocate and shameless teacup yorkie-lover",Amber Heard,190316,220,1149,567,2016-12-08T23:26:58.000Z,realamberheard,https://t.co/Ze18Ek9SOI,"Los Angeles, CA",https://pbs.twimg.com/profile_images/1383196364792680448/N8CdupEu_normal.jpg,264184535,I don't have everything I want but I've have everything I need. Thanks for an amazing family. living in the most beautiful part of the UK 🏴󠁧󠁢󠁷󠁬󠁳󠁿,Gary S 🇬🇧 🏴󠁧󠁢󠁥󠁮󠁧󠁿,457,796,4528,3,2011-03-11T13:46:29.000Z,BADWOLF765,,https://pbs.twimg.com/profile_images/1383759431725240320/GW65E-Fr_normal.jpg,,"[{'start': 0, 'end': 15, 'username': 'realamberheard', 'id': '807003567605227520'}]",,,807003567605227520
"[{'type': 'quoted', 'id': '1460261283308228609'}]",en,I am absoletely fineeeeee!!!!! New week is here!!! My phone is not being searched at court and my lies are not being exposed!!! I am absolutely happy and so believableeeee!!!! https://t.co/Is7B2F2QVS https://t.co/ZenCaPnoMs,2021-11-15T18:09:09.000Z,Twitter Web App,1460308906664677385,1282319264372973573,0,0,12,0,"[{'start': 176, 'end': 199, 'url': 'https://t.co/Is7B2F2QVS', 'expanded_url': 'https://twitter.com/Penelop20558071/status/1460308906664677385/photo/1', 'display_url': 'pic.twitter.com/Is7B2F2QVS'}, {'start': 200, 'end': 223, 'url': 'https://t.co/ZenCaPnoMs', 'expanded_url': 'https://twitter.com/realamberheard/status/1460261283308228609', 'display_url': 'twitter.com/realamberheard…'}]",en,Heading into a new week like 🥳 https://t.co/GyQ2lBH9l4,2021-11-15T14:59:54.000Z,155,17,3228,59,"[{'start': 31, 'end': 54, 'url': 'https://t.co/GyQ2lBH9l4', 'expanded_url': 'https://twitter.com/realamberheard/status/1460261283308228609/photo/1', 'display_url': 'pic.twitter.com/GyQ2lBH9l4'}]",Twitter for iPhone,1460261283308228609,807003567605227520,807003567605227520,"Actor and Activist, semi-professional disruptor, ice cream advocate and shameless teacup yorkie-lover",Amber Heard,190316,220,1149,567,2016-12-08T23:26:58.000Z,realamberheard,https://t.co/Ze18Ek9SOI,"Los Angeles, CA",https://pbs.twimg.com/profile_images/1383196364792680448/N8CdupEu_normal.jpg,1282319264372973573,,Penelope,22,37,610,0,2020-07-12T14:23:16.000Z,Penelop20558071,,https://abs.twimg.com/sticky/default_profile_images/default_profile_normal.png,,,,,
"[{'type': 'quoted', 'id': '1460261283308228609'}]",en,You have a habit of ruining my days https://t.co/Rojmg7GgAf,2021-11-15T17:41:16.000Z,Twitter for iPhone,1460301892802785282,1405156064274882563,0,0,8,0,"[{'start': 36, 'end': 59, 'url': 'https://t.co/Rojmg7GgAf', 'expanded_url': 'https://twitter.com/realamberheard/status/1460261283308228609', 'display_url': 'twitter.com/realamberheard…'}]",en,Heading into a new week like 🥳 https://t.co/GyQ2lBH9l4,2021-11-15T14:59:54.000Z,155,17,3228,59,"[{'start': 31, 'end': 54, 'url': 'https://t.co/GyQ2lBH9l4', 'expanded_url': 'https://twitter.com/realamberheard/status/1460261283308228609/photo/1', 'display_url': 'pic.twitter.com/GyQ2lBH9l4'}]",Twitter for iPhone,1460261283308228609,807003567605227520,807003567605227520,"Actor and Activist, semi-professional disruptor, ice cream advocate and shameless teacup yorkie-lover",Amber Heard,190316,220,1149,567,2016-12-08T23:26:58.000Z,realamberheard,https://t.co/Ze18Ek9SOI,"Los Angeles, CA",https://pbs.twimg.com/profile_images/1383196364792680448/N8CdupEu_normal.jpg,1405156064274882563,,Sasha,5,5,120,0,2021-06-16T13:31:37.000Z,sasha_mikka,,https://pbs.twimg.com/profile_images/1417560079063191556/RRFFHFSS_normal.jpg,"Texas, USA",,,,
"[{'type': 'quoted', 'id': '1460261283308228609'}]",und,😍 https://t.co/F5BopXI4nB,2021-11-15T17:23:08.000Z,Twitter for Android,1460297326329802760,1083785565420601344,0,0,0,0,"[{'start': 2, 'end': 25, 'url': 'https://t.co/F5BopXI4nB', 'expanded_url': 'https://twitter.com/realamberheard/status/1460261283308228609', 'display_url': 'twitter.com/realamberheard…'}]",en,Heading into a new week like 🥳 https://t.co/GyQ2lBH9l4,2021-11-15T14:59:54.000Z,155,17,3228,59,"[{'start': 31, 'end': 54, 'url': 'https://t.co/GyQ2lBH9l4', 'expanded_url': 'https://twitter.com/realamberheard/status/1460261283308228609/photo/1', 'display_url': 'pic.twitter.com/GyQ2lBH9l4'}]",Twitter for iPhone,1460261283308228609,807003567605227520,807003567605227520,"Actor and Activist, semi-professional disruptor, ice cream advocate and shameless teacup yorkie-lover",Amber Heard,190316,220,1149,567,2016-12-08T23:26:58.000Z,realamberheard,https://t.co/Ze18Ek9SOI,"Los Angeles, CA",https://pbs.twimg.com/profile_images/1383196364792680448/N8CdupEu_normal.jpg,1083785565420601344,"Dream without fear, love without limits",Jess,660,573,200410,2,2019-01-11T17:59:49.000Z,woIfsink,,https://pbs.twimg.com/profile_images/1495474751090929666/-ogJ0v1C_normal.jpg,,,,,
"[{'type': 'quoted', 'id': '1460261283308228609'}]",pt,eu te amo milhões https://t.co/J553czz6El,2021-11-15T16:56:33.000Z,Twitter for Android,1460290635827748875,4862439364,0,0,0,0,"[{'start': 18, 'end': 41, 'url': 'https://t.co/J553czz6El', 'expanded_url': 'https://twitter.com/realamberheard/status/1460261283308228609', 'display_url': 'twitter.com/realamberheard…'}]",en,Heading into a new week like 🥳 https://t.co/GyQ2lBH9l4,2021-11-15T14:59:54.000Z,155,17,3228,59,"[{'start': 31, 'end': 54, 'url': 'https://t.co/GyQ2lBH9l4', 'expanded_url': 'https://twitter.com/realamberheard/status/1460261283308228609/photo/1', 'display_url': 'pic.twitter.com/GyQ2lBH9l4'}]",Twitter for iPhone,1460261283308228609,807003567605227520,807003567605227520,"Actor and Activist, semi-professional disruptor, ice cream advocate and shameless teacup yorkie-lover",Amber Heard,190316,220,1149,567,2016-12-08T23:26:58.000Z,realamberheard,https://t.co/Ze18Ek9SOI,"Los Angeles, CA",https://pbs.twimg.com/profile_images/1383196364792680448/N8CdupEu_normal.jpg,4862439364,directed by blake lively.,ً,2426,1119,57241,3,2016-01-30T02:34:39.000Z,weiszgf,https://t.co/rzn8emDKKA,https://pbs.twimg.com/profile_images/1505605191592198147/XDrLxWoJ_normal.jpg,she/her.,,,,
"[{'type': 'retweeted', 'id': '1460268932590415873'}]",en,RT @AngieFB: Running from court like...,2021-11-15T16:49:52.000Z,Twitter for Android,1460288956491313156,1004241466510757888,2,0,0,0,,en,Heading into a new week like 🥳 https://t.co/GyQ2lBH9l4,2021-11-15T14:59:54.000Z,155,17,3228,59,"[{'start': 31, 'end': 54, 'url': 'https://t.co/GyQ2lBH9l4', 'expanded_url': 'https://twitter.com/realamberheard/status/1460261283308228609/photo/1', 'display_url': 'pic.twitter.com/GyQ2lBH9l4'}]",Twitter for iPhone,1460261283308228609,807003567605227520,807003567605227520,"Actor and Activist, semi-professional disruptor, ice cream advocate and shameless teacup yorkie-lover",Amber Heard,190316,220,1149,567,2016-12-08T23:26:58.000Z,realamberheard,https://t.co/Ze18Ek9SOI,"Los Angeles, CA",https://pbs.twimg.com/profile_images/1383196364792680448/N8CdupEu_normal.jpg,1004241466510757888,"Marvel & DC comics, anime fan, MCU movies Star Wars nerd
Inhuman/Omega-level Mutant/Force sensitive celestial Hell-Spawn being

#JusticeforJohnnyDepp",Omura Sumitada / Jotarai Manzu,368,2954,28237,1,2018-06-06T05:59:58.000Z,DarthManzu,,https://pbs.twimg.com/profile_images/1380212556179070981/zFQQPKWi_normal.jpg,"Cape Town, South Africa","[{'start': 3, 'end': 11, 'username': 'AngieFB', 'id': '1439095720477331463'}]",,,
"[{'type': 'quoted', 'id': '1460261283308228609'}]",en,Wait till she looses everything https://t.co/euQXWhhgcJ,2021-11-15T16:34:15.000Z,Twitter for Android,1460285025790873612,1166573570941755393,0,0,12,0,"[{'start': 32, 'end': 55, 'url': 'https://t.co/euQXWhhgcJ', 'expanded_url': 'https://twitter.com/realamberheard/status/1460261283308228609', 'display_url': 'twitter.com/realamberheard…'}]",en,Heading into a new week like 🥳 https://t.co/GyQ2lBH9l4,2021-11-15T14:59:54.000Z,155,17,3228,59,"[{'start': 31, 'end': 54, 'url': 'https://t.co/GyQ2lBH9l4', 'expanded_url': 'https://twitter.com/realamberheard/status/1460261283308228609/photo/1', 'display_url': 'pic.twitter.com/GyQ2lBH9l4'}]",Twitter for iPhone,1460261283308228609,807003567605227520,807003567605227520,"Actor and Activist, semi-professional disruptor, ice cream advocate and shameless teacup yorkie-lover",Amber Heard,190316,220,1149,567,2016-12-08T23:26:58.000Z,realamberheard,https://t.co/Ze18Ek9SOI,"Los Angeles, CA",https://pbs.twimg.com/profile_images/1383196364792680448/N8CdupEu_normal.jpg,1166573570941755393,"I'm a virgo that should say it all!!!
I'm married",VirgoQueen69,477,780,1499,0,2019-08-28T04:50:29.000Z,Luckylady693,,https://pbs.twimg.com/profile_images/1166574309072150534/6RRs8ytz_normal.jpg,"Porter,Tx ",,,,
"[{'type': 'quoted', 'id': '1460261283308228609'}]",und,😍 https://t.co/zo3UCKewTb,2021-11-15T16:32:36.000Z,Twitter for Android,1460284610294829060,143504980,0,0,0,0,"[{'start': 2, 'end': 25, 'url': 'https://t.co/zo3UCKewTb', 'expanded_url': 'https://twitter.com/realamberheard/status/1460261283308228609', 'display_url': 'twitter.com/realamberheard…'}]",en,Heading into a new week like 🥳 https://t.co/GyQ2lBH9l4,2021-11-15T14:59:54.000Z,155,17,3228,59,"[{'start': 31, 'end': 54, 'url': 'https://t.co/GyQ2lBH9l4', 'expanded_url': 'https://twitter.com/realamberheard/status/1460261283308228609/photo/1', 'display_url': 'pic.twitter.com/GyQ2lBH9l4'}]",Twitter for iPhone,1460261283308228609,807003567605227520,807003567605227520,"Actor and Activist, semi-professional disruptor, ice cream advocate and shameless teacup yorkie-lover",Amber Heard,190316,220,1149,567,2016-12-08T23:26:58.000Z,realamberheard,https://t.co/Ze18Ek9SOI,"Los Angeles, CA",https://pbs.twimg.com/profile_images/1383196364792680448/N8CdupEu_normal.jpg,143504980,"Abogado.
TSU Aduanas.
Fotógrafia - Psicologia.
Fútbol - Natación. 
Bass and Guitar pleyer.
Punk.
Vivo bajo mis términos.
Coherencia - Irreverencia.",Gustavo,344,912,123913,1,2010-05-13T17:09:13.000Z,TavoGutierrez_,,https://pbs.twimg.com/profile_images/1423300466851655687/PDmDEwWt_normal.jpg,,,,,
"[{'type': 'quoted', 'id': '1460261283308228609'}]",en,"Yeah, thanks for your motivation 🌟🎉 https://t.co/rbZOkQOsIf",2021-11-15T16:19:57.000Z,Twitter for iPhone,1460281424817405952,1377490771595698185,0,0,3,0,"[{'start': 36, 'end': 59, 'url': 'https://t.co/rbZOkQOsIf', 'expanded_url': 'https://twitter.com/realamberheard/status/1460261283308228609', 'display_url': 'twitter.com/realamberheard…'}]",en,Heading into a new week like 🥳 https://t.co/GyQ2lBH9l4,2021-11-15T14:59:54.000Z,155,17,3228,59,"[{'start': 31, 'end': 54, 'url': 'https://t.co/GyQ2lBH9l4', 'expanded_url': 'https://twitter.com/realamberheard/status/1460261283308228609/photo/1', 'display_url': 'pic.twitter.com/GyQ2lBH9l4'}]",Twitter for iPhone,1460261283308228609,807003567605227520,807003567605227520,"Actor and Activist, semi-professional disruptor, ice cream advocate and shameless teacup yorkie-lover",Amber Heard,190316,220,1149,567,2016-12-08T23:26:58.000Z,realamberheard,https://t.co/Ze18Ek9SOI,"Los Angeles, CA",https://pbs.twimg.com/profile_images/1383196364792680448/N8CdupEu_normal.jpg,1377490771595698185,Programador de Sistemas,José Francisco,39,70,1088,0,2021-04-01T05:19:59.000Z,FrankCRuano,,https://pbs.twimg.com/profile_images/1464607539681767436/r1iOD_PX_normal.jpg,El Salvador,,,,
"[{'type': 'quoted', 'id': '1460261283308228609'}]",en,Omg who would have thought that she'd post a pointless photo of herself on Twitter? So unlike her! 🙄 https://t.co/r5AafFoRrn,2021-11-15T16:08:25.000Z,Twitter for Android,1460278523214675974,1145497407817506816,0,0,12,0,"[{'start': 101, 'end': 124, 'url': 'https://t.co/r5AafFoRrn', 'expanded_url': 'https://twitter.com/realamberheard/status/1460261283308228609', 'display_url': 'twitter.com/realamberheard…'}]",en,Heading into a new week like 🥳 https://t.co/GyQ2lBH9l4,2021-11-15T14:59:54.000Z,155,17,3228,59,"[{'start': 31, 'end': 54, 'url': 'https://t.co/GyQ2lBH9l4', 'expanded_url': 'https://twitter.com/realamberheard/status/1460261283308228609/photo/1', 'display_url': 'pic.twitter.com/GyQ2lBH9l4'}]",Twitter for iPhone,1460261283308228609,807003567605227520,807003567605227520,"Actor and Activist, semi-professional disruptor, ice cream advocate and shameless teacup yorkie-lover",Amber Heard,190316,220,1149,567,2016-12-08T23:26:58.000Z,realamberheard,https://t.co/Ze18Ek9SOI,"Los Angeles, CA",https://pbs.twimg.com/profile_images/1383196364792680448/N8CdupEu_normal.jpg,1145497407817506816,"I love travel, food, wine and grunge!",Therealhannah,38,35,198,0,2019-07-01T01:00:39.000Z,Therealhannah7,,https://pbs.twimg.com/profile_images/1193744649967550465/j5eDRsYS_normal.jpg,"Los Angeles, CA",,,"[{'start': 75, 'end': 81, 'probability': 0.7359, 'type': 'Product', 'normalized_text': 'Twitter'}]",
"[{'type': 'quoted', 'id': '1460261283308228609'}]",en,Hi hello amber heard 💐🙏mam i m Indian actor milind chavan i m respect you mam i m request you mam my shooting closed mam me and my family problem mam so plz help me mam plz argent help mam my mother and my family problem mam 🙏🙏😔😔💐💐.milind chavan actor https://t.co/jFMlaNtJO9 https://t.co/lghFnRaU06,2021-11-15T15:53:13.000Z,Twitter for Android,1460274698466430977,1314480754882215936,0,1,0,0,"[{'start': 252, 'end': 275, 'url': 'https://t.co/jFMlaNtJO9', 'expanded_url': 'https://twitter.com/MilindSureshCh4/status/1460274698466430977/photo/1', 'display_url': 'pic.twitter.com/jFMlaNtJO9'}, {'start': 252, 'end': 275, 'url': 'https://t.co/jFMlaNtJO9', 'expanded_url': 'https://twitter.com/MilindSureshCh4/status/1460274698466430977/photo/1', 'display_url': 'pic.twitter.com/jFMlaNtJO9'}, {'start': 252, 'end': 275, 'url': 'https://t.co/jFMlaNtJO9', 'expanded_url': 'https://twitter.com/MilindSureshCh4/status/1460274698466430977/photo/1', 'display_url': 'pic.twitter.com/jFMlaNtJO9'}, {'start': 252, 'end': 275, 'url': 'https://t.co/jFMlaNtJO9', 'expanded_url': 'https://twitter.com/MilindSureshCh4/status/1460274698466430977/photo/1', 'display_url': 'pic.twitter.com/jFMlaNtJO9'}, {'start': 276, 'end': 299, 'url': 'https://t.co/lghFnRaU06', 'expanded_url': 'https://twitter.com/realamberheard/status/1460261283308228609', 'display_url': 'twitter.com/realamberheard…'}]",en,Heading into a new week like 🥳 https://t.co/GyQ2lBH9l4,2021-11-15T14:59:54.000Z,155,17,3228,59,"[{'start': 31, 'end': 54, 'url': 'https://t.co/GyQ2lBH9l4', 'expanded_url': 'https://twitter.com/realamberheard/status/1460261283308228609/photo/1', 'display_url': 'pic.twitter.com/GyQ2lBH9l4'}]",Twitter for iPhone,1460261283308228609,807003567605227520,807003567605227520,"Actor and Activist, semi-professional disruptor, ice cream advocate and shameless teacup yorkie-lover",Amber Heard,190316,220,1149,567,2016-12-08T23:26:58.000Z,realamberheard,https://t.co/Ze18Ek9SOI,"Los Angeles, CA",https://pbs.twimg.com/profile_images/1383196364792680448/N8CdupEu_normal.jpg,1314480754882215936,milind chavan actor,Milind Suresh Chavan📽🎬🎬📽actor,51,3304,739,0,2020-10-09T08:21:43.000Z,MilindSureshCh4,,https://pbs.twimg.com/profile_images/1462409116173758467/wdVwKCTR_normal.jpg,,,,"[{'start': 9, 'end': 13, 'probability': 0.5827, 'type': 'Person', 'normalized_text': 'amber'}]",
"[{'type': 'quoted', 'id': '1460261283308228609'}]",en,Running from court like... https://t.co/XYObi0Cy1V,2021-11-15T15:30:18.000Z,Twitter for Android,1460268932590415873,1439095720477331463,2,2,27,0,"[{'start': 27, 'end': 50, 'url': 'https://t.co/XYObi0Cy1V', 'expanded_url': 'https://twitter.com/realamberheard/status/1460261283308228609', 'display_url': 'twitter.com/realamberheard…'}]",en,Heading into a new week like 🥳 https://t.co/GyQ2lBH9l4,2021-11-15T14:59:54.000Z,155,17,3228,59,"[{'start': 31, 'end': 54, 'url': 'https://t.co/GyQ2lBH9l4', 'expanded_url': 'https://twitter.com/realamberheard/status/1460261283308228609/photo/1', 'display_url': 'pic.twitter.com/GyQ2lBH9l4'}]",Twitter for iPhone,1460261283308228609,807003567605227520,807003567605227520,"Actor and Activist, semi-professional disruptor, ice cream advocate and shameless teacup yorkie-lover",Amber Heard,190316,220,1149,567,2016-12-08T23:26:58.000Z,realamberheard,https://t.co/Ze18Ek9SOI,"Los Angeles, CA",https://pbs.twimg.com/profile_images/1383196364792680448/N8CdupEu_normal.jpg,1439095720477331463,"Johnny Depp is innocent, and I believe and support him unequivocally. 🙏 #AmberHeardIsALiar #JusticeForJohnnyDepp #WeAreWithYouJohnnyDepp",Angie Fay,218,238,2740,0,2021-09-18T05:15:43.000Z,AngieFB,,https://pbs.twimg.com/profile_images/1506353620677181446/wIHNoyxQ_normal.jpg,South West England,,,,
"[{'type': 'quoted', 'id': '1460261283308228609'}]",ar,يا سلام ❤️❤️❤️❤️ https://t.co/5AL0gO4mOS,2021-11-15T15:20:09.000Z,Twitter for iPhone,1460266379291025410,1369718635963486214,0,0,7,0,"[{'start': 17, 'end': 40, 'url': 'https://t.co/5AL0gO4mOS', 'expanded_url': 'https://twitter.com/realamberheard/status/1460261283308228609', 'display_url': 'twitter.com/realamberheard…'}]",en,Heading into a new week like 🥳 https://t.co/GyQ2lBH9l4,2021-11-15T14:59:54.000Z,155,17,3228,59,"[{'start': 31, 'end': 54, 'url': 'https://t.co/GyQ2lBH9l4', 'expanded_url': 'https://twitter.com/realamberheard/status/1460261283308228609/photo/1', 'display_url': 'pic.twitter.com/GyQ2lBH9l4'}]",Twitter for iPhone,1460261283308228609,807003567605227520,807003567605227520,"Actor and Activist, semi-professional disruptor, ice cream advocate and shameless teacup yorkie-lover",Amber Heard,190316,220,1149,567,2016-12-08T23:26:58.000Z,realamberheard,https://t.co/Ze18Ek9SOI,"Los Angeles, CA",https://pbs.twimg.com/profile_images/1383196364792680448/N8CdupEu_normal.jpg,1369718635963486214,🇩🇪 I 🇪🇬 Medical Student I TU,العميد 🇩🇪,464,441,3652,0,2021-03-10T18:35:57.000Z,GERMA7NN,,https://pbs.twimg.com/profile_images/1495410980616036360/rjh76-P6_normal.jpg,"Berlin, Germany",,,,
"[{'type': 'quoted', 'id': '1460261283308228609'}]",en,She's so beautiful. 😍 https://t.co/ryW0zJY2IW,2021-11-15T15:19:52.000Z,Twitter Web App,1460266304993210372,834723396999118848,0,0,0,0,"[{'start': 22, 'end': 45, 'url': 'https://t.co/ryW0zJY2IW', 'expanded_url': 'https://twitter.com/realamberheard/status/1460261283308228609', 'display_url': 'twitter.com/realamberheard…'}]",en,Heading into a new week like 🥳 https://t.co/GyQ2lBH9l4,2021-11-15T14:59:54.000Z,155,17,3228,59,"[{'start': 31, 'end': 54, 'url': 'https://t.co/GyQ2lBH9l4', 'expanded_url': 'https://twitter.com/realamberheard/status/1460261283308228609/photo/1', 'display_url': 'pic.twitter.com/GyQ2lBH9l4'}]",Twitter for iPhone,1460261283308228609,807003567605227520,807003567605227520,"Actor and Activist, semi-professional disruptor, ice cream advocate and shameless teacup yorkie-lover",Amber Heard,190316,220,1149,567,2016-12-08T23:26:58.000Z,realamberheard,https://t.co/Ze18Ek9SOI,"Los Angeles, CA",https://pbs.twimg.com/profile_images/1383196364792680448/N8CdupEu_normal.jpg,834723396999118848,follow=block.,Susan Watt,1,111,18182,1,2017-02-23T11:15:41.000Z,WattoSue,,https://pbs.twimg.com/profile_images/1501236241211273218/mFE8otmV_normal.png,,,,,
"[{'type': 'quoted', 'id': '1460261283308228609'}]",en,"This will be everyone when you are B-U-S-T-E-D and charged for fake abuse claims/ allegations are proven false 
#JusticeForJohhnyDepp #AmberHeardIsAnAbuser https://t.co/YolnHenpdZ",2021-11-15T15:19:07.000Z,Twitter for Android,1460266116488437760,494905425,0,0,10,0,"[{'start': 156, 'end': 179, 'url': 'https://t.co/YolnHenpdZ', 'expanded_url': 'https://twitter.com/realamberheard/status/1460261283308228609', 'display_url': 'twitter.com/realamberheard…'}]",en,Heading into a new week like 🥳 https://t.co/GyQ2lBH9l4,2021-11-15T14:59:54.000Z,155,17,3228,59,"[{'start': 31, 'end': 54, 'url': 'https://t.co/GyQ2lBH9l4', 'expanded_url': 'https://twitter.com/realamberheard/status/1460261283308228609/photo/1', 'display_url': 'pic.twitter.com/GyQ2lBH9l4'}]",Twitter for iPhone,1460261283308228609,807003567605227520,807003567605227520,"Actor and Activist, semi-professional disruptor, ice cream advocate and shameless teacup yorkie-lover",Amber Heard,190316,220,1149,567,2016-12-08T23:26:58.000Z,realamberheard,https://t.co/Ze18Ek9SOI,"Los Angeles, CA",https://pbs.twimg.com/profile_images/1383196364792680448/N8CdupEu_normal.jpg,494905425,24 and here to tweet my favorite people in the world,Mockingjay541,35,378,2289,2,2012-02-17T11:36:48.000Z,JoshLieschke1,,https://pbs.twimg.com/profile_images/1489654739734515712/KF70Eeq2_normal.jpg,Australia ,,"[{'start': 112, 'end': 133, 'tag': 'JusticeForJohhnyDepp'}, {'start': 134, 'end': 155, 'tag': 'AmberHeardIsAnAbuser'}]",,
"[{'type': 'quoted', 'id': '1460261283308228609'}]",en,I hope you have a great week! ❤️🥳 https://t.co/a7sp9bGzVP,2021-11-15T15:16:17.000Z,Twitter for iPhone,1460265402487951367,1029848294737031171,0,0,4,0,"[{'start': 34, 'end': 57, 'url': 'https://t.co/a7sp9bGzVP', 'expanded_url': 'https://twitter.com/realamberheard/status/1460261283308228609', 'display_url': 'twitter.com/realamberheard…'}]",en,Heading into a new week like 🥳 https://t.co/GyQ2lBH9l4,2021-11-15T14:59:54.000Z,155,17,3228,59,"[{'start': 31, 'end': 54, 'url': 'https://t.co/GyQ2lBH9l4', 'expanded_url': 'https://twitter.com/realamberheard/status/1460261283308228609/photo/1', 'display_url': 'pic.twitter.com/GyQ2lBH9l4'}]",Twitter for iPhone,1460261283308228609,807003567605227520,807003567605227520,"Actor and Activist, semi-professional disruptor, ice cream advocate and shameless teacup yorkie-lover",Amber Heard,190316,220,1149,567,2016-12-08T23:26:58.000Z,realamberheard,https://t.co/Ze18Ek9SOI,"Los Angeles, CA",https://pbs.twimg.com/profile_images/1383196364792680448/N8CdupEu_normal.jpg,1029848294737031171,,luís,9822,1214,21537,0,2018-08-15T21:52:21.000Z,amberIeonhart,,https://pbs.twimg.com/profile_images/1503901966363209734/4Iax2ZJa_normal.jpg,snk manga spoilers ,,,,
"[{'type': 'quoted', 'id': '1460261283308228609'}]",und,https://t.co/UAfWZlGUR5 https://t.co/tWsuyfKHpE,2021-11-15T15:12:18.000Z,Twitter for Android,1460264402842619904,1418511908508897287,0,0,0,1,"[{'start': 0, 'end': 23, 'url': 'https://t.co/UAfWZlGUR5', 'expanded_url': 'https://twitter.com/MESSIDOMINIKE/status/1460264402842619904/photo/1', 'display_url': 'pic.twitter.com/UAfWZlGUR5'}, {'start': 24, 'end': 47, 'url': 'https://t.co/tWsuyfKHpE', 'expanded_url': 'https://twitter.com/realamberheard/status/1460261283308228609', 'display_url': 'twitter.com/realamberheard…'}]",en,Heading into a new week like 🥳 https://t.co/GyQ2lBH9l4,2021-11-15T14:59:54.000Z,155,17,3228,59,"[{'start': 31, 'end': 54, 'url': 'https://t.co/GyQ2lBH9l4', 'expanded_url': 'https://twitter.com/realamberheard/status/1460261283308228609/photo/1', 'display_url': 'pic.twitter.com/GyQ2lBH9l4'}]",Twitter for iPhone,1460261283308228609,807003567605227520,807003567605227520,"Actor and Activist, semi-professional disruptor, ice cream advocate and shameless teacup yorkie-lover",Amber Heard,190316,220,1149,567,2016-12-08T23:26:58.000Z,realamberheard,https://t.co/Ze18Ek9SOI,"Los Angeles, CA",https://pbs.twimg.com/profile_images/1383196364792680448/N8CdupEu_normal.jpg,1418511908508897287,| Amber Heard Everything ❤️| × |Messi🐐|,!,22,60,465,0,2021-07-23T10:03:08.000Z,MESSIDOMINIKE,,https://pbs.twimg.com/profile_images/1461618153662730242/oDe3VO7C_normal.jpg,,,,,
"[{'type': 'quoted', 'id': '1460261283308228609'}]",es,Queeeeen 👑❤ https://t.co/lsqfr0I7ci,2021-11-15T15:08:36.000Z,Twitter Web App,1460263471275077633,1422780049124732931,0,0,1,0,"[{'start': 12, 'end': 35, 'url': 'https://t.co/lsqfr0I7ci', 'expanded_url': 'https://twitter.com/realamberheard/status/1460261283308228609', 'display_url': 'twitter.com/realamberheard…'}]",en,Heading into a new week like 🥳 https://t.co/GyQ2lBH9l4,2021-11-15T14:59:54.000Z,155,17,3228,59,"[{'start': 31, 'end': 54, 'url': 'https://t.co/GyQ2lBH9l4', 'expanded_url': 'https://twitter.com/realamberheard/status/1460261283308228609/photo/1', 'display_url': 'pic.twitter.com/GyQ2lBH9l4'}]",Twitter for iPhone,1460261283308228609,807003567605227520,807003567605227520,"Actor and Activist, semi-professional disruptor, ice cream advocate and shameless teacup yorkie-lover",Amber Heard,190316,220,1149,567,2016-12-08T23:26:58.000Z,realamberheard,https://t.co/Ze18Ek9SOI,"Los Angeles, CA",https://pbs.twimg.com/profile_images/1383196364792680448/N8CdupEu_normal.jpg,1422780049124732931,,🧛‍♂️,240,204,6471,1,2021-08-04T04:43:05.000Z,sappyyx_,,https://pbs.twimg.com/profile_images/1505593177440411655/82tA-adE_normal.jpg,,,,,
"[{'type': 'quoted', 'id': '1460261283308228609'}]",en,🥳 Yeah! Have a nice week!🧜‍♀️❣️ https://t.co/UE9f4Ec1wm https://t.co/KHPILaleFf,2021-11-15T15:06:11.000Z,Twitter for Android,1460262862174101506,857971009080532993,0,0,6,0,"[{'start': 32, 'end': 55, 'url': 'https://t.co/UE9f4Ec1wm', 'expanded_url': 'https://twitter.com/kikzsk/status/1460262862174101506/photo/1', 'display_url': 'pic.twitter.com/UE9f4Ec1wm'}, {'start': 56, 'end': 79, 'url': 'https://t.co/KHPILaleFf', 'expanded_url': 'https://twitter.com/realamberheard/status/1460261283308228609', 'display_url': 'twitter.com/realamberheard…'}]",en,Heading into a new week like 🥳 https://t.co/GyQ2lBH9l4,2021-11-15T14:59:54.000Z,155,17,3228,59,"[{'start': 31, 'end': 54, 'url': 'https://t.co/GyQ2lBH9l4', 'expanded_url': 'https://twitter.com/realamberheard/status/1460261283308228609/photo/1', 'display_url': 'pic.twitter.com/GyQ2lBH9l4'}]",Twitter for iPhone,1460261283308228609,807003567605227520,807003567605227520,"Actor and Activist, semi-professional disruptor, ice cream advocate and shameless teacup yorkie-lover",Amber Heard,190316,220,1149,567,2016-12-08T23:26:58.000Z,realamberheard,https://t.co/Ze18Ek9SOI,"Los Angeles, CA",https://pbs.twimg.com/profile_images/1383196364792680448/N8CdupEu_normal.jpg,857971009080532993,DC팬. I love #dceu and many actors. she/her.  welcome🤗❤,oreocheesecake,34,115,698,0,2017-04-28T14:53:23.000Z,kikzsk,,https://pbs.twimg.com/profile_images/1462800448382205952/-fv0JZgb_normal.jpg,,,,,
"[{'type': 'quoted', 'id': '1460261283308228609'}]",en,"I love you Queen 🥰🥰🥰😍😍😍, I hope you have a great week ♥️♥️♥️ https://t.co/YBr0YB9tQa",2021-11-15T15:03:17.000Z,Twitter for Android,1460262133338456066,1309120681968316416,0,0,3,0,"[{'start': 61, 'end': 84, 'url': 'https://t.co/YBr0YB9tQa', 'expanded_url': 'https://twitter.com/realamberheard/status/1460261283308228609', 'display_url': 'twitter.com/realamberheard…'}]",en,Heading into a new week like 🥳 https://t.co/GyQ2lBH9l4,2021-11-15T14:59:54.000Z,155,17,3228,59,"[{'start': 31, 'end': 54, 'url': 'https://t.co/GyQ2lBH9l4', 'expanded_url': 'https://twitter.com/realamberheard/status/1460261283308228609/photo/1', 'display_url': 'pic.twitter.com/GyQ2lBH9l4'}]",Twitter for iPhone,1460261283308228609,807003567605227520,807003567605227520,"Actor and Activist, semi-professional disruptor, ice cream advocate and shameless teacup yorkie-lover",Amber Heard,190316,220,1149,567,2016-12-08T23:26:58.000Z,realamberheard,https://t.co/Ze18Ek9SOI,"Los Angeles, CA",https://pbs.twimg.com/profile_images/1383196364792680448/N8CdupEu_normal.jpg,1309120681968316416,uma pessoa que dá opiniões e posta o que gosta,Vit⍟r,275,981,15837,0,2020-09-24T13:21:21.000Z,katherinewheard,,https://pbs.twimg.com/profile_images/1505567510644592643/BdDCbVkZ_normal.jpg,,,,,
"[{'type': 'quoted', 'id': '1460261283308228609'}]",en,MY queen 😍😍 https://t.co/g6GDT3gLwP,2021-11-15T15:02:34.000Z,Twitter for Android,1460261953264238596,1866441217,0,0,2,0,"[{'start': 12, 'end': 35, 'url': 'https://t.co/g6GDT3gLwP', 'expanded_url': 'https://twitter.com/realamberheard/status/1460261283308228609', 'display_url': 'twitter.com/realamberheard…'}]",en,Heading into a new week like 🥳 https://t.co/GyQ2lBH9l4,2021-11-15T14:59:54.000Z,155,17,3228,59,"[{'start': 31, 'end': 54, 'url': 'https://t.co/GyQ2lBH9l4', 'expanded_url': 'https://twitter.com/realamberheard/status/1460261283308228609/photo/1', 'display_url': 'pic.twitter.com/GyQ2lBH9l4'}]",Twitter for iPhone,1460261283308228609,807003567605227520,807003567605227520,"Actor and Activist, semi-professional disruptor, ice cream advocate and shameless teacup yorkie-lover",Amber Heard,190316,220,1149,567,2016-12-08T23:26:58.000Z,realamberheard,https://t.co/Ze18Ek9SOI,"Los Angeles, CA",https://pbs.twimg.com/profile_images/1383196364792680448/N8CdupEu_normal.jpg,1866441217,(subhman gill it cell),victor,1411,1122,41364,0,2013-09-15T05:57:11.000Z,KingArmyX,,https://pbs.twimg.com/profile_images/1472779299140734976/_QiG6mDh_normal.jpg,INDIA,,,,
"[{'type': 'quoted', 'id': '1460261283308228609'}]",en,Have a nice day and week baby ♥️ https://t.co/gOFEvctW0S,2021-11-15T15:01:40.000Z,Twitter for Android,1460261726897815569,1002402585247133701,0,0,2,0,"[{'start': 33, 'end': 56, 'url': 'https://t.co/gOFEvctW0S', 'expanded_url': 'https://twitter.com/realamberheard/status/1460261283308228609', 'display_url': 'twitter.com/realamberheard…'}]",en,Heading into a new week like 🥳 https://t.co/GyQ2lBH9l4,2021-11-15T14:59:54.000Z,155,17,3228,59,"[{'start': 31, 'end': 54, 'url': 'https://t.co/GyQ2lBH9l4', 'expanded_url': 'https://twitter.com/realamberheard/status/1460261283308228609/photo/1', 'display_url': 'pic.twitter.com/GyQ2lBH9l4'}]",Twitter for iPhone,1460261283308228609,807003567605227520,807003567605227520,"Actor and Activist, semi-professional disruptor, ice cream advocate and shameless teacup yorkie-lover",Amber Heard,190316,220,1149,567,2016-12-08T23:26:58.000Z,realamberheard,https://t.co/Ze18Ek9SOI,"Los Angeles, CA",https://pbs.twimg.com/profile_images/1383196364792680448/N8CdupEu_normal.jpg,1002402585247133701,Katherine Elizabeth McGrath •1983•,yazi,5548,510,111587,9,2018-06-01T04:12:54.000Z,favmcgrath,,https://pbs.twimg.com/profile_images/1506439260911681538/nVrezaEF_normal.jpg,Meltie,,,,
"[{'type': 'quoted', 'id': '1460261283308228609'}]",en,Love u Queen https://t.co/gOFEvctW0S,2021-11-15T15:01:29.000Z,Twitter for Android,1460261679279783937,1002402585247133701,0,0,3,0,"[{'start': 13, 'end': 36, 'url': 'https://t.co/gOFEvctW0S', 'expanded_url': 'https://twitter.com/realamberheard/status/1460261283308228609', 'display_url': 'twitter.com/realamberheard…'}]",en,Heading into a new week like 🥳 https://t.co/GyQ2lBH9l4,2021-11-15T14:59:54.000Z,155,17,3228,59,"[{'start': 31, 'end': 54, 'url': 'https://t.co/GyQ2lBH9l4', 'expanded_url': 'https://twitter.com/realamberheard/status/1460261283308228609/photo/1', 'display_url': 'pic.twitter.com/GyQ2lBH9l4'}]",Twitter for iPhone,1460261283308228609,807003567605227520,807003567605227520,"Actor and Activist, semi-professional disruptor, ice cream advocate and shameless teacup yorkie-lover",Amber Heard,190316,220,1149,567,2016-12-08T23:26:58.000Z,realamberheard,https://t.co/Ze18Ek9SOI,"Los Angeles, CA",https://pbs.twimg.com/profile_images/1383196364792680448/N8CdupEu_normal.jpg,1002402585247133701,Katherine Elizabeth McGrath •1983•,yazi,5548,510,111587,9,2018-06-01T04:12:54.000Z,favmcgrath,,https://pbs.twimg.com/profile_images/1506439260911681538/nVrezaEF_normal.jpg,Meltie,,,,
"[{'type': 'quoted', 'id': '1460261283308228609'}]",en,SMILEEEEEEEE https://t.co/gOFEvctW0S,2021-11-15T15:01:21.000Z,Twitter for Android,1460261644597141506,1002402585247133701,0,0,3,0,"[{'start': 13, 'end': 36, 'url': 'https://t.co/gOFEvctW0S', 'expanded_url': 'https://twitter.com/realamberheard/status/1460261283308228609', 'display_url': 'twitter.com/realamberheard…'}]",en,Heading into a new week like 🥳 https://t.co/GyQ2lBH9l4,2021-11-15T14:59:54.000Z,155,17,3228,59,"[{'start': 31, 'end': 54, 'url': 'https://t.co/GyQ2lBH9l4', 'expanded_url': 'https://twitter.com/realamberheard/status/1460261283308228609/photo/1', 'display_url': 'pic.twitter.com/GyQ2lBH9l4'}]",Twitter for iPhone,1460261283308228609,807003567605227520,807003567605227520,"Actor and Activist, semi-professional disruptor, ice cream advocate and shameless teacup yorkie-lover",Amber Heard,190316,220,1149,567,2016-12-08T23:26:58.000Z,realamberheard,https://t.co/Ze18Ek9SOI,"Los Angeles, CA",https://pbs.twimg.com/profile_images/1383196364792680448/N8CdupEu_normal.jpg,1002402585247133701,Katherine Elizabeth McGrath •1983•,yazi,5548,510,111587,9,2018-06-01T04:12:54.000Z,favmcgrath,,https://pbs.twimg.com/profile_images/1506439260911681538/nVrezaEF_normal.jpg,Meltie,,,,
