id,text,referenced_tweets,created_at,lang,source,author_id,entities.urls,public_metrics.retweet_count,public_metrics.reply_count,public_metrics.like_count,public_metrics.quote_count,quoted_tweet.id,quoted_tweet.text,quoted_tweet.entities.urls,quoted_tweet.created_at,quoted_tweet.public_metrics.retweet_count,quoted_tweet.public_metrics.reply_count,quoted_tweet.public_metrics.like_count,quoted_tweet.public_metrics.quote_count,quoted_tweet.lang,quoted_tweet.source,quoted_tweet.author_id,quoted_tweet.author.location,quoted_tweet.author.created_at,quoted_tweet.author.public_metrics.followers_count,quoted_tweet.author.public_metrics.following_count,quoted_tweet.author.public_metrics.tweet_count,quoted_tweet.author.public_metrics.listed_count,quoted_tweet.author.username,quoted_tweet.author.id,quoted_tweet.author.url,quoted_tweet.author.description,quoted_tweet.author.name,quoted_tweet.author.profile_image_url,author.location,author.created_at,author.public_metrics.followers_count,author.public_metrics.following_count,author.public_metrics.tweet_count,author.public_metrics.listed_count,author.username,author.id,author.url,author.description,author.name,author.profile_image_url,entities.annotations,entities.hashtags,entities.mentions,in_reply_to_user_id
1504925420973858816,https://t.co/A34bpU92xQ https://t.co/ceSoKFCCzJ,"[{'type': 'quoted', 'id': '1488944274922086402'}]",2022-03-18T20:59:15.000Z,und,Twitter Web App,280474225,"[{'start': 0, 'end': 23, 'url': 'https://t.co/A34bpU92xQ', 'expanded_url': 'https://twitter.com/Alex_Pundit/status/1504925420973858816/photo/1', 'display_url': 'pic.twitter.com/A34bpU92xQ'}, {'start': 24, 'end': 47, 'url': 'https://t.co/ceSoKFCCzJ', 'expanded_url': 'https://twitter.com/realamberheard/status/1488944274922086402', 'display_url': 'twitter.com/realamberheard…'}]",0,0,0,0,1488944274922086402,Dumbbells are for sissies 💪🏻 https://t.co/aEUpRmTUCW,"[{'start': 29, 'end': 52, 'url': 'https://t.co/aEUpRmTUCW', 'expanded_url': 'https://twitter.com/realamberheard/status/1488944274922086402/photo/1', 'display_url': 'pic.twitter.com/aEUpRmTUCW'}]",2022-02-02T18:35:53.000Z,165,20,3527,61,en,Twitter for iPhone,807003567605227520,"Los Angeles, CA",2016-12-08T23:26:58.000Z,190313,220,1149,567,realamberheard,807003567605227520,https://t.co/Ze18Ek9SOI,"Actor and Activist, semi-professional disruptor, ice cream advocate and shameless teacup yorkie-lover",Amber Heard,https://pbs.twimg.com/profile_images/1383196364792680448/N8CdupEu_normal.jpg,"Cairns, Queensland",2011-04-11T11:52:12.000Z,2105,4916,70069,29,Alex_Pundit,280474225,,Work From Home🏡 Grow Your Crypto💰💎 Retire Early! 🏖 All is possible with Crypto! #Pulsechain #Hex #Ethereum,Sasha Tagger,https://pbs.twimg.com/profile_images/1467726807747104773/a5nAD8zy_normal.jpg,,,,
1493435173425201153,So is faking domestic violence https://t.co/10t4e0Vyjq,"[{'type': 'quoted', 'id': '1488944274922086402'}]",2022-02-15T04:01:06.000Z,en,Twitter for Android,441254622,"[{'start': 31, 'end': 54, 'url': 'https://t.co/10t4e0Vyjq', 'expanded_url': 'https://twitter.com/realamberheard/status/1488944274922086402', 'display_url': 'twitter.com/realamberheard…'}]",0,0,1,0,1488944274922086402,Dumbbells are for sissies 💪🏻 https://t.co/aEUpRmTUCW,"[{'start': 29, 'end': 52, 'url': 'https://t.co/aEUpRmTUCW', 'expanded_url': 'https://twitter.com/realamberheard/status/1488944274922086402/photo/1', 'display_url': 'pic.twitter.com/aEUpRmTUCW'}]",2022-02-02T18:35:53.000Z,165,20,3527,61,en,Twitter for iPhone,807003567605227520,"Los Angeles, CA",2016-12-08T23:26:58.000Z,190313,220,1149,567,realamberheard,807003567605227520,https://t.co/Ze18Ek9SOI,"Actor and Activist, semi-professional disruptor, ice cream advocate and shameless teacup yorkie-lover",Amber Heard,https://pbs.twimg.com/profile_images/1383196364792680448/N8CdupEu_normal.jpg,Midst of Space,2011-12-19T22:18:56.000Z,26,299,682,0,TsoEric,441254622,https://t.co/A29mUDPScf,i think its time you had a pink cloud summer,A S C Σ N S I O N,https://pbs.twimg.com/profile_images/1378668438378356740/zDxs9ww0_normal.jpg,,,,
1491985205409820676,People in the quotes are like really tripping. Should Amber be held responsible? Yes. But y'all cannot go after her own baby and say she's next to be abused and all that crazy shit. All of this should've boiled over by now. https://t.co/qSdqpFs36B,"[{'type': 'quoted', 'id': '1488944274922086402'}]",2022-02-11T03:59:27.000Z,en,Twitter for Android,1396579085208457226,"[{'start': 224, 'end': 247, 'url': 'https://t.co/qSdqpFs36B', 'expanded_url': 'https://twitter.com/realamberheard/status/1488944274922086402', 'display_url': 'twitter.com/realamberheard…'}]",0,1,0,0,1488944274922086402,Dumbbells are for sissies 💪🏻 https://t.co/aEUpRmTUCW,"[{'start': 29, 'end': 52, 'url': 'https://t.co/aEUpRmTUCW', 'expanded_url': 'https://twitter.com/realamberheard/status/1488944274922086402/photo/1', 'display_url': 'pic.twitter.com/aEUpRmTUCW'}]",2022-02-02T18:35:53.000Z,165,20,3527,61,en,Twitter for iPhone,807003567605227520,"Los Angeles, CA",2016-12-08T23:26:58.000Z,190313,220,1149,567,realamberheard,807003567605227520,https://t.co/Ze18Ek9SOI,"Actor and Activist, semi-professional disruptor, ice cream advocate and shameless teacup yorkie-lover",Amber Heard,https://pbs.twimg.com/profile_images/1383196364792680448/N8CdupEu_normal.jpg,"Baltimore, Maryland",2021-05-23T21:30:13.000Z,552,3785,28528,1,FaulconRonnie,1396579085208457226,,"The G.O.D. of B.M.D. 
""Mentally Untouchable""",Ronnie Faulcon Jr: GameHawkTier94,https://pbs.twimg.com/profile_images/1396607693704531970/y00bzofH_normal.jpg,"[{'start': 54, 'end': 58, 'probability': 0.9731, 'type': 'Person', 'normalized_text': 'Amber'}]",,,
1491050087115821058,How the fuck are you allowed to have a child? You shouldn’t even be allowed near one. She’s literally physically &amp; mentally abused someone.  #JusticeForJohnnyDepp https://t.co/630giG2OHh,"[{'type': 'quoted', 'id': '1488944274922086402'}]",2022-02-08T14:03:37.000Z,en,Twitter for iPhone,1267475720500117504,"[{'start': 167, 'end': 190, 'url': 'https://t.co/630giG2OHh', 'expanded_url': 'https://twitter.com/realamberheard/status/1488944274922086402', 'display_url': 'twitter.com/realamberheard…'}]",0,0,7,0,1488944274922086402,Dumbbells are for sissies 💪🏻 https://t.co/aEUpRmTUCW,"[{'start': 29, 'end': 52, 'url': 'https://t.co/aEUpRmTUCW', 'expanded_url': 'https://twitter.com/realamberheard/status/1488944274922086402/photo/1', 'display_url': 'pic.twitter.com/aEUpRmTUCW'}]",2022-02-02T18:35:53.000Z,165,20,3527,61,en,Twitter for iPhone,807003567605227520,"Los Angeles, CA",2016-12-08T23:26:58.000Z,190313,220,1149,567,realamberheard,807003567605227520,https://t.co/Ze18Ek9SOI,"Actor and Activist, semi-professional disruptor, ice cream advocate and shameless teacup yorkie-lover",Amber Heard,https://pbs.twimg.com/profile_images/1383196364792680448/N8CdupEu_normal.jpg,she/her ,2020-06-01T15:19:02.000Z,11,171,476,0,urs_angeIII,1267475720500117504,,just here to shamelessly simp over celebrities & fictional characters. #JusticeForJohnnyDepp,loki’s wife (REAL),https://pbs.twimg.com/profile_images/1445831718590722049/8vCd6nJE_normal.jpg,,"[{'start': 145, 'end': 166, 'tag': 'JusticeForJohnnyDepp'}]",,
1489908934445961223,BIG BAD B-WORD https://t.co/zS5GVDLuMl,"[{'type': 'quoted', 'id': '1488944274922086402'}]",2022-02-05T10:29:05.000Z,en,Twitter for iPhone,25877022,"[{'start': 15, 'end': 38, 'url': 'https://t.co/zS5GVDLuMl', 'expanded_url': 'https://twitter.com/realamberheard/status/1488944274922086402', 'display_url': 'twitter.com/realamberheard…'}]",0,0,2,0,1488944274922086402,Dumbbells are for sissies 💪🏻 https://t.co/aEUpRmTUCW,"[{'start': 29, 'end': 52, 'url': 'https://t.co/aEUpRmTUCW', 'expanded_url': 'https://twitter.com/realamberheard/status/1488944274922086402/photo/1', 'display_url': 'pic.twitter.com/aEUpRmTUCW'}]",2022-02-02T18:35:53.000Z,165,20,3527,61,en,Twitter for iPhone,807003567605227520,"Los Angeles, CA",2016-12-08T23:26:58.000Z,190313,220,1149,567,realamberheard,807003567605227520,https://t.co/Ze18Ek9SOI,"Actor and Activist, semi-professional disruptor, ice cream advocate and shameless teacup yorkie-lover",Amber Heard,https://pbs.twimg.com/profile_images/1383196364792680448/N8CdupEu_normal.jpg,San Diego,2009-03-22T20:46:43.000Z,1957,2247,265802,1,muddyinpb,25877022,,"a very grateful dead head! ❤️San Diego, Johnny Depp, my Children, and Democracy🎶. TRUMP IS A TRAITOR",Shelby LaFontaine,https://pbs.twimg.com/profile_images/1324285720559710208/sLow1ktG_normal.png,,,,
1489697183209336832,Amber love ❤️ https://t.co/hOdHuuBeil,"[{'type': 'quoted', 'id': '1488944274922086402'}]",2022-02-04T20:27:40.000Z,en,Twitter for Android,276097327,"[{'start': 14, 'end': 37, 'url': 'https://t.co/hOdHuuBeil', 'expanded_url': 'https://twitter.com/realamberheard/status/1488944274922086402', 'display_url': 'twitter.com/realamberheard…'}]",0,0,0,0,1488944274922086402,Dumbbells are for sissies 💪🏻 https://t.co/aEUpRmTUCW,"[{'start': 29, 'end': 52, 'url': 'https://t.co/aEUpRmTUCW', 'expanded_url': 'https://twitter.com/realamberheard/status/1488944274922086402/photo/1', 'display_url': 'pic.twitter.com/aEUpRmTUCW'}]",2022-02-02T18:35:53.000Z,165,20,3527,61,en,Twitter for iPhone,807003567605227520,"Los Angeles, CA",2016-12-08T23:26:58.000Z,190313,220,1149,567,realamberheard,807003567605227520,https://t.co/Ze18Ek9SOI,"Actor and Activist, semi-professional disruptor, ice cream advocate and shameless teacup yorkie-lover",Amber Heard,https://pbs.twimg.com/profile_images/1383196364792680448/N8CdupEu_normal.jpg,,2011-04-02T16:59:58.000Z,6,109,1666,0,leonidasdiamant,276097327,,"Corretor de Imoveis no Estado do SP
e Gamer na horas vagas .",Leônidas Junior,https://pbs.twimg.com/profile_images/1418708491246743555/55L7MdoH_normal.jpg,"[{'start': 0, 'end': 4, 'probability': 0.8579, 'type': 'Person', 'normalized_text': 'Amber'}]",,,
1489671943280160769,"RT @E_J8one: The biggest sissy; is the one who hasn't handed over her voluminous evidence, because she hasn't got any or a leg to stand on…","[{'type': 'retweeted', 'id': '1489565902618214402'}]",2022-02-04T18:47:22.000Z,en,Twitter for Android,3224022932,,1,0,0,0,1488944274922086402,Dumbbells are for sissies 💪🏻 https://t.co/aEUpRmTUCW,"[{'start': 29, 'end': 52, 'url': 'https://t.co/aEUpRmTUCW', 'expanded_url': 'https://twitter.com/realamberheard/status/1488944274922086402/photo/1', 'display_url': 'pic.twitter.com/aEUpRmTUCW'}]",2022-02-02T18:35:53.000Z,165,20,3527,61,en,Twitter for iPhone,807003567605227520,"Los Angeles, CA",2016-12-08T23:26:58.000Z,190313,220,1149,567,realamberheard,807003567605227520,https://t.co/Ze18Ek9SOI,"Actor and Activist, semi-professional disruptor, ice cream advocate and shameless teacup yorkie-lover",Amber Heard,https://pbs.twimg.com/profile_images/1383196364792680448/N8CdupEu_normal.jpg,,2015-05-23T07:45:33.000Z,13,33,270,0,kwyjibox,3224022932,,"Just a box doing the world some justice.
#fuckamberheard",Justabox,https://pbs.twimg.com/profile_images/1404348446190936064/fNusk9XP_normal.jpg,,,"[{'start': 3, 'end': 11, 'username': 'E_J8one', 'id': '1392472714607308809'}]",
1489653793037774848,"RT @Alan1For: Yeah thats clever, lifting a child like that over a concrete f*ckn floor","[{'type': 'retweeted', 'id': '1488949956492861441'}]",2022-02-04T17:35:15.000Z,en,Twitter Web App,1315500398728208384,,1,0,0,0,1488944274922086402,Dumbbells are for sissies 💪🏻 https://t.co/aEUpRmTUCW,"[{'start': 29, 'end': 52, 'url': 'https://t.co/aEUpRmTUCW', 'expanded_url': 'https://twitter.com/realamberheard/status/1488944274922086402/photo/1', 'display_url': 'pic.twitter.com/aEUpRmTUCW'}]",2022-02-02T18:35:53.000Z,165,20,3527,61,en,Twitter for iPhone,807003567605227520,"Los Angeles, CA",2016-12-08T23:26:58.000Z,190313,220,1149,567,realamberheard,807003567605227520,https://t.co/Ze18Ek9SOI,"Actor and Activist, semi-professional disruptor, ice cream advocate and shameless teacup yorkie-lover",Amber Heard,https://pbs.twimg.com/profile_images/1383196364792680448/N8CdupEu_normal.jpg,"Seattle, WA",2020-10-12T03:52:22.000Z,964,435,86961,7,CherylD59995761,1315500398728208384,,On rebound from Bott exile of 2020. This is my new acct. Member since 2009. Love Classic Rock & Movies. JD patron since the 80's. I am not a bot! ?'s ask me!,Cheryl Drake 🇺🇸💜💜,https://pbs.twimg.com/profile_images/1380363917373759490/bbZlABUd_normal.jpg,,,"[{'start': 3, 'end': 12, 'username': 'Alan1For', 'id': '995608240040882176'}]",
1489653525810352130,RT @nibs56139211: Back at it again @realamberheard? Children are not possessions to be used for PR-they are defenseless humans to be cheris…,"[{'type': 'retweeted', 'id': '1488959945982816257'}]",2022-02-04T17:34:11.000Z,en,Twitter Web App,1315500398728208384,,1,0,0,0,1488944274922086402,Dumbbells are for sissies 💪🏻 https://t.co/aEUpRmTUCW,"[{'start': 29, 'end': 52, 'url': 'https://t.co/aEUpRmTUCW', 'expanded_url': 'https://twitter.com/realamberheard/status/1488944274922086402/photo/1', 'display_url': 'pic.twitter.com/aEUpRmTUCW'}]",2022-02-02T18:35:53.000Z,165,20,3527,61,en,Twitter for iPhone,807003567605227520,"Los Angeles, CA",2016-12-08T23:26:58.000Z,190313,220,1149,567,realamberheard,807003567605227520,https://t.co/Ze18Ek9SOI,"Actor and Activist, semi-professional disruptor, ice cream advocate and shameless teacup yorkie-lover",Amber Heard,https://pbs.twimg.com/profile_images/1383196364792680448/N8CdupEu_normal.jpg,"Seattle, WA",2020-10-12T03:52:22.000Z,964,435,86961,7,CherylD59995761,1315500398728208384,,On rebound from Bott exile of 2020. This is my new acct. Member since 2009. Love Classic Rock & Movies. JD patron since the 80's. I am not a bot! ?'s ask me!,Cheryl Drake 🇺🇸💜💜,https://pbs.twimg.com/profile_images/1380363917373759490/bbZlABUd_normal.jpg,"[{'start': 96, 'end': 102, 'probability': 0.5043, 'type': 'Person', 'normalized_text': 'PR-they'}]",,"[{'start': 3, 'end': 16, 'username': 'nibs56139211', 'id': '1391174779986657281'}, {'start': 35, 'end': 50, 'username': 'realamberheard', 'id': '807003567605227520'}]",
1489620378586603531,"There are many reasons why a person may not be able to lift something heavier than a dumbbells, you ableist piece of sh*t. 👍

#FuckAmberHeard https://t.co/sXLnuD9RnH","[{'type': 'quoted', 'id': '1488944274922086402'}]",2022-02-04T15:22:28.000Z,en,Twitter for Android,1439095720477331463,"[{'start': 142, 'end': 165, 'url': 'https://t.co/sXLnuD9RnH', 'expanded_url': 'https://twitter.com/realamberheard/status/1488944274922086402', 'display_url': 'twitter.com/realamberheard…'}]",0,1,15,0,1488944274922086402,Dumbbells are for sissies 💪🏻 https://t.co/aEUpRmTUCW,"[{'start': 29, 'end': 52, 'url': 'https://t.co/aEUpRmTUCW', 'expanded_url': 'https://twitter.com/realamberheard/status/1488944274922086402/photo/1', 'display_url': 'pic.twitter.com/aEUpRmTUCW'}]",2022-02-02T18:35:53.000Z,165,20,3527,61,en,Twitter for iPhone,807003567605227520,"Los Angeles, CA",2016-12-08T23:26:58.000Z,190313,220,1149,567,realamberheard,807003567605227520,https://t.co/Ze18Ek9SOI,"Actor and Activist, semi-professional disruptor, ice cream advocate and shameless teacup yorkie-lover",Amber Heard,https://pbs.twimg.com/profile_images/1383196364792680448/N8CdupEu_normal.jpg,South West England,2021-09-18T05:15:43.000Z,218,238,2740,0,AngieFB,1439095720477331463,,"Johnny Depp is innocent, and I believe and support him unequivocally. 🙏 #AmberHeardIsALiar #JusticeForJohnnyDepp #WeAreWithYouJohnnyDepp",Angie Fay,https://pbs.twimg.com/profile_images/1506353620677181446/wIHNoyxQ_normal.jpg,,"[{'start': 126, 'end': 141, 'tag': 'FuckAmberHeard'}]",,
1489617546953244674,"Too skint to put flooring down to cover cement cracks, paint or decent furniture. Hoe! #JusticeForJohnnyDepp https://t.co/6shHtsHrj6","[{'type': 'quoted', 'id': '1488944274922086402'}]",2022-02-04T15:11:13.000Z,en,Twitter for Android,1466538121068171266,"[{'start': 109, 'end': 132, 'url': 'https://t.co/6shHtsHrj6', 'expanded_url': 'https://twitter.com/realamberheard/status/1488944274922086402', 'display_url': 'twitter.com/realamberheard…'}]",0,0,6,0,1488944274922086402,Dumbbells are for sissies 💪🏻 https://t.co/aEUpRmTUCW,"[{'start': 29, 'end': 52, 'url': 'https://t.co/aEUpRmTUCW', 'expanded_url': 'https://twitter.com/realamberheard/status/1488944274922086402/photo/1', 'display_url': 'pic.twitter.com/aEUpRmTUCW'}]",2022-02-02T18:35:53.000Z,165,20,3527,61,en,Twitter for iPhone,807003567605227520,"Los Angeles, CA",2016-12-08T23:26:58.000Z,190313,220,1149,567,realamberheard,807003567605227520,https://t.co/Ze18Ek9SOI,"Actor and Activist, semi-professional disruptor, ice cream advocate and shameless teacup yorkie-lover",Amber Heard,https://pbs.twimg.com/profile_images/1383196364792680448/N8CdupEu_normal.jpg,,2021-12-02T22:42:14.000Z,14,37,75,0,THE_TRUTHSEEK3R,1466538121068171266,,#JusticeForJohnnyDepp #AmberHeardPerjury,TRUTHSEEKER,https://pbs.twimg.com/profile_images/1466540061256822788/pA61RBzH_normal.jpg,,"[{'start': 87, 'end': 108, 'tag': 'JusticeForJohnnyDepp'}]",,
1489615289373409283,"Yes, this monster prefers to abuse and terrorise. I fear for the safety of this kid in the hands of the violent abuser @realamberheard 

#boycottaquaman2 #AmberHeardIsALiar #JusticeForJohnnyDepp #fireamberturd #amberturd https://t.co/RzkPyztJFh","[{'type': 'quoted', 'id': '1488944274922086402'}]",2022-02-04T15:02:15.000Z,en,Twitter for iPhone,1426902460476661762,"[{'start': 221, 'end': 244, 'url': 'https://t.co/RzkPyztJFh', 'expanded_url': 'https://twitter.com/realamberheard/status/1488944274922086402', 'display_url': 'twitter.com/realamberheard…'}]",0,0,15,0,1488944274922086402,Dumbbells are for sissies 💪🏻 https://t.co/aEUpRmTUCW,"[{'start': 29, 'end': 52, 'url': 'https://t.co/aEUpRmTUCW', 'expanded_url': 'https://twitter.com/realamberheard/status/1488944274922086402/photo/1', 'display_url': 'pic.twitter.com/aEUpRmTUCW'}]",2022-02-02T18:35:53.000Z,165,20,3527,61,en,Twitter for iPhone,807003567605227520,"Los Angeles, CA",2016-12-08T23:26:58.000Z,190313,220,1149,567,realamberheard,807003567605227520,https://t.co/Ze18Ek9SOI,"Actor and Activist, semi-professional disruptor, ice cream advocate and shameless teacup yorkie-lover",Amber Heard,https://pbs.twimg.com/profile_images/1383196364792680448/N8CdupEu_normal.jpg,,2021-08-15T13:44:46.000Z,55,182,340,0,Jaymeestweets,1426902460476661762,,I tweet stuff,Was it something I said?,https://pbs.twimg.com/profile_images/1426907909150154760/uOlpa3BK_normal.jpg,,"[{'start': 137, 'end': 153, 'tag': 'boycottaquaman2'}, {'start': 154, 'end': 172, 'tag': 'AmberHeardIsALiar'}, {'start': 173, 'end': 194, 'tag': 'JusticeForJohnnyDepp'}, {'start': 195, 'end': 209, 'tag': 'fireamberturd'}, {'start': 210, 'end': 220, 'tag': 'amberturd'}]","[{'start': 119, 'end': 134, 'username': 'realamberheard', 'id': '807003567605227520'}]",
1489606225226522633,"I hope you get in jail soon, and justice will be served https://t.co/Gw3tLtifQG","[{'type': 'quoted', 'id': '1488944274922086402'}]",2022-02-04T14:26:14.000Z,en,Twitter Web App,1325470988251836417,"[{'start': 56, 'end': 79, 'url': 'https://t.co/Gw3tLtifQG', 'expanded_url': 'https://twitter.com/realamberheard/status/1488944274922086402', 'display_url': 'twitter.com/realamberheard…'}]",0,0,4,0,1488944274922086402,Dumbbells are for sissies 💪🏻 https://t.co/aEUpRmTUCW,"[{'start': 29, 'end': 52, 'url': 'https://t.co/aEUpRmTUCW', 'expanded_url': 'https://twitter.com/realamberheard/status/1488944274922086402/photo/1', 'display_url': 'pic.twitter.com/aEUpRmTUCW'}]",2022-02-02T18:35:53.000Z,165,20,3527,61,en,Twitter for iPhone,807003567605227520,"Los Angeles, CA",2016-12-08T23:26:58.000Z,190313,220,1149,567,realamberheard,807003567605227520,https://t.co/Ze18Ek9SOI,"Actor and Activist, semi-professional disruptor, ice cream advocate and shameless teacup yorkie-lover",Amber Heard,https://pbs.twimg.com/profile_images/1383196364792680448/N8CdupEu_normal.jpg,,2020-11-08T16:11:31.000Z,17,69,296,0,NikkyxD22,1325470988251836417,,,Nikauly1157pp,https://abs.twimg.com/sticky/default_profile_images/default_profile_normal.png,,,,
1489565902618214402,"The biggest sissy; is the one who hasn't handed over her voluminous evidence, because she hasn't got any or a leg to stand on #bellend 

#AmberHeardIsAnAbuser https://t.co/q15XlJzHCe","[{'type': 'quoted', 'id': '1488944274922086402'}]",2022-02-04T11:46:00.000Z,en,Twitter for Android,1392472714607308809,"[{'start': 159, 'end': 182, 'url': 'https://t.co/q15XlJzHCe', 'expanded_url': 'https://twitter.com/realamberheard/status/1488944274922086402', 'display_url': 'twitter.com/realamberheard…'}]",1,0,12,0,1488944274922086402,Dumbbells are for sissies 💪🏻 https://t.co/aEUpRmTUCW,"[{'start': 29, 'end': 52, 'url': 'https://t.co/aEUpRmTUCW', 'expanded_url': 'https://twitter.com/realamberheard/status/1488944274922086402/photo/1', 'display_url': 'pic.twitter.com/aEUpRmTUCW'}]",2022-02-02T18:35:53.000Z,165,20,3527,61,en,Twitter for iPhone,807003567605227520,"Los Angeles, CA",2016-12-08T23:26:58.000Z,190313,220,1149,567,realamberheard,807003567605227520,https://t.co/Ze18Ek9SOI,"Actor and Activist, semi-professional disruptor, ice cream advocate and shameless teacup yorkie-lover",Amber Heard,https://pbs.twimg.com/profile_images/1383196364792680448/N8CdupEu_normal.jpg,🇬🇧,2021-05-12T13:32:32.000Z,110,201,3703,0,E_J8one,1392472714607308809,,"𝚆𝚒𝚏𝚎 & 𝙼𝚘𝚖 𝙱𝚘𝚛𝚗 𝚒𝚗 1981.
Not a Brummie.
Misfit of society.

★𝐽𝑢𝑠𝑡𝑖𝑐𝑒4𝐽𝑜ℎ𝑛𝑛𝑦𝐷𝑒𝑝𝑝★",𝙴𝙹,https://pbs.twimg.com/profile_images/1487154887154622468/ip5fhRpS_normal.jpg,,"[{'start': 126, 'end': 134, 'tag': 'bellend'}, {'start': 137, 'end': 158, 'tag': 'AmberHeardIsAnAbuser'}]",,
1489522279792791553,"I’m still in shock she’s a mother!!! Ughhh!!!
#JusticeForJohnnyDepp https://t.co/meqHRgg0Im","[{'type': 'quoted', 'id': '1488944274922086402'}]",2022-02-04T08:52:40.000Z,en,Twitter for iPhone,1304028946275528705,"[{'start': 68, 'end': 91, 'url': 'https://t.co/meqHRgg0Im', 'expanded_url': 'https://twitter.com/realamberheard/status/1488944274922086402', 'display_url': 'twitter.com/realamberheard…'}]",0,0,8,0,1488944274922086402,Dumbbells are for sissies 💪🏻 https://t.co/aEUpRmTUCW,"[{'start': 29, 'end': 52, 'url': 'https://t.co/aEUpRmTUCW', 'expanded_url': 'https://twitter.com/realamberheard/status/1488944274922086402/photo/1', 'display_url': 'pic.twitter.com/aEUpRmTUCW'}]",2022-02-02T18:35:53.000Z,165,20,3527,61,en,Twitter for iPhone,807003567605227520,"Los Angeles, CA",2016-12-08T23:26:58.000Z,190313,220,1149,567,realamberheard,807003567605227520,https://t.co/Ze18Ek9SOI,"Actor and Activist, semi-professional disruptor, ice cream advocate and shameless teacup yorkie-lover",Amber Heard,https://pbs.twimg.com/profile_images/1383196364792680448/N8CdupEu_normal.jpg,"Thousand Oaks, CA",2020-09-10T12:09:15.000Z,99,298,3755,0,FuocoTania,1304028946275528705,,"My Sanctuary/Self-Employed. Happily married to a drummer and businessman for 26 yrs❤️. Mom of 2 boys & an animal lover. Music has, is and will always be my life",Tania Fuoco,https://pbs.twimg.com/profile_images/1352041693160214528/tVhms1wS_normal.jpg,,"[{'start': 46, 'end': 67, 'tag': 'JusticeForJohnnyDepp'}]",,
1489472974063378433,"@Eve_Barlow this I find revolting.  Please disavow @realamberheard it appears you are pandering in #misandry #AmberHeardIsAnAbuser #AmberHeard #misandrist #narcopath — #JohnnyDepp #tshuva, Amber, תשובה @MeghanMcCain #EveBarlow https://t.co/UYwl4gxrnD","[{'type': 'quoted', 'id': '1488944274922086402'}]",2022-02-04T05:36:44.000Z,en,Twitter for iPhone,3479844433,"[{'start': 227, 'end': 250, 'url': 'https://t.co/UYwl4gxrnD', 'expanded_url': 'https://twitter.com/realamberheard/status/1488944274922086402', 'display_url': 'twitter.com/realamberheard…'}]",0,0,4,0,1488944274922086402,Dumbbells are for sissies 💪🏻 https://t.co/aEUpRmTUCW,"[{'start': 29, 'end': 52, 'url': 'https://t.co/aEUpRmTUCW', 'expanded_url': 'https://twitter.com/realamberheard/status/1488944274922086402/photo/1', 'display_url': 'pic.twitter.com/aEUpRmTUCW'}]",2022-02-02T18:35:53.000Z,165,20,3527,61,en,Twitter for iPhone,807003567605227520,"Los Angeles, CA",2016-12-08T23:26:58.000Z,190313,220,1149,567,realamberheard,807003567605227520,https://t.co/Ze18Ek9SOI,"Actor and Activist, semi-professional disruptor, ice cream advocate and shameless teacup yorkie-lover",Amber Heard,https://pbs.twimg.com/profile_images/1383196364792680448/N8CdupEu_normal.jpg,"West Hollywood, CA",2015-09-07T08:25:34.000Z,11,118,1012,4,9i2n6v6e0ntor,3479844433,https://t.co/91v9yY9StZ,"A celebrity without fame. ISO 37-48.5 f s/d/w, LA, Tel Aviv, Haifa. Talents include beach, mahjong --humble, gifted, honest",@dsgreenberg2016,https://pbs.twimg.com/profile_images/1086247710582161408/WSvOV6vI_normal.jpg,"[{'start': 189, 'end': 193, 'probability': 0.899, 'type': 'Person', 'normalized_text': 'Amber'}]","[{'start': 99, 'end': 108, 'tag': 'misandry'}, {'start': 109, 'end': 130, 'tag': 'AmberHeardIsAnAbuser'}, {'start': 131, 'end': 142, 'tag': 'AmberHeard'}, {'start': 143, 'end': 154, 'tag': 'misandrist'}, {'start': 155, 'end': 165, 'tag': 'narcopath'}, {'start': 168, 'end': 179, 'tag': 'JohnnyDepp'}, {'start': 180, 'end': 187, 'tag': 'tshuva'}, {'start': 216, 'end': 226, 'tag': 'EveBarlow'}]","[{'start': 0, 'end': 11, 'username': 'Eve_Barlow', 'id': '54476519'}, {'start': 51, 'end': 66, 'username': 'realamberheard', 'id': '807003567605227520'}, {'start': 202, 'end': 215, 'username': 'MeghanMcCain', 'id': '23176276'}]",54476519
1489396213833216002,Are you sure you can be trusted with children? You can't even be trusted with your husband. https://t.co/rF0my1UgK8,"[{'type': 'quoted', 'id': '1488944274922086402'}]",2022-02-04T00:31:43.000Z,en,Twitter for Android,4078945396,"[{'start': 92, 'end': 115, 'url': 'https://t.co/rF0my1UgK8', 'expanded_url': 'https://twitter.com/realamberheard/status/1488944274922086402', 'display_url': 'twitter.com/realamberheard…'}]",0,0,9,0,1488944274922086402,Dumbbells are for sissies 💪🏻 https://t.co/aEUpRmTUCW,"[{'start': 29, 'end': 52, 'url': 'https://t.co/aEUpRmTUCW', 'expanded_url': 'https://twitter.com/realamberheard/status/1488944274922086402/photo/1', 'display_url': 'pic.twitter.com/aEUpRmTUCW'}]",2022-02-02T18:35:53.000Z,165,20,3527,61,en,Twitter for iPhone,807003567605227520,"Los Angeles, CA",2016-12-08T23:26:58.000Z,190313,220,1149,567,realamberheard,807003567605227520,https://t.co/Ze18Ek9SOI,"Actor and Activist, semi-professional disruptor, ice cream advocate and shameless teacup yorkie-lover",Amber Heard,https://pbs.twimg.com/profile_images/1383196364792680448/N8CdupEu_normal.jpg,"Riverdale, VA",2015-10-31T00:31:00.000Z,5,84,102,0,fkyouamberheard,4078945396,,M 22 here to see titties and tell amber heard to go fuck herself with a cactus.,Jack Morrison,https://pbs.twimg.com/profile_images/1487777145191555076/La6u-ok6_normal.jpg,,,,
1489344549830991875,Wow how incredibly offensive! https://t.co/UKxTXhbKeh,"[{'type': 'quoted', 'id': '1488944274922086402'}]",2022-02-03T21:06:26.000Z,en,Twitter for iPhone,1397973304179363840,"[{'start': 30, 'end': 53, 'url': 'https://t.co/UKxTXhbKeh', 'expanded_url': 'https://twitter.com/realamberheard/status/1488944274922086402', 'display_url': 'twitter.com/realamberheard…'}]",0,6,30,0,1488944274922086402,Dumbbells are for sissies 💪🏻 https://t.co/aEUpRmTUCW,"[{'start': 29, 'end': 52, 'url': 'https://t.co/aEUpRmTUCW', 'expanded_url': 'https://twitter.com/realamberheard/status/1488944274922086402/photo/1', 'display_url': 'pic.twitter.com/aEUpRmTUCW'}]",2022-02-02T18:35:53.000Z,165,20,3527,61,en,Twitter for iPhone,807003567605227520,"Los Angeles, CA",2016-12-08T23:26:58.000Z,190313,220,1149,567,realamberheard,807003567605227520,https://t.co/Ze18Ek9SOI,"Actor and Activist, semi-professional disruptor, ice cream advocate and shameless teacup yorkie-lover",Amber Heard,https://pbs.twimg.com/profile_images/1383196364792680448/N8CdupEu_normal.jpg,,2021-05-27T17:51:00.000Z,397,376,11872,1,lilmissaurora1,1397973304179363840,,alt account/not a bot (she/her) Turd Stain Destroyer,littlemissaurora,https://pbs.twimg.com/profile_images/1504871492617744386/6MsneRXg_normal.jpg,,,,
1489344501650972676,"I thought you were fucking off for a week? You really do do nothing but lie, don't you? 🤷‍♀️

#AmberHeardIsALiar https://t.co/sXLnuD9RnH","[{'type': 'quoted', 'id': '1488944274922086402'}]",2022-02-03T21:06:14.000Z,en,Twitter Web App,1439095720477331463,"[{'start': 113, 'end': 136, 'url': 'https://t.co/sXLnuD9RnH', 'expanded_url': 'https://twitter.com/realamberheard/status/1488944274922086402', 'display_url': 'twitter.com/realamberheard…'}]",0,0,14,0,1488944274922086402,Dumbbells are for sissies 💪🏻 https://t.co/aEUpRmTUCW,"[{'start': 29, 'end': 52, 'url': 'https://t.co/aEUpRmTUCW', 'expanded_url': 'https://twitter.com/realamberheard/status/1488944274922086402/photo/1', 'display_url': 'pic.twitter.com/aEUpRmTUCW'}]",2022-02-02T18:35:53.000Z,165,20,3527,61,en,Twitter for iPhone,807003567605227520,"Los Angeles, CA",2016-12-08T23:26:58.000Z,190313,220,1149,567,realamberheard,807003567605227520,https://t.co/Ze18Ek9SOI,"Actor and Activist, semi-professional disruptor, ice cream advocate and shameless teacup yorkie-lover",Amber Heard,https://pbs.twimg.com/profile_images/1383196364792680448/N8CdupEu_normal.jpg,South West England,2021-09-18T05:15:43.000Z,218,238,2740,0,AngieFB,1439095720477331463,,"Johnny Depp is innocent, and I believe and support him unequivocally. 🙏 #AmberHeardIsALiar #JusticeForJohnnyDepp #WeAreWithYouJohnnyDepp",Angie Fay,https://pbs.twimg.com/profile_images/1506353620677181446/wIHNoyxQ_normal.jpg,,"[{'start': 94, 'end': 112, 'tag': 'AmberHeardIsALiar'}]",,
1489343198203895816,"I hate you beyond words. 

#AmberHeardIsAnAbuser #AmberHeardIsALiar https://t.co/sXLnuD9RnH","[{'type': 'quoted', 'id': '1488944274922086402'}]",2022-02-03T21:01:03.000Z,en,Twitter Web App,1439095720477331463,"[{'start': 68, 'end': 91, 'url': 'https://t.co/sXLnuD9RnH', 'expanded_url': 'https://twitter.com/realamberheard/status/1488944274922086402', 'display_url': 'twitter.com/realamberheard…'}]",0,2,14,0,1488944274922086402,Dumbbells are for sissies 💪🏻 https://t.co/aEUpRmTUCW,"[{'start': 29, 'end': 52, 'url': 'https://t.co/aEUpRmTUCW', 'expanded_url': 'https://twitter.com/realamberheard/status/1488944274922086402/photo/1', 'display_url': 'pic.twitter.com/aEUpRmTUCW'}]",2022-02-02T18:35:53.000Z,165,20,3527,61,en,Twitter for iPhone,807003567605227520,"Los Angeles, CA",2016-12-08T23:26:58.000Z,190313,220,1149,567,realamberheard,807003567605227520,https://t.co/Ze18Ek9SOI,"Actor and Activist, semi-professional disruptor, ice cream advocate and shameless teacup yorkie-lover",Amber Heard,https://pbs.twimg.com/profile_images/1383196364792680448/N8CdupEu_normal.jpg,South West England,2021-09-18T05:15:43.000Z,218,238,2740,0,AngieFB,1439095720477331463,,"Johnny Depp is innocent, and I believe and support him unequivocally. 🙏 #AmberHeardIsALiar #JusticeForJohnnyDepp #WeAreWithYouJohnnyDepp",Angie Fay,https://pbs.twimg.com/profile_images/1506353620677181446/wIHNoyxQ_normal.jpg,,"[{'start': 27, 'end': 48, 'tag': 'AmberHeardIsAnAbuser'}, {'start': 49, 'end': 67, 'tag': 'AmberHeardIsALiar'}]",,
1489311830514315265,"Children are not props 🤨

#AmberHeardIsAnAbuser 
#AmberHeardIsALiar 
#JusticeForJohnnyDepp 
#JohnnyDepp https://t.co/MsamzzIOlV","[{'type': 'quoted', 'id': '1488944274922086402'}]",2022-02-03T18:56:25.000Z,en,Twitter for iPhone,1438693455887282177,"[{'start': 104, 'end': 127, 'url': 'https://t.co/MsamzzIOlV', 'expanded_url': 'https://twitter.com/realamberheard/status/1488944274922086402', 'display_url': 'twitter.com/realamberheard…'}]",0,0,11,0,1488944274922086402,Dumbbells are for sissies 💪🏻 https://t.co/aEUpRmTUCW,"[{'start': 29, 'end': 52, 'url': 'https://t.co/aEUpRmTUCW', 'expanded_url': 'https://twitter.com/realamberheard/status/1488944274922086402/photo/1', 'display_url': 'pic.twitter.com/aEUpRmTUCW'}]",2022-02-02T18:35:53.000Z,165,20,3527,61,en,Twitter for iPhone,807003567605227520,"Los Angeles, CA",2016-12-08T23:26:58.000Z,190313,220,1149,567,realamberheard,807003567605227520,https://t.co/Ze18Ek9SOI,"Actor and Activist, semi-professional disruptor, ice cream advocate and shameless teacup yorkie-lover",Amber Heard,https://pbs.twimg.com/profile_images/1383196364792680448/N8CdupEu_normal.jpg,,2021-09-17T02:37:16.000Z,30,11,2962,0,skyedevonshire,1438693455887282177,,Spicy 🌶,Skye Devonshire,https://pbs.twimg.com/profile_images/1504961889255710724/l0e0pwx2_normal.jpg,,"[{'start': 26, 'end': 47, 'tag': 'AmberHeardIsAnAbuser'}, {'start': 49, 'end': 67, 'tag': 'AmberHeardIsALiar'}, {'start': 69, 'end': 90, 'tag': 'JusticeForJohnnyDepp'}, {'start': 92, 'end': 103, 'tag': 'JohnnyDepp'}]",,
1489296933843873796,"Would you look at that cant commit to anything 1st a pledge and not even a Twitter hiatus 😂 what about pots and pans ? my opinion they are for h0es thats your … Expertise. Lastly, whats the motion of your hands right there 🛏 💩 er? https://t.co/3L0sgoKAzN","[{'type': 'quoted', 'id': '1488944274922086402'}]",2022-02-03T17:57:13.000Z,en,Twitter for iPhone,434133966,"[{'start': 231, 'end': 254, 'url': 'https://t.co/3L0sgoKAzN', 'expanded_url': 'https://twitter.com/realamberheard/status/1488944274922086402', 'display_url': 'twitter.com/realamberheard…'}]",0,0,6,0,1488944274922086402,Dumbbells are for sissies 💪🏻 https://t.co/aEUpRmTUCW,"[{'start': 29, 'end': 52, 'url': 'https://t.co/aEUpRmTUCW', 'expanded_url': 'https://twitter.com/realamberheard/status/1488944274922086402/photo/1', 'display_url': 'pic.twitter.com/aEUpRmTUCW'}]",2022-02-02T18:35:53.000Z,165,20,3527,61,en,Twitter for iPhone,807003567605227520,"Los Angeles, CA",2016-12-08T23:26:58.000Z,190313,220,1149,567,realamberheard,807003567605227520,https://t.co/Ze18Ek9SOI,"Actor and Activist, semi-professional disruptor, ice cream advocate and shameless teacup yorkie-lover",Amber Heard,https://pbs.twimg.com/profile_images/1383196364792680448/N8CdupEu_normal.jpg,Planet Mars,2011-12-11T13:21:03.000Z,76,999,2409,1,BayanMira,434133966,,🤯,𝔹𝕒𝕪♡🏴‍☠️❥🔥🍩,https://pbs.twimg.com/profile_images/1095880975819644928/urzffMN2_normal.jpg,"[{'start': 75, 'end': 81, 'probability': 0.7481, 'type': 'Product', 'normalized_text': 'Twitter'}]",,,
1489224122085355521,"哈哈哈,你说得对，哑铃是给胆小鬼准备的 ！！！Baby 🥰 https://t.co/mixzLsT699 https://t.co/Ba44tpZSnP","[{'type': 'quoted', 'id': '1488944274922086402'}]",2022-02-03T13:07:53.000Z,zh,Twitter Web App,769557630658326528,"[{'start': 30, 'end': 53, 'url': 'https://t.co/mixzLsT699', 'expanded_url': 'https://twitter.com/HeardChineseFan/status/1489224122085355521/photo/1', 'display_url': 'pic.twitter.com/mixzLsT699'}, {'start': 54, 'end': 77, 'url': 'https://t.co/Ba44tpZSnP', 'expanded_url': 'https://twitter.com/realamberheard/status/1488944274922086402', 'display_url': 'twitter.com/realamberheard…'}]",0,0,1,0,1488944274922086402,Dumbbells are for sissies 💪🏻 https://t.co/aEUpRmTUCW,"[{'start': 29, 'end': 52, 'url': 'https://t.co/aEUpRmTUCW', 'expanded_url': 'https://twitter.com/realamberheard/status/1488944274922086402/photo/1', 'display_url': 'pic.twitter.com/aEUpRmTUCW'}]",2022-02-02T18:35:53.000Z,165,20,3527,61,en,Twitter for iPhone,807003567605227520,"Los Angeles, CA",2016-12-08T23:26:58.000Z,190313,220,1149,567,realamberheard,807003567605227520,https://t.co/Ze18Ek9SOI,"Actor and Activist, semi-professional disruptor, ice cream advocate and shameless teacup yorkie-lover",Amber Heard,https://pbs.twimg.com/profile_images/1383196364792680448/N8CdupEu_normal.jpg,Beijing China,2016-08-27T15:30:11.000Z,23,46,287,0,HeardChineseFan,769557630658326528,,"A Big Chinese fan of Amber Heard💗
#Istandwithamberheard
#TeamAmberHeard
come back twitter just for supporting @realamberheard
#justifyforAmberHeard",Amber Heard's Chinese Fan,https://pbs.twimg.com/profile_images/963605532014649344/ffpqxi9Z_normal.jpg,,,,
1489217721216774149,So beautiful https://t.co/1Gy2q0d4wH,"[{'type': 'quoted', 'id': '1488944274922086402'}]",2022-02-03T12:42:27.000Z,en,Twitter for Android,1421377793040990208,"[{'start': 13, 'end': 36, 'url': 'https://t.co/1Gy2q0d4wH', 'expanded_url': 'https://twitter.com/realamberheard/status/1488944274922086402', 'display_url': 'twitter.com/realamberheard…'}]",0,0,0,0,1488944274922086402,Dumbbells are for sissies 💪🏻 https://t.co/aEUpRmTUCW,"[{'start': 29, 'end': 52, 'url': 'https://t.co/aEUpRmTUCW', 'expanded_url': 'https://twitter.com/realamberheard/status/1488944274922086402/photo/1', 'display_url': 'pic.twitter.com/aEUpRmTUCW'}]",2022-02-02T18:35:53.000Z,165,20,3527,61,en,Twitter for iPhone,807003567605227520,"Los Angeles, CA",2016-12-08T23:26:58.000Z,190313,220,1149,567,realamberheard,807003567605227520,https://t.co/Ze18Ek9SOI,"Actor and Activist, semi-professional disruptor, ice cream advocate and shameless teacup yorkie-lover",Amber Heard,https://pbs.twimg.com/profile_images/1383196364792680448/N8CdupEu_normal.jpg,,2021-07-31T07:51:19.000Z,4,50,103,0,AbouElfadhel,1421377793040990208,,تدريبات عسكرية,Abou Elfadhel,https://pbs.twimg.com/profile_images/1421378131798237184/VerErkXk_normal.jpg,,,,
1489212530086010883,RT @THE_TRUTHSEEK3R: Your daughter ain't happy,"[{'type': 'retweeted', 'id': '1489212139264954374'}]",2022-02-03T12:21:50.000Z,en,Twitter for Android,1466538121068171266,,1,0,0,0,1488944274922086402,Dumbbells are for sissies 💪🏻 https://t.co/aEUpRmTUCW,"[{'start': 29, 'end': 52, 'url': 'https://t.co/aEUpRmTUCW', 'expanded_url': 'https://twitter.com/realamberheard/status/1488944274922086402/photo/1', 'display_url': 'pic.twitter.com/aEUpRmTUCW'}]",2022-02-02T18:35:53.000Z,165,20,3527,61,en,Twitter for iPhone,807003567605227520,"Los Angeles, CA",2016-12-08T23:26:58.000Z,190313,220,1149,567,realamberheard,807003567605227520,https://t.co/Ze18Ek9SOI,"Actor and Activist, semi-professional disruptor, ice cream advocate and shameless teacup yorkie-lover",Amber Heard,https://pbs.twimg.com/profile_images/1383196364792680448/N8CdupEu_normal.jpg,,2021-12-02T22:42:14.000Z,14,37,75,0,THE_TRUTHSEEK3R,1466538121068171266,,#JusticeForJohnnyDepp #AmberHeardPerjury,TRUTHSEEKER,https://pbs.twimg.com/profile_images/1466540061256822788/pA61RBzH_normal.jpg,,,"[{'start': 3, 'end': 19, 'username': 'THE_TRUTHSEEK3R', 'id': '1466538121068171266'}]",
1489212139264954374,Your daughter ain't happy https://t.co/6shHtsHrj6,"[{'type': 'quoted', 'id': '1488944274922086402'}]",2022-02-03T12:20:16.000Z,en,Twitter for Android,1466538121068171266,"[{'start': 26, 'end': 49, 'url': 'https://t.co/6shHtsHrj6', 'expanded_url': 'https://twitter.com/realamberheard/status/1488944274922086402', 'display_url': 'twitter.com/realamberheard…'}]",1,1,3,0,1488944274922086402,Dumbbells are for sissies 💪🏻 https://t.co/aEUpRmTUCW,"[{'start': 29, 'end': 52, 'url': 'https://t.co/aEUpRmTUCW', 'expanded_url': 'https://twitter.com/realamberheard/status/1488944274922086402/photo/1', 'display_url': 'pic.twitter.com/aEUpRmTUCW'}]",2022-02-02T18:35:53.000Z,165,20,3527,61,en,Twitter for iPhone,807003567605227520,"Los Angeles, CA",2016-12-08T23:26:58.000Z,190313,220,1149,567,realamberheard,807003567605227520,https://t.co/Ze18Ek9SOI,"Actor and Activist, semi-professional disruptor, ice cream advocate and shameless teacup yorkie-lover",Amber Heard,https://pbs.twimg.com/profile_images/1383196364792680448/N8CdupEu_normal.jpg,,2021-12-02T22:42:14.000Z,14,37,75,0,THE_TRUTHSEEK3R,1466538121068171266,,#JusticeForJohnnyDepp #AmberHeardPerjury,TRUTHSEEKER,https://pbs.twimg.com/profile_images/1466540061256822788/pA61RBzH_normal.jpg,,,,
1489047149555994633,"o coach que eu queria (o hunter tá enorme pls, eu só fui dormir https://t.co/4lPwGpeqRY","[{'type': 'quoted', 'id': '1488944274922086402'}]",2022-02-03T01:24:40.000Z,pt,Twitter for iPhone,1477435276100317186,"[{'start': 64, 'end': 87, 'url': 'https://t.co/4lPwGpeqRY', 'expanded_url': 'https://twitter.com/realamberheard/status/1488944274922086402', 'display_url': 'twitter.com/realamberheard…'}]",0,0,1,0,1488944274922086402,Dumbbells are for sissies 💪🏻 https://t.co/aEUpRmTUCW,"[{'start': 29, 'end': 52, 'url': 'https://t.co/aEUpRmTUCW', 'expanded_url': 'https://twitter.com/realamberheard/status/1488944274922086402/photo/1', 'display_url': 'pic.twitter.com/aEUpRmTUCW'}]",2022-02-02T18:35:53.000Z,165,20,3527,61,en,Twitter for iPhone,807003567605227520,"Los Angeles, CA",2016-12-08T23:26:58.000Z,190313,220,1149,567,realamberheard,807003567605227520,https://t.co/Ze18Ek9SOI,"Actor and Activist, semi-professional disruptor, ice cream advocate and shameless teacup yorkie-lover",Amber Heard,https://pbs.twimg.com/profile_images/1383196364792680448/N8CdupEu_normal.jpg,,2022-01-02T00:23:21.000Z,307,367,4487,1,favdarmas,1477435276100317186,https://t.co/rwWXGHsHOI,sommelier de mulheres gostosas (ela/dela),bella ⚢,https://pbs.twimg.com/profile_images/1503071523371950080/eV1G6KMy_normal.jpg,"[{'start': 25, 'end': 30, 'probability': 0.6643, 'type': 'Person', 'normalized_text': 'hunter'}]",,,
1489046841111068673,dois bebês verdade https://t.co/4lPwGpeqRY,"[{'type': 'quoted', 'id': '1488944274922086402'}]",2022-02-03T01:23:26.000Z,pt,Twitter for iPhone,1477435276100317186,"[{'start': 19, 'end': 42, 'url': 'https://t.co/4lPwGpeqRY', 'expanded_url': 'https://twitter.com/realamberheard/status/1488944274922086402', 'display_url': 'twitter.com/realamberheard…'}]",0,0,1,0,1488944274922086402,Dumbbells are for sissies 💪🏻 https://t.co/aEUpRmTUCW,"[{'start': 29, 'end': 52, 'url': 'https://t.co/aEUpRmTUCW', 'expanded_url': 'https://twitter.com/realamberheard/status/1488944274922086402/photo/1', 'display_url': 'pic.twitter.com/aEUpRmTUCW'}]",2022-02-02T18:35:53.000Z,165,20,3527,61,en,Twitter for iPhone,807003567605227520,"Los Angeles, CA",2016-12-08T23:26:58.000Z,190313,220,1149,567,realamberheard,807003567605227520,https://t.co/Ze18Ek9SOI,"Actor and Activist, semi-professional disruptor, ice cream advocate and shameless teacup yorkie-lover",Amber Heard,https://pbs.twimg.com/profile_images/1383196364792680448/N8CdupEu_normal.jpg,,2022-01-02T00:23:21.000Z,307,367,4487,1,favdarmas,1477435276100317186,https://t.co/rwWXGHsHOI,sommelier de mulheres gostosas (ela/dela),bella ⚢,https://pbs.twimg.com/profile_images/1503071523371950080/eV1G6KMy_normal.jpg,,,,
1489046808651255810,auntie amber and baby hunt 😭❤️ https://t.co/4lPwGpeqRY,"[{'type': 'quoted', 'id': '1488944274922086402'}]",2022-02-03T01:23:18.000Z,en,Twitter for iPhone,1477435276100317186,"[{'start': 31, 'end': 54, 'url': 'https://t.co/4lPwGpeqRY', 'expanded_url': 'https://twitter.com/realamberheard/status/1488944274922086402', 'display_url': 'twitter.com/realamberheard…'}]",0,0,1,0,1488944274922086402,Dumbbells are for sissies 💪🏻 https://t.co/aEUpRmTUCW,"[{'start': 29, 'end': 52, 'url': 'https://t.co/aEUpRmTUCW', 'expanded_url': 'https://twitter.com/realamberheard/status/1488944274922086402/photo/1', 'display_url': 'pic.twitter.com/aEUpRmTUCW'}]",2022-02-02T18:35:53.000Z,165,20,3527,61,en,Twitter for iPhone,807003567605227520,"Los Angeles, CA",2016-12-08T23:26:58.000Z,190313,220,1149,567,realamberheard,807003567605227520,https://t.co/Ze18Ek9SOI,"Actor and Activist, semi-professional disruptor, ice cream advocate and shameless teacup yorkie-lover",Amber Heard,https://pbs.twimg.com/profile_images/1383196364792680448/N8CdupEu_normal.jpg,,2022-01-02T00:23:21.000Z,307,367,4487,1,favdarmas,1477435276100317186,https://t.co/rwWXGHsHOI,sommelier de mulheres gostosas (ela/dela),bella ⚢,https://pbs.twimg.com/profile_images/1503071523371950080/eV1G6KMy_normal.jpg,"[{'start': 0, 'end': 11, 'probability': 0.397, 'type': 'Person', 'normalized_text': 'auntie amber'}]",,,
1489046086920531971,Hunter is so lucky to have you as an aunt! you're the best! https://t.co/nVLBqUVu2h,"[{'type': 'quoted', 'id': '1488944274922086402'}]",2022-02-03T01:20:26.000Z,en,Twitter Web App,1378891901508722689,"[{'start': 60, 'end': 83, 'url': 'https://t.co/nVLBqUVu2h', 'expanded_url': 'https://twitter.com/realamberheard/status/1488944274922086402', 'display_url': 'twitter.com/realamberheard…'}]",0,0,1,0,1488944274922086402,Dumbbells are for sissies 💪🏻 https://t.co/aEUpRmTUCW,"[{'start': 29, 'end': 52, 'url': 'https://t.co/aEUpRmTUCW', 'expanded_url': 'https://twitter.com/realamberheard/status/1488944274922086402/photo/1', 'display_url': 'pic.twitter.com/aEUpRmTUCW'}]",2022-02-02T18:35:53.000Z,165,20,3527,61,en,Twitter for iPhone,807003567605227520,"Los Angeles, CA",2016-12-08T23:26:58.000Z,190313,220,1149,567,realamberheard,807003567605227520,https://t.co/Ze18Ek9SOI,"Actor and Activist, semi-professional disruptor, ice cream advocate and shameless teacup yorkie-lover",Amber Heard,https://pbs.twimg.com/profile_images/1383196364792680448/N8CdupEu_normal.jpg,,2021-04-05T02:07:10.000Z,407,430,3447,0,heardpride,1378891901508722689,,"#MERA:  Sometimes we have to do what's right, even if our heart aches against it",amy,https://pbs.twimg.com/profile_images/1502768358856437760/c-aoKVfF_normal.jpg,"[{'start': 0, 'end': 5, 'probability': 0.9504, 'type': 'Person', 'normalized_text': 'Hunter'}]",,,
1489010632309436416,For the people who want #JusticeForJohnnyDepp block this person. They keep spitting absolute bullshit and will try to make you believe the ACTUAL abuser which is none other than @realamberheard https://t.co/X0f1Zr4LOr https://t.co/ujl7f7QYKz,"[{'type': 'quoted', 'id': '1488944274922086402'}]",2022-02-02T22:59:33.000Z,en,Twitter for iPhone,1078053002450067456,"[{'start': 194, 'end': 217, 'url': 'https://t.co/X0f1Zr4LOr', 'expanded_url': 'https://twitter.com/BakerTheMaker03/status/1489010632309436416/photo/1', 'display_url': 'pic.twitter.com/X0f1Zr4LOr'}, {'start': 218, 'end': 241, 'url': 'https://t.co/ujl7f7QYKz', 'expanded_url': 'https://twitter.com/realamberheard/status/1488944274922086402', 'display_url': 'twitter.com/realamberheard…'}]",0,1,16,0,1488944274922086402,Dumbbells are for sissies 💪🏻 https://t.co/aEUpRmTUCW,"[{'start': 29, 'end': 52, 'url': 'https://t.co/aEUpRmTUCW', 'expanded_url': 'https://twitter.com/realamberheard/status/1488944274922086402/photo/1', 'display_url': 'pic.twitter.com/aEUpRmTUCW'}]",2022-02-02T18:35:53.000Z,165,20,3527,61,en,Twitter for iPhone,807003567605227520,"Los Angeles, CA",2016-12-08T23:26:58.000Z,190313,220,1149,567,realamberheard,807003567605227520,https://t.co/Ze18Ek9SOI,"Actor and Activist, semi-professional disruptor, ice cream advocate and shameless teacup yorkie-lover",Amber Heard,https://pbs.twimg.com/profile_images/1383196364792680448/N8CdupEu_normal.jpg,18 he/him,2018-12-26T22:20:39.000Z,1251,3377,15880,9,BakerTheMaker03,1078053002450067456,,"Multi stan account, Lil Nas X, Taylor Swift, Marvel, etc.. Self promoters dni @JohnCena followed 2/24/22. @natsmultiverse ❤️❤️❤️ Private account @BakerTheAlt03",Ian | Sam 💍,https://pbs.twimg.com/profile_images/1504558098609946629/_rrfegIK_normal.jpg,,"[{'start': 24, 'end': 45, 'tag': 'JusticeForJohnnyDepp'}]","[{'start': 178, 'end': 193, 'username': 'realamberheard', 'id': '807003567605227520'}]",
1489003406584918017,❤️❤️❤️❤️❤️ THIS! https://t.co/TYrcS84jYI,"[{'type': 'quoted', 'id': '1488944274922086402'}]",2022-02-02T22:30:51.000Z,en,Twitter Web App,1351623610125987844,"[{'start': 17, 'end': 40, 'url': 'https://t.co/TYrcS84jYI', 'expanded_url': 'https://twitter.com/realamberheard/status/1488944274922086402', 'display_url': 'twitter.com/realamberheard…'}]",0,1,5,0,1488944274922086402,Dumbbells are for sissies 💪🏻 https://t.co/aEUpRmTUCW,"[{'start': 29, 'end': 52, 'url': 'https://t.co/aEUpRmTUCW', 'expanded_url': 'https://twitter.com/realamberheard/status/1488944274922086402/photo/1', 'display_url': 'pic.twitter.com/aEUpRmTUCW'}]",2022-02-02T18:35:53.000Z,165,20,3527,61,en,Twitter for iPhone,807003567605227520,"Los Angeles, CA",2016-12-08T23:26:58.000Z,190313,220,1149,567,realamberheard,807003567605227520,https://t.co/Ze18Ek9SOI,"Actor and Activist, semi-professional disruptor, ice cream advocate and shameless teacup yorkie-lover",Amber Heard,https://pbs.twimg.com/profile_images/1383196364792680448/N8CdupEu_normal.jpg,Earth 🌎 ,2021-01-19T20:12:46.000Z,221,1321,13369,0,LuckyLo59037265,1351623610125987844,,"Undefeated champion of the world. 🥇🏆♟
and I like cats.

Full time comedian, feminist, and humanist. I #TPWK until they piss me off. She/her BLM ACAB",Lucky 🍀☪️⭐️💖,https://pbs.twimg.com/profile_images/1351625065092280321/A1jWu5Lq_normal.jpg,,,,
1489002702466162693,o hunter está gigante e como cabelo de milhões https://t.co/PmdbryMtLC,"[{'type': 'quoted', 'id': '1488944274922086402'}]",2022-02-02T22:28:03.000Z,pt,Twitter for Android,2724444422,"[{'start': 47, 'end': 70, 'url': 'https://t.co/PmdbryMtLC', 'expanded_url': 'https://twitter.com/realamberheard/status/1488944274922086402', 'display_url': 'twitter.com/realamberheard…'}]",0,0,0,0,1488944274922086402,Dumbbells are for sissies 💪🏻 https://t.co/aEUpRmTUCW,"[{'start': 29, 'end': 52, 'url': 'https://t.co/aEUpRmTUCW', 'expanded_url': 'https://twitter.com/realamberheard/status/1488944274922086402/photo/1', 'display_url': 'pic.twitter.com/aEUpRmTUCW'}]",2022-02-02T18:35:53.000Z,165,20,3527,61,en,Twitter for iPhone,807003567605227520,"Los Angeles, CA",2016-12-08T23:26:58.000Z,190313,220,1149,567,realamberheard,807003567605227520,https://t.co/Ze18Ek9SOI,"Actor and Activist, semi-professional disruptor, ice cream advocate and shameless teacup yorkie-lover",Amber Heard,https://pbs.twimg.com/profile_images/1383196364792680448/N8CdupEu_normal.jpg,,2014-08-11T18:27:47.000Z,1229,582,61209,11,fkatwyez,2724444422,,all r&b and hip hop culture,sasa,https://pbs.twimg.com/profile_images/1505214911051440135/SZpWBAtg_normal.jpg,"[{'start': 2, 'end': 7, 'probability': 0.7539, 'type': 'Person', 'normalized_text': 'hunter'}]",,,
1488995141176025089,Two cool girls who were born in April. 👩‍👧❤ https://t.co/f4KubzewV5,"[{'type': 'quoted', 'id': '1488944274922086402'}]",2022-02-02T21:58:00.000Z,en,Twitter for Android,857971009080532993,"[{'start': 44, 'end': 67, 'url': 'https://t.co/f4KubzewV5', 'expanded_url': 'https://twitter.com/realamberheard/status/1488944274922086402', 'display_url': 'twitter.com/realamberheard…'}]",0,0,4,0,1488944274922086402,Dumbbells are for sissies 💪🏻 https://t.co/aEUpRmTUCW,"[{'start': 29, 'end': 52, 'url': 'https://t.co/aEUpRmTUCW', 'expanded_url': 'https://twitter.com/realamberheard/status/1488944274922086402/photo/1', 'display_url': 'pic.twitter.com/aEUpRmTUCW'}]",2022-02-02T18:35:53.000Z,165,20,3527,61,en,Twitter for iPhone,807003567605227520,"Los Angeles, CA",2016-12-08T23:26:58.000Z,190313,220,1149,567,realamberheard,807003567605227520,https://t.co/Ze18Ek9SOI,"Actor and Activist, semi-professional disruptor, ice cream advocate and shameless teacup yorkie-lover",Amber Heard,https://pbs.twimg.com/profile_images/1383196364792680448/N8CdupEu_normal.jpg,,2017-04-28T14:53:23.000Z,34,115,698,0,kikzsk,857971009080532993,,DC팬. I love #dceu and many actors. she/her.  welcome🤗❤,oreocheesecake,https://pbs.twimg.com/profile_images/1462800448382205952/-fv0JZgb_normal.jpg,,,,
1488973716750958596,Hope the child doesnt visit you in jail https://t.co/EDFfa0fAMd,"[{'type': 'quoted', 'id': '1488944274922086402'}]",2022-02-02T20:32:52.000Z,en,Twitter for iPhone,159743895,"[{'start': 40, 'end': 63, 'url': 'https://t.co/EDFfa0fAMd', 'expanded_url': 'https://twitter.com/realamberheard/status/1488944274922086402', 'display_url': 'twitter.com/realamberheard…'}]",0,1,6,0,1488944274922086402,Dumbbells are for sissies 💪🏻 https://t.co/aEUpRmTUCW,"[{'start': 29, 'end': 52, 'url': 'https://t.co/aEUpRmTUCW', 'expanded_url': 'https://twitter.com/realamberheard/status/1488944274922086402/photo/1', 'display_url': 'pic.twitter.com/aEUpRmTUCW'}]",2022-02-02T18:35:53.000Z,165,20,3527,61,en,Twitter for iPhone,807003567605227520,"Los Angeles, CA",2016-12-08T23:26:58.000Z,190313,220,1149,567,realamberheard,807003567605227520,https://t.co/Ze18Ek9SOI,"Actor and Activist, semi-professional disruptor, ice cream advocate and shameless teacup yorkie-lover",Amber Heard,https://pbs.twimg.com/profile_images/1383196364792680448/N8CdupEu_normal.jpg,Infinity and beyond (:,2010-06-26T06:24:24.000Z,214,687,13651,0,tonchibronca,159743895,,Surreality✨,Antonio⚡Bronca,https://pbs.twimg.com/profile_images/1330255474793586695/06sqdjSZ_normal.jpg,,,,
1488971692990943237,When will you stop using a child as a prop to try to fool people that kids like you and you like and care about kids https://t.co/FamEAqTUkN,"[{'type': 'quoted', 'id': '1488944274922086402'}]",2022-02-02T20:24:50.000Z,en,Twitter for Android,1083769477903331328,"[{'start': 117, 'end': 140, 'url': 'https://t.co/FamEAqTUkN', 'expanded_url': 'https://twitter.com/realamberheard/status/1488944274922086402', 'display_url': 'twitter.com/realamberheard…'}]",0,1,12,0,1488944274922086402,Dumbbells are for sissies 💪🏻 https://t.co/aEUpRmTUCW,"[{'start': 29, 'end': 52, 'url': 'https://t.co/aEUpRmTUCW', 'expanded_url': 'https://twitter.com/realamberheard/status/1488944274922086402/photo/1', 'display_url': 'pic.twitter.com/aEUpRmTUCW'}]",2022-02-02T18:35:53.000Z,165,20,3527,61,en,Twitter for iPhone,807003567605227520,"Los Angeles, CA",2016-12-08T23:26:58.000Z,190313,220,1149,567,realamberheard,807003567605227520,https://t.co/Ze18Ek9SOI,"Actor and Activist, semi-professional disruptor, ice cream advocate and shameless teacup yorkie-lover",Amber Heard,https://pbs.twimg.com/profile_images/1383196364792680448/N8CdupEu_normal.jpg,"North West, England",2019-01-11T16:55:53.000Z,234,589,12255,1,JakeyArnett666,1083769477903331328,,"Trans Man -
Queer - He/Him/His 🏳️‍🌈 🏳️‍⚧️ -
A.D.D -
ACAB -
Will Arnett is BAE
#justiceforjohnnydepp
https://t.co/RJhIIgVY3a",Jakester 🏳️‍🌈🏳️‍⚧️🇺🇦,https://pbs.twimg.com/profile_images/1493742504797036544/lq3iWW_x_normal.jpg,,,,
1488969695113924608,Breaking news Scamber Turd is using a child as a prop again. What else is new? https://t.co/ASaF6FwGQK,"[{'type': 'quoted', 'id': '1488944274922086402'}]",2022-02-02T20:16:53.000Z,en,Twitter Web App,1450403636358569984,"[{'start': 79, 'end': 102, 'url': 'https://t.co/ASaF6FwGQK', 'expanded_url': 'https://twitter.com/realamberheard/status/1488944274922086402', 'display_url': 'twitter.com/realamberheard…'}]",0,1,14,0,1488944274922086402,Dumbbells are for sissies 💪🏻 https://t.co/aEUpRmTUCW,"[{'start': 29, 'end': 52, 'url': 'https://t.co/aEUpRmTUCW', 'expanded_url': 'https://twitter.com/realamberheard/status/1488944274922086402/photo/1', 'display_url': 'pic.twitter.com/aEUpRmTUCW'}]",2022-02-02T18:35:53.000Z,165,20,3527,61,en,Twitter for iPhone,807003567605227520,"Los Angeles, CA",2016-12-08T23:26:58.000Z,190313,220,1149,567,realamberheard,807003567605227520,https://t.co/Ze18Ek9SOI,"Actor and Activist, semi-professional disruptor, ice cream advocate and shameless teacup yorkie-lover",Amber Heard,https://pbs.twimg.com/profile_images/1383196364792680448/N8CdupEu_normal.jpg,,2021-10-19T10:09:51.000Z,0,0,46,1,emsterson,1450403636358569984,,Hello,Emsterson,https://pbs.twimg.com/profile_images/1450413314157301764/Or0kJIVE_normal.jpg,,,,
1488966002314514436,Cuties https://t.co/Uzrb5JQCKP,"[{'type': 'quoted', 'id': '1488944274922086402'}]",2022-02-02T20:02:13.000Z,en,Twitter for iPhone,1473836432401870854,"[{'start': 7, 'end': 30, 'url': 'https://t.co/Uzrb5JQCKP', 'expanded_url': 'https://twitter.com/realamberheard/status/1488944274922086402', 'display_url': 'twitter.com/realamberheard…'}]",0,1,2,0,1488944274922086402,Dumbbells are for sissies 💪🏻 https://t.co/aEUpRmTUCW,"[{'start': 29, 'end': 52, 'url': 'https://t.co/aEUpRmTUCW', 'expanded_url': 'https://twitter.com/realamberheard/status/1488944274922086402/photo/1', 'display_url': 'pic.twitter.com/aEUpRmTUCW'}]",2022-02-02T18:35:53.000Z,165,20,3527,61,en,Twitter for iPhone,807003567605227520,"Los Angeles, CA",2016-12-08T23:26:58.000Z,190313,220,1149,567,realamberheard,807003567605227520,https://t.co/Ze18Ek9SOI,"Actor and Activist, semi-professional disruptor, ice cream advocate and shameless teacup yorkie-lover",Amber Heard,https://pbs.twimg.com/profile_images/1383196364792680448/N8CdupEu_normal.jpg,,2021-12-23T02:02:50.000Z,35,506,298,1,rataalada13,1473836432401870854,,wicked swiftie. 🪩✨,c-dog 🧣,https://pbs.twimg.com/profile_images/1502457936362229763/MG6J5NF8_normal.jpg,,,,
1488962851318296578,Bisexual nanny here. I relate. https://t.co/JpCbwFIGKT,"[{'type': 'quoted', 'id': '1488944274922086402'}]",2022-02-02T19:49:42.000Z,en,Twitter for iPhone,1363618039,"[{'start': 31, 'end': 54, 'url': 'https://t.co/JpCbwFIGKT', 'expanded_url': 'https://twitter.com/realamberheard/status/1488944274922086402', 'display_url': 'twitter.com/realamberheard…'}]",0,0,2,0,1488944274922086402,Dumbbells are for sissies 💪🏻 https://t.co/aEUpRmTUCW,"[{'start': 29, 'end': 52, 'url': 'https://t.co/aEUpRmTUCW', 'expanded_url': 'https://twitter.com/realamberheard/status/1488944274922086402/photo/1', 'display_url': 'pic.twitter.com/aEUpRmTUCW'}]",2022-02-02T18:35:53.000Z,165,20,3527,61,en,Twitter for iPhone,807003567605227520,"Los Angeles, CA",2016-12-08T23:26:58.000Z,190313,220,1149,567,realamberheard,807003567605227520,https://t.co/Ze18Ek9SOI,"Actor and Activist, semi-professional disruptor, ice cream advocate and shameless teacup yorkie-lover",Amber Heard,https://pbs.twimg.com/profile_images/1383196364792680448/N8CdupEu_normal.jpg,,2013-04-19T05:00:06.000Z,1389,15,228821,96,authenticpaint,1363618039,,atheist. bisexual. cowboy. epicene. polyamorous.,authentic paint,https://pbs.twimg.com/profile_images/535226399570034688/mkfhxHSD_normal.jpeg,,,,
1488960483747151875,so cute 🥺🥰 https://t.co/JaoXgKYGxb,"[{'type': 'quoted', 'id': '1488944274922086402'}]",2022-02-02T19:40:17.000Z,en,Twitter for iPhone,1029848294737031171,"[{'start': 11, 'end': 34, 'url': 'https://t.co/JaoXgKYGxb', 'expanded_url': 'https://twitter.com/realamberheard/status/1488944274922086402', 'display_url': 'twitter.com/realamberheard…'}]",0,1,1,0,1488944274922086402,Dumbbells are for sissies 💪🏻 https://t.co/aEUpRmTUCW,"[{'start': 29, 'end': 52, 'url': 'https://t.co/aEUpRmTUCW', 'expanded_url': 'https://twitter.com/realamberheard/status/1488944274922086402/photo/1', 'display_url': 'pic.twitter.com/aEUpRmTUCW'}]",2022-02-02T18:35:53.000Z,165,20,3527,61,en,Twitter for iPhone,807003567605227520,"Los Angeles, CA",2016-12-08T23:26:58.000Z,190313,220,1149,567,realamberheard,807003567605227520,https://t.co/Ze18Ek9SOI,"Actor and Activist, semi-professional disruptor, ice cream advocate and shameless teacup yorkie-lover",Amber Heard,https://pbs.twimg.com/profile_images/1383196364792680448/N8CdupEu_normal.jpg,snk manga spoilers ,2018-08-15T21:52:21.000Z,9822,1214,21537,0,amberIeonhart,1029848294737031171,,,luís,https://pbs.twimg.com/profile_images/1503901966363209734/4Iax2ZJa_normal.jpg,,,,
1488959945982816257,"Back at it again @realamberheard? Children are not possessions to be used for PR-they are defenseless humans to be cherished and protected. Todays AHBots are programmed to respond ""Too cute!"" You never see 1000 of the same tweets on a JD Post! Pringles Cans?
#JusticeForJohnnyDepp https://t.co/2q787qIGhv","[{'type': 'quoted', 'id': '1488944274922086402'}]",2022-02-02T19:38:09.000Z,en,Twitter Web App,1391174779986657281,"[{'start': 281, 'end': 304, 'url': 'https://t.co/2q787qIGhv', 'expanded_url': 'https://twitter.com/realamberheard/status/1488944274922086402', 'display_url': 'twitter.com/realamberheard…'}]",1,0,13,0,1488944274922086402,Dumbbells are for sissies 💪🏻 https://t.co/aEUpRmTUCW,"[{'start': 29, 'end': 52, 'url': 'https://t.co/aEUpRmTUCW', 'expanded_url': 'https://twitter.com/realamberheard/status/1488944274922086402/photo/1', 'display_url': 'pic.twitter.com/aEUpRmTUCW'}]",2022-02-02T18:35:53.000Z,165,20,3527,61,en,Twitter for iPhone,807003567605227520,"Los Angeles, CA",2016-12-08T23:26:58.000Z,190313,220,1149,567,realamberheard,807003567605227520,https://t.co/Ze18Ek9SOI,"Actor and Activist, semi-professional disruptor, ice cream advocate and shameless teacup yorkie-lover",Amber Heard,https://pbs.twimg.com/profile_images/1383196364792680448/N8CdupEu_normal.jpg,Canada,2021-05-08T23:35:50.000Z,209,1,3487,8,nibs56139211,1391174779986657281,,"A vision impaired, photo-realistic Artist, Trained Illustrator - Graphic Designer, Activist, Abuse Survivor, and, Counsellor.",nibs,https://abs.twimg.com/sticky/default_profile_images/default_profile_normal.png,,"[{'start': 259, 'end': 280, 'tag': 'JusticeForJohnnyDepp'}]","[{'start': 17, 'end': 32, 'username': 'realamberheard', 'id': '807003567605227520'}]",
1488959201623691265,#AmberHeardIsALiar #amberheardisanabuser #JusticeForJohnnyDepp https://t.co/pk5ohEF4zU,"[{'type': 'quoted', 'id': '1488944274922086402'}]",2022-02-02T19:35:11.000Z,und,Twitter for iPhone,1479325311456055296,"[{'start': 63, 'end': 86, 'url': 'https://t.co/pk5ohEF4zU', 'expanded_url': 'https://twitter.com/realamberheard/status/1488944274922086402', 'display_url': 'twitter.com/realamberheard…'}]",0,1,7,0,1488944274922086402,Dumbbells are for sissies 💪🏻 https://t.co/aEUpRmTUCW,"[{'start': 29, 'end': 52, 'url': 'https://t.co/aEUpRmTUCW', 'expanded_url': 'https://twitter.com/realamberheard/status/1488944274922086402/photo/1', 'display_url': 'pic.twitter.com/aEUpRmTUCW'}]",2022-02-02T18:35:53.000Z,165,20,3527,61,en,Twitter for iPhone,807003567605227520,"Los Angeles, CA",2016-12-08T23:26:58.000Z,190313,220,1149,567,realamberheard,807003567605227520,https://t.co/Ze18Ek9SOI,"Actor and Activist, semi-professional disruptor, ice cream advocate and shameless teacup yorkie-lover",Amber Heard,https://pbs.twimg.com/profile_images/1383196364792680448/N8CdupEu_normal.jpg,,2022-01-07T05:34:06.000Z,13,3,15,0,RealFAAH,1479325311456055296,,A page dedicated to expose Amber Heard #JusticeforJohnnyDepp Founded by VD (She/Her) & IB (He/Him) #BoycottAquaman2,FAAH,https://pbs.twimg.com/profile_images/1479346966609809408/eg0jljGU_normal.jpg,,"[{'start': 0, 'end': 18, 'tag': 'AmberHeardIsALiar'}, {'start': 19, 'end': 40, 'tag': 'amberheardisanabuser'}, {'start': 41, 'end': 62, 'tag': 'JusticeForJohnnyDepp'}]",,
1488958642330091521,Nobody asked for you to come back https://t.co/ujl7f7QYKz,"[{'type': 'quoted', 'id': '1488944274922086402'}]",2022-02-02T19:32:58.000Z,en,Twitter for iPhone,1078053002450067456,"[{'start': 34, 'end': 57, 'url': 'https://t.co/ujl7f7QYKz', 'expanded_url': 'https://twitter.com/realamberheard/status/1488944274922086402', 'display_url': 'twitter.com/realamberheard…'}]",0,2,12,0,1488944274922086402,Dumbbells are for sissies 💪🏻 https://t.co/aEUpRmTUCW,"[{'start': 29, 'end': 52, 'url': 'https://t.co/aEUpRmTUCW', 'expanded_url': 'https://twitter.com/realamberheard/status/1488944274922086402/photo/1', 'display_url': 'pic.twitter.com/aEUpRmTUCW'}]",2022-02-02T18:35:53.000Z,165,20,3527,61,en,Twitter for iPhone,807003567605227520,"Los Angeles, CA",2016-12-08T23:26:58.000Z,190313,220,1149,567,realamberheard,807003567605227520,https://t.co/Ze18Ek9SOI,"Actor and Activist, semi-professional disruptor, ice cream advocate and shameless teacup yorkie-lover",Amber Heard,https://pbs.twimg.com/profile_images/1383196364792680448/N8CdupEu_normal.jpg,18 he/him,2018-12-26T22:20:39.000Z,1251,3377,15880,9,BakerTheMaker03,1078053002450067456,,"Multi stan account, Lil Nas X, Taylor Swift, Marvel, etc.. Self promoters dni @JohnCena followed 2/24/22. @natsmultiverse ❤️❤️❤️ Private account @BakerTheAlt03",Ian | Sam 💍,https://pbs.twimg.com/profile_images/1504558098609946629/_rrfegIK_normal.jpg,,,,
1488956682038349824,O tamanho da minha menininha 😭❤ https://t.co/kDIr0NPByd,"[{'type': 'quoted', 'id': '1488944274922086402'}]",2022-02-02T19:25:11.000Z,pt,Twitter for Android,1634065483,"[{'start': 32, 'end': 55, 'url': 'https://t.co/kDIr0NPByd', 'expanded_url': 'https://twitter.com/realamberheard/status/1488944274922086402', 'display_url': 'twitter.com/realamberheard…'}]",0,0,1,0,1488944274922086402,Dumbbells are for sissies 💪🏻 https://t.co/aEUpRmTUCW,"[{'start': 29, 'end': 52, 'url': 'https://t.co/aEUpRmTUCW', 'expanded_url': 'https://twitter.com/realamberheard/status/1488944274922086402/photo/1', 'display_url': 'pic.twitter.com/aEUpRmTUCW'}]",2022-02-02T18:35:53.000Z,165,20,3527,61,en,Twitter for iPhone,807003567605227520,"Los Angeles, CA",2016-12-08T23:26:58.000Z,190313,220,1149,567,realamberheard,807003567605227520,https://t.co/Ze18Ek9SOI,"Actor and Activist, semi-professional disruptor, ice cream advocate and shameless teacup yorkie-lover",Amber Heard,https://pbs.twimg.com/profile_images/1383196364792680448/N8CdupEu_normal.jpg,📚cr: ugly love,2013-07-30T23:13:07.000Z,1315,1193,89316,16,sccplfc,1634065483,,...e a onda quebra e quando quebra você não pode se afogar | @spfclwb ♡,lilo,https://pbs.twimg.com/profile_images/1492473727170265092/WXgawFrw_normal.jpg,,,,
1488954141632200707,no public comments are for abusers #JusticeForJohnnyDepp #AmberTurd https://t.co/jLAOaZ5wOx,"[{'type': 'quoted', 'id': '1488944274922086402'}]",2022-02-02T19:15:05.000Z,en,Twitter for iPhone,292881188,"[{'start': 68, 'end': 91, 'url': 'https://t.co/jLAOaZ5wOx', 'expanded_url': 'https://twitter.com/realamberheard/status/1488944274922086402', 'display_url': 'twitter.com/realamberheard…'}]",0,1,8,0,1488944274922086402,Dumbbells are for sissies 💪🏻 https://t.co/aEUpRmTUCW,"[{'start': 29, 'end': 52, 'url': 'https://t.co/aEUpRmTUCW', 'expanded_url': 'https://twitter.com/realamberheard/status/1488944274922086402/photo/1', 'display_url': 'pic.twitter.com/aEUpRmTUCW'}]",2022-02-02T18:35:53.000Z,165,20,3527,61,en,Twitter for iPhone,807003567605227520,"Los Angeles, CA",2016-12-08T23:26:58.000Z,190313,220,1149,567,realamberheard,807003567605227520,https://t.co/Ze18Ek9SOI,"Actor and Activist, semi-professional disruptor, ice cream advocate and shameless teacup yorkie-lover",Amber Heard,https://pbs.twimg.com/profile_images/1383196364792680448/N8CdupEu_normal.jpg,"Los Angeles, CA",2011-05-04T11:49:29.000Z,574,281,14682,36,ishmaelmichaelz,292881188,https://t.co/uPipRqfsZu,fuck it💨,| m—c |,https://pbs.twimg.com/profile_images/1499524113215361024/Vrt3JRSZ_normal.jpg,,"[{'start': 35, 'end': 56, 'tag': 'JusticeForJohnnyDepp'}, {'start': 57, 'end': 67, 'tag': 'AmberTurd'}]",,
1488952097571840013,"Olhei rápido e levei um susto, pensei “como assim baby oonagh já tá desse tamanho e com tanto cabelo assim?” 🤣 https://t.co/GF5C7rjyYn","[{'type': 'quoted', 'id': '1488944274922086402'}]",2022-02-02T19:06:58.000Z,pt,Twitter for iPhone,1300925785612713992,"[{'start': 111, 'end': 134, 'url': 'https://t.co/GF5C7rjyYn', 'expanded_url': 'https://twitter.com/realamberheard/status/1488944274922086402', 'display_url': 'twitter.com/realamberheard…'}]",0,1,2,0,1488944274922086402,Dumbbells are for sissies 💪🏻 https://t.co/aEUpRmTUCW,"[{'start': 29, 'end': 52, 'url': 'https://t.co/aEUpRmTUCW', 'expanded_url': 'https://twitter.com/realamberheard/status/1488944274922086402/photo/1', 'display_url': 'pic.twitter.com/aEUpRmTUCW'}]",2022-02-02T18:35:53.000Z,165,20,3527,61,en,Twitter for iPhone,807003567605227520,"Los Angeles, CA",2016-12-08T23:26:58.000Z,190313,220,1149,567,realamberheard,807003567605227520,https://t.co/Ze18Ek9SOI,"Actor and Activist, semi-professional disruptor, ice cream advocate and shameless teacup yorkie-lover",Amber Heard,https://pbs.twimg.com/profile_images/1383196364792680448/N8CdupEu_normal.jpg,,2020-09-01T22:37:42.000Z,283,265,150194,3,anadecarmas,1300925785612713992,https://t.co/IAb23zx2vA,"she’s still 23 inside her fantasy, how it was supposed to be.",𝒃𝒆𝒆,https://pbs.twimg.com/profile_images/1506474768341553157/9eh-7Cpd_normal.jpg,,,,
1488949956492861441,"Yeah thats clever, lifting a child like that over a concrete f*ckn floor https://t.co/JkbPguLjkm","[{'type': 'quoted', 'id': '1488944274922086402'}]",2022-02-02T18:58:27.000Z,en,Twitter for Android,995608240040882176,"[{'start': 73, 'end': 96, 'url': 'https://t.co/JkbPguLjkm', 'expanded_url': 'https://twitter.com/realamberheard/status/1488944274922086402', 'display_url': 'twitter.com/realamberheard…'}]",1,1,7,0,1488944274922086402,Dumbbells are for sissies 💪🏻 https://t.co/aEUpRmTUCW,"[{'start': 29, 'end': 52, 'url': 'https://t.co/aEUpRmTUCW', 'expanded_url': 'https://twitter.com/realamberheard/status/1488944274922086402/photo/1', 'display_url': 'pic.twitter.com/aEUpRmTUCW'}]",2022-02-02T18:35:53.000Z,165,20,3527,61,en,Twitter for iPhone,807003567605227520,"Los Angeles, CA",2016-12-08T23:26:58.000Z,190313,220,1149,567,realamberheard,807003567605227520,https://t.co/Ze18Ek9SOI,"Actor and Activist, semi-professional disruptor, ice cream advocate and shameless teacup yorkie-lover",Amber Heard,https://pbs.twimg.com/profile_images/1383196364792680448/N8CdupEu_normal.jpg,"Liverpool, England",2018-05-13T10:14:36.000Z,141,219,5760,0,Alan1For,995608240040882176,,"British by law, Highlander by the grace of God. Supporter of #justiceforjohnnydepp

#TurdStainsareallabunchofTwats

Grumpy/Git",Al 🏴󠁧󠁢󠁳󠁣󠁴󠁿🏴󠁧󠁢󠁷󠁬󠁳󠁿🇮🇪🏴‍☠️,https://pbs.twimg.com/profile_images/1486441534778138632/H599g8Hb_normal.jpg,,,,
1488949452106723330,Iti malia ❤️ https://t.co/DWXFs2cIHf,"[{'type': 'quoted', 'id': '1488944274922086402'}]",2022-02-02T18:56:27.000Z,in,Twitter for Android,529629110,"[{'start': 13, 'end': 36, 'url': 'https://t.co/DWXFs2cIHf', 'expanded_url': 'https://twitter.com/realamberheard/status/1488944274922086402', 'display_url': 'twitter.com/realamberheard…'}]",0,0,1,0,1488944274922086402,Dumbbells are for sissies 💪🏻 https://t.co/aEUpRmTUCW,"[{'start': 29, 'end': 52, 'url': 'https://t.co/aEUpRmTUCW', 'expanded_url': 'https://twitter.com/realamberheard/status/1488944274922086402/photo/1', 'display_url': 'pic.twitter.com/aEUpRmTUCW'}]",2022-02-02T18:35:53.000Z,165,20,3527,61,en,Twitter for iPhone,807003567605227520,"Los Angeles, CA",2016-12-08T23:26:58.000Z,190313,220,1149,567,realamberheard,807003567605227520,https://t.co/Ze18Ek9SOI,"Actor and Activist, semi-professional disruptor, ice cream advocate and shameless teacup yorkie-lover",Amber Heard,https://pbs.twimg.com/profile_images/1383196364792680448/N8CdupEu_normal.jpg,weki meki,2012-03-19T18:56:24.000Z,8122,7334,217809,34,tzuyupicky,529629110,,★ twice weki meki animes e dc comics                    •fan account •,Jessy ג'סיקה,https://pbs.twimg.com/profile_images/1501901947418431490/OHNuvcun_normal.jpg,,,,
1488946977563889669,o brinquedo da oonagh ali no canto 🥺 https://t.co/79SowaQcJl,"[{'type': 'quoted', 'id': '1488944274922086402'}]",2022-02-02T18:46:37.000Z,pt,Twitter for Android,1283123991193034759,"[{'start': 37, 'end': 60, 'url': 'https://t.co/79SowaQcJl', 'expanded_url': 'https://twitter.com/realamberheard/status/1488944274922086402', 'display_url': 'twitter.com/realamberheard…'}]",0,0,0,0,1488944274922086402,Dumbbells are for sissies 💪🏻 https://t.co/aEUpRmTUCW,"[{'start': 29, 'end': 52, 'url': 'https://t.co/aEUpRmTUCW', 'expanded_url': 'https://twitter.com/realamberheard/status/1488944274922086402/photo/1', 'display_url': 'pic.twitter.com/aEUpRmTUCW'}]",2022-02-02T18:35:53.000Z,165,20,3527,61,en,Twitter for iPhone,807003567605227520,"Los Angeles, CA",2016-12-08T23:26:58.000Z,190313,220,1149,567,realamberheard,807003567605227520,https://t.co/Ze18Ek9SOI,"Actor and Activist, semi-professional disruptor, ice cream advocate and shameless teacup yorkie-lover",Amber Heard,https://pbs.twimg.com/profile_images/1383196364792680448/N8CdupEu_normal.jpg,summerland ,2020-07-14T19:40:01.000Z,694,630,26478,15,jzmindelrio,1283123991193034759,,#MERA: let the bastard come.,vita | ke spoilers,https://pbs.twimg.com/profile_images/1497677492424822789/DmyfqXcA_normal.png,,,,
1488946803433164801,socorro achei que já era a oonagh https://t.co/KyO6eMzXre,"[{'type': 'quoted', 'id': '1488944274922086402'}]",2022-02-02T18:45:55.000Z,pt,Twitter for Android,1352254387767435264,"[{'start': 34, 'end': 57, 'url': 'https://t.co/KyO6eMzXre', 'expanded_url': 'https://twitter.com/realamberheard/status/1488944274922086402', 'display_url': 'twitter.com/realamberheard…'}]",0,0,0,0,1488944274922086402,Dumbbells are for sissies 💪🏻 https://t.co/aEUpRmTUCW,"[{'start': 29, 'end': 52, 'url': 'https://t.co/aEUpRmTUCW', 'expanded_url': 'https://twitter.com/realamberheard/status/1488944274922086402/photo/1', 'display_url': 'pic.twitter.com/aEUpRmTUCW'}]",2022-02-02T18:35:53.000Z,165,20,3527,61,en,Twitter for iPhone,807003567605227520,"Los Angeles, CA",2016-12-08T23:26:58.000Z,190313,220,1149,567,realamberheard,807003567605227520,https://t.co/Ze18Ek9SOI,"Actor and Activist, semi-professional disruptor, ice cream advocate and shameless teacup yorkie-lover",Amber Heard,https://pbs.twimg.com/profile_images/1383196364792680448/N8CdupEu_normal.jpg,LESBIANVERSE (she/her) ⚢,2021-01-21T13:59:14.000Z,852,626,12389,2,luthxrsexual,1352254387767435264,https://t.co/egXIAiWgbs,the asshole no one likes,sky ⊗,https://pbs.twimg.com/profile_images/1504857222291066884/sj3u-JPf_normal.jpg,,,,
1488946502659629064,Hunter needs to stop getting to big omg https://t.co/7RYavHBIto,"[{'type': 'quoted', 'id': '1488944274922086402'}]",2022-02-02T18:44:44.000Z,en,Twitter for iPhone,1485068351596552196,"[{'start': 40, 'end': 63, 'url': 'https://t.co/7RYavHBIto', 'expanded_url': 'https://twitter.com/realamberheard/status/1488944274922086402', 'display_url': 'twitter.com/realamberheard…'}]",0,1,4,0,1488944274922086402,Dumbbells are for sissies 💪🏻 https://t.co/aEUpRmTUCW,"[{'start': 29, 'end': 52, 'url': 'https://t.co/aEUpRmTUCW', 'expanded_url': 'https://twitter.com/realamberheard/status/1488944274922086402/photo/1', 'display_url': 'pic.twitter.com/aEUpRmTUCW'}]",2022-02-02T18:35:53.000Z,165,20,3527,61,en,Twitter for iPhone,807003567605227520,"Los Angeles, CA",2016-12-08T23:26:58.000Z,190313,220,1149,567,realamberheard,807003567605227520,https://t.co/Ze18Ek9SOI,"Actor and Activist, semi-professional disruptor, ice cream advocate and shameless teacup yorkie-lover",Amber Heard,https://pbs.twimg.com/profile_images/1383196364792680448/N8CdupEu_normal.jpg,Google Campus,2022-01-23T01:54:32.000Z,350,762,25759,0,dobriensheard,1485068351596552196,https://t.co/q2F3dgMumq,she/her *fan account* here to call out abusers. a constant work in progress. hugely (not suffering) @dylanobrien fan #believewomen *not impersonating anyone*,an obvious fan account,https://pbs.twimg.com/profile_images/1506350057884471302/Q-KFJ7oJ_normal.jpg,"[{'start': 0, 'end': 5, 'probability': 0.9791, 'type': 'Person', 'normalized_text': 'Hunter'}]",,,
1488946315774111751,Olha o tamanho do Hunter. https://t.co/U9qhr7Ag2P,"[{'type': 'quoted', 'id': '1488944274922086402'}]",2022-02-02T18:43:59.000Z,pt,Twitter for Android,1031863937351016448,"[{'start': 26, 'end': 49, 'url': 'https://t.co/U9qhr7Ag2P', 'expanded_url': 'https://twitter.com/realamberheard/status/1488944274922086402', 'display_url': 'twitter.com/realamberheard…'}]",0,1,3,0,1488944274922086402,Dumbbells are for sissies 💪🏻 https://t.co/aEUpRmTUCW,"[{'start': 29, 'end': 52, 'url': 'https://t.co/aEUpRmTUCW', 'expanded_url': 'https://twitter.com/realamberheard/status/1488944274922086402/photo/1', 'display_url': 'pic.twitter.com/aEUpRmTUCW'}]",2022-02-02T18:35:53.000Z,165,20,3527,61,en,Twitter for iPhone,807003567605227520,"Los Angeles, CA",2016-12-08T23:26:58.000Z,190313,220,1149,567,realamberheard,807003567605227520,https://t.co/Ze18Ek9SOI,"Actor and Activist, semi-professional disruptor, ice cream advocate and shameless teacup yorkie-lover",Amber Heard,https://pbs.twimg.com/profile_images/1383196364792680448/N8CdupEu_normal.jpg,"São Gonçalo, Brasil",2018-08-21T11:21:48.000Z,137,606,840,1,Lucassi22156474,1031863937351016448,,Lucas,fã da sétima arte,https://pbs.twimg.com/profile_images/1503087049544450053/dxOs96UO_normal.jpg,"[{'start': 18, 'end': 23, 'probability': 0.7745, 'type': 'Person', 'normalized_text': 'Hunter'}]",,,
1488945876773097472,"Por um momento eu fiquei ""não é possível ser a Amber Filha ! Desse tamanho!"" 😲😲😲😲😂😂😂😂 https://t.co/eYk1Bn5X4U","[{'type': 'quoted', 'id': '1488944274922086402'}]",2022-02-02T18:42:14.000Z,pt,Twitter for Android,711197978640441344,"[{'start': 86, 'end': 109, 'url': 'https://t.co/eYk1Bn5X4U', 'expanded_url': 'https://twitter.com/realamberheard/status/1488944274922086402', 'display_url': 'twitter.com/realamberheard…'}]",0,0,2,0,1488944274922086402,Dumbbells are for sissies 💪🏻 https://t.co/aEUpRmTUCW,"[{'start': 29, 'end': 52, 'url': 'https://t.co/aEUpRmTUCW', 'expanded_url': 'https://twitter.com/realamberheard/status/1488944274922086402/photo/1', 'display_url': 'pic.twitter.com/aEUpRmTUCW'}]",2022-02-02T18:35:53.000Z,165,20,3527,61,en,Twitter for iPhone,807003567605227520,"Los Angeles, CA",2016-12-08T23:26:58.000Z,190313,220,1149,567,realamberheard,807003567605227520,https://t.co/Ze18Ek9SOI,"Actor and Activist, semi-professional disruptor, ice cream advocate and shameless teacup yorkie-lover",Amber Heard,https://pbs.twimg.com/profile_images/1383196364792680448/N8CdupEu_normal.jpg,Crazy from Maranhão ,2016-03-19T14:29:46.000Z,1250,702,47556,4,kono_wis,711197978640441344,,"OT5Stan, Slytherin 🐍 , Harmonizer  and Camila Stan",Kono ⁉️,https://pbs.twimg.com/profile_images/1495922100674215938/biIvdrtN_normal.jpg,"[{'start': 47, 'end': 51, 'probability': 0.9565, 'type': 'Person', 'normalized_text': 'Amber'}]",,,
1488945860885032962,o tanto que eu amo ♡ https://t.co/unTAX6bA5I,"[{'type': 'quoted', 'id': '1488944274922086402'}]",2022-02-02T18:42:11.000Z,pt,Twitter for iPhone,60111281,"[{'start': 21, 'end': 44, 'url': 'https://t.co/unTAX6bA5I', 'expanded_url': 'https://twitter.com/realamberheard/status/1488944274922086402', 'display_url': 'twitter.com/realamberheard…'}]",0,0,1,0,1488944274922086402,Dumbbells are for sissies 💪🏻 https://t.co/aEUpRmTUCW,"[{'start': 29, 'end': 52, 'url': 'https://t.co/aEUpRmTUCW', 'expanded_url': 'https://twitter.com/realamberheard/status/1488944274922086402/photo/1', 'display_url': 'pic.twitter.com/aEUpRmTUCW'}]",2022-02-02T18:35:53.000Z,165,20,3527,61,en,Twitter for iPhone,807003567605227520,"Los Angeles, CA",2016-12-08T23:26:58.000Z,190313,220,1149,567,realamberheard,807003567605227520,https://t.co/Ze18Ek9SOI,"Actor and Activist, semi-professional disruptor, ice cream advocate and shameless teacup yorkie-lover",Amber Heard,https://pbs.twimg.com/profile_images/1383196364792680448/N8CdupEu_normal.jpg,,2009-07-25T18:02:55.000Z,1032,1072,31687,6,skywalkerebel,60111281,,"what about second breakfast? • @emcgregorbrasil • ⠀⠀⠀𝒔𝒆𝒓𝒌𝒂𝒏 ⋅ RoBo? ⠀⠀𝒆𝒅𝒂 ⋅ robot bolat.🤖⠀⠀⠀ pedo mellon a minno “speak, friend, and enter”",peanut kenobi🤟🏼,https://pbs.twimg.com/profile_images/1506106022271733765/thFlkBVn_normal.png,,,,
1488945347904876544,Pretty girls 🤗😍🤩 https://t.co/eYk1Bn5X4U,"[{'type': 'quoted', 'id': '1488944274922086402'}]",2022-02-02T18:40:08.000Z,en,Twitter for Android,711197978640441344,"[{'start': 17, 'end': 40, 'url': 'https://t.co/eYk1Bn5X4U', 'expanded_url': 'https://twitter.com/realamberheard/status/1488944274922086402', 'display_url': 'twitter.com/realamberheard…'}]",0,0,2,0,1488944274922086402,Dumbbells are for sissies 💪🏻 https://t.co/aEUpRmTUCW,"[{'start': 29, 'end': 52, 'url': 'https://t.co/aEUpRmTUCW', 'expanded_url': 'https://twitter.com/realamberheard/status/1488944274922086402/photo/1', 'display_url': 'pic.twitter.com/aEUpRmTUCW'}]",2022-02-02T18:35:53.000Z,165,20,3527,61,en,Twitter for iPhone,807003567605227520,"Los Angeles, CA",2016-12-08T23:26:58.000Z,190313,220,1149,567,realamberheard,807003567605227520,https://t.co/Ze18Ek9SOI,"Actor and Activist, semi-professional disruptor, ice cream advocate and shameless teacup yorkie-lover",Amber Heard,https://pbs.twimg.com/profile_images/1383196364792680448/N8CdupEu_normal.jpg,Crazy from Maranhão ,2016-03-19T14:29:46.000Z,1250,702,47556,4,kono_wis,711197978640441344,,"OT5Stan, Slytherin 🐍 , Harmonizer  and Camila Stan",Kono ⁉️,https://pbs.twimg.com/profile_images/1495922100674215938/biIvdrtN_normal.jpg,,,,
1488944812791418880,this how my sims house looks ugh we are so synced up my tauruean sistren https://t.co/hNReHKFv0a,"[{'type': 'quoted', 'id': '1488944274922086402'}]",2022-02-02T18:38:01.000Z,en,Twitter for iPhone,1351576149781065729,"[{'start': 73, 'end': 96, 'url': 'https://t.co/hNReHKFv0a', 'expanded_url': 'https://twitter.com/realamberheard/status/1488944274922086402', 'display_url': 'twitter.com/realamberheard…'}]",0,0,1,0,1488944274922086402,Dumbbells are for sissies 💪🏻 https://t.co/aEUpRmTUCW,"[{'start': 29, 'end': 52, 'url': 'https://t.co/aEUpRmTUCW', 'expanded_url': 'https://twitter.com/realamberheard/status/1488944274922086402/photo/1', 'display_url': 'pic.twitter.com/aEUpRmTUCW'}]",2022-02-02T18:35:53.000Z,165,20,3527,61,en,Twitter for iPhone,807003567605227520,"Los Angeles, CA",2016-12-08T23:26:58.000Z,190313,220,1149,567,realamberheard,807003567605227520,https://t.co/Ze18Ek9SOI,"Actor and Activist, semi-professional disruptor, ice cream advocate and shameless teacup yorkie-lover",Amber Heard,https://pbs.twimg.com/profile_images/1383196364792680448/N8CdupEu_normal.jpg,,2021-01-19T17:04:48.000Z,461,375,37650,9,noimkilIingboys,1351576149781065729,https://t.co/WotBqo5FID,tai chi practicing + snowboard champion + writer ☆ she/they,mia ✮,https://pbs.twimg.com/profile_images/1505545748976447488/eGO2JA6p_normal.jpg,,,,
1488944782735028235,a maior marombeira que existe https://t.co/iHsc0Cbdai,"[{'type': 'quoted', 'id': '1488944274922086402'}]",2022-02-02T18:37:54.000Z,pt,Twitter for Android,1353065724051243018,"[{'start': 30, 'end': 53, 'url': 'https://t.co/iHsc0Cbdai', 'expanded_url': 'https://twitter.com/realamberheard/status/1488944274922086402', 'display_url': 'twitter.com/realamberheard…'}]",0,0,3,0,1488944274922086402,Dumbbells are for sissies 💪🏻 https://t.co/aEUpRmTUCW,"[{'start': 29, 'end': 52, 'url': 'https://t.co/aEUpRmTUCW', 'expanded_url': 'https://twitter.com/realamberheard/status/1488944274922086402/photo/1', 'display_url': 'pic.twitter.com/aEUpRmTUCW'}]",2022-02-02T18:35:53.000Z,165,20,3527,61,en,Twitter for iPhone,807003567605227520,"Los Angeles, CA",2016-12-08T23:26:58.000Z,190313,220,1149,567,realamberheard,807003567605227520,https://t.co/Ze18Ek9SOI,"Actor and Activist, semi-professional disruptor, ice cream advocate and shameless teacup yorkie-lover",Amber Heard,https://pbs.twimg.com/profile_images/1383196364792680448/N8CdupEu_normal.jpg,,2021-01-23T19:43:15.000Z,130,128,12984,12,cobiefilms,1353065724051243018,https://t.co/mYmOpljWGP,Grey's Anatomy (2005).,nicolle,https://pbs.twimg.com/profile_images/1506239238358061063/iyhew5un_normal.jpg,,,,
1488944590837198854,How r u today? https://t.co/gXGqVfHxlh,"[{'type': 'quoted', 'id': '1488944274922086402'}]",2022-02-02T18:37:08.000Z,en,Twitter for Android,1002402585247133701,"[{'start': 15, 'end': 38, 'url': 'https://t.co/gXGqVfHxlh', 'expanded_url': 'https://twitter.com/realamberheard/status/1488944274922086402', 'display_url': 'twitter.com/realamberheard…'}]",0,0,2,0,1488944274922086402,Dumbbells are for sissies 💪🏻 https://t.co/aEUpRmTUCW,"[{'start': 29, 'end': 52, 'url': 'https://t.co/aEUpRmTUCW', 'expanded_url': 'https://twitter.com/realamberheard/status/1488944274922086402/photo/1', 'display_url': 'pic.twitter.com/aEUpRmTUCW'}]",2022-02-02T18:35:53.000Z,165,20,3527,61,en,Twitter for iPhone,807003567605227520,"Los Angeles, CA",2016-12-08T23:26:58.000Z,190313,220,1149,567,realamberheard,807003567605227520,https://t.co/Ze18Ek9SOI,"Actor and Activist, semi-professional disruptor, ice cream advocate and shameless teacup yorkie-lover",Amber Heard,https://pbs.twimg.com/profile_images/1383196364792680448/N8CdupEu_normal.jpg,Meltie,2018-06-01T04:12:54.000Z,5548,510,111587,9,favmcgrath,1002402585247133701,,Katherine Elizabeth McGrath •1983•,yazi,https://pbs.twimg.com/profile_images/1506439260911681538/nVrezaEF_normal.jpg,,,,
1488944586772860937,You're too cute 🥺 https://t.co/auntW2DUCx,"[{'type': 'quoted', 'id': '1488944274922086402'}]",2022-02-02T18:37:07.000Z,en,Twitter for Android,1341221979777581057,"[{'start': 18, 'end': 41, 'url': 'https://t.co/auntW2DUCx', 'expanded_url': 'https://twitter.com/realamberheard/status/1488944274922086402', 'display_url': 'twitter.com/realamberheard…'}]",0,0,3,0,1488944274922086402,Dumbbells are for sissies 💪🏻 https://t.co/aEUpRmTUCW,"[{'start': 29, 'end': 52, 'url': 'https://t.co/aEUpRmTUCW', 'expanded_url': 'https://twitter.com/realamberheard/status/1488944274922086402/photo/1', 'display_url': 'pic.twitter.com/aEUpRmTUCW'}]",2022-02-02T18:35:53.000Z,165,20,3527,61,en,Twitter for iPhone,807003567605227520,"Los Angeles, CA",2016-12-08T23:26:58.000Z,190313,220,1149,567,realamberheard,807003567605227520,https://t.co/Ze18Ek9SOI,"Actor and Activist, semi-professional disruptor, ice cream advocate and shameless teacup yorkie-lover",Amber Heard,https://pbs.twimg.com/profile_images/1383196364792680448/N8CdupEu_normal.jpg,El Salvador 🇸🇻,2020-12-22T03:20:28.000Z,156,422,9787,0,viviidelay,1341221979777581057,,YA HEARD IT HERE FIRST,Vivi ⚢,https://pbs.twimg.com/profile_images/1442208570322427905/8-liA9sS_normal.jpg,,,,
1488944560566902791,the best exercise! https://t.co/F5DO8O6xn0,"[{'type': 'quoted', 'id': '1488944274922086402'}]",2022-02-02T18:37:01.000Z,en,Twitter for Android,1372134381117128706,"[{'start': 19, 'end': 42, 'url': 'https://t.co/F5DO8O6xn0', 'expanded_url': 'https://twitter.com/realamberheard/status/1488944274922086402', 'display_url': 'twitter.com/realamberheard…'}]",0,1,1,0,1488944274922086402,Dumbbells are for sissies 💪🏻 https://t.co/aEUpRmTUCW,"[{'start': 29, 'end': 52, 'url': 'https://t.co/aEUpRmTUCW', 'expanded_url': 'https://twitter.com/realamberheard/status/1488944274922086402/photo/1', 'display_url': 'pic.twitter.com/aEUpRmTUCW'}]",2022-02-02T18:35:53.000Z,165,20,3527,61,en,Twitter for iPhone,807003567605227520,"Los Angeles, CA",2016-12-08T23:26:58.000Z,190313,220,1149,567,realamberheard,807003567605227520,https://t.co/Ze18Ek9SOI,"Actor and Activist, semi-professional disruptor, ice cream advocate and shameless teacup yorkie-lover",Amber Heard,https://pbs.twimg.com/profile_images/1383196364792680448/N8CdupEu_normal.jpg,24 | she/her | 24/5/16,2021-03-17T10:35:14.000Z,146,386,41276,1,steaItherest,1372134381117128706,https://t.co/DfywaSNKwx,you loved so hard and hoped so much and then you ended up with nothing,katarina,https://pbs.twimg.com/profile_images/1503137448334868487/mFCGVidF_normal.jpg,,,,
1488944535401119749,Love u babe https://t.co/gXGqVfHxlh,"[{'type': 'quoted', 'id': '1488944274922086402'}]",2022-02-02T18:36:55.000Z,en,Twitter for Android,1002402585247133701,"[{'start': 12, 'end': 35, 'url': 'https://t.co/gXGqVfHxlh', 'expanded_url': 'https://twitter.com/realamberheard/status/1488944274922086402', 'display_url': 'twitter.com/realamberheard…'}]",0,0,2,0,1488944274922086402,Dumbbells are for sissies 💪🏻 https://t.co/aEUpRmTUCW,"[{'start': 29, 'end': 52, 'url': 'https://t.co/aEUpRmTUCW', 'expanded_url': 'https://twitter.com/realamberheard/status/1488944274922086402/photo/1', 'display_url': 'pic.twitter.com/aEUpRmTUCW'}]",2022-02-02T18:35:53.000Z,165,20,3527,61,en,Twitter for iPhone,807003567605227520,"Los Angeles, CA",2016-12-08T23:26:58.000Z,190313,220,1149,567,realamberheard,807003567605227520,https://t.co/Ze18Ek9SOI,"Actor and Activist, semi-professional disruptor, ice cream advocate and shameless teacup yorkie-lover",Amber Heard,https://pbs.twimg.com/profile_images/1383196364792680448/N8CdupEu_normal.jpg,Meltie,2018-06-01T04:12:54.000Z,5548,510,111587,9,favmcgrath,1002402585247133701,,Katherine Elizabeth McGrath •1983•,yazi,https://pbs.twimg.com/profile_images/1506439260911681538/nVrezaEF_normal.jpg,,,,
1488944510650433556,Two little princesses 😭😭😭😭😭❤️❤️ https://t.co/gXGqVfHxlh,"[{'type': 'quoted', 'id': '1488944274922086402'}]",2022-02-02T18:36:49.000Z,en,Twitter for Android,1002402585247133701,"[{'start': 32, 'end': 55, 'url': 'https://t.co/gXGqVfHxlh', 'expanded_url': 'https://twitter.com/realamberheard/status/1488944274922086402', 'display_url': 'twitter.com/realamberheard…'}]",0,0,2,0,1488944274922086402,Dumbbells are for sissies 💪🏻 https://t.co/aEUpRmTUCW,"[{'start': 29, 'end': 52, 'url': 'https://t.co/aEUpRmTUCW', 'expanded_url': 'https://twitter.com/realamberheard/status/1488944274922086402/photo/1', 'display_url': 'pic.twitter.com/aEUpRmTUCW'}]",2022-02-02T18:35:53.000Z,165,20,3527,61,en,Twitter for iPhone,807003567605227520,"Los Angeles, CA",2016-12-08T23:26:58.000Z,190313,220,1149,567,realamberheard,807003567605227520,https://t.co/Ze18Ek9SOI,"Actor and Activist, semi-professional disruptor, ice cream advocate and shameless teacup yorkie-lover",Amber Heard,https://pbs.twimg.com/profile_images/1383196364792680448/N8CdupEu_normal.jpg,Meltie,2018-06-01T04:12:54.000Z,5548,510,111587,9,favmcgrath,1002402585247133701,,Katherine Elizabeth McGrath •1983•,yazi,https://pbs.twimg.com/profile_images/1506439260911681538/nVrezaEF_normal.jpg,,,,
1488944487103701003,por um momento o coração perdeu a batida achando que a oonagh já estava enorme assim e eu tinha perdido uns anos sem perceber https://t.co/XCCi6HMHiW,"[{'type': 'quoted', 'id': '1488944274922086402'}]",2022-02-02T18:36:43.000Z,pt,Twitter for Android,60353566,"[{'start': 126, 'end': 149, 'url': 'https://t.co/XCCi6HMHiW', 'expanded_url': 'https://twitter.com/realamberheard/status/1488944274922086402', 'display_url': 'twitter.com/realamberheard…'}]",0,1,1,0,1488944274922086402,Dumbbells are for sissies 💪🏻 https://t.co/aEUpRmTUCW,"[{'start': 29, 'end': 52, 'url': 'https://t.co/aEUpRmTUCW', 'expanded_url': 'https://twitter.com/realamberheard/status/1488944274922086402/photo/1', 'display_url': 'pic.twitter.com/aEUpRmTUCW'}]",2022-02-02T18:35:53.000Z,165,20,3527,61,en,Twitter for iPhone,807003567605227520,"Los Angeles, CA",2016-12-08T23:26:58.000Z,190313,220,1149,567,realamberheard,807003567605227520,https://t.co/Ze18Ek9SOI,"Actor and Activist, semi-professional disruptor, ice cream advocate and shameless teacup yorkie-lover",Amber Heard,https://pbs.twimg.com/profile_images/1383196364792680448/N8CdupEu_normal.jpg,"pawnee, indiana",2009-07-26T17:41:51.000Z,964,610,173939,56,camillepreakrs,60353566,,"men creates dinosaur, dinosaur eats men, women inherits the earth




she/her",g,https://pbs.twimg.com/profile_images/1502445882859528193/S3GVuzZ4_normal.jpg,"[{'start': 55, 'end': 60, 'probability': 0.526, 'type': 'Person', 'normalized_text': 'oonagh'}]",,,
1488944418614923267,Q SUSTO PENSEI Q ERA A OOH https://t.co/gXGqVfHxlh,"[{'type': 'quoted', 'id': '1488944274922086402'}]",2022-02-02T18:36:27.000Z,pt,Twitter for Android,1002402585247133701,"[{'start': 27, 'end': 50, 'url': 'https://t.co/gXGqVfHxlh', 'expanded_url': 'https://twitter.com/realamberheard/status/1488944274922086402', 'display_url': 'twitter.com/realamberheard…'}]",0,0,0,0,1488944274922086402,Dumbbells are for sissies 💪🏻 https://t.co/aEUpRmTUCW,"[{'start': 29, 'end': 52, 'url': 'https://t.co/aEUpRmTUCW', 'expanded_url': 'https://twitter.com/realamberheard/status/1488944274922086402/photo/1', 'display_url': 'pic.twitter.com/aEUpRmTUCW'}]",2022-02-02T18:35:53.000Z,165,20,3527,61,en,Twitter for iPhone,807003567605227520,"Los Angeles, CA",2016-12-08T23:26:58.000Z,190313,220,1149,567,realamberheard,807003567605227520,https://t.co/Ze18Ek9SOI,"Actor and Activist, semi-professional disruptor, ice cream advocate and shameless teacup yorkie-lover",Amber Heard,https://pbs.twimg.com/profile_images/1383196364792680448/N8CdupEu_normal.jpg,Meltie,2018-06-01T04:12:54.000Z,5548,510,111587,9,favmcgrath,1002402585247133701,,Katherine Elizabeth McGrath •1983•,yazi,https://pbs.twimg.com/profile_images/1506439260911681538/nVrezaEF_normal.jpg,,,,
