text,source,referenced_tweets,in_reply_to_user_id,lang,id,created_at,author_id,public_metrics.retweet_count,public_metrics.reply_count,public_metrics.like_count,public_metrics.quote_count,entities.mentions,entities.urls,quoted_tweet.text,quoted_tweet.source,quoted_tweet.public_metrics.retweet_count,quoted_tweet.public_metrics.reply_count,quoted_tweet.public_metrics.like_count,quoted_tweet.public_metrics.quote_count,quoted_tweet.lang,quoted_tweet.id,quoted_tweet.created_at,quoted_tweet.entities.urls,quoted_tweet.entities.hashtags,quoted_tweet.author_id,quoted_tweet.author.public_metrics.followers_count,quoted_tweet.author.public_metrics.following_count,quoted_tweet.author.public_metrics.tweet_count,quoted_tweet.author.public_metrics.listed_count,quoted_tweet.author.location,quoted_tweet.author.profile_image_url,quoted_tweet.author.url,quoted_tweet.author.username,quoted_tweet.author.description,quoted_tweet.author.id,quoted_tweet.author.name,quoted_tweet.author.created_at,author.public_metrics.followers_count,author.public_metrics.following_count,author.public_metrics.tweet_count,author.public_metrics.listed_count,author.location,author.profile_image_url,author.url,author.username,author.description,author.id,author.name,author.created_at,entities.hashtags,entities.annotations
@TheInfamousOne6 oh your poor toes !!!! really ? the ballet lessons on cut feet ? https://t.co/WEjgBW5lA1,Twitter for iPhone,"[{'type': 'quoted', 'id': '855325794897231873'}, {'type': 'replied_to', 'id': '1338715162988048389'}]",1225199590439190529,en,1338882591445966849,2020-12-15T16:24:19.000Z,823824334473019392,0,1,0,0,"[{'start': 0, 'end': 16, 'username': 'TheInfamousOne6', 'id': '1225199590439190529'}]","[{'start': 82, 'end': 105, 'url': 'https://t.co/WEjgBW5lA1', 'expanded_url': 'https://twitter.com/realamberheard/status/855325794897231873?lang=en', 'display_url': 'twitter.com/realamberheard…'}]",#FlashbackFriday to fond memories of #ballet training for #thedanishgirl. https://t.co/HZEAYWPLaa,Twitter for iPhone,296,63,1102,32,en,855325794897231873,2017-04-21T07:42:15.000Z,"[{'start': 74, 'end': 97, 'url': 'https://t.co/HZEAYWPLaa', 'expanded_url': 'https://twitter.com/realamberheard/status/855325794897231873/video/1', 'display_url': 'pic.twitter.com/HZEAYWPLaa'}]","[{'start': 0, 'end': 16, 'tag': 'FlashbackFriday'}, {'start': 37, 'end': 44, 'tag': 'ballet'}, {'start': 58, 'end': 72, 'tag': 'thedanishgirl'}]",807003567605227520,190362,220,1150,566,"Los Angeles, CA",https://pbs.twimg.com/profile_images/1383196364792680448/N8CdupEu_normal.jpg,https://t.co/Ze18Ek9SOI,realamberheard,"Actor and Activist, semi-professional disruptor, ice cream advocate and shameless teacup yorkie-lover",807003567605227520,Amber Heard,2016-12-08T23:26:58.000Z,1536,1574,28045,9,"Lacepede, France",https://pbs.twimg.com/profile_images/930163568250638336/dRVLh3dI_normal.jpg,,LeomantVictoria,"All life has the right to live in peace, security and free from harm - every life matters https://t.co/c1wwB6YB50",823824334473019392,Victoria Leomant Ⓥ 🇺🇦,2017-01-24T09:26:42.000Z,,
"RT @RayRayDepp: @TheInfamousOne6 @adam_waldman she had Ballet dance training during that time
Nice try #AmberTurd
Ballet dancers get bruise…",Twitter for iPhone,"[{'type': 'retweeted', 'id': '1284530340346785792'}]",,en,1284556161522556928,2020-07-18T18:30:29.000Z,891432562215858177,2,0,0,0,"[{'start': 3, 'end': 14, 'username': 'RayRayDepp', 'id': '1092236342166151168'}, {'start': 16, 'end': 32, 'username': 'TheInfamousOne6', 'id': '1225199590439190529'}, {'start': 33, 'end': 46, 'username': 'adam_waldman', 'id': '905981620615819264'}]",,#FlashbackFriday to fond memories of #ballet training for #thedanishgirl. https://t.co/HZEAYWPLaa,Twitter for iPhone,296,63,1102,32,en,855325794897231873,2017-04-21T07:42:15.000Z,"[{'start': 74, 'end': 97, 'url': 'https://t.co/HZEAYWPLaa', 'expanded_url': 'https://twitter.com/realamberheard/status/855325794897231873/video/1', 'display_url': 'pic.twitter.com/HZEAYWPLaa'}]","[{'start': 0, 'end': 16, 'tag': 'FlashbackFriday'}, {'start': 37, 'end': 44, 'tag': 'ballet'}, {'start': 58, 'end': 72, 'tag': 'thedanishgirl'}]",807003567605227520,190362,220,1150,566,"Los Angeles, CA",https://pbs.twimg.com/profile_images/1383196364792680448/N8CdupEu_normal.jpg,https://t.co/Ze18Ek9SOI,realamberheard,"Actor and Activist, semi-professional disruptor, ice cream advocate and shameless teacup yorkie-lover",807003567605227520,Amber Heard,2016-12-08T23:26:58.000Z,71,659,16856,1,,https://pbs.twimg.com/profile_images/1025168690558513153/6IdNvkxj_normal.jpg,,Patdecmm,,891432562215858177,Fe Nunes,2017-07-29T22:57:39.000Z,"[{'start': 103, 'end': 113, 'tag': 'AmberTurd'}]",
"@mderndarkwizard she had Ballet dance training. Lying about date of pic AH
Nice try #AmberTurd
Ballet dancers get bruises like that especially learning @ her age
here's video of AH TBT to it
https://t.co/TaoZDPRlCI
Funny how she deleted everything on Instagram before Jan 2017 https://t.co/D4kqJlZ3hr",Twitter for Android,"[{'type': 'quoted', 'id': '855325794897231873'}, {'type': 'replied_to', 'id': '1284443504899391488'}]",1120580091463991301,en,1284535860726136833,2020-07-18T17:09:49.000Z,1092236342166151168,0,0,0,0,"[{'start': 0, 'end': 16, 'username': 'mderndarkwizard', 'id': '1120580091463991301'}]","[{'start': 191, 'end': 214, 'url': 'https://t.co/TaoZDPRlCI', 'expanded_url': 'https://twitter.com/realamberheard/status/855325794897231873?s=19', 'display_url': 'twitter.com/realamberheard…'}, {'start': 277, 'end': 300, 'url': 'https://t.co/D4kqJlZ3hr', 'expanded_url': 'https://twitter.com/RayRayDepp/status/1284535860726136833/photo/1', 'display_url': 'pic.twitter.com/D4kqJlZ3hr'}]",#FlashbackFriday to fond memories of #ballet training for #thedanishgirl. https://t.co/HZEAYWPLaa,Twitter for iPhone,296,63,1102,32,en,855325794897231873,2017-04-21T07:42:15.000Z,"[{'start': 74, 'end': 97, 'url': 'https://t.co/HZEAYWPLaa', 'expanded_url': 'https://twitter.com/realamberheard/status/855325794897231873/video/1', 'display_url': 'pic.twitter.com/HZEAYWPLaa'}]","[{'start': 0, 'end': 16, 'tag': 'FlashbackFriday'}, {'start': 37, 'end': 44, 'tag': 'ballet'}, {'start': 58, 'end': 72, 'tag': 'thedanishgirl'}]",807003567605227520,190362,220,1150,566,"Los Angeles, CA",https://pbs.twimg.com/profile_images/1383196364792680448/N8CdupEu_normal.jpg,https://t.co/Ze18Ek9SOI,realamberheard,"Actor and Activist, semi-professional disruptor, ice cream advocate and shameless teacup yorkie-lover",807003567605227520,Amber Heard,2016-12-08T23:26:58.000Z,653,322,21163,2,"Gilbert, AZ",https://pbs.twimg.com/profile_images/1412516671898591239/GGtQreLd_normal.jpg,,RayRayDepp,"Autism Mom,SF USAF Vet,Depphead Forever&Always
#JusticeForJohnnyDepp
#JohnnyDeppSoldiers
#WeAreWithYouJohnnyDepp
Im NOT a🤖! 
I'm a #JohnnyDeppWarrior",1092236342166151168,RayRayDepp82,2019-02-04T01:40:11.000Z,"[{'start': 84, 'end': 94, 'tag': 'AmberTurd'}]","[{'start': 251, 'end': 259, 'probability': 0.7911, 'type': 'Product', 'normalized_text': 'Instagram'}]"
"RT @RayRayDepp: @TheInfamousOne6 @adam_waldman she had Ballet dance training during that time
Nice try #AmberTurd
Ballet dancers get bruise…",Twitter for Android,"[{'type': 'retweeted', 'id': '1284530340346785792'}]",,en,1284534030571110401,2020-07-18T17:02:33.000Z,805207070270259201,2,0,0,0,"[{'start': 3, 'end': 14, 'username': 'RayRayDepp', 'id': '1092236342166151168'}, {'start': 16, 'end': 32, 'username': 'TheInfamousOne6', 'id': '1225199590439190529'}, {'start': 33, 'end': 46, 'username': 'adam_waldman', 'id': '905981620615819264'}]",,#FlashbackFriday to fond memories of #ballet training for #thedanishgirl. https://t.co/HZEAYWPLaa,Twitter for iPhone,296,63,1102,32,en,855325794897231873,2017-04-21T07:42:15.000Z,"[{'start': 74, 'end': 97, 'url': 'https://t.co/HZEAYWPLaa', 'expanded_url': 'https://twitter.com/realamberheard/status/855325794897231873/video/1', 'display_url': 'pic.twitter.com/HZEAYWPLaa'}]","[{'start': 0, 'end': 16, 'tag': 'FlashbackFriday'}, {'start': 37, 'end': 44, 'tag': 'ballet'}, {'start': 58, 'end': 72, 'tag': 'thedanishgirl'}]",807003567605227520,190362,220,1150,566,"Los Angeles, CA",https://pbs.twimg.com/profile_images/1383196364792680448/N8CdupEu_normal.jpg,https://t.co/Ze18Ek9SOI,realamberheard,"Actor and Activist, semi-professional disruptor, ice cream advocate and shameless teacup yorkie-lover",807003567605227520,Amber Heard,2016-12-08T23:26:58.000Z,904,186,8307,3,,https://pbs.twimg.com/profile_images/1504792564322508802/bZm-fbsY_normal.jpg,,Thesunnymango,"A mango writing about stuff. 
   Photography is my passion
       Writing is my life. 
           Nature is my love.",805207070270259201,Mango,2016-12-04T00:28:20.000Z,"[{'start': 103, 'end': 113, 'tag': 'AmberTurd'}]",
"@LisaGandini here's video of AH TBT to it
https://t.co/TaoZDPRlCI
though she cleaned her IG account of everything before Jan 2017. The internet doesn't forget https://t.co/L0Qd9zuSW3",Twitter for Android,"[{'type': 'quoted', 'id': '855325794897231873'}, {'type': 'replied_to', 'id': '1284412237537402881'}]",841544752600293376,en,1284531079886462977,2020-07-18T16:50:49.000Z,1092236342166151168,0,0,3,0,"[{'start': 0, 'end': 12, 'username': 'LisaGandini', 'id': '841544752600293376'}]","[{'start': 42, 'end': 65, 'url': 'https://t.co/TaoZDPRlCI', 'expanded_url': 'https://twitter.com/realamberheard/status/855325794897231873?s=19', 'display_url': 'twitter.com/realamberheard…'}, {'start': 159, 'end': 182, 'url': 'https://t.co/L0Qd9zuSW3', 'expanded_url': 'https://twitter.com/RayRayDepp/status/1284531079886462977/photo/1', 'display_url': 'pic.twitter.com/L0Qd9zuSW3'}]",#FlashbackFriday to fond memories of #ballet training for #thedanishgirl. https://t.co/HZEAYWPLaa,Twitter for iPhone,296,63,1102,32,en,855325794897231873,2017-04-21T07:42:15.000Z,"[{'start': 74, 'end': 97, 'url': 'https://t.co/HZEAYWPLaa', 'expanded_url': 'https://twitter.com/realamberheard/status/855325794897231873/video/1', 'display_url': 'pic.twitter.com/HZEAYWPLaa'}]","[{'start': 0, 'end': 16, 'tag': 'FlashbackFriday'}, {'start': 37, 'end': 44, 'tag': 'ballet'}, {'start': 58, 'end': 72, 'tag': 'thedanishgirl'}]",807003567605227520,190362,220,1150,566,"Los Angeles, CA",https://pbs.twimg.com/profile_images/1383196364792680448/N8CdupEu_normal.jpg,https://t.co/Ze18Ek9SOI,realamberheard,"Actor and Activist, semi-professional disruptor, ice cream advocate and shameless teacup yorkie-lover",807003567605227520,Amber Heard,2016-12-08T23:26:58.000Z,653,322,21163,2,"Gilbert, AZ",https://pbs.twimg.com/profile_images/1412516671898591239/GGtQreLd_normal.jpg,,RayRayDepp,"Autism Mom,SF USAF Vet,Depphead Forever&Always
#JusticeForJohnnyDepp
#JohnnyDeppSoldiers
#WeAreWithYouJohnnyDepp
Im NOT a🤖! 
I'm a #JohnnyDeppWarrior",1092236342166151168,RayRayDepp82,2019-02-04T01:40:11.000Z,,
"@TheInfamousOne6 @adam_waldman she had Ballet dance training during that time
Nice try #AmberTurd
Ballet dancers get bruises like that especially learning @ her age
here's video of AH TBT to it
https://t.co/TaoZDPRlCI
though she cleaned her IG account of everything before Jan 2017. Internet doesn't forget https://t.co/sO0DcYb8Rg",Twitter for Android,"[{'type': 'quoted', 'id': '855325794897231873'}, {'type': 'replied_to', 'id': '1284512973046743040'}]",1225199590439190529,en,1284530340346785792,2020-07-18T16:47:53.000Z,1092236342166151168,2,4,9,1,"[{'start': 0, 'end': 16, 'username': 'TheInfamousOne6', 'id': '1225199590439190529'}, {'start': 17, 'end': 30, 'username': 'adam_waldman', 'id': '905981620615819264'}]","[{'start': 194, 'end': 217, 'url': 'https://t.co/TaoZDPRlCI', 'expanded_url': 'https://twitter.com/realamberheard/status/855325794897231873?s=19', 'display_url': 'twitter.com/realamberheard…'}, {'start': 307, 'end': 330, 'url': 'https://t.co/sO0DcYb8Rg', 'expanded_url': 'https://twitter.com/RayRayDepp/status/1284530340346785792/photo/1', 'display_url': 'pic.twitter.com/sO0DcYb8Rg'}]",#FlashbackFriday to fond memories of #ballet training for #thedanishgirl. https://t.co/HZEAYWPLaa,Twitter for iPhone,296,63,1102,32,en,855325794897231873,2017-04-21T07:42:15.000Z,"[{'start': 74, 'end': 97, 'url': 'https://t.co/HZEAYWPLaa', 'expanded_url': 'https://twitter.com/realamberheard/status/855325794897231873/video/1', 'display_url': 'pic.twitter.com/HZEAYWPLaa'}]","[{'start': 0, 'end': 16, 'tag': 'FlashbackFriday'}, {'start': 37, 'end': 44, 'tag': 'ballet'}, {'start': 58, 'end': 72, 'tag': 'thedanishgirl'}]",807003567605227520,190362,220,1150,566,"Los Angeles, CA",https://pbs.twimg.com/profile_images/1383196364792680448/N8CdupEu_normal.jpg,https://t.co/Ze18Ek9SOI,realamberheard,"Actor and Activist, semi-professional disruptor, ice cream advocate and shameless teacup yorkie-lover",807003567605227520,Amber Heard,2016-12-08T23:26:58.000Z,653,322,21163,2,"Gilbert, AZ",https://pbs.twimg.com/profile_images/1412516671898591239/GGtQreLd_normal.jpg,,RayRayDepp,"Autism Mom,SF USAF Vet,Depphead Forever&Always
#JusticeForJohnnyDepp
#JohnnyDeppSoldiers
#WeAreWithYouJohnnyDepp
Im NOT a🤖! 
I'm a #JohnnyDeppWarrior",1092236342166151168,RayRayDepp82,2019-02-04T01:40:11.000Z,"[{'start': 87, 'end': 97, 'tag': 'AmberTurd'}]",
😍😘 https://t.co/RqFxzXx9dC,Twitter Web Client,"[{'type': 'quoted', 'id': '855325794897231873'}]",,und,867251834590593024,2017-05-24T05:32:04.000Z,102055578,0,0,0,0,,"[{'start': 3, 'end': 26, 'url': 'https://t.co/RqFxzXx9dC', 'expanded_url': 'https://twitter.com/realamberheard/status/855325794897231873', 'display_url': 'twitter.com/realamberheard…'}]",#FlashbackFriday to fond memories of #ballet training for #thedanishgirl. https://t.co/HZEAYWPLaa,Twitter for iPhone,296,63,1102,32,en,855325794897231873,2017-04-21T07:42:15.000Z,"[{'start': 74, 'end': 97, 'url': 'https://t.co/HZEAYWPLaa', 'expanded_url': 'https://twitter.com/realamberheard/status/855325794897231873/video/1', 'display_url': 'pic.twitter.com/HZEAYWPLaa'}]","[{'start': 0, 'end': 16, 'tag': 'FlashbackFriday'}, {'start': 37, 'end': 44, 'tag': 'ballet'}, {'start': 58, 'end': 72, 'tag': 'thedanishgirl'}]",807003567605227520,190362,220,1150,566,"Los Angeles, CA",https://pbs.twimg.com/profile_images/1383196364792680448/N8CdupEu_normal.jpg,https://t.co/Ze18Ek9SOI,realamberheard,"Actor and Activist, semi-professional disruptor, ice cream advocate and shameless teacup yorkie-lover",807003567605227520,Amber Heard,2016-12-08T23:26:58.000Z,696,392,40572,78,"Manila, Philippines",https://pbs.twimg.com/profile_images/1487018949266968580/2qirSgnx_normal.jpg,https://t.co/J4HmJFSokf,Juliana_glam,Curious. Give me books. Sing poetry to me.,102055578,Juliana Marie,2010-01-05T13:06:14.000Z,,
https://t.co/2pnJa0TTHw https://t.co/iPer1aGGaN em,IFTTT,"[{'type': 'quoted', 'id': '855325794897231873'}]",,und,858359809690656768,2017-04-29T16:38:20.000Z,4418271387,0,0,0,0,,"[{'start': 0, 'end': 23, 'url': 'https://t.co/2pnJa0TTHw', 'expanded_url': 'https://twitter.com/Emperatriz1827/status/858357911998930944', 'display_url': 'twitter.com/Emperatriz1827…'}, {'start': 24, 'end': 47, 'url': 'https://t.co/iPer1aGGaN', 'expanded_url': 'http://bit.ly/2qjNcWN', 'display_url': 'bit.ly/2qjNcWN'}]",#FlashbackFriday to fond memories of #ballet training for #thedanishgirl. https://t.co/HZEAYWPLaa,Twitter for iPhone,296,63,1102,32,en,855325794897231873,2017-04-21T07:42:15.000Z,"[{'start': 74, 'end': 97, 'url': 'https://t.co/HZEAYWPLaa', 'expanded_url': 'https://twitter.com/realamberheard/status/855325794897231873/video/1', 'display_url': 'pic.twitter.com/HZEAYWPLaa'}]","[{'start': 0, 'end': 16, 'tag': 'FlashbackFriday'}, {'start': 37, 'end': 44, 'tag': 'ballet'}, {'start': 58, 'end': 72, 'tag': 'thedanishgirl'}]",807003567605227520,190362,220,1150,566,"Los Angeles, CA",https://pbs.twimg.com/profile_images/1383196364792680448/N8CdupEu_normal.jpg,https://t.co/Ze18Ek9SOI,realamberheard,"Actor and Activist, semi-professional disruptor, ice cream advocate and shameless teacup yorkie-lover",807003567605227520,Amber Heard,2016-12-08T23:26:58.000Z,5906,5940,504709,126,Münster,https://pbs.twimg.com/profile_images/1360297654182432771/lvLMNdT4_normal.jpg,https://t.co/GIppujElcx,SPhoto24,"Look at my blog, 350 albums with 5000 street photos, currently a lot of photos of Germany.",4418271387,StreetPhoto24,2015-12-08T18:22:42.000Z,,
Thank you for posting this video!😊 https://t.co/m6TwP9p6VU,Twitter Web Client,"[{'type': 'quoted', 'id': '855325794897231873'}]",,en,856890355308007426,2017-04-25T15:19:15.000Z,3064671053,0,0,0,0,,"[{'start': 35, 'end': 58, 'url': 'https://t.co/m6TwP9p6VU', 'expanded_url': 'https://twitter.com/realamberheard/status/855325794897231873', 'display_url': 'twitter.com/realamberheard…'}]",#FlashbackFriday to fond memories of #ballet training for #thedanishgirl. https://t.co/HZEAYWPLaa,Twitter for iPhone,296,63,1102,32,en,855325794897231873,2017-04-21T07:42:15.000Z,"[{'start': 74, 'end': 97, 'url': 'https://t.co/HZEAYWPLaa', 'expanded_url': 'https://twitter.com/realamberheard/status/855325794897231873/video/1', 'display_url': 'pic.twitter.com/HZEAYWPLaa'}]","[{'start': 0, 'end': 16, 'tag': 'FlashbackFriday'}, {'start': 37, 'end': 44, 'tag': 'ballet'}, {'start': 58, 'end': 72, 'tag': 'thedanishgirl'}]",807003567605227520,190362,220,1150,566,"Los Angeles, CA",https://pbs.twimg.com/profile_images/1383196364792680448/N8CdupEu_normal.jpg,https://t.co/Ze18Ek9SOI,realamberheard,"Actor and Activist, semi-professional disruptor, ice cream advocate and shameless teacup yorkie-lover",807003567605227520,Amber Heard,2016-12-08T23:26:58.000Z,697,1826,79023,18,"Maryland, USA",https://pbs.twimg.com/profile_images/742949121938575361/2gdO8v7e_normal.jpg,,1570_landa,"I'm a huge fan of the Washington Commanders , I also like the soap DOOL and Amber Heard fan too.",3064671053,Luis Landa,2015-02-28T02:54:54.000Z,,
Fabulous https://t.co/X5EI2mvi5y,Twitter for iPhone,"[{'type': 'quoted', 'id': '855325794897231873'}]",,fr,856362972800667648,2017-04-24T04:23:37.000Z,856359914947493888,2,0,1,0,,"[{'start': 9, 'end': 32, 'url': 'https://t.co/X5EI2mvi5y', 'expanded_url': 'https://twitter.com/realamberheard/status/855325794897231873', 'display_url': 'twitter.com/realamberheard…'}]",#FlashbackFriday to fond memories of #ballet training for #thedanishgirl. https://t.co/HZEAYWPLaa,Twitter for iPhone,296,63,1102,32,en,855325794897231873,2017-04-21T07:42:15.000Z,"[{'start': 74, 'end': 97, 'url': 'https://t.co/HZEAYWPLaa', 'expanded_url': 'https://twitter.com/realamberheard/status/855325794897231873/video/1', 'display_url': 'pic.twitter.com/HZEAYWPLaa'}]","[{'start': 0, 'end': 16, 'tag': 'FlashbackFriday'}, {'start': 37, 'end': 44, 'tag': 'ballet'}, {'start': 58, 'end': 72, 'tag': 'thedanishgirl'}]",807003567605227520,190362,220,1150,566,"Los Angeles, CA",https://pbs.twimg.com/profile_images/1383196364792680448/N8CdupEu_normal.jpg,https://t.co/Ze18Ek9SOI,realamberheard,"Actor and Activist, semi-professional disruptor, ice cream advocate and shameless teacup yorkie-lover",807003567605227520,Amber Heard,2016-12-08T23:26:58.000Z,1,30,4,0,Zhuhai,https://pbs.twimg.com/profile_images/856361845447249920/nuZOAvB__normal.jpg,,Endlessoryu,Why so serious,856359914947493888,Endlessor,2017-04-24T04:11:28.000Z,,
HaPpY birthday Amber https://t.co/Aa4x8wmR0D,Twitter for Android,"[{'type': 'quoted', 'id': '855325794897231873'}]",,en,855542168051740672,2017-04-21T22:02:02.000Z,3382674873,0,0,1,0,,"[{'start': 21, 'end': 44, 'url': 'https://t.co/Aa4x8wmR0D', 'expanded_url': 'https://twitter.com/realamberheard/status/855325794897231873', 'display_url': 'twitter.com/realamberheard…'}]",#FlashbackFriday to fond memories of #ballet training for #thedanishgirl. https://t.co/HZEAYWPLaa,Twitter for iPhone,296,63,1102,32,en,855325794897231873,2017-04-21T07:42:15.000Z,"[{'start': 74, 'end': 97, 'url': 'https://t.co/HZEAYWPLaa', 'expanded_url': 'https://twitter.com/realamberheard/status/855325794897231873/video/1', 'display_url': 'pic.twitter.com/HZEAYWPLaa'}]","[{'start': 0, 'end': 16, 'tag': 'FlashbackFriday'}, {'start': 37, 'end': 44, 'tag': 'ballet'}, {'start': 58, 'end': 72, 'tag': 'thedanishgirl'}]",807003567605227520,190362,220,1150,566,"Los Angeles, CA",https://pbs.twimg.com/profile_images/1383196364792680448/N8CdupEu_normal.jpg,https://t.co/Ze18Ek9SOI,realamberheard,"Actor and Activist, semi-professional disruptor, ice cream advocate and shameless teacup yorkie-lover",807003567605227520,Amber Heard,2016-12-08T23:26:58.000Z,337,609,5454,3,"Madurai South, India",https://pbs.twimg.com/profile_images/1448271575048863747/dG_fye3z_normal.jpg,,RaizafamilyVivi,"Thala Blood
Raiza Family,
Ganguly Addict
cr7 Fan.",3382674873,Thala Vivian,2015-07-19T06:29:29.000Z,,"[{'start': 15, 'end': 19, 'probability': 0.9867, 'type': 'Person', 'normalized_text': 'Amber'}]"
uma bailarina dessas bicho https://t.co/NH3kWKHSOh,Twitter for Windows,"[{'type': 'quoted', 'id': '855325794897231873'}]",,pt,855406223642046466,2017-04-21T13:01:51.000Z,2724444422,0,0,0,0,,"[{'start': 27, 'end': 50, 'url': 'https://t.co/NH3kWKHSOh', 'expanded_url': 'https://twitter.com/realamberheard/status/855325794897231873', 'display_url': 'twitter.com/realamberheard…'}]",#FlashbackFriday to fond memories of #ballet training for #thedanishgirl. https://t.co/HZEAYWPLaa,Twitter for iPhone,296,63,1102,32,en,855325794897231873,2017-04-21T07:42:15.000Z,"[{'start': 74, 'end': 97, 'url': 'https://t.co/HZEAYWPLaa', 'expanded_url': 'https://twitter.com/realamberheard/status/855325794897231873/video/1', 'display_url': 'pic.twitter.com/HZEAYWPLaa'}]","[{'start': 0, 'end': 16, 'tag': 'FlashbackFriday'}, {'start': 37, 'end': 44, 'tag': 'ballet'}, {'start': 58, 'end': 72, 'tag': 'thedanishgirl'}]",807003567605227520,190362,220,1150,566,"Los Angeles, CA",https://pbs.twimg.com/profile_images/1383196364792680448/N8CdupEu_normal.jpg,https://t.co/Ze18Ek9SOI,realamberheard,"Actor and Activist, semi-professional disruptor, ice cream advocate and shameless teacup yorkie-lover",807003567605227520,Amber Heard,2016-12-08T23:26:58.000Z,1231,583,61214,11,,https://pbs.twimg.com/profile_images/1505214911051440135/SZpWBAtg_normal.jpg,,fkatwyez,all r&b and hip hop culture,2724444422,sasa,2014-08-11T18:27:47.000Z,,
Acnbvjfhfyjfhfkhfhkfkhfuf https://t.co/nsMIH8QTQF,Twitter for iPad,"[{'type': 'quoted', 'id': '855325794897231873'}]",,eu,855402108220170242,2017-04-21T12:45:29.000Z,309296068,0,0,0,0,,"[{'start': 26, 'end': 49, 'url': 'https://t.co/nsMIH8QTQF', 'expanded_url': 'https://twitter.com/realamberheard/status/855325794897231873', 'display_url': 'twitter.com/realamberheard…'}]",#FlashbackFriday to fond memories of #ballet training for #thedanishgirl. https://t.co/HZEAYWPLaa,Twitter for iPhone,296,63,1102,32,en,855325794897231873,2017-04-21T07:42:15.000Z,"[{'start': 74, 'end': 97, 'url': 'https://t.co/HZEAYWPLaa', 'expanded_url': 'https://twitter.com/realamberheard/status/855325794897231873/video/1', 'display_url': 'pic.twitter.com/HZEAYWPLaa'}]","[{'start': 0, 'end': 16, 'tag': 'FlashbackFriday'}, {'start': 37, 'end': 44, 'tag': 'ballet'}, {'start': 58, 'end': 72, 'tag': 'thedanishgirl'}]",807003567605227520,190362,220,1150,566,"Los Angeles, CA",https://pbs.twimg.com/profile_images/1383196364792680448/N8CdupEu_normal.jpg,https://t.co/Ze18Ek9SOI,realamberheard,"Actor and Activist, semi-professional disruptor, ice cream advocate and shameless teacup yorkie-lover",807003567605227520,Amber Heard,2016-12-08T23:26:58.000Z,3003,364,193172,0,I’ll always be with you| bi ,https://pbs.twimg.com/profile_images/1494335872770007042/5zaH9MMj_normal.jpg,,DebnamFabray,Alycia 🌸 Alicia Clark fan account | she/her,309296068,Alicia Clark’s wife,2011-06-01T21:20:41.000Z,,
RT @meraquaman: 💜💜 https://t.co/gSDDnutrD2,Twitter for iPhone,"[{'type': 'retweeted', 'id': '855363280101146624'}]",,und,855399387538882563,2017-04-21T12:34:41.000Z,964728661,1,0,0,0,"[{'start': 3, 'end': 14, 'username': 'meraquaman', 'id': '3033438059'}]","[{'start': 19, 'end': 42, 'url': 'https://t.co/gSDDnutrD2', 'expanded_url': 'https://twitter.com/realamberheard/status/855325794897231873', 'display_url': 'twitter.com/realamberheard…'}]",#FlashbackFriday to fond memories of #ballet training for #thedanishgirl. https://t.co/HZEAYWPLaa,Twitter for iPhone,296,63,1102,32,en,855325794897231873,2017-04-21T07:42:15.000Z,"[{'start': 74, 'end': 97, 'url': 'https://t.co/HZEAYWPLaa', 'expanded_url': 'https://twitter.com/realamberheard/status/855325794897231873/video/1', 'display_url': 'pic.twitter.com/HZEAYWPLaa'}]","[{'start': 0, 'end': 16, 'tag': 'FlashbackFriday'}, {'start': 37, 'end': 44, 'tag': 'ballet'}, {'start': 58, 'end': 72, 'tag': 'thedanishgirl'}]",807003567605227520,190362,220,1150,566,"Los Angeles, CA",https://pbs.twimg.com/profile_images/1383196364792680448/N8CdupEu_normal.jpg,https://t.co/Ze18Ek9SOI,realamberheard,"Actor and Activist, semi-professional disruptor, ice cream advocate and shameless teacup yorkie-lover",807003567605227520,Amber Heard,2016-12-08T23:26:58.000Z,167,167,21112,0,,https://pbs.twimg.com/profile_images/1393076437578616833/u-up4ENE_normal.jpg,,camiladrz,,964728661,c,2012-11-22T18:16:53.000Z,,
💜💜 https://t.co/gSDDnutrD2,Twitter for iPhone,"[{'type': 'quoted', 'id': '855325794897231873'}]",,und,855363280101146624,2017-04-21T10:11:12.000Z,3033438059,1,0,0,0,,"[{'start': 3, 'end': 26, 'url': 'https://t.co/gSDDnutrD2', 'expanded_url': 'https://twitter.com/realamberheard/status/855325794897231873', 'display_url': 'twitter.com/realamberheard…'}]",#FlashbackFriday to fond memories of #ballet training for #thedanishgirl. https://t.co/HZEAYWPLaa,Twitter for iPhone,296,63,1102,32,en,855325794897231873,2017-04-21T07:42:15.000Z,"[{'start': 74, 'end': 97, 'url': 'https://t.co/HZEAYWPLaa', 'expanded_url': 'https://twitter.com/realamberheard/status/855325794897231873/video/1', 'display_url': 'pic.twitter.com/HZEAYWPLaa'}]","[{'start': 0, 'end': 16, 'tag': 'FlashbackFriday'}, {'start': 37, 'end': 44, 'tag': 'ballet'}, {'start': 58, 'end': 72, 'tag': 'thedanishgirl'}]",807003567605227520,190362,220,1150,566,"Los Angeles, CA",https://pbs.twimg.com/profile_images/1383196364792680448/N8CdupEu_normal.jpg,https://t.co/Ze18Ek9SOI,realamberheard,"Actor and Activist, semi-professional disruptor, ice cream advocate and shameless teacup yorkie-lover",807003567605227520,Amber Heard,2016-12-08T23:26:58.000Z,3261,528,96603,65,France,https://pbs.twimg.com/profile_images/1383508518452424706/Hqx8iCc__normal.jpg,,meraquaman,#FreePalestine,3033438059,siobhan roy era,2015-02-12T21:05:04.000Z,,
"@realamberheard via Twitter — April 21st, 2017 https://t.co/0aUeSiRfiE",Twitter for iPhone,"[{'type': 'quoted', 'id': '855325794897231873'}]",807003567605227520,it,855363170608844802,2017-04-21T10:10:46.000Z,3016479629,1,0,9,0,"[{'start': 0, 'end': 15, 'username': 'realamberheard', 'id': '807003567605227520'}]","[{'start': 47, 'end': 70, 'url': 'https://t.co/0aUeSiRfiE', 'expanded_url': 'https://twitter.com/realamberheard/status/855325794897231873', 'display_url': 'twitter.com/realamberheard…'}]",#FlashbackFriday to fond memories of #ballet training for #thedanishgirl. https://t.co/HZEAYWPLaa,Twitter for iPhone,296,63,1102,32,en,855325794897231873,2017-04-21T07:42:15.000Z,"[{'start': 74, 'end': 97, 'url': 'https://t.co/HZEAYWPLaa', 'expanded_url': 'https://twitter.com/realamberheard/status/855325794897231873/video/1', 'display_url': 'pic.twitter.com/HZEAYWPLaa'}]","[{'start': 0, 'end': 16, 'tag': 'FlashbackFriday'}, {'start': 37, 'end': 44, 'tag': 'ballet'}, {'start': 58, 'end': 72, 'tag': 'thedanishgirl'}]",807003567605227520,190362,220,1150,566,"Los Angeles, CA",https://pbs.twimg.com/profile_images/1383196364792680448/N8CdupEu_normal.jpg,https://t.co/Ze18Ek9SOI,realamberheard,"Actor and Activist, semi-professional disruptor, ice cream advocate and shameless teacup yorkie-lover",807003567605227520,Amber Heard,2016-12-08T23:26:58.000Z,5677,103,4134,27,USA / Worldwide,https://pbs.twimg.com/profile_images/930523424023334912/PMsARpnZ_normal.jpg,https://t.co/WGzbtxmyNW,AmberHeardNews,"Your newest source providing you 24/7 news, updates, information, and exclusives on the talented actress, model, and activist Amber Laura Heard.",3016479629,Amber Heard USA,2015-02-04T06:06:05.000Z,,
♥️👸🏼 https://t.co/LQtSqbDD0h,Twitter for iPhone,"[{'type': 'quoted', 'id': '855325794897231873'}]",,und,855349542820220929,2017-04-21T09:16:37.000Z,2528753591,0,0,3,0,,"[{'start': 5, 'end': 28, 'url': 'https://t.co/LQtSqbDD0h', 'expanded_url': 'https://twitter.com/realamberheard/status/855325794897231873', 'display_url': 'twitter.com/realamberheard…'}]",#FlashbackFriday to fond memories of #ballet training for #thedanishgirl. https://t.co/HZEAYWPLaa,Twitter for iPhone,296,63,1102,32,en,855325794897231873,2017-04-21T07:42:15.000Z,"[{'start': 74, 'end': 97, 'url': 'https://t.co/HZEAYWPLaa', 'expanded_url': 'https://twitter.com/realamberheard/status/855325794897231873/video/1', 'display_url': 'pic.twitter.com/HZEAYWPLaa'}]","[{'start': 0, 'end': 16, 'tag': 'FlashbackFriday'}, {'start': 37, 'end': 44, 'tag': 'ballet'}, {'start': 58, 'end': 72, 'tag': 'thedanishgirl'}]",807003567605227520,190362,220,1150,566,"Los Angeles, CA",https://pbs.twimg.com/profile_images/1383196364792680448/N8CdupEu_normal.jpg,https://t.co/Ze18Ek9SOI,realamberheard,"Actor and Activist, semi-professional disruptor, ice cream advocate and shameless teacup yorkie-lover",807003567605227520,Amber Heard,2016-12-08T23:26:58.000Z,145,424,644,2,,https://pbs.twimg.com/profile_images/1454470558255566851/bpgeBhP6_normal.jpg,https://t.co/3tYa7yWEBC,anademidova_,🌹,2528753591,ANASTASIA DEMIDOVA,2014-05-04T18:05:12.000Z,,
When there's actually NOTHING she can't do. ✨ So proud of her and sad we didn't get to see her ballet scenes in the movie! 😪 https://t.co/QUooa0p5Qy,Twitter for iPhone,"[{'type': 'quoted', 'id': '855325794897231873'}]",,en,855334616349130752,2017-04-21T08:17:18.000Z,3919740867,0,0,8,0,,"[{'start': 125, 'end': 148, 'url': 'https://t.co/QUooa0p5Qy', 'expanded_url': 'https://twitter.com/realamberheard/status/855325794897231873', 'display_url': 'twitter.com/realamberheard…'}]",#FlashbackFriday to fond memories of #ballet training for #thedanishgirl. https://t.co/HZEAYWPLaa,Twitter for iPhone,296,63,1102,32,en,855325794897231873,2017-04-21T07:42:15.000Z,"[{'start': 74, 'end': 97, 'url': 'https://t.co/HZEAYWPLaa', 'expanded_url': 'https://twitter.com/realamberheard/status/855325794897231873/video/1', 'display_url': 'pic.twitter.com/HZEAYWPLaa'}]","[{'start': 0, 'end': 16, 'tag': 'FlashbackFriday'}, {'start': 37, 'end': 44, 'tag': 'ballet'}, {'start': 58, 'end': 72, 'tag': 'thedanishgirl'}]",807003567605227520,190362,220,1150,566,"Los Angeles, CA",https://pbs.twimg.com/profile_images/1383196364792680448/N8CdupEu_normal.jpg,https://t.co/Ze18Ek9SOI,realamberheard,"Actor and Activist, semi-professional disruptor, ice cream advocate and shameless teacup yorkie-lover",807003567605227520,Amber Heard,2016-12-08T23:26:58.000Z,3882,89,13298,3,,https://pbs.twimg.com/profile_images/1318169449468514305/fPEsSXdl_normal.jpg,https://t.co/BSavZg4DeP,amberheardsourc,Source dedicated to the gorgeous and talented Texan actress and activist @realamberheard. Online since 2015. 🇮🇹 #WeAreWithYouAmberHeard,3919740867,Amber Heard Source,2015-10-10T16:21:10.000Z,,
Absolutely stunning 💃🏼❤ https://t.co/YDQJychRUC,Twitter for iPhone,"[{'type': 'quoted', 'id': '855325794897231873'}]",,en,855326838582726657,2017-04-21T07:46:24.000Z,3740246319,0,0,3,0,,"[{'start': 24, 'end': 47, 'url': 'https://t.co/YDQJychRUC', 'expanded_url': 'https://twitter.com/realamberheard/status/855325794897231873', 'display_url': 'twitter.com/realamberheard…'}]",#FlashbackFriday to fond memories of #ballet training for #thedanishgirl. https://t.co/HZEAYWPLaa,Twitter for iPhone,296,63,1102,32,en,855325794897231873,2017-04-21T07:42:15.000Z,"[{'start': 74, 'end': 97, 'url': 'https://t.co/HZEAYWPLaa', 'expanded_url': 'https://twitter.com/realamberheard/status/855325794897231873/video/1', 'display_url': 'pic.twitter.com/HZEAYWPLaa'}]","[{'start': 0, 'end': 16, 'tag': 'FlashbackFriday'}, {'start': 37, 'end': 44, 'tag': 'ballet'}, {'start': 58, 'end': 72, 'tag': 'thedanishgirl'}]",807003567605227520,190362,220,1150,566,"Los Angeles, CA",https://pbs.twimg.com/profile_images/1383196364792680448/N8CdupEu_normal.jpg,https://t.co/Ze18Ek9SOI,realamberheard,"Actor and Activist, semi-professional disruptor, ice cream advocate and shameless teacup yorkie-lover",807003567605227520,Amber Heard,2016-12-08T23:26:58.000Z,418,27,349,1,Europe,https://pbs.twimg.com/profile_images/884866941160235012/M2huP1dc_normal.jpg,,AmberHeardMera,"here to support @realamberheard, she da Queen. amberheardbw @ Instagram",3740246319,M.,2015-09-22T16:00:11.000Z,,
Queen 😍😍😍 https://t.co/d6SSqiBlVU,Twitter for Android,"[{'type': 'quoted', 'id': '855325794897231873'}]",,en,855326654440161280,2017-04-21T07:45:40.000Z,364021443,0,0,0,0,,"[{'start': 10, 'end': 33, 'url': 'https://t.co/d6SSqiBlVU', 'expanded_url': 'https://twitter.com/realamberheard/status/855325794897231873', 'display_url': 'twitter.com/realamberheard…'}]",#FlashbackFriday to fond memories of #ballet training for #thedanishgirl. https://t.co/HZEAYWPLaa,Twitter for iPhone,296,63,1102,32,en,855325794897231873,2017-04-21T07:42:15.000Z,"[{'start': 74, 'end': 97, 'url': 'https://t.co/HZEAYWPLaa', 'expanded_url': 'https://twitter.com/realamberheard/status/855325794897231873/video/1', 'display_url': 'pic.twitter.com/HZEAYWPLaa'}]","[{'start': 0, 'end': 16, 'tag': 'FlashbackFriday'}, {'start': 37, 'end': 44, 'tag': 'ballet'}, {'start': 58, 'end': 72, 'tag': 'thedanishgirl'}]",807003567605227520,190362,220,1150,566,"Los Angeles, CA",https://pbs.twimg.com/profile_images/1383196364792680448/N8CdupEu_normal.jpg,https://t.co/Ze18Ek9SOI,realamberheard,"Actor and Activist, semi-professional disruptor, ice cream advocate and shameless teacup yorkie-lover",807003567605227520,Amber Heard,2016-12-08T23:26:58.000Z,977,74,107527,13,sociedade esportiva palmeiras,https://pbs.twimg.com/profile_images/1465089164899241985/WTym8EhO_normal.jpg,,deusinabsenti,my mind's like a deadly disease.,364021443,💬,2011-08-29T02:20:52.000Z,,
That's my queen 👸🏼 https://t.co/OmKStyPmhA,Twitter for iPhone,"[{'type': 'quoted', 'id': '855325794897231873'}]",,en,855326084782448641,2017-04-21T07:43:24.000Z,49303675,0,0,0,0,,"[{'start': 19, 'end': 42, 'url': 'https://t.co/OmKStyPmhA', 'expanded_url': 'https://twitter.com/realamberheard/status/855325794897231873', 'display_url': 'twitter.com/realamberheard…'}]",#FlashbackFriday to fond memories of #ballet training for #thedanishgirl. https://t.co/HZEAYWPLaa,Twitter for iPhone,296,63,1102,32,en,855325794897231873,2017-04-21T07:42:15.000Z,"[{'start': 74, 'end': 97, 'url': 'https://t.co/HZEAYWPLaa', 'expanded_url': 'https://twitter.com/realamberheard/status/855325794897231873/video/1', 'display_url': 'pic.twitter.com/HZEAYWPLaa'}]","[{'start': 0, 'end': 16, 'tag': 'FlashbackFriday'}, {'start': 37, 'end': 44, 'tag': 'ballet'}, {'start': 58, 'end': 72, 'tag': 'thedanishgirl'}]",807003567605227520,190362,220,1150,566,"Los Angeles, CA",https://pbs.twimg.com/profile_images/1383196364792680448/N8CdupEu_normal.jpg,https://t.co/Ze18Ek9SOI,realamberheard,"Actor and Activist, semi-professional disruptor, ice cream advocate and shameless teacup yorkie-lover",807003567605227520,Amber Heard,2016-12-08T23:26:58.000Z,445,146,44808,0,Sweden,https://pbs.twimg.com/profile_images/1495740552364670980/JFFPLq6P_normal.jpg,,maybonnevier,"“out. for. a. walk. bitch 🤙🏻” -Spike, Buffy s5e5. Catmom x 2 and fangirl x a lot",49303675,May🐊💞,2009-06-21T12:28:44.000Z,,
