created_at,source,referenced_tweets,lang,id,text,author_id,entities.urls,public_metrics.retweet_count,public_metrics.reply_count,public_metrics.like_count,public_metrics.quote_count,quoted_tweet.created_at,quoted_tweet.source,quoted_tweet.referenced_tweets,quoted_tweet.entities.urls,quoted_tweet.lang,quoted_tweet.id,quoted_tweet.text,quoted_tweet.author_id,quoted_tweet.public_metrics.retweet_count,quoted_tweet.public_metrics.reply_count,quoted_tweet.public_metrics.like_count,quoted_tweet.public_metrics.quote_count,quoted_tweet.author.url,quoted_tweet.author.username,quoted_tweet.author.description,quoted_tweet.author.id,quoted_tweet.author.location,quoted_tweet.author.profile_image_url,quoted_tweet.author.created_at,quoted_tweet.author.public_metrics.followers_count,quoted_tweet.author.public_metrics.following_count,quoted_tweet.author.public_metrics.tweet_count,quoted_tweet.author.public_metrics.listed_count,quoted_tweet.author.name,author.url,author.username,author.description,author.id,author.location,author.profile_image_url,author.created_at,author.public_metrics.followers_count,author.public_metrics.following_count,author.public_metrics.tweet_count,author.public_metrics.listed_count,author.name,entities.annotations,in_reply_to_user_id,entities.hashtags
2017-04-29T16:38:23.000Z,IFTTT,"[{'type': 'quoted', 'id': '856296558081359872'}]",und,858359822877589504,https://t.co/UUrKMKuOGv https://t.co/iPer1ap5jf em,4418271387,"[{'start': 0, 'end': 23, 'url': 'https://t.co/UUrKMKuOGv', 'expanded_url': 'https://twitter.com/Emperatriz1827/status/858358526934212608', 'display_url': 'twitter.com/Emperatriz1827…'}, {'start': 24, 'end': 47, 'url': 'https://t.co/iPer1ap5jf', 'expanded_url': 'http://bit.ly/2qjNcWN', 'display_url': 'bit.ly/2qjNcWN', 'images': [{'url': 'https://pbs.twimg.com/news_img/1488593256468393990/8lclk33a?format=jpg&name=orig', 'width': 1200, 'height': 675}, {'url': 'https://pbs.twimg.com/news_img/1488593256468393990/8lclk33a?format=jpg&name=150x150', 'width': 150, 'height': 150}], 'status': 200, 'title': 'Bikes, bikes and bikes in Münster - StreetPhoto24.com', 'description': '350 albums and 5000 photos Street photos, street portraits, people in the street. Photos are from Germany, especially North Germany, Münster.', 'unwound_url': 'https://streetphoto24.com/'}]",0,0,0,0,2017-04-23T23:59:43.000Z,Twitter for iPhone,"[{'type': 'quoted', 'id': '856292321364631554'}]","[{'start': 7, 'end': 30, 'url': 'https://t.co/YDfQ8Ue1aq', 'expanded_url': 'https://twitter.com/elonmusk/status/856292321364631554', 'display_url': 'twitter.com/elonmusk/statu…'}]",en,856296558081359872,Cheeky https://t.co/YDfQ8Ue1aq,807003567605227520,108,53,641,14,https://t.co/Ze18Ek9SOI,realamberheard,"Actor and Activist, semi-professional disruptor, ice cream advocate and shameless teacup yorkie-lover",807003567605227520,"Los Angeles, CA",https://pbs.twimg.com/profile_images/1383196364792680448/N8CdupEu_normal.jpg,2016-12-08T23:26:58.000Z,190362,220,1150,566,Amber Heard,https://t.co/GIppujElcx,SPhoto24,"Look at my blog, 350 albums with 5000 street photos, currently a lot of photos of Germany.",4418271387,Münster,https://pbs.twimg.com/profile_images/1360297654182432771/lvLMNdT4_normal.jpg,2015-12-08T18:22:42.000Z,5906,5940,504709,126,StreetPhoto24,,,
2017-04-25T10:14:52.000Z,Twitter Web Client,"[{'type': 'quoted', 'id': '856296558081359872'}]",en,856813756050964480,So finally after so many rumors..Amber Heard and Elon Musk made it official !!😋😋 https://t.co/53LQThzAjy,115211773,"[{'start': 81, 'end': 104, 'url': 'https://t.co/53LQThzAjy', 'expanded_url': 'https://twitter.com/realamberheard/status/856296558081359872', 'display_url': 'twitter.com/realamberheard…'}]",0,0,0,0,2017-04-23T23:59:43.000Z,Twitter for iPhone,"[{'type': 'quoted', 'id': '856292321364631554'}]","[{'start': 7, 'end': 30, 'url': 'https://t.co/YDfQ8Ue1aq', 'expanded_url': 'https://twitter.com/elonmusk/status/856292321364631554', 'display_url': 'twitter.com/elonmusk/statu…'}]",en,856296558081359872,Cheeky https://t.co/YDfQ8Ue1aq,807003567605227520,108,53,641,14,https://t.co/Ze18Ek9SOI,realamberheard,"Actor and Activist, semi-professional disruptor, ice cream advocate and shameless teacup yorkie-lover",807003567605227520,"Los Angeles, CA",https://pbs.twimg.com/profile_images/1383196364792680448/N8CdupEu_normal.jpg,2016-12-08T23:26:58.000Z,190362,220,1150,566,Amber Heard,https://t.co/Z7dkFhWgAX,dr_psychamy,"Head & Consultant Molecular Imaging,NuclearMedwiki,
✏MD SGPGI
🎓Molecular Imaging,PET/CT & PET/MRI    https://t.co/4DnEwFClMC",115211773,India,https://pbs.twimg.com/profile_images/1192950634313502722/7vLzbC9V_normal.jpg,2010-02-17T23:54:36.000Z,1619,994,13061,18,Amit Singh,"[{'start': 33, 'end': 43, 'probability': 0.8667, 'type': 'Person', 'normalized_text': 'Amber Heard'}, {'start': 49, 'end': 57, 'probability': 0.9502, 'type': 'Person', 'normalized_text': 'Elon Musk'}]",,
2017-04-24T18:36:30.000Z,Twitter for Android,"[{'type': 'quoted', 'id': '856296558081359872'}, {'type': 'replied_to', 'id': '856576783843545093'}]",und,856577608481480706,"Aye
https://t.co/JNIGmMfLde",318146792,"[{'start': 4, 'end': 27, 'url': 'https://t.co/JNIGmMfLde', 'expanded_url': 'https://twitter.com/realamberheard/status/856296558081359872', 'display_url': 'twitter.com/realamberheard…'}]",0,0,0,0,2017-04-23T23:59:43.000Z,Twitter for iPhone,"[{'type': 'quoted', 'id': '856292321364631554'}]","[{'start': 7, 'end': 30, 'url': 'https://t.co/YDfQ8Ue1aq', 'expanded_url': 'https://twitter.com/elonmusk/status/856292321364631554', 'display_url': 'twitter.com/elonmusk/statu…'}]",en,856296558081359872,Cheeky https://t.co/YDfQ8Ue1aq,807003567605227520,108,53,641,14,https://t.co/Ze18Ek9SOI,realamberheard,"Actor and Activist, semi-professional disruptor, ice cream advocate and shameless teacup yorkie-lover",807003567605227520,"Los Angeles, CA",https://pbs.twimg.com/profile_images/1383196364792680448/N8CdupEu_normal.jpg,2016-12-08T23:26:58.000Z,190362,220,1150,566,Amber Heard,,scatterbrrained,"I suffer from lifelong, irrepressible sweet tooth problems.",318146792,,https://pbs.twimg.com/profile_images/1148293755470061569/N4A6YWiy_normal.jpg,2011-06-16T01:34:18.000Z,534,424,46442,3,.,,318146792,
2017-04-24T17:27:49.000Z,Twitter Web Client,"[{'type': 'quoted', 'id': '856296558081359872'}]",en,856560320399130628,"#music datpiff mixtape #np https://t.co/7AZ8tbOzLU #MusicMonday MKTGNATION #WangoTango #WeenieRoast Confederate #mondaymotivation
#ATLISac https://t.co/shUKhJwuSq",837518672797155328,"[{'start': 27, 'end': 50, 'url': 'https://t.co/7AZ8tbOzLU', 'expanded_url': 'http://www.datpiff.com/Havoc-Hendrix-Murray-mixtape.840859.html', 'display_url': 'datpiff.com/Havoc-Hendrix-…'}, {'start': 139, 'end': 162, 'url': 'https://t.co/shUKhJwuSq', 'expanded_url': 'https://twitter.com/realamberheard/status/856296558081359872', 'display_url': 'twitter.com/realamberheard…'}]",0,0,0,0,2017-04-23T23:59:43.000Z,Twitter for iPhone,"[{'type': 'quoted', 'id': '856292321364631554'}]","[{'start': 7, 'end': 30, 'url': 'https://t.co/YDfQ8Ue1aq', 'expanded_url': 'https://twitter.com/elonmusk/status/856292321364631554', 'display_url': 'twitter.com/elonmusk/statu…'}]",en,856296558081359872,Cheeky https://t.co/YDfQ8Ue1aq,807003567605227520,108,53,641,14,https://t.co/Ze18Ek9SOI,realamberheard,"Actor and Activist, semi-professional disruptor, ice cream advocate and shameless teacup yorkie-lover",807003567605227520,"Los Angeles, CA",https://pbs.twimg.com/profile_images/1383196364792680448/N8CdupEu_normal.jpg,2016-12-08T23:26:58.000Z,190362,220,1150,566,Amber Heard,,Havok_Hendrix,,837518672797155328,,https://pbs.twimg.com/profile_images/837519804911144960/DlWeXlzh_normal.jpg,2017-03-03T04:23:06.000Z,157,2208,2057,2,Havok,,,"[{'start': 0, 'end': 6, 'tag': 'music'}, {'start': 23, 'end': 26, 'tag': 'np'}, {'start': 51, 'end': 63, 'tag': 'MusicMonday'}, {'start': 75, 'end': 86, 'tag': 'WangoTango'}, {'start': 87, 'end': 99, 'tag': 'WeenieRoast'}, {'start': 112, 'end': 129, 'tag': 'mondaymotivation'}, {'start': 130, 'end': 138, 'tag': 'ATLISac'}]"
2017-04-24T17:10:31.000Z,Twitter for iPhone,"[{'type': 'quoted', 'id': '856296558081359872'}]",en,856555969043603457,i just read this with evelyne brochu's voice i https://t.co/yH7b4DQbIN,293397603,"[{'start': 47, 'end': 70, 'url': 'https://t.co/yH7b4DQbIN', 'expanded_url': 'https://twitter.com/realamberheard/status/856296558081359872', 'display_url': 'twitter.com/realamberheard…'}]",0,0,1,0,2017-04-23T23:59:43.000Z,Twitter for iPhone,"[{'type': 'quoted', 'id': '856292321364631554'}]","[{'start': 7, 'end': 30, 'url': 'https://t.co/YDfQ8Ue1aq', 'expanded_url': 'https://twitter.com/elonmusk/status/856292321364631554', 'display_url': 'twitter.com/elonmusk/statu…'}]",en,856296558081359872,Cheeky https://t.co/YDfQ8Ue1aq,807003567605227520,108,53,641,14,https://t.co/Ze18Ek9SOI,realamberheard,"Actor and Activist, semi-professional disruptor, ice cream advocate and shameless teacup yorkie-lover",807003567605227520,"Los Angeles, CA",https://pbs.twimg.com/profile_images/1383196364792680448/N8CdupEu_normal.jpg,2016-12-08T23:26:58.000Z,190362,220,1150,566,Amber Heard,https://t.co/euQmPZCxbG,WAVYlNTERLUDE,she/they 🦋 20,293397603,sagittarius ☼ leo☽ scorpio ⇡,https://pbs.twimg.com/profile_images/1443778864866496513/ww8ldiiM_normal.jpg,2011-05-05T08:38:10.000Z,850,429,65702,6,lin,"[{'start': 22, 'end': 35, 'probability': 0.7788, 'type': 'Person', 'normalized_text': 'evelyne brochu'}]",,
2017-04-24T16:31:47.000Z,Twitter for iPhone,,en,856546219308589056,Good luck to him! He's gonna need it 😂 https://t.co/xhjnsrPc0c,84688393,"[{'start': 39, 'end': 62, 'url': 'https://t.co/xhjnsrPc0c', 'expanded_url': 'https://twitter.com/realamberheard/status/856296558081359872', 'display_url': 'twitter.com/realamberheard…'}]",0,0,2,0,2017-04-23T23:59:43.000Z,Twitter for iPhone,"[{'type': 'quoted', 'id': '856292321364631554'}]","[{'start': 7, 'end': 30, 'url': 'https://t.co/YDfQ8Ue1aq', 'expanded_url': 'https://twitter.com/elonmusk/status/856292321364631554', 'display_url': 'twitter.com/elonmusk/statu…'}]",en,856296558081359872,Cheeky https://t.co/YDfQ8Ue1aq,807003567605227520,108,53,641,14,https://t.co/Ze18Ek9SOI,realamberheard,"Actor and Activist, semi-professional disruptor, ice cream advocate and shameless teacup yorkie-lover",807003567605227520,"Los Angeles, CA",https://pbs.twimg.com/profile_images/1383196364792680448/N8CdupEu_normal.jpg,2016-12-08T23:26:58.000Z,190362,220,1150,566,Amber Heard,https://t.co/1G4JtmIIb7,I_Love_Depp,➡️🖤’Just keep moving forward’🖤-𝒥𝑜𝒽𝓃𝓃𝓎 𝒟𝑒𝓅𝓅 🎬 ♥️ HBC ❣️⫩❣️ Tim Burton 🖤♊️❣️@LFC⚽️#YNWA #DontBuyTheSun #JFT97,84688393,Northern Ireland,https://pbs.twimg.com/profile_images/1506235048235778057/EDsJTH6r_normal.jpg,2009-10-23T21:04:08.000Z,3203,836,58120,19,Laurën🥀🖤,,,
2017-04-24T11:02:51.000Z,Twitter Web Client,"[{'type': 'quoted', 'id': '856296558081359872'}]",pt,856463440701009921,"amiga, não faz assim que eu shippo https://t.co/5YcI0HsRQT",70827224,"[{'start': 35, 'end': 58, 'url': 'https://t.co/5YcI0HsRQT', 'expanded_url': 'https://twitter.com/realamberheard/status/856296558081359872', 'display_url': 'twitter.com/realamberheard…'}]",0,0,0,0,2017-04-23T23:59:43.000Z,Twitter for iPhone,"[{'type': 'quoted', 'id': '856292321364631554'}]","[{'start': 7, 'end': 30, 'url': 'https://t.co/YDfQ8Ue1aq', 'expanded_url': 'https://twitter.com/elonmusk/status/856292321364631554', 'display_url': 'twitter.com/elonmusk/statu…'}]",en,856296558081359872,Cheeky https://t.co/YDfQ8Ue1aq,807003567605227520,108,53,641,14,https://t.co/Ze18Ek9SOI,realamberheard,"Actor and Activist, semi-professional disruptor, ice cream advocate and shameless teacup yorkie-lover",807003567605227520,"Los Angeles, CA",https://pbs.twimg.com/profile_images/1383196364792680448/N8CdupEu_normal.jpg,2016-12-08T23:26:58.000Z,190362,220,1150,566,Amber Heard,,leticiabahr,,70827224,,https://pbs.twimg.com/profile_images/1467918348331757569/1Izn5Xfz_normal.jpg,2009-09-02T00:06:05.000Z,261,496,18538,3,Letícia,,,
2017-04-24T10:11:51.000Z,Twitter for iPhone,"[{'type': 'quoted', 'id': '856296558081359872'}]",en,856450605845540864,"Good on you Amber Heard👏🏻 
You have settled for younger; wealthier; more powerful &amp; definitely...sexy.
Glad you out of #Depp
#SayNoToBullies https://t.co/U3QyMHVirE",728111577002450944,"[{'start': 145, 'end': 168, 'url': 'https://t.co/U3QyMHVirE', 'expanded_url': 'https://twitter.com/realamberheard/status/856296558081359872', 'display_url': 'twitter.com/realamberheard…'}]",0,0,0,0,2017-04-23T23:59:43.000Z,Twitter for iPhone,"[{'type': 'quoted', 'id': '856292321364631554'}]","[{'start': 7, 'end': 30, 'url': 'https://t.co/YDfQ8Ue1aq', 'expanded_url': 'https://twitter.com/elonmusk/status/856292321364631554', 'display_url': 'twitter.com/elonmusk/statu…'}]",en,856296558081359872,Cheeky https://t.co/YDfQ8Ue1aq,807003567605227520,108,53,641,14,https://t.co/Ze18Ek9SOI,realamberheard,"Actor and Activist, semi-professional disruptor, ice cream advocate and shameless teacup yorkie-lover",807003567605227520,"Los Angeles, CA",https://pbs.twimg.com/profile_images/1383196364792680448/N8CdupEu_normal.jpg,2016-12-08T23:26:58.000Z,190362,220,1150,566,Amber Heard,,sharmz16,Advocate  against bullying... No to injustice,728111577002450944,Global Ambassador,https://pbs.twimg.com/profile_images/728113806769950720/7e0UOTLE_normal.jpg,2016-05-05T06:38:22.000Z,24,188,66,1,buddiesnotbullies,"[{'start': 12, 'end': 16, 'probability': 0.5103, 'type': 'Person', 'normalized_text': 'Amber'}]",,"[{'start': 123, 'end': 128, 'tag': 'Depp'}, {'start': 129, 'end': 144, 'tag': 'SayNoToBullies'}]"
2017-04-24T09:25:28.000Z,Twitter for Android,"[{'type': 'quoted', 'id': '856296558081359872'}]",tr,856438932543868928,Elon bu kari senin paranin pesinde yigidim ben sene diyem https://t.co/NtFEZeDcAz,3058239446,"[{'start': 58, 'end': 81, 'url': 'https://t.co/NtFEZeDcAz', 'expanded_url': 'https://twitter.com/realamberheard/status/856296558081359872', 'display_url': 'twitter.com/realamberheard…'}]",0,0,0,0,2017-04-23T23:59:43.000Z,Twitter for iPhone,"[{'type': 'quoted', 'id': '856292321364631554'}]","[{'start': 7, 'end': 30, 'url': 'https://t.co/YDfQ8Ue1aq', 'expanded_url': 'https://twitter.com/elonmusk/status/856292321364631554', 'display_url': 'twitter.com/elonmusk/statu…'}]",en,856296558081359872,Cheeky https://t.co/YDfQ8Ue1aq,807003567605227520,108,53,641,14,https://t.co/Ze18Ek9SOI,realamberheard,"Actor and Activist, semi-professional disruptor, ice cream advocate and shameless teacup yorkie-lover",807003567605227520,"Los Angeles, CA",https://pbs.twimg.com/profile_images/1383196364792680448/N8CdupEu_normal.jpg,2016-12-08T23:26:58.000Z,190362,220,1150,566,Amber Heard,,ozturks94,,3058239446,,https://pbs.twimg.com/profile_images/1505222522962391043/BViBIBvq_normal.jpg,2015-03-02T20:39:07.000Z,151,325,11305,2,öztürk,,,
2017-04-24T00:07:37.000Z,Twitter for iPad,"[{'type': 'quoted', 'id': '856296558081359872'}]",en,856298547582570496,Red lips 💋💋💋 https://t.co/2N6RoxyTsP,3225709965,"[{'start': 13, 'end': 36, 'url': 'https://t.co/2N6RoxyTsP', 'expanded_url': 'https://twitter.com/realamberheard/status/856296558081359872', 'display_url': 'twitter.com/realamberheard…'}]",0,0,0,0,2017-04-23T23:59:43.000Z,Twitter for iPhone,"[{'type': 'quoted', 'id': '856292321364631554'}]","[{'start': 7, 'end': 30, 'url': 'https://t.co/YDfQ8Ue1aq', 'expanded_url': 'https://twitter.com/elonmusk/status/856292321364631554', 'display_url': 'twitter.com/elonmusk/statu…'}]",en,856296558081359872,Cheeky https://t.co/YDfQ8Ue1aq,807003567605227520,108,53,641,14,https://t.co/Ze18Ek9SOI,realamberheard,"Actor and Activist, semi-professional disruptor, ice cream advocate and shameless teacup yorkie-lover",807003567605227520,"Los Angeles, CA",https://pbs.twimg.com/profile_images/1383196364792680448/N8CdupEu_normal.jpg,2016-12-08T23:26:58.000Z,190362,220,1150,566,Amber Heard,,xtinasarrival,One hyperfixation at time. She/her,3225709965,Brazil,https://pbs.twimg.com/profile_images/1506686593679167494/YctkC0hX_normal.jpg,2015-05-01T02:25:08.000Z,505,383,55695,8,Jam,,,
2017-04-24T00:02:43.000Z,Twitter for iPhone,"[{'type': 'quoted', 'id': '856296558081359872'}]",pt,856297313714798599,Shippando fortemente esse casal https://t.co/5KyjX7Cek1,103653538,"[{'start': 32, 'end': 55, 'url': 'https://t.co/5KyjX7Cek1', 'expanded_url': 'https://twitter.com/realamberheard/status/856296558081359872', 'display_url': 'twitter.com/realamberheard…'}]",0,0,0,0,2017-04-23T23:59:43.000Z,Twitter for iPhone,"[{'type': 'quoted', 'id': '856292321364631554'}]","[{'start': 7, 'end': 30, 'url': 'https://t.co/YDfQ8Ue1aq', 'expanded_url': 'https://twitter.com/elonmusk/status/856292321364631554', 'display_url': 'twitter.com/elonmusk/statu…'}]",en,856296558081359872,Cheeky https://t.co/YDfQ8Ue1aq,807003567605227520,108,53,641,14,https://t.co/Ze18Ek9SOI,realamberheard,"Actor and Activist, semi-professional disruptor, ice cream advocate and shameless teacup yorkie-lover",807003567605227520,"Los Angeles, CA",https://pbs.twimg.com/profile_images/1383196364792680448/N8CdupEu_normal.jpg,2016-12-08T23:26:58.000Z,190362,220,1150,566,Amber Heard,https://t.co/TDq8PERlXy,wannabeherdeira,"RI, direito e tudo que há de ruim. A real shit show at the fuck factory.",103653538,,https://pbs.twimg.com/profile_images/1482537065254371333/A17lXxZH_normal.jpg,2010-01-10T20:06:09.000Z,236,241,32734,3,ana carolina,,,
2017-04-24T00:00:43.000Z,Twitter for iPhone,"[{'type': 'quoted', 'id': '856296558081359872'}]",fr,856296812193472513,elle confirme leurs relation!!!! https://t.co/Uw1XOagUsf,564823986,"[{'start': 33, 'end': 56, 'url': 'https://t.co/Uw1XOagUsf', 'expanded_url': 'https://twitter.com/realamberheard/status/856296558081359872', 'display_url': 'twitter.com/realamberheard…'}]",0,0,0,0,2017-04-23T23:59:43.000Z,Twitter for iPhone,"[{'type': 'quoted', 'id': '856292321364631554'}]","[{'start': 7, 'end': 30, 'url': 'https://t.co/YDfQ8Ue1aq', 'expanded_url': 'https://twitter.com/elonmusk/status/856292321364631554', 'display_url': 'twitter.com/elonmusk/statu…'}]",en,856296558081359872,Cheeky https://t.co/YDfQ8Ue1aq,807003567605227520,108,53,641,14,https://t.co/Ze18Ek9SOI,realamberheard,"Actor and Activist, semi-professional disruptor, ice cream advocate and shameless teacup yorkie-lover",807003567605227520,"Los Angeles, CA",https://pbs.twimg.com/profile_images/1383196364792680448/N8CdupEu_normal.jpg,2016-12-08T23:26:58.000Z,190362,220,1150,566,Amber Heard,https://t.co/3OwoITRqMZ,bvtcat,"23. she/her. I may not know love, but I know snacks. •◡•",564823986,not seoul anymore,https://pbs.twimg.com/profile_images/1478850489206943744/Jzu2w_JD_normal.jpg,2012-04-27T16:31:32.000Z,1114,344,199742,0,c •◡• 🍊,,,
