id,source,lang,text,referenced_tweets,author_id,created_at,public_metrics.retweet_count,public_metrics.reply_count,public_metrics.like_count,public_metrics.quote_count,entities.urls,entities.mentions,quoted_tweet.id,quoted_tweet.source,quoted_tweet.lang,quoted_tweet.text,quoted_tweet.public_metrics.retweet_count,quoted_tweet.public_metrics.reply_count,quoted_tweet.public_metrics.like_count,quoted_tweet.public_metrics.quote_count,quoted_tweet.entities.hashtags,quoted_tweet.entities.annotations,quoted_tweet.author_id,quoted_tweet.created_at,quoted_tweet.author.location,quoted_tweet.author.profile_image_url,quoted_tweet.author.name,quoted_tweet.author.username,quoted_tweet.author.created_at,quoted_tweet.author.id,quoted_tweet.author.public_metrics.followers_count,quoted_tweet.author.public_metrics.following_count,quoted_tweet.author.public_metrics.tweet_count,quoted_tweet.author.public_metrics.listed_count,quoted_tweet.author.url,quoted_tweet.author.description,author.location,author.profile_image_url,author.name,author.username,author.created_at,author.id,author.public_metrics.followers_count,author.public_metrics.following_count,author.public_metrics.tweet_count,author.public_metrics.listed_count,author.url,author.description,entities.annotations
870607784773025792,Twitter for iPhone,en,You may be dating @elonmusk if... https://t.co/EwG5l7yVH1,"[{'type': 'quoted', 'id': '870503829640433664'}]",293244970,2017-06-02T11:47:25.000Z,0,0,2,0,"[{'start': 34, 'end': 57, 'url': 'https://t.co/EwG5l7yVH1', 'expanded_url': 'https://twitter.com/realamberheard/status/870503829640433664', 'display_url': 'twitter.com/realamberheard…'}]","[{'start': 18, 'end': 27, 'username': 'elonmusk', 'id': '44196397'}]",870503829640433664,Twitter for iPhone,en,"It's not Pittsburgh vs. Paris, it's our Planet. Earth is the one place (for now) we all call home.  #MakethePlanetGreatAgain
#ParisAgreement",231,34,838,7,"[{'start': 100, 'end': 124, 'tag': 'MakethePlanetGreatAgain'}, {'start': 125, 'end': 140, 'tag': 'ParisAgreement'}]","[{'start': 9, 'end': 18, 'probability': 0.9206, 'type': 'Place', 'normalized_text': 'Pittsburgh'}, {'start': 24, 'end': 28, 'probability': 0.8052, 'type': 'Place', 'normalized_text': 'Paris'}]",807003567605227520,2017-06-02T04:54:20.000Z,"Los Angeles, CA",https://pbs.twimg.com/profile_images/1383196364792680448/N8CdupEu_normal.jpg,Amber Heard,realamberheard,2016-12-08T23:26:58.000Z,807003567605227520,190364,220,1150,566,https://t.co/Ze18Ek9SOI,"Actor and Activist, semi-professional disruptor, ice cream advocate and shameless teacup yorkie-lover","Austin, TX",https://pbs.twimg.com/profile_images/727684254646276096/NzI1nTor_normal.jpg,Will Fry,williamrfry,2011-05-05T00:50:38.000Z,293244970,790,817,2817,37,https://t.co/NQUZ1J6O1j,don’t let your fire go out.,
870520575088746497,Twitter for Android,en,Also. There are a lot of folks from Pittsburgh who are pissed that he used them as an example. https://t.co/hJWUm8evnY,"[{'type': 'quoted', 'id': '870503829640433664'}]",4615068181,2017-06-02T06:00:53.000Z,0,0,0,0,"[{'start': 95, 'end': 118, 'url': 'https://t.co/hJWUm8evnY', 'expanded_url': 'https://twitter.com/realamberheard/status/870503829640433664', 'display_url': 'twitter.com/realamberheard…'}]",,870503829640433664,Twitter for iPhone,en,"It's not Pittsburgh vs. Paris, it's our Planet. Earth is the one place (for now) we all call home.  #MakethePlanetGreatAgain
#ParisAgreement",231,34,838,7,"[{'start': 100, 'end': 124, 'tag': 'MakethePlanetGreatAgain'}, {'start': 125, 'end': 140, 'tag': 'ParisAgreement'}]","[{'start': 9, 'end': 18, 'probability': 0.9206, 'type': 'Place', 'normalized_text': 'Pittsburgh'}, {'start': 24, 'end': 28, 'probability': 0.8052, 'type': 'Place', 'normalized_text': 'Paris'}]",807003567605227520,2017-06-02T04:54:20.000Z,"Los Angeles, CA",https://pbs.twimg.com/profile_images/1383196364792680448/N8CdupEu_normal.jpg,Amber Heard,realamberheard,2016-12-08T23:26:58.000Z,807003567605227520,190364,220,1150,566,https://t.co/Ze18Ek9SOI,"Actor and Activist, semi-professional disruptor, ice cream advocate and shameless teacup yorkie-lover","Oregon, USA",https://pbs.twimg.com/profile_images/678659171852533760/rbJDzVY9_normal.jpg,Jenny Lou,jennylou119,2015-12-20T19:29:04.000Z,4615068181,277,1704,11694,6,https://t.co/T8jaZ2GZF3,Mum. Teacher. Veteran. Knitter.Grammar enthusiast. Fandom Nerd.  Prone to unpredictable bouts of singing. Smiles for no reason. $jlmckeen,"[{'start': 36, 'end': 45, 'probability': 0.9114, 'type': 'Place', 'normalized_text': 'Pittsburgh'}]"
870504753330921474,Twitter for iPhone,en,earth saving queen https://t.co/Rix5dT3qQn,"[{'type': 'quoted', 'id': '870503829640433664'}]",254527802,2017-06-02T04:58:01.000Z,0,0,0,0,"[{'start': 19, 'end': 42, 'url': 'https://t.co/Rix5dT3qQn', 'expanded_url': 'https://twitter.com/realamberheard/status/870503829640433664', 'display_url': 'twitter.com/realamberheard…'}]",,870503829640433664,Twitter for iPhone,en,"It's not Pittsburgh vs. Paris, it's our Planet. Earth is the one place (for now) we all call home.  #MakethePlanetGreatAgain
#ParisAgreement",231,34,838,7,"[{'start': 100, 'end': 124, 'tag': 'MakethePlanetGreatAgain'}, {'start': 125, 'end': 140, 'tag': 'ParisAgreement'}]","[{'start': 9, 'end': 18, 'probability': 0.9206, 'type': 'Place', 'normalized_text': 'Pittsburgh'}, {'start': 24, 'end': 28, 'probability': 0.8052, 'type': 'Place', 'normalized_text': 'Paris'}]",807003567605227520,2017-06-02T04:54:20.000Z,"Los Angeles, CA",https://pbs.twimg.com/profile_images/1383196364792680448/N8CdupEu_normal.jpg,Amber Heard,realamberheard,2016-12-08T23:26:58.000Z,807003567605227520,190364,220,1150,566,https://t.co/Ze18Ek9SOI,"Actor and Activist, semi-professional disruptor, ice cream advocate and shameless teacup yorkie-lover",Australia,https://pbs.twimg.com/profile_images/883808084790960128/2aQ2mw-__normal.jpg,amber,queenwitchiepoo,2011-02-19T13:20:23.000Z,254527802,5665,960,138908,38,https://t.co/Qux05uzRGo,"higher, further, faster baby 🤙🏼 🐘 🐉 p.28 👩🏻‍🎨🖼🔥 (she/her)",
