source,lang,created_at,id,referenced_tweets,text,author_id,public_metrics.retweet_count,public_metrics.reply_count,public_metrics.like_count,public_metrics.quote_count,entities.urls,quoted_tweet.source,quoted_tweet.in_reply_to_user_id,quoted_tweet.lang,quoted_tweet.public_metrics.retweet_count,quoted_tweet.public_metrics.reply_count,quoted_tweet.public_metrics.like_count,quoted_tweet.public_metrics.quote_count,quoted_tweet.created_at,quoted_tweet.id,quoted_tweet.referenced_tweets,quoted_tweet.text,quoted_tweet.author_id,quoted_tweet.author.created_at,quoted_tweet.author.profile_image_url,quoted_tweet.author.url,quoted_tweet.author.name,quoted_tweet.author.location,quoted_tweet.author.id,quoted_tweet.author.public_metrics.followers_count,quoted_tweet.author.public_metrics.following_count,quoted_tweet.author.public_metrics.tweet_count,quoted_tweet.author.public_metrics.listed_count,quoted_tweet.author.description,quoted_tweet.author.username,author.created_at,author.profile_image_url,author.url,author.name,author.location,author.id,author.public_metrics.followers_count,author.public_metrics.following_count,author.public_metrics.tweet_count,author.public_metrics.listed_count,author.description,author.username
Twitter for Android,en,2017-06-11T06:42:35.000Z,873792559499313152,"[{'type': 'quoted', 'id': '873654376174305280'}]",invented the gays https://t.co/9cQWnqoAxy,2860616807,0,0,0,0,"[{'start': 18, 'end': 41, 'url': 'https://t.co/9cQWnqoAxy', 'expanded_url': 'https://twitter.com/realamberheard/status/873654376174305280', 'display_url': 'twitter.com/realamberheard…'}]",Twitter for iPhone,807003567605227520,en,240,61,815,17,2017-06-10T21:33:29.000Z,873654376174305280,"[{'type': 'replied_to', 'id': '873654120552423424'}]",Happy Pride!!,807003567605227520,2016-12-08T23:26:58.000Z,https://pbs.twimg.com/profile_images/1383196364792680448/N8CdupEu_normal.jpg,https://t.co/Ze18Ek9SOI,Amber Heard,"Los Angeles, CA",807003567605227520,190364,220,1150,566,"Actor and Activist, semi-professional disruptor, ice cream advocate and shameless teacup yorkie-lover",realamberheard,2014-11-04T13:16:22.000Z,https://pbs.twimg.com/profile_images/1249637128927170560/J_Z8tZD2_normal.jpg,,sofia,skg,2860616807,2719,96,34940,11,polo lives matter,POL0BENAVENT
Twitter Web Client,en,2017-06-11T05:53:00.000Z,873780083261132800,"[{'type': 'quoted', 'id': '873654376174305280'}]",i love my gf https://t.co/zmxG6F32IV,1016585366,0,0,1,0,"[{'start': 13, 'end': 36, 'url': 'https://t.co/zmxG6F32IV', 'expanded_url': 'https://twitter.com/realamberheard/status/873654376174305280', 'display_url': 'twitter.com/realamberheard…'}]",Twitter for iPhone,807003567605227520,en,240,61,815,17,2017-06-10T21:33:29.000Z,873654376174305280,"[{'type': 'replied_to', 'id': '873654120552423424'}]",Happy Pride!!,807003567605227520,2016-12-08T23:26:58.000Z,https://pbs.twimg.com/profile_images/1383196364792680448/N8CdupEu_normal.jpg,https://t.co/Ze18Ek9SOI,Amber Heard,"Los Angeles, CA",807003567605227520,190364,220,1150,566,"Actor and Activist, semi-professional disruptor, ice cream advocate and shameless teacup yorkie-lover",realamberheard,2012-12-17T03:21:53.000Z,https://pbs.twimg.com/profile_images/1061869957166682112/stAUhmbS_normal.jpg,https://t.co/mt5qtdWWfO,🎄Andiee Dinkleberg🎄,support ur local fro-yo joint,1016585366,838,0,59575,5,ho ho hoe,LostInEverAfter
Twitter for Android,en,2017-06-11T05:27:38.000Z,873773697500274689,"[{'type': 'quoted', 'id': '873654376174305280'}]",a B queen ❣ https://t.co/v024vc3Pvs,1605035707,0,0,0,0,"[{'start': 12, 'end': 35, 'url': 'https://t.co/v024vc3Pvs', 'expanded_url': 'https://twitter.com/realamberheard/status/873654376174305280', 'display_url': 'twitter.com/realamberheard…'}]",Twitter for iPhone,807003567605227520,en,240,61,815,17,2017-06-10T21:33:29.000Z,873654376174305280,"[{'type': 'replied_to', 'id': '873654120552423424'}]",Happy Pride!!,807003567605227520,2016-12-08T23:26:58.000Z,https://pbs.twimg.com/profile_images/1383196364792680448/N8CdupEu_normal.jpg,https://t.co/Ze18Ek9SOI,Amber Heard,"Los Angeles, CA",807003567605227520,190364,220,1150,566,"Actor and Activist, semi-professional disruptor, ice cream advocate and shameless teacup yorkie-lover",realamberheard,2013-07-19T04:00:10.000Z,https://pbs.twimg.com/profile_images/1490145655133663236/oojpLYq5_normal.jpg,,vivian,she / her ,1605035707,344,475,35252,1,what a time to be alive,vcssstro
Twitter for iPhone,und,2017-06-11T00:25:53.000Z,873697761165799429,"[{'type': 'quoted', 'id': '873654376174305280'}]",:'))) https://t.co/dl3irhPdb1,750761468749045760,0,0,0,0,"[{'start': 6, 'end': 29, 'url': 'https://t.co/dl3irhPdb1', 'expanded_url': 'https://twitter.com/realamberheard/status/873654376174305280', 'display_url': 'twitter.com/realamberheard…'}]",Twitter for iPhone,807003567605227520,en,240,61,815,17,2017-06-10T21:33:29.000Z,873654376174305280,"[{'type': 'replied_to', 'id': '873654120552423424'}]",Happy Pride!!,807003567605227520,2016-12-08T23:26:58.000Z,https://pbs.twimg.com/profile_images/1383196364792680448/N8CdupEu_normal.jpg,https://t.co/Ze18Ek9SOI,Amber Heard,"Los Angeles, CA",807003567605227520,190364,220,1150,566,"Actor and Activist, semi-professional disruptor, ice cream advocate and shameless teacup yorkie-lover",realamberheard,2016-07-06T18:40:57.000Z,https://pbs.twimg.com/profile_images/1500508202517118982/RiFoBSaK_normal.jpg,https://t.co/URZtQQsYjh,hannah 🐌,she/they • 21,750761468749045760,1374,597,44973,13,now im in this...dreamplace,3unseos
Twitter for Android,en,2017-06-10T22:56:22.000Z,873675233860956160,"[{'type': 'quoted', 'id': '873654376174305280'}]",Poesia https://t.co/cmqqTIdwB2,341810053,0,0,0,0,"[{'start': 7, 'end': 30, 'url': 'https://t.co/cmqqTIdwB2', 'expanded_url': 'https://twitter.com/realamberheard/status/873654376174305280', 'display_url': 'twitter.com/realamberheard…'}]",Twitter for iPhone,807003567605227520,en,240,61,815,17,2017-06-10T21:33:29.000Z,873654376174305280,"[{'type': 'replied_to', 'id': '873654120552423424'}]",Happy Pride!!,807003567605227520,2016-12-08T23:26:58.000Z,https://pbs.twimg.com/profile_images/1383196364792680448/N8CdupEu_normal.jpg,https://t.co/Ze18Ek9SOI,Amber Heard,"Los Angeles, CA",807003567605227520,190364,220,1150,566,"Actor and Activist, semi-professional disruptor, ice cream advocate and shameless teacup yorkie-lover",realamberheard,2011-07-25T00:34:07.000Z,https://pbs.twimg.com/profile_images/873275379343134720/eh45KNq1_normal.jpg,,Constanthygo 😒🚬,Zona Fantasma,341810053,125,0,10233,3,"Não fale bem de mim, vai estragar minha reputação 😒🚬 / #SantosSempreSantos / Cartoleiro / Religião Snyderiana 🙏 / ~Dc, Filmes e Séries~",lima_thy
Twitter for Android,und,2017-06-10T22:18:05.000Z,873665600106758151,"[{'type': 'quoted', 'id': '873654376174305280'}]",aaaaaaaaa https://t.co/u3ew8M0lA5,234902664,0,0,0,0,"[{'start': 10, 'end': 33, 'url': 'https://t.co/u3ew8M0lA5', 'expanded_url': 'https://twitter.com/realamberheard/status/873654376174305280', 'display_url': 'twitter.com/realamberheard…'}]",Twitter for iPhone,807003567605227520,en,240,61,815,17,2017-06-10T21:33:29.000Z,873654376174305280,"[{'type': 'replied_to', 'id': '873654120552423424'}]",Happy Pride!!,807003567605227520,2016-12-08T23:26:58.000Z,https://pbs.twimg.com/profile_images/1383196364792680448/N8CdupEu_normal.jpg,https://t.co/Ze18Ek9SOI,Amber Heard,"Los Angeles, CA",807003567605227520,190364,220,1150,566,"Actor and Activist, semi-professional disruptor, ice cream advocate and shameless teacup yorkie-lover",realamberheard,2011-01-06T21:25:00.000Z,https://pbs.twimg.com/profile_images/1499327558411816960/ONPmhMr7_normal.jpg,https://t.co/xks7aZnJQV,paola,"ksw, sj, cx, joy",234902664,1234,663,171693,14,사나.. 니가 내 봄이다..,tozakysn
Twitter for Android,en,2017-06-10T21:44:20.000Z,873657107316428802,"[{'type': 'quoted', 'id': '873654376174305280'}]",My bae 💚💚💚 https://t.co/K8G7xFdvNc,364021443,0,0,0,0,"[{'start': 11, 'end': 34, 'url': 'https://t.co/K8G7xFdvNc', 'expanded_url': 'https://twitter.com/realamberheard/status/873654376174305280', 'display_url': 'twitter.com/realamberheard…'}]",Twitter for iPhone,807003567605227520,en,240,61,815,17,2017-06-10T21:33:29.000Z,873654376174305280,"[{'type': 'replied_to', 'id': '873654120552423424'}]",Happy Pride!!,807003567605227520,2016-12-08T23:26:58.000Z,https://pbs.twimg.com/profile_images/1383196364792680448/N8CdupEu_normal.jpg,https://t.co/Ze18Ek9SOI,Amber Heard,"Los Angeles, CA",807003567605227520,190364,220,1150,566,"Actor and Activist, semi-professional disruptor, ice cream advocate and shameless teacup yorkie-lover",realamberheard,2011-08-29T02:20:52.000Z,https://pbs.twimg.com/profile_images/1465089164899241985/WTym8EhO_normal.jpg,,💬,sociedade esportiva palmeiras,364021443,977,74,107527,13,my mind's like a deadly disease.,deusinabsenti
Twitter for Android,in,2017-06-10T21:38:25.000Z,873655616077791232,"[{'type': 'quoted', 'id': '873654376174305280'}]",bi icon 🌈 https://t.co/QpJcpmYtzH,139044989,0,0,0,0,"[{'start': 10, 'end': 33, 'url': 'https://t.co/QpJcpmYtzH', 'expanded_url': 'https://twitter.com/realamberheard/status/873654376174305280', 'display_url': 'twitter.com/realamberheard…'}]",Twitter for iPhone,807003567605227520,en,240,61,815,17,2017-06-10T21:33:29.000Z,873654376174305280,"[{'type': 'replied_to', 'id': '873654120552423424'}]",Happy Pride!!,807003567605227520,2016-12-08T23:26:58.000Z,https://pbs.twimg.com/profile_images/1383196364792680448/N8CdupEu_normal.jpg,https://t.co/Ze18Ek9SOI,Amber Heard,"Los Angeles, CA",807003567605227520,190364,220,1150,566,"Actor and Activist, semi-professional disruptor, ice cream advocate and shameless teacup yorkie-lover",realamberheard,2010-05-01T11:22:31.000Z,https://pbs.twimg.com/profile_images/1502026129980502023/DhNtd6ZT_normal.jpg,https://t.co/BUr2RJHebU,linda belcher’s variant,"Atteridgeville, Pretoria",139044989,1171,463,187391,14,@behold_cinema || filmmaker? we'll see || i write stuff || i review films sometimes || mixture of chaos & art || cinéphile.,lucid_unicorn
Twitter for iPhone,en,2017-06-10T21:34:44.000Z,873654691699281920,"[{'type': 'quoted', 'id': '873654376174305280'}]",I love you https://t.co/Up8YdOTzHb,3161476670,0,0,1,0,"[{'start': 11, 'end': 34, 'url': 'https://t.co/Up8YdOTzHb', 'expanded_url': 'https://twitter.com/realamberheard/status/873654376174305280', 'display_url': 'twitter.com/realamberheard…'}]",Twitter for iPhone,807003567605227520,en,240,61,815,17,2017-06-10T21:33:29.000Z,873654376174305280,"[{'type': 'replied_to', 'id': '873654120552423424'}]",Happy Pride!!,807003567605227520,2016-12-08T23:26:58.000Z,https://pbs.twimg.com/profile_images/1383196364792680448/N8CdupEu_normal.jpg,https://t.co/Ze18Ek9SOI,Amber Heard,"Los Angeles, CA",807003567605227520,190364,220,1150,566,"Actor and Activist, semi-professional disruptor, ice cream advocate and shameless teacup yorkie-lover",realamberheard,2015-04-17T18:10:20.000Z,https://pbs.twimg.com/profile_images/1332374411266191363/QB4nxrNp_normal.jpg,,Turki,,3161476670,3584,169,39797,4,I like to spread love and positivity. I'm the softest guy you'll ever come across.,wokesaudi
Twitter for iPhone,en,2017-06-10T21:34:28.000Z,873654624921808896,"[{'type': 'quoted', 'id': '873654376174305280'}]",LOVE YOU QUEEN! https://t.co/23QX4u0FwH,177703283,0,0,1,0,"[{'start': 16, 'end': 39, 'url': 'https://t.co/23QX4u0FwH', 'expanded_url': 'https://twitter.com/realamberheard/status/873654376174305280', 'display_url': 'twitter.com/realamberheard…'}]",Twitter for iPhone,807003567605227520,en,240,61,815,17,2017-06-10T21:33:29.000Z,873654376174305280,"[{'type': 'replied_to', 'id': '873654120552423424'}]",Happy Pride!!,807003567605227520,2016-12-08T23:26:58.000Z,https://pbs.twimg.com/profile_images/1383196364792680448/N8CdupEu_normal.jpg,https://t.co/Ze18Ek9SOI,Amber Heard,"Los Angeles, CA",807003567605227520,190364,220,1150,566,"Actor and Activist, semi-professional disruptor, ice cream advocate and shameless teacup yorkie-lover",realamberheard,2010-08-12T21:22:41.000Z,https://pbs.twimg.com/profile_images/1500534012053495808/6t3Dhwii_normal.jpg,https://t.co/X0Q8xju3UR,manda 🌙,"on your left,",177703283,5399,1098,263382,174,• EIC https://t.co/FUUWQwLUtr •✍🏼 @GeekBomb 🎙 @CinemaniaWorld @MCDIPod @TheSuitUpGeeks • @NAFilmCritic • 🍌 meter approved • #SonyHousehold,amxndareviews
Twitter for Android,und,2017-06-10T21:34:26.000Z,873654614620590081,"[{'type': 'quoted', 'id': '873654376174305280'}]",💖💜💙 https://t.co/Ow4hjCDPLO,182911325,0,0,0,0,"[{'start': 4, 'end': 27, 'url': 'https://t.co/Ow4hjCDPLO', 'expanded_url': 'https://twitter.com/realamberheard/status/873654376174305280', 'display_url': 'twitter.com/realamberheard…'}]",Twitter for iPhone,807003567605227520,en,240,61,815,17,2017-06-10T21:33:29.000Z,873654376174305280,"[{'type': 'replied_to', 'id': '873654120552423424'}]",Happy Pride!!,807003567605227520,2016-12-08T23:26:58.000Z,https://pbs.twimg.com/profile_images/1383196364792680448/N8CdupEu_normal.jpg,https://t.co/Ze18Ek9SOI,Amber Heard,"Los Angeles, CA",807003567605227520,190364,220,1150,566,"Actor and Activist, semi-professional disruptor, ice cream advocate and shameless teacup yorkie-lover",realamberheard,2010-08-25T18:07:07.000Z,https://pbs.twimg.com/profile_images/1505270015603490822/RZrU01kS_normal.jpg,https://t.co/tjg0PbxwT3,🌷elena,bts･twice･genshin,182911325,1253,358,91811,37,"prod. JIMIN, written by MOMO",trivialoveline
