author_id,created_at,referenced_tweets,source,text,id,lang,entities.hashtags,entities.urls,public_metrics.retweet_count,public_metrics.reply_count,public_metrics.like_count,public_metrics.quote_count,quoted_tweet.author_id,quoted_tweet.created_at,quoted_tweet.referenced_tweets,quoted_tweet.source,quoted_tweet.text,quoted_tweet.id,quoted_tweet.public_metrics.retweet_count,quoted_tweet.public_metrics.reply_count,quoted_tweet.public_metrics.like_count,quoted_tweet.public_metrics.quote_count,quoted_tweet.lang,quoted_tweet.entities.urls,quoted_tweet.author.created_at,quoted_tweet.author.name,quoted_tweet.author.id,quoted_tweet.author.description,quoted_tweet.author.profile_image_url,quoted_tweet.author.url,quoted_tweet.author.location,quoted_tweet.author.public_metrics.followers_count,quoted_tweet.author.public_metrics.following_count,quoted_tweet.author.public_metrics.tweet_count,quoted_tweet.author.public_metrics.listed_count,quoted_tweet.author.username,author.created_at,author.name,author.id,author.description,author.profile_image_url,author.url,author.location,author.public_metrics.followers_count,author.public_metrics.following_count,author.public_metrics.tweet_count,author.public_metrics.listed_count,author.username,entities.annotations,in_reply_to_user_id,entities.mentions
25718783,2017-12-08T13:49:12.000Z,"[{'type': 'quoted', 'id': '901244851227840512'}]",Twitter for iPhone,Wow. #lightbulbmoment https://t.co/cq2XnRYmf5,939129736403570688,und,"[{'start': 5, 'end': 21, 'tag': 'lightbulbmoment'}]","[{'start': 22, 'end': 45, 'url': 'https://t.co/cq2XnRYmf5', 'expanded_url': 'https://twitter.com/realamberheard/status/901244851227840512', 'display_url': 'twitter.com/realamberheard…'}]",0,0,0,0,807003567605227520,2017-08-26T00:48:11.000Z,"[{'type': 'quoted', 'id': '901067147626991616'}]",Twitter Web Client,https://t.co/kKQNyP3DvY,901244851227840512,261,74,976,14,und,"[{'start': 0, 'end': 23, 'url': 'https://t.co/kKQNyP3DvY', 'expanded_url': 'https://twitter.com/TheEconomist/status/901067147626991616', 'display_url': 'twitter.com/TheEconomist/s…'}]",2016-12-08T23:26:58.000Z,Amber Heard,807003567605227520,"Actor and Activist, semi-professional disruptor, ice cream advocate and shameless teacup yorkie-lover",https://pbs.twimg.com/profile_images/1383196364792680448/N8CdupEu_normal.jpg,https://t.co/Ze18Ek9SOI,"Los Angeles, CA",190364,220,1150,566,realamberheard,2009-03-21T19:52:38.000Z,Amy Krey,25718783,"💫I’m not superstitious, I’m a littlestitious",https://pbs.twimg.com/profile_images/1494802505410166790/K-2h9UB-_normal.jpg,,"Pennsylvania, USA",139,480,2600,2,kreyphish,,,
2258159569,2017-11-03T08:39:13.000Z,"[{'type': 'quoted', 'id': '901244851227840512'}]",Twitter Web App,"Amber
Totally agree
That was a powerful argument 
You must be Heard https://t.co/N7Axg9yU0V",926368154351259648,en,,"[{'start': 68, 'end': 91, 'url': 'https://t.co/N7Axg9yU0V', 'expanded_url': 'https://twitter.com/realamberheard/status/901244851227840512', 'display_url': 'twitter.com/realamberheard…'}]",0,0,0,0,807003567605227520,2017-08-26T00:48:11.000Z,"[{'type': 'quoted', 'id': '901067147626991616'}]",Twitter Web Client,https://t.co/kKQNyP3DvY,901244851227840512,261,74,976,14,und,"[{'start': 0, 'end': 23, 'url': 'https://t.co/kKQNyP3DvY', 'expanded_url': 'https://twitter.com/TheEconomist/status/901067147626991616', 'display_url': 'twitter.com/TheEconomist/s…'}]",2016-12-08T23:26:58.000Z,Amber Heard,807003567605227520,"Actor and Activist, semi-professional disruptor, ice cream advocate and shameless teacup yorkie-lover",https://pbs.twimg.com/profile_images/1383196364792680448/N8CdupEu_normal.jpg,https://t.co/Ze18Ek9SOI,"Los Angeles, CA",190364,220,1150,566,realamberheard,2013-12-22T21:39:27.000Z,Billi Shears 👽🏴󠁧󠁢󠁷󠁬󠁳󠁿 🇪🇺 🇺🇦,2258159569,I have 51% human DNA : 49% Alien - Comedy writer - The SOUL voice 4 the #FartonEmpire on #Earth I Speak the TOOTH - Blocked by Scientology - ManWithBeard Cymro,https://pbs.twimg.com/profile_images/927971404754116608/GRrlXoS2_normal.jpg,,Cambrensis - Timetraveler,1299,4992,48692,30,toothisoutthere,"[{'start': 0, 'end': 5, 'probability': 0.8737, 'type': 'Person', 'normalized_text': 'Amber'}]",,
822544851468165122,2017-09-08T01:38:12.000Z,"[{'type': 'quoted', 'id': '901244851227840512'}]",Twitter Web Client,#RRRR https://t.co/9AMYi4nlKQ,905968479878103040,und,"[{'start': 0, 'end': 5, 'tag': 'RRRR'}]","[{'start': 6, 'end': 29, 'url': 'https://t.co/9AMYi4nlKQ', 'expanded_url': 'https://twitter.com/realamberheard/status/901244851227840512', 'display_url': 'twitter.com/realamberheard…'}]",0,0,0,0,807003567605227520,2017-08-26T00:48:11.000Z,"[{'type': 'quoted', 'id': '901067147626991616'}]",Twitter Web Client,https://t.co/kKQNyP3DvY,901244851227840512,261,74,976,14,und,"[{'start': 0, 'end': 23, 'url': 'https://t.co/kKQNyP3DvY', 'expanded_url': 'https://twitter.com/TheEconomist/status/901067147626991616', 'display_url': 'twitter.com/TheEconomist/s…'}]",2016-12-08T23:26:58.000Z,Amber Heard,807003567605227520,"Actor and Activist, semi-professional disruptor, ice cream advocate and shameless teacup yorkie-lover",https://pbs.twimg.com/profile_images/1383196364792680448/N8CdupEu_normal.jpg,https://t.co/Ze18Ek9SOI,"Los Angeles, CA",190364,220,1150,566,realamberheard,2017-01-20T20:42:29.000Z,Rico.. #TruthKillsFascists #GloryToUkraine,822544851468165122,"#GloryToUkraine      #WhenRatsRunPutinIsDone
Old Vet knew it could happen. Protect liberty. Americans must support Kurds and Ukraine freedom",https://pbs.twimg.com/profile_images/1095539063250014208/1KC6XIz1_normal.png,,American Earth,15128,14494,342547,28,Pulsa48,,,
289851944,2017-09-04T03:08:16.000Z,"[{'type': 'quoted', 'id': '901244851227840512'}, {'type': 'replied_to', 'id': '904497166961573888'}]",Twitter Web Client,@thetrudz But interesting do U have a prob w/Amber Heard &amp; that beauty study that U referenced?Your politics is similiar ...https://t.co/yyFXGBmiJI,904541597123190785,en,,"[{'start': 128, 'end': 151, 'url': 'https://t.co/yyFXGBmiJI', 'expanded_url': 'https://twitter.com/realamberheard/status/901244851227840512', 'display_url': 'twitter.com/realamberheard…'}]",0,0,0,0,807003567605227520,2017-08-26T00:48:11.000Z,"[{'type': 'quoted', 'id': '901067147626991616'}]",Twitter Web Client,https://t.co/kKQNyP3DvY,901244851227840512,261,74,976,14,und,"[{'start': 0, 'end': 23, 'url': 'https://t.co/kKQNyP3DvY', 'expanded_url': 'https://twitter.com/TheEconomist/status/901067147626991616', 'display_url': 'twitter.com/TheEconomist/s…'}]",2016-12-08T23:26:58.000Z,Amber Heard,807003567605227520,"Actor and Activist, semi-professional disruptor, ice cream advocate and shameless teacup yorkie-lover",https://pbs.twimg.com/profile_images/1383196364792680448/N8CdupEu_normal.jpg,https://t.co/Ze18Ek9SOI,"Los Angeles, CA",190364,220,1150,566,realamberheard,2011-04-29T09:52:16.000Z,Michael S,289851944,,https://pbs.twimg.com/profile_images/1887897636/photo_normal.jpg,,Los Angeles/D.C.,756,2282,62875,18,msaenz777,"[{'start': 45, 'end': 49, 'probability': 0.8003, 'type': 'Person', 'normalized_text': 'Amber'}]",32238490,"[{'start': 0, 'end': 9, 'username': 'thetrudz', 'id': '32238490'}]"
2799067708,2017-08-31T00:04:38.000Z,,Twitter for iPhone,*blocks people when they call her a bitch* https://t.co/9VKgziSmov,903045830244007937,en,,"[{'start': 43, 'end': 66, 'url': 'https://t.co/9VKgziSmov', 'expanded_url': 'https://twitter.com/realamberheard/status/901244851227840512', 'display_url': 'twitter.com/realamberheard…'}]",0,0,1,0,807003567605227520,2017-08-26T00:48:11.000Z,"[{'type': 'quoted', 'id': '901067147626991616'}]",Twitter Web Client,https://t.co/kKQNyP3DvY,901244851227840512,261,74,976,14,und,"[{'start': 0, 'end': 23, 'url': 'https://t.co/kKQNyP3DvY', 'expanded_url': 'https://twitter.com/TheEconomist/status/901067147626991616', 'display_url': 'twitter.com/TheEconomist/s…'}]",2016-12-08T23:26:58.000Z,Amber Heard,807003567605227520,"Actor and Activist, semi-professional disruptor, ice cream advocate and shameless teacup yorkie-lover",https://pbs.twimg.com/profile_images/1383196364792680448/N8CdupEu_normal.jpg,https://t.co/Ze18Ek9SOI,"Los Angeles, CA",190364,220,1150,566,realamberheard,2014-10-01T22:09:32.000Z,allie MISSES H,2799067708,𝟱/𝟮𝟬/𝟭𝟴 ♥︎ 𝟱/𝟭𝟲/𝟭𝟵 met johnny x2,https://pbs.twimg.com/profile_images/1306342646659588101/xQsZK4BU_normal.jpg,https://t.co/lzmoN9ssHv,blm | justice for johnny depp,494,84,13095,5,DEPPTHROATING,,,
260898190,2017-08-26T12:31:28.000Z,"[{'type': 'quoted', 'id': '901244851227840512'}]",Twitter for Android,💖 https://t.co/U5o8Mukye6,901421839947354112,und,,"[{'start': 2, 'end': 25, 'url': 'https://t.co/U5o8Mukye6', 'expanded_url': 'https://twitter.com/realamberheard/status/901244851227840512', 'display_url': 'twitter.com/realamberheard…'}]",0,0,0,0,807003567605227520,2017-08-26T00:48:11.000Z,"[{'type': 'quoted', 'id': '901067147626991616'}]",Twitter Web Client,https://t.co/kKQNyP3DvY,901244851227840512,261,74,976,14,und,"[{'start': 0, 'end': 23, 'url': 'https://t.co/kKQNyP3DvY', 'expanded_url': 'https://twitter.com/TheEconomist/status/901067147626991616', 'display_url': 'twitter.com/TheEconomist/s…'}]",2016-12-08T23:26:58.000Z,Amber Heard,807003567605227520,"Actor and Activist, semi-professional disruptor, ice cream advocate and shameless teacup yorkie-lover",https://pbs.twimg.com/profile_images/1383196364792680448/N8CdupEu_normal.jpg,https://t.co/Ze18Ek9SOI,"Los Angeles, CA",190364,220,1150,566,realamberheard,2011-03-04T20:57:45.000Z,Mah| on happy hour🍹,260898190,"De pé diante do mundo. De joelhos diante de: Sílvia/León Navarro,Amber Heard,Bia Arantes,Katy Perry,Melanie Zanetti,Giulio Berruti,Selton M e Mariana Ximenes❤",https://pbs.twimg.com/profile_images/1506781718124150787/o62NMaS4_normal.jpg,,"Macapá, Brasil",1567,398,129601,15,MarleneB_,,,
135010445,2017-08-26T03:45:43.000Z,"[{'type': 'quoted', 'id': '901244851227840512'}]",Twitter for iPhone,😍😍 https://t.co/HrbBZrEYpm,901289529687932928,und,,"[{'start': 3, 'end': 26, 'url': 'https://t.co/HrbBZrEYpm', 'expanded_url': 'https://twitter.com/realamberheard/status/901244851227840512', 'display_url': 'twitter.com/realamberheard…'}]",0,0,0,0,807003567605227520,2017-08-26T00:48:11.000Z,"[{'type': 'quoted', 'id': '901067147626991616'}]",Twitter Web Client,https://t.co/kKQNyP3DvY,901244851227840512,261,74,976,14,und,"[{'start': 0, 'end': 23, 'url': 'https://t.co/kKQNyP3DvY', 'expanded_url': 'https://twitter.com/TheEconomist/status/901067147626991616', 'display_url': 'twitter.com/TheEconomist/s…'}]",2016-12-08T23:26:58.000Z,Amber Heard,807003567605227520,"Actor and Activist, semi-professional disruptor, ice cream advocate and shameless teacup yorkie-lover",https://pbs.twimg.com/profile_images/1383196364792680448/N8CdupEu_normal.jpg,https://t.co/Ze18Ek9SOI,"Los Angeles, CA",190364,220,1150,566,realamberheard,2010-04-20T02:48:52.000Z,TheSpicyUnicorn🦄,135010445,𝓔𝓜𝓣 26🏳️‍🌈,https://pbs.twimg.com/profile_images/1237949638952407040/W4ZhxCUD_normal.jpg,,LA/TX ☀️🤠,194,209,22260,1,spicy_unicorn01,,,
36441755,2017-08-26T00:57:47.000Z,"[{'type': 'quoted', 'id': '901244851227840512'}]",Twitter for iPhone,I love her https://t.co/HnfV13g2aF,901247266429718528,en,,"[{'start': 11, 'end': 34, 'url': 'https://t.co/HnfV13g2aF', 'expanded_url': 'https://twitter.com/realamberheard/status/901244851227840512', 'display_url': 'twitter.com/realamberheard…'}]",0,0,1,0,807003567605227520,2017-08-26T00:48:11.000Z,"[{'type': 'quoted', 'id': '901067147626991616'}]",Twitter Web Client,https://t.co/kKQNyP3DvY,901244851227840512,261,74,976,14,und,"[{'start': 0, 'end': 23, 'url': 'https://t.co/kKQNyP3DvY', 'expanded_url': 'https://twitter.com/TheEconomist/status/901067147626991616', 'display_url': 'twitter.com/TheEconomist/s…'}]",2016-12-08T23:26:58.000Z,Amber Heard,807003567605227520,"Actor and Activist, semi-professional disruptor, ice cream advocate and shameless teacup yorkie-lover",https://pbs.twimg.com/profile_images/1383196364792680448/N8CdupEu_normal.jpg,https://t.co/Ze18Ek9SOI,"Los Angeles, CA",190364,220,1150,566,realamberheard,2009-04-29T18:54:43.000Z,Menna⁷₁₃ 🌈🌈 🌈 | 🐥💜,36441755,💖💜💙 | she/her |❕if you have information regarding the whereabouts of jimin’s pogo stick pls dm me ❕,https://pbs.twimg.com/profile_images/1492384947906121728/v2Ndzk5j_normal.jpg,https://t.co/Fq2vFGjnru,"Los Angeles, CA",1996,240,178409,41,UndercoverMenna,,,
2779009421,2017-08-26T00:52:49.000Z,"[{'type': 'quoted', 'id': '901244851227840512'}]",Twitter for Android,we love a woman https://t.co/q2SpnoFNsR,901246016963436544,en,,"[{'start': 16, 'end': 39, 'url': 'https://t.co/q2SpnoFNsR', 'expanded_url': 'https://twitter.com/realamberheard/status/901244851227840512', 'display_url': 'twitter.com/realamberheard…'}]",0,0,0,0,807003567605227520,2017-08-26T00:48:11.000Z,"[{'type': 'quoted', 'id': '901067147626991616'}]",Twitter Web Client,https://t.co/kKQNyP3DvY,901244851227840512,261,74,976,14,und,"[{'start': 0, 'end': 23, 'url': 'https://t.co/kKQNyP3DvY', 'expanded_url': 'https://twitter.com/TheEconomist/status/901067147626991616', 'display_url': 'twitter.com/TheEconomist/s…'}]",2016-12-08T23:26:58.000Z,Amber Heard,807003567605227520,"Actor and Activist, semi-professional disruptor, ice cream advocate and shameless teacup yorkie-lover",https://pbs.twimg.com/profile_images/1383196364792680448/N8CdupEu_normal.jpg,https://t.co/Ze18Ek9SOI,"Los Angeles, CA",190364,220,1150,566,realamberheard,2014-09-21T14:15:04.000Z,kely,2779009421,,https://pbs.twimg.com/profile_images/1503042358937538567/5gBYJ7O5_normal.jpg,,she/her • blk,1881,59,50190,7,thybulles,,,
53396871,2017-08-26T00:48:49.000Z,"[{'type': 'quoted', 'id': '901244851227840512'}]",Twitter for iPhone,"Love you, Amber ❤️ https://t.co/mHUwKRMzqh",901245012624646148,en,,"[{'start': 19, 'end': 42, 'url': 'https://t.co/mHUwKRMzqh', 'expanded_url': 'https://twitter.com/realamberheard/status/901244851227840512', 'display_url': 'twitter.com/realamberheard…'}]",0,0,0,0,807003567605227520,2017-08-26T00:48:11.000Z,"[{'type': 'quoted', 'id': '901067147626991616'}]",Twitter Web Client,https://t.co/kKQNyP3DvY,901244851227840512,261,74,976,14,und,"[{'start': 0, 'end': 23, 'url': 'https://t.co/kKQNyP3DvY', 'expanded_url': 'https://twitter.com/TheEconomist/status/901067147626991616', 'display_url': 'twitter.com/TheEconomist/s…'}]",2016-12-08T23:26:58.000Z,Amber Heard,807003567605227520,"Actor and Activist, semi-professional disruptor, ice cream advocate and shameless teacup yorkie-lover",https://pbs.twimg.com/profile_images/1383196364792680448/N8CdupEu_normal.jpg,https://t.co/Ze18Ek9SOI,"Los Angeles, CA",190364,220,1150,566,realamberheard,2009-07-03T14:22:11.000Z,StewHeardPlazaMaslanyComer,53396871,Twilight Saga 🍎 | Kristen Stewart | Robert Pattinson | Amber Heard | Aubrey Plaza | Tatiana Maslany | Bibliophile 📚,https://pbs.twimg.com/profile_images/1401236727381958660/8lMutoqv_normal.jpg,https://t.co/xTmm4XxELk,,2231,285,154451,119,thomasLUVjaymes,"[{'start': 10, 'end': 14, 'probability': 0.9555, 'type': 'Person', 'normalized_text': 'Amber'}]",,
