source,referenced_tweets,author_id,id,created_at,text,lang,entities.urls,entities.hashtags,public_metrics.retweet_count,public_metrics.reply_count,public_metrics.like_count,public_metrics.quote_count,quoted_tweet.source,quoted_tweet.author_id,quoted_tweet.id,quoted_tweet.created_at,quoted_tweet.entities.hashtags,quoted_tweet.public_metrics.retweet_count,quoted_tweet.public_metrics.reply_count,quoted_tweet.public_metrics.like_count,quoted_tweet.public_metrics.quote_count,quoted_tweet.text,quoted_tweet.lang,quoted_tweet.author.description,quoted_tweet.author.profile_image_url,quoted_tweet.author.name,quoted_tweet.author.id,quoted_tweet.author.created_at,quoted_tweet.author.url,quoted_tweet.author.public_metrics.followers_count,quoted_tweet.author.public_metrics.following_count,quoted_tweet.author.public_metrics.tweet_count,quoted_tweet.author.public_metrics.listed_count,quoted_tweet.author.location,quoted_tweet.author.username,author.description,author.profile_image_url,author.name,author.id,author.created_at,author.url,author.public_metrics.followers_count,author.public_metrics.following_count,author.public_metrics.tweet_count,author.public_metrics.listed_count,author.location,author.username,entities.annotations
Twitter for Android,"[{'type': 'quoted', 'id': '923757720699727872'}]",359977157,924109397965422592,2017-10-28T03:03:44.000Z,Can't wait till next year! 😍 #Aquaman https://t.co/dgUjfEVqpj,en,"[{'start': 38, 'end': 61, 'url': 'https://t.co/dgUjfEVqpj', 'expanded_url': 'https://twitter.com/realamberheard/status/923757720699727872', 'display_url': 'twitter.com/realamberheard…'}]","[{'start': 29, 'end': 37, 'tag': 'Aquaman'}]",0,0,0,0,Twitter for iPhone,807003567605227520,923757720699727872,2017-10-27T03:46:17.000Z,"[{'start': 131, 'end': 139, 'tag': 'Aquaman'}]",588,91,2587,19,Feels so good to be home! Will miss my aqua-family and all my down-unda crew. Thx 4 the amazing journey. Can’t wait 4 final result #Aquaman,en,"Actor and Activist, semi-professional disruptor, ice cream advocate and shameless teacup yorkie-lover",https://pbs.twimg.com/profile_images/1383196364792680448/N8CdupEu_normal.jpg,Amber Heard,807003567605227520,2016-12-08T23:26:58.000Z,https://t.co/Ze18Ek9SOI,190364,220,1150,566,"Los Angeles, CA",realamberheard,"Whelmed, traught, and feeling the aster.",https://pbs.twimg.com/profile_images/1301855913800691712/Omjjl7WC_normal.jpg,𝙉𝙄𝙂𝙃𝙏𝙒𝙄𝙉𝙂 🍑,359977157,2011-08-22T13:56:17.000Z,,342,310,45763,3,Bludhaven,gxxncxrlo,
Twitter for Android,"[{'type': 'quoted', 'id': '923757720699727872'}]",110482929,924018493934227456,2017-10-27T21:02:31.000Z,😍 https://t.co/eUumPTm7VT,und,"[{'start': 2, 'end': 25, 'url': 'https://t.co/eUumPTm7VT', 'expanded_url': 'https://twitter.com/realamberheard/status/923757720699727872', 'display_url': 'twitter.com/realamberheard…'}]",,0,0,0,0,Twitter for iPhone,807003567605227520,923757720699727872,2017-10-27T03:46:17.000Z,"[{'start': 131, 'end': 139, 'tag': 'Aquaman'}]",588,91,2587,19,Feels so good to be home! Will miss my aqua-family and all my down-unda crew. Thx 4 the amazing journey. Can’t wait 4 final result #Aquaman,en,"Actor and Activist, semi-professional disruptor, ice cream advocate and shameless teacup yorkie-lover",https://pbs.twimg.com/profile_images/1383196364792680448/N8CdupEu_normal.jpg,Amber Heard,807003567605227520,2016-12-08T23:26:58.000Z,https://t.co/Ze18Ek9SOI,190364,220,1150,566,"Los Angeles, CA",realamberheard,Sul-mato-grossense de raiz e Catarinense de coração. Administrador e aventureiro nos finais de semana.,https://pbs.twimg.com/profile_images/1504235009829441547/jEEtT4Do_normal.jpg,badvilla ®️,110482929,2010-02-01T18:16:19.000Z,https://t.co/15kkajisZQ,590,236,9356,0,"Itajaí, Brasil",rodrigovilhalba,
Twitter for iPhone,"[{'type': 'quoted', 'id': '923757720699727872'}]",168280204,923949955433336832,2017-10-27T16:30:10.000Z,#DC starting to make it happen https://t.co/ta1ZyvNKop,en,"[{'start': 31, 'end': 54, 'url': 'https://t.co/ta1ZyvNKop', 'expanded_url': 'https://twitter.com/realamberheard/status/923757720699727872', 'display_url': 'twitter.com/realamberheard…'}]","[{'start': 0, 'end': 3, 'tag': 'DC'}]",0,0,0,0,Twitter for iPhone,807003567605227520,923757720699727872,2017-10-27T03:46:17.000Z,"[{'start': 131, 'end': 139, 'tag': 'Aquaman'}]",588,91,2587,19,Feels so good to be home! Will miss my aqua-family and all my down-unda crew. Thx 4 the amazing journey. Can’t wait 4 final result #Aquaman,en,"Actor and Activist, semi-professional disruptor, ice cream advocate and shameless teacup yorkie-lover",https://pbs.twimg.com/profile_images/1383196364792680448/N8CdupEu_normal.jpg,Amber Heard,807003567605227520,2016-12-08T23:26:58.000Z,https://t.co/Ze18Ek9SOI,190364,220,1150,566,"Los Angeles, CA",realamberheard,#Chicago Baseball Coach- Basketball Coach- Cross Country Coach- Health/Nutrition/strength Teacher #GoCubsGo #Blackhawks @StRitaBaseball,https://pbs.twimg.com/profile_images/1217618060569448448/TjMmKVhO_normal.jpg,Dave Letourneau,168280204,2010-07-18T22:44:56.000Z,,508,2715,12087,9,,hawkheaddave,
Twitter for Android,"[{'type': 'retweeted', 'id': '923893750723727360'}]",54449164,923897993329291264,2017-10-27T13:03:41.000Z,"RT @udc52: Mera agradecendo o elenco de
Aquaman pela jornada de gravações. Agora é descansar! https://t.co/cRFuYJ4mjT",pt,"[{'start': 94, 'end': 117, 'url': 'https://t.co/cRFuYJ4mjT', 'expanded_url': 'https://twitter.com/realamberheard/status/923757720699727872', 'display_url': 'twitter.com/realamberheard…'}]",,1,0,0,0,Twitter for iPhone,807003567605227520,923757720699727872,2017-10-27T03:46:17.000Z,"[{'start': 131, 'end': 139, 'tag': 'Aquaman'}]",588,91,2587,19,Feels so good to be home! Will miss my aqua-family and all my down-unda crew. Thx 4 the amazing journey. Can’t wait 4 final result #Aquaman,en,"Actor and Activist, semi-professional disruptor, ice cream advocate and shameless teacup yorkie-lover",https://pbs.twimg.com/profile_images/1383196364792680448/N8CdupEu_normal.jpg,Amber Heard,807003567605227520,2016-12-08T23:26:58.000Z,https://t.co/Ze18Ek9SOI,190364,220,1150,566,"Los Angeles, CA",realamberheard,Brazilian Fan Page for news of DC Comics projects. Associate Producer on Zack Snyder's Justice League. #RestoreTheSnyderverse #ReleaseTheAyerCut,https://pbs.twimg.com/profile_images/1498499178548367368/d9f4PkOh_normal.jpg,DCU Movie Page #RestoreTheSnyderVerse,54449164,2009-07-07T04:26:13.000Z,https://t.co/WZmFtCWzaS,14854,5609,752650,311,Brasil,dcumoviepage,"[{'start': 39, 'end': 46, 'probability': 0.4428, 'type': 'Other', 'normalized_text': 'Aquaman'}]"
Twitter for Android,"[{'type': 'quoted', 'id': '923757720699727872'}]",635831825,923895299432517632,2017-10-27T12:52:59.000Z,Mera my queen https://t.co/jebGg5wtNc,en,"[{'start': 14, 'end': 37, 'url': 'https://t.co/jebGg5wtNc', 'expanded_url': 'https://twitter.com/realamberheard/status/923757720699727872', 'display_url': 'twitter.com/realamberheard…'}]",,0,0,0,0,Twitter for iPhone,807003567605227520,923757720699727872,2017-10-27T03:46:17.000Z,"[{'start': 131, 'end': 139, 'tag': 'Aquaman'}]",588,91,2587,19,Feels so good to be home! Will miss my aqua-family and all my down-unda crew. Thx 4 the amazing journey. Can’t wait 4 final result #Aquaman,en,"Actor and Activist, semi-professional disruptor, ice cream advocate and shameless teacup yorkie-lover",https://pbs.twimg.com/profile_images/1383196364792680448/N8CdupEu_normal.jpg,Amber Heard,807003567605227520,2016-12-08T23:26:58.000Z,https://t.co/Ze18Ek9SOI,190364,220,1150,566,"Los Angeles, CA",realamberheard,"taeyong and friends 🌹❤️

 24 ; pronouns: she/her",https://pbs.twimg.com/profile_images/1500505888439738371/BFHr8Nr7_normal.jpg,k 💎,635831825,2012-07-15T02:31:30.000Z,https://t.co/ajHC98bvck,840,541,86257,11,india,nctdesi,
Twitter for Android,"[{'type': 'quoted', 'id': '923757720699727872'}]",894401356689231877,923893750723727360,2017-10-27T12:46:49.000Z,"Mera agradecendo o elenco de
Aquaman pela jornada de gravações. Agora é descansar! https://t.co/cRFuYJ4mjT",pt,"[{'start': 83, 'end': 106, 'url': 'https://t.co/cRFuYJ4mjT', 'expanded_url': 'https://twitter.com/realamberheard/status/923757720699727872', 'display_url': 'twitter.com/realamberheard…'}]",,1,0,1,0,Twitter for iPhone,807003567605227520,923757720699727872,2017-10-27T03:46:17.000Z,"[{'start': 131, 'end': 139, 'tag': 'Aquaman'}]",588,91,2587,19,Feels so good to be home! Will miss my aqua-family and all my down-unda crew. Thx 4 the amazing journey. Can’t wait 4 final result #Aquaman,en,"Actor and Activist, semi-professional disruptor, ice cream advocate and shameless teacup yorkie-lover",https://pbs.twimg.com/profile_images/1383196364792680448/N8CdupEu_normal.jpg,Amber Heard,807003567605227520,2016-12-08T23:26:58.000Z,https://t.co/Ze18Ek9SOI,190364,220,1150,566,"Los Angeles, CA",realamberheard,🇧🇷 Site brasileiro feito por fãs sobre a #DCComics. ✉️ contato@terraverso.com.br,https://pbs.twimg.com/profile_images/1450801401391632389/v0aLeuEf_normal.jpg,Terraverso,894401356689231877,2017-08-07T03:34:35.000Z,https://t.co/Xz8zDajiRa,19639,277,24573,61,"São Paulo, Brasil",terraverso,"[{'start': 28, 'end': 35, 'probability': 0.366, 'type': 'Other', 'normalized_text': 'Aquaman'}]"
Twitter Web Client,"[{'type': 'quoted', 'id': '923757720699727872'}]",3064671053,923781771220709376,2017-10-27T05:21:51.000Z,Welcome back home Amber! https://t.co/7vpZ7s4rUW,en,"[{'start': 25, 'end': 48, 'url': 'https://t.co/7vpZ7s4rUW', 'expanded_url': 'https://twitter.com/realamberheard/status/923757720699727872', 'display_url': 'twitter.com/realamberheard…'}]",,0,0,0,0,Twitter for iPhone,807003567605227520,923757720699727872,2017-10-27T03:46:17.000Z,"[{'start': 131, 'end': 139, 'tag': 'Aquaman'}]",588,91,2587,19,Feels so good to be home! Will miss my aqua-family and all my down-unda crew. Thx 4 the amazing journey. Can’t wait 4 final result #Aquaman,en,"Actor and Activist, semi-professional disruptor, ice cream advocate and shameless teacup yorkie-lover",https://pbs.twimg.com/profile_images/1383196364792680448/N8CdupEu_normal.jpg,Amber Heard,807003567605227520,2016-12-08T23:26:58.000Z,https://t.co/Ze18Ek9SOI,190364,220,1150,566,"Los Angeles, CA",realamberheard,"I'm a huge fan of the Washington Commanders , I also like the soap DOOL and Amber Heard fan too.",https://pbs.twimg.com/profile_images/742949121938575361/2gdO8v7e_normal.jpg,Luis Landa,3064671053,2015-02-28T02:54:54.000Z,,697,1826,79023,18,"Maryland, USA",1570_landa,"[{'start': 18, 'end': 22, 'probability': 0.876, 'type': 'Person', 'normalized_text': 'Amber'}]"
Twitter for Android,"[{'type': 'quoted', 'id': '923757720699727872'}]",1030855230,923779882781470722,2017-10-27T05:14:21.000Z,I love my 👸 https://t.co/SLwOzX6SkT,en,"[{'start': 12, 'end': 35, 'url': 'https://t.co/SLwOzX6SkT', 'expanded_url': 'https://twitter.com/realamberheard/status/923757720699727872', 'display_url': 'twitter.com/realamberheard…'}]",,0,0,0,0,Twitter for iPhone,807003567605227520,923757720699727872,2017-10-27T03:46:17.000Z,"[{'start': 131, 'end': 139, 'tag': 'Aquaman'}]",588,91,2587,19,Feels so good to be home! Will miss my aqua-family and all my down-unda crew. Thx 4 the amazing journey. Can’t wait 4 final result #Aquaman,en,"Actor and Activist, semi-professional disruptor, ice cream advocate and shameless teacup yorkie-lover",https://pbs.twimg.com/profile_images/1383196364792680448/N8CdupEu_normal.jpg,Amber Heard,807003567605227520,2016-12-08T23:26:58.000Z,https://t.co/Ze18Ek9SOI,190364,220,1150,566,"Los Angeles, CA",realamberheard,🦋,https://pbs.twimg.com/profile_images/1482137243636715521/vVoq10hZ_normal.jpg,Lizzie 🪐,1030855230,2012-12-23T16:15:24.000Z,,7402,981,208505,36,,CowgirlKxnny,
Twitter Web Client,"[{'type': 'quoted', 'id': '923757720699727872'}]",1321542404,923776868498653184,2017-10-27T05:02:23.000Z,YUSSSSS lol https://t.co/djhhLK95px,en,"[{'start': 12, 'end': 35, 'url': 'https://t.co/djhhLK95px', 'expanded_url': 'https://twitter.com/realamberheard/status/923757720699727872', 'display_url': 'twitter.com/realamberheard…'}]",,0,0,0,0,Twitter for iPhone,807003567605227520,923757720699727872,2017-10-27T03:46:17.000Z,"[{'start': 131, 'end': 139, 'tag': 'Aquaman'}]",588,91,2587,19,Feels so good to be home! Will miss my aqua-family and all my down-unda crew. Thx 4 the amazing journey. Can’t wait 4 final result #Aquaman,en,"Actor and Activist, semi-professional disruptor, ice cream advocate and shameless teacup yorkie-lover",https://pbs.twimg.com/profile_images/1383196364792680448/N8CdupEu_normal.jpg,Amber Heard,807003567605227520,2016-12-08T23:26:58.000Z,https://t.co/Ze18Ek9SOI,190364,220,1150,566,"Los Angeles, CA",realamberheard,"Rugby/League, Boxing, MMA, WWE, Gaming and Pizza. What's not to love?",https://pbs.twimg.com/profile_images/775522587845591041/vuXkZ12M_normal.jpg,Joseph Su'a,1321542404,2013-04-02T01:54:21.000Z,,40,225,1536,0,,TCMJB95,
Twitter for iPhone,"[{'type': 'quoted', 'id': '923757720699727872'}]",53396871,923766551773188096,2017-10-27T04:21:23.000Z,"Can't wait to see you slay the screen again, my Queen 😘 https://t.co/ulepC67C0c",en,"[{'start': 56, 'end': 79, 'url': 'https://t.co/ulepC67C0c', 'expanded_url': 'https://twitter.com/realamberheard/status/923757720699727872', 'display_url': 'twitter.com/realamberheard…'}]",,0,0,1,0,Twitter for iPhone,807003567605227520,923757720699727872,2017-10-27T03:46:17.000Z,"[{'start': 131, 'end': 139, 'tag': 'Aquaman'}]",588,91,2587,19,Feels so good to be home! Will miss my aqua-family and all my down-unda crew. Thx 4 the amazing journey. Can’t wait 4 final result #Aquaman,en,"Actor and Activist, semi-professional disruptor, ice cream advocate and shameless teacup yorkie-lover",https://pbs.twimg.com/profile_images/1383196364792680448/N8CdupEu_normal.jpg,Amber Heard,807003567605227520,2016-12-08T23:26:58.000Z,https://t.co/Ze18Ek9SOI,190364,220,1150,566,"Los Angeles, CA",realamberheard,Twilight Saga 🍎 | Kristen Stewart | Robert Pattinson | Amber Heard | Aubrey Plaza | Tatiana Maslany | Bibliophile 📚,https://pbs.twimg.com/profile_images/1401236727381958660/8lMutoqv_normal.jpg,StewHeardPlazaMaslanyComer,53396871,2009-07-03T14:22:11.000Z,https://t.co/xTmm4XxELk,2231,285,154451,119,,thomasLUVjaymes,
Twitter for iPhone,"[{'type': 'quoted', 'id': '923757720699727872'}]",877405061990764548,923760544972238850,2017-10-27T03:57:31.000Z,I love my queen https://t.co/96OLlQIRHV,en,"[{'start': 16, 'end': 39, 'url': 'https://t.co/96OLlQIRHV', 'expanded_url': 'https://twitter.com/realamberheard/status/923757720699727872', 'display_url': 'twitter.com/realamberheard…'}]",,0,0,0,0,Twitter for iPhone,807003567605227520,923757720699727872,2017-10-27T03:46:17.000Z,"[{'start': 131, 'end': 139, 'tag': 'Aquaman'}]",588,91,2587,19,Feels so good to be home! Will miss my aqua-family and all my down-unda crew. Thx 4 the amazing journey. Can’t wait 4 final result #Aquaman,en,"Actor and Activist, semi-professional disruptor, ice cream advocate and shameless teacup yorkie-lover",https://pbs.twimg.com/profile_images/1383196364792680448/N8CdupEu_normal.jpg,Amber Heard,807003567605227520,2016-12-08T23:26:58.000Z,https://t.co/Ze18Ek9SOI,190364,220,1150,566,"Los Angeles, CA",realamberheard,,https://pbs.twimg.com/profile_images/922515788648583168/BfGbKNR2_normal.jpg,⚡️ ash ⚡️,877405061990764548,2017-06-21T05:57:22.000Z,,4,69,50,0,,selgals,
Twitter for Android,"[{'type': 'quoted', 'id': '923757720699727872'}]",364021443,923758718839336961,2017-10-27T03:50:15.000Z,i love you my angel ✨❤ https://t.co/43KClD0qXZ,en,"[{'start': 23, 'end': 46, 'url': 'https://t.co/43KClD0qXZ', 'expanded_url': 'https://twitter.com/realamberheard/status/923757720699727872', 'display_url': 'twitter.com/realamberheard…'}]",,0,0,0,0,Twitter for iPhone,807003567605227520,923757720699727872,2017-10-27T03:46:17.000Z,"[{'start': 131, 'end': 139, 'tag': 'Aquaman'}]",588,91,2587,19,Feels so good to be home! Will miss my aqua-family and all my down-unda crew. Thx 4 the amazing journey. Can’t wait 4 final result #Aquaman,en,"Actor and Activist, semi-professional disruptor, ice cream advocate and shameless teacup yorkie-lover",https://pbs.twimg.com/profile_images/1383196364792680448/N8CdupEu_normal.jpg,Amber Heard,807003567605227520,2016-12-08T23:26:58.000Z,https://t.co/Ze18Ek9SOI,190364,220,1150,566,"Los Angeles, CA",realamberheard,my mind's like a deadly disease.,https://pbs.twimg.com/profile_images/1465089164899241985/WTym8EhO_normal.jpg,💬,364021443,2011-08-29T02:20:52.000Z,,977,74,107527,13,sociedade esportiva palmeiras,deusinabsenti,
Twitter for Android,"[{'type': 'quoted', 'id': '923757720699727872'}]",462404073,923758156949307392,2017-10-27T03:48:01.000Z,mi corazón esta lleno de amor https://t.co/nrJOp9Dw09,es,"[{'start': 30, 'end': 53, 'url': 'https://t.co/nrJOp9Dw09', 'expanded_url': 'https://twitter.com/realamberheard/status/923757720699727872', 'display_url': 'twitter.com/realamberheard…'}]",,0,0,0,0,Twitter for iPhone,807003567605227520,923757720699727872,2017-10-27T03:46:17.000Z,"[{'start': 131, 'end': 139, 'tag': 'Aquaman'}]",588,91,2587,19,Feels so good to be home! Will miss my aqua-family and all my down-unda crew. Thx 4 the amazing journey. Can’t wait 4 final result #Aquaman,en,"Actor and Activist, semi-professional disruptor, ice cream advocate and shameless teacup yorkie-lover",https://pbs.twimg.com/profile_images/1383196364792680448/N8CdupEu_normal.jpg,Amber Heard,807003567605227520,2016-12-08T23:26:58.000Z,https://t.co/Ze18Ek9SOI,190364,220,1150,566,"Los Angeles, CA",realamberheard,"✩°｡ “Most of all, I hate you because I think of you. Often. It's disgusting, and I can't stop.” 『exo red velvet blackpink』hufflepuff",https://pbs.twimg.com/profile_images/1288171998485438465/pWp3YxbL_normal.jpg,lucy,462404073,2012-01-12T22:44:14.000Z,,3170,3610,40442,17,,kazbrckker,
Twitter for Android,"[{'type': 'quoted', 'id': '923757720699727872'}]",1342429488,923758065895194625,2017-10-27T03:47:40.000Z,Awww queen Mera https://t.co/WZNrk8kyJx,es,"[{'start': 16, 'end': 39, 'url': 'https://t.co/WZNrk8kyJx', 'expanded_url': 'https://twitter.com/realamberheard/status/923757720699727872', 'display_url': 'twitter.com/realamberheard…'}]",,0,0,0,0,Twitter for iPhone,807003567605227520,923757720699727872,2017-10-27T03:46:17.000Z,"[{'start': 131, 'end': 139, 'tag': 'Aquaman'}]",588,91,2587,19,Feels so good to be home! Will miss my aqua-family and all my down-unda crew. Thx 4 the amazing journey. Can’t wait 4 final result #Aquaman,en,"Actor and Activist, semi-professional disruptor, ice cream advocate and shameless teacup yorkie-lover",https://pbs.twimg.com/profile_images/1383196364792680448/N8CdupEu_normal.jpg,Amber Heard,807003567605227520,2016-12-08T23:26:58.000Z,https://t.co/Ze18Ek9SOI,190364,220,1150,566,"Los Angeles, CA",realamberheard,#PCMasterRace #embakk,https://pbs.twimg.com/profile_images/1137911162786344960/8kw_UE5R_normal.jpg,Nujum Komputer,1342429488,2013-04-10T17:29:04.000Z,,177,170,55252,1,Harimau Malaya,freepalestin7,
