id,source,lang,text,referenced_tweets,author_id,created_at,public_metrics.retweet_count,public_metrics.reply_count,public_metrics.like_count,public_metrics.quote_count,entities.urls,quoted_tweet.id,quoted_tweet.source,quoted_tweet.lang,quoted_tweet.text,quoted_tweet.public_metrics.retweet_count,quoted_tweet.public_metrics.reply_count,quoted_tweet.public_metrics.like_count,quoted_tweet.public_metrics.quote_count,quoted_tweet.entities.urls,quoted_tweet.entities.mentions,quoted_tweet.author_id,quoted_tweet.created_at,quoted_tweet.author.location,quoted_tweet.author.profile_image_url,quoted_tweet.author.name,quoted_tweet.author.username,quoted_tweet.author.created_at,quoted_tweet.author.id,quoted_tweet.author.public_metrics.followers_count,quoted_tweet.author.public_metrics.following_count,quoted_tweet.author.public_metrics.tweet_count,quoted_tweet.author.public_metrics.listed_count,quoted_tweet.author.url,quoted_tweet.author.description,author.profile_image_url,author.name,author.username,author.created_at,author.id,author.public_metrics.followers_count,author.public_metrics.following_count,author.public_metrics.tweet_count,author.public_metrics.listed_count,author.url,author.description,author.location,entities.hashtags,entities.annotations
1005828993478742017,Twitter for Android,pt,Ma come posso farcela? https://t.co/tPgAtT19sr,"[{'type': 'quoted', 'id': '984595033037746176'}]",767530370,2018-06-10T15:08:14.000Z,0,0,0,0,"[{'start': 23, 'end': 46, 'url': 'https://t.co/tPgAtT19sr', 'expanded_url': 'https://twitter.com/realamberheard/status/984595033037746176', 'display_url': 'twitter.com/realamberheard…'}]",984595033037746176,Twitter for iPhone,en,Stolen moment on set today with the great @kurtiswarienko https://t.co/7POe6GmEUe,264,62,1772,37,"[{'start': 58, 'end': 81, 'url': 'https://t.co/7POe6GmEUe', 'expanded_url': 'https://twitter.com/realamberheard/status/984595033037746176/photo/1', 'display_url': 'pic.twitter.com/7POe6GmEUe'}]","[{'start': 42, 'end': 57, 'username': 'kurtiswarienko', 'id': '910366664'}]",807003567605227520,2018-04-13T00:52:03.000Z,"Los Angeles, CA",https://pbs.twimg.com/profile_images/1383196364792680448/N8CdupEu_normal.jpg,Amber Heard,realamberheard,2016-12-08T23:26:58.000Z,807003567605227520,190364,220,1150,566,https://t.co/Ze18Ek9SOI,"Actor and Activist, semi-professional disruptor, ice cream advocate and shameless teacup yorkie-lover",https://pbs.twimg.com/profile_images/1499843877737578499/SzEndpDT_normal.jpg,wh🅰️t the fox?,_ArtemisHunter_,2012-08-19T13:02:28.000Z,767530370,380,147,59974,3,,Una nave in una foresta,,,
1005817850768941057,Twitter for Android,es,Muy bellisima https://t.co/RmwT5JQbzM,"[{'type': 'quoted', 'id': '984595033037746176'}]",2284900040,2018-06-10T14:23:57.000Z,0,0,0,0,"[{'start': 14, 'end': 37, 'url': 'https://t.co/RmwT5JQbzM', 'expanded_url': 'https://twitter.com/realamberheard/status/984595033037746176', 'display_url': 'twitter.com/realamberheard…'}]",984595033037746176,Twitter for iPhone,en,Stolen moment on set today with the great @kurtiswarienko https://t.co/7POe6GmEUe,264,62,1772,37,"[{'start': 58, 'end': 81, 'url': 'https://t.co/7POe6GmEUe', 'expanded_url': 'https://twitter.com/realamberheard/status/984595033037746176/photo/1', 'display_url': 'pic.twitter.com/7POe6GmEUe'}]","[{'start': 42, 'end': 57, 'username': 'kurtiswarienko', 'id': '910366664'}]",807003567605227520,2018-04-13T00:52:03.000Z,"Los Angeles, CA",https://pbs.twimg.com/profile_images/1383196364792680448/N8CdupEu_normal.jpg,Amber Heard,realamberheard,2016-12-08T23:26:58.000Z,807003567605227520,190364,220,1150,566,https://t.co/Ze18Ek9SOI,"Actor and Activist, semi-professional disruptor, ice cream advocate and shameless teacup yorkie-lover",https://pbs.twimg.com/profile_images/1460300333369143296/9Xp17M5r_normal.jpg,k.,thykimdom,2014-01-10T10:48:52.000Z,2284900040,822,336,81002,17,,"bi. peculiar. nihilism.
uno x mingming ❤",🌈 Filipinas,,
996450155170795521,Twitter for Android,es,Que belleza 😍 https://t.co/e0R1FcNLKl,"[{'type': 'quoted', 'id': '984595033037746176'}]",163129396,2018-05-15T18:00:04.000Z,0,0,0,0,"[{'start': 14, 'end': 37, 'url': 'https://t.co/e0R1FcNLKl', 'expanded_url': 'https://twitter.com/realamberheard/status/984595033037746176', 'display_url': 'twitter.com/realamberheard…'}]",984595033037746176,Twitter for iPhone,en,Stolen moment on set today with the great @kurtiswarienko https://t.co/7POe6GmEUe,264,62,1772,37,"[{'start': 58, 'end': 81, 'url': 'https://t.co/7POe6GmEUe', 'expanded_url': 'https://twitter.com/realamberheard/status/984595033037746176/photo/1', 'display_url': 'pic.twitter.com/7POe6GmEUe'}]","[{'start': 42, 'end': 57, 'username': 'kurtiswarienko', 'id': '910366664'}]",807003567605227520,2018-04-13T00:52:03.000Z,"Los Angeles, CA",https://pbs.twimg.com/profile_images/1383196364792680448/N8CdupEu_normal.jpg,Amber Heard,realamberheard,2016-12-08T23:26:58.000Z,807003567605227520,190364,220,1150,566,https://t.co/Ze18Ek9SOI,"Actor and Activist, semi-professional disruptor, ice cream advocate and shameless teacup yorkie-lover",https://pbs.twimg.com/profile_images/1493014206559490051/xrL3X2hc_normal.jpg,M Van Allen ☆,M_VanAllen,2010-07-05T16:35:02.000Z,163129396,1177,936,56625,16,https://t.co/itrUpjLuhr,"32. German. Engineer. Oenologist. CEOVanAllenCorp. ♡~Matteo, Mi principito 19/06. ♡MAG&Lukas~Katssy ♡R&K ♡Camadra ♡R&G #FanAccount",SVA 29/04,,
989161324272930816,Twitter for Android,pt,"bicho, sem condições... https://t.co/y8XjMPFWga","[{'type': 'quoted', 'id': '984595033037746176'}]",161888159,2018-04-25T15:16:52.000Z,0,0,0,0,"[{'start': 24, 'end': 47, 'url': 'https://t.co/y8XjMPFWga', 'expanded_url': 'https://twitter.com/realamberheard/status/984595033037746176', 'display_url': 'twitter.com/realamberheard…'}]",984595033037746176,Twitter for iPhone,en,Stolen moment on set today with the great @kurtiswarienko https://t.co/7POe6GmEUe,264,62,1772,37,"[{'start': 58, 'end': 81, 'url': 'https://t.co/7POe6GmEUe', 'expanded_url': 'https://twitter.com/realamberheard/status/984595033037746176/photo/1', 'display_url': 'pic.twitter.com/7POe6GmEUe'}]","[{'start': 42, 'end': 57, 'username': 'kurtiswarienko', 'id': '910366664'}]",807003567605227520,2018-04-13T00:52:03.000Z,"Los Angeles, CA",https://pbs.twimg.com/profile_images/1383196364792680448/N8CdupEu_normal.jpg,Amber Heard,realamberheard,2016-12-08T23:26:58.000Z,807003567605227520,190364,220,1150,566,https://t.co/Ze18Ek9SOI,"Actor and Activist, semi-professional disruptor, ice cream advocate and shameless teacup yorkie-lover",https://pbs.twimg.com/profile_images/1315821974724268032/a18_k29y_normal.jpg,Leonardo,xlnrdx,2010-07-02T01:49:16.000Z,161888159,661,749,87645,3,https://t.co/zNAqcUO9tI,a history of bad decisions,,,
984895167495856128,Twitter Web Client,fr,t es superbe AMBER vous etes vraiment des genies vous nous faitent rever https://t.co/ScIfsGoPfl,,827604575465197573,2018-04-13T20:44:41.000Z,0,0,0,0,"[{'start': 73, 'end': 96, 'url': 'https://t.co/ScIfsGoPfl', 'expanded_url': 'https://twitter.com/realamberheard/status/984595033037746176', 'display_url': 'twitter.com/realamberheard…'}]",984595033037746176,Twitter for iPhone,en,Stolen moment on set today with the great @kurtiswarienko https://t.co/7POe6GmEUe,264,62,1772,37,"[{'start': 58, 'end': 81, 'url': 'https://t.co/7POe6GmEUe', 'expanded_url': 'https://twitter.com/realamberheard/status/984595033037746176/photo/1', 'display_url': 'pic.twitter.com/7POe6GmEUe'}]","[{'start': 42, 'end': 57, 'username': 'kurtiswarienko', 'id': '910366664'}]",807003567605227520,2018-04-13T00:52:03.000Z,"Los Angeles, CA",https://pbs.twimg.com/profile_images/1383196364792680448/N8CdupEu_normal.jpg,Amber Heard,realamberheard,2016-12-08T23:26:58.000Z,807003567605227520,190364,220,1150,566,https://t.co/Ze18Ek9SOI,"Actor and Activist, semi-professional disruptor, ice cream advocate and shameless teacup yorkie-lover",https://abs.twimg.com/sticky/default_profile_images/default_profile_normal.png,tayab nacer eddine,TayabNacer,2017-02-03T19:48:01.000Z,827604575465197573,30,85,9606,0,,,,,
984865537590251521,Twitter for iPhone,en,Babe https://t.co/gg0EPJrFmy,"[{'type': 'quoted', 'id': '984595033037746176'}]",2740505912,2018-04-13T18:46:56.000Z,0,0,0,0,"[{'start': 5, 'end': 28, 'url': 'https://t.co/gg0EPJrFmy', 'expanded_url': 'https://twitter.com/realamberheard/status/984595033037746176', 'display_url': 'twitter.com/realamberheard…'}]",984595033037746176,Twitter for iPhone,en,Stolen moment on set today with the great @kurtiswarienko https://t.co/7POe6GmEUe,264,62,1772,37,"[{'start': 58, 'end': 81, 'url': 'https://t.co/7POe6GmEUe', 'expanded_url': 'https://twitter.com/realamberheard/status/984595033037746176/photo/1', 'display_url': 'pic.twitter.com/7POe6GmEUe'}]","[{'start': 42, 'end': 57, 'username': 'kurtiswarienko', 'id': '910366664'}]",807003567605227520,2018-04-13T00:52:03.000Z,"Los Angeles, CA",https://pbs.twimg.com/profile_images/1383196364792680448/N8CdupEu_normal.jpg,Amber Heard,realamberheard,2016-12-08T23:26:58.000Z,807003567605227520,190364,220,1150,566,https://t.co/Ze18Ek9SOI,"Actor and Activist, semi-professional disruptor, ice cream advocate and shameless teacup yorkie-lover",https://pbs.twimg.com/profile_images/1423310001158959105/UUVAI4Y9_normal.jpg,.,heliostsuki,2014-08-17T21:01:09.000Z,2740505912,180,166,2036,2,,multifandom,,,
984864393505792000,Twitter for Android,en,"TGIB

(thank god i'm bi) 😰😍😭🔥👑 https://t.co/MZ4DzbdL7d","[{'type': 'quoted', 'id': '984595033037746176'}]",305766278,2018-04-13T18:42:23.000Z,0,0,0,0,"[{'start': 31, 'end': 54, 'url': 'https://t.co/MZ4DzbdL7d', 'expanded_url': 'https://twitter.com/realamberheard/status/984595033037746176', 'display_url': 'twitter.com/realamberheard…'}]",984595033037746176,Twitter for iPhone,en,Stolen moment on set today with the great @kurtiswarienko https://t.co/7POe6GmEUe,264,62,1772,37,"[{'start': 58, 'end': 81, 'url': 'https://t.co/7POe6GmEUe', 'expanded_url': 'https://twitter.com/realamberheard/status/984595033037746176/photo/1', 'display_url': 'pic.twitter.com/7POe6GmEUe'}]","[{'start': 42, 'end': 57, 'username': 'kurtiswarienko', 'id': '910366664'}]",807003567605227520,2018-04-13T00:52:03.000Z,"Los Angeles, CA",https://pbs.twimg.com/profile_images/1383196364792680448/N8CdupEu_normal.jpg,Amber Heard,realamberheard,2016-12-08T23:26:58.000Z,807003567605227520,190364,220,1150,566,https://t.co/Ze18Ek9SOI,"Actor and Activist, semi-professional disruptor, ice cream advocate and shameless teacup yorkie-lover",https://pbs.twimg.com/profile_images/1501273765971333126/TJczvWMp_normal.jpg,em,emnightcat,2011-05-26T19:22:12.000Z,305766278,155,285,31510,3,,"new liver, same eagles.",,,
984863488655831041,Twitter for Android,und,Omg😍😍😍 https://t.co/m3JoYKJmuM,"[{'type': 'quoted', 'id': '984595033037746176'}]",2860705746,2018-04-13T18:38:48.000Z,0,0,0,0,"[{'start': 7, 'end': 30, 'url': 'https://t.co/m3JoYKJmuM', 'expanded_url': 'https://twitter.com/realamberheard/status/984595033037746176', 'display_url': 'twitter.com/realamberheard…'}]",984595033037746176,Twitter for iPhone,en,Stolen moment on set today with the great @kurtiswarienko https://t.co/7POe6GmEUe,264,62,1772,37,"[{'start': 58, 'end': 81, 'url': 'https://t.co/7POe6GmEUe', 'expanded_url': 'https://twitter.com/realamberheard/status/984595033037746176/photo/1', 'display_url': 'pic.twitter.com/7POe6GmEUe'}]","[{'start': 42, 'end': 57, 'username': 'kurtiswarienko', 'id': '910366664'}]",807003567605227520,2018-04-13T00:52:03.000Z,"Los Angeles, CA",https://pbs.twimg.com/profile_images/1383196364792680448/N8CdupEu_normal.jpg,Amber Heard,realamberheard,2016-12-08T23:26:58.000Z,807003567605227520,190364,220,1150,566,https://t.co/Ze18Ek9SOI,"Actor and Activist, semi-professional disruptor, ice cream advocate and shameless teacup yorkie-lover",https://pbs.twimg.com/profile_images/1163868501548732417/wWfnJxXW_normal.jpg,Frost🌈,Fouralarmfiree,2014-10-17T16:32:49.000Z,2860705746,21,260,541,0,,We were in screaming colors🌈🦄,,,
984823894702948352,Twitter Web Client,pt,"Que mulher, senhores! 😍 https://t.co/vq7DWiHco4","[{'type': 'quoted', 'id': '984595033037746176'}]",105124790,2018-04-13T16:01:28.000Z,0,0,0,0,"[{'start': 24, 'end': 47, 'url': 'https://t.co/vq7DWiHco4', 'expanded_url': 'https://twitter.com/realamberheard/status/984595033037746176', 'display_url': 'twitter.com/realamberheard…'}]",984595033037746176,Twitter for iPhone,en,Stolen moment on set today with the great @kurtiswarienko https://t.co/7POe6GmEUe,264,62,1772,37,"[{'start': 58, 'end': 81, 'url': 'https://t.co/7POe6GmEUe', 'expanded_url': 'https://twitter.com/realamberheard/status/984595033037746176/photo/1', 'display_url': 'pic.twitter.com/7POe6GmEUe'}]","[{'start': 42, 'end': 57, 'username': 'kurtiswarienko', 'id': '910366664'}]",807003567605227520,2018-04-13T00:52:03.000Z,"Los Angeles, CA",https://pbs.twimg.com/profile_images/1383196364792680448/N8CdupEu_normal.jpg,Amber Heard,realamberheard,2016-12-08T23:26:58.000Z,807003567605227520,190364,220,1150,566,https://t.co/Ze18Ek9SOI,"Actor and Activist, semi-professional disruptor, ice cream advocate and shameless teacup yorkie-lover",https://pbs.twimg.com/profile_images/1498480345230061570/XDNpBuWJ_normal.jpg,Hunt3r,ogehid,2010-01-15T12:35:48.000Z,105124790,400,154,52349,2,,#makeMOS2withHenry,TupinamBaré,,
984777136287301634,Twitter for iPhone,en,Love the vibe #celebrity #behindTheScenes https://t.co/3xTEyKm5Nb,"[{'type': 'quoted', 'id': '984595033037746176'}]",876961292329689088,2018-04-13T12:55:40.000Z,0,0,0,0,"[{'start': 42, 'end': 65, 'url': 'https://t.co/3xTEyKm5Nb', 'expanded_url': 'https://twitter.com/realamberheard/status/984595033037746176', 'display_url': 'twitter.com/realamberheard…'}]",984595033037746176,Twitter for iPhone,en,Stolen moment on set today with the great @kurtiswarienko https://t.co/7POe6GmEUe,264,62,1772,37,"[{'start': 58, 'end': 81, 'url': 'https://t.co/7POe6GmEUe', 'expanded_url': 'https://twitter.com/realamberheard/status/984595033037746176/photo/1', 'display_url': 'pic.twitter.com/7POe6GmEUe'}]","[{'start': 42, 'end': 57, 'username': 'kurtiswarienko', 'id': '910366664'}]",807003567605227520,2018-04-13T00:52:03.000Z,"Los Angeles, CA",https://pbs.twimg.com/profile_images/1383196364792680448/N8CdupEu_normal.jpg,Amber Heard,realamberheard,2016-12-08T23:26:58.000Z,807003567605227520,190364,220,1150,566,https://t.co/Ze18Ek9SOI,"Actor and Activist, semi-professional disruptor, ice cream advocate and shameless teacup yorkie-lover",https://pbs.twimg.com/profile_images/893466957113999361/PrvyIH9C_normal.jpg,TristaJordan🎬Film🎥Television💋Author,TristaMakeup,2017-06-20T00:34:00.000Z,876961292329689088,1709,1521,1881,3,https://t.co/AQ7r0Tt8Ex,Chaos survivor & memoirist: MIRROR MIRROR Confessions of a Celebrity MakeupArtist https://t.co/TZx4vQ47DO #HBO #NBC #SONY #CBS #ABC #BTS,Hollywood secrets spilled ,"[{'start': 14, 'end': 24, 'tag': 'celebrity'}, {'start': 25, 'end': 41, 'tag': 'behindTheScenes'}]",
984715456018898944,Twitter for iPhone,en,gorgeous https://t.co/Ea8rwGcpCG,"[{'type': 'quoted', 'id': '984595033037746176'}]",714827199254249472,2018-04-13T08:50:34.000Z,0,0,0,0,"[{'start': 9, 'end': 32, 'url': 'https://t.co/Ea8rwGcpCG', 'expanded_url': 'https://twitter.com/realamberheard/status/984595033037746176', 'display_url': 'twitter.com/realamberheard…'}]",984595033037746176,Twitter for iPhone,en,Stolen moment on set today with the great @kurtiswarienko https://t.co/7POe6GmEUe,264,62,1772,37,"[{'start': 58, 'end': 81, 'url': 'https://t.co/7POe6GmEUe', 'expanded_url': 'https://twitter.com/realamberheard/status/984595033037746176/photo/1', 'display_url': 'pic.twitter.com/7POe6GmEUe'}]","[{'start': 42, 'end': 57, 'username': 'kurtiswarienko', 'id': '910366664'}]",807003567605227520,2018-04-13T00:52:03.000Z,"Los Angeles, CA",https://pbs.twimg.com/profile_images/1383196364792680448/N8CdupEu_normal.jpg,Amber Heard,realamberheard,2016-12-08T23:26:58.000Z,807003567605227520,190364,220,1150,566,https://t.co/Ze18Ek9SOI,"Actor and Activist, semi-professional disruptor, ice cream advocate and shameless teacup yorkie-lover",https://pbs.twimg.com/profile_images/1372905844715757579/ydaQO_Cc_normal.jpg,long live laurel lance,dinahdanvers,2016-03-29T14:50:59.000Z,714827199254249472,213,118,30270,8,,"Umay | she/her - lesbian | birds of prey | rey organa-solo | you are my world | face it, tiger... you just hit the jackpot",alderaan,,
984703463237054464,Twitter Web Client,en,jui wow https://t.co/ui6fvghxNi,"[{'type': 'quoted', 'id': '984595033037746176'}]",3429713517,2018-04-13T08:02:55.000Z,0,0,0,0,"[{'start': 8, 'end': 31, 'url': 'https://t.co/ui6fvghxNi', 'expanded_url': 'https://twitter.com/realamberheard/status/984595033037746176', 'display_url': 'twitter.com/realamberheard…'}]",984595033037746176,Twitter for iPhone,en,Stolen moment on set today with the great @kurtiswarienko https://t.co/7POe6GmEUe,264,62,1772,37,"[{'start': 58, 'end': 81, 'url': 'https://t.co/7POe6GmEUe', 'expanded_url': 'https://twitter.com/realamberheard/status/984595033037746176/photo/1', 'display_url': 'pic.twitter.com/7POe6GmEUe'}]","[{'start': 42, 'end': 57, 'username': 'kurtiswarienko', 'id': '910366664'}]",807003567605227520,2018-04-13T00:52:03.000Z,"Los Angeles, CA",https://pbs.twimg.com/profile_images/1383196364792680448/N8CdupEu_normal.jpg,Amber Heard,realamberheard,2016-12-08T23:26:58.000Z,807003567605227520,190364,220,1150,566,https://t.co/Ze18Ek9SOI,"Actor and Activist, semi-professional disruptor, ice cream advocate and shameless teacup yorkie-lover",https://pbs.twimg.com/profile_images/1504091115691118594/PFI3P_nu_normal.jpg,𝑭𝑨𝑵𝑬𝑴 ; 𝘋𝘈𝘉𝘖𝘕𝘎,baekyumesh,2015-08-18T11:59:28.000Z,3429713517,324,1945,60545,5,,"𝑬𝑿𝑶 𝒐𝒕9 𝒐𝒏𝒍𝒚
𝑰𝑻𝑨𝑫𝑶𝑹𝑰 𝑹𝒀𝑶𝑼𝑴𝑬𝑵",𝙉𝙝𝙖 𝙩𝙧𝙖𝙣𝙜,,
984658583056015361,Twitter for Android,es,Imposible no volverse loco😍 https://t.co/DfPKKDcZVL,"[{'type': 'quoted', 'id': '984595033037746176'}]",143910372,2018-04-13T05:04:34.000Z,0,0,0,0,"[{'start': 28, 'end': 51, 'url': 'https://t.co/DfPKKDcZVL', 'expanded_url': 'https://twitter.com/realamberheard/status/984595033037746176', 'display_url': 'twitter.com/realamberheard…'}]",984595033037746176,Twitter for iPhone,en,Stolen moment on set today with the great @kurtiswarienko https://t.co/7POe6GmEUe,264,62,1772,37,"[{'start': 58, 'end': 81, 'url': 'https://t.co/7POe6GmEUe', 'expanded_url': 'https://twitter.com/realamberheard/status/984595033037746176/photo/1', 'display_url': 'pic.twitter.com/7POe6GmEUe'}]","[{'start': 42, 'end': 57, 'username': 'kurtiswarienko', 'id': '910366664'}]",807003567605227520,2018-04-13T00:52:03.000Z,"Los Angeles, CA",https://pbs.twimg.com/profile_images/1383196364792680448/N8CdupEu_normal.jpg,Amber Heard,realamberheard,2016-12-08T23:26:58.000Z,807003567605227520,190364,220,1150,566,https://t.co/Ze18Ek9SOI,"Actor and Activist, semi-professional disruptor, ice cream advocate and shameless teacup yorkie-lover",https://pbs.twimg.com/profile_images/1503581740077568000/IWw-Mo1F_normal.jpg,fernando,fernandolievanx,2010-05-14T19:25:57.000Z,143910372,781,337,21233,3,https://t.co/UygY8DNdUs,programación y gaming | 1997.,zsh,,
984651969116753920,Twitter for iPhone,und,ART https://t.co/KuSNZwr7G4,"[{'type': 'quoted', 'id': '984595033037746176'}]",284750812,2018-04-13T04:38:18.000Z,0,0,0,0,"[{'start': 4, 'end': 27, 'url': 'https://t.co/KuSNZwr7G4', 'expanded_url': 'https://twitter.com/realamberheard/status/984595033037746176', 'display_url': 'twitter.com/realamberheard…'}]",984595033037746176,Twitter for iPhone,en,Stolen moment on set today with the great @kurtiswarienko https://t.co/7POe6GmEUe,264,62,1772,37,"[{'start': 58, 'end': 81, 'url': 'https://t.co/7POe6GmEUe', 'expanded_url': 'https://twitter.com/realamberheard/status/984595033037746176/photo/1', 'display_url': 'pic.twitter.com/7POe6GmEUe'}]","[{'start': 42, 'end': 57, 'username': 'kurtiswarienko', 'id': '910366664'}]",807003567605227520,2018-04-13T00:52:03.000Z,"Los Angeles, CA",https://pbs.twimg.com/profile_images/1383196364792680448/N8CdupEu_normal.jpg,Amber Heard,realamberheard,2016-12-08T23:26:58.000Z,807003567605227520,190364,220,1150,566,https://t.co/Ze18Ek9SOI,"Actor and Activist, semi-professional disruptor, ice cream advocate and shameless teacup yorkie-lover",https://pbs.twimg.com/profile_images/1440721289757401090/ReGDUL13_normal.jpg,riddle me this❔,uprisingenvoys,2011-04-19T22:18:44.000Z,284750812,705,185,78636,20,https://t.co/dbGUqjtb9R,"there is no escape, we pay for the violence of our ancestors~ dune",🏳️‍🌈✊🏾✍🏾,,
984646360791244800,Twitter for iPhone,pt,orra q linda https://t.co/taujhJ1dZE,"[{'type': 'quoted', 'id': '984595033037746176'}]",173169258,2018-04-13T04:16:00.000Z,0,0,0,0,"[{'start': 13, 'end': 36, 'url': 'https://t.co/taujhJ1dZE', 'expanded_url': 'https://twitter.com/realamberheard/status/984595033037746176', 'display_url': 'twitter.com/realamberheard…'}]",984595033037746176,Twitter for iPhone,en,Stolen moment on set today with the great @kurtiswarienko https://t.co/7POe6GmEUe,264,62,1772,37,"[{'start': 58, 'end': 81, 'url': 'https://t.co/7POe6GmEUe', 'expanded_url': 'https://twitter.com/realamberheard/status/984595033037746176/photo/1', 'display_url': 'pic.twitter.com/7POe6GmEUe'}]","[{'start': 42, 'end': 57, 'username': 'kurtiswarienko', 'id': '910366664'}]",807003567605227520,2018-04-13T00:52:03.000Z,"Los Angeles, CA",https://pbs.twimg.com/profile_images/1383196364792680448/N8CdupEu_normal.jpg,Amber Heard,realamberheard,2016-12-08T23:26:58.000Z,807003567605227520,190364,220,1150,566,https://t.co/Ze18Ek9SOI,"Actor and Activist, semi-professional disruptor, ice cream advocate and shameless teacup yorkie-lover",https://pbs.twimg.com/profile_images/1505753919070298117/X9DwO6rS_normal.jpg,luiza,jookiho,2010-07-31T16:39:09.000Z,173169258,651,136,201624,82,,,,,
984610164815880192,Twitter for Android,en,I'm in love 😍 https://t.co/uBn60tunHF,"[{'type': 'quoted', 'id': '984595033037746176'}]",400412796,2018-04-13T01:52:11.000Z,0,0,0,0,"[{'start': 14, 'end': 37, 'url': 'https://t.co/uBn60tunHF', 'expanded_url': 'https://twitter.com/realamberheard/status/984595033037746176', 'display_url': 'twitter.com/realamberheard…'}]",984595033037746176,Twitter for iPhone,en,Stolen moment on set today with the great @kurtiswarienko https://t.co/7POe6GmEUe,264,62,1772,37,"[{'start': 58, 'end': 81, 'url': 'https://t.co/7POe6GmEUe', 'expanded_url': 'https://twitter.com/realamberheard/status/984595033037746176/photo/1', 'display_url': 'pic.twitter.com/7POe6GmEUe'}]","[{'start': 42, 'end': 57, 'username': 'kurtiswarienko', 'id': '910366664'}]",807003567605227520,2018-04-13T00:52:03.000Z,"Los Angeles, CA",https://pbs.twimg.com/profile_images/1383196364792680448/N8CdupEu_normal.jpg,Amber Heard,realamberheard,2016-12-08T23:26:58.000Z,807003567605227520,190364,220,1150,566,https://t.co/Ze18Ek9SOI,"Actor and Activist, semi-professional disruptor, ice cream advocate and shameless teacup yorkie-lover",https://pbs.twimg.com/profile_images/838798908558016513/1KMunGtT_normal.jpg,Bia 🔬🌈,MissBlanc423,2011-10-29T00:33:27.000Z,400412796,408,1063,64827,6,,"Venezolana viviendo en Narnia/⚢/ Genio, millonaria, Playboy, filántropo... wait!",,,
984602111680823297,Twitter for Android,en,MY LOVE https://t.co/LhNiZNGr3h,"[{'type': 'quoted', 'id': '984595033037746176'}]",3146650072,2018-04-13T01:20:11.000Z,0,0,0,0,"[{'start': 8, 'end': 31, 'url': 'https://t.co/LhNiZNGr3h', 'expanded_url': 'https://twitter.com/realamberheard/status/984595033037746176', 'display_url': 'twitter.com/realamberheard…'}]",984595033037746176,Twitter for iPhone,en,Stolen moment on set today with the great @kurtiswarienko https://t.co/7POe6GmEUe,264,62,1772,37,"[{'start': 58, 'end': 81, 'url': 'https://t.co/7POe6GmEUe', 'expanded_url': 'https://twitter.com/realamberheard/status/984595033037746176/photo/1', 'display_url': 'pic.twitter.com/7POe6GmEUe'}]","[{'start': 42, 'end': 57, 'username': 'kurtiswarienko', 'id': '910366664'}]",807003567605227520,2018-04-13T00:52:03.000Z,"Los Angeles, CA",https://pbs.twimg.com/profile_images/1383196364792680448/N8CdupEu_normal.jpg,Amber Heard,realamberheard,2016-12-08T23:26:58.000Z,807003567605227520,190364,220,1150,566,https://t.co/Ze18Ek9SOI,"Actor and Activist, semi-professional disruptor, ice cream advocate and shameless teacup yorkie-lover",https://pbs.twimg.com/profile_images/1503441316050395136/G7rwHlhC_normal.jpg,"kay, ceo of evc",emilyvaucamp,2015-04-08T05:08:46.000Z,3146650072,7773,955,131592,63,https://t.co/bB4XCwWEnS,“love you kay!!” - emily vancamp // sharon carter and barbara gordon enjoyer @bestofsharons,25┊she/her┊comics,,
984601952473542656,Twitter for Android,und,OMG https://t.co/2AbvHZgwuB,"[{'type': 'quoted', 'id': '984595033037746176'}]",364021443,2018-04-13T01:19:33.000Z,0,0,0,0,"[{'start': 4, 'end': 27, 'url': 'https://t.co/2AbvHZgwuB', 'expanded_url': 'https://twitter.com/realamberheard/status/984595033037746176', 'display_url': 'twitter.com/realamberheard…'}]",984595033037746176,Twitter for iPhone,en,Stolen moment on set today with the great @kurtiswarienko https://t.co/7POe6GmEUe,264,62,1772,37,"[{'start': 58, 'end': 81, 'url': 'https://t.co/7POe6GmEUe', 'expanded_url': 'https://twitter.com/realamberheard/status/984595033037746176/photo/1', 'display_url': 'pic.twitter.com/7POe6GmEUe'}]","[{'start': 42, 'end': 57, 'username': 'kurtiswarienko', 'id': '910366664'}]",807003567605227520,2018-04-13T00:52:03.000Z,"Los Angeles, CA",https://pbs.twimg.com/profile_images/1383196364792680448/N8CdupEu_normal.jpg,Amber Heard,realamberheard,2016-12-08T23:26:58.000Z,807003567605227520,190364,220,1150,566,https://t.co/Ze18Ek9SOI,"Actor and Activist, semi-professional disruptor, ice cream advocate and shameless teacup yorkie-lover",https://pbs.twimg.com/profile_images/1465089164899241985/WTym8EhO_normal.jpg,💬,deusinabsenti,2011-08-29T02:20:52.000Z,364021443,977,74,107527,13,,my mind's like a deadly disease.,sociedade esportiva palmeiras,,
984601790619537408,Twitter Web Client,en,"Amber, how...ok you watched the Termanator-Descent Gap, still being edited. My Lovely Angel, do you like gun slinging? In texas there are no guns, of course. First time I saw Amber was a re-run of TopGear, in a reasonable priced car, with 4 wheels as they should. Amber was it 1? https://t.co/BrqNE38ISY","[{'type': 'quoted', 'id': '984595033037746176'}]",782292983530000384,2018-04-13T01:18:54.000Z,0,0,0,0,"[{'start': 280, 'end': 303, 'url': 'https://t.co/BrqNE38ISY', 'expanded_url': 'https://twitter.com/realamberheard/status/984595033037746176', 'display_url': 'twitter.com/realamberheard…'}]",984595033037746176,Twitter for iPhone,en,Stolen moment on set today with the great @kurtiswarienko https://t.co/7POe6GmEUe,264,62,1772,37,"[{'start': 58, 'end': 81, 'url': 'https://t.co/7POe6GmEUe', 'expanded_url': 'https://twitter.com/realamberheard/status/984595033037746176/photo/1', 'display_url': 'pic.twitter.com/7POe6GmEUe'}]","[{'start': 42, 'end': 57, 'username': 'kurtiswarienko', 'id': '910366664'}]",807003567605227520,2018-04-13T00:52:03.000Z,"Los Angeles, CA",https://pbs.twimg.com/profile_images/1383196364792680448/N8CdupEu_normal.jpg,Amber Heard,realamberheard,2016-12-08T23:26:58.000Z,807003567605227520,190364,220,1150,566,https://t.co/Ze18Ek9SOI,"Actor and Activist, semi-professional disruptor, ice cream advocate and shameless teacup yorkie-lover",https://pbs.twimg.com/profile_images/1122543085966196738/0TGPdI0Q_normal.jpg,José Catarino 隠ネ衛,TheGate_tweet,2016-10-01T18:55:56.000Z,782292983530000384,55,127,24796,3,,The inevitable inevitability 🧛‍♂️,Worldwide,,"[{'start': 0, 'end': 4, 'probability': 0.6616, 'type': 'Person', 'normalized_text': 'Amber'}, {'start': 43, 'end': 53, 'probability': 0.4486, 'type': 'Other', 'normalized_text': 'Descent Gap'}, {'start': 122, 'end': 126, 'probability': 0.8819, 'type': 'Place', 'normalized_text': 'texas'}, {'start': 175, 'end': 179, 'probability': 0.9857, 'type': 'Person', 'normalized_text': 'Amber'}, {'start': 197, 'end': 203, 'probability': 0.312, 'type': 'Organization', 'normalized_text': 'TopGear'}, {'start': 264, 'end': 268, 'probability': 0.9366, 'type': 'Person', 'normalized_text': 'Amber'}]"
984600004957560832,Twitter Web Client,en,Stunning! https://t.co/MHrZ37hpf8,"[{'type': 'quoted', 'id': '984595033037746176'}]",2883400317,2018-04-13T01:11:48.000Z,0,0,1,0,"[{'start': 10, 'end': 33, 'url': 'https://t.co/MHrZ37hpf8', 'expanded_url': 'https://twitter.com/realamberheard/status/984595033037746176', 'display_url': 'twitter.com/realamberheard…'}]",984595033037746176,Twitter for iPhone,en,Stolen moment on set today with the great @kurtiswarienko https://t.co/7POe6GmEUe,264,62,1772,37,"[{'start': 58, 'end': 81, 'url': 'https://t.co/7POe6GmEUe', 'expanded_url': 'https://twitter.com/realamberheard/status/984595033037746176/photo/1', 'display_url': 'pic.twitter.com/7POe6GmEUe'}]","[{'start': 42, 'end': 57, 'username': 'kurtiswarienko', 'id': '910366664'}]",807003567605227520,2018-04-13T00:52:03.000Z,"Los Angeles, CA",https://pbs.twimg.com/profile_images/1383196364792680448/N8CdupEu_normal.jpg,Amber Heard,realamberheard,2016-12-08T23:26:58.000Z,807003567605227520,190364,220,1150,566,https://t.co/Ze18Ek9SOI,"Actor and Activist, semi-professional disruptor, ice cream advocate and shameless teacup yorkie-lover",https://pbs.twimg.com/profile_images/1293616873561522177/2JDnXzU5_normal.png,Morons' Apocalypse of Everything 🇺🇦,DemonsToxin,2014-11-19T01:06:26.000Z,2883400317,1463,3328,63441,40,https://t.co/T9wZKItkli,"#Vaccinated 
#StandForUkraine
#SunflowerSeedsForPutin

Just some anti-Trump / anti-QAnon hating asshole who occasionally talks about seinen manga/anime.",The Prequel to Idiocracy.,,
984597543433723904,Twitter Web Client,en,God is definitely a woman https://t.co/sMKLzJDvxk,"[{'type': 'quoted', 'id': '984595033037746176'}]",875884874535718912,2018-04-13T01:02:01.000Z,0,0,0,0,"[{'start': 26, 'end': 49, 'url': 'https://t.co/sMKLzJDvxk', 'expanded_url': 'https://twitter.com/realamberheard/status/984595033037746176', 'display_url': 'twitter.com/realamberheard…'}]",984595033037746176,Twitter for iPhone,en,Stolen moment on set today with the great @kurtiswarienko https://t.co/7POe6GmEUe,264,62,1772,37,"[{'start': 58, 'end': 81, 'url': 'https://t.co/7POe6GmEUe', 'expanded_url': 'https://twitter.com/realamberheard/status/984595033037746176/photo/1', 'display_url': 'pic.twitter.com/7POe6GmEUe'}]","[{'start': 42, 'end': 57, 'username': 'kurtiswarienko', 'id': '910366664'}]",807003567605227520,2018-04-13T00:52:03.000Z,"Los Angeles, CA",https://pbs.twimg.com/profile_images/1383196364792680448/N8CdupEu_normal.jpg,Amber Heard,realamberheard,2016-12-08T23:26:58.000Z,807003567605227520,190364,220,1150,566,https://t.co/Ze18Ek9SOI,"Actor and Activist, semi-professional disruptor, ice cream advocate and shameless teacup yorkie-lover",https://pbs.twimg.com/profile_images/1386355649324457987/OaHmgKFY_normal.jpg,lucille sharpe,evanrachxlswood,2017-06-17T01:16:42.000Z,875884874535718912,425,400,9999,3,,what would evan rachel wood do?,ela/dela,,"[{'start': 0, 'end': 2, 'probability': 0.956, 'type': 'Other', 'normalized_text': 'God'}]"
984596595017703429,Twitter for Android,en,THE MOST BEAUTIFUL WOMAN https://t.co/FMQZ97QUcC,"[{'type': 'quoted', 'id': '984595033037746176'}]",182911325,2018-04-13T00:58:15.000Z,0,0,1,0,"[{'start': 25, 'end': 48, 'url': 'https://t.co/FMQZ97QUcC', 'expanded_url': 'https://twitter.com/realamberheard/status/984595033037746176', 'display_url': 'twitter.com/realamberheard…'}]",984595033037746176,Twitter for iPhone,en,Stolen moment on set today with the great @kurtiswarienko https://t.co/7POe6GmEUe,264,62,1772,37,"[{'start': 58, 'end': 81, 'url': 'https://t.co/7POe6GmEUe', 'expanded_url': 'https://twitter.com/realamberheard/status/984595033037746176/photo/1', 'display_url': 'pic.twitter.com/7POe6GmEUe'}]","[{'start': 42, 'end': 57, 'username': 'kurtiswarienko', 'id': '910366664'}]",807003567605227520,2018-04-13T00:52:03.000Z,"Los Angeles, CA",https://pbs.twimg.com/profile_images/1383196364792680448/N8CdupEu_normal.jpg,Amber Heard,realamberheard,2016-12-08T23:26:58.000Z,807003567605227520,190364,220,1150,566,https://t.co/Ze18Ek9SOI,"Actor and Activist, semi-professional disruptor, ice cream advocate and shameless teacup yorkie-lover",https://pbs.twimg.com/profile_images/1505270015603490822/RZrU01kS_normal.jpg,🌷elena,trivialoveline,2010-08-25T18:07:07.000Z,182911325,1253,358,91811,37,https://t.co/tjg0PbxwT3,"prod. JIMIN, written by MOMO",bts･twice･genshin,,
984595871777124352,Twitter for iPhone,en,🖤 THE NEXT SUPREME 🖤 https://t.co/utohjxZOfC,"[{'type': 'quoted', 'id': '984595033037746176'}]",3883202861,2018-04-13T00:55:23.000Z,0,0,0,0,"[{'start': 21, 'end': 44, 'url': 'https://t.co/utohjxZOfC', 'expanded_url': 'https://twitter.com/realamberheard/status/984595033037746176', 'display_url': 'twitter.com/realamberheard…'}]",984595033037746176,Twitter for iPhone,en,Stolen moment on set today with the great @kurtiswarienko https://t.co/7POe6GmEUe,264,62,1772,37,"[{'start': 58, 'end': 81, 'url': 'https://t.co/7POe6GmEUe', 'expanded_url': 'https://twitter.com/realamberheard/status/984595033037746176/photo/1', 'display_url': 'pic.twitter.com/7POe6GmEUe'}]","[{'start': 42, 'end': 57, 'username': 'kurtiswarienko', 'id': '910366664'}]",807003567605227520,2018-04-13T00:52:03.000Z,"Los Angeles, CA",https://pbs.twimg.com/profile_images/1383196364792680448/N8CdupEu_normal.jpg,Amber Heard,realamberheard,2016-12-08T23:26:58.000Z,807003567605227520,190364,220,1150,566,https://t.co/Ze18Ek9SOI,"Actor and Activist, semi-professional disruptor, ice cream advocate and shameless teacup yorkie-lover",https://pbs.twimg.com/profile_images/1472396816100597768/fGX4U3TN_normal.jpg,friend supporter 🫂,dannys_devitos,2015-10-06T19:21:05.000Z,3883202861,271,358,77871,13,,debate ur mother. capesh*t was a mistake!! (he/him),,,
984595498882478080,Twitter for Android,und,AAAAAAAAH https://t.co/lsk8r4Jk1O,"[{'type': 'quoted', 'id': '984595033037746176'}]",2431923445,2018-04-13T00:53:54.000Z,0,0,1,0,"[{'start': 10, 'end': 33, 'url': 'https://t.co/lsk8r4Jk1O', 'expanded_url': 'https://twitter.com/realamberheard/status/984595033037746176', 'display_url': 'twitter.com/realamberheard…'}]",984595033037746176,Twitter for iPhone,en,Stolen moment on set today with the great @kurtiswarienko https://t.co/7POe6GmEUe,264,62,1772,37,"[{'start': 58, 'end': 81, 'url': 'https://t.co/7POe6GmEUe', 'expanded_url': 'https://twitter.com/realamberheard/status/984595033037746176/photo/1', 'display_url': 'pic.twitter.com/7POe6GmEUe'}]","[{'start': 42, 'end': 57, 'username': 'kurtiswarienko', 'id': '910366664'}]",807003567605227520,2018-04-13T00:52:03.000Z,"Los Angeles, CA",https://pbs.twimg.com/profile_images/1383196364792680448/N8CdupEu_normal.jpg,Amber Heard,realamberheard,2016-12-08T23:26:58.000Z,807003567605227520,190364,220,1150,566,https://t.co/Ze18Ek9SOI,"Actor and Activist, semi-professional disruptor, ice cream advocate and shameless teacup yorkie-lover",https://pbs.twimg.com/profile_images/1204164296340574211/bAbb1Br8_normal.jpg,‍ ‍‍‍ ‍‍ ‍‍‍ ‍ ‍𝐌𝐄𝐑𝐀.,notaquawxman,2014-04-07T11:43:53.000Z,2431923445,928,354,41445,3,https://t.co/fqiALGxeOE,❰ ＭＥＲＡ ＯＦ ＸＥＢＥＬ❱ ➢ ғᴏʀᴍᴇʀ ᴘʀɪɴᴄᴇss ⤿ ϙᴜᴇᴇɴ ᴏғ ᴀᴛʟᴀɴᴛɪs ❫ ᴅᴇғɪɴɪᴛᴇʟʏ ɴᴏᴛ ᴀϙᴜᴀᴡᴏᴍᴀɴ ᴏʀ ᴀ ᴍᴇʀᴍᴀɪᴅ ⋮ ❛ You don't know me at all. None of you do. ❜ㅤ━━ㅤɪ sᴀɪᴅ ᴅᴏɴ'ᴛ﹗,#ᴡᴏɴᴅᴇʀᴍᴇʀᴀ ; #ᴘᴏᴊᴋᴇɴ,,
984595175178686470,Twitter for iPhone,en,oh WOW https://t.co/9SMX8nUpWD,"[{'type': 'quoted', 'id': '984595033037746176'}]",751778616443187200,2018-04-13T00:52:37.000Z,0,0,0,0,"[{'start': 7, 'end': 30, 'url': 'https://t.co/9SMX8nUpWD', 'expanded_url': 'https://twitter.com/realamberheard/status/984595033037746176', 'display_url': 'twitter.com/realamberheard…'}]",984595033037746176,Twitter for iPhone,en,Stolen moment on set today with the great @kurtiswarienko https://t.co/7POe6GmEUe,264,62,1772,37,"[{'start': 58, 'end': 81, 'url': 'https://t.co/7POe6GmEUe', 'expanded_url': 'https://twitter.com/realamberheard/status/984595033037746176/photo/1', 'display_url': 'pic.twitter.com/7POe6GmEUe'}]","[{'start': 42, 'end': 57, 'username': 'kurtiswarienko', 'id': '910366664'}]",807003567605227520,2018-04-13T00:52:03.000Z,"Los Angeles, CA",https://pbs.twimg.com/profile_images/1383196364792680448/N8CdupEu_normal.jpg,Amber Heard,realamberheard,2016-12-08T23:26:58.000Z,807003567605227520,190364,220,1150,566,https://t.co/Ze18Ek9SOI,"Actor and Activist, semi-professional disruptor, ice cream advocate and shameless teacup yorkie-lover",https://pbs.twimg.com/profile_images/1505572951667757060/9NzL1obf_normal.jpg,jj,ciriapologist,2016-07-09T14:02:44.000Z,751778616443187200,722,318,25620,17,https://t.co/z2V2bhrCA4,i must defend women on the internet,she/her • 22 • lesbian ,,
